Time_Seconds,Temperature,Humidity,Setpoint_Temperature,Setpoint_Humidity,Ctrl,Error_Code,T_PWM,RH_PWM,T_PID_p,T_PID_i,T_PID_d,T_PID_out,RH_PID_p,RH_PID_i,RH_PID_d,RH_PID_out
0.00,36.02,31.78,36.00,20.00,AUTO,5,0,0,0.00,0.00,0.00,0.00,0.00,0.00,0.00,0.00
1.00,36.02,31.78,36.00,20.00,AUTO,8,0,0,0.00,0.00,0.00,0.00,0.00,0.00,0.00,0.00
2.00,35.99,31.78,36.00,20.00,AUTO,8,0,0,0.00,0.00,0.00,0.00,0.00,0.00,0.00,0.00
3.00,35.96,31.78,36.00,20.00,AUTO,8,0,0,0.00,0.00,0.00,0.00,0.00,0.00,0.00,0.00
4.01,35.93,31.66,36.00,20.00,AUTO,8,0,0,0.00,0.00,0.00,0.00,0.00,0.00,0.00,0.00
5.01,35.94,31.45,36.00,20.00,MAN,8,0,0,0.00,0.00,0.00,0.00,0.00,0.00,0.00,0.00
6.01,35.92,31.33,36.00,20.00,MAN,8,0,0,0.00,0.00,0.00,0.00,0.00,0.00,0.00,0.00
7.01,35.87,31.17,36.00,20.00,MAN,8,0,0,0.00,0.00,0.00,0.00,0.00,0.00,0.00,0.00
8.01,35.85,31.13,36.00,20.00,MAN,8,0,0,0.00,0.00,0.00,0.00,0.00,0.00,0.00,0.00
9.01,35.83,31.07,36.00,20.00,MAN,8,0,0,0.00,0.00,0.00,0.00,0.00,0.00,0.00,0.00
10.01,35.81,31.07,36.00,20.00,MAN,8,0,0,0.00,0.00,0.00,0.00,0.00,0.00,0.00,0.00
11.01,35.68,30.98,36.00,20.00,MAN,8,0,0,0.00,0.00,0.00,0.00,0.00,0.00,0.00,0.00
12.02,35.33,30.50,36.00,20.00,MAN,8,0,0,0.00,0.00,0.00,0.00,0.00,0.00,0.00,0.00
13.02,35.03,30.24,36.00,20.00,MAN,8,0,0,0.00,0.00,0.00,0.00,0.00,0.00,0.00,0.00
14.02,34.82,30.17,36.00,20.00,MAN,8,0,0,0.00,0.00,0.00,0.00,0.00,0.00,0.00,0.00
15.02,34.57,30.23,36.00,20.00,MAN,8,0,0,0.00,0.00,0.00,0.00,0.00,0.00,0.00,0.00
16.02,34.33,30.32,36.00,20.00,MAN,8,0,0,0.00,0.00,0.00,0.00,0.00,0.00,0.00,0.00
17.02,34.10,30.54,36.00,20.00,MAN,8,0,0,0.00,0.00,0.00,0.00,0.00,0.00,0.00,0.00
18.03,33.90,30.77,36.00,20.00,MAN,8,0,0,0.00,0.00,0.00,0.00,0.00,0.00,0.00,0.00
19.03,33.72,30.96,36.00,20.00,MAN,8,0,0,0.00,0.00,0.00,0.00,0.00,0.00,0.00,0.00
20.03,33.52,31.22,36.00,20.00,MAN,9,0,0,0.00,0.00,0.00,0.00,0.00,0.00,0.00,0.00
21.03,33.33,31.45,36.00,20.00,MAN,9,0,0,0.00,0.00,0.00,0.00,0.00,0.00,0.00,0.00
22.03,33.18,31.71,36.00,20.00,MAN,9,0,0,0.00,0.00,0.00,0.00,0.00,0.00,0.00,0.00
23.04,33.11,31.93,36.00,20.00,MAN,9,0,0,0.00,0.00,0.00,0.00,0.00,0.00,0.00,0.00
24.04,33.07,32.13,36.00,20.00,MAN,9,0,0,0.00,0.00,0.00,0.00,0.00,0.00,0.00,0.00
25.04,33.00,32.25,36.00,20.00,MAN,9,0,0,0.00,0.00,0.00,0.00,0.00,0.00,0.00,0.00
26.04,32.94,32.40,36.00,20.00,MAN,9,0,0,0.00,0.00,0.00,0.00,0.00,0.00,0.00,0.00
27.04,32.88,32.52,36.00,20.00,MAN,9,0,0,0.00,0.00,0.00,0.00,0.00,0.00,0.00,0.00
28.04,32.83,32.64,36.00,20.00,MAN,9,0,0,0.00,0.00,0.00,0.00,0.00,0.00,0.00,0.00
29.04,32.78,32.72,36.00,20.00,MAN,9,0,0,0.00,0.00,0.00,0.00,0.00,0.00,0.00,0.00
30.04,32.73,32.83,36.00,20.00,MAN,9,0,0,0.00,0.00,0.00,0.00,0.00,0.00,0.00,0.00
31.10,32.70,32.90,36.00,20.00,MAN,9,0,0,0.00,0.00,0.00,0.00,0.00,0.00,0.00,0.00
32.05,32.68,32.94,36.00,20.00,MAN,9,0,0,0.00,0.00,0.00,0.00,0.00,0.00,0.00,0.00
33.05,32.67,33.02,36.00,20.00,MAN,9,0,0,0.00,0.00,0.00,0.00,0.00,0.00,0.00,0.00
34.05,32.63,33.06,36.00,20.00,AUTO,9,0,0,0.00,0.00,0.00,0.00,0.00,0.00,0.00,0.00
35.05,32.59,33.10,36.00,20.00,AUTO,9,0,0,0.00,0.00,0.00,0.00,0.00,0.00,0.00,0.00
36.06,32.57,33.17,36.00,30.00,AUTO,1,0,0,0.00,0.00,0.00,0.00,0.00,0.00,0.00,0.00
37.06,32.54,33.21,36.00,30.00,AUTO,1,0,0,0.00,0.00,0.00,0.00,0.00,0.00,0.00,0.00
38.06,32.52,33.28,36.00,30.00,AUTO,1,0,0,0.00,0.00,0.00,0.00,0.00,0.00,0.00,0.00
39.06,32.49,33.33,36.00,30.00,AUTO,1,0,0,0.00,0.00,0.00,0.00,0.00,0.00,0.00,0.00
40.06,32.46,33.37,36.00,30.00,AUTO,1,0,0,0.00,0.00,0.00,0.00,0.00,0.00,0.00,0.00
41.06,32.45,33.41,36.00,30.00,AUTO,1,0,0,0.00,0.00,0.00,0.00,0.00,0.00,0.00,0.00
42.07,32.40,33.43,36.00,30.00,AUTO,1,100,0,173.44,0.00,-25.83,199.27,0.00,0.00,0.00,0.00
43.07,32.38,33.47,36.00,30.00,AUTO,1,100,0,173.44,0.00,-25.83,199.27,0.00,0.00,0.00,0.00
44.07,32.38,33.51,36.10,30.00,AUTO,1,100,0,173.44,0.00,-25.83,199.27,0.00,0.00,0.00,0.00
45.07,32.35,33.55,36.10,30.00,AUTO,1,100,0,173.44,0.00,-25.83,199.27,0.00,0.00,0.00,0.00
46.07,32.33,33.59,36.00,30.00,AUTO,1,100,0,173.44,0.00,-25.83,199.27,0.00,0.00,0.00,0.00
47.07,32.31,33.63,36.00,30.00,AUTO,1,100,0,173.44,0.00,-25.83,199.27,0.00,0.00,0.00,0.00
48.07,32.30,33.67,36.00,30.00,AUTO,1,100,0,173.44,0.00,-25.83,199.27,0.00,0.00,0.00,0.00
49.08,32.29,33.71,36.00,30.00,AUTO,1,100,0,173.44,0.00,-25.83,199.27,0.00,0.00,0.00,0.00
50.08,32.28,33.71,36.00,30.00,AUTO,1,100,0,184.13,0.00,-16.67,200.79,0.00,0.00,0.00,0.00
51.08,32.27,33.75,36.00,30.00,AUTO,1,100,0,184.13,0.00,-16.67,200.79,0.00,0.00,0.00,0.00
52.08,32.27,33.79,36.00,30.00,AUTO,1,100,0,184.13,0.00,-16.67,200.79,0.00,0.00,0.00,0.00
53.08,32.27,33.79,36.00,30.00,AUTO,1,100,0,184.13,0.00,-16.67,200.79,0.00,0.00,0.00,0.00
54.08,32.27,33.83,36.00,30.00,AUTO,1,100,0,184.13,0.00,-16.67,200.79,0.00,0.00,0.00,0.00
55.09,32.27,33.83,36.00,30.00,AUTO,1,100,0,184.13,0.00,-16.67,200.79,0.00,0.00,0.00,0.00
56.08,32.28,33.83,36.00,30.00,AUTO,1,100,0,184.13,0.00,-16.67,200.79,0.00,0.00,0.00,0.00
57.09,32.28,33.87,36.00,30.00,AUTO,1,100,0,184.13,0.00,-16.67,200.79,0.00,0.00,0.00,0.00
58.09,32.28,33.87,36.00,30.00,AUTO,1,100,0,186.31,0.00,0.59,185.72,0.00,0.00,0.00,0.00
59.09,32.29,33.87,36.00,30.00,AUTO,1,100,0,186.31,0.00,0.59,185.72,0.00,0.00,0.00,0.00
60.09,32.30,33.87,36.00,30.00,AUTO,1,100,0,186.31,0.00,0.59,185.72,0.00,0.00,0.00,0.00
61.09,32.31,33.87,36.00,30.00,AUTO,1,100,0,186.31,0.00,0.59,185.72,0.00,0.00,0.00,0.00
62.10,32.31,33.87,36.00,30.00,AUTO,1,100,0,186.31,0.00,0.59,185.72,0.00,0.00,0.00,0.00
63.10,32.33,33.87,36.00,30.00,AUTO,1,100,0,186.31,0.00,0.59,185.72,0.00,0.00,0.00,0.00
64.10,32.34,33.83,36.00,30.00,AUTO,1,100,0,186.31,0.00,0.59,185.72,0.00,0.00,0.00,0.00
65.10,32.37,33.83,36.00,30.00,AUTO,1,100,0,186.31,0.00,0.59,185.72,0.00,0.00,0.00,0.00
66.10,32.38,33.83,36.00,30.00,AUTO,1,100,0,184.19,0.00,11.55,172.64,0.00,0.00,0.00,0.00
67.10,32.40,33.79,36.00,30.00,AUTO,1,100,0,184.19,0.00,11.55,172.64,0.00,0.00,0.00,0.00
68.11,32.42,33.79,36.00,30.00,AUTO,1,100,0,184.19,0.00,11.55,172.64,0.00,0.00,0.00,0.00
69.11,32.44,33.77,36.00,30.00,AUTO,1,100,0,184.19,0.00,11.55,172.64,0.00,0.00,0.00,0.00
70.11,32.47,33.73,36.00,30.00,AUTO,1,100,0,184.19,0.00,11.55,172.64,0.00,0.00,0.00,0.00
71.11,32.49,33.73,36.00,30.00,AUTO,1,100,0,184.19,0.00,11.55,172.64,0.00,0.00,0.00,0.00
72.11,32.53,33.69,36.00,30.00,AUTO,1,100,0,184.19,0.00,11.55,172.64,0.00,0.00,0.00,0.00
73.12,32.57,33.65,36.00,30.00,AUTO,1,100,0,184.19,0.00,11.55,172.64,0.00,0.00,0.00,0.00
74.11,32.59,33.65,36.00,30.00,AUTO,1,100,0,176.88,0.00,26.43,150.45,0.00,0.00,0.00,0.00
75.12,32.63,33.59,36.00,30.00,AUTO,1,100,0,176.88,0.00,26.43,150.45,0.00,0.00,0.00,0.00
76.12,32.68,33.54,36.00,30.00,AUTO,1,100,0,176.88,0.00,26.43,150.45,0.00,0.00,0.00,0.00
77.12,32.71,33.51,36.00,30.00,AUTO,1,100,0,176.88,0.00,26.43,150.45,0.00,0.00,0.00,0.00
78.12,32.73,33.47,36.00,30.00,AUTO,1,100,0,176.88,0.00,26.43,150.45,0.00,0.00,0.00,0.00
79.12,32.77,33.43,36.00,30.00,AUTO,1,100,0,176.88,0.00,26.43,150.45,0.00,0.00,0.00,0.00
80.12,32.81,33.41,36.00,30.00,AUTO,1,100,0,176.88,0.00,26.43,150.45,0.00,0.00,0.00,0.00
81.13,32.85,33.36,36.00,30.00,AUTO,1,100,0,176.88,0.00,26.43,150.45,0.00,0.00,0.00,0.00
82.13,32.89,33.28,36.00,30.00,AUTO,1,100,0,163.94,0.00,35.83,128.10,0.00,0.00,0.00,0.00
83.13,32.92,33.25,36.00,30.00,AUTO,1,100,0,163.94,0.00,35.83,128.10,0.00,0.00,0.00,0.00
84.13,32.97,33.22,36.00,30.00,AUTO,1,100,0,163.94,0.00,35.83,128.10,0.00,0.00,0.00,0.00
85.13,33.01,33.14,36.00,30.00,AUTO,1,100,0,163.94,0.00,35.83,128.10,0.00,0.00,0.00,0.00
86.14,33.05,33.10,36.00,30.00,AUTO,1,100,0,163.94,0.00,35.83,128.10,0.00,0.00,0.00,0.00
87.14,33.08,33.06,36.00,30.00,AUTO,1,100,0,163.94,0.00,35.83,128.10,0.00,0.00,0.00,0.00
88.14,33.13,33.04,36.00,30.00,AUTO,1,100,0,163.94,0.00,35.83,128.10,0.00,0.00,0.00,0.00
89.14,33.17,32.96,36.00,30.00,AUTO,1,100,0,163.94,0.00,35.83,128.10,0.00,0.00,0.00,0.00
90.14,33.19,32.92,36.00,30.00,AUTO,1,100,0,148.63,0.00,40.24,108.39,0.00,0.00,0.00,0.00
91.14,33.23,32.88,36.00,30.00,AUTO,1,100,0,148.63,0.00,40.24,108.39,0.00,0.00,0.00,0.00
92.14,33.29,32.86,36.00,30.00,AUTO,1,100,0,148.63,0.00,40.24,108.39,0.00,0.00,0.00,0.00
93.14,33.30,32.81,36.00,30.00,AUTO,1,100,0,148.63,0.00,40.24,108.39,0.00,0.00,0.00,0.00
94.15,33.33,32.73,36.00,30.00,AUTO,1,100,0,148.63,0.00,40.24,108.39,0.00,0.00,0.00,0.00
95.15,33.38,32.69,36.00,30.00,AUTO,1,100,0,148.63,0.00,40.24,108.39,0.00,0.00,0.00,0.00
96.15,33.42,32.65,36.00,30.00,AUTO,1,100,0,148.63,0.00,40.24,108.39,0.00,0.00,0.00,0.00
97.15,33.45,32.61,36.00,30.00,AUTO,1,100,0,148.63,0.00,40.24,108.39,0.00,0.00,0.00,0.00
98.15,33.49,32.59,36.00,30.00,AUTO,1,100,0,133.81,0.00,36.55,97.27,0.00,0.00,0.00,0.00
99.15,33.53,32.51,36.00,30.00,AUTO,1,100,0,133.81,0.00,36.55,97.27,0.00,0.00,0.00,0.00
100.16,33.58,32.47,36.00,30.00,AUTO,1,100,0,133.81,0.00,36.55,97.27,0.00,0.00,0.00,0.00
101.16,33.61,32.43,36.00,30.00,AUTO,1,100,0,133.81,0.00,36.55,97.27,0.00,0.00,0.00,0.00
102.16,33.64,32.32,36.00,30.00,AUTO,1,100,0,133.81,0.00,36.55,97.27,0.00,0.00,0.00,0.00
103.16,33.68,32.28,36.00,30.00,AUTO,1,100,0,133.81,0.00,36.55,97.27,0.00,0.00,0.00,0.00
104.17,33.73,32.25,36.00,30.00,AUTO,1,100,0,133.81,0.00,36.55,97.27,0.00,0.00,0.00,0.00
105.17,33.76,32.16,36.00,30.00,AUTO,1,100,0,133.81,0.00,36.55,97.27,0.00,0.00,0.00,0.00
106.17,33.79,32.14,36.00,30.00,AUTO,1,89,0,118.62,9.49,38.33,89.78,0.00,0.00,0.00,0.00
107.17,33.83,32.10,36.00,30.00,AUTO,1,89,0,118.62,9.49,38.33,89.78,0.00,0.00,0.00,0.00
108.17,33.87,32.06,36.00,30.00,AUTO,1,89,0,118.62,9.49,38.33,89.78,0.00,0.00,0.00,0.00
109.17,33.90,32.02,36.00,30.00,AUTO,1,89,0,118.62,9.49,38.33,89.78,0.00,0.00,0.00,0.00
110.17,33.94,31.98,36.00,30.00,AUTO,1,89,0,118.62,9.49,38.33,89.78,0.00,0.00,0.00,0.00
111.17,33.99,31.92,36.00,30.00,AUTO,1,89,0,118.62,9.49,38.33,89.78,0.00,0.00,0.00,0.00
112.17,34.03,31.92,36.00,30.00,AUTO,1,89,0,118.62,9.49,38.33,89.78,0.00,0.00,0.00,0.00
113.18,34.08,31.83,36.00,30.00,AUTO,1,89,0,118.62,9.49,38.33,89.78,0.00,0.00,0.00,0.00
114.18,34.10,31.80,36.00,30.00,AUTO,1,80,0,103.56,17.77,40.83,80.50,0.00,0.00,0.00,0.00
115.18,34.14,31.76,36.00,30.00,AUTO,1,80,0,103.56,17.77,40.83,80.50,0.00,0.00,0.00,0.00
116.18,34.19,31.73,36.00,30.00,AUTO,1,80,0,103.56,17.77,40.83,80.50,0.00,0.00,0.00,0.00
117.18,34.21,31.69,36.00,30.00,AUTO,1,80,0,103.56,17.77,40.83,80.50,0.00,0.00,0.00,0.00
118.18,34.25,31.65,36.00,30.00,AUTO,0,80,0,103.56,17.77,40.83,80.50,0.00,0.00,0.00,0.00
119.19,34.29,31.57,36.00,30.00,AUTO,0,80,0,103.56,17.77,40.83,80.50,0.00,0.00,0.00,0.00
120.19,34.35,31.54,36.00,30.00,AUTO,0,80,0,103.56,17.77,40.83,80.50,0.00,0.00,0.00,0.00
121.19,34.37,31.54,36.00,30.00,AUTO,0,80,0,103.56,17.77,40.83,80.50,0.00,0.00,0.00,0.00
122.19,34.39,31.51,36.00,30.00,AUTO,0,73,0,88.12,24.82,39.05,73.90,0.00,0.00,0.00,0.00
123.19,34.40,31.43,36.00,30.00,AUTO,0,73,0,88.12,24.82,39.05,73.90,0.00,0.00,0.00,0.00
124.19,34.45,31.38,36.00,30.00,AUTO,0,73,0,88.12,24.82,39.05,73.90,0.00,0.00,0.00,0.00
125.19,34.48,31.35,36.00,30.00,AUTO,0,73,0,88.12,24.82,39.05,73.90,0.00,0.00,0.00,0.00
126.20,34.51,31.32,36.00,30.00,AUTO,0,73,0,88.12,24.82,39.05,73.90,0.00,0.00,0.00,0.00
127.20,34.55,31.28,36.00,30.00,AUTO,0,73,0,88.12,24.82,39.05,73.90,0.00,0.00,0.00,0.00
128.20,34.60,31.24,36.00,30.00,AUTO,0,73,0,88.12,24.82,39.05,73.90,0.00,0.00,0.00,0.00
129.20,34.63,31.20,36.00,30.00,AUTO,0,73,0,88.12,24.82,39.05,73.90,0.00,0.00,0.00,0.00
130.20,34.65,31.16,36.00,30.00,AUTO,0,69,0,74.94,30.82,35.83,69.92,0.00,0.00,0.00,0.00
131.21,34.67,31.14,36.00,30.00,AUTO,0,69,0,74.94,30.82,35.83,69.92,0.00,0.00,0.00,0.00
132.21,34.71,31.09,36.00,30.00,AUTO,0,69,0,74.94,30.82,35.83,69.92,0.00,0.00,0.00,0.00
133.21,34.75,31.06,36.00,30.00,AUTO,0,69,0,74.94,30.82,35.83,69.92,0.00,0.00,0.00,0.00
134.21,34.78,31.02,36.00,30.00,AUTO,0,69,0,74.94,30.82,35.83,69.92,0.00,0.00,0.00,0.00
135.21,34.83,30.97,36.00,30.00,AUTO,0,69,0,74.94,30.82,35.83,69.92,0.00,0.00,0.00,0.00
136.21,34.86,30.95,36.00,30.00,AUTO,0,69,0,74.94,30.82,35.83,69.92,0.00,0.00,0.00,0.00
137.21,34.91,30.91,36.00,30.00,AUTO,0,69,0,74.94,30.82,35.83,69.92,0.00,0.00,0.00,0.00
138.22,34.91,30.87,36.00,30.00,AUTO,0,59,0,61.50,35.74,37.62,59.62,0.00,0.00,0.00,0.00
139.22,34.93,30.83,36.00,30.00,AUTO,0,59,0,61.50,35.74,37.62,59.62,0.00,0.00,0.00,0.00
140.22,34.95,30.79,36.00,30.00,AUTO,0,59,0,61.50,35.74,37.62,59.62,0.00,0.00,0.00,0.00
141.22,34.98,30.79,36.00,30.00,AUTO,0,59,0,61.50,35.74,37.62,59.62,0.00,0.00,0.00,0.00
142.22,35.00,30.77,36.00,30.00,AUTO,0,59,0,61.50,35.74,37.62,59.62,0.00,0.00,0.00,0.00
143.23,35.04,30.73,36.00,30.00,AUTO,0,59,0,61.50,35.74,37.62,59.62,0.00,0.00,0.00,0.00
144.22,35.06,30.73,36.00,30.00,AUTO,0,59,0,61.50,35.74,37.62,59.62,0.00,0.00,0.00,0.00
145.23,35.08,30.68,36.00,30.00,AUTO,0,59,0,61.50,35.74,37.62,59.62,0.00,0.00,0.00,0.00
146.23,35.08,30.68,36.00,30.00,AUTO,0,64,0,50.31,39.77,25.36,64.72,0.00,0.00,0.00,0.00
147.23,35.10,30.64,36.00,30.00,AUTO,0,64,0,50.31,39.77,25.36,64.72,0.00,0.00,0.00,0.00
148.23,35.12,30.57,36.00,30.00,AUTO,0,64,0,50.31,39.77,25.36,64.72,0.00,0.00,0.00,0.00
149.24,35.14,30.57,36.00,30.00,AUTO,0,64,0,50.31,39.77,25.36,64.72,0.00,0.00,0.00,0.00
150.24,35.18,30.54,36.00,30.00,AUTO,0,64,0,50.31,39.77,25.36,64.72,0.00,0.00,0.00,0.00
151.24,35.23,30.50,36.00,30.00,AUTO,0,64,0,50.31,39.77,25.36,64.72,0.00,0.00,0.00,0.00
152.24,35.24,30.50,36.00,30.00,AUTO,0,64,0,50.31,39.77,25.36,64.72,0.00,0.00,0.00,0.00
153.24,35.25,30.46,36.00,30.00,AUTO,0,64,0,50.31,39.77,25.36,64.72,0.00,0.00,0.00,0.00
154.24,35.26,30.46,36.00,30.00,AUTO,0,57,0,41.63,43.10,26.90,57.82,0.00,0.00,0.00,0.00
155.24,35.27,30.42,36.00,30.00,AUTO,0,57,0,41.63,43.10,26.90,57.82,0.00,0.00,0.00,0.00
156.25,35.29,30.38,36.00,30.00,AUTO,0,57,0,41.63,43.10,26.90,57.82,0.00,0.00,0.00,0.00
157.24,35.31,30.38,36.00,30.00,AUTO,0,57,0,41.63,43.10,26.90,57.82,0.00,0.00,0.00,0.00
158.25,35.35,30.39,36.00,30.00,AUTO,0,57,0,41.63,43.10,26.90,57.82,0.00,0.00,0.00,0.00
159.25,35.38,30.35,36.00,30.00,AUTO,0,57,0,41.63,43.10,26.90,57.82,0.00,0.00,0.00,0.00
160.25,35.40,30.32,36.00,30.00,AUTO,0,57,0,41.63,43.10,26.90,57.82,0.00,0.00,0.00,0.00
161.25,35.42,30.32,36.00,30.00,AUTO,0,57,0,41.63,43.10,26.90,57.82,0.00,0.00,0.00,0.00
162.25,35.42,30.27,36.00,30.00,AUTO,0,54,0,33.25,45.76,24.76,54.24,0.00,0.00,0.00,0.00
163.27,35.42,30.27,36.00,30.00,AUTO,0,54,0,33.25,45.76,24.76,54.24,0.00,0.00,0.00,0.00
164.26,35.45,30.23,36.00,30.00,AUTO,0,54,0,33.25,45.76,24.76,54.24,0.00,0.00,0.00,0.00
165.26,35.49,30.23,36.00,30.00,AUTO,0,54,0,33.25,45.76,24.76,54.24,0.00,0.00,0.00,0.00
166.26,35.52,30.21,36.00,30.00,AUTO,0,54,0,33.25,45.76,24.76,54.24,0.00,0.00,0.00,0.00
167.27,35.53,30.21,36.00,30.00,AUTO,0,54,0,33.25,45.76,24.76,54.24,0.00,0.00,0.00,0.00
168.26,35.54,30.17,36.00,30.00,AUTO,0,54,0,33.25,45.76,24.76,54.24,0.00,0.00,0.00,0.00
169.27,35.55,30.17,36.00,30.00,AUTO,0,54,0,33.25,45.76,24.76,54.24,0.00,0.00,0.00,0.00
170.26,35.54,30.17,36.00,30.00,AUTO,0,52,0,25.50,47.80,21.19,52.10,0.00,0.00,0.00,0.00
171.27,35.55,30.17,36.00,30.00,AUTO,0,52,0,25.50,47.80,21.19,52.10,0.00,0.00,0.00,0.00
172.27,35.56,30.13,36.00,30.00,AUTO,0,52,0,25.50,47.80,21.19,52.10,0.00,0.00,0.00,0.00
173.27,35.58,30.13,36.00,30.00,AUTO,0,52,0,25.50,47.80,21.19,52.10,0.00,0.00,0.00,0.00
174.27,35.62,30.09,36.00,30.00,AUTO,0,52,0,25.50,47.80,21.19,52.10,0.00,0.00,0.00,0.00
175.27,35.63,30.09,36.00,30.00,AUTO,0,52,0,25.50,47.80,21.19,52.10,0.00,0.00,0.00,0.00
176.27,35.64,30.09,36.00,30.00,AUTO,0,52,0,25.50,47.80,21.19,52.10,0.00,0.00,0.00,0.00
177.28,35.65,30.09,36.00,30.00,AUTO,0,52,0,25.50,47.80,21.19,52.10,0.00,0.00,0.00,0.00
178.28,35.64,30.09,36.00,30.00,AUTO,0,52,0,20.19,49.41,17.50,52.10,0.00,0.00,0.00,0.00
179.28,35.65,30.05,36.00,30.00,AUTO,0,52,0,20.19,49.41,17.50,52.10,0.00,0.00,0.00,0.00
180.28,35.66,30.05,36.00,30.00,AUTO,0,52,0,20.19,49.41,17.50,52.10,0.00,0.00,0.00,0.00
181.28,35.67,30.05,36.00,30.00,AUTO,0,52,0,20.19,49.41,17.50,52.10,0.00,0.00,0.00,0.00
182.29,35.71,30.03,36.00,30.00,AUTO,0,52,0,20.19,49.41,17.50,52.10,0.00,0.00,0.00,0.00
183.29,35.72,30.03,36.00,30.00,AUTO,0,52,0,20.19,49.41,17.50,52.10,0.00,0.00,0.00,0.00
184.29,35.73,30.03,36.00,30.00,AUTO,0,52,0,20.19,49.41,17.50,52.10,0.00,0.00,0.00,0.00
185.29,35.73,30.03,36.00,30.00,AUTO,0,52,0,20.19,49.41,17.50,52.10,0.00,0.00,0.00,0.00
186.29,35.72,29.98,36.00,30.00,AUTO,0,51,0,15.56,50.66,14.88,51.34,0.00,0.00,0.00,0.00
187.29,35.72,29.98,36.00,30.00,AUTO,0,51,0,15.56,50.66,14.88,51.34,0.00,0.00,0.00,0.00
188.29,35.73,29.98,36.00,30.00,AUTO,0,51,0,15.56,50.66,14.88,51.34,0.00,0.00,0.00,0.00
189.29,35.73,29.98,36.00,30.00,AUTO,0,51,0,15.56,50.66,14.88,51.34,0.00,0.00,0.00,0.00
190.30,35.77,29.98,36.00,30.00,AUTO,0,51,0,15.56,50.66,14.88,51.34,0.00,0.00,0.00,0.00
191.30,35.77,29.98,36.00,30.00,AUTO,0,51,0,15.56,50.66,14.88,51.34,0.00,0.00,0.00,0.00
192.30,35.78,29.98,36.00,30.00,AUTO,0,51,0,15.56,50.66,14.88,51.34,0.00,0.00,0.00,0.00
193.30,35.78,29.98,36.00,30.00,AUTO,0,51,0,15.56,50.66,14.88,51.34,0.00,0.00,0.00,0.00
194.30,35.75,29.98,36.00,30.00,AUTO,0,53,0,12.50,51.66,10.48,53.68,0.00,0.00,0.00,0.00
195.31,35.75,29.98,36.00,30.00,AUTO,0,53,0,12.50,51.66,10.48,53.68,0.00,0.00,0.00,0.00
196.31,35.77,29.98,36.00,30.00,AUTO,0,53,0,12.50,51.66,10.48,53.68,0.00,0.00,0.00,0.00
197.31,35.77,29.98,36.00,30.00,AUTO,0,53,0,12.50,51.66,10.48,53.68,0.00,0.00,0.00,0.00
198.31,35.80,29.98,36.00,30.00,AUTO,0,53,0,12.50,51.66,10.48,53.68,0.00,0.00,0.00,0.00
199.31,35.81,29.98,36.00,30.00,AUTO,0,53,0,12.50,51.66,10.48,53.68,0.00,0.00,0.00,0.00
200.31,35.82,29.94,36.00,30.00,AUTO,0,53,0,12.50,51.66,10.48,53.68,0.00,0.00,0.00,0.00
201.32,35.82,29.94,36.00,30.00,AUTO,0,53,0,12.50,51.66,10.48,53.68,0.00,0.00,0.00,0.00
202.32,35.80,29.94,36.00,30.00,AUTO,0,51,0,10.69,52.51,11.79,51.41,0.00,0.00,0.00,0.00
203.32,35.80,29.94,36.00,30.00,AUTO,0,51,0,10.69,52.51,11.79,51.41,0.00,0.00,0.00,0.00
204.32,35.80,29.94,36.00,30.00,AUTO,0,51,0,10.69,52.51,11.79,51.41,0.00,0.00,0.00,0.00
205.32,35.81,29.94,36.00,30.00,AUTO,0,51,0,10.69,52.51,11.79,51.41,0.00,0.00,0.00,0.00
206.32,35.83,29.94,36.00,30.00,AUTO,0,51,0,10.69,52.51,11.79,51.41,0.00,0.00,0.00,0.00
207.32,35.84,29.94,36.00,30.00,AUTO,0,51,0,10.69,52.51,11.79,51.41,0.00,0.00,0.00,0.00
208.33,35.84,29.94,36.00,30.00,AUTO,0,51,0,10.69,52.51,11.79,51.41,0.00,0.00,0.00,0.00
209.33,35.84,29.94,36.00,30.00,AUTO,0,51,0,10.69,52.51,11.79,51.41,0.00,0.00,0.00,0.00
210.33,35.83,29.94,36.00,30.00,AUTO,0,54,0,9.00,53.23,7.38,54.85,0.00,0.00,0.00,0.00
211.33,35.83,29.94,36.00,30.00,AUTO,0,54,0,9.00,53.23,7.38,54.85,0.00,0.00,0.00,0.00
212.33,35.83,29.94,36.00,30.00,AUTO,0,54,0,9.00,53.23,7.38,54.85,0.00,0.00,0.00,0.00
213.33,35.83,29.94,36.00,30.00,AUTO,0,54,0,9.00,53.23,7.38,54.85,0.00,0.00,0.00,0.00
214.34,35.85,29.96,36.00,30.00,AUTO,0,54,0,9.00,53.23,7.38,54.85,0.00,0.00,0.00,0.00
215.34,35.86,29.96,36.00,30.00,AUTO,0,54,0,9.00,53.23,7.38,54.85,0.00,0.00,0.00,0.00
216.34,35.86,29.96,36.00,30.00,AUTO,0,54,0,9.00,53.23,7.38,54.85,0.00,0.00,0.00,0.00
217.34,35.87,29.96,36.00,30.00,AUTO,0,54,0,9.00,53.23,7.38,54.85,0.00,0.00,0.00,0.00
218.34,35.85,29.96,36.00,30.00,AUTO,0,55,0,7.75,53.85,6.43,55.17,0.00,0.00,0.00,0.00
219.34,35.86,29.96,36.00,30.00,AUTO,0,55,0,7.75,53.85,6.43,55.17,0.00,0.00,0.00,0.00
220.34,35.85,29.96,36.00,30.00,AUTO,0,55,0,7.75,53.85,6.43,55.17,0.00,0.00,0.00,0.00
221.34,35.85,29.96,36.00,30.00,AUTO,0,55,0,7.75,53.85,6.43,55.17,0.00,0.00,0.00,0.00
222.35,35.88,29.96,36.00,30.00,AUTO,0,55,0,7.75,53.85,6.43,55.17,0.00,0.00,0.00,0.00
223.35,35.89,29.96,36.00,30.00,AUTO,0,55,0,7.75,53.85,6.43,55.17,0.00,0.00,0.00,0.00
224.35,35.89,29.96,36.00,30.00,AUTO,0,55,0,7.75,53.85,6.43,55.17,0.00,0.00,0.00,0.00
225.35,35.90,29.96,36.00,30.00,AUTO,0,55,0,7.75,53.85,6.43,55.17,0.00,0.00,0.00,0.00
226.35,35.88,29.96,36.00,30.00,AUTO,0,53,0,6.44,54.37,7.74,53.07,0.00,0.00,0.00,0.00
227.36,35.88,29.96,36.00,30.00,AUTO,0,53,0,6.44,54.37,7.74,53.07,0.00,0.00,0.00,0.00
228.36,35.87,29.96,36.00,30.00,AUTO,0,53,0,6.44,54.37,7.74,53.07,0.00,0.00,0.00,0.00
229.36,35.89,29.96,36.00,30.00,AUTO,0,53,0,6.44,54.37,7.74,53.07,0.00,0.00,0.00,0.00
230.36,35.93,29.96,36.00,30.00,AUTO,0,53,0,6.44,54.37,7.74,53.07,0.00,0.00,0.00,0.00
231.36,35.93,29.96,36.00,30.00,AUTO,0,53,0,6.44,54.37,7.74,53.07,0.00,0.00,0.00,0.00
232.36,35.94,29.92,36.00,30.00,AUTO,0,53,0,6.44,54.37,7.74,53.07,0.00,0.00,0.00,0.00
233.37,35.94,29.92,36.00,30.00,AUTO,0,53,0,6.44,54.37,7.74,53.07,0.00,0.00,0.00,0.00
234.36,35.92,29.92,36.00,30.00,AUTO,0,48,0,4.63,54.74,11.19,48.17,0.00,0.00,0.00,0.00
235.37,35.93,29.92,36.00,30.00,AUTO,0,48,0,4.63,54.74,11.19,48.17,0.00,0.00,0.00,0.00
236.37,35.93,29.92,36.00,30.00,AUTO,0,48,0,4.63,54.74,11.19,48.17,0.00,0.00,0.00,0.00
237.37,35.93,29.96,36.00,30.00,AUTO,0,48,0,4.63,54.74,11.19,48.17,0.00,0.00,0.00,0.00
238.37,35.96,29.96,36.00,30.00,AUTO,0,48,0,4.63,54.74,11.19,48.17,0.00,0.00,0.00,0.00
239.37,35.96,29.96,36.00,30.00,AUTO,0,48,0,4.63,54.74,11.19,48.17,0.00,0.00,0.00,0.00
240.38,35.96,29.92,36.00,30.00,AUTO,0,48,0,4.63,54.74,11.19,48.17,0.00,0.00,0.00,0.00
241.38,35.96,29.92,36.00,30.00,AUTO,0,48,0,4.63,54.74,11.19,48.17,0.00,0.00,0.00,0.00
242.38,35.94,29.92,36.00,30.00,AUTO,0,51,0,2.81,54.96,6.55,51.22,0.00,0.00,0.00,0.00
243.38,35.95,29.92,36.00,30.00,AUTO,0,51,0,2.81,54.96,6.55,51.22,0.00,0.00,0.00,0.00
244.38,35.95,29.92,36.00,30.00,AUTO,0,51,0,2.81,54.96,6.55,51.22,0.00,0.00,0.00,0.00
245.38,35.95,29.96,36.00,30.00,AUTO,0,51,0,2.81,54.96,6.55,51.22,0.00,0.00,0.00,0.00
246.39,35.98,29.96,36.00,30.00,AUTO,0,51,0,2.81,54.96,6.55,51.22,0.00,0.00,0.00,0.00
247.39,35.98,29.96,36.00,30.00,AUTO,0,51,0,2.81,54.96,6.55,51.22,0.00,0.00,0.00,0.00
248.39,35.98,29.96,36.00,30.00,AUTO,0,51,0,2.81,54.96,6.55,51.22,0.00,0.00,0.00,0.00
249.39,35.99,29.96,36.00,30.00,AUTO,0,51,0,2.81,54.96,6.55,51.22,0.00,0.00,0.00,0.00
250.39,35.97,29.92,36.00,30.00,AUTO,0,49,0,1.75,55.10,7.38,49.47,0.00,0.00,0.00,0.00
251.39,35.97,29.92,36.00,30.00,AUTO,0,49,0,1.75,55.10,7.38,49.47,0.00,0.00,0.00,0.00
252.40,35.97,29.96,36.00,30.00,AUTO,0,49,0,1.75,55.10,7.38,49.47,0.00,0.00,0.00,0.00
253.39,35.98,29.96,36.00,30.00,AUTO,0,49,0,1.75,55.10,7.38,49.47,0.00,0.00,0.00,0.00
254.40,36.02,29.96,36.00,30.00,AUTO,0,49,0,1.75,55.10,7.38,49.47,0.00,0.00,0.00,0.00
255.40,36.02,29.96,36.00,30.00,AUTO,0,49,0,1.75,55.10,7.38,49.47,0.00,0.00,0.00,0.00
256.40,36.02,29.96,36.00,30.00,AUTO,0,49,0,1.75,55.10,7.38,49.47,0.00,0.00,0.00,0.00
257.40,36.02,29.96,36.00,30.00,AUTO,0,49,0,1.75,55.10,7.38,49.47,0.00,0.00,0.00,0.00
258.40,36.02,29.92,36.00,30.00,AUTO,0,45,0,0.19,55.11,9.40,45.90,0.00,0.00,0.00,0.00
259.41,35.99,29.92,36.00,30.00,AUTO,0,45,0,0.19,55.11,9.40,45.90,0.00,0.00,0.00,0.00
260.41,35.99,29.92,36.00,30.00,AUTO,0,45,0,0.19,55.11,9.40,45.90,0.00,0.00,0.00,0.00
261.41,36.00,29.96,36.00,30.00,AUTO,0,45,0,0.19,55.11,9.40,45.90,0.00,0.00,0.00,0.00
262.41,36.02,29.96,36.00,30.00,AUTO,0,45,0,0.19,55.11,9.40,45.90,0.00,0.00,0.00,0.00
263.42,36.02,29.96,36.00,30.00,AUTO,0,45,0,0.19,55.11,9.40,45.90,0.00,0.00,0.00,0.00
264.41,36.02,29.96,36.00,30.00,AUTO,0,45,0,0.19,55.11,9.40,45.90,0.00,0.00,0.00,0.00
265.42,36.02,29.96,36.00,30.00,AUTO,0,45,0,0.19,55.11,9.40,45.90,0.00,0.00,0.00,0.00
266.42,36.02,29.96,36.00,30.00,AUTO,0,51,0,-0.50,55.07,3.10,51.48,0.00,0.00,0.00,0.00
267.42,36.02,29.96,36.00,30.00,AUTO,0,51,0,-0.50,55.07,3.10,51.48,0.00,0.00,0.00,0.00
268.42,36.02,29.96,36.00,30.00,AUTO,0,51,0,-0.50,55.07,3.10,51.48,0.00,0.00,0.00,0.00
269.42,36.02,29.96,36.00,30.00,AUTO,0,51,0,-0.50,55.07,3.10,51.48,0.00,0.00,0.00,0.00
270.43,36.02,29.96,36.00,30.00,AUTO,0,51,0,-0.50,55.07,3.10,51.48,0.00,0.00,0.00,0.00
271.42,36.02,29.96,36.00,30.00,AUTO,0,51,0,-0.50,55.07,3.10,51.48,0.00,0.00,0.00,0.00
272.43,36.02,29.96,36.00,30.00,AUTO,0,51,0,-0.50,55.07,3.10,51.48,0.00,0.00,0.00,0.00
273.43,36.02,29.96,36.00,30.00,AUTO,0,51,0,-0.50,55.07,3.10,51.48,0.00,0.00,0.00,0.00
274.43,36.02,29.96,36.00,30.00,AUTO,0,54,0,-1.00,54.99,0.00,53.99,0.00,0.00,0.00,0.00
275.43,36.02,29.96,36.00,30.00,AUTO,0,54,0,-1.00,54.99,0.00,53.99,0.00,0.00,0.00,0.00
276.43,36.02,29.96,36.00,30.00,AUTO,0,54,0,-1.00,54.99,0.00,53.99,0.00,0.00,0.00,0.00
277.43,36.02,29.96,36.00,30.00,AUTO,0,54,0,-1.00,54.99,0.00,53.99,0.00,0.00,0.00,0.00
278.44,36.02,29.96,36.00,30.00,AUTO,0,54,0,-1.00,54.99,0.00,53.99,0.00,0.00,0.00,0.00
279.44,36.02,29.96,36.00,30.00,AUTO,0,54,0,-1.00,54.99,0.00,53.99,0.00,0.00,0.00,0.00
280.44,36.02,29.96,36.00,30.00,AUTO,0,54,0,-1.00,54.99,0.00,53.99,0.00,0.00,0.00,0.00
281.44,36.02,30.00,36.00,30.00,AUTO,0,54,0,-1.00,54.99,0.00,53.99,0.00,0.00,0.00,0.00
282.44,36.02,29.96,36.00,30.00,AUTO,0,53,0,-1.00,54.91,0.00,53.91,0.00,0.00,0.00,0.00
283.44,36.02,30.00,36.00,30.00,AUTO,0,53,0,-1.00,54.91,0.00,53.91,0.00,0.00,0.00,0.00
284.44,36.02,30.00,36.00,30.00,AUTO,0,53,0,-1.00,54.91,0.00,53.91,0.00,0.00,0.00,0.00
285.44,36.02,30.00,36.00,30.00,AUTO,0,53,0,-1.00,54.91,0.00,53.91,0.00,0.00,0.00,0.00
286.45,36.02,30.00,36.00,30.00,AUTO,0,53,0,-1.00,54.91,0.00,53.91,0.00,0.00,0.00,0.00
287.45,36.02,30.00,36.00,30.00,AUTO,0,53,0,-1.00,54.91,0.00,53.91,0.00,0.00,0.00,0.00
288.45,36.02,30.00,36.00,30.00,AUTO,0,53,0,-1.00,54.91,0.00,53.91,0.00,0.00,0.00,0.00
289.45,36.02,30.00,36.00,30.00,AUTO,0,53,0,-1.00,54.91,0.00,53.91,0.00,0.00,0.00,0.00
290.45,36.02,30.00,36.00,30.00,AUTO,0,53,0,-1.00,54.83,0.00,53.83,0.00,0.00,0.00,0.00
291.46,36.02,30.00,36.00,30.00,AUTO,0,53,0,-1.00,54.83,0.00,53.83,0.00,0.00,0.00,0.00
292.46,36.02,30.00,36.00,30.00,AUTO,0,53,0,-1.00,54.83,0.00,53.83,0.00,0.00,0.00,0.00
293.46,36.02,30.00,36.00,30.00,AUTO,0,53,0,-1.00,54.83,0.00,53.83,0.00,0.00,0.00,0.00
294.46,36.02,30.00,36.00,30.00,AUTO,0,53,0,-1.00,54.83,0.00,53.83,0.00,0.00,0.00,0.00
295.46,36.02,30.00,36.00,30.00,AUTO,0,53,0,-1.00,54.83,0.00,53.83,0.00,0.00,0.00,0.00
296.46,36.02,30.00,36.00,30.00,AUTO,0,53,0,-1.00,54.83,0.00,53.83,0.00,0.00,0.00,0.00
297.47,36.02,30.00,36.00,30.00,AUTO,0,53,0,-1.00,54.83,0.00,53.83,0.00,0.00,0.00,0.00
298.47,36.02,30.00,36.00,30.00,AUTO,0,53,0,-1.00,54.75,0.00,53.75,0.00,0.00,0.00,0.00
299.47,36.02,30.00,36.00,30.00,AUTO,0,53,0,-1.00,54.75,0.00,53.75,0.00,0.00,0.00,0.00
300.47,36.02,30.04,36.00,30.00,AUTO,0,53,0,-1.00,54.75,0.00,53.75,0.00,0.00,0.00,0.00
301.47,36.02,30.04,36.00,30.00,AUTO,0,53,0,-1.00,54.75,0.00,53.75,0.00,0.00,0.00,0.00
302.47,36.02,30.06,36.00,30.00,AUTO,0,53,0,-1.00,54.75,0.00,53.75,0.00,0.00,0.00,0.00
303.47,36.03,30.06,36.00,30.00,AUTO,0,53,0,-1.00,54.75,0.00,53.75,0.00,0.00,0.00,0.00
304.48,36.03,30.04,36.00,30.00,AUTO,0,53,0,-1.00,54.75,0.00,53.75,0.00,0.00,0.00,0.00
305.48,36.03,30.04,36.00,30.00,AUTO,0,53,0,-1.00,54.75,0.00,53.75,0.00,0.00,0.00,0.00
306.48,36.02,30.04,36.00,30.00,AUTO,0,51,0,-1.19,54.66,1.78,51.69,0.00,0.00,0.00,0.00
307.48,36.02,30.04,36.00,30.00,AUTO,0,51,0,-1.19,54.66,1.78,51.69,0.00,0.00,0.00,0.00
308.48,36.02,30.04,36.00,30.00,AUTO,0,51,0,-1.19,54.66,1.78,51.69,0.00,0.00,0.00,0.00
309.48,36.02,30.04,36.00,30.00,AUTO,0,51,0,-1.19,54.66,1.78,51.69,0.00,0.00,0.00,0.00
310.49,36.03,30.06,36.00,30.00,AUTO,0,51,0,-1.19,54.66,1.78,51.69,0.00,0.00,0.00,0.00
311.49,36.03,30.06,36.00,30.00,AUTO,0,51,0,-1.19,54.66,1.78,51.69,0.00,0.00,0.00,0.00
312.49,36.03,30.06,36.00,30.00,AUTO,0,51,0,-1.19,54.66,1.78,51.69,0.00,0.00,0.00,0.00
313.49,36.03,30.06,36.00,30.00,AUTO,0,51,0,-1.19,54.66,1.78,51.69,0.00,0.00,0.00,0.00
314.49,36.02,30.04,36.00,30.00,AUTO,0,51,0,-1.25,54.56,1.90,51.41,0.00,0.00,0.00,0.00
315.50,36.02,30.04,36.00,30.00,AUTO,0,51,0,-1.25,54.56,1.90,51.41,0.00,0.00,0.00,0.00
316.50,36.02,30.04,36.00,30.00,AUTO,0,51,0,-1.25,54.56,1.90,51.41,0.00,0.00,0.00,0.00
317.50,36.02,30.04,36.00,30.00,AUTO,0,51,0,-1.25,54.56,1.90,51.41,0.00,0.00,0.00,0.00
318.50,36.03,30.09,36.00,30.00,AUTO,0,51,0,-1.25,54.56,1.90,51.41,0.00,0.00,0.00,0.00
319.50,36.03,30.09,36.00,30.00,AUTO,0,51,0,-1.25,54.56,1.90,51.41,0.00,0.00,0.00,0.00
320.50,36.03,30.09,36.00,30.00,AUTO,0,51,0,-1.25,54.56,1.90,51.41,0.00,0.00,0.00,0.00
321.50,36.03,30.13,36.00,30.00,AUTO,0,51,0,-1.25,54.56,1.90,51.41,0.00,0.00,0.00,0.00
322.50,36.02,30.12,36.00,30.00,AUTO,0,51,0,-1.25,54.46,1.90,51.31,0.00,0.00,0.00,0.00
323.51,36.02,30.08,36.00,30.00,AUTO,0,51,0,-1.25,54.46,1.90,51.31,0.00,0.00,0.00,0.00
324.51,36.02,30.12,36.00,30.00,AUTO,0,51,0,-1.25,54.46,1.90,51.31,0.00,0.00,0.00,0.00
325.51,36.02,30.12,36.00,30.00,AUTO,0,51,0,-1.25,54.46,1.90,51.31,0.00,0.00,0.00,0.00
326.51,36.03,30.13,36.00,30.00,AUTO,0,51,0,-1.25,54.46,1.90,51.31,0.00,0.00,0.00,0.00
327.51,36.03,30.13,36.00,30.00,AUTO,0,51,0,-1.25,54.46,1.90,51.31,0.00,0.00,0.00,0.00
328.51,36.03,30.09,36.00,30.00,AUTO,0,51,0,-1.25,54.46,1.90,51.31,0.00,0.00,0.00,0.00
329.52,36.03,30.13,36.00,30.00,AUTO,0,51,0,-1.25,54.46,1.90,51.31,0.00,0.00,0.00,0.00
330.52,36.02,30.12,36.00,30.00,AUTO,0,51,0,-1.25,54.36,1.90,51.21,0.00,0.00,0.00,0.00
331.52,36.02,30.12,36.00,30.00,AUTO,0,51,0,-1.25,54.36,1.90,51.21,0.00,0.00,0.00,0.00
332.52,36.02,30.08,36.00,30.00,AUTO,0,51,0,-1.25,54.36,1.90,51.21,0.00,0.00,0.00,0.00
333.52,36.03,30.13,36.00,30.00,AUTO,0,51,0,-1.25,54.36,1.90,51.21,0.00,0.00,0.00,0.00
334.52,36.03,30.13,36.00,30.00,AUTO,0,51,0,-1.25,54.36,1.90,51.21,0.00,0.00,0.00,0.00
335.52,36.04,30.13,36.00,30.00,AUTO,0,51,0,-1.25,54.36,1.90,51.21,0.00,0.00,0.00,0.00
336.53,36.03,30.13,36.00,30.00,AUTO,0,51,0,-1.25,54.36,1.90,51.21,0.00,0.00,0.00,0.00
337.53,36.06,30.13,36.00,30.00,AUTO,0,51,0,-1.25,54.36,1.90,51.21,0.00,0.00,0.00,0.00
338.53,36.03,30.13,36.00,30.00,AUTO,0,48,0,-1.56,54.23,4.64,48.03,0.00,0.00,0.00,0.00
339.53,36.03,30.13,36.00,30.00,AUTO,0,48,0,-1.56,54.23,4.64,48.03,0.00,0.00,0.00,0.00
340.53,36.03,30.13,36.00,30.00,AUTO,0,48,0,-1.56,54.23,4.64,48.03,0.00,0.00,0.00,0.00
341.53,36.03,30.13,36.00,30.00,AUTO,0,48,0,-1.56,54.23,4.64,48.03,0.00,0.00,0.00,0.00
342.54,36.06,30.13,36.00,30.00,AUTO,0,48,0,-1.56,54.23,4.64,48.03,0.00,0.00,0.00,0.00
343.54,36.07,30.13,36.00,30.00,AUTO,0,48,0,-1.56,54.23,4.64,48.03,0.00,0.00,0.00,0.00
344.54,36.08,30.13,36.00,30.00,AUTO,0,48,0,-1.56,54.23,4.64,48.03,0.00,0.00,0.00,0.00
345.54,36.07,30.13,36.00,30.00,AUTO,0,48,0,-1.56,54.23,4.64,48.03,0.00,0.00,0.00,0.00
346.54,36.03,30.13,36.00,30.00,AUTO,0,43,0,-2.50,54.03,8.09,43.44,0.00,0.00,0.00,0.00
347.55,36.03,30.13,36.00,30.00,AUTO,0,43,0,-2.50,54.03,8.09,43.44,0.00,0.00,0.00,0.00
348.54,36.03,30.13,36.00,30.00,AUTO,0,43,0,-2.50,54.03,8.09,43.44,0.00,0.00,0.00,0.00
349.55,36.06,30.13,36.00,30.00,AUTO,0,43,0,-2.50,54.03,8.09,43.44,0.00,0.00,0.00,0.00
350.55,36.06,30.13,36.00,30.00,AUTO,0,43,0,-2.50,54.03,8.09,43.44,0.00,0.00,0.00,0.00
351.55,36.07,30.13,36.00,30.00,AUTO,0,43,0,-2.50,54.03,8.09,43.44,0.00,0.00,0.00,0.00
352.55,36.06,30.13,36.00,30.00,AUTO,0,43,0,-2.50,54.03,8.09,43.44,0.00,0.00,0.00,0.00
353.55,36.06,30.13,36.00,30.00,AUTO,0,43,0,-2.50,54.03,8.09,43.44,0.00,0.00,0.00,0.00
354.55,36.03,30.13,36.00,30.00,AUTO,0,45,0,-2.50,53.83,5.71,45.62,0.00,0.00,0.00,0.00
355.56,36.03,30.18,36.00,30.00,AUTO,0,45,0,-2.50,53.83,5.71,45.62,0.00,0.00,0.00,0.00
356.56,36.03,30.18,36.00,30.00,AUTO,0,45,0,-2.50,53.83,5.71,45.62,0.00,0.00,0.00,0.00
357.56,36.03,30.18,36.00,30.00,AUTO,0,45,0,-2.50,53.83,5.71,45.62,0.00,0.00,0.00,0.00
358.56,36.03,30.22,36.00,30.00,AUTO,0,45,0,-2.50,53.83,5.71,45.62,0.00,0.00,0.00,0.00
359.56,36.03,30.22,36.00,30.00,AUTO,0,45,0,-2.50,53.83,5.71,45.62,0.00,0.00,0.00,0.00
360.56,36.03,30.22,36.00,30.00,AUTO,0,45,0,-2.50,53.83,5.71,45.62,0.00,0.00,0.00,0.00
361.57,36.04,30.22,36.00,30.00,AUTO,0,45,0,-2.50,53.83,5.71,45.62,0.00,0.00,0.00,0.00
362.57,36.03,30.22,36.00,30.00,AUTO,0,51,0,-1.56,53.71,0.83,51.31,0.00,0.00,0.00,0.00
363.59,36.03,30.22,36.00,30.00,AUTO,0,51,0,-1.56,53.71,0.83,51.31,0.00,0.00,0.00,0.00
364.57,36.02,30.20,36.00,30.00,AUTO,0,51,0,-1.56,53.71,0.83,51.31,0.00,0.00,0.00,0.00
365.59,36.03,30.22,36.00,30.00,AUTO,0,51,0,-1.56,53.71,0.83,51.31,0.00,0.00,0.00,0.00
366.57,36.03,30.22,36.00,30.00,AUTO,0,51,0,-1.56,53.71,0.83,51.31,0.00,0.00,0.00,0.00
367.58,36.03,30.22,36.00,30.00,AUTO,0,51,0,-1.56,53.71,0.83,51.31,0.00,0.00,0.00,0.00
368.58,36.03,30.22,36.00,30.00,AUTO,0,51,0,-1.56,53.71,0.83,51.31,0.00,0.00,0.00,0.00
369.58,36.03,30.22,36.00,30.00,AUTO,0,51,0,-1.56,53.71,0.83,51.31,0.00,0.00,0.00,0.00
370.58,36.02,30.24,36.00,30.00,AUTO,0,51,0,-1.44,53.59,0.36,51.80,0.00,0.00,0.00,0.00
371.58,36.02,30.24,36.00,30.00,AUTO,0,51,0,-1.44,53.59,0.36,51.80,0.00,0.00,0.00,0.00
372.60,36.02,30.24,36.00,30.00,AUTO,0,51,0,-1.44,53.59,0.36,51.80,0.00,0.00,0.00,0.00
373.59,36.02,30.24,36.00,30.00,AUTO,0,51,0,-1.44,53.59,0.36,51.80,0.00,0.00,0.00,0.00
374.59,36.03,30.25,36.00,30.00,AUTO,0,51,0,-1.44,53.59,0.36,51.80,0.00,0.00,0.00,0.00
375.59,36.03,30.25,36.00,30.00,AUTO,0,51,0,-1.44,53.59,0.36,51.80,0.00,0.00,0.00,0.00
376.59,36.03,30.25,36.00,30.00,AUTO,0,51,0,-1.44,53.59,0.36,51.80,0.00,0.00,0.00,0.00
377.59,36.03,30.25,36.00,30.00,AUTO,0,51,0,-1.44,53.59,0.36,51.80,0.00,0.00,0.00,0.00
378.59,36.02,30.24,36.00,30.00,AUTO,0,50,0,-1.25,53.49,1.90,50.34,0.00,0.00,0.00,0.00
379.60,36.02,30.24,36.00,30.00,AUTO,0,50,0,-1.25,53.49,1.90,50.34,0.00,0.00,0.00,0.00
380.60,36.02,30.24,36.00,30.00,AUTO,0,50,0,-1.25,53.49,1.90,50.34,0.00,0.00,0.00,0.00
381.60,36.02,30.29,36.00,30.00,AUTO,0,50,0,-1.25,53.49,1.90,50.34,0.00,0.00,0.00,0.00
382.60,36.02,30.29,36.00,30.00,AUTO,0,50,0,-1.25,53.49,1.90,50.34,0.00,0.00,0.00,0.00
383.60,36.03,30.30,36.00,30.00,AUTO,0,50,0,-1.25,53.49,1.90,50.34,0.00,0.00,0.00,0.00
384.60,36.03,30.30,36.00,30.00,AUTO,0,50,0,-1.25,53.49,1.90,50.34,0.00,0.00,0.00,0.00
385.60,36.03,30.30,36.00,30.00,AUTO,0,50,0,-1.25,53.49,1.90,50.34,0.00,0.00,0.00,0.00
386.60,36.02,30.29,36.00,30.00,AUTO,0,50,0,-1.19,53.40,1.78,50.43,0.00,0.00,0.00,0.00
387.61,36.02,30.29,36.00,30.00,AUTO,0,50,0,-1.19,53.40,1.78,50.43,0.00,0.00,0.00,0.00
388.61,36.02,30.29,36.00,30.00,AUTO,0,50,0,-1.19,53.40,1.78,50.43,0.00,0.00,0.00,0.00
389.61,36.02,30.29,36.00,30.00,AUTO,0,50,0,-1.19,53.40,1.78,50.43,0.00,0.00,0.00,0.00
390.61,36.03,30.32,36.00,30.00,AUTO,0,50,0,-1.19,53.40,1.78,50.43,0.00,0.00,0.00,0.00
391.61,36.03,30.34,36.00,30.00,AUTO,0,50,0,-1.19,53.40,1.78,50.43,0.00,0.00,0.00,0.00
392.61,36.03,30.32,36.00,30.00,AUTO,0,50,0,-1.19,53.40,1.78,50.43,0.00,0.00,0.00,0.00
393.62,36.03,30.34,36.00,30.00,AUTO,0,50,0,-1.19,53.40,1.78,50.43,0.00,0.00,0.00,0.00
394.62,36.02,30.32,36.00,30.00,AUTO,0,50,0,-1.25,53.30,1.90,50.15,0.00,0.00,0.00,0.00
395.62,36.02,30.32,36.00,30.00,AUTO,0,50,0,-1.25,53.30,1.90,50.15,0.00,0.00,0.00,0.00
396.62,36.02,30.32,36.00,30.00,AUTO,0,50,0,-1.25,53.30,1.90,50.15,0.00,0.00,0.00,0.00
397.62,36.02,30.32,36.00,30.00,AUTO,0,50,0,-1.25,53.30,1.90,50.15,0.00,0.00,0.00,0.00
398.62,36.03,30.34,36.00,30.00,AUTO,0,50,0,-1.25,53.30,1.90,50.15,0.00,0.00,0.00,0.00
399.62,36.03,30.34,36.00,30.00,AUTO,0,50,0,-1.25,53.30,1.90,50.15,0.00,0.00,0.00,0.00
400.63,36.03,30.34,36.00,30.00,AUTO,0,50,0,-1.25,53.30,1.90,50.15,0.00,0.00,0.00,0.00
401.63,36.03,30.34,36.00,30.00,AUTO,0,50,0,-1.25,53.30,1.90,50.15,0.00,0.00,0.00,0.00
402.63,36.02,30.32,36.00,30.00,AUTO,0,50,0,-1.25,53.20,1.90,50.05,0.00,0.00,0.00,0.00
403.63,36.02,30.32,36.00,30.00,AUTO,0,50,0,-1.25,53.20,1.90,50.05,0.00,0.00,0.00,0.00
404.63,36.02,30.32,36.00,30.00,AUTO,0,50,0,-1.25,53.20,1.90,50.05,0.00,0.00,0.00,0.00
405.64,36.02,30.36,36.00,30.00,AUTO,0,50,0,-1.25,53.20,1.90,50.05,0.00,0.00,0.00,0.00
406.64,36.02,30.36,36.00,30.00,AUTO,0,50,0,-1.25,53.20,1.90,50.05,0.00,0.00,0.00,0.00
407.64,36.02,30.38,36.00,30.00,AUTO,0,50,0,-1.25,53.20,1.90,50.05,0.00,0.00,0.00,0.00
408.64,36.03,30.38,36.00,30.00,AUTO,0,50,0,-1.25,53.20,1.90,50.05,0.00,0.00,0.00,0.00
409.64,36.03,30.38,36.00,30.00,AUTO,0,50,0,-1.25,53.20,1.90,50.05,0.00,0.00,0.00,0.00
410.64,36.02,30.36,36.00,30.00,AUTO,0,50,0,-1.12,53.11,1.43,50.56,0.00,0.00,0.00,0.00
411.64,36.02,30.36,36.00,30.00,AUTO,0,50,0,-1.12,53.11,1.43,50.56,0.00,0.00,0.00,0.00
412.64,36.02,30.36,36.00,30.00,AUTO,0,50,0,-1.12,53.11,1.43,50.56,0.00,0.00,0.00,0.00
413.65,36.02,30.36,36.00,30.00,AUTO,0,50,0,-1.12,53.11,1.43,50.56,0.00,0.00,0.00,0.00
414.65,36.03,30.38,36.00,30.00,AUTO,0,50,0,-1.12,53.11,1.43,50.56,0.00,0.00,0.00,0.00
415.65,36.02,30.38,36.00,30.00,AUTO,0,50,0,-1.12,53.11,1.43,50.56,0.00,0.00,0.00,0.00
416.65,36.03,30.36,36.00,30.00,AUTO,0,50,0,-1.12,53.11,1.43,50.56,0.00,0.00,0.00,0.00
417.65,36.03,30.38,36.00,30.00,AUTO,0,50,0,-1.12,53.11,1.43,50.56,0.00,0.00,0.00,0.00
418.65,36.02,30.36,36.00,30.00,AUTO,0,50,0,-1.19,53.01,1.55,50.28,0.00,0.00,0.00,0.00
419.66,36.02,30.36,36.00,30.00,AUTO,0,50,0,-1.19,53.01,1.55,50.28,0.00,0.00,0.00,0.00
420.66,36.02,30.41,36.00,30.00,AUTO,0,50,0,-1.19,53.01,1.55,50.28,0.00,0.00,0.00,0.00
421.66,36.02,30.41,36.00,30.00,AUTO,0,50,0,-1.19,53.01,1.55,50.28,0.00,0.00,0.00,0.00
422.66,36.03,30.42,36.00,30.00,AUTO,0,50,0,-1.19,53.01,1.55,50.28,0.00,0.00,0.00,0.00
423.66,36.03,30.42,36.00,30.00,AUTO,0,50,0,-1.19,53.01,1.55,50.28,0.00,0.00,0.00,0.00
424.67,36.03,30.42,36.00,30.00,AUTO,0,50,0,-1.19,53.01,1.55,50.28,0.00,0.00,0.00,0.00
425.67,36.03,30.42,36.00,30.00,AUTO,0,50,0,-1.19,53.01,1.55,50.28,0.00,0.00,0.00,0.00
426.67,36.02,30.41,36.00,30.00,AUTO,0,49,0,-1.25,52.91,1.90,49.76,0.00,0.00,0.00,0.00
427.67,36.02,30.41,36.00,30.00,AUTO,0,49,0,-1.25,52.91,1.90,49.76,0.00,0.00,0.00,0.00
428.67,36.02,30.41,36.00,30.00,AUTO,0,49,0,-1.25,52.91,1.90,49.76,0.00,0.00,0.00,0.00
429.67,36.02,30.41,36.00,30.00,AUTO,0,49,0,-1.25,52.91,1.90,49.76,0.00,0.00,0.00,0.00
430.68,36.03,30.46,36.00,30.00,AUTO,0,49,0,-1.25,52.91,1.90,49.76,0.00,0.00,0.00,0.00
431.67,36.03,30.46,36.00,30.00,AUTO,0,49,0,-1.25,52.91,1.90,49.76,0.00,0.00,0.00,0.00
432.68,36.03,30.46,36.00,30.00,AUTO,0,49,0,-1.25,52.91,1.90,49.76,0.00,0.00,0.00,0.00
433.68,36.03,30.46,36.00,30.00,AUTO,0,49,0,-1.25,52.91,1.90,49.76,0.00,0.00,0.00,0.00
434.68,36.02,30.45,36.00,30.00,AUTO,0,49,0,-1.25,52.81,1.90,49.66,0.00,0.00,0.00,0.00
435.68,36.02,30.45,36.00,30.00,AUTO,0,49,0,-1.25,52.81,1.90,49.66,0.00,0.00,0.00,0.00
436.68,36.02,30.41,36.00,30.00,AUTO,0,49,0,-1.25,52.81,1.90,49.66,0.00,0.00,0.00,0.00
437.69,36.02,30.45,36.00,30.00,AUTO,0,49,0,-1.25,52.81,1.90,49.66,0.00,0.00,0.00,0.00
438.69,36.03,30.46,36.00,30.00,AUTO,0,49,0,-1.25,52.81,1.90,49.66,0.00,0.00,0.00,0.00
439.69,36.03,30.46,36.00,30.00,AUTO,0,49,0,-1.25,52.81,1.90,49.66,0.00,0.00,0.00,0.00
440.69,36.03,30.46,36.00,30.00,AUTO,0,49,0,-1.25,52.81,1.90,49.66,0.00,0.00,0.00,0.00
441.69,36.03,30.46,36.00,30.00,AUTO,0,49,0,-1.25,52.81,1.90,49.66,0.00,0.00,0.00,0.00
442.69,36.02,30.45,36.00,30.00,AUTO,0,49,0,-1.25,52.71,1.90,49.56,0.00,0.00,0.00,0.00
443.70,36.02,30.45,36.00,30.00,AUTO,0,49,0,-1.25,52.71,1.90,49.56,0.00,0.00,0.00,0.00
444.69,36.02,30.45,36.00,30.00,AUTO,0,49,0,-1.25,52.71,1.90,49.56,0.00,0.00,0.00,0.00
445.70,36.02,30.48,36.00,30.00,AUTO,0,49,0,-1.25,52.71,1.90,49.56,0.00,0.00,0.00,0.00
446.70,36.03,30.50,36.00,30.00,AUTO,0,49,0,-1.25,52.71,1.90,49.56,0.00,0.00,0.00,0.00
447.70,36.03,30.46,36.00,30.00,AUTO,0,49,0,-1.25,52.71,1.90,49.56,0.00,0.00,0.00,0.00
448.70,36.03,30.46,36.00,30.00,AUTO,0,49,0,-1.25,52.71,1.90,49.56,0.00,0.00,0.00,0.00
449.70,36.03,30.50,36.00,30.00,AUTO,0,49,0,-1.25,52.71,1.90,49.56,0.00,0.00,0.00,0.00
450.70,36.02,30.48,36.00,30.00,AUTO,0,49,0,-1.25,52.61,1.90,49.46,0.00,0.00,0.00,0.00
451.71,36.02,30.48,36.00,30.00,AUTO,0,49,0,-1.25,52.61,1.90,49.46,0.00,0.00,0.00,0.00
452.71,36.02,30.48,36.00,30.00,AUTO,0,49,0,-1.25,52.61,1.90,49.46,0.00,0.00,0.00,0.00
453.71,36.02,30.48,36.00,30.00,AUTO,0,49,0,-1.25,52.61,1.90,49.46,0.00,0.00,0.00,0.00
454.71,36.03,30.50,36.00,30.00,AUTO,0,49,0,-1.25,52.61,1.90,49.46,0.00,0.00,0.00,0.00
455.71,36.03,30.48,36.00,30.00,AUTO,0,49,0,-1.25,52.61,1.90,49.46,0.00,0.00,0.00,0.00
456.72,36.03,30.50,36.00,30.00,AUTO,0,49,0,-1.25,52.61,1.90,49.46,0.00,0.00,0.00,0.00
457.72,36.03,30.50,36.00,30.00,AUTO,0,49,0,-1.25,52.61,1.90,49.46,0.00,0.00,0.00,0.00
458.72,36.02,30.48,36.00,30.00,AUTO,0,49,0,-1.25,52.52,1.90,49.36,0.00,0.00,0.00,0.00
459.72,36.02,30.53,36.00,30.00,AUTO,0,49,0,-1.25,52.52,1.90,49.36,0.00,0.00,0.00,0.00
460.72,36.02,30.53,36.00,30.00,AUTO,0,49,0,-1.25,52.52,1.90,49.36,0.00,0.00,0.00,0.00
461.72,36.02,30.53,36.00,30.00,AUTO,0,49,0,-1.25,52.52,1.90,49.36,0.00,0.00,0.00,0.00
462.73,36.02,30.54,36.00,30.00,AUTO,0,49,0,-1.25,52.52,1.90,49.36,0.00,0.00,0.00,0.00
463.72,36.03,30.54,36.00,30.00,AUTO,0,49,0,-1.25,52.52,1.90,49.36,0.00,0.00,0.00,0.00
464.73,36.02,30.54,36.00,30.00,AUTO,0,49,0,-1.25,52.52,1.90,49.36,0.00,0.00,0.00,0.00
465.73,36.02,30.53,36.00,30.00,AUTO,0,49,0,-1.25,52.52,1.90,49.36,0.00,0.00,0.00,0.00
466.73,36.02,30.53,36.00,30.00,AUTO,0,51,0,-1.06,52.43,0.36,51.01,0.00,0.00,0.00,0.00
467.73,36.02,30.53,36.00,30.00,AUTO,0,51,0,-1.06,52.43,0.36,51.01,0.00,0.00,0.00,0.00
468.73,36.02,30.53,36.00,30.00,AUTO,0,51,0,-1.06,52.43,0.36,51.01,0.00,0.00,0.00,0.00
469.74,36.02,30.57,36.00,30.00,AUTO,0,51,0,-1.06,52.43,0.36,51.01,0.00,0.00,0.00,0.00
470.74,36.02,30.57,36.00,30.00,AUTO,0,51,0,-1.06,52.43,0.36,51.01,0.00,0.00,0.00,0.00
471.74,36.02,30.57,36.00,30.00,AUTO,0,51,0,-1.06,52.43,0.36,51.01,0.00,0.00,0.00,0.00
472.74,36.02,30.57,36.00,30.00,AUTO,0,51,0,-1.06,52.43,0.36,51.01,0.00,0.00,0.00,0.00
473.74,36.02,30.57,36.00,30.00,AUTO,0,51,0,-1.06,52.43,0.36,51.01,0.00,0.00,0.00,0.00
474.74,36.02,30.57,36.00,30.00,AUTO,0,51,0,-1.00,52.35,0.00,51.35,0.00,0.00,0.00,0.00
475.75,36.02,30.61,36.00,30.00,AUTO,0,51,0,-1.00,52.35,0.00,51.35,0.00,0.00,0.00,0.00
476.75,36.02,30.61,36.00,30.00,AUTO,0,51,0,-1.00,52.35,0.00,51.35,0.00,0.00,0.00,0.00
477.75,36.02,30.61,36.00,30.00,AUTO,0,51,0,-1.00,52.35,0.00,51.35,0.00,0.00,0.00,0.00
478.75,36.02,30.61,36.00,30.00,AUTO,0,51,0,-1.00,52.35,0.00,51.35,0.00,0.00,0.00,0.00
479.75,36.02,30.61,36.00,30.00,AUTO,0,51,0,-1.00,52.35,0.00,51.35,0.00,0.00,0.00,0.00
480.75,36.02,30.61,36.00,30.00,AUTO,0,51,0,-1.00,52.35,0.00,51.35,0.00,0.00,0.00,0.00
481.75,36.02,30.61,36.00,30.00,AUTO,0,51,0,-1.00,52.35,0.00,51.35,0.00,0.00,0.00,0.00
482.76,36.02,30.61,36.00,30.00,AUTO,0,51,0,-1.00,52.27,0.00,51.27,0.00,0.00,0.00,0.00
483.76,36.02,30.61,36.00,30.00,AUTO,0,51,0,-1.00,52.27,0.00,51.27,0.00,0.00,0.00,0.00
484.76,36.02,30.61,36.00,30.00,AUTO,0,51,0,-1.00,52.27,0.00,51.27,0.00,0.00,0.00,0.00
485.76,36.02,30.61,36.00,30.00,AUTO,0,51,0,-1.00,52.27,0.00,51.27,0.00,0.00,0.00,0.00
486.76,36.02,30.61,36.00,30.00,AUTO,0,51,0,-1.00,52.27,0.00,51.27,0.00,0.00,0.00,0.00
487.77,36.02,30.62,36.00,30.00,AUTO,0,51,0,-1.00,52.27,0.00,51.27,0.00,0.00,0.00,0.00
488.77,36.03,30.61,36.00,30.00,AUTO,0,51,0,-1.00,52.27,0.00,51.27,0.00,0.00,0.00,0.00
489.77,36.03,30.62,36.00,30.00,AUTO,0,51,0,-1.00,52.27,0.00,51.27,0.00,0.00,0.00,0.00
490.77,36.02,30.61,36.00,30.00,AUTO,0,49,0,-1.12,52.18,1.43,49.63,0.00,0.00,0.00,0.00
491.77,36.02,30.61,36.00,30.00,AUTO,0,49,0,-1.12,52.18,1.43,49.63,0.00,0.00,0.00,0.00
492.77,36.02,30.61,36.00,30.00,AUTO,0,49,0,-1.12,52.18,1.43,49.63,0.00,0.00,0.00,0.00
493.77,36.02,30.61,36.00,30.00,AUTO,0,49,0,-1.12,52.18,1.43,49.63,0.00,0.00,0.00,0.00
494.77,36.03,30.61,36.00,30.00,AUTO,0,49,0,-1.12,52.18,1.43,49.63,0.00,0.00,0.00,0.00
495.77,36.02,30.66,36.00,30.00,AUTO,0,49,0,-1.12,52.18,1.43,49.63,0.00,0.00,0.00,0.00
496.78,36.03,30.62,36.00,30.00,AUTO,0,49,0,-1.12,52.18,1.43,49.63,0.00,0.00,0.00,0.00
497.78,36.03,30.61,36.00,30.00,AUTO,0,49,0,-1.12,52.18,1.43,49.63,0.00,0.00,0.00,0.00
498.78,36.02,30.61,36.00,30.00,AUTO,0,49,0,-1.19,52.08,1.55,49.35,0.00,0.00,0.00,0.00
499.78,36.02,30.64,36.00,30.00,AUTO,0,49,0,-1.19,52.08,1.55,49.35,0.00,0.00,0.00,0.00
500.78,36.02,30.64,36.00,30.00,AUTO,0,49,0,-1.19,52.08,1.55,49.35,0.00,0.00,0.00,0.00
501.79,36.02,30.64,36.00,30.00,AUTO,0,49,0,-1.19,52.08,1.55,49.35,0.00,0.00,0.00,0.00
502.79,36.03,30.64,36.00,30.00,AUTO,0,49,0,-1.19,52.08,1.55,49.35,0.00,0.00,0.00,0.00
503.79,36.03,30.64,36.00,30.00,AUTO,0,49,0,-1.19,52.08,1.55,49.35,0.00,0.00,0.00,0.00
504.79,36.03,30.66,36.00,30.00,AUTO,0,49,0,-1.19,52.08,1.55,49.35,0.00,0.00,0.00,0.00
505.79,36.03,30.64,36.00,30.00,AUTO,0,49,0,-1.19,52.08,1.55,49.35,0.00,0.00,0.00,0.00
506.79,36.02,30.64,36.00,30.00,AUTO,0,48,0,-1.25,51.98,1.90,48.83,0.00,0.00,0.00,0.00
507.80,36.02,30.64,36.00,30.00,AUTO,0,48,0,-1.25,51.98,1.90,48.83,0.00,0.00,0.00,0.00
508.80,36.02,30.64,36.00,30.00,AUTO,0,48,0,-1.25,51.98,1.90,48.83,0.00,0.00,0.00,0.00
509.80,36.02,30.64,36.00,30.00,AUTO,0,48,0,-1.25,51.98,1.90,48.83,0.00,0.00,0.00,0.00
510.80,36.03,30.66,36.00,30.00,AUTO,0,48,0,-1.25,51.98,1.90,48.83,0.00,0.00,0.00,0.00
511.80,36.03,30.66,36.00,30.00,AUTO,0,48,0,-1.25,51.98,1.90,48.83,0.00,0.00,0.00,0.00
512.80,36.03,30.66,36.00,30.00,AUTO,0,48,0,-1.25,51.98,1.90,48.83,0.00,0.00,0.00,0.00
513.80,36.03,30.66,36.00,30.00,AUTO,0,48,0,-1.25,51.98,1.90,48.83,0.00,0.00,0.00,0.00
514.81,36.02,30.73,36.00,30.00,AUTO,0,48,0,-1.25,51.88,1.90,48.73,0.00,0.00,0.00,0.00
515.81,36.02,30.73,36.00,30.00,AUTO,0,48,0,-1.25,51.88,1.90,48.73,0.00,0.00,0.00,0.00
516.81,36.02,30.73,36.00,30.00,AUTO,0,48,0,-1.25,51.88,1.90,48.73,0.00,0.00,0.00,0.00
517.81,36.02,30.73,36.00,30.00,AUTO,0,48,0,-1.25,51.88,1.90,48.73,0.00,0.00,0.00,0.00
518.81,36.03,30.74,36.00,30.00,AUTO,0,48,0,-1.25,51.88,1.90,48.73,0.00,0.00,0.00,0.00
519.82,36.03,30.74,36.00,30.00,AUTO,0,48,0,-1.25,51.88,1.90,48.73,0.00,0.00,0.00,0.00
520.82,36.03,30.74,36.00,30.00,AUTO,0,48,0,-1.25,51.88,1.90,48.73,0.00,0.00,0.00,0.00
521.82,36.03,30.73,36.00,30.00,AUTO,0,48,0,-1.25,51.88,1.90,48.73,0.00,0.00,0.00,0.00
522.82,36.02,30.73,36.00,30.00,AUTO,0,48,0,-1.25,51.79,1.90,48.63,0.00,0.00,0.00,0.00
523.82,36.02,30.73,36.00,30.00,AUTO,0,48,0,-1.25,51.79,1.90,48.63,0.00,0.00,0.00,0.00
524.82,36.02,30.73,36.00,30.00,AUTO,0,48,0,-1.25,51.79,1.90,48.63,0.00,0.00,0.00,0.00
525.82,36.02,30.77,36.00,30.00,AUTO,0,48,0,-1.25,51.79,1.90,48.63,0.00,0.00,0.00,0.00
526.83,36.02,30.77,36.00,30.00,AUTO,0,48,0,-1.25,51.79,1.90,48.63,0.00,0.00,0.00,0.00
527.82,36.02,30.74,36.00,30.00,AUTO,0,48,0,-1.25,51.79,1.90,48.63,0.00,0.00,0.00,0.00
528.83,36.02,30.73,36.00,30.00,AUTO,0,48,0,-1.25,51.79,1.90,48.63,0.00,0.00,0.00,0.00
529.83,36.02,30.73,36.00,30.00,AUTO,0,48,0,-1.25,51.79,1.90,48.63,0.00,0.00,0.00,0.00
530.83,36.02,30.73,36.00,30.00,AUTO,0,50,0,-1.00,51.70,0.00,50.70,0.00,0.00,0.00,0.00
531.83,36.02,30.77,36.00,30.00,AUTO,0,50,0,-1.00,51.70,0.00,50.70,0.00,0.00,0.00,0.00
532.83,36.02,30.77,36.00,30.00,AUTO,0,50,0,-1.00,51.70,0.00,50.70,0.00,0.00,0.00,0.00
533.84,36.02,30.77,36.00,30.00,AUTO,0,50,0,-1.00,51.70,0.00,50.70,0.00,0.00,0.00,0.00
534.84,36.02,30.77,36.00,30.00,AUTO,0,50,0,-1.00,51.70,0.00,50.70,0.00,0.00,0.00,0.00
535.84,36.02,30.73,36.00,30.00,AUTO,0,50,0,-1.00,51.70,0.00,50.70,0.00,0.00,0.00,0.00
536.84,36.02,30.73,36.00,30.00,AUTO,0,50,0,-1.00,51.70,0.00,50.70,0.00,0.00,0.00,0.00
537.84,36.02,30.73,36.00,30.00,AUTO,0,50,0,-1.00,51.70,0.00,50.70,0.00,0.00,0.00,0.00
538.85,36.02,30.73,36.00,30.00,AUTO,0,50,0,-1.00,51.62,0.00,50.62,0.00,0.00,0.00,0.00
539.85,36.02,30.73,36.00,30.00,AUTO,0,50,0,-1.00,51.62,0.00,50.62,0.00,0.00,0.00,0.00
540.87,35.99,30.77,36.00,30.00,AUTO,0,50,0,-1.00,51.62,0.00,50.62,0.00,0.00,0.00,0.00
541.85,35.98,30.77,36.00,30.00,AUTO,0,50,0,-1.00,51.62,0.00,50.62,0.00,0.00,0.00,0.00
542.85,36.02,30.77,36.00,30.00,AUTO,0,50,0,-1.00,51.62,0.00,50.62,0.00,0.00,0.00,0.00
543.85,36.02,30.77,36.00,30.00,AUTO,0,50,0,-1.00,51.62,0.00,50.62,0.00,0.00,0.00,0.00
544.85,36.02,30.77,36.00,30.00,AUTO,0,50,0,-1.00,51.62,0.00,50.62,0.00,0.00,0.00,0.00
545.85,36.02,30.80,36.00,30.00,AUTO,0,50,0,-1.00,51.62,0.00,50.62,0.00,0.00,0.00,0.00
546.86,35.97,30.80,36.00,30.00,AUTO,0,49,0,-0.56,51.58,1.55,49.47,0.00,0.00,0.00,0.00
547.86,35.97,30.80,36.00,30.00,AUTO,0,49,0,-0.56,51.58,1.55,49.47,0.00,0.00,0.00,0.00
548.86,35.97,30.80,36.00,30.00,AUTO,0,49,0,-0.56,51.58,1.55,49.47,0.00,0.00,0.00,0.00
549.86,35.96,30.80,36.00,30.00,AUTO,0,49,0,-0.56,51.58,1.55,49.47,0.00,0.00,0.00,0.00
550.86,36.00,30.80,36.00,30.00,AUTO,0,49,0,-0.56,51.58,1.55,49.47,0.00,0.00,0.00,0.00
551.87,36.00,30.80,36.00,30.00,AUTO,0,49,0,-0.56,51.58,1.55,49.47,0.00,0.00,0.00,0.00
552.87,36.00,30.80,36.00,30.00,AUTO,0,49,0,-0.56,51.58,1.55,49.47,0.00,0.00,0.00,0.00
553.87,35.99,30.85,36.00,30.00,AUTO,0,49,0,-0.56,51.58,1.55,49.47,0.00,0.00,0.00,0.00
554.87,35.96,30.85,36.00,30.00,AUTO,0,47,0,0.88,51.65,5.00,47.52,0.00,0.00,0.00,0.00
555.87,35.96,30.85,36.00,30.00,AUTO,0,47,0,0.88,51.65,5.00,47.52,0.00,0.00,0.00,0.00
556.87,35.95,30.85,36.00,30.00,AUTO,0,47,0,0.88,51.65,5.00,47.52,0.00,0.00,0.00,0.00
557.87,35.94,30.80,36.00,30.00,AUTO,0,47,0,0.88,51.65,5.00,47.52,0.00,0.00,0.00,0.00
558.87,35.96,30.77,36.00,30.00,AUTO,0,47,0,0.88,51.65,5.00,47.52,0.00,0.00,0.00,0.00
559.87,35.95,30.73,36.00,30.00,AUTO,0,47,0,0.88,51.65,5.00,47.52,0.00,0.00,0.00,0.00
560.89,35.95,30.73,36.00,30.00,AUTO,0,47,0,0.88,51.65,5.00,47.52,0.00,0.00,0.00,0.00
561.88,35.94,30.64,36.00,30.00,AUTO,0,47,0,0.88,51.65,5.00,47.52,0.00,0.00,0.00,0.00
562.88,35.90,30.64,36.00,30.00,AUTO,0,56,0,2.44,51.84,-2.02,56.31,0.00,0.00,0.00,0.00
563.89,35.90,30.64,36.00,30.00,AUTO,0,56,0,2.44,51.84,-2.02,56.31,0.00,0.00,0.00,0.00
564.88,35.88,30.64,36.00,30.00,AUTO,0,56,0,2.44,51.84,-2.02,56.31,0.00,0.00,0.00,0.00
565.89,35.87,30.61,36.00,30.00,AUTO,0,56,0,2.44,51.84,-2.02,56.31,0.00,0.00,0.00,0.00
566.89,35.88,30.61,36.00,30.00,AUTO,0,56,0,2.44,51.84,-2.02,56.31,0.00,0.00,0.00,0.00
567.89,35.87,30.57,36.00,30.00,AUTO,0,56,0,2.44,51.84,-2.02,56.31,0.00,0.00,0.00,0.00
568.89,35.87,30.57,36.00,30.00,AUTO,0,56,0,2.44,51.84,-2.02,56.31,0.00,0.00,0.00,0.00
569.89,35.86,30.61,36.00,30.00,AUTO,0,56,0,2.44,51.84,-2.02,56.31,0.00,0.00,0.00,0.00
570.90,35.83,30.59,36.00,30.00,AUTO,0,63,0,6.06,52.33,-5.36,63.75,0.00,0.00,0.00,0.00
571.90,35.82,30.59,36.00,30.00,AUTO,0,63,0,6.06,52.33,-5.36,63.75,0.00,0.00,0.00,0.00
572.90,35.81,30.55,36.00,30.00,AUTO,0,63,0,6.06,52.33,-5.36,63.75,0.00,0.00,0.00,0.00
573.90,35.80,30.55,36.00,30.00,AUTO,0,63,0,6.06,52.33,-5.36,63.75,0.00,0.00,0.00,0.00
574.90,35.79,30.55,36.00,30.00,AUTO,0,63,0,6.06,52.33,-5.36,63.75,0.00,0.00,0.00,0.00
575.90,35.80,30.55,36.00,30.00,AUTO,0,63,0,6.06,52.33,-5.36,63.75,0.00,0.00,0.00,0.00
576.90,35.79,30.59,36.00,30.00,AUTO,0,63,0,6.06,52.33,-5.36,63.75,0.00,0.00,0.00,0.00
577.90,35.77,30.59,36.00,30.00,AUTO,0,63,0,6.06,52.33,-5.36,63.75,0.00,0.00,0.00,0.00
578.91,35.74,30.59,36.00,30.00,AUTO,0,70,0,9.94,53.12,-7.26,70.32,0.00,0.00,0.00,0.00
579.91,35.73,30.63,36.00,30.00,AUTO,0,70,0,9.94,53.12,-7.26,70.32,0.00,0.00,0.00,0.00
580.91,35.72,30.63,36.00,30.00,AUTO,0,70,0,9.94,53.12,-7.26,70.32,0.00,0.00,0.00,0.00
581.91,35.72,30.63,36.00,30.00,AUTO,0,70,0,9.94,53.12,-7.26,70.32,0.00,0.00,0.00,0.00
582.91,35.71,30.63,36.00,30.00,AUTO,0,70,0,9.94,53.12,-7.26,70.32,0.00,0.00,0.00,0.00
583.92,35.71,30.63,36.00,30.00,AUTO,0,70,0,9.94,53.12,-7.26,70.32,0.00,0.00,0.00,0.00
584.92,35.71,30.63,36.00,30.00,AUTO,0,70,0,9.94,53.12,-7.26,70.32,0.00,0.00,0.00,0.00
585.92,35.71,30.71,36.00,30.00,AUTO,0,70,0,9.94,53.12,-7.26,70.32,0.00,0.00,0.00,0.00
586.92,35.69,30.75,36.00,30.00,AUTO,0,72,0,14.06,54.25,-4.17,72.48,0.00,0.00,0.00,0.00
587.92,35.68,30.74,36.00,30.00,AUTO,0,72,0,14.06,54.25,-4.17,72.48,0.00,0.00,0.00,0.00
588.92,35.68,30.74,36.00,30.00,AUTO,0,72,0,14.06,54.25,-4.17,72.48,0.00,0.00,0.00,0.00
589.93,35.66,30.74,36.00,30.00,AUTO,0,72,0,14.06,54.25,-4.17,72.48,0.00,0.00,0.00,0.00
590.92,35.66,30.74,36.00,30.00,AUTO,0,72,0,14.06,54.25,-4.17,72.48,0.00,0.00,0.00,0.00
591.93,35.65,30.69,36.00,30.00,AUTO,0,72,0,14.06,54.25,-4.17,72.48,0.00,0.00,0.00,0.00
592.93,35.66,30.69,36.00,30.00,AUTO,0,72,0,14.06,54.25,-4.17,72.48,0.00,0.00,0.00,0.00
593.93,35.66,30.69,36.00,30.00,AUTO,0,72,0,14.06,54.25,-4.17,72.48,0.00,0.00,0.00,0.00
594.93,35.63,30.69,36.00,30.00,AUTO,0,76,0,16.62,55.58,-4.76,76.97,0.00,0.00,0.00,0.00
595.93,35.63,30.74,36.00,30.00,AUTO,0,76,0,16.62,55.58,-4.76,76.97,0.00,0.00,0.00,0.00
596.93,35.63,30.74,36.00,30.00,AUTO,0,76,0,16.62,55.58,-4.76,76.97,0.00,0.00,0.00,0.00
597.94,35.62,30.74,36.00,30.00,AUTO,0,76,0,16.62,55.58,-4.76,76.97,0.00,0.00,0.00,0.00
598.94,35.62,30.74,36.00,30.00,AUTO,0,76,0,16.62,55.58,-4.76,76.97,0.00,0.00,0.00,0.00
599.94,35.60,30.69,36.00,30.00,AUTO,0,76,0,16.62,55.58,-4.76,76.97,0.00,0.00,0.00,0.00
600.94,35.62,30.69,36.00,30.00,AUTO,0,76,0,16.62,55.58,-4.76,76.97,0.00,0.00,0.00,0.00
601.94,35.62,30.69,36.00,30.00,AUTO,0,76,0,16.62,55.58,-4.76,76.97,0.00,0.00,0.00,0.00
602.95,35.59,30.69,36.00,30.00,AUTO,0,78,0,18.94,57.09,-2.50,78.53,0.00,0.00,0.00,0.00
603.95,35.58,30.74,36.00,30.00,AUTO,0,78,0,18.94,57.09,-2.50,78.53,0.00,0.00,0.00,0.00
604.95,35.58,30.74,36.00,30.00,AUTO,0,78,0,18.94,57.09,-2.50,78.53,0.00,0.00,0.00,0.00
605.95,35.58,30.77,36.00,30.00,AUTO,0,78,0,18.94,57.09,-2.50,78.53,0.00,0.00,0.00,0.00
606.95,35.58,30.74,36.00,30.00,AUTO,0,78,0,18.94,57.09,-2.50,78.53,0.00,0.00,0.00,0.00
607.95,35.57,30.74,36.00,30.00,AUTO,0,78,0,18.94,57.09,-2.50,78.53,0.00,0.00,0.00,0.00
608.95,35.59,30.74,36.00,30.00,AUTO,0,78,0,18.94,57.09,-2.50,78.53,0.00,0.00,0.00,0.00
609.95,35.59,30.74,36.00,30.00,AUTO,0,78,0,18.94,57.09,-2.50,78.53,0.00,0.00,0.00,0.00
610.96,35.57,30.74,36.00,30.00,AUTO,0,79,0,20.87,58.76,0.24,79.40,0.00,0.00,0.00,0.00
611.96,35.57,30.69,36.00,30.00,AUTO,0,79,0,20.87,58.76,0.24,79.40,0.00,0.00,0.00,0.00
612.96,35.57,30.61,36.00,30.00,AUTO,0,79,0,20.87,58.76,0.24,79.40,0.00,0.00,0.00,0.00
613.96,35.57,30.61,36.00,30.00,AUTO,0,79,0,20.87,58.76,0.24,79.40,0.00,0.00,0.00,0.00
614.96,35.56,30.58,36.00,30.00,AUTO,0,79,0,20.87,58.76,0.24,79.40,0.00,0.00,0.00,0.00
615.97,35.56,30.58,36.00,30.00,AUTO,0,79,0,20.87,58.76,0.24,79.40,0.00,0.00,0.00,0.00
616.97,35.57,30.58,36.00,30.00,AUTO,0,79,0,20.87,58.76,0.24,79.40,0.00,0.00,0.00,0.00
617.97,35.57,30.61,36.00,30.00,AUTO,0,79,0,20.87,58.76,0.24,79.40,0.00,0.00,0.00,0.00
618.97,35.56,30.61,36.00,30.00,AUTO,0,82,0,21.62,60.49,-0.48,82.60,0.00,0.00,0.00,0.00
619.97,35.56,30.69,36.00,30.00,AUTO,0,82,0,21.62,60.49,-0.48,82.60,0.00,0.00,0.00,0.00
620.97,35.56,30.69,36.00,30.00,AUTO,0,82,0,21.62,60.49,-0.48,82.60,0.00,0.00,0.00,0.00
621.98,35.56,30.69,36.00,30.00,AUTO,0,82,0,21.62,60.49,-0.48,82.60,0.00,0.00,0.00,0.00
622.97,35.57,30.69,36.00,30.00,AUTO,0,82,0,21.62,60.49,-0.48,82.60,0.00,0.00,0.00,0.00
623.98,35.57,30.61,36.00,30.00,AUTO,0,82,0,21.62,60.49,-0.48,82.60,0.00,0.00,0.00,0.00
624.98,35.58,30.58,36.00,30.00,AUTO,0,82,0,21.62,60.49,-0.48,82.60,0.00,0.00,0.00,0.00
625.98,35.58,30.58,36.00,30.00,AUTO,0,82,0,21.62,60.49,-0.48,82.60,0.00,0.00,0.00,0.00
626.98,35.57,30.58,36.00,30.00,AUTO,0,80,0,21.62,62.22,3.33,80.52,0.00,0.00,0.00,0.00
627.98,35.57,30.58,36.00,30.00,AUTO,0,80,0,21.62,62.22,3.33,80.52,0.00,0.00,0.00,0.00
628.98,35.57,30.58,36.00,30.00,AUTO,0,80,0,21.62,62.22,3.33,80.52,0.00,0.00,0.00,0.00
629.99,35.56,30.61,36.00,30.00,AUTO,0,80,0,21.62,62.22,3.33,80.52,0.00,0.00,0.00,0.00
630.99,35.57,30.58,36.00,30.00,AUTO,0,80,0,21.62,62.22,3.33,80.52,0.00,0.00,0.00,0.00
631.99,35.57,30.58,36.00,30.00,AUTO,0,80,0,21.62,62.22,3.33,80.52,0.00,0.00,0.00,0.00
632.99,35.59,30.58,36.00,30.00,AUTO,0,80,0,21.62,62.22,3.33,80.52,0.00,0.00,0.00,0.00
633.99,35.59,30.58,36.00,30.00,AUTO,0,80,0,21.62,62.22,3.33,80.52,0.00,0.00,0.00,0.00
635.00,35.58,30.58,36.00,30.00,AUTO,0,82,0,21.31,63.93,2.98,82.27,0.00,0.00,0.00,0.00
636.00,35.58,30.58,36.00,30.00,AUTO,0,82,0,21.31,63.93,2.98,82.27,0.00,0.00,0.00,0.00
637.00,35.58,30.58,36.00,30.00,AUTO,0,82,0,21.31,63.93,2.98,82.27,0.00,0.00,0.00,0.00
638.00,35.59,30.58,36.00,30.00,AUTO,0,82,0,21.31,63.93,2.98,82.27,0.00,0.00,0.00,0.00
639.00,35.58,30.58,36.00,30.00,AUTO,0,82,0,21.31,63.93,2.98,82.27,0.00,0.00,0.00,0.00
640.00,35.59,30.53,36.00,30.00,AUTO,0,82,0,21.31,63.93,2.98,82.27,0.00,0.00,0.00,0.00
641.00,35.62,30.53,36.00,30.00,AUTO,0,82,0,21.31,63.93,2.98,82.27,0.00,0.00,0.00,0.00
642.00,35.62,30.49,36.00,30.00,AUTO,0,82,0,21.31,63.93,2.98,82.27,0.00,0.00,0.00,0.00
643.01,35.60,30.49,36.00,30.00,AUTO,0,79,0,20.37,65.56,5.95,79.98,0.00,0.00,0.00,0.00
644.01,35.60,30.45,36.00,30.00,AUTO,0,79,0,20.37,65.56,5.95,79.98,0.00,0.00,0.00,0.00
645.01,35.60,30.41,36.00,30.00,AUTO,0,79,0,20.37,65.56,5.95,79.98,0.00,0.00,0.00,0.00
646.01,35.60,30.41,36.00,30.00,AUTO,0,79,0,20.37,65.56,5.95,79.98,0.00,0.00,0.00,0.00
647.01,35.60,30.41,36.00,30.00,AUTO,0,79,0,20.37,65.56,5.95,79.98,0.00,0.00,0.00,0.00
648.02,35.60,30.45,36.00,30.00,AUTO,0,79,0,20.37,65.56,5.95,79.98,0.00,0.00,0.00,0.00
649.02,35.64,30.45,36.00,30.00,AUTO,0,79,0,20.37,65.56,5.95,79.98,0.00,0.00,0.00,0.00
650.02,35.64,30.41,36.00,30.00,AUTO,0,79,0,20.37,65.56,5.95,79.98,0.00,0.00,0.00,0.00
651.02,35.62,30.41,36.00,30.00,AUTO,0,80,0,19.50,67.12,5.72,80.90,0.00,0.00,0.00,0.00
652.02,35.63,30.41,36.00,30.00,AUTO,0,80,0,19.50,67.12,5.72,80.90,0.00,0.00,0.00,0.00
653.02,35.63,30.41,36.00,30.00,AUTO,0,80,0,19.50,67.12,5.72,80.90,0.00,0.00,0.00,0.00
654.03,35.63,30.41,36.00,30.00,AUTO,0,80,0,19.50,67.12,5.72,80.90,0.00,0.00,0.00,0.00
655.03,35.63,30.41,36.00,30.00,AUTO,0,80,0,19.50,67.12,5.72,80.90,0.00,0.00,0.00,0.00
656.03,35.63,30.41,36.00,30.00,AUTO,0,80,0,19.50,67.12,5.72,80.90,0.00,0.00,0.00,0.00
657.03,35.65,30.33,36.00,30.00,AUTO,0,80,0,19.50,67.12,5.72,80.90,0.00,0.00,0.00,0.00
658.03,35.65,30.33,36.00,30.00,AUTO,0,80,0,19.50,67.12,5.72,80.90,0.00,0.00,0.00,0.00
659.03,35.64,30.33,36.00,30.00,AUTO,0,83,0,18.31,68.58,3.69,83.21,0.00,0.00,0.00,0.00
660.03,35.64,30.33,36.00,30.00,AUTO,0,83,0,18.31,68.58,3.69,83.21,0.00,0.00,0.00,0.00
661.03,35.64,30.29,36.00,30.00,AUTO,0,83,0,18.31,68.58,3.69,83.21,0.00,0.00,0.00,0.00
662.04,35.65,30.29,36.00,30.00,AUTO,0,83,0,18.31,68.58,3.69,83.21,0.00,0.00,0.00,0.00
663.04,35.65,30.29,36.00,30.00,AUTO,0,83,0,18.31,68.58,3.69,83.21,0.00,0.00,0.00,0.00
664.04,35.65,30.29,36.00,30.00,AUTO,0,83,0,18.31,68.58,3.69,83.21,0.00,0.00,0.00,0.00
665.04,35.65,30.25,36.00,30.00,AUTO,0,83,0,18.31,68.58,3.69,83.21,0.00,0.00,0.00,0.00
666.04,35.67,30.25,36.00,30.00,AUTO,0,83,0,18.31,68.58,3.69,83.21,0.00,0.00,0.00,0.00
667.05,35.66,30.25,36.00,30.00,AUTO,0,84,0,17.56,69.99,3.45,84.10,0.00,0.00,0.00,0.00
668.05,35.66,30.25,36.00,30.00,AUTO,0,84,0,17.56,69.99,3.45,84.10,0.00,0.00,0.00,0.00
669.05,35.66,30.25,36.00,30.00,AUTO,0,84,0,17.56,69.99,3.45,84.10,0.00,0.00,0.00,0.00
670.05,35.67,30.25,36.00,30.00,AUTO,0,84,0,17.56,69.99,3.45,84.10,0.00,0.00,0.00,0.00
671.05,35.68,30.25,36.00,30.00,AUTO,0,84,0,17.56,69.99,3.45,84.10,0.00,0.00,0.00,0.00
672.05,35.67,30.25,36.00,30.00,AUTO,0,84,0,17.56,69.99,3.45,84.10,0.00,0.00,0.00,0.00
673.05,35.68,30.25,36.00,30.00,AUTO,0,84,0,17.56,69.99,3.45,84.10,0.00,0.00,0.00,0.00
674.05,35.71,30.26,36.00,30.00,AUTO,0,84,0,17.56,69.99,3.45,84.10,0.00,0.00,0.00,0.00
675.06,35.70,30.26,36.00,30.00,AUTO,0,81,0,16.31,71.29,5.83,81.77,0.00,0.00,0.00,0.00
676.06,35.70,30.26,36.00,30.00,AUTO,0,81,0,16.31,71.29,5.83,81.77,0.00,0.00,0.00,0.00
677.06,35.71,30.22,36.00,30.00,AUTO,0,81,0,16.31,71.29,5.83,81.77,0.00,0.00,0.00,0.00
678.06,35.71,30.22,36.00,30.00,AUTO,0,81,0,16.31,71.29,5.83,81.77,0.00,0.00,0.00,0.00
679.06,35.71,30.19,36.00,30.00,AUTO,0,81,0,16.31,71.29,5.83,81.77,0.00,0.00,0.00,0.00
680.07,35.72,30.14,36.00,30.00,AUTO,0,81,0,16.31,71.29,5.83,81.77,0.00,0.00,0.00,0.00
681.07,35.74,30.14,36.00,30.00,AUTO,0,81,0,16.31,71.29,5.83,81.77,0.00,0.00,0.00,0.00
682.07,35.74,30.14,36.00,30.00,AUTO,0,81,0,16.31,71.29,5.83,81.77,0.00,0.00,0.00,0.00
683.07,35.73,30.10,36.00,30.00,AUTO,0,80,0,14.19,72.43,6.07,80.55,0.00,0.00,0.00,0.00
684.07,35.73,30.10,36.00,30.00,AUTO,0,80,0,14.19,72.43,6.07,80.55,0.00,0.00,0.00,0.00
685.07,35.73,30.10,36.00,30.00,AUTO,0,80,0,14.19,72.43,6.07,80.55,0.00,0.00,0.00,0.00
686.08,35.73,30.10,36.00,30.00,AUTO,0,80,0,14.19,72.43,6.07,80.55,0.00,0.00,0.00,0.00
687.07,35.74,30.10,36.00,30.00,AUTO,0,80,0,14.19,72.43,6.07,80.55,0.00,0.00,0.00,0.00
688.08,35.74,30.10,36.00,30.00,AUTO,0,80,0,14.19,72.43,6.07,80.55,0.00,0.00,0.00,0.00
689.08,35.78,30.10,36.00,30.00,AUTO,0,80,0,14.19,72.43,6.07,80.55,0.00,0.00,0.00,0.00
690.08,35.78,30.10,36.00,30.00,AUTO,0,80,0,14.19,72.43,6.07,80.55,0.00,0.00,0.00,0.00
691.08,35.77,30.10,36.00,30.00,AUTO,0,78,0,12.75,73.45,7.62,78.58,0.00,0.00,0.00,0.00
692.08,35.77,30.10,36.00,30.00,AUTO,0,78,0,12.75,73.45,7.62,78.58,0.00,0.00,0.00,0.00
693.09,35.77,30.10,36.00,30.00,AUTO,0,78,0,12.75,73.45,7.62,78.58,0.00,0.00,0.00,0.00
694.09,35.77,30.10,36.00,30.00,AUTO,0,78,0,12.75,73.45,7.62,78.58,0.00,0.00,0.00,0.00
695.09,35.78,30.10,36.00,30.00,AUTO,0,78,0,12.75,73.45,7.62,78.58,0.00,0.00,0.00,0.00
696.09,35.78,30.06,36.00,30.00,AUTO,0,78,0,12.75,73.45,7.62,78.58,0.00,0.00,0.00,0.00
697.09,35.81,30.03,36.00,30.00,AUTO,0,78,0,12.75,73.45,7.62,78.58,0.00,0.00,0.00,0.00
698.09,35.81,30.03,36.00,30.00,AUTO,0,78,0,12.75,73.45,7.62,78.58,0.00,0.00,0.00,0.00
699.10,35.79,30.03,36.00,30.00,AUTO,0,79,0,10.88,74.32,6.19,79.00,0.00,0.00,0.00,0.00
700.10,35.79,30.03,36.00,30.00,AUTO,0,79,0,10.88,74.32,6.19,79.00,0.00,0.00,0.00,0.00
701.10,35.79,30.06,36.00,30.00,AUTO,0,79,0,10.88,74.32,6.19,79.00,0.00,0.00,0.00,0.00
702.10,35.79,30.03,36.00,30.00,AUTO,0,79,0,10.88,74.32,6.19,79.00,0.00,0.00,0.00,0.00
703.10,35.80,30.03,36.00,30.00,AUTO,0,79,0,10.88,74.32,6.19,79.00,0.00,0.00,0.00,0.00
704.10,35.79,29.98,36.00,30.00,AUTO,0,79,0,10.88,74.32,6.19,79.00,0.00,0.00,0.00,0.00
705.10,35.82,29.94,36.00,30.00,AUTO,0,79,0,10.88,74.32,6.19,79.00,0.00,0.00,0.00,0.00
706.10,35.84,29.96,36.00,30.00,AUTO,0,79,0,10.88,74.32,6.19,79.00,0.00,0.00,0.00,0.00
707.11,35.83,29.94,36.00,30.00,AUTO,0,78,0,9.94,75.11,6.07,78.98,0.00,0.00,0.00,0.00
708.11,35.82,29.98,36.00,30.00,AUTO,0,78,0,9.94,75.11,6.07,78.98,0.00,0.00,0.00,0.00
709.11,35.82,29.94,36.00,30.00,AUTO,0,78,0,9.94,75.11,6.07,78.98,0.00,0.00,0.00,0.00
710.11,35.82,29.94,36.00,30.00,AUTO,0,78,0,9.94,75.11,6.07,78.98,0.00,0.00,0.00,0.00
711.11,35.82,29.94,36.00,30.00,AUTO,0,78,0,9.94,75.11,6.07,78.98,0.00,0.00,0.00,0.00
712.12,35.82,29.94,36.00,30.00,AUTO,0,78,0,9.94,75.11,6.07,78.98,0.00,0.00,0.00,0.00
713.12,35.85,29.96,36.00,30.00,AUTO,0,78,0,9.94,75.11,6.07,78.98,0.00,0.00,0.00,0.00
714.12,35.85,29.96,36.00,30.00,AUTO,0,78,0,9.94,75.11,6.07,78.98,0.00,0.00,0.00,0.00
715.12,35.84,29.94,36.00,30.00,AUTO,0,80,0,8.56,75.80,3.45,80.91,0.00,0.00,0.00,0.00
716.12,35.84,29.94,36.00,30.00,AUTO,0,80,0,8.56,75.80,3.45,80.91,0.00,0.00,0.00,0.00
717.12,35.84,29.94,36.00,30.00,AUTO,0,80,0,8.56,75.80,3.45,80.91,0.00,0.00,0.00,0.00
718.13,35.84,29.94,36.00,30.00,AUTO,0,80,0,8.56,75.80,3.45,80.91,0.00,0.00,0.00,0.00
719.13,35.84,29.90,36.00,30.00,AUTO,0,80,0,8.56,75.80,3.45,80.91,0.00,0.00,0.00,0.00
720.13,35.84,29.90,36.00,30.00,AUTO,0,80,0,8.56,75.80,3.45,80.91,0.00,0.00,0.00,0.00
721.13,35.86,29.88,36.00,30.00,AUTO,0,80,0,8.56,75.80,3.45,80.91,0.00,0.00,0.00,0.00
722.13,35.87,29.88,36.00,30.00,AUTO,0,80,0,8.56,75.80,3.45,80.91,0.00,0.00,0.00,0.00
723.13,35.85,29.92,36.00,30.00,AUTO,0,80,0,7.69,76.41,3.69,80.41,0.00,0.00,0.00,0.00
724.13,35.85,29.92,36.00,30.00,AUTO,0,80,0,7.69,76.41,3.69,80.41,0.00,0.00,0.00,0.00
725.14,35.86,29.92,36.00,30.00,AUTO,0,80,0,7.69,76.41,3.69,80.41,0.00,0.00,0.00,0.00
726.14,35.86,29.92,36.00,30.00,AUTO,0,80,0,7.69,76.41,3.69,80.41,0.00,0.00,0.00,0.00
727.14,35.86,29.88,36.00,30.00,AUTO,0,80,0,7.69,76.41,3.69,80.41,0.00,0.00,0.00,0.00
728.14,35.86,29.88,36.00,30.00,AUTO,0,80,0,7.69,76.41,3.69,80.41,0.00,0.00,0.00,0.00
729.14,35.87,29.88,36.00,30.00,AUTO,0,80,0,7.69,76.41,3.69,80.41,0.00,0.00,0.00,0.00
730.14,35.88,29.88,36.00,30.00,AUTO,0,80,0,7.69,76.41,3.69,80.41,0.00,0.00,0.00,0.00
731.15,35.86,29.88,36.00,30.00,AUTO,0,80,0,6.94,76.97,3.69,80.22,0.00,0.00,0.00,0.00
732.15,35.85,29.84,36.00,30.00,AUTO,0,80,0,6.94,76.97,3.69,80.22,0.00,0.00,0.00,0.00
733.15,35.85,29.84,36.00,30.00,AUTO,0,80,0,6.94,76.97,3.69,80.22,0.00,0.00,0.00,0.00
734.15,35.85,29.84,36.00,30.00,AUTO,0,80,0,6.94,76.97,3.69,80.22,0.00,0.00,0.00,0.00
735.15,35.85,29.84,36.00,30.00,AUTO,0,80,0,6.94,76.97,3.69,80.22,0.00,0.00,0.00,0.00
736.15,35.85,29.84,36.00,30.00,AUTO,0,80,0,6.94,76.97,3.69,80.22,0.00,0.00,0.00,0.00
737.15,35.86,29.84,36.00,30.00,AUTO,0,80,0,6.94,76.97,3.69,80.22,0.00,0.00,0.00,0.00
738.16,35.86,29.84,36.00,30.00,AUTO,0,80,0,6.94,76.97,3.69,80.22,0.00,0.00,0.00,0.00
739.16,35.84,29.82,36.00,30.00,AUTO,0,84,0,7.31,77.55,0.60,84.27,0.00,0.00,0.00,0.00
740.16,35.84,29.82,36.00,30.00,AUTO,0,84,0,7.31,77.55,0.60,84.27,0.00,0.00,0.00,0.00
741.16,35.84,29.87,36.00,30.00,AUTO,0,84,0,7.31,77.55,0.60,84.27,0.00,0.00,0.00,0.00
742.16,35.85,29.88,36.00,30.00,AUTO,0,84,0,7.31,77.55,0.60,84.27,0.00,0.00,0.00,0.00
743.16,35.85,29.88,36.00,30.00,AUTO,0,84,0,7.31,77.55,0.60,84.27,0.00,0.00,0.00,0.00
744.17,35.84,29.84,36.00,30.00,AUTO,0,84,0,7.31,77.55,0.60,84.27,0.00,0.00,0.00,0.00
745.17,35.84,29.82,36.00,30.00,AUTO,0,84,0,7.31,77.55,0.60,84.27,0.00,0.00,0.00,0.00
746.17,35.86,29.84,36.00,30.00,AUTO,0,84,0,7.31,77.55,0.60,84.27,0.00,0.00,0.00,0.00
747.17,35.84,29.82,36.00,30.00,AUTO,0,84,0,7.75,78.17,1.67,84.26,0.00,0.00,0.00,0.00
748.17,35.84,29.84,36.00,30.00,AUTO,0,84,0,7.75,78.17,1.67,84.26,0.00,0.00,0.00,0.00
749.17,35.85,29.84,36.00,30.00,AUTO,0,84,0,7.75,78.17,1.67,84.26,0.00,0.00,0.00,0.00
750.18,35.84,29.88,36.00,30.00,AUTO,0,84,0,7.75,78.17,1.67,84.26,0.00,0.00,0.00,0.00
751.18,35.85,29.88,36.00,30.00,AUTO,0,84,0,7.75,78.17,1.67,84.26,0.00,0.00,0.00,0.00
752.18,35.85,29.88,36.00,30.00,AUTO,0,84,0,7.75,78.17,1.67,84.26,0.00,0.00,0.00,0.00
753.18,35.84,29.88,36.00,30.00,AUTO,0,84,0,7.75,78.17,1.67,84.26,0.00,0.00,0.00,0.00
754.18,35.87,29.88,36.00,30.00,AUTO,0,84,0,7.75,78.17,1.67,84.26,0.00,0.00,0.00,0.00
755.18,35.86,29.88,36.00,30.00,AUTO,0,83,0,7.63,78.78,2.62,83.79,0.00,0.00,0.00,0.00
756.18,35.86,29.88,36.00,30.00,AUTO,0,83,0,7.63,78.78,2.62,83.79,0.00,0.00,0.00,0.00
757.19,35.87,29.88,36.00,30.00,AUTO,0,83,0,7.63,78.78,2.62,83.79,0.00,0.00,0.00,0.00
758.19,35.87,29.88,36.00,30.00,AUTO,0,83,0,7.63,78.78,2.62,83.79,0.00,0.00,0.00,0.00
759.19,35.87,29.88,36.00,30.00,AUTO,0,83,0,7.63,78.78,2.62,83.79,0.00,0.00,0.00,0.00
760.19,35.88,29.84,36.00,30.00,AUTO,0,83,0,7.63,78.78,2.62,83.79,0.00,0.00,0.00,0.00
761.19,35.88,29.84,36.00,30.00,AUTO,0,83,0,7.63,78.78,2.62,83.79,0.00,0.00,0.00,0.00
762.19,35.92,29.84,36.00,30.00,AUTO,0,83,0,7.63,78.78,2.62,83.79,0.00,0.00,0.00,0.00
763.20,35.90,29.84,36.00,30.00,AUTO,0,78,0,6.19,79.28,6.55,78.92,0.00,0.00,0.00,0.00
764.20,35.90,29.84,36.00,30.00,AUTO,0,78,0,6.19,79.28,6.55,78.92,0.00,0.00,0.00,0.00
765.20,35.90,29.88,36.00,30.00,AUTO,0,78,0,6.19,79.28,6.55,78.92,0.00,0.00,0.00,0.00
766.20,35.90,29.84,36.00,30.00,AUTO,0,78,0,6.19,79.28,6.55,78.92,0.00,0.00,0.00,0.00
767.20,35.92,29.84,36.00,30.00,AUTO,0,78,0,6.19,79.28,6.55,78.92,0.00,0.00,0.00,0.00
768.20,35.92,29.84,36.00,30.00,AUTO,0,78,0,6.19,79.28,6.55,78.92,0.00,0.00,0.00,0.00
769.21,35.94,29.80,36.00,30.00,AUTO,0,78,0,6.19,79.28,6.55,78.92,0.00,0.00,0.00,0.00
770.21,35.95,29.80,36.00,30.00,AUTO,0,78,0,6.19,79.28,6.55,78.92,0.00,0.00,0.00,0.00
771.21,35.93,29.80,36.00,30.00,AUTO,0,76,0,4.19,79.61,7.50,76.30,0.00,0.00,0.00,0.00
772.21,35.94,29.80,36.00,30.00,AUTO,0,76,0,4.19,79.61,7.50,76.30,0.00,0.00,0.00,0.00
773.21,35.94,29.80,36.00,30.00,AUTO,0,76,0,4.19,79.61,7.50,76.30,0.00,0.00,0.00,0.00
774.21,35.95,29.80,36.00,30.00,AUTO,0,76,0,4.19,79.61,7.50,76.30,0.00,0.00,0.00,0.00
775.21,35.95,29.72,36.00,30.00,AUTO,0,76,0,4.19,79.61,7.50,76.30,0.00,0.00,0.00,0.00
776.22,35.96,29.72,36.00,30.00,AUTO,0,76,0,4.19,79.61,7.50,76.30,0.00,0.00,0.00,0.00
777.22,35.99,29.72,36.00,30.00,AUTO,0,76,0,4.19,79.61,7.50,76.30,0.00,0.00,0.00,0.00
778.22,36.02,29.72,36.00,30.00,AUTO,0,76,0,4.19,79.61,7.50,76.30,0.00,0.00,0.00,0.00
779.22,36.00,29.68,36.00,30.00,AUTO,0,70,0,2.00,79.77,11.19,70.59,0.00,0.00,0.00,0.00
780.22,36.00,29.68,36.00,30.00,AUTO,0,70,0,2.00,79.77,11.19,70.59,0.00,0.00,0.00,0.00
781.23,36.00,29.68,36.00,30.00,AUTO,0,70,0,2.00,79.77,11.19,70.59,0.00,0.00,0.00,0.00
782.23,35.99,29.64,36.00,30.00,AUTO,0,70,0,2.00,79.77,11.19,70.59,0.00,0.00,0.00,0.00
783.23,36.01,29.60,36.00,30.00,AUTO,0,70,0,2.00,79.77,11.19,70.59,0.00,0.00,0.00,0.00
784.23,36.02,29.60,36.00,30.00,AUTO,0,70,0,2.00,79.77,11.19,70.59,0.00,0.00,0.00,0.00
785.23,36.02,29.60,36.00,30.00,AUTO,0,70,0,2.00,79.77,11.19,70.59,0.00,0.00,0.00,0.00
786.23,36.02,29.60,36.00,30.00,AUTO,0,70,0,2.00,79.77,11.19,70.59,0.00,0.00,0.00,0.00
787.23,36.00,29.64,36.00,30.00,AUTO,0,75,0,-0.37,79.74,3.81,75.56,0.00,0.00,0.00,0.00
788.23,36.00,29.64,36.00,30.00,AUTO,0,75,0,-0.37,79.74,3.81,75.56,0.00,0.00,0.00,0.00
789.24,35.98,29.64,36.00,30.00,AUTO,0,75,0,-0.37,79.74,3.81,75.56,0.00,0.00,0.00,0.00
790.24,35.98,29.64,36.00,30.00,AUTO,0,75,0,-0.37,79.74,3.81,75.56,0.00,0.00,0.00,0.00
791.24,35.98,29.60,36.00,30.00,AUTO,0,75,0,-0.37,79.74,3.81,75.56,0.00,0.00,0.00,0.00
792.24,35.98,29.60,36.00,30.00,AUTO,0,75,0,-0.37,79.74,3.81,75.56,0.00,0.00,0.00,0.00
793.24,36.02,29.60,36.00,30.00,AUTO,0,75,0,-0.37,79.74,3.81,75.56,0.00,0.00,0.00,0.00
794.24,36.02,29.55,36.00,30.00,AUTO,0,75,0,-0.37,79.74,3.81,75.56,0.00,0.00,0.00,0.00
795.25,35.97,29.55,36.00,30.00,AUTO,0,77,0,0.25,79.76,2.86,77.16,0.00,0.00,0.00,0.00
796.25,35.97,29.55,36.00,30.00,AUTO,0,77,0,0.25,79.76,2.86,77.16,0.00,0.00,0.00,0.00
797.25,35.96,29.55,36.00,30.00,AUTO,0,77,0,0.25,79.76,2.86,77.16,0.00,0.00,0.00,0.00
798.25,35.95,29.55,36.00,30.00,AUTO,0,77,0,0.25,79.76,2.86,77.16,0.00,0.00,0.00,0.00
799.25,35.95,29.55,36.00,30.00,AUTO,0,77,0,0.25,79.76,2.86,77.16,0.00,0.00,0.00,0.00
800.25,35.94,29.60,36.00,30.00,AUTO,0,77,0,0.25,79.76,2.86,77.16,0.00,0.00,0.00,0.00
801.25,35.96,29.60,36.00,30.00,AUTO,0,77,0,0.25,79.76,2.86,77.16,0.00,0.00,0.00,0.00
802.26,35.96,29.60,36.00,30.00,AUTO,0,77,0,0.25,79.76,2.86,77.16,0.00,0.00,0.00,0.00
803.26,35.94,29.60,36.00,30.00,AUTO,0,84,0,2.13,79.93,-2.14,84.20,0.00,0.00,0.00,0.00
804.26,35.94,29.60,36.00,30.00,AUTO,0,84,0,2.13,79.93,-2.14,84.20,0.00,0.00,0.00,0.00
805.26,35.94,29.64,36.00,30.00,AUTO,0,84,0,2.13,79.93,-2.14,84.20,0.00,0.00,0.00,0.00
806.26,35.94,29.60,36.00,30.00,AUTO,0,84,0,2.13,79.93,-2.14,84.20,0.00,0.00,0.00,0.00
807.26,35.93,29.60,36.00,30.00,AUTO,0,84,0,2.13,79.93,-2.14,84.20,0.00,0.00,0.00,0.00
808.27,35.94,29.64,36.00,30.00,AUTO,0,84,0,2.13,79.93,-2.14,84.20,0.00,0.00,0.00,0.00
809.27,35.94,29.64,36.00,30.00,AUTO,0,84,0,2.13,79.93,-2.14,84.20,0.00,0.00,0.00,0.00
810.27,35.95,29.64,36.00,30.00,AUTO,0,84,0,2.13,79.93,-2.14,84.20,0.00,0.00,0.00,0.00
811.27,35.94,29.64,36.00,30.00,AUTO,0,82,0,3.00,80.17,0.72,82.46,0.00,0.00,0.00,0.00
812.27,35.94,29.64,36.00,30.00,AUTO,0,82,0,3.00,80.17,0.72,82.46,0.00,0.00,0.00,0.00
813.28,35.93,29.64,36.00,30.00,AUTO,0,82,0,3.00,80.17,0.72,82.46,0.00,0.00,0.00,0.00
814.28,35.94,29.64,36.00,30.00,AUTO,0,82,0,3.00,80.17,0.72,82.46,0.00,0.00,0.00,0.00
815.28,35.94,29.64,36.00,30.00,AUTO,0,82,0,3.00,80.17,0.72,82.46,0.00,0.00,0.00,0.00
816.28,35.94,29.64,36.00,30.00,AUTO,0,82,0,3.00,80.17,0.72,82.46,0.00,0.00,0.00,0.00
817.28,35.96,29.60,36.00,30.00,AUTO,0,82,0,3.00,80.17,0.72,82.46,0.00,0.00,0.00,0.00
818.28,35.96,29.60,36.00,30.00,AUTO,0,82,0,3.00,80.17,0.72,82.46,0.00,0.00,0.00,0.00
819.28,35.94,29.60,36.00,30.00,AUTO,0,80,0,2.81,80.40,3.22,80.00,0.00,0.00,0.00,0.00
820.28,35.93,29.60,36.00,30.00,AUTO,0,80,0,2.81,80.40,3.22,80.00,0.00,0.00,0.00,0.00
821.29,35.93,29.60,36.00,30.00,AUTO,0,80,0,2.81,80.40,3.22,80.00,0.00,0.00,0.00,0.00
822.29,35.94,29.60,36.00,30.00,AUTO,0,80,0,2.81,80.40,3.22,80.00,0.00,0.00,0.00,0.00
823.29,35.95,29.60,36.00,30.00,AUTO,0,80,0,2.81,80.40,3.22,80.00,0.00,0.00,0.00,0.00
824.43,35.96,29.64,36.00,30.00,AUTO,0,80,0,2.81,80.40,3.22,80.00,0.00,0.00,0.00,0.00
825.29,35.97,29.60,36.00,30.00,AUTO,0,80,0,2.81,80.40,3.22,80.00,0.00,0.00,0.00,0.00
826.30,35.98,29.60,36.00,30.00,AUTO,0,80,0,2.81,80.40,3.22,80.00,0.00,0.00,0.00,0.00
827.30,35.95,29.60,36.00,30.00,AUTO,0,76,0,2.50,80.60,6.90,76.20,0.00,0.00,0.00,0.00
828.30,35.96,29.60,36.00,30.00,AUTO,0,76,0,2.50,80.60,6.90,76.20,0.00,0.00,0.00,0.00
829.30,35.96,29.60,36.00,30.00,AUTO,0,76,0,2.50,80.60,6.90,76.20,0.00,0.00,0.00,0.00
830.30,35.97,29.60,36.00,30.00,AUTO,0,76,0,2.50,80.60,6.90,76.20,0.00,0.00,0.00,0.00
831.30,35.98,29.60,36.00,30.00,AUTO,0,76,0,2.50,80.60,6.90,76.20,0.00,0.00,0.00,0.00
832.31,36.00,29.60,36.00,30.00,AUTO,0,76,0,2.50,80.60,6.90,76.20,0.00,0.00,0.00,0.00
833.30,36.02,29.60,36.00,30.00,AUTO,0,76,0,2.50,80.60,6.90,76.20,0.00,0.00,0.00,0.00
834.31,36.02,29.60,36.00,30.00,AUTO,0,76,0,2.50,80.60,6.90,76.20,0.00,0.00,0.00,0.00
835.31,36.02,29.60,36.00,30.00,AUTO,0,70,0,0.88,80.67,10.95,70.59,0.00,0.00,0.00,0.00
836.31,36.02,29.60,36.00,30.00,AUTO,0,70,0,0.88,80.67,10.95,70.59,0.00,0.00,0.00,0.00
837.31,36.02,29.60,36.00,30.00,AUTO,0,70,0,0.88,80.67,10.95,70.59,0.00,0.00,0.00,0.00
838.31,36.02,29.55,36.00,30.00,AUTO,0,70,0,0.88,80.67,10.95,70.59,0.00,0.00,0.00,0.00
839.31,36.02,29.55,36.00,30.00,AUTO,0,70,0,0.88,80.67,10.95,70.59,0.00,0.00,0.00,0.00
840.32,36.02,29.55,36.00,30.00,AUTO,0,70,0,0.88,80.67,10.95,70.59,0.00,0.00,0.00,0.00
841.32,36.02,29.55,36.00,30.00,AUTO,0,70,0,0.88,80.67,10.95,70.59,0.00,0.00,0.00,0.00
842.32,36.03,29.57,36.00,30.00,AUTO,0,70,0,0.88,80.67,10.95,70.59,0.00,0.00,0.00,0.00
843.32,36.02,29.57,36.00,30.00,AUTO,0,78,0,-1.06,80.58,0.83,78.69,0.00,0.00,0.00,0.00
844.32,36.02,29.55,36.00,30.00,AUTO,0,78,0,-1.06,80.58,0.83,78.69,0.00,0.00,0.00,0.00
845.33,36.02,29.55,36.00,30.00,AUTO,0,78,0,-1.06,80.58,0.83,78.69,0.00,0.00,0.00,0.00
846.33,36.02,29.55,36.00,30.00,AUTO,0,78,0,-1.06,80.58,0.83,78.69,0.00,0.00,0.00,0.00
847.33,36.02,29.55,36.00,30.00,AUTO,0,78,0,-1.06,80.58,0.83,78.69,0.00,0.00,0.00,0.00
848.33,36.02,29.53,36.00,30.00,AUTO,0,78,0,-1.06,80.58,0.83,78.69,0.00,0.00,0.00,0.00
849.33,36.03,29.53,36.00,30.00,AUTO,0,78,0,-1.06,80.58,0.83,78.69,0.00,0.00,0.00,0.00
850.33,36.03,29.53,36.00,30.00,AUTO,0,78,0,-1.06,80.58,0.83,78.69,0.00,0.00,0.00,0.00
851.33,36.02,29.51,36.00,30.00,AUTO,0,77,0,-1.12,80.49,1.43,77.94,0.00,0.00,0.00,0.00
852.34,36.02,29.49,36.00,30.00,AUTO,0,77,0,-1.12,80.49,1.43,77.94,0.00,0.00,0.00,0.00
853.34,36.02,29.49,36.00,30.00,AUTO,0,77,0,-1.12,80.49,1.43,77.94,0.00,0.00,0.00,0.00
854.34,36.02,29.48,36.00,30.00,AUTO,0,77,0,-1.12,80.49,1.43,77.94,0.00,0.00,0.00,0.00
855.35,36.02,29.49,36.00,30.00,AUTO,0,77,0,-1.12,80.49,1.43,77.94,0.00,0.00,0.00,0.00
856.34,36.03,29.49,36.00,30.00,AUTO,0,77,0,-1.12,80.49,1.43,77.94,0.00,0.00,0.00,0.00
857.34,36.03,29.49,36.00,30.00,AUTO,0,77,0,-1.12,80.49,1.43,77.94,0.00,0.00,0.00,0.00
858.35,36.04,29.49,36.00,30.00,AUTO,0,77,0,-1.12,80.49,1.43,77.94,0.00,0.00,0.00,0.00
859.35,36.02,29.49,36.00,30.00,AUTO,0,76,0,-1.25,80.39,2.62,76.53,0.00,0.00,0.00,0.00
860.35,36.02,29.48,36.00,30.00,AUTO,0,76,0,-1.25,80.39,2.62,76.53,0.00,0.00,0.00,0.00
861.35,36.02,29.48,36.00,30.00,AUTO,0,76,0,-1.25,80.39,2.62,76.53,0.00,0.00,0.00,0.00
862.35,36.02,29.48,36.00,30.00,AUTO,0,76,0,-1.25,80.39,2.62,76.53,0.00,0.00,0.00,0.00
863.35,36.02,29.48,36.00,30.00,AUTO,0,76,0,-1.25,80.39,2.62,76.53,0.00,0.00,0.00,0.00
864.36,36.02,29.48,36.00,30.00,AUTO,0,76,0,-1.25,80.39,2.62,76.53,0.00,0.00,0.00,0.00
865.36,36.02,29.43,36.00,30.00,AUTO,0,76,0,-1.25,80.39,2.62,76.53,0.00,0.00,0.00,0.00
866.36,36.02,29.49,36.00,30.00,AUTO,0,76,0,-1.25,80.39,2.62,76.53,0.00,0.00,0.00,0.00
867.36,36.02,29.48,36.00,30.00,AUTO,0,79,0,-1.00,80.31,0.00,79.31,0.00,0.00,0.00,0.00
868.36,36.02,29.51,36.00,30.00,AUTO,0,79,0,-1.00,80.31,0.00,79.31,0.00,0.00,0.00,0.00
869.36,36.02,29.51,36.00,30.00,AUTO,0,79,0,-1.00,80.31,0.00,79.31,0.00,0.00,0.00,0.00
870.36,36.02,29.48,36.00,30.00,AUTO,0,79,0,-1.00,80.31,0.00,79.31,0.00,0.00,0.00,0.00
871.36,36.02,29.51,36.00,30.00,AUTO,0,79,0,-1.00,80.31,0.00,79.31,0.00,0.00,0.00,0.00
872.37,36.02,29.51,36.00,30.00,AUTO,0,79,0,-1.00,80.31,0.00,79.31,0.00,0.00,0.00,0.00
873.37,36.02,29.48,36.00,30.00,AUTO,0,79,0,-1.00,80.31,0.00,79.31,0.00,0.00,0.00,0.00
874.37,36.02,29.49,36.00,30.00,AUTO,0,79,0,-1.00,80.31,0.00,79.31,0.00,0.00,0.00,0.00
875.37,36.02,29.48,36.00,30.00,AUTO,0,79,0,-1.00,80.23,0.00,79.23,0.00,0.00,0.00,0.00
876.37,36.02,29.48,36.00,30.00,AUTO,0,79,0,-1.00,80.23,0.00,79.23,0.00,0.00,0.00,0.00
877.38,36.02,29.43,36.00,30.00,AUTO,0,79,0,-1.00,80.23,0.00,79.23,0.00,0.00,0.00,0.00
878.38,36.02,29.43,36.00,30.00,AUTO,0,79,0,-1.00,80.23,0.00,79.23,0.00,0.00,0.00,0.00
879.38,36.02,29.43,36.00,30.00,AUTO,0,79,0,-1.00,80.23,0.00,79.23,0.00,0.00,0.00,0.00
880.38,36.02,29.43,36.00,30.00,AUTO,0,79,0,-1.00,80.23,0.00,79.23,0.00,0.00,0.00,0.00
881.38,36.03,29.45,36.00,30.00,AUTO,0,79,0,-1.00,80.23,0.00,79.23,0.00,0.00,0.00,0.00
882.38,36.03,29.49,36.00,30.00,AUTO,0,79,0,-1.00,80.23,0.00,79.23,0.00,0.00,0.00,0.00
883.38,36.03,29.49,36.00,30.00,AUTO,0,77,0,-1.12,80.14,1.43,77.59,0.00,0.00,0.00,0.00
884.39,36.03,29.49,36.00,30.00,AUTO,0,77,0,-1.12,80.14,1.43,77.59,0.00,0.00,0.00,0.00
885.39,36.03,29.49,36.00,30.00,AUTO,0,77,0,-1.12,80.14,1.43,77.59,0.00,0.00,0.00,0.00
886.39,36.03,29.45,36.00,30.00,AUTO,0,77,0,-1.12,80.14,1.43,77.59,0.00,0.00,0.00,0.00
887.39,36.03,29.45,36.00,30.00,AUTO,0,77,0,-1.12,80.14,1.43,77.59,0.00,0.00,0.00,0.00
888.39,36.03,29.45,36.00,30.00,AUTO,0,77,0,-1.12,80.14,1.43,77.59,0.00,0.00,0.00,0.00
889.39,36.06,29.45,36.00,30.00,AUTO,0,77,0,-1.12,80.14,1.43,77.59,0.00,0.00,0.00,0.00
890.40,36.06,29.45,36.00,30.00,AUTO,0,77,0,-1.12,80.14,1.43,77.59,0.00,0.00,0.00,0.00
891.40,36.03,29.45,36.00,30.00,AUTO,0,73,0,-1.88,79.99,4.29,73.83,0.00,0.00,0.00,0.00
892.40,36.03,29.41,36.00,30.00,AUTO,0,73,0,-1.88,79.99,4.29,73.83,0.00,0.00,0.00,0.00
893.40,36.03,29.45,36.00,30.00,AUTO,0,73,0,-1.88,79.99,4.29,73.83,0.00,0.00,0.00,0.00
894.40,36.03,29.45,36.00,30.00,AUTO,0,73,0,-1.88,79.99,4.29,73.83,0.00,0.00,0.00,0.00
895.40,36.03,29.45,36.00,30.00,AUTO,0,73,0,-1.88,79.99,4.29,73.83,0.00,0.00,0.00,0.00
896.41,36.03,29.41,36.00,30.00,AUTO,0,73,0,-1.88,79.99,4.29,73.83,0.00,0.00,0.00,0.00
897.41,36.06,29.45,36.00,30.00,AUTO,0,73,0,-1.88,79.99,4.29,73.83,0.00,0.00,0.00,0.00
898.41,36.04,29.45,36.00,30.00,AUTO,0,73,0,-1.88,79.99,4.29,73.83,0.00,0.00,0.00,0.00
899.41,36.03,29.45,36.00,30.00,AUTO,0,75,0,-1.75,79.85,2.62,75.49,0.00,0.00,0.00,0.00
900.41,36.03,29.45,36.00,30.00,AUTO,0,75,0,-1.75,79.85,2.62,75.49,0.00,0.00,0.00,0.00
901.42,36.02,29.45,36.00,30.00,AUTO,0,75,0,-1.75,79.85,2.62,75.49,0.00,0.00,0.00,0.00
902.41,36.02,29.48,36.00,30.00,AUTO,0,75,0,-1.75,79.85,2.62,75.49,0.00,0.00,0.00,0.00
903.42,36.02,29.48,36.00,30.00,AUTO,0,75,0,-1.75,79.85,2.62,75.49,0.00,0.00,0.00,0.00
904.42,36.02,29.48,36.00,30.00,AUTO,0,75,0,-1.75,79.85,2.62,75.49,0.00,0.00,0.00,0.00
905.42,36.03,29.49,36.00,30.00,AUTO,0,75,0,-1.75,79.85,2.62,75.49,0.00,0.00,0.00,0.00
906.42,36.03,29.49,36.00,30.00,AUTO,0,75,0,-1.75,79.85,2.62,75.49,0.00,0.00,0.00,0.00
907.42,36.03,29.48,36.00,30.00,AUTO,0,78,0,-1.25,79.75,0.00,78.50,0.00,0.00,0.00,0.00
908.42,36.02,29.49,36.00,30.00,AUTO,0,78,0,-1.25,79.75,0.00,78.50,0.00,0.00,0.00,0.00
909.43,36.02,29.48,36.00,30.00,AUTO,0,78,0,-1.25,79.75,0.00,78.50,0.00,0.00,0.00,0.00
910.43,36.03,29.49,36.00,30.00,AUTO,0,78,0,-1.25,79.75,0.00,78.50,0.00,0.00,0.00,0.00
911.43,36.03,29.49,36.00,30.00,AUTO,0,78,0,-1.25,79.75,0.00,78.50,0.00,0.00,0.00,0.00
912.43,36.04,29.49,36.00,30.00,AUTO,0,78,0,-1.25,79.75,0.00,78.50,0.00,0.00,0.00,0.00
913.43,36.08,29.49,36.00,30.00,AUTO,0,78,0,-1.25,79.75,0.00,78.50,0.00,0.00,0.00,0.00
914.43,36.08,29.49,36.00,30.00,AUTO,0,78,0,-1.25,79.75,0.00,78.50,0.00,0.00,0.00,0.00
915.43,36.06,29.49,36.00,30.00,AUTO,0,69,0,-2.06,79.59,8.45,69.08,0.00,0.00,0.00,0.00
916.44,36.06,29.49,36.00,30.00,AUTO,0,69,0,-2.06,79.59,8.45,69.08,0.00,0.00,0.00,0.00
917.44,36.06,29.49,36.00,30.00,AUTO,0,69,0,-2.06,79.59,8.45,69.08,0.00,0.00,0.00,0.00
918.44,36.07,29.53,36.00,30.00,AUTO,0,69,0,-2.06,79.59,8.45,69.08,0.00,0.00,0.00,0.00
919.44,36.09,29.49,36.00,30.00,AUTO,0,69,0,-2.06,79.59,8.45,69.08,0.00,0.00,0.00,0.00
920.44,36.12,29.49,36.00,30.00,AUTO,0,69,0,-2.06,79.59,8.45,69.08,0.00,0.00,0.00,0.00
921.44,36.13,29.49,36.00,30.00,AUTO,0,69,0,-2.06,79.59,8.45,69.08,0.00,0.00,0.00,0.00
922.45,36.13,29.45,36.00,30.00,AUTO,0,69,0,-2.06,79.59,8.45,69.08,0.00,0.00,0.00,0.00
923.45,36.12,29.45,36.00,30.00,AUTO,0,62,0,-4.50,79.23,12.38,62.35,0.00,0.00,0.00,0.00
924.45,36.12,29.45,36.00,30.00,AUTO,0,62,0,-4.50,79.23,12.38,62.35,0.00,0.00,0.00,0.00
925.45,36.13,29.49,36.00,30.00,AUTO,0,62,0,-4.50,79.23,12.38,62.35,0.00,0.00,0.00,0.00
926.45,36.14,29.45,36.00,30.00,AUTO,0,62,0,-4.50,79.23,12.38,62.35,0.00,0.00,0.00,0.00
927.46,36.16,29.45,36.00,30.00,AUTO,0,62,0,-4.50,79.23,12.38,62.35,0.00,0.00,0.00,0.00
928.46,36.19,29.45,36.00,30.00,AUTO,0,62,0,-4.50,79.23,12.38,62.35,0.00,0.00,0.00,0.00
929.46,36.19,29.45,36.00,30.00,AUTO,0,62,0,-4.50,79.23,12.38,62.35,0.00,0.00,0.00,0.00
930.46,36.19,29.45,36.00,30.00,AUTO,0,62,0,-4.50,79.23,12.38,62.35,0.00,0.00,0.00,0.00
931.46,36.19,29.45,36.00,30.00,AUTO,0,58,0,-7.75,78.61,12.38,58.48,0.00,0.00,0.00,0.00
932.46,36.19,29.41,36.00,30.00,AUTO,0,58,0,-7.75,78.61,12.38,58.48,0.00,0.00,0.00,0.00
933.46,36.19,29.45,36.00,30.00,AUTO,0,58,0,-7.75,78.61,12.38,58.48,0.00,0.00,0.00,0.00
934.46,36.21,29.45,36.00,30.00,AUTO,0,58,0,-7.75,78.61,12.38,58.48,0.00,0.00,0.00,0.00
935.47,36.21,29.47,36.00,30.00,AUTO,0,58,0,-7.75,78.61,12.38,58.48,0.00,0.00,0.00,0.00
936.47,36.25,29.47,36.00,30.00,AUTO,0,58,0,-7.75,78.61,12.38,58.48,0.00,0.00,0.00,0.00
937.47,36.25,29.47,36.00,30.00,AUTO,0,58,0,-7.75,78.61,12.38,58.48,0.00,0.00,0.00,0.00
938.47,36.26,29.42,36.00,30.00,AUTO,0,58,0,-7.75,78.61,12.38,58.48,0.00,0.00,0.00,0.00
939.47,36.25,29.42,36.00,30.00,AUTO,0,55,0,-10.94,77.73,11.55,55.25,0.00,0.00,0.00,0.00
940.47,36.25,29.42,36.00,30.00,AUTO,0,55,0,-10.94,77.73,11.55,55.25,0.00,0.00,0.00,0.00
941.48,36.25,29.42,36.00,30.00,AUTO,0,55,0,-10.94,77.73,11.55,55.25,0.00,0.00,0.00,0.00
942.48,36.25,29.42,36.00,30.00,AUTO,0,55,0,-10.94,77.73,11.55,55.25,0.00,0.00,0.00,0.00
943.48,36.29,29.42,36.00,30.00,AUTO,0,55,0,-10.94,77.73,11.55,55.25,0.00,0.00,0.00,0.00
944.48,36.30,29.39,36.00,30.00,AUTO,0,55,0,-10.94,77.73,11.55,55.25,0.00,0.00,0.00,0.00
945.48,36.30,29.39,36.00,30.00,AUTO,0,55,0,-10.94,77.73,11.55,55.25,0.00,0.00,0.00,0.00
946.49,36.31,29.39,36.00,30.00,AUTO,0,55,0,-10.94,77.73,11.55,55.25,0.00,0.00,0.00,0.00
947.49,36.29,29.39,36.00,30.00,AUTO,0,52,0,-13.75,76.63,10.24,52.65,0.00,0.00,0.00,0.00
948.49,36.30,29.39,36.00,30.00,AUTO,0,52,0,-13.75,76.63,10.24,52.65,0.00,0.00,0.00,0.00
949.49,36.31,29.39,36.00,30.00,AUTO,0,52,0,-13.75,76.63,10.24,52.65,0.00,0.00,0.00,0.00
950.49,36.31,29.35,36.00,30.00,AUTO,0,52,0,-13.75,76.63,10.24,52.65,0.00,0.00,0.00,0.00
951.49,36.36,29.35,36.00,30.00,AUTO,0,52,0,-13.75,76.63,10.24,52.65,0.00,0.00,0.00,0.00
952.49,36.37,29.35,36.00,30.00,AUTO,0,52,0,-13.75,76.63,10.24,52.65,0.00,0.00,0.00,0.00
953.49,36.38,29.36,36.00,30.00,AUTO,0,52,0,-13.75,76.63,10.24,52.65,0.00,0.00,0.00,0.00
954.50,36.38,29.36,36.00,30.00,AUTO,0,52,0,-13.75,76.63,10.24,52.65,0.00,0.00,0.00,0.00
955.50,36.37,29.35,36.00,30.00,AUTO,0,43,0,-16.87,75.28,15.00,43.41,0.00,0.00,0.00,0.00
956.50,36.37,29.36,36.00,30.00,AUTO,0,43,0,-16.87,75.28,15.00,43.41,0.00,0.00,0.00,0.00
957.50,36.37,29.36,36.00,30.00,AUTO,0,43,0,-16.87,75.28,15.00,43.41,0.00,0.00,0.00,0.00
958.50,36.40,29.36,36.00,30.00,AUTO,0,43,0,-16.87,75.28,15.00,43.41,0.00,0.00,0.00,0.00
959.51,36.41,29.36,36.00,30.00,AUTO,0,43,0,-16.87,75.28,15.00,43.41,0.00,0.00,0.00,0.00
960.51,36.41,29.36,36.00,30.00,AUTO,0,43,0,-16.87,75.28,15.00,43.41,0.00,0.00,0.00,0.00
961.51,36.42,29.36,36.00,30.00,AUTO,0,43,0,-16.87,75.28,15.00,43.41,0.00,0.00,0.00,0.00
962.51,36.42,29.32,36.00,30.00,AUTO,0,43,0,-16.87,75.28,15.00,43.41,0.00,0.00,0.00,0.00
963.51,36.40,29.32,36.00,30.00,AUTO,0,45,0,-19.81,73.70,8.69,45.20,0.00,0.00,0.00,0.00
964.51,36.40,29.32,36.00,30.00,AUTO,0,45,0,-19.81,73.70,8.69,45.20,0.00,0.00,0.00,0.00
965.51,36.41,29.32,36.00,30.00,AUTO,0,45,0,-19.81,73.70,8.69,45.20,0.00,0.00,0.00,0.00
966.66,36.44,29.32,36.00,30.00,AUTO,0,45,0,-19.81,73.70,8.69,45.20,0.00,0.00,0.00,0.00
967.52,36.45,29.32,36.00,30.00,AUTO,0,45,0,-19.81,73.70,8.69,45.20,0.00,0.00,0.00,0.00
968.52,36.45,29.32,36.00,30.00,AUTO,0,45,0,-19.81,73.70,8.69,45.20,0.00,0.00,0.00,0.00
969.52,36.45,29.32,36.00,30.00,AUTO,0,45,0,-19.81,73.70,8.69,45.20,0.00,0.00,0.00,0.00
970.52,36.45,29.32,36.00,30.00,AUTO,0,45,0,-19.81,73.70,8.69,45.20,0.00,0.00,0.00,0.00
971.52,36.43,29.32,36.00,30.00,AUTO,0,41,0,-21.56,71.97,8.69,41.72,0.00,0.00,0.00,0.00
972.52,36.43,29.32,36.00,30.00,AUTO,0,41,0,-21.56,71.97,8.69,41.72,0.00,0.00,0.00,0.00
973.53,36.43,29.32,36.00,30.00,AUTO,0,41,0,-21.56,71.97,8.69,41.72,0.00,0.00,0.00,0.00
974.53,36.45,29.32,36.00,30.00,AUTO,0,41,0,-21.56,71.97,8.69,41.72,0.00,0.00,0.00,0.00
975.53,36.45,29.32,36.00,30.00,AUTO,0,41,0,-21.56,71.97,8.69,41.72,0.00,0.00,0.00,0.00
976.53,36.44,29.36,36.00,30.00,AUTO,0,41,0,-21.56,71.97,8.69,41.72,0.00,0.00,0.00,0.00
977.53,36.45,29.36,36.00,30.00,AUTO,0,41,0,-21.56,71.97,8.69,41.72,0.00,0.00,0.00,0.00
978.54,36.45,29.36,36.00,30.00,AUTO,0,41,0,-21.56,71.97,8.69,41.72,0.00,0.00,0.00,0.00
979.54,36.42,29.36,36.00,30.00,AUTO,0,44,0,-22.06,70.21,3.21,44.93,0.00,0.00,0.00,0.00
980.54,36.42,29.36,36.00,30.00,AUTO,0,44,0,-22.06,70.21,3.21,44.93,0.00,0.00,0.00,0.00
981.54,36.42,29.36,36.00,30.00,AUTO,0,44,0,-22.06,70.21,3.21,44.93,0.00,0.00,0.00,0.00
982.54,36.44,29.40,36.00,30.00,AUTO,0,44,0,-22.06,70.21,3.21,44.93,0.00,0.00,0.00,0.00
983.54,36.45,29.40,36.00,30.00,AUTO,0,44,0,-22.06,70.21,3.21,44.93,0.00,0.00,0.00,0.00
984.54,36.45,29.36,36.00,30.00,AUTO,0,44,0,-22.06,70.21,3.21,44.93,0.00,0.00,0.00,0.00
985.54,36.45,29.36,36.00,30.00,AUTO,0,44,0,-22.06,70.21,3.21,44.93,0.00,0.00,0.00,0.00
986.55,36.44,29.36,36.00,30.00,AUTO,0,44,0,-22.06,70.21,3.21,44.93,0.00,0.00,0.00,0.00
987.55,36.43,29.36,36.00,30.00,AUTO,0,42,0,-21.81,68.46,4.64,42.01,0.00,0.00,0.00,0.00
988.55,36.43,29.36,36.00,30.00,AUTO,0,42,0,-21.81,68.46,4.64,42.01,0.00,0.00,0.00,0.00
989.55,36.43,29.36,36.00,30.00,AUTO,0,42,0,-21.81,68.46,4.64,42.01,0.00,0.00,0.00,0.00
990.55,36.44,29.40,36.00,30.00,AUTO,0,42,0,-21.81,68.46,4.64,42.01,0.00,0.00,0.00,0.00
991.56,36.44,29.40,36.00,30.00,AUTO,0,42,0,-21.81,68.46,4.64,42.01,0.00,0.00,0.00,0.00
992.56,36.45,29.40,36.00,30.00,AUTO,0,42,0,-21.81,68.46,4.64,42.01,0.00,0.00,0.00,0.00
993.56,36.45,29.40,36.00,30.00,AUTO,0,42,0,-21.81,68.46,4.64,42.01,0.00,0.00,0.00,0.00
994.56,36.45,29.40,36.00,30.00,AUTO,0,42,0,-21.81,68.46,4.64,42.01,0.00,0.00,0.00,0.00
995.56,36.43,29.40,36.00,30.00,AUTO,0,41,0,-22.00,66.70,3.57,41.14,0.00,0.00,0.00,0.00
996.56,36.42,29.40,36.00,30.00,AUTO,0,41,0,-22.00,66.70,3.57,41.14,0.00,0.00,0.00,0.00
997.57,36.42,29.40,36.00,30.00,AUTO,0,41,0,-22.00,66.70,3.57,41.14,0.00,0.00,0.00,0.00
998.56,36.44,29.40,36.00,30.00,AUTO,0,41,0,-22.00,66.70,3.57,41.14,0.00,0.00,0.00,0.00
999.57,36.44,29.44,36.00,30.00,AUTO,0,41,0,-22.00,66.70,3.57,41.14,0.00,0.00,0.00,0.00
1000.57,36.44,29.44,36.00,30.00,AUTO,0,41,0,-22.00,66.70,3.57,41.14,0.00,0.00,0.00,0.00
1001.57,36.44,29.44,36.00,30.00,AUTO,0,41,0,-22.00,66.70,3.57,41.14,0.00,0.00,0.00,0.00
1002.57,36.44,29.44,36.00,30.00,AUTO,0,41,0,-22.00,66.70,3.57,41.14,0.00,0.00,0.00,0.00
1003.57,36.43,29.44,36.00,30.00,AUTO,0,40,0,-21.69,64.97,2.74,40.55,0.00,0.00,0.00,0.00
1004.58,36.43,29.44,36.00,30.00,AUTO,0,40,0,-21.69,64.97,2.74,40.55,0.00,0.00,0.00,0.00
1005.58,36.43,29.44,36.00,30.00,AUTO,0,40,0,-21.69,64.97,2.74,40.55,0.00,0.00,0.00,0.00
1006.58,36.45,29.44,36.00,30.00,AUTO,0,40,0,-21.69,64.97,2.74,40.55,0.00,0.00,0.00,0.00
1007.58,36.44,29.44,36.00,30.00,AUTO,0,40,0,-21.69,64.97,2.74,40.55,0.00,0.00,0.00,0.00
1008.58,36.45,29.44,36.00,30.00,AUTO,0,40,0,-21.69,64.97,2.74,40.55,0.00,0.00,0.00,0.00
1009.58,36.44,29.44,36.00,30.00,AUTO,0,40,0,-21.69,64.97,2.74,40.55,0.00,0.00,0.00,0.00
1010.59,36.45,29.48,36.00,30.00,AUTO,0,40,0,-21.69,64.97,2.74,40.55,0.00,0.00,0.00,0.00
1011.58,36.43,29.48,36.00,30.00,AUTO,0,38,0,-22.00,63.21,2.86,38.35,0.00,0.00,0.00,0.00
1012.59,36.43,29.48,36.00,30.00,AUTO,0,38,0,-22.00,63.21,2.86,38.35,0.00,0.00,0.00,0.00
1013.59,36.43,29.48,36.00,30.00,AUTO,0,38,0,-22.00,63.21,2.86,38.35,0.00,0.00,0.00,0.00
1014.59,36.44,29.48,36.00,30.00,AUTO,0,38,0,-22.00,63.21,2.86,38.35,0.00,0.00,0.00,0.00
1015.59,36.44,29.48,36.00,30.00,AUTO,0,38,0,-22.00,63.21,2.86,38.35,0.00,0.00,0.00,0.00
1016.59,36.44,29.48,36.00,30.00,AUTO,0,38,0,-22.00,63.21,2.86,38.35,0.00,0.00,0.00,0.00
1017.59,36.44,29.48,36.00,30.00,AUTO,0,38,0,-22.00,63.21,2.86,38.35,0.00,0.00,0.00,0.00
1018.60,36.45,29.48,36.00,30.00,AUTO,0,38,0,-22.00,63.21,2.86,38.35,0.00,0.00,0.00,0.00
1019.60,36.42,29.48,36.00,30.00,AUTO,0,36,0,-21.87,61.46,2.62,36.97,0.00,0.00,0.00,0.00
1020.60,36.42,29.48,36.00,30.00,AUTO,0,36,0,-21.87,61.46,2.62,36.97,0.00,0.00,0.00,0.00
1021.60,36.41,29.52,36.00,30.00,AUTO,0,36,0,-21.87,61.46,2.62,36.97,0.00,0.00,0.00,0.00
1022.60,36.43,29.52,36.00,30.00,AUTO,0,36,0,-21.87,61.46,2.62,36.97,0.00,0.00,0.00,0.00
1023.61,36.42,29.52,36.00,30.00,AUTO,0,36,0,-21.87,61.46,2.62,36.97,0.00,0.00,0.00,0.00
1024.61,36.42,29.56,36.00,30.00,AUTO,0,36,0,-21.87,61.46,2.62,36.97,0.00,0.00,0.00,0.00
1025.61,36.42,29.56,36.00,30.00,AUTO,0,36,0,-21.87,61.46,2.62,36.97,0.00,0.00,0.00,0.00
1026.61,36.42,29.56,36.00,30.00,AUTO,0,36,0,-21.87,61.46,2.62,36.97,0.00,0.00,0.00,0.00
1027.61,36.40,29.56,36.00,30.00,AUTO,0,38,0,-21.00,59.78,0.24,38.54,0.00,0.00,0.00,0.00
1028.62,36.39,29.56,36.00,30.00,AUTO,0,38,0,-21.00,59.78,0.24,38.54,0.00,0.00,0.00,0.00
1029.62,36.39,29.56,36.00,30.00,AUTO,0,38,0,-21.00,59.78,0.24,38.54,0.00,0.00,0.00,0.00
1030.62,36.41,29.56,36.00,30.00,AUTO,0,38,0,-21.00,59.78,0.24,38.54,0.00,0.00,0.00,0.00
1031.62,36.41,29.56,36.00,30.00,AUTO,0,38,0,-21.00,59.78,0.24,38.54,0.00,0.00,0.00,0.00
1032.62,36.40,29.61,36.00,30.00,AUTO,0,38,0,-21.00,59.78,0.24,38.54,0.00,0.00,0.00,0.00
1033.62,36.40,29.61,36.00,30.00,AUTO,0,38,0,-21.00,59.78,0.24,38.54,0.00,0.00,0.00,0.00
1034.62,36.39,29.61,36.00,30.00,AUTO,0,38,0,-21.00,59.78,0.24,38.54,0.00,0.00,0.00,0.00
1035.62,36.36,29.63,36.00,30.00,AUTO,0,38,0,-19.94,58.18,0.12,38.13,0.00,0.00,0.00,0.00
1036.63,36.36,29.63,36.00,30.00,AUTO,0,38,0,-19.94,58.18,0.12,38.13,0.00,0.00,0.00,0.00
1037.63,36.36,29.63,36.00,30.00,AUTO,0,38,0,-19.94,58.18,0.12,38.13,0.00,0.00,0.00,0.00
1038.63,36.37,29.64,36.00,30.00,AUTO,0,38,0,-19.94,58.18,0.12,38.13,0.00,0.00,0.00,0.00
1039.63,36.36,29.63,36.00,30.00,AUTO,0,38,0,-19.94,58.18,0.12,38.13,0.00,0.00,0.00,0.00
1040.63,36.36,29.67,36.00,30.00,AUTO,0,38,0,-19.94,58.18,0.12,38.13,0.00,0.00,0.00,0.00
1041.63,36.36,29.67,36.00,30.00,AUTO,0,38,0,-19.94,58.18,0.12,38.13,0.00,0.00,0.00,0.00
1042.64,36.36,29.67,36.00,30.00,AUTO,0,38,0,-19.94,58.18,0.12,38.13,0.00,0.00,0.00,0.00
1043.63,36.33,29.67,36.00,30.00,AUTO,0,38,0,-18.06,56.74,-0.12,38.80,0.00,0.00,0.00,0.00
1044.64,36.33,29.67,36.00,30.00,AUTO,0,38,0,-18.06,56.74,-0.12,38.80,0.00,0.00,0.00,0.00
1045.64,36.32,29.67,36.00,30.00,AUTO,0,38,0,-18.06,56.74,-0.12,38.80,0.00,0.00,0.00,0.00
1046.64,36.34,29.67,36.00,30.00,AUTO,0,38,0,-18.06,56.74,-0.12,38.80,0.00,0.00,0.00,0.00
1047.65,36.34,29.67,36.00,30.00,AUTO,0,38,0,-18.06,56.74,-0.12,38.80,0.00,0.00,0.00,0.00
1048.64,36.33,29.71,36.00,30.00,AUTO,0,38,0,-18.06,56.74,-0.12,38.80,0.00,0.00,0.00,0.00
1049.65,36.33,29.71,36.00,30.00,AUTO,0,38,0,-18.06,56.74,-0.12,38.80,0.00,0.00,0.00,0.00
1050.65,36.33,29.71,36.00,30.00,AUTO,0,38,0,-18.06,56.74,-0.12,38.80,0.00,0.00,0.00,0.00
1051.65,36.30,29.71,36.00,30.00,AUTO,0,38,0,-16.56,55.41,0.36,38.50,0.00,0.00,0.00,0.00
1052.65,36.31,29.71,36.00,30.00,AUTO,0,38,0,-16.56,55.41,0.36,38.50,0.00,0.00,0.00,0.00
1053.65,36.29,29.75,36.00,30.00,AUTO,0,38,0,-16.56,55.41,0.36,38.50,0.00,0.00,0.00,0.00
1054.65,36.32,29.75,36.00,30.00,AUTO,0,38,0,-16.56,55.41,0.36,38.50,0.00,0.00,0.00,0.00
1055.66,36.32,29.75,36.00,30.00,AUTO,0,38,0,-16.56,55.41,0.36,38.50,0.00,0.00,0.00,0.00
1056.66,36.32,29.75,36.00,30.00,AUTO,0,38,0,-16.56,55.41,0.36,38.50,0.00,0.00,0.00,0.00
1057.66,36.31,29.75,36.00,30.00,AUTO,0,38,0,-16.56,55.41,0.36,38.50,0.00,0.00,0.00,0.00
1058.66,36.31,29.75,36.00,30.00,AUTO,0,38,0,-16.56,55.41,0.36,38.50,0.00,0.00,0.00,0.00
1059.66,36.29,29.75,36.00,30.00,AUTO,0,36,0,-15.50,54.17,1.90,36.77,0.00,0.00,0.00,0.00
1060.66,36.29,29.75,36.00,30.00,AUTO,0,36,0,-15.50,54.17,1.90,36.77,0.00,0.00,0.00,0.00
1061.66,36.28,29.83,36.00,30.00,AUTO,0,36,0,-15.50,54.17,1.90,36.77,0.00,0.00,0.00,0.00
1062.67,36.30,29.83,36.00,30.00,AUTO,0,36,0,-15.50,54.17,1.90,36.77,0.00,0.00,0.00,0.00
1063.67,36.30,29.83,36.00,30.00,AUTO,0,36,0,-15.50,54.17,1.90,36.77,0.00,0.00,0.00,0.00
1064.67,36.30,29.83,36.00,30.00,AUTO,0,36,0,-15.50,54.17,1.90,36.77,0.00,0.00,0.00,0.00
1065.67,36.30,29.83,36.00,30.00,AUTO,0,36,0,-15.50,54.17,1.90,36.77,0.00,0.00,0.00,0.00
1066.67,36.29,29.83,36.00,30.00,AUTO,0,36,0,-15.50,54.17,1.90,36.77,0.00,0.00,0.00,0.00
1067.67,36.27,29.83,36.00,30.00,AUTO,0,37,0,-14.69,53.00,1.31,37.00,0.00,0.00,0.00,0.00
1068.68,36.27,29.87,36.00,30.00,AUTO,0,37,0,-14.69,53.00,1.31,37.00,0.00,0.00,0.00,0.00
1069.68,36.27,29.87,36.00,30.00,AUTO,0,37,0,-14.69,53.00,1.31,37.00,0.00,0.00,0.00,0.00
1070.68,36.29,29.87,36.00,30.00,AUTO,0,37,0,-14.69,53.00,1.31,37.00,0.00,0.00,0.00,0.00
1071.68,36.29,29.87,36.00,30.00,AUTO,0,37,0,-14.69,53.00,1.31,37.00,0.00,0.00,0.00,0.00
1072.68,36.29,29.87,36.00,30.00,AUTO,0,37,0,-14.69,53.00,1.31,37.00,0.00,0.00,0.00,0.00
1073.68,36.28,29.87,36.00,30.00,AUTO,0,37,0,-14.69,53.00,1.31,37.00,0.00,0.00,0.00,0.00
1074.69,36.28,29.91,36.00,30.00,AUTO,0,37,0,-14.69,53.00,1.31,37.00,0.00,0.00,0.00,0.00
1075.69,36.26,29.91,36.00,30.00,AUTO,0,35,0,-14.00,51.88,2.14,35.74,0.00,0.00,0.00,0.00
1076.69,36.25,29.91,36.00,30.00,AUTO,0,35,0,-14.00,51.88,2.14,35.74,0.00,0.00,0.00,0.00
1077.69,36.26,29.91,36.00,30.00,AUTO,0,35,0,-14.00,51.88,2.14,35.74,0.00,0.00,0.00,0.00
1078.69,36.27,29.91,36.00,30.00,AUTO,0,35,0,-14.00,51.88,2.14,35.74,0.00,0.00,0.00,0.00
1079.70,36.27,29.91,36.00,30.00,AUTO,0,35,0,-14.00,51.88,2.14,35.74,0.00,0.00,0.00,0.00
1080.69,36.27,29.91,36.00,30.00,AUTO,0,35,0,-14.00,51.88,2.14,35.74,0.00,0.00,0.00,0.00
1081.70,36.27,29.91,36.00,30.00,AUTO,0,35,0,-14.00,51.88,2.14,35.74,0.00,0.00,0.00,0.00
1082.70,36.27,29.91,36.00,30.00,AUTO,0,35,0,-14.00,51.88,2.14,35.74,0.00,0.00,0.00,0.00
1083.70,36.24,29.95,36.00,30.00,AUTO,0,35,0,-13.25,50.82,2.38,35.19,0.00,0.00,0.00,0.00
1084.70,36.23,29.95,36.00,30.00,AUTO,0,35,0,-13.25,50.82,2.38,35.19,0.00,0.00,0.00,0.00
1085.70,36.24,29.95,36.00,30.00,AUTO,0,35,0,-13.25,50.82,2.38,35.19,0.00,0.00,0.00,0.00
1086.70,36.25,30.00,36.00,30.00,AUTO,0,35,0,-13.25,50.82,2.38,35.19,0.00,0.00,0.00,0.00
1087.71,36.24,30.00,36.00,30.00,AUTO,0,35,0,-13.25,50.82,2.38,35.19,0.00,0.00,0.00,0.00
1088.71,36.24,30.00,36.00,30.00,AUTO,0,35,0,-13.25,50.82,2.38,35.19,0.00,0.00,0.00,0.00
1089.71,36.25,30.00,36.00,30.00,AUTO,0,35,0,-13.25,50.82,2.38,35.19,0.00,0.00,0.00,0.00
1090.71,36.25,30.00,36.00,30.00,AUTO,0,35,0,-13.25,50.82,2.38,35.19,0.00,0.00,0.00,0.00
1091.71,36.23,30.00,36.00,30.00,AUTO,0,35,0,-12.13,49.85,1.90,35.82,0.00,0.00,0.00,0.00
1092.72,36.22,30.00,36.00,30.00,AUTO,0,35,0,-12.13,49.85,1.90,35.82,0.00,0.00,0.00,0.00
1093.71,36.22,29.97,36.00,30.00,AUTO,0,35,0,-12.13,49.85,1.90,35.82,0.00,0.00,0.00,0.00
1094.72,36.23,30.00,36.00,30.00,AUTO,0,35,0,-12.13,49.85,1.90,35.82,0.00,0.00,0.00,0.00
1095.72,36.23,30.03,36.00,30.00,AUTO,0,35,0,-12.13,49.85,1.90,35.82,0.00,0.00,0.00,0.00
1096.72,36.22,30.03,36.00,30.00,AUTO,0,35,0,-12.13,49.85,1.90,35.82,0.00,0.00,0.00,0.00
1097.72,36.22,30.03,36.00,30.00,AUTO,0,35,0,-12.13,49.85,1.90,35.82,0.00,0.00,0.00,0.00
1098.72,36.21,30.03,36.00,30.00,AUTO,0,35,0,-12.13,49.85,1.90,35.82,0.00,0.00,0.00,0.00
1099.72,36.19,30.06,36.00,30.00,AUTO,0,39,0,-11.13,48.96,-1.67,39.50,0.00,0.00,0.00,0.00
1100.73,36.18,30.06,36.00,30.00,AUTO,0,39,0,-11.13,48.96,-1.67,39.50,0.00,0.00,0.00,0.00
1101.73,36.18,30.06,36.00,30.00,AUTO,0,39,0,-11.13,48.96,-1.67,39.50,0.00,0.00,0.00,0.00
1102.73,36.21,30.06,36.00,30.00,AUTO,0,39,0,-11.13,48.96,-1.67,39.50,0.00,0.00,0.00,0.00
1103.73,36.19,30.06,36.00,30.00,AUTO,0,39,0,-11.13,48.96,-1.67,39.50,0.00,0.00,0.00,0.00
1104.73,36.19,30.09,36.00,30.00,AUTO,0,39,0,-11.13,48.96,-1.67,39.50,0.00,0.00,0.00,0.00
1105.74,36.18,30.09,36.00,30.00,AUTO,0,39,0,-11.13,48.96,-1.67,39.50,0.00,0.00,0.00,0.00
1106.74,36.18,30.09,36.00,30.00,AUTO,0,39,0,-11.13,48.96,-1.67,39.50,0.00,0.00,0.00,0.00
1107.74,36.16,30.09,36.00,30.00,AUTO,0,39,0,-9.38,48.21,-0.71,39.55,0.00,0.00,0.00,0.00
1108.74,36.15,30.09,36.00,30.00,AUTO,0,39,0,-9.38,48.21,-0.71,39.55,0.00,0.00,0.00,0.00
1109.74,36.14,30.13,36.00,30.00,AUTO,0,39,0,-9.38,48.21,-0.71,39.55,0.00,0.00,0.00,0.00
1110.74,36.16,30.13,36.00,30.00,AUTO,0,39,0,-9.38,48.21,-0.71,39.55,0.00,0.00,0.00,0.00
1111.75,36.16,30.13,36.00,30.00,AUTO,0,39,0,-9.38,48.21,-0.71,39.55,0.00,0.00,0.00,0.00
1112.75,36.17,30.13,36.00,30.00,AUTO,0,39,0,-9.38,48.21,-0.71,39.55,0.00,0.00,0.00,0.00
1113.75,36.16,30.13,36.00,30.00,AUTO,0,39,0,-9.38,48.21,-0.71,39.55,0.00,0.00,0.00,0.00
1114.75,36.15,30.13,36.00,30.00,AUTO,0,39,0,-9.38,48.21,-0.71,39.55,0.00,0.00,0.00,0.00
1115.75,36.13,30.18,36.00,30.00,AUTO,0,38,0,-7.81,47.58,0.83,38.94,0.00,0.00,0.00,0.00
1116.75,36.12,30.18,36.00,30.00,AUTO,0,38,0,-7.81,47.58,0.83,38.94,0.00,0.00,0.00,0.00
1117.75,36.12,30.18,36.00,30.00,AUTO,0,38,0,-7.81,47.58,0.83,38.94,0.00,0.00,0.00,0.00
1118.75,36.14,30.18,36.00,30.00,AUTO,0,38,0,-7.81,47.58,0.83,38.94,0.00,0.00,0.00,0.00
1119.76,36.14,30.18,36.00,30.00,AUTO,0,38,0,-7.81,47.58,0.83,38.94,0.00,0.00,0.00,0.00
1120.76,36.14,30.18,36.00,30.00,AUTO,0,38,0,-7.81,47.58,0.83,38.94,0.00,0.00,0.00,0.00
1121.76,36.13,30.18,36.00,30.00,AUTO,0,38,0,-7.81,47.58,0.83,38.94,0.00,0.00,0.00,0.00
1122.76,36.14,30.18,36.00,30.00,AUTO,0,38,0,-7.81,47.58,0.83,38.94,0.00,0.00,0.00,0.00
1123.76,36.10,30.18,36.00,30.00,AUTO,0,38,0,-6.63,47.05,2.14,38.29,0.00,0.00,0.00,0.00
1124.77,36.10,30.22,36.00,30.00,AUTO,0,38,0,-6.63,47.05,2.14,38.29,0.00,0.00,0.00,0.00
1125.77,36.09,30.22,36.00,30.00,AUTO,0,38,0,-6.63,47.05,2.14,38.29,0.00,0.00,0.00,0.00
1126.77,36.12,30.22,36.00,30.00,AUTO,0,38,0,-6.63,47.05,2.14,38.29,0.00,0.00,0.00,0.00
1127.77,36.12,30.25,36.00,30.00,AUTO,0,38,0,-6.63,47.05,2.14,38.29,0.00,0.00,0.00,0.00
1128.77,36.12,30.25,36.00,30.00,AUTO,0,38,0,-6.63,47.05,2.14,38.29,0.00,0.00,0.00,0.00
1129.77,36.12,30.25,36.00,30.00,AUTO,0,38,0,-6.63,47.05,2.14,38.29,0.00,0.00,0.00,0.00
1130.77,36.11,30.25,36.00,30.00,AUTO,0,38,0,-6.63,47.05,2.14,38.29,0.00,0.00,0.00,0.00
1131.78,36.08,30.25,36.00,30.00,AUTO,0,38,0,-5.50,46.61,3.09,38.02,0.00,0.00,0.00,0.00
1132.78,36.08,30.25,36.00,30.00,AUTO,0,38,0,-5.50,46.61,3.09,38.02,0.00,0.00,0.00,0.00
1133.78,36.08,30.25,36.00,30.00,AUTO,0,38,0,-5.50,46.61,3.09,38.02,0.00,0.00,0.00,0.00
1134.78,36.10,30.25,36.00,30.00,AUTO,0,38,0,-5.50,46.61,3.09,38.02,0.00,0.00,0.00,0.00
1135.78,36.10,30.25,36.00,30.00,AUTO,0,38,0,-5.50,46.61,3.09,38.02,0.00,0.00,0.00,0.00
1136.78,36.10,30.25,36.00,30.00,AUTO,0,38,0,-5.50,46.61,3.09,38.02,0.00,0.00,0.00,0.00
1137.79,36.10,30.30,36.00,30.00,AUTO,0,38,0,-5.50,46.61,3.09,38.02,0.00,0.00,0.00,0.00
1138.79,36.10,30.30,36.00,30.00,AUTO,0,38,0,-5.50,46.61,3.09,38.02,0.00,0.00,0.00,0.00
1139.79,36.08,30.30,36.00,30.00,AUTO,0,38,0,-4.63,46.24,3.57,38.05,0.00,0.00,0.00,0.00
1140.79,36.08,30.30,36.00,30.00,AUTO,0,38,0,-4.63,46.24,3.57,38.05,0.00,0.00,0.00,0.00
1141.79,36.06,30.30,36.00,30.00,AUTO,0,38,0,-4.63,46.24,3.57,38.05,0.00,0.00,0.00,0.00
1142.79,36.10,30.30,36.00,30.00,AUTO,0,38,0,-4.63,46.24,3.57,38.05,0.00,0.00,0.00,0.00
1143.80,36.09,30.30,36.00,30.00,AUTO,0,38,0,-4.63,46.24,3.57,38.05,0.00,0.00,0.00,0.00
1144.80,36.09,30.30,36.00,30.00,AUTO,0,38,0,-4.63,46.24,3.57,38.05,0.00,0.00,0.00,0.00
1145.80,36.09,30.30,36.00,30.00,AUTO,0,38,0,-4.63,46.24,3.57,38.05,0.00,0.00,0.00,0.00
1146.80,36.09,30.30,36.00,30.00,AUTO,0,38,0,-4.63,46.24,3.57,38.05,0.00,0.00,0.00,0.00
1147.80,36.06,30.30,36.00,30.00,AUTO,0,39,0,-4.25,45.90,2.38,39.27,0.00,0.00,0.00,0.00
1148.80,36.04,30.34,36.00,30.00,AUTO,0,39,0,-4.25,45.90,2.38,39.27,0.00,0.00,0.00,0.00
1149.80,36.03,30.34,36.00,30.00,AUTO,0,39,0,-4.25,45.90,2.38,39.27,0.00,0.00,0.00,0.00
1150.81,36.08,30.34,36.00,30.00,AUTO,0,39,0,-4.25,45.90,2.38,39.27,0.00,0.00,0.00,0.00
1151.81,36.08,30.38,36.00,30.00,AUTO,0,39,0,-4.25,45.90,2.38,39.27,0.00,0.00,0.00,0.00
1152.81,36.07,30.38,36.00,30.00,AUTO,0,39,0,-4.25,45.90,2.38,39.27,0.00,0.00,0.00,0.00
1153.81,36.07,30.38,36.00,30.00,AUTO,0,39,0,-4.25,45.90,2.38,39.27,0.00,0.00,0.00,0.00
1154.81,36.06,30.38,36.00,30.00,AUTO,0,39,0,-4.25,45.90,2.38,39.27,0.00,0.00,0.00,0.00
1155.81,36.03,30.38,36.00,30.00,AUTO,0,39,0,-3.06,45.66,3.21,39.38,0.00,0.00,0.00,0.00
1156.82,36.03,30.38,36.00,30.00,AUTO,0,39,0,-3.06,45.66,3.21,39.38,0.00,0.00,0.00,0.00
1157.82,36.03,30.38,36.00,30.00,AUTO,0,39,0,-3.06,45.66,3.21,39.38,0.00,0.00,0.00,0.00
1158.82,36.04,30.38,36.00,30.00,AUTO,0,39,0,-3.06,45.66,3.21,39.38,0.00,0.00,0.00,0.00
1159.82,36.03,30.38,36.00,30.00,AUTO,0,39,0,-3.06,45.66,3.21,39.38,0.00,0.00,0.00,0.00
1160.82,36.03,30.38,36.00,30.00,AUTO,0,39,0,-3.06,45.66,3.21,39.38,0.00,0.00,0.00,0.00
1161.82,36.03,30.38,36.00,30.00,AUTO,0,39,0,-3.06,45.66,3.21,39.38,0.00,0.00,0.00,0.00
1162.82,36.03,30.42,36.00,30.00,AUTO,0,39,0,-3.06,45.66,3.21,39.38,0.00,0.00,0.00,0.00
1163.83,36.02,30.41,36.00,30.00,AUTO,0,44,0,-1.56,45.53,-0.12,44.09,0.00,0.00,0.00,0.00
1164.83,36.02,30.41,36.00,30.00,AUTO,0,44,0,-1.56,45.53,-0.12,44.09,0.00,0.00,0.00,0.00
1165.83,36.02,30.41,36.00,30.00,AUTO,0,44,0,-1.56,45.53,-0.12,44.09,0.00,0.00,0.00,0.00
1166.83,36.03,30.42,36.00,30.00,AUTO,0,44,0,-1.56,45.53,-0.12,44.09,0.00,0.00,0.00,0.00
1167.83,36.03,30.46,36.00,30.00,AUTO,0,44,0,-1.56,45.53,-0.12,44.09,0.00,0.00,0.00,0.00
1168.83,36.03,30.46,36.00,30.00,AUTO,0,44,0,-1.56,45.53,-0.12,44.09,0.00,0.00,0.00,0.00
1169.84,36.03,30.46,36.00,30.00,AUTO,0,44,0,-1.56,45.53,-0.12,44.09,0.00,0.00,0.00,0.00
1170.84,36.03,30.46,36.00,30.00,AUTO,0,44,0,-1.56,45.53,-0.12,44.09,0.00,0.00,0.00,0.00
1171.84,36.02,30.45,36.00,30.00,AUTO,0,42,0,-1.31,45.43,1.79,42.33,0.00,0.00,0.00,0.00
1172.84,36.02,30.45,36.00,30.00,AUTO,0,42,0,-1.31,45.43,1.79,42.33,0.00,0.00,0.00,0.00
1173.84,36.02,30.45,36.00,30.00,AUTO,0,42,0,-1.31,45.43,1.79,42.33,0.00,0.00,0.00,0.00
1174.84,36.02,30.48,36.00,30.00,AUTO,0,42,0,-1.31,45.43,1.79,42.33,0.00,0.00,0.00,0.00
1175.84,36.02,30.48,36.00,30.00,AUTO,0,42,0,-1.31,45.43,1.79,42.33,0.00,0.00,0.00,0.00
1176.85,36.02,30.48,36.00,30.00,AUTO,0,42,0,-1.31,45.43,1.79,42.33,0.00,0.00,0.00,0.00
1177.85,36.02,30.48,36.00,30.00,AUTO,0,42,0,-1.31,45.43,1.79,42.33,0.00,0.00,0.00,0.00
1178.85,36.02,30.48,36.00,30.00,AUTO,0,42,0,-1.31,45.43,1.79,42.33,0.00,0.00,0.00,0.00
1179.85,36.02,30.48,36.00,30.00,AUTO,0,44,0,-1.00,45.35,0.00,44.35,0.00,0.00,0.00,0.00
1180.85,36.02,30.48,36.00,30.00,AUTO,0,44,0,-1.00,45.35,0.00,44.35,0.00,0.00,0.00,0.00
1181.85,36.02,30.48,36.00,30.00,AUTO,0,44,0,-1.00,45.35,0.00,44.35,0.00,0.00,0.00,0.00
1182.86,36.02,30.53,36.00,30.00,AUTO,0,44,0,-1.00,45.35,0.00,44.35,0.00,0.00,0.00,0.00
1183.86,36.02,30.53,36.00,30.00,AUTO,0,44,0,-1.00,45.35,0.00,44.35,0.00,0.00,0.00,0.00
1184.86,36.02,30.53,36.00,30.00,AUTO,0,44,0,-1.00,45.35,0.00,44.35,0.00,0.00,0.00,0.00
1185.86,36.02,30.53,36.00,30.00,AUTO,0,44,0,-1.00,45.35,0.00,44.35,0.00,0.00,0.00,0.00
1186.86,36.02,30.53,36.00,30.00,AUTO,0,44,0,-1.00,45.35,0.00,44.35,0.00,0.00,0.00,0.00
1187.86,36.02,30.53,36.00,30.00,AUTO,0,44,0,-1.00,45.27,0.00,44.27,0.00,0.00,0.00,0.00
1188.87,36.02,30.53,36.00,30.00,AUTO,0,44,0,-1.00,45.27,0.00,44.27,0.00,0.00,0.00,0.00
1189.87,36.02,30.53,36.00,30.00,AUTO,0,44,0,-1.00,45.27,0.00,44.27,0.00,0.00,0.00,0.00
1190.87,36.02,30.53,36.00,30.00,AUTO,0,44,0,-1.00,45.27,0.00,44.27,0.00,0.00,0.00,0.00
1191.87,36.02,30.53,36.00,30.00,AUTO,0,44,0,-1.00,45.27,0.00,44.27,0.00,0.00,0.00,0.00
1192.87,36.02,30.57,36.00,30.00,AUTO,0,44,0,-1.00,45.27,0.00,44.27,0.00,0.00,0.00,0.00
1193.87,36.02,30.57,36.00,30.00,AUTO,0,44,0,-1.00,45.27,0.00,44.27,0.00,0.00,0.00,0.00
1194.87,36.02,30.57,36.00,30.00,AUTO,0,44,0,-1.00,45.27,0.00,44.27,0.00,0.00,0.00,0.00
1195.88,36.02,30.57,36.00,30.00,AUTO,0,44,0,-1.00,45.19,0.00,44.19,0.00,0.00,0.00,0.00
1196.88,36.02,30.57,36.00,30.00,AUTO,0,44,0,-1.00,45.19,0.00,44.19,0.00,0.00,0.00,0.00
1197.88,36.02,30.57,36.00,30.00,AUTO,0,44,0,-1.00,45.19,0.00,44.19,0.00,0.00,0.00,0.00
1198.88,36.02,30.57,36.00,30.00,AUTO,0,44,0,-1.00,45.19,0.00,44.19,0.00,0.00,0.00,0.00
1199.88,36.02,30.61,36.00,30.00,AUTO,0,44,0,-1.00,45.19,0.00,44.19,0.00,0.00,0.00,0.00
1200.88,36.02,30.61,36.00,30.00,AUTO,0,44,0,-1.00,45.19,0.00,44.19,0.00,0.00,0.00,0.00
1201.89,36.02,30.61,36.00,30.00,AUTO,0,44,0,-1.00,45.19,0.00,44.19,0.00,0.00,0.00,0.00
1202.89,36.02,30.61,36.00,30.00,AUTO,0,44,0,-1.00,45.19,0.00,44.19,0.00,0.00,0.00,0.00
1203.89,35.99,30.61,36.00,30.00,AUTO,0,44,0,-1.00,45.11,0.00,44.11,0.00,0.00,0.00,0.00
1204.89,36.00,30.61,36.00,30.00,AUTO,0,44,0,-1.00,45.11,0.00,44.11,0.00,0.00,0.00,0.00
1205.89,35.98,30.61,36.00,30.00,AUTO,0,44,0,-1.00,45.11,0.00,44.11,0.00,0.00,0.00,0.00
1206.90,36.02,30.61,36.00,30.00,AUTO,0,44,0,-1.00,45.11,0.00,44.11,0.00,0.00,0.00,0.00
1207.89,36.02,30.61,36.00,30.00,AUTO,0,44,0,-1.00,45.11,0.00,44.11,0.00,0.00,0.00,0.00
1208.90,36.02,30.61,36.00,30.00,AUTO,0,44,0,-1.00,45.11,0.00,44.11,0.00,0.00,0.00,0.00
1209.90,36.02,30.61,36.00,30.00,AUTO,0,44,0,-1.00,45.11,0.00,44.11,0.00,0.00,0.00,0.00
1210.90,36.02,30.61,36.00,30.00,AUTO,0,44,0,-1.00,45.11,0.00,44.11,0.00,0.00,0.00,0.00
1211.90,35.99,30.61,36.00,30.00,AUTO,0,39,0,-0.44,45.07,5.12,39.52,0.00,0.00,0.00,0.00
1212.90,35.98,30.64,36.00,30.00,AUTO,0,39,0,-0.44,45.07,5.12,39.52,0.00,0.00,0.00,0.00
1213.90,35.98,30.64,36.00,30.00,AUTO,0,39,0,-0.44,45.07,5.12,39.52,0.00,0.00,0.00,0.00
1214.91,36.02,30.64,36.00,30.00,AUTO,0,39,0,-0.44,45.07,5.12,39.52,0.00,0.00,0.00,0.00
1215.91,36.02,30.64,36.00,30.00,AUTO,0,39,0,-0.44,45.07,5.12,39.52,0.00,0.00,0.00,0.00
1216.91,36.02,30.64,36.00,30.00,AUTO,0,39,0,-0.44,45.07,5.12,39.52,0.00,0.00,0.00,0.00
1217.91,36.02,30.64,36.00,30.00,AUTO,0,39,0,-0.44,45.07,5.12,39.52,0.00,0.00,0.00,0.00
1218.91,36.02,30.64,36.00,30.00,AUTO,0,39,0,-0.44,45.07,5.12,39.52,0.00,0.00,0.00,0.00
1219.91,35.97,30.64,36.00,30.00,AUTO,0,38,0,-0.31,45.05,6.31,38.43,0.00,0.00,0.00,0.00
1220.92,35.96,30.73,36.00,30.00,AUTO,0,38,0,-0.31,45.05,6.31,38.43,0.00,0.00,0.00,0.00
1221.92,35.96,30.73,36.00,30.00,AUTO,0,38,0,-0.31,45.05,6.31,38.43,0.00,0.00,0.00,0.00
1222.92,35.98,30.73,36.00,30.00,AUTO,0,38,0,-0.31,45.05,6.31,38.43,0.00,0.00,0.00,0.00
1223.92,36.02,30.73,36.00,30.00,AUTO,0,38,0,-0.31,45.05,6.31,38.43,0.00,0.00,0.00,0.00
1224.92,36.02,30.73,36.00,30.00,AUTO,0,38,0,-0.31,45.05,6.31,38.43,0.00,0.00,0.00,0.00
1225.93,36.00,30.73,36.00,30.00,AUTO,0,38,0,-0.31,45.05,6.31,38.43,0.00,0.00,0.00,0.00
1226.92,36.02,30.73,36.00,30.00,AUTO,0,38,0,-0.31,45.05,6.31,38.43,0.00,0.00,0.00,0.00
1227.93,35.97,30.73,36.00,30.00,AUTO,0,36,0,0.44,45.08,9.17,36.35,0.00,0.00,0.00,0.00
1228.93,35.96,30.73,36.00,30.00,AUTO,0,36,0,0.44,45.08,9.17,36.35,0.00,0.00,0.00,0.00
1229.93,35.96,30.77,36.00,30.00,AUTO,0,36,0,0.44,45.08,9.17,36.35,0.00,0.00,0.00,0.00
1230.93,36.00,30.77,36.00,30.00,AUTO,0,36,0,0.44,45.08,9.17,36.35,0.00,0.00,0.00,0.00
1231.93,36.00,30.77,36.00,30.00,AUTO,0,36,0,0.44,45.08,9.17,36.35,0.00,0.00,0.00,0.00
1232.93,36.02,30.77,36.00,30.00,AUTO,0,36,0,0.44,45.08,9.17,36.35,0.00,0.00,0.00,0.00
1233.94,36.00,30.77,36.00,30.00,AUTO,0,36,0,0.44,45.08,9.17,36.35,0.00,0.00,0.00,0.00
1234.94,36.00,30.77,36.00,30.00,AUTO,0,36,0,0.44,45.08,9.17,36.35,0.00,0.00,0.00,0.00
1235.94,35.96,30.77,36.00,30.00,AUTO,0,38,0,0.56,45.13,7.02,38.67,0.00,0.00,0.00,0.00
1236.94,35.96,30.77,36.00,30.00,AUTO,0,38,0,0.56,45.13,7.02,38.67,0.00,0.00,0.00,0.00
1237.94,35.96,30.77,36.00,30.00,AUTO,0,38,0,0.56,45.13,7.02,38.67,0.00,0.00,0.00,0.00
1238.95,35.99,30.77,36.00,30.00,AUTO,0,38,0,0.56,45.13,7.02,38.67,0.00,0.00,0.00,0.00
1239.94,35.98,30.77,36.00,30.00,AUTO,0,38,0,0.56,45.13,7.02,38.67,0.00,0.00,0.00,0.00
1240.95,35.99,30.77,36.00,30.00,AUTO,0,38,0,0.56,45.13,7.02,38.67,0.00,0.00,0.00,0.00
1241.95,36.00,30.77,36.00,30.00,AUTO,0,38,0,0.56,45.13,7.02,38.67,0.00,0.00,0.00,0.00
1242.95,36.00,30.77,36.00,30.00,AUTO,0,38,0,0.56,45.13,7.02,38.67,0.00,0.00,0.00,0.00
1243.95,35.96,30.77,36.00,30.00,AUTO,0,39,0,1.00,45.21,6.67,39.54,0.00,0.00,0.00,0.00
1244.95,35.96,30.77,36.00,30.00,AUTO,0,39,0,1.00,45.21,6.67,39.54,0.00,0.00,0.00,0.00
1245.95,35.96,30.80,36.00,30.00,AUTO,0,39,0,1.00,45.21,6.67,39.54,0.00,0.00,0.00,0.00
1246.96,35.98,30.80,36.00,30.00,AUTO,0,39,0,1.00,45.21,6.67,39.54,0.00,0.00,0.00,0.00
1247.96,35.99,30.80,36.00,30.00,AUTO,0,39,0,1.00,45.21,6.67,39.54,0.00,0.00,0.00,0.00
1248.96,35.99,30.80,36.00,30.00,AUTO,0,39,0,1.00,45.21,6.67,39.54,0.00,0.00,0.00,0.00
1249.96,35.98,30.80,36.00,30.00,AUTO,0,39,0,1.00,45.21,6.67,39.54,0.00,0.00,0.00,0.00
1250.96,35.98,30.80,36.00,30.00,AUTO,0,39,0,1.00,45.21,6.67,39.54,0.00,0.00,0.00,0.00
1251.96,35.96,30.80,36.00,30.00,AUTO,0,42,0,1.25,45.31,4.05,42.51,0.00,0.00,0.00,0.00
1252.97,35.96,30.80,36.00,30.00,AUTO,0,42,0,1.25,45.31,4.05,42.51,0.00,0.00,0.00,0.00
1253.97,35.95,30.80,36.00,30.00,AUTO,0,42,0,1.25,45.31,4.05,42.51,0.00,0.00,0.00,0.00
1254.97,35.98,30.80,36.00,30.00,AUTO,0,42,0,1.25,45.31,4.05,42.51,0.00,0.00,0.00,0.00
1255.97,35.98,30.80,36.00,30.00,AUTO,0,42,0,1.25,45.31,4.05,42.51,0.00,0.00,0.00,0.00
1256.97,35.98,30.80,36.00,30.00,AUTO,0,42,0,1.25,45.31,4.05,42.51,0.00,0.00,0.00,0.00
1257.97,35.98,30.80,36.00,30.00,AUTO,0,42,0,1.25,45.31,4.05,42.51,0.00,0.00,0.00,0.00
1258.98,35.98,30.80,36.00,30.00,AUTO,0,42,0,1.25,45.31,4.05,42.51,0.00,0.00,0.00,0.00
1259.98,35.95,30.80,36.00,30.00,AUTO,0,42,0,1.44,45.42,3.93,42.93,0.00,0.00,0.00,0.00
1260.98,35.96,30.80,36.00,30.00,AUTO,0,42,0,1.44,45.42,3.93,42.93,0.00,0.00,0.00,0.00
1261.98,35.95,30.80,36.00,30.00,AUTO,0,42,0,1.44,45.42,3.93,42.93,0.00,0.00,0.00,0.00
1262.98,35.98,30.80,36.00,30.00,AUTO,0,42,0,1.44,45.42,3.93,42.93,0.00,0.00,0.00,0.00
1263.98,35.99,30.80,36.00,30.00,AUTO,0,42,0,1.44,45.42,3.93,42.93,0.00,0.00,0.00,0.00
1264.98,35.99,30.85,36.00,30.00,AUTO,0,42,0,1.44,45.42,3.93,42.93,0.00,0.00,0.00,0.00
1265.99,35.99,30.85,36.00,30.00,AUTO,0,42,0,1.44,45.42,3.93,42.93,0.00,0.00,0.00,0.00
1266.99,35.99,30.85,36.00,30.00,AUTO,0,42,0,1.44,45.42,3.93,42.93,0.00,0.00,0.00,0.00
1267.99,35.96,30.85,36.00,30.00,AUTO,0,40,0,1.25,45.52,6.67,40.11,0.00,0.00,0.00,0.00
1268.99,35.96,30.85,36.00,30.00,AUTO,0,40,0,1.25,45.52,6.67,40.11,0.00,0.00,0.00,0.00
1269.99,35.96,30.80,36.00,30.00,AUTO,0,40,0,1.25,45.52,6.67,40.11,0.00,0.00,0.00,0.00
1271.00,35.98,30.85,36.00,30.00,AUTO,0,40,0,1.25,45.52,6.67,40.11,0.00,0.00,0.00,0.00
1272.00,35.99,30.85,36.00,30.00,AUTO,0,40,0,1.25,45.52,6.67,40.11,0.00,0.00,0.00,0.00
1273.00,36.00,30.85,36.00,30.00,AUTO,0,40,0,1.25,45.52,6.67,40.11,0.00,0.00,0.00,0.00
1274.00,36.02,30.85,36.00,30.00,AUTO,0,40,0,1.25,45.52,6.67,40.11,0.00,0.00,0.00,0.00
1275.00,36.00,30.85,36.00,30.00,AUTO,0,40,0,1.25,45.52,6.67,40.11,0.00,0.00,0.00,0.00
1276.00,35.97,30.85,36.00,30.00,AUTO,0,37,0,0.81,45.59,8.45,37.95,0.00,0.00,0.00,0.00
1277.00,35.97,30.85,36.00,30.00,AUTO,0,37,0,0.81,45.59,8.45,37.95,0.00,0.00,0.00,0.00
1278.01,35.97,30.85,36.00,30.00,AUTO,0,37,0,0.81,45.59,8.45,37.95,0.00,0.00,0.00,0.00
1279.01,36.02,30.85,36.00,30.00,AUTO,0,37,0,0.81,45.59,8.45,37.95,0.00,0.00,0.00,0.00
1280.01,36.02,30.85,36.00,30.00,AUTO,0,37,0,0.81,45.59,8.45,37.95,0.00,0.00,0.00,0.00
1281.01,36.02,30.85,36.00,30.00,AUTO,0,37,0,0.81,45.59,8.45,37.95,0.00,0.00,0.00,0.00
1282.01,36.02,30.85,36.00,30.00,AUTO,0,37,0,0.81,45.59,8.45,37.95,0.00,0.00,0.00,0.00
1283.02,36.02,30.85,36.00,30.00,AUTO,0,37,0,0.81,45.59,8.45,37.95,0.00,0.00,0.00,0.00
1284.02,35.97,30.85,36.00,30.00,AUTO,0,36,0,-0.06,45.58,8.93,36.59,0.00,0.00,0.00,0.00
1285.02,35.97,30.85,36.00,30.00,AUTO,0,36,0,-0.06,45.58,8.93,36.59,0.00,0.00,0.00,0.00
1286.02,35.96,30.89,36.00,30.00,AUTO,0,36,0,-0.06,45.58,8.93,36.59,0.00,0.00,0.00,0.00
1287.02,36.02,30.89,36.00,30.00,AUTO,0,36,0,-0.06,45.58,8.93,36.59,0.00,0.00,0.00,0.00
1288.02,35.99,30.89,36.00,30.00,AUTO,0,36,0,-0.06,45.58,8.93,36.59,0.00,0.00,0.00,0.00
1289.03,36.02,30.89,36.00,30.00,AUTO,0,36,0,-0.06,45.58,8.93,36.59,0.00,0.00,0.00,0.00
1290.03,36.02,30.89,36.00,30.00,AUTO,0,36,0,-0.06,45.58,8.93,36.59,0.00,0.00,0.00,0.00
1291.02,36.00,30.89,36.00,30.00,AUTO,0,36,0,-0.06,45.58,8.93,36.59,0.00,0.00,0.00,0.00
1292.03,35.96,30.89,36.00,30.00,AUTO,0,38,0,0.31,45.61,7.26,38.66,0.00,0.00,0.00,0.00
1293.03,35.95,30.89,36.00,30.00,AUTO,0,38,0,0.31,45.61,7.26,38.66,0.00,0.00,0.00,0.00
1294.03,35.95,30.93,36.00,30.00,AUTO,0,38,0,0.31,45.61,7.26,38.66,0.00,0.00,0.00,0.00
1295.03,35.98,30.93,36.00,30.00,AUTO,0,38,0,0.31,45.61,7.26,38.66,0.00,0.00,0.00,0.00
1296.03,35.98,30.93,36.00,30.00,AUTO,0,38,0,0.31,45.61,7.26,38.66,0.00,0.00,0.00,0.00
1297.03,35.97,30.93,36.00,30.00,AUTO,0,38,0,0.31,45.61,7.26,38.66,0.00,0.00,0.00,0.00
1298.04,35.97,30.93,36.00,30.00,AUTO,0,38,0,0.31,45.61,7.26,38.66,0.00,0.00,0.00,0.00
1299.04,35.97,30.93,36.00,30.00,AUTO,0,38,0,0.31,45.61,7.26,38.66,0.00,0.00,0.00,0.00
1300.04,35.94,30.93,36.00,30.00,AUTO,0,44,0,1.69,45.74,2.74,44.69,0.00,0.00,0.00,0.00
1301.04,35.94,30.93,36.00,30.00,AUTO,0,44,0,1.69,45.74,2.74,44.69,0.00,0.00,0.00,0.00
1302.04,35.94,30.93,36.00,30.00,AUTO,0,44,0,1.69,45.74,2.74,44.69,0.00,0.00,0.00,0.00
1303.05,35.96,30.93,36.00,30.00,AUTO,0,44,0,1.69,45.74,2.74,44.69,0.00,0.00,0.00,0.00
1304.05,35.96,30.93,36.00,30.00,AUTO,0,44,0,1.69,45.74,2.74,44.69,0.00,0.00,0.00,0.00
1305.05,35.96,30.93,36.00,30.00,AUTO,0,44,0,1.69,45.74,2.74,44.69,0.00,0.00,0.00,0.00
1306.05,35.96,30.97,36.00,30.00,AUTO,0,44,0,1.69,45.74,2.74,44.69,0.00,0.00,0.00,0.00
1307.05,35.96,30.97,36.00,30.00,AUTO,0,44,0,1.69,45.74,2.74,44.69,0.00,0.00,0.00,0.00
1308.05,35.94,30.97,36.00,30.00,AUTO,0,44,0,2.38,45.93,3.57,44.74,0.00,0.00,0.00,0.00
1309.05,35.93,30.97,36.00,30.00,AUTO,0,44,0,2.38,45.93,3.57,44.74,0.00,0.00,0.00,0.00
1310.06,35.94,30.97,36.00,30.00,AUTO,0,44,0,2.38,45.93,3.57,44.74,0.00,0.00,0.00,0.00
1311.06,35.96,30.97,36.00,30.00,AUTO,0,44,0,2.38,45.93,3.57,44.74,0.00,0.00,0.00,0.00
1312.06,35.96,30.97,36.00,30.00,AUTO,0,44,0,2.38,45.93,3.57,44.74,0.00,0.00,0.00,0.00
1313.06,35.96,30.97,36.00,30.00,AUTO,0,44,0,2.38,45.93,3.57,44.74,0.00,0.00,0.00,0.00
1314.06,35.96,30.97,36.00,30.00,AUTO,0,44,0,2.38,45.93,3.57,44.74,0.00,0.00,0.00,0.00
1315.06,35.95,30.97,36.00,30.00,AUTO,0,44,0,2.38,45.93,3.57,44.74,0.00,0.00,0.00,0.00
1316.07,35.93,31.01,36.00,30.00,AUTO,0,45,0,2.50,46.13,3.33,45.30,0.00,0.00,0.00,0.00
1317.07,35.93,31.01,36.00,30.00,AUTO,0,45,0,2.50,46.13,3.33,45.30,0.00,0.00,0.00,0.00
1318.07,35.93,31.01,36.00,30.00,AUTO,0,45,0,2.50,46.13,3.33,45.30,0.00,0.00,0.00,0.00
1319.07,35.93,31.01,36.00,30.00,AUTO,0,45,0,2.50,46.13,3.33,45.30,0.00,0.00,0.00,0.00
1320.08,35.95,31.01,36.00,30.00,AUTO,0,45,0,2.50,46.13,3.33,45.30,0.00,0.00,0.00,0.00
1321.08,35.95,31.01,36.00,30.00,AUTO,0,45,0,2.50,46.13,3.33,45.30,0.00,0.00,0.00,0.00
1322.08,35.95,31.01,36.00,30.00,AUTO,0,45,0,2.50,46.13,3.33,45.30,0.00,0.00,0.00,0.00
1323.07,35.95,31.01,36.00,30.00,AUTO,0,45,0,2.50,46.13,3.33,45.30,0.00,0.00,0.00,0.00
1324.08,35.92,31.05,36.00,30.00,AUTO,0,45,0,3.00,46.37,3.81,45.56,0.00,0.00,0.00,0.00
1325.08,35.92,31.05,36.00,30.00,AUTO,0,45,0,3.00,46.37,3.81,45.56,0.00,0.00,0.00,0.00
1326.08,35.92,31.05,36.00,30.00,AUTO,0,45,0,3.00,46.37,3.81,45.56,0.00,0.00,0.00,0.00
1327.08,35.92,31.05,36.00,30.00,AUTO,0,45,0,3.00,46.37,3.81,45.56,0.00,0.00,0.00,0.00
1328.08,35.93,31.05,36.00,30.00,AUTO,0,45,0,3.00,46.37,3.81,45.56,0.00,0.00,0.00,0.00
1329.09,35.93,31.09,36.00,30.00,AUTO,0,45,0,3.00,46.37,3.81,45.56,0.00,0.00,0.00,0.00
1330.09,35.93,31.05,36.00,30.00,AUTO,0,45,0,3.00,46.37,3.81,45.56,0.00,0.00,0.00,0.00
1331.09,35.93,31.05,36.00,30.00,AUTO,0,45,0,3.00,46.37,3.81,45.56,0.00,0.00,0.00,0.00
1332.09,35.90,31.05,36.00,30.00,AUTO,0,48,0,3.75,46.67,1.90,48.52,0.00,0.00,0.00,0.00
1333.09,35.90,31.05,36.00,30.00,AUTO,0,48,0,3.75,46.67,1.90,48.52,0.00,0.00,0.00,0.00
1334.09,35.90,31.05,36.00,30.00,AUTO,0,48,0,3.75,46.67,1.90,48.52,0.00,0.00,0.00,0.00
1335.10,35.90,31.05,36.00,30.00,AUTO,0,48,0,3.75,46.67,1.90,48.52,0.00,0.00,0.00,0.00
1336.10,35.93,31.05,36.00,30.00,AUTO,0,48,0,3.75,46.67,1.90,48.52,0.00,0.00,0.00,0.00
1337.10,35.93,31.05,36.00,30.00,AUTO,0,48,0,3.75,46.67,1.90,48.52,0.00,0.00,0.00,0.00
1338.10,35.93,31.09,36.00,30.00,AUTO,0,48,0,3.75,46.67,1.90,48.52,0.00,0.00,0.00,0.00
1339.10,35.94,31.09,36.00,30.00,AUTO,0,48,0,3.75,46.67,1.90,48.52,0.00,0.00,0.00,0.00
1340.10,35.90,31.09,36.00,30.00,AUTO,0,44,0,4.19,47.01,6.55,44.65,0.00,0.00,0.00,0.00
1341.10,35.89,31.09,36.00,30.00,AUTO,0,44,0,4.19,47.01,6.55,44.65,0.00,0.00,0.00,0.00
1342.11,35.90,31.09,36.00,30.00,AUTO,0,44,0,4.19,47.01,6.55,44.65,0.00,0.00,0.00,0.00
1343.11,35.93,31.09,36.00,30.00,AUTO,0,44,0,4.19,47.01,6.55,44.65,0.00,0.00,0.00,0.00
1344.11,35.93,31.09,36.00,30.00,AUTO,0,44,0,4.19,47.01,6.55,44.65,0.00,0.00,0.00,0.00
1345.11,35.93,31.09,36.00,30.00,AUTO,0,44,0,4.19,47.01,6.55,44.65,0.00,0.00,0.00,0.00
1346.11,35.94,31.09,36.00,30.00,AUTO,0,44,0,4.19,47.01,6.55,44.65,0.00,0.00,0.00,0.00
1347.11,35.94,31.09,36.00,30.00,AUTO,0,44,0,4.19,47.01,6.55,44.65,0.00,0.00,0.00,0.00
1348.12,35.90,31.09,36.00,30.00,AUTO,0,43,0,4.00,47.33,7.38,43.95,0.00,0.00,0.00,0.00
1349.12,35.90,31.09,36.00,30.00,AUTO,0,43,0,4.00,47.33,7.38,43.95,0.00,0.00,0.00,0.00
1350.12,35.89,31.09,36.00,30.00,AUTO,0,43,0,4.00,47.33,7.38,43.95,0.00,0.00,0.00,0.00
1351.12,35.93,31.13,36.00,30.00,AUTO,0,43,0,4.00,47.33,7.38,43.95,0.00,0.00,0.00,0.00
1352.12,35.93,31.13,36.00,30.00,AUTO,0,43,0,4.00,47.33,7.38,43.95,0.00,0.00,0.00,0.00
1353.13,35.93,31.13,36.00,30.00,AUTO,0,43,0,4.00,47.33,7.38,43.95,0.00,0.00,0.00,0.00
1354.13,35.93,31.13,36.00,30.00,AUTO,0,43,0,4.00,47.33,7.38,43.95,0.00,0.00,0.00,0.00
1355.13,35.93,31.13,36.00,30.00,AUTO,0,43,0,4.00,47.33,7.38,43.95,0.00,0.00,0.00,0.00
1356.13,35.90,31.13,36.00,30.00,AUTO,0,46,0,4.13,47.66,5.72,46.07,0.00,0.00,0.00,0.00
1357.13,35.89,31.13,36.00,30.00,AUTO,0,46,0,4.13,47.66,5.72,46.07,0.00,0.00,0.00,0.00
1358.13,35.90,31.13,36.00,30.00,AUTO,0,46,0,4.13,47.66,5.72,46.07,0.00,0.00,0.00,0.00
1359.13,35.89,31.13,36.00,30.00,AUTO,0,46,0,4.13,47.66,5.72,46.07,0.00,0.00,0.00,0.00
1360.13,35.93,31.13,36.00,30.00,AUTO,0,46,0,4.13,47.66,5.72,46.07,0.00,0.00,0.00,0.00
1361.14,35.93,31.13,36.00,30.00,AUTO,0,46,0,4.13,47.66,5.72,46.07,0.00,0.00,0.00,0.00
1362.14,35.93,31.13,36.00,30.00,AUTO,0,46,0,4.13,47.66,5.72,46.07,0.00,0.00,0.00,0.00
1363.14,35.93,31.13,36.00,30.00,AUTO,0,46,0,4.13,47.66,5.72,46.07,0.00,0.00,0.00,0.00
1364.14,35.89,31.17,36.00,30.00,AUTO,0,45,0,4.38,48.01,6.43,45.96,0.00,0.00,0.00,0.00
1365.14,35.89,31.17,36.00,30.00,AUTO,0,45,0,4.38,48.01,6.43,45.96,0.00,0.00,0.00,0.00
1366.14,35.89,31.17,36.00,30.00,AUTO,0,45,0,4.38,48.01,6.43,45.96,0.00,0.00,0.00,0.00
1367.15,35.89,31.17,36.00,30.00,AUTO,0,45,0,4.38,48.01,6.43,45.96,0.00,0.00,0.00,0.00
1368.15,35.92,31.17,36.00,30.00,AUTO,0,45,0,4.38,48.01,6.43,45.96,0.00,0.00,0.00,0.00
1369.15,35.93,31.17,36.00,30.00,AUTO,0,45,0,4.38,48.01,6.43,45.96,0.00,0.00,0.00,0.00
1370.15,35.92,31.17,36.00,30.00,AUTO,0,45,0,4.38,48.01,6.43,45.96,0.00,0.00,0.00,0.00
1371.15,35.92,31.17,36.00,30.00,AUTO,0,45,0,4.38,48.01,6.43,45.96,0.00,0.00,0.00,0.00
1372.15,35.89,31.17,36.00,30.00,AUTO,0,47,0,4.69,48.38,6.07,47.00,0.00,0.00,0.00,0.00
1373.15,35.89,31.17,36.00,30.00,AUTO,0,47,0,4.69,48.38,6.07,47.00,0.00,0.00,0.00,0.00
1374.16,35.89,31.17,36.00,30.00,AUTO,0,47,0,4.69,48.38,6.07,47.00,0.00,0.00,0.00,0.00
1375.16,35.89,31.17,36.00,30.00,AUTO,0,47,0,4.69,48.38,6.07,47.00,0.00,0.00,0.00,0.00
1376.16,35.90,31.22,36.00,30.00,AUTO,0,47,0,4.69,48.38,6.07,47.00,0.00,0.00,0.00,0.00
1377.16,35.92,31.22,36.00,30.00,AUTO,0,47,0,4.69,48.38,6.07,47.00,0.00,0.00,0.00,0.00
1378.16,35.93,31.17,36.00,30.00,AUTO,0,47,0,4.69,48.38,6.07,47.00,0.00,0.00,0.00,0.00
1379.16,35.93,31.17,36.00,30.00,AUTO,0,47,0,4.69,48.38,6.07,47.00,0.00,0.00,0.00,0.00
1380.17,35.90,31.17,36.00,30.00,AUTO,0,46,0,4.75,48.76,6.90,46.61,0.00,0.00,0.00,0.00
1381.17,35.89,31.17,36.00,30.00,AUTO,0,46,0,4.75,48.76,6.90,46.61,0.00,0.00,0.00,0.00
1382.17,35.90,31.17,36.00,30.00,AUTO,0,46,0,4.75,48.76,6.90,46.61,0.00,0.00,0.00,0.00
1383.17,35.90,31.17,36.00,30.00,AUTO,0,46,0,4.75,48.76,6.90,46.61,0.00,0.00,0.00,0.00
1384.17,35.93,31.22,36.00,30.00,AUTO,0,46,0,4.75,48.76,6.90,46.61,0.00,0.00,0.00,0.00
1385.18,35.94,31.17,36.00,30.00,AUTO,0,46,0,4.75,48.76,6.90,46.61,0.00,0.00,0.00,0.00
1386.17,35.94,31.17,36.00,30.00,AUTO,0,46,0,4.75,48.76,6.90,46.61,0.00,0.00,0.00,0.00
1387.18,35.94,31.17,36.00,30.00,AUTO,0,46,0,4.75,48.76,6.90,46.61,0.00,0.00,0.00,0.00
1388.18,35.90,31.17,36.00,30.00,AUTO,0,45,0,4.13,49.09,8.10,45.12,0.00,0.00,0.00,0.00
1389.18,35.92,31.17,36.00,30.00,AUTO,0,45,0,4.13,49.09,8.10,45.12,0.00,0.00,0.00,0.00
1390.18,35.90,31.22,36.00,30.00,AUTO,0,45,0,4.13,49.09,8.10,45.12,0.00,0.00,0.00,0.00
1391.18,35.93,31.22,36.00,30.00,AUTO,0,45,0,4.13,49.09,8.10,45.12,0.00,0.00,0.00,0.00
1392.18,35.93,31.22,36.00,30.00,AUTO,0,45,0,4.13,49.09,8.10,45.12,0.00,0.00,0.00,0.00
1393.19,35.94,31.22,36.00,30.00,AUTO,0,45,0,4.13,49.09,8.10,45.12,0.00,0.00,0.00,0.00
1394.19,35.94,31.22,36.00,30.00,AUTO,0,45,0,4.13,49.09,8.10,45.12,0.00,0.00,0.00,0.00
1395.19,35.93,31.22,36.00,30.00,AUTO,0,45,0,4.13,49.09,8.10,45.12,0.00,0.00,0.00,0.00
1396.19,35.90,31.22,36.00,30.00,AUTO,0,48,0,3.81,49.40,5.12,48.09,0.00,0.00,0.00,0.00
1397.19,35.90,31.22,36.00,30.00,AUTO,0,48,0,3.81,49.40,5.12,48.09,0.00,0.00,0.00,0.00
1398.19,35.89,31.22,36.00,30.00,AUTO,0,48,0,3.81,49.40,5.12,48.09,0.00,0.00,0.00,0.00
1399.20,35.90,31.25,36.00,30.00,AUTO,0,48,0,3.81,49.40,5.12,48.09,0.00,0.00,0.00,0.00
1400.20,35.93,31.25,36.00,30.00,AUTO,0,48,0,3.81,49.40,5.12,48.09,0.00,0.00,0.00,0.00
1401.20,35.93,31.22,36.00,30.00,AUTO,0,48,0,3.81,49.40,5.12,48.09,0.00,0.00,0.00,0.00
1402.21,35.93,31.22,36.00,30.00,AUTO,0,48,0,3.81,49.40,5.12,48.09,0.00,0.00,0.00,0.00
1403.20,35.93,31.22,36.00,30.00,AUTO,0,48,0,3.81,49.40,5.12,48.09,0.00,0.00,0.00,0.00
1404.20,35.90,31.22,36.00,30.00,AUTO,0,47,0,4.31,49.74,6.07,47.99,0.00,0.00,0.00,0.00
1405.20,35.90,31.22,36.00,30.00,AUTO,0,47,0,4.31,49.74,6.07,47.99,0.00,0.00,0.00,0.00
1406.21,35.90,31.25,36.00,30.00,AUTO,0,47,0,4.31,49.74,6.07,47.99,0.00,0.00,0.00,0.00
1407.21,35.90,31.25,36.00,30.00,AUTO,0,47,0,4.31,49.74,6.07,47.99,0.00,0.00,0.00,0.00
1408.21,35.94,31.25,36.00,30.00,AUTO,0,47,0,4.31,49.74,6.07,47.99,0.00,0.00,0.00,0.00
1409.21,35.94,31.25,36.00,30.00,AUTO,0,47,0,4.31,49.74,6.07,47.99,0.00,0.00,0.00,0.00
1410.21,35.93,31.25,36.00,30.00,AUTO,0,47,0,4.31,49.74,6.07,47.99,0.00,0.00,0.00,0.00
1411.21,35.93,31.25,36.00,30.00,AUTO,0,47,0,4.31,49.74,6.07,47.99,0.00,0.00,0.00,0.00
1412.22,35.92,31.25,36.00,30.00,AUTO,0,48,0,4.13,50.07,6.19,48.01,0.00,0.00,0.00,0.00
1413.22,35.90,31.25,36.00,30.00,AUTO,0,48,0,4.13,50.07,6.19,48.01,0.00,0.00,0.00,0.00
1414.22,35.92,31.25,36.00,30.00,AUTO,0,48,0,4.13,50.07,6.19,48.01,0.00,0.00,0.00,0.00
1415.22,35.94,31.25,36.00,30.00,AUTO,0,48,0,4.13,50.07,6.19,48.01,0.00,0.00,0.00,0.00
1416.22,35.96,31.22,36.00,30.00,AUTO,0,48,0,4.13,50.07,6.19,48.01,0.00,0.00,0.00,0.00
1417.23,35.97,31.22,36.00,30.00,AUTO,0,48,0,4.13,50.07,6.19,48.01,0.00,0.00,0.00,0.00
1418.23,35.97,31.22,36.00,30.00,AUTO,0,48,0,4.13,50.07,6.19,48.01,0.00,0.00,0.00,0.00
1419.23,35.97,31.22,36.00,30.00,AUTO,0,48,0,4.13,50.07,6.19,48.01,0.00,0.00,0.00,0.00
1420.23,35.94,31.22,36.00,30.00,AUTO,0,42,0,2.81,50.30,10.36,42.76,0.00,0.00,0.00,0.00
1421.23,35.95,31.22,36.00,30.00,AUTO,0,42,0,2.81,50.30,10.36,42.76,0.00,0.00,0.00,0.00
1422.23,35.95,31.22,36.00,30.00,AUTO,0,42,0,2.81,50.30,10.36,42.76,0.00,0.00,0.00,0.00
1423.23,35.97,31.22,36.00,30.00,AUTO,0,42,0,2.81,50.30,10.36,42.76,0.00,0.00,0.00,0.00
1424.23,35.97,31.25,36.00,30.00,AUTO,0,42,0,2.81,50.30,10.36,42.76,0.00,0.00,0.00,0.00
1425.24,35.98,31.22,36.00,30.00,AUTO,0,42,0,2.81,50.30,10.36,42.76,0.00,0.00,0.00,0.00
1426.24,35.98,31.25,36.00,30.00,AUTO,0,42,0,2.81,50.30,10.36,42.76,0.00,0.00,0.00,0.00
1427.24,35.98,31.25,36.00,30.00,AUTO,0,42,0,2.81,50.30,10.36,42.76,0.00,0.00,0.00,0.00
1428.24,35.95,31.25,36.00,30.00,AUTO,0,46,0,1.75,50.44,6.19,46.00,0.00,0.00,0.00,0.00
1429.24,35.94,31.25,36.00,30.00,AUTO,0,46,0,1.75,50.44,6.19,46.00,0.00,0.00,0.00,0.00
1430.25,35.95,31.25,36.00,30.00,AUTO,0,46,0,1.75,50.44,6.19,46.00,0.00,0.00,0.00,0.00
1431.25,35.96,31.25,36.00,30.00,AUTO,0,46,0,1.75,50.44,6.19,46.00,0.00,0.00,0.00,0.00
1432.25,35.99,31.25,36.00,30.00,AUTO,0,46,0,1.75,50.44,6.19,46.00,0.00,0.00,0.00,0.00
1433.25,35.98,31.25,36.00,30.00,AUTO,0,46,0,1.75,50.44,6.19,46.00,0.00,0.00,0.00,0.00
1434.25,35.99,31.25,36.00,30.00,AUTO,0,46,0,1.75,50.44,6.19,46.00,0.00,0.00,0.00,0.00
1435.25,35.99,31.25,36.00,30.00,AUTO,0,46,0,1.75,50.44,6.19,46.00,0.00,0.00,0.00,0.00
1436.25,35.96,31.25,36.00,30.00,AUTO,0,44,0,1.56,50.56,7.74,44.39,0.00,0.00,0.00,0.00
1437.25,35.96,31.25,36.00,30.00,AUTO,0,44,0,1.56,50.56,7.74,44.39,0.00,0.00,0.00,0.00
1438.26,35.96,31.25,36.00,30.00,AUTO,0,44,0,1.56,50.56,7.74,44.39,0.00,0.00,0.00,0.00
1439.26,35.97,31.25,36.00,30.00,AUTO,0,44,0,1.56,50.56,7.74,44.39,0.00,0.00,0.00,0.00
1440.26,35.98,31.25,36.00,30.00,AUTO,0,44,0,1.56,50.56,7.74,44.39,0.00,0.00,0.00,0.00
1441.26,35.99,31.25,36.00,30.00,AUTO,0,44,0,1.56,50.56,7.74,44.39,0.00,0.00,0.00,0.00
1442.26,36.00,31.25,36.00,30.00,AUTO,0,44,0,1.56,50.56,7.74,44.39,0.00,0.00,0.00,0.00
1443.26,36.00,31.25,36.00,30.00,AUTO,0,44,0,1.56,50.56,7.74,44.39,0.00,0.00,0.00,0.00
1444.27,35.96,31.25,36.00,30.00,AUTO,0,44,0,1.12,50.65,6.90,44.88,0.00,0.00,0.00,0.00
1445.27,35.96,31.25,36.00,30.00,AUTO,0,44,0,1.12,50.65,6.90,44.88,0.00,0.00,0.00,0.00
1446.27,35.95,31.25,36.00,30.00,AUTO,0,44,0,1.12,50.65,6.90,44.88,0.00,0.00,0.00,0.00
1447.27,35.98,31.29,36.00,30.00,AUTO,0,44,0,1.12,50.65,6.90,44.88,0.00,0.00,0.00,0.00
1448.27,36.00,31.29,36.00,30.00,AUTO,0,44,0,1.12,50.65,6.90,44.88,0.00,0.00,0.00,0.00
1449.28,35.99,31.29,36.00,30.00,AUTO,0,44,0,1.12,50.65,6.90,44.88,0.00,0.00,0.00,0.00
1450.27,35.99,31.29,36.00,30.00,AUTO,0,44,0,1.12,50.65,6.90,44.88,0.00,0.00,0.00,0.00
1451.28,36.02,31.29,36.00,30.00,AUTO,0,44,0,1.12,50.65,6.90,44.88,0.00,0.00,0.00,0.00
1452.28,35.96,31.29,36.00,30.00,AUTO,0,43,0,0.94,50.73,8.45,43.22,0.00,0.00,0.00,0.00
1453.29,35.97,31.25,36.00,30.00,AUTO,0,43,0,0.94,50.73,8.45,43.22,0.00,0.00,0.00,0.00
1454.29,35.96,31.29,36.00,30.00,AUTO,0,43,0,0.94,50.73,8.45,43.22,0.00,0.00,0.00,0.00
1455.28,35.98,31.29,36.00,30.00,AUTO,0,43,0,0.94,50.73,8.45,43.22,0.00,0.00,0.00,0.00
1456.29,35.98,31.29,36.00,30.00,AUTO,0,43,0,0.94,50.73,8.45,43.22,0.00,0.00,0.00,0.00
1457.29,35.99,31.29,36.00,30.00,AUTO,0,43,0,0.94,50.73,8.45,43.22,0.00,0.00,0.00,0.00
1458.29,35.99,31.29,36.00,30.00,AUTO,0,43,0,0.94,50.73,8.45,43.22,0.00,0.00,0.00,0.00
1459.29,35.98,31.29,36.00,30.00,AUTO,0,43,0,0.94,50.73,8.45,43.22,0.00,0.00,0.00,0.00
1460.29,35.94,31.33,36.00,30.00,AUTO,0,48,0,1.19,50.82,3.93,48.08,0.00,0.00,0.00,0.00
1461.29,35.95,31.33,36.00,30.00,AUTO,0,48,0,1.19,50.82,3.93,48.08,0.00,0.00,0.00,0.00
1462.30,35.94,31.33,36.00,30.00,AUTO,0,48,0,1.19,50.82,3.93,48.08,0.00,0.00,0.00,0.00
1463.30,35.95,31.33,36.00,30.00,AUTO,0,48,0,1.19,50.82,3.93,48.08,0.00,0.00,0.00,0.00
1464.30,35.97,31.33,36.00,30.00,AUTO,0,48,0,1.19,50.82,3.93,48.08,0.00,0.00,0.00,0.00
1465.30,35.97,31.33,36.00,30.00,AUTO,0,48,0,1.19,50.82,3.93,48.08,0.00,0.00,0.00,0.00
1466.30,35.97,31.33,36.00,30.00,AUTO,0,48,0,1.19,50.82,3.93,48.08,0.00,0.00,0.00,0.00
1467.30,35.97,31.33,36.00,30.00,AUTO,0,48,0,1.19,50.82,3.93,48.08,0.00,0.00,0.00,0.00
1468.31,35.94,31.33,36.00,30.00,AUTO,0,48,0,2.13,50.99,5.00,48.12,0.00,0.00,0.00,0.00
1469.30,35.94,31.33,36.00,30.00,AUTO,0,48,0,2.13,50.99,5.00,48.12,0.00,0.00,0.00,0.00
1470.31,35.94,31.33,36.00,30.00,AUTO,0,48,0,2.13,50.99,5.00,48.12,0.00,0.00,0.00,0.00
1471.31,35.94,31.33,36.00,30.00,AUTO,0,48,0,2.13,50.99,5.00,48.12,0.00,0.00,0.00,0.00
1472.31,35.98,31.33,36.00,30.00,AUTO,0,48,0,2.13,50.99,5.00,48.12,0.00,0.00,0.00,0.00
1473.31,36.00,31.33,36.00,30.00,AUTO,0,48,0,2.13,50.99,5.00,48.12,0.00,0.00,0.00,0.00
1474.31,36.02,31.33,36.00,30.00,AUTO,0,48,0,2.13,50.99,5.00,48.12,0.00,0.00,0.00,0.00
1475.31,36.00,31.33,36.00,30.00,AUTO,0,48,0,2.13,50.99,5.00,48.12,0.00,0.00,0.00,0.00
1476.32,35.96,31.33,36.00,30.00,AUTO,0,40,0,1.50,51.11,12.38,40.23,0.00,0.00,0.00,0.00
1477.32,35.95,31.33,36.00,30.00,AUTO,0,40,0,1.50,51.11,12.38,40.23,0.00,0.00,0.00,0.00
1478.32,35.96,31.33,36.00,30.00,AUTO,0,40,0,1.50,51.11,12.38,40.23,0.00,0.00,0.00,0.00
1479.32,36.00,31.33,36.00,30.00,AUTO,0,40,0,1.50,51.11,12.38,40.23,0.00,0.00,0.00,0.00
1480.32,36.02,31.33,36.00,30.00,AUTO,0,40,0,1.50,51.11,12.38,40.23,0.00,0.00,0.00,0.00
1481.33,36.02,31.33,36.00,30.00,AUTO,0,40,0,1.50,51.11,12.38,40.23,0.00,0.00,0.00,0.00
1482.32,35.99,31.33,36.00,30.00,AUTO,0,40,0,1.50,51.11,12.38,40.23,0.00,0.00,0.00,0.00
1483.33,35.99,31.33,36.00,30.00,AUTO,0,40,0,1.50,51.11,12.38,40.23,0.00,0.00,0.00,0.00
1484.33,35.96,31.33,36.00,30.00,AUTO,0,44,0,0.69,51.17,7.26,44.60,0.00,0.00,0.00,0.00
1485.33,35.95,31.38,36.00,30.00,AUTO,0,44,0,0.69,51.17,7.26,44.60,0.00,0.00,0.00,0.00
1486.34,35.96,31.33,36.00,30.00,AUTO,0,44,0,0.69,51.17,7.26,44.60,0.00,0.00,0.00,0.00
1487.33,35.98,31.33,36.00,30.00,AUTO,0,44,0,0.69,51.17,7.26,44.60,0.00,0.00,0.00,0.00
1488.34,35.98,31.38,36.00,30.00,AUTO,0,44,0,0.69,51.17,7.26,44.60,0.00,0.00,0.00,0.00
1489.34,35.99,31.38,36.00,30.00,AUTO,0,44,0,0.69,51.17,7.26,44.60,0.00,0.00,0.00,0.00
1490.34,36.00,31.38,36.00,30.00,AUTO,0,44,0,0.69,51.17,7.26,44.60,0.00,0.00,0.00,0.00
1491.34,35.99,31.38,36.00,30.00,AUTO,0,44,0,0.69,51.17,7.26,44.60,0.00,0.00,0.00,0.00
1492.34,35.96,31.38,36.00,30.00,AUTO,0,45,0,1.19,51.26,6.55,45.90,0.00,0.00,0.00,0.00
1493.34,35.96,31.38,36.00,30.00,AUTO,0,45,0,1.19,51.26,6.55,45.90,0.00,0.00,0.00,0.00
1494.35,35.96,31.38,36.00,30.00,AUTO,0,45,0,1.19,51.26,6.55,45.90,0.00,0.00,0.00,0.00
1495.35,35.96,31.38,36.00,30.00,AUTO,0,45,0,1.19,51.26,6.55,45.90,0.00,0.00,0.00,0.00
1496.35,36.00,31.38,36.00,30.00,AUTO,0,45,0,1.19,51.26,6.55,45.90,0.00,0.00,0.00,0.00
1497.35,36.00,31.38,36.00,30.00,AUTO,0,45,0,1.19,51.26,6.55,45.90,0.00,0.00,0.00,0.00
1498.35,35.99,31.38,36.00,30.00,AUTO,0,45,0,1.19,51.26,6.55,45.90,0.00,0.00,0.00,0.00
1499.36,35.99,31.38,36.00,30.00,AUTO,0,45,0,1.19,51.26,6.55,45.90,0.00,0.00,0.00,0.00
1500.36,35.97,31.38,36.00,30.00,AUTO,0,46,0,1.12,51.35,6.19,46.29,0.00,0.00,0.00,0.00
1501.36,35.96,31.38,36.00,30.00,AUTO,0,46,0,1.12,51.35,6.19,46.29,0.00,0.00,0.00,0.00
1502.36,35.96,31.38,36.00,30.00,AUTO,0,46,0,1.12,51.35,6.19,46.29,0.00,0.00,0.00,0.00
1503.36,35.95,31.38,36.00,30.00,AUTO,0,46,0,1.12,51.35,6.19,46.29,0.00,0.00,0.00,0.00
1504.36,35.98,31.41,36.00,30.00,AUTO,0,46,0,1.12,51.35,6.19,46.29,0.00,0.00,0.00,0.00
1505.36,35.99,31.41,36.00,30.00,AUTO,0,46,0,1.12,51.35,6.19,46.29,0.00,0.00,0.00,0.00
1506.36,35.99,31.41,36.00,30.00,AUTO,0,46,0,1.12,51.35,6.19,46.29,0.00,0.00,0.00,0.00
1507.37,35.98,31.41,36.00,30.00,AUTO,0,46,0,1.12,51.35,6.19,46.29,0.00,0.00,0.00,0.00
1508.37,35.95,31.41,36.00,30.00,AUTO,0,48,0,1.37,51.46,4.05,48.79,0.00,0.00,0.00,0.00
1509.37,35.95,31.41,36.00,30.00,AUTO,0,48,0,1.37,51.46,4.05,48.79,0.00,0.00,0.00,0.00
1510.37,35.95,31.41,36.00,30.00,AUTO,0,48,0,1.37,51.46,4.05,48.79,0.00,0.00,0.00,0.00
1511.37,35.95,31.41,36.00,30.00,AUTO,0,48,0,1.37,51.46,4.05,48.79,0.00,0.00,0.00,0.00
1512.37,35.98,31.41,36.00,30.00,AUTO,0,48,0,1.37,51.46,4.05,48.79,0.00,0.00,0.00,0.00
1513.38,35.98,31.41,36.00,30.00,AUTO,0,48,0,1.37,51.46,4.05,48.79,0.00,0.00,0.00,0.00
1514.38,35.98,31.41,36.00,30.00,AUTO,0,48,0,1.37,51.46,4.05,48.79,0.00,0.00,0.00,0.00
1515.38,35.99,31.41,36.00,30.00,AUTO,0,48,0,1.37,51.46,4.05,48.79,0.00,0.00,0.00,0.00
1516.38,35.96,31.41,36.00,30.00,AUTO,0,46,0,1.69,51.60,6.55,46.74,0.00,0.00,0.00,0.00
1517.38,35.97,31.41,36.00,30.00,AUTO,0,46,0,1.69,51.60,6.55,46.74,0.00,0.00,0.00,0.00
1518.39,35.96,31.41,36.00,30.00,AUTO,0,46,0,1.69,51.60,6.55,46.74,0.00,0.00,0.00,0.00
1519.38,35.97,31.41,36.00,30.00,AUTO,0,46,0,1.69,51.60,6.55,46.74,0.00,0.00,0.00,0.00
1520.39,36.00,31.41,36.00,30.00,AUTO,0,46,0,1.69,51.60,6.55,46.74,0.00,0.00,0.00,0.00
1521.39,36.00,31.41,36.00,30.00,AUTO,0,46,0,1.69,51.60,6.55,46.74,0.00,0.00,0.00,0.00
1522.39,35.99,31.41,36.00,30.00,AUTO,0,46,0,1.69,51.60,6.55,46.74,0.00,0.00,0.00,0.00
1523.39,35.99,31.41,36.00,30.00,AUTO,0,46,0,1.69,51.60,6.55,46.74,0.00,0.00,0.00,0.00
1524.39,35.96,31.41,36.00,30.00,AUTO,0,47,0,1.00,51.68,5.48,47.20,0.00,0.00,0.00,0.00
1525.39,35.96,31.41,36.00,30.00,AUTO,0,47,0,1.00,51.68,5.48,47.20,0.00,0.00,0.00,0.00
1526.40,35.96,31.45,36.00,30.00,AUTO,0,47,0,1.00,51.68,5.48,47.20,0.00,0.00,0.00,0.00
1527.40,35.96,31.45,36.00,30.00,AUTO,0,47,0,1.00,51.68,5.48,47.20,0.00,0.00,0.00,0.00
1528.40,36.02,31.45,36.00,30.00,AUTO,0,47,0,1.00,51.68,5.48,47.20,0.00,0.00,0.00,0.00
1529.40,36.00,31.45,36.00,30.00,AUTO,0,47,0,1.00,51.68,5.48,47.20,0.00,0.00,0.00,0.00
