Time_Seconds,Temperature,Humidity,Setpoint_Temperature,Setpoint_Humidity,Ctrl,Error_Code,T_PWM,RH_PWM,T_PID_p,T_PID_i,T_PID_d,T_PID_out,RH_PID_p,RH_PID_i,RH_PID_d,RH_PID_out,T_output,RH_output,T_min_thld,T_max_thld,RH_min_thld,RH_max_thld
0.00,34.52,32.86,36.00,20.00,AUTO,0,0,NaN,0.00,0.00,0.00,0.00,NaN,NaN,NaN,NaN,NaN,NaN,NaN,NaN,NaN,NaN
0.84,34.51,32.86,36.00,20.00,AUTO,0,74,NaN,74.00,0.00,0.00,74.00,NaN,NaN,NaN,NaN,NaN,NaN,NaN,NaN,NaN,NaN
1.88,34.53,32.81,36.00,20.00,MAN,0,74,NaN,74.00,0.00,0.00,74.00,NaN,NaN,NaN,NaN,NaN,NaN,NaN,NaN,NaN,NaN
2.96,34.53,32.81,36.00,20.00,MAN,0,74,NaN,74.00,0.00,0.00,74.00,NaN,NaN,NaN,NaN,NaN,NaN,NaN,NaN,NaN,NaN
3.84,34.55,32.77,36.00,20.00,MAN,0,74,NaN,74.00,0.00,0.00,74.00,NaN,NaN,NaN,NaN,NaN,NaN,NaN,NaN,NaN,NaN
4.84,34.57,32.77,36.00,20.00,MAN,0,74,NaN,74.00,0.00,0.00,74.00,NaN,NaN,NaN,NaN,NaN,NaN,NaN,NaN,NaN,NaN
5.84,34.59,32.73,36.00,20.00,MAN,0,74,NaN,74.00,0.00,0.00,74.00,NaN,NaN,NaN,NaN,NaN,NaN,NaN,NaN,NaN,NaN
6.84,34.60,32.73,36.00,20.00,MAN,0,74,NaN,74.00,0.00,0.00,74.00,NaN,NaN,NaN,NaN,NaN,NaN,NaN,NaN,NaN,NaN
7.85,34.62,32.70,36.00,20.00,MAN,0,74,NaN,74.00,0.00,0.00,74.00,NaN,NaN,NaN,NaN,NaN,NaN,NaN,NaN,NaN,NaN
8.85,34.63,32.70,36.00,20.00,MAN,0,74,NaN,74.00,0.00,0.00,74.00,NaN,NaN,NaN,NaN,NaN,NaN,NaN,NaN,NaN,NaN
9.85,34.64,32.65,36.00,20.00,MAN,0,74,NaN,74.00,0.00,0.00,74.00,NaN,NaN,NaN,NaN,NaN,NaN,NaN,NaN,NaN,NaN
10.85,34.66,32.67,36.00,20.00,MAN,0,74,NaN,74.00,0.00,0.00,74.00,NaN,NaN,NaN,NaN,NaN,NaN,NaN,NaN,NaN,NaN
11.85,34.67,32.67,36.00,20.00,MAN,0,74,NaN,74.00,0.00,0.00,74.00,NaN,NaN,NaN,NaN,NaN,NaN,NaN,NaN,NaN,NaN
12.85,34.69,32.63,36.00,20.00,MAN,0,74,NaN,74.00,0.00,0.00,74.00,NaN,NaN,NaN,NaN,NaN,NaN,NaN,NaN,NaN,NaN
13.86,34.70,32.63,36.00,20.00,MAN,0,74,NaN,74.00,0.00,0.00,74.00,NaN,NaN,NaN,NaN,NaN,NaN,NaN,NaN,NaN,NaN
14.85,34.73,32.59,36.00,20.00,MAN,0,74,NaN,74.00,0.00,0.00,74.00,NaN,NaN,NaN,NaN,NaN,NaN,NaN,NaN,NaN,NaN
15.86,34.75,32.55,36.00,20.00,MAN,0,74,NaN,74.00,0.00,0.00,74.00,NaN,NaN,NaN,NaN,NaN,NaN,NaN,NaN,NaN,NaN
16.86,34.76,32.55,36.00,20.00,MAN,0,74,NaN,74.00,0.00,0.00,74.00,NaN,NaN,NaN,NaN,NaN,NaN,NaN,NaN,NaN,NaN
17.86,34.79,32.51,36.00,20.00,MAN,0,74,NaN,74.00,0.00,0.00,74.00,NaN,NaN,NaN,NaN,NaN,NaN,NaN,NaN,NaN,NaN
18.87,34.81,32.43,36.00,20.00,MAN,0,74,NaN,74.00,0.00,0.00,74.00,NaN,NaN,NaN,NaN,NaN,NaN,NaN,NaN,NaN,NaN
19.86,34.82,32.43,36.00,20.00,MAN,0,74,NaN,74.00,0.00,0.00,74.00,NaN,NaN,NaN,NaN,NaN,NaN,NaN,NaN,NaN,NaN
20.87,34.84,32.41,36.00,20.00,MAN,0,74,NaN,74.00,0.00,0.00,74.00,NaN,NaN,NaN,NaN,NaN,NaN,NaN,NaN,NaN,NaN
21.87,34.85,32.41,36.00,20.00,MAN,0,74,NaN,74.00,0.00,0.00,74.00,NaN,NaN,NaN,NaN,NaN,NaN,NaN,NaN,NaN,NaN
22.87,34.89,32.37,36.00,20.00,MAN,0,74,NaN,74.00,0.00,0.00,74.00,NaN,NaN,NaN,NaN,NaN,NaN,NaN,NaN,NaN,NaN
23.87,34.91,32.37,36.00,20.00,MAN,0,74,NaN,74.00,0.00,0.00,74.00,NaN,NaN,NaN,NaN,NaN,NaN,NaN,NaN,NaN,NaN
24.87,34.94,32.32,36.00,20.00,MAN,0,74,NaN,74.00,0.00,0.00,74.00,NaN,NaN,NaN,NaN,NaN,NaN,NaN,NaN,NaN,NaN
25.87,34.97,32.28,36.00,20.00,MAN,0,74,NaN,74.00,0.00,0.00,74.00,NaN,NaN,NaN,NaN,NaN,NaN,NaN,NaN,NaN,NaN
26.88,34.98,32.25,36.00,20.00,MAN,0,74,NaN,74.00,0.00,0.00,74.00,NaN,NaN,NaN,NaN,NaN,NaN,NaN,NaN,NaN,NaN
27.88,35.00,32.25,36.00,20.00,MAN,0,74,NaN,74.00,0.00,0.00,74.00,NaN,NaN,NaN,NaN,NaN,NaN,NaN,NaN,NaN,NaN
28.88,35.01,32.22,36.00,20.00,MAN,0,74,NaN,74.00,0.00,0.00,74.00,NaN,NaN,NaN,NaN,NaN,NaN,NaN,NaN,NaN,NaN
29.88,35.04,32.18,36.00,20.00,MAN,0,74,NaN,74.00,0.00,0.00,74.00,NaN,NaN,NaN,NaN,NaN,NaN,NaN,NaN,NaN,NaN
30.88,35.06,32.18,36.00,20.00,MAN,0,74,NaN,74.00,0.00,0.00,74.00,NaN,NaN,NaN,NaN,NaN,NaN,NaN,NaN,NaN,NaN
31.88,35.07,32.14,36.00,20.00,MAN,0,74,NaN,74.00,0.00,0.00,74.00,NaN,NaN,NaN,NaN,NaN,NaN,NaN,NaN,NaN,NaN
32.88,35.10,32.10,36.00,20.00,MAN,0,74,NaN,74.00,0.00,0.00,74.00,NaN,NaN,NaN,NaN,NaN,NaN,NaN,NaN,NaN,NaN
33.88,35.12,32.10,36.00,20.00,MAN,0,74,NaN,74.00,0.00,0.00,74.00,NaN,NaN,NaN,NaN,NaN,NaN,NaN,NaN,NaN,NaN
34.89,35.15,32.06,36.00,20.00,MAN,0,74,NaN,74.00,0.00,0.00,74.00,NaN,NaN,NaN,NaN,NaN,NaN,NaN,NaN,NaN,NaN
35.89,35.18,32.03,36.00,20.00,MAN,0,74,NaN,74.00,0.00,0.00,74.00,NaN,NaN,NaN,NaN,NaN,NaN,NaN,NaN,NaN,NaN
36.89,35.20,31.99,36.00,20.00,MAN,0,74,NaN,74.00,0.00,0.00,74.00,NaN,NaN,NaN,NaN,NaN,NaN,NaN,NaN,NaN,NaN
37.89,35.21,31.99,36.00,20.00,MAN,0,74,NaN,74.00,0.00,0.00,74.00,NaN,NaN,NaN,NaN,NaN,NaN,NaN,NaN,NaN,NaN
38.89,35.23,31.95,36.00,20.00,MAN,0,74,NaN,74.00,0.00,0.00,74.00,NaN,NaN,NaN,NaN,NaN,NaN,NaN,NaN,NaN,NaN
39.90,35.25,31.95,36.00,20.00,MAN,0,74,NaN,74.00,0.00,0.00,74.00,NaN,NaN,NaN,NaN,NaN,NaN,NaN,NaN,NaN,NaN
40.90,35.27,31.91,36.00,20.00,MAN,0,74,NaN,74.00,0.00,0.00,74.00,NaN,NaN,NaN,NaN,NaN,NaN,NaN,NaN,NaN,NaN
41.90,35.29,31.87,36.00,20.00,MAN,0,74,NaN,74.00,0.00,0.00,74.00,NaN,NaN,NaN,NaN,NaN,NaN,NaN,NaN,NaN,NaN
42.90,35.31,31.87,36.00,20.00,MAN,0,74,NaN,74.00,0.00,0.00,74.00,NaN,NaN,NaN,NaN,NaN,NaN,NaN,NaN,NaN,NaN
43.90,35.34,31.85,36.00,20.00,MAN,0,74,NaN,74.00,0.00,0.00,74.00,NaN,NaN,NaN,NaN,NaN,NaN,NaN,NaN,NaN,NaN
44.91,35.36,31.81,36.00,20.00,MAN,0,74,NaN,74.00,0.00,0.00,74.00,NaN,NaN,NaN,NaN,NaN,NaN,NaN,NaN,NaN,NaN
45.91,35.38,31.81,36.00,20.00,MAN,0,74,NaN,74.00,0.00,0.00,74.00,NaN,NaN,NaN,NaN,NaN,NaN,NaN,NaN,NaN,NaN
46.91,35.40,31.77,36.00,20.00,MAN,0,74,NaN,74.00,0.00,0.00,74.00,NaN,NaN,NaN,NaN,NaN,NaN,NaN,NaN,NaN,NaN
47.91,35.42,31.73,36.00,20.00,MAN,0,74,NaN,74.00,0.00,0.00,74.00,NaN,NaN,NaN,NaN,NaN,NaN,NaN,NaN,NaN,NaN
48.91,35.43,31.73,36.00,20.00,MAN,0,74,NaN,74.00,0.00,0.00,74.00,NaN,NaN,NaN,NaN,NaN,NaN,NaN,NaN,NaN,NaN
49.91,35.47,31.69,36.00,20.00,MAN,0,74,NaN,74.00,0.00,0.00,74.00,NaN,NaN,NaN,NaN,NaN,NaN,NaN,NaN,NaN,NaN
50.92,35.49,31.69,36.00,20.00,MAN,0,74,NaN,74.00,0.00,0.00,74.00,NaN,NaN,NaN,NaN,NaN,NaN,NaN,NaN,NaN,NaN
51.91,35.51,31.64,36.00,20.00,MAN,0,74,NaN,74.00,0.00,0.00,74.00,NaN,NaN,NaN,NaN,NaN,NaN,NaN,NaN,NaN,NaN
52.92,35.53,31.67,36.00,20.00,MAN,0,74,NaN,74.00,0.00,0.00,74.00,NaN,NaN,NaN,NaN,NaN,NaN,NaN,NaN,NaN,NaN
53.92,35.55,31.62,36.00,20.00,MAN,0,74,NaN,74.00,0.00,0.00,74.00,NaN,NaN,NaN,NaN,NaN,NaN,NaN,NaN,NaN,NaN
54.92,35.57,31.54,36.00,20.00,MAN,0,74,NaN,74.00,0.00,0.00,74.00,NaN,NaN,NaN,NaN,NaN,NaN,NaN,NaN,NaN,NaN
55.92,35.59,31.50,36.00,20.00,MAN,0,74,NaN,74.00,0.00,0.00,74.00,NaN,NaN,NaN,NaN,NaN,NaN,NaN,NaN,NaN,NaN
56.92,35.62,31.50,36.00,20.00,MAN,0,74,NaN,74.00,0.00,0.00,74.00,NaN,NaN,NaN,NaN,NaN,NaN,NaN,NaN,NaN,NaN
57.92,35.65,31.46,36.00,20.00,MAN,0,74,NaN,74.00,0.00,0.00,74.00,NaN,NaN,NaN,NaN,NaN,NaN,NaN,NaN,NaN,NaN
58.93,35.67,31.42,36.00,20.00,MAN,0,74,NaN,74.00,0.00,0.00,74.00,NaN,NaN,NaN,NaN,NaN,NaN,NaN,NaN,NaN,NaN
59.93,35.69,31.40,36.00,20.00,MAN,0,74,NaN,74.00,0.00,0.00,74.00,NaN,NaN,NaN,NaN,NaN,NaN,NaN,NaN,NaN,NaN
60.93,35.71,31.40,36.00,20.00,MAN,0,74,NaN,74.00,0.00,0.00,74.00,NaN,NaN,NaN,NaN,NaN,NaN,NaN,NaN,NaN,NaN
61.93,35.74,31.35,36.00,20.00,MAN,0,74,NaN,74.00,0.00,0.00,74.00,NaN,NaN,NaN,NaN,NaN,NaN,NaN,NaN,NaN,NaN
62.93,35.75,31.32,36.00,20.00,MAN,0,74,NaN,74.00,0.00,0.00,74.00,NaN,NaN,NaN,NaN,NaN,NaN,NaN,NaN,NaN,NaN
63.94,35.78,31.32,36.00,20.00,MAN,0,74,NaN,74.00,0.00,0.00,74.00,NaN,NaN,NaN,NaN,NaN,NaN,NaN,NaN,NaN,NaN
64.94,35.80,31.28,36.00,20.00,MAN,0,74,NaN,74.00,0.00,0.00,74.00,NaN,NaN,NaN,NaN,NaN,NaN,NaN,NaN,NaN,NaN
65.94,35.82,31.28,36.00,20.00,MAN,0,74,NaN,74.00,0.00,0.00,74.00,NaN,NaN,NaN,NaN,NaN,NaN,NaN,NaN,NaN,NaN
66.94,35.84,31.25,36.00,20.00,MAN,0,74,NaN,74.00,0.00,0.00,74.00,NaN,NaN,NaN,NaN,NaN,NaN,NaN,NaN,NaN,NaN
67.94,35.87,31.22,36.00,20.00,MAN,0,74,NaN,74.00,0.00,0.00,74.00,NaN,NaN,NaN,NaN,NaN,NaN,NaN,NaN,NaN,NaN
68.94,35.89,31.22,36.00,20.00,MAN,0,74,NaN,74.00,0.00,0.00,74.00,NaN,NaN,NaN,NaN,NaN,NaN,NaN,NaN,NaN,NaN
69.94,35.93,31.17,36.00,20.00,MAN,0,74,NaN,74.00,0.00,0.00,74.00,NaN,NaN,NaN,NaN,NaN,NaN,NaN,NaN,NaN,NaN
70.94,35.95,31.13,36.00,20.00,MAN,0,74,NaN,74.00,0.00,0.00,74.00,NaN,NaN,NaN,NaN,NaN,NaN,NaN,NaN,NaN,NaN
71.95,36.00,31.09,36.00,20.00,MAN,0,74,NaN,74.00,0.00,0.00,74.00,NaN,NaN,NaN,NaN,NaN,NaN,NaN,NaN,NaN,NaN
72.95,36.02,31.09,36.00,20.00,MAN,0,74,NaN,74.00,0.00,0.00,74.00,NaN,NaN,NaN,NaN,NaN,NaN,NaN,NaN,NaN,NaN
73.95,36.02,31.05,36.00,20.00,MAN,0,74,NaN,74.00,0.00,0.00,74.00,NaN,NaN,NaN,NaN,NaN,NaN,NaN,NaN,NaN,NaN
74.95,36.03,31.03,36.00,20.00,MAN,0,74,NaN,74.00,0.00,0.00,74.00,NaN,NaN,NaN,NaN,NaN,NaN,NaN,NaN,NaN,NaN
75.95,36.08,30.99,36.00,20.00,MAN,0,74,NaN,74.00,0.00,0.00,74.00,NaN,NaN,NaN,NaN,NaN,NaN,NaN,NaN,NaN,NaN
76.96,36.11,30.94,36.00,20.00,MAN,0,74,NaN,74.00,0.00,0.00,74.00,NaN,NaN,NaN,NaN,NaN,NaN,NaN,NaN,NaN,NaN
77.96,36.12,30.90,36.00,20.00,MAN,0,74,NaN,74.00,0.00,0.00,74.00,NaN,NaN,NaN,NaN,NaN,NaN,NaN,NaN,NaN,NaN
78.96,36.14,30.90,36.00,20.00,MAN,0,74,NaN,74.00,0.00,0.00,74.00,NaN,NaN,NaN,NaN,NaN,NaN,NaN,NaN,NaN,NaN
79.96,36.16,30.87,36.00,20.00,MAN,0,74,NaN,74.00,0.00,0.00,74.00,NaN,NaN,NaN,NaN,NaN,NaN,NaN,NaN,NaN,NaN
80.96,36.18,30.82,36.00,20.00,MAN,0,74,NaN,74.00,0.00,0.00,74.00,NaN,NaN,NaN,NaN,NaN,NaN,NaN,NaN,NaN,NaN
81.96,36.19,30.82,36.00,20.00,MAN,0,74,NaN,74.00,0.00,0.00,74.00,NaN,NaN,NaN,NaN,NaN,NaN,NaN,NaN,NaN,NaN
82.97,36.23,30.84,36.00,20.00,MAN,0,74,NaN,74.00,0.00,0.00,74.00,NaN,NaN,NaN,NaN,NaN,NaN,NaN,NaN,NaN,NaN
83.96,36.25,30.80,36.00,20.00,MAN,0,74,NaN,74.00,0.00,0.00,74.00,NaN,NaN,NaN,NaN,NaN,NaN,NaN,NaN,NaN,NaN
84.97,36.27,30.80,36.00,20.00,MAN,0,74,NaN,74.00,0.00,0.00,74.00,NaN,NaN,NaN,NaN,NaN,NaN,NaN,NaN,NaN,NaN
85.97,36.28,30.76,36.00,20.00,MAN,0,74,NaN,74.00,0.00,0.00,74.00,NaN,NaN,NaN,NaN,NaN,NaN,NaN,NaN,NaN,NaN
86.97,36.31,30.68,36.00,20.00,MAN,0,74,NaN,74.00,0.00,0.00,74.00,NaN,NaN,NaN,NaN,NaN,NaN,NaN,NaN,NaN,NaN
87.97,36.32,30.68,36.00,20.00,MAN,0,74,NaN,74.00,0.00,0.00,74.00,NaN,NaN,NaN,NaN,NaN,NaN,NaN,NaN,NaN,NaN
88.97,36.36,30.64,36.00,20.00,MAN,0,74,NaN,74.00,0.00,0.00,74.00,NaN,NaN,NaN,NaN,NaN,NaN,NaN,NaN,NaN,NaN
89.98,36.37,30.61,36.00,20.00,MAN,0,74,NaN,74.00,0.00,0.00,74.00,NaN,NaN,NaN,NaN,NaN,NaN,NaN,NaN,NaN,NaN
90.98,36.39,30.61,36.00,20.00,MAN,0,74,NaN,74.00,0.00,0.00,74.00,NaN,NaN,NaN,NaN,NaN,NaN,NaN,NaN,NaN,NaN
91.98,36.41,30.58,36.00,20.00,MAN,0,74,NaN,74.00,0.00,0.00,74.00,NaN,NaN,NaN,NaN,NaN,NaN,NaN,NaN,NaN,NaN
92.98,36.42,30.58,36.00,20.00,MAN,0,74,NaN,74.00,0.00,0.00,74.00,NaN,NaN,NaN,NaN,NaN,NaN,NaN,NaN,NaN,NaN
93.98,36.44,30.53,36.00,20.00,MAN,0,74,NaN,74.00,0.00,0.00,74.00,NaN,NaN,NaN,NaN,NaN,NaN,NaN,NaN,NaN,NaN
94.98,36.46,30.53,36.00,20.00,MAN,0,74,NaN,74.00,0.00,0.00,74.00,NaN,NaN,NaN,NaN,NaN,NaN,NaN,NaN,NaN,NaN
95.99,36.48,30.49,36.00,20.00,MAN,0,74,NaN,74.00,0.00,0.00,74.00,NaN,NaN,NaN,NaN,NaN,NaN,NaN,NaN,NaN,NaN
96.98,36.49,30.49,36.00,20.00,MAN,0,74,NaN,74.00,0.00,0.00,74.00,NaN,NaN,NaN,NaN,NaN,NaN,NaN,NaN,NaN,NaN
97.99,36.52,30.45,36.00,20.00,MAN,0,74,NaN,74.00,0.00,0.00,74.00,NaN,NaN,NaN,NaN,NaN,NaN,NaN,NaN,NaN,NaN
98.99,36.54,30.45,36.00,20.00,MAN,0,74,NaN,74.00,0.00,0.00,74.00,NaN,NaN,NaN,NaN,NaN,NaN,NaN,NaN,NaN,NaN
99.99,36.55,30.43,36.00,20.00,MAN,0,74,NaN,74.00,0.00,0.00,74.00,NaN,NaN,NaN,NaN,NaN,NaN,NaN,NaN,NaN,NaN
100.99,36.58,30.43,36.00,20.00,MAN,0,74,NaN,74.00,0.00,0.00,74.00,NaN,NaN,NaN,NaN,NaN,NaN,NaN,NaN,NaN,NaN
101.99,36.60,30.38,36.00,20.00,MAN,0,74,NaN,74.00,0.00,0.00,74.00,NaN,NaN,NaN,NaN,NaN,NaN,NaN,NaN,NaN,NaN
102.99,36.62,30.35,36.00,20.00,MAN,0,74,NaN,74.00,0.00,0.00,74.00,NaN,NaN,NaN,NaN,NaN,NaN,NaN,NaN,NaN,NaN
104.00,36.66,30.35,36.00,20.00,MAN,0,74,NaN,74.00,0.00,0.00,74.00,NaN,NaN,NaN,NaN,NaN,NaN,NaN,NaN,NaN,NaN
105.00,36.69,30.31,36.00,20.00,MAN,0,74,NaN,74.00,0.00,0.00,74.00,NaN,NaN,NaN,NaN,NaN,NaN,NaN,NaN,NaN,NaN
106.00,36.70,30.31,36.00,20.00,MAN,0,74,NaN,74.00,0.00,0.00,74.00,NaN,NaN,NaN,NaN,NaN,NaN,NaN,NaN,NaN,NaN
107.00,36.71,30.27,36.00,20.00,MAN,0,74,NaN,74.00,0.00,0.00,74.00,NaN,NaN,NaN,NaN,NaN,NaN,NaN,NaN,NaN,NaN
108.00,36.72,30.29,36.00,20.00,MAN,0,74,NaN,74.00,0.00,0.00,74.00,NaN,NaN,NaN,NaN,NaN,NaN,NaN,NaN,NaN,NaN
109.01,36.72,30.29,36.00,20.00,MAN,0,74,NaN,74.00,0.00,0.00,74.00,NaN,NaN,NaN,NaN,NaN,NaN,NaN,NaN,NaN,NaN
110.01,36.74,30.24,36.00,20.00,MAN,0,74,NaN,74.00,0.00,0.00,74.00,NaN,NaN,NaN,NaN,NaN,NaN,NaN,NaN,NaN,NaN
111.01,36.75,30.24,36.00,20.00,MAN,0,74,NaN,74.00,0.00,0.00,74.00,NaN,NaN,NaN,NaN,NaN,NaN,NaN,NaN,NaN,NaN
112.01,36.76,30.20,36.00,20.00,MAN,0,74,NaN,74.00,0.00,0.00,74.00,NaN,NaN,NaN,NaN,NaN,NaN,NaN,NaN,NaN,NaN
113.01,36.76,30.20,36.00,20.00,MAN,0,74,NaN,74.00,0.00,0.00,74.00,NaN,NaN,NaN,NaN,NaN,NaN,NaN,NaN,NaN,NaN
114.01,36.76,30.20,36.00,20.00,MAN,0,74,NaN,74.00,0.00,0.00,74.00,NaN,NaN,NaN,NaN,NaN,NaN,NaN,NaN,NaN,NaN
115.02,36.76,30.20,36.00,20.00,MAN,0,74,NaN,74.00,0.00,0.00,74.00,NaN,NaN,NaN,NaN,NaN,NaN,NaN,NaN,NaN,NaN
116.02,36.77,30.20,36.00,20.00,MAN,0,74,NaN,74.00,0.00,0.00,74.00,NaN,NaN,NaN,NaN,NaN,NaN,NaN,NaN,NaN,NaN
117.02,36.78,30.16,36.00,20.00,MAN,0,74,NaN,74.00,0.00,0.00,74.00,NaN,NaN,NaN,NaN,NaN,NaN,NaN,NaN,NaN,NaN
118.02,36.78,30.16,36.00,20.00,MAN,0,74,NaN,74.00,0.00,0.00,74.00,NaN,NaN,NaN,NaN,NaN,NaN,NaN,NaN,NaN,NaN
119.02,36.77,30.16,36.00,20.00,MAN,0,74,NaN,74.00,0.00,0.00,74.00,NaN,NaN,NaN,NaN,NaN,NaN,NaN,NaN,NaN,NaN
120.02,36.77,30.16,36.00,20.00,MAN,0,74,NaN,74.00,0.00,0.00,74.00,NaN,NaN,NaN,NaN,NaN,NaN,NaN,NaN,NaN,NaN
121.02,36.78,30.16,36.00,20.00,MAN,0,74,NaN,74.00,0.00,0.00,74.00,NaN,NaN,NaN,NaN,NaN,NaN,NaN,NaN,NaN,NaN
122.03,36.77,30.16,36.00,20.00,MAN,0,74,NaN,74.00,0.00,0.00,74.00,NaN,NaN,NaN,NaN,NaN,NaN,NaN,NaN,NaN,NaN
123.03,36.77,30.16,36.00,20.00,MAN,0,74,NaN,74.00,0.00,0.00,74.00,NaN,NaN,NaN,NaN,NaN,NaN,NaN,NaN,NaN,NaN
124.03,36.77,30.16,36.00,20.00,MAN,0,74,NaN,74.00,0.00,0.00,74.00,NaN,NaN,NaN,NaN,NaN,NaN,NaN,NaN,NaN,NaN
125.03,36.76,30.16,36.00,20.00,MAN,0,74,NaN,74.00,0.00,0.00,74.00,NaN,NaN,NaN,NaN,NaN,NaN,NaN,NaN,NaN,NaN
126.03,36.76,30.16,36.00,20.00,MAN,0,74,NaN,74.00,0.00,0.00,74.00,NaN,NaN,NaN,NaN,NaN,NaN,NaN,NaN,NaN,NaN
127.03,36.76,30.20,36.00,20.00,MAN,0,74,NaN,74.00,0.00,0.00,74.00,NaN,NaN,NaN,NaN,NaN,NaN,NaN,NaN,NaN,NaN
128.04,36.75,30.20,36.00,20.00,MAN,0,74,NaN,74.00,0.00,0.00,74.00,NaN,NaN,NaN,NaN,NaN,NaN,NaN,NaN,NaN,NaN
129.04,36.74,30.20,36.00,20.00,MAN,0,74,NaN,74.00,0.00,0.00,74.00,NaN,NaN,NaN,NaN,NaN,NaN,NaN,NaN,NaN,NaN
130.04,36.74,30.20,36.00,20.00,MAN,0,74,NaN,74.00,0.00,0.00,74.00,NaN,NaN,NaN,NaN,NaN,NaN,NaN,NaN,NaN,NaN
131.04,36.73,30.20,36.00,20.00,MAN,0,74,NaN,74.00,0.00,0.00,74.00,NaN,NaN,NaN,NaN,NaN,NaN,NaN,NaN,NaN,NaN
132.04,36.73,30.24,36.00,20.00,MAN,0,74,NaN,74.00,0.00,0.00,74.00,NaN,NaN,NaN,NaN,NaN,NaN,NaN,NaN,NaN,NaN
133.04,36.72,30.24,36.00,20.00,MAN,0,74,NaN,74.00,0.00,0.00,74.00,NaN,NaN,NaN,NaN,NaN,NaN,NaN,NaN,NaN,NaN
134.04,36.72,30.29,36.00,20.00,MAN,0,74,NaN,74.00,0.00,0.00,74.00,NaN,NaN,NaN,NaN,NaN,NaN,NaN,NaN,NaN,NaN
135.04,36.72,30.29,36.00,20.00,MAN,0,74,NaN,74.00,0.00,0.00,74.00,NaN,NaN,NaN,NaN,NaN,NaN,NaN,NaN,NaN,NaN
136.05,36.71,30.29,36.00,20.00,MAN,0,74,NaN,74.00,0.00,0.00,74.00,NaN,NaN,NaN,NaN,NaN,NaN,NaN,NaN,NaN,NaN
137.05,36.70,30.27,36.00,20.00,MAN,0,74,NaN,74.00,0.00,0.00,74.00,NaN,NaN,NaN,NaN,NaN,NaN,NaN,NaN,NaN,NaN
138.05,36.69,30.31,36.00,20.00,MAN,0,74,NaN,74.00,0.00,0.00,74.00,NaN,NaN,NaN,NaN,NaN,NaN,NaN,NaN,NaN,NaN
139.05,36.68,30.31,36.00,20.00,MAN,0,74,NaN,74.00,0.00,0.00,74.00,NaN,NaN,NaN,NaN,NaN,NaN,NaN,NaN,NaN,NaN
140.05,36.68,30.31,36.00,20.00,MAN,0,74,NaN,74.00,0.00,0.00,74.00,NaN,NaN,NaN,NaN,NaN,NaN,NaN,NaN,NaN,NaN
141.06,36.67,30.31,36.00,20.00,MAN,0,74,NaN,74.00,0.00,0.00,74.00,NaN,NaN,NaN,NaN,NaN,NaN,NaN,NaN,NaN,NaN
142.06,36.66,30.31,36.00,20.00,MAN,0,74,NaN,74.00,0.00,0.00,74.00,NaN,NaN,NaN,NaN,NaN,NaN,NaN,NaN,NaN,NaN
143.06,36.64,30.35,36.00,20.00,MAN,0,74,NaN,74.00,0.00,0.00,74.00,NaN,NaN,NaN,NaN,NaN,NaN,NaN,NaN,NaN,NaN
144.06,36.63,30.35,36.00,20.00,MAN,0,74,NaN,74.00,0.00,0.00,74.00,NaN,NaN,NaN,NaN,NaN,NaN,NaN,NaN,NaN,NaN
145.06,36.62,30.35,36.00,20.00,MAN,0,74,NaN,74.00,0.00,0.00,74.00,NaN,NaN,NaN,NaN,NaN,NaN,NaN,NaN,NaN,NaN
146.06,36.61,30.35,36.00,20.00,MAN,0,74,NaN,74.00,0.00,0.00,74.00,NaN,NaN,NaN,NaN,NaN,NaN,NaN,NaN,NaN,NaN
147.06,36.60,30.38,36.00,20.00,MAN,0,74,NaN,74.00,0.00,0.00,74.00,NaN,NaN,NaN,NaN,NaN,NaN,NaN,NaN,NaN,NaN
148.07,36.59,30.38,36.00,20.00,MAN,0,74,NaN,74.00,0.00,0.00,74.00,NaN,NaN,NaN,NaN,NaN,NaN,NaN,NaN,NaN,NaN
149.07,36.58,30.38,36.00,20.00,MAN,0,74,NaN,74.00,0.00,0.00,74.00,NaN,NaN,NaN,NaN,NaN,NaN,NaN,NaN,NaN,NaN
150.07,36.57,30.38,36.00,20.00,MAN,0,74,NaN,74.00,0.00,0.00,74.00,NaN,NaN,NaN,NaN,NaN,NaN,NaN,NaN,NaN,NaN
151.07,36.56,30.43,36.00,20.00,MAN,0,74,NaN,74.00,0.00,0.00,74.00,NaN,NaN,NaN,NaN,NaN,NaN,NaN,NaN,NaN,NaN
152.07,36.55,30.42,36.00,20.00,MAN,0,74,NaN,74.00,0.00,0.00,74.00,NaN,NaN,NaN,NaN,NaN,NaN,NaN,NaN,NaN,NaN
153.07,36.54,30.45,36.00,20.00,MAN,0,74,NaN,74.00,0.00,0.00,74.00,NaN,NaN,NaN,NaN,NaN,NaN,NaN,NaN,NaN,NaN
154.08,36.53,30.45,36.00,20.00,MAN,0,74,NaN,74.00,0.00,0.00,74.00,NaN,NaN,NaN,NaN,NaN,NaN,NaN,NaN,NaN,NaN
155.08,36.51,30.45,36.00,20.00,MAN,0,74,NaN,74.00,0.00,0.00,74.00,NaN,NaN,NaN,NaN,NaN,NaN,NaN,NaN,NaN,NaN
156.08,36.49,30.49,36.00,20.00,MAN,0,74,NaN,74.00,0.00,0.00,74.00,NaN,NaN,NaN,NaN,NaN,NaN,NaN,NaN,NaN,NaN
157.08,36.48,30.49,36.00,20.00,MAN,0,74,NaN,74.00,0.00,0.00,74.00,NaN,NaN,NaN,NaN,NaN,NaN,NaN,NaN,NaN,NaN
158.08,36.47,30.49,36.00,20.00,MAN,0,74,NaN,74.00,0.00,0.00,74.00,NaN,NaN,NaN,NaN,NaN,NaN,NaN,NaN,NaN,NaN
159.08,36.45,30.53,36.00,20.00,MAN,0,74,NaN,74.00,0.00,0.00,74.00,NaN,NaN,NaN,NaN,NaN,NaN,NaN,NaN,NaN,NaN
160.09,36.44,30.53,36.00,20.00,MAN,0,74,NaN,74.00,0.00,0.00,74.00,NaN,NaN,NaN,NaN,NaN,NaN,NaN,NaN,NaN,NaN
161.09,36.43,30.58,36.00,20.00,MAN,0,74,NaN,74.00,0.00,0.00,74.00,NaN,NaN,NaN,NaN,NaN,NaN,NaN,NaN,NaN,NaN
162.09,36.42,30.58,36.00,20.00,MAN,0,74,NaN,74.00,0.00,0.00,74.00,NaN,NaN,NaN,NaN,NaN,NaN,NaN,NaN,NaN,NaN
163.09,36.40,30.61,36.00,20.00,MAN,0,74,NaN,74.00,0.00,0.00,74.00,NaN,NaN,NaN,NaN,NaN,NaN,NaN,NaN,NaN,NaN
164.09,36.39,30.61,36.00,20.00,MAN,0,74,NaN,74.00,0.00,0.00,74.00,NaN,NaN,NaN,NaN,NaN,NaN,NaN,NaN,NaN,NaN
165.10,36.38,30.65,36.00,20.00,MAN,0,74,NaN,74.00,0.00,0.00,74.00,NaN,NaN,NaN,NaN,NaN,NaN,NaN,NaN,NaN,NaN
166.09,36.37,30.70,36.00,20.00,MAN,0,74,NaN,74.00,0.00,0.00,74.00,NaN,NaN,NaN,NaN,NaN,NaN,NaN,NaN,NaN,NaN
167.10,36.34,30.68,36.00,20.00,MAN,0,74,NaN,74.00,0.00,0.00,74.00,NaN,NaN,NaN,NaN,NaN,NaN,NaN,NaN,NaN,NaN
168.10,36.33,30.76,36.00,20.00,MAN,0,74,NaN,74.00,0.00,0.00,74.00,NaN,NaN,NaN,NaN,NaN,NaN,NaN,NaN,NaN,NaN
169.10,36.32,30.76,36.00,20.00,MAN,0,74,NaN,74.00,0.00,0.00,74.00,NaN,NaN,NaN,NaN,NaN,NaN,NaN,NaN,NaN,NaN
170.10,36.31,30.80,36.00,20.00,MAN,0,74,NaN,74.00,0.00,0.00,74.00,NaN,NaN,NaN,NaN,NaN,NaN,NaN,NaN,NaN,NaN
171.10,36.29,30.84,36.00,20.00,MAN,0,74,NaN,74.00,0.00,0.00,74.00,NaN,NaN,NaN,NaN,NaN,NaN,NaN,NaN,NaN,NaN
172.10,36.28,30.84,36.00,20.00,MAN,0,74,NaN,74.00,0.00,0.00,74.00,NaN,NaN,NaN,NaN,NaN,NaN,NaN,NaN,NaN,NaN
173.11,36.27,30.84,36.00,20.00,MAN,0,74,NaN,74.00,0.00,0.00,74.00,NaN,NaN,NaN,NaN,NaN,NaN,NaN,NaN,NaN,NaN
174.11,36.25,30.88,36.00,20.00,MAN,0,74,NaN,74.00,0.00,0.00,74.00,NaN,NaN,NaN,NaN,NaN,NaN,NaN,NaN,NaN,NaN
175.11,36.24,30.92,36.00,20.00,MAN,0,74,NaN,74.00,0.00,0.00,74.00,NaN,NaN,NaN,NaN,NaN,NaN,NaN,NaN,NaN,NaN
176.11,36.23,30.92,36.00,20.00,MAN,0,74,NaN,74.00,0.00,0.00,74.00,NaN,NaN,NaN,NaN,NaN,NaN,NaN,NaN,NaN,NaN
177.11,36.21,30.94,36.00,20.00,MAN,0,74,NaN,74.00,0.00,0.00,74.00,NaN,NaN,NaN,NaN,NaN,NaN,NaN,NaN,NaN,NaN
178.11,36.19,30.99,36.00,20.00,MAN,0,74,NaN,74.00,0.00,0.00,74.00,NaN,NaN,NaN,NaN,NaN,NaN,NaN,NaN,NaN,NaN
179.12,36.17,31.03,36.00,20.00,MAN,0,74,NaN,74.00,0.00,0.00,74.00,NaN,NaN,NaN,NaN,NaN,NaN,NaN,NaN,NaN,NaN
180.12,36.16,31.06,36.00,20.00,MAN,0,74,NaN,74.00,0.00,0.00,74.00,NaN,NaN,NaN,NaN,NaN,NaN,NaN,NaN,NaN,NaN
181.12,36.14,31.06,36.00,20.00,MAN,0,74,NaN,74.00,0.00,0.00,74.00,NaN,NaN,NaN,NaN,NaN,NaN,NaN,NaN,NaN,NaN
182.12,36.13,31.11,36.00,20.00,MAN,0,74,NaN,74.00,0.00,0.00,74.00,NaN,NaN,NaN,NaN,NaN,NaN,NaN,NaN,NaN,NaN
183.12,36.11,31.15,36.00,20.00,MAN,0,74,NaN,74.00,0.00,0.00,74.00,NaN,NaN,NaN,NaN,NaN,NaN,NaN,NaN,NaN,NaN
184.12,36.10,31.15,36.00,20.00,MAN,0,74,NaN,74.00,0.00,0.00,74.00,NaN,NaN,NaN,NaN,NaN,NaN,NaN,NaN,NaN,NaN
185.12,36.08,31.19,36.00,20.00,MAN,0,74,NaN,74.00,0.00,0.00,74.00,NaN,NaN,NaN,NaN,NaN,NaN,NaN,NaN,NaN,NaN
186.13,36.04,31.19,36.00,20.00,MAN,0,74,NaN,74.00,0.00,0.00,74.00,NaN,NaN,NaN,NaN,NaN,NaN,NaN,NaN,NaN,NaN
187.13,36.03,31.23,36.00,20.00,MAN,0,74,NaN,74.00,0.00,0.00,74.00,NaN,NaN,NaN,NaN,NaN,NaN,NaN,NaN,NaN,NaN
188.13,36.02,31.22,36.00,20.00,MAN,0,74,NaN,74.00,0.00,0.00,74.00,NaN,NaN,NaN,NaN,NaN,NaN,NaN,NaN,NaN,NaN
189.13,36.02,31.25,36.00,20.00,MAN,0,74,NaN,74.00,0.00,0.00,74.00,NaN,NaN,NaN,NaN,NaN,NaN,NaN,NaN,NaN,NaN
190.13,36.02,31.29,36.00,20.00,MAN,0,74,NaN,74.00,0.00,0.00,74.00,NaN,NaN,NaN,NaN,NaN,NaN,NaN,NaN,NaN,NaN
191.14,36.02,31.29,36.00,20.00,MAN,0,74,NaN,74.00,0.00,0.00,74.00,NaN,NaN,NaN,NaN,NaN,NaN,NaN,NaN,NaN,NaN
192.14,36.02,31.29,36.00,20.00,MAN,0,74,NaN,74.00,0.00,0.00,74.00,NaN,NaN,NaN,NaN,NaN,NaN,NaN,NaN,NaN,NaN
193.14,35.98,31.33,36.00,20.00,MAN,0,74,NaN,74.00,0.00,0.00,74.00,NaN,NaN,NaN,NaN,NaN,NaN,NaN,NaN,NaN,NaN
194.14,35.96,31.38,36.00,20.00,MAN,0,74,NaN,74.00,0.00,0.00,74.00,NaN,NaN,NaN,NaN,NaN,NaN,NaN,NaN,NaN,NaN
195.14,35.94,31.38,36.00,20.00,MAN,0,74,NaN,74.00,0.00,0.00,74.00,NaN,NaN,NaN,NaN,NaN,NaN,NaN,NaN,NaN,NaN
196.14,35.93,31.41,36.00,20.00,MAN,0,74,NaN,74.00,0.00,0.00,74.00,NaN,NaN,NaN,NaN,NaN,NaN,NaN,NaN,NaN,NaN
197.15,35.92,31.41,36.00,20.00,MAN,0,74,NaN,74.00,0.00,0.00,74.00,NaN,NaN,NaN,NaN,NaN,NaN,NaN,NaN,NaN,NaN
198.14,35.89,31.45,36.00,20.00,MAN,0,74,NaN,74.00,0.00,0.00,74.00,NaN,NaN,NaN,NaN,NaN,NaN,NaN,NaN,NaN,NaN
199.15,35.88,31.45,36.00,20.00,MAN,0,74,NaN,74.00,0.00,0.00,74.00,NaN,NaN,NaN,NaN,NaN,NaN,NaN,NaN,NaN,NaN
200.15,35.86,31.50,36.00,20.00,MAN,0,74,NaN,74.00,0.00,0.00,74.00,NaN,NaN,NaN,NaN,NaN,NaN,NaN,NaN,NaN,NaN
201.15,35.85,31.50,36.00,20.00,MAN,0,74,NaN,74.00,0.00,0.00,74.00,NaN,NaN,NaN,NaN,NaN,NaN,NaN,NaN,NaN,NaN
202.15,35.83,31.52,36.00,20.00,MAN,0,74,NaN,74.00,0.00,0.00,74.00,NaN,NaN,NaN,NaN,NaN,NaN,NaN,NaN,NaN,NaN
203.15,35.82,31.52,36.00,20.00,MAN,0,74,NaN,74.00,0.00,0.00,74.00,NaN,NaN,NaN,NaN,NaN,NaN,NaN,NaN,NaN,NaN
204.15,35.81,31.56,36.00,20.00,MAN,0,74,NaN,74.00,0.00,0.00,74.00,NaN,NaN,NaN,NaN,NaN,NaN,NaN,NaN,NaN,NaN
205.16,35.79,31.64,36.00,20.00,MAN,0,74,NaN,74.00,0.00,0.00,74.00,NaN,NaN,NaN,NaN,NaN,NaN,NaN,NaN,NaN,NaN
206.16,35.78,31.64,36.00,20.00,MAN,0,74,NaN,74.00,0.00,0.00,74.00,NaN,NaN,NaN,NaN,NaN,NaN,NaN,NaN,NaN,NaN
207.16,35.75,31.68,36.00,20.00,MAN,0,74,NaN,74.00,0.00,0.00,74.00,NaN,NaN,NaN,NaN,NaN,NaN,NaN,NaN,NaN,NaN
208.16,35.74,31.68,36.00,20.00,MAN,0,74,NaN,74.00,0.00,0.00,74.00,NaN,NaN,NaN,NaN,NaN,NaN,NaN,NaN,NaN,NaN
209.16,35.72,31.72,36.00,20.00,MAN,0,74,NaN,74.00,0.00,0.00,74.00,NaN,NaN,NaN,NaN,NaN,NaN,NaN,NaN,NaN,NaN
210.16,35.71,31.72,36.00,20.00,MAN,0,74,NaN,74.00,0.00,0.00,74.00,NaN,NaN,NaN,NaN,NaN,NaN,NaN,NaN,NaN,NaN
211.16,35.69,31.76,36.00,20.00,MAN,0,74,NaN,74.00,0.00,0.00,74.00,NaN,NaN,NaN,NaN,NaN,NaN,NaN,NaN,NaN,NaN
212.17,35.68,31.79,36.00,20.00,MAN,0,74,NaN,74.00,0.00,0.00,74.00,NaN,NaN,NaN,NaN,NaN,NaN,NaN,NaN,NaN,NaN
213.17,35.67,31.79,36.00,20.00,MAN,0,74,NaN,74.00,0.00,0.00,74.00,NaN,NaN,NaN,NaN,NaN,NaN,NaN,NaN,NaN,NaN
214.17,35.65,31.83,36.00,20.00,MAN,0,74,NaN,74.00,0.00,0.00,74.00,NaN,NaN,NaN,NaN,NaN,NaN,NaN,NaN,NaN,NaN
215.17,35.64,31.83,36.00,20.00,MAN,0,74,NaN,74.00,0.00,0.00,74.00,NaN,NaN,NaN,NaN,NaN,NaN,NaN,NaN,NaN,NaN
216.17,35.63,31.86,36.00,20.00,MAN,0,74,NaN,74.00,0.00,0.00,74.00,NaN,NaN,NaN,NaN,NaN,NaN,NaN,NaN,NaN,NaN
217.17,35.60,31.86,36.00,20.00,MAN,0,74,NaN,74.00,0.00,0.00,74.00,NaN,NaN,NaN,NaN,NaN,NaN,NaN,NaN,NaN,NaN
218.18,35.58,31.90,36.00,20.00,MAN,0,74,NaN,74.00,0.00,0.00,74.00,NaN,NaN,NaN,NaN,NaN,NaN,NaN,NaN,NaN,NaN
219.18,35.57,31.90,36.00,20.00,MAN,0,74,NaN,74.00,0.00,0.00,74.00,NaN,NaN,NaN,NaN,NaN,NaN,NaN,NaN,NaN,NaN
220.18,35.56,31.95,36.00,20.00,MAN,0,74,NaN,74.00,0.00,0.00,74.00,NaN,NaN,NaN,NaN,NaN,NaN,NaN,NaN,NaN,NaN
221.18,35.55,31.95,36.00,20.00,MAN,0,74,NaN,74.00,0.00,0.00,74.00,NaN,NaN,NaN,NaN,NaN,NaN,NaN,NaN,NaN,NaN
222.18,35.53,31.99,36.00,20.00,MAN,0,74,NaN,74.00,0.00,0.00,74.00,NaN,NaN,NaN,NaN,NaN,NaN,NaN,NaN,NaN,NaN
223.19,35.52,32.02,36.00,20.00,MAN,0,74,NaN,74.00,0.00,0.00,74.00,NaN,NaN,NaN,NaN,NaN,NaN,NaN,NaN,NaN,NaN
224.19,35.50,32.01,36.00,20.00,MAN,0,74,NaN,74.00,0.00,0.00,74.00,NaN,NaN,NaN,NaN,NaN,NaN,NaN,NaN,NaN,NaN
225.19,35.49,32.05,36.00,20.00,MAN,0,74,NaN,74.00,0.00,0.00,74.00,NaN,NaN,NaN,NaN,NaN,NaN,NaN,NaN,NaN,NaN
226.19,35.48,32.05,36.00,20.00,MAN,0,74,NaN,74.00,0.00,0.00,74.00,NaN,NaN,NaN,NaN,NaN,NaN,NaN,NaN,NaN,NaN
227.19,35.45,32.09,36.00,20.00,MAN,0,74,NaN,74.00,0.00,0.00,74.00,NaN,NaN,NaN,NaN,NaN,NaN,NaN,NaN,NaN,NaN
228.19,35.44,32.09,36.00,20.00,MAN,0,74,NaN,74.00,0.00,0.00,74.00,NaN,NaN,NaN,NaN,NaN,NaN,NaN,NaN,NaN,NaN
229.19,35.42,32.13,36.00,20.00,MAN,0,74,NaN,74.00,0.00,0.00,74.00,NaN,NaN,NaN,NaN,NaN,NaN,NaN,NaN,NaN,NaN
230.24,35.41,32.13,36.00,20.00,MAN,0,74,NaN,74.00,0.00,0.00,74.00,NaN,NaN,NaN,NaN,NaN,NaN,NaN,NaN,NaN,NaN
231.20,35.38,32.17,36.00,20.00,MAN,0,74,NaN,74.00,0.00,0.00,74.00,NaN,NaN,NaN,NaN,NaN,NaN,NaN,NaN,NaN,NaN
232.20,35.37,32.17,36.00,20.00,MAN,0,74,NaN,74.00,0.00,0.00,74.00,NaN,NaN,NaN,NaN,NaN,NaN,NaN,NaN,NaN,NaN
233.20,35.34,32.21,36.00,20.00,MAN,0,74,NaN,74.00,0.00,0.00,74.00,NaN,NaN,NaN,NaN,NaN,NaN,NaN,NaN,NaN,NaN
234.20,35.31,32.24,36.00,20.00,MAN,0,74,NaN,74.00,0.00,0.00,74.00,NaN,NaN,NaN,NaN,NaN,NaN,NaN,NaN,NaN,NaN
235.20,35.30,32.24,36.00,20.00,MAN,0,74,NaN,74.00,0.00,0.00,74.00,NaN,NaN,NaN,NaN,NaN,NaN,NaN,NaN,NaN,NaN
236.20,35.29,32.24,36.00,20.00,MAN,0,74,NaN,74.00,0.00,0.00,74.00,NaN,NaN,NaN,NaN,NaN,NaN,NaN,NaN,NaN,NaN
237.21,35.27,32.28,36.00,20.00,MAN,0,74,NaN,74.00,0.00,0.00,74.00,NaN,NaN,NaN,NaN,NaN,NaN,NaN,NaN,NaN,NaN
238.21,35.26,32.28,36.00,20.00,MAN,0,74,NaN,74.00,0.00,0.00,74.00,NaN,NaN,NaN,NaN,NaN,NaN,NaN,NaN,NaN,NaN
239.21,35.25,32.28,36.00,20.00,MAN,0,74,NaN,74.00,0.00,0.00,74.00,NaN,NaN,NaN,NaN,NaN,NaN,NaN,NaN,NaN,NaN
240.21,35.24,32.28,36.00,20.00,MAN,0,74,NaN,74.00,0.00,0.00,74.00,NaN,NaN,NaN,NaN,NaN,NaN,NaN,NaN,NaN,NaN
241.21,35.23,32.28,36.00,20.00,MAN,0,74,NaN,74.00,0.00,0.00,74.00,NaN,NaN,NaN,NaN,NaN,NaN,NaN,NaN,NaN,NaN
242.22,35.22,32.28,36.00,20.00,MAN,0,74,NaN,74.00,0.00,0.00,74.00,NaN,NaN,NaN,NaN,NaN,NaN,NaN,NaN,NaN,NaN
243.22,35.22,32.31,36.00,20.00,MAN,0,74,NaN,74.00,0.00,0.00,74.00,NaN,NaN,NaN,NaN,NaN,NaN,NaN,NaN,NaN,NaN
244.22,35.21,32.31,36.00,20.00,MAN,0,74,NaN,74.00,0.00,0.00,74.00,NaN,NaN,NaN,NaN,NaN,NaN,NaN,NaN,NaN,NaN
245.22,35.20,32.31,36.00,20.00,MAN,0,74,NaN,74.00,0.00,0.00,74.00,NaN,NaN,NaN,NaN,NaN,NaN,NaN,NaN,NaN,NaN
246.22,35.19,32.31,36.00,20.00,MAN,0,74,NaN,74.00,0.00,0.00,74.00,NaN,NaN,NaN,NaN,NaN,NaN,NaN,NaN,NaN,NaN
247.22,35.20,32.35,36.00,20.00,MAN,0,74,NaN,74.00,0.00,0.00,74.00,NaN,NaN,NaN,NaN,NaN,NaN,NaN,NaN,NaN,NaN
248.23,35.20,32.35,36.00,20.00,MAN,0,74,NaN,74.00,0.00,0.00,74.00,NaN,NaN,NaN,NaN,NaN,NaN,NaN,NaN,NaN,NaN
249.22,35.19,32.35,36.00,20.00,MAN,0,74,NaN,74.00,0.00,0.00,74.00,NaN,NaN,NaN,NaN,NaN,NaN,NaN,NaN,NaN,NaN
250.23,35.18,32.35,36.00,20.00,MAN,0,74,NaN,74.00,0.00,0.00,74.00,NaN,NaN,NaN,NaN,NaN,NaN,NaN,NaN,NaN,NaN
251.23,35.18,32.40,36.00,20.00,MAN,0,74,NaN,74.00,0.00,0.00,74.00,NaN,NaN,NaN,NaN,NaN,NaN,NaN,NaN,NaN,NaN
252.23,35.19,32.40,36.00,20.00,MAN,0,74,NaN,74.00,0.00,0.00,74.00,NaN,NaN,NaN,NaN,NaN,NaN,NaN,NaN,NaN,NaN
253.23,35.20,32.40,36.00,20.00,MAN,0,74,NaN,74.00,0.00,0.00,74.00,NaN,NaN,NaN,NaN,NaN,NaN,NaN,NaN,NaN,NaN
254.23,35.20,32.40,36.00,20.00,MAN,0,74,NaN,74.00,0.00,0.00,74.00,NaN,NaN,NaN,NaN,NaN,NaN,NaN,NaN,NaN,NaN
255.24,35.19,32.40,36.00,20.00,MAN,0,74,NaN,74.00,0.00,0.00,74.00,NaN,NaN,NaN,NaN,NaN,NaN,NaN,NaN,NaN,NaN
256.24,35.20,32.40,36.00,20.00,MAN,0,74,NaN,74.00,0.00,0.00,74.00,NaN,NaN,NaN,NaN,NaN,NaN,NaN,NaN,NaN,NaN
257.24,35.20,32.40,36.00,20.00,MAN,0,74,NaN,74.00,0.00,0.00,74.00,NaN,NaN,NaN,NaN,NaN,NaN,NaN,NaN,NaN,NaN
258.24,35.21,32.40,36.00,20.00,MAN,0,74,NaN,74.00,0.00,0.00,74.00,NaN,NaN,NaN,NaN,NaN,NaN,NaN,NaN,NaN,NaN
259.24,35.21,32.40,36.00,20.00,MAN,0,74,NaN,74.00,0.00,0.00,74.00,NaN,NaN,NaN,NaN,NaN,NaN,NaN,NaN,NaN,NaN
260.24,35.22,32.40,36.00,20.00,MAN,0,74,NaN,74.00,0.00,0.00,74.00,NaN,NaN,NaN,NaN,NaN,NaN,NaN,NaN,NaN,NaN
261.25,35.24,32.35,36.00,20.00,MAN,0,74,NaN,74.00,0.00,0.00,74.00,NaN,NaN,NaN,NaN,NaN,NaN,NaN,NaN,NaN,NaN
262.25,35.25,32.35,36.00,20.00,MAN,0,74,NaN,74.00,0.00,0.00,74.00,NaN,NaN,NaN,NaN,NaN,NaN,NaN,NaN,NaN,NaN
263.25,35.26,32.35,36.00,20.00,MAN,0,74,NaN,74.00,0.00,0.00,74.00,NaN,NaN,NaN,NaN,NaN,NaN,NaN,NaN,NaN,NaN
264.25,35.27,32.35,36.00,20.00,MAN,0,74,NaN,74.00,0.00,0.00,74.00,NaN,NaN,NaN,NaN,NaN,NaN,NaN,NaN,NaN,NaN
265.25,35.29,32.31,36.00,20.00,MAN,0,74,NaN,74.00,0.00,0.00,74.00,NaN,NaN,NaN,NaN,NaN,NaN,NaN,NaN,NaN,NaN
266.25,35.29,32.31,36.00,20.00,MAN,0,74,NaN,74.00,0.00,0.00,74.00,NaN,NaN,NaN,NaN,NaN,NaN,NaN,NaN,NaN,NaN
267.25,35.30,32.31,36.00,20.00,MAN,0,74,NaN,74.00,0.00,0.00,74.00,NaN,NaN,NaN,NaN,NaN,NaN,NaN,NaN,NaN,NaN
268.26,35.33,32.28,36.00,20.00,MAN,0,74,NaN,74.00,0.00,0.00,74.00,NaN,NaN,NaN,NaN,NaN,NaN,NaN,NaN,NaN,NaN
269.26,35.34,32.29,36.00,20.00,MAN,0,74,NaN,74.00,0.00,0.00,74.00,NaN,NaN,NaN,NaN,NaN,NaN,NaN,NaN,NaN,NaN
270.26,35.35,32.29,36.00,20.00,MAN,0,74,NaN,74.00,0.00,0.00,74.00,NaN,NaN,NaN,NaN,NaN,NaN,NaN,NaN,NaN,NaN
271.26,35.37,32.25,36.00,20.00,MAN,0,74,NaN,74.00,0.00,0.00,74.00,NaN,NaN,NaN,NaN,NaN,NaN,NaN,NaN,NaN,NaN
272.26,35.39,32.25,36.00,20.00,MAN,0,74,NaN,74.00,0.00,0.00,74.00,NaN,NaN,NaN,NaN,NaN,NaN,NaN,NaN,NaN,NaN
273.26,35.40,32.21,36.00,20.00,MAN,0,74,NaN,74.00,0.00,0.00,74.00,NaN,NaN,NaN,NaN,NaN,NaN,NaN,NaN,NaN,NaN
274.27,35.42,32.21,36.00,20.00,MAN,0,74,NaN,74.00,0.00,0.00,74.00,NaN,NaN,NaN,NaN,NaN,NaN,NaN,NaN,NaN,NaN
275.27,35.43,32.17,36.00,20.00,MAN,0,74,NaN,74.00,0.00,0.00,74.00,NaN,NaN,NaN,NaN,NaN,NaN,NaN,NaN,NaN,NaN
276.27,35.45,32.17,36.00,20.00,MAN,0,74,NaN,74.00,0.00,0.00,74.00,NaN,NaN,NaN,NaN,NaN,NaN,NaN,NaN,NaN,NaN
277.27,35.45,32.13,36.00,20.00,MAN,0,74,NaN,74.00,0.00,0.00,74.00,NaN,NaN,NaN,NaN,NaN,NaN,NaN,NaN,NaN,NaN
278.27,35.48,32.13,36.00,20.00,MAN,0,74,NaN,74.00,0.00,0.00,74.00,NaN,NaN,NaN,NaN,NaN,NaN,NaN,NaN,NaN,NaN
279.27,35.49,32.13,36.00,20.00,MAN,0,74,NaN,74.00,0.00,0.00,74.00,NaN,NaN,NaN,NaN,NaN,NaN,NaN,NaN,NaN,NaN
280.28,35.50,32.09,36.00,20.00,MAN,0,74,NaN,74.00,0.00,0.00,74.00,NaN,NaN,NaN,NaN,NaN,NaN,NaN,NaN,NaN,NaN
281.27,35.52,32.11,36.00,20.00,MAN,0,74,NaN,74.00,0.00,0.00,74.00,NaN,NaN,NaN,NaN,NaN,NaN,NaN,NaN,NaN,NaN
282.28,35.53,32.06,36.00,20.00,MAN,0,74,NaN,74.00,0.00,0.00,74.00,NaN,NaN,NaN,NaN,NaN,NaN,NaN,NaN,NaN,NaN
283.28,35.56,32.06,36.00,20.00,MAN,0,74,NaN,74.00,0.00,0.00,74.00,NaN,NaN,NaN,NaN,NaN,NaN,NaN,NaN,NaN,NaN
284.28,35.58,32.02,36.00,20.00,MAN,0,74,NaN,74.00,0.00,0.00,74.00,NaN,NaN,NaN,NaN,NaN,NaN,NaN,NaN,NaN,NaN
285.28,35.59,32.02,36.00,20.00,MAN,0,74,NaN,74.00,0.00,0.00,74.00,NaN,NaN,NaN,NaN,NaN,NaN,NaN,NaN,NaN,NaN
286.28,35.60,31.99,36.00,20.00,MAN,0,74,NaN,74.00,0.00,0.00,74.00,NaN,NaN,NaN,NaN,NaN,NaN,NaN,NaN,NaN,NaN
287.29,35.63,31.99,36.00,20.00,MAN,0,74,NaN,74.00,0.00,0.00,74.00,NaN,NaN,NaN,NaN,NaN,NaN,NaN,NaN,NaN,NaN
288.29,35.67,31.96,36.00,20.00,MAN,0,74,NaN,74.00,0.00,0.00,74.00,NaN,NaN,NaN,NaN,NaN,NaN,NaN,NaN,NaN,NaN
289.29,35.67,31.90,36.00,20.00,MAN,0,74,NaN,74.00,0.00,0.00,74.00,NaN,NaN,NaN,NaN,NaN,NaN,NaN,NaN,NaN,NaN
290.29,35.68,31.93,36.00,20.00,MAN,0,74,NaN,74.00,0.00,0.00,74.00,NaN,NaN,NaN,NaN,NaN,NaN,NaN,NaN,NaN,NaN
291.29,35.70,31.88,36.00,20.00,MAN,0,74,NaN,74.00,0.00,0.00,74.00,NaN,NaN,NaN,NaN,NaN,NaN,NaN,NaN,NaN,NaN
292.30,35.71,31.88,36.00,20.00,MAN,0,74,NaN,74.00,0.00,0.00,74.00,NaN,NaN,NaN,NaN,NaN,NaN,NaN,NaN,NaN,NaN
293.30,35.73,31.88,36.00,20.00,MAN,0,74,NaN,74.00,0.00,0.00,74.00,NaN,NaN,NaN,NaN,NaN,NaN,NaN,NaN,NaN,NaN
294.30,35.75,31.84,36.00,20.00,MAN,0,74,NaN,74.00,0.00,0.00,74.00,NaN,NaN,NaN,NaN,NaN,NaN,NaN,NaN,NaN,NaN
295.30,35.78,31.80,36.00,20.00,MAN,0,74,NaN,74.00,0.00,0.00,74.00,NaN,NaN,NaN,NaN,NaN,NaN,NaN,NaN,NaN,NaN
296.30,35.80,31.80,36.00,20.00,MAN,0,74,NaN,74.00,0.00,0.00,74.00,NaN,NaN,NaN,NaN,NaN,NaN,NaN,NaN,NaN,NaN
297.30,35.82,31.76,36.00,20.00,MAN,0,74,NaN,74.00,0.00,0.00,74.00,NaN,NaN,NaN,NaN,NaN,NaN,NaN,NaN,NaN,NaN
298.31,35.84,31.76,36.00,20.00,MAN,0,74,NaN,74.00,0.00,0.00,74.00,NaN,NaN,NaN,NaN,NaN,NaN,NaN,NaN,NaN,NaN
299.30,35.86,31.73,36.00,20.00,MAN,0,74,NaN,74.00,0.00,0.00,74.00,NaN,NaN,NaN,NaN,NaN,NaN,NaN,NaN,NaN,NaN
300.31,35.87,31.70,36.00,20.00,MAN,0,74,NaN,74.00,0.00,0.00,74.00,NaN,NaN,NaN,NaN,NaN,NaN,NaN,NaN,NaN,NaN
301.31,35.90,31.70,36.00,20.00,MAN,0,74,NaN,74.00,0.00,0.00,74.00,NaN,NaN,NaN,NaN,NaN,NaN,NaN,NaN,NaN,NaN
302.31,35.93,31.66,36.00,20.00,MAN,0,74,NaN,74.00,0.00,0.00,74.00,NaN,NaN,NaN,NaN,NaN,NaN,NaN,NaN,NaN,NaN
303.31,35.95,31.66,36.00,20.00,MAN,0,74,NaN,74.00,0.00,0.00,74.00,NaN,NaN,NaN,NaN,NaN,NaN,NaN,NaN,NaN,NaN
304.31,35.99,31.57,36.00,20.00,MAN,0,74,NaN,74.00,0.00,0.00,74.00,NaN,NaN,NaN,NaN,NaN,NaN,NaN,NaN,NaN,NaN
305.31,36.02,31.54,36.00,20.00,MAN,0,74,NaN,74.00,0.00,0.00,74.00,NaN,NaN,NaN,NaN,NaN,NaN,NaN,NaN,NaN,NaN
306.32,36.02,31.54,36.00,20.00,MAN,0,74,NaN,74.00,0.00,0.00,74.00,NaN,NaN,NaN,NaN,NaN,NaN,NaN,NaN,NaN,NaN
307.32,36.02,31.50,36.00,20.00,MAN,0,74,NaN,74.00,0.00,0.00,74.00,NaN,NaN,NaN,NaN,NaN,NaN,NaN,NaN,NaN,NaN
308.32,36.02,31.47,36.00,20.00,MAN,0,74,NaN,74.00,0.00,0.00,74.00,NaN,NaN,NaN,NaN,NaN,NaN,NaN,NaN,NaN,NaN
309.32,36.03,31.47,36.00,20.00,MAN,0,74,NaN,74.00,0.00,0.00,74.00,NaN,NaN,NaN,NaN,NaN,NaN,NaN,NaN,NaN,NaN
310.32,36.07,31.43,36.00,20.00,MAN,0,74,NaN,74.00,0.00,0.00,74.00,NaN,NaN,NaN,NaN,NaN,NaN,NaN,NaN,NaN,NaN
311.33,36.11,31.43,36.00,20.00,MAN,0,74,NaN,74.00,0.00,0.00,74.00,NaN,NaN,NaN,NaN,NaN,NaN,NaN,NaN,NaN,NaN
312.32,36.13,31.39,36.00,20.00,MAN,0,74,NaN,74.00,0.00,0.00,74.00,NaN,NaN,NaN,NaN,NaN,NaN,NaN,NaN,NaN,NaN
313.33,36.15,31.35,36.00,20.00,MAN,0,74,NaN,74.00,0.00,0.00,74.00,NaN,NaN,NaN,NaN,NaN,NaN,NaN,NaN,NaN,NaN
314.33,36.17,31.31,36.00,20.00,MAN,0,74,NaN,74.00,0.00,0.00,74.00,NaN,NaN,NaN,NaN,NaN,NaN,NaN,NaN,NaN,NaN
315.33,36.18,31.31,36.00,20.00,MAN,0,74,NaN,74.00,0.00,0.00,74.00,NaN,NaN,NaN,NaN,NaN,NaN,NaN,NaN,NaN,NaN
316.33,36.21,31.27,36.00,20.00,MAN,0,74,NaN,74.00,0.00,0.00,74.00,NaN,NaN,NaN,NaN,NaN,NaN,NaN,NaN,NaN,NaN
317.33,36.23,31.28,36.00,20.00,MAN,0,74,NaN,74.00,0.00,0.00,74.00,NaN,NaN,NaN,NaN,NaN,NaN,NaN,NaN,NaN,NaN
318.33,36.25,31.25,36.00,20.00,MAN,0,74,NaN,74.00,0.00,0.00,74.00,NaN,NaN,NaN,NaN,NaN,NaN,NaN,NaN,NaN,NaN
319.34,36.27,31.25,36.00,20.00,MAN,0,74,NaN,74.00,0.00,0.00,74.00,NaN,NaN,NaN,NaN,NaN,NaN,NaN,NaN,NaN,NaN
320.34,36.29,31.21,36.00,20.00,MAN,0,74,NaN,74.00,0.00,0.00,74.00,NaN,NaN,NaN,NaN,NaN,NaN,NaN,NaN,NaN,NaN
321.34,36.31,31.16,36.00,20.00,MAN,0,74,NaN,74.00,0.00,0.00,74.00,NaN,NaN,NaN,NaN,NaN,NaN,NaN,NaN,NaN,NaN
322.34,36.33,31.16,36.00,20.00,MAN,0,74,NaN,74.00,0.00,0.00,74.00,NaN,NaN,NaN,NaN,NaN,NaN,NaN,NaN,NaN,NaN
323.34,36.38,31.14,36.00,20.00,MAN,0,74,NaN,74.00,0.00,0.00,74.00,NaN,NaN,NaN,NaN,NaN,NaN,NaN,NaN,NaN,NaN
324.35,36.38,31.10,36.00,20.00,MAN,0,74,NaN,74.00,0.00,0.00,74.00,NaN,NaN,NaN,NaN,NaN,NaN,NaN,NaN,NaN,NaN
325.35,36.41,31.10,36.00,20.00,MAN,0,74,NaN,74.00,0.00,0.00,74.00,NaN,NaN,NaN,NaN,NaN,NaN,NaN,NaN,NaN,NaN
326.35,36.43,31.06,36.00,20.00,MAN,0,74,NaN,74.00,0.00,0.00,74.00,NaN,NaN,NaN,NaN,NaN,NaN,NaN,NaN,NaN,NaN
327.35,36.44,31.06,36.00,20.00,MAN,0,74,NaN,74.00,0.00,0.00,74.00,NaN,NaN,NaN,NaN,NaN,NaN,NaN,NaN,NaN,NaN
328.35,36.46,31.02,36.00,20.00,MAN,0,74,NaN,74.00,0.00,0.00,74.00,NaN,NaN,NaN,NaN,NaN,NaN,NaN,NaN,NaN,NaN
329.35,36.48,31.02,36.00,20.00,MAN,0,74,NaN,74.00,0.00,0.00,74.00,NaN,NaN,NaN,NaN,NaN,NaN,NaN,NaN,NaN,NaN
330.35,36.49,30.98,36.00,20.00,MAN,0,74,NaN,74.00,0.00,0.00,74.00,NaN,NaN,NaN,NaN,NaN,NaN,NaN,NaN,NaN,NaN
331.35,36.52,30.94,36.00,20.00,MAN,0,74,NaN,74.00,0.00,0.00,74.00,NaN,NaN,NaN,NaN,NaN,NaN,NaN,NaN,NaN,NaN
332.36,36.55,30.94,36.00,20.00,MAN,0,74,NaN,74.00,0.00,0.00,74.00,NaN,NaN,NaN,NaN,NaN,NaN,NaN,NaN,NaN,NaN
333.36,36.55,30.92,36.00,20.00,MAN,0,74,NaN,74.00,0.00,0.00,74.00,NaN,NaN,NaN,NaN,NaN,NaN,NaN,NaN,NaN,NaN
334.36,36.58,30.92,36.00,20.00,MAN,0,74,NaN,74.00,0.00,0.00,74.00,NaN,NaN,NaN,NaN,NaN,NaN,NaN,NaN,NaN,NaN
335.36,36.61,30.87,36.00,20.00,MAN,0,74,NaN,74.00,0.00,0.00,74.00,NaN,NaN,NaN,NaN,NaN,NaN,NaN,NaN,NaN,NaN
336.36,36.62,30.87,36.00,20.00,MAN,0,74,NaN,74.00,0.00,0.00,74.00,NaN,NaN,NaN,NaN,NaN,NaN,NaN,NaN,NaN,NaN
337.37,36.63,30.83,36.00,20.00,MAN,0,74,NaN,74.00,0.00,0.00,74.00,NaN,NaN,NaN,NaN,NaN,NaN,NaN,NaN,NaN,NaN
338.37,36.66,30.83,36.00,20.00,MAN,0,74,NaN,74.00,0.00,0.00,74.00,NaN,NaN,NaN,NaN,NaN,NaN,NaN,NaN,NaN,NaN
339.37,36.67,30.83,36.00,20.00,MAN,0,74,NaN,74.00,0.00,0.00,74.00,NaN,NaN,NaN,NaN,NaN,NaN,NaN,NaN,NaN,NaN
340.37,36.68,30.80,36.00,20.00,MAN,0,74,NaN,74.00,0.00,0.00,74.00,NaN,NaN,NaN,NaN,NaN,NaN,NaN,NaN,NaN,NaN
341.37,36.69,30.80,36.00,20.00,MAN,0,74,NaN,74.00,0.00,0.00,74.00,NaN,NaN,NaN,NaN,NaN,NaN,NaN,NaN,NaN,NaN
342.37,36.69,30.80,36.00,20.00,MAN,0,74,NaN,74.00,0.00,0.00,74.00,NaN,NaN,NaN,NaN,NaN,NaN,NaN,NaN,NaN,NaN
343.38,36.70,30.80,36.00,20.00,MAN,0,74,NaN,74.00,0.00,0.00,74.00,NaN,NaN,NaN,NaN,NaN,NaN,NaN,NaN,NaN,NaN
344.38,36.70,30.71,36.00,20.00,MAN,0,74,NaN,74.00,0.00,0.00,74.00,NaN,NaN,NaN,NaN,NaN,NaN,NaN,NaN,NaN,NaN
345.38,36.71,30.71,36.00,20.00,MAN,0,74,NaN,74.00,0.00,0.00,74.00,NaN,NaN,NaN,NaN,NaN,NaN,NaN,NaN,NaN,NaN
346.38,36.71,30.73,36.00,20.00,MAN,0,74,NaN,74.00,0.00,0.00,74.00,NaN,NaN,NaN,NaN,NaN,NaN,NaN,NaN,NaN,NaN
347.38,36.72,30.69,36.00,20.00,MAN,0,74,NaN,74.00,0.00,0.00,74.00,NaN,NaN,NaN,NaN,NaN,NaN,NaN,NaN,NaN,NaN
348.38,36.71,30.69,36.00,20.00,MAN,0,74,NaN,74.00,0.00,0.00,74.00,NaN,NaN,NaN,NaN,NaN,NaN,NaN,NaN,NaN,NaN
349.38,36.72,30.69,36.00,20.00,MAN,0,74,NaN,74.00,0.00,0.00,74.00,NaN,NaN,NaN,NaN,NaN,NaN,NaN,NaN,NaN,NaN
350.38,36.71,30.69,36.00,20.00,MAN,0,74,NaN,74.00,0.00,0.00,74.00,NaN,NaN,NaN,NaN,NaN,NaN,NaN,NaN,NaN,NaN
351.39,36.72,30.69,36.00,20.00,MAN,0,74,NaN,74.00,0.00,0.00,74.00,NaN,NaN,NaN,NaN,NaN,NaN,NaN,NaN,NaN,NaN
352.39,36.71,30.69,36.00,20.00,MAN,0,74,NaN,74.00,0.00,0.00,74.00,NaN,NaN,NaN,NaN,NaN,NaN,NaN,NaN,NaN,NaN
353.39,36.72,30.69,36.00,20.00,MAN,0,74,NaN,74.00,0.00,0.00,74.00,NaN,NaN,NaN,NaN,NaN,NaN,NaN,NaN,NaN,NaN
354.39,36.71,30.69,36.00,20.00,MAN,0,74,NaN,74.00,0.00,0.00,74.00,NaN,NaN,NaN,NaN,NaN,NaN,NaN,NaN,NaN,NaN
355.39,36.71,30.69,36.00,20.00,MAN,0,74,NaN,74.00,0.00,0.00,74.00,NaN,NaN,NaN,NaN,NaN,NaN,NaN,NaN,NaN,NaN
356.40,36.71,30.69,36.00,20.00,MAN,0,74,NaN,74.00,0.00,0.00,74.00,NaN,NaN,NaN,NaN,NaN,NaN,NaN,NaN,NaN,NaN
357.40,36.70,30.67,36.00,20.00,MAN,0,74,NaN,74.00,0.00,0.00,74.00,NaN,NaN,NaN,NaN,NaN,NaN,NaN,NaN,NaN,NaN
358.40,36.70,30.67,36.00,20.00,MAN,0,74,NaN,74.00,0.00,0.00,74.00,NaN,NaN,NaN,NaN,NaN,NaN,NaN,NaN,NaN,NaN
359.40,36.69,30.67,36.00,20.00,MAN,0,74,NaN,74.00,0.00,0.00,74.00,NaN,NaN,NaN,NaN,NaN,NaN,NaN,NaN,NaN,NaN
360.40,36.69,30.71,36.00,20.00,MAN,0,74,NaN,74.00,0.00,0.00,74.00,NaN,NaN,NaN,NaN,NaN,NaN,NaN,NaN,NaN,NaN
361.40,36.69,30.71,36.00,20.00,MAN,0,74,NaN,74.00,0.00,0.00,74.00,NaN,NaN,NaN,NaN,NaN,NaN,NaN,NaN,NaN,NaN
362.40,36.68,30.71,36.00,20.00,MAN,0,74,NaN,74.00,0.00,0.00,74.00,NaN,NaN,NaN,NaN,NaN,NaN,NaN,NaN,NaN,NaN
363.41,36.68,30.71,36.00,20.00,MAN,0,74,NaN,74.00,0.00,0.00,74.00,NaN,NaN,NaN,NaN,NaN,NaN,NaN,NaN,NaN,NaN
364.41,36.67,30.71,36.00,20.00,MAN,0,74,NaN,74.00,0.00,0.00,74.00,NaN,NaN,NaN,NaN,NaN,NaN,NaN,NaN,NaN,NaN
365.41,36.66,30.80,36.00,20.00,MAN,0,74,NaN,74.00,0.00,0.00,74.00,NaN,NaN,NaN,NaN,NaN,NaN,NaN,NaN,NaN,NaN
366.41,36.66,30.80,36.00,20.00,MAN,0,74,NaN,74.00,0.00,0.00,74.00,NaN,NaN,NaN,NaN,NaN,NaN,NaN,NaN,NaN,NaN
367.41,36.64,30.80,36.00,20.00,MAN,0,74,NaN,74.00,0.00,0.00,74.00,NaN,NaN,NaN,NaN,NaN,NaN,NaN,NaN,NaN,NaN
368.41,36.63,30.80,36.00,20.00,MAN,0,74,NaN,74.00,0.00,0.00,74.00,NaN,NaN,NaN,NaN,NaN,NaN,NaN,NaN,NaN,NaN
369.42,36.63,30.80,36.00,20.00,MAN,0,74,NaN,74.00,0.00,0.00,74.00,NaN,NaN,NaN,NaN,NaN,NaN,NaN,NaN,NaN,NaN
370.42,36.61,30.80,36.00,20.00,MAN,0,74,NaN,74.00,0.00,0.00,74.00,NaN,NaN,NaN,NaN,NaN,NaN,NaN,NaN,NaN,NaN
371.42,36.61,30.83,36.00,20.00,MAN,0,74,NaN,74.00,0.00,0.00,74.00,NaN,NaN,NaN,NaN,NaN,NaN,NaN,NaN,NaN,NaN
372.42,36.60,30.83,36.00,20.00,MAN,0,74,NaN,74.00,0.00,0.00,74.00,NaN,NaN,NaN,NaN,NaN,NaN,NaN,NaN,NaN,NaN
373.42,36.59,30.83,36.00,20.00,MAN,0,74,NaN,74.00,0.00,0.00,74.00,NaN,NaN,NaN,NaN,NaN,NaN,NaN,NaN,NaN,NaN
374.42,36.59,30.83,36.00,20.00,MAN,0,74,NaN,74.00,0.00,0.00,74.00,NaN,NaN,NaN,NaN,NaN,NaN,NaN,NaN,NaN,NaN
375.42,36.58,30.83,36.00,20.00,MAN,0,74,NaN,74.00,0.00,0.00,74.00,NaN,NaN,NaN,NaN,NaN,NaN,NaN,NaN,NaN,NaN
376.43,36.57,30.87,36.00,20.00,MAN,0,74,NaN,74.00,0.00,0.00,74.00,NaN,NaN,NaN,NaN,NaN,NaN,NaN,NaN,NaN,NaN
377.43,36.56,30.87,36.00,20.00,MAN,0,74,NaN,74.00,0.00,0.00,74.00,NaN,NaN,NaN,NaN,NaN,NaN,NaN,NaN,NaN,NaN
378.43,36.55,30.86,36.00,20.00,MAN,0,74,NaN,74.00,0.00,0.00,74.00,NaN,NaN,NaN,NaN,NaN,NaN,NaN,NaN,NaN,NaN
379.43,36.54,30.90,36.00,20.00,MAN,0,74,NaN,74.00,0.00,0.00,74.00,NaN,NaN,NaN,NaN,NaN,NaN,NaN,NaN,NaN,NaN
380.43,36.53,30.94,36.00,20.00,MAN,0,74,NaN,74.00,0.00,0.00,74.00,NaN,NaN,NaN,NaN,NaN,NaN,NaN,NaN,NaN,NaN
381.43,36.52,30.94,36.00,20.00,MAN,0,74,NaN,74.00,0.00,0.00,74.00,NaN,NaN,NaN,NaN,NaN,NaN,NaN,NaN,NaN,NaN
382.44,36.51,30.98,36.00,20.00,MAN,0,74,NaN,74.00,0.00,0.00,74.00,NaN,NaN,NaN,NaN,NaN,NaN,NaN,NaN,NaN,NaN
383.44,36.48,30.98,36.00,20.00,MAN,0,74,NaN,74.00,0.00,0.00,74.00,NaN,NaN,NaN,NaN,NaN,NaN,NaN,NaN,NaN,NaN
384.44,36.48,31.02,36.00,20.00,MAN,0,74,NaN,74.00,0.00,0.00,74.00,NaN,NaN,NaN,NaN,NaN,NaN,NaN,NaN,NaN,NaN
385.44,36.47,31.02,36.00,20.00,MAN,0,74,NaN,74.00,0.00,0.00,74.00,NaN,NaN,NaN,NaN,NaN,NaN,NaN,NaN,NaN,NaN
386.44,36.46,31.06,36.00,20.00,MAN,0,74,NaN,74.00,0.00,0.00,74.00,NaN,NaN,NaN,NaN,NaN,NaN,NaN,NaN,NaN,NaN
387.44,36.45,31.06,36.00,20.00,MAN,0,74,NaN,74.00,0.00,0.00,74.00,NaN,NaN,NaN,NaN,NaN,NaN,NaN,NaN,NaN,NaN
388.45,36.43,31.10,36.00,20.00,MAN,0,74,NaN,74.00,0.00,0.00,74.00,NaN,NaN,NaN,NaN,NaN,NaN,NaN,NaN,NaN,NaN
389.45,36.42,31.10,36.00,20.00,MAN,0,74,NaN,74.00,0.00,0.00,74.00,NaN,NaN,NaN,NaN,NaN,NaN,NaN,NaN,NaN,NaN
390.45,36.41,31.14,36.00,20.00,MAN,0,74,NaN,74.00,0.00,0.00,74.00,NaN,NaN,NaN,NaN,NaN,NaN,NaN,NaN,NaN,NaN
391.45,36.40,31.14,36.00,20.00,MAN,0,74,NaN,74.00,0.00,0.00,74.00,NaN,NaN,NaN,NaN,NaN,NaN,NaN,NaN,NaN,NaN
392.45,36.39,31.18,36.00,20.00,MAN,0,74,NaN,74.00,0.00,0.00,74.00,NaN,NaN,NaN,NaN,NaN,NaN,NaN,NaN,NaN,NaN
393.45,36.38,31.22,36.00,20.00,MAN,0,74,NaN,74.00,0.00,0.00,74.00,NaN,NaN,NaN,NaN,NaN,NaN,NaN,NaN,NaN,NaN
394.45,36.37,31.21,36.00,20.00,MAN,0,74,NaN,74.00,0.00,0.00,74.00,NaN,NaN,NaN,NaN,NaN,NaN,NaN,NaN,NaN,NaN
395.46,36.34,31.25,36.00,20.00,MAN,0,74,NaN,74.00,0.00,0.00,74.00,NaN,NaN,NaN,NaN,NaN,NaN,NaN,NaN,NaN,NaN
396.46,36.33,31.28,36.00,20.00,MAN,0,74,NaN,74.00,0.00,0.00,74.00,NaN,NaN,NaN,NaN,NaN,NaN,NaN,NaN,NaN,NaN
397.46,36.32,31.28,36.00,20.00,MAN,0,74,NaN,74.00,0.00,0.00,74.00,NaN,NaN,NaN,NaN,NaN,NaN,NaN,NaN,NaN,NaN
398.46,36.31,31.32,36.00,20.00,MAN,0,74,NaN,74.00,0.00,0.00,74.00,NaN,NaN,NaN,NaN,NaN,NaN,NaN,NaN,NaN,NaN
399.46,36.29,31.32,36.00,20.00,MAN,0,74,NaN,74.00,0.00,0.00,74.00,NaN,NaN,NaN,NaN,NaN,NaN,NaN,NaN,NaN,NaN
400.46,36.28,31.37,36.00,20.00,MAN,0,74,NaN,74.00,0.00,0.00,74.00,NaN,NaN,NaN,NaN,NaN,NaN,NaN,NaN,NaN,NaN
401.47,36.27,31.37,36.00,20.00,MAN,0,74,NaN,74.00,0.00,0.00,74.00,NaN,NaN,NaN,NaN,NaN,NaN,NaN,NaN,NaN,NaN
402.47,36.25,31.41,36.00,20.00,MAN,0,74,NaN,74.00,0.00,0.00,74.00,NaN,NaN,NaN,NaN,NaN,NaN,NaN,NaN,NaN,NaN
403.47,36.24,31.41,36.00,20.00,MAN,0,74,NaN,74.00,0.00,0.00,74.00,NaN,NaN,NaN,NaN,NaN,NaN,NaN,NaN,NaN,NaN
404.47,36.23,31.45,36.00,20.00,MAN,0,74,NaN,74.00,0.00,0.00,74.00,NaN,NaN,NaN,NaN,NaN,NaN,NaN,NaN,NaN,NaN
405.47,36.22,31.48,36.00,20.00,MAN,0,74,NaN,74.00,0.00,0.00,74.00,NaN,NaN,NaN,NaN,NaN,NaN,NaN,NaN,NaN,NaN
406.48,36.21,31.47,36.00,20.00,MAN,0,74,NaN,74.00,0.00,0.00,74.00,NaN,NaN,NaN,NaN,NaN,NaN,NaN,NaN,NaN,NaN
407.47,36.18,31.51,36.00,20.00,MAN,0,74,NaN,74.00,0.00,0.00,74.00,NaN,NaN,NaN,NaN,NaN,NaN,NaN,NaN,NaN,NaN
408.48,36.17,31.51,36.00,20.00,MAN,0,74,NaN,74.00,0.00,0.00,74.00,NaN,NaN,NaN,NaN,NaN,NaN,NaN,NaN,NaN,NaN
409.48,36.15,31.55,36.00,20.00,MAN,0,74,NaN,74.00,0.00,0.00,74.00,NaN,NaN,NaN,NaN,NaN,NaN,NaN,NaN,NaN,NaN
410.48,36.14,31.55,36.00,20.00,MAN,0,74,NaN,74.00,0.00,0.00,74.00,NaN,NaN,NaN,NaN,NaN,NaN,NaN,NaN,NaN,NaN
411.48,36.13,31.55,36.00,20.00,MAN,0,74,NaN,74.00,0.00,0.00,74.00,NaN,NaN,NaN,NaN,NaN,NaN,NaN,NaN,NaN,NaN
412.48,36.12,31.59,36.00,20.00,MAN,0,74,NaN,74.00,0.00,0.00,74.00,NaN,NaN,NaN,NaN,NaN,NaN,NaN,NaN,NaN,NaN
413.48,36.10,31.59,36.00,20.00,MAN,0,74,NaN,74.00,0.00,0.00,74.00,NaN,NaN,NaN,NaN,NaN,NaN,NaN,NaN,NaN,NaN
414.49,36.09,31.67,36.00,20.00,MAN,0,74,NaN,74.00,0.00,0.00,74.00,NaN,NaN,NaN,NaN,NaN,NaN,NaN,NaN,NaN,NaN
415.49,36.07,31.71,36.00,20.00,MAN,0,74,NaN,74.00,0.00,0.00,74.00,NaN,NaN,NaN,NaN,NaN,NaN,NaN,NaN,NaN,NaN
416.49,36.04,31.71,36.00,20.00,MAN,0,74,NaN,74.00,0.00,0.00,74.00,NaN,NaN,NaN,NaN,NaN,NaN,NaN,NaN,NaN,NaN
417.49,36.03,31.71,36.00,20.00,MAN,0,74,NaN,74.00,0.00,0.00,74.00,NaN,NaN,NaN,NaN,NaN,NaN,NaN,NaN,NaN,NaN
418.49,36.02,31.73,36.00,20.00,MAN,0,74,NaN,74.00,0.00,0.00,74.00,NaN,NaN,NaN,NaN,NaN,NaN,NaN,NaN,NaN,NaN
419.49,36.02,31.73,36.00,20.00,MAN,0,74,NaN,74.00,0.00,0.00,74.00,NaN,NaN,NaN,NaN,NaN,NaN,NaN,NaN,NaN,NaN
420.50,36.02,31.78,36.00,20.00,MAN,0,74,NaN,74.00,0.00,0.00,74.00,NaN,NaN,NaN,NaN,NaN,NaN,NaN,NaN,NaN,NaN
421.50,36.02,31.78,36.00,20.00,MAN,0,74,NaN,74.00,0.00,0.00,74.00,NaN,NaN,NaN,NaN,NaN,NaN,NaN,NaN,NaN,NaN
422.50,36.02,31.82,36.00,20.00,MAN,0,74,NaN,74.00,0.00,0.00,74.00,NaN,NaN,NaN,NaN,NaN,NaN,NaN,NaN,NaN,NaN
423.50,35.99,31.82,36.00,20.00,MAN,0,74,NaN,74.00,0.00,0.00,74.00,NaN,NaN,NaN,NaN,NaN,NaN,NaN,NaN,NaN,NaN
424.50,35.97,31.86,36.00,20.00,MAN,0,74,NaN,74.00,0.00,0.00,74.00,NaN,NaN,NaN,NaN,NaN,NaN,NaN,NaN,NaN,NaN
425.50,35.96,31.86,36.00,20.00,MAN,0,74,NaN,74.00,0.00,0.00,74.00,NaN,NaN,NaN,NaN,NaN,NaN,NaN,NaN,NaN,NaN
426.50,35.94,31.90,36.00,20.00,MAN,0,74,NaN,74.00,0.00,0.00,74.00,NaN,NaN,NaN,NaN,NaN,NaN,NaN,NaN,NaN,NaN
427.51,35.92,31.90,36.00,20.00,MAN,0,74,NaN,74.00,0.00,0.00,74.00,NaN,NaN,NaN,NaN,NaN,NaN,NaN,NaN,NaN,NaN
428.51,35.90,31.94,36.00,20.00,MAN,0,74,NaN,74.00,0.00,0.00,74.00,NaN,NaN,NaN,NaN,NaN,NaN,NaN,NaN,NaN,NaN
429.51,35.89,31.94,36.00,20.00,MAN,0,74,NaN,74.00,0.00,0.00,74.00,NaN,NaN,NaN,NaN,NaN,NaN,NaN,NaN,NaN,NaN
430.51,35.87,31.98,36.00,20.00,MAN,0,74,NaN,74.00,0.00,0.00,74.00,NaN,NaN,NaN,NaN,NaN,NaN,NaN,NaN,NaN,NaN
431.51,35.86,31.98,36.00,20.00,MAN,0,74,NaN,74.00,0.00,0.00,74.00,NaN,NaN,NaN,NaN,NaN,NaN,NaN,NaN,NaN,NaN
432.51,35.84,32.00,36.00,20.00,MAN,0,74,NaN,74.00,0.00,0.00,74.00,NaN,NaN,NaN,NaN,NaN,NaN,NaN,NaN,NaN,NaN
433.52,35.83,32.00,36.00,20.00,MAN,0,74,NaN,74.00,0.00,0.00,74.00,NaN,NaN,NaN,NaN,NaN,NaN,NaN,NaN,NaN,NaN
434.52,35.81,32.04,36.00,20.00,MAN,0,74,NaN,74.00,0.00,0.00,74.00,NaN,NaN,NaN,NaN,NaN,NaN,NaN,NaN,NaN,NaN
435.52,35.80,32.04,36.00,20.00,MAN,0,74,NaN,74.00,0.00,0.00,74.00,NaN,NaN,NaN,NaN,NaN,NaN,NaN,NaN,NaN,NaN
436.52,35.79,32.09,36.00,20.00,MAN,0,74,NaN,74.00,0.00,0.00,74.00,NaN,NaN,NaN,NaN,NaN,NaN,NaN,NaN,NaN,NaN
437.52,35.78,32.09,36.00,20.00,MAN,0,74,NaN,74.00,0.00,0.00,74.00,NaN,NaN,NaN,NaN,NaN,NaN,NaN,NaN,NaN,NaN
438.53,35.75,32.12,36.00,20.00,MAN,0,74,NaN,74.00,0.00,0.00,74.00,NaN,NaN,NaN,NaN,NaN,NaN,NaN,NaN,NaN,NaN
439.53,35.74,32.12,36.00,20.00,MAN,0,74,NaN,74.00,0.00,0.00,74.00,NaN,NaN,NaN,NaN,NaN,NaN,NaN,NaN,NaN,NaN
440.53,35.72,32.16,36.00,20.00,MAN,0,74,NaN,74.00,0.00,0.00,74.00,NaN,NaN,NaN,NaN,NaN,NaN,NaN,NaN,NaN,NaN
441.53,35.71,32.16,36.00,20.00,MAN,0,74,NaN,74.00,0.00,0.00,74.00,NaN,NaN,NaN,NaN,NaN,NaN,NaN,NaN,NaN,NaN
442.53,35.70,32.21,36.00,20.00,MAN,0,74,NaN,74.00,0.00,0.00,74.00,NaN,NaN,NaN,NaN,NaN,NaN,NaN,NaN,NaN,NaN
443.53,35.69,32.21,36.00,20.00,MAN,0,74,NaN,74.00,0.00,0.00,74.00,NaN,NaN,NaN,NaN,NaN,NaN,NaN,NaN,NaN,NaN
444.53,35.67,32.23,36.00,20.00,MAN,0,74,NaN,74.00,0.00,0.00,74.00,NaN,NaN,NaN,NaN,NaN,NaN,NaN,NaN,NaN,NaN
445.53,35.66,32.23,36.00,20.00,MAN,0,74,NaN,74.00,0.00,0.00,74.00,NaN,NaN,NaN,NaN,NaN,NaN,NaN,NaN,NaN,NaN
446.54,35.64,32.27,36.00,20.00,MAN,0,74,NaN,74.00,0.00,0.00,74.00,NaN,NaN,NaN,NaN,NaN,NaN,NaN,NaN,NaN,NaN
447.54,35.63,32.27,36.00,20.00,MAN,0,74,NaN,74.00,0.00,0.00,74.00,NaN,NaN,NaN,NaN,NaN,NaN,NaN,NaN,NaN,NaN
448.54,35.62,32.31,36.00,20.00,MAN,0,74,NaN,74.00,0.00,0.00,74.00,NaN,NaN,NaN,NaN,NaN,NaN,NaN,NaN,NaN,NaN
449.54,35.60,32.31,36.00,20.00,MAN,0,74,NaN,74.00,0.00,0.00,74.00,NaN,NaN,NaN,NaN,NaN,NaN,NaN,NaN,NaN,NaN
450.54,35.58,32.35,36.00,20.00,MAN,0,74,NaN,74.00,0.00,0.00,74.00,NaN,NaN,NaN,NaN,NaN,NaN,NaN,NaN,NaN,NaN
451.54,35.57,32.35,36.00,20.00,MAN,0,74,NaN,74.00,0.00,0.00,74.00,NaN,NaN,NaN,NaN,NaN,NaN,NaN,NaN,NaN,NaN
452.55,35.56,32.39,36.00,20.00,MAN,0,74,NaN,74.00,0.00,0.00,74.00,NaN,NaN,NaN,NaN,NaN,NaN,NaN,NaN,NaN,NaN
453.55,35.54,32.39,36.00,20.00,MAN,0,74,NaN,74.00,0.00,0.00,74.00,NaN,NaN,NaN,NaN,NaN,NaN,NaN,NaN,NaN,NaN
454.55,35.53,32.43,36.00,20.00,MAN,0,74,NaN,74.00,0.00,0.00,74.00,NaN,NaN,NaN,NaN,NaN,NaN,NaN,NaN,NaN,NaN
455.55,35.52,32.43,36.00,20.00,MAN,0,74,NaN,74.00,0.00,0.00,74.00,NaN,NaN,NaN,NaN,NaN,NaN,NaN,NaN,NaN,NaN
456.55,35.50,32.45,36.00,20.00,MAN,0,74,NaN,74.00,0.00,0.00,74.00,NaN,NaN,NaN,NaN,NaN,NaN,NaN,NaN,NaN,NaN
457.56,35.49,32.45,36.00,20.00,MAN,0,74,NaN,74.00,0.00,0.00,74.00,NaN,NaN,NaN,NaN,NaN,NaN,NaN,NaN,NaN,NaN
458.56,35.48,32.50,36.00,20.00,MAN,0,74,NaN,74.00,0.00,0.00,74.00,NaN,NaN,NaN,NaN,NaN,NaN,NaN,NaN,NaN,NaN
459.56,35.44,32.50,36.00,20.00,MAN,0,74,NaN,74.00,0.00,0.00,74.00,NaN,NaN,NaN,NaN,NaN,NaN,NaN,NaN,NaN,NaN
460.56,35.43,32.57,36.00,20.00,MAN,0,74,NaN,74.00,0.00,0.00,74.00,NaN,NaN,NaN,NaN,NaN,NaN,NaN,NaN,NaN,NaN
461.56,35.41,32.57,36.00,20.00,MAN,0,74,NaN,74.00,0.00,0.00,74.00,NaN,NaN,NaN,NaN,NaN,NaN,NaN,NaN,NaN,NaN
462.56,35.38,32.61,36.00,20.00,MAN,0,74,NaN,74.00,0.00,0.00,74.00,NaN,NaN,NaN,NaN,NaN,NaN,NaN,NaN,NaN,NaN
463.56,35.36,32.66,36.00,20.00,MAN,0,74,NaN,74.00,0.00,0.00,74.00,NaN,NaN,NaN,NaN,NaN,NaN,NaN,NaN,NaN,NaN
464.56,35.36,32.70,36.00,20.00,MAN,0,74,NaN,74.00,0.00,0.00,74.00,NaN,NaN,NaN,NaN,NaN,NaN,NaN,NaN,NaN,NaN
465.57,35.34,32.70,36.00,20.00,MAN,0,74,NaN,74.00,0.00,0.00,74.00,NaN,NaN,NaN,NaN,NaN,NaN,NaN,NaN,NaN,NaN
466.57,35.33,32.64,36.00,20.00,MAN,0,74,NaN,74.00,0.00,0.00,74.00,NaN,NaN,NaN,NaN,NaN,NaN,NaN,NaN,NaN,NaN
467.57,35.31,32.68,36.00,20.00,MAN,0,74,NaN,74.00,0.00,0.00,74.00,NaN,NaN,NaN,NaN,NaN,NaN,NaN,NaN,NaN,NaN
468.57,35.31,32.68,36.00,20.00,MAN,0,74,NaN,74.00,0.00,0.00,74.00,NaN,NaN,NaN,NaN,NaN,NaN,NaN,NaN,NaN,NaN
469.57,35.30,32.68,36.00,20.00,MAN,0,74,NaN,74.00,0.00,0.00,74.00,NaN,NaN,NaN,NaN,NaN,NaN,NaN,NaN,NaN,NaN
470.58,35.29,32.68,36.00,20.00,MAN,0,74,NaN,74.00,0.00,0.00,74.00,NaN,NaN,NaN,NaN,NaN,NaN,NaN,NaN,NaN,NaN
471.58,35.28,32.68,36.00,20.00,MAN,0,74,NaN,74.00,0.00,0.00,74.00,NaN,NaN,NaN,NaN,NaN,NaN,NaN,NaN,NaN,NaN
472.58,35.28,32.68,36.00,20.00,MAN,0,74,NaN,74.00,0.00,0.00,74.00,NaN,NaN,NaN,NaN,NaN,NaN,NaN,NaN,NaN,NaN
473.58,35.28,32.72,36.00,20.00,MAN,0,74,NaN,74.00,0.00,0.00,74.00,NaN,NaN,NaN,NaN,NaN,NaN,NaN,NaN,NaN,NaN
474.58,35.28,32.72,36.00,20.00,MAN,0,74,NaN,74.00,0.00,0.00,74.00,NaN,NaN,NaN,NaN,NaN,NaN,NaN,NaN,NaN,NaN
475.58,35.28,32.72,36.00,20.00,MAN,0,74,NaN,74.00,0.00,0.00,74.00,NaN,NaN,NaN,NaN,NaN,NaN,NaN,NaN,NaN,NaN
476.58,35.28,32.72,36.00,20.00,MAN,0,74,NaN,74.00,0.00,0.00,74.00,NaN,NaN,NaN,NaN,NaN,NaN,NaN,NaN,NaN,NaN
477.58,35.28,32.72,36.00,20.00,MAN,0,74,NaN,74.00,0.00,0.00,74.00,NaN,NaN,NaN,NaN,NaN,NaN,NaN,NaN,NaN,NaN
478.59,35.28,32.72,36.00,20.00,MAN,0,74,NaN,74.00,0.00,0.00,74.00,NaN,NaN,NaN,NaN,NaN,NaN,NaN,NaN,NaN,NaN
479.59,35.28,32.72,36.00,20.00,MAN,0,74,NaN,74.00,0.00,0.00,74.00,NaN,NaN,NaN,NaN,NaN,NaN,NaN,NaN,NaN,NaN
480.59,35.29,32.72,36.00,20.00,MAN,0,74,NaN,74.00,0.00,0.00,74.00,NaN,NaN,NaN,NaN,NaN,NaN,NaN,NaN,NaN,NaN
481.59,35.29,32.76,36.00,20.00,MAN,0,74,NaN,74.00,0.00,0.00,74.00,NaN,NaN,NaN,NaN,NaN,NaN,NaN,NaN,NaN,NaN
482.59,35.29,32.72,36.00,20.00,MAN,0,74,NaN,74.00,0.00,0.00,74.00,NaN,NaN,NaN,NaN,NaN,NaN,NaN,NaN,NaN,NaN
483.60,35.30,32.72,36.00,20.00,MAN,0,74,NaN,74.00,0.00,0.00,74.00,NaN,NaN,NaN,NaN,NaN,NaN,NaN,NaN,NaN,NaN
484.60,35.31,32.72,36.00,20.00,MAN,0,74,NaN,74.00,0.00,0.00,74.00,NaN,NaN,NaN,NaN,NaN,NaN,NaN,NaN,NaN,NaN
485.60,35.31,32.72,36.00,20.00,MAN,0,74,NaN,74.00,0.00,0.00,74.00,NaN,NaN,NaN,NaN,NaN,NaN,NaN,NaN,NaN,NaN
486.60,35.33,32.72,36.00,20.00,MAN,0,74,NaN,74.00,0.00,0.00,74.00,NaN,NaN,NaN,NaN,NaN,NaN,NaN,NaN,NaN,NaN
487.60,35.34,32.73,36.00,20.00,MAN,0,74,NaN,74.00,0.00,0.00,74.00,NaN,NaN,NaN,NaN,NaN,NaN,NaN,NaN,NaN,NaN
488.61,35.35,32.70,36.00,20.00,MAN,0,74,NaN,74.00,0.00,0.00,74.00,NaN,NaN,NaN,NaN,NaN,NaN,NaN,NaN,NaN,NaN
489.61,35.35,32.70,36.00,20.00,MAN,0,74,NaN,74.00,0.00,0.00,74.00,NaN,NaN,NaN,NaN,NaN,NaN,NaN,NaN,NaN,NaN
490.60,35.36,32.70,36.00,20.00,MAN,0,74,NaN,74.00,0.00,0.00,74.00,NaN,NaN,NaN,NaN,NaN,NaN,NaN,NaN,NaN,NaN
491.61,35.38,32.70,36.00,20.00,MAN,0,74,NaN,74.00,0.00,0.00,74.00,NaN,NaN,NaN,NaN,NaN,NaN,NaN,NaN,NaN,NaN
492.61,35.39,32.66,36.00,20.00,MAN,0,74,NaN,74.00,0.00,0.00,74.00,NaN,NaN,NaN,NaN,NaN,NaN,NaN,NaN,NaN,NaN
493.61,35.41,32.66,36.00,20.00,MAN,0,74,NaN,74.00,0.00,0.00,74.00,NaN,NaN,NaN,NaN,NaN,NaN,NaN,NaN,NaN,NaN
494.61,35.41,32.66,36.00,20.00,MAN,0,74,NaN,74.00,0.00,0.00,74.00,NaN,NaN,NaN,NaN,NaN,NaN,NaN,NaN,NaN,NaN
495.61,35.42,32.66,36.00,20.00,MAN,0,74,NaN,74.00,0.00,0.00,74.00,NaN,NaN,NaN,NaN,NaN,NaN,NaN,NaN,NaN,NaN
496.62,35.43,32.61,36.00,20.00,MAN,0,74,NaN,74.00,0.00,0.00,74.00,NaN,NaN,NaN,NaN,NaN,NaN,NaN,NaN,NaN,NaN
497.62,35.45,32.61,36.00,20.00,MAN,0,74,NaN,74.00,0.00,0.00,74.00,NaN,NaN,NaN,NaN,NaN,NaN,NaN,NaN,NaN,NaN
498.62,35.47,32.61,36.00,20.00,MAN,0,74,NaN,74.00,0.00,0.00,74.00,NaN,NaN,NaN,NaN,NaN,NaN,NaN,NaN,NaN,NaN
499.62,35.48,32.57,36.00,20.00,MAN,0,74,NaN,74.00,0.00,0.00,74.00,NaN,NaN,NaN,NaN,NaN,NaN,NaN,NaN,NaN,NaN
500.62,35.51,32.59,36.00,20.00,MAN,0,74,NaN,74.00,0.00,0.00,74.00,NaN,NaN,NaN,NaN,NaN,NaN,NaN,NaN,NaN,NaN
501.62,35.53,32.51,36.00,20.00,MAN,0,74,NaN,74.00,0.00,0.00,74.00,NaN,NaN,NaN,NaN,NaN,NaN,NaN,NaN,NaN,NaN
502.63,35.56,32.48,36.00,20.00,MAN,0,74,NaN,74.00,0.00,0.00,74.00,NaN,NaN,NaN,NaN,NaN,NaN,NaN,NaN,NaN,NaN
503.63,35.56,32.48,36.00,20.00,MAN,0,74,NaN,74.00,0.00,0.00,74.00,NaN,NaN,NaN,NaN,NaN,NaN,NaN,NaN,NaN,NaN
504.63,35.57,32.43,36.00,20.00,MAN,0,74,NaN,74.00,0.00,0.00,74.00,NaN,NaN,NaN,NaN,NaN,NaN,NaN,NaN,NaN,NaN
505.63,35.58,32.43,36.00,20.00,MAN,0,74,NaN,74.00,0.00,0.00,74.00,NaN,NaN,NaN,NaN,NaN,NaN,NaN,NaN,NaN,NaN
506.63,35.60,32.39,36.00,20.00,MAN,0,74,NaN,74.00,0.00,0.00,74.00,NaN,NaN,NaN,NaN,NaN,NaN,NaN,NaN,NaN,NaN
507.63,35.62,32.39,36.00,20.00,MAN,0,74,NaN,74.00,0.00,0.00,74.00,NaN,NaN,NaN,NaN,NaN,NaN,NaN,NaN,NaN,NaN
508.63,35.64,32.35,36.00,20.00,MAN,0,74,NaN,74.00,0.00,0.00,74.00,NaN,NaN,NaN,NaN,NaN,NaN,NaN,NaN,NaN,NaN
509.64,35.67,32.35,36.00,20.00,MAN,0,74,NaN,74.00,0.00,0.00,74.00,NaN,NaN,NaN,NaN,NaN,NaN,NaN,NaN,NaN,NaN
510.64,35.68,32.33,36.00,20.00,MAN,0,74,NaN,74.00,0.00,0.00,74.00,NaN,NaN,NaN,NaN,NaN,NaN,NaN,NaN,NaN,NaN
511.64,35.70,32.33,36.00,20.00,MAN,0,74,NaN,74.00,0.00,0.00,74.00,NaN,NaN,NaN,NaN,NaN,NaN,NaN,NaN,NaN,NaN
512.64,35.72,32.28,36.00,20.00,MAN,0,74,NaN,74.00,0.00,0.00,74.00,NaN,NaN,NaN,NaN,NaN,NaN,NaN,NaN,NaN,NaN
513.64,35.74,32.28,36.00,20.00,MAN,0,74,NaN,74.00,0.00,0.00,74.00,NaN,NaN,NaN,NaN,NaN,NaN,NaN,NaN,NaN,NaN
514.64,35.75,32.25,36.00,20.00,MAN,0,74,NaN,74.00,0.00,0.00,74.00,NaN,NaN,NaN,NaN,NaN,NaN,NaN,NaN,NaN,NaN
515.65,35.79,32.21,36.00,20.00,MAN,0,74,NaN,74.00,0.00,0.00,74.00,NaN,NaN,NaN,NaN,NaN,NaN,NaN,NaN,NaN,NaN
516.65,35.81,32.21,36.00,20.00,MAN,0,74,NaN,74.00,0.00,0.00,74.00,NaN,NaN,NaN,NaN,NaN,NaN,NaN,NaN,NaN,NaN
517.65,35.82,32.16,36.00,20.00,MAN,0,74,NaN,74.00,0.00,0.00,74.00,NaN,NaN,NaN,NaN,NaN,NaN,NaN,NaN,NaN,NaN
518.65,35.84,32.14,36.00,20.00,MAN,0,74,NaN,74.00,0.00,0.00,74.00,NaN,NaN,NaN,NaN,NaN,NaN,NaN,NaN,NaN,NaN
519.65,35.87,32.14,36.00,20.00,MAN,0,74,NaN,74.00,0.00,0.00,74.00,NaN,NaN,NaN,NaN,NaN,NaN,NaN,NaN,NaN,NaN
520.66,35.88,32.10,36.00,20.00,MAN,0,74,NaN,74.00,0.00,0.00,74.00,NaN,NaN,NaN,NaN,NaN,NaN,NaN,NaN,NaN,NaN
521.66,35.89,32.10,36.00,20.00,MAN,0,74,NaN,74.00,0.00,0.00,74.00,NaN,NaN,NaN,NaN,NaN,NaN,NaN,NaN,NaN,NaN
522.66,35.90,32.06,36.00,20.00,MAN,0,74,NaN,74.00,0.00,0.00,74.00,NaN,NaN,NaN,NaN,NaN,NaN,NaN,NaN,NaN,NaN
523.66,35.93,32.06,36.00,20.00,MAN,0,74,NaN,74.00,0.00,0.00,74.00,NaN,NaN,NaN,NaN,NaN,NaN,NaN,NaN,NaN,NaN
524.66,35.96,32.02,36.00,20.00,MAN,0,74,NaN,74.00,0.00,0.00,74.00,NaN,NaN,NaN,NaN,NaN,NaN,NaN,NaN,NaN,NaN
525.66,35.98,32.02,36.00,20.00,MAN,0,74,NaN,74.00,0.00,0.00,74.00,NaN,NaN,NaN,NaN,NaN,NaN,NaN,NaN,NaN,NaN
526.67,36.00,31.98,36.00,20.00,MAN,0,74,NaN,74.00,0.00,0.00,74.00,NaN,NaN,NaN,NaN,NaN,NaN,NaN,NaN,NaN,NaN
527.66,36.02,31.98,36.00,20.00,MAN,0,74,NaN,74.00,0.00,0.00,74.00,NaN,NaN,NaN,NaN,NaN,NaN,NaN,NaN,NaN,NaN
528.67,36.02,31.94,36.00,20.00,MAN,0,74,NaN,74.00,0.00,0.00,74.00,NaN,NaN,NaN,NaN,NaN,NaN,NaN,NaN,NaN,NaN
529.67,36.02,31.94,36.00,20.00,MAN,0,74,NaN,74.00,0.00,0.00,74.00,NaN,NaN,NaN,NaN,NaN,NaN,NaN,NaN,NaN,NaN
530.67,36.03,31.92,36.00,20.00,MAN,0,74,NaN,74.00,0.00,0.00,74.00,NaN,NaN,NaN,NaN,NaN,NaN,NaN,NaN,NaN,NaN
531.67,36.07,31.87,36.00,20.00,MAN,0,74,NaN,74.00,0.00,0.00,74.00,NaN,NaN,NaN,NaN,NaN,NaN,NaN,NaN,NaN,NaN
532.67,36.10,31.87,36.00,20.00,MAN,0,74,NaN,74.00,0.00,0.00,74.00,NaN,NaN,NaN,NaN,NaN,NaN,NaN,NaN,NaN,NaN
533.67,36.12,31.83,36.00,20.00,MAN,0,74,NaN,74.00,0.00,0.00,74.00,NaN,NaN,NaN,NaN,NaN,NaN,NaN,NaN,NaN,NaN
534.68,36.14,31.80,36.00,20.00,MAN,0,74,NaN,74.00,0.00,0.00,74.00,NaN,NaN,NaN,NaN,NaN,NaN,NaN,NaN,NaN,NaN
535.68,36.17,31.80,36.00,20.00,MAN,0,74,NaN,74.00,0.00,0.00,74.00,NaN,NaN,NaN,NaN,NaN,NaN,NaN,NaN,NaN,NaN
536.68,36.19,31.75,36.00,20.00,MAN,0,74,NaN,74.00,0.00,0.00,74.00,NaN,NaN,NaN,NaN,NaN,NaN,NaN,NaN,NaN,NaN
537.68,36.22,31.73,36.00,20.00,MAN,0,74,NaN,74.00,0.00,0.00,74.00,NaN,NaN,NaN,NaN,NaN,NaN,NaN,NaN,NaN,NaN
538.68,36.24,31.73,36.00,20.00,MAN,0,74,NaN,74.00,0.00,0.00,74.00,NaN,NaN,NaN,NaN,NaN,NaN,NaN,NaN,NaN,NaN
539.68,36.26,31.69,36.00,20.00,MAN,0,74,NaN,74.00,0.00,0.00,74.00,NaN,NaN,NaN,NaN,NaN,NaN,NaN,NaN,NaN,NaN
540.69,36.27,31.61,36.00,20.00,MAN,0,74,NaN,74.00,0.00,0.00,74.00,NaN,NaN,NaN,NaN,NaN,NaN,NaN,NaN,NaN,NaN
541.69,36.29,31.61,36.00,20.00,MAN,0,74,NaN,74.00,0.00,0.00,74.00,NaN,NaN,NaN,NaN,NaN,NaN,NaN,NaN,NaN,NaN
542.69,36.31,31.57,36.00,20.00,MAN,0,74,NaN,74.00,0.00,0.00,74.00,NaN,NaN,NaN,NaN,NaN,NaN,NaN,NaN,NaN,NaN
543.69,36.33,31.53,36.00,20.00,MAN,0,74,NaN,74.00,0.00,0.00,74.00,NaN,NaN,NaN,NaN,NaN,NaN,NaN,NaN,NaN,NaN
544.69,36.36,31.54,36.00,20.00,MAN,0,74,NaN,74.00,0.00,0.00,74.00,NaN,NaN,NaN,NaN,NaN,NaN,NaN,NaN,NaN,NaN
545.69,36.38,31.51,36.00,20.00,MAN,0,74,NaN,74.00,0.00,0.00,74.00,NaN,NaN,NaN,NaN,NaN,NaN,NaN,NaN,NaN,NaN
546.69,36.40,31.51,36.00,20.00,MAN,0,74,NaN,74.00,0.00,0.00,74.00,NaN,NaN,NaN,NaN,NaN,NaN,NaN,NaN,NaN,NaN
547.70,36.43,31.46,36.00,20.00,MAN,0,74,NaN,74.00,0.00,0.00,74.00,NaN,NaN,NaN,NaN,NaN,NaN,NaN,NaN,NaN,NaN
548.70,36.45,31.42,36.00,20.00,MAN,0,74,NaN,74.00,0.00,0.00,74.00,NaN,NaN,NaN,NaN,NaN,NaN,NaN,NaN,NaN,NaN
549.70,36.47,31.38,36.00,20.00,MAN,0,74,NaN,74.00,0.00,0.00,74.00,NaN,NaN,NaN,NaN,NaN,NaN,NaN,NaN,NaN,NaN
550.70,36.48,31.38,36.00,20.00,MAN,0,74,NaN,74.00,0.00,0.00,74.00,NaN,NaN,NaN,NaN,NaN,NaN,NaN,NaN,NaN,NaN
551.70,36.51,31.35,36.00,20.00,MAN,0,74,NaN,74.00,0.00,0.00,74.00,NaN,NaN,NaN,NaN,NaN,NaN,NaN,NaN,NaN,NaN
552.71,36.54,31.35,36.00,20.00,MAN,0,74,NaN,74.00,0.00,0.00,74.00,NaN,NaN,NaN,NaN,NaN,NaN,NaN,NaN,NaN,NaN
553.71,36.56,31.32,36.00,20.00,MAN,0,74,NaN,74.00,0.00,0.00,74.00,NaN,NaN,NaN,NaN,NaN,NaN,NaN,NaN,NaN,NaN
554.71,36.57,31.28,36.00,20.00,MAN,0,74,NaN,74.00,0.00,0.00,74.00,NaN,NaN,NaN,NaN,NaN,NaN,NaN,NaN,NaN,NaN
555.71,36.60,31.28,36.00,20.00,MAN,0,74,NaN,74.00,0.00,0.00,74.00,NaN,NaN,NaN,NaN,NaN,NaN,NaN,NaN,NaN,NaN
556.71,36.61,31.24,36.00,20.00,MAN,0,74,NaN,74.00,0.00,0.00,74.00,NaN,NaN,NaN,NaN,NaN,NaN,NaN,NaN,NaN,NaN
557.71,36.66,31.24,36.00,20.00,MAN,0,74,NaN,74.00,0.00,0.00,74.00,NaN,NaN,NaN,NaN,NaN,NaN,NaN,NaN,NaN,NaN
558.71,36.67,31.20,36.00,20.00,MAN,0,74,NaN,74.00,0.00,0.00,74.00,NaN,NaN,NaN,NaN,NaN,NaN,NaN,NaN,NaN,NaN
559.71,36.68,31.20,36.00,20.00,MAN,0,74,NaN,74.00,0.00,0.00,74.00,NaN,NaN,NaN,NaN,NaN,NaN,NaN,NaN,NaN,NaN
560.72,36.68,31.16,36.00,20.00,MAN,0,74,NaN,74.00,0.00,0.00,74.00,NaN,NaN,NaN,NaN,NaN,NaN,NaN,NaN,NaN,NaN
561.72,36.70,31.17,36.00,20.00,MAN,0,74,NaN,74.00,0.00,0.00,74.00,NaN,NaN,NaN,NaN,NaN,NaN,NaN,NaN,NaN,NaN
562.72,36.71,31.13,36.00,20.00,MAN,0,74,NaN,74.00,0.00,0.00,74.00,NaN,NaN,NaN,NaN,NaN,NaN,NaN,NaN,NaN,NaN
563.72,36.72,31.13,36.00,20.00,MAN,0,74,NaN,74.00,0.00,0.00,74.00,NaN,NaN,NaN,NaN,NaN,NaN,NaN,NaN,NaN,NaN
564.72,36.72,31.13,36.00,20.00,MAN,0,74,NaN,74.00,0.00,0.00,74.00,NaN,NaN,NaN,NaN,NaN,NaN,NaN,NaN,NaN,NaN
565.72,36.73,31.13,36.00,20.00,MAN,0,74,NaN,74.00,0.00,0.00,74.00,NaN,NaN,NaN,NaN,NaN,NaN,NaN,NaN,NaN,NaN
566.73,36.73,31.09,36.00,20.00,MAN,0,74,NaN,74.00,0.00,0.00,74.00,NaN,NaN,NaN,NaN,NaN,NaN,NaN,NaN,NaN,NaN
567.73,36.74,31.09,36.00,20.00,MAN,0,74,NaN,74.00,0.00,0.00,74.00,NaN,NaN,NaN,NaN,NaN,NaN,NaN,NaN,NaN,NaN
568.73,36.74,31.09,36.00,20.00,MAN,0,74,NaN,74.00,0.00,0.00,74.00,NaN,NaN,NaN,NaN,NaN,NaN,NaN,NaN,NaN,NaN
569.73,36.75,31.09,36.00,20.00,MAN,0,74,NaN,74.00,0.00,0.00,74.00,NaN,NaN,NaN,NaN,NaN,NaN,NaN,NaN,NaN,NaN
570.73,36.75,31.09,36.00,20.00,MAN,0,74,NaN,74.00,0.00,0.00,74.00,NaN,NaN,NaN,NaN,NaN,NaN,NaN,NaN,NaN,NaN
571.74,36.75,31.05,36.00,20.00,MAN,0,74,NaN,74.00,0.00,0.00,74.00,NaN,NaN,NaN,NaN,NaN,NaN,NaN,NaN,NaN,NaN
572.73,36.75,31.05,36.00,20.00,MAN,0,74,NaN,74.00,0.00,0.00,74.00,NaN,NaN,NaN,NaN,NaN,NaN,NaN,NaN,NaN,NaN
573.74,36.75,31.05,36.00,20.00,MAN,0,74,NaN,74.00,0.00,0.00,74.00,NaN,NaN,NaN,NaN,NaN,NaN,NaN,NaN,NaN,NaN
574.74,36.75,31.05,36.00,20.00,MAN,0,74,NaN,74.00,0.00,0.00,74.00,NaN,NaN,NaN,NaN,NaN,NaN,NaN,NaN,NaN,NaN
575.74,36.75,31.05,36.00,20.00,MAN,0,74,NaN,74.00,0.00,0.00,74.00,NaN,NaN,NaN,NaN,NaN,NaN,NaN,NaN,NaN,NaN
576.74,36.76,31.05,36.00,20.00,MAN,0,74,NaN,74.00,0.00,0.00,74.00,NaN,NaN,NaN,NaN,NaN,NaN,NaN,NaN,NaN,NaN
577.74,36.75,31.05,36.00,20.00,MAN,0,74,NaN,74.00,0.00,0.00,74.00,NaN,NaN,NaN,NaN,NaN,NaN,NaN,NaN,NaN,NaN
578.74,36.75,31.09,36.00,20.00,MAN,0,74,NaN,74.00,0.00,0.00,74.00,NaN,NaN,NaN,NaN,NaN,NaN,NaN,NaN,NaN,NaN
579.75,36.75,31.09,36.00,20.00,MAN,0,74,NaN,74.00,0.00,0.00,74.00,NaN,NaN,NaN,NaN,NaN,NaN,NaN,NaN,NaN,NaN
580.75,36.74,31.09,36.00,20.00,MAN,0,74,NaN,74.00,0.00,0.00,74.00,NaN,NaN,NaN,NaN,NaN,NaN,NaN,NaN,NaN,NaN
581.75,36.74,31.13,36.00,20.00,MAN,0,74,NaN,74.00,0.00,0.00,74.00,NaN,NaN,NaN,NaN,NaN,NaN,NaN,NaN,NaN,NaN
582.75,36.73,31.13,36.00,20.00,MAN,0,74,NaN,74.00,0.00,0.00,74.00,NaN,NaN,NaN,NaN,NaN,NaN,NaN,NaN,NaN,NaN
583.75,36.73,31.17,36.00,20.00,MAN,0,74,NaN,74.00,0.00,0.00,74.00,NaN,NaN,NaN,NaN,NaN,NaN,NaN,NaN,NaN,NaN
584.76,36.72,31.13,36.00,20.00,MAN,0,74,NaN,74.00,0.00,0.00,74.00,NaN,NaN,NaN,NaN,NaN,NaN,NaN,NaN,NaN,NaN
585.76,36.72,31.13,36.00,20.00,MAN,0,74,NaN,74.00,0.00,0.00,74.00,NaN,NaN,NaN,NaN,NaN,NaN,NaN,NaN,NaN,NaN
586.76,36.72,31.13,36.00,20.00,MAN,0,74,NaN,74.00,0.00,0.00,74.00,NaN,NaN,NaN,NaN,NaN,NaN,NaN,NaN,NaN,NaN
587.76,36.72,31.13,36.00,20.00,MAN,0,74,NaN,74.00,0.00,0.00,74.00,NaN,NaN,NaN,NaN,NaN,NaN,NaN,NaN,NaN,NaN
588.76,36.71,31.09,36.00,20.00,MAN,0,74,NaN,74.00,0.00,0.00,74.00,NaN,NaN,NaN,NaN,NaN,NaN,NaN,NaN,NaN,NaN
589.76,36.71,31.09,36.00,20.00,MAN,0,74,NaN,74.00,0.00,0.00,74.00,NaN,NaN,NaN,NaN,NaN,NaN,NaN,NaN,NaN,NaN
590.76,36.70,31.12,36.00,20.00,MAN,0,74,NaN,74.00,0.00,0.00,74.00,NaN,NaN,NaN,NaN,NaN,NaN,NaN,NaN,NaN,NaN
591.76,36.69,31.12,36.00,20.00,MAN,0,74,NaN,74.00,0.00,0.00,74.00,NaN,NaN,NaN,NaN,NaN,NaN,NaN,NaN,NaN,NaN
592.77,36.69,31.12,36.00,20.00,MAN,0,74,NaN,74.00,0.00,0.00,74.00,NaN,NaN,NaN,NaN,NaN,NaN,NaN,NaN,NaN,NaN
593.77,36.68,31.12,36.00,20.00,MAN,0,74,NaN,74.00,0.00,0.00,74.00,NaN,NaN,NaN,NaN,NaN,NaN,NaN,NaN,NaN,NaN
594.77,36.67,31.12,36.00,20.00,MAN,0,74,NaN,74.00,0.00,0.00,74.00,NaN,NaN,NaN,NaN,NaN,NaN,NaN,NaN,NaN,NaN
595.77,36.67,31.12,36.00,20.00,MAN,0,74,NaN,74.00,0.00,0.00,74.00,NaN,NaN,NaN,NaN,NaN,NaN,NaN,NaN,NaN,NaN
596.77,36.64,31.16,36.00,20.00,MAN,0,74,NaN,74.00,0.00,0.00,74.00,NaN,NaN,NaN,NaN,NaN,NaN,NaN,NaN,NaN,NaN
597.78,36.64,31.16,36.00,20.00,MAN,0,74,NaN,74.00,0.00,0.00,74.00,NaN,NaN,NaN,NaN,NaN,NaN,NaN,NaN,NaN,NaN
598.78,36.63,31.16,36.00,20.00,MAN,0,74,NaN,74.00,0.00,0.00,74.00,NaN,NaN,NaN,NaN,NaN,NaN,NaN,NaN,NaN,NaN
599.78,36.62,31.20,36.00,20.00,MAN,0,74,NaN,74.00,0.00,0.00,74.00,NaN,NaN,NaN,NaN,NaN,NaN,NaN,NaN,NaN,NaN
600.78,36.61,31.20,36.00,20.00,MAN,0,74,NaN,74.00,0.00,0.00,74.00,NaN,NaN,NaN,NaN,NaN,NaN,NaN,NaN,NaN,NaN
601.78,36.60,31.24,36.00,20.00,MAN,0,74,NaN,74.00,0.00,0.00,74.00,NaN,NaN,NaN,NaN,NaN,NaN,NaN,NaN,NaN,NaN
602.78,36.59,31.24,36.00,20.00,MAN,0,74,NaN,74.00,0.00,0.00,74.00,NaN,NaN,NaN,NaN,NaN,NaN,NaN,NaN,NaN,NaN
603.79,36.58,31.24,36.00,20.00,MAN,0,74,NaN,74.00,0.00,0.00,74.00,NaN,NaN,NaN,NaN,NaN,NaN,NaN,NaN,NaN,NaN
604.78,36.57,31.24,36.00,20.00,MAN,0,74,NaN,74.00,0.00,0.00,74.00,NaN,NaN,NaN,NaN,NaN,NaN,NaN,NaN,NaN,NaN
605.79,36.57,31.28,36.00,20.00,MAN,0,74,NaN,74.00,0.00,0.00,74.00,NaN,NaN,NaN,NaN,NaN,NaN,NaN,NaN,NaN,NaN
606.79,36.55,31.26,36.00,20.00,MAN,0,74,NaN,74.00,0.00,0.00,74.00,NaN,NaN,NaN,NaN,NaN,NaN,NaN,NaN,NaN,NaN
607.79,36.55,31.26,36.00,20.00,MAN,0,74,NaN,74.00,0.00,0.00,74.00,NaN,NaN,NaN,NaN,NaN,NaN,NaN,NaN,NaN,NaN
608.79,36.53,31.26,36.00,20.00,MAN,0,74,NaN,74.00,0.00,0.00,74.00,NaN,NaN,NaN,NaN,NaN,NaN,NaN,NaN,NaN,NaN
609.79,36.52,31.30,36.00,20.00,MAN,0,74,NaN,74.00,0.00,0.00,74.00,NaN,NaN,NaN,NaN,NaN,NaN,NaN,NaN,NaN,NaN
610.79,36.51,31.30,36.00,20.00,MAN,0,74,NaN,74.00,0.00,0.00,74.00,NaN,NaN,NaN,NaN,NaN,NaN,NaN,NaN,NaN,NaN
611.80,36.49,31.35,36.00,20.00,MAN,0,74,NaN,74.00,0.00,0.00,74.00,NaN,NaN,NaN,NaN,NaN,NaN,NaN,NaN,NaN,NaN
612.80,36.48,31.35,36.00,20.00,MAN,0,74,NaN,74.00,0.00,0.00,74.00,NaN,NaN,NaN,NaN,NaN,NaN,NaN,NaN,NaN,NaN
613.80,36.47,31.38,36.00,20.00,MAN,0,74,NaN,74.00,0.00,0.00,74.00,NaN,NaN,NaN,NaN,NaN,NaN,NaN,NaN,NaN,NaN
614.80,36.46,31.38,36.00,20.00,MAN,0,74,NaN,74.00,0.00,0.00,74.00,NaN,NaN,NaN,NaN,NaN,NaN,NaN,NaN,NaN,NaN
615.80,36.45,31.38,36.00,20.00,MAN,0,74,NaN,74.00,0.00,0.00,74.00,NaN,NaN,NaN,NaN,NaN,NaN,NaN,NaN,NaN,NaN
616.81,36.44,31.42,36.00,20.00,MAN,0,74,NaN,74.00,0.00,0.00,74.00,NaN,NaN,NaN,NaN,NaN,NaN,NaN,NaN,NaN,NaN
617.81,36.42,31.42,36.00,20.00,MAN,0,74,NaN,74.00,0.00,0.00,74.00,NaN,NaN,NaN,NaN,NaN,NaN,NaN,NaN,NaN,NaN
618.81,36.41,31.46,36.00,20.00,MAN,0,74,NaN,74.00,0.00,0.00,74.00,NaN,NaN,NaN,NaN,NaN,NaN,NaN,NaN,NaN,NaN
619.81,36.40,31.46,36.00,20.00,MAN,0,74,NaN,74.00,0.00,0.00,74.00,NaN,NaN,NaN,NaN,NaN,NaN,NaN,NaN,NaN,NaN
620.81,36.39,31.51,36.00,20.00,MAN,0,74,NaN,74.00,0.00,0.00,74.00,NaN,NaN,NaN,NaN,NaN,NaN,NaN,NaN,NaN,NaN
621.82,36.38,31.51,36.00,20.00,MAN,0,74,NaN,74.00,0.00,0.00,74.00,NaN,NaN,NaN,NaN,NaN,NaN,NaN,NaN,NaN,NaN
622.81,36.36,31.51,36.00,20.00,MAN,0,74,NaN,74.00,0.00,0.00,74.00,NaN,NaN,NaN,NaN,NaN,NaN,NaN,NaN,NaN,NaN
623.82,36.36,31.53,36.00,20.00,MAN,0,74,NaN,74.00,0.00,0.00,74.00,NaN,NaN,NaN,NaN,NaN,NaN,NaN,NaN,NaN,NaN
624.82,36.33,31.53,36.00,20.00,MAN,0,74,NaN,74.00,0.00,0.00,74.00,NaN,NaN,NaN,NaN,NaN,NaN,NaN,NaN,NaN,NaN
625.82,36.32,31.57,36.00,20.00,MAN,0,74,NaN,74.00,0.00,0.00,74.00,NaN,NaN,NaN,NaN,NaN,NaN,NaN,NaN,NaN,NaN
626.82,36.31,31.61,36.00,20.00,MAN,0,74,NaN,74.00,0.00,0.00,74.00,NaN,NaN,NaN,NaN,NaN,NaN,NaN,NaN,NaN,NaN
627.82,36.29,31.69,36.00,20.00,MAN,0,74,NaN,74.00,0.00,0.00,74.00,NaN,NaN,NaN,NaN,NaN,NaN,NaN,NaN,NaN,NaN
628.82,36.29,31.73,36.00,20.00,MAN,0,74,NaN,74.00,0.00,0.00,74.00,NaN,NaN,NaN,NaN,NaN,NaN,NaN,NaN,NaN,NaN
629.83,36.27,31.73,36.00,20.00,MAN,0,74,NaN,74.00,0.00,0.00,74.00,NaN,NaN,NaN,NaN,NaN,NaN,NaN,NaN,NaN,NaN
630.83,36.26,31.77,36.00,20.00,MAN,0,74,NaN,74.00,0.00,0.00,74.00,NaN,NaN,NaN,NaN,NaN,NaN,NaN,NaN,NaN,NaN
631.83,36.25,31.81,36.00,20.00,MAN,0,74,NaN,74.00,0.00,0.00,74.00,NaN,NaN,NaN,NaN,NaN,NaN,NaN,NaN,NaN,NaN
632.83,36.23,31.85,36.00,20.00,MAN,0,74,NaN,74.00,0.00,0.00,74.00,NaN,NaN,NaN,NaN,NaN,NaN,NaN,NaN,NaN,NaN
633.83,36.22,31.85,36.00,20.00,MAN,0,74,NaN,74.00,0.00,0.00,74.00,NaN,NaN,NaN,NaN,NaN,NaN,NaN,NaN,NaN,NaN
634.83,36.19,31.87,36.00,20.00,MAN,0,74,NaN,74.00,0.00,0.00,74.00,NaN,NaN,NaN,NaN,NaN,NaN,NaN,NaN,NaN,NaN
635.84,36.18,31.92,36.00,20.00,MAN,0,74,NaN,74.00,0.00,0.00,74.00,NaN,NaN,NaN,NaN,NaN,NaN,NaN,NaN,NaN,NaN
636.83,36.17,31.92,36.00,20.00,MAN,0,74,NaN,74.00,0.00,0.00,74.00,NaN,NaN,NaN,NaN,NaN,NaN,NaN,NaN,NaN,NaN
637.84,36.15,31.92,36.00,20.00,MAN,0,74,NaN,74.00,0.00,0.00,74.00,NaN,NaN,NaN,NaN,NaN,NaN,NaN,NaN,NaN,NaN
638.84,36.14,31.96,36.00,20.00,MAN,0,74,NaN,74.00,0.00,0.00,74.00,NaN,NaN,NaN,NaN,NaN,NaN,NaN,NaN,NaN,NaN
639.84,36.13,31.96,36.00,20.00,MAN,0,74,NaN,74.00,0.00,0.00,74.00,NaN,NaN,NaN,NaN,NaN,NaN,NaN,NaN,NaN,NaN
640.84,36.12,31.99,36.00,20.00,MAN,0,74,NaN,74.00,0.00,0.00,74.00,NaN,NaN,NaN,NaN,NaN,NaN,NaN,NaN,NaN,NaN
641.84,36.10,31.99,36.00,20.00,MAN,0,74,NaN,74.00,0.00,0.00,74.00,NaN,NaN,NaN,NaN,NaN,NaN,NaN,NaN,NaN,NaN
642.85,36.08,32.04,36.00,20.00,MAN,0,74,NaN,74.00,0.00,0.00,74.00,NaN,NaN,NaN,NaN,NaN,NaN,NaN,NaN,NaN,NaN
643.85,36.07,32.04,36.00,20.00,MAN,0,74,NaN,74.00,0.00,0.00,74.00,NaN,NaN,NaN,NaN,NaN,NaN,NaN,NaN,NaN,NaN
644.85,36.03,32.08,36.00,20.00,MAN,0,74,NaN,74.00,0.00,0.00,74.00,NaN,NaN,NaN,NaN,NaN,NaN,NaN,NaN,NaN,NaN
645.85,36.03,32.08,36.00,20.00,MAN,0,74,NaN,74.00,0.00,0.00,74.00,NaN,NaN,NaN,NaN,NaN,NaN,NaN,NaN,NaN,NaN
646.85,36.02,32.10,36.00,20.00,MAN,0,74,NaN,74.00,0.00,0.00,74.00,NaN,NaN,NaN,NaN,NaN,NaN,NaN,NaN,NaN,NaN
647.85,36.02,32.10,36.00,20.00,MAN,0,74,NaN,74.00,0.00,0.00,74.00,NaN,NaN,NaN,NaN,NaN,NaN,NaN,NaN,NaN,NaN
648.86,36.02,32.14,36.00,20.00,MAN,0,74,NaN,74.00,0.00,0.00,74.00,NaN,NaN,NaN,NaN,NaN,NaN,NaN,NaN,NaN,NaN
649.86,36.02,32.14,36.00,20.00,MAN,0,74,NaN,74.00,0.00,0.00,74.00,NaN,NaN,NaN,NaN,NaN,NaN,NaN,NaN,NaN,NaN
650.86,36.02,32.19,36.00,20.00,MAN,0,74,NaN,74.00,0.00,0.00,74.00,NaN,NaN,NaN,NaN,NaN,NaN,NaN,NaN,NaN,NaN
651.86,35.98,32.19,36.00,20.00,MAN,0,74,NaN,74.00,0.00,0.00,74.00,NaN,NaN,NaN,NaN,NaN,NaN,NaN,NaN,NaN,NaN
652.86,35.97,32.22,36.00,20.00,MAN,0,74,NaN,74.00,0.00,0.00,74.00,NaN,NaN,NaN,NaN,NaN,NaN,NaN,NaN,NaN,NaN
653.86,35.95,32.22,36.00,20.00,MAN,0,74,NaN,74.00,0.00,0.00,74.00,NaN,NaN,NaN,NaN,NaN,NaN,NaN,NaN,NaN,NaN
654.86,35.94,32.26,36.00,20.00,MAN,0,74,NaN,74.00,0.00,0.00,74.00,NaN,NaN,NaN,NaN,NaN,NaN,NaN,NaN,NaN,NaN
655.87,35.92,32.31,36.00,20.00,MAN,0,74,NaN,74.00,0.00,0.00,74.00,NaN,NaN,NaN,NaN,NaN,NaN,NaN,NaN,NaN,NaN
656.87,35.89,32.31,36.00,20.00,MAN,0,74,NaN,74.00,0.00,0.00,74.00,NaN,NaN,NaN,NaN,NaN,NaN,NaN,NaN,NaN,NaN
657.87,35.88,32.35,36.00,20.00,MAN,0,74,NaN,74.00,0.00,0.00,74.00,NaN,NaN,NaN,NaN,NaN,NaN,NaN,NaN,NaN,NaN
658.87,35.87,32.35,36.00,20.00,MAN,0,74,NaN,74.00,0.00,0.00,74.00,NaN,NaN,NaN,NaN,NaN,NaN,NaN,NaN,NaN,NaN
659.87,35.85,32.38,36.00,20.00,MAN,0,74,NaN,74.00,0.00,0.00,74.00,NaN,NaN,NaN,NaN,NaN,NaN,NaN,NaN,NaN,NaN
660.87,35.84,32.38,36.00,20.00,MAN,0,74,NaN,74.00,0.00,0.00,74.00,NaN,NaN,NaN,NaN,NaN,NaN,NaN,NaN,NaN,NaN
661.88,35.83,32.41,36.00,20.00,MAN,0,74,NaN,74.00,0.00,0.00,74.00,NaN,NaN,NaN,NaN,NaN,NaN,NaN,NaN,NaN,NaN
662.88,35.81,32.41,36.00,20.00,MAN,0,74,NaN,74.00,0.00,0.00,74.00,NaN,NaN,NaN,NaN,NaN,NaN,NaN,NaN,NaN,NaN
663.88,35.80,32.45,36.00,20.00,MAN,0,74,NaN,74.00,0.00,0.00,74.00,NaN,NaN,NaN,NaN,NaN,NaN,NaN,NaN,NaN,NaN
664.88,35.78,32.45,36.00,20.00,MAN,0,74,NaN,74.00,0.00,0.00,74.00,NaN,NaN,NaN,NaN,NaN,NaN,NaN,NaN,NaN,NaN
665.88,35.77,32.49,36.00,20.00,MAN,0,74,NaN,74.00,0.00,0.00,74.00,NaN,NaN,NaN,NaN,NaN,NaN,NaN,NaN,NaN,NaN
666.89,35.75,32.49,36.00,20.00,MAN,0,74,NaN,74.00,0.00,0.00,74.00,NaN,NaN,NaN,NaN,NaN,NaN,NaN,NaN,NaN,NaN
667.89,35.73,32.53,36.00,20.00,MAN,0,74,NaN,74.00,0.00,0.00,74.00,NaN,NaN,NaN,NaN,NaN,NaN,NaN,NaN,NaN,NaN
668.89,35.72,32.53,36.00,20.00,MAN,0,74,NaN,74.00,0.00,0.00,74.00,NaN,NaN,NaN,NaN,NaN,NaN,NaN,NaN,NaN,NaN
669.89,35.71,32.61,36.00,20.00,MAN,0,74,NaN,74.00,0.00,0.00,74.00,NaN,NaN,NaN,NaN,NaN,NaN,NaN,NaN,NaN,NaN
670.89,35.69,32.61,36.00,20.00,MAN,0,74,NaN,74.00,0.00,0.00,74.00,NaN,NaN,NaN,NaN,NaN,NaN,NaN,NaN,NaN,NaN
671.89,35.68,32.65,36.00,20.00,MAN,0,74,NaN,74.00,0.00,0.00,74.00,NaN,NaN,NaN,NaN,NaN,NaN,NaN,NaN,NaN,NaN
672.89,35.67,32.64,36.00,20.00,MAN,0,74,NaN,74.00,0.00,0.00,74.00,NaN,NaN,NaN,NaN,NaN,NaN,NaN,NaN,NaN,NaN
673.89,35.66,32.67,36.00,20.00,MAN,0,74,NaN,74.00,0.00,0.00,74.00,NaN,NaN,NaN,NaN,NaN,NaN,NaN,NaN,NaN,NaN
674.90,35.64,32.67,36.00,20.00,MAN,0,74,NaN,74.00,0.00,0.00,74.00,NaN,NaN,NaN,NaN,NaN,NaN,NaN,NaN,NaN,NaN
675.90,35.63,32.71,36.00,20.00,MAN,0,74,NaN,74.00,0.00,0.00,74.00,NaN,NaN,NaN,NaN,NaN,NaN,NaN,NaN,NaN,NaN
676.90,35.62,32.71,36.00,20.00,MAN,0,74,NaN,74.00,0.00,0.00,74.00,NaN,NaN,NaN,NaN,NaN,NaN,NaN,NaN,NaN,NaN
677.90,35.60,32.76,36.00,20.00,MAN,0,74,NaN,74.00,0.00,0.00,74.00,NaN,NaN,NaN,NaN,NaN,NaN,NaN,NaN,NaN,NaN
678.90,35.58,32.76,36.00,20.00,MAN,0,74,NaN,74.00,0.00,0.00,74.00,NaN,NaN,NaN,NaN,NaN,NaN,NaN,NaN,NaN,NaN
679.90,35.57,32.80,36.00,20.00,MAN,0,74,NaN,74.00,0.00,0.00,74.00,NaN,NaN,NaN,NaN,NaN,NaN,NaN,NaN,NaN,NaN
680.91,35.55,32.80,36.00,20.00,MAN,0,74,NaN,74.00,0.00,0.00,74.00,NaN,NaN,NaN,NaN,NaN,NaN,NaN,NaN,NaN,NaN
681.91,35.54,32.83,36.00,20.00,MAN,0,74,NaN,74.00,0.00,0.00,74.00,NaN,NaN,NaN,NaN,NaN,NaN,NaN,NaN,NaN,NaN
682.91,35.53,32.83,36.00,20.00,MAN,0,74,NaN,74.00,0.00,0.00,74.00,NaN,NaN,NaN,NaN,NaN,NaN,NaN,NaN,NaN,NaN
683.91,35.51,32.87,36.00,20.00,MAN,0,74,NaN,74.00,0.00,0.00,74.00,NaN,NaN,NaN,NaN,NaN,NaN,NaN,NaN,NaN,NaN
684.91,35.50,32.86,36.00,20.00,MAN,0,74,NaN,74.00,0.00,0.00,74.00,NaN,NaN,NaN,NaN,NaN,NaN,NaN,NaN,NaN,NaN
685.92,35.49,32.89,36.00,20.00,MAN,0,74,NaN,74.00,0.00,0.00,74.00,NaN,NaN,NaN,NaN,NaN,NaN,NaN,NaN,NaN,NaN
686.91,35.48,32.89,36.00,20.00,MAN,0,74,NaN,74.00,0.00,0.00,74.00,NaN,NaN,NaN,NaN,NaN,NaN,NaN,NaN,NaN,NaN
687.92,35.44,32.94,36.00,20.00,MAN,0,74,NaN,74.00,0.00,0.00,74.00,NaN,NaN,NaN,NaN,NaN,NaN,NaN,NaN,NaN,NaN
688.92,35.43,32.94,36.00,20.00,MAN,0,74,NaN,74.00,0.00,0.00,74.00,NaN,NaN,NaN,NaN,NaN,NaN,NaN,NaN,NaN,NaN
689.92,35.41,32.98,36.00,20.00,MAN,0,74,NaN,74.00,0.00,0.00,74.00,NaN,NaN,NaN,NaN,NaN,NaN,NaN,NaN,NaN,NaN
690.92,35.39,32.98,36.00,20.00,MAN,0,74,NaN,74.00,0.00,0.00,74.00,NaN,NaN,NaN,NaN,NaN,NaN,NaN,NaN,NaN,NaN
691.92,35.37,33.02,36.00,20.00,MAN,0,74,NaN,74.00,0.00,0.00,74.00,NaN,NaN,NaN,NaN,NaN,NaN,NaN,NaN,NaN,NaN
692.93,35.37,33.02,36.00,20.00,MAN,0,74,NaN,74.00,0.00,0.00,74.00,NaN,NaN,NaN,NaN,NaN,NaN,NaN,NaN,NaN,NaN
693.93,35.35,33.06,36.00,20.00,MAN,0,74,NaN,74.00,0.00,0.00,74.00,NaN,NaN,NaN,NaN,NaN,NaN,NaN,NaN,NaN,NaN
694.93,35.34,33.06,36.00,20.00,MAN,0,74,NaN,74.00,0.00,0.00,74.00,NaN,NaN,NaN,NaN,NaN,NaN,NaN,NaN,NaN,NaN
695.93,35.33,33.04,36.00,20.00,MAN,0,74,NaN,74.00,0.00,0.00,74.00,NaN,NaN,NaN,NaN,NaN,NaN,NaN,NaN,NaN,NaN
696.93,35.31,33.04,36.00,20.00,MAN,0,74,NaN,74.00,0.00,0.00,74.00,NaN,NaN,NaN,NaN,NaN,NaN,NaN,NaN,NaN,NaN
697.93,35.30,33.04,36.00,20.00,MAN,0,74,NaN,74.00,0.00,0.00,74.00,NaN,NaN,NaN,NaN,NaN,NaN,NaN,NaN,NaN,NaN
698.94,35.29,33.09,36.00,20.00,MAN,0,74,NaN,74.00,0.00,0.00,74.00,NaN,NaN,NaN,NaN,NaN,NaN,NaN,NaN,NaN,NaN
699.94,35.29,33.09,36.00,20.00,MAN,0,74,NaN,74.00,0.00,0.00,74.00,NaN,NaN,NaN,NaN,NaN,NaN,NaN,NaN,NaN,NaN
700.94,35.28,33.09,36.00,20.00,MAN,0,74,NaN,74.00,0.00,0.00,74.00,NaN,NaN,NaN,NaN,NaN,NaN,NaN,NaN,NaN,NaN
701.94,35.28,33.09,36.00,20.00,MAN,0,74,NaN,74.00,0.00,0.00,74.00,NaN,NaN,NaN,NaN,NaN,NaN,NaN,NaN,NaN,NaN
702.94,35.27,33.09,36.00,20.00,MAN,0,74,NaN,74.00,0.00,0.00,74.00,NaN,NaN,NaN,NaN,NaN,NaN,NaN,NaN,NaN,NaN
703.94,35.26,33.12,36.00,20.00,MAN,0,74,NaN,74.00,0.00,0.00,74.00,NaN,NaN,NaN,NaN,NaN,NaN,NaN,NaN,NaN,NaN
704.94,35.26,33.12,36.00,20.00,MAN,0,74,NaN,74.00,0.00,0.00,74.00,NaN,NaN,NaN,NaN,NaN,NaN,NaN,NaN,NaN,NaN
705.94,35.25,33.12,36.00,20.00,MAN,0,74,NaN,74.00,0.00,0.00,74.00,NaN,NaN,NaN,NaN,NaN,NaN,NaN,NaN,NaN,NaN
706.95,35.26,33.12,36.00,20.00,MAN,0,74,NaN,74.00,0.00,0.00,74.00,NaN,NaN,NaN,NaN,NaN,NaN,NaN,NaN,NaN,NaN
707.95,35.26,33.16,36.00,20.00,MAN,0,74,NaN,74.00,0.00,0.00,74.00,NaN,NaN,NaN,NaN,NaN,NaN,NaN,NaN,NaN,NaN
708.95,35.27,33.16,36.00,20.00,MAN,0,74,NaN,74.00,0.00,0.00,74.00,NaN,NaN,NaN,NaN,NaN,NaN,NaN,NaN,NaN,NaN
709.95,35.27,33.16,36.00,20.00,MAN,0,74,NaN,74.00,0.00,0.00,74.00,NaN,NaN,NaN,NaN,NaN,NaN,NaN,NaN,NaN,NaN
710.95,35.27,33.16,36.00,20.00,MAN,0,74,NaN,74.00,0.00,0.00,74.00,NaN,NaN,NaN,NaN,NaN,NaN,NaN,NaN,NaN,NaN
711.96,35.27,33.16,36.00,20.00,MAN,0,74,NaN,74.00,0.00,0.00,74.00,NaN,NaN,NaN,NaN,NaN,NaN,NaN,NaN,NaN,NaN
712.96,35.28,33.16,36.00,20.00,MAN,0,74,NaN,74.00,0.00,0.00,74.00,NaN,NaN,NaN,NaN,NaN,NaN,NaN,NaN,NaN,NaN
713.96,35.29,33.12,36.00,20.00,MAN,0,74,NaN,74.00,0.00,0.00,74.00,NaN,NaN,NaN,NaN,NaN,NaN,NaN,NaN,NaN,NaN
714.96,35.30,33.12,36.00,20.00,MAN,0,74,NaN,74.00,0.00,0.00,74.00,NaN,NaN,NaN,NaN,NaN,NaN,NaN,NaN,NaN,NaN
715.96,35.30,33.12,36.00,20.00,MAN,0,74,NaN,74.00,0.00,0.00,74.00,NaN,NaN,NaN,NaN,NaN,NaN,NaN,NaN,NaN,NaN
716.96,35.30,33.12,36.00,20.00,MAN,0,74,NaN,74.00,0.00,0.00,74.00,NaN,NaN,NaN,NaN,NaN,NaN,NaN,NaN,NaN,NaN
717.96,35.33,33.12,36.00,20.00,MAN,0,74,NaN,74.00,0.00,0.00,74.00,NaN,NaN,NaN,NaN,NaN,NaN,NaN,NaN,NaN,NaN
718.97,35.33,33.12,36.00,20.00,MAN,0,74,NaN,74.00,0.00,0.00,74.00,NaN,NaN,NaN,NaN,NaN,NaN,NaN,NaN,NaN,NaN
719.97,35.34,33.10,36.00,20.00,MAN,0,74,NaN,74.00,0.00,0.00,74.00,NaN,NaN,NaN,NaN,NaN,NaN,NaN,NaN,NaN,NaN
720.97,35.37,33.10,36.00,20.00,MAN,0,74,NaN,74.00,0.00,0.00,74.00,NaN,NaN,NaN,NaN,NaN,NaN,NaN,NaN,NaN,NaN
721.97,35.37,33.10,36.00,20.00,MAN,0,74,NaN,74.00,0.00,0.00,74.00,NaN,NaN,NaN,NaN,NaN,NaN,NaN,NaN,NaN,NaN
722.97,35.39,33.06,36.00,20.00,MAN,0,74,NaN,74.00,0.00,0.00,74.00,NaN,NaN,NaN,NaN,NaN,NaN,NaN,NaN,NaN,NaN
723.97,35.42,33.06,36.00,20.00,MAN,0,74,NaN,74.00,0.00,0.00,74.00,NaN,NaN,NaN,NaN,NaN,NaN,NaN,NaN,NaN,NaN
724.98,35.43,33.02,36.00,20.00,MAN,0,74,NaN,74.00,0.00,0.00,74.00,NaN,NaN,NaN,NaN,NaN,NaN,NaN,NaN,NaN,NaN
725.98,35.44,33.02,36.00,20.00,MAN,0,74,NaN,74.00,0.00,0.00,74.00,NaN,NaN,NaN,NaN,NaN,NaN,NaN,NaN,NaN,NaN
726.98,35.44,32.98,36.00,20.00,MAN,0,74,NaN,74.00,0.00,0.00,74.00,NaN,NaN,NaN,NaN,NaN,NaN,NaN,NaN,NaN,NaN
727.98,35.45,32.98,36.00,20.00,MAN,0,74,NaN,74.00,0.00,0.00,74.00,NaN,NaN,NaN,NaN,NaN,NaN,NaN,NaN,NaN,NaN
728.98,35.47,32.98,36.00,20.00,MAN,0,74,NaN,74.00,0.00,0.00,74.00,NaN,NaN,NaN,NaN,NaN,NaN,NaN,NaN,NaN,NaN
729.98,35.48,32.94,36.00,20.00,MAN,0,74,NaN,74.00,0.00,0.00,74.00,NaN,NaN,NaN,NaN,NaN,NaN,NaN,NaN,NaN,NaN
730.99,35.49,32.94,36.00,20.00,MAN,0,74,NaN,74.00,0.00,0.00,74.00,NaN,NaN,NaN,NaN,NaN,NaN,NaN,NaN,NaN,NaN
731.99,35.52,32.96,36.00,20.00,MAN,0,74,NaN,74.00,0.00,0.00,74.00,NaN,NaN,NaN,NaN,NaN,NaN,NaN,NaN,NaN,NaN
732.99,35.53,32.92,36.00,20.00,MAN,0,74,NaN,74.00,0.00,0.00,74.00,NaN,NaN,NaN,NaN,NaN,NaN,NaN,NaN,NaN,NaN
733.99,35.56,32.92,36.00,20.00,MAN,0,74,NaN,74.00,0.00,0.00,74.00,NaN,NaN,NaN,NaN,NaN,NaN,NaN,NaN,NaN,NaN
734.99,35.59,32.87,36.00,20.00,MAN,0,74,NaN,74.00,0.00,0.00,74.00,NaN,NaN,NaN,NaN,NaN,NaN,NaN,NaN,NaN,NaN
735.99,35.63,32.83,36.00,20.00,MAN,0,74,NaN,74.00,0.00,0.00,74.00,NaN,NaN,NaN,NaN,NaN,NaN,NaN,NaN,NaN,NaN
736.99,35.63,32.80,36.00,20.00,MAN,0,74,NaN,74.00,0.00,0.00,74.00,NaN,NaN,NaN,NaN,NaN,NaN,NaN,NaN,NaN,NaN
738.00,35.65,32.80,36.00,20.00,MAN,0,74,NaN,74.00,0.00,0.00,74.00,NaN,NaN,NaN,NaN,NaN,NaN,NaN,NaN,NaN,NaN
739.00,35.67,32.76,36.00,20.00,MAN,0,74,NaN,74.00,0.00,0.00,74.00,NaN,NaN,NaN,NaN,NaN,NaN,NaN,NaN,NaN,NaN
740.00,35.67,32.77,36.00,20.00,MAN,0,74,NaN,74.00,0.00,0.00,74.00,NaN,NaN,NaN,NaN,NaN,NaN,NaN,NaN,NaN,NaN
741.00,35.69,32.73,36.00,20.00,MAN,0,74,NaN,74.00,0.00,0.00,74.00,NaN,NaN,NaN,NaN,NaN,NaN,NaN,NaN,NaN,NaN
742.00,35.71,32.73,36.00,20.00,MAN,0,74,NaN,74.00,0.00,0.00,74.00,NaN,NaN,NaN,NaN,NaN,NaN,NaN,NaN,NaN,NaN
743.00,35.72,32.69,36.00,20.00,MAN,0,74,NaN,74.00,0.00,0.00,74.00,NaN,NaN,NaN,NaN,NaN,NaN,NaN,NaN,NaN,NaN
744.01,35.74,32.69,36.00,20.00,MAN,0,74,NaN,74.00,0.00,0.00,74.00,NaN,NaN,NaN,NaN,NaN,NaN,NaN,NaN,NaN,NaN
745.01,35.77,32.65,36.00,20.00,MAN,0,74,NaN,74.00,0.00,0.00,74.00,NaN,NaN,NaN,NaN,NaN,NaN,NaN,NaN,NaN,NaN
746.01,35.79,32.61,36.00,20.00,MAN,0,74,NaN,74.00,0.00,0.00,74.00,NaN,NaN,NaN,NaN,NaN,NaN,NaN,NaN,NaN,NaN
747.01,35.82,32.61,36.00,20.00,MAN,0,74,NaN,74.00,0.00,0.00,74.00,NaN,NaN,NaN,NaN,NaN,NaN,NaN,NaN,NaN,NaN
748.01,35.84,32.54,36.00,20.00,MAN,0,74,NaN,74.00,0.00,0.00,74.00,NaN,NaN,NaN,NaN,NaN,NaN,NaN,NaN,NaN,NaN
749.01,35.87,32.51,36.00,20.00,MAN,0,74,NaN,74.00,0.00,0.00,74.00,NaN,NaN,NaN,NaN,NaN,NaN,NaN,NaN,NaN,NaN
750.01,35.88,32.47,36.00,20.00,MAN,0,74,NaN,74.00,0.00,0.00,74.00,NaN,NaN,NaN,NaN,NaN,NaN,NaN,NaN,NaN,NaN
751.01,35.92,32.47,36.00,20.00,MAN,0,74,NaN,74.00,0.00,0.00,74.00,NaN,NaN,NaN,NaN,NaN,NaN,NaN,NaN,NaN,NaN
752.02,35.94,32.42,36.00,20.00,MAN,0,74,NaN,74.00,0.00,0.00,74.00,NaN,NaN,NaN,NaN,NaN,NaN,NaN,NaN,NaN,NaN
753.02,35.96,32.38,36.00,20.00,MAN,0,74,NaN,74.00,0.00,0.00,74.00,NaN,NaN,NaN,NaN,NaN,NaN,NaN,NaN,NaN,NaN
754.02,35.99,32.38,36.00,20.00,MAN,0,74,NaN,74.00,0.00,0.00,74.00,NaN,NaN,NaN,NaN,NaN,NaN,NaN,NaN,NaN,NaN
755.02,36.02,32.35,36.00,20.00,MAN,0,74,NaN,74.00,0.00,0.00,74.00,NaN,NaN,NaN,NaN,NaN,NaN,NaN,NaN,NaN,NaN
756.02,36.02,32.31,36.00,20.00,MAN,0,74,NaN,74.00,0.00,0.00,74.00,NaN,NaN,NaN,NaN,NaN,NaN,NaN,NaN,NaN,NaN
757.03,36.03,32.32,36.00,20.00,MAN,0,74,NaN,74.00,0.00,0.00,74.00,NaN,NaN,NaN,NaN,NaN,NaN,NaN,NaN,NaN,NaN
758.03,36.03,32.28,36.00,20.00,MAN,0,74,NaN,74.00,0.00,0.00,74.00,NaN,NaN,NaN,NaN,NaN,NaN,NaN,NaN,NaN,NaN
759.03,36.06,32.24,36.00,20.00,MAN,0,74,NaN,74.00,0.00,0.00,74.00,NaN,NaN,NaN,NaN,NaN,NaN,NaN,NaN,NaN,NaN
760.03,36.10,32.24,36.00,20.00,MAN,0,74,NaN,74.00,0.00,0.00,74.00,NaN,NaN,NaN,NaN,NaN,NaN,NaN,NaN,NaN,NaN
761.03,36.12,32.20,36.00,20.00,MAN,0,74,NaN,74.00,0.00,0.00,74.00,NaN,NaN,NaN,NaN,NaN,NaN,NaN,NaN,NaN,NaN
762.03,36.14,32.16,36.00,20.00,MAN,0,74,NaN,74.00,0.00,0.00,74.00,NaN,NaN,NaN,NaN,NaN,NaN,NaN,NaN,NaN,NaN
763.04,36.17,32.12,36.00,20.00,MAN,0,74,NaN,74.00,0.00,0.00,74.00,NaN,NaN,NaN,NaN,NaN,NaN,NaN,NaN,NaN,NaN
764.04,36.19,32.12,36.00,20.00,MAN,0,74,NaN,74.00,0.00,0.00,74.00,NaN,NaN,NaN,NaN,NaN,NaN,NaN,NaN,NaN,NaN
765.04,36.21,32.08,36.00,20.00,MAN,0,74,NaN,74.00,0.00,0.00,74.00,NaN,NaN,NaN,NaN,NaN,NaN,NaN,NaN,NaN,NaN
766.04,36.24,32.06,36.00,20.00,MAN,0,74,NaN,74.00,0.00,0.00,74.00,NaN,NaN,NaN,NaN,NaN,NaN,NaN,NaN,NaN,NaN
767.04,36.26,32.06,36.00,20.00,MAN,0,74,NaN,74.00,0.00,0.00,74.00,NaN,NaN,NaN,NaN,NaN,NaN,NaN,NaN,NaN,NaN
768.04,36.29,32.02,36.00,20.00,MAN,0,74,NaN,74.00,0.00,0.00,74.00,NaN,NaN,NaN,NaN,NaN,NaN,NaN,NaN,NaN,NaN
769.04,36.31,31.97,36.00,20.00,MAN,0,74,NaN,74.00,0.00,0.00,74.00,NaN,NaN,NaN,NaN,NaN,NaN,NaN,NaN,NaN,NaN
770.05,36.32,31.93,36.00,20.00,MAN,0,74,NaN,74.00,0.00,0.00,74.00,NaN,NaN,NaN,NaN,NaN,NaN,NaN,NaN,NaN,NaN
771.05,36.33,31.93,36.00,20.00,MAN,0,74,NaN,74.00,0.00,0.00,74.00,NaN,NaN,NaN,NaN,NaN,NaN,NaN,NaN,NaN,NaN
772.05,36.34,31.90,36.00,20.00,MAN,0,74,NaN,74.00,0.00,0.00,74.00,NaN,NaN,NaN,NaN,NaN,NaN,NaN,NaN,NaN,NaN
773.05,36.37,31.91,36.00,20.00,MAN,0,74,NaN,74.00,0.00,0.00,74.00,NaN,NaN,NaN,NaN,NaN,NaN,NaN,NaN,NaN,NaN
774.05,36.38,31.87,36.00,20.00,MAN,0,74,NaN,74.00,0.00,0.00,74.00,NaN,NaN,NaN,NaN,NaN,NaN,NaN,NaN,NaN,NaN
775.05,36.40,31.87,36.00,20.00,MAN,0,74,NaN,74.00,0.00,0.00,74.00,NaN,NaN,NaN,NaN,NaN,NaN,NaN,NaN,NaN,NaN
776.06,36.42,31.83,36.00,20.00,MAN,0,74,NaN,74.00,0.00,0.00,74.00,NaN,NaN,NaN,NaN,NaN,NaN,NaN,NaN,NaN,NaN
777.06,36.44,31.83,36.00,20.00,MAN,0,74,NaN,74.00,0.00,0.00,74.00,NaN,NaN,NaN,NaN,NaN,NaN,NaN,NaN,NaN,NaN
778.06,36.47,31.79,36.00,20.00,MAN,0,74,NaN,74.00,0.00,0.00,74.00,NaN,NaN,NaN,NaN,NaN,NaN,NaN,NaN,NaN,NaN
779.06,36.47,31.75,36.00,20.00,MAN,0,74,NaN,74.00,0.00,0.00,74.00,NaN,NaN,NaN,NaN,NaN,NaN,NaN,NaN,NaN,NaN
780.06,36.49,31.75,36.00,20.00,MAN,0,74,NaN,74.00,0.00,0.00,74.00,NaN,NaN,NaN,NaN,NaN,NaN,NaN,NaN,NaN,NaN
781.06,36.52,31.75,36.00,20.00,MAN,0,74,NaN,74.00,0.00,0.00,74.00,NaN,NaN,NaN,NaN,NaN,NaN,NaN,NaN,NaN,NaN
782.07,36.54,31.70,36.00,20.00,MAN,0,74,NaN,74.00,0.00,0.00,74.00,NaN,NaN,NaN,NaN,NaN,NaN,NaN,NaN,NaN,NaN
783.07,36.57,31.64,36.00,20.00,MAN,0,74,NaN,74.00,0.00,0.00,74.00,NaN,NaN,NaN,NaN,NaN,NaN,NaN,NaN,NaN,NaN
784.07,36.58,31.64,36.00,20.00,MAN,0,74,NaN,74.00,0.00,0.00,74.00,NaN,NaN,NaN,NaN,NaN,NaN,NaN,NaN,NaN,NaN
785.07,36.60,31.61,36.00,20.00,MAN,0,74,NaN,74.00,0.00,0.00,74.00,NaN,NaN,NaN,NaN,NaN,NaN,NaN,NaN,NaN,NaN
786.07,36.62,31.56,36.00,20.00,MAN,0,74,NaN,74.00,0.00,0.00,74.00,NaN,NaN,NaN,NaN,NaN,NaN,NaN,NaN,NaN,NaN
787.07,36.63,31.56,36.00,20.00,MAN,0,74,NaN,74.00,0.00,0.00,74.00,NaN,NaN,NaN,NaN,NaN,NaN,NaN,NaN,NaN,NaN
788.07,36.68,31.52,36.00,20.00,MAN,0,74,NaN,74.00,0.00,0.00,74.00,NaN,NaN,NaN,NaN,NaN,NaN,NaN,NaN,NaN,NaN
789.08,36.70,31.52,36.00,20.00,MAN,0,74,NaN,74.00,0.00,0.00,74.00,NaN,NaN,NaN,NaN,NaN,NaN,NaN,NaN,NaN,NaN
790.08,36.71,31.50,36.00,20.00,MAN,0,74,NaN,74.00,0.00,0.00,74.00,NaN,NaN,NaN,NaN,NaN,NaN,NaN,NaN,NaN,NaN
791.08,36.72,31.50,36.00,20.00,MAN,0,74,NaN,74.00,0.00,0.00,74.00,NaN,NaN,NaN,NaN,NaN,NaN,NaN,NaN,NaN,NaN
792.08,36.72,31.46,36.00,20.00,MAN,0,74,NaN,74.00,0.00,0.00,74.00,NaN,NaN,NaN,NaN,NaN,NaN,NaN,NaN,NaN,NaN
793.08,36.73,31.46,36.00,20.00,MAN,0,74,NaN,74.00,0.00,0.00,74.00,NaN,NaN,NaN,NaN,NaN,NaN,NaN,NaN,NaN,NaN
794.08,36.73,31.46,36.00,20.00,MAN,0,74,NaN,74.00,0.00,0.00,74.00,NaN,NaN,NaN,NaN,NaN,NaN,NaN,NaN,NaN,NaN
795.09,36.74,31.46,36.00,20.00,MAN,0,74,NaN,74.00,0.00,0.00,74.00,NaN,NaN,NaN,NaN,NaN,NaN,NaN,NaN,NaN,NaN
796.09,36.75,31.41,36.00,20.00,MAN,0,74,NaN,74.00,0.00,0.00,74.00,NaN,NaN,NaN,NaN,NaN,NaN,NaN,NaN,NaN,NaN
797.09,36.75,31.41,36.00,20.00,MAN,0,74,NaN,74.00,0.00,0.00,74.00,NaN,NaN,NaN,NaN,NaN,NaN,NaN,NaN,NaN,NaN
798.09,36.75,31.38,36.00,20.00,MAN,0,74,NaN,74.00,0.00,0.00,74.00,NaN,NaN,NaN,NaN,NaN,NaN,NaN,NaN,NaN,NaN
799.09,36.76,31.38,36.00,20.00,MAN,0,74,NaN,74.00,0.00,0.00,74.00,NaN,NaN,NaN,NaN,NaN,NaN,NaN,NaN,NaN,NaN
800.10,36.77,31.38,36.00,20.00,MAN,0,74,NaN,74.00,0.00,0.00,74.00,NaN,NaN,NaN,NaN,NaN,NaN,NaN,NaN,NaN,NaN
801.09,36.77,31.38,36.00,20.00,MAN,0,74,NaN,74.00,0.00,0.00,74.00,NaN,NaN,NaN,NaN,NaN,NaN,NaN,NaN,NaN,NaN
802.10,36.78,31.38,36.00,20.00,MAN,0,74,NaN,74.00,0.00,0.00,74.00,NaN,NaN,NaN,NaN,NaN,NaN,NaN,NaN,NaN,NaN
803.10,36.80,31.38,36.00,20.00,MAN,0,74,NaN,74.00,0.00,0.00,74.00,NaN,NaN,NaN,NaN,NaN,NaN,NaN,NaN,NaN,NaN
804.10,36.78,31.34,36.00,20.00,MAN,0,74,NaN,74.00,0.00,0.00,74.00,NaN,NaN,NaN,NaN,NaN,NaN,NaN,NaN,NaN,NaN
805.10,36.78,31.34,36.00,20.00,MAN,0,74,NaN,74.00,0.00,0.00,74.00,NaN,NaN,NaN,NaN,NaN,NaN,NaN,NaN,NaN,NaN
806.10,36.78,31.34,36.00,20.00,MAN,0,74,NaN,74.00,0.00,0.00,74.00,NaN,NaN,NaN,NaN,NaN,NaN,NaN,NaN,NaN,NaN
807.10,36.78,31.34,36.00,20.00,MAN,0,74,NaN,74.00,0.00,0.00,74.00,NaN,NaN,NaN,NaN,NaN,NaN,NaN,NaN,NaN,NaN
808.11,36.78,31.34,36.00,20.00,MAN,0,74,NaN,74.00,0.00,0.00,74.00,NaN,NaN,NaN,NaN,NaN,NaN,NaN,NaN,NaN,NaN
809.11,36.78,31.34,36.00,20.00,MAN,0,74,NaN,74.00,0.00,0.00,74.00,NaN,NaN,NaN,NaN,NaN,NaN,NaN,NaN,NaN,NaN
810.11,36.78,31.38,36.00,20.00,MAN,0,74,NaN,74.00,0.00,0.00,74.00,NaN,NaN,NaN,NaN,NaN,NaN,NaN,NaN,NaN,NaN
811.11,36.78,31.38,36.00,20.00,MAN,0,74,NaN,74.00,0.00,0.00,74.00,NaN,NaN,NaN,NaN,NaN,NaN,NaN,NaN,NaN,NaN
812.11,36.77,31.38,36.00,20.00,MAN,0,74,NaN,74.00,0.00,0.00,74.00,NaN,NaN,NaN,NaN,NaN,NaN,NaN,NaN,NaN,NaN
813.12,36.77,31.38,36.00,20.00,MAN,0,74,NaN,74.00,0.00,0.00,74.00,NaN,NaN,NaN,NaN,NaN,NaN,NaN,NaN,NaN,NaN
814.12,36.76,31.38,36.00,20.00,MAN,0,74,NaN,74.00,0.00,0.00,74.00,NaN,NaN,NaN,NaN,NaN,NaN,NaN,NaN,NaN,NaN
815.12,36.76,31.41,36.00,20.00,MAN,0,74,NaN,74.00,0.00,0.00,74.00,NaN,NaN,NaN,NaN,NaN,NaN,NaN,NaN,NaN,NaN
816.12,36.76,31.41,36.00,20.00,MAN,0,74,NaN,74.00,0.00,0.00,74.00,NaN,NaN,NaN,NaN,NaN,NaN,NaN,NaN,NaN,NaN
817.12,36.75,31.38,36.00,20.00,MAN,0,74,NaN,74.00,0.00,0.00,74.00,NaN,NaN,NaN,NaN,NaN,NaN,NaN,NaN,NaN,NaN
818.12,36.75,31.38,36.00,20.00,MAN,0,74,NaN,74.00,0.00,0.00,74.00,NaN,NaN,NaN,NaN,NaN,NaN,NaN,NaN,NaN,NaN
819.12,36.74,31.41,36.00,20.00,MAN,0,74,NaN,74.00,0.00,0.00,74.00,NaN,NaN,NaN,NaN,NaN,NaN,NaN,NaN,NaN,NaN
820.12,36.73,31.38,36.00,20.00,MAN,0,74,NaN,74.00,0.00,0.00,74.00,NaN,NaN,NaN,NaN,NaN,NaN,NaN,NaN,NaN,NaN
821.13,36.73,31.41,36.00,20.00,MAN,0,74,NaN,74.00,0.00,0.00,74.00,NaN,NaN,NaN,NaN,NaN,NaN,NaN,NaN,NaN,NaN
822.13,36.72,31.41,36.00,20.00,MAN,0,74,NaN,74.00,0.00,0.00,74.00,NaN,NaN,NaN,NaN,NaN,NaN,NaN,NaN,NaN,NaN
823.13,36.72,31.41,36.00,20.00,MAN,0,74,NaN,74.00,0.00,0.00,74.00,NaN,NaN,NaN,NaN,NaN,NaN,NaN,NaN,NaN,NaN
824.13,36.71,31.46,36.00,20.00,MAN,0,74,NaN,74.00,0.00,0.00,74.00,NaN,NaN,NaN,NaN,NaN,NaN,NaN,NaN,NaN,NaN
825.13,36.71,31.46,36.00,20.00,MAN,0,74,NaN,74.00,0.00,0.00,74.00,NaN,NaN,NaN,NaN,NaN,NaN,NaN,NaN,NaN,NaN
826.13,36.70,31.44,36.00,20.00,MAN,0,74,NaN,74.00,0.00,0.00,74.00,NaN,NaN,NaN,NaN,NaN,NaN,NaN,NaN,NaN,NaN
827.14,36.69,31.44,36.00,20.00,MAN,0,74,NaN,74.00,0.00,0.00,74.00,NaN,NaN,NaN,NaN,NaN,NaN,NaN,NaN,NaN,NaN
828.14,36.69,31.44,36.00,20.00,MAN,0,74,NaN,74.00,0.00,0.00,74.00,NaN,NaN,NaN,NaN,NaN,NaN,NaN,NaN,NaN,NaN
829.14,36.68,31.44,36.00,20.00,MAN,0,74,NaN,74.00,0.00,0.00,74.00,NaN,NaN,NaN,NaN,NaN,NaN,NaN,NaN,NaN,NaN
830.14,36.67,31.48,36.00,20.00,MAN,0,74,NaN,74.00,0.00,0.00,74.00,NaN,NaN,NaN,NaN,NaN,NaN,NaN,NaN,NaN,NaN
831.14,36.66,31.48,36.00,20.00,MAN,0,74,NaN,74.00,0.00,0.00,74.00,NaN,NaN,NaN,NaN,NaN,NaN,NaN,NaN,NaN,NaN
832.15,36.64,31.48,36.00,20.00,MAN,0,74,NaN,74.00,0.00,0.00,74.00,NaN,NaN,NaN,NaN,NaN,NaN,NaN,NaN,NaN,NaN
833.14,36.63,31.52,36.00,20.00,MAN,0,74,NaN,74.00,0.00,0.00,74.00,NaN,NaN,NaN,NaN,NaN,NaN,NaN,NaN,NaN,NaN
834.15,36.63,31.52,36.00,20.00,MAN,0,74,NaN,74.00,0.00,0.00,74.00,NaN,NaN,NaN,NaN,NaN,NaN,NaN,NaN,NaN,NaN
835.15,36.62,31.52,36.00,20.00,MAN,0,74,NaN,74.00,0.00,0.00,74.00,NaN,NaN,NaN,NaN,NaN,NaN,NaN,NaN,NaN,NaN
836.15,36.61,31.56,36.00,20.00,MAN,0,74,NaN,74.00,0.00,0.00,74.00,NaN,NaN,NaN,NaN,NaN,NaN,NaN,NaN,NaN,NaN
837.15,36.60,31.56,36.00,20.00,MAN,0,74,NaN,74.00,0.00,0.00,74.00,NaN,NaN,NaN,NaN,NaN,NaN,NaN,NaN,NaN,NaN
838.15,36.59,31.61,36.00,20.00,MAN,0,74,NaN,74.00,0.00,0.00,74.00,NaN,NaN,NaN,NaN,NaN,NaN,NaN,NaN,NaN,NaN
839.16,36.57,31.61,36.00,20.00,MAN,0,74,NaN,74.00,0.00,0.00,74.00,NaN,NaN,NaN,NaN,NaN,NaN,NaN,NaN,NaN,NaN
840.16,36.56,31.64,36.00,20.00,MAN,0,74,NaN,74.00,0.00,0.00,74.00,NaN,NaN,NaN,NaN,NaN,NaN,NaN,NaN,NaN,NaN
841.16,36.55,31.64,36.00,20.00,MAN,0,74,NaN,74.00,0.00,0.00,74.00,NaN,NaN,NaN,NaN,NaN,NaN,NaN,NaN,NaN,NaN
842.16,36.54,31.70,36.00,20.00,MAN,0,74,NaN,74.00,0.00,0.00,74.00,NaN,NaN,NaN,NaN,NaN,NaN,NaN,NaN,NaN,NaN
843.16,36.53,31.70,36.00,20.00,MAN,0,74,NaN,74.00,0.00,0.00,74.00,NaN,NaN,NaN,NaN,NaN,NaN,NaN,NaN,NaN,NaN
844.16,36.52,31.75,36.00,20.00,MAN,0,74,NaN,74.00,0.00,0.00,74.00,NaN,NaN,NaN,NaN,NaN,NaN,NaN,NaN,NaN,NaN
845.17,36.51,31.75,36.00,20.00,MAN,0,74,NaN,74.00,0.00,0.00,74.00,NaN,NaN,NaN,NaN,NaN,NaN,NaN,NaN,NaN,NaN
846.17,36.48,31.79,36.00,20.00,MAN,0,74,NaN,74.00,0.00,0.00,74.00,NaN,NaN,NaN,NaN,NaN,NaN,NaN,NaN,NaN,NaN
847.17,36.48,31.79,36.00,20.00,MAN,0,74,NaN,74.00,0.00,0.00,74.00,NaN,NaN,NaN,NaN,NaN,NaN,NaN,NaN,NaN,NaN
848.17,36.46,31.83,36.00,20.00,MAN,0,74,NaN,74.00,0.00,0.00,74.00,NaN,NaN,NaN,NaN,NaN,NaN,NaN,NaN,NaN,NaN
849.17,36.46,31.83,36.00,20.00,MAN,0,74,NaN,74.00,0.00,0.00,74.00,NaN,NaN,NaN,NaN,NaN,NaN,NaN,NaN,NaN,NaN
850.17,36.44,31.87,36.00,20.00,MAN,0,74,NaN,74.00,0.00,0.00,74.00,NaN,NaN,NaN,NaN,NaN,NaN,NaN,NaN,NaN,NaN
851.18,36.43,31.87,36.00,20.00,MAN,0,74,NaN,74.00,0.00,0.00,74.00,NaN,NaN,NaN,NaN,NaN,NaN,NaN,NaN,NaN,NaN
852.17,36.42,31.91,36.00,20.00,MAN,0,74,NaN,74.00,0.00,0.00,74.00,NaN,NaN,NaN,NaN,NaN,NaN,NaN,NaN,NaN,NaN
853.18,36.41,31.91,36.00,20.00,MAN,0,74,NaN,74.00,0.00,0.00,74.00,NaN,NaN,NaN,NaN,NaN,NaN,NaN,NaN,NaN,NaN
854.18,36.39,31.95,36.00,20.00,MAN,0,74,NaN,74.00,0.00,0.00,74.00,NaN,NaN,NaN,NaN,NaN,NaN,NaN,NaN,NaN,NaN
855.18,36.38,31.95,36.00,20.00,MAN,0,74,NaN,74.00,0.00,0.00,74.00,NaN,NaN,NaN,NaN,NaN,NaN,NaN,NaN,NaN,NaN
856.18,36.37,31.97,36.00,20.00,MAN,0,74,NaN,74.00,0.00,0.00,74.00,NaN,NaN,NaN,NaN,NaN,NaN,NaN,NaN,NaN,NaN
857.18,36.36,31.97,36.00,20.00,MAN,0,74,NaN,74.00,0.00,0.00,74.00,NaN,NaN,NaN,NaN,NaN,NaN,NaN,NaN,NaN,NaN
858.19,36.34,31.97,36.00,20.00,MAN,0,74,NaN,74.00,0.00,0.00,74.00,NaN,NaN,NaN,NaN,NaN,NaN,NaN,NaN,NaN,NaN
859.19,36.32,32.02,36.00,20.00,MAN,0,74,NaN,74.00,0.00,0.00,74.00,NaN,NaN,NaN,NaN,NaN,NaN,NaN,NaN,NaN,NaN
860.19,36.31,32.06,36.00,20.00,MAN,0,74,NaN,74.00,0.00,0.00,74.00,NaN,NaN,NaN,NaN,NaN,NaN,NaN,NaN,NaN,NaN
861.19,36.30,32.06,36.00,20.00,MAN,0,74,NaN,74.00,0.00,0.00,74.00,NaN,NaN,NaN,NaN,NaN,NaN,NaN,NaN,NaN,NaN
862.19,36.29,32.09,36.00,20.00,MAN,0,74,NaN,74.00,0.00,0.00,74.00,NaN,NaN,NaN,NaN,NaN,NaN,NaN,NaN,NaN,NaN
863.21,36.27,32.13,36.00,20.00,MAN,0,74,NaN,74.00,0.00,0.00,74.00,NaN,NaN,NaN,NaN,NaN,NaN,NaN,NaN,NaN,NaN
864.20,36.27,32.13,36.00,20.00,MAN,0,74,NaN,74.00,0.00,0.00,74.00,NaN,NaN,NaN,NaN,NaN,NaN,NaN,NaN,NaN,NaN
865.20,36.25,32.18,36.00,20.00,MAN,0,74,NaN,74.00,0.00,0.00,74.00,NaN,NaN,NaN,NaN,NaN,NaN,NaN,NaN,NaN,NaN
866.20,36.23,32.18,36.00,20.00,MAN,0,74,NaN,74.00,0.00,0.00,74.00,NaN,NaN,NaN,NaN,NaN,NaN,NaN,NaN,NaN,NaN
867.20,36.23,32.22,36.00,20.00,MAN,0,74,NaN,74.00,0.00,0.00,74.00,NaN,NaN,NaN,NaN,NaN,NaN,NaN,NaN,NaN,NaN
868.20,36.21,32.20,36.00,20.00,MAN,0,74,NaN,74.00,0.00,0.00,74.00,NaN,NaN,NaN,NaN,NaN,NaN,NaN,NaN,NaN,NaN
869.21,36.19,32.24,36.00,20.00,MAN,0,74,NaN,74.00,0.00,0.00,74.00,NaN,NaN,NaN,NaN,NaN,NaN,NaN,NaN,NaN,NaN
870.20,36.17,32.24,36.00,20.00,MAN,0,74,NaN,74.00,0.00,0.00,74.00,NaN,NaN,NaN,NaN,NaN,NaN,NaN,NaN,NaN,NaN
871.21,36.16,32.28,36.00,20.00,MAN,0,74,NaN,74.00,0.00,0.00,74.00,NaN,NaN,NaN,NaN,NaN,NaN,NaN,NaN,NaN,NaN
872.21,36.14,32.28,36.00,20.00,MAN,0,74,NaN,74.00,0.00,0.00,74.00,NaN,NaN,NaN,NaN,NaN,NaN,NaN,NaN,NaN,NaN
873.21,36.14,32.32,36.00,20.00,MAN,0,74,NaN,74.00,0.00,0.00,74.00,NaN,NaN,NaN,NaN,NaN,NaN,NaN,NaN,NaN,NaN
874.21,36.12,32.32,36.00,20.00,MAN,0,74,NaN,74.00,0.00,0.00,74.00,NaN,NaN,NaN,NaN,NaN,NaN,NaN,NaN,NaN,NaN
875.21,36.10,32.36,36.00,20.00,MAN,0,74,NaN,74.00,0.00,0.00,74.00,NaN,NaN,NaN,NaN,NaN,NaN,NaN,NaN,NaN,NaN
876.21,36.09,32.36,36.00,20.00,MAN,0,74,NaN,74.00,0.00,0.00,74.00,NaN,NaN,NaN,NaN,NaN,NaN,NaN,NaN,NaN,NaN
877.22,36.07,32.40,36.00,20.00,MAN,0,74,NaN,74.00,0.00,0.00,74.00,NaN,NaN,NaN,NaN,NaN,NaN,NaN,NaN,NaN,NaN
878.22,36.04,32.40,36.00,20.00,MAN,0,74,NaN,74.00,0.00,0.00,74.00,NaN,NaN,NaN,NaN,NaN,NaN,NaN,NaN,NaN,NaN
879.22,36.03,32.44,36.00,20.00,MAN,0,74,NaN,74.00,0.00,0.00,74.00,NaN,NaN,NaN,NaN,NaN,NaN,NaN,NaN,NaN,NaN
880.22,36.02,32.42,36.00,20.00,MAN,0,74,NaN,74.00,0.00,0.00,74.00,NaN,NaN,NaN,NaN,NaN,NaN,NaN,NaN,NaN,NaN
881.22,36.02,32.47,36.00,20.00,MAN,0,74,NaN,74.00,0.00,0.00,74.00,NaN,NaN,NaN,NaN,NaN,NaN,NaN,NaN,NaN,NaN
882.22,36.02,32.47,36.00,20.00,MAN,0,74,NaN,74.00,0.00,0.00,74.00,NaN,NaN,NaN,NaN,NaN,NaN,NaN,NaN,NaN,NaN
883.22,36.02,32.51,36.00,20.00,MAN,0,74,NaN,74.00,0.00,0.00,74.00,NaN,NaN,NaN,NaN,NaN,NaN,NaN,NaN,NaN,NaN
884.23,36.02,32.51,36.00,20.00,MAN,0,74,NaN,74.00,0.00,0.00,74.00,NaN,NaN,NaN,NaN,NaN,NaN,NaN,NaN,NaN,NaN
885.23,35.99,32.54,36.00,20.00,MAN,0,74,NaN,74.00,0.00,0.00,74.00,NaN,NaN,NaN,NaN,NaN,NaN,NaN,NaN,NaN,NaN
886.23,35.97,32.54,36.00,20.00,MAN,0,74,NaN,74.00,0.00,0.00,74.00,NaN,NaN,NaN,NaN,NaN,NaN,NaN,NaN,NaN,NaN
887.23,35.95,32.54,36.00,20.00,MAN,0,74,NaN,74.00,0.00,0.00,74.00,NaN,NaN,NaN,NaN,NaN,NaN,NaN,NaN,NaN,NaN
888.23,35.94,32.63,36.00,20.00,MAN,0,74,NaN,74.00,0.00,0.00,74.00,NaN,NaN,NaN,NaN,NaN,NaN,NaN,NaN,NaN,NaN
889.24,35.93,32.63,36.00,20.00,MAN,0,74,NaN,74.00,0.00,0.00,74.00,NaN,NaN,NaN,NaN,NaN,NaN,NaN,NaN,NaN,NaN
890.24,35.90,32.67,36.00,20.00,MAN,0,74,NaN,74.00,0.00,0.00,74.00,NaN,NaN,NaN,NaN,NaN,NaN,NaN,NaN,NaN,NaN
891.24,35.88,32.67,36.00,20.00,MAN,0,74,NaN,74.00,0.00,0.00,74.00,NaN,NaN,NaN,NaN,NaN,NaN,NaN,NaN,NaN,NaN
892.24,35.87,32.70,36.00,20.00,MAN,0,74,NaN,74.00,0.00,0.00,74.00,NaN,NaN,NaN,NaN,NaN,NaN,NaN,NaN,NaN,NaN
893.24,35.86,32.70,36.00,20.00,MAN,0,74,NaN,74.00,0.00,0.00,74.00,NaN,NaN,NaN,NaN,NaN,NaN,NaN,NaN,NaN,NaN
894.24,35.84,32.75,36.00,20.00,MAN,0,74,NaN,74.00,0.00,0.00,74.00,NaN,NaN,NaN,NaN,NaN,NaN,NaN,NaN,NaN,NaN
895.24,35.83,32.77,36.00,20.00,MAN,0,74,NaN,74.00,0.00,0.00,74.00,NaN,NaN,NaN,NaN,NaN,NaN,NaN,NaN,NaN,NaN
896.25,35.82,32.77,36.00,20.00,MAN,0,74,NaN,74.00,0.00,0.00,74.00,NaN,NaN,NaN,NaN,NaN,NaN,NaN,NaN,NaN,NaN
897.24,35.81,32.81,36.00,20.00,MAN,0,74,NaN,74.00,0.00,0.00,74.00,NaN,NaN,NaN,NaN,NaN,NaN,NaN,NaN,NaN,NaN
898.25,35.79,32.81,36.00,20.00,MAN,0,74,NaN,74.00,0.00,0.00,74.00,NaN,NaN,NaN,NaN,NaN,NaN,NaN,NaN,NaN,NaN
899.25,35.78,32.85,36.00,20.00,MAN,0,74,NaN,74.00,0.00,0.00,74.00,NaN,NaN,NaN,NaN,NaN,NaN,NaN,NaN,NaN,NaN
900.25,35.77,32.85,36.00,20.00,MAN,0,74,NaN,74.00,0.00,0.00,74.00,NaN,NaN,NaN,NaN,NaN,NaN,NaN,NaN,NaN,NaN
901.25,35.74,32.89,36.00,20.00,MAN,0,74,NaN,74.00,0.00,0.00,74.00,NaN,NaN,NaN,NaN,NaN,NaN,NaN,NaN,NaN,NaN
902.25,35.73,32.89,36.00,20.00,MAN,0,74,NaN,74.00,0.00,0.00,74.00,NaN,NaN,NaN,NaN,NaN,NaN,NaN,NaN,NaN,NaN
903.26,35.71,32.89,36.00,20.00,MAN,0,74,NaN,74.00,0.00,0.00,74.00,NaN,NaN,NaN,NaN,NaN,NaN,NaN,NaN,NaN,NaN
904.26,35.70,32.93,36.00,20.00,MAN,0,74,NaN,74.00,0.00,0.00,74.00,NaN,NaN,NaN,NaN,NaN,NaN,NaN,NaN,NaN,NaN
905.26,35.69,32.97,36.00,20.00,MAN,0,74,NaN,74.00,0.00,0.00,74.00,NaN,NaN,NaN,NaN,NaN,NaN,NaN,NaN,NaN,NaN
906.26,35.68,32.96,36.00,20.00,MAN,0,74,NaN,74.00,0.00,0.00,74.00,NaN,NaN,NaN,NaN,NaN,NaN,NaN,NaN,NaN,NaN
907.26,35.67,32.99,36.00,20.00,MAN,0,74,NaN,74.00,0.00,0.00,74.00,NaN,NaN,NaN,NaN,NaN,NaN,NaN,NaN,NaN,NaN
908.27,35.65,32.99,36.00,20.00,MAN,0,74,NaN,74.00,0.00,0.00,74.00,NaN,NaN,NaN,NaN,NaN,NaN,NaN,NaN,NaN,NaN
909.27,35.64,33.04,36.00,20.00,MAN,0,74,NaN,74.00,0.00,0.00,74.00,NaN,NaN,NaN,NaN,NaN,NaN,NaN,NaN,NaN,NaN
910.27,35.62,33.04,36.00,20.00,MAN,0,74,NaN,74.00,0.00,0.00,74.00,NaN,NaN,NaN,NaN,NaN,NaN,NaN,NaN,NaN,NaN
911.27,35.60,33.08,36.00,20.00,MAN,0,74,NaN,74.00,0.00,0.00,74.00,NaN,NaN,NaN,NaN,NaN,NaN,NaN,NaN,NaN,NaN
912.27,35.59,33.08,36.00,20.00,MAN,0,74,NaN,74.00,0.00,0.00,74.00,NaN,NaN,NaN,NaN,NaN,NaN,NaN,NaN,NaN,NaN
913.27,35.58,33.12,36.00,20.00,MAN,0,74,NaN,74.00,0.00,0.00,74.00,NaN,NaN,NaN,NaN,NaN,NaN,NaN,NaN,NaN,NaN
914.27,35.56,33.12,36.00,20.00,MAN,0,74,NaN,74.00,0.00,0.00,74.00,NaN,NaN,NaN,NaN,NaN,NaN,NaN,NaN,NaN,NaN
915.28,35.55,33.16,36.00,20.00,MAN,0,74,NaN,74.00,0.00,0.00,74.00,NaN,NaN,NaN,NaN,NaN,NaN,NaN,NaN,NaN,NaN
916.28,35.54,33.16,36.00,20.00,MAN,0,74,NaN,74.00,0.00,0.00,74.00,NaN,NaN,NaN,NaN,NaN,NaN,NaN,NaN,NaN,NaN
917.28,35.52,33.20,36.00,20.00,MAN,0,74,NaN,74.00,0.00,0.00,74.00,NaN,NaN,NaN,NaN,NaN,NaN,NaN,NaN,NaN,NaN
918.28,35.51,33.18,36.00,20.00,MAN,0,74,NaN,74.00,0.00,0.00,74.00,NaN,NaN,NaN,NaN,NaN,NaN,NaN,NaN,NaN,NaN
919.28,35.50,33.22,36.00,20.00,MAN,0,74,NaN,74.00,0.00,0.00,74.00,NaN,NaN,NaN,NaN,NaN,NaN,NaN,NaN,NaN,NaN
920.28,35.49,33.22,36.00,20.00,MAN,0,74,NaN,74.00,0.00,0.00,74.00,NaN,NaN,NaN,NaN,NaN,NaN,NaN,NaN,NaN,NaN
921.29,35.48,33.26,36.00,20.00,MAN,0,74,NaN,74.00,0.00,0.00,74.00,NaN,NaN,NaN,NaN,NaN,NaN,NaN,NaN,NaN,NaN
922.29,35.45,33.26,36.00,20.00,MAN,0,74,NaN,74.00,0.00,0.00,74.00,NaN,NaN,NaN,NaN,NaN,NaN,NaN,NaN,NaN,NaN
923.29,35.44,33.30,36.00,20.00,MAN,0,74,NaN,74.00,0.00,0.00,74.00,NaN,NaN,NaN,NaN,NaN,NaN,NaN,NaN,NaN,NaN
924.29,35.41,33.30,36.00,20.00,MAN,0,74,NaN,74.00,0.00,0.00,74.00,NaN,NaN,NaN,NaN,NaN,NaN,NaN,NaN,NaN,NaN
925.29,35.41,33.34,36.00,20.00,MAN,0,74,NaN,74.00,0.00,0.00,74.00,NaN,NaN,NaN,NaN,NaN,NaN,NaN,NaN,NaN,NaN
926.29,35.39,33.34,36.00,20.00,MAN,0,74,NaN,74.00,0.00,0.00,74.00,NaN,NaN,NaN,NaN,NaN,NaN,NaN,NaN,NaN,NaN
927.30,35.36,33.38,36.00,20.00,MAN,0,74,NaN,74.00,0.00,0.00,74.00,NaN,NaN,NaN,NaN,NaN,NaN,NaN,NaN,NaN,NaN
928.30,35.34,33.38,36.00,20.00,MAN,0,74,NaN,74.00,0.00,0.00,74.00,NaN,NaN,NaN,NaN,NaN,NaN,NaN,NaN,NaN,NaN
929.30,35.34,33.38,36.00,20.00,MAN,0,74,NaN,74.00,0.00,0.00,74.00,NaN,NaN,NaN,NaN,NaN,NaN,NaN,NaN,NaN,NaN
930.30,35.33,33.44,36.00,20.00,MAN,0,74,NaN,74.00,0.00,0.00,74.00,NaN,NaN,NaN,NaN,NaN,NaN,NaN,NaN,NaN,NaN
931.30,35.31,33.44,36.00,20.00,MAN,0,74,NaN,74.00,0.00,0.00,74.00,NaN,NaN,NaN,NaN,NaN,NaN,NaN,NaN,NaN,NaN
932.30,35.30,33.37,36.00,20.00,MAN,0,74,NaN,74.00,0.00,0.00,74.00,NaN,NaN,NaN,NaN,NaN,NaN,NaN,NaN,NaN,NaN
933.30,35.29,33.44,36.00,20.00,MAN,0,74,NaN,74.00,0.00,0.00,74.00,NaN,NaN,NaN,NaN,NaN,NaN,NaN,NaN,NaN,NaN
934.30,35.29,33.44,36.00,20.00,MAN,0,74,NaN,74.00,0.00,0.00,74.00,NaN,NaN,NaN,NaN,NaN,NaN,NaN,NaN,NaN,NaN
935.31,35.28,33.44,36.00,20.00,MAN,0,74,NaN,74.00,0.00,0.00,74.00,NaN,NaN,NaN,NaN,NaN,NaN,NaN,NaN,NaN,NaN
936.31,35.27,33.44,36.00,20.00,MAN,0,74,NaN,74.00,0.00,0.00,74.00,NaN,NaN,NaN,NaN,NaN,NaN,NaN,NaN,NaN,NaN
937.31,35.27,33.44,36.00,20.00,MAN,0,74,NaN,74.00,0.00,0.00,74.00,NaN,NaN,NaN,NaN,NaN,NaN,NaN,NaN,NaN,NaN
938.31,35.26,33.48,36.00,20.00,MAN,0,74,NaN,74.00,0.00,0.00,74.00,NaN,NaN,NaN,NaN,NaN,NaN,NaN,NaN,NaN,NaN
939.31,35.26,33.48,36.00,20.00,MAN,0,74,NaN,74.00,0.00,0.00,74.00,NaN,NaN,NaN,NaN,NaN,NaN,NaN,NaN,NaN,NaN
940.32,35.25,33.53,36.00,20.00,MAN,0,74,NaN,74.00,0.00,0.00,74.00,NaN,NaN,NaN,NaN,NaN,NaN,NaN,NaN,NaN,NaN
941.32,35.25,33.53,36.00,20.00,MAN,0,74,NaN,74.00,0.00,0.00,74.00,NaN,NaN,NaN,NaN,NaN,NaN,NaN,NaN,NaN,NaN
942.32,35.25,33.53,36.00,20.00,MAN,0,74,NaN,74.00,0.00,0.00,74.00,NaN,NaN,NaN,NaN,NaN,NaN,NaN,NaN,NaN,NaN
943.32,35.26,33.53,36.00,20.00,MAN,0,74,NaN,74.00,0.00,0.00,74.00,NaN,NaN,NaN,NaN,NaN,NaN,NaN,NaN,NaN,NaN
944.32,35.26,33.53,36.00,20.00,MAN,0,74,NaN,74.00,0.00,0.00,74.00,NaN,NaN,NaN,NaN,NaN,NaN,NaN,NaN,NaN,NaN
945.32,35.26,33.53,36.00,20.00,MAN,0,74,NaN,74.00,0.00,0.00,74.00,NaN,NaN,NaN,NaN,NaN,NaN,NaN,NaN,NaN,NaN
946.34,35.27,33.53,36.00,20.00,MAN,0,74,NaN,74.00,0.00,0.00,74.00,NaN,NaN,NaN,NaN,NaN,NaN,NaN,NaN,NaN,NaN
947.33,35.27,33.53,36.00,20.00,MAN,0,74,NaN,74.00,0.00,0.00,74.00,NaN,NaN,NaN,NaN,NaN,NaN,NaN,NaN,NaN,NaN
948.33,35.27,33.53,36.00,20.00,MAN,0,74,NaN,74.00,0.00,0.00,74.00,NaN,NaN,NaN,NaN,NaN,NaN,NaN,NaN,NaN,NaN
949.33,35.28,33.53,36.00,20.00,MAN,0,74,NaN,74.00,0.00,0.00,74.00,NaN,NaN,NaN,NaN,NaN,NaN,NaN,NaN,NaN,NaN
950.33,35.28,33.53,36.00,20.00,MAN,0,74,NaN,74.00,0.00,0.00,74.00,NaN,NaN,NaN,NaN,NaN,NaN,NaN,NaN,NaN,NaN
951.33,35.28,33.53,36.00,20.00,MAN,0,74,NaN,74.00,0.00,0.00,74.00,NaN,NaN,NaN,NaN,NaN,NaN,NaN,NaN,NaN,NaN
952.33,35.29,33.53,36.00,20.00,MAN,0,74,NaN,74.00,0.00,0.00,74.00,NaN,NaN,NaN,NaN,NaN,NaN,NaN,NaN,NaN,NaN
953.34,35.30,33.48,36.00,20.00,MAN,0,74,NaN,74.00,0.00,0.00,74.00,NaN,NaN,NaN,NaN,NaN,NaN,NaN,NaN,NaN,NaN
954.34,35.31,33.48,36.00,20.00,MAN,0,74,NaN,74.00,0.00,0.00,74.00,NaN,NaN,NaN,NaN,NaN,NaN,NaN,NaN,NaN,NaN
955.34,35.33,33.48,36.00,20.00,MAN,0,74,NaN,74.00,0.00,0.00,74.00,NaN,NaN,NaN,NaN,NaN,NaN,NaN,NaN,NaN,NaN
956.34,35.35,33.46,36.00,20.00,MAN,0,74,NaN,74.00,0.00,0.00,74.00,NaN,NaN,NaN,NaN,NaN,NaN,NaN,NaN,NaN,NaN
957.34,35.36,33.46,36.00,20.00,MAN,0,74,NaN,74.00,0.00,0.00,74.00,NaN,NaN,NaN,NaN,NaN,NaN,NaN,NaN,NaN,NaN
958.34,35.38,33.46,36.00,20.00,MAN,0,74,NaN,74.00,0.00,0.00,74.00,NaN,NaN,NaN,NaN,NaN,NaN,NaN,NaN,NaN,NaN
959.35,35.39,33.38,36.00,20.00,MAN,0,74,NaN,74.00,0.00,0.00,74.00,NaN,NaN,NaN,NaN,NaN,NaN,NaN,NaN,NaN,NaN
960.35,35.40,33.38,36.00,20.00,MAN,0,74,NaN,74.00,0.00,0.00,74.00,NaN,NaN,NaN,NaN,NaN,NaN,NaN,NaN,NaN,NaN
961.35,35.42,33.38,36.00,20.00,MAN,0,74,NaN,74.00,0.00,0.00,74.00,NaN,NaN,NaN,NaN,NaN,NaN,NaN,NaN,NaN,NaN
962.35,35.43,33.38,36.00,20.00,MAN,0,74,NaN,74.00,0.00,0.00,74.00,NaN,NaN,NaN,NaN,NaN,NaN,NaN,NaN,NaN,NaN
963.35,35.45,33.34,36.00,20.00,MAN,0,74,NaN,74.00,0.00,0.00,74.00,NaN,NaN,NaN,NaN,NaN,NaN,NaN,NaN,NaN,NaN
964.35,35.47,33.34,36.00,20.00,MAN,0,74,NaN,74.00,0.00,0.00,74.00,NaN,NaN,NaN,NaN,NaN,NaN,NaN,NaN,NaN,NaN
965.35,35.48,33.30,36.00,20.00,MAN,0,74,NaN,74.00,0.00,0.00,74.00,NaN,NaN,NaN,NaN,NaN,NaN,NaN,NaN,NaN,NaN
966.35,35.49,33.30,36.00,20.00,MAN,0,74,NaN,74.00,0.00,0.00,74.00,NaN,NaN,NaN,NaN,NaN,NaN,NaN,NaN,NaN,NaN
967.36,35.52,33.28,36.00,20.00,MAN,0,74,NaN,74.00,0.00,0.00,74.00,NaN,NaN,NaN,NaN,NaN,NaN,NaN,NaN,NaN,NaN
968.36,35.52,33.28,36.00,20.00,MAN,0,74,NaN,74.00,0.00,0.00,74.00,NaN,NaN,NaN,NaN,NaN,NaN,NaN,NaN,NaN,NaN
969.36,35.53,33.24,36.00,20.00,MAN,0,74,NaN,74.00,0.00,0.00,74.00,NaN,NaN,NaN,NaN,NaN,NaN,NaN,NaN,NaN,NaN
970.36,35.55,33.24,36.00,20.00,MAN,0,74,NaN,74.00,0.00,0.00,74.00,NaN,NaN,NaN,NaN,NaN,NaN,NaN,NaN,NaN,NaN
971.36,35.57,33.20,36.00,20.00,MAN,0,74,NaN,74.00,0.00,0.00,74.00,NaN,NaN,NaN,NaN,NaN,NaN,NaN,NaN,NaN,NaN
972.37,35.60,33.20,36.00,20.00,MAN,0,74,NaN,74.00,0.00,0.00,74.00,NaN,NaN,NaN,NaN,NaN,NaN,NaN,NaN,NaN,NaN
973.37,35.62,33.16,36.00,20.00,MAN,0,74,NaN,74.00,0.00,0.00,74.00,NaN,NaN,NaN,NaN,NaN,NaN,NaN,NaN,NaN,NaN
974.37,35.65,33.12,36.00,20.00,MAN,0,74,NaN,74.00,0.00,0.00,74.00,NaN,NaN,NaN,NaN,NaN,NaN,NaN,NaN,NaN,NaN
975.37,35.66,33.12,36.00,20.00,MAN,0,74,NaN,74.00,0.00,0.00,74.00,NaN,NaN,NaN,NaN,NaN,NaN,NaN,NaN,NaN,NaN
976.37,35.67,33.08,36.00,20.00,MAN,0,74,NaN,74.00,0.00,0.00,74.00,NaN,NaN,NaN,NaN,NaN,NaN,NaN,NaN,NaN,NaN
977.37,35.69,33.09,36.00,20.00,MAN,0,74,NaN,74.00,0.00,0.00,74.00,NaN,NaN,NaN,NaN,NaN,NaN,NaN,NaN,NaN,NaN
978.38,35.71,33.05,36.00,20.00,MAN,0,74,NaN,74.00,0.00,0.00,74.00,NaN,NaN,NaN,NaN,NaN,NaN,NaN,NaN,NaN,NaN
979.37,35.73,33.02,36.00,20.00,MAN,0,74,NaN,74.00,0.00,0.00,74.00,NaN,NaN,NaN,NaN,NaN,NaN,NaN,NaN,NaN,NaN
980.38,35.77,33.02,36.00,20.00,MAN,0,74,NaN,74.00,0.00,0.00,74.00,NaN,NaN,NaN,NaN,NaN,NaN,NaN,NaN,NaN,NaN
981.38,35.79,32.97,36.00,20.00,MAN,0,74,NaN,74.00,0.00,0.00,74.00,NaN,NaN,NaN,NaN,NaN,NaN,NaN,NaN,NaN,NaN
982.38,35.81,32.93,36.00,20.00,MAN,0,74,NaN,74.00,0.00,0.00,74.00,NaN,NaN,NaN,NaN,NaN,NaN,NaN,NaN,NaN,NaN
983.39,35.83,32.89,36.00,20.00,MAN,0,74,NaN,74.00,0.00,0.00,74.00,NaN,NaN,NaN,NaN,NaN,NaN,NaN,NaN,NaN,NaN
984.38,35.86,32.91,36.00,20.00,MAN,0,74,NaN,74.00,0.00,0.00,74.00,NaN,NaN,NaN,NaN,NaN,NaN,NaN,NaN,NaN,NaN
985.39,35.87,32.87,36.00,20.00,MAN,0,74,NaN,74.00,0.00,0.00,74.00,NaN,NaN,NaN,NaN,NaN,NaN,NaN,NaN,NaN,NaN
986.39,35.90,32.83,36.00,20.00,MAN,0,74,NaN,74.00,0.00,0.00,74.00,NaN,NaN,NaN,NaN,NaN,NaN,NaN,NaN,NaN,NaN
987.39,35.92,32.83,36.00,20.00,MAN,0,74,NaN,74.00,0.00,0.00,74.00,NaN,NaN,NaN,NaN,NaN,NaN,NaN,NaN,NaN,NaN
988.39,35.94,32.79,36.00,20.00,MAN,0,74,NaN,74.00,0.00,0.00,74.00,NaN,NaN,NaN,NaN,NaN,NaN,NaN,NaN,NaN,NaN
989.39,35.98,32.75,36.00,20.00,MAN,0,74,NaN,74.00,0.00,0.00,74.00,NaN,NaN,NaN,NaN,NaN,NaN,NaN,NaN,NaN,NaN
990.39,36.02,32.70,36.00,20.00,MAN,0,74,NaN,74.00,0.00,0.00,74.00,NaN,NaN,NaN,NaN,NaN,NaN,NaN,NaN,NaN,NaN
991.40,36.02,32.70,36.00,20.00,MAN,0,74,NaN,74.00,0.00,0.00,74.00,NaN,NaN,NaN,NaN,NaN,NaN,NaN,NaN,NaN,NaN
992.40,36.02,32.67,36.00,20.00,MAN,0,74,NaN,74.00,0.00,0.00,74.00,NaN,NaN,NaN,NaN,NaN,NaN,NaN,NaN,NaN,NaN
993.40,36.03,32.64,36.00,20.00,MAN,0,74,NaN,74.00,0.00,0.00,74.00,NaN,NaN,NaN,NaN,NaN,NaN,NaN,NaN,NaN,NaN
994.40,36.03,32.57,36.00,20.00,MAN,0,74,NaN,74.00,0.00,0.00,74.00,NaN,NaN,NaN,NaN,NaN,NaN,NaN,NaN,NaN,NaN
995.40,36.06,32.57,36.00,20.00,MAN,0,74,NaN,74.00,0.00,0.00,74.00,NaN,NaN,NaN,NaN,NaN,NaN,NaN,NaN,NaN,NaN
996.40,36.10,32.52,36.00,20.00,MAN,0,74,NaN,74.00,0.00,0.00,74.00,NaN,NaN,NaN,NaN,NaN,NaN,NaN,NaN,NaN,NaN
997.41,36.12,32.52,36.00,20.00,MAN,0,74,NaN,74.00,0.00,0.00,74.00,NaN,NaN,NaN,NaN,NaN,NaN,NaN,NaN,NaN,NaN
998.41,36.14,32.48,36.00,20.00,MAN,0,74,NaN,74.00,0.00,0.00,74.00,NaN,NaN,NaN,NaN,NaN,NaN,NaN,NaN,NaN,NaN
999.41,36.15,32.44,36.00,20.00,MAN,0,74,NaN,74.00,0.00,0.00,74.00,NaN,NaN,NaN,NaN,NaN,NaN,NaN,NaN,NaN,NaN
1000.41,36.16,32.44,36.00,20.00,MAN,0,74,NaN,74.00,0.00,0.00,74.00,NaN,NaN,NaN,NaN,NaN,NaN,NaN,NaN,NaN,NaN
1001.41,36.18,32.40,36.00,20.00,MAN,0,74,NaN,74.00,0.00,0.00,74.00,NaN,NaN,NaN,NaN,NaN,NaN,NaN,NaN,NaN,NaN
1002.41,36.21,32.40,36.00,20.00,MAN,0,74,NaN,74.00,0.00,0.00,74.00,NaN,NaN,NaN,NaN,NaN,NaN,NaN,NaN,NaN,NaN
1003.41,36.22,32.38,36.00,20.00,MAN,0,74,NaN,74.00,0.00,0.00,74.00,NaN,NaN,NaN,NaN,NaN,NaN,NaN,NaN,NaN,NaN
1004.42,36.24,32.38,36.00,20.00,MAN,0,74,NaN,74.00,0.00,0.00,74.00,NaN,NaN,NaN,NaN,NaN,NaN,NaN,NaN,NaN,NaN
1005.42,36.25,32.34,36.00,20.00,MAN,0,74,NaN,74.00,0.00,0.00,74.00,NaN,NaN,NaN,NaN,NaN,NaN,NaN,NaN,NaN,NaN
1006.42,36.27,32.34,36.00,20.00,MAN,0,74,NaN,74.00,0.00,0.00,74.00,NaN,NaN,NaN,NaN,NaN,NaN,NaN,NaN,NaN,NaN
1007.42,36.30,32.30,36.00,20.00,MAN,0,74,NaN,74.00,0.00,0.00,74.00,NaN,NaN,NaN,NaN,NaN,NaN,NaN,NaN,NaN,NaN
1008.42,36.31,32.25,36.00,20.00,MAN,0,74,NaN,74.00,0.00,0.00,74.00,NaN,NaN,NaN,NaN,NaN,NaN,NaN,NaN,NaN,NaN
1009.42,36.33,32.25,36.00,20.00,MAN,0,74,NaN,74.00,0.00,0.00,74.00,NaN,NaN,NaN,NaN,NaN,NaN,NaN,NaN,NaN,NaN
1010.43,36.36,32.22,36.00,20.00,MAN,0,74,NaN,74.00,0.00,0.00,74.00,NaN,NaN,NaN,NaN,NaN,NaN,NaN,NaN,NaN,NaN
1011.43,36.38,32.19,36.00,20.00,MAN,0,74,NaN,74.00,0.00,0.00,74.00,NaN,NaN,NaN,NaN,NaN,NaN,NaN,NaN,NaN,NaN
1012.43,36.41,32.19,36.00,20.00,MAN,0,74,NaN,74.00,0.00,0.00,74.00,NaN,NaN,NaN,NaN,NaN,NaN,NaN,NaN,NaN,NaN
1013.43,36.42,32.15,36.00,20.00,MAN,0,74,NaN,74.00,0.00,0.00,74.00,NaN,NaN,NaN,NaN,NaN,NaN,NaN,NaN,NaN,NaN
1014.43,36.44,32.11,36.00,20.00,MAN,0,74,NaN,74.00,0.00,0.00,74.00,NaN,NaN,NaN,NaN,NaN,NaN,NaN,NaN,NaN,NaN
1015.44,36.46,32.11,36.00,20.00,MAN,0,74,NaN,74.00,0.00,0.00,74.00,NaN,NaN,NaN,NaN,NaN,NaN,NaN,NaN,NaN,NaN
1016.43,36.48,32.07,36.00,20.00,MAN,0,74,NaN,74.00,0.00,0.00,74.00,NaN,NaN,NaN,NaN,NaN,NaN,NaN,NaN,NaN,NaN
1017.44,36.49,32.07,36.00,20.00,MAN,0,74,NaN,74.00,0.00,0.00,74.00,NaN,NaN,NaN,NaN,NaN,NaN,NaN,NaN,NaN,NaN
1018.44,36.52,32.03,36.00,20.00,MAN,0,74,NaN,74.00,0.00,0.00,74.00,NaN,NaN,NaN,NaN,NaN,NaN,NaN,NaN,NaN,NaN
1019.44,36.54,32.03,36.00,20.00,MAN,0,74,NaN,74.00,0.00,0.00,74.00,NaN,NaN,NaN,NaN,NaN,NaN,NaN,NaN,NaN,NaN
1020.44,36.56,32.01,36.00,20.00,MAN,0,74,NaN,74.00,0.00,0.00,74.00,NaN,NaN,NaN,NaN,NaN,NaN,NaN,NaN,NaN,NaN
1021.44,36.58,31.96,36.00,20.00,MAN,0,74,NaN,74.00,0.00,0.00,74.00,NaN,NaN,NaN,NaN,NaN,NaN,NaN,NaN,NaN,NaN
1022.45,36.60,31.96,36.00,20.00,MAN,0,74,NaN,74.00,0.00,0.00,74.00,NaN,NaN,NaN,NaN,NaN,NaN,NaN,NaN,NaN,NaN
1023.45,36.61,31.93,36.00,20.00,MAN,0,74,NaN,74.00,0.00,0.00,74.00,NaN,NaN,NaN,NaN,NaN,NaN,NaN,NaN,NaN,NaN
1024.45,36.66,31.89,36.00,20.00,MAN,0,74,NaN,74.00,0.00,0.00,74.00,NaN,NaN,NaN,NaN,NaN,NaN,NaN,NaN,NaN,NaN
1025.45,36.68,31.89,36.00,20.00,MAN,0,74,NaN,74.00,0.00,0.00,74.00,NaN,NaN,NaN,NaN,NaN,NaN,NaN,NaN,NaN,NaN
1026.45,36.69,31.84,36.00,20.00,MAN,0,74,NaN,74.00,0.00,0.00,74.00,NaN,NaN,NaN,NaN,NaN,NaN,NaN,NaN,NaN,NaN
1027.45,36.71,31.86,36.00,20.00,MAN,0,74,NaN,74.00,0.00,0.00,74.00,NaN,NaN,NaN,NaN,NaN,NaN,NaN,NaN,NaN,NaN
1028.46,36.72,31.82,36.00,20.00,MAN,0,74,NaN,74.00,0.00,0.00,74.00,NaN,NaN,NaN,NaN,NaN,NaN,NaN,NaN,NaN,NaN
1029.46,36.73,31.82,36.00,20.00,MAN,0,74,NaN,74.00,0.00,0.00,74.00,NaN,NaN,NaN,NaN,NaN,NaN,NaN,NaN,NaN,NaN
1030.46,36.74,31.78,36.00,20.00,MAN,0,74,NaN,74.00,0.00,0.00,74.00,NaN,NaN,NaN,NaN,NaN,NaN,NaN,NaN,NaN,NaN
1031.46,36.75,31.78,36.00,20.00,MAN,0,74,NaN,74.00,0.00,0.00,74.00,NaN,NaN,NaN,NaN,NaN,NaN,NaN,NaN,NaN,NaN
1032.46,36.77,31.78,36.00,20.00,MAN,0,74,NaN,74.00,0.00,0.00,74.00,NaN,NaN,NaN,NaN,NaN,NaN,NaN,NaN,NaN,NaN
1033.47,36.77,31.74,36.00,20.00,MAN,0,74,NaN,74.00,0.00,0.00,74.00,NaN,NaN,NaN,NaN,NaN,NaN,NaN,NaN,NaN,NaN
1034.46,36.78,31.74,36.00,20.00,MAN,0,74,NaN,74.00,0.00,0.00,74.00,NaN,NaN,NaN,NaN,NaN,NaN,NaN,NaN,NaN,NaN
1035.46,36.80,31.66,36.00,20.00,MAN,0,74,NaN,74.00,0.00,0.00,74.00,NaN,NaN,NaN,NaN,NaN,NaN,NaN,NaN,NaN,NaN
1036.47,36.80,31.66,36.00,20.00,MAN,0,74,NaN,74.00,0.00,0.00,74.00,NaN,NaN,NaN,NaN,NaN,NaN,NaN,NaN,NaN,NaN
1037.47,36.80,31.66,36.00,20.00,MAN,0,74,NaN,74.00,0.00,0.00,74.00,NaN,NaN,NaN,NaN,NaN,NaN,NaN,NaN,NaN,NaN
1038.47,36.81,31.62,36.00,20.00,MAN,0,74,NaN,74.00,0.00,0.00,74.00,NaN,NaN,NaN,NaN,NaN,NaN,NaN,NaN,NaN,NaN
1039.47,36.81,31.62,36.00,20.00,MAN,0,74,NaN,74.00,0.00,0.00,74.00,NaN,NaN,NaN,NaN,NaN,NaN,NaN,NaN,NaN,NaN
1040.47,36.82,31.62,36.00,20.00,MAN,0,74,NaN,74.00,0.00,0.00,74.00,NaN,NaN,NaN,NaN,NaN,NaN,NaN,NaN,NaN,NaN
1041.48,36.82,31.62,36.00,20.00,MAN,0,74,NaN,74.00,0.00,0.00,74.00,NaN,NaN,NaN,NaN,NaN,NaN,NaN,NaN,NaN,NaN
1042.48,36.82,31.62,36.00,20.00,MAN,0,74,NaN,74.00,0.00,0.00,74.00,NaN,NaN,NaN,NaN,NaN,NaN,NaN,NaN,NaN,NaN
1043.48,36.82,31.62,36.00,20.00,MAN,0,74,NaN,74.00,0.00,0.00,74.00,NaN,NaN,NaN,NaN,NaN,NaN,NaN,NaN,NaN,NaN
1044.48,36.82,31.58,36.00,20.00,MAN,0,74,NaN,74.00,0.00,0.00,74.00,NaN,NaN,NaN,NaN,NaN,NaN,NaN,NaN,NaN,NaN
1045.48,36.82,31.58,36.00,20.00,MAN,0,74,NaN,74.00,0.00,0.00,74.00,NaN,NaN,NaN,NaN,NaN,NaN,NaN,NaN,NaN,NaN
1046.48,36.82,31.58,36.00,20.00,MAN,0,74,NaN,74.00,0.00,0.00,74.00,NaN,NaN,NaN,NaN,NaN,NaN,NaN,NaN,NaN,NaN
1047.48,36.82,31.58,36.00,20.00,MAN,0,74,NaN,74.00,0.00,0.00,74.00,NaN,NaN,NaN,NaN,NaN,NaN,NaN,NaN,NaN,NaN
1048.48,36.81,31.62,36.00,20.00,MAN,0,74,NaN,74.00,0.00,0.00,74.00,NaN,NaN,NaN,NaN,NaN,NaN,NaN,NaN,NaN,NaN
1049.49,36.81,31.62,36.00,20.00,MAN,0,74,NaN,74.00,0.00,0.00,74.00,NaN,NaN,NaN,NaN,NaN,NaN,NaN,NaN,NaN,NaN
1050.49,36.81,31.62,36.00,20.00,MAN,0,74,NaN,74.00,0.00,0.00,74.00,NaN,NaN,NaN,NaN,NaN,NaN,NaN,NaN,NaN,NaN
1051.49,36.81,31.62,36.00,20.00,MAN,0,74,NaN,74.00,0.00,0.00,74.00,NaN,NaN,NaN,NaN,NaN,NaN,NaN,NaN,NaN,NaN
1052.49,36.80,31.66,36.00,20.00,MAN,0,74,NaN,74.00,0.00,0.00,74.00,NaN,NaN,NaN,NaN,NaN,NaN,NaN,NaN,NaN,NaN
1053.49,36.80,31.66,36.00,20.00,MAN,0,74,NaN,74.00,0.00,0.00,74.00,NaN,NaN,NaN,NaN,NaN,NaN,NaN,NaN,NaN,NaN
1054.50,36.78,31.66,36.00,20.00,MAN,0,74,NaN,74.00,0.00,0.00,74.00,NaN,NaN,NaN,NaN,NaN,NaN,NaN,NaN,NaN,NaN
1055.50,36.78,31.74,36.00,20.00,MAN,0,74,NaN,74.00,0.00,0.00,74.00,NaN,NaN,NaN,NaN,NaN,NaN,NaN,NaN,NaN,NaN
1056.50,36.77,31.78,36.00,20.00,MAN,0,74,NaN,74.00,0.00,0.00,74.00,NaN,NaN,NaN,NaN,NaN,NaN,NaN,NaN,NaN,NaN
1057.50,36.77,31.78,36.00,20.00,MAN,0,74,NaN,74.00,0.00,0.00,74.00,NaN,NaN,NaN,NaN,NaN,NaN,NaN,NaN,NaN,NaN
1058.50,36.76,31.78,36.00,20.00,MAN,0,74,NaN,74.00,0.00,0.00,74.00,NaN,NaN,NaN,NaN,NaN,NaN,NaN,NaN,NaN,NaN
1059.50,36.75,31.78,36.00,20.00,MAN,0,74,NaN,74.00,0.00,0.00,74.00,NaN,NaN,NaN,NaN,NaN,NaN,NaN,NaN,NaN,NaN
1060.51,36.74,31.78,36.00,20.00,MAN,0,74,NaN,74.00,0.00,0.00,74.00,NaN,NaN,NaN,NaN,NaN,NaN,NaN,NaN,NaN,NaN
1061.51,36.73,31.82,36.00,20.00,MAN,0,74,NaN,74.00,0.00,0.00,74.00,NaN,NaN,NaN,NaN,NaN,NaN,NaN,NaN,NaN,NaN
1062.51,36.73,31.82,36.00,20.00,MAN,0,74,NaN,74.00,0.00,0.00,74.00,NaN,NaN,NaN,NaN,NaN,NaN,NaN,NaN,NaN,NaN
1063.51,36.72,31.82,36.00,20.00,MAN,0,74,NaN,74.00,0.00,0.00,74.00,NaN,NaN,NaN,NaN,NaN,NaN,NaN,NaN,NaN,NaN
1064.51,36.72,31.82,36.00,20.00,MAN,0,74,NaN,74.00,0.00,0.00,74.00,NaN,NaN,NaN,NaN,NaN,NaN,NaN,NaN,NaN,NaN
1065.52,36.71,31.86,36.00,20.00,MAN,0,74,NaN,74.00,0.00,0.00,74.00,NaN,NaN,NaN,NaN,NaN,NaN,NaN,NaN,NaN,NaN
1066.51,36.70,31.80,36.00,20.00,MAN,0,74,NaN,74.00,0.00,0.00,74.00,NaN,NaN,NaN,NaN,NaN,NaN,NaN,NaN,NaN,NaN
1067.52,36.70,31.80,36.00,20.00,MAN,0,74,NaN,74.00,0.00,0.00,74.00,NaN,NaN,NaN,NaN,NaN,NaN,NaN,NaN,NaN,NaN
1068.52,36.68,31.80,36.00,20.00,MAN,0,74,NaN,74.00,0.00,0.00,74.00,NaN,NaN,NaN,NaN,NaN,NaN,NaN,NaN,NaN,NaN
1069.52,36.68,31.84,36.00,20.00,MAN,0,74,NaN,74.00,0.00,0.00,74.00,NaN,NaN,NaN,NaN,NaN,NaN,NaN,NaN,NaN,NaN
1070.52,36.66,31.84,36.00,20.00,MAN,0,74,NaN,74.00,0.00,0.00,74.00,NaN,NaN,NaN,NaN,NaN,NaN,NaN,NaN,NaN,NaN
1071.52,36.66,31.84,36.00,20.00,MAN,0,74,NaN,74.00,0.00,0.00,74.00,NaN,NaN,NaN,NaN,NaN,NaN,NaN,NaN,NaN,NaN
1072.52,36.63,31.84,36.00,20.00,MAN,0,74,NaN,74.00,0.00,0.00,74.00,NaN,NaN,NaN,NaN,NaN,NaN,NaN,NaN,NaN,NaN
1073.53,36.63,31.89,36.00,20.00,MAN,0,74,NaN,74.00,0.00,0.00,74.00,NaN,NaN,NaN,NaN,NaN,NaN,NaN,NaN,NaN,NaN
1074.53,36.61,31.93,36.00,20.00,MAN,0,74,NaN,74.00,0.00,0.00,74.00,NaN,NaN,NaN,NaN,NaN,NaN,NaN,NaN,NaN,NaN
1075.53,36.60,31.96,36.00,20.00,MAN,0,74,NaN,74.00,0.00,0.00,74.00,NaN,NaN,NaN,NaN,NaN,NaN,NaN,NaN,NaN,NaN
1076.53,36.59,31.96,36.00,20.00,MAN,0,74,NaN,74.00,0.00,0.00,74.00,NaN,NaN,NaN,NaN,NaN,NaN,NaN,NaN,NaN,NaN
1077.53,36.58,32.01,36.00,20.00,MAN,0,74,NaN,74.00,0.00,0.00,74.00,NaN,NaN,NaN,NaN,NaN,NaN,NaN,NaN,NaN,NaN
1078.53,36.57,32.05,36.00,20.00,MAN,0,74,NaN,74.00,0.00,0.00,74.00,NaN,NaN,NaN,NaN,NaN,NaN,NaN,NaN,NaN,NaN
1079.54,36.56,32.05,36.00,20.00,MAN,0,74,NaN,74.00,0.00,0.00,74.00,NaN,NaN,NaN,NaN,NaN,NaN,NaN,NaN,NaN,NaN
1080.53,36.55,32.05,36.00,20.00,MAN,0,74,NaN,74.00,0.00,0.00,74.00,NaN,NaN,NaN,NaN,NaN,NaN,NaN,NaN,NaN,NaN
1081.54,36.54,32.07,36.00,20.00,MAN,0,74,NaN,74.00,0.00,0.00,74.00,NaN,NaN,NaN,NaN,NaN,NaN,NaN,NaN,NaN,NaN
1082.54,36.53,32.07,36.00,20.00,MAN,0,74,NaN,74.00,0.00,0.00,74.00,NaN,NaN,NaN,NaN,NaN,NaN,NaN,NaN,NaN,NaN
1083.54,36.51,32.11,36.00,20.00,MAN,0,74,NaN,74.00,0.00,0.00,74.00,NaN,NaN,NaN,NaN,NaN,NaN,NaN,NaN,NaN,NaN
1084.54,36.49,32.11,36.00,20.00,MAN,0,74,NaN,74.00,0.00,0.00,74.00,NaN,NaN,NaN,NaN,NaN,NaN,NaN,NaN,NaN,NaN
1085.54,36.48,32.11,36.00,20.00,MAN,0,74,NaN,74.00,0.00,0.00,74.00,NaN,NaN,NaN,NaN,NaN,NaN,NaN,NaN,NaN,NaN
1086.55,36.47,32.15,36.00,20.00,MAN,0,74,NaN,74.00,0.00,0.00,74.00,NaN,NaN,NaN,NaN,NaN,NaN,NaN,NaN,NaN,NaN
1087.55,36.46,32.15,36.00,20.00,MAN,0,74,NaN,74.00,0.00,0.00,74.00,NaN,NaN,NaN,NaN,NaN,NaN,NaN,NaN,NaN,NaN
1088.55,36.44,32.19,36.00,20.00,MAN,0,74,NaN,74.00,0.00,0.00,74.00,NaN,NaN,NaN,NaN,NaN,NaN,NaN,NaN,NaN,NaN
1089.55,36.43,32.19,36.00,20.00,MAN,0,74,NaN,74.00,0.00,0.00,74.00,NaN,NaN,NaN,NaN,NaN,NaN,NaN,NaN,NaN,NaN
1090.55,36.42,32.23,36.00,20.00,MAN,0,74,NaN,74.00,0.00,0.00,74.00,NaN,NaN,NaN,NaN,NaN,NaN,NaN,NaN,NaN,NaN
1091.55,36.41,32.23,36.00,20.00,MAN,0,74,NaN,74.00,0.00,0.00,74.00,NaN,NaN,NaN,NaN,NaN,NaN,NaN,NaN,NaN,NaN
1092.56,36.40,32.28,36.00,20.00,MAN,0,74,NaN,74.00,0.00,0.00,74.00,NaN,NaN,NaN,NaN,NaN,NaN,NaN,NaN,NaN,NaN
1093.56,36.39,32.28,36.00,20.00,MAN,0,74,NaN,74.00,0.00,0.00,74.00,NaN,NaN,NaN,NaN,NaN,NaN,NaN,NaN,NaN,NaN
1094.56,36.37,32.31,36.00,20.00,MAN,0,74,NaN,74.00,0.00,0.00,74.00,NaN,NaN,NaN,NaN,NaN,NaN,NaN,NaN,NaN,NaN
1095.56,36.36,32.30,36.00,20.00,MAN,0,74,NaN,74.00,0.00,0.00,74.00,NaN,NaN,NaN,NaN,NaN,NaN,NaN,NaN,NaN,NaN
1096.56,36.34,32.34,36.00,20.00,MAN,0,74,NaN,74.00,0.00,0.00,74.00,NaN,NaN,NaN,NaN,NaN,NaN,NaN,NaN,NaN,NaN
1097.57,36.33,32.34,36.00,20.00,MAN,0,74,NaN,74.00,0.00,0.00,74.00,NaN,NaN,NaN,NaN,NaN,NaN,NaN,NaN,NaN,NaN
1098.56,36.31,32.38,36.00,20.00,MAN,0,74,NaN,74.00,0.00,0.00,74.00,NaN,NaN,NaN,NaN,NaN,NaN,NaN,NaN,NaN,NaN
1099.57,36.30,32.38,36.00,20.00,MAN,0,74,NaN,74.00,0.00,0.00,74.00,NaN,NaN,NaN,NaN,NaN,NaN,NaN,NaN,NaN,NaN
1100.57,36.28,32.42,36.00,20.00,MAN,0,74,NaN,74.00,0.00,0.00,74.00,NaN,NaN,NaN,NaN,NaN,NaN,NaN,NaN,NaN,NaN
1101.57,36.27,32.42,36.00,20.00,MAN,0,74,NaN,74.00,0.00,0.00,74.00,NaN,NaN,NaN,NaN,NaN,NaN,NaN,NaN,NaN,NaN
1102.57,36.26,32.46,36.00,20.00,MAN,0,74,NaN,74.00,0.00,0.00,74.00,NaN,NaN,NaN,NaN,NaN,NaN,NaN,NaN,NaN,NaN
1103.57,36.25,32.50,36.00,20.00,MAN,0,74,NaN,74.00,0.00,0.00,74.00,NaN,NaN,NaN,NaN,NaN,NaN,NaN,NaN,NaN,NaN
1104.57,36.23,32.50,36.00,20.00,MAN,0,74,NaN,74.00,0.00,0.00,74.00,NaN,NaN,NaN,NaN,NaN,NaN,NaN,NaN,NaN,NaN
1105.58,36.22,32.54,36.00,20.00,MAN,0,74,NaN,74.00,0.00,0.00,74.00,NaN,NaN,NaN,NaN,NaN,NaN,NaN,NaN,NaN,NaN
1106.58,36.19,32.57,36.00,20.00,MAN,0,74,NaN,74.00,0.00,0.00,74.00,NaN,NaN,NaN,NaN,NaN,NaN,NaN,NaN,NaN,NaN
1107.58,36.18,32.57,36.00,20.00,MAN,0,74,NaN,74.00,0.00,0.00,74.00,NaN,NaN,NaN,NaN,NaN,NaN,NaN,NaN,NaN,NaN
1108.59,36.17,32.57,36.00,20.00,MAN,0,74,NaN,74.00,0.00,0.00,74.00,NaN,NaN,NaN,NaN,NaN,NaN,NaN,NaN,NaN,NaN
1109.59,36.16,32.64,36.00,20.00,MAN,0,74,NaN,74.00,0.00,0.00,74.00,NaN,NaN,NaN,NaN,NaN,NaN,NaN,NaN,NaN,NaN
1110.58,36.14,32.64,36.00,20.00,MAN,0,74,NaN,74.00,0.00,0.00,74.00,NaN,NaN,NaN,NaN,NaN,NaN,NaN,NaN,NaN,NaN
1111.59,36.12,32.68,36.00,20.00,MAN,0,74,NaN,74.00,0.00,0.00,74.00,NaN,NaN,NaN,NaN,NaN,NaN,NaN,NaN,NaN,NaN
1112.58,36.11,32.68,36.00,20.00,MAN,0,74,NaN,74.00,0.00,0.00,74.00,NaN,NaN,NaN,NaN,NaN,NaN,NaN,NaN,NaN,NaN
1113.59,36.10,32.68,36.00,20.00,MAN,0,74,NaN,74.00,0.00,0.00,74.00,NaN,NaN,NaN,NaN,NaN,NaN,NaN,NaN,NaN,NaN
1114.60,36.08,32.73,36.00,20.00,MAN,0,74,NaN,74.00,0.00,0.00,74.00,NaN,NaN,NaN,NaN,NaN,NaN,NaN,NaN,NaN,NaN
1115.59,36.06,32.73,36.00,20.00,MAN,0,74,NaN,74.00,0.00,0.00,74.00,NaN,NaN,NaN,NaN,NaN,NaN,NaN,NaN,NaN,NaN
1116.59,36.03,32.76,36.00,20.00,MAN,0,74,NaN,74.00,0.00,0.00,74.00,NaN,NaN,NaN,NaN,NaN,NaN,NaN,NaN,NaN,NaN
1117.60,36.02,32.76,36.00,20.00,MAN,0,74,NaN,74.00,0.00,0.00,74.00,NaN,NaN,NaN,NaN,NaN,NaN,NaN,NaN,NaN,NaN
1118.60,36.02,32.79,36.00,20.00,MAN,0,74,NaN,74.00,0.00,0.00,74.00,NaN,NaN,NaN,NaN,NaN,NaN,NaN,NaN,NaN,NaN
1119.60,36.02,32.79,36.00,20.00,MAN,0,74,NaN,74.00,0.00,0.00,74.00,NaN,NaN,NaN,NaN,NaN,NaN,NaN,NaN,NaN,NaN
1120.60,36.02,32.83,36.00,20.00,MAN,0,74,NaN,74.00,0.00,0.00,74.00,NaN,NaN,NaN,NaN,NaN,NaN,NaN,NaN,NaN,NaN
1121.60,36.02,32.87,36.00,20.00,MAN,0,74,NaN,74.00,0.00,0.00,74.00,NaN,NaN,NaN,NaN,NaN,NaN,NaN,NaN,NaN,NaN
1122.60,36.00,32.87,36.00,20.00,MAN,0,74,NaN,74.00,0.00,0.00,74.00,NaN,NaN,NaN,NaN,NaN,NaN,NaN,NaN,NaN,NaN
1123.60,35.97,32.91,36.00,20.00,MAN,0,74,NaN,74.00,0.00,0.00,74.00,NaN,NaN,NaN,NaN,NaN,NaN,NaN,NaN,NaN,NaN
1124.61,35.95,32.91,36.00,20.00,MAN,0,74,NaN,74.00,0.00,0.00,74.00,NaN,NaN,NaN,NaN,NaN,NaN,NaN,NaN,NaN,NaN
1125.61,35.94,32.95,36.00,20.00,MAN,0,74,NaN,74.00,0.00,0.00,74.00,NaN,NaN,NaN,NaN,NaN,NaN,NaN,NaN,NaN,NaN
1126.61,35.93,32.95,36.00,20.00,MAN,0,74,NaN,74.00,0.00,0.00,74.00,NaN,NaN,NaN,NaN,NaN,NaN,NaN,NaN,NaN,NaN
1127.61,35.90,32.99,36.00,20.00,MAN,0,74,NaN,74.00,0.00,0.00,74.00,NaN,NaN,NaN,NaN,NaN,NaN,NaN,NaN,NaN,NaN
1128.61,35.89,32.99,36.00,20.00,MAN,0,74,NaN,74.00,0.00,0.00,74.00,NaN,NaN,NaN,NaN,NaN,NaN,NaN,NaN,NaN,NaN
1129.61,35.88,33.03,36.00,20.00,MAN,0,74,NaN,74.00,0.00,0.00,74.00,NaN,NaN,NaN,NaN,NaN,NaN,NaN,NaN,NaN,NaN
1130.61,35.86,33.03,36.00,20.00,MAN,0,74,NaN,74.00,0.00,0.00,74.00,NaN,NaN,NaN,NaN,NaN,NaN,NaN,NaN,NaN,NaN
1131.62,35.85,33.07,36.00,20.00,MAN,0,74,NaN,74.00,0.00,0.00,74.00,NaN,NaN,NaN,NaN,NaN,NaN,NaN,NaN,NaN,NaN
1132.62,35.84,33.05,36.00,20.00,MAN,0,74,NaN,74.00,0.00,0.00,74.00,NaN,NaN,NaN,NaN,NaN,NaN,NaN,NaN,NaN,NaN
1133.62,35.82,33.05,36.00,20.00,MAN,0,74,NaN,74.00,0.00,0.00,74.00,NaN,NaN,NaN,NaN,NaN,NaN,NaN,NaN,NaN,NaN
1134.62,35.81,33.09,36.00,20.00,MAN,0,74,NaN,74.00,0.00,0.00,74.00,NaN,NaN,NaN,NaN,NaN,NaN,NaN,NaN,NaN,NaN
1135.62,35.79,33.09,36.00,20.00,MAN,0,74,NaN,74.00,0.00,0.00,74.00,NaN,NaN,NaN,NaN,NaN,NaN,NaN,NaN,NaN,NaN
1136.62,35.78,33.14,36.00,20.00,MAN,0,74,NaN,74.00,0.00,0.00,74.00,NaN,NaN,NaN,NaN,NaN,NaN,NaN,NaN,NaN,NaN
1137.63,35.77,33.14,36.00,20.00,MAN,0,74,NaN,74.00,0.00,0.00,74.00,NaN,NaN,NaN,NaN,NaN,NaN,NaN,NaN,NaN,NaN
1138.63,35.74,33.18,36.00,20.00,MAN,0,74,NaN,74.00,0.00,0.00,74.00,NaN,NaN,NaN,NaN,NaN,NaN,NaN,NaN,NaN,NaN
1139.63,35.73,33.18,36.00,20.00,MAN,0,74,NaN,74.00,0.00,0.00,74.00,NaN,NaN,NaN,NaN,NaN,NaN,NaN,NaN,NaN,NaN
1140.63,35.72,33.22,36.00,20.00,MAN,0,74,NaN,74.00,0.00,0.00,74.00,NaN,NaN,NaN,NaN,NaN,NaN,NaN,NaN,NaN,NaN
1141.63,35.70,33.22,36.00,20.00,MAN,0,74,NaN,74.00,0.00,0.00,74.00,NaN,NaN,NaN,NaN,NaN,NaN,NaN,NaN,NaN,NaN
1142.64,35.69,33.25,36.00,20.00,MAN,0,74,NaN,74.00,0.00,0.00,74.00,NaN,NaN,NaN,NaN,NaN,NaN,NaN,NaN,NaN,NaN
1143.63,35.68,33.24,36.00,20.00,MAN,0,74,NaN,74.00,0.00,0.00,74.00,NaN,NaN,NaN,NaN,NaN,NaN,NaN,NaN,NaN,NaN
1144.64,35.66,33.28,36.00,20.00,MAN,0,74,NaN,74.00,0.00,0.00,74.00,NaN,NaN,NaN,NaN,NaN,NaN,NaN,NaN,NaN,NaN
1145.64,35.65,33.28,36.00,20.00,MAN,0,74,NaN,74.00,0.00,0.00,74.00,NaN,NaN,NaN,NaN,NaN,NaN,NaN,NaN,NaN,NaN
1146.64,35.64,33.32,36.00,20.00,MAN,0,74,NaN,74.00,0.00,0.00,74.00,NaN,NaN,NaN,NaN,NaN,NaN,NaN,NaN,NaN,NaN
1147.64,35.63,33.32,36.00,20.00,MAN,0,74,NaN,74.00,0.00,0.00,74.00,NaN,NaN,NaN,NaN,NaN,NaN,NaN,NaN,NaN,NaN
1148.64,35.60,33.36,36.00,20.00,MAN,0,74,NaN,74.00,0.00,0.00,74.00,NaN,NaN,NaN,NaN,NaN,NaN,NaN,NaN,NaN,NaN
1149.64,35.59,33.40,36.00,20.00,MAN,0,74,NaN,74.00,0.00,0.00,74.00,NaN,NaN,NaN,NaN,NaN,NaN,NaN,NaN,NaN,NaN
1150.65,35.58,33.40,36.00,20.00,MAN,0,74,NaN,74.00,0.00,0.00,74.00,NaN,NaN,NaN,NaN,NaN,NaN,NaN,NaN,NaN,NaN
1151.65,35.57,33.40,36.00,20.00,MAN,0,74,NaN,74.00,0.00,0.00,74.00,NaN,NaN,NaN,NaN,NaN,NaN,NaN,NaN,NaN,NaN
1152.65,35.55,33.40,36.00,20.00,MAN,0,74,NaN,74.00,0.00,0.00,74.00,NaN,NaN,NaN,NaN,NaN,NaN,NaN,NaN,NaN,NaN
1153.65,35.54,33.48,36.00,20.00,MAN,0,74,NaN,74.00,0.00,0.00,74.00,NaN,NaN,NaN,NaN,NaN,NaN,NaN,NaN,NaN,NaN
1154.65,35.53,33.48,36.00,20.00,MAN,0,74,NaN,74.00,0.00,0.00,74.00,NaN,NaN,NaN,NaN,NaN,NaN,NaN,NaN,NaN,NaN
1155.65,35.52,33.48,36.00,20.00,MAN,0,74,NaN,74.00,0.00,0.00,74.00,NaN,NaN,NaN,NaN,NaN,NaN,NaN,NaN,NaN,NaN
1156.66,35.51,33.51,36.00,20.00,MAN,0,74,NaN,74.00,0.00,0.00,74.00,NaN,NaN,NaN,NaN,NaN,NaN,NaN,NaN,NaN,NaN
1157.66,35.49,33.54,36.00,20.00,MAN,0,74,NaN,74.00,0.00,0.00,74.00,NaN,NaN,NaN,NaN,NaN,NaN,NaN,NaN,NaN,NaN
1158.66,35.48,33.54,36.00,20.00,MAN,0,74,NaN,74.00,0.00,0.00,74.00,NaN,NaN,NaN,NaN,NaN,NaN,NaN,NaN,NaN,NaN
1159.66,35.47,33.58,36.00,20.00,MAN,0,74,NaN,74.00,0.00,0.00,74.00,NaN,NaN,NaN,NaN,NaN,NaN,NaN,NaN,NaN,NaN
1160.66,35.44,33.58,36.00,20.00,MAN,0,74,NaN,74.00,0.00,0.00,74.00,NaN,NaN,NaN,NaN,NaN,NaN,NaN,NaN,NaN,NaN
1161.67,35.43,33.63,36.00,20.00,MAN,0,74,NaN,74.00,0.00,0.00,74.00,NaN,NaN,NaN,NaN,NaN,NaN,NaN,NaN,NaN,NaN
1162.66,35.42,33.63,36.00,20.00,MAN,0,74,NaN,74.00,0.00,0.00,74.00,NaN,NaN,NaN,NaN,NaN,NaN,NaN,NaN,NaN,NaN
1163.67,35.41,33.67,36.00,20.00,MAN,0,74,NaN,74.00,0.00,0.00,74.00,NaN,NaN,NaN,NaN,NaN,NaN,NaN,NaN,NaN,NaN
1164.67,35.40,33.67,36.00,20.00,MAN,0,74,NaN,74.00,0.00,0.00,74.00,NaN,NaN,NaN,NaN,NaN,NaN,NaN,NaN,NaN,NaN
1165.67,35.39,33.70,36.00,20.00,MAN,0,74,NaN,74.00,0.00,0.00,74.00,NaN,NaN,NaN,NaN,NaN,NaN,NaN,NaN,NaN,NaN
1166.68,35.36,33.70,36.00,20.00,MAN,0,74,NaN,74.00,0.00,0.00,74.00,NaN,NaN,NaN,NaN,NaN,NaN,NaN,NaN,NaN,NaN
1167.76,35.34,33.75,36.00,20.00,MAN,0,74,NaN,74.00,0.00,0.00,74.00,NaN,NaN,NaN,NaN,NaN,NaN,NaN,NaN,NaN,NaN
1168.68,35.33,33.73,36.00,20.00,MAN,0,74,NaN,74.00,0.00,0.00,74.00,NaN,NaN,NaN,NaN,NaN,NaN,NaN,NaN,NaN,NaN
1169.68,35.30,33.77,36.00,20.00,MAN,0,74,NaN,74.00,0.00,0.00,74.00,NaN,NaN,NaN,NaN,NaN,NaN,NaN,NaN,NaN,NaN
1170.68,35.28,33.81,36.00,20.00,MAN,0,74,NaN,74.00,0.00,0.00,74.00,NaN,NaN,NaN,NaN,NaN,NaN,NaN,NaN,NaN,NaN
1171.68,35.27,33.81,36.00,20.00,MAN,0,74,NaN,74.00,0.00,0.00,74.00,NaN,NaN,NaN,NaN,NaN,NaN,NaN,NaN,NaN,NaN
1172.68,35.25,33.85,36.00,20.00,MAN,0,74,NaN,74.00,0.00,0.00,74.00,NaN,NaN,NaN,NaN,NaN,NaN,NaN,NaN,NaN,NaN
1173.68,35.24,33.85,36.00,20.00,MAN,0,74,NaN,74.00,0.00,0.00,74.00,NaN,NaN,NaN,NaN,NaN,NaN,NaN,NaN,NaN,NaN
1174.69,35.24,33.85,36.00,20.00,MAN,0,74,NaN,74.00,0.00,0.00,74.00,NaN,NaN,NaN,NaN,NaN,NaN,NaN,NaN,NaN,NaN
1175.68,35.23,33.85,36.00,20.00,MAN,0,74,NaN,74.00,0.00,0.00,74.00,NaN,NaN,NaN,NaN,NaN,NaN,NaN,NaN,NaN,NaN
1176.69,35.22,33.85,36.00,20.00,MAN,0,74,NaN,74.00,0.00,0.00,74.00,NaN,NaN,NaN,NaN,NaN,NaN,NaN,NaN,NaN,NaN
1177.69,35.22,33.89,36.00,20.00,MAN,0,74,NaN,74.00,0.00,0.00,74.00,NaN,NaN,NaN,NaN,NaN,NaN,NaN,NaN,NaN,NaN
1178.69,35.21,33.89,36.00,20.00,MAN,0,74,NaN,74.00,0.00,0.00,74.00,NaN,NaN,NaN,NaN,NaN,NaN,NaN,NaN,NaN,NaN
1179.69,35.21,33.89,36.00,20.00,MAN,0,74,NaN,74.00,0.00,0.00,74.00,NaN,NaN,NaN,NaN,NaN,NaN,NaN,NaN,NaN,NaN
1180.69,35.20,33.89,36.00,20.00,MAN,0,74,NaN,74.00,0.00,0.00,74.00,NaN,NaN,NaN,NaN,NaN,NaN,NaN,NaN,NaN,NaN
1181.69,35.20,33.89,36.00,20.00,MAN,0,74,NaN,74.00,0.00,0.00,74.00,NaN,NaN,NaN,NaN,NaN,NaN,NaN,NaN,NaN,NaN
1182.70,35.19,33.93,36.00,20.00,MAN,0,74,NaN,74.00,0.00,0.00,74.00,NaN,NaN,NaN,NaN,NaN,NaN,NaN,NaN,NaN,NaN
1183.70,35.20,33.93,36.00,20.00,MAN,0,74,NaN,74.00,0.00,0.00,74.00,NaN,NaN,NaN,NaN,NaN,NaN,NaN,NaN,NaN,NaN
1184.70,35.20,33.93,36.00,20.00,MAN,0,74,NaN,74.00,0.00,0.00,74.00,NaN,NaN,NaN,NaN,NaN,NaN,NaN,NaN,NaN,NaN
1185.70,35.19,33.93,36.00,20.00,MAN,0,74,NaN,74.00,0.00,0.00,74.00,NaN,NaN,NaN,NaN,NaN,NaN,NaN,NaN,NaN,NaN
1186.70,35.20,33.93,36.00,20.00,MAN,0,74,NaN,74.00,0.00,0.00,74.00,NaN,NaN,NaN,NaN,NaN,NaN,NaN,NaN,NaN,NaN
1187.71,35.20,33.93,36.00,20.00,MAN,0,74,NaN,74.00,0.00,0.00,74.00,NaN,NaN,NaN,NaN,NaN,NaN,NaN,NaN,NaN,NaN
1188.71,35.20,33.93,36.00,20.00,MAN,0,74,NaN,74.00,0.00,0.00,74.00,NaN,NaN,NaN,NaN,NaN,NaN,NaN,NaN,NaN,NaN
1189.71,35.22,33.93,36.00,20.00,MAN,0,74,NaN,74.00,0.00,0.00,74.00,NaN,NaN,NaN,NaN,NaN,NaN,NaN,NaN,NaN,NaN
1190.71,35.23,33.93,36.00,20.00,MAN,0,74,NaN,74.00,0.00,0.00,74.00,NaN,NaN,NaN,NaN,NaN,NaN,NaN,NaN,NaN,NaN
1191.71,35.23,33.93,36.00,20.00,MAN,0,74,NaN,74.00,0.00,0.00,74.00,NaN,NaN,NaN,NaN,NaN,NaN,NaN,NaN,NaN,NaN
1192.71,35.24,33.89,36.00,20.00,MAN,0,74,NaN,74.00,0.00,0.00,74.00,NaN,NaN,NaN,NaN,NaN,NaN,NaN,NaN,NaN,NaN
1193.72,35.25,33.89,36.00,20.00,MAN,0,74,NaN,74.00,0.00,0.00,74.00,NaN,NaN,NaN,NaN,NaN,NaN,NaN,NaN,NaN,NaN
1194.71,35.25,33.89,36.00,20.00,MAN,0,74,NaN,74.00,0.00,0.00,74.00,NaN,NaN,NaN,NaN,NaN,NaN,NaN,NaN,NaN,NaN
1195.72,35.26,33.89,36.00,20.00,MAN,0,74,NaN,74.00,0.00,0.00,74.00,NaN,NaN,NaN,NaN,NaN,NaN,NaN,NaN,NaN,NaN
1196.72,35.28,33.85,36.00,20.00,MAN,0,74,NaN,74.00,0.00,0.00,74.00,NaN,NaN,NaN,NaN,NaN,NaN,NaN,NaN,NaN,NaN
1197.72,35.30,33.85,36.00,20.00,MAN,0,74,NaN,74.00,0.00,0.00,74.00,NaN,NaN,NaN,NaN,NaN,NaN,NaN,NaN,NaN,NaN
1198.72,35.31,33.85,36.00,20.00,MAN,0,74,NaN,74.00,0.00,0.00,74.00,NaN,NaN,NaN,NaN,NaN,NaN,NaN,NaN,NaN,NaN
1199.72,35.33,33.83,36.00,20.00,MAN,0,74,NaN,74.00,0.00,0.00,74.00,NaN,NaN,NaN,NaN,NaN,NaN,NaN,NaN,NaN,NaN
1200.73,35.35,33.83,36.00,20.00,MAN,0,74,NaN,74.00,0.00,0.00,74.00,NaN,NaN,NaN,NaN,NaN,NaN,NaN,NaN,NaN,NaN
1201.73,35.37,33.79,36.00,20.00,MAN,0,74,NaN,74.00,0.00,0.00,74.00,NaN,NaN,NaN,NaN,NaN,NaN,NaN,NaN,NaN,NaN
1202.73,35.38,33.79,36.00,20.00,MAN,0,74,NaN,74.00,0.00,0.00,74.00,NaN,NaN,NaN,NaN,NaN,NaN,NaN,NaN,NaN,NaN
1203.73,35.40,33.75,36.00,20.00,MAN,0,74,NaN,74.00,0.00,0.00,74.00,NaN,NaN,NaN,NaN,NaN,NaN,NaN,NaN,NaN,NaN
1204.73,35.41,33.75,36.00,20.00,MAN,0,74,NaN,74.00,0.00,0.00,74.00,NaN,NaN,NaN,NaN,NaN,NaN,NaN,NaN,NaN,NaN
1205.73,35.42,33.70,36.00,20.00,MAN,0,74,NaN,74.00,0.00,0.00,74.00,NaN,NaN,NaN,NaN,NaN,NaN,NaN,NaN,NaN,NaN
1206.74,35.44,33.70,36.00,20.00,MAN,0,74,NaN,74.00,0.00,0.00,74.00,NaN,NaN,NaN,NaN,NaN,NaN,NaN,NaN,NaN,NaN
1207.74,35.45,33.67,36.00,20.00,MAN,0,74,NaN,74.00,0.00,0.00,74.00,NaN,NaN,NaN,NaN,NaN,NaN,NaN,NaN,NaN,NaN
1208.74,35.48,33.63,36.00,20.00,MAN,0,74,NaN,74.00,0.00,0.00,74.00,NaN,NaN,NaN,NaN,NaN,NaN,NaN,NaN,NaN,NaN
1209.74,35.50,33.63,36.00,20.00,MAN,0,74,NaN,74.00,0.00,0.00,74.00,NaN,NaN,NaN,NaN,NaN,NaN,NaN,NaN,NaN,NaN
1210.74,35.51,33.58,36.00,20.00,MAN,0,74,NaN,74.00,0.00,0.00,74.00,NaN,NaN,NaN,NaN,NaN,NaN,NaN,NaN,NaN,NaN
1211.74,35.53,33.60,36.00,20.00,MAN,0,74,NaN,74.00,0.00,0.00,74.00,NaN,NaN,NaN,NaN,NaN,NaN,NaN,NaN,NaN,NaN
1212.74,35.56,33.57,36.00,20.00,MAN,0,74,NaN,74.00,0.00,0.00,74.00,NaN,NaN,NaN,NaN,NaN,NaN,NaN,NaN,NaN,NaN
1213.75,35.57,33.52,36.00,20.00,MAN,0,74,NaN,74.00,0.00,0.00,74.00,NaN,NaN,NaN,NaN,NaN,NaN,NaN,NaN,NaN,NaN
1214.75,35.59,33.48,36.00,20.00,MAN,0,74,NaN,74.00,0.00,0.00,74.00,NaN,NaN,NaN,NaN,NaN,NaN,NaN,NaN,NaN,NaN
1215.75,35.62,33.48,36.00,20.00,MAN,0,74,NaN,74.00,0.00,0.00,74.00,NaN,NaN,NaN,NaN,NaN,NaN,NaN,NaN,NaN,NaN
1216.75,35.64,33.40,36.00,20.00,MAN,0,74,NaN,74.00,0.00,0.00,74.00,NaN,NaN,NaN,NaN,NaN,NaN,NaN,NaN,NaN,NaN
1217.75,35.66,33.40,36.00,20.00,MAN,0,74,NaN,74.00,0.00,0.00,74.00,NaN,NaN,NaN,NaN,NaN,NaN,NaN,NaN,NaN,NaN
1218.75,35.67,33.40,36.00,20.00,MAN,0,74,NaN,74.00,0.00,0.00,74.00,NaN,NaN,NaN,NaN,NaN,NaN,NaN,NaN,NaN,NaN
1219.76,35.69,33.38,36.00,20.00,MAN,0,74,NaN,74.00,0.00,0.00,74.00,NaN,NaN,NaN,NaN,NaN,NaN,NaN,NaN,NaN,NaN
1220.76,35.72,33.34,36.00,20.00,MAN,0,74,NaN,74.00,0.00,0.00,74.00,NaN,NaN,NaN,NaN,NaN,NaN,NaN,NaN,NaN,NaN
1221.76,35.73,33.34,36.00,20.00,MAN,0,74,NaN,74.00,0.00,0.00,74.00,NaN,NaN,NaN,NaN,NaN,NaN,NaN,NaN,NaN,NaN
1222.76,35.77,33.30,36.00,20.00,MAN,0,74,NaN,74.00,0.00,0.00,74.00,NaN,NaN,NaN,NaN,NaN,NaN,NaN,NaN,NaN,NaN
1223.76,35.79,33.25,36.00,20.00,MAN,0,74,NaN,74.00,0.00,0.00,74.00,NaN,NaN,NaN,NaN,NaN,NaN,NaN,NaN,NaN,NaN
1224.76,35.80,33.22,36.00,20.00,MAN,0,74,NaN,74.00,0.00,0.00,74.00,NaN,NaN,NaN,NaN,NaN,NaN,NaN,NaN,NaN,NaN
1225.76,35.82,33.22,36.00,20.00,MAN,0,74,NaN,74.00,0.00,0.00,74.00,NaN,NaN,NaN,NaN,NaN,NaN,NaN,NaN,NaN,NaN
1226.76,35.85,33.19,36.00,20.00,MAN,0,74,NaN,74.00,0.00,0.00,74.00,NaN,NaN,NaN,NaN,NaN,NaN,NaN,NaN,NaN,NaN
1227.77,35.87,33.15,36.00,20.00,MAN,0,74,NaN,74.00,0.00,0.00,74.00,NaN,NaN,NaN,NaN,NaN,NaN,NaN,NaN,NaN,NaN
1228.77,35.90,33.12,36.00,20.00,MAN,0,74,NaN,74.00,0.00,0.00,74.00,NaN,NaN,NaN,NaN,NaN,NaN,NaN,NaN,NaN,NaN
1229.77,35.93,33.07,36.00,20.00,MAN,0,74,NaN,74.00,0.00,0.00,74.00,NaN,NaN,NaN,NaN,NaN,NaN,NaN,NaN,NaN,NaN
1230.77,35.95,33.07,36.00,20.00,MAN,0,74,NaN,74.00,0.00,0.00,74.00,NaN,NaN,NaN,NaN,NaN,NaN,NaN,NaN,NaN,NaN
1231.77,35.98,33.03,36.00,20.00,MAN,0,74,NaN,74.00,0.00,0.00,74.00,NaN,NaN,NaN,NaN,NaN,NaN,NaN,NaN,NaN,NaN
1232.78,36.02,32.99,36.00,20.00,MAN,0,74,NaN,74.00,0.00,0.00,74.00,NaN,NaN,NaN,NaN,NaN,NaN,NaN,NaN,NaN,NaN
1233.78,36.02,32.99,36.00,20.00,MAN,0,74,NaN,74.00,0.00,0.00,74.00,NaN,NaN,NaN,NaN,NaN,NaN,NaN,NaN,NaN,NaN
1234.78,36.02,32.95,36.00,20.00,MAN,0,74,NaN,74.00,0.00,0.00,74.00,NaN,NaN,NaN,NaN,NaN,NaN,NaN,NaN,NaN,NaN
1235.78,36.03,32.93,36.00,20.00,MAN,0,74,NaN,74.00,0.00,0.00,74.00,NaN,NaN,NaN,NaN,NaN,NaN,NaN,NaN,NaN,NaN
1236.78,36.08,32.89,36.00,20.00,MAN,0,74,NaN,74.00,0.00,0.00,74.00,NaN,NaN,NaN,NaN,NaN,NaN,NaN,NaN,NaN,NaN
1237.79,36.11,32.85,36.00,20.00,MAN,0,74,NaN,74.00,0.00,0.00,74.00,NaN,NaN,NaN,NaN,NaN,NaN,NaN,NaN,NaN,NaN
1238.79,36.13,32.80,36.00,20.00,MAN,0,74,NaN,74.00,0.00,0.00,74.00,NaN,NaN,NaN,NaN,NaN,NaN,NaN,NaN,NaN,NaN
1239.79,36.16,32.76,36.00,20.00,MAN,0,74,NaN,74.00,0.00,0.00,74.00,NaN,NaN,NaN,NaN,NaN,NaN,NaN,NaN,NaN,NaN
1240.79,36.18,32.76,36.00,20.00,MAN,0,74,NaN,74.00,0.00,0.00,74.00,NaN,NaN,NaN,NaN,NaN,NaN,NaN,NaN,NaN,NaN
1241.79,36.21,32.73,36.00,20.00,MAN,0,74,NaN,74.00,0.00,0.00,74.00,NaN,NaN,NaN,NaN,NaN,NaN,NaN,NaN,NaN,NaN
1242.79,36.23,32.70,36.00,20.00,MAN,0,74,NaN,74.00,0.00,0.00,74.00,NaN,NaN,NaN,NaN,NaN,NaN,NaN,NaN,NaN,NaN
1243.79,36.24,32.70,36.00,20.00,MAN,0,74,NaN,74.00,0.00,0.00,74.00,NaN,NaN,NaN,NaN,NaN,NaN,NaN,NaN,NaN,NaN
1244.79,36.26,32.66,36.00,20.00,MAN,0,74,NaN,74.00,0.00,0.00,74.00,NaN,NaN,NaN,NaN,NaN,NaN,NaN,NaN,NaN,NaN
1245.80,36.28,32.58,36.00,20.00,MAN,0,74,NaN,74.00,0.00,0.00,74.00,NaN,NaN,NaN,NaN,NaN,NaN,NaN,NaN,NaN,NaN
1246.80,36.31,32.58,36.00,20.00,MAN,0,74,NaN,74.00,0.00,0.00,74.00,NaN,NaN,NaN,NaN,NaN,NaN,NaN,NaN,NaN,NaN
1247.80,36.33,32.54,36.00,20.00,MAN,0,74,NaN,74.00,0.00,0.00,74.00,NaN,NaN,NaN,NaN,NaN,NaN,NaN,NaN,NaN,NaN
1248.80,36.36,32.52,36.00,20.00,MAN,0,74,NaN,74.00,0.00,0.00,74.00,NaN,NaN,NaN,NaN,NaN,NaN,NaN,NaN,NaN,NaN
1249.80,36.38,32.48,36.00,20.00,MAN,0,74,NaN,74.00,0.00,0.00,74.00,NaN,NaN,NaN,NaN,NaN,NaN,NaN,NaN,NaN,NaN
1250.80,36.40,32.48,36.00,20.00,MAN,0,74,NaN,74.00,0.00,0.00,74.00,NaN,NaN,NaN,NaN,NaN,NaN,NaN,NaN,NaN,NaN
1251.81,36.43,32.44,36.00,20.00,MAN,0,74,NaN,74.00,0.00,0.00,74.00,NaN,NaN,NaN,NaN,NaN,NaN,NaN,NaN,NaN,NaN
1252.81,36.45,32.40,36.00,20.00,MAN,0,74,NaN,74.00,0.00,0.00,74.00,NaN,NaN,NaN,NaN,NaN,NaN,NaN,NaN,NaN,NaN
1253.81,36.46,32.35,36.00,20.00,MAN,0,74,NaN,74.00,0.00,0.00,74.00,NaN,NaN,NaN,NaN,NaN,NaN,NaN,NaN,NaN,NaN
1254.81,36.48,32.35,36.00,20.00,MAN,0,74,NaN,74.00,0.00,0.00,74.00,NaN,NaN,NaN,NaN,NaN,NaN,NaN,NaN,NaN,NaN
1255.81,36.51,32.31,36.00,20.00,MAN,0,74,NaN,74.00,0.00,0.00,74.00,NaN,NaN,NaN,NaN,NaN,NaN,NaN,NaN,NaN,NaN
1256.82,36.53,32.28,36.00,20.00,MAN,0,74,NaN,74.00,0.00,0.00,74.00,NaN,NaN,NaN,NaN,NaN,NaN,NaN,NaN,NaN,NaN
1257.81,36.55,32.29,36.00,20.00,MAN,0,74,NaN,74.00,0.00,0.00,74.00,NaN,NaN,NaN,NaN,NaN,NaN,NaN,NaN,NaN,NaN
1258.82,36.59,32.25,36.00,20.00,MAN,0,74,NaN,74.00,0.00,0.00,74.00,NaN,NaN,NaN,NaN,NaN,NaN,NaN,NaN,NaN,NaN
1259.82,36.62,32.21,36.00,20.00,MAN,0,74,NaN,74.00,0.00,0.00,74.00,NaN,NaN,NaN,NaN,NaN,NaN,NaN,NaN,NaN,NaN
1260.82,36.63,32.21,36.00,20.00,MAN,0,74,NaN,74.00,0.00,0.00,74.00,NaN,NaN,NaN,NaN,NaN,NaN,NaN,NaN,NaN,NaN
1261.82,36.64,32.17,36.00,20.00,MAN,0,74,NaN,74.00,0.00,0.00,74.00,NaN,NaN,NaN,NaN,NaN,NaN,NaN,NaN,NaN,NaN
1262.82,36.66,32.13,36.00,20.00,MAN,0,74,NaN,74.00,0.00,0.00,74.00,NaN,NaN,NaN,NaN,NaN,NaN,NaN,NaN,NaN,NaN
1263.82,36.67,32.13,36.00,20.00,MAN,0,74,NaN,74.00,0.00,0.00,74.00,NaN,NaN,NaN,NaN,NaN,NaN,NaN,NaN,NaN,NaN
1264.83,36.69,32.13,36.00,20.00,MAN,0,74,NaN,74.00,0.00,0.00,74.00,NaN,NaN,NaN,NaN,NaN,NaN,NaN,NaN,NaN,NaN
1265.83,36.70,32.11,36.00,20.00,MAN,0,74,NaN,74.00,0.00,0.00,74.00,NaN,NaN,NaN,NaN,NaN,NaN,NaN,NaN,NaN,NaN
1266.83,36.72,32.11,36.00,20.00,MAN,0,74,NaN,74.00,0.00,0.00,74.00,NaN,NaN,NaN,NaN,NaN,NaN,NaN,NaN,NaN,NaN
1267.83,36.72,32.06,36.00,20.00,MAN,0,74,NaN,74.00,0.00,0.00,74.00,NaN,NaN,NaN,NaN,NaN,NaN,NaN,NaN,NaN,NaN
1268.83,36.73,32.06,36.00,20.00,MAN,0,74,NaN,74.00,0.00,0.00,74.00,NaN,NaN,NaN,NaN,NaN,NaN,NaN,NaN,NaN,NaN
1269.84,36.73,32.02,36.00,20.00,MAN,0,74,NaN,74.00,0.00,0.00,74.00,NaN,NaN,NaN,NaN,NaN,NaN,NaN,NaN,NaN,NaN
1270.84,36.73,32.02,36.00,20.00,MAN,0,74,NaN,74.00,0.00,0.00,74.00,NaN,NaN,NaN,NaN,NaN,NaN,NaN,NaN,NaN,NaN
1271.84,36.73,32.02,36.00,20.00,MAN,0,74,NaN,74.00,0.00,0.00,74.00,NaN,NaN,NaN,NaN,NaN,NaN,NaN,NaN,NaN,NaN
1272.84,36.73,32.02,36.00,20.00,MAN,0,74,NaN,74.00,0.00,0.00,74.00,NaN,NaN,NaN,NaN,NaN,NaN,NaN,NaN,NaN,NaN
1273.84,36.74,31.99,36.00,20.00,MAN,0,74,NaN,74.00,0.00,0.00,74.00,NaN,NaN,NaN,NaN,NaN,NaN,NaN,NaN,NaN,NaN
1274.84,36.73,31.99,36.00,20.00,MAN,0,74,NaN,74.00,0.00,0.00,74.00,NaN,NaN,NaN,NaN,NaN,NaN,NaN,NaN,NaN,NaN
1275.84,36.74,31.99,36.00,20.00,MAN,0,74,NaN,74.00,0.00,0.00,74.00,NaN,NaN,NaN,NaN,NaN,NaN,NaN,NaN,NaN,NaN
1276.84,36.74,31.99,36.00,20.00,MAN,0,74,NaN,74.00,0.00,0.00,74.00,NaN,NaN,NaN,NaN,NaN,NaN,NaN,NaN,NaN,NaN
1277.85,36.73,31.99,36.00,20.00,MAN,0,74,NaN,74.00,0.00,0.00,74.00,NaN,NaN,NaN,NaN,NaN,NaN,NaN,NaN,NaN,NaN
1278.85,36.74,31.99,36.00,20.00,MAN,0,74,NaN,74.00,0.00,0.00,74.00,NaN,NaN,NaN,NaN,NaN,NaN,NaN,NaN,NaN,NaN
1279.85,36.73,31.99,36.00,20.00,MAN,0,74,NaN,74.00,0.00,0.00,74.00,NaN,NaN,NaN,NaN,NaN,NaN,NaN,NaN,NaN,NaN
1280.85,36.74,32.02,36.00,20.00,MAN,0,74,NaN,74.00,0.00,0.00,74.00,NaN,NaN,NaN,NaN,NaN,NaN,NaN,NaN,NaN,NaN
1281.85,36.73,32.02,36.00,20.00,MAN,0,74,NaN,74.00,0.00,0.00,74.00,NaN,NaN,NaN,NaN,NaN,NaN,NaN,NaN,NaN,NaN
1282.86,36.73,32.02,36.00,20.00,MAN,0,74,NaN,74.00,0.00,0.00,74.00,NaN,NaN,NaN,NaN,NaN,NaN,NaN,NaN,NaN,NaN
1283.86,36.73,32.02,36.00,20.00,MAN,0,74,NaN,74.00,0.00,0.00,74.00,NaN,NaN,NaN,NaN,NaN,NaN,NaN,NaN,NaN,NaN
1284.86,36.73,32.02,36.00,20.00,MAN,0,74,NaN,74.00,0.00,0.00,74.00,NaN,NaN,NaN,NaN,NaN,NaN,NaN,NaN,NaN,NaN
1285.86,36.72,32.02,36.00,20.00,MAN,0,74,NaN,74.00,0.00,0.00,74.00,NaN,NaN,NaN,NaN,NaN,NaN,NaN,NaN,NaN,NaN
1286.86,36.72,32.06,36.00,20.00,MAN,0,74,NaN,74.00,0.00,0.00,74.00,NaN,NaN,NaN,NaN,NaN,NaN,NaN,NaN,NaN,NaN
1287.86,36.72,32.06,36.00,20.00,MAN,0,74,NaN,74.00,0.00,0.00,74.00,NaN,NaN,NaN,NaN,NaN,NaN,NaN,NaN,NaN,NaN
1288.87,36.71,32.06,36.00,20.00,MAN,0,74,NaN,74.00,0.00,0.00,74.00,NaN,NaN,NaN,NaN,NaN,NaN,NaN,NaN,NaN,NaN
1289.87,36.71,32.05,36.00,20.00,MAN,0,74,NaN,74.00,0.00,0.00,74.00,NaN,NaN,NaN,NaN,NaN,NaN,NaN,NaN,NaN,NaN
1290.87,36.70,32.06,36.00,20.00,MAN,0,74,NaN,74.00,0.00,0.00,74.00,NaN,NaN,NaN,NaN,NaN,NaN,NaN,NaN,NaN,NaN
1291.87,36.69,32.05,36.00,20.00,MAN,0,74,NaN,74.00,0.00,0.00,74.00,NaN,NaN,NaN,NaN,NaN,NaN,NaN,NaN,NaN,NaN
1292.87,36.69,32.05,36.00,20.00,MAN,0,74,NaN,74.00,0.00,0.00,74.00,NaN,NaN,NaN,NaN,NaN,NaN,NaN,NaN,NaN,NaN
1293.87,36.68,32.09,36.00,20.00,MAN,0,74,NaN,74.00,0.00,0.00,74.00,NaN,NaN,NaN,NaN,NaN,NaN,NaN,NaN,NaN,NaN
1294.87,36.67,32.09,36.00,20.00,MAN,0,74,NaN,74.00,0.00,0.00,74.00,NaN,NaN,NaN,NaN,NaN,NaN,NaN,NaN,NaN,NaN
1295.87,36.67,32.09,36.00,20.00,MAN,0,74,NaN,74.00,0.00,0.00,74.00,NaN,NaN,NaN,NaN,NaN,NaN,NaN,NaN,NaN,NaN
1296.88,36.66,32.09,36.00,20.00,MAN,0,74,NaN,74.00,0.00,0.00,74.00,NaN,NaN,NaN,NaN,NaN,NaN,NaN,NaN,NaN,NaN
1297.88,36.64,32.09,36.00,20.00,MAN,0,74,NaN,74.00,0.00,0.00,74.00,NaN,NaN,NaN,NaN,NaN,NaN,NaN,NaN,NaN,NaN
1298.88,36.63,32.09,36.00,20.00,MAN,0,74,NaN,74.00,0.00,0.00,74.00,NaN,NaN,NaN,NaN,NaN,NaN,NaN,NaN,NaN,NaN
1299.88,36.62,32.09,36.00,20.00,MAN,0,74,NaN,74.00,0.00,0.00,74.00,NaN,NaN,NaN,NaN,NaN,NaN,NaN,NaN,NaN,NaN
1300.88,36.62,32.13,36.00,20.00,MAN,0,74,NaN,74.00,0.00,0.00,74.00,NaN,NaN,NaN,NaN,NaN,NaN,NaN,NaN,NaN,NaN
1301.89,36.61,32.13,36.00,20.00,MAN,0,74,NaN,74.00,0.00,0.00,74.00,NaN,NaN,NaN,NaN,NaN,NaN,NaN,NaN,NaN,NaN
1302.89,36.60,32.13,36.00,20.00,MAN,0,74,NaN,74.00,0.00,0.00,74.00,NaN,NaN,NaN,NaN,NaN,NaN,NaN,NaN,NaN,NaN
1303.89,36.59,32.13,36.00,20.00,MAN,0,74,NaN,74.00,0.00,0.00,74.00,NaN,NaN,NaN,NaN,NaN,NaN,NaN,NaN,NaN,NaN
1304.89,36.58,32.13,36.00,20.00,MAN,0,74,NaN,74.00,0.00,0.00,74.00,NaN,NaN,NaN,NaN,NaN,NaN,NaN,NaN,NaN,NaN
1305.89,36.57,32.17,36.00,20.00,MAN,0,74,NaN,74.00,0.00,0.00,74.00,NaN,NaN,NaN,NaN,NaN,NaN,NaN,NaN,NaN,NaN
1306.89,36.57,32.17,36.00,20.00,MAN,0,74,NaN,74.00,0.00,0.00,74.00,NaN,NaN,NaN,NaN,NaN,NaN,NaN,NaN,NaN,NaN
1307.89,36.55,32.15,36.00,20.00,MAN,0,74,NaN,74.00,0.00,0.00,74.00,NaN,NaN,NaN,NaN,NaN,NaN,NaN,NaN,NaN,NaN
1308.90,36.54,32.19,36.00,20.00,MAN,0,74,NaN,74.00,0.00,0.00,74.00,NaN,NaN,NaN,NaN,NaN,NaN,NaN,NaN,NaN,NaN
1309.90,36.53,32.23,36.00,20.00,MAN,0,74,NaN,74.00,0.00,0.00,74.00,NaN,NaN,NaN,NaN,NaN,NaN,NaN,NaN,NaN,NaN
1310.90,36.52,32.28,36.00,20.00,MAN,0,74,NaN,74.00,0.00,0.00,74.00,NaN,NaN,NaN,NaN,NaN,NaN,NaN,NaN,NaN,NaN
1311.90,36.51,32.28,36.00,20.00,MAN,0,74,NaN,74.00,0.00,0.00,74.00,NaN,NaN,NaN,NaN,NaN,NaN,NaN,NaN,NaN,NaN
1312.90,36.49,32.31,36.00,20.00,MAN,0,74,NaN,74.00,0.00,0.00,74.00,NaN,NaN,NaN,NaN,NaN,NaN,NaN,NaN,NaN,NaN
1313.90,36.48,32.35,36.00,20.00,MAN,0,74,NaN,74.00,0.00,0.00,74.00,NaN,NaN,NaN,NaN,NaN,NaN,NaN,NaN,NaN,NaN
1314.91,36.47,32.35,36.00,20.00,MAN,0,74,NaN,74.00,0.00,0.00,74.00,NaN,NaN,NaN,NaN,NaN,NaN,NaN,NaN,NaN,NaN
1315.91,36.46,32.40,36.00,20.00,MAN,0,74,NaN,74.00,0.00,0.00,74.00,NaN,NaN,NaN,NaN,NaN,NaN,NaN,NaN,NaN,NaN
1316.91,36.45,32.40,36.00,20.00,MAN,0,74,NaN,74.00,0.00,0.00,74.00,NaN,NaN,NaN,NaN,NaN,NaN,NaN,NaN,NaN,NaN
1317.91,36.43,32.40,36.00,20.00,MAN,0,74,NaN,74.00,0.00,0.00,74.00,NaN,NaN,NaN,NaN,NaN,NaN,NaN,NaN,NaN,NaN
1318.91,36.42,32.44,36.00,20.00,MAN,0,74,NaN,74.00,0.00,0.00,74.00,NaN,NaN,NaN,NaN,NaN,NaN,NaN,NaN,NaN,NaN
1319.91,36.41,32.44,36.00,20.00,MAN,0,74,NaN,74.00,0.00,0.00,74.00,NaN,NaN,NaN,NaN,NaN,NaN,NaN,NaN,NaN,NaN
1320.92,36.40,32.48,36.00,20.00,MAN,0,74,NaN,74.00,0.00,0.00,74.00,NaN,NaN,NaN,NaN,NaN,NaN,NaN,NaN,NaN,NaN
1321.92,36.39,32.52,36.00,20.00,MAN,0,74,NaN,74.00,0.00,0.00,74.00,NaN,NaN,NaN,NaN,NaN,NaN,NaN,NaN,NaN,NaN
1322.92,36.38,32.52,36.00,20.00,MAN,0,74,NaN,74.00,0.00,0.00,74.00,NaN,NaN,NaN,NaN,NaN,NaN,NaN,NaN,NaN,NaN
1323.92,36.37,32.52,36.00,20.00,MAN,0,74,NaN,74.00,0.00,0.00,74.00,NaN,NaN,NaN,NaN,NaN,NaN,NaN,NaN,NaN,NaN
1324.92,36.34,32.54,36.00,20.00,MAN,0,74,NaN,74.00,0.00,0.00,74.00,NaN,NaN,NaN,NaN,NaN,NaN,NaN,NaN,NaN,NaN
1325.92,36.33,32.54,36.00,20.00,MAN,0,74,NaN,74.00,0.00,0.00,74.00,NaN,NaN,NaN,NaN,NaN,NaN,NaN,NaN,NaN,NaN
1326.92,36.32,32.58,36.00,20.00,MAN,0,74,NaN,74.00,0.00,0.00,74.00,NaN,NaN,NaN,NaN,NaN,NaN,NaN,NaN,NaN,NaN
1327.93,36.31,32.58,36.00,20.00,MAN,0,74,NaN,74.00,0.00,0.00,74.00,NaN,NaN,NaN,NaN,NaN,NaN,NaN,NaN,NaN,NaN
1328.93,36.30,32.66,36.00,20.00,MAN,0,74,NaN,74.00,0.00,0.00,74.00,NaN,NaN,NaN,NaN,NaN,NaN,NaN,NaN,NaN,NaN
1329.93,36.28,32.66,36.00,20.00,MAN,0,74,NaN,74.00,0.00,0.00,74.00,NaN,NaN,NaN,NaN,NaN,NaN,NaN,NaN,NaN,NaN
1330.93,36.27,32.70,36.00,20.00,MAN,0,74,NaN,74.00,0.00,0.00,74.00,NaN,NaN,NaN,NaN,NaN,NaN,NaN,NaN,NaN,NaN
1331.93,36.26,32.70,36.00,20.00,MAN,0,74,NaN,74.00,0.00,0.00,74.00,NaN,NaN,NaN,NaN,NaN,NaN,NaN,NaN,NaN,NaN
1332.93,36.24,32.74,36.00,20.00,MAN,0,74,NaN,74.00,0.00,0.00,74.00,NaN,NaN,NaN,NaN,NaN,NaN,NaN,NaN,NaN,NaN
1333.94,36.24,32.74,36.00,20.00,MAN,0,74,NaN,74.00,0.00,0.00,74.00,NaN,NaN,NaN,NaN,NaN,NaN,NaN,NaN,NaN,NaN
1334.94,36.22,32.78,36.00,20.00,MAN,0,74,NaN,74.00,0.00,0.00,74.00,NaN,NaN,NaN,NaN,NaN,NaN,NaN,NaN,NaN,NaN
1335.94,36.21,32.76,36.00,20.00,MAN,0,74,NaN,74.00,0.00,0.00,74.00,NaN,NaN,NaN,NaN,NaN,NaN,NaN,NaN,NaN,NaN
1336.94,36.19,32.80,36.00,20.00,MAN,0,74,NaN,74.00,0.00,0.00,74.00,NaN,NaN,NaN,NaN,NaN,NaN,NaN,NaN,NaN,NaN
1337.94,36.17,32.85,36.00,20.00,MAN,0,74,NaN,74.00,0.00,0.00,74.00,NaN,NaN,NaN,NaN,NaN,NaN,NaN,NaN,NaN,NaN
1338.94,36.16,32.85,36.00,20.00,MAN,0,74,NaN,74.00,0.00,0.00,74.00,NaN,NaN,NaN,NaN,NaN,NaN,NaN,NaN,NaN,NaN
1339.94,36.14,32.85,36.00,20.00,MAN,0,74,NaN,74.00,0.00,0.00,74.00,NaN,NaN,NaN,NaN,NaN,NaN,NaN,NaN,NaN,NaN
1340.95,36.13,32.89,36.00,20.00,MAN,0,74,NaN,74.00,0.00,0.00,74.00,NaN,NaN,NaN,NaN,NaN,NaN,NaN,NaN,NaN,NaN
1341.96,36.12,32.89,36.00,20.00,MAN,0,74,NaN,74.00,0.00,0.00,74.00,NaN,NaN,NaN,NaN,NaN,NaN,NaN,NaN,NaN,NaN
1342.95,36.10,32.93,36.00,20.00,MAN,0,74,NaN,74.00,0.00,0.00,74.00,NaN,NaN,NaN,NaN,NaN,NaN,NaN,NaN,NaN,NaN
1343.95,36.09,32.93,36.00,20.00,MAN,0,74,NaN,74.00,0.00,0.00,74.00,NaN,NaN,NaN,NaN,NaN,NaN,NaN,NaN,NaN,NaN
1344.95,36.07,32.97,36.00,20.00,MAN,0,74,NaN,74.00,0.00,0.00,74.00,NaN,NaN,NaN,NaN,NaN,NaN,NaN,NaN,NaN,NaN
1345.95,36.04,32.97,36.00,20.00,MAN,0,74,NaN,74.00,0.00,0.00,74.00,NaN,NaN,NaN,NaN,NaN,NaN,NaN,NaN,NaN,NaN
1346.96,36.03,33.01,36.00,20.00,MAN,0,74,NaN,74.00,0.00,0.00,74.00,NaN,NaN,NaN,NaN,NaN,NaN,NaN,NaN,NaN,NaN
1347.96,36.03,32.99,36.00,20.00,MAN,0,74,NaN,74.00,0.00,0.00,74.00,NaN,NaN,NaN,NaN,NaN,NaN,NaN,NaN,NaN,NaN
1348.96,36.02,33.03,36.00,20.00,MAN,0,74,NaN,74.00,0.00,0.00,74.00,NaN,NaN,NaN,NaN,NaN,NaN,NaN,NaN,NaN,NaN
1349.96,36.02,33.03,36.00,20.00,MAN,0,74,NaN,74.00,0.00,0.00,74.00,NaN,NaN,NaN,NaN,NaN,NaN,NaN,NaN,NaN,NaN
1350.96,36.02,33.07,36.00,20.00,MAN,0,74,NaN,74.00,0.00,0.00,74.00,NaN,NaN,NaN,NaN,NaN,NaN,NaN,NaN,NaN,NaN
1351.97,36.02,33.07,36.00,20.00,MAN,0,74,NaN,74.00,0.00,0.00,74.00,NaN,NaN,NaN,NaN,NaN,NaN,NaN,NaN,NaN,NaN
1352.97,36.00,33.12,36.00,20.00,MAN,0,74,NaN,74.00,0.00,0.00,74.00,NaN,NaN,NaN,NaN,NaN,NaN,NaN,NaN,NaN,NaN
1353.97,35.97,33.12,36.00,20.00,MAN,0,74,NaN,74.00,0.00,0.00,74.00,NaN,NaN,NaN,NaN,NaN,NaN,NaN,NaN,NaN,NaN
1354.97,35.95,33.15,36.00,20.00,MAN,0,74,NaN,74.00,0.00,0.00,74.00,NaN,NaN,NaN,NaN,NaN,NaN,NaN,NaN,NaN,NaN
1355.97,35.94,33.15,36.00,20.00,MAN,0,74,NaN,74.00,0.00,0.00,74.00,NaN,NaN,NaN,NaN,NaN,NaN,NaN,NaN,NaN,NaN
1356.97,35.93,33.19,36.00,20.00,MAN,0,74,NaN,74.00,0.00,0.00,74.00,NaN,NaN,NaN,NaN,NaN,NaN,NaN,NaN,NaN,NaN
1357.97,35.90,33.19,36.00,20.00,MAN,0,74,NaN,74.00,0.00,0.00,74.00,NaN,NaN,NaN,NaN,NaN,NaN,NaN,NaN,NaN,NaN
1358.97,35.89,33.23,36.00,20.00,MAN,0,74,NaN,74.00,0.00,0.00,74.00,NaN,NaN,NaN,NaN,NaN,NaN,NaN,NaN,NaN,NaN
1359.98,35.88,33.23,36.00,20.00,MAN,0,74,NaN,74.00,0.00,0.00,74.00,NaN,NaN,NaN,NaN,NaN,NaN,NaN,NaN,NaN,NaN
1360.98,35.86,33.28,36.00,20.00,MAN,0,74,NaN,74.00,0.00,0.00,74.00,NaN,NaN,NaN,NaN,NaN,NaN,NaN,NaN,NaN,NaN
1361.98,35.85,33.31,36.00,20.00,MAN,0,74,NaN,74.00,0.00,0.00,74.00,NaN,NaN,NaN,NaN,NaN,NaN,NaN,NaN,NaN,NaN
1362.98,35.83,33.30,36.00,20.00,MAN,0,74,NaN,74.00,0.00,0.00,74.00,NaN,NaN,NaN,NaN,NaN,NaN,NaN,NaN,NaN,NaN
1363.98,35.82,33.34,36.00,20.00,MAN,0,74,NaN,74.00,0.00,0.00,74.00,NaN,NaN,NaN,NaN,NaN,NaN,NaN,NaN,NaN,NaN
1364.98,35.81,33.34,36.00,20.00,MAN,0,74,NaN,74.00,0.00,0.00,74.00,NaN,NaN,NaN,NaN,NaN,NaN,NaN,NaN,NaN,NaN
1365.99,35.80,33.38,36.00,20.00,MAN,0,74,NaN,74.00,0.00,0.00,74.00,NaN,NaN,NaN,NaN,NaN,NaN,NaN,NaN,NaN,NaN
1366.99,35.78,33.38,36.00,20.00,MAN,0,74,NaN,74.00,0.00,0.00,74.00,NaN,NaN,NaN,NaN,NaN,NaN,NaN,NaN,NaN,NaN
1367.99,35.77,33.42,36.00,20.00,MAN,0,74,NaN,74.00,0.00,0.00,74.00,NaN,NaN,NaN,NaN,NaN,NaN,NaN,NaN,NaN,NaN
1368.99,35.75,33.42,36.00,20.00,MAN,0,74,NaN,74.00,0.00,0.00,74.00,NaN,NaN,NaN,NaN,NaN,NaN,NaN,NaN,NaN,NaN
1369.99,35.73,33.42,36.00,20.00,MAN,0,74,NaN,74.00,0.00,0.00,74.00,NaN,NaN,NaN,NaN,NaN,NaN,NaN,NaN,NaN,NaN
1371.00,35.72,33.42,36.00,20.00,MAN,0,74,NaN,74.00,0.00,0.00,74.00,NaN,NaN,NaN,NaN,NaN,NaN,NaN,NaN,NaN,NaN
1371.99,35.71,33.50,36.00,20.00,MAN,0,74,NaN,74.00,0.00,0.00,74.00,NaN,NaN,NaN,NaN,NaN,NaN,NaN,NaN,NaN,NaN
1373.00,35.70,33.50,36.00,20.00,MAN,0,74,NaN,74.00,0.00,0.00,74.00,NaN,NaN,NaN,NaN,NaN,NaN,NaN,NaN,NaN,NaN
1374.00,35.68,33.48,36.00,20.00,MAN,0,74,NaN,74.00,0.00,0.00,74.00,NaN,NaN,NaN,NaN,NaN,NaN,NaN,NaN,NaN,NaN
1375.00,35.67,33.52,36.00,20.00,MAN,0,74,NaN,74.00,0.00,0.00,74.00,NaN,NaN,NaN,NaN,NaN,NaN,NaN,NaN,NaN,NaN
1376.00,35.66,33.57,36.00,20.00,MAN,0,74,NaN,74.00,0.00,0.00,74.00,NaN,NaN,NaN,NaN,NaN,NaN,NaN,NaN,NaN,NaN
1377.00,35.64,33.57,36.00,20.00,MAN,0,74,NaN,74.00,0.00,0.00,74.00,NaN,NaN,NaN,NaN,NaN,NaN,NaN,NaN,NaN,NaN
1378.00,35.63,33.60,36.00,20.00,MAN,0,74,NaN,74.00,0.00,0.00,74.00,NaN,NaN,NaN,NaN,NaN,NaN,NaN,NaN,NaN,NaN
1379.01,35.60,33.60,36.00,20.00,MAN,0,74,NaN,74.00,0.00,0.00,74.00,NaN,NaN,NaN,NaN,NaN,NaN,NaN,NaN,NaN,NaN
1380.01,35.60,33.64,36.00,20.00,MAN,0,74,NaN,74.00,0.00,0.00,74.00,NaN,NaN,NaN,NaN,NaN,NaN,NaN,NaN,NaN,NaN
1381.01,35.58,33.64,36.00,20.00,MAN,0,74,NaN,74.00,0.00,0.00,74.00,NaN,NaN,NaN,NaN,NaN,NaN,NaN,NaN,NaN,NaN
1382.01,35.57,33.68,36.00,20.00,MAN,0,74,NaN,74.00,0.00,0.00,74.00,NaN,NaN,NaN,NaN,NaN,NaN,NaN,NaN,NaN,NaN
1383.01,35.56,33.68,36.00,20.00,MAN,0,74,NaN,74.00,0.00,0.00,74.00,NaN,NaN,NaN,NaN,NaN,NaN,NaN,NaN,NaN,NaN
1384.02,35.54,33.73,36.00,20.00,MAN,0,74,NaN,74.00,0.00,0.00,74.00,NaN,NaN,NaN,NaN,NaN,NaN,NaN,NaN,NaN,NaN
1385.02,35.53,33.73,36.00,20.00,MAN,0,74,NaN,74.00,0.00,0.00,74.00,NaN,NaN,NaN,NaN,NaN,NaN,NaN,NaN,NaN,NaN
1386.02,35.52,33.75,36.00,20.00,MAN,0,74,NaN,74.00,0.00,0.00,74.00,NaN,NaN,NaN,NaN,NaN,NaN,NaN,NaN,NaN,NaN
1387.02,35.50,33.75,36.00,20.00,MAN,0,74,NaN,74.00,0.00,0.00,74.00,NaN,NaN,NaN,NaN,NaN,NaN,NaN,NaN,NaN,NaN
1388.02,35.49,33.79,36.00,20.00,MAN,0,74,NaN,74.00,0.00,0.00,74.00,NaN,NaN,NaN,NaN,NaN,NaN,NaN,NaN,NaN,NaN
1389.02,35.48,33.79,36.00,20.00,MAN,0,74,NaN,74.00,0.00,0.00,74.00,NaN,NaN,NaN,NaN,NaN,NaN,NaN,NaN,NaN,NaN
1390.03,35.47,33.83,36.00,20.00,MAN,0,74,NaN,74.00,0.00,0.00,74.00,NaN,NaN,NaN,NaN,NaN,NaN,NaN,NaN,NaN,NaN
1391.02,35.44,33.83,36.00,20.00,MAN,0,74,NaN,74.00,0.00,0.00,74.00,NaN,NaN,NaN,NaN,NaN,NaN,NaN,NaN,NaN,NaN
1392.07,35.42,33.86,36.00,20.00,MAN,0,74,NaN,74.00,0.00,0.00,74.00,NaN,NaN,NaN,NaN,NaN,NaN,NaN,NaN,NaN,NaN
1393.15,35.40,33.86,36.00,20.00,MAN,0,74,NaN,74.00,0.00,0.00,74.00,NaN,NaN,NaN,NaN,NaN,NaN,NaN,NaN,NaN,NaN
1394.03,35.39,33.86,36.00,20.00,MAN,0,74,NaN,74.00,0.00,0.00,74.00,NaN,NaN,NaN,NaN,NaN,NaN,NaN,NaN,NaN,NaN
1395.03,35.37,33.91,36.00,20.00,MAN,0,74,NaN,74.00,0.00,0.00,74.00,NaN,NaN,NaN,NaN,NaN,NaN,NaN,NaN,NaN,NaN
1396.03,35.35,33.95,36.00,20.00,MAN,0,74,NaN,74.00,0.00,0.00,74.00,NaN,NaN,NaN,NaN,NaN,NaN,NaN,NaN,NaN,NaN
1397.04,35.34,33.97,36.00,20.00,MAN,0,74,NaN,74.00,0.00,0.00,74.00,NaN,NaN,NaN,NaN,NaN,NaN,NaN,NaN,NaN,NaN
1398.04,35.33,33.97,36.00,20.00,MAN,0,74,NaN,74.00,0.00,0.00,74.00,NaN,NaN,NaN,NaN,NaN,NaN,NaN,NaN,NaN,NaN
1399.04,35.31,33.97,36.00,20.00,MAN,0,74,NaN,74.00,0.00,0.00,74.00,NaN,NaN,NaN,NaN,NaN,NaN,NaN,NaN,NaN,NaN
1400.04,35.30,33.97,36.00,20.00,MAN,0,74,NaN,74.00,0.00,0.00,74.00,NaN,NaN,NaN,NaN,NaN,NaN,NaN,NaN,NaN,NaN
1401.04,35.29,34.01,36.00,20.00,MAN,0,74,NaN,74.00,0.00,0.00,74.00,NaN,NaN,NaN,NaN,NaN,NaN,NaN,NaN,NaN,NaN
1402.04,35.28,34.01,36.00,20.00,MAN,0,74,NaN,74.00,0.00,0.00,74.00,NaN,NaN,NaN,NaN,NaN,NaN,NaN,NaN,NaN,NaN
1403.05,35.27,34.01,36.00,20.00,MAN,0,74,NaN,74.00,0.00,0.00,74.00,NaN,NaN,NaN,NaN,NaN,NaN,NaN,NaN,NaN,NaN
1404.05,35.26,34.01,36.00,20.00,MAN,0,74,NaN,74.00,0.00,0.00,74.00,NaN,NaN,NaN,NaN,NaN,NaN,NaN,NaN,NaN,NaN
1405.05,35.26,34.01,36.00,20.00,MAN,0,74,NaN,74.00,0.00,0.00,74.00,NaN,NaN,NaN,NaN,NaN,NaN,NaN,NaN,NaN,NaN
1406.05,35.25,34.05,36.00,20.00,MAN,0,74,NaN,74.00,0.00,0.00,74.00,NaN,NaN,NaN,NaN,NaN,NaN,NaN,NaN,NaN,NaN
1407.05,35.25,34.05,36.00,20.00,MAN,0,74,NaN,74.00,0.00,0.00,74.00,NaN,NaN,NaN,NaN,NaN,NaN,NaN,NaN,NaN,NaN
1408.05,35.24,34.05,36.00,20.00,MAN,0,74,NaN,74.00,0.00,0.00,74.00,NaN,NaN,NaN,NaN,NaN,NaN,NaN,NaN,NaN,NaN
1409.05,35.25,34.05,36.00,20.00,MAN,0,74,NaN,74.00,0.00,0.00,74.00,NaN,NaN,NaN,NaN,NaN,NaN,NaN,NaN,NaN,NaN
1410.05,35.25,34.05,36.00,20.00,MAN,0,74,NaN,74.00,0.00,0.00,74.00,NaN,NaN,NaN,NaN,NaN,NaN,NaN,NaN,NaN,NaN
1411.06,35.25,34.09,36.00,20.00,MAN,0,74,NaN,74.00,0.00,0.00,74.00,NaN,NaN,NaN,NaN,NaN,NaN,NaN,NaN,NaN,NaN
1412.06,35.25,34.05,36.00,20.00,MAN,0,74,NaN,74.00,0.00,0.00,74.00,NaN,NaN,NaN,NaN,NaN,NaN,NaN,NaN,NaN,NaN
1413.06,35.25,34.09,36.00,20.00,MAN,0,74,NaN,74.00,0.00,0.00,74.00,NaN,NaN,NaN,NaN,NaN,NaN,NaN,NaN,NaN,NaN
1414.06,35.25,34.09,36.00,20.00,MAN,0,74,NaN,74.00,0.00,0.00,74.00,NaN,NaN,NaN,NaN,NaN,NaN,NaN,NaN,NaN,NaN
1415.06,35.25,34.09,36.00,20.00,MAN,0,74,NaN,74.00,0.00,0.00,74.00,NaN,NaN,NaN,NaN,NaN,NaN,NaN,NaN,NaN,NaN
1416.07,35.25,34.09,36.00,20.00,MAN,0,74,NaN,74.00,0.00,0.00,74.00,NaN,NaN,NaN,NaN,NaN,NaN,NaN,NaN,NaN,NaN
1417.07,35.26,34.09,36.00,20.00,MAN,0,74,NaN,74.00,0.00,0.00,74.00,NaN,NaN,NaN,NaN,NaN,NaN,NaN,NaN,NaN,NaN
1418.07,35.27,34.09,36.00,20.00,MAN,0,74,NaN,74.00,0.00,0.00,74.00,NaN,NaN,NaN,NaN,NaN,NaN,NaN,NaN,NaN,NaN
1419.07,35.28,34.05,36.00,20.00,MAN,0,74,NaN,74.00,0.00,0.00,74.00,NaN,NaN,NaN,NaN,NaN,NaN,NaN,NaN,NaN,NaN
1420.07,35.29,34.05,36.00,20.00,MAN,0,74,NaN,74.00,0.00,0.00,74.00,NaN,NaN,NaN,NaN,NaN,NaN,NaN,NaN,NaN,NaN
1421.07,35.30,34.05,36.00,20.00,MAN,0,74,NaN,74.00,0.00,0.00,74.00,NaN,NaN,NaN,NaN,NaN,NaN,NaN,NaN,NaN,NaN
1422.07,35.33,34.05,36.00,20.00,MAN,0,74,NaN,74.00,0.00,0.00,74.00,NaN,NaN,NaN,NaN,NaN,NaN,NaN,NaN,NaN,NaN
1423.08,35.34,34.03,36.00,20.00,MAN,0,74,NaN,74.00,0.00,0.00,74.00,NaN,NaN,NaN,NaN,NaN,NaN,NaN,NaN,NaN,NaN
1424.08,35.35,34.03,36.00,20.00,MAN,0,74,NaN,74.00,0.00,0.00,74.00,NaN,NaN,NaN,NaN,NaN,NaN,NaN,NaN,NaN,NaN
1425.08,35.36,34.03,36.00,20.00,MAN,0,74,NaN,74.00,0.00,0.00,74.00,NaN,NaN,NaN,NaN,NaN,NaN,NaN,NaN,NaN,NaN
1426.08,35.38,33.99,36.00,20.00,MAN,0,74,NaN,74.00,0.00,0.00,74.00,NaN,NaN,NaN,NaN,NaN,NaN,NaN,NaN,NaN,NaN
1427.08,35.40,33.99,36.00,20.00,MAN,0,74,NaN,74.00,0.00,0.00,74.00,NaN,NaN,NaN,NaN,NaN,NaN,NaN,NaN,NaN,NaN
1428.08,35.41,33.95,36.00,20.00,MAN,0,74,NaN,74.00,0.00,0.00,74.00,NaN,NaN,NaN,NaN,NaN,NaN,NaN,NaN,NaN,NaN
1429.09,35.43,33.95,36.00,20.00,MAN,0,74,NaN,74.00,0.00,0.00,74.00,NaN,NaN,NaN,NaN,NaN,NaN,NaN,NaN,NaN,NaN
1430.09,35.45,33.91,36.00,20.00,MAN,0,74,NaN,74.00,0.00,0.00,74.00,NaN,NaN,NaN,NaN,NaN,NaN,NaN,NaN,NaN,NaN
1431.09,35.47,33.91,36.00,20.00,MAN,0,74,NaN,74.00,0.00,0.00,74.00,NaN,NaN,NaN,NaN,NaN,NaN,NaN,NaN,NaN,NaN
1432.09,35.49,33.86,36.00,20.00,MAN,0,74,NaN,74.00,0.00,0.00,74.00,NaN,NaN,NaN,NaN,NaN,NaN,NaN,NaN,NaN,NaN
1433.09,35.51,33.83,36.00,20.00,MAN,0,74,NaN,74.00,0.00,0.00,74.00,NaN,NaN,NaN,NaN,NaN,NaN,NaN,NaN,NaN,NaN
1434.10,35.52,33.85,36.00,20.00,MAN,0,74,NaN,74.00,0.00,0.00,74.00,NaN,NaN,NaN,NaN,NaN,NaN,NaN,NaN,NaN,NaN
1435.10,35.53,33.80,36.00,20.00,MAN,0,74,NaN,74.00,0.00,0.00,74.00,NaN,NaN,NaN,NaN,NaN,NaN,NaN,NaN,NaN,NaN
1436.10,35.54,33.80,36.00,20.00,MAN,0,74,NaN,74.00,0.00,0.00,74.00,NaN,NaN,NaN,NaN,NaN,NaN,NaN,NaN,NaN,NaN
1437.10,35.57,33.76,36.00,20.00,MAN,0,74,NaN,74.00,0.00,0.00,74.00,NaN,NaN,NaN,NaN,NaN,NaN,NaN,NaN,NaN,NaN
1438.10,35.58,33.73,36.00,20.00,MAN,0,74,NaN,74.00,0.00,0.00,74.00,NaN,NaN,NaN,NaN,NaN,NaN,NaN,NaN,NaN,NaN
1439.10,35.59,33.73,36.00,20.00,MAN,0,74,NaN,74.00,0.00,0.00,74.00,NaN,NaN,NaN,NaN,NaN,NaN,NaN,NaN,NaN,NaN
1440.10,35.60,33.73,36.00,20.00,MAN,0,74,NaN,74.00,0.00,0.00,74.00,NaN,NaN,NaN,NaN,NaN,NaN,NaN,NaN,NaN,NaN
1441.10,35.63,33.68,36.00,20.00,MAN,0,74,NaN,74.00,0.00,0.00,74.00,NaN,NaN,NaN,NaN,NaN,NaN,NaN,NaN,NaN,NaN
1442.11,35.64,33.64,36.00,20.00,MAN,0,74,NaN,74.00,0.00,0.00,74.00,NaN,NaN,NaN,NaN,NaN,NaN,NaN,NaN,NaN,NaN
1443.11,35.66,33.64,36.00,20.00,MAN,0,74,NaN,74.00,0.00,0.00,74.00,NaN,NaN,NaN,NaN,NaN,NaN,NaN,NaN,NaN,NaN
1444.11,35.67,33.60,36.00,20.00,MAN,0,74,NaN,74.00,0.00,0.00,74.00,NaN,NaN,NaN,NaN,NaN,NaN,NaN,NaN,NaN,NaN
1445.11,35.69,33.62,36.00,20.00,MAN,0,74,NaN,74.00,0.00,0.00,74.00,NaN,NaN,NaN,NaN,NaN,NaN,NaN,NaN,NaN,NaN
1446.11,35.71,33.58,36.00,20.00,MAN,0,74,NaN,74.00,0.00,0.00,74.00,NaN,NaN,NaN,NaN,NaN,NaN,NaN,NaN,NaN,NaN
1447.11,35.73,33.58,36.00,20.00,MAN,0,74,NaN,74.00,0.00,0.00,74.00,NaN,NaN,NaN,NaN,NaN,NaN,NaN,NaN,NaN,NaN
1448.12,35.75,33.54,36.00,20.00,MAN,0,74,NaN,74.00,0.00,0.00,74.00,NaN,NaN,NaN,NaN,NaN,NaN,NaN,NaN,NaN,NaN
1449.12,35.79,33.50,36.00,20.00,MAN,0,74,NaN,74.00,0.00,0.00,74.00,NaN,NaN,NaN,NaN,NaN,NaN,NaN,NaN,NaN,NaN
1450.12,35.81,33.42,36.00,20.00,MAN,0,74,NaN,74.00,0.00,0.00,74.00,NaN,NaN,NaN,NaN,NaN,NaN,NaN,NaN,NaN,NaN
1451.12,35.83,33.42,36.00,20.00,MAN,0,74,NaN,74.00,0.00,0.00,74.00,NaN,NaN,NaN,NaN,NaN,NaN,NaN,NaN,NaN,NaN
1452.12,35.85,33.44,36.00,20.00,MAN,0,74,NaN,74.00,0.00,0.00,74.00,NaN,NaN,NaN,NaN,NaN,NaN,NaN,NaN,NaN,NaN
1453.13,35.87,33.39,36.00,20.00,MAN,0,74,NaN,74.00,0.00,0.00,74.00,NaN,NaN,NaN,NaN,NaN,NaN,NaN,NaN,NaN,NaN
1454.13,35.88,33.35,36.00,20.00,MAN,0,74,NaN,74.00,0.00,0.00,74.00,NaN,NaN,NaN,NaN,NaN,NaN,NaN,NaN,NaN,NaN
1455.13,35.89,33.31,36.00,20.00,MAN,0,74,NaN,74.00,0.00,0.00,74.00,NaN,NaN,NaN,NaN,NaN,NaN,NaN,NaN,NaN,NaN
1456.13,35.93,33.31,36.00,20.00,MAN,0,74,NaN,74.00,0.00,0.00,74.00,NaN,NaN,NaN,NaN,NaN,NaN,NaN,NaN,NaN,NaN
1457.13,35.96,33.28,36.00,20.00,MAN,0,74,NaN,74.00,0.00,0.00,74.00,NaN,NaN,NaN,NaN,NaN,NaN,NaN,NaN,NaN,NaN
1458.13,35.97,33.23,36.00,20.00,MAN,0,74,NaN,74.00,0.00,0.00,74.00,NaN,NaN,NaN,NaN,NaN,NaN,NaN,NaN,NaN,NaN
1459.13,36.00,33.23,36.00,20.00,MAN,0,74,NaN,74.00,0.00,0.00,74.00,NaN,NaN,NaN,NaN,NaN,NaN,NaN,NaN,NaN,NaN
1460.13,36.02,33.19,36.00,20.00,MAN,0,74,NaN,74.00,0.00,0.00,74.00,NaN,NaN,NaN,NaN,NaN,NaN,NaN,NaN,NaN,NaN
1461.14,36.02,33.19,36.00,20.00,MAN,0,74,NaN,74.00,0.00,0.00,74.00,NaN,NaN,NaN,NaN,NaN,NaN,NaN,NaN,NaN,NaN
1462.14,36.02,33.15,36.00,20.00,MAN,0,74,NaN,74.00,0.00,0.00,74.00,NaN,NaN,NaN,NaN,NaN,NaN,NaN,NaN,NaN,NaN
1463.14,36.03,33.13,36.00,20.00,MAN,0,74,NaN,74.00,0.00,0.00,74.00,NaN,NaN,NaN,NaN,NaN,NaN,NaN,NaN,NaN,NaN
1464.14,36.06,33.09,36.00,20.00,MAN,0,74,NaN,74.00,0.00,0.00,74.00,NaN,NaN,NaN,NaN,NaN,NaN,NaN,NaN,NaN,NaN
1465.14,36.09,33.09,36.00,20.00,MAN,0,74,NaN,74.00,0.00,0.00,74.00,NaN,NaN,NaN,NaN,NaN,NaN,NaN,NaN,NaN,NaN
1466.15,36.11,33.05,36.00,20.00,MAN,0,74,NaN,74.00,0.00,0.00,74.00,NaN,NaN,NaN,NaN,NaN,NaN,NaN,NaN,NaN,NaN
1467.15,36.14,33.01,36.00,20.00,MAN,0,74,NaN,74.00,0.00,0.00,74.00,NaN,NaN,NaN,NaN,NaN,NaN,NaN,NaN,NaN,NaN
1468.15,36.16,33.01,36.00,20.00,MAN,0,74,NaN,74.00,0.00,0.00,74.00,NaN,NaN,NaN,NaN,NaN,NaN,NaN,NaN,NaN,NaN
1469.15,36.17,32.97,36.00,20.00,MAN,0,74,NaN,74.00,0.00,0.00,74.00,NaN,NaN,NaN,NaN,NaN,NaN,NaN,NaN,NaN,NaN
1470.15,36.21,32.93,36.00,20.00,MAN,0,74,NaN,74.00,0.00,0.00,74.00,NaN,NaN,NaN,NaN,NaN,NaN,NaN,NaN,NaN,NaN
1471.15,36.22,32.94,36.00,20.00,MAN,0,74,NaN,74.00,0.00,0.00,74.00,NaN,NaN,NaN,NaN,NaN,NaN,NaN,NaN,NaN,NaN
1472.16,36.24,32.90,36.00,20.00,MAN,0,74,NaN,74.00,0.00,0.00,74.00,NaN,NaN,NaN,NaN,NaN,NaN,NaN,NaN,NaN,NaN
1473.15,36.27,32.86,36.00,20.00,MAN,0,74,NaN,74.00,0.00,0.00,74.00,NaN,NaN,NaN,NaN,NaN,NaN,NaN,NaN,NaN,NaN
1474.16,36.28,32.86,36.00,20.00,MAN,0,74,NaN,74.00,0.00,0.00,74.00,NaN,NaN,NaN,NaN,NaN,NaN,NaN,NaN,NaN,NaN
1475.16,36.29,32.83,36.00,20.00,MAN,0,74,NaN,74.00,0.00,0.00,74.00,NaN,NaN,NaN,NaN,NaN,NaN,NaN,NaN,NaN,NaN
1476.16,36.31,32.78,36.00,20.00,MAN,0,74,NaN,74.00,0.00,0.00,74.00,NaN,NaN,NaN,NaN,NaN,NaN,NaN,NaN,NaN,NaN
1477.16,36.34,32.78,36.00,20.00,MAN,0,74,NaN,74.00,0.00,0.00,74.00,NaN,NaN,NaN,NaN,NaN,NaN,NaN,NaN,NaN,NaN
1478.16,36.37,32.76,36.00,20.00,MAN,0,74,NaN,74.00,0.00,0.00,74.00,NaN,NaN,NaN,NaN,NaN,NaN,NaN,NaN,NaN,NaN
1479.16,36.39,32.72,36.00,20.00,MAN,0,74,NaN,74.00,0.00,0.00,74.00,NaN,NaN,NaN,NaN,NaN,NaN,NaN,NaN,NaN,NaN
1480.17,36.43,32.68,36.00,20.00,MAN,0,74,NaN,74.00,0.00,0.00,74.00,NaN,NaN,NaN,NaN,NaN,NaN,NaN,NaN,NaN,NaN
1481.17,36.44,32.68,36.00,20.00,MAN,0,74,NaN,74.00,0.00,0.00,74.00,NaN,NaN,NaN,NaN,NaN,NaN,NaN,NaN,NaN,NaN
1482.17,36.47,32.60,36.00,20.00,MAN,0,74,NaN,74.00,0.00,0.00,74.00,NaN,NaN,NaN,NaN,NaN,NaN,NaN,NaN,NaN,NaN
1483.17,36.48,32.56,36.00,20.00,MAN,0,74,NaN,74.00,0.00,0.00,74.00,NaN,NaN,NaN,NaN,NaN,NaN,NaN,NaN,NaN,NaN
1484.17,36.52,32.52,36.00,20.00,MAN,0,74,NaN,74.00,0.00,0.00,74.00,NaN,NaN,NaN,NaN,NaN,NaN,NaN,NaN,NaN,NaN
1485.18,36.54,32.52,36.00,20.00,MAN,0,74,NaN,74.00,0.00,0.00,74.00,NaN,NaN,NaN,NaN,NaN,NaN,NaN,NaN,NaN,NaN
1486.18,36.56,32.49,36.00,20.00,MAN,0,74,NaN,74.00,0.00,0.00,74.00,NaN,NaN,NaN,NaN,NaN,NaN,NaN,NaN,NaN,NaN
1487.18,36.57,32.45,36.00,20.00,MAN,0,74,NaN,74.00,0.00,0.00,74.00,NaN,NaN,NaN,NaN,NaN,NaN,NaN,NaN,NaN,NaN
1488.18,36.61,32.45,36.00,20.00,MAN,0,74,NaN,74.00,0.00,0.00,74.00,NaN,NaN,NaN,NaN,NaN,NaN,NaN,NaN,NaN,NaN
1489.18,36.63,32.41,36.00,20.00,MAN,0,74,NaN,74.00,0.00,0.00,74.00,NaN,NaN,NaN,NaN,NaN,NaN,NaN,NaN,NaN,NaN
1490.18,36.67,32.38,36.00,20.00,MAN,0,74,NaN,74.00,0.00,0.00,74.00,NaN,NaN,NaN,NaN,NaN,NaN,NaN,NaN,NaN,NaN
1491.18,36.68,32.38,36.00,20.00,MAN,0,74,NaN,74.00,0.00,0.00,74.00,NaN,NaN,NaN,NaN,NaN,NaN,NaN,NaN,NaN,NaN
1492.18,36.69,32.33,36.00,20.00,MAN,0,74,NaN,74.00,0.00,0.00,74.00,NaN,NaN,NaN,NaN,NaN,NaN,NaN,NaN,NaN,NaN
1493.19,36.71,32.31,36.00,20.00,MAN,0,74,NaN,74.00,0.00,0.00,74.00,NaN,NaN,NaN,NaN,NaN,NaN,NaN,NaN,NaN,NaN
1494.19,36.72,32.31,36.00,20.00,MAN,0,74,NaN,74.00,0.00,0.00,74.00,NaN,NaN,NaN,NaN,NaN,NaN,NaN,NaN,NaN,NaN
1495.19,36.73,32.27,36.00,20.00,MAN,0,74,NaN,74.00,0.00,0.00,74.00,NaN,NaN,NaN,NaN,NaN,NaN,NaN,NaN,NaN,NaN
1496.19,36.73,32.27,36.00,20.00,MAN,0,74,NaN,74.00,0.00,0.00,74.00,NaN,NaN,NaN,NaN,NaN,NaN,NaN,NaN,NaN,NaN
1497.19,36.74,32.23,36.00,20.00,MAN,0,74,NaN,74.00,0.00,0.00,74.00,NaN,NaN,NaN,NaN,NaN,NaN,NaN,NaN,NaN,NaN
1498.20,36.74,32.19,36.00,20.00,MAN,0,74,NaN,74.00,0.00,0.00,74.00,NaN,NaN,NaN,NaN,NaN,NaN,NaN,NaN,NaN,NaN
1499.20,36.75,32.15,36.00,20.00,MAN,0,74,NaN,74.00,0.00,0.00,74.00,NaN,NaN,NaN,NaN,NaN,NaN,NaN,NaN,NaN,NaN
1500.20,36.76,32.15,36.00,20.00,MAN,0,74,NaN,74.00,0.00,0.00,74.00,NaN,NaN,NaN,NaN,NaN,NaN,NaN,NaN,NaN,NaN
1501.20,36.77,32.19,36.00,20.00,MAN,0,74,NaN,74.00,0.00,0.00,74.00,NaN,NaN,NaN,NaN,NaN,NaN,NaN,NaN,NaN,NaN
1502.20,36.78,32.19,36.00,20.00,MAN,0,74,NaN,74.00,0.00,0.00,74.00,NaN,NaN,NaN,NaN,NaN,NaN,NaN,NaN,NaN,NaN
1503.20,36.80,32.15,36.00,20.00,MAN,0,74,NaN,74.00,0.00,0.00,74.00,NaN,NaN,NaN,NaN,NaN,NaN,NaN,NaN,NaN,NaN
1504.20,36.80,32.15,36.00,20.00,MAN,0,74,NaN,74.00,0.00,0.00,74.00,NaN,NaN,NaN,NaN,NaN,NaN,NaN,NaN,NaN,NaN
1505.20,36.80,32.15,36.00,20.00,MAN,0,74,NaN,74.00,0.00,0.00,74.00,NaN,NaN,NaN,NaN,NaN,NaN,NaN,NaN,NaN,NaN
1506.21,36.80,32.11,36.00,20.00,MAN,0,74,NaN,74.00,0.00,0.00,74.00,NaN,NaN,NaN,NaN,NaN,NaN,NaN,NaN,NaN,NaN
1507.21,36.80,32.11,36.00,20.00,MAN,0,74,NaN,74.00,0.00,0.00,74.00,NaN,NaN,NaN,NaN,NaN,NaN,NaN,NaN,NaN,NaN
1508.21,36.80,32.11,36.00,20.00,MAN,0,74,NaN,74.00,0.00,0.00,74.00,NaN,NaN,NaN,NaN,NaN,NaN,NaN,NaN,NaN,NaN
1509.21,36.80,32.11,36.00,20.00,MAN,0,74,NaN,74.00,0.00,0.00,74.00,NaN,NaN,NaN,NaN,NaN,NaN,NaN,NaN,NaN,NaN
1510.21,36.78,32.11,36.00,20.00,MAN,0,74,NaN,74.00,0.00,0.00,74.00,NaN,NaN,NaN,NaN,NaN,NaN,NaN,NaN,NaN,NaN
1511.22,36.78,32.15,36.00,20.00,MAN,0,74,NaN,74.00,0.00,0.00,74.00,NaN,NaN,NaN,NaN,NaN,NaN,NaN,NaN,NaN,NaN
1512.22,36.78,32.15,36.00,20.00,MAN,0,74,NaN,74.00,0.00,0.00,74.00,NaN,NaN,NaN,NaN,NaN,NaN,NaN,NaN,NaN,NaN
1513.22,36.77,32.15,36.00,20.00,MAN,0,74,NaN,74.00,0.00,0.00,74.00,NaN,NaN,NaN,NaN,NaN,NaN,NaN,NaN,NaN,NaN
1514.22,36.77,32.15,36.00,20.00,MAN,0,74,NaN,74.00,0.00,0.00,74.00,NaN,NaN,NaN,NaN,NaN,NaN,NaN,NaN,NaN,NaN
1515.22,36.77,32.19,36.00,20.00,MAN,0,74,NaN,74.00,0.00,0.00,74.00,NaN,NaN,NaN,NaN,NaN,NaN,NaN,NaN,NaN,NaN
1516.22,36.76,32.19,36.00,20.00,MAN,0,74,NaN,74.00,0.00,0.00,74.00,NaN,NaN,NaN,NaN,NaN,NaN,NaN,NaN,NaN,NaN
1517.23,36.75,32.19,36.00,20.00,MAN,0,74,NaN,74.00,0.00,0.00,74.00,NaN,NaN,NaN,NaN,NaN,NaN,NaN,NaN,NaN,NaN
1518.22,36.75,32.19,36.00,20.00,MAN,0,74,NaN,74.00,0.00,0.00,74.00,NaN,NaN,NaN,NaN,NaN,NaN,NaN,NaN,NaN,NaN
1519.23,36.75,32.19,36.00,20.00,MAN,0,74,NaN,74.00,0.00,0.00,74.00,NaN,NaN,NaN,NaN,NaN,NaN,NaN,NaN,NaN,NaN
1520.23,36.74,32.23,36.00,20.00,MAN,0,74,NaN,74.00,0.00,0.00,74.00,NaN,NaN,NaN,NaN,NaN,NaN,NaN,NaN,NaN,NaN
1521.23,36.73,32.23,36.00,20.00,MAN,0,74,NaN,74.00,0.00,0.00,74.00,NaN,NaN,NaN,NaN,NaN,NaN,NaN,NaN,NaN,NaN
1522.23,36.73,32.27,36.00,20.00,MAN,0,74,NaN,74.00,0.00,0.00,74.00,NaN,NaN,NaN,NaN,NaN,NaN,NaN,NaN,NaN,NaN
1523.23,36.72,32.27,36.00,20.00,MAN,0,74,NaN,74.00,0.00,0.00,74.00,NaN,NaN,NaN,NaN,NaN,NaN,NaN,NaN,NaN,NaN
1524.23,36.72,32.27,36.00,20.00,MAN,0,74,NaN,74.00,0.00,0.00,74.00,NaN,NaN,NaN,NaN,NaN,NaN,NaN,NaN,NaN,NaN
1525.24,36.72,32.27,36.00,20.00,MAN,0,74,NaN,74.00,0.00,0.00,74.00,NaN,NaN,NaN,NaN,NaN,NaN,NaN,NaN,NaN,NaN
1526.24,36.71,32.25,36.00,20.00,MAN,0,74,NaN,74.00,0.00,0.00,74.00,NaN,NaN,NaN,NaN,NaN,NaN,NaN,NaN,NaN,NaN
1527.24,36.70,32.25,36.00,20.00,MAN,0,74,NaN,74.00,0.00,0.00,74.00,NaN,NaN,NaN,NaN,NaN,NaN,NaN,NaN,NaN,NaN
1528.24,36.69,32.25,36.00,20.00,MAN,0,74,NaN,74.00,0.00,0.00,74.00,NaN,NaN,NaN,NaN,NaN,NaN,NaN,NaN,NaN,NaN
1529.24,36.69,32.25,36.00,20.00,MAN,0,74,NaN,74.00,0.00,0.00,74.00,NaN,NaN,NaN,NaN,NaN,NaN,NaN,NaN,NaN,NaN
1530.25,36.68,32.25,36.00,20.00,MAN,0,74,NaN,74.00,0.00,0.00,74.00,NaN,NaN,NaN,NaN,NaN,NaN,NaN,NaN,NaN,NaN
1531.26,36.66,32.29,36.00,20.00,MAN,0,74,NaN,74.00,0.00,0.00,74.00,NaN,NaN,NaN,NaN,NaN,NaN,NaN,NaN,NaN,NaN
1532.25,36.66,32.29,36.00,20.00,MAN,0,74,NaN,74.00,0.00,0.00,74.00,NaN,NaN,NaN,NaN,NaN,NaN,NaN,NaN,NaN,NaN
1533.25,36.64,32.29,36.00,20.00,MAN,0,74,NaN,74.00,0.00,0.00,74.00,NaN,NaN,NaN,NaN,NaN,NaN,NaN,NaN,NaN,NaN
1534.27,36.63,32.29,36.00,20.00,MAN,0,74,NaN,74.00,0.00,0.00,74.00,NaN,NaN,NaN,NaN,NaN,NaN,NaN,NaN,NaN,NaN
1535.25,36.62,32.29,36.00,20.00,MAN,0,74,NaN,74.00,0.00,0.00,74.00,NaN,NaN,NaN,NaN,NaN,NaN,NaN,NaN,NaN,NaN
1536.25,36.61,32.33,36.00,20.00,MAN,0,74,NaN,74.00,0.00,0.00,74.00,NaN,NaN,NaN,NaN,NaN,NaN,NaN,NaN,NaN,NaN
1537.26,36.60,32.33,36.00,20.00,MAN,0,74,NaN,74.00,0.00,0.00,74.00,NaN,NaN,NaN,NaN,NaN,NaN,NaN,NaN,NaN,NaN
1538.26,36.59,32.38,36.00,20.00,MAN,0,74,NaN,74.00,0.00,0.00,74.00,NaN,NaN,NaN,NaN,NaN,NaN,NaN,NaN,NaN,NaN
1539.26,36.58,32.41,36.00,20.00,MAN,0,74,NaN,74.00,0.00,0.00,74.00,NaN,NaN,NaN,NaN,NaN,NaN,NaN,NaN,NaN,NaN
1540.26,36.57,32.41,36.00,20.00,MAN,0,74,NaN,74.00,0.00,0.00,74.00,NaN,NaN,NaN,NaN,NaN,NaN,NaN,NaN,NaN,NaN
1541.26,36.56,32.45,36.00,20.00,MAN,0,74,NaN,74.00,0.00,0.00,74.00,NaN,NaN,NaN,NaN,NaN,NaN,NaN,NaN,NaN,NaN
1542.26,36.55,32.48,36.00,20.00,MAN,0,74,NaN,74.00,0.00,0.00,74.00,NaN,NaN,NaN,NaN,NaN,NaN,NaN,NaN,NaN,NaN
1543.27,36.54,32.48,36.00,20.00,MAN,0,74,NaN,74.00,0.00,0.00,74.00,NaN,NaN,NaN,NaN,NaN,NaN,NaN,NaN,NaN,NaN
1544.27,36.53,32.52,36.00,20.00,MAN,0,74,NaN,74.00,0.00,0.00,74.00,NaN,NaN,NaN,NaN,NaN,NaN,NaN,NaN,NaN,NaN
1545.27,36.51,32.52,36.00,20.00,MAN,0,74,NaN,74.00,0.00,0.00,74.00,NaN,NaN,NaN,NaN,NaN,NaN,NaN,NaN,NaN,NaN
1546.27,36.49,32.52,36.00,20.00,MAN,0,74,NaN,74.00,0.00,0.00,74.00,NaN,NaN,NaN,NaN,NaN,NaN,NaN,NaN,NaN,NaN
1547.27,36.48,32.56,36.00,20.00,MAN,0,74,NaN,74.00,0.00,0.00,74.00,NaN,NaN,NaN,NaN,NaN,NaN,NaN,NaN,NaN,NaN
1548.27,36.48,32.56,36.00,20.00,MAN,0,74,NaN,74.00,0.00,0.00,74.00,NaN,NaN,NaN,NaN,NaN,NaN,NaN,NaN,NaN,NaN
1549.28,36.46,32.56,36.00,20.00,MAN,0,74,NaN,74.00,0.00,0.00,74.00,NaN,NaN,NaN,NaN,NaN,NaN,NaN,NaN,NaN,NaN
1550.27,36.45,32.60,36.00,20.00,MAN,0,74,NaN,74.00,0.00,0.00,74.00,NaN,NaN,NaN,NaN,NaN,NaN,NaN,NaN,NaN,NaN
1551.28,36.44,32.60,36.00,20.00,MAN,0,74,NaN,74.00,0.00,0.00,74.00,NaN,NaN,NaN,NaN,NaN,NaN,NaN,NaN,NaN,NaN
1552.28,36.42,32.68,36.00,20.00,MAN,0,74,NaN,74.00,0.00,0.00,74.00,NaN,NaN,NaN,NaN,NaN,NaN,NaN,NaN,NaN,NaN
1553.28,36.41,32.68,36.00,20.00,MAN,0,74,NaN,74.00,0.00,0.00,74.00,NaN,NaN,NaN,NaN,NaN,NaN,NaN,NaN,NaN,NaN
1554.28,36.40,32.72,36.00,20.00,MAN,0,74,NaN,74.00,0.00,0.00,74.00,NaN,NaN,NaN,NaN,NaN,NaN,NaN,NaN,NaN,NaN
1555.28,36.39,32.72,36.00,20.00,MAN,0,74,NaN,74.00,0.00,0.00,74.00,NaN,NaN,NaN,NaN,NaN,NaN,NaN,NaN,NaN,NaN
1556.29,36.38,32.76,36.00,20.00,MAN,0,74,NaN,74.00,0.00,0.00,74.00,NaN,NaN,NaN,NaN,NaN,NaN,NaN,NaN,NaN,NaN
1557.29,36.36,32.76,36.00,20.00,MAN,0,74,NaN,74.00,0.00,0.00,74.00,NaN,NaN,NaN,NaN,NaN,NaN,NaN,NaN,NaN,NaN
1558.29,36.34,32.78,36.00,20.00,MAN,0,74,NaN,74.00,0.00,0.00,74.00,NaN,NaN,NaN,NaN,NaN,NaN,NaN,NaN,NaN,NaN
1559.29,36.33,32.78,36.00,20.00,MAN,0,74,NaN,74.00,0.00,0.00,74.00,NaN,NaN,NaN,NaN,NaN,NaN,NaN,NaN,NaN,NaN
1560.29,36.32,32.83,36.00,20.00,MAN,0,74,NaN,74.00,0.00,0.00,74.00,NaN,NaN,NaN,NaN,NaN,NaN,NaN,NaN,NaN,NaN
1561.29,36.30,32.86,36.00,20.00,MAN,0,74,NaN,74.00,0.00,0.00,74.00,NaN,NaN,NaN,NaN,NaN,NaN,NaN,NaN,NaN,NaN
1562.30,36.29,32.86,36.00,20.00,MAN,0,74,NaN,74.00,0.00,0.00,74.00,NaN,NaN,NaN,NaN,NaN,NaN,NaN,NaN,NaN,NaN
1563.30,36.28,32.90,36.00,20.00,MAN,0,74,NaN,74.00,0.00,0.00,74.00,NaN,NaN,NaN,NaN,NaN,NaN,NaN,NaN,NaN,NaN
1564.30,36.27,32.90,36.00,20.00,MAN,0,74,NaN,74.00,0.00,0.00,74.00,NaN,NaN,NaN,NaN,NaN,NaN,NaN,NaN,NaN,NaN
1565.30,36.26,32.94,36.00,20.00,MAN,0,74,NaN,74.00,0.00,0.00,74.00,NaN,NaN,NaN,NaN,NaN,NaN,NaN,NaN,NaN,NaN
1566.30,36.25,32.94,36.00,20.00,MAN,0,74,NaN,74.00,0.00,0.00,74.00,NaN,NaN,NaN,NaN,NaN,NaN,NaN,NaN,NaN,NaN
1567.31,36.23,32.99,36.00,20.00,MAN,0,74,NaN,74.00,0.00,0.00,74.00,NaN,NaN,NaN,NaN,NaN,NaN,NaN,NaN,NaN,NaN
1568.30,36.21,32.97,36.00,20.00,MAN,0,74,NaN,74.00,0.00,0.00,74.00,NaN,NaN,NaN,NaN,NaN,NaN,NaN,NaN,NaN,NaN
1569.31,36.19,33.01,36.00,20.00,MAN,0,74,NaN,74.00,0.00,0.00,74.00,NaN,NaN,NaN,NaN,NaN,NaN,NaN,NaN,NaN,NaN
1570.31,36.18,33.01,36.00,20.00,MAN,0,74,NaN,74.00,0.00,0.00,74.00,NaN,NaN,NaN,NaN,NaN,NaN,NaN,NaN,NaN,NaN
1571.31,36.17,33.05,36.00,20.00,MAN,0,74,NaN,74.00,0.00,0.00,74.00,NaN,NaN,NaN,NaN,NaN,NaN,NaN,NaN,NaN,NaN
1572.31,36.16,33.05,36.00,20.00,MAN,0,74,NaN,74.00,0.00,0.00,74.00,NaN,NaN,NaN,NaN,NaN,NaN,NaN,NaN,NaN,NaN
1573.31,36.14,33.09,36.00,20.00,MAN,0,74,NaN,74.00,0.00,0.00,74.00,NaN,NaN,NaN,NaN,NaN,NaN,NaN,NaN,NaN,NaN
1574.31,36.13,33.09,36.00,20.00,MAN,0,74,NaN,74.00,0.00,0.00,74.00,NaN,NaN,NaN,NaN,NaN,NaN,NaN,NaN,NaN,NaN
1575.32,36.11,33.13,36.00,20.00,MAN,0,74,NaN,74.00,0.00,0.00,74.00,NaN,NaN,NaN,NaN,NaN,NaN,NaN,NaN,NaN,NaN
1576.32,36.10,33.13,36.00,20.00,MAN,0,74,NaN,74.00,0.00,0.00,74.00,NaN,NaN,NaN,NaN,NaN,NaN,NaN,NaN,NaN,NaN
1577.32,36.08,33.17,36.00,20.00,MAN,0,74,NaN,74.00,0.00,0.00,74.00,NaN,NaN,NaN,NaN,NaN,NaN,NaN,NaN,NaN,NaN
1578.32,36.07,33.17,36.00,20.00,MAN,0,74,NaN,74.00,0.00,0.00,74.00,NaN,NaN,NaN,NaN,NaN,NaN,NaN,NaN,NaN,NaN
1579.32,36.03,33.21,36.00,20.00,MAN,0,74,NaN,74.00,0.00,0.00,74.00,NaN,NaN,NaN,NaN,NaN,NaN,NaN,NaN,NaN,NaN
1580.32,36.03,33.21,36.00,20.00,MAN,0,74,NaN,74.00,0.00,0.00,74.00,NaN,NaN,NaN,NaN,NaN,NaN,NaN,NaN,NaN,NaN
1581.33,36.02,33.23,36.00,20.00,MAN,0,74,NaN,74.00,0.00,0.00,74.00,NaN,NaN,NaN,NaN,NaN,NaN,NaN,NaN,NaN,NaN
1582.33,36.02,33.23,36.00,20.00,MAN,0,74,NaN,74.00,0.00,0.00,74.00,NaN,NaN,NaN,NaN,NaN,NaN,NaN,NaN,NaN,NaN
1583.33,36.02,33.28,36.00,20.00,MAN,0,74,NaN,74.00,0.00,0.00,74.00,NaN,NaN,NaN,NaN,NaN,NaN,NaN,NaN,NaN,NaN
1584.33,36.02,33.28,36.00,20.00,MAN,0,74,NaN,74.00,0.00,0.00,74.00,NaN,NaN,NaN,NaN,NaN,NaN,NaN,NaN,NaN,NaN
1585.33,36.02,33.31,36.00,20.00,MAN,0,74,NaN,74.00,0.00,0.00,74.00,NaN,NaN,NaN,NaN,NaN,NaN,NaN,NaN,NaN,NaN
1586.34,35.98,33.31,36.00,20.00,MAN,0,74,NaN,74.00,0.00,0.00,74.00,NaN,NaN,NaN,NaN,NaN,NaN,NaN,NaN,NaN,NaN
1587.33,35.96,33.35,36.00,20.00,MAN,0,74,NaN,74.00,0.00,0.00,74.00,NaN,NaN,NaN,NaN,NaN,NaN,NaN,NaN,NaN,NaN
1588.34,35.95,33.35,36.00,20.00,MAN,0,74,NaN,74.00,0.00,0.00,74.00,NaN,NaN,NaN,NaN,NaN,NaN,NaN,NaN,NaN,NaN
1589.34,35.93,33.39,36.00,20.00,MAN,0,74,NaN,74.00,0.00,0.00,74.00,NaN,NaN,NaN,NaN,NaN,NaN,NaN,NaN,NaN,NaN
1590.34,35.92,33.39,36.00,20.00,MAN,0,74,NaN,74.00,0.00,0.00,74.00,NaN,NaN,NaN,NaN,NaN,NaN,NaN,NaN,NaN,NaN
1591.34,35.89,33.44,36.00,20.00,MAN,0,74,NaN,74.00,0.00,0.00,74.00,NaN,NaN,NaN,NaN,NaN,NaN,NaN,NaN,NaN,NaN
1592.34,35.88,33.44,36.00,20.00,MAN,0,74,NaN,74.00,0.00,0.00,74.00,NaN,NaN,NaN,NaN,NaN,NaN,NaN,NaN,NaN,NaN
1593.34,35.87,33.44,36.00,20.00,MAN,0,74,NaN,74.00,0.00,0.00,74.00,NaN,NaN,NaN,NaN,NaN,NaN,NaN,NaN,NaN,NaN
1594.35,35.85,33.44,36.00,20.00,MAN,0,74,NaN,74.00,0.00,0.00,74.00,NaN,NaN,NaN,NaN,NaN,NaN,NaN,NaN,NaN,NaN
1595.35,35.84,33.50,36.00,20.00,MAN,0,74,NaN,74.00,0.00,0.00,74.00,NaN,NaN,NaN,NaN,NaN,NaN,NaN,NaN,NaN,NaN
1596.35,35.83,33.50,36.00,20.00,MAN,0,74,NaN,74.00,0.00,0.00,74.00,NaN,NaN,NaN,NaN,NaN,NaN,NaN,NaN,NaN,NaN
1597.35,35.81,33.54,36.00,20.00,MAN,0,74,NaN,74.00,0.00,0.00,74.00,NaN,NaN,NaN,NaN,NaN,NaN,NaN,NaN,NaN,NaN
1598.35,35.80,33.58,36.00,20.00,MAN,0,74,NaN,74.00,0.00,0.00,74.00,NaN,NaN,NaN,NaN,NaN,NaN,NaN,NaN,NaN,NaN
1599.36,35.78,33.58,36.00,20.00,MAN,0,74,NaN,74.00,0.00,0.00,74.00,NaN,NaN,NaN,NaN,NaN,NaN,NaN,NaN,NaN,NaN
1600.36,35.77,33.62,36.00,20.00,MAN,0,74,NaN,74.00,0.00,0.00,74.00,NaN,NaN,NaN,NaN,NaN,NaN,NaN,NaN,NaN,NaN
1601.36,35.75,33.62,36.00,20.00,MAN,0,74,NaN,74.00,0.00,0.00,74.00,NaN,NaN,NaN,NaN,NaN,NaN,NaN,NaN,NaN,NaN
1602.36,35.74,33.66,36.00,20.00,MAN,0,74,NaN,74.00,0.00,0.00,74.00,NaN,NaN,NaN,NaN,NaN,NaN,NaN,NaN,NaN,NaN
1603.36,35.72,33.66,36.00,20.00,MAN,0,74,NaN,74.00,0.00,0.00,74.00,NaN,NaN,NaN,NaN,NaN,NaN,NaN,NaN,NaN,NaN
1604.36,35.71,33.70,36.00,20.00,MAN,0,74,NaN,74.00,0.00,0.00,74.00,NaN,NaN,NaN,NaN,NaN,NaN,NaN,NaN,NaN,NaN
1605.36,35.69,33.70,36.00,20.00,MAN,0,74,NaN,74.00,0.00,0.00,74.00,NaN,NaN,NaN,NaN,NaN,NaN,NaN,NaN,NaN,NaN
1606.36,35.68,33.74,36.00,20.00,MAN,0,74,NaN,74.00,0.00,0.00,74.00,NaN,NaN,NaN,NaN,NaN,NaN,NaN,NaN,NaN,NaN
1607.37,35.67,33.73,36.00,20.00,MAN,0,74,NaN,74.00,0.00,0.00,74.00,NaN,NaN,NaN,NaN,NaN,NaN,NaN,NaN,NaN,NaN
1608.37,35.66,33.76,36.00,20.00,MAN,0,74,NaN,74.00,0.00,0.00,74.00,NaN,NaN,NaN,NaN,NaN,NaN,NaN,NaN,NaN,NaN
1609.37,35.65,33.80,36.00,20.00,MAN,0,74,NaN,74.00,0.00,0.00,74.00,NaN,NaN,NaN,NaN,NaN,NaN,NaN,NaN,NaN,NaN
1610.37,35.63,33.80,36.00,20.00,MAN,0,74,NaN,74.00,0.00,0.00,74.00,NaN,NaN,NaN,NaN,NaN,NaN,NaN,NaN,NaN,NaN
1611.37,35.62,33.80,36.00,20.00,MAN,0,74,NaN,74.00,0.00,0.00,74.00,NaN,NaN,NaN,NaN,NaN,NaN,NaN,NaN,NaN,NaN
1612.38,35.60,33.85,36.00,20.00,MAN,0,74,NaN,74.00,0.00,0.00,74.00,NaN,NaN,NaN,NaN,NaN,NaN,NaN,NaN,NaN,NaN
1613.38,35.58,33.85,36.00,20.00,MAN,0,74,NaN,74.00,0.00,0.00,74.00,NaN,NaN,NaN,NaN,NaN,NaN,NaN,NaN,NaN,NaN
1614.38,35.57,33.89,36.00,20.00,MAN,0,74,NaN,74.00,0.00,0.00,74.00,NaN,NaN,NaN,NaN,NaN,NaN,NaN,NaN,NaN,NaN
1615.38,35.55,33.89,36.00,20.00,MAN,0,74,NaN,74.00,0.00,0.00,74.00,NaN,NaN,NaN,NaN,NaN,NaN,NaN,NaN,NaN,NaN
1616.38,35.54,33.92,36.00,20.00,MAN,0,74,NaN,74.00,0.00,0.00,74.00,NaN,NaN,NaN,NaN,NaN,NaN,NaN,NaN,NaN,NaN
1617.38,35.53,33.92,36.00,20.00,MAN,0,74,NaN,74.00,0.00,0.00,74.00,NaN,NaN,NaN,NaN,NaN,NaN,NaN,NaN,NaN,NaN
1618.38,35.52,33.96,36.00,20.00,MAN,0,74,NaN,74.00,0.00,0.00,74.00,NaN,NaN,NaN,NaN,NaN,NaN,NaN,NaN,NaN,NaN
1619.38,35.50,33.95,36.00,20.00,MAN,0,74,NaN,74.00,0.00,0.00,74.00,NaN,NaN,NaN,NaN,NaN,NaN,NaN,NaN,NaN,NaN
1620.39,35.49,33.99,36.00,20.00,MAN,0,74,NaN,74.00,0.00,0.00,74.00,NaN,NaN,NaN,NaN,NaN,NaN,NaN,NaN,NaN,NaN
1621.39,35.48,33.99,36.00,20.00,MAN,0,74,NaN,74.00,0.00,0.00,74.00,NaN,NaN,NaN,NaN,NaN,NaN,NaN,NaN,NaN,NaN
1622.39,35.47,34.03,36.00,20.00,MAN,0,74,NaN,74.00,0.00,0.00,74.00,NaN,NaN,NaN,NaN,NaN,NaN,NaN,NaN,NaN,NaN
1623.39,35.45,34.03,36.00,20.00,MAN,0,74,NaN,74.00,0.00,0.00,74.00,NaN,NaN,NaN,NaN,NaN,NaN,NaN,NaN,NaN,NaN
1624.39,35.44,34.07,36.00,20.00,MAN,0,74,NaN,74.00,0.00,0.00,74.00,NaN,NaN,NaN,NaN,NaN,NaN,NaN,NaN,NaN,NaN
1625.39,35.42,34.07,36.00,20.00,MAN,0,74,NaN,74.00,0.00,0.00,74.00,NaN,NaN,NaN,NaN,NaN,NaN,NaN,NaN,NaN,NaN
1626.40,35.41,34.11,36.00,20.00,MAN,0,74,NaN,74.00,0.00,0.00,74.00,NaN,NaN,NaN,NaN,NaN,NaN,NaN,NaN,NaN,NaN
1627.40,35.40,34.11,36.00,20.00,MAN,0,74,NaN,74.00,0.00,0.00,74.00,NaN,NaN,NaN,NaN,NaN,NaN,NaN,NaN,NaN,NaN
1628.40,35.39,34.15,36.00,20.00,MAN,0,74,NaN,74.00,0.00,0.00,74.00,NaN,NaN,NaN,NaN,NaN,NaN,NaN,NaN,NaN,NaN
1629.40,35.38,34.15,36.00,20.00,MAN,0,74,NaN,74.00,0.00,0.00,74.00,NaN,NaN,NaN,NaN,NaN,NaN,NaN,NaN,NaN,NaN
1630.40,35.36,34.19,36.00,20.00,MAN,0,74,NaN,74.00,0.00,0.00,74.00,NaN,NaN,NaN,NaN,NaN,NaN,NaN,NaN,NaN,NaN
1631.41,35.35,34.19,36.00,20.00,MAN,0,74,NaN,74.00,0.00,0.00,74.00,NaN,NaN,NaN,NaN,NaN,NaN,NaN,NaN,NaN,NaN
1632.41,35.34,34.18,36.00,20.00,MAN,0,74,NaN,74.00,0.00,0.00,74.00,NaN,NaN,NaN,NaN,NaN,NaN,NaN,NaN,NaN,NaN
1633.41,35.33,34.21,36.00,20.00,MAN,0,74,NaN,74.00,0.00,0.00,74.00,NaN,NaN,NaN,NaN,NaN,NaN,NaN,NaN,NaN,NaN
1634.41,35.30,34.21,36.00,20.00,MAN,0,74,NaN,74.00,0.00,0.00,74.00,NaN,NaN,NaN,NaN,NaN,NaN,NaN,NaN,NaN,NaN
1635.41,35.29,34.25,36.00,20.00,MAN,0,74,NaN,74.00,0.00,0.00,74.00,NaN,NaN,NaN,NaN,NaN,NaN,NaN,NaN,NaN,NaN
1636.41,35.28,34.25,36.00,20.00,MAN,0,74,NaN,74.00,0.00,0.00,74.00,NaN,NaN,NaN,NaN,NaN,NaN,NaN,NaN,NaN,NaN
1637.41,35.27,34.29,36.00,20.00,MAN,0,74,NaN,74.00,0.00,0.00,74.00,NaN,NaN,NaN,NaN,NaN,NaN,NaN,NaN,NaN,NaN
1638.42,35.26,34.29,36.00,20.00,MAN,0,74,NaN,74.00,0.00,0.00,74.00,NaN,NaN,NaN,NaN,NaN,NaN,NaN,NaN,NaN,NaN
1639.42,35.25,34.34,36.00,20.00,MAN,0,74,NaN,74.00,0.00,0.00,74.00,NaN,NaN,NaN,NaN,NaN,NaN,NaN,NaN,NaN,NaN
1640.42,35.22,34.34,36.00,20.00,MAN,0,74,NaN,74.00,0.00,0.00,74.00,NaN,NaN,NaN,NaN,NaN,NaN,NaN,NaN,NaN,NaN
1641.42,35.22,34.41,36.00,20.00,MAN,0,74,NaN,74.00,0.00,0.00,74.00,NaN,NaN,NaN,NaN,NaN,NaN,NaN,NaN,NaN,NaN
1642.42,35.19,34.41,36.00,20.00,MAN,0,74,NaN,74.00,0.00,0.00,74.00,NaN,NaN,NaN,NaN,NaN,NaN,NaN,NaN,NaN,NaN
1643.42,35.16,34.44,36.00,20.00,MAN,0,74,NaN,74.00,0.00,0.00,74.00,NaN,NaN,NaN,NaN,NaN,NaN,NaN,NaN,NaN,NaN
1644.43,35.14,34.48,36.00,20.00,MAN,0,74,NaN,74.00,0.00,0.00,74.00,NaN,NaN,NaN,NaN,NaN,NaN,NaN,NaN,NaN,NaN
1645.43,35.13,34.48,36.00,20.00,MAN,0,74,NaN,74.00,0.00,0.00,74.00,NaN,NaN,NaN,NaN,NaN,NaN,NaN,NaN,NaN,NaN
1646.43,35.13,34.52,36.00,20.00,MAN,0,74,NaN,74.00,0.00,0.00,74.00,NaN,NaN,NaN,NaN,NaN,NaN,NaN,NaN,NaN,NaN
1647.43,35.11,34.52,36.00,20.00,MAN,0,74,NaN,74.00,0.00,0.00,74.00,NaN,NaN,NaN,NaN,NaN,NaN,NaN,NaN,NaN,NaN
1648.43,35.11,34.52,36.00,20.00,MAN,0,74,NaN,74.00,0.00,0.00,74.00,NaN,NaN,NaN,NaN,NaN,NaN,NaN,NaN,NaN,NaN
1649.43,35.11,34.52,36.00,20.00,MAN,0,74,NaN,74.00,0.00,0.00,74.00,NaN,NaN,NaN,NaN,NaN,NaN,NaN,NaN,NaN,NaN
1650.43,35.10,34.52,36.00,20.00,MAN,0,74,NaN,74.00,0.00,0.00,74.00,NaN,NaN,NaN,NaN,NaN,NaN,NaN,NaN,NaN,NaN
1651.43,35.09,34.52,36.00,20.00,MAN,0,74,NaN,74.00,0.00,0.00,74.00,NaN,NaN,NaN,NaN,NaN,NaN,NaN,NaN,NaN,NaN
1652.44,35.08,34.56,36.00,20.00,MAN,0,74,NaN,74.00,0.00,0.00,74.00,NaN,NaN,NaN,NaN,NaN,NaN,NaN,NaN,NaN,NaN
1653.44,35.09,34.56,36.00,20.00,MAN,0,74,NaN,74.00,0.00,0.00,74.00,NaN,NaN,NaN,NaN,NaN,NaN,NaN,NaN,NaN,NaN
1654.44,35.08,34.56,36.00,20.00,MAN,0,74,NaN,74.00,0.00,0.00,74.00,NaN,NaN,NaN,NaN,NaN,NaN,NaN,NaN,NaN,NaN
1655.44,35.08,34.56,36.00,20.00,MAN,0,74,NaN,74.00,0.00,0.00,74.00,NaN,NaN,NaN,NaN,NaN,NaN,NaN,NaN,NaN,NaN
1656.44,35.08,34.56,36.00,20.00,MAN,0,74,NaN,74.00,0.00,0.00,74.00,NaN,NaN,NaN,NaN,NaN,NaN,NaN,NaN,NaN,NaN
1657.45,35.08,34.56,36.00,20.00,MAN,0,74,NaN,74.00,0.00,0.00,74.00,NaN,NaN,NaN,NaN,NaN,NaN,NaN,NaN,NaN,NaN
1658.45,35.08,34.60,36.00,20.00,MAN,0,74,NaN,74.00,0.00,0.00,74.00,NaN,NaN,NaN,NaN,NaN,NaN,NaN,NaN,NaN,NaN
1659.45,35.08,34.60,36.00,20.00,MAN,0,74,NaN,74.00,0.00,0.00,74.00,NaN,NaN,NaN,NaN,NaN,NaN,NaN,NaN,NaN,NaN
1660.45,35.08,34.60,36.00,20.00,MAN,0,74,NaN,74.00,0.00,0.00,74.00,NaN,NaN,NaN,NaN,NaN,NaN,NaN,NaN,NaN,NaN
1661.45,35.09,34.60,36.00,20.00,MAN,0,74,NaN,74.00,0.00,0.00,74.00,NaN,NaN,NaN,NaN,NaN,NaN,NaN,NaN,NaN,NaN
1662.45,35.10,34.60,36.00,20.00,MAN,0,74,NaN,74.00,0.00,0.00,74.00,NaN,NaN,NaN,NaN,NaN,NaN,NaN,NaN,NaN,NaN
1663.46,35.10,34.60,36.00,20.00,MAN,0,74,NaN,74.00,0.00,0.00,74.00,NaN,NaN,NaN,NaN,NaN,NaN,NaN,NaN,NaN,NaN
1664.46,35.11,34.56,36.00,20.00,MAN,0,74,NaN,74.00,0.00,0.00,74.00,NaN,NaN,NaN,NaN,NaN,NaN,NaN,NaN,NaN,NaN
1665.46,35.11,34.56,36.00,20.00,MAN,0,74,NaN,74.00,0.00,0.00,74.00,NaN,NaN,NaN,NaN,NaN,NaN,NaN,NaN,NaN,NaN
1666.46,35.12,34.56,36.00,20.00,MAN,0,74,NaN,74.00,0.00,0.00,74.00,NaN,NaN,NaN,NaN,NaN,NaN,NaN,NaN,NaN,NaN
1667.46,35.13,34.56,36.00,20.00,MAN,0,74,NaN,74.00,0.00,0.00,74.00,NaN,NaN,NaN,NaN,NaN,NaN,NaN,NaN,NaN,NaN
1668.46,35.14,34.52,36.00,20.00,MAN,0,74,NaN,74.00,0.00,0.00,74.00,NaN,NaN,NaN,NaN,NaN,NaN,NaN,NaN,NaN,NaN
1669.46,35.15,34.52,36.00,20.00,MAN,0,74,NaN,74.00,0.00,0.00,74.00,NaN,NaN,NaN,NaN,NaN,NaN,NaN,NaN,NaN,NaN
1670.47,35.16,34.53,36.00,20.00,MAN,0,74,NaN,74.00,0.00,0.00,74.00,NaN,NaN,NaN,NaN,NaN,NaN,NaN,NaN,NaN,NaN
1671.47,35.18,34.50,36.00,20.00,MAN,0,74,NaN,74.00,0.00,0.00,74.00,NaN,NaN,NaN,NaN,NaN,NaN,NaN,NaN,NaN,NaN
1672.47,35.19,34.50,36.00,20.00,MAN,0,74,NaN,74.00,0.00,0.00,74.00,NaN,NaN,NaN,NaN,NaN,NaN,NaN,NaN,NaN,NaN
1673.47,35.20,34.50,36.00,20.00,MAN,0,74,NaN,74.00,0.00,0.00,74.00,NaN,NaN,NaN,NaN,NaN,NaN,NaN,NaN,NaN,NaN
1674.47,35.22,34.46,36.00,20.00,MAN,0,74,NaN,74.00,0.00,0.00,74.00,NaN,NaN,NaN,NaN,NaN,NaN,NaN,NaN,NaN,NaN
1675.47,35.24,34.46,36.00,20.00,MAN,0,74,NaN,74.00,0.00,0.00,74.00,NaN,NaN,NaN,NaN,NaN,NaN,NaN,NaN,NaN,NaN
1676.48,35.25,34.46,36.00,20.00,MAN,0,74,NaN,74.00,0.00,0.00,74.00,NaN,NaN,NaN,NaN,NaN,NaN,NaN,NaN,NaN,NaN
1677.48,35.26,34.41,36.00,20.00,MAN,0,74,NaN,74.00,0.00,0.00,74.00,NaN,NaN,NaN,NaN,NaN,NaN,NaN,NaN,NaN,NaN
1678.48,35.27,34.41,36.00,20.00,MAN,0,74,NaN,74.00,0.00,0.00,74.00,NaN,NaN,NaN,NaN,NaN,NaN,NaN,NaN,NaN,NaN
1679.48,35.28,34.34,36.00,20.00,MAN,0,74,NaN,74.00,0.00,0.00,74.00,NaN,NaN,NaN,NaN,NaN,NaN,NaN,NaN,NaN,NaN
1680.48,35.30,34.34,36.00,20.00,MAN,0,74,NaN,74.00,0.00,0.00,74.00,NaN,NaN,NaN,NaN,NaN,NaN,NaN,NaN,NaN,NaN
1681.49,35.33,34.29,36.00,20.00,MAN,0,74,NaN,74.00,0.00,0.00,74.00,NaN,NaN,NaN,NaN,NaN,NaN,NaN,NaN,NaN,NaN
1682.49,35.35,34.27,36.00,20.00,MAN,0,74,NaN,74.00,0.00,0.00,74.00,NaN,NaN,NaN,NaN,NaN,NaN,NaN,NaN,NaN,NaN
1683.49,35.37,34.27,36.00,20.00,MAN,0,74,NaN,74.00,0.00,0.00,74.00,NaN,NaN,NaN,NaN,NaN,NaN,NaN,NaN,NaN,NaN
1684.49,35.38,34.23,36.00,20.00,MAN,0,74,NaN,74.00,0.00,0.00,74.00,NaN,NaN,NaN,NaN,NaN,NaN,NaN,NaN,NaN,NaN
1685.49,35.40,34.23,36.00,20.00,MAN,0,74,NaN,74.00,0.00,0.00,74.00,NaN,NaN,NaN,NaN,NaN,NaN,NaN,NaN,NaN,NaN
1686.49,35.42,34.19,36.00,20.00,MAN,0,74,NaN,74.00,0.00,0.00,74.00,NaN,NaN,NaN,NaN,NaN,NaN,NaN,NaN,NaN,NaN
1687.49,35.44,34.15,36.00,20.00,MAN,0,74,NaN,74.00,0.00,0.00,74.00,NaN,NaN,NaN,NaN,NaN,NaN,NaN,NaN,NaN,NaN
1688.49,35.47,34.15,36.00,20.00,MAN,0,74,NaN,74.00,0.00,0.00,74.00,NaN,NaN,NaN,NaN,NaN,NaN,NaN,NaN,NaN,NaN
1689.50,35.48,34.11,36.00,20.00,MAN,0,74,NaN,74.00,0.00,0.00,74.00,NaN,NaN,NaN,NaN,NaN,NaN,NaN,NaN,NaN,NaN
1690.50,35.50,34.07,36.00,20.00,MAN,0,74,NaN,74.00,0.00,0.00,74.00,NaN,NaN,NaN,NaN,NaN,NaN,NaN,NaN,NaN,NaN
1691.50,35.52,34.08,36.00,20.00,MAN,0,74,NaN,74.00,0.00,0.00,74.00,NaN,NaN,NaN,NaN,NaN,NaN,NaN,NaN,NaN,NaN
1692.50,35.54,34.05,36.00,20.00,MAN,0,74,NaN,74.00,0.00,0.00,74.00,NaN,NaN,NaN,NaN,NaN,NaN,NaN,NaN,NaN,NaN
1693.50,35.56,34.01,36.00,20.00,MAN,0,74,NaN,74.00,0.00,0.00,74.00,NaN,NaN,NaN,NaN,NaN,NaN,NaN,NaN,NaN,NaN
1694.50,35.58,33.96,36.00,20.00,MAN,0,74,NaN,74.00,0.00,0.00,74.00,NaN,NaN,NaN,NaN,NaN,NaN,NaN,NaN,NaN,NaN
1695.51,35.62,33.96,36.00,20.00,MAN,0,74,NaN,74.00,0.00,0.00,74.00,NaN,NaN,NaN,NaN,NaN,NaN,NaN,NaN,NaN,NaN
1696.51,35.64,33.92,36.00,20.00,MAN,0,74,NaN,74.00,0.00,0.00,74.00,NaN,NaN,NaN,NaN,NaN,NaN,NaN,NaN,NaN,NaN
1697.51,35.66,33.89,36.00,20.00,MAN,0,74,NaN,74.00,0.00,0.00,74.00,NaN,NaN,NaN,NaN,NaN,NaN,NaN,NaN,NaN,NaN
1698.51,35.68,33.85,36.00,20.00,MAN,0,74,NaN,74.00,0.00,0.00,74.00,NaN,NaN,NaN,NaN,NaN,NaN,NaN,NaN,NaN,NaN
1699.51,35.71,33.83,36.00,20.00,MAN,0,74,NaN,74.00,0.00,0.00,74.00,NaN,NaN,NaN,NaN,NaN,NaN,NaN,NaN,NaN,NaN
1700.52,35.72,33.83,36.00,20.00,MAN,0,74,NaN,74.00,0.00,0.00,74.00,NaN,NaN,NaN,NaN,NaN,NaN,NaN,NaN,NaN,NaN
1701.51,35.74,33.78,36.00,20.00,MAN,0,74,NaN,74.00,0.00,0.00,74.00,NaN,NaN,NaN,NaN,NaN,NaN,NaN,NaN,NaN,NaN
1702.52,35.77,33.74,36.00,20.00,MAN,0,74,NaN,74.00,0.00,0.00,74.00,NaN,NaN,NaN,NaN,NaN,NaN,NaN,NaN,NaN,NaN
1703.52,35.79,33.74,36.00,20.00,MAN,0,74,NaN,74.00,0.00,0.00,74.00,NaN,NaN,NaN,NaN,NaN,NaN,NaN,NaN,NaN,NaN
1704.52,35.81,33.70,36.00,20.00,MAN,0,74,NaN,74.00,0.00,0.00,74.00,NaN,NaN,NaN,NaN,NaN,NaN,NaN,NaN,NaN,NaN
1705.52,35.84,33.68,36.00,20.00,MAN,0,74,NaN,74.00,0.00,0.00,74.00,NaN,NaN,NaN,NaN,NaN,NaN,NaN,NaN,NaN,NaN
1706.52,35.87,33.63,36.00,20.00,MAN,0,74,NaN,74.00,0.00,0.00,74.00,NaN,NaN,NaN,NaN,NaN,NaN,NaN,NaN,NaN,NaN
1707.52,35.88,33.60,36.00,20.00,MAN,0,74,NaN,74.00,0.00,0.00,74.00,NaN,NaN,NaN,NaN,NaN,NaN,NaN,NaN,NaN,NaN
1708.53,35.89,33.56,36.00,20.00,MAN,0,74,NaN,74.00,0.00,0.00,74.00,NaN,NaN,NaN,NaN,NaN,NaN,NaN,NaN,NaN,NaN
1709.53,35.92,33.51,36.00,20.00,MAN,0,74,NaN,74.00,0.00,0.00,74.00,NaN,NaN,NaN,NaN,NaN,NaN,NaN,NaN,NaN,NaN
1710.53,35.94,33.51,36.00,20.00,MAN,0,74,NaN,74.00,0.00,0.00,74.00,NaN,NaN,NaN,NaN,NaN,NaN,NaN,NaN,NaN,NaN
1711.53,35.96,33.44,36.00,20.00,MAN,0,74,NaN,74.00,0.00,0.00,74.00,NaN,NaN,NaN,NaN,NaN,NaN,NaN,NaN,NaN,NaN
1712.53,36.00,33.44,36.00,20.00,MAN,0,74,NaN,74.00,0.00,0.00,74.00,NaN,NaN,NaN,NaN,NaN,NaN,NaN,NaN,NaN,NaN
1713.54,36.02,33.44,36.00,20.00,MAN,0,74,NaN,74.00,0.00,0.00,74.00,NaN,NaN,NaN,NaN,NaN,NaN,NaN,NaN,NaN,NaN
1714.54,36.02,33.39,36.00,20.00,MAN,0,74,NaN,74.00,0.00,0.00,74.00,NaN,NaN,NaN,NaN,NaN,NaN,NaN,NaN,NaN,NaN
1715.54,36.02,33.35,36.00,20.00,MAN,0,74,NaN,74.00,0.00,0.00,74.00,NaN,NaN,NaN,NaN,NaN,NaN,NaN,NaN,NaN,NaN
1716.54,36.03,33.37,36.00,20.00,MAN,0,74,NaN,74.00,0.00,0.00,74.00,NaN,NaN,NaN,NaN,NaN,NaN,NaN,NaN,NaN,NaN
1717.54,36.06,33.33,36.00,20.00,MAN,0,74,NaN,74.00,0.00,0.00,74.00,NaN,NaN,NaN,NaN,NaN,NaN,NaN,NaN,NaN,NaN
1718.54,36.11,33.29,36.00,20.00,MAN,0,74,NaN,74.00,0.00,0.00,74.00,NaN,NaN,NaN,NaN,NaN,NaN,NaN,NaN,NaN,NaN
1719.54,36.14,33.25,36.00,20.00,MAN,0,74,NaN,74.00,0.00,0.00,74.00,NaN,NaN,NaN,NaN,NaN,NaN,NaN,NaN,NaN,NaN
1720.54,36.16,33.21,36.00,20.00,MAN,0,74,NaN,74.00,0.00,0.00,74.00,NaN,NaN,NaN,NaN,NaN,NaN,NaN,NaN,NaN,NaN
1721.55,36.17,33.21,36.00,20.00,MAN,0,74,NaN,74.00,0.00,0.00,74.00,NaN,NaN,NaN,NaN,NaN,NaN,NaN,NaN,NaN,NaN
1722.55,36.19,33.17,36.00,20.00,MAN,0,74,NaN,74.00,0.00,0.00,74.00,NaN,NaN,NaN,NaN,NaN,NaN,NaN,NaN,NaN,NaN
1723.55,36.22,33.15,36.00,20.00,MAN,0,74,NaN,74.00,0.00,0.00,74.00,NaN,NaN,NaN,NaN,NaN,NaN,NaN,NaN,NaN,NaN
1724.55,36.23,33.11,36.00,20.00,MAN,0,74,NaN,74.00,0.00,0.00,74.00,NaN,NaN,NaN,NaN,NaN,NaN,NaN,NaN,NaN,NaN
1725.55,36.25,33.11,36.00,20.00,MAN,0,74,NaN,74.00,0.00,0.00,74.00,NaN,NaN,NaN,NaN,NaN,NaN,NaN,NaN,NaN,NaN
1726.56,36.27,33.06,36.00,20.00,MAN,0,74,NaN,74.00,0.00,0.00,74.00,NaN,NaN,NaN,NaN,NaN,NaN,NaN,NaN,NaN,NaN
1727.56,36.28,33.02,36.00,20.00,MAN,0,74,NaN,74.00,0.00,0.00,74.00,NaN,NaN,NaN,NaN,NaN,NaN,NaN,NaN,NaN,NaN
1728.56,36.30,33.02,36.00,20.00,MAN,0,74,NaN,74.00,0.00,0.00,74.00,NaN,NaN,NaN,NaN,NaN,NaN,NaN,NaN,NaN,NaN
1729.56,36.33,32.99,36.00,20.00,MAN,0,74,NaN,74.00,0.00,0.00,74.00,NaN,NaN,NaN,NaN,NaN,NaN,NaN,NaN,NaN,NaN
1730.56,36.34,32.94,36.00,20.00,MAN,0,74,NaN,74.00,0.00,0.00,74.00,NaN,NaN,NaN,NaN,NaN,NaN,NaN,NaN,NaN,NaN
1731.56,36.37,32.96,36.00,20.00,MAN,0,74,NaN,74.00,0.00,0.00,74.00,NaN,NaN,NaN,NaN,NaN,NaN,NaN,NaN,NaN,NaN
1732.56,36.39,32.92,36.00,20.00,MAN,0,74,NaN,74.00,0.00,0.00,74.00,NaN,NaN,NaN,NaN,NaN,NaN,NaN,NaN,NaN,NaN
1733.56,36.42,32.88,36.00,20.00,MAN,0,74,NaN,74.00,0.00,0.00,74.00,NaN,NaN,NaN,NaN,NaN,NaN,NaN,NaN,NaN,NaN
1734.57,36.43,32.88,36.00,20.00,MAN,0,74,NaN,74.00,0.00,0.00,74.00,NaN,NaN,NaN,NaN,NaN,NaN,NaN,NaN,NaN,NaN
1735.57,36.46,32.84,36.00,20.00,MAN,0,74,NaN,74.00,0.00,0.00,74.00,NaN,NaN,NaN,NaN,NaN,NaN,NaN,NaN,NaN,NaN
1736.57,36.48,32.80,36.00,20.00,MAN,0,74,NaN,74.00,0.00,0.00,74.00,NaN,NaN,NaN,NaN,NaN,NaN,NaN,NaN,NaN,NaN
1737.57,36.49,32.80,36.00,20.00,MAN,0,74,NaN,74.00,0.00,0.00,74.00,NaN,NaN,NaN,NaN,NaN,NaN,NaN,NaN,NaN,NaN
1738.57,36.52,32.76,36.00,20.00,MAN,0,74,NaN,74.00,0.00,0.00,74.00,NaN,NaN,NaN,NaN,NaN,NaN,NaN,NaN,NaN,NaN
1739.57,36.54,32.72,36.00,20.00,MAN,0,74,NaN,74.00,0.00,0.00,74.00,NaN,NaN,NaN,NaN,NaN,NaN,NaN,NaN,NaN,NaN
1740.58,36.56,32.73,36.00,20.00,MAN,0,74,NaN,74.00,0.00,0.00,74.00,NaN,NaN,NaN,NaN,NaN,NaN,NaN,NaN,NaN,NaN
1741.58,36.58,32.70,36.00,20.00,MAN,0,74,NaN,74.00,0.00,0.00,74.00,NaN,NaN,NaN,NaN,NaN,NaN,NaN,NaN,NaN,NaN
1742.58,36.60,32.61,36.00,20.00,MAN,0,74,NaN,74.00,0.00,0.00,74.00,NaN,NaN,NaN,NaN,NaN,NaN,NaN,NaN,NaN,NaN
1743.58,36.61,32.61,36.00,20.00,MAN,0,74,NaN,74.00,0.00,0.00,74.00,NaN,NaN,NaN,NaN,NaN,NaN,NaN,NaN,NaN,NaN
1744.58,36.66,32.57,36.00,20.00,MAN,0,74,NaN,74.00,0.00,0.00,74.00,NaN,NaN,NaN,NaN,NaN,NaN,NaN,NaN,NaN,NaN
1745.59,36.69,32.54,36.00,20.00,MAN,0,74,NaN,74.00,0.00,0.00,74.00,NaN,NaN,NaN,NaN,NaN,NaN,NaN,NaN,NaN,NaN
1746.59,36.70,32.54,36.00,20.00,MAN,0,74,NaN,74.00,0.00,0.00,74.00,NaN,NaN,NaN,NaN,NaN,NaN,NaN,NaN,NaN,NaN
1747.59,36.71,32.51,36.00,20.00,MAN,0,74,NaN,74.00,0.00,0.00,74.00,NaN,NaN,NaN,NaN,NaN,NaN,NaN,NaN,NaN,NaN
1748.59,36.72,32.51,36.00,20.00,MAN,0,74,NaN,74.00,0.00,0.00,74.00,NaN,NaN,NaN,NaN,NaN,NaN,NaN,NaN,NaN,NaN
1749.59,36.72,32.47,36.00,20.00,MAN,0,74,NaN,74.00,0.00,0.00,74.00,NaN,NaN,NaN,NaN,NaN,NaN,NaN,NaN,NaN,NaN
1750.59,36.73,32.47,36.00,20.00,MAN,0,74,NaN,74.00,0.00,0.00,74.00,NaN,NaN,NaN,NaN,NaN,NaN,NaN,NaN,NaN,NaN
1751.59,36.74,32.43,36.00,20.00,MAN,0,74,NaN,74.00,0.00,0.00,74.00,NaN,NaN,NaN,NaN,NaN,NaN,NaN,NaN,NaN,NaN
1752.60,36.75,32.43,36.00,20.00,MAN,0,74,NaN,74.00,0.00,0.00,74.00,NaN,NaN,NaN,NaN,NaN,NaN,NaN,NaN,NaN,NaN
1753.60,36.76,32.43,36.00,20.00,MAN,0,74,NaN,74.00,0.00,0.00,74.00,NaN,NaN,NaN,NaN,NaN,NaN,NaN,NaN,NaN,NaN
1754.60,36.76,32.39,36.00,20.00,MAN,0,74,NaN,74.00,0.00,0.00,74.00,NaN,NaN,NaN,NaN,NaN,NaN,NaN,NaN,NaN,NaN
1755.60,36.76,32.39,36.00,20.00,MAN,0,74,NaN,74.00,0.00,0.00,74.00,NaN,NaN,NaN,NaN,NaN,NaN,NaN,NaN,NaN,NaN
1756.60,36.76,32.39,36.00,20.00,MAN,0,74,NaN,74.00,0.00,0.00,74.00,NaN,NaN,NaN,NaN,NaN,NaN,NaN,NaN,NaN,NaN
1757.60,36.77,32.35,36.00,20.00,MAN,0,74,NaN,74.00,0.00,0.00,74.00,NaN,NaN,NaN,NaN,NaN,NaN,NaN,NaN,NaN,NaN
1758.61,36.78,32.35,36.00,20.00,MAN,0,74,NaN,74.00,0.00,0.00,74.00,NaN,NaN,NaN,NaN,NaN,NaN,NaN,NaN,NaN,NaN
1759.61,36.78,32.35,36.00,20.00,MAN,0,74,NaN,74.00,0.00,0.00,74.00,NaN,NaN,NaN,NaN,NaN,NaN,NaN,NaN,NaN,NaN
1760.61,36.78,32.35,36.00,20.00,MAN,0,74,NaN,74.00,0.00,0.00,74.00,NaN,NaN,NaN,NaN,NaN,NaN,NaN,NaN,NaN,NaN
1761.61,36.78,32.35,36.00,20.00,MAN,0,74,NaN,74.00,0.00,0.00,74.00,NaN,NaN,NaN,NaN,NaN,NaN,NaN,NaN,NaN,NaN
1762.61,36.77,32.31,36.00,20.00,MAN,0,74,NaN,74.00,0.00,0.00,74.00,NaN,NaN,NaN,NaN,NaN,NaN,NaN,NaN,NaN,NaN
1763.61,36.77,32.35,36.00,20.00,MAN,0,74,NaN,74.00,0.00,0.00,74.00,NaN,NaN,NaN,NaN,NaN,NaN,NaN,NaN,NaN,NaN
1764.62,36.77,32.35,36.00,20.00,MAN,0,74,NaN,74.00,0.00,0.00,74.00,NaN,NaN,NaN,NaN,NaN,NaN,NaN,NaN,NaN,NaN
1765.61,36.77,32.35,36.00,20.00,MAN,0,74,NaN,74.00,0.00,0.00,74.00,NaN,NaN,NaN,NaN,NaN,NaN,NaN,NaN,NaN,NaN
1766.62,36.77,32.35,36.00,20.00,MAN,0,74,NaN,74.00,0.00,0.00,74.00,NaN,NaN,NaN,NaN,NaN,NaN,NaN,NaN,NaN,NaN
1767.62,36.77,32.35,36.00,20.00,MAN,0,74,NaN,74.00,0.00,0.00,74.00,NaN,NaN,NaN,NaN,NaN,NaN,NaN,NaN,NaN,NaN
1768.62,36.77,32.39,36.00,20.00,MAN,0,74,NaN,74.00,0.00,0.00,74.00,NaN,NaN,NaN,NaN,NaN,NaN,NaN,NaN,NaN,NaN
1769.62,36.76,32.39,36.00,20.00,MAN,0,74,NaN,74.00,0.00,0.00,74.00,NaN,NaN,NaN,NaN,NaN,NaN,NaN,NaN,NaN,NaN
1770.62,36.76,32.39,36.00,20.00,MAN,0,74,NaN,74.00,0.00,0.00,74.00,NaN,NaN,NaN,NaN,NaN,NaN,NaN,NaN,NaN,NaN
1771.63,36.75,32.39,36.00,20.00,MAN,0,74,NaN,74.00,0.00,0.00,74.00,NaN,NaN,NaN,NaN,NaN,NaN,NaN,NaN,NaN,NaN
1772.63,36.75,32.39,36.00,20.00,MAN,0,74,NaN,74.00,0.00,0.00,74.00,NaN,NaN,NaN,NaN,NaN,NaN,NaN,NaN,NaN,NaN
1773.63,36.74,32.43,36.00,20.00,MAN,0,74,NaN,74.00,0.00,0.00,74.00,NaN,NaN,NaN,NaN,NaN,NaN,NaN,NaN,NaN,NaN
1774.63,36.74,32.43,36.00,20.00,MAN,0,74,NaN,74.00,0.00,0.00,74.00,NaN,NaN,NaN,NaN,NaN,NaN,NaN,NaN,NaN,NaN
1775.63,36.73,32.43,36.00,20.00,MAN,0,74,NaN,74.00,0.00,0.00,74.00,NaN,NaN,NaN,NaN,NaN,NaN,NaN,NaN,NaN,NaN
1776.63,36.73,32.43,36.00,20.00,MAN,0,74,NaN,74.00,0.00,0.00,74.00,NaN,NaN,NaN,NaN,NaN,NaN,NaN,NaN,NaN,NaN
1777.64,36.72,32.43,36.00,20.00,MAN,0,74,NaN,74.00,0.00,0.00,74.00,NaN,NaN,NaN,NaN,NaN,NaN,NaN,NaN,NaN,NaN
1778.63,36.72,32.43,36.00,20.00,MAN,0,74,NaN,74.00,0.00,0.00,74.00,NaN,NaN,NaN,NaN,NaN,NaN,NaN,NaN,NaN,NaN
1779.64,36.72,32.43,36.00,20.00,MAN,0,74,NaN,74.00,0.00,0.00,74.00,NaN,NaN,NaN,NaN,NaN,NaN,NaN,NaN,NaN,NaN
1780.64,36.70,32.43,36.00,20.00,MAN,0,74,NaN,74.00,0.00,0.00,74.00,NaN,NaN,NaN,NaN,NaN,NaN,NaN,NaN,NaN,NaN
1781.64,36.70,32.41,36.00,20.00,MAN,0,74,NaN,74.00,0.00,0.00,74.00,NaN,NaN,NaN,NaN,NaN,NaN,NaN,NaN,NaN,NaN
1782.65,36.69,32.41,36.00,20.00,MAN,0,74,NaN,74.00,0.00,0.00,74.00,NaN,NaN,NaN,NaN,NaN,NaN,NaN,NaN,NaN,NaN
1783.64,36.69,32.41,36.00,20.00,MAN,0,74,NaN,74.00,0.00,0.00,74.00,NaN,NaN,NaN,NaN,NaN,NaN,NaN,NaN,NaN,NaN
1784.65,36.68,32.41,36.00,20.00,MAN,0,74,NaN,74.00,0.00,0.00,74.00,NaN,NaN,NaN,NaN,NaN,NaN,NaN,NaN,NaN,NaN
1785.65,36.67,32.41,36.00,20.00,MAN,0,74,NaN,74.00,0.00,0.00,74.00,NaN,NaN,NaN,NaN,NaN,NaN,NaN,NaN,NaN,NaN
1786.65,36.66,32.41,36.00,20.00,MAN,0,74,NaN,74.00,0.00,0.00,74.00,NaN,NaN,NaN,NaN,NaN,NaN,NaN,NaN,NaN,NaN
1787.65,36.64,32.45,36.00,20.00,MAN,0,74,NaN,74.00,0.00,0.00,74.00,NaN,NaN,NaN,NaN,NaN,NaN,NaN,NaN,NaN,NaN
1788.65,36.63,32.45,36.00,20.00,MAN,0,74,NaN,74.00,0.00,0.00,74.00,NaN,NaN,NaN,NaN,NaN,NaN,NaN,NaN,NaN,NaN
1789.65,36.62,32.45,36.00,20.00,MAN,0,74,NaN,74.00,0.00,0.00,74.00,NaN,NaN,NaN,NaN,NaN,NaN,NaN,NaN,NaN,NaN
1790.66,36.61,32.45,36.00,20.00,MAN,0,74,NaN,74.00,0.00,0.00,74.00,NaN,NaN,NaN,NaN,NaN,NaN,NaN,NaN,NaN,NaN
1791.66,36.60,32.49,36.00,20.00,MAN,0,74,NaN,74.00,0.00,0.00,74.00,NaN,NaN,NaN,NaN,NaN,NaN,NaN,NaN,NaN,NaN
1792.66,36.60,32.49,36.00,20.00,MAN,0,74,NaN,74.00,0.00,0.00,74.00,NaN,NaN,NaN,NaN,NaN,NaN,NaN,NaN,NaN,NaN
1793.66,36.58,32.54,36.00,20.00,MAN,0,74,NaN,74.00,0.00,0.00,74.00,NaN,NaN,NaN,NaN,NaN,NaN,NaN,NaN,NaN,NaN
1794.66,36.57,32.54,36.00,20.00,MAN,0,74,NaN,74.00,0.00,0.00,74.00,NaN,NaN,NaN,NaN,NaN,NaN,NaN,NaN,NaN,NaN
1795.67,36.56,32.54,36.00,20.00,MAN,0,74,NaN,74.00,0.00,0.00,74.00,NaN,NaN,NaN,NaN,NaN,NaN,NaN,NaN,NaN,NaN
1796.66,36.55,32.56,36.00,20.00,MAN,0,74,NaN,74.00,0.00,0.00,74.00,NaN,NaN,NaN,NaN,NaN,NaN,NaN,NaN,NaN,NaN
1797.67,36.54,32.60,36.00,20.00,MAN,0,74,NaN,74.00,0.00,0.00,74.00,NaN,NaN,NaN,NaN,NaN,NaN,NaN,NaN,NaN,NaN
1798.67,36.53,32.60,36.00,20.00,MAN,0,74,NaN,74.00,0.00,0.00,74.00,NaN,NaN,NaN,NaN,NaN,NaN,NaN,NaN,NaN,NaN
1799.67,36.52,32.60,36.00,20.00,MAN,0,74,NaN,74.00,0.00,0.00,74.00,NaN,NaN,NaN,NaN,NaN,NaN,NaN,NaN,NaN,NaN
1800.67,36.51,32.68,36.00,20.00,MAN,0,74,NaN,74.00,0.00,0.00,74.00,NaN,NaN,NaN,NaN,NaN,NaN,NaN,NaN,NaN,NaN
1801.67,36.49,32.72,36.00,20.00,MAN,0,74,NaN,74.00,0.00,0.00,74.00,NaN,NaN,NaN,NaN,NaN,NaN,NaN,NaN,NaN,NaN
1802.68,36.48,32.72,36.00,20.00,MAN,0,74,NaN,74.00,0.00,0.00,74.00,NaN,NaN,NaN,NaN,NaN,NaN,NaN,NaN,NaN,NaN
1803.68,36.47,32.76,36.00,20.00,MAN,0,74,NaN,74.00,0.00,0.00,74.00,NaN,NaN,NaN,NaN,NaN,NaN,NaN,NaN,NaN,NaN
1804.68,36.46,32.76,36.00,20.00,MAN,0,74,NaN,74.00,0.00,0.00,74.00,NaN,NaN,NaN,NaN,NaN,NaN,NaN,NaN,NaN,NaN
1805.68,36.45,32.80,36.00,20.00,MAN,0,74,NaN,74.00,0.00,0.00,74.00,NaN,NaN,NaN,NaN,NaN,NaN,NaN,NaN,NaN,NaN
1806.68,36.43,32.80,36.00,20.00,MAN,0,74,NaN,74.00,0.00,0.00,74.00,NaN,NaN,NaN,NaN,NaN,NaN,NaN,NaN,NaN,NaN
1807.68,36.43,32.84,36.00,20.00,MAN,0,74,NaN,74.00,0.00,0.00,74.00,NaN,NaN,NaN,NaN,NaN,NaN,NaN,NaN,NaN,NaN
1808.68,36.41,32.84,36.00,20.00,MAN,0,74,NaN,74.00,0.00,0.00,74.00,NaN,NaN,NaN,NaN,NaN,NaN,NaN,NaN,NaN,NaN
1809.69,36.40,32.88,36.00,20.00,MAN,0,74,NaN,74.00,0.00,0.00,74.00,NaN,NaN,NaN,NaN,NaN,NaN,NaN,NaN,NaN,NaN
1810.69,36.39,32.92,36.00,20.00,MAN,0,74,NaN,74.00,0.00,0.00,74.00,NaN,NaN,NaN,NaN,NaN,NaN,NaN,NaN,NaN,NaN
1811.69,36.37,32.92,36.00,20.00,MAN,0,74,NaN,74.00,0.00,0.00,74.00,NaN,NaN,NaN,NaN,NaN,NaN,NaN,NaN,NaN,NaN
1812.69,36.36,32.96,36.00,20.00,MAN,0,74,NaN,74.00,0.00,0.00,74.00,NaN,NaN,NaN,NaN,NaN,NaN,NaN,NaN,NaN,NaN
1813.69,36.34,32.94,36.00,20.00,MAN,0,74,NaN,74.00,0.00,0.00,74.00,NaN,NaN,NaN,NaN,NaN,NaN,NaN,NaN,NaN,NaN
1814.69,36.33,32.99,36.00,20.00,MAN,0,74,NaN,74.00,0.00,0.00,74.00,NaN,NaN,NaN,NaN,NaN,NaN,NaN,NaN,NaN,NaN
1815.69,36.32,33.02,36.00,20.00,MAN,0,74,NaN,74.00,0.00,0.00,74.00,NaN,NaN,NaN,NaN,NaN,NaN,NaN,NaN,NaN,NaN
1816.70,36.31,33.02,36.00,20.00,MAN,0,74,NaN,74.00,0.00,0.00,74.00,NaN,NaN,NaN,NaN,NaN,NaN,NaN,NaN,NaN,NaN
1817.70,36.29,33.06,36.00,20.00,MAN,0,74,NaN,74.00,0.00,0.00,74.00,NaN,NaN,NaN,NaN,NaN,NaN,NaN,NaN,NaN,NaN
1818.70,36.28,33.06,36.00,20.00,MAN,0,74,NaN,74.00,0.00,0.00,74.00,NaN,NaN,NaN,NaN,NaN,NaN,NaN,NaN,NaN,NaN
1819.70,36.27,33.11,36.00,20.00,MAN,0,74,NaN,74.00,0.00,0.00,74.00,NaN,NaN,NaN,NaN,NaN,NaN,NaN,NaN,NaN,NaN
1820.70,36.26,33.11,36.00,20.00,MAN,0,74,NaN,74.00,0.00,0.00,74.00,NaN,NaN,NaN,NaN,NaN,NaN,NaN,NaN,NaN,NaN
1821.71,36.24,33.15,36.00,20.00,MAN,0,74,NaN,74.00,0.00,0.00,74.00,NaN,NaN,NaN,NaN,NaN,NaN,NaN,NaN,NaN,NaN
1822.71,36.23,33.15,36.00,20.00,MAN,0,74,NaN,74.00,0.00,0.00,74.00,NaN,NaN,NaN,NaN,NaN,NaN,NaN,NaN,NaN,NaN
1823.71,36.21,33.18,36.00,20.00,MAN,0,74,NaN,74.00,0.00,0.00,74.00,NaN,NaN,NaN,NaN,NaN,NaN,NaN,NaN,NaN,NaN
1824.71,36.19,33.17,36.00,20.00,MAN,0,74,NaN,74.00,0.00,0.00,74.00,NaN,NaN,NaN,NaN,NaN,NaN,NaN,NaN,NaN,NaN
1825.71,36.18,33.21,36.00,20.00,MAN,0,74,NaN,74.00,0.00,0.00,74.00,NaN,NaN,NaN,NaN,NaN,NaN,NaN,NaN,NaN,NaN
1826.71,36.16,33.21,36.00,20.00,MAN,0,74,NaN,74.00,0.00,0.00,74.00,NaN,NaN,NaN,NaN,NaN,NaN,NaN,NaN,NaN,NaN
1827.72,36.15,33.25,36.00,20.00,MAN,0,74,NaN,74.00,0.00,0.00,74.00,NaN,NaN,NaN,NaN,NaN,NaN,NaN,NaN,NaN,NaN
1828.71,36.14,33.25,36.00,20.00,MAN,0,74,NaN,74.00,0.00,0.00,74.00,NaN,NaN,NaN,NaN,NaN,NaN,NaN,NaN,NaN,NaN
1829.72,36.12,33.25,36.00,20.00,MAN,0,74,NaN,74.00,0.00,0.00,74.00,NaN,NaN,NaN,NaN,NaN,NaN,NaN,NaN,NaN,NaN
1830.72,36.12,33.29,36.00,20.00,MAN,0,74,NaN,74.00,0.00,0.00,74.00,NaN,NaN,NaN,NaN,NaN,NaN,NaN,NaN,NaN,NaN
1831.72,36.10,33.29,36.00,20.00,MAN,0,74,NaN,74.00,0.00,0.00,74.00,NaN,NaN,NaN,NaN,NaN,NaN,NaN,NaN,NaN,NaN
1832.72,36.08,33.33,36.00,20.00,MAN,0,74,NaN,74.00,0.00,0.00,74.00,NaN,NaN,NaN,NaN,NaN,NaN,NaN,NaN,NaN,NaN
1833.72,36.06,33.33,36.00,20.00,MAN,0,74,NaN,74.00,0.00,0.00,74.00,NaN,NaN,NaN,NaN,NaN,NaN,NaN,NaN,NaN,NaN
1834.73,36.03,33.37,36.00,20.00,MAN,0,74,NaN,74.00,0.00,0.00,74.00,NaN,NaN,NaN,NaN,NaN,NaN,NaN,NaN,NaN,NaN
1835.73,36.03,33.37,36.00,20.00,MAN,0,74,NaN,74.00,0.00,0.00,74.00,NaN,NaN,NaN,NaN,NaN,NaN,NaN,NaN,NaN,NaN
1836.73,36.02,33.39,36.00,20.00,MAN,0,74,NaN,74.00,0.00,0.00,74.00,NaN,NaN,NaN,NaN,NaN,NaN,NaN,NaN,NaN,NaN
1837.73,36.02,33.44,36.00,20.00,MAN,0,74,NaN,74.00,0.00,0.00,74.00,NaN,NaN,NaN,NaN,NaN,NaN,NaN,NaN,NaN,NaN
1838.73,36.02,33.44,36.00,20.00,MAN,0,74,NaN,74.00,0.00,0.00,74.00,NaN,NaN,NaN,NaN,NaN,NaN,NaN,NaN,NaN,NaN
1839.73,36.02,33.44,36.00,20.00,MAN,0,74,NaN,74.00,0.00,0.00,74.00,NaN,NaN,NaN,NaN,NaN,NaN,NaN,NaN,NaN,NaN
1840.74,36.02,33.44,36.00,20.00,MAN,0,74,NaN,74.00,0.00,0.00,74.00,NaN,NaN,NaN,NaN,NaN,NaN,NaN,NaN,NaN,NaN
1841.74,35.98,33.51,36.00,20.00,MAN,0,74,NaN,74.00,0.00,0.00,74.00,NaN,NaN,NaN,NaN,NaN,NaN,NaN,NaN,NaN,NaN
1842.74,35.97,33.51,36.00,20.00,MAN,0,74,NaN,74.00,0.00,0.00,74.00,NaN,NaN,NaN,NaN,NaN,NaN,NaN,NaN,NaN,NaN
1843.74,35.95,33.56,36.00,20.00,MAN,0,74,NaN,74.00,0.00,0.00,74.00,NaN,NaN,NaN,NaN,NaN,NaN,NaN,NaN,NaN,NaN
1844.74,35.94,33.60,36.00,20.00,MAN,0,74,NaN,74.00,0.00,0.00,74.00,NaN,NaN,NaN,NaN,NaN,NaN,NaN,NaN,NaN,NaN
1845.74,35.92,33.60,36.00,20.00,MAN,0,74,NaN,74.00,0.00,0.00,74.00,NaN,NaN,NaN,NaN,NaN,NaN,NaN,NaN,NaN,NaN
1846.75,35.89,33.63,36.00,20.00,MAN,0,74,NaN,74.00,0.00,0.00,74.00,NaN,NaN,NaN,NaN,NaN,NaN,NaN,NaN,NaN,NaN
1847.74,35.89,33.63,36.00,20.00,MAN,0,74,NaN,74.00,0.00,0.00,74.00,NaN,NaN,NaN,NaN,NaN,NaN,NaN,NaN,NaN,NaN
1848.75,35.87,33.68,36.00,20.00,MAN,0,74,NaN,74.00,0.00,0.00,74.00,NaN,NaN,NaN,NaN,NaN,NaN,NaN,NaN,NaN,NaN
1849.75,35.86,33.68,36.00,20.00,MAN,0,74,NaN,74.00,0.00,0.00,74.00,NaN,NaN,NaN,NaN,NaN,NaN,NaN,NaN,NaN,NaN
1850.75,35.84,33.70,36.00,20.00,MAN,0,74,NaN,74.00,0.00,0.00,74.00,NaN,NaN,NaN,NaN,NaN,NaN,NaN,NaN,NaN,NaN
1851.75,35.83,33.70,36.00,20.00,MAN,0,74,NaN,74.00,0.00,0.00,74.00,NaN,NaN,NaN,NaN,NaN,NaN,NaN,NaN,NaN,NaN
1852.75,35.81,33.74,36.00,20.00,MAN,0,74,NaN,74.00,0.00,0.00,74.00,NaN,NaN,NaN,NaN,NaN,NaN,NaN,NaN,NaN,NaN
1853.76,35.80,33.74,36.00,20.00,MAN,0,74,NaN,74.00,0.00,0.00,74.00,NaN,NaN,NaN,NaN,NaN,NaN,NaN,NaN,NaN,NaN
1854.76,35.78,33.78,36.00,20.00,MAN,0,74,NaN,74.00,0.00,0.00,74.00,NaN,NaN,NaN,NaN,NaN,NaN,NaN,NaN,NaN,NaN
1855.76,35.77,33.83,36.00,20.00,MAN,0,74,NaN,74.00,0.00,0.00,74.00,NaN,NaN,NaN,NaN,NaN,NaN,NaN,NaN,NaN,NaN
1856.76,35.75,33.83,36.00,20.00,MAN,0,74,NaN,74.00,0.00,0.00,74.00,NaN,NaN,NaN,NaN,NaN,NaN,NaN,NaN,NaN,NaN
1857.76,35.74,33.83,36.00,20.00,MAN,0,74,NaN,74.00,0.00,0.00,74.00,NaN,NaN,NaN,NaN,NaN,NaN,NaN,NaN,NaN,NaN
1858.76,35.73,33.86,36.00,20.00,MAN,0,74,NaN,74.00,0.00,0.00,74.00,NaN,NaN,NaN,NaN,NaN,NaN,NaN,NaN,NaN,NaN
1859.77,35.71,33.86,36.00,20.00,MAN,0,74,NaN,74.00,0.00,0.00,74.00,NaN,NaN,NaN,NaN,NaN,NaN,NaN,NaN,NaN,NaN
1860.77,35.70,33.90,36.00,20.00,MAN,0,74,NaN,74.00,0.00,0.00,74.00,NaN,NaN,NaN,NaN,NaN,NaN,NaN,NaN,NaN,NaN
1861.77,35.69,33.90,36.00,20.00,MAN,0,74,NaN,74.00,0.00,0.00,74.00,NaN,NaN,NaN,NaN,NaN,NaN,NaN,NaN,NaN,NaN
1862.77,35.68,33.92,36.00,20.00,MAN,0,74,NaN,74.00,0.00,0.00,74.00,NaN,NaN,NaN,NaN,NaN,NaN,NaN,NaN,NaN,NaN
1863.77,35.66,33.92,36.00,20.00,MAN,0,74,NaN,74.00,0.00,0.00,74.00,NaN,NaN,NaN,NaN,NaN,NaN,NaN,NaN,NaN,NaN
1864.77,35.65,33.96,36.00,20.00,MAN,0,74,NaN,74.00,0.00,0.00,74.00,NaN,NaN,NaN,NaN,NaN,NaN,NaN,NaN,NaN,NaN
1865.77,35.64,33.96,36.00,20.00,MAN,0,74,NaN,74.00,0.00,0.00,74.00,NaN,NaN,NaN,NaN,NaN,NaN,NaN,NaN,NaN,NaN
1866.78,35.62,34.01,36.00,20.00,MAN,0,74,NaN,74.00,0.00,0.00,74.00,NaN,NaN,NaN,NaN,NaN,NaN,NaN,NaN,NaN,NaN
1867.78,35.60,34.05,36.00,20.00,MAN,0,74,NaN,74.00,0.00,0.00,74.00,NaN,NaN,NaN,NaN,NaN,NaN,NaN,NaN,NaN,NaN
1868.78,35.59,34.05,36.00,20.00,MAN,0,74,NaN,74.00,0.00,0.00,74.00,NaN,NaN,NaN,NaN,NaN,NaN,NaN,NaN,NaN,NaN
1869.78,35.57,34.05,36.00,20.00,MAN,0,74,NaN,74.00,0.00,0.00,74.00,NaN,NaN,NaN,NaN,NaN,NaN,NaN,NaN,NaN,NaN
1870.78,35.56,34.08,36.00,20.00,MAN,0,74,NaN,74.00,0.00,0.00,74.00,NaN,NaN,NaN,NaN,NaN,NaN,NaN,NaN,NaN,NaN
1871.78,35.55,34.13,36.00,20.00,MAN,0,74,NaN,74.00,0.00,0.00,74.00,NaN,NaN,NaN,NaN,NaN,NaN,NaN,NaN,NaN,NaN
1872.79,35.53,34.13,36.00,20.00,MAN,0,74,NaN,74.00,0.00,0.00,74.00,NaN,NaN,NaN,NaN,NaN,NaN,NaN,NaN,NaN,NaN
1873.79,35.52,34.17,36.00,20.00,MAN,0,74,NaN,74.00,0.00,0.00,74.00,NaN,NaN,NaN,NaN,NaN,NaN,NaN,NaN,NaN,NaN
1874.79,35.51,34.17,36.00,20.00,MAN,0,74,NaN,74.00,0.00,0.00,74.00,NaN,NaN,NaN,NaN,NaN,NaN,NaN,NaN,NaN,NaN
1875.79,35.50,34.19,36.00,20.00,MAN,0,74,NaN,74.00,0.00,0.00,74.00,NaN,NaN,NaN,NaN,NaN,NaN,NaN,NaN,NaN,NaN
1876.79,35.49,34.19,36.00,20.00,MAN,0,74,NaN,74.00,0.00,0.00,74.00,NaN,NaN,NaN,NaN,NaN,NaN,NaN,NaN,NaN,NaN
1877.79,35.48,34.23,36.00,20.00,MAN,0,74,NaN,74.00,0.00,0.00,74.00,NaN,NaN,NaN,NaN,NaN,NaN,NaN,NaN,NaN,NaN
1878.80,35.45,34.23,36.00,20.00,MAN,0,74,NaN,74.00,0.00,0.00,74.00,NaN,NaN,NaN,NaN,NaN,NaN,NaN,NaN,NaN,NaN
1879.80,35.44,34.27,36.00,20.00,MAN,0,74,NaN,74.00,0.00,0.00,74.00,NaN,NaN,NaN,NaN,NaN,NaN,NaN,NaN,NaN,NaN
1880.80,35.42,34.27,36.00,20.00,MAN,0,74,NaN,74.00,0.00,0.00,74.00,NaN,NaN,NaN,NaN,NaN,NaN,NaN,NaN,NaN,NaN
1881.97,35.41,34.31,36.00,20.00,MAN,0,74,NaN,74.00,0.00,0.00,74.00,NaN,NaN,NaN,NaN,NaN,NaN,NaN,NaN,NaN,NaN
1882.80,35.39,34.31,36.00,20.00,MAN,0,74,NaN,74.00,0.00,0.00,74.00,NaN,NaN,NaN,NaN,NaN,NaN,NaN,NaN,NaN,NaN
1883.80,35.36,34.35,36.00,20.00,MAN,0,74,NaN,74.00,0.00,0.00,74.00,NaN,NaN,NaN,NaN,NaN,NaN,NaN,NaN,NaN,NaN
1884.80,35.35,34.35,36.00,20.00,MAN,0,74,NaN,74.00,0.00,0.00,74.00,NaN,NaN,NaN,NaN,NaN,NaN,NaN,NaN,NaN,NaN
1885.81,35.33,34.41,36.00,20.00,MAN,0,74,NaN,74.00,0.00,0.00,74.00,NaN,NaN,NaN,NaN,NaN,NaN,NaN,NaN,NaN,NaN
1886.81,35.31,34.41,36.00,20.00,MAN,0,74,NaN,74.00,0.00,0.00,74.00,NaN,NaN,NaN,NaN,NaN,NaN,NaN,NaN,NaN,NaN
1887.81,35.30,34.41,36.00,20.00,MAN,0,74,NaN,74.00,0.00,0.00,74.00,NaN,NaN,NaN,NaN,NaN,NaN,NaN,NaN,NaN,NaN
1888.81,35.29,34.46,36.00,20.00,MAN,0,74,NaN,74.00,0.00,0.00,74.00,NaN,NaN,NaN,NaN,NaN,NaN,NaN,NaN,NaN,NaN
1889.81,35.29,34.46,36.00,20.00,MAN,0,74,NaN,74.00,0.00,0.00,74.00,NaN,NaN,NaN,NaN,NaN,NaN,NaN,NaN,NaN,NaN
1890.81,35.28,34.46,36.00,20.00,MAN,0,74,NaN,74.00,0.00,0.00,74.00,NaN,NaN,NaN,NaN,NaN,NaN,NaN,NaN,NaN,NaN
1891.82,35.27,34.46,36.00,20.00,MAN,0,74,NaN,74.00,0.00,0.00,74.00,NaN,NaN,NaN,NaN,NaN,NaN,NaN,NaN,NaN,NaN
1892.82,35.27,34.50,36.00,20.00,MAN,0,74,NaN,74.00,0.00,0.00,74.00,NaN,NaN,NaN,NaN,NaN,NaN,NaN,NaN,NaN,NaN
1893.82,35.27,34.50,36.00,20.00,MAN,0,74,NaN,74.00,0.00,0.00,74.00,NaN,NaN,NaN,NaN,NaN,NaN,NaN,NaN,NaN,NaN
1894.82,35.26,34.50,36.00,20.00,MAN,0,74,NaN,74.00,0.00,0.00,74.00,NaN,NaN,NaN,NaN,NaN,NaN,NaN,NaN,NaN,NaN
1895.82,35.26,34.50,36.00,20.00,MAN,0,74,NaN,74.00,0.00,0.00,74.00,NaN,NaN,NaN,NaN,NaN,NaN,NaN,NaN,NaN,NaN
1896.83,35.26,34.50,36.00,20.00,MAN,0,74,NaN,74.00,0.00,0.00,74.00,NaN,NaN,NaN,NaN,NaN,NaN,NaN,NaN,NaN,NaN
1897.82,35.26,34.53,36.00,20.00,MAN,0,74,NaN,74.00,0.00,0.00,74.00,NaN,NaN,NaN,NaN,NaN,NaN,NaN,NaN,NaN,NaN
1898.83,35.26,34.53,36.00,20.00,MAN,0,74,NaN,74.00,0.00,0.00,74.00,NaN,NaN,NaN,NaN,NaN,NaN,NaN,NaN,NaN,NaN
1899.83,35.26,34.53,36.00,20.00,MAN,0,74,NaN,74.00,0.00,0.00,74.00,NaN,NaN,NaN,NaN,NaN,NaN,NaN,NaN,NaN,NaN
1900.83,35.26,34.53,36.00,20.00,MAN,0,74,NaN,74.00,0.00,0.00,74.00,NaN,NaN,NaN,NaN,NaN,NaN,NaN,NaN,NaN,NaN
1901.83,35.27,34.53,36.00,20.00,MAN,0,74,NaN,74.00,0.00,0.00,74.00,NaN,NaN,NaN,NaN,NaN,NaN,NaN,NaN,NaN,NaN
1902.83,35.27,34.53,36.00,20.00,MAN,0,74,NaN,74.00,0.00,0.00,74.00,NaN,NaN,NaN,NaN,NaN,NaN,NaN,NaN,NaN,NaN
1903.83,35.29,34.50,36.00,20.00,MAN,0,74,NaN,74.00,0.00,0.00,74.00,NaN,NaN,NaN,NaN,NaN,NaN,NaN,NaN,NaN,NaN
1904.84,35.30,34.50,36.00,20.00,MAN,0,74,NaN,74.00,0.00,0.00,74.00,NaN,NaN,NaN,NaN,NaN,NaN,NaN,NaN,NaN,NaN
1905.84,35.31,34.50,36.00,20.00,MAN,0,74,NaN,74.00,0.00,0.00,74.00,NaN,NaN,NaN,NaN,NaN,NaN,NaN,NaN,NaN,NaN
1906.84,35.31,34.50,36.00,20.00,MAN,0,74,NaN,74.00,0.00,0.00,74.00,NaN,NaN,NaN,NaN,NaN,NaN,NaN,NaN,NaN,NaN
1907.84,35.33,34.46,36.00,20.00,MAN,0,74,NaN,74.00,0.00,0.00,74.00,NaN,NaN,NaN,NaN,NaN,NaN,NaN,NaN,NaN,NaN
1908.84,35.35,34.47,36.00,20.00,MAN,0,74,NaN,74.00,0.00,0.00,74.00,NaN,NaN,NaN,NaN,NaN,NaN,NaN,NaN,NaN,NaN
1909.84,35.35,34.47,36.00,20.00,MAN,0,74,NaN,74.00,0.00,0.00,74.00,NaN,NaN,NaN,NaN,NaN,NaN,NaN,NaN,NaN,NaN
1910.84,35.37,34.44,36.00,20.00,MAN,0,74,NaN,74.00,0.00,0.00,74.00,NaN,NaN,NaN,NaN,NaN,NaN,NaN,NaN,NaN,NaN
1911.85,35.38,34.44,36.00,20.00,MAN,0,74,NaN,74.00,0.00,0.00,74.00,NaN,NaN,NaN,NaN,NaN,NaN,NaN,NaN,NaN,NaN
1912.85,35.40,34.35,36.00,20.00,MAN,0,74,NaN,74.00,0.00,0.00,74.00,NaN,NaN,NaN,NaN,NaN,NaN,NaN,NaN,NaN,NaN
1913.85,35.40,34.35,36.00,20.00,MAN,0,74,NaN,74.00,0.00,0.00,74.00,NaN,NaN,NaN,NaN,NaN,NaN,NaN,NaN,NaN,NaN
1914.85,35.41,34.35,36.00,20.00,MAN,0,74,NaN,74.00,0.00,0.00,74.00,NaN,NaN,NaN,NaN,NaN,NaN,NaN,NaN,NaN,NaN
1915.85,35.42,34.31,36.00,20.00,MAN,0,74,NaN,74.00,0.00,0.00,74.00,NaN,NaN,NaN,NaN,NaN,NaN,NaN,NaN,NaN,NaN
1916.85,35.43,34.31,36.00,20.00,MAN,0,74,NaN,74.00,0.00,0.00,74.00,NaN,NaN,NaN,NaN,NaN,NaN,NaN,NaN,NaN,NaN
1917.86,35.45,34.31,36.00,20.00,MAN,0,74,NaN,74.00,0.00,0.00,74.00,NaN,NaN,NaN,NaN,NaN,NaN,NaN,NaN,NaN,NaN
1918.86,35.47,34.27,36.00,20.00,MAN,0,74,NaN,74.00,0.00,0.00,74.00,NaN,NaN,NaN,NaN,NaN,NaN,NaN,NaN,NaN,NaN
1919.86,35.50,34.27,36.00,20.00,MAN,0,74,NaN,74.00,0.00,0.00,74.00,NaN,NaN,NaN,NaN,NaN,NaN,NaN,NaN,NaN,NaN
1920.86,35.51,34.25,36.00,20.00,MAN,0,74,NaN,74.00,0.00,0.00,74.00,NaN,NaN,NaN,NaN,NaN,NaN,NaN,NaN,NaN,NaN
1921.86,35.53,34.21,36.00,20.00,MAN,0,74,NaN,74.00,0.00,0.00,74.00,NaN,NaN,NaN,NaN,NaN,NaN,NaN,NaN,NaN,NaN
1922.86,35.55,34.21,36.00,20.00,MAN,0,74,NaN,74.00,0.00,0.00,74.00,NaN,NaN,NaN,NaN,NaN,NaN,NaN,NaN,NaN,NaN
1923.87,35.56,34.17,36.00,20.00,MAN,0,74,NaN,74.00,0.00,0.00,74.00,NaN,NaN,NaN,NaN,NaN,NaN,NaN,NaN,NaN,NaN
1924.86,35.58,34.13,36.00,20.00,MAN,0,74,NaN,74.00,0.00,0.00,74.00,NaN,NaN,NaN,NaN,NaN,NaN,NaN,NaN,NaN,NaN
1925.87,35.59,34.13,36.00,20.00,MAN,0,74,NaN,74.00,0.00,0.00,74.00,NaN,NaN,NaN,NaN,NaN,NaN,NaN,NaN,NaN,NaN
1926.87,35.62,34.08,36.00,20.00,MAN,0,74,NaN,74.00,0.00,0.00,74.00,NaN,NaN,NaN,NaN,NaN,NaN,NaN,NaN,NaN,NaN
1927.87,35.64,34.08,36.00,20.00,MAN,0,74,NaN,74.00,0.00,0.00,74.00,NaN,NaN,NaN,NaN,NaN,NaN,NaN,NaN,NaN,NaN
1928.88,35.65,34.05,36.00,20.00,MAN,0,74,NaN,74.00,0.00,0.00,74.00,NaN,NaN,NaN,NaN,NaN,NaN,NaN,NaN,NaN,NaN
1929.87,35.67,34.06,36.00,20.00,MAN,0,74,NaN,74.00,0.00,0.00,74.00,NaN,NaN,NaN,NaN,NaN,NaN,NaN,NaN,NaN,NaN
1930.88,35.69,34.02,36.00,20.00,MAN,0,74,NaN,74.00,0.00,0.00,74.00,NaN,NaN,NaN,NaN,NaN,NaN,NaN,NaN,NaN,NaN
1931.88,35.71,33.99,36.00,20.00,MAN,0,74,NaN,74.00,0.00,0.00,74.00,NaN,NaN,NaN,NaN,NaN,NaN,NaN,NaN,NaN,NaN
1932.88,35.73,33.99,36.00,20.00,MAN,0,74,NaN,74.00,0.00,0.00,74.00,NaN,NaN,NaN,NaN,NaN,NaN,NaN,NaN,NaN,NaN
1933.88,35.75,33.94,36.00,20.00,MAN,0,74,NaN,74.00,0.00,0.00,74.00,NaN,NaN,NaN,NaN,NaN,NaN,NaN,NaN,NaN,NaN
1934.88,35.77,33.90,36.00,20.00,MAN,0,74,NaN,74.00,0.00,0.00,74.00,NaN,NaN,NaN,NaN,NaN,NaN,NaN,NaN,NaN,NaN
1935.88,35.80,33.90,36.00,20.00,MAN,0,74,NaN,74.00,0.00,0.00,74.00,NaN,NaN,NaN,NaN,NaN,NaN,NaN,NaN,NaN,NaN
1936.89,35.83,33.86,36.00,20.00,MAN,0,74,NaN,74.00,0.00,0.00,74.00,NaN,NaN,NaN,NaN,NaN,NaN,NaN,NaN,NaN,NaN
1937.89,35.84,33.84,36.00,20.00,MAN,0,74,NaN,74.00,0.00,0.00,74.00,NaN,NaN,NaN,NaN,NaN,NaN,NaN,NaN,NaN,NaN
1938.89,35.86,33.80,36.00,20.00,MAN,0,74,NaN,74.00,0.00,0.00,74.00,NaN,NaN,NaN,NaN,NaN,NaN,NaN,NaN,NaN,NaN
1939.89,35.88,33.76,36.00,20.00,MAN,0,74,NaN,74.00,0.00,0.00,74.00,NaN,NaN,NaN,NaN,NaN,NaN,NaN,NaN,NaN,NaN
1940.89,35.89,33.76,36.00,20.00,MAN,0,74,NaN,74.00,0.00,0.00,74.00,NaN,NaN,NaN,NaN,NaN,NaN,NaN,NaN,NaN,NaN
1941.90,35.92,33.72,36.00,20.00,MAN,0,74,NaN,74.00,0.00,0.00,74.00,NaN,NaN,NaN,NaN,NaN,NaN,NaN,NaN,NaN,NaN
1942.90,35.94,33.68,36.00,20.00,MAN,0,74,NaN,74.00,0.00,0.00,74.00,NaN,NaN,NaN,NaN,NaN,NaN,NaN,NaN,NaN,NaN
1943.90,35.97,33.68,36.00,20.00,MAN,0,74,NaN,74.00,0.00,0.00,74.00,NaN,NaN,NaN,NaN,NaN,NaN,NaN,NaN,NaN,NaN
1944.90,36.00,33.63,36.00,20.00,MAN,0,74,NaN,74.00,0.00,0.00,74.00,NaN,NaN,NaN,NaN,NaN,NaN,NaN,NaN,NaN,NaN
1945.90,36.02,33.60,36.00,20.00,MAN,0,74,NaN,74.00,0.00,0.00,74.00,NaN,NaN,NaN,NaN,NaN,NaN,NaN,NaN,NaN,NaN
1946.90,36.02,33.60,36.00,20.00,MAN,0,74,NaN,74.00,0.00,0.00,74.00,NaN,NaN,NaN,NaN,NaN,NaN,NaN,NaN,NaN,NaN
1947.90,36.02,33.51,36.00,20.00,MAN,0,74,NaN,74.00,0.00,0.00,74.00,NaN,NaN,NaN,NaN,NaN,NaN,NaN,NaN,NaN,NaN
1948.90,36.03,33.54,36.00,20.00,MAN,0,74,NaN,74.00,0.00,0.00,74.00,NaN,NaN,NaN,NaN,NaN,NaN,NaN,NaN,NaN,NaN
1949.91,36.04,33.45,36.00,20.00,MAN,0,74,NaN,74.00,0.00,0.00,74.00,NaN,NaN,NaN,NaN,NaN,NaN,NaN,NaN,NaN,NaN
1950.91,36.10,33.45,36.00,20.00,MAN,0,74,NaN,74.00,0.00,0.00,74.00,NaN,NaN,NaN,NaN,NaN,NaN,NaN,NaN,NaN,NaN
1951.91,36.13,33.45,36.00,20.00,MAN,0,74,NaN,74.00,0.00,0.00,74.00,NaN,NaN,NaN,NaN,NaN,NaN,NaN,NaN,NaN,NaN
1952.91,36.16,33.41,36.00,20.00,MAN,0,74,NaN,74.00,0.00,0.00,74.00,NaN,NaN,NaN,NaN,NaN,NaN,NaN,NaN,NaN,NaN
1953.91,36.18,33.37,36.00,20.00,MAN,0,74,NaN,74.00,0.00,0.00,74.00,NaN,NaN,NaN,NaN,NaN,NaN,NaN,NaN,NaN,NaN
1954.91,36.21,33.35,36.00,20.00,MAN,0,74,NaN,74.00,0.00,0.00,74.00,NaN,NaN,NaN,NaN,NaN,NaN,NaN,NaN,NaN,NaN
1955.92,36.24,33.31,36.00,20.00,MAN,0,74,NaN,74.00,0.00,0.00,74.00,NaN,NaN,NaN,NaN,NaN,NaN,NaN,NaN,NaN,NaN
1956.92,36.27,33.27,36.00,20.00,MAN,0,74,NaN,74.00,0.00,0.00,74.00,NaN,NaN,NaN,NaN,NaN,NaN,NaN,NaN,NaN,NaN
1957.92,36.28,33.23,36.00,20.00,MAN,0,74,NaN,74.00,0.00,0.00,74.00,NaN,NaN,NaN,NaN,NaN,NaN,NaN,NaN,NaN,NaN
1958.92,36.30,33.18,36.00,20.00,MAN,0,74,NaN,74.00,0.00,0.00,74.00,NaN,NaN,NaN,NaN,NaN,NaN,NaN,NaN,NaN,NaN
1959.92,36.32,33.18,36.00,20.00,MAN,0,74,NaN,74.00,0.00,0.00,74.00,NaN,NaN,NaN,NaN,NaN,NaN,NaN,NaN,NaN,NaN
1960.93,36.34,33.15,36.00,20.00,MAN,0,74,NaN,74.00,0.00,0.00,74.00,NaN,NaN,NaN,NaN,NaN,NaN,NaN,NaN,NaN,NaN
1961.92,36.37,33.12,36.00,20.00,MAN,0,74,NaN,74.00,0.00,0.00,74.00,NaN,NaN,NaN,NaN,NaN,NaN,NaN,NaN,NaN,NaN
1962.93,36.39,33.12,36.00,20.00,MAN,0,74,NaN,74.00,0.00,0.00,74.00,NaN,NaN,NaN,NaN,NaN,NaN,NaN,NaN,NaN,NaN
1963.93,36.41,33.09,36.00,20.00,MAN,0,74,NaN,74.00,0.00,0.00,74.00,NaN,NaN,NaN,NaN,NaN,NaN,NaN,NaN,NaN,NaN
1964.93,36.43,33.04,36.00,20.00,MAN,0,74,NaN,74.00,0.00,0.00,74.00,NaN,NaN,NaN,NaN,NaN,NaN,NaN,NaN,NaN,NaN
1965.93,36.44,33.00,36.00,20.00,MAN,0,74,NaN,74.00,0.00,0.00,74.00,NaN,NaN,NaN,NaN,NaN,NaN,NaN,NaN,NaN,NaN
1966.93,36.46,33.00,36.00,20.00,MAN,0,74,NaN,74.00,0.00,0.00,74.00,NaN,NaN,NaN,NaN,NaN,NaN,NaN,NaN,NaN,NaN
1967.94,36.48,32.96,36.00,20.00,MAN,0,74,NaN,74.00,0.00,0.00,74.00,NaN,NaN,NaN,NaN,NaN,NaN,NaN,NaN,NaN,NaN
1968.94,36.51,32.92,36.00,20.00,MAN,0,74,NaN,74.00,0.00,0.00,74.00,NaN,NaN,NaN,NaN,NaN,NaN,NaN,NaN,NaN,NaN
1969.94,36.53,32.92,36.00,20.00,MAN,0,74,NaN,74.00,0.00,0.00,74.00,NaN,NaN,NaN,NaN,NaN,NaN,NaN,NaN,NaN,NaN
1970.94,36.55,32.89,36.00,20.00,MAN,0,74,NaN,74.00,0.00,0.00,74.00,NaN,NaN,NaN,NaN,NaN,NaN,NaN,NaN,NaN,NaN
1971.94,36.58,32.86,36.00,20.00,MAN,0,74,NaN,74.00,0.00,0.00,74.00,NaN,NaN,NaN,NaN,NaN,NaN,NaN,NaN,NaN,NaN
1972.94,36.60,32.86,36.00,20.00,MAN,0,74,NaN,74.00,0.00,0.00,74.00,NaN,NaN,NaN,NaN,NaN,NaN,NaN,NaN,NaN,NaN
1973.95,36.62,32.82,36.00,20.00,MAN,0,74,NaN,74.00,0.00,0.00,74.00,NaN,NaN,NaN,NaN,NaN,NaN,NaN,NaN,NaN,NaN
1974.95,36.66,32.77,36.00,20.00,MAN,0,74,NaN,74.00,0.00,0.00,74.00,NaN,NaN,NaN,NaN,NaN,NaN,NaN,NaN,NaN,NaN
1975.95,36.70,32.73,36.00,20.00,MAN,0,74,NaN,74.00,0.00,0.00,74.00,NaN,NaN,NaN,NaN,NaN,NaN,NaN,NaN,NaN,NaN
1976.95,36.72,32.75,36.00,20.00,MAN,0,74,NaN,74.00,0.00,0.00,74.00,NaN,NaN,NaN,NaN,NaN,NaN,NaN,NaN,NaN,NaN
1977.95,36.72,32.71,36.00,20.00,MAN,0,74,NaN,74.00,0.00,0.00,74.00,NaN,NaN,NaN,NaN,NaN,NaN,NaN,NaN,NaN,NaN
1978.95,36.73,32.64,36.00,20.00,MAN,0,74,NaN,74.00,0.00,0.00,74.00,NaN,NaN,NaN,NaN,NaN,NaN,NaN,NaN,NaN,NaN
1979.95,36.74,32.64,36.00,20.00,MAN,0,74,NaN,74.00,0.00,0.00,74.00,NaN,NaN,NaN,NaN,NaN,NaN,NaN,NaN,NaN,NaN
1980.96,36.75,32.59,36.00,20.00,MAN,0,74,NaN,74.00,0.00,0.00,74.00,NaN,NaN,NaN,NaN,NaN,NaN,NaN,NaN,NaN,NaN
1981.96,36.76,32.59,36.00,20.00,MAN,0,74,NaN,74.00,0.00,0.00,74.00,NaN,NaN,NaN,NaN,NaN,NaN,NaN,NaN,NaN,NaN
1982.96,36.77,32.55,36.00,20.00,MAN,0,74,NaN,74.00,0.00,0.00,74.00,NaN,NaN,NaN,NaN,NaN,NaN,NaN,NaN,NaN,NaN
1983.96,36.77,32.55,36.00,20.00,MAN,0,74,NaN,74.00,0.00,0.00,74.00,NaN,NaN,NaN,NaN,NaN,NaN,NaN,NaN,NaN,NaN
1984.96,36.77,32.55,36.00,20.00,MAN,0,74,NaN,74.00,0.00,0.00,74.00,NaN,NaN,NaN,NaN,NaN,NaN,NaN,NaN,NaN,NaN
1985.96,36.78,32.51,36.00,20.00,MAN,0,74,NaN,74.00,0.00,0.00,74.00,NaN,NaN,NaN,NaN,NaN,NaN,NaN,NaN,NaN,NaN
1986.97,36.80,32.51,36.00,20.00,MAN,0,74,NaN,74.00,0.00,0.00,74.00,NaN,NaN,NaN,NaN,NaN,NaN,NaN,NaN,NaN,NaN
1987.97,36.80,32.51,36.00,20.00,MAN,0,74,NaN,74.00,0.00,0.00,74.00,NaN,NaN,NaN,NaN,NaN,NaN,NaN,NaN,NaN,NaN
1988.97,36.81,32.51,36.00,20.00,MAN,0,74,NaN,74.00,0.00,0.00,74.00,NaN,NaN,NaN,NaN,NaN,NaN,NaN,NaN,NaN,NaN
1989.97,36.81,32.51,36.00,20.00,MAN,0,74,NaN,74.00,0.00,0.00,74.00,NaN,NaN,NaN,NaN,NaN,NaN,NaN,NaN,NaN,NaN
1990.97,36.81,32.47,36.00,20.00,MAN,0,74,NaN,74.00,0.00,0.00,74.00,NaN,NaN,NaN,NaN,NaN,NaN,NaN,NaN,NaN,NaN
1991.97,36.81,32.47,36.00,20.00,MAN,0,74,NaN,74.00,0.00,0.00,74.00,NaN,NaN,NaN,NaN,NaN,NaN,NaN,NaN,NaN,NaN
1992.98,36.80,32.47,36.00,20.00,MAN,0,74,NaN,74.00,0.00,0.00,74.00,NaN,NaN,NaN,NaN,NaN,NaN,NaN,NaN,NaN,NaN
1993.97,36.81,32.47,36.00,20.00,MAN,0,74,NaN,74.00,0.00,0.00,74.00,NaN,NaN,NaN,NaN,NaN,NaN,NaN,NaN,NaN,NaN
1994.98,36.81,32.47,36.00,20.00,MAN,0,74,NaN,74.00,0.00,0.00,74.00,NaN,NaN,NaN,NaN,NaN,NaN,NaN,NaN,NaN,NaN
1995.98,36.80,32.51,36.00,20.00,MAN,0,74,NaN,74.00,0.00,0.00,74.00,NaN,NaN,NaN,NaN,NaN,NaN,NaN,NaN,NaN,NaN
1996.98,36.80,32.51,36.00,20.00,MAN,0,74,NaN,74.00,0.00,0.00,74.00,NaN,NaN,NaN,NaN,NaN,NaN,NaN,NaN,NaN,NaN
1997.98,36.80,32.51,36.00,20.00,MAN,0,74,NaN,74.00,0.00,0.00,74.00,NaN,NaN,NaN,NaN,NaN,NaN,NaN,NaN,NaN,NaN
1998.98,36.80,32.51,36.00,20.00,MAN,0,74,NaN,74.00,0.00,0.00,74.00,NaN,NaN,NaN,NaN,NaN,NaN,NaN,NaN,NaN,NaN
1999.99,36.78,32.51,36.00,20.00,MAN,0,74,NaN,74.00,0.00,0.00,74.00,NaN,NaN,NaN,NaN,NaN,NaN,NaN,NaN,NaN,NaN
2000.99,36.78,32.55,36.00,20.00,MAN,0,74,NaN,74.00,0.00,0.00,74.00,NaN,NaN,NaN,NaN,NaN,NaN,NaN,NaN,NaN,NaN
2001.99,36.77,32.55,36.00,20.00,MAN,0,74,NaN,74.00,0.00,0.00,74.00,NaN,NaN,NaN,NaN,NaN,NaN,NaN,NaN,NaN,NaN
2002.99,36.77,32.51,36.00,20.00,MAN,0,74,NaN,74.00,0.00,0.00,74.00,NaN,NaN,NaN,NaN,NaN,NaN,NaN,NaN,NaN,NaN
2003.99,36.76,32.51,36.00,20.00,MAN,0,74,NaN,74.00,0.00,0.00,74.00,NaN,NaN,NaN,NaN,NaN,NaN,NaN,NaN,NaN,NaN
2004.99,36.75,32.51,36.00,20.00,MAN,0,74,NaN,74.00,0.00,0.00,74.00,NaN,NaN,NaN,NaN,NaN,NaN,NaN,NaN,NaN,NaN
2006.00,36.75,32.51,36.00,20.00,MAN,0,74,NaN,74.00,0.00,0.00,74.00,NaN,NaN,NaN,NaN,NaN,NaN,NaN,NaN,NaN,NaN
2007.00,36.73,32.55,36.00,20.00,MAN,0,74,NaN,74.00,0.00,0.00,74.00,NaN,NaN,NaN,NaN,NaN,NaN,NaN,NaN,NaN,NaN
2008.00,36.73,32.55,36.00,20.00,MAN,0,74,NaN,74.00,0.00,0.00,74.00,NaN,NaN,NaN,NaN,NaN,NaN,NaN,NaN,NaN,NaN
2009.00,36.72,32.55,36.00,20.00,MAN,0,74,NaN,74.00,0.00,0.00,74.00,NaN,NaN,NaN,NaN,NaN,NaN,NaN,NaN,NaN,NaN
2010.00,36.72,32.55,36.00,20.00,MAN,0,74,NaN,74.00,0.00,0.00,74.00,NaN,NaN,NaN,NaN,NaN,NaN,NaN,NaN,NaN,NaN
2011.00,36.72,32.55,36.00,20.00,MAN,0,74,NaN,74.00,0.00,0.00,74.00,NaN,NaN,NaN,NaN,NaN,NaN,NaN,NaN,NaN,NaN
2012.00,36.71,32.55,36.00,20.00,MAN,0,74,NaN,74.00,0.00,0.00,74.00,NaN,NaN,NaN,NaN,NaN,NaN,NaN,NaN,NaN,NaN
2013.01,36.71,32.55,36.00,20.00,MAN,0,74,NaN,74.00,0.00,0.00,74.00,NaN,NaN,NaN,NaN,NaN,NaN,NaN,NaN,NaN,NaN
2014.01,36.70,32.57,36.00,20.00,MAN,0,74,NaN,74.00,0.00,0.00,74.00,NaN,NaN,NaN,NaN,NaN,NaN,NaN,NaN,NaN,NaN
2015.01,36.69,32.57,36.00,20.00,MAN,0,74,NaN,74.00,0.00,0.00,74.00,NaN,NaN,NaN,NaN,NaN,NaN,NaN,NaN,NaN,NaN
2016.01,36.68,32.61,36.00,20.00,MAN,0,74,NaN,74.00,0.00,0.00,74.00,NaN,NaN,NaN,NaN,NaN,NaN,NaN,NaN,NaN,NaN
2017.01,36.68,32.61,36.00,20.00,MAN,0,74,NaN,74.00,0.00,0.00,74.00,NaN,NaN,NaN,NaN,NaN,NaN,NaN,NaN,NaN,NaN
2018.01,36.67,32.61,36.00,20.00,MAN,0,74,NaN,74.00,0.00,0.00,74.00,NaN,NaN,NaN,NaN,NaN,NaN,NaN,NaN,NaN,NaN
2019.02,36.66,32.70,36.00,20.00,MAN,0,74,NaN,74.00,0.00,0.00,74.00,NaN,NaN,NaN,NaN,NaN,NaN,NaN,NaN,NaN,NaN
2020.02,36.64,32.70,36.00,20.00,MAN,0,74,NaN,74.00,0.00,0.00,74.00,NaN,NaN,NaN,NaN,NaN,NaN,NaN,NaN,NaN,NaN
2021.02,36.63,32.70,36.00,20.00,MAN,0,74,NaN,74.00,0.00,0.00,74.00,NaN,NaN,NaN,NaN,NaN,NaN,NaN,NaN,NaN,NaN
2022.02,36.62,32.73,36.00,20.00,MAN,0,74,NaN,74.00,0.00,0.00,74.00,NaN,NaN,NaN,NaN,NaN,NaN,NaN,NaN,NaN,NaN
2023.02,36.61,32.73,36.00,20.00,MAN,0,74,NaN,74.00,0.00,0.00,74.00,NaN,NaN,NaN,NaN,NaN,NaN,NaN,NaN,NaN,NaN
2024.02,36.60,32.77,36.00,20.00,MAN,0,74,NaN,74.00,0.00,0.00,74.00,NaN,NaN,NaN,NaN,NaN,NaN,NaN,NaN,NaN,NaN
2025.03,36.59,32.82,36.00,20.00,MAN,0,74,NaN,74.00,0.00,0.00,74.00,NaN,NaN,NaN,NaN,NaN,NaN,NaN,NaN,NaN,NaN
2026.03,36.58,32.82,36.00,20.00,MAN,0,74,NaN,74.00,0.00,0.00,74.00,NaN,NaN,NaN,NaN,NaN,NaN,NaN,NaN,NaN,NaN
2027.03,36.57,32.86,36.00,20.00,MAN,0,74,NaN,74.00,0.00,0.00,74.00,NaN,NaN,NaN,NaN,NaN,NaN,NaN,NaN,NaN,NaN
2028.03,36.56,32.86,36.00,20.00,MAN,0,74,NaN,74.00,0.00,0.00,74.00,NaN,NaN,NaN,NaN,NaN,NaN,NaN,NaN,NaN,NaN
2029.03,36.55,32.88,36.00,20.00,MAN,0,74,NaN,74.00,0.00,0.00,74.00,NaN,NaN,NaN,NaN,NaN,NaN,NaN,NaN,NaN,NaN
2030.03,36.54,32.88,36.00,20.00,MAN,0,74,NaN,74.00,0.00,0.00,74.00,NaN,NaN,NaN,NaN,NaN,NaN,NaN,NaN,NaN,NaN
2031.03,36.53,32.88,36.00,20.00,MAN,0,74,NaN,74.00,0.00,0.00,74.00,NaN,NaN,NaN,NaN,NaN,NaN,NaN,NaN,NaN,NaN
2032.04,36.52,32.88,36.00,20.00,MAN,0,74,NaN,74.00,0.00,0.00,74.00,NaN,NaN,NaN,NaN,NaN,NaN,NaN,NaN,NaN,NaN
2033.04,36.49,32.92,36.00,20.00,MAN,0,74,NaN,74.00,0.00,0.00,74.00,NaN,NaN,NaN,NaN,NaN,NaN,NaN,NaN,NaN,NaN
2034.04,36.48,32.92,36.00,20.00,MAN,0,74,NaN,74.00,0.00,0.00,74.00,NaN,NaN,NaN,NaN,NaN,NaN,NaN,NaN,NaN,NaN
2035.04,36.46,32.92,36.00,20.00,MAN,0,74,NaN,74.00,0.00,0.00,74.00,NaN,NaN,NaN,NaN,NaN,NaN,NaN,NaN,NaN,NaN
2036.04,36.46,32.92,36.00,20.00,MAN,0,74,NaN,74.00,0.00,0.00,74.00,NaN,NaN,NaN,NaN,NaN,NaN,NaN,NaN,NaN,NaN
2037.04,36.44,32.96,36.00,20.00,MAN,0,74,NaN,74.00,0.00,0.00,74.00,NaN,NaN,NaN,NaN,NaN,NaN,NaN,NaN,NaN,NaN
2038.05,36.44,32.96,36.00,20.00,MAN,0,74,NaN,74.00,0.00,0.00,74.00,NaN,NaN,NaN,NaN,NaN,NaN,NaN,NaN,NaN,NaN
2039.05,36.42,33.00,36.00,20.00,MAN,0,74,NaN,74.00,0.00,0.00,74.00,NaN,NaN,NaN,NaN,NaN,NaN,NaN,NaN,NaN,NaN
2040.05,36.41,33.00,36.00,20.00,MAN,0,74,NaN,74.00,0.00,0.00,74.00,NaN,NaN,NaN,NaN,NaN,NaN,NaN,NaN,NaN,NaN
2041.05,36.40,33.04,36.00,20.00,MAN,0,74,NaN,74.00,0.00,0.00,74.00,NaN,NaN,NaN,NaN,NaN,NaN,NaN,NaN,NaN,NaN
2042.05,36.39,33.04,36.00,20.00,MAN,0,74,NaN,74.00,0.00,0.00,74.00,NaN,NaN,NaN,NaN,NaN,NaN,NaN,NaN,NaN,NaN
2043.06,36.38,33.02,36.00,20.00,MAN,0,74,NaN,74.00,0.00,0.00,74.00,NaN,NaN,NaN,NaN,NaN,NaN,NaN,NaN,NaN,NaN
2044.05,36.36,33.06,36.00,20.00,MAN,0,74,NaN,74.00,0.00,0.00,74.00,NaN,NaN,NaN,NaN,NaN,NaN,NaN,NaN,NaN,NaN
2045.06,36.34,33.06,36.00,20.00,MAN,0,74,NaN,74.00,0.00,0.00,74.00,NaN,NaN,NaN,NaN,NaN,NaN,NaN,NaN,NaN,NaN
2046.06,36.33,33.11,36.00,20.00,MAN,0,74,NaN,74.00,0.00,0.00,74.00,NaN,NaN,NaN,NaN,NaN,NaN,NaN,NaN,NaN,NaN
2047.06,36.32,33.11,36.00,20.00,MAN,0,74,NaN,74.00,0.00,0.00,74.00,NaN,NaN,NaN,NaN,NaN,NaN,NaN,NaN,NaN,NaN
2048.06,36.30,33.15,36.00,20.00,MAN,0,74,NaN,74.00,0.00,0.00,74.00,NaN,NaN,NaN,NaN,NaN,NaN,NaN,NaN,NaN,NaN
2049.06,36.29,33.15,36.00,20.00,MAN,0,74,NaN,74.00,0.00,0.00,74.00,NaN,NaN,NaN,NaN,NaN,NaN,NaN,NaN,NaN,NaN
2050.06,36.28,33.18,36.00,20.00,MAN,0,74,NaN,74.00,0.00,0.00,74.00,NaN,NaN,NaN,NaN,NaN,NaN,NaN,NaN,NaN,NaN
2051.07,36.26,33.23,36.00,20.00,MAN,0,74,NaN,74.00,0.00,0.00,74.00,NaN,NaN,NaN,NaN,NaN,NaN,NaN,NaN,NaN,NaN
2052.07,36.25,33.23,36.00,20.00,MAN,0,74,NaN,74.00,0.00,0.00,74.00,NaN,NaN,NaN,NaN,NaN,NaN,NaN,NaN,NaN,NaN
2053.07,36.24,33.27,36.00,20.00,MAN,0,74,NaN,74.00,0.00,0.00,74.00,NaN,NaN,NaN,NaN,NaN,NaN,NaN,NaN,NaN,NaN
2054.07,36.23,33.31,36.00,20.00,MAN,0,74,NaN,74.00,0.00,0.00,74.00,NaN,NaN,NaN,NaN,NaN,NaN,NaN,NaN,NaN,NaN
2055.07,36.21,33.29,36.00,20.00,MAN,0,74,NaN,74.00,0.00,0.00,74.00,NaN,NaN,NaN,NaN,NaN,NaN,NaN,NaN,NaN,NaN
2056.08,36.19,33.33,36.00,20.00,MAN,0,74,NaN,74.00,0.00,0.00,74.00,NaN,NaN,NaN,NaN,NaN,NaN,NaN,NaN,NaN,NaN
2057.07,36.18,33.33,36.00,20.00,MAN,0,74,NaN,74.00,0.00,0.00,74.00,NaN,NaN,NaN,NaN,NaN,NaN,NaN,NaN,NaN,NaN
2058.08,36.16,33.37,36.00,20.00,MAN,0,74,NaN,74.00,0.00,0.00,74.00,NaN,NaN,NaN,NaN,NaN,NaN,NaN,NaN,NaN,NaN
2059.08,36.15,33.41,36.00,20.00,MAN,0,74,NaN,74.00,0.00,0.00,74.00,NaN,NaN,NaN,NaN,NaN,NaN,NaN,NaN,NaN,NaN
2060.08,36.13,33.41,36.00,20.00,MAN,0,74,NaN,74.00,0.00,0.00,74.00,NaN,NaN,NaN,NaN,NaN,NaN,NaN,NaN,NaN,NaN
2061.08,36.12,33.45,36.00,20.00,MAN,0,74,NaN,74.00,0.00,0.00,74.00,NaN,NaN,NaN,NaN,NaN,NaN,NaN,NaN,NaN,NaN
2062.08,36.10,33.45,36.00,20.00,MAN,0,74,NaN,74.00,0.00,0.00,74.00,NaN,NaN,NaN,NaN,NaN,NaN,NaN,NaN,NaN,NaN
2063.08,36.09,33.45,36.00,20.00,MAN,0,74,NaN,74.00,0.00,0.00,74.00,NaN,NaN,NaN,NaN,NaN,NaN,NaN,NaN,NaN,NaN
2064.09,36.08,33.45,36.00,20.00,MAN,0,74,NaN,74.00,0.00,0.00,74.00,NaN,NaN,NaN,NaN,NaN,NaN,NaN,NaN,NaN,NaN
2065.09,36.04,33.54,36.00,20.00,MAN,0,74,NaN,74.00,0.00,0.00,74.00,NaN,NaN,NaN,NaN,NaN,NaN,NaN,NaN,NaN,NaN
2066.09,36.03,33.54,36.00,20.00,MAN,0,74,NaN,74.00,0.00,0.00,74.00,NaN,NaN,NaN,NaN,NaN,NaN,NaN,NaN,NaN,NaN
2067.09,36.03,33.56,36.00,20.00,MAN,0,74,NaN,74.00,0.00,0.00,74.00,NaN,NaN,NaN,NaN,NaN,NaN,NaN,NaN,NaN,NaN
2068.09,36.02,33.60,36.00,20.00,MAN,0,74,NaN,74.00,0.00,0.00,74.00,NaN,NaN,NaN,NaN,NaN,NaN,NaN,NaN,NaN,NaN
2069.09,36.02,33.60,36.00,20.00,MAN,0,74,NaN,74.00,0.00,0.00,74.00,NaN,NaN,NaN,NaN,NaN,NaN,NaN,NaN,NaN,NaN
2070.10,36.02,33.63,36.00,20.00,MAN,0,74,NaN,74.00,0.00,0.00,74.00,NaN,NaN,NaN,NaN,NaN,NaN,NaN,NaN,NaN,NaN
2071.10,36.02,33.63,36.00,20.00,MAN,0,74,NaN,74.00,0.00,0.00,74.00,NaN,NaN,NaN,NaN,NaN,NaN,NaN,NaN,NaN,NaN
2072.10,36.00,33.68,36.00,20.00,MAN,0,74,NaN,74.00,0.00,0.00,74.00,NaN,NaN,NaN,NaN,NaN,NaN,NaN,NaN,NaN,NaN
2073.10,35.97,33.68,36.00,20.00,MAN,0,74,NaN,74.00,0.00,0.00,74.00,NaN,NaN,NaN,NaN,NaN,NaN,NaN,NaN,NaN,NaN
2074.10,35.96,33.72,36.00,20.00,MAN,0,74,NaN,74.00,0.00,0.00,74.00,NaN,NaN,NaN,NaN,NaN,NaN,NaN,NaN,NaN,NaN
2075.11,35.95,33.72,36.00,20.00,MAN,0,74,NaN,74.00,0.00,0.00,74.00,NaN,NaN,NaN,NaN,NaN,NaN,NaN,NaN,NaN,NaN
2076.10,35.93,33.76,36.00,20.00,MAN,0,74,NaN,74.00,0.00,0.00,74.00,NaN,NaN,NaN,NaN,NaN,NaN,NaN,NaN,NaN,NaN
2077.11,35.92,33.76,36.00,20.00,MAN,0,74,NaN,74.00,0.00,0.00,74.00,NaN,NaN,NaN,NaN,NaN,NaN,NaN,NaN,NaN,NaN
2078.11,35.89,33.80,36.00,20.00,MAN,0,74,NaN,74.00,0.00,0.00,74.00,NaN,NaN,NaN,NaN,NaN,NaN,NaN,NaN,NaN,NaN
2079.11,35.88,33.84,36.00,20.00,MAN,0,74,NaN,74.00,0.00,0.00,74.00,NaN,NaN,NaN,NaN,NaN,NaN,NaN,NaN,NaN,NaN
2080.11,35.87,33.84,36.00,20.00,MAN,0,74,NaN,74.00,0.00,0.00,74.00,NaN,NaN,NaN,NaN,NaN,NaN,NaN,NaN,NaN,NaN
2081.11,35.85,33.88,36.00,20.00,MAN,0,74,NaN,74.00,0.00,0.00,74.00,NaN,NaN,NaN,NaN,NaN,NaN,NaN,NaN,NaN,NaN
2082.12,35.84,33.86,36.00,20.00,MAN,0,74,NaN,74.00,0.00,0.00,74.00,NaN,NaN,NaN,NaN,NaN,NaN,NaN,NaN,NaN,NaN
2083.12,35.83,33.90,36.00,20.00,MAN,0,74,NaN,74.00,0.00,0.00,74.00,NaN,NaN,NaN,NaN,NaN,NaN,NaN,NaN,NaN,NaN
2084.12,35.81,33.90,36.00,20.00,MAN,0,74,NaN,74.00,0.00,0.00,74.00,NaN,NaN,NaN,NaN,NaN,NaN,NaN,NaN,NaN,NaN
2085.12,35.80,33.94,36.00,20.00,MAN,0,74,NaN,74.00,0.00,0.00,74.00,NaN,NaN,NaN,NaN,NaN,NaN,NaN,NaN,NaN,NaN
2086.12,35.79,33.94,36.00,20.00,MAN,0,74,NaN,74.00,0.00,0.00,74.00,NaN,NaN,NaN,NaN,NaN,NaN,NaN,NaN,NaN,NaN
2087.12,35.78,33.99,36.00,20.00,MAN,0,74,NaN,74.00,0.00,0.00,74.00,NaN,NaN,NaN,NaN,NaN,NaN,NaN,NaN,NaN,NaN
2088.13,35.75,33.99,36.00,20.00,MAN,0,74,NaN,74.00,0.00,0.00,74.00,NaN,NaN,NaN,NaN,NaN,NaN,NaN,NaN,NaN,NaN
2089.13,35.74,34.02,36.00,20.00,MAN,0,74,NaN,74.00,0.00,0.00,74.00,NaN,NaN,NaN,NaN,NaN,NaN,NaN,NaN,NaN,NaN
2090.13,35.73,34.02,36.00,20.00,MAN,0,74,NaN,74.00,0.00,0.00,74.00,NaN,NaN,NaN,NaN,NaN,NaN,NaN,NaN,NaN,NaN
2091.13,35.71,34.06,36.00,20.00,MAN,0,74,NaN,74.00,0.00,0.00,74.00,NaN,NaN,NaN,NaN,NaN,NaN,NaN,NaN,NaN,NaN
2092.13,35.70,34.06,36.00,20.00,MAN,0,74,NaN,74.00,0.00,0.00,74.00,NaN,NaN,NaN,NaN,NaN,NaN,NaN,NaN,NaN,NaN
2093.13,35.69,34.06,36.00,20.00,MAN,0,74,NaN,74.00,0.00,0.00,74.00,NaN,NaN,NaN,NaN,NaN,NaN,NaN,NaN,NaN,NaN
2094.13,35.67,34.08,36.00,20.00,MAN,0,74,NaN,74.00,0.00,0.00,74.00,NaN,NaN,NaN,NaN,NaN,NaN,NaN,NaN,NaN,NaN
2095.13,35.66,34.08,36.00,20.00,MAN,0,74,NaN,74.00,0.00,0.00,74.00,NaN,NaN,NaN,NaN,NaN,NaN,NaN,NaN,NaN,NaN
2096.14,35.65,34.13,36.00,20.00,MAN,0,74,NaN,74.00,0.00,0.00,74.00,NaN,NaN,NaN,NaN,NaN,NaN,NaN,NaN,NaN,NaN
2097.14,35.64,34.13,36.00,20.00,MAN,0,74,NaN,74.00,0.00,0.00,74.00,NaN,NaN,NaN,NaN,NaN,NaN,NaN,NaN,NaN,NaN
2098.14,35.62,34.17,36.00,20.00,MAN,0,74,NaN,74.00,0.00,0.00,74.00,NaN,NaN,NaN,NaN,NaN,NaN,NaN,NaN,NaN,NaN
2099.14,35.60,34.17,36.00,20.00,MAN,0,74,NaN,74.00,0.00,0.00,74.00,NaN,NaN,NaN,NaN,NaN,NaN,NaN,NaN,NaN,NaN
2100.14,35.59,34.21,36.00,20.00,MAN,0,74,NaN,74.00,0.00,0.00,74.00,NaN,NaN,NaN,NaN,NaN,NaN,NaN,NaN,NaN,NaN
2101.15,35.58,34.21,36.00,20.00,MAN,0,74,NaN,74.00,0.00,0.00,74.00,NaN,NaN,NaN,NaN,NaN,NaN,NaN,NaN,NaN,NaN
2102.15,35.57,34.25,36.00,20.00,MAN,0,74,NaN,74.00,0.00,0.00,74.00,NaN,NaN,NaN,NaN,NaN,NaN,NaN,NaN,NaN,NaN
2103.15,35.55,34.25,36.00,20.00,MAN,0,74,NaN,74.00,0.00,0.00,74.00,NaN,NaN,NaN,NaN,NaN,NaN,NaN,NaN,NaN,NaN
2104.15,35.54,34.29,36.00,20.00,MAN,0,74,NaN,74.00,0.00,0.00,74.00,NaN,NaN,NaN,NaN,NaN,NaN,NaN,NaN,NaN,NaN
2105.15,35.52,34.29,36.00,20.00,MAN,0,74,NaN,74.00,0.00,0.00,74.00,NaN,NaN,NaN,NaN,NaN,NaN,NaN,NaN,NaN,NaN
2106.15,35.51,34.33,36.00,20.00,MAN,0,74,NaN,74.00,0.00,0.00,74.00,NaN,NaN,NaN,NaN,NaN,NaN,NaN,NaN,NaN,NaN
2107.16,35.50,34.31,36.00,20.00,MAN,0,74,NaN,74.00,0.00,0.00,74.00,NaN,NaN,NaN,NaN,NaN,NaN,NaN,NaN,NaN,NaN
2108.15,35.49,34.35,36.00,20.00,MAN,0,74,NaN,74.00,0.00,0.00,74.00,NaN,NaN,NaN,NaN,NaN,NaN,NaN,NaN,NaN,NaN
2109.16,35.48,34.35,36.00,20.00,MAN,0,74,NaN,74.00,0.00,0.00,74.00,NaN,NaN,NaN,NaN,NaN,NaN,NaN,NaN,NaN,NaN
2110.16,35.47,34.44,36.00,20.00,MAN,0,74,NaN,74.00,0.00,0.00,74.00,NaN,NaN,NaN,NaN,NaN,NaN,NaN,NaN,NaN,NaN
2111.16,35.44,34.44,36.00,20.00,MAN,0,74,NaN,74.00,0.00,0.00,74.00,NaN,NaN,NaN,NaN,NaN,NaN,NaN,NaN,NaN,NaN
2112.16,35.43,34.47,36.00,20.00,MAN,0,74,NaN,74.00,0.00,0.00,74.00,NaN,NaN,NaN,NaN,NaN,NaN,NaN,NaN,NaN,NaN
2113.16,35.42,34.47,36.00,20.00,MAN,0,74,NaN,74.00,0.00,0.00,74.00,NaN,NaN,NaN,NaN,NaN,NaN,NaN,NaN,NaN,NaN
2114.17,35.41,34.51,36.00,20.00,MAN,0,74,NaN,74.00,0.00,0.00,74.00,NaN,NaN,NaN,NaN,NaN,NaN,NaN,NaN,NaN,NaN
2115.17,35.39,34.51,36.00,20.00,MAN,0,74,NaN,74.00,0.00,0.00,74.00,NaN,NaN,NaN,NaN,NaN,NaN,NaN,NaN,NaN,NaN
2116.17,35.38,34.55,36.00,20.00,MAN,0,74,NaN,74.00,0.00,0.00,74.00,NaN,NaN,NaN,NaN,NaN,NaN,NaN,NaN,NaN,NaN
2117.17,35.37,34.55,36.00,20.00,MAN,0,74,NaN,74.00,0.00,0.00,74.00,NaN,NaN,NaN,NaN,NaN,NaN,NaN,NaN,NaN,NaN
2118.17,35.36,34.60,36.00,20.00,MAN,0,74,NaN,74.00,0.00,0.00,74.00,NaN,NaN,NaN,NaN,NaN,NaN,NaN,NaN,NaN,NaN
2119.17,35.35,34.60,36.00,20.00,MAN,0,74,NaN,74.00,0.00,0.00,74.00,NaN,NaN,NaN,NaN,NaN,NaN,NaN,NaN,NaN,NaN
2120.18,35.34,34.62,36.00,20.00,MAN,0,74,NaN,74.00,0.00,0.00,74.00,NaN,NaN,NaN,NaN,NaN,NaN,NaN,NaN,NaN,NaN
2121.18,35.33,34.62,36.00,20.00,MAN,0,74,NaN,74.00,0.00,0.00,74.00,NaN,NaN,NaN,NaN,NaN,NaN,NaN,NaN,NaN,NaN
2122.18,35.31,34.62,36.00,20.00,MAN,0,74,NaN,74.00,0.00,0.00,74.00,NaN,NaN,NaN,NaN,NaN,NaN,NaN,NaN,NaN,NaN
2123.18,35.29,34.66,36.00,20.00,MAN,0,74,NaN,74.00,0.00,0.00,74.00,NaN,NaN,NaN,NaN,NaN,NaN,NaN,NaN,NaN,NaN
