Time_Seconds,Temperature,Humidity,Setpoint_Temperature,Setpoint_Humidity,Ctrl,Error_Code,T_PWM,RH_PWM,T_PID_p,T_PID_i,T_PID_d,T_PID_out,RH_PID_p,RH_PID_i,RH_PID_d,RH_PID_out,T_output,RH_output,T_min_thld,T_max_thld,RH_min_thld,RH_max_thld
0.00,25.49,43.35,36.00,20.00,AUTO,1,0,NaN,0.00,0.00,0.00,0.00,NaN,NaN,NaN,NaN,NaN,NaN,NaN,NaN,NaN,NaN
0.84,25.47,43.35,36.00,20.00,AUTO,1,100,NaN,578.05,0.00,0.00,578.05,NaN,NaN,NaN,NaN,NaN,NaN,NaN,NaN,NaN,NaN
1.83,25.49,43.35,36.00,20.00,MAN,1,NaN,NaN,NaN,NaN,NaN,NaN,NaN,NaN,NaN,NaN,0,0,NaN,NaN,NaN,NaN
2.83,25.49,43.35,36.00,20.00,MAN,1,NaN,NaN,NaN,NaN,NaN,NaN,NaN,NaN,NaN,NaN,0,0,NaN,NaN,NaN,NaN
3.84,25.49,43.32,36.00,20.00,MAN,1,NaN,NaN,NaN,NaN,NaN,NaN,NaN,NaN,NaN,NaN,0,0,NaN,NaN,NaN,NaN
4.84,25.49,43.32,36.00,20.00,MAN,1,NaN,NaN,NaN,NaN,NaN,NaN,NaN,NaN,NaN,NaN,0,0,NaN,NaN,NaN,NaN
5.84,25.49,43.32,36.00,20.00,MAN,1,NaN,NaN,NaN,NaN,NaN,NaN,NaN,NaN,NaN,NaN,0,0,NaN,NaN,NaN,NaN
6.84,25.49,43.32,36.00,20.00,MAN,1,NaN,NaN,NaN,NaN,NaN,NaN,NaN,NaN,NaN,NaN,0,0,NaN,NaN,NaN,NaN
7.84,25.49,43.32,36.00,20.00,MAN,1,NaN,NaN,NaN,NaN,NaN,NaN,NaN,NaN,NaN,NaN,0,0,NaN,NaN,NaN,NaN
8.84,25.50,43.32,36.00,20.00,MAN,1,NaN,NaN,NaN,NaN,NaN,NaN,NaN,NaN,NaN,NaN,0,0,NaN,NaN,NaN,NaN
9.85,25.49,43.29,36.00,20.00,MAN,1,NaN,NaN,NaN,NaN,NaN,NaN,NaN,NaN,NaN,NaN,0,0,NaN,NaN,NaN,NaN
10.85,25.50,43.29,36.00,20.00,MAN,1,NaN,NaN,NaN,NaN,NaN,NaN,NaN,NaN,NaN,NaN,0,0,NaN,NaN,NaN,NaN
11.85,25.50,43.25,36.00,20.00,MAN,1,NaN,NaN,NaN,NaN,NaN,NaN,NaN,NaN,NaN,NaN,0,0,NaN,NaN,NaN,NaN
12.85,25.50,43.25,36.00,20.00,MAN,1,NaN,NaN,NaN,NaN,NaN,NaN,NaN,NaN,NaN,NaN,0,0,NaN,NaN,NaN,NaN
13.85,25.50,43.25,36.00,20.00,MAN,1,NaN,NaN,NaN,NaN,NaN,NaN,NaN,NaN,NaN,NaN,0,0,NaN,NaN,NaN,NaN
14.86,25.50,43.25,36.00,20.00,MAN,1,NaN,NaN,NaN,NaN,NaN,NaN,NaN,NaN,NaN,NaN,0,0,NaN,NaN,NaN,NaN
15.86,25.51,43.25,36.00,20.00,MAN,1,NaN,NaN,NaN,NaN,NaN,NaN,NaN,NaN,NaN,NaN,0,0,NaN,NaN,NaN,NaN
16.86,25.50,43.25,36.00,20.00,MAN,1,NaN,NaN,NaN,NaN,NaN,NaN,NaN,NaN,NaN,NaN,0,0,NaN,NaN,NaN,NaN
17.86,25.51,43.25,36.00,20.00,MAN,1,NaN,NaN,NaN,NaN,NaN,NaN,NaN,NaN,NaN,NaN,0,0,NaN,NaN,NaN,NaN
18.86,25.51,43.25,36.00,20.00,MAN,1,NaN,NaN,NaN,NaN,NaN,NaN,NaN,NaN,NaN,NaN,0,0,NaN,NaN,NaN,NaN
19.86,25.51,43.25,36.00,20.00,MAN,1,NaN,NaN,NaN,NaN,NaN,NaN,NaN,NaN,NaN,NaN,0,0,NaN,NaN,NaN,NaN
20.86,25.51,43.25,36.00,20.00,MAN,1,NaN,NaN,NaN,NaN,NaN,NaN,NaN,NaN,NaN,NaN,0,0,NaN,NaN,NaN,NaN
21.86,25.51,43.25,36.00,20.00,MAN,1,NaN,NaN,NaN,NaN,NaN,NaN,NaN,NaN,NaN,NaN,0,0,NaN,NaN,NaN,NaN
22.87,25.51,43.22,36.00,20.00,MAN,1,NaN,NaN,NaN,NaN,NaN,NaN,NaN,NaN,NaN,NaN,0,0,NaN,NaN,NaN,NaN
23.87,25.51,43.22,36.00,20.00,MAN,1,NaN,NaN,NaN,NaN,NaN,NaN,NaN,NaN,NaN,NaN,0,0,NaN,NaN,NaN,NaN
24.87,25.51,43.22,36.00,20.00,MAN,1,NaN,NaN,NaN,NaN,NaN,NaN,NaN,NaN,NaN,NaN,0,0,NaN,NaN,NaN,NaN
25.87,25.51,43.22,36.00,20.00,MAN,1,NaN,NaN,NaN,NaN,NaN,NaN,NaN,NaN,NaN,NaN,0,0,NaN,NaN,NaN,NaN
26.87,25.51,43.22,36.00,20.00,MAN,1,NaN,NaN,NaN,NaN,NaN,NaN,NaN,NaN,NaN,NaN,0,0,NaN,NaN,NaN,NaN
27.87,25.52,43.18,36.00,20.00,MAN,1,NaN,NaN,NaN,NaN,NaN,NaN,NaN,NaN,NaN,NaN,0,0,NaN,NaN,NaN,NaN
28.88,25.51,43.18,36.00,20.00,MAN,1,NaN,NaN,NaN,NaN,NaN,NaN,NaN,NaN,NaN,NaN,0,0,NaN,NaN,NaN,NaN
29.88,25.52,43.18,36.00,20.00,MAN,1,NaN,NaN,NaN,NaN,NaN,NaN,NaN,NaN,NaN,NaN,0,0,NaN,NaN,NaN,NaN
30.88,25.52,43.18,36.00,20.00,MAN,1,NaN,NaN,NaN,NaN,NaN,NaN,NaN,NaN,NaN,NaN,0,0,NaN,NaN,NaN,NaN
31.88,25.52,43.18,36.00,20.00,MAN,1,NaN,NaN,NaN,NaN,NaN,NaN,NaN,NaN,NaN,NaN,0,0,NaN,NaN,NaN,NaN
32.88,25.51,43.15,36.00,20.00,MAN,1,NaN,NaN,NaN,NaN,NaN,NaN,NaN,NaN,NaN,NaN,0,0,NaN,NaN,NaN,NaN
33.88,25.52,43.15,36.00,20.00,MAN,1,NaN,NaN,NaN,NaN,NaN,NaN,NaN,NaN,NaN,NaN,0,0,NaN,NaN,NaN,NaN
34.88,25.52,43.15,36.00,20.00,MAN,1,NaN,NaN,NaN,NaN,NaN,NaN,NaN,NaN,NaN,NaN,0,0,NaN,NaN,NaN,NaN
35.89,25.51,43.15,36.00,20.00,MAN,1,NaN,NaN,NaN,NaN,NaN,NaN,NaN,NaN,NaN,NaN,0,0,NaN,NaN,NaN,NaN
36.89,25.52,43.15,36.00,20.00,MAN,1,NaN,NaN,NaN,NaN,NaN,NaN,NaN,NaN,NaN,NaN,0,0,NaN,NaN,NaN,NaN
37.89,25.52,43.15,36.00,20.00,MAN,1,NaN,NaN,NaN,NaN,NaN,NaN,NaN,NaN,NaN,NaN,0,0,NaN,NaN,NaN,NaN
38.89,25.52,43.15,36.00,20.00,MAN,1,NaN,NaN,NaN,NaN,NaN,NaN,NaN,NaN,NaN,NaN,0,0,NaN,NaN,NaN,NaN
39.89,25.52,43.15,36.00,20.00,MAN,1,NaN,NaN,NaN,NaN,NaN,NaN,NaN,NaN,NaN,NaN,0,0,NaN,NaN,NaN,NaN
40.89,25.52,43.15,36.00,20.00,MAN,1,NaN,NaN,NaN,NaN,NaN,NaN,NaN,NaN,NaN,NaN,0,0,NaN,NaN,NaN,NaN
41.90,25.52,43.12,36.00,20.00,MAN,1,NaN,NaN,NaN,NaN,NaN,NaN,NaN,NaN,NaN,NaN,0,0,NaN,NaN,NaN,NaN
42.90,25.52,43.12,36.00,20.00,MAN,1,NaN,NaN,NaN,NaN,NaN,NaN,NaN,NaN,NaN,NaN,0,0,NaN,NaN,NaN,NaN
43.90,25.53,43.08,36.00,20.00,MAN,1,NaN,NaN,NaN,NaN,NaN,NaN,NaN,NaN,NaN,NaN,0,0,NaN,NaN,NaN,NaN
44.90,25.52,43.08,36.00,20.00,MAN,1,NaN,NaN,NaN,NaN,NaN,NaN,NaN,NaN,NaN,NaN,0,0,NaN,NaN,NaN,NaN
45.90,25.53,43.08,36.00,20.00,MAN,1,NaN,NaN,NaN,NaN,NaN,NaN,NaN,NaN,NaN,NaN,0,0,NaN,NaN,NaN,NaN
46.90,25.52,43.08,36.00,20.00,MAN,1,NaN,NaN,NaN,NaN,NaN,NaN,NaN,NaN,NaN,NaN,0,0,NaN,NaN,NaN,NaN
47.91,25.52,43.08,36.00,20.00,AUTO,1,100,NaN,576.40,0.00,0.00,576.40,NaN,NaN,NaN,NaN,NaN,NaN,NaN,NaN,NaN,NaN
48.91,25.52,43.08,36.00,20.00,AUTO,1,100,NaN,576.40,0.00,0.00,576.40,NaN,NaN,NaN,NaN,NaN,NaN,NaN,NaN,NaN,NaN
49.91,25.52,43.08,36.00,20.00,AUTO,1,100,NaN,576.40,0.00,0.00,576.40,NaN,NaN,NaN,NaN,NaN,NaN,NaN,NaN,NaN,NaN
50.91,25.52,43.08,36.00,20.00,AUTO,1,100,NaN,576.40,0.00,0.00,576.40,NaN,NaN,NaN,NaN,NaN,NaN,NaN,NaN,NaN,NaN
51.92,25.53,43.12,36.00,20.00,AUTO,1,100,NaN,576.40,0.00,0.00,576.40,NaN,NaN,NaN,NaN,NaN,NaN,NaN,NaN,NaN,NaN
52.92,25.53,43.08,37.50,20.00,AUTO,1,100,NaN,576.40,0.00,0.00,576.40,NaN,NaN,NaN,NaN,NaN,NaN,NaN,NaN,NaN,NaN
53.92,25.53,43.08,37.50,20.00,AUTO,1,100,NaN,576.40,0.00,0.00,576.40,NaN,NaN,NaN,NaN,NaN,NaN,NaN,NaN,NaN,NaN
54.92,25.53,43.05,37.50,20.00,AUTO,1,100,NaN,576.40,0.00,0.00,576.40,NaN,NaN,NaN,NaN,NaN,NaN,NaN,NaN,NaN,NaN
55.92,25.53,43.05,37.50,20.00,AUTO,1,100,NaN,576.40,0.00,0.00,576.40,NaN,NaN,NaN,NaN,NaN,NaN,NaN,NaN,NaN,NaN
56.92,25.53,43.07,37.50,20.00,AUTO,1,100,NaN,576.40,0.00,0.00,576.40,NaN,NaN,NaN,NaN,NaN,NaN,NaN,NaN,NaN,NaN
57.93,25.54,43.07,37.50,20.00,AUTO,1,100,NaN,576.40,0.00,0.00,576.40,NaN,NaN,NaN,NaN,NaN,NaN,NaN,NaN,NaN,NaN
58.93,25.56,43.07,37.50,20.00,AUTO,1,100,NaN,576.40,0.00,0.00,576.40,NaN,NaN,NaN,NaN,NaN,NaN,NaN,NaN,NaN,NaN
59.93,25.56,43.07,37.50,20.00,AUTO,1,100,NaN,576.40,0.00,0.00,576.40,NaN,NaN,NaN,NaN,NaN,NaN,NaN,NaN,NaN,NaN
60.93,25.56,43.04,37.50,20.00,AUTO,1,100,NaN,576.40,0.00,0.00,576.40,NaN,NaN,NaN,NaN,NaN,NaN,NaN,NaN,NaN,NaN
61.93,25.57,43.04,37.50,20.00,AUTO,1,100,NaN,576.40,0.00,0.00,576.40,NaN,NaN,NaN,NaN,NaN,NaN,NaN,NaN,NaN,NaN
62.93,25.58,43.04,37.50,20.00,AUTO,1,100,NaN,656.42,0.00,-2.90,653.53,NaN,NaN,NaN,NaN,NaN,NaN,NaN,NaN,NaN,NaN
63.94,25.58,43.04,37.50,20.00,AUTO,1,100,NaN,656.42,0.00,-2.90,653.53,NaN,NaN,NaN,NaN,NaN,NaN,NaN,NaN,NaN,NaN
64.94,25.59,43.04,37.50,20.00,AUTO,1,100,NaN,656.42,0.00,-2.90,653.53,NaN,NaN,NaN,NaN,NaN,NaN,NaN,NaN,NaN,NaN
65.94,25.60,43.04,37.50,20.00,AUTO,1,100,NaN,656.42,0.00,-2.90,653.53,NaN,NaN,NaN,NaN,NaN,NaN,NaN,NaN,NaN,NaN
66.94,25.61,43.00,37.50,20.00,AUTO,1,100,NaN,656.42,0.00,-2.90,653.53,NaN,NaN,NaN,NaN,NaN,NaN,NaN,NaN,NaN,NaN
67.94,25.62,42.97,37.50,20.00,AUTO,1,100,NaN,656.42,0.00,-2.90,653.53,NaN,NaN,NaN,NaN,NaN,NaN,NaN,NaN,NaN,NaN
68.94,25.64,42.97,37.50,20.00,AUTO,1,100,NaN,656.42,0.00,-2.90,653.53,NaN,NaN,NaN,NaN,NaN,NaN,NaN,NaN,NaN,NaN
69.94,25.65,42.93,37.50,20.00,AUTO,1,100,NaN,656.42,0.00,-2.90,653.53,NaN,NaN,NaN,NaN,NaN,NaN,NaN,NaN,NaN,NaN
70.94,25.67,42.90,37.50,20.00,AUTO,1,100,NaN,656.42,0.00,-2.90,653.53,NaN,NaN,NaN,NaN,NaN,NaN,NaN,NaN,NaN,NaN
71.95,25.68,42.87,37.50,20.00,AUTO,1,100,NaN,656.42,0.00,-2.90,653.53,NaN,NaN,NaN,NaN,NaN,NaN,NaN,NaN,NaN,NaN
72.95,25.71,42.84,37.50,20.00,AUTO,1,100,NaN,656.42,0.00,-2.90,653.53,NaN,NaN,NaN,NaN,NaN,NaN,NaN,NaN,NaN,NaN
73.95,25.75,42.84,37.50,20.00,AUTO,1,100,NaN,656.42,0.00,-2.90,653.53,NaN,NaN,NaN,NaN,NaN,NaN,NaN,NaN,NaN,NaN
74.95,25.75,42.81,37.50,20.00,AUTO,1,100,NaN,656.42,0.00,-2.90,653.53,NaN,NaN,NaN,NaN,NaN,NaN,NaN,NaN,NaN,NaN
75.95,25.75,42.77,37.50,20.00,AUTO,1,100,NaN,656.42,0.00,-2.90,653.53,NaN,NaN,NaN,NaN,NaN,NaN,NaN,NaN,NaN,NaN
76.96,25.75,42.74,37.50,20.00,AUTO,1,100,NaN,656.42,0.00,-2.90,653.53,NaN,NaN,NaN,NaN,NaN,NaN,NaN,NaN,NaN,NaN
77.96,25.75,42.71,37.50,20.00,AUTO,1,100,NaN,646.25,0.00,-14.47,631.78,NaN,NaN,NaN,NaN,NaN,NaN,NaN,NaN,NaN,NaN
78.96,25.75,42.67,37.50,20.00,AUTO,1,100,NaN,646.25,0.00,-14.47,631.78,NaN,NaN,NaN,NaN,NaN,NaN,NaN,NaN,NaN,NaN
79.96,25.76,42.69,37.50,20.00,AUTO,1,100,NaN,646.25,0.00,-14.47,631.78,NaN,NaN,NaN,NaN,NaN,NaN,NaN,NaN,NaN,NaN
80.96,25.76,42.66,37.50,20.00,AUTO,1,100,NaN,646.25,0.00,-14.47,631.78,NaN,NaN,NaN,NaN,NaN,NaN,NaN,NaN,NaN,NaN
81.96,25.76,42.63,37.50,20.00,AUTO,1,100,NaN,646.25,0.00,-14.47,631.78,NaN,NaN,NaN,NaN,NaN,NaN,NaN,NaN,NaN,NaN
82.96,25.79,42.59,37.50,20.00,AUTO,1,100,NaN,646.25,0.00,-14.47,631.78,NaN,NaN,NaN,NaN,NaN,NaN,NaN,NaN,NaN,NaN
83.97,25.82,42.56,37.50,20.00,AUTO,1,100,NaN,646.25,0.00,-14.47,631.78,NaN,NaN,NaN,NaN,NaN,NaN,NaN,NaN,NaN,NaN
84.97,25.86,42.53,37.50,20.00,AUTO,1,100,NaN,646.25,0.00,-14.47,631.78,NaN,NaN,NaN,NaN,NaN,NaN,NaN,NaN,NaN,NaN
85.97,25.89,42.46,37.50,20.00,AUTO,1,100,NaN,646.25,0.00,-14.47,631.78,NaN,NaN,NaN,NaN,NaN,NaN,NaN,NaN,NaN,NaN
86.97,25.91,42.43,37.50,20.00,AUTO,1,100,NaN,646.25,0.00,-14.47,631.78,NaN,NaN,NaN,NaN,NaN,NaN,NaN,NaN,NaN,NaN
87.97,25.93,42.36,37.50,20.00,AUTO,1,100,NaN,646.25,0.00,-14.47,631.78,NaN,NaN,NaN,NaN,NaN,NaN,NaN,NaN,NaN,NaN
88.97,25.95,42.39,37.50,20.00,AUTO,1,100,NaN,646.25,0.00,-14.47,631.78,NaN,NaN,NaN,NaN,NaN,NaN,NaN,NaN,NaN,NaN
89.98,25.96,42.35,37.50,20.00,AUTO,1,100,NaN,646.25,0.00,-14.47,631.78,NaN,NaN,NaN,NaN,NaN,NaN,NaN,NaN,NaN,NaN
90.98,25.98,42.35,37.50,20.00,AUTO,1,100,NaN,646.25,0.00,-14.47,631.78,NaN,NaN,NaN,NaN,NaN,NaN,NaN,NaN,NaN,NaN
91.98,26.01,42.29,37.50,20.00,AUTO,1,100,NaN,646.25,0.00,-14.47,631.78,NaN,NaN,NaN,NaN,NaN,NaN,NaN,NaN,NaN,NaN
92.98,26.04,42.22,37.50,20.00,AUTO,1,100,NaN,632.78,0.00,-18.47,614.31,NaN,NaN,NaN,NaN,NaN,NaN,NaN,NaN,NaN,NaN
93.98,26.06,42.18,37.50,20.00,AUTO,1,100,NaN,632.78,0.00,-18.47,614.31,NaN,NaN,NaN,NaN,NaN,NaN,NaN,NaN,NaN,NaN
94.98,26.09,42.15,37.50,20.00,AUTO,1,100,NaN,632.78,0.00,-18.47,614.31,NaN,NaN,NaN,NaN,NaN,NaN,NaN,NaN,NaN,NaN
95.99,26.11,42.10,37.50,20.00,AUTO,1,100,NaN,632.78,0.00,-18.47,614.31,NaN,NaN,NaN,NaN,NaN,NaN,NaN,NaN,NaN,NaN
96.99,26.11,42.03,37.50,20.00,AUTO,1,100,NaN,632.78,0.00,-18.47,614.31,NaN,NaN,NaN,NaN,NaN,NaN,NaN,NaN,NaN,NaN
97.99,26.12,42.03,37.50,20.00,AUTO,1,100,NaN,632.78,0.00,-18.47,614.31,NaN,NaN,NaN,NaN,NaN,NaN,NaN,NaN,NaN,NaN
98.99,26.15,42.00,37.50,20.00,AUTO,1,100,NaN,632.78,0.00,-18.47,614.31,NaN,NaN,NaN,NaN,NaN,NaN,NaN,NaN,NaN,NaN
99.99,26.17,41.94,37.50,20.00,AUTO,1,100,NaN,632.78,0.00,-18.47,614.31,NaN,NaN,NaN,NaN,NaN,NaN,NaN,NaN,NaN,NaN
100.99,26.20,41.94,37.50,20.00,AUTO,1,100,NaN,632.78,0.00,-18.47,614.31,NaN,NaN,NaN,NaN,NaN,NaN,NaN,NaN,NaN,NaN
101.99,26.22,41.87,37.50,20.00,AUTO,1,100,NaN,632.78,0.00,-18.47,614.31,NaN,NaN,NaN,NaN,NaN,NaN,NaN,NaN,NaN,NaN
102.99,26.24,41.81,37.50,20.00,AUTO,1,100,NaN,632.78,0.00,-18.47,614.31,NaN,NaN,NaN,NaN,NaN,NaN,NaN,NaN,NaN,NaN
104.00,26.27,41.79,37.50,20.00,AUTO,1,100,NaN,632.78,0.00,-18.47,614.31,NaN,NaN,NaN,NaN,NaN,NaN,NaN,NaN,NaN,NaN
105.00,26.30,41.76,37.50,20.00,AUTO,1,100,NaN,632.78,0.00,-18.47,614.31,NaN,NaN,NaN,NaN,NaN,NaN,NaN,NaN,NaN,NaN
106.00,26.33,41.69,37.50,20.00,AUTO,1,100,NaN,632.78,0.00,-18.47,614.31,NaN,NaN,NaN,NaN,NaN,NaN,NaN,NaN,NaN,NaN
107.00,26.35,41.66,37.50,20.00,AUTO,1,100,NaN,632.78,0.00,-18.47,614.31,NaN,NaN,NaN,NaN,NaN,NaN,NaN,NaN,NaN,NaN
108.00,26.37,41.62,37.50,20.00,AUTO,1,100,NaN,613.80,0.00,-26.14,587.66,NaN,NaN,NaN,NaN,NaN,NaN,NaN,NaN,NaN,NaN
109.01,26.41,41.55,37.50,20.00,AUTO,1,100,NaN,613.80,0.00,-26.14,587.66,NaN,NaN,NaN,NaN,NaN,NaN,NaN,NaN,NaN,NaN
110.01,26.45,41.55,37.50,20.00,AUTO,1,100,NaN,613.80,0.00,-26.14,587.66,NaN,NaN,NaN,NaN,NaN,NaN,NaN,NaN,NaN,NaN
111.01,26.47,41.48,37.50,20.00,AUTO,1,100,NaN,613.80,0.00,-26.14,587.66,NaN,NaN,NaN,NaN,NaN,NaN,NaN,NaN,NaN,NaN
112.01,26.53,41.42,37.50,20.00,AUTO,1,100,NaN,613.80,0.00,-26.14,587.66,NaN,NaN,NaN,NaN,NaN,NaN,NaN,NaN,NaN,NaN
113.01,26.55,41.35,37.50,20.00,AUTO,1,100,NaN,613.80,0.00,-26.14,587.66,NaN,NaN,NaN,NaN,NaN,NaN,NaN,NaN,NaN,NaN
114.01,26.58,41.33,37.50,20.00,AUTO,1,100,NaN,613.80,0.00,-26.14,587.66,NaN,NaN,NaN,NaN,NaN,NaN,NaN,NaN,NaN,NaN
115.02,26.62,41.23,37.50,20.00,AUTO,1,100,NaN,613.80,0.00,-26.14,587.66,NaN,NaN,NaN,NaN,NaN,NaN,NaN,NaN,NaN,NaN
116.01,26.64,41.16,37.50,20.00,AUTO,1,100,NaN,613.80,0.00,-26.14,587.66,NaN,NaN,NaN,NaN,NaN,NaN,NaN,NaN,NaN,NaN
117.02,26.67,41.10,37.50,20.00,AUTO,1,100,NaN,613.80,0.00,-26.14,587.66,NaN,NaN,NaN,NaN,NaN,NaN,NaN,NaN,NaN,NaN
118.02,26.70,41.04,37.50,20.00,AUTO,1,100,NaN,613.80,0.00,-26.14,587.66,NaN,NaN,NaN,NaN,NaN,NaN,NaN,NaN,NaN,NaN
119.02,26.73,41.00,37.50,20.00,AUTO,1,100,NaN,613.80,0.00,-26.14,587.66,NaN,NaN,NaN,NaN,NaN,NaN,NaN,NaN,NaN,NaN
120.03,26.77,40.97,37.50,20.00,AUTO,1,100,NaN,613.80,0.00,-26.14,587.66,NaN,NaN,NaN,NaN,NaN,NaN,NaN,NaN,NaN,NaN
121.02,26.80,40.92,37.50,20.00,AUTO,1,100,NaN,613.80,0.00,-26.14,587.66,NaN,NaN,NaN,NaN,NaN,NaN,NaN,NaN,NaN,NaN
122.03,26.84,40.85,37.50,20.00,AUTO,1,100,NaN,613.80,0.00,-26.14,587.66,NaN,NaN,NaN,NaN,NaN,NaN,NaN,NaN,NaN,NaN
123.03,26.86,40.78,37.50,20.00,AUTO,1,100,NaN,587.40,0.00,-37.91,549.49,NaN,NaN,NaN,NaN,NaN,NaN,NaN,NaN,NaN,NaN
124.03,26.90,40.72,37.50,20.00,AUTO,1,100,NaN,587.40,0.00,-37.91,549.49,NaN,NaN,NaN,NaN,NaN,NaN,NaN,NaN,NaN,NaN
125.03,26.94,40.68,37.50,20.00,AUTO,1,100,NaN,587.40,0.00,-37.91,549.49,NaN,NaN,NaN,NaN,NaN,NaN,NaN,NaN,NaN,NaN
126.03,26.98,40.61,37.50,20.00,AUTO,1,100,NaN,587.40,0.00,-37.91,549.49,NaN,NaN,NaN,NaN,NaN,NaN,NaN,NaN,NaN,NaN
127.03,27.00,40.54,37.50,20.00,AUTO,1,100,NaN,587.40,0.00,-37.91,549.49,NaN,NaN,NaN,NaN,NaN,NaN,NaN,NaN,NaN,NaN
128.04,27.04,40.48,37.50,20.00,AUTO,1,100,NaN,587.40,0.00,-37.91,549.49,NaN,NaN,NaN,NaN,NaN,NaN,NaN,NaN,NaN,NaN
129.04,27.07,40.41,37.50,20.00,AUTO,1,100,NaN,587.40,0.00,-37.91,549.49,NaN,NaN,NaN,NaN,NaN,NaN,NaN,NaN,NaN,NaN
130.04,27.12,40.39,37.50,20.00,AUTO,1,100,NaN,587.40,0.00,-37.91,549.49,NaN,NaN,NaN,NaN,NaN,NaN,NaN,NaN,NaN,NaN
131.04,27.13,40.33,37.50,20.00,AUTO,1,100,NaN,587.40,0.00,-37.91,549.49,NaN,NaN,NaN,NaN,NaN,NaN,NaN,NaN,NaN,NaN
132.04,27.16,40.26,37.50,20.00,AUTO,1,100,NaN,587.40,0.00,-37.91,549.49,NaN,NaN,NaN,NaN,NaN,NaN,NaN,NaN,NaN,NaN
133.04,27.21,40.20,37.50,20.00,AUTO,1,100,NaN,587.40,0.00,-37.91,549.49,NaN,NaN,NaN,NaN,NaN,NaN,NaN,NaN,NaN,NaN
134.04,27.23,40.13,37.50,20.00,AUTO,1,100,NaN,587.40,0.00,-37.91,549.49,NaN,NaN,NaN,NaN,NaN,NaN,NaN,NaN,NaN,NaN
135.04,27.26,40.08,37.50,20.00,AUTO,1,100,NaN,587.40,0.00,-37.91,549.49,NaN,NaN,NaN,NaN,NaN,NaN,NaN,NaN,NaN,NaN
136.05,27.29,40.05,37.50,20.00,AUTO,1,100,NaN,587.40,0.00,-37.91,549.49,NaN,NaN,NaN,NaN,NaN,NaN,NaN,NaN,NaN,NaN
137.05,27.34,39.98,37.50,20.00,AUTO,1,100,NaN,587.40,0.00,-37.91,549.49,NaN,NaN,NaN,NaN,NaN,NaN,NaN,NaN,NaN,NaN
138.05,27.37,39.95,37.50,20.00,AUTO,1,100,NaN,560.17,0.00,-39.89,520.29,NaN,NaN,NaN,NaN,NaN,NaN,NaN,NaN,NaN,NaN
139.05,27.40,39.85,37.50,20.00,AUTO,1,100,NaN,560.17,0.00,-39.89,520.29,NaN,NaN,NaN,NaN,NaN,NaN,NaN,NaN,NaN,NaN
140.05,27.42,39.78,37.50,20.00,AUTO,1,100,NaN,560.17,0.00,-39.89,520.29,NaN,NaN,NaN,NaN,NaN,NaN,NaN,NaN,NaN,NaN
141.06,27.45,39.75,37.50,20.00,AUTO,1,100,NaN,560.17,0.00,-39.89,520.29,NaN,NaN,NaN,NaN,NaN,NaN,NaN,NaN,NaN,NaN
142.06,27.47,39.70,37.50,20.00,AUTO,1,100,NaN,560.17,0.00,-39.89,520.29,NaN,NaN,NaN,NaN,NaN,NaN,NaN,NaN,NaN,NaN
143.06,27.52,39.67,37.50,20.00,AUTO,1,100,NaN,560.17,0.00,-39.89,520.29,NaN,NaN,NaN,NaN,NaN,NaN,NaN,NaN,NaN,NaN
144.06,27.56,39.60,37.50,20.00,AUTO,1,100,NaN,560.17,0.00,-39.89,520.29,NaN,NaN,NaN,NaN,NaN,NaN,NaN,NaN,NaN,NaN
145.06,27.57,39.53,37.50,20.00,AUTO,1,100,NaN,560.17,0.00,-39.89,520.29,NaN,NaN,NaN,NaN,NaN,NaN,NaN,NaN,NaN,NaN
146.06,27.59,39.46,37.50,20.00,AUTO,1,100,NaN,560.17,0.00,-39.89,520.29,NaN,NaN,NaN,NaN,NaN,NaN,NaN,NaN,NaN,NaN
147.07,27.64,39.42,37.50,20.00,AUTO,1,100,NaN,560.17,0.00,-39.89,520.29,NaN,NaN,NaN,NaN,NaN,NaN,NaN,NaN,NaN,NaN
148.07,27.68,39.39,37.50,20.00,AUTO,1,100,NaN,560.17,0.00,-39.89,520.29,NaN,NaN,NaN,NaN,NaN,NaN,NaN,NaN,NaN,NaN
149.07,27.71,39.32,37.50,20.00,AUTO,1,100,NaN,560.17,0.00,-39.89,520.29,NaN,NaN,NaN,NaN,NaN,NaN,NaN,NaN,NaN,NaN
150.07,27.75,39.25,37.50,20.00,AUTO,1,100,NaN,560.17,0.00,-39.89,520.29,NaN,NaN,NaN,NaN,NaN,NaN,NaN,NaN,NaN,NaN
151.07,27.80,39.18,37.50,20.00,AUTO,1,100,NaN,560.17,0.00,-39.89,520.29,NaN,NaN,NaN,NaN,NaN,NaN,NaN,NaN,NaN,NaN
152.07,27.84,39.14,37.50,20.00,AUTO,1,100,NaN,560.17,0.00,-39.89,520.29,NaN,NaN,NaN,NaN,NaN,NaN,NaN,NaN,NaN,NaN
153.14,27.86,39.07,37.50,20.00,AUTO,1,100,NaN,532.40,0.00,-38.89,493.51,NaN,NaN,NaN,NaN,NaN,NaN,NaN,NaN,NaN,NaN
154.08,27.90,39.04,37.50,20.00,AUTO,1,100,NaN,532.40,0.00,-38.89,493.51,NaN,NaN,NaN,NaN,NaN,NaN,NaN,NaN,NaN,NaN
155.08,27.95,38.99,37.50,20.00,AUTO,1,100,NaN,532.40,0.00,-38.89,493.51,NaN,NaN,NaN,NaN,NaN,NaN,NaN,NaN,NaN,NaN
156.08,27.97,38.92,37.50,20.00,AUTO,1,100,NaN,532.40,0.00,-38.89,493.51,NaN,NaN,NaN,NaN,NaN,NaN,NaN,NaN,NaN,NaN
157.08,27.99,38.85,37.50,20.00,AUTO,1,100,NaN,532.40,0.00,-38.89,493.51,NaN,NaN,NaN,NaN,NaN,NaN,NaN,NaN,NaN,NaN
158.08,28.03,38.79,37.50,20.00,AUTO,1,100,NaN,532.40,0.00,-38.89,493.51,NaN,NaN,NaN,NaN,NaN,NaN,NaN,NaN,NaN,NaN
159.08,28.05,38.72,37.50,20.00,AUTO,1,100,NaN,532.40,0.00,-38.89,493.51,NaN,NaN,NaN,NaN,NaN,NaN,NaN,NaN,NaN,NaN
160.09,28.08,38.69,37.50,20.00,AUTO,1,100,NaN,532.40,0.00,-38.89,493.51,NaN,NaN,NaN,NaN,NaN,NaN,NaN,NaN,NaN,NaN
161.09,28.11,38.69,37.50,20.00,AUTO,1,100,NaN,532.40,0.00,-38.89,493.51,NaN,NaN,NaN,NaN,NaN,NaN,NaN,NaN,NaN,NaN
162.09,28.14,38.64,37.50,20.00,AUTO,1,100,NaN,532.40,0.00,-38.89,493.51,NaN,NaN,NaN,NaN,NaN,NaN,NaN,NaN,NaN,NaN
163.09,28.18,38.57,37.50,20.00,AUTO,1,100,NaN,532.40,0.00,-38.89,493.51,NaN,NaN,NaN,NaN,NaN,NaN,NaN,NaN,NaN,NaN
164.09,28.20,38.51,37.50,20.00,AUTO,1,100,NaN,532.40,0.00,-38.89,493.51,NaN,NaN,NaN,NaN,NaN,NaN,NaN,NaN,NaN,NaN
165.09,28.26,38.44,37.50,20.00,AUTO,1,100,NaN,532.40,0.00,-38.89,493.51,NaN,NaN,NaN,NaN,NaN,NaN,NaN,NaN,NaN,NaN
166.10,28.29,38.40,37.50,20.00,AUTO,1,100,NaN,532.40,0.00,-38.89,493.51,NaN,NaN,NaN,NaN,NaN,NaN,NaN,NaN,NaN,NaN
167.09,28.32,38.36,37.50,20.00,AUTO,1,100,NaN,532.40,0.00,-38.89,493.51,NaN,NaN,NaN,NaN,NaN,NaN,NaN,NaN,NaN,NaN
168.10,28.37,38.30,37.50,20.00,AUTO,1,100,NaN,505.73,0.00,-39.27,466.45,NaN,NaN,NaN,NaN,NaN,NaN,NaN,NaN,NaN,NaN
169.10,28.42,38.23,37.50,20.00,AUTO,1,100,NaN,505.73,0.00,-39.27,466.45,NaN,NaN,NaN,NaN,NaN,NaN,NaN,NaN,NaN,NaN
170.10,28.49,38.18,37.50,20.00,AUTO,1,100,NaN,505.73,0.00,-39.27,466.45,NaN,NaN,NaN,NaN,NaN,NaN,NaN,NaN,NaN,NaN
171.10,28.49,38.11,37.50,20.00,AUTO,1,100,NaN,505.73,0.00,-39.27,466.45,NaN,NaN,NaN,NaN,NaN,NaN,NaN,NaN,NaN,NaN
172.10,28.50,38.04,37.50,20.00,AUTO,1,100,NaN,505.73,0.00,-39.27,466.45,NaN,NaN,NaN,NaN,NaN,NaN,NaN,NaN,NaN,NaN
173.11,28.54,37.98,37.50,20.00,AUTO,1,100,NaN,505.73,0.00,-39.27,466.45,NaN,NaN,NaN,NaN,NaN,NaN,NaN,NaN,NaN,NaN
174.11,28.57,37.95,37.50,20.00,AUTO,1,100,NaN,505.73,0.00,-39.27,466.45,NaN,NaN,NaN,NaN,NaN,NaN,NaN,NaN,NaN,NaN
175.11,28.62,37.88,37.50,20.00,AUTO,1,100,NaN,505.73,0.00,-39.27,466.45,NaN,NaN,NaN,NaN,NaN,NaN,NaN,NaN,NaN,NaN
176.11,28.65,37.83,37.50,20.00,AUTO,1,100,NaN,505.73,0.00,-39.27,466.45,NaN,NaN,NaN,NaN,NaN,NaN,NaN,NaN,NaN,NaN
177.11,28.68,37.76,37.50,20.00,AUTO,1,100,NaN,505.73,0.00,-39.27,466.45,NaN,NaN,NaN,NaN,NaN,NaN,NaN,NaN,NaN,NaN
178.11,28.70,37.69,37.50,20.00,AUTO,1,100,NaN,505.73,0.00,-39.27,466.45,NaN,NaN,NaN,NaN,NaN,NaN,NaN,NaN,NaN,NaN
179.12,28.73,37.66,37.50,20.00,AUTO,1,100,NaN,505.73,0.00,-39.27,466.45,NaN,NaN,NaN,NaN,NaN,NaN,NaN,NaN,NaN,NaN
180.12,28.75,37.63,37.50,20.00,AUTO,1,100,NaN,505.73,0.00,-39.27,466.45,NaN,NaN,NaN,NaN,NaN,NaN,NaN,NaN,NaN,NaN
181.12,28.78,37.59,37.50,20.00,AUTO,1,100,NaN,505.73,0.00,-39.27,466.45,NaN,NaN,NaN,NaN,NaN,NaN,NaN,NaN,NaN,NaN
182.12,28.83,37.55,37.50,20.00,AUTO,1,100,NaN,505.73,0.00,-39.27,466.45,NaN,NaN,NaN,NaN,NaN,NaN,NaN,NaN,NaN,NaN
183.12,28.86,37.48,37.50,20.00,AUTO,1,100,NaN,478.23,0.00,-40.41,437.81,NaN,NaN,NaN,NaN,NaN,NaN,NaN,NaN,NaN,NaN
184.12,28.89,37.41,37.50,20.00,AUTO,1,100,NaN,478.23,0.00,-40.41,437.81,NaN,NaN,NaN,NaN,NaN,NaN,NaN,NaN,NaN,NaN
185.12,28.93,37.38,37.50,20.00,AUTO,1,100,NaN,478.23,0.00,-40.41,437.81,NaN,NaN,NaN,NaN,NaN,NaN,NaN,NaN,NaN,NaN
186.12,28.97,37.34,37.50,20.00,AUTO,1,100,NaN,478.23,0.00,-40.41,437.81,NaN,NaN,NaN,NaN,NaN,NaN,NaN,NaN,NaN,NaN
187.13,28.99,37.30,37.50,20.00,AUTO,1,100,NaN,478.23,0.00,-40.41,437.81,NaN,NaN,NaN,NaN,NaN,NaN,NaN,NaN,NaN,NaN
188.13,29.02,37.27,37.50,20.00,AUTO,1,100,NaN,478.23,0.00,-40.41,437.81,NaN,NaN,NaN,NaN,NaN,NaN,NaN,NaN,NaN,NaN
189.13,29.05,37.20,37.50,20.00,AUTO,1,100,NaN,478.23,0.00,-40.41,437.81,NaN,NaN,NaN,NaN,NaN,NaN,NaN,NaN,NaN,NaN
190.13,29.08,37.13,37.50,20.00,AUTO,1,100,NaN,478.23,0.00,-40.41,437.81,NaN,NaN,NaN,NaN,NaN,NaN,NaN,NaN,NaN,NaN
191.13,29.12,37.10,37.50,20.00,AUTO,1,100,NaN,478.23,0.00,-40.41,437.81,NaN,NaN,NaN,NaN,NaN,NaN,NaN,NaN,NaN,NaN
192.14,29.15,37.03,37.50,20.00,AUTO,1,100,NaN,478.23,0.00,-40.41,437.81,NaN,NaN,NaN,NaN,NaN,NaN,NaN,NaN,NaN,NaN
193.14,29.17,37.05,37.50,20.00,AUTO,1,100,NaN,478.23,0.00,-40.41,437.81,NaN,NaN,NaN,NaN,NaN,NaN,NaN,NaN,NaN,NaN
194.14,29.19,36.98,37.50,20.00,AUTO,1,100,NaN,478.23,0.00,-40.41,437.81,NaN,NaN,NaN,NaN,NaN,NaN,NaN,NaN,NaN,NaN
195.14,29.21,36.92,37.50,20.00,AUTO,1,100,NaN,478.23,0.00,-40.41,437.81,NaN,NaN,NaN,NaN,NaN,NaN,NaN,NaN,NaN,NaN
196.14,29.24,36.88,37.50,20.00,AUTO,1,100,NaN,478.23,0.00,-40.41,437.81,NaN,NaN,NaN,NaN,NaN,NaN,NaN,NaN,NaN,NaN
197.14,29.28,36.85,37.50,20.00,AUTO,1,100,NaN,478.23,0.00,-40.41,437.81,NaN,NaN,NaN,NaN,NaN,NaN,NaN,NaN,NaN,NaN
198.14,29.31,36.78,37.50,20.00,AUTO,1,100,NaN,453.20,0.00,-36.90,416.30,NaN,NaN,NaN,NaN,NaN,NaN,NaN,NaN,NaN,NaN
199.14,29.34,36.76,37.50,20.00,AUTO,1,100,NaN,453.20,0.00,-36.90,416.30,NaN,NaN,NaN,NaN,NaN,NaN,NaN,NaN,NaN,NaN
200.15,29.37,36.73,37.50,20.00,AUTO,1,100,NaN,453.20,0.00,-36.90,416.30,NaN,NaN,NaN,NaN,NaN,NaN,NaN,NaN,NaN,NaN
201.15,29.41,36.70,37.50,20.00,AUTO,1,100,NaN,453.20,0.00,-36.90,416.30,NaN,NaN,NaN,NaN,NaN,NaN,NaN,NaN,NaN,NaN
202.15,29.44,36.63,37.50,20.00,AUTO,1,100,NaN,453.20,0.00,-36.90,416.30,NaN,NaN,NaN,NaN,NaN,NaN,NaN,NaN,NaN,NaN
203.15,29.49,36.56,37.50,20.00,AUTO,1,100,NaN,453.20,0.00,-36.90,416.30,NaN,NaN,NaN,NaN,NaN,NaN,NaN,NaN,NaN,NaN
204.15,29.51,36.51,37.50,20.00,AUTO,1,100,NaN,453.20,0.00,-36.90,416.30,NaN,NaN,NaN,NaN,NaN,NaN,NaN,NaN,NaN,NaN
205.16,29.56,36.48,37.50,20.00,AUTO,1,100,NaN,453.20,0.00,-36.90,416.30,NaN,NaN,NaN,NaN,NaN,NaN,NaN,NaN,NaN,NaN
206.16,29.59,36.41,37.50,20.00,AUTO,1,100,NaN,453.20,0.00,-36.90,416.30,NaN,NaN,NaN,NaN,NaN,NaN,NaN,NaN,NaN,NaN
207.16,29.61,36.38,37.50,20.00,AUTO,1,100,NaN,453.20,0.00,-36.90,416.30,NaN,NaN,NaN,NaN,NaN,NaN,NaN,NaN,NaN,NaN
208.16,29.63,36.34,37.50,20.00,AUTO,1,100,NaN,453.20,0.00,-36.90,416.30,NaN,NaN,NaN,NaN,NaN,NaN,NaN,NaN,NaN,NaN
209.16,29.66,36.30,37.50,20.00,AUTO,1,100,NaN,453.20,0.00,-36.90,416.30,NaN,NaN,NaN,NaN,NaN,NaN,NaN,NaN,NaN,NaN
210.16,29.70,36.27,37.50,20.00,AUTO,1,100,NaN,453.20,0.00,-36.90,416.30,NaN,NaN,NaN,NaN,NaN,NaN,NaN,NaN,NaN,NaN
211.17,29.73,36.23,37.50,20.00,AUTO,1,100,NaN,453.20,0.00,-36.90,416.30,NaN,NaN,NaN,NaN,NaN,NaN,NaN,NaN,NaN,NaN
212.16,29.75,36.17,37.50,20.00,AUTO,1,100,NaN,453.20,0.00,-36.90,416.30,NaN,NaN,NaN,NaN,NaN,NaN,NaN,NaN,NaN,NaN
213.17,29.76,36.13,37.50,20.00,AUTO,1,100,NaN,426.80,0.00,-38.44,388.36,NaN,NaN,NaN,NaN,NaN,NaN,NaN,NaN,NaN,NaN
214.17,29.78,36.10,37.50,20.00,AUTO,1,100,NaN,426.80,0.00,-38.44,388.36,NaN,NaN,NaN,NaN,NaN,NaN,NaN,NaN,NaN,NaN
215.17,29.82,36.03,37.50,20.00,AUTO,1,100,NaN,426.80,0.00,-38.44,388.36,NaN,NaN,NaN,NaN,NaN,NaN,NaN,NaN,NaN,NaN
216.17,29.87,36.05,37.50,20.00,AUTO,1,100,NaN,426.80,0.00,-38.44,388.36,NaN,NaN,NaN,NaN,NaN,NaN,NaN,NaN,NaN,NaN
217.17,29.87,36.02,37.50,20.00,AUTO,1,100,NaN,426.80,0.00,-38.44,388.36,NaN,NaN,NaN,NaN,NaN,NaN,NaN,NaN,NaN,NaN
218.17,29.91,35.98,37.50,20.00,AUTO,1,100,NaN,426.80,0.00,-38.44,388.36,NaN,NaN,NaN,NaN,NaN,NaN,NaN,NaN,NaN,NaN
219.18,29.93,35.92,37.50,20.00,AUTO,1,100,NaN,426.80,0.00,-38.44,388.36,NaN,NaN,NaN,NaN,NaN,NaN,NaN,NaN,NaN,NaN
220.18,29.95,35.88,37.50,20.00,AUTO,1,100,NaN,426.80,0.00,-38.44,388.36,NaN,NaN,NaN,NaN,NaN,NaN,NaN,NaN,NaN,NaN
221.18,30.00,35.83,37.50,20.00,AUTO,1,100,NaN,426.80,0.00,-38.44,388.36,NaN,NaN,NaN,NaN,NaN,NaN,NaN,NaN,NaN,NaN
222.18,30.03,35.80,37.50,20.00,AUTO,1,100,NaN,426.80,0.00,-38.44,388.36,NaN,NaN,NaN,NaN,NaN,NaN,NaN,NaN,NaN,NaN
223.18,30.06,35.73,37.50,20.00,AUTO,1,100,NaN,426.80,0.00,-38.44,388.36,NaN,NaN,NaN,NaN,NaN,NaN,NaN,NaN,NaN,NaN
224.18,30.09,35.73,37.50,20.00,AUTO,1,100,NaN,426.80,0.00,-38.44,388.36,NaN,NaN,NaN,NaN,NaN,NaN,NaN,NaN,NaN,NaN
225.19,30.12,35.66,37.50,20.00,AUTO,1,100,NaN,426.80,0.00,-38.44,388.36,NaN,NaN,NaN,NaN,NaN,NaN,NaN,NaN,NaN,NaN
226.19,30.15,35.63,37.50,20.00,AUTO,1,100,NaN,426.80,0.00,-38.44,388.36,NaN,NaN,NaN,NaN,NaN,NaN,NaN,NaN,NaN,NaN
227.19,30.19,35.58,37.50,20.00,AUTO,1,100,NaN,426.80,0.00,-38.44,388.36,NaN,NaN,NaN,NaN,NaN,NaN,NaN,NaN,NaN,NaN
228.19,30.22,35.54,37.50,20.00,AUTO,1,100,NaN,403.15,0.00,-34.47,368.68,NaN,NaN,NaN,NaN,NaN,NaN,NaN,NaN,NaN,NaN
229.19,30.24,35.48,37.50,20.00,AUTO,1,100,NaN,403.15,0.00,-34.47,368.68,NaN,NaN,NaN,NaN,NaN,NaN,NaN,NaN,NaN,NaN
230.20,30.27,35.41,37.50,20.00,AUTO,1,100,NaN,403.15,0.00,-34.47,368.68,NaN,NaN,NaN,NaN,NaN,NaN,NaN,NaN,NaN,NaN
231.19,30.31,35.37,37.50,20.00,AUTO,1,100,NaN,403.15,0.00,-34.47,368.68,NaN,NaN,NaN,NaN,NaN,NaN,NaN,NaN,NaN,NaN
232.20,30.32,35.37,37.50,20.00,AUTO,1,100,NaN,403.15,0.00,-34.47,368.68,NaN,NaN,NaN,NaN,NaN,NaN,NaN,NaN,NaN,NaN
233.20,30.35,35.33,37.50,20.00,AUTO,1,100,NaN,403.15,0.00,-34.47,368.68,NaN,NaN,NaN,NaN,NaN,NaN,NaN,NaN,NaN,NaN
234.20,30.37,35.30,37.50,20.00,AUTO,1,100,NaN,403.15,0.00,-34.47,368.68,NaN,NaN,NaN,NaN,NaN,NaN,NaN,NaN,NaN,NaN
235.20,30.40,35.26,37.50,20.00,AUTO,1,100,NaN,403.15,0.00,-34.47,368.68,NaN,NaN,NaN,NaN,NaN,NaN,NaN,NaN,NaN,NaN
236.20,30.44,35.23,37.50,20.00,AUTO,1,100,NaN,403.15,0.00,-34.47,368.68,NaN,NaN,NaN,NaN,NaN,NaN,NaN,NaN,NaN,NaN
237.21,30.45,35.19,37.50,20.00,AUTO,1,100,NaN,403.15,0.00,-34.47,368.68,NaN,NaN,NaN,NaN,NaN,NaN,NaN,NaN,NaN,NaN
238.21,30.46,35.12,37.50,20.00,AUTO,1,100,NaN,403.15,0.00,-34.47,368.68,NaN,NaN,NaN,NaN,NaN,NaN,NaN,NaN,NaN,NaN
239.21,30.49,35.09,37.50,20.00,AUTO,1,100,NaN,403.15,0.00,-34.47,368.68,NaN,NaN,NaN,NaN,NaN,NaN,NaN,NaN,NaN,NaN
240.21,30.50,35.05,37.50,20.00,AUTO,1,100,NaN,403.15,0.00,-34.47,368.68,NaN,NaN,NaN,NaN,NaN,NaN,NaN,NaN,NaN,NaN
241.21,30.52,35.05,37.50,20.00,AUTO,1,100,NaN,403.15,0.00,-34.47,368.68,NaN,NaN,NaN,NaN,NaN,NaN,NaN,NaN,NaN,NaN
242.21,30.53,35.05,37.50,20.00,AUTO,1,100,NaN,403.15,0.00,-34.47,368.68,NaN,NaN,NaN,NaN,NaN,NaN,NaN,NaN,NaN,NaN
243.22,30.57,35.05,37.50,20.00,AUTO,1,100,NaN,383.63,0.00,-30.37,353.26,NaN,NaN,NaN,NaN,NaN,NaN,NaN,NaN,NaN,NaN
244.22,30.60,35.05,37.50,20.00,AUTO,1,100,NaN,383.63,0.00,-30.37,353.26,NaN,NaN,NaN,NaN,NaN,NaN,NaN,NaN,NaN,NaN
245.22,30.62,34.98,37.50,20.00,AUTO,1,100,NaN,383.63,0.00,-30.37,353.26,NaN,NaN,NaN,NaN,NaN,NaN,NaN,NaN,NaN,NaN
246.22,30.65,34.94,37.50,20.00,AUTO,1,100,NaN,383.63,0.00,-30.37,353.26,NaN,NaN,NaN,NaN,NaN,NaN,NaN,NaN,NaN,NaN
247.22,30.68,34.93,37.50,20.00,AUTO,1,100,NaN,383.63,0.00,-30.37,353.26,NaN,NaN,NaN,NaN,NaN,NaN,NaN,NaN,NaN,NaN
248.22,30.70,34.86,37.50,20.00,AUTO,1,100,NaN,383.63,0.00,-30.37,353.26,NaN,NaN,NaN,NaN,NaN,NaN,NaN,NaN,NaN,NaN
249.22,30.74,34.82,37.50,20.00,AUTO,1,100,NaN,383.63,0.00,-30.37,353.26,NaN,NaN,NaN,NaN,NaN,NaN,NaN,NaN,NaN,NaN
250.22,30.76,34.79,37.50,20.00,AUTO,1,100,NaN,383.63,0.00,-30.37,353.26,NaN,NaN,NaN,NaN,NaN,NaN,NaN,NaN,NaN,NaN
251.23,30.78,34.73,37.50,20.00,AUTO,1,100,NaN,383.63,0.00,-30.37,353.26,NaN,NaN,NaN,NaN,NaN,NaN,NaN,NaN,NaN,NaN
252.23,30.81,34.73,37.50,20.00,AUTO,1,100,NaN,383.63,0.00,-30.37,353.26,NaN,NaN,NaN,NaN,NaN,NaN,NaN,NaN,NaN,NaN
253.23,30.85,34.69,37.50,20.00,AUTO,1,100,NaN,383.63,0.00,-30.37,353.26,NaN,NaN,NaN,NaN,NaN,NaN,NaN,NaN,NaN,NaN
254.23,30.87,34.67,37.50,20.00,AUTO,1,100,NaN,383.63,0.00,-30.37,353.26,NaN,NaN,NaN,NaN,NaN,NaN,NaN,NaN,NaN,NaN
255.23,30.91,34.64,37.50,20.00,AUTO,1,100,NaN,383.63,0.00,-30.37,353.26,NaN,NaN,NaN,NaN,NaN,NaN,NaN,NaN,NaN,NaN
256.23,30.91,34.57,37.50,20.00,AUTO,1,100,NaN,383.63,0.00,-30.37,353.26,NaN,NaN,NaN,NaN,NaN,NaN,NaN,NaN,NaN,NaN
257.24,30.94,34.57,37.50,20.00,AUTO,1,100,NaN,383.63,0.00,-30.37,353.26,NaN,NaN,NaN,NaN,NaN,NaN,NaN,NaN,NaN,NaN
258.24,30.95,34.50,37.50,20.00,AUTO,1,100,NaN,361.63,0.00,-31.48,330.15,NaN,NaN,NaN,NaN,NaN,NaN,NaN,NaN,NaN,NaN
259.24,30.99,34.50,37.50,20.00,AUTO,1,100,NaN,361.63,0.00,-31.48,330.15,NaN,NaN,NaN,NaN,NaN,NaN,NaN,NaN,NaN,NaN
260.24,31.02,34.46,37.50,20.00,AUTO,1,100,NaN,361.63,0.00,-31.48,330.15,NaN,NaN,NaN,NaN,NaN,NaN,NaN,NaN,NaN,NaN
261.24,31.07,34.43,37.50,20.00,AUTO,1,100,NaN,361.63,0.00,-31.48,330.15,NaN,NaN,NaN,NaN,NaN,NaN,NaN,NaN,NaN,NaN
262.25,31.08,34.38,37.50,20.00,AUTO,1,100,NaN,361.63,0.00,-31.48,330.15,NaN,NaN,NaN,NaN,NaN,NaN,NaN,NaN,NaN,NaN
263.24,31.12,34.38,37.50,20.00,AUTO,1,100,NaN,361.63,0.00,-31.48,330.15,NaN,NaN,NaN,NaN,NaN,NaN,NaN,NaN,NaN,NaN
264.25,31.14,34.34,37.50,20.00,AUTO,1,100,NaN,361.63,0.00,-31.48,330.15,NaN,NaN,NaN,NaN,NaN,NaN,NaN,NaN,NaN,NaN
265.25,31.18,34.26,37.50,20.00,AUTO,1,100,NaN,361.63,0.00,-31.48,330.15,NaN,NaN,NaN,NaN,NaN,NaN,NaN,NaN,NaN,NaN
266.25,31.22,34.22,37.50,20.00,AUTO,1,100,NaN,361.63,0.00,-31.48,330.15,NaN,NaN,NaN,NaN,NaN,NaN,NaN,NaN,NaN,NaN
267.25,31.22,34.18,37.50,20.00,AUTO,1,100,NaN,361.63,0.00,-31.48,330.15,NaN,NaN,NaN,NaN,NaN,NaN,NaN,NaN,NaN,NaN
268.25,31.22,34.18,37.50,20.00,AUTO,1,100,NaN,361.63,0.00,-31.48,330.15,NaN,NaN,NaN,NaN,NaN,NaN,NaN,NaN,NaN,NaN
269.25,31.22,34.10,37.50,20.00,AUTO,1,100,NaN,361.63,0.00,-31.48,330.15,NaN,NaN,NaN,NaN,NaN,NaN,NaN,NaN,NaN,NaN
270.26,31.23,34.12,37.50,20.00,AUTO,1,100,NaN,361.63,0.00,-31.48,330.15,NaN,NaN,NaN,NaN,NaN,NaN,NaN,NaN,NaN,NaN
271.26,31.23,34.08,37.50,20.00,AUTO,1,100,NaN,361.63,0.00,-31.48,330.15,NaN,NaN,NaN,NaN,NaN,NaN,NaN,NaN,NaN,NaN
272.26,31.23,34.04,37.50,20.00,AUTO,1,100,NaN,361.63,0.00,-31.48,330.15,NaN,NaN,NaN,NaN,NaN,NaN,NaN,NaN,NaN,NaN
273.26,31.28,34.00,37.50,20.00,AUTO,1,100,NaN,344.85,0.00,-27.37,317.48,NaN,NaN,NaN,NaN,NaN,NaN,NaN,NaN,NaN,NaN
274.26,31.31,33.96,37.50,20.00,AUTO,1,100,NaN,344.85,0.00,-27.37,317.48,NaN,NaN,NaN,NaN,NaN,NaN,NaN,NaN,NaN,NaN
275.27,31.34,33.92,37.50,20.00,AUTO,1,100,NaN,344.85,0.00,-27.37,317.48,NaN,NaN,NaN,NaN,NaN,NaN,NaN,NaN,NaN,NaN
276.26,31.35,33.92,37.50,20.00,AUTO,1,100,NaN,344.85,0.00,-27.37,317.48,NaN,NaN,NaN,NaN,NaN,NaN,NaN,NaN,NaN,NaN
277.27,31.38,33.88,37.50,20.00,AUTO,1,100,NaN,344.85,0.00,-27.37,317.48,NaN,NaN,NaN,NaN,NaN,NaN,NaN,NaN,NaN,NaN
278.27,31.42,33.86,37.50,20.00,AUTO,1,100,NaN,344.85,0.00,-27.37,317.48,NaN,NaN,NaN,NaN,NaN,NaN,NaN,NaN,NaN,NaN
279.27,31.44,33.82,37.50,20.00,AUTO,1,100,NaN,344.85,0.00,-27.37,317.48,NaN,NaN,NaN,NaN,NaN,NaN,NaN,NaN,NaN,NaN
280.27,31.46,33.78,37.50,20.00,AUTO,1,100,NaN,344.85,0.00,-27.37,317.48,NaN,NaN,NaN,NaN,NaN,NaN,NaN,NaN,NaN,NaN
281.27,31.48,33.74,37.50,20.00,AUTO,1,100,NaN,344.85,0.00,-27.37,317.48,NaN,NaN,NaN,NaN,NaN,NaN,NaN,NaN,NaN,NaN
282.27,31.50,33.70,37.50,20.00,AUTO,1,100,NaN,344.85,0.00,-27.37,317.48,NaN,NaN,NaN,NaN,NaN,NaN,NaN,NaN,NaN,NaN
283.28,31.51,33.70,37.50,20.00,AUTO,1,100,NaN,344.85,0.00,-27.37,317.48,NaN,NaN,NaN,NaN,NaN,NaN,NaN,NaN,NaN,NaN
284.28,31.54,33.66,37.50,20.00,AUTO,1,100,NaN,344.85,0.00,-27.37,317.48,NaN,NaN,NaN,NaN,NaN,NaN,NaN,NaN,NaN,NaN
285.28,31.56,33.63,37.50,20.00,AUTO,1,100,NaN,344.85,0.00,-27.37,317.48,NaN,NaN,NaN,NaN,NaN,NaN,NaN,NaN,NaN,NaN
286.28,31.58,33.60,37.50,20.00,AUTO,1,100,NaN,344.85,0.00,-27.37,317.48,NaN,NaN,NaN,NaN,NaN,NaN,NaN,NaN,NaN,NaN
287.28,31.60,33.60,37.50,20.00,AUTO,1,100,NaN,344.85,0.00,-27.37,317.48,NaN,NaN,NaN,NaN,NaN,NaN,NaN,NaN,NaN,NaN
288.28,31.61,33.55,37.50,20.00,AUTO,1,100,NaN,325.05,0.00,-26.60,298.45,NaN,NaN,NaN,NaN,NaN,NaN,NaN,NaN,NaN,NaN
289.29,31.65,33.51,37.50,20.00,AUTO,1,100,NaN,325.05,0.00,-26.60,298.45,NaN,NaN,NaN,NaN,NaN,NaN,NaN,NaN,NaN,NaN
290.29,31.67,33.51,37.50,20.00,AUTO,1,100,NaN,325.05,0.00,-26.60,298.45,NaN,NaN,NaN,NaN,NaN,NaN,NaN,NaN,NaN,NaN
291.29,31.69,33.47,37.50,20.00,AUTO,1,100,NaN,325.05,0.00,-26.60,298.45,NaN,NaN,NaN,NaN,NaN,NaN,NaN,NaN,NaN,NaN
292.29,31.71,33.44,37.50,20.00,AUTO,1,100,NaN,325.05,0.00,-26.60,298.45,NaN,NaN,NaN,NaN,NaN,NaN,NaN,NaN,NaN,NaN
293.29,31.74,33.41,37.50,20.00,AUTO,1,100,NaN,325.05,0.00,-26.60,298.45,NaN,NaN,NaN,NaN,NaN,NaN,NaN,NaN,NaN,NaN
294.29,31.78,33.38,37.50,20.00,AUTO,1,100,NaN,325.05,0.00,-26.60,298.45,NaN,NaN,NaN,NaN,NaN,NaN,NaN,NaN,NaN,NaN
295.29,31.80,33.29,37.50,20.00,AUTO,1,100,NaN,325.05,0.00,-26.60,298.45,NaN,NaN,NaN,NaN,NaN,NaN,NaN,NaN,NaN,NaN
296.30,31.83,33.29,37.50,20.00,AUTO,1,100,NaN,325.05,0.00,-26.60,298.45,NaN,NaN,NaN,NaN,NaN,NaN,NaN,NaN,NaN,NaN
297.30,31.84,33.22,37.50,20.00,AUTO,1,100,NaN,325.05,0.00,-26.60,298.45,NaN,NaN,NaN,NaN,NaN,NaN,NaN,NaN,NaN,NaN
298.30,31.85,33.22,37.50,20.00,AUTO,1,100,NaN,325.05,0.00,-26.60,298.45,NaN,NaN,NaN,NaN,NaN,NaN,NaN,NaN,NaN,NaN
299.30,31.87,33.17,37.50,20.00,AUTO,1,100,NaN,325.05,0.00,-26.60,298.45,NaN,NaN,NaN,NaN,NaN,NaN,NaN,NaN,NaN,NaN
300.30,31.90,33.19,37.50,20.00,AUTO,1,100,NaN,325.05,0.00,-26.60,298.45,NaN,NaN,NaN,NaN,NaN,NaN,NaN,NaN,NaN,NaN
301.30,31.93,33.15,37.50,20.00,AUTO,1,100,NaN,325.05,0.00,-26.60,298.45,NaN,NaN,NaN,NaN,NaN,NaN,NaN,NaN,NaN,NaN
302.31,31.94,33.11,37.50,20.00,AUTO,1,100,NaN,325.05,0.00,-26.60,298.45,NaN,NaN,NaN,NaN,NaN,NaN,NaN,NaN,NaN,NaN
303.31,31.97,33.07,37.50,20.00,AUTO,1,100,NaN,306.08,0.00,-27.70,278.38,NaN,NaN,NaN,NaN,NaN,NaN,NaN,NaN,NaN,NaN
304.31,31.99,33.03,37.50,20.00,AUTO,1,100,NaN,306.08,0.00,-27.70,278.38,NaN,NaN,NaN,NaN,NaN,NaN,NaN,NaN,NaN,NaN
305.31,32.02,32.99,37.50,20.00,AUTO,1,100,NaN,306.08,0.00,-27.70,278.38,NaN,NaN,NaN,NaN,NaN,NaN,NaN,NaN,NaN,NaN
306.31,32.03,32.95,37.50,20.00,AUTO,1,100,NaN,306.08,0.00,-27.70,278.38,NaN,NaN,NaN,NaN,NaN,NaN,NaN,NaN,NaN,NaN
307.31,32.07,32.97,37.50,20.00,AUTO,1,100,NaN,306.08,0.00,-27.70,278.38,NaN,NaN,NaN,NaN,NaN,NaN,NaN,NaN,NaN,NaN
308.31,32.08,32.93,37.50,20.00,AUTO,1,100,NaN,306.08,0.00,-27.70,278.38,NaN,NaN,NaN,NaN,NaN,NaN,NaN,NaN,NaN,NaN
309.31,32.10,32.89,37.50,20.00,AUTO,1,100,NaN,306.08,0.00,-27.70,278.38,NaN,NaN,NaN,NaN,NaN,NaN,NaN,NaN,NaN,NaN
310.32,32.12,32.85,37.50,20.00,AUTO,1,100,NaN,306.08,0.00,-27.70,278.38,NaN,NaN,NaN,NaN,NaN,NaN,NaN,NaN,NaN,NaN
311.32,32.13,32.80,37.50,20.00,AUTO,1,100,NaN,306.08,0.00,-27.70,278.38,NaN,NaN,NaN,NaN,NaN,NaN,NaN,NaN,NaN,NaN
312.32,32.16,32.80,37.50,20.00,AUTO,1,100,NaN,306.08,0.00,-27.70,278.38,NaN,NaN,NaN,NaN,NaN,NaN,NaN,NaN,NaN,NaN
313.32,32.18,32.80,37.50,20.00,AUTO,1,100,NaN,306.08,0.00,-27.70,278.38,NaN,NaN,NaN,NaN,NaN,NaN,NaN,NaN,NaN,NaN
314.32,32.22,32.76,37.50,20.00,AUTO,1,100,NaN,306.08,0.00,-27.70,278.38,NaN,NaN,NaN,NaN,NaN,NaN,NaN,NaN,NaN,NaN
315.33,32.23,32.73,37.50,20.00,AUTO,1,100,NaN,306.08,0.00,-27.70,278.38,NaN,NaN,NaN,NaN,NaN,NaN,NaN,NaN,NaN,NaN
316.33,32.24,32.69,37.50,20.00,AUTO,1,100,NaN,306.08,0.00,-27.70,278.38,NaN,NaN,NaN,NaN,NaN,NaN,NaN,NaN,NaN,NaN
317.33,32.26,32.70,37.50,20.00,AUTO,1,100,NaN,306.08,0.00,-27.70,278.38,NaN,NaN,NaN,NaN,NaN,NaN,NaN,NaN,NaN,NaN
318.33,32.27,32.62,37.50,20.00,AUTO,1,100,NaN,288.75,0.00,-26.03,262.72,NaN,NaN,NaN,NaN,NaN,NaN,NaN,NaN,NaN,NaN
319.33,32.30,32.62,37.50,20.00,AUTO,1,100,NaN,288.75,0.00,-26.03,262.72,NaN,NaN,NaN,NaN,NaN,NaN,NaN,NaN,NaN,NaN
320.33,32.31,32.58,37.50,20.00,AUTO,1,100,NaN,288.75,0.00,-26.03,262.72,NaN,NaN,NaN,NaN,NaN,NaN,NaN,NaN,NaN,NaN
321.34,32.33,32.54,37.50,20.00,AUTO,1,100,NaN,288.75,0.00,-26.03,262.72,NaN,NaN,NaN,NaN,NaN,NaN,NaN,NaN,NaN,NaN
322.34,32.34,32.54,37.50,20.00,AUTO,1,100,NaN,288.75,0.00,-26.03,262.72,NaN,NaN,NaN,NaN,NaN,NaN,NaN,NaN,NaN,NaN
323.34,32.38,32.50,37.50,20.00,AUTO,1,100,NaN,288.75,0.00,-26.03,262.72,NaN,NaN,NaN,NaN,NaN,NaN,NaN,NaN,NaN,NaN
324.34,32.40,32.48,37.50,20.00,AUTO,1,100,NaN,288.75,0.00,-26.03,262.72,NaN,NaN,NaN,NaN,NaN,NaN,NaN,NaN,NaN,NaN
325.34,32.43,32.44,37.50,20.00,AUTO,1,100,NaN,288.75,0.00,-26.03,262.72,NaN,NaN,NaN,NaN,NaN,NaN,NaN,NaN,NaN,NaN
326.34,32.43,32.40,37.50,20.00,AUTO,1,100,NaN,288.75,0.00,-26.03,262.72,NaN,NaN,NaN,NaN,NaN,NaN,NaN,NaN,NaN,NaN
327.34,32.45,32.40,37.50,20.00,AUTO,1,100,NaN,288.75,0.00,-26.03,262.72,NaN,NaN,NaN,NaN,NaN,NaN,NaN,NaN,NaN,NaN
328.35,32.46,32.35,37.50,20.00,AUTO,1,100,NaN,288.75,0.00,-26.03,262.72,NaN,NaN,NaN,NaN,NaN,NaN,NaN,NaN,NaN,NaN
329.35,32.49,32.35,37.50,20.00,AUTO,1,100,NaN,288.75,0.00,-26.03,262.72,NaN,NaN,NaN,NaN,NaN,NaN,NaN,NaN,NaN,NaN
330.35,32.50,32.31,37.50,20.00,AUTO,1,100,NaN,288.75,0.00,-26.03,262.72,NaN,NaN,NaN,NaN,NaN,NaN,NaN,NaN,NaN,NaN
331.35,32.54,32.31,37.50,20.00,AUTO,1,100,NaN,288.75,0.00,-26.03,262.72,NaN,NaN,NaN,NaN,NaN,NaN,NaN,NaN,NaN,NaN
332.35,32.55,32.28,37.50,20.00,AUTO,1,100,NaN,288.75,0.00,-26.03,262.72,NaN,NaN,NaN,NaN,NaN,NaN,NaN,NaN,NaN,NaN
333.35,32.57,32.24,37.50,20.00,AUTO,1,100,NaN,272.52,0.00,-22.87,249.65,NaN,NaN,NaN,NaN,NaN,NaN,NaN,NaN,NaN,NaN
334.36,32.59,32.22,37.50,20.00,AUTO,1,100,NaN,272.52,0.00,-22.87,249.65,NaN,NaN,NaN,NaN,NaN,NaN,NaN,NaN,NaN,NaN
335.36,32.60,32.22,37.50,20.00,AUTO,1,100,NaN,272.52,0.00,-22.87,249.65,NaN,NaN,NaN,NaN,NaN,NaN,NaN,NaN,NaN,NaN
336.36,32.62,32.17,37.50,20.00,AUTO,1,100,NaN,272.52,0.00,-22.87,249.65,NaN,NaN,NaN,NaN,NaN,NaN,NaN,NaN,NaN,NaN
337.36,32.64,32.13,37.50,20.00,AUTO,1,100,NaN,272.52,0.00,-22.87,249.65,NaN,NaN,NaN,NaN,NaN,NaN,NaN,NaN,NaN,NaN
338.36,32.67,32.09,37.50,20.00,AUTO,1,100,NaN,272.52,0.00,-22.87,249.65,NaN,NaN,NaN,NaN,NaN,NaN,NaN,NaN,NaN,NaN
339.36,32.70,32.06,37.50,20.00,AUTO,1,100,NaN,272.52,0.00,-22.87,249.65,NaN,NaN,NaN,NaN,NaN,NaN,NaN,NaN,NaN,NaN
340.56,32.71,32.06,37.50,20.00,AUTO,1,100,NaN,272.52,0.00,-22.87,249.65,NaN,NaN,NaN,NaN,NaN,NaN,NaN,NaN,NaN,NaN
341.36,32.71,32.01,37.50,20.00,AUTO,1,100,NaN,272.52,0.00,-22.87,249.65,NaN,NaN,NaN,NaN,NaN,NaN,NaN,NaN,NaN,NaN
342.37,32.73,31.97,37.50,20.00,AUTO,1,100,NaN,272.52,0.00,-22.87,249.65,NaN,NaN,NaN,NaN,NaN,NaN,NaN,NaN,NaN,NaN
343.37,32.75,31.99,37.50,20.00,AUTO,1,100,NaN,272.52,0.00,-22.87,249.65,NaN,NaN,NaN,NaN,NaN,NaN,NaN,NaN,NaN,NaN
344.37,32.77,31.99,37.50,20.00,AUTO,1,100,NaN,272.52,0.00,-22.87,249.65,NaN,NaN,NaN,NaN,NaN,NaN,NaN,NaN,NaN,NaN
345.37,32.78,31.95,37.50,20.00,AUTO,1,100,NaN,272.52,0.00,-22.87,249.65,NaN,NaN,NaN,NaN,NaN,NaN,NaN,NaN,NaN,NaN
346.37,32.81,31.95,37.50,20.00,AUTO,1,100,NaN,272.52,0.00,-22.87,249.65,NaN,NaN,NaN,NaN,NaN,NaN,NaN,NaN,NaN,NaN
347.38,32.84,31.91,37.50,20.00,AUTO,1,100,NaN,272.52,0.00,-22.87,249.65,NaN,NaN,NaN,NaN,NaN,NaN,NaN,NaN,NaN,NaN
348.38,32.86,31.91,37.50,20.00,AUTO,1,100,NaN,257.13,0.00,-22.69,234.43,NaN,NaN,NaN,NaN,NaN,NaN,NaN,NaN,NaN,NaN
349.38,32.87,31.87,37.50,20.00,AUTO,1,100,NaN,257.13,0.00,-22.69,234.43,NaN,NaN,NaN,NaN,NaN,NaN,NaN,NaN,NaN,NaN
350.38,32.90,31.83,37.50,20.00,AUTO,1,100,NaN,257.13,0.00,-22.69,234.43,NaN,NaN,NaN,NaN,NaN,NaN,NaN,NaN,NaN,NaN
351.38,32.90,31.79,37.50,20.00,AUTO,1,100,NaN,257.13,0.00,-22.69,234.43,NaN,NaN,NaN,NaN,NaN,NaN,NaN,NaN,NaN,NaN
352.38,32.91,31.79,37.50,20.00,AUTO,1,100,NaN,257.13,0.00,-22.69,234.43,NaN,NaN,NaN,NaN,NaN,NaN,NaN,NaN,NaN,NaN
353.39,32.92,31.77,37.50,20.00,AUTO,1,100,NaN,257.13,0.00,-22.69,234.43,NaN,NaN,NaN,NaN,NaN,NaN,NaN,NaN,NaN,NaN
354.38,32.94,31.73,37.50,20.00,AUTO,1,100,NaN,257.13,0.00,-22.69,234.43,NaN,NaN,NaN,NaN,NaN,NaN,NaN,NaN,NaN,NaN
355.39,32.98,31.73,37.50,20.00,AUTO,1,100,NaN,257.13,0.00,-22.69,234.43,NaN,NaN,NaN,NaN,NaN,NaN,NaN,NaN,NaN,NaN
356.39,32.98,31.68,37.50,20.00,AUTO,1,100,NaN,257.13,0.00,-22.69,234.43,NaN,NaN,NaN,NaN,NaN,NaN,NaN,NaN,NaN,NaN
357.39,33.00,31.64,37.50,20.00,AUTO,1,100,NaN,257.13,0.00,-22.69,234.43,NaN,NaN,NaN,NaN,NaN,NaN,NaN,NaN,NaN,NaN
358.40,33.03,31.64,37.50,20.00,AUTO,1,100,NaN,257.13,0.00,-22.69,234.43,NaN,NaN,NaN,NaN,NaN,NaN,NaN,NaN,NaN,NaN
359.39,33.04,31.64,37.50,20.00,AUTO,1,100,NaN,257.13,0.00,-22.69,234.43,NaN,NaN,NaN,NaN,NaN,NaN,NaN,NaN,NaN,NaN
360.40,33.04,31.61,37.50,20.00,AUTO,1,100,NaN,257.13,0.00,-22.69,234.43,NaN,NaN,NaN,NaN,NaN,NaN,NaN,NaN,NaN,NaN
361.40,33.06,31.61,37.50,20.00,AUTO,1,100,NaN,257.13,0.00,-22.69,234.43,NaN,NaN,NaN,NaN,NaN,NaN,NaN,NaN,NaN,NaN
362.40,33.07,31.57,37.50,20.00,AUTO,1,100,NaN,257.13,0.00,-22.69,234.43,NaN,NaN,NaN,NaN,NaN,NaN,NaN,NaN,NaN,NaN
363.40,33.09,31.58,37.50,20.00,AUTO,1,100,NaN,243.93,0.00,-20.35,223.58,NaN,NaN,NaN,NaN,NaN,NaN,NaN,NaN,NaN,NaN
364.40,33.11,31.54,37.50,20.00,AUTO,1,100,NaN,243.93,0.00,-20.35,223.58,NaN,NaN,NaN,NaN,NaN,NaN,NaN,NaN,NaN,NaN
365.40,33.12,31.54,37.50,20.00,AUTO,1,100,NaN,243.93,0.00,-20.35,223.58,NaN,NaN,NaN,NaN,NaN,NaN,NaN,NaN,NaN,NaN
366.41,33.13,31.54,37.50,20.00,AUTO,1,100,NaN,243.93,0.00,-20.35,223.58,NaN,NaN,NaN,NaN,NaN,NaN,NaN,NaN,NaN,NaN
367.41,33.14,31.50,37.50,20.00,AUTO,1,100,NaN,243.93,0.00,-20.35,223.58,NaN,NaN,NaN,NaN,NaN,NaN,NaN,NaN,NaN,NaN
368.41,33.15,31.50,37.50,20.00,AUTO,1,100,NaN,243.93,0.00,-20.35,223.58,NaN,NaN,NaN,NaN,NaN,NaN,NaN,NaN,NaN,NaN
369.41,33.17,31.46,37.50,20.00,AUTO,1,100,NaN,243.93,0.00,-20.35,223.58,NaN,NaN,NaN,NaN,NaN,NaN,NaN,NaN,NaN,NaN
370.41,33.19,31.46,37.50,20.00,AUTO,1,100,NaN,243.93,0.00,-20.35,223.58,NaN,NaN,NaN,NaN,NaN,NaN,NaN,NaN,NaN,NaN
371.41,33.20,31.42,37.50,20.00,AUTO,1,100,NaN,243.93,0.00,-20.35,223.58,NaN,NaN,NaN,NaN,NaN,NaN,NaN,NaN,NaN,NaN
372.41,33.22,31.42,37.50,20.00,AUTO,1,100,NaN,243.93,0.00,-20.35,223.58,NaN,NaN,NaN,NaN,NaN,NaN,NaN,NaN,NaN,NaN
373.41,33.23,31.38,37.50,20.00,AUTO,1,100,NaN,243.93,0.00,-20.35,223.58,NaN,NaN,NaN,NaN,NaN,NaN,NaN,NaN,NaN,NaN
374.42,33.25,31.38,37.50,20.00,AUTO,1,100,NaN,243.93,0.00,-20.35,223.58,NaN,NaN,NaN,NaN,NaN,NaN,NaN,NaN,NaN,NaN
375.42,33.26,31.34,37.50,20.00,AUTO,1,100,NaN,243.93,0.00,-20.35,223.58,NaN,NaN,NaN,NaN,NaN,NaN,NaN,NaN,NaN,NaN
376.42,33.28,31.32,37.50,20.00,AUTO,1,100,NaN,243.93,0.00,-20.35,223.58,NaN,NaN,NaN,NaN,NaN,NaN,NaN,NaN,NaN,NaN
377.42,33.30,31.32,37.50,20.00,AUTO,1,100,NaN,243.93,0.00,-20.35,223.58,NaN,NaN,NaN,NaN,NaN,NaN,NaN,NaN,NaN,NaN
378.42,33.31,31.28,37.50,20.00,AUTO,1,100,NaN,231.55,0.00,-17.16,214.39,NaN,NaN,NaN,NaN,NaN,NaN,NaN,NaN,NaN,NaN
379.43,33.33,31.28,37.50,20.00,AUTO,1,100,NaN,231.55,0.00,-17.16,214.39,NaN,NaN,NaN,NaN,NaN,NaN,NaN,NaN,NaN,NaN
380.43,33.34,31.24,37.50,20.00,AUTO,1,100,NaN,231.55,0.00,-17.16,214.39,NaN,NaN,NaN,NaN,NaN,NaN,NaN,NaN,NaN,NaN
381.43,33.35,31.24,37.50,20.00,AUTO,1,100,NaN,231.55,0.00,-17.16,214.39,NaN,NaN,NaN,NaN,NaN,NaN,NaN,NaN,NaN,NaN
382.43,33.35,31.19,37.50,20.00,AUTO,1,100,NaN,231.55,0.00,-17.16,214.39,NaN,NaN,NaN,NaN,NaN,NaN,NaN,NaN,NaN,NaN
383.43,33.37,31.19,37.50,20.00,AUTO,1,100,NaN,231.55,0.00,-17.16,214.39,NaN,NaN,NaN,NaN,NaN,NaN,NaN,NaN,NaN,NaN
384.43,33.38,31.19,37.50,20.00,AUTO,1,100,NaN,231.55,0.00,-17.16,214.39,NaN,NaN,NaN,NaN,NaN,NaN,NaN,NaN,NaN,NaN
385.44,33.41,31.19,37.50,20.00,AUTO,1,100,NaN,231.55,0.00,-17.16,214.39,NaN,NaN,NaN,NaN,NaN,NaN,NaN,NaN,NaN,NaN
386.44,33.41,31.19,37.50,20.00,AUTO,1,100,NaN,231.55,0.00,-17.16,214.39,NaN,NaN,NaN,NaN,NaN,NaN,NaN,NaN,NaN,NaN
387.44,33.43,31.17,37.50,20.00,AUTO,1,100,NaN,231.55,0.00,-17.16,214.39,NaN,NaN,NaN,NaN,NaN,NaN,NaN,NaN,NaN,NaN
388.44,33.46,31.13,37.50,20.00,AUTO,1,100,NaN,231.55,0.00,-17.16,214.39,NaN,NaN,NaN,NaN,NaN,NaN,NaN,NaN,NaN,NaN
389.44,33.47,31.13,37.50,20.00,AUTO,1,100,NaN,231.55,0.00,-17.16,214.39,NaN,NaN,NaN,NaN,NaN,NaN,NaN,NaN,NaN,NaN
390.44,33.49,31.13,37.50,20.00,AUTO,1,100,NaN,231.55,0.00,-17.16,214.39,NaN,NaN,NaN,NaN,NaN,NaN,NaN,NaN,NaN,NaN
391.44,33.51,31.05,37.50,20.00,AUTO,1,100,NaN,231.55,0.00,-17.16,214.39,NaN,NaN,NaN,NaN,NaN,NaN,NaN,NaN,NaN,NaN
392.45,33.55,31.05,37.50,20.00,AUTO,1,100,NaN,231.55,0.00,-17.16,214.39,NaN,NaN,NaN,NaN,NaN,NaN,NaN,NaN,NaN,NaN
393.45,33.57,31.01,37.50,20.00,AUTO,1,100,NaN,218.35,0.00,-18.30,200.05,NaN,NaN,NaN,NaN,NaN,NaN,NaN,NaN,NaN,NaN
394.45,33.58,30.97,37.50,20.00,AUTO,1,100,NaN,218.35,0.00,-18.30,200.05,NaN,NaN,NaN,NaN,NaN,NaN,NaN,NaN,NaN,NaN
395.45,33.59,30.97,37.50,20.00,AUTO,1,100,NaN,218.35,0.00,-18.30,200.05,NaN,NaN,NaN,NaN,NaN,NaN,NaN,NaN,NaN,NaN
396.45,33.60,30.93,37.50,20.00,AUTO,1,100,NaN,218.35,0.00,-18.30,200.05,NaN,NaN,NaN,NaN,NaN,NaN,NaN,NaN,NaN,NaN
397.45,33.62,30.91,37.50,20.00,AUTO,1,100,NaN,218.35,0.00,-18.30,200.05,NaN,NaN,NaN,NaN,NaN,NaN,NaN,NaN,NaN,NaN
398.46,33.64,30.91,37.50,20.00,AUTO,1,100,NaN,218.35,0.00,-18.30,200.05,NaN,NaN,NaN,NaN,NaN,NaN,NaN,NaN,NaN,NaN
399.46,33.65,30.87,37.50,20.00,AUTO,1,100,NaN,218.35,0.00,-18.30,200.05,NaN,NaN,NaN,NaN,NaN,NaN,NaN,NaN,NaN,NaN
400.46,33.66,30.83,37.50,20.00,AUTO,1,100,NaN,218.35,0.00,-18.30,200.05,NaN,NaN,NaN,NaN,NaN,NaN,NaN,NaN,NaN,NaN
401.46,33.67,30.83,37.50,20.00,AUTO,1,100,NaN,218.35,0.00,-18.30,200.05,NaN,NaN,NaN,NaN,NaN,NaN,NaN,NaN,NaN,NaN
402.46,33.68,30.83,37.50,20.00,AUTO,1,100,NaN,218.35,0.00,-18.30,200.05,NaN,NaN,NaN,NaN,NaN,NaN,NaN,NaN,NaN,NaN
403.46,33.71,30.79,37.50,20.00,AUTO,1,100,NaN,218.35,0.00,-18.30,200.05,NaN,NaN,NaN,NaN,NaN,NaN,NaN,NaN,NaN,NaN
404.47,33.71,30.79,37.50,20.00,AUTO,1,100,NaN,218.35,0.00,-18.30,200.05,NaN,NaN,NaN,NaN,NaN,NaN,NaN,NaN,NaN,NaN
405.46,33.72,30.79,37.50,20.00,AUTO,1,100,NaN,218.35,0.00,-18.30,200.05,NaN,NaN,NaN,NaN,NaN,NaN,NaN,NaN,NaN,NaN
406.47,33.74,30.80,37.50,20.00,AUTO,1,100,NaN,218.35,0.00,-18.30,200.05,NaN,NaN,NaN,NaN,NaN,NaN,NaN,NaN,NaN,NaN
407.47,33.76,30.80,37.50,20.00,AUTO,1,100,NaN,218.35,0.00,-18.30,200.05,NaN,NaN,NaN,NaN,NaN,NaN,NaN,NaN,NaN,NaN
408.47,33.79,30.80,37.50,20.00,AUTO,1,100,NaN,206.25,0.00,-18.26,187.99,NaN,NaN,NaN,NaN,NaN,NaN,NaN,NaN,NaN,NaN
409.47,33.79,30.77,37.50,20.00,AUTO,1,100,NaN,206.25,0.00,-18.26,187.99,NaN,NaN,NaN,NaN,NaN,NaN,NaN,NaN,NaN,NaN
410.47,33.80,30.72,37.50,20.00,AUTO,1,100,NaN,206.25,0.00,-18.26,187.99,NaN,NaN,NaN,NaN,NaN,NaN,NaN,NaN,NaN,NaN
411.48,33.83,30.72,37.50,20.00,AUTO,1,100,NaN,206.25,0.00,-18.26,187.99,NaN,NaN,NaN,NaN,NaN,NaN,NaN,NaN,NaN,NaN
412.48,33.85,30.68,37.50,20.00,AUTO,1,100,NaN,206.25,0.00,-18.26,187.99,NaN,NaN,NaN,NaN,NaN,NaN,NaN,NaN,NaN,NaN
413.48,33.86,30.64,37.50,20.00,AUTO,1,100,NaN,206.25,0.00,-18.26,187.99,NaN,NaN,NaN,NaN,NaN,NaN,NaN,NaN,NaN,NaN
414.48,33.89,30.64,37.50,20.00,AUTO,1,100,NaN,206.25,0.00,-18.26,187.99,NaN,NaN,NaN,NaN,NaN,NaN,NaN,NaN,NaN,NaN
415.48,33.92,30.60,37.50,20.00,AUTO,1,100,NaN,206.25,0.00,-18.26,187.99,NaN,NaN,NaN,NaN,NaN,NaN,NaN,NaN,NaN,NaN
416.48,33.94,30.58,37.50,20.00,AUTO,1,100,NaN,206.25,0.00,-18.26,187.99,NaN,NaN,NaN,NaN,NaN,NaN,NaN,NaN,NaN,NaN
417.49,33.95,30.58,37.50,20.00,AUTO,1,100,NaN,206.25,0.00,-18.26,187.99,NaN,NaN,NaN,NaN,NaN,NaN,NaN,NaN,NaN,NaN
418.48,33.95,30.54,37.50,20.00,AUTO,1,100,NaN,206.25,0.00,-18.26,187.99,NaN,NaN,NaN,NaN,NaN,NaN,NaN,NaN,NaN,NaN
419.49,33.95,30.54,37.50,20.00,AUTO,1,100,NaN,206.25,0.00,-18.26,187.99,NaN,NaN,NaN,NaN,NaN,NaN,NaN,NaN,NaN,NaN
420.49,33.96,30.50,37.50,20.00,AUTO,1,100,NaN,206.25,0.00,-18.26,187.99,NaN,NaN,NaN,NaN,NaN,NaN,NaN,NaN,NaN,NaN
421.49,33.99,30.45,37.50,20.00,AUTO,1,100,NaN,206.25,0.00,-18.26,187.99,NaN,NaN,NaN,NaN,NaN,NaN,NaN,NaN,NaN,NaN
422.49,34.01,30.45,37.50,20.00,AUTO,1,100,NaN,206.25,0.00,-18.26,187.99,NaN,NaN,NaN,NaN,NaN,NaN,NaN,NaN,NaN,NaN
423.49,34.03,30.42,37.50,20.00,AUTO,1,100,NaN,192.50,0.00,-19.99,172.51,NaN,NaN,NaN,NaN,NaN,NaN,NaN,NaN,NaN,NaN
424.50,34.05,30.42,37.50,20.00,AUTO,1,100,NaN,192.50,0.00,-19.99,172.51,NaN,NaN,NaN,NaN,NaN,NaN,NaN,NaN,NaN,NaN
425.50,34.07,30.42,37.50,20.00,AUTO,1,100,NaN,192.50,0.00,-19.99,172.51,NaN,NaN,NaN,NaN,NaN,NaN,NaN,NaN,NaN,NaN
426.50,34.10,30.39,37.50,20.00,AUTO,1,100,NaN,192.50,0.00,-19.99,172.51,NaN,NaN,NaN,NaN,NaN,NaN,NaN,NaN,NaN,NaN
427.50,34.11,30.39,37.50,20.00,AUTO,1,100,NaN,192.50,0.00,-19.99,172.51,NaN,NaN,NaN,NaN,NaN,NaN,NaN,NaN,NaN,NaN
428.50,34.12,30.35,37.50,20.00,AUTO,1,100,NaN,192.50,0.00,-19.99,172.51,NaN,NaN,NaN,NaN,NaN,NaN,NaN,NaN,NaN,NaN
429.50,34.14,30.35,37.50,20.00,AUTO,1,100,NaN,192.50,0.00,-19.99,172.51,NaN,NaN,NaN,NaN,NaN,NaN,NaN,NaN,NaN,NaN
430.50,34.17,30.32,37.50,20.00,AUTO,1,100,NaN,192.50,0.00,-19.99,172.51,NaN,NaN,NaN,NaN,NaN,NaN,NaN,NaN,NaN,NaN
431.51,34.19,30.32,37.50,20.00,AUTO,1,100,NaN,192.50,0.00,-19.99,172.51,NaN,NaN,NaN,NaN,NaN,NaN,NaN,NaN,NaN,NaN
432.51,34.21,30.27,37.50,20.00,AUTO,1,100,NaN,192.50,0.00,-19.99,172.51,NaN,NaN,NaN,NaN,NaN,NaN,NaN,NaN,NaN,NaN
433.51,34.22,30.23,37.50,20.00,AUTO,1,100,NaN,192.50,0.00,-19.99,172.51,NaN,NaN,NaN,NaN,NaN,NaN,NaN,NaN,NaN,NaN
434.51,34.24,30.23,37.50,20.00,AUTO,1,100,NaN,192.50,0.00,-19.99,172.51,NaN,NaN,NaN,NaN,NaN,NaN,NaN,NaN,NaN,NaN
435.51,34.26,30.19,37.50,20.00,AUTO,1,100,NaN,192.50,0.00,-19.99,172.51,NaN,NaN,NaN,NaN,NaN,NaN,NaN,NaN,NaN,NaN
436.52,34.27,30.15,37.50,20.00,AUTO,1,100,NaN,192.50,0.00,-19.99,172.51,NaN,NaN,NaN,NaN,NaN,NaN,NaN,NaN,NaN,NaN
437.51,34.29,30.15,37.50,20.00,AUTO,1,100,NaN,192.50,0.00,-19.99,172.51,NaN,NaN,NaN,NaN,NaN,NaN,NaN,NaN,NaN,NaN
438.52,34.30,30.16,37.50,20.00,AUTO,1,100,NaN,177.10,0.00,-22.73,154.37,NaN,NaN,NaN,NaN,NaN,NaN,NaN,NaN,NaN,NaN
439.52,34.31,30.13,37.50,20.00,AUTO,1,100,NaN,177.10,0.00,-22.73,154.37,NaN,NaN,NaN,NaN,NaN,NaN,NaN,NaN,NaN,NaN
440.52,34.33,30.13,37.50,20.00,AUTO,1,100,NaN,177.10,0.00,-22.73,154.37,NaN,NaN,NaN,NaN,NaN,NaN,NaN,NaN,NaN,NaN
441.52,34.34,30.09,37.50,20.00,AUTO,1,100,NaN,177.10,0.00,-22.73,154.37,NaN,NaN,NaN,NaN,NaN,NaN,NaN,NaN,NaN,NaN
442.52,34.37,30.09,37.50,20.00,AUTO,1,100,NaN,177.10,0.00,-22.73,154.37,NaN,NaN,NaN,NaN,NaN,NaN,NaN,NaN,NaN,NaN
443.53,34.38,30.05,37.50,20.00,AUTO,1,100,NaN,177.10,0.00,-22.73,154.37,NaN,NaN,NaN,NaN,NaN,NaN,NaN,NaN,NaN,NaN
444.53,34.38,30.05,37.50,20.00,AUTO,1,100,NaN,177.10,0.00,-22.73,154.37,NaN,NaN,NaN,NaN,NaN,NaN,NaN,NaN,NaN,NaN
445.53,34.40,30.00,37.50,20.00,AUTO,1,100,NaN,177.10,0.00,-22.73,154.37,NaN,NaN,NaN,NaN,NaN,NaN,NaN,NaN,NaN,NaN
446.53,34.41,30.00,37.50,20.00,AUTO,1,100,NaN,177.10,0.00,-22.73,154.37,NaN,NaN,NaN,NaN,NaN,NaN,NaN,NaN,NaN,NaN
447.53,34.41,30.00,37.50,20.00,AUTO,1,100,NaN,177.10,0.00,-22.73,154.37,NaN,NaN,NaN,NaN,NaN,NaN,NaN,NaN,NaN,NaN
448.53,34.42,30.00,37.50,20.00,AUTO,1,100,NaN,177.10,0.00,-22.73,154.37,NaN,NaN,NaN,NaN,NaN,NaN,NaN,NaN,NaN,NaN
449.54,34.44,30.00,37.50,20.00,AUTO,1,100,NaN,177.10,0.00,-22.73,154.37,NaN,NaN,NaN,NaN,NaN,NaN,NaN,NaN,NaN,NaN
450.54,34.45,30.00,37.50,20.00,AUTO,1,100,NaN,177.10,0.00,-22.73,154.37,NaN,NaN,NaN,NaN,NaN,NaN,NaN,NaN,NaN,NaN
451.54,34.47,29.98,37.50,20.00,AUTO,1,100,NaN,177.10,0.00,-22.73,154.37,NaN,NaN,NaN,NaN,NaN,NaN,NaN,NaN,NaN,NaN
452.54,34.49,29.98,37.50,20.00,AUTO,1,100,NaN,177.10,0.00,-22.73,154.37,NaN,NaN,NaN,NaN,NaN,NaN,NaN,NaN,NaN,NaN
453.54,34.50,29.94,37.50,20.00,AUTO,1,100,NaN,166.10,0.00,-15.97,150.13,NaN,NaN,NaN,NaN,NaN,NaN,NaN,NaN,NaN,NaN
454.54,34.50,29.94,37.50,20.00,AUTO,1,100,NaN,166.10,0.00,-15.97,150.13,NaN,NaN,NaN,NaN,NaN,NaN,NaN,NaN,NaN,NaN
455.54,34.51,29.94,37.50,20.00,AUTO,1,100,NaN,166.10,0.00,-15.97,150.13,NaN,NaN,NaN,NaN,NaN,NaN,NaN,NaN,NaN,NaN
456.55,34.52,29.94,37.50,20.00,AUTO,1,100,NaN,166.10,0.00,-15.97,150.13,NaN,NaN,NaN,NaN,NaN,NaN,NaN,NaN,NaN,NaN
457.55,34.54,29.90,37.50,20.00,AUTO,1,100,NaN,166.10,0.00,-15.97,150.13,NaN,NaN,NaN,NaN,NaN,NaN,NaN,NaN,NaN,NaN
458.55,34.55,29.90,37.50,20.00,AUTO,1,100,NaN,166.10,0.00,-15.97,150.13,NaN,NaN,NaN,NaN,NaN,NaN,NaN,NaN,NaN,NaN
459.55,34.57,29.90,37.50,20.00,AUTO,1,100,NaN,166.10,0.00,-15.97,150.13,NaN,NaN,NaN,NaN,NaN,NaN,NaN,NaN,NaN,NaN
460.55,34.59,29.86,37.50,20.00,AUTO,1,100,NaN,166.10,0.00,-15.97,150.13,NaN,NaN,NaN,NaN,NaN,NaN,NaN,NaN,NaN,NaN
461.55,34.59,29.82,37.50,20.00,AUTO,1,100,NaN,166.10,0.00,-15.97,150.13,NaN,NaN,NaN,NaN,NaN,NaN,NaN,NaN,NaN,NaN
462.55,34.60,29.82,37.50,20.00,AUTO,1,100,NaN,166.10,0.00,-15.97,150.13,NaN,NaN,NaN,NaN,NaN,NaN,NaN,NaN,NaN,NaN
463.56,34.62,29.82,37.50,20.00,AUTO,1,100,NaN,166.10,0.00,-15.97,150.13,NaN,NaN,NaN,NaN,NaN,NaN,NaN,NaN,NaN,NaN
464.56,34.64,29.84,37.50,20.00,AUTO,1,100,NaN,166.10,0.00,-15.97,150.13,NaN,NaN,NaN,NaN,NaN,NaN,NaN,NaN,NaN,NaN
465.56,34.64,29.78,37.50,20.00,AUTO,1,100,NaN,166.10,0.00,-15.97,150.13,NaN,NaN,NaN,NaN,NaN,NaN,NaN,NaN,NaN,NaN
466.56,34.64,29.80,37.50,20.00,AUTO,1,100,NaN,166.10,0.00,-15.97,150.13,NaN,NaN,NaN,NaN,NaN,NaN,NaN,NaN,NaN,NaN
467.56,34.65,29.76,37.50,20.00,AUTO,1,100,NaN,166.10,0.00,-15.97,150.13,NaN,NaN,NaN,NaN,NaN,NaN,NaN,NaN,NaN,NaN
468.57,34.67,29.76,37.50,20.00,AUTO,1,100,NaN,157.03,0.00,-14.75,142.27,NaN,NaN,NaN,NaN,NaN,NaN,NaN,NaN,NaN,NaN
469.56,34.68,29.76,37.50,20.00,AUTO,1,100,NaN,157.03,0.00,-14.75,142.27,NaN,NaN,NaN,NaN,NaN,NaN,NaN,NaN,NaN,NaN
470.57,34.69,29.72,37.50,20.00,AUTO,1,100,NaN,157.03,0.00,-14.75,142.27,NaN,NaN,NaN,NaN,NaN,NaN,NaN,NaN,NaN,NaN
471.57,34.69,29.72,37.50,20.00,AUTO,1,100,NaN,157.03,0.00,-14.75,142.27,NaN,NaN,NaN,NaN,NaN,NaN,NaN,NaN,NaN,NaN
472.57,34.69,29.72,37.50,20.00,AUTO,1,100,NaN,157.03,0.00,-14.75,142.27,NaN,NaN,NaN,NaN,NaN,NaN,NaN,NaN,NaN,NaN
473.57,34.69,29.72,37.50,20.00,AUTO,1,100,NaN,157.03,0.00,-14.75,142.27,NaN,NaN,NaN,NaN,NaN,NaN,NaN,NaN,NaN,NaN
474.57,34.70,29.72,37.50,20.00,AUTO,1,100,NaN,157.03,0.00,-14.75,142.27,NaN,NaN,NaN,NaN,NaN,NaN,NaN,NaN,NaN,NaN
475.57,34.73,29.68,37.50,20.00,AUTO,0,100,NaN,157.03,0.00,-14.75,142.27,NaN,NaN,NaN,NaN,NaN,NaN,NaN,NaN,NaN,NaN
476.58,34.74,29.68,37.50,20.00,AUTO,0,100,NaN,157.03,0.00,-14.75,142.27,NaN,NaN,NaN,NaN,NaN,NaN,NaN,NaN,NaN,NaN
477.58,34.75,29.68,37.50,20.00,AUTO,0,100,NaN,157.03,0.00,-14.75,142.27,NaN,NaN,NaN,NaN,NaN,NaN,NaN,NaN,NaN,NaN
478.58,34.76,29.68,37.50,20.00,AUTO,0,100,NaN,157.03,0.00,-14.75,142.27,NaN,NaN,NaN,NaN,NaN,NaN,NaN,NaN,NaN,NaN
479.58,34.77,29.64,37.50,20.00,AUTO,0,100,NaN,157.03,0.00,-14.75,142.27,NaN,NaN,NaN,NaN,NaN,NaN,NaN,NaN,NaN,NaN
480.58,34.78,29.65,37.50,20.00,AUTO,0,100,NaN,157.03,0.00,-14.75,142.27,NaN,NaN,NaN,NaN,NaN,NaN,NaN,NaN,NaN,NaN
481.59,34.80,29.61,37.50,20.00,AUTO,0,100,NaN,157.03,0.00,-14.75,142.27,NaN,NaN,NaN,NaN,NaN,NaN,NaN,NaN,NaN,NaN
482.59,34.81,29.61,37.50,20.00,AUTO,0,100,NaN,157.03,0.00,-14.75,142.27,NaN,NaN,NaN,NaN,NaN,NaN,NaN,NaN,NaN,NaN
483.59,34.82,29.61,37.50,20.00,AUTO,0,100,NaN,148.23,0.00,-11.46,136.77,NaN,NaN,NaN,NaN,NaN,NaN,NaN,NaN,NaN,NaN
484.59,34.84,29.61,37.50,20.00,AUTO,0,100,NaN,148.23,0.00,-11.46,136.77,NaN,NaN,NaN,NaN,NaN,NaN,NaN,NaN,NaN,NaN
485.59,34.86,29.61,37.50,20.00,AUTO,0,100,NaN,148.23,0.00,-11.46,136.77,NaN,NaN,NaN,NaN,NaN,NaN,NaN,NaN,NaN,NaN
486.59,34.86,29.57,37.50,20.00,AUTO,0,100,NaN,148.23,0.00,-11.46,136.77,NaN,NaN,NaN,NaN,NaN,NaN,NaN,NaN,NaN,NaN
487.59,34.86,29.57,37.50,20.00,AUTO,0,100,NaN,148.23,0.00,-11.46,136.77,NaN,NaN,NaN,NaN,NaN,NaN,NaN,NaN,NaN,NaN
488.60,34.86,29.57,37.50,20.00,AUTO,0,100,NaN,148.23,0.00,-11.46,136.77,NaN,NaN,NaN,NaN,NaN,NaN,NaN,NaN,NaN,NaN
489.60,34.90,29.57,37.50,20.00,AUTO,0,100,NaN,148.23,0.00,-11.46,136.77,NaN,NaN,NaN,NaN,NaN,NaN,NaN,NaN,NaN,NaN
490.60,34.91,29.53,37.50,20.00,AUTO,0,100,NaN,148.23,0.00,-11.46,136.77,NaN,NaN,NaN,NaN,NaN,NaN,NaN,NaN,NaN,NaN
491.60,34.93,29.53,37.50,20.00,AUTO,0,100,NaN,148.23,0.00,-11.46,136.77,NaN,NaN,NaN,NaN,NaN,NaN,NaN,NaN,NaN,NaN
492.60,34.93,29.49,37.50,20.00,AUTO,0,100,NaN,148.23,0.00,-11.46,136.77,NaN,NaN,NaN,NaN,NaN,NaN,NaN,NaN,NaN,NaN
493.60,34.93,29.49,37.50,20.00,AUTO,0,100,NaN,148.23,0.00,-11.46,136.77,NaN,NaN,NaN,NaN,NaN,NaN,NaN,NaN,NaN,NaN
494.60,34.94,29.49,37.50,20.00,AUTO,0,100,NaN,148.23,0.00,-11.46,136.77,NaN,NaN,NaN,NaN,NaN,NaN,NaN,NaN,NaN,NaN
495.61,34.95,29.49,37.50,20.00,AUTO,0,100,NaN,148.23,0.00,-11.46,136.77,NaN,NaN,NaN,NaN,NaN,NaN,NaN,NaN,NaN,NaN
496.61,34.97,29.49,37.50,20.00,AUTO,0,100,NaN,148.23,0.00,-11.46,136.77,NaN,NaN,NaN,NaN,NaN,NaN,NaN,NaN,NaN,NaN
497.61,34.98,29.47,37.50,20.00,AUTO,0,100,NaN,148.23,0.00,-11.46,136.77,NaN,NaN,NaN,NaN,NaN,NaN,NaN,NaN,NaN,NaN
498.61,34.99,29.47,37.50,20.00,AUTO,0,100,NaN,138.88,0.00,-13.77,125.11,NaN,NaN,NaN,NaN,NaN,NaN,NaN,NaN,NaN,NaN
499.61,35.00,29.42,37.50,20.00,AUTO,0,100,NaN,138.88,0.00,-13.77,125.11,NaN,NaN,NaN,NaN,NaN,NaN,NaN,NaN,NaN,NaN
500.61,35.04,29.42,37.50,20.00,AUTO,0,100,NaN,138.88,0.00,-13.77,125.11,NaN,NaN,NaN,NaN,NaN,NaN,NaN,NaN,NaN,NaN
501.61,35.05,29.39,37.50,20.00,AUTO,0,100,NaN,138.88,0.00,-13.77,125.11,NaN,NaN,NaN,NaN,NaN,NaN,NaN,NaN,NaN,NaN
502.62,35.07,29.39,37.50,20.00,AUTO,0,100,NaN,138.88,0.00,-13.77,125.11,NaN,NaN,NaN,NaN,NaN,NaN,NaN,NaN,NaN,NaN
503.62,35.07,29.35,37.50,20.00,AUTO,0,100,NaN,138.88,0.00,-13.77,125.11,NaN,NaN,NaN,NaN,NaN,NaN,NaN,NaN,NaN,NaN
504.62,35.08,29.35,37.50,20.00,AUTO,0,100,NaN,138.88,0.00,-13.77,125.11,NaN,NaN,NaN,NaN,NaN,NaN,NaN,NaN,NaN,NaN
505.62,35.09,29.35,37.50,20.00,AUTO,0,100,NaN,138.88,0.00,-13.77,125.11,NaN,NaN,NaN,NaN,NaN,NaN,NaN,NaN,NaN,NaN
506.62,35.11,29.35,37.50,20.00,AUTO,0,100,NaN,138.88,0.00,-13.77,125.11,NaN,NaN,NaN,NaN,NaN,NaN,NaN,NaN,NaN,NaN
507.62,35.12,29.30,37.50,20.00,AUTO,0,100,NaN,138.88,0.00,-13.77,125.11,NaN,NaN,NaN,NaN,NaN,NaN,NaN,NaN,NaN,NaN
508.63,35.11,29.30,37.50,20.00,AUTO,0,100,NaN,138.88,0.00,-13.77,125.11,NaN,NaN,NaN,NaN,NaN,NaN,NaN,NaN,NaN,NaN
509.63,35.12,29.32,37.50,20.00,AUTO,0,100,NaN,138.88,0.00,-13.77,125.11,NaN,NaN,NaN,NaN,NaN,NaN,NaN,NaN,NaN,NaN
510.63,35.13,29.28,37.50,20.00,AUTO,0,100,NaN,138.88,0.00,-13.77,125.11,NaN,NaN,NaN,NaN,NaN,NaN,NaN,NaN,NaN,NaN
511.63,35.16,29.28,37.50,20.00,AUTO,0,100,NaN,138.88,0.00,-13.77,125.11,NaN,NaN,NaN,NaN,NaN,NaN,NaN,NaN,NaN,NaN
512.63,35.18,29.28,37.50,20.00,AUTO,0,100,NaN,138.88,0.00,-13.77,125.11,NaN,NaN,NaN,NaN,NaN,NaN,NaN,NaN,NaN,NaN
513.63,35.19,29.24,37.50,20.00,AUTO,0,100,NaN,128.15,0.00,-15.20,112.95,NaN,NaN,NaN,NaN,NaN,NaN,NaN,NaN,NaN,NaN
514.64,35.19,29.24,37.50,20.00,AUTO,0,100,NaN,128.15,0.00,-15.20,112.95,NaN,NaN,NaN,NaN,NaN,NaN,NaN,NaN,NaN,NaN
515.64,35.20,29.24,37.50,20.00,AUTO,0,100,NaN,128.15,0.00,-15.20,112.95,NaN,NaN,NaN,NaN,NaN,NaN,NaN,NaN,NaN,NaN
516.64,35.23,29.24,37.50,20.00,AUTO,0,100,NaN,128.15,0.00,-15.20,112.95,NaN,NaN,NaN,NaN,NaN,NaN,NaN,NaN,NaN,NaN
517.64,35.24,29.24,37.50,20.00,AUTO,0,100,NaN,128.15,0.00,-15.20,112.95,NaN,NaN,NaN,NaN,NaN,NaN,NaN,NaN,NaN,NaN
518.64,35.25,29.24,37.50,20.00,AUTO,0,100,NaN,128.15,0.00,-15.20,112.95,NaN,NaN,NaN,NaN,NaN,NaN,NaN,NaN,NaN,NaN
519.64,35.27,29.20,37.50,20.00,AUTO,0,100,NaN,128.15,0.00,-15.20,112.95,NaN,NaN,NaN,NaN,NaN,NaN,NaN,NaN,NaN,NaN
520.64,35.29,29.16,37.50,20.00,AUTO,0,100,NaN,128.15,0.00,-15.20,112.95,NaN,NaN,NaN,NaN,NaN,NaN,NaN,NaN,NaN,NaN
521.65,35.31,29.18,37.50,20.00,AUTO,0,100,NaN,128.15,0.00,-15.20,112.95,NaN,NaN,NaN,NaN,NaN,NaN,NaN,NaN,NaN,NaN
522.65,35.31,29.18,37.50,20.00,AUTO,0,100,NaN,128.15,0.00,-15.20,112.95,NaN,NaN,NaN,NaN,NaN,NaN,NaN,NaN,NaN,NaN
523.65,35.33,29.13,37.50,20.00,AUTO,0,100,NaN,128.15,0.00,-15.20,112.95,NaN,NaN,NaN,NaN,NaN,NaN,NaN,NaN,NaN,NaN
524.65,35.33,29.13,37.50,20.00,AUTO,0,100,NaN,128.15,0.00,-15.20,112.95,NaN,NaN,NaN,NaN,NaN,NaN,NaN,NaN,NaN,NaN
525.65,35.33,29.13,37.50,20.00,AUTO,0,100,NaN,128.15,0.00,-15.20,112.95,NaN,NaN,NaN,NaN,NaN,NaN,NaN,NaN,NaN,NaN
526.65,35.35,29.10,37.50,20.00,AUTO,0,100,NaN,128.15,0.00,-15.20,112.95,NaN,NaN,NaN,NaN,NaN,NaN,NaN,NaN,NaN,NaN
527.66,35.35,29.10,37.50,20.00,AUTO,0,100,NaN,128.15,0.00,-15.20,112.95,NaN,NaN,NaN,NaN,NaN,NaN,NaN,NaN,NaN,NaN
528.66,35.36,29.10,37.50,20.00,AUTO,0,100,NaN,118.25,0.00,-16.09,102.16,NaN,NaN,NaN,NaN,NaN,NaN,NaN,NaN,NaN,NaN
529.66,35.39,29.10,37.50,20.00,AUTO,0,100,NaN,118.25,0.00,-16.09,102.16,NaN,NaN,NaN,NaN,NaN,NaN,NaN,NaN,NaN,NaN
530.66,35.40,29.06,37.50,20.00,AUTO,0,100,NaN,118.25,0.00,-16.09,102.16,NaN,NaN,NaN,NaN,NaN,NaN,NaN,NaN,NaN,NaN
531.66,35.42,29.06,37.50,20.00,AUTO,0,100,NaN,118.25,0.00,-16.09,102.16,NaN,NaN,NaN,NaN,NaN,NaN,NaN,NaN,NaN,NaN
532.67,35.44,29.01,37.50,20.00,AUTO,0,100,NaN,118.25,0.00,-16.09,102.16,NaN,NaN,NaN,NaN,NaN,NaN,NaN,NaN,NaN,NaN
533.66,35.44,29.01,37.50,20.00,AUTO,0,100,NaN,118.25,0.00,-16.09,102.16,NaN,NaN,NaN,NaN,NaN,NaN,NaN,NaN,NaN,NaN
534.67,35.44,29.01,37.50,20.00,AUTO,0,100,NaN,118.25,0.00,-16.09,102.16,NaN,NaN,NaN,NaN,NaN,NaN,NaN,NaN,NaN,NaN
535.67,35.47,28.99,37.50,20.00,AUTO,0,100,NaN,118.25,0.00,-16.09,102.16,NaN,NaN,NaN,NaN,NaN,NaN,NaN,NaN,NaN,NaN
536.67,35.49,28.99,37.50,20.00,AUTO,0,100,NaN,118.25,0.00,-16.09,102.16,NaN,NaN,NaN,NaN,NaN,NaN,NaN,NaN,NaN,NaN
537.67,35.51,28.95,37.50,20.00,AUTO,0,100,NaN,118.25,0.00,-16.09,102.16,NaN,NaN,NaN,NaN,NaN,NaN,NaN,NaN,NaN,NaN
538.67,35.52,28.95,37.50,20.00,AUTO,0,100,NaN,118.25,0.00,-16.09,102.16,NaN,NaN,NaN,NaN,NaN,NaN,NaN,NaN,NaN,NaN
539.67,35.53,28.95,37.50,20.00,AUTO,0,100,NaN,118.25,0.00,-16.09,102.16,NaN,NaN,NaN,NaN,NaN,NaN,NaN,NaN,NaN,NaN
540.68,35.54,28.91,37.50,20.00,AUTO,0,100,NaN,118.25,0.00,-16.09,102.16,NaN,NaN,NaN,NaN,NaN,NaN,NaN,NaN,NaN,NaN
541.68,35.55,28.91,37.50,20.00,AUTO,0,100,NaN,118.25,0.00,-16.09,102.16,NaN,NaN,NaN,NaN,NaN,NaN,NaN,NaN,NaN,NaN
542.68,35.56,28.87,37.50,20.00,AUTO,0,100,NaN,118.25,0.00,-16.09,102.16,NaN,NaN,NaN,NaN,NaN,NaN,NaN,NaN,NaN,NaN
543.68,35.59,28.87,37.50,20.00,AUTO,0,91,NaN,106.98,0.00,-16.18,90.80,NaN,NaN,NaN,NaN,NaN,NaN,NaN,NaN,NaN,NaN
544.68,35.59,28.87,37.50,20.00,AUTO,0,91,NaN,106.98,0.00,-16.18,90.80,NaN,NaN,NaN,NaN,NaN,NaN,NaN,NaN,NaN,NaN
545.68,35.60,28.83,37.50,20.00,AUTO,0,91,NaN,106.98,0.00,-16.18,90.80,NaN,NaN,NaN,NaN,NaN,NaN,NaN,NaN,NaN,NaN
546.68,35.62,28.83,37.50,20.00,AUTO,0,91,NaN,106.98,0.00,-16.18,90.80,NaN,NaN,NaN,NaN,NaN,NaN,NaN,NaN,NaN,NaN
547.68,35.63,28.83,37.50,20.00,AUTO,0,91,NaN,106.98,0.00,-16.18,90.80,NaN,NaN,NaN,NaN,NaN,NaN,NaN,NaN,NaN,NaN
548.69,35.65,28.83,37.50,20.00,AUTO,0,91,NaN,106.98,0.00,-16.18,90.80,NaN,NaN,NaN,NaN,NaN,NaN,NaN,NaN,NaN,NaN
549.69,35.66,28.84,37.50,20.00,AUTO,0,91,NaN,106.98,0.00,-16.18,90.80,NaN,NaN,NaN,NaN,NaN,NaN,NaN,NaN,NaN,NaN
550.69,35.67,28.84,37.50,20.00,AUTO,0,91,NaN,106.98,0.00,-16.18,90.80,NaN,NaN,NaN,NaN,NaN,NaN,NaN,NaN,NaN,NaN
551.69,35.70,28.81,37.50,20.00,AUTO,0,91,NaN,106.98,0.00,-16.18,90.80,NaN,NaN,NaN,NaN,NaN,NaN,NaN,NaN,NaN,NaN
552.69,35.72,28.81,37.50,20.00,AUTO,0,91,NaN,106.98,0.00,-16.18,90.80,NaN,NaN,NaN,NaN,NaN,NaN,NaN,NaN,NaN,NaN
553.69,35.72,28.77,37.50,20.00,AUTO,0,91,NaN,106.98,0.00,-16.18,90.80,NaN,NaN,NaN,NaN,NaN,NaN,NaN,NaN,NaN,NaN
554.70,35.71,28.77,37.50,20.00,AUTO,0,91,NaN,106.98,0.00,-16.18,90.80,NaN,NaN,NaN,NaN,NaN,NaN,NaN,NaN,NaN,NaN
555.70,35.72,28.77,37.50,20.00,AUTO,0,91,NaN,106.98,0.00,-16.18,90.80,NaN,NaN,NaN,NaN,NaN,NaN,NaN,NaN,NaN,NaN
556.70,35.73,28.72,37.50,20.00,AUTO,0,91,NaN,106.98,0.00,-16.18,90.80,NaN,NaN,NaN,NaN,NaN,NaN,NaN,NaN,NaN,NaN
557.70,35.75,28.72,37.50,20.00,AUTO,0,91,NaN,106.98,0.00,-16.18,90.80,NaN,NaN,NaN,NaN,NaN,NaN,NaN,NaN,NaN,NaN
558.70,35.77,28.72,37.50,20.00,AUTO,0,91,NaN,96.80,9.60,-15.10,91.30,NaN,NaN,NaN,NaN,NaN,NaN,NaN,NaN,NaN,NaN
559.71,35.77,28.68,37.50,20.00,AUTO,0,91,NaN,96.80,9.60,-15.10,91.30,NaN,NaN,NaN,NaN,NaN,NaN,NaN,NaN,NaN,NaN
560.71,35.78,28.68,37.50,20.00,AUTO,0,91,NaN,96.80,9.60,-15.10,91.30,NaN,NaN,NaN,NaN,NaN,NaN,NaN,NaN,NaN,NaN
561.71,35.79,28.68,37.50,20.00,AUTO,0,91,NaN,96.80,9.60,-15.10,91.30,NaN,NaN,NaN,NaN,NaN,NaN,NaN,NaN,NaN,NaN
562.71,35.80,28.68,37.50,20.00,AUTO,0,91,NaN,96.80,9.60,-15.10,91.30,NaN,NaN,NaN,NaN,NaN,NaN,NaN,NaN,NaN,NaN
563.71,35.81,28.66,37.50,20.00,AUTO,0,91,NaN,96.80,9.60,-15.10,91.30,NaN,NaN,NaN,NaN,NaN,NaN,NaN,NaN,NaN,NaN
564.72,35.82,28.66,37.50,20.00,AUTO,0,91,NaN,96.80,9.60,-15.10,91.30,NaN,NaN,NaN,NaN,NaN,NaN,NaN,NaN,NaN,NaN
565.71,35.83,28.66,37.50,20.00,AUTO,0,91,NaN,96.80,9.60,-15.10,91.30,NaN,NaN,NaN,NaN,NaN,NaN,NaN,NaN,NaN,NaN
566.72,35.85,28.66,37.50,20.00,AUTO,0,91,NaN,96.80,9.60,-15.10,91.30,NaN,NaN,NaN,NaN,NaN,NaN,NaN,NaN,NaN,NaN
567.72,35.86,28.62,37.50,20.00,AUTO,0,91,NaN,96.80,9.60,-15.10,91.30,NaN,NaN,NaN,NaN,NaN,NaN,NaN,NaN,NaN,NaN
568.72,35.87,28.62,37.50,20.00,AUTO,0,91,NaN,96.80,9.60,-15.10,91.30,NaN,NaN,NaN,NaN,NaN,NaN,NaN,NaN,NaN,NaN
569.72,35.88,28.62,37.50,20.00,AUTO,0,91,NaN,96.80,9.60,-15.10,91.30,NaN,NaN,NaN,NaN,NaN,NaN,NaN,NaN,NaN,NaN
570.72,35.90,28.62,37.50,20.00,AUTO,0,91,NaN,96.80,9.60,-15.10,91.30,NaN,NaN,NaN,NaN,NaN,NaN,NaN,NaN,NaN,NaN
571.72,35.90,28.58,37.50,20.00,AUTO,0,91,NaN,96.80,9.60,-15.10,91.30,NaN,NaN,NaN,NaN,NaN,NaN,NaN,NaN,NaN,NaN
572.73,35.93,28.58,37.50,20.00,AUTO,0,91,NaN,96.80,9.60,-15.10,91.30,NaN,NaN,NaN,NaN,NaN,NaN,NaN,NaN,NaN,NaN
573.73,35.93,28.54,37.50,20.00,AUTO,0,92,NaN,87.18,18.33,-13.45,92.06,NaN,NaN,NaN,NaN,NaN,NaN,NaN,NaN,NaN,NaN
574.73,35.95,28.54,37.50,20.00,AUTO,0,92,NaN,87.18,18.33,-13.45,92.06,NaN,NaN,NaN,NaN,NaN,NaN,NaN,NaN,NaN,NaN
575.73,35.96,28.54,37.50,20.00,AUTO,0,92,NaN,87.18,18.33,-13.45,92.06,NaN,NaN,NaN,NaN,NaN,NaN,NaN,NaN,NaN,NaN
576.73,35.97,28.54,37.50,20.00,AUTO,0,92,NaN,87.18,18.33,-13.45,92.06,NaN,NaN,NaN,NaN,NaN,NaN,NaN,NaN,NaN,NaN
577.73,35.98,28.50,37.50,20.00,AUTO,0,92,NaN,87.18,18.33,-13.45,92.06,NaN,NaN,NaN,NaN,NaN,NaN,NaN,NaN,NaN,NaN
578.73,35.99,28.50,37.50,20.00,AUTO,0,92,NaN,87.18,18.33,-13.45,92.06,NaN,NaN,NaN,NaN,NaN,NaN,NaN,NaN,NaN,NaN
579.73,35.99,28.45,37.50,20.00,AUTO,0,92,NaN,87.18,18.33,-13.45,92.06,NaN,NaN,NaN,NaN,NaN,NaN,NaN,NaN,NaN,NaN
580.74,36.00,28.48,37.50,20.00,AUTO,0,92,NaN,87.18,18.33,-13.45,92.06,NaN,NaN,NaN,NaN,NaN,NaN,NaN,NaN,NaN,NaN
581.74,36.00,28.48,37.50,20.00,AUTO,0,92,NaN,87.18,18.33,-13.45,92.06,NaN,NaN,NaN,NaN,NaN,NaN,NaN,NaN,NaN,NaN
582.74,36.00,28.45,37.50,20.00,AUTO,0,92,NaN,87.18,18.33,-13.45,92.06,NaN,NaN,NaN,NaN,NaN,NaN,NaN,NaN,NaN,NaN
583.74,36.00,28.45,37.50,20.00,AUTO,0,92,NaN,87.18,18.33,-13.45,92.06,NaN,NaN,NaN,NaN,NaN,NaN,NaN,NaN,NaN,NaN
584.74,36.01,28.48,37.50,20.00,AUTO,0,92,NaN,87.18,18.33,-13.45,92.06,NaN,NaN,NaN,NaN,NaN,NaN,NaN,NaN,NaN,NaN
585.74,36.01,28.48,37.50,20.00,AUTO,0,92,NaN,87.18,18.33,-13.45,92.06,NaN,NaN,NaN,NaN,NaN,NaN,NaN,NaN,NaN,NaN
586.75,36.02,28.48,37.50,20.00,AUTO,0,92,NaN,87.18,18.33,-13.45,92.06,NaN,NaN,NaN,NaN,NaN,NaN,NaN,NaN,NaN,NaN
587.75,36.04,28.48,37.50,20.00,AUTO,0,92,NaN,87.18,18.33,-13.45,92.06,NaN,NaN,NaN,NaN,NaN,NaN,NaN,NaN,NaN,NaN
588.75,36.02,28.48,37.50,20.00,AUTO,0,100,NaN,80.85,26.26,-9.66,97.45,NaN,NaN,NaN,NaN,NaN,NaN,NaN,NaN,NaN,NaN
589.75,36.02,28.48,37.50,20.00,AUTO,0,100,NaN,80.85,26.26,-9.66,97.45,NaN,NaN,NaN,NaN,NaN,NaN,NaN,NaN,NaN,NaN
590.75,36.03,28.48,37.50,20.00,AUTO,0,100,NaN,80.85,26.26,-9.66,97.45,NaN,NaN,NaN,NaN,NaN,NaN,NaN,NaN,NaN,NaN
591.76,36.06,28.48,37.50,20.00,AUTO,0,100,NaN,80.85,26.26,-9.66,97.45,NaN,NaN,NaN,NaN,NaN,NaN,NaN,NaN,NaN,NaN
592.76,36.07,28.48,37.50,20.00,AUTO,0,100,NaN,80.85,26.26,-9.66,97.45,NaN,NaN,NaN,NaN,NaN,NaN,NaN,NaN,NaN,NaN
593.76,36.08,28.48,37.50,20.00,AUTO,0,100,NaN,80.85,26.26,-9.66,97.45,NaN,NaN,NaN,NaN,NaN,NaN,NaN,NaN,NaN,NaN
594.76,36.08,28.48,37.50,20.00,AUTO,0,100,NaN,80.85,26.26,-9.66,97.45,NaN,NaN,NaN,NaN,NaN,NaN,NaN,NaN,NaN,NaN
595.76,36.08,28.43,37.50,20.00,AUTO,0,100,NaN,80.85,26.26,-9.66,97.45,NaN,NaN,NaN,NaN,NaN,NaN,NaN,NaN,NaN,NaN
596.76,36.09,28.43,37.50,20.00,AUTO,0,100,NaN,80.85,26.26,-9.66,97.45,NaN,NaN,NaN,NaN,NaN,NaN,NaN,NaN,NaN,NaN
597.76,36.08,28.43,37.50,20.00,AUTO,0,100,NaN,80.85,26.26,-9.66,97.45,NaN,NaN,NaN,NaN,NaN,NaN,NaN,NaN,NaN,NaN
598.77,36.08,28.43,37.50,20.00,AUTO,0,100,NaN,80.85,26.26,-9.66,97.45,NaN,NaN,NaN,NaN,NaN,NaN,NaN,NaN,NaN,NaN
599.77,36.09,28.43,37.50,20.00,AUTO,0,100,NaN,80.85,26.26,-9.66,97.45,NaN,NaN,NaN,NaN,NaN,NaN,NaN,NaN,NaN,NaN
600.77,36.10,28.43,37.50,20.00,AUTO,0,100,NaN,80.85,26.26,-9.66,97.45,NaN,NaN,NaN,NaN,NaN,NaN,NaN,NaN,NaN,NaN
601.77,36.12,28.43,37.50,20.00,AUTO,0,100,NaN,80.85,26.26,-9.66,97.45,NaN,NaN,NaN,NaN,NaN,NaN,NaN,NaN,NaN,NaN
602.77,36.13,28.43,37.50,20.00,AUTO,0,100,NaN,80.85,26.26,-9.66,97.45,NaN,NaN,NaN,NaN,NaN,NaN,NaN,NaN,NaN,NaN
603.77,36.14,28.45,37.50,20.00,AUTO,0,94,NaN,75.62,26.26,-7.57,94.32,NaN,NaN,NaN,NaN,NaN,NaN,NaN,NaN,NaN,NaN
604.78,36.15,28.45,37.50,20.00,AUTO,0,94,NaN,75.62,26.26,-7.57,94.32,NaN,NaN,NaN,NaN,NaN,NaN,NaN,NaN,NaN,NaN
605.78,36.15,28.41,37.50,20.00,AUTO,0,94,NaN,75.62,26.26,-7.57,94.32,NaN,NaN,NaN,NaN,NaN,NaN,NaN,NaN,NaN,NaN
606.78,36.16,28.41,37.50,20.00,AUTO,0,94,NaN,75.62,26.26,-7.57,94.32,NaN,NaN,NaN,NaN,NaN,NaN,NaN,NaN,NaN,NaN
607.78,36.18,28.41,37.50,20.00,AUTO,0,94,NaN,75.62,26.26,-7.57,94.32,NaN,NaN,NaN,NaN,NaN,NaN,NaN,NaN,NaN,NaN
608.78,36.19,28.37,37.50,20.00,AUTO,0,94,NaN,75.62,26.26,-7.57,94.32,NaN,NaN,NaN,NaN,NaN,NaN,NaN,NaN,NaN,NaN
609.78,36.21,28.37,37.50,20.00,AUTO,0,94,NaN,75.62,26.26,-7.57,94.32,NaN,NaN,NaN,NaN,NaN,NaN,NaN,NaN,NaN,NaN
610.79,36.22,28.37,37.50,20.00,AUTO,0,94,NaN,75.62,26.26,-7.57,94.32,NaN,NaN,NaN,NaN,NaN,NaN,NaN,NaN,NaN,NaN
611.78,36.22,28.33,37.50,20.00,AUTO,0,94,NaN,75.62,26.26,-7.57,94.32,NaN,NaN,NaN,NaN,NaN,NaN,NaN,NaN,NaN,NaN
612.79,36.23,28.33,37.50,20.00,AUTO,0,94,NaN,75.62,26.26,-7.57,94.32,NaN,NaN,NaN,NaN,NaN,NaN,NaN,NaN,NaN,NaN
613.79,36.23,28.33,37.50,20.00,AUTO,0,94,NaN,75.62,26.26,-7.57,94.32,NaN,NaN,NaN,NaN,NaN,NaN,NaN,NaN,NaN,NaN
614.79,36.22,28.33,37.50,20.00,AUTO,0,94,NaN,75.62,26.26,-7.57,94.32,NaN,NaN,NaN,NaN,NaN,NaN,NaN,NaN,NaN,NaN
615.79,36.22,28.33,37.50,20.00,AUTO,0,94,NaN,75.62,26.26,-7.57,94.32,NaN,NaN,NaN,NaN,NaN,NaN,NaN,NaN,NaN,NaN
616.79,36.24,28.33,37.50,20.00,AUTO,0,94,NaN,75.62,26.26,-7.57,94.32,NaN,NaN,NaN,NaN,NaN,NaN,NaN,NaN,NaN,NaN
617.79,36.25,28.33,37.50,20.00,AUTO,0,94,NaN,75.62,26.26,-7.57,94.32,NaN,NaN,NaN,NaN,NaN,NaN,NaN,NaN,NaN,NaN
618.80,36.25,28.33,37.50,20.00,AUTO,0,91,NaN,69.02,33.08,-10.64,91.47,NaN,NaN,NaN,NaN,NaN,NaN,NaN,NaN,NaN,NaN
619.80,36.26,28.33,37.50,20.00,AUTO,0,91,NaN,69.02,33.08,-10.64,91.47,NaN,NaN,NaN,NaN,NaN,NaN,NaN,NaN,NaN,NaN
620.80,36.28,28.29,37.50,20.00,AUTO,0,91,NaN,69.02,33.08,-10.64,91.47,NaN,NaN,NaN,NaN,NaN,NaN,NaN,NaN,NaN,NaN
621.80,36.29,28.29,37.50,20.00,AUTO,0,91,NaN,69.02,33.08,-10.64,91.47,NaN,NaN,NaN,NaN,NaN,NaN,NaN,NaN,NaN,NaN
622.80,36.30,28.29,37.50,20.00,AUTO,0,91,NaN,69.02,33.08,-10.64,91.47,NaN,NaN,NaN,NaN,NaN,NaN,NaN,NaN,NaN,NaN
623.81,36.31,28.29,37.50,20.00,AUTO,0,91,NaN,69.02,33.08,-10.64,91.47,NaN,NaN,NaN,NaN,NaN,NaN,NaN,NaN,NaN,NaN
624.81,36.32,28.25,37.50,20.00,AUTO,0,91,NaN,69.02,33.08,-10.64,91.47,NaN,NaN,NaN,NaN,NaN,NaN,NaN,NaN,NaN,NaN
625.81,36.33,28.26,37.50,20.00,AUTO,0,91,NaN,69.02,33.08,-10.64,91.47,NaN,NaN,NaN,NaN,NaN,NaN,NaN,NaN,NaN,NaN
626.81,36.36,28.26,37.50,20.00,AUTO,0,91,NaN,69.02,33.08,-10.64,91.47,NaN,NaN,NaN,NaN,NaN,NaN,NaN,NaN,NaN,NaN
627.81,36.38,28.23,37.50,20.00,AUTO,0,91,NaN,69.02,33.08,-10.64,91.47,NaN,NaN,NaN,NaN,NaN,NaN,NaN,NaN,NaN,NaN
628.81,36.37,28.23,37.50,20.00,AUTO,0,91,NaN,69.02,33.08,-10.64,91.47,NaN,NaN,NaN,NaN,NaN,NaN,NaN,NaN,NaN,NaN
629.81,36.37,28.23,37.50,20.00,AUTO,0,91,NaN,69.02,33.08,-10.64,91.47,NaN,NaN,NaN,NaN,NaN,NaN,NaN,NaN,NaN,NaN
630.81,36.37,28.23,37.50,20.00,AUTO,0,91,NaN,69.02,33.08,-10.64,91.47,NaN,NaN,NaN,NaN,NaN,NaN,NaN,NaN,NaN,NaN
631.82,36.38,28.23,37.50,20.00,AUTO,0,91,NaN,69.02,33.08,-10.64,91.47,NaN,NaN,NaN,NaN,NaN,NaN,NaN,NaN,NaN,NaN
632.82,36.40,28.23,37.50,20.00,AUTO,0,91,NaN,69.02,33.08,-10.64,91.47,NaN,NaN,NaN,NaN,NaN,NaN,NaN,NaN,NaN,NaN
633.82,36.41,28.23,37.50,20.00,AUTO,0,88,NaN,61.05,39.22,-12.12,88.15,NaN,NaN,NaN,NaN,NaN,NaN,NaN,NaN,NaN,NaN
634.82,36.43,28.18,37.50,20.00,AUTO,0,88,NaN,61.05,39.22,-12.12,88.15,NaN,NaN,NaN,NaN,NaN,NaN,NaN,NaN,NaN,NaN
635.82,36.43,28.18,37.50,20.00,AUTO,0,88,NaN,61.05,39.22,-12.12,88.15,NaN,NaN,NaN,NaN,NaN,NaN,NaN,NaN,NaN,NaN
636.83,36.44,28.14,37.50,20.00,AUTO,0,88,NaN,61.05,39.22,-12.12,88.15,NaN,NaN,NaN,NaN,NaN,NaN,NaN,NaN,NaN,NaN
637.83,36.46,28.16,37.50,20.00,AUTO,0,88,NaN,61.05,39.22,-12.12,88.15,NaN,NaN,NaN,NaN,NaN,NaN,NaN,NaN,NaN,NaN
638.83,36.46,28.16,37.50,20.00,AUTO,0,88,NaN,61.05,39.22,-12.12,88.15,NaN,NaN,NaN,NaN,NaN,NaN,NaN,NaN,NaN,NaN
639.83,36.46,28.16,37.50,20.00,AUTO,0,88,NaN,61.05,39.22,-12.12,88.15,NaN,NaN,NaN,NaN,NaN,NaN,NaN,NaN,NaN,NaN
640.83,36.47,28.16,37.50,20.00,AUTO,0,88,NaN,61.05,39.22,-12.12,88.15,NaN,NaN,NaN,NaN,NaN,NaN,NaN,NaN,NaN,NaN
641.83,36.47,28.16,37.50,20.00,AUTO,0,88,NaN,61.05,39.22,-12.12,88.15,NaN,NaN,NaN,NaN,NaN,NaN,NaN,NaN,NaN,NaN
642.83,36.49,28.16,37.50,20.00,AUTO,0,88,NaN,61.05,39.22,-12.12,88.15,NaN,NaN,NaN,NaN,NaN,NaN,NaN,NaN,NaN,NaN
643.84,36.49,28.12,37.50,20.00,AUTO,0,88,NaN,61.05,39.22,-12.12,88.15,NaN,NaN,NaN,NaN,NaN,NaN,NaN,NaN,NaN,NaN
644.84,36.51,28.12,37.50,20.00,AUTO,0,88,NaN,61.05,39.22,-12.12,88.15,NaN,NaN,NaN,NaN,NaN,NaN,NaN,NaN,NaN,NaN
645.84,36.51,28.12,37.50,20.00,AUTO,0,88,NaN,61.05,39.22,-12.12,88.15,NaN,NaN,NaN,NaN,NaN,NaN,NaN,NaN,NaN,NaN
646.84,36.52,28.12,37.50,20.00,AUTO,0,88,NaN,61.05,39.22,-12.12,88.15,NaN,NaN,NaN,NaN,NaN,NaN,NaN,NaN,NaN,NaN
647.84,36.54,28.08,37.50,20.00,AUTO,0,88,NaN,61.05,39.22,-12.12,88.15,NaN,NaN,NaN,NaN,NaN,NaN,NaN,NaN,NaN,NaN
648.84,36.53,28.08,37.50,20.00,AUTO,0,87,NaN,53.35,44.61,-10.66,87.30,NaN,NaN,NaN,NaN,NaN,NaN,NaN,NaN,NaN,NaN
649.84,36.54,28.08,37.50,20.00,AUTO,0,87,NaN,53.35,44.61,-10.66,87.30,NaN,NaN,NaN,NaN,NaN,NaN,NaN,NaN,NaN,NaN
650.85,36.55,28.08,37.50,20.00,AUTO,0,87,NaN,53.35,44.61,-10.66,87.30,NaN,NaN,NaN,NaN,NaN,NaN,NaN,NaN,NaN,NaN
651.85,36.54,28.08,37.50,20.00,AUTO,0,87,NaN,53.35,44.61,-10.66,87.30,NaN,NaN,NaN,NaN,NaN,NaN,NaN,NaN,NaN,NaN
652.85,36.55,28.08,37.50,20.00,AUTO,0,87,NaN,53.35,44.61,-10.66,87.30,NaN,NaN,NaN,NaN,NaN,NaN,NaN,NaN,NaN,NaN
653.85,36.57,28.08,37.50,20.00,AUTO,0,87,NaN,53.35,44.61,-10.66,87.30,NaN,NaN,NaN,NaN,NaN,NaN,NaN,NaN,NaN,NaN
654.85,36.60,28.08,37.50,20.00,AUTO,0,87,NaN,53.35,44.61,-10.66,87.30,NaN,NaN,NaN,NaN,NaN,NaN,NaN,NaN,NaN,NaN
655.86,36.61,28.08,37.50,20.00,AUTO,0,87,NaN,53.35,44.61,-10.66,87.30,NaN,NaN,NaN,NaN,NaN,NaN,NaN,NaN,NaN,NaN
656.86,36.61,28.08,37.50,20.00,AUTO,0,87,NaN,53.35,44.61,-10.66,87.30,NaN,NaN,NaN,NaN,NaN,NaN,NaN,NaN,NaN,NaN
657.86,36.63,28.08,37.50,20.00,AUTO,0,87,NaN,53.35,44.61,-10.66,87.30,NaN,NaN,NaN,NaN,NaN,NaN,NaN,NaN,NaN,NaN
658.86,36.63,28.08,37.50,20.00,AUTO,0,87,NaN,53.35,44.61,-10.66,87.30,NaN,NaN,NaN,NaN,NaN,NaN,NaN,NaN,NaN,NaN
659.86,36.68,28.08,37.50,20.00,AUTO,0,87,NaN,53.35,44.61,-10.66,87.30,NaN,NaN,NaN,NaN,NaN,NaN,NaN,NaN,NaN,NaN
660.86,36.66,28.03,37.50,20.00,AUTO,0,87,NaN,53.35,44.61,-10.66,87.30,NaN,NaN,NaN,NaN,NaN,NaN,NaN,NaN,NaN,NaN
661.86,36.68,28.03,37.50,20.00,AUTO,0,87,NaN,53.35,44.61,-10.66,87.30,NaN,NaN,NaN,NaN,NaN,NaN,NaN,NaN,NaN,NaN
662.86,36.68,28.03,37.50,20.00,AUTO,0,87,NaN,53.35,44.61,-10.66,87.30,NaN,NaN,NaN,NaN,NaN,NaN,NaN,NaN,NaN,NaN
663.87,36.68,28.08,37.50,20.00,AUTO,0,82,NaN,45.10,49.31,-12.37,82.05,NaN,NaN,NaN,NaN,NaN,NaN,NaN,NaN,NaN,NaN
664.87,36.68,28.03,37.50,20.00,AUTO,0,82,NaN,45.10,49.31,-12.37,82.05,NaN,NaN,NaN,NaN,NaN,NaN,NaN,NaN,NaN,NaN
665.87,36.68,28.03,37.50,20.00,AUTO,0,82,NaN,45.10,49.31,-12.37,82.05,NaN,NaN,NaN,NaN,NaN,NaN,NaN,NaN,NaN,NaN
666.87,36.68,28.03,37.50,20.00,AUTO,0,82,NaN,45.10,49.31,-12.37,82.05,NaN,NaN,NaN,NaN,NaN,NaN,NaN,NaN,NaN,NaN
667.87,36.68,28.03,37.50,20.00,AUTO,0,82,NaN,45.10,49.31,-12.37,82.05,NaN,NaN,NaN,NaN,NaN,NaN,NaN,NaN,NaN,NaN
668.88,36.68,28.03,37.50,20.00,AUTO,0,82,NaN,45.10,49.31,-12.37,82.05,NaN,NaN,NaN,NaN,NaN,NaN,NaN,NaN,NaN,NaN
669.88,36.68,28.03,37.50,20.00,AUTO,0,82,NaN,45.10,49.31,-12.37,82.05,NaN,NaN,NaN,NaN,NaN,NaN,NaN,NaN,NaN,NaN
670.88,36.68,28.03,37.50,20.00,AUTO,0,82,NaN,45.10,49.31,-12.37,82.05,NaN,NaN,NaN,NaN,NaN,NaN,NaN,NaN,NaN,NaN
671.88,36.68,28.03,37.50,20.00,AUTO,0,82,NaN,45.10,49.31,-12.37,82.05,NaN,NaN,NaN,NaN,NaN,NaN,NaN,NaN,NaN,NaN
672.88,36.68,28.03,37.50,20.00,AUTO,0,82,NaN,45.10,49.31,-12.37,82.05,NaN,NaN,NaN,NaN,NaN,NaN,NaN,NaN,NaN,NaN
673.88,36.68,28.03,37.50,20.00,AUTO,0,82,NaN,45.10,49.31,-12.37,82.05,NaN,NaN,NaN,NaN,NaN,NaN,NaN,NaN,NaN,NaN
674.89,36.68,28.03,37.50,20.00,AUTO,0,82,NaN,45.10,49.31,-12.37,82.05,NaN,NaN,NaN,NaN,NaN,NaN,NaN,NaN,NaN,NaN
675.88,36.68,28.03,37.50,20.00,AUTO,0,82,NaN,45.10,49.31,-12.37,82.05,NaN,NaN,NaN,NaN,NaN,NaN,NaN,NaN,NaN,NaN
676.89,36.69,28.05,37.50,20.00,AUTO,0,82,NaN,45.10,49.31,-12.37,82.05,NaN,NaN,NaN,NaN,NaN,NaN,NaN,NaN,NaN,NaN
677.89,36.69,28.05,37.50,20.00,AUTO,0,82,NaN,45.10,49.31,-12.37,82.05,NaN,NaN,NaN,NaN,NaN,NaN,NaN,NaN,NaN,NaN
678.89,36.69,28.05,37.50,20.00,AUTO,0,100,NaN,44.55,53.61,-1.45,96.71,NaN,NaN,NaN,NaN,NaN,NaN,NaN,NaN,NaN,NaN
679.89,36.69,28.05,37.50,20.00,AUTO,0,100,NaN,44.55,53.61,-1.45,96.71,NaN,NaN,NaN,NaN,NaN,NaN,NaN,NaN,NaN,NaN
680.89,36.69,28.01,37.50,20.00,AUTO,0,100,NaN,44.55,53.61,-1.45,96.71,NaN,NaN,NaN,NaN,NaN,NaN,NaN,NaN,NaN,NaN
681.89,36.69,28.01,37.50,20.00,AUTO,0,100,NaN,44.55,53.61,-1.45,96.71,NaN,NaN,NaN,NaN,NaN,NaN,NaN,NaN,NaN,NaN
682.90,36.69,28.01,37.50,20.00,AUTO,0,100,NaN,44.55,53.61,-1.45,96.71,NaN,NaN,NaN,NaN,NaN,NaN,NaN,NaN,NaN,NaN
683.90,36.69,28.01,37.50,20.00,AUTO,0,100,NaN,44.55,53.61,-1.45,96.71,NaN,NaN,NaN,NaN,NaN,NaN,NaN,NaN,NaN,NaN
684.90,36.69,28.01,37.50,20.00,AUTO,0,100,NaN,44.55,53.61,-1.45,96.71,NaN,NaN,NaN,NaN,NaN,NaN,NaN,NaN,NaN,NaN
685.90,36.69,27.97,37.50,20.00,AUTO,0,100,NaN,44.55,53.61,-1.45,96.71,NaN,NaN,NaN,NaN,NaN,NaN,NaN,NaN,NaN,NaN
686.90,36.69,27.97,37.50,20.00,AUTO,0,100,NaN,44.55,53.61,-1.45,96.71,NaN,NaN,NaN,NaN,NaN,NaN,NaN,NaN,NaN,NaN
687.91,36.69,27.97,37.50,20.00,AUTO,0,100,NaN,44.55,53.61,-1.45,96.71,NaN,NaN,NaN,NaN,NaN,NaN,NaN,NaN,NaN,NaN
688.91,36.69,27.97,37.50,20.00,AUTO,0,100,NaN,44.55,53.61,-1.45,96.71,NaN,NaN,NaN,NaN,NaN,NaN,NaN,NaN,NaN,NaN
689.91,36.71,27.97,37.50,20.00,AUTO,0,100,NaN,44.55,53.61,-1.45,96.71,NaN,NaN,NaN,NaN,NaN,NaN,NaN,NaN,NaN,NaN
690.91,36.75,27.97,37.50,20.00,AUTO,0,100,NaN,44.55,53.61,-1.45,96.71,NaN,NaN,NaN,NaN,NaN,NaN,NaN,NaN,NaN,NaN
691.91,36.76,27.97,37.50,20.00,AUTO,0,100,NaN,44.55,53.61,-1.45,96.71,NaN,NaN,NaN,NaN,NaN,NaN,NaN,NaN,NaN,NaN
692.91,36.76,27.97,37.50,20.00,AUTO,0,100,NaN,44.55,53.61,-1.45,96.71,NaN,NaN,NaN,NaN,NaN,NaN,NaN,NaN,NaN,NaN
693.91,36.77,27.97,37.50,20.00,AUTO,0,95,NaN,40.70,57.79,-3.78,94.71,NaN,NaN,NaN,NaN,NaN,NaN,NaN,NaN,NaN,NaN
694.91,36.77,27.93,37.50,20.00,AUTO,0,95,NaN,40.70,57.79,-3.78,94.71,NaN,NaN,NaN,NaN,NaN,NaN,NaN,NaN,NaN,NaN
695.92,36.80,27.93,37.50,20.00,AUTO,0,95,NaN,40.70,57.79,-3.78,94.71,NaN,NaN,NaN,NaN,NaN,NaN,NaN,NaN,NaN,NaN
696.92,36.80,27.93,37.50,20.00,AUTO,0,95,NaN,40.70,57.79,-3.78,94.71,NaN,NaN,NaN,NaN,NaN,NaN,NaN,NaN,NaN,NaN
697.92,36.81,27.93,37.50,20.00,AUTO,0,95,NaN,40.70,57.79,-3.78,94.71,NaN,NaN,NaN,NaN,NaN,NaN,NaN,NaN,NaN,NaN
698.92,36.81,27.93,37.50,20.00,AUTO,0,95,NaN,40.70,57.79,-3.78,94.71,NaN,NaN,NaN,NaN,NaN,NaN,NaN,NaN,NaN,NaN
699.92,36.81,27.93,37.50,20.00,AUTO,0,95,NaN,40.70,57.79,-3.78,94.71,NaN,NaN,NaN,NaN,NaN,NaN,NaN,NaN,NaN,NaN
700.92,36.82,27.93,37.50,20.00,AUTO,0,95,NaN,40.70,57.79,-3.78,94.71,NaN,NaN,NaN,NaN,NaN,NaN,NaN,NaN,NaN,NaN
701.93,36.81,27.93,37.50,20.00,AUTO,0,95,NaN,40.70,57.79,-3.78,94.71,NaN,NaN,NaN,NaN,NaN,NaN,NaN,NaN,NaN,NaN
702.93,36.83,27.93,37.50,20.00,AUTO,0,95,NaN,40.70,57.79,-3.78,94.71,NaN,NaN,NaN,NaN,NaN,NaN,NaN,NaN,NaN,NaN
703.93,36.85,27.93,37.50,20.00,AUTO,0,95,NaN,40.70,57.79,-3.78,94.71,NaN,NaN,NaN,NaN,NaN,NaN,NaN,NaN,NaN,NaN
704.93,36.85,27.89,37.50,20.00,AUTO,0,95,NaN,40.70,57.79,-3.78,94.71,NaN,NaN,NaN,NaN,NaN,NaN,NaN,NaN,NaN,NaN
705.93,36.85,27.89,37.50,20.00,AUTO,0,95,NaN,40.70,57.79,-3.78,94.71,NaN,NaN,NaN,NaN,NaN,NaN,NaN,NaN,NaN,NaN
706.94,36.86,27.91,37.50,20.00,AUTO,0,95,NaN,40.70,57.79,-3.78,94.71,NaN,NaN,NaN,NaN,NaN,NaN,NaN,NaN,NaN,NaN
707.94,36.88,27.91,37.50,20.00,AUTO,0,95,NaN,40.70,57.79,-3.78,94.71,NaN,NaN,NaN,NaN,NaN,NaN,NaN,NaN,NaN,NaN
708.94,36.89,27.91,37.50,20.00,AUTO,0,86,NaN,34.65,61.35,-9.72,86.28,NaN,NaN,NaN,NaN,NaN,NaN,NaN,NaN,NaN,NaN
709.94,36.92,27.91,37.50,20.00,AUTO,0,86,NaN,34.65,61.35,-9.72,86.28,NaN,NaN,NaN,NaN,NaN,NaN,NaN,NaN,NaN,NaN
710.94,36.93,27.87,37.50,20.00,AUTO,0,86,NaN,34.65,61.35,-9.72,86.28,NaN,NaN,NaN,NaN,NaN,NaN,NaN,NaN,NaN,NaN
711.94,36.95,27.87,37.50,20.00,AUTO,0,86,NaN,34.65,61.35,-9.72,86.28,NaN,NaN,NaN,NaN,NaN,NaN,NaN,NaN,NaN,NaN
712.94,36.95,27.83,37.50,20.00,AUTO,0,86,NaN,34.65,61.35,-9.72,86.28,NaN,NaN,NaN,NaN,NaN,NaN,NaN,NaN,NaN,NaN
713.94,36.96,27.83,37.50,20.00,AUTO,0,86,NaN,34.65,61.35,-9.72,86.28,NaN,NaN,NaN,NaN,NaN,NaN,NaN,NaN,NaN,NaN
714.95,36.95,27.83,37.50,20.00,AUTO,0,86,NaN,34.65,61.35,-9.72,86.28,NaN,NaN,NaN,NaN,NaN,NaN,NaN,NaN,NaN,NaN
715.95,36.95,27.83,37.50,20.00,AUTO,0,86,NaN,34.65,61.35,-9.72,86.28,NaN,NaN,NaN,NaN,NaN,NaN,NaN,NaN,NaN,NaN
716.95,36.95,27.83,37.50,20.00,AUTO,0,86,NaN,34.65,61.35,-9.72,86.28,NaN,NaN,NaN,NaN,NaN,NaN,NaN,NaN,NaN,NaN
717.95,36.96,27.83,37.50,20.00,AUTO,0,86,NaN,34.65,61.35,-9.72,86.28,NaN,NaN,NaN,NaN,NaN,NaN,NaN,NaN,NaN,NaN
718.95,36.96,27.83,37.50,20.00,AUTO,0,86,NaN,34.65,61.35,-9.72,86.28,NaN,NaN,NaN,NaN,NaN,NaN,NaN,NaN,NaN,NaN
719.96,36.98,27.83,37.50,20.00,AUTO,0,86,NaN,34.65,61.35,-9.72,86.28,NaN,NaN,NaN,NaN,NaN,NaN,NaN,NaN,NaN,NaN
720.96,36.99,27.83,37.50,20.00,AUTO,0,86,NaN,34.65,61.35,-9.72,86.28,NaN,NaN,NaN,NaN,NaN,NaN,NaN,NaN,NaN,NaN
721.96,37.01,27.83,37.50,20.00,AUTO,0,86,NaN,34.65,61.35,-9.72,86.28,NaN,NaN,NaN,NaN,NaN,NaN,NaN,NaN,NaN,NaN
722.96,37.01,27.83,37.50,20.00,AUTO,0,86,NaN,34.65,61.35,-9.72,86.28,NaN,NaN,NaN,NaN,NaN,NaN,NaN,NaN,NaN,NaN
723.96,37.00,27.83,37.50,20.00,AUTO,0,81,NaN,26.95,64.20,-10.15,81.00,NaN,NaN,NaN,NaN,NaN,NaN,NaN,NaN,NaN,NaN
724.96,37.01,27.83,37.50,20.00,AUTO,0,81,NaN,26.95,64.20,-10.15,81.00,NaN,NaN,NaN,NaN,NaN,NaN,NaN,NaN,NaN,NaN
725.96,37.01,27.83,37.50,20.00,AUTO,0,81,NaN,26.95,64.20,-10.15,81.00,NaN,NaN,NaN,NaN,NaN,NaN,NaN,NaN,NaN,NaN
726.96,37.01,27.78,37.50,20.00,AUTO,0,81,NaN,26.95,64.20,-10.15,81.00,NaN,NaN,NaN,NaN,NaN,NaN,NaN,NaN,NaN,NaN
727.97,37.03,27.80,37.50,20.00,AUTO,0,81,NaN,26.95,64.20,-10.15,81.00,NaN,NaN,NaN,NaN,NaN,NaN,NaN,NaN,NaN,NaN
728.97,37.03,27.80,37.50,20.00,AUTO,0,81,NaN,26.95,64.20,-10.15,81.00,NaN,NaN,NaN,NaN,NaN,NaN,NaN,NaN,NaN,NaN
729.97,37.04,27.80,37.50,20.00,AUTO,0,81,NaN,26.95,64.20,-10.15,81.00,NaN,NaN,NaN,NaN,NaN,NaN,NaN,NaN,NaN,NaN
730.97,37.04,27.80,37.50,20.00,AUTO,0,81,NaN,26.95,64.20,-10.15,81.00,NaN,NaN,NaN,NaN,NaN,NaN,NaN,NaN,NaN,NaN
731.97,37.04,27.80,37.50,20.00,AUTO,0,81,NaN,26.95,64.20,-10.15,81.00,NaN,NaN,NaN,NaN,NaN,NaN,NaN,NaN,NaN,NaN
732.97,37.04,27.76,37.50,20.00,AUTO,0,81,NaN,26.95,64.20,-10.15,81.00,NaN,NaN,NaN,NaN,NaN,NaN,NaN,NaN,NaN,NaN
733.98,37.04,27.76,37.50,20.00,AUTO,0,81,NaN,26.95,64.20,-10.15,81.00,NaN,NaN,NaN,NaN,NaN,NaN,NaN,NaN,NaN,NaN
734.98,37.05,27.76,37.50,20.00,AUTO,0,81,NaN,26.95,64.20,-10.15,81.00,NaN,NaN,NaN,NaN,NaN,NaN,NaN,NaN,NaN,NaN
735.98,37.06,27.76,37.50,20.00,AUTO,0,81,NaN,26.95,64.20,-10.15,81.00,NaN,NaN,NaN,NaN,NaN,NaN,NaN,NaN,NaN,NaN
736.98,37.06,27.76,37.50,20.00,AUTO,0,81,NaN,26.95,64.20,-10.15,81.00,NaN,NaN,NaN,NaN,NaN,NaN,NaN,NaN,NaN,NaN
737.98,37.06,27.76,37.50,20.00,AUTO,0,81,NaN,26.95,64.20,-10.15,81.00,NaN,NaN,NaN,NaN,NaN,NaN,NaN,NaN,NaN,NaN
738.98,37.06,27.76,37.50,20.00,AUTO,0,85,NaN,24.20,66.64,-5.39,85.46,NaN,NaN,NaN,NaN,NaN,NaN,NaN,NaN,NaN,NaN
739.98,37.06,27.76,37.50,20.00,AUTO,0,85,NaN,24.20,66.64,-5.39,85.46,NaN,NaN,NaN,NaN,NaN,NaN,NaN,NaN,NaN,NaN
740.99,37.06,27.76,37.50,20.00,AUTO,0,85,NaN,24.20,66.64,-5.39,85.46,NaN,NaN,NaN,NaN,NaN,NaN,NaN,NaN,NaN,NaN
741.99,37.08,27.76,37.50,20.00,AUTO,0,85,NaN,24.20,66.64,-5.39,85.46,NaN,NaN,NaN,NaN,NaN,NaN,NaN,NaN,NaN,NaN
742.99,37.08,27.76,37.50,20.00,AUTO,0,85,NaN,24.20,66.64,-5.39,85.46,NaN,NaN,NaN,NaN,NaN,NaN,NaN,NaN,NaN,NaN
743.99,37.08,27.76,37.50,20.00,AUTO,0,85,NaN,24.20,66.64,-5.39,85.46,NaN,NaN,NaN,NaN,NaN,NaN,NaN,NaN,NaN,NaN
744.99,37.08,27.76,37.50,20.00,AUTO,0,85,NaN,24.20,66.64,-5.39,85.46,NaN,NaN,NaN,NaN,NaN,NaN,NaN,NaN,NaN,NaN
745.99,37.10,27.76,37.50,20.00,AUTO,0,85,NaN,24.20,66.64,-5.39,85.46,NaN,NaN,NaN,NaN,NaN,NaN,NaN,NaN,NaN,NaN
747.00,37.11,27.76,37.50,20.00,AUTO,0,85,NaN,24.20,66.64,-5.39,85.46,NaN,NaN,NaN,NaN,NaN,NaN,NaN,NaN,NaN,NaN
748.00,37.11,27.76,37.50,20.00,AUTO,0,85,NaN,24.20,66.64,-5.39,85.46,NaN,NaN,NaN,NaN,NaN,NaN,NaN,NaN,NaN,NaN
749.00,37.10,27.76,37.50,20.00,AUTO,0,85,NaN,24.20,66.64,-5.39,85.46,NaN,NaN,NaN,NaN,NaN,NaN,NaN,NaN,NaN,NaN
750.00,37.10,27.76,37.50,20.00,AUTO,0,85,NaN,24.20,66.64,-5.39,85.46,NaN,NaN,NaN,NaN,NaN,NaN,NaN,NaN,NaN,NaN
751.00,37.11,27.76,37.50,20.00,AUTO,0,85,NaN,24.20,66.64,-5.39,85.46,NaN,NaN,NaN,NaN,NaN,NaN,NaN,NaN,NaN,NaN
752.01,37.11,27.76,37.50,20.00,AUTO,0,85,NaN,24.20,66.64,-5.39,85.46,NaN,NaN,NaN,NaN,NaN,NaN,NaN,NaN,NaN,NaN
753.01,37.12,27.76,37.50,20.00,AUTO,0,85,NaN,24.20,66.64,-5.39,85.46,NaN,NaN,NaN,NaN,NaN,NaN,NaN,NaN,NaN,NaN
754.01,37.11,27.76,37.50,20.00,AUTO,0,85,NaN,21.18,68.79,-4.74,85.23,NaN,NaN,NaN,NaN,NaN,NaN,NaN,NaN,NaN,NaN
755.01,37.12,27.76,37.50,20.00,AUTO,0,85,NaN,21.18,68.79,-4.74,85.23,NaN,NaN,NaN,NaN,NaN,NaN,NaN,NaN,NaN,NaN
756.01,37.12,27.76,37.50,20.00,AUTO,0,85,NaN,21.18,68.79,-4.74,85.23,NaN,NaN,NaN,NaN,NaN,NaN,NaN,NaN,NaN,NaN
757.01,37.12,27.76,37.50,20.00,AUTO,0,85,NaN,21.18,68.79,-4.74,85.23,NaN,NaN,NaN,NaN,NaN,NaN,NaN,NaN,NaN,NaN
758.01,37.12,27.76,37.50,20.00,AUTO,0,85,NaN,21.18,68.79,-4.74,85.23,NaN,NaN,NaN,NaN,NaN,NaN,NaN,NaN,NaN,NaN
759.01,37.12,27.76,37.50,20.00,AUTO,0,85,NaN,21.18,68.79,-4.74,85.23,NaN,NaN,NaN,NaN,NaN,NaN,NaN,NaN,NaN,NaN
760.02,37.11,27.76,37.50,20.00,AUTO,0,85,NaN,21.18,68.79,-4.74,85.23,NaN,NaN,NaN,NaN,NaN,NaN,NaN,NaN,NaN,NaN
761.02,37.13,27.76,37.50,20.00,AUTO,0,85,NaN,21.18,68.79,-4.74,85.23,NaN,NaN,NaN,NaN,NaN,NaN,NaN,NaN,NaN,NaN
762.02,37.12,27.76,37.50,20.00,AUTO,0,85,NaN,21.18,68.79,-4.74,85.23,NaN,NaN,NaN,NaN,NaN,NaN,NaN,NaN,NaN,NaN
763.02,37.14,27.76,37.50,20.00,AUTO,0,85,NaN,21.18,68.79,-4.74,85.23,NaN,NaN,NaN,NaN,NaN,NaN,NaN,NaN,NaN,NaN
764.02,37.14,27.76,37.50,20.00,AUTO,0,85,NaN,21.18,68.79,-4.74,85.23,NaN,NaN,NaN,NaN,NaN,NaN,NaN,NaN,NaN,NaN
765.02,37.15,27.76,37.50,20.00,AUTO,0,85,NaN,21.18,68.79,-4.74,85.23,NaN,NaN,NaN,NaN,NaN,NaN,NaN,NaN,NaN,NaN
766.03,37.17,27.76,37.50,20.00,AUTO,0,85,NaN,21.18,68.79,-4.74,85.23,NaN,NaN,NaN,NaN,NaN,NaN,NaN,NaN,NaN,NaN
767.03,37.17,27.76,37.50,20.00,AUTO,0,85,NaN,21.18,68.79,-4.74,85.23,NaN,NaN,NaN,NaN,NaN,NaN,NaN,NaN,NaN,NaN
768.03,37.17,27.76,37.50,20.00,AUTO,0,85,NaN,21.18,68.79,-4.74,85.23,NaN,NaN,NaN,NaN,NaN,NaN,NaN,NaN,NaN,NaN
769.03,37.18,27.76,37.50,20.00,AUTO,0,85,NaN,18.15,70.71,-4.02,84.85,NaN,NaN,NaN,NaN,NaN,NaN,NaN,NaN,NaN,NaN
770.03,37.17,27.76,37.50,20.00,AUTO,0,85,NaN,18.15,70.71,-4.02,84.85,NaN,NaN,NaN,NaN,NaN,NaN,NaN,NaN,NaN,NaN
771.03,37.18,27.78,37.50,20.00,AUTO,0,85,NaN,18.15,70.71,-4.02,84.85,NaN,NaN,NaN,NaN,NaN,NaN,NaN,NaN,NaN,NaN
772.03,37.18,27.76,37.50,20.00,AUTO,0,85,NaN,18.15,70.71,-4.02,84.85,NaN,NaN,NaN,NaN,NaN,NaN,NaN,NaN,NaN,NaN
773.04,37.19,27.73,37.50,20.00,AUTO,0,85,NaN,18.15,70.71,-4.02,84.85,NaN,NaN,NaN,NaN,NaN,NaN,NaN,NaN,NaN,NaN
774.04,37.20,27.73,37.50,20.00,AUTO,0,85,NaN,18.15,70.71,-4.02,84.85,NaN,NaN,NaN,NaN,NaN,NaN,NaN,NaN,NaN,NaN
775.04,37.20,27.73,37.50,20.00,AUTO,0,85,NaN,18.15,70.71,-4.02,84.85,NaN,NaN,NaN,NaN,NaN,NaN,NaN,NaN,NaN,NaN
776.04,37.20,27.73,37.50,20.00,AUTO,0,85,NaN,18.15,70.71,-4.02,84.85,NaN,NaN,NaN,NaN,NaN,NaN,NaN,NaN,NaN,NaN
777.04,37.18,27.73,37.50,20.00,AUTO,0,85,NaN,18.15,70.71,-4.02,84.85,NaN,NaN,NaN,NaN,NaN,NaN,NaN,NaN,NaN,NaN
778.04,37.19,27.78,37.50,20.00,AUTO,0,85,NaN,18.15,70.71,-4.02,84.85,NaN,NaN,NaN,NaN,NaN,NaN,NaN,NaN,NaN,NaN
779.05,37.20,27.78,37.50,20.00,AUTO,0,85,NaN,18.15,70.71,-4.02,84.85,NaN,NaN,NaN,NaN,NaN,NaN,NaN,NaN,NaN,NaN
780.05,37.20,27.78,37.50,20.00,AUTO,0,85,NaN,18.15,70.71,-4.02,84.85,NaN,NaN,NaN,NaN,NaN,NaN,NaN,NaN,NaN,NaN
781.05,37.19,27.78,37.50,20.00,AUTO,0,85,NaN,18.15,70.71,-4.02,84.85,NaN,NaN,NaN,NaN,NaN,NaN,NaN,NaN,NaN,NaN
782.05,37.21,27.78,37.50,20.00,AUTO,0,85,NaN,18.15,70.71,-4.02,84.85,NaN,NaN,NaN,NaN,NaN,NaN,NaN,NaN,NaN,NaN
783.05,37.21,27.78,37.50,20.00,AUTO,0,85,NaN,18.15,70.71,-4.02,84.85,NaN,NaN,NaN,NaN,NaN,NaN,NaN,NaN,NaN,NaN
784.06,37.21,27.78,37.50,20.00,AUTO,0,85,NaN,15.95,72.33,-3.34,84.94,NaN,NaN,NaN,NaN,NaN,NaN,NaN,NaN,NaN,NaN
785.06,37.22,27.78,37.50,20.00,AUTO,0,85,NaN,15.95,72.33,-3.34,84.94,NaN,NaN,NaN,NaN,NaN,NaN,NaN,NaN,NaN,NaN
786.06,37.22,27.73,37.50,20.00,AUTO,0,85,NaN,15.95,72.33,-3.34,84.94,NaN,NaN,NaN,NaN,NaN,NaN,NaN,NaN,NaN,NaN
787.06,37.25,27.73,37.50,20.00,AUTO,0,85,NaN,15.95,72.33,-3.34,84.94,NaN,NaN,NaN,NaN,NaN,NaN,NaN,NaN,NaN,NaN
788.06,37.26,27.73,37.50,20.00,AUTO,0,85,NaN,15.95,72.33,-3.34,84.94,NaN,NaN,NaN,NaN,NaN,NaN,NaN,NaN,NaN,NaN
789.06,37.26,27.73,37.50,20.00,AUTO,0,85,NaN,15.95,72.33,-3.34,84.94,NaN,NaN,NaN,NaN,NaN,NaN,NaN,NaN,NaN,NaN
790.07,37.26,27.73,37.50,20.00,AUTO,0,85,NaN,15.95,72.33,-3.34,84.94,NaN,NaN,NaN,NaN,NaN,NaN,NaN,NaN,NaN,NaN
791.06,37.26,27.73,37.50,20.00,AUTO,0,85,NaN,15.95,72.33,-3.34,84.94,NaN,NaN,NaN,NaN,NaN,NaN,NaN,NaN,NaN,NaN
792.07,37.26,27.73,37.50,20.00,AUTO,0,85,NaN,15.95,72.33,-3.34,84.94,NaN,NaN,NaN,NaN,NaN,NaN,NaN,NaN,NaN,NaN
793.07,37.26,27.73,37.50,20.00,AUTO,0,85,NaN,15.95,72.33,-3.34,84.94,NaN,NaN,NaN,NaN,NaN,NaN,NaN,NaN,NaN,NaN
794.07,37.25,27.73,37.50,20.00,AUTO,0,85,NaN,15.95,72.33,-3.34,84.94,NaN,NaN,NaN,NaN,NaN,NaN,NaN,NaN,NaN,NaN
795.07,37.25,27.73,37.50,20.00,AUTO,0,85,NaN,15.95,72.33,-3.34,84.94,NaN,NaN,NaN,NaN,NaN,NaN,NaN,NaN,NaN,NaN
796.07,37.26,27.73,37.50,20.00,AUTO,0,85,NaN,15.95,72.33,-3.34,84.94,NaN,NaN,NaN,NaN,NaN,NaN,NaN,NaN,NaN,NaN
797.07,37.28,27.73,37.50,20.00,AUTO,0,85,NaN,15.95,72.33,-3.34,84.94,NaN,NaN,NaN,NaN,NaN,NaN,NaN,NaN,NaN,NaN
798.08,37.29,27.73,37.50,20.00,AUTO,0,85,NaN,15.95,72.33,-3.34,84.94,NaN,NaN,NaN,NaN,NaN,NaN,NaN,NaN,NaN,NaN
799.08,37.29,27.73,37.50,20.00,AUTO,0,80,NaN,11.82,73.63,-5.45,80.01,NaN,NaN,NaN,NaN,NaN,NaN,NaN,NaN,NaN,NaN
800.08,37.30,27.73,37.50,20.00,AUTO,0,80,NaN,11.82,73.63,-5.45,80.01,NaN,NaN,NaN,NaN,NaN,NaN,NaN,NaN,NaN,NaN
801.08,37.30,27.73,37.50,20.00,AUTO,0,80,NaN,11.82,73.63,-5.45,80.01,NaN,NaN,NaN,NaN,NaN,NaN,NaN,NaN,NaN,NaN
802.08,37.30,27.69,37.50,20.00,AUTO,0,80,NaN,11.82,73.63,-5.45,80.01,NaN,NaN,NaN,NaN,NaN,NaN,NaN,NaN,NaN,NaN
803.08,37.30,27.69,37.50,20.00,AUTO,0,80,NaN,11.82,73.63,-5.45,80.01,NaN,NaN,NaN,NaN,NaN,NaN,NaN,NaN,NaN,NaN
804.09,37.28,27.73,37.50,20.00,AUTO,0,80,NaN,11.82,73.63,-5.45,80.01,NaN,NaN,NaN,NaN,NaN,NaN,NaN,NaN,NaN,NaN
805.09,37.29,27.73,37.50,20.00,AUTO,0,80,NaN,11.82,73.63,-5.45,80.01,NaN,NaN,NaN,NaN,NaN,NaN,NaN,NaN,NaN,NaN
806.09,37.30,27.73,37.50,20.00,AUTO,0,80,NaN,11.82,73.63,-5.45,80.01,NaN,NaN,NaN,NaN,NaN,NaN,NaN,NaN,NaN,NaN
807.09,37.30,27.73,37.50,20.00,AUTO,0,80,NaN,11.82,73.63,-5.45,80.01,NaN,NaN,NaN,NaN,NaN,NaN,NaN,NaN,NaN,NaN
808.09,37.31,27.73,37.50,20.00,AUTO,0,80,NaN,11.82,73.63,-5.45,80.01,NaN,NaN,NaN,NaN,NaN,NaN,NaN,NaN,NaN,NaN
809.09,37.30,27.73,37.50,20.00,AUTO,0,80,NaN,11.82,73.63,-5.45,80.01,NaN,NaN,NaN,NaN,NaN,NaN,NaN,NaN,NaN,NaN
810.09,37.31,27.73,37.50,20.00,AUTO,0,80,NaN,11.82,73.63,-5.45,80.01,NaN,NaN,NaN,NaN,NaN,NaN,NaN,NaN,NaN,NaN
811.10,37.33,27.73,37.50,20.00,AUTO,0,80,NaN,11.82,73.63,-5.45,80.01,NaN,NaN,NaN,NaN,NaN,NaN,NaN,NaN,NaN,NaN
812.10,37.32,27.73,37.50,20.00,AUTO,0,80,NaN,11.82,73.63,-5.45,80.01,NaN,NaN,NaN,NaN,NaN,NaN,NaN,NaN,NaN,NaN
813.10,37.32,27.73,37.50,20.00,AUTO,0,80,NaN,11.82,73.63,-5.45,80.01,NaN,NaN,NaN,NaN,NaN,NaN,NaN,NaN,NaN,NaN
814.10,37.31,27.73,37.50,20.00,AUTO,0,81,NaN,9.90,74.66,-3.79,80.77,NaN,NaN,NaN,NaN,NaN,NaN,NaN,NaN,NaN,NaN
815.10,37.32,27.73,37.50,20.00,AUTO,0,81,NaN,9.90,74.66,-3.79,80.77,NaN,NaN,NaN,NaN,NaN,NaN,NaN,NaN,NaN,NaN
816.11,37.32,27.73,37.50,20.00,AUTO,0,81,NaN,9.90,74.66,-3.79,80.77,NaN,NaN,NaN,NaN,NaN,NaN,NaN,NaN,NaN,NaN
817.11,37.32,27.73,37.50,20.00,AUTO,0,81,NaN,9.90,74.66,-3.79,80.77,NaN,NaN,NaN,NaN,NaN,NaN,NaN,NaN,NaN,NaN
818.11,37.31,27.73,37.50,20.00,AUTO,0,81,NaN,9.90,74.66,-3.79,80.77,NaN,NaN,NaN,NaN,NaN,NaN,NaN,NaN,NaN,NaN
819.11,37.32,27.73,37.50,20.00,AUTO,0,81,NaN,9.90,74.66,-3.79,80.77,NaN,NaN,NaN,NaN,NaN,NaN,NaN,NaN,NaN,NaN
820.11,37.33,27.73,37.50,20.00,AUTO,0,81,NaN,9.90,74.66,-3.79,80.77,NaN,NaN,NaN,NaN,NaN,NaN,NaN,NaN,NaN,NaN
821.11,37.34,27.73,37.50,20.00,AUTO,0,81,NaN,9.90,74.66,-3.79,80.77,NaN,NaN,NaN,NaN,NaN,NaN,NaN,NaN,NaN,NaN
822.11,37.33,27.73,37.50,20.00,AUTO,0,81,NaN,9.90,74.66,-3.79,80.77,NaN,NaN,NaN,NaN,NaN,NaN,NaN,NaN,NaN,NaN
823.11,37.33,27.73,37.50,20.00,AUTO,0,81,NaN,9.90,74.66,-3.79,80.77,NaN,NaN,NaN,NaN,NaN,NaN,NaN,NaN,NaN,NaN
824.12,37.34,27.75,37.50,20.00,AUTO,0,81,NaN,9.90,74.66,-3.79,80.77,NaN,NaN,NaN,NaN,NaN,NaN,NaN,NaN,NaN,NaN
825.12,37.35,27.73,37.50,20.00,AUTO,0,81,NaN,9.90,74.66,-3.79,80.77,NaN,NaN,NaN,NaN,NaN,NaN,NaN,NaN,NaN,NaN
826.12,37.34,27.73,37.50,20.00,AUTO,0,81,NaN,9.90,74.66,-3.79,80.77,NaN,NaN,NaN,NaN,NaN,NaN,NaN,NaN,NaN,NaN
827.12,37.34,27.73,37.50,20.00,AUTO,0,81,NaN,9.90,74.66,-3.79,80.77,NaN,NaN,NaN,NaN,NaN,NaN,NaN,NaN,NaN,NaN
828.12,37.33,27.73,37.50,20.00,AUTO,0,81,NaN,9.90,74.66,-3.79,80.77,NaN,NaN,NaN,NaN,NaN,NaN,NaN,NaN,NaN,NaN
829.12,37.32,27.78,37.50,20.00,AUTO,0,83,NaN,9.07,75.56,-2.01,82.63,NaN,NaN,NaN,NaN,NaN,NaN,NaN,NaN,NaN,NaN
830.13,37.33,27.78,37.50,20.00,AUTO,0,83,NaN,9.07,75.56,-2.01,82.63,NaN,NaN,NaN,NaN,NaN,NaN,NaN,NaN,NaN,NaN
831.13,37.34,27.78,37.50,20.00,AUTO,0,83,NaN,9.07,75.56,-2.01,82.63,NaN,NaN,NaN,NaN,NaN,NaN,NaN,NaN,NaN,NaN
832.13,37.33,27.78,37.50,20.00,AUTO,0,83,NaN,9.07,75.56,-2.01,82.63,NaN,NaN,NaN,NaN,NaN,NaN,NaN,NaN,NaN,NaN
833.13,37.33,27.78,37.50,20.00,AUTO,0,83,NaN,9.07,75.56,-2.01,82.63,NaN,NaN,NaN,NaN,NaN,NaN,NaN,NaN,NaN,NaN
834.13,37.33,27.78,37.50,20.00,AUTO,0,83,NaN,9.07,75.56,-2.01,82.63,NaN,NaN,NaN,NaN,NaN,NaN,NaN,NaN,NaN,NaN
835.13,37.33,27.78,37.50,20.00,AUTO,0,83,NaN,9.07,75.56,-2.01,82.63,NaN,NaN,NaN,NaN,NaN,NaN,NaN,NaN,NaN,NaN
836.13,37.34,27.78,37.50,20.00,AUTO,0,83,NaN,9.07,75.56,-2.01,82.63,NaN,NaN,NaN,NaN,NaN,NaN,NaN,NaN,NaN,NaN
837.14,37.34,27.78,37.50,20.00,AUTO,0,83,NaN,9.07,75.56,-2.01,82.63,NaN,NaN,NaN,NaN,NaN,NaN,NaN,NaN,NaN,NaN
838.14,37.34,27.78,37.50,20.00,AUTO,0,83,NaN,9.07,75.56,-2.01,82.63,NaN,NaN,NaN,NaN,NaN,NaN,NaN,NaN,NaN,NaN
839.14,37.34,27.78,37.50,20.00,AUTO,0,83,NaN,9.07,75.56,-2.01,82.63,NaN,NaN,NaN,NaN,NaN,NaN,NaN,NaN,NaN,NaN
840.14,37.35,27.78,37.50,20.00,AUTO,0,83,NaN,9.07,75.56,-2.01,82.63,NaN,NaN,NaN,NaN,NaN,NaN,NaN,NaN,NaN,NaN
841.14,37.34,27.78,37.50,20.00,AUTO,0,83,NaN,9.07,75.56,-2.01,82.63,NaN,NaN,NaN,NaN,NaN,NaN,NaN,NaN,NaN,NaN
842.14,37.35,27.78,37.50,20.00,AUTO,0,83,NaN,9.07,75.56,-2.01,82.63,NaN,NaN,NaN,NaN,NaN,NaN,NaN,NaN,NaN,NaN
843.15,37.36,27.79,37.50,20.00,AUTO,0,83,NaN,9.07,75.56,-2.01,82.63,NaN,NaN,NaN,NaN,NaN,NaN,NaN,NaN,NaN,NaN
844.15,37.35,27.78,37.50,20.00,AUTO,0,84,NaN,7.98,76.41,-0.79,83.60,NaN,NaN,NaN,NaN,NaN,NaN,NaN,NaN,NaN,NaN
845.15,37.35,27.78,37.50,20.00,AUTO,0,84,NaN,7.98,76.41,-0.79,83.60,NaN,NaN,NaN,NaN,NaN,NaN,NaN,NaN,NaN,NaN
846.15,37.36,27.79,37.50,20.00,AUTO,0,84,NaN,7.98,76.41,-0.79,83.60,NaN,NaN,NaN,NaN,NaN,NaN,NaN,NaN,NaN,NaN
847.15,37.36,27.79,37.50,20.00,AUTO,0,84,NaN,7.98,76.41,-0.79,83.60,NaN,NaN,NaN,NaN,NaN,NaN,NaN,NaN,NaN,NaN
848.15,37.37,27.79,37.50,20.00,AUTO,0,84,NaN,7.98,76.41,-0.79,83.60,NaN,NaN,NaN,NaN,NaN,NaN,NaN,NaN,NaN,NaN
849.16,37.37,27.79,37.50,20.00,AUTO,0,84,NaN,7.98,76.41,-0.79,83.60,NaN,NaN,NaN,NaN,NaN,NaN,NaN,NaN,NaN,NaN
850.16,37.36,27.79,37.50,20.00,AUTO,0,84,NaN,7.98,76.41,-0.79,83.60,NaN,NaN,NaN,NaN,NaN,NaN,NaN,NaN,NaN,NaN
851.16,37.37,27.79,37.50,20.00,AUTO,0,84,NaN,7.98,76.41,-0.79,83.60,NaN,NaN,NaN,NaN,NaN,NaN,NaN,NaN,NaN,NaN
852.16,37.35,27.78,37.50,20.00,AUTO,0,84,NaN,7.98,76.41,-0.79,83.60,NaN,NaN,NaN,NaN,NaN,NaN,NaN,NaN,NaN,NaN
853.16,37.35,27.81,37.50,20.00,AUTO,0,84,NaN,7.98,76.41,-0.79,83.60,NaN,NaN,NaN,NaN,NaN,NaN,NaN,NaN,NaN,NaN
854.16,37.35,27.81,37.50,20.00,AUTO,0,84,NaN,7.98,76.41,-0.79,83.60,NaN,NaN,NaN,NaN,NaN,NaN,NaN,NaN,NaN,NaN
855.16,37.35,27.81,37.50,20.00,AUTO,0,84,NaN,7.98,76.41,-0.79,83.60,NaN,NaN,NaN,NaN,NaN,NaN,NaN,NaN,NaN,NaN
856.17,37.36,27.83,37.50,20.00,AUTO,0,84,NaN,7.98,76.41,-0.79,83.60,NaN,NaN,NaN,NaN,NaN,NaN,NaN,NaN,NaN,NaN
857.17,37.36,27.83,37.50,20.00,AUTO,0,84,NaN,7.98,76.41,-0.79,83.60,NaN,NaN,NaN,NaN,NaN,NaN,NaN,NaN,NaN,NaN
858.17,37.37,27.83,37.50,20.00,AUTO,0,84,NaN,7.98,76.41,-0.79,83.60,NaN,NaN,NaN,NaN,NaN,NaN,NaN,NaN,NaN,NaN
859.17,37.37,27.83,37.50,20.00,AUTO,0,84,NaN,7.43,77.15,-0.88,83.70,NaN,NaN,NaN,NaN,NaN,NaN,NaN,NaN,NaN,NaN
860.17,37.37,27.83,37.50,20.00,AUTO,0,84,NaN,7.43,77.15,-0.88,83.70,NaN,NaN,NaN,NaN,NaN,NaN,NaN,NaN,NaN,NaN
861.17,37.37,27.83,37.50,20.00,AUTO,0,84,NaN,7.43,77.15,-0.88,83.70,NaN,NaN,NaN,NaN,NaN,NaN,NaN,NaN,NaN,NaN
862.18,37.36,27.83,37.50,20.00,AUTO,0,84,NaN,7.43,77.15,-0.88,83.70,NaN,NaN,NaN,NaN,NaN,NaN,NaN,NaN,NaN,NaN
863.18,37.36,27.83,37.50,20.00,AUTO,0,84,NaN,7.43,77.15,-0.88,83.70,NaN,NaN,NaN,NaN,NaN,NaN,NaN,NaN,NaN,NaN
864.18,37.36,27.83,37.50,20.00,AUTO,0,84,NaN,7.43,77.15,-0.88,83.70,NaN,NaN,NaN,NaN,NaN,NaN,NaN,NaN,NaN,NaN
865.18,37.36,27.87,37.50,20.00,AUTO,0,84,NaN,7.43,77.15,-0.88,83.70,NaN,NaN,NaN,NaN,NaN,NaN,NaN,NaN,NaN,NaN
866.18,37.36,27.87,37.50,20.00,AUTO,0,84,NaN,7.43,77.15,-0.88,83.70,NaN,NaN,NaN,NaN,NaN,NaN,NaN,NaN,NaN,NaN
867.18,37.36,27.87,37.50,20.00,AUTO,0,84,NaN,7.43,77.15,-0.88,83.70,NaN,NaN,NaN,NaN,NaN,NaN,NaN,NaN,NaN,NaN
868.18,37.36,27.87,37.50,20.00,AUTO,0,84,NaN,7.43,77.15,-0.88,83.70,NaN,NaN,NaN,NaN,NaN,NaN,NaN,NaN,NaN,NaN
869.19,37.37,27.87,37.50,20.00,AUTO,0,84,NaN,7.43,77.15,-0.88,83.70,NaN,NaN,NaN,NaN,NaN,NaN,NaN,NaN,NaN,NaN
870.19,37.37,27.87,37.50,20.00,AUTO,0,84,NaN,7.43,77.15,-0.88,83.70,NaN,NaN,NaN,NaN,NaN,NaN,NaN,NaN,NaN,NaN
871.19,37.38,27.87,37.50,20.00,AUTO,0,84,NaN,7.43,77.15,-0.88,83.70,NaN,NaN,NaN,NaN,NaN,NaN,NaN,NaN,NaN,NaN
872.19,37.41,27.87,37.50,20.00,AUTO,0,84,NaN,7.43,77.15,-0.88,83.70,NaN,NaN,NaN,NaN,NaN,NaN,NaN,NaN,NaN,NaN
873.19,37.41,27.87,37.50,20.00,AUTO,0,84,NaN,7.43,77.15,-0.88,83.70,NaN,NaN,NaN,NaN,NaN,NaN,NaN,NaN,NaN,NaN
874.19,37.40,27.87,37.50,20.00,AUTO,0,81,NaN,4.95,77.83,-2.15,80.63,NaN,NaN,NaN,NaN,NaN,NaN,NaN,NaN,NaN,NaN
875.20,37.40,27.87,37.50,20.00,AUTO,0,81,NaN,4.95,77.83,-2.15,80.63,NaN,NaN,NaN,NaN,NaN,NaN,NaN,NaN,NaN,NaN
876.20,37.42,27.87,37.50,20.00,AUTO,0,81,NaN,4.95,77.83,-2.15,80.63,NaN,NaN,NaN,NaN,NaN,NaN,NaN,NaN,NaN,NaN
877.20,37.42,27.87,37.50,20.00,AUTO,0,81,NaN,4.95,77.83,-2.15,80.63,NaN,NaN,NaN,NaN,NaN,NaN,NaN,NaN,NaN,NaN
878.20,37.41,27.87,37.50,20.00,AUTO,0,81,NaN,4.95,77.83,-2.15,80.63,NaN,NaN,NaN,NaN,NaN,NaN,NaN,NaN,NaN,NaN
879.20,37.41,27.87,37.50,20.00,AUTO,0,81,NaN,4.95,77.83,-2.15,80.63,NaN,NaN,NaN,NaN,NaN,NaN,NaN,NaN,NaN,NaN
880.20,37.42,27.87,37.50,20.00,AUTO,0,81,NaN,4.95,77.83,-2.15,80.63,NaN,NaN,NaN,NaN,NaN,NaN,NaN,NaN,NaN,NaN
881.21,37.43,27.87,37.50,20.00,AUTO,0,81,NaN,4.95,77.83,-2.15,80.63,NaN,NaN,NaN,NaN,NaN,NaN,NaN,NaN,NaN,NaN
882.20,37.43,27.83,37.50,20.00,AUTO,0,81,NaN,4.95,77.83,-2.15,80.63,NaN,NaN,NaN,NaN,NaN,NaN,NaN,NaN,NaN,NaN
883.21,37.43,27.87,37.50,20.00,AUTO,0,81,NaN,4.95,77.83,-2.15,80.63,NaN,NaN,NaN,NaN,NaN,NaN,NaN,NaN,NaN,NaN
884.21,37.43,27.87,37.50,20.00,AUTO,0,81,NaN,4.95,77.83,-2.15,80.63,NaN,NaN,NaN,NaN,NaN,NaN,NaN,NaN,NaN,NaN
885.21,37.44,27.87,37.50,20.00,AUTO,0,81,NaN,4.95,77.83,-2.15,80.63,NaN,NaN,NaN,NaN,NaN,NaN,NaN,NaN,NaN,NaN
886.21,37.44,27.87,37.50,20.00,AUTO,0,81,NaN,4.95,77.83,-2.15,80.63,NaN,NaN,NaN,NaN,NaN,NaN,NaN,NaN,NaN,NaN
887.21,37.47,27.83,37.50,20.00,AUTO,0,81,NaN,4.95,77.83,-2.15,80.63,NaN,NaN,NaN,NaN,NaN,NaN,NaN,NaN,NaN,NaN
888.22,37.47,27.83,37.50,20.00,AUTO,0,81,NaN,4.95,77.83,-2.15,80.63,NaN,NaN,NaN,NaN,NaN,NaN,NaN,NaN,NaN,NaN
889.22,37.47,27.83,37.50,20.00,AUTO,0,75,NaN,1.65,78.21,-5.09,74.77,NaN,NaN,NaN,NaN,NaN,NaN,NaN,NaN,NaN,NaN
890.22,37.47,27.83,37.50,20.00,AUTO,0,75,NaN,1.65,78.21,-5.09,74.77,NaN,NaN,NaN,NaN,NaN,NaN,NaN,NaN,NaN,NaN
891.22,37.47,27.83,37.50,20.00,AUTO,0,75,NaN,1.65,78.21,-5.09,74.77,NaN,NaN,NaN,NaN,NaN,NaN,NaN,NaN,NaN,NaN
892.22,37.47,27.83,37.50,20.00,AUTO,0,75,NaN,1.65,78.21,-5.09,74.77,NaN,NaN,NaN,NaN,NaN,NaN,NaN,NaN,NaN,NaN
893.22,37.47,27.83,37.50,20.00,AUTO,0,75,NaN,1.65,78.21,-5.09,74.77,NaN,NaN,NaN,NaN,NaN,NaN,NaN,NaN,NaN,NaN
894.23,37.47,27.83,37.50,20.00,AUTO,0,75,NaN,1.65,78.21,-5.09,74.77,NaN,NaN,NaN,NaN,NaN,NaN,NaN,NaN,NaN,NaN
895.23,37.47,27.83,37.50,20.00,AUTO,0,75,NaN,1.65,78.21,-5.09,74.77,NaN,NaN,NaN,NaN,NaN,NaN,NaN,NaN,NaN,NaN
896.23,37.48,27.83,37.50,20.00,AUTO,0,75,NaN,1.65,78.21,-5.09,74.77,NaN,NaN,NaN,NaN,NaN,NaN,NaN,NaN,NaN,NaN
897.23,37.48,27.83,37.50,20.00,AUTO,0,75,NaN,1.65,78.21,-5.09,74.77,NaN,NaN,NaN,NaN,NaN,NaN,NaN,NaN,NaN,NaN
898.23,37.49,27.83,37.50,20.00,AUTO,0,75,NaN,1.65,78.21,-5.09,74.77,NaN,NaN,NaN,NaN,NaN,NaN,NaN,NaN,NaN,NaN
899.23,37.51,27.83,37.50,20.00,AUTO,0,75,NaN,1.65,78.21,-5.09,74.77,NaN,NaN,NaN,NaN,NaN,NaN,NaN,NaN,NaN,NaN
900.23,37.52,27.79,37.50,20.00,AUTO,0,75,NaN,1.65,78.21,-5.09,74.77,NaN,NaN,NaN,NaN,NaN,NaN,NaN,NaN,NaN,NaN
901.24,37.55,27.81,37.50,20.00,AUTO,0,75,NaN,1.65,78.21,-5.09,74.77,NaN,NaN,NaN,NaN,NaN,NaN,NaN,NaN,NaN,NaN
902.24,37.56,27.81,37.50,20.00,AUTO,0,75,NaN,1.65,78.21,-5.09,74.77,NaN,NaN,NaN,NaN,NaN,NaN,NaN,NaN,NaN,NaN
903.24,37.56,27.81,37.50,20.00,AUTO,0,75,NaN,1.65,78.21,-5.09,74.77,NaN,NaN,NaN,NaN,NaN,NaN,NaN,NaN,NaN,NaN
904.24,37.54,27.81,37.50,20.00,AUTO,0,68,NaN,-3.30,78.23,-6.81,68.12,NaN,NaN,NaN,NaN,NaN,NaN,NaN,NaN,NaN,NaN
905.24,37.54,27.81,37.50,20.00,AUTO,0,68,NaN,-3.30,78.23,-6.81,68.12,NaN,NaN,NaN,NaN,NaN,NaN,NaN,NaN,NaN,NaN
906.24,37.52,27.81,37.50,20.00,AUTO,0,68,NaN,-3.30,78.23,-6.81,68.12,NaN,NaN,NaN,NaN,NaN,NaN,NaN,NaN,NaN,NaN
907.25,37.52,27.79,37.50,20.00,AUTO,0,68,NaN,-3.30,78.23,-6.81,68.12,NaN,NaN,NaN,NaN,NaN,NaN,NaN,NaN,NaN,NaN
908.25,37.51,27.79,37.50,20.00,AUTO,0,68,NaN,-3.30,78.23,-6.81,68.12,NaN,NaN,NaN,NaN,NaN,NaN,NaN,NaN,NaN,NaN
909.25,37.52,27.81,37.50,20.00,AUTO,0,68,NaN,-3.30,78.23,-6.81,68.12,NaN,NaN,NaN,NaN,NaN,NaN,NaN,NaN,NaN,NaN
910.25,37.51,27.81,37.50,20.00,AUTO,0,68,NaN,-3.30,78.23,-6.81,68.12,NaN,NaN,NaN,NaN,NaN,NaN,NaN,NaN,NaN,NaN
911.25,37.51,27.83,37.50,20.00,AUTO,0,68,NaN,-3.30,78.23,-6.81,68.12,NaN,NaN,NaN,NaN,NaN,NaN,NaN,NaN,NaN,NaN
912.25,37.52,27.84,37.50,20.00,AUTO,0,68,NaN,-3.30,78.23,-6.81,68.12,NaN,NaN,NaN,NaN,NaN,NaN,NaN,NaN,NaN,NaN
913.26,37.50,27.83,37.50,20.00,AUTO,0,68,NaN,-3.30,78.23,-6.81,68.12,NaN,NaN,NaN,NaN,NaN,NaN,NaN,NaN,NaN,NaN
914.25,37.50,27.83,37.50,20.00,AUTO,0,68,NaN,-3.30,78.23,-6.81,68.12,NaN,NaN,NaN,NaN,NaN,NaN,NaN,NaN,NaN,NaN
915.26,37.51,27.83,37.50,20.00,AUTO,0,68,NaN,-3.30,78.23,-6.81,68.12,NaN,NaN,NaN,NaN,NaN,NaN,NaN,NaN,NaN,NaN
916.26,37.50,27.87,37.50,20.00,AUTO,0,68,NaN,-3.30,78.23,-6.81,68.12,NaN,NaN,NaN,NaN,NaN,NaN,NaN,NaN,NaN,NaN
917.26,37.50,27.87,37.50,20.00,AUTO,0,68,NaN,-3.30,78.23,-6.81,68.12,NaN,NaN,NaN,NaN,NaN,NaN,NaN,NaN,NaN,NaN
918.26,37.50,27.87,37.50,20.00,AUTO,0,68,NaN,-3.30,78.23,-6.81,68.12,NaN,NaN,NaN,NaN,NaN,NaN,NaN,NaN,NaN,NaN
919.26,37.49,27.87,37.50,20.00,AUTO,0,81,NaN,0.00,78.16,2.85,81.01,NaN,NaN,NaN,NaN,NaN,NaN,NaN,NaN,NaN,NaN
920.27,37.49,27.87,37.50,20.00,AUTO,0,81,NaN,0.00,78.16,2.85,81.01,NaN,NaN,NaN,NaN,NaN,NaN,NaN,NaN,NaN,NaN
921.27,37.49,27.87,37.50,20.00,AUTO,0,81,NaN,0.00,78.16,2.85,81.01,NaN,NaN,NaN,NaN,NaN,NaN,NaN,NaN,NaN,NaN
922.27,37.49,27.87,37.50,20.00,AUTO,0,81,NaN,0.00,78.16,2.85,81.01,NaN,NaN,NaN,NaN,NaN,NaN,NaN,NaN,NaN,NaN
923.27,37.48,27.91,37.50,20.00,AUTO,0,81,NaN,0.00,78.16,2.85,81.01,NaN,NaN,NaN,NaN,NaN,NaN,NaN,NaN,NaN,NaN
924.27,37.47,27.91,37.50,20.00,AUTO,0,81,NaN,0.00,78.16,2.85,81.01,NaN,NaN,NaN,NaN,NaN,NaN,NaN,NaN,NaN,NaN
925.27,37.48,27.91,37.50,20.00,AUTO,0,81,NaN,0.00,78.16,2.85,81.01,NaN,NaN,NaN,NaN,NaN,NaN,NaN,NaN,NaN,NaN
926.28,37.48,27.91,37.50,20.00,AUTO,0,81,NaN,0.00,78.16,2.85,81.01,NaN,NaN,NaN,NaN,NaN,NaN,NaN,NaN,NaN,NaN
927.28,37.49,27.91,37.50,20.00,AUTO,0,81,NaN,0.00,78.16,2.85,81.01,NaN,NaN,NaN,NaN,NaN,NaN,NaN,NaN,NaN,NaN
928.28,37.48,27.91,37.50,20.00,AUTO,0,81,NaN,0.00,78.16,2.85,81.01,NaN,NaN,NaN,NaN,NaN,NaN,NaN,NaN,NaN,NaN
929.28,37.47,27.91,37.50,20.00,AUTO,0,81,NaN,0.00,78.16,2.85,81.01,NaN,NaN,NaN,NaN,NaN,NaN,NaN,NaN,NaN,NaN
930.28,37.47,27.95,37.50,20.00,AUTO,0,81,NaN,0.00,78.16,2.85,81.01,NaN,NaN,NaN,NaN,NaN,NaN,NaN,NaN,NaN,NaN
931.28,37.48,27.95,37.50,20.00,AUTO,0,81,NaN,0.00,78.16,2.85,81.01,NaN,NaN,NaN,NaN,NaN,NaN,NaN,NaN,NaN,NaN
932.29,37.48,27.95,37.50,20.00,AUTO,0,81,NaN,0.00,78.16,2.85,81.01,NaN,NaN,NaN,NaN,NaN,NaN,NaN,NaN,NaN,NaN
933.29,37.49,27.95,37.50,20.00,AUTO,0,81,NaN,0.00,78.16,2.85,81.01,NaN,NaN,NaN,NaN,NaN,NaN,NaN,NaN,NaN,NaN
934.29,37.47,27.95,37.50,20.00,AUTO,0,81,NaN,0.83,78.25,1.72,80.79,NaN,NaN,NaN,NaN,NaN,NaN,NaN,NaN,NaN,NaN
935.29,37.47,27.95,37.50,20.00,AUTO,0,81,NaN,0.83,78.25,1.72,80.79,NaN,NaN,NaN,NaN,NaN,NaN,NaN,NaN,NaN,NaN
936.29,37.47,27.95,37.50,20.00,AUTO,0,81,NaN,0.83,78.25,1.72,80.79,NaN,NaN,NaN,NaN,NaN,NaN,NaN,NaN,NaN,NaN
937.29,37.47,27.95,37.50,20.00,AUTO,0,81,NaN,0.83,78.25,1.72,80.79,NaN,NaN,NaN,NaN,NaN,NaN,NaN,NaN,NaN,NaN
938.29,37.46,28.00,37.50,20.00,AUTO,0,81,NaN,0.83,78.25,1.72,80.79,NaN,NaN,NaN,NaN,NaN,NaN,NaN,NaN,NaN,NaN
939.30,37.47,28.00,37.50,20.00,AUTO,0,81,NaN,0.83,78.25,1.72,80.79,NaN,NaN,NaN,NaN,NaN,NaN,NaN,NaN,NaN,NaN
940.30,37.47,28.00,37.50,20.00,AUTO,0,81,NaN,0.83,78.25,1.72,80.79,NaN,NaN,NaN,NaN,NaN,NaN,NaN,NaN,NaN,NaN
941.30,37.47,28.00,37.50,20.00,AUTO,0,81,NaN,0.83,78.25,1.72,80.79,NaN,NaN,NaN,NaN,NaN,NaN,NaN,NaN,NaN,NaN
942.30,37.46,28.00,37.50,20.00,AUTO,0,81,NaN,0.83,78.25,1.72,80.79,NaN,NaN,NaN,NaN,NaN,NaN,NaN,NaN,NaN,NaN
943.30,37.47,28.00,37.50,20.00,AUTO,0,81,NaN,0.83,78.25,1.72,80.79,NaN,NaN,NaN,NaN,NaN,NaN,NaN,NaN,NaN,NaN
944.30,37.47,28.00,37.50,20.00,AUTO,0,81,NaN,0.83,78.25,1.72,80.79,NaN,NaN,NaN,NaN,NaN,NaN,NaN,NaN,NaN,NaN
945.31,37.47,28.00,37.50,20.00,AUTO,0,81,NaN,0.83,78.25,1.72,80.79,NaN,NaN,NaN,NaN,NaN,NaN,NaN,NaN,NaN,NaN
946.30,37.47,28.00,37.50,20.00,AUTO,0,81,NaN,0.83,78.25,1.72,80.79,NaN,NaN,NaN,NaN,NaN,NaN,NaN,NaN,NaN,NaN
947.31,37.48,28.00,37.50,20.00,AUTO,0,81,NaN,0.83,78.25,1.72,80.79,NaN,NaN,NaN,NaN,NaN,NaN,NaN,NaN,NaN,NaN
948.31,37.48,28.00,37.50,20.00,AUTO,0,81,NaN,0.83,78.25,1.72,80.79,NaN,NaN,NaN,NaN,NaN,NaN,NaN,NaN,NaN,NaN
949.31,37.47,28.03,37.50,20.00,AUTO,0,80,NaN,1.10,78.41,0.18,79.69,NaN,NaN,NaN,NaN,NaN,NaN,NaN,NaN,NaN,NaN
950.31,37.47,28.03,37.50,20.00,AUTO,0,80,NaN,1.10,78.41,0.18,79.69,NaN,NaN,NaN,NaN,NaN,NaN,NaN,NaN,NaN,NaN
951.31,37.47,28.03,37.50,20.00,AUTO,0,80,NaN,1.10,78.41,0.18,79.69,NaN,NaN,NaN,NaN,NaN,NaN,NaN,NaN,NaN,NaN
952.32,37.47,28.03,37.50,20.00,AUTO,0,80,NaN,1.10,78.41,0.18,79.69,NaN,NaN,NaN,NaN,NaN,NaN,NaN,NaN,NaN,NaN
953.32,37.47,28.03,37.50,20.00,AUTO,0,80,NaN,1.10,78.41,0.18,79.69,NaN,NaN,NaN,NaN,NaN,NaN,NaN,NaN,NaN,NaN
954.32,37.47,28.03,37.50,20.00,AUTO,0,80,NaN,1.10,78.41,0.18,79.69,NaN,NaN,NaN,NaN,NaN,NaN,NaN,NaN,NaN,NaN
955.32,37.47,28.03,37.50,20.00,AUTO,0,80,NaN,1.10,78.41,0.18,79.69,NaN,NaN,NaN,NaN,NaN,NaN,NaN,NaN,NaN,NaN
956.32,37.48,28.03,37.50,20.00,AUTO,0,80,NaN,1.10,78.41,0.18,79.69,NaN,NaN,NaN,NaN,NaN,NaN,NaN,NaN,NaN,NaN
957.32,37.48,28.03,37.50,20.00,AUTO,0,80,NaN,1.10,78.41,0.18,79.69,NaN,NaN,NaN,NaN,NaN,NaN,NaN,NaN,NaN,NaN
958.33,37.47,28.03,37.50,20.00,AUTO,0,80,NaN,1.10,78.41,0.18,79.69,NaN,NaN,NaN,NaN,NaN,NaN,NaN,NaN,NaN,NaN
959.33,37.47,28.03,37.50,20.00,AUTO,0,80,NaN,1.10,78.41,0.18,79.69,NaN,NaN,NaN,NaN,NaN,NaN,NaN,NaN,NaN,NaN
960.33,37.47,28.03,37.50,20.00,AUTO,0,80,NaN,1.10,78.41,0.18,79.69,NaN,NaN,NaN,NaN,NaN,NaN,NaN,NaN,NaN,NaN
961.33,37.47,28.03,37.50,20.00,AUTO,0,80,NaN,1.10,78.41,0.18,79.69,NaN,NaN,NaN,NaN,NaN,NaN,NaN,NaN,NaN,NaN
962.33,37.48,28.03,37.50,20.00,AUTO,0,80,NaN,1.10,78.41,0.18,79.69,NaN,NaN,NaN,NaN,NaN,NaN,NaN,NaN,NaN,NaN
963.33,37.48,28.03,37.50,20.00,AUTO,0,80,NaN,1.10,78.41,0.18,79.69,NaN,NaN,NaN,NaN,NaN,NaN,NaN,NaN,NaN,NaN
964.33,37.47,28.03,37.50,20.00,AUTO,0,79,NaN,1.10,78.55,-0.22,79.44,NaN,NaN,NaN,NaN,NaN,NaN,NaN,NaN,NaN,NaN
965.34,37.47,28.07,37.50,20.00,AUTO,0,79,NaN,1.10,78.55,-0.22,79.44,NaN,NaN,NaN,NaN,NaN,NaN,NaN,NaN,NaN,NaN
966.34,37.47,28.07,37.50,20.00,AUTO,0,79,NaN,1.10,78.55,-0.22,79.44,NaN,NaN,NaN,NaN,NaN,NaN,NaN,NaN,NaN,NaN
967.34,37.47,28.07,37.50,20.00,AUTO,0,79,NaN,1.10,78.55,-0.22,79.44,NaN,NaN,NaN,NaN,NaN,NaN,NaN,NaN,NaN,NaN
968.34,37.47,28.07,37.50,20.00,AUTO,0,79,NaN,1.10,78.55,-0.22,79.44,NaN,NaN,NaN,NaN,NaN,NaN,NaN,NaN,NaN,NaN
969.34,37.47,28.07,37.50,20.00,AUTO,0,79,NaN,1.10,78.55,-0.22,79.44,NaN,NaN,NaN,NaN,NaN,NaN,NaN,NaN,NaN,NaN
970.34,37.46,28.07,37.50,20.00,AUTO,0,79,NaN,1.10,78.55,-0.22,79.44,NaN,NaN,NaN,NaN,NaN,NaN,NaN,NaN,NaN,NaN
971.35,37.47,28.07,37.50,20.00,AUTO,0,79,NaN,1.10,78.55,-0.22,79.44,NaN,NaN,NaN,NaN,NaN,NaN,NaN,NaN,NaN,NaN
972.35,37.46,28.12,37.50,20.00,AUTO,0,79,NaN,1.10,78.55,-0.22,79.44,NaN,NaN,NaN,NaN,NaN,NaN,NaN,NaN,NaN,NaN
973.35,37.47,28.12,37.50,20.00,AUTO,0,79,NaN,1.10,78.55,-0.22,79.44,NaN,NaN,NaN,NaN,NaN,NaN,NaN,NaN,NaN,NaN
974.35,37.47,28.12,37.50,20.00,AUTO,0,79,NaN,1.10,78.55,-0.22,79.44,NaN,NaN,NaN,NaN,NaN,NaN,NaN,NaN,NaN,NaN
975.35,37.46,28.12,37.50,20.00,AUTO,0,79,NaN,1.10,78.55,-0.22,79.44,NaN,NaN,NaN,NaN,NaN,NaN,NaN,NaN,NaN,NaN
976.35,37.47,28.12,37.50,20.00,AUTO,0,79,NaN,1.10,78.55,-0.22,79.44,NaN,NaN,NaN,NaN,NaN,NaN,NaN,NaN,NaN,NaN
977.36,37.47,28.12,37.50,20.00,AUTO,0,79,NaN,1.10,78.55,-0.22,79.44,NaN,NaN,NaN,NaN,NaN,NaN,NaN,NaN,NaN,NaN
978.36,37.47,28.12,37.50,20.00,AUTO,0,79,NaN,1.10,78.55,-0.22,79.44,NaN,NaN,NaN,NaN,NaN,NaN,NaN,NaN,NaN,NaN
979.36,37.47,28.12,37.50,20.00,AUTO,0,81,NaN,1.65,78.72,0.42,80.80,NaN,NaN,NaN,NaN,NaN,NaN,NaN,NaN,NaN,NaN
980.36,37.49,28.12,37.50,20.00,AUTO,0,81,NaN,1.65,78.72,0.42,80.80,NaN,NaN,NaN,NaN,NaN,NaN,NaN,NaN,NaN,NaN
981.36,37.48,28.12,37.50,20.00,AUTO,0,81,NaN,1.65,78.72,0.42,80.80,NaN,NaN,NaN,NaN,NaN,NaN,NaN,NaN,NaN,NaN
982.36,37.48,28.12,37.50,20.00,AUTO,0,81,NaN,1.65,78.72,0.42,80.80,NaN,NaN,NaN,NaN,NaN,NaN,NaN,NaN,NaN,NaN
983.36,37.48,28.12,37.50,20.00,AUTO,0,81,NaN,1.65,78.72,0.42,80.80,NaN,NaN,NaN,NaN,NaN,NaN,NaN,NaN,NaN,NaN
984.36,37.49,28.12,37.50,20.00,AUTO,0,81,NaN,1.65,78.72,0.42,80.80,NaN,NaN,NaN,NaN,NaN,NaN,NaN,NaN,NaN,NaN
985.37,37.49,28.12,37.50,20.00,AUTO,0,81,NaN,1.65,78.72,0.42,80.80,NaN,NaN,NaN,NaN,NaN,NaN,NaN,NaN,NaN,NaN
986.37,37.48,28.12,37.50,20.00,AUTO,0,81,NaN,1.65,78.72,0.42,80.80,NaN,NaN,NaN,NaN,NaN,NaN,NaN,NaN,NaN,NaN
987.37,37.48,28.12,37.50,20.00,AUTO,0,81,NaN,1.65,78.72,0.42,80.80,NaN,NaN,NaN,NaN,NaN,NaN,NaN,NaN,NaN,NaN
988.37,37.47,28.12,37.50,20.00,AUTO,0,81,NaN,1.65,78.72,0.42,80.80,NaN,NaN,NaN,NaN,NaN,NaN,NaN,NaN,NaN,NaN
989.37,37.48,28.12,37.50,20.00,AUTO,0,81,NaN,1.65,78.72,0.42,80.80,NaN,NaN,NaN,NaN,NaN,NaN,NaN,NaN,NaN,NaN
990.38,37.48,28.12,37.50,20.00,AUTO,0,81,NaN,1.65,78.72,0.42,80.80,NaN,NaN,NaN,NaN,NaN,NaN,NaN,NaN,NaN,NaN
991.38,37.49,28.12,37.50,20.00,AUTO,0,81,NaN,1.65,78.72,0.42,80.80,NaN,NaN,NaN,NaN,NaN,NaN,NaN,NaN,NaN,NaN
992.38,37.49,28.12,37.50,20.00,AUTO,0,81,NaN,1.65,78.72,0.42,80.80,NaN,NaN,NaN,NaN,NaN,NaN,NaN,NaN,NaN,NaN
993.38,37.48,28.16,37.50,20.00,AUTO,0,81,NaN,1.65,78.72,0.42,80.80,NaN,NaN,NaN,NaN,NaN,NaN,NaN,NaN,NaN,NaN
994.38,37.46,28.16,37.50,20.00,AUTO,0,79,NaN,0.83,78.82,-1.09,78.55,NaN,NaN,NaN,NaN,NaN,NaN,NaN,NaN,NaN,NaN
995.38,37.47,28.16,37.50,20.00,AUTO,0,79,NaN,0.83,78.82,-1.09,78.55,NaN,NaN,NaN,NaN,NaN,NaN,NaN,NaN,NaN,NaN
996.39,37.47,28.16,37.50,20.00,AUTO,0,79,NaN,0.83,78.82,-1.09,78.55,NaN,NaN,NaN,NaN,NaN,NaN,NaN,NaN,NaN,NaN
997.39,37.47,28.16,37.50,20.00,AUTO,0,79,NaN,0.83,78.82,-1.09,78.55,NaN,NaN,NaN,NaN,NaN,NaN,NaN,NaN,NaN,NaN
998.39,37.47,28.16,37.50,20.00,AUTO,0,79,NaN,0.83,78.82,-1.09,78.55,NaN,NaN,NaN,NaN,NaN,NaN,NaN,NaN,NaN,NaN
999.39,37.48,28.16,37.50,20.00,AUTO,0,79,NaN,0.83,78.82,-1.09,78.55,NaN,NaN,NaN,NaN,NaN,NaN,NaN,NaN,NaN,NaN
1000.39,37.48,28.16,37.50,20.00,AUTO,0,79,NaN,0.83,78.82,-1.09,78.55,NaN,NaN,NaN,NaN,NaN,NaN,NaN,NaN,NaN,NaN
1001.39,37.48,28.16,37.50,20.00,AUTO,0,79,NaN,0.83,78.82,-1.09,78.55,NaN,NaN,NaN,NaN,NaN,NaN,NaN,NaN,NaN,NaN
1002.39,37.48,28.16,37.50,20.00,AUTO,0,79,NaN,0.83,78.82,-1.09,78.55,NaN,NaN,NaN,NaN,NaN,NaN,NaN,NaN,NaN,NaN
1003.40,37.48,28.16,37.50,20.00,AUTO,0,79,NaN,0.83,78.82,-1.09,78.55,NaN,NaN,NaN,NaN,NaN,NaN,NaN,NaN,NaN,NaN
1004.40,37.49,28.16,37.50,20.00,AUTO,0,79,NaN,0.83,78.82,-1.09,78.55,NaN,NaN,NaN,NaN,NaN,NaN,NaN,NaN,NaN,NaN
1005.40,37.50,28.16,37.50,20.00,AUTO,0,79,NaN,0.83,78.82,-1.09,78.55,NaN,NaN,NaN,NaN,NaN,NaN,NaN,NaN,NaN,NaN
1006.40,37.52,28.17,37.50,20.00,AUTO,0,79,NaN,0.83,78.82,-1.09,78.55,NaN,NaN,NaN,NaN,NaN,NaN,NaN,NaN,NaN,NaN
1007.40,37.54,28.17,37.50,20.00,AUTO,0,79,NaN,0.83,78.82,-1.09,78.55,NaN,NaN,NaN,NaN,NaN,NaN,NaN,NaN,NaN,NaN
1008.40,37.52,28.17,37.50,20.00,AUTO,0,79,NaN,0.83,78.82,-1.09,78.55,NaN,NaN,NaN,NaN,NaN,NaN,NaN,NaN,NaN,NaN
1009.41,37.51,28.16,37.50,20.00,AUTO,0,75,NaN,-1.65,78.88,-2.53,74.70,NaN,NaN,NaN,NaN,NaN,NaN,NaN,NaN,NaN,NaN
1010.41,37.50,28.16,37.50,20.00,AUTO,0,75,NaN,-1.65,78.88,-2.53,74.70,NaN,NaN,NaN,NaN,NaN,NaN,NaN,NaN,NaN,NaN
1011.41,37.50,28.16,37.50,20.00,AUTO,0,75,NaN,-1.65,78.88,-2.53,74.70,NaN,NaN,NaN,NaN,NaN,NaN,NaN,NaN,NaN,NaN
1012.41,37.50,28.16,37.50,20.00,AUTO,0,75,NaN,-1.65,78.88,-2.53,74.70,NaN,NaN,NaN,NaN,NaN,NaN,NaN,NaN,NaN,NaN
1013.41,37.50,28.16,37.50,20.00,AUTO,0,75,NaN,-1.65,78.88,-2.53,74.70,NaN,NaN,NaN,NaN,NaN,NaN,NaN,NaN,NaN,NaN
1014.41,37.50,28.16,37.50,20.00,AUTO,0,75,NaN,-1.65,78.88,-2.53,74.70,NaN,NaN,NaN,NaN,NaN,NaN,NaN,NaN,NaN,NaN
1015.41,37.50,28.16,37.50,20.00,AUTO,0,75,NaN,-1.65,78.88,-2.53,74.70,NaN,NaN,NaN,NaN,NaN,NaN,NaN,NaN,NaN,NaN
1016.42,37.51,28.16,37.50,20.00,AUTO,0,75,NaN,-1.65,78.88,-2.53,74.70,NaN,NaN,NaN,NaN,NaN,NaN,NaN,NaN,NaN,NaN
1017.42,37.52,28.16,37.50,20.00,AUTO,0,75,NaN,-1.65,78.88,-2.53,74.70,NaN,NaN,NaN,NaN,NaN,NaN,NaN,NaN,NaN,NaN
1018.42,37.51,28.17,37.50,20.00,AUTO,0,75,NaN,-1.65,78.88,-2.53,74.70,NaN,NaN,NaN,NaN,NaN,NaN,NaN,NaN,NaN,NaN
1019.42,37.52,28.17,37.50,20.00,AUTO,0,75,NaN,-1.65,78.88,-2.53,74.70,NaN,NaN,NaN,NaN,NaN,NaN,NaN,NaN,NaN,NaN
1020.42,37.54,28.17,37.50,20.00,AUTO,0,75,NaN,-1.65,78.88,-2.53,74.70,NaN,NaN,NaN,NaN,NaN,NaN,NaN,NaN,NaN,NaN
1021.42,37.56,28.17,37.50,20.00,AUTO,0,75,NaN,-1.65,78.88,-2.53,74.70,NaN,NaN,NaN,NaN,NaN,NaN,NaN,NaN,NaN,NaN
1022.43,37.56,28.17,37.50,20.00,AUTO,0,75,NaN,-1.65,78.88,-2.53,74.70,NaN,NaN,NaN,NaN,NaN,NaN,NaN,NaN,NaN,NaN
1023.43,37.57,28.17,37.50,20.00,AUTO,0,75,NaN,-1.65,78.88,-2.53,74.70,NaN,NaN,NaN,NaN,NaN,NaN,NaN,NaN,NaN,NaN
1024.43,37.56,28.17,37.50,20.00,AUTO,0,72,NaN,-3.58,78.78,-3.00,72.20,NaN,NaN,NaN,NaN,NaN,NaN,NaN,NaN,NaN,NaN
1025.43,37.56,28.17,37.50,20.00,AUTO,0,72,NaN,-3.58,78.78,-3.00,72.20,NaN,NaN,NaN,NaN,NaN,NaN,NaN,NaN,NaN,NaN
1026.43,37.56,28.17,37.50,20.00,AUTO,0,72,NaN,-3.58,78.78,-3.00,72.20,NaN,NaN,NaN,NaN,NaN,NaN,NaN,NaN,NaN,NaN
1027.43,37.55,28.17,37.50,20.00,AUTO,0,72,NaN,-3.58,78.78,-3.00,72.20,NaN,NaN,NaN,NaN,NaN,NaN,NaN,NaN,NaN,NaN
1028.43,37.55,28.17,37.50,20.00,AUTO,0,72,NaN,-3.58,78.78,-3.00,72.20,NaN,NaN,NaN,NaN,NaN,NaN,NaN,NaN,NaN,NaN
1029.44,37.55,28.17,37.50,20.00,AUTO,0,72,NaN,-3.58,78.78,-3.00,72.20,NaN,NaN,NaN,NaN,NaN,NaN,NaN,NaN,NaN,NaN
1030.44,37.55,28.17,37.50,20.00,AUTO,0,72,NaN,-3.58,78.78,-3.00,72.20,NaN,NaN,NaN,NaN,NaN,NaN,NaN,NaN,NaN,NaN
1031.44,37.55,28.17,37.50,20.00,AUTO,0,72,NaN,-3.58,78.78,-3.00,72.20,NaN,NaN,NaN,NaN,NaN,NaN,NaN,NaN,NaN,NaN
1032.44,37.54,28.17,37.50,20.00,AUTO,0,72,NaN,-3.58,78.78,-3.00,72.20,NaN,NaN,NaN,NaN,NaN,NaN,NaN,NaN,NaN,NaN
1033.44,37.55,28.17,37.50,20.00,AUTO,0,72,NaN,-3.58,78.78,-3.00,72.20,NaN,NaN,NaN,NaN,NaN,NaN,NaN,NaN,NaN,NaN
1034.44,37.55,28.17,37.50,20.00,AUTO,0,72,NaN,-3.58,78.78,-3.00,72.20,NaN,NaN,NaN,NaN,NaN,NaN,NaN,NaN,NaN,NaN
1035.45,37.56,28.17,37.50,20.00,AUTO,0,72,NaN,-3.58,78.78,-3.00,72.20,NaN,NaN,NaN,NaN,NaN,NaN,NaN,NaN,NaN,NaN
1036.45,37.57,28.17,37.50,20.00,AUTO,0,72,NaN,-3.58,78.78,-3.00,72.20,NaN,NaN,NaN,NaN,NaN,NaN,NaN,NaN,NaN,NaN
1037.45,37.58,28.17,37.50,20.00,AUTO,0,72,NaN,-3.58,78.78,-3.00,72.20,NaN,NaN,NaN,NaN,NaN,NaN,NaN,NaN,NaN,NaN
1038.45,37.57,28.17,37.50,20.00,AUTO,0,72,NaN,-3.58,78.78,-3.00,72.20,NaN,NaN,NaN,NaN,NaN,NaN,NaN,NaN,NaN,NaN
1039.45,37.56,28.17,37.50,20.00,AUTO,0,73,NaN,-4.13,78.48,-1.15,73.20,NaN,NaN,NaN,NaN,NaN,NaN,NaN,NaN,NaN,NaN
1040.45,37.56,28.17,37.50,20.00,AUTO,0,73,NaN,-4.13,78.48,-1.15,73.20,NaN,NaN,NaN,NaN,NaN,NaN,NaN,NaN,NaN,NaN
1041.46,37.56,28.17,37.50,20.00,AUTO,0,73,NaN,-4.13,78.48,-1.15,73.20,NaN,NaN,NaN,NaN,NaN,NaN,NaN,NaN,NaN,NaN
1042.45,37.56,28.17,37.50,20.00,AUTO,0,73,NaN,-4.13,78.48,-1.15,73.20,NaN,NaN,NaN,NaN,NaN,NaN,NaN,NaN,NaN,NaN
1043.46,37.56,28.17,37.50,20.00,AUTO,0,73,NaN,-4.13,78.48,-1.15,73.20,NaN,NaN,NaN,NaN,NaN,NaN,NaN,NaN,NaN,NaN
1044.46,37.56,28.21,37.50,20.00,AUTO,0,73,NaN,-4.13,78.48,-1.15,73.20,NaN,NaN,NaN,NaN,NaN,NaN,NaN,NaN,NaN,NaN
1045.46,37.56,28.21,37.50,20.00,AUTO,0,73,NaN,-4.13,78.48,-1.15,73.20,NaN,NaN,NaN,NaN,NaN,NaN,NaN,NaN,NaN,NaN
1046.46,37.56,28.21,37.50,20.00,AUTO,0,73,NaN,-4.13,78.48,-1.15,73.20,NaN,NaN,NaN,NaN,NaN,NaN,NaN,NaN,NaN,NaN
1047.46,37.55,28.21,37.50,20.00,AUTO,0,73,NaN,-4.13,78.48,-1.15,73.20,NaN,NaN,NaN,NaN,NaN,NaN,NaN,NaN,NaN,NaN
1048.46,37.55,28.21,37.50,20.00,AUTO,0,73,NaN,-4.13,78.48,-1.15,73.20,NaN,NaN,NaN,NaN,NaN,NaN,NaN,NaN,NaN,NaN
1049.47,37.54,28.21,37.50,20.00,AUTO,0,73,NaN,-4.13,78.48,-1.15,73.20,NaN,NaN,NaN,NaN,NaN,NaN,NaN,NaN,NaN,NaN
1050.47,37.56,28.26,37.50,20.00,AUTO,0,73,NaN,-4.13,78.48,-1.15,73.20,NaN,NaN,NaN,NaN,NaN,NaN,NaN,NaN,NaN,NaN
1051.47,37.55,28.26,37.50,20.00,AUTO,0,73,NaN,-4.13,78.48,-1.15,73.20,NaN,NaN,NaN,NaN,NaN,NaN,NaN,NaN,NaN,NaN
1052.47,37.54,28.26,37.50,20.00,AUTO,0,73,NaN,-4.13,78.48,-1.15,73.20,NaN,NaN,NaN,NaN,NaN,NaN,NaN,NaN,NaN,NaN
1053.47,37.54,28.26,37.50,20.00,AUTO,0,73,NaN,-4.13,78.48,-1.15,73.20,NaN,NaN,NaN,NaN,NaN,NaN,NaN,NaN,NaN,NaN
1054.48,37.52,28.26,37.50,20.00,AUTO,0,77,NaN,-2.20,78.20,1.43,77.42,NaN,NaN,NaN,NaN,NaN,NaN,NaN,NaN,NaN,NaN
1055.48,37.52,28.29,37.50,20.00,AUTO,0,77,NaN,-2.20,78.20,1.43,77.42,NaN,NaN,NaN,NaN,NaN,NaN,NaN,NaN,NaN,NaN
1056.48,37.52,28.26,37.50,20.00,AUTO,0,77,NaN,-2.20,78.20,1.43,77.42,NaN,NaN,NaN,NaN,NaN,NaN,NaN,NaN,NaN,NaN
1057.48,37.52,28.28,37.50,20.00,AUTO,0,77,NaN,-2.20,78.20,1.43,77.42,NaN,NaN,NaN,NaN,NaN,NaN,NaN,NaN,NaN,NaN
1058.48,37.51,28.28,37.50,20.00,AUTO,0,77,NaN,-2.20,78.20,1.43,77.42,NaN,NaN,NaN,NaN,NaN,NaN,NaN,NaN,NaN,NaN
1059.48,37.51,28.28,37.50,20.00,AUTO,0,77,NaN,-2.20,78.20,1.43,77.42,NaN,NaN,NaN,NaN,NaN,NaN,NaN,NaN,NaN,NaN
1060.48,37.51,28.32,37.50,20.00,AUTO,0,77,NaN,-2.20,78.20,1.43,77.42,NaN,NaN,NaN,NaN,NaN,NaN,NaN,NaN,NaN,NaN
1061.49,37.52,28.29,37.50,20.00,AUTO,0,77,NaN,-2.20,78.20,1.43,77.42,NaN,NaN,NaN,NaN,NaN,NaN,NaN,NaN,NaN,NaN
1062.49,37.52,28.29,37.50,20.00,AUTO,0,77,NaN,-2.20,78.20,1.43,77.42,NaN,NaN,NaN,NaN,NaN,NaN,NaN,NaN,NaN,NaN
1063.49,37.52,28.29,37.50,20.00,AUTO,0,77,NaN,-2.20,78.20,1.43,77.42,NaN,NaN,NaN,NaN,NaN,NaN,NaN,NaN,NaN,NaN
1064.49,37.52,28.29,37.50,20.00,AUTO,0,77,NaN,-2.20,78.20,1.43,77.42,NaN,NaN,NaN,NaN,NaN,NaN,NaN,NaN,NaN,NaN
1065.49,37.54,28.33,37.50,20.00,AUTO,0,77,NaN,-2.20,78.20,1.43,77.42,NaN,NaN,NaN,NaN,NaN,NaN,NaN,NaN,NaN,NaN
1066.49,37.55,28.33,37.50,20.00,AUTO,0,77,NaN,-2.20,78.20,1.43,77.42,NaN,NaN,NaN,NaN,NaN,NaN,NaN,NaN,NaN,NaN
1067.50,37.56,28.29,37.50,20.00,AUTO,0,77,NaN,-2.20,78.20,1.43,77.42,NaN,NaN,NaN,NaN,NaN,NaN,NaN,NaN,NaN,NaN
1068.50,37.56,28.29,37.50,20.00,AUTO,0,77,NaN,-2.20,78.20,1.43,77.42,NaN,NaN,NaN,NaN,NaN,NaN,NaN,NaN,NaN,NaN
1069.50,37.55,28.33,37.50,20.00,AUTO,0,75,NaN,-3.30,78.06,-0.12,74.64,NaN,NaN,NaN,NaN,NaN,NaN,NaN,NaN,NaN,NaN
1070.50,37.55,28.33,37.50,20.00,AUTO,0,75,NaN,-3.30,78.06,-0.12,74.64,NaN,NaN,NaN,NaN,NaN,NaN,NaN,NaN,NaN,NaN
1071.50,37.54,28.33,37.50,20.00,AUTO,0,75,NaN,-3.30,78.06,-0.12,74.64,NaN,NaN,NaN,NaN,NaN,NaN,NaN,NaN,NaN,NaN
1072.50,37.55,28.33,37.50,20.00,AUTO,0,75,NaN,-3.30,78.06,-0.12,74.64,NaN,NaN,NaN,NaN,NaN,NaN,NaN,NaN,NaN,NaN
1073.51,37.55,28.33,37.50,20.00,AUTO,0,75,NaN,-3.30,78.06,-0.12,74.64,NaN,NaN,NaN,NaN,NaN,NaN,NaN,NaN,NaN,NaN
1074.51,37.55,28.33,37.50,20.00,AUTO,0,75,NaN,-3.30,78.06,-0.12,74.64,NaN,NaN,NaN,NaN,NaN,NaN,NaN,NaN,NaN,NaN
1075.51,37.56,28.33,37.50,20.00,AUTO,0,75,NaN,-3.30,78.06,-0.12,74.64,NaN,NaN,NaN,NaN,NaN,NaN,NaN,NaN,NaN,NaN
1076.51,37.56,28.33,37.50,20.00,AUTO,0,75,NaN,-3.30,78.06,-0.12,74.64,NaN,NaN,NaN,NaN,NaN,NaN,NaN,NaN,NaN,NaN
1077.51,37.56,28.33,37.50,20.00,AUTO,0,75,NaN,-3.30,78.06,-0.12,74.64,NaN,NaN,NaN,NaN,NaN,NaN,NaN,NaN,NaN,NaN
1078.51,37.56,28.33,37.50,20.00,AUTO,0,75,NaN,-3.30,78.06,-0.12,74.64,NaN,NaN,NaN,NaN,NaN,NaN,NaN,NaN,NaN,NaN
1079.51,37.55,28.33,37.50,20.00,AUTO,0,75,NaN,-3.30,78.06,-0.12,74.64,NaN,NaN,NaN,NaN,NaN,NaN,NaN,NaN,NaN,NaN
1080.51,37.56,28.33,37.50,20.00,AUTO,0,75,NaN,-3.30,78.06,-0.12,74.64,NaN,NaN,NaN,NaN,NaN,NaN,NaN,NaN,NaN,NaN
1081.52,37.57,28.33,37.50,20.00,AUTO,0,75,NaN,-3.30,78.06,-0.12,74.64,NaN,NaN,NaN,NaN,NaN,NaN,NaN,NaN,NaN,NaN
1082.52,37.57,28.33,37.50,20.00,AUTO,0,75,NaN,-3.30,78.06,-0.12,74.64,NaN,NaN,NaN,NaN,NaN,NaN,NaN,NaN,NaN,NaN
1083.52,37.59,28.33,37.50,20.00,AUTO,0,75,NaN,-3.30,78.06,-0.12,74.64,NaN,NaN,NaN,NaN,NaN,NaN,NaN,NaN,NaN,NaN
1084.52,37.56,28.33,37.50,20.00,AUTO,0,71,NaN,-4.40,77.75,-2.09,71.26,NaN,NaN,NaN,NaN,NaN,NaN,NaN,NaN,NaN,NaN
1085.52,37.57,28.33,37.50,20.00,AUTO,0,71,NaN,-4.40,77.75,-2.09,71.26,NaN,NaN,NaN,NaN,NaN,NaN,NaN,NaN,NaN,NaN
1086.53,37.56,28.33,37.50,20.00,AUTO,0,71,NaN,-4.40,77.75,-2.09,71.26,NaN,NaN,NaN,NaN,NaN,NaN,NaN,NaN,NaN,NaN
1087.53,37.56,28.33,37.50,20.00,AUTO,0,71,NaN,-4.40,77.75,-2.09,71.26,NaN,NaN,NaN,NaN,NaN,NaN,NaN,NaN,NaN,NaN
1088.53,37.55,28.33,37.50,20.00,AUTO,0,71,NaN,-4.40,77.75,-2.09,71.26,NaN,NaN,NaN,NaN,NaN,NaN,NaN,NaN,NaN,NaN
1089.53,37.55,28.33,37.50,20.00,AUTO,0,71,NaN,-4.40,77.75,-2.09,71.26,NaN,NaN,NaN,NaN,NaN,NaN,NaN,NaN,NaN,NaN
1090.53,37.55,28.33,37.50,20.00,AUTO,0,71,NaN,-4.40,77.75,-2.09,71.26,NaN,NaN,NaN,NaN,NaN,NaN,NaN,NaN,NaN,NaN
1091.53,37.55,28.38,37.50,20.00,AUTO,0,71,NaN,-4.40,77.75,-2.09,71.26,NaN,NaN,NaN,NaN,NaN,NaN,NaN,NaN,NaN,NaN
1092.53,37.54,28.38,37.50,20.00,AUTO,0,71,NaN,-4.40,77.75,-2.09,71.26,NaN,NaN,NaN,NaN,NaN,NaN,NaN,NaN,NaN,NaN
1093.54,37.55,28.38,37.50,20.00,AUTO,0,71,NaN,-4.40,77.75,-2.09,71.26,NaN,NaN,NaN,NaN,NaN,NaN,NaN,NaN,NaN,NaN
1094.54,37.56,28.38,37.50,20.00,AUTO,0,71,NaN,-4.40,77.75,-2.09,71.26,NaN,NaN,NaN,NaN,NaN,NaN,NaN,NaN,NaN,NaN
1095.54,37.57,28.38,37.50,20.00,AUTO,0,71,NaN,-4.40,77.75,-2.09,71.26,NaN,NaN,NaN,NaN,NaN,NaN,NaN,NaN,NaN,NaN
1096.54,37.57,28.38,37.50,20.00,AUTO,0,71,NaN,-4.40,77.75,-2.09,71.26,NaN,NaN,NaN,NaN,NaN,NaN,NaN,NaN,NaN,NaN
1097.54,37.57,28.38,37.50,20.00,AUTO,0,71,NaN,-4.40,77.75,-2.09,71.26,NaN,NaN,NaN,NaN,NaN,NaN,NaN,NaN,NaN,NaN
1098.54,37.57,28.38,37.50,20.00,AUTO,0,71,NaN,-4.40,77.75,-2.09,71.26,NaN,NaN,NaN,NaN,NaN,NaN,NaN,NaN,NaN,NaN
1099.55,37.56,28.38,37.50,20.00,AUTO,0,74,NaN,-3.85,77.44,0.15,73.74,NaN,NaN,NaN,NaN,NaN,NaN,NaN,NaN,NaN,NaN
1100.55,37.55,28.38,37.50,20.00,AUTO,0,74,NaN,-3.85,77.44,0.15,73.74,NaN,NaN,NaN,NaN,NaN,NaN,NaN,NaN,NaN,NaN
1101.55,37.55,28.42,37.50,20.00,AUTO,0,74,NaN,-3.85,77.44,0.15,73.74,NaN,NaN,NaN,NaN,NaN,NaN,NaN,NaN,NaN,NaN
1102.55,37.55,28.42,37.50,20.00,AUTO,0,74,NaN,-3.85,77.44,0.15,73.74,NaN,NaN,NaN,NaN,NaN,NaN,NaN,NaN,NaN,NaN
1103.55,37.55,28.42,37.50,20.00,AUTO,0,74,NaN,-3.85,77.44,0.15,73.74,NaN,NaN,NaN,NaN,NaN,NaN,NaN,NaN,NaN,NaN
1104.55,37.54,28.42,37.50,20.00,AUTO,0,74,NaN,-3.85,77.44,0.15,73.74,NaN,NaN,NaN,NaN,NaN,NaN,NaN,NaN,NaN,NaN
1105.56,37.55,28.42,37.50,20.00,AUTO,0,74,NaN,-3.85,77.44,0.15,73.74,NaN,NaN,NaN,NaN,NaN,NaN,NaN,NaN,NaN,NaN
1106.56,37.55,28.42,37.50,20.00,AUTO,0,74,NaN,-3.85,77.44,0.15,73.74,NaN,NaN,NaN,NaN,NaN,NaN,NaN,NaN,NaN,NaN
1107.56,37.55,28.42,37.50,20.00,AUTO,0,74,NaN,-3.85,77.44,0.15,73.74,NaN,NaN,NaN,NaN,NaN,NaN,NaN,NaN,NaN,NaN
1108.56,37.55,28.42,37.50,20.00,AUTO,0,74,NaN,-3.85,77.44,0.15,73.74,NaN,NaN,NaN,NaN,NaN,NaN,NaN,NaN,NaN,NaN
1109.56,37.55,28.42,37.50,20.00,AUTO,0,74,NaN,-3.85,77.44,0.15,73.74,NaN,NaN,NaN,NaN,NaN,NaN,NaN,NaN,NaN,NaN
1110.56,37.55,28.42,37.50,20.00,AUTO,0,74,NaN,-3.85,77.44,0.15,73.74,NaN,NaN,NaN,NaN,NaN,NaN,NaN,NaN,NaN,NaN
1111.56,37.57,28.42,37.50,20.00,AUTO,0,74,NaN,-3.85,77.44,0.15,73.74,NaN,NaN,NaN,NaN,NaN,NaN,NaN,NaN,NaN,NaN
1112.57,37.58,28.42,37.50,20.00,AUTO,0,74,NaN,-3.85,77.44,0.15,73.74,NaN,NaN,NaN,NaN,NaN,NaN,NaN,NaN,NaN,NaN
1113.57,37.58,28.42,37.50,20.00,AUTO,0,74,NaN,-3.85,77.44,0.15,73.74,NaN,NaN,NaN,NaN,NaN,NaN,NaN,NaN,NaN,NaN
1114.57,37.57,28.42,37.50,20.00,AUTO,0,73,NaN,-4.40,77.15,0.03,72.78,NaN,NaN,NaN,NaN,NaN,NaN,NaN,NaN,NaN,NaN
1115.57,37.57,28.42,37.50,20.00,AUTO,0,73,NaN,-4.40,77.15,0.03,72.78,NaN,NaN,NaN,NaN,NaN,NaN,NaN,NaN,NaN,NaN
1116.57,37.57,28.42,37.50,20.00,AUTO,0,73,NaN,-4.40,77.15,0.03,72.78,NaN,NaN,NaN,NaN,NaN,NaN,NaN,NaN,NaN,NaN
1117.57,37.56,28.42,37.50,20.00,AUTO,0,73,NaN,-4.40,77.15,0.03,72.78,NaN,NaN,NaN,NaN,NaN,NaN,NaN,NaN,NaN,NaN
1118.58,37.56,28.42,37.50,20.00,AUTO,0,73,NaN,-4.40,77.15,0.03,72.78,NaN,NaN,NaN,NaN,NaN,NaN,NaN,NaN,NaN,NaN
1119.58,37.56,28.42,37.50,20.00,AUTO,0,73,NaN,-4.40,77.15,0.03,72.78,NaN,NaN,NaN,NaN,NaN,NaN,NaN,NaN,NaN,NaN
1120.58,37.56,28.42,37.50,20.00,AUTO,0,73,NaN,-4.40,77.15,0.03,72.78,NaN,NaN,NaN,NaN,NaN,NaN,NaN,NaN,NaN,NaN
1121.58,37.56,28.45,37.50,20.00,AUTO,0,73,NaN,-4.40,77.15,0.03,72.78,NaN,NaN,NaN,NaN,NaN,NaN,NaN,NaN,NaN,NaN
1122.58,37.56,28.45,37.50,20.00,AUTO,0,73,NaN,-4.40,77.15,0.03,72.78,NaN,NaN,NaN,NaN,NaN,NaN,NaN,NaN,NaN,NaN
1123.59,37.56,28.45,37.50,20.00,AUTO,0,73,NaN,-4.40,77.15,0.03,72.78,NaN,NaN,NaN,NaN,NaN,NaN,NaN,NaN,NaN,NaN
1124.58,37.56,28.45,37.50,20.00,AUTO,0,73,NaN,-4.40,77.15,0.03,72.78,NaN,NaN,NaN,NaN,NaN,NaN,NaN,NaN,NaN,NaN
1125.58,37.58,28.45,37.50,20.00,AUTO,0,73,NaN,-4.40,77.15,0.03,72.78,NaN,NaN,NaN,NaN,NaN,NaN,NaN,NaN,NaN,NaN
1126.59,37.58,28.45,37.50,20.00,AUTO,0,73,NaN,-4.40,77.15,0.03,72.78,NaN,NaN,NaN,NaN,NaN,NaN,NaN,NaN,NaN,NaN
1127.59,37.57,28.45,37.50,20.00,AUTO,0,73,NaN,-4.40,77.15,0.03,72.78,NaN,NaN,NaN,NaN,NaN,NaN,NaN,NaN,NaN,NaN
1128.59,37.58,28.45,37.50,20.00,AUTO,0,73,NaN,-4.40,77.15,0.03,72.78,NaN,NaN,NaN,NaN,NaN,NaN,NaN,NaN,NaN,NaN
1129.59,37.57,28.45,37.50,20.00,AUTO,0,72,NaN,-4.13,76.80,-0.57,72.11,NaN,NaN,NaN,NaN,NaN,NaN,NaN,NaN,NaN,NaN
1130.59,37.56,28.50,37.50,20.00,AUTO,0,72,NaN,-4.13,76.80,-0.57,72.11,NaN,NaN,NaN,NaN,NaN,NaN,NaN,NaN,NaN,NaN
1131.60,37.56,28.50,37.50,20.00,AUTO,0,72,NaN,-4.13,76.80,-0.57,72.11,NaN,NaN,NaN,NaN,NaN,NaN,NaN,NaN,NaN,NaN
