Time_Seconds,Temperature,Humidity,Setpoint_Temperature,Setpoint_Humidity,Ctrl,Error_Code,T_PWM,RH_PWM,T_PID_p,T_PID_i,T_PID_d,T_PID_out,RH_PID_p,RH_PID_i,RH_PID_d,RH_PID_out
0.00,32.64,36.98,36.00,20.00,AUTO,5,0,0,0.00,0.00,0.00,0.00,0.00,0.00,0.00,0.00
1.00,32.63,36.98,36.00,20.00,MAN,9,0,0,0.00,0.00,0.00,0.00,0.00,0.00,0.00,0.00
2.00,32.63,36.98,36.00,20.00,MAN,9,0,0,0.00,0.00,0.00,0.00,0.00,0.00,0.00,0.00
3.00,32.63,36.98,36.00,20.00,MAN,9,0,0,0.00,0.00,0.00,0.00,0.00,0.00,0.00,0.00
4.00,32.63,36.98,36.00,20.00,MAN,9,0,0,0.00,0.00,0.00,0.00,0.00,0.00,0.00,0.00
5.01,32.63,36.98,36.00,20.00,MAN,9,0,0,0.00,0.00,0.00,0.00,0.00,0.00,0.00,0.00
6.01,32.63,36.98,36.00,20.00,MAN,9,0,0,0.00,0.00,0.00,0.00,0.00,0.00,0.00,0.00
7.01,32.63,36.98,36.00,20.00,MAN,9,0,0,0.00,0.00,0.00,0.00,0.00,0.00,0.00,0.00
8.01,32.64,36.98,36.00,20.00,MAN,9,0,0,0.00,0.00,0.00,0.00,0.00,0.00,0.00,0.00
9.01,32.64,36.95,36.00,20.00,MAN,9,0,0,0.00,0.00,0.00,0.00,0.00,0.00,0.00,0.00
10.02,32.66,36.95,36.00,20.00,MAN,9,0,0,0.00,0.00,0.00,0.00,0.00,0.00,0.00,0.00
11.01,32.66,36.91,36.00,20.00,MAN,9,0,0,0.00,0.00,0.00,0.00,0.00,0.00,0.00,0.00
12.02,32.66,36.88,36.00,20.00,MAN,9,0,0,0.00,0.00,0.00,0.00,0.00,0.00,0.00,0.00
13.02,32.67,36.88,36.00,20.00,MAN,9,0,0,0.00,0.00,0.00,0.00,0.00,0.00,0.00,0.00
14.02,32.68,36.85,36.00,20.00,MAN,9,0,0,0.00,0.00,0.00,0.00,0.00,0.00,0.00,0.00
15.02,32.69,36.85,36.00,20.00,MAN,9,0,0,0.00,0.00,0.00,0.00,0.00,0.00,0.00,0.00
16.02,32.70,36.81,36.00,20.00,MAN,9,0,0,0.00,0.00,0.00,0.00,0.00,0.00,0.00,0.00
17.02,32.71,36.78,36.00,20.00,MAN,9,0,0,0.00,0.00,0.00,0.00,0.00,0.00,0.00,0.00
18.03,32.73,36.78,36.00,20.00,MAN,9,0,0,0.00,0.00,0.00,0.00,0.00,0.00,0.00,0.00
19.03,32.74,36.78,36.00,20.00,MAN,9,0,0,0.00,0.00,0.00,0.00,0.00,0.00,0.00,0.00
20.03,32.75,36.74,36.00,20.00,MAN,9,0,0,0.00,0.00,0.00,0.00,0.00,0.00,0.00,0.00
21.03,32.77,36.74,36.00,20.00,MAN,9,0,0,0.00,0.00,0.00,0.00,0.00,0.00,0.00,0.00
22.03,32.78,36.71,36.00,20.00,MAN,9,0,0,0.00,0.00,0.00,0.00,0.00,0.00,0.00,0.00
23.04,32.79,36.72,36.00,20.00,MAN,9,0,0,0.00,0.00,0.00,0.00,0.00,0.00,0.00,0.00
24.04,32.81,36.69,36.00,20.00,MAN,9,0,0,0.00,0.00,0.00,0.00,0.00,0.00,0.00,0.00
25.04,32.82,36.69,36.00,20.00,MAN,9,0,0,0.00,0.00,0.00,0.00,0.00,0.00,0.00,0.00
26.04,32.84,36.66,36.00,20.00,MAN,9,0,0,0.00,0.00,0.00,0.00,0.00,0.00,0.00,0.00
27.04,32.85,36.66,36.00,20.00,MAN,9,0,0,0.00,0.00,0.00,0.00,0.00,0.00,0.00,0.00
28.04,32.87,36.63,36.00,20.00,MAN,9,0,0,0.00,0.00,0.00,0.00,0.00,0.00,0.00,0.00
29.04,32.89,36.63,36.00,20.00,MAN,9,0,0,0.00,0.00,0.00,0.00,0.00,0.00,0.00,0.00
30.04,32.91,36.56,36.00,20.00,MAN,9,0,0,0.00,0.00,0.00,0.00,0.00,0.00,0.00,0.00
31.05,32.93,36.53,36.00,20.00,MAN,9,0,0,0.00,0.00,0.00,0.00,0.00,0.00,0.00,0.00
32.05,32.94,36.51,36.00,20.00,MAN,9,0,0,0.00,0.00,0.00,0.00,0.00,0.00,0.00,0.00
33.05,32.99,36.51,36.00,20.00,MAN,9,0,0,0.00,0.00,0.00,0.00,0.00,0.00,0.00,0.00
34.05,33.02,36.47,36.00,20.00,MAN,9,0,0,0.00,0.00,0.00,0.00,0.00,0.00,0.00,0.00
35.05,33.05,36.44,36.00,20.00,MAN,9,0,0,0.00,0.00,0.00,0.00,0.00,0.00,0.00,0.00
36.05,33.06,36.40,36.00,20.00,MAN,9,0,0,0.00,0.00,0.00,0.00,0.00,0.00,0.00,0.00
37.06,33.09,36.37,36.00,20.00,MAN,9,0,0,0.00,0.00,0.00,0.00,0.00,0.00,0.00,0.00
38.06,33.12,36.34,36.00,20.00,MAN,9,0,0,0.00,0.00,0.00,0.00,0.00,0.00,0.00,0.00
39.06,33.15,36.33,36.00,20.00,MAN,9,0,0,0.00,0.00,0.00,0.00,0.00,0.00,0.00,0.00
40.06,33.17,36.29,36.00,20.00,MAN,9,0,0,0.00,0.00,0.00,0.00,0.00,0.00,0.00,0.00
41.06,33.21,36.26,36.00,20.00,MAN,9,0,0,0.00,0.00,0.00,0.00,0.00,0.00,0.00,0.00
42.07,33.23,36.22,36.00,20.00,MAN,9,0,0,0.00,0.00,0.00,0.00,0.00,0.00,0.00,0.00
43.07,33.28,36.21,36.00,20.00,MAN,9,0,0,0.00,0.00,0.00,0.00,0.00,0.00,0.00,0.00
44.07,33.30,36.18,36.00,20.00,MAN,9,0,0,0.00,0.00,0.00,0.00,0.00,0.00,0.00,0.00
45.07,33.30,36.14,36.00,20.00,MAN,9,0,0,0.00,0.00,0.00,0.00,0.00,0.00,0.00,0.00
46.07,33.32,36.11,36.00,20.00,MAN,9,0,0,0.00,0.00,0.00,0.00,0.00,0.00,0.00,0.00
47.07,33.35,36.07,36.00,20.00,MAN,9,0,0,0.00,0.00,0.00,0.00,0.00,0.00,0.00,0.00
48.08,33.40,36.04,36.00,20.00,MAN,9,0,0,0.00,0.00,0.00,0.00,0.00,0.00,0.00,0.00
49.08,33.44,36.01,36.00,20.00,MAN,9,0,0,0.00,0.00,0.00,0.00,0.00,0.00,0.00,0.00
50.08,33.47,35.99,36.00,20.00,MAN,9,0,0,0.00,0.00,0.00,0.00,0.00,0.00,0.00,0.00
51.08,33.50,35.92,36.00,20.00,MAN,9,0,0,0.00,0.00,0.00,0.00,0.00,0.00,0.00,0.00
52.08,33.51,35.85,36.00,20.00,MAN,9,0,0,0.00,0.00,0.00,0.00,0.00,0.00,0.00,0.00
53.08,33.55,35.82,36.00,20.00,MAN,9,0,0,0.00,0.00,0.00,0.00,0.00,0.00,0.00,0.00
54.08,33.58,35.79,36.00,20.00,MAN,9,0,0,0.00,0.00,0.00,0.00,0.00,0.00,0.00,0.00
55.09,33.60,35.75,36.00,20.00,MAN,9,0,0,0.00,0.00,0.00,0.00,0.00,0.00,0.00,0.00
56.09,33.64,35.73,36.00,20.00,MAN,9,0,0,0.00,0.00,0.00,0.00,0.00,0.00,0.00,0.00
57.09,33.67,35.70,36.00,20.00,MAN,9,0,0,0.00,0.00,0.00,0.00,0.00,0.00,0.00,0.00
58.09,33.68,35.66,36.00,20.00,MAN,9,0,0,0.00,0.00,0.00,0.00,0.00,0.00,0.00,0.00
59.09,33.72,35.63,36.00,20.00,MAN,9,0,0,0.00,0.00,0.00,0.00,0.00,0.00,0.00,0.00
60.09,33.73,35.60,36.00,20.00,MAN,9,0,0,0.00,0.00,0.00,0.00,0.00,0.00,0.00,0.00
61.10,33.76,35.56,36.00,20.00,MAN,9,0,0,0.00,0.00,0.00,0.00,0.00,0.00,0.00,0.00
62.09,33.80,35.55,36.00,20.00,MAN,9,0,0,0.00,0.00,0.00,0.00,0.00,0.00,0.00,0.00
63.10,33.83,35.52,36.00,20.00,MAN,9,0,0,0.00,0.00,0.00,0.00,0.00,0.00,0.00,0.00
64.10,33.86,35.48,36.00,20.00,MAN,9,0,0,0.00,0.00,0.00,0.00,0.00,0.00,0.00,0.00
65.10,33.90,35.45,36.00,20.00,MAN,9,0,0,0.00,0.00,0.00,0.00,0.00,0.00,0.00,0.00
66.10,33.93,35.38,36.00,20.00,MAN,9,0,0,0.00,0.00,0.00,0.00,0.00,0.00,0.00,0.00
67.10,33.95,35.35,36.00,20.00,MAN,9,0,0,0.00,0.00,0.00,0.00,0.00,0.00,0.00,0.00
68.11,34.00,35.33,36.00,20.00,MAN,9,0,0,0.00,0.00,0.00,0.00,0.00,0.00,0.00,0.00
69.11,34.03,35.30,36.00,20.00,MAN,9,0,0,0.00,0.00,0.00,0.00,0.00,0.00,0.00,0.00
70.11,34.06,35.23,36.00,20.00,MAN,9,0,0,0.00,0.00,0.00,0.00,0.00,0.00,0.00,0.00
71.11,34.08,35.23,36.00,20.00,MAN,9,0,0,0.00,0.00,0.00,0.00,0.00,0.00,0.00,0.00
72.11,34.12,35.13,36.00,20.00,MAN,9,0,0,0.00,0.00,0.00,0.00,0.00,0.00,0.00,0.00
73.11,34.17,35.11,36.00,20.00,MAN,9,0,0,0.00,0.00,0.00,0.00,0.00,0.00,0.00,0.00
74.12,34.21,35.08,36.00,20.00,MAN,9,0,0,0.00,0.00,0.00,0.00,0.00,0.00,0.00,0.00
75.11,34.21,35.05,36.00,20.00,MAN,8,0,0,0.00,0.00,0.00,0.00,0.00,0.00,0.00,0.00
76.12,34.25,35.01,36.00,20.00,MAN,8,0,0,0.00,0.00,0.00,0.00,0.00,0.00,0.00,0.00
77.12,34.27,34.98,36.00,20.00,MAN,8,0,0,0.00,0.00,0.00,0.00,0.00,0.00,0.00,0.00
78.12,34.31,34.94,36.00,20.00,MAN,8,0,0,0.00,0.00,0.00,0.00,0.00,0.00,0.00,0.00
79.12,34.34,34.92,36.00,20.00,MAN,8,0,0,0.00,0.00,0.00,0.00,0.00,0.00,0.00,0.00
80.12,34.37,34.89,36.00,20.00,MAN,8,0,0,0.00,0.00,0.00,0.00,0.00,0.00,0.00,0.00
81.13,34.40,34.85,36.00,20.00,MAN,8,0,0,0.00,0.00,0.00,0.00,0.00,0.00,0.00,0.00
82.13,34.42,34.77,36.00,20.00,MAN,8,0,0,0.00,0.00,0.00,0.00,0.00,0.00,0.00,0.00
83.13,34.47,34.77,36.00,20.00,MAN,8,0,0,0.00,0.00,0.00,0.00,0.00,0.00,0.00,0.00
84.13,34.49,34.69,36.00,20.00,MAN,8,0,0,0.00,0.00,0.00,0.00,0.00,0.00,0.00,0.00
85.13,34.51,34.66,36.00,20.00,MAN,8,0,0,0.00,0.00,0.00,0.00,0.00,0.00,0.00,0.00
86.13,34.55,34.63,36.00,20.00,MAN,8,0,0,0.00,0.00,0.00,0.00,0.00,0.00,0.00,0.00
87.14,34.59,34.59,36.00,20.00,MAN,8,0,0,0.00,0.00,0.00,0.00,0.00,0.00,0.00,0.00
88.14,34.61,34.54,36.00,20.00,MAN,8,0,0,0.00,0.00,0.00,0.00,0.00,0.00,0.00,0.00
89.14,34.64,34.50,36.00,20.00,MAN,8,0,0,0.00,0.00,0.00,0.00,0.00,0.00,0.00,0.00
90.14,34.67,34.48,36.00,20.00,MAN,8,0,0,0.00,0.00,0.00,0.00,0.00,0.00,0.00,0.00
91.14,34.70,34.44,36.00,20.00,MAN,8,0,0,0.00,0.00,0.00,0.00,0.00,0.00,0.00,0.00
92.15,34.73,34.41,36.00,20.00,MAN,8,0,0,0.00,0.00,0.00,0.00,0.00,0.00,0.00,0.00
93.14,34.76,34.36,36.00,20.00,MAN,8,0,0,0.00,0.00,0.00,0.00,0.00,0.00,0.00,0.00
94.15,34.78,34.28,36.00,20.00,MAN,8,0,0,0.00,0.00,0.00,0.00,0.00,0.00,0.00,0.00
95.15,34.80,34.28,36.00,20.00,MAN,8,0,0,0.00,0.00,0.00,0.00,0.00,0.00,0.00,0.00
96.15,34.83,34.22,36.00,20.00,MAN,8,0,0,0.00,0.00,0.00,0.00,0.00,0.00,0.00,0.00
97.15,34.86,34.22,36.00,20.00,MAN,8,0,0,0.00,0.00,0.00,0.00,0.00,0.00,0.00,0.00
98.15,34.89,34.18,36.00,20.00,MAN,8,0,0,0.00,0.00,0.00,0.00,0.00,0.00,0.00,0.00
99.15,34.91,34.14,36.00,20.00,MAN,8,0,0,0.00,0.00,0.00,0.00,0.00,0.00,0.00,0.00
100.16,34.95,34.10,36.00,20.00,MAN,8,0,0,0.00,0.00,0.00,0.00,0.00,0.00,0.00,0.00
101.16,35.00,34.08,36.00,20.00,MAN,8,0,0,0.00,0.00,0.00,0.00,0.00,0.00,0.00,0.00
102.16,35.03,33.99,36.00,20.00,MAN,8,0,0,0.00,0.00,0.00,0.00,0.00,0.00,0.00,0.00
103.16,35.06,33.96,36.00,20.00,MAN,8,0,0,0.00,0.00,0.00,0.00,0.00,0.00,0.00,0.00
104.16,35.08,33.92,36.00,20.00,MAN,8,0,0,0.00,0.00,0.00,0.00,0.00,0.00,0.00,0.00
105.17,35.11,33.87,36.00,20.00,MAN,8,0,0,0.00,0.00,0.00,0.00,0.00,0.00,0.00,0.00
106.17,35.13,33.83,36.00,20.00,MAN,8,0,0,0.00,0.00,0.00,0.00,0.00,0.00,0.00,0.00
107.17,35.16,33.81,36.00,20.00,MAN,8,0,0,0.00,0.00,0.00,0.00,0.00,0.00,0.00,0.00
108.17,35.19,33.77,36.00,20.00,MAN,8,0,0,0.00,0.00,0.00,0.00,0.00,0.00,0.00,0.00
109.17,35.22,33.77,36.00,20.00,MAN,8,0,0,0.00,0.00,0.00,0.00,0.00,0.00,0.00,0.00
110.17,35.24,33.69,36.00,20.00,MAN,8,0,0,0.00,0.00,0.00,0.00,0.00,0.00,0.00,0.00
111.17,35.27,33.69,36.00,20.00,MAN,8,0,0,0.00,0.00,0.00,0.00,0.00,0.00,0.00,0.00
112.17,35.29,33.65,36.00,20.00,MAN,8,0,0,0.00,0.00,0.00,0.00,0.00,0.00,0.00,0.00
113.18,35.34,33.63,36.00,20.00,MAN,8,0,0,0.00,0.00,0.00,0.00,0.00,0.00,0.00,0.00
114.18,35.36,33.58,36.00,20.00,MAN,8,0,0,0.00,0.00,0.00,0.00,0.00,0.00,0.00,0.00
115.18,35.39,33.54,36.00,20.00,MAN,8,0,0,0.00,0.00,0.00,0.00,0.00,0.00,0.00,0.00
116.18,35.42,33.46,36.00,20.00,MAN,8,0,0,0.00,0.00,0.00,0.00,0.00,0.00,0.00,0.00
117.18,35.44,33.38,36.00,20.00,MAN,8,0,0,0.00,0.00,0.00,0.00,0.00,0.00,0.00,0.00
118.18,35.48,33.38,36.00,20.00,MAN,8,0,0,0.00,0.00,0.00,0.00,0.00,0.00,0.00,0.00
119.19,35.50,33.38,36.00,20.00,MAN,8,0,0,0.00,0.00,0.00,0.00,0.00,0.00,0.00,0.00
120.19,35.53,33.36,36.00,20.00,MAN,8,0,0,0.00,0.00,0.00,0.00,0.00,0.00,0.00,0.00
121.19,35.56,33.32,36.00,20.00,MAN,8,0,0,0.00,0.00,0.00,0.00,0.00,0.00,0.00,0.00
122.19,35.59,33.28,36.00,20.00,MAN,8,0,0,0.00,0.00,0.00,0.00,0.00,0.00,0.00,0.00
123.19,35.63,33.24,36.00,20.00,MAN,8,0,0,0.00,0.00,0.00,0.00,0.00,0.00,0.00,0.00
124.20,35.64,33.20,36.00,20.00,MAN,8,0,0,0.00,0.00,0.00,0.00,0.00,0.00,0.00,0.00
125.20,35.66,33.16,36.00,20.00,MAN,8,0,0,0.00,0.00,0.00,0.00,0.00,0.00,0.00,0.00
126.20,35.69,33.14,36.00,20.00,MAN,8,0,0,0.00,0.00,0.00,0.00,0.00,0.00,0.00,0.00
127.20,35.72,33.09,36.00,20.00,MAN,8,0,0,0.00,0.00,0.00,0.00,0.00,0.00,0.00,0.00
128.20,35.74,33.09,36.00,20.00,MAN,8,0,0,0.00,0.00,0.00,0.00,0.00,0.00,0.00,0.00
129.20,35.78,33.05,36.00,20.00,MAN,8,0,0,0.00,0.00,0.00,0.00,0.00,0.00,0.00,0.00
130.20,35.81,33.02,36.00,20.00,MAN,8,0,0,0.00,0.00,0.00,0.00,0.00,0.00,0.00,0.00
131.21,35.83,32.97,36.00,20.00,MAN,8,0,0,0.00,0.00,0.00,0.00,0.00,0.00,0.00,0.00
132.21,35.85,32.95,36.00,20.00,MAN,8,0,0,0.00,0.00,0.00,0.00,0.00,0.00,0.00,0.00
133.21,35.88,32.91,36.00,20.00,MAN,8,0,0,0.00,0.00,0.00,0.00,0.00,0.00,0.00,0.00
134.21,35.92,32.87,36.00,20.00,MAN,8,0,0,0.00,0.00,0.00,0.00,0.00,0.00,0.00,0.00
135.21,35.94,32.83,36.00,20.00,MAN,8,0,0,0.00,0.00,0.00,0.00,0.00,0.00,0.00,0.00
136.21,35.96,32.83,36.00,20.00,MAN,8,0,0,0.00,0.00,0.00,0.00,0.00,0.00,0.00,0.00
137.22,36.02,32.79,36.00,20.00,MAN,8,0,0,0.00,0.00,0.00,0.00,0.00,0.00,0.00,0.00
138.22,36.02,32.75,36.00,20.00,MAN,8,0,0,0.00,0.00,0.00,0.00,0.00,0.00,0.00,0.00
139.22,36.02,32.70,36.00,20.00,MAN,8,0,0,0.00,0.00,0.00,0.00,0.00,0.00,0.00,0.00
140.22,36.03,32.73,36.00,20.00,MAN,8,0,0,0.00,0.00,0.00,0.00,0.00,0.00,0.00,0.00
141.22,36.06,32.68,36.00,20.00,MAN,8,0,0,0.00,0.00,0.00,0.00,0.00,0.00,0.00,0.00
142.22,36.08,32.64,36.00,20.00,MAN,8,0,0,0.00,0.00,0.00,0.00,0.00,0.00,0.00,0.00
143.22,36.12,32.64,36.00,20.00,MAN,8,0,0,0.00,0.00,0.00,0.00,0.00,0.00,0.00,0.00
144.22,36.14,32.57,36.00,20.00,MAN,8,0,0,0.00,0.00,0.00,0.00,0.00,0.00,0.00,0.00
145.23,36.16,32.52,36.00,20.00,MAN,8,0,0,0.00,0.00,0.00,0.00,0.00,0.00,0.00,0.00
146.23,36.19,32.48,36.00,20.00,MAN,8,0,0,0.00,0.00,0.00,0.00,0.00,0.00,0.00,0.00
147.23,36.22,32.50,36.00,20.00,MAN,8,0,0,0.00,0.00,0.00,0.00,0.00,0.00,0.00,0.00
148.23,36.24,32.46,36.00,20.00,MAN,8,0,0,0.00,0.00,0.00,0.00,0.00,0.00,0.00,0.00
149.23,36.26,32.42,36.00,20.00,MAN,8,0,0,0.00,0.00,0.00,0.00,0.00,0.00,0.00,0.00
150.24,36.28,32.42,36.00,20.00,MAN,8,0,0,0.00,0.00,0.00,0.00,0.00,0.00,0.00,0.00
151.24,36.31,32.38,36.00,20.00,MAN,8,0,0,0.00,0.00,0.00,0.00,0.00,0.00,0.00,0.00
152.24,36.32,32.34,36.00,20.00,MAN,8,0,0,0.00,0.00,0.00,0.00,0.00,0.00,0.00,0.00
153.24,36.34,32.34,36.00,20.00,MAN,8,0,0,0.00,0.00,0.00,0.00,0.00,0.00,0.00,0.00
154.24,36.36,32.30,36.00,20.00,MAN,8,0,0,0.00,0.00,0.00,0.00,0.00,0.00,0.00,0.00
155.24,36.39,32.28,36.00,20.00,MAN,8,0,0,0.00,0.00,0.00,0.00,0.00,0.00,0.00,0.00
156.25,36.41,32.28,36.00,20.00,MAN,8,0,0,0.00,0.00,0.00,0.00,0.00,0.00,0.00,0.00
157.24,36.43,32.23,36.00,20.00,MAN,8,0,0,0.00,0.00,0.00,0.00,0.00,0.00,0.00,0.00
158.25,36.45,32.23,36.00,20.00,MAN,8,0,0,0.00,0.00,0.00,0.00,0.00,0.00,0.00,0.00
159.25,36.47,32.19,36.00,20.00,MAN,8,0,0,0.00,0.00,0.00,0.00,0.00,0.00,0.00,0.00
160.25,36.49,32.15,36.00,20.00,MAN,8,0,0,0.00,0.00,0.00,0.00,0.00,0.00,0.00,0.00
161.25,36.52,32.15,36.00,20.00,MAN,8,0,0,0.00,0.00,0.00,0.00,0.00,0.00,0.00,0.00
162.25,36.53,32.11,36.00,20.00,MAN,8,0,0,0.00,0.00,0.00,0.00,0.00,0.00,0.00,0.00
163.26,36.56,32.13,36.00,20.00,MAN,8,0,0,0.00,0.00,0.00,0.00,0.00,0.00,0.00,0.00
164.26,36.57,32.09,36.00,20.00,MAN,8,0,0,0.00,0.00,0.00,0.00,0.00,0.00,0.00,0.00
165.26,36.60,32.05,36.00,20.00,MAN,8,0,0,0.00,0.00,0.00,0.00,0.00,0.00,0.00,0.00
166.26,36.61,32.05,36.00,20.00,MAN,8,0,0,0.00,0.00,0.00,0.00,0.00,0.00,0.00,0.00
167.26,36.63,32.01,36.00,20.00,MAN,8,0,0,0.00,0.00,0.00,0.00,0.00,0.00,0.00,0.00
168.26,36.66,32.01,36.00,20.00,MAN,8,0,0,0.00,0.00,0.00,0.00,0.00,0.00,0.00,0.00
169.27,36.67,31.96,36.00,20.00,MAN,8,0,0,0.00,0.00,0.00,0.00,0.00,0.00,0.00,0.00
170.27,36.68,31.96,36.00,20.00,MAN,8,0,0,0.00,0.00,0.00,0.00,0.00,0.00,0.00,0.00
171.27,36.69,31.93,36.00,20.00,MAN,8,0,0,0.00,0.00,0.00,0.00,0.00,0.00,0.00,0.00
172.27,36.72,31.94,36.00,20.00,MAN,8,0,0,0.00,0.00,0.00,0.00,0.00,0.00,0.00,0.00
173.27,36.72,31.90,36.00,20.00,MAN,8,0,0,0.00,0.00,0.00,0.00,0.00,0.00,0.00,0.00
174.28,36.73,31.90,36.00,20.00,MAN,8,0,0,0.00,0.00,0.00,0.00,0.00,0.00,0.00,0.00
175.27,36.75,31.86,36.00,20.00,MAN,8,0,0,0.00,0.00,0.00,0.00,0.00,0.00,0.00,0.00
176.28,36.77,31.86,36.00,20.00,MAN,8,0,0,0.00,0.00,0.00,0.00,0.00,0.00,0.00,0.00
177.28,36.78,31.82,36.00,20.00,MAN,8,0,0,0.00,0.00,0.00,0.00,0.00,0.00,0.00,0.00
178.28,36.81,31.82,36.00,20.00,MAN,8,0,0,0.00,0.00,0.00,0.00,0.00,0.00,0.00,0.00
179.28,36.82,31.82,36.00,20.00,MAN,8,0,0,0.00,0.00,0.00,0.00,0.00,0.00,0.00,0.00
180.28,36.83,31.78,36.00,20.00,MAN,8,0,0,0.00,0.00,0.00,0.00,0.00,0.00,0.00,0.00
181.28,36.86,31.78,36.00,20.00,MAN,8,0,0,0.00,0.00,0.00,0.00,0.00,0.00,0.00,0.00
182.29,36.87,31.78,36.00,20.00,MAN,8,0,0,0.00,0.00,0.00,0.00,0.00,0.00,0.00,0.00
183.29,36.89,31.76,36.00,20.00,MAN,8,0,0,0.00,0.00,0.00,0.00,0.00,0.00,0.00,0.00
184.29,36.91,31.67,36.00,20.00,MAN,8,0,0,0.00,0.00,0.00,0.00,0.00,0.00,0.00,0.00
185.29,36.92,31.67,36.00,20.00,MAN,8,0,0,0.00,0.00,0.00,0.00,0.00,0.00,0.00,0.00
186.29,36.93,31.67,36.00,20.00,MAN,8,0,0,0.00,0.00,0.00,0.00,0.00,0.00,0.00,0.00
187.29,36.96,31.64,36.00,20.00,MAN,8,0,0,0.00,0.00,0.00,0.00,0.00,0.00,0.00,0.00
188.30,36.97,31.64,36.00,20.00,MAN,8,0,0,0.00,0.00,0.00,0.00,0.00,0.00,0.00,0.00
189.30,36.98,31.64,36.00,20.00,MAN,8,0,0,0.00,0.00,0.00,0.00,0.00,0.00,0.00,0.00
190.30,36.99,31.60,36.00,20.00,MAN,8,0,0,0.00,0.00,0.00,0.00,0.00,0.00,0.00,0.00
191.30,37.00,31.60,36.00,20.00,MAN,8,0,0,0.00,0.00,0.00,0.00,0.00,0.00,0.00,0.00
192.30,37.01,31.55,36.00,20.00,MAN,8,0,0,0.00,0.00,0.00,0.00,0.00,0.00,0.00,0.00
193.30,37.03,31.55,36.00,20.00,MAN,8,0,0,0.00,0.00,0.00,0.00,0.00,0.00,0.00,0.00
194.30,37.04,31.55,36.00,20.00,MAN,8,0,0,0.00,0.00,0.00,0.00,0.00,0.00,0.00,0.00
195.31,37.06,31.53,36.00,20.00,MAN,8,0,0,0.00,0.00,0.00,0.00,0.00,0.00,0.00,0.00
196.31,37.07,31.53,36.00,20.00,MAN,8,0,0,0.00,0.00,0.00,0.00,0.00,0.00,0.00,0.00
197.31,37.10,31.53,36.00,20.00,MAN,8,0,0,0.00,0.00,0.00,0.00,0.00,0.00,0.00,0.00
198.31,37.12,31.49,36.00,20.00,MAN,8,0,0,0.00,0.00,0.00,0.00,0.00,0.00,0.00,0.00
199.31,37.13,31.49,36.00,20.00,MAN,8,0,0,0.00,0.00,0.00,0.00,0.00,0.00,0.00,0.00
200.31,37.15,31.45,36.00,20.00,MAN,8,0,0,0.00,0.00,0.00,0.00,0.00,0.00,0.00,0.00
201.32,37.16,31.45,36.00,20.00,MAN,8,0,0,0.00,0.00,0.00,0.00,0.00,0.00,0.00,0.00
202.32,37.18,31.45,36.00,20.00,MAN,8,0,0,0.00,0.00,0.00,0.00,0.00,0.00,0.00,0.00
203.32,37.20,31.41,36.00,20.00,MAN,8,0,0,0.00,0.00,0.00,0.00,0.00,0.00,0.00,0.00
204.32,37.21,31.41,36.00,20.00,MAN,8,0,0,0.00,0.00,0.00,0.00,0.00,0.00,0.00,0.00
205.32,37.23,31.38,36.00,20.00,MAN,8,0,0,0.00,0.00,0.00,0.00,0.00,0.00,0.00,0.00
206.33,37.23,31.38,36.00,20.00,MAN,8,0,0,0.00,0.00,0.00,0.00,0.00,0.00,0.00,0.00
207.33,37.25,31.38,36.00,20.00,MAN,8,0,0,0.00,0.00,0.00,0.00,0.00,0.00,0.00,0.00
208.33,37.27,31.35,36.00,20.00,MAN,8,0,0,0.00,0.00,0.00,0.00,0.00,0.00,0.00,0.00
209.33,37.29,31.35,36.00,20.00,MAN,8,0,0,0.00,0.00,0.00,0.00,0.00,0.00,0.00,0.00
210.33,37.31,31.31,36.00,20.00,MAN,8,0,0,0.00,0.00,0.00,0.00,0.00,0.00,0.00,0.00
211.33,37.33,31.31,36.00,20.00,MAN,8,0,0,0.00,0.00,0.00,0.00,0.00,0.00,0.00,0.00
212.33,37.34,31.26,36.00,20.00,MAN,8,0,0,0.00,0.00,0.00,0.00,0.00,0.00,0.00,0.00
213.34,37.35,31.26,36.00,20.00,MAN,8,0,0,0.00,0.00,0.00,0.00,0.00,0.00,0.00,0.00
214.34,37.37,31.26,36.00,20.00,MAN,8,0,0,0.00,0.00,0.00,0.00,0.00,0.00,0.00,0.00
215.34,37.38,31.24,36.00,20.00,MAN,8,0,0,0.00,0.00,0.00,0.00,0.00,0.00,0.00,0.00
216.34,37.40,31.24,36.00,20.00,MAN,8,0,0,0.00,0.00,0.00,0.00,0.00,0.00,0.00,0.00
217.34,37.42,31.20,36.00,20.00,MAN,8,0,0,0.00,0.00,0.00,0.00,0.00,0.00,0.00,0.00
218.34,37.43,31.20,36.00,20.00,MAN,8,0,0,0.00,0.00,0.00,0.00,0.00,0.00,0.00,0.00
219.35,37.44,31.20,36.00,20.00,MAN,8,0,0,0.00,0.00,0.00,0.00,0.00,0.00,0.00,0.00
220.35,37.47,31.16,36.00,20.00,MAN,8,0,0,0.00,0.00,0.00,0.00,0.00,0.00,0.00,0.00
221.35,37.48,31.16,36.00,20.00,MAN,8,0,0,0.00,0.00,0.00,0.00,0.00,0.00,0.00,0.00
222.35,37.49,31.12,36.00,20.00,MAN,8,0,0,0.00,0.00,0.00,0.00,0.00,0.00,0.00,0.00
223.35,37.51,31.12,36.00,20.00,MAN,8,0,0,0.00,0.00,0.00,0.00,0.00,0.00,0.00,0.00
224.35,37.54,31.12,36.00,20.00,MAN,8,0,0,0.00,0.00,0.00,0.00,0.00,0.00,0.00,0.00
225.35,37.56,31.08,36.00,20.00,MAN,8,0,0,0.00,0.00,0.00,0.00,0.00,0.00,0.00,0.00
226.35,37.56,31.08,36.00,20.00,MAN,8,0,0,0.00,0.00,0.00,0.00,0.00,0.00,0.00,0.00
227.36,37.57,31.06,36.00,20.00,MAN,8,0,0,0.00,0.00,0.00,0.00,0.00,0.00,0.00,0.00
228.36,37.58,31.06,36.00,20.00,MAN,8,0,0,0.00,0.00,0.00,0.00,0.00,0.00,0.00,0.00
229.36,37.60,31.06,36.00,20.00,MAN,8,0,0,0.00,0.00,0.00,0.00,0.00,0.00,0.00,0.00
230.36,37.61,31.01,36.00,20.00,MAN,8,0,0,0.00,0.00,0.00,0.00,0.00,0.00,0.00,0.00
231.36,37.62,31.01,36.00,20.00,MAN,8,0,0,0.00,0.00,0.00,0.00,0.00,0.00,0.00,0.00
232.37,37.63,31.01,36.00,20.00,MAN,8,0,0,0.00,0.00,0.00,0.00,0.00,0.00,0.00,0.00
233.37,37.65,30.97,36.00,20.00,MAN,8,0,0,0.00,0.00,0.00,0.00,0.00,0.00,0.00,0.00
234.37,37.67,30.97,36.00,20.00,MAN,8,0,0,0.00,0.00,0.00,0.00,0.00,0.00,0.00,0.00
235.37,37.70,30.97,36.00,20.00,MAN,8,0,0,0.00,0.00,0.00,0.00,0.00,0.00,0.00,0.00
236.37,37.71,30.93,36.00,20.00,MAN,8,0,0,0.00,0.00,0.00,0.00,0.00,0.00,0.00,0.00
237.37,37.72,30.93,36.00,20.00,MAN,8,0,0,0.00,0.00,0.00,0.00,0.00,0.00,0.00,0.00
238.38,37.74,30.90,36.00,20.00,MAN,8,0,0,0.00,0.00,0.00,0.00,0.00,0.00,0.00,0.00
239.37,37.75,30.90,36.00,20.00,MAN,8,0,0,0.00,0.00,0.00,0.00,0.00,0.00,0.00,0.00
240.38,37.78,30.90,36.00,20.00,MAN,8,0,0,0.00,0.00,0.00,0.00,0.00,0.00,0.00,0.00
241.38,37.79,30.83,36.00,20.00,MAN,8,0,0,0.00,0.00,0.00,0.00,0.00,0.00,0.00,0.00
242.38,37.80,30.83,36.00,20.00,MAN,8,0,0,0.00,0.00,0.00,0.00,0.00,0.00,0.00,0.00
243.38,37.81,30.78,36.00,20.00,MAN,8,0,0,0.00,0.00,0.00,0.00,0.00,0.00,0.00,0.00
244.38,37.82,30.78,36.00,20.00,MAN,8,0,0,0.00,0.00,0.00,0.00,0.00,0.00,0.00,0.00
245.39,37.84,30.78,36.00,20.00,MAN,8,0,0,0.00,0.00,0.00,0.00,0.00,0.00,0.00,0.00
246.39,37.86,30.78,36.00,20.00,MAN,8,0,0,0.00,0.00,0.00,0.00,0.00,0.00,0.00,0.00
247.39,37.87,30.74,36.00,20.00,MAN,8,0,0,0.00,0.00,0.00,0.00,0.00,0.00,0.00,0.00
248.39,37.88,30.74,36.00,20.00,MAN,8,0,0,0.00,0.00,0.00,0.00,0.00,0.00,0.00,0.00
249.39,37.89,30.74,36.00,20.00,MAN,8,0,0,0.00,0.00,0.00,0.00,0.00,0.00,0.00,0.00
250.39,37.92,30.71,36.00,20.00,MAN,8,0,0,0.00,0.00,0.00,0.00,0.00,0.00,0.00,0.00
251.40,37.93,30.72,36.00,20.00,MAN,8,0,0,0.00,0.00,0.00,0.00,0.00,0.00,0.00,0.00
252.40,37.94,30.68,36.00,20.00,MAN,8,0,0,0.00,0.00,0.00,0.00,0.00,0.00,0.00,0.00
253.40,37.99,30.68,36.00,20.00,MAN,8,0,0,0.00,0.00,0.00,0.00,0.00,0.00,0.00,0.00
254.40,37.99,30.64,36.00,20.00,MAN,8,0,0,0.00,0.00,0.00,0.00,0.00,0.00,0.00,0.00
255.40,38.00,30.64,36.00,20.00,MAN,8,0,0,0.00,0.00,0.00,0.00,0.00,0.00,0.00,0.00
256.41,38.02,30.64,36.00,20.00,MAN,8,0,0,0.00,0.00,0.00,0.00,0.00,0.00,0.00,0.00
257.40,38.02,30.60,36.00,20.00,MAN,8,0,0,0.00,0.00,0.00,0.00,0.00,0.00,0.00,0.00
258.41,38.03,30.60,36.00,20.00,MAN,8,0,0,0.00,0.00,0.00,0.00,0.00,0.00,0.00,0.00
259.41,38.05,30.60,36.00,20.00,MAN,8,0,0,0.00,0.00,0.00,0.00,0.00,0.00,0.00,0.00
260.41,38.06,30.56,36.00,20.00,MAN,8,0,0,0.00,0.00,0.00,0.00,0.00,0.00,0.00,0.00
261.41,38.07,30.56,36.00,20.00,MAN,8,0,0,0.00,0.00,0.00,0.00,0.00,0.00,0.00,0.00
262.41,38.09,30.58,36.00,20.00,MAN,8,0,0,0.00,0.00,0.00,0.00,0.00,0.00,0.00,0.00
263.42,38.09,30.53,36.00,20.00,MAN,8,0,0,0.00,0.00,0.00,0.00,0.00,0.00,0.00,0.00
264.42,38.10,30.53,36.00,20.00,MAN,8,0,0,0.00,0.00,0.00,0.00,0.00,0.00,0.00,0.00
265.42,38.11,30.53,36.00,20.00,MAN,8,0,0,0.00,0.00,0.00,0.00,0.00,0.00,0.00,0.00
266.42,38.12,30.53,36.00,20.00,MAN,8,0,0,0.00,0.00,0.00,0.00,0.00,0.00,0.00,0.00
267.42,38.15,30.49,36.00,20.00,MAN,8,0,0,0.00,0.00,0.00,0.00,0.00,0.00,0.00,0.00
268.42,38.16,30.49,36.00,20.00,MAN,8,0,0,0.00,0.00,0.00,0.00,0.00,0.00,0.00,0.00
269.42,38.17,30.49,36.00,20.00,MAN,8,0,0,0.00,0.00,0.00,0.00,0.00,0.00,0.00,0.00
270.43,38.18,30.45,36.00,20.00,MAN,8,0,0,0.00,0.00,0.00,0.00,0.00,0.00,0.00,0.00
271.43,38.19,30.45,36.00,20.00,MAN,8,0,0,0.00,0.00,0.00,0.00,0.00,0.00,0.00,0.00
272.43,38.21,30.45,36.00,20.00,MAN,8,0,0,0.00,0.00,0.00,0.00,0.00,0.00,0.00,0.00
273.43,38.21,30.45,36.00,20.00,MAN,10,0,0,0.00,0.00,0.00,0.00,0.00,0.00,0.00,0.00
274.43,38.22,30.42,36.00,20.00,MAN,10,0,0,0.00,0.00,0.00,0.00,0.00,0.00,0.00,0.00
275.43,38.23,30.42,36.00,20.00,MAN,10,0,0,0.00,0.00,0.00,0.00,0.00,0.00,0.00,0.00
276.43,38.24,30.42,36.00,20.00,MAN,10,0,0,0.00,0.00,0.00,0.00,0.00,0.00,0.00,0.00
277.44,38.25,30.42,36.00,20.00,MAN,10,0,0,0.00,0.00,0.00,0.00,0.00,0.00,0.00,0.00
278.44,38.25,30.43,36.00,20.00,MAN,10,0,0,0.00,0.00,0.00,0.00,0.00,0.00,0.00,0.00
279.44,38.26,30.38,36.00,20.00,MAN,10,0,0,0.00,0.00,0.00,0.00,0.00,0.00,0.00,0.00
280.44,38.29,30.38,36.00,20.00,MAN,10,0,0,0.00,0.00,0.00,0.00,0.00,0.00,0.00,0.00
281.44,38.30,30.38,36.00,20.00,MAN,10,0,0,0.00,0.00,0.00,0.00,0.00,0.00,0.00,0.00
282.45,38.31,30.38,36.00,20.00,MAN,10,0,0,0.00,0.00,0.00,0.00,0.00,0.00,0.00,0.00
283.45,38.31,30.35,36.00,20.00,MAN,10,0,0,0.00,0.00,0.00,0.00,0.00,0.00,0.00,0.00
284.45,38.32,30.35,36.00,20.00,MAN,10,0,0,0.00,0.00,0.00,0.00,0.00,0.00,0.00,0.00
285.45,38.33,30.35,36.00,20.00,MAN,10,0,0,0.00,0.00,0.00,0.00,0.00,0.00,0.00,0.00
286.45,38.34,30.35,36.00,20.00,MAN,10,0,0,0.00,0.00,0.00,0.00,0.00,0.00,0.00,0.00
287.45,38.36,30.35,36.00,20.00,MAN,10,0,0,0.00,0.00,0.00,0.00,0.00,0.00,0.00,0.00
288.45,38.37,30.35,36.00,20.00,MAN,10,0,0,0.00,0.00,0.00,0.00,0.00,0.00,0.00,0.00
289.45,38.38,30.31,36.00,20.00,MAN,10,0,0,0.00,0.00,0.00,0.00,0.00,0.00,0.00,0.00
290.46,38.39,30.31,36.00,20.00,MAN,10,0,0,0.00,0.00,0.00,0.00,0.00,0.00,0.00,0.00
291.46,38.40,30.31,36.00,20.00,MAN,10,0,0,0.00,0.00,0.00,0.00,0.00,0.00,0.00,0.00
292.46,38.41,30.28,36.00,20.00,MAN,10,0,0,0.00,0.00,0.00,0.00,0.00,0.00,0.00,0.00
293.46,38.43,30.28,36.00,20.00,MAN,10,0,0,0.00,0.00,0.00,0.00,0.00,0.00,0.00,0.00
294.46,38.44,30.28,36.00,20.00,MAN,10,0,0,0.00,0.00,0.00,0.00,0.00,0.00,0.00,0.00
295.47,38.45,30.28,36.00,20.00,MAN,10,0,0,0.00,0.00,0.00,0.00,0.00,0.00,0.00,0.00
296.47,38.46,30.24,36.00,20.00,MAN,10,0,0,0.00,0.00,0.00,0.00,0.00,0.00,0.00,0.00
297.47,38.47,30.24,36.00,20.00,MAN,10,0,0,0.00,0.00,0.00,0.00,0.00,0.00,0.00,0.00
298.47,38.50,30.24,36.00,20.00,MAN,10,0,0,0.00,0.00,0.00,0.00,0.00,0.00,0.00,0.00
299.47,38.53,30.24,36.00,20.00,MAN,10,0,0,0.00,0.00,0.00,0.00,0.00,0.00,0.00,0.00
300.47,38.53,30.20,36.00,20.00,MAN,10,0,0,0.00,0.00,0.00,0.00,0.00,0.00,0.00,0.00
301.48,38.53,30.20,36.00,20.00,MAN,10,0,0,0.00,0.00,0.00,0.00,0.00,0.00,0.00,0.00
302.48,38.54,30.20,36.00,20.00,MAN,10,0,0,0.00,0.00,0.00,0.00,0.00,0.00,0.00,0.00
303.48,38.54,30.12,36.00,20.00,MAN,10,0,0,0.00,0.00,0.00,0.00,0.00,0.00,0.00,0.00
304.48,38.53,30.08,36.00,20.00,MAN,10,0,0,0.00,0.00,0.00,0.00,0.00,0.00,0.00,0.00
305.48,38.51,29.91,36.00,20.00,MAN,10,0,0,0.00,0.00,0.00,0.00,0.00,0.00,0.00,0.00
306.48,38.46,29.84,36.00,20.00,MAN,10,0,0,0.00,0.00,0.00,0.00,0.00,0.00,0.00,0.00
307.48,38.40,29.84,36.00,20.00,MAN,10,0,0,0.00,0.00,0.00,0.00,0.00,0.00,0.00,0.00
308.48,38.38,29.77,36.00,20.00,MAN,10,0,0,0.00,0.00,0.00,0.00,0.00,0.00,0.00,0.00
309.49,38.34,29.77,36.00,20.00,MAN,10,0,0,0.00,0.00,0.00,0.00,0.00,0.00,0.00,0.00
310.49,38.32,29.74,36.00,20.00,MAN,10,0,0,0.00,0.00,0.00,0.00,0.00,0.00,0.00,0.00
311.49,38.30,29.77,36.00,20.00,MAN,10,0,0,0.00,0.00,0.00,0.00,0.00,0.00,0.00,0.00
312.49,38.20,29.68,36.00,20.00,MAN,10,0,0,0.00,0.00,0.00,0.00,0.00,0.00,0.00,0.00
313.49,38.15,29.64,36.00,20.00,MAN,10,0,0,0.00,0.00,0.00,0.00,0.00,0.00,0.00,0.00
314.50,38.10,29.68,36.00,20.00,MAN,10,0,0,0.00,0.00,0.00,0.00,0.00,0.00,0.00,0.00
315.50,38.03,29.67,36.00,20.00,MAN,10,0,0,0.00,0.00,0.00,0.00,0.00,0.00,0.00,0.00
316.50,38.00,29.71,36.00,20.00,MAN,10,0,0,0.00,0.00,0.00,0.00,0.00,0.00,0.00,0.00
317.50,37.93,29.74,36.00,20.00,MAN,10,0,0,0.00,0.00,0.00,0.00,0.00,0.00,0.00,0.00
318.50,37.87,29.81,36.00,20.00,MAN,10,0,0,0.00,0.00,0.00,0.00,0.00,0.00,0.00,0.00
319.50,37.78,29.77,36.00,20.00,MAN,10,0,0,0.00,0.00,0.00,0.00,0.00,0.00,0.00,0.00
320.50,37.73,29.80,36.00,20.00,MAN,8,0,0,0.00,0.00,0.00,0.00,0.00,0.00,0.00,0.00
321.51,37.69,29.87,36.00,20.00,MAN,8,0,0,0.00,0.00,0.00,0.00,0.00,0.00,0.00,0.00
322.51,37.62,29.96,36.00,20.00,MAN,8,0,0,0.00,0.00,0.00,0.00,0.00,0.00,0.00,0.00
323.51,37.56,29.94,36.00,20.00,MAN,8,0,0,0.00,0.00,0.00,0.00,0.00,0.00,0.00,0.00
324.51,37.49,30.06,36.00,20.00,MAN,8,0,0,0.00,0.00,0.00,0.00,0.00,0.00,0.00,0.00
325.52,37.44,30.10,36.00,20.00,MAN,8,0,0,0.00,0.00,0.00,0.00,0.00,0.00,0.00,0.00
326.51,37.40,30.19,36.00,20.00,MAN,8,0,0,0.00,0.00,0.00,0.00,0.00,0.00,0.00,0.00
327.52,37.34,30.25,36.00,20.00,MAN,8,0,0,0.00,0.00,0.00,0.00,0.00,0.00,0.00,0.00
328.52,37.26,30.25,36.00,20.00,MAN,8,0,0,0.00,0.00,0.00,0.00,0.00,0.00,0.00,0.00
329.52,37.16,30.27,36.00,20.00,MAN,8,0,0,0.00,0.00,0.00,0.00,0.00,0.00,0.00,0.00
330.52,37.13,30.35,36.00,20.00,MAN,8,0,0,0.00,0.00,0.00,0.00,0.00,0.00,0.00,0.00
331.52,37.06,30.39,36.00,20.00,MAN,8,0,0,0.00,0.00,0.00,0.00,0.00,0.00,0.00,0.00
332.52,36.99,30.46,36.00,20.00,MAN,8,0,0,0.00,0.00,0.00,0.00,0.00,0.00,0.00,0.00
333.53,36.89,30.50,36.00,20.00,MAN,8,0,0,0.00,0.00,0.00,0.00,0.00,0.00,0.00,0.00
334.53,36.84,30.57,36.00,20.00,MAN,8,0,0,0.00,0.00,0.00,0.00,0.00,0.00,0.00,0.00
335.53,36.78,30.64,36.00,20.00,MAN,8,0,0,0.00,0.00,0.00,0.00,0.00,0.00,0.00,0.00
336.53,36.71,30.73,36.00,20.00,MAN,8,0,0,0.00,0.00,0.00,0.00,0.00,0.00,0.00,0.00
337.53,36.68,30.83,36.00,20.00,MAN,8,0,0,0.00,0.00,0.00,0.00,0.00,0.00,0.00,0.00
338.53,36.62,30.92,36.00,20.00,MAN,8,0,0,0.00,0.00,0.00,0.00,0.00,0.00,0.00,0.00
339.53,36.55,30.94,36.00,20.00,MAN,8,0,0,0.00,0.00,0.00,0.00,0.00,0.00,0.00,0.00
340.54,36.51,31.02,36.00,20.00,MAN,8,0,0,0.00,0.00,0.00,0.00,0.00,0.00,0.00,0.00
341.54,36.44,31.10,36.00,20.00,MAN,8,0,0,0.00,0.00,0.00,0.00,0.00,0.00,0.00,0.00
342.54,36.40,31.18,36.00,20.00,MAN,8,0,0,0.00,0.00,0.00,0.00,0.00,0.00,0.00,0.00
343.54,36.33,31.21,36.00,20.00,MAN,8,0,0,0.00,0.00,0.00,0.00,0.00,0.00,0.00,0.00
344.54,36.29,31.28,36.00,20.00,MAN,8,0,0,0.00,0.00,0.00,0.00,0.00,0.00,0.00,0.00
345.54,36.26,31.32,36.00,20.00,MAN,8,0,0,0.00,0.00,0.00,0.00,0.00,0.00,0.00,0.00
346.55,36.19,31.39,36.00,20.00,MAN,8,0,0,0.00,0.00,0.00,0.00,0.00,0.00,0.00,0.00
347.55,36.11,31.47,36.00,20.00,MAN,8,0,0,0.00,0.00,0.00,0.00,0.00,0.00,0.00,0.00
348.55,36.02,31.50,36.00,20.00,MAN,8,0,0,0.00,0.00,0.00,0.00,0.00,0.00,0.00,0.00
349.55,35.98,31.57,36.00,20.00,MAN,8,0,0,0.00,0.00,0.00,0.00,0.00,0.00,0.00,0.00
350.55,35.92,31.70,36.00,20.00,MAN,8,0,0,0.00,0.00,0.00,0.00,0.00,0.00,0.00,0.00
351.55,35.86,31.82,36.00,20.00,MAN,8,0,0,0.00,0.00,0.00,0.00,0.00,0.00,0.00,0.00
352.56,35.80,31.88,36.00,20.00,MAN,8,0,0,0.00,0.00,0.00,0.00,0.00,0.00,0.00,0.00
353.56,35.74,31.96,36.00,20.00,MAN,8,0,0,0.00,0.00,0.00,0.00,0.00,0.00,0.00,0.00
354.56,35.67,31.99,36.00,20.00,MAN,8,0,0,0.00,0.00,0.00,0.00,0.00,0.00,0.00,0.00
355.56,35.62,32.06,36.00,20.00,MAN,8,0,0,0.00,0.00,0.00,0.00,0.00,0.00,0.00,0.00
356.56,35.57,32.15,36.00,20.00,MAN,8,0,0,0.00,0.00,0.00,0.00,0.00,0.00,0.00,0.00
357.56,35.52,32.23,36.00,20.00,MAN,8,0,0,0.00,0.00,0.00,0.00,0.00,0.00,0.00,0.00
358.56,35.47,32.29,36.00,20.00,MAN,8,0,0,0.00,0.00,0.00,0.00,0.00,0.00,0.00,0.00
359.57,35.39,32.38,36.00,20.00,MAN,8,0,0,0.00,0.00,0.00,0.00,0.00,0.00,0.00,0.00
360.57,35.33,32.44,36.00,20.00,MAN,8,0,0,0.00,0.00,0.00,0.00,0.00,0.00,0.00,0.00
361.57,35.27,32.48,36.00,20.00,MAN,8,0,0,0.00,0.00,0.00,0.00,0.00,0.00,0.00,0.00
362.57,35.22,32.60,36.00,20.00,MAN,8,0,0,0.00,0.00,0.00,0.00,0.00,0.00,0.00,0.00
363.57,35.16,32.68,36.00,20.00,MAN,8,0,0,0.00,0.00,0.00,0.00,0.00,0.00,0.00,0.00
364.58,35.13,32.70,36.00,20.00,MAN,8,0,0,0.00,0.00,0.00,0.00,0.00,0.00,0.00,0.00
365.58,35.09,32.79,36.00,20.00,MAN,8,0,0,0.00,0.00,0.00,0.00,0.00,0.00,0.00,0.00
366.58,35.07,32.83,36.00,20.00,MAN,8,0,0,0.00,0.00,0.00,0.00,0.00,0.00,0.00,0.00
367.58,35.03,32.90,36.00,20.00,MAN,8,0,0,0.00,0.00,0.00,0.00,0.00,0.00,0.00,0.00
368.58,34.99,32.93,36.00,20.00,MAN,8,0,0,0.00,0.00,0.00,0.00,0.00,0.00,0.00,0.00
369.58,34.95,33.01,36.00,20.00,MAN,8,0,0,0.00,0.00,0.00,0.00,0.00,0.00,0.00,0.00
370.58,34.92,33.05,36.00,20.00,MAN,8,0,0,0.00,0.00,0.00,0.00,0.00,0.00,0.00,0.00
371.58,34.89,33.13,36.00,20.00,MAN,8,0,0,0.00,0.00,0.00,0.00,0.00,0.00,0.00,0.00
372.59,34.83,33.15,36.00,20.00,MAN,8,0,0,0.00,0.00,0.00,0.00,0.00,0.00,0.00,0.00
373.59,34.78,33.23,36.00,20.00,MAN,8,0,0,0.00,0.00,0.00,0.00,0.00,0.00,0.00,0.00
374.59,34.74,33.28,36.00,20.00,MAN,8,0,0,0.00,0.00,0.00,0.00,0.00,0.00,0.00,0.00
375.59,34.69,33.31,36.00,20.00,MAN,8,0,0,0.00,0.00,0.00,0.00,0.00,0.00,0.00,0.00
376.59,34.66,33.38,36.00,20.00,MAN,8,0,0,0.00,0.00,0.00,0.00,0.00,0.00,0.00,0.00
377.59,34.61,33.46,36.00,20.00,MAN,8,0,0,0.00,0.00,0.00,0.00,0.00,0.00,0.00,0.00
378.60,34.54,33.54,36.00,20.00,MAN,8,0,0,0.00,0.00,0.00,0.00,0.00,0.00,0.00,0.00
379.60,34.49,33.56,36.00,20.00,MAN,8,0,0,0.00,0.00,0.00,0.00,0.00,0.00,0.00,0.00
380.60,34.44,33.64,36.00,20.00,MAN,8,0,0,0.00,0.00,0.00,0.00,0.00,0.00,0.00,0.00
381.60,34.39,33.73,36.00,20.00,MAN,8,0,0,0.00,0.00,0.00,0.00,0.00,0.00,0.00,0.00
382.60,34.36,33.80,36.00,20.00,MAN,8,0,0,0.00,0.00,0.00,0.00,0.00,0.00,0.00,0.00
383.61,34.32,33.89,36.00,20.00,MAN,8,0,0,0.00,0.00,0.00,0.00,0.00,0.00,0.00,0.00
384.61,34.29,33.91,36.00,20.00,MAN,8,0,0,0.00,0.00,0.00,0.00,0.00,0.00,0.00,0.00
385.61,34.24,33.99,36.00,20.00,MAN,8,0,0,0.00,0.00,0.00,0.00,0.00,0.00,0.00,0.00
386.61,34.20,34.07,36.00,20.00,MAN,8,0,0,0.00,0.00,0.00,0.00,0.00,0.00,0.00,0.00
387.61,34.14,34.09,36.00,20.00,MAN,8,0,0,0.00,0.00,0.00,0.00,0.00,0.00,0.00,0.00
388.61,34.09,34.17,36.00,20.00,MAN,8,0,0,0.00,0.00,0.00,0.00,0.00,0.00,0.00,0.00
389.61,34.05,34.21,36.00,20.00,MAN,8,0,0,0.00,0.00,0.00,0.00,0.00,0.00,0.00,0.00
390.61,34.01,34.33,36.00,20.00,MAN,8,0,0,0.00,0.00,0.00,0.00,0.00,0.00,0.00,0.00
391.62,33.95,34.35,36.00,20.00,MAN,8,0,0,0.00,0.00,0.00,0.00,0.00,0.00,0.00,0.00
392.62,33.91,34.44,36.00,20.00,MAN,8,0,0,0.00,0.00,0.00,0.00,0.00,0.00,0.00,0.00
393.62,33.85,34.52,36.00,20.00,MAN,8,0,0,0.00,0.00,0.00,0.00,0.00,0.00,0.00,0.00
394.62,33.81,34.60,36.00,20.00,MAN,8,0,0,0.00,0.00,0.00,0.00,0.00,0.00,0.00,0.00
395.62,33.78,34.66,36.00,20.00,MAN,8,0,0,0.00,0.00,0.00,0.00,0.00,0.00,0.00,0.00
396.63,33.73,34.70,36.00,20.00,MAN,9,0,0,0.00,0.00,0.00,0.00,0.00,0.00,0.00,0.00
397.63,33.68,34.78,36.00,20.00,MAN,9,0,0,0.00,0.00,0.00,0.00,0.00,0.00,0.00,0.00
398.63,33.64,34.86,36.00,20.00,MAN,9,0,0,0.00,0.00,0.00,0.00,0.00,0.00,0.00,0.00
399.63,33.61,34.90,36.00,20.00,MAN,9,0,0,0.00,0.00,0.00,0.00,0.00,0.00,0.00,0.00
400.63,33.58,34.97,36.00,20.00,MAN,9,0,0,0.00,0.00,0.00,0.00,0.00,0.00,0.00,0.00
401.63,33.55,35.01,36.00,20.00,MAN,9,0,0,0.00,0.00,0.00,0.00,0.00,0.00,0.00,0.00
402.64,33.49,35.04,36.00,20.00,MAN,9,0,0,0.00,0.00,0.00,0.00,0.00,0.00,0.00,0.00
403.64,33.47,35.12,36.00,20.00,MAN,9,0,0,0.00,0.00,0.00,0.00,0.00,0.00,0.00,0.00
404.64,33.44,35.15,36.00,20.00,MAN,9,0,0,0.00,0.00,0.00,0.00,0.00,0.00,0.00,0.00
405.64,33.40,35.22,36.00,20.00,MAN,9,0,0,0.00,0.00,0.00,0.00,0.00,0.00,0.00,0.00
406.64,33.36,35.26,36.00,20.00,MAN,9,0,0,0.00,0.00,0.00,0.00,0.00,0.00,0.00,0.00
407.64,33.32,35.33,36.00,20.00,MAN,9,0,0,0.00,0.00,0.00,0.00,0.00,0.00,0.00,0.00
408.64,33.30,35.36,36.00,20.00,MAN,9,0,0,0.00,0.00,0.00,0.00,0.00,0.00,0.00,0.00
409.65,33.25,35.41,36.00,20.00,MAN,9,0,0,0.00,0.00,0.00,0.00,0.00,0.00,0.00,0.00
410.65,33.20,35.44,36.00,20.00,MAN,9,0,0,0.00,0.00,0.00,0.00,0.00,0.00,0.00,0.00
411.65,33.18,35.47,36.00,20.00,MAN,9,0,0,0.00,0.00,0.00,0.00,0.00,0.00,0.00,0.00
412.65,33.15,35.54,36.00,20.00,MAN,9,0,0,0.00,0.00,0.00,0.00,0.00,0.00,0.00,0.00
413.65,33.11,35.56,36.00,20.00,MAN,9,0,0,0.00,0.00,0.00,0.00,0.00,0.00,0.00,0.00
414.65,33.06,35.63,36.00,20.00,MAN,9,0,0,0.00,0.00,0.00,0.00,0.00,0.00,0.00,0.00
415.66,33.03,35.69,36.00,20.00,MAN,9,0,0,0.00,0.00,0.00,0.00,0.00,0.00,0.00,0.00
416.66,32.99,35.73,36.00,20.00,MAN,9,0,0,0.00,0.00,0.00,0.00,0.00,0.00,0.00,0.00
417.66,32.97,35.76,36.00,20.00,MAN,9,0,0,0.00,0.00,0.00,0.00,0.00,0.00,0.00,0.00
418.66,32.93,35.85,36.00,20.00,MAN,9,0,0,0.00,0.00,0.00,0.00,0.00,0.00,0.00,0.00
419.66,32.91,35.88,36.00,20.00,MAN,9,0,0,0.00,0.00,0.00,0.00,0.00,0.00,0.00,0.00
420.67,32.87,35.92,36.00,20.00,MAN,9,0,0,0.00,0.00,0.00,0.00,0.00,0.00,0.00,0.00
421.66,32.82,35.95,36.00,20.00,MAN,9,0,0,0.00,0.00,0.00,0.00,0.00,0.00,0.00,0.00
422.67,32.79,35.98,36.00,20.00,MAN,9,0,0,0.00,0.00,0.00,0.00,0.00,0.00,0.00,0.00
423.67,32.75,36.03,36.00,20.00,MAN,9,0,0,0.00,0.00,0.00,0.00,0.00,0.00,0.00,0.00
424.67,32.73,36.07,36.00,20.00,MAN,9,0,0,0.00,0.00,0.00,0.00,0.00,0.00,0.00,0.00
425.67,32.70,36.10,36.00,20.00,MAN,9,0,0,0.00,0.00,0.00,0.00,0.00,0.00,0.00,0.00
426.67,32.69,36.13,36.00,20.00,MAN,9,0,0,0.00,0.00,0.00,0.00,0.00,0.00,0.00,0.00
427.67,32.64,36.17,36.00,20.00,MAN,9,0,0,0.00,0.00,0.00,0.00,0.00,0.00,0.00,0.00
428.68,32.62,36.20,36.00,20.00,MAN,9,0,0,0.00,0.00,0.00,0.00,0.00,0.00,0.00,0.00
429.68,32.59,36.25,36.00,20.00,MAN,9,0,0,0.00,0.00,0.00,0.00,0.00,0.00,0.00,0.00
430.68,32.59,36.28,36.00,20.00,MAN,9,0,0,0.00,0.00,0.00,0.00,0.00,0.00,0.00,0.00
431.68,32.58,36.32,36.00,20.00,MAN,9,0,0,0.00,0.00,0.00,0.00,0.00,0.00,0.00,0.00
432.68,32.57,36.35,36.00,20.00,MAN,9,0,0,0.00,0.00,0.00,0.00,0.00,0.00,0.00,0.00
433.68,32.56,36.39,36.00,20.00,MAN,9,0,0,0.00,0.00,0.00,0.00,0.00,0.00,0.00,0.00
434.69,32.56,36.39,36.00,20.00,MAN,9,0,0,0.00,0.00,0.00,0.00,0.00,0.00,0.00,0.00
435.69,32.56,36.42,36.00,20.00,MAN,9,0,0,0.00,0.00,0.00,0.00,0.00,0.00,0.00,0.00
436.69,32.56,36.42,36.00,20.00,MAN,9,0,0,0.00,0.00,0.00,0.00,0.00,0.00,0.00,0.00
437.69,32.55,36.42,36.00,20.00,MAN,9,0,0,0.00,0.00,0.00,0.00,0.00,0.00,0.00,0.00
438.69,32.55,36.46,36.00,20.00,MAN,9,0,0,0.00,0.00,0.00,0.00,0.00,0.00,0.00,0.00
439.69,32.56,36.46,36.00,20.00,MAN,9,0,0,0.00,0.00,0.00,0.00,0.00,0.00,0.00,0.00
440.69,32.57,36.46,36.00,20.00,MAN,9,0,0,0.00,0.00,0.00,0.00,0.00,0.00,0.00,0.00
441.70,32.57,36.46,36.00,20.00,MAN,9,0,0,0.00,0.00,0.00,0.00,0.00,0.00,0.00,0.00
442.70,32.58,36.46,36.00,20.00,MAN,9,0,0,0.00,0.00,0.00,0.00,0.00,0.00,0.00,0.00
443.70,32.60,36.47,36.00,20.00,MAN,9,0,0,0.00,0.00,0.00,0.00,0.00,0.00,0.00,0.00
444.70,32.62,36.47,36.00,20.00,MAN,9,0,0,0.00,0.00,0.00,0.00,0.00,0.00,0.00,0.00
445.70,32.64,36.43,36.00,20.00,MAN,9,0,0,0.00,0.00,0.00,0.00,0.00,0.00,0.00,0.00
446.71,32.66,36.43,36.00,20.00,MAN,9,0,0,0.00,0.00,0.00,0.00,0.00,0.00,0.00,0.00
447.71,32.69,36.40,36.00,20.00,MAN,9,0,0,0.00,0.00,0.00,0.00,0.00,0.00,0.00,0.00
448.71,32.73,36.40,36.00,20.00,MAN,9,0,0,0.00,0.00,0.00,0.00,0.00,0.00,0.00,0.00
449.71,32.75,36.37,36.00,20.00,MAN,9,0,0,0.00,0.00,0.00,0.00,0.00,0.00,0.00,0.00
450.71,32.77,36.34,36.00,20.00,MAN,9,0,0,0.00,0.00,0.00,0.00,0.00,0.00,0.00,0.00
451.71,32.77,36.30,36.00,20.00,MAN,9,0,0,0.00,0.00,0.00,0.00,0.00,0.00,0.00,0.00
452.72,32.79,36.32,36.00,20.00,MAN,9,0,0,0.00,0.00,0.00,0.00,0.00,0.00,0.00,0.00
453.72,32.84,36.29,36.00,20.00,MAN,9,0,0,0.00,0.00,0.00,0.00,0.00,0.00,0.00,0.00
454.72,32.87,36.25,36.00,20.00,MAN,9,0,0,0.00,0.00,0.00,0.00,0.00,0.00,0.00,0.00
455.72,32.89,36.22,36.00,20.00,MAN,9,0,0,0.00,0.00,0.00,0.00,0.00,0.00,0.00,0.00
456.72,32.92,36.18,36.00,20.00,MAN,9,0,0,0.00,0.00,0.00,0.00,0.00,0.00,0.00,0.00
457.72,32.96,36.17,36.00,20.00,MAN,9,0,0,0.00,0.00,0.00,0.00,0.00,0.00,0.00,0.00
458.72,32.99,36.14,36.00,20.00,MAN,9,0,0,0.00,0.00,0.00,0.00,0.00,0.00,0.00,0.00
459.73,33.01,36.10,36.00,20.00,MAN,9,0,0,0.00,0.00,0.00,0.00,0.00,0.00,0.00,0.00
460.73,33.04,36.07,36.00,20.00,MAN,9,0,0,0.00,0.00,0.00,0.00,0.00,0.00,0.00,0.00
461.73,33.06,36.03,36.00,20.00,MAN,9,0,0,0.00,0.00,0.00,0.00,0.00,0.00,0.00,0.00
462.73,33.09,36.00,36.00,20.00,MAN,9,0,0,0.00,0.00,0.00,0.00,0.00,0.00,0.00,0.00
463.73,33.14,35.98,36.00,20.00,MAN,9,0,0,0.00,0.00,0.00,0.00,0.00,0.00,0.00,0.00
464.73,33.18,35.92,36.00,20.00,MAN,9,0,0,0.00,0.00,0.00,0.00,0.00,0.00,0.00,0.00
465.74,33.23,35.89,36.00,20.00,MAN,9,0,0,0.00,0.00,0.00,0.00,0.00,0.00,0.00,0.00
466.74,33.29,35.83,36.00,20.00,MAN,9,0,0,0.00,0.00,0.00,0.00,0.00,0.00,0.00,0.00
467.74,33.30,35.76,36.00,20.00,MAN,9,0,0,0.00,0.00,0.00,0.00,0.00,0.00,0.00,0.00
468.74,33.32,35.73,36.00,20.00,MAN,9,0,0,0.00,0.00,0.00,0.00,0.00,0.00,0.00,0.00
469.74,33.35,35.69,36.00,20.00,MAN,9,0,0,0.00,0.00,0.00,0.00,0.00,0.00,0.00,0.00
470.74,33.40,35.63,36.00,20.00,MAN,9,0,0,0.00,0.00,0.00,0.00,0.00,0.00,0.00,0.00
471.74,33.43,35.60,36.00,20.00,MAN,9,0,0,0.00,0.00,0.00,0.00,0.00,0.00,0.00,0.00
472.74,33.47,35.58,36.00,20.00,MAN,9,0,0,0.00,0.00,0.00,0.00,0.00,0.00,0.00,0.00
473.75,33.50,35.55,36.00,20.00,MAN,9,0,0,0.00,0.00,0.00,0.00,0.00,0.00,0.00,0.00
474.75,33.53,35.48,36.00,20.00,MAN,9,0,0,0.00,0.00,0.00,0.00,0.00,0.00,0.00,0.00
475.75,33.58,35.44,36.00,20.00,MAN,9,0,0,0.00,0.00,0.00,0.00,0.00,0.00,0.00,0.00
476.75,33.61,35.41,36.00,20.00,MAN,9,0,0,0.00,0.00,0.00,0.00,0.00,0.00,0.00,0.00
477.75,33.64,35.37,36.00,20.00,MAN,9,0,0,0.00,0.00,0.00,0.00,0.00,0.00,0.00,0.00
478.76,33.68,35.33,36.00,20.00,MAN,9,0,0,0.00,0.00,0.00,0.00,0.00,0.00,0.00,0.00
479.76,33.74,35.30,36.00,20.00,MAN,9,0,0,0.00,0.00,0.00,0.00,0.00,0.00,0.00,0.00
480.76,33.78,35.23,36.00,20.00,MAN,9,0,0,0.00,0.00,0.00,0.00,0.00,0.00,0.00,0.00
481.76,33.80,35.18,36.00,20.00,MAN,9,0,0,0.00,0.00,0.00,0.00,0.00,0.00,0.00,0.00
482.76,33.83,35.11,36.00,20.00,MAN,9,0,0,0.00,0.00,0.00,0.00,0.00,0.00,0.00,0.00
483.77,33.88,35.08,36.00,20.00,MAN,9,0,0,0.00,0.00,0.00,0.00,0.00,0.00,0.00,0.00
484.77,33.93,35.01,36.00,20.00,MAN,9,0,0,0.00,0.00,0.00,0.00,0.00,0.00,0.00,0.00
485.77,33.96,34.98,36.00,20.00,MAN,9,0,0,0.00,0.00,0.00,0.00,0.00,0.00,0.00,0.00
486.77,34.00,34.95,36.00,20.00,MAN,9,0,0,0.00,0.00,0.00,0.00,0.00,0.00,0.00,0.00
487.77,34.06,34.89,36.00,20.00,MAN,9,0,0,0.00,0.00,0.00,0.00,0.00,0.00,0.00,0.00
488.77,34.09,34.86,36.00,20.00,MAN,9,0,0,0.00,0.00,0.00,0.00,0.00,0.00,0.00,0.00
489.78,34.14,34.77,36.00,20.00,MAN,9,0,0,0.00,0.00,0.00,0.00,0.00,0.00,0.00,0.00
490.77,34.20,34.76,36.00,20.00,MAN,9,0,0,0.00,0.00,0.00,0.00,0.00,0.00,0.00,0.00
491.78,34.23,34.67,36.00,20.00,MAN,8,0,0,0.00,0.00,0.00,0.00,0.00,0.00,0.00,0.00
492.78,34.26,34.63,36.00,20.00,MAN,8,0,0,0.00,0.00,0.00,0.00,0.00,0.00,0.00,0.00
493.78,34.31,34.57,36.00,20.00,MAN,8,0,0,0.00,0.00,0.00,0.00,0.00,0.00,0.00,0.00
494.78,34.37,34.53,36.00,20.00,MAN,8,0,0,0.00,0.00,0.00,0.00,0.00,0.00,0.00,0.00
495.78,34.41,34.45,36.00,20.00,MAN,8,0,0,0.00,0.00,0.00,0.00,0.00,0.00,0.00,0.00
496.78,34.46,34.41,36.00,20.00,MAN,8,0,0,0.00,0.00,0.00,0.00,0.00,0.00,0.00,0.00
497.79,34.50,34.34,36.00,20.00,MAN,8,0,0,0.00,0.00,0.00,0.00,0.00,0.00,0.00,0.00
498.79,34.55,34.27,36.00,20.00,MAN,8,0,0,0.00,0.00,0.00,0.00,0.00,0.00,0.00,0.00
499.79,34.59,34.18,36.00,20.00,MAN,8,0,0,0.00,0.00,0.00,0.00,0.00,0.00,0.00,0.00
500.79,34.62,34.15,36.00,20.00,MAN,8,0,0,0.00,0.00,0.00,0.00,0.00,0.00,0.00,0.00
501.79,34.66,34.08,36.00,20.00,MAN,8,0,0,0.00,0.00,0.00,0.00,0.00,0.00,0.00,0.00
502.79,34.69,34.04,36.00,20.00,MAN,8,0,0,0.00,0.00,0.00,0.00,0.00,0.00,0.00,0.00
503.80,34.74,34.00,36.00,20.00,MAN,8,0,0,0.00,0.00,0.00,0.00,0.00,0.00,0.00,0.00
504.80,34.78,33.92,36.00,20.00,MAN,8,0,0,0.00,0.00,0.00,0.00,0.00,0.00,0.00,0.00
505.80,34.80,33.88,36.00,20.00,MAN,8,0,0,0.00,0.00,0.00,0.00,0.00,0.00,0.00,0.00
506.80,34.83,33.86,36.00,20.00,MAN,8,0,0,0.00,0.00,0.00,0.00,0.00,0.00,0.00,0.00
507.80,34.89,33.82,36.00,20.00,MAN,8,0,0,0.00,0.00,0.00,0.00,0.00,0.00,0.00,0.00
508.80,34.91,33.73,36.00,20.00,MAN,8,0,0,0.00,0.00,0.00,0.00,0.00,0.00,0.00,0.00
509.80,34.94,33.70,36.00,20.00,MAN,8,0,0,0.00,0.00,0.00,0.00,0.00,0.00,0.00,0.00
510.81,34.98,33.66,36.00,20.00,MAN,8,0,0,0.00,0.00,0.00,0.00,0.00,0.00,0.00,0.00
511.81,35.01,33.63,36.00,20.00,MAN,8,0,0,0.00,0.00,0.00,0.00,0.00,0.00,0.00,0.00
512.81,35.08,33.55,36.00,20.00,MAN,8,0,0,0.00,0.00,0.00,0.00,0.00,0.00,0.00,0.00
513.81,35.12,33.51,36.00,20.00,MAN,8,0,0,0.00,0.00,0.00,0.00,0.00,0.00,0.00,0.00
514.81,35.16,33.43,36.00,20.00,MAN,8,0,0,0.00,0.00,0.00,0.00,0.00,0.00,0.00,0.00
515.82,35.21,33.37,36.00,20.00,MAN,8,0,0,0.00,0.00,0.00,0.00,0.00,0.00,0.00,0.00
516.82,35.23,33.32,36.00,20.00,MAN,8,0,0,0.00,0.00,0.00,0.00,0.00,0.00,0.00,0.00
517.82,35.26,33.28,36.00,20.00,MAN,8,0,0,0.00,0.00,0.00,0.00,0.00,0.00,0.00,0.00
518.82,35.28,33.25,36.00,20.00,MAN,8,0,0,0.00,0.00,0.00,0.00,0.00,0.00,0.00,0.00
519.82,35.30,33.20,36.00,20.00,MAN,8,0,0,0.00,0.00,0.00,0.00,0.00,0.00,0.00,0.00
520.82,35.35,33.18,36.00,20.00,MAN,8,0,0,0.00,0.00,0.00,0.00,0.00,0.00,0.00,0.00
521.82,35.39,33.10,36.00,20.00,MAN,8,0,0,0.00,0.00,0.00,0.00,0.00,0.00,0.00,0.00
522.82,35.41,33.10,36.00,20.00,MAN,8,0,0,0.00,0.00,0.00,0.00,0.00,0.00,0.00,0.00
523.83,35.45,33.02,36.00,20.00,MAN,8,0,0,0.00,0.00,0.00,0.00,0.00,0.00,0.00,0.00
524.83,35.49,32.98,36.00,20.00,MAN,8,0,0,0.00,0.00,0.00,0.00,0.00,0.00,0.00,0.00
525.83,35.53,32.96,36.00,20.00,MAN,8,0,0,0.00,0.00,0.00,0.00,0.00,0.00,0.00,0.00
526.83,35.56,32.92,36.00,20.00,MAN,8,0,0,0.00,0.00,0.00,0.00,0.00,0.00,0.00,0.00
527.83,35.59,32.87,36.00,20.00,MAN,8,0,0,0.00,0.00,0.00,0.00,0.00,0.00,0.00,0.00
528.84,35.64,32.83,36.00,20.00,MAN,8,0,0,0.00,0.00,0.00,0.00,0.00,0.00,0.00,0.00
529.84,35.68,32.77,36.00,20.00,MAN,8,0,0,0.00,0.00,0.00,0.00,0.00,0.00,0.00,0.00
530.84,35.73,32.73,36.00,20.00,MAN,8,0,0,0.00,0.00,0.00,0.00,0.00,0.00,0.00,0.00
531.84,35.77,32.69,36.00,20.00,MAN,8,0,0,0.00,0.00,0.00,0.00,0.00,0.00,0.00,0.00
532.84,35.79,32.65,36.00,20.00,MAN,8,0,0,0.00,0.00,0.00,0.00,0.00,0.00,0.00,0.00
533.84,35.83,32.53,36.00,20.00,MAN,8,0,0,0.00,0.00,0.00,0.00,0.00,0.00,0.00,0.00
534.85,35.86,32.51,36.00,20.00,MAN,8,0,0,0.00,0.00,0.00,0.00,0.00,0.00,0.00,0.00
535.85,35.89,32.47,36.00,20.00,MAN,8,0,0,0.00,0.00,0.00,0.00,0.00,0.00,0.00,0.00
536.85,35.94,32.42,36.00,20.00,MAN,8,0,0,0.00,0.00,0.00,0.00,0.00,0.00,0.00,0.00
537.85,36.00,32.38,36.00,20.00,MAN,8,0,0,0.00,0.00,0.00,0.00,0.00,0.00,0.00,0.00
538.85,36.02,32.35,36.00,20.00,MAN,8,0,0,0.00,0.00,0.00,0.00,0.00,0.00,0.00,0.00
539.85,36.02,32.31,36.00,20.00,MAN,8,0,0,0.00,0.00,0.00,0.00,0.00,0.00,0.00,0.00
540.85,36.03,32.28,36.00,20.00,MAN,8,0,0,0.00,0.00,0.00,0.00,0.00,0.00,0.00,0.00
541.86,36.08,32.24,36.00,20.00,MAN,8,0,0,0.00,0.00,0.00,0.00,0.00,0.00,0.00,0.00
542.86,36.11,32.20,36.00,20.00,MAN,8,0,0,0.00,0.00,0.00,0.00,0.00,0.00,0.00,0.00
543.86,36.13,32.16,36.00,20.00,MAN,8,0,0,0.00,0.00,0.00,0.00,0.00,0.00,0.00,0.00
544.86,36.15,32.16,36.00,20.00,MAN,8,0,0,0.00,0.00,0.00,0.00,0.00,0.00,0.00,0.00
545.86,36.18,32.12,36.00,20.00,MAN,8,0,0,0.00,0.00,0.00,0.00,0.00,0.00,0.00,0.00
546.86,36.23,32.09,36.00,20.00,MAN,8,0,0,0.00,0.00,0.00,0.00,0.00,0.00,0.00,0.00
547.87,36.27,32.06,36.00,20.00,MAN,8,0,0,0.00,0.00,0.00,0.00,0.00,0.00,0.00,0.00
548.87,36.29,32.02,36.00,20.00,MAN,8,0,0,0.00,0.00,0.00,0.00,0.00,0.00,0.00,0.00
549.87,36.32,31.97,36.00,20.00,MAN,8,0,0,0.00,0.00,0.00,0.00,0.00,0.00,0.00,0.00
550.87,36.34,31.93,36.00,20.00,MAN,8,0,0,0.00,0.00,0.00,0.00,0.00,0.00,0.00,0.00
551.87,36.38,31.95,36.00,20.00,MAN,8,0,0,0.00,0.00,0.00,0.00,0.00,0.00,0.00,0.00
552.87,36.40,31.91,36.00,20.00,MAN,8,0,0,0.00,0.00,0.00,0.00,0.00,0.00,0.00,0.00
553.87,36.43,31.87,36.00,20.00,MAN,8,0,0,0.00,0.00,0.00,0.00,0.00,0.00,0.00,0.00
554.88,36.44,31.83,36.00,20.00,MAN,8,0,0,0.00,0.00,0.00,0.00,0.00,0.00,0.00,0.00
555.88,36.47,31.79,36.00,20.00,MAN,8,0,0,0.00,0.00,0.00,0.00,0.00,0.00,0.00,0.00
556.88,36.49,31.79,36.00,20.00,MAN,8,0,0,0.00,0.00,0.00,0.00,0.00,0.00,0.00,0.00
557.88,36.52,31.75,36.00,20.00,MAN,8,0,0,0.00,0.00,0.00,0.00,0.00,0.00,0.00,0.00
558.88,36.55,31.77,36.00,20.00,MAN,8,0,0,0.00,0.00,0.00,0.00,0.00,0.00,0.00,0.00
559.88,36.58,31.73,36.00,20.00,MAN,8,0,0,0.00,0.00,0.00,0.00,0.00,0.00,0.00,0.00
560.89,36.60,31.64,36.00,20.00,MAN,8,0,0,0.00,0.00,0.00,0.00,0.00,0.00,0.00,0.00
561.89,36.62,31.61,36.00,20.00,MAN,8,0,0,0.00,0.00,0.00,0.00,0.00,0.00,0.00,0.00
562.89,36.64,31.56,36.00,20.00,MAN,8,0,0,0.00,0.00,0.00,0.00,0.00,0.00,0.00,0.00
563.89,36.67,31.56,36.00,20.00,MAN,8,0,0,0.00,0.00,0.00,0.00,0.00,0.00,0.00,0.00
564.89,36.69,31.52,36.00,20.00,MAN,8,0,0,0.00,0.00,0.00,0.00,0.00,0.00,0.00,0.00
565.90,36.72,31.54,36.00,20.00,MAN,8,0,0,0.00,0.00,0.00,0.00,0.00,0.00,0.00,0.00
566.90,36.75,31.50,36.00,20.00,MAN,8,0,0,0.00,0.00,0.00,0.00,0.00,0.00,0.00,0.00
567.90,36.76,31.46,36.00,20.00,MAN,8,0,0,0.00,0.00,0.00,0.00,0.00,0.00,0.00,0.00
568.90,36.78,31.41,36.00,20.00,MAN,8,0,0,0.00,0.00,0.00,0.00,0.00,0.00,0.00,0.00
569.90,36.80,31.38,36.00,20.00,MAN,8,0,0,0.00,0.00,0.00,0.00,0.00,0.00,0.00,0.00
570.90,36.83,31.38,36.00,20.00,MAN,8,0,0,0.00,0.00,0.00,0.00,0.00,0.00,0.00,0.00
571.90,36.86,31.34,36.00,20.00,MAN,8,0,0,0.00,0.00,0.00,0.00,0.00,0.00,0.00,0.00
572.90,36.88,31.35,36.00,20.00,MAN,8,0,0,0.00,0.00,0.00,0.00,0.00,0.00,0.00,0.00
573.91,36.92,31.31,36.00,20.00,MAN,8,0,0,0.00,0.00,0.00,0.00,0.00,0.00,0.00,0.00
574.91,36.95,31.27,36.00,20.00,MAN,8,0,0,0.00,0.00,0.00,0.00,0.00,0.00,0.00,0.00
575.91,36.97,31.27,36.00,20.00,MAN,8,0,0,0.00,0.00,0.00,0.00,0.00,0.00,0.00,0.00
576.91,37.00,31.23,36.00,20.00,MAN,8,0,0,0.00,0.00,0.00,0.00,0.00,0.00,0.00,0.00
577.91,37.02,31.19,36.00,20.00,MAN,8,0,0,0.00,0.00,0.00,0.00,0.00,0.00,0.00,0.00
578.91,37.06,31.16,36.00,20.00,MAN,8,0,0,0.00,0.00,0.00,0.00,0.00,0.00,0.00,0.00
579.92,37.08,31.16,36.00,20.00,MAN,8,0,0,0.00,0.00,0.00,0.00,0.00,0.00,0.00,0.00
580.92,37.10,31.12,36.00,20.00,MAN,8,0,0,0.00,0.00,0.00,0.00,0.00,0.00,0.00,0.00
581.92,37.13,31.09,36.00,20.00,MAN,8,0,0,0.00,0.00,0.00,0.00,0.00,0.00,0.00,0.00
582.92,37.14,31.09,36.00,20.00,MAN,8,0,0,0.00,0.00,0.00,0.00,0.00,0.00,0.00,0.00
583.92,37.16,31.04,36.00,20.00,MAN,8,0,0,0.00,0.00,0.00,0.00,0.00,0.00,0.00,0.00
584.93,37.18,31.00,36.00,20.00,MAN,8,0,0,0.00,0.00,0.00,0.00,0.00,0.00,0.00,0.00
585.93,37.20,31.00,36.00,20.00,MAN,8,0,0,0.00,0.00,0.00,0.00,0.00,0.00,0.00,0.00
586.93,37.22,30.98,36.00,20.00,MAN,8,0,0,0.00,0.00,0.00,0.00,0.00,0.00,0.00,0.00
587.93,37.25,30.98,36.00,20.00,MAN,8,0,0,0.00,0.00,0.00,0.00,0.00,0.00,0.00,0.00
588.93,37.27,30.94,36.00,20.00,MAN,8,0,0,0.00,0.00,0.00,0.00,0.00,0.00,0.00,0.00
589.93,37.30,30.90,36.00,20.00,MAN,8,0,0,0.00,0.00,0.00,0.00,0.00,0.00,0.00,0.00
590.93,37.33,30.90,36.00,20.00,MAN,8,0,0,0.00,0.00,0.00,0.00,0.00,0.00,0.00,0.00
591.93,37.35,30.86,36.00,20.00,MAN,8,0,0,0.00,0.00,0.00,0.00,0.00,0.00,0.00,0.00
592.94,37.36,30.86,36.00,20.00,MAN,8,0,0,0.00,0.00,0.00,0.00,0.00,0.00,0.00,0.00
593.94,37.40,30.79,36.00,20.00,MAN,8,0,0,0.00,0.00,0.00,0.00,0.00,0.00,0.00,0.00
594.94,37.41,30.75,36.00,20.00,MAN,8,0,0,0.00,0.00,0.00,0.00,0.00,0.00,0.00,0.00
595.94,37.43,30.75,36.00,20.00,MAN,8,0,0,0.00,0.00,0.00,0.00,0.00,0.00,0.00,0.00
596.94,37.45,30.71,36.00,20.00,MAN,8,0,0,0.00,0.00,0.00,0.00,0.00,0.00,0.00,0.00
597.95,37.47,30.71,36.00,20.00,MAN,8,0,0,0.00,0.00,0.00,0.00,0.00,0.00,0.00,0.00
598.95,37.50,30.67,36.00,20.00,MAN,8,0,0,0.00,0.00,0.00,0.00,0.00,0.00,0.00,0.00
599.95,37.52,30.67,36.00,20.00,MAN,8,0,0,0.00,0.00,0.00,0.00,0.00,0.00,0.00,0.00
600.95,37.55,30.63,36.00,20.00,MAN,8,0,0,0.00,0.00,0.00,0.00,0.00,0.00,0.00,0.00
601.95,37.57,30.61,36.00,20.00,MAN,8,0,0,0.00,0.00,0.00,0.00,0.00,0.00,0.00,0.00
602.95,37.59,30.61,36.00,20.00,MAN,8,0,0,0.00,0.00,0.00,0.00,0.00,0.00,0.00,0.00
603.95,37.61,30.57,36.00,20.00,MAN,8,0,0,0.00,0.00,0.00,0.00,0.00,0.00,0.00,0.00
604.96,37.64,30.53,36.00,20.00,MAN,8,0,0,0.00,0.00,0.00,0.00,0.00,0.00,0.00,0.00
605.96,37.66,30.53,36.00,20.00,MAN,8,0,0,0.00,0.00,0.00,0.00,0.00,0.00,0.00,0.00
606.96,37.67,30.48,36.00,20.00,MAN,8,0,0,0.00,0.00,0.00,0.00,0.00,0.00,0.00,0.00
607.96,37.69,30.48,36.00,20.00,MAN,8,0,0,0.00,0.00,0.00,0.00,0.00,0.00,0.00,0.00
608.96,37.71,30.45,36.00,20.00,MAN,8,0,0,0.00,0.00,0.00,0.00,0.00,0.00,0.00,0.00
609.96,37.73,30.45,36.00,20.00,MAN,8,0,0,0.00,0.00,0.00,0.00,0.00,0.00,0.00,0.00
610.97,37.75,30.46,36.00,20.00,MAN,8,0,0,0.00,0.00,0.00,0.00,0.00,0.00,0.00,0.00
611.97,37.78,30.42,36.00,20.00,MAN,8,0,0,0.00,0.00,0.00,0.00,0.00,0.00,0.00,0.00
612.97,37.79,30.38,36.00,20.00,MAN,8,0,0,0.00,0.00,0.00,0.00,0.00,0.00,0.00,0.00
613.97,37.80,30.38,36.00,20.00,MAN,8,0,0,0.00,0.00,0.00,0.00,0.00,0.00,0.00,0.00
614.97,37.82,30.38,36.00,20.00,MAN,8,0,0,0.00,0.00,0.00,0.00,0.00,0.00,0.00,0.00
615.98,37.85,30.34,36.00,20.00,MAN,8,0,0,0.00,0.00,0.00,0.00,0.00,0.00,0.00,0.00
616.98,37.86,30.34,36.00,20.00,MAN,8,0,0,0.00,0.00,0.00,0.00,0.00,0.00,0.00,0.00
617.98,37.88,30.30,36.00,20.00,MAN,8,0,0,0.00,0.00,0.00,0.00,0.00,0.00,0.00,0.00
618.98,37.89,30.30,36.00,20.00,MAN,8,0,0,0.00,0.00,0.00,0.00,0.00,0.00,0.00,0.00
619.98,37.92,30.30,36.00,20.00,MAN,8,0,0,0.00,0.00,0.00,0.00,0.00,0.00,0.00,0.00
620.98,37.94,30.28,36.00,20.00,MAN,8,0,0,0.00,0.00,0.00,0.00,0.00,0.00,0.00,0.00
621.98,37.95,30.23,36.00,20.00,MAN,8,0,0,0.00,0.00,0.00,0.00,0.00,0.00,0.00,0.00
622.98,37.96,30.23,36.00,20.00,MAN,8,0,0,0.00,0.00,0.00,0.00,0.00,0.00,0.00,0.00
623.99,37.99,30.23,36.00,20.00,MAN,8,0,0,0.00,0.00,0.00,0.00,0.00,0.00,0.00,0.00
624.99,38.01,30.19,36.00,20.00,MAN,8,0,0,0.00,0.00,0.00,0.00,0.00,0.00,0.00,0.00
625.99,38.02,30.19,36.00,20.00,MAN,8,0,0,0.00,0.00,0.00,0.00,0.00,0.00,0.00,0.00
626.99,38.03,30.16,36.00,20.00,MAN,8,0,0,0.00,0.00,0.00,0.00,0.00,0.00,0.00,0.00
627.99,38.05,30.16,36.00,20.00,MAN,8,0,0,0.00,0.00,0.00,0.00,0.00,0.00,0.00,0.00
628.99,38.06,30.16,36.00,20.00,MAN,8,0,0,0.00,0.00,0.00,0.00,0.00,0.00,0.00,0.00
630.00,38.07,30.13,36.00,20.00,MAN,8,0,0,0.00,0.00,0.00,0.00,0.00,0.00,0.00,0.00
631.00,38.09,30.13,36.00,20.00,MAN,8,0,0,0.00,0.00,0.00,0.00,0.00,0.00,0.00,0.00
632.00,38.09,30.13,36.00,20.00,MAN,8,0,0,0.00,0.00,0.00,0.00,0.00,0.00,0.00,0.00
633.00,38.11,30.09,36.00,20.00,MAN,8,0,0,0.00,0.00,0.00,0.00,0.00,0.00,0.00,0.00
634.00,38.14,30.09,36.00,20.00,MAN,8,0,0,0.00,0.00,0.00,0.00,0.00,0.00,0.00,0.00
635.01,38.15,30.09,36.00,20.00,MAN,8,0,0,0.00,0.00,0.00,0.00,0.00,0.00,0.00,0.00
636.01,38.15,30.05,36.00,20.00,MAN,8,0,0,0.00,0.00,0.00,0.00,0.00,0.00,0.00,0.00
637.01,38.17,30.05,36.00,20.00,MAN,8,0,0,0.00,0.00,0.00,0.00,0.00,0.00,0.00,0.00
638.01,38.18,30.05,36.00,20.00,MAN,8,0,0,0.00,0.00,0.00,0.00,0.00,0.00,0.00,0.00
639.01,38.19,30.05,36.00,20.00,MAN,8,0,0,0.00,0.00,0.00,0.00,0.00,0.00,0.00,0.00
640.01,38.20,30.00,36.00,20.00,MAN,8,0,0,0.00,0.00,0.00,0.00,0.00,0.00,0.00,0.00
641.01,38.21,30.00,36.00,20.00,MAN,8,0,0,0.00,0.00,0.00,0.00,0.00,0.00,0.00,0.00
642.01,38.24,29.93,36.00,20.00,MAN,10,0,0,0.00,0.00,0.00,0.00,0.00,0.00,0.00,0.00
643.02,38.25,29.94,36.00,20.00,MAN,10,0,0,0.00,0.00,0.00,0.00,0.00,0.00,0.00,0.00
644.02,38.26,29.94,36.00,20.00,MAN,10,0,0,0.00,0.00,0.00,0.00,0.00,0.00,0.00,0.00
645.02,38.28,29.90,36.00,20.00,MAN,10,0,0,0.00,0.00,0.00,0.00,0.00,0.00,0.00,0.00
646.02,38.31,29.90,36.00,20.00,MAN,10,0,0,0.00,0.00,0.00,0.00,0.00,0.00,0.00,0.00
647.02,38.33,29.90,36.00,20.00,MAN,10,0,0,0.00,0.00,0.00,0.00,0.00,0.00,0.00,0.00
648.03,38.34,29.86,36.00,20.00,MAN,10,0,0,0.00,0.00,0.00,0.00,0.00,0.00,0.00,0.00
649.03,38.35,29.86,36.00,20.00,MAN,10,0,0,0.00,0.00,0.00,0.00,0.00,0.00,0.00,0.00
650.03,38.37,29.82,36.00,20.00,MAN,10,0,0,0.00,0.00,0.00,0.00,0.00,0.00,0.00,0.00
651.03,38.38,29.82,36.00,20.00,MAN,10,0,0,0.00,0.00,0.00,0.00,0.00,0.00,0.00,0.00
652.03,38.40,29.82,36.00,20.00,MAN,10,0,0,0.00,0.00,0.00,0.00,0.00,0.00,0.00,0.00
653.03,38.43,29.79,36.00,20.00,MAN,10,0,0,0.00,0.00,0.00,0.00,0.00,0.00,0.00,0.00
654.03,38.45,29.79,36.00,20.00,MAN,10,0,0,0.00,0.00,0.00,0.00,0.00,0.00,0.00,0.00
655.08,38.47,29.75,36.00,20.00,MAN,10,0,0,0.00,0.00,0.00,0.00,0.00,0.00,0.00,0.00
656.04,38.51,29.75,36.00,20.00,MAN,10,0,0,0.00,0.00,0.00,0.00,0.00,0.00,0.00,0.00
657.04,38.52,29.71,36.00,20.00,MAN,10,0,0,0.00,0.00,0.00,0.00,0.00,0.00,0.00,0.00
658.04,38.53,29.71,36.00,20.00,MAN,10,0,0,0.00,0.00,0.00,0.00,0.00,0.00,0.00,0.00
659.04,38.53,29.67,36.00,20.00,MAN,10,0,0,0.00,0.00,0.00,0.00,0.00,0.00,0.00,0.00
660.04,38.51,29.63,36.00,20.00,MAN,10,0,0,0.00,0.00,0.00,0.00,0.00,0.00,0.00,0.00
661.05,38.48,29.51,36.00,20.00,MAN,10,0,0,0.00,0.00,0.00,0.00,0.00,0.00,0.00,0.00
662.05,38.47,29.47,36.00,20.00,MAN,10,0,0,0.00,0.00,0.00,0.00,0.00,0.00,0.00,0.00
663.05,38.46,29.42,36.00,20.00,MAN,10,0,0,0.00,0.00,0.00,0.00,0.00,0.00,0.00,0.00
664.05,38.43,29.39,36.00,20.00,MAN,10,0,0,0.00,0.00,0.00,0.00,0.00,0.00,0.00,0.00
665.05,38.39,29.33,36.00,20.00,MAN,10,0,0,0.00,0.00,0.00,0.00,0.00,0.00,0.00,0.00
666.05,38.32,29.29,36.00,20.00,MAN,10,0,0,0.00,0.00,0.00,0.00,0.00,0.00,0.00,0.00
667.06,38.26,29.25,36.00,20.00,MAN,10,0,0,0.00,0.00,0.00,0.00,0.00,0.00,0.00,0.00
668.05,38.22,29.19,36.00,20.00,MAN,10,0,0,0.00,0.00,0.00,0.00,0.00,0.00,0.00,0.00
669.06,38.19,29.23,36.00,20.00,MAN,10,0,0,0.00,0.00,0.00,0.00,0.00,0.00,0.00,0.00
670.06,38.10,29.23,36.00,20.00,MAN,10,0,0,0.00,0.00,0.00,0.00,0.00,0.00,0.00,0.00
671.06,38.01,29.22,36.00,20.00,MAN,10,0,0,0.00,0.00,0.00,0.00,0.00,0.00,0.00,0.00
672.06,37.97,29.30,36.00,20.00,MAN,10,0,0,0.00,0.00,0.00,0.00,0.00,0.00,0.00,0.00
673.06,37.92,29.36,36.00,20.00,MAN,10,0,0,0.00,0.00,0.00,0.00,0.00,0.00,0.00,0.00
674.06,37.86,29.41,36.00,20.00,MAN,10,0,0,0.00,0.00,0.00,0.00,0.00,0.00,0.00,0.00
675.07,37.84,29.48,36.00,20.00,MAN,10,0,0,0.00,0.00,0.00,0.00,0.00,0.00,0.00,0.00
676.07,37.75,29.48,36.00,20.00,MAN,10,0,0,0.00,0.00,0.00,0.00,0.00,0.00,0.00,0.00
677.07,37.71,29.51,36.00,20.00,MAN,8,0,0,0.00,0.00,0.00,0.00,0.00,0.00,0.00,0.00
678.07,37.65,29.59,36.00,20.00,MAN,8,0,0,0.00,0.00,0.00,0.00,0.00,0.00,0.00,0.00
679.07,37.57,29.58,36.00,20.00,MAN,8,0,0,0.00,0.00,0.00,0.00,0.00,0.00,0.00,0.00
680.08,37.51,29.65,36.00,20.00,MAN,8,0,0,0.00,0.00,0.00,0.00,0.00,0.00,0.00,0.00
681.08,37.47,29.74,36.00,20.00,MAN,8,0,0,0.00,0.00,0.00,0.00,0.00,0.00,0.00,0.00
682.08,37.45,29.82,36.00,20.00,MAN,8,0,0,0.00,0.00,0.00,0.00,0.00,0.00,0.00,0.00
683.08,37.42,29.86,36.00,20.00,MAN,8,0,0,0.00,0.00,0.00,0.00,0.00,0.00,0.00,0.00
684.08,37.40,29.94,36.00,20.00,MAN,8,0,0,0.00,0.00,0.00,0.00,0.00,0.00,0.00,0.00
685.08,37.35,29.93,36.00,20.00,MAN,8,0,0,0.00,0.00,0.00,0.00,0.00,0.00,0.00,0.00
686.08,37.28,29.96,36.00,20.00,MAN,8,0,0,0.00,0.00,0.00,0.00,0.00,0.00,0.00,0.00
687.09,37.23,30.01,36.00,20.00,MAN,8,0,0,0.00,0.00,0.00,0.00,0.00,0.00,0.00,0.00
688.09,37.16,29.99,36.00,20.00,MAN,8,0,0,0.00,0.00,0.00,0.00,0.00,0.00,0.00,0.00
689.09,37.11,30.03,36.00,20.00,MAN,8,0,0,0.00,0.00,0.00,0.00,0.00,0.00,0.00,0.00
690.09,37.04,30.09,36.00,20.00,MAN,8,0,0,0.00,0.00,0.00,0.00,0.00,0.00,0.00,0.00
691.09,36.96,30.18,36.00,20.00,MAN,8,0,0,0.00,0.00,0.00,0.00,0.00,0.00,0.00,0.00
692.09,36.89,30.22,36.00,20.00,MAN,8,0,0,0.00,0.00,0.00,0.00,0.00,0.00,0.00,0.00
693.10,36.85,30.29,36.00,20.00,MAN,8,0,0,0.00,0.00,0.00,0.00,0.00,0.00,0.00,0.00
694.10,36.81,30.36,36.00,20.00,MAN,8,0,0,0.00,0.00,0.00,0.00,0.00,0.00,0.00,0.00
695.10,36.74,30.40,36.00,20.00,MAN,8,0,0,0.00,0.00,0.00,0.00,0.00,0.00,0.00,0.00
696.10,36.70,30.47,36.00,20.00,MAN,8,0,0,0.00,0.00,0.00,0.00,0.00,0.00,0.00,0.00
697.10,36.63,30.55,36.00,20.00,MAN,8,0,0,0.00,0.00,0.00,0.00,0.00,0.00,0.00,0.00
698.10,36.56,30.63,36.00,20.00,MAN,8,0,0,0.00,0.00,0.00,0.00,0.00,0.00,0.00,0.00
699.11,36.51,30.70,36.00,20.00,MAN,8,0,0,0.00,0.00,0.00,0.00,0.00,0.00,0.00,0.00
700.11,36.44,30.82,36.00,20.00,MAN,8,0,0,0.00,0.00,0.00,0.00,0.00,0.00,0.00,0.00
701.11,36.37,30.86,36.00,20.00,MAN,8,0,0,0.00,0.00,0.00,0.00,0.00,0.00,0.00,0.00
702.11,36.30,30.92,36.00,20.00,MAN,8,0,0,0.00,0.00,0.00,0.00,0.00,0.00,0.00,0.00
703.11,36.24,31.00,36.00,20.00,MAN,8,0,0,0.00,0.00,0.00,0.00,0.00,0.00,0.00,0.00
704.11,36.16,31.11,36.00,20.00,MAN,8,0,0,0.00,0.00,0.00,0.00,0.00,0.00,0.00,0.00
705.11,36.11,31.19,36.00,20.00,MAN,8,0,0,0.00,0.00,0.00,0.00,0.00,0.00,0.00,0.00
706.12,36.03,31.23,36.00,20.00,MAN,8,0,0,0.00,0.00,0.00,0.00,0.00,0.00,0.00,0.00
707.12,36.02,31.29,36.00,20.00,MAN,8,0,0,0.00,0.00,0.00,0.00,0.00,0.00,0.00,0.00
708.12,35.98,31.38,36.00,20.00,MAN,8,0,0,0.00,0.00,0.00,0.00,0.00,0.00,0.00,0.00
709.12,35.92,31.41,36.00,20.00,MAN,8,0,0,0.00,0.00,0.00,0.00,0.00,0.00,0.00,0.00
710.12,35.86,31.50,36.00,20.00,MAN,8,0,0,0.00,0.00,0.00,0.00,0.00,0.00,0.00,0.00
711.12,35.80,31.56,36.00,20.00,MAN,8,0,0,0.00,0.00,0.00,0.00,0.00,0.00,0.00,0.00
712.13,35.75,31.68,36.00,20.00,MAN,8,0,0,0.00,0.00,0.00,0.00,0.00,0.00,0.00,0.00
713.13,35.69,31.72,36.00,20.00,MAN,8,0,0,0.00,0.00,0.00,0.00,0.00,0.00,0.00,0.00
714.13,35.65,31.79,36.00,20.00,MAN,8,0,0,0.00,0.00,0.00,0.00,0.00,0.00,0.00,0.00
715.13,35.59,31.86,36.00,20.00,MAN,8,0,0,0.00,0.00,0.00,0.00,0.00,0.00,0.00,0.00
716.13,35.53,31.95,36.00,20.00,MAN,8,0,0,0.00,0.00,0.00,0.00,0.00,0.00,0.00,0.00
717.13,35.48,32.01,36.00,20.00,MAN,8,0,0,0.00,0.00,0.00,0.00,0.00,0.00,0.00,0.00
718.14,35.42,32.05,36.00,20.00,MAN,8,0,0,0.00,0.00,0.00,0.00,0.00,0.00,0.00,0.00
719.14,35.38,32.13,36.00,20.00,MAN,8,0,0,0.00,0.00,0.00,0.00,0.00,0.00,0.00,0.00
720.14,35.33,32.19,36.00,20.00,MAN,8,0,0,0.00,0.00,0.00,0.00,0.00,0.00,0.00,0.00
721.14,35.27,32.28,36.00,20.00,MAN,8,0,0,0.00,0.00,0.00,0.00,0.00,0.00,0.00,0.00
722.14,35.22,32.31,36.00,20.00,MAN,8,0,0,0.00,0.00,0.00,0.00,0.00,0.00,0.00,0.00
723.14,35.16,32.38,36.00,20.00,MAN,8,0,0,0.00,0.00,0.00,0.00,0.00,0.00,0.00,0.00
724.14,35.11,32.46,36.00,20.00,MAN,8,0,0,0.00,0.00,0.00,0.00,0.00,0.00,0.00,0.00
725.15,35.06,32.58,36.00,20.00,MAN,8,0,0,0.00,0.00,0.00,0.00,0.00,0.00,0.00,0.00
726.15,35.01,32.67,36.00,20.00,MAN,8,0,0,0.00,0.00,0.00,0.00,0.00,0.00,0.00,0.00
727.15,34.97,32.73,36.00,20.00,MAN,8,0,0,0.00,0.00,0.00,0.00,0.00,0.00,0.00,0.00
728.15,34.93,32.81,36.00,20.00,MAN,8,0,0,0.00,0.00,0.00,0.00,0.00,0.00,0.00,0.00
729.15,34.86,32.85,36.00,20.00,MAN,8,0,0,0.00,0.00,0.00,0.00,0.00,0.00,0.00,0.00
730.16,34.82,32.91,36.00,20.00,MAN,8,0,0,0.00,0.00,0.00,0.00,0.00,0.00,0.00,0.00
731.16,34.78,32.95,36.00,20.00,MAN,8,0,0,0.00,0.00,0.00,0.00,0.00,0.00,0.00,0.00
732.16,34.74,33.03,36.00,20.00,MAN,8,0,0,0.00,0.00,0.00,0.00,0.00,0.00,0.00,0.00
733.16,34.68,33.12,36.00,20.00,MAN,8,0,0,0.00,0.00,0.00,0.00,0.00,0.00,0.00,0.00
734.16,34.65,33.18,36.00,20.00,MAN,8,0,0,0.00,0.00,0.00,0.00,0.00,0.00,0.00,0.00
735.16,34.61,33.22,36.00,20.00,MAN,8,0,0,0.00,0.00,0.00,0.00,0.00,0.00,0.00,0.00
736.16,34.55,33.30,36.00,20.00,MAN,8,0,0,0.00,0.00,0.00,0.00,0.00,0.00,0.00,0.00
737.16,34.50,33.38,36.00,20.00,MAN,8,0,0,0.00,0.00,0.00,0.00,0.00,0.00,0.00,0.00
738.17,34.46,33.44,36.00,20.00,MAN,8,0,0,0.00,0.00,0.00,0.00,0.00,0.00,0.00,0.00
739.17,34.41,33.52,36.00,20.00,MAN,8,0,0,0.00,0.00,0.00,0.00,0.00,0.00,0.00,0.00
740.17,34.37,33.60,36.00,20.00,MAN,8,0,0,0.00,0.00,0.00,0.00,0.00,0.00,0.00,0.00
741.17,34.33,33.64,36.00,20.00,MAN,8,0,0,0.00,0.00,0.00,0.00,0.00,0.00,0.00,0.00
742.17,34.29,33.70,36.00,20.00,MAN,8,0,0,0.00,0.00,0.00,0.00,0.00,0.00,0.00,0.00
743.17,34.25,33.79,36.00,20.00,MAN,8,0,0,0.00,0.00,0.00,0.00,0.00,0.00,0.00,0.00
744.18,34.21,33.83,36.00,20.00,MAN,8,0,0,0.00,0.00,0.00,0.00,0.00,0.00,0.00,0.00
745.18,34.16,33.91,36.00,20.00,MAN,8,0,0,0.00,0.00,0.00,0.00,0.00,0.00,0.00,0.00
746.18,34.10,33.93,36.00,20.00,MAN,8,0,0,0.00,0.00,0.00,0.00,0.00,0.00,0.00,0.00
747.18,34.06,34.01,36.00,20.00,MAN,8,0,0,0.00,0.00,0.00,0.00,0.00,0.00,0.00,0.00
748.18,34.04,34.09,36.00,20.00,MAN,8,0,0,0.00,0.00,0.00,0.00,0.00,0.00,0.00,0.00
749.19,34.01,34.13,36.00,20.00,MAN,8,0,0,0.00,0.00,0.00,0.00,0.00,0.00,0.00,0.00
750.18,33.96,34.17,36.00,20.00,MAN,8,0,0,0.00,0.00,0.00,0.00,0.00,0.00,0.00,0.00
751.19,33.93,34.19,36.00,20.00,MAN,8,0,0,0.00,0.00,0.00,0.00,0.00,0.00,0.00,0.00
752.19,33.90,34.28,36.00,20.00,MAN,8,0,0,0.00,0.00,0.00,0.00,0.00,0.00,0.00,0.00
753.19,33.87,34.31,36.00,20.00,MAN,8,0,0,0.00,0.00,0.00,0.00,0.00,0.00,0.00,0.00
754.19,33.83,34.40,36.00,20.00,MAN,8,0,0,0.00,0.00,0.00,0.00,0.00,0.00,0.00,0.00
755.19,33.80,34.44,36.00,20.00,MAN,8,0,0,0.00,0.00,0.00,0.00,0.00,0.00,0.00,0.00
756.20,33.77,34.46,36.00,20.00,MAN,8,0,0,0.00,0.00,0.00,0.00,0.00,0.00,0.00,0.00
757.20,33.73,34.50,36.00,20.00,MAN,9,0,0,0.00,0.00,0.00,0.00,0.00,0.00,0.00,0.00
758.20,33.71,34.58,36.00,20.00,MAN,9,0,0,0.00,0.00,0.00,0.00,0.00,0.00,0.00,0.00
759.20,33.66,34.58,36.00,20.00,MAN,9,0,0,0.00,0.00,0.00,0.00,0.00,0.00,0.00,0.00
760.20,33.63,34.64,36.00,20.00,MAN,9,0,0,0.00,0.00,0.00,0.00,0.00,0.00,0.00,0.00
761.20,33.60,34.72,36.00,20.00,MAN,9,0,0,0.00,0.00,0.00,0.00,0.00,0.00,0.00,0.00
762.21,33.57,34.76,36.00,20.00,MAN,9,0,0,0.00,0.00,0.00,0.00,0.00,0.00,0.00,0.00
763.21,33.53,34.83,36.00,20.00,MAN,9,0,0,0.00,0.00,0.00,0.00,0.00,0.00,0.00,0.00
764.21,33.51,34.87,36.00,20.00,MAN,9,0,0,0.00,0.00,0.00,0.00,0.00,0.00,0.00,0.00
765.21,33.48,34.90,36.00,20.00,MAN,9,0,0,0.00,0.00,0.00,0.00,0.00,0.00,0.00,0.00
766.21,33.44,34.92,36.00,20.00,MAN,9,0,0,0.00,0.00,0.00,0.00,0.00,0.00,0.00,0.00
767.21,33.41,34.95,36.00,20.00,MAN,9,0,0,0.00,0.00,0.00,0.00,0.00,0.00,0.00,0.00
768.21,33.36,35.02,36.00,20.00,MAN,9,0,0,0.00,0.00,0.00,0.00,0.00,0.00,0.00,0.00
769.21,33.31,35.12,36.00,20.00,MAN,9,0,0,0.00,0.00,0.00,0.00,0.00,0.00,0.00,0.00
770.22,33.30,35.15,36.00,20.00,MAN,9,0,0,0.00,0.00,0.00,0.00,0.00,0.00,0.00,0.00
771.22,33.27,35.18,36.00,20.00,MAN,9,0,0,0.00,0.00,0.00,0.00,0.00,0.00,0.00,0.00
772.22,33.23,35.24,36.00,20.00,MAN,9,0,0,0.00,0.00,0.00,0.00,0.00,0.00,0.00,0.00
773.22,33.21,35.28,36.00,20.00,MAN,9,0,0,0.00,0.00,0.00,0.00,0.00,0.00,0.00,0.00
774.22,33.19,35.31,36.00,20.00,MAN,9,0,0,0.00,0.00,0.00,0.00,0.00,0.00,0.00,0.00
775.23,33.17,35.34,36.00,20.00,MAN,9,0,0,0.00,0.00,0.00,0.00,0.00,0.00,0.00,0.00
776.23,33.15,35.37,36.00,20.00,MAN,9,0,0,0.00,0.00,0.00,0.00,0.00,0.00,0.00,0.00
777.23,33.12,35.39,36.00,20.00,MAN,9,0,0,0.00,0.00,0.00,0.00,0.00,0.00,0.00,0.00
778.23,33.08,35.43,36.00,20.00,MAN,9,0,0,0.00,0.00,0.00,0.00,0.00,0.00,0.00,0.00
779.23,33.04,35.49,36.00,20.00,MAN,9,0,0,0.00,0.00,0.00,0.00,0.00,0.00,0.00,0.00
780.23,33.02,35.53,36.00,20.00,MAN,9,0,0,0.00,0.00,0.00,0.00,0.00,0.00,0.00,0.00
781.24,32.99,35.60,36.00,20.00,MAN,9,0,0,0.00,0.00,0.00,0.00,0.00,0.00,0.00,0.00
782.24,32.94,35.66,36.00,20.00,MAN,9,0,0,0.00,0.00,0.00,0.00,0.00,0.00,0.00,0.00
783.24,32.92,35.68,36.00,20.00,MAN,9,0,0,0.00,0.00,0.00,0.00,0.00,0.00,0.00,0.00
784.24,32.90,35.71,36.00,20.00,MAN,9,0,0,0.00,0.00,0.00,0.00,0.00,0.00,0.00,0.00
785.24,32.89,35.75,36.00,20.00,MAN,9,0,0,0.00,0.00,0.00,0.00,0.00,0.00,0.00,0.00
786.24,32.86,35.78,36.00,20.00,MAN,9,0,0,0.00,0.00,0.00,0.00,0.00,0.00,0.00,0.00
787.24,32.83,35.85,36.00,20.00,MAN,9,0,0,0.00,0.00,0.00,0.00,0.00,0.00,0.00,0.00
788.25,32.79,35.88,36.00,20.00,MAN,9,0,0,0.00,0.00,0.00,0.00,0.00,0.00,0.00,0.00
789.25,32.76,35.93,36.00,20.00,MAN,9,0,0,0.00,0.00,0.00,0.00,0.00,0.00,0.00,0.00
790.25,32.74,35.96,36.00,20.00,MAN,9,0,0,0.00,0.00,0.00,0.00,0.00,0.00,0.00,0.00
791.25,32.72,36.00,36.00,20.00,MAN,9,0,0,0.00,0.00,0.00,0.00,0.00,0.00,0.00,0.00
792.25,32.70,36.03,36.00,20.00,MAN,9,0,0,0.00,0.00,0.00,0.00,0.00,0.00,0.00,0.00
793.25,32.68,36.07,36.00,20.00,MAN,9,0,0,0.00,0.00,0.00,0.00,0.00,0.00,0.00,0.00
794.26,32.67,36.10,36.00,20.00,MAN,9,0,0,0.00,0.00,0.00,0.00,0.00,0.00,0.00,0.00
795.26,32.63,36.13,36.00,20.00,MAN,9,0,0,0.00,0.00,0.00,0.00,0.00,0.00,0.00,0.00
796.26,32.61,36.17,36.00,20.00,MAN,9,0,0,0.00,0.00,0.00,0.00,0.00,0.00,0.00,0.00
797.26,32.58,36.18,36.00,20.00,MAN,9,0,0,0.00,0.00,0.00,0.00,0.00,0.00,0.00,0.00
798.26,32.57,36.21,36.00,20.00,MAN,9,0,0,0.00,0.00,0.00,0.00,0.00,0.00,0.00,0.00
799.27,32.53,36.28,36.00,20.00,MAN,9,0,0,0.00,0.00,0.00,0.00,0.00,0.00,0.00,0.00
800.26,32.50,36.32,36.00,20.00,MAN,9,0,0,0.00,0.00,0.00,0.00,0.00,0.00,0.00,0.00
801.27,32.47,36.35,36.00,20.00,MAN,9,0,0,0.00,0.00,0.00,0.00,0.00,0.00,0.00,0.00
802.27,32.45,36.42,36.00,20.00,MAN,9,0,0,0.00,0.00,0.00,0.00,0.00,0.00,0.00,0.00
803.27,32.43,36.43,36.00,20.00,MAN,9,0,0,0.00,0.00,0.00,0.00,0.00,0.00,0.00,0.00
804.27,32.42,36.47,36.00,20.00,MAN,9,0,0,0.00,0.00,0.00,0.00,0.00,0.00,0.00,0.00
805.27,32.41,36.50,36.00,20.00,MAN,9,0,0,0.00,0.00,0.00,0.00,0.00,0.00,0.00,0.00
806.27,32.40,36.57,36.00,20.00,MAN,9,0,0,0.00,0.00,0.00,0.00,0.00,0.00,0.00,0.00
807.28,32.39,36.60,36.00,20.00,MAN,9,0,0,0.00,0.00,0.00,0.00,0.00,0.00,0.00,0.00
808.28,32.38,36.63,36.00,20.00,MAN,9,0,0,0.00,0.00,0.00,0.00,0.00,0.00,0.00,0.00
809.28,32.38,36.63,36.00,20.00,MAN,9,0,0,0.00,0.00,0.00,0.00,0.00,0.00,0.00,0.00
810.28,32.38,36.63,36.00,20.00,MAN,9,0,0,0.00,0.00,0.00,0.00,0.00,0.00,0.00,0.00
811.28,32.38,36.67,36.00,20.00,MAN,9,0,0,0.00,0.00,0.00,0.00,0.00,0.00,0.00,0.00
812.28,32.39,36.67,36.00,20.00,MAN,9,0,0,0.00,0.00,0.00,0.00,0.00,0.00,0.00,0.00
813.29,32.40,36.67,36.00,20.00,MAN,9,0,0,0.00,0.00,0.00,0.00,0.00,0.00,0.00,0.00
814.29,32.41,36.67,36.00,20.00,MAN,9,0,0,0.00,0.00,0.00,0.00,0.00,0.00,0.00,0.00
815.29,32.41,36.67,36.00,20.00,MAN,9,0,0,0.00,0.00,0.00,0.00,0.00,0.00,0.00,0.00
816.29,32.43,36.67,36.00,20.00,MAN,9,0,0,0.00,0.00,0.00,0.00,0.00,0.00,0.00,0.00
817.29,32.44,36.69,36.00,20.00,MAN,9,0,0,0.00,0.00,0.00,0.00,0.00,0.00,0.00,0.00
818.30,32.46,36.69,36.00,20.00,MAN,9,0,0,0.00,0.00,0.00,0.00,0.00,0.00,0.00,0.00
819.29,32.47,36.66,36.00,20.00,MAN,9,0,0,0.00,0.00,0.00,0.00,0.00,0.00,0.00,0.00
820.30,32.49,36.66,36.00,20.00,MAN,9,0,0,0.00,0.00,0.00,0.00,0.00,0.00,0.00,0.00
821.30,32.53,36.63,36.00,20.00,MAN,9,0,0,0.00,0.00,0.00,0.00,0.00,0.00,0.00,0.00
822.30,32.55,36.63,36.00,20.00,MAN,9,0,0,0.00,0.00,0.00,0.00,0.00,0.00,0.00,0.00
823.30,32.57,36.59,36.00,20.00,MAN,9,0,0,0.00,0.00,0.00,0.00,0.00,0.00,0.00,0.00
824.30,32.61,36.54,36.00,20.00,MAN,9,0,0,0.00,0.00,0.00,0.00,0.00,0.00,0.00,0.00
825.30,32.64,36.50,36.00,20.00,MAN,9,0,0,0.00,0.00,0.00,0.00,0.00,0.00,0.00,0.00
826.31,32.68,36.47,36.00,20.00,MAN,9,0,0,0.00,0.00,0.00,0.00,0.00,0.00,0.00,0.00
827.31,32.71,36.43,36.00,20.00,MAN,9,0,0,0.00,0.00,0.00,0.00,0.00,0.00,0.00,0.00
828.31,32.75,36.40,36.00,20.00,MAN,9,0,0,0.00,0.00,0.00,0.00,0.00,0.00,0.00,0.00
829.31,32.77,36.39,36.00,20.00,MAN,9,0,0,0.00,0.00,0.00,0.00,0.00,0.00,0.00,0.00
830.31,32.81,36.36,36.00,20.00,MAN,9,0,0,0.00,0.00,0.00,0.00,0.00,0.00,0.00,0.00
831.32,32.83,36.32,36.00,20.00,MAN,9,0,0,0.00,0.00,0.00,0.00,0.00,0.00,0.00,0.00
832.31,32.85,36.25,36.00,20.00,MAN,9,0,0,0.00,0.00,0.00,0.00,0.00,0.00,0.00,0.00
833.32,32.91,36.22,36.00,20.00,MAN,9,0,0,0.00,0.00,0.00,0.00,0.00,0.00,0.00,0.00
834.32,32.96,36.21,36.00,20.00,MAN,9,0,0,0.00,0.00,0.00,0.00,0.00,0.00,0.00,0.00
835.32,32.98,36.14,36.00,20.00,MAN,9,0,0,0.00,0.00,0.00,0.00,0.00,0.00,0.00,0.00
836.32,33.00,36.10,36.00,20.00,MAN,9,0,0,0.00,0.00,0.00,0.00,0.00,0.00,0.00,0.00
837.32,33.05,36.07,36.00,20.00,MAN,9,0,0,0.00,0.00,0.00,0.00,0.00,0.00,0.00,0.00
838.33,33.08,36.03,36.00,20.00,MAN,9,0,0,0.00,0.00,0.00,0.00,0.00,0.00,0.00,0.00
839.33,33.12,35.97,36.00,20.00,MAN,9,0,0,0.00,0.00,0.00,0.00,0.00,0.00,0.00,0.00
840.33,33.16,35.95,36.00,20.00,MAN,9,0,0,0.00,0.00,0.00,0.00,0.00,0.00,0.00,0.00
841.33,33.22,35.92,36.00,20.00,MAN,9,0,0,0.00,0.00,0.00,0.00,0.00,0.00,0.00,0.00
842.33,33.27,35.83,36.00,20.00,MAN,9,0,0,0.00,0.00,0.00,0.00,0.00,0.00,0.00,0.00
843.33,33.30,35.76,36.00,20.00,MAN,9,0,0,0.00,0.00,0.00,0.00,0.00,0.00,0.00,0.00
844.34,33.33,35.73,36.00,20.00,MAN,9,0,0,0.00,0.00,0.00,0.00,0.00,0.00,0.00,0.00
845.34,33.37,35.69,36.00,20.00,MAN,9,0,0,0.00,0.00,0.00,0.00,0.00,0.00,0.00,0.00
846.34,33.41,35.63,36.00,20.00,MAN,9,0,0,0.00,0.00,0.00,0.00,0.00,0.00,0.00,0.00
847.34,33.45,35.60,36.00,20.00,MAN,9,0,0,0.00,0.00,0.00,0.00,0.00,0.00,0.00,0.00
848.34,33.51,35.55,36.00,20.00,MAN,9,0,0,0.00,0.00,0.00,0.00,0.00,0.00,0.00,0.00
849.34,33.53,35.48,36.00,20.00,MAN,9,0,0,0.00,0.00,0.00,0.00,0.00,0.00,0.00,0.00
850.34,33.58,35.44,36.00,20.00,MAN,9,0,0,0.00,0.00,0.00,0.00,0.00,0.00,0.00,0.00
851.34,33.62,35.37,36.00,20.00,MAN,9,0,0,0.00,0.00,0.00,0.00,0.00,0.00,0.00,0.00
852.35,33.65,35.37,36.00,20.00,MAN,9,0,0,0.00,0.00,0.00,0.00,0.00,0.00,0.00,0.00
853.35,33.70,35.30,36.00,20.00,MAN,9,0,0,0.00,0.00,0.00,0.00,0.00,0.00,0.00,0.00
854.35,33.75,35.26,36.00,20.00,MAN,9,0,0,0.00,0.00,0.00,0.00,0.00,0.00,0.00,0.00
855.35,33.79,35.21,36.00,20.00,MAN,9,0,0,0.00,0.00,0.00,0.00,0.00,0.00,0.00,0.00
856.35,33.85,35.11,36.00,20.00,MAN,9,0,0,0.00,0.00,0.00,0.00,0.00,0.00,0.00,0.00
857.36,33.87,35.08,36.00,20.00,MAN,9,0,0,0.00,0.00,0.00,0.00,0.00,0.00,0.00,0.00
858.36,33.91,35.01,36.00,20.00,MAN,9,0,0,0.00,0.00,0.00,0.00,0.00,0.00,0.00,0.00
859.36,33.94,34.98,36.00,20.00,MAN,9,0,0,0.00,0.00,0.00,0.00,0.00,0.00,0.00,0.00
860.36,34.01,34.95,36.00,20.00,MAN,9,0,0,0.00,0.00,0.00,0.00,0.00,0.00,0.00,0.00
861.36,34.05,34.89,36.00,20.00,MAN,9,0,0,0.00,0.00,0.00,0.00,0.00,0.00,0.00,0.00
862.36,34.10,34.82,36.00,20.00,MAN,9,0,0,0.00,0.00,0.00,0.00,0.00,0.00,0.00,0.00
863.37,34.16,34.79,36.00,20.00,MAN,9,0,0,0.00,0.00,0.00,0.00,0.00,0.00,0.00,0.00
864.37,34.20,34.71,36.00,20.00,MAN,9,0,0,0.00,0.00,0.00,0.00,0.00,0.00,0.00,0.00
865.37,34.23,34.63,36.00,20.00,MAN,8,0,0,0.00,0.00,0.00,0.00,0.00,0.00,0.00,0.00
866.37,34.26,34.60,36.00,20.00,MAN,8,0,0,0.00,0.00,0.00,0.00,0.00,0.00,0.00,0.00
867.37,34.32,34.51,36.00,20.00,MAN,8,0,0,0.00,0.00,0.00,0.00,0.00,0.00,0.00,0.00
868.37,34.36,34.49,36.00,20.00,MAN,8,0,0,0.00,0.00,0.00,0.00,0.00,0.00,0.00,0.00
869.37,34.39,34.45,36.00,20.00,MAN,8,0,0,0.00,0.00,0.00,0.00,0.00,0.00,0.00,0.00
870.38,34.45,34.37,36.00,20.00,MAN,8,0,0,0.00,0.00,0.00,0.00,0.00,0.00,0.00,0.00
871.38,34.49,34.34,36.00,20.00,MAN,8,0,0,0.00,0.00,0.00,0.00,0.00,0.00,0.00,0.00
872.38,34.53,34.22,36.00,20.00,MAN,8,0,0,0.00,0.00,0.00,0.00,0.00,0.00,0.00,0.00
873.38,34.56,34.18,36.00,20.00,MAN,8,0,0,0.00,0.00,0.00,0.00,0.00,0.00,0.00,0.00
874.38,34.62,34.10,36.00,20.00,MAN,8,0,0,0.00,0.00,0.00,0.00,0.00,0.00,0.00,0.00
875.38,34.67,34.08,36.00,20.00,MAN,8,0,0,0.00,0.00,0.00,0.00,0.00,0.00,0.00,0.00
876.39,34.70,34.00,36.00,20.00,MAN,8,0,0,0.00,0.00,0.00,0.00,0.00,0.00,0.00,0.00
877.39,34.74,33.96,36.00,20.00,MAN,8,0,0,0.00,0.00,0.00,0.00,0.00,0.00,0.00,0.00
878.39,34.77,33.88,36.00,20.00,MAN,8,0,0,0.00,0.00,0.00,0.00,0.00,0.00,0.00,0.00
879.39,34.81,33.84,36.00,20.00,MAN,8,0,0,0.00,0.00,0.00,0.00,0.00,0.00,0.00,0.00
880.39,34.84,33.82,36.00,20.00,MAN,8,0,0,0.00,0.00,0.00,0.00,0.00,0.00,0.00,0.00
881.39,34.91,33.73,36.00,20.00,MAN,8,0,0,0.00,0.00,0.00,0.00,0.00,0.00,0.00,0.00
882.39,34.95,33.70,36.00,20.00,MAN,8,0,0,0.00,0.00,0.00,0.00,0.00,0.00,0.00,0.00
883.40,34.98,33.66,36.00,20.00,MAN,8,0,0,0.00,0.00,0.00,0.00,0.00,0.00,0.00,0.00
884.40,35.01,33.59,36.00,20.00,MAN,8,0,0,0.00,0.00,0.00,0.00,0.00,0.00,0.00,0.00
885.40,35.06,33.51,36.00,20.00,MAN,8,0,0,0.00,0.00,0.00,0.00,0.00,0.00,0.00,0.00
886.40,35.08,33.47,36.00,20.00,MAN,8,0,0,0.00,0.00,0.00,0.00,0.00,0.00,0.00,0.00
887.40,35.12,33.43,36.00,20.00,MAN,8,0,0,0.00,0.00,0.00,0.00,0.00,0.00,0.00,0.00
888.41,35.15,33.35,36.00,20.00,MAN,8,0,0,0.00,0.00,0.00,0.00,0.00,0.00,0.00,0.00
889.41,35.19,33.32,36.00,20.00,MAN,8,0,0,0.00,0.00,0.00,0.00,0.00,0.00,0.00,0.00
890.41,35.22,33.28,36.00,20.00,MAN,8,0,0,0.00,0.00,0.00,0.00,0.00,0.00,0.00,0.00
891.41,35.25,33.25,36.00,20.00,MAN,8,0,0,0.00,0.00,0.00,0.00,0.00,0.00,0.00,0.00
892.41,35.28,33.20,36.00,20.00,MAN,8,0,0,0.00,0.00,0.00,0.00,0.00,0.00,0.00,0.00
893.41,35.33,33.18,36.00,20.00,MAN,8,0,0,0.00,0.00,0.00,0.00,0.00,0.00,0.00,0.00
894.41,35.36,33.10,36.00,20.00,MAN,8,0,0,0.00,0.00,0.00,0.00,0.00,0.00,0.00,0.00
895.42,35.41,33.06,36.00,20.00,MAN,8,0,0,0.00,0.00,0.00,0.00,0.00,0.00,0.00,0.00
896.42,35.43,33.02,36.00,20.00,MAN,8,0,0,0.00,0.00,0.00,0.00,0.00,0.00,0.00,0.00
897.42,35.47,32.98,36.00,20.00,MAN,8,0,0,0.00,0.00,0.00,0.00,0.00,0.00,0.00,0.00
898.42,35.50,32.94,36.00,20.00,MAN,8,0,0,0.00,0.00,0.00,0.00,0.00,0.00,0.00,0.00
899.42,35.53,32.92,36.00,20.00,MAN,8,0,0,0.00,0.00,0.00,0.00,0.00,0.00,0.00,0.00
900.42,35.57,32.83,36.00,20.00,MAN,8,0,0,0.00,0.00,0.00,0.00,0.00,0.00,0.00,0.00
901.42,35.60,32.80,36.00,20.00,MAN,8,0,0,0.00,0.00,0.00,0.00,0.00,0.00,0.00,0.00
902.43,35.64,32.76,36.00,20.00,MAN,8,0,0,0.00,0.00,0.00,0.00,0.00,0.00,0.00,0.00
903.43,35.68,32.73,36.00,20.00,MAN,8,0,0,0.00,0.00,0.00,0.00,0.00,0.00,0.00,0.00
904.43,35.72,32.69,36.00,20.00,MAN,8,0,0,0.00,0.00,0.00,0.00,0.00,0.00,0.00,0.00
905.43,35.75,32.65,36.00,20.00,MAN,8,0,0,0.00,0.00,0.00,0.00,0.00,0.00,0.00,0.00
906.43,35.80,32.61,36.00,20.00,MAN,8,0,0,0.00,0.00,0.00,0.00,0.00,0.00,0.00,0.00
907.44,35.87,32.51,36.00,20.00,MAN,8,0,0,0.00,0.00,0.00,0.00,0.00,0.00,0.00,0.00
908.44,35.89,32.47,36.00,20.00,MAN,8,0,0,0.00,0.00,0.00,0.00,0.00,0.00,0.00,0.00
909.44,35.93,32.38,36.00,20.00,MAN,8,0,0,0.00,0.00,0.00,0.00,0.00,0.00,0.00,0.00
910.44,35.96,32.35,36.00,20.00,MAN,8,0,0,0.00,0.00,0.00,0.00,0.00,0.00,0.00,0.00
911.44,36.02,32.31,36.00,20.00,MAN,8,0,0,0.00,0.00,0.00,0.00,0.00,0.00,0.00,0.00
912.44,36.02,32.26,36.00,20.00,MAN,8,0,0,0.00,0.00,0.00,0.00,0.00,0.00,0.00,0.00
913.45,36.03,32.24,36.00,20.00,MAN,8,0,0,0.00,0.00,0.00,0.00,0.00,0.00,0.00,0.00
914.45,36.07,32.20,36.00,20.00,MAN,8,0,0,0.00,0.00,0.00,0.00,0.00,0.00,0.00,0.00
915.45,36.12,32.16,36.00,20.00,MAN,8,0,0,0.00,0.00,0.00,0.00,0.00,0.00,0.00,0.00
916.45,36.15,32.12,36.00,20.00,MAN,8,0,0,0.00,0.00,0.00,0.00,0.00,0.00,0.00,0.00
917.45,36.18,32.08,36.00,20.00,MAN,8,0,0,0.00,0.00,0.00,0.00,0.00,0.00,0.00,0.00
918.45,36.21,32.04,36.00,20.00,MAN,8,0,0,0.00,0.00,0.00,0.00,0.00,0.00,0.00,0.00
919.45,36.24,32.02,36.00,20.00,MAN,8,0,0,0.00,0.00,0.00,0.00,0.00,0.00,0.00,0.00
920.46,36.27,31.97,36.00,20.00,MAN,8,0,0,0.00,0.00,0.00,0.00,0.00,0.00,0.00,0.00
921.46,36.30,31.93,36.00,20.00,MAN,8,0,0,0.00,0.00,0.00,0.00,0.00,0.00,0.00,0.00
922.46,36.34,31.93,36.00,20.00,MAN,8,0,0,0.00,0.00,0.00,0.00,0.00,0.00,0.00,0.00
923.46,36.39,31.87,36.00,20.00,MAN,8,0,0,0.00,0.00,0.00,0.00,0.00,0.00,0.00,0.00
924.46,36.41,31.83,36.00,20.00,MAN,8,0,0,0.00,0.00,0.00,0.00,0.00,0.00,0.00,0.00
925.46,36.44,31.79,36.00,20.00,MAN,8,0,0,0.00,0.00,0.00,0.00,0.00,0.00,0.00,0.00
926.47,36.47,31.75,36.00,20.00,MAN,8,0,0,0.00,0.00,0.00,0.00,0.00,0.00,0.00,0.00
927.47,36.49,31.75,36.00,20.00,MAN,8,0,0,0.00,0.00,0.00,0.00,0.00,0.00,0.00,0.00
928.47,36.53,31.70,36.00,20.00,MAN,8,0,0,0.00,0.00,0.00,0.00,0.00,0.00,0.00,0.00
929.47,36.57,31.64,36.00,20.00,MAN,8,0,0,0.00,0.00,0.00,0.00,0.00,0.00,0.00,0.00
930.47,36.61,31.61,36.00,20.00,MAN,8,0,0,0.00,0.00,0.00,0.00,0.00,0.00,0.00,0.00
931.47,36.63,31.52,36.00,20.00,MAN,8,0,0,0.00,0.00,0.00,0.00,0.00,0.00,0.00,0.00
932.48,36.66,31.52,36.00,20.00,MAN,8,0,0,0.00,0.00,0.00,0.00,0.00,0.00,0.00,0.00
933.47,36.68,31.48,36.00,20.00,MAN,8,0,0,0.00,0.00,0.00,0.00,0.00,0.00,0.00,0.00
934.48,36.71,31.46,36.00,20.00,MAN,8,0,0,0.00,0.00,0.00,0.00,0.00,0.00,0.00,0.00
935.48,36.73,31.41,36.00,20.00,MAN,8,0,0,0.00,0.00,0.00,0.00,0.00,0.00,0.00,0.00
936.48,36.76,31.38,36.00,20.00,MAN,8,0,0,0.00,0.00,0.00,0.00,0.00,0.00,0.00,0.00
937.48,36.80,31.38,36.00,20.00,MAN,8,0,0,0.00,0.00,0.00,0.00,0.00,0.00,0.00,0.00
938.48,36.83,31.34,36.00,20.00,MAN,8,0,0,0.00,0.00,0.00,0.00,0.00,0.00,0.00,0.00
939.49,36.84,31.29,36.00,20.00,MAN,8,0,0,0.00,0.00,0.00,0.00,0.00,0.00,0.00,0.00
940.49,36.87,31.25,36.00,20.00,MAN,8,0,0,0.00,0.00,0.00,0.00,0.00,0.00,0.00,0.00
941.49,36.89,31.23,36.00,20.00,MAN,8,0,0,0.00,0.00,0.00,0.00,0.00,0.00,0.00,0.00
942.49,36.93,31.23,36.00,20.00,MAN,8,0,0,0.00,0.00,0.00,0.00,0.00,0.00,0.00,0.00
943.49,36.97,31.19,36.00,20.00,MAN,8,0,0,0.00,0.00,0.00,0.00,0.00,0.00,0.00,0.00
944.49,36.98,31.15,36.00,20.00,MAN,8,0,0,0.00,0.00,0.00,0.00,0.00,0.00,0.00,0.00
945.50,37.01,31.11,36.00,20.00,MAN,8,0,0,0.00,0.00,0.00,0.00,0.00,0.00,0.00,0.00
946.49,37.04,31.11,36.00,20.00,MAN,8,0,0,0.00,0.00,0.00,0.00,0.00,0.00,0.00,0.00
947.50,37.05,31.09,36.00,20.00,MAN,8,0,0,0.00,0.00,0.00,0.00,0.00,0.00,0.00,0.00
948.50,37.10,31.04,36.00,20.00,MAN,8,0,0,0.00,0.00,0.00,0.00,0.00,0.00,0.00,0.00
949.50,37.11,31.00,36.00,20.00,MAN,8,0,0,0.00,0.00,0.00,0.00,0.00,0.00,0.00,0.00
950.50,37.13,31.00,36.00,20.00,MAN,8,0,0,0.00,0.00,0.00,0.00,0.00,0.00,0.00,0.00
951.50,37.16,30.96,36.00,20.00,MAN,8,0,0,0.00,0.00,0.00,0.00,0.00,0.00,0.00,0.00
952.51,37.17,30.96,36.00,20.00,MAN,8,0,0,0.00,0.00,0.00,0.00,0.00,0.00,0.00,0.00
953.51,37.19,30.92,36.00,20.00,MAN,8,0,0,0.00,0.00,0.00,0.00,0.00,0.00,0.00,0.00
954.51,37.21,30.92,36.00,20.00,MAN,8,0,0,0.00,0.00,0.00,0.00,0.00,0.00,0.00,0.00
955.51,37.26,30.90,36.00,20.00,MAN,8,0,0,0.00,0.00,0.00,0.00,0.00,0.00,0.00,0.00
956.51,37.29,30.86,36.00,20.00,MAN,8,0,0,0.00,0.00,0.00,0.00,0.00,0.00,0.00,0.00
957.51,37.30,30.86,36.00,20.00,MAN,8,0,0,0.00,0.00,0.00,0.00,0.00,0.00,0.00,0.00
958.52,37.33,30.77,36.00,20.00,MAN,8,0,0,0.00,0.00,0.00,0.00,0.00,0.00,0.00,0.00
959.52,37.34,30.74,36.00,20.00,MAN,8,0,0,0.00,0.00,0.00,0.00,0.00,0.00,0.00,0.00
960.52,37.35,30.74,36.00,20.00,MAN,8,0,0,0.00,0.00,0.00,0.00,0.00,0.00,0.00,0.00
961.52,37.38,30.70,36.00,20.00,MAN,8,0,0,0.00,0.00,0.00,0.00,0.00,0.00,0.00,0.00
962.52,37.40,30.71,36.00,20.00,MAN,8,0,0,0.00,0.00,0.00,0.00,0.00,0.00,0.00,0.00
963.52,37.43,30.67,36.00,20.00,MAN,8,0,0,0.00,0.00,0.00,0.00,0.00,0.00,0.00,0.00
964.52,37.45,30.67,36.00,20.00,MAN,8,0,0,0.00,0.00,0.00,0.00,0.00,0.00,0.00,0.00
965.53,37.47,30.63,36.00,20.00,MAN,8,0,0,0.00,0.00,0.00,0.00,0.00,0.00,0.00,0.00
966.53,37.49,30.59,36.00,20.00,MAN,8,0,0,0.00,0.00,0.00,0.00,0.00,0.00,0.00,0.00
967.53,37.51,30.59,36.00,20.00,MAN,8,0,0,0.00,0.00,0.00,0.00,0.00,0.00,0.00,0.00
968.53,37.54,30.55,36.00,20.00,MAN,8,0,0,0.00,0.00,0.00,0.00,0.00,0.00,0.00,0.00
969.53,37.56,30.51,36.00,20.00,MAN,8,0,0,0.00,0.00,0.00,0.00,0.00,0.00,0.00,0.00
970.53,37.58,30.53,36.00,20.00,MAN,8,0,0,0.00,0.00,0.00,0.00,0.00,0.00,0.00,0.00
971.54,37.62,30.48,36.00,20.00,MAN,8,0,0,0.00,0.00,0.00,0.00,0.00,0.00,0.00,0.00
972.54,37.64,30.45,36.00,20.00,MAN,8,0,0,0.00,0.00,0.00,0.00,0.00,0.00,0.00,0.00
973.54,37.66,30.45,36.00,20.00,MAN,8,0,0,0.00,0.00,0.00,0.00,0.00,0.00,0.00,0.00
974.54,37.67,30.41,36.00,20.00,MAN,8,0,0,0.00,0.00,0.00,0.00,0.00,0.00,0.00,0.00
975.54,37.70,30.41,36.00,20.00,MAN,8,0,0,0.00,0.00,0.00,0.00,0.00,0.00,0.00,0.00
976.54,37.72,30.36,36.00,20.00,MAN,8,0,0,0.00,0.00,0.00,0.00,0.00,0.00,0.00,0.00
977.54,37.74,30.36,36.00,20.00,MAN,8,0,0,0.00,0.00,0.00,0.00,0.00,0.00,0.00,0.00
978.54,37.76,30.34,36.00,20.00,MAN,8,0,0,0.00,0.00,0.00,0.00,0.00,0.00,0.00,0.00
979.55,37.78,30.34,36.00,20.00,MAN,8,0,0,0.00,0.00,0.00,0.00,0.00,0.00,0.00,0.00
980.55,37.80,30.30,36.00,20.00,MAN,8,0,0,0.00,0.00,0.00,0.00,0.00,0.00,0.00,0.00
981.55,37.81,30.30,36.00,20.00,MAN,8,0,0,0.00,0.00,0.00,0.00,0.00,0.00,0.00,0.00
982.55,37.84,30.30,36.00,20.00,MAN,8,0,0,0.00,0.00,0.00,0.00,0.00,0.00,0.00,0.00
983.55,37.86,30.25,36.00,20.00,MAN,8,0,0,0.00,0.00,0.00,0.00,0.00,0.00,0.00,0.00
984.56,37.86,30.22,36.00,20.00,MAN,8,0,0,0.00,0.00,0.00,0.00,0.00,0.00,0.00,0.00
985.56,37.86,30.22,36.00,20.00,MAN,8,0,0,0.00,0.00,0.00,0.00,0.00,0.00,0.00,0.00
986.56,37.88,30.22,36.00,20.00,MAN,8,0,0,0.00,0.00,0.00,0.00,0.00,0.00,0.00,0.00
987.56,37.90,30.22,36.00,20.00,MAN,8,0,0,0.00,0.00,0.00,0.00,0.00,0.00,0.00,0.00
988.56,37.93,30.19,36.00,20.00,MAN,8,0,0,0.00,0.00,0.00,0.00,0.00,0.00,0.00,0.00
989.57,37.94,30.19,36.00,20.00,MAN,8,0,0,0.00,0.00,0.00,0.00,0.00,0.00,0.00,0.00
990.57,37.96,30.16,36.00,20.00,MAN,8,0,0,0.00,0.00,0.00,0.00,0.00,0.00,0.00,0.00
991.57,37.97,30.16,36.00,20.00,MAN,8,0,0,0.00,0.00,0.00,0.00,0.00,0.00,0.00,0.00
992.57,37.99,30.11,36.00,20.00,MAN,8,0,0,0.00,0.00,0.00,0.00,0.00,0.00,0.00,0.00
993.57,38.00,30.11,36.00,20.00,MAN,8,0,0,0.00,0.00,0.00,0.00,0.00,0.00,0.00,0.00
994.57,38.01,30.11,36.00,20.00,MAN,8,0,0,0.00,0.00,0.00,0.00,0.00,0.00,0.00,0.00
995.58,38.03,30.07,36.00,20.00,MAN,8,0,0,0.00,0.00,0.00,0.00,0.00,0.00,0.00,0.00
996.57,38.04,30.07,36.00,20.00,MAN,8,0,0,0.00,0.00,0.00,0.00,0.00,0.00,0.00,0.00
997.58,38.05,30.07,36.00,20.00,MAN,8,0,0,0.00,0.00,0.00,0.00,0.00,0.00,0.00,0.00
998.58,38.05,30.07,36.00,20.00,MAN,8,0,0,0.00,0.00,0.00,0.00,0.00,0.00,0.00,0.00
999.58,38.07,30.03,36.00,20.00,MAN,8,0,0,0.00,0.00,0.00,0.00,0.00,0.00,0.00,0.00
1000.59,38.08,30.05,36.00,20.00,MAN,8,0,0,0.00,0.00,0.00,0.00,0.00,0.00,0.00,0.00
1001.58,38.09,30.05,36.00,20.00,MAN,8,0,0,0.00,0.00,0.00,0.00,0.00,0.00,0.00,0.00
1002.58,38.11,30.00,36.00,20.00,MAN,8,0,0,0.00,0.00,0.00,0.00,0.00,0.00,0.00,0.00
1003.59,38.11,30.00,36.00,20.00,MAN,8,0,0,0.00,0.00,0.00,0.00,0.00,0.00,0.00,0.00
1004.59,38.12,29.93,36.00,20.00,MAN,8,0,0,0.00,0.00,0.00,0.00,0.00,0.00,0.00,0.00
1005.59,38.15,29.88,36.00,20.00,MAN,8,0,0,0.00,0.00,0.00,0.00,0.00,0.00,0.00,0.00
1006.59,38.15,29.84,36.00,20.00,MAN,8,0,0,0.00,0.00,0.00,0.00,0.00,0.00,0.00,0.00
1007.59,38.11,29.72,36.00,20.00,MAN,8,0,0,0.00,0.00,0.00,0.00,0.00,0.00,0.00,0.00
1008.60,38.10,29.64,36.00,20.00,MAN,8,0,0,0.00,0.00,0.00,0.00,0.00,0.00,0.00,0.00
1009.60,38.07,29.55,36.00,20.00,MAN,8,0,0,0.00,0.00,0.00,0.00,0.00,0.00,0.00,0.00
1010.60,38.03,29.46,36.00,20.00,MAN,8,0,0,0.00,0.00,0.00,0.00,0.00,0.00,0.00,0.00
1011.60,37.99,29.42,36.00,20.00,MAN,8,0,0,0.00,0.00,0.00,0.00,0.00,0.00,0.00,0.00
1012.60,37.94,29.46,36.00,20.00,MAN,8,0,0,0.00,0.00,0.00,0.00,0.00,0.00,0.00,0.00
1013.60,37.90,29.45,36.00,20.00,MAN,8,0,0,0.00,0.00,0.00,0.00,0.00,0.00,0.00,0.00
1014.60,37.86,29.48,36.00,20.00,MAN,8,0,0,0.00,0.00,0.00,0.00,0.00,0.00,0.00,0.00
1015.60,37.79,29.48,36.00,20.00,MAN,8,0,0,0.00,0.00,0.00,0.00,0.00,0.00,0.00,0.00
1016.61,37.75,29.48,36.00,20.00,MAN,8,0,0,0.00,0.00,0.00,0.00,0.00,0.00,0.00,0.00
1017.61,37.69,29.51,36.00,20.00,MAN,8,0,0,0.00,0.00,0.00,0.00,0.00,0.00,0.00,0.00
1018.61,37.62,29.47,36.00,20.00,MAN,8,0,0,0.00,0.00,0.00,0.00,0.00,0.00,0.00,0.00
1019.61,37.57,29.45,36.00,20.00,MAN,8,0,0,0.00,0.00,0.00,0.00,0.00,0.00,0.00,0.00
1020.61,37.41,29.65,36.00,20.00,MAN,8,0,0,0.00,0.00,0.00,0.00,0.00,0.00,0.00,0.00
1021.62,37.28,29.93,36.00,20.00,MAN,8,0,0,0.00,0.00,0.00,0.00,0.00,0.00,0.00,0.00
1022.62,37.19,30.07,36.00,20.00,MAN,8,0,0,0.00,0.00,0.00,0.00,0.00,0.00,0.00,0.00
1023.62,37.13,30.27,36.00,20.00,MAN,8,0,0,0.00,0.00,0.00,0.00,0.00,0.00,0.00,0.00
1024.62,37.03,30.38,36.00,20.00,MAN,8,0,0,0.00,0.00,0.00,0.00,0.00,0.00,0.00,0.00
1025.62,36.89,30.46,36.00,20.00,MAN,8,0,0,0.00,0.00,0.00,0.00,0.00,0.00,0.00,0.00
1026.62,36.82,30.61,36.00,20.00,MAN,8,0,0,0.00,0.00,0.00,0.00,0.00,0.00,0.00,0.00
1027.63,36.77,30.69,36.00,20.00,MAN,8,0,0,0.00,0.00,0.00,0.00,0.00,0.00,0.00,0.00
1028.62,36.73,30.81,36.00,20.00,MAN,8,0,0,0.00,0.00,0.00,0.00,0.00,0.00,0.00,0.00
1029.63,36.63,30.83,36.00,20.00,MAN,8,0,0,0.00,0.00,0.00,0.00,0.00,0.00,0.00,0.00
1030.63,36.47,30.86,36.00,20.00,MAN,8,0,0,0.00,0.00,0.00,0.00,0.00,0.00,0.00,0.00
1031.63,36.44,30.90,36.00,20.00,MAN,8,0,0,0.00,0.00,0.00,0.00,0.00,0.00,0.00,0.00
1032.63,36.36,30.96,36.00,20.00,MAN,8,0,0,0.00,0.00,0.00,0.00,0.00,0.00,0.00,0.00
1033.63,36.23,31.04,36.00,20.00,MAN,8,0,0,0.00,0.00,0.00,0.00,0.00,0.00,0.00,0.00
1034.64,36.08,31.11,36.00,20.00,MAN,8,0,0,0.00,0.00,0.00,0.00,0.00,0.00,0.00,0.00
1035.64,35.98,31.17,36.00,20.00,MAN,8,0,0,0.00,0.00,0.00,0.00,0.00,0.00,0.00,0.00
1036.64,35.90,31.29,36.00,20.00,MAN,8,0,0,0.00,0.00,0.00,0.00,0.00,0.00,0.00,0.00
1037.64,35.84,31.40,36.00,20.00,MAN,8,0,0,0.00,0.00,0.00,0.00,0.00,0.00,0.00,0.00
1038.64,35.78,31.44,36.00,20.00,MAN,8,0,0,0.00,0.00,0.00,0.00,0.00,0.00,0.00,0.00
1039.64,35.74,31.52,36.00,20.00,MAN,8,0,0,0.00,0.00,0.00,0.00,0.00,0.00,0.00,0.00
1040.65,35.69,31.54,36.00,20.00,MAN,8,0,0,0.00,0.00,0.00,0.00,0.00,0.00,0.00,0.00
1041.65,35.57,31.67,36.00,20.00,MAN,8,0,0,0.00,0.00,0.00,0.00,0.00,0.00,0.00,0.00
1042.65,35.48,31.73,36.00,20.00,MAN,8,0,0,0.00,0.00,0.00,0.00,0.00,0.00,0.00,0.00
1043.65,35.36,31.85,36.00,20.00,MAN,8,0,0,0.00,0.00,0.00,0.00,0.00,0.00,0.00,0.00
1044.65,35.27,31.91,36.00,20.00,MAN,8,0,0,0.00,0.00,0.00,0.00,0.00,0.00,0.00,0.00
1045.65,35.20,32.03,36.00,20.00,MAN,8,0,0,0.00,0.00,0.00,0.00,0.00,0.00,0.00,0.00
1046.65,35.08,32.14,36.00,20.00,MAN,8,0,0,0.00,0.00,0.00,0.00,0.00,0.00,0.00,0.00
1047.65,34.99,32.20,36.00,20.00,MAN,8,0,0,0.00,0.00,0.00,0.00,0.00,0.00,0.00,0.00
1048.66,34.89,32.32,36.00,20.00,MAN,8,0,0,0.00,0.00,0.00,0.00,0.00,0.00,0.00,0.00
1049.66,34.79,32.43,36.00,20.00,MAN,8,0,0,0.00,0.00,0.00,0.00,0.00,0.00,0.00,0.00
1050.66,34.69,32.59,36.00,20.00,MAN,8,0,0,0.00,0.00,0.00,0.00,0.00,0.00,0.00,0.00
1051.66,34.59,32.70,36.00,20.00,MAN,8,0,0,0.00,0.00,0.00,0.00,0.00,0.00,0.00,0.00
1052.66,34.49,32.83,36.00,20.00,MAN,8,0,0,0.00,0.00,0.00,0.00,0.00,0.00,0.00,0.00
1053.67,34.41,32.96,36.00,20.00,MAN,8,0,0,0.00,0.00,0.00,0.00,0.00,0.00,0.00,0.00
1054.67,34.39,33.12,36.00,20.00,MAN,8,0,0,0.00,0.00,0.00,0.00,0.00,0.00,0.00,0.00
1055.67,34.37,33.24,36.00,20.00,MAN,8,0,0,0.00,0.00,0.00,0.00,0.00,0.00,0.00,0.00
1056.67,34.34,33.28,36.00,20.00,MAN,8,0,0,0.00,0.00,0.00,0.00,0.00,0.00,0.00,0.00
1057.67,34.31,33.34,36.00,20.00,MAN,8,0,0,0.00,0.00,0.00,0.00,0.00,0.00,0.00,0.00
1058.67,34.27,33.42,36.00,20.00,MAN,8,0,0,0.00,0.00,0.00,0.00,0.00,0.00,0.00,0.00
1059.67,34.23,33.51,36.00,20.00,MAN,8,0,0,0.00,0.00,0.00,0.00,0.00,0.00,0.00,0.00
1060.68,34.16,33.54,36.00,20.00,MAN,8,0,0,0.00,0.00,0.00,0.00,0.00,0.00,0.00,0.00
1061.78,34.11,33.60,36.00,20.00,MAN,8,0,0,0.00,0.00,0.00,0.00,0.00,0.00,0.00,0.00
1062.68,34.07,33.65,36.00,20.00,MAN,8,0,0,0.00,0.00,0.00,0.00,0.00,0.00,0.00,0.00
1063.68,34.02,33.73,36.00,20.00,MAN,8,0,0,0.00,0.00,0.00,0.00,0.00,0.00,0.00,0.00
1064.68,34.00,33.81,36.00,20.00,MAN,8,0,0,0.00,0.00,0.00,0.00,0.00,0.00,0.00,0.00
1065.68,33.95,33.85,36.00,20.00,MAN,8,0,0,0.00,0.00,0.00,0.00,0.00,0.00,0.00,0.00
1066.69,33.92,33.87,36.00,20.00,MAN,8,0,0,0.00,0.00,0.00,0.00,0.00,0.00,0.00,0.00
1067.69,33.89,33.96,36.00,20.00,MAN,8,0,0,0.00,0.00,0.00,0.00,0.00,0.00,0.00,0.00
1068.69,33.83,34.03,36.00,20.00,MAN,8,0,0,0.00,0.00,0.00,0.00,0.00,0.00,0.00,0.00
1069.69,33.81,34.07,36.00,20.00,MAN,8,0,0,0.00,0.00,0.00,0.00,0.00,0.00,0.00,0.00
1070.69,33.79,34.15,36.00,20.00,MAN,8,0,0,0.00,0.00,0.00,0.00,0.00,0.00,0.00,0.00
1071.69,33.78,34.18,36.00,20.00,MAN,9,0,0,0.00,0.00,0.00,0.00,0.00,0.00,0.00,0.00
1072.70,33.77,34.25,36.00,20.00,MAN,9,0,0,0.00,0.00,0.00,0.00,0.00,0.00,0.00,0.00
1073.70,33.76,34.30,36.00,20.00,MAN,9,0,0,0.00,0.00,0.00,0.00,0.00,0.00,0.00,0.00
1074.70,33.75,34.30,36.00,20.00,MAN,9,0,0,0.00,0.00,0.00,0.00,0.00,0.00,0.00,0.00
1075.70,33.74,34.34,36.00,20.00,MAN,9,0,0,0.00,0.00,0.00,0.00,0.00,0.00,0.00,0.00
1076.70,33.72,34.37,36.00,20.00,MAN,9,0,0,0.00,0.00,0.00,0.00,0.00,0.00,0.00,0.00
1077.71,33.73,34.41,36.00,20.00,MAN,9,0,0,0.00,0.00,0.00,0.00,0.00,0.00,0.00,0.00
1078.70,33.73,34.41,36.00,20.00,MAN,9,0,0,0.00,0.00,0.00,0.00,0.00,0.00,0.00,0.00
1079.71,33.73,34.41,36.00,20.00,MAN,9,0,0,0.00,0.00,0.00,0.00,0.00,0.00,0.00,0.00
1080.71,33.74,34.41,36.00,20.00,MAN,9,0,0,0.00,0.00,0.00,0.00,0.00,0.00,0.00,0.00
1081.71,33.74,34.46,36.00,20.00,MAN,9,0,0,0.00,0.00,0.00,0.00,0.00,0.00,0.00,0.00
1082.71,33.75,34.46,36.00,20.00,MAN,9,0,0,0.00,0.00,0.00,0.00,0.00,0.00,0.00,0.00
1083.71,33.77,34.46,36.00,20.00,MAN,9,0,0,0.00,0.00,0.00,0.00,0.00,0.00,0.00,0.00
1084.71,33.78,34.46,36.00,20.00,MAN,9,0,0,0.00,0.00,0.00,0.00,0.00,0.00,0.00,0.00
1085.72,33.78,34.41,36.00,20.00,MAN,9,0,0,0.00,0.00,0.00,0.00,0.00,0.00,0.00,0.00
1086.72,33.79,34.44,36.00,20.00,MAN,9,0,0,0.00,0.00,0.00,0.00,0.00,0.00,0.00,0.00
1087.72,33.80,34.44,36.00,20.00,MAN,9,0,0,0.00,0.00,0.00,0.00,0.00,0.00,0.00,0.00
1088.72,33.82,34.44,36.00,20.00,MAN,9,0,0,0.00,0.00,0.00,0.00,0.00,0.00,0.00,0.00
1089.72,33.83,34.40,36.00,20.00,MAN,9,0,0,0.00,0.00,0.00,0.00,0.00,0.00,0.00,0.00
1090.72,33.85,34.40,36.00,20.00,MAN,9,0,0,0.00,0.00,0.00,0.00,0.00,0.00,0.00,0.00
1091.73,33.88,34.40,36.00,20.00,MAN,9,0,0,0.00,0.00,0.00,0.00,0.00,0.00,0.00,0.00
1092.73,33.91,34.35,36.00,20.00,MAN,9,0,0,0.00,0.00,0.00,0.00,0.00,0.00,0.00,0.00
1093.73,33.92,34.35,36.00,20.00,MAN,9,0,0,0.00,0.00,0.00,0.00,0.00,0.00,0.00,0.00
1094.73,33.94,34.31,36.00,20.00,MAN,9,0,0,0.00,0.00,0.00,0.00,0.00,0.00,0.00,0.00
1095.73,34.00,34.29,36.00,20.00,MAN,9,0,0,0.00,0.00,0.00,0.00,0.00,0.00,0.00,0.00
1096.73,34.03,34.21,36.00,20.00,MAN,9,0,0,0.00,0.00,0.00,0.00,0.00,0.00,0.00,0.00
1097.73,34.06,34.17,36.00,20.00,MAN,9,0,0,0.00,0.00,0.00,0.00,0.00,0.00,0.00,0.00
1098.74,34.08,34.13,36.00,20.00,MAN,9,0,0,0.00,0.00,0.00,0.00,0.00,0.00,0.00,0.00
1099.74,34.10,34.09,36.00,20.00,MAN,9,0,0,0.00,0.00,0.00,0.00,0.00,0.00,0.00,0.00
1100.74,34.16,34.07,36.00,20.00,MAN,9,0,0,0.00,0.00,0.00,0.00,0.00,0.00,0.00,0.00
1101.74,34.19,34.07,36.00,20.00,MAN,9,0,0,0.00,0.00,0.00,0.00,0.00,0.00,0.00,0.00
1102.74,34.22,33.99,36.00,20.00,MAN,9,0,0,0.00,0.00,0.00,0.00,0.00,0.00,0.00,0.00
1103.75,34.25,33.95,36.00,20.00,MAN,8,0,0,0.00,0.00,0.00,0.00,0.00,0.00,0.00,0.00
1104.75,34.31,33.91,36.00,20.00,MAN,8,0,0,0.00,0.00,0.00,0.00,0.00,0.00,0.00,0.00
1105.75,34.34,33.89,36.00,20.00,MAN,8,0,0,0.00,0.00,0.00,0.00,0.00,0.00,0.00,0.00
1106.75,34.37,33.84,36.00,20.00,MAN,8,0,0,0.00,0.00,0.00,0.00,0.00,0.00,0.00,0.00
1107.75,34.41,33.80,36.00,20.00,MAN,8,0,0,0.00,0.00,0.00,0.00,0.00,0.00,0.00,0.00
1108.75,34.45,33.76,36.00,20.00,MAN,8,0,0,0.00,0.00,0.00,0.00,0.00,0.00,0.00,0.00
1109.76,34.48,33.68,36.00,20.00,MAN,8,0,0,0.00,0.00,0.00,0.00,0.00,0.00,0.00,0.00
1110.76,34.52,33.66,36.00,20.00,MAN,8,0,0,0.00,0.00,0.00,0.00,0.00,0.00,0.00,0.00
1111.76,34.56,33.62,36.00,20.00,MAN,8,0,0,0.00,0.00,0.00,0.00,0.00,0.00,0.00,0.00
1112.76,34.60,33.54,36.00,20.00,MAN,8,0,0,0.00,0.00,0.00,0.00,0.00,0.00,0.00,0.00
1113.76,34.63,33.50,36.00,20.00,MAN,8,0,0,0.00,0.00,0.00,0.00,0.00,0.00,0.00,0.00
1114.76,34.67,33.47,36.00,20.00,MAN,8,0,0,0.00,0.00,0.00,0.00,0.00,0.00,0.00,0.00
1115.76,34.73,33.40,36.00,20.00,MAN,8,0,0,0.00,0.00,0.00,0.00,0.00,0.00,0.00,0.00
1116.77,34.75,33.31,36.00,20.00,MAN,8,0,0,0.00,0.00,0.00,0.00,0.00,0.00,0.00,0.00
1117.77,34.79,33.31,36.00,20.00,MAN,8,0,0,0.00,0.00,0.00,0.00,0.00,0.00,0.00,0.00
1118.77,34.83,33.28,36.00,20.00,MAN,8,0,0,0.00,0.00,0.00,0.00,0.00,0.00,0.00,0.00
1119.77,34.85,33.21,36.00,20.00,MAN,8,0,0,0.00,0.00,0.00,0.00,0.00,0.00,0.00,0.00
1120.77,34.90,33.17,36.00,20.00,MAN,8,0,0,0.00,0.00,0.00,0.00,0.00,0.00,0.00,0.00
1121.77,34.95,33.13,36.00,20.00,MAN,8,0,0,0.00,0.00,0.00,0.00,0.00,0.00,0.00,0.00
1122.78,34.98,33.05,36.00,20.00,MAN,8,0,0,0.00,0.00,0.00,0.00,0.00,0.00,0.00,0.00
1123.78,35.01,33.02,36.00,20.00,MAN,8,0,0,0.00,0.00,0.00,0.00,0.00,0.00,0.00,0.00
1124.78,35.06,32.99,36.00,20.00,MAN,8,0,0,0.00,0.00,0.00,0.00,0.00,0.00,0.00,0.00
1125.78,35.10,32.95,36.00,20.00,MAN,8,0,0,0.00,0.00,0.00,0.00,0.00,0.00,0.00,0.00
1126.78,35.12,32.86,36.00,20.00,MAN,8,0,0,0.00,0.00,0.00,0.00,0.00,0.00,0.00,0.00
1127.78,35.15,32.83,36.00,20.00,MAN,8,0,0,0.00,0.00,0.00,0.00,0.00,0.00,0.00,0.00
1128.78,35.21,32.80,36.00,20.00,MAN,8,0,0,0.00,0.00,0.00,0.00,0.00,0.00,0.00,0.00
1129.78,35.25,32.76,36.00,20.00,MAN,8,0,0,0.00,0.00,0.00,0.00,0.00,0.00,0.00,0.00
1130.79,35.29,32.72,36.00,20.00,MAN,8,0,0,0.00,0.00,0.00,0.00,0.00,0.00,0.00,0.00
1131.79,35.36,32.66,36.00,20.00,MAN,8,0,0,0.00,0.00,0.00,0.00,0.00,0.00,0.00,0.00
1132.79,35.38,32.61,36.00,20.00,MAN,8,0,0,0.00,0.00,0.00,0.00,0.00,0.00,0.00,0.00
1133.79,35.41,32.57,36.00,20.00,MAN,8,0,0,0.00,0.00,0.00,0.00,0.00,0.00,0.00,0.00
1134.79,35.45,32.45,36.00,20.00,MAN,8,0,0,0.00,0.00,0.00,0.00,0.00,0.00,0.00,0.00
1135.80,35.49,32.41,36.00,20.00,MAN,8,0,0,0.00,0.00,0.00,0.00,0.00,0.00,0.00,0.00
1136.80,35.53,32.39,36.00,20.00,MAN,8,0,0,0.00,0.00,0.00,0.00,0.00,0.00,0.00,0.00
1137.80,35.56,32.35,36.00,20.00,MAN,8,0,0,0.00,0.00,0.00,0.00,0.00,0.00,0.00,0.00
1138.80,35.59,32.31,36.00,20.00,MAN,8,0,0,0.00,0.00,0.00,0.00,0.00,0.00,0.00,0.00
1139.80,35.63,32.27,36.00,20.00,MAN,8,0,0,0.00,0.00,0.00,0.00,0.00,0.00,0.00,0.00
1140.81,35.65,32.23,36.00,20.00,MAN,8,0,0,0.00,0.00,0.00,0.00,0.00,0.00,0.00,0.00
1141.81,35.70,32.21,36.00,20.00,MAN,8,0,0,0.00,0.00,0.00,0.00,0.00,0.00,0.00,0.00
1142.81,35.72,32.16,36.00,20.00,MAN,8,0,0,0.00,0.00,0.00,0.00,0.00,0.00,0.00,0.00
1143.81,35.75,32.09,36.00,20.00,MAN,8,0,0,0.00,0.00,0.00,0.00,0.00,0.00,0.00,0.00
1144.81,35.79,32.09,36.00,20.00,MAN,8,0,0,0.00,0.00,0.00,0.00,0.00,0.00,0.00,0.00
1145.81,35.82,32.04,36.00,20.00,MAN,8,0,0,0.00,0.00,0.00,0.00,0.00,0.00,0.00,0.00
1146.81,35.86,32.02,36.00,20.00,MAN,8,0,0,0.00,0.00,0.00,0.00,0.00,0.00,0.00,0.00
1147.81,35.89,31.98,36.00,20.00,MAN,8,0,0,0.00,0.00,0.00,0.00,0.00,0.00,0.00,0.00
1148.82,35.94,31.94,36.00,20.00,MAN,8,0,0,0.00,0.00,0.00,0.00,0.00,0.00,0.00,0.00
1149.82,35.98,31.90,36.00,20.00,MAN,8,0,0,0.00,0.00,0.00,0.00,0.00,0.00,0.00,0.00
1150.82,36.02,31.86,36.00,20.00,MAN,8,0,0,0.00,0.00,0.00,0.00,0.00,0.00,0.00,0.00
1151.82,36.02,31.80,36.00,20.00,MAN,8,0,0,0.00,0.00,0.00,0.00,0.00,0.00,0.00,0.00
1152.82,36.04,31.75,36.00,20.00,MAN,8,0,0,0.00,0.00,0.00,0.00,0.00,0.00,0.00,0.00
1153.82,36.09,31.71,36.00,20.00,MAN,8,0,0,0.00,0.00,0.00,0.00,0.00,0.00,0.00,0.00
1154.83,36.13,31.71,36.00,20.00,MAN,8,0,0,0.00,0.00,0.00,0.00,0.00,0.00,0.00,0.00
1155.83,36.16,31.67,36.00,20.00,MAN,8,0,0,0.00,0.00,0.00,0.00,0.00,0.00,0.00,0.00
1156.83,36.21,31.59,36.00,20.00,MAN,8,0,0,0.00,0.00,0.00,0.00,0.00,0.00,0.00,0.00
1157.83,36.24,31.57,36.00,20.00,MAN,8,0,0,0.00,0.00,0.00,0.00,0.00,0.00,0.00,0.00
1158.83,36.28,31.53,36.00,20.00,MAN,8,0,0,0.00,0.00,0.00,0.00,0.00,0.00,0.00,0.00
1159.84,36.33,31.48,36.00,20.00,MAN,8,0,0,0.00,0.00,0.00,0.00,0.00,0.00,0.00,0.00
1160.83,36.36,31.41,36.00,20.00,MAN,8,0,0,0.00,0.00,0.00,0.00,0.00,0.00,0.00,0.00
1161.84,36.39,31.38,36.00,20.00,MAN,8,0,0,0.00,0.00,0.00,0.00,0.00,0.00,0.00,0.00
1162.84,36.41,31.35,36.00,20.00,MAN,8,0,0,0.00,0.00,0.00,0.00,0.00,0.00,0.00,0.00
1163.84,36.43,31.30,36.00,20.00,MAN,8,0,0,0.00,0.00,0.00,0.00,0.00,0.00,0.00,0.00
1164.84,36.46,31.26,36.00,20.00,MAN,8,0,0,0.00,0.00,0.00,0.00,0.00,0.00,0.00,0.00
1165.84,36.48,31.26,36.00,20.00,MAN,8,0,0,0.00,0.00,0.00,0.00,0.00,0.00,0.00,0.00
1166.84,36.52,31.22,36.00,20.00,MAN,8,0,0,0.00,0.00,0.00,0.00,0.00,0.00,0.00,0.00
1167.85,36.55,31.20,36.00,20.00,MAN,8,0,0,0.00,0.00,0.00,0.00,0.00,0.00,0.00,0.00
1168.85,36.59,31.16,36.00,20.00,MAN,8,0,0,0.00,0.00,0.00,0.00,0.00,0.00,0.00,0.00
1169.85,36.61,31.12,36.00,20.00,MAN,8,0,0,0.00,0.00,0.00,0.00,0.00,0.00,0.00,0.00
1170.85,36.66,31.08,36.00,20.00,MAN,8,0,0,0.00,0.00,0.00,0.00,0.00,0.00,0.00,0.00
1171.85,36.70,31.05,36.00,20.00,MAN,8,0,0,0.00,0.00,0.00,0.00,0.00,0.00,0.00,0.00
1172.86,36.72,31.01,36.00,20.00,MAN,8,0,0,0.00,0.00,0.00,0.00,0.00,0.00,0.00,0.00
1173.86,36.75,31.01,36.00,20.00,MAN,8,0,0,0.00,0.00,0.00,0.00,0.00,0.00,0.00,0.00
1174.86,36.77,30.97,36.00,20.00,MAN,8,0,0,0.00,0.00,0.00,0.00,0.00,0.00,0.00,0.00
1175.86,36.81,30.93,36.00,20.00,MAN,8,0,0,0.00,0.00,0.00,0.00,0.00,0.00,0.00,0.00
1176.86,36.82,30.89,36.00,20.00,MAN,8,0,0,0.00,0.00,0.00,0.00,0.00,0.00,0.00,0.00
1177.86,36.85,30.85,36.00,20.00,MAN,8,0,0,0.00,0.00,0.00,0.00,0.00,0.00,0.00,0.00
1178.86,36.88,30.85,36.00,20.00,MAN,8,0,0,0.00,0.00,0.00,0.00,0.00,0.00,0.00,0.00
1179.86,36.91,30.83,36.00,20.00,MAN,8,0,0,0.00,0.00,0.00,0.00,0.00,0.00,0.00,0.00
1180.87,36.95,30.74,36.00,20.00,MAN,8,0,0,0.00,0.00,0.00,0.00,0.00,0.00,0.00,0.00
1181.87,36.99,30.71,36.00,20.00,MAN,8,0,0,0.00,0.00,0.00,0.00,0.00,0.00,0.00,0.00
1182.87,37.01,30.66,36.00,20.00,MAN,8,0,0,0.00,0.00,0.00,0.00,0.00,0.00,0.00,0.00
1183.87,37.03,30.66,36.00,20.00,MAN,8,0,0,0.00,0.00,0.00,0.00,0.00,0.00,0.00,0.00
1184.87,37.06,30.64,36.00,20.00,MAN,8,0,0,0.00,0.00,0.00,0.00,0.00,0.00,0.00,0.00
1185.88,37.08,30.60,36.00,20.00,MAN,8,0,0,0.00,0.00,0.00,0.00,0.00,0.00,0.00,0.00
1186.88,37.11,30.56,36.00,20.00,MAN,8,0,0,0.00,0.00,0.00,0.00,0.00,0.00,0.00,0.00
1187.88,37.13,30.56,36.00,20.00,MAN,8,0,0,0.00,0.00,0.00,0.00,0.00,0.00,0.00,0.00
1188.88,37.17,30.51,36.00,20.00,MAN,8,0,0,0.00,0.00,0.00,0.00,0.00,0.00,0.00,0.00
1189.88,37.19,30.48,36.00,20.00,MAN,8,0,0,0.00,0.00,0.00,0.00,0.00,0.00,0.00,0.00
1190.88,37.23,30.49,36.00,20.00,MAN,8,0,0,0.00,0.00,0.00,0.00,0.00,0.00,0.00,0.00
1191.88,37.27,30.45,36.00,20.00,MAN,8,0,0,0.00,0.00,0.00,0.00,0.00,0.00,0.00,0.00
1192.89,37.29,30.42,36.00,20.00,MAN,8,0,0,0.00,0.00,0.00,0.00,0.00,0.00,0.00,0.00
1193.89,37.32,30.37,36.00,20.00,MAN,8,0,0,0.00,0.00,0.00,0.00,0.00,0.00,0.00,0.00
1194.89,37.35,30.33,36.00,20.00,MAN,8,0,0,0.00,0.00,0.00,0.00,0.00,0.00,0.00,0.00
1195.89,37.38,30.31,36.00,20.00,MAN,8,0,0,0.00,0.00,0.00,0.00,0.00,0.00,0.00,0.00
1196.89,37.41,30.31,36.00,20.00,MAN,8,0,0,0.00,0.00,0.00,0.00,0.00,0.00,0.00,0.00
1197.89,37.42,30.26,36.00,20.00,MAN,8,0,0,0.00,0.00,0.00,0.00,0.00,0.00,0.00,0.00
1198.90,37.44,30.26,36.00,20.00,MAN,8,0,0,0.00,0.00,0.00,0.00,0.00,0.00,0.00,0.00
1199.90,37.46,30.22,36.00,20.00,MAN,8,0,0,0.00,0.00,0.00,0.00,0.00,0.00,0.00,0.00
1200.90,37.50,30.19,36.00,20.00,MAN,8,0,0,0.00,0.00,0.00,0.00,0.00,0.00,0.00,0.00
1201.90,37.54,30.19,36.00,20.00,MAN,8,0,0,0.00,0.00,0.00,0.00,0.00,0.00,0.00,0.00
1202.90,37.55,30.14,36.00,20.00,MAN,8,0,0,0.00,0.00,0.00,0.00,0.00,0.00,0.00,0.00
1203.90,37.57,30.12,36.00,20.00,MAN,8,0,0,0.00,0.00,0.00,0.00,0.00,0.00,0.00,0.00
1204.91,37.59,30.12,36.00,20.00,MAN,8,0,0,0.00,0.00,0.00,0.00,0.00,0.00,0.00,0.00
1205.91,37.61,30.08,36.00,20.00,MAN,8,0,0,0.00,0.00,0.00,0.00,0.00,0.00,0.00,0.00
1206.91,37.64,30.04,36.00,20.00,MAN,8,0,0,0.00,0.00,0.00,0.00,0.00,0.00,0.00,0.00
1207.91,37.66,30.04,36.00,20.00,MAN,8,0,0,0.00,0.00,0.00,0.00,0.00,0.00,0.00,0.00
1208.91,37.69,30.04,36.00,20.00,MAN,8,0,0,0.00,0.00,0.00,0.00,0.00,0.00,0.00,0.00
1209.91,37.71,30.00,36.00,20.00,MAN,8,0,0,0.00,0.00,0.00,0.00,0.00,0.00,0.00,0.00
1210.91,37.74,29.97,36.00,20.00,MAN,8,0,0,0.00,0.00,0.00,0.00,0.00,0.00,0.00,0.00
1211.92,37.76,29.97,36.00,20.00,MAN,8,0,0,0.00,0.00,0.00,0.00,0.00,0.00,0.00,0.00
1212.92,37.77,29.89,36.00,20.00,MAN,8,0,0,0.00,0.00,0.00,0.00,0.00,0.00,0.00,0.00
1213.92,37.80,29.85,36.00,20.00,MAN,8,0,0,0.00,0.00,0.00,0.00,0.00,0.00,0.00,0.00
1214.92,37.82,29.85,36.00,20.00,MAN,8,0,0,0.00,0.00,0.00,0.00,0.00,0.00,0.00,0.00
1215.92,37.86,29.81,36.00,20.00,MAN,8,0,0,0.00,0.00,0.00,0.00,0.00,0.00,0.00,0.00
1216.92,37.86,29.81,36.00,20.00,MAN,8,0,0,0.00,0.00,0.00,0.00,0.00,0.00,0.00,0.00
1217.93,37.89,29.77,36.00,20.00,MAN,8,0,0,0.00,0.00,0.00,0.00,0.00,0.00,0.00,0.00
1218.93,37.90,29.77,36.00,20.00,MAN,8,0,0,0.00,0.00,0.00,0.00,0.00,0.00,0.00,0.00
1219.93,37.93,29.74,36.00,20.00,MAN,8,0,0,0.00,0.00,0.00,0.00,0.00,0.00,0.00,0.00
1220.93,37.94,29.74,36.00,20.00,MAN,8,0,0,0.00,0.00,0.00,0.00,0.00,0.00,0.00,0.00
1221.93,37.97,29.71,36.00,20.00,MAN,8,0,0,0.00,0.00,0.00,0.00,0.00,0.00,0.00,0.00
1222.93,38.01,29.71,36.00,20.00,MAN,8,0,0,0.00,0.00,0.00,0.00,0.00,0.00,0.00,0.00
1223.93,38.03,29.67,36.00,20.00,MAN,8,0,0,0.00,0.00,0.00,0.00,0.00,0.00,0.00,0.00
1224.94,38.04,29.62,36.00,20.00,MAN,8,0,0,0.00,0.00,0.00,0.00,0.00,0.00,0.00,0.00
1225.94,38.06,29.62,36.00,20.00,MAN,8,0,0,0.00,0.00,0.00,0.00,0.00,0.00,0.00,0.00
1226.94,38.08,29.64,36.00,20.00,MAN,8,0,0,0.00,0.00,0.00,0.00,0.00,0.00,0.00,0.00
1227.94,38.09,29.60,36.00,20.00,MAN,8,0,0,0.00,0.00,0.00,0.00,0.00,0.00,0.00,0.00
1228.94,38.10,29.60,36.00,20.00,MAN,8,0,0,0.00,0.00,0.00,0.00,0.00,0.00,0.00,0.00
1229.94,38.12,29.56,36.00,20.00,MAN,8,0,0,0.00,0.00,0.00,0.00,0.00,0.00,0.00,0.00
1230.95,38.18,29.51,36.00,20.00,MAN,8,0,0,0.00,0.00,0.00,0.00,0.00,0.00,0.00,0.00
1231.99,38.22,29.51,36.00,20.00,MAN,8,0,0,0.00,0.00,0.00,0.00,0.00,0.00,0.00,0.00
1232.95,38.23,29.48,36.00,20.00,MAN,10,0,0,0.00,0.00,0.00,0.00,0.00,0.00,0.00,0.00
1233.95,38.23,29.44,36.00,20.00,MAN,10,0,0,0.00,0.00,0.00,0.00,0.00,0.00,0.00,0.00
1234.95,38.24,29.39,36.00,20.00,MAN,10,0,0,0.00,0.00,0.00,0.00,0.00,0.00,0.00,0.00
1235.95,38.21,29.32,36.00,20.00,MAN,10,0,0,0.00,0.00,0.00,0.00,0.00,0.00,0.00,0.00
1236.96,38.21,29.23,36.00,20.00,MAN,10,0,0,0.00,0.00,0.00,0.00,0.00,0.00,0.00,0.00
1237.96,38.19,29.23,36.00,20.00,MAN,10,0,0,0.00,0.00,0.00,0.00,0.00,0.00,0.00,0.00
1238.96,38.11,29.15,36.00,20.00,MAN,10,0,0,0.00,0.00,0.00,0.00,0.00,0.00,0.00,0.00
1239.96,38.09,29.15,36.00,20.00,MAN,10,0,0,0.00,0.00,0.00,0.00,0.00,0.00,0.00,0.00
1240.96,38.03,29.10,36.00,20.00,MAN,10,0,0,0.00,0.00,0.00,0.00,0.00,0.00,0.00,0.00
1241.97,37.96,29.13,36.00,20.00,MAN,10,0,0,0.00,0.00,0.00,0.00,0.00,0.00,0.00,0.00
1242.96,37.89,29.12,36.00,20.00,MAN,10,0,0,0.00,0.00,0.00,0.00,0.00,0.00,0.00,0.00
1243.97,37.86,29.16,36.00,20.00,MAN,10,0,0,0.00,0.00,0.00,0.00,0.00,0.00,0.00,0.00
1244.97,37.77,29.16,36.00,20.00,MAN,10,0,0,0.00,0.00,0.00,0.00,0.00,0.00,0.00,0.00
1245.97,37.72,29.19,36.00,20.00,MAN,8,0,0,0.00,0.00,0.00,0.00,0.00,0.00,0.00,0.00
1246.97,37.69,29.22,36.00,20.00,MAN,8,0,0,0.00,0.00,0.00,0.00,0.00,0.00,0.00,0.00
1247.97,37.64,29.22,36.00,20.00,MAN,8,0,0,0.00,0.00,0.00,0.00,0.00,0.00,0.00,0.00
1248.97,37.60,29.27,36.00,20.00,MAN,8,0,0,0.00,0.00,0.00,0.00,0.00,0.00,0.00,0.00
1249.98,37.55,29.29,36.00,20.00,MAN,8,0,0,0.00,0.00,0.00,0.00,0.00,0.00,0.00,0.00
1250.98,37.46,29.29,36.00,20.00,MAN,8,0,0,0.00,0.00,0.00,0.00,0.00,0.00,0.00,0.00
1251.98,37.38,29.35,36.00,20.00,MAN,8,0,0,0.00,0.00,0.00,0.00,0.00,0.00,0.00,0.00
1252.98,37.32,29.40,36.00,20.00,MAN,8,0,0,0.00,0.00,0.00,0.00,0.00,0.00,0.00,0.00
1253.98,37.30,29.48,36.00,20.00,MAN,8,0,0,0.00,0.00,0.00,0.00,0.00,0.00,0.00,0.00
1254.99,37.25,29.56,36.00,20.00,MAN,8,0,0,0.00,0.00,0.00,0.00,0.00,0.00,0.00,0.00
1255.99,37.19,29.58,36.00,20.00,MAN,8,0,0,0.00,0.00,0.00,0.00,0.00,0.00,0.00,0.00
1256.99,37.13,29.62,36.00,20.00,MAN,8,0,0,0.00,0.00,0.00,0.00,0.00,0.00,0.00,0.00
1257.99,37.06,29.67,36.00,20.00,MAN,8,0,0,0.00,0.00,0.00,0.00,0.00,0.00,0.00,0.00
1258.99,37.02,29.73,36.00,20.00,MAN,8,0,0,0.00,0.00,0.00,0.00,0.00,0.00,0.00,0.00
1259.99,36.93,29.81,36.00,20.00,MAN,8,0,0,0.00,0.00,0.00,0.00,0.00,0.00,0.00,0.00
1261.00,36.84,29.88,36.00,20.00,MAN,8,0,0,0.00,0.00,0.00,0.00,0.00,0.00,0.00,0.00
1261.99,36.77,29.96,36.00,20.00,MAN,8,0,0,0.00,0.00,0.00,0.00,0.00,0.00,0.00,0.00
1263.00,36.73,30.04,36.00,20.00,MAN,8,0,0,0.00,0.00,0.00,0.00,0.00,0.00,0.00,0.00
1264.00,36.70,30.10,36.00,20.00,MAN,8,0,0,0.00,0.00,0.00,0.00,0.00,0.00,0.00,0.00
1265.00,36.63,30.15,36.00,20.00,MAN,8,0,0,0.00,0.00,0.00,0.00,0.00,0.00,0.00,0.00
1266.00,36.58,30.19,36.00,20.00,MAN,8,0,0,0.00,0.00,0.00,0.00,0.00,0.00,0.00,0.00
1267.00,36.55,30.25,36.00,20.00,MAN,8,0,0,0.00,0.00,0.00,0.00,0.00,0.00,0.00,0.00
1268.01,36.46,30.29,36.00,20.00,MAN,8,0,0,0.00,0.00,0.00,0.00,0.00,0.00,0.00,0.00
1269.01,36.39,30.33,36.00,20.00,MAN,8,0,0,0.00,0.00,0.00,0.00,0.00,0.00,0.00,0.00
1270.01,36.33,30.40,36.00,20.00,MAN,8,0,0,0.00,0.00,0.00,0.00,0.00,0.00,0.00,0.00
1271.01,36.27,30.51,36.00,20.00,MAN,8,0,0,0.00,0.00,0.00,0.00,0.00,0.00,0.00,0.00
1272.01,36.21,30.54,36.00,20.00,MAN,8,0,0,0.00,0.00,0.00,0.00,0.00,0.00,0.00,0.00
1273.02,36.15,30.62,36.00,20.00,MAN,8,0,0,0.00,0.00,0.00,0.00,0.00,0.00,0.00,0.00
1274.02,36.08,30.74,36.00,20.00,MAN,8,0,0,0.00,0.00,0.00,0.00,0.00,0.00,0.00,0.00
1275.01,36.02,30.80,36.00,20.00,MAN,8,0,0,0.00,0.00,0.00,0.00,0.00,0.00,0.00,0.00
1276.02,36.02,30.85,36.00,20.00,MAN,8,0,0,0.00,0.00,0.00,0.00,0.00,0.00,0.00,0.00
1277.02,35.95,30.93,36.00,20.00,MAN,8,0,0,0.00,0.00,0.00,0.00,0.00,0.00,0.00,0.00
1278.02,35.89,31.01,36.00,20.00,MAN,8,0,0,0.00,0.00,0.00,0.00,0.00,0.00,0.00,0.00
1279.02,35.83,31.07,36.00,20.00,MAN,8,0,0,0.00,0.00,0.00,0.00,0.00,0.00,0.00,0.00
1280.02,35.79,31.16,36.00,20.00,MAN,8,0,0,0.00,0.00,0.00,0.00,0.00,0.00,0.00,0.00
1281.02,35.73,31.19,36.00,20.00,MAN,8,0,0,0.00,0.00,0.00,0.00,0.00,0.00,0.00,0.00
1282.03,35.67,31.26,36.00,20.00,MAN,8,0,0,0.00,0.00,0.00,0.00,0.00,0.00,0.00,0.00
1283.03,35.59,31.34,36.00,20.00,MAN,8,0,0,0.00,0.00,0.00,0.00,0.00,0.00,0.00,0.00
1284.03,35.54,31.38,36.00,20.00,MAN,8,0,0,0.00,0.00,0.00,0.00,0.00,0.00,0.00,0.00
1285.03,35.49,31.45,36.00,20.00,MAN,8,0,0,0.00,0.00,0.00,0.00,0.00,0.00,0.00,0.00
1286.03,35.43,31.52,36.00,20.00,MAN,8,0,0,0.00,0.00,0.00,0.00,0.00,0.00,0.00,0.00
1287.04,35.38,31.64,36.00,20.00,MAN,8,0,0,0.00,0.00,0.00,0.00,0.00,0.00,0.00,0.00
1288.04,35.33,31.71,36.00,20.00,MAN,8,0,0,0.00,0.00,0.00,0.00,0.00,0.00,0.00,0.00
1289.04,35.28,31.79,36.00,20.00,MAN,8,0,0,0.00,0.00,0.00,0.00,0.00,0.00,0.00,0.00
1290.04,35.24,31.87,36.00,20.00,MAN,8,0,0,0.00,0.00,0.00,0.00,0.00,0.00,0.00,0.00
1291.04,35.19,31.91,36.00,20.00,MAN,8,0,0,0.00,0.00,0.00,0.00,0.00,0.00,0.00,0.00
1292.05,35.13,31.98,36.00,20.00,MAN,8,0,0,0.00,0.00,0.00,0.00,0.00,0.00,0.00,0.00
1293.04,35.09,32.02,36.00,20.00,MAN,8,0,0,0.00,0.00,0.00,0.00,0.00,0.00,0.00,0.00
1294.05,35.04,32.10,36.00,20.00,MAN,8,0,0,0.00,0.00,0.00,0.00,0.00,0.00,0.00,0.00
1295.05,34.99,32.12,36.00,20.00,MAN,8,0,0,0.00,0.00,0.00,0.00,0.00,0.00,0.00,0.00
1296.05,34.95,32.20,36.00,20.00,MAN,8,0,0,0.00,0.00,0.00,0.00,0.00,0.00,0.00,0.00
1297.05,34.92,32.25,36.00,20.00,MAN,8,0,0,0.00,0.00,0.00,0.00,0.00,0.00,0.00,0.00
1298.05,34.90,32.28,36.00,20.00,MAN,8,0,0,0.00,0.00,0.00,0.00,0.00,0.00,0.00,0.00
1299.05,34.84,32.37,36.00,20.00,MAN,8,0,0,0.00,0.00,0.00,0.00,0.00,0.00,0.00,0.00
1300.06,34.81,32.39,36.00,20.00,MAN,8,0,0,0.00,0.00,0.00,0.00,0.00,0.00,0.00,0.00
1301.06,34.75,32.51,36.00,20.00,MAN,8,0,0,0.00,0.00,0.00,0.00,0.00,0.00,0.00,0.00
1302.06,34.68,32.55,36.00,20.00,MAN,8,0,0,0.00,0.00,0.00,0.00,0.00,0.00,0.00,0.00
1303.06,34.63,32.57,36.00,20.00,MAN,8,0,0,0.00,0.00,0.00,0.00,0.00,0.00,0.00,0.00
1304.06,34.59,32.65,36.00,20.00,MAN,8,0,0,0.00,0.00,0.00,0.00,0.00,0.00,0.00,0.00
1305.07,34.54,32.73,36.00,20.00,MAN,8,0,0,0.00,0.00,0.00,0.00,0.00,0.00,0.00,0.00
1306.06,34.50,32.80,36.00,20.00,MAN,8,0,0,0.00,0.00,0.00,0.00,0.00,0.00,0.00,0.00
1307.06,34.46,32.83,36.00,20.00,MAN,8,0,0,0.00,0.00,0.00,0.00,0.00,0.00,0.00,0.00
1308.07,34.42,32.92,36.00,20.00,MAN,8,0,0,0.00,0.00,0.00,0.00,0.00,0.00,0.00,0.00
1309.07,34.38,33.00,36.00,20.00,MAN,8,0,0,0.00,0.00,0.00,0.00,0.00,0.00,0.00,0.00
1310.07,34.35,33.04,36.00,20.00,MAN,8,0,0,0.00,0.00,0.00,0.00,0.00,0.00,0.00,0.00
1311.07,34.31,33.06,36.00,20.00,MAN,8,0,0,0.00,0.00,0.00,0.00,0.00,0.00,0.00,0.00
1312.07,34.25,33.14,36.00,20.00,MAN,8,0,0,0.00,0.00,0.00,0.00,0.00,0.00,0.00,0.00
1313.08,34.21,33.18,36.00,20.00,MAN,8,0,0,0.00,0.00,0.00,0.00,0.00,0.00,0.00,0.00
1314.08,34.16,33.26,36.00,20.00,MAN,8,0,0,0.00,0.00,0.00,0.00,0.00,0.00,0.00,0.00
1315.08,34.11,33.25,36.00,20.00,MAN,8,0,0,0.00,0.00,0.00,0.00,0.00,0.00,0.00,0.00
1316.08,34.08,33.37,36.00,20.00,MAN,8,0,0,0.00,0.00,0.00,0.00,0.00,0.00,0.00,0.00
1317.08,34.05,33.41,36.00,20.00,MAN,8,0,0,0.00,0.00,0.00,0.00,0.00,0.00,0.00,0.00
1318.08,34.03,33.48,36.00,20.00,MAN,8,0,0,0.00,0.00,0.00,0.00,0.00,0.00,0.00,0.00
1319.09,34.00,33.53,36.00,20.00,MAN,8,0,0,0.00,0.00,0.00,0.00,0.00,0.00,0.00,0.00
1320.09,33.95,33.55,36.00,20.00,MAN,8,0,0,0.00,0.00,0.00,0.00,0.00,0.00,0.00,0.00
1321.09,33.91,33.59,36.00,20.00,MAN,8,0,0,0.00,0.00,0.00,0.00,0.00,0.00,0.00,0.00
1322.09,33.87,33.67,36.00,20.00,MAN,8,0,0,0.00,0.00,0.00,0.00,0.00,0.00,0.00,0.00
1323.09,33.82,33.75,36.00,20.00,MAN,8,0,0,0.00,0.00,0.00,0.00,0.00,0.00,0.00,0.00
1324.16,33.79,33.79,36.00,20.00,MAN,8,0,0,0.00,0.00,0.00,0.00,0.00,0.00,0.00,0.00
1325.09,33.75,33.86,36.00,20.00,MAN,9,0,0,0.00,0.00,0.00,0.00,0.00,0.00,0.00,0.00
1326.10,33.72,33.89,36.00,20.00,MAN,9,0,0,0.00,0.00,0.00,0.00,0.00,0.00,0.00,0.00
1327.10,33.67,33.97,36.00,20.00,MAN,9,0,0,0.00,0.00,0.00,0.00,0.00,0.00,0.00,0.00
1328.10,33.64,34.02,36.00,20.00,MAN,9,0,0,0.00,0.00,0.00,0.00,0.00,0.00,0.00,0.00
1329.10,33.61,34.08,36.00,20.00,MAN,9,0,0,0.00,0.00,0.00,0.00,0.00,0.00,0.00,0.00
1330.10,33.58,34.12,36.00,20.00,MAN,9,0,0,0.00,0.00,0.00,0.00,0.00,0.00,0.00,0.00
1331.10,33.56,34.24,36.00,20.00,MAN,9,0,0,0.00,0.00,0.00,0.00,0.00,0.00,0.00,0.00
1332.11,33.55,34.28,36.00,20.00,MAN,9,0,0,0.00,0.00,0.00,0.00,0.00,0.00,0.00,0.00
1333.11,33.52,34.32,36.00,20.00,MAN,9,0,0,0.00,0.00,0.00,0.00,0.00,0.00,0.00,0.00
1334.11,33.50,34.36,36.00,20.00,MAN,9,0,0,0.00,0.00,0.00,0.00,0.00,0.00,0.00,0.00
1335.11,33.48,34.40,36.00,20.00,MAN,9,0,0,0.00,0.00,0.00,0.00,0.00,0.00,0.00,0.00
1336.11,33.48,34.44,36.00,20.00,MAN,9,0,0,0.00,0.00,0.00,0.00,0.00,0.00,0.00,0.00
1337.12,33.47,34.46,36.00,20.00,MAN,9,0,0,0.00,0.00,0.00,0.00,0.00,0.00,0.00,0.00
1338.12,33.46,34.50,36.00,20.00,MAN,9,0,0,0.00,0.00,0.00,0.00,0.00,0.00,0.00,0.00
1339.12,33.46,34.50,36.00,20.00,MAN,9,0,0,0.00,0.00,0.00,0.00,0.00,0.00,0.00,0.00
1340.12,33.47,34.56,36.00,20.00,MAN,9,0,0,0.00,0.00,0.00,0.00,0.00,0.00,0.00,0.00
1341.12,33.49,34.56,36.00,20.00,MAN,9,0,0,0.00,0.00,0.00,0.00,0.00,0.00,0.00,0.00
1342.12,33.49,34.56,36.00,20.00,MAN,9,0,0,0.00,0.00,0.00,0.00,0.00,0.00,0.00,0.00
1343.13,33.49,34.56,36.00,20.00,MAN,9,0,0,0.00,0.00,0.00,0.00,0.00,0.00,0.00,0.00
1344.12,33.50,34.56,36.00,20.00,MAN,9,0,0,0.00,0.00,0.00,0.00,0.00,0.00,0.00,0.00
1345.13,33.52,34.56,36.00,20.00,MAN,9,0,0,0.00,0.00,0.00,0.00,0.00,0.00,0.00,0.00
1346.13,33.53,34.56,36.00,20.00,MAN,9,0,0,0.00,0.00,0.00,0.00,0.00,0.00,0.00,0.00
1347.13,33.56,34.52,36.00,20.00,MAN,9,0,0,0.00,0.00,0.00,0.00,0.00,0.00,0.00,0.00
1348.13,33.58,34.52,36.00,20.00,MAN,9,0,0,0.00,0.00,0.00,0.00,0.00,0.00,0.00,0.00
1349.13,33.60,34.48,36.00,20.00,MAN,9,0,0,0.00,0.00,0.00,0.00,0.00,0.00,0.00,0.00
1350.14,33.61,34.48,36.00,20.00,MAN,9,0,0,0.00,0.00,0.00,0.00,0.00,0.00,0.00,0.00
1351.14,33.63,34.46,36.00,20.00,MAN,9,0,0,0.00,0.00,0.00,0.00,0.00,0.00,0.00,0.00
1352.14,33.64,34.46,36.00,20.00,MAN,9,0,0,0.00,0.00,0.00,0.00,0.00,0.00,0.00,0.00
1353.14,33.67,34.46,36.00,20.00,MAN,9,0,0,0.00,0.00,0.00,0.00,0.00,0.00,0.00,0.00
1354.14,33.68,34.41,36.00,20.00,MAN,9,0,0,0.00,0.00,0.00,0.00,0.00,0.00,0.00,0.00
1355.14,33.72,34.37,36.00,20.00,MAN,9,0,0,0.00,0.00,0.00,0.00,0.00,0.00,0.00,0.00
1356.15,33.75,34.34,36.00,20.00,MAN,9,0,0,0.00,0.00,0.00,0.00,0.00,0.00,0.00,0.00
1357.14,33.78,34.34,36.00,20.00,MAN,9,0,0,0.00,0.00,0.00,0.00,0.00,0.00,0.00,0.00
1358.15,33.80,34.31,36.00,20.00,MAN,9,0,0,0.00,0.00,0.00,0.00,0.00,0.00,0.00,0.00
1359.15,33.82,34.28,36.00,20.00,MAN,9,0,0,0.00,0.00,0.00,0.00,0.00,0.00,0.00,0.00
1360.15,33.86,34.19,36.00,20.00,MAN,9,0,0,0.00,0.00,0.00,0.00,0.00,0.00,0.00,0.00
1361.15,33.90,34.15,36.00,20.00,MAN,9,0,0,0.00,0.00,0.00,0.00,0.00,0.00,0.00,0.00
1362.15,33.95,34.12,36.00,20.00,MAN,9,0,0,0.00,0.00,0.00,0.00,0.00,0.00,0.00,0.00
1363.15,33.99,34.09,36.00,20.00,MAN,9,0,0,0.00,0.00,0.00,0.00,0.00,0.00,0.00,0.00
1364.16,34.01,34.05,36.00,20.00,MAN,9,0,0,0.00,0.00,0.00,0.00,0.00,0.00,0.00,0.00
1365.16,34.04,34.01,36.00,20.00,MAN,9,0,0,0.00,0.00,0.00,0.00,0.00,0.00,0.00,0.00
1366.16,34.07,33.97,36.00,20.00,MAN,9,0,0,0.00,0.00,0.00,0.00,0.00,0.00,0.00,0.00
1367.16,34.10,33.93,36.00,20.00,MAN,9,0,0,0.00,0.00,0.00,0.00,0.00,0.00,0.00,0.00
1368.16,34.17,33.91,36.00,20.00,MAN,9,0,0,0.00,0.00,0.00,0.00,0.00,0.00,0.00,0.00
1369.17,34.19,33.83,36.00,20.00,MAN,9,0,0,0.00,0.00,0.00,0.00,0.00,0.00,0.00,0.00
1370.17,34.21,33.79,36.00,20.00,MAN,9,0,0,0.00,0.00,0.00,0.00,0.00,0.00,0.00,0.00
1371.17,34.25,33.75,36.00,20.00,MAN,8,0,0,0.00,0.00,0.00,0.00,0.00,0.00,0.00,0.00
1372.17,34.30,33.70,36.00,20.00,MAN,8,0,0,0.00,0.00,0.00,0.00,0.00,0.00,0.00,0.00
1373.17,34.32,33.68,36.00,20.00,MAN,8,0,0,0.00,0.00,0.00,0.00,0.00,0.00,0.00,0.00
1374.18,34.36,33.64,36.00,20.00,MAN,8,0,0,0.00,0.00,0.00,0.00,0.00,0.00,0.00,0.00
1375.17,34.40,33.60,36.00,20.00,MAN,8,0,0,0.00,0.00,0.00,0.00,0.00,0.00,0.00,0.00
1376.18,34.45,33.52,36.00,20.00,MAN,8,0,0,0.00,0.00,0.00,0.00,0.00,0.00,0.00,0.00
1377.18,34.48,33.48,36.00,20.00,MAN,8,0,0,0.00,0.00,0.00,0.00,0.00,0.00,0.00,0.00
1378.18,34.51,33.46,36.00,20.00,MAN,8,0,0,0.00,0.00,0.00,0.00,0.00,0.00,0.00,0.00
1379.18,34.54,33.38,36.00,20.00,MAN,8,0,0,0.00,0.00,0.00,0.00,0.00,0.00,0.00,0.00
1380.18,34.57,33.30,36.00,20.00,MAN,8,0,0,0.00,0.00,0.00,0.00,0.00,0.00,0.00,0.00
1381.18,34.62,33.30,36.00,20.00,MAN,8,0,0,0.00,0.00,0.00,0.00,0.00,0.00,0.00,0.00
1382.19,34.66,33.28,36.00,20.00,MAN,8,0,0,0.00,0.00,0.00,0.00,0.00,0.00,0.00,0.00
1383.19,34.67,33.23,36.00,20.00,MAN,8,0,0,0.00,0.00,0.00,0.00,0.00,0.00,0.00,0.00
1384.19,34.73,33.15,36.00,20.00,MAN,8,0,0,0.00,0.00,0.00,0.00,0.00,0.00,0.00,0.00
1385.19,34.77,33.12,36.00,20.00,MAN,8,0,0,0.00,0.00,0.00,0.00,0.00,0.00,0.00,0.00
1386.19,34.80,33.07,36.00,20.00,MAN,8,0,0,0.00,0.00,0.00,0.00,0.00,0.00,0.00,0.00
1387.19,34.83,33.05,36.00,20.00,MAN,8,0,0,0.00,0.00,0.00,0.00,0.00,0.00,0.00,0.00
1388.20,34.89,32.97,36.00,20.00,MAN,8,0,0,0.00,0.00,0.00,0.00,0.00,0.00,0.00,0.00
1389.20,34.94,32.93,36.00,20.00,MAN,8,0,0,0.00,0.00,0.00,0.00,0.00,0.00,0.00,0.00
1390.20,34.98,32.89,36.00,20.00,MAN,8,0,0,0.00,0.00,0.00,0.00,0.00,0.00,0.00,0.00
1391.20,35.01,32.83,36.00,20.00,MAN,8,0,0,0.00,0.00,0.00,0.00,0.00,0.00,0.00,0.00
1392.20,35.05,32.79,36.00,20.00,MAN,8,0,0,0.00,0.00,0.00,0.00,0.00,0.00,0.00,0.00
1393.20,35.08,32.74,36.00,20.00,MAN,8,0,0,0.00,0.00,0.00,0.00,0.00,0.00,0.00,0.00
1394.20,35.11,32.67,36.00,20.00,MAN,8,0,0,0.00,0.00,0.00,0.00,0.00,0.00,0.00,0.00
1395.21,35.15,32.62,36.00,20.00,MAN,8,0,0,0.00,0.00,0.00,0.00,0.00,0.00,0.00,0.00
1396.21,35.20,32.60,36.00,20.00,MAN,8,0,0,0.00,0.00,0.00,0.00,0.00,0.00,0.00,0.00
1397.21,35.24,32.56,36.00,20.00,MAN,8,0,0,0.00,0.00,0.00,0.00,0.00,0.00,0.00,0.00
1398.21,35.27,32.48,36.00,20.00,MAN,8,0,0,0.00,0.00,0.00,0.00,0.00,0.00,0.00,0.00
1399.21,35.31,32.44,36.00,20.00,MAN,8,0,0,0.00,0.00,0.00,0.00,0.00,0.00,0.00,0.00
1400.21,35.34,32.41,36.00,20.00,MAN,8,0,0,0.00,0.00,0.00,0.00,0.00,0.00,0.00,0.00
1401.22,35.38,32.38,36.00,20.00,MAN,8,0,0,0.00,0.00,0.00,0.00,0.00,0.00,0.00,0.00
1402.22,35.41,32.29,36.00,20.00,MAN,8,0,0,0.00,0.00,0.00,0.00,0.00,0.00,0.00,0.00
1403.22,35.44,32.25,36.00,20.00,MAN,8,0,0,0.00,0.00,0.00,0.00,0.00,0.00,0.00,0.00
1404.22,35.48,32.21,36.00,20.00,MAN,8,0,0,0.00,0.00,0.00,0.00,0.00,0.00,0.00,0.00
1405.22,35.50,32.17,36.00,20.00,MAN,8,0,0,0.00,0.00,0.00,0.00,0.00,0.00,0.00,0.00
1406.23,35.54,32.19,36.00,20.00,MAN,8,0,0,0.00,0.00,0.00,0.00,0.00,0.00,0.00,0.00
1407.23,35.58,32.11,36.00,20.00,MAN,8,0,0,0.00,0.00,0.00,0.00,0.00,0.00,0.00,0.00
1408.23,35.62,32.06,36.00,20.00,MAN,8,0,0,0.00,0.00,0.00,0.00,0.00,0.00,0.00,0.00
1409.23,35.65,32.02,36.00,20.00,MAN,8,0,0,0.00,0.00,0.00,0.00,0.00,0.00,0.00,0.00
1410.23,35.67,31.99,36.00,20.00,MAN,8,0,0,0.00,0.00,0.00,0.00,0.00,0.00,0.00,0.00
1411.23,35.70,31.96,36.00,20.00,MAN,8,0,0,0.00,0.00,0.00,0.00,0.00,0.00,0.00,0.00
1412.23,35.72,31.93,36.00,20.00,MAN,8,0,0,0.00,0.00,0.00,0.00,0.00,0.00,0.00,0.00
1413.24,35.78,31.88,36.00,20.00,MAN,8,0,0,0.00,0.00,0.00,0.00,0.00,0.00,0.00,0.00
1414.24,35.82,31.84,36.00,20.00,MAN,8,0,0,0.00,0.00,0.00,0.00,0.00,0.00,0.00,0.00
1415.24,35.85,31.82,36.00,20.00,MAN,8,0,0,0.00,0.00,0.00,0.00,0.00,0.00,0.00,0.00
1416.24,35.87,31.78,36.00,20.00,MAN,8,0,0,0.00,0.00,0.00,0.00,0.00,0.00,0.00,0.00
1417.24,35.92,31.73,36.00,20.00,MAN,8,0,0,0.00,0.00,0.00,0.00,0.00,0.00,0.00,0.00
1418.24,35.96,31.70,36.00,20.00,MAN,8,0,0,0.00,0.00,0.00,0.00,0.00,0.00,0.00,0.00
1419.25,36.02,31.70,36.00,20.00,MAN,8,0,0,0.00,0.00,0.00,0.00,0.00,0.00,0.00,0.00
1420.25,36.02,31.57,36.00,20.00,MAN,8,0,0,0.00,0.00,0.00,0.00,0.00,0.00,0.00,0.00
1421.25,36.03,31.55,36.00,20.00,MAN,8,0,0,0.00,0.00,0.00,0.00,0.00,0.00,0.00,0.00
1422.25,36.10,31.51,36.00,20.00,MAN,8,0,0,0.00,0.00,0.00,0.00,0.00,0.00,0.00,0.00
1423.25,36.15,31.47,36.00,20.00,MAN,8,0,0,0.00,0.00,0.00,0.00,0.00,0.00,0.00,0.00
1424.25,36.18,31.39,36.00,20.00,MAN,8,0,0,0.00,0.00,0.00,0.00,0.00,0.00,0.00,0.00
1425.26,36.21,31.35,36.00,20.00,MAN,8,0,0,0.00,0.00,0.00,0.00,0.00,0.00,0.00,0.00
1426.25,36.24,31.32,36.00,20.00,MAN,8,0,0,0.00,0.00,0.00,0.00,0.00,0.00,0.00,0.00
1427.26,36.27,31.32,36.00,20.00,MAN,8,0,0,0.00,0.00,0.00,0.00,0.00,0.00,0.00,0.00
1428.26,36.30,31.28,36.00,20.00,MAN,8,0,0,0.00,0.00,0.00,0.00,0.00,0.00,0.00,0.00
1429.26,36.33,31.25,36.00,20.00,MAN,8,0,0,0.00,0.00,0.00,0.00,0.00,0.00,0.00,0.00
1430.26,36.40,31.22,36.00,20.00,MAN,8,0,0,0.00,0.00,0.00,0.00,0.00,0.00,0.00,0.00
1431.26,36.42,31.14,36.00,20.00,MAN,8,0,0,0.00,0.00,0.00,0.00,0.00,0.00,0.00,0.00
1432.27,36.46,31.10,36.00,20.00,MAN,8,0,0,0.00,0.00,0.00,0.00,0.00,0.00,0.00,0.00
1433.27,36.49,31.06,36.00,20.00,MAN,8,0,0,0.00,0.00,0.00,0.00,0.00,0.00,0.00,0.00
1434.27,36.54,31.02,36.00,20.00,MAN,8,0,0,0.00,0.00,0.00,0.00,0.00,0.00,0.00,0.00
1435.27,36.56,30.99,36.00,20.00,MAN,8,0,0,0.00,0.00,0.00,0.00,0.00,0.00,0.00,0.00
1436.27,36.59,30.96,36.00,20.00,MAN,8,0,0,0.00,0.00,0.00,0.00,0.00,0.00,0.00,0.00
1437.27,36.61,30.96,36.00,20.00,MAN,8,0,0,0.00,0.00,0.00,0.00,0.00,0.00,0.00,0.00
1438.28,36.64,30.92,36.00,20.00,MAN,8,0,0,0.00,0.00,0.00,0.00,0.00,0.00,0.00,0.00
1439.27,36.69,30.87,36.00,20.00,MAN,8,0,0,0.00,0.00,0.00,0.00,0.00,0.00,0.00,0.00
1440.28,36.72,30.85,36.00,20.00,MAN,8,0,0,0.00,0.00,0.00,0.00,0.00,0.00,0.00,0.00
1441.28,36.73,30.81,36.00,20.00,MAN,8,0,0,0.00,0.00,0.00,0.00,0.00,0.00,0.00,0.00
1442.28,36.76,30.73,36.00,20.00,MAN,8,0,0,0.00,0.00,0.00,0.00,0.00,0.00,0.00,0.00
1443.28,36.82,30.69,36.00,20.00,MAN,8,0,0,0.00,0.00,0.00,0.00,0.00,0.00,0.00,0.00
1444.28,36.84,30.64,36.00,20.00,MAN,8,0,0,0.00,0.00,0.00,0.00,0.00,0.00,0.00,0.00
1445.29,36.86,30.61,36.00,20.00,MAN,8,0,0,0.00,0.00,0.00,0.00,0.00,0.00,0.00,0.00
1446.29,36.89,30.62,36.00,20.00,MAN,8,0,0,0.00,0.00,0.00,0.00,0.00,0.00,0.00,0.00
1447.29,36.93,30.58,36.00,20.00,MAN,8,0,0,0.00,0.00,0.00,0.00,0.00,0.00,0.00,0.00
1448.29,36.95,30.54,36.00,20.00,MAN,8,0,0,0.00,0.00,0.00,0.00,0.00,0.00,0.00,0.00
1449.29,36.97,30.54,36.00,20.00,MAN,8,0,0,0.00,0.00,0.00,0.00,0.00,0.00,0.00,0.00
1450.29,37.01,30.50,36.00,20.00,MAN,8,0,0,0.00,0.00,0.00,0.00,0.00,0.00,0.00,0.00
1451.30,37.03,30.46,36.00,20.00,MAN,8,0,0,0.00,0.00,0.00,0.00,0.00,0.00,0.00,0.00
1452.30,37.05,30.44,36.00,20.00,MAN,8,0,0,0.00,0.00,0.00,0.00,0.00,0.00,0.00,0.00
1453.30,37.07,30.44,36.00,20.00,MAN,8,0,0,0.00,0.00,0.00,0.00,0.00,0.00,0.00,0.00
1454.30,37.10,30.39,36.00,20.00,MAN,8,0,0,0.00,0.00,0.00,0.00,0.00,0.00,0.00,0.00
1455.30,37.12,30.39,36.00,20.00,MAN,8,0,0,0.00,0.00,0.00,0.00,0.00,0.00,0.00,0.00
1456.31,37.15,30.35,36.00,20.00,MAN,8,0,0,0.00,0.00,0.00,0.00,0.00,0.00,0.00,0.00
1457.31,37.17,30.32,36.00,20.00,MAN,8,0,0,0.00,0.00,0.00,0.00,0.00,0.00,0.00,0.00
1458.31,37.19,30.32,36.00,20.00,MAN,8,0,0,0.00,0.00,0.00,0.00,0.00,0.00,0.00,0.00
1459.31,37.21,30.29,36.00,20.00,MAN,8,0,0,0.00,0.00,0.00,0.00,0.00,0.00,0.00,0.00
1460.31,37.23,30.25,36.00,20.00,MAN,8,0,0,0.00,0.00,0.00,0.00,0.00,0.00,0.00,0.00
1461.31,37.26,30.25,36.00,20.00,MAN,8,0,0,0.00,0.00,0.00,0.00,0.00,0.00,0.00,0.00
1462.31,37.29,30.21,36.00,20.00,MAN,8,0,0,0.00,0.00,0.00,0.00,0.00,0.00,0.00,0.00
1463.31,37.34,30.17,36.00,20.00,MAN,8,0,0,0.00,0.00,0.00,0.00,0.00,0.00,0.00,0.00
1464.32,37.36,30.17,36.00,20.00,MAN,8,0,0,0.00,0.00,0.00,0.00,0.00,0.00,0.00,0.00
1465.32,37.38,30.14,36.00,20.00,MAN,8,0,0,0.00,0.00,0.00,0.00,0.00,0.00,0.00,0.00
1466.32,37.40,30.10,36.00,20.00,MAN,8,0,0,0.00,0.00,0.00,0.00,0.00,0.00,0.00,0.00
1467.32,37.44,30.10,36.00,20.00,MAN,8,0,0,0.00,0.00,0.00,0.00,0.00,0.00,0.00,0.00
1468.32,37.46,30.06,36.00,20.00,MAN,8,0,0,0.00,0.00,0.00,0.00,0.00,0.00,0.00,0.00
1469.32,37.49,30.03,36.00,20.00,MAN,8,0,0,0.00,0.00,0.00,0.00,0.00,0.00,0.00,0.00
1470.33,37.51,29.98,36.00,20.00,MAN,8,0,0,0.00,0.00,0.00,0.00,0.00,0.00,0.00,0.00
1471.32,37.52,29.98,36.00,20.00,MAN,8,0,0,0.00,0.00,0.00,0.00,0.00,0.00,0.00,0.00
1472.33,37.55,29.94,36.00,20.00,MAN,8,0,0,0.00,0.00,0.00,0.00,0.00,0.00,0.00,0.00
1473.33,37.56,29.94,36.00,20.00,MAN,8,0,0,0.00,0.00,0.00,0.00,0.00,0.00,0.00,0.00
1474.33,37.58,29.87,36.00,20.00,MAN,8,0,0,0.00,0.00,0.00,0.00,0.00,0.00,0.00,0.00
1475.33,37.60,29.87,36.00,20.00,MAN,8,0,0,0.00,0.00,0.00,0.00,0.00,0.00,0.00,0.00
1476.33,37.62,29.87,36.00,20.00,MAN,8,0,0,0.00,0.00,0.00,0.00,0.00,0.00,0.00,0.00
1477.34,37.65,29.84,36.00,20.00,MAN,8,0,0,0.00,0.00,0.00,0.00,0.00,0.00,0.00,0.00
1478.34,37.67,29.80,36.00,20.00,MAN,8,0,0,0.00,0.00,0.00,0.00,0.00,0.00,0.00,0.00
1479.34,37.69,29.80,36.00,20.00,MAN,8,0,0,0.00,0.00,0.00,0.00,0.00,0.00,0.00,0.00
1480.34,37.71,29.75,36.00,20.00,MAN,8,0,0,0.00,0.00,0.00,0.00,0.00,0.00,0.00,0.00
1481.34,37.73,29.75,36.00,20.00,MAN,8,0,0,0.00,0.00,0.00,0.00,0.00,0.00,0.00,0.00
1482.34,37.75,29.73,36.00,20.00,MAN,8,0,0,0.00,0.00,0.00,0.00,0.00,0.00,0.00,0.00
1483.35,37.79,29.73,36.00,20.00,MAN,8,0,0,0.00,0.00,0.00,0.00,0.00,0.00,0.00,0.00
1484.35,37.80,29.69,36.00,20.00,MAN,8,0,0,0.00,0.00,0.00,0.00,0.00,0.00,0.00,0.00
1485.35,37.82,29.64,36.00,20.00,MAN,8,0,0,0.00,0.00,0.00,0.00,0.00,0.00,0.00,0.00
1486.35,37.85,29.64,36.00,20.00,MAN,8,0,0,0.00,0.00,0.00,0.00,0.00,0.00,0.00,0.00
1487.35,37.87,29.64,36.00,20.00,MAN,8,0,0,0.00,0.00,0.00,0.00,0.00,0.00,0.00,0.00
1488.36,37.89,29.61,36.00,20.00,MAN,8,0,0,0.00,0.00,0.00,0.00,0.00,0.00,0.00,0.00
1489.35,37.91,29.61,36.00,20.00,MAN,8,0,0,0.00,0.00,0.00,0.00,0.00,0.00,0.00,0.00
1490.36,37.93,29.58,36.00,20.00,MAN,8,0,0,0.00,0.00,0.00,0.00,0.00,0.00,0.00,0.00
1491.36,37.96,29.55,36.00,20.00,MAN,8,0,0,0.00,0.00,0.00,0.00,0.00,0.00,0.00,0.00
1492.36,37.99,29.55,36.00,20.00,MAN,8,0,0,0.00,0.00,0.00,0.00,0.00,0.00,0.00,0.00
1493.36,38.01,29.50,36.00,20.00,MAN,8,0,0,0.00,0.00,0.00,0.00,0.00,0.00,0.00,0.00
1494.36,38.02,29.50,36.00,20.00,MAN,8,0,0,0.00,0.00,0.00,0.00,0.00,0.00,0.00,0.00
1495.36,38.04,29.46,36.00,20.00,MAN,8,0,0,0.00,0.00,0.00,0.00,0.00,0.00,0.00,0.00
1496.37,38.05,29.46,36.00,20.00,MAN,8,0,0,0.00,0.00,0.00,0.00,0.00,0.00,0.00,0.00
1497.37,38.07,29.44,36.00,20.00,MAN,8,0,0,0.00,0.00,0.00,0.00,0.00,0.00,0.00,0.00
1498.37,38.09,29.44,36.00,20.00,MAN,8,0,0,0.00,0.00,0.00,0.00,0.00,0.00,0.00,0.00
1499.37,38.11,29.39,36.00,20.00,MAN,8,0,0,0.00,0.00,0.00,0.00,0.00,0.00,0.00,0.00
1500.37,38.15,29.39,36.00,20.00,MAN,8,0,0,0.00,0.00,0.00,0.00,0.00,0.00,0.00,0.00
1501.38,38.17,29.35,36.00,20.00,MAN,8,0,0,0.00,0.00,0.00,0.00,0.00,0.00,0.00,0.00
1502.38,38.19,29.35,36.00,20.00,MAN,8,0,0,0.00,0.00,0.00,0.00,0.00,0.00,0.00,0.00
1503.38,38.20,29.32,36.00,20.00,MAN,8,0,0,0.00,0.00,0.00,0.00,0.00,0.00,0.00,0.00
1504.38,38.22,29.32,36.00,20.00,MAN,8,0,0,0.00,0.00,0.00,0.00,0.00,0.00,0.00,0.00
1505.38,38.24,29.27,36.00,20.00,MAN,10,0,0,0.00,0.00,0.00,0.00,0.00,0.00,0.00,0.00
1506.38,38.25,29.29,36.00,20.00,MAN,10,0,0,0.00,0.00,0.00,0.00,0.00,0.00,0.00,0.00
1507.38,38.28,29.25,36.00,20.00,MAN,10,0,0,0.00,0.00,0.00,0.00,0.00,0.00,0.00,0.00
1508.38,38.31,29.25,36.00,20.00,MAN,10,0,0,0.00,0.00,0.00,0.00,0.00,0.00,0.00,0.00
1509.39,38.32,29.25,36.00,20.00,MAN,10,0,0,0.00,0.00,0.00,0.00,0.00,0.00,0.00,0.00
1510.39,38.33,29.21,36.00,20.00,MAN,10,0,0,0.00,0.00,0.00,0.00,0.00,0.00,0.00,0.00
1511.39,38.35,29.21,36.00,20.00,MAN,10,0,0,0.00,0.00,0.00,0.00,0.00,0.00,0.00,0.00
1512.39,38.37,29.16,36.00,20.00,MAN,10,0,0,0.00,0.00,0.00,0.00,0.00,0.00,0.00,0.00
1513.39,38.40,29.18,36.00,20.00,MAN,10,0,0,0.00,0.00,0.00,0.00,0.00,0.00,0.00,0.00
1514.40,38.43,29.14,36.00,20.00,MAN,10,0,0,0.00,0.00,0.00,0.00,0.00,0.00,0.00,0.00
1515.40,38.44,29.14,36.00,20.00,MAN,10,0,0,0.00,0.00,0.00,0.00,0.00,0.00,0.00,0.00
1516.40,38.46,29.10,36.00,20.00,MAN,10,0,0,0.00,0.00,0.00,0.00,0.00,0.00,0.00,0.00
1517.40,38.48,29.10,36.00,20.00,MAN,10,0,0,0.00,0.00,0.00,0.00,0.00,0.00,0.00,0.00
1518.40,38.50,29.02,36.00,20.00,MAN,10,0,0,0.00,0.00,0.00,0.00,0.00,0.00,0.00,0.00
1519.40,38.52,29.02,36.00,20.00,MAN,10,0,0,0.00,0.00,0.00,0.00,0.00,0.00,0.00,0.00
1520.41,38.52,29.02,36.00,20.00,MAN,10,0,0,0.00,0.00,0.00,0.00,0.00,0.00,0.00,0.00
1521.41,38.54,28.98,36.00,20.00,MAN,10,0,0,0.00,0.00,0.00,0.00,0.00,0.00,0.00,0.00
1522.41,38.55,28.98,36.00,20.00,MAN,2,0,0,0.00,0.00,0.00,0.00,0.00,0.00,0.00,0.00
1523.41,38.56,28.98,36.00,20.00,MAN,2,0,0,0.00,0.00,0.00,0.00,0.00,0.00,0.00,0.00
1524.41,38.59,29.00,36.00,20.00,MAN,2,0,0,0.00,0.00,0.00,0.00,0.00,0.00,0.00,0.00
1525.41,38.61,28.95,36.00,20.00,MAN,2,0,0,0.00,0.00,0.00,0.00,0.00,0.00,0.00,0.00
1526.41,38.62,28.95,36.00,20.00,MAN,2,0,0,0.00,0.00,0.00,0.00,0.00,0.00,0.00,0.00
1527.42,38.63,28.91,36.00,20.00,MAN,2,0,0,0.00,0.00,0.00,0.00,0.00,0.00,0.00,0.00
1528.42,38.64,28.91,36.00,20.00,MAN,2,0,0,0.00,0.00,0.00,0.00,0.00,0.00,0.00,0.00
1529.42,38.68,28.91,36.00,20.00,MAN,2,0,0,0.00,0.00,0.00,0.00,0.00,0.00,0.00,0.00
1530.42,38.70,28.87,36.00,20.00,MAN,2,0,0,0.00,0.00,0.00,0.00,0.00,0.00,0.00,0.00
1531.42,38.70,28.87,36.00,20.00,MAN,2,0,0,0.00,0.00,0.00,0.00,0.00,0.00,0.00,0.00
1532.42,38.70,28.83,36.00,20.00,MAN,2,0,0,0.00,0.00,0.00,0.00,0.00,0.00,0.00,0.00
1533.43,38.68,28.79,36.00,20.00,MAN,2,0,0,0.00,0.00,0.00,0.00,0.00,0.00,0.00,0.00
1534.43,38.64,28.67,36.00,20.00,MAN,2,0,0,0.00,0.00,0.00,0.00,0.00,0.00,0.00,0.00
1535.43,38.55,28.53,36.00,20.00,MAN,2,0,0,0.00,0.00,0.00,0.00,0.00,0.00,0.00,0.00
1536.43,38.50,28.53,36.00,20.00,MAN,2,0,0,0.00,0.00,0.00,0.00,0.00,0.00,0.00,0.00
1537.43,38.41,28.48,36.00,20.00,MAN,2,0,0,0.00,0.00,0.00,0.00,0.00,0.00,0.00,0.00
1538.44,38.33,28.43,36.00,20.00,MAN,2,0,0,0.00,0.00,0.00,0.00,0.00,0.00,0.00,0.00
1539.44,38.30,28.39,36.00,20.00,MAN,2,0,0,0.00,0.00,0.00,0.00,0.00,0.00,0.00,0.00
1540.44,38.22,28.38,36.00,20.00,MAN,2,0,0,0.00,0.00,0.00,0.00,0.00,0.00,0.00,0.00
1541.44,38.15,28.38,36.00,20.00,MAN,2,0,0,0.00,0.00,0.00,0.00,0.00,0.00,0.00,0.00
1542.44,38.07,28.40,36.00,20.00,MAN,2,0,0,0.00,0.00,0.00,0.00,0.00,0.00,0.00,0.00
1543.44,37.99,28.45,36.00,20.00,MAN,2,0,0,0.00,0.00,0.00,0.00,0.00,0.00,0.00,0.00
1544.44,37.92,28.48,36.00,20.00,MAN,2,0,0,0.00,0.00,0.00,0.00,0.00,0.00,0.00,0.00
1545.45,37.86,28.51,36.00,20.00,MAN,2,0,0,0.00,0.00,0.00,0.00,0.00,0.00,0.00,0.00
1546.45,37.81,28.55,36.00,20.00,MAN,2,0,0,0.00,0.00,0.00,0.00,0.00,0.00,0.00,0.00
1547.45,37.75,28.63,36.00,20.00,MAN,2,0,0,0.00,0.00,0.00,0.00,0.00,0.00,0.00,0.00
1548.45,37.69,28.66,36.00,20.00,MAN,0,0,0,0.00,0.00,0.00,0.00,0.00,0.00,0.00,0.00
