Time_Seconds,Temperature,Humidity,Setpoint_Temperature,Setpoint_Humidity,Ctrl,Error_Code,T_PWM,RH_PWM,T_PID_p,T_PID_i,T_PID_d,T_PID_out,RH_PID_p,RH_PID_i,RH_PID_d,RH_PID_out,T_output,RH_output,T_min_thld,T_max_thld,RH_min_thld,RH_max_thld
0.00,32.76,32.14,36.00,20.00,AUTO,0,0,NaN,0.00,0.00,0.00,0.00,NaN,NaN,NaN,NaN,NaN,NaN,NaN,NaN,NaN,NaN
0.84,32.74,32.10,36.00,20.00,AUTO,0,100,NaN,162.00,0.00,0.00,162.00,NaN,NaN,NaN,NaN,NaN,NaN,NaN,NaN,NaN,NaN
1.84,32.75,32.10,36.00,20.00,AUTO,0,100,NaN,162.00,0.00,0.00,162.00,NaN,NaN,NaN,NaN,NaN,NaN,NaN,NaN,NaN,NaN
2.84,32.75,32.10,36.00,20.00,AUTO,0,100,NaN,162.00,0.00,0.00,162.00,NaN,NaN,NaN,NaN,NaN,NaN,NaN,NaN,NaN,NaN
3.84,32.76,32.10,36.00,20.00,AUTO,0,100,NaN,162.00,0.00,0.00,162.00,NaN,NaN,NaN,NaN,NaN,NaN,NaN,NaN,NaN,NaN
4.84,32.78,32.16,36.00,20.00,AUTO,0,100,NaN,162.00,0.00,0.00,162.00,NaN,NaN,NaN,NaN,NaN,NaN,NaN,NaN,NaN,NaN
5.84,32.78,32.16,36.00,20.00,AUTO,0,100,NaN,162.00,0.00,0.00,162.00,NaN,NaN,NaN,NaN,NaN,NaN,NaN,NaN,NaN,NaN
6.84,32.79,32.16,36.00,20.00,AUTO,0,100,NaN,162.00,0.00,0.00,162.00,NaN,NaN,NaN,NaN,NaN,NaN,NaN,NaN,NaN,NaN
7.84,32.81,32.16,36.00,20.00,AUTO,0,100,NaN,162.00,0.00,0.00,162.00,NaN,NaN,NaN,NaN,NaN,NaN,NaN,NaN,NaN,NaN
8.84,32.81,32.16,36.00,20.00,AUTO,0,100,NaN,162.00,0.00,0.00,162.00,NaN,NaN,NaN,NaN,NaN,NaN,NaN,NaN,NaN,NaN
9.85,32.83,32.12,36.00,20.00,AUTO,0,100,NaN,162.00,0.00,0.00,162.00,NaN,NaN,NaN,NaN,NaN,NaN,NaN,NaN,NaN,NaN
10.85,32.84,32.12,36.00,20.00,AUTO,0,100,NaN,162.00,0.00,0.00,162.00,NaN,NaN,NaN,NaN,NaN,NaN,NaN,NaN,NaN,NaN
11.85,32.84,32.12,36.00,20.00,AUTO,0,100,NaN,162.00,0.00,0.00,162.00,NaN,NaN,NaN,NaN,NaN,NaN,NaN,NaN,NaN,NaN
12.85,32.86,32.12,36.00,20.00,AUTO,0,100,NaN,162.00,0.00,0.00,162.00,NaN,NaN,NaN,NaN,NaN,NaN,NaN,NaN,NaN,NaN
13.85,32.88,32.08,36.00,20.00,AUTO,0,100,NaN,162.00,0.00,0.00,162.00,NaN,NaN,NaN,NaN,NaN,NaN,NaN,NaN,NaN,NaN
14.86,32.90,32.08,36.00,20.00,AUTO,0,100,NaN,162.00,0.00,0.00,162.00,NaN,NaN,NaN,NaN,NaN,NaN,NaN,NaN,NaN,NaN
15.86,32.93,32.04,36.00,20.00,AUTO,0,100,NaN,155.50,0.00,-3.66,151.84,NaN,NaN,NaN,NaN,NaN,NaN,NaN,NaN,NaN,NaN
16.86,32.96,32.02,36.00,20.00,AUTO,0,100,NaN,155.50,0.00,-3.66,151.84,NaN,NaN,NaN,NaN,NaN,NaN,NaN,NaN,NaN,NaN
17.86,32.98,32.02,36.00,20.00,AUTO,0,100,NaN,155.50,0.00,-3.66,151.84,NaN,NaN,NaN,NaN,NaN,NaN,NaN,NaN,NaN,NaN
18.86,33.00,31.97,36.00,20.00,AUTO,0,100,NaN,155.50,0.00,-3.66,151.84,NaN,NaN,NaN,NaN,NaN,NaN,NaN,NaN,NaN,NaN
19.87,33.02,31.93,36.00,20.00,AUTO,0,100,NaN,155.50,0.00,-3.66,151.84,NaN,NaN,NaN,NaN,NaN,NaN,NaN,NaN,NaN,NaN
20.86,33.04,31.93,36.00,20.00,AUTO,0,100,NaN,155.50,0.00,-3.66,151.84,NaN,NaN,NaN,NaN,NaN,NaN,NaN,NaN,NaN,NaN
21.87,33.06,31.93,36.00,20.00,AUTO,0,100,NaN,155.50,0.00,-3.66,151.84,NaN,NaN,NaN,NaN,NaN,NaN,NaN,NaN,NaN,NaN
22.87,33.08,31.90,36.00,20.00,AUTO,0,100,NaN,155.50,0.00,-3.66,151.84,NaN,NaN,NaN,NaN,NaN,NaN,NaN,NaN,NaN,NaN
23.87,33.09,31.86,36.00,20.00,AUTO,0,100,NaN,155.50,0.00,-3.66,151.84,NaN,NaN,NaN,NaN,NaN,NaN,NaN,NaN,NaN,NaN
24.87,33.13,31.87,36.00,20.00,AUTO,0,100,NaN,155.50,0.00,-3.66,151.84,NaN,NaN,NaN,NaN,NaN,NaN,NaN,NaN,NaN,NaN
25.87,33.15,31.83,36.00,20.00,AUTO,0,100,NaN,155.50,0.00,-3.66,151.84,NaN,NaN,NaN,NaN,NaN,NaN,NaN,NaN,NaN,NaN
26.87,33.17,31.83,36.00,20.00,AUTO,0,100,NaN,155.50,0.00,-3.66,151.84,NaN,NaN,NaN,NaN,NaN,NaN,NaN,NaN,NaN,NaN
27.88,33.20,31.79,36.00,20.00,AUTO,0,100,NaN,155.50,0.00,-3.66,151.84,NaN,NaN,NaN,NaN,NaN,NaN,NaN,NaN,NaN,NaN
28.88,33.23,31.79,36.00,20.00,AUTO,0,100,NaN,155.50,0.00,-3.66,151.84,NaN,NaN,NaN,NaN,NaN,NaN,NaN,NaN,NaN,NaN
29.88,33.27,31.77,36.00,20.00,AUTO,0,100,NaN,155.50,0.00,-3.66,151.84,NaN,NaN,NaN,NaN,NaN,NaN,NaN,NaN,NaN,NaN
30.88,33.30,31.73,36.00,20.00,AUTO,0,100,NaN,137.50,0.00,-11.21,126.29,NaN,NaN,NaN,NaN,NaN,NaN,NaN,NaN,NaN,NaN
31.88,33.31,31.69,36.00,20.00,AUTO,0,100,NaN,137.50,0.00,-11.21,126.29,NaN,NaN,NaN,NaN,NaN,NaN,NaN,NaN,NaN,NaN
32.88,33.34,31.64,36.00,20.00,AUTO,0,100,NaN,137.50,0.00,-11.21,126.29,NaN,NaN,NaN,NaN,NaN,NaN,NaN,NaN,NaN,NaN
33.89,33.38,31.61,36.00,20.00,AUTO,0,100,NaN,137.50,0.00,-11.21,126.29,NaN,NaN,NaN,NaN,NaN,NaN,NaN,NaN,NaN,NaN
34.89,33.41,31.57,36.00,20.00,AUTO,0,100,NaN,137.50,0.00,-11.21,126.29,NaN,NaN,NaN,NaN,NaN,NaN,NaN,NaN,NaN,NaN
35.89,33.44,31.52,36.00,20.00,AUTO,0,100,NaN,137.50,0.00,-11.21,126.29,NaN,NaN,NaN,NaN,NaN,NaN,NaN,NaN,NaN,NaN
36.89,33.46,31.52,36.00,20.00,AUTO,0,100,NaN,137.50,0.00,-11.21,126.29,NaN,NaN,NaN,NaN,NaN,NaN,NaN,NaN,NaN,NaN
37.89,33.49,31.50,36.00,20.00,AUTO,0,100,NaN,137.50,0.00,-11.21,126.29,NaN,NaN,NaN,NaN,NaN,NaN,NaN,NaN,NaN,NaN
38.89,33.51,31.46,36.00,20.00,AUTO,0,100,NaN,137.50,0.00,-11.21,126.29,NaN,NaN,NaN,NaN,NaN,NaN,NaN,NaN,NaN,NaN
39.89,33.52,31.46,36.00,20.00,AUTO,0,100,NaN,137.50,0.00,-11.21,126.29,NaN,NaN,NaN,NaN,NaN,NaN,NaN,NaN,NaN,NaN
40.90,33.56,31.42,36.00,20.00,AUTO,0,100,NaN,137.50,0.00,-11.21,126.29,NaN,NaN,NaN,NaN,NaN,NaN,NaN,NaN,NaN,NaN
41.90,33.60,31.34,36.00,20.00,AUTO,0,100,NaN,137.50,0.00,-11.21,126.29,NaN,NaN,NaN,NaN,NaN,NaN,NaN,NaN,NaN,NaN
42.90,33.62,31.30,36.00,20.00,AUTO,0,100,NaN,137.50,0.00,-11.21,126.29,NaN,NaN,NaN,NaN,NaN,NaN,NaN,NaN,NaN,NaN
43.90,33.64,31.32,36.00,20.00,AUTO,0,100,NaN,137.50,0.00,-11.21,126.29,NaN,NaN,NaN,NaN,NaN,NaN,NaN,NaN,NaN,NaN
44.90,33.66,31.28,36.00,20.00,AUTO,0,100,NaN,137.50,0.00,-11.21,126.29,NaN,NaN,NaN,NaN,NaN,NaN,NaN,NaN,NaN,NaN
45.91,33.70,31.24,36.00,20.00,AUTO,0,100,NaN,117.50,0.00,-13.68,103.82,NaN,NaN,NaN,NaN,NaN,NaN,NaN,NaN,NaN,NaN
46.91,33.72,31.20,36.00,20.00,AUTO,0,100,NaN,117.50,0.00,-13.68,103.82,NaN,NaN,NaN,NaN,NaN,NaN,NaN,NaN,NaN,NaN
47.91,33.75,31.16,36.00,20.00,AUTO,0,100,NaN,117.50,0.00,-13.68,103.82,NaN,NaN,NaN,NaN,NaN,NaN,NaN,NaN,NaN,NaN
48.91,33.78,31.16,36.00,20.00,AUTO,0,100,NaN,117.50,0.00,-13.68,103.82,NaN,NaN,NaN,NaN,NaN,NaN,NaN,NaN,NaN,NaN
49.91,33.82,31.13,36.00,20.00,AUTO,0,100,NaN,117.50,0.00,-13.68,103.82,NaN,NaN,NaN,NaN,NaN,NaN,NaN,NaN,NaN,NaN
50.91,33.85,31.09,36.00,20.00,AUTO,0,100,NaN,117.50,0.00,-13.68,103.82,NaN,NaN,NaN,NaN,NaN,NaN,NaN,NaN,NaN,NaN
51.92,33.88,31.06,36.00,20.00,AUTO,0,100,NaN,117.50,0.00,-13.68,103.82,NaN,NaN,NaN,NaN,NaN,NaN,NaN,NaN,NaN,NaN
52.92,33.90,31.02,36.00,20.00,AUTO,0,100,NaN,117.50,0.00,-13.68,103.82,NaN,NaN,NaN,NaN,NaN,NaN,NaN,NaN,NaN,NaN
53.92,33.93,30.97,36.00,20.00,AUTO,0,100,NaN,117.50,0.00,-13.68,103.82,NaN,NaN,NaN,NaN,NaN,NaN,NaN,NaN,NaN,NaN
54.92,33.96,30.97,36.00,20.00,AUTO,0,100,NaN,117.50,0.00,-13.68,103.82,NaN,NaN,NaN,NaN,NaN,NaN,NaN,NaN,NaN,NaN
55.92,34.00,30.95,36.00,20.00,AUTO,0,100,NaN,117.50,0.00,-13.68,103.82,NaN,NaN,NaN,NaN,NaN,NaN,NaN,NaN,NaN,NaN
56.92,34.02,30.91,36.00,20.00,AUTO,0,100,NaN,117.50,0.00,-13.68,103.82,NaN,NaN,NaN,NaN,NaN,NaN,NaN,NaN,NaN,NaN
57.92,34.05,30.87,36.00,20.00,AUTO,0,100,NaN,117.50,0.00,-13.68,103.82,NaN,NaN,NaN,NaN,NaN,NaN,NaN,NaN,NaN,NaN
58.92,34.08,30.83,36.00,20.00,AUTO,0,100,NaN,117.50,0.00,-13.68,103.82,NaN,NaN,NaN,NaN,NaN,NaN,NaN,NaN,NaN,NaN
59.93,34.11,30.79,36.00,20.00,AUTO,0,100,NaN,117.50,0.00,-13.68,103.82,NaN,NaN,NaN,NaN,NaN,NaN,NaN,NaN,NaN,NaN
60.93,34.14,30.77,36.00,20.00,AUTO,0,93,NaN,95.25,12.58,-14.52,93.31,NaN,NaN,NaN,NaN,NaN,NaN,NaN,NaN,NaN,NaN
61.93,34.18,30.77,36.00,20.00,AUTO,0,93,NaN,95.25,12.58,-14.52,93.31,NaN,NaN,NaN,NaN,NaN,NaN,NaN,NaN,NaN,NaN
62.93,34.21,30.73,36.00,20.00,AUTO,0,93,NaN,95.25,12.58,-14.52,93.31,NaN,NaN,NaN,NaN,NaN,NaN,NaN,NaN,NaN,NaN
63.93,34.23,30.68,36.00,20.00,AUTO,0,93,NaN,95.25,12.58,-14.52,93.31,NaN,NaN,NaN,NaN,NaN,NaN,NaN,NaN,NaN,NaN
64.94,34.25,30.64,36.00,20.00,AUTO,0,93,NaN,95.25,12.58,-14.52,93.31,NaN,NaN,NaN,NaN,NaN,NaN,NaN,NaN,NaN,NaN
65.94,34.29,30.64,36.00,20.00,AUTO,0,93,NaN,95.25,12.58,-14.52,93.31,NaN,NaN,NaN,NaN,NaN,NaN,NaN,NaN,NaN,NaN
66.94,34.32,30.62,36.00,20.00,AUTO,0,93,NaN,95.25,12.58,-14.52,93.31,NaN,NaN,NaN,NaN,NaN,NaN,NaN,NaN,NaN,NaN
67.94,34.34,30.58,36.00,20.00,AUTO,0,93,NaN,95.25,12.58,-14.52,93.31,NaN,NaN,NaN,NaN,NaN,NaN,NaN,NaN,NaN,NaN
68.94,34.38,30.50,36.00,20.00,AUTO,0,93,NaN,95.25,12.58,-14.52,93.31,NaN,NaN,NaN,NaN,NaN,NaN,NaN,NaN,NaN,NaN
69.94,34.40,30.50,36.00,20.00,AUTO,0,93,NaN,95.25,12.58,-14.52,93.31,NaN,NaN,NaN,NaN,NaN,NaN,NaN,NaN,NaN,NaN
70.94,34.42,30.46,36.00,20.00,AUTO,0,93,NaN,95.25,12.58,-14.52,93.31,NaN,NaN,NaN,NaN,NaN,NaN,NaN,NaN,NaN,NaN
71.95,34.46,30.42,36.00,20.00,AUTO,0,93,NaN,95.25,12.58,-14.52,93.31,NaN,NaN,NaN,NaN,NaN,NaN,NaN,NaN,NaN,NaN
72.95,34.49,30.40,36.00,20.00,AUTO,0,93,NaN,95.25,12.58,-14.52,93.31,NaN,NaN,NaN,NaN,NaN,NaN,NaN,NaN,NaN,NaN
73.95,34.51,30.40,36.00,20.00,AUTO,0,93,NaN,95.25,12.58,-14.52,93.31,NaN,NaN,NaN,NaN,NaN,NaN,NaN,NaN,NaN,NaN
74.95,34.56,30.35,36.00,20.00,AUTO,0,93,NaN,95.25,12.58,-14.52,93.31,NaN,NaN,NaN,NaN,NaN,NaN,NaN,NaN,NaN,NaN
75.95,34.56,30.32,36.00,20.00,AUTO,0,81,NaN,73.25,22.51,-14.52,81.24,NaN,NaN,NaN,NaN,NaN,NaN,NaN,NaN,NaN,NaN
76.95,34.60,30.32,36.00,20.00,AUTO,0,81,NaN,73.25,22.51,-14.52,81.24,NaN,NaN,NaN,NaN,NaN,NaN,NaN,NaN,NaN,NaN
77.95,34.62,30.28,36.00,20.00,AUTO,0,81,NaN,73.25,22.51,-14.52,81.24,NaN,NaN,NaN,NaN,NaN,NaN,NaN,NaN,NaN,NaN
78.96,34.65,30.23,36.00,20.00,AUTO,0,81,NaN,73.25,22.51,-14.52,81.24,NaN,NaN,NaN,NaN,NaN,NaN,NaN,NaN,NaN,NaN
79.96,34.66,30.25,36.00,20.00,AUTO,0,81,NaN,73.25,22.51,-14.52,81.24,NaN,NaN,NaN,NaN,NaN,NaN,NaN,NaN,NaN,NaN
80.96,34.68,30.21,36.00,20.00,AUTO,0,81,NaN,73.25,22.51,-14.52,81.24,NaN,NaN,NaN,NaN,NaN,NaN,NaN,NaN,NaN,NaN
81.96,34.71,30.17,36.00,20.00,AUTO,0,81,NaN,73.25,22.51,-14.52,81.24,NaN,NaN,NaN,NaN,NaN,NaN,NaN,NaN,NaN,NaN
82.96,34.75,30.13,36.00,20.00,AUTO,0,81,NaN,73.25,22.51,-14.52,81.24,NaN,NaN,NaN,NaN,NaN,NaN,NaN,NaN,NaN,NaN
83.97,34.77,30.13,36.00,20.00,AUTO,0,81,NaN,73.25,22.51,-14.52,81.24,NaN,NaN,NaN,NaN,NaN,NaN,NaN,NaN,NaN,NaN
84.96,34.80,30.09,36.00,20.00,AUTO,0,81,NaN,73.25,22.51,-14.52,81.24,NaN,NaN,NaN,NaN,NaN,NaN,NaN,NaN,NaN,NaN
85.97,34.82,30.05,36.00,20.00,AUTO,0,81,NaN,73.25,22.51,-14.52,81.24,NaN,NaN,NaN,NaN,NaN,NaN,NaN,NaN,NaN,NaN
86.97,34.85,30.06,36.00,20.00,AUTO,0,81,NaN,73.25,22.51,-14.52,81.24,NaN,NaN,NaN,NaN,NaN,NaN,NaN,NaN,NaN,NaN
87.97,34.88,30.03,36.00,20.00,AUTO,0,81,NaN,73.25,22.51,-14.52,81.24,NaN,NaN,NaN,NaN,NaN,NaN,NaN,NaN,NaN,NaN
88.97,34.92,29.99,36.00,20.00,AUTO,0,81,NaN,73.25,22.51,-14.52,81.24,NaN,NaN,NaN,NaN,NaN,NaN,NaN,NaN,NaN,NaN
89.97,34.94,29.99,36.00,20.00,AUTO,0,81,NaN,73.25,22.51,-14.52,81.24,NaN,NaN,NaN,NaN,NaN,NaN,NaN,NaN,NaN,NaN
90.98,34.94,29.94,36.00,20.00,AUTO,0,70,NaN,53.50,30.02,-13.17,70.36,NaN,NaN,NaN,NaN,NaN,NaN,NaN,NaN,NaN,NaN
91.98,34.97,29.90,36.00,20.00,AUTO,0,70,NaN,53.50,30.02,-13.17,70.36,NaN,NaN,NaN,NaN,NaN,NaN,NaN,NaN,NaN,NaN
92.98,35.00,29.90,36.00,20.00,AUTO,0,70,NaN,53.50,30.02,-13.17,70.36,NaN,NaN,NaN,NaN,NaN,NaN,NaN,NaN,NaN,NaN
93.98,35.01,29.88,36.00,20.00,AUTO,0,70,NaN,53.50,30.02,-13.17,70.36,NaN,NaN,NaN,NaN,NaN,NaN,NaN,NaN,NaN,NaN
94.98,35.04,29.84,36.00,20.00,AUTO,0,70,NaN,53.50,30.02,-13.17,70.36,NaN,NaN,NaN,NaN,NaN,NaN,NaN,NaN,NaN,NaN
95.98,35.06,29.80,36.00,20.00,AUTO,0,70,NaN,53.50,30.02,-13.17,70.36,NaN,NaN,NaN,NaN,NaN,NaN,NaN,NaN,NaN,NaN
96.99,35.08,29.80,36.00,20.00,AUTO,0,70,NaN,53.50,30.02,-13.17,70.36,NaN,NaN,NaN,NaN,NaN,NaN,NaN,NaN,NaN,NaN
97.99,35.11,29.76,36.00,20.00,AUTO,0,70,NaN,53.50,30.02,-13.17,70.36,NaN,NaN,NaN,NaN,NaN,NaN,NaN,NaN,NaN,NaN
98.99,35.13,29.76,36.00,20.00,AUTO,0,70,NaN,53.50,30.02,-13.17,70.36,NaN,NaN,NaN,NaN,NaN,NaN,NaN,NaN,NaN,NaN
99.99,35.15,29.72,36.00,20.00,AUTO,0,70,NaN,53.50,30.02,-13.17,70.36,NaN,NaN,NaN,NaN,NaN,NaN,NaN,NaN,NaN,NaN
100.99,35.18,29.74,36.00,20.00,AUTO,0,70,NaN,53.50,30.02,-13.17,70.36,NaN,NaN,NaN,NaN,NaN,NaN,NaN,NaN,NaN,NaN
101.99,35.24,29.65,36.00,20.00,AUTO,0,70,NaN,53.50,30.02,-13.17,70.36,NaN,NaN,NaN,NaN,NaN,NaN,NaN,NaN,NaN,NaN
102.99,35.25,29.61,36.00,20.00,AUTO,0,70,NaN,53.50,30.02,-13.17,70.36,NaN,NaN,NaN,NaN,NaN,NaN,NaN,NaN,NaN,NaN
104.00,35.27,29.61,36.00,20.00,AUTO,0,70,NaN,53.50,30.02,-13.17,70.36,NaN,NaN,NaN,NaN,NaN,NaN,NaN,NaN,NaN,NaN
105.00,35.29,29.57,36.00,20.00,AUTO,0,70,NaN,53.50,30.02,-13.17,70.36,NaN,NaN,NaN,NaN,NaN,NaN,NaN,NaN,NaN,NaN
106.00,35.29,29.57,36.00,20.00,AUTO,0,59,NaN,36.00,35.34,-12.11,59.23,NaN,NaN,NaN,NaN,NaN,NaN,NaN,NaN,NaN,NaN
107.00,35.33,29.53,36.00,20.00,AUTO,0,59,NaN,36.00,35.34,-12.11,59.23,NaN,NaN,NaN,NaN,NaN,NaN,NaN,NaN,NaN,NaN
108.00,35.34,29.55,36.00,20.00,AUTO,0,59,NaN,36.00,35.34,-12.11,59.23,NaN,NaN,NaN,NaN,NaN,NaN,NaN,NaN,NaN,NaN
109.00,35.36,29.51,36.00,20.00,AUTO,0,59,NaN,36.00,35.34,-12.11,59.23,NaN,NaN,NaN,NaN,NaN,NaN,NaN,NaN,NaN,NaN
110.00,35.38,29.51,36.00,20.00,AUTO,0,59,NaN,36.00,35.34,-12.11,59.23,NaN,NaN,NaN,NaN,NaN,NaN,NaN,NaN,NaN,NaN
111.01,35.39,29.46,36.00,20.00,AUTO,0,59,NaN,36.00,35.34,-12.11,59.23,NaN,NaN,NaN,NaN,NaN,NaN,NaN,NaN,NaN,NaN
112.01,35.41,29.46,36.00,20.00,AUTO,0,59,NaN,36.00,35.34,-12.11,59.23,NaN,NaN,NaN,NaN,NaN,NaN,NaN,NaN,NaN,NaN
113.01,35.43,29.42,36.00,20.00,AUTO,0,59,NaN,36.00,35.34,-12.11,59.23,NaN,NaN,NaN,NaN,NaN,NaN,NaN,NaN,NaN,NaN
114.01,35.47,29.42,36.00,20.00,AUTO,0,59,NaN,36.00,35.34,-12.11,59.23,NaN,NaN,NaN,NaN,NaN,NaN,NaN,NaN,NaN,NaN
115.01,35.50,29.39,36.00,20.00,AUTO,0,59,NaN,36.00,35.34,-12.11,59.23,NaN,NaN,NaN,NaN,NaN,NaN,NaN,NaN,NaN,NaN
116.01,35.52,29.40,36.00,20.00,AUTO,0,59,NaN,36.00,35.34,-12.11,59.23,NaN,NaN,NaN,NaN,NaN,NaN,NaN,NaN,NaN,NaN
117.01,35.54,29.36,36.00,20.00,AUTO,0,59,NaN,36.00,35.34,-12.11,59.23,NaN,NaN,NaN,NaN,NaN,NaN,NaN,NaN,NaN,NaN
118.02,35.56,29.32,36.00,20.00,AUTO,0,59,NaN,36.00,35.34,-12.11,59.23,NaN,NaN,NaN,NaN,NaN,NaN,NaN,NaN,NaN,NaN
119.02,35.57,29.32,36.00,20.00,AUTO,0,59,NaN,36.00,35.34,-12.11,59.23,NaN,NaN,NaN,NaN,NaN,NaN,NaN,NaN,NaN,NaN
120.02,35.59,29.32,36.00,20.00,AUTO,0,59,NaN,36.00,35.34,-12.11,59.23,NaN,NaN,NaN,NaN,NaN,NaN,NaN,NaN,NaN,NaN
121.02,35.59,29.28,36.00,20.00,AUTO,0,49,NaN,21.00,38.66,-10.36,49.30,NaN,NaN,NaN,NaN,NaN,NaN,NaN,NaN,NaN,NaN
122.02,35.60,29.28,36.00,20.00,AUTO,0,49,NaN,21.00,38.66,-10.36,49.30,NaN,NaN,NaN,NaN,NaN,NaN,NaN,NaN,NaN,NaN
123.03,35.63,29.24,36.00,20.00,AUTO,0,49,NaN,21.00,38.66,-10.36,49.30,NaN,NaN,NaN,NaN,NaN,NaN,NaN,NaN,NaN,NaN
124.03,35.64,29.24,36.00,20.00,AUTO,0,49,NaN,21.00,38.66,-10.36,49.30,NaN,NaN,NaN,NaN,NaN,NaN,NaN,NaN,NaN,NaN
125.03,35.65,29.24,36.00,20.00,AUTO,0,49,NaN,21.00,38.66,-10.36,49.30,NaN,NaN,NaN,NaN,NaN,NaN,NaN,NaN,NaN,NaN
126.03,35.66,29.20,36.00,20.00,AUTO,0,49,NaN,21.00,38.66,-10.36,49.30,NaN,NaN,NaN,NaN,NaN,NaN,NaN,NaN,NaN,NaN
127.03,35.68,29.20,36.00,20.00,AUTO,0,49,NaN,21.00,38.66,-10.36,49.30,NaN,NaN,NaN,NaN,NaN,NaN,NaN,NaN,NaN,NaN
128.03,35.68,29.22,36.00,20.00,AUTO,0,49,NaN,21.00,38.66,-10.36,49.30,NaN,NaN,NaN,NaN,NaN,NaN,NaN,NaN,NaN,NaN
129.04,35.72,29.22,36.00,20.00,AUTO,0,49,NaN,21.00,38.66,-10.36,49.30,NaN,NaN,NaN,NaN,NaN,NaN,NaN,NaN,NaN,NaN
130.04,35.73,29.17,36.00,20.00,AUTO,0,49,NaN,21.00,38.66,-10.36,49.30,NaN,NaN,NaN,NaN,NaN,NaN,NaN,NaN,NaN,NaN
131.04,35.74,29.17,36.00,20.00,AUTO,0,49,NaN,21.00,38.66,-10.36,49.30,NaN,NaN,NaN,NaN,NaN,NaN,NaN,NaN,NaN,NaN
132.04,35.75,29.17,36.00,20.00,AUTO,0,49,NaN,21.00,38.66,-10.36,49.30,NaN,NaN,NaN,NaN,NaN,NaN,NaN,NaN,NaN,NaN
133.04,35.77,29.17,36.00,20.00,AUTO,0,49,NaN,21.00,38.66,-10.36,49.30,NaN,NaN,NaN,NaN,NaN,NaN,NaN,NaN,NaN,NaN
134.04,35.78,29.13,36.00,20.00,AUTO,0,49,NaN,21.00,38.66,-10.36,49.30,NaN,NaN,NaN,NaN,NaN,NaN,NaN,NaN,NaN,NaN
135.04,35.78,29.13,36.00,20.00,AUTO,0,49,NaN,21.00,38.66,-10.36,49.30,NaN,NaN,NaN,NaN,NaN,NaN,NaN,NaN,NaN,NaN
136.05,35.78,29.13,36.00,20.00,AUTO,0,44,NaN,11.00,40.50,-7.01,44.50,NaN,NaN,NaN,NaN,NaN,NaN,NaN,NaN,NaN,NaN
137.05,35.79,29.13,36.00,20.00,AUTO,0,44,NaN,11.00,40.50,-7.01,44.50,NaN,NaN,NaN,NaN,NaN,NaN,NaN,NaN,NaN,NaN
138.05,35.80,29.13,36.00,20.00,AUTO,0,44,NaN,11.00,40.50,-7.01,44.50,NaN,NaN,NaN,NaN,NaN,NaN,NaN,NaN,NaN,NaN
139.05,35.81,29.13,36.00,20.00,AUTO,0,44,NaN,11.00,40.50,-7.01,44.50,NaN,NaN,NaN,NaN,NaN,NaN,NaN,NaN,NaN,NaN
140.05,35.81,29.10,36.00,20.00,AUTO,0,44,NaN,11.00,40.50,-7.01,44.50,NaN,NaN,NaN,NaN,NaN,NaN,NaN,NaN,NaN,NaN
141.05,35.82,29.10,36.00,20.00,AUTO,0,44,NaN,11.00,40.50,-7.01,44.50,NaN,NaN,NaN,NaN,NaN,NaN,NaN,NaN,NaN,NaN
142.06,35.82,29.10,36.00,20.00,AUTO,0,44,NaN,11.00,40.50,-7.01,44.50,NaN,NaN,NaN,NaN,NaN,NaN,NaN,NaN,NaN,NaN
143.06,35.85,29.11,36.00,20.00,AUTO,0,44,NaN,11.00,40.50,-7.01,44.50,NaN,NaN,NaN,NaN,NaN,NaN,NaN,NaN,NaN,NaN
144.06,35.86,29.11,36.00,20.00,AUTO,0,44,NaN,11.00,40.50,-7.01,44.50,NaN,NaN,NaN,NaN,NaN,NaN,NaN,NaN,NaN,NaN
145.06,35.87,29.11,36.00,20.00,AUTO,0,44,NaN,11.00,40.50,-7.01,44.50,NaN,NaN,NaN,NaN,NaN,NaN,NaN,NaN,NaN,NaN
146.06,35.88,29.11,36.00,20.00,AUTO,0,44,NaN,11.00,40.50,-7.01,44.50,NaN,NaN,NaN,NaN,NaN,NaN,NaN,NaN,NaN,NaN
147.06,35.89,29.07,36.00,20.00,AUTO,0,44,NaN,11.00,40.50,-7.01,44.50,NaN,NaN,NaN,NaN,NaN,NaN,NaN,NaN,NaN,NaN
148.07,35.89,29.07,36.00,20.00,AUTO,0,44,NaN,11.00,40.50,-7.01,44.50,NaN,NaN,NaN,NaN,NaN,NaN,NaN,NaN,NaN,NaN
149.07,35.90,29.07,36.00,20.00,AUTO,0,44,NaN,11.00,40.50,-7.01,44.50,NaN,NaN,NaN,NaN,NaN,NaN,NaN,NaN,NaN,NaN
150.07,35.92,29.07,36.00,20.00,AUTO,0,44,NaN,11.00,40.50,-7.01,44.50,NaN,NaN,NaN,NaN,NaN,NaN,NaN,NaN,NaN,NaN
151.07,35.90,29.07,36.00,20.00,AUTO,0,41,NaN,4.50,41.43,-4.47,41.46,NaN,NaN,NaN,NaN,NaN,NaN,NaN,NaN,NaN,NaN
152.07,35.92,29.07,36.00,20.00,AUTO,0,41,NaN,4.50,41.43,-4.47,41.46,NaN,NaN,NaN,NaN,NaN,NaN,NaN,NaN,NaN,NaN
153.07,35.93,29.03,36.00,20.00,AUTO,0,41,NaN,4.50,41.43,-4.47,41.46,NaN,NaN,NaN,NaN,NaN,NaN,NaN,NaN,NaN,NaN
154.07,35.94,29.03,36.00,20.00,AUTO,0,41,NaN,4.50,41.43,-4.47,41.46,NaN,NaN,NaN,NaN,NaN,NaN,NaN,NaN,NaN,NaN
155.08,35.94,29.03,36.00,20.00,AUTO,0,41,NaN,4.50,41.43,-4.47,41.46,NaN,NaN,NaN,NaN,NaN,NaN,NaN,NaN,NaN,NaN
156.08,35.95,29.03,36.00,20.00,AUTO,0,41,NaN,4.50,41.43,-4.47,41.46,NaN,NaN,NaN,NaN,NaN,NaN,NaN,NaN,NaN,NaN
157.08,35.96,29.03,36.00,20.00,AUTO,0,41,NaN,4.50,41.43,-4.47,41.46,NaN,NaN,NaN,NaN,NaN,NaN,NaN,NaN,NaN,NaN
158.08,35.99,29.03,36.00,20.00,AUTO,0,41,NaN,4.50,41.43,-4.47,41.46,NaN,NaN,NaN,NaN,NaN,NaN,NaN,NaN,NaN,NaN
159.08,36.00,29.03,36.00,20.00,AUTO,0,41,NaN,4.50,41.43,-4.47,41.46,NaN,NaN,NaN,NaN,NaN,NaN,NaN,NaN,NaN,NaN
160.08,36.00,29.03,36.00,20.00,AUTO,0,41,NaN,4.50,41.43,-4.47,41.46,NaN,NaN,NaN,NaN,NaN,NaN,NaN,NaN,NaN,NaN
161.09,36.02,29.03,36.00,20.00,AUTO,0,41,NaN,4.50,41.43,-4.47,41.46,NaN,NaN,NaN,NaN,NaN,NaN,NaN,NaN,NaN,NaN
162.09,36.02,29.03,36.00,20.00,AUTO,0,41,NaN,4.50,41.43,-4.47,41.46,NaN,NaN,NaN,NaN,NaN,NaN,NaN,NaN,NaN,NaN
163.09,36.02,29.03,36.00,20.00,AUTO,0,41,NaN,4.50,41.43,-4.47,41.46,NaN,NaN,NaN,NaN,NaN,NaN,NaN,NaN,NaN,NaN
164.09,36.02,29.03,36.00,20.00,AUTO,0,41,NaN,4.50,41.43,-4.47,41.46,NaN,NaN,NaN,NaN,NaN,NaN,NaN,NaN,NaN,NaN
165.09,36.02,29.03,36.00,20.00,AUTO,0,41,NaN,4.50,41.43,-4.47,41.46,NaN,NaN,NaN,NaN,NaN,NaN,NaN,NaN,NaN,NaN
166.09,36.00,29.03,36.00,20.00,AUTO,0,36,NaN,-1.00,41.58,-4.25,36.32,NaN,NaN,NaN,NaN,NaN,NaN,NaN,NaN,NaN,NaN
167.09,36.02,29.03,36.00,20.00,AUTO,0,36,NaN,-1.00,41.58,-4.25,36.32,NaN,NaN,NaN,NaN,NaN,NaN,NaN,NaN,NaN,NaN
168.10,36.02,29.03,36.00,20.00,AUTO,0,36,NaN,-1.00,41.58,-4.25,36.32,NaN,NaN,NaN,NaN,NaN,NaN,NaN,NaN,NaN,NaN
169.10,36.02,29.03,36.00,20.00,AUTO,0,36,NaN,-1.00,41.58,-4.25,36.32,NaN,NaN,NaN,NaN,NaN,NaN,NaN,NaN,NaN,NaN
170.10,36.02,29.03,36.00,20.00,AUTO,0,36,NaN,-1.00,41.58,-4.25,36.32,NaN,NaN,NaN,NaN,NaN,NaN,NaN,NaN,NaN,NaN
171.10,36.02,29.03,36.00,20.00,AUTO,0,36,NaN,-1.00,41.58,-4.25,36.32,NaN,NaN,NaN,NaN,NaN,NaN,NaN,NaN,NaN,NaN
172.10,36.02,29.03,36.00,20.00,AUTO,0,36,NaN,-1.00,41.58,-4.25,36.32,NaN,NaN,NaN,NaN,NaN,NaN,NaN,NaN,NaN,NaN
173.10,36.02,29.03,36.00,20.00,AUTO,0,36,NaN,-1.00,41.58,-4.25,36.32,NaN,NaN,NaN,NaN,NaN,NaN,NaN,NaN,NaN,NaN
174.11,36.02,29.03,36.00,20.00,AUTO,0,36,NaN,-1.00,41.58,-4.25,36.32,NaN,NaN,NaN,NaN,NaN,NaN,NaN,NaN,NaN,NaN
175.11,36.02,29.03,36.00,20.00,AUTO,0,36,NaN,-1.00,41.58,-4.25,36.32,NaN,NaN,NaN,NaN,NaN,NaN,NaN,NaN,NaN,NaN
176.11,36.02,29.03,36.00,20.00,AUTO,0,36,NaN,-1.00,41.58,-4.25,36.32,NaN,NaN,NaN,NaN,NaN,NaN,NaN,NaN,NaN,NaN
177.11,36.02,29.03,36.00,20.00,AUTO,0,36,NaN,-1.00,41.58,-4.25,36.32,NaN,NaN,NaN,NaN,NaN,NaN,NaN,NaN,NaN,NaN
178.11,36.02,29.03,36.00,20.00,AUTO,0,36,NaN,-1.00,41.58,-4.25,36.32,NaN,NaN,NaN,NaN,NaN,NaN,NaN,NaN,NaN,NaN
179.11,36.02,29.07,36.00,20.00,AUTO,0,36,NaN,-1.00,41.58,-4.25,36.32,NaN,NaN,NaN,NaN,NaN,NaN,NaN,NaN,NaN,NaN
180.12,36.02,29.07,36.00,20.00,AUTO,0,36,NaN,-1.00,41.58,-4.25,36.32,NaN,NaN,NaN,NaN,NaN,NaN,NaN,NaN,NaN,NaN
181.12,36.02,29.03,36.00,20.00,AUTO,0,40,NaN,-1.00,41.46,-0.07,40.40,NaN,NaN,NaN,NaN,NaN,NaN,NaN,NaN,NaN,NaN
182.12,36.02,29.07,36.00,20.00,AUTO,0,40,NaN,-1.00,41.46,-0.07,40.40,NaN,NaN,NaN,NaN,NaN,NaN,NaN,NaN,NaN,NaN
183.12,36.02,29.07,36.00,20.00,AUTO,0,40,NaN,-1.00,41.46,-0.07,40.40,NaN,NaN,NaN,NaN,NaN,NaN,NaN,NaN,NaN,NaN
184.12,36.02,29.07,36.00,20.00,AUTO,0,40,NaN,-1.00,41.46,-0.07,40.40,NaN,NaN,NaN,NaN,NaN,NaN,NaN,NaN,NaN,NaN
185.12,36.02,29.07,36.00,20.00,AUTO,0,40,NaN,-1.00,41.46,-0.07,40.40,NaN,NaN,NaN,NaN,NaN,NaN,NaN,NaN,NaN,NaN
186.12,36.02,29.07,36.00,20.00,AUTO,0,40,NaN,-1.00,41.46,-0.07,40.40,NaN,NaN,NaN,NaN,NaN,NaN,NaN,NaN,NaN,NaN
187.13,36.02,29.07,36.00,20.00,AUTO,0,40,NaN,-1.00,41.46,-0.07,40.40,NaN,NaN,NaN,NaN,NaN,NaN,NaN,NaN,NaN,NaN
188.13,36.02,29.07,36.00,20.00,AUTO,0,40,NaN,-1.00,41.46,-0.07,40.40,NaN,NaN,NaN,NaN,NaN,NaN,NaN,NaN,NaN,NaN
189.13,36.02,29.07,36.00,20.00,AUTO,0,40,NaN,-1.00,41.46,-0.07,40.40,NaN,NaN,NaN,NaN,NaN,NaN,NaN,NaN,NaN,NaN
190.13,36.02,29.07,36.00,20.00,AUTO,0,40,NaN,-1.00,41.46,-0.07,40.40,NaN,NaN,NaN,NaN,NaN,NaN,NaN,NaN,NaN,NaN
191.13,36.02,29.07,36.00,20.00,AUTO,0,40,NaN,-1.00,41.46,-0.07,40.40,NaN,NaN,NaN,NaN,NaN,NaN,NaN,NaN,NaN,NaN
192.13,36.02,29.07,36.00,20.00,AUTO,0,40,NaN,-1.00,41.46,-0.07,40.40,NaN,NaN,NaN,NaN,NaN,NaN,NaN,NaN,NaN,NaN
193.14,36.02,29.07,36.00,20.00,AUTO,0,40,NaN,-1.00,41.46,-0.07,40.40,NaN,NaN,NaN,NaN,NaN,NaN,NaN,NaN,NaN,NaN
194.14,36.02,29.07,36.00,20.00,AUTO,0,40,NaN,-1.00,41.46,-0.07,40.40,NaN,NaN,NaN,NaN,NaN,NaN,NaN,NaN,NaN,NaN
195.14,36.02,29.11,36.00,20.00,AUTO,0,40,NaN,-1.00,41.46,-0.07,40.40,NaN,NaN,NaN,NaN,NaN,NaN,NaN,NaN,NaN,NaN
196.14,36.02,29.11,36.00,20.00,AUTO,0,40,NaN,-1.00,41.34,0.00,40.34,NaN,NaN,NaN,NaN,NaN,NaN,NaN,NaN,NaN,NaN
197.14,36.02,29.11,36.00,20.00,AUTO,0,40,NaN,-1.00,41.34,0.00,40.34,NaN,NaN,NaN,NaN,NaN,NaN,NaN,NaN,NaN,NaN
198.14,36.02,29.11,36.00,20.00,AUTO,0,40,NaN,-1.00,41.34,0.00,40.34,NaN,NaN,NaN,NaN,NaN,NaN,NaN,NaN,NaN,NaN
199.14,36.02,29.11,36.00,20.00,AUTO,0,40,NaN,-1.00,41.34,0.00,40.34,NaN,NaN,NaN,NaN,NaN,NaN,NaN,NaN,NaN,NaN
200.15,36.02,29.11,36.00,20.00,AUTO,0,40,NaN,-1.00,41.34,0.00,40.34,NaN,NaN,NaN,NaN,NaN,NaN,NaN,NaN,NaN,NaN
201.15,36.02,29.11,36.00,20.00,AUTO,0,40,NaN,-1.00,41.34,0.00,40.34,NaN,NaN,NaN,NaN,NaN,NaN,NaN,NaN,NaN,NaN
202.15,36.02,29.11,36.00,20.00,AUTO,0,40,NaN,-1.00,41.34,0.00,40.34,NaN,NaN,NaN,NaN,NaN,NaN,NaN,NaN,NaN,NaN
203.15,36.02,29.15,36.00,20.00,AUTO,0,40,NaN,-1.00,41.34,0.00,40.34,NaN,NaN,NaN,NaN,NaN,NaN,NaN,NaN,NaN,NaN
204.15,36.02,29.15,36.00,20.00,AUTO,0,40,NaN,-1.00,41.34,0.00,40.34,NaN,NaN,NaN,NaN,NaN,NaN,NaN,NaN,NaN,NaN
205.15,36.02,29.15,36.00,20.00,AUTO,0,40,NaN,-1.00,41.34,0.00,40.34,NaN,NaN,NaN,NaN,NaN,NaN,NaN,NaN,NaN,NaN
206.16,36.02,29.15,36.00,20.00,AUTO,0,40,NaN,-1.00,41.34,0.00,40.34,NaN,NaN,NaN,NaN,NaN,NaN,NaN,NaN,NaN,NaN
207.16,36.02,29.15,36.00,20.00,AUTO,0,40,NaN,-1.00,41.34,0.00,40.34,NaN,NaN,NaN,NaN,NaN,NaN,NaN,NaN,NaN,NaN
208.16,36.02,29.15,36.00,20.00,AUTO,0,40,NaN,-1.00,41.34,0.00,40.34,NaN,NaN,NaN,NaN,NaN,NaN,NaN,NaN,NaN,NaN
209.16,36.02,29.15,36.00,20.00,AUTO,0,40,NaN,-1.00,41.34,0.00,40.34,NaN,NaN,NaN,NaN,NaN,NaN,NaN,NaN,NaN,NaN
210.16,36.02,29.15,36.00,20.00,AUTO,0,40,NaN,-1.00,41.34,0.00,40.34,NaN,NaN,NaN,NaN,NaN,NaN,NaN,NaN,NaN,NaN
211.17,36.02,29.15,36.00,20.00,AUTO,0,40,NaN,-1.00,41.22,0.00,40.22,NaN,NaN,NaN,NaN,NaN,NaN,NaN,NaN,NaN,NaN
212.17,36.02,29.15,36.00,20.00,AUTO,0,40,NaN,-1.00,41.22,0.00,40.22,NaN,NaN,NaN,NaN,NaN,NaN,NaN,NaN,NaN,NaN
213.16,36.02,29.15,36.00,20.00,AUTO,0,40,NaN,-1.00,41.22,0.00,40.22,NaN,NaN,NaN,NaN,NaN,NaN,NaN,NaN,NaN,NaN
214.17,36.02,29.19,36.00,20.00,AUTO,0,40,NaN,-1.00,41.22,0.00,40.22,NaN,NaN,NaN,NaN,NaN,NaN,NaN,NaN,NaN,NaN
215.17,36.02,29.19,36.00,20.00,AUTO,0,40,NaN,-1.00,41.22,0.00,40.22,NaN,NaN,NaN,NaN,NaN,NaN,NaN,NaN,NaN,NaN
216.17,36.02,29.19,36.00,20.00,AUTO,0,40,NaN,-1.00,41.22,0.00,40.22,NaN,NaN,NaN,NaN,NaN,NaN,NaN,NaN,NaN,NaN
217.17,36.02,29.19,36.00,20.00,AUTO,0,40,NaN,-1.00,41.22,0.00,40.22,NaN,NaN,NaN,NaN,NaN,NaN,NaN,NaN,NaN,NaN
218.17,36.02,29.19,36.00,20.00,AUTO,0,40,NaN,-1.00,41.22,0.00,40.22,NaN,NaN,NaN,NaN,NaN,NaN,NaN,NaN,NaN,NaN
219.18,36.02,29.23,36.00,20.00,AUTO,0,40,NaN,-1.00,41.22,0.00,40.22,NaN,NaN,NaN,NaN,NaN,NaN,NaN,NaN,NaN,NaN
220.18,36.02,29.23,36.00,20.00,AUTO,0,40,NaN,-1.00,41.22,0.00,40.22,NaN,NaN,NaN,NaN,NaN,NaN,NaN,NaN,NaN,NaN
221.18,36.02,29.23,36.00,20.00,AUTO,0,40,NaN,-1.00,41.22,0.00,40.22,NaN,NaN,NaN,NaN,NaN,NaN,NaN,NaN,NaN,NaN
222.18,36.02,29.23,36.00,20.00,AUTO,0,40,NaN,-1.00,41.22,0.00,40.22,NaN,NaN,NaN,NaN,NaN,NaN,NaN,NaN,NaN,NaN
223.18,36.02,29.23,36.00,20.00,AUTO,0,40,NaN,-1.00,41.22,0.00,40.22,NaN,NaN,NaN,NaN,NaN,NaN,NaN,NaN,NaN,NaN
224.18,36.02,29.23,36.00,20.00,AUTO,0,40,NaN,-1.00,41.22,0.00,40.22,NaN,NaN,NaN,NaN,NaN,NaN,NaN,NaN,NaN,NaN
225.19,36.02,29.23,36.00,20.00,AUTO,0,40,NaN,-1.00,41.22,0.00,40.22,NaN,NaN,NaN,NaN,NaN,NaN,NaN,NaN,NaN,NaN
226.19,36.02,29.23,36.00,20.00,AUTO,0,40,NaN,-1.00,41.10,0.00,40.10,NaN,NaN,NaN,NaN,NaN,NaN,NaN,NaN,NaN,NaN
227.19,36.02,29.23,36.00,20.00,AUTO,0,40,NaN,-1.00,41.10,0.00,40.10,NaN,NaN,NaN,NaN,NaN,NaN,NaN,NaN,NaN,NaN
228.19,36.02,29.23,36.00,20.00,AUTO,0,40,NaN,-1.00,41.10,0.00,40.10,NaN,NaN,NaN,NaN,NaN,NaN,NaN,NaN,NaN,NaN
229.19,36.02,29.23,36.00,20.00,AUTO,0,40,NaN,-1.00,41.10,0.00,40.10,NaN,NaN,NaN,NaN,NaN,NaN,NaN,NaN,NaN,NaN
230.19,36.02,29.27,36.00,20.00,AUTO,0,40,NaN,-1.00,41.10,0.00,40.10,NaN,NaN,NaN,NaN,NaN,NaN,NaN,NaN,NaN,NaN
231.20,36.02,29.27,36.00,20.00,AUTO,0,40,NaN,-1.00,41.10,0.00,40.10,NaN,NaN,NaN,NaN,NaN,NaN,NaN,NaN,NaN,NaN
232.20,36.02,29.27,36.00,20.00,AUTO,0,40,NaN,-1.00,41.10,0.00,40.10,NaN,NaN,NaN,NaN,NaN,NaN,NaN,NaN,NaN,NaN
233.20,36.02,29.27,36.00,20.00,AUTO,0,40,NaN,-1.00,41.10,0.00,40.10,NaN,NaN,NaN,NaN,NaN,NaN,NaN,NaN,NaN,NaN
234.20,36.02,29.27,36.00,20.00,AUTO,0,40,NaN,-1.00,41.10,0.00,40.10,NaN,NaN,NaN,NaN,NaN,NaN,NaN,NaN,NaN,NaN
235.20,36.02,29.27,36.00,20.00,AUTO,0,40,NaN,-1.00,41.10,0.00,40.10,NaN,NaN,NaN,NaN,NaN,NaN,NaN,NaN,NaN,NaN
236.20,36.02,29.27,36.00,20.00,AUTO,0,40,NaN,-1.00,41.10,0.00,40.10,NaN,NaN,NaN,NaN,NaN,NaN,NaN,NaN,NaN,NaN
237.20,36.02,29.27,36.00,20.00,AUTO,0,40,NaN,-1.00,41.10,0.00,40.10,NaN,NaN,NaN,NaN,NaN,NaN,NaN,NaN,NaN,NaN
238.21,36.02,29.27,36.00,20.00,AUTO,0,40,NaN,-1.00,41.10,0.00,40.10,NaN,NaN,NaN,NaN,NaN,NaN,NaN,NaN,NaN,NaN
239.21,36.02,29.27,36.00,20.00,AUTO,0,40,NaN,-1.00,41.10,0.00,40.10,NaN,NaN,NaN,NaN,NaN,NaN,NaN,NaN,NaN,NaN
240.21,36.02,29.27,36.00,20.00,AUTO,0,40,NaN,-1.00,41.10,0.00,40.10,NaN,NaN,NaN,NaN,NaN,NaN,NaN,NaN,NaN,NaN
241.21,36.02,29.31,36.00,20.00,AUTO,0,40,NaN,-1.00,40.98,0.00,39.98,NaN,NaN,NaN,NaN,NaN,NaN,NaN,NaN,NaN,NaN
242.21,36.02,29.31,36.00,20.00,AUTO,0,40,NaN,-1.00,40.98,0.00,39.98,NaN,NaN,NaN,NaN,NaN,NaN,NaN,NaN,NaN,NaN
243.21,36.02,29.31,36.00,20.00,AUTO,0,40,NaN,-1.00,40.98,0.00,39.98,NaN,NaN,NaN,NaN,NaN,NaN,NaN,NaN,NaN,NaN
244.21,36.02,29.31,36.00,20.00,AUTO,0,40,NaN,-1.00,40.98,0.00,39.98,NaN,NaN,NaN,NaN,NaN,NaN,NaN,NaN,NaN,NaN
245.22,36.02,29.31,36.00,20.00,AUTO,0,40,NaN,-1.00,40.98,0.00,39.98,NaN,NaN,NaN,NaN,NaN,NaN,NaN,NaN,NaN,NaN
246.22,36.02,29.31,36.00,20.00,AUTO,0,40,NaN,-1.00,40.98,0.00,39.98,NaN,NaN,NaN,NaN,NaN,NaN,NaN,NaN,NaN,NaN
247.22,36.02,29.31,36.00,20.00,AUTO,0,40,NaN,-1.00,40.98,0.00,39.98,NaN,NaN,NaN,NaN,NaN,NaN,NaN,NaN,NaN,NaN
248.22,36.02,29.31,36.00,20.00,AUTO,0,40,NaN,-1.00,40.98,0.00,39.98,NaN,NaN,NaN,NaN,NaN,NaN,NaN,NaN,NaN,NaN
249.22,36.02,29.35,36.00,20.00,AUTO,0,40,NaN,-1.00,40.98,0.00,39.98,NaN,NaN,NaN,NaN,NaN,NaN,NaN,NaN,NaN,NaN
250.22,36.02,29.35,36.00,20.00,AUTO,0,40,NaN,-1.00,40.98,0.00,39.98,NaN,NaN,NaN,NaN,NaN,NaN,NaN,NaN,NaN,NaN
251.23,36.02,29.35,36.00,20.00,AUTO,0,40,NaN,-1.00,40.98,0.00,39.98,NaN,NaN,NaN,NaN,NaN,NaN,NaN,NaN,NaN,NaN
252.23,36.02,29.35,36.00,20.00,AUTO,0,40,NaN,-1.00,40.98,0.00,39.98,NaN,NaN,NaN,NaN,NaN,NaN,NaN,NaN,NaN,NaN
253.23,36.02,29.35,36.00,20.00,AUTO,0,40,NaN,-1.00,40.98,0.00,39.98,NaN,NaN,NaN,NaN,NaN,NaN,NaN,NaN,NaN,NaN
254.23,36.02,29.35,36.00,20.00,AUTO,0,40,NaN,-1.00,40.98,0.00,39.98,NaN,NaN,NaN,NaN,NaN,NaN,NaN,NaN,NaN,NaN
255.23,36.02,29.39,36.00,20.00,AUTO,0,40,NaN,-1.00,40.98,0.00,39.98,NaN,NaN,NaN,NaN,NaN,NaN,NaN,NaN,NaN,NaN
256.24,36.02,29.39,36.00,20.00,AUTO,0,40,NaN,-1.00,40.86,0.00,39.86,NaN,NaN,NaN,NaN,NaN,NaN,NaN,NaN,NaN,NaN
257.24,36.02,29.39,36.00,20.00,AUTO,0,40,NaN,-1.00,40.86,0.00,39.86,NaN,NaN,NaN,NaN,NaN,NaN,NaN,NaN,NaN,NaN
258.24,36.00,29.39,36.00,20.00,AUTO,0,40,NaN,-1.00,40.86,0.00,39.86,NaN,NaN,NaN,NaN,NaN,NaN,NaN,NaN,NaN,NaN
259.24,35.98,29.43,36.00,20.00,AUTO,0,40,NaN,-1.00,40.86,0.00,39.86,NaN,NaN,NaN,NaN,NaN,NaN,NaN,NaN,NaN,NaN
260.24,35.98,29.43,36.00,20.00,AUTO,0,40,NaN,-1.00,40.86,0.00,39.86,NaN,NaN,NaN,NaN,NaN,NaN,NaN,NaN,NaN,NaN
261.24,35.98,29.43,36.00,20.00,AUTO,0,40,NaN,-1.00,40.86,0.00,39.86,NaN,NaN,NaN,NaN,NaN,NaN,NaN,NaN,NaN,NaN
262.25,36.02,29.43,36.00,20.00,AUTO,0,40,NaN,-1.00,40.86,0.00,39.86,NaN,NaN,NaN,NaN,NaN,NaN,NaN,NaN,NaN,NaN
263.24,36.02,29.43,36.00,20.00,AUTO,0,40,NaN,-1.00,40.86,0.00,39.86,NaN,NaN,NaN,NaN,NaN,NaN,NaN,NaN,NaN,NaN
264.25,36.00,29.43,36.00,20.00,AUTO,0,40,NaN,-1.00,40.86,0.00,39.86,NaN,NaN,NaN,NaN,NaN,NaN,NaN,NaN,NaN,NaN
265.25,36.00,29.43,36.00,20.00,AUTO,0,40,NaN,-1.00,40.86,0.00,39.86,NaN,NaN,NaN,NaN,NaN,NaN,NaN,NaN,NaN,NaN
266.25,35.99,29.48,36.00,20.00,AUTO,0,40,NaN,-1.00,40.86,0.00,39.86,NaN,NaN,NaN,NaN,NaN,NaN,NaN,NaN,NaN,NaN
267.25,35.99,29.48,36.00,20.00,AUTO,0,40,NaN,-1.00,40.86,0.00,39.86,NaN,NaN,NaN,NaN,NaN,NaN,NaN,NaN,NaN,NaN
268.25,35.98,29.48,36.00,20.00,AUTO,0,40,NaN,-1.00,40.86,0.00,39.86,NaN,NaN,NaN,NaN,NaN,NaN,NaN,NaN,NaN,NaN
269.25,35.98,29.48,36.00,20.00,AUTO,0,40,NaN,-1.00,40.86,0.00,39.86,NaN,NaN,NaN,NaN,NaN,NaN,NaN,NaN,NaN,NaN
270.26,35.97,29.48,36.00,20.00,AUTO,0,40,NaN,-1.00,40.86,0.00,39.86,NaN,NaN,NaN,NaN,NaN,NaN,NaN,NaN,NaN,NaN
271.26,35.94,29.48,36.00,20.00,AUTO,0,43,NaN,1.25,40.89,1.15,43.29,NaN,NaN,NaN,NaN,NaN,NaN,NaN,NaN,NaN,NaN
272.26,35.95,29.51,36.00,20.00,AUTO,0,43,NaN,1.25,40.89,1.15,43.29,NaN,NaN,NaN,NaN,NaN,NaN,NaN,NaN,NaN,NaN
273.26,35.94,29.51,36.00,20.00,AUTO,0,43,NaN,1.25,40.89,1.15,43.29,NaN,NaN,NaN,NaN,NaN,NaN,NaN,NaN,NaN,NaN
274.26,35.94,29.51,36.00,20.00,AUTO,0,43,NaN,1.25,40.89,1.15,43.29,NaN,NaN,NaN,NaN,NaN,NaN,NaN,NaN,NaN,NaN
275.27,35.94,29.51,36.00,20.00,AUTO,0,43,NaN,1.25,40.89,1.15,43.29,NaN,NaN,NaN,NaN,NaN,NaN,NaN,NaN,NaN,NaN
276.26,35.94,29.51,36.00,20.00,AUTO,0,43,NaN,1.25,40.89,1.15,43.29,NaN,NaN,NaN,NaN,NaN,NaN,NaN,NaN,NaN,NaN
277.27,35.94,29.51,36.00,20.00,AUTO,0,43,NaN,1.25,40.89,1.15,43.29,NaN,NaN,NaN,NaN,NaN,NaN,NaN,NaN,NaN,NaN
278.27,35.96,29.51,36.00,20.00,AUTO,0,43,NaN,1.25,40.89,1.15,43.29,NaN,NaN,NaN,NaN,NaN,NaN,NaN,NaN,NaN,NaN
279.27,35.96,29.51,36.00,20.00,AUTO,0,43,NaN,1.25,40.89,1.15,43.29,NaN,NaN,NaN,NaN,NaN,NaN,NaN,NaN,NaN,NaN
280.28,35.96,29.51,36.00,20.00,AUTO,0,43,NaN,1.25,40.89,1.15,43.29,NaN,NaN,NaN,NaN,NaN,NaN,NaN,NaN,NaN,NaN
281.27,35.96,29.55,36.00,20.00,AUTO,0,43,NaN,1.25,40.89,1.15,43.29,NaN,NaN,NaN,NaN,NaN,NaN,NaN,NaN,NaN,NaN
282.27,35.95,29.55,36.00,20.00,AUTO,0,43,NaN,1.25,40.89,1.15,43.29,NaN,NaN,NaN,NaN,NaN,NaN,NaN,NaN,NaN,NaN
283.28,35.96,29.55,36.00,20.00,AUTO,0,43,NaN,1.25,40.89,1.15,43.29,NaN,NaN,NaN,NaN,NaN,NaN,NaN,NaN,NaN,NaN
284.28,35.95,29.55,36.00,20.00,AUTO,0,43,NaN,1.25,40.89,1.15,43.29,NaN,NaN,NaN,NaN,NaN,NaN,NaN,NaN,NaN,NaN
285.28,35.95,29.55,36.00,20.00,AUTO,0,43,NaN,1.25,40.89,1.15,43.29,NaN,NaN,NaN,NaN,NaN,NaN,NaN,NaN,NaN,NaN
286.28,35.92,29.55,36.00,20.00,AUTO,0,44,NaN,2.50,41.20,0.71,44.41,NaN,NaN,NaN,NaN,NaN,NaN,NaN,NaN,NaN,NaN
287.28,35.92,29.60,36.00,20.00,AUTO,0,44,NaN,2.50,41.20,0.71,44.41,NaN,NaN,NaN,NaN,NaN,NaN,NaN,NaN,NaN,NaN
288.28,35.92,29.60,36.00,20.00,AUTO,0,44,NaN,2.50,41.20,0.71,44.41,NaN,NaN,NaN,NaN,NaN,NaN,NaN,NaN,NaN,NaN
289.29,35.92,29.60,36.00,20.00,AUTO,0,44,NaN,2.50,41.20,0.71,44.41,NaN,NaN,NaN,NaN,NaN,NaN,NaN,NaN,NaN,NaN
290.29,35.90,29.60,36.00,20.00,AUTO,0,44,NaN,2.50,41.20,0.71,44.41,NaN,NaN,NaN,NaN,NaN,NaN,NaN,NaN,NaN,NaN
291.29,35.90,29.60,36.00,20.00,AUTO,0,44,NaN,2.50,41.20,0.71,44.41,NaN,NaN,NaN,NaN,NaN,NaN,NaN,NaN,NaN,NaN
292.29,35.90,29.60,36.00,20.00,AUTO,0,44,NaN,2.50,41.20,0.71,44.41,NaN,NaN,NaN,NaN,NaN,NaN,NaN,NaN,NaN,NaN
293.29,35.92,29.64,36.00,20.00,AUTO,0,44,NaN,2.50,41.20,0.71,44.41,NaN,NaN,NaN,NaN,NaN,NaN,NaN,NaN,NaN,NaN
294.29,35.92,29.64,36.00,20.00,AUTO,0,44,NaN,2.50,41.20,0.71,44.41,NaN,NaN,NaN,NaN,NaN,NaN,NaN,NaN,NaN,NaN
295.29,35.92,29.64,36.00,20.00,AUTO,0,44,NaN,2.50,41.20,0.71,44.41,NaN,NaN,NaN,NaN,NaN,NaN,NaN,NaN,NaN,NaN
296.30,35.92,29.64,36.00,20.00,AUTO,0,44,NaN,2.50,41.20,0.71,44.41,NaN,NaN,NaN,NaN,NaN,NaN,NaN,NaN,NaN,NaN
297.30,35.92,29.64,36.00,20.00,AUTO,0,44,NaN,2.50,41.20,0.71,44.41,NaN,NaN,NaN,NaN,NaN,NaN,NaN,NaN,NaN,NaN
298.30,35.92,29.64,36.00,20.00,AUTO,0,44,NaN,2.50,41.20,0.71,44.41,NaN,NaN,NaN,NaN,NaN,NaN,NaN,NaN,NaN,NaN
299.30,35.92,29.68,36.00,20.00,AUTO,0,44,NaN,2.50,41.20,0.71,44.41,NaN,NaN,NaN,NaN,NaN,NaN,NaN,NaN,NaN,NaN
300.30,35.90,29.68,36.00,20.00,AUTO,0,44,NaN,2.50,41.20,0.71,44.41,NaN,NaN,NaN,NaN,NaN,NaN,NaN,NaN,NaN,NaN
301.31,35.88,29.68,36.00,20.00,AUTO,0,47,NaN,4.50,41.71,1.14,47.35,NaN,NaN,NaN,NaN,NaN,NaN,NaN,NaN,NaN,NaN
302.31,35.88,29.68,36.00,20.00,AUTO,0,47,NaN,4.50,41.71,1.14,47.35,NaN,NaN,NaN,NaN,NaN,NaN,NaN,NaN,NaN,NaN
303.31,35.88,29.68,36.00,20.00,AUTO,0,47,NaN,4.50,41.71,1.14,47.35,NaN,NaN,NaN,NaN,NaN,NaN,NaN,NaN,NaN,NaN
304.31,35.88,29.68,36.00,20.00,AUTO,0,47,NaN,4.50,41.71,1.14,47.35,NaN,NaN,NaN,NaN,NaN,NaN,NaN,NaN,NaN,NaN
305.31,35.87,29.68,36.00,20.00,AUTO,0,47,NaN,4.50,41.71,1.14,47.35,NaN,NaN,NaN,NaN,NaN,NaN,NaN,NaN,NaN,NaN
306.31,35.87,29.72,36.00,20.00,AUTO,0,47,NaN,4.50,41.71,1.14,47.35,NaN,NaN,NaN,NaN,NaN,NaN,NaN,NaN,NaN,NaN
307.32,35.88,29.72,36.00,20.00,AUTO,0,47,NaN,4.50,41.71,1.14,47.35,NaN,NaN,NaN,NaN,NaN,NaN,NaN,NaN,NaN,NaN
308.32,35.88,29.72,36.00,20.00,AUTO,0,47,NaN,4.50,41.71,1.14,47.35,NaN,NaN,NaN,NaN,NaN,NaN,NaN,NaN,NaN,NaN
309.32,35.89,29.72,36.00,20.00,AUTO,0,47,NaN,4.50,41.71,1.14,47.35,NaN,NaN,NaN,NaN,NaN,NaN,NaN,NaN,NaN,NaN
310.32,35.89,29.72,36.00,20.00,AUTO,0,47,NaN,4.50,41.71,1.14,47.35,NaN,NaN,NaN,NaN,NaN,NaN,NaN,NaN,NaN,NaN
311.32,35.89,29.72,36.00,20.00,AUTO,0,47,NaN,4.50,41.71,1.14,47.35,NaN,NaN,NaN,NaN,NaN,NaN,NaN,NaN,NaN,NaN
312.33,35.89,29.72,36.00,20.00,AUTO,0,47,NaN,4.50,41.71,1.14,47.35,NaN,NaN,NaN,NaN,NaN,NaN,NaN,NaN,NaN,NaN
313.32,35.89,29.72,36.00,20.00,AUTO,0,47,NaN,4.50,41.71,1.14,47.35,NaN,NaN,NaN,NaN,NaN,NaN,NaN,NaN,NaN,NaN
314.32,35.89,29.72,36.00,20.00,AUTO,0,47,NaN,4.50,41.71,1.14,47.35,NaN,NaN,NaN,NaN,NaN,NaN,NaN,NaN,NaN,NaN
315.33,35.89,29.80,36.00,20.00,AUTO,0,47,NaN,4.50,41.71,1.14,47.35,NaN,NaN,NaN,NaN,NaN,NaN,NaN,NaN,NaN,NaN
316.33,35.86,29.80,36.00,20.00,AUTO,0,49,NaN,5.50,42.41,0.70,48.61,NaN,NaN,NaN,NaN,NaN,NaN,NaN,NaN,NaN,NaN
317.33,35.87,29.80,36.00,20.00,AUTO,0,49,NaN,5.50,42.41,0.70,48.61,NaN,NaN,NaN,NaN,NaN,NaN,NaN,NaN,NaN,NaN
318.33,35.87,29.80,36.00,20.00,AUTO,0,49,NaN,5.50,42.41,0.70,48.61,NaN,NaN,NaN,NaN,NaN,NaN,NaN,NaN,NaN,NaN
319.33,35.87,29.80,36.00,20.00,AUTO,0,49,NaN,5.50,42.41,0.70,48.61,NaN,NaN,NaN,NaN,NaN,NaN,NaN,NaN,NaN,NaN
320.33,35.87,29.80,36.00,20.00,AUTO,0,49,NaN,5.50,42.41,0.70,48.61,NaN,NaN,NaN,NaN,NaN,NaN,NaN,NaN,NaN,NaN
321.34,35.87,29.80,36.00,20.00,AUTO,0,49,NaN,5.50,42.41,0.70,48.61,NaN,NaN,NaN,NaN,NaN,NaN,NaN,NaN,NaN,NaN
322.34,35.87,29.80,36.00,20.00,AUTO,0,49,NaN,5.50,42.41,0.70,48.61,NaN,NaN,NaN,NaN,NaN,NaN,NaN,NaN,NaN,NaN
323.34,35.87,29.80,36.00,20.00,AUTO,0,49,NaN,5.50,42.41,0.70,48.61,NaN,NaN,NaN,NaN,NaN,NaN,NaN,NaN,NaN,NaN
324.34,35.89,29.80,36.00,20.00,AUTO,0,49,NaN,5.50,42.41,0.70,48.61,NaN,NaN,NaN,NaN,NaN,NaN,NaN,NaN,NaN,NaN
325.34,35.89,29.80,36.00,20.00,AUTO,0,49,NaN,5.50,42.41,0.70,48.61,NaN,NaN,NaN,NaN,NaN,NaN,NaN,NaN,NaN,NaN
326.35,35.89,29.84,36.00,20.00,AUTO,0,49,NaN,5.50,42.41,0.70,48.61,NaN,NaN,NaN,NaN,NaN,NaN,NaN,NaN,NaN,NaN
327.34,35.90,29.84,36.00,20.00,AUTO,0,49,NaN,5.50,42.41,0.70,48.61,NaN,NaN,NaN,NaN,NaN,NaN,NaN,NaN,NaN,NaN
328.35,35.90,29.84,36.00,20.00,AUTO,0,49,NaN,5.50,42.41,0.70,48.61,NaN,NaN,NaN,NaN,NaN,NaN,NaN,NaN,NaN,NaN
329.35,35.92,29.84,36.00,20.00,AUTO,0,49,NaN,5.50,42.41,0.70,48.61,NaN,NaN,NaN,NaN,NaN,NaN,NaN,NaN,NaN,NaN
330.35,35.92,29.84,36.00,20.00,AUTO,0,49,NaN,5.50,42.41,0.70,48.61,NaN,NaN,NaN,NaN,NaN,NaN,NaN,NaN,NaN,NaN
331.35,35.88,29.84,36.00,20.00,AUTO,0,46,NaN,4.00,43.10,-0.67,46.44,NaN,NaN,NaN,NaN,NaN,NaN,NaN,NaN,NaN,NaN
332.35,35.88,29.84,36.00,20.00,AUTO,0,46,NaN,4.00,43.10,-0.67,46.44,NaN,NaN,NaN,NaN,NaN,NaN,NaN,NaN,NaN,NaN
333.36,35.88,29.84,36.00,20.00,AUTO,0,46,NaN,4.00,43.10,-0.67,46.44,NaN,NaN,NaN,NaN,NaN,NaN,NaN,NaN,NaN,NaN
334.36,35.88,29.84,36.00,20.00,AUTO,0,46,NaN,4.00,43.10,-0.67,46.44,NaN,NaN,NaN,NaN,NaN,NaN,NaN,NaN,NaN,NaN
335.36,35.88,29.84,36.00,20.00,AUTO,0,46,NaN,4.00,43.10,-0.67,46.44,NaN,NaN,NaN,NaN,NaN,NaN,NaN,NaN,NaN,NaN
336.36,35.87,29.84,36.00,20.00,AUTO,0,46,NaN,4.00,43.10,-0.67,46.44,NaN,NaN,NaN,NaN,NaN,NaN,NaN,NaN,NaN,NaN
337.36,35.88,29.84,36.00,20.00,AUTO,0,46,NaN,4.00,43.10,-0.67,46.44,NaN,NaN,NaN,NaN,NaN,NaN,NaN,NaN,NaN,NaN
338.36,35.89,29.88,36.00,20.00,AUTO,0,46,NaN,4.00,43.10,-0.67,46.44,NaN,NaN,NaN,NaN,NaN,NaN,NaN,NaN,NaN,NaN
339.37,35.90,29.88,36.00,20.00,AUTO,0,46,NaN,4.00,43.10,-0.67,46.44,NaN,NaN,NaN,NaN,NaN,NaN,NaN,NaN,NaN,NaN
340.37,35.90,29.88,36.00,20.00,AUTO,0,46,NaN,4.00,43.10,-0.67,46.44,NaN,NaN,NaN,NaN,NaN,NaN,NaN,NaN,NaN,NaN
341.37,35.89,29.88,36.00,20.00,AUTO,0,46,NaN,4.00,43.10,-0.67,46.44,NaN,NaN,NaN,NaN,NaN,NaN,NaN,NaN,NaN,NaN
342.37,35.89,29.88,36.00,20.00,AUTO,0,46,NaN,4.00,43.10,-0.67,46.44,NaN,NaN,NaN,NaN,NaN,NaN,NaN,NaN,NaN,NaN
343.37,35.90,29.88,36.00,20.00,AUTO,0,46,NaN,4.00,43.10,-0.67,46.44,NaN,NaN,NaN,NaN,NaN,NaN,NaN,NaN,NaN,NaN
344.37,35.90,29.88,36.00,20.00,AUTO,0,46,NaN,4.00,43.10,-0.67,46.44,NaN,NaN,NaN,NaN,NaN,NaN,NaN,NaN,NaN,NaN
345.37,35.90,29.88,36.00,20.00,AUTO,0,46,NaN,4.00,43.10,-0.67,46.44,NaN,NaN,NaN,NaN,NaN,NaN,NaN,NaN,NaN,NaN
346.38,35.87,29.88,36.00,20.00,AUTO,0,49,NaN,5.00,43.78,0.06,48.84,NaN,NaN,NaN,NaN,NaN,NaN,NaN,NaN,NaN,NaN
347.38,35.88,29.88,36.00,20.00,AUTO,0,49,NaN,5.00,43.78,0.06,48.84,NaN,NaN,NaN,NaN,NaN,NaN,NaN,NaN,NaN,NaN
348.38,35.88,29.88,36.00,20.00,AUTO,0,49,NaN,5.00,43.78,0.06,48.84,NaN,NaN,NaN,NaN,NaN,NaN,NaN,NaN,NaN,NaN
349.38,35.87,29.88,36.00,20.00,AUTO,0,49,NaN,5.00,43.78,0.06,48.84,NaN,NaN,NaN,NaN,NaN,NaN,NaN,NaN,NaN,NaN
350.38,35.87,29.92,36.00,20.00,AUTO,0,49,NaN,5.00,43.78,0.06,48.84,NaN,NaN,NaN,NaN,NaN,NaN,NaN,NaN,NaN,NaN
351.38,35.88,29.92,36.00,20.00,AUTO,0,49,NaN,5.00,43.78,0.06,48.84,NaN,NaN,NaN,NaN,NaN,NaN,NaN,NaN,NaN,NaN
352.39,35.87,29.92,36.00,20.00,AUTO,0,49,NaN,5.00,43.78,0.06,48.84,NaN,NaN,NaN,NaN,NaN,NaN,NaN,NaN,NaN,NaN
353.39,35.88,29.92,36.00,20.00,AUTO,0,49,NaN,5.00,43.78,0.06,48.84,NaN,NaN,NaN,NaN,NaN,NaN,NaN,NaN,NaN,NaN
354.39,35.90,29.92,36.00,20.00,AUTO,0,49,NaN,5.00,43.78,0.06,48.84,NaN,NaN,NaN,NaN,NaN,NaN,NaN,NaN,NaN,NaN
355.39,35.90,29.92,36.00,20.00,AUTO,0,49,NaN,5.00,43.78,0.06,48.84,NaN,NaN,NaN,NaN,NaN,NaN,NaN,NaN,NaN,NaN
356.39,35.90,29.92,36.00,20.00,AUTO,0,49,NaN,5.00,43.78,0.06,48.84,NaN,NaN,NaN,NaN,NaN,NaN,NaN,NaN,NaN,NaN
357.39,35.92,29.92,36.00,20.00,AUTO,0,49,NaN,5.00,43.78,0.06,48.84,NaN,NaN,NaN,NaN,NaN,NaN,NaN,NaN,NaN,NaN
358.40,35.92,29.92,36.00,20.00,AUTO,0,49,NaN,5.00,43.78,0.06,48.84,NaN,NaN,NaN,NaN,NaN,NaN,NaN,NaN,NaN,NaN
359.46,35.92,29.92,36.00,20.00,AUTO,0,49,NaN,5.00,43.78,0.06,48.84,NaN,NaN,NaN,NaN,NaN,NaN,NaN,NaN,NaN,NaN
360.40,35.92,29.92,36.00,20.00,AUTO,0,49,NaN,5.00,43.78,0.06,48.84,NaN,NaN,NaN,NaN,NaN,NaN,NaN,NaN,NaN,NaN
361.40,35.90,29.92,36.00,20.00,AUTO,0,48,NaN,4.00,44.42,-0.77,47.65,NaN,NaN,NaN,NaN,NaN,NaN,NaN,NaN,NaN,NaN
362.40,35.90,29.92,36.00,20.00,AUTO,0,48,NaN,4.00,44.42,-0.77,47.65,NaN,NaN,NaN,NaN,NaN,NaN,NaN,NaN,NaN,NaN
363.40,35.89,29.92,36.00,20.00,AUTO,0,48,NaN,4.00,44.42,-0.77,47.65,NaN,NaN,NaN,NaN,NaN,NaN,NaN,NaN,NaN,NaN
364.40,35.90,29.92,36.00,20.00,AUTO,0,48,NaN,4.00,44.42,-0.77,47.65,NaN,NaN,NaN,NaN,NaN,NaN,NaN,NaN,NaN,NaN
365.41,35.90,29.92,36.00,20.00,AUTO,0,48,NaN,4.00,44.42,-0.77,47.65,NaN,NaN,NaN,NaN,NaN,NaN,NaN,NaN,NaN,NaN
366.41,35.90,29.92,36.00,20.00,AUTO,0,48,NaN,4.00,44.42,-0.77,47.65,NaN,NaN,NaN,NaN,NaN,NaN,NaN,NaN,NaN,NaN
367.41,35.90,29.92,36.00,20.00,AUTO,0,48,NaN,4.00,44.42,-0.77,47.65,NaN,NaN,NaN,NaN,NaN,NaN,NaN,NaN,NaN,NaN
368.41,35.90,29.92,36.00,20.00,AUTO,0,48,NaN,4.00,44.42,-0.77,47.65,NaN,NaN,NaN,NaN,NaN,NaN,NaN,NaN,NaN,NaN
369.41,35.93,29.92,36.00,20.00,AUTO,0,48,NaN,4.00,44.42,-0.77,47.65,NaN,NaN,NaN,NaN,NaN,NaN,NaN,NaN,NaN,NaN
370.41,35.94,29.92,36.00,20.00,AUTO,0,48,NaN,4.00,44.42,-0.77,47.65,NaN,NaN,NaN,NaN,NaN,NaN,NaN,NaN,NaN,NaN
371.42,35.94,29.92,36.00,20.00,AUTO,0,48,NaN,4.00,44.42,-0.77,47.65,NaN,NaN,NaN,NaN,NaN,NaN,NaN,NaN,NaN,NaN
372.42,35.95,29.92,36.00,20.00,AUTO,0,48,NaN,4.00,44.42,-0.77,47.65,NaN,NaN,NaN,NaN,NaN,NaN,NaN,NaN,NaN,NaN
373.42,35.95,29.92,36.00,20.00,AUTO,0,48,NaN,4.00,44.42,-0.77,47.65,NaN,NaN,NaN,NaN,NaN,NaN,NaN,NaN,NaN,NaN
374.42,35.95,29.92,36.00,20.00,AUTO,0,48,NaN,4.00,44.42,-0.77,47.65,NaN,NaN,NaN,NaN,NaN,NaN,NaN,NaN,NaN,NaN
375.42,35.95,29.92,36.00,20.00,AUTO,0,48,NaN,4.00,44.42,-0.77,47.65,NaN,NaN,NaN,NaN,NaN,NaN,NaN,NaN,NaN,NaN
376.43,35.93,29.92,36.00,20.00,AUTO,0,46,NaN,2.50,44.90,-1.18,46.22,NaN,NaN,NaN,NaN,NaN,NaN,NaN,NaN,NaN,NaN
377.42,35.94,29.92,36.00,20.00,AUTO,0,46,NaN,2.50,44.90,-1.18,46.22,NaN,NaN,NaN,NaN,NaN,NaN,NaN,NaN,NaN,NaN
378.43,35.94,29.92,36.00,20.00,AUTO,0,46,NaN,2.50,44.90,-1.18,46.22,NaN,NaN,NaN,NaN,NaN,NaN,NaN,NaN,NaN,NaN
379.43,35.94,29.92,36.00,20.00,AUTO,0,46,NaN,2.50,44.90,-1.18,46.22,NaN,NaN,NaN,NaN,NaN,NaN,NaN,NaN,NaN,NaN
380.43,35.94,29.96,36.00,20.00,AUTO,0,46,NaN,2.50,44.90,-1.18,46.22,NaN,NaN,NaN,NaN,NaN,NaN,NaN,NaN,NaN,NaN
381.43,35.94,29.92,36.00,20.00,AUTO,0,46,NaN,2.50,44.90,-1.18,46.22,NaN,NaN,NaN,NaN,NaN,NaN,NaN,NaN,NaN,NaN
382.43,35.94,29.96,36.00,20.00,AUTO,0,46,NaN,2.50,44.90,-1.18,46.22,NaN,NaN,NaN,NaN,NaN,NaN,NaN,NaN,NaN,NaN
383.43,35.98,29.96,36.00,20.00,AUTO,0,46,NaN,2.50,44.90,-1.18,46.22,NaN,NaN,NaN,NaN,NaN,NaN,NaN,NaN,NaN,NaN
384.44,35.98,29.96,36.00,20.00,AUTO,0,46,NaN,2.50,44.90,-1.18,46.22,NaN,NaN,NaN,NaN,NaN,NaN,NaN,NaN,NaN,NaN
385.44,36.00,29.96,36.00,20.00,AUTO,0,46,NaN,2.50,44.90,-1.18,46.22,NaN,NaN,NaN,NaN,NaN,NaN,NaN,NaN,NaN,NaN
386.44,36.02,29.92,36.00,20.00,AUTO,0,46,NaN,2.50,44.90,-1.18,46.22,NaN,NaN,NaN,NaN,NaN,NaN,NaN,NaN,NaN,NaN
387.44,36.02,29.92,36.00,20.00,AUTO,0,46,NaN,2.50,44.90,-1.18,46.22,NaN,NaN,NaN,NaN,NaN,NaN,NaN,NaN,NaN,NaN
388.44,36.02,29.92,36.00,20.00,AUTO,0,46,NaN,2.50,44.90,-1.18,46.22,NaN,NaN,NaN,NaN,NaN,NaN,NaN,NaN,NaN,NaN
389.44,36.02,29.92,36.00,20.00,AUTO,0,46,NaN,2.50,44.90,-1.18,46.22,NaN,NaN,NaN,NaN,NaN,NaN,NaN,NaN,NaN,NaN
390.45,36.02,29.92,36.00,20.00,AUTO,0,46,NaN,2.50,44.90,-1.18,46.22,NaN,NaN,NaN,NaN,NaN,NaN,NaN,NaN,NaN,NaN
391.45,35.98,29.92,36.00,20.00,AUTO,0,42,NaN,-1.00,45.05,-2.46,41.59,NaN,NaN,NaN,NaN,NaN,NaN,NaN,NaN,NaN,NaN
392.45,35.99,29.92,36.00,20.00,AUTO,0,42,NaN,-1.00,45.05,-2.46,41.59,NaN,NaN,NaN,NaN,NaN,NaN,NaN,NaN,NaN,NaN
393.45,36.00,29.96,36.00,20.00,AUTO,0,42,NaN,-1.00,45.05,-2.46,41.59,NaN,NaN,NaN,NaN,NaN,NaN,NaN,NaN,NaN,NaN
394.45,36.00,29.96,36.00,20.00,AUTO,0,42,NaN,-1.00,45.05,-2.46,41.59,NaN,NaN,NaN,NaN,NaN,NaN,NaN,NaN,NaN,NaN
395.46,36.02,29.96,36.00,20.00,AUTO,0,42,NaN,-1.00,45.05,-2.46,41.59,NaN,NaN,NaN,NaN,NaN,NaN,NaN,NaN,NaN,NaN
396.45,36.02,29.96,36.00,20.00,AUTO,0,42,NaN,-1.00,45.05,-2.46,41.59,NaN,NaN,NaN,NaN,NaN,NaN,NaN,NaN,NaN,NaN
397.46,36.00,29.96,36.00,20.00,AUTO,0,42,NaN,-1.00,45.05,-2.46,41.59,NaN,NaN,NaN,NaN,NaN,NaN,NaN,NaN,NaN,NaN
398.46,36.02,29.96,36.00,20.00,AUTO,0,42,NaN,-1.00,45.05,-2.46,41.59,NaN,NaN,NaN,NaN,NaN,NaN,NaN,NaN,NaN,NaN
399.46,36.02,29.96,36.00,20.00,AUTO,0,42,NaN,-1.00,45.05,-2.46,41.59,NaN,NaN,NaN,NaN,NaN,NaN,NaN,NaN,NaN,NaN
400.46,36.02,29.96,36.00,20.00,AUTO,0,42,NaN,-1.00,45.05,-2.46,41.59,NaN,NaN,NaN,NaN,NaN,NaN,NaN,NaN,NaN,NaN
401.46,36.02,29.96,36.00,20.00,AUTO,0,42,NaN,-1.00,45.05,-2.46,41.59,NaN,NaN,NaN,NaN,NaN,NaN,NaN,NaN,NaN,NaN
402.46,36.02,29.96,36.00,20.00,AUTO,0,42,NaN,-1.00,45.05,-2.46,41.59,NaN,NaN,NaN,NaN,NaN,NaN,NaN,NaN,NaN,NaN
403.47,36.02,29.96,36.00,20.00,AUTO,0,42,NaN,-1.00,45.05,-2.46,41.59,NaN,NaN,NaN,NaN,NaN,NaN,NaN,NaN,NaN,NaN
404.47,36.02,29.96,36.00,20.00,AUTO,0,42,NaN,-1.00,45.05,-2.46,41.59,NaN,NaN,NaN,NaN,NaN,NaN,NaN,NaN,NaN,NaN
405.47,36.02,29.96,36.00,20.00,AUTO,0,42,NaN,-1.00,45.05,-2.46,41.59,NaN,NaN,NaN,NaN,NaN,NaN,NaN,NaN,NaN,NaN
406.47,36.02,29.96,36.00,20.00,AUTO,0,44,NaN,-1.00,44.98,-0.25,43.73,NaN,NaN,NaN,NaN,NaN,NaN,NaN,NaN,NaN,NaN
407.47,36.02,29.96,36.00,20.00,AUTO,0,44,NaN,-1.00,44.98,-0.25,43.73,NaN,NaN,NaN,NaN,NaN,NaN,NaN,NaN,NaN,NaN
408.47,36.02,29.96,36.00,20.00,AUTO,0,44,NaN,-1.00,44.98,-0.25,43.73,NaN,NaN,NaN,NaN,NaN,NaN,NaN,NaN,NaN,NaN
409.48,36.02,29.96,36.00,20.00,AUTO,0,44,NaN,-1.00,44.98,-0.25,43.73,NaN,NaN,NaN,NaN,NaN,NaN,NaN,NaN,NaN,NaN
410.48,36.02,30.00,36.00,20.00,AUTO,0,44,NaN,-1.00,44.98,-0.25,43.73,NaN,NaN,NaN,NaN,NaN,NaN,NaN,NaN,NaN,NaN
411.48,36.02,30.00,36.00,20.00,AUTO,0,44,NaN,-1.00,44.98,-0.25,43.73,NaN,NaN,NaN,NaN,NaN,NaN,NaN,NaN,NaN,NaN
412.48,36.02,30.00,36.00,20.00,AUTO,0,44,NaN,-1.00,44.98,-0.25,43.73,NaN,NaN,NaN,NaN,NaN,NaN,NaN,NaN,NaN,NaN
413.48,36.02,30.00,36.00,20.00,AUTO,0,44,NaN,-1.00,44.98,-0.25,43.73,NaN,NaN,NaN,NaN,NaN,NaN,NaN,NaN,NaN,NaN
414.48,36.02,30.00,36.00,20.00,AUTO,0,44,NaN,-1.00,44.98,-0.25,43.73,NaN,NaN,NaN,NaN,NaN,NaN,NaN,NaN,NaN,NaN
415.48,36.02,30.00,36.00,20.00,AUTO,0,44,NaN,-1.00,44.98,-0.25,43.73,NaN,NaN,NaN,NaN,NaN,NaN,NaN,NaN,NaN,NaN
416.49,36.02,30.00,36.00,20.00,AUTO,0,44,NaN,-1.00,44.98,-0.25,43.73,NaN,NaN,NaN,NaN,NaN,NaN,NaN,NaN,NaN,NaN
417.49,36.02,30.00,36.00,20.00,AUTO,0,44,NaN,-1.00,44.98,-0.25,43.73,NaN,NaN,NaN,NaN,NaN,NaN,NaN,NaN,NaN,NaN
418.49,36.02,30.00,36.00,20.00,AUTO,0,44,NaN,-1.00,44.98,-0.25,43.73,NaN,NaN,NaN,NaN,NaN,NaN,NaN,NaN,NaN,NaN
419.49,36.02,30.00,36.00,20.00,AUTO,0,44,NaN,-1.00,44.98,-0.25,43.73,NaN,NaN,NaN,NaN,NaN,NaN,NaN,NaN,NaN,NaN
420.49,36.02,30.00,36.00,20.00,AUTO,0,44,NaN,-1.00,44.98,-0.25,43.73,NaN,NaN,NaN,NaN,NaN,NaN,NaN,NaN,NaN,NaN
421.50,36.02,30.00,36.00,20.00,AUTO,0,44,NaN,-1.00,44.86,0.00,43.86,NaN,NaN,NaN,NaN,NaN,NaN,NaN,NaN,NaN,NaN
422.50,36.02,30.00,36.00,20.00,AUTO,0,44,NaN,-1.00,44.86,0.00,43.86,NaN,NaN,NaN,NaN,NaN,NaN,NaN,NaN,NaN,NaN
423.50,36.02,30.00,36.00,20.00,AUTO,0,44,NaN,-1.00,44.86,0.00,43.86,NaN,NaN,NaN,NaN,NaN,NaN,NaN,NaN,NaN,NaN
424.50,36.02,30.00,36.00,20.00,AUTO,0,44,NaN,-1.00,44.86,0.00,43.86,NaN,NaN,NaN,NaN,NaN,NaN,NaN,NaN,NaN,NaN
425.50,36.02,30.00,36.00,20.00,AUTO,0,44,NaN,-1.00,44.86,0.00,43.86,NaN,NaN,NaN,NaN,NaN,NaN,NaN,NaN,NaN,NaN
426.50,36.02,30.00,36.00,20.00,AUTO,0,44,NaN,-1.00,44.86,0.00,43.86,NaN,NaN,NaN,NaN,NaN,NaN,NaN,NaN,NaN,NaN
427.51,36.02,30.04,36.00,20.00,AUTO,0,44,NaN,-1.00,44.86,0.00,43.86,NaN,NaN,NaN,NaN,NaN,NaN,NaN,NaN,NaN,NaN
428.50,36.02,30.04,36.00,20.00,AUTO,0,44,NaN,-1.00,44.86,0.00,43.86,NaN,NaN,NaN,NaN,NaN,NaN,NaN,NaN,NaN,NaN
429.51,36.02,30.04,36.00,20.00,AUTO,0,44,NaN,-1.00,44.86,0.00,43.86,NaN,NaN,NaN,NaN,NaN,NaN,NaN,NaN,NaN,NaN
430.51,36.02,30.04,36.00,20.00,AUTO,0,44,NaN,-1.00,44.86,0.00,43.86,NaN,NaN,NaN,NaN,NaN,NaN,NaN,NaN,NaN,NaN
431.51,36.02,30.04,36.00,20.00,AUTO,0,44,NaN,-1.00,44.86,0.00,43.86,NaN,NaN,NaN,NaN,NaN,NaN,NaN,NaN,NaN,NaN
432.51,36.02,30.04,36.00,20.00,AUTO,0,44,NaN,-1.00,44.86,0.00,43.86,NaN,NaN,NaN,NaN,NaN,NaN,NaN,NaN,NaN,NaN
433.51,36.02,30.04,36.00,20.00,AUTO,0,44,NaN,-1.00,44.86,0.00,43.86,NaN,NaN,NaN,NaN,NaN,NaN,NaN,NaN,NaN,NaN
434.51,36.02,30.04,36.00,20.00,AUTO,0,44,NaN,-1.00,44.86,0.00,43.86,NaN,NaN,NaN,NaN,NaN,NaN,NaN,NaN,NaN,NaN
435.52,36.02,30.04,36.00,20.00,AUTO,0,44,NaN,-1.00,44.86,0.00,43.86,NaN,NaN,NaN,NaN,NaN,NaN,NaN,NaN,NaN,NaN
436.52,36.02,30.04,36.00,20.00,AUTO,0,44,NaN,-1.00,44.74,0.00,43.74,NaN,NaN,NaN,NaN,NaN,NaN,NaN,NaN,NaN,NaN
437.52,36.02,30.04,36.00,20.00,AUTO,0,44,NaN,-1.00,44.74,0.00,43.74,NaN,NaN,NaN,NaN,NaN,NaN,NaN,NaN,NaN,NaN
438.52,36.02,30.08,36.00,20.00,AUTO,0,44,NaN,-1.00,44.74,0.00,43.74,NaN,NaN,NaN,NaN,NaN,NaN,NaN,NaN,NaN,NaN
439.52,36.02,30.04,36.00,20.00,AUTO,0,44,NaN,-1.00,44.74,0.00,43.74,NaN,NaN,NaN,NaN,NaN,NaN,NaN,NaN,NaN,NaN
440.53,36.02,30.08,36.00,20.00,AUTO,0,44,NaN,-1.00,44.74,0.00,43.74,NaN,NaN,NaN,NaN,NaN,NaN,NaN,NaN,NaN,NaN
441.53,36.02,30.08,36.00,20.00,AUTO,0,44,NaN,-1.00,44.74,0.00,43.74,NaN,NaN,NaN,NaN,NaN,NaN,NaN,NaN,NaN,NaN
442.53,36.02,30.08,36.00,20.00,AUTO,0,44,NaN,-1.00,44.74,0.00,43.74,NaN,NaN,NaN,NaN,NaN,NaN,NaN,NaN,NaN,NaN
443.53,36.02,30.08,36.00,20.00,AUTO,0,44,NaN,-1.00,44.74,0.00,43.74,NaN,NaN,NaN,NaN,NaN,NaN,NaN,NaN,NaN,NaN
444.53,36.02,30.08,36.00,20.00,AUTO,0,44,NaN,-1.00,44.74,0.00,43.74,NaN,NaN,NaN,NaN,NaN,NaN,NaN,NaN,NaN,NaN
445.53,36.02,30.12,36.00,20.00,AUTO,0,44,NaN,-1.00,44.74,0.00,43.74,NaN,NaN,NaN,NaN,NaN,NaN,NaN,NaN,NaN,NaN
446.53,36.02,30.12,36.00,20.00,AUTO,0,44,NaN,-1.00,44.74,0.00,43.74,NaN,NaN,NaN,NaN,NaN,NaN,NaN,NaN,NaN,NaN
447.53,36.02,30.12,36.00,20.00,AUTO,0,44,NaN,-1.00,44.74,0.00,43.74,NaN,NaN,NaN,NaN,NaN,NaN,NaN,NaN,NaN,NaN
448.54,36.02,30.12,36.00,20.00,AUTO,0,44,NaN,-1.00,44.74,0.00,43.74,NaN,NaN,NaN,NaN,NaN,NaN,NaN,NaN,NaN,NaN
449.54,36.02,30.12,36.00,20.00,AUTO,0,44,NaN,-1.00,44.74,0.00,43.74,NaN,NaN,NaN,NaN,NaN,NaN,NaN,NaN,NaN,NaN
450.54,36.02,30.12,36.00,20.00,AUTO,0,44,NaN,-1.00,44.74,0.00,43.74,NaN,NaN,NaN,NaN,NaN,NaN,NaN,NaN,NaN,NaN
451.54,36.02,30.12,36.00,20.00,AUTO,0,44,NaN,-1.00,44.62,0.00,43.62,NaN,NaN,NaN,NaN,NaN,NaN,NaN,NaN,NaN,NaN
452.54,36.00,30.12,36.00,20.00,AUTO,0,44,NaN,-1.00,44.62,0.00,43.62,NaN,NaN,NaN,NaN,NaN,NaN,NaN,NaN,NaN,NaN
453.54,36.00,30.12,36.00,20.00,AUTO,0,44,NaN,-1.00,44.62,0.00,43.62,NaN,NaN,NaN,NaN,NaN,NaN,NaN,NaN,NaN,NaN
454.55,36.01,30.12,36.00,20.00,AUTO,0,44,NaN,-1.00,44.62,0.00,43.62,NaN,NaN,NaN,NaN,NaN,NaN,NaN,NaN,NaN,NaN
455.55,36.00,30.12,36.00,20.00,AUTO,0,44,NaN,-1.00,44.62,0.00,43.62,NaN,NaN,NaN,NaN,NaN,NaN,NaN,NaN,NaN,NaN
456.55,36.00,30.12,36.00,20.00,AUTO,0,44,NaN,-1.00,44.62,0.00,43.62,NaN,NaN,NaN,NaN,NaN,NaN,NaN,NaN,NaN,NaN
457.55,36.00,30.16,36.00,20.00,AUTO,0,44,NaN,-1.00,44.62,0.00,43.62,NaN,NaN,NaN,NaN,NaN,NaN,NaN,NaN,NaN,NaN
458.55,36.02,30.16,36.00,20.00,AUTO,0,44,NaN,-1.00,44.62,0.00,43.62,NaN,NaN,NaN,NaN,NaN,NaN,NaN,NaN,NaN,NaN
459.55,36.02,30.16,36.00,20.00,AUTO,0,44,NaN,-1.00,44.62,0.00,43.62,NaN,NaN,NaN,NaN,NaN,NaN,NaN,NaN,NaN,NaN
460.55,36.02,30.16,36.00,20.00,AUTO,0,44,NaN,-1.00,44.62,0.00,43.62,NaN,NaN,NaN,NaN,NaN,NaN,NaN,NaN,NaN,NaN
461.56,36.02,30.16,36.00,20.00,AUTO,0,44,NaN,-1.00,44.62,0.00,43.62,NaN,NaN,NaN,NaN,NaN,NaN,NaN,NaN,NaN,NaN
462.56,36.02,30.16,36.00,20.00,AUTO,0,44,NaN,-1.00,44.62,0.00,43.62,NaN,NaN,NaN,NaN,NaN,NaN,NaN,NaN,NaN,NaN
463.56,36.02,30.16,36.00,20.00,AUTO,0,44,NaN,-1.00,44.62,0.00,43.62,NaN,NaN,NaN,NaN,NaN,NaN,NaN,NaN,NaN,NaN
464.56,36.02,30.20,36.00,20.00,AUTO,0,44,NaN,-1.00,44.62,0.00,43.62,NaN,NaN,NaN,NaN,NaN,NaN,NaN,NaN,NaN,NaN
465.56,36.02,30.20,36.00,20.00,AUTO,0,44,NaN,-1.00,44.62,0.00,43.62,NaN,NaN,NaN,NaN,NaN,NaN,NaN,NaN,NaN,NaN
466.57,35.97,30.20,36.00,20.00,AUTO,0,43,NaN,-1.00,44.55,-0.08,43.47,NaN,NaN,NaN,NaN,NaN,NaN,NaN,NaN,NaN,NaN
467.57,35.98,30.20,36.00,20.00,AUTO,0,43,NaN,-1.00,44.55,-0.08,43.47,NaN,NaN,NaN,NaN,NaN,NaN,NaN,NaN,NaN,NaN
468.57,35.97,30.20,36.00,20.00,AUTO,0,43,NaN,-1.00,44.55,-0.08,43.47,NaN,NaN,NaN,NaN,NaN,NaN,NaN,NaN,NaN,NaN
469.57,35.97,30.20,36.00,20.00,AUTO,0,43,NaN,-1.00,44.55,-0.08,43.47,NaN,NaN,NaN,NaN,NaN,NaN,NaN,NaN,NaN,NaN
470.57,35.97,30.20,36.00,20.00,AUTO,0,43,NaN,-1.00,44.55,-0.08,43.47,NaN,NaN,NaN,NaN,NaN,NaN,NaN,NaN,NaN,NaN
471.57,35.97,30.20,36.00,20.00,AUTO,0,43,NaN,-1.00,44.55,-0.08,43.47,NaN,NaN,NaN,NaN,NaN,NaN,NaN,NaN,NaN,NaN
472.58,35.96,30.20,36.00,20.00,AUTO,0,43,NaN,-1.00,44.55,-0.08,43.47,NaN,NaN,NaN,NaN,NaN,NaN,NaN,NaN,NaN,NaN
473.57,35.99,30.24,36.00,20.00,AUTO,0,43,NaN,-1.00,44.55,-0.08,43.47,NaN,NaN,NaN,NaN,NaN,NaN,NaN,NaN,NaN,NaN
474.58,35.99,30.24,36.00,20.00,AUTO,0,43,NaN,-1.00,44.55,-0.08,43.47,NaN,NaN,NaN,NaN,NaN,NaN,NaN,NaN,NaN,NaN
475.58,35.99,30.24,36.00,20.00,AUTO,0,43,NaN,-1.00,44.55,-0.08,43.47,NaN,NaN,NaN,NaN,NaN,NaN,NaN,NaN,NaN,NaN
476.58,35.99,30.24,36.00,20.00,AUTO,0,43,NaN,-1.00,44.55,-0.08,43.47,NaN,NaN,NaN,NaN,NaN,NaN,NaN,NaN,NaN,NaN
477.58,36.00,30.24,36.00,20.00,AUTO,0,43,NaN,-1.00,44.55,-0.08,43.47,NaN,NaN,NaN,NaN,NaN,NaN,NaN,NaN,NaN,NaN
478.58,36.00,30.24,36.00,20.00,AUTO,0,43,NaN,-1.00,44.55,-0.08,43.47,NaN,NaN,NaN,NaN,NaN,NaN,NaN,NaN,NaN,NaN
479.58,36.00,30.24,36.00,20.00,AUTO,0,43,NaN,-1.00,44.55,-0.08,43.47,NaN,NaN,NaN,NaN,NaN,NaN,NaN,NaN,NaN,NaN
480.59,36.00,30.24,36.00,20.00,AUTO,0,43,NaN,-1.00,44.55,-0.08,43.47,NaN,NaN,NaN,NaN,NaN,NaN,NaN,NaN,NaN,NaN
481.59,35.96,30.24,36.00,20.00,AUTO,0,45,NaN,0.00,44.65,0.49,45.13,NaN,NaN,NaN,NaN,NaN,NaN,NaN,NaN,NaN,NaN
482.59,35.96,30.24,36.00,20.00,AUTO,0,45,NaN,0.00,44.65,0.49,45.13,NaN,NaN,NaN,NaN,NaN,NaN,NaN,NaN,NaN,NaN
483.59,35.96,30.29,36.00,20.00,AUTO,0,45,NaN,0.00,44.65,0.49,45.13,NaN,NaN,NaN,NaN,NaN,NaN,NaN,NaN,NaN,NaN
484.59,35.96,30.29,36.00,20.00,AUTO,0,45,NaN,0.00,44.65,0.49,45.13,NaN,NaN,NaN,NaN,NaN,NaN,NaN,NaN,NaN,NaN
485.60,35.96,30.29,36.00,20.00,AUTO,0,45,NaN,0.00,44.65,0.49,45.13,NaN,NaN,NaN,NaN,NaN,NaN,NaN,NaN,NaN,NaN
486.60,35.96,30.29,36.00,20.00,AUTO,0,45,NaN,0.00,44.65,0.49,45.13,NaN,NaN,NaN,NaN,NaN,NaN,NaN,NaN,NaN,NaN
487.60,35.96,30.29,36.00,20.00,AUTO,0,45,NaN,0.00,44.65,0.49,45.13,NaN,NaN,NaN,NaN,NaN,NaN,NaN,NaN,NaN,NaN
488.60,35.98,30.29,36.00,20.00,AUTO,0,45,NaN,0.00,44.65,0.49,45.13,NaN,NaN,NaN,NaN,NaN,NaN,NaN,NaN,NaN,NaN
489.60,35.98,30.29,36.00,20.00,AUTO,0,45,NaN,0.00,44.65,0.49,45.13,NaN,NaN,NaN,NaN,NaN,NaN,NaN,NaN,NaN,NaN
490.60,35.98,30.29,36.00,20.00,AUTO,0,45,NaN,0.00,44.65,0.49,45.13,NaN,NaN,NaN,NaN,NaN,NaN,NaN,NaN,NaN,NaN
491.61,35.98,30.29,36.00,20.00,AUTO,0,45,NaN,0.00,44.65,0.49,45.13,NaN,NaN,NaN,NaN,NaN,NaN,NaN,NaN,NaN,NaN
492.60,35.99,30.29,36.00,20.00,AUTO,0,45,NaN,0.00,44.65,0.49,45.13,NaN,NaN,NaN,NaN,NaN,NaN,NaN,NaN,NaN,NaN
493.61,35.98,30.29,36.00,20.00,AUTO,0,45,NaN,0.00,44.65,0.49,45.13,NaN,NaN,NaN,NaN,NaN,NaN,NaN,NaN,NaN,NaN
494.61,35.97,30.29,36.00,20.00,AUTO,0,45,NaN,0.00,44.65,0.49,45.13,NaN,NaN,NaN,NaN,NaN,NaN,NaN,NaN,NaN,NaN
495.61,35.98,30.32,36.00,20.00,AUTO,0,45,NaN,0.00,44.65,0.49,45.13,NaN,NaN,NaN,NaN,NaN,NaN,NaN,NaN,NaN,NaN
496.61,35.95,30.32,36.00,20.00,AUTO,0,46,NaN,1.25,44.82,0.35,46.42,NaN,NaN,NaN,NaN,NaN,NaN,NaN,NaN,NaN,NaN
497.61,35.95,30.32,36.00,20.00,AUTO,0,46,NaN,1.25,44.82,0.35,46.42,NaN,NaN,NaN,NaN,NaN,NaN,NaN,NaN,NaN,NaN
498.61,35.95,30.32,36.00,20.00,AUTO,0,46,NaN,1.25,44.82,0.35,46.42,NaN,NaN,NaN,NaN,NaN,NaN,NaN,NaN,NaN,NaN
499.62,35.95,30.32,36.00,20.00,AUTO,0,46,NaN,1.25,44.82,0.35,46.42,NaN,NaN,NaN,NaN,NaN,NaN,NaN,NaN,NaN,NaN
500.62,35.95,30.32,36.00,20.00,AUTO,0,46,NaN,1.25,44.82,0.35,46.42,NaN,NaN,NaN,NaN,NaN,NaN,NaN,NaN,NaN,NaN
501.62,35.95,30.32,36.00,20.00,AUTO,0,46,NaN,1.25,44.82,0.35,46.42,NaN,NaN,NaN,NaN,NaN,NaN,NaN,NaN,NaN,NaN
502.62,35.95,30.32,36.00,20.00,AUTO,0,46,NaN,1.25,44.82,0.35,46.42,NaN,NaN,NaN,NaN,NaN,NaN,NaN,NaN,NaN,NaN
503.62,35.98,30.32,36.00,20.00,AUTO,0,46,NaN,1.25,44.82,0.35,46.42,NaN,NaN,NaN,NaN,NaN,NaN,NaN,NaN,NaN,NaN
504.63,35.98,30.32,36.00,20.00,AUTO,0,46,NaN,1.25,44.82,0.35,46.42,NaN,NaN,NaN,NaN,NaN,NaN,NaN,NaN,NaN,NaN
505.63,35.98,30.32,36.00,20.00,AUTO,0,46,NaN,1.25,44.82,0.35,46.42,NaN,NaN,NaN,NaN,NaN,NaN,NaN,NaN,NaN,NaN
506.63,35.98,30.36,36.00,20.00,AUTO,0,46,NaN,1.25,44.82,0.35,46.42,NaN,NaN,NaN,NaN,NaN,NaN,NaN,NaN,NaN,NaN
507.63,36.00,30.32,36.00,20.00,AUTO,0,46,NaN,1.25,44.82,0.35,46.42,NaN,NaN,NaN,NaN,NaN,NaN,NaN,NaN,NaN,NaN
508.63,35.99,30.36,36.00,20.00,AUTO,0,46,NaN,1.25,44.82,0.35,46.42,NaN,NaN,NaN,NaN,NaN,NaN,NaN,NaN,NaN,NaN
509.63,36.00,30.36,36.00,20.00,AUTO,0,46,NaN,1.25,44.82,0.35,46.42,NaN,NaN,NaN,NaN,NaN,NaN,NaN,NaN,NaN,NaN
510.63,35.99,30.36,36.00,20.00,AUTO,0,46,NaN,1.25,44.82,0.35,46.42,NaN,NaN,NaN,NaN,NaN,NaN,NaN,NaN,NaN,NaN
511.64,35.96,30.36,36.00,20.00,AUTO,0,45,NaN,0.25,45.00,-0.57,44.68,NaN,NaN,NaN,NaN,NaN,NaN,NaN,NaN,NaN,NaN
512.64,35.97,30.36,36.00,20.00,AUTO,0,45,NaN,0.25,45.00,-0.57,44.68,NaN,NaN,NaN,NaN,NaN,NaN,NaN,NaN,NaN,NaN
513.64,35.97,30.36,36.00,20.00,AUTO,0,45,NaN,0.25,45.00,-0.57,44.68,NaN,NaN,NaN,NaN,NaN,NaN,NaN,NaN,NaN,NaN
514.64,35.97,30.36,36.00,20.00,AUTO,0,45,NaN,0.25,45.00,-0.57,44.68,NaN,NaN,NaN,NaN,NaN,NaN,NaN,NaN,NaN,NaN
515.64,35.97,30.36,36.00,20.00,AUTO,0,45,NaN,0.25,45.00,-0.57,44.68,NaN,NaN,NaN,NaN,NaN,NaN,NaN,NaN,NaN,NaN
516.64,35.97,30.36,36.00,20.00,AUTO,0,45,NaN,0.25,45.00,-0.57,44.68,NaN,NaN,NaN,NaN,NaN,NaN,NaN,NaN,NaN,NaN
517.65,35.97,30.36,36.00,20.00,AUTO,0,45,NaN,0.25,45.00,-0.57,44.68,NaN,NaN,NaN,NaN,NaN,NaN,NaN,NaN,NaN,NaN
518.65,36.02,30.36,36.00,20.00,AUTO,0,45,NaN,0.25,45.00,-0.57,44.68,NaN,NaN,NaN,NaN,NaN,NaN,NaN,NaN,NaN,NaN
519.65,36.02,30.36,36.00,20.00,AUTO,0,45,NaN,0.25,45.00,-0.57,44.68,NaN,NaN,NaN,NaN,NaN,NaN,NaN,NaN,NaN,NaN
520.65,36.02,30.36,36.00,20.00,AUTO,0,45,NaN,0.25,45.00,-0.57,44.68,NaN,NaN,NaN,NaN,NaN,NaN,NaN,NaN,NaN,NaN
521.65,36.02,30.36,36.00,20.00,AUTO,0,45,NaN,0.25,45.00,-0.57,44.68,NaN,NaN,NaN,NaN,NaN,NaN,NaN,NaN,NaN,NaN
522.65,36.02,30.36,36.00,20.00,AUTO,0,45,NaN,0.25,45.00,-0.57,44.68,NaN,NaN,NaN,NaN,NaN,NaN,NaN,NaN,NaN,NaN
523.65,36.02,30.36,36.00,20.00,AUTO,0,45,NaN,0.25,45.00,-0.57,44.68,NaN,NaN,NaN,NaN,NaN,NaN,NaN,NaN,NaN,NaN
524.65,36.02,30.36,36.00,20.00,AUTO,0,45,NaN,0.25,45.00,-0.57,44.68,NaN,NaN,NaN,NaN,NaN,NaN,NaN,NaN,NaN,NaN
525.66,36.02,30.36,36.00,20.00,AUTO,0,45,NaN,0.25,45.00,-0.57,44.68,NaN,NaN,NaN,NaN,NaN,NaN,NaN,NaN,NaN,NaN
526.66,36.02,30.36,36.00,20.00,AUTO,0,43,NaN,-1.00,45.03,-1.23,42.80,NaN,NaN,NaN,NaN,NaN,NaN,NaN,NaN,NaN,NaN
527.66,36.02,30.36,36.00,20.00,AUTO,0,43,NaN,-1.00,45.03,-1.23,42.80,NaN,NaN,NaN,NaN,NaN,NaN,NaN,NaN,NaN,NaN
528.66,36.02,30.36,36.00,20.00,AUTO,0,43,NaN,-1.00,45.03,-1.23,42.80,NaN,NaN,NaN,NaN,NaN,NaN,NaN,NaN,NaN,NaN
529.66,36.02,30.36,36.00,20.00,AUTO,0,43,NaN,-1.00,45.03,-1.23,42.80,NaN,NaN,NaN,NaN,NaN,NaN,NaN,NaN,NaN,NaN
530.67,36.02,30.36,36.00,20.00,AUTO,0,43,NaN,-1.00,45.03,-1.23,42.80,NaN,NaN,NaN,NaN,NaN,NaN,NaN,NaN,NaN,NaN
531.67,36.02,30.36,36.00,20.00,AUTO,0,43,NaN,-1.00,45.03,-1.23,42.80,NaN,NaN,NaN,NaN,NaN,NaN,NaN,NaN,NaN,NaN
532.67,36.02,30.36,36.00,20.00,AUTO,0,43,NaN,-1.00,45.03,-1.23,42.80,NaN,NaN,NaN,NaN,NaN,NaN,NaN,NaN,NaN,NaN
533.67,36.02,30.36,36.00,20.00,AUTO,0,43,NaN,-1.00,45.03,-1.23,42.80,NaN,NaN,NaN,NaN,NaN,NaN,NaN,NaN,NaN,NaN
534.67,36.02,30.36,36.00,20.00,AUTO,0,43,NaN,-1.00,45.03,-1.23,42.80,NaN,NaN,NaN,NaN,NaN,NaN,NaN,NaN,NaN,NaN
535.67,36.02,30.36,36.00,20.00,AUTO,0,43,NaN,-1.00,45.03,-1.23,42.80,NaN,NaN,NaN,NaN,NaN,NaN,NaN,NaN,NaN,NaN
536.68,36.02,30.36,36.00,20.00,AUTO,0,43,NaN,-1.00,45.03,-1.23,42.80,NaN,NaN,NaN,NaN,NaN,NaN,NaN,NaN,NaN,NaN
537.68,36.02,30.36,36.00,20.00,AUTO,0,43,NaN,-1.00,45.03,-1.23,42.80,NaN,NaN,NaN,NaN,NaN,NaN,NaN,NaN,NaN,NaN
538.68,36.02,30.36,36.00,20.00,AUTO,0,43,NaN,-1.00,45.03,-1.23,42.80,NaN,NaN,NaN,NaN,NaN,NaN,NaN,NaN,NaN,NaN
539.68,36.02,30.36,36.00,20.00,AUTO,0,43,NaN,-1.00,45.03,-1.23,42.80,NaN,NaN,NaN,NaN,NaN,NaN,NaN,NaN,NaN,NaN
540.68,36.02,30.36,36.00,20.00,AUTO,0,43,NaN,-1.00,45.03,-1.23,42.80,NaN,NaN,NaN,NaN,NaN,NaN,NaN,NaN,NaN,NaN
541.68,36.02,30.41,36.00,20.00,AUTO,0,44,NaN,-1.00,44.91,0.00,43.91,NaN,NaN,NaN,NaN,NaN,NaN,NaN,NaN,NaN,NaN
542.68,36.02,30.41,36.00,20.00,AUTO,0,44,NaN,-1.00,44.91,0.00,43.91,NaN,NaN,NaN,NaN,NaN,NaN,NaN,NaN,NaN,NaN
543.69,36.02,30.41,36.00,20.00,AUTO,0,44,NaN,-1.00,44.91,0.00,43.91,NaN,NaN,NaN,NaN,NaN,NaN,NaN,NaN,NaN,NaN
544.69,36.02,30.41,36.00,20.00,AUTO,0,44,NaN,-1.00,44.91,0.00,43.91,NaN,NaN,NaN,NaN,NaN,NaN,NaN,NaN,NaN,NaN
545.69,36.02,30.41,36.00,20.00,AUTO,0,44,NaN,-1.00,44.91,0.00,43.91,NaN,NaN,NaN,NaN,NaN,NaN,NaN,NaN,NaN,NaN
546.69,36.02,30.41,36.00,20.00,AUTO,0,44,NaN,-1.00,44.91,0.00,43.91,NaN,NaN,NaN,NaN,NaN,NaN,NaN,NaN,NaN,NaN
547.69,36.02,30.41,36.00,20.00,AUTO,0,44,NaN,-1.00,44.91,0.00,43.91,NaN,NaN,NaN,NaN,NaN,NaN,NaN,NaN,NaN,NaN
548.69,36.02,30.41,36.00,20.00,AUTO,0,44,NaN,-1.00,44.91,0.00,43.91,NaN,NaN,NaN,NaN,NaN,NaN,NaN,NaN,NaN,NaN
549.70,36.02,30.41,36.00,20.00,AUTO,0,44,NaN,-1.00,44.91,0.00,43.91,NaN,NaN,NaN,NaN,NaN,NaN,NaN,NaN,NaN,NaN
550.70,36.02,30.41,36.00,20.00,AUTO,0,44,NaN,-1.00,44.91,0.00,43.91,NaN,NaN,NaN,NaN,NaN,NaN,NaN,NaN,NaN,NaN
551.70,36.02,30.41,36.00,20.00,AUTO,0,44,NaN,-1.00,44.91,0.00,43.91,NaN,NaN,NaN,NaN,NaN,NaN,NaN,NaN,NaN,NaN
552.70,36.02,30.45,36.00,20.00,AUTO,0,44,NaN,-1.00,44.91,0.00,43.91,NaN,NaN,NaN,NaN,NaN,NaN,NaN,NaN,NaN,NaN
553.70,36.02,30.45,36.00,20.00,AUTO,0,44,NaN,-1.00,44.91,0.00,43.91,NaN,NaN,NaN,NaN,NaN,NaN,NaN,NaN,NaN,NaN
554.70,36.02,30.41,36.00,20.00,AUTO,0,44,NaN,-1.00,44.91,0.00,43.91,NaN,NaN,NaN,NaN,NaN,NaN,NaN,NaN,NaN,NaN
555.71,36.02,30.41,36.00,20.00,AUTO,0,44,NaN,-1.00,44.91,0.00,43.91,NaN,NaN,NaN,NaN,NaN,NaN,NaN,NaN,NaN,NaN
556.71,36.02,30.45,36.00,20.00,AUTO,0,44,NaN,-1.00,44.79,0.00,43.79,NaN,NaN,NaN,NaN,NaN,NaN,NaN,NaN,NaN,NaN
557.71,36.02,30.45,36.00,20.00,AUTO,0,44,NaN,-1.00,44.79,0.00,43.79,NaN,NaN,NaN,NaN,NaN,NaN,NaN,NaN,NaN,NaN
558.71,36.02,30.45,36.00,20.00,AUTO,0,44,NaN,-1.00,44.79,0.00,43.79,NaN,NaN,NaN,NaN,NaN,NaN,NaN,NaN,NaN,NaN
559.71,36.02,30.45,36.00,20.00,AUTO,0,44,NaN,-1.00,44.79,0.00,43.79,NaN,NaN,NaN,NaN,NaN,NaN,NaN,NaN,NaN,NaN
560.71,36.02,30.45,36.00,20.00,AUTO,0,44,NaN,-1.00,44.79,0.00,43.79,NaN,NaN,NaN,NaN,NaN,NaN,NaN,NaN,NaN,NaN
561.71,36.02,30.45,36.00,20.00,AUTO,0,44,NaN,-1.00,44.79,0.00,43.79,NaN,NaN,NaN,NaN,NaN,NaN,NaN,NaN,NaN,NaN
562.72,36.02,30.45,36.00,20.00,AUTO,0,44,NaN,-1.00,44.79,0.00,43.79,NaN,NaN,NaN,NaN,NaN,NaN,NaN,NaN,NaN,NaN
563.72,36.02,30.45,36.00,20.00,AUTO,0,44,NaN,-1.00,44.79,0.00,43.79,NaN,NaN,NaN,NaN,NaN,NaN,NaN,NaN,NaN,NaN
564.72,36.02,30.45,36.00,20.00,AUTO,0,44,NaN,-1.00,44.79,0.00,43.79,NaN,NaN,NaN,NaN,NaN,NaN,NaN,NaN,NaN,NaN
565.72,36.02,30.45,36.00,20.00,AUTO,0,44,NaN,-1.00,44.79,0.00,43.79,NaN,NaN,NaN,NaN,NaN,NaN,NaN,NaN,NaN,NaN
566.72,36.02,30.45,36.00,20.00,AUTO,0,44,NaN,-1.00,44.79,0.00,43.79,NaN,NaN,NaN,NaN,NaN,NaN,NaN,NaN,NaN,NaN
567.72,36.02,30.45,36.00,20.00,AUTO,0,44,NaN,-1.00,44.79,0.00,43.79,NaN,NaN,NaN,NaN,NaN,NaN,NaN,NaN,NaN,NaN
568.73,36.02,30.45,36.00,20.00,AUTO,0,44,NaN,-1.00,44.79,0.00,43.79,NaN,NaN,NaN,NaN,NaN,NaN,NaN,NaN,NaN,NaN
569.72,36.02,30.45,36.00,20.00,AUTO,0,44,NaN,-1.00,44.79,0.00,43.79,NaN,NaN,NaN,NaN,NaN,NaN,NaN,NaN,NaN,NaN
570.73,36.02,30.45,36.00,20.00,AUTO,0,44,NaN,-1.00,44.79,0.00,43.79,NaN,NaN,NaN,NaN,NaN,NaN,NaN,NaN,NaN,NaN
571.73,36.02,30.48,36.00,20.00,AUTO,0,44,NaN,-1.00,44.67,0.00,43.67,NaN,NaN,NaN,NaN,NaN,NaN,NaN,NaN,NaN,NaN
572.73,36.02,30.48,36.00,20.00,AUTO,0,44,NaN,-1.00,44.67,0.00,43.67,NaN,NaN,NaN,NaN,NaN,NaN,NaN,NaN,NaN,NaN
573.74,36.02,30.48,36.00,20.00,AUTO,0,44,NaN,-1.00,44.67,0.00,43.67,NaN,NaN,NaN,NaN,NaN,NaN,NaN,NaN,NaN,NaN
574.73,36.02,30.48,36.00,20.00,AUTO,0,44,NaN,-1.00,44.67,0.00,43.67,NaN,NaN,NaN,NaN,NaN,NaN,NaN,NaN,NaN,NaN
575.74,36.02,30.48,36.00,20.00,AUTO,0,44,NaN,-1.00,44.67,0.00,43.67,NaN,NaN,NaN,NaN,NaN,NaN,NaN,NaN,NaN,NaN
576.74,36.02,30.48,36.00,20.00,AUTO,0,44,NaN,-1.00,44.67,0.00,43.67,NaN,NaN,NaN,NaN,NaN,NaN,NaN,NaN,NaN,NaN
577.74,36.02,30.48,36.00,20.00,AUTO,0,44,NaN,-1.00,44.67,0.00,43.67,NaN,NaN,NaN,NaN,NaN,NaN,NaN,NaN,NaN,NaN
578.74,36.02,30.48,36.00,20.00,AUTO,0,44,NaN,-1.00,44.67,0.00,43.67,NaN,NaN,NaN,NaN,NaN,NaN,NaN,NaN,NaN,NaN
579.74,36.02,30.48,36.00,20.00,AUTO,0,44,NaN,-1.00,44.67,0.00,43.67,NaN,NaN,NaN,NaN,NaN,NaN,NaN,NaN,NaN,NaN
580.74,36.02,30.48,36.00,20.00,AUTO,0,44,NaN,-1.00,44.67,0.00,43.67,NaN,NaN,NaN,NaN,NaN,NaN,NaN,NaN,NaN,NaN
581.75,36.02,30.48,36.00,20.00,AUTO,0,44,NaN,-1.00,44.67,0.00,43.67,NaN,NaN,NaN,NaN,NaN,NaN,NaN,NaN,NaN,NaN
582.75,36.02,30.48,36.00,20.00,AUTO,0,44,NaN,-1.00,44.67,0.00,43.67,NaN,NaN,NaN,NaN,NaN,NaN,NaN,NaN,NaN,NaN
583.75,36.02,30.53,36.00,20.00,AUTO,0,44,NaN,-1.00,44.67,0.00,43.67,NaN,NaN,NaN,NaN,NaN,NaN,NaN,NaN,NaN,NaN
584.75,36.02,30.53,36.00,20.00,AUTO,0,44,NaN,-1.00,44.67,0.00,43.67,NaN,NaN,NaN,NaN,NaN,NaN,NaN,NaN,NaN,NaN
585.75,36.02,30.53,36.00,20.00,AUTO,0,44,NaN,-1.00,44.67,0.00,43.67,NaN,NaN,NaN,NaN,NaN,NaN,NaN,NaN,NaN,NaN
586.76,36.02,30.53,36.00,20.00,AUTO,0,44,NaN,-1.00,44.55,0.00,43.55,NaN,NaN,NaN,NaN,NaN,NaN,NaN,NaN,NaN,NaN
587.76,36.02,30.53,36.00,20.00,AUTO,0,44,NaN,-1.00,44.55,0.00,43.55,NaN,NaN,NaN,NaN,NaN,NaN,NaN,NaN,NaN,NaN
588.75,36.02,30.53,36.00,20.00,AUTO,0,44,NaN,-1.00,44.55,0.00,43.55,NaN,NaN,NaN,NaN,NaN,NaN,NaN,NaN,NaN,NaN
589.76,36.02,30.53,36.00,20.00,AUTO,0,44,NaN,-1.00,44.55,0.00,43.55,NaN,NaN,NaN,NaN,NaN,NaN,NaN,NaN,NaN,NaN
590.76,36.02,30.53,36.00,20.00,AUTO,0,44,NaN,-1.00,44.55,0.00,43.55,NaN,NaN,NaN,NaN,NaN,NaN,NaN,NaN,NaN,NaN
591.76,36.02,30.53,36.00,20.00,AUTO,0,44,NaN,-1.00,44.55,0.00,43.55,NaN,NaN,NaN,NaN,NaN,NaN,NaN,NaN,NaN,NaN
592.76,36.02,30.53,36.00,20.00,AUTO,0,44,NaN,-1.00,44.55,0.00,43.55,NaN,NaN,NaN,NaN,NaN,NaN,NaN,NaN,NaN,NaN
593.76,36.02,30.53,36.00,20.00,AUTO,0,44,NaN,-1.00,44.55,0.00,43.55,NaN,NaN,NaN,NaN,NaN,NaN,NaN,NaN,NaN,NaN
594.77,36.02,30.53,36.00,20.00,AUTO,0,44,NaN,-1.00,44.55,0.00,43.55,NaN,NaN,NaN,NaN,NaN,NaN,NaN,NaN,NaN,NaN
595.77,36.02,30.53,36.00,20.00,AUTO,0,44,NaN,-1.00,44.55,0.00,43.55,NaN,NaN,NaN,NaN,NaN,NaN,NaN,NaN,NaN,NaN
596.77,36.02,30.53,36.00,20.00,AUTO,0,44,NaN,-1.00,44.55,0.00,43.55,NaN,NaN,NaN,NaN,NaN,NaN,NaN,NaN,NaN,NaN
597.77,36.02,30.53,36.00,20.00,AUTO,0,44,NaN,-1.00,44.55,0.00,43.55,NaN,NaN,NaN,NaN,NaN,NaN,NaN,NaN,NaN,NaN
598.77,36.02,30.57,36.00,20.00,AUTO,0,44,NaN,-1.00,44.55,0.00,43.55,NaN,NaN,NaN,NaN,NaN,NaN,NaN,NaN,NaN,NaN
599.77,36.02,30.57,36.00,20.00,AUTO,0,44,NaN,-1.00,44.55,0.00,43.55,NaN,NaN,NaN,NaN,NaN,NaN,NaN,NaN,NaN,NaN
600.78,36.02,30.57,36.00,20.00,AUTO,0,44,NaN,-1.00,44.55,0.00,43.55,NaN,NaN,NaN,NaN,NaN,NaN,NaN,NaN,NaN,NaN
601.78,36.02,30.57,36.00,20.00,AUTO,0,43,NaN,-1.00,44.43,0.00,43.43,NaN,NaN,NaN,NaN,NaN,NaN,NaN,NaN,NaN,NaN
602.78,36.02,30.57,36.00,20.00,AUTO,0,43,NaN,-1.00,44.43,0.00,43.43,NaN,NaN,NaN,NaN,NaN,NaN,NaN,NaN,NaN,NaN
603.78,36.02,30.57,36.00,20.00,AUTO,0,43,NaN,-1.00,44.43,0.00,43.43,NaN,NaN,NaN,NaN,NaN,NaN,NaN,NaN,NaN,NaN
604.78,36.02,30.57,36.00,20.00,AUTO,0,43,NaN,-1.00,44.43,0.00,43.43,NaN,NaN,NaN,NaN,NaN,NaN,NaN,NaN,NaN,NaN
605.79,36.02,30.57,36.00,20.00,AUTO,0,43,NaN,-1.00,44.43,0.00,43.43,NaN,NaN,NaN,NaN,NaN,NaN,NaN,NaN,NaN,NaN
606.78,36.02,30.57,36.00,20.00,AUTO,0,43,NaN,-1.00,44.43,0.00,43.43,NaN,NaN,NaN,NaN,NaN,NaN,NaN,NaN,NaN,NaN
607.79,36.00,30.57,36.00,20.00,AUTO,0,43,NaN,-1.00,44.43,0.00,43.43,NaN,NaN,NaN,NaN,NaN,NaN,NaN,NaN,NaN,NaN
608.79,36.02,30.57,36.00,20.00,AUTO,0,43,NaN,-1.00,44.43,0.00,43.43,NaN,NaN,NaN,NaN,NaN,NaN,NaN,NaN,NaN,NaN
609.79,36.02,30.61,36.00,20.00,AUTO,0,43,NaN,-1.00,44.43,0.00,43.43,NaN,NaN,NaN,NaN,NaN,NaN,NaN,NaN,NaN,NaN
610.79,36.02,30.61,36.00,20.00,AUTO,0,43,NaN,-1.00,44.43,0.00,43.43,NaN,NaN,NaN,NaN,NaN,NaN,NaN,NaN,NaN,NaN
611.79,36.02,30.61,36.00,20.00,AUTO,0,43,NaN,-1.00,44.43,0.00,43.43,NaN,NaN,NaN,NaN,NaN,NaN,NaN,NaN,NaN,NaN
612.79,36.02,30.61,36.00,20.00,AUTO,0,43,NaN,-1.00,44.43,0.00,43.43,NaN,NaN,NaN,NaN,NaN,NaN,NaN,NaN,NaN,NaN
613.80,36.02,30.61,36.00,20.00,AUTO,0,43,NaN,-1.00,44.43,0.00,43.43,NaN,NaN,NaN,NaN,NaN,NaN,NaN,NaN,NaN,NaN
614.80,36.02,30.61,36.00,20.00,AUTO,0,43,NaN,-1.00,44.43,0.00,43.43,NaN,NaN,NaN,NaN,NaN,NaN,NaN,NaN,NaN,NaN
615.80,36.02,30.61,36.00,20.00,AUTO,0,43,NaN,-1.00,44.43,0.00,43.43,NaN,NaN,NaN,NaN,NaN,NaN,NaN,NaN,NaN,NaN
616.80,35.99,30.61,36.00,20.00,AUTO,0,43,NaN,-1.00,44.32,0.02,43.34,NaN,NaN,NaN,NaN,NaN,NaN,NaN,NaN,NaN,NaN
617.80,35.99,30.61,36.00,20.00,AUTO,0,43,NaN,-1.00,44.32,0.02,43.34,NaN,NaN,NaN,NaN,NaN,NaN,NaN,NaN,NaN,NaN
618.81,36.00,30.61,36.00,20.00,AUTO,0,43,NaN,-1.00,44.32,0.02,43.34,NaN,NaN,NaN,NaN,NaN,NaN,NaN,NaN,NaN,NaN
619.80,36.02,30.61,36.00,20.00,AUTO,0,43,NaN,-1.00,44.32,0.02,43.34,NaN,NaN,NaN,NaN,NaN,NaN,NaN,NaN,NaN,NaN
620.81,36.02,30.61,36.00,20.00,AUTO,0,43,NaN,-1.00,44.32,0.02,43.34,NaN,NaN,NaN,NaN,NaN,NaN,NaN,NaN,NaN,NaN
621.81,36.00,30.61,36.00,20.00,AUTO,0,43,NaN,-1.00,44.32,0.02,43.34,NaN,NaN,NaN,NaN,NaN,NaN,NaN,NaN,NaN,NaN
622.81,36.00,30.61,36.00,20.00,AUTO,0,43,NaN,-1.00,44.32,0.02,43.34,NaN,NaN,NaN,NaN,NaN,NaN,NaN,NaN,NaN,NaN
623.81,36.02,30.64,36.00,20.00,AUTO,0,43,NaN,-1.00,44.32,0.02,43.34,NaN,NaN,NaN,NaN,NaN,NaN,NaN,NaN,NaN,NaN
624.81,36.02,30.64,36.00,20.00,AUTO,0,43,NaN,-1.00,44.32,0.02,43.34,NaN,NaN,NaN,NaN,NaN,NaN,NaN,NaN,NaN,NaN
625.81,36.02,30.64,36.00,20.00,AUTO,0,43,NaN,-1.00,44.32,0.02,43.34,NaN,NaN,NaN,NaN,NaN,NaN,NaN,NaN,NaN,NaN
626.82,36.02,30.64,36.00,20.00,AUTO,0,43,NaN,-1.00,44.32,0.02,43.34,NaN,NaN,NaN,NaN,NaN,NaN,NaN,NaN,NaN,NaN
627.82,36.02,30.64,36.00,20.00,AUTO,0,43,NaN,-1.00,44.32,0.02,43.34,NaN,NaN,NaN,NaN,NaN,NaN,NaN,NaN,NaN,NaN
628.82,36.02,30.64,36.00,20.00,AUTO,0,43,NaN,-1.00,44.32,0.02,43.34,NaN,NaN,NaN,NaN,NaN,NaN,NaN,NaN,NaN,NaN
629.82,36.02,30.64,36.00,20.00,AUTO,0,43,NaN,-1.00,44.32,0.02,43.34,NaN,NaN,NaN,NaN,NaN,NaN,NaN,NaN,NaN,NaN
630.82,36.02,30.64,36.00,20.00,AUTO,0,43,NaN,-1.00,44.32,0.02,43.34,NaN,NaN,NaN,NaN,NaN,NaN,NaN,NaN,NaN,NaN
631.83,35.98,30.64,36.00,20.00,AUTO,0,43,NaN,-1.00,44.24,-0.19,43.06,NaN,NaN,NaN,NaN,NaN,NaN,NaN,NaN,NaN,NaN
632.83,35.98,30.64,36.00,20.00,AUTO,0,43,NaN,-1.00,44.24,-0.19,43.06,NaN,NaN,NaN,NaN,NaN,NaN,NaN,NaN,NaN,NaN
633.83,35.99,30.73,36.00,20.00,AUTO,0,43,NaN,-1.00,44.24,-0.19,43.06,NaN,NaN,NaN,NaN,NaN,NaN,NaN,NaN,NaN,NaN
634.83,35.99,30.73,36.00,20.00,AUTO,0,43,NaN,-1.00,44.24,-0.19,43.06,NaN,NaN,NaN,NaN,NaN,NaN,NaN,NaN,NaN,NaN
635.83,35.98,30.73,36.00,20.00,AUTO,0,43,NaN,-1.00,44.24,-0.19,43.06,NaN,NaN,NaN,NaN,NaN,NaN,NaN,NaN,NaN,NaN
636.83,35.98,30.73,36.00,20.00,AUTO,0,43,NaN,-1.00,44.24,-0.19,43.06,NaN,NaN,NaN,NaN,NaN,NaN,NaN,NaN,NaN,NaN
637.83,35.99,30.73,36.00,20.00,AUTO,0,43,NaN,-1.00,44.24,-0.19,43.06,NaN,NaN,NaN,NaN,NaN,NaN,NaN,NaN,NaN,NaN
638.83,36.02,30.73,36.00,20.00,AUTO,0,43,NaN,-1.00,44.24,-0.19,43.06,NaN,NaN,NaN,NaN,NaN,NaN,NaN,NaN,NaN,NaN
639.84,36.02,30.73,36.00,20.00,AUTO,0,43,NaN,-1.00,44.24,-0.19,43.06,NaN,NaN,NaN,NaN,NaN,NaN,NaN,NaN,NaN,NaN
640.84,36.02,30.73,36.00,20.00,AUTO,0,43,NaN,-1.00,44.24,-0.19,43.06,NaN,NaN,NaN,NaN,NaN,NaN,NaN,NaN,NaN,NaN
641.84,36.02,30.73,36.00,20.00,AUTO,0,43,NaN,-1.00,44.24,-0.19,43.06,NaN,NaN,NaN,NaN,NaN,NaN,NaN,NaN,NaN,NaN
642.84,36.02,30.73,36.00,20.00,AUTO,0,43,NaN,-1.00,44.24,-0.19,43.06,NaN,NaN,NaN,NaN,NaN,NaN,NaN,NaN,NaN,NaN
643.84,36.02,30.73,36.00,20.00,AUTO,0,43,NaN,-1.00,44.24,-0.19,43.06,NaN,NaN,NaN,NaN,NaN,NaN,NaN,NaN,NaN,NaN
644.84,36.02,30.73,36.00,20.00,AUTO,0,43,NaN,-1.00,44.24,-0.19,43.06,NaN,NaN,NaN,NaN,NaN,NaN,NaN,NaN,NaN,NaN
645.85,36.02,30.73,36.00,20.00,AUTO,0,43,NaN,-1.00,44.24,-0.19,43.06,NaN,NaN,NaN,NaN,NaN,NaN,NaN,NaN,NaN,NaN
646.85,36.00,30.73,36.00,20.00,AUTO,0,43,NaN,-1.00,44.22,-0.30,42.93,NaN,NaN,NaN,NaN,NaN,NaN,NaN,NaN,NaN,NaN
647.85,36.00,30.73,36.00,20.00,AUTO,0,43,NaN,-1.00,44.22,-0.30,42.93,NaN,NaN,NaN,NaN,NaN,NaN,NaN,NaN,NaN,NaN
648.85,36.02,30.73,36.00,20.00,AUTO,0,43,NaN,-1.00,44.22,-0.30,42.93,NaN,NaN,NaN,NaN,NaN,NaN,NaN,NaN,NaN,NaN
649.85,36.02,30.73,36.00,20.00,AUTO,0,43,NaN,-1.00,44.22,-0.30,42.93,NaN,NaN,NaN,NaN,NaN,NaN,NaN,NaN,NaN,NaN
650.86,36.00,30.73,36.00,20.00,AUTO,0,43,NaN,-1.00,44.22,-0.30,42.93,NaN,NaN,NaN,NaN,NaN,NaN,NaN,NaN,NaN,NaN
651.85,36.02,30.73,36.00,20.00,AUTO,0,43,NaN,-1.00,44.22,-0.30,42.93,NaN,NaN,NaN,NaN,NaN,NaN,NaN,NaN,NaN,NaN
652.86,36.00,30.77,36.00,20.00,AUTO,0,43,NaN,-1.00,44.22,-0.30,42.93,NaN,NaN,NaN,NaN,NaN,NaN,NaN,NaN,NaN,NaN
653.86,36.02,30.77,36.00,20.00,AUTO,0,43,NaN,-1.00,44.22,-0.30,42.93,NaN,NaN,NaN,NaN,NaN,NaN,NaN,NaN,NaN,NaN
654.86,36.02,30.77,36.00,20.00,AUTO,0,43,NaN,-1.00,44.22,-0.30,42.93,NaN,NaN,NaN,NaN,NaN,NaN,NaN,NaN,NaN,NaN
655.86,36.02,30.77,36.00,20.00,AUTO,0,43,NaN,-1.00,44.22,-0.30,42.93,NaN,NaN,NaN,NaN,NaN,NaN,NaN,NaN,NaN,NaN
656.86,36.02,30.77,36.00,20.00,AUTO,0,43,NaN,-1.00,44.22,-0.30,42.93,NaN,NaN,NaN,NaN,NaN,NaN,NaN,NaN,NaN,NaN
657.86,36.02,30.77,36.00,20.00,AUTO,0,43,NaN,-1.00,44.22,-0.30,42.93,NaN,NaN,NaN,NaN,NaN,NaN,NaN,NaN,NaN,NaN
658.87,36.02,30.77,36.00,20.00,AUTO,0,43,NaN,-1.00,44.22,-0.30,42.93,NaN,NaN,NaN,NaN,NaN,NaN,NaN,NaN,NaN,NaN
659.87,36.02,30.77,36.00,20.00,AUTO,0,43,NaN,-1.00,44.22,-0.30,42.93,NaN,NaN,NaN,NaN,NaN,NaN,NaN,NaN,NaN,NaN
660.87,36.02,30.77,36.00,20.00,AUTO,0,43,NaN,-1.00,44.22,-0.30,42.93,NaN,NaN,NaN,NaN,NaN,NaN,NaN,NaN,NaN,NaN
661.87,36.02,30.77,36.00,20.00,AUTO,0,43,NaN,-1.00,44.14,-0.10,43.03,NaN,NaN,NaN,NaN,NaN,NaN,NaN,NaN,NaN,NaN
662.87,36.02,30.77,36.00,20.00,AUTO,0,43,NaN,-1.00,44.14,-0.10,43.03,NaN,NaN,NaN,NaN,NaN,NaN,NaN,NaN,NaN,NaN
663.87,36.02,30.77,36.00,20.00,AUTO,0,43,NaN,-1.00,44.14,-0.10,43.03,NaN,NaN,NaN,NaN,NaN,NaN,NaN,NaN,NaN,NaN
664.88,36.02,30.77,36.00,20.00,AUTO,0,43,NaN,-1.00,44.14,-0.10,43.03,NaN,NaN,NaN,NaN,NaN,NaN,NaN,NaN,NaN,NaN
665.88,36.02,30.77,36.00,20.00,AUTO,0,43,NaN,-1.00,44.14,-0.10,43.03,NaN,NaN,NaN,NaN,NaN,NaN,NaN,NaN,NaN,NaN
666.88,36.02,30.77,36.00,20.00,AUTO,0,43,NaN,-1.00,44.14,-0.10,43.03,NaN,NaN,NaN,NaN,NaN,NaN,NaN,NaN,NaN,NaN
667.88,36.02,30.77,36.00,20.00,AUTO,0,43,NaN,-1.00,44.14,-0.10,43.03,NaN,NaN,NaN,NaN,NaN,NaN,NaN,NaN,NaN,NaN
668.88,36.02,30.77,36.00,20.00,AUTO,0,43,NaN,-1.00,44.14,-0.10,43.03,NaN,NaN,NaN,NaN,NaN,NaN,NaN,NaN,NaN,NaN
669.88,36.02,30.77,36.00,20.00,AUTO,0,43,NaN,-1.00,44.14,-0.10,43.03,NaN,NaN,NaN,NaN,NaN,NaN,NaN,NaN,NaN,NaN
670.88,36.02,30.80,36.00,20.00,AUTO,0,43,NaN,-1.00,44.14,-0.10,43.03,NaN,NaN,NaN,NaN,NaN,NaN,NaN,NaN,NaN,NaN
671.89,36.02,30.80,36.00,20.00,AUTO,0,43,NaN,-1.00,44.14,-0.10,43.03,NaN,NaN,NaN,NaN,NaN,NaN,NaN,NaN,NaN,NaN
672.89,36.02,30.80,36.00,20.00,AUTO,0,43,NaN,-1.00,44.14,-0.10,43.03,NaN,NaN,NaN,NaN,NaN,NaN,NaN,NaN,NaN,NaN
673.89,36.02,30.80,36.00,20.00,AUTO,0,43,NaN,-1.00,44.14,-0.10,43.03,NaN,NaN,NaN,NaN,NaN,NaN,NaN,NaN,NaN,NaN
674.89,36.02,30.80,36.00,20.00,AUTO,0,43,NaN,-1.00,44.14,-0.10,43.03,NaN,NaN,NaN,NaN,NaN,NaN,NaN,NaN,NaN,NaN
675.89,36.02,30.80,36.00,20.00,AUTO,0,43,NaN,-1.00,44.14,-0.10,43.03,NaN,NaN,NaN,NaN,NaN,NaN,NaN,NaN,NaN,NaN
676.90,36.01,30.80,36.00,20.00,AUTO,0,43,NaN,-1.00,44.02,0.00,43.02,NaN,NaN,NaN,NaN,NaN,NaN,NaN,NaN,NaN,NaN
677.90,36.00,30.80,36.00,20.00,AUTO,0,43,NaN,-1.00,44.02,0.00,43.02,NaN,NaN,NaN,NaN,NaN,NaN,NaN,NaN,NaN,NaN
678.90,36.00,30.80,36.00,20.00,AUTO,0,43,NaN,-1.00,44.02,0.00,43.02,NaN,NaN,NaN,NaN,NaN,NaN,NaN,NaN,NaN,NaN
679.90,35.99,30.80,36.00,20.00,AUTO,0,43,NaN,-1.00,44.02,0.00,43.02,NaN,NaN,NaN,NaN,NaN,NaN,NaN,NaN,NaN,NaN
680.90,36.00,30.80,36.00,20.00,AUTO,0,43,NaN,-1.00,44.02,0.00,43.02,NaN,NaN,NaN,NaN,NaN,NaN,NaN,NaN,NaN,NaN
681.90,35.99,30.80,36.00,20.00,AUTO,0,43,NaN,-1.00,44.02,0.00,43.02,NaN,NaN,NaN,NaN,NaN,NaN,NaN,NaN,NaN,NaN
682.91,35.99,30.80,36.00,20.00,AUTO,0,43,NaN,-1.00,44.02,0.00,43.02,NaN,NaN,NaN,NaN,NaN,NaN,NaN,NaN,NaN,NaN
683.91,36.02,30.80,36.00,20.00,AUTO,0,43,NaN,-1.00,44.02,0.00,43.02,NaN,NaN,NaN,NaN,NaN,NaN,NaN,NaN,NaN,NaN
684.91,36.02,30.85,36.00,20.00,AUTO,0,43,NaN,-1.00,44.02,0.00,43.02,NaN,NaN,NaN,NaN,NaN,NaN,NaN,NaN,NaN,NaN
685.91,36.02,30.85,36.00,20.00,AUTO,0,43,NaN,-1.00,44.02,0.00,43.02,NaN,NaN,NaN,NaN,NaN,NaN,NaN,NaN,NaN,NaN
686.91,36.02,30.85,36.00,20.00,AUTO,0,43,NaN,-1.00,44.02,0.00,43.02,NaN,NaN,NaN,NaN,NaN,NaN,NaN,NaN,NaN,NaN
687.91,36.02,30.85,36.00,20.00,AUTO,0,43,NaN,-1.00,44.02,0.00,43.02,NaN,NaN,NaN,NaN,NaN,NaN,NaN,NaN,NaN,NaN
688.91,36.02,30.85,36.00,20.00,AUTO,0,43,NaN,-1.00,44.02,0.00,43.02,NaN,NaN,NaN,NaN,NaN,NaN,NaN,NaN,NaN,NaN
689.91,36.02,30.85,36.00,20.00,AUTO,0,43,NaN,-1.00,44.02,0.00,43.02,NaN,NaN,NaN,NaN,NaN,NaN,NaN,NaN,NaN,NaN
690.92,36.02,30.85,36.00,20.00,AUTO,0,43,NaN,-1.00,44.02,0.00,43.02,NaN,NaN,NaN,NaN,NaN,NaN,NaN,NaN,NaN,NaN
691.92,35.98,30.85,36.00,20.00,AUTO,0,43,NaN,-1.00,43.96,-0.12,42.84,NaN,NaN,NaN,NaN,NaN,NaN,NaN,NaN,NaN,NaN
692.92,35.98,30.85,36.00,20.00,AUTO,0,43,NaN,-1.00,43.96,-0.12,42.84,NaN,NaN,NaN,NaN,NaN,NaN,NaN,NaN,NaN,NaN
693.92,35.98,30.85,36.00,20.00,AUTO,0,43,NaN,-1.00,43.96,-0.12,42.84,NaN,NaN,NaN,NaN,NaN,NaN,NaN,NaN,NaN,NaN
694.92,35.97,30.89,36.00,20.00,AUTO,0,43,NaN,-1.00,43.96,-0.12,42.84,NaN,NaN,NaN,NaN,NaN,NaN,NaN,NaN,NaN,NaN
695.93,35.96,30.89,36.00,20.00,AUTO,0,43,NaN,-1.00,43.96,-0.12,42.84,NaN,NaN,NaN,NaN,NaN,NaN,NaN,NaN,NaN,NaN
696.93,35.96,30.89,36.00,20.00,AUTO,0,43,NaN,-1.00,43.96,-0.12,42.84,NaN,NaN,NaN,NaN,NaN,NaN,NaN,NaN,NaN,NaN
697.93,35.96,30.89,36.00,20.00,AUTO,0,43,NaN,-1.00,43.96,-0.12,42.84,NaN,NaN,NaN,NaN,NaN,NaN,NaN,NaN,NaN,NaN
698.93,35.99,30.89,36.00,20.00,AUTO,0,43,NaN,-1.00,43.96,-0.12,42.84,NaN,NaN,NaN,NaN,NaN,NaN,NaN,NaN,NaN,NaN
699.93,35.98,30.89,36.00,20.00,AUTO,0,43,NaN,-1.00,43.96,-0.12,42.84,NaN,NaN,NaN,NaN,NaN,NaN,NaN,NaN,NaN,NaN
700.93,35.98,30.89,36.00,20.00,AUTO,0,43,NaN,-1.00,43.96,-0.12,42.84,NaN,NaN,NaN,NaN,NaN,NaN,NaN,NaN,NaN,NaN
701.94,35.98,30.93,36.00,20.00,AUTO,0,43,NaN,-1.00,43.96,-0.12,42.84,NaN,NaN,NaN,NaN,NaN,NaN,NaN,NaN,NaN,NaN
702.93,35.98,30.93,36.00,20.00,AUTO,0,43,NaN,-1.00,43.96,-0.12,42.84,NaN,NaN,NaN,NaN,NaN,NaN,NaN,NaN,NaN,NaN
703.94,35.97,30.93,36.00,20.00,AUTO,0,43,NaN,-1.00,43.96,-0.12,42.84,NaN,NaN,NaN,NaN,NaN,NaN,NaN,NaN,NaN,NaN
704.94,35.97,30.93,36.00,20.00,AUTO,0,43,NaN,-1.00,43.96,-0.12,42.84,NaN,NaN,NaN,NaN,NaN,NaN,NaN,NaN,NaN,NaN
705.94,35.97,30.93,36.00,20.00,AUTO,0,43,NaN,-1.00,43.96,-0.12,42.84,NaN,NaN,NaN,NaN,NaN,NaN,NaN,NaN,NaN,NaN
706.94,35.95,30.93,36.00,20.00,AUTO,0,47,NaN,1.50,44.12,1.31,46.93,NaN,NaN,NaN,NaN,NaN,NaN,NaN,NaN,NaN,NaN
707.94,35.94,30.93,36.00,20.00,AUTO,0,47,NaN,1.50,44.12,1.31,46.93,NaN,NaN,NaN,NaN,NaN,NaN,NaN,NaN,NaN,NaN
708.95,35.94,30.93,36.00,20.00,AUTO,0,47,NaN,1.50,44.12,1.31,46.93,NaN,NaN,NaN,NaN,NaN,NaN,NaN,NaN,NaN,NaN
709.95,35.94,30.93,36.00,20.00,AUTO,0,47,NaN,1.50,44.12,1.31,46.93,NaN,NaN,NaN,NaN,NaN,NaN,NaN,NaN,NaN,NaN
710.95,35.94,30.93,36.00,20.00,AUTO,0,47,NaN,1.50,44.12,1.31,46.93,NaN,NaN,NaN,NaN,NaN,NaN,NaN,NaN,NaN,NaN
711.95,35.94,30.93,36.00,20.00,AUTO,0,47,NaN,1.50,44.12,1.31,46.93,NaN,NaN,NaN,NaN,NaN,NaN,NaN,NaN,NaN,NaN
712.95,35.94,30.97,36.00,20.00,AUTO,0,47,NaN,1.50,44.12,1.31,46.93,NaN,NaN,NaN,NaN,NaN,NaN,NaN,NaN,NaN,NaN
713.95,35.94,30.97,36.00,20.00,AUTO,0,47,NaN,1.50,44.12,1.31,46.93,NaN,NaN,NaN,NaN,NaN,NaN,NaN,NaN,NaN,NaN
714.96,35.96,30.97,36.00,20.00,AUTO,0,47,NaN,1.50,44.12,1.31,46.93,NaN,NaN,NaN,NaN,NaN,NaN,NaN,NaN,NaN,NaN
715.96,35.96,30.97,36.00,20.00,AUTO,0,47,NaN,1.50,44.12,1.31,46.93,NaN,NaN,NaN,NaN,NaN,NaN,NaN,NaN,NaN,NaN
716.96,35.96,30.97,36.00,20.00,AUTO,0,47,NaN,1.50,44.12,1.31,46.93,NaN,NaN,NaN,NaN,NaN,NaN,NaN,NaN,NaN,NaN
717.96,35.96,30.97,36.00,20.00,AUTO,0,47,NaN,1.50,44.12,1.31,46.93,NaN,NaN,NaN,NaN,NaN,NaN,NaN,NaN,NaN,NaN
718.96,35.96,30.97,36.00,20.00,AUTO,0,47,NaN,1.50,44.12,1.31,46.93,NaN,NaN,NaN,NaN,NaN,NaN,NaN,NaN,NaN,NaN
719.96,35.96,30.97,36.00,20.00,AUTO,0,47,NaN,1.50,44.12,1.31,46.93,NaN,NaN,NaN,NaN,NaN,NaN,NaN,NaN,NaN,NaN
720.96,35.96,30.97,36.00,20.00,AUTO,0,47,NaN,1.50,44.12,1.31,46.93,NaN,NaN,NaN,NaN,NaN,NaN,NaN,NaN,NaN,NaN
721.97,35.93,30.97,36.00,20.00,AUTO,0,47,NaN,2.00,44.42,0.33,46.75,NaN,NaN,NaN,NaN,NaN,NaN,NaN,NaN,NaN,NaN
722.97,35.93,30.97,36.00,20.00,AUTO,0,47,NaN,2.00,44.42,0.33,46.75,NaN,NaN,NaN,NaN,NaN,NaN,NaN,NaN,NaN,NaN
723.97,35.93,30.97,36.00,20.00,AUTO,0,47,NaN,2.00,44.42,0.33,46.75,NaN,NaN,NaN,NaN,NaN,NaN,NaN,NaN,NaN,NaN
724.97,35.92,31.01,36.00,20.00,AUTO,0,47,NaN,2.00,44.42,0.33,46.75,NaN,NaN,NaN,NaN,NaN,NaN,NaN,NaN,NaN,NaN
725.97,35.93,31.01,36.00,20.00,AUTO,0,47,NaN,2.00,44.42,0.33,46.75,NaN,NaN,NaN,NaN,NaN,NaN,NaN,NaN,NaN,NaN
726.97,35.92,31.01,36.00,20.00,AUTO,0,47,NaN,2.00,44.42,0.33,46.75,NaN,NaN,NaN,NaN,NaN,NaN,NaN,NaN,NaN,NaN
727.98,35.92,31.01,36.00,20.00,AUTO,0,47,NaN,2.00,44.42,0.33,46.75,NaN,NaN,NaN,NaN,NaN,NaN,NaN,NaN,NaN,NaN
728.98,35.94,31.01,36.00,20.00,AUTO,0,47,NaN,2.00,44.42,0.33,46.75,NaN,NaN,NaN,NaN,NaN,NaN,NaN,NaN,NaN,NaN
729.98,35.95,31.01,36.00,20.00,AUTO,0,47,NaN,2.00,44.42,0.33,46.75,NaN,NaN,NaN,NaN,NaN,NaN,NaN,NaN,NaN,NaN
730.98,35.94,31.01,36.00,20.00,AUTO,0,47,NaN,2.00,44.42,0.33,46.75,NaN,NaN,NaN,NaN,NaN,NaN,NaN,NaN,NaN,NaN
731.98,35.94,31.01,36.00,20.00,AUTO,0,47,NaN,2.00,44.42,0.33,46.75,NaN,NaN,NaN,NaN,NaN,NaN,NaN,NaN,NaN,NaN
732.98,35.94,31.01,36.00,20.00,AUTO,0,47,NaN,2.00,44.42,0.33,46.75,NaN,NaN,NaN,NaN,NaN,NaN,NaN,NaN,NaN,NaN
733.98,35.94,31.01,36.00,20.00,AUTO,0,47,NaN,2.00,44.42,0.33,46.75,NaN,NaN,NaN,NaN,NaN,NaN,NaN,NaN,NaN,NaN
734.98,35.94,31.05,36.00,20.00,AUTO,0,47,NaN,2.00,44.42,0.33,46.75,NaN,NaN,NaN,NaN,NaN,NaN,NaN,NaN,NaN,NaN
735.99,35.94,31.05,36.00,20.00,AUTO,0,47,NaN,2.00,44.42,0.33,46.75,NaN,NaN,NaN,NaN,NaN,NaN,NaN,NaN,NaN,NaN
736.99,35.92,31.05,36.00,20.00,AUTO,0,48,NaN,3.00,44.81,0.46,48.27,NaN,NaN,NaN,NaN,NaN,NaN,NaN,NaN,NaN,NaN
737.99,35.90,31.05,36.00,20.00,AUTO,0,48,NaN,3.00,44.81,0.46,48.27,NaN,NaN,NaN,NaN,NaN,NaN,NaN,NaN,NaN,NaN
738.99,35.90,31.05,36.00,20.00,AUTO,0,48,NaN,3.00,44.81,0.46,48.27,NaN,NaN,NaN,NaN,NaN,NaN,NaN,NaN,NaN,NaN
740.01,35.90,31.05,36.00,20.00,AUTO,0,48,NaN,3.00,44.81,0.46,48.27,NaN,NaN,NaN,NaN,NaN,NaN,NaN,NaN,NaN,NaN
741.00,35.90,31.05,36.00,20.00,AUTO,0,48,NaN,3.00,44.81,0.46,48.27,NaN,NaN,NaN,NaN,NaN,NaN,NaN,NaN,NaN,NaN
742.00,35.90,31.05,36.00,20.00,AUTO,0,48,NaN,3.00,44.81,0.46,48.27,NaN,NaN,NaN,NaN,NaN,NaN,NaN,NaN,NaN,NaN
743.00,35.90,31.05,36.00,20.00,AUTO,0,48,NaN,3.00,44.81,0.46,48.27,NaN,NaN,NaN,NaN,NaN,NaN,NaN,NaN,NaN,NaN
744.00,35.89,31.05,36.00,20.00,AUTO,0,48,NaN,3.00,44.81,0.46,48.27,NaN,NaN,NaN,NaN,NaN,NaN,NaN,NaN,NaN,NaN
745.00,35.92,31.05,36.00,20.00,AUTO,0,48,NaN,3.00,44.81,0.46,48.27,NaN,NaN,NaN,NaN,NaN,NaN,NaN,NaN,NaN,NaN
746.00,35.92,31.05,36.00,20.00,AUTO,0,48,NaN,3.00,44.81,0.46,48.27,NaN,NaN,NaN,NaN,NaN,NaN,NaN,NaN,NaN,NaN
747.01,35.93,31.05,36.00,20.00,AUTO,0,48,NaN,3.00,44.81,0.46,48.27,NaN,NaN,NaN,NaN,NaN,NaN,NaN,NaN,NaN,NaN
748.01,35.93,31.09,36.00,20.00,AUTO,0,48,NaN,3.00,44.81,0.46,48.27,NaN,NaN,NaN,NaN,NaN,NaN,NaN,NaN,NaN,NaN
749.01,35.93,31.09,36.00,20.00,AUTO,0,48,NaN,3.00,44.81,0.46,48.27,NaN,NaN,NaN,NaN,NaN,NaN,NaN,NaN,NaN,NaN
750.01,35.94,31.09,36.00,20.00,AUTO,0,48,NaN,3.00,44.81,0.46,48.27,NaN,NaN,NaN,NaN,NaN,NaN,NaN,NaN,NaN,NaN
751.01,35.93,31.09,36.00,20.00,AUTO,0,48,NaN,3.00,44.81,0.46,48.27,NaN,NaN,NaN,NaN,NaN,NaN,NaN,NaN,NaN,NaN
752.01,35.90,31.09,36.00,20.00,AUTO,0,49,NaN,3.25,45.33,0.18,48.76,NaN,NaN,NaN,NaN,NaN,NaN,NaN,NaN,NaN,NaN
753.01,35.90,31.09,36.00,20.00,AUTO,0,49,NaN,3.25,45.33,0.18,48.76,NaN,NaN,NaN,NaN,NaN,NaN,NaN,NaN,NaN,NaN
754.01,35.90,31.09,36.00,20.00,AUTO,0,49,NaN,3.25,45.33,0.18,48.76,NaN,NaN,NaN,NaN,NaN,NaN,NaN,NaN,NaN,NaN
755.02,35.90,31.09,36.00,20.00,AUTO,0,49,NaN,3.25,45.33,0.18,48.76,NaN,NaN,NaN,NaN,NaN,NaN,NaN,NaN,NaN,NaN
756.02,35.90,31.09,36.00,20.00,AUTO,0,49,NaN,3.25,45.33,0.18,48.76,NaN,NaN,NaN,NaN,NaN,NaN,NaN,NaN,NaN,NaN
757.02,35.90,31.09,36.00,20.00,AUTO,0,49,NaN,3.25,45.33,0.18,48.76,NaN,NaN,NaN,NaN,NaN,NaN,NaN,NaN,NaN,NaN
758.02,35.90,31.09,36.00,20.00,AUTO,0,49,NaN,3.25,45.33,0.18,48.76,NaN,NaN,NaN,NaN,NaN,NaN,NaN,NaN,NaN,NaN
759.02,35.92,31.09,36.00,20.00,AUTO,0,49,NaN,3.25,45.33,0.18,48.76,NaN,NaN,NaN,NaN,NaN,NaN,NaN,NaN,NaN,NaN
760.03,35.94,31.09,36.00,20.00,AUTO,0,49,NaN,3.25,45.33,0.18,48.76,NaN,NaN,NaN,NaN,NaN,NaN,NaN,NaN,NaN,NaN
761.03,35.94,31.09,36.00,20.00,AUTO,0,49,NaN,3.25,45.33,0.18,48.76,NaN,NaN,NaN,NaN,NaN,NaN,NaN,NaN,NaN,NaN
762.03,35.94,31.09,36.00,20.00,AUTO,0,49,NaN,3.25,45.33,0.18,48.76,NaN,NaN,NaN,NaN,NaN,NaN,NaN,NaN,NaN,NaN
763.03,35.94,31.09,36.00,20.00,AUTO,0,49,NaN,3.25,45.33,0.18,48.76,NaN,NaN,NaN,NaN,NaN,NaN,NaN,NaN,NaN,NaN
764.03,35.95,31.09,36.00,20.00,AUTO,0,49,NaN,3.25,45.33,0.18,48.76,NaN,NaN,NaN,NaN,NaN,NaN,NaN,NaN,NaN,NaN
765.03,35.95,31.09,36.00,20.00,AUTO,0,49,NaN,3.25,45.33,0.18,48.76,NaN,NaN,NaN,NaN,NaN,NaN,NaN,NaN,NaN,NaN
766.04,35.95,31.09,36.00,20.00,AUTO,0,49,NaN,3.25,45.33,0.18,48.76,NaN,NaN,NaN,NaN,NaN,NaN,NaN,NaN,NaN,NaN
767.04,35.93,31.09,36.00,20.00,AUTO,0,48,NaN,2.50,45.80,-0.70,47.59,NaN,NaN,NaN,NaN,NaN,NaN,NaN,NaN,NaN,NaN
768.04,35.93,31.09,36.00,20.00,AUTO,0,48,NaN,2.50,45.80,-0.70,47.59,NaN,NaN,NaN,NaN,NaN,NaN,NaN,NaN,NaN,NaN
769.04,35.93,31.09,36.00,20.00,AUTO,0,48,NaN,2.50,45.80,-0.70,47.59,NaN,NaN,NaN,NaN,NaN,NaN,NaN,NaN,NaN,NaN
770.04,35.93,31.09,36.00,20.00,AUTO,0,48,NaN,2.50,45.80,-0.70,47.59,NaN,NaN,NaN,NaN,NaN,NaN,NaN,NaN,NaN,NaN
771.04,35.93,31.09,36.00,20.00,AUTO,0,48,NaN,2.50,45.80,-0.70,47.59,NaN,NaN,NaN,NaN,NaN,NaN,NaN,NaN,NaN,NaN
772.04,35.93,31.13,36.00,20.00,AUTO,0,48,NaN,2.50,45.80,-0.70,47.59,NaN,NaN,NaN,NaN,NaN,NaN,NaN,NaN,NaN,NaN
773.05,35.93,31.13,36.00,20.00,AUTO,0,48,NaN,2.50,45.80,-0.70,47.59,NaN,NaN,NaN,NaN,NaN,NaN,NaN,NaN,NaN,NaN
774.05,35.93,31.13,36.00,20.00,AUTO,0,48,NaN,2.50,45.80,-0.70,47.59,NaN,NaN,NaN,NaN,NaN,NaN,NaN,NaN,NaN,NaN
775.05,35.95,31.13,36.00,20.00,AUTO,0,48,NaN,2.50,45.80,-0.70,47.59,NaN,NaN,NaN,NaN,NaN,NaN,NaN,NaN,NaN,NaN
776.05,35.96,31.13,36.00,20.00,AUTO,0,48,NaN,2.50,45.80,-0.70,47.59,NaN,NaN,NaN,NaN,NaN,NaN,NaN,NaN,NaN,NaN
777.05,35.96,31.13,36.00,20.00,AUTO,0,48,NaN,2.50,45.80,-0.70,47.59,NaN,NaN,NaN,NaN,NaN,NaN,NaN,NaN,NaN,NaN
778.05,35.96,31.13,36.00,20.00,AUTO,0,48,NaN,2.50,45.80,-0.70,47.59,NaN,NaN,NaN,NaN,NaN,NaN,NaN,NaN,NaN,NaN
779.06,35.97,31.09,36.00,20.00,AUTO,0,48,NaN,2.50,45.80,-0.70,47.59,NaN,NaN,NaN,NaN,NaN,NaN,NaN,NaN,NaN,NaN
780.05,35.97,31.13,36.00,20.00,AUTO,0,48,NaN,2.50,45.80,-0.70,47.59,NaN,NaN,NaN,NaN,NaN,NaN,NaN,NaN,NaN,NaN
781.06,35.97,31.09,36.00,20.00,AUTO,0,48,NaN,2.50,45.80,-0.70,47.59,NaN,NaN,NaN,NaN,NaN,NaN,NaN,NaN,NaN,NaN
782.06,35.95,31.13,36.00,20.00,AUTO,0,47,NaN,1.50,46.12,-0.76,46.86,NaN,NaN,NaN,NaN,NaN,NaN,NaN,NaN,NaN,NaN
783.06,35.95,31.09,36.00,20.00,AUTO,0,47,NaN,1.50,46.12,-0.76,46.86,NaN,NaN,NaN,NaN,NaN,NaN,NaN,NaN,NaN,NaN
784.07,35.95,31.13,36.00,20.00,AUTO,0,47,NaN,1.50,46.12,-0.76,46.86,NaN,NaN,NaN,NaN,NaN,NaN,NaN,NaN,NaN,NaN
785.06,35.95,31.13,36.00,20.00,AUTO,0,47,NaN,1.50,46.12,-0.76,46.86,NaN,NaN,NaN,NaN,NaN,NaN,NaN,NaN,NaN,NaN
786.07,35.96,31.13,36.00,20.00,AUTO,0,47,NaN,1.50,46.12,-0.76,46.86,NaN,NaN,NaN,NaN,NaN,NaN,NaN,NaN,NaN,NaN
787.07,35.95,31.13,36.00,20.00,AUTO,0,47,NaN,1.50,46.12,-0.76,46.86,NaN,NaN,NaN,NaN,NaN,NaN,NaN,NaN,NaN,NaN
788.07,35.96,31.13,36.00,20.00,AUTO,0,47,NaN,1.50,46.12,-0.76,46.86,NaN,NaN,NaN,NaN,NaN,NaN,NaN,NaN,NaN,NaN
789.07,35.97,31.13,36.00,20.00,AUTO,0,47,NaN,1.50,46.12,-0.76,46.86,NaN,NaN,NaN,NaN,NaN,NaN,NaN,NaN,NaN,NaN
790.07,36.00,31.13,36.00,20.00,AUTO,0,47,NaN,1.50,46.12,-0.76,46.86,NaN,NaN,NaN,NaN,NaN,NaN,NaN,NaN,NaN,NaN
791.07,35.99,31.13,36.00,20.00,AUTO,0,47,NaN,1.50,46.12,-0.76,46.86,NaN,NaN,NaN,NaN,NaN,NaN,NaN,NaN,NaN,NaN
792.08,35.98,31.13,36.00,20.00,AUTO,0,47,NaN,1.50,46.12,-0.76,46.86,NaN,NaN,NaN,NaN,NaN,NaN,NaN,NaN,NaN,NaN
793.08,35.98,31.13,36.00,20.00,AUTO,0,47,NaN,1.50,46.12,-0.76,46.86,NaN,NaN,NaN,NaN,NaN,NaN,NaN,NaN,NaN,NaN
794.08,35.97,31.13,36.00,20.00,AUTO,0,47,NaN,1.50,46.12,-0.76,46.86,NaN,NaN,NaN,NaN,NaN,NaN,NaN,NaN,NaN,NaN
795.08,35.98,31.13,36.00,20.00,AUTO,0,47,NaN,1.50,46.12,-0.76,46.86,NaN,NaN,NaN,NaN,NaN,NaN,NaN,NaN,NaN,NaN
796.08,35.98,31.13,36.00,20.00,AUTO,0,47,NaN,1.50,46.12,-0.76,46.86,NaN,NaN,NaN,NaN,NaN,NaN,NaN,NaN,NaN,NaN
797.09,35.96,31.13,36.00,20.00,AUTO,0,47,NaN,1.00,46.32,-0.67,46.64,NaN,NaN,NaN,NaN,NaN,NaN,NaN,NaN,NaN,NaN
798.09,35.96,31.13,36.00,20.00,AUTO,0,47,NaN,1.00,46.32,-0.67,46.64,NaN,NaN,NaN,NaN,NaN,NaN,NaN,NaN,NaN,NaN
799.08,35.96,31.13,36.00,20.00,AUTO,0,47,NaN,1.00,46.32,-0.67,46.64,NaN,NaN,NaN,NaN,NaN,NaN,NaN,NaN,NaN,NaN
800.09,35.96,31.13,36.00,20.00,AUTO,0,47,NaN,1.00,46.32,-0.67,46.64,NaN,NaN,NaN,NaN,NaN,NaN,NaN,NaN,NaN,NaN
801.09,35.96,31.13,36.00,20.00,AUTO,0,47,NaN,1.00,46.32,-0.67,46.64,NaN,NaN,NaN,NaN,NaN,NaN,NaN,NaN,NaN,NaN
802.09,35.97,31.13,36.00,20.00,AUTO,0,47,NaN,1.00,46.32,-0.67,46.64,NaN,NaN,NaN,NaN,NaN,NaN,NaN,NaN,NaN,NaN
803.09,35.98,31.13,36.00,20.00,AUTO,0,47,NaN,1.00,46.32,-0.67,46.64,NaN,NaN,NaN,NaN,NaN,NaN,NaN,NaN,NaN,NaN
804.09,36.00,31.13,36.00,20.00,AUTO,0,47,NaN,1.00,46.32,-0.67,46.64,NaN,NaN,NaN,NaN,NaN,NaN,NaN,NaN,NaN,NaN
805.10,36.00,31.13,36.00,20.00,AUTO,0,47,NaN,1.00,46.32,-0.67,46.64,NaN,NaN,NaN,NaN,NaN,NaN,NaN,NaN,NaN,NaN
806.10,36.02,31.13,36.00,20.00,AUTO,0,47,NaN,1.00,46.32,-0.67,46.64,NaN,NaN,NaN,NaN,NaN,NaN,NaN,NaN,NaN,NaN
807.10,36.02,31.13,36.00,20.00,AUTO,0,47,NaN,1.00,46.32,-0.67,46.64,NaN,NaN,NaN,NaN,NaN,NaN,NaN,NaN,NaN,NaN
808.10,36.02,31.13,36.00,20.00,AUTO,0,47,NaN,1.00,46.32,-0.67,46.64,NaN,NaN,NaN,NaN,NaN,NaN,NaN,NaN,NaN,NaN
809.10,36.02,31.13,36.00,20.00,AUTO,0,47,NaN,1.00,46.32,-0.67,46.64,NaN,NaN,NaN,NaN,NaN,NaN,NaN,NaN,NaN,NaN
810.10,36.02,31.13,36.00,20.00,AUTO,0,47,NaN,1.00,46.32,-0.67,46.64,NaN,NaN,NaN,NaN,NaN,NaN,NaN,NaN,NaN,NaN
811.11,36.02,31.13,36.00,20.00,AUTO,0,47,NaN,1.00,46.32,-0.67,46.64,NaN,NaN,NaN,NaN,NaN,NaN,NaN,NaN,NaN,NaN
812.11,35.98,31.13,36.00,20.00,AUTO,0,44,NaN,-1.00,46.37,-1.59,43.77,NaN,NaN,NaN,NaN,NaN,NaN,NaN,NaN,NaN,NaN
813.11,35.99,31.13,36.00,20.00,AUTO,0,44,NaN,-1.00,46.37,-1.59,43.77,NaN,NaN,NaN,NaN,NaN,NaN,NaN,NaN,NaN,NaN
814.11,35.98,31.17,36.00,20.00,AUTO,0,44,NaN,-1.00,46.37,-1.59,43.77,NaN,NaN,NaN,NaN,NaN,NaN,NaN,NaN,NaN,NaN
815.11,35.98,31.17,36.00,20.00,AUTO,0,44,NaN,-1.00,46.37,-1.59,43.77,NaN,NaN,NaN,NaN,NaN,NaN,NaN,NaN,NaN,NaN
816.12,35.98,31.17,36.00,20.00,AUTO,0,44,NaN,-1.00,46.37,-1.59,43.77,NaN,NaN,NaN,NaN,NaN,NaN,NaN,NaN,NaN,NaN
817.11,35.99,31.17,36.00,20.00,AUTO,0,44,NaN,-1.00,46.37,-1.59,43.77,NaN,NaN,NaN,NaN,NaN,NaN,NaN,NaN,NaN,NaN
818.12,35.98,31.17,36.00,20.00,AUTO,0,44,NaN,-1.00,46.37,-1.59,43.77,NaN,NaN,NaN,NaN,NaN,NaN,NaN,NaN,NaN,NaN
819.12,36.02,31.13,36.00,20.00,AUTO,0,44,NaN,-1.00,46.37,-1.59,43.77,NaN,NaN,NaN,NaN,NaN,NaN,NaN,NaN,NaN,NaN
820.12,36.02,31.17,36.00,20.00,AUTO,0,44,NaN,-1.00,46.37,-1.59,43.77,NaN,NaN,NaN,NaN,NaN,NaN,NaN,NaN,NaN,NaN
821.12,36.02,31.17,36.00,20.00,AUTO,0,44,NaN,-1.00,46.37,-1.59,43.77,NaN,NaN,NaN,NaN,NaN,NaN,NaN,NaN,NaN,NaN
822.12,36.02,31.17,36.00,20.00,AUTO,0,44,NaN,-1.00,46.37,-1.59,43.77,NaN,NaN,NaN,NaN,NaN,NaN,NaN,NaN,NaN,NaN
823.12,36.02,31.17,36.00,20.00,AUTO,0,44,NaN,-1.00,46.37,-1.59,43.77,NaN,NaN,NaN,NaN,NaN,NaN,NaN,NaN,NaN,NaN
824.13,36.02,31.13,36.00,20.00,AUTO,0,44,NaN,-1.00,46.37,-1.59,43.77,NaN,NaN,NaN,NaN,NaN,NaN,NaN,NaN,NaN,NaN
825.13,36.02,31.17,36.00,20.00,AUTO,0,44,NaN,-1.00,46.37,-1.59,43.77,NaN,NaN,NaN,NaN,NaN,NaN,NaN,NaN,NaN,NaN
826.13,36.02,31.13,36.00,20.00,AUTO,0,44,NaN,-1.00,46.37,-1.59,43.77,NaN,NaN,NaN,NaN,NaN,NaN,NaN,NaN,NaN,NaN
827.13,36.02,31.13,36.00,20.00,AUTO,0,45,NaN,-1.00,46.35,-0.29,45.06,NaN,NaN,NaN,NaN,NaN,NaN,NaN,NaN,NaN,NaN
828.13,36.02,31.13,36.00,20.00,AUTO,0,45,NaN,-1.00,46.35,-0.29,45.06,NaN,NaN,NaN,NaN,NaN,NaN,NaN,NaN,NaN,NaN
829.14,36.02,31.13,36.00,20.00,AUTO,0,45,NaN,-1.00,46.35,-0.29,45.06,NaN,NaN,NaN,NaN,NaN,NaN,NaN,NaN,NaN,NaN
830.13,36.02,31.13,36.00,20.00,AUTO,0,45,NaN,-1.00,46.35,-0.29,45.06,NaN,NaN,NaN,NaN,NaN,NaN,NaN,NaN,NaN,NaN
831.14,36.02,31.13,36.00,20.00,AUTO,0,45,NaN,-1.00,46.35,-0.29,45.06,NaN,NaN,NaN,NaN,NaN,NaN,NaN,NaN,NaN,NaN
832.14,36.02,31.17,36.00,20.00,AUTO,0,45,NaN,-1.00,46.35,-0.29,45.06,NaN,NaN,NaN,NaN,NaN,NaN,NaN,NaN,NaN,NaN
833.14,36.02,31.17,36.00,20.00,AUTO,0,45,NaN,-1.00,46.35,-0.29,45.06,NaN,NaN,NaN,NaN,NaN,NaN,NaN,NaN,NaN,NaN
834.14,36.02,31.17,36.00,20.00,AUTO,0,45,NaN,-1.00,46.35,-0.29,45.06,NaN,NaN,NaN,NaN,NaN,NaN,NaN,NaN,NaN,NaN
835.14,36.02,31.17,36.00,20.00,AUTO,0,45,NaN,-1.00,46.35,-0.29,45.06,NaN,NaN,NaN,NaN,NaN,NaN,NaN,NaN,NaN,NaN
836.14,36.02,31.17,36.00,20.00,AUTO,0,45,NaN,-1.00,46.35,-0.29,45.06,NaN,NaN,NaN,NaN,NaN,NaN,NaN,NaN,NaN,NaN
837.15,36.02,31.17,36.00,20.00,AUTO,0,45,NaN,-1.00,46.35,-0.29,45.06,NaN,NaN,NaN,NaN,NaN,NaN,NaN,NaN,NaN,NaN
838.15,36.02,31.17,36.00,20.00,AUTO,0,45,NaN,-1.00,46.35,-0.29,45.06,NaN,NaN,NaN,NaN,NaN,NaN,NaN,NaN,NaN,NaN
839.15,36.02,31.17,36.00,20.00,AUTO,0,45,NaN,-1.00,46.35,-0.29,45.06,NaN,NaN,NaN,NaN,NaN,NaN,NaN,NaN,NaN,NaN
840.15,36.02,31.17,36.00,20.00,AUTO,0,45,NaN,-1.00,46.35,-0.29,45.06,NaN,NaN,NaN,NaN,NaN,NaN,NaN,NaN,NaN,NaN
841.15,36.02,31.17,36.00,20.00,AUTO,0,45,NaN,-1.00,46.35,-0.29,45.06,NaN,NaN,NaN,NaN,NaN,NaN,NaN,NaN,NaN,NaN
842.16,36.02,31.17,36.00,20.00,AUTO,0,45,NaN,-1.00,46.23,0.00,45.23,NaN,NaN,NaN,NaN,NaN,NaN,NaN,NaN,NaN,NaN
843.16,36.02,31.17,36.00,20.00,AUTO,0,45,NaN,-1.00,46.23,0.00,45.23,NaN,NaN,NaN,NaN,NaN,NaN,NaN,NaN,NaN,NaN
844.16,36.02,31.17,36.00,20.00,AUTO,0,45,NaN,-1.00,46.23,0.00,45.23,NaN,NaN,NaN,NaN,NaN,NaN,NaN,NaN,NaN,NaN
845.16,36.02,31.17,36.00,20.00,AUTO,0,45,NaN,-1.00,46.23,0.00,45.23,NaN,NaN,NaN,NaN,NaN,NaN,NaN,NaN,NaN,NaN
846.16,36.02,31.17,36.00,20.00,AUTO,0,45,NaN,-1.00,46.23,0.00,45.23,NaN,NaN,NaN,NaN,NaN,NaN,NaN,NaN,NaN,NaN
847.16,36.02,31.17,36.00,20.00,AUTO,0,45,NaN,-1.00,46.23,0.00,45.23,NaN,NaN,NaN,NaN,NaN,NaN,NaN,NaN,NaN,NaN
848.17,36.02,31.17,36.00,20.00,AUTO,0,45,NaN,-1.00,46.23,0.00,45.23,NaN,NaN,NaN,NaN,NaN,NaN,NaN,NaN,NaN,NaN
849.16,36.02,31.17,36.00,20.00,AUTO,0,45,NaN,-1.00,46.23,0.00,45.23,NaN,NaN,NaN,NaN,NaN,NaN,NaN,NaN,NaN,NaN
850.17,36.02,31.17,36.00,20.00,AUTO,0,45,NaN,-1.00,46.23,0.00,45.23,NaN,NaN,NaN,NaN,NaN,NaN,NaN,NaN,NaN,NaN
851.17,36.02,31.22,36.00,20.00,AUTO,0,45,NaN,-1.00,46.23,0.00,45.23,NaN,NaN,NaN,NaN,NaN,NaN,NaN,NaN,NaN,NaN
852.17,36.02,31.22,36.00,20.00,AUTO,0,45,NaN,-1.00,46.23,0.00,45.23,NaN,NaN,NaN,NaN,NaN,NaN,NaN,NaN,NaN,NaN
853.17,36.02,31.22,36.00,20.00,AUTO,0,45,NaN,-1.00,46.23,0.00,45.23,NaN,NaN,NaN,NaN,NaN,NaN,NaN,NaN,NaN,NaN
854.17,36.02,31.22,36.00,20.00,AUTO,0,45,NaN,-1.00,46.23,0.00,45.23,NaN,NaN,NaN,NaN,NaN,NaN,NaN,NaN,NaN,NaN
855.17,36.02,31.22,36.00,20.00,AUTO,0,45,NaN,-1.00,46.23,0.00,45.23,NaN,NaN,NaN,NaN,NaN,NaN,NaN,NaN,NaN,NaN
856.18,36.02,31.22,36.00,20.00,AUTO,0,45,NaN,-1.00,46.23,0.00,45.23,NaN,NaN,NaN,NaN,NaN,NaN,NaN,NaN,NaN,NaN
857.18,36.02,31.22,36.00,20.00,AUTO,0,45,NaN,-1.00,46.11,0.00,45.11,NaN,NaN,NaN,NaN,NaN,NaN,NaN,NaN,NaN,NaN
858.18,36.01,31.22,36.00,20.00,AUTO,0,45,NaN,-1.00,46.11,0.00,45.11,NaN,NaN,NaN,NaN,NaN,NaN,NaN,NaN,NaN,NaN
859.18,36.02,31.22,36.00,20.00,AUTO,0,45,NaN,-1.00,46.11,0.00,45.11,NaN,NaN,NaN,NaN,NaN,NaN,NaN,NaN,NaN,NaN
860.18,36.02,31.22,36.00,20.00,AUTO,0,45,NaN,-1.00,46.11,0.00,45.11,NaN,NaN,NaN,NaN,NaN,NaN,NaN,NaN,NaN,NaN
861.19,36.00,31.22,36.00,20.00,AUTO,0,45,NaN,-1.00,46.11,0.00,45.11,NaN,NaN,NaN,NaN,NaN,NaN,NaN,NaN,NaN,NaN
862.18,36.00,31.25,36.00,20.00,AUTO,0,45,NaN,-1.00,46.11,0.00,45.11,NaN,NaN,NaN,NaN,NaN,NaN,NaN,NaN,NaN,NaN
863.19,36.00,31.22,36.00,20.00,AUTO,0,45,NaN,-1.00,46.11,0.00,45.11,NaN,NaN,NaN,NaN,NaN,NaN,NaN,NaN,NaN,NaN
864.19,36.02,31.25,36.00,20.00,AUTO,0,45,NaN,-1.00,46.11,0.00,45.11,NaN,NaN,NaN,NaN,NaN,NaN,NaN,NaN,NaN,NaN
865.19,36.02,31.25,36.00,20.00,AUTO,0,45,NaN,-1.00,46.11,0.00,45.11,NaN,NaN,NaN,NaN,NaN,NaN,NaN,NaN,NaN,NaN
866.19,36.02,31.25,36.00,20.00,AUTO,0,45,NaN,-1.00,46.11,0.00,45.11,NaN,NaN,NaN,NaN,NaN,NaN,NaN,NaN,NaN,NaN
867.19,36.02,31.25,36.00,20.00,AUTO,0,45,NaN,-1.00,46.11,0.00,45.11,NaN,NaN,NaN,NaN,NaN,NaN,NaN,NaN,NaN,NaN
868.19,36.02,31.25,36.00,20.00,AUTO,0,45,NaN,-1.00,46.11,0.00,45.11,NaN,NaN,NaN,NaN,NaN,NaN,NaN,NaN,NaN,NaN
869.20,36.02,31.25,36.00,20.00,AUTO,0,45,NaN,-1.00,46.11,0.00,45.11,NaN,NaN,NaN,NaN,NaN,NaN,NaN,NaN,NaN,NaN
870.20,36.02,31.25,36.00,20.00,AUTO,0,45,NaN,-1.00,46.11,0.00,45.11,NaN,NaN,NaN,NaN,NaN,NaN,NaN,NaN,NaN,NaN
871.20,36.02,31.25,36.00,20.00,AUTO,0,45,NaN,-1.00,46.11,0.00,45.11,NaN,NaN,NaN,NaN,NaN,NaN,NaN,NaN,NaN,NaN
872.20,35.99,31.25,36.00,20.00,AUTO,0,45,NaN,-1.00,46.02,-0.00,45.02,NaN,NaN,NaN,NaN,NaN,NaN,NaN,NaN,NaN,NaN
873.20,35.99,31.29,36.00,20.00,AUTO,0,45,NaN,-1.00,46.02,-0.00,45.02,NaN,NaN,NaN,NaN,NaN,NaN,NaN,NaN,NaN,NaN
874.20,35.99,31.25,36.00,20.00,AUTO,0,45,NaN,-1.00,46.02,-0.00,45.02,NaN,NaN,NaN,NaN,NaN,NaN,NaN,NaN,NaN,NaN
875.21,35.99,31.29,36.00,20.00,AUTO,0,45,NaN,-1.00,46.02,-0.00,45.02,NaN,NaN,NaN,NaN,NaN,NaN,NaN,NaN,NaN,NaN
876.21,35.98,31.29,36.00,20.00,AUTO,0,45,NaN,-1.00,46.02,-0.00,45.02,NaN,NaN,NaN,NaN,NaN,NaN,NaN,NaN,NaN,NaN
877.21,35.99,31.29,36.00,20.00,AUTO,0,45,NaN,-1.00,46.02,-0.00,45.02,NaN,NaN,NaN,NaN,NaN,NaN,NaN,NaN,NaN,NaN
878.21,36.00,31.29,36.00,20.00,AUTO,0,45,NaN,-1.00,46.02,-0.00,45.02,NaN,NaN,NaN,NaN,NaN,NaN,NaN,NaN,NaN,NaN
879.21,36.02,31.29,36.00,20.00,AUTO,0,45,NaN,-1.00,46.02,-0.00,45.02,NaN,NaN,NaN,NaN,NaN,NaN,NaN,NaN,NaN,NaN
880.21,36.02,31.29,36.00,20.00,AUTO,0,45,NaN,-1.00,46.02,-0.00,45.02,NaN,NaN,NaN,NaN,NaN,NaN,NaN,NaN,NaN,NaN
881.21,36.02,31.29,36.00,20.00,AUTO,0,45,NaN,-1.00,46.02,-0.00,45.02,NaN,NaN,NaN,NaN,NaN,NaN,NaN,NaN,NaN,NaN
882.22,36.02,31.29,36.00,20.00,AUTO,0,45,NaN,-1.00,46.02,-0.00,45.02,NaN,NaN,NaN,NaN,NaN,NaN,NaN,NaN,NaN,NaN
883.22,36.02,31.29,36.00,20.00,AUTO,0,45,NaN,-1.00,46.02,-0.00,45.02,NaN,NaN,NaN,NaN,NaN,NaN,NaN,NaN,NaN,NaN
884.22,36.02,31.29,36.00,20.00,AUTO,0,45,NaN,-1.00,46.02,-0.00,45.02,NaN,NaN,NaN,NaN,NaN,NaN,NaN,NaN,NaN,NaN
885.22,36.02,31.29,36.00,20.00,AUTO,0,45,NaN,-1.00,46.02,-0.00,45.02,NaN,NaN,NaN,NaN,NaN,NaN,NaN,NaN,NaN,NaN
886.22,36.02,31.29,36.00,20.00,AUTO,0,45,NaN,-1.00,46.02,-0.00,45.02,NaN,NaN,NaN,NaN,NaN,NaN,NaN,NaN,NaN,NaN
887.23,35.98,31.29,36.00,20.00,AUTO,0,45,NaN,-1.00,45.98,-0.25,44.73,NaN,NaN,NaN,NaN,NaN,NaN,NaN,NaN,NaN,NaN
888.23,35.98,31.29,36.00,20.00,AUTO,0,45,NaN,-1.00,45.98,-0.25,44.73,NaN,NaN,NaN,NaN,NaN,NaN,NaN,NaN,NaN,NaN
889.23,35.98,31.29,36.00,20.00,AUTO,0,45,NaN,-1.00,45.98,-0.25,44.73,NaN,NaN,NaN,NaN,NaN,NaN,NaN,NaN,NaN,NaN
890.23,35.97,31.29,36.00,20.00,AUTO,0,45,NaN,-1.00,45.98,-0.25,44.73,NaN,NaN,NaN,NaN,NaN,NaN,NaN,NaN,NaN,NaN
891.23,35.97,31.29,36.00,20.00,AUTO,0,45,NaN,-1.00,45.98,-0.25,44.73,NaN,NaN,NaN,NaN,NaN,NaN,NaN,NaN,NaN,NaN
892.23,35.97,31.29,36.00,20.00,AUTO,0,45,NaN,-1.00,45.98,-0.25,44.73,NaN,NaN,NaN,NaN,NaN,NaN,NaN,NaN,NaN,NaN
893.24,35.96,31.33,36.00,20.00,AUTO,0,45,NaN,-1.00,45.98,-0.25,44.73,NaN,NaN,NaN,NaN,NaN,NaN,NaN,NaN,NaN,NaN
894.23,35.99,31.33,36.00,20.00,AUTO,0,45,NaN,-1.00,45.98,-0.25,44.73,NaN,NaN,NaN,NaN,NaN,NaN,NaN,NaN,NaN,NaN
895.24,36.00,31.33,36.00,20.00,AUTO,0,45,NaN,-1.00,45.98,-0.25,44.73,NaN,NaN,NaN,NaN,NaN,NaN,NaN,NaN,NaN,NaN
896.24,36.00,31.33,36.00,20.00,AUTO,0,45,NaN,-1.00,45.98,-0.25,44.73,NaN,NaN,NaN,NaN,NaN,NaN,NaN,NaN,NaN,NaN
897.24,35.99,31.33,36.00,20.00,AUTO,0,45,NaN,-1.00,45.98,-0.25,44.73,NaN,NaN,NaN,NaN,NaN,NaN,NaN,NaN,NaN,NaN
898.24,35.99,31.33,36.00,20.00,AUTO,0,45,NaN,-1.00,45.98,-0.25,44.73,NaN,NaN,NaN,NaN,NaN,NaN,NaN,NaN,NaN,NaN
899.24,35.98,31.33,36.00,20.00,AUTO,0,45,NaN,-1.00,45.98,-0.25,44.73,NaN,NaN,NaN,NaN,NaN,NaN,NaN,NaN,NaN,NaN
900.24,35.98,31.33,36.00,20.00,AUTO,0,45,NaN,-1.00,45.98,-0.25,44.73,NaN,NaN,NaN,NaN,NaN,NaN,NaN,NaN,NaN,NaN
901.25,35.98,31.38,36.00,20.00,AUTO,0,45,NaN,-1.00,45.98,-0.25,44.73,NaN,NaN,NaN,NaN,NaN,NaN,NaN,NaN,NaN,NaN
902.25,35.95,31.38,36.00,20.00,AUTO,0,48,NaN,1.00,46.10,0.91,48.01,NaN,NaN,NaN,NaN,NaN,NaN,NaN,NaN,NaN,NaN
903.25,35.96,31.38,36.00,20.00,AUTO,0,48,NaN,1.00,46.10,0.91,48.01,NaN,NaN,NaN,NaN,NaN,NaN,NaN,NaN,NaN,NaN
904.25,35.95,31.38,36.00,20.00,AUTO,0,48,NaN,1.00,46.10,0.91,48.01,NaN,NaN,NaN,NaN,NaN,NaN,NaN,NaN,NaN,NaN
905.25,35.95,31.38,36.00,20.00,AUTO,0,48,NaN,1.00,46.10,0.91,48.01,NaN,NaN,NaN,NaN,NaN,NaN,NaN,NaN,NaN,NaN
906.25,35.95,31.38,36.00,20.00,AUTO,0,48,NaN,1.00,46.10,0.91,48.01,NaN,NaN,NaN,NaN,NaN,NaN,NaN,NaN,NaN,NaN
907.26,35.95,31.38,36.00,20.00,AUTO,0,48,NaN,1.00,46.10,0.91,48.01,NaN,NaN,NaN,NaN,NaN,NaN,NaN,NaN,NaN,NaN
908.26,35.95,31.38,36.00,20.00,AUTO,0,48,NaN,1.00,46.10,0.91,48.01,NaN,NaN,NaN,NaN,NaN,NaN,NaN,NaN,NaN,NaN
909.26,35.94,31.38,36.00,20.00,AUTO,0,48,NaN,1.00,46.10,0.91,48.01,NaN,NaN,NaN,NaN,NaN,NaN,NaN,NaN,NaN,NaN
910.26,35.97,31.38,36.00,20.00,AUTO,0,48,NaN,1.00,46.10,0.91,48.01,NaN,NaN,NaN,NaN,NaN,NaN,NaN,NaN,NaN,NaN
911.26,35.97,31.38,36.00,20.00,AUTO,0,48,NaN,1.00,46.10,0.91,48.01,NaN,NaN,NaN,NaN,NaN,NaN,NaN,NaN,NaN,NaN
912.26,35.97,31.38,36.00,20.00,AUTO,0,48,NaN,1.00,46.10,0.91,48.01,NaN,NaN,NaN,NaN,NaN,NaN,NaN,NaN,NaN,NaN
913.26,35.98,31.38,36.00,20.00,AUTO,0,48,NaN,1.00,46.10,0.91,48.01,NaN,NaN,NaN,NaN,NaN,NaN,NaN,NaN,NaN,NaN
914.27,35.99,31.38,36.00,20.00,AUTO,0,48,NaN,1.00,46.10,0.91,48.01,NaN,NaN,NaN,NaN,NaN,NaN,NaN,NaN,NaN,NaN
915.27,35.98,31.38,36.00,20.00,AUTO,0,48,NaN,1.00,46.10,0.91,48.01,NaN,NaN,NaN,NaN,NaN,NaN,NaN,NaN,NaN,NaN
916.27,35.98,31.38,36.00,20.00,AUTO,0,48,NaN,1.00,46.10,0.91,48.01,NaN,NaN,NaN,NaN,NaN,NaN,NaN,NaN,NaN,NaN
917.27,35.95,31.38,36.00,20.00,AUTO,0,47,NaN,1.00,46.32,0.05,47.37,NaN,NaN,NaN,NaN,NaN,NaN,NaN,NaN,NaN,NaN
918.27,35.96,31.38,36.00,20.00,AUTO,0,47,NaN,1.00,46.32,0.05,47.37,NaN,NaN,NaN,NaN,NaN,NaN,NaN,NaN,NaN,NaN
919.28,35.96,31.41,36.00,20.00,AUTO,0,47,NaN,1.00,46.32,0.05,47.37,NaN,NaN,NaN,NaN,NaN,NaN,NaN,NaN,NaN,NaN
920.28,35.96,31.41,36.00,20.00,AUTO,0,47,NaN,1.00,46.32,0.05,47.37,NaN,NaN,NaN,NaN,NaN,NaN,NaN,NaN,NaN,NaN
921.28,35.96,31.41,36.00,20.00,AUTO,0,47,NaN,1.00,46.32,0.05,47.37,NaN,NaN,NaN,NaN,NaN,NaN,NaN,NaN,NaN,NaN
922.28,35.96,31.41,36.00,20.00,AUTO,0,47,NaN,1.00,46.32,0.05,47.37,NaN,NaN,NaN,NaN,NaN,NaN,NaN,NaN,NaN,NaN
923.28,35.96,31.41,36.00,20.00,AUTO,0,47,NaN,1.00,46.32,0.05,47.37,NaN,NaN,NaN,NaN,NaN,NaN,NaN,NaN,NaN,NaN
924.28,35.96,31.41,36.00,20.00,AUTO,0,47,NaN,1.00,46.32,0.05,47.37,NaN,NaN,NaN,NaN,NaN,NaN,NaN,NaN,NaN,NaN
925.29,35.98,31.41,36.00,20.00,AUTO,0,47,NaN,1.00,46.32,0.05,47.37,NaN,NaN,NaN,NaN,NaN,NaN,NaN,NaN,NaN,NaN
926.28,35.99,31.41,36.00,20.00,AUTO,0,47,NaN,1.00,46.32,0.05,47.37,NaN,NaN,NaN,NaN,NaN,NaN,NaN,NaN,NaN,NaN
927.29,36.00,31.41,36.00,20.00,AUTO,0,47,NaN,1.00,46.32,0.05,47.37,NaN,NaN,NaN,NaN,NaN,NaN,NaN,NaN,NaN,NaN
928.29,35.99,31.41,36.00,20.00,AUTO,0,47,NaN,1.00,46.32,0.05,47.37,NaN,NaN,NaN,NaN,NaN,NaN,NaN,NaN,NaN,NaN
929.29,35.99,31.41,36.00,20.00,AUTO,0,47,NaN,1.00,46.32,0.05,47.37,NaN,NaN,NaN,NaN,NaN,NaN,NaN,NaN,NaN,NaN
930.29,35.98,31.41,36.00,20.00,AUTO,0,47,NaN,1.00,46.32,0.05,47.37,NaN,NaN,NaN,NaN,NaN,NaN,NaN,NaN,NaN,NaN
931.29,35.99,31.41,36.00,20.00,AUTO,0,47,NaN,1.00,46.32,0.05,47.37,NaN,NaN,NaN,NaN,NaN,NaN,NaN,NaN,NaN,NaN
932.30,35.97,31.41,36.00,20.00,AUTO,0,47,NaN,0.75,46.48,-0.46,46.77,NaN,NaN,NaN,NaN,NaN,NaN,NaN,NaN,NaN,NaN
933.30,35.96,31.41,36.00,20.00,AUTO,0,47,NaN,0.75,46.48,-0.46,46.77,NaN,NaN,NaN,NaN,NaN,NaN,NaN,NaN,NaN,NaN
934.30,35.96,31.41,36.00,20.00,AUTO,0,47,NaN,0.75,46.48,-0.46,46.77,NaN,NaN,NaN,NaN,NaN,NaN,NaN,NaN,NaN,NaN
935.30,35.96,31.41,36.00,20.00,AUTO,0,47,NaN,0.75,46.48,-0.46,46.77,NaN,NaN,NaN,NaN,NaN,NaN,NaN,NaN,NaN,NaN
936.30,35.96,31.41,36.00,20.00,AUTO,0,47,NaN,0.75,46.48,-0.46,46.77,NaN,NaN,NaN,NaN,NaN,NaN,NaN,NaN,NaN,NaN
937.30,35.96,31.41,36.00,20.00,AUTO,0,47,NaN,0.75,46.48,-0.46,46.77,NaN,NaN,NaN,NaN,NaN,NaN,NaN,NaN,NaN,NaN
938.31,35.96,31.41,36.00,20.00,AUTO,0,47,NaN,0.75,46.48,-0.46,46.77,NaN,NaN,NaN,NaN,NaN,NaN,NaN,NaN,NaN,NaN
939.31,36.00,31.41,36.00,20.00,AUTO,0,47,NaN,0.75,46.48,-0.46,46.77,NaN,NaN,NaN,NaN,NaN,NaN,NaN,NaN,NaN,NaN
940.31,36.00,31.41,36.00,20.00,AUTO,0,47,NaN,0.75,46.48,-0.46,46.77,NaN,NaN,NaN,NaN,NaN,NaN,NaN,NaN,NaN,NaN
941.31,36.00,31.41,36.00,20.00,AUTO,0,47,NaN,0.75,46.48,-0.46,46.77,NaN,NaN,NaN,NaN,NaN,NaN,NaN,NaN,NaN,NaN
942.31,36.00,31.41,36.00,20.00,AUTO,0,47,NaN,0.75,46.48,-0.46,46.77,NaN,NaN,NaN,NaN,NaN,NaN,NaN,NaN,NaN,NaN
943.31,36.02,31.45,36.00,20.00,AUTO,0,47,NaN,0.75,46.48,-0.46,46.77,NaN,NaN,NaN,NaN,NaN,NaN,NaN,NaN,NaN,NaN
944.31,36.02,31.45,36.00,20.00,AUTO,0,47,NaN,0.75,46.48,-0.46,46.77,NaN,NaN,NaN,NaN,NaN,NaN,NaN,NaN,NaN,NaN
945.31,36.02,31.41,36.00,20.00,AUTO,0,47,NaN,0.75,46.48,-0.46,46.77,NaN,NaN,NaN,NaN,NaN,NaN,NaN,NaN,NaN,NaN
946.32,36.02,31.41,36.00,20.00,AUTO,0,47,NaN,0.75,46.48,-0.46,46.77,NaN,NaN,NaN,NaN,NaN,NaN,NaN,NaN,NaN,NaN
947.32,36.00,31.41,36.00,20.00,AUTO,0,45,NaN,-1.00,46.56,-1.02,44.54,NaN,NaN,NaN,NaN,NaN,NaN,NaN,NaN,NaN,NaN
948.32,36.00,31.41,36.00,20.00,AUTO,0,45,NaN,-1.00,46.56,-1.02,44.54,NaN,NaN,NaN,NaN,NaN,NaN,NaN,NaN,NaN,NaN
949.32,35.99,31.41,36.00,20.00,AUTO,0,45,NaN,-1.00,46.56,-1.02,44.54,NaN,NaN,NaN,NaN,NaN,NaN,NaN,NaN,NaN,NaN
950.32,36.00,31.45,36.00,20.00,AUTO,0,45,NaN,-1.00,46.56,-1.02,44.54,NaN,NaN,NaN,NaN,NaN,NaN,NaN,NaN,NaN,NaN
951.33,36.00,31.41,36.00,20.00,AUTO,0,45,NaN,-1.00,46.56,-1.02,44.54,NaN,NaN,NaN,NaN,NaN,NaN,NaN,NaN,NaN,NaN
952.33,35.99,31.45,36.00,20.00,AUTO,0,45,NaN,-1.00,46.56,-1.02,44.54,NaN,NaN,NaN,NaN,NaN,NaN,NaN,NaN,NaN,NaN
953.33,36.00,31.45,36.00,20.00,AUTO,0,45,NaN,-1.00,46.56,-1.02,44.54,NaN,NaN,NaN,NaN,NaN,NaN,NaN,NaN,NaN,NaN
954.33,36.02,31.45,36.00,20.00,AUTO,0,45,NaN,-1.00,46.56,-1.02,44.54,NaN,NaN,NaN,NaN,NaN,NaN,NaN,NaN,NaN,NaN
955.33,36.02,31.45,36.00,20.00,AUTO,0,45,NaN,-1.00,46.56,-1.02,44.54,NaN,NaN,NaN,NaN,NaN,NaN,NaN,NaN,NaN,NaN
956.33,36.02,31.45,36.00,20.00,AUTO,0,45,NaN,-1.00,46.56,-1.02,44.54,NaN,NaN,NaN,NaN,NaN,NaN,NaN,NaN,NaN,NaN
957.33,36.02,31.45,36.00,20.00,AUTO,0,45,NaN,-1.00,46.56,-1.02,44.54,NaN,NaN,NaN,NaN,NaN,NaN,NaN,NaN,NaN,NaN
958.34,36.02,31.45,36.00,20.00,AUTO,0,45,NaN,-1.00,46.56,-1.02,44.54,NaN,NaN,NaN,NaN,NaN,NaN,NaN,NaN,NaN,NaN
959.34,36.02,31.45,36.00,20.00,AUTO,0,45,NaN,-1.00,46.56,-1.02,44.54,NaN,NaN,NaN,NaN,NaN,NaN,NaN,NaN,NaN,NaN
960.34,36.02,31.45,36.00,20.00,AUTO,0,45,NaN,-1.00,46.56,-1.02,44.54,NaN,NaN,NaN,NaN,NaN,NaN,NaN,NaN,NaN,NaN
961.34,36.02,31.45,36.00,20.00,AUTO,0,45,NaN,-1.00,46.56,-1.02,44.54,NaN,NaN,NaN,NaN,NaN,NaN,NaN,NaN,NaN,NaN
962.34,36.02,31.45,36.00,20.00,AUTO,0,45,NaN,-1.00,46.50,-0.32,45.19,NaN,NaN,NaN,NaN,NaN,NaN,NaN,NaN,NaN,NaN
963.34,36.02,31.45,36.00,20.00,AUTO,0,45,NaN,-1.00,46.50,-0.32,45.19,NaN,NaN,NaN,NaN,NaN,NaN,NaN,NaN,NaN,NaN
964.34,36.02,31.45,36.00,20.00,AUTO,0,45,NaN,-1.00,46.50,-0.32,45.19,NaN,NaN,NaN,NaN,NaN,NaN,NaN,NaN,NaN,NaN
965.35,36.02,31.45,36.00,20.00,AUTO,0,45,NaN,-1.00,46.50,-0.32,45.19,NaN,NaN,NaN,NaN,NaN,NaN,NaN,NaN,NaN,NaN
966.35,36.02,31.45,36.00,20.00,AUTO,0,45,NaN,-1.00,46.50,-0.32,45.19,NaN,NaN,NaN,NaN,NaN,NaN,NaN,NaN,NaN,NaN
967.35,36.02,31.45,36.00,20.00,AUTO,0,45,NaN,-1.00,46.50,-0.32,45.19,NaN,NaN,NaN,NaN,NaN,NaN,NaN,NaN,NaN,NaN
968.35,36.00,31.45,36.00,20.00,AUTO,0,45,NaN,-1.00,46.50,-0.32,45.19,NaN,NaN,NaN,NaN,NaN,NaN,NaN,NaN,NaN,NaN
969.35,36.02,31.45,36.00,20.00,AUTO,0,45,NaN,-1.00,46.50,-0.32,45.19,NaN,NaN,NaN,NaN,NaN,NaN,NaN,NaN,NaN,NaN
970.36,36.02,31.45,36.00,20.00,AUTO,0,45,NaN,-1.00,46.50,-0.32,45.19,NaN,NaN,NaN,NaN,NaN,NaN,NaN,NaN,NaN,NaN
971.36,36.02,31.45,36.00,20.00,AUTO,0,45,NaN,-1.00,46.50,-0.32,45.19,NaN,NaN,NaN,NaN,NaN,NaN,NaN,NaN,NaN,NaN
972.36,36.02,31.45,36.00,20.00,AUTO,0,45,NaN,-1.00,46.50,-0.32,45.19,NaN,NaN,NaN,NaN,NaN,NaN,NaN,NaN,NaN,NaN
973.36,36.02,31.45,36.00,20.00,AUTO,0,45,NaN,-1.00,46.50,-0.32,45.19,NaN,NaN,NaN,NaN,NaN,NaN,NaN,NaN,NaN,NaN
974.36,36.02,31.45,36.00,20.00,AUTO,0,45,NaN,-1.00,46.50,-0.32,45.19,NaN,NaN,NaN,NaN,NaN,NaN,NaN,NaN,NaN,NaN
975.36,36.02,31.45,36.00,20.00,AUTO,0,45,NaN,-1.00,46.50,-0.32,45.19,NaN,NaN,NaN,NaN,NaN,NaN,NaN,NaN,NaN,NaN
976.36,36.02,31.45,36.00,20.00,AUTO,0,45,NaN,-1.00,46.50,-0.32,45.19,NaN,NaN,NaN,NaN,NaN,NaN,NaN,NaN,NaN,NaN
977.37,36.02,31.45,36.00,20.00,AUTO,0,45,NaN,-1.00,46.39,0.02,45.42,NaN,NaN,NaN,NaN,NaN,NaN,NaN,NaN,NaN,NaN
978.37,36.02,31.45,36.00,20.00,AUTO,0,45,NaN,-1.00,46.39,0.02,45.42,NaN,NaN,NaN,NaN,NaN,NaN,NaN,NaN,NaN,NaN
979.37,36.02,31.45,36.00,20.00,AUTO,0,45,NaN,-1.00,46.39,0.02,45.42,NaN,NaN,NaN,NaN,NaN,NaN,NaN,NaN,NaN,NaN
980.37,36.02,31.45,36.00,20.00,AUTO,0,45,NaN,-1.00,46.39,0.02,45.42,NaN,NaN,NaN,NaN,NaN,NaN,NaN,NaN,NaN,NaN
981.37,36.02,31.45,36.00,20.00,AUTO,0,45,NaN,-1.00,46.39,0.02,45.42,NaN,NaN,NaN,NaN,NaN,NaN,NaN,NaN,NaN,NaN
982.37,36.02,31.45,36.00,20.00,AUTO,0,45,NaN,-1.00,46.39,0.02,45.42,NaN,NaN,NaN,NaN,NaN,NaN,NaN,NaN,NaN,NaN
983.38,36.02,31.45,36.00,20.00,AUTO,0,45,NaN,-1.00,46.39,0.02,45.42,NaN,NaN,NaN,NaN,NaN,NaN,NaN,NaN,NaN,NaN
984.38,36.02,31.45,36.00,20.00,AUTO,0,45,NaN,-1.00,46.39,0.02,45.42,NaN,NaN,NaN,NaN,NaN,NaN,NaN,NaN,NaN,NaN
985.38,36.02,31.50,36.00,20.00,AUTO,0,45,NaN,-1.00,46.39,0.02,45.42,NaN,NaN,NaN,NaN,NaN,NaN,NaN,NaN,NaN,NaN
986.38,36.02,31.45,36.00,20.00,AUTO,0,45,NaN,-1.00,46.39,0.02,45.42,NaN,NaN,NaN,NaN,NaN,NaN,NaN,NaN,NaN,NaN
987.38,36.02,31.45,36.00,20.00,AUTO,0,45,NaN,-1.00,46.39,0.02,45.42,NaN,NaN,NaN,NaN,NaN,NaN,NaN,NaN,NaN,NaN
988.38,36.02,31.50,36.00,20.00,AUTO,0,45,NaN,-1.00,46.39,0.02,45.42,NaN,NaN,NaN,NaN,NaN,NaN,NaN,NaN,NaN,NaN
989.39,36.02,31.45,36.00,20.00,AUTO,0,45,NaN,-1.00,46.39,0.02,45.42,NaN,NaN,NaN,NaN,NaN,NaN,NaN,NaN,NaN,NaN
990.39,36.02,31.45,36.00,20.00,AUTO,0,45,NaN,-1.00,46.39,0.02,45.42,NaN,NaN,NaN,NaN,NaN,NaN,NaN,NaN,NaN,NaN
991.39,36.02,31.45,36.00,20.00,AUTO,0,45,NaN,-1.00,46.39,0.02,45.42,NaN,NaN,NaN,NaN,NaN,NaN,NaN,NaN,NaN,NaN
992.39,36.02,31.50,36.00,20.00,AUTO,0,45,NaN,-1.00,46.27,0.00,45.27,NaN,NaN,NaN,NaN,NaN,NaN,NaN,NaN,NaN,NaN
993.39,36.02,31.50,36.00,20.00,AUTO,0,45,NaN,-1.00,46.27,0.00,45.27,NaN,NaN,NaN,NaN,NaN,NaN,NaN,NaN,NaN,NaN
994.39,36.02,31.50,36.00,20.00,AUTO,0,45,NaN,-1.00,46.27,0.00,45.27,NaN,NaN,NaN,NaN,NaN,NaN,NaN,NaN,NaN,NaN
995.39,36.02,31.50,36.00,20.00,AUTO,0,45,NaN,-1.00,46.27,0.00,45.27,NaN,NaN,NaN,NaN,NaN,NaN,NaN,NaN,NaN,NaN
996.40,36.02,31.50,36.00,20.00,AUTO,0,45,NaN,-1.00,46.27,0.00,45.27,NaN,NaN,NaN,NaN,NaN,NaN,NaN,NaN,NaN,NaN
997.40,36.02,31.50,36.00,20.00,AUTO,0,45,NaN,-1.00,46.27,0.00,45.27,NaN,NaN,NaN,NaN,NaN,NaN,NaN,NaN,NaN,NaN
998.40,36.02,31.50,36.00,20.00,AUTO,0,45,NaN,-1.00,46.27,0.00,45.27,NaN,NaN,NaN,NaN,NaN,NaN,NaN,NaN,NaN,NaN
999.40,36.02,31.50,36.00,20.00,AUTO,0,45,NaN,-1.00,46.27,0.00,45.27,NaN,NaN,NaN,NaN,NaN,NaN,NaN,NaN,NaN,NaN
1000.40,36.02,31.50,36.00,20.00,AUTO,0,45,NaN,-1.00,46.27,0.00,45.27,NaN,NaN,NaN,NaN,NaN,NaN,NaN,NaN,NaN,NaN
1001.42,36.02,31.50,36.00,20.00,AUTO,0,45,NaN,-1.00,46.27,0.00,45.27,NaN,NaN,NaN,NaN,NaN,NaN,NaN,NaN,NaN,NaN
1002.41,36.02,31.50,36.00,20.00,AUTO,0,45,NaN,-1.00,46.27,0.00,45.27,NaN,NaN,NaN,NaN,NaN,NaN,NaN,NaN,NaN,NaN
1003.41,36.02,31.50,36.00,20.00,AUTO,0,45,NaN,-1.00,46.27,0.00,45.27,NaN,NaN,NaN,NaN,NaN,NaN,NaN,NaN,NaN,NaN
1004.41,36.02,31.50,36.00,20.00,AUTO,0,45,NaN,-1.00,46.27,0.00,45.27,NaN,NaN,NaN,NaN,NaN,NaN,NaN,NaN,NaN,NaN
1005.41,36.02,31.50,36.00,20.00,AUTO,0,45,NaN,-1.00,46.27,0.00,45.27,NaN,NaN,NaN,NaN,NaN,NaN,NaN,NaN,NaN,NaN
1006.41,36.02,31.45,36.00,20.00,AUTO,0,45,NaN,-1.00,46.27,0.00,45.27,NaN,NaN,NaN,NaN,NaN,NaN,NaN,NaN,NaN,NaN
1007.42,36.02,31.50,36.00,20.00,AUTO,0,45,NaN,-1.00,46.15,0.00,45.15,NaN,NaN,NaN,NaN,NaN,NaN,NaN,NaN,NaN,NaN
1008.42,36.02,31.50,36.00,20.00,AUTO,0,45,NaN,-1.00,46.15,0.00,45.15,NaN,NaN,NaN,NaN,NaN,NaN,NaN,NaN,NaN,NaN
1009.41,36.02,31.50,36.00,20.00,AUTO,0,45,NaN,-1.00,46.15,0.00,45.15,NaN,NaN,NaN,NaN,NaN,NaN,NaN,NaN,NaN,NaN
1010.42,36.02,31.50,36.00,20.00,AUTO,0,45,NaN,-1.00,46.15,0.00,45.15,NaN,NaN,NaN,NaN,NaN,NaN,NaN,NaN,NaN,NaN
1011.42,36.02,31.50,36.00,20.00,AUTO,0,45,NaN,-1.00,46.15,0.00,45.15,NaN,NaN,NaN,NaN,NaN,NaN,NaN,NaN,NaN,NaN
1012.42,36.02,31.50,36.00,20.00,AUTO,0,45,NaN,-1.00,46.15,0.00,45.15,NaN,NaN,NaN,NaN,NaN,NaN,NaN,NaN,NaN,NaN
1013.42,36.02,31.50,36.00,20.00,AUTO,0,45,NaN,-1.00,46.15,0.00,45.15,NaN,NaN,NaN,NaN,NaN,NaN,NaN,NaN,NaN,NaN
1014.42,36.02,31.50,36.00,20.00,AUTO,0,45,NaN,-1.00,46.15,0.00,45.15,NaN,NaN,NaN,NaN,NaN,NaN,NaN,NaN,NaN,NaN
1015.43,36.02,31.50,36.00,20.00,AUTO,0,45,NaN,-1.00,46.15,0.00,45.15,NaN,NaN,NaN,NaN,NaN,NaN,NaN,NaN,NaN,NaN
1016.43,36.03,31.51,36.00,20.00,AUTO,0,45,NaN,-1.00,46.15,0.00,45.15,NaN,NaN,NaN,NaN,NaN,NaN,NaN,NaN,NaN,NaN
1017.43,36.03,31.51,36.00,20.00,AUTO,0,45,NaN,-1.00,46.15,0.00,45.15,NaN,NaN,NaN,NaN,NaN,NaN,NaN,NaN,NaN,NaN
1018.43,36.03,31.51,36.00,20.00,AUTO,0,45,NaN,-1.00,46.15,0.00,45.15,NaN,NaN,NaN,NaN,NaN,NaN,NaN,NaN,NaN,NaN
1019.43,36.02,31.51,36.00,20.00,AUTO,0,45,NaN,-1.00,46.15,0.00,45.15,NaN,NaN,NaN,NaN,NaN,NaN,NaN,NaN,NaN,NaN
1020.43,36.02,31.51,36.00,20.00,AUTO,0,45,NaN,-1.00,46.15,0.00,45.15,NaN,NaN,NaN,NaN,NaN,NaN,NaN,NaN,NaN,NaN
1021.44,36.03,31.50,36.00,20.00,AUTO,0,45,NaN,-1.00,46.15,0.00,45.15,NaN,NaN,NaN,NaN,NaN,NaN,NaN,NaN,NaN,NaN
1022.44,36.02,31.50,36.00,20.00,AUTO,0,45,NaN,-1.25,46.02,-0.20,44.57,NaN,NaN,NaN,NaN,NaN,NaN,NaN,NaN,NaN,NaN
1023.44,36.02,31.50,36.00,20.00,AUTO,0,45,NaN,-1.25,46.02,-0.20,44.57,NaN,NaN,NaN,NaN,NaN,NaN,NaN,NaN,NaN,NaN
1024.44,36.02,31.50,36.00,20.00,AUTO,0,45,NaN,-1.25,46.02,-0.20,44.57,NaN,NaN,NaN,NaN,NaN,NaN,NaN,NaN,NaN,NaN
1025.44,36.02,31.50,36.00,20.00,AUTO,0,45,NaN,-1.25,46.02,-0.20,44.57,NaN,NaN,NaN,NaN,NaN,NaN,NaN,NaN,NaN,NaN
1026.44,36.02,31.50,36.00,20.00,AUTO,0,45,NaN,-1.25,46.02,-0.20,44.57,NaN,NaN,NaN,NaN,NaN,NaN,NaN,NaN,NaN,NaN
1027.44,36.02,31.50,36.00,20.00,AUTO,0,45,NaN,-1.25,46.02,-0.20,44.57,NaN,NaN,NaN,NaN,NaN,NaN,NaN,NaN,NaN,NaN
1028.45,36.02,31.50,36.00,20.00,AUTO,0,45,NaN,-1.25,46.02,-0.20,44.57,NaN,NaN,NaN,NaN,NaN,NaN,NaN,NaN,NaN,NaN
1029.45,36.02,31.50,36.00,20.00,AUTO,0,45,NaN,-1.25,46.02,-0.20,44.57,NaN,NaN,NaN,NaN,NaN,NaN,NaN,NaN,NaN,NaN
1030.45,36.03,31.51,36.00,20.00,AUTO,0,45,NaN,-1.25,46.02,-0.20,44.57,NaN,NaN,NaN,NaN,NaN,NaN,NaN,NaN,NaN,NaN
1031.45,36.03,31.51,36.00,20.00,AUTO,0,45,NaN,-1.25,46.02,-0.20,44.57,NaN,NaN,NaN,NaN,NaN,NaN,NaN,NaN,NaN,NaN
1032.45,36.03,31.51,36.00,20.00,AUTO,0,45,NaN,-1.25,46.02,-0.20,44.57,NaN,NaN,NaN,NaN,NaN,NaN,NaN,NaN,NaN,NaN
1033.46,36.03,31.51,36.00,20.00,AUTO,0,45,NaN,-1.25,46.02,-0.20,44.57,NaN,NaN,NaN,NaN,NaN,NaN,NaN,NaN,NaN,NaN
1034.46,36.03,31.51,36.00,20.00,AUTO,0,45,NaN,-1.25,46.02,-0.20,44.57,NaN,NaN,NaN,NaN,NaN,NaN,NaN,NaN,NaN,NaN
1035.46,36.03,31.51,36.00,20.00,AUTO,0,45,NaN,-1.25,46.02,-0.20,44.57,NaN,NaN,NaN,NaN,NaN,NaN,NaN,NaN,NaN,NaN
1036.46,36.03,31.51,36.00,20.00,AUTO,0,45,NaN,-1.25,46.02,-0.20,44.57,NaN,NaN,NaN,NaN,NaN,NaN,NaN,NaN,NaN,NaN
1037.46,36.02,31.50,36.00,20.00,AUTO,0,44,NaN,-1.50,45.87,-0.17,44.20,NaN,NaN,NaN,NaN,NaN,NaN,NaN,NaN,NaN,NaN
1038.46,36.02,31.50,36.00,20.00,AUTO,0,44,NaN,-1.50,45.87,-0.17,44.20,NaN,NaN,NaN,NaN,NaN,NaN,NaN,NaN,NaN,NaN
1039.46,36.02,31.50,36.00,20.00,AUTO,0,44,NaN,-1.50,45.87,-0.17,44.20,NaN,NaN,NaN,NaN,NaN,NaN,NaN,NaN,NaN,NaN
1040.47,36.02,31.54,36.00,20.00,AUTO,0,44,NaN,-1.50,45.87,-0.17,44.20,NaN,NaN,NaN,NaN,NaN,NaN,NaN,NaN,NaN,NaN
1041.46,36.02,31.54,36.00,20.00,AUTO,0,44,NaN,-1.50,45.87,-0.17,44.20,NaN,NaN,NaN,NaN,NaN,NaN,NaN,NaN,NaN,NaN
1042.47,36.02,31.54,36.00,20.00,AUTO,0,44,NaN,-1.50,45.87,-0.17,44.20,NaN,NaN,NaN,NaN,NaN,NaN,NaN,NaN,NaN,NaN
1043.47,36.02,31.54,36.00,20.00,AUTO,0,44,NaN,-1.50,45.87,-0.17,44.20,NaN,NaN,NaN,NaN,NaN,NaN,NaN,NaN,NaN,NaN
1044.47,36.03,31.55,36.00,20.00,AUTO,0,44,NaN,-1.50,45.87,-0.17,44.20,NaN,NaN,NaN,NaN,NaN,NaN,NaN,NaN,NaN,NaN
1045.47,36.03,31.55,36.00,20.00,AUTO,0,44,NaN,-1.50,45.87,-0.17,44.20,NaN,NaN,NaN,NaN,NaN,NaN,NaN,NaN,NaN,NaN
1046.47,36.03,31.55,36.00,20.00,AUTO,0,44,NaN,-1.50,45.87,-0.17,44.20,NaN,NaN,NaN,NaN,NaN,NaN,NaN,NaN,NaN,NaN
1047.48,36.03,31.55,36.00,20.00,AUTO,0,44,NaN,-1.50,45.87,-0.17,44.20,NaN,NaN,NaN,NaN,NaN,NaN,NaN,NaN,NaN,NaN
1048.48,36.03,31.55,36.00,20.00,AUTO,0,44,NaN,-1.50,45.87,-0.17,44.20,NaN,NaN,NaN,NaN,NaN,NaN,NaN,NaN,NaN,NaN
1049.48,36.03,31.55,36.00,20.00,AUTO,0,44,NaN,-1.50,45.87,-0.17,44.20,NaN,NaN,NaN,NaN,NaN,NaN,NaN,NaN,NaN,NaN
1050.48,36.03,31.55,36.00,20.00,AUTO,0,44,NaN,-1.50,45.87,-0.17,44.20,NaN,NaN,NaN,NaN,NaN,NaN,NaN,NaN,NaN,NaN
1051.48,36.03,31.55,36.00,20.00,AUTO,0,44,NaN,-1.50,45.87,-0.17,44.20,NaN,NaN,NaN,NaN,NaN,NaN,NaN,NaN,NaN,NaN
