Time_Seconds,Temperature,Humidity,Setpoint_Temperature,Setpoint_Humidity,Ctrl,Error_Code,T_PWM,RH_PWM,T_PID_p,T_PID_i,T_PID_d,T_PID_out,RH_PID_p,RH_PID_i,RH_PID_d,RH_PID_out
0.00,31.09,33.91,36.00,20.00,AUTO,0,0,0,0.00,0.00,0.00,0.00,NaN,NaN,NaN,NaN
0.84,31.05,33.97,36.00,20.00,AUTO,0,100,0,196.40,0.00,0.00,196.40,NaN,NaN,NaN,NaN
1.83,31.02,34.01,36.00,20.00,AUTO,0,100,0,196.40,0.00,0.00,196.40,NaN,NaN,NaN,NaN
2.84,31.01,34.05,36.00,20.00,AUTO,0,100,0,196.40,0.00,0.00,196.40,NaN,NaN,NaN,NaN
3.84,30.97,34.09,36.00,20.00,AUTO,0,100,0,196.40,0.00,0.00,196.40,NaN,NaN,NaN,NaN
4.84,30.94,34.13,36.00,20.00,AUTO,0,100,0,196.40,0.00,0.00,196.40,NaN,NaN,NaN,NaN
5.84,30.92,34.21,36.00,20.00,AUTO,0,100,0,196.40,0.00,0.00,196.40,NaN,NaN,NaN,NaN
6.84,30.91,34.25,36.00,20.00,AUTO,0,100,0,196.40,0.00,0.00,196.40,NaN,NaN,NaN,NaN
7.85,30.90,34.29,36.00,20.00,AUTO,0,100,0,196.40,0.00,0.00,196.40,NaN,NaN,NaN,NaN
8.85,30.89,34.33,36.00,20.00,AUTO,0,100,0,196.40,0.00,0.00,196.40,NaN,NaN,NaN,NaN
9.85,30.87,34.35,36.00,20.00,AUTO,0,100,0,196.40,0.00,0.00,196.40,NaN,NaN,NaN,NaN
10.85,30.87,34.40,36.00,20.00,AUTO,0,100,0,196.40,0.00,0.00,196.40,NaN,NaN,NaN,NaN
11.85,30.87,34.44,36.00,20.00,AUTO,0,100,0,196.40,0.00,0.00,196.40,NaN,NaN,NaN,NaN
12.85,30.87,34.44,36.00,20.00,AUTO,0,100,0,196.40,0.00,0.00,196.40,NaN,NaN,NaN,NaN
13.86,30.87,34.47,36.00,20.00,AUTO,0,100,0,196.40,0.00,0.00,196.40,NaN,NaN,NaN,NaN
14.85,30.87,34.47,36.00,20.00,AUTO,0,100,0,196.40,0.00,0.00,196.40,NaN,NaN,NaN,NaN
15.86,30.87,34.47,36.00,20.00,AUTO,0,100,0,205.20,0.00,7.44,212.64,NaN,NaN,NaN,NaN
16.86,30.90,34.49,36.00,20.00,AUTO,0,100,0,205.20,0.00,7.44,212.64,NaN,NaN,NaN,NaN
17.86,30.91,34.49,36.00,20.00,AUTO,0,100,0,205.20,0.00,7.44,212.64,NaN,NaN,NaN,NaN
18.86,30.92,34.49,36.00,20.00,AUTO,0,100,0,205.20,0.00,7.44,212.64,NaN,NaN,NaN,NaN
19.86,30.93,34.49,36.00,20.00,AUTO,0,100,0,205.20,0.00,7.44,212.64,NaN,NaN,NaN,NaN
20.87,30.95,34.49,36.00,20.00,AUTO,0,100,0,205.20,0.00,7.44,212.64,NaN,NaN,NaN,NaN
21.87,30.96,34.49,36.00,20.00,AUTO,0,100,0,205.20,0.00,7.44,212.64,NaN,NaN,NaN,NaN
22.87,30.97,34.45,36.00,20.00,AUTO,0,100,0,205.20,0.00,7.44,212.64,NaN,NaN,NaN,NaN
23.87,30.99,34.45,36.00,20.00,AUTO,0,100,0,205.20,0.00,7.44,212.64,NaN,NaN,NaN,NaN
24.87,31.00,34.41,36.00,20.00,AUTO,0,100,0,205.20,0.00,7.44,212.64,NaN,NaN,NaN,NaN
25.87,31.06,34.41,36.00,20.00,AUTO,0,100,0,205.20,0.00,7.44,212.64,NaN,NaN,NaN,NaN
26.88,31.07,34.39,36.00,20.00,AUTO,0,100,0,205.20,0.00,7.44,212.64,NaN,NaN,NaN,NaN
27.88,31.08,34.35,36.00,20.00,AUTO,0,100,0,205.20,0.00,7.44,212.64,NaN,NaN,NaN,NaN
28.88,31.11,34.31,36.00,20.00,AUTO,0,100,0,205.20,0.00,7.44,212.64,NaN,NaN,NaN,NaN
29.88,31.13,34.31,36.00,20.00,AUTO,0,100,0,205.20,0.00,7.44,212.64,NaN,NaN,NaN,NaN
30.88,31.15,34.27,36.00,20.00,AUTO,0,100,0,195.20,0.00,-7.18,188.02,NaN,NaN,NaN,NaN
31.88,31.19,34.23,36.00,20.00,AUTO,0,100,0,195.20,0.00,-7.18,188.02,NaN,NaN,NaN,NaN
32.88,31.21,34.19,36.00,20.00,AUTO,0,100,0,195.20,0.00,-7.18,188.02,NaN,NaN,NaN,NaN
33.88,31.24,34.21,36.00,20.00,AUTO,0,100,0,195.20,0.00,-7.18,188.02,NaN,NaN,NaN,NaN
34.89,31.27,34.17,36.00,20.00,AUTO,0,100,0,195.20,0.00,-7.18,188.02,NaN,NaN,NaN,NaN
35.89,31.30,34.13,36.00,20.00,AUTO,0,100,0,195.20,0.00,-7.18,188.02,NaN,NaN,NaN,NaN
36.89,31.35,34.05,36.00,20.00,AUTO,0,100,0,195.20,0.00,-7.18,188.02,NaN,NaN,NaN,NaN
37.89,31.38,34.01,36.00,20.00,AUTO,0,100,0,195.20,0.00,-7.18,188.02,NaN,NaN,NaN,NaN
38.89,31.41,33.95,36.00,20.00,AUTO,0,100,0,195.20,0.00,-7.18,188.02,NaN,NaN,NaN,NaN
39.90,31.43,33.91,36.00,20.00,AUTO,0,100,0,195.20,0.00,-7.18,188.02,NaN,NaN,NaN,NaN
40.90,31.46,33.86,36.00,20.00,AUTO,0,100,0,195.20,0.00,-7.18,188.02,NaN,NaN,NaN,NaN
41.90,31.50,33.83,36.00,20.00,AUTO,0,100,0,195.20,0.00,-7.18,188.02,NaN,NaN,NaN,NaN
42.90,31.53,33.79,36.00,20.00,AUTO,0,100,0,195.20,0.00,-7.18,188.02,NaN,NaN,NaN,NaN
43.90,31.57,33.75,36.00,20.00,AUTO,0,100,0,195.20,0.00,-7.18,188.02,NaN,NaN,NaN,NaN
44.91,31.59,33.73,36.00,20.00,AUTO,0,100,0,195.20,0.00,-7.18,188.02,NaN,NaN,NaN,NaN
45.90,31.63,33.68,36.00,20.00,AUTO,0,100,0,176.80,0.00,-14.77,162.03,NaN,NaN,NaN,NaN
46.91,31.66,33.64,36.00,20.00,AUTO,0,100,0,176.80,0.00,-14.77,162.03,NaN,NaN,NaN,NaN
47.91,31.70,33.57,36.00,20.00,AUTO,0,100,0,176.80,0.00,-14.77,162.03,NaN,NaN,NaN,NaN
48.91,31.73,33.52,36.00,20.00,AUTO,0,100,0,176.80,0.00,-14.77,162.03,NaN,NaN,NaN,NaN
49.91,31.76,33.48,36.00,20.00,AUTO,0,100,0,176.80,0.00,-14.77,162.03,NaN,NaN,NaN,NaN
50.91,31.80,33.46,36.00,20.00,AUTO,0,100,0,176.80,0.00,-14.77,162.03,NaN,NaN,NaN,NaN
51.91,31.83,33.42,36.00,20.00,AUTO,0,100,0,176.80,0.00,-14.77,162.03,NaN,NaN,NaN,NaN
52.92,31.85,33.38,36.00,20.00,AUTO,0,100,0,176.80,0.00,-14.77,162.03,NaN,NaN,NaN,NaN
53.92,31.90,33.34,36.00,20.00,AUTO,0,100,0,176.80,0.00,-14.77,162.03,NaN,NaN,NaN,NaN
54.92,31.94,33.28,36.00,20.00,AUTO,0,100,0,176.80,0.00,-14.77,162.03,NaN,NaN,NaN,NaN
55.92,31.95,33.24,36.00,20.00,AUTO,0,100,0,176.80,0.00,-14.77,162.03,NaN,NaN,NaN,NaN
56.92,31.99,33.20,36.00,20.00,AUTO,0,100,0,176.80,0.00,-14.77,162.03,NaN,NaN,NaN,NaN
57.92,32.02,33.12,36.00,20.00,AUTO,0,100,0,176.80,0.00,-14.77,162.03,NaN,NaN,NaN,NaN
58.93,32.07,33.04,36.00,20.00,AUTO,0,100,0,176.80,0.00,-14.77,162.03,NaN,NaN,NaN,NaN
59.93,32.11,33.05,36.00,20.00,AUTO,0,100,0,176.80,0.00,-14.77,162.03,NaN,NaN,NaN,NaN
60.93,32.14,32.97,36.00,20.00,AUTO,0,100,0,156.40,0.00,-16.68,139.72,NaN,NaN,NaN,NaN
61.93,32.18,32.93,36.00,20.00,AUTO,0,100,0,156.40,0.00,-16.68,139.72,NaN,NaN,NaN,NaN
62.93,32.22,32.85,36.00,20.00,AUTO,0,100,0,156.40,0.00,-16.68,139.72,NaN,NaN,NaN,NaN
63.93,32.25,32.81,36.00,20.00,AUTO,0,100,0,156.40,0.00,-16.68,139.72,NaN,NaN,NaN,NaN
64.93,32.28,32.75,36.00,20.00,AUTO,0,100,0,156.40,0.00,-16.68,139.72,NaN,NaN,NaN,NaN
65.94,32.31,32.71,36.00,20.00,AUTO,0,100,0,156.40,0.00,-16.68,139.72,NaN,NaN,NaN,NaN
66.94,32.34,32.67,36.00,20.00,AUTO,0,100,0,156.40,0.00,-16.68,139.72,NaN,NaN,NaN,NaN
67.94,32.38,32.63,36.00,20.00,AUTO,0,100,0,156.40,0.00,-16.68,139.72,NaN,NaN,NaN,NaN
68.94,32.40,32.59,36.00,20.00,AUTO,0,100,0,156.40,0.00,-16.68,139.72,NaN,NaN,NaN,NaN
69.94,32.44,32.57,36.00,20.00,AUTO,0,100,0,156.40,0.00,-16.68,139.72,NaN,NaN,NaN,NaN
70.94,32.47,32.48,36.00,20.00,AUTO,0,100,0,156.40,0.00,-16.68,139.72,NaN,NaN,NaN,NaN
71.95,32.50,32.44,36.00,20.00,AUTO,0,100,0,156.40,0.00,-16.68,139.72,NaN,NaN,NaN,NaN
72.95,32.54,32.41,36.00,20.00,AUTO,0,100,0,156.40,0.00,-16.68,139.72,NaN,NaN,NaN,NaN
73.95,32.57,32.37,36.00,20.00,AUTO,0,100,0,156.40,0.00,-16.68,139.72,NaN,NaN,NaN,NaN
74.95,32.61,32.35,36.00,20.00,AUTO,0,100,0,156.40,0.00,-16.68,139.72,NaN,NaN,NaN,NaN
75.95,32.66,32.30,36.00,20.00,AUTO,0,100,0,136.40,0.00,-16.95,119.45,NaN,NaN,NaN,NaN
76.96,32.68,32.22,36.00,20.00,AUTO,0,100,0,136.40,0.00,-16.95,119.45,NaN,NaN,NaN,NaN
77.95,32.71,32.19,36.00,20.00,AUTO,0,100,0,136.40,0.00,-16.95,119.45,NaN,NaN,NaN,NaN
78.96,32.74,32.14,36.00,20.00,AUTO,0,100,0,136.40,0.00,-16.95,119.45,NaN,NaN,NaN,NaN
79.96,32.77,32.12,36.00,20.00,AUTO,0,100,0,136.40,0.00,-16.95,119.45,NaN,NaN,NaN,NaN
80.96,32.79,32.08,36.00,20.00,AUTO,0,100,0,136.40,0.00,-16.95,119.45,NaN,NaN,NaN,NaN
81.96,32.84,31.99,36.00,20.00,AUTO,0,100,0,136.40,0.00,-16.95,119.45,NaN,NaN,NaN,NaN
82.96,32.87,31.96,36.00,20.00,AUTO,0,100,0,136.40,0.00,-16.95,119.45,NaN,NaN,NaN,NaN
83.96,32.89,31.92,36.00,20.00,AUTO,0,100,0,136.40,0.00,-16.95,119.45,NaN,NaN,NaN,NaN
84.97,32.90,31.88,36.00,20.00,AUTO,0,100,0,136.40,0.00,-16.95,119.45,NaN,NaN,NaN,NaN
85.97,32.93,31.88,36.00,20.00,AUTO,0,100,0,136.40,0.00,-16.95,119.45,NaN,NaN,NaN,NaN
86.97,32.97,31.86,36.00,20.00,AUTO,0,100,0,136.40,0.00,-16.95,119.45,NaN,NaN,NaN,NaN
87.97,33.01,31.81,36.00,20.00,AUTO,0,100,0,136.40,0.00,-16.95,119.45,NaN,NaN,NaN,NaN
88.97,33.03,31.77,36.00,20.00,AUTO,0,100,0,136.40,0.00,-16.95,119.45,NaN,NaN,NaN,NaN
89.98,33.07,31.73,36.00,20.00,AUTO,0,100,0,136.40,0.00,-16.95,119.45,NaN,NaN,NaN,NaN
90.98,33.11,31.70,36.00,20.00,AUTO,0,100,0,118.00,0.00,-15.39,102.61,NaN,NaN,NaN,NaN
91.98,33.13,31.67,36.00,20.00,AUTO,0,100,0,118.00,0.00,-15.39,102.61,NaN,NaN,NaN,NaN
92.98,33.17,31.63,36.00,20.00,AUTO,0,100,0,118.00,0.00,-15.39,102.61,NaN,NaN,NaN,NaN
93.98,33.20,31.55,36.00,20.00,AUTO,0,100,0,118.00,0.00,-15.39,102.61,NaN,NaN,NaN,NaN
94.98,33.23,31.51,36.00,20.00,AUTO,0,100,0,118.00,0.00,-15.39,102.61,NaN,NaN,NaN,NaN
95.99,33.29,31.48,36.00,20.00,AUTO,0,100,0,118.00,0.00,-15.39,102.61,NaN,NaN,NaN,NaN
96.99,33.30,31.45,36.00,20.00,AUTO,0,100,0,118.00,0.00,-15.39,102.61,NaN,NaN,NaN,NaN
97.99,33.33,31.41,36.00,20.00,AUTO,0,100,0,118.00,0.00,-15.39,102.61,NaN,NaN,NaN,NaN
98.99,33.35,31.32,36.00,20.00,AUTO,0,100,0,118.00,0.00,-15.39,102.61,NaN,NaN,NaN,NaN
99.99,33.38,31.28,36.00,20.00,AUTO,0,100,0,118.00,0.00,-15.39,102.61,NaN,NaN,NaN,NaN
100.99,33.41,31.25,36.00,20.00,AUTO,0,100,0,118.00,0.00,-15.39,102.61,NaN,NaN,NaN,NaN
101.99,33.43,31.16,36.00,20.00,AUTO,0,100,0,118.00,0.00,-15.39,102.61,NaN,NaN,NaN,NaN
102.99,33.46,31.16,36.00,20.00,AUTO,0,100,0,118.00,0.00,-15.39,102.61,NaN,NaN,NaN,NaN
104.00,33.48,31.14,36.00,20.00,AUTO,0,100,0,118.00,0.00,-15.39,102.61,NaN,NaN,NaN,NaN
105.00,33.50,31.10,36.00,20.00,AUTO,0,100,0,118.00,0.00,-15.39,102.61,NaN,NaN,NaN,NaN
106.00,33.53,31.06,36.00,20.00,AUTO,0,85,0,100.40,0.00,-15.16,85.24,NaN,NaN,NaN,NaN
107.00,33.56,31.06,36.00,20.00,AUTO,0,85,0,100.40,0.00,-15.16,85.24,NaN,NaN,NaN,NaN
108.00,33.60,31.02,36.00,20.00,AUTO,0,85,0,100.40,0.00,-15.16,85.24,NaN,NaN,NaN,NaN
109.01,33.64,30.99,36.00,20.00,AUTO,0,85,0,100.40,0.00,-15.16,85.24,NaN,NaN,NaN,NaN
110.00,33.64,30.96,36.00,20.00,AUTO,0,85,0,100.40,0.00,-15.16,85.24,NaN,NaN,NaN,NaN
111.01,33.67,30.92,36.00,20.00,AUTO,0,85,0,100.40,0.00,-15.16,85.24,NaN,NaN,NaN,NaN
112.01,33.70,30.87,36.00,20.00,AUTO,0,85,0,100.40,0.00,-15.16,85.24,NaN,NaN,NaN,NaN
113.01,33.73,30.83,36.00,20.00,AUTO,0,85,0,100.40,0.00,-15.16,85.24,NaN,NaN,NaN,NaN
114.01,33.74,30.80,36.00,20.00,AUTO,0,85,0,100.40,0.00,-15.16,85.24,NaN,NaN,NaN,NaN
115.01,33.76,30.80,36.00,20.00,AUTO,0,85,0,100.40,0.00,-15.16,85.24,NaN,NaN,NaN,NaN
116.01,33.79,30.77,36.00,20.00,AUTO,0,85,0,100.40,0.00,-15.16,85.24,NaN,NaN,NaN,NaN
117.02,33.82,30.74,36.00,20.00,AUTO,0,85,0,100.40,0.00,-15.16,85.24,NaN,NaN,NaN,NaN
118.02,33.85,30.74,36.00,20.00,AUTO,0,85,0,100.40,0.00,-15.16,85.24,NaN,NaN,NaN,NaN
119.02,33.90,30.69,36.00,20.00,AUTO,0,85,0,100.40,0.00,-15.16,85.24,NaN,NaN,NaN,NaN
120.02,33.93,30.65,36.00,20.00,AUTO,0,85,0,100.40,0.00,-15.16,85.24,NaN,NaN,NaN,NaN
121.02,33.94,30.61,36.00,20.00,AUTO,0,84,0,83.40,13.66,-13.35,83.70,NaN,NaN,NaN,NaN
122.03,33.96,30.58,36.00,20.00,AUTO,0,84,0,83.40,13.66,-13.35,83.70,NaN,NaN,NaN,NaN
123.03,33.99,30.58,36.00,20.00,AUTO,0,84,0,83.40,13.66,-13.35,83.70,NaN,NaN,NaN,NaN
124.03,34.02,30.54,36.00,20.00,AUTO,0,84,0,83.40,13.66,-13.35,83.70,NaN,NaN,NaN,NaN
125.03,34.04,30.47,36.00,20.00,AUTO,0,84,0,83.40,13.66,-13.35,83.70,NaN,NaN,NaN,NaN
126.03,34.08,30.42,36.00,20.00,AUTO,0,84,0,83.40,13.66,-13.35,83.70,NaN,NaN,NaN,NaN
127.03,34.09,30.38,36.00,20.00,AUTO,0,84,0,83.40,13.66,-13.35,83.70,NaN,NaN,NaN,NaN
128.04,34.12,30.35,36.00,20.00,AUTO,0,84,0,83.40,13.66,-13.35,83.70,NaN,NaN,NaN,NaN
129.03,34.16,30.30,36.00,20.00,AUTO,0,84,0,83.40,13.66,-13.35,83.70,NaN,NaN,NaN,NaN
130.04,34.17,30.32,36.00,20.00,AUTO,0,84,0,83.40,13.66,-13.35,83.70,NaN,NaN,NaN,NaN
131.04,34.21,30.28,36.00,20.00,AUTO,0,84,0,83.40,13.66,-13.35,83.70,NaN,NaN,NaN,NaN
132.04,34.21,30.24,36.00,20.00,AUTO,0,84,0,83.40,13.66,-13.35,83.70,NaN,NaN,NaN,NaN
133.04,34.23,30.20,36.00,20.00,AUTO,0,84,0,83.40,13.66,-13.35,83.70,NaN,NaN,NaN,NaN
134.04,34.26,30.20,36.00,20.00,AUTO,0,84,0,83.40,13.66,-13.35,83.70,NaN,NaN,NaN,NaN
135.04,34.30,30.16,36.00,20.00,AUTO,0,84,0,83.40,13.66,-13.35,83.70,NaN,NaN,NaN,NaN
136.05,34.31,30.12,36.00,20.00,AUTO,0,81,0,68.80,24.94,-12.91,80.83,NaN,NaN,NaN,NaN
137.05,34.33,30.09,36.00,20.00,AUTO,0,81,0,68.80,24.94,-12.91,80.83,NaN,NaN,NaN,NaN
138.05,34.35,30.09,36.00,20.00,AUTO,0,81,0,68.80,24.94,-12.91,80.83,NaN,NaN,NaN,NaN
139.05,34.36,30.06,36.00,20.00,AUTO,0,81,0,68.80,24.94,-12.91,80.83,NaN,NaN,NaN,NaN
140.05,34.38,30.06,36.00,20.00,AUTO,0,81,0,68.80,24.94,-12.91,80.83,NaN,NaN,NaN,NaN
141.06,34.40,30.02,36.00,20.00,AUTO,0,81,0,68.80,24.94,-12.91,80.83,NaN,NaN,NaN,NaN
142.06,34.42,29.97,36.00,20.00,AUTO,0,81,0,68.80,24.94,-12.91,80.83,NaN,NaN,NaN,NaN
143.06,34.45,29.97,36.00,20.00,AUTO,0,81,0,68.80,24.94,-12.91,80.83,NaN,NaN,NaN,NaN
144.06,34.47,29.93,36.00,20.00,AUTO,0,81,0,68.80,24.94,-12.91,80.83,NaN,NaN,NaN,NaN
145.06,34.48,29.90,36.00,20.00,AUTO,0,81,0,68.80,24.94,-12.91,80.83,NaN,NaN,NaN,NaN
146.06,34.50,29.91,36.00,20.00,AUTO,0,81,0,68.80,24.94,-12.91,80.83,NaN,NaN,NaN,NaN
147.06,34.52,29.87,36.00,20.00,AUTO,0,81,0,68.80,24.94,-12.91,80.83,NaN,NaN,NaN,NaN
148.07,34.53,29.87,36.00,20.00,AUTO,0,81,0,68.80,24.94,-12.91,80.83,NaN,NaN,NaN,NaN
149.07,34.56,29.84,36.00,20.00,AUTO,0,81,0,68.80,24.94,-12.91,80.83,NaN,NaN,NaN,NaN
150.07,34.59,29.84,36.00,20.00,AUTO,0,81,0,68.80,24.94,-12.91,80.83,NaN,NaN,NaN,NaN
151.07,34.60,29.79,36.00,20.00,AUTO,0,81,0,57.00,34.28,-9.95,81.34,NaN,NaN,NaN,NaN
152.07,34.62,29.75,36.00,20.00,AUTO,0,81,0,57.00,34.28,-9.95,81.34,NaN,NaN,NaN,NaN
153.07,34.63,29.75,36.00,20.00,AUTO,0,81,0,57.00,34.28,-9.95,81.34,NaN,NaN,NaN,NaN
154.08,34.64,29.73,36.00,20.00,AUTO,0,81,0,57.00,34.28,-9.95,81.34,NaN,NaN,NaN,NaN
155.08,34.66,29.73,36.00,20.00,AUTO,0,81,0,57.00,34.28,-9.95,81.34,NaN,NaN,NaN,NaN
156.08,34.67,29.73,36.00,20.00,AUTO,0,81,0,57.00,34.28,-9.95,81.34,NaN,NaN,NaN,NaN
157.08,34.67,29.68,36.00,20.00,AUTO,0,81,0,57.00,34.28,-9.95,81.34,NaN,NaN,NaN,NaN
158.08,34.70,29.68,36.00,20.00,AUTO,0,81,0,57.00,34.28,-9.95,81.34,NaN,NaN,NaN,NaN
159.08,34.71,29.61,36.00,20.00,AUTO,0,81,0,57.00,34.28,-9.95,81.34,NaN,NaN,NaN,NaN
160.08,34.73,29.61,36.00,20.00,AUTO,0,81,0,57.00,34.28,-9.95,81.34,NaN,NaN,NaN,NaN
161.08,34.73,29.56,36.00,20.00,AUTO,0,81,0,57.00,34.28,-9.95,81.34,NaN,NaN,NaN,NaN
162.09,34.75,29.56,36.00,20.00,AUTO,0,81,0,57.00,34.28,-9.95,81.34,NaN,NaN,NaN,NaN
163.09,34.76,29.56,36.00,20.00,AUTO,0,81,0,57.00,34.28,-9.95,81.34,NaN,NaN,NaN,NaN
164.09,34.79,29.52,36.00,20.00,AUTO,0,81,0,57.00,34.28,-9.95,81.34,NaN,NaN,NaN,NaN
165.09,34.80,29.52,36.00,20.00,AUTO,0,81,0,57.00,34.28,-9.95,81.34,NaN,NaN,NaN,NaN
166.10,34.80,29.52,36.00,20.00,AUTO,0,83,0,48.20,42.10,-7.52,82.78,NaN,NaN,NaN,NaN
167.09,34.81,29.48,36.00,20.00,AUTO,0,83,0,48.20,42.10,-7.52,82.78,NaN,NaN,NaN,NaN
168.10,34.83,29.48,36.00,20.00,AUTO,0,83,0,48.20,42.10,-7.52,82.78,NaN,NaN,NaN,NaN
169.10,34.84,29.50,36.00,20.00,AUTO,0,83,0,48.20,42.10,-7.52,82.78,NaN,NaN,NaN,NaN
170.10,34.86,29.46,36.00,20.00,AUTO,0,83,0,48.20,42.10,-7.52,82.78,NaN,NaN,NaN,NaN
171.10,34.89,29.46,36.00,20.00,AUTO,0,83,0,48.20,42.10,-7.52,82.78,NaN,NaN,NaN,NaN
172.10,34.90,29.42,36.00,20.00,AUTO,0,83,0,48.20,42.10,-7.52,82.78,NaN,NaN,NaN,NaN
173.11,34.91,29.42,36.00,20.00,AUTO,0,83,0,48.20,42.10,-7.52,82.78,NaN,NaN,NaN,NaN
174.11,34.92,29.42,36.00,20.00,AUTO,0,83,0,48.20,42.10,-7.52,82.78,NaN,NaN,NaN,NaN
175.11,34.93,29.38,36.00,20.00,AUTO,0,83,0,48.20,42.10,-7.52,82.78,NaN,NaN,NaN,NaN
176.11,34.94,29.38,36.00,20.00,AUTO,0,83,0,48.20,42.10,-7.52,82.78,NaN,NaN,NaN,NaN
177.11,34.96,29.34,36.00,20.00,AUTO,0,83,0,48.20,42.10,-7.52,82.78,NaN,NaN,NaN,NaN
178.11,34.97,29.34,36.00,20.00,AUTO,0,83,0,48.20,42.10,-7.52,82.78,NaN,NaN,NaN,NaN
179.11,34.99,29.30,36.00,20.00,AUTO,0,83,0,48.20,42.10,-7.52,82.78,NaN,NaN,NaN,NaN
180.12,35.00,29.30,36.00,20.00,AUTO,0,83,0,48.20,42.10,-7.52,82.78,NaN,NaN,NaN,NaN
181.12,35.00,29.27,36.00,20.00,AUTO,0,82,0,40.20,48.68,-7.01,81.87,NaN,NaN,NaN,NaN
182.12,35.01,29.27,36.00,20.00,AUTO,0,82,0,40.20,48.68,-7.01,81.87,NaN,NaN,NaN,NaN
183.12,35.03,29.27,36.00,20.00,AUTO,0,82,0,40.20,48.68,-7.01,81.87,NaN,NaN,NaN,NaN
184.12,35.03,29.23,36.00,20.00,AUTO,0,82,0,40.20,48.68,-7.01,81.87,NaN,NaN,NaN,NaN
185.12,35.04,29.23,36.00,20.00,AUTO,0,82,0,40.20,48.68,-7.01,81.87,NaN,NaN,NaN,NaN
186.13,35.05,29.23,36.00,20.00,AUTO,0,82,0,40.20,48.68,-7.01,81.87,NaN,NaN,NaN,NaN
187.13,35.06,29.19,36.00,20.00,AUTO,0,82,0,40.20,48.68,-7.01,81.87,NaN,NaN,NaN,NaN
188.13,35.06,29.19,36.00,20.00,AUTO,0,82,0,40.20,48.68,-7.01,81.87,NaN,NaN,NaN,NaN
189.13,35.07,29.19,36.00,20.00,AUTO,0,82,0,40.20,48.68,-7.01,81.87,NaN,NaN,NaN,NaN
190.13,35.08,29.16,36.00,20.00,AUTO,0,82,0,40.20,48.68,-7.01,81.87,NaN,NaN,NaN,NaN
191.13,35.09,29.16,36.00,20.00,AUTO,0,82,0,40.20,48.68,-7.01,81.87,NaN,NaN,NaN,NaN
192.14,35.10,29.16,36.00,20.00,AUTO,0,82,0,40.20,48.68,-7.01,81.87,NaN,NaN,NaN,NaN
193.14,35.11,29.11,36.00,20.00,AUTO,0,82,0,40.20,48.68,-7.01,81.87,NaN,NaN,NaN,NaN
194.14,35.13,29.11,36.00,20.00,AUTO,0,82,0,40.20,48.68,-7.01,81.87,NaN,NaN,NaN,NaN
195.14,35.14,29.11,36.00,20.00,AUTO,0,82,0,40.20,48.68,-7.01,81.87,NaN,NaN,NaN,NaN
196.15,35.13,29.11,36.00,20.00,AUTO,0,84,0,34.60,54.28,-4.74,84.14,NaN,NaN,NaN,NaN
197.14,35.15,29.11,36.00,20.00,AUTO,0,84,0,34.60,54.28,-4.74,84.14,NaN,NaN,NaN,NaN
198.14,35.18,29.09,36.00,20.00,AUTO,0,84,0,34.60,54.28,-4.74,84.14,NaN,NaN,NaN,NaN
199.15,35.18,29.09,36.00,20.00,AUTO,0,84,0,34.60,54.28,-4.74,84.14,NaN,NaN,NaN,NaN
200.15,35.18,29.09,36.00,20.00,AUTO,0,84,0,34.60,54.28,-4.74,84.14,NaN,NaN,NaN,NaN
201.15,35.19,29.05,36.00,20.00,AUTO,0,84,0,34.60,54.28,-4.74,84.14,NaN,NaN,NaN,NaN
202.15,35.20,29.05,36.00,20.00,AUTO,0,84,0,34.60,54.28,-4.74,84.14,NaN,NaN,NaN,NaN
203.15,35.21,29.05,36.00,20.00,AUTO,0,84,0,34.60,54.28,-4.74,84.14,NaN,NaN,NaN,NaN
204.15,35.21,29.05,36.00,20.00,AUTO,0,84,0,34.60,54.28,-4.74,84.14,NaN,NaN,NaN,NaN
205.16,35.22,29.00,36.00,20.00,AUTO,0,84,0,34.60,54.28,-4.74,84.14,NaN,NaN,NaN,NaN
206.16,35.23,29.00,36.00,20.00,AUTO,0,84,0,34.60,54.28,-4.74,84.14,NaN,NaN,NaN,NaN
207.16,35.23,29.00,36.00,20.00,AUTO,0,84,0,34.60,54.28,-4.74,84.14,NaN,NaN,NaN,NaN
208.16,35.24,29.00,36.00,20.00,AUTO,0,84,0,34.60,54.28,-4.74,84.14,NaN,NaN,NaN,NaN
209.16,35.26,29.00,36.00,20.00,AUTO,0,84,0,34.60,54.28,-4.74,84.14,NaN,NaN,NaN,NaN
210.16,35.27,29.00,36.00,20.00,AUTO,0,84,0,34.60,54.28,-4.74,84.14,NaN,NaN,NaN,NaN
211.17,35.25,29.00,36.00,20.00,AUTO,0,84,0,29.40,59.05,-4.45,84.00,NaN,NaN,NaN,NaN
212.17,35.27,28.97,36.00,20.00,AUTO,0,84,0,29.40,59.05,-4.45,84.00,NaN,NaN,NaN,NaN
213.17,35.28,28.97,36.00,20.00,AUTO,0,84,0,29.40,59.05,-4.45,84.00,NaN,NaN,NaN,NaN
214.17,35.28,28.97,36.00,20.00,AUTO,0,84,0,29.40,59.05,-4.45,84.00,NaN,NaN,NaN,NaN
215.17,35.29,28.93,36.00,20.00,AUTO,0,84,0,29.40,59.05,-4.45,84.00,NaN,NaN,NaN,NaN
216.17,35.30,28.93,36.00,20.00,AUTO,0,84,0,29.40,59.05,-4.45,84.00,NaN,NaN,NaN,NaN
217.17,35.31,28.93,36.00,20.00,AUTO,0,84,0,29.40,59.05,-4.45,84.00,NaN,NaN,NaN,NaN
218.18,35.31,28.93,36.00,20.00,AUTO,0,84,0,29.40,59.05,-4.45,84.00,NaN,NaN,NaN,NaN
219.18,35.33,28.93,36.00,20.00,AUTO,0,84,0,29.40,59.05,-4.45,84.00,NaN,NaN,NaN,NaN
220.18,35.33,28.88,36.00,20.00,AUTO,0,84,0,29.40,59.05,-4.45,84.00,NaN,NaN,NaN,NaN
221.18,35.34,28.90,36.00,20.00,AUTO,0,84,0,29.40,59.05,-4.45,84.00,NaN,NaN,NaN,NaN
222.18,35.35,28.90,36.00,20.00,AUTO,0,84,0,29.40,59.05,-4.45,84.00,NaN,NaN,NaN,NaN
223.18,35.35,28.90,36.00,20.00,AUTO,0,84,0,29.40,59.05,-4.45,84.00,NaN,NaN,NaN,NaN
224.19,35.38,28.90,36.00,20.00,AUTO,0,84,0,29.40,59.05,-4.45,84.00,NaN,NaN,NaN,NaN
225.19,35.39,28.86,36.00,20.00,AUTO,0,84,0,29.40,59.05,-4.45,84.00,NaN,NaN,NaN,NaN
226.19,35.38,28.86,36.00,20.00,AUTO,0,84,0,24.60,63.14,-3.97,83.77,NaN,NaN,NaN,NaN
227.19,35.39,28.86,36.00,20.00,AUTO,0,84,0,24.60,63.14,-3.97,83.77,NaN,NaN,NaN,NaN
228.19,35.39,28.82,36.00,20.00,AUTO,0,84,0,24.60,63.14,-3.97,83.77,NaN,NaN,NaN,NaN
229.19,35.41,28.82,36.00,20.00,AUTO,0,84,0,24.60,63.14,-3.97,83.77,NaN,NaN,NaN,NaN
230.19,35.42,28.82,36.00,20.00,AUTO,0,84,0,24.60,63.14,-3.97,83.77,NaN,NaN,NaN,NaN
231.20,35.42,28.82,36.00,20.00,AUTO,0,84,0,24.60,63.14,-3.97,83.77,NaN,NaN,NaN,NaN
232.20,35.43,28.82,36.00,20.00,AUTO,0,84,0,24.60,63.14,-3.97,83.77,NaN,NaN,NaN,NaN
233.20,35.44,28.74,36.00,20.00,AUTO,0,84,0,24.60,63.14,-3.97,83.77,NaN,NaN,NaN,NaN
234.20,35.45,28.74,36.00,20.00,AUTO,0,84,0,24.60,63.14,-3.97,83.77,NaN,NaN,NaN,NaN
235.20,35.45,28.74,36.00,20.00,AUTO,0,84,0,24.60,63.14,-3.97,83.77,NaN,NaN,NaN,NaN
236.20,35.47,28.70,36.00,20.00,AUTO,0,84,0,24.60,63.14,-3.97,83.77,NaN,NaN,NaN,NaN
237.21,35.47,28.70,36.00,20.00,AUTO,0,84,0,24.60,63.14,-3.97,83.77,NaN,NaN,NaN,NaN
238.21,35.48,28.70,36.00,20.00,AUTO,0,84,0,24.60,63.14,-3.97,83.77,NaN,NaN,NaN,NaN
239.21,35.50,28.70,36.00,20.00,AUTO,0,84,0,24.60,63.14,-3.97,83.77,NaN,NaN,NaN,NaN
240.21,35.51,28.71,36.00,20.00,AUTO,0,84,0,24.60,63.14,-3.97,83.77,NaN,NaN,NaN,NaN
241.22,35.50,28.70,36.00,20.00,AUTO,0,82,0,19.80,66.50,-4.19,82.11,NaN,NaN,NaN,NaN
242.21,35.51,28.70,36.00,20.00,AUTO,0,82,0,19.80,66.50,-4.19,82.11,NaN,NaN,NaN,NaN
243.21,35.52,28.68,36.00,20.00,AUTO,0,82,0,19.80,66.50,-4.19,82.11,NaN,NaN,NaN,NaN
244.22,35.52,28.68,36.00,20.00,AUTO,0,82,0,19.80,66.50,-4.19,82.11,NaN,NaN,NaN,NaN
245.22,35.53,28.64,36.00,20.00,AUTO,0,82,0,19.80,66.50,-4.19,82.11,NaN,NaN,NaN,NaN
246.22,35.53,28.64,36.00,20.00,AUTO,0,82,0,19.80,66.50,-4.19,82.11,NaN,NaN,NaN,NaN
247.22,35.54,28.64,36.00,20.00,AUTO,0,82,0,19.80,66.50,-4.19,82.11,NaN,NaN,NaN,NaN
248.22,35.55,28.64,36.00,20.00,AUTO,0,82,0,19.80,66.50,-4.19,82.11,NaN,NaN,NaN,NaN
249.22,35.55,28.64,36.00,20.00,AUTO,0,82,0,19.80,66.50,-4.19,82.11,NaN,NaN,NaN,NaN
250.23,35.55,28.64,36.00,20.00,AUTO,0,82,0,19.80,66.50,-4.19,82.11,NaN,NaN,NaN,NaN
251.23,35.56,28.64,36.00,20.00,AUTO,0,82,0,19.80,66.50,-4.19,82.11,NaN,NaN,NaN,NaN
252.23,35.56,28.59,36.00,20.00,AUTO,0,82,0,19.80,66.50,-4.19,82.11,NaN,NaN,NaN,NaN
253.23,35.57,28.59,36.00,20.00,AUTO,0,82,0,19.80,66.50,-4.19,82.11,NaN,NaN,NaN,NaN
254.23,35.59,28.59,36.00,20.00,AUTO,0,82,0,19.80,66.50,-4.19,82.11,NaN,NaN,NaN,NaN
255.24,35.60,28.59,36.00,20.00,AUTO,0,82,0,19.80,66.50,-4.19,82.11,NaN,NaN,NaN,NaN
256.24,35.59,28.59,36.00,20.00,AUTO,0,82,0,16.20,69.23,-3.06,82.37,NaN,NaN,NaN,NaN
257.24,35.59,28.59,36.00,20.00,AUTO,0,82,0,16.20,69.23,-3.06,82.37,NaN,NaN,NaN,NaN
258.24,35.59,28.59,36.00,20.00,AUTO,0,82,0,16.20,69.23,-3.06,82.37,NaN,NaN,NaN,NaN
259.24,35.60,28.59,36.00,20.00,AUTO,0,82,0,16.20,69.23,-3.06,82.37,NaN,NaN,NaN,NaN
260.24,35.60,28.59,36.00,20.00,AUTO,0,82,0,16.20,69.23,-3.06,82.37,NaN,NaN,NaN,NaN
261.25,35.60,28.59,36.00,20.00,AUTO,0,82,0,16.20,69.23,-3.06,82.37,NaN,NaN,NaN,NaN
262.24,35.60,28.59,36.00,20.00,AUTO,0,82,0,16.20,69.23,-3.06,82.37,NaN,NaN,NaN,NaN
263.25,35.62,28.55,36.00,20.00,AUTO,0,82,0,16.20,69.23,-3.06,82.37,NaN,NaN,NaN,NaN
264.25,35.63,28.55,36.00,20.00,AUTO,0,82,0,16.20,69.23,-3.06,82.37,NaN,NaN,NaN,NaN
265.25,35.63,28.55,36.00,20.00,AUTO,0,82,0,16.20,69.23,-3.06,82.37,NaN,NaN,NaN,NaN
266.25,35.64,28.55,36.00,20.00,AUTO,0,82,0,16.20,69.23,-3.06,82.37,NaN,NaN,NaN,NaN
267.25,35.64,28.55,36.00,20.00,AUTO,0,82,0,16.20,69.23,-3.06,82.37,NaN,NaN,NaN,NaN
268.25,35.65,28.52,36.00,20.00,AUTO,0,82,0,16.20,69.23,-3.06,82.37,NaN,NaN,NaN,NaN
269.26,35.67,28.52,36.00,20.00,AUTO,0,82,0,16.20,69.23,-3.06,82.37,NaN,NaN,NaN,NaN
270.26,35.68,28.52,36.00,20.00,AUTO,0,82,0,16.20,69.23,-3.06,82.37,NaN,NaN,NaN,NaN
271.26,35.67,28.52,36.00,20.00,AUTO,0,82,0,13.00,71.50,-2.72,81.78,NaN,NaN,NaN,NaN
272.26,35.68,28.48,36.00,20.00,AUTO,0,82,0,13.00,71.50,-2.72,81.78,NaN,NaN,NaN,NaN
273.26,35.68,28.48,36.00,20.00,AUTO,0,82,0,13.00,71.50,-2.72,81.78,NaN,NaN,NaN,NaN
274.27,35.68,28.48,36.00,20.00,AUTO,0,82,0,13.00,71.50,-2.72,81.78,NaN,NaN,NaN,NaN
275.26,35.69,28.48,36.00,20.00,AUTO,0,82,0,13.00,71.50,-2.72,81.78,NaN,NaN,NaN,NaN
276.27,35.69,28.48,36.00,20.00,AUTO,0,82,0,13.00,71.50,-2.72,81.78,NaN,NaN,NaN,NaN
277.27,35.69,28.48,36.00,20.00,AUTO,0,82,0,13.00,71.50,-2.72,81.78,NaN,NaN,NaN,NaN
278.27,35.70,28.48,36.00,20.00,AUTO,0,82,0,13.00,71.50,-2.72,81.78,NaN,NaN,NaN,NaN
279.27,35.70,28.48,36.00,20.00,AUTO,0,82,0,13.00,71.50,-2.72,81.78,NaN,NaN,NaN,NaN
280.27,35.70,28.48,36.00,20.00,AUTO,0,82,0,13.00,71.50,-2.72,81.78,NaN,NaN,NaN,NaN
281.27,35.71,28.48,36.00,20.00,AUTO,0,82,0,13.00,71.50,-2.72,81.78,NaN,NaN,NaN,NaN
282.28,35.71,28.45,36.00,20.00,AUTO,0,82,0,13.00,71.50,-2.72,81.78,NaN,NaN,NaN,NaN
283.28,35.71,28.45,36.00,20.00,AUTO,0,82,0,13.00,71.50,-2.72,81.78,NaN,NaN,NaN,NaN
284.28,35.73,28.45,36.00,20.00,AUTO,0,82,0,13.00,71.50,-2.72,81.78,NaN,NaN,NaN,NaN
285.28,35.73,28.45,36.00,20.00,AUTO,0,82,0,13.00,71.50,-2.72,81.78,NaN,NaN,NaN,NaN
286.29,35.71,28.41,36.00,20.00,AUTO,0,82,0,10.80,73.31,-2.08,82.03,NaN,NaN,NaN,NaN
287.29,35.72,28.41,36.00,20.00,AUTO,0,82,0,10.80,73.31,-2.08,82.03,NaN,NaN,NaN,NaN
288.29,35.71,28.41,36.00,20.00,AUTO,0,82,0,10.80,73.31,-2.08,82.03,NaN,NaN,NaN,NaN
289.29,35.72,28.45,36.00,20.00,AUTO,0,82,0,10.80,73.31,-2.08,82.03,NaN,NaN,NaN,NaN
290.29,35.72,28.45,36.00,20.00,AUTO,0,82,0,10.80,73.31,-2.08,82.03,NaN,NaN,NaN,NaN
291.29,35.73,28.45,36.00,20.00,AUTO,0,82,0,10.80,73.31,-2.08,82.03,NaN,NaN,NaN,NaN
292.29,35.74,28.45,36.00,20.00,AUTO,0,82,0,10.80,73.31,-2.08,82.03,NaN,NaN,NaN,NaN
293.29,35.74,28.45,36.00,20.00,AUTO,0,82,0,10.80,73.31,-2.08,82.03,NaN,NaN,NaN,NaN
294.29,35.74,28.45,36.00,20.00,AUTO,0,82,0,10.80,73.31,-2.08,82.03,NaN,NaN,NaN,NaN
295.30,35.75,28.41,36.00,20.00,AUTO,0,82,0,10.80,73.31,-2.08,82.03,NaN,NaN,NaN,NaN
296.30,35.75,28.41,36.00,20.00,AUTO,0,82,0,10.80,73.31,-2.08,82.03,NaN,NaN,NaN,NaN
297.30,35.75,28.41,36.00,20.00,AUTO,0,82,0,10.80,73.31,-2.08,82.03,NaN,NaN,NaN,NaN
298.30,35.75,28.41,36.00,20.00,AUTO,0,82,0,10.80,73.31,-2.08,82.03,NaN,NaN,NaN,NaN
299.30,35.78,28.41,36.00,20.00,AUTO,0,82,0,10.80,73.31,-2.08,82.03,NaN,NaN,NaN,NaN
300.30,35.78,28.41,36.00,20.00,AUTO,0,82,0,10.80,73.31,-2.08,82.03,NaN,NaN,NaN,NaN
301.31,35.77,28.41,36.00,20.00,AUTO,0,82,0,8.80,74.87,-1.62,82.05,NaN,NaN,NaN,NaN
302.31,35.78,28.41,36.00,20.00,AUTO,0,82,0,8.80,74.87,-1.62,82.05,NaN,NaN,NaN,NaN
303.31,35.78,28.41,36.00,20.00,AUTO,0,82,0,8.80,74.87,-1.62,82.05,NaN,NaN,NaN,NaN
304.31,35.78,28.41,36.00,20.00,AUTO,0,82,0,8.80,74.87,-1.62,82.05,NaN,NaN,NaN,NaN
305.31,35.78,28.41,36.00,20.00,AUTO,0,82,0,8.80,74.87,-1.62,82.05,NaN,NaN,NaN,NaN
306.31,35.78,28.41,36.00,20.00,AUTO,0,82,0,8.80,74.87,-1.62,82.05,NaN,NaN,NaN,NaN
307.31,35.78,28.41,36.00,20.00,AUTO,0,82,0,8.80,74.87,-1.62,82.05,NaN,NaN,NaN,NaN
308.32,35.79,28.41,36.00,20.00,AUTO,0,82,0,8.80,74.87,-1.62,82.05,NaN,NaN,NaN,NaN
309.32,35.78,28.41,36.00,20.00,AUTO,0,82,0,8.80,74.87,-1.62,82.05,NaN,NaN,NaN,NaN
310.32,35.78,28.41,36.00,20.00,AUTO,0,82,0,8.80,74.87,-1.62,82.05,NaN,NaN,NaN,NaN
311.32,35.79,28.41,36.00,20.00,AUTO,0,82,0,8.80,74.87,-1.62,82.05,NaN,NaN,NaN,NaN
312.32,35.79,28.41,36.00,20.00,AUTO,0,82,0,8.80,74.87,-1.62,82.05,NaN,NaN,NaN,NaN
313.32,35.79,28.41,36.00,20.00,AUTO,0,82,0,8.80,74.87,-1.62,82.05,NaN,NaN,NaN,NaN
314.33,35.80,28.41,36.00,20.00,AUTO,0,82,0,8.80,74.87,-1.62,82.05,NaN,NaN,NaN,NaN
315.33,35.81,28.36,36.00,20.00,AUTO,0,82,0,8.80,74.87,-1.62,82.05,NaN,NaN,NaN,NaN
316.33,35.79,28.36,36.00,20.00,AUTO,0,83,0,7.80,76.16,-1.12,82.84,NaN,NaN,NaN,NaN
317.33,35.79,28.36,36.00,20.00,AUTO,0,83,0,7.80,76.16,-1.12,82.84,NaN,NaN,NaN,NaN
318.33,35.79,28.36,36.00,20.00,AUTO,0,83,0,7.80,76.16,-1.12,82.84,NaN,NaN,NaN,NaN
319.34,35.80,28.36,36.00,20.00,AUTO,0,83,0,7.80,76.16,-1.12,82.84,NaN,NaN,NaN,NaN
320.34,35.80,28.36,36.00,20.00,AUTO,0,83,0,7.80,76.16,-1.12,82.84,NaN,NaN,NaN,NaN
321.34,35.80,28.36,36.00,20.00,AUTO,0,83,0,7.80,76.16,-1.12,82.84,NaN,NaN,NaN,NaN
322.34,35.81,28.36,36.00,20.00,AUTO,0,83,0,7.80,76.16,-1.12,82.84,NaN,NaN,NaN,NaN
323.34,35.81,28.36,36.00,20.00,AUTO,0,83,0,7.80,76.16,-1.12,82.84,NaN,NaN,NaN,NaN
324.34,35.82,28.36,36.00,20.00,AUTO,0,83,0,7.80,76.16,-1.12,82.84,NaN,NaN,NaN,NaN
325.34,35.82,28.36,36.00,20.00,AUTO,0,83,0,7.80,76.16,-1.12,82.84,NaN,NaN,NaN,NaN
326.34,35.82,28.36,36.00,20.00,AUTO,0,83,0,7.80,76.16,-1.12,82.84,NaN,NaN,NaN,NaN
327.35,35.83,28.32,36.00,20.00,AUTO,0,83,0,7.80,76.16,-1.12,82.84,NaN,NaN,NaN,NaN
328.35,35.83,28.32,36.00,20.00,AUTO,0,83,0,7.80,76.16,-1.12,82.84,NaN,NaN,NaN,NaN
329.35,35.85,28.34,36.00,20.00,AUTO,0,83,0,7.80,76.16,-1.12,82.84,NaN,NaN,NaN,NaN
330.35,35.85,28.34,36.00,20.00,AUTO,0,83,0,7.80,76.16,-1.12,82.84,NaN,NaN,NaN,NaN
331.35,35.84,28.32,36.00,20.00,AUTO,0,82,0,6.00,77.28,-1.45,81.82,NaN,NaN,NaN,NaN
332.36,35.84,28.34,36.00,20.00,AUTO,0,82,0,6.00,77.28,-1.45,81.82,NaN,NaN,NaN,NaN
333.36,35.85,28.34,36.00,20.00,AUTO,0,82,0,6.00,77.28,-1.45,81.82,NaN,NaN,NaN,NaN
334.36,35.85,28.34,36.00,20.00,AUTO,0,82,0,6.00,77.28,-1.45,81.82,NaN,NaN,NaN,NaN
335.36,35.85,28.34,36.00,20.00,AUTO,0,82,0,6.00,77.28,-1.45,81.82,NaN,NaN,NaN,NaN
336.36,35.85,28.34,36.00,20.00,AUTO,0,82,0,6.00,77.28,-1.45,81.82,NaN,NaN,NaN,NaN
337.36,35.86,28.34,36.00,20.00,AUTO,0,82,0,6.00,77.28,-1.45,81.82,NaN,NaN,NaN,NaN
338.37,35.86,28.34,36.00,20.00,AUTO,0,82,0,6.00,77.28,-1.45,81.82,NaN,NaN,NaN,NaN
339.37,35.86,28.34,36.00,20.00,AUTO,0,82,0,6.00,77.28,-1.45,81.82,NaN,NaN,NaN,NaN
340.37,35.86,28.34,36.00,20.00,AUTO,0,82,0,6.00,77.28,-1.45,81.82,NaN,NaN,NaN,NaN
341.37,35.87,28.30,36.00,20.00,AUTO,0,82,0,6.00,77.28,-1.45,81.82,NaN,NaN,NaN,NaN
342.37,35.87,28.30,36.00,20.00,AUTO,0,82,0,6.00,77.28,-1.45,81.82,NaN,NaN,NaN,NaN
343.37,35.87,28.30,36.00,20.00,AUTO,0,82,0,6.00,77.28,-1.45,81.82,NaN,NaN,NaN,NaN
344.37,35.89,28.30,36.00,20.00,AUTO,0,82,0,6.00,77.28,-1.45,81.82,NaN,NaN,NaN,NaN
345.37,35.89,28.30,36.00,20.00,AUTO,0,82,0,6.00,77.28,-1.45,81.82,NaN,NaN,NaN,NaN
346.38,35.88,28.30,36.00,20.00,AUTO,0,81,0,4.40,78.11,-1.44,81.07,NaN,NaN,NaN,NaN
347.38,35.88,28.30,36.00,20.00,AUTO,0,81,0,4.40,78.11,-1.44,81.07,NaN,NaN,NaN,NaN
348.38,35.88,28.30,36.00,20.00,AUTO,0,81,0,4.40,78.11,-1.44,81.07,NaN,NaN,NaN,NaN
349.38,35.89,28.30,36.00,20.00,AUTO,0,81,0,4.40,78.11,-1.44,81.07,NaN,NaN,NaN,NaN
350.38,35.89,28.30,36.00,20.00,AUTO,0,81,0,4.40,78.11,-1.44,81.07,NaN,NaN,NaN,NaN
351.39,35.90,28.30,36.00,20.00,AUTO,0,81,0,4.40,78.11,-1.44,81.07,NaN,NaN,NaN,NaN
352.39,35.90,28.26,36.00,20.00,AUTO,0,81,0,4.40,78.11,-1.44,81.07,NaN,NaN,NaN,NaN
353.39,35.90,28.30,36.00,20.00,AUTO,0,81,0,4.40,78.11,-1.44,81.07,NaN,NaN,NaN,NaN
354.39,35.92,28.26,36.00,20.00,AUTO,0,81,0,4.40,78.11,-1.44,81.07,NaN,NaN,NaN,NaN
355.39,35.92,28.26,36.00,20.00,AUTO,0,81,0,4.40,78.11,-1.44,81.07,NaN,NaN,NaN,NaN
356.39,35.92,28.26,36.00,20.00,AUTO,0,81,0,4.40,78.11,-1.44,81.07,NaN,NaN,NaN,NaN
357.39,35.92,28.26,36.00,20.00,AUTO,0,81,0,4.40,78.11,-1.44,81.07,NaN,NaN,NaN,NaN
358.40,35.92,28.26,36.00,20.00,AUTO,0,81,0,4.40,78.11,-1.44,81.07,NaN,NaN,NaN,NaN
359.40,35.94,28.22,36.00,20.00,AUTO,0,81,0,4.40,78.11,-1.44,81.07,NaN,NaN,NaN,NaN
360.40,35.94,28.22,36.00,20.00,AUTO,0,81,0,4.40,78.11,-1.44,81.07,NaN,NaN,NaN,NaN
361.40,35.92,28.26,36.00,20.00,AUTO,0,79,0,2.40,78.67,-1.79,79.28,NaN,NaN,NaN,NaN
362.40,35.92,28.26,36.00,20.00,AUTO,0,79,0,2.40,78.67,-1.79,79.28,NaN,NaN,NaN,NaN
363.40,35.92,28.26,36.00,20.00,AUTO,0,79,0,2.40,78.67,-1.79,79.28,NaN,NaN,NaN,NaN
364.41,35.93,28.26,36.00,20.00,AUTO,0,79,0,2.40,78.67,-1.79,79.28,NaN,NaN,NaN,NaN
365.41,35.92,28.26,36.00,20.00,AUTO,0,79,0,2.40,78.67,-1.79,79.28,NaN,NaN,NaN,NaN
366.41,35.92,28.26,36.00,20.00,AUTO,0,79,0,2.40,78.67,-1.79,79.28,NaN,NaN,NaN,NaN
367.41,35.92,28.26,36.00,20.00,AUTO,0,79,0,2.40,78.67,-1.79,79.28,NaN,NaN,NaN,NaN
368.41,35.92,28.26,36.00,20.00,AUTO,0,79,0,2.40,78.67,-1.79,79.28,NaN,NaN,NaN,NaN
369.41,35.93,28.26,36.00,20.00,AUTO,0,79,0,2.40,78.67,-1.79,79.28,NaN,NaN,NaN,NaN
370.42,35.93,28.26,36.00,20.00,AUTO,0,79,0,2.40,78.67,-1.79,79.28,NaN,NaN,NaN,NaN
371.42,35.94,28.26,36.00,20.00,AUTO,0,79,0,2.40,78.67,-1.79,79.28,NaN,NaN,NaN,NaN
372.42,35.94,28.22,36.00,20.00,AUTO,0,79,0,2.40,78.67,-1.79,79.28,NaN,NaN,NaN,NaN
373.42,35.96,28.22,36.00,20.00,AUTO,0,79,0,2.40,78.67,-1.79,79.28,NaN,NaN,NaN,NaN
374.42,35.96,28.22,36.00,20.00,AUTO,0,79,0,2.40,78.67,-1.79,79.28,NaN,NaN,NaN,NaN
375.42,35.96,28.22,36.00,20.00,AUTO,0,79,0,2.40,78.67,-1.79,79.28,NaN,NaN,NaN,NaN
376.43,35.94,28.22,36.00,20.00,AUTO,0,80,0,1.60,79.08,-0.82,79.86,NaN,NaN,NaN,NaN
377.42,35.94,28.22,36.00,20.00,AUTO,0,80,0,1.60,79.08,-0.82,79.86,NaN,NaN,NaN,NaN
378.43,35.94,28.22,36.00,20.00,AUTO,0,80,0,1.60,79.08,-0.82,79.86,NaN,NaN,NaN,NaN
379.43,35.95,28.22,36.00,20.00,AUTO,0,80,0,1.60,79.08,-0.82,79.86,NaN,NaN,NaN,NaN
380.43,35.95,28.22,36.00,20.00,AUTO,0,80,0,1.60,79.08,-0.82,79.86,NaN,NaN,NaN,NaN
381.43,35.95,28.22,36.00,20.00,AUTO,0,80,0,1.60,79.08,-0.82,79.86,NaN,NaN,NaN,NaN
382.43,35.95,28.22,36.00,20.00,AUTO,0,80,0,1.60,79.08,-0.82,79.86,NaN,NaN,NaN,NaN
383.44,35.96,28.22,36.00,20.00,AUTO,0,80,0,1.60,79.08,-0.82,79.86,NaN,NaN,NaN,NaN
384.44,35.96,28.22,36.00,20.00,AUTO,0,80,0,1.60,79.08,-0.82,79.86,NaN,NaN,NaN,NaN
385.44,35.96,28.22,36.00,20.00,AUTO,0,80,0,1.60,79.08,-0.82,79.86,NaN,NaN,NaN,NaN
386.44,35.97,28.22,36.00,20.00,AUTO,0,80,0,1.60,79.08,-0.82,79.86,NaN,NaN,NaN,NaN
387.44,35.97,28.22,36.00,20.00,AUTO,0,80,0,1.60,79.08,-0.82,79.86,NaN,NaN,NaN,NaN
388.45,36.00,28.22,36.00,20.00,AUTO,0,80,0,1.60,79.08,-0.82,79.86,NaN,NaN,NaN,NaN
389.45,36.02,28.22,36.00,20.00,AUTO,0,80,0,1.60,79.08,-0.82,79.86,NaN,NaN,NaN,NaN
390.45,36.00,28.22,36.00,20.00,AUTO,0,80,0,1.60,79.08,-0.82,79.86,NaN,NaN,NaN,NaN
391.45,35.97,28.22,36.00,20.00,AUTO,0,77,0,-0.40,79.29,-1.41,77.48,NaN,NaN,NaN,NaN
392.45,35.97,28.22,36.00,20.00,AUTO,0,77,0,-0.40,79.29,-1.41,77.48,NaN,NaN,NaN,NaN
393.45,35.97,28.22,36.00,20.00,AUTO,0,77,0,-0.40,79.29,-1.41,77.48,NaN,NaN,NaN,NaN
394.45,35.97,28.22,36.00,20.00,AUTO,0,77,0,-0.40,79.29,-1.41,77.48,NaN,NaN,NaN,NaN
395.45,35.97,28.22,36.00,20.00,AUTO,0,77,0,-0.40,79.29,-1.41,77.48,NaN,NaN,NaN,NaN
396.46,35.97,28.22,36.00,20.00,AUTO,0,77,0,-0.40,79.29,-1.41,77.48,NaN,NaN,NaN,NaN
397.46,35.97,28.22,36.00,20.00,AUTO,0,77,0,-0.40,79.29,-1.41,77.48,NaN,NaN,NaN,NaN
398.46,35.98,28.22,36.00,20.00,AUTO,0,77,0,-0.40,79.29,-1.41,77.48,NaN,NaN,NaN,NaN
399.46,35.98,28.22,36.00,20.00,AUTO,0,77,0,-0.40,79.29,-1.41,77.48,NaN,NaN,NaN,NaN
400.46,35.98,28.18,36.00,20.00,AUTO,0,77,0,-0.40,79.29,-1.41,77.48,NaN,NaN,NaN,NaN
401.46,35.98,28.18,36.00,20.00,AUTO,0,77,0,-0.40,79.29,-1.41,77.48,NaN,NaN,NaN,NaN
402.46,35.98,28.18,36.00,20.00,AUTO,0,77,0,-0.40,79.29,-1.41,77.48,NaN,NaN,NaN,NaN
403.46,36.02,28.18,36.00,20.00,AUTO,0,77,0,-0.40,79.29,-1.41,77.48,NaN,NaN,NaN,NaN
404.47,36.02,28.18,36.00,20.00,AUTO,0,77,0,-0.40,79.29,-1.41,77.48,NaN,NaN,NaN,NaN
405.47,36.02,28.18,36.00,20.00,AUTO,0,77,0,-0.40,79.29,-1.41,77.48,NaN,NaN,NaN,NaN
406.47,36.02,28.18,36.00,20.00,AUTO,0,78,0,-0.80,79.39,-0.59,78.00,NaN,NaN,NaN,NaN
407.47,36.02,28.18,36.00,20.00,AUTO,0,78,0,-0.80,79.39,-0.59,78.00,NaN,NaN,NaN,NaN
408.47,36.02,28.18,36.00,20.00,AUTO,0,78,0,-0.80,79.39,-0.59,78.00,NaN,NaN,NaN,NaN
409.48,36.02,28.18,36.00,20.00,AUTO,0,78,0,-0.80,79.39,-0.59,78.00,NaN,NaN,NaN,NaN
410.48,36.02,28.18,36.00,20.00,AUTO,0,78,0,-0.80,79.39,-0.59,78.00,NaN,NaN,NaN,NaN
411.48,36.02,28.14,36.00,20.00,AUTO,0,78,0,-0.80,79.39,-0.59,78.00,NaN,NaN,NaN,NaN
412.48,36.02,28.14,36.00,20.00,AUTO,0,78,0,-0.80,79.39,-0.59,78.00,NaN,NaN,NaN,NaN
413.48,36.02,28.14,36.00,20.00,AUTO,0,78,0,-0.80,79.39,-0.59,78.00,NaN,NaN,NaN,NaN
414.48,36.02,28.14,36.00,20.00,AUTO,0,78,0,-0.80,79.39,-0.59,78.00,NaN,NaN,NaN,NaN
415.49,36.02,28.14,36.00,20.00,AUTO,0,78,0,-0.80,79.39,-0.59,78.00,NaN,NaN,NaN,NaN
416.49,36.02,28.14,36.00,20.00,AUTO,0,78,0,-0.80,79.39,-0.59,78.00,NaN,NaN,NaN,NaN
417.49,36.02,28.10,36.00,20.00,AUTO,0,78,0,-0.80,79.39,-0.59,78.00,NaN,NaN,NaN,NaN
418.49,36.03,28.11,36.00,20.00,AUTO,0,78,0,-0.80,79.39,-0.59,78.00,NaN,NaN,NaN,NaN
419.49,36.03,28.11,36.00,20.00,AUTO,0,78,0,-0.80,79.39,-0.59,78.00,NaN,NaN,NaN,NaN
420.50,36.03,28.11,36.00,20.00,AUTO,0,78,0,-0.80,79.39,-0.59,78.00,NaN,NaN,NaN,NaN
421.50,36.03,28.11,36.00,20.00,AUTO,0,77,0,-1.20,79.26,-0.73,77.33,NaN,NaN,NaN,NaN
422.50,36.03,28.11,36.00,20.00,AUTO,0,77,0,-1.20,79.26,-0.73,77.33,NaN,NaN,NaN,NaN
423.50,36.03,28.11,36.00,20.00,AUTO,0,77,0,-1.20,79.26,-0.73,77.33,NaN,NaN,NaN,NaN
424.50,36.03,28.11,36.00,20.00,AUTO,0,77,0,-1.20,79.26,-0.73,77.33,NaN,NaN,NaN,NaN
425.50,36.03,28.11,36.00,20.00,AUTO,0,77,0,-1.20,79.26,-0.73,77.33,NaN,NaN,NaN,NaN
426.50,36.03,28.11,36.00,20.00,AUTO,0,77,0,-1.20,79.26,-0.73,77.33,NaN,NaN,NaN,NaN
427.50,36.03,28.11,36.00,20.00,AUTO,0,77,0,-1.20,79.26,-0.73,77.33,NaN,NaN,NaN,NaN
428.51,36.03,28.11,36.00,20.00,AUTO,0,77,0,-1.20,79.26,-0.73,77.33,NaN,NaN,NaN,NaN
429.51,36.03,28.11,36.00,20.00,AUTO,0,77,0,-1.20,79.26,-0.73,77.33,NaN,NaN,NaN,NaN
430.51,36.03,28.11,36.00,20.00,AUTO,0,77,0,-1.20,79.26,-0.73,77.33,NaN,NaN,NaN,NaN
431.51,36.03,28.11,36.00,20.00,AUTO,0,77,0,-1.20,79.26,-0.73,77.33,NaN,NaN,NaN,NaN
432.51,36.03,28.11,36.00,20.00,AUTO,0,77,0,-1.20,79.26,-0.73,77.33,NaN,NaN,NaN,NaN
433.51,36.07,28.11,36.00,20.00,AUTO,0,77,0,-1.20,79.26,-0.73,77.33,NaN,NaN,NaN,NaN
434.52,36.08,28.11,36.00,20.00,AUTO,0,77,0,-1.20,79.26,-0.73,77.33,NaN,NaN,NaN,NaN
435.52,36.08,28.11,36.00,20.00,AUTO,0,77,0,-1.20,79.26,-0.73,77.33,NaN,NaN,NaN,NaN
436.52,36.03,28.11,36.00,20.00,AUTO,0,75,0,-3.20,79.02,-1.04,74.79,NaN,NaN,NaN,NaN
437.52,36.04,28.11,36.00,20.00,AUTO,0,75,0,-3.20,79.02,-1.04,74.79,NaN,NaN,NaN,NaN
438.52,36.06,28.11,36.00,20.00,AUTO,0,75,0,-3.20,79.02,-1.04,74.79,NaN,NaN,NaN,NaN
439.52,36.06,28.11,36.00,20.00,AUTO,0,75,0,-3.20,79.02,-1.04,74.79,NaN,NaN,NaN,NaN
440.52,36.07,28.11,36.00,20.00,AUTO,0,75,0,-3.20,79.02,-1.04,74.79,NaN,NaN,NaN,NaN
441.53,36.07,28.11,36.00,20.00,AUTO,0,75,0,-3.20,79.02,-1.04,74.79,NaN,NaN,NaN,NaN
442.53,36.07,28.07,36.00,20.00,AUTO,0,75,0,-3.20,79.02,-1.04,74.79,NaN,NaN,NaN,NaN
443.53,36.08,28.07,36.00,20.00,AUTO,0,75,0,-3.20,79.02,-1.04,74.79,NaN,NaN,NaN,NaN
444.53,36.08,28.07,36.00,20.00,AUTO,0,75,0,-3.20,79.02,-1.04,74.79,NaN,NaN,NaN,NaN
445.53,36.08,28.07,36.00,20.00,AUTO,0,75,0,-3.20,79.02,-1.04,74.79,NaN,NaN,NaN,NaN
446.53,36.08,28.07,36.00,20.00,AUTO,0,75,0,-3.20,79.02,-1.04,74.79,NaN,NaN,NaN,NaN
447.54,36.08,28.07,36.00,20.00,AUTO,0,75,0,-3.20,79.02,-1.04,74.79,NaN,NaN,NaN,NaN
448.54,36.10,28.07,36.00,20.00,AUTO,0,75,0,-3.20,79.02,-1.04,74.79,NaN,NaN,NaN,NaN
449.54,36.10,28.07,36.00,20.00,AUTO,0,75,0,-3.20,79.02,-1.04,74.79,NaN,NaN,NaN,NaN
450.54,36.11,28.07,36.00,20.00,AUTO,0,75,0,-3.20,79.02,-1.04,74.79,NaN,NaN,NaN,NaN
451.55,36.09,28.07,36.00,20.00,AUTO,0,73,0,-4.20,78.58,-1.51,72.87,NaN,NaN,NaN,NaN
452.54,36.09,28.07,36.00,20.00,AUTO,0,73,0,-4.20,78.58,-1.51,72.87,NaN,NaN,NaN,NaN
453.54,36.08,28.07,36.00,20.00,AUTO,0,73,0,-4.20,78.58,-1.51,72.87,NaN,NaN,NaN,NaN
454.55,36.09,28.07,36.00,20.00,AUTO,0,73,0,-4.20,78.58,-1.51,72.87,NaN,NaN,NaN,NaN
455.55,36.09,28.07,36.00,20.00,AUTO,0,73,0,-4.20,78.58,-1.51,72.87,NaN,NaN,NaN,NaN
456.55,36.10,28.07,36.00,20.00,AUTO,0,73,0,-4.20,78.58,-1.51,72.87,NaN,NaN,NaN,NaN
457.55,36.10,28.07,36.00,20.00,AUTO,0,73,0,-4.20,78.58,-1.51,72.87,NaN,NaN,NaN,NaN
458.55,36.10,28.03,36.00,20.00,AUTO,0,73,0,-4.20,78.58,-1.51,72.87,NaN,NaN,NaN,NaN
459.55,36.10,28.07,36.00,20.00,AUTO,0,73,0,-4.20,78.58,-1.51,72.87,NaN,NaN,NaN,NaN
460.56,36.10,28.03,36.00,20.00,AUTO,0,73,0,-4.20,78.58,-1.51,72.87,NaN,NaN,NaN,NaN
461.56,36.10,28.03,36.00,20.00,AUTO,0,73,0,-4.20,78.58,-1.51,72.87,NaN,NaN,NaN,NaN
462.56,36.14,28.03,36.00,20.00,AUTO,0,73,0,-4.20,78.58,-1.51,72.87,NaN,NaN,NaN,NaN
463.56,36.14,28.03,36.00,20.00,AUTO,0,73,0,-4.20,78.58,-1.51,72.87,NaN,NaN,NaN,NaN
464.56,36.14,28.03,36.00,20.00,AUTO,0,73,0,-4.20,78.58,-1.51,72.87,NaN,NaN,NaN,NaN
465.57,36.14,28.03,36.00,20.00,AUTO,0,73,0,-4.20,78.58,-1.51,72.87,NaN,NaN,NaN,NaN
466.57,36.12,28.03,36.00,20.00,AUTO,0,71,0,-5.60,77.94,-1.30,71.04,NaN,NaN,NaN,NaN
467.57,36.12,28.03,36.00,20.00,AUTO,0,71,0,-5.60,77.94,-1.30,71.04,NaN,NaN,NaN,NaN
468.57,36.12,28.03,36.00,20.00,AUTO,0,71,0,-5.60,77.94,-1.30,71.04,NaN,NaN,NaN,NaN
469.57,36.13,28.03,36.00,20.00,AUTO,0,71,0,-5.60,77.94,-1.30,71.04,NaN,NaN,NaN,NaN
470.57,36.13,28.03,36.00,20.00,AUTO,0,71,0,-5.60,77.94,-1.30,71.04,NaN,NaN,NaN,NaN
471.57,36.13,28.03,36.00,20.00,AUTO,0,71,0,-5.60,77.94,-1.30,71.04,NaN,NaN,NaN,NaN
472.58,36.14,28.03,36.00,20.00,AUTO,0,71,0,-5.60,77.94,-1.30,71.04,NaN,NaN,NaN,NaN
473.58,36.14,28.03,36.00,20.00,AUTO,0,71,0,-5.60,77.94,-1.30,71.04,NaN,NaN,NaN,NaN
474.58,36.13,28.03,36.00,20.00,AUTO,0,71,0,-5.60,77.94,-1.30,71.04,NaN,NaN,NaN,NaN
475.58,36.13,28.03,36.00,20.00,AUTO,0,71,0,-5.60,77.94,-1.30,71.04,NaN,NaN,NaN,NaN
476.58,36.14,28.03,36.00,20.00,AUTO,0,71,0,-5.60,77.94,-1.30,71.04,NaN,NaN,NaN,NaN
477.58,36.16,28.03,36.00,20.00,AUTO,0,71,0,-5.60,77.94,-1.30,71.04,NaN,NaN,NaN,NaN
478.58,36.16,28.03,36.00,20.00,AUTO,0,71,0,-5.60,77.94,-1.30,71.04,NaN,NaN,NaN,NaN
479.59,36.17,28.03,36.00,20.00,AUTO,0,71,0,-5.60,77.94,-1.30,71.04,NaN,NaN,NaN,NaN
480.59,36.17,28.03,36.00,20.00,AUTO,0,71,0,-5.60,77.94,-1.30,71.04,NaN,NaN,NaN,NaN
481.59,36.15,28.03,36.00,20.00,AUTO,0,69,0,-6.80,77.10,-1.01,69.29,NaN,NaN,NaN,NaN
482.59,36.15,28.03,36.00,20.00,AUTO,0,69,0,-6.80,77.10,-1.01,69.29,NaN,NaN,NaN,NaN
483.59,36.15,28.03,36.00,20.00,AUTO,0,69,0,-6.80,77.10,-1.01,69.29,NaN,NaN,NaN,NaN
484.60,36.14,28.03,36.00,20.00,AUTO,0,69,0,-6.80,77.10,-1.01,69.29,NaN,NaN,NaN,NaN
485.59,36.14,28.03,36.00,20.00,AUTO,0,69,0,-6.80,77.10,-1.01,69.29,NaN,NaN,NaN,NaN
486.60,36.13,28.03,36.00,20.00,AUTO,0,69,0,-6.80,77.10,-1.01,69.29,NaN,NaN,NaN,NaN
487.60,36.13,28.03,36.00,20.00,AUTO,0,69,0,-6.80,77.10,-1.01,69.29,NaN,NaN,NaN,NaN
488.60,36.13,28.03,36.00,20.00,AUTO,0,69,0,-6.80,77.10,-1.01,69.29,NaN,NaN,NaN,NaN
489.60,36.13,28.03,36.00,20.00,AUTO,0,69,0,-6.80,77.10,-1.01,69.29,NaN,NaN,NaN,NaN
490.60,36.13,28.03,36.00,20.00,AUTO,0,69,0,-6.80,77.10,-1.01,69.29,NaN,NaN,NaN,NaN
491.61,36.13,28.03,36.00,20.00,AUTO,0,69,0,-6.80,77.10,-1.01,69.29,NaN,NaN,NaN,NaN
492.61,36.15,28.00,36.00,20.00,AUTO,0,69,0,-6.80,77.10,-1.01,69.29,NaN,NaN,NaN,NaN
493.61,36.14,28.00,36.00,20.00,AUTO,0,69,0,-6.80,77.10,-1.01,69.29,NaN,NaN,NaN,NaN
494.61,36.14,28.00,36.00,20.00,AUTO,0,69,0,-6.80,77.10,-1.01,69.29,NaN,NaN,NaN,NaN
495.61,36.14,28.00,36.00,20.00,AUTO,0,69,0,-6.80,77.10,-1.01,69.29,NaN,NaN,NaN,NaN
496.61,36.12,28.03,36.00,20.00,AUTO,0,71,0,-5.60,76.27,0.68,71.35,NaN,NaN,NaN,NaN
497.62,36.12,28.03,36.00,20.00,AUTO,0,71,0,-5.60,76.27,0.68,71.35,NaN,NaN,NaN,NaN
498.62,36.12,28.03,36.00,20.00,AUTO,0,71,0,-5.60,76.27,0.68,71.35,NaN,NaN,NaN,NaN
499.62,36.12,28.03,36.00,20.00,AUTO,0,71,0,-5.60,76.27,0.68,71.35,NaN,NaN,NaN,NaN
500.62,36.12,28.03,36.00,20.00,AUTO,0,71,0,-5.60,76.27,0.68,71.35,NaN,NaN,NaN,NaN
501.62,36.12,28.03,36.00,20.00,AUTO,0,71,0,-5.60,76.27,0.68,71.35,NaN,NaN,NaN,NaN
502.62,36.12,28.03,36.00,20.00,AUTO,0,71,0,-5.60,76.27,0.68,71.35,NaN,NaN,NaN,NaN
503.63,36.11,28.03,36.00,20.00,AUTO,0,71,0,-5.60,76.27,0.68,71.35,NaN,NaN,NaN,NaN
504.63,36.11,28.03,36.00,20.00,AUTO,0,71,0,-5.60,76.27,0.68,71.35,NaN,NaN,NaN,NaN
505.63,36.11,28.03,36.00,20.00,AUTO,0,71,0,-5.60,76.27,0.68,71.35,NaN,NaN,NaN,NaN
506.63,36.12,28.03,36.00,20.00,AUTO,0,71,0,-5.60,76.27,0.68,71.35,NaN,NaN,NaN,NaN
507.63,36.14,28.03,36.00,20.00,AUTO,0,71,0,-5.60,76.27,0.68,71.35,NaN,NaN,NaN,NaN
508.63,36.14,28.03,36.00,20.00,AUTO,0,71,0,-5.60,76.27,0.68,71.35,NaN,NaN,NaN,NaN
509.63,36.13,28.03,36.00,20.00,AUTO,0,71,0,-5.60,76.27,0.68,71.35,NaN,NaN,NaN,NaN
510.63,36.13,28.03,36.00,20.00,AUTO,0,71,0,-5.60,76.27,0.68,71.35,NaN,NaN,NaN,NaN
511.64,36.11,28.03,36.00,20.00,AUTO,0,71,0,-5.20,75.54,0.29,70.63,NaN,NaN,NaN,NaN
512.64,36.12,28.03,36.00,20.00,AUTO,0,71,0,-5.20,75.54,0.29,70.63,NaN,NaN,NaN,NaN
513.64,36.11,28.03,36.00,20.00,AUTO,0,71,0,-5.20,75.54,0.29,70.63,NaN,NaN,NaN,NaN
514.64,36.12,28.03,36.00,20.00,AUTO,0,71,0,-5.20,75.54,0.29,70.63,NaN,NaN,NaN,NaN
515.64,36.12,28.03,36.00,20.00,AUTO,0,71,0,-5.20,75.54,0.29,70.63,NaN,NaN,NaN,NaN
516.65,36.11,28.03,36.00,20.00,AUTO,0,71,0,-5.20,75.54,0.29,70.63,NaN,NaN,NaN,NaN
517.64,36.11,28.03,36.00,20.00,AUTO,0,71,0,-5.20,75.54,0.29,70.63,NaN,NaN,NaN,NaN
518.65,36.11,28.03,36.00,20.00,AUTO,0,71,0,-5.20,75.54,0.29,70.63,NaN,NaN,NaN,NaN
519.65,36.11,28.03,36.00,20.00,AUTO,0,71,0,-5.20,75.54,0.29,70.63,NaN,NaN,NaN,NaN
520.65,36.10,28.03,36.00,20.00,AUTO,0,71,0,-5.20,75.54,0.29,70.63,NaN,NaN,NaN,NaN
521.65,36.10,28.03,36.00,20.00,AUTO,0,71,0,-5.20,75.54,0.29,70.63,NaN,NaN,NaN,NaN
522.65,36.13,28.03,36.00,20.00,AUTO,0,71,0,-5.20,75.54,0.29,70.63,NaN,NaN,NaN,NaN
523.66,36.13,28.03,36.00,20.00,AUTO,0,71,0,-5.20,75.54,0.29,70.63,NaN,NaN,NaN,NaN
524.66,36.12,28.03,36.00,20.00,AUTO,0,71,0,-5.20,75.54,0.29,70.63,NaN,NaN,NaN,NaN
525.66,36.12,28.03,36.00,20.00,AUTO,0,71,0,-5.20,75.54,0.29,70.63,NaN,NaN,NaN,NaN
526.66,36.10,28.03,36.00,20.00,AUTO,0,70,0,-4.80,74.85,0.38,70.44,NaN,NaN,NaN,NaN
527.66,36.10,28.03,36.00,20.00,AUTO,0,70,0,-4.80,74.85,0.38,70.44,NaN,NaN,NaN,NaN
528.66,36.10,28.03,36.00,20.00,AUTO,0,70,0,-4.80,74.85,0.38,70.44,NaN,NaN,NaN,NaN
529.67,36.10,28.03,36.00,20.00,AUTO,0,70,0,-4.80,74.85,0.38,70.44,NaN,NaN,NaN,NaN
530.67,36.10,28.03,36.00,20.00,AUTO,0,70,0,-4.80,74.85,0.38,70.44,NaN,NaN,NaN,NaN
531.67,36.10,28.03,36.00,20.00,AUTO,0,70,0,-4.80,74.85,0.38,70.44,NaN,NaN,NaN,NaN
532.67,36.10,28.03,36.00,20.00,AUTO,0,70,0,-4.80,74.85,0.38,70.44,NaN,NaN,NaN,NaN
533.67,36.10,28.03,36.00,20.00,AUTO,0,70,0,-4.80,74.85,0.38,70.44,NaN,NaN,NaN,NaN
534.67,36.10,28.03,36.00,20.00,AUTO,0,70,0,-4.80,74.85,0.38,70.44,NaN,NaN,NaN,NaN
535.67,36.10,28.03,36.00,20.00,AUTO,0,70,0,-4.80,74.85,0.38,70.44,NaN,NaN,NaN,NaN
536.68,36.11,28.03,36.00,20.00,AUTO,0,70,0,-4.80,74.85,0.38,70.44,NaN,NaN,NaN,NaN
537.68,36.13,28.03,36.00,20.00,AUTO,0,70,0,-4.80,74.85,0.38,70.44,NaN,NaN,NaN,NaN
538.68,36.13,28.03,36.00,20.00,AUTO,0,70,0,-4.80,74.85,0.38,70.44,NaN,NaN,NaN,NaN
539.68,36.13,28.03,36.00,20.00,AUTO,0,70,0,-4.80,74.85,0.38,70.44,NaN,NaN,NaN,NaN
540.68,36.13,28.03,36.00,20.00,AUTO,0,70,0,-4.80,74.85,0.38,70.44,NaN,NaN,NaN,NaN
541.69,36.12,28.03,36.00,20.00,AUTO,0,69,0,-5.20,74.20,-0.22,68.78,NaN,NaN,NaN,NaN
542.69,36.12,28.03,36.00,20.00,AUTO,0,69,0,-5.20,74.20,-0.22,68.78,NaN,NaN,NaN,NaN
543.69,36.12,28.03,36.00,20.00,AUTO,0,69,0,-5.20,74.20,-0.22,68.78,NaN,NaN,NaN,NaN
544.69,36.12,28.03,36.00,20.00,AUTO,0,69,0,-5.20,74.20,-0.22,68.78,NaN,NaN,NaN,NaN
545.69,36.12,28.03,36.00,20.00,AUTO,0,69,0,-5.20,74.20,-0.22,68.78,NaN,NaN,NaN,NaN
546.69,36.12,28.03,36.00,20.00,AUTO,0,69,0,-5.20,74.20,-0.22,68.78,NaN,NaN,NaN,NaN
547.69,36.12,28.03,36.00,20.00,AUTO,0,69,0,-5.20,74.20,-0.22,68.78,NaN,NaN,NaN,NaN
548.70,36.12,28.03,36.00,20.00,AUTO,0,69,0,-5.20,74.20,-0.22,68.78,NaN,NaN,NaN,NaN
549.70,36.12,28.03,36.00,20.00,AUTO,0,69,0,-5.20,74.20,-0.22,68.78,NaN,NaN,NaN,NaN
550.70,36.12,28.03,36.00,20.00,AUTO,0,69,0,-5.20,74.20,-0.22,68.78,NaN,NaN,NaN,NaN
551.70,36.11,28.03,36.00,20.00,AUTO,0,69,0,-5.20,74.20,-0.22,68.78,NaN,NaN,NaN,NaN
552.70,36.13,28.03,36.00,20.00,AUTO,0,69,0,-5.20,74.20,-0.22,68.78,NaN,NaN,NaN,NaN
553.70,36.13,28.03,36.00,20.00,AUTO,0,69,0,-5.20,74.20,-0.22,68.78,NaN,NaN,NaN,NaN
554.70,36.14,28.03,36.00,20.00,AUTO,0,69,0,-5.20,74.20,-0.22,68.78,NaN,NaN,NaN,NaN
555.71,36.13,28.03,36.00,20.00,AUTO,0,69,0,-5.20,74.20,-0.22,68.78,NaN,NaN,NaN,NaN
556.71,36.10,28.03,36.00,20.00,AUTO,0,68,0,-5.40,73.46,-0.12,67.94,NaN,NaN,NaN,NaN
557.71,36.10,28.03,36.00,20.00,AUTO,0,68,0,-5.40,73.46,-0.12,67.94,NaN,NaN,NaN,NaN
558.71,36.10,28.03,36.00,20.00,AUTO,0,68,0,-5.40,73.46,-0.12,67.94,NaN,NaN,NaN,NaN
559.71,36.10,28.03,36.00,20.00,AUTO,0,68,0,-5.40,73.46,-0.12,67.94,NaN,NaN,NaN,NaN
560.71,36.10,28.03,36.00,20.00,AUTO,0,68,0,-5.40,73.46,-0.12,67.94,NaN,NaN,NaN,NaN
561.72,36.09,28.03,36.00,20.00,AUTO,0,68,0,-5.40,73.46,-0.12,67.94,NaN,NaN,NaN,NaN
562.72,36.09,28.03,36.00,20.00,AUTO,0,68,0,-5.40,73.46,-0.12,67.94,NaN,NaN,NaN,NaN
563.72,36.08,28.03,36.00,20.00,AUTO,0,68,0,-5.40,73.46,-0.12,67.94,NaN,NaN,NaN,NaN
564.72,36.08,28.03,36.00,20.00,AUTO,0,68,0,-5.40,73.46,-0.12,67.94,NaN,NaN,NaN,NaN
565.72,36.07,28.03,36.00,20.00,AUTO,0,68,0,-5.40,73.46,-0.12,67.94,NaN,NaN,NaN,NaN
566.73,36.07,28.03,36.00,20.00,AUTO,0,68,0,-5.40,73.46,-0.12,67.94,NaN,NaN,NaN,NaN
567.72,36.09,28.03,36.00,20.00,AUTO,0,68,0,-5.40,73.46,-0.12,67.94,NaN,NaN,NaN,NaN
568.73,36.09,28.03,36.00,20.00,AUTO,0,68,0,-5.40,73.46,-0.12,67.94,NaN,NaN,NaN,NaN
569.73,36.09,28.07,36.00,20.00,AUTO,0,68,0,-5.40,73.46,-0.12,67.94,NaN,NaN,NaN,NaN
570.73,36.08,28.07,36.00,20.00,AUTO,0,68,0,-5.40,73.46,-0.12,67.94,NaN,NaN,NaN,NaN
571.73,36.06,28.07,36.00,20.00,AUTO,0,71,0,-3.40,72.93,1.39,70.93,NaN,NaN,NaN,NaN
572.73,36.06,28.07,36.00,20.00,AUTO,0,71,0,-3.40,72.93,1.39,70.93,NaN,NaN,NaN,NaN
573.73,36.04,28.07,36.00,20.00,AUTO,0,71,0,-3.40,72.93,1.39,70.93,NaN,NaN,NaN,NaN
574.74,36.04,28.07,36.00,20.00,AUTO,0,71,0,-3.40,72.93,1.39,70.93,NaN,NaN,NaN,NaN
575.74,36.03,28.07,36.00,20.00,AUTO,0,71,0,-3.40,72.93,1.39,70.93,NaN,NaN,NaN,NaN
576.74,36.03,28.07,36.00,20.00,AUTO,0,71,0,-3.40,72.93,1.39,70.93,NaN,NaN,NaN,NaN
577.74,36.03,28.07,36.00,20.00,AUTO,0,71,0,-3.40,72.93,1.39,70.93,NaN,NaN,NaN,NaN
578.74,36.03,28.11,36.00,20.00,AUTO,0,71,0,-3.40,72.93,1.39,70.93,NaN,NaN,NaN,NaN
579.74,36.03,28.11,36.00,20.00,AUTO,0,71,0,-3.40,72.93,1.39,70.93,NaN,NaN,NaN,NaN
580.74,36.03,28.11,36.00,20.00,AUTO,0,71,0,-3.40,72.93,1.39,70.93,NaN,NaN,NaN,NaN
581.74,36.03,28.11,36.00,20.00,AUTO,0,71,0,-3.40,72.93,1.39,70.93,NaN,NaN,NaN,NaN
582.75,36.04,28.11,36.00,20.00,AUTO,0,71,0,-3.40,72.93,1.39,70.93,NaN,NaN,NaN,NaN
583.75,36.06,28.11,36.00,20.00,AUTO,0,71,0,-3.40,72.93,1.39,70.93,NaN,NaN,NaN,NaN
584.75,36.06,28.11,36.00,20.00,AUTO,0,71,0,-3.40,72.93,1.39,70.93,NaN,NaN,NaN,NaN
585.75,36.04,28.11,36.00,20.00,AUTO,0,71,0,-3.40,72.93,1.39,70.93,NaN,NaN,NaN,NaN
586.76,36.03,28.11,36.00,20.00,AUTO,0,72,0,-2.00,72.69,1.24,71.93,NaN,NaN,NaN,NaN
587.76,36.03,28.11,36.00,20.00,AUTO,0,72,0,-2.00,72.69,1.24,71.93,NaN,NaN,NaN,NaN
588.76,36.03,28.11,36.00,20.00,AUTO,0,72,0,-2.00,72.69,1.24,71.93,NaN,NaN,NaN,NaN
589.76,36.03,28.11,36.00,20.00,AUTO,0,72,0,-2.00,72.69,1.24,71.93,NaN,NaN,NaN,NaN
590.76,36.03,28.11,36.00,20.00,AUTO,0,72,0,-2.00,72.69,1.24,71.93,NaN,NaN,NaN,NaN
591.76,36.03,28.11,36.00,20.00,AUTO,0,72,0,-2.00,72.69,1.24,71.93,NaN,NaN,NaN,NaN
592.76,36.03,28.11,36.00,20.00,AUTO,0,72,0,-2.00,72.69,1.24,71.93,NaN,NaN,NaN,NaN
593.77,36.03,28.11,36.00,20.00,AUTO,0,72,0,-2.00,72.69,1.24,71.93,NaN,NaN,NaN,NaN
594.77,36.03,28.11,36.00,20.00,AUTO,0,72,0,-2.00,72.69,1.24,71.93,NaN,NaN,NaN,NaN
595.77,36.03,28.11,36.00,20.00,AUTO,0,72,0,-2.00,72.69,1.24,71.93,NaN,NaN,NaN,NaN
596.77,36.03,28.11,36.00,20.00,AUTO,0,72,0,-2.00,72.69,1.24,71.93,NaN,NaN,NaN,NaN
597.77,36.03,28.11,36.00,20.00,AUTO,0,72,0,-2.00,72.69,1.24,71.93,NaN,NaN,NaN,NaN
598.78,36.03,28.11,36.00,20.00,AUTO,0,72,0,-2.00,72.69,1.24,71.93,NaN,NaN,NaN,NaN
599.77,36.03,28.11,36.00,20.00,AUTO,0,72,0,-2.00,72.69,1.24,71.93,NaN,NaN,NaN,NaN
600.78,36.06,28.11,36.00,20.00,AUTO,0,72,0,-2.00,72.69,1.24,71.93,NaN,NaN,NaN,NaN
601.78,36.03,28.11,36.00,20.00,AUTO,0,71,0,-1.80,72.50,0.21,70.90,NaN,NaN,NaN,NaN
602.78,36.03,28.11,36.00,20.00,AUTO,0,71,0,-1.80,72.50,0.21,70.90,NaN,NaN,NaN,NaN
603.78,36.03,28.11,36.00,20.00,AUTO,0,71,0,-1.80,72.50,0.21,70.90,NaN,NaN,NaN,NaN
604.78,36.03,28.11,36.00,20.00,AUTO,0,71,0,-1.80,72.50,0.21,70.90,NaN,NaN,NaN,NaN
605.78,36.03,28.11,36.00,20.00,AUTO,0,71,0,-1.80,72.50,0.21,70.90,NaN,NaN,NaN,NaN
606.79,36.03,28.11,36.00,20.00,AUTO,0,71,0,-1.80,72.50,0.21,70.90,NaN,NaN,NaN,NaN
607.79,36.03,28.11,36.00,20.00,AUTO,0,71,0,-1.80,72.50,0.21,70.90,NaN,NaN,NaN,NaN
608.79,36.03,28.11,36.00,20.00,AUTO,0,71,0,-1.80,72.50,0.21,70.90,NaN,NaN,NaN,NaN
609.79,36.03,28.11,36.00,20.00,AUTO,0,71,0,-1.80,72.50,0.21,70.90,NaN,NaN,NaN,NaN
610.79,36.04,28.11,36.00,20.00,AUTO,0,71,0,-1.80,72.50,0.21,70.90,NaN,NaN,NaN,NaN
611.79,36.04,28.11,36.00,20.00,AUTO,0,71,0,-1.80,72.50,0.21,70.90,NaN,NaN,NaN,NaN
612.80,36.07,28.11,36.00,20.00,AUTO,0,71,0,-1.80,72.50,0.21,70.90,NaN,NaN,NaN,NaN
613.79,36.08,28.11,36.00,20.00,AUTO,0,71,0,-1.80,72.50,0.21,70.90,NaN,NaN,NaN,NaN
614.80,36.08,28.11,36.00,20.00,AUTO,0,71,0,-1.80,72.50,0.21,70.90,NaN,NaN,NaN,NaN
615.80,36.08,28.11,36.00,20.00,AUTO,0,71,0,-1.80,72.50,0.21,70.90,NaN,NaN,NaN,NaN
616.80,36.06,28.11,36.00,20.00,AUTO,0,68,0,-3.20,72.23,-1.10,67.93,NaN,NaN,NaN,NaN
617.80,36.06,28.11,36.00,20.00,AUTO,0,68,0,-3.20,72.23,-1.10,67.93,NaN,NaN,NaN,NaN
618.80,36.06,28.11,36.00,20.00,AUTO,0,68,0,-3.20,72.23,-1.10,67.93,NaN,NaN,NaN,NaN
619.81,36.07,28.11,36.00,20.00,AUTO,0,68,0,-3.20,72.23,-1.10,67.93,NaN,NaN,NaN,NaN
620.81,36.08,28.07,36.00,20.00,AUTO,0,68,0,-3.20,72.23,-1.10,67.93,NaN,NaN,NaN,NaN
621.81,36.08,28.07,36.00,20.00,AUTO,0,68,0,-3.20,72.23,-1.10,67.93,NaN,NaN,NaN,NaN
622.81,36.08,28.07,36.00,20.00,AUTO,0,68,0,-3.20,72.23,-1.10,67.93,NaN,NaN,NaN,NaN
623.81,36.08,28.07,36.00,20.00,AUTO,0,68,0,-3.20,72.23,-1.10,67.93,NaN,NaN,NaN,NaN
624.81,36.08,28.07,36.00,20.00,AUTO,0,68,0,-3.20,72.23,-1.10,67.93,NaN,NaN,NaN,NaN
625.82,36.08,28.07,36.00,20.00,AUTO,0,68,0,-3.20,72.23,-1.10,67.93,NaN,NaN,NaN,NaN
626.82,36.08,28.07,36.00,20.00,AUTO,0,68,0,-3.20,72.23,-1.10,67.93,NaN,NaN,NaN,NaN
627.82,36.11,28.07,36.00,20.00,AUTO,0,68,0,-3.20,72.23,-1.10,67.93,NaN,NaN,NaN,NaN
628.82,36.11,28.07,36.00,20.00,AUTO,0,68,0,-3.20,72.23,-1.10,67.93,NaN,NaN,NaN,NaN
629.82,36.10,28.07,36.00,20.00,AUTO,0,68,0,-3.20,72.23,-1.10,67.93,NaN,NaN,NaN,NaN
630.83,36.10,28.07,36.00,20.00,AUTO,0,68,0,-3.20,72.23,-1.10,67.93,NaN,NaN,NaN,NaN
631.83,36.08,28.07,36.00,20.00,AUTO,0,67,0,-4.00,71.74,-1.11,66.63,NaN,NaN,NaN,NaN
632.83,36.09,28.07,36.00,20.00,AUTO,0,67,0,-4.00,71.74,-1.11,66.63,NaN,NaN,NaN,NaN
633.83,36.09,28.07,36.00,20.00,AUTO,0,67,0,-4.00,71.74,-1.11,66.63,NaN,NaN,NaN,NaN
634.83,36.09,28.07,36.00,20.00,AUTO,0,67,0,-4.00,71.74,-1.11,66.63,NaN,NaN,NaN,NaN
635.83,36.08,28.07,36.00,20.00,AUTO,0,67,0,-4.00,71.74,-1.11,66.63,NaN,NaN,NaN,NaN
636.83,36.08,28.07,36.00,20.00,AUTO,0,67,0,-4.00,71.74,-1.11,66.63,NaN,NaN,NaN,NaN
637.83,36.09,28.07,36.00,20.00,AUTO,0,67,0,-4.00,71.74,-1.11,66.63,NaN,NaN,NaN,NaN
638.84,36.08,28.07,36.00,20.00,AUTO,0,67,0,-4.00,71.74,-1.11,66.63,NaN,NaN,NaN,NaN
639.84,36.08,28.07,36.00,20.00,AUTO,0,67,0,-4.00,71.74,-1.11,66.63,NaN,NaN,NaN,NaN
640.84,36.08,28.07,36.00,20.00,AUTO,0,67,0,-4.00,71.74,-1.11,66.63,NaN,NaN,NaN,NaN
641.84,36.10,28.07,36.00,20.00,AUTO,0,67,0,-4.00,71.74,-1.11,66.63,NaN,NaN,NaN,NaN
642.84,36.10,28.07,36.00,20.00,AUTO,0,67,0,-4.00,71.74,-1.11,66.63,NaN,NaN,NaN,NaN
643.85,36.10,28.07,36.00,20.00,AUTO,0,67,0,-4.00,71.74,-1.11,66.63,NaN,NaN,NaN,NaN
644.85,36.10,28.07,36.00,20.00,AUTO,0,67,0,-4.00,71.74,-1.11,66.63,NaN,NaN,NaN,NaN
645.85,36.09,28.07,36.00,20.00,AUTO,0,67,0,-4.00,71.74,-1.11,66.63,NaN,NaN,NaN,NaN
646.85,36.07,28.07,36.00,20.00,AUTO,0,68,0,-3.80,71.21,0.09,67.50,NaN,NaN,NaN,NaN
647.85,36.08,28.07,36.00,20.00,AUTO,0,68,0,-3.80,71.21,0.09,67.50,NaN,NaN,NaN,NaN
648.85,36.07,28.07,36.00,20.00,AUTO,0,68,0,-3.80,71.21,0.09,67.50,NaN,NaN,NaN,NaN
649.85,36.07,28.07,36.00,20.00,AUTO,0,68,0,-3.80,71.21,0.09,67.50,NaN,NaN,NaN,NaN
650.85,36.08,28.07,36.00,20.00,AUTO,0,68,0,-3.80,71.21,0.09,67.50,NaN,NaN,NaN,NaN
651.86,36.07,28.07,36.00,20.00,AUTO,0,68,0,-3.80,71.21,0.09,67.50,NaN,NaN,NaN,NaN
652.86,36.07,28.07,36.00,20.00,AUTO,0,68,0,-3.80,71.21,0.09,67.50,NaN,NaN,NaN,NaN
653.86,36.06,28.07,36.00,20.00,AUTO,0,68,0,-3.80,71.21,0.09,67.50,NaN,NaN,NaN,NaN
654.86,36.07,28.07,36.00,20.00,AUTO,0,68,0,-3.80,71.21,0.09,67.50,NaN,NaN,NaN,NaN
655.86,36.06,28.07,36.00,20.00,AUTO,0,68,0,-3.80,71.21,0.09,67.50,NaN,NaN,NaN,NaN
656.86,36.07,28.07,36.00,20.00,AUTO,0,68,0,-3.80,71.21,0.09,67.50,NaN,NaN,NaN,NaN
657.87,36.09,28.07,36.00,20.00,AUTO,0,68,0,-3.80,71.21,0.09,67.50,NaN,NaN,NaN,NaN
658.87,36.09,28.07,36.00,20.00,AUTO,0,68,0,-3.80,71.21,0.09,67.50,NaN,NaN,NaN,NaN
659.87,36.09,28.07,36.00,20.00,AUTO,0,68,0,-3.80,71.21,0.09,67.50,NaN,NaN,NaN,NaN
660.87,36.09,28.07,36.00,20.00,AUTO,0,68,0,-3.80,71.21,0.09,67.50,NaN,NaN,NaN,NaN
661.88,36.06,28.07,36.00,20.00,AUTO,0,68,0,-3.60,70.76,0.41,67.56,NaN,NaN,NaN,NaN
662.88,36.06,28.07,36.00,20.00,AUTO,0,68,0,-3.60,70.76,0.41,67.56,NaN,NaN,NaN,NaN
663.87,36.06,28.07,36.00,20.00,AUTO,0,68,0,-3.60,70.76,0.41,67.56,NaN,NaN,NaN,NaN
664.88,36.06,28.07,36.00,20.00,AUTO,0,68,0,-3.60,70.76,0.41,67.56,NaN,NaN,NaN,NaN
665.88,36.06,28.07,36.00,20.00,AUTO,0,68,0,-3.60,70.76,0.41,67.56,NaN,NaN,NaN,NaN
666.88,36.06,28.07,36.00,20.00,AUTO,0,68,0,-3.60,70.76,0.41,67.56,NaN,NaN,NaN,NaN
667.88,36.06,28.07,36.00,20.00,AUTO,0,68,0,-3.60,70.76,0.41,67.56,NaN,NaN,NaN,NaN
668.88,36.06,28.07,36.00,20.00,AUTO,0,68,0,-3.60,70.76,0.41,67.56,NaN,NaN,NaN,NaN
669.88,36.04,28.07,36.00,20.00,AUTO,0,68,0,-3.60,70.76,0.41,67.56,NaN,NaN,NaN,NaN
670.89,36.06,28.07,36.00,20.00,AUTO,0,68,0,-3.60,70.76,0.41,67.56,NaN,NaN,NaN,NaN
671.89,36.06,28.07,36.00,20.00,AUTO,0,68,0,-3.60,70.76,0.41,67.56,NaN,NaN,NaN,NaN
672.89,36.09,28.07,36.00,20.00,AUTO,0,68,0,-3.60,70.76,0.41,67.56,NaN,NaN,NaN,NaN
673.89,36.09,28.07,36.00,20.00,AUTO,0,68,0,-3.60,70.76,0.41,67.56,NaN,NaN,NaN,NaN
674.89,36.09,28.07,36.00,20.00,AUTO,0,68,0,-3.60,70.76,0.41,67.56,NaN,NaN,NaN,NaN
675.90,36.09,28.07,36.00,20.00,AUTO,0,68,0,-3.60,70.76,0.41,67.56,NaN,NaN,NaN,NaN
676.90,36.07,28.07,36.00,20.00,AUTO,0,67,0,-3.60,70.36,0.03,66.79,NaN,NaN,NaN,NaN
677.90,36.07,28.07,36.00,20.00,AUTO,0,67,0,-3.60,70.36,0.03,66.79,NaN,NaN,NaN,NaN
678.90,36.07,28.07,36.00,20.00,AUTO,0,67,0,-3.60,70.36,0.03,66.79,NaN,NaN,NaN,NaN
679.90,36.07,28.07,36.00,20.00,AUTO,0,67,0,-3.60,70.36,0.03,66.79,NaN,NaN,NaN,NaN
680.90,36.07,28.07,36.00,20.00,AUTO,0,67,0,-3.60,70.36,0.03,66.79,NaN,NaN,NaN,NaN
681.90,36.08,28.07,36.00,20.00,AUTO,0,67,0,-3.60,70.36,0.03,66.79,NaN,NaN,NaN,NaN
682.90,36.08,28.07,36.00,20.00,AUTO,0,67,0,-3.60,70.36,0.03,66.79,NaN,NaN,NaN,NaN
683.91,36.08,28.07,36.00,20.00,AUTO,0,67,0,-3.60,70.36,0.03,66.79,NaN,NaN,NaN,NaN
684.91,36.08,28.07,36.00,20.00,AUTO,0,67,0,-3.60,70.36,0.03,66.79,NaN,NaN,NaN,NaN
685.91,36.07,28.07,36.00,20.00,AUTO,0,67,0,-3.60,70.36,0.03,66.79,NaN,NaN,NaN,NaN
686.91,36.08,28.07,36.00,20.00,AUTO,0,67,0,-3.60,70.36,0.03,66.79,NaN,NaN,NaN,NaN
687.91,36.09,28.11,36.00,20.00,AUTO,0,67,0,-3.60,70.36,0.03,66.79,NaN,NaN,NaN,NaN
688.91,36.09,28.11,36.00,20.00,AUTO,0,67,0,-3.60,70.36,0.03,66.79,NaN,NaN,NaN,NaN
689.92,36.08,28.11,36.00,20.00,AUTO,0,67,0,-3.60,70.36,0.03,66.79,NaN,NaN,NaN,NaN
690.92,36.09,28.11,36.00,20.00,AUTO,0,67,0,-3.60,70.36,0.03,66.79,NaN,NaN,NaN,NaN
691.92,36.06,28.07,36.00,20.00,AUTO,0,66,0,-3.40,69.89,-0.17,66.32,NaN,NaN,NaN,NaN
692.92,36.06,28.07,36.00,20.00,AUTO,0,66,0,-3.40,69.89,-0.17,66.32,NaN,NaN,NaN,NaN
693.92,36.06,28.07,36.00,20.00,AUTO,0,66,0,-3.40,69.89,-0.17,66.32,NaN,NaN,NaN,NaN
694.93,36.06,28.07,36.00,20.00,AUTO,0,66,0,-3.40,69.89,-0.17,66.32,NaN,NaN,NaN,NaN
695.92,36.04,28.07,36.00,20.00,AUTO,0,66,0,-3.40,69.89,-0.17,66.32,NaN,NaN,NaN,NaN
696.93,36.03,28.07,36.00,20.00,AUTO,0,66,0,-3.40,69.89,-0.17,66.32,NaN,NaN,NaN,NaN
697.93,36.03,28.07,36.00,20.00,AUTO,0,66,0,-3.40,69.89,-0.17,66.32,NaN,NaN,NaN,NaN
698.93,36.03,28.07,36.00,20.00,AUTO,0,66,0,-3.40,69.89,-0.17,66.32,NaN,NaN,NaN,NaN
699.93,36.03,28.07,36.00,20.00,AUTO,0,66,0,-3.40,69.89,-0.17,66.32,NaN,NaN,NaN,NaN
700.93,36.03,28.07,36.00,20.00,AUTO,0,66,0,-3.40,69.89,-0.17,66.32,NaN,NaN,NaN,NaN
701.94,36.06,28.07,36.00,20.00,AUTO,0,66,0,-3.40,69.89,-0.17,66.32,NaN,NaN,NaN,NaN
702.94,36.04,28.07,36.00,20.00,AUTO,0,66,0,-3.40,69.89,-0.17,66.32,NaN,NaN,NaN,NaN
703.94,36.03,28.07,36.00,20.00,AUTO,0,66,0,-3.40,69.89,-0.17,66.32,NaN,NaN,NaN,NaN
704.94,36.04,28.07,36.00,20.00,AUTO,0,66,0,-3.40,69.89,-0.17,66.32,NaN,NaN,NaN,NaN
705.94,36.03,28.11,36.00,20.00,AUTO,0,66,0,-3.40,69.89,-0.17,66.32,NaN,NaN,NaN,NaN
706.95,36.03,28.11,36.00,20.00,AUTO,0,70,0,-1.40,69.64,1.61,69.85,NaN,NaN,NaN,NaN
707.95,36.02,28.10,36.00,20.00,AUTO,0,70,0,-1.40,69.64,1.61,69.85,NaN,NaN,NaN,NaN
708.95,36.02,28.10,36.00,20.00,AUTO,0,70,0,-1.40,69.64,1.61,69.85,NaN,NaN,NaN,NaN
709.95,36.02,28.10,36.00,20.00,AUTO,0,70,0,-1.40,69.64,1.61,69.85,NaN,NaN,NaN,NaN
710.95,36.02,28.10,36.00,20.00,AUTO,0,70,0,-1.40,69.64,1.61,69.85,NaN,NaN,NaN,NaN
711.95,36.02,28.10,36.00,20.00,AUTO,0,70,0,-1.40,69.64,1.61,69.85,NaN,NaN,NaN,NaN
712.95,36.02,28.10,36.00,20.00,AUTO,0,70,0,-1.40,69.64,1.61,69.85,NaN,NaN,NaN,NaN
713.95,36.02,28.10,36.00,20.00,AUTO,0,70,0,-1.40,69.64,1.61,69.85,NaN,NaN,NaN,NaN
714.95,36.02,28.11,36.00,20.00,AUTO,0,70,0,-1.40,69.64,1.61,69.85,NaN,NaN,NaN,NaN
715.96,36.02,28.10,36.00,20.00,AUTO,0,70,0,-1.40,69.64,1.61,69.85,NaN,NaN,NaN,NaN
716.96,36.02,28.10,36.00,20.00,AUTO,0,70,0,-1.40,69.64,1.61,69.85,NaN,NaN,NaN,NaN
717.96,36.03,28.11,36.00,20.00,AUTO,0,70,0,-1.40,69.64,1.61,69.85,NaN,NaN,NaN,NaN
718.96,36.03,28.11,36.00,20.00,AUTO,0,70,0,-1.40,69.64,1.61,69.85,NaN,NaN,NaN,NaN
719.96,36.03,28.10,36.00,20.00,AUTO,0,70,0,-1.40,69.64,1.61,69.85,NaN,NaN,NaN,NaN
720.97,36.02,28.16,36.00,20.00,AUTO,0,70,0,-1.40,69.64,1.61,69.85,NaN,NaN,NaN,NaN
721.97,36.02,28.14,36.00,20.00,AUTO,0,69,0,-1.00,69.50,0.47,68.97,NaN,NaN,NaN,NaN
722.97,36.02,28.14,36.00,20.00,AUTO,0,69,0,-1.00,69.50,0.47,68.97,NaN,NaN,NaN,NaN
723.97,36.02,28.14,36.00,20.00,AUTO,0,69,0,-1.00,69.50,0.47,68.97,NaN,NaN,NaN,NaN
724.97,36.02,28.14,36.00,20.00,AUTO,0,69,0,-1.00,69.50,0.47,68.97,NaN,NaN,NaN,NaN
725.97,36.02,28.14,36.00,20.00,AUTO,0,69,0,-1.00,69.50,0.47,68.97,NaN,NaN,NaN,NaN
726.98,36.02,28.14,36.00,20.00,AUTO,0,69,0,-1.00,69.50,0.47,68.97,NaN,NaN,NaN,NaN
727.97,36.02,28.14,36.00,20.00,AUTO,0,69,0,-1.00,69.50,0.47,68.97,NaN,NaN,NaN,NaN
728.98,36.02,28.14,36.00,20.00,AUTO,0,69,0,-1.00,69.50,0.47,68.97,NaN,NaN,NaN,NaN
729.98,36.02,28.14,36.00,20.00,AUTO,0,69,0,-1.00,69.50,0.47,68.97,NaN,NaN,NaN,NaN
730.98,36.02,28.10,36.00,20.00,AUTO,0,69,0,-1.00,69.50,0.47,68.97,NaN,NaN,NaN,NaN
731.99,36.02,28.10,36.00,20.00,AUTO,0,69,0,-1.00,69.50,0.47,68.97,NaN,NaN,NaN,NaN
732.98,36.02,28.10,36.00,20.00,AUTO,0,69,0,-1.00,69.50,0.47,68.97,NaN,NaN,NaN,NaN
733.99,36.02,28.10,36.00,20.00,AUTO,0,69,0,-1.00,69.50,0.47,68.97,NaN,NaN,NaN,NaN
734.99,36.02,28.10,36.00,20.00,AUTO,0,69,0,-1.00,69.50,0.47,68.97,NaN,NaN,NaN,NaN
735.99,36.02,28.10,36.00,20.00,AUTO,0,69,0,-1.00,69.50,0.47,68.97,NaN,NaN,NaN,NaN
736.99,36.02,28.10,36.00,20.00,AUTO,0,69,0,-0.80,69.38,0.17,68.75,NaN,NaN,NaN,NaN
737.99,36.02,28.10,36.00,20.00,AUTO,0,69,0,-0.80,69.38,0.17,68.75,NaN,NaN,NaN,NaN
738.99,36.02,28.10,36.00,20.00,AUTO,0,69,0,-0.80,69.38,0.17,68.75,NaN,NaN,NaN,NaN
740.00,36.02,28.10,36.00,20.00,AUTO,0,69,0,-0.80,69.38,0.17,68.75,NaN,NaN,NaN,NaN
741.00,36.02,28.10,36.00,20.00,AUTO,0,69,0,-0.80,69.38,0.17,68.75,NaN,NaN,NaN,NaN
742.00,36.02,28.10,36.00,20.00,AUTO,0,69,0,-0.80,69.38,0.17,68.75,NaN,NaN,NaN,NaN
743.00,36.02,28.10,36.00,20.00,AUTO,0,69,0,-0.80,69.38,0.17,68.75,NaN,NaN,NaN,NaN
744.00,36.02,28.10,36.00,20.00,AUTO,0,69,0,-0.80,69.38,0.17,68.75,NaN,NaN,NaN,NaN
745.01,36.02,28.10,36.00,20.00,AUTO,0,69,0,-0.80,69.38,0.17,68.75,NaN,NaN,NaN,NaN
746.00,36.02,28.10,36.00,20.00,AUTO,0,69,0,-0.80,69.38,0.17,68.75,NaN,NaN,NaN,NaN
747.00,36.02,28.10,36.00,20.00,AUTO,0,69,0,-0.80,69.38,0.17,68.75,NaN,NaN,NaN,NaN
748.01,36.03,28.11,36.00,20.00,AUTO,0,69,0,-0.80,69.38,0.17,68.75,NaN,NaN,NaN,NaN
749.01,36.03,28.11,36.00,20.00,AUTO,0,69,0,-0.80,69.38,0.17,68.75,NaN,NaN,NaN,NaN
750.01,36.03,28.11,36.00,20.00,AUTO,0,69,0,-0.80,69.38,0.17,68.75,NaN,NaN,NaN,NaN
751.01,36.03,28.11,36.00,20.00,AUTO,0,69,0,-0.80,69.38,0.17,68.75,NaN,NaN,NaN,NaN
752.02,36.02,28.10,36.00,20.00,AUTO,0,68,0,-1.20,69.24,-0.24,67.80,NaN,NaN,NaN,NaN
753.02,36.02,28.10,36.00,20.00,AUTO,0,68,0,-1.20,69.24,-0.24,67.80,NaN,NaN,NaN,NaN
754.02,36.02,28.10,36.00,20.00,AUTO,0,68,0,-1.20,69.24,-0.24,67.80,NaN,NaN,NaN,NaN
755.02,36.02,28.10,36.00,20.00,AUTO,0,68,0,-1.20,69.24,-0.24,67.80,NaN,NaN,NaN,NaN
756.02,36.02,28.10,36.00,20.00,AUTO,0,68,0,-1.20,69.24,-0.24,67.80,NaN,NaN,NaN,NaN
757.02,36.02,28.11,36.00,20.00,AUTO,0,68,0,-1.20,69.24,-0.24,67.80,NaN,NaN,NaN,NaN
758.02,36.02,28.11,36.00,20.00,AUTO,0,68,0,-1.20,69.24,-0.24,67.80,NaN,NaN,NaN,NaN
759.03,36.02,28.11,36.00,20.00,AUTO,0,68,0,-1.20,69.24,-0.24,67.80,NaN,NaN,NaN,NaN
760.03,36.03,28.11,36.00,20.00,AUTO,0,68,0,-1.20,69.24,-0.24,67.80,NaN,NaN,NaN,NaN
761.03,36.03,28.11,36.00,20.00,AUTO,0,68,0,-1.20,69.24,-0.24,67.80,NaN,NaN,NaN,NaN
762.03,36.03,28.11,36.00,20.00,AUTO,0,68,0,-1.20,69.24,-0.24,67.80,NaN,NaN,NaN,NaN
763.03,36.04,28.11,36.00,20.00,AUTO,0,68,0,-1.20,69.24,-0.24,67.80,NaN,NaN,NaN,NaN
764.04,36.06,28.11,36.00,20.00,AUTO,0,68,0,-1.20,69.24,-0.24,67.80,NaN,NaN,NaN,NaN
765.03,36.06,28.11,36.00,20.00,AUTO,0,68,0,-1.20,69.24,-0.24,67.80,NaN,NaN,NaN,NaN
766.04,36.07,28.07,36.00,20.00,AUTO,0,68,0,-1.20,69.24,-0.24,67.80,NaN,NaN,NaN,NaN
767.04,36.04,28.11,36.00,20.00,AUTO,0,66,0,-2.60,69.05,-0.83,65.63,NaN,NaN,NaN,NaN
768.04,36.03,28.07,36.00,20.00,AUTO,0,66,0,-2.60,69.05,-0.83,65.63,NaN,NaN,NaN,NaN
769.04,36.04,28.07,36.00,20.00,AUTO,0,66,0,-2.60,69.05,-0.83,65.63,NaN,NaN,NaN,NaN
770.04,36.04,28.07,36.00,20.00,AUTO,0,66,0,-2.60,69.05,-0.83,65.63,NaN,NaN,NaN,NaN
771.04,36.03,28.07,36.00,20.00,AUTO,0,66,0,-2.60,69.05,-0.83,65.63,NaN,NaN,NaN,NaN
772.05,36.03,28.07,36.00,20.00,AUTO,0,66,0,-2.60,69.05,-0.83,65.63,NaN,NaN,NaN,NaN
773.05,36.04,28.11,36.00,20.00,AUTO,0,66,0,-2.60,69.05,-0.83,65.63,NaN,NaN,NaN,NaN
774.05,36.03,28.11,36.00,20.00,AUTO,0,66,0,-2.60,69.05,-0.83,65.63,NaN,NaN,NaN,NaN
775.05,36.03,28.11,36.00,20.00,AUTO,0,66,0,-2.60,69.05,-0.83,65.63,NaN,NaN,NaN,NaN
776.05,36.03,28.11,36.00,20.00,AUTO,0,66,0,-2.60,69.05,-0.83,65.63,NaN,NaN,NaN,NaN
777.05,36.06,28.11,36.00,20.00,AUTO,0,66,0,-2.60,69.05,-0.83,65.63,NaN,NaN,NaN,NaN
778.06,36.06,28.07,36.00,20.00,AUTO,0,66,0,-2.60,69.05,-0.83,65.63,NaN,NaN,NaN,NaN
779.06,36.04,28.07,36.00,20.00,AUTO,0,66,0,-2.60,69.05,-0.83,65.63,NaN,NaN,NaN,NaN
780.06,36.03,28.07,36.00,20.00,AUTO,0,66,0,-2.60,69.05,-0.83,65.63,NaN,NaN,NaN,NaN
781.06,36.04,28.07,36.00,20.00,AUTO,0,66,0,-2.60,69.05,-0.83,65.63,NaN,NaN,NaN,NaN
782.06,36.02,28.11,36.00,20.00,AUTO,0,68,0,-1.40,68.82,0.20,67.62,NaN,NaN,NaN,NaN
783.06,36.02,28.10,36.00,20.00,AUTO,0,68,0,-1.40,68.82,0.20,67.62,NaN,NaN,NaN,NaN
784.06,36.02,28.10,36.00,20.00,AUTO,0,68,0,-1.40,68.82,0.20,67.62,NaN,NaN,NaN,NaN
785.07,36.02,28.10,36.00,20.00,AUTO,0,68,0,-1.40,68.82,0.20,67.62,NaN,NaN,NaN,NaN
786.07,36.02,28.10,36.00,20.00,AUTO,0,68,0,-1.40,68.82,0.20,67.62,NaN,NaN,NaN,NaN
787.07,36.02,28.10,36.00,20.00,AUTO,0,68,0,-1.40,68.82,0.20,67.62,NaN,NaN,NaN,NaN
788.07,36.02,28.10,36.00,20.00,AUTO,0,68,0,-1.40,68.82,0.20,67.62,NaN,NaN,NaN,NaN
789.07,36.02,28.10,36.00,20.00,AUTO,0,68,0,-1.40,68.82,0.20,67.62,NaN,NaN,NaN,NaN
790.07,36.02,28.10,36.00,20.00,AUTO,0,68,0,-1.40,68.82,0.20,67.62,NaN,NaN,NaN,NaN
791.08,36.02,28.10,36.00,20.00,AUTO,0,68,0,-1.40,68.82,0.20,67.62,NaN,NaN,NaN,NaN
792.08,36.02,28.10,36.00,20.00,AUTO,0,68,0,-1.40,68.82,0.20,67.62,NaN,NaN,NaN,NaN
793.08,36.02,28.10,36.00,20.00,AUTO,0,68,0,-1.40,68.82,0.20,67.62,NaN,NaN,NaN,NaN
794.08,36.02,28.10,36.00,20.00,AUTO,0,68,0,-1.40,68.82,0.20,67.62,NaN,NaN,NaN,NaN
795.08,36.02,28.10,36.00,20.00,AUTO,0,68,0,-1.40,68.82,0.20,67.62,NaN,NaN,NaN,NaN
796.08,36.02,28.10,36.00,20.00,AUTO,0,68,0,-1.40,68.82,0.20,67.62,NaN,NaN,NaN,NaN
797.09,36.02,28.10,36.00,20.00,AUTO,0,69,0,-0.80,68.70,0.79,68.69,NaN,NaN,NaN,NaN
798.09,36.02,28.10,36.00,20.00,AUTO,0,69,0,-0.80,68.70,0.79,68.69,NaN,NaN,NaN,NaN
799.09,36.02,28.10,36.00,20.00,AUTO,0,69,0,-0.80,68.70,0.79,68.69,NaN,NaN,NaN,NaN
800.09,36.02,28.14,36.00,20.00,AUTO,0,69,0,-0.80,68.70,0.79,68.69,NaN,NaN,NaN,NaN
801.09,36.02,28.10,36.00,20.00,AUTO,0,69,0,-0.80,68.70,0.79,68.69,NaN,NaN,NaN,NaN
802.09,36.02,28.10,36.00,20.00,AUTO,0,69,0,-0.80,68.70,0.79,68.69,NaN,NaN,NaN,NaN
803.09,36.02,28.10,36.00,20.00,AUTO,0,69,0,-0.80,68.70,0.79,68.69,NaN,NaN,NaN,NaN
804.10,36.02,28.10,36.00,20.00,AUTO,0,69,0,-0.80,68.70,0.79,68.69,NaN,NaN,NaN,NaN
805.10,36.02,28.10,36.00,20.00,AUTO,0,69,0,-0.80,68.70,0.79,68.69,NaN,NaN,NaN,NaN
806.10,36.02,28.10,36.00,20.00,AUTO,0,69,0,-0.80,68.70,0.79,68.69,NaN,NaN,NaN,NaN
807.10,36.02,28.10,36.00,20.00,AUTO,0,69,0,-0.80,68.70,0.79,68.69,NaN,NaN,NaN,NaN
808.10,36.02,28.10,36.00,20.00,AUTO,0,69,0,-0.80,68.70,0.79,68.69,NaN,NaN,NaN,NaN
809.11,36.02,28.10,36.00,20.00,AUTO,0,69,0,-0.80,68.70,0.79,68.69,NaN,NaN,NaN,NaN
810.11,36.02,28.10,36.00,20.00,AUTO,0,69,0,-0.80,68.70,0.79,68.69,NaN,NaN,NaN,NaN
811.11,36.02,28.10,36.00,20.00,AUTO,0,69,0,-0.80,68.70,0.79,68.69,NaN,NaN,NaN,NaN
812.11,36.02,28.10,36.00,20.00,AUTO,0,68,0,-0.80,68.58,0.00,67.78,NaN,NaN,NaN,NaN
813.11,36.02,28.10,36.00,20.00,AUTO,0,68,0,-0.80,68.58,0.00,67.78,NaN,NaN,NaN,NaN
814.11,36.02,28.10,36.00,20.00,AUTO,0,68,0,-0.80,68.58,0.00,67.78,NaN,NaN,NaN,NaN
815.11,36.02,28.10,36.00,20.00,AUTO,0,68,0,-0.80,68.58,0.00,67.78,NaN,NaN,NaN,NaN
816.11,36.02,28.10,36.00,20.00,AUTO,0,68,0,-0.80,68.58,0.00,67.78,NaN,NaN,NaN,NaN
817.12,36.02,28.10,36.00,20.00,AUTO,0,68,0,-0.80,68.58,0.00,67.78,NaN,NaN,NaN,NaN
818.12,36.02,28.10,36.00,20.00,AUTO,0,68,0,-0.80,68.58,0.00,67.78,NaN,NaN,NaN,NaN
819.12,36.02,28.10,36.00,20.00,AUTO,0,68,0,-0.80,68.58,0.00,67.78,NaN,NaN,NaN,NaN
820.12,36.02,28.14,36.00,20.00,AUTO,0,68,0,-0.80,68.58,0.00,67.78,NaN,NaN,NaN,NaN
821.12,36.02,28.10,36.00,20.00,AUTO,0,68,0,-0.80,68.58,0.00,67.78,NaN,NaN,NaN,NaN
822.12,36.02,28.10,36.00,20.00,AUTO,0,68,0,-0.80,68.58,0.00,67.78,NaN,NaN,NaN,NaN
823.13,36.02,28.10,36.00,20.00,AUTO,0,68,0,-0.80,68.58,0.00,67.78,NaN,NaN,NaN,NaN
824.13,36.02,28.10,36.00,20.00,AUTO,0,68,0,-0.80,68.58,0.00,67.78,NaN,NaN,NaN,NaN
825.13,36.02,28.10,36.00,20.00,AUTO,0,68,0,-0.80,68.58,0.00,67.78,NaN,NaN,NaN,NaN
826.13,36.02,28.10,36.00,20.00,AUTO,0,68,0,-0.80,68.58,0.00,67.78,NaN,NaN,NaN,NaN
827.14,36.02,28.10,36.00,20.00,AUTO,0,68,0,-0.80,68.46,0.00,67.66,NaN,NaN,NaN,NaN
828.13,36.02,28.14,36.00,20.00,AUTO,0,68,0,-0.80,68.46,0.00,67.66,NaN,NaN,NaN,NaN
829.13,36.02,28.14,36.00,20.00,AUTO,0,68,0,-0.80,68.46,0.00,67.66,NaN,NaN,NaN,NaN
830.14,36.02,28.10,36.00,20.00,AUTO,0,68,0,-0.80,68.46,0.00,67.66,NaN,NaN,NaN,NaN
831.14,36.02,28.10,36.00,20.00,AUTO,0,68,0,-0.80,68.46,0.00,67.66,NaN,NaN,NaN,NaN
832.14,36.02,28.10,36.00,20.00,AUTO,0,68,0,-0.80,68.46,0.00,67.66,NaN,NaN,NaN,NaN
833.14,36.02,28.10,36.00,20.00,AUTO,0,68,0,-0.80,68.46,0.00,67.66,NaN,NaN,NaN,NaN
834.14,36.02,28.10,36.00,20.00,AUTO,0,68,0,-0.80,68.46,0.00,67.66,NaN,NaN,NaN,NaN
835.14,36.02,28.14,36.00,20.00,AUTO,0,68,0,-0.80,68.46,0.00,67.66,NaN,NaN,NaN,NaN
836.15,36.02,28.14,36.00,20.00,AUTO,0,68,0,-0.80,68.46,0.00,67.66,NaN,NaN,NaN,NaN
837.15,36.02,28.14,36.00,20.00,AUTO,0,68,0,-0.80,68.46,0.00,67.66,NaN,NaN,NaN,NaN
838.15,36.02,28.14,36.00,20.00,AUTO,0,68,0,-0.80,68.46,0.00,67.66,NaN,NaN,NaN,NaN
839.15,36.02,28.10,36.00,20.00,AUTO,0,68,0,-0.80,68.46,0.00,67.66,NaN,NaN,NaN,NaN
840.15,36.02,28.14,36.00,20.00,AUTO,0,68,0,-0.80,68.46,0.00,67.66,NaN,NaN,NaN,NaN
841.16,36.02,28.14,36.00,20.00,AUTO,0,68,0,-0.80,68.46,0.00,67.66,NaN,NaN,NaN,NaN
842.16,36.02,28.14,36.00,20.00,AUTO,0,68,0,-0.80,68.34,0.00,67.54,NaN,NaN,NaN,NaN
843.16,36.02,28.14,36.00,20.00,AUTO,0,68,0,-0.80,68.34,0.00,67.54,NaN,NaN,NaN,NaN
844.16,36.02,28.14,36.00,20.00,AUTO,0,68,0,-0.80,68.34,0.00,67.54,NaN,NaN,NaN,NaN
845.16,36.02,28.14,36.00,20.00,AUTO,0,68,0,-0.80,68.34,0.00,67.54,NaN,NaN,NaN,NaN
846.16,36.02,28.14,36.00,20.00,AUTO,0,68,0,-0.80,68.34,0.00,67.54,NaN,NaN,NaN,NaN
847.16,36.02,28.14,36.00,20.00,AUTO,0,68,0,-0.80,68.34,0.00,67.54,NaN,NaN,NaN,NaN
848.16,36.02,28.14,36.00,20.00,AUTO,0,68,0,-0.80,68.34,0.00,67.54,NaN,NaN,NaN,NaN
849.17,36.02,28.14,36.00,20.00,AUTO,0,68,0,-0.80,68.34,0.00,67.54,NaN,NaN,NaN,NaN
850.17,36.02,28.14,36.00,20.00,AUTO,0,68,0,-0.80,68.34,0.00,67.54,NaN,NaN,NaN,NaN
851.17,36.02,28.14,36.00,20.00,AUTO,0,68,0,-0.80,68.34,0.00,67.54,NaN,NaN,NaN,NaN
852.17,36.02,28.14,36.00,20.00,AUTO,0,68,0,-0.80,68.34,0.00,67.54,NaN,NaN,NaN,NaN
853.17,36.02,28.14,36.00,20.00,AUTO,0,68,0,-0.80,68.34,0.00,67.54,NaN,NaN,NaN,NaN
854.18,36.02,28.14,36.00,20.00,AUTO,0,68,0,-0.80,68.34,0.00,67.54,NaN,NaN,NaN,NaN
855.18,36.02,28.18,36.00,20.00,AUTO,0,68,0,-0.80,68.34,0.00,67.54,NaN,NaN,NaN,NaN
856.18,36.02,28.18,36.00,20.00,AUTO,0,68,0,-0.80,68.34,0.00,67.54,NaN,NaN,NaN,NaN
857.18,36.02,28.18,36.00,20.00,AUTO,0,67,0,-0.80,68.22,0.00,67.42,NaN,NaN,NaN,NaN
858.18,36.02,28.14,36.00,20.00,AUTO,0,67,0,-0.80,68.22,0.00,67.42,NaN,NaN,NaN,NaN
859.18,36.02,28.14,36.00,20.00,AUTO,0,67,0,-0.80,68.22,0.00,67.42,NaN,NaN,NaN,NaN
860.19,36.00,28.14,36.00,20.00,AUTO,0,67,0,-0.80,68.22,0.00,67.42,NaN,NaN,NaN,NaN
861.18,36.02,28.14,36.00,20.00,AUTO,0,67,0,-0.80,68.22,0.00,67.42,NaN,NaN,NaN,NaN
862.19,36.02,28.14,36.00,20.00,AUTO,0,67,0,-0.80,68.22,0.00,67.42,NaN,NaN,NaN,NaN
863.19,36.02,28.14,36.00,20.00,AUTO,0,67,0,-0.80,68.22,0.00,67.42,NaN,NaN,NaN,NaN
864.19,36.02,28.14,36.00,20.00,AUTO,0,67,0,-0.80,68.22,0.00,67.42,NaN,NaN,NaN,NaN
865.19,36.02,28.14,36.00,20.00,AUTO,0,67,0,-0.80,68.22,0.00,67.42,NaN,NaN,NaN,NaN
866.19,36.02,28.14,36.00,20.00,AUTO,0,67,0,-0.80,68.22,0.00,67.42,NaN,NaN,NaN,NaN
867.20,36.02,28.14,36.00,20.00,AUTO,0,67,0,-0.80,68.22,0.00,67.42,NaN,NaN,NaN,NaN
868.20,36.02,28.14,36.00,20.00,AUTO,0,67,0,-0.80,68.22,0.00,67.42,NaN,NaN,NaN,NaN
869.20,36.02,28.14,36.00,20.00,AUTO,0,67,0,-0.80,68.22,0.00,67.42,NaN,NaN,NaN,NaN
870.20,36.02,28.14,36.00,20.00,AUTO,0,67,0,-0.80,68.22,0.00,67.42,NaN,NaN,NaN,NaN
871.20,36.02,28.18,36.00,20.00,AUTO,0,67,0,-0.80,68.22,0.00,67.42,NaN,NaN,NaN,NaN
872.21,36.02,28.18,36.00,20.00,AUTO,0,67,0,-0.80,68.11,-0.02,67.29,NaN,NaN,NaN,NaN
873.21,36.02,28.14,36.00,20.00,AUTO,0,67,0,-0.80,68.11,-0.02,67.29,NaN,NaN,NaN,NaN
874.20,36.02,28.14,36.00,20.00,AUTO,0,67,0,-0.80,68.11,-0.02,67.29,NaN,NaN,NaN,NaN
875.21,36.02,28.14,36.00,20.00,AUTO,0,67,0,-0.80,68.11,-0.02,67.29,NaN,NaN,NaN,NaN
876.21,36.02,28.14,36.00,20.00,AUTO,0,67,0,-0.80,68.11,-0.02,67.29,NaN,NaN,NaN,NaN
877.21,36.02,28.14,36.00,20.00,AUTO,0,67,0,-0.80,68.11,-0.02,67.29,NaN,NaN,NaN,NaN
878.21,36.00,28.10,36.00,20.00,AUTO,0,67,0,-0.80,68.11,-0.02,67.29,NaN,NaN,NaN,NaN
879.21,36.00,28.14,36.00,20.00,AUTO,0,67,0,-0.80,68.11,-0.02,67.29,NaN,NaN,NaN,NaN
880.22,36.00,28.14,36.00,20.00,AUTO,0,67,0,-0.80,68.11,-0.02,67.29,NaN,NaN,NaN,NaN
881.22,35.99,28.14,36.00,20.00,AUTO,0,67,0,-0.80,68.11,-0.02,67.29,NaN,NaN,NaN,NaN
882.22,35.98,28.14,36.00,20.00,AUTO,0,67,0,-0.80,68.11,-0.02,67.29,NaN,NaN,NaN,NaN
883.22,36.02,28.14,36.00,20.00,AUTO,0,67,0,-0.80,68.11,-0.02,67.29,NaN,NaN,NaN,NaN
884.22,36.02,28.18,36.00,20.00,AUTO,0,67,0,-0.80,68.11,-0.02,67.29,NaN,NaN,NaN,NaN
885.22,36.00,28.18,36.00,20.00,AUTO,0,67,0,-0.80,68.11,-0.02,67.29,NaN,NaN,NaN,NaN
886.23,36.00,28.18,36.00,20.00,AUTO,0,67,0,-0.80,68.11,-0.02,67.29,NaN,NaN,NaN,NaN
887.23,35.97,28.18,36.00,20.00,AUTO,0,69,0,0.00,68.06,0.65,68.71,NaN,NaN,NaN,NaN
888.23,35.97,28.18,36.00,20.00,AUTO,0,69,0,0.00,68.06,0.65,68.71,NaN,NaN,NaN,NaN
889.23,35.97,28.18,36.00,20.00,AUTO,0,69,0,0.00,68.06,0.65,68.71,NaN,NaN,NaN,NaN
890.23,35.97,28.18,36.00,20.00,AUTO,0,69,0,0.00,68.06,0.65,68.71,NaN,NaN,NaN,NaN
891.23,35.97,28.18,36.00,20.00,AUTO,0,69,0,0.00,68.06,0.65,68.71,NaN,NaN,NaN,NaN
892.23,35.96,28.18,36.00,20.00,AUTO,0,69,0,0.00,68.06,0.65,68.71,NaN,NaN,NaN,NaN
893.23,35.96,28.18,36.00,20.00,AUTO,0,69,0,0.00,68.06,0.65,68.71,NaN,NaN,NaN,NaN
894.24,35.96,28.18,36.00,20.00,AUTO,0,69,0,0.00,68.06,0.65,68.71,NaN,NaN,NaN,NaN
895.24,35.96,28.18,36.00,20.00,AUTO,0,69,0,0.00,68.06,0.65,68.71,NaN,NaN,NaN,NaN
896.24,35.96,28.18,36.00,20.00,AUTO,0,69,0,0.00,68.06,0.65,68.71,NaN,NaN,NaN,NaN
897.24,35.96,28.18,36.00,20.00,AUTO,0,69,0,0.00,68.06,0.65,68.71,NaN,NaN,NaN,NaN
898.24,35.98,28.18,36.00,20.00,AUTO,0,69,0,0.00,68.06,0.65,68.71,NaN,NaN,NaN,NaN
899.24,35.99,28.18,36.00,20.00,AUTO,0,69,0,0.00,68.06,0.65,68.71,NaN,NaN,NaN,NaN
900.25,36.00,28.18,36.00,20.00,AUTO,0,69,0,0.00,68.06,0.65,68.71,NaN,NaN,NaN,NaN
901.25,35.99,28.18,36.00,20.00,AUTO,0,69,0,0.00,68.06,0.65,68.71,NaN,NaN,NaN,NaN
902.25,35.97,28.18,36.00,20.00,AUTO,0,69,0,0.20,68.23,0.58,69.02,NaN,NaN,NaN,NaN
903.25,35.97,28.18,36.00,20.00,AUTO,0,69,0,0.20,68.23,0.58,69.02,NaN,NaN,NaN,NaN
904.25,35.97,28.18,36.00,20.00,AUTO,0,69,0,0.20,68.23,0.58,69.02,NaN,NaN,NaN,NaN
905.26,35.97,28.18,36.00,20.00,AUTO,0,69,0,0.20,68.23,0.58,69.02,NaN,NaN,NaN,NaN
906.26,35.97,28.18,36.00,20.00,AUTO,0,69,0,0.20,68.23,0.58,69.02,NaN,NaN,NaN,NaN
907.26,35.97,28.18,36.00,20.00,AUTO,0,69,0,0.20,68.23,0.58,69.02,NaN,NaN,NaN,NaN
908.26,35.96,28.18,36.00,20.00,AUTO,0,69,0,0.20,68.23,0.58,69.02,NaN,NaN,NaN,NaN
909.26,35.96,28.18,36.00,20.00,AUTO,0,69,0,0.20,68.23,0.58,69.02,NaN,NaN,NaN,NaN
910.26,35.96,28.18,36.00,20.00,AUTO,0,69,0,0.20,68.23,0.58,69.02,NaN,NaN,NaN,NaN
911.26,35.96,28.18,36.00,20.00,AUTO,0,69,0,0.20,68.23,0.58,69.02,NaN,NaN,NaN,NaN
912.27,35.96,28.18,36.00,20.00,AUTO,0,69,0,0.20,68.23,0.58,69.02,NaN,NaN,NaN,NaN
913.27,35.98,28.22,36.00,20.00,AUTO,0,69,0,0.20,68.23,0.58,69.02,NaN,NaN,NaN,NaN
914.27,35.98,28.22,36.00,20.00,AUTO,0,69,0,0.20,68.23,0.58,69.02,NaN,NaN,NaN,NaN
915.27,36.00,28.18,36.00,20.00,AUTO,0,69,0,0.20,68.23,0.58,69.02,NaN,NaN,NaN,NaN
916.27,36.02,28.18,36.00,20.00,AUTO,0,69,0,0.20,68.23,0.58,69.02,NaN,NaN,NaN,NaN
917.28,35.97,28.18,36.00,20.00,AUTO,0,68,0,-0.40,68.39,-0.19,67.80,NaN,NaN,NaN,NaN
918.28,35.97,28.18,36.00,20.00,AUTO,0,68,0,-0.40,68.39,-0.19,67.80,NaN,NaN,NaN,NaN
919.28,35.97,28.18,36.00,20.00,AUTO,0,68,0,-0.40,68.39,-0.19,67.80,NaN,NaN,NaN,NaN
920.28,35.96,28.18,36.00,20.00,AUTO,0,68,0,-0.40,68.39,-0.19,67.80,NaN,NaN,NaN,NaN
921.28,35.96,28.18,36.00,20.00,AUTO,0,68,0,-0.40,68.39,-0.19,67.80,NaN,NaN,NaN,NaN
922.28,35.96,28.18,36.00,20.00,AUTO,0,68,0,-0.40,68.39,-0.19,67.80,NaN,NaN,NaN,NaN
923.28,35.97,28.18,36.00,20.00,AUTO,0,68,0,-0.40,68.39,-0.19,67.80,NaN,NaN,NaN,NaN
924.29,35.96,28.18,36.00,20.00,AUTO,0,68,0,-0.40,68.39,-0.19,67.80,NaN,NaN,NaN,NaN
925.28,35.96,28.18,36.00,20.00,AUTO,0,68,0,-0.40,68.39,-0.19,67.80,NaN,NaN,NaN,NaN
926.29,35.96,28.18,36.00,20.00,AUTO,0,68,0,-0.40,68.39,-0.19,67.80,NaN,NaN,NaN,NaN
927.29,35.95,28.18,36.00,20.00,AUTO,0,68,0,-0.40,68.39,-0.19,67.80,NaN,NaN,NaN,NaN
928.29,35.97,28.18,36.00,20.00,AUTO,0,68,0,-0.40,68.39,-0.19,67.80,NaN,NaN,NaN,NaN
929.29,35.98,28.18,36.00,20.00,AUTO,0,68,0,-0.40,68.39,-0.19,67.80,NaN,NaN,NaN,NaN
930.29,35.98,28.18,36.00,20.00,AUTO,0,68,0,-0.40,68.39,-0.19,67.80,NaN,NaN,NaN,NaN
931.30,35.98,28.18,36.00,20.00,AUTO,0,68,0,-0.40,68.39,-0.19,67.80,NaN,NaN,NaN,NaN
932.30,35.96,28.18,36.00,20.00,AUTO,0,70,0,0.80,68.59,0.36,69.75,NaN,NaN,NaN,NaN
933.30,35.96,28.18,36.00,20.00,AUTO,0,70,0,0.80,68.59,0.36,69.75,NaN,NaN,NaN,NaN
934.30,35.96,28.18,36.00,20.00,AUTO,0,70,0,0.80,68.59,0.36,69.75,NaN,NaN,NaN,NaN
935.30,35.96,28.18,36.00,20.00,AUTO,0,70,0,0.80,68.59,0.36,69.75,NaN,NaN,NaN,NaN
936.30,35.96,28.18,36.00,20.00,AUTO,0,70,0,0.80,68.59,0.36,69.75,NaN,NaN,NaN,NaN
937.31,35.96,28.18,36.00,20.00,AUTO,0,70,0,0.80,68.59,0.36,69.75,NaN,NaN,NaN,NaN
938.31,35.95,28.18,36.00,20.00,AUTO,0,70,0,0.80,68.59,0.36,69.75,NaN,NaN,NaN,NaN
939.31,35.95,28.22,36.00,20.00,AUTO,0,70,0,0.80,68.59,0.36,69.75,NaN,NaN,NaN,NaN
940.31,35.95,28.18,36.00,20.00,AUTO,0,70,0,0.80,68.59,0.36,69.75,NaN,NaN,NaN,NaN
941.31,35.95,28.18,36.00,20.00,AUTO,0,70,0,0.80,68.59,0.36,69.75,NaN,NaN,NaN,NaN
942.31,35.95,28.18,36.00,20.00,AUTO,0,70,0,0.80,68.59,0.36,69.75,NaN,NaN,NaN,NaN
943.31,35.96,28.22,36.00,20.00,AUTO,0,70,0,0.80,68.59,0.36,69.75,NaN,NaN,NaN,NaN
944.32,35.96,28.18,36.00,20.00,AUTO,0,70,0,0.80,68.59,0.36,69.75,NaN,NaN,NaN,NaN
945.32,35.96,28.18,36.00,20.00,AUTO,0,70,0,0.80,68.59,0.36,69.75,NaN,NaN,NaN,NaN
946.32,35.96,28.18,36.00,20.00,AUTO,0,70,0,0.80,68.59,0.36,69.75,NaN,NaN,NaN,NaN
947.32,35.94,28.18,36.00,20.00,AUTO,0,71,0,1.60,68.85,0.42,70.87,NaN,NaN,NaN,NaN
948.32,35.94,28.18,36.00,20.00,AUTO,0,71,0,1.60,68.85,0.42,70.87,NaN,NaN,NaN,NaN
949.32,35.94,28.18,36.00,20.00,AUTO,0,71,0,1.60,68.85,0.42,70.87,NaN,NaN,NaN,NaN
950.33,35.94,28.18,36.00,20.00,AUTO,0,71,0,1.60,68.85,0.42,70.87,NaN,NaN,NaN,NaN
951.33,35.94,28.22,36.00,20.00,AUTO,0,71,0,1.60,68.85,0.42,70.87,NaN,NaN,NaN,NaN
952.33,35.94,28.22,36.00,20.00,AUTO,0,71,0,1.60,68.85,0.42,70.87,NaN,NaN,NaN,NaN
953.33,35.94,28.22,36.00,20.00,AUTO,0,71,0,1.60,68.85,0.42,70.87,NaN,NaN,NaN,NaN
954.33,35.94,28.22,36.00,20.00,AUTO,0,71,0,1.60,68.85,0.42,70.87,NaN,NaN,NaN,NaN
955.33,35.93,28.22,36.00,20.00,AUTO,0,71,0,1.60,68.85,0.42,70.87,NaN,NaN,NaN,NaN
956.33,35.94,28.22,36.00,20.00,AUTO,0,71,0,1.60,68.85,0.42,70.87,NaN,NaN,NaN,NaN
957.34,35.94,28.22,36.00,20.00,AUTO,0,71,0,1.60,68.85,0.42,70.87,NaN,NaN,NaN,NaN
958.34,35.96,28.18,36.00,20.00,AUTO,0,71,0,1.60,68.85,0.42,70.87,NaN,NaN,NaN,NaN
959.34,35.96,28.22,36.00,20.00,AUTO,0,71,0,1.60,68.85,0.42,70.87,NaN,NaN,NaN,NaN
960.34,35.97,28.22,36.00,20.00,AUTO,0,71,0,1.60,68.85,0.42,70.87,NaN,NaN,NaN,NaN
961.34,35.97,28.22,36.00,20.00,AUTO,0,71,0,1.60,68.85,0.42,70.87,NaN,NaN,NaN,NaN
962.35,35.95,28.22,36.00,20.00,AUTO,0,70,0,1.20,69.18,-0.10,70.28,NaN,NaN,NaN,NaN
963.35,35.94,28.22,36.00,20.00,AUTO,0,70,0,1.20,69.18,-0.10,70.28,NaN,NaN,NaN,NaN
964.35,35.95,28.18,36.00,20.00,AUTO,0,70,0,1.20,69.18,-0.10,70.28,NaN,NaN,NaN,NaN
965.35,35.95,28.18,36.00,20.00,AUTO,0,70,0,1.20,69.18,-0.10,70.28,NaN,NaN,NaN,NaN
966.35,35.95,28.18,36.00,20.00,AUTO,0,70,0,1.20,69.18,-0.10,70.28,NaN,NaN,NaN,NaN
967.35,35.95,28.18,36.00,20.00,AUTO,0,70,0,1.20,69.18,-0.10,70.28,NaN,NaN,NaN,NaN
968.35,35.95,28.18,36.00,20.00,AUTO,0,70,0,1.20,69.18,-0.10,70.28,NaN,NaN,NaN,NaN
969.36,35.95,28.18,36.00,20.00,AUTO,0,70,0,1.20,69.18,-0.10,70.28,NaN,NaN,NaN,NaN
970.36,35.95,28.18,36.00,20.00,AUTO,0,70,0,1.20,69.18,-0.10,70.28,NaN,NaN,NaN,NaN
971.36,35.95,28.18,36.00,20.00,AUTO,0,70,0,1.20,69.18,-0.10,70.28,NaN,NaN,NaN,NaN
972.36,35.95,28.18,36.00,20.00,AUTO,0,70,0,1.20,69.18,-0.10,70.28,NaN,NaN,NaN,NaN
973.36,35.98,28.18,36.00,20.00,AUTO,0,70,0,1.20,69.18,-0.10,70.28,NaN,NaN,NaN,NaN
974.36,35.98,28.18,36.00,20.00,AUTO,0,70,0,1.20,69.18,-0.10,70.28,NaN,NaN,NaN,NaN
975.36,35.98,28.18,36.00,20.00,AUTO,0,70,0,1.20,69.18,-0.10,70.28,NaN,NaN,NaN,NaN
976.37,35.99,28.18,36.00,20.00,AUTO,0,70,0,1.20,69.18,-0.10,70.28,NaN,NaN,NaN,NaN
977.37,35.97,28.18,36.00,20.00,AUTO,0,69,0,0.60,69.43,-0.59,69.44,NaN,NaN,NaN,NaN
978.37,35.97,28.18,36.00,20.00,AUTO,0,69,0,0.60,69.43,-0.59,69.44,NaN,NaN,NaN,NaN
979.37,35.97,28.18,36.00,20.00,AUTO,0,69,0,0.60,69.43,-0.59,69.44,NaN,NaN,NaN,NaN
980.37,35.97,28.18,36.00,20.00,AUTO,0,69,0,0.60,69.43,-0.59,69.44,NaN,NaN,NaN,NaN
981.38,35.97,28.18,36.00,20.00,AUTO,0,69,0,0.60,69.43,-0.59,69.44,NaN,NaN,NaN,NaN
982.38,35.97,28.18,36.00,20.00,AUTO,0,69,0,0.60,69.43,-0.59,69.44,NaN,NaN,NaN,NaN
983.38,35.96,28.18,36.00,20.00,AUTO,0,69,0,0.60,69.43,-0.59,69.44,NaN,NaN,NaN,NaN
984.38,35.97,28.18,36.00,20.00,AUTO,0,69,0,0.60,69.43,-0.59,69.44,NaN,NaN,NaN,NaN
985.38,35.97,28.18,36.00,20.00,AUTO,0,69,0,0.60,69.43,-0.59,69.44,NaN,NaN,NaN,NaN
986.38,35.97,28.18,36.00,20.00,AUTO,0,69,0,0.60,69.43,-0.59,69.44,NaN,NaN,NaN,NaN
987.38,35.96,28.18,36.00,20.00,AUTO,0,69,0,0.60,69.43,-0.59,69.44,NaN,NaN,NaN,NaN
988.38,35.99,28.14,36.00,20.00,AUTO,0,69,0,0.60,69.43,-0.59,69.44,NaN,NaN,NaN,NaN
989.39,36.00,28.14,36.00,20.00,AUTO,0,69,0,0.60,69.43,-0.59,69.44,NaN,NaN,NaN,NaN
990.39,36.00,28.14,36.00,20.00,AUTO,0,69,0,0.60,69.43,-0.59,69.44,NaN,NaN,NaN,NaN
991.39,36.00,28.14,36.00,20.00,AUTO,0,69,0,0.60,69.43,-0.59,69.44,NaN,NaN,NaN,NaN
992.39,35.97,28.18,36.00,20.00,AUTO,0,69,0,0.00,69.57,-0.51,69.06,NaN,NaN,NaN,NaN
993.39,35.97,28.18,36.00,20.00,AUTO,0,69,0,0.00,69.57,-0.51,69.06,NaN,NaN,NaN,NaN
994.39,35.97,28.18,36.00,20.00,AUTO,0,69,0,0.00,69.57,-0.51,69.06,NaN,NaN,NaN,NaN
995.40,35.97,28.18,36.00,20.00,AUTO,0,69,0,0.00,69.57,-0.51,69.06,NaN,NaN,NaN,NaN
996.40,35.96,28.18,36.00,20.00,AUTO,0,69,0,0.00,69.57,-0.51,69.06,NaN,NaN,NaN,NaN
997.40,35.97,28.18,36.00,20.00,AUTO,0,69,0,0.00,69.57,-0.51,69.06,NaN,NaN,NaN,NaN
998.40,35.97,28.18,36.00,20.00,AUTO,0,69,0,0.00,69.57,-0.51,69.06,NaN,NaN,NaN,NaN
999.40,35.97,28.18,36.00,20.00,AUTO,0,69,0,0.00,69.57,-0.51,69.06,NaN,NaN,NaN,NaN
1000.40,35.96,28.18,36.00,20.00,AUTO,0,69,0,0.00,69.57,-0.51,69.06,NaN,NaN,NaN,NaN
1001.41,35.97,28.18,36.00,20.00,AUTO,0,69,0,0.00,69.57,-0.51,69.06,NaN,NaN,NaN,NaN
1002.41,35.97,28.18,36.00,20.00,AUTO,0,69,0,0.00,69.57,-0.51,69.06,NaN,NaN,NaN,NaN
1003.41,36.02,28.18,36.00,20.00,AUTO,0,69,0,0.00,69.57,-0.51,69.06,NaN,NaN,NaN,NaN
1004.41,36.02,28.18,36.00,20.00,AUTO,0,69,0,0.00,69.57,-0.51,69.06,NaN,NaN,NaN,NaN
1005.41,36.02,28.18,36.00,20.00,AUTO,0,69,0,0.00,69.57,-0.51,69.06,NaN,NaN,NaN,NaN
1006.42,36.02,28.18,36.00,20.00,AUTO,0,69,0,0.00,69.57,-0.51,69.06,NaN,NaN,NaN,NaN
1007.42,35.98,28.18,36.00,20.00,AUTO,0,68,0,-0.80,69.68,-0.68,68.20,NaN,NaN,NaN,NaN
1008.42,35.99,28.18,36.00,20.00,AUTO,0,68,0,-0.80,69.68,-0.68,68.20,NaN,NaN,NaN,NaN
1009.42,36.02,28.18,36.00,20.00,AUTO,0,68,0,-0.80,69.68,-0.68,68.20,NaN,NaN,NaN,NaN
1010.42,35.99,28.18,36.00,20.00,AUTO,0,68,0,-0.80,69.68,-0.68,68.20,NaN,NaN,NaN,NaN
1011.42,36.00,28.18,36.00,20.00,AUTO,0,68,0,-0.80,69.68,-0.68,68.20,NaN,NaN,NaN,NaN
1012.42,36.00,28.18,36.00,20.00,AUTO,0,68,0,-0.80,69.68,-0.68,68.20,NaN,NaN,NaN,NaN
1013.43,36.00,28.18,36.00,20.00,AUTO,0,68,0,-0.80,69.68,-0.68,68.20,NaN,NaN,NaN,NaN
1014.43,35.99,28.18,36.00,20.00,AUTO,0,68,0,-0.80,69.68,-0.68,68.20,NaN,NaN,NaN,NaN
1015.43,36.02,28.18,36.00,20.00,AUTO,0,68,0,-0.80,69.68,-0.68,68.20,NaN,NaN,NaN,NaN
1016.43,36.02,28.18,36.00,20.00,AUTO,0,68,0,-0.80,69.68,-0.68,68.20,NaN,NaN,NaN,NaN
1017.43,36.02,28.18,36.00,20.00,AUTO,0,68,0,-0.80,69.68,-0.68,68.20,NaN,NaN,NaN,NaN
1018.43,36.02,28.18,36.00,20.00,AUTO,0,68,0,-0.80,69.68,-0.68,68.20,NaN,NaN,NaN,NaN
1019.44,36.02,28.14,36.00,20.00,AUTO,0,68,0,-0.80,69.68,-0.68,68.20,NaN,NaN,NaN,NaN
1020.44,36.02,28.14,36.00,20.00,AUTO,0,68,0,-0.80,69.68,-0.68,68.20,NaN,NaN,NaN,NaN
1021.44,36.02,28.14,36.00,20.00,AUTO,0,68,0,-0.80,69.68,-0.68,68.20,NaN,NaN,NaN,NaN
1022.44,36.02,28.18,36.00,20.00,AUTO,0,68,0,-0.80,69.64,-0.53,68.31,NaN,NaN,NaN,NaN
1023.44,36.02,28.18,36.00,20.00,AUTO,0,68,0,-0.80,69.64,-0.53,68.31,NaN,NaN,NaN,NaN
1024.44,36.02,28.18,36.00,20.00,AUTO,0,68,0,-0.80,69.64,-0.53,68.31,NaN,NaN,NaN,NaN
1025.44,36.02,28.14,36.00,20.00,AUTO,0,68,0,-0.80,69.64,-0.53,68.31,NaN,NaN,NaN,NaN
1026.44,36.02,28.14,36.00,20.00,AUTO,0,68,0,-0.80,69.64,-0.53,68.31,NaN,NaN,NaN,NaN
1027.45,36.02,28.14,36.00,20.00,AUTO,0,68,0,-0.80,69.64,-0.53,68.31,NaN,NaN,NaN,NaN
1028.45,36.02,28.14,36.00,20.00,AUTO,0,68,0,-0.80,69.64,-0.53,68.31,NaN,NaN,NaN,NaN
1029.45,36.02,28.14,36.00,20.00,AUTO,0,68,0,-0.80,69.64,-0.53,68.31,NaN,NaN,NaN,NaN
1030.45,36.02,28.14,36.00,20.00,AUTO,0,68,0,-0.80,69.64,-0.53,68.31,NaN,NaN,NaN,NaN
1031.45,36.02,28.14,36.00,20.00,AUTO,0,68,0,-0.80,69.64,-0.53,68.31,NaN,NaN,NaN,NaN
1032.46,36.02,28.14,36.00,20.00,AUTO,0,68,0,-0.80,69.64,-0.53,68.31,NaN,NaN,NaN,NaN
1033.46,36.02,28.14,36.00,20.00,AUTO,0,68,0,-0.80,69.64,-0.53,68.31,NaN,NaN,NaN,NaN
1034.46,36.02,28.14,36.00,20.00,AUTO,0,68,0,-0.80,69.64,-0.53,68.31,NaN,NaN,NaN,NaN
1035.46,36.02,28.14,36.00,20.00,AUTO,0,68,0,-0.80,69.64,-0.53,68.31,NaN,NaN,NaN,NaN
1036.46,36.02,28.10,36.00,20.00,AUTO,0,68,0,-0.80,69.64,-0.53,68.31,NaN,NaN,NaN,NaN
1037.47,36.02,28.10,36.00,20.00,AUTO,0,69,0,-0.80,69.52,0.00,68.72,NaN,NaN,NaN,NaN
1038.46,36.02,28.10,36.00,20.00,AUTO,0,69,0,-0.80,69.52,0.00,68.72,NaN,NaN,NaN,NaN
1039.46,36.02,28.10,36.00,20.00,AUTO,0,69,0,-0.80,69.52,0.00,68.72,NaN,NaN,NaN,NaN
1040.47,36.02,28.10,36.00,20.00,AUTO,0,69,0,-0.80,69.52,0.00,68.72,NaN,NaN,NaN,NaN
1041.47,36.02,28.10,36.00,20.00,AUTO,0,69,0,-0.80,69.52,0.00,68.72,NaN,NaN,NaN,NaN
1042.47,36.02,28.10,36.00,20.00,AUTO,0,69,0,-0.80,69.52,0.00,68.72,NaN,NaN,NaN,NaN
1043.47,36.02,28.10,36.00,20.00,AUTO,0,69,0,-0.80,69.52,0.00,68.72,NaN,NaN,NaN,NaN
1044.47,36.02,28.14,36.00,20.00,AUTO,0,69,0,-0.80,69.52,0.00,68.72,NaN,NaN,NaN,NaN
1045.48,36.02,28.14,36.00,20.00,AUTO,0,69,0,-0.80,69.52,0.00,68.72,NaN,NaN,NaN,NaN
1046.48,36.02,28.14,36.00,20.00,AUTO,0,69,0,-0.80,69.52,0.00,68.72,NaN,NaN,NaN,NaN
1047.48,36.02,28.14,36.00,20.00,AUTO,0,69,0,-0.80,69.52,0.00,68.72,NaN,NaN,NaN,NaN
1048.48,36.02,28.14,36.00,20.00,AUTO,0,69,0,-0.80,69.52,0.00,68.72,NaN,NaN,NaN,NaN
1049.48,36.02,28.14,36.00,20.00,AUTO,0,69,0,-0.80,69.52,0.00,68.72,NaN,NaN,NaN,NaN
1050.48,36.02,28.14,36.00,20.00,AUTO,0,69,0,-0.80,69.52,0.00,68.72,NaN,NaN,NaN,NaN
1051.49,36.02,28.14,36.00,20.00,AUTO,0,69,0,-0.80,69.52,0.00,68.72,NaN,NaN,NaN,NaN
1052.49,36.02,28.14,36.00,20.00,AUTO,0,69,0,-0.80,69.40,0.00,68.60,NaN,NaN,NaN,NaN
1053.49,36.02,28.14,36.00,20.00,AUTO,0,69,0,-0.80,69.40,0.00,68.60,NaN,NaN,NaN,NaN
1054.49,36.02,28.14,36.00,20.00,AUTO,0,69,0,-0.80,69.40,0.00,68.60,NaN,NaN,NaN,NaN
1055.49,36.02,28.14,36.00,20.00,AUTO,0,69,0,-0.80,69.40,0.00,68.60,NaN,NaN,NaN,NaN
1056.49,36.02,28.14,36.00,20.00,AUTO,0,69,0,-0.80,69.40,0.00,68.60,NaN,NaN,NaN,NaN
1057.49,36.02,28.14,36.00,20.00,AUTO,0,69,0,-0.80,69.40,0.00,68.60,NaN,NaN,NaN,NaN
1058.50,36.02,28.14,36.00,20.00,AUTO,0,69,0,-0.80,69.40,0.00,68.60,NaN,NaN,NaN,NaN
1059.50,36.02,28.14,36.00,20.00,AUTO,0,69,0,-0.80,69.40,0.00,68.60,NaN,NaN,NaN,NaN
1060.50,36.02,28.14,36.00,20.00,AUTO,0,69,0,-0.80,69.40,0.00,68.60,NaN,NaN,NaN,NaN
1061.50,36.02,28.14,36.00,20.00,AUTO,0,69,0,-0.80,69.40,0.00,68.60,NaN,NaN,NaN,NaN
1062.50,36.02,28.14,36.00,20.00,AUTO,0,69,0,-0.80,69.40,0.00,68.60,NaN,NaN,NaN,NaN
1063.50,36.02,28.14,36.00,20.00,AUTO,0,69,0,-0.80,69.40,0.00,68.60,NaN,NaN,NaN,NaN
1064.51,36.02,28.14,36.00,20.00,AUTO,0,69,0,-0.80,69.40,0.00,68.60,NaN,NaN,NaN,NaN
1065.51,36.02,28.14,36.00,20.00,AUTO,0,69,0,-0.80,69.40,0.00,68.60,NaN,NaN,NaN,NaN
1066.51,36.02,28.14,36.00,20.00,AUTO,0,69,0,-0.80,69.40,0.00,68.60,NaN,NaN,NaN,NaN
1067.51,36.02,28.14,36.00,20.00,AUTO,0,68,0,-0.80,69.28,0.00,68.48,NaN,NaN,NaN,NaN
1068.51,36.02,28.14,36.00,20.00,AUTO,0,68,0,-0.80,69.28,0.00,68.48,NaN,NaN,NaN,NaN
1069.51,36.02,28.14,36.00,20.00,AUTO,0,68,0,-0.80,69.28,0.00,68.48,NaN,NaN,NaN,NaN
1070.51,36.02,28.10,36.00,20.00,AUTO,0,68,0,-0.80,69.28,0.00,68.48,NaN,NaN,NaN,NaN
1071.51,36.02,28.10,36.00,20.00,AUTO,0,68,0,-0.80,69.28,0.00,68.48,NaN,NaN,NaN,NaN
1072.52,36.02,28.10,36.00,20.00,AUTO,0,68,0,-0.80,69.28,0.00,68.48,NaN,NaN,NaN,NaN
1073.52,36.02,28.10,36.00,20.00,AUTO,0,68,0,-0.80,69.28,0.00,68.48,NaN,NaN,NaN,NaN
1074.52,36.02,28.10,36.00,20.00,AUTO,0,68,0,-0.80,69.28,0.00,68.48,NaN,NaN,NaN,NaN
1075.52,36.02,28.10,36.00,20.00,AUTO,0,68,0,-0.80,69.28,0.00,68.48,NaN,NaN,NaN,NaN
1076.52,36.02,28.10,36.00,20.00,AUTO,0,68,0,-0.80,69.28,0.00,68.48,NaN,NaN,NaN,NaN
1077.53,36.02,28.10,36.00,20.00,AUTO,0,68,0,-0.80,69.28,0.00,68.48,NaN,NaN,NaN,NaN
1078.53,36.02,28.10,36.00,20.00,AUTO,0,68,0,-0.80,69.28,0.00,68.48,NaN,NaN,NaN,NaN
1079.53,36.02,28.10,36.00,20.00,AUTO,0,68,0,-0.80,69.28,0.00,68.48,NaN,NaN,NaN,NaN
1080.53,36.02,28.10,36.00,20.00,AUTO,0,68,0,-0.80,69.28,0.00,68.48,NaN,NaN,NaN,NaN
1081.53,36.02,28.10,36.00,20.00,AUTO,0,68,0,-0.80,69.28,0.00,68.48,NaN,NaN,NaN,NaN
1082.54,36.02,28.10,36.00,20.00,AUTO,0,68,0,-0.80,69.16,0.00,68.36,NaN,NaN,NaN,NaN
1083.54,36.02,28.10,36.00,20.00,AUTO,0,68,0,-0.80,69.16,0.00,68.36,NaN,NaN,NaN,NaN
1084.54,36.02,28.10,36.00,20.00,AUTO,0,68,0,-0.80,69.16,0.00,68.36,NaN,NaN,NaN,NaN
1085.54,36.02,28.10,36.00,20.00,AUTO,0,68,0,-0.80,69.16,0.00,68.36,NaN,NaN,NaN,NaN
1086.54,36.02,28.10,36.00,20.00,AUTO,0,68,0,-0.80,69.16,0.00,68.36,NaN,NaN,NaN,NaN
1087.54,36.02,28.10,36.00,20.00,AUTO,0,68,0,-0.80,69.16,0.00,68.36,NaN,NaN,NaN,NaN
1088.55,36.02,28.10,36.00,20.00,AUTO,0,68,0,-0.80,69.16,0.00,68.36,NaN,NaN,NaN,NaN
1089.54,36.02,28.10,36.00,20.00,AUTO,0,68,0,-0.80,69.16,0.00,68.36,NaN,NaN,NaN,NaN
1090.55,36.02,28.10,36.00,20.00,AUTO,0,68,0,-0.80,69.16,0.00,68.36,NaN,NaN,NaN,NaN
1091.55,36.02,28.10,36.00,20.00,AUTO,0,68,0,-0.80,69.16,0.00,68.36,NaN,NaN,NaN,NaN
1092.55,36.02,28.10,36.00,20.00,AUTO,0,68,0,-0.80,69.16,0.00,68.36,NaN,NaN,NaN,NaN
1093.55,36.03,28.11,36.00,20.00,AUTO,0,68,0,-0.80,69.16,0.00,68.36,NaN,NaN,NaN,NaN
1094.55,36.03,28.11,36.00,20.00,AUTO,0,68,0,-0.80,69.16,0.00,68.36,NaN,NaN,NaN,NaN
1095.55,36.03,28.11,36.00,20.00,AUTO,0,68,0,-0.80,69.16,0.00,68.36,NaN,NaN,NaN,NaN
1096.56,36.03,28.11,36.00,20.00,AUTO,0,68,0,-0.80,69.16,0.00,68.36,NaN,NaN,NaN,NaN
1097.56,36.02,28.10,36.00,20.00,AUTO,0,68,0,-1.20,69.02,-0.24,67.58,NaN,NaN,NaN,NaN
1098.56,36.02,28.10,36.00,20.00,AUTO,0,68,0,-1.20,69.02,-0.24,67.58,NaN,NaN,NaN,NaN
1099.56,36.02,28.10,36.00,20.00,AUTO,0,68,0,-1.20,69.02,-0.24,67.58,NaN,NaN,NaN,NaN
1100.56,36.02,28.10,36.00,20.00,AUTO,0,68,0,-1.20,69.02,-0.24,67.58,NaN,NaN,NaN,NaN
1101.56,36.02,28.10,36.00,20.00,AUTO,0,68,0,-1.20,69.02,-0.24,67.58,NaN,NaN,NaN,NaN
1102.57,36.02,28.10,36.00,20.00,AUTO,0,68,0,-1.20,69.02,-0.24,67.58,NaN,NaN,NaN,NaN
1103.58,36.02,28.10,36.00,20.00,AUTO,0,68,0,-1.20,69.02,-0.24,67.58,NaN,NaN,NaN,NaN
1104.57,36.02,28.10,36.00,20.00,AUTO,0,68,0,-1.20,69.02,-0.24,67.58,NaN,NaN,NaN,NaN
1105.57,36.02,28.10,36.00,20.00,AUTO,0,68,0,-1.20,69.02,-0.24,67.58,NaN,NaN,NaN,NaN
1106.57,36.02,28.10,36.00,20.00,AUTO,0,68,0,-1.20,69.02,-0.24,67.58,NaN,NaN,NaN,NaN
1107.57,36.02,28.14,36.00,20.00,AUTO,0,68,0,-1.20,69.02,-0.24,67.58,NaN,NaN,NaN,NaN
1108.57,36.02,28.14,36.00,20.00,AUTO,0,68,0,-1.20,69.02,-0.24,67.58,NaN,NaN,NaN,NaN
1109.58,36.02,28.14,36.00,20.00,AUTO,0,68,0,-1.20,69.02,-0.24,67.58,NaN,NaN,NaN,NaN
1110.58,36.02,28.14,36.00,20.00,AUTO,0,68,0,-1.20,69.02,-0.24,67.58,NaN,NaN,NaN,NaN
1111.58,36.03,28.14,36.00,20.00,AUTO,0,68,0,-1.20,69.02,-0.24,67.58,NaN,NaN,NaN,NaN
1112.58,36.02,28.14,36.00,20.00,AUTO,0,68,0,-1.00,68.90,0.14,68.04,NaN,NaN,NaN,NaN
1113.58,36.02,28.14,36.00,20.00,AUTO,0,68,0,-1.00,68.90,0.14,68.04,NaN,NaN,NaN,NaN
1114.59,36.02,28.14,36.00,20.00,AUTO,0,68,0,-1.00,68.90,0.14,68.04,NaN,NaN,NaN,NaN
1115.59,36.02,28.14,36.00,20.00,AUTO,0,68,0,-1.00,68.90,0.14,68.04,NaN,NaN,NaN,NaN
1116.59,36.02,28.14,36.00,20.00,AUTO,0,68,0,-1.00,68.90,0.14,68.04,NaN,NaN,NaN,NaN
1117.59,36.02,28.14,36.00,20.00,AUTO,0,68,0,-1.00,68.90,0.14,68.04,NaN,NaN,NaN,NaN
1118.61,36.02,28.14,36.00,20.00,AUTO,0,68,0,-1.00,68.90,0.14,68.04,NaN,NaN,NaN,NaN
1119.59,36.02,28.14,36.00,20.00,AUTO,0,68,0,-1.00,68.90,0.14,68.04,NaN,NaN,NaN,NaN
1120.59,36.02,28.14,36.00,20.00,AUTO,0,68,0,-1.00,68.90,0.14,68.04,NaN,NaN,NaN,NaN
1121.60,36.02,28.14,36.00,20.00,AUTO,0,68,0,-1.00,68.90,0.14,68.04,NaN,NaN,NaN,NaN
1122.60,36.02,28.14,36.00,20.00,AUTO,0,68,0,-1.00,68.90,0.14,68.04,NaN,NaN,NaN,NaN
1123.60,36.02,28.14,36.00,20.00,AUTO,0,68,0,-1.00,68.90,0.14,68.04,NaN,NaN,NaN,NaN
1124.60,36.02,28.14,36.00,20.00,AUTO,0,68,0,-1.00,68.90,0.14,68.04,NaN,NaN,NaN,NaN
1125.60,36.02,28.14,36.00,20.00,AUTO,0,68,0,-1.00,68.90,0.14,68.04,NaN,NaN,NaN,NaN
1126.60,36.02,28.14,36.00,20.00,AUTO,0,68,0,-1.00,68.90,0.14,68.04,NaN,NaN,NaN,NaN
1127.61,36.02,28.14,36.00,20.00,AUTO,0,68,0,-0.80,68.78,0.04,68.02,NaN,NaN,NaN,NaN
1128.61,36.02,28.18,36.00,20.00,AUTO,0,68,0,-0.80,68.78,0.04,68.02,NaN,NaN,NaN,NaN
1129.62,36.02,28.18,36.00,20.00,AUTO,0,68,0,-0.80,68.78,0.04,68.02,NaN,NaN,NaN,NaN
1130.61,36.02,28.18,36.00,20.00,AUTO,0,68,0,-0.80,68.78,0.04,68.02,NaN,NaN,NaN,NaN
1131.61,36.02,28.18,36.00,20.00,AUTO,0,68,0,-0.80,68.78,0.04,68.02,NaN,NaN,NaN,NaN
1132.61,36.02,28.18,36.00,20.00,AUTO,0,68,0,-0.80,68.78,0.04,68.02,NaN,NaN,NaN,NaN
1133.62,36.02,28.18,36.00,20.00,AUTO,0,68,0,-0.80,68.78,0.04,68.02,NaN,NaN,NaN,NaN
1134.62,36.02,28.18,36.00,20.00,AUTO,0,68,0,-0.80,68.78,0.04,68.02,NaN,NaN,NaN,NaN
1135.62,36.02,28.18,36.00,20.00,AUTO,0,68,0,-0.80,68.78,0.04,68.02,NaN,NaN,NaN,NaN
1136.62,36.02,28.18,36.00,20.00,AUTO,0,68,0,-0.80,68.78,0.04,68.02,NaN,NaN,NaN,NaN
1137.62,36.02,28.18,36.00,20.00,AUTO,0,68,0,-0.80,68.78,0.04,68.02,NaN,NaN,NaN,NaN
1138.62,36.02,28.18,36.00,20.00,AUTO,0,68,0,-0.80,68.78,0.04,68.02,NaN,NaN,NaN,NaN
1139.62,36.02,28.18,36.00,20.00,AUTO,0,68,0,-0.80,68.78,0.04,68.02,NaN,NaN,NaN,NaN
1140.62,36.02,28.18,36.00,20.00,AUTO,0,68,0,-0.80,68.78,0.04,68.02,NaN,NaN,NaN,NaN
1141.63,36.02,28.18,36.00,20.00,AUTO,0,68,0,-0.80,68.78,0.04,68.02,NaN,NaN,NaN,NaN
1142.63,36.02,28.18,36.00,20.00,AUTO,0,68,0,-0.80,68.66,0.00,67.86,NaN,NaN,NaN,NaN
1143.63,36.02,28.18,36.00,20.00,AUTO,0,68,0,-0.80,68.66,0.00,67.86,NaN,NaN,NaN,NaN
1144.63,36.02,28.18,36.00,20.00,AUTO,0,68,0,-0.80,68.66,0.00,67.86,NaN,NaN,NaN,NaN
1145.63,36.02,28.18,36.00,20.00,AUTO,0,68,0,-0.80,68.66,0.00,67.86,NaN,NaN,NaN,NaN
1146.63,36.02,28.18,36.00,20.00,AUTO,0,68,0,-0.80,68.66,0.00,67.86,NaN,NaN,NaN,NaN
1147.64,36.02,28.18,36.00,20.00,AUTO,0,68,0,-0.80,68.66,0.00,67.86,NaN,NaN,NaN,NaN
1148.64,36.02,28.18,36.00,20.00,AUTO,0,68,0,-0.80,68.66,0.00,67.86,NaN,NaN,NaN,NaN
1149.64,36.02,28.18,36.00,20.00,AUTO,0,68,0,-0.80,68.66,0.00,67.86,NaN,NaN,NaN,NaN
1150.64,36.02,28.18,36.00,20.00,AUTO,0,68,0,-0.80,68.66,0.00,67.86,NaN,NaN,NaN,NaN
1151.64,36.02,28.18,36.00,20.00,AUTO,0,68,0,-0.80,68.66,0.00,67.86,NaN,NaN,NaN,NaN
1152.64,36.02,28.18,36.00,20.00,AUTO,0,68,0,-0.80,68.66,0.00,67.86,NaN,NaN,NaN,NaN
1153.64,36.02,28.18,36.00,20.00,AUTO,0,68,0,-0.80,68.66,0.00,67.86,NaN,NaN,NaN,NaN
1154.65,36.02,28.18,36.00,20.00,AUTO,0,68,0,-0.80,68.66,0.00,67.86,NaN,NaN,NaN,NaN
1155.65,36.02,28.18,36.00,20.00,AUTO,0,68,0,-0.80,68.66,0.00,67.86,NaN,NaN,NaN,NaN
1156.65,36.02,28.18,36.00,20.00,AUTO,0,68,0,-0.80,68.66,0.00,67.86,NaN,NaN,NaN,NaN
1157.65,36.02,28.18,36.00,20.00,AUTO,0,68,0,-0.80,68.54,0.00,67.74,NaN,NaN,NaN,NaN
1158.65,36.02,28.14,36.00,20.00,AUTO,0,68,0,-0.80,68.54,0.00,67.74,NaN,NaN,NaN,NaN
1159.66,36.02,28.14,36.00,20.00,AUTO,0,68,0,-0.80,68.54,0.00,67.74,NaN,NaN,NaN,NaN
1160.66,36.02,28.14,36.00,20.00,AUTO,0,68,0,-0.80,68.54,0.00,67.74,NaN,NaN,NaN,NaN
1161.66,36.02,28.14,36.00,20.00,AUTO,0,68,0,-0.80,68.54,0.00,67.74,NaN,NaN,NaN,NaN
1162.66,36.02,28.14,36.00,20.00,AUTO,0,68,0,-0.80,68.54,0.00,67.74,NaN,NaN,NaN,NaN
1163.66,36.02,28.14,36.00,20.00,AUTO,0,68,0,-0.80,68.54,0.00,67.74,NaN,NaN,NaN,NaN
1164.66,36.02,28.14,36.00,20.00,AUTO,0,68,0,-0.80,68.54,0.00,67.74,NaN,NaN,NaN,NaN
1165.67,36.02,28.14,36.00,20.00,AUTO,0,68,0,-0.80,68.54,0.00,67.74,NaN,NaN,NaN,NaN
1166.66,36.02,28.14,36.00,20.00,AUTO,0,68,0,-0.80,68.54,0.00,67.74,NaN,NaN,NaN,NaN
1167.67,36.02,28.14,36.00,20.00,AUTO,0,68,0,-0.80,68.54,0.00,67.74,NaN,NaN,NaN,NaN
1168.67,36.02,28.14,36.00,20.00,AUTO,0,68,0,-0.80,68.54,0.00,67.74,NaN,NaN,NaN,NaN
1169.67,36.02,28.14,36.00,20.00,AUTO,0,68,0,-0.80,68.54,0.00,67.74,NaN,NaN,NaN,NaN
1170.67,36.02,28.14,36.00,20.00,AUTO,0,68,0,-0.80,68.54,0.00,67.74,NaN,NaN,NaN,NaN
1171.67,36.02,28.14,36.00,20.00,AUTO,0,68,0,-0.80,68.54,0.00,67.74,NaN,NaN,NaN,NaN
1172.68,36.02,28.14,36.00,20.00,AUTO,0,68,0,-0.80,68.42,0.00,67.62,NaN,NaN,NaN,NaN
1173.68,36.02,28.14,36.00,20.00,AUTO,0,68,0,-0.80,68.42,0.00,67.62,NaN,NaN,NaN,NaN
1174.68,36.02,28.14,36.00,20.00,AUTO,0,68,0,-0.80,68.42,0.00,67.62,NaN,NaN,NaN,NaN
1175.68,36.02,28.14,36.00,20.00,AUTO,0,68,0,-0.80,68.42,0.00,67.62,NaN,NaN,NaN,NaN
1176.68,36.02,28.14,36.00,20.00,AUTO,0,68,0,-0.80,68.42,0.00,67.62,NaN,NaN,NaN,NaN
1177.68,36.02,28.14,36.00,20.00,AUTO,0,68,0,-0.80,68.42,0.00,67.62,NaN,NaN,NaN,NaN
1178.68,36.02,28.14,36.00,20.00,AUTO,0,68,0,-0.80,68.42,0.00,67.62,NaN,NaN,NaN,NaN
1179.69,36.02,28.14,36.00,20.00,AUTO,0,68,0,-0.80,68.42,0.00,67.62,NaN,NaN,NaN,NaN
1180.69,36.02,28.14,36.00,20.00,AUTO,0,68,0,-0.80,68.42,0.00,67.62,NaN,NaN,NaN,NaN
1181.69,36.02,28.10,36.00,20.00,AUTO,0,68,0,-0.80,68.42,0.00,67.62,NaN,NaN,NaN,NaN
1182.69,36.02,28.14,36.00,20.00,AUTO,0,68,0,-0.80,68.42,0.00,67.62,NaN,NaN,NaN,NaN
1183.69,36.02,28.14,36.00,20.00,AUTO,0,68,0,-0.80,68.42,0.00,67.62,NaN,NaN,NaN,NaN
1184.69,36.02,28.14,36.00,20.00,AUTO,0,68,0,-0.80,68.42,0.00,67.62,NaN,NaN,NaN,NaN
1185.69,36.02,28.14,36.00,20.00,AUTO,0,68,0,-0.80,68.42,0.00,67.62,NaN,NaN,NaN,NaN
1186.70,36.02,28.14,36.00,20.00,AUTO,0,68,0,-0.80,68.42,0.00,67.62,NaN,NaN,NaN,NaN
1187.70,36.02,28.18,36.00,20.00,AUTO,0,67,0,-0.80,68.30,0.00,67.50,NaN,NaN,NaN,NaN
1188.70,36.02,28.14,36.00,20.00,AUTO,0,67,0,-0.80,68.30,0.00,67.50,NaN,NaN,NaN,NaN
1189.70,36.02,28.14,36.00,20.00,AUTO,0,67,0,-0.80,68.30,0.00,67.50,NaN,NaN,NaN,NaN
1190.70,36.02,28.14,36.00,20.00,AUTO,0,67,0,-0.80,68.30,0.00,67.50,NaN,NaN,NaN,NaN
1191.71,36.02,28.14,36.00,20.00,AUTO,0,67,0,-0.80,68.30,0.00,67.50,NaN,NaN,NaN,NaN
1192.71,36.02,28.14,36.00,20.00,AUTO,0,67,0,-0.80,68.30,0.00,67.50,NaN,NaN,NaN,NaN
1193.71,36.00,28.14,36.00,20.00,AUTO,0,67,0,-0.80,68.30,0.00,67.50,NaN,NaN,NaN,NaN
1194.71,35.99,28.14,36.00,20.00,AUTO,0,67,0,-0.80,68.30,0.00,67.50,NaN,NaN,NaN,NaN
1195.71,35.98,28.18,36.00,20.00,AUTO,0,67,0,-0.80,68.30,0.00,67.50,NaN,NaN,NaN,NaN
1196.71,35.98,28.18,36.00,20.00,AUTO,0,67,0,-0.80,68.30,0.00,67.50,NaN,NaN,NaN,NaN
1197.72,35.99,28.18,36.00,20.00,AUTO,0,67,0,-0.80,68.30,0.00,67.50,NaN,NaN,NaN,NaN
1198.71,36.02,28.18,36.00,20.00,AUTO,0,67,0,-0.80,68.30,0.00,67.50,NaN,NaN,NaN,NaN
1199.72,36.02,28.18,36.00,20.00,AUTO,0,67,0,-0.80,68.30,0.00,67.50,NaN,NaN,NaN,NaN
1200.72,36.02,28.18,36.00,20.00,AUTO,0,67,0,-0.80,68.30,0.00,67.50,NaN,NaN,NaN,NaN
1201.72,36.02,28.18,36.00,20.00,AUTO,0,67,0,-0.80,68.30,0.00,67.50,NaN,NaN,NaN,NaN
1202.72,35.98,28.18,36.00,20.00,AUTO,0,68,0,-0.80,68.24,0.44,67.88,NaN,NaN,NaN,NaN
1203.72,35.98,28.18,36.00,20.00,AUTO,0,68,0,-0.80,68.24,0.44,67.88,NaN,NaN,NaN,NaN
1204.72,35.98,28.18,36.00,20.00,AUTO,0,68,0,-0.80,68.24,0.44,67.88,NaN,NaN,NaN,NaN
1205.73,35.98,28.18,36.00,20.00,AUTO,0,68,0,-0.80,68.24,0.44,67.88,NaN,NaN,NaN,NaN
1206.73,35.98,28.18,36.00,20.00,AUTO,0,68,0,-0.80,68.24,0.44,67.88,NaN,NaN,NaN,NaN
1207.73,35.97,28.18,36.00,20.00,AUTO,0,68,0,-0.80,68.24,0.44,67.88,NaN,NaN,NaN,NaN
1208.73,35.97,28.18,36.00,20.00,AUTO,0,68,0,-0.80,68.24,0.44,67.88,NaN,NaN,NaN,NaN
1209.73,35.97,28.18,36.00,20.00,AUTO,0,68,0,-0.80,68.24,0.44,67.88,NaN,NaN,NaN,NaN
1210.74,35.96,28.18,36.00,20.00,AUTO,0,68,0,-0.80,68.24,0.44,67.88,NaN,NaN,NaN,NaN
1211.74,35.96,28.22,36.00,20.00,AUTO,0,68,0,-0.80,68.24,0.44,67.88,NaN,NaN,NaN,NaN
1212.74,35.95,28.18,36.00,20.00,AUTO,0,68,0,-0.80,68.24,0.44,67.88,NaN,NaN,NaN,NaN
1213.74,35.97,28.18,36.00,20.00,AUTO,0,68,0,-0.80,68.24,0.44,67.88,NaN,NaN,NaN,NaN
1214.74,35.97,28.18,36.00,20.00,AUTO,0,68,0,-0.80,68.24,0.44,67.88,NaN,NaN,NaN,NaN
1215.74,35.96,28.18,36.00,20.00,AUTO,0,68,0,-0.80,68.24,0.44,67.88,NaN,NaN,NaN,NaN
1216.75,35.96,28.18,36.00,20.00,AUTO,0,68,0,-0.80,68.24,0.44,67.88,NaN,NaN,NaN,NaN
1217.75,35.94,28.18,36.00,20.00,AUTO,0,72,0,1.60,68.42,1.57,71.59,NaN,NaN,NaN,NaN
1218.75,35.93,28.18,36.00,20.00,AUTO,0,72,0,1.60,68.42,1.57,71.59,NaN,NaN,NaN,NaN
1219.75,35.93,28.18,36.00,20.00,AUTO,0,72,0,1.60,68.42,1.57,71.59,NaN,NaN,NaN,NaN
1220.75,35.92,28.18,36.00,20.00,AUTO,0,72,0,1.60,68.42,1.57,71.59,NaN,NaN,NaN,NaN
1221.75,35.92,28.22,36.00,20.00,AUTO,0,72,0,1.60,68.42,1.57,71.59,NaN,NaN,NaN,NaN
1222.75,35.92,28.22,36.00,20.00,AUTO,0,72,0,1.60,68.42,1.57,71.59,NaN,NaN,NaN,NaN
1223.76,35.92,28.22,36.00,20.00,AUTO,0,72,0,1.60,68.42,1.57,71.59,NaN,NaN,NaN,NaN
1224.76,35.92,28.22,36.00,20.00,AUTO,0,72,0,1.60,68.42,1.57,71.59,NaN,NaN,NaN,NaN
1225.76,35.92,28.22,36.00,20.00,AUTO,0,72,0,1.60,68.42,1.57,71.59,NaN,NaN,NaN,NaN
1226.76,35.90,28.22,36.00,20.00,AUTO,0,72,0,1.60,68.42,1.57,71.59,NaN,NaN,NaN,NaN
1227.76,35.90,28.22,36.00,20.00,AUTO,0,72,0,1.60,68.42,1.57,71.59,NaN,NaN,NaN,NaN
1228.76,35.92,28.22,36.00,20.00,AUTO,0,72,0,1.60,68.42,1.57,71.59,NaN,NaN,NaN,NaN
1229.77,35.93,28.22,36.00,20.00,AUTO,0,72,0,1.60,68.42,1.57,71.59,NaN,NaN,NaN,NaN
1230.77,35.93,28.22,36.00,20.00,AUTO,0,72,0,1.60,68.42,1.57,71.59,NaN,NaN,NaN,NaN
1231.77,35.93,28.22,36.00,20.00,AUTO,0,72,0,1.60,68.42,1.57,71.59,NaN,NaN,NaN,NaN
1232.77,35.89,28.26,36.00,20.00,AUTO,0,73,0,2.80,68.89,1.25,72.94,NaN,NaN,NaN,NaN
1233.77,35.90,28.26,36.00,20.00,AUTO,0,73,0,2.80,68.89,1.25,72.94,NaN,NaN,NaN,NaN
1234.77,35.90,28.26,36.00,20.00,AUTO,0,73,0,2.80,68.89,1.25,72.94,NaN,NaN,NaN,NaN
1235.77,35.90,28.26,36.00,20.00,AUTO,0,73,0,2.80,68.89,1.25,72.94,NaN,NaN,NaN,NaN
1236.78,35.90,28.26,36.00,20.00,AUTO,0,73,0,2.80,68.89,1.25,72.94,NaN,NaN,NaN,NaN
1237.78,35.89,28.26,36.00,20.00,AUTO,0,73,0,2.80,68.89,1.25,72.94,NaN,NaN,NaN,NaN
1238.78,35.89,28.26,36.00,20.00,AUTO,0,73,0,2.80,68.89,1.25,72.94,NaN,NaN,NaN,NaN
1239.78,35.89,28.26,36.00,20.00,AUTO,0,73,0,2.80,68.89,1.25,72.94,NaN,NaN,NaN,NaN
1240.78,35.89,28.26,36.00,20.00,AUTO,0,73,0,2.80,68.89,1.25,72.94,NaN,NaN,NaN,NaN
1241.79,35.89,28.26,36.00,20.00,AUTO,0,73,0,2.80,68.89,1.25,72.94,NaN,NaN,NaN,NaN
1242.79,35.89,28.26,36.00,20.00,AUTO,0,73,0,2.80,68.89,1.25,72.94,NaN,NaN,NaN,NaN
1243.79,35.92,28.26,36.00,20.00,AUTO,0,73,0,2.80,68.89,1.25,72.94,NaN,NaN,NaN,NaN
1244.79,35.92,28.26,36.00,20.00,AUTO,0,73,0,2.80,68.89,1.25,72.94,NaN,NaN,NaN,NaN
1245.79,35.92,28.26,36.00,20.00,AUTO,0,73,0,2.80,68.89,1.25,72.94,NaN,NaN,NaN,NaN
1246.79,35.93,28.26,36.00,20.00,AUTO,0,73,0,2.80,68.89,1.25,72.94,NaN,NaN,NaN,NaN
1247.80,35.90,28.26,36.00,20.00,AUTO,0,73,0,3.00,69.48,0.12,72.60,NaN,NaN,NaN,NaN
1248.79,35.89,28.26,36.00,20.00,AUTO,0,73,0,3.00,69.48,0.12,72.60,NaN,NaN,NaN,NaN
1249.79,35.90,28.26,36.00,20.00,AUTO,0,73,0,3.00,69.48,0.12,72.60,NaN,NaN,NaN,NaN
1250.80,35.89,28.26,36.00,20.00,AUTO,0,73,0,3.00,69.48,0.12,72.60,NaN,NaN,NaN,NaN
1251.80,35.89,28.26,36.00,20.00,AUTO,0,73,0,3.00,69.48,0.12,72.60,NaN,NaN,NaN,NaN
1252.80,35.89,28.26,36.00,20.00,AUTO,0,73,0,3.00,69.48,0.12,72.60,NaN,NaN,NaN,NaN
1253.80,35.89,28.26,36.00,20.00,AUTO,0,73,0,3.00,69.48,0.12,72.60,NaN,NaN,NaN,NaN
1254.80,35.88,28.26,36.00,20.00,AUTO,0,73,0,3.00,69.48,0.12,72.60,NaN,NaN,NaN,NaN
1255.81,35.88,28.26,36.00,20.00,AUTO,0,73,0,3.00,69.48,0.12,72.60,NaN,NaN,NaN,NaN
1256.81,35.88,28.30,36.00,20.00,AUTO,0,73,0,3.00,69.48,0.12,72.60,NaN,NaN,NaN,NaN
1257.81,35.88,28.30,36.00,20.00,AUTO,0,73,0,3.00,69.48,0.12,72.60,NaN,NaN,NaN,NaN
1258.81,35.89,28.30,36.00,20.00,AUTO,0,73,0,3.00,69.48,0.12,72.60,NaN,NaN,NaN,NaN
1259.81,35.90,28.30,36.00,20.00,AUTO,0,73,0,3.00,69.48,0.12,72.60,NaN,NaN,NaN,NaN
1260.81,35.90,28.26,36.00,20.00,AUTO,0,73,0,3.00,69.48,0.12,72.60,NaN,NaN,NaN,NaN
1261.81,35.90,28.26,36.00,20.00,AUTO,0,73,0,3.00,69.48,0.12,72.60,NaN,NaN,NaN,NaN
1262.82,35.89,28.26,36.00,20.00,AUTO,0,75,0,4.00,70.14,0.65,74.79,NaN,NaN,NaN,NaN
1263.82,35.88,28.26,36.00,20.00,AUTO,0,75,0,4.00,70.14,0.65,74.79,NaN,NaN,NaN,NaN
1264.82,35.88,28.26,36.00,20.00,AUTO,0,75,0,4.00,70.14,0.65,74.79,NaN,NaN,NaN,NaN
1265.82,35.88,28.26,36.00,20.00,AUTO,0,75,0,4.00,70.14,0.65,74.79,NaN,NaN,NaN,NaN
1266.82,35.87,28.26,36.00,20.00,AUTO,0,75,0,4.00,70.14,0.65,74.79,NaN,NaN,NaN,NaN
1267.82,35.88,28.26,36.00,20.00,AUTO,0,75,0,4.00,70.14,0.65,74.79,NaN,NaN,NaN,NaN
1268.83,35.88,28.26,36.00,20.00,AUTO,0,75,0,4.00,70.14,0.65,74.79,NaN,NaN,NaN,NaN
1269.83,35.87,28.26,36.00,20.00,AUTO,0,75,0,4.00,70.14,0.65,74.79,NaN,NaN,NaN,NaN
1270.83,35.87,28.26,36.00,20.00,AUTO,0,75,0,4.00,70.14,0.65,74.79,NaN,NaN,NaN,NaN
1271.83,35.87,28.26,36.00,20.00,AUTO,0,75,0,4.00,70.14,0.65,74.79,NaN,NaN,NaN,NaN
1272.83,35.87,28.26,36.00,20.00,AUTO,0,75,0,4.00,70.14,0.65,74.79,NaN,NaN,NaN,NaN
1273.84,35.87,28.26,36.00,20.00,AUTO,0,75,0,4.00,70.14,0.65,74.79,NaN,NaN,NaN,NaN
1274.84,35.89,28.26,36.00,20.00,AUTO,0,75,0,4.00,70.14,0.65,74.79,NaN,NaN,NaN,NaN
1275.84,35.89,28.26,36.00,20.00,AUTO,0,75,0,4.00,70.14,0.65,74.79,NaN,NaN,NaN,NaN
1276.84,35.89,28.26,36.00,20.00,AUTO,0,75,0,4.00,70.14,0.65,74.79,NaN,NaN,NaN,NaN
1277.84,35.87,28.26,36.00,20.00,AUTO,0,76,0,4.40,70.87,0.36,75.63,NaN,NaN,NaN,NaN
1278.84,35.87,28.30,36.00,20.00,AUTO,0,76,0,4.40,70.87,0.36,75.63,NaN,NaN,NaN,NaN
1279.84,35.87,28.30,36.00,20.00,AUTO,0,76,0,4.40,70.87,0.36,75.63,NaN,NaN,NaN,NaN
1280.85,35.88,28.26,36.00,20.00,AUTO,0,76,0,4.40,70.87,0.36,75.63,NaN,NaN,NaN,NaN
1281.84,35.89,28.26,36.00,20.00,AUTO,0,76,0,4.40,70.87,0.36,75.63,NaN,NaN,NaN,NaN
1282.85,35.89,28.26,36.00,20.00,AUTO,0,76,0,4.40,70.87,0.36,75.63,NaN,NaN,NaN,NaN
1283.85,35.89,28.26,36.00,20.00,AUTO,0,76,0,4.40,70.87,0.36,75.63,NaN,NaN,NaN,NaN
1284.85,35.89,28.26,36.00,20.00,AUTO,0,76,0,4.40,70.87,0.36,75.63,NaN,NaN,NaN,NaN
1285.85,35.89,28.26,36.00,20.00,AUTO,0,76,0,4.40,70.87,0.36,75.63,NaN,NaN,NaN,NaN
1286.85,35.89,28.26,36.00,20.00,AUTO,0,76,0,4.40,70.87,0.36,75.63,NaN,NaN,NaN,NaN
1287.86,35.89,28.26,36.00,20.00,AUTO,0,76,0,4.40,70.87,0.36,75.63,NaN,NaN,NaN,NaN
1288.86,35.89,28.26,36.00,20.00,AUTO,0,76,0,4.40,70.87,0.36,75.63,NaN,NaN,NaN,NaN
1289.86,35.93,28.26,36.00,20.00,AUTO,0,76,0,4.40,70.87,0.36,75.63,NaN,NaN,NaN,NaN
1290.86,35.93,28.26,36.00,20.00,AUTO,0,76,0,4.40,70.87,0.36,75.63,NaN,NaN,NaN,NaN
1291.86,35.93,28.26,36.00,20.00,AUTO,0,76,0,4.40,70.87,0.36,75.63,NaN,NaN,NaN,NaN
1292.87,35.92,28.26,36.00,20.00,AUTO,0,73,0,2.80,71.51,-1.21,73.10,NaN,NaN,NaN,NaN
1293.87,35.92,28.26,36.00,20.00,AUTO,0,73,0,2.80,71.51,-1.21,73.10,NaN,NaN,NaN,NaN
1294.87,35.92,28.26,36.00,20.00,AUTO,0,73,0,2.80,71.51,-1.21,73.10,NaN,NaN,NaN,NaN
1295.87,35.92,28.26,36.00,20.00,AUTO,0,73,0,2.80,71.51,-1.21,73.10,NaN,NaN,NaN,NaN
1296.87,35.93,28.26,36.00,20.00,AUTO,0,73,0,2.80,71.51,-1.21,73.10,NaN,NaN,NaN,NaN
1297.87,35.94,28.22,36.00,20.00,AUTO,0,73,0,2.80,71.51,-1.21,73.10,NaN,NaN,NaN,NaN
1298.88,35.94,28.22,36.00,20.00,AUTO,0,73,0,2.80,71.51,-1.21,73.10,NaN,NaN,NaN,NaN
1299.87,35.94,28.22,36.00,20.00,AUTO,0,73,0,2.80,71.51,-1.21,73.10,NaN,NaN,NaN,NaN
1300.88,35.95,28.22,36.00,20.00,AUTO,0,73,0,2.80,71.51,-1.21,73.10,NaN,NaN,NaN,NaN
1301.88,35.96,28.22,36.00,20.00,AUTO,0,73,0,2.80,71.51,-1.21,73.10,NaN,NaN,NaN,NaN
1302.88,35.96,28.22,36.00,20.00,AUTO,0,73,0,2.80,71.51,-1.21,73.10,NaN,NaN,NaN,NaN
1303.88,36.00,28.22,36.00,20.00,AUTO,0,73,0,2.80,71.51,-1.21,73.10,NaN,NaN,NaN,NaN
1304.88,36.00,28.22,36.00,20.00,AUTO,0,73,0,2.80,71.51,-1.21,73.10,NaN,NaN,NaN,NaN
1305.89,36.02,28.22,36.00,20.00,AUTO,0,73,0,2.80,71.51,-1.21,73.10,NaN,NaN,NaN,NaN
1306.89,36.02,28.22,36.00,20.00,AUTO,0,73,0,2.80,71.51,-1.21,73.10,NaN,NaN,NaN,NaN
1307.89,35.98,28.18,36.00,20.00,AUTO,0,68,0,-0.80,71.77,-2.90,68.07,NaN,NaN,NaN,NaN
1308.89,36.00,28.18,36.00,20.00,AUTO,0,68,0,-0.80,71.77,-2.90,68.07,NaN,NaN,NaN,NaN
1309.89,35.99,28.18,36.00,20.00,AUTO,0,68,0,-0.80,71.77,-2.90,68.07,NaN,NaN,NaN,NaN
1310.89,35.99,28.18,36.00,20.00,AUTO,0,68,0,-0.80,71.77,-2.90,68.07,NaN,NaN,NaN,NaN
1311.90,35.99,28.18,36.00,20.00,AUTO,0,68,0,-0.80,71.77,-2.90,68.07,NaN,NaN,NaN,NaN
1312.90,36.02,28.18,36.00,20.00,AUTO,0,68,0,-0.80,71.77,-2.90,68.07,NaN,NaN,NaN,NaN
1313.90,36.02,28.18,36.00,20.00,AUTO,0,68,0,-0.80,71.77,-2.90,68.07,NaN,NaN,NaN,NaN
1314.90,36.02,28.18,36.00,20.00,AUTO,0,68,0,-0.80,71.77,-2.90,68.07,NaN,NaN,NaN,NaN
1315.90,35.99,28.18,36.00,20.00,AUTO,0,68,0,-0.80,71.77,-2.90,68.07,NaN,NaN,NaN,NaN
1316.90,36.02,28.18,36.00,20.00,AUTO,0,68,0,-0.80,71.77,-2.90,68.07,NaN,NaN,NaN,NaN
1317.90,36.02,28.18,36.00,20.00,AUTO,0,68,0,-0.80,71.77,-2.90,68.07,NaN,NaN,NaN,NaN
1318.90,36.02,28.18,36.00,20.00,AUTO,0,68,0,-0.80,71.77,-2.90,68.07,NaN,NaN,NaN,NaN
1319.91,36.02,28.18,36.00,20.00,AUTO,0,68,0,-0.80,71.77,-2.90,68.07,NaN,NaN,NaN,NaN
1320.91,36.02,28.14,36.00,20.00,AUTO,0,68,0,-0.80,71.77,-2.90,68.07,NaN,NaN,NaN,NaN
1321.91,36.02,28.14,36.00,20.00,AUTO,0,68,0,-0.80,71.77,-2.90,68.07,NaN,NaN,NaN,NaN
1322.91,36.02,28.14,36.00,20.00,AUTO,0,70,0,-0.80,71.72,-0.88,70.04,NaN,NaN,NaN,NaN
1323.91,36.02,28.14,36.00,20.00,AUTO,0,70,0,-0.80,71.72,-0.88,70.04,NaN,NaN,NaN,NaN
1324.92,36.02,28.14,36.00,20.00,AUTO,0,70,0,-0.80,71.72,-0.88,70.04,NaN,NaN,NaN,NaN
1325.92,36.02,28.14,36.00,20.00,AUTO,0,70,0,-0.80,71.72,-0.88,70.04,NaN,NaN,NaN,NaN
1326.92,36.02,28.14,36.00,20.00,AUTO,0,70,0,-0.80,71.72,-0.88,70.04,NaN,NaN,NaN,NaN
1327.92,36.02,28.14,36.00,20.00,AUTO,0,70,0,-0.80,71.72,-0.88,70.04,NaN,NaN,NaN,NaN
1328.92,36.02,28.14,36.00,20.00,AUTO,0,70,0,-0.80,71.72,-0.88,70.04,NaN,NaN,NaN,NaN
1329.92,36.02,28.14,36.00,20.00,AUTO,0,70,0,-0.80,71.72,-0.88,70.04,NaN,NaN,NaN,NaN
1330.92,36.02,28.14,36.00,20.00,AUTO,0,70,0,-0.80,71.72,-0.88,70.04,NaN,NaN,NaN,NaN
1331.92,36.02,28.14,36.00,20.00,AUTO,0,70,0,-0.80,71.72,-0.88,70.04,NaN,NaN,NaN,NaN
1332.93,36.02,28.14,36.00,20.00,AUTO,0,70,0,-0.80,71.72,-0.88,70.04,NaN,NaN,NaN,NaN
1333.93,36.02,28.14,36.00,20.00,AUTO,0,70,0,-0.80,71.72,-0.88,70.04,NaN,NaN,NaN,NaN
1334.93,36.02,28.14,36.00,20.00,AUTO,0,70,0,-0.80,71.72,-0.88,70.04,NaN,NaN,NaN,NaN
1335.93,36.03,28.10,36.00,20.00,AUTO,0,70,0,-0.80,71.72,-0.88,70.04,NaN,NaN,NaN,NaN
1336.93,36.02,28.10,36.00,20.00,AUTO,0,70,0,-0.80,71.72,-0.88,70.04,NaN,NaN,NaN,NaN
1337.94,36.02,28.10,36.00,20.00,AUTO,0,71,0,-1.00,71.60,-0.06,70.54,NaN,NaN,NaN,NaN
1338.94,36.02,28.10,36.00,20.00,AUTO,0,71,0,-1.00,71.60,-0.06,70.54,NaN,NaN,NaN,NaN
1339.94,36.02,28.10,36.00,20.00,AUTO,0,71,0,-1.00,71.60,-0.06,70.54,NaN,NaN,NaN,NaN
1340.94,36.02,28.10,36.00,20.00,AUTO,0,71,0,-1.00,71.60,-0.06,70.54,NaN,NaN,NaN,NaN
1341.94,36.02,28.10,36.00,20.00,AUTO,0,71,0,-1.00,71.60,-0.06,70.54,NaN,NaN,NaN,NaN
1342.94,36.02,28.10,36.00,20.00,AUTO,0,71,0,-1.00,71.60,-0.06,70.54,NaN,NaN,NaN,NaN
1343.95,36.02,28.10,36.00,20.00,AUTO,0,71,0,-1.00,71.60,-0.06,70.54,NaN,NaN,NaN,NaN
1344.95,36.02,28.10,36.00,20.00,AUTO,0,71,0,-1.00,71.60,-0.06,70.54,NaN,NaN,NaN,NaN
1345.95,36.03,28.11,36.00,20.00,AUTO,0,71,0,-1.00,71.60,-0.06,70.54,NaN,NaN,NaN,NaN
1346.95,36.03,28.11,36.00,20.00,AUTO,0,71,0,-1.00,71.60,-0.06,70.54,NaN,NaN,NaN,NaN
1347.95,36.03,28.11,36.00,20.00,AUTO,0,71,0,-1.00,71.60,-0.06,70.54,NaN,NaN,NaN,NaN
1348.95,36.06,28.11,36.00,20.00,AUTO,0,71,0,-1.00,71.60,-0.06,70.54,NaN,NaN,NaN,NaN
1349.95,36.06,28.11,36.00,20.00,AUTO,0,71,0,-1.00,71.60,-0.06,70.54,NaN,NaN,NaN,NaN
1350.95,36.04,28.11,36.00,20.00,AUTO,0,71,0,-1.00,71.60,-0.06,70.54,NaN,NaN,NaN,NaN
1351.96,36.06,28.11,36.00,20.00,AUTO,0,71,0,-1.00,71.60,-0.06,70.54,NaN,NaN,NaN,NaN
1352.96,36.03,28.11,36.00,20.00,AUTO,0,69,0,-2.00,71.41,-0.89,68.53,NaN,NaN,NaN,NaN
1353.96,36.03,28.11,36.00,20.00,AUTO,0,69,0,-2.00,71.41,-0.89,68.53,NaN,NaN,NaN,NaN
1354.96,36.04,28.07,36.00,20.00,AUTO,0,69,0,-2.00,71.41,-0.89,68.53,NaN,NaN,NaN,NaN
1355.96,36.04,28.07,36.00,20.00,AUTO,0,69,0,-2.00,71.41,-0.89,68.53,NaN,NaN,NaN,NaN
1356.97,36.03,28.07,36.00,20.00,AUTO,0,69,0,-2.00,71.41,-0.89,68.53,NaN,NaN,NaN,NaN
1357.97,36.03,28.11,36.00,20.00,AUTO,0,69,0,-2.00,71.41,-0.89,68.53,NaN,NaN,NaN,NaN
1358.97,36.03,28.07,36.00,20.00,AUTO,0,69,0,-2.00,71.41,-0.89,68.53,NaN,NaN,NaN,NaN
1359.97,36.03,28.11,36.00,20.00,AUTO,0,69,0,-2.00,71.41,-0.89,68.53,NaN,NaN,NaN,NaN
1360.97,36.03,28.11,36.00,20.00,AUTO,0,69,0,-2.00,71.41,-0.89,68.53,NaN,NaN,NaN,NaN
1361.97,36.03,28.11,36.00,20.00,AUTO,0,69,0,-2.00,71.41,-0.89,68.53,NaN,NaN,NaN,NaN
1362.97,36.02,28.10,36.00,20.00,AUTO,0,69,0,-2.00,71.41,-0.89,68.53,NaN,NaN,NaN,NaN
1363.97,36.03,28.11,36.00,20.00,AUTO,0,69,0,-2.00,71.41,-0.89,68.53,NaN,NaN,NaN,NaN
1364.98,36.03,28.11,36.00,20.00,AUTO,0,69,0,-2.00,71.41,-0.89,68.53,NaN,NaN,NaN,NaN
1365.98,36.04,28.11,36.00,20.00,AUTO,0,69,0,-2.00,71.41,-0.89,68.53,NaN,NaN,NaN,NaN
1366.98,36.04,28.11,36.00,20.00,AUTO,0,69,0,-2.00,71.41,-0.89,68.53,NaN,NaN,NaN,NaN
1367.98,36.02,28.11,36.00,20.00,AUTO,0,70,0,-1.60,71.22,0.47,70.09,NaN,NaN,NaN,NaN
1368.98,36.02,28.11,36.00,20.00,AUTO,0,70,0,-1.60,71.22,0.47,70.09,NaN,NaN,NaN,NaN
1369.99,36.02,28.10,36.00,20.00,AUTO,0,70,0,-1.60,71.22,0.47,70.09,NaN,NaN,NaN,NaN
1370.99,36.02,28.10,36.00,20.00,AUTO,0,70,0,-1.60,71.22,0.47,70.09,NaN,NaN,NaN,NaN
1371.99,36.02,28.10,36.00,20.00,AUTO,0,70,0,-1.60,71.22,0.47,70.09,NaN,NaN,NaN,NaN
1372.99,36.02,28.10,36.00,20.00,AUTO,0,70,0,-1.60,71.22,0.47,70.09,NaN,NaN,NaN,NaN
1373.99,36.02,28.10,36.00,20.00,AUTO,0,70,0,-1.60,71.22,0.47,70.09,NaN,NaN,NaN,NaN
1374.99,36.02,28.10,36.00,20.00,AUTO,0,70,0,-1.60,71.22,0.47,70.09,NaN,NaN,NaN,NaN
1376.00,36.02,28.10,36.00,20.00,AUTO,0,70,0,-1.60,71.22,0.47,70.09,NaN,NaN,NaN,NaN
1377.00,36.02,28.11,36.00,20.00,AUTO,0,70,0,-1.60,71.22,0.47,70.09,NaN,NaN,NaN,NaN
1378.00,36.03,28.11,36.00,20.00,AUTO,0,70,0,-1.60,71.22,0.47,70.09,NaN,NaN,NaN,NaN
1379.00,36.03,28.11,36.00,20.00,AUTO,0,70,0,-1.60,71.22,0.47,70.09,NaN,NaN,NaN,NaN
1380.00,36.03,28.11,36.00,20.00,AUTO,0,70,0,-1.60,71.22,0.47,70.09,NaN,NaN,NaN,NaN
1381.00,36.03,28.11,36.00,20.00,AUTO,0,70,0,-1.60,71.22,0.47,70.09,NaN,NaN,NaN,NaN
1382.00,36.03,28.11,36.00,20.00,AUTO,0,70,0,-1.60,71.22,0.47,70.09,NaN,NaN,NaN,NaN
1383.01,36.03,28.11,36.00,20.00,AUTO,0,70,0,-1.20,71.08,0.02,69.90,NaN,NaN,NaN,NaN
1384.01,36.03,28.11,36.00,20.00,AUTO,0,70,0,-1.20,71.08,0.02,69.90,NaN,NaN,NaN,NaN
1385.01,36.03,28.11,36.00,20.00,AUTO,0,70,0,-1.20,71.08,0.02,69.90,NaN,NaN,NaN,NaN
1386.01,36.03,28.11,36.00,20.00,AUTO,0,70,0,-1.20,71.08,0.02,69.90,NaN,NaN,NaN,NaN
1387.01,36.03,28.11,36.00,20.00,AUTO,0,70,0,-1.20,71.08,0.02,69.90,NaN,NaN,NaN,NaN
1388.01,36.03,28.11,36.00,20.00,AUTO,0,70,0,-1.20,71.08,0.02,69.90,NaN,NaN,NaN,NaN
1389.02,36.03,28.11,36.00,20.00,AUTO,0,70,0,-1.20,71.08,0.02,69.90,NaN,NaN,NaN,NaN
1390.02,36.03,28.11,36.00,20.00,AUTO,0,70,0,-1.20,71.08,0.02,69.90,NaN,NaN,NaN,NaN
1391.02,36.03,28.11,36.00,20.00,AUTO,0,70,0,-1.20,71.08,0.02,69.90,NaN,NaN,NaN,NaN
1392.02,36.04,28.11,36.00,20.00,AUTO,0,70,0,-1.20,71.08,0.02,69.90,NaN,NaN,NaN,NaN
1393.02,36.06,28.07,36.00,20.00,AUTO,0,70,0,-1.20,71.08,0.02,69.90,NaN,NaN,NaN,NaN
1394.02,36.08,28.07,36.00,20.00,AUTO,0,70,0,-1.20,71.08,0.02,69.90,NaN,NaN,NaN,NaN
1395.02,36.08,28.07,36.00,20.00,AUTO,0,70,0,-1.20,71.08,0.02,69.90,NaN,NaN,NaN,NaN
1396.02,36.08,28.07,36.00,20.00,AUTO,0,70,0,-1.20,71.08,0.02,69.90,NaN,NaN,NaN,NaN
1397.03,36.08,28.07,36.00,20.00,AUTO,0,70,0,-1.20,71.08,0.02,69.90,NaN,NaN,NaN,NaN
1398.03,36.06,28.07,36.00,20.00,AUTO,0,66,0,-3.20,70.80,-1.36,66.24,NaN,NaN,NaN,NaN
1399.03,36.07,28.07,36.00,20.00,AUTO,0,66,0,-3.20,70.80,-1.36,66.24,NaN,NaN,NaN,NaN
1400.03,36.07,28.07,36.00,20.00,AUTO,0,66,0,-3.20,70.80,-1.36,66.24,NaN,NaN,NaN,NaN
1401.03,36.08,28.07,36.00,20.00,AUTO,0,66,0,-3.20,70.80,-1.36,66.24,NaN,NaN,NaN,NaN
1402.04,36.08,28.07,36.00,20.00,AUTO,0,66,0,-3.20,70.80,-1.36,66.24,NaN,NaN,NaN,NaN
1403.04,36.08,28.03,36.00,20.00,AUTO,0,66,0,-3.20,70.80,-1.36,66.24,NaN,NaN,NaN,NaN
1404.04,36.08,28.03,36.00,20.00,AUTO,0,66,0,-3.20,70.80,-1.36,66.24,NaN,NaN,NaN,NaN
1405.04,36.09,28.03,36.00,20.00,AUTO,0,66,0,-3.20,70.80,-1.36,66.24,NaN,NaN,NaN,NaN
1406.04,36.09,28.03,36.00,20.00,AUTO,0,66,0,-3.20,70.80,-1.36,66.24,NaN,NaN,NaN,NaN
1407.04,36.09,28.03,36.00,20.00,AUTO,0,66,0,-3.20,70.80,-1.36,66.24,NaN,NaN,NaN,NaN
1408.05,36.11,28.03,36.00,20.00,AUTO,0,66,0,-3.20,70.80,-1.36,66.24,NaN,NaN,NaN,NaN
1409.04,36.12,28.03,36.00,20.00,AUTO,0,66,0,-3.20,70.80,-1.36,66.24,NaN,NaN,NaN,NaN
1410.05,36.12,28.03,36.00,20.00,AUTO,0,66,0,-3.20,70.80,-1.36,66.24,NaN,NaN,NaN,NaN
1411.05,36.12,28.03,36.00,20.00,AUTO,0,66,0,-3.20,70.80,-1.36,66.24,NaN,NaN,NaN,NaN
1412.05,36.12,28.03,36.00,20.00,AUTO,0,66,0,-3.20,70.80,-1.36,66.24,NaN,NaN,NaN,NaN
1413.05,36.10,28.03,36.00,20.00,AUTO,0,64,0,-4.80,70.25,-1.42,64.03,NaN,NaN,NaN,NaN
1414.05,36.11,28.03,36.00,20.00,AUTO,0,64,0,-4.80,70.25,-1.42,64.03,NaN,NaN,NaN,NaN
1415.06,36.12,28.03,36.00,20.00,AUTO,0,64,0,-4.80,70.25,-1.42,64.03,NaN,NaN,NaN,NaN
1416.06,36.12,28.03,36.00,20.00,AUTO,0,64,0,-4.80,70.25,-1.42,64.03,NaN,NaN,NaN,NaN
1417.06,36.11,28.03,36.00,20.00,AUTO,0,64,0,-4.80,70.25,-1.42,64.03,NaN,NaN,NaN,NaN
1418.06,36.11,28.03,36.00,20.00,AUTO,0,64,0,-4.80,70.25,-1.42,64.03,NaN,NaN,NaN,NaN
1419.06,36.11,28.03,36.00,20.00,AUTO,0,64,0,-4.80,70.25,-1.42,64.03,NaN,NaN,NaN,NaN
1420.06,36.11,28.03,36.00,20.00,AUTO,0,64,0,-4.80,70.25,-1.42,64.03,NaN,NaN,NaN,NaN
1421.07,36.11,28.03,36.00,20.00,AUTO,0,64,0,-4.80,70.25,-1.42,64.03,NaN,NaN,NaN,NaN
1422.07,36.11,28.03,36.00,20.00,AUTO,0,64,0,-4.80,70.25,-1.42,64.03,NaN,NaN,NaN,NaN
1423.07,36.13,28.03,36.00,20.00,AUTO,0,64,0,-4.80,70.25,-1.42,64.03,NaN,NaN,NaN,NaN
1424.07,36.13,28.03,36.00,20.00,AUTO,0,64,0,-4.80,70.25,-1.42,64.03,NaN,NaN,NaN,NaN
1425.07,36.14,28.03,36.00,20.00,AUTO,0,64,0,-4.80,70.25,-1.42,64.03,NaN,NaN,NaN,NaN
1426.07,36.14,28.03,36.00,20.00,AUTO,0,64,0,-4.80,70.25,-1.42,64.03,NaN,NaN,NaN,NaN
1427.08,36.14,28.03,36.00,20.00,AUTO,0,64,0,-4.80,70.25,-1.42,64.03,NaN,NaN,NaN,NaN
1428.08,36.12,28.03,36.00,20.00,AUTO,0,63,0,-5.60,69.54,-0.55,63.39,NaN,NaN,NaN,NaN
1429.08,36.12,28.03,36.00,20.00,AUTO,0,63,0,-5.60,69.54,-0.55,63.39,NaN,NaN,NaN,NaN
1430.08,36.12,28.03,36.00,20.00,AUTO,0,63,0,-5.60,69.54,-0.55,63.39,NaN,NaN,NaN,NaN
1431.08,36.12,28.03,36.00,20.00,AUTO,0,63,0,-5.60,69.54,-0.55,63.39,NaN,NaN,NaN,NaN
1432.08,36.12,28.03,36.00,20.00,AUTO,0,63,0,-5.60,69.54,-0.55,63.39,NaN,NaN,NaN,NaN
1433.08,36.12,28.03,36.00,20.00,AUTO,0,63,0,-5.60,69.54,-0.55,63.39,NaN,NaN,NaN,NaN
1434.09,36.12,28.03,36.00,20.00,AUTO,0,63,0,-5.60,69.54,-0.55,63.39,NaN,NaN,NaN,NaN
1435.09,36.12,28.03,36.00,20.00,AUTO,0,63,0,-5.60,69.54,-0.55,63.39,NaN,NaN,NaN,NaN
1436.09,36.12,28.03,36.00,20.00,AUTO,0,63,0,-5.60,69.54,-0.55,63.39,NaN,NaN,NaN,NaN
1437.09,36.12,28.03,36.00,20.00,AUTO,0,63,0,-5.60,69.54,-0.55,63.39,NaN,NaN,NaN,NaN
1438.09,36.14,28.03,36.00,20.00,AUTO,0,63,0,-5.60,69.54,-0.55,63.39,NaN,NaN,NaN,NaN
1439.10,36.14,28.03,36.00,20.00,AUTO,0,63,0,-5.60,69.54,-0.55,63.39,NaN,NaN,NaN,NaN
1440.09,36.14,28.03,36.00,20.00,AUTO,0,63,0,-5.60,69.54,-0.55,63.39,NaN,NaN,NaN,NaN
1441.10,36.14,28.03,36.00,20.00,AUTO,0,63,0,-5.60,69.54,-0.55,63.39,NaN,NaN,NaN,NaN
1442.10,36.14,28.03,36.00,20.00,AUTO,0,63,0,-5.60,69.54,-0.55,63.39,NaN,NaN,NaN,NaN
1443.10,36.12,28.03,36.00,20.00,AUTO,0,63,0,-5.60,68.78,-0.13,63.04,NaN,NaN,NaN,NaN
1444.10,36.12,28.03,36.00,20.00,AUTO,0,63,0,-5.60,68.78,-0.13,63.04,NaN,NaN,NaN,NaN
1445.10,36.11,28.03,36.00,20.00,AUTO,0,63,0,-5.60,68.78,-0.13,63.04,NaN,NaN,NaN,NaN
1446.10,36.11,28.03,36.00,20.00,AUTO,0,63,0,-5.60,68.78,-0.13,63.04,NaN,NaN,NaN,NaN
1447.11,36.10,28.03,36.00,20.00,AUTO,0,63,0,-5.60,68.78,-0.13,63.04,NaN,NaN,NaN,NaN
1448.11,36.10,28.03,36.00,20.00,AUTO,0,63,0,-5.60,68.78,-0.13,63.04,NaN,NaN,NaN,NaN
1449.11,36.09,28.03,36.00,20.00,AUTO,0,63,0,-5.60,68.78,-0.13,63.04,NaN,NaN,NaN,NaN
1450.11,36.08,28.03,36.00,20.00,AUTO,0,63,0,-5.60,68.78,-0.13,63.04,NaN,NaN,NaN,NaN
1451.11,36.08,28.03,36.00,20.00,AUTO,0,63,0,-5.60,68.78,-0.13,63.04,NaN,NaN,NaN,NaN
1452.11,36.07,28.03,36.00,20.00,AUTO,0,63,0,-5.60,68.78,-0.13,63.04,NaN,NaN,NaN,NaN
1453.12,36.09,28.03,36.00,20.00,AUTO,0,63,0,-5.60,68.78,-0.13,63.04,NaN,NaN,NaN,NaN
1454.12,36.08,28.07,36.00,20.00,AUTO,0,63,0,-5.60,68.78,-0.13,63.04,NaN,NaN,NaN,NaN
1455.12,36.09,28.07,36.00,20.00,AUTO,0,63,0,-5.60,68.78,-0.13,63.04,NaN,NaN,NaN,NaN
1456.12,36.08,28.07,36.00,20.00,AUTO,0,63,0,-5.60,68.78,-0.13,63.04,NaN,NaN,NaN,NaN
1457.12,36.08,28.07,36.00,20.00,AUTO,0,63,0,-5.60,68.78,-0.13,63.04,NaN,NaN,NaN,NaN
1458.13,36.06,28.07,36.00,20.00,AUTO,0,67,0,-3.20,68.22,1.95,66.96,NaN,NaN,NaN,NaN
1459.13,36.04,28.07,36.00,20.00,AUTO,0,67,0,-3.20,68.22,1.95,66.96,NaN,NaN,NaN,NaN
1460.12,36.06,28.07,36.00,20.00,AUTO,0,67,0,-3.20,68.22,1.95,66.96,NaN,NaN,NaN,NaN
1461.13,36.06,28.07,36.00,20.00,AUTO,0,67,0,-3.20,68.22,1.95,66.96,NaN,NaN,NaN,NaN
1462.13,36.04,28.07,36.00,20.00,AUTO,0,67,0,-3.20,68.22,1.95,66.96,NaN,NaN,NaN,NaN
1463.13,36.06,28.07,36.00,20.00,AUTO,0,67,0,-3.20,68.22,1.95,66.96,NaN,NaN,NaN,NaN
1464.13,36.06,28.07,36.00,20.00,AUTO,0,67,0,-3.20,68.22,1.95,66.96,NaN,NaN,NaN,NaN
1465.13,36.03,28.07,36.00,20.00,AUTO,0,67,0,-3.20,68.22,1.95,66.96,NaN,NaN,NaN,NaN
1466.14,36.03,28.07,36.00,20.00,AUTO,0,67,0,-3.20,68.22,1.95,66.96,NaN,NaN,NaN,NaN
1467.14,36.03,28.11,36.00,20.00,AUTO,0,67,0,-3.20,68.22,1.95,66.96,NaN,NaN,NaN,NaN
1468.14,36.04,28.11,36.00,20.00,AUTO,0,67,0,-3.20,68.22,1.95,66.96,NaN,NaN,NaN,NaN
1469.14,36.06,28.11,36.00,20.00,AUTO,0,67,0,-3.20,68.22,1.95,66.96,NaN,NaN,NaN,NaN
1470.14,36.06,28.11,36.00,20.00,AUTO,0,67,0,-3.20,68.22,1.95,66.96,NaN,NaN,NaN,NaN
1471.15,36.04,28.11,36.00,20.00,AUTO,0,67,0,-3.20,68.22,1.95,66.96,NaN,NaN,NaN,NaN
1472.15,36.06,28.11,36.00,20.00,AUTO,0,67,0,-3.20,68.22,1.95,66.96,NaN,NaN,NaN,NaN
1473.15,36.03,28.11,36.00,20.00,AUTO,0,67,0,-2.00,67.92,1.08,67.00,NaN,NaN,NaN,NaN
1474.15,36.03,28.11,36.00,20.00,AUTO,0,67,0,-2.00,67.92,1.08,67.00,NaN,NaN,NaN,NaN
1475.15,36.03,28.11,36.00,20.00,AUTO,0,67,0,-2.00,67.92,1.08,67.00,NaN,NaN,NaN,NaN
1476.15,36.02,28.10,36.00,20.00,AUTO,0,67,0,-2.00,67.92,1.08,67.00,NaN,NaN,NaN,NaN
1477.16,36.02,28.11,36.00,20.00,AUTO,0,67,0,-2.00,67.92,1.08,67.00,NaN,NaN,NaN,NaN
1478.15,36.02,28.10,36.00,20.00,AUTO,0,67,0,-2.00,67.92,1.08,67.00,NaN,NaN,NaN,NaN
1479.16,36.02,28.11,36.00,20.00,AUTO,0,67,0,-2.00,67.92,1.08,67.00,NaN,NaN,NaN,NaN
1480.16,36.02,28.10,36.00,20.00,AUTO,0,67,0,-2.00,67.92,1.08,67.00,NaN,NaN,NaN,NaN
1481.16,36.02,28.10,36.00,20.00,AUTO,0,67,0,-2.00,67.92,1.08,67.00,NaN,NaN,NaN,NaN
1482.17,36.02,28.10,36.00,20.00,AUTO,0,67,0,-2.00,67.92,1.08,67.00,NaN,NaN,NaN,NaN
1483.16,36.03,28.11,36.00,20.00,AUTO,0,67,0,-2.00,67.92,1.08,67.00,NaN,NaN,NaN,NaN
1484.16,36.03,28.11,36.00,20.00,AUTO,0,67,0,-2.00,67.92,1.08,67.00,NaN,NaN,NaN,NaN
1485.17,36.03,28.07,36.00,20.00,AUTO,0,67,0,-2.00,67.92,1.08,67.00,NaN,NaN,NaN,NaN
1486.17,36.02,28.10,36.00,20.00,AUTO,0,67,0,-2.00,67.92,1.08,67.00,NaN,NaN,NaN,NaN
1487.17,36.02,28.10,36.00,20.00,AUTO,0,67,0,-2.00,67.92,1.08,67.00,NaN,NaN,NaN,NaN
1488.17,36.02,28.10,36.00,20.00,AUTO,0,68,0,-0.80,67.78,0.82,67.80,NaN,NaN,NaN,NaN
1489.17,36.02,28.10,36.00,20.00,AUTO,0,68,0,-0.80,67.78,0.82,67.80,NaN,NaN,NaN,NaN
1490.18,36.02,28.10,36.00,20.00,AUTO,0,68,0,-0.80,67.78,0.82,67.80,NaN,NaN,NaN,NaN
1491.17,36.02,28.10,36.00,20.00,AUTO,0,68,0,-0.80,67.78,0.82,67.80,NaN,NaN,NaN,NaN
1492.18,36.02,28.10,36.00,20.00,AUTO,0,68,0,-0.80,67.78,0.82,67.80,NaN,NaN,NaN,NaN
1493.18,36.02,28.10,36.00,20.00,AUTO,0,68,0,-0.80,67.78,0.82,67.80,NaN,NaN,NaN,NaN
1494.18,36.02,28.10,36.00,20.00,AUTO,0,68,0,-0.80,67.78,0.82,67.80,NaN,NaN,NaN,NaN
1495.18,36.02,28.10,36.00,20.00,AUTO,0,68,0,-0.80,67.78,0.82,67.80,NaN,NaN,NaN,NaN
1496.18,36.02,28.10,36.00,20.00,AUTO,0,68,0,-0.80,67.78,0.82,67.80,NaN,NaN,NaN,NaN
1497.18,36.02,28.10,36.00,20.00,AUTO,0,68,0,-0.80,67.78,0.82,67.80,NaN,NaN,NaN,NaN
1498.19,36.02,28.10,36.00,20.00,AUTO,0,68,0,-0.80,67.78,0.82,67.80,NaN,NaN,NaN,NaN
1499.19,36.02,28.10,36.00,20.00,AUTO,0,68,0,-0.80,67.78,0.82,67.80,NaN,NaN,NaN,NaN
1500.20,36.02,28.10,36.00,20.00,AUTO,0,68,0,-0.80,67.78,0.82,67.80,NaN,NaN,NaN,NaN
1501.19,36.02,28.10,36.00,20.00,AUTO,0,68,0,-0.80,67.78,0.82,67.80,NaN,NaN,NaN,NaN
1502.20,36.02,28.10,36.00,20.00,AUTO,0,68,0,-0.80,67.78,0.82,67.80,NaN,NaN,NaN,NaN
1503.20,36.02,28.10,36.00,20.00,AUTO,0,67,0,-0.80,67.66,0.19,67.05,NaN,NaN,NaN,NaN
1504.20,36.02,28.10,36.00,20.00,AUTO,0,67,0,-0.80,67.66,0.19,67.05,NaN,NaN,NaN,NaN
1505.20,36.02,28.10,36.00,20.00,AUTO,0,67,0,-0.80,67.66,0.19,67.05,NaN,NaN,NaN,NaN
1506.20,36.02,28.10,36.00,20.00,AUTO,0,67,0,-0.80,67.66,0.19,67.05,NaN,NaN,NaN,NaN
1507.20,36.02,28.10,36.00,20.00,AUTO,0,67,0,-0.80,67.66,0.19,67.05,NaN,NaN,NaN,NaN
1508.20,36.02,28.14,36.00,20.00,AUTO,0,67,0,-0.80,67.66,0.19,67.05,NaN,NaN,NaN,NaN
1509.20,36.02,28.14,36.00,20.00,AUTO,0,67,0,-0.80,67.66,0.19,67.05,NaN,NaN,NaN,NaN
1510.20,36.02,28.14,36.00,20.00,AUTO,0,67,0,-0.80,67.66,0.19,67.05,NaN,NaN,NaN,NaN
1511.21,36.02,28.14,36.00,20.00,AUTO,0,67,0,-0.80,67.66,0.19,67.05,NaN,NaN,NaN,NaN
1512.21,36.02,28.14,36.00,20.00,AUTO,0,67,0,-0.80,67.66,0.19,67.05,NaN,NaN,NaN,NaN
1513.21,36.02,28.10,36.00,20.00,AUTO,0,67,0,-0.80,67.66,0.19,67.05,NaN,NaN,NaN,NaN
1514.21,36.02,28.11,36.00,20.00,AUTO,0,67,0,-0.80,67.66,0.19,67.05,NaN,NaN,NaN,NaN
1515.21,36.02,28.11,36.00,20.00,AUTO,0,67,0,-0.80,67.66,0.19,67.05,NaN,NaN,NaN,NaN
1516.21,36.03,28.10,36.00,20.00,AUTO,0,67,0,-0.80,67.66,0.19,67.05,NaN,NaN,NaN,NaN
1517.22,36.02,28.11,36.00,20.00,AUTO,0,67,0,-0.80,67.66,0.19,67.05,NaN,NaN,NaN,NaN
1518.22,36.02,28.10,36.00,20.00,AUTO,0,66,0,-1.00,67.54,-0.06,66.47,NaN,NaN,NaN,NaN
1519.22,36.02,28.14,36.00,20.00,AUTO,0,66,0,-1.00,67.54,-0.06,66.47,NaN,NaN,NaN,NaN
1520.22,36.02,28.10,36.00,20.00,AUTO,0,66,0,-1.00,67.54,-0.06,66.47,NaN,NaN,NaN,NaN
1521.22,36.02,28.10,36.00,20.00,AUTO,0,66,0,-1.00,67.54,-0.06,66.47,NaN,NaN,NaN,NaN
1522.23,36.02,28.14,36.00,20.00,AUTO,0,66,0,-1.00,67.54,-0.06,66.47,NaN,NaN,NaN,NaN
1523.22,36.02,28.10,36.00,20.00,AUTO,0,66,0,-1.00,67.54,-0.06,66.47,NaN,NaN,NaN,NaN
1524.23,36.02,28.10,36.00,20.00,AUTO,0,66,0,-1.00,67.54,-0.06,66.47,NaN,NaN,NaN,NaN
1525.23,36.02,28.10,36.00,20.00,AUTO,0,66,0,-1.00,67.54,-0.06,66.47,NaN,NaN,NaN,NaN
1526.23,36.02,28.10,36.00,20.00,AUTO,0,66,0,-1.00,67.54,-0.06,66.47,NaN,NaN,NaN,NaN
1527.23,36.02,28.14,36.00,20.00,AUTO,0,66,0,-1.00,67.54,-0.06,66.47,NaN,NaN,NaN,NaN
1528.24,36.03,28.11,36.00,20.00,AUTO,0,66,0,-1.00,67.54,-0.06,66.47,NaN,NaN,NaN,NaN
1529.23,36.03,28.11,36.00,20.00,AUTO,0,66,0,-1.00,67.54,-0.06,66.47,NaN,NaN,NaN,NaN
1530.24,36.03,28.11,36.00,20.00,AUTO,0,66,0,-1.00,67.54,-0.06,66.47,NaN,NaN,NaN,NaN
1531.24,36.03,28.11,36.00,20.00,AUTO,0,66,0,-1.00,67.54,-0.06,66.47,NaN,NaN,NaN,NaN
1532.24,36.03,28.16,36.00,20.00,AUTO,0,66,0,-1.00,67.54,-0.06,66.47,NaN,NaN,NaN,NaN
1533.24,36.02,28.14,36.00,20.00,AUTO,0,66,0,-1.20,67.40,-0.23,65.96,NaN,NaN,NaN,NaN
1534.24,36.03,28.10,36.00,20.00,AUTO,0,66,0,-1.20,67.40,-0.23,65.96,NaN,NaN,NaN,NaN
1535.25,36.02,28.10,36.00,20.00,AUTO,0,66,0,-1.20,67.40,-0.23,65.96,NaN,NaN,NaN,NaN
1536.25,36.02,28.10,36.00,20.00,AUTO,0,66,0,-1.20,67.40,-0.23,65.96,NaN,NaN,NaN,NaN
1537.25,36.02,28.10,36.00,20.00,AUTO,0,66,0,-1.20,67.40,-0.23,65.96,NaN,NaN,NaN,NaN
1538.25,36.02,28.10,36.00,20.00,AUTO,0,66,0,-1.20,67.40,-0.23,65.96,NaN,NaN,NaN,NaN
1539.25,36.02,28.10,36.00,20.00,AUTO,0,66,0,-1.20,67.40,-0.23,65.96,NaN,NaN,NaN,NaN
1540.25,36.02,28.10,36.00,20.00,AUTO,0,66,0,-1.20,67.40,-0.23,65.96,NaN,NaN,NaN,NaN
1541.25,36.02,28.10,36.00,20.00,AUTO,0,66,0,-1.20,67.40,-0.23,65.96,NaN,NaN,NaN,NaN
1542.25,36.02,28.10,36.00,20.00,AUTO,0,66,0,-1.20,67.40,-0.23,65.96,NaN,NaN,NaN,NaN
1543.26,36.02,28.10,36.00,20.00,AUTO,0,66,0,-1.20,67.40,-0.23,65.96,NaN,NaN,NaN,NaN
1544.26,36.03,28.10,36.00,20.00,AUTO,0,66,0,-1.20,67.40,-0.23,65.96,NaN,NaN,NaN,NaN
1545.26,36.03,28.10,36.00,20.00,AUTO,0,66,0,-1.20,67.40,-0.23,65.96,NaN,NaN,NaN,NaN
1546.26,36.03,28.16,36.00,20.00,AUTO,0,66,0,-1.20,67.40,-0.23,65.96,NaN,NaN,NaN,NaN
1547.26,36.03,28.10,36.00,20.00,AUTO,0,66,0,-1.20,67.40,-0.23,65.96,NaN,NaN,NaN,NaN
