Time_Seconds,Temperature,Humidity,Setpoint_Temperature,Setpoint_Humidity,Ctrl,Error_Code,T_PWM,RH_PWM,T_PID_p,T_PID_i,T_PID_d,T_PID_out,RH_PID_p,RH_PID_i,RH_PID_d,RH_PID_out
0.00,34.66,33.47,36.00,20.00,AUTO,5,0,0,0.00,0.00,0.00,0.00,0.00,0.00,0.00,0.00
1.00,34.66,33.47,36.00,20.00,AUTO,8,0,0,0.00,0.00,0.00,0.00,0.00,0.00,0.00,0.00
2.00,34.66,33.47,36.00,20.00,AUTO,8,0,0,0.00,0.00,0.00,0.00,0.00,0.00,0.00,0.00
3.01,34.65,33.47,36.00,20.00,AUTO,8,0,0,0.00,0.00,0.00,0.00,0.00,0.00,0.00,0.00
4.01,34.65,33.46,36.00,20.00,AUTO,8,0,0,0.00,0.00,0.00,0.00,0.00,0.00,0.00,0.00
5.01,34.64,33.46,36.00,20.00,AUTO,8,0,0,0.00,0.00,0.00,0.00,0.00,0.00,0.00,0.00
6.01,34.63,33.46,36.00,20.00,AUTO,8,0,0,0.00,0.00,0.00,0.00,0.00,0.00,0.00,0.00
7.02,34.62,33.50,36.00,20.00,AUTO,8,78,0,67.50,10.80,0.00,78.30,0.00,0.00,0.00,0.00
8.02,34.61,33.50,36.00,20.00,AUTO,8,78,0,67.50,10.80,0.00,78.30,0.00,0.00,0.00,0.00
9.02,34.61,33.54,36.00,20.00,AUTO,8,78,0,67.50,10.80,0.00,78.30,0.00,0.00,0.00,0.00
10.02,34.60,33.58,36.00,20.00,AUTO,8,78,0,67.50,10.80,0.00,78.30,0.00,0.00,0.00,0.00
11.02,34.59,33.58,36.00,20.00,AUTO,8,78,0,67.50,10.80,0.00,78.30,0.00,0.00,0.00,0.00
12.02,34.59,33.58,36.00,20.00,AUTO,8,78,0,67.50,10.80,0.00,78.30,0.00,0.00,0.00,0.00
13.02,34.57,33.58,36.00,20.00,AUTO,8,78,0,67.50,10.80,0.00,78.30,0.00,0.00,0.00,0.00
14.02,34.59,33.58,36.00,20.00,AUTO,8,78,0,67.50,10.80,0.00,78.30,0.00,0.00,0.00,0.00
15.03,34.57,33.62,36.00,20.00,AUTO,8,92,0,70.12,22.02,0.00,92.15,0.00,0.00,0.00,0.00
16.03,34.56,33.58,36.00,20.00,AUTO,8,92,0,70.12,22.02,0.00,92.15,0.00,0.00,0.00,0.00
17.03,34.56,33.58,36.00,20.00,AUTO,8,92,0,70.12,22.02,0.00,92.15,0.00,0.00,0.00,0.00
18.03,34.56,33.62,36.00,20.00,AUTO,8,92,0,70.12,22.02,0.00,92.15,0.00,0.00,0.00,0.00
19.03,34.56,33.62,36.00,20.00,AUTO,8,92,0,70.12,22.02,0.00,92.15,0.00,0.00,0.00,0.00
20.03,34.56,33.62,36.00,20.00,AUTO,8,92,0,70.12,22.02,0.00,92.15,0.00,0.00,0.00,0.00
21.04,34.55,33.62,36.00,20.00,AUTO,8,92,0,70.12,22.02,0.00,92.15,0.00,0.00,0.00,0.00
22.04,34.56,33.62,36.00,20.00,AUTO,8,92,0,70.12,22.02,0.00,92.15,0.00,0.00,0.00,0.00
23.04,34.56,33.62,36.00,20.00,AUTO,8,100,0,72.00,22.02,0.00,94.02,0.00,0.00,0.00,0.00
24.04,34.56,33.62,36.00,20.00,AUTO,8,100,0,72.00,22.02,0.00,94.02,0.00,0.00,0.00,0.00
25.04,34.57,33.62,36.00,20.00,AUTO,8,100,0,72.00,22.02,0.00,94.02,0.00,0.00,0.00,0.00
26.04,34.59,33.62,36.00,20.00,AUTO,8,100,0,72.00,22.02,0.00,94.02,0.00,0.00,0.00,0.00
27.05,34.57,33.62,36.00,20.00,AUTO,8,100,0,72.00,22.02,0.00,94.02,0.00,0.00,0.00,0.00
28.05,34.59,33.62,36.00,20.00,AUTO,8,100,0,72.00,22.02,0.00,94.02,0.00,0.00,0.00,0.00
29.05,34.59,33.62,36.00,20.00,AUTO,8,100,0,72.00,22.02,0.00,94.02,0.00,0.00,0.00,0.00
30.05,34.60,33.58,36.00,20.00,AUTO,8,100,0,72.00,22.02,0.00,94.02,0.00,0.00,0.00,0.00
31.05,34.61,33.58,36.00,20.00,AUTO,8,93,0,71.06,22.02,0.00,93.08,0.00,0.00,0.00,0.00
32.05,34.62,33.58,36.00,20.00,AUTO,8,93,0,71.06,22.02,0.00,93.08,0.00,0.00,0.00,0.00
33.05,34.63,33.58,36.00,20.00,AUTO,8,93,0,71.06,22.02,0.00,93.08,0.00,0.00,0.00,0.00
34.06,34.63,33.54,36.00,20.00,AUTO,8,93,0,71.06,22.02,0.00,93.08,0.00,0.00,0.00,0.00
35.06,34.65,33.54,36.00,20.00,AUTO,8,93,0,71.06,22.02,0.00,93.08,0.00,0.00,0.00,0.00
36.06,34.66,33.56,36.00,20.00,AUTO,8,93,0,71.06,22.02,0.00,93.08,0.00,0.00,0.00,0.00
37.06,34.67,33.56,36.00,20.00,AUTO,8,93,0,71.06,22.02,0.00,93.08,0.00,0.00,0.00,0.00
38.06,34.68,33.51,36.00,20.00,AUTO,8,93,0,71.06,22.02,0.00,93.08,0.00,0.00,0.00,0.00
39.07,34.69,33.51,36.00,20.00,AUTO,8,89,0,67.81,22.02,0.00,89.83,0.00,0.00,0.00,0.00
40.07,34.69,33.47,36.00,20.00,AUTO,8,89,0,67.81,22.02,0.00,89.83,0.00,0.00,0.00,0.00
41.07,34.70,33.47,36.00,20.00,AUTO,8,89,0,67.81,22.02,0.00,89.83,0.00,0.00,0.00,0.00
42.07,34.71,33.47,36.00,20.00,AUTO,8,89,0,67.81,22.02,0.00,89.83,0.00,0.00,0.00,0.00
43.07,34.75,33.44,36.00,20.00,AUTO,8,89,0,67.81,22.02,0.00,89.83,0.00,0.00,0.00,0.00
44.07,34.77,33.40,36.00,20.00,AUTO,8,89,0,67.81,22.02,0.00,89.83,0.00,0.00,0.00,0.00
45.07,34.78,33.40,36.00,20.00,AUTO,8,89,0,67.81,22.02,0.00,89.83,0.00,0.00,0.00,0.00
46.07,34.78,33.40,36.00,20.00,AUTO,8,89,0,67.81,22.02,0.00,89.83,0.00,0.00,0.00,0.00
47.08,34.80,33.31,36.00,20.00,AUTO,8,100,0,63.31,32.15,0.00,95.46,0.00,0.00,0.00,0.00
48.08,34.83,33.33,36.00,20.00,AUTO,8,100,0,63.31,32.15,0.00,95.46,0.00,0.00,0.00,0.00
49.08,34.86,33.33,36.00,20.00,AUTO,8,100,0,63.31,32.15,0.00,95.46,0.00,0.00,0.00,0.00
50.08,34.89,33.29,36.00,20.00,AUTO,8,100,0,63.31,32.15,0.00,95.46,0.00,0.00,0.00,0.00
51.08,34.89,33.25,36.00,20.00,AUTO,8,100,0,63.31,32.15,0.00,95.46,0.00,0.00,0.00,0.00
52.08,34.91,33.25,36.00,20.00,AUTO,8,100,0,63.31,32.15,0.00,95.46,0.00,0.00,0.00,0.00
53.09,34.92,33.21,36.00,20.00,AUTO,8,100,0,63.31,32.15,0.00,95.46,0.00,0.00,0.00,0.00
54.09,34.94,33.21,36.00,20.00,AUTO,8,100,0,63.31,32.15,0.00,95.46,0.00,0.00,0.00,0.00
55.09,34.95,33.17,36.00,20.00,AUTO,8,100,0,56.00,41.11,0.00,97.11,0.00,0.00,0.00,0.00
56.09,34.96,33.17,36.00,20.00,AUTO,8,100,0,56.00,41.11,0.00,97.11,0.00,0.00,0.00,0.00
57.09,35.00,33.13,36.00,20.00,AUTO,8,100,0,56.00,41.11,0.00,97.11,0.00,0.00,0.00,0.00
58.10,35.01,33.15,36.00,20.00,AUTO,8,100,0,56.00,41.11,0.00,97.11,0.00,0.00,0.00,0.00
59.09,35.01,33.11,36.00,20.00,AUTO,8,100,0,56.00,41.11,0.00,97.11,0.00,0.00,0.00,0.00
60.10,35.01,33.11,36.00,20.00,AUTO,8,100,0,56.00,41.11,0.00,97.11,0.00,0.00,0.00,0.00
61.10,35.04,33.07,36.00,20.00,AUTO,8,100,0,56.00,41.11,0.00,97.11,0.00,0.00,0.00,0.00
62.10,35.06,33.07,36.00,20.00,AUTO,8,100,0,56.00,41.11,0.00,97.11,0.00,0.00,0.00,0.00
63.10,35.08,33.02,36.00,20.00,AUTO,8,100,0,49.75,49.07,0.00,98.82,0.00,0.00,0.00,0.00
64.10,35.10,32.99,36.00,20.00,AUTO,8,100,0,49.75,49.07,0.00,98.82,0.00,0.00,0.00,0.00
65.10,35.12,32.99,36.00,20.00,AUTO,8,100,0,49.75,49.07,0.00,98.82,0.00,0.00,0.00,0.00
66.11,35.13,32.95,36.00,20.00,AUTO,8,100,0,49.75,49.07,0.00,98.82,0.00,0.00,0.00,0.00
67.11,35.15,32.95,36.00,20.00,AUTO,8,100,0,49.75,49.07,0.00,98.82,0.00,0.00,0.00,0.00
68.11,35.18,32.92,36.00,20.00,AUTO,8,100,0,49.75,49.07,0.00,98.82,0.00,0.00,0.00,0.00
69.11,35.19,32.92,36.00,20.00,AUTO,8,100,0,49.75,49.07,0.00,98.82,0.00,0.00,0.00,0.00
70.11,35.22,32.88,36.00,20.00,AUTO,8,100,0,49.75,49.07,0.00,98.82,0.00,0.00,0.00,0.00
71.12,35.23,32.88,36.00,20.00,AUTO,8,100,0,42.69,55.90,0.00,98.59,0.00,0.00,0.00,0.00
72.12,35.25,32.84,36.00,20.00,AUTO,8,100,0,42.69,55.90,0.00,98.59,0.00,0.00,0.00,0.00
73.12,35.27,32.80,36.00,20.00,AUTO,8,100,0,42.69,55.90,0.00,98.59,0.00,0.00,0.00,0.00
74.12,35.29,32.80,36.00,20.00,AUTO,8,100,0,42.69,55.90,0.00,98.59,0.00,0.00,0.00,0.00
75.12,35.30,32.76,36.00,20.00,AUTO,8,100,0,42.69,55.90,0.00,98.59,0.00,0.00,0.00,0.00
76.12,35.33,32.72,36.00,20.00,AUTO,8,100,0,42.69,55.90,0.00,98.59,0.00,0.00,0.00,0.00
77.12,35.35,32.73,36.00,20.00,AUTO,8,100,0,42.69,55.90,0.00,98.59,0.00,0.00,0.00,0.00
78.12,35.37,32.70,36.00,20.00,AUTO,8,100,0,42.69,55.90,0.00,98.59,0.00,0.00,0.00,0.00
79.13,35.40,32.70,36.00,20.00,AUTO,8,100,0,35.06,61.51,0.00,96.57,0.00,0.00,0.00,0.00
80.13,35.41,32.66,36.00,20.00,AUTO,8,100,0,35.06,61.51,0.00,96.57,0.00,0.00,0.00,0.00
81.13,35.44,32.61,36.00,20.00,AUTO,8,100,0,35.06,61.51,0.00,96.57,0.00,0.00,0.00,0.00
82.13,35.48,32.57,36.00,20.00,AUTO,8,100,0,35.06,61.51,0.00,96.57,0.00,0.00,0.00,0.00
83.14,35.50,32.50,36.00,20.00,AUTO,8,100,0,35.06,61.51,0.00,96.57,0.00,0.00,0.00,0.00
84.13,35.50,32.50,36.00,20.00,AUTO,8,100,0,35.06,61.51,0.00,96.57,0.00,0.00,0.00,0.00
85.14,35.53,32.48,36.00,20.00,AUTO,8,100,0,35.06,61.51,0.00,96.57,0.00,0.00,0.00,0.00
86.14,35.55,32.43,36.00,20.00,AUTO,8,100,0,35.06,61.51,0.00,96.57,0.00,0.00,0.00,0.00
87.14,35.57,32.43,36.00,20.00,AUTO,8,91,0,26.19,65.70,0.00,91.89,0.00,0.00,0.00,0.00
88.14,35.59,32.39,36.00,20.00,AUTO,8,91,0,26.19,65.70,0.00,91.89,0.00,0.00,0.00,0.00
89.14,35.64,32.35,36.00,20.00,AUTO,8,91,0,26.19,65.70,0.00,91.89,0.00,0.00,0.00,0.00
90.15,35.67,32.31,36.00,20.00,AUTO,8,91,0,26.19,65.70,0.00,91.89,0.00,0.00,0.00,0.00
91.15,35.67,32.31,36.00,20.00,AUTO,8,91,0,26.19,65.70,0.00,91.89,0.00,0.00,0.00,0.00
92.15,35.69,32.28,36.00,20.00,AUTO,8,91,0,26.19,65.70,0.00,91.89,0.00,0.00,0.00,0.00
93.15,35.71,32.28,36.00,20.00,AUTO,8,91,0,26.19,65.70,0.00,91.89,0.00,0.00,0.00,0.00
94.15,35.73,32.25,36.00,20.00,AUTO,8,91,0,26.19,65.70,0.00,91.89,0.00,0.00,0.00,0.00
95.15,35.74,32.21,36.00,20.00,AUTO,8,85,0,17.06,68.43,0.00,85.49,0.00,0.00,0.00,0.00
96.15,35.77,32.21,36.00,20.00,AUTO,8,85,0,17.06,68.43,0.00,85.49,0.00,0.00,0.00,0.00
97.15,35.79,32.16,36.00,20.00,AUTO,8,85,0,17.06,68.43,0.00,85.49,0.00,0.00,0.00,0.00
98.16,35.81,32.16,36.00,20.00,AUTO,8,85,0,17.06,68.43,0.00,85.49,0.00,0.00,0.00,0.00
99.16,35.82,32.12,36.00,20.00,AUTO,8,85,0,17.06,68.43,0.00,85.49,0.00,0.00,0.00,0.00
100.16,35.85,32.10,36.00,20.00,AUTO,8,85,0,17.06,68.43,0.00,85.49,0.00,0.00,0.00,0.00
101.16,35.87,32.10,36.00,20.00,AUTO,8,85,0,17.06,68.43,0.00,85.49,0.00,0.00,0.00,0.00
102.16,35.93,32.06,36.00,20.00,AUTO,8,85,0,17.06,68.43,0.00,85.49,0.00,0.00,0.00,0.00
103.17,35.92,32.02,36.00,20.00,AUTO,8,78,0,8.88,69.85,0.00,78.73,0.00,0.00,0.00,0.00
104.17,35.95,32.02,36.00,20.00,AUTO,8,78,0,8.88,69.85,0.00,78.73,0.00,0.00,0.00,0.00
105.17,35.97,31.98,36.00,20.00,AUTO,8,78,0,8.88,69.85,0.00,78.73,0.00,0.00,0.00,0.00
106.17,36.00,31.98,36.00,20.00,AUTO,8,78,0,8.88,69.85,0.00,78.73,0.00,0.00,0.00,0.00
107.17,36.02,31.94,36.00,20.00,AUTO,8,78,0,8.88,69.85,0.00,78.73,0.00,0.00,0.00,0.00
108.17,36.02,31.94,36.00,20.00,AUTO,8,78,0,8.88,69.85,0.00,78.73,0.00,0.00,0.00,0.00
109.18,36.02,31.90,36.00,20.00,AUTO,8,78,0,8.88,69.85,0.00,78.73,0.00,0.00,0.00,0.00
110.17,36.02,31.92,36.00,20.00,AUTO,8,78,0,8.88,69.85,0.00,78.73,0.00,0.00,0.00,0.00
111.18,36.02,31.86,36.00,20.00,AUTO,8,70,0,0.50,69.93,0.00,70.43,0.00,0.00,0.00,0.00
112.18,36.03,31.87,36.00,20.00,AUTO,8,70,0,0.50,69.93,0.00,70.43,0.00,0.00,0.00,0.00
113.18,36.06,31.83,36.00,20.00,AUTO,8,70,0,0.50,69.93,0.00,70.43,0.00,0.00,0.00,0.00
114.18,36.10,31.83,36.00,20.00,AUTO,8,70,0,0.50,69.93,0.00,70.43,0.00,0.00,0.00,0.00
115.18,36.11,31.80,36.00,20.00,AUTO,8,70,0,0.50,69.93,0.00,70.43,0.00,0.00,0.00,0.00
116.18,36.12,31.80,36.00,20.00,AUTO,8,70,0,0.50,69.93,0.00,70.43,0.00,0.00,0.00,0.00
117.19,36.15,31.75,36.00,20.00,AUTO,8,70,0,0.50,69.93,0.00,70.43,0.00,0.00,0.00,0.00
118.19,36.17,31.75,36.00,20.00,AUTO,8,70,0,0.50,69.93,0.00,70.43,0.00,0.00,0.00,0.00
119.19,36.16,31.71,36.00,20.00,AUTO,8,64,0,-4.75,69.17,0.00,64.42,0.00,0.00,0.00,0.00
120.19,36.17,31.71,36.00,20.00,AUTO,8,64,0,-4.75,69.17,0.00,64.42,0.00,0.00,0.00,0.00
121.19,36.18,31.71,36.00,20.00,AUTO,8,64,0,-4.75,69.17,0.00,64.42,0.00,0.00,0.00,0.00
122.20,36.21,31.71,36.00,20.00,AUTO,8,64,0,-4.75,69.17,0.00,64.42,0.00,0.00,0.00,0.00
123.20,36.23,31.69,36.00,20.00,AUTO,8,64,0,-4.75,69.17,0.00,64.42,0.00,0.00,0.00,0.00
124.20,36.23,31.69,36.00,20.00,AUTO,8,64,0,-4.75,69.17,0.00,64.42,0.00,0.00,0.00,0.00
125.20,36.26,31.61,36.00,20.00,AUTO,8,64,0,-4.75,69.17,0.00,64.42,0.00,0.00,0.00,0.00
126.20,36.27,31.61,36.00,20.00,AUTO,8,64,0,-4.75,69.17,0.00,64.42,0.00,0.00,0.00,0.00
127.20,36.26,31.57,36.00,20.00,AUTO,8,56,0,-10.69,67.46,0.00,56.77,0.00,0.00,0.00,0.00
128.20,36.26,31.57,36.00,20.00,AUTO,8,56,0,-10.69,67.46,0.00,56.77,0.00,0.00,0.00,0.00
129.20,36.26,31.57,36.00,20.00,AUTO,8,56,0,-10.69,67.46,0.00,56.77,0.00,0.00,0.00,0.00
130.21,36.27,31.57,36.00,20.00,AUTO,8,56,0,-10.69,67.46,0.00,56.77,0.00,0.00,0.00,0.00
131.21,36.29,31.57,36.00,20.00,AUTO,8,56,0,-10.69,67.46,0.00,56.77,0.00,0.00,0.00,0.00
132.21,36.32,31.57,36.00,20.00,AUTO,8,56,0,-10.69,67.46,0.00,56.77,0.00,0.00,0.00,0.00
133.21,36.33,31.53,36.00,20.00,AUTO,8,56,0,-10.69,67.46,0.00,56.77,0.00,0.00,0.00,0.00
134.21,36.33,31.53,36.00,20.00,AUTO,8,56,0,-10.69,67.46,0.00,56.77,0.00,0.00,0.00,0.00
135.22,36.33,31.53,36.00,20.00,AUTO,8,50,0,-14.50,65.14,0.00,50.64,0.00,0.00,0.00,0.00
136.22,36.33,31.48,36.00,20.00,AUTO,8,50,0,-14.50,65.14,0.00,50.64,0.00,0.00,0.00,0.00
137.22,36.33,31.48,36.00,20.00,AUTO,8,50,0,-14.50,65.14,0.00,50.64,0.00,0.00,0.00,0.00
138.22,36.33,31.48,36.00,20.00,AUTO,8,50,0,-14.50,65.14,0.00,50.64,0.00,0.00,0.00,0.00
139.22,36.36,31.51,36.00,20.00,AUTO,8,50,0,-14.50,65.14,0.00,50.64,0.00,0.00,0.00,0.00
140.22,36.38,31.51,36.00,20.00,AUTO,8,50,0,-14.50,65.14,0.00,50.64,0.00,0.00,0.00,0.00
141.22,36.39,31.51,36.00,20.00,AUTO,8,50,0,-14.50,65.14,0.00,50.64,0.00,0.00,0.00,0.00
142.22,36.40,31.46,36.00,20.00,AUTO,8,50,0,-14.50,65.14,0.00,50.64,0.00,0.00,0.00,0.00
143.23,36.38,31.46,36.00,20.00,AUTO,8,44,0,-17.81,62.29,0.00,44.48,0.00,0.00,0.00,0.00
144.23,36.39,31.46,36.00,20.00,AUTO,8,44,0,-17.81,62.29,0.00,44.48,0.00,0.00,0.00,0.00
145.23,36.39,31.46,36.00,20.00,AUTO,8,44,0,-17.81,62.29,0.00,44.48,0.00,0.00,0.00,0.00
146.23,36.39,31.46,36.00,20.00,AUTO,8,44,0,-17.81,62.29,0.00,44.48,0.00,0.00,0.00,0.00
147.23,36.41,31.46,36.00,20.00,AUTO,8,44,0,-17.81,62.29,0.00,44.48,0.00,0.00,0.00,0.00
148.23,36.41,31.46,36.00,20.00,AUTO,8,44,0,-17.81,62.29,0.00,44.48,0.00,0.00,0.00,0.00
149.24,36.41,31.46,36.00,20.00,AUTO,8,44,0,-17.81,62.29,0.00,44.48,0.00,0.00,0.00,0.00
150.24,36.41,31.46,36.00,20.00,AUTO,8,44,0,-17.81,62.29,0.00,44.48,0.00,0.00,0.00,0.00
151.24,36.40,31.46,36.00,20.00,AUTO,8,39,0,-19.94,59.10,0.00,39.16,0.00,0.00,0.00,0.00
152.24,36.39,31.46,36.00,20.00,AUTO,8,39,0,-19.94,59.10,0.00,39.16,0.00,0.00,0.00,0.00
153.24,36.40,31.46,36.00,20.00,AUTO,8,39,0,-19.94,59.10,0.00,39.16,0.00,0.00,0.00,0.00
154.25,36.40,31.46,36.00,20.00,AUTO,8,39,0,-19.94,59.10,0.00,39.16,0.00,0.00,0.00,0.00
155.25,36.43,31.46,36.00,20.00,AUTO,8,39,0,-19.94,59.10,0.00,39.16,0.00,0.00,0.00,0.00
156.25,36.42,31.46,36.00,20.00,AUTO,8,39,0,-19.94,59.10,0.00,39.16,0.00,0.00,0.00,0.00
157.25,36.42,31.46,36.00,20.00,AUTO,8,39,0,-19.94,59.10,0.00,39.16,0.00,0.00,0.00,0.00
158.25,36.42,31.46,36.00,20.00,AUTO,8,39,0,-19.94,59.10,0.00,39.16,0.00,0.00,0.00,0.00
159.25,36.40,31.46,36.00,20.00,AUTO,8,35,0,-20.50,55.82,0.00,35.32,0.00,0.00,0.00,0.00
160.25,36.40,31.46,36.00,20.00,AUTO,8,35,0,-20.50,55.82,0.00,35.32,0.00,0.00,0.00,0.00
161.25,36.40,31.46,36.00,20.00,AUTO,8,35,0,-20.50,55.82,0.00,35.32,0.00,0.00,0.00,0.00
162.26,36.41,31.46,36.00,20.00,AUTO,8,35,0,-20.50,55.82,0.00,35.32,0.00,0.00,0.00,0.00
163.26,36.41,31.46,36.00,20.00,AUTO,8,35,0,-20.50,55.82,0.00,35.32,0.00,0.00,0.00,0.00
164.26,36.42,31.46,36.00,20.00,AUTO,8,35,0,-20.50,55.82,0.00,35.32,0.00,0.00,0.00,0.00
165.26,36.42,31.46,36.00,20.00,AUTO,8,35,0,-20.50,55.82,0.00,35.32,0.00,0.00,0.00,0.00
166.26,36.41,31.46,36.00,20.00,AUTO,8,35,0,-20.50,55.82,0.00,35.32,0.00,0.00,0.00,0.00
167.27,36.39,31.46,36.00,20.00,AUTO,8,32,0,-20.44,52.55,0.00,32.11,0.00,0.00,0.00,0.00
168.27,36.38,31.51,36.00,20.00,AUTO,8,32,0,-20.44,52.55,0.00,32.11,0.00,0.00,0.00,0.00
169.27,36.39,31.51,36.00,20.00,AUTO,8,32,0,-20.44,52.55,0.00,32.11,0.00,0.00,0.00,0.00
170.27,36.40,31.51,36.00,20.00,AUTO,8,32,0,-20.44,52.55,0.00,32.11,0.00,0.00,0.00,0.00
171.27,36.40,31.51,36.00,20.00,AUTO,8,32,0,-20.44,52.55,0.00,32.11,0.00,0.00,0.00,0.00
172.27,36.39,31.51,36.00,20.00,AUTO,8,32,0,-20.44,52.55,0.00,32.11,0.00,0.00,0.00,0.00
173.28,36.39,31.51,36.00,20.00,AUTO,8,32,0,-20.44,52.55,0.00,32.11,0.00,0.00,0.00,0.00
174.27,36.38,31.54,36.00,20.00,AUTO,8,32,0,-20.44,52.55,0.00,32.11,0.00,0.00,0.00,0.00
175.28,36.37,31.53,36.00,20.00,AUTO,8,29,0,-19.50,49.43,0.00,29.93,0.00,0.00,0.00,0.00
176.28,36.36,31.54,36.00,20.00,AUTO,8,29,0,-19.50,49.43,0.00,29.93,0.00,0.00,0.00,0.00
177.28,36.36,31.53,36.00,20.00,AUTO,8,29,0,-19.50,49.43,0.00,29.93,0.00,0.00,0.00,0.00
178.28,36.37,31.54,36.00,20.00,AUTO,8,29,0,-19.50,49.43,0.00,29.93,0.00,0.00,0.00,0.00
179.28,36.36,31.53,36.00,20.00,AUTO,8,29,0,-19.50,49.43,0.00,29.93,0.00,0.00,0.00,0.00
180.28,36.36,31.58,36.00,20.00,AUTO,8,29,0,-19.50,49.43,0.00,29.93,0.00,0.00,0.00,0.00
181.29,36.36,31.57,36.00,20.00,AUTO,8,29,0,-19.50,49.43,0.00,29.93,0.00,0.00,0.00,0.00
182.29,36.34,31.57,36.00,20.00,AUTO,8,29,0,-19.50,49.43,0.00,29.93,0.00,0.00,0.00,0.00
183.29,36.32,31.57,36.00,20.00,AUTO,8,28,0,-18.00,46.55,0.00,28.55,0.00,0.00,0.00,0.00
184.29,36.31,31.57,36.00,20.00,AUTO,8,28,0,-18.00,46.55,0.00,28.55,0.00,0.00,0.00,0.00
185.29,36.31,31.61,36.00,20.00,AUTO,8,28,0,-18.00,46.55,0.00,28.55,0.00,0.00,0.00,0.00
186.30,36.31,31.61,36.00,20.00,AUTO,8,28,0,-18.00,46.55,0.00,28.55,0.00,0.00,0.00,0.00
187.30,36.31,31.61,36.00,20.00,AUTO,8,28,0,-18.00,46.55,0.00,28.55,0.00,0.00,0.00,0.00
188.30,36.29,31.69,36.00,20.00,AUTO,8,28,0,-18.00,46.55,0.00,28.55,0.00,0.00,0.00,0.00
189.30,36.29,31.69,36.00,20.00,AUTO,8,28,0,-18.00,46.55,0.00,28.55,0.00,0.00,0.00,0.00
190.30,36.28,31.73,36.00,20.00,AUTO,8,28,0,-18.00,46.55,0.00,28.55,0.00,0.00,0.00,0.00
191.31,36.26,31.73,36.00,20.00,AUTO,8,29,0,-15.13,44.13,0.00,29.01,0.00,0.00,0.00,0.00
192.30,36.25,31.73,36.00,20.00,AUTO,8,29,0,-15.13,44.13,0.00,29.01,0.00,0.00,0.00,0.00
193.30,36.25,31.73,36.00,20.00,AUTO,8,29,0,-15.13,44.13,0.00,29.01,0.00,0.00,0.00,0.00
194.31,36.26,31.73,36.00,20.00,AUTO,8,29,0,-15.13,44.13,0.00,29.01,0.00,0.00,0.00,0.00
195.31,36.25,31.73,36.00,20.00,AUTO,8,29,0,-15.13,44.13,0.00,29.01,0.00,0.00,0.00,0.00
196.31,36.23,31.77,36.00,20.00,AUTO,8,29,0,-15.13,44.13,0.00,29.01,0.00,0.00,0.00,0.00
197.31,36.23,31.77,36.00,20.00,AUTO,8,29,0,-15.13,44.13,0.00,29.01,0.00,0.00,0.00,0.00
198.31,36.22,31.81,36.00,20.00,AUTO,8,29,0,-15.13,44.13,0.00,29.01,0.00,0.00,0.00,0.00
199.32,36.19,31.80,36.00,20.00,AUTO,8,29,0,-12.19,42.18,0.00,29.99,0.00,0.00,0.00,0.00
200.32,36.18,31.80,36.00,20.00,AUTO,8,29,0,-12.19,42.18,0.00,29.99,0.00,0.00,0.00,0.00
201.32,36.17,31.80,36.00,20.00,AUTO,8,29,0,-12.19,42.18,0.00,29.99,0.00,0.00,0.00,0.00
202.33,36.17,31.80,36.00,20.00,AUTO,8,29,0,-12.19,42.18,0.00,29.99,0.00,0.00,0.00,0.00
203.32,36.17,31.83,36.00,20.00,AUTO,8,29,0,-12.19,42.18,0.00,29.99,0.00,0.00,0.00,0.00
204.32,36.16,31.83,36.00,20.00,AUTO,8,29,0,-12.19,42.18,0.00,29.99,0.00,0.00,0.00,0.00
205.33,36.15,31.87,36.00,20.00,AUTO,8,29,0,-12.19,42.18,0.00,29.99,0.00,0.00,0.00,0.00
206.32,36.14,31.87,36.00,20.00,AUTO,8,29,0,-12.19,42.18,0.00,29.99,0.00,0.00,0.00,0.00
207.33,36.12,31.87,36.00,20.00,AUTO,8,32,0,-8.31,40.85,0.00,32.54,0.00,0.00,0.00,0.00
208.33,36.11,31.87,36.00,20.00,AUTO,8,32,0,-8.31,40.85,0.00,32.54,0.00,0.00,0.00,0.00
209.33,36.11,31.92,36.00,20.00,AUTO,8,32,0,-8.31,40.85,0.00,32.54,0.00,0.00,0.00,0.00
210.33,36.12,31.92,36.00,20.00,AUTO,8,32,0,-8.31,40.85,0.00,32.54,0.00,0.00,0.00,0.00
211.33,36.11,31.92,36.00,20.00,AUTO,8,32,0,-8.31,40.85,0.00,32.54,0.00,0.00,0.00,0.00
212.34,36.10,31.96,36.00,20.00,AUTO,8,32,0,-8.31,40.85,0.00,32.54,0.00,0.00,0.00,0.00
213.34,36.09,31.96,36.00,20.00,AUTO,8,32,0,-8.31,40.85,0.00,32.54,0.00,0.00,0.00,0.00
214.34,36.08,31.96,36.00,20.00,AUTO,8,32,0,-8.31,40.85,0.00,32.54,0.00,0.00,0.00,0.00
215.34,36.03,31.99,36.00,20.00,AUTO,8,34,0,-5.25,40.01,0.00,34.76,0.00,0.00,0.00,0.00
216.34,36.03,31.99,36.00,20.00,AUTO,8,34,0,-5.25,40.01,0.00,34.76,0.00,0.00,0.00,0.00
217.34,36.03,31.98,36.00,20.00,AUTO,8,34,0,-5.25,40.01,0.00,34.76,0.00,0.00,0.00,0.00
218.35,36.03,32.04,36.00,20.00,AUTO,8,34,0,-5.25,40.01,0.00,34.76,0.00,0.00,0.00,0.00
219.34,36.03,32.04,36.00,20.00,AUTO,8,34,0,-5.25,40.01,0.00,34.76,0.00,0.00,0.00,0.00
220.35,36.03,32.04,36.00,20.00,AUTO,8,34,0,-5.25,40.01,0.00,34.76,0.00,0.00,0.00,0.00
221.35,36.02,32.06,36.00,20.00,AUTO,8,34,0,-5.25,40.01,0.00,34.76,0.00,0.00,0.00,0.00
222.35,36.02,32.06,36.00,20.00,AUTO,8,34,0,-5.25,40.01,0.00,34.76,0.00,0.00,0.00,0.00
223.35,36.02,32.06,36.00,20.00,AUTO,8,38,0,-1.37,39.79,0.00,38.42,0.00,0.00,0.00,0.00
224.35,36.02,32.06,36.00,20.00,AUTO,8,38,0,-1.37,39.79,0.00,38.42,0.00,0.00,0.00,0.00
225.35,36.02,32.10,36.00,20.00,AUTO,8,38,0,-1.37,39.79,0.00,38.42,0.00,0.00,0.00,0.00
226.36,36.02,32.10,36.00,20.00,AUTO,8,38,0,-1.37,39.79,0.00,38.42,0.00,0.00,0.00,0.00
227.36,36.02,32.10,36.00,20.00,AUTO,8,38,0,-1.37,39.79,0.00,38.42,0.00,0.00,0.00,0.00
228.36,36.02,32.10,36.00,20.00,AUTO,8,38,0,-1.37,39.79,0.00,38.42,0.00,0.00,0.00,0.00
229.36,36.02,32.10,36.00,20.00,AUTO,8,38,0,-1.37,39.79,0.00,38.42,0.00,0.00,0.00,0.00
230.36,36.02,32.10,36.00,20.00,AUTO,8,38,0,-1.37,39.79,0.00,38.42,0.00,0.00,0.00,0.00
231.37,35.98,32.14,36.00,20.00,AUTO,8,38,0,-1.00,39.63,0.00,38.63,0.00,0.00,0.00,0.00
232.37,35.98,32.14,36.00,20.00,AUTO,8,38,0,-1.00,39.63,0.00,38.63,0.00,0.00,0.00,0.00
233.37,35.97,32.14,36.00,20.00,AUTO,8,38,0,-1.00,39.63,0.00,38.63,0.00,0.00,0.00,0.00
234.37,35.96,32.19,36.00,20.00,AUTO,8,38,0,-1.00,39.63,0.00,38.63,0.00,0.00,0.00,0.00
235.37,35.98,32.19,36.00,20.00,AUTO,8,38,0,-1.00,39.63,0.00,38.63,0.00,0.00,0.00,0.00
236.37,35.98,32.19,36.00,20.00,AUTO,8,38,0,-1.00,39.63,0.00,38.63,0.00,0.00,0.00,0.00
237.37,35.96,32.19,36.00,20.00,AUTO,8,38,0,-1.00,39.63,0.00,38.63,0.00,0.00,0.00,0.00
238.38,35.96,32.19,36.00,20.00,AUTO,8,38,0,-1.00,39.63,0.00,38.63,0.00,0.00,0.00,0.00
239.38,35.93,32.22,36.00,20.00,AUTO,8,41,0,1.44,39.86,0.00,41.30,0.00,0.00,0.00,0.00
240.38,35.92,32.22,36.00,20.00,AUTO,8,41,0,1.44,39.86,0.00,41.30,0.00,0.00,0.00,0.00
241.38,35.90,32.22,36.00,20.00,AUTO,8,41,0,1.44,39.86,0.00,41.30,0.00,0.00,0.00,0.00
242.38,35.90,32.26,36.00,20.00,AUTO,8,41,0,1.44,39.86,0.00,41.30,0.00,0.00,0.00,0.00
243.38,35.92,32.26,36.00,20.00,AUTO,8,41,0,1.44,39.86,0.00,41.30,0.00,0.00,0.00,0.00
244.39,35.93,32.26,36.00,20.00,AUTO,8,41,0,1.44,39.86,0.00,41.30,0.00,0.00,0.00,0.00
245.39,35.92,32.26,36.00,20.00,AUTO,8,41,0,1.44,39.86,0.00,41.30,0.00,0.00,0.00,0.00
246.39,35.92,32.26,36.00,20.00,AUTO,8,41,0,1.44,39.86,0.00,41.30,0.00,0.00,0.00,0.00
247.39,35.88,32.26,36.00,20.00,AUTO,8,44,0,4.13,40.52,0.00,44.65,0.00,0.00,0.00,0.00
248.39,35.88,32.26,36.00,20.00,AUTO,8,44,0,4.13,40.52,0.00,44.65,0.00,0.00,0.00,0.00
249.39,35.87,32.31,36.00,20.00,AUTO,8,44,0,4.13,40.52,0.00,44.65,0.00,0.00,0.00,0.00
250.40,35.87,32.31,36.00,20.00,AUTO,8,44,0,4.13,40.52,0.00,44.65,0.00,0.00,0.00,0.00
251.39,35.88,32.31,36.00,20.00,AUTO,8,44,0,4.13,40.52,0.00,44.65,0.00,0.00,0.00,0.00
252.40,35.88,32.35,36.00,20.00,AUTO,8,44,0,4.13,40.52,0.00,44.65,0.00,0.00,0.00,0.00
253.40,35.88,32.35,36.00,20.00,AUTO,8,44,0,4.13,40.52,0.00,44.65,0.00,0.00,0.00,0.00
254.40,35.87,32.35,36.00,20.00,AUTO,8,44,0,4.13,40.52,0.00,44.65,0.00,0.00,0.00,0.00
255.40,35.85,32.35,36.00,20.00,AUTO,8,47,0,6.19,41.51,0.00,47.70,0.00,0.00,0.00,0.00
256.40,35.84,32.33,36.00,20.00,AUTO,8,47,0,6.19,41.51,0.00,47.70,0.00,0.00,0.00,0.00
257.40,35.84,32.37,36.00,20.00,AUTO,8,47,0,6.19,41.51,0.00,47.70,0.00,0.00,0.00,0.00
258.41,35.84,32.37,36.00,20.00,AUTO,8,47,0,6.19,41.51,0.00,47.70,0.00,0.00,0.00,0.00
259.41,35.85,32.38,36.00,20.00,AUTO,8,47,0,6.19,41.51,0.00,47.70,0.00,0.00,0.00,0.00
260.41,35.85,32.38,36.00,20.00,AUTO,8,47,0,6.19,41.51,0.00,47.70,0.00,0.00,0.00,0.00
261.41,35.85,32.38,36.00,20.00,AUTO,8,47,0,6.19,41.51,0.00,47.70,0.00,0.00,0.00,0.00
262.41,35.85,32.38,36.00,20.00,AUTO,8,47,0,6.19,41.51,0.00,47.70,0.00,0.00,0.00,0.00
263.42,35.82,32.37,36.00,20.00,AUTO,8,50,0,7.69,42.74,0.00,50.43,0.00,0.00,0.00,0.00
264.42,35.82,32.41,36.00,20.00,AUTO,8,50,0,7.69,42.74,0.00,50.43,0.00,0.00,0.00,0.00
265.42,35.81,32.41,36.00,20.00,AUTO,8,50,0,7.69,42.74,0.00,50.43,0.00,0.00,0.00,0.00
266.42,35.81,32.41,36.00,20.00,AUTO,8,50,0,7.69,42.74,0.00,50.43,0.00,0.00,0.00,0.00
267.42,35.82,32.41,36.00,20.00,AUTO,8,50,0,7.69,42.74,0.00,50.43,0.00,0.00,0.00,0.00
268.43,35.83,32.41,36.00,20.00,AUTO,8,50,0,7.69,42.74,0.00,50.43,0.00,0.00,0.00,0.00
269.43,35.83,32.41,36.00,20.00,AUTO,8,50,0,7.69,42.74,0.00,50.43,0.00,0.00,0.00,0.00
270.43,35.83,32.41,36.00,20.00,AUTO,8,50,0,7.69,42.74,0.00,50.43,0.00,0.00,0.00,0.00
271.43,35.81,32.45,36.00,20.00,AUTO,8,53,0,8.94,44.17,0.00,53.11,0.00,0.00,0.00,0.00
272.43,35.81,32.45,36.00,20.00,AUTO,8,53,0,8.94,44.17,0.00,53.11,0.00,0.00,0.00,0.00
273.43,35.80,32.45,36.00,20.00,AUTO,8,53,0,8.94,44.17,0.00,53.11,0.00,0.00,0.00,0.00
274.43,35.80,32.45,36.00,20.00,AUTO,8,53,0,8.94,44.17,0.00,53.11,0.00,0.00,0.00,0.00
275.43,35.81,32.45,36.00,20.00,AUTO,8,53,0,8.94,44.17,0.00,53.11,0.00,0.00,0.00,0.00
276.44,35.83,32.45,36.00,20.00,AUTO,8,53,0,8.94,44.17,0.00,53.11,0.00,0.00,0.00,0.00
277.44,35.83,32.45,36.00,20.00,AUTO,8,53,0,8.94,44.17,0.00,53.11,0.00,0.00,0.00,0.00
278.44,35.82,32.45,36.00,20.00,AUTO,8,53,0,8.94,44.17,0.00,53.11,0.00,0.00,0.00,0.00
279.44,35.80,32.45,36.00,20.00,AUTO,8,54,0,9.31,45.66,0.00,54.97,0.00,0.00,0.00,0.00
280.44,35.81,32.45,36.00,20.00,AUTO,8,54,0,9.31,45.66,0.00,54.97,0.00,0.00,0.00,0.00
281.44,35.80,32.45,36.00,20.00,AUTO,8,54,0,9.31,45.66,0.00,54.97,0.00,0.00,0.00,0.00
282.45,35.80,32.45,36.00,20.00,AUTO,8,54,0,9.31,45.66,0.00,54.97,0.00,0.00,0.00,0.00
283.45,35.79,32.49,36.00,20.00,AUTO,8,54,0,9.31,45.66,0.00,54.97,0.00,0.00,0.00,0.00
284.45,35.81,32.49,36.00,20.00,AUTO,8,54,0,9.31,45.66,0.00,54.97,0.00,0.00,0.00,0.00
285.45,35.82,32.49,36.00,20.00,AUTO,8,54,0,9.31,45.66,0.00,54.97,0.00,0.00,0.00,0.00
286.45,35.82,32.49,36.00,20.00,AUTO,8,54,0,9.31,45.66,0.00,54.97,0.00,0.00,0.00,0.00
287.46,35.80,32.49,36.00,20.00,AUTO,8,56,0,9.69,47.21,0.00,56.90,0.00,0.00,0.00,0.00
288.45,35.80,32.49,36.00,20.00,AUTO,8,56,0,9.69,47.21,0.00,56.90,0.00,0.00,0.00,0.00
289.46,35.79,32.49,36.00,20.00,AUTO,8,56,0,9.69,47.21,0.00,56.90,0.00,0.00,0.00,0.00
290.46,35.79,32.49,36.00,20.00,AUTO,8,56,0,9.69,47.21,0.00,56.90,0.00,0.00,0.00,0.00
291.46,35.80,32.49,36.00,20.00,AUTO,8,56,0,9.69,47.21,0.00,56.90,0.00,0.00,0.00,0.00
292.46,35.82,32.49,36.00,20.00,AUTO,8,56,0,9.69,47.21,0.00,56.90,0.00,0.00,0.00,0.00
293.46,35.82,32.49,36.00,20.00,AUTO,8,56,0,9.69,47.21,0.00,56.90,0.00,0.00,0.00,0.00
294.46,35.82,32.49,36.00,20.00,AUTO,8,56,0,9.69,47.21,0.00,56.90,0.00,0.00,0.00,0.00
295.47,35.81,32.49,36.00,20.00,AUTO,8,58,0,9.75,48.77,0.00,58.52,0.00,0.00,0.00,0.00
296.47,35.81,32.49,36.00,20.00,AUTO,8,58,0,9.75,48.77,0.00,58.52,0.00,0.00,0.00,0.00
297.47,35.81,32.49,36.00,20.00,AUTO,8,58,0,9.75,48.77,0.00,58.52,0.00,0.00,0.00,0.00
298.47,35.82,32.49,36.00,20.00,AUTO,8,58,0,9.75,48.77,0.00,58.52,0.00,0.00,0.00,0.00
299.47,35.82,32.49,36.00,20.00,AUTO,8,58,0,9.75,48.77,0.00,58.52,0.00,0.00,0.00,0.00
300.48,35.84,32.49,36.00,20.00,AUTO,8,58,0,9.75,48.77,0.00,58.52,0.00,0.00,0.00,0.00
301.48,35.84,32.49,36.00,20.00,AUTO,8,58,0,9.75,48.77,0.00,58.52,0.00,0.00,0.00,0.00
302.48,35.84,32.49,36.00,20.00,AUTO,8,58,0,9.75,48.77,0.00,58.52,0.00,0.00,0.00,0.00
303.48,35.82,32.49,36.00,20.00,AUTO,8,58,0,8.81,50.18,0.00,58.99,0.00,0.00,0.00,0.00
304.48,35.82,32.49,36.00,20.00,AUTO,8,58,0,8.81,50.18,0.00,58.99,0.00,0.00,0.00,0.00
305.48,35.82,32.49,36.00,20.00,AUTO,8,58,0,8.81,50.18,0.00,58.99,0.00,0.00,0.00,0.00
306.48,35.83,32.49,36.00,20.00,AUTO,8,58,0,8.81,50.18,0.00,58.99,0.00,0.00,0.00,0.00
307.48,35.83,32.49,36.00,20.00,AUTO,8,58,0,8.81,50.18,0.00,58.99,0.00,0.00,0.00,0.00
308.49,35.85,32.51,36.00,20.00,AUTO,8,58,0,8.81,50.18,0.00,58.99,0.00,0.00,0.00,0.00
309.49,35.85,32.51,36.00,20.00,AUTO,8,58,0,8.81,50.18,0.00,58.99,0.00,0.00,0.00,0.00
310.49,35.86,32.51,36.00,20.00,AUTO,8,58,0,8.81,50.18,0.00,58.99,0.00,0.00,0.00,0.00
311.50,35.84,32.49,36.00,20.00,AUTO,8,59,0,8.25,51.50,0.00,59.75,0.00,0.00,0.00,0.00
312.49,35.84,32.49,36.00,20.00,AUTO,8,59,0,8.25,51.50,0.00,59.75,0.00,0.00,0.00,0.00
313.49,35.84,32.51,36.00,20.00,AUTO,8,59,0,8.25,51.50,0.00,59.75,0.00,0.00,0.00,0.00
314.50,35.84,32.51,36.00,20.00,AUTO,8,59,0,8.25,51.50,0.00,59.75,0.00,0.00,0.00,0.00
315.50,35.85,32.51,36.00,20.00,AUTO,8,59,0,8.25,51.50,0.00,59.75,0.00,0.00,0.00,0.00
316.50,35.87,32.51,36.00,20.00,AUTO,8,59,0,8.25,51.50,0.00,59.75,0.00,0.00,0.00,0.00
317.51,35.87,32.51,36.00,20.00,AUTO,8,59,0,8.25,51.50,0.00,59.75,0.00,0.00,0.00,0.00
318.51,35.87,32.51,36.00,20.00,AUTO,8,59,0,8.25,51.50,0.00,59.75,0.00,0.00,0.00,0.00
319.50,35.86,32.51,36.00,20.00,AUTO,8,60,0,7.38,52.68,0.00,60.06,0.00,0.00,0.00,0.00
320.50,35.86,32.51,36.00,20.00,AUTO,8,60,0,7.38,52.68,0.00,60.06,0.00,0.00,0.00,0.00
321.51,35.86,32.51,36.00,20.00,AUTO,8,60,0,7.38,52.68,0.00,60.06,0.00,0.00,0.00,0.00
322.51,35.86,32.51,36.00,20.00,AUTO,8,60,0,7.38,52.68,0.00,60.06,0.00,0.00,0.00,0.00
323.51,35.86,32.51,36.00,20.00,AUTO,8,60,0,7.38,52.68,0.00,60.06,0.00,0.00,0.00,0.00
324.51,35.88,32.51,36.00,20.00,AUTO,8,60,0,7.38,52.68,0.00,60.06,0.00,0.00,0.00,0.00
325.51,35.89,32.51,36.00,20.00,AUTO,8,60,0,7.38,52.68,0.00,60.06,0.00,0.00,0.00,0.00
326.51,35.89,32.51,36.00,20.00,AUTO,8,60,0,7.38,52.68,0.00,60.06,0.00,0.00,0.00,0.00
327.52,35.87,32.51,36.00,20.00,AUTO,8,60,0,6.50,53.72,0.00,60.22,0.00,0.00,0.00,0.00
328.52,35.87,32.51,36.00,20.00,AUTO,8,60,0,6.50,53.72,0.00,60.22,0.00,0.00,0.00,0.00
329.52,35.87,32.51,36.00,20.00,AUTO,8,60,0,6.50,53.72,0.00,60.22,0.00,0.00,0.00,0.00
330.52,35.87,32.51,36.00,20.00,AUTO,8,60,0,6.50,53.72,0.00,60.22,0.00,0.00,0.00,0.00
331.52,35.87,32.51,36.00,20.00,AUTO,8,60,0,6.50,53.72,0.00,60.22,0.00,0.00,0.00,0.00
332.54,35.88,32.51,36.00,20.00,AUTO,8,60,0,6.50,53.72,0.00,60.22,0.00,0.00,0.00,0.00
333.52,35.89,32.51,36.00,20.00,AUTO,8,60,0,6.50,53.72,0.00,60.22,0.00,0.00,0.00,0.00
334.53,35.89,32.51,36.00,20.00,AUTO,8,60,0,6.50,53.72,0.00,60.22,0.00,0.00,0.00,0.00
335.53,35.88,32.51,36.00,20.00,AUTO,8,60,0,6.19,54.71,0.00,60.90,0.00,0.00,0.00,0.00
336.53,35.88,32.51,36.00,20.00,AUTO,8,60,0,6.19,54.71,0.00,60.90,0.00,0.00,0.00,0.00
337.53,35.88,32.51,36.00,20.00,AUTO,8,60,0,6.19,54.71,0.00,60.90,0.00,0.00,0.00,0.00
338.53,35.88,32.51,36.00,20.00,AUTO,8,60,0,6.19,54.71,0.00,60.90,0.00,0.00,0.00,0.00
339.53,35.90,32.51,36.00,20.00,AUTO,8,60,0,6.19,54.71,0.00,60.90,0.00,0.00,0.00,0.00
340.54,35.93,32.47,36.00,20.00,AUTO,8,60,0,6.19,54.71,0.00,60.90,0.00,0.00,0.00,0.00
341.54,35.94,32.47,36.00,20.00,AUTO,8,60,0,6.19,54.71,0.00,60.90,0.00,0.00,0.00,0.00
342.54,35.94,32.47,36.00,20.00,AUTO,8,60,0,6.19,54.71,0.00,60.90,0.00,0.00,0.00,0.00
343.54,35.92,32.47,36.00,20.00,AUTO,8,60,0,4.81,55.48,0.00,60.29,0.00,0.00,0.00,0.00
344.54,35.92,32.47,36.00,20.00,AUTO,8,60,0,4.81,55.48,0.00,60.29,0.00,0.00,0.00,0.00
345.55,35.92,32.47,36.00,20.00,AUTO,8,60,0,4.81,55.48,0.00,60.29,0.00,0.00,0.00,0.00
346.55,35.93,32.47,36.00,20.00,AUTO,8,60,0,4.81,55.48,0.00,60.29,0.00,0.00,0.00,0.00
347.55,35.94,32.47,36.00,20.00,AUTO,8,60,0,4.81,55.48,0.00,60.29,0.00,0.00,0.00,0.00
348.55,35.96,32.47,36.00,20.00,AUTO,8,60,0,4.81,55.48,0.00,60.29,0.00,0.00,0.00,0.00
349.55,35.96,32.47,36.00,20.00,AUTO,8,60,0,4.81,55.48,0.00,60.29,0.00,0.00,0.00,0.00
350.55,35.97,32.47,36.00,20.00,AUTO,8,60,0,4.81,55.48,0.00,60.29,0.00,0.00,0.00,0.00
351.55,35.97,32.42,36.00,20.00,AUTO,8,58,0,3.00,55.96,0.00,58.96,0.00,0.00,0.00,0.00
352.55,35.98,32.42,36.00,20.00,AUTO,8,58,0,3.00,55.96,0.00,58.96,0.00,0.00,0.00,0.00
353.56,35.98,32.42,36.00,20.00,AUTO,8,58,0,3.00,55.96,0.00,58.96,0.00,0.00,0.00,0.00
354.56,35.98,32.42,36.00,20.00,AUTO,8,58,0,3.00,55.96,0.00,58.96,0.00,0.00,0.00,0.00
355.56,35.99,32.42,36.00,20.00,AUTO,8,58,0,3.00,55.96,0.00,58.96,0.00,0.00,0.00,0.00
356.56,36.02,32.38,36.00,20.00,AUTO,8,58,0,3.00,55.96,0.00,58.96,0.00,0.00,0.00,0.00
357.56,36.02,32.38,36.00,20.00,AUTO,8,58,0,3.00,55.96,0.00,58.96,0.00,0.00,0.00,0.00
358.56,36.02,32.38,36.00,20.00,AUTO,8,58,0,3.00,55.96,0.00,58.96,0.00,0.00,0.00,0.00
359.57,36.02,32.38,36.00,20.00,AUTO,8,56,0,0.25,56.00,0.00,56.25,0.00,0.00,0.00,0.00
360.57,36.02,32.38,36.00,20.00,AUTO,8,56,0,0.25,56.00,0.00,56.25,0.00,0.00,0.00,0.00
361.57,36.02,32.38,36.00,20.00,AUTO,8,56,0,0.25,56.00,0.00,56.25,0.00,0.00,0.00,0.00
362.57,36.02,32.38,36.00,20.00,AUTO,8,56,0,0.25,56.00,0.00,56.25,0.00,0.00,0.00,0.00
363.57,36.02,32.38,36.00,20.00,AUTO,8,56,0,0.25,56.00,0.00,56.25,0.00,0.00,0.00,0.00
364.58,36.02,32.38,36.00,20.00,AUTO,8,56,0,0.25,56.00,0.00,56.25,0.00,0.00,0.00,0.00
365.58,36.02,32.38,36.00,20.00,AUTO,8,56,0,0.25,56.00,0.00,56.25,0.00,0.00,0.00,0.00
366.58,36.02,32.38,36.00,20.00,AUTO,8,56,0,0.25,56.00,0.00,56.25,0.00,0.00,0.00,0.00
367.58,36.02,32.38,36.00,20.00,AUTO,8,54,0,-1.00,55.84,0.00,54.84,0.00,0.00,0.00,0.00
368.58,36.02,32.38,36.00,20.00,AUTO,8,54,0,-1.00,55.84,0.00,54.84,0.00,0.00,0.00,0.00
369.58,36.02,32.38,36.00,20.00,AUTO,8,54,0,-1.00,55.84,0.00,54.84,0.00,0.00,0.00,0.00
370.58,36.02,32.38,36.00,20.00,AUTO,8,54,0,-1.00,55.84,0.00,54.84,0.00,0.00,0.00,0.00
371.59,36.02,32.38,36.00,20.00,AUTO,8,54,0,-1.00,55.84,0.00,54.84,0.00,0.00,0.00,0.00
372.59,36.03,32.40,36.00,20.00,AUTO,8,54,0,-1.00,55.84,0.00,54.84,0.00,0.00,0.00,0.00
373.59,36.04,32.36,36.00,20.00,AUTO,8,54,0,-1.00,55.84,0.00,54.84,0.00,0.00,0.00,0.00
374.59,36.06,32.36,36.00,20.00,AUTO,8,54,0,-1.00,55.84,0.00,54.84,0.00,0.00,0.00,0.00
375.59,36.03,32.36,36.00,20.00,AUTO,8,54,0,-1.44,55.61,0.00,54.17,0.00,0.00,0.00,0.00
376.59,36.03,32.36,36.00,20.00,AUTO,8,54,0,-1.44,55.61,0.00,54.17,0.00,0.00,0.00,0.00
377.60,36.03,32.35,36.00,20.00,AUTO,8,54,0,-1.44,55.61,0.00,54.17,0.00,0.00,0.00,0.00
378.60,36.03,32.36,36.00,20.00,AUTO,8,54,0,-1.44,55.61,0.00,54.17,0.00,0.00,0.00,0.00
379.60,36.03,32.36,36.00,20.00,AUTO,8,54,0,-1.44,55.61,0.00,54.17,0.00,0.00,0.00,0.00
380.60,36.08,32.36,36.00,20.00,AUTO,8,54,0,-1.44,55.61,0.00,54.17,0.00,0.00,0.00,0.00
381.60,36.07,32.36,36.00,20.00,AUTO,8,54,0,-1.44,55.61,0.00,54.17,0.00,0.00,0.00,0.00
382.60,36.09,32.36,36.00,20.00,AUTO,8,54,0,-1.44,55.61,0.00,54.17,0.00,0.00,0.00,0.00
383.60,36.07,32.32,36.00,20.00,AUTO,8,52,0,-2.44,55.22,0.00,52.78,0.00,0.00,0.00,0.00
384.60,36.06,32.32,36.00,20.00,AUTO,8,52,0,-2.44,55.22,0.00,52.78,0.00,0.00,0.00,0.00
385.61,36.06,32.32,36.00,20.00,AUTO,8,52,0,-2.44,55.22,0.00,52.78,0.00,0.00,0.00,0.00
386.61,36.07,32.32,36.00,20.00,AUTO,8,52,0,-2.44,55.22,0.00,52.78,0.00,0.00,0.00,0.00
387.61,36.08,32.32,36.00,20.00,AUTO,8,52,0,-2.44,55.22,0.00,52.78,0.00,0.00,0.00,0.00
388.61,36.10,32.32,36.00,20.00,AUTO,8,52,0,-2.44,55.22,0.00,52.78,0.00,0.00,0.00,0.00
389.61,36.10,32.32,36.00,20.00,AUTO,8,52,0,-2.44,55.22,0.00,52.78,0.00,0.00,0.00,0.00
390.62,36.11,32.32,36.00,20.00,AUTO,8,52,0,-2.44,55.22,0.00,52.78,0.00,0.00,0.00,0.00
391.62,36.09,32.32,36.00,20.00,AUTO,8,50,0,-4.06,54.57,0.00,50.51,0.00,0.00,0.00,0.00
392.62,36.09,32.32,36.00,20.00,AUTO,8,50,0,-4.06,54.57,0.00,50.51,0.00,0.00,0.00,0.00
393.62,36.08,32.32,36.00,20.00,AUTO,8,50,0,-4.06,54.57,0.00,50.51,0.00,0.00,0.00,0.00
394.62,36.09,32.32,36.00,20.00,AUTO,8,50,0,-4.06,54.57,0.00,50.51,0.00,0.00,0.00,0.00
395.62,36.10,32.32,36.00,20.00,AUTO,8,50,0,-4.06,54.57,0.00,50.51,0.00,0.00,0.00,0.00
396.63,36.11,32.32,36.00,20.00,AUTO,8,50,0,-4.06,54.57,0.00,50.51,0.00,0.00,0.00,0.00
397.63,36.12,32.32,36.00,20.00,AUTO,8,50,0,-4.06,54.57,0.00,50.51,0.00,0.00,0.00,0.00
398.63,36.12,32.32,36.00,20.00,AUTO,8,50,0,-4.06,54.57,0.00,50.51,0.00,0.00,0.00,0.00
399.63,36.10,32.32,36.00,20.00,AUTO,8,48,0,-5.00,53.77,0.00,48.77,0.00,0.00,0.00,0.00
400.63,36.10,32.32,36.00,20.00,AUTO,8,48,0,-5.00,53.77,0.00,48.77,0.00,0.00,0.00,0.00
401.63,36.10,32.32,36.00,20.00,AUTO,8,48,0,-5.00,53.77,0.00,48.77,0.00,0.00,0.00,0.00
402.63,36.10,32.32,36.00,20.00,AUTO,8,48,0,-5.00,53.77,0.00,48.77,0.00,0.00,0.00,0.00
403.64,36.13,32.32,36.00,20.00,AUTO,8,48,0,-5.00,53.77,0.00,48.77,0.00,0.00,0.00,0.00
404.64,36.14,32.32,36.00,20.00,AUTO,8,48,0,-5.00,53.77,0.00,48.77,0.00,0.00,0.00,0.00
405.64,36.14,32.32,36.00,20.00,AUTO,8,48,0,-5.00,53.77,0.00,48.77,0.00,0.00,0.00,0.00
406.64,36.13,32.32,36.00,20.00,AUTO,8,48,0,-5.00,53.77,0.00,48.77,0.00,0.00,0.00,0.00
407.64,36.11,32.32,36.00,20.00,AUTO,8,46,0,-5.88,52.83,0.00,46.96,0.00,0.00,0.00,0.00
408.64,36.10,32.32,36.00,20.00,AUTO,8,46,0,-5.88,52.83,0.00,46.96,0.00,0.00,0.00,0.00
409.65,36.10,32.32,36.00,20.00,AUTO,8,46,0,-5.88,52.83,0.00,46.96,0.00,0.00,0.00,0.00
410.65,36.10,32.36,36.00,20.00,AUTO,8,46,0,-5.88,52.83,0.00,46.96,0.00,0.00,0.00,0.00
411.65,36.12,32.36,36.00,20.00,AUTO,8,46,0,-5.88,52.83,0.00,46.96,0.00,0.00,0.00,0.00
412.65,36.12,32.36,36.00,20.00,AUTO,8,46,0,-5.88,52.83,0.00,46.96,0.00,0.00,0.00,0.00
413.65,36.13,32.36,36.00,20.00,AUTO,8,46,0,-5.88,52.83,0.00,46.96,0.00,0.00,0.00,0.00
414.65,36.13,32.32,36.00,20.00,AUTO,8,46,0,-5.88,52.83,0.00,46.96,0.00,0.00,0.00,0.00
415.66,36.11,32.32,36.00,20.00,AUTO,8,46,0,-5.69,51.92,0.00,46.23,0.00,0.00,0.00,0.00
416.65,36.10,32.32,36.00,20.00,AUTO,8,46,0,-5.69,51.92,0.00,46.23,0.00,0.00,0.00,0.00
417.66,36.10,32.32,36.00,20.00,AUTO,8,46,0,-5.69,51.92,0.00,46.23,0.00,0.00,0.00,0.00
418.66,36.09,32.32,36.00,20.00,AUTO,8,46,0,-5.69,51.92,0.00,46.23,0.00,0.00,0.00,0.00
419.66,36.12,32.36,36.00,20.00,AUTO,8,46,0,-5.69,51.92,0.00,46.23,0.00,0.00,0.00,0.00
420.66,36.12,32.36,36.00,20.00,AUTO,8,46,0,-5.69,51.92,0.00,46.23,0.00,0.00,0.00,0.00
421.66,36.12,32.36,36.00,20.00,AUTO,8,46,0,-5.69,51.92,0.00,46.23,0.00,0.00,0.00,0.00
422.67,36.12,32.36,36.00,20.00,AUTO,8,46,0,-5.69,51.92,0.00,46.23,0.00,0.00,0.00,0.00
423.67,36.10,32.36,36.00,20.00,AUTO,8,45,0,-5.50,51.04,0.00,45.54,0.00,0.00,0.00,0.00
424.67,36.10,32.36,36.00,20.00,AUTO,8,45,0,-5.50,51.04,0.00,45.54,0.00,0.00,0.00,0.00
425.67,36.10,32.36,36.00,20.00,AUTO,8,45,0,-5.50,51.04,0.00,45.54,0.00,0.00,0.00,0.00
426.67,36.10,32.36,36.00,20.00,AUTO,8,45,0,-5.50,51.04,0.00,45.54,0.00,0.00,0.00,0.00
427.67,36.12,32.36,36.00,20.00,AUTO,8,45,0,-5.50,51.04,0.00,45.54,0.00,0.00,0.00,0.00
428.68,36.12,32.36,36.00,20.00,AUTO,8,45,0,-5.50,51.04,0.00,45.54,0.00,0.00,0.00,0.00
429.68,36.12,32.36,36.00,20.00,AUTO,8,45,0,-5.50,51.04,0.00,45.54,0.00,0.00,0.00,0.00
430.68,36.12,32.36,36.00,20.00,AUTO,8,45,0,-5.50,51.04,0.00,45.54,0.00,0.00,0.00,0.00
431.68,36.09,32.36,36.00,20.00,AUTO,8,44,0,-5.50,50.16,0.00,44.66,0.00,0.00,0.00,0.00
432.68,36.08,32.40,36.00,20.00,AUTO,8,44,0,-5.50,50.16,0.00,44.66,0.00,0.00,0.00,0.00
433.68,36.08,32.40,36.00,20.00,AUTO,8,44,0,-5.50,50.16,0.00,44.66,0.00,0.00,0.00,0.00
434.68,36.08,32.40,36.00,20.00,AUTO,8,44,0,-5.50,50.16,0.00,44.66,0.00,0.00,0.00,0.00
435.69,36.10,32.40,36.00,20.00,AUTO,8,44,0,-5.50,50.16,0.00,44.66,0.00,0.00,0.00,0.00
436.69,36.10,32.40,36.00,20.00,AUTO,8,44,0,-5.50,50.16,0.00,44.66,0.00,0.00,0.00,0.00
437.69,36.10,32.40,36.00,20.00,AUTO,8,44,0,-5.50,50.16,0.00,44.66,0.00,0.00,0.00,0.00
438.69,36.09,32.40,36.00,20.00,AUTO,8,44,0,-5.50,50.16,0.00,44.66,0.00,0.00,0.00,0.00
439.69,36.07,32.40,36.00,20.00,AUTO,8,44,0,-4.50,49.44,0.00,44.94,0.00,0.00,0.00,0.00
440.69,36.06,32.44,36.00,20.00,AUTO,8,44,0,-4.50,49.44,0.00,44.94,0.00,0.00,0.00,0.00
441.70,36.06,32.44,36.00,20.00,AUTO,8,44,0,-4.50,49.44,0.00,44.94,0.00,0.00,0.00,0.00
442.70,36.04,32.44,36.00,20.00,AUTO,8,44,0,-4.50,49.44,0.00,44.94,0.00,0.00,0.00,0.00
443.70,36.08,32.44,36.00,20.00,AUTO,8,44,0,-4.50,49.44,0.00,44.94,0.00,0.00,0.00,0.00
444.70,36.08,32.44,36.00,20.00,AUTO,8,44,0,-4.50,49.44,0.00,44.94,0.00,0.00,0.00,0.00
445.70,36.07,32.44,36.00,20.00,AUTO,8,44,0,-4.50,49.44,0.00,44.94,0.00,0.00,0.00,0.00
446.71,36.07,32.44,36.00,20.00,AUTO,8,44,0,-4.50,49.44,0.00,44.94,0.00,0.00,0.00,0.00
447.70,36.03,32.44,36.00,20.00,AUTO,8,45,0,-3.31,48.91,0.00,45.60,0.00,0.00,0.00,0.00
448.71,36.03,32.48,36.00,20.00,AUTO,8,45,0,-3.31,48.91,0.00,45.60,0.00,0.00,0.00,0.00
449.71,36.03,32.48,36.00,20.00,AUTO,8,45,0,-3.31,48.91,0.00,45.60,0.00,0.00,0.00,0.00
450.71,36.02,32.47,36.00,20.00,AUTO,8,45,0,-3.31,48.91,0.00,45.60,0.00,0.00,0.00,0.00
451.71,36.03,32.48,36.00,20.00,AUTO,8,45,0,-3.31,48.91,0.00,45.60,0.00,0.00,0.00,0.00
452.71,36.03,32.48,36.00,20.00,AUTO,8,45,0,-3.31,48.91,0.00,45.60,0.00,0.00,0.00,0.00
453.71,36.03,32.52,36.00,20.00,AUTO,8,45,0,-3.31,48.91,0.00,45.60,0.00,0.00,0.00,0.00
454.72,36.03,32.51,36.00,20.00,AUTO,8,45,0,-3.31,48.91,0.00,45.60,0.00,0.00,0.00,0.00
455.72,36.02,32.51,36.00,20.00,AUTO,8,47,0,-1.44,48.68,0.00,47.24,0.00,0.00,0.00,0.00
456.72,36.02,32.51,36.00,20.00,AUTO,8,47,0,-1.44,48.68,0.00,47.24,0.00,0.00,0.00,0.00
457.72,36.02,32.51,36.00,20.00,AUTO,8,47,0,-1.44,48.68,0.00,47.24,0.00,0.00,0.00,0.00
458.72,36.02,32.51,36.00,20.00,AUTO,8,47,0,-1.44,48.68,0.00,47.24,0.00,0.00,0.00,0.00
459.72,36.02,32.54,36.00,20.00,AUTO,8,47,0,-1.44,48.68,0.00,47.24,0.00,0.00,0.00,0.00
460.73,36.02,32.54,36.00,20.00,AUTO,8,47,0,-1.44,48.68,0.00,47.24,0.00,0.00,0.00,0.00
461.73,36.02,32.54,36.00,20.00,AUTO,8,47,0,-1.44,48.68,0.00,47.24,0.00,0.00,0.00,0.00
462.73,36.02,32.54,36.00,20.00,AUTO,8,47,0,-1.44,48.68,0.00,47.24,0.00,0.00,0.00,0.00
463.84,36.02,32.54,36.00,20.00,AUTO,8,47,0,-1.00,48.52,0.00,47.52,0.00,0.00,0.00,0.00
464.73,36.02,32.54,36.00,30.00,AUTO,0,47,0,-1.00,48.52,0.00,47.52,0.00,0.00,0.00,0.00
465.73,36.02,32.54,36.00,30.00,AUTO,0,47,0,-1.00,48.52,0.00,47.52,0.00,0.00,0.00,0.00
466.73,36.02,32.54,36.00,30.00,AUTO,0,47,0,-1.00,48.52,0.00,47.52,0.00,0.00,0.00,0.00
467.74,36.02,32.54,36.00,30.00,AUTO,0,47,0,-1.00,48.52,0.00,47.52,0.00,0.00,0.00,0.00
468.74,36.02,32.54,36.00,30.00,AUTO,0,47,0,-1.00,48.52,0.00,47.52,0.00,0.00,0.00,0.00
469.74,36.02,32.54,36.00,30.00,AUTO,0,47,0,-1.00,48.52,0.00,47.52,0.00,0.00,0.00,0.00
470.74,36.02,32.63,36.00,30.00,AUTO,0,47,0,-1.00,48.52,0.00,47.52,0.00,0.00,0.00,0.00
471.74,36.02,32.63,36.00,30.00,AUTO,0,47,0,-1.00,48.36,0.00,47.36,0.00,0.00,0.00,0.00
472.74,36.02,32.63,36.00,30.00,AUTO,0,47,0,-1.00,48.36,0.00,47.36,0.00,0.00,0.00,0.00
473.75,36.02,32.63,36.00,30.00,AUTO,0,47,0,-1.00,48.36,0.00,47.36,0.00,0.00,0.00,0.00
474.75,36.02,32.63,36.00,30.00,AUTO,0,47,0,-1.00,48.36,0.00,47.36,0.00,0.00,0.00,0.00
475.75,36.02,32.63,36.00,30.00,AUTO,0,47,0,-1.00,48.36,0.00,47.36,0.00,0.00,0.00,0.00
476.75,36.02,32.63,36.00,30.00,AUTO,0,47,0,-1.00,48.36,0.00,47.36,0.00,0.00,0.00,0.00
477.75,36.02,32.63,36.00,30.00,AUTO,0,47,0,-1.00,48.36,0.00,47.36,0.00,0.00,0.00,0.00
478.76,36.02,32.63,36.00,30.00,AUTO,0,47,0,-1.00,48.36,0.00,47.36,0.00,0.00,0.00,0.00
479.76,36.02,32.63,36.00,30.00,AUTO,0,47,0,-1.00,48.20,0.00,47.20,0.00,0.00,0.00,0.00
480.76,36.02,32.63,36.00,30.00,AUTO,0,47,0,-1.00,48.20,0.00,47.20,0.00,0.00,0.00,0.00
481.76,36.02,32.63,36.00,30.00,AUTO,0,47,0,-1.00,48.20,0.00,47.20,0.00,0.00,0.00,0.00
482.76,36.02,32.63,36.00,30.00,AUTO,0,47,0,-1.00,48.20,0.00,47.20,0.00,0.00,0.00,0.00
483.76,36.02,32.63,36.00,30.00,AUTO,0,47,0,-1.00,48.20,0.00,47.20,0.00,0.00,0.00,0.00
484.76,36.02,32.63,36.00,30.00,AUTO,0,47,0,-1.00,48.20,0.00,47.20,0.00,0.00,0.00,0.00
485.76,36.02,32.63,36.00,30.00,AUTO,0,47,0,-1.00,48.20,0.00,47.20,0.00,0.00,0.00,0.00
486.77,36.02,32.63,36.00,30.00,AUTO,0,47,0,-1.00,48.20,0.00,47.20,0.00,0.00,0.00,0.00
487.77,36.02,32.63,36.00,30.00,AUTO,0,47,0,-1.00,48.04,0.00,47.04,0.00,0.00,0.00,0.00
488.77,36.02,32.63,36.00,30.00,AUTO,0,47,0,-1.00,48.04,0.00,47.04,0.00,0.00,0.00,0.00
489.77,36.02,32.63,36.00,30.00,AUTO,0,47,0,-1.00,48.04,0.00,47.04,0.00,0.00,0.00,0.00
490.77,36.02,32.63,36.00,30.00,AUTO,0,47,0,-1.00,48.04,0.00,47.04,0.00,0.00,0.00,0.00
491.77,36.02,32.67,36.00,30.00,AUTO,0,47,0,-1.00,48.04,0.00,47.04,0.00,0.00,0.00,0.00
492.78,36.02,32.67,36.00,30.00,AUTO,0,47,0,-1.00,48.04,0.00,47.04,0.00,0.00,0.00,0.00
493.78,36.02,32.67,36.00,30.00,AUTO,0,47,0,-1.00,48.04,0.00,47.04,0.00,0.00,0.00,0.00
494.78,36.02,32.67,36.00,30.00,AUTO,0,47,0,-1.00,48.04,0.00,47.04,0.00,0.00,0.00,0.00
495.78,36.02,32.67,36.00,30.00,AUTO,0,46,0,-1.00,47.88,0.00,46.88,0.00,0.00,0.00,0.00
496.78,36.02,32.67,36.00,30.00,AUTO,0,46,0,-1.00,47.88,0.00,46.88,0.00,0.00,0.00,0.00
497.79,36.02,32.67,36.00,30.00,AUTO,0,46,0,-1.00,47.88,0.00,46.88,0.00,0.00,0.00,0.00
498.78,36.02,32.67,36.00,30.00,AUTO,0,46,0,-1.00,47.88,0.00,46.88,0.00,0.00,0.00,0.00
499.79,36.02,32.68,36.00,30.00,AUTO,0,46,0,-1.00,47.88,0.00,46.88,0.00,0.00,0.00,0.00
500.79,36.02,32.67,36.00,30.00,AUTO,0,46,0,-1.00,47.88,0.00,46.88,0.00,0.00,0.00,0.00
501.79,36.03,32.67,36.00,30.00,AUTO,0,46,0,-1.00,47.88,0.00,46.88,0.00,0.00,0.00,0.00
502.79,36.02,32.67,36.00,30.00,AUTO,0,46,0,-1.00,47.88,0.00,46.88,0.00,0.00,0.00,0.00
503.79,36.02,32.67,36.00,30.00,AUTO,0,46,0,-1.06,47.71,0.00,46.65,0.00,0.00,0.00,0.00
504.79,36.02,32.67,36.00,30.00,AUTO,0,46,0,-1.06,47.71,0.00,46.65,0.00,0.00,0.00,0.00
505.80,36.02,32.67,36.00,30.00,AUTO,0,46,0,-1.06,47.71,0.00,46.65,0.00,0.00,0.00,0.00
506.80,36.02,32.67,36.00,30.00,AUTO,0,46,0,-1.06,47.71,0.00,46.65,0.00,0.00,0.00,0.00
507.80,36.02,32.67,36.00,30.00,AUTO,0,46,0,-1.06,47.71,0.00,46.65,0.00,0.00,0.00,0.00
508.80,36.02,32.67,36.00,30.00,AUTO,0,46,0,-1.06,47.71,0.00,46.65,0.00,0.00,0.00,0.00
509.80,36.02,32.67,36.00,30.00,AUTO,0,46,0,-1.06,47.71,0.00,46.65,0.00,0.00,0.00,0.00
510.81,36.02,32.68,36.00,30.00,AUTO,0,46,0,-1.06,47.71,0.00,46.65,0.00,0.00,0.00,0.00
511.81,36.02,32.67,36.00,30.00,AUTO,0,46,0,-1.00,47.55,0.00,46.55,0.00,0.00,0.00,0.00
512.81,36.02,32.67,36.00,30.00,AUTO,0,46,0,-1.00,47.55,0.00,46.55,0.00,0.00,0.00,0.00
513.81,36.02,32.70,36.00,30.00,AUTO,0,46,0,-1.00,47.55,0.00,46.55,0.00,0.00,0.00,0.00
514.81,36.02,32.70,36.00,30.00,AUTO,0,46,0,-1.00,47.55,0.00,46.55,0.00,0.00,0.00,0.00
515.81,36.02,32.70,36.00,30.00,AUTO,0,46,0,-1.00,47.55,0.00,46.55,0.00,0.00,0.00,0.00
516.81,36.02,32.70,36.00,30.00,AUTO,0,46,0,-1.00,47.55,0.00,46.55,0.00,0.00,0.00,0.00
517.81,36.02,32.70,36.00,30.00,AUTO,0,46,0,-1.00,47.55,0.00,46.55,0.00,0.00,0.00,0.00
518.82,36.02,32.70,36.00,30.00,AUTO,0,46,0,-1.00,47.55,0.00,46.55,0.00,0.00,0.00,0.00
519.82,36.02,32.70,36.00,30.00,AUTO,0,46,0,-1.00,47.39,0.00,46.39,0.00,0.00,0.00,0.00
520.82,36.02,32.70,36.00,30.00,AUTO,0,46,0,-1.00,47.39,0.00,46.39,0.00,0.00,0.00,0.00
521.82,36.02,32.70,36.00,30.00,AUTO,0,46,0,-1.00,47.39,0.00,46.39,0.00,0.00,0.00,0.00
522.82,36.02,32.70,36.00,30.00,AUTO,0,46,0,-1.00,47.39,0.00,46.39,0.00,0.00,0.00,0.00
523.83,36.02,32.75,36.00,30.00,AUTO,0,46,0,-1.00,47.39,0.00,46.39,0.00,0.00,0.00,0.00
524.83,36.02,32.75,36.00,30.00,AUTO,0,46,0,-1.00,47.39,0.00,46.39,0.00,0.00,0.00,0.00
525.83,36.02,32.70,36.00,30.00,AUTO,0,46,0,-1.00,47.39,0.00,46.39,0.00,0.00,0.00,0.00
526.83,36.02,32.75,36.00,30.00,AUTO,0,46,0,-1.00,47.39,0.00,46.39,0.00,0.00,0.00,0.00
527.83,36.02,32.75,36.00,30.00,AUTO,0,46,0,-1.00,47.23,0.00,46.23,0.00,0.00,0.00,0.00
528.83,36.02,32.75,36.00,30.00,AUTO,0,46,0,-1.00,47.23,0.00,46.23,0.00,0.00,0.00,0.00
529.84,36.02,32.75,36.00,30.00,AUTO,0,46,0,-1.00,47.23,0.00,46.23,0.00,0.00,0.00,0.00
530.83,36.02,32.75,36.00,30.00,AUTO,0,46,0,-1.00,47.23,0.00,46.23,0.00,0.00,0.00,0.00
531.84,36.02,32.75,36.00,30.00,AUTO,0,46,0,-1.00,47.23,0.00,46.23,0.00,0.00,0.00,0.00
532.84,36.02,32.75,36.00,30.00,AUTO,0,46,0,-1.00,47.23,0.00,46.23,0.00,0.00,0.00,0.00
533.84,36.02,32.75,36.00,30.00,AUTO,0,46,0,-1.00,47.23,0.00,46.23,0.00,0.00,0.00,0.00
534.84,36.02,32.75,36.00,30.00,AUTO,0,46,0,-1.00,47.23,0.00,46.23,0.00,0.00,0.00,0.00
535.85,36.02,32.75,36.00,30.00,AUTO,0,46,0,-1.00,47.07,0.00,46.07,0.00,0.00,0.00,0.00
536.84,36.02,32.75,36.00,30.00,AUTO,0,46,0,-1.00,47.07,0.00,46.07,0.00,0.00,0.00,0.00
537.85,36.00,32.79,36.00,30.00,AUTO,0,46,0,-1.00,47.07,0.00,46.07,0.00,0.00,0.00,0.00
538.85,36.02,32.75,36.00,30.00,AUTO,0,46,0,-1.00,47.07,0.00,46.07,0.00,0.00,0.00,0.00
539.85,36.02,32.79,36.00,30.00,AUTO,0,46,0,-1.00,47.07,0.00,46.07,0.00,0.00,0.00,0.00
540.85,36.02,32.79,36.00,30.00,AUTO,0,46,0,-1.00,47.07,0.00,46.07,0.00,0.00,0.00,0.00
541.85,36.02,32.79,36.00,30.00,AUTO,0,46,0,-1.00,47.07,0.00,46.07,0.00,0.00,0.00,0.00
542.86,36.02,32.79,36.00,30.00,AUTO,0,46,0,-1.00,47.07,0.00,46.07,0.00,0.00,0.00,0.00
543.86,36.00,32.79,36.00,30.00,AUTO,0,46,0,-0.88,46.93,0.00,46.06,0.00,0.00,0.00,0.00
544.86,36.00,32.79,36.00,30.00,AUTO,0,46,0,-0.88,46.93,0.00,46.06,0.00,0.00,0.00,0.00
545.86,35.99,32.79,36.00,30.00,AUTO,0,46,0,-0.88,46.93,0.00,46.06,0.00,0.00,0.00,0.00
546.86,35.99,32.79,36.00,30.00,AUTO,0,46,0,-0.88,46.93,0.00,46.06,0.00,0.00,0.00,0.00
547.86,36.02,32.83,36.00,30.00,AUTO,0,46,0,-0.88,46.93,0.00,46.06,0.00,0.00,0.00,0.00
548.86,36.02,32.83,36.00,30.00,AUTO,0,46,0,-0.88,46.93,0.00,46.06,0.00,0.00,0.00,0.00
549.87,36.02,32.83,36.00,30.00,AUTO,0,46,0,-0.88,46.93,0.00,46.06,0.00,0.00,0.00,0.00
550.87,36.02,32.83,36.00,30.00,AUTO,0,46,0,-0.88,46.93,0.00,46.06,0.00,0.00,0.00,0.00
551.89,36.00,32.79,36.00,30.00,AUTO,0,46,0,-0.37,46.87,0.00,46.50,0.00,0.00,0.00,0.00
552.87,35.99,32.83,36.00,30.00,AUTO,0,46,0,-0.37,46.87,0.00,46.50,0.00,0.00,0.00,0.00
553.87,35.98,32.83,36.00,30.00,AUTO,0,46,0,-0.37,46.87,0.00,46.50,0.00,0.00,0.00,0.00
554.87,35.99,32.83,36.00,30.00,AUTO,0,46,0,-0.37,46.87,0.00,46.50,0.00,0.00,0.00,0.00
555.88,36.02,32.83,36.00,30.00,AUTO,0,46,0,-0.37,46.87,0.00,46.50,0.00,0.00,0.00,0.00
556.88,36.02,32.83,36.00,30.00,MAN,0,46,0,-0.37,46.87,0.00,46.50,0.00,0.00,0.00,0.00
558.03,36.02,32.83,36.00,30.00,MAN,0,46,0,-0.37,46.87,0.00,46.50,0.00,0.00,0.00,0.00
558.88,36.02,32.83,36.00,30.00,MAN,0,46,0,-0.37,46.87,0.00,46.50,0.00,0.00,0.00,0.00
559.88,36.02,32.83,36.00,30.00,MAN,0,46,0,-0.37,46.87,0.00,46.50,0.00,0.00,0.00,0.00
560.88,35.99,32.83,36.00,30.00,MAN,0,46,0,-0.37,46.87,0.00,46.50,0.00,0.00,0.00,0.00
561.88,35.99,32.83,36.00,30.00,MAN,0,46,0,-0.37,46.87,0.00,46.50,0.00,0.00,0.00,0.00
562.88,35.99,32.87,36.00,30.00,MAN,0,46,0,-0.37,46.87,0.00,46.50,0.00,0.00,0.00,0.00
563.89,36.00,32.87,36.00,30.00,MAN,0,46,0,-0.37,46.87,0.00,46.50,0.00,0.00,0.00,0.00
564.89,35.99,32.87,36.00,30.00,MAN,0,46,0,-0.37,46.87,0.00,46.50,0.00,0.00,0.00,0.00
565.89,35.98,32.87,36.00,30.00,MAN,0,46,0,-0.37,46.87,0.00,46.50,0.00,0.00,0.00,0.00
566.89,35.98,32.79,36.00,30.00,MAN,0,46,0,-0.37,46.87,0.00,46.50,0.00,0.00,0.00,0.00
567.89,35.96,32.67,36.00,30.00,MAN,0,46,0,-0.37,46.87,0.00,46.50,0.00,0.00,0.00,0.00
568.90,35.96,32.54,36.00,30.00,MAN,0,46,0,-0.37,46.87,0.00,46.50,0.00,0.00,0.00,0.00
569.90,35.94,32.47,36.00,30.00,MAN,0,46,0,-0.37,46.87,0.00,46.50,0.00,0.00,0.00,0.00
570.90,35.90,32.22,36.00,30.00,MAN,0,46,0,-0.37,46.87,0.00,46.50,0.00,0.00,0.00,0.00
571.90,35.88,31.98,36.00,30.00,MAN,0,46,0,-0.37,46.87,0.00,46.50,0.00,0.00,0.00,0.00
572.90,35.86,31.86,36.00,30.00,MAN,0,46,0,-0.37,46.87,0.00,46.50,0.00,0.00,0.00,0.00
573.90,35.85,31.70,36.00,30.00,MAN,0,46,0,-0.37,46.87,0.00,46.50,0.00,0.00,0.00,0.00
574.91,35.79,31.35,36.00,30.00,MAN,0,46,0,-0.37,46.87,0.00,46.50,0.00,0.00,0.00,0.00
575.91,35.74,31.07,36.00,30.00,MAN,0,46,0,-0.37,46.87,0.00,46.50,0.00,0.00,0.00,0.00
576.91,35.72,30.91,36.00,30.00,MAN,0,46,0,-0.37,46.87,0.00,46.50,0.00,0.00,0.00,0.00
577.91,35.71,30.91,36.00,30.00,MAN,0,46,0,-0.37,46.87,0.00,46.50,0.00,0.00,0.00,0.00
578.91,35.69,30.95,36.00,30.00,MAN,0,46,0,-0.37,46.87,0.00,46.50,0.00,0.00,0.00,0.00
579.91,35.67,30.93,36.00,30.00,MAN,0,46,0,-0.37,46.87,0.00,46.50,0.00,0.00,0.00,0.00
580.91,35.62,30.98,36.00,30.00,MAN,0,46,0,-0.37,46.87,0.00,46.50,0.00,0.00,0.00,0.00
581.91,35.56,31.02,36.00,30.00,MAN,0,46,0,-0.37,46.87,0.00,46.50,0.00,0.00,0.00,0.00
582.92,35.53,31.06,36.00,30.00,MAN,0,46,0,-0.37,46.87,0.00,46.50,0.00,0.00,0.00,0.00
583.92,35.51,31.04,36.00,30.00,MAN,0,46,0,-0.37,46.87,0.00,46.50,0.00,0.00,0.00,0.00
584.92,35.49,31.00,36.00,30.00,MAN,0,46,0,-0.37,46.87,0.00,46.50,0.00,0.00,0.00,0.00
585.92,35.44,31.00,36.00,30.00,MAN,0,46,0,-0.37,46.87,0.00,46.50,0.00,0.00,0.00,0.00
586.92,35.40,30.92,36.00,30.00,MAN,0,46,0,-0.37,46.87,0.00,46.50,0.00,0.00,0.00,0.00
587.93,35.38,30.88,36.00,30.00,MAN,0,46,0,-0.37,46.87,0.00,46.50,0.00,0.00,0.00,0.00
588.93,35.34,30.82,36.00,30.00,MAN,0,46,0,-0.37,46.87,0.00,46.50,0.00,0.00,0.00,0.00
589.93,35.30,30.82,36.00,30.00,MAN,0,46,0,-0.37,46.87,0.00,46.50,0.00,0.00,0.00,0.00
590.93,35.27,30.87,36.00,30.00,MAN,0,46,0,-0.37,46.87,0.00,46.50,0.00,0.00,0.00,0.00
591.93,35.24,30.87,36.00,30.00,MAN,0,46,0,-0.37,46.87,0.00,46.50,0.00,0.00,0.00,0.00
592.93,35.20,30.90,36.00,30.00,MAN,0,46,0,-0.37,46.87,0.00,46.50,0.00,0.00,0.00,0.00
593.93,35.15,30.89,36.00,30.00,MAN,0,46,0,-0.37,46.87,0.00,46.50,0.00,0.00,0.00,0.00
594.94,35.09,30.89,36.00,30.00,MAN,0,46,0,-0.37,46.87,0.00,46.50,0.00,0.00,0.00,0.00
595.94,34.81,30.77,36.00,30.00,MAN,0,46,0,-0.37,46.87,0.00,46.50,0.00,0.00,0.00,0.00
596.94,34.57,30.76,36.00,30.00,MAN,0,46,0,-0.37,46.87,0.00,46.50,0.00,0.00,0.00,0.00
597.94,34.32,30.80,36.00,30.00,MAN,0,46,0,-0.37,46.87,0.00,46.50,0.00,0.00,0.00,0.00
598.94,34.12,30.91,36.00,30.00,MAN,0,46,0,-0.37,46.87,0.00,46.50,0.00,0.00,0.00,0.00
599.94,33.96,31.09,36.00,30.00,MAN,0,46,0,-0.37,46.87,0.00,46.50,0.00,0.00,0.00,0.00
600.94,33.79,31.25,36.00,30.00,MAN,0,46,0,-0.37,46.87,0.00,46.50,0.00,0.00,0.00,0.00
601.95,33.74,31.48,36.00,30.00,MAN,1,46,0,-0.37,46.87,0.00,46.50,0.00,0.00,0.00,0.00
602.95,33.64,31.60,36.00,30.00,MAN,1,46,0,-0.37,46.87,0.00,46.50,0.00,0.00,0.00,0.00
603.95,33.59,31.74,36.00,30.00,MAN,1,46,0,-0.37,46.87,0.00,46.50,0.00,0.00,0.00,0.00
604.95,33.56,31.86,36.00,30.00,MAN,1,46,0,-0.37,46.87,0.00,46.50,0.00,0.00,0.00,0.00
605.95,33.52,31.95,36.00,30.00,MAN,1,46,0,-0.37,46.87,0.00,46.50,0.00,0.00,0.00,0.00
606.96,33.47,32.06,36.00,30.00,MAN,1,46,0,-0.37,46.87,0.00,46.50,0.00,0.00,0.00,0.00
607.96,33.43,32.37,36.00,30.00,MAN,1,46,0,-0.37,46.87,0.00,46.50,0.00,0.00,0.00,0.00
608.96,33.37,32.45,36.00,30.00,MAN,1,46,0,-0.37,46.87,0.00,46.50,0.00,0.00,0.00,0.00
609.96,33.33,32.53,36.00,30.00,MAN,1,46,0,-0.37,46.87,0.00,46.50,0.00,0.00,0.00,0.00
610.96,33.30,32.61,36.00,30.00,MAN,1,46,0,-0.37,46.87,0.00,46.50,0.00,0.00,0.00,0.00
611.97,33.25,32.64,36.00,30.00,MAN,1,46,0,-0.37,46.87,0.00,46.50,0.00,0.00,0.00,0.00
612.96,33.20,32.64,36.00,30.00,MAN,1,46,0,-0.37,46.87,0.00,46.50,0.00,0.00,0.00,0.00
613.97,33.16,32.64,36.00,30.00,MAN,1,46,0,-0.37,46.87,0.00,46.50,0.00,0.00,0.00,0.00
614.97,33.11,32.66,36.00,30.00,MAN,1,46,0,-0.37,46.87,0.00,46.50,0.00,0.00,0.00,0.00
615.97,33.07,32.73,36.00,30.00,MAN,1,46,0,-0.37,46.87,0.00,46.50,0.00,0.00,0.00,0.00
616.97,33.03,32.78,36.00,30.00,MAN,1,46,0,-0.37,46.87,0.00,46.50,0.00,0.00,0.00,0.00
617.97,32.99,32.82,36.00,30.00,MAN,1,46,0,-0.37,46.87,0.00,46.50,0.00,0.00,0.00,0.00
618.97,32.96,32.90,36.00,30.00,MAN,1,46,0,-0.37,46.87,0.00,46.50,0.00,0.00,0.00,0.00
619.98,32.92,33.00,36.00,30.00,MAN,1,46,0,-0.37,46.87,0.00,46.50,0.00,0.00,0.00,0.00
620.98,32.89,33.12,36.00,30.00,MAN,1,46,0,-0.37,46.87,0.00,46.50,0.00,0.00,0.00,0.00
621.98,32.85,33.32,36.00,30.00,MAN,1,46,0,-0.37,46.87,0.00,46.50,0.00,0.00,0.00,0.00
622.98,32.82,33.44,36.00,30.00,MAN,1,46,0,-0.37,46.87,0.00,46.50,0.00,0.00,0.00,0.00
623.98,32.76,33.47,36.00,30.00,MAN,1,46,0,-0.37,46.87,0.00,46.50,0.00,0.00,0.00,0.00
624.98,32.71,33.51,36.00,30.00,MAN,1,46,0,-0.37,46.87,0.00,46.50,0.00,0.00,0.00,0.00
625.99,32.68,33.59,36.00,30.00,MAN,1,46,0,-0.37,46.87,0.00,46.50,0.00,0.00,0.00,0.00
626.98,32.64,33.63,36.00,30.00,MAN,1,46,0,-0.37,46.87,0.00,46.50,0.00,0.00,0.00,0.00
627.99,32.61,33.67,36.00,30.00,MAN,1,46,0,-0.37,46.87,0.00,46.50,0.00,0.00,0.00,0.00
628.99,32.57,33.65,36.00,30.00,MAN,1,46,0,-0.37,46.87,0.00,46.50,0.00,0.00,0.00,0.00
629.99,32.53,33.73,36.00,30.00,MAN,1,46,0,-0.37,46.87,0.00,46.50,0.00,0.00,0.00,0.00
630.99,32.49,33.77,36.00,30.00,MAN,1,46,0,-0.37,46.87,0.00,46.50,0.00,0.00,0.00,0.00
631.99,32.46,33.81,36.00,30.00,MAN,1,46,0,-0.37,46.87,0.00,46.50,0.00,0.00,0.00,0.00
633.00,32.45,33.89,36.00,30.00,MAN,1,46,0,-0.37,46.87,0.00,46.50,0.00,0.00,0.00,0.00
634.00,32.42,33.87,36.00,30.00,MAN,1,46,0,-0.37,46.87,0.00,46.50,0.00,0.00,0.00,0.00
635.00,32.39,33.96,36.00,30.00,MAN,1,46,0,-0.37,46.87,0.00,46.50,0.00,0.00,0.00,0.00
636.00,32.38,33.99,36.00,30.00,MAN,1,46,0,-0.37,46.87,0.00,46.50,0.00,0.00,0.00,0.00
637.00,32.33,34.03,36.00,30.00,MAN,1,46,0,-0.37,46.87,0.00,46.50,0.00,0.00,0.00,0.00
638.00,32.30,34.12,36.00,30.00,MAN,1,46,0,-0.37,46.87,0.00,46.50,0.00,0.00,0.00,0.00
639.01,32.26,34.14,36.00,30.00,MAN,1,46,0,-0.37,46.87,0.00,46.50,0.00,0.00,0.00,0.00
640.01,32.23,34.18,36.00,30.00,MAN,1,46,0,-0.37,46.87,0.00,46.50,0.00,0.00,0.00,0.00
641.01,32.20,34.18,36.00,30.00,MAN,1,46,0,-0.37,46.87,0.00,46.50,0.00,0.00,0.00,0.00
642.01,32.18,34.18,36.00,30.00,MAN,1,46,0,-0.37,46.87,0.00,46.50,0.00,0.00,0.00,0.00
643.01,32.15,34.25,36.00,30.00,MAN,1,46,0,-0.37,46.87,0.00,46.50,0.00,0.00,0.00,0.00
644.02,32.13,34.30,36.00,30.00,MAN,1,46,0,-0.37,46.87,0.00,46.50,0.00,0.00,0.00,0.00
645.01,32.09,34.32,36.00,30.00,MAN,1,46,0,-0.37,46.87,0.00,46.50,0.00,0.00,0.00,0.00
646.02,32.08,34.32,36.00,30.00,MAN,1,46,0,-0.37,46.87,0.00,46.50,0.00,0.00,0.00,0.00
647.02,32.05,34.36,36.00,30.00,MAN,1,46,0,-0.37,46.87,0.00,46.50,0.00,0.00,0.00,0.00
648.02,32.04,34.44,36.00,30.00,MAN,1,46,0,-0.37,46.87,0.00,46.50,0.00,0.00,0.00,0.00
649.02,32.02,34.52,36.00,30.00,MAN,1,46,0,-0.37,46.87,0.00,46.50,0.00,0.00,0.00,0.00
650.02,32.00,34.56,36.00,30.00,MAN,1,46,0,-0.37,46.87,0.00,46.50,0.00,0.00,0.00,0.00
651.02,31.98,34.60,36.00,30.00,MAN,1,46,0,-0.37,46.87,0.00,46.50,0.00,0.00,0.00,0.00
652.03,31.96,34.67,36.00,30.00,MAN,1,46,0,-0.37,46.87,0.00,46.50,0.00,0.00,0.00,0.00
653.03,31.94,34.71,36.00,30.00,MAN,1,46,0,-0.37,46.87,0.00,46.50,0.00,0.00,0.00,0.00
654.03,31.94,34.74,36.00,30.00,MAN,1,46,0,-0.37,46.87,0.00,46.50,0.00,0.00,0.00,0.00
655.03,31.92,34.76,36.00,30.00,MAN,1,46,0,-0.37,46.87,0.00,46.50,0.00,0.00,0.00,0.00
656.03,31.89,34.76,36.00,30.00,MAN,1,46,0,-0.37,46.87,0.00,46.50,0.00,0.00,0.00,0.00
657.04,31.86,34.76,36.00,30.00,MAN,1,46,0,-0.37,46.87,0.00,46.50,0.00,0.00,0.00,0.00
658.04,31.84,34.79,36.00,30.00,MAN,1,46,0,-0.37,46.87,0.00,46.50,0.00,0.00,0.00,0.00
659.04,31.81,34.82,36.00,30.00,MAN,1,46,0,-0.37,46.87,0.00,46.50,0.00,0.00,0.00,0.00
660.04,31.79,34.86,36.00,30.00,MAN,1,46,0,-0.37,46.87,0.00,46.50,0.00,0.00,0.00,0.00
661.04,31.76,34.89,36.00,30.00,MAN,1,46,0,-0.37,46.87,0.00,46.50,0.00,0.00,0.00,0.00
662.04,31.74,34.94,36.00,30.00,MAN,1,46,0,-0.37,46.87,0.00,46.50,0.00,0.00,0.00,0.00
663.04,31.73,34.98,36.00,30.00,MAN,1,46,0,-0.37,46.87,0.00,46.50,0.00,0.00,0.00,0.00
664.04,31.71,35.01,36.00,30.00,MAN,1,46,0,-0.37,46.87,0.00,46.50,0.00,0.00,0.00,0.00
665.05,31.70,35.08,36.00,30.00,MAN,1,46,0,-0.37,46.87,0.00,46.50,0.00,0.00,0.00,0.00
666.05,31.68,35.11,36.00,30.00,MAN,1,46,0,-0.37,46.87,0.00,46.50,0.00,0.00,0.00,0.00
667.05,31.66,35.15,36.00,30.00,MAN,1,46,0,-0.37,46.87,0.00,46.50,0.00,0.00,0.00,0.00
668.05,31.65,35.15,36.00,30.00,MAN,1,46,0,-0.37,46.87,0.00,46.50,0.00,0.00,0.00,0.00
669.05,31.63,35.18,36.00,30.00,MAN,1,46,0,-0.37,46.87,0.00,46.50,0.00,0.00,0.00,0.00
670.05,31.60,35.18,36.00,30.00,MAN,1,46,0,-0.37,46.87,0.00,46.50,0.00,0.00,0.00,0.00
671.06,31.59,35.18,36.00,30.00,MAN,1,46,0,-0.37,46.87,0.00,46.50,0.00,0.00,0.00,0.00
672.06,31.58,35.19,36.00,30.00,MAN,1,46,0,-0.37,46.87,0.00,46.50,0.00,0.00,0.00,0.00
673.06,31.56,35.19,36.00,30.00,MAN,1,46,0,-0.37,46.87,0.00,46.50,0.00,0.00,0.00,0.00
674.06,31.56,35.19,36.00,30.00,MAN,1,46,0,-0.37,46.87,0.00,46.50,0.00,0.00,0.00,0.00
675.06,31.55,35.19,36.00,30.00,MAN,1,46,0,-0.37,46.87,0.00,46.50,0.00,0.00,0.00,0.00
676.07,31.53,35.23,36.00,30.00,MAN,1,46,0,-0.37,46.87,0.00,46.50,0.00,0.00,0.00,0.00
677.06,31.53,35.26,36.00,30.00,MAN,1,46,0,-0.37,46.87,0.00,46.50,0.00,0.00,0.00,0.00
678.07,31.51,35.26,36.00,30.00,MAN,1,46,0,-0.37,46.87,0.00,46.50,0.00,0.00,0.00,0.00
679.07,31.51,35.29,36.00,30.00,MAN,1,46,0,-0.37,46.87,0.00,46.50,0.00,0.00,0.00,0.00
680.07,31.49,35.29,36.00,30.00,MAN,1,46,0,-0.37,46.87,0.00,46.50,0.00,0.00,0.00,0.00
681.07,31.48,35.33,36.00,30.00,MAN,1,46,0,-0.37,46.87,0.00,46.50,0.00,0.00,0.00,0.00
682.07,31.46,35.40,36.00,30.00,MAN,1,46,0,-0.37,46.87,0.00,46.50,0.00,0.00,0.00,0.00
683.07,31.44,35.47,36.00,30.00,MAN,1,46,0,-0.37,46.87,0.00,46.50,0.00,0.00,0.00,0.00
684.08,31.43,35.50,36.00,30.00,MAN,1,46,0,-0.37,46.87,0.00,46.50,0.00,0.00,0.00,0.00
685.08,31.42,35.58,36.00,30.00,MAN,1,46,0,-0.37,46.87,0.00,46.50,0.00,0.00,0.00,0.00
686.08,31.41,35.72,36.00,30.00,MAN,1,46,0,-0.37,46.87,0.00,46.50,0.00,0.00,0.00,0.00
687.08,31.37,35.75,36.00,30.00,MAN,1,46,0,-0.37,46.87,0.00,46.50,0.00,0.00,0.00,0.00
688.08,31.35,35.72,36.00,30.00,MAN,1,46,0,-0.37,46.87,0.00,46.50,0.00,0.00,0.00,0.00
689.09,31.34,35.72,36.00,30.00,MAN,1,46,0,-0.37,46.87,0.00,46.50,0.00,0.00,0.00,0.00
690.09,31.33,35.72,36.00,30.00,MAN,1,46,0,-0.37,46.87,0.00,46.50,0.00,0.00,0.00,0.00
691.09,31.29,35.68,36.00,30.00,MAN,1,46,0,-0.37,46.87,0.00,46.50,0.00,0.00,0.00,0.00
692.09,31.28,35.61,36.00,30.00,MAN,1,46,0,-0.37,46.87,0.00,46.50,0.00,0.00,0.00,0.00
693.09,31.27,35.58,36.00,30.00,MAN,1,46,0,-0.37,46.87,0.00,46.50,0.00,0.00,0.00,0.00
694.09,31.25,35.58,36.00,30.00,MAN,1,46,0,-0.37,46.87,0.00,46.50,0.00,0.00,0.00,0.00
695.09,31.22,35.60,36.00,30.00,MAN,1,46,0,-0.37,46.87,0.00,46.50,0.00,0.00,0.00,0.00
696.10,31.20,35.66,36.00,30.00,MAN,1,46,0,-0.37,46.87,0.00,46.50,0.00,0.00,0.00,0.00
697.10,31.18,35.79,36.00,30.00,MAN,1,46,0,-0.37,46.87,0.00,46.50,0.00,0.00,0.00,0.00
698.10,31.16,35.96,36.00,30.00,MAN,1,46,0,-0.37,46.87,0.00,46.50,0.00,0.00,0.00,0.00
699.10,31.15,36.07,36.00,30.00,MAN,1,46,0,-0.37,46.87,0.00,46.50,0.00,0.00,0.00,0.00
700.10,31.14,36.10,36.00,30.00,MAN,1,46,0,-0.37,46.87,0.00,46.50,0.00,0.00,0.00,0.00
701.10,31.12,36.14,36.00,30.00,MAN,1,46,0,-0.37,46.87,0.00,46.50,0.00,0.00,0.00,0.00
702.10,31.10,36.17,36.00,30.00,MAN,1,46,0,-0.37,46.87,0.00,46.50,0.00,0.00,0.00,0.00
703.11,31.09,36.20,36.00,30.00,MAN,1,46,0,-0.37,46.87,0.00,46.50,0.00,0.00,0.00,0.00
704.10,31.08,36.20,36.00,30.00,MAN,1,46,0,-0.37,46.87,0.00,46.50,0.00,0.00,0.00,0.00
705.11,31.06,36.15,36.00,30.00,MAN,1,46,0,-0.37,46.87,0.00,46.50,0.00,0.00,0.00,0.00
706.11,31.05,36.11,36.00,30.00,MAN,1,46,0,-0.37,46.87,0.00,46.50,0.00,0.00,0.00,0.00
707.11,31.04,36.11,36.00,30.00,MAN,1,46,0,-0.37,46.87,0.00,46.50,0.00,0.00,0.00,0.00
708.12,31.02,36.11,36.00,30.00,MAN,1,46,0,-0.37,46.87,0.00,46.50,0.00,0.00,0.00,0.00
709.11,31.01,36.15,36.00,30.00,MAN,1,46,0,-0.37,46.87,0.00,46.50,0.00,0.00,0.00,0.00
710.12,31.00,36.18,36.00,30.00,MAN,1,46,0,-0.37,46.87,0.00,46.50,0.00,0.00,0.00,0.00
711.14,30.98,36.21,36.00,30.00,AUTO,1,0,0,-0.37,46.87,0.00,46.50,0.00,0.00,0.00,0.00
712.12,30.99,36.21,36.00,30.00,AUTO,1,0,0,-0.37,46.87,0.00,46.50,0.00,0.00,0.00,0.00
713.23,30.97,36.25,36.00,30.00,AUTO,1,0,0,-0.37,46.87,0.00,46.50,0.00,0.00,0.00,0.00
714.12,30.98,36.25,36.00,30.00,AUTO,1,0,0,-0.37,46.87,0.00,46.50,0.00,0.00,0.00,0.00
715.13,30.97,36.28,36.00,30.00,AUTO,1,0,0,-0.37,46.87,0.00,46.50,0.00,0.00,0.00,0.00
716.13,30.96,36.28,36.00,30.00,AUTO,1,0,0,-0.37,46.87,0.00,46.50,0.00,0.00,0.00,0.00
717.13,30.96,36.28,36.00,30.00,AUTO,1,0,0,-0.37,46.87,0.00,46.50,0.00,0.00,0.00,0.00
718.13,30.95,36.31,36.00,30.00,AUTO,1,0,0,-0.37,46.87,0.00,46.50,0.00,0.00,0.00,0.00
719.13,30.95,36.31,36.00,30.00,AUTO,1,100,0,251.50,46.87,0.00,298.37,0.00,0.00,0.00,0.00
720.13,30.92,36.31,36.00,30.00,AUTO,1,100,0,251.50,46.87,0.00,298.37,0.00,0.00,0.00,0.00
721.14,30.92,36.35,36.00,30.00,AUTO,1,100,0,251.50,46.87,0.00,298.37,0.00,0.00,0.00,0.00
722.14,30.91,36.35,36.00,30.00,AUTO,1,100,0,251.50,46.87,0.00,298.37,0.00,0.00,0.00,0.00
723.14,30.90,36.42,36.00,30.00,AUTO,1,100,0,251.50,46.87,0.00,298.37,0.00,0.00,0.00,0.00
724.14,30.90,36.42,36.00,30.00,AUTO,1,100,0,251.50,46.87,0.00,298.37,0.00,0.00,0.00,0.00
725.14,30.89,36.45,36.00,30.00,AUTO,1,100,0,251.50,46.87,0.00,298.37,0.00,0.00,0.00,0.00
726.15,30.90,36.45,36.00,30.00,AUTO,1,100,0,251.50,46.87,0.00,298.37,0.00,0.00,0.00,0.00
727.14,30.90,36.45,36.00,30.00,AUTO,1,100,0,254.44,46.87,0.00,301.31,0.00,0.00,0.00,0.00
728.15,30.91,36.45,36.00,30.00,AUTO,1,100,0,254.44,46.87,0.00,301.31,0.00,0.00,0.00,0.00
729.15,30.92,36.45,36.00,30.00,AUTO,1,100,0,254.44,46.87,0.00,301.31,0.00,0.00,0.00,0.00
730.15,30.93,36.45,36.00,30.00,AUTO,1,100,0,254.44,46.87,0.00,301.31,0.00,0.00,0.00,0.00
731.15,30.94,36.45,36.00,30.00,AUTO,1,100,0,254.44,46.87,0.00,301.31,0.00,0.00,0.00,0.00
732.15,30.95,36.45,36.00,30.00,AUTO,1,100,0,254.44,46.87,0.00,301.31,0.00,0.00,0.00,0.00
733.15,30.96,36.42,36.00,30.00,AUTO,1,100,0,254.44,46.87,0.00,301.31,0.00,0.00,0.00,0.00
734.16,30.97,36.42,36.00,30.00,AUTO,1,100,0,254.44,46.87,0.00,301.31,0.00,0.00,0.00,0.00
735.16,30.99,36.42,36.00,30.00,AUTO,1,100,0,253.25,46.87,0.00,300.12,0.00,0.00,0.00,0.00
736.16,31.00,36.35,36.00,30.00,AUTO,1,100,0,253.25,46.87,0.00,300.12,0.00,0.00,0.00,0.00
737.16,31.02,36.35,36.00,30.00,AUTO,1,100,0,253.25,46.87,0.00,300.12,0.00,0.00,0.00,0.00
738.16,31.05,36.31,36.00,30.00,AUTO,1,100,0,253.25,46.87,0.00,300.12,0.00,0.00,0.00,0.00
739.16,31.07,36.31,36.00,30.00,AUTO,1,100,0,253.25,46.87,0.00,300.12,0.00,0.00,0.00,0.00
740.16,31.09,36.30,36.00,30.00,AUTO,1,100,0,253.25,46.87,0.00,300.12,0.00,0.00,0.00,0.00
741.16,31.11,36.30,36.00,30.00,AUTO,1,100,0,253.25,46.87,0.00,300.12,0.00,0.00,0.00,0.00
742.17,31.14,36.27,36.00,30.00,AUTO,1,100,0,253.25,46.87,0.00,300.12,0.00,0.00,0.00,0.00
743.17,31.16,36.24,36.00,30.00,AUTO,1,100,0,247.06,46.87,0.00,293.93,0.00,0.00,0.00,0.00
744.17,31.19,36.20,36.00,30.00,AUTO,1,100,0,247.06,46.87,0.00,293.93,0.00,0.00,0.00,0.00
745.17,31.20,36.20,36.00,30.00,AUTO,1,100,0,247.06,46.87,0.00,293.93,0.00,0.00,0.00,0.00
746.17,31.23,36.19,36.00,30.00,AUTO,1,100,0,247.06,46.87,0.00,293.93,0.00,0.00,0.00,0.00
747.18,31.25,36.15,36.00,30.00,AUTO,1,100,0,247.06,46.87,0.00,293.93,0.00,0.00,0.00,0.00
748.18,31.29,36.12,36.00,30.00,AUTO,1,100,0,247.06,46.87,0.00,293.93,0.00,0.00,0.00,0.00
749.18,31.33,36.08,36.00,30.00,AUTO,1,100,0,247.06,46.87,0.00,293.93,0.00,0.00,0.00,0.00
750.18,31.35,36.05,36.00,30.00,AUTO,1,100,0,247.06,46.87,0.00,293.93,0.00,0.00,0.00,0.00
751.18,31.40,36.02,36.00,30.00,AUTO,1,100,0,237.50,46.87,0.00,284.37,0.00,0.00,0.00,0.00
752.18,31.43,35.97,36.00,30.00,AUTO,1,100,0,237.50,46.87,0.00,284.37,0.00,0.00,0.00,0.00
753.19,31.48,35.94,36.00,30.00,AUTO,1,100,0,237.50,46.87,0.00,284.37,0.00,0.00,0.00,0.00
754.19,31.50,35.90,36.00,30.00,AUTO,1,100,0,237.50,46.87,0.00,284.37,0.00,0.00,0.00,0.00
755.19,31.54,35.87,36.00,30.00,AUTO,1,100,0,237.50,46.87,0.00,284.37,0.00,0.00,0.00,0.00
756.19,31.57,35.83,36.00,30.00,AUTO,1,100,0,237.50,46.87,0.00,284.37,0.00,0.00,0.00,0.00
757.19,31.61,35.79,36.00,30.00,AUTO,1,100,0,237.50,46.87,0.00,284.37,0.00,0.00,0.00,0.00
758.20,31.66,35.75,36.00,30.00,AUTO,1,100,0,237.50,46.87,0.00,284.37,0.00,0.00,0.00,0.00
759.19,31.67,35.72,36.00,30.00,AUTO,1,100,0,223.81,46.87,0.00,270.68,0.00,0.00,0.00,0.00
760.20,31.73,35.62,36.00,30.00,AUTO,1,100,0,223.81,46.87,0.00,270.68,0.00,0.00,0.00,0.00
761.20,31.75,35.58,36.00,30.00,AUTO,1,100,0,223.81,46.87,0.00,270.68,0.00,0.00,0.00,0.00
762.20,31.79,35.57,36.00,30.00,AUTO,1,100,0,223.81,46.87,0.00,270.68,0.00,0.00,0.00,0.00
763.20,31.83,35.50,36.00,30.00,AUTO,1,100,0,223.81,46.87,0.00,270.68,0.00,0.00,0.00,0.00
764.20,31.87,35.47,36.00,30.00,AUTO,1,100,0,223.81,46.87,0.00,270.68,0.00,0.00,0.00,0.00
765.20,31.94,35.42,36.00,30.00,AUTO,1,100,0,223.81,46.87,0.00,270.68,0.00,0.00,0.00,0.00
766.22,31.97,35.38,36.00,30.00,AUTO,1,100,0,223.81,46.87,0.00,270.68,0.00,0.00,0.00,0.00
767.21,32.00,35.31,36.00,30.00,AUTO,1,100,0,209.06,46.87,0.00,255.93,0.00,0.00,0.00,0.00
768.21,32.02,35.24,36.00,30.00,AUTO,1,100,0,209.06,46.87,0.00,255.93,0.00,0.00,0.00,0.00
769.21,32.05,35.21,36.00,30.00,AUTO,1,100,0,209.06,46.87,0.00,255.93,0.00,0.00,0.00,0.00
770.21,32.12,35.20,36.00,30.00,AUTO,1,100,0,209.06,46.87,0.00,255.93,0.00,0.00,0.00,0.00
771.22,32.13,35.13,36.00,30.00,AUTO,1,100,0,209.06,46.87,0.00,255.93,0.00,0.00,0.00,0.00
772.21,32.17,35.09,36.00,30.00,AUTO,1,100,0,209.06,46.87,0.00,255.93,0.00,0.00,0.00,0.00
773.22,32.22,35.03,36.00,30.00,AUTO,1,100,0,209.06,46.87,0.00,255.93,0.00,0.00,0.00,0.00
774.22,32.25,34.99,36.00,30.00,AUTO,1,100,0,209.06,46.87,0.00,255.93,0.00,0.00,0.00,0.00
775.22,32.29,34.95,36.00,30.00,AUTO,1,100,0,194.00,46.87,0.00,240.87,0.00,0.00,0.00,0.00
776.22,32.32,34.88,36.00,30.00,AUTO,1,100,0,194.00,46.87,0.00,240.87,0.00,0.00,0.00,0.00
777.22,32.38,34.84,36.00,30.00,AUTO,1,100,0,194.00,46.87,0.00,240.87,0.00,0.00,0.00,0.00
778.22,32.40,34.77,36.00,30.00,AUTO,1,100,0,194.00,46.87,0.00,240.87,0.00,0.00,0.00,0.00
779.23,32.43,34.74,36.00,30.00,AUTO,1,100,0,194.00,46.87,0.00,240.87,0.00,0.00,0.00,0.00
780.23,32.47,34.73,36.00,30.00,AUTO,1,100,0,194.00,46.87,0.00,240.87,0.00,0.00,0.00,0.00
781.23,32.50,34.65,36.00,30.00,AUTO,1,100,0,194.00,46.87,0.00,240.87,0.00,0.00,0.00,0.00
782.23,32.55,34.61,36.00,30.00,AUTO,1,100,0,194.00,46.87,0.00,240.87,0.00,0.00,0.00,0.00
783.23,32.58,34.57,36.00,30.00,AUTO,1,100,0,179.13,46.87,0.00,226.00,0.00,0.00,0.00,0.00
784.23,32.62,34.51,36.00,30.00,AUTO,1,100,0,179.13,46.87,0.00,226.00,0.00,0.00,0.00,0.00
785.24,32.67,34.47,36.00,30.00,AUTO,1,100,0,179.13,46.87,0.00,226.00,0.00,0.00,0.00,0.00
786.24,32.71,34.43,36.00,30.00,AUTO,1,100,0,179.13,46.87,0.00,226.00,0.00,0.00,0.00,0.00
787.24,32.75,34.35,36.00,30.00,AUTO,1,100,0,179.13,46.87,0.00,226.00,0.00,0.00,0.00,0.00
788.24,32.78,34.33,36.00,30.00,AUTO,1,100,0,179.13,46.87,0.00,226.00,0.00,0.00,0.00,0.00
789.24,32.83,34.25,36.00,30.00,AUTO,1,100,0,179.13,46.87,0.00,226.00,0.00,0.00,0.00,0.00
790.24,32.87,34.21,36.00,30.00,AUTO,1,100,0,179.13,46.87,0.00,226.00,0.00,0.00,0.00,0.00
791.24,32.91,34.17,36.00,30.00,AUTO,1,100,0,163.69,46.87,0.00,210.56,0.00,0.00,0.00,0.00
792.25,32.96,34.06,36.00,30.00,AUTO,1,100,0,163.69,46.87,0.00,210.56,0.00,0.00,0.00,0.00
793.25,32.99,34.02,36.00,30.00,AUTO,1,100,0,163.69,46.87,0.00,210.56,0.00,0.00,0.00,0.00
794.25,33.03,33.94,36.00,30.00,AUTO,1,100,0,163.69,46.87,0.00,210.56,0.00,0.00,0.00,0.00
795.25,33.08,33.90,36.00,30.00,AUTO,1,100,0,163.69,46.87,0.00,210.56,0.00,0.00,0.00,0.00
796.25,33.13,33.84,36.00,30.00,AUTO,1,100,0,163.69,46.87,0.00,210.56,0.00,0.00,0.00,0.00
797.25,33.16,33.80,36.00,30.00,AUTO,1,100,0,163.69,46.87,0.00,210.56,0.00,0.00,0.00,0.00
798.26,33.19,33.72,36.00,30.00,AUTO,1,100,0,163.69,46.87,0.00,210.56,0.00,0.00,0.00,0.00
799.26,33.22,33.68,36.00,30.00,AUTO,1,100,0,147.19,46.87,0.00,194.06,0.00,0.00,0.00,0.00
800.26,33.30,33.66,36.00,30.00,AUTO,1,100,0,147.19,46.87,0.00,194.06,0.00,0.00,0.00,0.00
801.26,33.33,33.57,36.00,30.00,AUTO,1,100,0,147.19,46.87,0.00,194.06,0.00,0.00,0.00,0.00
802.26,33.37,33.50,36.00,30.00,AUTO,1,100,0,147.19,46.87,0.00,194.06,0.00,0.00,0.00,0.00
803.27,33.41,33.45,36.00,30.00,AUTO,1,100,0,147.19,46.87,0.00,194.06,0.00,0.00,0.00,0.00
804.27,33.44,33.41,36.00,30.00,AUTO,1,100,0,147.19,46.87,0.00,194.06,0.00,0.00,0.00,0.00
805.27,33.47,33.35,36.00,30.00,AUTO,1,100,0,147.19,46.87,0.00,194.06,0.00,0.00,0.00,0.00
806.27,33.51,33.31,36.00,30.00,AUTO,1,100,0,147.19,46.87,0.00,194.06,0.00,0.00,0.00,0.00
807.27,33.56,33.19,36.00,30.00,AUTO,1,100,0,130.94,46.87,0.00,177.81,0.00,0.00,0.00,0.00
808.27,33.58,33.19,36.00,30.00,AUTO,1,100,0,130.94,46.87,0.00,177.81,0.00,0.00,0.00,0.00
809.27,33.60,33.15,36.00,30.00,AUTO,1,100,0,130.94,46.87,0.00,177.81,0.00,0.00,0.00,0.00
810.27,33.63,33.11,36.00,30.00,AUTO,1,100,0,130.94,46.87,0.00,177.81,0.00,0.00,0.00,0.00
811.28,33.65,33.09,36.00,30.00,AUTO,1,100,0,130.94,46.87,0.00,177.81,0.00,0.00,0.00,0.00
812.28,33.68,33.05,36.00,30.00,AUTO,1,100,0,130.94,46.87,0.00,177.81,0.00,0.00,0.00,0.00
813.28,33.72,33.01,36.00,30.00,AUTO,1,100,0,130.94,46.87,0.00,177.81,0.00,0.00,0.00,0.00
814.28,33.76,32.97,36.00,30.00,AUTO,1,100,0,130.94,46.87,0.00,177.81,0.00,0.00,0.00,0.00
815.28,33.80,32.90,36.00,30.00,AUTO,1,100,0,117.62,46.87,0.00,164.50,0.00,0.00,0.00,0.00
816.28,33.86,32.86,36.00,30.00,AUTO,1,100,0,117.62,46.87,0.00,164.50,0.00,0.00,0.00,0.00
817.29,33.91,32.83,36.00,30.00,AUTO,1,100,0,117.62,46.87,0.00,164.50,0.00,0.00,0.00,0.00
818.29,33.95,32.74,36.00,30.00,AUTO,1,100,0,117.62,46.87,0.00,164.50,0.00,0.00,0.00,0.00
819.29,33.99,32.72,36.00,30.00,AUTO,1,100,0,117.62,46.87,0.00,164.50,0.00,0.00,0.00,0.00
820.29,34.02,32.64,36.00,30.00,AUTO,1,100,0,117.62,46.87,0.00,164.50,0.00,0.00,0.00,0.00
821.29,34.05,32.60,36.00,30.00,AUTO,1,100,0,117.62,46.87,0.00,164.50,0.00,0.00,0.00,0.00
822.30,34.08,32.56,36.00,30.00,AUTO,1,100,0,117.62,46.87,0.00,164.50,0.00,0.00,0.00,0.00
823.29,34.11,32.52,36.00,30.00,AUTO,1,100,0,102.12,46.87,0.00,149.00,0.00,0.00,0.00,0.00
824.30,34.16,32.50,36.00,30.00,AUTO,1,100,0,102.12,46.87,0.00,149.00,0.00,0.00,0.00,0.00
825.30,34.19,32.46,36.00,30.00,AUTO,1,100,0,102.12,46.87,0.00,149.00,0.00,0.00,0.00,0.00
826.30,34.22,32.38,36.00,30.00,AUTO,1,100,0,102.12,46.87,0.00,149.00,0.00,0.00,0.00,0.00
827.30,34.26,32.34,36.00,30.00,AUTO,0,100,0,102.12,46.87,0.00,149.00,0.00,0.00,0.00,0.00
828.30,34.31,32.25,36.00,30.00,AUTO,0,100,0,102.12,46.87,0.00,149.00,0.00,0.00,0.00,0.00
829.31,34.34,32.23,36.00,30.00,AUTO,0,100,0,102.12,46.87,0.00,149.00,0.00,0.00,0.00,0.00
830.31,34.38,32.19,36.00,30.00,AUTO,0,100,0,102.12,46.87,0.00,149.00,0.00,0.00,0.00,0.00
831.31,34.41,32.15,36.00,30.00,AUTO,0,100,0,87.69,46.87,0.00,134.56,0.00,0.00,0.00,0.00
832.31,34.46,32.11,36.00,30.00,AUTO,0,100,0,87.69,46.87,0.00,134.56,0.00,0.00,0.00,0.00
833.31,34.48,32.07,36.00,30.00,AUTO,0,100,0,87.69,46.87,0.00,134.56,0.00,0.00,0.00,0.00
834.31,34.53,32.05,36.00,30.00,AUTO,0,100,0,87.69,46.87,0.00,134.56,0.00,0.00,0.00,0.00
835.32,34.55,31.96,36.00,30.00,AUTO,0,100,0,87.69,46.87,0.00,134.56,0.00,0.00,0.00,0.00
836.32,34.57,31.93,36.00,30.00,AUTO,0,100,0,87.69,46.87,0.00,134.56,0.00,0.00,0.00,0.00
837.32,34.61,31.93,36.00,30.00,AUTO,0,100,0,87.69,46.87,0.00,134.56,0.00,0.00,0.00,0.00
838.32,34.66,31.90,36.00,30.00,AUTO,0,100,0,87.69,46.87,0.00,134.56,0.00,0.00,0.00,0.00
839.32,34.67,31.86,36.00,30.00,AUTO,0,100,0,73.31,46.87,0.00,120.18,0.00,0.00,0.00,0.00
840.32,34.70,31.78,36.00,30.00,AUTO,0,100,0,73.31,46.87,0.00,120.18,0.00,0.00,0.00,0.00
841.32,34.74,31.78,36.00,30.00,AUTO,0,100,0,73.31,46.87,0.00,120.18,0.00,0.00,0.00,0.00
842.32,34.77,31.74,36.00,30.00,AUTO,0,100,0,73.31,46.87,0.00,120.18,0.00,0.00,0.00,0.00
843.33,34.80,31.70,36.00,30.00,AUTO,0,100,0,73.31,46.87,0.00,120.18,0.00,0.00,0.00,0.00
844.33,34.83,31.67,36.00,30.00,AUTO,0,100,0,73.31,46.87,0.00,120.18,0.00,0.00,0.00,0.00
845.33,34.88,31.64,36.00,30.00,AUTO,0,100,0,73.31,46.87,0.00,120.18,0.00,0.00,0.00,0.00
846.33,34.91,31.60,36.00,30.00,AUTO,0,100,0,73.31,46.87,0.00,120.18,0.00,0.00,0.00,0.00
847.33,34.92,31.56,36.00,30.00,AUTO,0,100,0,60.63,46.87,0.00,107.50,0.00,0.00,0.00,0.00
848.34,34.94,31.48,36.00,30.00,AUTO,0,100,0,60.63,46.87,0.00,107.50,0.00,0.00,0.00,0.00
849.34,34.98,31.44,36.00,30.00,AUTO,0,100,0,60.63,46.87,0.00,107.50,0.00,0.00,0.00,0.00
850.34,35.01,31.41,36.00,30.00,AUTO,0,100,0,60.63,46.87,0.00,107.50,0.00,0.00,0.00,0.00
851.34,35.04,31.37,36.00,30.00,AUTO,0,100,0,60.63,46.87,0.00,107.50,0.00,0.00,0.00,0.00
852.34,35.06,31.33,36.00,30.00,AUTO,0,100,0,60.63,46.87,0.00,107.50,0.00,0.00,0.00,0.00
853.34,35.08,31.29,36.00,30.00,AUTO,0,100,0,60.63,46.87,0.00,107.50,0.00,0.00,0.00,0.00
854.35,35.11,31.29,36.00,30.00,AUTO,0,100,0,60.63,46.87,0.00,107.50,0.00,0.00,0.00,0.00
855.35,35.14,31.25,36.00,30.00,AUTO,0,100,0,49.13,46.87,0.00,96.00,0.00,0.00,0.00,0.00
856.35,35.18,31.22,36.00,30.00,AUTO,0,100,0,49.13,46.87,0.00,96.00,0.00,0.00,0.00,0.00
857.35,35.20,31.19,36.00,30.00,AUTO,0,100,0,49.13,46.87,0.00,96.00,0.00,0.00,0.00,0.00
858.35,35.23,31.15,36.00,30.00,AUTO,0,100,0,49.13,46.87,0.00,96.00,0.00,0.00,0.00,0.00
859.35,35.26,31.15,36.00,30.00,AUTO,0,100,0,49.13,46.87,0.00,96.00,0.00,0.00,0.00,0.00
860.35,35.30,31.11,36.00,30.00,AUTO,0,100,0,49.13,46.87,0.00,96.00,0.00,0.00,0.00,0.00
861.36,35.34,31.04,36.00,30.00,AUTO,0,100,0,49.13,46.87,0.00,96.00,0.00,0.00,0.00,0.00
862.36,35.35,31.00,36.00,30.00,AUTO,0,100,0,49.13,46.87,0.00,96.00,0.00,0.00,0.00,0.00
863.36,35.38,31.00,36.00,30.00,AUTO,0,90,0,37.50,52.87,0.00,90.37,0.00,0.00,0.00,0.00
864.36,35.41,30.96,36.00,30.00,AUTO,0,90,0,37.50,52.87,0.00,90.37,0.00,0.00,0.00,0.00
865.36,35.43,30.92,36.00,30.00,AUTO,0,90,0,37.50,52.87,0.00,90.37,0.00,0.00,0.00,0.00
866.36,35.47,30.92,36.00,30.00,AUTO,0,90,0,37.50,52.87,0.00,90.37,0.00,0.00,0.00,0.00
867.37,35.48,30.88,36.00,30.00,AUTO,0,90,0,37.50,52.87,0.00,90.37,0.00,0.00,0.00,0.00
868.37,35.51,30.83,36.00,30.00,AUTO,0,90,0,37.50,52.87,0.00,90.37,0.00,0.00,0.00,0.00
869.37,35.55,30.81,36.00,30.00,AUTO,0,90,0,37.50,52.87,0.00,90.37,0.00,0.00,0.00,0.00
870.37,35.58,30.77,36.00,30.00,AUTO,0,90,0,37.50,52.87,0.00,90.37,0.00,0.00,0.00,0.00
871.37,35.64,30.74,36.00,30.00,AUTO,0,83,0,26.19,57.06,0.00,83.25,0.00,0.00,0.00,0.00
872.37,35.64,30.74,36.00,30.00,AUTO,0,83,0,26.19,57.06,0.00,83.25,0.00,0.00,0.00,0.00
873.37,35.67,30.69,36.00,30.00,AUTO,0,83,0,26.19,57.06,0.00,83.25,0.00,0.00,0.00,0.00
874.37,35.69,30.63,36.00,30.00,AUTO,0,83,0,26.19,57.06,0.00,83.25,0.00,0.00,0.00,0.00
875.38,35.70,30.59,36.00,30.00,AUTO,0,83,0,26.19,57.06,0.00,83.25,0.00,0.00,0.00,0.00
876.38,35.73,30.59,36.00,30.00,AUTO,0,83,0,26.19,57.06,0.00,83.25,0.00,0.00,0.00,0.00
877.38,35.77,30.55,36.00,30.00,AUTO,0,83,0,26.19,57.06,0.00,83.25,0.00,0.00,0.00,0.00
878.38,35.81,30.51,36.00,30.00,AUTO,0,83,0,26.19,57.06,0.00,83.25,0.00,0.00,0.00,0.00
879.38,35.84,30.51,36.00,30.00,AUTO,0,74,0,14.69,59.41,0.00,74.10,0.00,0.00,0.00,0.00
880.39,35.85,30.48,36.00,30.00,AUTO,0,74,0,14.69,59.41,0.00,74.10,0.00,0.00,0.00,0.00
881.39,35.86,30.45,36.00,30.00,AUTO,0,74,0,14.69,59.41,0.00,74.10,0.00,0.00,0.00,0.00
882.39,35.89,30.41,36.00,30.00,AUTO,0,74,0,14.69,59.41,0.00,74.10,0.00,0.00,0.00,0.00
883.39,35.89,30.41,36.00,30.00,AUTO,0,74,0,14.69,59.41,0.00,74.10,0.00,0.00,0.00,0.00
884.39,35.92,30.41,36.00,30.00,AUTO,0,74,0,14.69,59.41,0.00,74.10,0.00,0.00,0.00,0.00
885.39,35.95,30.36,36.00,30.00,AUTO,0,74,0,14.69,59.41,0.00,74.10,0.00,0.00,0.00,0.00
886.39,35.98,30.32,36.00,30.00,AUTO,0,74,0,14.69,59.41,0.00,74.10,0.00,0.00,0.00,0.00
887.40,36.02,30.32,36.00,30.00,AUTO,0,65,0,5.13,60.23,0.00,65.36,0.00,0.00,0.00,0.00
888.40,36.02,30.32,36.00,30.00,AUTO,0,65,0,5.13,60.23,0.00,65.36,0.00,0.00,0.00,0.00
889.40,36.02,30.29,36.00,30.00,AUTO,0,65,0,5.13,60.23,0.00,65.36,0.00,0.00,0.00,0.00
890.40,36.03,30.25,36.00,30.00,AUTO,0,65,0,5.13,60.23,0.00,65.36,0.00,0.00,0.00,0.00
891.40,36.04,30.25,36.00,30.00,AUTO,0,65,0,5.13,60.23,0.00,65.36,0.00,0.00,0.00,0.00
892.40,36.06,30.22,36.00,30.00,AUTO,0,65,0,5.13,60.23,0.00,65.36,0.00,0.00,0.00,0.00
893.41,36.11,30.18,36.00,30.00,AUTO,0,65,0,5.13,60.23,0.00,65.36,0.00,0.00,0.00,0.00
894.41,36.13,30.18,36.00,30.00,AUTO,0,65,0,5.13,60.23,0.00,65.36,0.00,0.00,0.00,0.00
895.41,36.15,30.13,36.00,30.00,AUTO,0,57,0,-2.69,59.80,0.00,57.11,0.00,0.00,0.00,0.00
896.41,36.14,30.13,36.00,30.00,AUTO,0,57,0,-2.69,59.80,0.00,57.11,0.00,0.00,0.00,0.00
897.41,36.15,30.13,36.00,30.00,AUTO,0,57,0,-2.69,59.80,0.00,57.11,0.00,0.00,0.00,0.00
898.41,36.18,30.09,36.00,30.00,AUTO,0,57,0,-2.69,59.80,0.00,57.11,0.00,0.00,0.00,0.00
899.42,36.19,30.09,36.00,30.00,AUTO,0,57,0,-2.69,59.80,0.00,57.11,0.00,0.00,0.00,0.00
900.42,36.24,30.07,36.00,30.00,AUTO,0,57,0,-2.69,59.80,0.00,57.11,0.00,0.00,0.00,0.00
901.42,36.26,30.07,36.00,30.00,AUTO,0,57,0,-2.69,59.80,0.00,57.11,0.00,0.00,0.00,0.00
902.42,36.27,30.03,36.00,30.00,AUTO,0,57,0,-2.69,59.80,0.00,57.11,0.00,0.00,0.00,0.00
903.42,36.28,30.03,36.00,30.00,AUTO,0,48,0,-9.88,58.22,0.00,48.35,0.00,0.00,0.00,0.00
904.42,36.27,30.03,36.00,30.00,AUTO,0,48,0,-9.88,58.22,0.00,48.35,0.00,0.00,0.00,0.00
905.42,36.27,30.00,36.00,30.00,AUTO,0,48,0,-9.88,58.22,0.00,48.35,0.00,0.00,0.00,0.00
906.43,36.27,30.00,36.00,30.00,AUTO,0,48,0,-9.88,58.22,0.00,48.35,0.00,0.00,0.00,0.00
907.43,36.30,30.00,36.00,30.00,AUTO,0,48,0,-9.88,58.22,0.00,48.35,0.00,0.00,0.00,0.00
908.43,36.31,30.00,36.00,30.00,AUTO,0,48,0,-9.88,58.22,0.00,48.35,0.00,0.00,0.00,0.00
909.43,36.32,30.00,36.00,30.00,AUTO,0,48,0,-9.88,58.22,0.00,48.35,0.00,0.00,0.00,0.00
910.43,36.33,29.95,36.00,30.00,AUTO,0,48,0,-9.88,58.22,0.00,48.35,0.00,0.00,0.00,0.00
911.43,36.34,29.95,36.00,30.00,AUTO,0,41,0,-14.69,55.87,0.00,41.18,0.00,0.00,0.00,0.00
912.44,36.33,29.95,36.00,30.00,AUTO,0,41,0,-14.69,55.87,0.00,41.18,0.00,0.00,0.00,0.00
913.44,36.33,29.95,36.00,30.00,AUTO,0,41,0,-14.69,55.87,0.00,41.18,0.00,0.00,0.00,0.00
914.44,36.33,29.95,36.00,30.00,AUTO,0,41,0,-14.69,55.87,0.00,41.18,0.00,0.00,0.00,0.00
915.44,36.37,29.96,36.00,30.00,AUTO,0,41,0,-14.69,55.87,0.00,41.18,0.00,0.00,0.00,0.00
916.44,36.38,29.96,36.00,30.00,AUTO,0,41,0,-14.69,55.87,0.00,41.18,0.00,0.00,0.00,0.00
917.44,36.38,29.93,36.00,30.00,AUTO,0,41,0,-14.69,55.87,0.00,41.18,0.00,0.00,0.00,0.00
918.44,36.39,29.93,36.00,30.00,AUTO,0,41,0,-14.69,55.87,0.00,41.18,0.00,0.00,0.00,0.00
919.45,36.39,29.93,36.00,30.00,AUTO,0,35,0,-17.81,53.02,0.00,35.21,0.00,0.00,0.00,0.00
920.45,36.38,29.93,36.00,30.00,AUTO,0,35,0,-17.81,53.02,0.00,35.21,0.00,0.00,0.00,0.00
921.45,36.38,29.93,36.00,30.00,AUTO,0,35,0,-17.81,53.02,0.00,35.21,0.00,0.00,0.00,0.00
922.45,36.40,29.93,36.00,30.00,AUTO,0,35,0,-17.81,53.02,0.00,35.21,0.00,0.00,0.00,0.00
923.45,36.41,29.93,36.00,30.00,AUTO,0,35,0,-17.81,53.02,0.00,35.21,0.00,0.00,0.00,0.00
924.45,36.41,29.93,36.00,30.00,AUTO,0,35,0,-17.81,53.02,0.00,35.21,0.00,0.00,0.00,0.00
925.46,36.41,29.93,36.00,30.00,AUTO,0,35,0,-17.81,53.02,0.00,35.21,0.00,0.00,0.00,0.00
926.46,36.41,29.93,36.00,30.00,AUTO,0,35,0,-17.81,53.02,0.00,35.21,0.00,0.00,0.00,0.00
927.46,36.40,29.93,36.00,30.00,AUTO,0,29,0,-19.94,49.83,0.00,29.89,0.00,0.00,0.00,0.00
928.46,36.39,29.93,36.00,30.00,AUTO,0,29,0,-19.94,49.83,0.00,29.89,0.00,0.00,0.00,0.00
929.46,36.39,29.93,36.00,30.00,AUTO,0,29,0,-19.94,49.83,0.00,29.89,0.00,0.00,0.00,0.00
930.46,36.41,29.93,36.00,30.00,AUTO,0,29,0,-19.94,49.83,0.00,29.89,0.00,0.00,0.00,0.00
931.47,36.41,29.93,36.00,30.00,AUTO,0,29,0,-19.94,49.83,0.00,29.89,0.00,0.00,0.00,0.00
932.47,36.41,29.93,36.00,30.00,AUTO,0,29,0,-19.94,49.83,0.00,29.89,0.00,0.00,0.00,0.00
933.47,36.41,29.93,36.00,30.00,AUTO,0,29,0,-19.94,49.83,0.00,29.89,0.00,0.00,0.00,0.00
934.47,36.41,29.93,36.00,30.00,AUTO,0,29,0,-19.94,49.83,0.00,29.89,0.00,0.00,0.00,0.00
935.47,36.41,29.96,36.00,30.00,AUTO,0,26,0,-20.19,46.60,0.00,26.41,0.00,0.00,0.00,0.00
936.47,36.39,29.96,36.00,30.00,AUTO,0,26,0,-20.19,46.60,0.00,26.41,0.00,0.00,0.00,0.00
937.48,36.39,29.96,36.00,30.00,AUTO,0,26,0,-20.19,46.60,0.00,26.41,0.00,0.00,0.00,0.00
938.48,36.40,29.96,36.00,30.00,AUTO,0,26,0,-20.19,46.60,0.00,26.41,0.00,0.00,0.00,0.00
939.48,36.39,29.96,36.00,30.00,AUTO,0,26,0,-20.19,46.60,0.00,26.41,0.00,0.00,0.00,0.00
940.48,36.39,30.01,36.00,30.00,AUTO,0,26,0,-20.19,46.60,0.00,26.41,0.00,0.00,0.00,0.00
941.48,36.39,30.01,36.00,30.00,AUTO,0,26,0,-20.19,46.60,0.00,26.41,0.00,0.00,0.00,0.00
942.48,36.38,30.01,36.00,30.00,AUTO,0,26,0,-20.19,46.60,0.00,26.41,0.00,0.00,0.00,0.00
943.48,36.37,30.00,36.00,30.00,AUTO,0,23,0,-19.62,43.46,0.00,23.84,0.00,0.00,0.00,0.00
944.49,36.34,30.00,36.00,30.00,AUTO,0,23,0,-19.62,43.46,0.00,23.84,0.00,0.00,0.00,0.00
945.49,36.36,30.00,36.00,30.00,AUTO,0,23,0,-19.62,43.46,0.00,23.84,0.00,0.00,0.00,0.00
946.49,36.36,30.00,36.00,30.00,AUTO,0,23,0,-19.62,43.46,0.00,23.84,0.00,0.00,0.00,0.00
947.49,36.34,30.03,36.00,30.00,AUTO,0,23,0,-19.62,43.46,0.00,23.84,0.00,0.00,0.00,0.00
948.49,36.34,30.03,36.00,30.00,AUTO,0,23,0,-19.62,43.46,0.00,23.84,0.00,0.00,0.00,0.00
949.50,36.33,30.07,36.00,30.00,AUTO,0,23,0,-19.62,43.46,0.00,23.84,0.00,0.00,0.00,0.00
950.50,36.32,30.07,36.00,30.00,AUTO,0,23,0,-19.62,43.46,0.00,23.84,0.00,0.00,0.00,0.00
951.50,36.32,30.07,36.00,30.00,AUTO,0,23,0,-17.25,40.70,0.00,23.45,0.00,0.00,0.00,0.00
952.50,36.29,30.07,36.00,30.00,AUTO,0,23,0,-17.25,40.70,0.00,23.45,0.00,0.00,0.00,0.00
953.50,36.31,30.07,36.00,30.00,AUTO,0,23,0,-17.25,40.70,0.00,23.45,0.00,0.00,0.00,0.00
954.50,36.29,30.07,36.00,30.00,AUTO,0,23,0,-17.25,40.70,0.00,23.45,0.00,0.00,0.00,0.00
955.50,36.28,30.11,36.00,30.00,AUTO,0,23,0,-17.25,40.70,0.00,23.45,0.00,0.00,0.00,0.00
956.50,36.28,30.11,36.00,30.00,AUTO,0,23,0,-17.25,40.70,0.00,23.45,0.00,0.00,0.00,0.00
957.51,36.28,30.16,36.00,30.00,AUTO,0,23,0,-17.25,40.70,0.00,23.45,0.00,0.00,0.00,0.00
958.51,36.27,30.16,36.00,30.00,AUTO,0,23,0,-17.25,40.70,0.00,23.45,0.00,0.00,0.00,0.00
959.51,36.26,30.16,36.00,30.00,AUTO,0,23,0,-14.50,38.38,0.00,23.88,0.00,0.00,0.00,0.00
960.51,36.23,30.19,36.00,30.00,AUTO,0,23,0,-14.50,38.38,0.00,23.88,0.00,0.00,0.00,0.00
961.51,36.25,30.19,36.00,30.00,AUTO,0,23,0,-14.50,38.38,0.00,23.88,0.00,0.00,0.00,0.00
962.51,36.23,30.19,36.00,30.00,AUTO,0,23,0,-14.50,38.38,0.00,23.88,0.00,0.00,0.00,0.00
963.52,36.23,30.23,36.00,30.00,AUTO,0,23,0,-14.50,38.38,0.00,23.88,0.00,0.00,0.00,0.00
964.52,36.22,30.23,36.00,30.00,AUTO,0,23,0,-14.50,38.38,0.00,23.88,0.00,0.00,0.00,0.00
965.52,36.21,30.22,36.00,30.00,AUTO,0,23,0,-14.50,38.38,0.00,23.88,0.00,0.00,0.00,0.00
966.52,36.19,30.22,36.00,30.00,AUTO,0,23,0,-14.50,38.38,0.00,23.88,0.00,0.00,0.00,0.00
967.52,36.18,30.25,36.00,30.00,AUTO,0,25,0,-11.38,36.56,0.00,25.19,0.00,0.00,0.00,0.00
968.53,36.16,30.25,36.00,30.00,AUTO,0,25,0,-11.38,36.56,0.00,25.19,0.00,0.00,0.00,0.00
969.53,36.15,30.30,36.00,30.00,AUTO,0,25,0,-11.38,36.56,0.00,25.19,0.00,0.00,0.00,0.00
970.53,36.16,30.30,36.00,30.00,AUTO,0,25,0,-11.38,36.56,0.00,25.19,0.00,0.00,0.00,0.00
971.54,36.14,30.30,36.00,30.00,AUTO,0,25,0,-11.38,36.56,0.00,25.19,0.00,0.00,0.00,0.00
972.53,36.14,30.34,36.00,30.00,AUTO,0,25,0,-11.38,36.56,0.00,25.19,0.00,0.00,0.00,0.00
973.53,36.13,30.34,36.00,30.00,AUTO,0,25,0,-11.38,36.56,0.00,25.19,0.00,0.00,0.00,0.00
974.53,36.12,30.34,36.00,30.00,AUTO,0,25,0,-11.38,36.56,0.00,25.19,0.00,0.00,0.00,0.00
975.53,36.12,30.34,36.00,30.00,AUTO,0,28,0,-7.38,35.38,0.00,28.01,0.00,0.00,0.00,0.00
976.55,36.08,30.38,36.00,30.00,AUTO,0,28,0,-7.38,35.38,0.00,28.01,0.00,0.00,0.00,0.00
977.54,36.07,30.38,36.00,30.00,AUTO,0,28,0,-7.38,35.38,0.00,28.01,0.00,0.00,0.00,0.00
978.54,36.07,30.42,36.00,30.00,AUTO,0,28,0,-7.38,35.38,0.00,28.01,0.00,0.00,0.00,0.00
979.54,36.06,30.42,36.00,30.00,AUTO,0,28,0,-7.38,35.38,0.00,28.01,0.00,0.00,0.00,0.00
980.54,36.03,30.46,36.00,30.00,AUTO,0,28,0,-7.38,35.38,0.00,28.01,0.00,0.00,0.00,0.00
981.55,36.03,30.45,36.00,30.00,AUTO,0,28,0,-7.38,35.38,0.00,28.01,0.00,0.00,0.00,0.00
982.54,36.02,30.45,36.00,30.00,AUTO,0,28,0,-7.38,35.38,0.00,28.01,0.00,0.00,0.00,0.00
983.55,36.02,30.48,36.00,30.00,AUTO,0,31,0,-3.00,34.90,0.00,31.90,0.00,0.00,0.00,0.00
984.55,36.02,30.48,36.00,30.00,AUTO,0,31,0,-3.00,34.90,0.00,31.90,0.00,0.00,0.00,0.00
985.55,36.02,30.48,36.00,30.00,AUTO,0,31,0,-3.00,34.90,0.00,31.90,0.00,0.00,0.00,0.00
986.55,36.02,30.53,36.00,30.00,AUTO,0,31,0,-3.00,34.90,0.00,31.90,0.00,0.00,0.00,0.00
987.56,36.02,30.53,36.00,30.00,AUTO,0,31,0,-3.00,34.90,0.00,31.90,0.00,0.00,0.00,0.00
988.55,36.02,30.53,36.00,30.00,AUTO,0,31,0,-3.00,34.90,0.00,31.90,0.00,0.00,0.00,0.00
989.56,35.99,30.57,36.00,30.00,AUTO,0,31,0,-3.00,34.90,0.00,31.90,0.00,0.00,0.00,0.00
990.56,35.98,30.57,36.00,30.00,AUTO,0,31,0,-3.00,34.90,0.00,31.90,0.00,0.00,0.00,0.00
991.56,35.96,30.57,36.00,30.00,AUTO,0,34,0,-0.56,34.81,0.00,34.25,0.00,0.00,0.00,0.00
992.56,35.94,30.61,36.00,30.00,AUTO,0,34,0,-0.56,34.81,0.00,34.25,0.00,0.00,0.00,0.00
993.56,35.93,30.61,36.00,30.00,AUTO,0,34,0,-0.56,34.81,0.00,34.25,0.00,0.00,0.00,0.00
994.56,35.94,30.61,36.00,30.00,AUTO,0,34,0,-0.56,34.81,0.00,34.25,0.00,0.00,0.00,0.00
995.57,35.93,30.64,36.00,30.00,AUTO,0,34,0,-0.56,34.81,0.00,34.25,0.00,0.00,0.00,0.00
996.57,35.92,30.64,36.00,30.00,AUTO,0,34,0,-0.56,34.81,0.00,34.25,0.00,0.00,0.00,0.00
997.57,35.92,30.73,36.00,30.00,AUTO,0,34,0,-0.56,34.81,0.00,34.25,0.00,0.00,0.00,0.00
998.57,35.90,30.73,36.00,30.00,AUTO,0,34,0,-0.56,34.81,0.00,34.25,0.00,0.00,0.00,0.00
999.58,35.89,30.73,36.00,30.00,AUTO,0,38,0,3.50,35.37,0.00,38.87,0.00,0.00,0.00,0.00
1000.57,35.86,30.77,36.00,30.00,AUTO,0,38,0,3.50,35.37,0.00,38.87,0.00,0.00,0.00,0.00
1001.57,35.85,30.77,36.00,30.00,AUTO,0,38,0,3.50,35.37,0.00,38.87,0.00,0.00,0.00,0.00
1002.58,35.84,30.75,36.00,30.00,AUTO,0,38,0,3.50,35.37,0.00,38.87,0.00,0.00,0.00,0.00
1003.58,35.85,30.80,36.00,30.00,AUTO,0,38,0,3.50,35.37,0.00,38.87,0.00,0.00,0.00,0.00
1004.59,35.85,30.80,36.00,30.00,AUTO,0,38,0,3.50,35.37,0.00,38.87,0.00,0.00,0.00,0.00
1005.59,35.84,30.79,36.00,30.00,AUTO,0,38,0,3.50,35.37,0.00,38.87,0.00,0.00,0.00,0.00
1006.58,35.83,30.79,36.00,30.00,AUTO,0,38,0,3.50,35.37,0.00,38.87,0.00,0.00,0.00,0.00
1007.59,35.82,30.83,36.00,30.00,AUTO,0,44,0,7.44,36.56,0.00,44.00,0.00,0.00,0.00,0.00
1008.59,35.80,30.83,36.00,30.00,AUTO,0,44,0,7.44,36.56,0.00,44.00,0.00,0.00,0.00,0.00
1009.59,35.79,30.83,36.00,30.00,AUTO,0,44,0,7.44,36.56,0.00,44.00,0.00,0.00,0.00,0.00
1010.59,35.78,30.87,36.00,30.00,AUTO,0,44,0,7.44,36.56,0.00,44.00,0.00,0.00,0.00,0.00
1011.59,35.79,30.87,36.00,30.00,AUTO,0,44,0,7.44,36.56,0.00,44.00,0.00,0.00,0.00,0.00
1012.59,35.79,30.87,36.00,30.00,AUTO,0,44,0,7.44,36.56,0.00,44.00,0.00,0.00,0.00,0.00
1013.60,35.78,30.91,36.00,30.00,AUTO,0,44,0,7.44,36.56,0.00,44.00,0.00,0.00,0.00,0.00
1014.59,35.78,30.91,36.00,30.00,AUTO,0,44,0,7.44,36.56,0.00,44.00,0.00,0.00,0.00,0.00
1015.60,35.78,30.91,36.00,30.00,AUTO,0,48,0,10.44,38.23,0.00,48.67,0.00,0.00,0.00,0.00
1016.60,35.74,30.91,36.00,30.00,AUTO,0,48,0,10.44,38.23,0.00,48.67,0.00,0.00,0.00,0.00
1017.60,35.74,30.95,36.00,30.00,AUTO,0,48,0,10.44,38.23,0.00,48.67,0.00,0.00,0.00,0.00
1018.60,35.73,30.95,36.00,30.00,AUTO,0,48,0,10.44,38.23,0.00,48.67,0.00,0.00,0.00,0.00
1019.60,35.74,30.95,36.00,30.00,AUTO,0,48,0,10.44,38.23,0.00,48.67,0.00,0.00,0.00,0.00
1020.60,35.74,30.99,36.00,30.00,AUTO,0,48,0,10.44,38.23,0.00,48.67,0.00,0.00,0.00,0.00
1021.61,35.74,30.99,36.00,30.00,AUTO,0,48,0,10.44,38.23,0.00,48.67,0.00,0.00,0.00,0.00
1022.61,35.73,30.99,36.00,30.00,AUTO,0,48,0,10.44,38.23,0.00,48.67,0.00,0.00,0.00,0.00
1023.61,35.73,30.99,36.00,30.00,AUTO,0,53,0,12.88,40.29,0.00,53.17,0.00,0.00,0.00,0.00
1024.61,35.71,30.99,36.00,30.00,AUTO,0,53,0,12.88,40.29,0.00,53.17,0.00,0.00,0.00,0.00
1025.61,35.70,30.99,36.00,30.00,AUTO,0,53,0,12.88,40.29,0.00,53.17,0.00,0.00,0.00,0.00
1026.61,35.69,31.03,36.00,30.00,AUTO,0,53,0,12.88,40.29,0.00,53.17,0.00,0.00,0.00,0.00
1027.62,35.70,31.03,36.00,30.00,AUTO,0,53,0,12.88,40.29,0.00,53.17,0.00,0.00,0.00,0.00
1028.62,35.71,31.03,36.00,30.00,AUTO,0,53,0,12.88,40.29,0.00,53.17,0.00,0.00,0.00,0.00
1029.62,35.72,31.03,36.00,30.00,AUTO,0,53,0,12.88,40.29,0.00,53.17,0.00,0.00,0.00,0.00
1030.62,35.71,31.03,36.00,30.00,AUTO,0,53,0,12.88,40.29,0.00,53.17,0.00,0.00,0.00,0.00
1031.62,35.70,31.03,36.00,30.00,AUTO,0,57,0,14.56,42.62,0.00,57.18,0.00,0.00,0.00,0.00
1032.63,35.68,31.03,36.00,30.00,AUTO,0,57,0,14.56,42.62,0.00,57.18,0.00,0.00,0.00,0.00
1033.62,35.68,31.07,36.00,30.00,AUTO,0,57,0,14.56,42.62,0.00,57.18,0.00,0.00,0.00,0.00
1034.63,35.68,31.06,36.00,30.00,AUTO,0,57,0,14.56,42.62,0.00,57.18,0.00,0.00,0.00,0.00
1035.63,35.69,31.07,36.00,30.00,AUTO,0,57,0,14.56,42.62,0.00,57.18,0.00,0.00,0.00,0.00
1036.63,35.70,31.07,36.00,30.00,AUTO,0,57,0,14.56,42.62,0.00,57.18,0.00,0.00,0.00,0.00
1037.63,35.70,31.07,36.00,30.00,AUTO,0,57,0,14.56,42.62,0.00,57.18,0.00,0.00,0.00,0.00
1038.63,35.70,31.07,36.00,30.00,AUTO,0,57,0,14.56,42.62,0.00,57.18,0.00,0.00,0.00,0.00
1039.64,35.71,31.07,36.00,30.00,AUTO,0,60,0,15.44,45.09,0.00,60.53,0.00,0.00,0.00,0.00
1040.64,35.69,31.07,36.00,30.00,AUTO,0,60,0,15.44,45.09,0.00,60.53,0.00,0.00,0.00,0.00
1041.64,35.69,31.07,36.00,30.00,AUTO,0,60,0,15.44,45.09,0.00,60.53,0.00,0.00,0.00,0.00
1042.64,35.69,31.07,36.00,30.00,AUTO,0,60,0,15.44,45.09,0.00,60.53,0.00,0.00,0.00,0.00
1043.64,35.68,31.09,36.00,30.00,AUTO,0,60,0,15.44,45.09,0.00,60.53,0.00,0.00,0.00,0.00
1044.64,35.70,31.12,36.00,30.00,AUTO,0,60,0,15.44,45.09,0.00,60.53,0.00,0.00,0.00,0.00
1045.65,35.71,31.12,36.00,30.00,AUTO,0,60,0,15.44,45.09,0.00,60.53,0.00,0.00,0.00,0.00
1046.65,35.72,31.12,36.00,30.00,AUTO,0,60,0,15.44,45.09,0.00,60.53,0.00,0.00,0.00,0.00
1047.65,35.72,31.07,36.00,30.00,AUTO,0,62,0,15.06,47.50,0.00,62.56,0.00,0.00,0.00,0.00
1048.65,35.70,31.07,36.00,30.00,AUTO,0,62,0,15.06,47.50,0.00,62.56,0.00,0.00,0.00,0.00
1049.65,35.70,31.07,36.00,30.00,AUTO,0,62,0,15.06,47.50,0.00,62.56,0.00,0.00,0.00,0.00
1050.65,35.71,31.07,36.00,30.00,AUTO,0,62,0,15.06,47.50,0.00,62.56,0.00,0.00,0.00,0.00
1051.65,35.70,31.12,36.00,30.00,AUTO,0,62,0,15.06,47.50,0.00,62.56,0.00,0.00,0.00,0.00
1052.65,35.71,31.12,36.00,30.00,AUTO,0,62,0,15.06,47.50,0.00,62.56,0.00,0.00,0.00,0.00
1053.66,35.72,31.12,36.00,30.00,AUTO,0,62,0,15.06,47.50,0.00,62.56,0.00,0.00,0.00,0.00
1054.66,35.73,31.12,36.00,30.00,AUTO,0,62,0,15.06,47.50,0.00,62.56,0.00,0.00,0.00,0.00
1055.66,35.74,31.12,36.00,30.00,AUTO,0,64,0,14.44,49.81,0.00,64.25,0.00,0.00,0.00,0.00
1056.66,35.72,31.07,36.00,30.00,AUTO,0,64,0,14.44,49.81,0.00,64.25,0.00,0.00,0.00,0.00
1057.66,35.73,31.07,36.00,30.00,AUTO,0,64,0,14.44,49.81,0.00,64.25,0.00,0.00,0.00,0.00
1058.67,35.74,31.07,36.00,30.00,AUTO,0,64,0,14.44,49.81,0.00,64.25,0.00,0.00,0.00,0.00
1059.67,35.75,31.07,36.00,30.00,AUTO,0,64,0,14.44,49.81,0.00,64.25,0.00,0.00,0.00,0.00
1060.67,35.75,31.07,36.00,30.00,AUTO,0,64,0,14.44,49.81,0.00,64.25,0.00,0.00,0.00,0.00
1061.67,35.78,31.07,36.00,30.00,AUTO,0,64,0,14.44,49.81,0.00,64.25,0.00,0.00,0.00,0.00
1062.67,35.78,31.07,36.00,30.00,AUTO,0,64,0,14.44,49.81,0.00,64.25,0.00,0.00,0.00,0.00
1063.67,35.79,31.07,36.00,30.00,AUTO,0,64,0,12.56,51.82,0.00,64.38,0.00,0.00,0.00,0.00
1064.68,35.77,31.07,36.00,30.00,AUTO,0,64,0,12.56,51.82,0.00,64.38,0.00,0.00,0.00,0.00
1065.68,35.77,31.07,36.00,30.00,AUTO,0,64,0,12.56,51.82,0.00,64.38,0.00,0.00,0.00,0.00
1066.68,35.77,31.07,36.00,30.00,AUTO,0,64,0,12.56,51.82,0.00,64.38,0.00,0.00,0.00,0.00
1067.68,35.77,31.07,36.00,30.00,AUTO,0,64,0,12.56,51.82,0.00,64.38,0.00,0.00,0.00,0.00
1068.68,35.78,31.07,36.00,30.00,AUTO,0,64,0,12.56,51.82,0.00,64.38,0.00,0.00,0.00,0.00
1069.68,35.80,31.07,36.00,30.00,AUTO,0,64,0,12.56,51.82,0.00,64.38,0.00,0.00,0.00,0.00
1070.68,35.81,31.07,36.00,30.00,AUTO,0,64,0,12.56,51.82,0.00,64.38,0.00,0.00,0.00,0.00
1071.69,35.81,31.07,36.00,30.00,AUTO,0,64,0,10.88,53.56,0.00,64.44,0.00,0.00,0.00,0.00
1072.69,35.79,31.03,36.00,30.00,AUTO,0,64,0,10.88,53.56,0.00,64.44,0.00,0.00,0.00,0.00
1073.69,35.79,31.03,36.00,30.00,AUTO,0,64,0,10.88,53.56,0.00,64.44,0.00,0.00,0.00,0.00
1074.70,35.79,31.03,36.00,30.00,AUTO,0,64,0,10.88,53.56,0.00,64.44,0.00,0.00,0.00,0.00
1075.69,35.80,31.07,36.00,30.00,AUTO,0,64,0,10.88,53.56,0.00,64.44,0.00,0.00,0.00,0.00
1076.70,35.80,31.07,36.00,30.00,AUTO,0,64,0,10.88,53.56,0.00,64.44,0.00,0.00,0.00,0.00
1077.70,35.83,31.07,36.00,30.00,AUTO,0,64,0,10.88,53.56,0.00,64.44,0.00,0.00,0.00,0.00
1078.70,35.83,31.03,36.00,30.00,AUTO,0,64,0,10.88,53.56,0.00,64.44,0.00,0.00,0.00,0.00
1079.70,35.83,31.03,36.00,30.00,AUTO,0,64,0,9.75,55.12,0.00,64.87,0.00,0.00,0.00,0.00
1080.70,35.82,31.03,36.00,30.00,AUTO,0,64,0,9.75,55.12,0.00,64.87,0.00,0.00,0.00,0.00
1081.70,35.82,31.03,36.00,30.00,AUTO,0,64,0,9.75,55.12,0.00,64.87,0.00,0.00,0.00,0.00
1082.70,35.82,31.03,36.00,30.00,AUTO,0,64,0,9.75,55.12,0.00,64.87,0.00,0.00,0.00,0.00
1083.70,35.84,31.03,36.00,30.00,AUTO,0,64,0,9.75,55.12,0.00,64.87,0.00,0.00,0.00,0.00
1084.71,35.84,31.05,36.00,30.00,AUTO,0,64,0,9.75,55.12,0.00,64.87,0.00,0.00,0.00,0.00
1085.71,35.87,31.05,36.00,30.00,AUTO,0,64,0,9.75,55.12,0.00,64.87,0.00,0.00,0.00,0.00
1086.71,35.87,31.05,36.00,30.00,AUTO,0,64,0,9.75,55.12,0.00,64.87,0.00,0.00,0.00,0.00
1087.71,35.87,31.05,36.00,30.00,AUTO,0,64,0,8.06,56.41,0.00,64.47,0.00,0.00,0.00,0.00
1088.71,35.85,31.05,36.00,30.00,AUTO,0,64,0,8.06,56.41,0.00,64.47,0.00,0.00,0.00,0.00
1089.71,35.86,31.05,36.00,30.00,AUTO,0,64,0,8.06,56.41,0.00,64.47,0.00,0.00,0.00,0.00
1090.72,35.86,31.05,36.00,30.00,AUTO,0,64,0,8.06,56.41,0.00,64.47,0.00,0.00,0.00,0.00
1091.72,35.87,31.05,36.00,30.00,AUTO,0,64,0,8.06,56.41,0.00,64.47,0.00,0.00,0.00,0.00
1092.72,35.87,31.01,36.00,30.00,AUTO,0,64,0,8.06,56.41,0.00,64.47,0.00,0.00,0.00,0.00
1093.72,35.90,31.01,36.00,30.00,AUTO,0,64,0,8.06,56.41,0.00,64.47,0.00,0.00,0.00,0.00
1094.72,35.90,31.01,36.00,30.00,AUTO,0,64,0,8.06,56.41,0.00,64.47,0.00,0.00,0.00,0.00
1095.72,35.92,31.01,36.00,30.00,AUTO,0,63,0,6.38,57.43,0.00,63.81,0.00,0.00,0.00,0.00
1096.72,35.89,31.01,36.00,30.00,AUTO,0,63,0,6.38,57.43,0.00,63.81,0.00,0.00,0.00,0.00
1097.72,35.89,31.01,36.00,30.00,AUTO,0,63,0,6.38,57.43,0.00,63.81,0.00,0.00,0.00,0.00
1098.73,35.90,31.01,36.00,30.00,AUTO,0,63,0,6.38,57.43,0.00,63.81,0.00,0.00,0.00,0.00
1099.73,35.90,31.01,36.00,30.00,AUTO,0,63,0,6.38,57.43,0.00,63.81,0.00,0.00,0.00,0.00
1100.73,35.92,31.01,36.00,30.00,AUTO,0,63,0,6.38,57.43,0.00,63.81,0.00,0.00,0.00,0.00
1101.73,35.94,31.01,36.00,30.00,AUTO,0,63,0,6.38,57.43,0.00,63.81,0.00,0.00,0.00,0.00
1102.73,35.96,31.01,36.00,30.00,AUTO,0,63,0,6.38,57.43,0.00,63.81,0.00,0.00,0.00,0.00
1103.74,35.96,30.97,36.00,30.00,AUTO,0,62,0,4.25,58.11,0.00,62.36,0.00,0.00,0.00,0.00
1104.74,35.94,30.97,36.00,30.00,AUTO,0,62,0,4.25,58.11,0.00,62.36,0.00,0.00,0.00,0.00
1105.74,35.94,30.97,36.00,30.00,AUTO,0,62,0,4.25,58.11,0.00,62.36,0.00,0.00,0.00,0.00
1106.74,35.95,30.97,36.00,30.00,AUTO,0,62,0,4.25,58.11,0.00,62.36,0.00,0.00,0.00,0.00
1107.74,35.95,30.97,36.00,30.00,AUTO,0,62,0,4.25,58.11,0.00,62.36,0.00,0.00,0.00,0.00
1108.74,35.96,30.97,36.00,30.00,AUTO,0,62,0,4.25,58.11,0.00,62.36,0.00,0.00,0.00,0.00
1109.75,36.00,30.97,36.00,30.00,AUTO,0,62,0,4.25,58.11,0.00,62.36,0.00,0.00,0.00,0.00
1110.75,36.00,30.97,36.00,30.00,AUTO,0,62,0,4.25,58.11,0.00,62.36,0.00,0.00,0.00,0.00
1111.75,36.02,30.97,36.00,30.00,AUTO,0,60,0,1.88,58.41,0.00,60.29,0.00,0.00,0.00,0.00
1112.75,35.98,30.97,36.00,30.00,AUTO,0,60,0,1.88,58.41,0.00,60.29,0.00,0.00,0.00,0.00
1113.75,35.99,30.97,36.00,30.00,AUTO,0,60,0,1.88,58.41,0.00,60.29,0.00,0.00,0.00,0.00
1114.75,36.02,30.97,36.00,30.00,AUTO,0,60,0,1.88,58.41,0.00,60.29,0.00,0.00,0.00,0.00
1115.75,36.02,30.97,36.00,30.00,AUTO,0,60,0,1.88,58.41,0.00,60.29,0.00,0.00,0.00,0.00
1116.76,36.02,30.93,36.00,30.00,AUTO,0,60,0,1.88,58.41,0.00,60.29,0.00,0.00,0.00,0.00
1117.76,36.02,30.93,36.00,30.00,AUTO,0,60,0,1.88,58.41,0.00,60.29,0.00,0.00,0.00,0.00
1118.76,36.02,30.93,36.00,30.00,AUTO,0,60,0,1.88,58.41,0.00,60.29,0.00,0.00,0.00,0.00
1119.76,36.02,30.93,36.00,30.00,AUTO,0,57,0,-0.56,58.32,0.00,57.76,0.00,0.00,0.00,0.00
1120.76,36.02,30.93,36.00,30.00,AUTO,0,57,0,-0.56,58.32,0.00,57.76,0.00,0.00,0.00,0.00
1121.76,36.02,30.93,36.00,30.00,AUTO,0,57,0,-0.56,58.32,0.00,57.76,0.00,0.00,0.00,0.00
1122.77,36.02,30.93,36.00,30.00,AUTO,0,57,0,-0.56,58.32,0.00,57.76,0.00,0.00,0.00,0.00
1123.77,36.02,30.93,36.00,30.00,AUTO,0,57,0,-0.56,58.32,0.00,57.76,0.00,0.00,0.00,0.00
1124.77,36.03,30.94,36.00,30.00,AUTO,0,57,0,-0.56,58.32,0.00,57.76,0.00,0.00,0.00,0.00
1125.77,36.03,30.94,36.00,30.00,AUTO,0,57,0,-0.56,58.32,0.00,57.76,0.00,0.00,0.00,0.00
1126.77,36.03,30.94,36.00,30.00,AUTO,0,57,0,-0.56,58.32,0.00,57.76,0.00,0.00,0.00,0.00
1127.77,36.03,30.94,36.00,30.00,AUTO,0,56,0,-1.19,58.13,0.00,56.94,0.00,0.00,0.00,0.00
1128.78,36.02,30.89,36.00,30.00,AUTO,0,56,0,-1.19,58.13,0.00,56.94,0.00,0.00,0.00,0.00
1129.77,36.03,30.90,36.00,30.00,AUTO,0,56,0,-1.19,58.13,0.00,56.94,0.00,0.00,0.00,0.00
1130.78,36.03,30.90,36.00,30.00,AUTO,0,56,0,-1.19,58.13,0.00,56.94,0.00,0.00,0.00,0.00
1131.78,36.03,30.90,36.00,30.00,AUTO,0,56,0,-1.19,58.13,0.00,56.94,0.00,0.00,0.00,0.00
1132.78,36.06,30.90,36.00,30.00,AUTO,0,56,0,-1.19,58.13,0.00,56.94,0.00,0.00,0.00,0.00
1133.78,36.07,30.90,36.00,30.00,AUTO,0,56,0,-1.19,58.13,0.00,56.94,0.00,0.00,0.00,0.00
1134.78,36.07,30.90,36.00,30.00,AUTO,0,56,0,-1.19,58.13,0.00,56.94,0.00,0.00,0.00,0.00
1135.79,36.07,30.90,36.00,30.00,AUTO,0,55,0,-2.13,57.79,0.00,55.67,0.00,0.00,0.00,0.00
1136.79,36.03,30.90,36.00,30.00,AUTO,0,55,0,-2.13,57.79,0.00,55.67,0.00,0.00,0.00,0.00
1137.79,36.03,30.89,36.00,30.00,AUTO,0,55,0,-2.13,57.79,0.00,55.67,0.00,0.00,0.00,0.00
1138.79,36.03,30.93,36.00,30.00,AUTO,0,55,0,-2.13,57.79,0.00,55.67,0.00,0.00,0.00,0.00
1139.79,36.03,30.94,36.00,30.00,AUTO,0,55,0,-2.13,57.79,0.00,55.67,0.00,0.00,0.00,0.00
1140.80,36.06,30.94,36.00,30.00,AUTO,0,55,0,-2.13,57.79,0.00,55.67,0.00,0.00,0.00,0.00
1141.80,36.06,30.94,36.00,30.00,AUTO,0,55,0,-2.13,57.79,0.00,55.67,0.00,0.00,0.00,0.00
1142.80,36.06,30.94,36.00,30.00,AUTO,0,55,0,-2.13,57.79,0.00,55.67,0.00,0.00,0.00,0.00
1143.80,36.08,30.94,36.00,30.00,AUTO,0,55,0,-2.31,57.42,0.00,55.11,0.00,0.00,0.00,0.00
1144.80,36.03,30.94,36.00,30.00,AUTO,0,55,0,-2.31,57.42,0.00,55.11,0.00,0.00,0.00,0.00
1145.80,36.03,30.94,36.00,30.00,AUTO,0,55,0,-2.31,57.42,0.00,55.11,0.00,0.00,0.00,0.00
1146.81,36.03,30.94,36.00,30.00,AUTO,0,55,0,-2.31,57.42,0.00,55.11,0.00,0.00,0.00,0.00
1147.80,36.03,30.94,36.00,30.00,AUTO,0,55,0,-2.31,57.42,0.00,55.11,0.00,0.00,0.00,0.00
1148.81,36.04,30.99,36.00,30.00,AUTO,0,55,0,-2.31,57.42,0.00,55.11,0.00,0.00,0.00,0.00
1149.81,36.04,30.99,36.00,30.00,AUTO,0,55,0,-2.31,57.42,0.00,55.11,0.00,0.00,0.00,0.00
1150.81,36.06,30.99,36.00,30.00,AUTO,0,55,0,-2.31,57.42,0.00,55.11,0.00,0.00,0.00,0.00
1151.82,36.04,30.94,36.00,30.00,AUTO,0,54,0,-2.13,57.08,0.00,54.96,0.00,0.00,0.00,0.00
1152.81,36.03,30.99,36.00,30.00,AUTO,0,54,0,-2.13,57.08,0.00,54.96,0.00,0.00,0.00,0.00
1153.81,36.03,30.99,36.00,30.00,AUTO,0,54,0,-2.13,57.08,0.00,54.96,0.00,0.00,0.00,0.00
1154.82,36.03,30.99,36.00,30.00,AUTO,0,54,0,-2.13,57.08,0.00,54.96,0.00,0.00,0.00,0.00
1155.82,36.03,30.99,36.00,30.00,AUTO,0,54,0,-2.13,57.08,0.00,54.96,0.00,0.00,0.00,0.00
1156.82,36.06,30.99,36.00,30.00,AUTO,0,54,0,-2.13,57.08,0.00,54.96,0.00,0.00,0.00,0.00
1157.82,36.07,30.99,36.00,30.00,AUTO,0,54,0,-2.13,57.08,0.00,54.96,0.00,0.00,0.00,0.00
1158.82,36.08,30.99,36.00,30.00,AUTO,0,54,0,-2.13,57.08,0.00,54.96,0.00,0.00,0.00,0.00
1159.82,36.08,30.99,36.00,30.00,AUTO,0,54,0,-2.31,56.71,0.00,54.40,0.00,0.00,0.00,0.00
1160.83,36.06,30.94,36.00,30.00,AUTO,0,54,0,-2.31,56.71,0.00,54.40,0.00,0.00,0.00,0.00
1161.83,36.04,30.94,36.00,30.00,AUTO,0,54,0,-2.31,56.71,0.00,54.40,0.00,0.00,0.00,0.00
1162.83,36.03,30.94,36.00,30.00,AUTO,0,54,0,-2.31,56.71,0.00,54.40,0.00,0.00,0.00,0.00
1163.83,36.04,30.99,36.00,30.00,AUTO,0,54,0,-2.31,56.71,0.00,54.40,0.00,0.00,0.00,0.00
1164.83,36.08,30.99,36.00,30.00,AUTO,0,54,0,-2.31,56.71,0.00,54.40,0.00,0.00,0.00,0.00
1165.84,36.09,30.99,36.00,30.00,AUTO,0,54,0,-2.31,56.71,0.00,54.40,0.00,0.00,0.00,0.00
1166.83,36.09,30.99,36.00,30.00,AUTO,0,54,0,-2.31,56.71,0.00,54.40,0.00,0.00,0.00,0.00
1167.84,36.10,30.99,36.00,30.00,AUTO,0,53,0,-3.19,56.20,0.00,53.01,0.00,0.00,0.00,0.00
1168.84,36.06,30.99,36.00,30.00,AUTO,0,53,0,-3.19,56.20,0.00,53.01,0.00,0.00,0.00,0.00
1169.84,36.07,30.99,36.00,30.00,AUTO,0,53,0,-3.19,56.20,0.00,53.01,0.00,0.00,0.00,0.00
1170.84,36.07,30.99,36.00,30.00,AUTO,0,53,0,-3.19,56.20,0.00,53.01,0.00,0.00,0.00,0.00
1171.84,36.08,30.99,36.00,30.00,AUTO,0,53,0,-3.19,56.20,0.00,53.01,0.00,0.00,0.00,0.00
1172.85,36.10,30.99,36.00,30.00,AUTO,0,53,0,-3.19,56.20,0.00,53.01,0.00,0.00,0.00,0.00
1173.85,36.10,30.99,36.00,30.00,AUTO,0,53,0,-3.19,56.20,0.00,53.01,0.00,0.00,0.00,0.00
1174.85,36.10,30.99,36.00,30.00,AUTO,0,53,0,-3.19,56.20,0.00,53.01,0.00,0.00,0.00,0.00
1175.85,36.11,30.99,36.00,30.00,AUTO,0,51,0,-4.25,55.52,0.00,51.27,0.00,0.00,0.00,0.00
1176.85,36.09,30.99,36.00,30.00,AUTO,0,51,0,-4.25,55.52,0.00,51.27,0.00,0.00,0.00,0.00
1177.85,36.10,30.99,36.00,30.00,AUTO,0,51,0,-4.25,55.52,0.00,51.27,0.00,0.00,0.00,0.00
1178.86,36.10,30.99,36.00,30.00,AUTO,0,51,0,-4.25,55.52,0.00,51.27,0.00,0.00,0.00,0.00
1179.85,36.10,30.99,36.00,30.00,AUTO,0,51,0,-4.25,55.52,0.00,51.27,0.00,0.00,0.00,0.00
1180.86,36.12,30.99,36.00,30.00,AUTO,0,51,0,-4.25,55.52,0.00,51.27,0.00,0.00,0.00,0.00
1181.86,36.12,30.99,36.00,30.00,AUTO,0,51,0,-4.25,55.52,0.00,51.27,0.00,0.00,0.00,0.00
1182.86,36.13,30.99,36.00,30.00,AUTO,0,51,0,-4.25,55.52,0.00,51.27,0.00,0.00,0.00,0.00
1183.86,36.13,30.99,36.00,30.00,AUTO,0,49,0,-5.44,54.65,0.00,49.21,0.00,0.00,0.00,0.00
1184.86,36.11,30.99,36.00,30.00,AUTO,0,49,0,-5.44,54.65,0.00,49.21,0.00,0.00,0.00,0.00
1185.86,36.10,30.99,36.00,30.00,AUTO,0,49,0,-5.44,54.65,0.00,49.21,0.00,0.00,0.00,0.00
1186.87,36.11,30.99,36.00,30.00,AUTO,0,49,0,-5.44,54.65,0.00,49.21,0.00,0.00,0.00,0.00
1187.87,36.12,30.99,36.00,30.00,AUTO,0,49,0,-5.44,54.65,0.00,49.21,0.00,0.00,0.00,0.00
1188.87,36.14,30.99,36.00,30.00,AUTO,0,49,0,-5.44,54.65,0.00,49.21,0.00,0.00,0.00,0.00
1189.87,36.14,30.99,36.00,30.00,AUTO,0,49,0,-5.44,54.65,0.00,49.21,0.00,0.00,0.00,0.00
1190.87,36.14,30.99,36.00,30.00,AUTO,0,49,0,-5.44,54.65,0.00,49.21,0.00,0.00,0.00,0.00
1191.88,36.14,30.99,36.00,30.00,AUTO,0,47,0,-6.19,53.66,0.00,47.47,0.00,0.00,0.00,0.00
1192.87,36.11,30.99,36.00,30.00,AUTO,0,47,0,-6.19,53.66,0.00,47.47,0.00,0.00,0.00,0.00
1193.88,36.11,30.99,36.00,30.00,AUTO,0,47,0,-6.19,53.66,0.00,47.47,0.00,0.00,0.00,0.00
1194.88,36.11,30.99,36.00,30.00,AUTO,0,47,0,-6.19,53.66,0.00,47.47,0.00,0.00,0.00,0.00
1195.88,36.13,30.99,36.00,30.00,AUTO,0,47,0,-6.19,53.66,0.00,47.47,0.00,0.00,0.00,0.00
1196.88,36.13,30.99,36.00,30.00,AUTO,0,47,0,-6.19,53.66,0.00,47.47,0.00,0.00,0.00,0.00
1197.89,36.14,30.99,36.00,30.00,AUTO,0,47,0,-6.19,53.66,0.00,47.47,0.00,0.00,0.00,0.00
1198.88,36.14,30.99,36.00,30.00,AUTO,0,47,0,-6.19,53.66,0.00,47.47,0.00,0.00,0.00,0.00
1199.90,36.13,31.03,36.00,30.00,AUTO,0,46,0,-6.31,52.65,0.00,46.34,0.00,0.00,0.00,0.00
1200.89,36.10,31.03,36.00,30.00,AUTO,0,46,0,-6.31,52.65,0.00,46.34,0.00,0.00,0.00,0.00
1201.89,36.10,31.03,36.00,30.00,AUTO,0,46,0,-6.31,52.65,0.00,46.34,0.00,0.00,0.00,0.00
1202.89,36.10,31.03,36.00,30.00,AUTO,0,46,0,-6.31,52.65,0.00,46.34,0.00,0.00,0.00,0.00
1203.89,36.12,31.03,36.00,30.00,AUTO,0,46,0,-6.31,52.65,0.00,46.34,0.00,0.00,0.00,0.00
1204.90,36.12,31.03,36.00,30.00,AUTO,0,46,0,-6.31,52.65,0.00,46.34,0.00,0.00,0.00,0.00
1205.90,36.12,31.03,36.00,30.00,AUTO,0,46,0,-6.31,52.65,0.00,46.34,0.00,0.00,0.00,0.00
1206.90,36.12,31.03,36.00,30.00,AUTO,0,46,0,-6.31,52.65,0.00,46.34,0.00,0.00,0.00,0.00
1207.90,36.12,31.03,36.00,30.00,AUTO,0,46,0,-5.69,51.74,0.00,46.05,0.00,0.00,0.00,0.00
1208.90,36.10,31.06,36.00,30.00,AUTO,0,46,0,-5.69,51.74,0.00,46.05,0.00,0.00,0.00,0.00
1209.90,36.10,31.03,36.00,30.00,AUTO,0,46,0,-5.69,51.74,0.00,46.05,0.00,0.00,0.00,0.00
1210.91,36.09,31.06,36.00,30.00,AUTO,0,46,0,-5.69,51.74,0.00,46.05,0.00,0.00,0.00,0.00
1211.90,36.11,31.06,36.00,30.00,AUTO,0,46,0,-5.69,51.74,0.00,46.05,0.00,0.00,0.00,0.00
1212.91,36.11,31.06,36.00,30.00,AUTO,0,46,0,-5.69,51.74,0.00,46.05,0.00,0.00,0.00,0.00
1213.91,36.12,31.06,36.00,30.00,AUTO,0,46,0,-5.69,51.74,0.00,46.05,0.00,0.00,0.00,0.00
1214.91,36.11,31.06,36.00,30.00,AUTO,0,46,0,-5.69,51.74,0.00,46.05,0.00,0.00,0.00,0.00
1215.91,36.11,31.06,36.00,30.00,AUTO,0,45,0,-5.38,50.88,0.00,45.51,0.00,0.00,0.00,0.00
1216.91,36.08,31.06,36.00,30.00,AUTO,0,45,0,-5.38,50.88,0.00,45.51,0.00,0.00,0.00,0.00
1217.92,36.08,31.11,36.00,30.00,AUTO,0,45,0,-5.38,50.88,0.00,45.51,0.00,0.00,0.00,0.00
1218.92,36.08,31.11,36.00,30.00,AUTO,0,45,0,-5.38,50.88,0.00,45.51,0.00,0.00,0.00,0.00
1219.92,36.09,31.11,36.00,30.00,AUTO,0,45,0,-5.38,50.88,0.00,45.51,0.00,0.00,0.00,0.00
1220.92,36.10,31.11,36.00,30.00,AUTO,0,45,0,-5.38,50.88,0.00,45.51,0.00,0.00,0.00,0.00
1221.92,36.10,31.11,36.00,30.00,AUTO,0,45,0,-5.38,50.88,0.00,45.51,0.00,0.00,0.00,0.00
1222.92,36.10,31.11,36.00,30.00,AUTO,0,45,0,-5.38,50.88,0.00,45.51,0.00,0.00,0.00,0.00
1223.93,36.10,31.11,36.00,30.00,AUTO,0,45,0,-4.63,50.14,0.00,45.52,0.00,0.00,0.00,0.00
1224.93,36.08,31.11,36.00,30.00,AUTO,0,45,0,-4.63,50.14,0.00,45.52,0.00,0.00,0.00,0.00
1225.93,36.07,31.11,36.00,30.00,AUTO,0,45,0,-4.63,50.14,0.00,45.52,0.00,0.00,0.00,0.00
1226.93,36.06,31.15,36.00,30.00,AUTO,0,45,0,-4.63,50.14,0.00,45.52,0.00,0.00,0.00,0.00
1227.93,36.07,31.15,36.00,30.00,AUTO,0,45,0,-4.63,50.14,0.00,45.52,0.00,0.00,0.00,0.00
1228.93,36.08,31.15,36.00,30.00,AUTO,0,45,0,-4.63,50.14,0.00,45.52,0.00,0.00,0.00,0.00
1229.93,36.07,31.15,36.00,30.00,AUTO,0,45,0,-4.63,50.14,0.00,45.52,0.00,0.00,0.00,0.00
1230.93,36.07,31.15,36.00,30.00,AUTO,0,45,0,-4.63,50.14,0.00,45.52,0.00,0.00,0.00,0.00
1231.94,36.07,31.15,36.00,30.00,AUTO,0,45,0,-3.75,49.54,0.00,45.79,0.00,0.00,0.00,0.00
1232.94,36.03,31.15,36.00,30.00,AUTO,0,45,0,-3.75,49.54,0.00,45.79,0.00,0.00,0.00,0.00
1233.94,36.03,31.15,36.00,30.00,AUTO,0,45,0,-3.75,49.54,0.00,45.79,0.00,0.00,0.00,0.00
1234.94,36.03,31.19,36.00,30.00,AUTO,0,45,0,-3.75,49.54,0.00,45.79,0.00,0.00,0.00,0.00
1235.94,36.04,31.19,36.00,30.00,AUTO,0,45,0,-3.75,49.54,0.00,45.79,0.00,0.00,0.00,0.00
1236.95,36.06,31.19,36.00,30.00,AUTO,0,45,0,-3.75,49.54,0.00,45.79,0.00,0.00,0.00,0.00
1237.95,36.06,31.19,36.00,30.00,AUTO,0,45,0,-3.75,49.54,0.00,45.79,0.00,0.00,0.00,0.00
1238.95,36.06,31.19,36.00,30.00,AUTO,0,45,0,-3.75,49.54,0.00,45.79,0.00,0.00,0.00,0.00
1239.95,36.04,31.17,36.00,30.00,AUTO,0,46,0,-2.38,49.16,0.00,46.79,0.00,0.00,0.00,0.00
1240.95,36.03,31.19,36.00,30.00,AUTO,0,46,0,-2.38,49.16,0.00,46.79,0.00,0.00,0.00,0.00
1241.95,36.03,31.19,36.00,30.00,AUTO,0,46,0,-2.38,49.16,0.00,46.79,0.00,0.00,0.00,0.00
1242.95,36.02,31.22,36.00,30.00,AUTO,0,46,0,-2.38,49.16,0.00,46.79,0.00,0.00,0.00,0.00
1243.96,36.04,31.23,36.00,30.00,AUTO,0,46,0,-2.38,49.16,0.00,46.79,0.00,0.00,0.00,0.00
1244.96,36.06,31.23,36.00,30.00,AUTO,0,46,0,-2.38,49.16,0.00,46.79,0.00,0.00,0.00,0.00
1245.96,36.06,31.23,36.00,30.00,AUTO,0,46,0,-2.38,49.16,0.00,46.79,0.00,0.00,0.00,0.00
1246.96,36.04,31.23,36.00,30.00,AUTO,0,46,0,-2.38,49.16,0.00,46.79,0.00,0.00,0.00,0.00
1247.96,36.04,31.23,36.00,30.00,AUTO,0,46,0,-2.00,48.84,0.00,46.84,0.00,0.00,0.00,0.00
1248.96,36.03,31.23,36.00,30.00,AUTO,0,46,0,-2.00,48.84,0.00,46.84,0.00,0.00,0.00,0.00
1249.97,36.02,31.22,36.00,30.00,AUTO,0,46,0,-2.00,48.84,0.00,46.84,0.00,0.00,0.00,0.00
1250.97,36.02,31.22,36.00,30.00,AUTO,0,46,0,-2.00,48.84,0.00,46.84,0.00,0.00,0.00,0.00
1251.97,36.04,31.23,36.00,30.00,AUTO,0,46,0,-2.00,48.84,0.00,46.84,0.00,0.00,0.00,0.00
1252.97,36.04,31.23,36.00,30.00,AUTO,0,46,0,-2.00,48.84,0.00,46.84,0.00,0.00,0.00,0.00
1253.97,36.04,31.23,36.00,30.00,AUTO,0,46,0,-2.00,48.84,0.00,46.84,0.00,0.00,0.00,0.00
1254.97,36.06,31.23,36.00,30.00,AUTO,0,46,0,-2.00,48.84,0.00,46.84,0.00,0.00,0.00,0.00
1255.98,36.06,31.23,36.00,30.00,AUTO,0,46,0,-1.81,48.55,0.00,46.74,0.00,0.00,0.00,0.00
1256.98,36.03,31.23,36.00,30.00,AUTO,0,46,0,-1.81,48.55,0.00,46.74,0.00,0.00,0.00,0.00
1257.98,36.03,31.23,36.00,30.00,AUTO,0,46,0,-1.81,48.55,0.00,46.74,0.00,0.00,0.00,0.00
1258.98,36.03,31.23,36.00,30.00,AUTO,0,46,0,-1.81,48.55,0.00,46.74,0.00,0.00,0.00,0.00
1259.99,36.03,31.27,36.00,30.00,AUTO,0,46,0,-1.81,48.55,0.00,46.74,0.00,0.00,0.00,0.00
1260.98,36.03,31.27,36.00,30.00,AUTO,0,46,0,-1.81,48.55,0.00,46.74,0.00,0.00,0.00,0.00
1261.98,36.03,31.27,36.00,30.00,AUTO,0,46,0,-1.81,48.55,0.00,46.74,0.00,0.00,0.00,0.00
1262.98,36.03,31.27,36.00,30.00,AUTO,0,46,0,-1.81,48.55,0.00,46.74,0.00,0.00,0.00,0.00
1263.99,36.03,31.25,36.00,30.00,AUTO,0,46,0,-1.69,48.28,0.00,46.59,0.00,0.00,0.00,0.00
1264.99,36.02,31.25,36.00,30.00,AUTO,0,46,0,-1.69,48.28,0.00,46.59,0.00,0.00,0.00,0.00
1265.99,36.02,31.25,36.00,30.00,AUTO,0,46,0,-1.69,48.28,0.00,46.59,0.00,0.00,0.00,0.00
1266.99,36.02,31.29,36.00,30.00,AUTO,0,46,0,-1.69,48.28,0.00,46.59,0.00,0.00,0.00,0.00
1267.99,36.03,31.31,36.00,30.00,AUTO,0,46,0,-1.69,48.28,0.00,46.59,0.00,0.00,0.00,0.00
1269.00,36.03,31.31,36.00,30.00,AUTO,0,46,0,-1.69,48.28,0.00,46.59,0.00,0.00,0.00,0.00
1270.00,36.03,31.31,36.00,30.00,AUTO,0,46,0,-1.69,48.28,0.00,46.59,0.00,0.00,0.00,0.00
1271.00,36.03,31.31,36.00,30.00,AUTO,0,46,0,-1.69,48.28,0.00,46.59,0.00,0.00,0.00,0.00
1272.00,36.02,31.29,36.00,30.00,AUTO,0,46,0,-1.31,48.07,0.00,46.76,0.00,0.00,0.00,0.00
1273.00,36.02,31.29,36.00,30.00,AUTO,0,46,0,-1.31,48.07,0.00,46.76,0.00,0.00,0.00,0.00
1274.00,36.02,31.29,36.00,30.00,AUTO,0,46,0,-1.31,48.07,0.00,46.76,0.00,0.00,0.00,0.00
1275.01,36.02,31.29,36.00,30.00,AUTO,0,46,0,-1.31,48.07,0.00,46.76,0.00,0.00,0.00,0.00
1276.00,36.02,31.33,36.00,30.00,AUTO,0,46,0,-1.31,48.07,0.00,46.76,0.00,0.00,0.00,0.00
1277.01,36.02,31.33,36.00,30.00,AUTO,0,46,0,-1.31,48.07,0.00,46.76,0.00,0.00,0.00,0.00
1278.01,36.02,31.33,36.00,30.00,AUTO,0,46,0,-1.31,48.07,0.00,46.76,0.00,0.00,0.00,0.00
1279.01,36.02,31.33,36.00,30.00,AUTO,0,46,0,-1.31,48.07,0.00,46.76,0.00,0.00,0.00,0.00
1280.01,36.02,31.33,36.00,30.00,AUTO,0,46,0,-1.00,47.91,0.00,46.91,0.00,0.00,0.00,0.00
1281.02,36.02,31.33,36.00,30.00,AUTO,0,46,0,-1.00,47.91,0.00,46.91,0.00,0.00,0.00,0.00
1282.02,36.02,31.38,36.00,30.00,AUTO,0,46,0,-1.00,47.91,0.00,46.91,0.00,0.00,0.00,0.00
1283.02,36.02,31.38,36.00,30.00,AUTO,0,46,0,-1.00,47.91,0.00,46.91,0.00,0.00,0.00,0.00
1284.02,36.02,31.38,36.00,30.00,AUTO,0,46,0,-1.00,47.91,0.00,46.91,0.00,0.00,0.00,0.00
1285.02,36.02,31.38,36.00,30.00,AUTO,0,46,0,-1.00,47.91,0.00,46.91,0.00,0.00,0.00,0.00
1286.02,36.02,31.38,36.00,30.00,AUTO,0,46,0,-1.00,47.91,0.00,46.91,0.00,0.00,0.00,0.00
1287.03,36.02,31.38,36.00,30.00,AUTO,0,46,0,-1.00,47.91,0.00,46.91,0.00,0.00,0.00,0.00
1288.04,36.02,31.38,36.00,30.00,AUTO,0,46,0,-1.00,47.75,0.00,46.75,0.00,0.00,0.00,0.00
1289.03,36.02,31.38,36.00,30.00,AUTO,0,46,0,-1.00,47.75,0.00,46.75,0.00,0.00,0.00,0.00
1290.03,36.00,31.38,36.00,30.00,AUTO,0,46,0,-1.00,47.75,0.00,46.75,0.00,0.00,0.00,0.00
1291.03,35.98,31.41,36.00,30.00,AUTO,0,46,0,-1.00,47.75,0.00,46.75,0.00,0.00,0.00,0.00
1292.03,36.02,31.41,36.00,30.00,AUTO,0,46,0,-1.00,47.75,0.00,46.75,0.00,0.00,0.00,0.00
1293.03,36.02,31.41,36.00,30.00,AUTO,0,46,0,-1.00,47.75,0.00,46.75,0.00,0.00,0.00,0.00
1294.03,36.02,31.41,36.00,30.00,AUTO,0,46,0,-1.00,47.75,0.00,46.75,0.00,0.00,0.00,0.00
1295.03,36.02,31.41,36.00,30.00,AUTO,0,46,0,-1.00,47.75,0.00,46.75,0.00,0.00,0.00,0.00
1296.04,36.02,31.41,36.00,30.00,AUTO,0,47,0,-0.63,47.65,0.00,47.03,0.00,0.00,0.00,0.00
1297.04,35.96,31.45,36.00,30.00,AUTO,0,47,0,-0.63,47.65,0.00,47.03,0.00,0.00,0.00,0.00
1298.04,35.96,31.45,36.00,30.00,AUTO,0,47,0,-0.63,47.65,0.00,47.03,0.00,0.00,0.00,0.00
1299.04,35.96,31.45,36.00,30.00,AUTO,0,47,0,-0.63,47.65,0.00,47.03,0.00,0.00,0.00,0.00
1300.04,35.98,31.45,36.00,30.00,AUTO,0,47,0,-0.63,47.65,0.00,47.03,0.00,0.00,0.00,0.00
1301.05,35.98,31.45,36.00,30.00,AUTO,0,47,0,-0.63,47.65,0.00,47.03,0.00,0.00,0.00,0.00
1302.05,35.98,31.45,36.00,30.00,AUTO,0,47,0,-0.63,47.65,0.00,47.03,0.00,0.00,0.00,0.00
1303.05,35.98,31.45,36.00,30.00,AUTO,0,47,0,-0.63,47.65,0.00,47.03,0.00,0.00,0.00,0.00
1304.05,35.98,31.45,36.00,30.00,AUTO,0,48,0,1.12,47.83,0.00,48.96,0.00,0.00,0.00,0.00
1305.05,35.95,31.50,36.00,30.00,AUTO,0,48,0,1.12,47.83,0.00,48.96,0.00,0.00,0.00,0.00
1306.05,35.95,31.50,36.00,30.00,AUTO,0,48,0,1.12,47.83,0.00,48.96,0.00,0.00,0.00,0.00
1307.06,35.95,31.50,36.00,30.00,AUTO,0,48,0,1.12,47.83,0.00,48.96,0.00,0.00,0.00,0.00
1308.06,35.97,31.50,36.00,30.00,AUTO,0,48,0,1.12,47.83,0.00,48.96,0.00,0.00,0.00,0.00
1309.06,35.99,31.50,36.00,30.00,AUTO,0,48,0,1.12,47.83,0.00,48.96,0.00,0.00,0.00,0.00
1310.06,35.98,31.50,36.00,30.00,AUTO,0,48,0,1.12,47.83,0.00,48.96,0.00,0.00,0.00,0.00
1311.06,35.98,31.50,36.00,30.00,AUTO,0,48,0,1.12,47.83,0.00,48.96,0.00,0.00,0.00,0.00
1312.06,35.97,31.50,36.00,30.00,AUTO,0,49,0,1.56,48.08,0.00,49.64,0.00,0.00,0.00,0.00
1313.06,35.96,31.50,36.00,30.00,AUTO,0,49,0,1.56,48.08,0.00,49.64,0.00,0.00,0.00,0.00
1314.07,35.95,31.50,36.00,30.00,AUTO,0,49,0,1.56,48.08,0.00,49.64,0.00,0.00,0.00,0.00
1315.07,35.95,31.50,36.00,30.00,AUTO,0,49,0,1.56,48.08,0.00,49.64,0.00,0.00,0.00,0.00
1316.08,35.95,31.54,36.00,30.00,AUTO,0,49,0,1.56,48.08,0.00,49.64,0.00,0.00,0.00,0.00
1317.07,35.97,31.54,36.00,30.00,AUTO,0,49,0,1.56,48.08,0.00,49.64,0.00,0.00,0.00,0.00
1318.07,35.97,31.54,36.00,30.00,AUTO,0,49,0,1.56,48.08,0.00,49.64,0.00,0.00,0.00,0.00
1319.07,35.97,31.54,36.00,30.00,AUTO,0,49,0,1.56,48.08,0.00,49.64,0.00,0.00,0.00,0.00
1320.08,35.97,31.54,36.00,30.00,AUTO,0,50,0,1.94,48.39,0.00,50.33,0.00,0.00,0.00,0.00
1321.08,35.95,31.54,36.00,30.00,AUTO,0,50,0,1.94,48.39,0.00,50.33,0.00,0.00,0.00,0.00
1322.08,35.95,31.54,36.00,30.00,AUTO,0,50,0,1.94,48.39,0.00,50.33,0.00,0.00,0.00,0.00
1323.08,35.95,31.54,36.00,30.00,AUTO,0,50,0,1.94,48.39,0.00,50.33,0.00,0.00,0.00,0.00
1324.08,35.94,31.54,36.00,30.00,AUTO,0,50,0,1.94,48.39,0.00,50.33,0.00,0.00,0.00,0.00
1325.08,35.98,31.54,36.00,30.00,AUTO,0,50,0,1.94,48.39,0.00,50.33,0.00,0.00,0.00,0.00
1326.09,35.97,31.54,36.00,30.00,AUTO,0,50,0,1.94,48.39,0.00,50.33,0.00,0.00,0.00,0.00
1327.08,35.98,31.54,36.00,30.00,AUTO,0,50,0,1.94,48.39,0.00,50.33,0.00,0.00,0.00,0.00
1328.09,35.98,31.54,36.00,30.00,AUTO,0,50,0,1.94,48.70,0.00,50.64,0.00,0.00,0.00,0.00
1329.09,35.95,31.54,36.00,30.00,AUTO,0,50,0,1.94,48.70,0.00,50.64,0.00,0.00,0.00,0.00
1330.09,35.95,31.54,36.00,30.00,AUTO,0,50,0,1.94,48.70,0.00,50.64,0.00,0.00,0.00,0.00
1331.09,35.95,31.54,36.00,30.00,AUTO,0,50,0,1.94,48.70,0.00,50.64,0.00,0.00,0.00,0.00
1332.09,35.95,31.57,36.00,30.00,AUTO,0,50,0,1.94,48.70,0.00,50.64,0.00,0.00,0.00,0.00
1333.10,35.98,31.57,36.00,30.00,AUTO,0,50,0,1.94,48.70,0.00,50.64,0.00,0.00,0.00,0.00
1334.10,35.98,31.54,36.00,30.00,AUTO,0,50,0,1.94,48.70,0.00,50.64,0.00,0.00,0.00,0.00
1335.10,35.97,31.57,36.00,30.00,AUTO,0,50,0,1.94,48.70,0.00,50.64,0.00,0.00,0.00,0.00
1336.10,35.98,31.57,36.00,30.00,AUTO,0,50,0,1.81,48.99,0.00,50.80,0.00,0.00,0.00,0.00
1337.10,35.95,31.57,36.00,30.00,AUTO,0,50,0,1.81,48.99,0.00,50.80,0.00,0.00,0.00,0.00
1338.10,35.94,31.57,36.00,30.00,AUTO,0,50,0,1.81,48.99,0.00,50.80,0.00,0.00,0.00,0.00
1339.11,35.95,31.57,36.00,30.00,AUTO,0,50,0,1.81,48.99,0.00,50.80,0.00,0.00,0.00,0.00
1340.11,35.96,31.57,36.00,30.00,AUTO,0,50,0,1.81,48.99,0.00,50.80,0.00,0.00,0.00,0.00
1341.11,35.98,31.57,36.00,30.00,AUTO,0,50,0,1.81,48.99,0.00,50.80,0.00,0.00,0.00,0.00
1342.11,35.97,31.57,36.00,30.00,AUTO,0,50,0,1.81,48.99,0.00,50.80,0.00,0.00,0.00,0.00
1343.11,35.98,31.57,36.00,30.00,AUTO,0,50,0,1.81,48.99,0.00,50.80,0.00,0.00,0.00,0.00
1344.11,35.98,31.57,36.00,30.00,AUTO,0,51,0,1.81,49.28,0.00,51.09,0.00,0.00,0.00,0.00
1345.11,35.95,31.57,36.00,30.00,AUTO,0,51,0,1.81,49.28,0.00,51.09,0.00,0.00,0.00,0.00
1346.12,35.95,31.57,36.00,30.00,AUTO,0,51,0,1.81,49.28,0.00,51.09,0.00,0.00,0.00,0.00
1347.12,35.94,31.57,36.00,30.00,AUTO,0,51,0,1.81,49.28,0.00,51.09,0.00,0.00,0.00,0.00
1348.12,35.94,31.66,36.00,30.00,AUTO,0,51,0,1.81,49.28,0.00,51.09,0.00,0.00,0.00,0.00
1349.12,35.96,31.66,36.00,30.00,AUTO,0,51,0,1.81,49.28,0.00,51.09,0.00,0.00,0.00,0.00
1350.12,35.97,31.66,36.00,30.00,AUTO,0,51,0,1.81,49.28,0.00,51.09,0.00,0.00,0.00,0.00
1351.12,35.97,31.66,36.00,30.00,AUTO,0,51,0,1.81,49.28,0.00,51.09,0.00,0.00,0.00,0.00
1352.13,35.97,31.66,36.00,30.00,AUTO,0,51,0,2.13,49.62,0.00,51.75,0.00,0.00,0.00,0.00
1353.13,35.95,31.66,36.00,30.00,AUTO,0,51,0,2.13,49.62,0.00,51.75,0.00,0.00,0.00,0.00
1354.13,35.95,31.66,36.00,30.00,AUTO,0,51,0,2.13,49.62,0.00,51.75,0.00,0.00,0.00,0.00
1355.13,35.95,31.66,36.00,30.00,AUTO,0,51,0,2.13,49.62,0.00,51.75,0.00,0.00,0.00,0.00
1356.13,35.94,31.66,36.00,30.00,AUTO,0,51,0,2.13,49.62,0.00,51.75,0.00,0.00,0.00,0.00
1357.14,35.96,31.66,36.00,30.00,AUTO,0,51,0,2.13,49.62,0.00,51.75,0.00,0.00,0.00,0.00
1358.13,35.97,31.70,36.00,30.00,AUTO,0,51,0,2.13,49.62,0.00,51.75,0.00,0.00,0.00,0.00
1359.14,35.97,31.70,36.00,30.00,AUTO,0,51,0,2.13,49.62,0.00,51.75,0.00,0.00,0.00,0.00
1360.14,35.97,31.70,36.00,30.00,AUTO,0,52,0,2.13,49.96,0.00,52.09,0.00,0.00,0.00,0.00
1361.14,35.94,31.66,36.00,30.00,AUTO,0,52,0,2.13,49.96,0.00,52.09,0.00,0.00,0.00,0.00
1362.14,35.95,31.70,36.00,30.00,AUTO,0,52,0,2.13,49.96,0.00,52.09,0.00,0.00,0.00,0.00
1363.14,35.95,31.70,36.00,30.00,AUTO,0,52,0,2.13,49.96,0.00,52.09,0.00,0.00,0.00,0.00
1364.14,35.96,31.70,36.00,30.00,AUTO,0,52,0,2.13,49.96,0.00,52.09,0.00,0.00,0.00,0.00
1365.15,35.98,31.70,36.00,30.00,AUTO,0,52,0,2.13,49.96,0.00,52.09,0.00,0.00,0.00,0.00
1366.15,35.98,31.70,36.00,30.00,AUTO,0,52,0,2.13,49.96,0.00,52.09,0.00,0.00,0.00,0.00
1367.15,35.98,31.70,36.00,30.00,AUTO,0,52,0,2.13,49.96,0.00,52.09,0.00,0.00,0.00,0.00
1368.15,35.97,31.70,36.00,30.00,AUTO,0,52,0,1.81,50.25,0.00,52.06,0.00,0.00,0.00,0.00
1369.15,35.96,31.70,36.00,30.00,AUTO,0,52,0,1.81,50.25,0.00,52.06,0.00,0.00,0.00,0.00
1370.15,35.96,31.70,36.00,30.00,AUTO,0,52,0,1.81,50.25,0.00,52.06,0.00,0.00,0.00,0.00
1371.16,35.96,31.70,36.00,30.00,AUTO,0,52,0,1.81,50.25,0.00,52.06,0.00,0.00,0.00,0.00
1372.16,35.95,31.70,36.00,30.00,AUTO,0,52,0,1.81,50.25,0.00,52.06,0.00,0.00,0.00,0.00
1373.16,36.00,31.70,36.00,30.00,AUTO,0,52,0,1.81,50.25,0.00,52.06,0.00,0.00,0.00,0.00
1374.16,35.99,31.70,36.00,30.00,AUTO,0,52,0,1.81,50.25,0.00,52.06,0.00,0.00,0.00,0.00
1375.16,35.99,31.70,36.00,30.00,AUTO,0,52,0,1.81,50.25,0.00,52.06,0.00,0.00,0.00,0.00
1376.16,35.98,31.70,36.00,30.00,AUTO,0,51,0,1.37,50.47,0.00,51.85,0.00,0.00,0.00,0.00
1377.16,35.96,31.70,36.00,30.00,AUTO,0,51,0,1.37,50.47,0.00,51.85,0.00,0.00,0.00,0.00
1378.17,35.96,31.70,36.00,30.00,AUTO,0,51,0,1.37,50.47,0.00,51.85,0.00,0.00,0.00,0.00
1379.17,35.96,31.70,36.00,30.00,AUTO,0,51,0,1.37,50.47,0.00,51.85,0.00,0.00,0.00,0.00
1380.17,35.96,31.70,36.00,30.00,AUTO,0,51,0,1.37,50.47,0.00,51.85,0.00,0.00,0.00,0.00
1381.17,36.00,31.70,36.00,30.00,AUTO,0,51,0,1.37,50.47,0.00,51.85,0.00,0.00,0.00,0.00
1382.17,36.00,31.70,36.00,30.00,AUTO,0,51,0,1.37,50.47,0.00,51.85,0.00,0.00,0.00,0.00
1383.17,36.02,31.70,36.00,30.00,AUTO,0,51,0,1.37,50.47,0.00,51.85,0.00,0.00,0.00,0.00
1384.18,35.99,31.70,36.00,30.00,AUTO,0,51,0,1.00,50.63,0.00,51.63,0.00,0.00,0.00,0.00
1385.18,35.97,31.70,36.00,30.00,AUTO,0,51,0,1.00,50.63,0.00,51.63,0.00,0.00,0.00,0.00
1386.18,35.97,31.70,36.00,30.00,AUTO,0,51,0,1.00,50.63,0.00,51.63,0.00,0.00,0.00,0.00
1387.18,35.98,31.70,36.00,30.00,AUTO,0,51,0,1.00,50.63,0.00,51.63,0.00,0.00,0.00,0.00
1388.18,35.98,31.70,36.00,30.00,AUTO,0,51,0,1.00,50.63,0.00,51.63,0.00,0.00,0.00,0.00
1389.19,36.02,31.70,36.00,30.00,AUTO,0,51,0,1.00,50.63,0.00,51.63,0.00,0.00,0.00,0.00
1390.18,36.02,31.70,36.00,30.00,AUTO,0,51,0,1.00,50.63,0.00,51.63,0.00,0.00,0.00,0.00
1391.19,36.02,31.70,36.00,30.00,AUTO,0,51,0,1.00,50.63,0.00,51.63,0.00,0.00,0.00,0.00
1392.19,36.02,31.70,36.00,30.00,AUTO,0,50,0,0.31,50.68,0.00,50.99,0.00,0.00,0.00,0.00
1393.19,35.99,31.70,36.00,30.00,AUTO,0,50,0,0.31,50.68,0.00,50.99,0.00,0.00,0.00,0.00
1394.19,36.02,31.70,36.00,30.00,AUTO,0,50,0,0.31,50.68,0.00,50.99,0.00,0.00,0.00,0.00
1395.20,36.02,31.70,36.00,30.00,AUTO,0,50,0,0.31,50.68,0.00,50.99,0.00,0.00,0.00,0.00
1396.19,36.02,31.70,36.00,30.00,AUTO,0,50,0,0.31,50.68,0.00,50.99,0.00,0.00,0.00,0.00
1397.20,36.02,31.70,36.00,30.00,AUTO,0,50,0,0.31,50.68,0.00,50.99,0.00,0.00,0.00,0.00
1398.20,36.02,31.70,36.00,30.00,AUTO,0,50,0,0.31,50.68,0.00,50.99,0.00,0.00,0.00,0.00
1399.20,36.02,31.70,36.00,30.00,AUTO,0,50,0,0.31,50.68,0.00,50.99,0.00,0.00,0.00,0.00
1400.20,36.02,31.70,36.00,30.00,AUTO,0,49,0,-0.81,50.55,0.00,49.74,0.00,0.00,0.00,0.00
1401.20,36.02,31.70,36.00,30.00,AUTO,0,49,0,-0.81,50.55,0.00,49.74,0.00,0.00,0.00,0.00
1402.20,36.02,31.70,36.00,30.00,AUTO,0,49,0,-0.81,50.55,0.00,49.74,0.00,0.00,0.00,0.00
1403.21,36.02,31.70,36.00,30.00,AUTO,0,49,0,-0.81,50.55,0.00,49.74,0.00,0.00,0.00,0.00
