Time_Seconds,Temperature,Humidity,Setpoint_Temperature,Setpoint_Humidity,Ctrl,Error_Code,T_PWM,RH_PWM,T_PID_p,T_PID_i,T_PID_d,T_PID_out,RH_PID_p,RH_PID_i,RH_PID_d,RH_PID_out,T_output,RH_output,T_min_thld,T_max_thld,RH_min_thld,RH_max_thld
0.00,32.04,37.09,36.00,20.00,AUTO,1,NaN,NaN,NaN,NaN,NaN,NaN,NaN,NaN,NaN,NaN,1,NaN,35.90,36.10,NaN,NaN
0.84,32.04,37.09,36.00,20.00,MAN,1,NaN,NaN,NaN,NaN,NaN,NaN,NaN,NaN,NaN,NaN,0,NaN,35.90,36.10,NaN,NaN
1.84,32.04,37.06,36.00,20.00,MAN,1,NaN,NaN,NaN,NaN,NaN,NaN,NaN,NaN,NaN,NaN,0,NaN,35.90,36.10,NaN,NaN
2.85,32.03,37.06,36.00,20.00,MAN,1,NaN,NaN,NaN,NaN,NaN,NaN,NaN,NaN,NaN,NaN,0,NaN,35.90,36.10,NaN,NaN
3.84,32.03,37.06,36.00,20.00,MAN,1,NaN,NaN,NaN,NaN,NaN,NaN,NaN,NaN,NaN,NaN,0,NaN,35.90,36.10,NaN,NaN
4.85,32.03,37.09,36.00,20.00,MAN,1,NaN,NaN,NaN,NaN,NaN,NaN,NaN,NaN,NaN,NaN,0,NaN,35.90,36.10,NaN,NaN
5.85,32.03,37.09,36.00,20.00,MAN,1,NaN,NaN,NaN,NaN,NaN,NaN,NaN,NaN,NaN,NaN,0,NaN,35.90,36.10,NaN,NaN
6.85,32.03,37.09,36.00,20.00,MAN,1,NaN,NaN,NaN,NaN,NaN,NaN,NaN,NaN,NaN,NaN,0,NaN,35.90,36.10,NaN,NaN
7.85,32.03,37.09,36.00,20.00,MAN,1,NaN,NaN,NaN,NaN,NaN,NaN,NaN,NaN,NaN,NaN,0,NaN,35.90,36.10,NaN,NaN
8.85,32.02,37.09,36.00,20.00,MAN,1,NaN,NaN,NaN,NaN,NaN,NaN,NaN,NaN,NaN,NaN,0,NaN,35.90,36.10,NaN,NaN
9.85,32.02,37.09,36.00,20.00,MAN,1,NaN,NaN,NaN,NaN,NaN,NaN,NaN,NaN,NaN,NaN,0,NaN,35.90,36.10,NaN,NaN
10.86,32.02,37.09,36.00,20.00,MAN,1,NaN,NaN,NaN,NaN,NaN,NaN,NaN,NaN,NaN,NaN,0,NaN,35.90,36.10,NaN,NaN
11.86,32.01,37.09,36.00,20.00,MAN,1,NaN,NaN,NaN,NaN,NaN,NaN,NaN,NaN,NaN,NaN,0,NaN,35.90,36.10,NaN,NaN
12.86,32.01,37.09,36.00,20.00,MAN,1,NaN,NaN,NaN,NaN,NaN,NaN,NaN,NaN,NaN,NaN,0,NaN,35.90,36.10,NaN,NaN
13.86,32.01,37.09,36.00,20.00,MAN,1,NaN,NaN,NaN,NaN,NaN,NaN,NaN,NaN,NaN,NaN,0,NaN,35.90,36.10,NaN,NaN
14.86,32.01,37.13,36.00,20.00,MAN,1,NaN,NaN,NaN,NaN,NaN,NaN,NaN,NaN,NaN,NaN,0,NaN,35.90,36.10,NaN,NaN
15.86,32.00,37.13,36.00,20.00,MAN,1,NaN,NaN,NaN,NaN,NaN,NaN,NaN,NaN,NaN,NaN,0,NaN,35.90,36.10,NaN,NaN
16.87,32.00,37.13,36.00,20.00,MAN,1,NaN,NaN,NaN,NaN,NaN,NaN,NaN,NaN,NaN,NaN,0,NaN,35.90,36.10,NaN,NaN
17.86,31.99,37.13,36.00,20.00,MAN,1,NaN,NaN,NaN,NaN,NaN,NaN,NaN,NaN,NaN,NaN,0,NaN,35.90,36.10,NaN,NaN
18.87,31.99,37.16,36.00,20.00,MAN,1,NaN,NaN,NaN,NaN,NaN,NaN,NaN,NaN,NaN,NaN,0,NaN,35.90,36.10,NaN,NaN
19.87,31.98,37.16,36.00,20.00,MAN,1,NaN,NaN,NaN,NaN,NaN,NaN,NaN,NaN,NaN,NaN,0,NaN,35.90,36.10,NaN,NaN
20.87,31.99,37.16,36.00,20.00,AUTO,1,NaN,NaN,NaN,NaN,NaN,NaN,NaN,NaN,NaN,NaN,1,NaN,35.90,36.10,NaN,NaN
21.87,31.97,37.16,36.00,20.00,AUTO,1,NaN,NaN,NaN,NaN,NaN,NaN,NaN,NaN,NaN,NaN,1,NaN,35.90,36.10,NaN,NaN
22.87,31.96,37.16,36.00,20.00,AUTO,1,NaN,NaN,NaN,NaN,NaN,NaN,NaN,NaN,NaN,NaN,1,NaN,35.90,36.10,NaN,NaN
23.88,31.95,37.20,36.00,20.00,AUTO,1,NaN,NaN,NaN,NaN,NaN,NaN,NaN,NaN,NaN,NaN,1,NaN,35.90,36.10,NaN,NaN
24.88,31.95,37.20,36.00,20.00,AUTO,1,NaN,NaN,NaN,NaN,NaN,NaN,NaN,NaN,NaN,NaN,1,NaN,35.90,36.10,NaN,NaN
25.88,31.95,37.20,36.00,20.00,AUTO,1,NaN,NaN,NaN,NaN,NaN,NaN,NaN,NaN,NaN,NaN,1,NaN,35.90,36.10,NaN,NaN
26.88,31.99,37.20,32.00,20.00,MAN,0,NaN,NaN,NaN,NaN,NaN,NaN,NaN,NaN,NaN,NaN,0,NaN,31.90,32.10,NaN,NaN
27.88,31.99,37.20,32.00,20.00,MAN,0,NaN,NaN,NaN,NaN,NaN,NaN,NaN,NaN,NaN,NaN,0,NaN,31.90,32.10,NaN,NaN
28.88,31.99,37.16,32.00,20.00,AUTO,0,NaN,NaN,NaN,NaN,NaN,NaN,NaN,NaN,NaN,NaN,0,NaN,31.90,32.10,NaN,NaN
29.89,31.99,37.16,32.00,20.00,AUTO,0,NaN,NaN,NaN,NaN,NaN,NaN,NaN,NaN,NaN,NaN,0,NaN,31.90,32.10,NaN,NaN
30.89,31.99,37.16,32.00,20.00,AUTO,0,NaN,NaN,NaN,NaN,NaN,NaN,NaN,NaN,NaN,NaN,0,NaN,31.90,32.10,NaN,NaN
31.89,31.99,37.16,32.00,20.00,AUTO,0,NaN,NaN,NaN,NaN,NaN,NaN,NaN,NaN,NaN,NaN,0,NaN,31.90,32.10,NaN,NaN
32.89,31.99,37.16,32.00,20.00,AUTO,0,NaN,NaN,NaN,NaN,NaN,NaN,NaN,NaN,NaN,NaN,0,NaN,31.90,32.10,NaN,NaN
33.89,31.99,37.16,32.00,20.00,AUTO,0,NaN,NaN,NaN,NaN,NaN,NaN,NaN,NaN,NaN,NaN,0,NaN,31.90,32.10,NaN,NaN
34.89,31.99,37.16,32.00,20.00,AUTO,0,NaN,NaN,NaN,NaN,NaN,NaN,NaN,NaN,NaN,NaN,0,NaN,31.90,32.10,NaN,NaN
35.89,31.99,37.16,32.00,20.00,AUTO,0,NaN,NaN,NaN,NaN,NaN,NaN,NaN,NaN,NaN,NaN,0,NaN,31.90,32.10,NaN,NaN
36.90,31.98,37.16,32.00,20.00,AUTO,0,NaN,NaN,NaN,NaN,NaN,NaN,NaN,NaN,NaN,NaN,0,NaN,31.90,32.10,NaN,NaN
37.90,31.98,37.16,32.00,20.00,AUTO,0,NaN,NaN,NaN,NaN,NaN,NaN,NaN,NaN,NaN,NaN,0,NaN,31.90,32.10,NaN,NaN
38.90,31.97,37.16,32.00,20.00,AUTO,0,NaN,NaN,NaN,NaN,NaN,NaN,NaN,NaN,NaN,NaN,0,NaN,31.90,32.10,NaN,NaN
39.90,31.97,37.16,32.00,20.00,AUTO,0,NaN,NaN,NaN,NaN,NaN,NaN,NaN,NaN,NaN,NaN,0,NaN,31.90,32.10,NaN,NaN
40.90,31.96,37.20,32.00,20.00,AUTO,0,NaN,NaN,NaN,NaN,NaN,NaN,NaN,NaN,NaN,NaN,0,NaN,31.90,32.10,NaN,NaN
41.90,31.96,37.20,32.00,20.00,AUTO,0,NaN,NaN,NaN,NaN,NaN,NaN,NaN,NaN,NaN,NaN,0,NaN,31.90,32.10,NaN,NaN
42.91,31.96,37.20,32.00,20.00,AUTO,0,NaN,NaN,NaN,NaN,NaN,NaN,NaN,NaN,NaN,NaN,0,NaN,31.90,32.10,NaN,NaN
43.91,31.95,37.20,32.00,20.00,AUTO,0,NaN,NaN,NaN,NaN,NaN,NaN,NaN,NaN,NaN,NaN,0,NaN,31.90,32.10,NaN,NaN
44.91,31.95,37.20,32.00,20.00,AUTO,0,NaN,NaN,NaN,NaN,NaN,NaN,NaN,NaN,NaN,NaN,0,NaN,31.90,32.10,NaN,NaN
45.91,31.94,37.20,32.00,20.00,AUTO,0,NaN,NaN,NaN,NaN,NaN,NaN,NaN,NaN,NaN,NaN,0,NaN,31.90,32.10,NaN,NaN
46.91,31.95,37.20,32.00,20.00,AUTO,0,NaN,NaN,NaN,NaN,NaN,NaN,NaN,NaN,NaN,NaN,0,NaN,31.90,32.10,NaN,NaN
47.91,31.94,37.23,32.00,20.00,AUTO,0,NaN,NaN,NaN,NaN,NaN,NaN,NaN,NaN,NaN,NaN,0,NaN,31.90,32.10,NaN,NaN
48.92,31.93,37.23,32.00,20.00,AUTO,0,NaN,NaN,NaN,NaN,NaN,NaN,NaN,NaN,NaN,NaN,0,NaN,31.90,32.10,NaN,NaN
49.91,31.92,37.23,32.00,20.00,AUTO,0,NaN,NaN,NaN,NaN,NaN,NaN,NaN,NaN,NaN,NaN,0,NaN,31.90,32.10,NaN,NaN
50.92,31.90,37.23,36.00,20.00,AUTO,1,NaN,NaN,NaN,NaN,NaN,NaN,NaN,NaN,NaN,NaN,1,NaN,35.90,36.10,NaN,NaN
51.92,31.89,37.24,36.00,20.00,AUTO,1,NaN,NaN,NaN,NaN,NaN,NaN,NaN,NaN,NaN,NaN,1,NaN,35.90,36.10,NaN,NaN
52.92,31.88,37.24,36.00,20.00,AUTO,1,NaN,NaN,NaN,NaN,NaN,NaN,NaN,NaN,NaN,NaN,1,NaN,35.90,36.10,NaN,NaN
53.93,31.88,37.27,36.00,20.00,AUTO,1,NaN,NaN,NaN,NaN,NaN,NaN,NaN,NaN,NaN,NaN,1,NaN,35.90,36.10,NaN,NaN
54.92,31.89,37.30,36.00,20.00,AUTO,1,NaN,NaN,NaN,NaN,NaN,NaN,NaN,NaN,NaN,NaN,1,NaN,35.90,36.10,NaN,NaN
55.93,31.89,37.27,36.00,20.00,AUTO,1,NaN,NaN,NaN,NaN,NaN,NaN,NaN,NaN,NaN,NaN,1,NaN,35.90,36.10,NaN,NaN
56.93,31.90,37.30,36.00,20.00,AUTO,1,NaN,NaN,NaN,NaN,NaN,NaN,NaN,NaN,NaN,NaN,1,NaN,35.90,36.10,NaN,NaN
57.93,31.90,37.30,36.00,20.00,AUTO,1,NaN,NaN,NaN,NaN,NaN,NaN,NaN,NaN,NaN,NaN,1,NaN,35.90,36.10,NaN,NaN
58.93,31.90,37.30,36.00,20.00,AUTO,1,NaN,NaN,NaN,NaN,NaN,NaN,NaN,NaN,NaN,NaN,1,NaN,35.90,36.10,NaN,NaN
59.93,31.93,37.30,36.00,20.00,AUTO,1,NaN,NaN,NaN,NaN,NaN,NaN,NaN,NaN,NaN,NaN,1,NaN,35.90,36.10,NaN,NaN
60.93,31.93,37.26,36.00,20.00,AUTO,1,NaN,NaN,NaN,NaN,NaN,NaN,NaN,NaN,NaN,NaN,1,NaN,35.90,36.10,NaN,NaN
61.94,31.95,37.26,36.00,20.00,AUTO,1,NaN,NaN,NaN,NaN,NaN,NaN,NaN,NaN,NaN,NaN,1,NaN,35.90,36.10,NaN,NaN
62.94,31.96,37.23,36.00,20.00,AUTO,1,NaN,NaN,NaN,NaN,NaN,NaN,NaN,NaN,NaN,NaN,1,NaN,35.90,36.10,NaN,NaN
63.94,31.97,37.23,36.00,20.00,AUTO,1,NaN,NaN,NaN,NaN,NaN,NaN,NaN,NaN,NaN,NaN,1,NaN,35.90,36.10,NaN,NaN
64.94,31.98,37.23,36.00,20.00,AUTO,1,NaN,NaN,NaN,NaN,NaN,NaN,NaN,NaN,NaN,NaN,1,NaN,35.90,36.10,NaN,NaN
65.94,31.98,37.20,36.00,20.00,AUTO,1,NaN,NaN,NaN,NaN,NaN,NaN,NaN,NaN,NaN,NaN,1,NaN,35.90,36.10,NaN,NaN
66.94,32.00,37.20,36.00,20.00,AUTO,1,NaN,NaN,NaN,NaN,NaN,NaN,NaN,NaN,NaN,NaN,1,NaN,35.90,36.10,NaN,NaN
67.94,32.01,37.16,36.00,20.00,AUTO,1,NaN,NaN,NaN,NaN,NaN,NaN,NaN,NaN,NaN,NaN,1,NaN,35.90,36.10,NaN,NaN
68.95,32.03,37.16,36.00,20.00,AUTO,1,NaN,NaN,NaN,NaN,NaN,NaN,NaN,NaN,NaN,NaN,1,NaN,35.90,36.10,NaN,NaN
69.95,32.04,37.13,36.00,20.00,AUTO,1,NaN,NaN,NaN,NaN,NaN,NaN,NaN,NaN,NaN,NaN,1,NaN,35.90,36.10,NaN,NaN
70.95,32.05,37.11,36.00,20.00,AUTO,1,NaN,NaN,NaN,NaN,NaN,NaN,NaN,NaN,NaN,NaN,1,NaN,35.90,36.10,NaN,NaN
71.95,32.08,37.11,36.00,20.00,AUTO,1,NaN,NaN,NaN,NaN,NaN,NaN,NaN,NaN,NaN,NaN,1,NaN,35.90,36.10,NaN,NaN
72.95,32.09,37.08,36.00,20.00,AUTO,1,NaN,NaN,NaN,NaN,NaN,NaN,NaN,NaN,NaN,NaN,1,NaN,35.90,36.10,NaN,NaN
73.95,32.10,37.05,36.00,20.00,AUTO,1,NaN,NaN,NaN,NaN,NaN,NaN,NaN,NaN,NaN,NaN,1,NaN,35.90,36.10,NaN,NaN
74.97,32.12,37.05,36.00,20.00,AUTO,1,NaN,NaN,NaN,NaN,NaN,NaN,NaN,NaN,NaN,NaN,1,NaN,35.90,36.10,NaN,NaN
75.96,32.14,37.05,36.00,20.00,AUTO,1,NaN,NaN,NaN,NaN,NaN,NaN,NaN,NaN,NaN,NaN,1,NaN,35.90,36.10,NaN,NaN
76.96,32.15,37.01,36.00,20.00,AUTO,1,NaN,NaN,NaN,NaN,NaN,NaN,NaN,NaN,NaN,NaN,1,NaN,35.90,36.10,NaN,NaN
77.96,32.17,37.01,36.00,20.00,AUTO,1,NaN,NaN,NaN,NaN,NaN,NaN,NaN,NaN,NaN,NaN,1,NaN,35.90,36.10,NaN,NaN
78.96,32.20,36.98,36.00,20.00,AUTO,1,NaN,NaN,NaN,NaN,NaN,NaN,NaN,NaN,NaN,NaN,1,NaN,35.90,36.10,NaN,NaN
79.96,32.22,36.95,36.00,20.00,AUTO,1,NaN,NaN,NaN,NaN,NaN,NaN,NaN,NaN,NaN,NaN,1,NaN,35.90,36.10,NaN,NaN
80.97,32.25,36.89,36.00,20.00,AUTO,1,NaN,NaN,NaN,NaN,NaN,NaN,NaN,NaN,NaN,NaN,1,NaN,35.90,36.10,NaN,NaN
81.97,32.26,36.89,36.00,20.00,AUTO,1,NaN,NaN,NaN,NaN,NaN,NaN,NaN,NaN,NaN,NaN,1,NaN,35.90,36.10,NaN,NaN
82.97,32.27,36.86,36.00,20.00,AUTO,1,NaN,NaN,NaN,NaN,NaN,NaN,NaN,NaN,NaN,NaN,1,NaN,35.90,36.10,NaN,NaN
83.97,32.29,36.82,36.00,20.00,AUTO,1,NaN,NaN,NaN,NaN,NaN,NaN,NaN,NaN,NaN,NaN,1,NaN,35.90,36.10,NaN,NaN
84.97,32.31,36.79,36.00,20.00,AUTO,1,NaN,NaN,NaN,NaN,NaN,NaN,NaN,NaN,NaN,NaN,1,NaN,35.90,36.10,NaN,NaN
85.97,32.33,36.76,36.00,20.00,AUTO,1,NaN,NaN,NaN,NaN,NaN,NaN,NaN,NaN,NaN,NaN,1,NaN,35.90,36.10,NaN,NaN
86.97,32.35,36.72,36.00,20.00,AUTO,1,NaN,NaN,NaN,NaN,NaN,NaN,NaN,NaN,NaN,NaN,1,NaN,35.90,36.10,NaN,NaN
87.98,32.39,36.71,36.00,20.00,AUTO,1,NaN,NaN,NaN,NaN,NaN,NaN,NaN,NaN,NaN,NaN,1,NaN,35.90,36.10,NaN,NaN
88.98,32.41,36.71,36.00,20.00,AUTO,1,NaN,NaN,NaN,NaN,NaN,NaN,NaN,NaN,NaN,NaN,1,NaN,35.90,36.10,NaN,NaN
89.98,32.43,36.68,36.00,20.00,AUTO,1,NaN,NaN,NaN,NaN,NaN,NaN,NaN,NaN,NaN,NaN,1,NaN,35.90,36.10,NaN,NaN
90.98,32.45,36.61,36.00,20.00,AUTO,1,NaN,NaN,NaN,NaN,NaN,NaN,NaN,NaN,NaN,NaN,1,NaN,35.90,36.10,NaN,NaN
91.98,32.47,36.61,36.00,20.00,AUTO,1,NaN,NaN,NaN,NaN,NaN,NaN,NaN,NaN,NaN,NaN,1,NaN,35.90,36.10,NaN,NaN
92.98,32.49,36.54,36.00,20.00,AUTO,1,NaN,NaN,NaN,NaN,NaN,NaN,NaN,NaN,NaN,NaN,1,NaN,35.90,36.10,NaN,NaN
93.99,32.54,36.54,36.00,20.00,AUTO,1,NaN,NaN,NaN,NaN,NaN,NaN,NaN,NaN,NaN,NaN,1,NaN,35.90,36.10,NaN,NaN
94.99,32.55,36.47,36.00,20.00,AUTO,1,NaN,NaN,NaN,NaN,NaN,NaN,NaN,NaN,NaN,NaN,1,NaN,35.90,36.10,NaN,NaN
95.99,32.58,36.46,36.00,20.00,AUTO,1,NaN,NaN,NaN,NaN,NaN,NaN,NaN,NaN,NaN,NaN,1,NaN,35.90,36.10,NaN,NaN
96.99,32.60,36.42,36.00,20.00,AUTO,1,NaN,NaN,NaN,NaN,NaN,NaN,NaN,NaN,NaN,NaN,1,NaN,35.90,36.10,NaN,NaN
97.99,32.63,36.39,36.00,20.00,AUTO,1,NaN,NaN,NaN,NaN,NaN,NaN,NaN,NaN,NaN,NaN,1,NaN,35.90,36.10,NaN,NaN
98.99,32.66,36.36,36.00,20.00,AUTO,1,NaN,NaN,NaN,NaN,NaN,NaN,NaN,NaN,NaN,NaN,1,NaN,35.90,36.10,NaN,NaN
100.00,32.67,36.32,36.00,20.00,AUTO,1,NaN,NaN,NaN,NaN,NaN,NaN,NaN,NaN,NaN,NaN,1,NaN,35.90,36.10,NaN,NaN
100.99,32.70,36.29,36.00,20.00,AUTO,1,NaN,NaN,NaN,NaN,NaN,NaN,NaN,NaN,NaN,NaN,1,NaN,35.90,36.10,NaN,NaN
102.00,32.72,36.25,36.00,20.00,AUTO,1,NaN,NaN,NaN,NaN,NaN,NaN,NaN,NaN,NaN,NaN,1,NaN,35.90,36.10,NaN,NaN
103.00,32.74,36.24,36.00,20.00,AUTO,1,NaN,NaN,NaN,NaN,NaN,NaN,NaN,NaN,NaN,NaN,1,NaN,35.90,36.10,NaN,NaN
104.00,32.77,36.21,36.00,20.00,AUTO,1,NaN,NaN,NaN,NaN,NaN,NaN,NaN,NaN,NaN,NaN,1,NaN,35.90,36.10,NaN,NaN
105.00,32.79,36.18,36.00,20.00,AUTO,1,NaN,NaN,NaN,NaN,NaN,NaN,NaN,NaN,NaN,NaN,1,NaN,35.90,36.10,NaN,NaN
106.00,32.83,36.14,36.00,20.00,AUTO,1,NaN,NaN,NaN,NaN,NaN,NaN,NaN,NaN,NaN,NaN,1,NaN,35.90,36.10,NaN,NaN
107.01,32.85,36.07,36.00,20.00,AUTO,1,NaN,NaN,NaN,NaN,NaN,NaN,NaN,NaN,NaN,NaN,1,NaN,35.90,36.10,NaN,NaN
108.01,32.88,36.04,36.00,20.00,AUTO,1,NaN,NaN,NaN,NaN,NaN,NaN,NaN,NaN,NaN,NaN,1,NaN,35.90,36.10,NaN,NaN
109.01,32.90,36.04,36.00,20.00,AUTO,1,NaN,NaN,NaN,NaN,NaN,NaN,NaN,NaN,NaN,NaN,1,NaN,35.90,36.10,NaN,NaN
110.01,32.91,36.00,36.00,20.00,AUTO,1,NaN,NaN,NaN,NaN,NaN,NaN,NaN,NaN,NaN,NaN,1,NaN,35.90,36.10,NaN,NaN
111.01,32.92,35.98,36.00,20.00,AUTO,1,NaN,NaN,NaN,NaN,NaN,NaN,NaN,NaN,NaN,NaN,1,NaN,35.90,36.10,NaN,NaN
112.01,32.94,35.95,36.00,20.00,AUTO,1,NaN,NaN,NaN,NaN,NaN,NaN,NaN,NaN,NaN,NaN,1,NaN,35.90,36.10,NaN,NaN
113.02,32.97,35.92,36.00,20.00,AUTO,1,NaN,NaN,NaN,NaN,NaN,NaN,NaN,NaN,NaN,NaN,1,NaN,35.90,36.10,NaN,NaN
114.02,33.00,35.92,36.00,20.00,AUTO,1,NaN,NaN,NaN,NaN,NaN,NaN,NaN,NaN,NaN,NaN,1,NaN,35.90,36.10,NaN,NaN
115.02,33.04,35.85,36.00,20.00,AUTO,1,NaN,NaN,NaN,NaN,NaN,NaN,NaN,NaN,NaN,NaN,1,NaN,35.90,36.10,NaN,NaN
116.02,33.04,35.82,36.00,20.00,AUTO,1,NaN,NaN,NaN,NaN,NaN,NaN,NaN,NaN,NaN,NaN,1,NaN,35.90,36.10,NaN,NaN
117.02,33.05,35.78,36.00,20.00,AUTO,1,NaN,NaN,NaN,NaN,NaN,NaN,NaN,NaN,NaN,NaN,1,NaN,35.90,36.10,NaN,NaN
118.03,33.08,35.76,36.00,20.00,AUTO,1,NaN,NaN,NaN,NaN,NaN,NaN,NaN,NaN,NaN,NaN,1,NaN,35.90,36.10,NaN,NaN
119.02,33.12,35.73,36.00,20.00,AUTO,1,NaN,NaN,NaN,NaN,NaN,NaN,NaN,NaN,NaN,NaN,1,NaN,35.90,36.10,NaN,NaN
120.03,33.15,35.70,36.00,20.00,AUTO,1,NaN,NaN,NaN,NaN,NaN,NaN,NaN,NaN,NaN,NaN,1,NaN,35.90,36.10,NaN,NaN
121.03,33.17,35.70,36.00,20.00,AUTO,1,NaN,NaN,NaN,NaN,NaN,NaN,NaN,NaN,NaN,NaN,1,NaN,35.90,36.10,NaN,NaN
122.03,33.20,35.63,36.00,20.00,AUTO,1,NaN,NaN,NaN,NaN,NaN,NaN,NaN,NaN,NaN,NaN,1,NaN,35.90,36.10,NaN,NaN
123.03,33.25,35.60,36.00,20.00,AUTO,0,NaN,NaN,NaN,NaN,NaN,NaN,NaN,NaN,NaN,NaN,1,NaN,35.90,36.10,NaN,NaN
124.03,33.26,35.56,36.00,20.00,AUTO,0,NaN,NaN,NaN,NaN,NaN,NaN,NaN,NaN,NaN,NaN,1,NaN,35.90,36.10,NaN,NaN
125.03,33.28,35.55,36.00,20.00,AUTO,0,NaN,NaN,NaN,NaN,NaN,NaN,NaN,NaN,NaN,NaN,1,NaN,35.90,36.10,NaN,NaN
126.04,33.30,35.51,36.00,20.00,AUTO,0,NaN,NaN,NaN,NaN,NaN,NaN,NaN,NaN,NaN,NaN,1,NaN,35.90,36.10,NaN,NaN
127.04,33.33,35.48,36.00,20.00,AUTO,0,NaN,NaN,NaN,NaN,NaN,NaN,NaN,NaN,NaN,NaN,1,NaN,35.90,36.10,NaN,NaN
128.04,33.34,35.44,36.00,20.00,AUTO,0,NaN,NaN,NaN,NaN,NaN,NaN,NaN,NaN,NaN,NaN,1,NaN,35.90,36.10,NaN,NaN
129.04,33.37,35.37,36.00,20.00,AUTO,0,NaN,NaN,NaN,NaN,NaN,NaN,NaN,NaN,NaN,NaN,1,NaN,35.90,36.10,NaN,NaN
130.04,33.41,35.37,36.00,20.00,AUTO,0,NaN,NaN,NaN,NaN,NaN,NaN,NaN,NaN,NaN,NaN,1,NaN,35.90,36.10,NaN,NaN
131.04,33.43,35.37,36.00,20.00,AUTO,0,NaN,NaN,NaN,NaN,NaN,NaN,NaN,NaN,NaN,NaN,1,NaN,35.90,36.10,NaN,NaN
132.04,33.45,35.37,36.00,20.00,AUTO,0,NaN,NaN,NaN,NaN,NaN,NaN,NaN,NaN,NaN,NaN,1,NaN,35.90,36.10,NaN,NaN
133.04,33.47,35.33,36.00,20.00,AUTO,0,NaN,NaN,NaN,NaN,NaN,NaN,NaN,NaN,NaN,NaN,1,NaN,35.90,36.10,NaN,NaN
134.05,33.50,35.30,36.00,20.00,AUTO,0,NaN,NaN,NaN,NaN,NaN,NaN,NaN,NaN,NaN,NaN,1,NaN,35.90,36.10,NaN,NaN
135.05,33.52,35.23,36.00,20.00,AUTO,0,NaN,NaN,NaN,NaN,NaN,NaN,NaN,NaN,NaN,NaN,1,NaN,35.90,36.10,NaN,NaN
136.05,33.56,35.23,36.00,20.00,AUTO,0,NaN,NaN,NaN,NaN,NaN,NaN,NaN,NaN,NaN,NaN,1,NaN,35.90,36.10,NaN,NaN
137.05,33.58,35.16,36.00,20.00,AUTO,0,NaN,NaN,NaN,NaN,NaN,NaN,NaN,NaN,NaN,NaN,1,NaN,35.90,36.10,NaN,NaN
138.05,33.61,35.15,36.00,20.00,AUTO,0,NaN,NaN,NaN,NaN,NaN,NaN,NaN,NaN,NaN,NaN,1,NaN,35.90,36.10,NaN,NaN
139.06,33.62,35.11,36.00,20.00,AUTO,0,NaN,NaN,NaN,NaN,NaN,NaN,NaN,NaN,NaN,NaN,1,NaN,35.90,36.10,NaN,NaN
140.06,33.65,35.08,36.00,20.00,AUTO,0,NaN,NaN,NaN,NaN,NaN,NaN,NaN,NaN,NaN,NaN,1,NaN,35.90,36.10,NaN,NaN
141.06,33.67,35.04,36.00,20.00,AUTO,0,NaN,NaN,NaN,NaN,NaN,NaN,NaN,NaN,NaN,NaN,1,NaN,35.90,36.10,NaN,NaN
142.06,33.71,35.04,36.00,20.00,AUTO,0,NaN,NaN,NaN,NaN,NaN,NaN,NaN,NaN,NaN,NaN,1,NaN,35.90,36.10,NaN,NaN
143.06,33.74,35.01,36.00,20.00,AUTO,0,NaN,NaN,NaN,NaN,NaN,NaN,NaN,NaN,NaN,NaN,1,NaN,35.90,36.10,NaN,NaN
144.06,33.76,34.95,36.00,20.00,AUTO,0,NaN,NaN,NaN,NaN,NaN,NaN,NaN,NaN,NaN,NaN,1,NaN,35.90,36.10,NaN,NaN
145.07,33.79,34.92,36.00,20.00,AUTO,0,NaN,NaN,NaN,NaN,NaN,NaN,NaN,NaN,NaN,NaN,1,NaN,35.90,36.10,NaN,NaN
146.07,33.83,34.89,36.00,20.00,AUTO,0,NaN,NaN,NaN,NaN,NaN,NaN,NaN,NaN,NaN,NaN,1,NaN,35.90,36.10,NaN,NaN
147.07,33.87,34.82,36.00,20.00,AUTO,0,NaN,NaN,NaN,NaN,NaN,NaN,NaN,NaN,NaN,NaN,1,NaN,35.90,36.10,NaN,NaN
148.07,33.90,34.79,36.00,20.00,AUTO,0,NaN,NaN,NaN,NaN,NaN,NaN,NaN,NaN,NaN,NaN,1,NaN,35.90,36.10,NaN,NaN
149.07,33.94,34.77,36.00,20.00,AUTO,0,NaN,NaN,NaN,NaN,NaN,NaN,NaN,NaN,NaN,NaN,1,NaN,35.90,36.10,NaN,NaN
150.07,33.95,34.70,36.00,20.00,AUTO,0,NaN,NaN,NaN,NaN,NaN,NaN,NaN,NaN,NaN,NaN,1,NaN,35.90,36.10,NaN,NaN
151.07,33.95,34.70,36.00,20.00,AUTO,0,NaN,NaN,NaN,NaN,NaN,NaN,NaN,NaN,NaN,NaN,1,NaN,35.90,36.10,NaN,NaN
152.08,34.00,34.66,36.00,20.00,AUTO,0,NaN,NaN,NaN,NaN,NaN,NaN,NaN,NaN,NaN,NaN,1,NaN,35.90,36.10,NaN,NaN
153.08,34.03,34.57,36.00,20.00,AUTO,0,NaN,NaN,NaN,NaN,NaN,NaN,NaN,NaN,NaN,NaN,1,NaN,35.90,36.10,NaN,NaN
154.08,34.06,34.53,36.00,20.00,AUTO,0,NaN,NaN,NaN,NaN,NaN,NaN,NaN,NaN,NaN,NaN,1,NaN,35.90,36.10,NaN,NaN
155.08,34.06,34.50,36.00,20.00,AUTO,0,NaN,NaN,NaN,NaN,NaN,NaN,NaN,NaN,NaN,NaN,1,NaN,35.90,36.10,NaN,NaN
156.08,34.10,34.47,36.00,20.00,AUTO,0,NaN,NaN,NaN,NaN,NaN,NaN,NaN,NaN,NaN,NaN,1,NaN,35.90,36.10,NaN,NaN
157.08,34.14,34.44,36.00,20.00,AUTO,0,NaN,NaN,NaN,NaN,NaN,NaN,NaN,NaN,NaN,NaN,1,NaN,35.90,36.10,NaN,NaN
158.09,34.16,34.39,36.00,20.00,AUTO,0,NaN,NaN,NaN,NaN,NaN,NaN,NaN,NaN,NaN,NaN,1,NaN,35.90,36.10,NaN,NaN
159.09,34.19,34.35,36.00,20.00,AUTO,0,NaN,NaN,NaN,NaN,NaN,NaN,NaN,NaN,NaN,NaN,1,NaN,35.90,36.10,NaN,NaN
160.09,34.21,34.31,36.00,20.00,AUTO,0,NaN,NaN,NaN,NaN,NaN,NaN,NaN,NaN,NaN,NaN,1,NaN,35.90,36.10,NaN,NaN
161.09,34.23,34.27,36.00,20.00,AUTO,0,NaN,NaN,NaN,NaN,NaN,NaN,NaN,NaN,NaN,NaN,1,NaN,35.90,36.10,NaN,NaN
162.09,34.25,34.27,36.00,20.00,AUTO,0,NaN,NaN,NaN,NaN,NaN,NaN,NaN,NaN,NaN,NaN,1,NaN,35.90,36.10,NaN,NaN
163.09,34.29,34.23,36.00,20.00,AUTO,0,NaN,NaN,NaN,NaN,NaN,NaN,NaN,NaN,NaN,NaN,1,NaN,35.90,36.10,NaN,NaN
164.10,34.31,34.21,36.00,20.00,AUTO,0,NaN,NaN,NaN,NaN,NaN,NaN,NaN,NaN,NaN,NaN,1,NaN,35.90,36.10,NaN,NaN
165.09,34.34,34.17,36.00,20.00,AUTO,0,NaN,NaN,NaN,NaN,NaN,NaN,NaN,NaN,NaN,NaN,1,NaN,35.90,36.10,NaN,NaN
166.10,34.36,34.13,36.00,20.00,AUTO,0,NaN,NaN,NaN,NaN,NaN,NaN,NaN,NaN,NaN,NaN,1,NaN,35.90,36.10,NaN,NaN
167.10,34.39,34.08,36.00,20.00,AUTO,0,NaN,NaN,NaN,NaN,NaN,NaN,NaN,NaN,NaN,NaN,1,NaN,35.90,36.10,NaN,NaN
168.10,34.42,34.01,36.00,20.00,AUTO,0,NaN,NaN,NaN,NaN,NaN,NaN,NaN,NaN,NaN,NaN,1,NaN,35.90,36.10,NaN,NaN
169.10,34.45,34.02,36.00,20.00,AUTO,0,NaN,NaN,NaN,NaN,NaN,NaN,NaN,NaN,NaN,NaN,1,NaN,35.90,36.10,NaN,NaN
170.10,34.47,33.94,36.00,20.00,AUTO,0,NaN,NaN,NaN,NaN,NaN,NaN,NaN,NaN,NaN,NaN,1,NaN,35.90,36.10,NaN,NaN
171.11,34.51,33.90,36.00,20.00,AUTO,0,NaN,NaN,NaN,NaN,NaN,NaN,NaN,NaN,NaN,NaN,1,NaN,35.90,36.10,NaN,NaN
172.11,34.52,33.90,36.00,20.00,AUTO,0,NaN,NaN,NaN,NaN,NaN,NaN,NaN,NaN,NaN,NaN,1,NaN,35.90,36.10,NaN,NaN
173.11,34.55,33.86,36.00,20.00,AUTO,0,NaN,NaN,NaN,NaN,NaN,NaN,NaN,NaN,NaN,NaN,1,NaN,35.90,36.10,NaN,NaN
174.11,34.56,33.83,36.00,20.00,AUTO,0,NaN,NaN,NaN,NaN,NaN,NaN,NaN,NaN,NaN,NaN,1,NaN,35.90,36.10,NaN,NaN
175.11,34.59,33.78,36.00,20.00,AUTO,0,NaN,NaN,NaN,NaN,NaN,NaN,NaN,NaN,NaN,NaN,1,NaN,35.90,36.10,NaN,NaN
176.11,34.61,33.74,36.00,20.00,AUTO,0,NaN,NaN,NaN,NaN,NaN,NaN,NaN,NaN,NaN,NaN,1,NaN,35.90,36.10,NaN,NaN
177.12,34.64,33.70,36.00,20.00,AUTO,0,NaN,NaN,NaN,NaN,NaN,NaN,NaN,NaN,NaN,NaN,1,NaN,35.90,36.10,NaN,NaN
178.12,34.65,33.68,36.00,20.00,AUTO,0,NaN,NaN,NaN,NaN,NaN,NaN,NaN,NaN,NaN,NaN,1,NaN,35.90,36.10,NaN,NaN
179.12,34.67,33.68,36.00,20.00,AUTO,0,NaN,NaN,NaN,NaN,NaN,NaN,NaN,NaN,NaN,NaN,1,NaN,35.90,36.10,NaN,NaN
180.12,34.69,33.63,36.00,20.00,AUTO,0,NaN,NaN,NaN,NaN,NaN,NaN,NaN,NaN,NaN,NaN,1,NaN,35.90,36.10,NaN,NaN
181.12,34.74,33.60,36.00,20.00,AUTO,0,NaN,NaN,NaN,NaN,NaN,NaN,NaN,NaN,NaN,NaN,1,NaN,35.90,36.10,NaN,NaN
182.12,34.75,33.52,36.00,20.00,AUTO,0,NaN,NaN,NaN,NaN,NaN,NaN,NaN,NaN,NaN,NaN,1,NaN,35.90,36.10,NaN,NaN
183.12,34.76,33.52,36.00,20.00,AUTO,0,NaN,NaN,NaN,NaN,NaN,NaN,NaN,NaN,NaN,NaN,1,NaN,35.90,36.10,NaN,NaN
184.13,34.78,33.49,36.00,20.00,AUTO,0,NaN,NaN,NaN,NaN,NaN,NaN,NaN,NaN,NaN,NaN,1,NaN,35.90,36.10,NaN,NaN
185.13,34.80,33.49,36.00,20.00,AUTO,0,NaN,NaN,NaN,NaN,NaN,NaN,NaN,NaN,NaN,NaN,1,NaN,35.90,36.10,NaN,NaN
186.13,34.82,33.45,36.00,20.00,AUTO,0,NaN,NaN,NaN,NaN,NaN,NaN,NaN,NaN,NaN,NaN,1,NaN,35.90,36.10,NaN,NaN
187.13,34.84,33.41,36.00,20.00,AUTO,0,NaN,NaN,NaN,NaN,NaN,NaN,NaN,NaN,NaN,NaN,1,NaN,35.90,36.10,NaN,NaN
188.13,34.86,33.41,36.00,20.00,AUTO,0,NaN,NaN,NaN,NaN,NaN,NaN,NaN,NaN,NaN,NaN,1,NaN,35.90,36.10,NaN,NaN
189.13,34.86,33.38,36.00,20.00,AUTO,0,NaN,NaN,NaN,NaN,NaN,NaN,NaN,NaN,NaN,NaN,1,NaN,35.90,36.10,NaN,NaN
190.14,34.90,33.33,36.00,20.00,AUTO,0,NaN,NaN,NaN,NaN,NaN,NaN,NaN,NaN,NaN,NaN,1,NaN,35.90,36.10,NaN,NaN
191.14,34.92,33.29,36.00,20.00,AUTO,0,NaN,NaN,NaN,NaN,NaN,NaN,NaN,NaN,NaN,NaN,1,NaN,35.90,36.10,NaN,NaN
192.14,34.93,33.25,36.00,20.00,AUTO,0,NaN,NaN,NaN,NaN,NaN,NaN,NaN,NaN,NaN,NaN,1,NaN,35.90,36.10,NaN,NaN
193.14,34.95,33.25,36.00,20.00,AUTO,0,NaN,NaN,NaN,NaN,NaN,NaN,NaN,NaN,NaN,NaN,1,NaN,35.90,36.10,NaN,NaN
194.14,34.98,33.23,36.00,20.00,AUTO,0,NaN,NaN,NaN,NaN,NaN,NaN,NaN,NaN,NaN,NaN,1,NaN,35.90,36.10,NaN,NaN
195.14,34.99,33.18,36.00,20.00,AUTO,0,NaN,NaN,NaN,NaN,NaN,NaN,NaN,NaN,NaN,NaN,1,NaN,35.90,36.10,NaN,NaN
196.15,35.01,33.18,36.00,20.00,AUTO,0,NaN,NaN,NaN,NaN,NaN,NaN,NaN,NaN,NaN,NaN,1,NaN,35.90,36.10,NaN,NaN
197.15,35.05,33.15,36.00,20.00,AUTO,0,NaN,NaN,NaN,NaN,NaN,NaN,NaN,NaN,NaN,NaN,1,NaN,35.90,36.10,NaN,NaN
198.15,35.07,33.11,36.00,20.00,AUTO,0,NaN,NaN,NaN,NaN,NaN,NaN,NaN,NaN,NaN,NaN,1,NaN,35.90,36.10,NaN,NaN
199.15,35.10,33.11,36.00,20.00,AUTO,0,NaN,NaN,NaN,NaN,NaN,NaN,NaN,NaN,NaN,NaN,1,NaN,35.90,36.10,NaN,NaN
200.15,35.12,33.06,36.00,20.00,AUTO,0,NaN,NaN,NaN,NaN,NaN,NaN,NaN,NaN,NaN,NaN,1,NaN,35.90,36.10,NaN,NaN
201.15,35.12,33.04,36.00,20.00,AUTO,0,NaN,NaN,NaN,NaN,NaN,NaN,NaN,NaN,NaN,NaN,1,NaN,35.90,36.10,NaN,NaN
202.15,35.14,33.00,36.00,20.00,AUTO,0,NaN,NaN,NaN,NaN,NaN,NaN,NaN,NaN,NaN,NaN,1,NaN,35.90,36.10,NaN,NaN
203.16,35.16,33.00,36.00,20.00,AUTO,0,NaN,NaN,NaN,NaN,NaN,NaN,NaN,NaN,NaN,NaN,1,NaN,35.90,36.10,NaN,NaN
204.16,35.19,32.96,36.00,20.00,AUTO,0,NaN,NaN,NaN,NaN,NaN,NaN,NaN,NaN,NaN,NaN,1,NaN,35.90,36.10,NaN,NaN
205.16,35.19,32.93,36.00,20.00,AUTO,0,NaN,NaN,NaN,NaN,NaN,NaN,NaN,NaN,NaN,NaN,1,NaN,35.90,36.10,NaN,NaN
206.16,35.21,32.93,36.00,20.00,AUTO,0,NaN,NaN,NaN,NaN,NaN,NaN,NaN,NaN,NaN,NaN,1,NaN,35.90,36.10,NaN,NaN
207.16,35.23,32.88,36.00,20.00,AUTO,0,NaN,NaN,NaN,NaN,NaN,NaN,NaN,NaN,NaN,NaN,1,NaN,35.90,36.10,NaN,NaN
208.16,35.23,32.88,36.00,20.00,AUTO,0,NaN,NaN,NaN,NaN,NaN,NaN,NaN,NaN,NaN,NaN,1,NaN,35.90,36.10,NaN,NaN
209.17,35.24,32.84,36.00,20.00,AUTO,0,NaN,NaN,NaN,NaN,NaN,NaN,NaN,NaN,NaN,NaN,1,NaN,35.90,36.10,NaN,NaN
210.16,35.26,32.84,36.00,20.00,AUTO,0,NaN,NaN,NaN,NaN,NaN,NaN,NaN,NaN,NaN,NaN,1,NaN,35.90,36.10,NaN,NaN
211.17,35.29,32.80,36.00,20.00,AUTO,0,NaN,NaN,NaN,NaN,NaN,NaN,NaN,NaN,NaN,NaN,1,NaN,35.90,36.10,NaN,NaN
212.17,35.31,32.78,36.00,20.00,AUTO,0,NaN,NaN,NaN,NaN,NaN,NaN,NaN,NaN,NaN,NaN,1,NaN,35.90,36.10,NaN,NaN
213.17,35.33,32.78,36.00,20.00,AUTO,0,NaN,NaN,NaN,NaN,NaN,NaN,NaN,NaN,NaN,NaN,1,NaN,35.90,36.10,NaN,NaN
214.17,35.34,32.73,36.00,20.00,AUTO,0,NaN,NaN,NaN,NaN,NaN,NaN,NaN,NaN,NaN,NaN,1,NaN,35.90,36.10,NaN,NaN
215.17,35.36,32.70,36.00,20.00,AUTO,0,NaN,NaN,NaN,NaN,NaN,NaN,NaN,NaN,NaN,NaN,1,NaN,35.90,36.10,NaN,NaN
216.18,35.38,32.70,36.00,20.00,AUTO,0,NaN,NaN,NaN,NaN,NaN,NaN,NaN,NaN,NaN,NaN,1,NaN,35.90,36.10,NaN,NaN
217.18,35.40,32.70,36.00,20.00,AUTO,0,NaN,NaN,NaN,NaN,NaN,NaN,NaN,NaN,NaN,NaN,1,NaN,35.90,36.10,NaN,NaN
218.18,35.43,32.66,36.00,20.00,AUTO,0,NaN,NaN,NaN,NaN,NaN,NaN,NaN,NaN,NaN,NaN,1,NaN,35.90,36.10,NaN,NaN
219.18,35.44,32.66,36.00,20.00,AUTO,0,NaN,NaN,NaN,NaN,NaN,NaN,NaN,NaN,NaN,NaN,1,NaN,35.90,36.10,NaN,NaN
220.18,35.45,32.62,36.00,20.00,AUTO,0,NaN,NaN,NaN,NaN,NaN,NaN,NaN,NaN,NaN,NaN,1,NaN,35.90,36.10,NaN,NaN
221.18,35.47,32.59,36.00,20.00,AUTO,0,NaN,NaN,NaN,NaN,NaN,NaN,NaN,NaN,NaN,NaN,1,NaN,35.90,36.10,NaN,NaN
222.18,35.50,32.59,36.00,20.00,AUTO,0,NaN,NaN,NaN,NaN,NaN,NaN,NaN,NaN,NaN,NaN,1,NaN,35.90,36.10,NaN,NaN
223.19,35.53,32.55,36.00,20.00,AUTO,0,NaN,NaN,NaN,NaN,NaN,NaN,NaN,NaN,NaN,NaN,1,NaN,35.90,36.10,NaN,NaN
224.18,35.55,32.51,36.00,20.00,AUTO,0,NaN,NaN,NaN,NaN,NaN,NaN,NaN,NaN,NaN,NaN,1,NaN,35.90,36.10,NaN,NaN
225.19,35.57,32.48,36.00,20.00,AUTO,0,NaN,NaN,NaN,NaN,NaN,NaN,NaN,NaN,NaN,NaN,1,NaN,35.90,36.10,NaN,NaN
226.19,35.59,32.43,36.00,20.00,AUTO,0,NaN,NaN,NaN,NaN,NaN,NaN,NaN,NaN,NaN,NaN,1,NaN,35.90,36.10,NaN,NaN
227.19,35.59,32.39,36.00,20.00,AUTO,0,NaN,NaN,NaN,NaN,NaN,NaN,NaN,NaN,NaN,NaN,1,NaN,35.90,36.10,NaN,NaN
228.19,35.62,32.39,36.00,20.00,AUTO,0,NaN,NaN,NaN,NaN,NaN,NaN,NaN,NaN,NaN,NaN,1,NaN,35.90,36.10,NaN,NaN
229.19,35.64,32.35,36.00,20.00,AUTO,0,NaN,NaN,NaN,NaN,NaN,NaN,NaN,NaN,NaN,NaN,1,NaN,35.90,36.10,NaN,NaN
230.20,35.67,32.33,36.00,20.00,AUTO,0,NaN,NaN,NaN,NaN,NaN,NaN,NaN,NaN,NaN,NaN,1,NaN,35.90,36.10,NaN,NaN
231.20,35.68,32.33,36.00,20.00,AUTO,0,NaN,NaN,NaN,NaN,NaN,NaN,NaN,NaN,NaN,NaN,1,NaN,35.90,36.10,NaN,NaN
232.20,35.70,32.28,36.00,20.00,AUTO,0,NaN,NaN,NaN,NaN,NaN,NaN,NaN,NaN,NaN,NaN,1,NaN,35.90,36.10,NaN,NaN
233.20,35.72,32.28,36.00,20.00,AUTO,0,NaN,NaN,NaN,NaN,NaN,NaN,NaN,NaN,NaN,NaN,1,NaN,35.90,36.10,NaN,NaN
234.20,35.73,32.25,36.00,20.00,AUTO,0,NaN,NaN,NaN,NaN,NaN,NaN,NaN,NaN,NaN,NaN,1,NaN,35.90,36.10,NaN,NaN
235.20,35.74,32.25,36.00,20.00,AUTO,0,NaN,NaN,NaN,NaN,NaN,NaN,NaN,NaN,NaN,NaN,1,NaN,35.90,36.10,NaN,NaN
236.21,35.77,32.25,36.00,20.00,AUTO,0,NaN,NaN,NaN,NaN,NaN,NaN,NaN,NaN,NaN,NaN,1,NaN,35.90,36.10,NaN,NaN
237.21,35.79,32.21,36.00,20.00,AUTO,0,NaN,NaN,NaN,NaN,NaN,NaN,NaN,NaN,NaN,NaN,1,NaN,35.90,36.10,NaN,NaN
238.21,35.81,32.19,36.00,20.00,AUTO,0,NaN,NaN,NaN,NaN,NaN,NaN,NaN,NaN,NaN,NaN,1,NaN,35.90,36.10,NaN,NaN
239.21,35.83,32.19,36.00,20.00,AUTO,0,NaN,NaN,NaN,NaN,NaN,NaN,NaN,NaN,NaN,NaN,1,NaN,35.90,36.10,NaN,NaN
240.21,35.84,32.14,36.00,20.00,AUTO,0,NaN,NaN,NaN,NaN,NaN,NaN,NaN,NaN,NaN,NaN,1,NaN,35.90,36.10,NaN,NaN
241.22,35.87,32.10,36.00,20.00,AUTO,0,NaN,NaN,NaN,NaN,NaN,NaN,NaN,NaN,NaN,NaN,1,NaN,35.90,36.10,NaN,NaN
242.22,35.90,32.06,36.00,20.00,AUTO,0,NaN,NaN,NaN,NaN,NaN,NaN,NaN,NaN,NaN,NaN,1,NaN,35.90,36.10,NaN,NaN
243.22,35.92,32.02,36.00,20.00,AUTO,0,NaN,NaN,NaN,NaN,NaN,NaN,NaN,NaN,NaN,NaN,1,NaN,35.90,36.10,NaN,NaN
244.22,35.94,32.02,36.00,20.00,AUTO,0,NaN,NaN,NaN,NaN,NaN,NaN,NaN,NaN,NaN,NaN,1,NaN,35.90,36.10,NaN,NaN
245.22,35.95,31.98,36.00,20.00,AUTO,0,NaN,NaN,NaN,NaN,NaN,NaN,NaN,NaN,NaN,NaN,1,NaN,35.90,36.10,NaN,NaN
246.22,35.97,31.94,36.00,20.00,AUTO,0,NaN,NaN,NaN,NaN,NaN,NaN,NaN,NaN,NaN,NaN,1,NaN,35.90,36.10,NaN,NaN
247.22,36.00,31.90,36.00,20.00,AUTO,0,NaN,NaN,NaN,NaN,NaN,NaN,NaN,NaN,NaN,NaN,1,NaN,35.90,36.10,NaN,NaN
248.23,36.01,31.92,36.00,20.00,AUTO,0,NaN,NaN,NaN,NaN,NaN,NaN,NaN,NaN,NaN,NaN,1,NaN,35.90,36.10,NaN,NaN
249.23,36.02,31.92,36.00,20.00,AUTO,0,NaN,NaN,NaN,NaN,NaN,NaN,NaN,NaN,NaN,NaN,1,NaN,35.90,36.10,NaN,NaN
250.23,36.06,31.88,36.00,20.00,AUTO,0,NaN,NaN,NaN,NaN,NaN,NaN,NaN,NaN,NaN,NaN,1,NaN,35.90,36.10,NaN,NaN
251.23,36.07,31.83,36.00,20.00,AUTO,0,NaN,NaN,NaN,NaN,NaN,NaN,NaN,NaN,NaN,NaN,1,NaN,35.90,36.10,NaN,NaN
252.23,36.08,31.83,36.00,20.00,AUTO,0,NaN,NaN,NaN,NaN,NaN,NaN,NaN,NaN,NaN,NaN,1,NaN,35.90,36.10,NaN,NaN
253.23,36.09,31.80,36.00,20.00,AUTO,0,NaN,NaN,NaN,NaN,NaN,NaN,NaN,NaN,NaN,NaN,1,NaN,35.90,36.10,NaN,NaN
254.24,36.11,31.80,36.00,20.00,AUTO,0,NaN,NaN,NaN,NaN,NaN,NaN,NaN,NaN,NaN,NaN,0,NaN,35.90,36.10,NaN,NaN
255.24,36.14,31.77,36.00,20.00,AUTO,0,NaN,NaN,NaN,NaN,NaN,NaN,NaN,NaN,NaN,NaN,0,NaN,35.90,36.10,NaN,NaN
256.24,36.15,31.77,36.00,20.00,AUTO,0,NaN,NaN,NaN,NaN,NaN,NaN,NaN,NaN,NaN,NaN,0,NaN,35.90,36.10,NaN,NaN
257.24,36.16,31.73,36.00,20.00,AUTO,0,NaN,NaN,NaN,NaN,NaN,NaN,NaN,NaN,NaN,NaN,0,NaN,35.90,36.10,NaN,NaN
258.24,36.16,31.69,36.00,20.00,AUTO,0,NaN,NaN,NaN,NaN,NaN,NaN,NaN,NaN,NaN,NaN,0,NaN,35.90,36.10,NaN,NaN
259.24,36.17,31.69,36.00,20.00,AUTO,0,NaN,NaN,NaN,NaN,NaN,NaN,NaN,NaN,NaN,NaN,0,NaN,35.90,36.10,NaN,NaN
260.25,36.16,31.69,36.00,20.00,AUTO,0,NaN,NaN,NaN,NaN,NaN,NaN,NaN,NaN,NaN,NaN,0,NaN,35.90,36.10,NaN,NaN
261.24,36.16,31.69,36.00,20.00,AUTO,0,NaN,NaN,NaN,NaN,NaN,NaN,NaN,NaN,NaN,NaN,0,NaN,35.90,36.10,NaN,NaN
262.25,36.16,31.69,36.00,20.00,AUTO,0,NaN,NaN,NaN,NaN,NaN,NaN,NaN,NaN,NaN,NaN,0,NaN,35.90,36.10,NaN,NaN
263.25,36.16,31.69,36.00,20.00,AUTO,0,NaN,NaN,NaN,NaN,NaN,NaN,NaN,NaN,NaN,NaN,0,NaN,35.90,36.10,NaN,NaN
264.25,36.15,31.69,36.00,20.00,AUTO,0,NaN,NaN,NaN,NaN,NaN,NaN,NaN,NaN,NaN,NaN,0,NaN,35.90,36.10,NaN,NaN
265.25,36.15,31.69,36.00,20.00,AUTO,0,NaN,NaN,NaN,NaN,NaN,NaN,NaN,NaN,NaN,NaN,0,NaN,35.90,36.10,NaN,NaN
266.25,36.14,31.67,36.00,20.00,AUTO,0,NaN,NaN,NaN,NaN,NaN,NaN,NaN,NaN,NaN,NaN,0,NaN,35.90,36.10,NaN,NaN
267.25,36.12,31.72,36.00,20.00,AUTO,0,NaN,NaN,NaN,NaN,NaN,NaN,NaN,NaN,NaN,NaN,0,NaN,35.90,36.10,NaN,NaN
268.26,36.11,31.72,36.00,20.00,AUTO,0,NaN,NaN,NaN,NaN,NaN,NaN,NaN,NaN,NaN,NaN,0,NaN,35.90,36.10,NaN,NaN
269.26,36.10,31.76,36.00,20.00,AUTO,0,NaN,NaN,NaN,NaN,NaN,NaN,NaN,NaN,NaN,NaN,0,NaN,35.90,36.10,NaN,NaN
270.26,36.10,31.80,36.00,20.00,AUTO,0,NaN,NaN,NaN,NaN,NaN,NaN,NaN,NaN,NaN,NaN,0,NaN,35.90,36.10,NaN,NaN
271.26,36.09,31.80,36.00,20.00,AUTO,0,NaN,NaN,NaN,NaN,NaN,NaN,NaN,NaN,NaN,NaN,0,NaN,35.90,36.10,NaN,NaN
272.26,36.08,31.83,36.00,20.00,AUTO,0,NaN,NaN,NaN,NaN,NaN,NaN,NaN,NaN,NaN,NaN,0,NaN,35.90,36.10,NaN,NaN
273.26,36.06,31.83,36.00,20.00,AUTO,0,NaN,NaN,NaN,NaN,NaN,NaN,NaN,NaN,NaN,NaN,0,NaN,35.90,36.10,NaN,NaN
274.26,36.04,31.83,36.00,20.00,AUTO,0,NaN,NaN,NaN,NaN,NaN,NaN,NaN,NaN,NaN,NaN,0,NaN,35.90,36.10,NaN,NaN
275.27,36.03,31.88,36.00,20.00,AUTO,0,NaN,NaN,NaN,NaN,NaN,NaN,NaN,NaN,NaN,NaN,0,NaN,35.90,36.10,NaN,NaN
276.27,36.02,31.92,36.00,20.00,AUTO,0,NaN,NaN,NaN,NaN,NaN,NaN,NaN,NaN,NaN,NaN,0,NaN,35.90,36.10,NaN,NaN
277.27,36.01,31.92,36.00,20.00,AUTO,0,NaN,NaN,NaN,NaN,NaN,NaN,NaN,NaN,NaN,NaN,0,NaN,35.90,36.10,NaN,NaN
278.27,36.00,31.90,36.00,20.00,AUTO,0,NaN,NaN,NaN,NaN,NaN,NaN,NaN,NaN,NaN,NaN,0,NaN,35.90,36.10,NaN,NaN
279.27,35.98,31.94,36.00,20.00,AUTO,0,NaN,NaN,NaN,NaN,NaN,NaN,NaN,NaN,NaN,NaN,0,NaN,35.90,36.10,NaN,NaN
280.27,35.97,31.94,36.00,20.00,AUTO,0,NaN,NaN,NaN,NaN,NaN,NaN,NaN,NaN,NaN,NaN,0,NaN,35.90,36.10,NaN,NaN
281.28,35.96,32.02,36.00,20.00,AUTO,0,NaN,NaN,NaN,NaN,NaN,NaN,NaN,NaN,NaN,NaN,0,NaN,35.90,36.10,NaN,NaN
282.28,35.94,32.02,36.00,20.00,AUTO,0,NaN,NaN,NaN,NaN,NaN,NaN,NaN,NaN,NaN,NaN,0,NaN,35.90,36.10,NaN,NaN
283.28,35.92,32.06,36.00,20.00,AUTO,0,NaN,NaN,NaN,NaN,NaN,NaN,NaN,NaN,NaN,NaN,0,NaN,35.90,36.10,NaN,NaN
284.28,35.89,32.10,36.00,20.00,AUTO,0,NaN,NaN,NaN,NaN,NaN,NaN,NaN,NaN,NaN,NaN,1,NaN,35.90,36.10,NaN,NaN
285.28,35.87,32.14,36.00,20.00,AUTO,0,NaN,NaN,NaN,NaN,NaN,NaN,NaN,NaN,NaN,NaN,1,NaN,35.90,36.10,NaN,NaN
286.28,35.83,32.14,36.00,20.00,AUTO,0,NaN,NaN,NaN,NaN,NaN,NaN,NaN,NaN,NaN,NaN,1,NaN,35.90,36.10,NaN,NaN
287.29,35.80,32.17,36.00,20.00,AUTO,0,NaN,NaN,NaN,NaN,NaN,NaN,NaN,NaN,NaN,NaN,1,NaN,35.90,36.10,NaN,NaN
288.29,35.78,32.21,36.00,20.00,AUTO,0,NaN,NaN,NaN,NaN,NaN,NaN,NaN,NaN,NaN,NaN,1,NaN,35.90,36.10,NaN,NaN
289.29,35.77,32.21,36.00,20.00,AUTO,0,NaN,NaN,NaN,NaN,NaN,NaN,NaN,NaN,NaN,NaN,1,NaN,35.90,36.10,NaN,NaN
290.29,35.73,32.21,36.00,20.00,AUTO,0,NaN,NaN,NaN,NaN,NaN,NaN,NaN,NaN,NaN,NaN,1,NaN,35.90,36.10,NaN,NaN
291.29,35.72,32.25,36.00,20.00,AUTO,0,NaN,NaN,NaN,NaN,NaN,NaN,NaN,NaN,NaN,NaN,1,NaN,35.90,36.10,NaN,NaN
292.30,35.71,32.28,36.00,20.00,AUTO,0,NaN,NaN,NaN,NaN,NaN,NaN,NaN,NaN,NaN,NaN,1,NaN,35.90,36.10,NaN,NaN
293.29,35.72,32.28,36.00,20.00,AUTO,0,NaN,NaN,NaN,NaN,NaN,NaN,NaN,NaN,NaN,NaN,1,NaN,35.90,36.10,NaN,NaN
294.30,35.71,32.28,36.00,20.00,AUTO,0,NaN,NaN,NaN,NaN,NaN,NaN,NaN,NaN,NaN,NaN,1,NaN,35.90,36.10,NaN,NaN
295.30,35.71,32.28,36.00,20.00,AUTO,0,NaN,NaN,NaN,NaN,NaN,NaN,NaN,NaN,NaN,NaN,1,NaN,35.90,36.10,NaN,NaN
296.30,35.71,32.28,36.00,20.00,AUTO,0,NaN,NaN,NaN,NaN,NaN,NaN,NaN,NaN,NaN,NaN,1,NaN,35.90,36.10,NaN,NaN
297.30,35.70,32.28,36.00,20.00,AUTO,0,NaN,NaN,NaN,NaN,NaN,NaN,NaN,NaN,NaN,NaN,1,NaN,35.90,36.10,NaN,NaN
298.30,35.71,32.28,36.00,20.00,AUTO,0,NaN,NaN,NaN,NaN,NaN,NaN,NaN,NaN,NaN,NaN,1,NaN,35.90,36.10,NaN,NaN
299.30,35.72,32.28,36.00,20.00,AUTO,0,NaN,NaN,NaN,NaN,NaN,NaN,NaN,NaN,NaN,NaN,1,NaN,35.90,36.10,NaN,NaN
300.31,35.72,32.28,36.00,20.00,AUTO,0,NaN,NaN,NaN,NaN,NaN,NaN,NaN,NaN,NaN,NaN,1,NaN,35.90,36.10,NaN,NaN
301.31,35.73,32.28,36.00,20.00,AUTO,0,NaN,NaN,NaN,NaN,NaN,NaN,NaN,NaN,NaN,NaN,1,NaN,35.90,36.10,NaN,NaN
302.31,35.73,32.28,36.00,20.00,AUTO,0,NaN,NaN,NaN,NaN,NaN,NaN,NaN,NaN,NaN,NaN,1,NaN,35.90,36.10,NaN,NaN
303.31,35.73,32.28,36.00,20.00,AUTO,0,NaN,NaN,NaN,NaN,NaN,NaN,NaN,NaN,NaN,NaN,1,NaN,35.90,36.10,NaN,NaN
304.31,35.73,32.28,36.00,20.00,AUTO,0,NaN,NaN,NaN,NaN,NaN,NaN,NaN,NaN,NaN,NaN,1,NaN,35.90,36.10,NaN,NaN
305.31,35.73,32.28,36.00,20.00,AUTO,0,NaN,NaN,NaN,NaN,NaN,NaN,NaN,NaN,NaN,NaN,1,NaN,35.90,36.10,NaN,NaN
306.31,35.74,32.28,36.00,20.00,AUTO,0,NaN,NaN,NaN,NaN,NaN,NaN,NaN,NaN,NaN,NaN,1,NaN,35.90,36.10,NaN,NaN
307.31,35.74,32.28,36.00,20.00,AUTO,0,NaN,NaN,NaN,NaN,NaN,NaN,NaN,NaN,NaN,NaN,1,NaN,35.90,36.10,NaN,NaN
308.32,35.77,32.28,36.00,20.00,AUTO,0,NaN,NaN,NaN,NaN,NaN,NaN,NaN,NaN,NaN,NaN,1,NaN,35.90,36.10,NaN,NaN
309.32,35.78,32.28,36.00,20.00,AUTO,0,NaN,NaN,NaN,NaN,NaN,NaN,NaN,NaN,NaN,NaN,1,NaN,35.90,36.10,NaN,NaN
310.32,35.79,32.28,36.00,20.00,AUTO,0,NaN,NaN,NaN,NaN,NaN,NaN,NaN,NaN,NaN,NaN,1,NaN,35.90,36.10,NaN,NaN
311.32,35.79,32.28,36.00,20.00,AUTO,0,NaN,NaN,NaN,NaN,NaN,NaN,NaN,NaN,NaN,NaN,1,NaN,35.90,36.10,NaN,NaN
312.32,35.79,32.25,36.00,20.00,AUTO,0,NaN,NaN,NaN,NaN,NaN,NaN,NaN,NaN,NaN,NaN,1,NaN,35.90,36.10,NaN,NaN
313.33,35.81,32.26,36.00,20.00,AUTO,0,NaN,NaN,NaN,NaN,NaN,NaN,NaN,NaN,NaN,NaN,1,NaN,35.90,36.10,NaN,NaN
314.33,35.83,32.26,36.00,20.00,AUTO,0,NaN,NaN,NaN,NaN,NaN,NaN,NaN,NaN,NaN,NaN,1,NaN,35.90,36.10,NaN,NaN
315.33,35.84,32.26,36.00,20.00,AUTO,0,NaN,NaN,NaN,NaN,NaN,NaN,NaN,NaN,NaN,NaN,1,NaN,35.90,36.10,NaN,NaN
316.33,35.85,32.22,36.00,20.00,AUTO,0,NaN,NaN,NaN,NaN,NaN,NaN,NaN,NaN,NaN,NaN,1,NaN,35.90,36.10,NaN,NaN
317.33,35.86,32.22,36.00,20.00,AUTO,0,NaN,NaN,NaN,NaN,NaN,NaN,NaN,NaN,NaN,NaN,1,NaN,35.90,36.10,NaN,NaN
318.33,35.88,32.22,36.00,20.00,AUTO,0,NaN,NaN,NaN,NaN,NaN,NaN,NaN,NaN,NaN,NaN,1,NaN,35.90,36.10,NaN,NaN
319.34,35.88,32.19,36.00,20.00,AUTO,0,NaN,NaN,NaN,NaN,NaN,NaN,NaN,NaN,NaN,NaN,1,NaN,35.90,36.10,NaN,NaN
320.33,35.89,32.19,36.00,20.00,AUTO,0,NaN,NaN,NaN,NaN,NaN,NaN,NaN,NaN,NaN,NaN,1,NaN,35.90,36.10,NaN,NaN
321.34,35.90,32.19,36.00,20.00,AUTO,0,NaN,NaN,NaN,NaN,NaN,NaN,NaN,NaN,NaN,NaN,1,NaN,35.90,36.10,NaN,NaN
322.34,35.92,32.14,36.00,20.00,AUTO,0,NaN,NaN,NaN,NaN,NaN,NaN,NaN,NaN,NaN,NaN,1,NaN,35.90,36.10,NaN,NaN
323.34,35.93,32.14,36.00,20.00,AUTO,0,NaN,NaN,NaN,NaN,NaN,NaN,NaN,NaN,NaN,NaN,1,NaN,35.90,36.10,NaN,NaN
324.34,35.95,32.10,36.00,20.00,AUTO,0,NaN,NaN,NaN,NaN,NaN,NaN,NaN,NaN,NaN,NaN,1,NaN,35.90,36.10,NaN,NaN
325.34,35.96,32.10,36.00,20.00,AUTO,0,NaN,NaN,NaN,NaN,NaN,NaN,NaN,NaN,NaN,NaN,1,NaN,35.90,36.10,NaN,NaN
326.35,35.97,32.06,36.00,20.00,AUTO,0,NaN,NaN,NaN,NaN,NaN,NaN,NaN,NaN,NaN,NaN,1,NaN,35.90,36.10,NaN,NaN
327.35,35.98,32.06,36.00,20.00,AUTO,0,NaN,NaN,NaN,NaN,NaN,NaN,NaN,NaN,NaN,NaN,1,NaN,35.90,36.10,NaN,NaN
328.35,36.00,32.02,36.00,20.00,AUTO,0,NaN,NaN,NaN,NaN,NaN,NaN,NaN,NaN,NaN,NaN,1,NaN,35.90,36.10,NaN,NaN
329.35,36.01,32.04,36.00,20.00,AUTO,0,NaN,NaN,NaN,NaN,NaN,NaN,NaN,NaN,NaN,NaN,1,NaN,35.90,36.10,NaN,NaN
330.35,36.01,32.04,36.00,20.00,AUTO,0,NaN,NaN,NaN,NaN,NaN,NaN,NaN,NaN,NaN,NaN,1,NaN,35.90,36.10,NaN,NaN
331.35,36.02,32.00,36.00,20.00,AUTO,0,NaN,NaN,NaN,NaN,NaN,NaN,NaN,NaN,NaN,NaN,1,NaN,35.90,36.10,NaN,NaN
332.37,36.04,31.96,36.00,20.00,AUTO,0,NaN,NaN,NaN,NaN,NaN,NaN,NaN,NaN,NaN,NaN,1,NaN,35.90,36.10,NaN,NaN
333.36,36.06,31.96,36.00,20.00,AUTO,0,NaN,NaN,NaN,NaN,NaN,NaN,NaN,NaN,NaN,NaN,1,NaN,35.90,36.10,NaN,NaN
334.36,36.08,31.96,36.00,20.00,AUTO,0,NaN,NaN,NaN,NaN,NaN,NaN,NaN,NaN,NaN,NaN,1,NaN,35.90,36.10,NaN,NaN
335.36,36.10,31.92,36.00,20.00,AUTO,0,NaN,NaN,NaN,NaN,NaN,NaN,NaN,NaN,NaN,NaN,1,NaN,35.90,36.10,NaN,NaN
336.36,36.13,31.92,36.00,20.00,AUTO,0,NaN,NaN,NaN,NaN,NaN,NaN,NaN,NaN,NaN,NaN,0,NaN,35.90,36.10,NaN,NaN
337.36,36.15,31.93,36.00,20.00,AUTO,0,NaN,NaN,NaN,NaN,NaN,NaN,NaN,NaN,NaN,NaN,0,NaN,35.90,36.10,NaN,NaN
338.36,36.16,31.90,36.00,20.00,AUTO,0,NaN,NaN,NaN,NaN,NaN,NaN,NaN,NaN,NaN,NaN,0,NaN,35.90,36.10,NaN,NaN
339.36,36.16,31.86,36.00,20.00,AUTO,0,NaN,NaN,NaN,NaN,NaN,NaN,NaN,NaN,NaN,NaN,0,NaN,35.90,36.10,NaN,NaN
340.37,36.17,31.86,36.00,20.00,AUTO,0,NaN,NaN,NaN,NaN,NaN,NaN,NaN,NaN,NaN,NaN,0,NaN,35.90,36.10,NaN,NaN
341.37,36.18,31.86,36.00,20.00,AUTO,0,NaN,NaN,NaN,NaN,NaN,NaN,NaN,NaN,NaN,NaN,0,NaN,35.90,36.10,NaN,NaN
342.37,36.18,31.86,36.00,20.00,AUTO,0,NaN,NaN,NaN,NaN,NaN,NaN,NaN,NaN,NaN,NaN,0,NaN,35.90,36.10,NaN,NaN
343.37,36.18,31.81,36.00,20.00,AUTO,0,NaN,NaN,NaN,NaN,NaN,NaN,NaN,NaN,NaN,NaN,0,NaN,35.90,36.10,NaN,NaN
344.37,36.17,31.81,36.00,20.00,AUTO,0,NaN,NaN,NaN,NaN,NaN,NaN,NaN,NaN,NaN,NaN,0,NaN,35.90,36.10,NaN,NaN
345.37,36.16,31.81,36.00,20.00,AUTO,0,NaN,NaN,NaN,NaN,NaN,NaN,NaN,NaN,NaN,NaN,0,NaN,35.90,36.10,NaN,NaN
346.38,36.17,31.86,36.00,20.00,AUTO,0,NaN,NaN,NaN,NaN,NaN,NaN,NaN,NaN,NaN,NaN,0,NaN,35.90,36.10,NaN,NaN
347.38,36.16,31.86,36.00,20.00,AUTO,0,NaN,NaN,NaN,NaN,NaN,NaN,NaN,NaN,NaN,NaN,0,NaN,35.90,36.10,NaN,NaN
348.38,36.15,31.86,36.00,20.00,AUTO,0,NaN,NaN,NaN,NaN,NaN,NaN,NaN,NaN,NaN,NaN,0,NaN,35.90,36.10,NaN,NaN
349.38,36.14,31.86,36.00,20.00,AUTO,0,NaN,NaN,NaN,NaN,NaN,NaN,NaN,NaN,NaN,NaN,0,NaN,35.90,36.10,NaN,NaN
350.38,36.13,31.88,36.00,20.00,AUTO,0,NaN,NaN,NaN,NaN,NaN,NaN,NaN,NaN,NaN,NaN,0,NaN,35.90,36.10,NaN,NaN
351.39,36.12,31.88,36.00,20.00,AUTO,0,NaN,NaN,NaN,NaN,NaN,NaN,NaN,NaN,NaN,NaN,0,NaN,35.90,36.10,NaN,NaN
352.39,36.10,31.92,36.00,20.00,AUTO,0,NaN,NaN,NaN,NaN,NaN,NaN,NaN,NaN,NaN,NaN,0,NaN,35.90,36.10,NaN,NaN
353.39,36.10,31.92,36.00,20.00,AUTO,0,NaN,NaN,NaN,NaN,NaN,NaN,NaN,NaN,NaN,NaN,0,NaN,35.90,36.10,NaN,NaN
354.39,36.09,31.92,36.00,20.00,AUTO,0,NaN,NaN,NaN,NaN,NaN,NaN,NaN,NaN,NaN,NaN,0,NaN,35.90,36.10,NaN,NaN
355.39,36.08,31.96,36.00,20.00,AUTO,0,NaN,NaN,NaN,NaN,NaN,NaN,NaN,NaN,NaN,NaN,0,NaN,35.90,36.10,NaN,NaN
356.39,36.07,31.96,36.00,20.00,AUTO,0,NaN,NaN,NaN,NaN,NaN,NaN,NaN,NaN,NaN,NaN,0,NaN,35.90,36.10,NaN,NaN
357.39,36.06,32.00,36.00,20.00,AUTO,0,NaN,NaN,NaN,NaN,NaN,NaN,NaN,NaN,NaN,NaN,0,NaN,35.90,36.10,NaN,NaN
358.39,36.03,32.04,36.00,20.00,AUTO,0,NaN,NaN,NaN,NaN,NaN,NaN,NaN,NaN,NaN,NaN,0,NaN,35.90,36.10,NaN,NaN
359.40,36.02,32.04,36.00,20.00,AUTO,0,NaN,NaN,NaN,NaN,NaN,NaN,NaN,NaN,NaN,NaN,0,NaN,35.90,36.10,NaN,NaN
360.40,36.01,32.08,36.00,20.00,AUTO,0,NaN,NaN,NaN,NaN,NaN,NaN,NaN,NaN,NaN,NaN,0,NaN,35.90,36.10,NaN,NaN
361.40,36.00,32.08,36.00,20.00,AUTO,0,NaN,NaN,NaN,NaN,NaN,NaN,NaN,NaN,NaN,NaN,0,NaN,35.90,36.10,NaN,NaN
362.40,35.98,32.10,36.00,20.00,AUTO,0,NaN,NaN,NaN,NaN,NaN,NaN,NaN,NaN,NaN,NaN,0,NaN,35.90,36.10,NaN,NaN
363.40,35.97,32.10,36.00,20.00,AUTO,0,NaN,NaN,NaN,NaN,NaN,NaN,NaN,NaN,NaN,NaN,0,NaN,35.90,36.10,NaN,NaN
364.41,35.95,32.14,36.00,20.00,AUTO,0,NaN,NaN,NaN,NaN,NaN,NaN,NaN,NaN,NaN,NaN,0,NaN,35.90,36.10,NaN,NaN
365.41,35.94,32.19,36.00,20.00,AUTO,0,NaN,NaN,NaN,NaN,NaN,NaN,NaN,NaN,NaN,NaN,0,NaN,35.90,36.10,NaN,NaN
366.41,35.92,32.22,36.00,20.00,AUTO,0,NaN,NaN,NaN,NaN,NaN,NaN,NaN,NaN,NaN,NaN,0,NaN,35.90,36.10,NaN,NaN
367.41,35.89,32.26,36.00,20.00,AUTO,0,NaN,NaN,NaN,NaN,NaN,NaN,NaN,NaN,NaN,NaN,1,NaN,35.90,36.10,NaN,NaN
368.41,35.86,32.26,36.00,20.00,AUTO,0,NaN,NaN,NaN,NaN,NaN,NaN,NaN,NaN,NaN,NaN,1,NaN,35.90,36.10,NaN,NaN
369.41,35.84,32.31,36.00,20.00,AUTO,0,NaN,NaN,NaN,NaN,NaN,NaN,NaN,NaN,NaN,NaN,1,NaN,35.90,36.10,NaN,NaN
370.41,35.81,32.31,36.00,20.00,AUTO,0,NaN,NaN,NaN,NaN,NaN,NaN,NaN,NaN,NaN,NaN,1,NaN,35.90,36.10,NaN,NaN
371.41,35.78,32.28,36.00,20.00,AUTO,0,NaN,NaN,NaN,NaN,NaN,NaN,NaN,NaN,NaN,NaN,1,NaN,35.90,36.10,NaN,NaN
372.42,35.78,32.33,36.00,20.00,AUTO,0,NaN,NaN,NaN,NaN,NaN,NaN,NaN,NaN,NaN,NaN,1,NaN,35.90,36.10,NaN,NaN
373.42,35.77,32.33,36.00,20.00,AUTO,0,NaN,NaN,NaN,NaN,NaN,NaN,NaN,NaN,NaN,NaN,1,NaN,35.90,36.10,NaN,NaN
374.42,35.75,32.33,36.00,20.00,AUTO,0,NaN,NaN,NaN,NaN,NaN,NaN,NaN,NaN,NaN,NaN,1,NaN,35.90,36.10,NaN,NaN
375.42,35.74,32.37,36.00,20.00,AUTO,0,NaN,NaN,NaN,NaN,NaN,NaN,NaN,NaN,NaN,NaN,1,NaN,35.90,36.10,NaN,NaN
376.42,35.77,32.37,36.00,20.00,AUTO,0,NaN,NaN,NaN,NaN,NaN,NaN,NaN,NaN,NaN,NaN,1,NaN,35.90,36.10,NaN,NaN
377.42,35.75,32.37,36.00,20.00,AUTO,0,NaN,NaN,NaN,NaN,NaN,NaN,NaN,NaN,NaN,NaN,1,NaN,35.90,36.10,NaN,NaN
378.43,35.72,32.37,36.00,20.00,AUTO,0,NaN,NaN,NaN,NaN,NaN,NaN,NaN,NaN,NaN,NaN,1,NaN,35.90,36.10,NaN,NaN
379.43,35.72,32.41,36.00,20.00,AUTO,0,NaN,NaN,NaN,NaN,NaN,NaN,NaN,NaN,NaN,NaN,1,NaN,35.90,36.10,NaN,NaN
380.43,35.73,32.45,36.00,20.00,AUTO,0,NaN,NaN,NaN,NaN,NaN,NaN,NaN,NaN,NaN,NaN,1,NaN,35.90,36.10,NaN,NaN
381.43,35.74,32.41,36.00,20.00,AUTO,0,NaN,NaN,NaN,NaN,NaN,NaN,NaN,NaN,NaN,NaN,1,NaN,35.90,36.10,NaN,NaN
382.43,35.73,32.45,36.00,20.00,AUTO,0,NaN,NaN,NaN,NaN,NaN,NaN,NaN,NaN,NaN,NaN,1,NaN,35.90,36.10,NaN,NaN
383.44,35.72,32.45,36.00,20.00,AUTO,0,NaN,NaN,NaN,NaN,NaN,NaN,NaN,NaN,NaN,NaN,1,NaN,35.90,36.10,NaN,NaN
384.43,35.73,32.45,36.00,20.00,AUTO,0,NaN,NaN,NaN,NaN,NaN,NaN,NaN,NaN,NaN,NaN,1,NaN,35.90,36.10,NaN,NaN
385.44,35.73,32.45,36.00,20.00,AUTO,0,NaN,NaN,NaN,NaN,NaN,NaN,NaN,NaN,NaN,NaN,1,NaN,35.90,36.10,NaN,NaN
386.44,35.73,32.45,36.00,20.00,AUTO,0,NaN,NaN,NaN,NaN,NaN,NaN,NaN,NaN,NaN,NaN,1,NaN,35.90,36.10,NaN,NaN
387.44,35.77,32.45,36.00,20.00,AUTO,0,NaN,NaN,NaN,NaN,NaN,NaN,NaN,NaN,NaN,NaN,1,NaN,35.90,36.10,NaN,NaN
388.44,35.78,32.45,36.00,20.00,AUTO,0,NaN,NaN,NaN,NaN,NaN,NaN,NaN,NaN,NaN,NaN,1,NaN,35.90,36.10,NaN,NaN
389.44,35.78,32.41,36.00,20.00,AUTO,0,NaN,NaN,NaN,NaN,NaN,NaN,NaN,NaN,NaN,NaN,1,NaN,35.90,36.10,NaN,NaN
390.44,35.77,32.41,36.00,20.00,AUTO,0,NaN,NaN,NaN,NaN,NaN,NaN,NaN,NaN,NaN,NaN,1,NaN,35.90,36.10,NaN,NaN
391.45,35.78,32.41,36.00,20.00,AUTO,0,NaN,NaN,NaN,NaN,NaN,NaN,NaN,NaN,NaN,NaN,1,NaN,35.90,36.10,NaN,NaN
392.45,35.78,32.41,36.00,20.00,AUTO,0,NaN,NaN,NaN,NaN,NaN,NaN,NaN,NaN,NaN,NaN,1,NaN,35.90,36.10,NaN,NaN
393.45,35.78,32.41,36.00,20.00,AUTO,0,NaN,NaN,NaN,NaN,NaN,NaN,NaN,NaN,NaN,NaN,1,NaN,35.90,36.10,NaN,NaN
394.45,35.80,32.43,36.00,20.00,AUTO,0,NaN,NaN,NaN,NaN,NaN,NaN,NaN,NaN,NaN,NaN,1,NaN,35.90,36.10,NaN,NaN
395.45,35.81,32.38,36.00,20.00,AUTO,0,NaN,NaN,NaN,NaN,NaN,NaN,NaN,NaN,NaN,NaN,1,NaN,35.90,36.10,NaN,NaN
396.45,35.83,32.38,36.00,20.00,AUTO,0,NaN,NaN,NaN,NaN,NaN,NaN,NaN,NaN,NaN,NaN,1,NaN,35.90,36.10,NaN,NaN
397.46,35.83,32.38,36.00,20.00,AUTO,0,NaN,NaN,NaN,NaN,NaN,NaN,NaN,NaN,NaN,NaN,1,NaN,35.90,36.10,NaN,NaN
398.46,35.83,32.38,36.00,20.00,AUTO,0,NaN,NaN,NaN,NaN,NaN,NaN,NaN,NaN,NaN,NaN,1,NaN,35.90,36.10,NaN,NaN
399.46,35.83,32.38,36.00,20.00,AUTO,0,NaN,NaN,NaN,NaN,NaN,NaN,NaN,NaN,NaN,NaN,1,NaN,35.90,36.10,NaN,NaN
400.46,35.84,32.35,36.00,20.00,AUTO,0,NaN,NaN,NaN,NaN,NaN,NaN,NaN,NaN,NaN,NaN,1,NaN,35.90,36.10,NaN,NaN
401.46,35.85,32.35,36.00,20.00,AUTO,0,NaN,NaN,NaN,NaN,NaN,NaN,NaN,NaN,NaN,NaN,1,NaN,35.90,36.10,NaN,NaN
402.46,35.87,32.35,36.00,20.00,AUTO,0,NaN,NaN,NaN,NaN,NaN,NaN,NaN,NaN,NaN,NaN,1,NaN,35.90,36.10,NaN,NaN
403.46,35.88,32.31,36.00,20.00,AUTO,0,NaN,NaN,NaN,NaN,NaN,NaN,NaN,NaN,NaN,NaN,1,NaN,35.90,36.10,NaN,NaN
404.47,35.88,32.31,36.00,20.00,AUTO,0,NaN,NaN,NaN,NaN,NaN,NaN,NaN,NaN,NaN,NaN,1,NaN,35.90,36.10,NaN,NaN
405.47,35.88,32.31,36.00,20.00,AUTO,0,NaN,NaN,NaN,NaN,NaN,NaN,NaN,NaN,NaN,NaN,1,NaN,35.90,36.10,NaN,NaN
406.47,35.90,32.31,36.00,20.00,AUTO,0,NaN,NaN,NaN,NaN,NaN,NaN,NaN,NaN,NaN,NaN,1,NaN,35.90,36.10,NaN,NaN
407.47,35.92,32.31,36.00,20.00,AUTO,0,NaN,NaN,NaN,NaN,NaN,NaN,NaN,NaN,NaN,NaN,1,NaN,35.90,36.10,NaN,NaN
408.47,35.94,32.31,36.00,20.00,AUTO,0,NaN,NaN,NaN,NaN,NaN,NaN,NaN,NaN,NaN,NaN,1,NaN,35.90,36.10,NaN,NaN
409.47,35.97,32.26,36.00,20.00,AUTO,0,NaN,NaN,NaN,NaN,NaN,NaN,NaN,NaN,NaN,NaN,1,NaN,35.90,36.10,NaN,NaN
410.48,36.00,32.26,36.00,20.00,AUTO,0,NaN,NaN,NaN,NaN,NaN,NaN,NaN,NaN,NaN,NaN,1,NaN,35.90,36.10,NaN,NaN
411.48,36.01,32.25,36.00,20.00,AUTO,0,NaN,NaN,NaN,NaN,NaN,NaN,NaN,NaN,NaN,NaN,1,NaN,35.90,36.10,NaN,NaN
412.48,36.02,32.20,36.00,20.00,AUTO,0,NaN,NaN,NaN,NaN,NaN,NaN,NaN,NaN,NaN,NaN,1,NaN,35.90,36.10,NaN,NaN
413.48,36.03,32.20,36.00,20.00,AUTO,0,NaN,NaN,NaN,NaN,NaN,NaN,NaN,NaN,NaN,NaN,1,NaN,35.90,36.10,NaN,NaN
414.48,36.06,32.16,36.00,20.00,AUTO,0,NaN,NaN,NaN,NaN,NaN,NaN,NaN,NaN,NaN,NaN,1,NaN,35.90,36.10,NaN,NaN
415.49,36.08,32.12,36.00,20.00,AUTO,0,NaN,NaN,NaN,NaN,NaN,NaN,NaN,NaN,NaN,NaN,1,NaN,35.90,36.10,NaN,NaN
416.48,36.09,32.12,36.00,20.00,AUTO,0,NaN,NaN,NaN,NaN,NaN,NaN,NaN,NaN,NaN,NaN,1,NaN,35.90,36.10,NaN,NaN
417.49,36.10,32.08,36.00,20.00,AUTO,0,NaN,NaN,NaN,NaN,NaN,NaN,NaN,NaN,NaN,NaN,1,NaN,35.90,36.10,NaN,NaN
418.49,36.12,32.04,36.00,20.00,AUTO,0,NaN,NaN,NaN,NaN,NaN,NaN,NaN,NaN,NaN,NaN,0,NaN,35.90,36.10,NaN,NaN
419.49,36.14,32.06,36.00,20.00,AUTO,0,NaN,NaN,NaN,NaN,NaN,NaN,NaN,NaN,NaN,NaN,0,NaN,35.90,36.10,NaN,NaN
420.49,36.14,32.06,36.00,20.00,AUTO,0,NaN,NaN,NaN,NaN,NaN,NaN,NaN,NaN,NaN,NaN,0,NaN,35.90,36.10,NaN,NaN
421.49,36.14,32.02,36.00,20.00,AUTO,0,NaN,NaN,NaN,NaN,NaN,NaN,NaN,NaN,NaN,NaN,0,NaN,35.90,36.10,NaN,NaN
422.49,36.14,32.02,36.00,20.00,AUTO,0,NaN,NaN,NaN,NaN,NaN,NaN,NaN,NaN,NaN,NaN,0,NaN,35.90,36.10,NaN,NaN
423.50,36.15,31.98,36.00,20.00,AUTO,0,NaN,NaN,NaN,NaN,NaN,NaN,NaN,NaN,NaN,NaN,0,NaN,35.90,36.10,NaN,NaN
424.50,36.14,31.98,36.00,20.00,AUTO,0,NaN,NaN,NaN,NaN,NaN,NaN,NaN,NaN,NaN,NaN,0,NaN,35.90,36.10,NaN,NaN
425.50,36.15,31.98,36.00,20.00,AUTO,0,NaN,NaN,NaN,NaN,NaN,NaN,NaN,NaN,NaN,NaN,0,NaN,35.90,36.10,NaN,NaN
426.50,36.14,31.98,36.00,20.00,AUTO,0,NaN,NaN,NaN,NaN,NaN,NaN,NaN,NaN,NaN,NaN,0,NaN,35.90,36.10,NaN,NaN
427.50,36.15,31.98,36.00,20.00,AUTO,0,NaN,NaN,NaN,NaN,NaN,NaN,NaN,NaN,NaN,NaN,0,NaN,35.90,36.10,NaN,NaN
428.50,36.14,31.98,36.00,20.00,AUTO,0,NaN,NaN,NaN,NaN,NaN,NaN,NaN,NaN,NaN,NaN,0,NaN,35.90,36.10,NaN,NaN
429.51,36.13,32.02,36.00,20.00,AUTO,0,NaN,NaN,NaN,NaN,NaN,NaN,NaN,NaN,NaN,NaN,0,NaN,35.90,36.10,NaN,NaN
430.50,36.13,32.02,36.00,20.00,AUTO,0,NaN,NaN,NaN,NaN,NaN,NaN,NaN,NaN,NaN,NaN,0,NaN,35.90,36.10,NaN,NaN
431.51,36.13,32.00,36.00,20.00,AUTO,0,NaN,NaN,NaN,NaN,NaN,NaN,NaN,NaN,NaN,NaN,0,NaN,35.90,36.10,NaN,NaN
432.51,36.11,32.00,36.00,20.00,AUTO,0,NaN,NaN,NaN,NaN,NaN,NaN,NaN,NaN,NaN,NaN,0,NaN,35.90,36.10,NaN,NaN
433.51,36.10,32.04,36.00,20.00,AUTO,0,NaN,NaN,NaN,NaN,NaN,NaN,NaN,NaN,NaN,NaN,0,NaN,35.90,36.10,NaN,NaN
434.51,36.09,32.04,36.00,20.00,AUTO,0,NaN,NaN,NaN,NaN,NaN,NaN,NaN,NaN,NaN,NaN,0,NaN,35.90,36.10,NaN,NaN
435.51,36.08,32.04,36.00,20.00,AUTO,0,NaN,NaN,NaN,NaN,NaN,NaN,NaN,NaN,NaN,NaN,0,NaN,35.90,36.10,NaN,NaN
436.52,36.07,32.04,36.00,20.00,AUTO,0,NaN,NaN,NaN,NaN,NaN,NaN,NaN,NaN,NaN,NaN,0,NaN,35.90,36.10,NaN,NaN
437.52,36.06,32.08,36.00,20.00,AUTO,0,NaN,NaN,NaN,NaN,NaN,NaN,NaN,NaN,NaN,NaN,0,NaN,35.90,36.10,NaN,NaN
438.52,36.03,32.08,36.00,20.00,AUTO,0,NaN,NaN,NaN,NaN,NaN,NaN,NaN,NaN,NaN,NaN,0,NaN,35.90,36.10,NaN,NaN
439.52,36.03,32.12,36.00,20.00,AUTO,0,NaN,NaN,NaN,NaN,NaN,NaN,NaN,NaN,NaN,NaN,0,NaN,35.90,36.10,NaN,NaN
440.52,36.02,32.12,36.00,20.00,AUTO,0,NaN,NaN,NaN,NaN,NaN,NaN,NaN,NaN,NaN,NaN,0,NaN,35.90,36.10,NaN,NaN
441.52,36.01,32.16,36.00,20.00,AUTO,0,NaN,NaN,NaN,NaN,NaN,NaN,NaN,NaN,NaN,NaN,0,NaN,35.90,36.10,NaN,NaN
442.53,36.00,32.22,36.00,20.00,AUTO,0,NaN,NaN,NaN,NaN,NaN,NaN,NaN,NaN,NaN,NaN,0,NaN,35.90,36.10,NaN,NaN
443.53,35.99,32.26,36.00,20.00,AUTO,0,NaN,NaN,NaN,NaN,NaN,NaN,NaN,NaN,NaN,NaN,0,NaN,35.90,36.10,NaN,NaN
444.53,35.98,32.26,36.00,20.00,AUTO,0,NaN,NaN,NaN,NaN,NaN,NaN,NaN,NaN,NaN,NaN,0,NaN,35.90,36.10,NaN,NaN
445.53,35.96,32.31,36.00,20.00,AUTO,0,NaN,NaN,NaN,NaN,NaN,NaN,NaN,NaN,NaN,NaN,0,NaN,35.90,36.10,NaN,NaN
446.53,35.95,32.31,36.00,20.00,AUTO,0,NaN,NaN,NaN,NaN,NaN,NaN,NaN,NaN,NaN,NaN,0,NaN,35.90,36.10,NaN,NaN
447.53,35.93,32.31,36.00,20.00,AUTO,0,NaN,NaN,NaN,NaN,NaN,NaN,NaN,NaN,NaN,NaN,0,NaN,35.90,36.10,NaN,NaN
448.54,35.92,32.35,36.00,20.00,AUTO,0,NaN,NaN,NaN,NaN,NaN,NaN,NaN,NaN,NaN,NaN,0,NaN,35.90,36.10,NaN,NaN
449.54,35.90,32.38,36.00,20.00,AUTO,0,NaN,NaN,NaN,NaN,NaN,NaN,NaN,NaN,NaN,NaN,0,NaN,35.90,36.10,NaN,NaN
450.54,35.88,32.38,36.00,20.00,AUTO,0,NaN,NaN,NaN,NaN,NaN,NaN,NaN,NaN,NaN,NaN,1,NaN,35.90,36.10,NaN,NaN
451.54,35.85,32.43,36.00,20.00,AUTO,0,NaN,NaN,NaN,NaN,NaN,NaN,NaN,NaN,NaN,NaN,1,NaN,35.90,36.10,NaN,NaN
452.54,35.83,32.47,36.00,20.00,AUTO,0,NaN,NaN,NaN,NaN,NaN,NaN,NaN,NaN,NaN,NaN,1,NaN,35.90,36.10,NaN,NaN
453.54,35.79,32.45,36.00,20.00,AUTO,0,NaN,NaN,NaN,NaN,NaN,NaN,NaN,NaN,NaN,NaN,1,NaN,35.90,36.10,NaN,NaN
454.54,35.78,32.45,36.00,20.00,AUTO,0,NaN,NaN,NaN,NaN,NaN,NaN,NaN,NaN,NaN,NaN,1,NaN,35.90,36.10,NaN,NaN
455.55,35.78,32.49,36.00,20.00,AUTO,0,NaN,NaN,NaN,NaN,NaN,NaN,NaN,NaN,NaN,NaN,1,NaN,35.90,36.10,NaN,NaN
456.55,35.78,32.49,36.00,20.00,AUTO,0,NaN,NaN,NaN,NaN,NaN,NaN,NaN,NaN,NaN,NaN,1,NaN,35.90,36.10,NaN,NaN
457.55,35.75,32.53,36.00,20.00,AUTO,0,NaN,NaN,NaN,NaN,NaN,NaN,NaN,NaN,NaN,NaN,1,NaN,35.90,36.10,NaN,NaN
458.55,35.77,32.53,36.00,20.00,AUTO,0,NaN,NaN,NaN,NaN,NaN,NaN,NaN,NaN,NaN,NaN,1,NaN,35.90,36.10,NaN,NaN
459.55,35.77,32.53,36.00,20.00,AUTO,0,NaN,NaN,NaN,NaN,NaN,NaN,NaN,NaN,NaN,NaN,1,NaN,35.90,36.10,NaN,NaN
460.59,35.75,32.53,36.00,20.00,AUTO,0,NaN,NaN,NaN,NaN,NaN,NaN,NaN,NaN,NaN,NaN,1,NaN,35.90,36.10,NaN,NaN
461.56,35.75,32.57,36.00,20.00,AUTO,0,NaN,NaN,NaN,NaN,NaN,NaN,NaN,NaN,NaN,NaN,1,NaN,35.90,36.10,NaN,NaN
462.56,35.75,32.57,36.00,20.00,AUTO,0,NaN,NaN,NaN,NaN,NaN,NaN,NaN,NaN,NaN,NaN,1,NaN,35.90,36.10,NaN,NaN
463.56,35.75,32.57,36.00,20.00,AUTO,0,NaN,NaN,NaN,NaN,NaN,NaN,NaN,NaN,NaN,NaN,1,NaN,35.90,36.10,NaN,NaN
464.56,35.75,32.57,36.00,20.00,AUTO,0,NaN,NaN,NaN,NaN,NaN,NaN,NaN,NaN,NaN,NaN,1,NaN,35.90,36.10,NaN,NaN
465.56,35.74,32.57,36.00,20.00,AUTO,0,NaN,NaN,NaN,NaN,NaN,NaN,NaN,NaN,NaN,NaN,1,NaN,35.90,36.10,NaN,NaN
466.56,35.75,32.61,36.00,20.00,AUTO,0,NaN,NaN,NaN,NaN,NaN,NaN,NaN,NaN,NaN,NaN,1,NaN,35.90,36.10,NaN,NaN
467.56,35.75,32.57,36.00,20.00,AUTO,0,NaN,NaN,NaN,NaN,NaN,NaN,NaN,NaN,NaN,NaN,1,NaN,35.90,36.10,NaN,NaN
468.57,35.75,32.61,36.00,20.00,AUTO,0,NaN,NaN,NaN,NaN,NaN,NaN,NaN,NaN,NaN,NaN,1,NaN,35.90,36.10,NaN,NaN
469.57,35.77,32.61,36.00,20.00,AUTO,0,NaN,NaN,NaN,NaN,NaN,NaN,NaN,NaN,NaN,NaN,1,NaN,35.90,36.10,NaN,NaN
470.57,35.79,32.57,36.00,20.00,AUTO,0,NaN,NaN,NaN,NaN,NaN,NaN,NaN,NaN,NaN,NaN,1,NaN,35.90,36.10,NaN,NaN
471.57,35.79,32.57,36.00,20.00,AUTO,0,NaN,NaN,NaN,NaN,NaN,NaN,NaN,NaN,NaN,NaN,1,NaN,35.90,36.10,NaN,NaN
472.57,35.79,32.57,36.00,20.00,AUTO,0,NaN,NaN,NaN,NaN,NaN,NaN,NaN,NaN,NaN,NaN,1,NaN,35.90,36.10,NaN,NaN
473.57,35.81,32.55,36.00,20.00,AUTO,0,NaN,NaN,NaN,NaN,NaN,NaN,NaN,NaN,NaN,NaN,1,NaN,35.90,36.10,NaN,NaN
474.58,35.81,32.55,36.00,20.00,AUTO,0,NaN,NaN,NaN,NaN,NaN,NaN,NaN,NaN,NaN,NaN,1,NaN,35.90,36.10,NaN,NaN
475.58,35.83,32.55,36.00,20.00,AUTO,0,NaN,NaN,NaN,NaN,NaN,NaN,NaN,NaN,NaN,NaN,1,NaN,35.90,36.10,NaN,NaN
476.58,35.83,32.55,36.00,20.00,AUTO,0,NaN,NaN,NaN,NaN,NaN,NaN,NaN,NaN,NaN,NaN,1,NaN,35.90,36.10,NaN,NaN
477.58,35.84,32.55,36.00,20.00,AUTO,0,NaN,NaN,NaN,NaN,NaN,NaN,NaN,NaN,NaN,NaN,1,NaN,35.90,36.10,NaN,NaN
478.58,35.85,32.51,36.00,20.00,AUTO,0,NaN,NaN,NaN,NaN,NaN,NaN,NaN,NaN,NaN,NaN,1,NaN,35.90,36.10,NaN,NaN
479.58,35.86,32.51,36.00,20.00,AUTO,0,NaN,NaN,NaN,NaN,NaN,NaN,NaN,NaN,NaN,NaN,1,NaN,35.90,36.10,NaN,NaN
480.58,35.88,32.47,36.00,20.00,AUTO,0,NaN,NaN,NaN,NaN,NaN,NaN,NaN,NaN,NaN,NaN,1,NaN,35.90,36.10,NaN,NaN
481.59,35.90,32.47,36.00,20.00,AUTO,0,NaN,NaN,NaN,NaN,NaN,NaN,NaN,NaN,NaN,NaN,1,NaN,35.90,36.10,NaN,NaN
482.59,35.90,32.47,36.00,20.00,AUTO,0,NaN,NaN,NaN,NaN,NaN,NaN,NaN,NaN,NaN,NaN,1,NaN,35.90,36.10,NaN,NaN
483.59,35.92,32.43,36.00,20.00,AUTO,0,NaN,NaN,NaN,NaN,NaN,NaN,NaN,NaN,NaN,NaN,1,NaN,35.90,36.10,NaN,NaN
484.59,35.93,32.43,36.00,20.00,AUTO,0,NaN,NaN,NaN,NaN,NaN,NaN,NaN,NaN,NaN,NaN,1,NaN,35.90,36.10,NaN,NaN
485.59,35.94,32.38,36.00,20.00,AUTO,0,NaN,NaN,NaN,NaN,NaN,NaN,NaN,NaN,NaN,NaN,1,NaN,35.90,36.10,NaN,NaN
486.59,35.95,32.38,36.00,20.00,AUTO,0,NaN,NaN,NaN,NaN,NaN,NaN,NaN,NaN,NaN,NaN,1,NaN,35.90,36.10,NaN,NaN
487.60,35.96,32.35,36.00,20.00,AUTO,0,NaN,NaN,NaN,NaN,NaN,NaN,NaN,NaN,NaN,NaN,1,NaN,35.90,36.10,NaN,NaN
488.60,35.97,32.35,36.00,20.00,AUTO,0,NaN,NaN,NaN,NaN,NaN,NaN,NaN,NaN,NaN,NaN,1,NaN,35.90,36.10,NaN,NaN
489.60,35.97,32.35,36.00,20.00,AUTO,0,NaN,NaN,NaN,NaN,NaN,NaN,NaN,NaN,NaN,NaN,1,NaN,35.90,36.10,NaN,NaN
490.60,35.97,32.35,36.00,20.00,AUTO,0,NaN,NaN,NaN,NaN,NaN,NaN,NaN,NaN,NaN,NaN,1,NaN,35.90,36.10,NaN,NaN
491.60,36.00,32.31,36.00,20.00,AUTO,0,NaN,NaN,NaN,NaN,NaN,NaN,NaN,NaN,NaN,NaN,1,NaN,35.90,36.10,NaN,NaN
492.60,36.01,32.32,36.00,20.00,AUTO,0,NaN,NaN,NaN,NaN,NaN,NaN,NaN,NaN,NaN,NaN,1,NaN,35.90,36.10,NaN,NaN
493.61,36.02,32.32,36.00,20.00,AUTO,0,NaN,NaN,NaN,NaN,NaN,NaN,NaN,NaN,NaN,NaN,1,NaN,35.90,36.10,NaN,NaN
494.61,36.04,32.32,36.00,20.00,AUTO,0,NaN,NaN,NaN,NaN,NaN,NaN,NaN,NaN,NaN,NaN,1,NaN,35.90,36.10,NaN,NaN
495.61,36.06,32.28,36.00,20.00,AUTO,0,NaN,NaN,NaN,NaN,NaN,NaN,NaN,NaN,NaN,NaN,1,NaN,35.90,36.10,NaN,NaN
496.61,36.07,32.28,36.00,20.00,AUTO,0,NaN,NaN,NaN,NaN,NaN,NaN,NaN,NaN,NaN,NaN,1,NaN,35.90,36.10,NaN,NaN
497.61,36.07,32.28,36.00,20.00,AUTO,0,NaN,NaN,NaN,NaN,NaN,NaN,NaN,NaN,NaN,NaN,1,NaN,35.90,36.10,NaN,NaN
498.61,36.10,32.25,36.00,20.00,AUTO,0,NaN,NaN,NaN,NaN,NaN,NaN,NaN,NaN,NaN,NaN,1,NaN,35.90,36.10,NaN,NaN
499.62,36.10,32.25,36.00,20.00,AUTO,0,NaN,NaN,NaN,NaN,NaN,NaN,NaN,NaN,NaN,NaN,1,NaN,35.90,36.10,NaN,NaN
500.62,36.12,32.25,36.00,20.00,AUTO,0,NaN,NaN,NaN,NaN,NaN,NaN,NaN,NaN,NaN,NaN,0,NaN,35.90,36.10,NaN,NaN
501.62,36.15,32.22,36.00,20.00,AUTO,0,NaN,NaN,NaN,NaN,NaN,NaN,NaN,NaN,NaN,NaN,0,NaN,35.90,36.10,NaN,NaN
502.62,36.17,32.18,36.00,20.00,AUTO,0,NaN,NaN,NaN,NaN,NaN,NaN,NaN,NaN,NaN,NaN,0,NaN,35.90,36.10,NaN,NaN
503.62,36.18,32.14,36.00,20.00,AUTO,0,NaN,NaN,NaN,NaN,NaN,NaN,NaN,NaN,NaN,NaN,0,NaN,35.90,36.10,NaN,NaN
504.62,36.18,32.14,36.00,20.00,AUTO,0,NaN,NaN,NaN,NaN,NaN,NaN,NaN,NaN,NaN,NaN,0,NaN,35.90,36.10,NaN,NaN
505.62,36.19,32.14,36.00,20.00,AUTO,0,NaN,NaN,NaN,NaN,NaN,NaN,NaN,NaN,NaN,NaN,0,NaN,35.90,36.10,NaN,NaN
506.63,36.19,32.10,36.00,20.00,AUTO,0,NaN,NaN,NaN,NaN,NaN,NaN,NaN,NaN,NaN,NaN,0,NaN,35.90,36.10,NaN,NaN
507.63,36.19,32.10,36.00,20.00,AUTO,0,NaN,NaN,NaN,NaN,NaN,NaN,NaN,NaN,NaN,NaN,0,NaN,35.90,36.10,NaN,NaN
508.63,36.18,32.10,36.00,20.00,AUTO,0,NaN,NaN,NaN,NaN,NaN,NaN,NaN,NaN,NaN,NaN,0,NaN,35.90,36.10,NaN,NaN
509.63,36.18,32.10,36.00,20.00,AUTO,0,NaN,NaN,NaN,NaN,NaN,NaN,NaN,NaN,NaN,NaN,0,NaN,35.90,36.10,NaN,NaN
510.63,36.18,32.10,36.00,20.00,AUTO,0,NaN,NaN,NaN,NaN,NaN,NaN,NaN,NaN,NaN,NaN,0,NaN,35.90,36.10,NaN,NaN
511.63,36.18,32.10,36.00,20.00,AUTO,0,NaN,NaN,NaN,NaN,NaN,NaN,NaN,NaN,NaN,NaN,0,NaN,35.90,36.10,NaN,NaN
512.64,36.17,32.10,36.00,20.00,AUTO,0,NaN,NaN,NaN,NaN,NaN,NaN,NaN,NaN,NaN,NaN,0,NaN,35.90,36.10,NaN,NaN
513.63,36.16,32.14,36.00,20.00,AUTO,0,NaN,NaN,NaN,NaN,NaN,NaN,NaN,NaN,NaN,NaN,0,NaN,35.90,36.10,NaN,NaN
514.64,36.16,32.14,36.00,20.00,AUTO,0,NaN,NaN,NaN,NaN,NaN,NaN,NaN,NaN,NaN,NaN,0,NaN,35.90,36.10,NaN,NaN
515.64,36.14,32.14,36.00,20.00,AUTO,0,NaN,NaN,NaN,NaN,NaN,NaN,NaN,NaN,NaN,NaN,0,NaN,35.90,36.10,NaN,NaN
516.64,36.13,32.12,36.00,20.00,AUTO,0,NaN,NaN,NaN,NaN,NaN,NaN,NaN,NaN,NaN,NaN,0,NaN,35.90,36.10,NaN,NaN
517.64,36.12,32.12,36.00,20.00,AUTO,0,NaN,NaN,NaN,NaN,NaN,NaN,NaN,NaN,NaN,NaN,0,NaN,35.90,36.10,NaN,NaN
518.64,36.10,32.16,36.00,20.00,AUTO,0,NaN,NaN,NaN,NaN,NaN,NaN,NaN,NaN,NaN,NaN,0,NaN,35.90,36.10,NaN,NaN
519.64,36.09,32.16,36.00,20.00,AUTO,0,NaN,NaN,NaN,NaN,NaN,NaN,NaN,NaN,NaN,NaN,0,NaN,35.90,36.10,NaN,NaN
520.65,36.08,32.20,36.00,20.00,AUTO,0,NaN,NaN,NaN,NaN,NaN,NaN,NaN,NaN,NaN,NaN,0,NaN,35.90,36.10,NaN,NaN
521.65,36.07,32.25,36.00,20.00,AUTO,0,NaN,NaN,NaN,NaN,NaN,NaN,NaN,NaN,NaN,NaN,0,NaN,35.90,36.10,NaN,NaN
522.65,36.06,32.28,36.00,20.00,AUTO,0,NaN,NaN,NaN,NaN,NaN,NaN,NaN,NaN,NaN,NaN,0,NaN,35.90,36.10,NaN,NaN
523.65,36.04,32.28,36.00,20.00,AUTO,0,NaN,NaN,NaN,NaN,NaN,NaN,NaN,NaN,NaN,NaN,0,NaN,35.90,36.10,NaN,NaN
524.65,36.03,32.32,36.00,20.00,AUTO,0,NaN,NaN,NaN,NaN,NaN,NaN,NaN,NaN,NaN,NaN,0,NaN,35.90,36.10,NaN,NaN
525.66,36.02,32.37,36.00,20.00,AUTO,0,NaN,NaN,NaN,NaN,NaN,NaN,NaN,NaN,NaN,NaN,0,NaN,35.90,36.10,NaN,NaN
526.66,36.01,32.41,36.00,20.00,AUTO,0,NaN,NaN,NaN,NaN,NaN,NaN,NaN,NaN,NaN,NaN,0,NaN,35.90,36.10,NaN,NaN
527.66,36.00,32.38,36.00,20.00,AUTO,0,NaN,NaN,NaN,NaN,NaN,NaN,NaN,NaN,NaN,NaN,0,NaN,35.90,36.10,NaN,NaN
528.66,35.98,32.47,36.00,20.00,AUTO,0,NaN,NaN,NaN,NaN,NaN,NaN,NaN,NaN,NaN,NaN,0,NaN,35.90,36.10,NaN,NaN
529.66,35.97,32.47,36.00,20.00,AUTO,0,NaN,NaN,NaN,NaN,NaN,NaN,NaN,NaN,NaN,NaN,0,NaN,35.90,36.10,NaN,NaN
530.66,35.96,32.51,36.00,20.00,AUTO,0,NaN,NaN,NaN,NaN,NaN,NaN,NaN,NaN,NaN,NaN,0,NaN,35.90,36.10,NaN,NaN
531.66,35.94,32.55,36.00,20.00,AUTO,0,NaN,NaN,NaN,NaN,NaN,NaN,NaN,NaN,NaN,NaN,0,NaN,35.90,36.10,NaN,NaN
532.66,35.92,32.59,36.00,20.00,AUTO,0,NaN,NaN,NaN,NaN,NaN,NaN,NaN,NaN,NaN,NaN,0,NaN,35.90,36.10,NaN,NaN
533.67,35.90,32.59,36.00,20.00,AUTO,0,NaN,NaN,NaN,NaN,NaN,NaN,NaN,NaN,NaN,NaN,0,NaN,35.90,36.10,NaN,NaN
534.67,35.89,32.63,36.00,20.00,AUTO,0,NaN,NaN,NaN,NaN,NaN,NaN,NaN,NaN,NaN,NaN,1,NaN,35.90,36.10,NaN,NaN
535.67,35.86,32.63,36.00,20.00,AUTO,0,NaN,NaN,NaN,NaN,NaN,NaN,NaN,NaN,NaN,NaN,1,NaN,35.90,36.10,NaN,NaN
536.67,35.82,32.63,36.00,20.00,AUTO,0,NaN,NaN,NaN,NaN,NaN,NaN,NaN,NaN,NaN,NaN,1,NaN,35.90,36.10,NaN,NaN
537.67,35.79,32.65,36.00,20.00,AUTO,0,NaN,NaN,NaN,NaN,NaN,NaN,NaN,NaN,NaN,NaN,1,NaN,35.90,36.10,NaN,NaN
538.68,35.77,32.69,36.00,20.00,AUTO,0,NaN,NaN,NaN,NaN,NaN,NaN,NaN,NaN,NaN,NaN,1,NaN,35.90,36.10,NaN,NaN
539.68,35.77,32.69,36.00,20.00,AUTO,0,NaN,NaN,NaN,NaN,NaN,NaN,NaN,NaN,NaN,NaN,1,NaN,35.90,36.10,NaN,NaN
540.68,35.75,32.69,36.00,20.00,AUTO,0,NaN,NaN,NaN,NaN,NaN,NaN,NaN,NaN,NaN,NaN,1,NaN,35.90,36.10,NaN,NaN
541.68,35.75,32.69,36.00,20.00,AUTO,0,NaN,NaN,NaN,NaN,NaN,NaN,NaN,NaN,NaN,NaN,1,NaN,35.90,36.10,NaN,NaN
542.68,35.74,32.73,36.00,20.00,AUTO,0,NaN,NaN,NaN,NaN,NaN,NaN,NaN,NaN,NaN,NaN,1,NaN,35.90,36.10,NaN,NaN
543.68,35.74,32.73,36.00,20.00,AUTO,0,NaN,NaN,NaN,NaN,NaN,NaN,NaN,NaN,NaN,NaN,1,NaN,35.90,36.10,NaN,NaN
544.68,35.75,32.73,36.00,20.00,AUTO,0,NaN,NaN,NaN,NaN,NaN,NaN,NaN,NaN,NaN,NaN,1,NaN,35.90,36.10,NaN,NaN
545.69,35.75,32.73,36.00,20.00,AUTO,0,NaN,NaN,NaN,NaN,NaN,NaN,NaN,NaN,NaN,NaN,1,NaN,35.90,36.10,NaN,NaN
546.69,35.74,32.73,36.00,20.00,AUTO,0,NaN,NaN,NaN,NaN,NaN,NaN,NaN,NaN,NaN,NaN,1,NaN,35.90,36.10,NaN,NaN
547.69,35.74,32.73,36.00,20.00,AUTO,0,NaN,NaN,NaN,NaN,NaN,NaN,NaN,NaN,NaN,NaN,1,NaN,35.90,36.10,NaN,NaN
548.69,35.74,32.73,36.00,20.00,AUTO,0,NaN,NaN,NaN,NaN,NaN,NaN,NaN,NaN,NaN,NaN,1,NaN,35.90,36.10,NaN,NaN
549.69,35.75,32.73,36.00,20.00,AUTO,0,NaN,NaN,NaN,NaN,NaN,NaN,NaN,NaN,NaN,NaN,1,NaN,35.90,36.10,NaN,NaN
550.69,35.77,32.73,36.00,20.00,AUTO,0,NaN,NaN,NaN,NaN,NaN,NaN,NaN,NaN,NaN,NaN,1,NaN,35.90,36.10,NaN,NaN
551.69,35.77,32.73,36.00,20.00,AUTO,0,NaN,NaN,NaN,NaN,NaN,NaN,NaN,NaN,NaN,NaN,1,NaN,35.90,36.10,NaN,NaN
552.70,35.77,32.73,36.00,20.00,AUTO,0,NaN,NaN,NaN,NaN,NaN,NaN,NaN,NaN,NaN,NaN,1,NaN,35.90,36.10,NaN,NaN
553.70,35.78,32.73,36.00,20.00,AUTO,0,NaN,NaN,NaN,NaN,NaN,NaN,NaN,NaN,NaN,NaN,1,NaN,35.90,36.10,NaN,NaN
554.70,35.78,32.73,36.00,20.00,AUTO,0,NaN,NaN,NaN,NaN,NaN,NaN,NaN,NaN,NaN,NaN,1,NaN,35.90,36.10,NaN,NaN
555.70,35.77,32.73,36.00,20.00,AUTO,0,NaN,NaN,NaN,NaN,NaN,NaN,NaN,NaN,NaN,NaN,1,NaN,35.90,36.10,NaN,NaN
556.70,35.77,32.73,36.00,20.00,AUTO,0,NaN,NaN,NaN,NaN,NaN,NaN,NaN,NaN,NaN,NaN,1,NaN,35.90,36.10,NaN,NaN
557.71,35.78,32.73,36.00,20.00,AUTO,0,NaN,NaN,NaN,NaN,NaN,NaN,NaN,NaN,NaN,NaN,1,NaN,35.90,36.10,NaN,NaN
558.71,35.78,32.73,36.00,20.00,AUTO,0,NaN,NaN,NaN,NaN,NaN,NaN,NaN,NaN,NaN,NaN,1,NaN,35.90,36.10,NaN,NaN
559.71,35.79,32.73,36.00,20.00,AUTO,0,NaN,NaN,NaN,NaN,NaN,NaN,NaN,NaN,NaN,NaN,1,NaN,35.90,36.10,NaN,NaN
560.71,35.80,32.73,36.00,20.00,AUTO,0,NaN,NaN,NaN,NaN,NaN,NaN,NaN,NaN,NaN,NaN,1,NaN,35.90,36.10,NaN,NaN
561.71,35.82,32.75,36.00,20.00,AUTO,0,NaN,NaN,NaN,NaN,NaN,NaN,NaN,NaN,NaN,NaN,1,NaN,35.90,36.10,NaN,NaN
562.71,35.82,32.71,36.00,20.00,AUTO,0,NaN,NaN,NaN,NaN,NaN,NaN,NaN,NaN,NaN,NaN,1,NaN,35.90,36.10,NaN,NaN
563.71,35.83,32.71,36.00,20.00,AUTO,0,NaN,NaN,NaN,NaN,NaN,NaN,NaN,NaN,NaN,NaN,1,NaN,35.90,36.10,NaN,NaN
564.71,35.84,32.71,36.00,20.00,AUTO,0,NaN,NaN,NaN,NaN,NaN,NaN,NaN,NaN,NaN,NaN,1,NaN,35.90,36.10,NaN,NaN
565.72,35.85,32.71,36.00,20.00,AUTO,0,NaN,NaN,NaN,NaN,NaN,NaN,NaN,NaN,NaN,NaN,1,NaN,35.90,36.10,NaN,NaN
566.72,35.86,32.67,36.00,20.00,AUTO,0,NaN,NaN,NaN,NaN,NaN,NaN,NaN,NaN,NaN,NaN,1,NaN,35.90,36.10,NaN,NaN
567.72,35.87,32.67,36.00,20.00,AUTO,0,NaN,NaN,NaN,NaN,NaN,NaN,NaN,NaN,NaN,NaN,1,NaN,35.90,36.10,NaN,NaN
568.72,35.90,32.63,36.00,20.00,AUTO,0,NaN,NaN,NaN,NaN,NaN,NaN,NaN,NaN,NaN,NaN,1,NaN,35.90,36.10,NaN,NaN
569.72,35.92,32.63,36.00,20.00,AUTO,0,NaN,NaN,NaN,NaN,NaN,NaN,NaN,NaN,NaN,NaN,1,NaN,35.90,36.10,NaN,NaN
570.72,35.92,32.63,36.00,20.00,AUTO,0,NaN,NaN,NaN,NaN,NaN,NaN,NaN,NaN,NaN,NaN,1,NaN,35.90,36.10,NaN,NaN
571.73,35.93,32.59,36.00,20.00,AUTO,0,NaN,NaN,NaN,NaN,NaN,NaN,NaN,NaN,NaN,NaN,1,NaN,35.90,36.10,NaN,NaN
572.73,35.95,32.59,36.00,20.00,AUTO,0,NaN,NaN,NaN,NaN,NaN,NaN,NaN,NaN,NaN,NaN,1,NaN,35.90,36.10,NaN,NaN
573.73,35.96,32.55,36.00,20.00,AUTO,0,NaN,NaN,NaN,NaN,NaN,NaN,NaN,NaN,NaN,NaN,1,NaN,35.90,36.10,NaN,NaN
574.73,35.97,32.55,36.00,20.00,AUTO,0,NaN,NaN,NaN,NaN,NaN,NaN,NaN,NaN,NaN,NaN,1,NaN,35.90,36.10,NaN,NaN
575.73,35.98,32.51,36.00,20.00,AUTO,0,NaN,NaN,NaN,NaN,NaN,NaN,NaN,NaN,NaN,NaN,1,NaN,35.90,36.10,NaN,NaN
576.74,36.00,32.53,36.00,20.00,AUTO,0,NaN,NaN,NaN,NaN,NaN,NaN,NaN,NaN,NaN,NaN,1,NaN,35.90,36.10,NaN,NaN
577.73,36.01,32.48,36.00,20.00,AUTO,0,NaN,NaN,NaN,NaN,NaN,NaN,NaN,NaN,NaN,NaN,1,NaN,35.90,36.10,NaN,NaN
578.74,36.02,32.48,36.00,20.00,AUTO,0,NaN,NaN,NaN,NaN,NaN,NaN,NaN,NaN,NaN,NaN,1,NaN,35.90,36.10,NaN,NaN
579.74,36.03,32.44,36.00,20.00,AUTO,0,NaN,NaN,NaN,NaN,NaN,NaN,NaN,NaN,NaN,NaN,1,NaN,35.90,36.10,NaN,NaN
580.74,36.04,32.44,36.00,20.00,AUTO,0,NaN,NaN,NaN,NaN,NaN,NaN,NaN,NaN,NaN,NaN,1,NaN,35.90,36.10,NaN,NaN
581.74,36.04,32.41,36.00,20.00,AUTO,0,NaN,NaN,NaN,NaN,NaN,NaN,NaN,NaN,NaN,NaN,1,NaN,35.90,36.10,NaN,NaN
582.74,36.06,32.41,36.00,20.00,AUTO,0,NaN,NaN,NaN,NaN,NaN,NaN,NaN,NaN,NaN,NaN,1,NaN,35.90,36.10,NaN,NaN
583.74,36.07,32.41,36.00,20.00,AUTO,0,NaN,NaN,NaN,NaN,NaN,NaN,NaN,NaN,NaN,NaN,1,NaN,35.90,36.10,NaN,NaN
584.75,36.07,32.41,36.00,20.00,AUTO,0,NaN,NaN,NaN,NaN,NaN,NaN,NaN,NaN,NaN,NaN,1,NaN,35.90,36.10,NaN,NaN
585.75,36.09,32.37,36.00,20.00,AUTO,0,NaN,NaN,NaN,NaN,NaN,NaN,NaN,NaN,NaN,NaN,1,NaN,35.90,36.10,NaN,NaN
586.75,36.10,32.37,36.00,20.00,AUTO,0,NaN,NaN,NaN,NaN,NaN,NaN,NaN,NaN,NaN,NaN,1,NaN,35.90,36.10,NaN,NaN
587.75,36.11,32.37,36.00,20.00,AUTO,0,NaN,NaN,NaN,NaN,NaN,NaN,NaN,NaN,NaN,NaN,0,NaN,35.90,36.10,NaN,NaN
588.75,36.13,32.34,36.00,20.00,AUTO,0,NaN,NaN,NaN,NaN,NaN,NaN,NaN,NaN,NaN,NaN,0,NaN,35.90,36.10,NaN,NaN
589.76,36.15,32.34,36.00,20.00,AUTO,0,NaN,NaN,NaN,NaN,NaN,NaN,NaN,NaN,NaN,NaN,0,NaN,35.90,36.10,NaN,NaN
590.76,36.16,32.34,36.00,20.00,AUTO,0,NaN,NaN,NaN,NaN,NaN,NaN,NaN,NaN,NaN,NaN,0,NaN,35.90,36.10,NaN,NaN
591.76,36.18,32.34,36.00,20.00,AUTO,0,NaN,NaN,NaN,NaN,NaN,NaN,NaN,NaN,NaN,NaN,0,NaN,35.90,36.10,NaN,NaN
592.76,36.18,32.30,36.00,20.00,AUTO,0,NaN,NaN,NaN,NaN,NaN,NaN,NaN,NaN,NaN,NaN,0,NaN,35.90,36.10,NaN,NaN
593.76,36.19,32.30,36.00,20.00,AUTO,0,NaN,NaN,NaN,NaN,NaN,NaN,NaN,NaN,NaN,NaN,0,NaN,35.90,36.10,NaN,NaN
594.76,36.18,32.30,36.00,20.00,AUTO,0,NaN,NaN,NaN,NaN,NaN,NaN,NaN,NaN,NaN,NaN,0,NaN,35.90,36.10,NaN,NaN
595.76,36.18,32.30,36.00,20.00,AUTO,0,NaN,NaN,NaN,NaN,NaN,NaN,NaN,NaN,NaN,NaN,0,NaN,35.90,36.10,NaN,NaN
596.76,36.18,32.30,36.00,20.00,AUTO,0,NaN,NaN,NaN,NaN,NaN,NaN,NaN,NaN,NaN,NaN,0,NaN,35.90,36.10,NaN,NaN
597.77,36.18,32.30,36.00,20.00,AUTO,0,NaN,NaN,NaN,NaN,NaN,NaN,NaN,NaN,NaN,NaN,0,NaN,35.90,36.10,NaN,NaN
598.77,36.17,32.30,36.00,20.00,AUTO,0,NaN,NaN,NaN,NaN,NaN,NaN,NaN,NaN,NaN,NaN,0,NaN,35.90,36.10,NaN,NaN
599.77,36.16,32.30,36.00,20.00,AUTO,0,NaN,NaN,NaN,NaN,NaN,NaN,NaN,NaN,NaN,NaN,0,NaN,35.90,36.10,NaN,NaN
600.77,36.15,32.30,36.00,20.00,AUTO,0,NaN,NaN,NaN,NaN,NaN,NaN,NaN,NaN,NaN,NaN,0,NaN,35.90,36.10,NaN,NaN
601.77,36.14,32.30,36.00,20.00,AUTO,0,NaN,NaN,NaN,NaN,NaN,NaN,NaN,NaN,NaN,NaN,0,NaN,35.90,36.10,NaN,NaN
602.77,36.13,32.32,36.00,20.00,AUTO,0,NaN,NaN,NaN,NaN,NaN,NaN,NaN,NaN,NaN,NaN,0,NaN,35.90,36.10,NaN,NaN
603.78,36.12,32.32,36.00,20.00,AUTO,0,NaN,NaN,NaN,NaN,NaN,NaN,NaN,NaN,NaN,NaN,0,NaN,35.90,36.10,NaN,NaN
604.78,36.11,32.32,36.00,20.00,AUTO,0,NaN,NaN,NaN,NaN,NaN,NaN,NaN,NaN,NaN,NaN,0,NaN,35.90,36.10,NaN,NaN
605.78,36.10,32.32,36.00,20.00,AUTO,0,NaN,NaN,NaN,NaN,NaN,NaN,NaN,NaN,NaN,NaN,0,NaN,35.90,36.10,NaN,NaN
606.78,36.08,32.32,36.00,20.00,AUTO,0,NaN,NaN,NaN,NaN,NaN,NaN,NaN,NaN,NaN,NaN,0,NaN,35.90,36.10,NaN,NaN
607.78,36.08,32.32,36.00,20.00,AUTO,0,NaN,NaN,NaN,NaN,NaN,NaN,NaN,NaN,NaN,NaN,0,NaN,35.90,36.10,NaN,NaN
608.78,36.07,32.37,36.00,20.00,AUTO,0,NaN,NaN,NaN,NaN,NaN,NaN,NaN,NaN,NaN,NaN,0,NaN,35.90,36.10,NaN,NaN
609.78,36.06,32.41,36.00,20.00,AUTO,0,NaN,NaN,NaN,NaN,NaN,NaN,NaN,NaN,NaN,NaN,0,NaN,35.90,36.10,NaN,NaN
610.78,36.03,32.41,36.00,20.00,AUTO,0,NaN,NaN,NaN,NaN,NaN,NaN,NaN,NaN,NaN,NaN,0,NaN,35.90,36.10,NaN,NaN
611.79,36.02,32.44,36.00,20.00,AUTO,0,NaN,NaN,NaN,NaN,NaN,NaN,NaN,NaN,NaN,NaN,0,NaN,35.90,36.10,NaN,NaN
612.79,36.01,32.44,36.00,20.00,AUTO,0,NaN,NaN,NaN,NaN,NaN,NaN,NaN,NaN,NaN,NaN,0,NaN,35.90,36.10,NaN,NaN
613.79,36.01,32.48,36.00,20.00,AUTO,0,NaN,NaN,NaN,NaN,NaN,NaN,NaN,NaN,NaN,NaN,0,NaN,35.90,36.10,NaN,NaN
614.79,35.99,32.51,36.00,20.00,AUTO,0,NaN,NaN,NaN,NaN,NaN,NaN,NaN,NaN,NaN,NaN,0,NaN,35.90,36.10,NaN,NaN
615.79,35.99,32.55,36.00,20.00,AUTO,0,NaN,NaN,NaN,NaN,NaN,NaN,NaN,NaN,NaN,NaN,0,NaN,35.90,36.10,NaN,NaN
616.80,35.97,32.59,36.00,20.00,AUTO,0,NaN,NaN,NaN,NaN,NaN,NaN,NaN,NaN,NaN,NaN,0,NaN,35.90,36.10,NaN,NaN
617.80,35.96,32.63,36.00,20.00,AUTO,0,NaN,NaN,NaN,NaN,NaN,NaN,NaN,NaN,NaN,NaN,0,NaN,35.90,36.10,NaN,NaN
618.80,35.94,32.63,36.00,20.00,AUTO,0,NaN,NaN,NaN,NaN,NaN,NaN,NaN,NaN,NaN,NaN,0,NaN,35.90,36.10,NaN,NaN
619.80,35.93,32.67,36.00,20.00,AUTO,0,NaN,NaN,NaN,NaN,NaN,NaN,NaN,NaN,NaN,NaN,0,NaN,35.90,36.10,NaN,NaN
620.80,35.90,32.71,36.00,20.00,AUTO,0,NaN,NaN,NaN,NaN,NaN,NaN,NaN,NaN,NaN,NaN,0,NaN,35.90,36.10,NaN,NaN
621.81,35.89,32.71,36.00,20.00,AUTO,0,NaN,NaN,NaN,NaN,NaN,NaN,NaN,NaN,NaN,NaN,1,NaN,35.90,36.10,NaN,NaN
622.81,35.87,32.75,36.00,20.00,AUTO,0,NaN,NaN,NaN,NaN,NaN,NaN,NaN,NaN,NaN,NaN,1,NaN,35.90,36.10,NaN,NaN
623.81,35.84,32.75,36.00,20.00,AUTO,0,NaN,NaN,NaN,NaN,NaN,NaN,NaN,NaN,NaN,NaN,1,NaN,35.90,36.10,NaN,NaN
624.81,35.82,32.75,36.00,20.00,AUTO,0,NaN,NaN,NaN,NaN,NaN,NaN,NaN,NaN,NaN,NaN,1,NaN,35.90,36.10,NaN,NaN
625.81,35.81,32.75,36.00,20.00,AUTO,0,NaN,NaN,NaN,NaN,NaN,NaN,NaN,NaN,NaN,NaN,1,NaN,35.90,36.10,NaN,NaN
626.81,35.80,32.77,36.00,20.00,AUTO,0,NaN,NaN,NaN,NaN,NaN,NaN,NaN,NaN,NaN,NaN,1,NaN,35.90,36.10,NaN,NaN
627.81,35.80,32.77,36.00,20.00,AUTO,0,NaN,NaN,NaN,NaN,NaN,NaN,NaN,NaN,NaN,NaN,1,NaN,35.90,36.10,NaN,NaN
628.82,35.80,32.77,36.00,20.00,AUTO,0,NaN,NaN,NaN,NaN,NaN,NaN,NaN,NaN,NaN,NaN,1,NaN,35.90,36.10,NaN,NaN
629.82,35.80,32.77,36.00,20.00,AUTO,0,NaN,NaN,NaN,NaN,NaN,NaN,NaN,NaN,NaN,NaN,1,NaN,35.90,36.10,NaN,NaN
630.82,35.80,32.81,36.00,20.00,AUTO,0,NaN,NaN,NaN,NaN,NaN,NaN,NaN,NaN,NaN,NaN,1,NaN,35.90,36.10,NaN,NaN
631.82,35.80,32.81,36.00,20.00,AUTO,0,NaN,NaN,NaN,NaN,NaN,NaN,NaN,NaN,NaN,NaN,1,NaN,35.90,36.10,NaN,NaN
632.82,35.80,32.81,36.00,20.00,AUTO,0,NaN,NaN,NaN,NaN,NaN,NaN,NaN,NaN,NaN,NaN,1,NaN,35.90,36.10,NaN,NaN
633.82,35.80,32.81,36.00,20.00,AUTO,0,NaN,NaN,NaN,NaN,NaN,NaN,NaN,NaN,NaN,NaN,1,NaN,35.90,36.10,NaN,NaN
634.82,35.80,32.81,36.00,20.00,AUTO,0,NaN,NaN,NaN,NaN,NaN,NaN,NaN,NaN,NaN,NaN,1,NaN,35.90,36.10,NaN,NaN
635.83,35.81,32.83,36.00,20.00,AUTO,0,NaN,NaN,NaN,NaN,NaN,NaN,NaN,NaN,NaN,NaN,1,NaN,35.90,36.10,NaN,NaN
636.83,35.81,32.81,36.00,20.00,AUTO,0,NaN,NaN,NaN,NaN,NaN,NaN,NaN,NaN,NaN,NaN,1,NaN,35.90,36.10,NaN,NaN
637.83,35.80,32.81,36.00,20.00,AUTO,0,NaN,NaN,NaN,NaN,NaN,NaN,NaN,NaN,NaN,NaN,1,NaN,35.90,36.10,NaN,NaN
638.83,35.81,32.83,36.00,20.00,AUTO,0,NaN,NaN,NaN,NaN,NaN,NaN,NaN,NaN,NaN,NaN,1,NaN,35.90,36.10,NaN,NaN
639.83,35.80,32.81,36.00,20.00,AUTO,0,NaN,NaN,NaN,NaN,NaN,NaN,NaN,NaN,NaN,NaN,1,NaN,35.90,36.10,NaN,NaN
640.83,35.80,32.81,36.00,20.00,AUTO,0,NaN,NaN,NaN,NaN,NaN,NaN,NaN,NaN,NaN,NaN,1,NaN,35.90,36.10,NaN,NaN
641.83,35.80,32.83,36.00,20.00,AUTO,0,NaN,NaN,NaN,NaN,NaN,NaN,NaN,NaN,NaN,NaN,1,NaN,35.90,36.10,NaN,NaN
642.83,35.80,32.81,36.00,20.00,AUTO,0,NaN,NaN,NaN,NaN,NaN,NaN,NaN,NaN,NaN,NaN,1,NaN,35.90,36.10,NaN,NaN
643.84,35.81,32.81,36.00,20.00,AUTO,0,NaN,NaN,NaN,NaN,NaN,NaN,NaN,NaN,NaN,NaN,1,NaN,35.90,36.10,NaN,NaN
644.84,35.82,32.83,36.00,20.00,AUTO,0,NaN,NaN,NaN,NaN,NaN,NaN,NaN,NaN,NaN,NaN,1,NaN,35.90,36.10,NaN,NaN
645.84,35.83,32.83,36.00,20.00,AUTO,0,NaN,NaN,NaN,NaN,NaN,NaN,NaN,NaN,NaN,NaN,1,NaN,35.90,36.10,NaN,NaN
646.84,35.84,32.83,36.00,20.00,AUTO,0,NaN,NaN,NaN,NaN,NaN,NaN,NaN,NaN,NaN,NaN,1,NaN,35.90,36.10,NaN,NaN
647.84,35.85,32.83,36.00,20.00,AUTO,0,NaN,NaN,NaN,NaN,NaN,NaN,NaN,NaN,NaN,NaN,1,NaN,35.90,36.10,NaN,NaN
648.85,35.85,32.83,36.00,20.00,AUTO,0,NaN,NaN,NaN,NaN,NaN,NaN,NaN,NaN,NaN,NaN,1,NaN,35.90,36.10,NaN,NaN
649.85,35.87,32.79,36.00,20.00,AUTO,0,NaN,NaN,NaN,NaN,NaN,NaN,NaN,NaN,NaN,NaN,1,NaN,35.90,36.10,NaN,NaN
650.85,35.88,32.79,36.00,20.00,AUTO,0,NaN,NaN,NaN,NaN,NaN,NaN,NaN,NaN,NaN,NaN,1,NaN,35.90,36.10,NaN,NaN
651.85,35.89,32.75,36.00,20.00,AUTO,0,NaN,NaN,NaN,NaN,NaN,NaN,NaN,NaN,NaN,NaN,1,NaN,35.90,36.10,NaN,NaN
652.85,35.90,32.75,36.00,20.00,AUTO,0,NaN,NaN,NaN,NaN,NaN,NaN,NaN,NaN,NaN,NaN,1,NaN,35.90,36.10,NaN,NaN
653.85,35.90,32.75,36.00,20.00,AUTO,0,NaN,NaN,NaN,NaN,NaN,NaN,NaN,NaN,NaN,NaN,1,NaN,35.90,36.10,NaN,NaN
654.86,35.93,32.75,36.00,20.00,AUTO,0,NaN,NaN,NaN,NaN,NaN,NaN,NaN,NaN,NaN,NaN,1,NaN,35.90,36.10,NaN,NaN
655.85,35.95,32.75,36.00,20.00,AUTO,0,NaN,NaN,NaN,NaN,NaN,NaN,NaN,NaN,NaN,NaN,1,NaN,35.90,36.10,NaN,NaN
656.86,35.96,32.71,36.00,20.00,AUTO,0,NaN,NaN,NaN,NaN,NaN,NaN,NaN,NaN,NaN,NaN,1,NaN,35.90,36.10,NaN,NaN
657.86,35.98,32.71,36.00,20.00,AUTO,0,NaN,NaN,NaN,NaN,NaN,NaN,NaN,NaN,NaN,NaN,1,NaN,35.90,36.10,NaN,NaN
658.86,36.00,32.67,36.00,20.00,AUTO,0,NaN,NaN,NaN,NaN,NaN,NaN,NaN,NaN,NaN,NaN,1,NaN,35.90,36.10,NaN,NaN
659.86,36.01,32.65,36.00,20.00,AUTO,0,NaN,NaN,NaN,NaN,NaN,NaN,NaN,NaN,NaN,NaN,1,NaN,35.90,36.10,NaN,NaN
660.86,36.03,32.65,36.00,20.00,AUTO,0,NaN,NaN,NaN,NaN,NaN,NaN,NaN,NaN,NaN,NaN,1,NaN,35.90,36.10,NaN,NaN
661.86,36.04,32.60,36.00,20.00,AUTO,0,NaN,NaN,NaN,NaN,NaN,NaN,NaN,NaN,NaN,NaN,1,NaN,35.90,36.10,NaN,NaN
662.87,36.06,32.57,36.00,20.00,AUTO,0,NaN,NaN,NaN,NaN,NaN,NaN,NaN,NaN,NaN,NaN,1,NaN,35.90,36.10,NaN,NaN
663.87,36.07,32.57,36.00,20.00,AUTO,0,NaN,NaN,NaN,NaN,NaN,NaN,NaN,NaN,NaN,NaN,1,NaN,35.90,36.10,NaN,NaN
664.87,36.08,32.57,36.00,20.00,AUTO,0,NaN,NaN,NaN,NaN,NaN,NaN,NaN,NaN,NaN,NaN,1,NaN,35.90,36.10,NaN,NaN
665.87,36.11,32.53,36.00,20.00,AUTO,0,NaN,NaN,NaN,NaN,NaN,NaN,NaN,NaN,NaN,NaN,0,NaN,35.90,36.10,NaN,NaN
666.87,36.14,32.51,36.00,20.00,AUTO,0,NaN,NaN,NaN,NaN,NaN,NaN,NaN,NaN,NaN,NaN,0,NaN,35.90,36.10,NaN,NaN
667.88,36.15,32.51,36.00,20.00,AUTO,0,NaN,NaN,NaN,NaN,NaN,NaN,NaN,NaN,NaN,NaN,0,NaN,35.90,36.10,NaN,NaN
668.88,36.15,32.46,36.00,20.00,AUTO,0,NaN,NaN,NaN,NaN,NaN,NaN,NaN,NaN,NaN,NaN,0,NaN,35.90,36.10,NaN,NaN
669.88,36.16,32.46,36.00,20.00,AUTO,0,NaN,NaN,NaN,NaN,NaN,NaN,NaN,NaN,NaN,NaN,0,NaN,35.90,36.10,NaN,NaN
670.88,36.16,32.42,36.00,20.00,AUTO,0,NaN,NaN,NaN,NaN,NaN,NaN,NaN,NaN,NaN,NaN,0,NaN,35.90,36.10,NaN,NaN
671.88,36.17,32.42,36.00,20.00,AUTO,0,NaN,NaN,NaN,NaN,NaN,NaN,NaN,NaN,NaN,NaN,0,NaN,35.90,36.10,NaN,NaN
672.88,36.17,32.42,36.00,20.00,AUTO,0,NaN,NaN,NaN,NaN,NaN,NaN,NaN,NaN,NaN,NaN,0,NaN,35.90,36.10,NaN,NaN
673.89,36.17,32.42,36.00,20.00,AUTO,0,NaN,NaN,NaN,NaN,NaN,NaN,NaN,NaN,NaN,NaN,0,NaN,35.90,36.10,NaN,NaN
674.88,36.17,32.42,36.00,20.00,AUTO,0,NaN,NaN,NaN,NaN,NaN,NaN,NaN,NaN,NaN,NaN,0,NaN,35.90,36.10,NaN,NaN
675.89,36.17,32.42,36.00,20.00,AUTO,0,NaN,NaN,NaN,NaN,NaN,NaN,NaN,NaN,NaN,NaN,0,NaN,35.90,36.10,NaN,NaN
676.89,36.16,32.42,36.00,20.00,AUTO,0,NaN,NaN,NaN,NaN,NaN,NaN,NaN,NaN,NaN,NaN,0,NaN,35.90,36.10,NaN,NaN
677.89,36.16,32.42,36.00,20.00,AUTO,0,NaN,NaN,NaN,NaN,NaN,NaN,NaN,NaN,NaN,NaN,0,NaN,35.90,36.10,NaN,NaN
678.89,36.15,32.42,36.00,20.00,AUTO,0,NaN,NaN,NaN,NaN,NaN,NaN,NaN,NaN,NaN,NaN,0,NaN,35.90,36.10,NaN,NaN
679.89,36.14,32.42,36.00,20.00,AUTO,0,NaN,NaN,NaN,NaN,NaN,NaN,NaN,NaN,NaN,NaN,0,NaN,35.90,36.10,NaN,NaN
680.90,36.13,32.42,36.00,20.00,AUTO,0,NaN,NaN,NaN,NaN,NaN,NaN,NaN,NaN,NaN,NaN,0,NaN,35.90,36.10,NaN,NaN
681.90,36.13,32.41,36.00,20.00,AUTO,0,NaN,NaN,NaN,NaN,NaN,NaN,NaN,NaN,NaN,NaN,0,NaN,35.90,36.10,NaN,NaN
682.90,36.12,32.44,36.00,20.00,AUTO,0,NaN,NaN,NaN,NaN,NaN,NaN,NaN,NaN,NaN,NaN,0,NaN,35.90,36.10,NaN,NaN
683.90,36.12,32.44,36.00,20.00,AUTO,0,NaN,NaN,NaN,NaN,NaN,NaN,NaN,NaN,NaN,NaN,0,NaN,35.90,36.10,NaN,NaN
684.90,36.11,32.48,36.00,20.00,AUTO,0,NaN,NaN,NaN,NaN,NaN,NaN,NaN,NaN,NaN,NaN,0,NaN,35.90,36.10,NaN,NaN
685.90,36.10,32.48,36.00,20.00,AUTO,0,NaN,NaN,NaN,NaN,NaN,NaN,NaN,NaN,NaN,NaN,0,NaN,35.90,36.10,NaN,NaN
686.91,36.09,32.53,36.00,20.00,AUTO,0,NaN,NaN,NaN,NaN,NaN,NaN,NaN,NaN,NaN,NaN,0,NaN,35.90,36.10,NaN,NaN
687.91,36.08,32.57,36.00,20.00,AUTO,0,NaN,NaN,NaN,NaN,NaN,NaN,NaN,NaN,NaN,NaN,0,NaN,35.90,36.10,NaN,NaN
688.91,36.07,32.57,36.00,20.00,AUTO,0,NaN,NaN,NaN,NaN,NaN,NaN,NaN,NaN,NaN,NaN,0,NaN,35.90,36.10,NaN,NaN
689.91,36.04,32.60,36.00,20.00,AUTO,0,NaN,NaN,NaN,NaN,NaN,NaN,NaN,NaN,NaN,NaN,0,NaN,35.90,36.10,NaN,NaN
690.91,36.03,32.60,36.00,20.00,AUTO,0,NaN,NaN,NaN,NaN,NaN,NaN,NaN,NaN,NaN,NaN,0,NaN,35.90,36.10,NaN,NaN
691.91,36.02,32.60,36.00,20.00,AUTO,0,NaN,NaN,NaN,NaN,NaN,NaN,NaN,NaN,NaN,NaN,0,NaN,35.90,36.10,NaN,NaN
692.91,36.01,32.60,36.00,20.00,AUTO,0,NaN,NaN,NaN,NaN,NaN,NaN,NaN,NaN,NaN,NaN,0,NaN,35.90,36.10,NaN,NaN
693.91,36.00,32.65,36.00,20.00,AUTO,0,NaN,NaN,NaN,NaN,NaN,NaN,NaN,NaN,NaN,NaN,0,NaN,35.90,36.10,NaN,NaN
694.92,35.99,32.63,36.00,20.00,AUTO,0,NaN,NaN,NaN,NaN,NaN,NaN,NaN,NaN,NaN,NaN,0,NaN,35.90,36.10,NaN,NaN
695.92,35.97,32.67,36.00,20.00,AUTO,0,NaN,NaN,NaN,NaN,NaN,NaN,NaN,NaN,NaN,NaN,0,NaN,35.90,36.10,NaN,NaN
696.92,35.96,32.71,36.00,20.00,AUTO,0,NaN,NaN,NaN,NaN,NaN,NaN,NaN,NaN,NaN,NaN,0,NaN,35.90,36.10,NaN,NaN
697.92,35.94,32.75,36.00,20.00,AUTO,0,NaN,NaN,NaN,NaN,NaN,NaN,NaN,NaN,NaN,NaN,0,NaN,35.90,36.10,NaN,NaN
698.92,35.93,32.75,36.00,20.00,AUTO,0,NaN,NaN,NaN,NaN,NaN,NaN,NaN,NaN,NaN,NaN,0,NaN,35.90,36.10,NaN,NaN
699.93,35.90,32.79,36.00,20.00,AUTO,0,NaN,NaN,NaN,NaN,NaN,NaN,NaN,NaN,NaN,NaN,0,NaN,35.90,36.10,NaN,NaN
700.93,35.89,32.83,36.00,20.00,AUTO,0,NaN,NaN,NaN,NaN,NaN,NaN,NaN,NaN,NaN,NaN,1,NaN,35.90,36.10,NaN,NaN
701.93,35.87,32.87,36.00,20.00,AUTO,0,NaN,NaN,NaN,NaN,NaN,NaN,NaN,NaN,NaN,NaN,1,NaN,35.90,36.10,NaN,NaN
702.93,35.84,32.91,36.00,20.00,AUTO,0,NaN,NaN,NaN,NaN,NaN,NaN,NaN,NaN,NaN,NaN,1,NaN,35.90,36.10,NaN,NaN
703.93,35.81,32.91,36.00,20.00,AUTO,0,NaN,NaN,NaN,NaN,NaN,NaN,NaN,NaN,NaN,NaN,1,NaN,35.90,36.10,NaN,NaN
704.93,35.79,32.89,36.00,20.00,AUTO,0,NaN,NaN,NaN,NaN,NaN,NaN,NaN,NaN,NaN,NaN,1,NaN,35.90,36.10,NaN,NaN
705.93,35.78,32.93,36.00,20.00,AUTO,0,NaN,NaN,NaN,NaN,NaN,NaN,NaN,NaN,NaN,NaN,1,NaN,35.90,36.10,NaN,NaN
706.93,35.78,32.93,36.00,20.00,AUTO,0,NaN,NaN,NaN,NaN,NaN,NaN,NaN,NaN,NaN,NaN,1,NaN,35.90,36.10,NaN,NaN
707.94,35.78,32.98,36.00,20.00,AUTO,0,NaN,NaN,NaN,NaN,NaN,NaN,NaN,NaN,NaN,NaN,1,NaN,35.90,36.10,NaN,NaN
708.94,35.78,32.98,36.00,20.00,AUTO,0,NaN,NaN,NaN,NaN,NaN,NaN,NaN,NaN,NaN,NaN,1,NaN,35.90,36.10,NaN,NaN
709.94,35.78,32.98,36.00,20.00,AUTO,0,NaN,NaN,NaN,NaN,NaN,NaN,NaN,NaN,NaN,NaN,1,NaN,35.90,36.10,NaN,NaN
710.94,35.77,32.98,36.00,20.00,AUTO,0,NaN,NaN,NaN,NaN,NaN,NaN,NaN,NaN,NaN,NaN,1,NaN,35.90,36.10,NaN,NaN
711.94,35.77,32.98,36.00,20.00,AUTO,0,NaN,NaN,NaN,NaN,NaN,NaN,NaN,NaN,NaN,NaN,1,NaN,35.90,36.10,NaN,NaN
712.95,35.74,32.98,36.00,20.00,AUTO,0,NaN,NaN,NaN,NaN,NaN,NaN,NaN,NaN,NaN,NaN,1,NaN,35.90,36.10,NaN,NaN
713.95,35.77,33.02,36.00,20.00,AUTO,0,NaN,NaN,NaN,NaN,NaN,NaN,NaN,NaN,NaN,NaN,1,NaN,35.90,36.10,NaN,NaN
714.95,35.77,33.02,36.00,20.00,AUTO,0,NaN,NaN,NaN,NaN,NaN,NaN,NaN,NaN,NaN,NaN,1,NaN,35.90,36.10,NaN,NaN
715.95,35.77,33.02,36.00,20.00,AUTO,0,NaN,NaN,NaN,NaN,NaN,NaN,NaN,NaN,NaN,NaN,1,NaN,35.90,36.10,NaN,NaN
716.95,35.75,33.02,36.00,20.00,AUTO,0,NaN,NaN,NaN,NaN,NaN,NaN,NaN,NaN,NaN,NaN,1,NaN,35.90,36.10,NaN,NaN
717.95,35.77,33.02,36.00,20.00,AUTO,0,NaN,NaN,NaN,NaN,NaN,NaN,NaN,NaN,NaN,NaN,1,NaN,35.90,36.10,NaN,NaN
718.96,35.77,33.02,36.00,20.00,AUTO,0,NaN,NaN,NaN,NaN,NaN,NaN,NaN,NaN,NaN,NaN,1,NaN,35.90,36.10,NaN,NaN
719.96,35.78,33.05,36.00,20.00,AUTO,0,NaN,NaN,NaN,NaN,NaN,NaN,NaN,NaN,NaN,NaN,1,NaN,35.90,36.10,NaN,NaN
720.96,35.78,33.02,36.00,20.00,AUTO,0,NaN,NaN,NaN,NaN,NaN,NaN,NaN,NaN,NaN,NaN,1,NaN,35.90,36.10,NaN,NaN
721.96,35.79,33.02,36.00,20.00,AUTO,0,NaN,NaN,NaN,NaN,NaN,NaN,NaN,NaN,NaN,NaN,1,NaN,35.90,36.10,NaN,NaN
722.96,35.81,32.99,36.00,20.00,AUTO,0,NaN,NaN,NaN,NaN,NaN,NaN,NaN,NaN,NaN,NaN,1,NaN,35.90,36.10,NaN,NaN
723.96,35.82,32.99,36.00,20.00,AUTO,0,NaN,NaN,NaN,NaN,NaN,NaN,NaN,NaN,NaN,NaN,1,NaN,35.90,36.10,NaN,NaN
724.96,35.82,32.99,36.00,20.00,AUTO,0,NaN,NaN,NaN,NaN,NaN,NaN,NaN,NaN,NaN,NaN,1,NaN,35.90,36.10,NaN,NaN
725.96,35.83,32.99,36.00,20.00,AUTO,0,NaN,NaN,NaN,NaN,NaN,NaN,NaN,NaN,NaN,NaN,1,NaN,35.90,36.10,NaN,NaN
726.97,35.83,32.99,36.00,20.00,AUTO,0,NaN,NaN,NaN,NaN,NaN,NaN,NaN,NaN,NaN,NaN,1,NaN,35.90,36.10,NaN,NaN
727.97,35.84,32.96,36.00,20.00,AUTO,0,NaN,NaN,NaN,NaN,NaN,NaN,NaN,NaN,NaN,NaN,1,NaN,35.90,36.10,NaN,NaN
728.97,35.84,32.96,36.00,20.00,AUTO,0,NaN,NaN,NaN,NaN,NaN,NaN,NaN,NaN,NaN,NaN,1,NaN,35.90,36.10,NaN,NaN
729.97,35.85,32.96,36.00,20.00,AUTO,0,NaN,NaN,NaN,NaN,NaN,NaN,NaN,NaN,NaN,NaN,1,NaN,35.90,36.10,NaN,NaN
730.97,35.87,32.91,36.00,20.00,AUTO,0,NaN,NaN,NaN,NaN,NaN,NaN,NaN,NaN,NaN,NaN,1,NaN,35.90,36.10,NaN,NaN
731.98,35.88,32.91,36.00,20.00,AUTO,0,NaN,NaN,NaN,NaN,NaN,NaN,NaN,NaN,NaN,NaN,1,NaN,35.90,36.10,NaN,NaN
732.97,35.90,32.91,36.00,20.00,AUTO,0,NaN,NaN,NaN,NaN,NaN,NaN,NaN,NaN,NaN,NaN,1,NaN,35.90,36.10,NaN,NaN
733.98,35.90,32.91,36.00,20.00,AUTO,0,NaN,NaN,NaN,NaN,NaN,NaN,NaN,NaN,NaN,NaN,1,NaN,35.90,36.10,NaN,NaN
734.98,35.92,32.87,36.00,20.00,AUTO,0,NaN,NaN,NaN,NaN,NaN,NaN,NaN,NaN,NaN,NaN,1,NaN,35.90,36.10,NaN,NaN
735.98,35.94,32.83,36.00,20.00,AUTO,0,NaN,NaN,NaN,NaN,NaN,NaN,NaN,NaN,NaN,NaN,1,NaN,35.90,36.10,NaN,NaN
736.98,35.96,32.83,36.00,20.00,AUTO,0,NaN,NaN,NaN,NaN,NaN,NaN,NaN,NaN,NaN,NaN,1,NaN,35.90,36.10,NaN,NaN
737.98,35.96,32.83,36.00,20.00,AUTO,0,NaN,NaN,NaN,NaN,NaN,NaN,NaN,NaN,NaN,NaN,1,NaN,35.90,36.10,NaN,NaN
738.98,35.97,32.79,36.00,20.00,AUTO,0,NaN,NaN,NaN,NaN,NaN,NaN,NaN,NaN,NaN,NaN,1,NaN,35.90,36.10,NaN,NaN
739.99,35.98,32.79,36.00,20.00,AUTO,0,NaN,NaN,NaN,NaN,NaN,NaN,NaN,NaN,NaN,NaN,1,NaN,35.90,36.10,NaN,NaN
740.99,36.00,32.75,36.00,20.00,AUTO,0,NaN,NaN,NaN,NaN,NaN,NaN,NaN,NaN,NaN,NaN,1,NaN,35.90,36.10,NaN,NaN
741.99,36.01,32.77,36.00,20.00,AUTO,0,NaN,NaN,NaN,NaN,NaN,NaN,NaN,NaN,NaN,NaN,1,NaN,35.90,36.10,NaN,NaN
742.99,36.02,32.77,36.00,20.00,AUTO,0,NaN,NaN,NaN,NaN,NaN,NaN,NaN,NaN,NaN,NaN,1,NaN,35.90,36.10,NaN,NaN
743.99,36.04,32.77,36.00,20.00,AUTO,0,NaN,NaN,NaN,NaN,NaN,NaN,NaN,NaN,NaN,NaN,1,NaN,35.90,36.10,NaN,NaN
745.00,36.07,32.73,36.00,20.00,AUTO,0,NaN,NaN,NaN,NaN,NaN,NaN,NaN,NaN,NaN,NaN,1,NaN,35.90,36.10,NaN,NaN
746.00,36.07,32.73,36.00,20.00,AUTO,0,NaN,NaN,NaN,NaN,NaN,NaN,NaN,NaN,NaN,NaN,1,NaN,35.90,36.10,NaN,NaN
747.00,36.09,32.69,36.00,20.00,AUTO,0,NaN,NaN,NaN,NaN,NaN,NaN,NaN,NaN,NaN,NaN,1,NaN,35.90,36.10,NaN,NaN
748.00,36.11,32.65,36.00,20.00,AUTO,0,NaN,NaN,NaN,NaN,NaN,NaN,NaN,NaN,NaN,NaN,0,NaN,35.90,36.10,NaN,NaN
749.00,36.14,32.67,36.00,20.00,AUTO,0,NaN,NaN,NaN,NaN,NaN,NaN,NaN,NaN,NaN,NaN,0,NaN,35.90,36.10,NaN,NaN
750.00,36.14,32.63,36.00,20.00,AUTO,0,NaN,NaN,NaN,NaN,NaN,NaN,NaN,NaN,NaN,NaN,0,NaN,35.90,36.10,NaN,NaN
751.00,36.15,32.63,36.00,20.00,AUTO,0,NaN,NaN,NaN,NaN,NaN,NaN,NaN,NaN,NaN,NaN,0,NaN,35.90,36.10,NaN,NaN
752.01,36.16,32.58,36.00,20.00,AUTO,0,NaN,NaN,NaN,NaN,NaN,NaN,NaN,NaN,NaN,NaN,0,NaN,35.90,36.10,NaN,NaN
753.01,36.16,32.58,36.00,20.00,AUTO,0,NaN,NaN,NaN,NaN,NaN,NaN,NaN,NaN,NaN,NaN,0,NaN,35.90,36.10,NaN,NaN
754.01,36.16,32.58,36.00,20.00,AUTO,0,NaN,NaN,NaN,NaN,NaN,NaN,NaN,NaN,NaN,NaN,0,NaN,35.90,36.10,NaN,NaN
755.01,36.16,32.58,36.00,20.00,AUTO,0,NaN,NaN,NaN,NaN,NaN,NaN,NaN,NaN,NaN,NaN,0,NaN,35.90,36.10,NaN,NaN
756.01,36.16,32.58,36.00,20.00,AUTO,0,NaN,NaN,NaN,NaN,NaN,NaN,NaN,NaN,NaN,NaN,0,NaN,35.90,36.10,NaN,NaN
757.01,36.16,32.58,36.00,20.00,AUTO,0,NaN,NaN,NaN,NaN,NaN,NaN,NaN,NaN,NaN,NaN,0,NaN,35.90,36.10,NaN,NaN
758.01,36.15,32.58,36.00,20.00,AUTO,0,NaN,NaN,NaN,NaN,NaN,NaN,NaN,NaN,NaN,NaN,0,NaN,35.90,36.10,NaN,NaN
759.02,36.14,32.58,36.00,20.00,AUTO,0,NaN,NaN,NaN,NaN,NaN,NaN,NaN,NaN,NaN,NaN,0,NaN,35.90,36.10,NaN,NaN
760.02,36.13,32.58,36.00,20.00,AUTO,0,NaN,NaN,NaN,NaN,NaN,NaN,NaN,NaN,NaN,NaN,0,NaN,35.90,36.10,NaN,NaN
761.02,36.13,32.57,36.00,20.00,AUTO,0,NaN,NaN,NaN,NaN,NaN,NaN,NaN,NaN,NaN,NaN,0,NaN,35.90,36.10,NaN,NaN
762.02,36.12,32.60,36.00,20.00,AUTO,0,NaN,NaN,NaN,NaN,NaN,NaN,NaN,NaN,NaN,NaN,0,NaN,35.90,36.10,NaN,NaN
763.02,36.11,32.60,36.00,20.00,AUTO,0,NaN,NaN,NaN,NaN,NaN,NaN,NaN,NaN,NaN,NaN,0,NaN,35.90,36.10,NaN,NaN
764.03,36.10,32.60,36.00,20.00,AUTO,0,NaN,NaN,NaN,NaN,NaN,NaN,NaN,NaN,NaN,NaN,0,NaN,35.90,36.10,NaN,NaN
765.03,36.10,32.60,36.00,20.00,AUTO,0,NaN,NaN,NaN,NaN,NaN,NaN,NaN,NaN,NaN,NaN,0,NaN,35.90,36.10,NaN,NaN
766.03,36.09,32.65,36.00,20.00,AUTO,0,NaN,NaN,NaN,NaN,NaN,NaN,NaN,NaN,NaN,NaN,0,NaN,35.90,36.10,NaN,NaN
767.03,36.08,32.65,36.00,20.00,AUTO,0,NaN,NaN,NaN,NaN,NaN,NaN,NaN,NaN,NaN,NaN,0,NaN,35.90,36.10,NaN,NaN
768.03,36.07,32.65,36.00,20.00,AUTO,0,NaN,NaN,NaN,NaN,NaN,NaN,NaN,NaN,NaN,NaN,0,NaN,35.90,36.10,NaN,NaN
769.03,36.06,32.65,36.00,20.00,AUTO,0,NaN,NaN,NaN,NaN,NaN,NaN,NaN,NaN,NaN,NaN,0,NaN,35.90,36.10,NaN,NaN
770.03,36.04,32.69,36.00,20.00,AUTO,0,NaN,NaN,NaN,NaN,NaN,NaN,NaN,NaN,NaN,NaN,0,NaN,35.90,36.10,NaN,NaN
771.03,36.03,32.69,36.00,20.00,AUTO,0,NaN,NaN,NaN,NaN,NaN,NaN,NaN,NaN,NaN,NaN,0,NaN,35.90,36.10,NaN,NaN
772.04,36.02,32.73,36.00,20.00,AUTO,0,NaN,NaN,NaN,NaN,NaN,NaN,NaN,NaN,NaN,NaN,0,NaN,35.90,36.10,NaN,NaN
773.04,36.01,32.73,36.00,20.00,AUTO,0,NaN,NaN,NaN,NaN,NaN,NaN,NaN,NaN,NaN,NaN,0,NaN,35.90,36.10,NaN,NaN
774.04,36.00,32.77,36.00,20.00,AUTO,0,NaN,NaN,NaN,NaN,NaN,NaN,NaN,NaN,NaN,NaN,0,NaN,35.90,36.10,NaN,NaN
775.04,35.99,32.79,36.00,20.00,AUTO,0,NaN,NaN,NaN,NaN,NaN,NaN,NaN,NaN,NaN,NaN,0,NaN,35.90,36.10,NaN,NaN
776.04,35.98,32.83,36.00,20.00,AUTO,0,NaN,NaN,NaN,NaN,NaN,NaN,NaN,NaN,NaN,NaN,0,NaN,35.90,36.10,NaN,NaN
777.05,35.97,32.83,36.00,20.00,AUTO,0,NaN,NaN,NaN,NaN,NaN,NaN,NaN,NaN,NaN,NaN,0,NaN,35.90,36.10,NaN,NaN
778.05,35.96,32.87,36.00,20.00,AUTO,0,NaN,NaN,NaN,NaN,NaN,NaN,NaN,NaN,NaN,NaN,0,NaN,35.90,36.10,NaN,NaN
779.05,35.94,32.87,36.00,20.00,AUTO,0,NaN,NaN,NaN,NaN,NaN,NaN,NaN,NaN,NaN,NaN,0,NaN,35.90,36.10,NaN,NaN
780.05,35.92,32.91,36.00,20.00,AUTO,0,NaN,NaN,NaN,NaN,NaN,NaN,NaN,NaN,NaN,NaN,0,NaN,35.90,36.10,NaN,NaN
781.05,35.90,32.91,36.00,20.00,AUTO,0,NaN,NaN,NaN,NaN,NaN,NaN,NaN,NaN,NaN,NaN,0,NaN,35.90,36.10,NaN,NaN
782.06,35.89,32.96,36.00,20.00,AUTO,0,NaN,NaN,NaN,NaN,NaN,NaN,NaN,NaN,NaN,NaN,1,NaN,35.90,36.10,NaN,NaN
783.05,35.86,32.99,36.00,20.00,AUTO,0,NaN,NaN,NaN,NaN,NaN,NaN,NaN,NaN,NaN,NaN,1,NaN,35.90,36.10,NaN,NaN
784.05,35.83,32.99,36.00,20.00,AUTO,0,NaN,NaN,NaN,NaN,NaN,NaN,NaN,NaN,NaN,NaN,1,NaN,35.90,36.10,NaN,NaN
785.05,35.81,33.02,36.00,20.00,AUTO,0,NaN,NaN,NaN,NaN,NaN,NaN,NaN,NaN,NaN,NaN,1,NaN,35.90,36.10,NaN,NaN
786.06,35.79,33.05,36.00,20.00,AUTO,0,NaN,NaN,NaN,NaN,NaN,NaN,NaN,NaN,NaN,NaN,1,NaN,35.90,36.10,NaN,NaN
787.06,35.79,33.05,36.00,20.00,AUTO,0,NaN,NaN,NaN,NaN,NaN,NaN,NaN,NaN,NaN,NaN,1,NaN,35.90,36.10,NaN,NaN
788.06,35.79,33.05,36.00,20.00,AUTO,0,NaN,NaN,NaN,NaN,NaN,NaN,NaN,NaN,NaN,NaN,1,NaN,35.90,36.10,NaN,NaN
789.06,35.78,33.09,36.00,20.00,AUTO,0,NaN,NaN,NaN,NaN,NaN,NaN,NaN,NaN,NaN,NaN,1,NaN,35.90,36.10,NaN,NaN
790.06,35.78,33.09,36.00,20.00,AUTO,0,NaN,NaN,NaN,NaN,NaN,NaN,NaN,NaN,NaN,NaN,1,NaN,35.90,36.10,NaN,NaN
791.07,35.78,33.14,36.00,20.00,AUTO,0,NaN,NaN,NaN,NaN,NaN,NaN,NaN,NaN,NaN,NaN,1,NaN,35.90,36.10,NaN,NaN
792.07,35.77,33.14,36.00,20.00,AUTO,0,NaN,NaN,NaN,NaN,NaN,NaN,NaN,NaN,NaN,NaN,1,NaN,35.90,36.10,NaN,NaN
793.07,35.78,33.14,36.00,20.00,AUTO,0,NaN,NaN,NaN,NaN,NaN,NaN,NaN,NaN,NaN,NaN,1,NaN,35.90,36.10,NaN,NaN
794.07,35.78,33.14,36.00,20.00,AUTO,0,NaN,NaN,NaN,NaN,NaN,NaN,NaN,NaN,NaN,NaN,1,NaN,35.90,36.10,NaN,NaN
795.07,35.78,33.14,36.00,20.00,AUTO,0,NaN,NaN,NaN,NaN,NaN,NaN,NaN,NaN,NaN,NaN,1,NaN,35.90,36.10,NaN,NaN
796.07,35.79,33.14,36.00,20.00,AUTO,0,NaN,NaN,NaN,NaN,NaN,NaN,NaN,NaN,NaN,NaN,1,NaN,35.90,36.10,NaN,NaN
797.08,35.79,33.14,36.00,20.00,AUTO,0,NaN,NaN,NaN,NaN,NaN,NaN,NaN,NaN,NaN,NaN,1,NaN,35.90,36.10,NaN,NaN
798.07,35.78,33.14,36.00,20.00,AUTO,0,NaN,NaN,NaN,NaN,NaN,NaN,NaN,NaN,NaN,NaN,1,NaN,35.90,36.10,NaN,NaN
799.08,35.79,33.14,36.00,20.00,AUTO,0,NaN,NaN,NaN,NaN,NaN,NaN,NaN,NaN,NaN,NaN,1,NaN,35.90,36.10,NaN,NaN
800.08,35.80,33.14,36.00,20.00,AUTO,0,NaN,NaN,NaN,NaN,NaN,NaN,NaN,NaN,NaN,NaN,1,NaN,35.90,36.10,NaN,NaN
801.08,35.80,33.14,36.00,20.00,AUTO,0,NaN,NaN,NaN,NaN,NaN,NaN,NaN,NaN,NaN,NaN,1,NaN,35.90,36.10,NaN,NaN
802.08,35.81,33.15,36.00,20.00,AUTO,0,NaN,NaN,NaN,NaN,NaN,NaN,NaN,NaN,NaN,NaN,1,NaN,35.90,36.10,NaN,NaN
803.08,35.83,33.12,36.00,20.00,AUTO,0,NaN,NaN,NaN,NaN,NaN,NaN,NaN,NaN,NaN,NaN,1,NaN,35.90,36.10,NaN,NaN
804.09,35.83,33.12,36.00,20.00,AUTO,0,NaN,NaN,NaN,NaN,NaN,NaN,NaN,NaN,NaN,NaN,1,NaN,35.90,36.10,NaN,NaN
805.09,35.83,33.12,36.00,20.00,AUTO,0,NaN,NaN,NaN,NaN,NaN,NaN,NaN,NaN,NaN,NaN,1,NaN,35.90,36.10,NaN,NaN
806.09,35.84,33.08,36.00,20.00,AUTO,0,NaN,NaN,NaN,NaN,NaN,NaN,NaN,NaN,NaN,NaN,1,NaN,35.90,36.10,NaN,NaN
807.09,35.85,33.08,36.00,20.00,AUTO,0,NaN,NaN,NaN,NaN,NaN,NaN,NaN,NaN,NaN,NaN,1,NaN,35.90,36.10,NaN,NaN
808.09,35.87,33.08,36.00,20.00,AUTO,0,NaN,NaN,NaN,NaN,NaN,NaN,NaN,NaN,NaN,NaN,1,NaN,35.90,36.10,NaN,NaN
809.09,35.88,33.08,36.00,20.00,AUTO,0,NaN,NaN,NaN,NaN,NaN,NaN,NaN,NaN,NaN,NaN,1,NaN,35.90,36.10,NaN,NaN
810.10,35.89,33.03,36.00,20.00,AUTO,0,NaN,NaN,NaN,NaN,NaN,NaN,NaN,NaN,NaN,NaN,1,NaN,35.90,36.10,NaN,NaN
811.10,35.89,33.03,36.00,20.00,AUTO,0,NaN,NaN,NaN,NaN,NaN,NaN,NaN,NaN,NaN,NaN,1,NaN,35.90,36.10,NaN,NaN
812.10,35.90,32.99,36.00,20.00,AUTO,0,NaN,NaN,NaN,NaN,NaN,NaN,NaN,NaN,NaN,NaN,1,NaN,35.90,36.10,NaN,NaN
813.10,35.92,32.99,36.00,20.00,AUTO,0,NaN,NaN,NaN,NaN,NaN,NaN,NaN,NaN,NaN,NaN,1,NaN,35.90,36.10,NaN,NaN
814.10,35.93,32.99,36.00,20.00,AUTO,0,NaN,NaN,NaN,NaN,NaN,NaN,NaN,NaN,NaN,NaN,1,NaN,35.90,36.10,NaN,NaN
815.10,35.94,32.99,36.00,20.00,AUTO,0,NaN,NaN,NaN,NaN,NaN,NaN,NaN,NaN,NaN,NaN,1,NaN,35.90,36.10,NaN,NaN
816.10,35.95,32.96,36.00,20.00,AUTO,0,NaN,NaN,NaN,NaN,NaN,NaN,NaN,NaN,NaN,NaN,1,NaN,35.90,36.10,NaN,NaN
817.10,35.96,32.96,36.00,20.00,AUTO,0,NaN,NaN,NaN,NaN,NaN,NaN,NaN,NaN,NaN,NaN,1,NaN,35.90,36.10,NaN,NaN
818.11,35.96,32.91,36.00,20.00,AUTO,0,NaN,NaN,NaN,NaN,NaN,NaN,NaN,NaN,NaN,NaN,1,NaN,35.90,36.10,NaN,NaN
819.11,35.96,32.91,36.00,20.00,AUTO,0,NaN,NaN,NaN,NaN,NaN,NaN,NaN,NaN,NaN,NaN,1,NaN,35.90,36.10,NaN,NaN
820.11,35.98,32.91,36.00,20.00,AUTO,0,NaN,NaN,NaN,NaN,NaN,NaN,NaN,NaN,NaN,NaN,1,NaN,35.90,36.10,NaN,NaN
821.11,36.00,32.91,36.00,20.00,AUTO,0,NaN,NaN,NaN,NaN,NaN,NaN,NaN,NaN,NaN,NaN,1,NaN,35.90,36.10,NaN,NaN
822.11,36.01,32.89,36.00,20.00,AUTO,0,NaN,NaN,NaN,NaN,NaN,NaN,NaN,NaN,NaN,NaN,1,NaN,35.90,36.10,NaN,NaN
823.12,36.02,32.89,36.00,20.00,AUTO,0,NaN,NaN,NaN,NaN,NaN,NaN,NaN,NaN,NaN,NaN,1,NaN,35.90,36.10,NaN,NaN
824.12,36.03,32.85,36.00,20.00,AUTO,0,NaN,NaN,NaN,NaN,NaN,NaN,NaN,NaN,NaN,NaN,1,NaN,35.90,36.10,NaN,NaN
825.12,36.06,32.85,36.00,20.00,AUTO,0,NaN,NaN,NaN,NaN,NaN,NaN,NaN,NaN,NaN,NaN,1,NaN,35.90,36.10,NaN,NaN
826.12,36.07,32.81,36.00,20.00,AUTO,0,NaN,NaN,NaN,NaN,NaN,NaN,NaN,NaN,NaN,NaN,1,NaN,35.90,36.10,NaN,NaN
827.12,36.07,32.81,36.00,20.00,AUTO,0,NaN,NaN,NaN,NaN,NaN,NaN,NaN,NaN,NaN,NaN,1,NaN,35.90,36.10,NaN,NaN
828.12,36.09,32.77,36.00,20.00,AUTO,0,NaN,NaN,NaN,NaN,NaN,NaN,NaN,NaN,NaN,NaN,1,NaN,35.90,36.10,NaN,NaN
829.13,36.10,32.77,36.00,20.00,AUTO,0,NaN,NaN,NaN,NaN,NaN,NaN,NaN,NaN,NaN,NaN,1,NaN,35.90,36.10,NaN,NaN
830.13,36.12,32.77,36.00,20.00,AUTO,0,NaN,NaN,NaN,NaN,NaN,NaN,NaN,NaN,NaN,NaN,0,NaN,35.90,36.10,NaN,NaN
831.13,36.16,32.79,36.00,20.00,AUTO,0,NaN,NaN,NaN,NaN,NaN,NaN,NaN,NaN,NaN,NaN,0,NaN,35.90,36.10,NaN,NaN
832.13,36.16,32.75,36.00,20.00,AUTO,0,NaN,NaN,NaN,NaN,NaN,NaN,NaN,NaN,NaN,NaN,0,NaN,35.90,36.10,NaN,NaN
833.13,36.17,32.75,36.00,20.00,AUTO,0,NaN,NaN,NaN,NaN,NaN,NaN,NaN,NaN,NaN,NaN,0,NaN,35.90,36.10,NaN,NaN
834.13,36.18,32.70,36.00,20.00,AUTO,0,NaN,NaN,NaN,NaN,NaN,NaN,NaN,NaN,NaN,NaN,0,NaN,35.90,36.10,NaN,NaN
835.13,36.18,32.70,36.00,20.00,AUTO,0,NaN,NaN,NaN,NaN,NaN,NaN,NaN,NaN,NaN,NaN,0,NaN,35.90,36.10,NaN,NaN
836.13,36.18,32.67,36.00,20.00,AUTO,0,NaN,NaN,NaN,NaN,NaN,NaN,NaN,NaN,NaN,NaN,0,NaN,35.90,36.10,NaN,NaN
837.14,36.18,32.67,36.00,20.00,AUTO,0,NaN,NaN,NaN,NaN,NaN,NaN,NaN,NaN,NaN,NaN,0,NaN,35.90,36.10,NaN,NaN
838.14,36.18,32.67,36.00,20.00,AUTO,0,NaN,NaN,NaN,NaN,NaN,NaN,NaN,NaN,NaN,NaN,0,NaN,35.90,36.10,NaN,NaN
839.14,36.18,32.67,36.00,20.00,AUTO,0,NaN,NaN,NaN,NaN,NaN,NaN,NaN,NaN,NaN,NaN,0,NaN,35.90,36.10,NaN,NaN
840.14,36.18,32.67,36.00,20.00,AUTO,0,NaN,NaN,NaN,NaN,NaN,NaN,NaN,NaN,NaN,NaN,0,NaN,35.90,36.10,NaN,NaN
841.14,36.18,32.67,36.00,20.00,AUTO,0,NaN,NaN,NaN,NaN,NaN,NaN,NaN,NaN,NaN,NaN,0,NaN,35.90,36.10,NaN,NaN
842.14,36.17,32.67,36.00,20.00,AUTO,0,NaN,NaN,NaN,NaN,NaN,NaN,NaN,NaN,NaN,NaN,0,NaN,35.90,36.10,NaN,NaN
843.15,36.17,32.67,36.00,20.00,AUTO,0,NaN,NaN,NaN,NaN,NaN,NaN,NaN,NaN,NaN,NaN,0,NaN,35.90,36.10,NaN,NaN
844.15,36.16,32.67,36.00,20.00,AUTO,0,NaN,NaN,NaN,NaN,NaN,NaN,NaN,NaN,NaN,NaN,0,NaN,35.90,36.10,NaN,NaN
845.15,36.15,32.70,36.00,20.00,AUTO,0,NaN,NaN,NaN,NaN,NaN,NaN,NaN,NaN,NaN,NaN,0,NaN,35.90,36.10,NaN,NaN
846.15,36.14,32.70,36.00,20.00,AUTO,0,NaN,NaN,NaN,NaN,NaN,NaN,NaN,NaN,NaN,NaN,0,NaN,35.90,36.10,NaN,NaN
847.15,36.14,32.70,36.00,20.00,AUTO,0,NaN,NaN,NaN,NaN,NaN,NaN,NaN,NaN,NaN,NaN,0,NaN,35.90,36.10,NaN,NaN
848.15,36.13,32.73,36.00,20.00,AUTO,0,NaN,NaN,NaN,NaN,NaN,NaN,NaN,NaN,NaN,NaN,0,NaN,35.90,36.10,NaN,NaN
849.15,36.12,32.73,36.00,20.00,AUTO,0,NaN,NaN,NaN,NaN,NaN,NaN,NaN,NaN,NaN,NaN,0,NaN,35.90,36.10,NaN,NaN
850.16,36.11,32.77,36.00,20.00,AUTO,0,NaN,NaN,NaN,NaN,NaN,NaN,NaN,NaN,NaN,NaN,0,NaN,35.90,36.10,NaN,NaN
851.16,36.10,32.77,36.00,20.00,AUTO,0,NaN,NaN,NaN,NaN,NaN,NaN,NaN,NaN,NaN,NaN,0,NaN,35.90,36.10,NaN,NaN
852.16,36.09,32.81,36.00,20.00,AUTO,0,NaN,NaN,NaN,NaN,NaN,NaN,NaN,NaN,NaN,NaN,0,NaN,35.90,36.10,NaN,NaN
853.16,36.08,32.81,36.00,20.00,AUTO,0,NaN,NaN,NaN,NaN,NaN,NaN,NaN,NaN,NaN,NaN,0,NaN,35.90,36.10,NaN,NaN
854.16,36.07,32.85,36.00,20.00,AUTO,0,NaN,NaN,NaN,NaN,NaN,NaN,NaN,NaN,NaN,NaN,0,NaN,35.90,36.10,NaN,NaN
855.17,36.06,32.85,36.00,20.00,AUTO,0,NaN,NaN,NaN,NaN,NaN,NaN,NaN,NaN,NaN,NaN,0,NaN,35.90,36.10,NaN,NaN
856.17,36.04,32.89,36.00,20.00,AUTO,0,NaN,NaN,NaN,NaN,NaN,NaN,NaN,NaN,NaN,NaN,0,NaN,35.90,36.10,NaN,NaN
857.17,36.02,32.93,36.00,20.00,AUTO,0,NaN,NaN,NaN,NaN,NaN,NaN,NaN,NaN,NaN,NaN,0,NaN,35.90,36.10,NaN,NaN
858.17,36.01,32.93,36.00,20.00,AUTO,0,NaN,NaN,NaN,NaN,NaN,NaN,NaN,NaN,NaN,NaN,0,NaN,35.90,36.10,NaN,NaN
859.17,36.01,32.93,36.00,20.00,AUTO,0,NaN,NaN,NaN,NaN,NaN,NaN,NaN,NaN,NaN,NaN,0,NaN,35.90,36.10,NaN,NaN
860.17,36.00,32.99,36.00,20.00,AUTO,0,NaN,NaN,NaN,NaN,NaN,NaN,NaN,NaN,NaN,NaN,0,NaN,35.90,36.10,NaN,NaN
861.18,35.98,32.99,36.00,20.00,AUTO,0,NaN,NaN,NaN,NaN,NaN,NaN,NaN,NaN,NaN,NaN,0,NaN,35.90,36.10,NaN,NaN
862.18,35.97,33.03,36.00,20.00,AUTO,0,NaN,NaN,NaN,NaN,NaN,NaN,NaN,NaN,NaN,NaN,0,NaN,35.90,36.10,NaN,NaN
863.18,35.95,33.08,36.00,20.00,AUTO,0,NaN,NaN,NaN,NaN,NaN,NaN,NaN,NaN,NaN,NaN,0,NaN,35.90,36.10,NaN,NaN
864.18,35.93,33.08,36.00,20.00,AUTO,0,NaN,NaN,NaN,NaN,NaN,NaN,NaN,NaN,NaN,NaN,0,NaN,35.90,36.10,NaN,NaN
865.18,35.90,33.12,36.00,20.00,AUTO,0,NaN,NaN,NaN,NaN,NaN,NaN,NaN,NaN,NaN,NaN,0,NaN,35.90,36.10,NaN,NaN
866.18,35.89,33.12,36.00,20.00,AUTO,0,NaN,NaN,NaN,NaN,NaN,NaN,NaN,NaN,NaN,NaN,1,NaN,35.90,36.10,NaN,NaN
867.18,35.86,33.15,36.00,20.00,AUTO,0,NaN,NaN,NaN,NaN,NaN,NaN,NaN,NaN,NaN,NaN,1,NaN,35.90,36.10,NaN,NaN
868.18,35.83,33.15,36.00,20.00,AUTO,0,NaN,NaN,NaN,NaN,NaN,NaN,NaN,NaN,NaN,NaN,1,NaN,35.90,36.10,NaN,NaN
869.19,35.81,33.14,36.00,20.00,AUTO,0,NaN,NaN,NaN,NaN,NaN,NaN,NaN,NaN,NaN,NaN,1,NaN,35.90,36.10,NaN,NaN
870.19,35.79,33.18,36.00,20.00,AUTO,0,NaN,NaN,NaN,NaN,NaN,NaN,NaN,NaN,NaN,NaN,1,NaN,35.90,36.10,NaN,NaN
871.19,35.77,33.18,36.00,20.00,AUTO,0,NaN,NaN,NaN,NaN,NaN,NaN,NaN,NaN,NaN,NaN,1,NaN,35.90,36.10,NaN,NaN
872.19,35.77,33.18,36.00,20.00,AUTO,0,NaN,NaN,NaN,NaN,NaN,NaN,NaN,NaN,NaN,NaN,1,NaN,35.90,36.10,NaN,NaN
873.19,35.78,33.18,36.00,20.00,AUTO,0,NaN,NaN,NaN,NaN,NaN,NaN,NaN,NaN,NaN,NaN,1,NaN,35.90,36.10,NaN,NaN
874.19,35.78,33.22,36.00,20.00,AUTO,0,NaN,NaN,NaN,NaN,NaN,NaN,NaN,NaN,NaN,NaN,1,NaN,35.90,36.10,NaN,NaN
875.20,35.78,33.22,36.00,20.00,AUTO,0,NaN,NaN,NaN,NaN,NaN,NaN,NaN,NaN,NaN,NaN,1,NaN,35.90,36.10,NaN,NaN
876.20,35.78,33.22,36.00,20.00,AUTO,0,NaN,NaN,NaN,NaN,NaN,NaN,NaN,NaN,NaN,NaN,1,NaN,35.90,36.10,NaN,NaN
877.20,35.77,33.22,36.00,20.00,AUTO,0,NaN,NaN,NaN,NaN,NaN,NaN,NaN,NaN,NaN,NaN,1,NaN,35.90,36.10,NaN,NaN
878.20,35.77,33.22,36.00,20.00,AUTO,0,NaN,NaN,NaN,NaN,NaN,NaN,NaN,NaN,NaN,NaN,1,NaN,35.90,36.10,NaN,NaN
879.20,35.77,33.26,36.00,20.00,AUTO,0,NaN,NaN,NaN,NaN,NaN,NaN,NaN,NaN,NaN,NaN,1,NaN,35.90,36.10,NaN,NaN
880.20,35.77,33.26,36.00,20.00,AUTO,0,NaN,NaN,NaN,NaN,NaN,NaN,NaN,NaN,NaN,NaN,1,NaN,35.90,36.10,NaN,NaN
881.20,35.77,33.26,36.00,20.00,AUTO,0,NaN,NaN,NaN,NaN,NaN,NaN,NaN,NaN,NaN,NaN,1,NaN,35.90,36.10,NaN,NaN
882.21,35.77,33.26,36.00,20.00,AUTO,0,NaN,NaN,NaN,NaN,NaN,NaN,NaN,NaN,NaN,NaN,1,NaN,35.90,36.10,NaN,NaN
883.21,35.78,33.26,36.00,20.00,AUTO,0,NaN,NaN,NaN,NaN,NaN,NaN,NaN,NaN,NaN,NaN,1,NaN,35.90,36.10,NaN,NaN
884.21,35.78,33.26,36.00,20.00,AUTO,0,NaN,NaN,NaN,NaN,NaN,NaN,NaN,NaN,NaN,NaN,1,NaN,35.90,36.10,NaN,NaN
885.21,35.79,33.26,36.00,20.00,AUTO,0,NaN,NaN,NaN,NaN,NaN,NaN,NaN,NaN,NaN,NaN,1,NaN,35.90,36.10,NaN,NaN
886.21,35.79,33.26,36.00,20.00,AUTO,0,NaN,NaN,NaN,NaN,NaN,NaN,NaN,NaN,NaN,NaN,1,NaN,35.90,36.10,NaN,NaN
887.21,35.80,33.26,36.00,20.00,AUTO,0,NaN,NaN,NaN,NaN,NaN,NaN,NaN,NaN,NaN,NaN,1,NaN,35.90,36.10,NaN,NaN
888.22,35.80,33.22,36.00,20.00,AUTO,0,NaN,NaN,NaN,NaN,NaN,NaN,NaN,NaN,NaN,NaN,1,NaN,35.90,36.10,NaN,NaN
889.22,35.81,33.24,36.00,20.00,AUTO,0,NaN,NaN,NaN,NaN,NaN,NaN,NaN,NaN,NaN,NaN,1,NaN,35.90,36.10,NaN,NaN
890.22,35.82,33.24,36.00,20.00,AUTO,0,NaN,NaN,NaN,NaN,NaN,NaN,NaN,NaN,NaN,NaN,1,NaN,35.90,36.10,NaN,NaN
891.22,35.83,33.24,36.00,20.00,AUTO,0,NaN,NaN,NaN,NaN,NaN,NaN,NaN,NaN,NaN,NaN,1,NaN,35.90,36.10,NaN,NaN
892.22,35.83,33.20,36.00,20.00,AUTO,0,NaN,NaN,NaN,NaN,NaN,NaN,NaN,NaN,NaN,NaN,1,NaN,35.90,36.10,NaN,NaN
893.23,35.84,33.20,36.00,20.00,AUTO,0,NaN,NaN,NaN,NaN,NaN,NaN,NaN,NaN,NaN,NaN,1,NaN,35.90,36.10,NaN,NaN
894.22,35.86,33.20,36.00,20.00,AUTO,0,NaN,NaN,NaN,NaN,NaN,NaN,NaN,NaN,NaN,NaN,1,NaN,35.90,36.10,NaN,NaN
895.23,35.88,33.20,36.00,20.00,AUTO,0,NaN,NaN,NaN,NaN,NaN,NaN,NaN,NaN,NaN,NaN,1,NaN,35.90,36.10,NaN,NaN
896.23,35.88,33.20,36.00,20.00,AUTO,0,NaN,NaN,NaN,NaN,NaN,NaN,NaN,NaN,NaN,NaN,1,NaN,35.90,36.10,NaN,NaN
897.23,35.90,33.20,36.00,20.00,AUTO,0,NaN,NaN,NaN,NaN,NaN,NaN,NaN,NaN,NaN,NaN,1,NaN,35.90,36.10,NaN,NaN
898.23,35.92,33.15,36.00,20.00,AUTO,0,NaN,NaN,NaN,NaN,NaN,NaN,NaN,NaN,NaN,NaN,1,NaN,35.90,36.10,NaN,NaN
899.23,35.94,33.15,36.00,20.00,AUTO,0,NaN,NaN,NaN,NaN,NaN,NaN,NaN,NaN,NaN,NaN,1,NaN,35.90,36.10,NaN,NaN
900.23,35.96,33.12,36.00,20.00,AUTO,0,NaN,NaN,NaN,NaN,NaN,NaN,NaN,NaN,NaN,NaN,1,NaN,35.90,36.10,NaN,NaN
901.24,35.97,33.08,36.00,20.00,AUTO,0,NaN,NaN,NaN,NaN,NaN,NaN,NaN,NaN,NaN,NaN,1,NaN,35.90,36.10,NaN,NaN
902.24,35.99,33.08,36.00,20.00,AUTO,0,NaN,NaN,NaN,NaN,NaN,NaN,NaN,NaN,NaN,NaN,1,NaN,35.90,36.10,NaN,NaN
903.24,36.01,33.05,36.00,20.00,AUTO,0,NaN,NaN,NaN,NaN,NaN,NaN,NaN,NaN,NaN,NaN,1,NaN,35.90,36.10,NaN,NaN
904.24,36.02,33.02,36.00,20.00,AUTO,0,NaN,NaN,NaN,NaN,NaN,NaN,NaN,NaN,NaN,NaN,1,NaN,35.90,36.10,NaN,NaN
905.24,36.03,33.02,36.00,20.00,AUTO,0,NaN,NaN,NaN,NaN,NaN,NaN,NaN,NaN,NaN,NaN,1,NaN,35.90,36.10,NaN,NaN
906.24,36.04,32.97,36.00,20.00,AUTO,0,NaN,NaN,NaN,NaN,NaN,NaN,NaN,NaN,NaN,NaN,1,NaN,35.90,36.10,NaN,NaN
907.25,36.08,32.97,36.00,20.00,AUTO,0,NaN,NaN,NaN,NaN,NaN,NaN,NaN,NaN,NaN,NaN,1,NaN,35.90,36.10,NaN,NaN
908.25,36.10,32.93,36.00,20.00,AUTO,0,NaN,NaN,NaN,NaN,NaN,NaN,NaN,NaN,NaN,NaN,1,NaN,35.90,36.10,NaN,NaN
909.25,36.12,32.89,36.00,20.00,AUTO,0,NaN,NaN,NaN,NaN,NaN,NaN,NaN,NaN,NaN,NaN,0,NaN,35.90,36.10,NaN,NaN
910.25,36.16,32.87,36.00,20.00,AUTO,0,NaN,NaN,NaN,NaN,NaN,NaN,NaN,NaN,NaN,NaN,0,NaN,35.90,36.10,NaN,NaN
911.25,36.18,32.83,36.00,20.00,AUTO,0,NaN,NaN,NaN,NaN,NaN,NaN,NaN,NaN,NaN,NaN,0,NaN,35.90,36.10,NaN,NaN
912.26,36.18,32.83,36.00,20.00,AUTO,0,NaN,NaN,NaN,NaN,NaN,NaN,NaN,NaN,NaN,NaN,0,NaN,35.90,36.10,NaN,NaN
913.25,36.19,32.79,36.00,20.00,AUTO,0,NaN,NaN,NaN,NaN,NaN,NaN,NaN,NaN,NaN,NaN,0,NaN,35.90,36.10,NaN,NaN
914.26,36.19,32.79,36.00,20.00,AUTO,0,NaN,NaN,NaN,NaN,NaN,NaN,NaN,NaN,NaN,NaN,0,NaN,35.90,36.10,NaN,NaN
915.26,36.21,32.79,36.00,20.00,AUTO,0,NaN,NaN,NaN,NaN,NaN,NaN,NaN,NaN,NaN,NaN,0,NaN,35.90,36.10,NaN,NaN
916.26,36.22,32.79,36.00,20.00,AUTO,0,NaN,NaN,NaN,NaN,NaN,NaN,NaN,NaN,NaN,NaN,0,NaN,35.90,36.10,NaN,NaN
917.26,36.21,32.75,36.00,20.00,AUTO,0,NaN,NaN,NaN,NaN,NaN,NaN,NaN,NaN,NaN,NaN,0,NaN,35.90,36.10,NaN,NaN
918.26,36.19,32.79,36.00,20.00,AUTO,0,NaN,NaN,NaN,NaN,NaN,NaN,NaN,NaN,NaN,NaN,0,NaN,35.90,36.10,NaN,NaN
919.26,36.19,32.79,36.00,20.00,AUTO,0,NaN,NaN,NaN,NaN,NaN,NaN,NaN,NaN,NaN,NaN,0,NaN,35.90,36.10,NaN,NaN
920.27,36.18,32.79,36.00,20.00,AUTO,0,NaN,NaN,NaN,NaN,NaN,NaN,NaN,NaN,NaN,NaN,0,NaN,35.90,36.10,NaN,NaN
921.27,36.18,32.79,36.00,20.00,AUTO,0,NaN,NaN,NaN,NaN,NaN,NaN,NaN,NaN,NaN,NaN,0,NaN,35.90,36.10,NaN,NaN
922.27,36.18,32.79,36.00,20.00,AUTO,0,NaN,NaN,NaN,NaN,NaN,NaN,NaN,NaN,NaN,NaN,0,NaN,35.90,36.10,NaN,NaN
923.27,36.17,32.79,36.00,20.00,AUTO,0,NaN,NaN,NaN,NaN,NaN,NaN,NaN,NaN,NaN,NaN,0,NaN,35.90,36.10,NaN,NaN
924.27,36.16,32.79,36.00,20.00,AUTO,0,NaN,NaN,NaN,NaN,NaN,NaN,NaN,NaN,NaN,NaN,0,NaN,35.90,36.10,NaN,NaN
925.27,36.15,32.79,36.00,20.00,AUTO,0,NaN,NaN,NaN,NaN,NaN,NaN,NaN,NaN,NaN,NaN,0,NaN,35.90,36.10,NaN,NaN
926.28,36.14,32.79,36.00,20.00,AUTO,0,NaN,NaN,NaN,NaN,NaN,NaN,NaN,NaN,NaN,NaN,0,NaN,35.90,36.10,NaN,NaN
927.27,36.13,32.79,36.00,20.00,AUTO,0,NaN,NaN,NaN,NaN,NaN,NaN,NaN,NaN,NaN,NaN,0,NaN,35.90,36.10,NaN,NaN
928.28,36.12,32.77,36.00,20.00,AUTO,0,NaN,NaN,NaN,NaN,NaN,NaN,NaN,NaN,NaN,NaN,0,NaN,35.90,36.10,NaN,NaN
929.28,36.12,32.81,36.00,20.00,AUTO,0,NaN,NaN,NaN,NaN,NaN,NaN,NaN,NaN,NaN,NaN,0,NaN,35.90,36.10,NaN,NaN
930.28,36.11,32.81,36.00,20.00,AUTO,0,NaN,NaN,NaN,NaN,NaN,NaN,NaN,NaN,NaN,NaN,0,NaN,35.90,36.10,NaN,NaN
931.28,36.10,32.85,36.00,20.00,AUTO,0,NaN,NaN,NaN,NaN,NaN,NaN,NaN,NaN,NaN,NaN,0,NaN,35.90,36.10,NaN,NaN
932.28,36.09,32.89,36.00,20.00,AUTO,0,NaN,NaN,NaN,NaN,NaN,NaN,NaN,NaN,NaN,NaN,0,NaN,35.90,36.10,NaN,NaN
933.29,36.08,32.89,36.00,20.00,AUTO,0,NaN,NaN,NaN,NaN,NaN,NaN,NaN,NaN,NaN,NaN,0,NaN,35.90,36.10,NaN,NaN
934.29,36.06,32.93,36.00,20.00,AUTO,0,NaN,NaN,NaN,NaN,NaN,NaN,NaN,NaN,NaN,NaN,0,NaN,35.90,36.10,NaN,NaN
935.29,36.04,32.93,36.00,20.00,AUTO,0,NaN,NaN,NaN,NaN,NaN,NaN,NaN,NaN,NaN,NaN,0,NaN,35.90,36.10,NaN,NaN
936.29,36.03,32.97,36.00,20.00,AUTO,0,NaN,NaN,NaN,NaN,NaN,NaN,NaN,NaN,NaN,NaN,0,NaN,35.90,36.10,NaN,NaN
937.29,36.01,32.97,36.00,20.00,AUTO,0,NaN,NaN,NaN,NaN,NaN,NaN,NaN,NaN,NaN,NaN,0,NaN,35.90,36.10,NaN,NaN
938.29,36.01,33.02,36.00,20.00,AUTO,0,NaN,NaN,NaN,NaN,NaN,NaN,NaN,NaN,NaN,NaN,0,NaN,35.90,36.10,NaN,NaN
939.30,36.00,32.99,36.00,20.00,AUTO,0,NaN,NaN,NaN,NaN,NaN,NaN,NaN,NaN,NaN,NaN,0,NaN,35.90,36.10,NaN,NaN
940.30,36.00,32.99,36.00,20.00,AUTO,0,NaN,NaN,NaN,NaN,NaN,NaN,NaN,NaN,NaN,NaN,0,NaN,35.90,36.10,NaN,NaN
941.30,35.98,33.08,36.00,20.00,AUTO,0,NaN,NaN,NaN,NaN,NaN,NaN,NaN,NaN,NaN,NaN,0,NaN,35.90,36.10,NaN,NaN
942.30,35.97,33.08,36.00,20.00,AUTO,0,NaN,NaN,NaN,NaN,NaN,NaN,NaN,NaN,NaN,NaN,0,NaN,35.90,36.10,NaN,NaN
943.30,35.95,33.12,36.00,20.00,AUTO,0,NaN,NaN,NaN,NaN,NaN,NaN,NaN,NaN,NaN,NaN,0,NaN,35.90,36.10,NaN,NaN
944.30,35.94,33.15,36.00,20.00,AUTO,0,NaN,NaN,NaN,NaN,NaN,NaN,NaN,NaN,NaN,NaN,0,NaN,35.90,36.10,NaN,NaN
945.30,35.92,33.20,36.00,20.00,AUTO,0,NaN,NaN,NaN,NaN,NaN,NaN,NaN,NaN,NaN,NaN,0,NaN,35.90,36.10,NaN,NaN
946.31,35.90,33.20,36.00,20.00,AUTO,0,NaN,NaN,NaN,NaN,NaN,NaN,NaN,NaN,NaN,NaN,0,NaN,35.90,36.10,NaN,NaN
947.31,35.89,33.20,36.00,20.00,AUTO,0,NaN,NaN,NaN,NaN,NaN,NaN,NaN,NaN,NaN,NaN,1,NaN,35.90,36.10,NaN,NaN
948.32,35.86,33.24,36.00,20.00,AUTO,0,NaN,NaN,NaN,NaN,NaN,NaN,NaN,NaN,NaN,NaN,1,NaN,35.90,36.10,NaN,NaN
949.31,35.83,33.24,36.00,20.00,AUTO,0,NaN,NaN,NaN,NaN,NaN,NaN,NaN,NaN,NaN,NaN,1,NaN,35.90,36.10,NaN,NaN
950.31,35.80,33.26,36.00,20.00,AUTO,0,NaN,NaN,NaN,NaN,NaN,NaN,NaN,NaN,NaN,NaN,1,NaN,35.90,36.10,NaN,NaN
951.31,35.79,33.26,36.00,20.00,AUTO,0,NaN,NaN,NaN,NaN,NaN,NaN,NaN,NaN,NaN,NaN,1,NaN,35.90,36.10,NaN,NaN
952.32,35.79,33.30,36.00,20.00,AUTO,0,NaN,NaN,NaN,NaN,NaN,NaN,NaN,NaN,NaN,NaN,1,NaN,35.90,36.10,NaN,NaN
953.32,35.78,33.30,36.00,20.00,AUTO,0,NaN,NaN,NaN,NaN,NaN,NaN,NaN,NaN,NaN,NaN,1,NaN,35.90,36.10,NaN,NaN
954.32,35.78,33.34,36.00,20.00,AUTO,0,NaN,NaN,NaN,NaN,NaN,NaN,NaN,NaN,NaN,NaN,1,NaN,35.90,36.10,NaN,NaN
955.32,35.78,33.34,36.00,20.00,AUTO,0,NaN,NaN,NaN,NaN,NaN,NaN,NaN,NaN,NaN,NaN,1,NaN,35.90,36.10,NaN,NaN
956.32,35.78,33.34,36.00,20.00,AUTO,0,NaN,NaN,NaN,NaN,NaN,NaN,NaN,NaN,NaN,NaN,1,NaN,35.90,36.10,NaN,NaN
957.32,35.78,33.34,36.00,20.00,AUTO,0,NaN,NaN,NaN,NaN,NaN,NaN,NaN,NaN,NaN,NaN,1,NaN,35.90,36.10,NaN,NaN
958.32,35.77,33.34,36.00,20.00,AUTO,0,NaN,NaN,NaN,NaN,NaN,NaN,NaN,NaN,NaN,NaN,1,NaN,35.90,36.10,NaN,NaN
959.32,35.77,33.34,36.00,20.00,AUTO,0,NaN,NaN,NaN,NaN,NaN,NaN,NaN,NaN,NaN,NaN,1,NaN,35.90,36.10,NaN,NaN
960.33,35.78,33.34,36.00,20.00,AUTO,0,NaN,NaN,NaN,NaN,NaN,NaN,NaN,NaN,NaN,NaN,1,NaN,35.90,36.10,NaN,NaN
961.33,35.78,33.34,36.00,20.00,AUTO,0,NaN,NaN,NaN,NaN,NaN,NaN,NaN,NaN,NaN,NaN,1,NaN,35.90,36.10,NaN,NaN
962.33,35.78,33.34,36.00,20.00,AUTO,0,NaN,NaN,NaN,NaN,NaN,NaN,NaN,NaN,NaN,NaN,1,NaN,35.90,36.10,NaN,NaN
963.33,35.79,33.34,36.00,20.00,AUTO,0,NaN,NaN,NaN,NaN,NaN,NaN,NaN,NaN,NaN,NaN,1,NaN,35.90,36.10,NaN,NaN
964.33,35.79,33.34,36.00,20.00,AUTO,0,NaN,NaN,NaN,NaN,NaN,NaN,NaN,NaN,NaN,NaN,1,NaN,35.90,36.10,NaN,NaN
965.34,35.79,33.34,36.00,20.00,AUTO,0,NaN,NaN,NaN,NaN,NaN,NaN,NaN,NaN,NaN,NaN,1,NaN,35.90,36.10,NaN,NaN
966.34,35.80,33.34,36.00,20.00,AUTO,0,NaN,NaN,NaN,NaN,NaN,NaN,NaN,NaN,NaN,NaN,1,NaN,35.90,36.10,NaN,NaN
967.34,35.81,33.36,36.00,20.00,AUTO,0,NaN,NaN,NaN,NaN,NaN,NaN,NaN,NaN,NaN,NaN,1,NaN,35.90,36.10,NaN,NaN
968.34,35.82,33.36,36.00,20.00,AUTO,0,NaN,NaN,NaN,NaN,NaN,NaN,NaN,NaN,NaN,NaN,1,NaN,35.90,36.10,NaN,NaN
969.34,35.83,33.36,36.00,20.00,AUTO,0,NaN,NaN,NaN,NaN,NaN,NaN,NaN,NaN,NaN,NaN,1,NaN,35.90,36.10,NaN,NaN
970.34,35.83,33.36,36.00,20.00,AUTO,0,NaN,NaN,NaN,NaN,NaN,NaN,NaN,NaN,NaN,NaN,1,NaN,35.90,36.10,NaN,NaN
971.35,35.85,33.36,36.00,20.00,AUTO,0,NaN,NaN,NaN,NaN,NaN,NaN,NaN,NaN,NaN,NaN,1,NaN,35.90,36.10,NaN,NaN
972.35,35.85,33.32,36.00,20.00,AUTO,0,NaN,NaN,NaN,NaN,NaN,NaN,NaN,NaN,NaN,NaN,1,NaN,35.90,36.10,NaN,NaN
973.35,35.87,33.32,36.00,20.00,AUTO,0,NaN,NaN,NaN,NaN,NaN,NaN,NaN,NaN,NaN,NaN,1,NaN,35.90,36.10,NaN,NaN
974.35,35.88,33.28,36.00,20.00,AUTO,0,NaN,NaN,NaN,NaN,NaN,NaN,NaN,NaN,NaN,NaN,1,NaN,35.90,36.10,NaN,NaN
975.35,35.89,33.28,36.00,20.00,AUTO,0,NaN,NaN,NaN,NaN,NaN,NaN,NaN,NaN,NaN,NaN,1,NaN,35.90,36.10,NaN,NaN
976.35,35.92,33.28,36.00,20.00,AUTO,0,NaN,NaN,NaN,NaN,NaN,NaN,NaN,NaN,NaN,NaN,1,NaN,35.90,36.10,NaN,NaN
977.35,35.93,33.24,36.00,20.00,AUTO,0,NaN,NaN,NaN,NaN,NaN,NaN,NaN,NaN,NaN,NaN,1,NaN,35.90,36.10,NaN,NaN
978.35,35.95,33.20,36.00,20.00,AUTO,0,NaN,NaN,NaN,NaN,NaN,NaN,NaN,NaN,NaN,NaN,1,NaN,35.90,36.10,NaN,NaN
979.36,35.96,33.20,36.00,20.00,AUTO,0,NaN,NaN,NaN,NaN,NaN,NaN,NaN,NaN,NaN,NaN,1,NaN,35.90,36.10,NaN,NaN
980.36,35.96,33.20,36.00,20.00,AUTO,0,NaN,NaN,NaN,NaN,NaN,NaN,NaN,NaN,NaN,NaN,1,NaN,35.90,36.10,NaN,NaN
981.36,35.97,33.20,36.00,20.00,AUTO,0,NaN,NaN,NaN,NaN,NaN,NaN,NaN,NaN,NaN,NaN,1,NaN,35.90,36.10,NaN,NaN
982.36,35.98,33.15,36.00,20.00,AUTO,0,NaN,NaN,NaN,NaN,NaN,NaN,NaN,NaN,NaN,NaN,1,NaN,35.90,36.10,NaN,NaN
983.36,36.00,33.15,36.00,20.00,AUTO,0,NaN,NaN,NaN,NaN,NaN,NaN,NaN,NaN,NaN,NaN,1,NaN,35.90,36.10,NaN,NaN
984.37,36.00,33.18,36.00,20.00,AUTO,0,NaN,NaN,NaN,NaN,NaN,NaN,NaN,NaN,NaN,NaN,1,NaN,35.90,36.10,NaN,NaN
985.37,36.02,33.13,36.00,20.00,AUTO,0,NaN,NaN,NaN,NaN,NaN,NaN,NaN,NaN,NaN,NaN,1,NaN,35.90,36.10,NaN,NaN
986.37,36.03,33.09,36.00,20.00,AUTO,0,NaN,NaN,NaN,NaN,NaN,NaN,NaN,NaN,NaN,NaN,1,NaN,35.90,36.10,NaN,NaN
987.37,36.04,33.09,36.00,20.00,AUTO,0,NaN,NaN,NaN,NaN,NaN,NaN,NaN,NaN,NaN,NaN,1,NaN,35.90,36.10,NaN,NaN
988.37,36.06,33.09,36.00,20.00,AUTO,0,NaN,NaN,NaN,NaN,NaN,NaN,NaN,NaN,NaN,NaN,1,NaN,35.90,36.10,NaN,NaN
989.37,36.06,33.09,36.00,20.00,AUTO,0,NaN,NaN,NaN,NaN,NaN,NaN,NaN,NaN,NaN,NaN,1,NaN,35.90,36.10,NaN,NaN
990.37,36.08,33.05,36.00,20.00,AUTO,0,NaN,NaN,NaN,NaN,NaN,NaN,NaN,NaN,NaN,NaN,1,NaN,35.90,36.10,NaN,NaN
991.37,36.09,33.02,36.00,20.00,AUTO,0,NaN,NaN,NaN,NaN,NaN,NaN,NaN,NaN,NaN,NaN,1,NaN,35.90,36.10,NaN,NaN
992.38,36.11,33.02,36.00,20.00,AUTO,0,NaN,NaN,NaN,NaN,NaN,NaN,NaN,NaN,NaN,NaN,0,NaN,35.90,36.10,NaN,NaN
993.38,36.14,33.03,36.00,20.00,AUTO,0,NaN,NaN,NaN,NaN,NaN,NaN,NaN,NaN,NaN,NaN,0,NaN,35.90,36.10,NaN,NaN
994.38,36.16,32.95,36.00,20.00,AUTO,0,NaN,NaN,NaN,NaN,NaN,NaN,NaN,NaN,NaN,NaN,0,NaN,35.90,36.10,NaN,NaN
995.38,36.16,32.95,36.00,20.00,AUTO,0,NaN,NaN,NaN,NaN,NaN,NaN,NaN,NaN,NaN,NaN,0,NaN,35.90,36.10,NaN,NaN
996.38,36.16,32.95,36.00,20.00,AUTO,0,NaN,NaN,NaN,NaN,NaN,NaN,NaN,NaN,NaN,NaN,0,NaN,35.90,36.10,NaN,NaN
997.39,36.16,32.95,36.00,20.00,AUTO,0,NaN,NaN,NaN,NaN,NaN,NaN,NaN,NaN,NaN,NaN,0,NaN,35.90,36.10,NaN,NaN
998.39,36.16,32.95,36.00,20.00,AUTO,0,NaN,NaN,NaN,NaN,NaN,NaN,NaN,NaN,NaN,NaN,0,NaN,35.90,36.10,NaN,NaN
999.39,36.16,32.91,36.00,20.00,AUTO,0,NaN,NaN,NaN,NaN,NaN,NaN,NaN,NaN,NaN,NaN,0,NaN,35.90,36.10,NaN,NaN
1000.39,36.16,32.91,36.00,20.00,AUTO,0,NaN,NaN,NaN,NaN,NaN,NaN,NaN,NaN,NaN,NaN,0,NaN,35.90,36.10,NaN,NaN
1001.39,36.16,32.91,36.00,20.00,AUTO,0,NaN,NaN,NaN,NaN,NaN,NaN,NaN,NaN,NaN,NaN,0,NaN,35.90,36.10,NaN,NaN
1002.39,36.16,32.91,36.00,20.00,AUTO,0,NaN,NaN,NaN,NaN,NaN,NaN,NaN,NaN,NaN,NaN,0,NaN,35.90,36.10,NaN,NaN
1003.40,36.16,32.91,36.00,20.00,AUTO,0,NaN,NaN,NaN,NaN,NaN,NaN,NaN,NaN,NaN,NaN,0,NaN,35.90,36.10,NaN,NaN
1004.39,36.15,32.91,36.00,20.00,AUTO,0,NaN,NaN,NaN,NaN,NaN,NaN,NaN,NaN,NaN,NaN,0,NaN,35.90,36.10,NaN,NaN
1005.40,36.14,32.95,36.00,20.00,AUTO,0,NaN,NaN,NaN,NaN,NaN,NaN,NaN,NaN,NaN,NaN,0,NaN,35.90,36.10,NaN,NaN
1006.40,36.14,32.95,36.00,20.00,AUTO,0,NaN,NaN,NaN,NaN,NaN,NaN,NaN,NaN,NaN,NaN,0,NaN,35.90,36.10,NaN,NaN
1007.40,36.14,32.95,36.00,20.00,AUTO,0,NaN,NaN,NaN,NaN,NaN,NaN,NaN,NaN,NaN,NaN,0,NaN,35.90,36.10,NaN,NaN
1008.40,36.13,32.93,36.00,20.00,AUTO,0,NaN,NaN,NaN,NaN,NaN,NaN,NaN,NaN,NaN,NaN,0,NaN,35.90,36.10,NaN,NaN
1009.40,36.12,32.93,36.00,20.00,AUTO,0,NaN,NaN,NaN,NaN,NaN,NaN,NaN,NaN,NaN,NaN,0,NaN,35.90,36.10,NaN,NaN
1010.40,36.11,32.93,36.00,20.00,AUTO,0,NaN,NaN,NaN,NaN,NaN,NaN,NaN,NaN,NaN,NaN,0,NaN,35.90,36.10,NaN,NaN
1011.41,36.10,32.97,36.00,20.00,AUTO,0,NaN,NaN,NaN,NaN,NaN,NaN,NaN,NaN,NaN,NaN,0,NaN,35.90,36.10,NaN,NaN
1012.41,36.09,32.97,36.00,20.00,AUTO,0,NaN,NaN,NaN,NaN,NaN,NaN,NaN,NaN,NaN,NaN,0,NaN,35.90,36.10,NaN,NaN
1013.41,36.08,33.02,36.00,20.00,AUTO,0,NaN,NaN,NaN,NaN,NaN,NaN,NaN,NaN,NaN,NaN,0,NaN,35.90,36.10,NaN,NaN
1014.41,36.06,33.02,36.00,20.00,AUTO,0,NaN,NaN,NaN,NaN,NaN,NaN,NaN,NaN,NaN,NaN,0,NaN,35.90,36.10,NaN,NaN
1015.41,36.06,33.05,36.00,20.00,AUTO,0,NaN,NaN,NaN,NaN,NaN,NaN,NaN,NaN,NaN,NaN,0,NaN,35.90,36.10,NaN,NaN
1016.41,36.03,33.09,36.00,20.00,AUTO,0,NaN,NaN,NaN,NaN,NaN,NaN,NaN,NaN,NaN,NaN,0,NaN,35.90,36.10,NaN,NaN
1017.42,36.02,33.09,36.00,20.00,AUTO,0,NaN,NaN,NaN,NaN,NaN,NaN,NaN,NaN,NaN,NaN,0,NaN,35.90,36.10,NaN,NaN
1018.42,36.01,33.13,36.00,20.00,AUTO,0,NaN,NaN,NaN,NaN,NaN,NaN,NaN,NaN,NaN,NaN,0,NaN,35.90,36.10,NaN,NaN
1019.42,36.01,33.18,36.00,20.00,AUTO,0,NaN,NaN,NaN,NaN,NaN,NaN,NaN,NaN,NaN,NaN,0,NaN,35.90,36.10,NaN,NaN
1020.42,36.00,33.15,36.00,20.00,AUTO,0,NaN,NaN,NaN,NaN,NaN,NaN,NaN,NaN,NaN,NaN,0,NaN,35.90,36.10,NaN,NaN
1021.42,35.99,33.20,36.00,20.00,AUTO,0,NaN,NaN,NaN,NaN,NaN,NaN,NaN,NaN,NaN,NaN,0,NaN,35.90,36.10,NaN,NaN
1022.42,35.98,33.20,36.00,20.00,AUTO,0,NaN,NaN,NaN,NaN,NaN,NaN,NaN,NaN,NaN,NaN,0,NaN,35.90,36.10,NaN,NaN
1023.42,35.96,33.20,36.00,20.00,AUTO,0,NaN,NaN,NaN,NaN,NaN,NaN,NaN,NaN,NaN,NaN,0,NaN,35.90,36.10,NaN,NaN
1024.43,35.95,33.24,36.00,20.00,AUTO,0,NaN,NaN,NaN,NaN,NaN,NaN,NaN,NaN,NaN,NaN,0,NaN,35.90,36.10,NaN,NaN
1025.43,35.94,33.24,36.00,20.00,AUTO,0,NaN,NaN,NaN,NaN,NaN,NaN,NaN,NaN,NaN,NaN,0,NaN,35.90,36.10,NaN,NaN
1026.43,35.92,33.28,36.00,20.00,AUTO,0,NaN,NaN,NaN,NaN,NaN,NaN,NaN,NaN,NaN,NaN,0,NaN,35.90,36.10,NaN,NaN
1027.43,35.90,33.28,36.00,20.00,AUTO,0,NaN,NaN,NaN,NaN,NaN,NaN,NaN,NaN,NaN,NaN,0,NaN,35.90,36.10,NaN,NaN
1028.43,35.89,33.32,36.00,20.00,AUTO,0,NaN,NaN,NaN,NaN,NaN,NaN,NaN,NaN,NaN,NaN,1,NaN,35.90,36.10,NaN,NaN
1029.43,35.86,33.36,36.00,20.00,AUTO,0,NaN,NaN,NaN,NaN,NaN,NaN,NaN,NaN,NaN,NaN,1,NaN,35.90,36.10,NaN,NaN
1030.44,35.83,33.36,36.00,20.00,AUTO,0,NaN,NaN,NaN,NaN,NaN,NaN,NaN,NaN,NaN,NaN,1,NaN,35.90,36.10,NaN,NaN
1031.44,35.81,33.38,36.00,20.00,AUTO,0,NaN,NaN,NaN,NaN,NaN,NaN,NaN,NaN,NaN,NaN,1,NaN,35.90,36.10,NaN,NaN
1032.44,35.79,33.38,36.00,20.00,AUTO,0,NaN,NaN,NaN,NaN,NaN,NaN,NaN,NaN,NaN,NaN,1,NaN,35.90,36.10,NaN,NaN
1033.44,35.79,33.42,36.00,20.00,AUTO,0,NaN,NaN,NaN,NaN,NaN,NaN,NaN,NaN,NaN,NaN,1,NaN,35.90,36.10,NaN,NaN
1034.44,35.79,33.42,36.00,20.00,AUTO,0,NaN,NaN,NaN,NaN,NaN,NaN,NaN,NaN,NaN,NaN,1,NaN,35.90,36.10,NaN,NaN
1035.45,35.79,33.42,36.00,20.00,AUTO,0,NaN,NaN,NaN,NaN,NaN,NaN,NaN,NaN,NaN,NaN,1,NaN,35.90,36.10,NaN,NaN
1036.44,35.81,33.44,36.00,20.00,AUTO,0,NaN,NaN,NaN,NaN,NaN,NaN,NaN,NaN,NaN,NaN,1,NaN,35.90,36.10,NaN,NaN
1037.45,35.79,33.42,36.00,20.00,AUTO,0,NaN,NaN,NaN,NaN,NaN,NaN,NaN,NaN,NaN,NaN,1,NaN,35.90,36.10,NaN,NaN
1038.45,35.79,33.42,36.00,20.00,AUTO,0,NaN,NaN,NaN,NaN,NaN,NaN,NaN,NaN,NaN,NaN,1,NaN,35.90,36.10,NaN,NaN
1039.45,35.79,33.42,36.00,20.00,AUTO,0,NaN,NaN,NaN,NaN,NaN,NaN,NaN,NaN,NaN,NaN,1,NaN,35.90,36.10,NaN,NaN
1040.45,35.80,33.42,36.00,20.00,AUTO,0,NaN,NaN,NaN,NaN,NaN,NaN,NaN,NaN,NaN,NaN,1,NaN,35.90,36.10,NaN,NaN
1041.45,35.80,33.42,36.00,20.00,AUTO,0,NaN,NaN,NaN,NaN,NaN,NaN,NaN,NaN,NaN,NaN,1,NaN,35.90,36.10,NaN,NaN
1042.45,35.80,33.42,36.00,20.00,AUTO,0,NaN,NaN,NaN,NaN,NaN,NaN,NaN,NaN,NaN,NaN,1,NaN,35.90,36.10,NaN,NaN
1043.46,35.80,33.46,36.00,20.00,AUTO,0,NaN,NaN,NaN,NaN,NaN,NaN,NaN,NaN,NaN,NaN,1,NaN,35.90,36.10,NaN,NaN
1044.46,35.81,33.46,36.00,20.00,AUTO,0,NaN,NaN,NaN,NaN,NaN,NaN,NaN,NaN,NaN,NaN,1,NaN,35.90,36.10,NaN,NaN
1045.46,35.81,33.48,36.00,20.00,AUTO,0,NaN,NaN,NaN,NaN,NaN,NaN,NaN,NaN,NaN,NaN,1,NaN,35.90,36.10,NaN,NaN
1046.46,35.81,33.44,36.00,20.00,AUTO,0,NaN,NaN,NaN,NaN,NaN,NaN,NaN,NaN,NaN,NaN,1,NaN,35.90,36.10,NaN,NaN
1047.46,35.82,33.44,36.00,20.00,AUTO,0,NaN,NaN,NaN,NaN,NaN,NaN,NaN,NaN,NaN,NaN,1,NaN,35.90,36.10,NaN,NaN
1048.46,35.83,33.44,36.00,20.00,AUTO,0,NaN,NaN,NaN,NaN,NaN,NaN,NaN,NaN,NaN,NaN,1,NaN,35.90,36.10,NaN,NaN
1049.47,35.83,33.44,36.00,20.00,AUTO,0,NaN,NaN,NaN,NaN,NaN,NaN,NaN,NaN,NaN,NaN,1,NaN,35.90,36.10,NaN,NaN
1050.47,35.85,33.44,36.00,20.00,AUTO,0,NaN,NaN,NaN,NaN,NaN,NaN,NaN,NaN,NaN,NaN,1,NaN,35.90,36.10,NaN,NaN
1051.47,35.86,33.44,36.00,20.00,AUTO,0,NaN,NaN,NaN,NaN,NaN,NaN,NaN,NaN,NaN,NaN,1,NaN,35.90,36.10,NaN,NaN
1052.47,35.87,33.40,36.00,20.00,AUTO,0,NaN,NaN,NaN,NaN,NaN,NaN,NaN,NaN,NaN,NaN,1,NaN,35.90,36.10,NaN,NaN
1053.47,35.87,33.40,36.00,20.00,AUTO,0,NaN,NaN,NaN,NaN,NaN,NaN,NaN,NaN,NaN,NaN,1,NaN,35.90,36.10,NaN,NaN
1054.47,35.87,33.40,36.00,20.00,AUTO,0,NaN,NaN,NaN,NaN,NaN,NaN,NaN,NaN,NaN,NaN,1,NaN,35.90,36.10,NaN,NaN
1055.47,35.88,33.40,36.00,20.00,AUTO,0,NaN,NaN,NaN,NaN,NaN,NaN,NaN,NaN,NaN,NaN,1,NaN,35.90,36.10,NaN,NaN
1056.48,35.89,33.36,36.00,20.00,AUTO,0,NaN,NaN,NaN,NaN,NaN,NaN,NaN,NaN,NaN,NaN,1,NaN,35.90,36.10,NaN,NaN
1057.48,35.90,33.36,36.00,20.00,AUTO,0,NaN,NaN,NaN,NaN,NaN,NaN,NaN,NaN,NaN,NaN,1,NaN,35.90,36.10,NaN,NaN
1058.48,35.92,33.36,36.00,20.00,AUTO,0,NaN,NaN,NaN,NaN,NaN,NaN,NaN,NaN,NaN,NaN,1,NaN,35.90,36.10,NaN,NaN
1059.48,35.94,33.36,36.00,20.00,AUTO,0,NaN,NaN,NaN,NaN,NaN,NaN,NaN,NaN,NaN,NaN,1,NaN,35.90,36.10,NaN,NaN
1060.48,35.96,33.32,36.00,20.00,AUTO,0,NaN,NaN,NaN,NaN,NaN,NaN,NaN,NaN,NaN,NaN,1,NaN,35.90,36.10,NaN,NaN
1061.48,35.96,33.28,36.00,20.00,AUTO,0,NaN,NaN,NaN,NaN,NaN,NaN,NaN,NaN,NaN,NaN,1,NaN,35.90,36.10,NaN,NaN
1062.49,35.98,33.28,36.00,20.00,AUTO,0,NaN,NaN,NaN,NaN,NaN,NaN,NaN,NaN,NaN,NaN,1,NaN,35.90,36.10,NaN,NaN
1063.49,35.98,33.28,36.00,20.00,AUTO,0,NaN,NaN,NaN,NaN,NaN,NaN,NaN,NaN,NaN,NaN,1,NaN,35.90,36.10,NaN,NaN
1064.49,36.00,33.25,36.00,20.00,AUTO,0,NaN,NaN,NaN,NaN,NaN,NaN,NaN,NaN,NaN,NaN,1,NaN,35.90,36.10,NaN,NaN
1065.49,36.01,33.22,36.00,20.00,AUTO,0,NaN,NaN,NaN,NaN,NaN,NaN,NaN,NaN,NaN,NaN,1,NaN,35.90,36.10,NaN,NaN
1066.49,36.02,33.22,36.00,20.00,AUTO,0,NaN,NaN,NaN,NaN,NaN,NaN,NaN,NaN,NaN,NaN,1,NaN,35.90,36.10,NaN,NaN
1067.49,36.03,33.22,36.00,20.00,AUTO,0,NaN,NaN,NaN,NaN,NaN,NaN,NaN,NaN,NaN,NaN,1,NaN,35.90,36.10,NaN,NaN
1068.50,36.06,33.22,36.00,20.00,AUTO,0,NaN,NaN,NaN,NaN,NaN,NaN,NaN,NaN,NaN,NaN,1,NaN,35.90,36.10,NaN,NaN
1069.49,36.08,33.18,36.00,20.00,AUTO,0,NaN,NaN,NaN,NaN,NaN,NaN,NaN,NaN,NaN,NaN,1,NaN,35.90,36.10,NaN,NaN
1070.50,36.10,33.18,36.00,20.00,AUTO,0,NaN,NaN,NaN,NaN,NaN,NaN,NaN,NaN,NaN,NaN,1,NaN,35.90,36.10,NaN,NaN
1071.50,36.12,33.13,36.00,20.00,AUTO,0,NaN,NaN,NaN,NaN,NaN,NaN,NaN,NaN,NaN,NaN,0,NaN,35.90,36.10,NaN,NaN
1072.50,36.14,33.11,36.00,20.00,AUTO,0,NaN,NaN,NaN,NaN,NaN,NaN,NaN,NaN,NaN,NaN,0,NaN,35.90,36.10,NaN,NaN
1073.50,36.15,33.11,36.00,20.00,AUTO,0,NaN,NaN,NaN,NaN,NaN,NaN,NaN,NaN,NaN,NaN,0,NaN,35.90,36.10,NaN,NaN
1074.50,36.16,33.07,36.00,20.00,AUTO,0,NaN,NaN,NaN,NaN,NaN,NaN,NaN,NaN,NaN,NaN,0,NaN,35.90,36.10,NaN,NaN
1075.51,36.17,33.07,36.00,20.00,AUTO,0,NaN,NaN,NaN,NaN,NaN,NaN,NaN,NaN,NaN,NaN,0,NaN,35.90,36.10,NaN,NaN
1076.51,36.17,33.03,36.00,20.00,AUTO,0,NaN,NaN,NaN,NaN,NaN,NaN,NaN,NaN,NaN,NaN,0,NaN,35.90,36.10,NaN,NaN
1077.51,36.16,33.03,36.00,20.00,AUTO,0,NaN,NaN,NaN,NaN,NaN,NaN,NaN,NaN,NaN,NaN,0,NaN,35.90,36.10,NaN,NaN
1078.51,36.17,33.03,36.00,20.00,AUTO,0,NaN,NaN,NaN,NaN,NaN,NaN,NaN,NaN,NaN,NaN,0,NaN,35.90,36.10,NaN,NaN
1079.51,36.16,33.03,36.00,20.00,AUTO,0,NaN,NaN,NaN,NaN,NaN,NaN,NaN,NaN,NaN,NaN,0,NaN,35.90,36.10,NaN,NaN
1080.51,36.16,33.03,36.00,20.00,AUTO,0,NaN,NaN,NaN,NaN,NaN,NaN,NaN,NaN,NaN,NaN,0,NaN,35.90,36.10,NaN,NaN
1081.52,36.16,33.03,36.00,20.00,AUTO,0,NaN,NaN,NaN,NaN,NaN,NaN,NaN,NaN,NaN,NaN,0,NaN,35.90,36.10,NaN,NaN
1082.52,36.15,33.03,36.00,20.00,AUTO,0,NaN,NaN,NaN,NaN,NaN,NaN,NaN,NaN,NaN,NaN,0,NaN,35.90,36.10,NaN,NaN
1083.52,36.15,33.03,36.00,20.00,AUTO,0,NaN,NaN,NaN,NaN,NaN,NaN,NaN,NaN,NaN,NaN,0,NaN,35.90,36.10,NaN,NaN
1084.52,36.15,33.03,36.00,20.00,AUTO,0,NaN,NaN,NaN,NaN,NaN,NaN,NaN,NaN,NaN,NaN,0,NaN,35.90,36.10,NaN,NaN
1085.52,36.14,33.03,36.00,20.00,AUTO,0,NaN,NaN,NaN,NaN,NaN,NaN,NaN,NaN,NaN,NaN,0,NaN,35.90,36.10,NaN,NaN
1086.53,36.14,33.03,36.00,20.00,AUTO,0,NaN,NaN,NaN,NaN,NaN,NaN,NaN,NaN,NaN,NaN,0,NaN,35.90,36.10,NaN,NaN
1087.52,36.13,33.03,36.00,20.00,AUTO,0,NaN,NaN,NaN,NaN,NaN,NaN,NaN,NaN,NaN,NaN,0,NaN,35.90,36.10,NaN,NaN
1088.53,36.12,33.05,36.00,20.00,AUTO,0,NaN,NaN,NaN,NaN,NaN,NaN,NaN,NaN,NaN,NaN,0,NaN,35.90,36.10,NaN,NaN
1089.53,36.11,33.05,36.00,20.00,AUTO,0,NaN,NaN,NaN,NaN,NaN,NaN,NaN,NaN,NaN,NaN,0,NaN,35.90,36.10,NaN,NaN
1090.53,36.10,33.05,36.00,20.00,AUTO,0,NaN,NaN,NaN,NaN,NaN,NaN,NaN,NaN,NaN,NaN,0,NaN,35.90,36.10,NaN,NaN
1091.53,36.09,33.09,36.00,20.00,AUTO,0,NaN,NaN,NaN,NaN,NaN,NaN,NaN,NaN,NaN,NaN,0,NaN,35.90,36.10,NaN,NaN
1092.53,36.08,33.09,36.00,20.00,AUTO,0,NaN,NaN,NaN,NaN,NaN,NaN,NaN,NaN,NaN,NaN,0,NaN,35.90,36.10,NaN,NaN
1093.53,36.08,33.09,36.00,20.00,AUTO,0,NaN,NaN,NaN,NaN,NaN,NaN,NaN,NaN,NaN,NaN,0,NaN,35.90,36.10,NaN,NaN
1094.54,36.07,33.13,36.00,20.00,AUTO,0,NaN,NaN,NaN,NaN,NaN,NaN,NaN,NaN,NaN,NaN,0,NaN,35.90,36.10,NaN,NaN
1095.54,36.06,33.18,36.00,20.00,AUTO,0,NaN,NaN,NaN,NaN,NaN,NaN,NaN,NaN,NaN,NaN,0,NaN,35.90,36.10,NaN,NaN
1096.54,36.04,33.22,36.00,20.00,AUTO,0,NaN,NaN,NaN,NaN,NaN,NaN,NaN,NaN,NaN,NaN,0,NaN,35.90,36.10,NaN,NaN
1097.54,36.03,33.22,36.00,20.00,AUTO,0,NaN,NaN,NaN,NaN,NaN,NaN,NaN,NaN,NaN,NaN,0,NaN,35.90,36.10,NaN,NaN
1098.54,36.01,33.22,36.00,20.00,AUTO,0,NaN,NaN,NaN,NaN,NaN,NaN,NaN,NaN,NaN,NaN,0,NaN,35.90,36.10,NaN,NaN
1099.54,36.01,33.22,36.00,20.00,AUTO,0,NaN,NaN,NaN,NaN,NaN,NaN,NaN,NaN,NaN,NaN,0,NaN,35.90,36.10,NaN,NaN
1100.54,36.00,33.25,36.00,20.00,AUTO,0,NaN,NaN,NaN,NaN,NaN,NaN,NaN,NaN,NaN,NaN,0,NaN,35.90,36.10,NaN,NaN
1101.54,35.99,33.24,36.00,20.00,AUTO,0,NaN,NaN,NaN,NaN,NaN,NaN,NaN,NaN,NaN,NaN,0,NaN,35.90,36.10,NaN,NaN
1102.55,35.98,33.24,36.00,20.00,AUTO,0,NaN,NaN,NaN,NaN,NaN,NaN,NaN,NaN,NaN,NaN,0,NaN,35.90,36.10,NaN,NaN
1103.55,35.96,33.28,36.00,20.00,AUTO,0,NaN,NaN,NaN,NaN,NaN,NaN,NaN,NaN,NaN,NaN,0,NaN,35.90,36.10,NaN,NaN
1104.55,35.95,33.28,36.00,20.00,AUTO,0,NaN,NaN,NaN,NaN,NaN,NaN,NaN,NaN,NaN,NaN,0,NaN,35.90,36.10,NaN,NaN
1105.55,35.94,33.28,36.00,20.00,AUTO,0,NaN,NaN,NaN,NaN,NaN,NaN,NaN,NaN,NaN,NaN,0,NaN,35.90,36.10,NaN,NaN
1106.55,35.92,33.32,36.00,20.00,AUTO,0,NaN,NaN,NaN,NaN,NaN,NaN,NaN,NaN,NaN,NaN,0,NaN,35.90,36.10,NaN,NaN
1107.55,35.90,33.36,36.00,20.00,AUTO,0,NaN,NaN,NaN,NaN,NaN,NaN,NaN,NaN,NaN,NaN,0,NaN,35.90,36.10,NaN,NaN
1108.56,35.89,33.36,36.00,20.00,AUTO,0,NaN,NaN,NaN,NaN,NaN,NaN,NaN,NaN,NaN,NaN,1,NaN,35.90,36.10,NaN,NaN
1109.56,35.87,33.40,36.00,20.00,AUTO,0,NaN,NaN,NaN,NaN,NaN,NaN,NaN,NaN,NaN,NaN,1,NaN,35.90,36.10,NaN,NaN
1110.56,35.84,33.44,36.00,20.00,AUTO,0,NaN,NaN,NaN,NaN,NaN,NaN,NaN,NaN,NaN,NaN,1,NaN,35.90,36.10,NaN,NaN
1111.56,35.81,33.51,36.00,20.00,AUTO,0,NaN,NaN,NaN,NaN,NaN,NaN,NaN,NaN,NaN,NaN,1,NaN,35.90,36.10,NaN,NaN
1112.56,35.79,33.51,36.00,20.00,AUTO,0,NaN,NaN,NaN,NaN,NaN,NaN,NaN,NaN,NaN,NaN,1,NaN,35.90,36.10,NaN,NaN
1113.57,35.79,33.54,36.00,20.00,AUTO,0,NaN,NaN,NaN,NaN,NaN,NaN,NaN,NaN,NaN,NaN,1,NaN,35.90,36.10,NaN,NaN
1114.56,35.78,33.54,36.00,20.00,AUTO,0,NaN,NaN,NaN,NaN,NaN,NaN,NaN,NaN,NaN,NaN,1,NaN,35.90,36.10,NaN,NaN
1115.57,35.77,33.54,36.00,20.00,AUTO,0,NaN,NaN,NaN,NaN,NaN,NaN,NaN,NaN,NaN,NaN,1,NaN,35.90,36.10,NaN,NaN
1116.57,35.79,33.58,36.00,20.00,AUTO,0,NaN,NaN,NaN,NaN,NaN,NaN,NaN,NaN,NaN,NaN,1,NaN,35.90,36.10,NaN,NaN
1117.57,35.79,33.58,36.00,20.00,AUTO,0,NaN,NaN,NaN,NaN,NaN,NaN,NaN,NaN,NaN,NaN,1,NaN,35.90,36.10,NaN,NaN
1118.57,35.79,33.58,36.00,20.00,AUTO,0,NaN,NaN,NaN,NaN,NaN,NaN,NaN,NaN,NaN,NaN,1,NaN,35.90,36.10,NaN,NaN
1119.57,35.78,33.58,36.00,20.00,AUTO,0,NaN,NaN,NaN,NaN,NaN,NaN,NaN,NaN,NaN,NaN,1,NaN,35.90,36.10,NaN,NaN
1120.57,35.78,33.58,36.00,20.00,AUTO,0,NaN,NaN,NaN,NaN,NaN,NaN,NaN,NaN,NaN,NaN,1,NaN,35.90,36.10,NaN,NaN
1121.58,35.78,33.58,36.00,20.00,AUTO,0,NaN,NaN,NaN,NaN,NaN,NaN,NaN,NaN,NaN,NaN,1,NaN,35.90,36.10,NaN,NaN
1122.58,35.79,33.58,36.00,20.00,AUTO,0,NaN,NaN,NaN,NaN,NaN,NaN,NaN,NaN,NaN,NaN,1,NaN,35.90,36.10,NaN,NaN
1123.58,35.79,33.58,36.00,20.00,AUTO,0,NaN,NaN,NaN,NaN,NaN,NaN,NaN,NaN,NaN,NaN,1,NaN,35.90,36.10,NaN,NaN
1124.58,35.79,33.58,36.00,20.00,AUTO,0,NaN,NaN,NaN,NaN,NaN,NaN,NaN,NaN,NaN,NaN,1,NaN,35.90,36.10,NaN,NaN
1125.58,35.80,33.58,36.00,20.00,AUTO,0,NaN,NaN,NaN,NaN,NaN,NaN,NaN,NaN,NaN,NaN,1,NaN,35.90,36.10,NaN,NaN
1126.59,35.80,33.58,36.00,20.00,AUTO,0,NaN,NaN,NaN,NaN,NaN,NaN,NaN,NaN,NaN,NaN,1,NaN,35.90,36.10,NaN,NaN
1127.59,35.81,33.60,36.00,20.00,AUTO,0,NaN,NaN,NaN,NaN,NaN,NaN,NaN,NaN,NaN,NaN,1,NaN,35.90,36.10,NaN,NaN
1128.59,35.81,33.58,36.00,20.00,AUTO,0,NaN,NaN,NaN,NaN,NaN,NaN,NaN,NaN,NaN,NaN,1,NaN,35.90,36.10,NaN,NaN
1129.59,35.82,33.60,36.00,20.00,AUTO,0,NaN,NaN,NaN,NaN,NaN,NaN,NaN,NaN,NaN,NaN,1,NaN,35.90,36.10,NaN,NaN
1130.59,35.82,33.60,36.00,20.00,AUTO,0,NaN,NaN,NaN,NaN,NaN,NaN,NaN,NaN,NaN,NaN,1,NaN,35.90,36.10,NaN,NaN
1131.59,35.83,33.56,36.00,20.00,AUTO,0,NaN,NaN,NaN,NaN,NaN,NaN,NaN,NaN,NaN,NaN,1,NaN,35.90,36.10,NaN,NaN
1132.60,35.84,33.56,36.00,20.00,AUTO,0,NaN,NaN,NaN,NaN,NaN,NaN,NaN,NaN,NaN,NaN,1,NaN,35.90,36.10,NaN,NaN
1133.59,35.85,33.56,36.00,20.00,AUTO,0,NaN,NaN,NaN,NaN,NaN,NaN,NaN,NaN,NaN,NaN,1,NaN,35.90,36.10,NaN,NaN
1134.60,35.86,33.52,36.00,20.00,AUTO,0,NaN,NaN,NaN,NaN,NaN,NaN,NaN,NaN,NaN,NaN,1,NaN,35.90,36.10,NaN,NaN
1135.60,35.87,33.52,36.00,20.00,AUTO,0,NaN,NaN,NaN,NaN,NaN,NaN,NaN,NaN,NaN,NaN,1,NaN,35.90,36.10,NaN,NaN
1136.60,35.89,33.52,36.00,20.00,AUTO,0,NaN,NaN,NaN,NaN,NaN,NaN,NaN,NaN,NaN,NaN,1,NaN,35.90,36.10,NaN,NaN
1137.60,35.89,33.48,36.00,20.00,AUTO,0,NaN,NaN,NaN,NaN,NaN,NaN,NaN,NaN,NaN,NaN,1,NaN,35.90,36.10,NaN,NaN
1138.60,35.92,33.48,36.00,20.00,AUTO,0,NaN,NaN,NaN,NaN,NaN,NaN,NaN,NaN,NaN,NaN,1,NaN,35.90,36.10,NaN,NaN
1139.60,35.93,33.44,36.00,20.00,AUTO,0,NaN,NaN,NaN,NaN,NaN,NaN,NaN,NaN,NaN,NaN,1,NaN,35.90,36.10,NaN,NaN
1140.61,35.94,33.44,36.00,20.00,AUTO,0,NaN,NaN,NaN,NaN,NaN,NaN,NaN,NaN,NaN,NaN,1,NaN,35.90,36.10,NaN,NaN
1141.61,35.96,33.40,36.00,20.00,AUTO,0,NaN,NaN,NaN,NaN,NaN,NaN,NaN,NaN,NaN,NaN,1,NaN,35.90,36.10,NaN,NaN
1142.61,35.97,33.40,36.00,20.00,AUTO,0,NaN,NaN,NaN,NaN,NaN,NaN,NaN,NaN,NaN,NaN,1,NaN,35.90,36.10,NaN,NaN
1143.61,35.98,33.36,36.00,20.00,AUTO,0,NaN,NaN,NaN,NaN,NaN,NaN,NaN,NaN,NaN,NaN,1,NaN,35.90,36.10,NaN,NaN
1144.61,36.00,33.38,36.00,20.00,AUTO,0,NaN,NaN,NaN,NaN,NaN,NaN,NaN,NaN,NaN,NaN,1,NaN,35.90,36.10,NaN,NaN
1145.62,36.01,33.38,36.00,20.00,AUTO,0,NaN,NaN,NaN,NaN,NaN,NaN,NaN,NaN,NaN,NaN,1,NaN,35.90,36.10,NaN,NaN
1146.62,36.02,33.34,36.00,20.00,AUTO,0,NaN,NaN,NaN,NaN,NaN,NaN,NaN,NaN,NaN,NaN,1,NaN,35.90,36.10,NaN,NaN
1147.62,36.03,33.30,36.00,20.00,AUTO,0,NaN,NaN,NaN,NaN,NaN,NaN,NaN,NaN,NaN,NaN,1,NaN,35.90,36.10,NaN,NaN
1148.62,36.06,33.30,36.00,20.00,AUTO,0,NaN,NaN,NaN,NaN,NaN,NaN,NaN,NaN,NaN,NaN,1,NaN,35.90,36.10,NaN,NaN
1149.62,36.07,33.25,36.00,20.00,AUTO,0,NaN,NaN,NaN,NaN,NaN,NaN,NaN,NaN,NaN,NaN,1,NaN,35.90,36.10,NaN,NaN
1150.62,36.09,33.22,36.00,20.00,AUTO,0,NaN,NaN,NaN,NaN,NaN,NaN,NaN,NaN,NaN,NaN,1,NaN,35.90,36.10,NaN,NaN
1151.62,36.10,33.22,36.00,20.00,AUTO,0,NaN,NaN,NaN,NaN,NaN,NaN,NaN,NaN,NaN,NaN,1,NaN,35.90,36.10,NaN,NaN
1152.63,36.13,33.22,36.00,20.00,AUTO,0,NaN,NaN,NaN,NaN,NaN,NaN,NaN,NaN,NaN,NaN,0,NaN,35.90,36.10,NaN,NaN
1153.63,36.15,33.19,36.00,20.00,AUTO,0,NaN,NaN,NaN,NaN,NaN,NaN,NaN,NaN,NaN,NaN,0,NaN,35.90,36.10,NaN,NaN
1154.63,36.17,33.19,36.00,20.00,AUTO,0,NaN,NaN,NaN,NaN,NaN,NaN,NaN,NaN,NaN,NaN,0,NaN,35.90,36.10,NaN,NaN
1155.63,36.17,33.15,36.00,20.00,AUTO,0,NaN,NaN,NaN,NaN,NaN,NaN,NaN,NaN,NaN,NaN,0,NaN,35.90,36.10,NaN,NaN
1156.63,36.18,33.15,36.00,20.00,AUTO,0,NaN,NaN,NaN,NaN,NaN,NaN,NaN,NaN,NaN,NaN,0,NaN,35.90,36.10,NaN,NaN
1157.63,36.21,33.11,36.00,20.00,AUTO,0,NaN,NaN,NaN,NaN,NaN,NaN,NaN,NaN,NaN,NaN,0,NaN,35.90,36.10,NaN,NaN
1158.63,36.21,33.11,36.00,20.00,AUTO,0,NaN,NaN,NaN,NaN,NaN,NaN,NaN,NaN,NaN,NaN,0,NaN,35.90,36.10,NaN,NaN
1159.64,36.22,33.11,36.00,20.00,AUTO,0,NaN,NaN,NaN,NaN,NaN,NaN,NaN,NaN,NaN,NaN,0,NaN,35.90,36.10,NaN,NaN
1160.63,36.22,33.07,36.00,20.00,AUTO,0,NaN,NaN,NaN,NaN,NaN,NaN,NaN,NaN,NaN,NaN,0,NaN,35.90,36.10,NaN,NaN
1161.64,36.21,33.07,36.00,20.00,AUTO,0,NaN,NaN,NaN,NaN,NaN,NaN,NaN,NaN,NaN,NaN,0,NaN,35.90,36.10,NaN,NaN
1162.64,36.21,33.07,36.00,20.00,AUTO,0,NaN,NaN,NaN,NaN,NaN,NaN,NaN,NaN,NaN,NaN,0,NaN,35.90,36.10,NaN,NaN
1163.64,36.21,33.07,36.00,20.00,AUTO,0,NaN,NaN,NaN,NaN,NaN,NaN,NaN,NaN,NaN,NaN,0,NaN,35.90,36.10,NaN,NaN
1164.64,36.19,33.07,36.00,20.00,AUTO,0,NaN,NaN,NaN,NaN,NaN,NaN,NaN,NaN,NaN,NaN,0,NaN,35.90,36.10,NaN,NaN
1165.65,36.19,33.07,36.00,20.00,AUTO,0,NaN,NaN,NaN,NaN,NaN,NaN,NaN,NaN,NaN,NaN,0,NaN,35.90,36.10,NaN,NaN
1166.65,36.18,33.11,36.00,20.00,AUTO,0,NaN,NaN,NaN,NaN,NaN,NaN,NaN,NaN,NaN,NaN,0,NaN,35.90,36.10,NaN,NaN
1167.65,36.17,33.11,36.00,20.00,AUTO,0,NaN,NaN,NaN,NaN,NaN,NaN,NaN,NaN,NaN,NaN,0,NaN,35.90,36.10,NaN,NaN
1168.65,36.17,33.11,36.00,20.00,AUTO,0,NaN,NaN,NaN,NaN,NaN,NaN,NaN,NaN,NaN,NaN,0,NaN,35.90,36.10,NaN,NaN
1169.65,36.16,33.11,36.00,20.00,AUTO,0,NaN,NaN,NaN,NaN,NaN,NaN,NaN,NaN,NaN,NaN,0,NaN,35.90,36.10,NaN,NaN
1170.65,36.16,33.11,36.00,20.00,AUTO,0,NaN,NaN,NaN,NaN,NaN,NaN,NaN,NaN,NaN,NaN,0,NaN,35.90,36.10,NaN,NaN
1171.65,36.14,33.15,36.00,20.00,AUTO,0,NaN,NaN,NaN,NaN,NaN,NaN,NaN,NaN,NaN,NaN,0,NaN,35.90,36.10,NaN,NaN
1172.66,36.14,33.15,36.00,20.00,AUTO,0,NaN,NaN,NaN,NaN,NaN,NaN,NaN,NaN,NaN,NaN,0,NaN,35.90,36.10,NaN,NaN
1173.66,36.13,33.18,36.00,20.00,AUTO,0,NaN,NaN,NaN,NaN,NaN,NaN,NaN,NaN,NaN,NaN,0,NaN,35.90,36.10,NaN,NaN
1174.66,36.12,33.18,36.00,20.00,AUTO,0,NaN,NaN,NaN,NaN,NaN,NaN,NaN,NaN,NaN,NaN,0,NaN,35.90,36.10,NaN,NaN
1175.66,36.11,33.22,36.00,20.00,AUTO,0,NaN,NaN,NaN,NaN,NaN,NaN,NaN,NaN,NaN,NaN,0,NaN,35.90,36.10,NaN,NaN
1176.66,36.10,33.22,36.00,20.00,AUTO,0,NaN,NaN,NaN,NaN,NaN,NaN,NaN,NaN,NaN,NaN,0,NaN,35.90,36.10,NaN,NaN
1177.67,36.09,33.22,36.00,20.00,AUTO,0,NaN,NaN,NaN,NaN,NaN,NaN,NaN,NaN,NaN,NaN,0,NaN,35.90,36.10,NaN,NaN
1178.67,36.07,33.22,36.00,20.00,AUTO,0,NaN,NaN,NaN,NaN,NaN,NaN,NaN,NaN,NaN,NaN,0,NaN,35.90,36.10,NaN,NaN
1179.67,36.06,33.25,36.00,20.00,AUTO,0,NaN,NaN,NaN,NaN,NaN,NaN,NaN,NaN,NaN,NaN,0,NaN,35.90,36.10,NaN,NaN
1180.67,36.04,33.30,36.00,20.00,AUTO,0,NaN,NaN,NaN,NaN,NaN,NaN,NaN,NaN,NaN,NaN,0,NaN,35.90,36.10,NaN,NaN
1181.67,36.03,33.30,36.00,20.00,AUTO,0,NaN,NaN,NaN,NaN,NaN,NaN,NaN,NaN,NaN,NaN,0,NaN,35.90,36.10,NaN,NaN
1182.67,36.01,33.34,36.00,20.00,AUTO,0,NaN,NaN,NaN,NaN,NaN,NaN,NaN,NaN,NaN,NaN,0,NaN,35.90,36.10,NaN,NaN
1183.67,36.01,33.38,36.00,20.00,AUTO,0,NaN,NaN,NaN,NaN,NaN,NaN,NaN,NaN,NaN,NaN,0,NaN,35.90,36.10,NaN,NaN
1184.67,36.00,33.36,36.00,20.00,AUTO,0,NaN,NaN,NaN,NaN,NaN,NaN,NaN,NaN,NaN,NaN,0,NaN,35.90,36.10,NaN,NaN
1185.68,35.99,33.40,36.00,20.00,AUTO,0,NaN,NaN,NaN,NaN,NaN,NaN,NaN,NaN,NaN,NaN,0,NaN,35.90,36.10,NaN,NaN
1186.68,35.97,33.40,36.00,20.00,AUTO,0,NaN,NaN,NaN,NaN,NaN,NaN,NaN,NaN,NaN,NaN,0,NaN,35.90,36.10,NaN,NaN
1187.68,35.96,33.44,36.00,20.00,AUTO,0,NaN,NaN,NaN,NaN,NaN,NaN,NaN,NaN,NaN,NaN,0,NaN,35.90,36.10,NaN,NaN
1188.68,35.94,33.48,36.00,20.00,AUTO,0,NaN,NaN,NaN,NaN,NaN,NaN,NaN,NaN,NaN,NaN,0,NaN,35.90,36.10,NaN,NaN
1189.68,35.93,33.52,36.00,20.00,AUTO,0,NaN,NaN,NaN,NaN,NaN,NaN,NaN,NaN,NaN,NaN,0,NaN,35.90,36.10,NaN,NaN
1190.68,35.90,33.52,36.00,20.00,AUTO,0,NaN,NaN,NaN,NaN,NaN,NaN,NaN,NaN,NaN,NaN,0,NaN,35.90,36.10,NaN,NaN
1191.69,35.90,33.56,36.00,20.00,AUTO,0,NaN,NaN,NaN,NaN,NaN,NaN,NaN,NaN,NaN,NaN,0,NaN,35.90,36.10,NaN,NaN
1192.69,35.88,33.56,36.00,20.00,AUTO,0,NaN,NaN,NaN,NaN,NaN,NaN,NaN,NaN,NaN,NaN,1,NaN,35.90,36.10,NaN,NaN
1193.69,35.85,33.60,36.00,20.00,AUTO,0,NaN,NaN,NaN,NaN,NaN,NaN,NaN,NaN,NaN,NaN,1,NaN,35.90,36.10,NaN,NaN
1194.69,35.82,33.60,36.00,20.00,AUTO,0,NaN,NaN,NaN,NaN,NaN,NaN,NaN,NaN,NaN,NaN,1,NaN,35.90,36.10,NaN,NaN
1195.69,35.79,33.63,36.00,20.00,AUTO,0,NaN,NaN,NaN,NaN,NaN,NaN,NaN,NaN,NaN,NaN,1,NaN,35.90,36.10,NaN,NaN
1196.70,35.79,33.63,36.00,20.00,AUTO,0,NaN,NaN,NaN,NaN,NaN,NaN,NaN,NaN,NaN,NaN,1,NaN,35.90,36.10,NaN,NaN
1197.69,35.78,33.63,36.00,20.00,AUTO,0,NaN,NaN,NaN,NaN,NaN,NaN,NaN,NaN,NaN,NaN,1,NaN,35.90,36.10,NaN,NaN
1198.70,35.78,33.63,36.00,20.00,AUTO,0,NaN,NaN,NaN,NaN,NaN,NaN,NaN,NaN,NaN,NaN,1,NaN,35.90,36.10,NaN,NaN
1199.70,35.77,33.63,36.00,20.00,AUTO,0,NaN,NaN,NaN,NaN,NaN,NaN,NaN,NaN,NaN,NaN,1,NaN,35.90,36.10,NaN,NaN
1200.70,35.77,33.67,36.00,20.00,AUTO,0,NaN,NaN,NaN,NaN,NaN,NaN,NaN,NaN,NaN,NaN,1,NaN,35.90,36.10,NaN,NaN
1201.70,35.75,33.67,36.00,20.00,AUTO,0,NaN,NaN,NaN,NaN,NaN,NaN,NaN,NaN,NaN,NaN,1,NaN,35.90,36.10,NaN,NaN
1202.70,35.75,33.67,36.00,20.00,AUTO,0,NaN,NaN,NaN,NaN,NaN,NaN,NaN,NaN,NaN,NaN,1,NaN,35.90,36.10,NaN,NaN
1203.70,35.75,33.70,36.00,20.00,AUTO,0,NaN,NaN,NaN,NaN,NaN,NaN,NaN,NaN,NaN,NaN,1,NaN,35.90,36.10,NaN,NaN
1204.71,35.77,33.70,36.00,20.00,AUTO,0,NaN,NaN,NaN,NaN,NaN,NaN,NaN,NaN,NaN,NaN,1,NaN,35.90,36.10,NaN,NaN
1205.71,35.78,33.70,36.00,20.00,AUTO,0,NaN,NaN,NaN,NaN,NaN,NaN,NaN,NaN,NaN,NaN,1,NaN,35.90,36.10,NaN,NaN
1206.71,35.78,33.70,36.00,20.00,AUTO,0,NaN,NaN,NaN,NaN,NaN,NaN,NaN,NaN,NaN,NaN,1,NaN,35.90,36.10,NaN,NaN
1207.71,35.79,33.70,36.00,20.00,AUTO,0,NaN,NaN,NaN,NaN,NaN,NaN,NaN,NaN,NaN,NaN,1,NaN,35.90,36.10,NaN,NaN
1208.71,35.79,33.67,36.00,20.00,AUTO,0,NaN,NaN,NaN,NaN,NaN,NaN,NaN,NaN,NaN,NaN,1,NaN,35.90,36.10,NaN,NaN
1209.72,35.80,33.68,36.00,20.00,AUTO,0,NaN,NaN,NaN,NaN,NaN,NaN,NaN,NaN,NaN,NaN,1,NaN,35.90,36.10,NaN,NaN
1210.72,35.81,33.68,36.00,20.00,AUTO,0,NaN,NaN,NaN,NaN,NaN,NaN,NaN,NaN,NaN,NaN,1,NaN,35.90,36.10,NaN,NaN
1211.71,35.81,33.64,36.00,20.00,AUTO,0,NaN,NaN,NaN,NaN,NaN,NaN,NaN,NaN,NaN,NaN,1,NaN,35.90,36.10,NaN,NaN
1212.72,35.81,33.64,36.00,20.00,AUTO,0,NaN,NaN,NaN,NaN,NaN,NaN,NaN,NaN,NaN,NaN,1,NaN,35.90,36.10,NaN,NaN
1213.72,35.82,33.64,36.00,20.00,AUTO,0,NaN,NaN,NaN,NaN,NaN,NaN,NaN,NaN,NaN,NaN,1,NaN,35.90,36.10,NaN,NaN
1214.72,35.83,33.64,36.00,20.00,AUTO,0,NaN,NaN,NaN,NaN,NaN,NaN,NaN,NaN,NaN,NaN,1,NaN,35.90,36.10,NaN,NaN
1215.72,35.83,33.64,36.00,20.00,AUTO,0,NaN,NaN,NaN,NaN,NaN,NaN,NaN,NaN,NaN,NaN,1,NaN,35.90,36.10,NaN,NaN
1216.72,35.82,33.64,36.00,20.00,AUTO,0,NaN,NaN,NaN,NaN,NaN,NaN,NaN,NaN,NaN,NaN,1,NaN,35.90,36.10,NaN,NaN
1217.73,35.83,33.64,36.00,20.00,AUTO,0,NaN,NaN,NaN,NaN,NaN,NaN,NaN,NaN,NaN,NaN,1,NaN,35.90,36.10,NaN,NaN
1218.73,35.85,33.64,36.00,20.00,AUTO,0,NaN,NaN,NaN,NaN,NaN,NaN,NaN,NaN,NaN,NaN,1,NaN,35.90,36.10,NaN,NaN
1219.73,35.85,33.64,36.00,20.00,AUTO,0,NaN,NaN,NaN,NaN,NaN,NaN,NaN,NaN,NaN,NaN,1,NaN,35.90,36.10,NaN,NaN
1220.73,35.86,33.60,36.00,20.00,AUTO,0,NaN,NaN,NaN,NaN,NaN,NaN,NaN,NaN,NaN,NaN,1,NaN,35.90,36.10,NaN,NaN
1221.73,35.87,33.60,36.00,20.00,AUTO,0,NaN,NaN,NaN,NaN,NaN,NaN,NaN,NaN,NaN,NaN,1,NaN,35.90,36.10,NaN,NaN
1222.73,35.90,33.60,36.00,20.00,AUTO,0,NaN,NaN,NaN,NaN,NaN,NaN,NaN,NaN,NaN,NaN,1,NaN,35.90,36.10,NaN,NaN
1223.74,35.93,33.60,36.00,20.00,AUTO,0,NaN,NaN,NaN,NaN,NaN,NaN,NaN,NaN,NaN,NaN,1,NaN,35.90,36.10,NaN,NaN
1224.73,35.94,33.56,36.00,20.00,AUTO,0,NaN,NaN,NaN,NaN,NaN,NaN,NaN,NaN,NaN,NaN,1,NaN,35.90,36.10,NaN,NaN
1225.74,35.96,33.52,36.00,20.00,AUTO,0,NaN,NaN,NaN,NaN,NaN,NaN,NaN,NaN,NaN,NaN,1,NaN,35.90,36.10,NaN,NaN
1226.74,35.98,33.52,36.00,20.00,AUTO,0,NaN,NaN,NaN,NaN,NaN,NaN,NaN,NaN,NaN,NaN,1,NaN,35.90,36.10,NaN,NaN
1227.74,36.00,33.48,36.00,20.00,AUTO,0,NaN,NaN,NaN,NaN,NaN,NaN,NaN,NaN,NaN,NaN,1,NaN,35.90,36.10,NaN,NaN
1228.75,36.01,33.46,36.00,20.00,AUTO,0,NaN,NaN,NaN,NaN,NaN,NaN,NaN,NaN,NaN,NaN,1,NaN,35.90,36.10,NaN,NaN
1229.74,36.03,33.42,36.00,20.00,AUTO,0,NaN,NaN,NaN,NaN,NaN,NaN,NaN,NaN,NaN,NaN,1,NaN,35.90,36.10,NaN,NaN
1230.75,36.04,33.42,36.00,20.00,AUTO,0,NaN,NaN,NaN,NaN,NaN,NaN,NaN,NaN,NaN,NaN,1,NaN,35.90,36.10,NaN,NaN
1231.75,36.06,33.38,36.00,20.00,AUTO,0,NaN,NaN,NaN,NaN,NaN,NaN,NaN,NaN,NaN,NaN,1,NaN,35.90,36.10,NaN,NaN
1232.75,36.07,33.38,36.00,20.00,AUTO,0,NaN,NaN,NaN,NaN,NaN,NaN,NaN,NaN,NaN,NaN,1,NaN,35.90,36.10,NaN,NaN
1233.75,36.08,33.34,36.00,20.00,AUTO,0,NaN,NaN,NaN,NaN,NaN,NaN,NaN,NaN,NaN,NaN,1,NaN,35.90,36.10,NaN,NaN
1234.75,36.10,33.34,36.00,20.00,AUTO,0,NaN,NaN,NaN,NaN,NaN,NaN,NaN,NaN,NaN,NaN,1,NaN,35.90,36.10,NaN,NaN
1235.76,36.12,33.30,36.00,20.00,AUTO,0,NaN,NaN,NaN,NaN,NaN,NaN,NaN,NaN,NaN,NaN,0,NaN,35.90,36.10,NaN,NaN
1236.76,36.15,33.28,36.00,20.00,AUTO,0,NaN,NaN,NaN,NaN,NaN,NaN,NaN,NaN,NaN,NaN,0,NaN,35.90,36.10,NaN,NaN
1237.76,36.16,33.28,36.00,20.00,AUTO,0,NaN,NaN,NaN,NaN,NaN,NaN,NaN,NaN,NaN,NaN,0,NaN,35.90,36.10,NaN,NaN
1238.76,36.16,33.23,36.00,20.00,AUTO,0,NaN,NaN,NaN,NaN,NaN,NaN,NaN,NaN,NaN,NaN,0,NaN,35.90,36.10,NaN,NaN
1239.76,36.17,33.23,36.00,20.00,AUTO,0,NaN,NaN,NaN,NaN,NaN,NaN,NaN,NaN,NaN,NaN,0,NaN,35.90,36.10,NaN,NaN
1240.76,36.18,33.23,36.00,20.00,AUTO,0,NaN,NaN,NaN,NaN,NaN,NaN,NaN,NaN,NaN,NaN,0,NaN,35.90,36.10,NaN,NaN
1241.77,36.18,33.23,36.00,20.00,AUTO,0,NaN,NaN,NaN,NaN,NaN,NaN,NaN,NaN,NaN,NaN,0,NaN,35.90,36.10,NaN,NaN
1242.76,36.19,33.23,36.00,20.00,AUTO,0,NaN,NaN,NaN,NaN,NaN,NaN,NaN,NaN,NaN,NaN,0,NaN,35.90,36.10,NaN,NaN
1243.76,36.19,33.23,36.00,20.00,AUTO,0,NaN,NaN,NaN,NaN,NaN,NaN,NaN,NaN,NaN,NaN,0,NaN,35.90,36.10,NaN,NaN
1244.77,36.18,33.19,36.00,20.00,AUTO,0,NaN,NaN,NaN,NaN,NaN,NaN,NaN,NaN,NaN,NaN,0,NaN,35.90,36.10,NaN,NaN
1245.77,36.18,33.19,36.00,20.00,AUTO,0,NaN,NaN,NaN,NaN,NaN,NaN,NaN,NaN,NaN,NaN,0,NaN,35.90,36.10,NaN,NaN
1246.77,36.18,33.19,36.00,20.00,AUTO,0,NaN,NaN,NaN,NaN,NaN,NaN,NaN,NaN,NaN,NaN,0,NaN,35.90,36.10,NaN,NaN
1247.77,36.16,33.19,36.00,20.00,AUTO,0,NaN,NaN,NaN,NaN,NaN,NaN,NaN,NaN,NaN,NaN,0,NaN,35.90,36.10,NaN,NaN
1248.77,36.16,33.23,36.00,20.00,AUTO,0,NaN,NaN,NaN,NaN,NaN,NaN,NaN,NaN,NaN,NaN,0,NaN,35.90,36.10,NaN,NaN
1249.77,36.15,33.23,36.00,20.00,AUTO,0,NaN,NaN,NaN,NaN,NaN,NaN,NaN,NaN,NaN,NaN,0,NaN,35.90,36.10,NaN,NaN
1250.78,36.14,33.23,36.00,20.00,AUTO,0,NaN,NaN,NaN,NaN,NaN,NaN,NaN,NaN,NaN,NaN,0,NaN,35.90,36.10,NaN,NaN
1251.78,36.14,33.23,36.00,20.00,AUTO,0,NaN,NaN,NaN,NaN,NaN,NaN,NaN,NaN,NaN,NaN,0,NaN,35.90,36.10,NaN,NaN
1252.78,36.13,33.23,36.00,20.00,AUTO,0,NaN,NaN,NaN,NaN,NaN,NaN,NaN,NaN,NaN,NaN,0,NaN,35.90,36.10,NaN,NaN
1253.78,36.12,33.22,36.00,20.00,AUTO,0,NaN,NaN,NaN,NaN,NaN,NaN,NaN,NaN,NaN,NaN,0,NaN,35.90,36.10,NaN,NaN
1254.78,36.10,33.22,36.00,20.00,AUTO,0,NaN,NaN,NaN,NaN,NaN,NaN,NaN,NaN,NaN,NaN,0,NaN,35.90,36.10,NaN,NaN
1255.79,36.10,33.22,36.00,20.00,AUTO,0,NaN,NaN,NaN,NaN,NaN,NaN,NaN,NaN,NaN,NaN,0,NaN,35.90,36.10,NaN,NaN
1256.78,36.08,33.25,36.00,20.00,AUTO,0,NaN,NaN,NaN,NaN,NaN,NaN,NaN,NaN,NaN,NaN,0,NaN,35.90,36.10,NaN,NaN
1257.79,36.08,33.30,36.00,20.00,AUTO,0,NaN,NaN,NaN,NaN,NaN,NaN,NaN,NaN,NaN,NaN,0,NaN,35.90,36.10,NaN,NaN
1258.79,36.07,33.30,36.00,20.00,AUTO,0,NaN,NaN,NaN,NaN,NaN,NaN,NaN,NaN,NaN,NaN,0,NaN,35.90,36.10,NaN,NaN
1259.79,36.06,33.34,36.00,20.00,AUTO,0,NaN,NaN,NaN,NaN,NaN,NaN,NaN,NaN,NaN,NaN,0,NaN,35.90,36.10,NaN,NaN
1260.79,36.04,33.38,36.00,20.00,AUTO,0,NaN,NaN,NaN,NaN,NaN,NaN,NaN,NaN,NaN,NaN,0,NaN,35.90,36.10,NaN,NaN
1261.79,36.03,33.42,36.00,20.00,AUTO,0,NaN,NaN,NaN,NaN,NaN,NaN,NaN,NaN,NaN,NaN,0,NaN,35.90,36.10,NaN,NaN
1262.79,36.01,33.46,36.00,20.00,AUTO,0,NaN,NaN,NaN,NaN,NaN,NaN,NaN,NaN,NaN,NaN,0,NaN,35.90,36.10,NaN,NaN
1263.80,36.01,33.46,36.00,20.00,AUTO,0,NaN,NaN,NaN,NaN,NaN,NaN,NaN,NaN,NaN,NaN,0,NaN,35.90,36.10,NaN,NaN
1264.80,36.00,33.48,36.00,20.00,AUTO,0,NaN,NaN,NaN,NaN,NaN,NaN,NaN,NaN,NaN,NaN,0,NaN,35.90,36.10,NaN,NaN
1265.80,35.99,33.48,36.00,20.00,AUTO,0,NaN,NaN,NaN,NaN,NaN,NaN,NaN,NaN,NaN,NaN,0,NaN,35.90,36.10,NaN,NaN
1266.80,35.98,33.52,36.00,20.00,AUTO,0,NaN,NaN,NaN,NaN,NaN,NaN,NaN,NaN,NaN,NaN,0,NaN,35.90,36.10,NaN,NaN
1267.80,35.96,33.52,36.00,20.00,AUTO,0,NaN,NaN,NaN,NaN,NaN,NaN,NaN,NaN,NaN,NaN,0,NaN,35.90,36.10,NaN,NaN
1268.80,35.95,33.56,36.00,20.00,AUTO,0,NaN,NaN,NaN,NaN,NaN,NaN,NaN,NaN,NaN,NaN,0,NaN,35.90,36.10,NaN,NaN
1269.81,35.94,33.60,36.00,20.00,AUTO,0,NaN,NaN,NaN,NaN,NaN,NaN,NaN,NaN,NaN,NaN,0,NaN,35.90,36.10,NaN,NaN
1270.81,35.92,33.60,36.00,20.00,AUTO,0,NaN,NaN,NaN,NaN,NaN,NaN,NaN,NaN,NaN,NaN,0,NaN,35.90,36.10,NaN,NaN
1271.81,35.92,33.60,36.00,20.00,AUTO,0,NaN,NaN,NaN,NaN,NaN,NaN,NaN,NaN,NaN,NaN,0,NaN,35.90,36.10,NaN,NaN
1272.81,35.89,33.64,36.00,20.00,AUTO,0,NaN,NaN,NaN,NaN,NaN,NaN,NaN,NaN,NaN,NaN,1,NaN,35.90,36.10,NaN,NaN
1273.81,35.87,33.64,36.00,20.00,AUTO,0,NaN,NaN,NaN,NaN,NaN,NaN,NaN,NaN,NaN,NaN,1,NaN,35.90,36.10,NaN,NaN
1274.82,35.84,33.68,36.00,20.00,AUTO,0,NaN,NaN,NaN,NaN,NaN,NaN,NaN,NaN,NaN,NaN,1,NaN,35.90,36.10,NaN,NaN
1275.81,35.81,33.73,36.00,20.00,AUTO,0,NaN,NaN,NaN,NaN,NaN,NaN,NaN,NaN,NaN,NaN,1,NaN,35.90,36.10,NaN,NaN
1276.82,35.80,33.70,36.00,20.00,AUTO,0,NaN,NaN,NaN,NaN,NaN,NaN,NaN,NaN,NaN,NaN,1,NaN,35.90,36.10,NaN,NaN
1277.82,35.79,33.70,36.00,20.00,AUTO,0,NaN,NaN,NaN,NaN,NaN,NaN,NaN,NaN,NaN,NaN,1,NaN,35.90,36.10,NaN,NaN
1278.82,35.80,33.70,36.00,20.00,AUTO,0,NaN,NaN,NaN,NaN,NaN,NaN,NaN,NaN,NaN,NaN,1,NaN,35.90,36.10,NaN,NaN
1279.82,35.80,33.70,36.00,20.00,AUTO,0,NaN,NaN,NaN,NaN,NaN,NaN,NaN,NaN,NaN,NaN,1,NaN,35.90,36.10,NaN,NaN
1280.82,35.79,33.70,36.00,20.00,AUTO,0,NaN,NaN,NaN,NaN,NaN,NaN,NaN,NaN,NaN,NaN,1,NaN,35.90,36.10,NaN,NaN
1281.82,35.78,33.70,36.00,20.00,AUTO,0,NaN,NaN,NaN,NaN,NaN,NaN,NaN,NaN,NaN,NaN,1,NaN,35.90,36.10,NaN,NaN
1282.83,35.78,33.74,36.00,20.00,AUTO,0,NaN,NaN,NaN,NaN,NaN,NaN,NaN,NaN,NaN,NaN,1,NaN,35.90,36.10,NaN,NaN
1283.83,35.79,33.74,36.00,20.00,AUTO,0,NaN,NaN,NaN,NaN,NaN,NaN,NaN,NaN,NaN,NaN,1,NaN,35.90,36.10,NaN,NaN
1284.83,35.80,33.74,36.00,20.00,AUTO,0,NaN,NaN,NaN,NaN,NaN,NaN,NaN,NaN,NaN,NaN,1,NaN,35.90,36.10,NaN,NaN
1285.83,35.80,33.76,36.00,20.00,AUTO,0,NaN,NaN,NaN,NaN,NaN,NaN,NaN,NaN,NaN,NaN,1,NaN,35.90,36.10,NaN,NaN
1286.83,35.80,33.74,36.00,20.00,AUTO,0,NaN,NaN,NaN,NaN,NaN,NaN,NaN,NaN,NaN,NaN,1,NaN,35.90,36.10,NaN,NaN
1287.84,35.80,33.74,36.00,20.00,AUTO,0,NaN,NaN,NaN,NaN,NaN,NaN,NaN,NaN,NaN,NaN,1,NaN,35.90,36.10,NaN,NaN
1288.84,35.80,33.74,36.00,20.00,AUTO,0,NaN,NaN,NaN,NaN,NaN,NaN,NaN,NaN,NaN,NaN,1,NaN,35.90,36.10,NaN,NaN
1289.84,35.81,33.76,36.00,20.00,AUTO,0,NaN,NaN,NaN,NaN,NaN,NaN,NaN,NaN,NaN,NaN,1,NaN,35.90,36.10,NaN,NaN
1290.84,35.81,33.76,36.00,20.00,AUTO,0,NaN,NaN,NaN,NaN,NaN,NaN,NaN,NaN,NaN,NaN,1,NaN,35.90,36.10,NaN,NaN
1291.84,35.81,33.76,36.00,20.00,AUTO,0,NaN,NaN,NaN,NaN,NaN,NaN,NaN,NaN,NaN,NaN,1,NaN,35.90,36.10,NaN,NaN
1292.84,35.82,33.73,36.00,20.00,AUTO,0,NaN,NaN,NaN,NaN,NaN,NaN,NaN,NaN,NaN,NaN,1,NaN,35.90,36.10,NaN,NaN
1293.84,35.83,33.73,36.00,20.00,AUTO,0,NaN,NaN,NaN,NaN,NaN,NaN,NaN,NaN,NaN,NaN,1,NaN,35.90,36.10,NaN,NaN
1294.84,35.83,33.73,36.00,20.00,AUTO,0,NaN,NaN,NaN,NaN,NaN,NaN,NaN,NaN,NaN,NaN,1,NaN,35.90,36.10,NaN,NaN
1295.85,35.84,33.73,36.00,20.00,AUTO,0,NaN,NaN,NaN,NaN,NaN,NaN,NaN,NaN,NaN,NaN,1,NaN,35.90,36.10,NaN,NaN
1296.85,35.86,33.73,36.00,20.00,AUTO,0,NaN,NaN,NaN,NaN,NaN,NaN,NaN,NaN,NaN,NaN,1,NaN,35.90,36.10,NaN,NaN
1297.85,35.85,33.73,36.00,20.00,AUTO,0,NaN,NaN,NaN,NaN,NaN,NaN,NaN,NaN,NaN,NaN,1,NaN,35.90,36.10,NaN,NaN
1298.85,35.86,33.68,36.00,20.00,AUTO,0,NaN,NaN,NaN,NaN,NaN,NaN,NaN,NaN,NaN,NaN,1,NaN,35.90,36.10,NaN,NaN
1299.85,35.86,33.68,36.00,20.00,AUTO,0,NaN,NaN,NaN,NaN,NaN,NaN,NaN,NaN,NaN,NaN,1,NaN,35.90,36.10,NaN,NaN
1300.85,35.89,33.68,36.00,20.00,AUTO,0,NaN,NaN,NaN,NaN,NaN,NaN,NaN,NaN,NaN,NaN,1,NaN,35.90,36.10,NaN,NaN
1301.86,35.89,33.68,36.00,20.00,AUTO,0,NaN,NaN,NaN,NaN,NaN,NaN,NaN,NaN,NaN,NaN,1,NaN,35.90,36.10,NaN,NaN
1302.86,35.90,33.64,36.00,20.00,AUTO,0,NaN,NaN,NaN,NaN,NaN,NaN,NaN,NaN,NaN,NaN,1,NaN,35.90,36.10,NaN,NaN
1303.86,35.92,33.64,36.00,20.00,AUTO,0,NaN,NaN,NaN,NaN,NaN,NaN,NaN,NaN,NaN,NaN,1,NaN,35.90,36.10,NaN,NaN
1304.86,35.93,33.64,36.00,20.00,AUTO,0,NaN,NaN,NaN,NaN,NaN,NaN,NaN,NaN,NaN,NaN,1,NaN,35.90,36.10,NaN,NaN
1305.86,35.95,33.60,36.00,20.00,AUTO,0,NaN,NaN,NaN,NaN,NaN,NaN,NaN,NaN,NaN,NaN,1,NaN,35.90,36.10,NaN,NaN
1306.86,35.97,33.60,36.00,20.00,AUTO,0,NaN,NaN,NaN,NaN,NaN,NaN,NaN,NaN,NaN,NaN,1,NaN,35.90,36.10,NaN,NaN
1307.86,35.99,33.60,36.00,20.00,AUTO,0,NaN,NaN,NaN,NaN,NaN,NaN,NaN,NaN,NaN,NaN,1,NaN,35.90,36.10,NaN,NaN
1308.87,36.00,33.56,36.00,20.00,AUTO,0,NaN,NaN,NaN,NaN,NaN,NaN,NaN,NaN,NaN,NaN,1,NaN,35.90,36.10,NaN,NaN
1309.87,36.01,33.58,36.00,20.00,AUTO,0,NaN,NaN,NaN,NaN,NaN,NaN,NaN,NaN,NaN,NaN,1,NaN,35.90,36.10,NaN,NaN
1310.87,36.02,33.54,36.00,20.00,AUTO,0,NaN,NaN,NaN,NaN,NaN,NaN,NaN,NaN,NaN,NaN,1,NaN,35.90,36.10,NaN,NaN
1311.87,36.04,33.50,36.00,20.00,AUTO,0,NaN,NaN,NaN,NaN,NaN,NaN,NaN,NaN,NaN,NaN,1,NaN,35.90,36.10,NaN,NaN
1312.87,36.07,33.46,36.00,20.00,AUTO,0,NaN,NaN,NaN,NaN,NaN,NaN,NaN,NaN,NaN,NaN,1,NaN,35.90,36.10,NaN,NaN
1313.87,36.09,33.46,36.00,20.00,AUTO,0,NaN,NaN,NaN,NaN,NaN,NaN,NaN,NaN,NaN,NaN,1,NaN,35.90,36.10,NaN,NaN
1314.88,36.11,33.42,36.00,20.00,AUTO,0,NaN,NaN,NaN,NaN,NaN,NaN,NaN,NaN,NaN,NaN,0,NaN,35.90,36.10,NaN,NaN
1315.88,36.14,33.40,36.00,20.00,AUTO,0,NaN,NaN,NaN,NaN,NaN,NaN,NaN,NaN,NaN,NaN,0,NaN,35.90,36.10,NaN,NaN
1316.88,36.15,33.40,36.00,20.00,AUTO,0,NaN,NaN,NaN,NaN,NaN,NaN,NaN,NaN,NaN,NaN,0,NaN,35.90,36.10,NaN,NaN
1317.88,36.16,33.35,36.00,20.00,AUTO,0,NaN,NaN,NaN,NaN,NaN,NaN,NaN,NaN,NaN,NaN,0,NaN,35.90,36.10,NaN,NaN
1318.88,36.16,33.35,36.00,20.00,AUTO,0,NaN,NaN,NaN,NaN,NaN,NaN,NaN,NaN,NaN,NaN,0,NaN,35.90,36.10,NaN,NaN
1319.89,36.16,33.31,36.00,20.00,AUTO,0,NaN,NaN,NaN,NaN,NaN,NaN,NaN,NaN,NaN,NaN,0,NaN,35.90,36.10,NaN,NaN
1320.89,36.17,33.31,36.00,20.00,AUTO,0,NaN,NaN,NaN,NaN,NaN,NaN,NaN,NaN,NaN,NaN,0,NaN,35.90,36.10,NaN,NaN
1321.89,36.18,33.31,36.00,20.00,AUTO,0,NaN,NaN,NaN,NaN,NaN,NaN,NaN,NaN,NaN,NaN,0,NaN,35.90,36.10,NaN,NaN
1322.89,36.18,33.31,36.00,20.00,AUTO,0,NaN,NaN,NaN,NaN,NaN,NaN,NaN,NaN,NaN,NaN,0,NaN,35.90,36.10,NaN,NaN
1323.89,36.18,33.31,36.00,20.00,AUTO,0,NaN,NaN,NaN,NaN,NaN,NaN,NaN,NaN,NaN,NaN,0,NaN,35.90,36.10,NaN,NaN
1324.89,36.17,33.31,36.00,20.00,AUTO,0,NaN,NaN,NaN,NaN,NaN,NaN,NaN,NaN,NaN,NaN,0,NaN,35.90,36.10,NaN,NaN
1325.89,36.17,33.31,36.00,20.00,AUTO,0,NaN,NaN,NaN,NaN,NaN,NaN,NaN,NaN,NaN,NaN,0,NaN,35.90,36.10,NaN,NaN
1326.89,36.16,33.28,36.00,20.00,AUTO,0,NaN,NaN,NaN,NaN,NaN,NaN,NaN,NaN,NaN,NaN,0,NaN,35.90,36.10,NaN,NaN
1327.90,36.16,33.31,36.00,20.00,AUTO,0,NaN,NaN,NaN,NaN,NaN,NaN,NaN,NaN,NaN,NaN,0,NaN,35.90,36.10,NaN,NaN
1328.90,36.15,33.28,36.00,20.00,AUTO,0,NaN,NaN,NaN,NaN,NaN,NaN,NaN,NaN,NaN,NaN,0,NaN,35.90,36.10,NaN,NaN
1329.90,36.14,33.28,36.00,20.00,AUTO,0,NaN,NaN,NaN,NaN,NaN,NaN,NaN,NaN,NaN,NaN,0,NaN,35.90,36.10,NaN,NaN
1330.90,36.14,33.31,36.00,20.00,AUTO,0,NaN,NaN,NaN,NaN,NaN,NaN,NaN,NaN,NaN,NaN,0,NaN,35.90,36.10,NaN,NaN
1331.90,36.13,33.31,36.00,20.00,AUTO,0,NaN,NaN,NaN,NaN,NaN,NaN,NaN,NaN,NaN,NaN,0,NaN,35.90,36.10,NaN,NaN
1332.90,36.13,33.34,36.00,20.00,AUTO,0,NaN,NaN,NaN,NaN,NaN,NaN,NaN,NaN,NaN,NaN,0,NaN,35.90,36.10,NaN,NaN
1333.91,36.12,33.34,36.00,20.00,AUTO,0,NaN,NaN,NaN,NaN,NaN,NaN,NaN,NaN,NaN,NaN,0,NaN,35.90,36.10,NaN,NaN
1334.91,36.11,33.38,36.00,20.00,AUTO,0,NaN,NaN,NaN,NaN,NaN,NaN,NaN,NaN,NaN,NaN,0,NaN,35.90,36.10,NaN,NaN
1335.91,36.10,33.38,36.00,20.00,AUTO,0,NaN,NaN,NaN,NaN,NaN,NaN,NaN,NaN,NaN,NaN,0,NaN,35.90,36.10,NaN,NaN
1336.91,36.09,33.38,36.00,20.00,AUTO,0,NaN,NaN,NaN,NaN,NaN,NaN,NaN,NaN,NaN,NaN,0,NaN,35.90,36.10,NaN,NaN
1337.91,36.08,33.42,36.00,20.00,AUTO,0,NaN,NaN,NaN,NaN,NaN,NaN,NaN,NaN,NaN,NaN,0,NaN,35.90,36.10,NaN,NaN
1338.91,36.07,33.46,36.00,20.00,AUTO,0,NaN,NaN,NaN,NaN,NaN,NaN,NaN,NaN,NaN,NaN,0,NaN,35.90,36.10,NaN,NaN
1339.91,36.06,33.46,36.00,20.00,AUTO,0,NaN,NaN,NaN,NaN,NaN,NaN,NaN,NaN,NaN,NaN,0,NaN,35.90,36.10,NaN,NaN
1340.92,36.04,33.50,36.00,20.00,AUTO,0,NaN,NaN,NaN,NaN,NaN,NaN,NaN,NaN,NaN,NaN,0,NaN,35.90,36.10,NaN,NaN
1341.92,36.03,33.54,36.00,20.00,AUTO,0,NaN,NaN,NaN,NaN,NaN,NaN,NaN,NaN,NaN,NaN,0,NaN,35.90,36.10,NaN,NaN
1342.92,36.02,33.54,36.00,20.00,AUTO,0,NaN,NaN,NaN,NaN,NaN,NaN,NaN,NaN,NaN,NaN,0,NaN,35.90,36.10,NaN,NaN
1343.92,36.01,33.54,36.00,20.00,AUTO,0,NaN,NaN,NaN,NaN,NaN,NaN,NaN,NaN,NaN,NaN,0,NaN,35.90,36.10,NaN,NaN
1344.92,36.00,33.58,36.00,20.00,AUTO,0,NaN,NaN,NaN,NaN,NaN,NaN,NaN,NaN,NaN,NaN,0,NaN,35.90,36.10,NaN,NaN
1345.92,35.99,33.60,36.00,20.00,AUTO,0,NaN,NaN,NaN,NaN,NaN,NaN,NaN,NaN,NaN,NaN,0,NaN,35.90,36.10,NaN,NaN
1346.93,35.98,33.60,36.00,20.00,AUTO,0,NaN,NaN,NaN,NaN,NaN,NaN,NaN,NaN,NaN,NaN,0,NaN,35.90,36.10,NaN,NaN
1347.93,35.96,33.60,36.00,20.00,AUTO,0,NaN,NaN,NaN,NaN,NaN,NaN,NaN,NaN,NaN,NaN,0,NaN,35.90,36.10,NaN,NaN
1348.93,35.96,33.60,36.00,20.00,AUTO,0,NaN,NaN,NaN,NaN,NaN,NaN,NaN,NaN,NaN,NaN,0,NaN,35.90,36.10,NaN,NaN
1349.93,35.94,33.64,36.00,20.00,AUTO,0,NaN,NaN,NaN,NaN,NaN,NaN,NaN,NaN,NaN,NaN,0,NaN,35.90,36.10,NaN,NaN
1350.93,35.92,33.64,36.00,20.00,AUTO,0,NaN,NaN,NaN,NaN,NaN,NaN,NaN,NaN,NaN,NaN,0,NaN,35.90,36.10,NaN,NaN
1351.93,35.90,33.68,36.00,20.00,AUTO,0,NaN,NaN,NaN,NaN,NaN,NaN,NaN,NaN,NaN,NaN,0,NaN,35.90,36.10,NaN,NaN
1352.94,35.89,33.73,36.00,20.00,AUTO,0,NaN,NaN,NaN,NaN,NaN,NaN,NaN,NaN,NaN,NaN,1,NaN,35.90,36.10,NaN,NaN
1353.94,35.87,33.76,36.00,20.00,AUTO,0,NaN,NaN,NaN,NaN,NaN,NaN,NaN,NaN,NaN,NaN,1,NaN,35.90,36.10,NaN,NaN
1354.94,35.84,33.76,36.00,20.00,AUTO,0,NaN,NaN,NaN,NaN,NaN,NaN,NaN,NaN,NaN,NaN,1,NaN,35.90,36.10,NaN,NaN
1355.94,35.81,33.80,36.00,20.00,AUTO,0,NaN,NaN,NaN,NaN,NaN,NaN,NaN,NaN,NaN,NaN,1,NaN,35.90,36.10,NaN,NaN
1356.94,35.79,33.79,36.00,20.00,AUTO,0,NaN,NaN,NaN,NaN,NaN,NaN,NaN,NaN,NaN,NaN,1,NaN,35.90,36.10,NaN,NaN
1357.94,35.78,33.83,36.00,20.00,AUTO,0,NaN,NaN,NaN,NaN,NaN,NaN,NaN,NaN,NaN,NaN,1,NaN,35.90,36.10,NaN,NaN
1358.94,35.78,33.83,36.00,20.00,AUTO,0,NaN,NaN,NaN,NaN,NaN,NaN,NaN,NaN,NaN,NaN,1,NaN,35.90,36.10,NaN,NaN
1359.95,35.77,33.83,36.00,20.00,AUTO,0,NaN,NaN,NaN,NaN,NaN,NaN,NaN,NaN,NaN,NaN,1,NaN,35.90,36.10,NaN,NaN
1360.95,35.77,33.86,36.00,20.00,AUTO,0,NaN,NaN,NaN,NaN,NaN,NaN,NaN,NaN,NaN,NaN,1,NaN,35.90,36.10,NaN,NaN
1361.95,35.75,33.86,36.00,20.00,AUTO,0,NaN,NaN,NaN,NaN,NaN,NaN,NaN,NaN,NaN,NaN,1,NaN,35.90,36.10,NaN,NaN
1362.95,35.77,33.86,36.00,20.00,AUTO,0,NaN,NaN,NaN,NaN,NaN,NaN,NaN,NaN,NaN,NaN,1,NaN,35.90,36.10,NaN,NaN
1363.95,35.77,33.86,36.00,20.00,AUTO,0,NaN,NaN,NaN,NaN,NaN,NaN,NaN,NaN,NaN,NaN,1,NaN,35.90,36.10,NaN,NaN
1364.95,35.77,33.86,36.00,20.00,AUTO,0,NaN,NaN,NaN,NaN,NaN,NaN,NaN,NaN,NaN,NaN,1,NaN,35.90,36.10,NaN,NaN
1365.96,35.77,33.86,36.00,20.00,AUTO,0,NaN,NaN,NaN,NaN,NaN,NaN,NaN,NaN,NaN,NaN,1,NaN,35.90,36.10,NaN,NaN
1366.96,35.77,33.86,36.00,20.00,AUTO,0,NaN,NaN,NaN,NaN,NaN,NaN,NaN,NaN,NaN,NaN,1,NaN,35.90,36.10,NaN,NaN
1367.96,35.77,33.86,36.00,20.00,AUTO,0,NaN,NaN,NaN,NaN,NaN,NaN,NaN,NaN,NaN,NaN,1,NaN,35.90,36.10,NaN,NaN
1368.96,35.75,33.91,36.00,20.00,AUTO,0,NaN,NaN,NaN,NaN,NaN,NaN,NaN,NaN,NaN,NaN,1,NaN,35.90,36.10,NaN,NaN
1369.96,35.77,33.91,36.00,20.00,AUTO,0,NaN,NaN,NaN,NaN,NaN,NaN,NaN,NaN,NaN,NaN,1,NaN,35.90,36.10,NaN,NaN
1370.96,35.78,33.91,36.00,20.00,AUTO,0,NaN,NaN,NaN,NaN,NaN,NaN,NaN,NaN,NaN,NaN,1,NaN,35.90,36.10,NaN,NaN
1371.96,35.78,33.91,36.00,20.00,AUTO,0,NaN,NaN,NaN,NaN,NaN,NaN,NaN,NaN,NaN,NaN,1,NaN,35.90,36.10,NaN,NaN
1372.97,35.79,33.91,36.00,20.00,AUTO,0,NaN,NaN,NaN,NaN,NaN,NaN,NaN,NaN,NaN,NaN,1,NaN,35.90,36.10,NaN,NaN
1373.97,35.80,33.86,36.00,20.00,AUTO,0,NaN,NaN,NaN,NaN,NaN,NaN,NaN,NaN,NaN,NaN,1,NaN,35.90,36.10,NaN,NaN
1374.97,35.82,33.89,36.00,20.00,AUTO,0,NaN,NaN,NaN,NaN,NaN,NaN,NaN,NaN,NaN,NaN,1,NaN,35.90,36.10,NaN,NaN
1375.97,35.82,33.89,36.00,20.00,AUTO,0,NaN,NaN,NaN,NaN,NaN,NaN,NaN,NaN,NaN,NaN,1,NaN,35.90,36.10,NaN,NaN
1376.97,35.85,33.85,36.00,20.00,AUTO,0,NaN,NaN,NaN,NaN,NaN,NaN,NaN,NaN,NaN,NaN,1,NaN,35.90,36.10,NaN,NaN
1377.97,35.87,33.85,36.00,20.00,AUTO,0,NaN,NaN,NaN,NaN,NaN,NaN,NaN,NaN,NaN,NaN,1,NaN,35.90,36.10,NaN,NaN
1378.98,35.88,33.80,36.00,20.00,AUTO,0,NaN,NaN,NaN,NaN,NaN,NaN,NaN,NaN,NaN,NaN,1,NaN,35.90,36.10,NaN,NaN
1379.98,35.88,33.80,36.00,20.00,AUTO,0,NaN,NaN,NaN,NaN,NaN,NaN,NaN,NaN,NaN,NaN,1,NaN,35.90,36.10,NaN,NaN
1380.98,35.89,33.76,36.00,20.00,AUTO,0,NaN,NaN,NaN,NaN,NaN,NaN,NaN,NaN,NaN,NaN,1,NaN,35.90,36.10,NaN,NaN
1381.98,35.90,33.76,36.00,20.00,AUTO,0,NaN,NaN,NaN,NaN,NaN,NaN,NaN,NaN,NaN,NaN,1,NaN,35.90,36.10,NaN,NaN
1382.98,35.90,33.73,36.00,20.00,AUTO,0,NaN,NaN,NaN,NaN,NaN,NaN,NaN,NaN,NaN,NaN,1,NaN,35.90,36.10,NaN,NaN
1383.98,35.92,33.73,36.00,20.00,AUTO,0,NaN,NaN,NaN,NaN,NaN,NaN,NaN,NaN,NaN,NaN,1,NaN,35.90,36.10,NaN,NaN
1384.99,35.95,33.73,36.00,20.00,AUTO,0,NaN,NaN,NaN,NaN,NaN,NaN,NaN,NaN,NaN,NaN,1,NaN,35.90,36.10,NaN,NaN
1385.99,35.97,33.68,36.00,20.00,AUTO,0,NaN,NaN,NaN,NaN,NaN,NaN,NaN,NaN,NaN,NaN,1,NaN,35.90,36.10,NaN,NaN
1386.99,36.00,33.64,36.00,20.00,AUTO,0,NaN,NaN,NaN,NaN,NaN,NaN,NaN,NaN,NaN,NaN,1,NaN,35.90,36.10,NaN,NaN
1387.99,36.01,33.67,36.00,20.00,AUTO,0,NaN,NaN,NaN,NaN,NaN,NaN,NaN,NaN,NaN,NaN,1,NaN,35.90,36.10,NaN,NaN
1388.99,36.01,33.62,36.00,20.00,AUTO,0,NaN,NaN,NaN,NaN,NaN,NaN,NaN,NaN,NaN,NaN,1,NaN,35.90,36.10,NaN,NaN
1389.99,36.01,33.62,36.00,20.00,AUTO,0,NaN,NaN,NaN,NaN,NaN,NaN,NaN,NaN,NaN,NaN,1,NaN,35.90,36.10,NaN,NaN
1390.99,36.01,33.62,36.00,20.00,AUTO,0,NaN,NaN,NaN,NaN,NaN,NaN,NaN,NaN,NaN,NaN,1,NaN,35.90,36.10,NaN,NaN
1391.99,36.02,33.62,36.00,20.00,AUTO,0,NaN,NaN,NaN,NaN,NaN,NaN,NaN,NaN,NaN,NaN,1,NaN,35.90,36.10,NaN,NaN
1393.00,36.04,33.58,36.00,20.00,AUTO,0,NaN,NaN,NaN,NaN,NaN,NaN,NaN,NaN,NaN,NaN,1,NaN,35.90,36.10,NaN,NaN
1394.00,36.06,33.58,36.00,20.00,AUTO,0,NaN,NaN,NaN,NaN,NaN,NaN,NaN,NaN,NaN,NaN,1,NaN,35.90,36.10,NaN,NaN
1395.00,36.08,33.54,36.00,20.00,AUTO,0,NaN,NaN,NaN,NaN,NaN,NaN,NaN,NaN,NaN,NaN,1,NaN,35.90,36.10,NaN,NaN
1396.00,36.09,33.54,36.00,20.00,AUTO,0,NaN,NaN,NaN,NaN,NaN,NaN,NaN,NaN,NaN,NaN,1,NaN,35.90,36.10,NaN,NaN
1397.01,36.12,33.50,36.00,20.00,AUTO,0,NaN,NaN,NaN,NaN,NaN,NaN,NaN,NaN,NaN,NaN,0,NaN,35.90,36.10,NaN,NaN
1398.03,36.15,33.47,36.00,20.00,AUTO,0,NaN,NaN,NaN,NaN,NaN,NaN,NaN,NaN,NaN,NaN,0,NaN,35.90,36.10,NaN,NaN
1399.00,36.16,33.44,36.00,20.00,AUTO,0,NaN,NaN,NaN,NaN,NaN,NaN,NaN,NaN,NaN,NaN,0,NaN,35.90,36.10,NaN,NaN
1400.01,36.17,33.44,36.00,20.00,AUTO,0,NaN,NaN,NaN,NaN,NaN,NaN,NaN,NaN,NaN,NaN,0,NaN,35.90,36.10,NaN,NaN
1401.01,36.18,33.40,36.00,20.00,AUTO,0,NaN,NaN,NaN,NaN,NaN,NaN,NaN,NaN,NaN,NaN,0,NaN,35.90,36.10,NaN,NaN
1402.01,36.19,33.40,36.00,20.00,AUTO,0,NaN,NaN,NaN,NaN,NaN,NaN,NaN,NaN,NaN,NaN,0,NaN,35.90,36.10,NaN,NaN
1403.01,36.21,33.40,36.00,20.00,AUTO,0,NaN,NaN,NaN,NaN,NaN,NaN,NaN,NaN,NaN,NaN,0,NaN,35.90,36.10,NaN,NaN
1404.01,36.21,33.35,36.00,20.00,AUTO,0,NaN,NaN,NaN,NaN,NaN,NaN,NaN,NaN,NaN,NaN,0,NaN,35.90,36.10,NaN,NaN
1405.01,36.21,33.35,36.00,20.00,AUTO,0,NaN,NaN,NaN,NaN,NaN,NaN,NaN,NaN,NaN,NaN,0,NaN,35.90,36.10,NaN,NaN
1406.02,36.21,33.35,36.00,20.00,AUTO,0,NaN,NaN,NaN,NaN,NaN,NaN,NaN,NaN,NaN,NaN,0,NaN,35.90,36.10,NaN,NaN
1407.02,36.21,33.31,36.00,20.00,AUTO,0,NaN,NaN,NaN,NaN,NaN,NaN,NaN,NaN,NaN,NaN,0,NaN,35.90,36.10,NaN,NaN
1408.02,36.19,33.31,36.00,20.00,AUTO,0,NaN,NaN,NaN,NaN,NaN,NaN,NaN,NaN,NaN,NaN,0,NaN,35.90,36.10,NaN,NaN
1409.02,36.19,33.31,36.00,20.00,AUTO,0,NaN,NaN,NaN,NaN,NaN,NaN,NaN,NaN,NaN,NaN,0,NaN,35.90,36.10,NaN,NaN
1410.02,36.18,33.35,36.00,20.00,AUTO,0,NaN,NaN,NaN,NaN,NaN,NaN,NaN,NaN,NaN,NaN,0,NaN,35.90,36.10,NaN,NaN
1411.03,36.18,33.35,36.00,20.00,AUTO,0,NaN,NaN,NaN,NaN,NaN,NaN,NaN,NaN,NaN,NaN,0,NaN,35.90,36.10,NaN,NaN
1412.03,36.17,33.35,36.00,20.00,AUTO,0,NaN,NaN,NaN,NaN,NaN,NaN,NaN,NaN,NaN,NaN,0,NaN,35.90,36.10,NaN,NaN
1413.03,36.16,33.35,36.00,20.00,AUTO,0,NaN,NaN,NaN,NaN,NaN,NaN,NaN,NaN,NaN,NaN,0,NaN,35.90,36.10,NaN,NaN
1414.03,36.15,33.35,36.00,20.00,AUTO,0,NaN,NaN,NaN,NaN,NaN,NaN,NaN,NaN,NaN,NaN,0,NaN,35.90,36.10,NaN,NaN
1415.03,36.14,33.40,36.00,20.00,AUTO,0,NaN,NaN,NaN,NaN,NaN,NaN,NaN,NaN,NaN,NaN,0,NaN,35.90,36.10,NaN,NaN
1416.03,36.14,33.40,36.00,20.00,AUTO,0,NaN,NaN,NaN,NaN,NaN,NaN,NaN,NaN,NaN,NaN,0,NaN,35.90,36.10,NaN,NaN
1417.04,36.13,33.38,36.00,20.00,AUTO,0,NaN,NaN,NaN,NaN,NaN,NaN,NaN,NaN,NaN,NaN,0,NaN,35.90,36.10,NaN,NaN
1418.03,36.12,33.42,36.00,20.00,AUTO,0,NaN,NaN,NaN,NaN,NaN,NaN,NaN,NaN,NaN,NaN,0,NaN,35.90,36.10,NaN,NaN
1419.04,36.11,33.46,36.00,20.00,AUTO,0,NaN,NaN,NaN,NaN,NaN,NaN,NaN,NaN,NaN,NaN,0,NaN,35.90,36.10,NaN,NaN
1420.04,36.10,33.46,36.00,20.00,AUTO,0,NaN,NaN,NaN,NaN,NaN,NaN,NaN,NaN,NaN,NaN,0,NaN,35.90,36.10,NaN,NaN
1421.04,36.09,33.50,36.00,20.00,AUTO,0,NaN,NaN,NaN,NaN,NaN,NaN,NaN,NaN,NaN,NaN,0,NaN,35.90,36.10,NaN,NaN
1422.04,36.08,33.54,36.00,20.00,AUTO,0,NaN,NaN,NaN,NaN,NaN,NaN,NaN,NaN,NaN,NaN,0,NaN,35.90,36.10,NaN,NaN
1423.04,36.07,33.54,36.00,20.00,AUTO,0,NaN,NaN,NaN,NaN,NaN,NaN,NaN,NaN,NaN,NaN,0,NaN,35.90,36.10,NaN,NaN
1424.04,36.04,33.54,36.00,20.00,AUTO,0,NaN,NaN,NaN,NaN,NaN,NaN,NaN,NaN,NaN,NaN,0,NaN,35.90,36.10,NaN,NaN
1425.05,36.03,33.58,36.00,20.00,AUTO,0,NaN,NaN,NaN,NaN,NaN,NaN,NaN,NaN,NaN,NaN,0,NaN,35.90,36.10,NaN,NaN
1426.05,36.02,33.58,36.00,20.00,AUTO,0,NaN,NaN,NaN,NaN,NaN,NaN,NaN,NaN,NaN,NaN,0,NaN,35.90,36.10,NaN,NaN
1427.05,36.01,33.62,36.00,20.00,AUTO,0,NaN,NaN,NaN,NaN,NaN,NaN,NaN,NaN,NaN,NaN,0,NaN,35.90,36.10,NaN,NaN
1428.05,36.01,33.62,36.00,20.00,AUTO,0,NaN,NaN,NaN,NaN,NaN,NaN,NaN,NaN,NaN,NaN,0,NaN,35.90,36.10,NaN,NaN
1429.05,35.99,33.64,36.00,20.00,AUTO,0,NaN,NaN,NaN,NaN,NaN,NaN,NaN,NaN,NaN,NaN,0,NaN,35.90,36.10,NaN,NaN
1430.06,35.98,33.64,36.00,20.00,AUTO,0,NaN,NaN,NaN,NaN,NaN,NaN,NaN,NaN,NaN,NaN,0,NaN,35.90,36.10,NaN,NaN
1431.06,35.96,33.68,36.00,20.00,AUTO,0,NaN,NaN,NaN,NaN,NaN,NaN,NaN,NaN,NaN,NaN,0,NaN,35.90,36.10,NaN,NaN
1432.06,35.95,33.68,36.00,20.00,AUTO,0,NaN,NaN,NaN,NaN,NaN,NaN,NaN,NaN,NaN,NaN,0,NaN,35.90,36.10,NaN,NaN
1433.06,35.93,33.73,36.00,20.00,AUTO,0,NaN,NaN,NaN,NaN,NaN,NaN,NaN,NaN,NaN,NaN,0,NaN,35.90,36.10,NaN,NaN
1434.06,35.92,33.73,36.00,20.00,AUTO,0,NaN,NaN,NaN,NaN,NaN,NaN,NaN,NaN,NaN,NaN,0,NaN,35.90,36.10,NaN,NaN
1435.06,35.90,33.73,36.00,20.00,AUTO,0,NaN,NaN,NaN,NaN,NaN,NaN,NaN,NaN,NaN,NaN,0,NaN,35.90,36.10,NaN,NaN
1436.07,35.89,33.73,36.00,20.00,AUTO,0,NaN,NaN,NaN,NaN,NaN,NaN,NaN,NaN,NaN,NaN,1,NaN,35.90,36.10,NaN,NaN
1437.06,35.87,33.80,36.00,20.00,AUTO,0,NaN,NaN,NaN,NaN,NaN,NaN,NaN,NaN,NaN,NaN,1,NaN,35.90,36.10,NaN,NaN
1438.07,35.83,33.80,36.00,20.00,AUTO,0,NaN,NaN,NaN,NaN,NaN,NaN,NaN,NaN,NaN,NaN,1,NaN,35.90,36.10,NaN,NaN
1439.07,35.80,33.83,36.00,20.00,AUTO,0,NaN,NaN,NaN,NaN,NaN,NaN,NaN,NaN,NaN,NaN,1,NaN,35.90,36.10,NaN,NaN
1440.07,35.78,33.86,36.00,20.00,AUTO,0,NaN,NaN,NaN,NaN,NaN,NaN,NaN,NaN,NaN,NaN,1,NaN,35.90,36.10,NaN,NaN
1441.07,35.77,33.86,36.00,20.00,AUTO,0,NaN,NaN,NaN,NaN,NaN,NaN,NaN,NaN,NaN,NaN,1,NaN,35.90,36.10,NaN,NaN
1442.07,35.77,33.95,36.00,20.00,AUTO,0,NaN,NaN,NaN,NaN,NaN,NaN,NaN,NaN,NaN,NaN,1,NaN,35.90,36.10,NaN,NaN
1443.07,35.74,33.95,36.00,20.00,AUTO,0,NaN,NaN,NaN,NaN,NaN,NaN,NaN,NaN,NaN,NaN,1,NaN,35.90,36.10,NaN,NaN
1444.08,35.74,33.95,36.00,20.00,AUTO,0,NaN,NaN,NaN,NaN,NaN,NaN,NaN,NaN,NaN,NaN,1,NaN,35.90,36.10,NaN,NaN
1445.08,35.75,33.99,36.00,20.00,AUTO,0,NaN,NaN,NaN,NaN,NaN,NaN,NaN,NaN,NaN,NaN,1,NaN,35.90,36.10,NaN,NaN
1446.08,35.77,33.99,36.00,20.00,AUTO,0,NaN,NaN,NaN,NaN,NaN,NaN,NaN,NaN,NaN,NaN,1,NaN,35.90,36.10,NaN,NaN
1447.08,35.75,33.99,36.00,20.00,AUTO,0,NaN,NaN,NaN,NaN,NaN,NaN,NaN,NaN,NaN,NaN,1,NaN,35.90,36.10,NaN,NaN
1448.08,35.75,33.99,36.00,20.00,AUTO,0,NaN,NaN,NaN,NaN,NaN,NaN,NaN,NaN,NaN,NaN,1,NaN,35.90,36.10,NaN,NaN
1449.08,35.74,33.99,36.00,20.00,AUTO,0,NaN,NaN,NaN,NaN,NaN,NaN,NaN,NaN,NaN,NaN,1,NaN,35.90,36.10,NaN,NaN
1450.08,35.74,33.99,36.00,20.00,AUTO,0,NaN,NaN,NaN,NaN,NaN,NaN,NaN,NaN,NaN,NaN,1,NaN,35.90,36.10,NaN,NaN
1451.09,35.74,34.03,36.00,20.00,AUTO,0,NaN,NaN,NaN,NaN,NaN,NaN,NaN,NaN,NaN,NaN,1,NaN,35.90,36.10,NaN,NaN
1452.09,35.75,34.03,36.00,20.00,AUTO,0,NaN,NaN,NaN,NaN,NaN,NaN,NaN,NaN,NaN,NaN,1,NaN,35.90,36.10,NaN,NaN
1453.09,35.77,34.03,36.00,20.00,AUTO,0,NaN,NaN,NaN,NaN,NaN,NaN,NaN,NaN,NaN,NaN,1,NaN,35.90,36.10,NaN,NaN
1454.09,35.77,33.99,36.00,20.00,AUTO,0,NaN,NaN,NaN,NaN,NaN,NaN,NaN,NaN,NaN,NaN,1,NaN,35.90,36.10,NaN,NaN
1455.09,35.78,33.99,36.00,20.00,AUTO,0,NaN,NaN,NaN,NaN,NaN,NaN,NaN,NaN,NaN,NaN,1,NaN,35.90,36.10,NaN,NaN
1456.09,35.78,33.99,36.00,20.00,AUTO,0,NaN,NaN,NaN,NaN,NaN,NaN,NaN,NaN,NaN,NaN,1,NaN,35.90,36.10,NaN,NaN
1457.10,35.78,33.99,36.00,20.00,AUTO,0,NaN,NaN,NaN,NaN,NaN,NaN,NaN,NaN,NaN,NaN,1,NaN,35.90,36.10,NaN,NaN
1458.10,35.78,33.99,36.00,20.00,AUTO,0,NaN,NaN,NaN,NaN,NaN,NaN,NaN,NaN,NaN,NaN,1,NaN,35.90,36.10,NaN,NaN
1459.10,35.78,33.99,36.00,20.00,AUTO,0,NaN,NaN,NaN,NaN,NaN,NaN,NaN,NaN,NaN,NaN,1,NaN,35.90,36.10,NaN,NaN
1460.10,35.79,33.99,36.00,20.00,AUTO,0,NaN,NaN,NaN,NaN,NaN,NaN,NaN,NaN,NaN,NaN,1,NaN,35.90,36.10,NaN,NaN
1461.10,35.81,33.95,36.00,20.00,AUTO,0,NaN,NaN,NaN,NaN,NaN,NaN,NaN,NaN,NaN,NaN,1,NaN,35.90,36.10,NaN,NaN
1462.11,35.81,33.97,36.00,20.00,AUTO,0,NaN,NaN,NaN,NaN,NaN,NaN,NaN,NaN,NaN,NaN,1,NaN,35.90,36.10,NaN,NaN
1463.10,35.84,33.97,36.00,20.00,AUTO,0,NaN,NaN,NaN,NaN,NaN,NaN,NaN,NaN,NaN,NaN,1,NaN,35.90,36.10,NaN,NaN
1464.11,35.85,33.97,36.00,20.00,AUTO,0,NaN,NaN,NaN,NaN,NaN,NaN,NaN,NaN,NaN,NaN,1,NaN,35.90,36.10,NaN,NaN
1465.11,35.85,33.92,36.00,20.00,AUTO,0,NaN,NaN,NaN,NaN,NaN,NaN,NaN,NaN,NaN,NaN,1,NaN,35.90,36.10,NaN,NaN
1466.11,35.86,33.89,36.00,20.00,AUTO,0,NaN,NaN,NaN,NaN,NaN,NaN,NaN,NaN,NaN,NaN,1,NaN,35.90,36.10,NaN,NaN
1467.11,35.87,33.89,36.00,20.00,AUTO,0,NaN,NaN,NaN,NaN,NaN,NaN,NaN,NaN,NaN,NaN,1,NaN,35.90,36.10,NaN,NaN
1468.11,35.87,33.89,36.00,20.00,AUTO,0,NaN,NaN,NaN,NaN,NaN,NaN,NaN,NaN,NaN,NaN,1,NaN,35.90,36.10,NaN,NaN
1469.11,35.88,33.89,36.00,20.00,AUTO,0,NaN,NaN,NaN,NaN,NaN,NaN,NaN,NaN,NaN,NaN,1,NaN,35.90,36.10,NaN,NaN
1470.12,35.90,33.85,36.00,20.00,AUTO,0,NaN,NaN,NaN,NaN,NaN,NaN,NaN,NaN,NaN,NaN,1,NaN,35.90,36.10,NaN,NaN
1471.12,35.93,33.85,36.00,20.00,AUTO,0,NaN,NaN,NaN,NaN,NaN,NaN,NaN,NaN,NaN,NaN,1,NaN,35.90,36.10,NaN,NaN
1472.12,35.94,33.80,36.00,20.00,AUTO,0,NaN,NaN,NaN,NaN,NaN,NaN,NaN,NaN,NaN,NaN,1,NaN,35.90,36.10,NaN,NaN
1473.12,35.96,33.80,36.00,20.00,AUTO,0,NaN,NaN,NaN,NaN,NaN,NaN,NaN,NaN,NaN,NaN,1,NaN,35.90,36.10,NaN,NaN
1474.12,35.97,33.76,36.00,20.00,AUTO,0,NaN,NaN,NaN,NaN,NaN,NaN,NaN,NaN,NaN,NaN,1,NaN,35.90,36.10,NaN,NaN
1475.12,35.99,33.76,36.00,20.00,AUTO,0,NaN,NaN,NaN,NaN,NaN,NaN,NaN,NaN,NaN,NaN,1,NaN,35.90,36.10,NaN,NaN
1476.13,36.01,33.74,36.00,20.00,AUTO,0,NaN,NaN,NaN,NaN,NaN,NaN,NaN,NaN,NaN,NaN,1,NaN,35.90,36.10,NaN,NaN
1477.13,36.03,33.70,36.00,20.00,AUTO,0,NaN,NaN,NaN,NaN,NaN,NaN,NaN,NaN,NaN,NaN,1,NaN,35.90,36.10,NaN,NaN
1478.13,36.04,33.67,36.00,20.00,AUTO,0,NaN,NaN,NaN,NaN,NaN,NaN,NaN,NaN,NaN,NaN,1,NaN,35.90,36.10,NaN,NaN
1479.13,36.07,33.67,36.00,20.00,AUTO,0,NaN,NaN,NaN,NaN,NaN,NaN,NaN,NaN,NaN,NaN,1,NaN,35.90,36.10,NaN,NaN
1480.13,36.08,33.62,36.00,20.00,AUTO,0,NaN,NaN,NaN,NaN,NaN,NaN,NaN,NaN,NaN,NaN,1,NaN,35.90,36.10,NaN,NaN
1481.13,36.09,33.62,36.00,20.00,AUTO,0,NaN,NaN,NaN,NaN,NaN,NaN,NaN,NaN,NaN,NaN,1,NaN,35.90,36.10,NaN,NaN
1482.14,36.11,33.62,36.00,20.00,AUTO,0,NaN,NaN,NaN,NaN,NaN,NaN,NaN,NaN,NaN,NaN,0,NaN,35.90,36.10,NaN,NaN
1483.13,36.15,33.60,36.00,20.00,AUTO,0,NaN,NaN,NaN,NaN,NaN,NaN,NaN,NaN,NaN,NaN,0,NaN,35.90,36.10,NaN,NaN
1484.14,36.16,33.56,36.00,20.00,AUTO,0,NaN,NaN,NaN,NaN,NaN,NaN,NaN,NaN,NaN,NaN,0,NaN,35.90,36.10,NaN,NaN
1485.14,36.17,33.52,36.00,20.00,AUTO,0,NaN,NaN,NaN,NaN,NaN,NaN,NaN,NaN,NaN,NaN,0,NaN,35.90,36.10,NaN,NaN
1486.14,36.18,33.47,36.00,20.00,AUTO,0,NaN,NaN,NaN,NaN,NaN,NaN,NaN,NaN,NaN,NaN,0,NaN,35.90,36.10,NaN,NaN
1487.14,36.19,33.47,36.00,20.00,AUTO,0,NaN,NaN,NaN,NaN,NaN,NaN,NaN,NaN,NaN,NaN,0,NaN,35.90,36.10,NaN,NaN
1488.14,36.19,33.44,36.00,20.00,AUTO,0,NaN,NaN,NaN,NaN,NaN,NaN,NaN,NaN,NaN,NaN,0,NaN,35.90,36.10,NaN,NaN
1489.15,36.21,33.44,36.00,20.00,AUTO,0,NaN,NaN,NaN,NaN,NaN,NaN,NaN,NaN,NaN,NaN,0,NaN,35.90,36.10,NaN,NaN
1490.15,36.21,33.44,36.00,20.00,AUTO,0,NaN,NaN,NaN,NaN,NaN,NaN,NaN,NaN,NaN,NaN,0,NaN,35.90,36.10,NaN,NaN
1491.15,36.21,33.44,36.00,20.00,AUTO,0,NaN,NaN,NaN,NaN,NaN,NaN,NaN,NaN,NaN,NaN,0,NaN,35.90,36.10,NaN,NaN
1492.15,36.21,33.44,36.00,20.00,AUTO,0,NaN,NaN,NaN,NaN,NaN,NaN,NaN,NaN,NaN,NaN,0,NaN,35.90,36.10,NaN,NaN
1493.15,36.19,33.44,36.00,20.00,AUTO,0,NaN,NaN,NaN,NaN,NaN,NaN,NaN,NaN,NaN,NaN,0,NaN,35.90,36.10,NaN,NaN
1494.15,36.19,33.44,36.00,20.00,AUTO,0,NaN,NaN,NaN,NaN,NaN,NaN,NaN,NaN,NaN,NaN,0,NaN,35.90,36.10,NaN,NaN
1495.16,36.18,33.44,36.00,20.00,AUTO,0,NaN,NaN,NaN,NaN,NaN,NaN,NaN,NaN,NaN,NaN,0,NaN,35.90,36.10,NaN,NaN
1496.15,36.18,33.44,36.00,20.00,AUTO,0,NaN,NaN,NaN,NaN,NaN,NaN,NaN,NaN,NaN,NaN,0,NaN,35.90,36.10,NaN,NaN
1497.16,36.17,33.44,36.00,20.00,AUTO,0,NaN,NaN,NaN,NaN,NaN,NaN,NaN,NaN,NaN,NaN,0,NaN,35.90,36.10,NaN,NaN
1498.16,36.16,33.44,36.00,20.00,AUTO,0,NaN,NaN,NaN,NaN,NaN,NaN,NaN,NaN,NaN,NaN,0,NaN,35.90,36.10,NaN,NaN
1499.16,36.15,33.44,36.00,20.00,AUTO,0,NaN,NaN,NaN,NaN,NaN,NaN,NaN,NaN,NaN,NaN,0,NaN,35.90,36.10,NaN,NaN
1500.16,36.14,33.47,36.00,20.00,AUTO,0,NaN,NaN,NaN,NaN,NaN,NaN,NaN,NaN,NaN,NaN,0,NaN,35.90,36.10,NaN,NaN
1501.16,36.14,33.47,36.00,20.00,AUTO,0,NaN,NaN,NaN,NaN,NaN,NaN,NaN,NaN,NaN,NaN,0,NaN,35.90,36.10,NaN,NaN
1502.17,36.14,33.47,36.00,20.00,AUTO,0,NaN,NaN,NaN,NaN,NaN,NaN,NaN,NaN,NaN,NaN,0,NaN,35.90,36.10,NaN,NaN
1503.17,36.13,33.50,36.00,20.00,AUTO,0,NaN,NaN,NaN,NaN,NaN,NaN,NaN,NaN,NaN,NaN,0,NaN,35.90,36.10,NaN,NaN
1504.17,36.12,33.54,36.00,20.00,AUTO,0,NaN,NaN,NaN,NaN,NaN,NaN,NaN,NaN,NaN,NaN,0,NaN,35.90,36.10,NaN,NaN
1505.17,36.11,33.54,36.00,20.00,AUTO,0,NaN,NaN,NaN,NaN,NaN,NaN,NaN,NaN,NaN,NaN,0,NaN,35.90,36.10,NaN,NaN
1506.17,36.10,33.58,36.00,20.00,AUTO,0,NaN,NaN,NaN,NaN,NaN,NaN,NaN,NaN,NaN,NaN,0,NaN,35.90,36.10,NaN,NaN
1507.17,36.09,33.62,36.00,20.00,AUTO,0,NaN,NaN,NaN,NaN,NaN,NaN,NaN,NaN,NaN,NaN,0,NaN,35.90,36.10,NaN,NaN
1508.18,36.08,33.62,36.00,20.00,AUTO,0,NaN,NaN,NaN,NaN,NaN,NaN,NaN,NaN,NaN,NaN,0,NaN,35.90,36.10,NaN,NaN
1509.18,36.07,33.67,36.00,20.00,AUTO,0,NaN,NaN,NaN,NaN,NaN,NaN,NaN,NaN,NaN,NaN,0,NaN,35.90,36.10,NaN,NaN
1510.18,36.06,33.67,36.00,20.00,AUTO,0,NaN,NaN,NaN,NaN,NaN,NaN,NaN,NaN,NaN,NaN,0,NaN,35.90,36.10,NaN,NaN
1511.18,36.03,33.70,36.00,20.00,AUTO,0,NaN,NaN,NaN,NaN,NaN,NaN,NaN,NaN,NaN,NaN,0,NaN,35.90,36.10,NaN,NaN
1512.18,36.02,33.74,36.00,20.00,AUTO,0,NaN,NaN,NaN,NaN,NaN,NaN,NaN,NaN,NaN,NaN,0,NaN,35.90,36.10,NaN,NaN
1513.18,36.01,33.74,36.00,20.00,AUTO,0,NaN,NaN,NaN,NaN,NaN,NaN,NaN,NaN,NaN,NaN,0,NaN,35.90,36.10,NaN,NaN
1514.19,36.00,33.74,36.00,20.00,AUTO,0,NaN,NaN,NaN,NaN,NaN,NaN,NaN,NaN,NaN,NaN,0,NaN,35.90,36.10,NaN,NaN
1515.18,35.99,33.73,36.00,20.00,AUTO,0,NaN,NaN,NaN,NaN,NaN,NaN,NaN,NaN,NaN,NaN,0,NaN,35.90,36.10,NaN,NaN
1516.19,35.98,33.76,36.00,20.00,AUTO,0,NaN,NaN,NaN,NaN,NaN,NaN,NaN,NaN,NaN,NaN,0,NaN,35.90,36.10,NaN,NaN
1517.19,35.96,33.80,36.00,20.00,AUTO,0,NaN,NaN,NaN,NaN,NaN,NaN,NaN,NaN,NaN,NaN,0,NaN,35.90,36.10,NaN,NaN
1518.19,35.95,33.80,36.00,20.00,AUTO,0,NaN,NaN,NaN,NaN,NaN,NaN,NaN,NaN,NaN,NaN,0,NaN,35.90,36.10,NaN,NaN
1519.19,35.94,33.85,36.00,20.00,AUTO,0,NaN,NaN,NaN,NaN,NaN,NaN,NaN,NaN,NaN,NaN,0,NaN,35.90,36.10,NaN,NaN
1520.19,35.92,33.85,36.00,20.00,AUTO,0,NaN,NaN,NaN,NaN,NaN,NaN,NaN,NaN,NaN,NaN,0,NaN,35.90,36.10,NaN,NaN
1521.20,35.90,33.89,36.00,20.00,AUTO,0,NaN,NaN,NaN,NaN,NaN,NaN,NaN,NaN,NaN,NaN,0,NaN,35.90,36.10,NaN,NaN
1522.20,35.89,33.92,36.00,20.00,AUTO,0,NaN,NaN,NaN,NaN,NaN,NaN,NaN,NaN,NaN,NaN,1,NaN,35.90,36.10,NaN,NaN
1523.20,35.86,33.97,36.00,20.00,AUTO,0,NaN,NaN,NaN,NaN,NaN,NaN,NaN,NaN,NaN,NaN,1,NaN,35.90,36.10,NaN,NaN
1524.20,35.83,33.97,36.00,20.00,AUTO,0,NaN,NaN,NaN,NaN,NaN,NaN,NaN,NaN,NaN,NaN,1,NaN,35.90,36.10,NaN,NaN
1525.20,35.80,33.99,36.00,20.00,AUTO,0,NaN,NaN,NaN,NaN,NaN,NaN,NaN,NaN,NaN,NaN,1,NaN,35.90,36.10,NaN,NaN
1526.20,35.80,33.99,36.00,20.00,AUTO,0,NaN,NaN,NaN,NaN,NaN,NaN,NaN,NaN,NaN,NaN,1,NaN,35.90,36.10,NaN,NaN
1527.20,35.79,33.99,36.00,20.00,AUTO,0,NaN,NaN,NaN,NaN,NaN,NaN,NaN,NaN,NaN,NaN,1,NaN,35.90,36.10,NaN,NaN
1528.20,35.78,34.03,36.00,20.00,AUTO,0,NaN,NaN,NaN,NaN,NaN,NaN,NaN,NaN,NaN,NaN,1,NaN,35.90,36.10,NaN,NaN
1529.21,35.78,34.03,36.00,20.00,AUTO,0,NaN,NaN,NaN,NaN,NaN,NaN,NaN,NaN,NaN,NaN,1,NaN,35.90,36.10,NaN,NaN
1530.21,35.77,34.03,36.00,20.00,AUTO,0,NaN,NaN,NaN,NaN,NaN,NaN,NaN,NaN,NaN,NaN,1,NaN,35.90,36.10,NaN,NaN
1531.21,35.77,34.03,36.00,20.00,AUTO,0,NaN,NaN,NaN,NaN,NaN,NaN,NaN,NaN,NaN,NaN,1,NaN,35.90,36.10,NaN,NaN
1532.21,35.77,34.03,36.00,20.00,AUTO,0,NaN,NaN,NaN,NaN,NaN,NaN,NaN,NaN,NaN,NaN,1,NaN,35.90,36.10,NaN,NaN
1533.21,35.77,34.03,36.00,20.00,AUTO,0,NaN,NaN,NaN,NaN,NaN,NaN,NaN,NaN,NaN,NaN,1,NaN,35.90,36.10,NaN,NaN
1534.21,35.78,34.03,36.00,20.00,AUTO,0,NaN,NaN,NaN,NaN,NaN,NaN,NaN,NaN,NaN,NaN,1,NaN,35.90,36.10,NaN,NaN
1535.22,35.78,34.03,36.00,20.00,AUTO,0,NaN,NaN,NaN,NaN,NaN,NaN,NaN,NaN,NaN,NaN,1,NaN,35.90,36.10,NaN,NaN
1536.22,35.78,34.03,36.00,20.00,AUTO,0,NaN,NaN,NaN,NaN,NaN,NaN,NaN,NaN,NaN,NaN,1,NaN,35.90,36.10,NaN,NaN
1537.22,35.79,34.03,36.00,20.00,AUTO,0,NaN,NaN,NaN,NaN,NaN,NaN,NaN,NaN,NaN,NaN,1,NaN,35.90,36.10,NaN,NaN
1538.22,35.79,34.03,36.00,20.00,AUTO,0,NaN,NaN,NaN,NaN,NaN,NaN,NaN,NaN,NaN,NaN,1,NaN,35.90,36.10,NaN,NaN
1539.22,35.81,34.03,36.00,20.00,AUTO,0,NaN,NaN,NaN,NaN,NaN,NaN,NaN,NaN,NaN,NaN,1,NaN,35.90,36.10,NaN,NaN
1540.22,35.81,34.05,36.00,20.00,AUTO,0,NaN,NaN,NaN,NaN,NaN,NaN,NaN,NaN,NaN,NaN,1,NaN,35.90,36.10,NaN,NaN
1541.23,35.81,34.05,36.00,20.00,AUTO,0,NaN,NaN,NaN,NaN,NaN,NaN,NaN,NaN,NaN,NaN,1,NaN,35.90,36.10,NaN,NaN
1542.23,35.82,34.05,36.00,20.00,AUTO,0,NaN,NaN,NaN,NaN,NaN,NaN,NaN,NaN,NaN,NaN,1,NaN,35.90,36.10,NaN,NaN
1543.23,35.82,34.05,36.00,20.00,AUTO,0,NaN,NaN,NaN,NaN,NaN,NaN,NaN,NaN,NaN,NaN,1,NaN,35.90,36.10,NaN,NaN
1544.23,35.84,34.01,36.00,20.00,AUTO,0,NaN,NaN,NaN,NaN,NaN,NaN,NaN,NaN,NaN,NaN,1,NaN,35.90,36.10,NaN,NaN
1545.23,35.84,34.01,36.00,20.00,AUTO,0,NaN,NaN,NaN,NaN,NaN,NaN,NaN,NaN,NaN,NaN,1,NaN,35.90,36.10,NaN,NaN
1546.23,35.85,34.01,36.00,20.00,AUTO,0,NaN,NaN,NaN,NaN,NaN,NaN,NaN,NaN,NaN,NaN,1,NaN,35.90,36.10,NaN,NaN
1547.23,35.85,33.97,36.00,20.00,AUTO,0,NaN,NaN,NaN,NaN,NaN,NaN,NaN,NaN,NaN,NaN,1,NaN,35.90,36.10,NaN,NaN
1548.24,35.87,33.97,36.00,20.00,AUTO,0,NaN,NaN,NaN,NaN,NaN,NaN,NaN,NaN,NaN,NaN,1,NaN,35.90,36.10,NaN,NaN
1549.24,35.87,33.97,36.00,20.00,AUTO,0,NaN,NaN,NaN,NaN,NaN,NaN,NaN,NaN,NaN,NaN,1,NaN,35.90,36.10,NaN,NaN
1550.24,35.89,33.97,36.00,20.00,AUTO,0,NaN,NaN,NaN,NaN,NaN,NaN,NaN,NaN,NaN,NaN,1,NaN,35.90,36.10,NaN,NaN
1551.24,35.89,33.97,36.00,20.00,AUTO,0,NaN,NaN,NaN,NaN,NaN,NaN,NaN,NaN,NaN,NaN,1,NaN,35.90,36.10,NaN,NaN
1552.24,35.90,33.92,36.00,20.00,AUTO,0,NaN,NaN,NaN,NaN,NaN,NaN,NaN,NaN,NaN,NaN,1,NaN,35.90,36.10,NaN,NaN
1553.24,35.90,33.92,36.00,20.00,AUTO,0,NaN,NaN,NaN,NaN,NaN,NaN,NaN,NaN,NaN,NaN,1,NaN,35.90,36.10,NaN,NaN
1554.25,35.90,33.92,36.00,20.00,AUTO,0,NaN,NaN,NaN,NaN,NaN,NaN,NaN,NaN,NaN,NaN,1,NaN,35.90,36.10,NaN,NaN
1555.25,35.92,33.89,36.00,20.00,AUTO,0,NaN,NaN,NaN,NaN,NaN,NaN,NaN,NaN,NaN,NaN,1,NaN,35.90,36.10,NaN,NaN
1556.25,35.96,33.89,36.00,20.00,AUTO,0,NaN,NaN,NaN,NaN,NaN,NaN,NaN,NaN,NaN,NaN,1,NaN,35.90,36.10,NaN,NaN
1557.25,35.98,33.85,36.00,20.00,AUTO,0,NaN,NaN,NaN,NaN,NaN,NaN,NaN,NaN,NaN,NaN,1,NaN,35.90,36.10,NaN,NaN
1558.25,36.00,33.80,36.00,20.00,AUTO,0,NaN,NaN,NaN,NaN,NaN,NaN,NaN,NaN,NaN,NaN,1,NaN,35.90,36.10,NaN,NaN
1559.26,36.00,33.83,36.00,20.00,AUTO,0,NaN,NaN,NaN,NaN,NaN,NaN,NaN,NaN,NaN,NaN,1,NaN,35.90,36.10,NaN,NaN
1560.26,36.01,33.78,36.00,20.00,AUTO,0,NaN,NaN,NaN,NaN,NaN,NaN,NaN,NaN,NaN,NaN,1,NaN,35.90,36.10,NaN,NaN
1561.26,36.01,33.78,36.00,20.00,AUTO,0,NaN,NaN,NaN,NaN,NaN,NaN,NaN,NaN,NaN,NaN,1,NaN,35.90,36.10,NaN,NaN
1562.26,36.03,33.74,36.00,20.00,AUTO,0,NaN,NaN,NaN,NaN,NaN,NaN,NaN,NaN,NaN,NaN,1,NaN,35.90,36.10,NaN,NaN
1563.26,36.04,33.74,36.00,20.00,AUTO,0,NaN,NaN,NaN,NaN,NaN,NaN,NaN,NaN,NaN,NaN,1,NaN,35.90,36.10,NaN,NaN
1564.26,36.07,33.74,36.00,20.00,AUTO,0,NaN,NaN,NaN,NaN,NaN,NaN,NaN,NaN,NaN,NaN,1,NaN,35.90,36.10,NaN,NaN
1565.26,36.10,33.67,36.00,20.00,AUTO,0,NaN,NaN,NaN,NaN,NaN,NaN,NaN,NaN,NaN,NaN,1,NaN,35.90,36.10,NaN,NaN
1566.27,36.12,33.67,36.00,20.00,AUTO,0,NaN,NaN,NaN,NaN,NaN,NaN,NaN,NaN,NaN,NaN,0,NaN,35.90,36.10,NaN,NaN
1567.27,36.14,33.63,36.00,20.00,AUTO,0,NaN,NaN,NaN,NaN,NaN,NaN,NaN,NaN,NaN,NaN,0,NaN,35.90,36.10,NaN,NaN
1568.27,36.16,33.63,36.00,20.00,AUTO,0,NaN,NaN,NaN,NaN,NaN,NaN,NaN,NaN,NaN,NaN,0,NaN,35.90,36.10,NaN,NaN
1569.27,36.17,33.60,36.00,20.00,AUTO,0,NaN,NaN,NaN,NaN,NaN,NaN,NaN,NaN,NaN,NaN,0,NaN,35.90,36.10,NaN,NaN
1570.27,36.18,33.60,36.00,20.00,AUTO,0,NaN,NaN,NaN,NaN,NaN,NaN,NaN,NaN,NaN,NaN,0,NaN,35.90,36.10,NaN,NaN
1571.27,36.18,33.56,36.00,20.00,AUTO,0,NaN,NaN,NaN,NaN,NaN,NaN,NaN,NaN,NaN,NaN,0,NaN,35.90,36.10,NaN,NaN
1572.27,36.18,33.56,36.00,20.00,AUTO,0,NaN,NaN,NaN,NaN,NaN,NaN,NaN,NaN,NaN,NaN,0,NaN,35.90,36.10,NaN,NaN
1573.28,36.18,33.56,36.00,20.00,AUTO,0,NaN,NaN,NaN,NaN,NaN,NaN,NaN,NaN,NaN,NaN,0,NaN,35.90,36.10,NaN,NaN
1574.28,36.19,33.56,36.00,20.00,AUTO,0,NaN,NaN,NaN,NaN,NaN,NaN,NaN,NaN,NaN,NaN,0,NaN,35.90,36.10,NaN,NaN
1575.28,36.18,33.56,36.00,20.00,AUTO,0,NaN,NaN,NaN,NaN,NaN,NaN,NaN,NaN,NaN,NaN,0,NaN,35.90,36.10,NaN,NaN
1576.28,36.18,33.56,36.00,20.00,AUTO,0,NaN,NaN,NaN,NaN,NaN,NaN,NaN,NaN,NaN,NaN,0,NaN,35.90,36.10,NaN,NaN
1577.28,36.18,33.56,36.00,20.00,AUTO,0,NaN,NaN,NaN,NaN,NaN,NaN,NaN,NaN,NaN,NaN,0,NaN,35.90,36.10,NaN,NaN
1578.28,36.17,33.56,36.00,20.00,AUTO,0,NaN,NaN,NaN,NaN,NaN,NaN,NaN,NaN,NaN,NaN,0,NaN,35.90,36.10,NaN,NaN
1579.28,36.17,33.56,36.00,20.00,AUTO,0,NaN,NaN,NaN,NaN,NaN,NaN,NaN,NaN,NaN,NaN,0,NaN,35.90,36.10,NaN,NaN
1580.29,36.16,33.56,36.00,20.00,AUTO,0,NaN,NaN,NaN,NaN,NaN,NaN,NaN,NaN,NaN,NaN,0,NaN,35.90,36.10,NaN,NaN
1581.29,36.15,33.56,36.00,20.00,AUTO,0,NaN,NaN,NaN,NaN,NaN,NaN,NaN,NaN,NaN,NaN,0,NaN,35.90,36.10,NaN,NaN
1582.29,36.14,33.56,36.00,20.00,AUTO,0,NaN,NaN,NaN,NaN,NaN,NaN,NaN,NaN,NaN,NaN,0,NaN,35.90,36.10,NaN,NaN
1583.29,36.13,33.54,36.00,20.00,AUTO,0,NaN,NaN,NaN,NaN,NaN,NaN,NaN,NaN,NaN,NaN,0,NaN,35.90,36.10,NaN,NaN
1584.29,36.13,33.54,36.00,20.00,AUTO,0,NaN,NaN,NaN,NaN,NaN,NaN,NaN,NaN,NaN,NaN,0,NaN,35.90,36.10,NaN,NaN
1585.29,36.12,33.58,36.00,20.00,AUTO,0,NaN,NaN,NaN,NaN,NaN,NaN,NaN,NaN,NaN,NaN,0,NaN,35.90,36.10,NaN,NaN
1586.30,36.11,33.58,36.00,20.00,AUTO,0,NaN,NaN,NaN,NaN,NaN,NaN,NaN,NaN,NaN,NaN,0,NaN,35.90,36.10,NaN,NaN
1587.30,36.10,33.62,36.00,20.00,AUTO,0,NaN,NaN,NaN,NaN,NaN,NaN,NaN,NaN,NaN,NaN,0,NaN,35.90,36.10,NaN,NaN
1588.30,36.09,33.62,36.00,20.00,AUTO,0,NaN,NaN,NaN,NaN,NaN,NaN,NaN,NaN,NaN,NaN,0,NaN,35.90,36.10,NaN,NaN
1589.30,36.08,33.62,36.00,20.00,AUTO,0,NaN,NaN,NaN,NaN,NaN,NaN,NaN,NaN,NaN,NaN,0,NaN,35.90,36.10,NaN,NaN
1590.30,36.07,33.67,36.00,20.00,AUTO,0,NaN,NaN,NaN,NaN,NaN,NaN,NaN,NaN,NaN,NaN,0,NaN,35.90,36.10,NaN,NaN
1591.30,36.06,33.67,36.00,20.00,AUTO,0,NaN,NaN,NaN,NaN,NaN,NaN,NaN,NaN,NaN,NaN,0,NaN,35.90,36.10,NaN,NaN
1592.30,36.04,33.67,36.00,20.00,AUTO,0,NaN,NaN,NaN,NaN,NaN,NaN,NaN,NaN,NaN,NaN,0,NaN,35.90,36.10,NaN,NaN
1593.30,36.03,33.70,36.00,20.00,AUTO,0,NaN,NaN,NaN,NaN,NaN,NaN,NaN,NaN,NaN,NaN,0,NaN,35.90,36.10,NaN,NaN
1594.31,36.01,33.70,36.00,20.00,AUTO,0,NaN,NaN,NaN,NaN,NaN,NaN,NaN,NaN,NaN,NaN,0,NaN,35.90,36.10,NaN,NaN
1595.31,36.01,33.74,36.00,20.00,AUTO,0,NaN,NaN,NaN,NaN,NaN,NaN,NaN,NaN,NaN,NaN,0,NaN,35.90,36.10,NaN,NaN
1596.31,36.00,33.74,36.00,20.00,AUTO,0,NaN,NaN,NaN,NaN,NaN,NaN,NaN,NaN,NaN,NaN,0,NaN,35.90,36.10,NaN,NaN
1597.31,36.00,33.73,36.00,20.00,AUTO,0,NaN,NaN,NaN,NaN,NaN,NaN,NaN,NaN,NaN,NaN,0,NaN,35.90,36.10,NaN,NaN
1598.31,35.98,33.76,36.00,20.00,AUTO,0,NaN,NaN,NaN,NaN,NaN,NaN,NaN,NaN,NaN,NaN,0,NaN,35.90,36.10,NaN,NaN
1599.32,35.97,33.80,36.00,20.00,AUTO,0,NaN,NaN,NaN,NaN,NaN,NaN,NaN,NaN,NaN,NaN,0,NaN,35.90,36.10,NaN,NaN
1600.32,35.96,33.85,36.00,20.00,AUTO,0,NaN,NaN,NaN,NaN,NaN,NaN,NaN,NaN,NaN,NaN,0,NaN,35.90,36.10,NaN,NaN
1601.32,35.94,33.89,36.00,20.00,AUTO,0,NaN,NaN,NaN,NaN,NaN,NaN,NaN,NaN,NaN,NaN,0,NaN,35.90,36.10,NaN,NaN
1602.32,35.92,33.89,36.00,20.00,AUTO,0,NaN,NaN,NaN,NaN,NaN,NaN,NaN,NaN,NaN,NaN,0,NaN,35.90,36.10,NaN,NaN
1603.32,35.90,33.97,36.00,20.00,AUTO,0,NaN,NaN,NaN,NaN,NaN,NaN,NaN,NaN,NaN,NaN,0,NaN,35.90,36.10,NaN,NaN
1604.33,35.89,33.97,36.00,20.00,AUTO,0,NaN,NaN,NaN,NaN,NaN,NaN,NaN,NaN,NaN,NaN,1,NaN,35.90,36.10,NaN,NaN
1605.33,35.86,33.97,36.00,20.00,AUTO,0,NaN,NaN,NaN,NaN,NaN,NaN,NaN,NaN,NaN,NaN,1,NaN,35.90,36.10,NaN,NaN
1606.33,35.83,34.01,36.00,20.00,AUTO,0,NaN,NaN,NaN,NaN,NaN,NaN,NaN,NaN,NaN,NaN,1,NaN,35.90,36.10,NaN,NaN
1607.33,35.80,34.03,36.00,20.00,AUTO,0,NaN,NaN,NaN,NaN,NaN,NaN,NaN,NaN,NaN,NaN,1,NaN,35.90,36.10,NaN,NaN
1608.33,35.80,34.03,36.00,20.00,AUTO,0,NaN,NaN,NaN,NaN,NaN,NaN,NaN,NaN,NaN,NaN,1,NaN,35.90,36.10,NaN,NaN
1609.33,35.79,34.03,36.00,20.00,AUTO,0,NaN,NaN,NaN,NaN,NaN,NaN,NaN,NaN,NaN,NaN,1,NaN,35.90,36.10,NaN,NaN
1610.33,35.78,34.07,36.00,20.00,AUTO,0,NaN,NaN,NaN,NaN,NaN,NaN,NaN,NaN,NaN,NaN,1,NaN,35.90,36.10,NaN,NaN
1611.33,35.79,34.07,36.00,20.00,AUTO,0,NaN,NaN,NaN,NaN,NaN,NaN,NaN,NaN,NaN,NaN,1,NaN,35.90,36.10,NaN,NaN
1612.34,35.78,34.07,36.00,20.00,AUTO,0,NaN,NaN,NaN,NaN,NaN,NaN,NaN,NaN,NaN,NaN,1,NaN,35.90,36.10,NaN,NaN
1613.34,35.78,34.07,36.00,20.00,AUTO,0,NaN,NaN,NaN,NaN,NaN,NaN,NaN,NaN,NaN,NaN,1,NaN,35.90,36.10,NaN,NaN
1614.34,35.78,34.07,36.00,20.00,AUTO,0,NaN,NaN,NaN,NaN,NaN,NaN,NaN,NaN,NaN,NaN,1,NaN,35.90,36.10,NaN,NaN
1615.34,35.78,34.07,36.00,20.00,AUTO,0,NaN,NaN,NaN,NaN,NaN,NaN,NaN,NaN,NaN,NaN,1,NaN,35.90,36.10,NaN,NaN
1616.34,35.78,34.07,36.00,20.00,AUTO,0,NaN,NaN,NaN,NaN,NaN,NaN,NaN,NaN,NaN,NaN,1,NaN,35.90,36.10,NaN,NaN
1617.34,35.78,34.11,36.00,20.00,AUTO,0,NaN,NaN,NaN,NaN,NaN,NaN,NaN,NaN,NaN,NaN,1,NaN,35.90,36.10,NaN,NaN
1618.35,35.78,34.11,36.00,20.00,AUTO,0,NaN,NaN,NaN,NaN,NaN,NaN,NaN,NaN,NaN,NaN,1,NaN,35.90,36.10,NaN,NaN
1619.35,35.78,34.11,36.00,20.00,AUTO,0,NaN,NaN,NaN,NaN,NaN,NaN,NaN,NaN,NaN,NaN,1,NaN,35.90,36.10,NaN,NaN
1620.35,35.78,34.11,36.00,20.00,AUTO,0,NaN,NaN,NaN,NaN,NaN,NaN,NaN,NaN,NaN,NaN,1,NaN,35.90,36.10,NaN,NaN
1621.35,35.79,34.11,36.00,20.00,AUTO,0,NaN,NaN,NaN,NaN,NaN,NaN,NaN,NaN,NaN,NaN,1,NaN,35.90,36.10,NaN,NaN
1622.35,35.79,34.11,36.00,20.00,AUTO,0,NaN,NaN,NaN,NaN,NaN,NaN,NaN,NaN,NaN,NaN,1,NaN,35.90,36.10,NaN,NaN
1623.35,35.82,34.13,36.00,20.00,AUTO,0,NaN,NaN,NaN,NaN,NaN,NaN,NaN,NaN,NaN,NaN,1,NaN,35.90,36.10,NaN,NaN
1624.36,35.83,34.08,36.00,20.00,AUTO,0,NaN,NaN,NaN,NaN,NaN,NaN,NaN,NaN,NaN,NaN,1,NaN,35.90,36.10,NaN,NaN
1625.35,35.85,34.08,36.00,20.00,AUTO,0,NaN,NaN,NaN,NaN,NaN,NaN,NaN,NaN,NaN,NaN,1,NaN,35.90,36.10,NaN,NaN
1626.36,35.85,34.05,36.00,20.00,AUTO,0,NaN,NaN,NaN,NaN,NaN,NaN,NaN,NaN,NaN,NaN,1,NaN,35.90,36.10,NaN,NaN
1627.36,35.86,34.05,36.00,20.00,AUTO,0,NaN,NaN,NaN,NaN,NaN,NaN,NaN,NaN,NaN,NaN,1,NaN,35.90,36.10,NaN,NaN
1628.36,35.88,34.05,36.00,20.00,AUTO,0,NaN,NaN,NaN,NaN,NaN,NaN,NaN,NaN,NaN,NaN,1,NaN,35.90,36.10,NaN,NaN
1629.36,35.90,34.05,36.00,20.00,AUTO,0,NaN,NaN,NaN,NaN,NaN,NaN,NaN,NaN,NaN,NaN,1,NaN,35.90,36.10,NaN,NaN
1630.36,35.90,34.01,36.00,20.00,AUTO,0,NaN,NaN,NaN,NaN,NaN,NaN,NaN,NaN,NaN,NaN,1,NaN,35.90,36.10,NaN,NaN
1631.37,35.90,34.01,36.00,20.00,AUTO,0,NaN,NaN,NaN,NaN,NaN,NaN,NaN,NaN,NaN,NaN,1,NaN,35.90,36.10,NaN,NaN
1632.37,35.92,33.97,36.00,20.00,AUTO,0,NaN,NaN,NaN,NaN,NaN,NaN,NaN,NaN,NaN,NaN,1,NaN,35.90,36.10,NaN,NaN
1633.37,35.94,33.97,36.00,20.00,AUTO,0,NaN,NaN,NaN,NaN,NaN,NaN,NaN,NaN,NaN,NaN,1,NaN,35.90,36.10,NaN,NaN
1634.37,35.96,33.97,36.00,20.00,AUTO,0,NaN,NaN,NaN,NaN,NaN,NaN,NaN,NaN,NaN,NaN,1,NaN,35.90,36.10,NaN,NaN
1635.37,35.99,33.92,36.00,20.00,AUTO,0,NaN,NaN,NaN,NaN,NaN,NaN,NaN,NaN,NaN,NaN,1,NaN,35.90,36.10,NaN,NaN
1636.37,36.01,33.90,36.00,20.00,AUTO,0,NaN,NaN,NaN,NaN,NaN,NaN,NaN,NaN,NaN,NaN,1,NaN,35.90,36.10,NaN,NaN
1637.37,36.01,33.86,36.00,20.00,AUTO,0,NaN,NaN,NaN,NaN,NaN,NaN,NaN,NaN,NaN,NaN,1,NaN,35.90,36.10,NaN,NaN
1638.38,36.01,33.83,36.00,20.00,AUTO,0,NaN,NaN,NaN,NaN,NaN,NaN,NaN,NaN,NaN,NaN,1,NaN,35.90,36.10,NaN,NaN
1639.38,36.02,33.83,36.00,20.00,AUTO,0,NaN,NaN,NaN,NaN,NaN,NaN,NaN,NaN,NaN,NaN,1,NaN,35.90,36.10,NaN,NaN
1640.38,36.04,33.83,36.00,20.00,AUTO,0,NaN,NaN,NaN,NaN,NaN,NaN,NaN,NaN,NaN,NaN,1,NaN,35.90,36.10,NaN,NaN
1641.38,36.07,33.78,36.00,20.00,AUTO,0,NaN,NaN,NaN,NaN,NaN,NaN,NaN,NaN,NaN,NaN,1,NaN,35.90,36.10,NaN,NaN
1642.38,36.09,33.74,36.00,20.00,AUTO,0,NaN,NaN,NaN,NaN,NaN,NaN,NaN,NaN,NaN,NaN,1,NaN,35.90,36.10,NaN,NaN
1643.38,36.10,33.74,36.00,20.00,AUTO,0,NaN,NaN,NaN,NaN,NaN,NaN,NaN,NaN,NaN,NaN,1,NaN,35.90,36.10,NaN,NaN
1644.39,36.12,33.70,36.00,20.00,AUTO,0,NaN,NaN,NaN,NaN,NaN,NaN,NaN,NaN,NaN,NaN,0,NaN,35.90,36.10,NaN,NaN
1645.39,36.15,33.68,36.00,20.00,AUTO,0,NaN,NaN,NaN,NaN,NaN,NaN,NaN,NaN,NaN,NaN,0,NaN,35.90,36.10,NaN,NaN
1646.39,36.17,33.68,36.00,20.00,AUTO,0,NaN,NaN,NaN,NaN,NaN,NaN,NaN,NaN,NaN,NaN,0,NaN,35.90,36.10,NaN,NaN
1647.39,36.18,33.63,36.00,20.00,AUTO,0,NaN,NaN,NaN,NaN,NaN,NaN,NaN,NaN,NaN,NaN,0,NaN,35.90,36.10,NaN,NaN
1648.39,36.18,33.63,36.00,20.00,AUTO,0,NaN,NaN,NaN,NaN,NaN,NaN,NaN,NaN,NaN,NaN,0,NaN,35.90,36.10,NaN,NaN
1649.39,36.18,33.63,36.00,20.00,AUTO,0,NaN,NaN,NaN,NaN,NaN,NaN,NaN,NaN,NaN,NaN,0,NaN,35.90,36.10,NaN,NaN
1650.40,36.18,33.63,36.00,20.00,AUTO,0,NaN,NaN,NaN,NaN,NaN,NaN,NaN,NaN,NaN,NaN,0,NaN,35.90,36.10,NaN,NaN
1651.40,36.18,33.63,36.00,20.00,AUTO,0,NaN,NaN,NaN,NaN,NaN,NaN,NaN,NaN,NaN,NaN,0,NaN,35.90,36.10,NaN,NaN
1652.40,36.17,33.63,36.00,20.00,AUTO,0,NaN,NaN,NaN,NaN,NaN,NaN,NaN,NaN,NaN,NaN,0,NaN,35.90,36.10,NaN,NaN
1653.40,36.17,33.63,36.00,20.00,AUTO,0,NaN,NaN,NaN,NaN,NaN,NaN,NaN,NaN,NaN,NaN,0,NaN,35.90,36.10,NaN,NaN
1654.40,36.17,33.63,36.00,20.00,AUTO,0,NaN,NaN,NaN,NaN,NaN,NaN,NaN,NaN,NaN,NaN,0,NaN,35.90,36.10,NaN,NaN
1655.40,36.16,33.63,36.00,20.00,AUTO,0,NaN,NaN,NaN,NaN,NaN,NaN,NaN,NaN,NaN,NaN,0,NaN,35.90,36.10,NaN,NaN
1656.40,36.15,33.63,36.00,20.00,AUTO,0,NaN,NaN,NaN,NaN,NaN,NaN,NaN,NaN,NaN,NaN,0,NaN,35.90,36.10,NaN,NaN
1657.40,36.15,33.63,36.00,20.00,AUTO,0,NaN,NaN,NaN,NaN,NaN,NaN,NaN,NaN,NaN,NaN,0,NaN,35.90,36.10,NaN,NaN
1658.41,36.14,33.63,36.00,20.00,AUTO,0,NaN,NaN,NaN,NaN,NaN,NaN,NaN,NaN,NaN,NaN,0,NaN,35.90,36.10,NaN,NaN
1659.41,36.13,33.62,36.00,20.00,AUTO,0,NaN,NaN,NaN,NaN,NaN,NaN,NaN,NaN,NaN,NaN,0,NaN,35.90,36.10,NaN,NaN
1660.41,36.12,33.62,36.00,20.00,AUTO,0,NaN,NaN,NaN,NaN,NaN,NaN,NaN,NaN,NaN,NaN,0,NaN,35.90,36.10,NaN,NaN
1661.41,36.11,33.62,36.00,20.00,AUTO,0,NaN,NaN,NaN,NaN,NaN,NaN,NaN,NaN,NaN,NaN,0,NaN,35.90,36.10,NaN,NaN
1662.41,36.10,33.62,36.00,20.00,AUTO,0,NaN,NaN,NaN,NaN,NaN,NaN,NaN,NaN,NaN,NaN,0,NaN,35.90,36.10,NaN,NaN
1663.42,36.10,33.67,36.00,20.00,AUTO,0,NaN,NaN,NaN,NaN,NaN,NaN,NaN,NaN,NaN,NaN,0,NaN,35.90,36.10,NaN,NaN
1664.42,36.09,33.67,36.00,20.00,AUTO,0,NaN,NaN,NaN,NaN,NaN,NaN,NaN,NaN,NaN,NaN,0,NaN,35.90,36.10,NaN,NaN
1665.42,36.08,33.70,36.00,20.00,AUTO,0,NaN,NaN,NaN,NaN,NaN,NaN,NaN,NaN,NaN,NaN,0,NaN,35.90,36.10,NaN,NaN
1666.42,36.07,33.74,36.00,20.00,AUTO,0,NaN,NaN,NaN,NaN,NaN,NaN,NaN,NaN,NaN,NaN,0,NaN,35.90,36.10,NaN,NaN
1667.42,36.06,33.74,36.00,20.00,AUTO,0,NaN,NaN,NaN,NaN,NaN,NaN,NaN,NaN,NaN,NaN,0,NaN,35.90,36.10,NaN,NaN
1668.42,36.04,33.78,36.00,20.00,AUTO,0,NaN,NaN,NaN,NaN,NaN,NaN,NaN,NaN,NaN,NaN,0,NaN,35.90,36.10,NaN,NaN
1669.43,36.03,33.78,36.00,20.00,AUTO,0,NaN,NaN,NaN,NaN,NaN,NaN,NaN,NaN,NaN,NaN,0,NaN,35.90,36.10,NaN,NaN
1670.43,36.02,33.83,36.00,20.00,AUTO,0,NaN,NaN,NaN,NaN,NaN,NaN,NaN,NaN,NaN,NaN,0,NaN,35.90,36.10,NaN,NaN
1671.43,36.01,33.83,36.00,20.00,AUTO,0,NaN,NaN,NaN,NaN,NaN,NaN,NaN,NaN,NaN,NaN,0,NaN,35.90,36.10,NaN,NaN
1672.43,36.00,33.83,36.00,20.00,AUTO,0,NaN,NaN,NaN,NaN,NaN,NaN,NaN,NaN,NaN,NaN,0,NaN,35.90,36.10,NaN,NaN
1673.43,35.99,33.85,36.00,20.00,AUTO,0,NaN,NaN,NaN,NaN,NaN,NaN,NaN,NaN,NaN,NaN,0,NaN,35.90,36.10,NaN,NaN
1674.44,35.98,33.89,36.00,20.00,AUTO,0,NaN,NaN,NaN,NaN,NaN,NaN,NaN,NaN,NaN,NaN,0,NaN,35.90,36.10,NaN,NaN
1675.43,35.97,33.89,36.00,20.00,AUTO,0,NaN,NaN,NaN,NaN,NaN,NaN,NaN,NaN,NaN,NaN,0,NaN,35.90,36.10,NaN,NaN
1676.43,35.95,33.92,36.00,20.00,AUTO,0,NaN,NaN,NaN,NaN,NaN,NaN,NaN,NaN,NaN,NaN,0,NaN,35.90,36.10,NaN,NaN
1677.44,35.94,33.97,36.00,20.00,AUTO,0,NaN,NaN,NaN,NaN,NaN,NaN,NaN,NaN,NaN,NaN,0,NaN,35.90,36.10,NaN,NaN
1678.44,35.93,33.97,36.00,20.00,AUTO,0,NaN,NaN,NaN,NaN,NaN,NaN,NaN,NaN,NaN,NaN,0,NaN,35.90,36.10,NaN,NaN
1679.44,35.90,34.01,36.00,20.00,AUTO,0,NaN,NaN,NaN,NaN,NaN,NaN,NaN,NaN,NaN,NaN,0,NaN,35.90,36.10,NaN,NaN
1680.44,35.89,34.05,36.00,20.00,AUTO,0,NaN,NaN,NaN,NaN,NaN,NaN,NaN,NaN,NaN,NaN,1,NaN,35.90,36.10,NaN,NaN
1681.44,35.87,34.05,36.00,20.00,AUTO,0,NaN,NaN,NaN,NaN,NaN,NaN,NaN,NaN,NaN,NaN,1,NaN,35.90,36.10,NaN,NaN
1682.44,35.84,34.05,36.00,20.00,AUTO,0,NaN,NaN,NaN,NaN,NaN,NaN,NaN,NaN,NaN,NaN,1,NaN,35.90,36.10,NaN,NaN
1683.45,35.82,34.07,36.00,20.00,AUTO,0,NaN,NaN,NaN,NaN,NaN,NaN,NaN,NaN,NaN,NaN,1,NaN,35.90,36.10,NaN,NaN
1684.44,35.80,34.07,36.00,20.00,AUTO,0,NaN,NaN,NaN,NaN,NaN,NaN,NaN,NaN,NaN,NaN,1,NaN,35.90,36.10,NaN,NaN
1685.45,35.79,34.07,36.00,20.00,AUTO,0,NaN,NaN,NaN,NaN,NaN,NaN,NaN,NaN,NaN,NaN,1,NaN,35.90,36.10,NaN,NaN
1686.45,35.79,34.11,36.00,20.00,AUTO,0,NaN,NaN,NaN,NaN,NaN,NaN,NaN,NaN,NaN,NaN,1,NaN,35.90,36.10,NaN,NaN
1687.45,35.79,34.11,36.00,20.00,AUTO,0,NaN,NaN,NaN,NaN,NaN,NaN,NaN,NaN,NaN,NaN,1,NaN,35.90,36.10,NaN,NaN
1688.46,35.79,34.11,36.00,20.00,AUTO,0,NaN,NaN,NaN,NaN,NaN,NaN,NaN,NaN,NaN,NaN,1,NaN,35.90,36.10,NaN,NaN
1689.45,35.79,34.15,36.00,20.00,AUTO,0,NaN,NaN,NaN,NaN,NaN,NaN,NaN,NaN,NaN,NaN,1,NaN,35.90,36.10,NaN,NaN
1690.46,35.78,34.15,36.00,20.00,AUTO,0,NaN,NaN,NaN,NaN,NaN,NaN,NaN,NaN,NaN,NaN,1,NaN,35.90,36.10,NaN,NaN
1691.46,35.78,34.15,36.00,20.00,AUTO,0,NaN,NaN,NaN,NaN,NaN,NaN,NaN,NaN,NaN,NaN,1,NaN,35.90,36.10,NaN,NaN
1692.46,35.78,34.15,36.00,20.00,AUTO,0,NaN,NaN,NaN,NaN,NaN,NaN,NaN,NaN,NaN,NaN,1,NaN,35.90,36.10,NaN,NaN
1693.46,35.79,34.15,36.00,20.00,AUTO,0,NaN,NaN,NaN,NaN,NaN,NaN,NaN,NaN,NaN,NaN,1,NaN,35.90,36.10,NaN,NaN
1694.46,35.79,34.15,36.00,20.00,AUTO,0,NaN,NaN,NaN,NaN,NaN,NaN,NaN,NaN,NaN,NaN,1,NaN,35.90,36.10,NaN,NaN
1695.46,35.80,34.17,36.00,20.00,AUTO,0,NaN,NaN,NaN,NaN,NaN,NaN,NaN,NaN,NaN,NaN,1,NaN,35.90,36.10,NaN,NaN
1696.47,35.79,34.15,36.00,20.00,AUTO,0,NaN,NaN,NaN,NaN,NaN,NaN,NaN,NaN,NaN,NaN,1,NaN,35.90,36.10,NaN,NaN
1697.47,35.81,34.17,36.00,20.00,AUTO,0,NaN,NaN,NaN,NaN,NaN,NaN,NaN,NaN,NaN,NaN,1,NaN,35.90,36.10,NaN,NaN
1698.47,35.81,34.17,36.00,20.00,AUTO,0,NaN,NaN,NaN,NaN,NaN,NaN,NaN,NaN,NaN,NaN,1,NaN,35.90,36.10,NaN,NaN
1699.47,35.82,34.17,36.00,20.00,AUTO,0,NaN,NaN,NaN,NaN,NaN,NaN,NaN,NaN,NaN,NaN,1,NaN,35.90,36.10,NaN,NaN
1700.47,35.84,34.17,36.00,20.00,AUTO,0,NaN,NaN,NaN,NaN,NaN,NaN,NaN,NaN,NaN,NaN,1,NaN,35.90,36.10,NaN,NaN
1701.48,35.84,34.13,36.00,20.00,AUTO,0,NaN,NaN,NaN,NaN,NaN,NaN,NaN,NaN,NaN,NaN,1,NaN,35.90,36.10,NaN,NaN
1702.47,35.84,34.13,36.00,20.00,AUTO,0,NaN,NaN,NaN,NaN,NaN,NaN,NaN,NaN,NaN,NaN,1,NaN,35.90,36.10,NaN,NaN
1703.48,35.85,34.08,36.00,20.00,AUTO,0,NaN,NaN,NaN,NaN,NaN,NaN,NaN,NaN,NaN,NaN,1,NaN,35.90,36.10,NaN,NaN
1704.48,35.87,34.08,36.00,20.00,AUTO,0,NaN,NaN,NaN,NaN,NaN,NaN,NaN,NaN,NaN,NaN,1,NaN,35.90,36.10,NaN,NaN
1705.48,35.89,34.08,36.00,20.00,AUTO,0,NaN,NaN,NaN,NaN,NaN,NaN,NaN,NaN,NaN,NaN,1,NaN,35.90,36.10,NaN,NaN
1706.48,35.92,34.05,36.00,20.00,AUTO,0,NaN,NaN,NaN,NaN,NaN,NaN,NaN,NaN,NaN,NaN,1,NaN,35.90,36.10,NaN,NaN
1707.48,35.93,34.05,36.00,20.00,AUTO,0,NaN,NaN,NaN,NaN,NaN,NaN,NaN,NaN,NaN,NaN,1,NaN,35.90,36.10,NaN,NaN
1708.48,35.95,34.05,36.00,20.00,AUTO,0,NaN,NaN,NaN,NaN,NaN,NaN,NaN,NaN,NaN,NaN,1,NaN,35.90,36.10,NaN,NaN
1709.49,35.95,34.01,36.00,20.00,AUTO,0,NaN,NaN,NaN,NaN,NaN,NaN,NaN,NaN,NaN,NaN,1,NaN,35.90,36.10,NaN,NaN
1710.49,35.95,34.01,36.00,20.00,AUTO,0,NaN,NaN,NaN,NaN,NaN,NaN,NaN,NaN,NaN,NaN,1,NaN,35.90,36.10,NaN,NaN
1711.49,35.96,33.97,36.00,20.00,AUTO,0,NaN,NaN,NaN,NaN,NaN,NaN,NaN,NaN,NaN,NaN,1,NaN,35.90,36.10,NaN,NaN
1712.49,35.98,33.97,36.00,20.00,AUTO,0,NaN,NaN,NaN,NaN,NaN,NaN,NaN,NaN,NaN,NaN,1,NaN,35.90,36.10,NaN,NaN
1713.49,35.99,33.97,36.00,20.00,AUTO,0,NaN,NaN,NaN,NaN,NaN,NaN,NaN,NaN,NaN,NaN,1,NaN,35.90,36.10,NaN,NaN
1714.49,36.00,33.99,36.00,20.00,AUTO,0,NaN,NaN,NaN,NaN,NaN,NaN,NaN,NaN,NaN,NaN,1,NaN,35.90,36.10,NaN,NaN
1715.50,36.01,33.95,36.00,20.00,AUTO,0,NaN,NaN,NaN,NaN,NaN,NaN,NaN,NaN,NaN,NaN,1,NaN,35.90,36.10,NaN,NaN
1716.49,36.02,33.90,36.00,20.00,AUTO,0,NaN,NaN,NaN,NaN,NaN,NaN,NaN,NaN,NaN,NaN,1,NaN,35.90,36.10,NaN,NaN
1717.50,36.06,33.90,36.00,20.00,AUTO,0,NaN,NaN,NaN,NaN,NaN,NaN,NaN,NaN,NaN,NaN,1,NaN,35.90,36.10,NaN,NaN
1718.50,36.06,33.86,36.00,20.00,AUTO,0,NaN,NaN,NaN,NaN,NaN,NaN,NaN,NaN,NaN,NaN,1,NaN,35.90,36.10,NaN,NaN
1719.50,36.08,33.83,36.00,20.00,AUTO,0,NaN,NaN,NaN,NaN,NaN,NaN,NaN,NaN,NaN,NaN,1,NaN,35.90,36.10,NaN,NaN
1720.50,36.10,33.83,36.00,20.00,AUTO,0,NaN,NaN,NaN,NaN,NaN,NaN,NaN,NaN,NaN,NaN,1,NaN,35.90,36.10,NaN,NaN
1721.51,36.12,33.78,36.00,20.00,AUTO,0,NaN,NaN,NaN,NaN,NaN,NaN,NaN,NaN,NaN,NaN,0,NaN,35.90,36.10,NaN,NaN
1722.51,36.14,33.76,36.00,20.00,AUTO,0,NaN,NaN,NaN,NaN,NaN,NaN,NaN,NaN,NaN,NaN,0,NaN,35.90,36.10,NaN,NaN
1723.51,36.16,33.76,36.00,20.00,AUTO,0,NaN,NaN,NaN,NaN,NaN,NaN,NaN,NaN,NaN,NaN,0,NaN,35.90,36.10,NaN,NaN
1724.51,36.17,33.72,36.00,20.00,AUTO,0,NaN,NaN,NaN,NaN,NaN,NaN,NaN,NaN,NaN,NaN,0,NaN,35.90,36.10,NaN,NaN
1725.51,36.19,33.68,36.00,20.00,AUTO,0,NaN,NaN,NaN,NaN,NaN,NaN,NaN,NaN,NaN,NaN,0,NaN,35.90,36.10,NaN,NaN
1726.51,36.19,33.68,36.00,20.00,AUTO,0,NaN,NaN,NaN,NaN,NaN,NaN,NaN,NaN,NaN,NaN,0,NaN,35.90,36.10,NaN,NaN
1727.51,36.21,33.63,36.00,20.00,AUTO,0,NaN,NaN,NaN,NaN,NaN,NaN,NaN,NaN,NaN,NaN,0,NaN,35.90,36.10,NaN,NaN
1728.52,36.21,33.63,36.00,20.00,AUTO,0,NaN,NaN,NaN,NaN,NaN,NaN,NaN,NaN,NaN,NaN,0,NaN,35.90,36.10,NaN,NaN
1729.52,36.21,33.63,36.00,20.00,AUTO,0,NaN,NaN,NaN,NaN,NaN,NaN,NaN,NaN,NaN,NaN,0,NaN,35.90,36.10,NaN,NaN
1730.52,36.21,33.63,36.00,20.00,AUTO,0,NaN,NaN,NaN,NaN,NaN,NaN,NaN,NaN,NaN,NaN,0,NaN,35.90,36.10,NaN,NaN
1731.52,36.21,33.63,36.00,20.00,AUTO,0,NaN,NaN,NaN,NaN,NaN,NaN,NaN,NaN,NaN,NaN,0,NaN,35.90,36.10,NaN,NaN
1732.52,36.19,33.63,36.00,20.00,AUTO,0,NaN,NaN,NaN,NaN,NaN,NaN,NaN,NaN,NaN,NaN,0,NaN,35.90,36.10,NaN,NaN
1733.52,36.18,33.63,36.00,20.00,AUTO,0,NaN,NaN,NaN,NaN,NaN,NaN,NaN,NaN,NaN,NaN,0,NaN,35.90,36.10,NaN,NaN
1734.52,36.17,33.63,36.00,20.00,AUTO,0,NaN,NaN,NaN,NaN,NaN,NaN,NaN,NaN,NaN,NaN,0,NaN,35.90,36.10,NaN,NaN
1735.53,36.16,33.63,36.00,20.00,AUTO,0,NaN,NaN,NaN,NaN,NaN,NaN,NaN,NaN,NaN,NaN,0,NaN,35.90,36.10,NaN,NaN
1736.53,36.16,33.68,36.00,20.00,AUTO,0,NaN,NaN,NaN,NaN,NaN,NaN,NaN,NaN,NaN,NaN,0,NaN,35.90,36.10,NaN,NaN
1737.53,36.14,33.68,36.00,20.00,AUTO,0,NaN,NaN,NaN,NaN,NaN,NaN,NaN,NaN,NaN,NaN,0,NaN,35.90,36.10,NaN,NaN
1738.53,36.13,33.67,36.00,20.00,AUTO,0,NaN,NaN,NaN,NaN,NaN,NaN,NaN,NaN,NaN,NaN,0,NaN,35.90,36.10,NaN,NaN
1739.53,36.13,33.67,36.00,20.00,AUTO,0,NaN,NaN,NaN,NaN,NaN,NaN,NaN,NaN,NaN,NaN,0,NaN,35.90,36.10,NaN,NaN
1740.53,36.12,33.70,36.00,20.00,AUTO,0,NaN,NaN,NaN,NaN,NaN,NaN,NaN,NaN,NaN,NaN,0,NaN,35.90,36.10,NaN,NaN
1741.54,36.11,33.70,36.00,20.00,AUTO,0,NaN,NaN,NaN,NaN,NaN,NaN,NaN,NaN,NaN,NaN,0,NaN,35.90,36.10,NaN,NaN
1742.54,36.11,33.74,36.00,20.00,AUTO,0,NaN,NaN,NaN,NaN,NaN,NaN,NaN,NaN,NaN,NaN,0,NaN,35.90,36.10,NaN,NaN
1743.54,36.10,33.74,36.00,20.00,AUTO,0,NaN,NaN,NaN,NaN,NaN,NaN,NaN,NaN,NaN,NaN,0,NaN,35.90,36.10,NaN,NaN
1744.54,36.09,33.78,36.00,20.00,AUTO,0,NaN,NaN,NaN,NaN,NaN,NaN,NaN,NaN,NaN,NaN,0,NaN,35.90,36.10,NaN,NaN
1745.54,36.08,33.83,36.00,20.00,AUTO,0,NaN,NaN,NaN,NaN,NaN,NaN,NaN,NaN,NaN,NaN,0,NaN,35.90,36.10,NaN,NaN
1746.54,36.07,33.83,36.00,20.00,AUTO,0,NaN,NaN,NaN,NaN,NaN,NaN,NaN,NaN,NaN,NaN,0,NaN,35.90,36.10,NaN,NaN
1747.55,36.06,33.86,36.00,20.00,AUTO,0,NaN,NaN,NaN,NaN,NaN,NaN,NaN,NaN,NaN,NaN,0,NaN,35.90,36.10,NaN,NaN
1748.54,36.04,33.86,36.00,20.00,AUTO,0,NaN,NaN,NaN,NaN,NaN,NaN,NaN,NaN,NaN,NaN,0,NaN,35.90,36.10,NaN,NaN
1749.55,36.03,33.90,36.00,20.00,AUTO,0,NaN,NaN,NaN,NaN,NaN,NaN,NaN,NaN,NaN,NaN,0,NaN,35.90,36.10,NaN,NaN
1750.55,36.02,33.90,36.00,20.00,AUTO,0,NaN,NaN,NaN,NaN,NaN,NaN,NaN,NaN,NaN,NaN,0,NaN,35.90,36.10,NaN,NaN
1751.55,36.01,33.95,36.00,20.00,AUTO,0,NaN,NaN,NaN,NaN,NaN,NaN,NaN,NaN,NaN,NaN,0,NaN,35.90,36.10,NaN,NaN
1752.55,36.00,33.92,36.00,20.00,AUTO,0,NaN,NaN,NaN,NaN,NaN,NaN,NaN,NaN,NaN,NaN,0,NaN,35.90,36.10,NaN,NaN
1753.55,35.99,33.97,36.00,20.00,AUTO,0,NaN,NaN,NaN,NaN,NaN,NaN,NaN,NaN,NaN,NaN,0,NaN,35.90,36.10,NaN,NaN
1754.56,35.98,33.97,36.00,20.00,AUTO,0,NaN,NaN,NaN,NaN,NaN,NaN,NaN,NaN,NaN,NaN,0,NaN,35.90,36.10,NaN,NaN
1755.56,35.97,34.01,36.00,20.00,AUTO,0,NaN,NaN,NaN,NaN,NaN,NaN,NaN,NaN,NaN,NaN,0,NaN,35.90,36.10,NaN,NaN
1756.56,35.95,34.05,36.00,20.00,AUTO,0,NaN,NaN,NaN,NaN,NaN,NaN,NaN,NaN,NaN,NaN,0,NaN,35.90,36.10,NaN,NaN
1757.56,35.93,34.05,36.00,20.00,AUTO,0,NaN,NaN,NaN,NaN,NaN,NaN,NaN,NaN,NaN,NaN,0,NaN,35.90,36.10,NaN,NaN
1758.56,35.92,34.05,36.00,20.00,AUTO,0,NaN,NaN,NaN,NaN,NaN,NaN,NaN,NaN,NaN,NaN,0,NaN,35.90,36.10,NaN,NaN
1759.56,35.90,34.08,36.00,20.00,AUTO,0,NaN,NaN,NaN,NaN,NaN,NaN,NaN,NaN,NaN,NaN,0,NaN,35.90,36.10,NaN,NaN
1760.57,35.89,34.08,36.00,20.00,AUTO,0,NaN,NaN,NaN,NaN,NaN,NaN,NaN,NaN,NaN,NaN,1,NaN,35.90,36.10,NaN,NaN
1761.57,35.86,34.08,36.00,20.00,AUTO,0,NaN,NaN,NaN,NaN,NaN,NaN,NaN,NaN,NaN,NaN,1,NaN,35.90,36.10,NaN,NaN
1762.57,35.83,34.13,36.00,20.00,AUTO,0,NaN,NaN,NaN,NaN,NaN,NaN,NaN,NaN,NaN,NaN,1,NaN,35.90,36.10,NaN,NaN
1763.57,35.80,34.11,36.00,20.00,AUTO,0,NaN,NaN,NaN,NaN,NaN,NaN,NaN,NaN,NaN,NaN,1,NaN,35.90,36.10,NaN,NaN
1764.57,35.79,34.15,36.00,20.00,AUTO,0,NaN,NaN,NaN,NaN,NaN,NaN,NaN,NaN,NaN,NaN,1,NaN,35.90,36.10,NaN,NaN
1765.57,35.79,34.15,36.00,20.00,AUTO,0,NaN,NaN,NaN,NaN,NaN,NaN,NaN,NaN,NaN,NaN,1,NaN,35.90,36.10,NaN,NaN
1766.57,35.78,34.15,36.00,20.00,AUTO,0,NaN,NaN,NaN,NaN,NaN,NaN,NaN,NaN,NaN,NaN,1,NaN,35.90,36.10,NaN,NaN
1767.57,35.78,34.19,36.00,20.00,AUTO,0,NaN,NaN,NaN,NaN,NaN,NaN,NaN,NaN,NaN,NaN,1,NaN,35.90,36.10,NaN,NaN
1768.58,35.77,34.23,36.00,20.00,AUTO,0,NaN,NaN,NaN,NaN,NaN,NaN,NaN,NaN,NaN,NaN,1,NaN,35.90,36.10,NaN,NaN
1769.58,35.78,34.23,36.00,20.00,AUTO,0,NaN,NaN,NaN,NaN,NaN,NaN,NaN,NaN,NaN,NaN,1,NaN,35.90,36.10,NaN,NaN
1770.58,35.77,34.23,36.00,20.00,AUTO,0,NaN,NaN,NaN,NaN,NaN,NaN,NaN,NaN,NaN,NaN,1,NaN,35.90,36.10,NaN,NaN
1771.58,35.77,34.23,36.00,20.00,AUTO,0,NaN,NaN,NaN,NaN,NaN,NaN,NaN,NaN,NaN,NaN,1,NaN,35.90,36.10,NaN,NaN
1772.58,35.78,34.23,36.00,20.00,AUTO,0,NaN,NaN,NaN,NaN,NaN,NaN,NaN,NaN,NaN,NaN,1,NaN,35.90,36.10,NaN,NaN
1773.59,35.78,34.23,36.00,20.00,AUTO,0,NaN,NaN,NaN,NaN,NaN,NaN,NaN,NaN,NaN,NaN,1,NaN,35.90,36.10,NaN,NaN
1774.59,35.78,34.23,36.00,20.00,AUTO,0,NaN,NaN,NaN,NaN,NaN,NaN,NaN,NaN,NaN,NaN,1,NaN,35.90,36.10,NaN,NaN
1775.59,35.78,34.23,36.00,20.00,AUTO,0,NaN,NaN,NaN,NaN,NaN,NaN,NaN,NaN,NaN,NaN,1,NaN,35.90,36.10,NaN,NaN
1776.59,35.79,34.23,36.00,20.00,AUTO,0,NaN,NaN,NaN,NaN,NaN,NaN,NaN,NaN,NaN,NaN,1,NaN,35.90,36.10,NaN,NaN
1777.59,35.81,34.25,36.00,20.00,AUTO,0,NaN,NaN,NaN,NaN,NaN,NaN,NaN,NaN,NaN,NaN,1,NaN,35.90,36.10,NaN,NaN
1778.59,35.80,34.25,36.00,20.00,AUTO,0,NaN,NaN,NaN,NaN,NaN,NaN,NaN,NaN,NaN,NaN,1,NaN,35.90,36.10,NaN,NaN
1779.60,35.81,34.25,36.00,20.00,AUTO,0,NaN,NaN,NaN,NaN,NaN,NaN,NaN,NaN,NaN,NaN,1,NaN,35.90,36.10,NaN,NaN
1780.60,35.81,34.25,36.00,20.00,AUTO,0,NaN,NaN,NaN,NaN,NaN,NaN,NaN,NaN,NaN,NaN,1,NaN,35.90,36.10,NaN,NaN
1781.60,35.82,34.21,36.00,20.00,AUTO,0,NaN,NaN,NaN,NaN,NaN,NaN,NaN,NaN,NaN,NaN,1,NaN,35.90,36.10,NaN,NaN
1782.60,35.83,34.21,36.00,20.00,AUTO,0,NaN,NaN,NaN,NaN,NaN,NaN,NaN,NaN,NaN,NaN,1,NaN,35.90,36.10,NaN,NaN
1783.60,35.85,34.17,36.00,20.00,AUTO,0,NaN,NaN,NaN,NaN,NaN,NaN,NaN,NaN,NaN,NaN,1,NaN,35.90,36.10,NaN,NaN
1784.60,35.85,34.17,36.00,20.00,AUTO,0,NaN,NaN,NaN,NaN,NaN,NaN,NaN,NaN,NaN,NaN,1,NaN,35.90,36.10,NaN,NaN
1785.60,35.86,34.17,36.00,20.00,AUTO,0,NaN,NaN,NaN,NaN,NaN,NaN,NaN,NaN,NaN,NaN,1,NaN,35.90,36.10,NaN,NaN
1786.61,35.89,34.17,36.00,20.00,AUTO,0,NaN,NaN,NaN,NaN,NaN,NaN,NaN,NaN,NaN,NaN,1,NaN,35.90,36.10,NaN,NaN
1787.61,35.90,34.13,36.00,20.00,AUTO,0,NaN,NaN,NaN,NaN,NaN,NaN,NaN,NaN,NaN,NaN,1,NaN,35.90,36.10,NaN,NaN
1788.61,35.92,34.08,36.00,20.00,AUTO,0,NaN,NaN,NaN,NaN,NaN,NaN,NaN,NaN,NaN,NaN,1,NaN,35.90,36.10,NaN,NaN
1789.61,35.93,34.08,36.00,20.00,AUTO,0,NaN,NaN,NaN,NaN,NaN,NaN,NaN,NaN,NaN,NaN,1,NaN,35.90,36.10,NaN,NaN
1790.61,35.94,34.08,36.00,20.00,AUTO,0,NaN,NaN,NaN,NaN,NaN,NaN,NaN,NaN,NaN,NaN,1,NaN,35.90,36.10,NaN,NaN
1791.61,35.96,34.05,36.00,20.00,AUTO,0,NaN,NaN,NaN,NaN,NaN,NaN,NaN,NaN,NaN,NaN,1,NaN,35.90,36.10,NaN,NaN
1792.62,35.97,34.05,36.00,20.00,AUTO,0,NaN,NaN,NaN,NaN,NaN,NaN,NaN,NaN,NaN,NaN,1,NaN,35.90,36.10,NaN,NaN
1793.62,35.98,34.05,36.00,20.00,AUTO,0,NaN,NaN,NaN,NaN,NaN,NaN,NaN,NaN,NaN,NaN,1,NaN,35.90,36.10,NaN,NaN
1794.62,36.00,34.02,36.00,20.00,AUTO,0,NaN,NaN,NaN,NaN,NaN,NaN,NaN,NaN,NaN,NaN,1,NaN,35.90,36.10,NaN,NaN
1795.62,36.01,34.02,36.00,20.00,AUTO,0,NaN,NaN,NaN,NaN,NaN,NaN,NaN,NaN,NaN,NaN,1,NaN,35.90,36.10,NaN,NaN
1796.66,36.03,33.99,36.00,20.00,AUTO,0,NaN,NaN,NaN,NaN,NaN,NaN,NaN,NaN,NaN,NaN,1,NaN,35.90,36.10,NaN,NaN
1797.62,36.04,33.99,36.00,20.00,AUTO,0,NaN,NaN,NaN,NaN,NaN,NaN,NaN,NaN,NaN,NaN,1,NaN,35.90,36.10,NaN,NaN
1798.62,36.07,33.95,36.00,20.00,AUTO,0,NaN,NaN,NaN,NaN,NaN,NaN,NaN,NaN,NaN,NaN,1,NaN,35.90,36.10,NaN,NaN
1799.62,36.10,33.90,36.00,20.00,AUTO,0,NaN,NaN,NaN,NaN,NaN,NaN,NaN,NaN,NaN,NaN,1,NaN,35.90,36.10,NaN,NaN
1800.63,36.12,33.86,36.00,20.00,AUTO,0,NaN,NaN,NaN,NaN,NaN,NaN,NaN,NaN,NaN,NaN,0,NaN,35.90,36.10,NaN,NaN
1801.63,36.15,33.84,36.00,20.00,AUTO,0,NaN,NaN,NaN,NaN,NaN,NaN,NaN,NaN,NaN,NaN,0,NaN,35.90,36.10,NaN,NaN
1802.63,36.16,33.80,36.00,20.00,AUTO,0,NaN,NaN,NaN,NaN,NaN,NaN,NaN,NaN,NaN,NaN,0,NaN,35.90,36.10,NaN,NaN
1803.63,36.17,33.80,36.00,20.00,AUTO,0,NaN,NaN,NaN,NaN,NaN,NaN,NaN,NaN,NaN,NaN,0,NaN,35.90,36.10,NaN,NaN
1804.63,36.18,33.76,36.00,20.00,AUTO,0,NaN,NaN,NaN,NaN,NaN,NaN,NaN,NaN,NaN,NaN,0,NaN,35.90,36.10,NaN,NaN
1805.64,36.19,33.76,36.00,20.00,AUTO,0,NaN,NaN,NaN,NaN,NaN,NaN,NaN,NaN,NaN,NaN,0,NaN,35.90,36.10,NaN,NaN
1806.64,36.19,33.72,36.00,20.00,AUTO,0,NaN,NaN,NaN,NaN,NaN,NaN,NaN,NaN,NaN,NaN,0,NaN,35.90,36.10,NaN,NaN
1807.64,36.21,33.72,36.00,20.00,AUTO,0,NaN,NaN,NaN,NaN,NaN,NaN,NaN,NaN,NaN,NaN,0,NaN,35.90,36.10,NaN,NaN
1808.64,36.21,33.68,36.00,20.00,AUTO,0,NaN,NaN,NaN,NaN,NaN,NaN,NaN,NaN,NaN,NaN,0,NaN,35.90,36.10,NaN,NaN
1809.64,36.21,33.68,36.00,20.00,AUTO,0,NaN,NaN,NaN,NaN,NaN,NaN,NaN,NaN,NaN,NaN,0,NaN,35.90,36.10,NaN,NaN
1810.64,36.21,33.68,36.00,20.00,AUTO,0,NaN,NaN,NaN,NaN,NaN,NaN,NaN,NaN,NaN,NaN,0,NaN,35.90,36.10,NaN,NaN
1811.65,36.19,33.68,36.00,20.00,AUTO,0,NaN,NaN,NaN,NaN,NaN,NaN,NaN,NaN,NaN,NaN,0,NaN,35.90,36.10,NaN,NaN
1812.65,36.19,33.68,36.00,20.00,AUTO,0,NaN,NaN,NaN,NaN,NaN,NaN,NaN,NaN,NaN,NaN,0,NaN,35.90,36.10,NaN,NaN
1813.65,36.18,33.68,36.00,20.00,AUTO,0,NaN,NaN,NaN,NaN,NaN,NaN,NaN,NaN,NaN,NaN,0,NaN,35.90,36.10,NaN,NaN
1814.65,36.17,33.68,36.00,20.00,AUTO,0,NaN,NaN,NaN,NaN,NaN,NaN,NaN,NaN,NaN,NaN,0,NaN,35.90,36.10,NaN,NaN
1815.65,36.17,33.68,36.00,20.00,AUTO,0,NaN,NaN,NaN,NaN,NaN,NaN,NaN,NaN,NaN,NaN,0,NaN,35.90,36.10,NaN,NaN
1816.65,36.16,33.68,36.00,20.00,AUTO,0,NaN,NaN,NaN,NaN,NaN,NaN,NaN,NaN,NaN,NaN,0,NaN,35.90,36.10,NaN,NaN
1817.65,36.15,33.72,36.00,20.00,AUTO,0,NaN,NaN,NaN,NaN,NaN,NaN,NaN,NaN,NaN,NaN,0,NaN,35.90,36.10,NaN,NaN
1818.66,36.15,33.76,36.00,20.00,AUTO,0,NaN,NaN,NaN,NaN,NaN,NaN,NaN,NaN,NaN,NaN,0,NaN,35.90,36.10,NaN,NaN
1819.66,36.14,33.76,36.00,20.00,AUTO,0,NaN,NaN,NaN,NaN,NaN,NaN,NaN,NaN,NaN,NaN,0,NaN,35.90,36.10,NaN,NaN
1820.66,36.13,33.74,36.00,20.00,AUTO,0,NaN,NaN,NaN,NaN,NaN,NaN,NaN,NaN,NaN,NaN,0,NaN,35.90,36.10,NaN,NaN
1821.66,36.12,33.78,36.00,20.00,AUTO,0,NaN,NaN,NaN,NaN,NaN,NaN,NaN,NaN,NaN,NaN,0,NaN,35.90,36.10,NaN,NaN
1822.66,36.11,33.83,36.00,20.00,AUTO,0,NaN,NaN,NaN,NaN,NaN,NaN,NaN,NaN,NaN,NaN,0,NaN,35.90,36.10,NaN,NaN
1823.66,36.10,33.83,36.00,20.00,AUTO,0,NaN,NaN,NaN,NaN,NaN,NaN,NaN,NaN,NaN,NaN,0,NaN,35.90,36.10,NaN,NaN
1824.66,36.09,33.86,36.00,20.00,AUTO,0,NaN,NaN,NaN,NaN,NaN,NaN,NaN,NaN,NaN,NaN,0,NaN,35.90,36.10,NaN,NaN
1825.67,36.08,33.90,36.00,20.00,AUTO,0,NaN,NaN,NaN,NaN,NaN,NaN,NaN,NaN,NaN,NaN,0,NaN,35.90,36.10,NaN,NaN
1826.67,36.07,33.90,36.00,20.00,AUTO,0,NaN,NaN,NaN,NaN,NaN,NaN,NaN,NaN,NaN,NaN,0,NaN,35.90,36.10,NaN,NaN
1827.67,36.06,33.90,36.00,20.00,AUTO,0,NaN,NaN,NaN,NaN,NaN,NaN,NaN,NaN,NaN,NaN,0,NaN,35.90,36.10,NaN,NaN
1828.67,36.04,33.90,36.00,20.00,AUTO,0,NaN,NaN,NaN,NaN,NaN,NaN,NaN,NaN,NaN,NaN,0,NaN,35.90,36.10,NaN,NaN
1829.67,36.03,33.90,36.00,20.00,AUTO,0,NaN,NaN,NaN,NaN,NaN,NaN,NaN,NaN,NaN,NaN,0,NaN,35.90,36.10,NaN,NaN
1830.67,36.01,33.95,36.00,20.00,AUTO,0,NaN,NaN,NaN,NaN,NaN,NaN,NaN,NaN,NaN,NaN,0,NaN,35.90,36.10,NaN,NaN
1831.67,36.01,33.95,36.00,20.00,AUTO,0,NaN,NaN,NaN,NaN,NaN,NaN,NaN,NaN,NaN,NaN,0,NaN,35.90,36.10,NaN,NaN
1832.68,36.00,33.97,36.00,20.00,AUTO,0,NaN,NaN,NaN,NaN,NaN,NaN,NaN,NaN,NaN,NaN,0,NaN,35.90,36.10,NaN,NaN
1833.68,35.99,33.97,36.00,20.00,AUTO,0,NaN,NaN,NaN,NaN,NaN,NaN,NaN,NaN,NaN,NaN,0,NaN,35.90,36.10,NaN,NaN
1834.68,35.98,34.01,36.00,20.00,AUTO,0,NaN,NaN,NaN,NaN,NaN,NaN,NaN,NaN,NaN,NaN,0,NaN,35.90,36.10,NaN,NaN
1835.68,35.96,34.05,36.00,20.00,AUTO,0,NaN,NaN,NaN,NaN,NaN,NaN,NaN,NaN,NaN,NaN,0,NaN,35.90,36.10,NaN,NaN
1836.68,35.95,34.05,36.00,20.00,AUTO,0,NaN,NaN,NaN,NaN,NaN,NaN,NaN,NaN,NaN,NaN,0,NaN,35.90,36.10,NaN,NaN
1837.69,35.94,34.05,36.00,20.00,AUTO,0,NaN,NaN,NaN,NaN,NaN,NaN,NaN,NaN,NaN,NaN,0,NaN,35.90,36.10,NaN,NaN
1838.69,35.92,34.08,36.00,20.00,AUTO,0,NaN,NaN,NaN,NaN,NaN,NaN,NaN,NaN,NaN,NaN,0,NaN,35.90,36.10,NaN,NaN
1839.69,35.90,34.08,36.00,20.00,AUTO,0,NaN,NaN,NaN,NaN,NaN,NaN,NaN,NaN,NaN,NaN,0,NaN,35.90,36.10,NaN,NaN
1840.69,35.88,34.13,36.00,20.00,AUTO,0,NaN,NaN,NaN,NaN,NaN,NaN,NaN,NaN,NaN,NaN,1,NaN,35.90,36.10,NaN,NaN
1841.69,35.86,34.17,36.00,20.00,AUTO,0,NaN,NaN,NaN,NaN,NaN,NaN,NaN,NaN,NaN,NaN,1,NaN,35.90,36.10,NaN,NaN
1842.69,35.83,34.17,36.00,20.00,AUTO,0,NaN,NaN,NaN,NaN,NaN,NaN,NaN,NaN,NaN,NaN,1,NaN,35.90,36.10,NaN,NaN
1843.70,35.80,34.19,36.00,20.00,AUTO,0,NaN,NaN,NaN,NaN,NaN,NaN,NaN,NaN,NaN,NaN,1,NaN,35.90,36.10,NaN,NaN
1844.69,35.79,34.19,36.00,20.00,AUTO,0,NaN,NaN,NaN,NaN,NaN,NaN,NaN,NaN,NaN,NaN,1,NaN,35.90,36.10,NaN,NaN
1845.70,35.79,34.23,36.00,20.00,AUTO,0,NaN,NaN,NaN,NaN,NaN,NaN,NaN,NaN,NaN,NaN,1,NaN,35.90,36.10,NaN,NaN
1846.70,35.78,34.23,36.00,20.00,AUTO,0,NaN,NaN,NaN,NaN,NaN,NaN,NaN,NaN,NaN,NaN,1,NaN,35.90,36.10,NaN,NaN
1847.70,35.78,34.28,36.00,20.00,AUTO,0,NaN,NaN,NaN,NaN,NaN,NaN,NaN,NaN,NaN,NaN,1,NaN,35.90,36.10,NaN,NaN
1848.70,35.78,34.28,36.00,20.00,AUTO,0,NaN,NaN,NaN,NaN,NaN,NaN,NaN,NaN,NaN,NaN,1,NaN,35.90,36.10,NaN,NaN
1849.70,35.78,34.31,36.00,20.00,AUTO,0,NaN,NaN,NaN,NaN,NaN,NaN,NaN,NaN,NaN,NaN,1,NaN,35.90,36.10,NaN,NaN
1850.71,35.78,34.31,36.00,20.00,AUTO,0,NaN,NaN,NaN,NaN,NaN,NaN,NaN,NaN,NaN,NaN,1,NaN,35.90,36.10,NaN,NaN
1851.71,35.78,34.31,36.00,20.00,AUTO,0,NaN,NaN,NaN,NaN,NaN,NaN,NaN,NaN,NaN,NaN,1,NaN,35.90,36.10,NaN,NaN
1852.71,35.78,34.31,36.00,20.00,AUTO,0,NaN,NaN,NaN,NaN,NaN,NaN,NaN,NaN,NaN,NaN,1,NaN,35.90,36.10,NaN,NaN
1853.71,35.78,34.31,36.00,20.00,AUTO,0,NaN,NaN,NaN,NaN,NaN,NaN,NaN,NaN,NaN,NaN,1,NaN,35.90,36.10,NaN,NaN
1854.71,35.79,34.31,36.00,20.00,AUTO,0,NaN,NaN,NaN,NaN,NaN,NaN,NaN,NaN,NaN,NaN,1,NaN,35.90,36.10,NaN,NaN
1855.71,35.80,34.31,36.00,20.00,AUTO,0,NaN,NaN,NaN,NaN,NaN,NaN,NaN,NaN,NaN,NaN,1,NaN,35.90,36.10,NaN,NaN
1856.71,35.80,34.28,36.00,20.00,AUTO,0,NaN,NaN,NaN,NaN,NaN,NaN,NaN,NaN,NaN,NaN,1,NaN,35.90,36.10,NaN,NaN
1857.72,35.81,34.29,36.00,20.00,AUTO,0,NaN,NaN,NaN,NaN,NaN,NaN,NaN,NaN,NaN,NaN,1,NaN,35.90,36.10,NaN,NaN
1858.72,35.80,34.29,36.00,20.00,AUTO,0,NaN,NaN,NaN,NaN,NaN,NaN,NaN,NaN,NaN,NaN,1,NaN,35.90,36.10,NaN,NaN
1859.72,35.82,34.29,36.00,20.00,AUTO,0,NaN,NaN,NaN,NaN,NaN,NaN,NaN,NaN,NaN,NaN,1,NaN,35.90,36.10,NaN,NaN
1860.72,35.83,34.29,36.00,20.00,AUTO,0,NaN,NaN,NaN,NaN,NaN,NaN,NaN,NaN,NaN,NaN,1,NaN,35.90,36.10,NaN,NaN
1861.72,35.84,34.25,36.00,20.00,AUTO,0,NaN,NaN,NaN,NaN,NaN,NaN,NaN,NaN,NaN,NaN,1,NaN,35.90,36.10,NaN,NaN
1862.73,35.86,34.25,36.00,20.00,AUTO,0,NaN,NaN,NaN,NaN,NaN,NaN,NaN,NaN,NaN,NaN,1,NaN,35.90,36.10,NaN,NaN
1863.72,35.86,34.25,36.00,20.00,AUTO,0,NaN,NaN,NaN,NaN,NaN,NaN,NaN,NaN,NaN,NaN,1,NaN,35.90,36.10,NaN,NaN
1864.73,35.88,34.21,36.00,20.00,AUTO,0,NaN,NaN,NaN,NaN,NaN,NaN,NaN,NaN,NaN,NaN,1,NaN,35.90,36.10,NaN,NaN
1865.73,35.89,34.17,36.00,20.00,AUTO,0,NaN,NaN,NaN,NaN,NaN,NaN,NaN,NaN,NaN,NaN,1,NaN,35.90,36.10,NaN,NaN
1866.73,35.90,34.17,36.00,20.00,AUTO,0,NaN,NaN,NaN,NaN,NaN,NaN,NaN,NaN,NaN,NaN,1,NaN,35.90,36.10,NaN,NaN
1867.73,35.92,34.17,36.00,20.00,AUTO,0,NaN,NaN,NaN,NaN,NaN,NaN,NaN,NaN,NaN,NaN,1,NaN,35.90,36.10,NaN,NaN
1868.73,35.93,34.17,36.00,20.00,AUTO,0,NaN,NaN,NaN,NaN,NaN,NaN,NaN,NaN,NaN,NaN,1,NaN,35.90,36.10,NaN,NaN
1869.73,35.94,34.13,36.00,20.00,AUTO,0,NaN,NaN,NaN,NaN,NaN,NaN,NaN,NaN,NaN,NaN,1,NaN,35.90,36.10,NaN,NaN
1870.74,35.94,34.08,36.00,20.00,AUTO,0,NaN,NaN,NaN,NaN,NaN,NaN,NaN,NaN,NaN,NaN,1,NaN,35.90,36.10,NaN,NaN
1871.74,35.96,34.08,36.00,20.00,AUTO,0,NaN,NaN,NaN,NaN,NaN,NaN,NaN,NaN,NaN,NaN,1,NaN,35.90,36.10,NaN,NaN
1872.74,35.98,34.08,36.00,20.00,AUTO,0,NaN,NaN,NaN,NaN,NaN,NaN,NaN,NaN,NaN,NaN,1,NaN,35.90,36.10,NaN,NaN
1873.74,35.99,34.05,36.00,20.00,AUTO,0,NaN,NaN,NaN,NaN,NaN,NaN,NaN,NaN,NaN,NaN,1,NaN,35.90,36.10,NaN,NaN
1874.74,36.00,34.07,36.00,20.00,AUTO,0,NaN,NaN,NaN,NaN,NaN,NaN,NaN,NaN,NaN,NaN,1,NaN,35.90,36.10,NaN,NaN
1875.74,36.01,34.07,36.00,20.00,AUTO,0,NaN,NaN,NaN,NaN,NaN,NaN,NaN,NaN,NaN,NaN,1,NaN,35.90,36.10,NaN,NaN
1876.74,36.02,34.07,36.00,20.00,AUTO,0,NaN,NaN,NaN,NaN,NaN,NaN,NaN,NaN,NaN,NaN,1,NaN,35.90,36.10,NaN,NaN
1877.75,36.02,34.02,36.00,20.00,AUTO,0,NaN,NaN,NaN,NaN,NaN,NaN,NaN,NaN,NaN,NaN,1,NaN,35.90,36.10,NaN,NaN
1878.75,36.03,34.02,36.00,20.00,AUTO,0,NaN,NaN,NaN,NaN,NaN,NaN,NaN,NaN,NaN,NaN,1,NaN,35.90,36.10,NaN,NaN
1879.75,36.06,33.99,36.00,20.00,AUTO,0,NaN,NaN,NaN,NaN,NaN,NaN,NaN,NaN,NaN,NaN,1,NaN,35.90,36.10,NaN,NaN
1880.75,36.07,33.99,36.00,20.00,AUTO,0,NaN,NaN,NaN,NaN,NaN,NaN,NaN,NaN,NaN,NaN,1,NaN,35.90,36.10,NaN,NaN
1881.75,36.09,33.95,36.00,20.00,AUTO,0,NaN,NaN,NaN,NaN,NaN,NaN,NaN,NaN,NaN,NaN,1,NaN,35.90,36.10,NaN,NaN
1882.76,36.11,33.90,36.00,20.00,AUTO,0,NaN,NaN,NaN,NaN,NaN,NaN,NaN,NaN,NaN,NaN,0,NaN,35.90,36.10,NaN,NaN
1883.76,36.13,33.90,36.00,20.00,AUTO,0,NaN,NaN,NaN,NaN,NaN,NaN,NaN,NaN,NaN,NaN,0,NaN,35.90,36.10,NaN,NaN
1884.76,36.14,33.88,36.00,20.00,AUTO,0,NaN,NaN,NaN,NaN,NaN,NaN,NaN,NaN,NaN,NaN,0,NaN,35.90,36.10,NaN,NaN
1885.76,36.15,33.88,36.00,20.00,AUTO,0,NaN,NaN,NaN,NaN,NaN,NaN,NaN,NaN,NaN,NaN,0,NaN,35.90,36.10,NaN,NaN
1886.76,36.15,33.84,36.00,20.00,AUTO,0,NaN,NaN,NaN,NaN,NaN,NaN,NaN,NaN,NaN,NaN,0,NaN,35.90,36.10,NaN,NaN
1887.76,36.16,33.84,36.00,20.00,AUTO,0,NaN,NaN,NaN,NaN,NaN,NaN,NaN,NaN,NaN,NaN,0,NaN,35.90,36.10,NaN,NaN
1888.76,36.16,33.84,36.00,20.00,AUTO,0,NaN,NaN,NaN,NaN,NaN,NaN,NaN,NaN,NaN,NaN,0,NaN,35.90,36.10,NaN,NaN
1889.77,36.17,33.80,36.00,20.00,AUTO,0,NaN,NaN,NaN,NaN,NaN,NaN,NaN,NaN,NaN,NaN,0,NaN,35.90,36.10,NaN,NaN
1890.76,36.17,33.80,36.00,20.00,AUTO,0,NaN,NaN,NaN,NaN,NaN,NaN,NaN,NaN,NaN,NaN,0,NaN,35.90,36.10,NaN,NaN
1891.77,36.17,33.80,36.00,20.00,AUTO,0,NaN,NaN,NaN,NaN,NaN,NaN,NaN,NaN,NaN,NaN,0,NaN,35.90,36.10,NaN,NaN
1892.77,36.17,33.80,36.00,20.00,AUTO,0,NaN,NaN,NaN,NaN,NaN,NaN,NaN,NaN,NaN,NaN,0,NaN,35.90,36.10,NaN,NaN
1893.77,36.16,33.80,36.00,20.00,AUTO,0,NaN,NaN,NaN,NaN,NaN,NaN,NaN,NaN,NaN,NaN,0,NaN,35.90,36.10,NaN,NaN
1894.78,36.16,33.80,36.00,20.00,AUTO,0,NaN,NaN,NaN,NaN,NaN,NaN,NaN,NaN,NaN,NaN,0,NaN,35.90,36.10,NaN,NaN
1895.77,36.15,33.80,36.00,20.00,AUTO,0,NaN,NaN,NaN,NaN,NaN,NaN,NaN,NaN,NaN,NaN,0,NaN,35.90,36.10,NaN,NaN
1896.78,36.15,33.80,36.00,20.00,AUTO,0,NaN,NaN,NaN,NaN,NaN,NaN,NaN,NaN,NaN,NaN,0,NaN,35.90,36.10,NaN,NaN
1897.78,36.14,33.84,36.00,20.00,AUTO,0,NaN,NaN,NaN,NaN,NaN,NaN,NaN,NaN,NaN,NaN,0,NaN,35.90,36.10,NaN,NaN
1898.78,36.14,33.84,36.00,20.00,AUTO,0,NaN,NaN,NaN,NaN,NaN,NaN,NaN,NaN,NaN,NaN,0,NaN,35.90,36.10,NaN,NaN
1899.78,36.13,33.83,36.00,20.00,AUTO,0,NaN,NaN,NaN,NaN,NaN,NaN,NaN,NaN,NaN,NaN,0,NaN,35.90,36.10,NaN,NaN
1900.78,36.12,33.83,36.00,20.00,AUTO,0,NaN,NaN,NaN,NaN,NaN,NaN,NaN,NaN,NaN,NaN,0,NaN,35.90,36.10,NaN,NaN
1901.78,36.11,33.83,36.00,20.00,AUTO,0,NaN,NaN,NaN,NaN,NaN,NaN,NaN,NaN,NaN,NaN,0,NaN,35.90,36.10,NaN,NaN
1902.79,36.11,33.83,36.00,20.00,AUTO,0,NaN,NaN,NaN,NaN,NaN,NaN,NaN,NaN,NaN,NaN,0,NaN,35.90,36.10,NaN,NaN
1903.79,36.09,33.86,36.00,20.00,AUTO,0,NaN,NaN,NaN,NaN,NaN,NaN,NaN,NaN,NaN,NaN,0,NaN,35.90,36.10,NaN,NaN
1904.79,36.09,33.90,36.00,20.00,AUTO,0,NaN,NaN,NaN,NaN,NaN,NaN,NaN,NaN,NaN,NaN,0,NaN,35.90,36.10,NaN,NaN
1905.79,36.08,33.90,36.00,20.00,AUTO,0,NaN,NaN,NaN,NaN,NaN,NaN,NaN,NaN,NaN,NaN,0,NaN,35.90,36.10,NaN,NaN
1906.79,36.07,33.90,36.00,20.00,AUTO,0,NaN,NaN,NaN,NaN,NaN,NaN,NaN,NaN,NaN,NaN,0,NaN,35.90,36.10,NaN,NaN
1907.79,36.06,33.90,36.00,20.00,AUTO,0,NaN,NaN,NaN,NaN,NaN,NaN,NaN,NaN,NaN,NaN,0,NaN,35.90,36.10,NaN,NaN
1908.80,36.04,33.95,36.00,20.00,AUTO,0,NaN,NaN,NaN,NaN,NaN,NaN,NaN,NaN,NaN,NaN,0,NaN,35.90,36.10,NaN,NaN
1909.79,36.03,33.95,36.00,20.00,AUTO,0,NaN,NaN,NaN,NaN,NaN,NaN,NaN,NaN,NaN,NaN,0,NaN,35.90,36.10,NaN,NaN
1910.80,36.02,33.99,36.00,20.00,AUTO,0,NaN,NaN,NaN,NaN,NaN,NaN,NaN,NaN,NaN,NaN,0,NaN,35.90,36.10,NaN,NaN
1911.80,36.01,33.99,36.00,20.00,AUTO,0,NaN,NaN,NaN,NaN,NaN,NaN,NaN,NaN,NaN,NaN,0,NaN,35.90,36.10,NaN,NaN
1912.80,36.01,33.99,36.00,20.00,AUTO,0,NaN,NaN,NaN,NaN,NaN,NaN,NaN,NaN,NaN,NaN,0,NaN,35.90,36.10,NaN,NaN
1913.80,36.00,34.01,36.00,20.00,AUTO,0,NaN,NaN,NaN,NaN,NaN,NaN,NaN,NaN,NaN,NaN,0,NaN,35.90,36.10,NaN,NaN
1914.80,35.98,34.01,36.00,20.00,AUTO,0,NaN,NaN,NaN,NaN,NaN,NaN,NaN,NaN,NaN,NaN,0,NaN,35.90,36.10,NaN,NaN
1915.80,35.97,34.05,36.00,20.00,AUTO,0,NaN,NaN,NaN,NaN,NaN,NaN,NaN,NaN,NaN,NaN,0,NaN,35.90,36.10,NaN,NaN
1916.81,35.96,34.05,36.00,20.00,AUTO,0,NaN,NaN,NaN,NaN,NaN,NaN,NaN,NaN,NaN,NaN,0,NaN,35.90,36.10,NaN,NaN
1917.81,35.94,34.08,36.00,20.00,AUTO,0,NaN,NaN,NaN,NaN,NaN,NaN,NaN,NaN,NaN,NaN,0,NaN,35.90,36.10,NaN,NaN
1918.81,35.94,34.13,36.00,20.00,AUTO,0,NaN,NaN,NaN,NaN,NaN,NaN,NaN,NaN,NaN,NaN,0,NaN,35.90,36.10,NaN,NaN
1919.81,35.92,34.17,36.00,20.00,AUTO,0,NaN,NaN,NaN,NaN,NaN,NaN,NaN,NaN,NaN,NaN,0,NaN,35.90,36.10,NaN,NaN
1920.81,35.90,34.17,36.00,20.00,AUTO,0,NaN,NaN,NaN,NaN,NaN,NaN,NaN,NaN,NaN,NaN,0,NaN,35.90,36.10,NaN,NaN
1921.82,35.89,34.21,36.00,20.00,AUTO,0,NaN,NaN,NaN,NaN,NaN,NaN,NaN,NaN,NaN,NaN,1,NaN,35.90,36.10,NaN,NaN
1922.82,35.86,34.25,36.00,20.00,AUTO,0,NaN,NaN,NaN,NaN,NaN,NaN,NaN,NaN,NaN,NaN,1,NaN,35.90,36.10,NaN,NaN
1923.82,35.84,34.25,36.00,20.00,AUTO,0,NaN,NaN,NaN,NaN,NaN,NaN,NaN,NaN,NaN,NaN,1,NaN,35.90,36.10,NaN,NaN
1924.82,35.82,34.29,36.00,20.00,AUTO,0,NaN,NaN,NaN,NaN,NaN,NaN,NaN,NaN,NaN,NaN,1,NaN,35.90,36.10,NaN,NaN
1925.82,35.80,34.29,36.00,20.00,AUTO,0,NaN,NaN,NaN,NaN,NaN,NaN,NaN,NaN,NaN,NaN,1,NaN,35.90,36.10,NaN,NaN
1926.83,35.80,34.31,36.00,20.00,AUTO,0,NaN,NaN,NaN,NaN,NaN,NaN,NaN,NaN,NaN,NaN,1,NaN,35.90,36.10,NaN,NaN
1927.82,35.80,34.31,36.00,20.00,AUTO,0,NaN,NaN,NaN,NaN,NaN,NaN,NaN,NaN,NaN,NaN,1,NaN,35.90,36.10,NaN,NaN
1928.83,35.79,34.31,36.00,20.00,AUTO,0,NaN,NaN,NaN,NaN,NaN,NaN,NaN,NaN,NaN,NaN,1,NaN,35.90,36.10,NaN,NaN
1929.83,35.79,34.31,36.00,20.00,AUTO,0,NaN,NaN,NaN,NaN,NaN,NaN,NaN,NaN,NaN,NaN,1,NaN,35.90,36.10,NaN,NaN
1930.83,35.79,34.31,36.00,20.00,AUTO,0,NaN,NaN,NaN,NaN,NaN,NaN,NaN,NaN,NaN,NaN,1,NaN,35.90,36.10,NaN,NaN
1931.83,35.79,34.31,36.00,20.00,AUTO,0,NaN,NaN,NaN,NaN,NaN,NaN,NaN,NaN,NaN,NaN,1,NaN,35.90,36.10,NaN,NaN
1932.83,35.80,34.31,36.00,20.00,AUTO,0,NaN,NaN,NaN,NaN,NaN,NaN,NaN,NaN,NaN,NaN,1,NaN,35.90,36.10,NaN,NaN
1933.83,35.81,34.33,36.00,20.00,AUTO,0,NaN,NaN,NaN,NaN,NaN,NaN,NaN,NaN,NaN,NaN,1,NaN,35.90,36.10,NaN,NaN
1934.84,35.81,34.33,36.00,20.00,AUTO,0,NaN,NaN,NaN,NaN,NaN,NaN,NaN,NaN,NaN,NaN,1,NaN,35.90,36.10,NaN,NaN
1935.84,35.81,34.33,36.00,20.00,AUTO,0,NaN,NaN,NaN,NaN,NaN,NaN,NaN,NaN,NaN,NaN,1,NaN,35.90,36.10,NaN,NaN
1936.84,35.82,34.33,36.00,20.00,AUTO,0,NaN,NaN,NaN,NaN,NaN,NaN,NaN,NaN,NaN,NaN,1,NaN,35.90,36.10,NaN,NaN
1937.84,35.81,34.33,36.00,20.00,AUTO,0,NaN,NaN,NaN,NaN,NaN,NaN,NaN,NaN,NaN,NaN,1,NaN,35.90,36.10,NaN,NaN
1938.84,35.81,34.33,36.00,20.00,AUTO,0,NaN,NaN,NaN,NaN,NaN,NaN,NaN,NaN,NaN,NaN,1,NaN,35.90,36.10,NaN,NaN
1939.84,35.83,34.33,36.00,20.00,AUTO,0,NaN,NaN,NaN,NaN,NaN,NaN,NaN,NaN,NaN,NaN,1,NaN,35.90,36.10,NaN,NaN
1940.84,35.83,34.33,36.00,20.00,AUTO,0,NaN,NaN,NaN,NaN,NaN,NaN,NaN,NaN,NaN,NaN,1,NaN,35.90,36.10,NaN,NaN
1941.84,35.84,34.33,36.00,20.00,AUTO,0,NaN,NaN,NaN,NaN,NaN,NaN,NaN,NaN,NaN,NaN,1,NaN,35.90,36.10,NaN,NaN
1942.85,35.84,34.33,36.00,20.00,AUTO,0,NaN,NaN,NaN,NaN,NaN,NaN,NaN,NaN,NaN,NaN,1,NaN,35.90,36.10,NaN,NaN
1943.85,35.85,34.29,36.00,20.00,AUTO,0,NaN,NaN,NaN,NaN,NaN,NaN,NaN,NaN,NaN,NaN,1,NaN,35.90,36.10,NaN,NaN
1944.85,35.86,34.29,36.00,20.00,AUTO,0,NaN,NaN,NaN,NaN,NaN,NaN,NaN,NaN,NaN,NaN,1,NaN,35.90,36.10,NaN,NaN
1945.85,35.87,34.29,36.00,20.00,AUTO,0,NaN,NaN,NaN,NaN,NaN,NaN,NaN,NaN,NaN,NaN,1,NaN,35.90,36.10,NaN,NaN
1946.85,35.90,34.25,36.00,20.00,AUTO,0,NaN,NaN,NaN,NaN,NaN,NaN,NaN,NaN,NaN,NaN,1,NaN,35.90,36.10,NaN,NaN
1947.85,35.92,34.25,36.00,20.00,AUTO,0,NaN,NaN,NaN,NaN,NaN,NaN,NaN,NaN,NaN,NaN,1,NaN,35.90,36.10,NaN,NaN
1948.86,35.93,34.21,36.00,20.00,AUTO,0,NaN,NaN,NaN,NaN,NaN,NaN,NaN,NaN,NaN,NaN,1,NaN,35.90,36.10,NaN,NaN
1949.86,35.95,34.17,36.00,20.00,AUTO,0,NaN,NaN,NaN,NaN,NaN,NaN,NaN,NaN,NaN,NaN,1,NaN,35.90,36.10,NaN,NaN
1950.86,35.95,34.17,36.00,20.00,AUTO,0,NaN,NaN,NaN,NaN,NaN,NaN,NaN,NaN,NaN,NaN,1,NaN,35.90,36.10,NaN,NaN
1951.86,35.97,34.17,36.00,20.00,AUTO,0,NaN,NaN,NaN,NaN,NaN,NaN,NaN,NaN,NaN,NaN,1,NaN,35.90,36.10,NaN,NaN
1952.86,35.99,34.13,36.00,20.00,AUTO,0,NaN,NaN,NaN,NaN,NaN,NaN,NaN,NaN,NaN,NaN,1,NaN,35.90,36.10,NaN,NaN
1953.87,35.99,34.08,36.00,20.00,AUTO,0,NaN,NaN,NaN,NaN,NaN,NaN,NaN,NaN,NaN,NaN,1,NaN,35.90,36.10,NaN,NaN
1954.87,36.00,34.11,36.00,20.00,AUTO,0,NaN,NaN,NaN,NaN,NaN,NaN,NaN,NaN,NaN,NaN,1,NaN,35.90,36.10,NaN,NaN
1955.87,36.01,34.11,36.00,20.00,AUTO,0,NaN,NaN,NaN,NaN,NaN,NaN,NaN,NaN,NaN,NaN,1,NaN,35.90,36.10,NaN,NaN
1956.87,36.03,34.07,36.00,20.00,AUTO,0,NaN,NaN,NaN,NaN,NaN,NaN,NaN,NaN,NaN,NaN,1,NaN,35.90,36.10,NaN,NaN
1957.87,36.06,34.07,36.00,20.00,AUTO,0,NaN,NaN,NaN,NaN,NaN,NaN,NaN,NaN,NaN,NaN,1,NaN,35.90,36.10,NaN,NaN
1958.87,36.07,34.07,36.00,20.00,AUTO,0,NaN,NaN,NaN,NaN,NaN,NaN,NaN,NaN,NaN,NaN,1,NaN,35.90,36.10,NaN,NaN
1959.87,36.08,34.02,36.00,20.00,AUTO,0,NaN,NaN,NaN,NaN,NaN,NaN,NaN,NaN,NaN,NaN,1,NaN,35.90,36.10,NaN,NaN
1960.87,36.09,33.99,36.00,20.00,AUTO,0,NaN,NaN,NaN,NaN,NaN,NaN,NaN,NaN,NaN,NaN,1,NaN,35.90,36.10,NaN,NaN
1961.88,36.10,33.99,36.00,20.00,AUTO,0,NaN,NaN,NaN,NaN,NaN,NaN,NaN,NaN,NaN,NaN,1,NaN,35.90,36.10,NaN,NaN
1962.88,36.10,33.99,36.00,20.00,AUTO,0,NaN,NaN,NaN,NaN,NaN,NaN,NaN,NaN,NaN,NaN,1,NaN,35.90,36.10,NaN,NaN
1963.88,36.12,33.95,36.00,20.00,AUTO,0,NaN,NaN,NaN,NaN,NaN,NaN,NaN,NaN,NaN,NaN,0,NaN,35.90,36.10,NaN,NaN
1964.88,36.14,33.92,36.00,20.00,AUTO,0,NaN,NaN,NaN,NaN,NaN,NaN,NaN,NaN,NaN,NaN,0,NaN,35.90,36.10,NaN,NaN
1965.88,36.15,33.92,36.00,20.00,AUTO,0,NaN,NaN,NaN,NaN,NaN,NaN,NaN,NaN,NaN,NaN,0,NaN,35.90,36.10,NaN,NaN
1966.89,36.16,33.88,36.00,20.00,AUTO,0,NaN,NaN,NaN,NaN,NaN,NaN,NaN,NaN,NaN,NaN,0,NaN,35.90,36.10,NaN,NaN
1967.89,36.17,33.88,36.00,20.00,AUTO,0,NaN,NaN,NaN,NaN,NaN,NaN,NaN,NaN,NaN,NaN,0,NaN,35.90,36.10,NaN,NaN
1968.89,36.19,33.88,36.00,20.00,AUTO,0,NaN,NaN,NaN,NaN,NaN,NaN,NaN,NaN,NaN,NaN,0,NaN,35.90,36.10,NaN,NaN
1969.89,36.18,33.84,36.00,20.00,AUTO,0,NaN,NaN,NaN,NaN,NaN,NaN,NaN,NaN,NaN,NaN,0,NaN,35.90,36.10,NaN,NaN
1970.89,36.19,33.84,36.00,20.00,AUTO,0,NaN,NaN,NaN,NaN,NaN,NaN,NaN,NaN,NaN,NaN,0,NaN,35.90,36.10,NaN,NaN
1971.89,36.19,33.84,36.00,20.00,AUTO,0,NaN,NaN,NaN,NaN,NaN,NaN,NaN,NaN,NaN,NaN,0,NaN,35.90,36.10,NaN,NaN
1972.89,36.18,33.84,36.00,20.00,AUTO,0,NaN,NaN,NaN,NaN,NaN,NaN,NaN,NaN,NaN,NaN,0,NaN,35.90,36.10,NaN,NaN
1973.89,36.18,33.84,36.00,20.00,AUTO,0,NaN,NaN,NaN,NaN,NaN,NaN,NaN,NaN,NaN,NaN,0,NaN,35.90,36.10,NaN,NaN
1974.90,36.18,33.84,36.00,20.00,AUTO,0,NaN,NaN,NaN,NaN,NaN,NaN,NaN,NaN,NaN,NaN,0,NaN,35.90,36.10,NaN,NaN
1975.90,36.18,33.84,36.00,20.00,AUTO,0,NaN,NaN,NaN,NaN,NaN,NaN,NaN,NaN,NaN,NaN,0,NaN,35.90,36.10,NaN,NaN
1976.90,36.17,33.84,36.00,20.00,AUTO,0,NaN,NaN,NaN,NaN,NaN,NaN,NaN,NaN,NaN,NaN,0,NaN,35.90,36.10,NaN,NaN
1977.90,36.16,33.84,36.00,20.00,AUTO,0,NaN,NaN,NaN,NaN,NaN,NaN,NaN,NaN,NaN,NaN,0,NaN,35.90,36.10,NaN,NaN
1978.90,36.16,33.84,36.00,20.00,AUTO,0,NaN,NaN,NaN,NaN,NaN,NaN,NaN,NaN,NaN,NaN,0,NaN,35.90,36.10,NaN,NaN
1979.90,36.16,33.84,36.00,20.00,AUTO,0,NaN,NaN,NaN,NaN,NaN,NaN,NaN,NaN,NaN,NaN,0,NaN,35.90,36.10,NaN,NaN
1980.91,36.15,33.84,36.00,20.00,AUTO,0,NaN,NaN,NaN,NaN,NaN,NaN,NaN,NaN,NaN,NaN,0,NaN,35.90,36.10,NaN,NaN
1981.91,36.14,33.88,36.00,20.00,AUTO,0,NaN,NaN,NaN,NaN,NaN,NaN,NaN,NaN,NaN,NaN,0,NaN,35.90,36.10,NaN,NaN
1982.91,36.13,33.90,36.00,20.00,AUTO,0,NaN,NaN,NaN,NaN,NaN,NaN,NaN,NaN,NaN,NaN,0,NaN,35.90,36.10,NaN,NaN
1983.91,36.12,33.90,36.00,20.00,AUTO,0,NaN,NaN,NaN,NaN,NaN,NaN,NaN,NaN,NaN,NaN,0,NaN,35.90,36.10,NaN,NaN
1984.91,36.12,33.95,36.00,20.00,AUTO,0,NaN,NaN,NaN,NaN,NaN,NaN,NaN,NaN,NaN,NaN,0,NaN,35.90,36.10,NaN,NaN
1985.92,36.11,33.99,36.00,20.00,AUTO,0,NaN,NaN,NaN,NaN,NaN,NaN,NaN,NaN,NaN,NaN,0,NaN,35.90,36.10,NaN,NaN
1986.92,36.10,33.99,36.00,20.00,AUTO,0,NaN,NaN,NaN,NaN,NaN,NaN,NaN,NaN,NaN,NaN,0,NaN,35.90,36.10,NaN,NaN
1987.92,36.09,34.02,36.00,20.00,AUTO,0,NaN,NaN,NaN,NaN,NaN,NaN,NaN,NaN,NaN,NaN,0,NaN,35.90,36.10,NaN,NaN
1988.92,36.08,34.02,36.00,20.00,AUTO,0,NaN,NaN,NaN,NaN,NaN,NaN,NaN,NaN,NaN,NaN,0,NaN,35.90,36.10,NaN,NaN
1989.92,36.07,34.07,36.00,20.00,AUTO,0,NaN,NaN,NaN,NaN,NaN,NaN,NaN,NaN,NaN,NaN,0,NaN,35.90,36.10,NaN,NaN
1990.92,36.04,34.07,36.00,20.00,AUTO,0,NaN,NaN,NaN,NaN,NaN,NaN,NaN,NaN,NaN,NaN,0,NaN,35.90,36.10,NaN,NaN
1991.92,36.03,34.07,36.00,20.00,AUTO,0,NaN,NaN,NaN,NaN,NaN,NaN,NaN,NaN,NaN,NaN,0,NaN,35.90,36.10,NaN,NaN
1992.92,36.02,34.07,36.00,20.00,AUTO,0,NaN,NaN,NaN,NaN,NaN,NaN,NaN,NaN,NaN,NaN,0,NaN,35.90,36.10,NaN,NaN
1993.93,36.01,34.11,36.00,20.00,AUTO,0,NaN,NaN,NaN,NaN,NaN,NaN,NaN,NaN,NaN,NaN,0,NaN,35.90,36.10,NaN,NaN
1994.93,36.01,34.11,36.00,20.00,AUTO,0,NaN,NaN,NaN,NaN,NaN,NaN,NaN,NaN,NaN,NaN,0,NaN,35.90,36.10,NaN,NaN
1995.93,36.00,34.08,36.00,20.00,AUTO,0,NaN,NaN,NaN,NaN,NaN,NaN,NaN,NaN,NaN,NaN,0,NaN,35.90,36.10,NaN,NaN
1996.93,35.98,34.13,36.00,20.00,AUTO,0,NaN,NaN,NaN,NaN,NaN,NaN,NaN,NaN,NaN,NaN,0,NaN,35.90,36.10,NaN,NaN
1997.93,35.96,34.13,36.00,20.00,AUTO,0,NaN,NaN,NaN,NaN,NaN,NaN,NaN,NaN,NaN,NaN,0,NaN,35.90,36.10,NaN,NaN
1998.93,35.95,34.17,36.00,20.00,AUTO,0,NaN,NaN,NaN,NaN,NaN,NaN,NaN,NaN,NaN,NaN,0,NaN,35.90,36.10,NaN,NaN
1999.94,35.94,34.17,36.00,20.00,AUTO,0,NaN,NaN,NaN,NaN,NaN,NaN,NaN,NaN,NaN,NaN,0,NaN,35.90,36.10,NaN,NaN
2000.94,35.92,34.17,36.00,20.00,AUTO,0,NaN,NaN,NaN,NaN,NaN,NaN,NaN,NaN,NaN,NaN,0,NaN,35.90,36.10,NaN,NaN
2001.94,35.90,34.21,36.00,20.00,AUTO,0,NaN,NaN,NaN,NaN,NaN,NaN,NaN,NaN,NaN,NaN,0,NaN,35.90,36.10,NaN,NaN
2002.94,35.89,34.25,36.00,20.00,AUTO,0,NaN,NaN,NaN,NaN,NaN,NaN,NaN,NaN,NaN,NaN,1,NaN,35.90,36.10,NaN,NaN
2003.94,35.87,34.29,36.00,20.00,AUTO,0,NaN,NaN,NaN,NaN,NaN,NaN,NaN,NaN,NaN,NaN,1,NaN,35.90,36.10,NaN,NaN
2004.94,35.84,34.33,36.00,20.00,AUTO,0,NaN,NaN,NaN,NaN,NaN,NaN,NaN,NaN,NaN,NaN,1,NaN,35.90,36.10,NaN,NaN
2005.94,35.81,34.33,36.00,20.00,AUTO,0,NaN,NaN,NaN,NaN,NaN,NaN,NaN,NaN,NaN,NaN,1,NaN,35.90,36.10,NaN,NaN
2006.95,35.81,34.37,36.00,20.00,AUTO,0,NaN,NaN,NaN,NaN,NaN,NaN,NaN,NaN,NaN,NaN,1,NaN,35.90,36.10,NaN,NaN
2007.95,35.80,34.37,36.00,20.00,AUTO,0,NaN,NaN,NaN,NaN,NaN,NaN,NaN,NaN,NaN,NaN,1,NaN,35.90,36.10,NaN,NaN
2008.95,35.80,34.35,36.00,20.00,AUTO,0,NaN,NaN,NaN,NaN,NaN,NaN,NaN,NaN,NaN,NaN,1,NaN,35.90,36.10,NaN,NaN
2009.95,35.79,34.39,36.00,20.00,AUTO,0,NaN,NaN,NaN,NaN,NaN,NaN,NaN,NaN,NaN,NaN,1,NaN,35.90,36.10,NaN,NaN
2010.95,35.78,34.39,36.00,20.00,AUTO,0,NaN,NaN,NaN,NaN,NaN,NaN,NaN,NaN,NaN,NaN,1,NaN,35.90,36.10,NaN,NaN
2011.95,35.78,34.39,36.00,20.00,AUTO,0,NaN,NaN,NaN,NaN,NaN,NaN,NaN,NaN,NaN,NaN,1,NaN,35.90,36.10,NaN,NaN
2012.96,35.78,34.39,36.00,20.00,AUTO,0,NaN,NaN,NaN,NaN,NaN,NaN,NaN,NaN,NaN,NaN,1,NaN,35.90,36.10,NaN,NaN
2013.96,35.78,34.39,36.00,20.00,AUTO,0,NaN,NaN,NaN,NaN,NaN,NaN,NaN,NaN,NaN,NaN,1,NaN,35.90,36.10,NaN,NaN
2014.96,35.78,34.39,36.00,20.00,AUTO,0,NaN,NaN,NaN,NaN,NaN,NaN,NaN,NaN,NaN,NaN,1,NaN,35.90,36.10,NaN,NaN
2015.96,35.79,34.44,36.00,20.00,AUTO,0,NaN,NaN,NaN,NaN,NaN,NaN,NaN,NaN,NaN,NaN,1,NaN,35.90,36.10,NaN,NaN
2016.96,35.79,34.39,36.00,20.00,AUTO,0,NaN,NaN,NaN,NaN,NaN,NaN,NaN,NaN,NaN,NaN,1,NaN,35.90,36.10,NaN,NaN
2017.97,35.80,34.39,36.00,20.00,AUTO,0,NaN,NaN,NaN,NaN,NaN,NaN,NaN,NaN,NaN,NaN,1,NaN,35.90,36.10,NaN,NaN
2018.97,35.80,34.39,36.00,20.00,AUTO,0,NaN,NaN,NaN,NaN,NaN,NaN,NaN,NaN,NaN,NaN,1,NaN,35.90,36.10,NaN,NaN
2019.97,35.80,34.41,36.00,20.00,AUTO,0,NaN,NaN,NaN,NaN,NaN,NaN,NaN,NaN,NaN,NaN,1,NaN,35.90,36.10,NaN,NaN
2020.97,35.82,34.41,36.00,20.00,AUTO,0,NaN,NaN,NaN,NaN,NaN,NaN,NaN,NaN,NaN,NaN,1,NaN,35.90,36.10,NaN,NaN
2021.97,35.83,34.41,36.00,20.00,AUTO,0,NaN,NaN,NaN,NaN,NaN,NaN,NaN,NaN,NaN,NaN,1,NaN,35.90,36.10,NaN,NaN
2022.97,35.83,34.41,36.00,20.00,AUTO,0,NaN,NaN,NaN,NaN,NaN,NaN,NaN,NaN,NaN,NaN,1,NaN,35.90,36.10,NaN,NaN
2023.97,35.82,34.37,36.00,20.00,AUTO,0,NaN,NaN,NaN,NaN,NaN,NaN,NaN,NaN,NaN,NaN,1,NaN,35.90,36.10,NaN,NaN
2024.97,35.83,34.41,36.00,20.00,AUTO,0,NaN,NaN,NaN,NaN,NaN,NaN,NaN,NaN,NaN,NaN,1,NaN,35.90,36.10,NaN,NaN
2025.98,35.84,34.37,36.00,20.00,AUTO,0,NaN,NaN,NaN,NaN,NaN,NaN,NaN,NaN,NaN,NaN,1,NaN,35.90,36.10,NaN,NaN
2026.98,35.85,34.37,36.00,20.00,AUTO,0,NaN,NaN,NaN,NaN,NaN,NaN,NaN,NaN,NaN,NaN,1,NaN,35.90,36.10,NaN,NaN
2027.98,35.86,34.37,36.00,20.00,AUTO,0,NaN,NaN,NaN,NaN,NaN,NaN,NaN,NaN,NaN,NaN,1,NaN,35.90,36.10,NaN,NaN
2028.98,35.86,34.33,36.00,20.00,AUTO,0,NaN,NaN,NaN,NaN,NaN,NaN,NaN,NaN,NaN,NaN,1,NaN,35.90,36.10,NaN,NaN
2029.98,35.87,34.33,36.00,20.00,AUTO,0,NaN,NaN,NaN,NaN,NaN,NaN,NaN,NaN,NaN,NaN,1,NaN,35.90,36.10,NaN,NaN
2030.98,35.88,34.33,36.00,20.00,AUTO,0,NaN,NaN,NaN,NaN,NaN,NaN,NaN,NaN,NaN,NaN,1,NaN,35.90,36.10,NaN,NaN
2031.99,35.90,34.33,36.00,20.00,AUTO,0,NaN,NaN,NaN,NaN,NaN,NaN,NaN,NaN,NaN,NaN,1,NaN,35.90,36.10,NaN,NaN
2032.99,35.92,34.29,36.00,20.00,AUTO,0,NaN,NaN,NaN,NaN,NaN,NaN,NaN,NaN,NaN,NaN,1,NaN,35.90,36.10,NaN,NaN
2033.99,35.94,34.29,36.00,20.00,AUTO,0,NaN,NaN,NaN,NaN,NaN,NaN,NaN,NaN,NaN,NaN,1,NaN,35.90,36.10,NaN,NaN
2034.99,35.95,34.25,36.00,20.00,AUTO,0,NaN,NaN,NaN,NaN,NaN,NaN,NaN,NaN,NaN,NaN,1,NaN,35.90,36.10,NaN,NaN
2035.99,35.96,34.21,36.00,20.00,AUTO,0,NaN,NaN,NaN,NaN,NaN,NaN,NaN,NaN,NaN,NaN,1,NaN,35.90,36.10,NaN,NaN
2036.99,35.99,34.21,36.00,20.00,AUTO,0,NaN,NaN,NaN,NaN,NaN,NaN,NaN,NaN,NaN,NaN,1,NaN,35.90,36.10,NaN,NaN
2037.99,36.00,34.17,36.00,20.00,AUTO,0,NaN,NaN,NaN,NaN,NaN,NaN,NaN,NaN,NaN,NaN,1,NaN,35.90,36.10,NaN,NaN
2039.00,36.01,34.19,36.00,20.00,AUTO,0,NaN,NaN,NaN,NaN,NaN,NaN,NaN,NaN,NaN,NaN,1,NaN,35.90,36.10,NaN,NaN
2040.00,36.01,34.15,36.00,20.00,AUTO,0,NaN,NaN,NaN,NaN,NaN,NaN,NaN,NaN,NaN,NaN,1,NaN,35.90,36.10,NaN,NaN
2041.00,36.03,34.11,36.00,20.00,AUTO,0,NaN,NaN,NaN,NaN,NaN,NaN,NaN,NaN,NaN,NaN,1,NaN,35.90,36.10,NaN,NaN
2042.00,36.04,34.11,36.00,20.00,AUTO,0,NaN,NaN,NaN,NaN,NaN,NaN,NaN,NaN,NaN,NaN,1,NaN,35.90,36.10,NaN,NaN
2043.00,36.06,34.07,36.00,20.00,AUTO,0,NaN,NaN,NaN,NaN,NaN,NaN,NaN,NaN,NaN,NaN,1,NaN,35.90,36.10,NaN,NaN
2044.00,36.08,34.07,36.00,20.00,AUTO,0,NaN,NaN,NaN,NaN,NaN,NaN,NaN,NaN,NaN,NaN,1,NaN,35.90,36.10,NaN,NaN
2045.01,36.10,34.07,36.00,20.00,AUTO,0,NaN,NaN,NaN,NaN,NaN,NaN,NaN,NaN,NaN,NaN,1,NaN,35.90,36.10,NaN,NaN
2046.01,36.12,34.02,36.00,20.00,AUTO,0,NaN,NaN,NaN,NaN,NaN,NaN,NaN,NaN,NaN,NaN,0,NaN,35.90,36.10,NaN,NaN
2047.01,36.14,34.05,36.00,20.00,AUTO,0,NaN,NaN,NaN,NaN,NaN,NaN,NaN,NaN,NaN,NaN,0,NaN,35.90,36.10,NaN,NaN
2048.01,36.15,34.00,36.00,20.00,AUTO,0,NaN,NaN,NaN,NaN,NaN,NaN,NaN,NaN,NaN,NaN,0,NaN,35.90,36.10,NaN,NaN
2049.01,36.16,34.00,36.00,20.00,AUTO,0,NaN,NaN,NaN,NaN,NaN,NaN,NaN,NaN,NaN,NaN,0,NaN,35.90,36.10,NaN,NaN
2050.01,36.18,33.96,36.00,20.00,AUTO,0,NaN,NaN,NaN,NaN,NaN,NaN,NaN,NaN,NaN,NaN,0,NaN,35.90,36.10,NaN,NaN
2051.02,36.18,33.92,36.00,20.00,AUTO,0,NaN,NaN,NaN,NaN,NaN,NaN,NaN,NaN,NaN,NaN,0,NaN,35.90,36.10,NaN,NaN
2052.01,36.18,33.92,36.00,20.00,AUTO,0,NaN,NaN,NaN,NaN,NaN,NaN,NaN,NaN,NaN,NaN,0,NaN,35.90,36.10,NaN,NaN
2053.02,36.19,33.88,36.00,20.00,AUTO,0,NaN,NaN,NaN,NaN,NaN,NaN,NaN,NaN,NaN,NaN,0,NaN,35.90,36.10,NaN,NaN
2054.02,36.19,33.92,36.00,20.00,AUTO,0,NaN,NaN,NaN,NaN,NaN,NaN,NaN,NaN,NaN,NaN,0,NaN,35.90,36.10,NaN,NaN
2055.02,36.18,33.88,36.00,20.00,AUTO,0,NaN,NaN,NaN,NaN,NaN,NaN,NaN,NaN,NaN,NaN,0,NaN,35.90,36.10,NaN,NaN
2056.02,36.18,33.88,36.00,20.00,AUTO,0,NaN,NaN,NaN,NaN,NaN,NaN,NaN,NaN,NaN,NaN,0,NaN,35.90,36.10,NaN,NaN
2057.02,36.18,33.88,36.00,20.00,AUTO,0,NaN,NaN,NaN,NaN,NaN,NaN,NaN,NaN,NaN,NaN,0,NaN,35.90,36.10,NaN,NaN
2058.03,36.18,33.88,36.00,20.00,AUTO,0,NaN,NaN,NaN,NaN,NaN,NaN,NaN,NaN,NaN,NaN,0,NaN,35.90,36.10,NaN,NaN
2059.03,36.18,33.88,36.00,20.00,AUTO,0,NaN,NaN,NaN,NaN,NaN,NaN,NaN,NaN,NaN,NaN,0,NaN,35.90,36.10,NaN,NaN
2060.03,36.17,33.88,36.00,20.00,AUTO,0,NaN,NaN,NaN,NaN,NaN,NaN,NaN,NaN,NaN,NaN,0,NaN,35.90,36.10,NaN,NaN
2061.03,36.16,33.88,36.00,20.00,AUTO,0,NaN,NaN,NaN,NaN,NaN,NaN,NaN,NaN,NaN,NaN,0,NaN,35.90,36.10,NaN,NaN
2062.03,36.16,33.88,36.00,20.00,AUTO,0,NaN,NaN,NaN,NaN,NaN,NaN,NaN,NaN,NaN,NaN,0,NaN,35.90,36.10,NaN,NaN
2063.03,36.15,33.88,36.00,20.00,AUTO,0,NaN,NaN,NaN,NaN,NaN,NaN,NaN,NaN,NaN,NaN,0,NaN,35.90,36.10,NaN,NaN
2064.04,36.14,33.92,36.00,20.00,AUTO,0,NaN,NaN,NaN,NaN,NaN,NaN,NaN,NaN,NaN,NaN,0,NaN,35.90,36.10,NaN,NaN
2065.04,36.14,33.92,36.00,20.00,AUTO,0,NaN,NaN,NaN,NaN,NaN,NaN,NaN,NaN,NaN,NaN,0,NaN,35.90,36.10,NaN,NaN
2066.04,36.13,33.90,36.00,20.00,AUTO,0,NaN,NaN,NaN,NaN,NaN,NaN,NaN,NaN,NaN,NaN,0,NaN,35.90,36.10,NaN,NaN
2067.04,36.13,33.95,36.00,20.00,AUTO,0,NaN,NaN,NaN,NaN,NaN,NaN,NaN,NaN,NaN,NaN,0,NaN,35.90,36.10,NaN,NaN
2068.04,36.11,33.99,36.00,20.00,AUTO,0,NaN,NaN,NaN,NaN,NaN,NaN,NaN,NaN,NaN,NaN,0,NaN,35.90,36.10,NaN,NaN
2069.04,36.10,33.99,36.00,20.00,AUTO,0,NaN,NaN,NaN,NaN,NaN,NaN,NaN,NaN,NaN,NaN,0,NaN,35.90,36.10,NaN,NaN
2070.04,36.09,33.99,36.00,20.00,AUTO,0,NaN,NaN,NaN,NaN,NaN,NaN,NaN,NaN,NaN,NaN,0,NaN,35.90,36.10,NaN,NaN
2071.05,36.08,34.02,36.00,20.00,AUTO,0,NaN,NaN,NaN,NaN,NaN,NaN,NaN,NaN,NaN,NaN,0,NaN,35.90,36.10,NaN,NaN
2072.05,36.07,34.07,36.00,20.00,AUTO,0,NaN,NaN,NaN,NaN,NaN,NaN,NaN,NaN,NaN,NaN,0,NaN,35.90,36.10,NaN,NaN
2073.05,36.06,34.07,36.00,20.00,AUTO,0,NaN,NaN,NaN,NaN,NaN,NaN,NaN,NaN,NaN,NaN,0,NaN,35.90,36.10,NaN,NaN
2074.05,36.04,34.07,36.00,20.00,AUTO,0,NaN,NaN,NaN,NaN,NaN,NaN,NaN,NaN,NaN,NaN,0,NaN,35.90,36.10,NaN,NaN
2075.05,36.03,34.07,36.00,20.00,AUTO,0,NaN,NaN,NaN,NaN,NaN,NaN,NaN,NaN,NaN,NaN,0,NaN,35.90,36.10,NaN,NaN
2076.05,36.01,34.11,36.00,20.00,AUTO,0,NaN,NaN,NaN,NaN,NaN,NaN,NaN,NaN,NaN,NaN,0,NaN,35.90,36.10,NaN,NaN
2077.06,36.01,34.15,36.00,20.00,AUTO,0,NaN,NaN,NaN,NaN,NaN,NaN,NaN,NaN,NaN,NaN,0,NaN,35.90,36.10,NaN,NaN
2078.06,36.00,34.13,36.00,20.00,AUTO,0,NaN,NaN,NaN,NaN,NaN,NaN,NaN,NaN,NaN,NaN,0,NaN,35.90,36.10,NaN,NaN
2079.06,35.99,34.17,36.00,20.00,AUTO,0,NaN,NaN,NaN,NaN,NaN,NaN,NaN,NaN,NaN,NaN,0,NaN,35.90,36.10,NaN,NaN
2080.06,35.98,34.17,36.00,20.00,AUTO,0,NaN,NaN,NaN,NaN,NaN,NaN,NaN,NaN,NaN,NaN,0,NaN,35.90,36.10,NaN,NaN
2081.06,35.96,34.17,36.00,20.00,AUTO,0,NaN,NaN,NaN,NaN,NaN,NaN,NaN,NaN,NaN,NaN,0,NaN,35.90,36.10,NaN,NaN
2082.06,35.95,34.17,36.00,20.00,AUTO,0,NaN,NaN,NaN,NaN,NaN,NaN,NaN,NaN,NaN,NaN,0,NaN,35.90,36.10,NaN,NaN
2083.07,35.94,34.21,36.00,20.00,AUTO,0,NaN,NaN,NaN,NaN,NaN,NaN,NaN,NaN,NaN,NaN,0,NaN,35.90,36.10,NaN,NaN
2084.06,35.92,34.25,36.00,20.00,AUTO,0,NaN,NaN,NaN,NaN,NaN,NaN,NaN,NaN,NaN,NaN,0,NaN,35.90,36.10,NaN,NaN
2085.07,35.90,34.29,36.00,20.00,AUTO,0,NaN,NaN,NaN,NaN,NaN,NaN,NaN,NaN,NaN,NaN,0,NaN,35.90,36.10,NaN,NaN
2086.07,35.89,34.33,36.00,20.00,AUTO,0,NaN,NaN,NaN,NaN,NaN,NaN,NaN,NaN,NaN,NaN,1,NaN,35.90,36.10,NaN,NaN
2087.07,35.86,34.37,36.00,20.00,AUTO,0,NaN,NaN,NaN,NaN,NaN,NaN,NaN,NaN,NaN,NaN,1,NaN,35.90,36.10,NaN,NaN
2088.07,35.84,34.41,36.00,20.00,AUTO,0,NaN,NaN,NaN,NaN,NaN,NaN,NaN,NaN,NaN,NaN,1,NaN,35.90,36.10,NaN,NaN
2089.07,35.81,34.39,36.00,20.00,AUTO,0,NaN,NaN,NaN,NaN,NaN,NaN,NaN,NaN,NaN,NaN,1,NaN,35.90,36.10,NaN,NaN
2090.07,35.80,34.44,36.00,20.00,AUTO,0,NaN,NaN,NaN,NaN,NaN,NaN,NaN,NaN,NaN,NaN,1,NaN,35.90,36.10,NaN,NaN
2091.08,35.79,34.44,36.00,20.00,AUTO,0,NaN,NaN,NaN,NaN,NaN,NaN,NaN,NaN,NaN,NaN,1,NaN,35.90,36.10,NaN,NaN
2092.08,35.79,34.44,36.00,20.00,AUTO,0,NaN,NaN,NaN,NaN,NaN,NaN,NaN,NaN,NaN,NaN,1,NaN,35.90,36.10,NaN,NaN
2093.08,35.78,34.44,36.00,20.00,AUTO,0,NaN,NaN,NaN,NaN,NaN,NaN,NaN,NaN,NaN,NaN,1,NaN,35.90,36.10,NaN,NaN
2094.08,35.78,34.44,36.00,20.00,AUTO,0,NaN,NaN,NaN,NaN,NaN,NaN,NaN,NaN,NaN,NaN,1,NaN,35.90,36.10,NaN,NaN
2095.08,35.78,34.44,36.00,20.00,AUTO,0,NaN,NaN,NaN,NaN,NaN,NaN,NaN,NaN,NaN,NaN,1,NaN,35.90,36.10,NaN,NaN
2096.09,35.78,34.44,36.00,20.00,AUTO,0,NaN,NaN,NaN,NaN,NaN,NaN,NaN,NaN,NaN,NaN,1,NaN,35.90,36.10,NaN,NaN
2097.08,35.78,34.44,36.00,20.00,AUTO,0,NaN,NaN,NaN,NaN,NaN,NaN,NaN,NaN,NaN,NaN,1,NaN,35.90,36.10,NaN,NaN
2098.09,35.79,34.44,36.00,20.00,AUTO,0,NaN,NaN,NaN,NaN,NaN,NaN,NaN,NaN,NaN,NaN,1,NaN,35.90,36.10,NaN,NaN
2099.09,35.79,34.44,36.00,20.00,AUTO,0,NaN,NaN,NaN,NaN,NaN,NaN,NaN,NaN,NaN,NaN,1,NaN,35.90,36.10,NaN,NaN
2100.09,35.80,34.44,36.00,20.00,AUTO,0,NaN,NaN,NaN,NaN,NaN,NaN,NaN,NaN,NaN,NaN,1,NaN,35.90,36.10,NaN,NaN
2101.09,35.80,34.44,36.00,20.00,AUTO,0,NaN,NaN,NaN,NaN,NaN,NaN,NaN,NaN,NaN,NaN,1,NaN,35.90,36.10,NaN,NaN
2102.09,35.80,34.44,36.00,20.00,AUTO,0,NaN,NaN,NaN,NaN,NaN,NaN,NaN,NaN,NaN,NaN,1,NaN,35.90,36.10,NaN,NaN
2103.09,35.80,34.45,36.00,20.00,AUTO,0,NaN,NaN,NaN,NaN,NaN,NaN,NaN,NaN,NaN,NaN,1,NaN,35.90,36.10,NaN,NaN
2104.10,35.80,34.44,36.00,20.00,AUTO,0,NaN,NaN,NaN,NaN,NaN,NaN,NaN,NaN,NaN,NaN,1,NaN,35.90,36.10,NaN,NaN
2105.10,35.81,34.45,36.00,20.00,AUTO,0,NaN,NaN,NaN,NaN,NaN,NaN,NaN,NaN,NaN,NaN,1,NaN,35.90,36.10,NaN,NaN
2106.10,35.82,34.45,36.00,20.00,AUTO,0,NaN,NaN,NaN,NaN,NaN,NaN,NaN,NaN,NaN,NaN,1,NaN,35.90,36.10,NaN,NaN
2107.10,35.83,34.45,36.00,20.00,AUTO,0,NaN,NaN,NaN,NaN,NaN,NaN,NaN,NaN,NaN,NaN,1,NaN,35.90,36.10,NaN,NaN
2108.10,35.83,34.45,36.00,20.00,AUTO,0,NaN,NaN,NaN,NaN,NaN,NaN,NaN,NaN,NaN,NaN,1,NaN,35.90,36.10,NaN,NaN
2109.11,35.84,34.45,36.00,20.00,AUTO,0,NaN,NaN,NaN,NaN,NaN,NaN,NaN,NaN,NaN,NaN,1,NaN,35.90,36.10,NaN,NaN
2110.11,35.87,34.41,36.00,20.00,AUTO,0,NaN,NaN,NaN,NaN,NaN,NaN,NaN,NaN,NaN,NaN,1,NaN,35.90,36.10,NaN,NaN
2111.11,35.87,34.41,36.00,20.00,AUTO,0,NaN,NaN,NaN,NaN,NaN,NaN,NaN,NaN,NaN,NaN,1,NaN,35.90,36.10,NaN,NaN
2112.11,35.87,34.41,36.00,20.00,AUTO,0,NaN,NaN,NaN,NaN,NaN,NaN,NaN,NaN,NaN,NaN,1,NaN,35.90,36.10,NaN,NaN
2113.11,35.88,34.37,36.00,20.00,AUTO,0,NaN,NaN,NaN,NaN,NaN,NaN,NaN,NaN,NaN,NaN,1,NaN,35.90,36.10,NaN,NaN
2114.11,35.90,34.37,36.00,20.00,AUTO,0,NaN,NaN,NaN,NaN,NaN,NaN,NaN,NaN,NaN,NaN,1,NaN,35.90,36.10,NaN,NaN
2115.11,35.92,34.33,36.00,20.00,AUTO,0,NaN,NaN,NaN,NaN,NaN,NaN,NaN,NaN,NaN,NaN,1,NaN,35.90,36.10,NaN,NaN
2116.11,35.94,34.33,36.00,20.00,AUTO,0,NaN,NaN,NaN,NaN,NaN,NaN,NaN,NaN,NaN,NaN,1,NaN,35.90,36.10,NaN,NaN
2117.12,35.95,34.29,36.00,20.00,AUTO,0,NaN,NaN,NaN,NaN,NaN,NaN,NaN,NaN,NaN,NaN,1,NaN,35.90,36.10,NaN,NaN
2118.12,35.95,34.29,36.00,20.00,AUTO,0,NaN,NaN,NaN,NaN,NaN,NaN,NaN,NaN,NaN,NaN,1,NaN,35.90,36.10,NaN,NaN
2119.12,35.96,34.25,36.00,20.00,AUTO,0,NaN,NaN,NaN,NaN,NaN,NaN,NaN,NaN,NaN,NaN,1,NaN,35.90,36.10,NaN,NaN
2120.12,35.97,34.25,36.00,20.00,AUTO,0,NaN,NaN,NaN,NaN,NaN,NaN,NaN,NaN,NaN,NaN,1,NaN,35.90,36.10,NaN,NaN
2121.12,36.00,34.27,36.00,20.00,AUTO,0,NaN,NaN,NaN,NaN,NaN,NaN,NaN,NaN,NaN,NaN,1,NaN,35.90,36.10,NaN,NaN
2122.12,36.01,34.23,36.00,20.00,AUTO,0,NaN,NaN,NaN,NaN,NaN,NaN,NaN,NaN,NaN,NaN,1,NaN,35.90,36.10,NaN,NaN
2123.13,36.02,34.19,36.00,20.00,AUTO,0,NaN,NaN,NaN,NaN,NaN,NaN,NaN,NaN,NaN,NaN,1,NaN,35.90,36.10,NaN,NaN
2124.13,36.03,34.19,36.00,20.00,AUTO,0,NaN,NaN,NaN,NaN,NaN,NaN,NaN,NaN,NaN,NaN,1,NaN,35.90,36.10,NaN,NaN
2125.13,36.06,34.15,36.00,20.00,AUTO,0,NaN,NaN,NaN,NaN,NaN,NaN,NaN,NaN,NaN,NaN,1,NaN,35.90,36.10,NaN,NaN
2126.13,36.08,34.11,36.00,20.00,AUTO,0,NaN,NaN,NaN,NaN,NaN,NaN,NaN,NaN,NaN,NaN,1,NaN,35.90,36.10,NaN,NaN
2127.13,36.09,34.11,36.00,20.00,AUTO,0,NaN,NaN,NaN,NaN,NaN,NaN,NaN,NaN,NaN,NaN,1,NaN,35.90,36.10,NaN,NaN
2128.14,36.11,34.07,36.00,20.00,AUTO,0,NaN,NaN,NaN,NaN,NaN,NaN,NaN,NaN,NaN,NaN,0,NaN,35.90,36.10,NaN,NaN
2129.13,36.14,34.08,36.00,20.00,AUTO,0,NaN,NaN,NaN,NaN,NaN,NaN,NaN,NaN,NaN,NaN,0,NaN,35.90,36.10,NaN,NaN
2130.14,36.16,34.08,36.00,20.00,AUTO,0,NaN,NaN,NaN,NaN,NaN,NaN,NaN,NaN,NaN,NaN,0,NaN,35.90,36.10,NaN,NaN
2131.14,36.16,34.05,36.00,20.00,AUTO,0,NaN,NaN,NaN,NaN,NaN,NaN,NaN,NaN,NaN,NaN,0,NaN,35.90,36.10,NaN,NaN
2132.14,36.16,34.00,36.00,20.00,AUTO,0,NaN,NaN,NaN,NaN,NaN,NaN,NaN,NaN,NaN,NaN,0,NaN,35.90,36.10,NaN,NaN
2133.14,36.17,34.00,36.00,20.00,AUTO,0,NaN,NaN,NaN,NaN,NaN,NaN,NaN,NaN,NaN,NaN,0,NaN,35.90,36.10,NaN,NaN
2134.14,36.17,34.00,36.00,20.00,AUTO,0,NaN,NaN,NaN,NaN,NaN,NaN,NaN,NaN,NaN,NaN,0,NaN,35.90,36.10,NaN,NaN
2135.14,36.18,34.00,36.00,20.00,AUTO,0,NaN,NaN,NaN,NaN,NaN,NaN,NaN,NaN,NaN,NaN,0,NaN,35.90,36.10,NaN,NaN
2136.15,36.18,34.00,36.00,20.00,AUTO,0,NaN,NaN,NaN,NaN,NaN,NaN,NaN,NaN,NaN,NaN,0,NaN,35.90,36.10,NaN,NaN
2137.15,36.18,33.96,36.00,20.00,AUTO,0,NaN,NaN,NaN,NaN,NaN,NaN,NaN,NaN,NaN,NaN,0,NaN,35.90,36.10,NaN,NaN
2138.15,36.19,33.96,36.00,20.00,AUTO,0,NaN,NaN,NaN,NaN,NaN,NaN,NaN,NaN,NaN,NaN,0,NaN,35.90,36.10,NaN,NaN
2139.15,36.18,33.96,36.00,20.00,AUTO,0,NaN,NaN,NaN,NaN,NaN,NaN,NaN,NaN,NaN,NaN,0,NaN,35.90,36.10,NaN,NaN
2140.15,36.17,33.96,36.00,20.00,AUTO,0,NaN,NaN,NaN,NaN,NaN,NaN,NaN,NaN,NaN,NaN,0,NaN,35.90,36.10,NaN,NaN
2141.15,36.17,33.96,36.00,20.00,AUTO,0,NaN,NaN,NaN,NaN,NaN,NaN,NaN,NaN,NaN,NaN,0,NaN,35.90,36.10,NaN,NaN
2142.16,36.16,33.96,36.00,20.00,AUTO,0,NaN,NaN,NaN,NaN,NaN,NaN,NaN,NaN,NaN,NaN,0,NaN,35.90,36.10,NaN,NaN
2143.16,36.15,33.96,36.00,20.00,AUTO,0,NaN,NaN,NaN,NaN,NaN,NaN,NaN,NaN,NaN,NaN,0,NaN,35.90,36.10,NaN,NaN
2144.16,36.14,34.00,36.00,20.00,AUTO,0,NaN,NaN,NaN,NaN,NaN,NaN,NaN,NaN,NaN,NaN,0,NaN,35.90,36.10,NaN,NaN
2145.16,36.14,33.99,36.00,20.00,AUTO,0,NaN,NaN,NaN,NaN,NaN,NaN,NaN,NaN,NaN,NaN,0,NaN,35.90,36.10,NaN,NaN
2146.16,36.13,34.00,36.00,20.00,AUTO,0,NaN,NaN,NaN,NaN,NaN,NaN,NaN,NaN,NaN,NaN,0,NaN,35.90,36.10,NaN,NaN
2147.16,36.12,33.99,36.00,20.00,AUTO,0,NaN,NaN,NaN,NaN,NaN,NaN,NaN,NaN,NaN,NaN,0,NaN,35.90,36.10,NaN,NaN
2148.17,36.12,33.99,36.00,20.00,AUTO,0,NaN,NaN,NaN,NaN,NaN,NaN,NaN,NaN,NaN,NaN,0,NaN,35.90,36.10,NaN,NaN
2149.16,36.11,33.99,36.00,20.00,AUTO,0,NaN,NaN,NaN,NaN,NaN,NaN,NaN,NaN,NaN,NaN,0,NaN,35.90,36.10,NaN,NaN
2150.17,36.10,34.02,36.00,20.00,AUTO,0,NaN,NaN,NaN,NaN,NaN,NaN,NaN,NaN,NaN,NaN,0,NaN,35.90,36.10,NaN,NaN
2151.17,36.10,34.02,36.00,20.00,AUTO,0,NaN,NaN,NaN,NaN,NaN,NaN,NaN,NaN,NaN,NaN,0,NaN,35.90,36.10,NaN,NaN
2152.17,36.08,34.07,36.00,20.00,AUTO,0,NaN,NaN,NaN,NaN,NaN,NaN,NaN,NaN,NaN,NaN,0,NaN,35.90,36.10,NaN,NaN
2153.17,36.07,34.07,36.00,20.00,AUTO,0,NaN,NaN,NaN,NaN,NaN,NaN,NaN,NaN,NaN,NaN,0,NaN,35.90,36.10,NaN,NaN
2154.17,36.06,34.07,36.00,20.00,AUTO,0,NaN,NaN,NaN,NaN,NaN,NaN,NaN,NaN,NaN,NaN,0,NaN,35.90,36.10,NaN,NaN
2155.18,36.04,34.11,36.00,20.00,AUTO,0,NaN,NaN,NaN,NaN,NaN,NaN,NaN,NaN,NaN,NaN,0,NaN,35.90,36.10,NaN,NaN
2156.18,36.03,34.11,36.00,20.00,AUTO,0,NaN,NaN,NaN,NaN,NaN,NaN,NaN,NaN,NaN,NaN,0,NaN,35.90,36.10,NaN,NaN
2157.18,36.02,34.11,36.00,20.00,AUTO,0,NaN,NaN,NaN,NaN,NaN,NaN,NaN,NaN,NaN,NaN,0,NaN,35.90,36.10,NaN,NaN
2158.18,36.01,34.15,36.00,20.00,AUTO,0,NaN,NaN,NaN,NaN,NaN,NaN,NaN,NaN,NaN,NaN,0,NaN,35.90,36.10,NaN,NaN
2159.18,36.01,34.19,36.00,20.00,AUTO,0,NaN,NaN,NaN,NaN,NaN,NaN,NaN,NaN,NaN,NaN,0,NaN,35.90,36.10,NaN,NaN
2160.19,36.00,34.17,36.00,20.00,AUTO,0,NaN,NaN,NaN,NaN,NaN,NaN,NaN,NaN,NaN,NaN,0,NaN,35.90,36.10,NaN,NaN
2161.19,35.98,34.21,36.00,20.00,AUTO,0,NaN,NaN,NaN,NaN,NaN,NaN,NaN,NaN,NaN,NaN,0,NaN,35.90,36.10,NaN,NaN
2162.19,35.97,34.25,36.00,20.00,AUTO,0,NaN,NaN,NaN,NaN,NaN,NaN,NaN,NaN,NaN,NaN,0,NaN,35.90,36.10,NaN,NaN
2163.19,35.96,34.29,36.00,20.00,AUTO,0,NaN,NaN,NaN,NaN,NaN,NaN,NaN,NaN,NaN,NaN,0,NaN,35.90,36.10,NaN,NaN
2164.19,35.95,34.29,36.00,20.00,AUTO,0,NaN,NaN,NaN,NaN,NaN,NaN,NaN,NaN,NaN,NaN,0,NaN,35.90,36.10,NaN,NaN
2165.19,35.93,34.33,36.00,20.00,AUTO,0,NaN,NaN,NaN,NaN,NaN,NaN,NaN,NaN,NaN,NaN,0,NaN,35.90,36.10,NaN,NaN
2166.19,35.92,34.33,36.00,20.00,AUTO,0,NaN,NaN,NaN,NaN,NaN,NaN,NaN,NaN,NaN,NaN,0,NaN,35.90,36.10,NaN,NaN
2167.19,35.90,34.37,36.00,20.00,AUTO,0,NaN,NaN,NaN,NaN,NaN,NaN,NaN,NaN,NaN,NaN,0,NaN,35.90,36.10,NaN,NaN
2168.20,35.89,34.41,36.00,20.00,AUTO,0,NaN,NaN,NaN,NaN,NaN,NaN,NaN,NaN,NaN,NaN,1,NaN,35.90,36.10,NaN,NaN
2169.20,35.86,34.41,36.00,20.00,AUTO,0,NaN,NaN,NaN,NaN,NaN,NaN,NaN,NaN,NaN,NaN,1,NaN,35.90,36.10,NaN,NaN
2170.20,35.84,34.41,36.00,20.00,AUTO,0,NaN,NaN,NaN,NaN,NaN,NaN,NaN,NaN,NaN,NaN,1,NaN,35.90,36.10,NaN,NaN
2171.20,35.80,34.44,36.00,20.00,AUTO,0,NaN,NaN,NaN,NaN,NaN,NaN,NaN,NaN,NaN,NaN,1,NaN,35.90,36.10,NaN,NaN
2172.20,35.80,34.44,36.00,20.00,AUTO,0,NaN,NaN,NaN,NaN,NaN,NaN,NaN,NaN,NaN,NaN,1,NaN,35.90,36.10,NaN,NaN
2173.20,35.78,34.44,36.00,20.00,AUTO,0,NaN,NaN,NaN,NaN,NaN,NaN,NaN,NaN,NaN,NaN,1,NaN,35.90,36.10,NaN,NaN
2174.21,35.78,34.44,36.00,20.00,AUTO,0,NaN,NaN,NaN,NaN,NaN,NaN,NaN,NaN,NaN,NaN,1,NaN,35.90,36.10,NaN,NaN
2175.20,35.78,34.47,36.00,20.00,AUTO,0,NaN,NaN,NaN,NaN,NaN,NaN,NaN,NaN,NaN,NaN,1,NaN,35.90,36.10,NaN,NaN
2176.21,35.78,34.47,36.00,20.00,AUTO,0,NaN,NaN,NaN,NaN,NaN,NaN,NaN,NaN,NaN,NaN,1,NaN,35.90,36.10,NaN,NaN
2177.21,35.78,34.47,36.00,20.00,AUTO,0,NaN,NaN,NaN,NaN,NaN,NaN,NaN,NaN,NaN,NaN,1,NaN,35.90,36.10,NaN,NaN
2178.21,35.78,34.51,36.00,20.00,AUTO,0,NaN,NaN,NaN,NaN,NaN,NaN,NaN,NaN,NaN,NaN,1,NaN,35.90,36.10,NaN,NaN
2179.21,35.78,34.51,36.00,20.00,AUTO,0,NaN,NaN,NaN,NaN,NaN,NaN,NaN,NaN,NaN,NaN,1,NaN,35.90,36.10,NaN,NaN
2180.21,35.77,34.51,36.00,20.00,AUTO,0,NaN,NaN,NaN,NaN,NaN,NaN,NaN,NaN,NaN,NaN,1,NaN,35.90,36.10,NaN,NaN
2181.21,35.77,34.51,36.00,20.00,AUTO,0,NaN,NaN,NaN,NaN,NaN,NaN,NaN,NaN,NaN,NaN,1,NaN,35.90,36.10,NaN,NaN
2182.22,35.78,34.51,36.00,20.00,AUTO,0,NaN,NaN,NaN,NaN,NaN,NaN,NaN,NaN,NaN,NaN,1,NaN,35.90,36.10,NaN,NaN
2183.22,35.78,34.51,36.00,20.00,AUTO,0,NaN,NaN,NaN,NaN,NaN,NaN,NaN,NaN,NaN,NaN,1,NaN,35.90,36.10,NaN,NaN
2184.22,35.79,34.51,36.00,20.00,AUTO,0,NaN,NaN,NaN,NaN,NaN,NaN,NaN,NaN,NaN,NaN,1,NaN,35.90,36.10,NaN,NaN
2185.22,35.80,34.51,36.00,20.00,AUTO,0,NaN,NaN,NaN,NaN,NaN,NaN,NaN,NaN,NaN,NaN,1,NaN,35.90,36.10,NaN,NaN
2186.22,35.81,34.53,36.00,20.00,AUTO,0,NaN,NaN,NaN,NaN,NaN,NaN,NaN,NaN,NaN,NaN,1,NaN,35.90,36.10,NaN,NaN
2187.23,35.82,34.50,36.00,20.00,AUTO,0,NaN,NaN,NaN,NaN,NaN,NaN,NaN,NaN,NaN,NaN,1,NaN,35.90,36.10,NaN,NaN
2188.23,35.84,34.50,36.00,20.00,AUTO,0,NaN,NaN,NaN,NaN,NaN,NaN,NaN,NaN,NaN,NaN,1,NaN,35.90,36.10,NaN,NaN
2189.23,35.86,34.45,36.00,20.00,AUTO,0,NaN,NaN,NaN,NaN,NaN,NaN,NaN,NaN,NaN,NaN,1,NaN,35.90,36.10,NaN,NaN
2190.23,35.88,34.45,36.00,20.00,AUTO,0,NaN,NaN,NaN,NaN,NaN,NaN,NaN,NaN,NaN,NaN,1,NaN,35.90,36.10,NaN,NaN
2191.23,35.89,34.45,36.00,20.00,AUTO,0,NaN,NaN,NaN,NaN,NaN,NaN,NaN,NaN,NaN,NaN,1,NaN,35.90,36.10,NaN,NaN
2192.23,35.90,34.41,36.00,20.00,AUTO,0,NaN,NaN,NaN,NaN,NaN,NaN,NaN,NaN,NaN,NaN,1,NaN,35.90,36.10,NaN,NaN
2193.24,35.92,34.41,36.00,20.00,AUTO,0,NaN,NaN,NaN,NaN,NaN,NaN,NaN,NaN,NaN,NaN,1,NaN,35.90,36.10,NaN,NaN
2194.23,35.92,34.41,36.00,20.00,AUTO,0,NaN,NaN,NaN,NaN,NaN,NaN,NaN,NaN,NaN,NaN,1,NaN,35.90,36.10,NaN,NaN
2195.24,35.94,34.37,36.00,20.00,AUTO,0,NaN,NaN,NaN,NaN,NaN,NaN,NaN,NaN,NaN,NaN,1,NaN,35.90,36.10,NaN,NaN
2196.24,35.96,34.33,36.00,20.00,AUTO,0,NaN,NaN,NaN,NaN,NaN,NaN,NaN,NaN,NaN,NaN,1,NaN,35.90,36.10,NaN,NaN
2197.24,35.98,34.33,36.00,20.00,AUTO,0,NaN,NaN,NaN,NaN,NaN,NaN,NaN,NaN,NaN,NaN,1,NaN,35.90,36.10,NaN,NaN
2198.24,35.99,34.29,36.00,20.00,AUTO,0,NaN,NaN,NaN,NaN,NaN,NaN,NaN,NaN,NaN,NaN,1,NaN,35.90,36.10,NaN,NaN
2199.24,35.99,34.25,36.00,20.00,AUTO,0,NaN,NaN,NaN,NaN,NaN,NaN,NaN,NaN,NaN,NaN,1,NaN,35.90,36.10,NaN,NaN
2200.25,36.00,34.27,36.00,20.00,AUTO,0,NaN,NaN,NaN,NaN,NaN,NaN,NaN,NaN,NaN,NaN,1,NaN,35.90,36.10,NaN,NaN
2201.25,36.01,34.27,36.00,20.00,AUTO,0,NaN,NaN,NaN,NaN,NaN,NaN,NaN,NaN,NaN,NaN,1,NaN,35.90,36.10,NaN,NaN
2202.25,36.01,34.23,36.00,20.00,AUTO,0,NaN,NaN,NaN,NaN,NaN,NaN,NaN,NaN,NaN,NaN,1,NaN,35.90,36.10,NaN,NaN
2203.25,36.02,34.19,36.00,20.00,AUTO,0,NaN,NaN,NaN,NaN,NaN,NaN,NaN,NaN,NaN,NaN,1,NaN,35.90,36.10,NaN,NaN
2204.25,36.04,34.19,36.00,20.00,AUTO,0,NaN,NaN,NaN,NaN,NaN,NaN,NaN,NaN,NaN,NaN,1,NaN,35.90,36.10,NaN,NaN
2205.25,36.07,34.19,36.00,20.00,AUTO,0,NaN,NaN,NaN,NaN,NaN,NaN,NaN,NaN,NaN,NaN,1,NaN,35.90,36.10,NaN,NaN
2206.26,36.08,34.15,36.00,20.00,AUTO,0,NaN,NaN,NaN,NaN,NaN,NaN,NaN,NaN,NaN,NaN,1,NaN,35.90,36.10,NaN,NaN
2207.26,36.09,34.15,36.00,20.00,AUTO,0,NaN,NaN,NaN,NaN,NaN,NaN,NaN,NaN,NaN,NaN,1,NaN,35.90,36.10,NaN,NaN
2208.26,36.11,34.11,36.00,20.00,AUTO,0,NaN,NaN,NaN,NaN,NaN,NaN,NaN,NaN,NaN,NaN,0,NaN,35.90,36.10,NaN,NaN
2209.26,36.14,34.08,36.00,20.00,AUTO,0,NaN,NaN,NaN,NaN,NaN,NaN,NaN,NaN,NaN,NaN,0,NaN,35.90,36.10,NaN,NaN
2210.26,36.15,34.08,36.00,20.00,AUTO,0,NaN,NaN,NaN,NaN,NaN,NaN,NaN,NaN,NaN,NaN,0,NaN,35.90,36.10,NaN,NaN
2211.26,36.15,34.08,36.00,20.00,AUTO,0,NaN,NaN,NaN,NaN,NaN,NaN,NaN,NaN,NaN,NaN,0,NaN,35.90,36.10,NaN,NaN
2212.26,36.16,34.08,36.00,20.00,AUTO,0,NaN,NaN,NaN,NaN,NaN,NaN,NaN,NaN,NaN,NaN,0,NaN,35.90,36.10,NaN,NaN
2213.26,36.16,34.05,36.00,20.00,AUTO,0,NaN,NaN,NaN,NaN,NaN,NaN,NaN,NaN,NaN,NaN,0,NaN,35.90,36.10,NaN,NaN
2214.27,36.16,34.05,36.00,20.00,AUTO,0,NaN,NaN,NaN,NaN,NaN,NaN,NaN,NaN,NaN,NaN,0,NaN,35.90,36.10,NaN,NaN
2215.27,36.16,34.05,36.00,20.00,AUTO,0,NaN,NaN,NaN,NaN,NaN,NaN,NaN,NaN,NaN,NaN,0,NaN,35.90,36.10,NaN,NaN
2216.27,36.16,34.05,36.00,20.00,AUTO,0,NaN,NaN,NaN,NaN,NaN,NaN,NaN,NaN,NaN,NaN,0,NaN,35.90,36.10,NaN,NaN
2217.27,36.16,34.05,36.00,20.00,AUTO,0,NaN,NaN,NaN,NaN,NaN,NaN,NaN,NaN,NaN,NaN,0,NaN,35.90,36.10,NaN,NaN
2218.27,36.16,34.05,36.00,20.00,AUTO,0,NaN,NaN,NaN,NaN,NaN,NaN,NaN,NaN,NaN,NaN,0,NaN,35.90,36.10,NaN,NaN
2219.28,36.16,34.05,36.00,20.00,AUTO,0,NaN,NaN,NaN,NaN,NaN,NaN,NaN,NaN,NaN,NaN,0,NaN,35.90,36.10,NaN,NaN
2220.28,36.15,34.05,36.00,20.00,AUTO,0,NaN,NaN,NaN,NaN,NaN,NaN,NaN,NaN,NaN,NaN,0,NaN,35.90,36.10,NaN,NaN
2221.28,36.15,34.05,36.00,20.00,AUTO,0,NaN,NaN,NaN,NaN,NaN,NaN,NaN,NaN,NaN,NaN,0,NaN,35.90,36.10,NaN,NaN
2222.28,36.14,34.05,36.00,20.00,AUTO,0,NaN,NaN,NaN,NaN,NaN,NaN,NaN,NaN,NaN,NaN,0,NaN,35.90,36.10,NaN,NaN
2223.28,36.13,34.02,36.00,20.00,AUTO,0,NaN,NaN,NaN,NaN,NaN,NaN,NaN,NaN,NaN,NaN,0,NaN,35.90,36.10,NaN,NaN
2224.28,36.13,34.07,36.00,20.00,AUTO,0,NaN,NaN,NaN,NaN,NaN,NaN,NaN,NaN,NaN,NaN,0,NaN,35.90,36.10,NaN,NaN
2225.28,36.12,34.07,36.00,20.00,AUTO,0,NaN,NaN,NaN,NaN,NaN,NaN,NaN,NaN,NaN,NaN,0,NaN,35.90,36.10,NaN,NaN
2226.28,36.10,34.07,36.00,20.00,AUTO,0,NaN,NaN,NaN,NaN,NaN,NaN,NaN,NaN,NaN,NaN,0,NaN,35.90,36.10,NaN,NaN
2227.29,36.09,34.07,36.00,20.00,AUTO,0,NaN,NaN,NaN,NaN,NaN,NaN,NaN,NaN,NaN,NaN,0,NaN,35.90,36.10,NaN,NaN
2228.29,36.09,34.07,36.00,20.00,AUTO,0,NaN,NaN,NaN,NaN,NaN,NaN,NaN,NaN,NaN,NaN,0,NaN,35.90,36.10,NaN,NaN
2229.29,36.08,34.07,36.00,20.00,AUTO,0,NaN,NaN,NaN,NaN,NaN,NaN,NaN,NaN,NaN,NaN,0,NaN,35.90,36.10,NaN,NaN
2230.29,36.07,34.07,36.00,20.00,AUTO,0,NaN,NaN,NaN,NaN,NaN,NaN,NaN,NaN,NaN,NaN,0,NaN,35.90,36.10,NaN,NaN
2231.29,36.07,34.11,36.00,20.00,AUTO,0,NaN,NaN,NaN,NaN,NaN,NaN,NaN,NaN,NaN,NaN,0,NaN,35.90,36.10,NaN,NaN
2232.29,36.06,34.11,36.00,20.00,AUTO,0,NaN,NaN,NaN,NaN,NaN,NaN,NaN,NaN,NaN,NaN,0,NaN,35.90,36.10,NaN,NaN
2233.30,36.03,34.15,36.00,20.00,AUTO,0,NaN,NaN,NaN,NaN,NaN,NaN,NaN,NaN,NaN,NaN,0,NaN,35.90,36.10,NaN,NaN
2234.30,36.03,34.19,36.00,20.00,AUTO,0,NaN,NaN,NaN,NaN,NaN,NaN,NaN,NaN,NaN,NaN,0,NaN,35.90,36.10,NaN,NaN
2235.30,36.02,34.19,36.00,20.00,AUTO,0,NaN,NaN,NaN,NaN,NaN,NaN,NaN,NaN,NaN,NaN,0,NaN,35.90,36.10,NaN,NaN
2236.30,36.01,34.19,36.00,20.00,AUTO,0,NaN,NaN,NaN,NaN,NaN,NaN,NaN,NaN,NaN,NaN,0,NaN,35.90,36.10,NaN,NaN
2237.30,36.00,34.23,36.00,20.00,AUTO,0,NaN,NaN,NaN,NaN,NaN,NaN,NaN,NaN,NaN,NaN,0,NaN,35.90,36.10,NaN,NaN
2238.31,36.00,34.25,36.00,20.00,AUTO,0,NaN,NaN,NaN,NaN,NaN,NaN,NaN,NaN,NaN,NaN,0,NaN,35.90,36.10,NaN,NaN
2239.31,35.98,34.25,36.00,20.00,AUTO,0,NaN,NaN,NaN,NaN,NaN,NaN,NaN,NaN,NaN,NaN,0,NaN,35.90,36.10,NaN,NaN
2240.31,35.97,34.29,36.00,20.00,AUTO,0,NaN,NaN,NaN,NaN,NaN,NaN,NaN,NaN,NaN,NaN,0,NaN,35.90,36.10,NaN,NaN
2241.31,35.96,34.33,36.00,20.00,AUTO,0,NaN,NaN,NaN,NaN,NaN,NaN,NaN,NaN,NaN,NaN,0,NaN,35.90,36.10,NaN,NaN
2242.31,35.94,34.37,36.00,20.00,AUTO,0,NaN,NaN,NaN,NaN,NaN,NaN,NaN,NaN,NaN,NaN,0,NaN,35.90,36.10,NaN,NaN
2243.31,35.93,34.37,36.00,20.00,AUTO,0,NaN,NaN,NaN,NaN,NaN,NaN,NaN,NaN,NaN,NaN,0,NaN,35.90,36.10,NaN,NaN
2244.31,35.92,34.41,36.00,20.00,AUTO,0,NaN,NaN,NaN,NaN,NaN,NaN,NaN,NaN,NaN,NaN,0,NaN,35.90,36.10,NaN,NaN
2245.31,35.90,34.41,36.00,20.00,AUTO,0,NaN,NaN,NaN,NaN,NaN,NaN,NaN,NaN,NaN,NaN,0,NaN,35.90,36.10,NaN,NaN
2246.32,35.88,34.41,36.00,20.00,AUTO,0,NaN,NaN,NaN,NaN,NaN,NaN,NaN,NaN,NaN,NaN,1,NaN,35.90,36.10,NaN,NaN
2247.32,35.86,34.45,36.00,20.00,AUTO,0,NaN,NaN,NaN,NaN,NaN,NaN,NaN,NaN,NaN,NaN,1,NaN,35.90,36.10,NaN,NaN
2248.32,35.83,34.45,36.00,20.00,AUTO,0,NaN,NaN,NaN,NaN,NaN,NaN,NaN,NaN,NaN,NaN,1,NaN,35.90,36.10,NaN,NaN
2249.32,35.81,34.45,36.00,20.00,AUTO,0,NaN,NaN,NaN,NaN,NaN,NaN,NaN,NaN,NaN,NaN,1,NaN,35.90,36.10,NaN,NaN
2250.32,35.79,34.47,36.00,20.00,AUTO,0,NaN,NaN,NaN,NaN,NaN,NaN,NaN,NaN,NaN,NaN,1,NaN,35.90,36.10,NaN,NaN
2251.33,35.79,34.47,36.00,20.00,AUTO,0,NaN,NaN,NaN,NaN,NaN,NaN,NaN,NaN,NaN,NaN,1,NaN,35.90,36.10,NaN,NaN
2252.33,35.79,34.51,36.00,20.00,AUTO,0,NaN,NaN,NaN,NaN,NaN,NaN,NaN,NaN,NaN,NaN,1,NaN,35.90,36.10,NaN,NaN
2253.33,35.78,34.51,36.00,20.00,AUTO,0,NaN,NaN,NaN,NaN,NaN,NaN,NaN,NaN,NaN,NaN,1,NaN,35.90,36.10,NaN,NaN
2254.33,35.78,34.51,36.00,20.00,AUTO,0,NaN,NaN,NaN,NaN,NaN,NaN,NaN,NaN,NaN,NaN,1,NaN,35.90,36.10,NaN,NaN
2255.33,35.78,34.51,36.00,20.00,AUTO,0,NaN,NaN,NaN,NaN,NaN,NaN,NaN,NaN,NaN,NaN,1,NaN,35.90,36.10,NaN,NaN
2256.33,35.78,34.56,36.00,20.00,AUTO,0,NaN,NaN,NaN,NaN,NaN,NaN,NaN,NaN,NaN,NaN,1,NaN,35.90,36.10,NaN,NaN
2257.33,35.78,34.56,36.00,20.00,AUTO,0,NaN,NaN,NaN,NaN,NaN,NaN,NaN,NaN,NaN,NaN,1,NaN,35.90,36.10,NaN,NaN
2258.33,35.78,34.56,36.00,20.00,AUTO,0,NaN,NaN,NaN,NaN,NaN,NaN,NaN,NaN,NaN,NaN,1,NaN,35.90,36.10,NaN,NaN
2259.34,35.78,34.56,36.00,20.00,AUTO,0,NaN,NaN,NaN,NaN,NaN,NaN,NaN,NaN,NaN,NaN,1,NaN,35.90,36.10,NaN,NaN
2260.34,35.78,34.56,36.00,20.00,AUTO,0,NaN,NaN,NaN,NaN,NaN,NaN,NaN,NaN,NaN,NaN,1,NaN,35.90,36.10,NaN,NaN
2261.34,35.78,34.56,36.00,20.00,AUTO,0,NaN,NaN,NaN,NaN,NaN,NaN,NaN,NaN,NaN,NaN,1,NaN,35.90,36.10,NaN,NaN
2262.34,35.80,34.56,36.00,20.00,AUTO,0,NaN,NaN,NaN,NaN,NaN,NaN,NaN,NaN,NaN,NaN,1,NaN,35.90,36.10,NaN,NaN
2263.34,35.81,34.57,36.00,20.00,AUTO,0,NaN,NaN,NaN,NaN,NaN,NaN,NaN,NaN,NaN,NaN,1,NaN,35.90,36.10,NaN,NaN
2264.34,35.82,34.57,36.00,20.00,AUTO,0,NaN,NaN,NaN,NaN,NaN,NaN,NaN,NaN,NaN,NaN,1,NaN,35.90,36.10,NaN,NaN
2265.35,35.82,34.53,36.00,20.00,AUTO,0,NaN,NaN,NaN,NaN,NaN,NaN,NaN,NaN,NaN,NaN,1,NaN,35.90,36.10,NaN,NaN
2266.35,35.83,34.53,36.00,20.00,AUTO,0,NaN,NaN,NaN,NaN,NaN,NaN,NaN,NaN,NaN,NaN,1,NaN,35.90,36.10,NaN,NaN
2267.35,35.83,34.53,36.00,20.00,AUTO,0,NaN,NaN,NaN,NaN,NaN,NaN,NaN,NaN,NaN,NaN,1,NaN,35.90,36.10,NaN,NaN
2268.35,35.85,34.50,36.00,20.00,AUTO,0,NaN,NaN,NaN,NaN,NaN,NaN,NaN,NaN,NaN,NaN,1,NaN,35.90,36.10,NaN,NaN
2269.35,35.85,34.50,36.00,20.00,AUTO,0,NaN,NaN,NaN,NaN,NaN,NaN,NaN,NaN,NaN,NaN,1,NaN,35.90,36.10,NaN,NaN
2270.36,35.85,34.50,36.00,20.00,AUTO,0,NaN,NaN,NaN,NaN,NaN,NaN,NaN,NaN,NaN,NaN,1,NaN,35.90,36.10,NaN,NaN
2271.36,35.86,34.45,36.00,20.00,AUTO,0,NaN,NaN,NaN,NaN,NaN,NaN,NaN,NaN,NaN,NaN,1,NaN,35.90,36.10,NaN,NaN
2272.36,35.87,34.45,36.00,20.00,AUTO,0,NaN,NaN,NaN,NaN,NaN,NaN,NaN,NaN,NaN,NaN,1,NaN,35.90,36.10,NaN,NaN
2273.36,35.89,34.45,36.00,20.00,AUTO,0,NaN,NaN,NaN,NaN,NaN,NaN,NaN,NaN,NaN,NaN,1,NaN,35.90,36.10,NaN,NaN
2274.36,35.90,34.45,36.00,20.00,AUTO,0,NaN,NaN,NaN,NaN,NaN,NaN,NaN,NaN,NaN,NaN,1,NaN,35.90,36.10,NaN,NaN
2275.36,35.92,34.45,36.00,20.00,AUTO,0,NaN,NaN,NaN,NaN,NaN,NaN,NaN,NaN,NaN,NaN,1,NaN,35.90,36.10,NaN,NaN
2276.36,35.94,34.41,36.00,20.00,AUTO,0,NaN,NaN,NaN,NaN,NaN,NaN,NaN,NaN,NaN,NaN,1,NaN,35.90,36.10,NaN,NaN
2277.36,35.94,34.41,36.00,20.00,AUTO,0,NaN,NaN,NaN,NaN,NaN,NaN,NaN,NaN,NaN,NaN,1,NaN,35.90,36.10,NaN,NaN
2278.37,35.94,34.41,36.00,20.00,AUTO,0,NaN,NaN,NaN,NaN,NaN,NaN,NaN,NaN,NaN,NaN,1,NaN,35.90,36.10,NaN,NaN
2279.37,35.96,34.37,36.00,20.00,AUTO,0,NaN,NaN,NaN,NaN,NaN,NaN,NaN,NaN,NaN,NaN,1,NaN,35.90,36.10,NaN,NaN
2280.37,35.99,34.33,36.00,20.00,AUTO,0,NaN,NaN,NaN,NaN,NaN,NaN,NaN,NaN,NaN,NaN,1,NaN,35.90,36.10,NaN,NaN
2281.37,35.99,34.33,36.00,20.00,AUTO,0,NaN,NaN,NaN,NaN,NaN,NaN,NaN,NaN,NaN,NaN,1,NaN,35.90,36.10,NaN,NaN
2282.37,36.00,34.33,36.00,20.00,AUTO,0,NaN,NaN,NaN,NaN,NaN,NaN,NaN,NaN,NaN,NaN,1,NaN,35.90,36.10,NaN,NaN
2283.38,36.01,34.31,36.00,20.00,AUTO,0,NaN,NaN,NaN,NaN,NaN,NaN,NaN,NaN,NaN,NaN,1,NaN,35.90,36.10,NaN,NaN
2284.38,36.01,34.31,36.00,20.00,AUTO,0,NaN,NaN,NaN,NaN,NaN,NaN,NaN,NaN,NaN,NaN,1,NaN,35.90,36.10,NaN,NaN
2285.38,36.04,34.27,36.00,20.00,AUTO,0,NaN,NaN,NaN,NaN,NaN,NaN,NaN,NaN,NaN,NaN,1,NaN,35.90,36.10,NaN,NaN
2286.38,36.07,34.27,36.00,20.00,AUTO,0,NaN,NaN,NaN,NaN,NaN,NaN,NaN,NaN,NaN,NaN,1,NaN,35.90,36.10,NaN,NaN
2287.38,36.08,34.19,36.00,20.00,AUTO,0,NaN,NaN,NaN,NaN,NaN,NaN,NaN,NaN,NaN,NaN,1,NaN,35.90,36.10,NaN,NaN
2288.38,36.08,34.19,36.00,20.00,AUTO,0,NaN,NaN,NaN,NaN,NaN,NaN,NaN,NaN,NaN,NaN,1,NaN,35.90,36.10,NaN,NaN
2289.38,36.10,34.19,36.00,20.00,AUTO,0,NaN,NaN,NaN,NaN,NaN,NaN,NaN,NaN,NaN,NaN,1,NaN,35.90,36.10,NaN,NaN
2290.39,36.13,34.15,36.00,20.00,AUTO,0,NaN,NaN,NaN,NaN,NaN,NaN,NaN,NaN,NaN,NaN,0,NaN,35.90,36.10,NaN,NaN
2291.38,36.15,34.12,36.00,20.00,AUTO,0,NaN,NaN,NaN,NaN,NaN,NaN,NaN,NaN,NaN,NaN,0,NaN,35.90,36.10,NaN,NaN
2292.39,36.18,34.12,36.00,20.00,AUTO,0,NaN,NaN,NaN,NaN,NaN,NaN,NaN,NaN,NaN,NaN,0,NaN,35.90,36.10,NaN,NaN
2293.39,36.21,34.08,36.00,20.00,AUTO,0,NaN,NaN,NaN,NaN,NaN,NaN,NaN,NaN,NaN,NaN,0,NaN,35.90,36.10,NaN,NaN
2294.39,36.21,34.08,36.00,20.00,AUTO,0,NaN,NaN,NaN,NaN,NaN,NaN,NaN,NaN,NaN,NaN,0,NaN,35.90,36.10,NaN,NaN
2295.39,36.21,34.05,36.00,20.00,AUTO,0,NaN,NaN,NaN,NaN,NaN,NaN,NaN,NaN,NaN,NaN,0,NaN,35.90,36.10,NaN,NaN
2296.39,36.22,34.05,36.00,20.00,AUTO,0,NaN,NaN,NaN,NaN,NaN,NaN,NaN,NaN,NaN,NaN,0,NaN,35.90,36.10,NaN,NaN
2297.40,36.23,34.00,36.00,20.00,AUTO,0,NaN,NaN,NaN,NaN,NaN,NaN,NaN,NaN,NaN,NaN,0,NaN,35.90,36.10,NaN,NaN
2298.40,36.24,34.00,36.00,20.00,AUTO,0,NaN,NaN,NaN,NaN,NaN,NaN,NaN,NaN,NaN,NaN,0,NaN,35.90,36.10,NaN,NaN
2299.40,36.23,34.00,36.00,20.00,AUTO,0,NaN,NaN,NaN,NaN,NaN,NaN,NaN,NaN,NaN,NaN,0,NaN,35.90,36.10,NaN,NaN
2300.40,36.23,34.00,36.00,20.00,AUTO,0,NaN,NaN,NaN,NaN,NaN,NaN,NaN,NaN,NaN,NaN,0,NaN,35.90,36.10,NaN,NaN
2301.40,36.23,34.00,36.00,20.00,AUTO,0,NaN,NaN,NaN,NaN,NaN,NaN,NaN,NaN,NaN,NaN,0,NaN,35.90,36.10,NaN,NaN
2302.40,36.23,34.00,36.00,20.00,AUTO,0,NaN,NaN,NaN,NaN,NaN,NaN,NaN,NaN,NaN,NaN,0,NaN,35.90,36.10,NaN,NaN
2303.41,36.22,34.00,36.00,20.00,AUTO,0,NaN,NaN,NaN,NaN,NaN,NaN,NaN,NaN,NaN,NaN,0,NaN,35.90,36.10,NaN,NaN
2304.41,36.21,34.00,36.00,20.00,AUTO,0,NaN,NaN,NaN,NaN,NaN,NaN,NaN,NaN,NaN,NaN,0,NaN,35.90,36.10,NaN,NaN
2305.41,36.19,34.00,36.00,20.00,AUTO,0,NaN,NaN,NaN,NaN,NaN,NaN,NaN,NaN,NaN,NaN,0,NaN,35.90,36.10,NaN,NaN
2306.41,36.18,34.00,36.00,20.00,AUTO,0,NaN,NaN,NaN,NaN,NaN,NaN,NaN,NaN,NaN,NaN,0,NaN,35.90,36.10,NaN,NaN
2307.41,36.17,34.00,36.00,20.00,AUTO,0,NaN,NaN,NaN,NaN,NaN,NaN,NaN,NaN,NaN,NaN,0,NaN,35.90,36.10,NaN,NaN
2308.41,36.16,34.05,36.00,20.00,AUTO,0,NaN,NaN,NaN,NaN,NaN,NaN,NaN,NaN,NaN,NaN,0,NaN,35.90,36.10,NaN,NaN
2309.41,36.15,34.05,36.00,20.00,AUTO,0,NaN,NaN,NaN,NaN,NaN,NaN,NaN,NaN,NaN,NaN,0,NaN,35.90,36.10,NaN,NaN
2310.42,36.14,34.05,36.00,20.00,AUTO,0,NaN,NaN,NaN,NaN,NaN,NaN,NaN,NaN,NaN,NaN,0,NaN,35.90,36.10,NaN,NaN
2311.42,36.14,34.08,36.00,20.00,AUTO,0,NaN,NaN,NaN,NaN,NaN,NaN,NaN,NaN,NaN,NaN,0,NaN,35.90,36.10,NaN,NaN
2312.42,36.13,34.08,36.00,20.00,AUTO,0,NaN,NaN,NaN,NaN,NaN,NaN,NaN,NaN,NaN,NaN,0,NaN,35.90,36.10,NaN,NaN
2313.42,36.13,34.07,36.00,20.00,AUTO,0,NaN,NaN,NaN,NaN,NaN,NaN,NaN,NaN,NaN,NaN,0,NaN,35.90,36.10,NaN,NaN
2314.42,36.12,34.11,36.00,20.00,AUTO,0,NaN,NaN,NaN,NaN,NaN,NaN,NaN,NaN,NaN,NaN,0,NaN,35.90,36.10,NaN,NaN
2315.43,36.11,34.15,36.00,20.00,AUTO,0,NaN,NaN,NaN,NaN,NaN,NaN,NaN,NaN,NaN,NaN,0,NaN,35.90,36.10,NaN,NaN
2316.43,36.10,34.19,36.00,20.00,AUTO,0,NaN,NaN,NaN,NaN,NaN,NaN,NaN,NaN,NaN,NaN,0,NaN,35.90,36.10,NaN,NaN
2317.43,36.08,34.19,36.00,20.00,AUTO,0,NaN,NaN,NaN,NaN,NaN,NaN,NaN,NaN,NaN,NaN,0,NaN,35.90,36.10,NaN,NaN
2318.43,36.08,34.19,36.00,20.00,AUTO,0,NaN,NaN,NaN,NaN,NaN,NaN,NaN,NaN,NaN,NaN,0,NaN,35.90,36.10,NaN,NaN
2319.43,36.06,34.23,36.00,20.00,AUTO,0,NaN,NaN,NaN,NaN,NaN,NaN,NaN,NaN,NaN,NaN,0,NaN,35.90,36.10,NaN,NaN
2320.43,36.06,34.23,36.00,20.00,AUTO,0,NaN,NaN,NaN,NaN,NaN,NaN,NaN,NaN,NaN,NaN,0,NaN,35.90,36.10,NaN,NaN
2321.43,36.03,34.23,36.00,20.00,AUTO,0,NaN,NaN,NaN,NaN,NaN,NaN,NaN,NaN,NaN,NaN,0,NaN,35.90,36.10,NaN,NaN
2322.44,36.02,34.27,36.00,20.00,AUTO,0,NaN,NaN,NaN,NaN,NaN,NaN,NaN,NaN,NaN,NaN,0,NaN,35.90,36.10,NaN,NaN
2323.43,36.01,34.27,36.00,20.00,AUTO,0,NaN,NaN,NaN,NaN,NaN,NaN,NaN,NaN,NaN,NaN,0,NaN,35.90,36.10,NaN,NaN
2324.44,36.01,34.31,36.00,20.00,AUTO,0,NaN,NaN,NaN,NaN,NaN,NaN,NaN,NaN,NaN,NaN,0,NaN,35.90,36.10,NaN,NaN
2325.44,36.00,34.33,36.00,20.00,AUTO,0,NaN,NaN,NaN,NaN,NaN,NaN,NaN,NaN,NaN,NaN,0,NaN,35.90,36.10,NaN,NaN
2326.44,35.98,34.33,36.00,20.00,AUTO,0,NaN,NaN,NaN,NaN,NaN,NaN,NaN,NaN,NaN,NaN,0,NaN,35.90,36.10,NaN,NaN
2327.44,35.97,34.37,36.00,20.00,AUTO,0,NaN,NaN,NaN,NaN,NaN,NaN,NaN,NaN,NaN,NaN,0,NaN,35.90,36.10,NaN,NaN
2328.44,35.96,34.37,36.00,20.00,AUTO,0,NaN,NaN,NaN,NaN,NaN,NaN,NaN,NaN,NaN,NaN,0,NaN,35.90,36.10,NaN,NaN
2329.45,35.94,34.41,36.00,20.00,AUTO,0,NaN,NaN,NaN,NaN,NaN,NaN,NaN,NaN,NaN,NaN,0,NaN,35.90,36.10,NaN,NaN
2330.45,35.93,34.41,36.00,20.00,AUTO,0,NaN,NaN,NaN,NaN,NaN,NaN,NaN,NaN,NaN,NaN,0,NaN,35.90,36.10,NaN,NaN
2331.45,35.90,34.41,36.00,20.00,AUTO,0,NaN,NaN,NaN,NaN,NaN,NaN,NaN,NaN,NaN,NaN,0,NaN,35.90,36.10,NaN,NaN
2332.45,35.90,34.45,36.00,20.00,AUTO,0,NaN,NaN,NaN,NaN,NaN,NaN,NaN,NaN,NaN,NaN,0,NaN,35.90,36.10,NaN,NaN
2333.45,35.88,34.45,36.00,20.00,AUTO,0,NaN,NaN,NaN,NaN,NaN,NaN,NaN,NaN,NaN,NaN,1,NaN,35.90,36.10,NaN,NaN
2334.45,35.85,34.45,36.00,20.00,AUTO,0,NaN,NaN,NaN,NaN,NaN,NaN,NaN,NaN,NaN,NaN,1,NaN,35.90,36.10,NaN,NaN
2335.45,35.83,34.50,36.00,20.00,AUTO,0,NaN,NaN,NaN,NaN,NaN,NaN,NaN,NaN,NaN,NaN,1,NaN,35.90,36.10,NaN,NaN
2336.46,35.79,34.51,36.00,20.00,AUTO,0,NaN,NaN,NaN,NaN,NaN,NaN,NaN,NaN,NaN,NaN,1,NaN,35.90,36.10,NaN,NaN
2337.46,35.78,34.56,36.00,20.00,AUTO,0,NaN,NaN,NaN,NaN,NaN,NaN,NaN,NaN,NaN,NaN,1,NaN,35.90,36.10,NaN,NaN
2338.46,35.78,34.56,36.00,20.00,AUTO,0,NaN,NaN,NaN,NaN,NaN,NaN,NaN,NaN,NaN,NaN,1,NaN,35.90,36.10,NaN,NaN
2339.46,35.77,34.60,36.00,20.00,AUTO,0,NaN,NaN,NaN,NaN,NaN,NaN,NaN,NaN,NaN,NaN,1,NaN,35.90,36.10,NaN,NaN
2340.46,35.77,34.60,36.00,20.00,AUTO,0,NaN,NaN,NaN,NaN,NaN,NaN,NaN,NaN,NaN,NaN,1,NaN,35.90,36.10,NaN,NaN
2341.46,35.75,34.60,36.00,20.00,AUTO,0,NaN,NaN,NaN,NaN,NaN,NaN,NaN,NaN,NaN,NaN,1,NaN,35.90,36.10,NaN,NaN
2342.46,35.77,34.60,36.00,20.00,AUTO,0,NaN,NaN,NaN,NaN,NaN,NaN,NaN,NaN,NaN,NaN,1,NaN,35.90,36.10,NaN,NaN
2343.47,35.77,34.63,36.00,20.00,AUTO,0,NaN,NaN,NaN,NaN,NaN,NaN,NaN,NaN,NaN,NaN,1,NaN,35.90,36.10,NaN,NaN
2344.47,35.77,34.63,36.00,20.00,AUTO,0,NaN,NaN,NaN,NaN,NaN,NaN,NaN,NaN,NaN,NaN,1,NaN,35.90,36.10,NaN,NaN
2345.47,35.77,34.63,36.00,20.00,AUTO,0,NaN,NaN,NaN,NaN,NaN,NaN,NaN,NaN,NaN,NaN,1,NaN,35.90,36.10,NaN,NaN
2346.47,35.77,34.63,36.00,20.00,AUTO,0,NaN,NaN,NaN,NaN,NaN,NaN,NaN,NaN,NaN,NaN,1,NaN,35.90,36.10,NaN,NaN
2347.47,35.78,34.63,36.00,20.00,AUTO,0,NaN,NaN,NaN,NaN,NaN,NaN,NaN,NaN,NaN,NaN,1,NaN,35.90,36.10,NaN,NaN
2348.48,35.79,34.63,36.00,20.00,AUTO,0,NaN,NaN,NaN,NaN,NaN,NaN,NaN,NaN,NaN,NaN,1,NaN,35.90,36.10,NaN,NaN
2349.48,35.79,34.60,36.00,20.00,AUTO,0,NaN,NaN,NaN,NaN,NaN,NaN,NaN,NaN,NaN,NaN,1,NaN,35.90,36.10,NaN,NaN
2350.48,35.81,34.60,36.00,20.00,AUTO,0,NaN,NaN,NaN,NaN,NaN,NaN,NaN,NaN,NaN,NaN,1,NaN,35.90,36.10,NaN,NaN
2351.48,35.81,34.62,36.00,20.00,AUTO,0,NaN,NaN,NaN,NaN,NaN,NaN,NaN,NaN,NaN,NaN,1,NaN,35.90,36.10,NaN,NaN
2352.48,35.80,34.60,36.00,20.00,AUTO,0,NaN,NaN,NaN,NaN,NaN,NaN,NaN,NaN,NaN,NaN,1,NaN,35.90,36.10,NaN,NaN
2353.48,35.80,34.60,36.00,20.00,AUTO,0,NaN,NaN,NaN,NaN,NaN,NaN,NaN,NaN,NaN,NaN,1,NaN,35.90,36.10,NaN,NaN
2354.48,35.81,34.57,36.00,20.00,AUTO,0,NaN,NaN,NaN,NaN,NaN,NaN,NaN,NaN,NaN,NaN,1,NaN,35.90,36.10,NaN,NaN
2355.48,35.82,34.57,36.00,20.00,AUTO,0,NaN,NaN,NaN,NaN,NaN,NaN,NaN,NaN,NaN,NaN,1,NaN,35.90,36.10,NaN,NaN
2356.49,35.83,34.57,36.00,20.00,AUTO,0,NaN,NaN,NaN,NaN,NaN,NaN,NaN,NaN,NaN,NaN,1,NaN,35.90,36.10,NaN,NaN
2357.49,35.85,34.57,36.00,20.00,AUTO,0,NaN,NaN,NaN,NaN,NaN,NaN,NaN,NaN,NaN,NaN,1,NaN,35.90,36.10,NaN,NaN
2358.49,35.88,34.53,36.00,20.00,AUTO,0,NaN,NaN,NaN,NaN,NaN,NaN,NaN,NaN,NaN,NaN,1,NaN,35.90,36.10,NaN,NaN
2359.49,35.89,34.53,36.00,20.00,AUTO,0,NaN,NaN,NaN,NaN,NaN,NaN,NaN,NaN,NaN,NaN,1,NaN,35.90,36.10,NaN,NaN
2360.49,35.90,34.50,36.00,20.00,AUTO,0,NaN,NaN,NaN,NaN,NaN,NaN,NaN,NaN,NaN,NaN,1,NaN,35.90,36.10,NaN,NaN
2361.50,35.92,34.45,36.00,20.00,AUTO,0,NaN,NaN,NaN,NaN,NaN,NaN,NaN,NaN,NaN,NaN,1,NaN,35.90,36.10,NaN,NaN
2362.50,35.93,34.45,36.00,20.00,AUTO,0,NaN,NaN,NaN,NaN,NaN,NaN,NaN,NaN,NaN,NaN,1,NaN,35.90,36.10,NaN,NaN
2363.50,35.94,34.45,36.00,20.00,AUTO,0,NaN,NaN,NaN,NaN,NaN,NaN,NaN,NaN,NaN,NaN,1,NaN,35.90,36.10,NaN,NaN
2364.50,35.96,34.45,36.00,20.00,AUTO,0,NaN,NaN,NaN,NaN,NaN,NaN,NaN,NaN,NaN,NaN,1,NaN,35.90,36.10,NaN,NaN
2365.50,35.96,34.41,36.00,20.00,AUTO,0,NaN,NaN,NaN,NaN,NaN,NaN,NaN,NaN,NaN,NaN,1,NaN,35.90,36.10,NaN,NaN
2366.50,35.99,34.41,36.00,20.00,AUTO,0,NaN,NaN,NaN,NaN,NaN,NaN,NaN,NaN,NaN,NaN,1,NaN,35.90,36.10,NaN,NaN
2367.51,36.00,34.39,36.00,20.00,AUTO,0,NaN,NaN,NaN,NaN,NaN,NaN,NaN,NaN,NaN,NaN,1,NaN,35.90,36.10,NaN,NaN
2368.51,36.01,34.35,36.00,20.00,AUTO,0,NaN,NaN,NaN,NaN,NaN,NaN,NaN,NaN,NaN,NaN,1,NaN,35.90,36.10,NaN,NaN
2369.51,36.02,34.35,36.00,20.00,AUTO,0,NaN,NaN,NaN,NaN,NaN,NaN,NaN,NaN,NaN,NaN,1,NaN,35.90,36.10,NaN,NaN
2370.51,36.03,34.31,36.00,20.00,AUTO,0,NaN,NaN,NaN,NaN,NaN,NaN,NaN,NaN,NaN,NaN,1,NaN,35.90,36.10,NaN,NaN
2371.51,36.03,34.31,36.00,20.00,AUTO,0,NaN,NaN,NaN,NaN,NaN,NaN,NaN,NaN,NaN,NaN,1,NaN,35.90,36.10,NaN,NaN
2372.51,36.04,34.27,36.00,20.00,AUTO,0,NaN,NaN,NaN,NaN,NaN,NaN,NaN,NaN,NaN,NaN,1,NaN,35.90,36.10,NaN,NaN
2373.51,36.07,34.27,36.00,20.00,AUTO,0,NaN,NaN,NaN,NaN,NaN,NaN,NaN,NaN,NaN,NaN,1,NaN,35.90,36.10,NaN,NaN
2374.51,36.07,34.27,36.00,20.00,AUTO,0,NaN,NaN,NaN,NaN,NaN,NaN,NaN,NaN,NaN,NaN,1,NaN,35.90,36.10,NaN,NaN
2375.52,36.08,34.23,36.00,20.00,AUTO,0,NaN,NaN,NaN,NaN,NaN,NaN,NaN,NaN,NaN,NaN,1,NaN,35.90,36.10,NaN,NaN
2376.52,36.09,34.19,36.00,20.00,AUTO,0,NaN,NaN,NaN,NaN,NaN,NaN,NaN,NaN,NaN,NaN,1,NaN,35.90,36.10,NaN,NaN
2377.52,36.11,34.19,36.00,20.00,AUTO,0,NaN,NaN,NaN,NaN,NaN,NaN,NaN,NaN,NaN,NaN,0,NaN,35.90,36.10,NaN,NaN
2378.52,36.13,34.19,36.00,20.00,AUTO,0,NaN,NaN,NaN,NaN,NaN,NaN,NaN,NaN,NaN,NaN,0,NaN,35.90,36.10,NaN,NaN
2379.52,36.14,34.21,36.00,20.00,AUTO,0,NaN,NaN,NaN,NaN,NaN,NaN,NaN,NaN,NaN,NaN,0,NaN,35.90,36.10,NaN,NaN
2380.52,36.15,34.17,36.00,20.00,AUTO,0,NaN,NaN,NaN,NaN,NaN,NaN,NaN,NaN,NaN,NaN,0,NaN,35.90,36.10,NaN,NaN
2381.53,36.15,34.12,36.00,20.00,AUTO,0,NaN,NaN,NaN,NaN,NaN,NaN,NaN,NaN,NaN,NaN,0,NaN,35.90,36.10,NaN,NaN
2382.53,36.16,34.12,36.00,20.00,AUTO,0,NaN,NaN,NaN,NaN,NaN,NaN,NaN,NaN,NaN,NaN,0,NaN,35.90,36.10,NaN,NaN
2383.53,36.16,34.12,36.00,20.00,AUTO,0,NaN,NaN,NaN,NaN,NaN,NaN,NaN,NaN,NaN,NaN,0,NaN,35.90,36.10,NaN,NaN
2384.53,36.16,34.12,36.00,20.00,AUTO,0,NaN,NaN,NaN,NaN,NaN,NaN,NaN,NaN,NaN,NaN,0,NaN,35.90,36.10,NaN,NaN
2385.53,36.16,34.12,36.00,20.00,AUTO,0,NaN,NaN,NaN,NaN,NaN,NaN,NaN,NaN,NaN,NaN,0,NaN,35.90,36.10,NaN,NaN
2386.53,36.16,34.12,36.00,20.00,AUTO,0,NaN,NaN,NaN,NaN,NaN,NaN,NaN,NaN,NaN,NaN,0,NaN,35.90,36.10,NaN,NaN
2387.53,36.16,34.12,36.00,20.00,AUTO,0,NaN,NaN,NaN,NaN,NaN,NaN,NaN,NaN,NaN,NaN,0,NaN,35.90,36.10,NaN,NaN
2388.54,36.15,34.12,36.00,20.00,AUTO,0,NaN,NaN,NaN,NaN,NaN,NaN,NaN,NaN,NaN,NaN,0,NaN,35.90,36.10,NaN,NaN
2389.54,36.15,34.12,36.00,20.00,AUTO,0,NaN,NaN,NaN,NaN,NaN,NaN,NaN,NaN,NaN,NaN,0,NaN,35.90,36.10,NaN,NaN
2390.54,36.14,34.12,36.00,20.00,AUTO,0,NaN,NaN,NaN,NaN,NaN,NaN,NaN,NaN,NaN,NaN,0,NaN,35.90,36.10,NaN,NaN
2391.54,36.13,34.12,36.00,20.00,AUTO,0,NaN,NaN,NaN,NaN,NaN,NaN,NaN,NaN,NaN,NaN,0,NaN,35.90,36.10,NaN,NaN
2392.54,36.13,34.11,36.00,20.00,AUTO,0,NaN,NaN,NaN,NaN,NaN,NaN,NaN,NaN,NaN,NaN,0,NaN,35.90,36.10,NaN,NaN
2393.54,36.12,34.11,36.00,20.00,AUTO,0,NaN,NaN,NaN,NaN,NaN,NaN,NaN,NaN,NaN,NaN,0,NaN,35.90,36.10,NaN,NaN
2394.55,36.12,34.11,36.00,20.00,AUTO,0,NaN,NaN,NaN,NaN,NaN,NaN,NaN,NaN,NaN,NaN,0,NaN,35.90,36.10,NaN,NaN
2395.55,36.11,34.15,36.00,20.00,AUTO,0,NaN,NaN,NaN,NaN,NaN,NaN,NaN,NaN,NaN,NaN,0,NaN,35.90,36.10,NaN,NaN
2396.55,36.10,34.19,36.00,20.00,AUTO,0,NaN,NaN,NaN,NaN,NaN,NaN,NaN,NaN,NaN,NaN,0,NaN,35.90,36.10,NaN,NaN
2397.55,36.09,34.19,36.00,20.00,AUTO,0,NaN,NaN,NaN,NaN,NaN,NaN,NaN,NaN,NaN,NaN,0,NaN,35.90,36.10,NaN,NaN
2398.55,36.09,34.19,36.00,20.00,AUTO,0,NaN,NaN,NaN,NaN,NaN,NaN,NaN,NaN,NaN,NaN,0,NaN,35.90,36.10,NaN,NaN
2399.55,36.08,34.23,36.00,20.00,AUTO,0,NaN,NaN,NaN,NaN,NaN,NaN,NaN,NaN,NaN,NaN,0,NaN,35.90,36.10,NaN,NaN
2400.56,36.07,34.27,36.00,20.00,AUTO,0,NaN,NaN,NaN,NaN,NaN,NaN,NaN,NaN,NaN,NaN,0,NaN,35.90,36.10,NaN,NaN
2401.56,36.06,34.27,36.00,20.00,AUTO,0,NaN,NaN,NaN,NaN,NaN,NaN,NaN,NaN,NaN,NaN,0,NaN,35.90,36.10,NaN,NaN
2402.56,36.04,34.27,36.00,20.00,AUTO,0,NaN,NaN,NaN,NaN,NaN,NaN,NaN,NaN,NaN,NaN,0,NaN,35.90,36.10,NaN,NaN
2403.56,36.03,34.27,36.00,20.00,AUTO,0,NaN,NaN,NaN,NaN,NaN,NaN,NaN,NaN,NaN,NaN,0,NaN,35.90,36.10,NaN,NaN
2404.56,36.02,34.31,36.00,20.00,AUTO,0,NaN,NaN,NaN,NaN,NaN,NaN,NaN,NaN,NaN,NaN,0,NaN,35.90,36.10,NaN,NaN
2405.56,36.01,34.31,36.00,20.00,AUTO,0,NaN,NaN,NaN,NaN,NaN,NaN,NaN,NaN,NaN,NaN,0,NaN,35.90,36.10,NaN,NaN
2406.56,36.01,34.35,36.00,20.00,AUTO,0,NaN,NaN,NaN,NaN,NaN,NaN,NaN,NaN,NaN,NaN,0,NaN,35.90,36.10,NaN,NaN
2407.57,36.00,34.33,36.00,20.00,AUTO,0,NaN,NaN,NaN,NaN,NaN,NaN,NaN,NaN,NaN,NaN,0,NaN,35.90,36.10,NaN,NaN
2408.57,35.98,34.37,36.00,20.00,AUTO,0,NaN,NaN,NaN,NaN,NaN,NaN,NaN,NaN,NaN,NaN,0,NaN,35.90,36.10,NaN,NaN
2409.57,35.97,34.41,36.00,20.00,AUTO,0,NaN,NaN,NaN,NaN,NaN,NaN,NaN,NaN,NaN,NaN,0,NaN,35.90,36.10,NaN,NaN
2410.57,35.96,34.41,36.00,20.00,AUTO,0,NaN,NaN,NaN,NaN,NaN,NaN,NaN,NaN,NaN,NaN,0,NaN,35.90,36.10,NaN,NaN
2411.57,35.94,34.45,36.00,20.00,AUTO,0,NaN,NaN,NaN,NaN,NaN,NaN,NaN,NaN,NaN,NaN,0,NaN,35.90,36.10,NaN,NaN
2412.57,35.93,34.45,36.00,20.00,AUTO,0,NaN,NaN,NaN,NaN,NaN,NaN,NaN,NaN,NaN,NaN,0,NaN,35.90,36.10,NaN,NaN
2413.58,35.92,34.45,36.00,20.00,AUTO,0,NaN,NaN,NaN,NaN,NaN,NaN,NaN,NaN,NaN,NaN,0,NaN,35.90,36.10,NaN,NaN
2414.58,35.90,34.50,36.00,20.00,AUTO,0,NaN,NaN,NaN,NaN,NaN,NaN,NaN,NaN,NaN,NaN,0,NaN,35.90,36.10,NaN,NaN
2415.58,35.89,34.50,36.00,20.00,AUTO,0,NaN,NaN,NaN,NaN,NaN,NaN,NaN,NaN,NaN,NaN,1,NaN,35.90,36.10,NaN,NaN
2416.58,35.86,34.53,36.00,20.00,AUTO,0,NaN,NaN,NaN,NaN,NaN,NaN,NaN,NaN,NaN,NaN,1,NaN,35.90,36.10,NaN,NaN
2417.58,35.84,34.57,36.00,20.00,AUTO,0,NaN,NaN,NaN,NaN,NaN,NaN,NaN,NaN,NaN,NaN,1,NaN,35.90,36.10,NaN,NaN
2418.58,35.82,34.57,36.00,20.00,AUTO,0,NaN,NaN,NaN,NaN,NaN,NaN,NaN,NaN,NaN,NaN,1,NaN,35.90,36.10,NaN,NaN
2419.58,35.80,34.56,36.00,20.00,AUTO,0,NaN,NaN,NaN,NaN,NaN,NaN,NaN,NaN,NaN,NaN,1,NaN,35.90,36.10,NaN,NaN
2420.59,35.79,34.60,36.00,20.00,AUTO,0,NaN,NaN,NaN,NaN,NaN,NaN,NaN,NaN,NaN,NaN,1,NaN,35.90,36.10,NaN,NaN
2421.59,35.79,34.60,36.00,20.00,AUTO,0,NaN,NaN,NaN,NaN,NaN,NaN,NaN,NaN,NaN,NaN,1,NaN,35.90,36.10,NaN,NaN
2422.59,35.78,34.60,36.00,20.00,AUTO,0,NaN,NaN,NaN,NaN,NaN,NaN,NaN,NaN,NaN,NaN,1,NaN,35.90,36.10,NaN,NaN
2423.59,35.79,34.60,36.00,20.00,AUTO,0,NaN,NaN,NaN,NaN,NaN,NaN,NaN,NaN,NaN,NaN,1,NaN,35.90,36.10,NaN,NaN
2424.59,35.78,34.60,36.00,20.00,AUTO,0,NaN,NaN,NaN,NaN,NaN,NaN,NaN,NaN,NaN,NaN,1,NaN,35.90,36.10,NaN,NaN
2425.59,35.78,34.63,36.00,20.00,AUTO,0,NaN,NaN,NaN,NaN,NaN,NaN,NaN,NaN,NaN,NaN,1,NaN,35.90,36.10,NaN,NaN
2426.60,35.79,34.63,36.00,20.00,AUTO,0,NaN,NaN,NaN,NaN,NaN,NaN,NaN,NaN,NaN,NaN,1,NaN,35.90,36.10,NaN,NaN
2427.60,35.78,34.63,36.00,20.00,AUTO,0,NaN,NaN,NaN,NaN,NaN,NaN,NaN,NaN,NaN,NaN,1,NaN,35.90,36.10,NaN,NaN
2428.60,35.78,34.63,36.00,20.00,AUTO,0,NaN,NaN,NaN,NaN,NaN,NaN,NaN,NaN,NaN,NaN,1,NaN,35.90,36.10,NaN,NaN
2429.60,35.78,34.63,36.00,20.00,AUTO,0,NaN,NaN,NaN,NaN,NaN,NaN,NaN,NaN,NaN,NaN,1,NaN,35.90,36.10,NaN,NaN
2430.60,35.78,34.63,36.00,20.00,AUTO,0,NaN,NaN,NaN,NaN,NaN,NaN,NaN,NaN,NaN,NaN,1,NaN,35.90,36.10,NaN,NaN
2431.60,35.79,34.63,36.00,20.00,AUTO,0,NaN,NaN,NaN,NaN,NaN,NaN,NaN,NaN,NaN,NaN,1,NaN,35.90,36.10,NaN,NaN
2432.60,35.81,34.66,36.00,20.00,AUTO,0,NaN,NaN,NaN,NaN,NaN,NaN,NaN,NaN,NaN,NaN,1,NaN,35.90,36.10,NaN,NaN
2433.60,35.83,34.66,36.00,20.00,AUTO,0,NaN,NaN,NaN,NaN,NaN,NaN,NaN,NaN,NaN,NaN,1,NaN,35.90,36.10,NaN,NaN
2434.61,35.83,34.62,36.00,20.00,AUTO,0,NaN,NaN,NaN,NaN,NaN,NaN,NaN,NaN,NaN,NaN,1,NaN,35.90,36.10,NaN,NaN
2435.61,35.85,34.62,36.00,20.00,AUTO,0,NaN,NaN,NaN,NaN,NaN,NaN,NaN,NaN,NaN,NaN,1,NaN,35.90,36.10,NaN,NaN
2436.61,35.86,34.62,36.00,20.00,AUTO,0,NaN,NaN,NaN,NaN,NaN,NaN,NaN,NaN,NaN,NaN,1,NaN,35.90,36.10,NaN,NaN
2437.61,35.87,34.57,36.00,20.00,AUTO,0,NaN,NaN,NaN,NaN,NaN,NaN,NaN,NaN,NaN,NaN,1,NaN,35.90,36.10,NaN,NaN
2438.61,35.89,34.57,36.00,20.00,AUTO,0,NaN,NaN,NaN,NaN,NaN,NaN,NaN,NaN,NaN,NaN,1,NaN,35.90,36.10,NaN,NaN
2439.62,35.90,34.53,36.00,20.00,AUTO,0,NaN,NaN,NaN,NaN,NaN,NaN,NaN,NaN,NaN,NaN,1,NaN,35.90,36.10,NaN,NaN
2440.62,35.92,34.53,36.00,20.00,AUTO,0,NaN,NaN,NaN,NaN,NaN,NaN,NaN,NaN,NaN,NaN,1,NaN,35.90,36.10,NaN,NaN
2441.62,35.94,34.50,36.00,20.00,AUTO,0,NaN,NaN,NaN,NaN,NaN,NaN,NaN,NaN,NaN,NaN,1,NaN,35.90,36.10,NaN,NaN
2442.62,35.94,34.45,36.00,20.00,AUTO,0,NaN,NaN,NaN,NaN,NaN,NaN,NaN,NaN,NaN,NaN,1,NaN,35.90,36.10,NaN,NaN
2443.62,35.96,34.45,36.00,20.00,AUTO,0,NaN,NaN,NaN,NaN,NaN,NaN,NaN,NaN,NaN,NaN,1,NaN,35.90,36.10,NaN,NaN
2444.62,35.96,34.45,36.00,20.00,AUTO,0,NaN,NaN,NaN,NaN,NaN,NaN,NaN,NaN,NaN,NaN,1,NaN,35.90,36.10,NaN,NaN
2445.63,35.98,34.45,36.00,20.00,AUTO,0,NaN,NaN,NaN,NaN,NaN,NaN,NaN,NaN,NaN,NaN,1,NaN,35.90,36.10,NaN,NaN
2446.62,36.00,34.43,36.00,20.00,AUTO,0,NaN,NaN,NaN,NaN,NaN,NaN,NaN,NaN,NaN,NaN,1,NaN,35.90,36.10,NaN,NaN
2447.63,36.01,34.43,36.00,20.00,AUTO,0,NaN,NaN,NaN,NaN,NaN,NaN,NaN,NaN,NaN,NaN,1,NaN,35.90,36.10,NaN,NaN
2448.63,36.01,34.39,36.00,20.00,AUTO,0,NaN,NaN,NaN,NaN,NaN,NaN,NaN,NaN,NaN,NaN,1,NaN,35.90,36.10,NaN,NaN
2449.63,36.01,34.39,36.00,20.00,AUTO,0,NaN,NaN,NaN,NaN,NaN,NaN,NaN,NaN,NaN,NaN,1,NaN,35.90,36.10,NaN,NaN
2450.63,36.02,34.35,36.00,20.00,AUTO,0,NaN,NaN,NaN,NaN,NaN,NaN,NaN,NaN,NaN,NaN,1,NaN,35.90,36.10,NaN,NaN
2451.63,36.04,34.35,36.00,20.00,AUTO,0,NaN,NaN,NaN,NaN,NaN,NaN,NaN,NaN,NaN,NaN,1,NaN,35.90,36.10,NaN,NaN
2452.64,36.07,34.31,36.00,20.00,AUTO,0,NaN,NaN,NaN,NaN,NaN,NaN,NaN,NaN,NaN,NaN,1,NaN,35.90,36.10,NaN,NaN
2453.64,36.07,34.31,36.00,20.00,AUTO,0,NaN,NaN,NaN,NaN,NaN,NaN,NaN,NaN,NaN,NaN,1,NaN,35.90,36.10,NaN,NaN
2454.64,36.08,34.27,36.00,20.00,AUTO,0,NaN,NaN,NaN,NaN,NaN,NaN,NaN,NaN,NaN,NaN,1,NaN,35.90,36.10,NaN,NaN
2455.64,36.10,34.27,36.00,20.00,AUTO,0,NaN,NaN,NaN,NaN,NaN,NaN,NaN,NaN,NaN,NaN,1,NaN,35.90,36.10,NaN,NaN
2456.64,36.10,34.23,36.00,20.00,AUTO,0,NaN,NaN,NaN,NaN,NaN,NaN,NaN,NaN,NaN,NaN,1,NaN,35.90,36.10,NaN,NaN
2457.65,36.13,34.23,36.00,20.00,AUTO,0,NaN,NaN,NaN,NaN,NaN,NaN,NaN,NaN,NaN,NaN,0,NaN,35.90,36.10,NaN,NaN
2458.65,36.16,34.21,36.00,20.00,AUTO,0,NaN,NaN,NaN,NaN,NaN,NaN,NaN,NaN,NaN,NaN,0,NaN,35.90,36.10,NaN,NaN
2459.65,36.18,34.21,36.00,20.00,AUTO,0,NaN,NaN,NaN,NaN,NaN,NaN,NaN,NaN,NaN,NaN,0,NaN,35.90,36.10,NaN,NaN
2460.65,36.18,34.17,36.00,20.00,AUTO,0,NaN,NaN,NaN,NaN,NaN,NaN,NaN,NaN,NaN,NaN,0,NaN,35.90,36.10,NaN,NaN
2461.65,36.18,34.12,36.00,20.00,AUTO,0,NaN,NaN,NaN,NaN,NaN,NaN,NaN,NaN,NaN,NaN,0,NaN,35.90,36.10,NaN,NaN
2462.65,36.18,34.12,36.00,20.00,AUTO,0,NaN,NaN,NaN,NaN,NaN,NaN,NaN,NaN,NaN,NaN,0,NaN,35.90,36.10,NaN,NaN
2463.65,36.18,34.12,36.00,20.00,AUTO,0,NaN,NaN,NaN,NaN,NaN,NaN,NaN,NaN,NaN,NaN,0,NaN,35.90,36.10,NaN,NaN
2464.65,36.18,34.12,36.00,20.00,AUTO,0,NaN,NaN,NaN,NaN,NaN,NaN,NaN,NaN,NaN,NaN,0,NaN,35.90,36.10,NaN,NaN
2465.65,36.19,34.12,36.00,20.00,AUTO,0,NaN,NaN,NaN,NaN,NaN,NaN,NaN,NaN,NaN,NaN,0,NaN,35.90,36.10,NaN,NaN
2466.66,36.19,34.12,36.00,20.00,AUTO,0,NaN,NaN,NaN,NaN,NaN,NaN,NaN,NaN,NaN,NaN,0,NaN,35.90,36.10,NaN,NaN
2467.66,36.19,34.12,36.00,20.00,AUTO,0,NaN,NaN,NaN,NaN,NaN,NaN,NaN,NaN,NaN,NaN,0,NaN,35.90,36.10,NaN,NaN
2468.66,36.18,34.08,36.00,20.00,AUTO,0,NaN,NaN,NaN,NaN,NaN,NaN,NaN,NaN,NaN,NaN,0,NaN,35.90,36.10,NaN,NaN
2469.66,36.18,34.08,36.00,20.00,AUTO,0,NaN,NaN,NaN,NaN,NaN,NaN,NaN,NaN,NaN,NaN,0,NaN,35.90,36.10,NaN,NaN
2470.66,36.17,34.12,36.00,20.00,AUTO,0,NaN,NaN,NaN,NaN,NaN,NaN,NaN,NaN,NaN,NaN,0,NaN,35.90,36.10,NaN,NaN
2471.67,36.16,34.12,36.00,20.00,AUTO,0,NaN,NaN,NaN,NaN,NaN,NaN,NaN,NaN,NaN,NaN,0,NaN,35.90,36.10,NaN,NaN
2472.67,36.16,34.12,36.00,20.00,AUTO,0,NaN,NaN,NaN,NaN,NaN,NaN,NaN,NaN,NaN,NaN,0,NaN,35.90,36.10,NaN,NaN
2473.67,36.15,34.12,36.00,20.00,AUTO,0,NaN,NaN,NaN,NaN,NaN,NaN,NaN,NaN,NaN,NaN,0,NaN,35.90,36.10,NaN,NaN
2474.67,36.15,34.12,36.00,20.00,AUTO,0,NaN,NaN,NaN,NaN,NaN,NaN,NaN,NaN,NaN,NaN,0,NaN,35.90,36.10,NaN,NaN
2475.67,36.14,34.12,36.00,20.00,AUTO,0,NaN,NaN,NaN,NaN,NaN,NaN,NaN,NaN,NaN,NaN,0,NaN,35.90,36.10,NaN,NaN
2476.67,36.13,34.15,36.00,20.00,AUTO,0,NaN,NaN,NaN,NaN,NaN,NaN,NaN,NaN,NaN,NaN,0,NaN,35.90,36.10,NaN,NaN
2477.68,36.13,34.15,36.00,20.00,AUTO,0,NaN,NaN,NaN,NaN,NaN,NaN,NaN,NaN,NaN,NaN,0,NaN,35.90,36.10,NaN,NaN
2478.68,36.12,34.19,36.00,20.00,AUTO,0,NaN,NaN,NaN,NaN,NaN,NaN,NaN,NaN,NaN,NaN,0,NaN,35.90,36.10,NaN,NaN
2479.68,36.11,34.19,36.00,20.00,AUTO,0,NaN,NaN,NaN,NaN,NaN,NaN,NaN,NaN,NaN,NaN,0,NaN,35.90,36.10,NaN,NaN
2480.68,36.10,34.19,36.00,20.00,AUTO,0,NaN,NaN,NaN,NaN,NaN,NaN,NaN,NaN,NaN,NaN,0,NaN,35.90,36.10,NaN,NaN
2481.68,36.09,34.19,36.00,20.00,AUTO,0,NaN,NaN,NaN,NaN,NaN,NaN,NaN,NaN,NaN,NaN,0,NaN,35.90,36.10,NaN,NaN
2482.68,36.08,34.19,36.00,20.00,AUTO,0,NaN,NaN,NaN,NaN,NaN,NaN,NaN,NaN,NaN,NaN,0,NaN,35.90,36.10,NaN,NaN
2483.68,36.07,34.23,36.00,20.00,AUTO,0,NaN,NaN,NaN,NaN,NaN,NaN,NaN,NaN,NaN,NaN,0,NaN,35.90,36.10,NaN,NaN
2484.68,36.06,34.27,36.00,20.00,AUTO,0,NaN,NaN,NaN,NaN,NaN,NaN,NaN,NaN,NaN,NaN,0,NaN,35.90,36.10,NaN,NaN
2485.69,36.04,34.31,36.00,20.00,AUTO,0,NaN,NaN,NaN,NaN,NaN,NaN,NaN,NaN,NaN,NaN,0,NaN,35.90,36.10,NaN,NaN
2486.69,36.03,34.35,36.00,20.00,AUTO,0,NaN,NaN,NaN,NaN,NaN,NaN,NaN,NaN,NaN,NaN,0,NaN,35.90,36.10,NaN,NaN
2487.69,36.02,34.35,36.00,20.00,AUTO,0,NaN,NaN,NaN,NaN,NaN,NaN,NaN,NaN,NaN,NaN,0,NaN,35.90,36.10,NaN,NaN
2488.69,36.01,34.35,36.00,20.00,AUTO,0,NaN,NaN,NaN,NaN,NaN,NaN,NaN,NaN,NaN,NaN,0,NaN,35.90,36.10,NaN,NaN
2489.69,36.01,34.39,36.00,20.00,AUTO,0,NaN,NaN,NaN,NaN,NaN,NaN,NaN,NaN,NaN,NaN,0,NaN,35.90,36.10,NaN,NaN
2490.69,35.99,34.41,36.00,20.00,AUTO,0,NaN,NaN,NaN,NaN,NaN,NaN,NaN,NaN,NaN,NaN,0,NaN,35.90,36.10,NaN,NaN
2491.70,35.98,34.41,36.00,20.00,AUTO,0,NaN,NaN,NaN,NaN,NaN,NaN,NaN,NaN,NaN,NaN,0,NaN,35.90,36.10,NaN,NaN
2492.70,35.97,34.41,36.00,20.00,AUTO,0,NaN,NaN,NaN,NaN,NaN,NaN,NaN,NaN,NaN,NaN,0,NaN,35.90,36.10,NaN,NaN
2493.70,35.96,34.45,36.00,20.00,AUTO,0,NaN,NaN,NaN,NaN,NaN,NaN,NaN,NaN,NaN,NaN,0,NaN,35.90,36.10,NaN,NaN
2494.70,35.94,34.45,36.00,20.00,AUTO,0,NaN,NaN,NaN,NaN,NaN,NaN,NaN,NaN,NaN,NaN,0,NaN,35.90,36.10,NaN,NaN
2495.70,35.93,34.50,36.00,20.00,AUTO,0,NaN,NaN,NaN,NaN,NaN,NaN,NaN,NaN,NaN,NaN,0,NaN,35.90,36.10,NaN,NaN
2496.70,35.90,34.53,36.00,20.00,AUTO,0,NaN,NaN,NaN,NaN,NaN,NaN,NaN,NaN,NaN,NaN,0,NaN,35.90,36.10,NaN,NaN
2497.70,35.90,34.53,36.00,20.00,AUTO,0,NaN,NaN,NaN,NaN,NaN,NaN,NaN,NaN,NaN,NaN,0,NaN,35.90,36.10,NaN,NaN
2498.71,35.88,34.57,36.00,20.00,AUTO,0,NaN,NaN,NaN,NaN,NaN,NaN,NaN,NaN,NaN,NaN,1,NaN,35.90,36.10,NaN,NaN
2499.71,35.85,34.57,36.00,20.00,AUTO,0,NaN,NaN,NaN,NaN,NaN,NaN,NaN,NaN,NaN,NaN,1,NaN,35.90,36.10,NaN,NaN
2500.71,35.83,34.62,36.00,20.00,AUTO,0,NaN,NaN,NaN,NaN,NaN,NaN,NaN,NaN,NaN,NaN,1,NaN,35.90,36.10,NaN,NaN
2501.71,35.80,34.60,36.00,20.00,AUTO,0,NaN,NaN,NaN,NaN,NaN,NaN,NaN,NaN,NaN,NaN,1,NaN,35.90,36.10,NaN,NaN
2502.71,35.79,34.63,36.00,20.00,AUTO,0,NaN,NaN,NaN,NaN,NaN,NaN,NaN,NaN,NaN,NaN,1,NaN,35.90,36.10,NaN,NaN
2503.72,35.78,34.63,36.00,20.00,AUTO,0,NaN,NaN,NaN,NaN,NaN,NaN,NaN,NaN,NaN,NaN,1,NaN,35.90,36.10,NaN,NaN
2504.72,35.78,34.68,36.00,20.00,AUTO,0,NaN,NaN,NaN,NaN,NaN,NaN,NaN,NaN,NaN,NaN,1,NaN,35.90,36.10,NaN,NaN
2505.72,35.78,34.68,36.00,20.00,AUTO,0,NaN,NaN,NaN,NaN,NaN,NaN,NaN,NaN,NaN,NaN,1,NaN,35.90,36.10,NaN,NaN
2506.72,35.78,34.68,36.00,20.00,AUTO,0,NaN,NaN,NaN,NaN,NaN,NaN,NaN,NaN,NaN,NaN,1,NaN,35.90,36.10,NaN,NaN
2507.72,35.77,34.68,36.00,20.00,AUTO,0,NaN,NaN,NaN,NaN,NaN,NaN,NaN,NaN,NaN,NaN,1,NaN,35.90,36.10,NaN,NaN
2508.72,35.77,34.68,36.00,20.00,AUTO,0,NaN,NaN,NaN,NaN,NaN,NaN,NaN,NaN,NaN,NaN,1,NaN,35.90,36.10,NaN,NaN
2509.73,35.75,34.72,36.00,20.00,AUTO,0,NaN,NaN,NaN,NaN,NaN,NaN,NaN,NaN,NaN,NaN,1,NaN,35.90,36.10,NaN,NaN
2510.72,35.77,34.72,36.00,20.00,AUTO,0,NaN,NaN,NaN,NaN,NaN,NaN,NaN,NaN,NaN,NaN,1,NaN,35.90,36.10,NaN,NaN
2511.73,35.77,34.72,36.00,20.00,AUTO,0,NaN,NaN,NaN,NaN,NaN,NaN,NaN,NaN,NaN,NaN,1,NaN,35.90,36.10,NaN,NaN
2512.73,35.75,34.72,36.00,20.00,AUTO,0,NaN,NaN,NaN,NaN,NaN,NaN,NaN,NaN,NaN,NaN,1,NaN,35.90,36.10,NaN,NaN
2513.73,35.78,34.72,36.00,20.00,AUTO,0,NaN,NaN,NaN,NaN,NaN,NaN,NaN,NaN,NaN,NaN,1,NaN,35.90,36.10,NaN,NaN
2514.73,35.78,34.72,36.00,20.00,AUTO,0,NaN,NaN,NaN,NaN,NaN,NaN,NaN,NaN,NaN,NaN,1,NaN,35.90,36.10,NaN,NaN
2515.73,35.79,34.72,36.00,20.00,AUTO,0,NaN,NaN,NaN,NaN,NaN,NaN,NaN,NaN,NaN,NaN,1,NaN,35.90,36.10,NaN,NaN
2516.73,35.79,34.68,36.00,20.00,AUTO,0,NaN,NaN,NaN,NaN,NaN,NaN,NaN,NaN,NaN,NaN,1,NaN,35.90,36.10,NaN,NaN
2517.74,35.79,34.68,36.00,20.00,AUTO,0,NaN,NaN,NaN,NaN,NaN,NaN,NaN,NaN,NaN,NaN,1,NaN,35.90,36.10,NaN,NaN
2518.74,35.80,34.68,36.00,20.00,AUTO,0,NaN,NaN,NaN,NaN,NaN,NaN,NaN,NaN,NaN,NaN,1,NaN,35.90,36.10,NaN,NaN
2519.74,35.81,34.68,36.00,20.00,AUTO,0,NaN,NaN,NaN,NaN,NaN,NaN,NaN,NaN,NaN,NaN,1,NaN,35.90,36.10,NaN,NaN
2520.74,35.82,34.70,36.00,20.00,AUTO,0,NaN,NaN,NaN,NaN,NaN,NaN,NaN,NaN,NaN,NaN,1,NaN,35.90,36.10,NaN,NaN
2521.74,35.83,34.70,36.00,20.00,AUTO,0,NaN,NaN,NaN,NaN,NaN,NaN,NaN,NaN,NaN,NaN,1,NaN,35.90,36.10,NaN,NaN
2522.74,35.84,34.66,36.00,20.00,AUTO,0,NaN,NaN,NaN,NaN,NaN,NaN,NaN,NaN,NaN,NaN,1,NaN,35.90,36.10,NaN,NaN
2523.75,35.86,34.62,36.00,20.00,AUTO,0,NaN,NaN,NaN,NaN,NaN,NaN,NaN,NaN,NaN,NaN,1,NaN,35.90,36.10,NaN,NaN
2524.75,35.87,34.62,36.00,20.00,AUTO,0,NaN,NaN,NaN,NaN,NaN,NaN,NaN,NaN,NaN,NaN,1,NaN,35.90,36.10,NaN,NaN
2525.75,35.89,34.62,36.00,20.00,AUTO,0,NaN,NaN,NaN,NaN,NaN,NaN,NaN,NaN,NaN,NaN,1,NaN,35.90,36.10,NaN,NaN
2526.75,35.89,34.57,36.00,20.00,AUTO,0,NaN,NaN,NaN,NaN,NaN,NaN,NaN,NaN,NaN,NaN,1,NaN,35.90,36.10,NaN,NaN
2527.75,35.90,34.57,36.00,20.00,AUTO,0,NaN,NaN,NaN,NaN,NaN,NaN,NaN,NaN,NaN,NaN,1,NaN,35.90,36.10,NaN,NaN
2528.75,35.93,34.53,36.00,20.00,AUTO,0,NaN,NaN,NaN,NaN,NaN,NaN,NaN,NaN,NaN,NaN,1,NaN,35.90,36.10,NaN,NaN
2529.75,35.94,34.53,36.00,20.00,AUTO,0,NaN,NaN,NaN,NaN,NaN,NaN,NaN,NaN,NaN,NaN,1,NaN,35.90,36.10,NaN,NaN
2530.76,35.94,34.50,36.00,20.00,AUTO,0,NaN,NaN,NaN,NaN,NaN,NaN,NaN,NaN,NaN,NaN,1,NaN,35.90,36.10,NaN,NaN
2531.76,35.96,34.50,36.00,20.00,AUTO,0,NaN,NaN,NaN,NaN,NaN,NaN,NaN,NaN,NaN,NaN,1,NaN,35.90,36.10,NaN,NaN
2532.76,35.98,34.45,36.00,20.00,AUTO,0,NaN,NaN,NaN,NaN,NaN,NaN,NaN,NaN,NaN,NaN,1,NaN,35.90,36.10,NaN,NaN
2533.76,35.99,34.45,36.00,20.00,AUTO,0,NaN,NaN,NaN,NaN,NaN,NaN,NaN,NaN,NaN,NaN,1,NaN,35.90,36.10,NaN,NaN
2534.76,36.00,34.45,36.00,20.00,AUTO,0,NaN,NaN,NaN,NaN,NaN,NaN,NaN,NaN,NaN,NaN,1,NaN,35.90,36.10,NaN,NaN
2535.76,36.00,34.45,36.00,20.00,AUTO,0,NaN,NaN,NaN,NaN,NaN,NaN,NaN,NaN,NaN,NaN,1,NaN,35.90,36.10,NaN,NaN
2536.77,36.01,34.43,36.00,20.00,AUTO,0,NaN,NaN,NaN,NaN,NaN,NaN,NaN,NaN,NaN,NaN,1,NaN,35.90,36.10,NaN,NaN
2537.77,36.02,34.43,36.00,20.00,AUTO,0,NaN,NaN,NaN,NaN,NaN,NaN,NaN,NaN,NaN,NaN,1,NaN,35.90,36.10,NaN,NaN
2538.77,36.03,34.43,36.00,20.00,AUTO,0,NaN,NaN,NaN,NaN,NaN,NaN,NaN,NaN,NaN,NaN,1,NaN,35.90,36.10,NaN,NaN
2539.77,36.04,34.39,36.00,20.00,AUTO,0,NaN,NaN,NaN,NaN,NaN,NaN,NaN,NaN,NaN,NaN,1,NaN,35.90,36.10,NaN,NaN
2540.77,36.08,34.35,36.00,20.00,AUTO,0,NaN,NaN,NaN,NaN,NaN,NaN,NaN,NaN,NaN,NaN,1,NaN,35.90,36.10,NaN,NaN
2541.77,36.10,34.35,36.00,20.00,AUTO,0,NaN,NaN,NaN,NaN,NaN,NaN,NaN,NaN,NaN,NaN,1,NaN,35.90,36.10,NaN,NaN
2542.78,36.12,34.31,36.00,20.00,AUTO,0,NaN,NaN,NaN,NaN,NaN,NaN,NaN,NaN,NaN,NaN,0,NaN,35.90,36.10,NaN,NaN
2543.77,36.14,34.28,36.00,20.00,AUTO,0,NaN,NaN,NaN,NaN,NaN,NaN,NaN,NaN,NaN,NaN,0,NaN,35.90,36.10,NaN,NaN
2544.78,36.15,34.25,36.00,20.00,AUTO,0,NaN,NaN,NaN,NaN,NaN,NaN,NaN,NaN,NaN,NaN,0,NaN,35.90,36.10,NaN,NaN
2545.78,36.16,34.21,36.00,20.00,AUTO,0,NaN,NaN,NaN,NaN,NaN,NaN,NaN,NaN,NaN,NaN,0,NaN,35.90,36.10,NaN,NaN
2546.78,36.17,34.21,36.00,20.00,AUTO,0,NaN,NaN,NaN,NaN,NaN,NaN,NaN,NaN,NaN,NaN,0,NaN,35.90,36.10,NaN,NaN
2547.79,36.17,34.21,36.00,20.00,AUTO,0,NaN,NaN,NaN,NaN,NaN,NaN,NaN,NaN,NaN,NaN,0,NaN,35.90,36.10,NaN,NaN
2548.78,36.18,34.21,36.00,20.00,AUTO,0,NaN,NaN,NaN,NaN,NaN,NaN,NaN,NaN,NaN,NaN,0,NaN,35.90,36.10,NaN,NaN
2549.79,36.18,34.17,36.00,20.00,AUTO,0,NaN,NaN,NaN,NaN,NaN,NaN,NaN,NaN,NaN,NaN,0,NaN,35.90,36.10,NaN,NaN
2550.79,36.18,34.17,36.00,20.00,AUTO,0,NaN,NaN,NaN,NaN,NaN,NaN,NaN,NaN,NaN,NaN,0,NaN,35.90,36.10,NaN,NaN
2551.79,36.18,34.17,36.00,20.00,AUTO,0,NaN,NaN,NaN,NaN,NaN,NaN,NaN,NaN,NaN,NaN,0,NaN,35.90,36.10,NaN,NaN
2552.79,36.18,34.17,36.00,20.00,AUTO,0,NaN,NaN,NaN,NaN,NaN,NaN,NaN,NaN,NaN,NaN,0,NaN,35.90,36.10,NaN,NaN
2553.79,36.18,34.17,36.00,20.00,AUTO,0,NaN,NaN,NaN,NaN,NaN,NaN,NaN,NaN,NaN,NaN,0,NaN,35.90,36.10,NaN,NaN
2554.79,36.18,34.17,36.00,20.00,AUTO,0,NaN,NaN,NaN,NaN,NaN,NaN,NaN,NaN,NaN,NaN,0,NaN,35.90,36.10,NaN,NaN
2555.80,36.17,34.17,36.00,20.00,AUTO,0,NaN,NaN,NaN,NaN,NaN,NaN,NaN,NaN,NaN,NaN,0,NaN,35.90,36.10,NaN,NaN
2556.79,36.16,34.17,36.00,20.00,AUTO,0,NaN,NaN,NaN,NaN,NaN,NaN,NaN,NaN,NaN,NaN,0,NaN,35.90,36.10,NaN,NaN
2557.80,36.16,34.17,36.00,20.00,AUTO,0,NaN,NaN,NaN,NaN,NaN,NaN,NaN,NaN,NaN,NaN,0,NaN,35.90,36.10,NaN,NaN
2558.80,36.15,34.17,36.00,20.00,AUTO,0,NaN,NaN,NaN,NaN,NaN,NaN,NaN,NaN,NaN,NaN,0,NaN,35.90,36.10,NaN,NaN
2559.80,36.14,34.21,36.00,20.00,AUTO,0,NaN,NaN,NaN,NaN,NaN,NaN,NaN,NaN,NaN,NaN,0,NaN,35.90,36.10,NaN,NaN
2560.80,36.14,34.21,36.00,20.00,AUTO,0,NaN,NaN,NaN,NaN,NaN,NaN,NaN,NaN,NaN,NaN,0,NaN,35.90,36.10,NaN,NaN
2561.80,36.13,34.19,36.00,20.00,AUTO,0,NaN,NaN,NaN,NaN,NaN,NaN,NaN,NaN,NaN,NaN,0,NaN,35.90,36.10,NaN,NaN
2562.81,36.12,34.19,36.00,20.00,AUTO,0,NaN,NaN,NaN,NaN,NaN,NaN,NaN,NaN,NaN,NaN,0,NaN,35.90,36.10,NaN,NaN
2563.81,36.11,34.23,36.00,20.00,AUTO,0,NaN,NaN,NaN,NaN,NaN,NaN,NaN,NaN,NaN,NaN,0,NaN,35.90,36.10,NaN,NaN
2564.81,36.11,34.23,36.00,20.00,AUTO,0,NaN,NaN,NaN,NaN,NaN,NaN,NaN,NaN,NaN,NaN,0,NaN,35.90,36.10,NaN,NaN
2565.82,36.10,34.27,36.00,20.00,AUTO,0,NaN,NaN,NaN,NaN,NaN,NaN,NaN,NaN,NaN,NaN,0,NaN,35.90,36.10,NaN,NaN
2566.81,36.09,34.27,36.00,20.00,AUTO,0,NaN,NaN,NaN,NaN,NaN,NaN,NaN,NaN,NaN,NaN,0,NaN,35.90,36.10,NaN,NaN
2567.81,36.08,34.27,36.00,20.00,AUTO,0,NaN,NaN,NaN,NaN,NaN,NaN,NaN,NaN,NaN,NaN,0,NaN,35.90,36.10,NaN,NaN
2568.82,36.07,34.31,36.00,20.00,AUTO,0,NaN,NaN,NaN,NaN,NaN,NaN,NaN,NaN,NaN,NaN,0,NaN,35.90,36.10,NaN,NaN
2569.82,36.06,34.35,36.00,20.00,AUTO,0,NaN,NaN,NaN,NaN,NaN,NaN,NaN,NaN,NaN,NaN,0,NaN,35.90,36.10,NaN,NaN
2570.82,36.04,34.35,36.00,20.00,AUTO,0,NaN,NaN,NaN,NaN,NaN,NaN,NaN,NaN,NaN,NaN,0,NaN,35.90,36.10,NaN,NaN
2571.82,36.03,34.39,36.00,20.00,AUTO,0,NaN,NaN,NaN,NaN,NaN,NaN,NaN,NaN,NaN,NaN,0,NaN,35.90,36.10,NaN,NaN
2572.82,36.01,34.43,36.00,20.00,AUTO,0,NaN,NaN,NaN,NaN,NaN,NaN,NaN,NaN,NaN,NaN,0,NaN,35.90,36.10,NaN,NaN
2573.82,36.01,34.43,36.00,20.00,AUTO,0,NaN,NaN,NaN,NaN,NaN,NaN,NaN,NaN,NaN,NaN,0,NaN,35.90,36.10,NaN,NaN
2574.82,36.00,34.43,36.00,20.00,AUTO,0,NaN,NaN,NaN,NaN,NaN,NaN,NaN,NaN,NaN,NaN,0,NaN,35.90,36.10,NaN,NaN
2575.82,35.99,34.45,36.00,20.00,AUTO,0,NaN,NaN,NaN,NaN,NaN,NaN,NaN,NaN,NaN,NaN,0,NaN,35.90,36.10,NaN,NaN
2576.83,35.98,34.45,36.00,20.00,AUTO,0,NaN,NaN,NaN,NaN,NaN,NaN,NaN,NaN,NaN,NaN,0,NaN,35.90,36.10,NaN,NaN
2577.83,35.97,34.45,36.00,20.00,AUTO,0,NaN,NaN,NaN,NaN,NaN,NaN,NaN,NaN,NaN,NaN,0,NaN,35.90,36.10,NaN,NaN
2578.83,35.95,34.50,36.00,20.00,AUTO,0,NaN,NaN,NaN,NaN,NaN,NaN,NaN,NaN,NaN,NaN,0,NaN,35.90,36.10,NaN,NaN
2579.83,35.94,34.53,36.00,20.00,AUTO,0,NaN,NaN,NaN,NaN,NaN,NaN,NaN,NaN,NaN,NaN,0,NaN,35.90,36.10,NaN,NaN
2580.83,35.93,34.57,36.00,20.00,AUTO,0,NaN,NaN,NaN,NaN,NaN,NaN,NaN,NaN,NaN,NaN,0,NaN,35.90,36.10,NaN,NaN
2581.83,35.92,34.57,36.00,20.00,AUTO,0,NaN,NaN,NaN,NaN,NaN,NaN,NaN,NaN,NaN,NaN,0,NaN,35.90,36.10,NaN,NaN
2582.84,35.90,34.57,36.00,20.00,AUTO,0,NaN,NaN,NaN,NaN,NaN,NaN,NaN,NaN,NaN,NaN,0,NaN,35.90,36.10,NaN,NaN
2583.84,35.89,34.62,36.00,20.00,AUTO,0,NaN,NaN,NaN,NaN,NaN,NaN,NaN,NaN,NaN,NaN,1,NaN,35.90,36.10,NaN,NaN
2584.84,35.86,34.62,36.00,20.00,AUTO,0,NaN,NaN,NaN,NaN,NaN,NaN,NaN,NaN,NaN,NaN,1,NaN,35.90,36.10,NaN,NaN
2585.84,35.83,34.66,36.00,20.00,AUTO,0,NaN,NaN,NaN,NaN,NaN,NaN,NaN,NaN,NaN,NaN,1,NaN,35.90,36.10,NaN,NaN
2586.84,35.80,34.68,36.00,20.00,AUTO,0,NaN,NaN,NaN,NaN,NaN,NaN,NaN,NaN,NaN,NaN,1,NaN,35.90,36.10,NaN,NaN
2587.85,35.79,34.68,36.00,20.00,AUTO,0,NaN,NaN,NaN,NaN,NaN,NaN,NaN,NaN,NaN,NaN,1,NaN,35.90,36.10,NaN,NaN
2588.85,35.78,34.68,36.00,20.00,AUTO,0,NaN,NaN,NaN,NaN,NaN,NaN,NaN,NaN,NaN,NaN,1,NaN,35.90,36.10,NaN,NaN
2589.85,35.78,34.68,36.00,20.00,AUTO,0,NaN,NaN,NaN,NaN,NaN,NaN,NaN,NaN,NaN,NaN,1,NaN,35.90,36.10,NaN,NaN
2590.85,35.77,34.72,36.00,20.00,AUTO,0,NaN,NaN,NaN,NaN,NaN,NaN,NaN,NaN,NaN,NaN,1,NaN,35.90,36.10,NaN,NaN
2591.85,35.77,34.72,36.00,20.00,AUTO,0,NaN,NaN,NaN,NaN,NaN,NaN,NaN,NaN,NaN,NaN,1,NaN,35.90,36.10,NaN,NaN
2592.85,35.77,34.76,36.00,20.00,AUTO,0,NaN,NaN,NaN,NaN,NaN,NaN,NaN,NaN,NaN,NaN,1,NaN,35.90,36.10,NaN,NaN
2593.85,35.74,34.76,36.00,20.00,AUTO,0,NaN,NaN,NaN,NaN,NaN,NaN,NaN,NaN,NaN,NaN,1,NaN,35.90,36.10,NaN,NaN
2594.85,35.77,34.76,36.00,20.00,AUTO,0,NaN,NaN,NaN,NaN,NaN,NaN,NaN,NaN,NaN,NaN,1,NaN,35.90,36.10,NaN,NaN
2595.86,35.77,34.76,36.00,20.00,AUTO,0,NaN,NaN,NaN,NaN,NaN,NaN,NaN,NaN,NaN,NaN,1,NaN,35.90,36.10,NaN,NaN
2596.86,35.77,34.76,36.00,20.00,AUTO,0,NaN,NaN,NaN,NaN,NaN,NaN,NaN,NaN,NaN,NaN,1,NaN,35.90,36.10,NaN,NaN
2597.86,35.75,34.76,36.00,20.00,AUTO,0,NaN,NaN,NaN,NaN,NaN,NaN,NaN,NaN,NaN,NaN,1,NaN,35.90,36.10,NaN,NaN
2598.86,35.75,34.76,36.00,20.00,AUTO,0,NaN,NaN,NaN,NaN,NaN,NaN,NaN,NaN,NaN,NaN,1,NaN,35.90,36.10,NaN,NaN
2599.86,35.77,34.76,36.00,20.00,AUTO,0,NaN,NaN,NaN,NaN,NaN,NaN,NaN,NaN,NaN,NaN,1,NaN,35.90,36.10,NaN,NaN
2600.87,35.77,34.76,36.00,20.00,AUTO,0,NaN,NaN,NaN,NaN,NaN,NaN,NaN,NaN,NaN,NaN,1,NaN,35.90,36.10,NaN,NaN
2601.87,35.78,34.76,36.00,20.00,AUTO,0,NaN,NaN,NaN,NaN,NaN,NaN,NaN,NaN,NaN,NaN,1,NaN,35.90,36.10,NaN,NaN
2602.87,35.79,34.76,36.00,20.00,AUTO,0,NaN,NaN,NaN,NaN,NaN,NaN,NaN,NaN,NaN,NaN,1,NaN,35.90,36.10,NaN,NaN
2603.87,35.80,34.76,36.00,20.00,AUTO,0,NaN,NaN,NaN,NaN,NaN,NaN,NaN,NaN,NaN,NaN,1,NaN,35.90,36.10,NaN,NaN
2604.87,35.81,34.78,36.00,20.00,AUTO,0,NaN,NaN,NaN,NaN,NaN,NaN,NaN,NaN,NaN,NaN,1,NaN,35.90,36.10,NaN,NaN
2605.87,35.81,34.73,36.00,20.00,AUTO,0,NaN,NaN,NaN,NaN,NaN,NaN,NaN,NaN,NaN,NaN,1,NaN,35.90,36.10,NaN,NaN
2606.87,35.83,34.73,36.00,20.00,AUTO,0,NaN,NaN,NaN,NaN,NaN,NaN,NaN,NaN,NaN,NaN,1,NaN,35.90,36.10,NaN,NaN
2607.87,35.84,34.70,36.00,20.00,AUTO,0,NaN,NaN,NaN,NaN,NaN,NaN,NaN,NaN,NaN,NaN,1,NaN,35.90,36.10,NaN,NaN
2608.88,35.86,34.70,36.00,20.00,AUTO,0,NaN,NaN,NaN,NaN,NaN,NaN,NaN,NaN,NaN,NaN,1,NaN,35.90,36.10,NaN,NaN
2609.88,35.87,34.66,36.00,20.00,AUTO,0,NaN,NaN,NaN,NaN,NaN,NaN,NaN,NaN,NaN,NaN,1,NaN,35.90,36.10,NaN,NaN
2610.88,35.87,34.66,36.00,20.00,AUTO,0,NaN,NaN,NaN,NaN,NaN,NaN,NaN,NaN,NaN,NaN,1,NaN,35.90,36.10,NaN,NaN
2611.88,35.89,34.62,36.00,20.00,AUTO,0,NaN,NaN,NaN,NaN,NaN,NaN,NaN,NaN,NaN,NaN,1,NaN,35.90,36.10,NaN,NaN
2612.88,35.92,34.62,36.00,20.00,AUTO,0,NaN,NaN,NaN,NaN,NaN,NaN,NaN,NaN,NaN,NaN,1,NaN,35.90,36.10,NaN,NaN
2613.88,35.94,34.57,36.00,20.00,AUTO,0,NaN,NaN,NaN,NaN,NaN,NaN,NaN,NaN,NaN,NaN,1,NaN,35.90,36.10,NaN,NaN
2614.89,35.96,34.57,36.00,20.00,AUTO,0,NaN,NaN,NaN,NaN,NaN,NaN,NaN,NaN,NaN,NaN,1,NaN,35.90,36.10,NaN,NaN
2615.89,35.98,34.53,36.00,20.00,AUTO,0,NaN,NaN,NaN,NaN,NaN,NaN,NaN,NaN,NaN,NaN,1,NaN,35.90,36.10,NaN,NaN
2616.89,36.00,34.50,36.00,20.00,AUTO,0,NaN,NaN,NaN,NaN,NaN,NaN,NaN,NaN,NaN,NaN,1,NaN,35.90,36.10,NaN,NaN
2617.89,36.01,34.47,36.00,20.00,AUTO,0,NaN,NaN,NaN,NaN,NaN,NaN,NaN,NaN,NaN,NaN,1,NaN,35.90,36.10,NaN,NaN
2618.89,36.01,34.47,36.00,20.00,AUTO,0,NaN,NaN,NaN,NaN,NaN,NaN,NaN,NaN,NaN,NaN,1,NaN,35.90,36.10,NaN,NaN
2619.90,36.02,34.47,36.00,20.00,AUTO,0,NaN,NaN,NaN,NaN,NaN,NaN,NaN,NaN,NaN,NaN,1,NaN,35.90,36.10,NaN,NaN
2620.90,36.02,34.43,36.00,20.00,AUTO,0,NaN,NaN,NaN,NaN,NaN,NaN,NaN,NaN,NaN,NaN,1,NaN,35.90,36.10,NaN,NaN
2621.90,36.04,34.43,36.00,20.00,AUTO,0,NaN,NaN,NaN,NaN,NaN,NaN,NaN,NaN,NaN,NaN,1,NaN,35.90,36.10,NaN,NaN
2622.90,36.07,34.43,36.00,20.00,AUTO,0,NaN,NaN,NaN,NaN,NaN,NaN,NaN,NaN,NaN,NaN,1,NaN,35.90,36.10,NaN,NaN
2623.90,36.08,34.39,36.00,20.00,AUTO,0,NaN,NaN,NaN,NaN,NaN,NaN,NaN,NaN,NaN,NaN,1,NaN,35.90,36.10,NaN,NaN
2624.90,36.09,34.35,36.00,20.00,AUTO,0,NaN,NaN,NaN,NaN,NaN,NaN,NaN,NaN,NaN,NaN,1,NaN,35.90,36.10,NaN,NaN
2625.90,36.10,34.35,36.00,20.00,AUTO,0,NaN,NaN,NaN,NaN,NaN,NaN,NaN,NaN,NaN,NaN,1,NaN,35.90,36.10,NaN,NaN
2626.91,36.12,34.31,36.00,20.00,AUTO,0,NaN,NaN,NaN,NaN,NaN,NaN,NaN,NaN,NaN,NaN,0,NaN,35.90,36.10,NaN,NaN
2627.91,36.14,34.28,36.00,20.00,AUTO,0,NaN,NaN,NaN,NaN,NaN,NaN,NaN,NaN,NaN,NaN,0,NaN,35.90,36.10,NaN,NaN
2628.91,36.16,34.28,36.00,20.00,AUTO,0,NaN,NaN,NaN,NaN,NaN,NaN,NaN,NaN,NaN,NaN,0,NaN,35.90,36.10,NaN,NaN
2629.91,36.16,34.25,36.00,20.00,AUTO,0,NaN,NaN,NaN,NaN,NaN,NaN,NaN,NaN,NaN,NaN,0,NaN,35.90,36.10,NaN,NaN
2630.91,36.17,34.25,36.00,20.00,AUTO,0,NaN,NaN,NaN,NaN,NaN,NaN,NaN,NaN,NaN,NaN,0,NaN,35.90,36.10,NaN,NaN
2631.91,36.18,34.21,36.00,20.00,AUTO,0,NaN,NaN,NaN,NaN,NaN,NaN,NaN,NaN,NaN,NaN,0,NaN,35.90,36.10,NaN,NaN
2632.91,36.18,34.21,36.00,20.00,AUTO,0,NaN,NaN,NaN,NaN,NaN,NaN,NaN,NaN,NaN,NaN,0,NaN,35.90,36.10,NaN,NaN
2633.92,36.18,34.21,36.00,20.00,AUTO,0,NaN,NaN,NaN,NaN,NaN,NaN,NaN,NaN,NaN,NaN,0,NaN,35.90,36.10,NaN,NaN
2634.91,36.18,34.21,36.00,20.00,AUTO,0,NaN,NaN,NaN,NaN,NaN,NaN,NaN,NaN,NaN,NaN,0,NaN,35.90,36.10,NaN,NaN
2635.92,36.18,34.21,36.00,20.00,AUTO,0,NaN,NaN,NaN,NaN,NaN,NaN,NaN,NaN,NaN,NaN,0,NaN,35.90,36.10,NaN,NaN
2636.92,36.18,34.21,36.00,20.00,AUTO,0,NaN,NaN,NaN,NaN,NaN,NaN,NaN,NaN,NaN,NaN,0,NaN,35.90,36.10,NaN,NaN
2637.92,36.18,34.21,36.00,20.00,AUTO,0,NaN,NaN,NaN,NaN,NaN,NaN,NaN,NaN,NaN,NaN,0,NaN,35.90,36.10,NaN,NaN
2638.92,36.18,34.21,36.00,20.00,AUTO,0,NaN,NaN,NaN,NaN,NaN,NaN,NaN,NaN,NaN,NaN,0,NaN,35.90,36.10,NaN,NaN
2639.92,36.18,34.21,36.00,20.00,AUTO,0,NaN,NaN,NaN,NaN,NaN,NaN,NaN,NaN,NaN,NaN,0,NaN,35.90,36.10,NaN,NaN
2640.93,36.17,34.21,36.00,20.00,AUTO,0,NaN,NaN,NaN,NaN,NaN,NaN,NaN,NaN,NaN,NaN,0,NaN,35.90,36.10,NaN,NaN
2641.93,36.16,34.21,36.00,20.00,AUTO,0,NaN,NaN,NaN,NaN,NaN,NaN,NaN,NaN,NaN,NaN,0,NaN,35.90,36.10,NaN,NaN
2642.93,36.16,34.21,36.00,20.00,AUTO,0,NaN,NaN,NaN,NaN,NaN,NaN,NaN,NaN,NaN,NaN,0,NaN,35.90,36.10,NaN,NaN
2643.93,36.15,34.21,36.00,20.00,AUTO,0,NaN,NaN,NaN,NaN,NaN,NaN,NaN,NaN,NaN,NaN,0,NaN,35.90,36.10,NaN,NaN
2644.93,36.14,34.21,36.00,20.00,AUTO,0,NaN,NaN,NaN,NaN,NaN,NaN,NaN,NaN,NaN,NaN,0,NaN,35.90,36.10,NaN,NaN
2645.93,36.14,34.21,36.00,20.00,AUTO,0,NaN,NaN,NaN,NaN,NaN,NaN,NaN,NaN,NaN,NaN,0,NaN,35.90,36.10,NaN,NaN
2646.94,36.13,34.19,36.00,20.00,AUTO,0,NaN,NaN,NaN,NaN,NaN,NaN,NaN,NaN,NaN,NaN,0,NaN,35.90,36.10,NaN,NaN
2647.94,36.12,34.23,36.00,20.00,AUTO,0,NaN,NaN,NaN,NaN,NaN,NaN,NaN,NaN,NaN,NaN,0,NaN,35.90,36.10,NaN,NaN
2648.94,36.10,34.23,36.00,20.00,AUTO,0,NaN,NaN,NaN,NaN,NaN,NaN,NaN,NaN,NaN,NaN,0,NaN,35.90,36.10,NaN,NaN
2649.94,36.10,34.27,36.00,20.00,AUTO,0,NaN,NaN,NaN,NaN,NaN,NaN,NaN,NaN,NaN,NaN,0,NaN,35.90,36.10,NaN,NaN
2650.94,36.08,34.27,36.00,20.00,AUTO,0,NaN,NaN,NaN,NaN,NaN,NaN,NaN,NaN,NaN,NaN,0,NaN,35.90,36.10,NaN,NaN
2651.95,36.08,34.31,36.00,20.00,AUTO,0,NaN,NaN,NaN,NaN,NaN,NaN,NaN,NaN,NaN,NaN,0,NaN,35.90,36.10,NaN,NaN
2652.94,36.07,34.35,36.00,20.00,AUTO,0,NaN,NaN,NaN,NaN,NaN,NaN,NaN,NaN,NaN,NaN,0,NaN,35.90,36.10,NaN,NaN
2653.95,36.07,34.35,36.00,20.00,AUTO,0,NaN,NaN,NaN,NaN,NaN,NaN,NaN,NaN,NaN,NaN,0,NaN,35.90,36.10,NaN,NaN
2654.95,36.04,34.39,36.00,20.00,AUTO,0,NaN,NaN,NaN,NaN,NaN,NaN,NaN,NaN,NaN,NaN,0,NaN,35.90,36.10,NaN,NaN
2655.95,36.03,34.43,36.00,20.00,AUTO,0,NaN,NaN,NaN,NaN,NaN,NaN,NaN,NaN,NaN,NaN,0,NaN,35.90,36.10,NaN,NaN
2656.95,36.02,34.43,36.00,20.00,AUTO,0,NaN,NaN,NaN,NaN,NaN,NaN,NaN,NaN,NaN,NaN,0,NaN,35.90,36.10,NaN,NaN
2657.95,36.01,34.43,36.00,20.00,AUTO,0,NaN,NaN,NaN,NaN,NaN,NaN,NaN,NaN,NaN,NaN,0,NaN,35.90,36.10,NaN,NaN
2658.95,36.01,34.47,36.00,20.00,AUTO,0,NaN,NaN,NaN,NaN,NaN,NaN,NaN,NaN,NaN,NaN,0,NaN,35.90,36.10,NaN,NaN
2659.96,36.00,34.45,36.00,20.00,AUTO,0,NaN,NaN,NaN,NaN,NaN,NaN,NaN,NaN,NaN,NaN,0,NaN,35.90,36.10,NaN,NaN
2660.96,35.98,34.45,36.00,20.00,AUTO,0,NaN,NaN,NaN,NaN,NaN,NaN,NaN,NaN,NaN,NaN,0,NaN,35.90,36.10,NaN,NaN
2661.96,35.97,34.50,36.00,20.00,AUTO,0,NaN,NaN,NaN,NaN,NaN,NaN,NaN,NaN,NaN,NaN,0,NaN,35.90,36.10,NaN,NaN
2662.96,35.96,34.53,36.00,20.00,AUTO,0,NaN,NaN,NaN,NaN,NaN,NaN,NaN,NaN,NaN,NaN,0,NaN,35.90,36.10,NaN,NaN
2663.96,35.94,34.53,36.00,20.00,AUTO,0,NaN,NaN,NaN,NaN,NaN,NaN,NaN,NaN,NaN,NaN,0,NaN,35.90,36.10,NaN,NaN
2664.96,35.93,34.57,36.00,20.00,AUTO,0,NaN,NaN,NaN,NaN,NaN,NaN,NaN,NaN,NaN,NaN,0,NaN,35.90,36.10,NaN,NaN
2665.97,35.92,34.57,36.00,20.00,AUTO,0,NaN,NaN,NaN,NaN,NaN,NaN,NaN,NaN,NaN,NaN,0,NaN,35.90,36.10,NaN,NaN
2666.97,35.90,34.62,36.00,20.00,AUTO,0,NaN,NaN,NaN,NaN,NaN,NaN,NaN,NaN,NaN,NaN,0,NaN,35.90,36.10,NaN,NaN
2667.97,35.89,34.62,36.00,20.00,AUTO,0,NaN,NaN,NaN,NaN,NaN,NaN,NaN,NaN,NaN,NaN,1,NaN,35.90,36.10,NaN,NaN
2668.97,35.86,34.66,36.00,20.00,AUTO,0,NaN,NaN,NaN,NaN,NaN,NaN,NaN,NaN,NaN,NaN,1,NaN,35.90,36.10,NaN,NaN
2669.97,35.83,34.70,36.00,20.00,AUTO,0,NaN,NaN,NaN,NaN,NaN,NaN,NaN,NaN,NaN,NaN,1,NaN,35.90,36.10,NaN,NaN
2670.98,35.81,34.70,36.00,20.00,AUTO,0,NaN,NaN,NaN,NaN,NaN,NaN,NaN,NaN,NaN,NaN,1,NaN,35.90,36.10,NaN,NaN
2671.97,35.78,34.72,36.00,20.00,AUTO,0,NaN,NaN,NaN,NaN,NaN,NaN,NaN,NaN,NaN,NaN,1,NaN,35.90,36.10,NaN,NaN
2672.98,35.78,34.72,36.00,20.00,AUTO,0,NaN,NaN,NaN,NaN,NaN,NaN,NaN,NaN,NaN,NaN,1,NaN,35.90,36.10,NaN,NaN
2673.98,35.77,34.76,36.00,20.00,AUTO,0,NaN,NaN,NaN,NaN,NaN,NaN,NaN,NaN,NaN,NaN,1,NaN,35.90,36.10,NaN,NaN
2674.98,35.78,34.76,36.00,20.00,AUTO,0,NaN,NaN,NaN,NaN,NaN,NaN,NaN,NaN,NaN,NaN,1,NaN,35.90,36.10,NaN,NaN
2675.98,35.77,34.76,36.00,20.00,AUTO,0,NaN,NaN,NaN,NaN,NaN,NaN,NaN,NaN,NaN,NaN,1,NaN,35.90,36.10,NaN,NaN
2676.98,35.78,34.76,36.00,20.00,AUTO,0,NaN,NaN,NaN,NaN,NaN,NaN,NaN,NaN,NaN,NaN,1,NaN,35.90,36.10,NaN,NaN
2677.98,35.78,34.76,36.00,20.00,AUTO,0,NaN,NaN,NaN,NaN,NaN,NaN,NaN,NaN,NaN,NaN,1,NaN,35.90,36.10,NaN,NaN
2678.99,35.75,34.80,36.00,20.00,AUTO,0,NaN,NaN,NaN,NaN,NaN,NaN,NaN,NaN,NaN,NaN,1,NaN,35.90,36.10,NaN,NaN
2679.99,35.77,34.80,36.00,20.00,AUTO,0,NaN,NaN,NaN,NaN,NaN,NaN,NaN,NaN,NaN,NaN,1,NaN,35.90,36.10,NaN,NaN
2680.99,35.77,34.80,36.00,20.00,AUTO,0,NaN,NaN,NaN,NaN,NaN,NaN,NaN,NaN,NaN,NaN,1,NaN,35.90,36.10,NaN,NaN
2681.99,35.78,34.80,36.00,20.00,AUTO,0,NaN,NaN,NaN,NaN,NaN,NaN,NaN,NaN,NaN,NaN,1,NaN,35.90,36.10,NaN,NaN
2682.99,35.78,34.80,36.00,20.00,AUTO,0,NaN,NaN,NaN,NaN,NaN,NaN,NaN,NaN,NaN,NaN,1,NaN,35.90,36.10,NaN,NaN
2684.00,35.78,34.80,36.00,20.00,AUTO,0,NaN,NaN,NaN,NaN,NaN,NaN,NaN,NaN,NaN,NaN,1,NaN,35.90,36.10,NaN,NaN
2684.99,35.79,34.80,36.00,20.00,AUTO,0,NaN,NaN,NaN,NaN,NaN,NaN,NaN,NaN,NaN,NaN,1,NaN,35.90,36.10,NaN,NaN
2685.99,35.79,34.76,36.00,20.00,AUTO,0,NaN,NaN,NaN,NaN,NaN,NaN,NaN,NaN,NaN,NaN,1,NaN,35.90,36.10,NaN,NaN
2687.00,35.79,34.76,36.00,20.00,AUTO,0,NaN,NaN,NaN,NaN,NaN,NaN,NaN,NaN,NaN,NaN,1,NaN,35.90,36.10,NaN,NaN
2688.00,35.79,34.76,36.00,20.00,AUTO,0,NaN,NaN,NaN,NaN,NaN,NaN,NaN,NaN,NaN,NaN,1,NaN,35.90,36.10,NaN,NaN
2689.00,35.81,34.78,36.00,20.00,AUTO,0,NaN,NaN,NaN,NaN,NaN,NaN,NaN,NaN,NaN,NaN,1,NaN,35.90,36.10,NaN,NaN
2690.00,35.82,34.78,36.00,20.00,AUTO,0,NaN,NaN,NaN,NaN,NaN,NaN,NaN,NaN,NaN,NaN,1,NaN,35.90,36.10,NaN,NaN
2691.00,35.83,34.78,36.00,20.00,AUTO,0,NaN,NaN,NaN,NaN,NaN,NaN,NaN,NaN,NaN,NaN,1,NaN,35.90,36.10,NaN,NaN
2692.01,35.84,34.73,36.00,20.00,AUTO,0,NaN,NaN,NaN,NaN,NaN,NaN,NaN,NaN,NaN,NaN,1,NaN,35.90,36.10,NaN,NaN
2693.01,35.85,34.73,36.00,20.00,AUTO,0,NaN,NaN,NaN,NaN,NaN,NaN,NaN,NaN,NaN,NaN,1,NaN,35.90,36.10,NaN,NaN
2694.01,35.87,34.70,36.00,20.00,AUTO,0,NaN,NaN,NaN,NaN,NaN,NaN,NaN,NaN,NaN,NaN,1,NaN,35.90,36.10,NaN,NaN
2695.01,35.89,34.70,36.00,20.00,AUTO,0,NaN,NaN,NaN,NaN,NaN,NaN,NaN,NaN,NaN,NaN,1,NaN,35.90,36.10,NaN,NaN
2696.01,35.90,34.66,36.00,20.00,AUTO,0,NaN,NaN,NaN,NaN,NaN,NaN,NaN,NaN,NaN,NaN,1,NaN,35.90,36.10,NaN,NaN
2697.01,35.90,34.62,36.00,20.00,AUTO,0,NaN,NaN,NaN,NaN,NaN,NaN,NaN,NaN,NaN,NaN,1,NaN,35.90,36.10,NaN,NaN
2698.02,35.92,34.62,36.00,20.00,AUTO,0,NaN,NaN,NaN,NaN,NaN,NaN,NaN,NaN,NaN,NaN,1,NaN,35.90,36.10,NaN,NaN
2699.02,35.94,34.62,36.00,20.00,AUTO,0,NaN,NaN,NaN,NaN,NaN,NaN,NaN,NaN,NaN,NaN,1,NaN,35.90,36.10,NaN,NaN
2700.02,35.96,34.57,36.00,20.00,AUTO,0,NaN,NaN,NaN,NaN,NaN,NaN,NaN,NaN,NaN,NaN,1,NaN,35.90,36.10,NaN,NaN
2701.02,35.98,34.57,36.00,20.00,AUTO,0,NaN,NaN,NaN,NaN,NaN,NaN,NaN,NaN,NaN,NaN,1,NaN,35.90,36.10,NaN,NaN
2702.02,35.99,34.53,36.00,20.00,AUTO,0,NaN,NaN,NaN,NaN,NaN,NaN,NaN,NaN,NaN,NaN,1,NaN,35.90,36.10,NaN,NaN
2703.02,36.01,34.51,36.00,20.00,AUTO,0,NaN,NaN,NaN,NaN,NaN,NaN,NaN,NaN,NaN,NaN,1,NaN,35.90,36.10,NaN,NaN
2704.02,36.01,34.47,36.00,20.00,AUTO,0,NaN,NaN,NaN,NaN,NaN,NaN,NaN,NaN,NaN,NaN,1,NaN,35.90,36.10,NaN,NaN
2705.03,36.03,34.47,36.00,20.00,AUTO,0,NaN,NaN,NaN,NaN,NaN,NaN,NaN,NaN,NaN,NaN,1,NaN,35.90,36.10,NaN,NaN
2706.03,36.06,34.47,36.00,20.00,AUTO,0,NaN,NaN,NaN,NaN,NaN,NaN,NaN,NaN,NaN,NaN,1,NaN,35.90,36.10,NaN,NaN
2707.03,36.08,34.43,36.00,20.00,AUTO,0,NaN,NaN,NaN,NaN,NaN,NaN,NaN,NaN,NaN,NaN,1,NaN,35.90,36.10,NaN,NaN
2708.03,36.09,34.43,36.00,20.00,AUTO,0,NaN,NaN,NaN,NaN,NaN,NaN,NaN,NaN,NaN,NaN,1,NaN,35.90,36.10,NaN,NaN
2709.03,36.11,34.39,36.00,20.00,AUTO,0,NaN,NaN,NaN,NaN,NaN,NaN,NaN,NaN,NaN,NaN,0,NaN,35.90,36.10,NaN,NaN
2710.03,36.14,34.37,36.00,20.00,AUTO,0,NaN,NaN,NaN,NaN,NaN,NaN,NaN,NaN,NaN,NaN,0,NaN,35.90,36.10,NaN,NaN
2711.04,36.16,34.33,36.00,20.00,AUTO,0,NaN,NaN,NaN,NaN,NaN,NaN,NaN,NaN,NaN,NaN,0,NaN,35.90,36.10,NaN,NaN
2712.04,36.16,34.33,36.00,20.00,AUTO,0,NaN,NaN,NaN,NaN,NaN,NaN,NaN,NaN,NaN,NaN,0,NaN,35.90,36.10,NaN,NaN
2713.04,36.17,34.28,36.00,20.00,AUTO,0,NaN,NaN,NaN,NaN,NaN,NaN,NaN,NaN,NaN,NaN,0,NaN,35.90,36.10,NaN,NaN
2714.04,36.18,34.28,36.00,20.00,AUTO,0,NaN,NaN,NaN,NaN,NaN,NaN,NaN,NaN,NaN,NaN,0,NaN,35.90,36.10,NaN,NaN
2715.04,36.18,34.25,36.00,20.00,AUTO,0,NaN,NaN,NaN,NaN,NaN,NaN,NaN,NaN,NaN,NaN,0,NaN,35.90,36.10,NaN,NaN
2716.05,36.19,34.25,36.00,20.00,AUTO,0,NaN,NaN,NaN,NaN,NaN,NaN,NaN,NaN,NaN,NaN,0,NaN,35.90,36.10,NaN,NaN
2717.04,36.19,34.21,36.00,20.00,AUTO,0,NaN,NaN,NaN,NaN,NaN,NaN,NaN,NaN,NaN,NaN,0,NaN,35.90,36.10,NaN,NaN
2718.05,36.19,34.21,36.00,20.00,AUTO,0,NaN,NaN,NaN,NaN,NaN,NaN,NaN,NaN,NaN,NaN,0,NaN,35.90,36.10,NaN,NaN
2719.05,36.19,34.21,36.00,20.00,AUTO,0,NaN,NaN,NaN,NaN,NaN,NaN,NaN,NaN,NaN,NaN,0,NaN,35.90,36.10,NaN,NaN
2720.05,36.19,34.21,36.00,20.00,AUTO,0,NaN,NaN,NaN,NaN,NaN,NaN,NaN,NaN,NaN,NaN,0,NaN,35.90,36.10,NaN,NaN
2721.05,36.18,34.21,36.00,20.00,AUTO,0,NaN,NaN,NaN,NaN,NaN,NaN,NaN,NaN,NaN,NaN,0,NaN,35.90,36.10,NaN,NaN
2722.05,36.18,34.21,36.00,20.00,AUTO,0,NaN,NaN,NaN,NaN,NaN,NaN,NaN,NaN,NaN,NaN,0,NaN,35.90,36.10,NaN,NaN
2723.05,36.17,34.21,36.00,20.00,AUTO,0,NaN,NaN,NaN,NaN,NaN,NaN,NaN,NaN,NaN,NaN,0,NaN,35.90,36.10,NaN,NaN
2724.05,36.16,34.21,36.00,20.00,AUTO,0,NaN,NaN,NaN,NaN,NaN,NaN,NaN,NaN,NaN,NaN,0,NaN,35.90,36.10,NaN,NaN
2725.06,36.16,34.21,36.00,20.00,AUTO,0,NaN,NaN,NaN,NaN,NaN,NaN,NaN,NaN,NaN,NaN,0,NaN,35.90,36.10,NaN,NaN
2726.06,36.15,34.25,36.00,20.00,AUTO,0,NaN,NaN,NaN,NaN,NaN,NaN,NaN,NaN,NaN,NaN,0,NaN,35.90,36.10,NaN,NaN
2727.06,36.14,34.25,36.00,20.00,AUTO,0,NaN,NaN,NaN,NaN,NaN,NaN,NaN,NaN,NaN,NaN,0,NaN,35.90,36.10,NaN,NaN
2728.06,36.14,34.28,36.00,20.00,AUTO,0,NaN,NaN,NaN,NaN,NaN,NaN,NaN,NaN,NaN,NaN,0,NaN,35.90,36.10,NaN,NaN
2729.06,36.13,34.27,36.00,20.00,AUTO,0,NaN,NaN,NaN,NaN,NaN,NaN,NaN,NaN,NaN,NaN,0,NaN,35.90,36.10,NaN,NaN
2730.07,36.12,34.31,36.00,20.00,AUTO,0,NaN,NaN,NaN,NaN,NaN,NaN,NaN,NaN,NaN,NaN,0,NaN,35.90,36.10,NaN,NaN
2731.07,36.11,34.31,36.00,20.00,AUTO,0,NaN,NaN,NaN,NaN,NaN,NaN,NaN,NaN,NaN,NaN,0,NaN,35.90,36.10,NaN,NaN
2732.07,36.10,34.35,36.00,20.00,AUTO,0,NaN,NaN,NaN,NaN,NaN,NaN,NaN,NaN,NaN,NaN,0,NaN,35.90,36.10,NaN,NaN
2733.07,36.09,34.35,36.00,20.00,AUTO,0,NaN,NaN,NaN,NaN,NaN,NaN,NaN,NaN,NaN,NaN,0,NaN,35.90,36.10,NaN,NaN
2734.07,36.09,34.35,36.00,20.00,AUTO,0,NaN,NaN,NaN,NaN,NaN,NaN,NaN,NaN,NaN,NaN,0,NaN,35.90,36.10,NaN,NaN
2735.07,36.08,34.39,36.00,20.00,AUTO,0,NaN,NaN,NaN,NaN,NaN,NaN,NaN,NaN,NaN,NaN,0,NaN,35.90,36.10,NaN,NaN
2736.07,36.07,34.39,36.00,20.00,AUTO,0,NaN,NaN,NaN,NaN,NaN,NaN,NaN,NaN,NaN,NaN,0,NaN,35.90,36.10,NaN,NaN
2737.07,36.06,34.43,36.00,20.00,AUTO,0,NaN,NaN,NaN,NaN,NaN,NaN,NaN,NaN,NaN,NaN,0,NaN,35.90,36.10,NaN,NaN
2738.08,36.04,34.43,36.00,20.00,AUTO,0,NaN,NaN,NaN,NaN,NaN,NaN,NaN,NaN,NaN,NaN,0,NaN,35.90,36.10,NaN,NaN
2739.08,36.02,34.43,36.00,20.00,AUTO,0,NaN,NaN,NaN,NaN,NaN,NaN,NaN,NaN,NaN,NaN,0,NaN,35.90,36.10,NaN,NaN
2740.08,36.01,34.43,36.00,20.00,AUTO,0,NaN,NaN,NaN,NaN,NaN,NaN,NaN,NaN,NaN,NaN,0,NaN,35.90,36.10,NaN,NaN
2741.08,36.01,34.47,36.00,20.00,AUTO,0,NaN,NaN,NaN,NaN,NaN,NaN,NaN,NaN,NaN,NaN,0,NaN,35.90,36.10,NaN,NaN
2742.08,36.00,34.45,36.00,20.00,AUTO,0,NaN,NaN,NaN,NaN,NaN,NaN,NaN,NaN,NaN,NaN,0,NaN,35.90,36.10,NaN,NaN
2743.09,35.98,34.50,36.00,20.00,AUTO,0,NaN,NaN,NaN,NaN,NaN,NaN,NaN,NaN,NaN,NaN,0,NaN,35.90,36.10,NaN,NaN
2744.09,35.97,34.53,36.00,20.00,AUTO,0,NaN,NaN,NaN,NaN,NaN,NaN,NaN,NaN,NaN,NaN,0,NaN,35.90,36.10,NaN,NaN
2745.09,35.96,34.57,36.00,20.00,AUTO,0,NaN,NaN,NaN,NaN,NaN,NaN,NaN,NaN,NaN,NaN,0,NaN,35.90,36.10,NaN,NaN
2746.09,35.95,34.57,36.00,20.00,AUTO,0,NaN,NaN,NaN,NaN,NaN,NaN,NaN,NaN,NaN,NaN,0,NaN,35.90,36.10,NaN,NaN
2747.09,35.93,34.57,36.00,20.00,AUTO,0,NaN,NaN,NaN,NaN,NaN,NaN,NaN,NaN,NaN,NaN,0,NaN,35.90,36.10,NaN,NaN
2748.09,35.92,34.62,36.00,20.00,AUTO,0,NaN,NaN,NaN,NaN,NaN,NaN,NaN,NaN,NaN,NaN,0,NaN,35.90,36.10,NaN,NaN
2749.10,35.90,34.62,36.00,20.00,AUTO,0,NaN,NaN,NaN,NaN,NaN,NaN,NaN,NaN,NaN,NaN,0,NaN,35.90,36.10,NaN,NaN
2750.10,35.89,34.62,36.00,20.00,AUTO,0,NaN,NaN,NaN,NaN,NaN,NaN,NaN,NaN,NaN,NaN,1,NaN,35.90,36.10,NaN,NaN
2751.10,35.86,34.66,36.00,20.00,AUTO,0,NaN,NaN,NaN,NaN,NaN,NaN,NaN,NaN,NaN,NaN,1,NaN,35.90,36.10,NaN,NaN
2752.10,35.85,34.70,36.00,20.00,AUTO,0,NaN,NaN,NaN,NaN,NaN,NaN,NaN,NaN,NaN,NaN,1,NaN,35.90,36.10,NaN,NaN
2753.10,35.82,34.70,36.00,20.00,AUTO,0,NaN,NaN,NaN,NaN,NaN,NaN,NaN,NaN,NaN,NaN,1,NaN,35.90,36.10,NaN,NaN
2754.10,35.82,34.73,36.00,20.00,AUTO,0,NaN,NaN,NaN,NaN,NaN,NaN,NaN,NaN,NaN,NaN,1,NaN,35.90,36.10,NaN,NaN
2755.10,35.81,34.73,36.00,20.00,AUTO,0,NaN,NaN,NaN,NaN,NaN,NaN,NaN,NaN,NaN,NaN,1,NaN,35.90,36.10,NaN,NaN
2756.10,35.81,34.72,36.00,20.00,AUTO,0,NaN,NaN,NaN,NaN,NaN,NaN,NaN,NaN,NaN,NaN,1,NaN,35.90,36.10,NaN,NaN
2757.11,35.81,34.76,36.00,20.00,AUTO,0,NaN,NaN,NaN,NaN,NaN,NaN,NaN,NaN,NaN,NaN,1,NaN,35.90,36.10,NaN,NaN
2758.11,35.80,34.76,36.00,20.00,AUTO,0,NaN,NaN,NaN,NaN,NaN,NaN,NaN,NaN,NaN,NaN,1,NaN,35.90,36.10,NaN,NaN
2759.11,35.80,34.76,36.00,20.00,AUTO,0,NaN,NaN,NaN,NaN,NaN,NaN,NaN,NaN,NaN,NaN,1,NaN,35.90,36.10,NaN,NaN
2760.11,35.81,34.78,36.00,20.00,AUTO,0,NaN,NaN,NaN,NaN,NaN,NaN,NaN,NaN,NaN,NaN,1,NaN,35.90,36.10,NaN,NaN
2761.11,35.81,34.78,36.00,20.00,AUTO,0,NaN,NaN,NaN,NaN,NaN,NaN,NaN,NaN,NaN,NaN,1,NaN,35.90,36.10,NaN,NaN
2762.12,35.82,34.78,36.00,20.00,AUTO,0,NaN,NaN,NaN,NaN,NaN,NaN,NaN,NaN,NaN,NaN,1,NaN,35.90,36.10,NaN,NaN
2763.12,35.83,34.78,36.00,20.00,AUTO,0,NaN,NaN,NaN,NaN,NaN,NaN,NaN,NaN,NaN,NaN,1,NaN,35.90,36.10,NaN,NaN
2764.12,35.84,34.78,36.00,20.00,AUTO,0,NaN,NaN,NaN,NaN,NaN,NaN,NaN,NaN,NaN,NaN,1,NaN,35.90,36.10,NaN,NaN
2765.12,35.84,34.73,36.00,20.00,AUTO,0,NaN,NaN,NaN,NaN,NaN,NaN,NaN,NaN,NaN,NaN,1,NaN,35.90,36.10,NaN,NaN
2766.12,35.84,34.73,36.00,20.00,AUTO,0,NaN,NaN,NaN,NaN,NaN,NaN,NaN,NaN,NaN,NaN,1,NaN,35.90,36.10,NaN,NaN
2767.12,35.84,34.73,36.00,20.00,AUTO,0,NaN,NaN,NaN,NaN,NaN,NaN,NaN,NaN,NaN,NaN,1,NaN,35.90,36.10,NaN,NaN
2768.12,35.85,34.73,36.00,20.00,AUTO,0,NaN,NaN,NaN,NaN,NaN,NaN,NaN,NaN,NaN,NaN,1,NaN,35.90,36.10,NaN,NaN
2769.12,35.85,34.70,36.00,20.00,AUTO,0,NaN,NaN,NaN,NaN,NaN,NaN,NaN,NaN,NaN,NaN,1,NaN,35.90,36.10,NaN,NaN
2770.13,35.87,34.70,36.00,20.00,AUTO,0,NaN,NaN,NaN,NaN,NaN,NaN,NaN,NaN,NaN,NaN,1,NaN,35.90,36.10,NaN,NaN
2771.13,35.88,34.70,36.00,20.00,AUTO,0,NaN,NaN,NaN,NaN,NaN,NaN,NaN,NaN,NaN,NaN,1,NaN,35.90,36.10,NaN,NaN
2772.13,35.88,34.70,36.00,20.00,AUTO,0,NaN,NaN,NaN,NaN,NaN,NaN,NaN,NaN,NaN,NaN,1,NaN,35.90,36.10,NaN,NaN
2773.13,35.90,34.70,36.00,20.00,AUTO,0,NaN,NaN,NaN,NaN,NaN,NaN,NaN,NaN,NaN,NaN,1,NaN,35.90,36.10,NaN,NaN
2774.13,35.90,34.66,36.00,20.00,AUTO,0,NaN,NaN,NaN,NaN,NaN,NaN,NaN,NaN,NaN,NaN,1,NaN,35.90,36.10,NaN,NaN
2775.13,35.92,34.66,36.00,20.00,AUTO,0,NaN,NaN,NaN,NaN,NaN,NaN,NaN,NaN,NaN,NaN,1,NaN,35.90,36.10,NaN,NaN
2776.14,35.92,34.62,36.00,20.00,AUTO,0,NaN,NaN,NaN,NaN,NaN,NaN,NaN,NaN,NaN,NaN,1,NaN,35.90,36.10,NaN,NaN
2777.14,35.94,34.62,36.00,20.00,AUTO,0,NaN,NaN,NaN,NaN,NaN,NaN,NaN,NaN,NaN,NaN,1,NaN,35.90,36.10,NaN,NaN
2778.14,35.96,34.62,36.00,20.00,AUTO,0,NaN,NaN,NaN,NaN,NaN,NaN,NaN,NaN,NaN,NaN,1,NaN,35.90,36.10,NaN,NaN
2779.14,35.97,34.57,36.00,20.00,AUTO,0,NaN,NaN,NaN,NaN,NaN,NaN,NaN,NaN,NaN,NaN,1,NaN,35.90,36.10,NaN,NaN
2780.14,35.98,34.57,36.00,20.00,AUTO,0,NaN,NaN,NaN,NaN,NaN,NaN,NaN,NaN,NaN,NaN,1,NaN,35.90,36.10,NaN,NaN
2781.14,36.00,34.55,36.00,20.00,AUTO,0,NaN,NaN,NaN,NaN,NaN,NaN,NaN,NaN,NaN,NaN,1,NaN,35.90,36.10,NaN,NaN
2782.15,36.01,34.55,36.00,20.00,AUTO,0,NaN,NaN,NaN,NaN,NaN,NaN,NaN,NaN,NaN,NaN,1,NaN,35.90,36.10,NaN,NaN
2783.15,36.01,34.51,36.00,20.00,AUTO,0,NaN,NaN,NaN,NaN,NaN,NaN,NaN,NaN,NaN,NaN,1,NaN,35.90,36.10,NaN,NaN
2784.15,36.01,34.47,36.00,20.00,AUTO,0,NaN,NaN,NaN,NaN,NaN,NaN,NaN,NaN,NaN,NaN,1,NaN,35.90,36.10,NaN,NaN
2785.15,36.03,34.47,36.00,20.00,AUTO,0,NaN,NaN,NaN,NaN,NaN,NaN,NaN,NaN,NaN,NaN,1,NaN,35.90,36.10,NaN,NaN
2786.15,36.04,34.47,36.00,20.00,AUTO,0,NaN,NaN,NaN,NaN,NaN,NaN,NaN,NaN,NaN,NaN,1,NaN,35.90,36.10,NaN,NaN
2787.15,36.07,34.47,36.00,20.00,AUTO,0,NaN,NaN,NaN,NaN,NaN,NaN,NaN,NaN,NaN,NaN,1,NaN,35.90,36.10,NaN,NaN
2788.15,36.08,34.43,36.00,20.00,AUTO,0,NaN,NaN,NaN,NaN,NaN,NaN,NaN,NaN,NaN,NaN,1,NaN,35.90,36.10,NaN,NaN
2789.16,36.11,34.43,36.00,20.00,AUTO,0,NaN,NaN,NaN,NaN,NaN,NaN,NaN,NaN,NaN,NaN,0,NaN,35.90,36.10,NaN,NaN
2790.16,36.14,34.41,36.00,20.00,AUTO,0,NaN,NaN,NaN,NaN,NaN,NaN,NaN,NaN,NaN,NaN,0,NaN,35.90,36.10,NaN,NaN
2791.16,36.15,34.37,36.00,20.00,AUTO,0,NaN,NaN,NaN,NaN,NaN,NaN,NaN,NaN,NaN,NaN,0,NaN,35.90,36.10,NaN,NaN
2792.16,36.16,34.37,36.00,20.00,AUTO,0,NaN,NaN,NaN,NaN,NaN,NaN,NaN,NaN,NaN,NaN,0,NaN,35.90,36.10,NaN,NaN
2793.16,36.16,34.33,36.00,20.00,AUTO,0,NaN,NaN,NaN,NaN,NaN,NaN,NaN,NaN,NaN,NaN,0,NaN,35.90,36.10,NaN,NaN
2794.17,36.17,34.28,36.00,20.00,AUTO,0,NaN,NaN,NaN,NaN,NaN,NaN,NaN,NaN,NaN,NaN,0,NaN,35.90,36.10,NaN,NaN
2795.17,36.18,34.28,36.00,20.00,AUTO,0,NaN,NaN,NaN,NaN,NaN,NaN,NaN,NaN,NaN,NaN,0,NaN,35.90,36.10,NaN,NaN
2796.17,36.19,34.28,36.00,20.00,AUTO,0,NaN,NaN,NaN,NaN,NaN,NaN,NaN,NaN,NaN,NaN,0,NaN,35.90,36.10,NaN,NaN
2797.17,36.19,34.25,36.00,20.00,AUTO,0,NaN,NaN,NaN,NaN,NaN,NaN,NaN,NaN,NaN,NaN,0,NaN,35.90,36.10,NaN,NaN
2798.17,36.18,34.25,36.00,20.00,AUTO,0,NaN,NaN,NaN,NaN,NaN,NaN,NaN,NaN,NaN,NaN,0,NaN,35.90,36.10,NaN,NaN
2799.17,36.18,34.25,36.00,20.00,AUTO,0,NaN,NaN,NaN,NaN,NaN,NaN,NaN,NaN,NaN,NaN,0,NaN,35.90,36.10,NaN,NaN
2800.17,36.18,34.25,36.00,20.00,AUTO,0,NaN,NaN,NaN,NaN,NaN,NaN,NaN,NaN,NaN,NaN,0,NaN,35.90,36.10,NaN,NaN
2801.17,36.18,34.25,36.00,20.00,AUTO,0,NaN,NaN,NaN,NaN,NaN,NaN,NaN,NaN,NaN,NaN,0,NaN,35.90,36.10,NaN,NaN
2802.18,36.17,34.25,36.00,20.00,AUTO,0,NaN,NaN,NaN,NaN,NaN,NaN,NaN,NaN,NaN,NaN,0,NaN,35.90,36.10,NaN,NaN
2803.18,36.17,34.25,36.00,20.00,AUTO,0,NaN,NaN,NaN,NaN,NaN,NaN,NaN,NaN,NaN,NaN,0,NaN,35.90,36.10,NaN,NaN
2804.18,36.16,34.25,36.00,20.00,AUTO,0,NaN,NaN,NaN,NaN,NaN,NaN,NaN,NaN,NaN,NaN,0,NaN,35.90,36.10,NaN,NaN
2805.18,36.15,34.25,36.00,20.00,AUTO,0,NaN,NaN,NaN,NaN,NaN,NaN,NaN,NaN,NaN,NaN,0,NaN,35.90,36.10,NaN,NaN
2806.18,36.14,34.25,36.00,20.00,AUTO,0,NaN,NaN,NaN,NaN,NaN,NaN,NaN,NaN,NaN,NaN,0,NaN,35.90,36.10,NaN,NaN
2807.18,36.13,34.27,36.00,20.00,AUTO,0,NaN,NaN,NaN,NaN,NaN,NaN,NaN,NaN,NaN,NaN,0,NaN,35.90,36.10,NaN,NaN
2808.19,36.12,34.27,36.00,20.00,AUTO,0,NaN,NaN,NaN,NaN,NaN,NaN,NaN,NaN,NaN,NaN,0,NaN,35.90,36.10,NaN,NaN
2809.18,36.12,34.27,36.00,20.00,AUTO,0,NaN,NaN,NaN,NaN,NaN,NaN,NaN,NaN,NaN,NaN,0,NaN,35.90,36.10,NaN,NaN
2810.19,36.11,34.31,36.00,20.00,AUTO,0,NaN,NaN,NaN,NaN,NaN,NaN,NaN,NaN,NaN,NaN,0,NaN,35.90,36.10,NaN,NaN
2811.19,36.10,34.31,36.00,20.00,AUTO,0,NaN,NaN,NaN,NaN,NaN,NaN,NaN,NaN,NaN,NaN,0,NaN,35.90,36.10,NaN,NaN
2812.19,36.09,34.35,36.00,20.00,AUTO,0,NaN,NaN,NaN,NaN,NaN,NaN,NaN,NaN,NaN,NaN,0,NaN,35.90,36.10,NaN,NaN
2813.19,36.08,34.35,36.00,20.00,AUTO,0,NaN,NaN,NaN,NaN,NaN,NaN,NaN,NaN,NaN,NaN,0,NaN,35.90,36.10,NaN,NaN
2814.19,36.07,34.39,36.00,20.00,AUTO,0,NaN,NaN,NaN,NaN,NaN,NaN,NaN,NaN,NaN,NaN,0,NaN,35.90,36.10,NaN,NaN
2815.20,36.06,34.43,36.00,20.00,AUTO,0,NaN,NaN,NaN,NaN,NaN,NaN,NaN,NaN,NaN,NaN,0,NaN,35.90,36.10,NaN,NaN
2816.20,36.04,34.43,36.00,20.00,AUTO,0,NaN,NaN,NaN,NaN,NaN,NaN,NaN,NaN,NaN,NaN,0,NaN,35.90,36.10,NaN,NaN
2817.20,36.03,34.43,36.00,20.00,AUTO,0,NaN,NaN,NaN,NaN,NaN,NaN,NaN,NaN,NaN,NaN,0,NaN,35.90,36.10,NaN,NaN
2818.20,36.02,34.47,36.00,20.00,AUTO,0,NaN,NaN,NaN,NaN,NaN,NaN,NaN,NaN,NaN,NaN,0,NaN,35.90,36.10,NaN,NaN
2819.20,36.01,34.47,36.00,20.00,AUTO,0,NaN,NaN,NaN,NaN,NaN,NaN,NaN,NaN,NaN,NaN,0,NaN,35.90,36.10,NaN,NaN
2820.20,36.01,34.47,36.00,20.00,AUTO,0,NaN,NaN,NaN,NaN,NaN,NaN,NaN,NaN,NaN,NaN,0,NaN,35.90,36.10,NaN,NaN
2821.21,36.00,34.45,36.00,20.00,AUTO,0,NaN,NaN,NaN,NaN,NaN,NaN,NaN,NaN,NaN,NaN,0,NaN,35.90,36.10,NaN,NaN
2822.21,35.98,34.50,36.00,20.00,AUTO,0,NaN,NaN,NaN,NaN,NaN,NaN,NaN,NaN,NaN,NaN,0,NaN,35.90,36.10,NaN,NaN
2823.21,35.97,34.53,36.00,20.00,AUTO,0,NaN,NaN,NaN,NaN,NaN,NaN,NaN,NaN,NaN,NaN,0,NaN,35.90,36.10,NaN,NaN
2824.21,35.95,34.57,36.00,20.00,AUTO,0,NaN,NaN,NaN,NaN,NaN,NaN,NaN,NaN,NaN,NaN,0,NaN,35.90,36.10,NaN,NaN
2825.21,35.94,34.62,36.00,20.00,AUTO,0,NaN,NaN,NaN,NaN,NaN,NaN,NaN,NaN,NaN,NaN,0,NaN,35.90,36.10,NaN,NaN
2826.21,35.93,34.62,36.00,20.00,AUTO,0,NaN,NaN,NaN,NaN,NaN,NaN,NaN,NaN,NaN,NaN,0,NaN,35.90,36.10,NaN,NaN
2827.21,35.90,34.66,36.00,20.00,AUTO,0,NaN,NaN,NaN,NaN,NaN,NaN,NaN,NaN,NaN,NaN,0,NaN,35.90,36.10,NaN,NaN
2828.22,35.90,34.66,36.00,20.00,AUTO,0,NaN,NaN,NaN,NaN,NaN,NaN,NaN,NaN,NaN,NaN,0,NaN,35.90,36.10,NaN,NaN
2829.22,35.88,34.70,36.00,20.00,AUTO,0,NaN,NaN,NaN,NaN,NaN,NaN,NaN,NaN,NaN,NaN,1,NaN,35.90,36.10,NaN,NaN
2830.22,35.86,34.70,36.00,20.00,AUTO,0,NaN,NaN,NaN,NaN,NaN,NaN,NaN,NaN,NaN,NaN,1,NaN,35.90,36.10,NaN,NaN
2831.22,35.83,34.73,36.00,20.00,AUTO,0,NaN,NaN,NaN,NaN,NaN,NaN,NaN,NaN,NaN,NaN,1,NaN,35.90,36.10,NaN,NaN
2832.22,35.81,34.78,36.00,20.00,AUTO,0,NaN,NaN,NaN,NaN,NaN,NaN,NaN,NaN,NaN,NaN,1,NaN,35.90,36.10,NaN,NaN
2833.22,35.79,34.76,36.00,20.00,AUTO,0,NaN,NaN,NaN,NaN,NaN,NaN,NaN,NaN,NaN,NaN,1,NaN,35.90,36.10,NaN,NaN
2834.22,35.79,34.76,36.00,20.00,AUTO,0,NaN,NaN,NaN,NaN,NaN,NaN,NaN,NaN,NaN,NaN,1,NaN,35.90,36.10,NaN,NaN
2835.23,35.79,34.76,36.00,20.00,AUTO,0,NaN,NaN,NaN,NaN,NaN,NaN,NaN,NaN,NaN,NaN,1,NaN,35.90,36.10,NaN,NaN
2836.23,35.79,34.76,36.00,20.00,AUTO,0,NaN,NaN,NaN,NaN,NaN,NaN,NaN,NaN,NaN,NaN,1,NaN,35.90,36.10,NaN,NaN
2837.23,35.78,34.80,36.00,20.00,AUTO,0,NaN,NaN,NaN,NaN,NaN,NaN,NaN,NaN,NaN,NaN,1,NaN,35.90,36.10,NaN,NaN
2838.23,35.78,34.80,36.00,20.00,AUTO,0,NaN,NaN,NaN,NaN,NaN,NaN,NaN,NaN,NaN,NaN,1,NaN,35.90,36.10,NaN,NaN
2839.23,35.79,34.84,36.00,20.00,AUTO,0,NaN,NaN,NaN,NaN,NaN,NaN,NaN,NaN,NaN,NaN,1,NaN,35.90,36.10,NaN,NaN
2840.24,35.79,34.84,36.00,20.00,AUTO,0,NaN,NaN,NaN,NaN,NaN,NaN,NaN,NaN,NaN,NaN,1,NaN,35.90,36.10,NaN,NaN
2841.24,35.78,34.84,36.00,20.00,AUTO,0,NaN,NaN,NaN,NaN,NaN,NaN,NaN,NaN,NaN,NaN,1,NaN,35.90,36.10,NaN,NaN
2842.24,35.78,34.84,36.00,20.00,AUTO,0,NaN,NaN,NaN,NaN,NaN,NaN,NaN,NaN,NaN,NaN,1,NaN,35.90,36.10,NaN,NaN
2843.24,35.79,34.84,36.00,20.00,AUTO,0,NaN,NaN,NaN,NaN,NaN,NaN,NaN,NaN,NaN,NaN,1,NaN,35.90,36.10,NaN,NaN
2844.24,35.80,34.84,36.00,20.00,AUTO,0,NaN,NaN,NaN,NaN,NaN,NaN,NaN,NaN,NaN,NaN,1,NaN,35.90,36.10,NaN,NaN
2845.24,35.81,34.86,36.00,20.00,AUTO,0,NaN,NaN,NaN,NaN,NaN,NaN,NaN,NaN,NaN,NaN,1,NaN,35.90,36.10,NaN,NaN
2846.24,35.82,34.82,36.00,20.00,AUTO,0,NaN,NaN,NaN,NaN,NaN,NaN,NaN,NaN,NaN,NaN,1,NaN,35.90,36.10,NaN,NaN
2847.25,35.83,34.82,36.00,20.00,AUTO,0,NaN,NaN,NaN,NaN,NaN,NaN,NaN,NaN,NaN,NaN,1,NaN,35.90,36.10,NaN,NaN
2848.25,35.84,34.78,36.00,20.00,AUTO,0,NaN,NaN,NaN,NaN,NaN,NaN,NaN,NaN,NaN,NaN,1,NaN,35.90,36.10,NaN,NaN
2849.25,35.86,34.78,36.00,20.00,AUTO,0,NaN,NaN,NaN,NaN,NaN,NaN,NaN,NaN,NaN,NaN,1,NaN,35.90,36.10,NaN,NaN
2850.25,35.87,34.78,36.00,20.00,AUTO,0,NaN,NaN,NaN,NaN,NaN,NaN,NaN,NaN,NaN,NaN,1,NaN,35.90,36.10,NaN,NaN
2851.25,35.87,34.73,36.00,20.00,AUTO,0,NaN,NaN,NaN,NaN,NaN,NaN,NaN,NaN,NaN,NaN,1,NaN,35.90,36.10,NaN,NaN
2852.25,35.88,34.73,36.00,20.00,AUTO,0,NaN,NaN,NaN,NaN,NaN,NaN,NaN,NaN,NaN,NaN,1,NaN,35.90,36.10,NaN,NaN
2853.26,35.87,34.70,36.00,20.00,AUTO,0,NaN,NaN,NaN,NaN,NaN,NaN,NaN,NaN,NaN,NaN,1,NaN,35.90,36.10,NaN,NaN
2854.26,35.87,34.70,36.00,20.00,AUTO,0,NaN,NaN,NaN,NaN,NaN,NaN,NaN,NaN,NaN,NaN,1,NaN,35.90,36.10,NaN,NaN
2855.26,35.88,34.70,36.00,20.00,AUTO,0,NaN,NaN,NaN,NaN,NaN,NaN,NaN,NaN,NaN,NaN,1,NaN,35.90,36.10,NaN,NaN
2856.26,35.90,34.70,36.00,20.00,AUTO,0,NaN,NaN,NaN,NaN,NaN,NaN,NaN,NaN,NaN,NaN,1,NaN,35.90,36.10,NaN,NaN
2857.26,35.90,34.70,36.00,20.00,AUTO,0,NaN,NaN,NaN,NaN,NaN,NaN,NaN,NaN,NaN,NaN,1,NaN,35.90,36.10,NaN,NaN
2858.26,35.93,34.66,36.00,20.00,AUTO,0,NaN,NaN,NaN,NaN,NaN,NaN,NaN,NaN,NaN,NaN,1,NaN,35.90,36.10,NaN,NaN
2859.27,35.94,34.66,36.00,20.00,AUTO,0,NaN,NaN,NaN,NaN,NaN,NaN,NaN,NaN,NaN,NaN,1,NaN,35.90,36.10,NaN,NaN
2860.27,35.95,34.62,36.00,20.00,AUTO,0,NaN,NaN,NaN,NaN,NaN,NaN,NaN,NaN,NaN,NaN,1,NaN,35.90,36.10,NaN,NaN
2861.27,35.96,34.62,36.00,20.00,AUTO,0,NaN,NaN,NaN,NaN,NaN,NaN,NaN,NaN,NaN,NaN,1,NaN,35.90,36.10,NaN,NaN
2862.27,35.97,34.62,36.00,20.00,AUTO,0,NaN,NaN,NaN,NaN,NaN,NaN,NaN,NaN,NaN,NaN,1,NaN,35.90,36.10,NaN,NaN
2863.27,35.98,34.57,36.00,20.00,AUTO,0,NaN,NaN,NaN,NaN,NaN,NaN,NaN,NaN,NaN,NaN,1,NaN,35.90,36.10,NaN,NaN
2864.27,36.00,34.57,36.00,20.00,AUTO,0,NaN,NaN,NaN,NaN,NaN,NaN,NaN,NaN,NaN,NaN,1,NaN,35.90,36.10,NaN,NaN
2865.27,36.01,34.55,36.00,20.00,AUTO,0,NaN,NaN,NaN,NaN,NaN,NaN,NaN,NaN,NaN,NaN,1,NaN,35.90,36.10,NaN,NaN
2866.27,36.03,34.51,36.00,20.00,AUTO,0,NaN,NaN,NaN,NaN,NaN,NaN,NaN,NaN,NaN,NaN,1,NaN,35.90,36.10,NaN,NaN
2867.28,36.04,34.51,36.00,20.00,AUTO,0,NaN,NaN,NaN,NaN,NaN,NaN,NaN,NaN,NaN,NaN,1,NaN,35.90,36.10,NaN,NaN
2868.28,36.06,34.47,36.00,20.00,AUTO,0,NaN,NaN,NaN,NaN,NaN,NaN,NaN,NaN,NaN,NaN,1,NaN,35.90,36.10,NaN,NaN
2869.28,36.07,34.47,36.00,20.00,AUTO,0,NaN,NaN,NaN,NaN,NaN,NaN,NaN,NaN,NaN,NaN,1,NaN,35.90,36.10,NaN,NaN
2870.28,36.08,34.47,36.00,20.00,AUTO,0,NaN,NaN,NaN,NaN,NaN,NaN,NaN,NaN,NaN,NaN,1,NaN,35.90,36.10,NaN,NaN
2871.28,36.09,34.43,36.00,20.00,AUTO,0,NaN,NaN,NaN,NaN,NaN,NaN,NaN,NaN,NaN,NaN,1,NaN,35.90,36.10,NaN,NaN
2872.29,36.10,34.43,36.00,20.00,AUTO,0,NaN,NaN,NaN,NaN,NaN,NaN,NaN,NaN,NaN,NaN,1,NaN,35.90,36.10,NaN,NaN
2873.29,36.13,34.45,36.00,20.00,AUTO,0,NaN,NaN,NaN,NaN,NaN,NaN,NaN,NaN,NaN,NaN,0,NaN,35.90,36.10,NaN,NaN
2874.29,36.17,34.37,36.00,20.00,AUTO,0,NaN,NaN,NaN,NaN,NaN,NaN,NaN,NaN,NaN,NaN,0,NaN,35.90,36.10,NaN,NaN
2875.29,36.18,34.37,36.00,20.00,AUTO,0,NaN,NaN,NaN,NaN,NaN,NaN,NaN,NaN,NaN,NaN,0,NaN,35.90,36.10,NaN,NaN
2876.29,36.21,34.33,36.00,20.00,AUTO,0,NaN,NaN,NaN,NaN,NaN,NaN,NaN,NaN,NaN,NaN,0,NaN,35.90,36.10,NaN,NaN
2877.29,36.21,34.28,36.00,20.00,AUTO,0,NaN,NaN,NaN,NaN,NaN,NaN,NaN,NaN,NaN,NaN,0,NaN,35.90,36.10,NaN,NaN
2878.29,36.23,34.28,36.00,20.00,AUTO,0,NaN,NaN,NaN,NaN,NaN,NaN,NaN,NaN,NaN,NaN,0,NaN,35.90,36.10,NaN,NaN
2879.29,36.23,34.25,36.00,20.00,AUTO,0,NaN,NaN,NaN,NaN,NaN,NaN,NaN,NaN,NaN,NaN,0,NaN,35.90,36.10,NaN,NaN
2880.30,36.23,34.21,36.00,20.00,AUTO,0,NaN,NaN,NaN,NaN,NaN,NaN,NaN,NaN,NaN,NaN,0,NaN,35.90,36.10,NaN,NaN
2881.30,36.23,34.21,36.00,20.00,AUTO,0,NaN,NaN,NaN,NaN,NaN,NaN,NaN,NaN,NaN,NaN,0,NaN,35.90,36.10,NaN,NaN
2882.30,36.23,34.21,36.00,20.00,AUTO,0,NaN,NaN,NaN,NaN,NaN,NaN,NaN,NaN,NaN,NaN,0,NaN,35.90,36.10,NaN,NaN
2883.30,36.23,34.21,36.00,20.00,AUTO,0,NaN,NaN,NaN,NaN,NaN,NaN,NaN,NaN,NaN,NaN,0,NaN,35.90,36.10,NaN,NaN
2884.30,36.23,34.21,36.00,20.00,AUTO,0,NaN,NaN,NaN,NaN,NaN,NaN,NaN,NaN,NaN,NaN,0,NaN,35.90,36.10,NaN,NaN
2885.31,36.23,34.21,36.00,20.00,AUTO,0,NaN,NaN,NaN,NaN,NaN,NaN,NaN,NaN,NaN,NaN,0,NaN,35.90,36.10,NaN,NaN
2886.31,36.22,34.21,36.00,20.00,AUTO,0,NaN,NaN,NaN,NaN,NaN,NaN,NaN,NaN,NaN,NaN,0,NaN,35.90,36.10,NaN,NaN
2887.31,36.21,34.21,36.00,20.00,AUTO,0,NaN,NaN,NaN,NaN,NaN,NaN,NaN,NaN,NaN,NaN,0,NaN,35.90,36.10,NaN,NaN
2888.31,36.21,34.21,36.00,20.00,AUTO,0,NaN,NaN,NaN,NaN,NaN,NaN,NaN,NaN,NaN,NaN,0,NaN,35.90,36.10,NaN,NaN
2889.31,36.21,34.21,36.00,20.00,AUTO,0,NaN,NaN,NaN,NaN,NaN,NaN,NaN,NaN,NaN,NaN,0,NaN,35.90,36.10,NaN,NaN
2890.31,36.19,34.21,36.00,20.00,AUTO,0,NaN,NaN,NaN,NaN,NaN,NaN,NaN,NaN,NaN,NaN,0,NaN,35.90,36.10,NaN,NaN
2891.32,36.19,34.25,36.00,20.00,AUTO,0,NaN,NaN,NaN,NaN,NaN,NaN,NaN,NaN,NaN,NaN,0,NaN,35.90,36.10,NaN,NaN
2892.31,36.18,34.28,36.00,20.00,AUTO,0,NaN,NaN,NaN,NaN,NaN,NaN,NaN,NaN,NaN,NaN,0,NaN,35.90,36.10,NaN,NaN
2893.32,36.18,34.28,36.00,20.00,AUTO,0,NaN,NaN,NaN,NaN,NaN,NaN,NaN,NaN,NaN,NaN,0,NaN,35.90,36.10,NaN,NaN
2894.32,36.17,34.28,36.00,20.00,AUTO,0,NaN,NaN,NaN,NaN,NaN,NaN,NaN,NaN,NaN,NaN,0,NaN,35.90,36.10,NaN,NaN
2895.32,36.16,34.33,36.00,20.00,AUTO,0,NaN,NaN,NaN,NaN,NaN,NaN,NaN,NaN,NaN,NaN,0,NaN,35.90,36.10,NaN,NaN
2896.32,36.14,34.33,36.00,20.00,AUTO,0,NaN,NaN,NaN,NaN,NaN,NaN,NaN,NaN,NaN,NaN,0,NaN,35.90,36.10,NaN,NaN
2897.32,36.13,34.33,36.00,20.00,AUTO,0,NaN,NaN,NaN,NaN,NaN,NaN,NaN,NaN,NaN,NaN,0,NaN,35.90,36.10,NaN,NaN
2898.32,36.12,34.35,36.00,20.00,AUTO,0,NaN,NaN,NaN,NaN,NaN,NaN,NaN,NaN,NaN,NaN,0,NaN,35.90,36.10,NaN,NaN
2899.33,36.11,34.35,36.00,20.00,AUTO,0,NaN,NaN,NaN,NaN,NaN,NaN,NaN,NaN,NaN,NaN,0,NaN,35.90,36.10,NaN,NaN
2900.33,36.10,34.35,36.00,20.00,AUTO,0,NaN,NaN,NaN,NaN,NaN,NaN,NaN,NaN,NaN,NaN,0,NaN,35.90,36.10,NaN,NaN
2901.33,36.09,34.39,36.00,20.00,AUTO,0,NaN,NaN,NaN,NaN,NaN,NaN,NaN,NaN,NaN,NaN,0,NaN,35.90,36.10,NaN,NaN
2902.33,36.08,34.43,36.00,20.00,AUTO,0,NaN,NaN,NaN,NaN,NaN,NaN,NaN,NaN,NaN,NaN,0,NaN,35.90,36.10,NaN,NaN
2903.33,36.07,34.43,36.00,20.00,AUTO,0,NaN,NaN,NaN,NaN,NaN,NaN,NaN,NaN,NaN,NaN,0,NaN,35.90,36.10,NaN,NaN
2904.34,36.06,34.47,36.00,20.00,AUTO,0,NaN,NaN,NaN,NaN,NaN,NaN,NaN,NaN,NaN,NaN,0,NaN,35.90,36.10,NaN,NaN
2905.34,36.04,34.47,36.00,20.00,AUTO,0,NaN,NaN,NaN,NaN,NaN,NaN,NaN,NaN,NaN,NaN,0,NaN,35.90,36.10,NaN,NaN
2906.34,36.03,34.47,36.00,20.00,AUTO,0,NaN,NaN,NaN,NaN,NaN,NaN,NaN,NaN,NaN,NaN,0,NaN,35.90,36.10,NaN,NaN
2907.34,36.01,34.51,36.00,20.00,AUTO,0,NaN,NaN,NaN,NaN,NaN,NaN,NaN,NaN,NaN,NaN,0,NaN,35.90,36.10,NaN,NaN
2908.34,36.01,34.51,36.00,20.00,AUTO,0,NaN,NaN,NaN,NaN,NaN,NaN,NaN,NaN,NaN,NaN,0,NaN,35.90,36.10,NaN,NaN
2909.34,36.00,34.53,36.00,20.00,AUTO,0,NaN,NaN,NaN,NaN,NaN,NaN,NaN,NaN,NaN,NaN,0,NaN,35.90,36.10,NaN,NaN
2910.34,35.99,34.57,36.00,20.00,AUTO,0,NaN,NaN,NaN,NaN,NaN,NaN,NaN,NaN,NaN,NaN,0,NaN,35.90,36.10,NaN,NaN
2911.34,35.98,34.57,36.00,20.00,AUTO,0,NaN,NaN,NaN,NaN,NaN,NaN,NaN,NaN,NaN,NaN,0,NaN,35.90,36.10,NaN,NaN
2912.35,35.96,34.62,36.00,20.00,AUTO,0,NaN,NaN,NaN,NaN,NaN,NaN,NaN,NaN,NaN,NaN,0,NaN,35.90,36.10,NaN,NaN
2913.35,35.95,34.62,36.00,20.00,AUTO,0,NaN,NaN,NaN,NaN,NaN,NaN,NaN,NaN,NaN,NaN,0,NaN,35.90,36.10,NaN,NaN
2914.35,35.94,34.66,36.00,20.00,AUTO,0,NaN,NaN,NaN,NaN,NaN,NaN,NaN,NaN,NaN,NaN,0,NaN,35.90,36.10,NaN,NaN
2915.35,35.92,34.66,36.00,20.00,AUTO,0,NaN,NaN,NaN,NaN,NaN,NaN,NaN,NaN,NaN,NaN,0,NaN,35.90,36.10,NaN,NaN
2916.35,35.90,34.70,36.00,20.00,AUTO,0,NaN,NaN,NaN,NaN,NaN,NaN,NaN,NaN,NaN,NaN,0,NaN,35.90,36.10,NaN,NaN
2917.36,35.89,34.70,36.00,20.00,AUTO,0,NaN,NaN,NaN,NaN,NaN,NaN,NaN,NaN,NaN,NaN,1,NaN,35.90,36.10,NaN,NaN
2918.36,35.87,34.70,36.00,20.00,AUTO,0,NaN,NaN,NaN,NaN,NaN,NaN,NaN,NaN,NaN,NaN,1,NaN,35.90,36.10,NaN,NaN
2919.36,35.85,34.73,36.00,20.00,AUTO,0,NaN,NaN,NaN,NaN,NaN,NaN,NaN,NaN,NaN,NaN,1,NaN,35.90,36.10,NaN,NaN
2920.36,35.81,34.78,36.00,20.00,AUTO,0,NaN,NaN,NaN,NaN,NaN,NaN,NaN,NaN,NaN,NaN,1,NaN,35.90,36.10,NaN,NaN
2921.36,35.81,34.76,36.00,20.00,AUTO,0,NaN,NaN,NaN,NaN,NaN,NaN,NaN,NaN,NaN,NaN,1,NaN,35.90,36.10,NaN,NaN
2922.36,35.80,34.80,36.00,20.00,AUTO,0,NaN,NaN,NaN,NaN,NaN,NaN,NaN,NaN,NaN,NaN,1,NaN,35.90,36.10,NaN,NaN
2923.36,35.78,34.80,36.00,20.00,AUTO,0,NaN,NaN,NaN,NaN,NaN,NaN,NaN,NaN,NaN,NaN,1,NaN,35.90,36.10,NaN,NaN
2924.37,35.78,34.84,36.00,20.00,AUTO,0,NaN,NaN,NaN,NaN,NaN,NaN,NaN,NaN,NaN,NaN,1,NaN,35.90,36.10,NaN,NaN
2925.36,35.78,34.84,36.00,20.00,AUTO,0,NaN,NaN,NaN,NaN,NaN,NaN,NaN,NaN,NaN,NaN,1,NaN,35.90,36.10,NaN,NaN
2926.37,35.79,34.84,36.00,20.00,AUTO,0,NaN,NaN,NaN,NaN,NaN,NaN,NaN,NaN,NaN,NaN,1,NaN,35.90,36.10,NaN,NaN
2927.37,35.78,34.84,36.00,20.00,AUTO,0,NaN,NaN,NaN,NaN,NaN,NaN,NaN,NaN,NaN,NaN,1,NaN,35.90,36.10,NaN,NaN
2928.37,35.77,34.84,36.00,20.00,AUTO,0,NaN,NaN,NaN,NaN,NaN,NaN,NaN,NaN,NaN,NaN,1,NaN,35.90,36.10,NaN,NaN
2929.37,35.77,34.84,36.00,20.00,AUTO,0,NaN,NaN,NaN,NaN,NaN,NaN,NaN,NaN,NaN,NaN,1,NaN,35.90,36.10,NaN,NaN
2930.37,35.77,34.88,36.00,20.00,AUTO,0,NaN,NaN,NaN,NaN,NaN,NaN,NaN,NaN,NaN,NaN,1,NaN,35.90,36.10,NaN,NaN
2931.38,35.78,34.88,36.00,20.00,AUTO,0,NaN,NaN,NaN,NaN,NaN,NaN,NaN,NaN,NaN,NaN,1,NaN,35.90,36.10,NaN,NaN
2932.38,35.78,34.88,36.00,20.00,AUTO,0,NaN,NaN,NaN,NaN,NaN,NaN,NaN,NaN,NaN,NaN,1,NaN,35.90,36.10,NaN,NaN
2933.38,35.79,34.88,36.00,20.00,AUTO,0,NaN,NaN,NaN,NaN,NaN,NaN,NaN,NaN,NaN,NaN,1,NaN,35.90,36.10,NaN,NaN
2934.38,35.79,34.84,36.00,20.00,AUTO,0,NaN,NaN,NaN,NaN,NaN,NaN,NaN,NaN,NaN,NaN,1,NaN,35.90,36.10,NaN,NaN
2935.38,35.79,34.84,36.00,20.00,AUTO,0,NaN,NaN,NaN,NaN,NaN,NaN,NaN,NaN,NaN,NaN,1,NaN,35.90,36.10,NaN,NaN
2936.39,35.79,34.84,36.00,20.00,AUTO,0,NaN,NaN,NaN,NaN,NaN,NaN,NaN,NaN,NaN,NaN,1,NaN,35.90,36.10,NaN,NaN
2937.39,35.80,34.84,36.00,20.00,AUTO,0,NaN,NaN,NaN,NaN,NaN,NaN,NaN,NaN,NaN,NaN,1,NaN,35.90,36.10,NaN,NaN
2938.39,35.80,34.84,36.00,20.00,AUTO,0,NaN,NaN,NaN,NaN,NaN,NaN,NaN,NaN,NaN,NaN,1,NaN,35.90,36.10,NaN,NaN
2939.39,35.81,34.86,36.00,20.00,AUTO,0,NaN,NaN,NaN,NaN,NaN,NaN,NaN,NaN,NaN,NaN,1,NaN,35.90,36.10,NaN,NaN
2940.39,35.83,34.86,36.00,20.00,AUTO,0,NaN,NaN,NaN,NaN,NaN,NaN,NaN,NaN,NaN,NaN,1,NaN,35.90,36.10,NaN,NaN
2941.39,35.84,34.86,36.00,20.00,AUTO,0,NaN,NaN,NaN,NaN,NaN,NaN,NaN,NaN,NaN,NaN,1,NaN,35.90,36.10,NaN,NaN
2942.39,35.85,34.82,36.00,20.00,AUTO,0,NaN,NaN,NaN,NaN,NaN,NaN,NaN,NaN,NaN,NaN,1,NaN,35.90,36.10,NaN,NaN
2943.39,35.85,34.82,36.00,20.00,AUTO,0,NaN,NaN,NaN,NaN,NaN,NaN,NaN,NaN,NaN,NaN,1,NaN,35.90,36.10,NaN,NaN
2944.40,35.86,34.78,36.00,20.00,AUTO,0,NaN,NaN,NaN,NaN,NaN,NaN,NaN,NaN,NaN,NaN,1,NaN,35.90,36.10,NaN,NaN
2945.40,35.87,34.78,36.00,20.00,AUTO,0,NaN,NaN,NaN,NaN,NaN,NaN,NaN,NaN,NaN,NaN,1,NaN,35.90,36.10,NaN,NaN
2946.40,35.89,34.78,36.00,20.00,AUTO,0,NaN,NaN,NaN,NaN,NaN,NaN,NaN,NaN,NaN,NaN,1,NaN,35.90,36.10,NaN,NaN
2947.40,35.90,34.73,36.00,20.00,AUTO,0,NaN,NaN,NaN,NaN,NaN,NaN,NaN,NaN,NaN,NaN,1,NaN,35.90,36.10,NaN,NaN
2948.40,35.92,34.70,36.00,20.00,AUTO,0,NaN,NaN,NaN,NaN,NaN,NaN,NaN,NaN,NaN,NaN,1,NaN,35.90,36.10,NaN,NaN
2949.40,35.93,34.70,36.00,20.00,AUTO,0,NaN,NaN,NaN,NaN,NaN,NaN,NaN,NaN,NaN,NaN,1,NaN,35.90,36.10,NaN,NaN
2950.41,35.94,34.70,36.00,20.00,AUTO,0,NaN,NaN,NaN,NaN,NaN,NaN,NaN,NaN,NaN,NaN,1,NaN,35.90,36.10,NaN,NaN
2951.41,35.96,34.66,36.00,20.00,AUTO,0,NaN,NaN,NaN,NaN,NaN,NaN,NaN,NaN,NaN,NaN,1,NaN,35.90,36.10,NaN,NaN
2952.41,35.97,34.62,36.00,20.00,AUTO,0,NaN,NaN,NaN,NaN,NaN,NaN,NaN,NaN,NaN,NaN,1,NaN,35.90,36.10,NaN,NaN
2953.41,36.00,34.62,36.00,20.00,AUTO,0,NaN,NaN,NaN,NaN,NaN,NaN,NaN,NaN,NaN,NaN,1,NaN,35.90,36.10,NaN,NaN
2954.41,36.01,34.60,36.00,20.00,AUTO,0,NaN,NaN,NaN,NaN,NaN,NaN,NaN,NaN,NaN,NaN,1,NaN,35.90,36.10,NaN,NaN
2955.41,36.01,34.60,36.00,20.00,AUTO,0,NaN,NaN,NaN,NaN,NaN,NaN,NaN,NaN,NaN,NaN,1,NaN,35.90,36.10,NaN,NaN
2956.41,36.03,34.55,36.00,20.00,AUTO,0,NaN,NaN,NaN,NaN,NaN,NaN,NaN,NaN,NaN,NaN,1,NaN,35.90,36.10,NaN,NaN
2957.41,36.04,34.51,36.00,20.00,AUTO,0,NaN,NaN,NaN,NaN,NaN,NaN,NaN,NaN,NaN,NaN,1,NaN,35.90,36.10,NaN,NaN
2958.42,36.06,34.47,36.00,20.00,AUTO,0,NaN,NaN,NaN,NaN,NaN,NaN,NaN,NaN,NaN,NaN,1,NaN,35.90,36.10,NaN,NaN
2959.42,36.07,34.47,36.00,20.00,AUTO,0,NaN,NaN,NaN,NaN,NaN,NaN,NaN,NaN,NaN,NaN,1,NaN,35.90,36.10,NaN,NaN
2960.42,36.10,34.47,36.00,20.00,AUTO,0,NaN,NaN,NaN,NaN,NaN,NaN,NaN,NaN,NaN,NaN,1,NaN,35.90,36.10,NaN,NaN
2961.42,36.12,34.43,36.00,20.00,AUTO,0,NaN,NaN,NaN,NaN,NaN,NaN,NaN,NaN,NaN,NaN,0,NaN,35.90,36.10,NaN,NaN
2962.42,36.15,34.45,36.00,20.00,AUTO,0,NaN,NaN,NaN,NaN,NaN,NaN,NaN,NaN,NaN,NaN,0,NaN,35.90,36.10,NaN,NaN
2963.43,36.16,34.41,36.00,20.00,AUTO,0,NaN,NaN,NaN,NaN,NaN,NaN,NaN,NaN,NaN,NaN,0,NaN,35.90,36.10,NaN,NaN
2964.43,36.18,34.37,36.00,20.00,AUTO,0,NaN,NaN,NaN,NaN,NaN,NaN,NaN,NaN,NaN,NaN,0,NaN,35.90,36.10,NaN,NaN
2965.43,36.18,34.37,36.00,20.00,AUTO,0,NaN,NaN,NaN,NaN,NaN,NaN,NaN,NaN,NaN,NaN,0,NaN,35.90,36.10,NaN,NaN
2966.43,36.18,34.33,36.00,20.00,AUTO,0,NaN,NaN,NaN,NaN,NaN,NaN,NaN,NaN,NaN,NaN,0,NaN,35.90,36.10,NaN,NaN
2967.43,36.19,34.33,36.00,20.00,AUTO,0,NaN,NaN,NaN,NaN,NaN,NaN,NaN,NaN,NaN,NaN,0,NaN,35.90,36.10,NaN,NaN
2968.43,36.21,34.28,36.00,20.00,AUTO,0,NaN,NaN,NaN,NaN,NaN,NaN,NaN,NaN,NaN,NaN,0,NaN,35.90,36.10,NaN,NaN
2969.43,36.22,34.28,36.00,20.00,AUTO,0,NaN,NaN,NaN,NaN,NaN,NaN,NaN,NaN,NaN,NaN,0,NaN,35.90,36.10,NaN,NaN
2970.43,36.22,34.28,36.00,20.00,AUTO,0,NaN,NaN,NaN,NaN,NaN,NaN,NaN,NaN,NaN,NaN,0,NaN,35.90,36.10,NaN,NaN
2971.44,36.23,34.28,36.00,20.00,AUTO,0,NaN,NaN,NaN,NaN,NaN,NaN,NaN,NaN,NaN,NaN,0,NaN,35.90,36.10,NaN,NaN
2972.44,36.22,34.28,36.00,20.00,AUTO,0,NaN,NaN,NaN,NaN,NaN,NaN,NaN,NaN,NaN,NaN,0,NaN,35.90,36.10,NaN,NaN
2973.44,36.22,34.28,36.00,20.00,AUTO,0,NaN,NaN,NaN,NaN,NaN,NaN,NaN,NaN,NaN,NaN,0,NaN,35.90,36.10,NaN,NaN
2974.44,36.22,34.25,36.00,20.00,AUTO,0,NaN,NaN,NaN,NaN,NaN,NaN,NaN,NaN,NaN,NaN,0,NaN,35.90,36.10,NaN,NaN
2975.44,36.22,34.25,36.00,20.00,AUTO,0,NaN,NaN,NaN,NaN,NaN,NaN,NaN,NaN,NaN,NaN,0,NaN,35.90,36.10,NaN,NaN
2976.44,36.22,34.25,36.00,20.00,AUTO,0,NaN,NaN,NaN,NaN,NaN,NaN,NaN,NaN,NaN,NaN,0,NaN,35.90,36.10,NaN,NaN
2977.45,36.19,34.25,36.00,20.00,AUTO,0,NaN,NaN,NaN,NaN,NaN,NaN,NaN,NaN,NaN,NaN,0,NaN,35.90,36.10,NaN,NaN
2978.45,36.18,34.25,36.00,20.00,AUTO,0,NaN,NaN,NaN,NaN,NaN,NaN,NaN,NaN,NaN,NaN,0,NaN,35.90,36.10,NaN,NaN
2979.45,36.18,34.25,36.00,20.00,AUTO,0,NaN,NaN,NaN,NaN,NaN,NaN,NaN,NaN,NaN,NaN,0,NaN,35.90,36.10,NaN,NaN
2980.45,36.17,34.25,36.00,20.00,AUTO,0,NaN,NaN,NaN,NaN,NaN,NaN,NaN,NaN,NaN,NaN,0,NaN,35.90,36.10,NaN,NaN
2981.45,36.17,34.28,36.00,20.00,AUTO,0,NaN,NaN,NaN,NaN,NaN,NaN,NaN,NaN,NaN,NaN,0,NaN,35.90,36.10,NaN,NaN
2982.46,36.16,34.28,36.00,20.00,AUTO,0,NaN,NaN,NaN,NaN,NaN,NaN,NaN,NaN,NaN,NaN,0,NaN,35.90,36.10,NaN,NaN
2983.46,36.15,34.33,36.00,20.00,AUTO,0,NaN,NaN,NaN,NaN,NaN,NaN,NaN,NaN,NaN,NaN,0,NaN,35.90,36.10,NaN,NaN
2984.46,36.14,34.33,36.00,20.00,AUTO,0,NaN,NaN,NaN,NaN,NaN,NaN,NaN,NaN,NaN,NaN,0,NaN,35.90,36.10,NaN,NaN
2985.46,36.13,34.35,36.00,20.00,AUTO,0,NaN,NaN,NaN,NaN,NaN,NaN,NaN,NaN,NaN,NaN,0,NaN,35.90,36.10,NaN,NaN
2986.46,36.12,34.35,36.00,20.00,AUTO,0,NaN,NaN,NaN,NaN,NaN,NaN,NaN,NaN,NaN,NaN,0,NaN,35.90,36.10,NaN,NaN
2987.46,36.11,34.35,36.00,20.00,AUTO,0,NaN,NaN,NaN,NaN,NaN,NaN,NaN,NaN,NaN,NaN,0,NaN,35.90,36.10,NaN,NaN
2988.47,36.10,34.39,36.00,20.00,AUTO,0,NaN,NaN,NaN,NaN,NaN,NaN,NaN,NaN,NaN,NaN,0,NaN,35.90,36.10,NaN,NaN
2989.46,36.10,34.39,36.00,20.00,AUTO,0,NaN,NaN,NaN,NaN,NaN,NaN,NaN,NaN,NaN,NaN,0,NaN,35.90,36.10,NaN,NaN
2990.47,36.09,34.43,36.00,20.00,AUTO,0,NaN,NaN,NaN,NaN,NaN,NaN,NaN,NaN,NaN,NaN,0,NaN,35.90,36.10,NaN,NaN
2991.47,36.08,34.43,36.00,20.00,AUTO,0,NaN,NaN,NaN,NaN,NaN,NaN,NaN,NaN,NaN,NaN,0,NaN,35.90,36.10,NaN,NaN
2992.47,36.06,34.43,36.00,20.00,AUTO,0,NaN,NaN,NaN,NaN,NaN,NaN,NaN,NaN,NaN,NaN,0,NaN,35.90,36.10,NaN,NaN
2993.47,36.04,34.47,36.00,20.00,AUTO,0,NaN,NaN,NaN,NaN,NaN,NaN,NaN,NaN,NaN,NaN,0,NaN,35.90,36.10,NaN,NaN
2994.47,36.03,34.47,36.00,20.00,AUTO,0,NaN,NaN,NaN,NaN,NaN,NaN,NaN,NaN,NaN,NaN,0,NaN,35.90,36.10,NaN,NaN
2995.48,36.01,34.47,36.00,20.00,AUTO,0,NaN,NaN,NaN,NaN,NaN,NaN,NaN,NaN,NaN,NaN,0,NaN,35.90,36.10,NaN,NaN
2996.48,36.01,34.47,36.00,20.00,AUTO,0,NaN,NaN,NaN,NaN,NaN,NaN,NaN,NaN,NaN,NaN,0,NaN,35.90,36.10,NaN,NaN
2997.48,36.00,34.45,36.00,20.00,AUTO,0,NaN,NaN,NaN,NaN,NaN,NaN,NaN,NaN,NaN,NaN,0,NaN,35.90,36.10,NaN,NaN
2998.48,35.99,34.50,36.00,20.00,AUTO,0,NaN,NaN,NaN,NaN,NaN,NaN,NaN,NaN,NaN,NaN,0,NaN,35.90,36.10,NaN,NaN
2999.48,35.97,34.53,36.00,20.00,AUTO,0,NaN,NaN,NaN,NaN,NaN,NaN,NaN,NaN,NaN,NaN,0,NaN,35.90,36.10,NaN,NaN
3000.48,35.96,34.57,36.00,20.00,AUTO,0,NaN,NaN,NaN,NaN,NaN,NaN,NaN,NaN,NaN,NaN,0,NaN,35.90,36.10,NaN,NaN
3001.49,35.95,34.62,36.00,20.00,AUTO,0,NaN,NaN,NaN,NaN,NaN,NaN,NaN,NaN,NaN,NaN,0,NaN,35.90,36.10,NaN,NaN
3002.48,35.93,34.66,36.00,20.00,AUTO,0,NaN,NaN,NaN,NaN,NaN,NaN,NaN,NaN,NaN,NaN,0,NaN,35.90,36.10,NaN,NaN
3003.49,35.92,34.70,36.00,20.00,AUTO,0,NaN,NaN,NaN,NaN,NaN,NaN,NaN,NaN,NaN,NaN,0,NaN,35.90,36.10,NaN,NaN
3004.49,35.90,34.70,36.00,20.00,AUTO,0,NaN,NaN,NaN,NaN,NaN,NaN,NaN,NaN,NaN,NaN,0,NaN,35.90,36.10,NaN,NaN
3005.49,35.89,34.70,36.00,20.00,AUTO,0,NaN,NaN,NaN,NaN,NaN,NaN,NaN,NaN,NaN,NaN,1,NaN,35.90,36.10,NaN,NaN
3006.49,35.86,34.73,36.00,20.00,AUTO,0,NaN,NaN,NaN,NaN,NaN,NaN,NaN,NaN,NaN,NaN,1,NaN,35.90,36.10,NaN,NaN
3007.49,35.83,34.78,36.00,20.00,AUTO,0,NaN,NaN,NaN,NaN,NaN,NaN,NaN,NaN,NaN,NaN,1,NaN,35.90,36.10,NaN,NaN
3008.49,35.80,34.80,36.00,20.00,AUTO,0,NaN,NaN,NaN,NaN,NaN,NaN,NaN,NaN,NaN,NaN,1,NaN,35.90,36.10,NaN,NaN
3009.50,35.79,34.80,36.00,20.00,AUTO,0,NaN,NaN,NaN,NaN,NaN,NaN,NaN,NaN,NaN,NaN,1,NaN,35.90,36.10,NaN,NaN
3010.50,35.79,34.84,36.00,20.00,AUTO,0,NaN,NaN,NaN,NaN,NaN,NaN,NaN,NaN,NaN,NaN,1,NaN,35.90,36.10,NaN,NaN
3011.50,35.78,34.84,36.00,20.00,AUTO,0,NaN,NaN,NaN,NaN,NaN,NaN,NaN,NaN,NaN,NaN,1,NaN,35.90,36.10,NaN,NaN
3012.50,35.78,34.84,36.00,20.00,AUTO,0,NaN,NaN,NaN,NaN,NaN,NaN,NaN,NaN,NaN,NaN,1,NaN,35.90,36.10,NaN,NaN
3013.50,35.79,34.84,36.00,20.00,AUTO,0,NaN,NaN,NaN,NaN,NaN,NaN,NaN,NaN,NaN,NaN,1,NaN,35.90,36.10,NaN,NaN
3014.50,35.80,34.84,36.00,20.00,AUTO,0,NaN,NaN,NaN,NaN,NaN,NaN,NaN,NaN,NaN,NaN,1,NaN,35.90,36.10,NaN,NaN
3015.51,35.79,34.84,36.00,20.00,AUTO,0,NaN,NaN,NaN,NaN,NaN,NaN,NaN,NaN,NaN,NaN,1,NaN,35.90,36.10,NaN,NaN
3016.51,35.80,34.84,36.00,20.00,AUTO,0,NaN,NaN,NaN,NaN,NaN,NaN,NaN,NaN,NaN,NaN,1,NaN,35.90,36.10,NaN,NaN
3017.51,35.80,34.84,36.00,20.00,AUTO,0,NaN,NaN,NaN,NaN,NaN,NaN,NaN,NaN,NaN,NaN,1,NaN,35.90,36.10,NaN,NaN
3018.51,35.81,34.86,36.00,20.00,AUTO,0,NaN,NaN,NaN,NaN,NaN,NaN,NaN,NaN,NaN,NaN,1,NaN,35.90,36.10,NaN,NaN
3019.51,35.81,34.86,36.00,20.00,AUTO,0,NaN,NaN,NaN,NaN,NaN,NaN,NaN,NaN,NaN,NaN,1,NaN,35.90,36.10,NaN,NaN
3020.51,35.82,34.86,36.00,20.00,AUTO,0,NaN,NaN,NaN,NaN,NaN,NaN,NaN,NaN,NaN,NaN,1,NaN,35.90,36.10,NaN,NaN
3021.51,35.82,34.86,36.00,20.00,AUTO,0,NaN,NaN,NaN,NaN,NaN,NaN,NaN,NaN,NaN,NaN,1,NaN,35.90,36.10,NaN,NaN
3022.52,35.82,34.86,36.00,20.00,AUTO,0,NaN,NaN,NaN,NaN,NaN,NaN,NaN,NaN,NaN,NaN,1,NaN,35.90,36.10,NaN,NaN
3023.52,35.82,34.86,36.00,20.00,AUTO,0,NaN,NaN,NaN,NaN,NaN,NaN,NaN,NaN,NaN,NaN,1,NaN,35.90,36.10,NaN,NaN
3024.52,35.83,34.86,36.00,20.00,AUTO,0,NaN,NaN,NaN,NaN,NaN,NaN,NaN,NaN,NaN,NaN,1,NaN,35.90,36.10,NaN,NaN
3025.52,35.84,34.86,36.00,20.00,AUTO,0,NaN,NaN,NaN,NaN,NaN,NaN,NaN,NaN,NaN,NaN,1,NaN,35.90,36.10,NaN,NaN
3026.52,35.85,34.82,36.00,20.00,AUTO,0,NaN,NaN,NaN,NaN,NaN,NaN,NaN,NaN,NaN,NaN,1,NaN,35.90,36.10,NaN,NaN
3027.53,35.87,34.82,36.00,20.00,AUTO,0,NaN,NaN,NaN,NaN,NaN,NaN,NaN,NaN,NaN,NaN,1,NaN,35.90,36.10,NaN,NaN
3028.53,35.88,34.78,36.00,20.00,AUTO,0,NaN,NaN,NaN,NaN,NaN,NaN,NaN,NaN,NaN,NaN,1,NaN,35.90,36.10,NaN,NaN
3029.53,35.89,34.78,36.00,20.00,AUTO,0,NaN,NaN,NaN,NaN,NaN,NaN,NaN,NaN,NaN,NaN,1,NaN,35.90,36.10,NaN,NaN
3030.53,35.90,34.78,36.00,20.00,AUTO,0,NaN,NaN,NaN,NaN,NaN,NaN,NaN,NaN,NaN,NaN,1,NaN,35.90,36.10,NaN,NaN
3031.53,35.92,34.73,36.00,20.00,AUTO,0,NaN,NaN,NaN,NaN,NaN,NaN,NaN,NaN,NaN,NaN,1,NaN,35.90,36.10,NaN,NaN
3032.53,35.94,34.70,36.00,20.00,AUTO,0,NaN,NaN,NaN,NaN,NaN,NaN,NaN,NaN,NaN,NaN,1,NaN,35.90,36.10,NaN,NaN
3033.53,35.95,34.70,36.00,20.00,AUTO,0,NaN,NaN,NaN,NaN,NaN,NaN,NaN,NaN,NaN,NaN,1,NaN,35.90,36.10,NaN,NaN
3034.54,35.96,34.70,36.00,20.00,AUTO,0,NaN,NaN,NaN,NaN,NaN,NaN,NaN,NaN,NaN,NaN,1,NaN,35.90,36.10,NaN,NaN
3035.54,35.96,34.66,36.00,20.00,AUTO,0,NaN,NaN,NaN,NaN,NaN,NaN,NaN,NaN,NaN,NaN,1,NaN,35.90,36.10,NaN,NaN
3036.54,35.98,34.62,36.00,20.00,AUTO,0,NaN,NaN,NaN,NaN,NaN,NaN,NaN,NaN,NaN,NaN,1,NaN,35.90,36.10,NaN,NaN
3037.54,36.00,34.62,36.00,20.00,AUTO,0,NaN,NaN,NaN,NaN,NaN,NaN,NaN,NaN,NaN,NaN,1,NaN,35.90,36.10,NaN,NaN
3038.54,36.01,34.60,36.00,20.00,AUTO,0,NaN,NaN,NaN,NaN,NaN,NaN,NaN,NaN,NaN,NaN,1,NaN,35.90,36.10,NaN,NaN
3039.54,36.03,34.60,36.00,20.00,AUTO,0,NaN,NaN,NaN,NaN,NaN,NaN,NaN,NaN,NaN,NaN,1,NaN,35.90,36.10,NaN,NaN
3040.54,36.03,34.55,36.00,20.00,AUTO,0,NaN,NaN,NaN,NaN,NaN,NaN,NaN,NaN,NaN,NaN,1,NaN,35.90,36.10,NaN,NaN
3041.55,36.06,34.51,36.00,20.00,AUTO,0,NaN,NaN,NaN,NaN,NaN,NaN,NaN,NaN,NaN,NaN,1,NaN,35.90,36.10,NaN,NaN
3042.55,36.08,34.47,36.00,20.00,AUTO,0,NaN,NaN,NaN,NaN,NaN,NaN,NaN,NaN,NaN,NaN,1,NaN,35.90,36.10,NaN,NaN
3043.55,36.08,34.47,36.00,20.00,AUTO,0,NaN,NaN,NaN,NaN,NaN,NaN,NaN,NaN,NaN,NaN,1,NaN,35.90,36.10,NaN,NaN
3044.55,36.10,34.47,36.00,20.00,AUTO,0,NaN,NaN,NaN,NaN,NaN,NaN,NaN,NaN,NaN,NaN,1,NaN,35.90,36.10,NaN,NaN
3045.56,36.12,34.47,36.00,20.00,AUTO,0,NaN,NaN,NaN,NaN,NaN,NaN,NaN,NaN,NaN,NaN,0,NaN,35.90,36.10,NaN,NaN
3046.55,36.14,34.45,36.00,20.00,AUTO,0,NaN,NaN,NaN,NaN,NaN,NaN,NaN,NaN,NaN,NaN,0,NaN,35.90,36.10,NaN,NaN
3047.56,36.16,34.45,36.00,20.00,AUTO,0,NaN,NaN,NaN,NaN,NaN,NaN,NaN,NaN,NaN,NaN,0,NaN,35.90,36.10,NaN,NaN
3048.56,36.17,34.41,36.00,20.00,AUTO,0,NaN,NaN,NaN,NaN,NaN,NaN,NaN,NaN,NaN,NaN,0,NaN,35.90,36.10,NaN,NaN
3049.56,36.17,34.37,36.00,20.00,AUTO,0,NaN,NaN,NaN,NaN,NaN,NaN,NaN,NaN,NaN,NaN,0,NaN,35.90,36.10,NaN,NaN
3050.56,36.18,34.37,36.00,20.00,AUTO,0,NaN,NaN,NaN,NaN,NaN,NaN,NaN,NaN,NaN,NaN,0,NaN,35.90,36.10,NaN,NaN
3051.56,36.17,34.37,36.00,20.00,AUTO,0,NaN,NaN,NaN,NaN,NaN,NaN,NaN,NaN,NaN,NaN,0,NaN,35.90,36.10,NaN,NaN
3052.57,36.17,34.37,36.00,20.00,AUTO,0,NaN,NaN,NaN,NaN,NaN,NaN,NaN,NaN,NaN,NaN,0,NaN,35.90,36.10,NaN,NaN
3053.56,36.17,34.37,36.00,20.00,AUTO,0,NaN,NaN,NaN,NaN,NaN,NaN,NaN,NaN,NaN,NaN,0,NaN,35.90,36.10,NaN,NaN
3054.57,36.16,34.33,36.00,20.00,AUTO,0,NaN,NaN,NaN,NaN,NaN,NaN,NaN,NaN,NaN,NaN,0,NaN,35.90,36.10,NaN,NaN
3055.57,36.16,34.33,36.00,20.00,AUTO,0,NaN,NaN,NaN,NaN,NaN,NaN,NaN,NaN,NaN,NaN,0,NaN,35.90,36.10,NaN,NaN
3056.57,36.16,34.33,36.00,20.00,AUTO,0,NaN,NaN,NaN,NaN,NaN,NaN,NaN,NaN,NaN,NaN,0,NaN,35.90,36.10,NaN,NaN
3057.57,36.15,34.33,36.00,20.00,AUTO,0,NaN,NaN,NaN,NaN,NaN,NaN,NaN,NaN,NaN,NaN,0,NaN,35.90,36.10,NaN,NaN
3058.57,36.14,34.37,36.00,20.00,AUTO,0,NaN,NaN,NaN,NaN,NaN,NaN,NaN,NaN,NaN,NaN,0,NaN,35.90,36.10,NaN,NaN
3059.57,36.14,34.37,36.00,20.00,AUTO,0,NaN,NaN,NaN,NaN,NaN,NaN,NaN,NaN,NaN,NaN,0,NaN,35.90,36.10,NaN,NaN
3060.58,36.14,34.37,36.00,20.00,AUTO,0,NaN,NaN,NaN,NaN,NaN,NaN,NaN,NaN,NaN,NaN,0,NaN,35.90,36.10,NaN,NaN
3061.58,36.13,34.35,36.00,20.00,AUTO,0,NaN,NaN,NaN,NaN,NaN,NaN,NaN,NaN,NaN,NaN,0,NaN,35.90,36.10,NaN,NaN
3062.58,36.13,34.39,36.00,20.00,AUTO,0,NaN,NaN,NaN,NaN,NaN,NaN,NaN,NaN,NaN,NaN,0,NaN,35.90,36.10,NaN,NaN
3063.58,36.12,34.39,36.00,20.00,AUTO,0,NaN,NaN,NaN,NaN,NaN,NaN,NaN,NaN,NaN,NaN,0,NaN,35.90,36.10,NaN,NaN
3064.58,36.11,34.43,36.00,20.00,AUTO,0,NaN,NaN,NaN,NaN,NaN,NaN,NaN,NaN,NaN,NaN,0,NaN,35.90,36.10,NaN,NaN
3065.58,36.10,34.43,36.00,20.00,AUTO,0,NaN,NaN,NaN,NaN,NaN,NaN,NaN,NaN,NaN,NaN,0,NaN,35.90,36.10,NaN,NaN
3066.59,36.09,34.43,36.00,20.00,AUTO,0,NaN,NaN,NaN,NaN,NaN,NaN,NaN,NaN,NaN,NaN,0,NaN,35.90,36.10,NaN,NaN
3067.59,36.08,34.43,36.00,20.00,AUTO,0,NaN,NaN,NaN,NaN,NaN,NaN,NaN,NaN,NaN,NaN,0,NaN,35.90,36.10,NaN,NaN
3068.59,36.07,34.43,36.00,20.00,AUTO,0,NaN,NaN,NaN,NaN,NaN,NaN,NaN,NaN,NaN,NaN,0,NaN,35.90,36.10,NaN,NaN
3069.59,36.07,34.47,36.00,20.00,AUTO,0,NaN,NaN,NaN,NaN,NaN,NaN,NaN,NaN,NaN,NaN,0,NaN,35.90,36.10,NaN,NaN
3070.59,36.06,34.47,36.00,20.00,AUTO,0,NaN,NaN,NaN,NaN,NaN,NaN,NaN,NaN,NaN,NaN,0,NaN,35.90,36.10,NaN,NaN
3071.59,36.03,34.51,36.00,20.00,AUTO,0,NaN,NaN,NaN,NaN,NaN,NaN,NaN,NaN,NaN,NaN,0,NaN,35.90,36.10,NaN,NaN
3072.59,36.02,34.51,36.00,20.00,AUTO,0,NaN,NaN,NaN,NaN,NaN,NaN,NaN,NaN,NaN,NaN,0,NaN,35.90,36.10,NaN,NaN
3073.60,36.01,34.55,36.00,20.00,AUTO,0,NaN,NaN,NaN,NaN,NaN,NaN,NaN,NaN,NaN,NaN,0,NaN,35.90,36.10,NaN,NaN
3074.60,36.01,34.60,36.00,20.00,AUTO,0,NaN,NaN,NaN,NaN,NaN,NaN,NaN,NaN,NaN,NaN,0,NaN,35.90,36.10,NaN,NaN
3075.60,36.00,34.57,36.00,20.00,AUTO,0,NaN,NaN,NaN,NaN,NaN,NaN,NaN,NaN,NaN,NaN,0,NaN,35.90,36.10,NaN,NaN
3076.60,35.98,34.57,36.00,20.00,AUTO,0,NaN,NaN,NaN,NaN,NaN,NaN,NaN,NaN,NaN,NaN,0,NaN,35.90,36.10,NaN,NaN
3077.60,35.97,34.62,36.00,20.00,AUTO,0,NaN,NaN,NaN,NaN,NaN,NaN,NaN,NaN,NaN,NaN,0,NaN,35.90,36.10,NaN,NaN
3078.60,35.96,34.62,36.00,20.00,AUTO,0,NaN,NaN,NaN,NaN,NaN,NaN,NaN,NaN,NaN,NaN,0,NaN,35.90,36.10,NaN,NaN
3079.61,35.95,34.66,36.00,20.00,AUTO,0,NaN,NaN,NaN,NaN,NaN,NaN,NaN,NaN,NaN,NaN,0,NaN,35.90,36.10,NaN,NaN
3080.61,35.94,34.70,36.00,20.00,AUTO,0,NaN,NaN,NaN,NaN,NaN,NaN,NaN,NaN,NaN,NaN,0,NaN,35.90,36.10,NaN,NaN
3081.61,35.92,34.70,36.00,20.00,AUTO,0,NaN,NaN,NaN,NaN,NaN,NaN,NaN,NaN,NaN,NaN,0,NaN,35.90,36.10,NaN,NaN
3082.61,35.90,34.73,36.00,20.00,AUTO,0,NaN,NaN,NaN,NaN,NaN,NaN,NaN,NaN,NaN,NaN,0,NaN,35.90,36.10,NaN,NaN
3083.61,35.89,34.78,36.00,20.00,AUTO,0,NaN,NaN,NaN,NaN,NaN,NaN,NaN,NaN,NaN,NaN,1,NaN,35.90,36.10,NaN,NaN
3084.62,35.87,34.78,36.00,20.00,AUTO,0,NaN,NaN,NaN,NaN,NaN,NaN,NaN,NaN,NaN,NaN,1,NaN,35.90,36.10,NaN,NaN
3085.61,35.84,34.82,36.00,20.00,AUTO,0,NaN,NaN,NaN,NaN,NaN,NaN,NaN,NaN,NaN,NaN,1,NaN,35.90,36.10,NaN,NaN
3086.62,35.81,34.86,36.00,20.00,AUTO,0,NaN,NaN,NaN,NaN,NaN,NaN,NaN,NaN,NaN,NaN,1,NaN,35.90,36.10,NaN,NaN
3087.62,35.79,34.84,36.00,20.00,AUTO,0,NaN,NaN,NaN,NaN,NaN,NaN,NaN,NaN,NaN,NaN,1,NaN,35.90,36.10,NaN,NaN
3088.62,35.79,34.84,36.00,20.00,AUTO,0,NaN,NaN,NaN,NaN,NaN,NaN,NaN,NaN,NaN,NaN,1,NaN,35.90,36.10,NaN,NaN
3089.62,35.78,34.88,36.00,20.00,AUTO,0,NaN,NaN,NaN,NaN,NaN,NaN,NaN,NaN,NaN,NaN,1,NaN,35.90,36.10,NaN,NaN
3090.62,35.78,34.88,36.00,20.00,AUTO,0,NaN,NaN,NaN,NaN,NaN,NaN,NaN,NaN,NaN,NaN,1,NaN,35.90,36.10,NaN,NaN
3091.62,35.78,34.88,36.00,20.00,AUTO,0,NaN,NaN,NaN,NaN,NaN,NaN,NaN,NaN,NaN,NaN,1,NaN,35.90,36.10,NaN,NaN
3092.63,35.78,34.88,36.00,20.00,AUTO,0,NaN,NaN,NaN,NaN,NaN,NaN,NaN,NaN,NaN,NaN,1,NaN,35.90,36.10,NaN,NaN
3093.63,35.77,34.88,36.00,20.00,AUTO,0,NaN,NaN,NaN,NaN,NaN,NaN,NaN,NaN,NaN,NaN,1,NaN,35.90,36.10,NaN,NaN
3094.63,35.77,34.88,36.00,20.00,AUTO,0,NaN,NaN,NaN,NaN,NaN,NaN,NaN,NaN,NaN,NaN,1,NaN,35.90,36.10,NaN,NaN
3095.63,35.77,34.88,36.00,20.00,AUTO,0,NaN,NaN,NaN,NaN,NaN,NaN,NaN,NaN,NaN,NaN,1,NaN,35.90,36.10,NaN,NaN
3096.63,35.77,34.88,36.00,20.00,AUTO,0,NaN,NaN,NaN,NaN,NaN,NaN,NaN,NaN,NaN,NaN,1,NaN,35.90,36.10,NaN,NaN
3097.63,35.77,34.88,36.00,20.00,AUTO,0,NaN,NaN,NaN,NaN,NaN,NaN,NaN,NaN,NaN,NaN,1,NaN,35.90,36.10,NaN,NaN
3098.63,35.78,34.88,36.00,20.00,AUTO,0,NaN,NaN,NaN,NaN,NaN,NaN,NaN,NaN,NaN,NaN,1,NaN,35.90,36.10,NaN,NaN
3099.63,35.78,34.88,36.00,20.00,AUTO,0,NaN,NaN,NaN,NaN,NaN,NaN,NaN,NaN,NaN,NaN,1,NaN,35.90,36.10,NaN,NaN
3100.64,35.79,34.88,36.00,20.00,AUTO,0,NaN,NaN,NaN,NaN,NaN,NaN,NaN,NaN,NaN,NaN,1,NaN,35.90,36.10,NaN,NaN
3101.64,35.79,34.88,36.00,20.00,AUTO,0,NaN,NaN,NaN,NaN,NaN,NaN,NaN,NaN,NaN,NaN,1,NaN,35.90,36.10,NaN,NaN
3102.64,35.80,34.88,36.00,20.00,AUTO,0,NaN,NaN,NaN,NaN,NaN,NaN,NaN,NaN,NaN,NaN,1,NaN,35.90,36.10,NaN,NaN
3103.64,35.81,34.90,36.00,20.00,AUTO,0,NaN,NaN,NaN,NaN,NaN,NaN,NaN,NaN,NaN,NaN,1,NaN,35.90,36.10,NaN,NaN
3104.64,35.83,34.90,36.00,20.00,AUTO,0,NaN,NaN,NaN,NaN,NaN,NaN,NaN,NaN,NaN,NaN,1,NaN,35.90,36.10,NaN,NaN
3105.65,35.83,34.86,36.00,20.00,AUTO,0,NaN,NaN,NaN,NaN,NaN,NaN,NaN,NaN,NaN,NaN,1,NaN,35.90,36.10,NaN,NaN
3106.65,35.84,34.86,36.00,20.00,AUTO,0,NaN,NaN,NaN,NaN,NaN,NaN,NaN,NaN,NaN,NaN,1,NaN,35.90,36.10,NaN,NaN
3107.65,35.87,34.86,36.00,20.00,AUTO,0,NaN,NaN,NaN,NaN,NaN,NaN,NaN,NaN,NaN,NaN,1,NaN,35.90,36.10,NaN,NaN
3108.65,35.88,34.82,36.00,20.00,AUTO,0,NaN,NaN,NaN,NaN,NaN,NaN,NaN,NaN,NaN,NaN,1,NaN,35.90,36.10,NaN,NaN
3109.65,35.90,34.78,36.00,20.00,AUTO,0,NaN,NaN,NaN,NaN,NaN,NaN,NaN,NaN,NaN,NaN,1,NaN,35.90,36.10,NaN,NaN
3110.65,35.90,34.78,36.00,20.00,AUTO,0,NaN,NaN,NaN,NaN,NaN,NaN,NaN,NaN,NaN,NaN,1,NaN,35.90,36.10,NaN,NaN
3111.66,35.92,34.78,36.00,20.00,AUTO,0,NaN,NaN,NaN,NaN,NaN,NaN,NaN,NaN,NaN,NaN,1,NaN,35.90,36.10,NaN,NaN
3112.66,35.94,34.73,36.00,20.00,AUTO,0,NaN,NaN,NaN,NaN,NaN,NaN,NaN,NaN,NaN,NaN,1,NaN,35.90,36.10,NaN,NaN
3113.66,35.95,34.70,36.00,20.00,AUTO,0,NaN,NaN,NaN,NaN,NaN,NaN,NaN,NaN,NaN,NaN,1,NaN,35.90,36.10,NaN,NaN
3114.66,35.96,34.70,36.00,20.00,AUTO,0,NaN,NaN,NaN,NaN,NaN,NaN,NaN,NaN,NaN,NaN,1,NaN,35.90,36.10,NaN,NaN
3115.66,35.98,34.70,36.00,20.00,AUTO,0,NaN,NaN,NaN,NaN,NaN,NaN,NaN,NaN,NaN,NaN,1,NaN,35.90,36.10,NaN,NaN
3116.66,36.00,34.66,36.00,20.00,AUTO,0,NaN,NaN,NaN,NaN,NaN,NaN,NaN,NaN,NaN,NaN,1,NaN,35.90,36.10,NaN,NaN
3117.66,36.01,34.63,36.00,20.00,AUTO,0,NaN,NaN,NaN,NaN,NaN,NaN,NaN,NaN,NaN,NaN,1,NaN,35.90,36.10,NaN,NaN
3118.67,36.01,34.63,36.00,20.00,AUTO,0,NaN,NaN,NaN,NaN,NaN,NaN,NaN,NaN,NaN,NaN,1,NaN,35.90,36.10,NaN,NaN
3119.67,36.02,34.60,36.00,20.00,AUTO,0,NaN,NaN,NaN,NaN,NaN,NaN,NaN,NaN,NaN,NaN,1,NaN,35.90,36.10,NaN,NaN
3120.67,36.03,34.60,36.00,20.00,AUTO,0,NaN,NaN,NaN,NaN,NaN,NaN,NaN,NaN,NaN,NaN,1,NaN,35.90,36.10,NaN,NaN
3121.67,36.04,34.55,36.00,20.00,AUTO,0,NaN,NaN,NaN,NaN,NaN,NaN,NaN,NaN,NaN,NaN,1,NaN,35.90,36.10,NaN,NaN
3122.67,36.07,34.55,36.00,20.00,AUTO,0,NaN,NaN,NaN,NaN,NaN,NaN,NaN,NaN,NaN,NaN,1,NaN,35.90,36.10,NaN,NaN
3123.67,36.08,34.51,36.00,20.00,AUTO,0,NaN,NaN,NaN,NaN,NaN,NaN,NaN,NaN,NaN,NaN,1,NaN,35.90,36.10,NaN,NaN
3124.68,36.10,34.47,36.00,20.00,AUTO,0,NaN,NaN,NaN,NaN,NaN,NaN,NaN,NaN,NaN,NaN,1,NaN,35.90,36.10,NaN,NaN
3125.68,36.12,34.47,36.00,20.00,AUTO,0,NaN,NaN,NaN,NaN,NaN,NaN,NaN,NaN,NaN,NaN,0,NaN,35.90,36.10,NaN,NaN
3126.68,36.13,34.49,36.00,20.00,AUTO,0,NaN,NaN,NaN,NaN,NaN,NaN,NaN,NaN,NaN,NaN,0,NaN,35.90,36.10,NaN,NaN
3127.68,36.15,34.45,36.00,20.00,AUTO,0,NaN,NaN,NaN,NaN,NaN,NaN,NaN,NaN,NaN,NaN,0,NaN,35.90,36.10,NaN,NaN
3128.68,36.16,34.45,36.00,20.00,AUTO,0,NaN,NaN,NaN,NaN,NaN,NaN,NaN,NaN,NaN,NaN,0,NaN,35.90,36.10,NaN,NaN
3129.68,36.17,34.41,36.00,20.00,AUTO,0,NaN,NaN,NaN,NaN,NaN,NaN,NaN,NaN,NaN,NaN,0,NaN,35.90,36.10,NaN,NaN
3130.68,36.18,34.41,36.00,20.00,AUTO,0,NaN,NaN,NaN,NaN,NaN,NaN,NaN,NaN,NaN,NaN,0,NaN,35.90,36.10,NaN,NaN
3131.68,36.19,34.37,36.00,20.00,AUTO,0,NaN,NaN,NaN,NaN,NaN,NaN,NaN,NaN,NaN,NaN,0,NaN,35.90,36.10,NaN,NaN
3132.69,36.21,34.37,36.00,20.00,AUTO,0,NaN,NaN,NaN,NaN,NaN,NaN,NaN,NaN,NaN,NaN,0,NaN,35.90,36.10,NaN,NaN
3133.69,36.21,34.37,36.00,20.00,AUTO,0,NaN,NaN,NaN,NaN,NaN,NaN,NaN,NaN,NaN,NaN,0,NaN,35.90,36.10,NaN,NaN
3134.69,36.22,34.33,36.00,20.00,AUTO,0,NaN,NaN,NaN,NaN,NaN,NaN,NaN,NaN,NaN,NaN,0,NaN,35.90,36.10,NaN,NaN
3135.69,36.22,34.33,36.00,20.00,AUTO,0,NaN,NaN,NaN,NaN,NaN,NaN,NaN,NaN,NaN,NaN,0,NaN,35.90,36.10,NaN,NaN
3136.69,36.22,34.33,36.00,20.00,AUTO,0,NaN,NaN,NaN,NaN,NaN,NaN,NaN,NaN,NaN,NaN,0,NaN,35.90,36.10,NaN,NaN
3137.70,36.21,34.28,36.00,20.00,AUTO,0,NaN,NaN,NaN,NaN,NaN,NaN,NaN,NaN,NaN,NaN,0,NaN,35.90,36.10,NaN,NaN
3138.70,36.21,34.28,36.00,20.00,AUTO,0,NaN,NaN,NaN,NaN,NaN,NaN,NaN,NaN,NaN,NaN,0,NaN,35.90,36.10,NaN,NaN
3139.70,36.21,34.28,36.00,20.00,AUTO,0,NaN,NaN,NaN,NaN,NaN,NaN,NaN,NaN,NaN,NaN,0,NaN,35.90,36.10,NaN,NaN
3140.70,36.19,34.28,36.00,20.00,AUTO,0,NaN,NaN,NaN,NaN,NaN,NaN,NaN,NaN,NaN,NaN,0,NaN,35.90,36.10,NaN,NaN
3141.70,36.19,34.28,36.00,20.00,AUTO,0,NaN,NaN,NaN,NaN,NaN,NaN,NaN,NaN,NaN,NaN,0,NaN,35.90,36.10,NaN,NaN
3142.70,36.18,34.28,36.00,20.00,AUTO,0,NaN,NaN,NaN,NaN,NaN,NaN,NaN,NaN,NaN,NaN,0,NaN,35.90,36.10,NaN,NaN
3143.71,36.17,34.28,36.00,20.00,AUTO,0,NaN,NaN,NaN,NaN,NaN,NaN,NaN,NaN,NaN,NaN,0,NaN,35.90,36.10,NaN,NaN
3144.71,36.16,34.33,36.00,20.00,AUTO,0,NaN,NaN,NaN,NaN,NaN,NaN,NaN,NaN,NaN,NaN,0,NaN,35.90,36.10,NaN,NaN
3145.71,36.16,34.33,36.00,20.00,AUTO,0,NaN,NaN,NaN,NaN,NaN,NaN,NaN,NaN,NaN,NaN,0,NaN,35.90,36.10,NaN,NaN
3146.71,36.15,34.37,36.00,20.00,AUTO,0,NaN,NaN,NaN,NaN,NaN,NaN,NaN,NaN,NaN,NaN,0,NaN,35.90,36.10,NaN,NaN
3147.71,36.14,34.37,36.00,20.00,AUTO,0,NaN,NaN,NaN,NaN,NaN,NaN,NaN,NaN,NaN,NaN,0,NaN,35.90,36.10,NaN,NaN
3148.72,36.13,34.41,36.00,20.00,AUTO,0,NaN,NaN,NaN,NaN,NaN,NaN,NaN,NaN,NaN,NaN,0,NaN,35.90,36.10,NaN,NaN
3149.71,36.13,34.39,36.00,20.00,AUTO,0,NaN,NaN,NaN,NaN,NaN,NaN,NaN,NaN,NaN,NaN,0,NaN,35.90,36.10,NaN,NaN
3150.71,36.12,34.39,36.00,20.00,AUTO,0,NaN,NaN,NaN,NaN,NaN,NaN,NaN,NaN,NaN,NaN,0,NaN,35.90,36.10,NaN,NaN
3151.72,36.11,34.43,36.00,20.00,AUTO,0,NaN,NaN,NaN,NaN,NaN,NaN,NaN,NaN,NaN,NaN,0,NaN,35.90,36.10,NaN,NaN
3152.72,36.10,34.43,36.00,20.00,AUTO,0,NaN,NaN,NaN,NaN,NaN,NaN,NaN,NaN,NaN,NaN,0,NaN,35.90,36.10,NaN,NaN
3153.72,36.09,34.47,36.00,20.00,AUTO,0,NaN,NaN,NaN,NaN,NaN,NaN,NaN,NaN,NaN,NaN,0,NaN,35.90,36.10,NaN,NaN
3154.72,36.08,34.47,36.00,20.00,AUTO,0,NaN,NaN,NaN,NaN,NaN,NaN,NaN,NaN,NaN,NaN,0,NaN,35.90,36.10,NaN,NaN
3155.72,36.07,34.47,36.00,20.00,AUTO,0,NaN,NaN,NaN,NaN,NaN,NaN,NaN,NaN,NaN,NaN,0,NaN,35.90,36.10,NaN,NaN
3156.73,36.04,34.51,36.00,20.00,AUTO,0,NaN,NaN,NaN,NaN,NaN,NaN,NaN,NaN,NaN,NaN,0,NaN,35.90,36.10,NaN,NaN
3157.73,36.03,34.55,36.00,20.00,AUTO,0,NaN,NaN,NaN,NaN,NaN,NaN,NaN,NaN,NaN,NaN,0,NaN,35.90,36.10,NaN,NaN
3158.73,36.02,34.60,36.00,20.00,AUTO,0,NaN,NaN,NaN,NaN,NaN,NaN,NaN,NaN,NaN,NaN,0,NaN,35.90,36.10,NaN,NaN
3159.73,36.01,34.60,36.00,20.00,AUTO,0,NaN,NaN,NaN,NaN,NaN,NaN,NaN,NaN,NaN,NaN,0,NaN,35.90,36.10,NaN,NaN
3160.73,36.00,34.63,36.00,20.00,AUTO,0,NaN,NaN,NaN,NaN,NaN,NaN,NaN,NaN,NaN,NaN,0,NaN,35.90,36.10,NaN,NaN
3161.73,35.99,34.62,36.00,20.00,AUTO,0,NaN,NaN,NaN,NaN,NaN,NaN,NaN,NaN,NaN,NaN,0,NaN,35.90,36.10,NaN,NaN
3162.73,35.98,34.62,36.00,20.00,AUTO,0,NaN,NaN,NaN,NaN,NaN,NaN,NaN,NaN,NaN,NaN,0,NaN,35.90,36.10,NaN,NaN
3163.73,35.96,34.66,36.00,20.00,AUTO,0,NaN,NaN,NaN,NaN,NaN,NaN,NaN,NaN,NaN,NaN,0,NaN,35.90,36.10,NaN,NaN
3164.74,35.96,34.70,36.00,20.00,AUTO,0,NaN,NaN,NaN,NaN,NaN,NaN,NaN,NaN,NaN,NaN,0,NaN,35.90,36.10,NaN,NaN
3165.74,35.94,34.70,36.00,20.00,AUTO,0,NaN,NaN,NaN,NaN,NaN,NaN,NaN,NaN,NaN,NaN,0,NaN,35.90,36.10,NaN,NaN
3166.74,35.93,34.70,36.00,20.00,AUTO,0,NaN,NaN,NaN,NaN,NaN,NaN,NaN,NaN,NaN,NaN,0,NaN,35.90,36.10,NaN,NaN
3167.74,35.90,34.70,36.00,20.00,AUTO,0,NaN,NaN,NaN,NaN,NaN,NaN,NaN,NaN,NaN,NaN,0,NaN,35.90,36.10,NaN,NaN
3168.74,35.90,34.73,36.00,20.00,AUTO,0,NaN,NaN,NaN,NaN,NaN,NaN,NaN,NaN,NaN,NaN,0,NaN,35.90,36.10,NaN,NaN
3169.75,35.88,34.78,36.00,20.00,AUTO,0,NaN,NaN,NaN,NaN,NaN,NaN,NaN,NaN,NaN,NaN,1,NaN,35.90,36.10,NaN,NaN
3170.75,35.85,34.78,36.00,20.00,AUTO,0,NaN,NaN,NaN,NaN,NaN,NaN,NaN,NaN,NaN,NaN,1,NaN,35.90,36.10,NaN,NaN
3171.75,35.83,34.82,36.00,20.00,AUTO,0,NaN,NaN,NaN,NaN,NaN,NaN,NaN,NaN,NaN,NaN,1,NaN,35.90,36.10,NaN,NaN
3172.75,35.80,34.84,36.00,20.00,AUTO,0,NaN,NaN,NaN,NaN,NaN,NaN,NaN,NaN,NaN,NaN,1,NaN,35.90,36.10,NaN,NaN
3173.75,35.78,34.84,36.00,20.00,AUTO,0,NaN,NaN,NaN,NaN,NaN,NaN,NaN,NaN,NaN,NaN,1,NaN,35.90,36.10,NaN,NaN
3174.75,35.77,34.88,36.00,20.00,AUTO,0,NaN,NaN,NaN,NaN,NaN,NaN,NaN,NaN,NaN,NaN,1,NaN,35.90,36.10,NaN,NaN
3175.76,35.75,34.88,36.00,20.00,AUTO,0,NaN,NaN,NaN,NaN,NaN,NaN,NaN,NaN,NaN,NaN,1,NaN,35.90,36.10,NaN,NaN
3176.76,35.75,34.88,36.00,20.00,AUTO,0,NaN,NaN,NaN,NaN,NaN,NaN,NaN,NaN,NaN,NaN,1,NaN,35.90,36.10,NaN,NaN
3177.76,35.75,34.88,36.00,20.00,AUTO,0,NaN,NaN,NaN,NaN,NaN,NaN,NaN,NaN,NaN,NaN,1,NaN,35.90,36.10,NaN,NaN
3178.76,35.74,34.92,36.00,20.00,AUTO,0,NaN,NaN,NaN,NaN,NaN,NaN,NaN,NaN,NaN,NaN,1,NaN,35.90,36.10,NaN,NaN
3179.76,35.75,34.92,36.00,20.00,AUTO,0,NaN,NaN,NaN,NaN,NaN,NaN,NaN,NaN,NaN,NaN,1,NaN,35.90,36.10,NaN,NaN
3180.76,35.75,34.92,36.00,20.00,AUTO,0,NaN,NaN,NaN,NaN,NaN,NaN,NaN,NaN,NaN,NaN,1,NaN,35.90,36.10,NaN,NaN
3181.76,35.75,34.92,36.00,20.00,AUTO,0,NaN,NaN,NaN,NaN,NaN,NaN,NaN,NaN,NaN,NaN,1,NaN,35.90,36.10,NaN,NaN
3182.76,35.75,34.92,36.00,20.00,AUTO,0,NaN,NaN,NaN,NaN,NaN,NaN,NaN,NaN,NaN,NaN,1,NaN,35.90,36.10,NaN,NaN
3183.77,35.77,34.92,36.00,20.00,AUTO,0,NaN,NaN,NaN,NaN,NaN,NaN,NaN,NaN,NaN,NaN,1,NaN,35.90,36.10,NaN,NaN
3184.77,35.77,34.92,36.00,20.00,AUTO,0,NaN,NaN,NaN,NaN,NaN,NaN,NaN,NaN,NaN,NaN,1,NaN,35.90,36.10,NaN,NaN
3185.77,35.77,34.92,36.00,20.00,AUTO,0,NaN,NaN,NaN,NaN,NaN,NaN,NaN,NaN,NaN,NaN,1,NaN,35.90,36.10,NaN,NaN
3186.77,35.77,34.92,36.00,20.00,AUTO,0,NaN,NaN,NaN,NaN,NaN,NaN,NaN,NaN,NaN,NaN,1,NaN,35.90,36.10,NaN,NaN
3187.77,35.78,34.92,36.00,20.00,AUTO,0,NaN,NaN,NaN,NaN,NaN,NaN,NaN,NaN,NaN,NaN,1,NaN,35.90,36.10,NaN,NaN
3188.77,35.78,34.92,36.00,20.00,AUTO,0,NaN,NaN,NaN,NaN,NaN,NaN,NaN,NaN,NaN,NaN,1,NaN,35.90,36.10,NaN,NaN
3189.78,35.79,34.92,36.00,20.00,AUTO,0,NaN,NaN,NaN,NaN,NaN,NaN,NaN,NaN,NaN,NaN,1,NaN,35.90,36.10,NaN,NaN
3190.78,35.79,34.88,36.00,20.00,AUTO,0,NaN,NaN,NaN,NaN,NaN,NaN,NaN,NaN,NaN,NaN,1,NaN,35.90,36.10,NaN,NaN
3191.78,35.81,34.90,36.00,20.00,AUTO,0,NaN,NaN,NaN,NaN,NaN,NaN,NaN,NaN,NaN,NaN,1,NaN,35.90,36.10,NaN,NaN
3192.78,35.82,34.90,36.00,20.00,AUTO,0,NaN,NaN,NaN,NaN,NaN,NaN,NaN,NaN,NaN,NaN,1,NaN,35.90,36.10,NaN,NaN
3193.78,35.83,34.90,36.00,20.00,AUTO,0,NaN,NaN,NaN,NaN,NaN,NaN,NaN,NaN,NaN,NaN,1,NaN,35.90,36.10,NaN,NaN
3194.79,35.84,34.90,36.00,20.00,AUTO,0,NaN,NaN,NaN,NaN,NaN,NaN,NaN,NaN,NaN,NaN,1,NaN,35.90,36.10,NaN,NaN
3195.78,35.86,34.86,36.00,20.00,AUTO,0,NaN,NaN,NaN,NaN,NaN,NaN,NaN,NaN,NaN,NaN,1,NaN,35.90,36.10,NaN,NaN
3196.79,35.87,34.86,36.00,20.00,AUTO,0,NaN,NaN,NaN,NaN,NaN,NaN,NaN,NaN,NaN,NaN,1,NaN,35.90,36.10,NaN,NaN
3197.79,35.90,34.86,36.00,20.00,AUTO,0,NaN,NaN,NaN,NaN,NaN,NaN,NaN,NaN,NaN,NaN,1,NaN,35.90,36.10,NaN,NaN
3198.79,35.90,34.82,36.00,20.00,AUTO,0,NaN,NaN,NaN,NaN,NaN,NaN,NaN,NaN,NaN,NaN,1,NaN,35.90,36.10,NaN,NaN
3199.79,35.90,34.78,36.00,20.00,AUTO,0,NaN,NaN,NaN,NaN,NaN,NaN,NaN,NaN,NaN,NaN,1,NaN,35.90,36.10,NaN,NaN
3200.79,35.90,34.78,36.00,20.00,AUTO,0,NaN,NaN,NaN,NaN,NaN,NaN,NaN,NaN,NaN,NaN,1,NaN,35.90,36.10,NaN,NaN
3201.80,35.92,34.78,36.00,20.00,AUTO,0,NaN,NaN,NaN,NaN,NaN,NaN,NaN,NaN,NaN,NaN,1,NaN,35.90,36.10,NaN,NaN
3202.80,35.94,34.73,36.00,20.00,AUTO,0,NaN,NaN,NaN,NaN,NaN,NaN,NaN,NaN,NaN,NaN,1,NaN,35.90,36.10,NaN,NaN
3203.80,35.95,34.73,36.00,20.00,AUTO,0,NaN,NaN,NaN,NaN,NaN,NaN,NaN,NaN,NaN,NaN,1,NaN,35.90,36.10,NaN,NaN
3204.80,35.97,34.70,36.00,20.00,AUTO,0,NaN,NaN,NaN,NaN,NaN,NaN,NaN,NaN,NaN,NaN,1,NaN,35.90,36.10,NaN,NaN
3205.80,35.98,34.70,36.00,20.00,AUTO,0,NaN,NaN,NaN,NaN,NaN,NaN,NaN,NaN,NaN,NaN,1,NaN,35.90,36.10,NaN,NaN
3206.80,35.99,34.66,36.00,20.00,AUTO,0,NaN,NaN,NaN,NaN,NaN,NaN,NaN,NaN,NaN,NaN,1,NaN,35.90,36.10,NaN,NaN
3207.81,36.00,34.67,36.00,20.00,AUTO,0,NaN,NaN,NaN,NaN,NaN,NaN,NaN,NaN,NaN,NaN,1,NaN,35.90,36.10,NaN,NaN
3208.80,36.01,34.63,36.00,20.00,AUTO,0,NaN,NaN,NaN,NaN,NaN,NaN,NaN,NaN,NaN,NaN,1,NaN,35.90,36.10,NaN,NaN
3209.81,36.03,34.63,36.00,20.00,AUTO,0,NaN,NaN,NaN,NaN,NaN,NaN,NaN,NaN,NaN,NaN,1,NaN,35.90,36.10,NaN,NaN
3210.81,36.06,34.60,36.00,20.00,AUTO,0,NaN,NaN,NaN,NaN,NaN,NaN,NaN,NaN,NaN,NaN,1,NaN,35.90,36.10,NaN,NaN
3211.81,36.08,34.55,36.00,20.00,AUTO,0,NaN,NaN,NaN,NaN,NaN,NaN,NaN,NaN,NaN,NaN,1,NaN,35.90,36.10,NaN,NaN
3212.82,36.10,34.51,36.00,20.00,AUTO,0,NaN,NaN,NaN,NaN,NaN,NaN,NaN,NaN,NaN,NaN,1,NaN,35.90,36.10,NaN,NaN
3213.81,36.12,34.47,36.00,20.00,AUTO,0,NaN,NaN,NaN,NaN,NaN,NaN,NaN,NaN,NaN,NaN,0,NaN,35.90,36.10,NaN,NaN
3214.81,36.15,34.49,36.00,20.00,AUTO,0,NaN,NaN,NaN,NaN,NaN,NaN,NaN,NaN,NaN,NaN,0,NaN,35.90,36.10,NaN,NaN
3215.82,36.16,34.45,36.00,20.00,AUTO,0,NaN,NaN,NaN,NaN,NaN,NaN,NaN,NaN,NaN,NaN,0,NaN,35.90,36.10,NaN,NaN
3216.82,36.17,34.45,36.00,20.00,AUTO,0,NaN,NaN,NaN,NaN,NaN,NaN,NaN,NaN,NaN,NaN,0,NaN,35.90,36.10,NaN,NaN
3217.82,36.18,34.45,36.00,20.00,AUTO,0,NaN,NaN,NaN,NaN,NaN,NaN,NaN,NaN,NaN,NaN,0,NaN,35.90,36.10,NaN,NaN
3218.82,36.18,34.41,36.00,20.00,AUTO,0,NaN,NaN,NaN,NaN,NaN,NaN,NaN,NaN,NaN,NaN,0,NaN,35.90,36.10,NaN,NaN
3219.82,36.19,34.41,36.00,20.00,AUTO,0,NaN,NaN,NaN,NaN,NaN,NaN,NaN,NaN,NaN,NaN,0,NaN,35.90,36.10,NaN,NaN
3220.82,36.19,34.37,36.00,20.00,AUTO,0,NaN,NaN,NaN,NaN,NaN,NaN,NaN,NaN,NaN,NaN,0,NaN,35.90,36.10,NaN,NaN
3221.83,36.19,34.37,36.00,20.00,AUTO,0,NaN,NaN,NaN,NaN,NaN,NaN,NaN,NaN,NaN,NaN,0,NaN,35.90,36.10,NaN,NaN
3222.82,36.19,34.37,36.00,20.00,AUTO,0,NaN,NaN,NaN,NaN,NaN,NaN,NaN,NaN,NaN,NaN,0,NaN,35.90,36.10,NaN,NaN
3223.83,36.19,34.37,36.00,20.00,AUTO,0,NaN,NaN,NaN,NaN,NaN,NaN,NaN,NaN,NaN,NaN,0,NaN,35.90,36.10,NaN,NaN
3224.83,36.18,34.37,36.00,20.00,AUTO,0,NaN,NaN,NaN,NaN,NaN,NaN,NaN,NaN,NaN,NaN,0,NaN,35.90,36.10,NaN,NaN
3225.83,36.17,34.37,36.00,20.00,AUTO,0,NaN,NaN,NaN,NaN,NaN,NaN,NaN,NaN,NaN,NaN,0,NaN,35.90,36.10,NaN,NaN
3226.83,36.17,34.37,36.00,20.00,AUTO,0,NaN,NaN,NaN,NaN,NaN,NaN,NaN,NaN,NaN,NaN,0,NaN,35.90,36.10,NaN,NaN
3227.83,36.16,34.37,36.00,20.00,AUTO,0,NaN,NaN,NaN,NaN,NaN,NaN,NaN,NaN,NaN,NaN,0,NaN,35.90,36.10,NaN,NaN
3228.84,36.15,34.37,36.00,20.00,AUTO,0,NaN,NaN,NaN,NaN,NaN,NaN,NaN,NaN,NaN,NaN,0,NaN,35.90,36.10,NaN,NaN
3229.84,36.15,34.37,36.00,20.00,AUTO,0,NaN,NaN,NaN,NaN,NaN,NaN,NaN,NaN,NaN,NaN,0,NaN,35.90,36.10,NaN,NaN
3230.84,36.14,34.41,36.00,20.00,AUTO,0,NaN,NaN,NaN,NaN,NaN,NaN,NaN,NaN,NaN,NaN,0,NaN,35.90,36.10,NaN,NaN
3231.84,36.14,34.41,36.00,20.00,AUTO,0,NaN,NaN,NaN,NaN,NaN,NaN,NaN,NaN,NaN,NaN,0,NaN,35.90,36.10,NaN,NaN
3232.84,36.13,34.43,36.00,20.00,AUTO,0,NaN,NaN,NaN,NaN,NaN,NaN,NaN,NaN,NaN,NaN,0,NaN,35.90,36.10,NaN,NaN
3233.84,36.13,34.43,36.00,20.00,AUTO,0,NaN,NaN,NaN,NaN,NaN,NaN,NaN,NaN,NaN,NaN,0,NaN,35.90,36.10,NaN,NaN
3234.85,36.12,34.43,36.00,20.00,AUTO,0,NaN,NaN,NaN,NaN,NaN,NaN,NaN,NaN,NaN,NaN,0,NaN,35.90,36.10,NaN,NaN
3235.85,36.11,34.47,36.00,20.00,AUTO,0,NaN,NaN,NaN,NaN,NaN,NaN,NaN,NaN,NaN,NaN,0,NaN,35.90,36.10,NaN,NaN
3236.85,36.10,34.47,36.00,20.00,AUTO,0,NaN,NaN,NaN,NaN,NaN,NaN,NaN,NaN,NaN,NaN,0,NaN,35.90,36.10,NaN,NaN
3237.85,36.09,34.47,36.00,20.00,AUTO,0,NaN,NaN,NaN,NaN,NaN,NaN,NaN,NaN,NaN,NaN,0,NaN,35.90,36.10,NaN,NaN
3238.85,36.08,34.47,36.00,20.00,AUTO,0,NaN,NaN,NaN,NaN,NaN,NaN,NaN,NaN,NaN,NaN,0,NaN,35.90,36.10,NaN,NaN
3239.86,36.07,34.51,36.00,20.00,AUTO,0,NaN,NaN,NaN,NaN,NaN,NaN,NaN,NaN,NaN,NaN,0,NaN,35.90,36.10,NaN,NaN
3240.85,36.06,34.51,36.00,20.00,AUTO,0,NaN,NaN,NaN,NaN,NaN,NaN,NaN,NaN,NaN,NaN,0,NaN,35.90,36.10,NaN,NaN
3241.86,36.04,34.55,36.00,20.00,AUTO,0,NaN,NaN,NaN,NaN,NaN,NaN,NaN,NaN,NaN,NaN,0,NaN,35.90,36.10,NaN,NaN
3242.86,36.03,34.55,36.00,20.00,AUTO,0,NaN,NaN,NaN,NaN,NaN,NaN,NaN,NaN,NaN,NaN,0,NaN,35.90,36.10,NaN,NaN
3243.86,36.02,34.55,36.00,20.00,AUTO,0,NaN,NaN,NaN,NaN,NaN,NaN,NaN,NaN,NaN,NaN,0,NaN,35.90,36.10,NaN,NaN
3244.86,36.01,34.60,36.00,20.00,AUTO,0,NaN,NaN,NaN,NaN,NaN,NaN,NaN,NaN,NaN,NaN,0,NaN,35.90,36.10,NaN,NaN
3245.86,36.00,34.57,36.00,20.00,AUTO,0,NaN,NaN,NaN,NaN,NaN,NaN,NaN,NaN,NaN,NaN,0,NaN,35.90,36.10,NaN,NaN
3246.86,35.99,34.62,36.00,20.00,AUTO,0,NaN,NaN,NaN,NaN,NaN,NaN,NaN,NaN,NaN,NaN,0,NaN,35.90,36.10,NaN,NaN
3247.87,35.97,34.66,36.00,20.00,AUTO,0,NaN,NaN,NaN,NaN,NaN,NaN,NaN,NaN,NaN,NaN,0,NaN,35.90,36.10,NaN,NaN
3248.87,35.96,34.66,36.00,20.00,AUTO,0,NaN,NaN,NaN,NaN,NaN,NaN,NaN,NaN,NaN,NaN,0,NaN,35.90,36.10,NaN,NaN
3249.87,35.95,34.70,36.00,20.00,AUTO,0,NaN,NaN,NaN,NaN,NaN,NaN,NaN,NaN,NaN,NaN,0,NaN,35.90,36.10,NaN,NaN
3250.87,35.94,34.70,36.00,20.00,AUTO,0,NaN,NaN,NaN,NaN,NaN,NaN,NaN,NaN,NaN,NaN,0,NaN,35.90,36.10,NaN,NaN
3251.87,35.93,34.70,36.00,20.00,AUTO,0,NaN,NaN,NaN,NaN,NaN,NaN,NaN,NaN,NaN,NaN,0,NaN,35.90,36.10,NaN,NaN
3252.87,35.92,34.73,36.00,20.00,AUTO,0,NaN,NaN,NaN,NaN,NaN,NaN,NaN,NaN,NaN,NaN,0,NaN,35.90,36.10,NaN,NaN
3253.88,35.89,34.78,36.00,20.00,AUTO,0,NaN,NaN,NaN,NaN,NaN,NaN,NaN,NaN,NaN,NaN,1,NaN,35.90,36.10,NaN,NaN
3254.87,35.87,34.78,36.00,20.00,AUTO,0,NaN,NaN,NaN,NaN,NaN,NaN,NaN,NaN,NaN,NaN,1,NaN,35.90,36.10,NaN,NaN
3255.88,35.84,34.78,36.00,20.00,AUTO,0,NaN,NaN,NaN,NaN,NaN,NaN,NaN,NaN,NaN,NaN,1,NaN,35.90,36.10,NaN,NaN
3256.88,35.81,34.82,36.00,20.00,AUTO,0,NaN,NaN,NaN,NaN,NaN,NaN,NaN,NaN,NaN,NaN,1,NaN,35.90,36.10,NaN,NaN
3257.88,35.80,34.84,36.00,20.00,AUTO,0,NaN,NaN,NaN,NaN,NaN,NaN,NaN,NaN,NaN,NaN,1,NaN,35.90,36.10,NaN,NaN
3258.88,35.79,34.84,36.00,20.00,AUTO,0,NaN,NaN,NaN,NaN,NaN,NaN,NaN,NaN,NaN,NaN,1,NaN,35.90,36.10,NaN,NaN
3259.88,35.79,34.88,36.00,20.00,AUTO,0,NaN,NaN,NaN,NaN,NaN,NaN,NaN,NaN,NaN,NaN,1,NaN,35.90,36.10,NaN,NaN
3260.89,35.79,34.88,36.00,20.00,AUTO,0,NaN,NaN,NaN,NaN,NaN,NaN,NaN,NaN,NaN,NaN,1,NaN,35.90,36.10,NaN,NaN
3261.92,35.79,34.88,36.00,20.00,AUTO,0,NaN,NaN,NaN,NaN,NaN,NaN,NaN,NaN,NaN,NaN,1,NaN,35.90,36.10,NaN,NaN
3262.89,35.79,34.88,36.00,20.00,AUTO,0,NaN,NaN,NaN,NaN,NaN,NaN,NaN,NaN,NaN,NaN,1,NaN,35.90,36.10,NaN,NaN
3263.89,35.79,34.88,36.00,20.00,AUTO,0,NaN,NaN,NaN,NaN,NaN,NaN,NaN,NaN,NaN,NaN,1,NaN,35.90,36.10,NaN,NaN
3264.89,35.79,34.88,36.00,20.00,AUTO,0,NaN,NaN,NaN,NaN,NaN,NaN,NaN,NaN,NaN,NaN,1,NaN,35.90,36.10,NaN,NaN
3265.89,35.79,34.88,36.00,20.00,AUTO,0,NaN,NaN,NaN,NaN,NaN,NaN,NaN,NaN,NaN,NaN,1,NaN,35.90,36.10,NaN,NaN
3266.90,35.79,34.88,36.00,20.00,AUTO,0,NaN,NaN,NaN,NaN,NaN,NaN,NaN,NaN,NaN,NaN,1,NaN,35.90,36.10,NaN,NaN
3267.90,35.79,34.88,36.00,20.00,AUTO,0,NaN,NaN,NaN,NaN,NaN,NaN,NaN,NaN,NaN,NaN,1,NaN,35.90,36.10,NaN,NaN
3268.90,35.78,34.88,36.00,20.00,AUTO,0,NaN,NaN,NaN,NaN,NaN,NaN,NaN,NaN,NaN,NaN,1,NaN,35.90,36.10,NaN,NaN
3269.90,35.79,34.88,36.00,20.00,AUTO,0,NaN,NaN,NaN,NaN,NaN,NaN,NaN,NaN,NaN,NaN,1,NaN,35.90,36.10,NaN,NaN
3270.90,35.81,34.88,36.00,20.00,AUTO,0,NaN,NaN,NaN,NaN,NaN,NaN,NaN,NaN,NaN,NaN,1,NaN,35.90,36.10,NaN,NaN
3271.90,35.81,34.90,36.00,20.00,AUTO,0,NaN,NaN,NaN,NaN,NaN,NaN,NaN,NaN,NaN,NaN,1,NaN,35.90,36.10,NaN,NaN
3272.90,35.83,34.90,36.00,20.00,AUTO,0,NaN,NaN,NaN,NaN,NaN,NaN,NaN,NaN,NaN,NaN,1,NaN,35.90,36.10,NaN,NaN
3273.90,35.85,34.90,36.00,20.00,AUTO,0,NaN,NaN,NaN,NaN,NaN,NaN,NaN,NaN,NaN,NaN,1,NaN,35.90,36.10,NaN,NaN
3274.91,35.85,34.90,36.00,20.00,AUTO,0,NaN,NaN,NaN,NaN,NaN,NaN,NaN,NaN,NaN,NaN,1,NaN,35.90,36.10,NaN,NaN
3275.91,35.87,34.86,36.00,20.00,AUTO,0,NaN,NaN,NaN,NaN,NaN,NaN,NaN,NaN,NaN,NaN,1,NaN,35.90,36.10,NaN,NaN
3276.91,35.88,34.86,36.00,20.00,AUTO,0,NaN,NaN,NaN,NaN,NaN,NaN,NaN,NaN,NaN,NaN,1,NaN,35.90,36.10,NaN,NaN
3277.91,35.89,34.86,36.00,20.00,AUTO,0,NaN,NaN,NaN,NaN,NaN,NaN,NaN,NaN,NaN,NaN,1,NaN,35.90,36.10,NaN,NaN
3278.91,35.92,34.82,36.00,20.00,AUTO,0,NaN,NaN,NaN,NaN,NaN,NaN,NaN,NaN,NaN,NaN,1,NaN,35.90,36.10,NaN,NaN
3279.92,35.93,34.78,36.00,20.00,AUTO,0,NaN,NaN,NaN,NaN,NaN,NaN,NaN,NaN,NaN,NaN,1,NaN,35.90,36.10,NaN,NaN
3280.92,35.94,34.78,36.00,20.00,AUTO,0,NaN,NaN,NaN,NaN,NaN,NaN,NaN,NaN,NaN,NaN,1,NaN,35.90,36.10,NaN,NaN
3281.92,35.95,34.73,36.00,20.00,AUTO,0,NaN,NaN,NaN,NaN,NaN,NaN,NaN,NaN,NaN,NaN,1,NaN,35.90,36.10,NaN,NaN
3282.92,35.96,34.73,36.00,20.00,AUTO,0,NaN,NaN,NaN,NaN,NaN,NaN,NaN,NaN,NaN,NaN,1,NaN,35.90,36.10,NaN,NaN
3283.92,35.96,34.70,36.00,20.00,AUTO,0,NaN,NaN,NaN,NaN,NaN,NaN,NaN,NaN,NaN,NaN,1,NaN,35.90,36.10,NaN,NaN
3284.92,35.98,34.70,36.00,20.00,AUTO,0,NaN,NaN,NaN,NaN,NaN,NaN,NaN,NaN,NaN,NaN,1,NaN,35.90,36.10,NaN,NaN
3285.93,35.99,34.70,36.00,20.00,AUTO,0,NaN,NaN,NaN,NaN,NaN,NaN,NaN,NaN,NaN,NaN,1,NaN,35.90,36.10,NaN,NaN
3286.93,36.00,34.67,36.00,20.00,AUTO,0,NaN,NaN,NaN,NaN,NaN,NaN,NaN,NaN,NaN,NaN,1,NaN,35.90,36.10,NaN,NaN
3287.93,36.00,34.63,36.00,20.00,AUTO,0,NaN,NaN,NaN,NaN,NaN,NaN,NaN,NaN,NaN,NaN,1,NaN,35.90,36.10,NaN,NaN
3288.93,36.01,34.63,36.00,20.00,AUTO,0,NaN,NaN,NaN,NaN,NaN,NaN,NaN,NaN,NaN,NaN,1,NaN,35.90,36.10,NaN,NaN
3289.93,36.01,34.63,36.00,20.00,AUTO,0,NaN,NaN,NaN,NaN,NaN,NaN,NaN,NaN,NaN,NaN,1,NaN,35.90,36.10,NaN,NaN
3290.93,36.03,34.60,36.00,20.00,AUTO,0,NaN,NaN,NaN,NaN,NaN,NaN,NaN,NaN,NaN,NaN,1,NaN,35.90,36.10,NaN,NaN
3291.93,36.04,34.60,36.00,20.00,AUTO,0,NaN,NaN,NaN,NaN,NaN,NaN,NaN,NaN,NaN,NaN,1,NaN,35.90,36.10,NaN,NaN
3292.94,36.06,34.60,36.00,20.00,AUTO,0,NaN,NaN,NaN,NaN,NaN,NaN,NaN,NaN,NaN,NaN,1,NaN,35.90,36.10,NaN,NaN
3293.94,36.08,34.55,36.00,20.00,AUTO,0,NaN,NaN,NaN,NaN,NaN,NaN,NaN,NaN,NaN,NaN,1,NaN,35.90,36.10,NaN,NaN
3294.94,36.09,34.51,36.00,20.00,AUTO,0,NaN,NaN,NaN,NaN,NaN,NaN,NaN,NaN,NaN,NaN,1,NaN,35.90,36.10,NaN,NaN
3295.94,36.10,34.51,36.00,20.00,AUTO,0,NaN,NaN,NaN,NaN,NaN,NaN,NaN,NaN,NaN,NaN,1,NaN,35.90,36.10,NaN,NaN
3296.94,36.12,34.47,36.00,20.00,AUTO,0,NaN,NaN,NaN,NaN,NaN,NaN,NaN,NaN,NaN,NaN,0,NaN,35.90,36.10,NaN,NaN
3297.94,36.14,34.49,36.00,20.00,AUTO,0,NaN,NaN,NaN,NaN,NaN,NaN,NaN,NaN,NaN,NaN,0,NaN,35.90,36.10,NaN,NaN
3298.95,36.16,34.49,36.00,20.00,AUTO,0,NaN,NaN,NaN,NaN,NaN,NaN,NaN,NaN,NaN,NaN,0,NaN,35.90,36.10,NaN,NaN
3299.95,36.16,34.45,36.00,20.00,AUTO,0,NaN,NaN,NaN,NaN,NaN,NaN,NaN,NaN,NaN,NaN,0,NaN,35.90,36.10,NaN,NaN
3300.95,36.18,34.45,36.00,20.00,AUTO,0,NaN,NaN,NaN,NaN,NaN,NaN,NaN,NaN,NaN,NaN,0,NaN,35.90,36.10,NaN,NaN
3301.95,36.18,34.41,36.00,20.00,AUTO,0,NaN,NaN,NaN,NaN,NaN,NaN,NaN,NaN,NaN,NaN,0,NaN,35.90,36.10,NaN,NaN
3302.95,36.18,34.41,36.00,20.00,AUTO,0,NaN,NaN,NaN,NaN,NaN,NaN,NaN,NaN,NaN,NaN,0,NaN,35.90,36.10,NaN,NaN
3303.95,36.19,34.41,36.00,20.00,AUTO,0,NaN,NaN,NaN,NaN,NaN,NaN,NaN,NaN,NaN,NaN,0,NaN,35.90,36.10,NaN,NaN
3304.95,36.18,34.37,36.00,20.00,AUTO,0,NaN,NaN,NaN,NaN,NaN,NaN,NaN,NaN,NaN,NaN,0,NaN,35.90,36.10,NaN,NaN
3305.95,36.19,34.37,36.00,20.00,AUTO,0,NaN,NaN,NaN,NaN,NaN,NaN,NaN,NaN,NaN,NaN,0,NaN,35.90,36.10,NaN,NaN
3306.96,36.19,34.37,36.00,20.00,AUTO,0,NaN,NaN,NaN,NaN,NaN,NaN,NaN,NaN,NaN,NaN,0,NaN,35.90,36.10,NaN,NaN
3307.96,36.19,34.37,36.00,20.00,AUTO,0,NaN,NaN,NaN,NaN,NaN,NaN,NaN,NaN,NaN,NaN,0,NaN,35.90,36.10,NaN,NaN
3308.96,36.18,34.37,36.00,20.00,AUTO,0,NaN,NaN,NaN,NaN,NaN,NaN,NaN,NaN,NaN,NaN,0,NaN,35.90,36.10,NaN,NaN
3309.96,36.18,34.37,36.00,20.00,AUTO,0,NaN,NaN,NaN,NaN,NaN,NaN,NaN,NaN,NaN,NaN,0,NaN,35.90,36.10,NaN,NaN
3310.96,36.17,34.37,36.00,20.00,AUTO,0,NaN,NaN,NaN,NaN,NaN,NaN,NaN,NaN,NaN,NaN,0,NaN,35.90,36.10,NaN,NaN
3311.97,36.16,34.41,36.00,20.00,AUTO,0,NaN,NaN,NaN,NaN,NaN,NaN,NaN,NaN,NaN,NaN,0,NaN,35.90,36.10,NaN,NaN
3312.97,36.16,34.41,36.00,20.00,AUTO,0,NaN,NaN,NaN,NaN,NaN,NaN,NaN,NaN,NaN,NaN,0,NaN,35.90,36.10,NaN,NaN
3313.97,36.16,34.41,36.00,20.00,AUTO,0,NaN,NaN,NaN,NaN,NaN,NaN,NaN,NaN,NaN,NaN,0,NaN,35.90,36.10,NaN,NaN
3314.97,36.14,34.41,36.00,20.00,AUTO,0,NaN,NaN,NaN,NaN,NaN,NaN,NaN,NaN,NaN,NaN,0,NaN,35.90,36.10,NaN,NaN
3315.97,36.14,34.43,36.00,20.00,AUTO,0,NaN,NaN,NaN,NaN,NaN,NaN,NaN,NaN,NaN,NaN,0,NaN,35.90,36.10,NaN,NaN
3316.97,36.13,34.43,36.00,20.00,AUTO,0,NaN,NaN,NaN,NaN,NaN,NaN,NaN,NaN,NaN,NaN,0,NaN,35.90,36.10,NaN,NaN
3317.98,36.12,34.43,36.00,20.00,AUTO,0,NaN,NaN,NaN,NaN,NaN,NaN,NaN,NaN,NaN,NaN,0,NaN,35.90,36.10,NaN,NaN
3318.98,36.11,34.47,36.00,20.00,AUTO,0,NaN,NaN,NaN,NaN,NaN,NaN,NaN,NaN,NaN,NaN,0,NaN,35.90,36.10,NaN,NaN
3319.98,36.10,34.47,36.00,20.00,AUTO,0,NaN,NaN,NaN,NaN,NaN,NaN,NaN,NaN,NaN,NaN,0,NaN,35.90,36.10,NaN,NaN
3320.98,36.10,34.47,36.00,20.00,AUTO,0,NaN,NaN,NaN,NaN,NaN,NaN,NaN,NaN,NaN,NaN,0,NaN,35.90,36.10,NaN,NaN
3321.98,36.08,34.47,36.00,20.00,AUTO,0,NaN,NaN,NaN,NaN,NaN,NaN,NaN,NaN,NaN,NaN,0,NaN,35.90,36.10,NaN,NaN
3322.98,36.08,34.47,36.00,20.00,AUTO,0,NaN,NaN,NaN,NaN,NaN,NaN,NaN,NaN,NaN,NaN,0,NaN,35.90,36.10,NaN,NaN
3323.98,36.07,34.51,36.00,20.00,AUTO,0,NaN,NaN,NaN,NaN,NaN,NaN,NaN,NaN,NaN,NaN,0,NaN,35.90,36.10,NaN,NaN
3324.99,36.06,34.55,36.00,20.00,AUTO,0,NaN,NaN,NaN,NaN,NaN,NaN,NaN,NaN,NaN,NaN,0,NaN,35.90,36.10,NaN,NaN
3325.99,36.04,34.55,36.00,20.00,AUTO,0,NaN,NaN,NaN,NaN,NaN,NaN,NaN,NaN,NaN,NaN,0,NaN,35.90,36.10,NaN,NaN
3326.99,36.03,34.60,36.00,20.00,AUTO,0,NaN,NaN,NaN,NaN,NaN,NaN,NaN,NaN,NaN,NaN,0,NaN,35.90,36.10,NaN,NaN
3327.99,36.01,34.60,36.00,20.00,AUTO,0,NaN,NaN,NaN,NaN,NaN,NaN,NaN,NaN,NaN,NaN,0,NaN,35.90,36.10,NaN,NaN
3328.99,36.01,34.63,36.00,20.00,AUTO,0,NaN,NaN,NaN,NaN,NaN,NaN,NaN,NaN,NaN,NaN,0,NaN,35.90,36.10,NaN,NaN
3329.99,36.00,34.62,36.00,20.00,AUTO,0,NaN,NaN,NaN,NaN,NaN,NaN,NaN,NaN,NaN,NaN,0,NaN,35.90,36.10,NaN,NaN
3331.00,35.98,34.62,36.00,20.00,AUTO,0,NaN,NaN,NaN,NaN,NaN,NaN,NaN,NaN,NaN,NaN,0,NaN,35.90,36.10,NaN,NaN
3332.00,35.97,34.66,36.00,20.00,AUTO,0,NaN,NaN,NaN,NaN,NaN,NaN,NaN,NaN,NaN,NaN,0,NaN,35.90,36.10,NaN,NaN
3333.00,35.96,34.66,36.00,20.00,AUTO,0,NaN,NaN,NaN,NaN,NaN,NaN,NaN,NaN,NaN,NaN,0,NaN,35.90,36.10,NaN,NaN
3334.00,35.95,34.70,36.00,20.00,AUTO,0,NaN,NaN,NaN,NaN,NaN,NaN,NaN,NaN,NaN,NaN,0,NaN,35.90,36.10,NaN,NaN
3335.00,35.94,34.70,36.00,20.00,AUTO,0,NaN,NaN,NaN,NaN,NaN,NaN,NaN,NaN,NaN,NaN,0,NaN,35.90,36.10,NaN,NaN
3336.00,35.92,34.78,36.00,20.00,AUTO,0,NaN,NaN,NaN,NaN,NaN,NaN,NaN,NaN,NaN,NaN,0,NaN,35.90,36.10,NaN,NaN
3337.01,35.90,34.78,36.00,20.00,AUTO,0,NaN,NaN,NaN,NaN,NaN,NaN,NaN,NaN,NaN,NaN,0,NaN,35.90,36.10,NaN,NaN
3338.01,35.89,34.82,36.00,20.00,AUTO,0,NaN,NaN,NaN,NaN,NaN,NaN,NaN,NaN,NaN,NaN,1,NaN,35.90,36.10,NaN,NaN
3339.01,35.87,34.82,36.00,20.00,AUTO,0,NaN,NaN,NaN,NaN,NaN,NaN,NaN,NaN,NaN,NaN,1,NaN,35.90,36.10,NaN,NaN
3340.01,35.85,34.86,36.00,20.00,AUTO,0,NaN,NaN,NaN,NaN,NaN,NaN,NaN,NaN,NaN,NaN,1,NaN,35.90,36.10,NaN,NaN
3341.01,35.82,34.86,36.00,20.00,AUTO,0,NaN,NaN,NaN,NaN,NaN,NaN,NaN,NaN,NaN,NaN,1,NaN,35.90,36.10,NaN,NaN
3342.01,35.80,34.88,36.00,20.00,AUTO,0,NaN,NaN,NaN,NaN,NaN,NaN,NaN,NaN,NaN,NaN,1,NaN,35.90,36.10,NaN,NaN
3343.01,35.79,34.88,36.00,20.00,AUTO,0,NaN,NaN,NaN,NaN,NaN,NaN,NaN,NaN,NaN,NaN,1,NaN,35.90,36.10,NaN,NaN
3344.02,35.79,34.88,36.00,20.00,AUTO,0,NaN,NaN,NaN,NaN,NaN,NaN,NaN,NaN,NaN,NaN,1,NaN,35.90,36.10,NaN,NaN
3345.02,35.79,34.88,36.00,20.00,AUTO,0,NaN,NaN,NaN,NaN,NaN,NaN,NaN,NaN,NaN,NaN,1,NaN,35.90,36.10,NaN,NaN
3346.02,35.78,34.88,36.00,20.00,AUTO,0,NaN,NaN,NaN,NaN,NaN,NaN,NaN,NaN,NaN,NaN,1,NaN,35.90,36.10,NaN,NaN
3347.02,35.78,34.88,36.00,20.00,AUTO,0,NaN,NaN,NaN,NaN,NaN,NaN,NaN,NaN,NaN,NaN,1,NaN,35.90,36.10,NaN,NaN
3348.02,35.78,34.92,36.00,20.00,AUTO,0,NaN,NaN,NaN,NaN,NaN,NaN,NaN,NaN,NaN,NaN,1,NaN,35.90,36.10,NaN,NaN
3349.02,35.79,34.92,36.00,20.00,AUTO,0,NaN,NaN,NaN,NaN,NaN,NaN,NaN,NaN,NaN,NaN,1,NaN,35.90,36.10,NaN,NaN
3350.03,35.78,34.92,36.00,20.00,AUTO,0,NaN,NaN,NaN,NaN,NaN,NaN,NaN,NaN,NaN,NaN,1,NaN,35.90,36.10,NaN,NaN
3351.03,35.79,34.92,36.00,20.00,AUTO,0,NaN,NaN,NaN,NaN,NaN,NaN,NaN,NaN,NaN,NaN,1,NaN,35.90,36.10,NaN,NaN
3352.03,35.80,34.92,36.00,20.00,AUTO,0,NaN,NaN,NaN,NaN,NaN,NaN,NaN,NaN,NaN,NaN,1,NaN,35.90,36.10,NaN,NaN
3353.03,35.80,34.92,36.00,20.00,AUTO,0,NaN,NaN,NaN,NaN,NaN,NaN,NaN,NaN,NaN,NaN,1,NaN,35.90,36.10,NaN,NaN
3354.03,35.81,34.94,36.00,20.00,AUTO,0,NaN,NaN,NaN,NaN,NaN,NaN,NaN,NaN,NaN,NaN,1,NaN,35.90,36.10,NaN,NaN
3355.03,35.82,34.90,36.00,20.00,AUTO,0,NaN,NaN,NaN,NaN,NaN,NaN,NaN,NaN,NaN,NaN,1,NaN,35.90,36.10,NaN,NaN
3356.03,35.83,34.90,36.00,20.00,AUTO,0,NaN,NaN,NaN,NaN,NaN,NaN,NaN,NaN,NaN,NaN,1,NaN,35.90,36.10,NaN,NaN
3357.04,35.83,34.90,36.00,20.00,AUTO,0,NaN,NaN,NaN,NaN,NaN,NaN,NaN,NaN,NaN,NaN,1,NaN,35.90,36.10,NaN,NaN
3358.04,35.83,34.90,36.00,20.00,AUTO,0,NaN,NaN,NaN,NaN,NaN,NaN,NaN,NaN,NaN,NaN,1,NaN,35.90,36.10,NaN,NaN
3359.04,35.85,34.90,36.00,20.00,AUTO,0,NaN,NaN,NaN,NaN,NaN,NaN,NaN,NaN,NaN,NaN,1,NaN,35.90,36.10,NaN,NaN
3360.04,35.86,34.90,36.00,20.00,AUTO,0,NaN,NaN,NaN,NaN,NaN,NaN,NaN,NaN,NaN,NaN,1,NaN,35.90,36.10,NaN,NaN
3361.04,35.87,34.86,36.00,20.00,AUTO,0,NaN,NaN,NaN,NaN,NaN,NaN,NaN,NaN,NaN,NaN,1,NaN,35.90,36.10,NaN,NaN
3362.04,35.89,34.86,36.00,20.00,AUTO,0,NaN,NaN,NaN,NaN,NaN,NaN,NaN,NaN,NaN,NaN,1,NaN,35.90,36.10,NaN,NaN
3363.04,35.90,34.86,36.00,20.00,AUTO,0,NaN,NaN,NaN,NaN,NaN,NaN,NaN,NaN,NaN,NaN,1,NaN,35.90,36.10,NaN,NaN
3364.05,35.90,34.82,36.00,20.00,AUTO,0,NaN,NaN,NaN,NaN,NaN,NaN,NaN,NaN,NaN,NaN,1,NaN,35.90,36.10,NaN,NaN
3365.05,35.92,34.82,36.00,20.00,AUTO,0,NaN,NaN,NaN,NaN,NaN,NaN,NaN,NaN,NaN,NaN,1,NaN,35.90,36.10,NaN,NaN
3366.05,35.93,34.78,36.00,20.00,AUTO,0,NaN,NaN,NaN,NaN,NaN,NaN,NaN,NaN,NaN,NaN,1,NaN,35.90,36.10,NaN,NaN
3367.05,35.94,34.78,36.00,20.00,AUTO,0,NaN,NaN,NaN,NaN,NaN,NaN,NaN,NaN,NaN,NaN,1,NaN,35.90,36.10,NaN,NaN
3368.05,35.96,34.78,36.00,20.00,AUTO,0,NaN,NaN,NaN,NaN,NaN,NaN,NaN,NaN,NaN,NaN,1,NaN,35.90,36.10,NaN,NaN
3369.06,35.96,34.73,36.00,20.00,AUTO,0,NaN,NaN,NaN,NaN,NaN,NaN,NaN,NaN,NaN,NaN,1,NaN,35.90,36.10,NaN,NaN
3370.05,35.97,34.70,36.00,20.00,AUTO,0,NaN,NaN,NaN,NaN,NaN,NaN,NaN,NaN,NaN,NaN,1,NaN,35.90,36.10,NaN,NaN
3371.06,35.99,34.70,36.00,20.00,AUTO,0,NaN,NaN,NaN,NaN,NaN,NaN,NaN,NaN,NaN,NaN,1,NaN,35.90,36.10,NaN,NaN
3372.06,36.01,34.72,36.00,20.00,AUTO,0,NaN,NaN,NaN,NaN,NaN,NaN,NaN,NaN,NaN,NaN,1,NaN,35.90,36.10,NaN,NaN
3373.06,36.01,34.67,36.00,20.00,AUTO,0,NaN,NaN,NaN,NaN,NaN,NaN,NaN,NaN,NaN,NaN,1,NaN,35.90,36.10,NaN,NaN
3374.06,36.02,34.63,36.00,20.00,AUTO,0,NaN,NaN,NaN,NaN,NaN,NaN,NaN,NaN,NaN,NaN,1,NaN,35.90,36.10,NaN,NaN
3375.06,36.04,34.63,36.00,20.00,AUTO,0,NaN,NaN,NaN,NaN,NaN,NaN,NaN,NaN,NaN,NaN,1,NaN,35.90,36.10,NaN,NaN
3376.07,36.06,34.60,36.00,20.00,AUTO,0,NaN,NaN,NaN,NaN,NaN,NaN,NaN,NaN,NaN,NaN,1,NaN,35.90,36.10,NaN,NaN
3377.07,36.07,34.60,36.00,20.00,AUTO,0,NaN,NaN,NaN,NaN,NaN,NaN,NaN,NaN,NaN,NaN,1,NaN,35.90,36.10,NaN,NaN
3378.07,36.08,34.55,36.00,20.00,AUTO,0,NaN,NaN,NaN,NaN,NaN,NaN,NaN,NaN,NaN,NaN,1,NaN,35.90,36.10,NaN,NaN
3379.07,36.10,34.55,36.00,20.00,AUTO,0,NaN,NaN,NaN,NaN,NaN,NaN,NaN,NaN,NaN,NaN,1,NaN,35.90,36.10,NaN,NaN
3380.07,36.12,34.51,36.00,20.00,AUTO,0,NaN,NaN,NaN,NaN,NaN,NaN,NaN,NaN,NaN,NaN,0,NaN,35.90,36.10,NaN,NaN
3381.07,36.15,34.49,36.00,20.00,AUTO,0,NaN,NaN,NaN,NaN,NaN,NaN,NaN,NaN,NaN,NaN,0,NaN,35.90,36.10,NaN,NaN
3382.08,36.16,34.49,36.00,20.00,AUTO,0,NaN,NaN,NaN,NaN,NaN,NaN,NaN,NaN,NaN,NaN,0,NaN,35.90,36.10,NaN,NaN
3383.08,36.18,34.49,36.00,20.00,AUTO,0,NaN,NaN,NaN,NaN,NaN,NaN,NaN,NaN,NaN,NaN,0,NaN,35.90,36.10,NaN,NaN
3384.08,36.18,34.45,36.00,20.00,AUTO,0,NaN,NaN,NaN,NaN,NaN,NaN,NaN,NaN,NaN,NaN,0,NaN,35.90,36.10,NaN,NaN
3385.08,36.19,34.45,36.00,20.00,AUTO,0,NaN,NaN,NaN,NaN,NaN,NaN,NaN,NaN,NaN,NaN,0,NaN,35.90,36.10,NaN,NaN
3386.08,36.21,34.41,36.00,20.00,AUTO,0,NaN,NaN,NaN,NaN,NaN,NaN,NaN,NaN,NaN,NaN,0,NaN,35.90,36.10,NaN,NaN
3387.08,36.21,34.41,36.00,20.00,AUTO,0,NaN,NaN,NaN,NaN,NaN,NaN,NaN,NaN,NaN,NaN,0,NaN,35.90,36.10,NaN,NaN
3388.08,36.21,34.37,36.00,20.00,AUTO,0,NaN,NaN,NaN,NaN,NaN,NaN,NaN,NaN,NaN,NaN,0,NaN,35.90,36.10,NaN,NaN
3389.09,36.22,34.37,36.00,20.00,AUTO,0,NaN,NaN,NaN,NaN,NaN,NaN,NaN,NaN,NaN,NaN,0,NaN,35.90,36.10,NaN,NaN
3390.09,36.22,34.37,36.00,20.00,AUTO,0,NaN,NaN,NaN,NaN,NaN,NaN,NaN,NaN,NaN,NaN,0,NaN,35.90,36.10,NaN,NaN
3391.09,36.21,34.37,36.00,20.00,AUTO,0,NaN,NaN,NaN,NaN,NaN,NaN,NaN,NaN,NaN,NaN,0,NaN,35.90,36.10,NaN,NaN
3392.09,36.21,34.37,36.00,20.00,AUTO,0,NaN,NaN,NaN,NaN,NaN,NaN,NaN,NaN,NaN,NaN,0,NaN,35.90,36.10,NaN,NaN
3393.09,36.19,34.37,36.00,20.00,AUTO,0,NaN,NaN,NaN,NaN,NaN,NaN,NaN,NaN,NaN,NaN,0,NaN,35.90,36.10,NaN,NaN
3394.09,36.19,34.37,36.00,20.00,AUTO,0,NaN,NaN,NaN,NaN,NaN,NaN,NaN,NaN,NaN,NaN,0,NaN,35.90,36.10,NaN,NaN
3395.09,36.18,34.37,36.00,20.00,AUTO,0,NaN,NaN,NaN,NaN,NaN,NaN,NaN,NaN,NaN,NaN,0,NaN,35.90,36.10,NaN,NaN
3396.10,36.17,34.37,36.00,20.00,AUTO,0,NaN,NaN,NaN,NaN,NaN,NaN,NaN,NaN,NaN,NaN,0,NaN,35.90,36.10,NaN,NaN
3397.10,36.16,34.37,36.00,20.00,AUTO,0,NaN,NaN,NaN,NaN,NaN,NaN,NaN,NaN,NaN,NaN,0,NaN,35.90,36.10,NaN,NaN
3398.10,36.16,34.37,36.00,20.00,AUTO,0,NaN,NaN,NaN,NaN,NaN,NaN,NaN,NaN,NaN,NaN,0,NaN,35.90,36.10,NaN,NaN
3399.10,36.15,34.41,36.00,20.00,AUTO,0,NaN,NaN,NaN,NaN,NaN,NaN,NaN,NaN,NaN,NaN,0,NaN,35.90,36.10,NaN,NaN
3400.10,36.14,34.45,36.00,20.00,AUTO,0,NaN,NaN,NaN,NaN,NaN,NaN,NaN,NaN,NaN,NaN,0,NaN,35.90,36.10,NaN,NaN
3401.10,36.13,34.45,36.00,20.00,AUTO,0,NaN,NaN,NaN,NaN,NaN,NaN,NaN,NaN,NaN,NaN,0,NaN,35.90,36.10,NaN,NaN
3402.10,36.13,34.43,36.00,20.00,AUTO,0,NaN,NaN,NaN,NaN,NaN,NaN,NaN,NaN,NaN,NaN,0,NaN,35.90,36.10,NaN,NaN
3403.11,36.12,34.47,36.00,20.00,AUTO,0,NaN,NaN,NaN,NaN,NaN,NaN,NaN,NaN,NaN,NaN,0,NaN,35.90,36.10,NaN,NaN
3404.11,36.11,34.47,36.00,20.00,AUTO,0,NaN,NaN,NaN,NaN,NaN,NaN,NaN,NaN,NaN,NaN,0,NaN,35.90,36.10,NaN,NaN
3405.11,36.10,34.47,36.00,20.00,AUTO,0,NaN,NaN,NaN,NaN,NaN,NaN,NaN,NaN,NaN,NaN,0,NaN,35.90,36.10,NaN,NaN
3406.11,36.09,34.51,36.00,20.00,AUTO,0,NaN,NaN,NaN,NaN,NaN,NaN,NaN,NaN,NaN,NaN,0,NaN,35.90,36.10,NaN,NaN
3407.11,36.08,34.55,36.00,20.00,AUTO,0,NaN,NaN,NaN,NaN,NaN,NaN,NaN,NaN,NaN,NaN,0,NaN,35.90,36.10,NaN,NaN
3408.11,36.07,34.55,36.00,20.00,AUTO,0,NaN,NaN,NaN,NaN,NaN,NaN,NaN,NaN,NaN,NaN,0,NaN,35.90,36.10,NaN,NaN
3409.12,36.06,34.60,36.00,20.00,AUTO,0,NaN,NaN,NaN,NaN,NaN,NaN,NaN,NaN,NaN,NaN,0,NaN,35.90,36.10,NaN,NaN
3410.12,36.04,34.60,36.00,20.00,AUTO,0,NaN,NaN,NaN,NaN,NaN,NaN,NaN,NaN,NaN,NaN,0,NaN,35.90,36.10,NaN,NaN
3411.12,36.03,34.63,36.00,20.00,AUTO,0,NaN,NaN,NaN,NaN,NaN,NaN,NaN,NaN,NaN,NaN,0,NaN,35.90,36.10,NaN,NaN
3412.12,36.01,34.63,36.00,20.00,AUTO,0,NaN,NaN,NaN,NaN,NaN,NaN,NaN,NaN,NaN,NaN,0,NaN,35.90,36.10,NaN,NaN
3413.12,36.01,34.63,36.00,20.00,AUTO,0,NaN,NaN,NaN,NaN,NaN,NaN,NaN,NaN,NaN,NaN,0,NaN,35.90,36.10,NaN,NaN
3414.13,35.99,34.62,36.00,20.00,AUTO,0,NaN,NaN,NaN,NaN,NaN,NaN,NaN,NaN,NaN,NaN,0,NaN,35.90,36.10,NaN,NaN
3415.13,35.97,34.66,36.00,20.00,AUTO,0,NaN,NaN,NaN,NaN,NaN,NaN,NaN,NaN,NaN,NaN,0,NaN,35.90,36.10,NaN,NaN
3416.13,35.96,34.66,36.00,20.00,AUTO,0,NaN,NaN,NaN,NaN,NaN,NaN,NaN,NaN,NaN,NaN,0,NaN,35.90,36.10,NaN,NaN
3417.13,35.95,34.70,36.00,20.00,AUTO,0,NaN,NaN,NaN,NaN,NaN,NaN,NaN,NaN,NaN,NaN,0,NaN,35.90,36.10,NaN,NaN
3418.13,35.94,34.70,36.00,20.00,AUTO,0,NaN,NaN,NaN,NaN,NaN,NaN,NaN,NaN,NaN,NaN,0,NaN,35.90,36.10,NaN,NaN
3419.13,35.93,34.73,36.00,20.00,AUTO,0,NaN,NaN,NaN,NaN,NaN,NaN,NaN,NaN,NaN,NaN,0,NaN,35.90,36.10,NaN,NaN
3420.13,35.90,34.78,36.00,20.00,AUTO,0,NaN,NaN,NaN,NaN,NaN,NaN,NaN,NaN,NaN,NaN,0,NaN,35.90,36.10,NaN,NaN
3421.14,35.90,34.78,36.00,20.00,AUTO,0,NaN,NaN,NaN,NaN,NaN,NaN,NaN,NaN,NaN,NaN,0,NaN,35.90,36.10,NaN,NaN
3422.14,35.88,34.82,36.00,20.00,AUTO,0,NaN,NaN,NaN,NaN,NaN,NaN,NaN,NaN,NaN,NaN,1,NaN,35.90,36.10,NaN,NaN
3423.14,35.86,34.86,36.00,20.00,AUTO,0,NaN,NaN,NaN,NaN,NaN,NaN,NaN,NaN,NaN,NaN,1,NaN,35.90,36.10,NaN,NaN
3424.14,35.83,34.86,36.00,20.00,AUTO,0,NaN,NaN,NaN,NaN,NaN,NaN,NaN,NaN,NaN,NaN,1,NaN,35.90,36.10,NaN,NaN
3425.14,35.80,34.88,36.00,20.00,AUTO,0,NaN,NaN,NaN,NaN,NaN,NaN,NaN,NaN,NaN,NaN,1,NaN,35.90,36.10,NaN,NaN
3426.14,35.78,34.88,36.00,20.00,AUTO,0,NaN,NaN,NaN,NaN,NaN,NaN,NaN,NaN,NaN,NaN,1,NaN,35.90,36.10,NaN,NaN
3427.14,35.77,34.88,36.00,20.00,AUTO,0,NaN,NaN,NaN,NaN,NaN,NaN,NaN,NaN,NaN,NaN,1,NaN,35.90,36.10,NaN,NaN
3428.15,35.77,34.92,36.00,20.00,AUTO,0,NaN,NaN,NaN,NaN,NaN,NaN,NaN,NaN,NaN,NaN,1,NaN,35.90,36.10,NaN,NaN
3429.14,35.77,34.92,36.00,20.00,AUTO,0,NaN,NaN,NaN,NaN,NaN,NaN,NaN,NaN,NaN,NaN,1,NaN,35.90,36.10,NaN,NaN
3430.15,35.77,34.92,36.00,20.00,AUTO,0,NaN,NaN,NaN,NaN,NaN,NaN,NaN,NaN,NaN,NaN,1,NaN,35.90,36.10,NaN,NaN
3431.15,35.74,34.95,36.00,20.00,AUTO,0,NaN,NaN,NaN,NaN,NaN,NaN,NaN,NaN,NaN,NaN,1,NaN,35.90,36.10,NaN,NaN
3432.15,35.73,34.95,36.00,20.00,AUTO,0,NaN,NaN,NaN,NaN,NaN,NaN,NaN,NaN,NaN,NaN,1,NaN,35.90,36.10,NaN,NaN
3433.15,35.74,34.99,36.00,20.00,AUTO,0,NaN,NaN,NaN,NaN,NaN,NaN,NaN,NaN,NaN,NaN,1,NaN,35.90,36.10,NaN,NaN
3434.15,35.74,34.99,36.00,20.00,AUTO,0,NaN,NaN,NaN,NaN,NaN,NaN,NaN,NaN,NaN,NaN,1,NaN,35.90,36.10,NaN,NaN
3435.16,35.77,34.99,36.00,20.00,AUTO,0,NaN,NaN,NaN,NaN,NaN,NaN,NaN,NaN,NaN,NaN,1,NaN,35.90,36.10,NaN,NaN
3436.16,35.77,34.99,36.00,20.00,AUTO,0,NaN,NaN,NaN,NaN,NaN,NaN,NaN,NaN,NaN,NaN,1,NaN,35.90,36.10,NaN,NaN
3437.16,35.77,34.99,36.00,20.00,AUTO,0,NaN,NaN,NaN,NaN,NaN,NaN,NaN,NaN,NaN,NaN,1,NaN,35.90,36.10,NaN,NaN
3438.16,35.77,34.95,36.00,20.00,AUTO,0,NaN,NaN,NaN,NaN,NaN,NaN,NaN,NaN,NaN,NaN,1,NaN,35.90,36.10,NaN,NaN
3439.16,35.75,34.95,36.00,20.00,AUTO,0,NaN,NaN,NaN,NaN,NaN,NaN,NaN,NaN,NaN,NaN,1,NaN,35.90,36.10,NaN,NaN
3440.16,35.77,34.95,36.00,20.00,AUTO,0,NaN,NaN,NaN,NaN,NaN,NaN,NaN,NaN,NaN,NaN,1,NaN,35.90,36.10,NaN,NaN
3441.17,35.78,34.95,36.00,20.00,AUTO,0,NaN,NaN,NaN,NaN,NaN,NaN,NaN,NaN,NaN,NaN,1,NaN,35.90,36.10,NaN,NaN
3442.17,35.79,34.95,36.00,20.00,AUTO,0,NaN,NaN,NaN,NaN,NaN,NaN,NaN,NaN,NaN,NaN,1,NaN,35.90,36.10,NaN,NaN
3443.17,35.80,34.95,36.00,20.00,AUTO,0,NaN,NaN,NaN,NaN,NaN,NaN,NaN,NaN,NaN,NaN,1,NaN,35.90,36.10,NaN,NaN
3444.17,35.81,34.92,36.00,20.00,AUTO,0,NaN,NaN,NaN,NaN,NaN,NaN,NaN,NaN,NaN,NaN,1,NaN,35.90,36.10,NaN,NaN
3445.17,35.82,34.94,36.00,20.00,AUTO,0,NaN,NaN,NaN,NaN,NaN,NaN,NaN,NaN,NaN,NaN,1,NaN,35.90,36.10,NaN,NaN
3446.17,35.82,34.94,36.00,20.00,AUTO,0,NaN,NaN,NaN,NaN,NaN,NaN,NaN,NaN,NaN,NaN,1,NaN,35.90,36.10,NaN,NaN
3447.17,35.84,34.90,36.00,20.00,AUTO,0,NaN,NaN,NaN,NaN,NaN,NaN,NaN,NaN,NaN,NaN,1,NaN,35.90,36.10,NaN,NaN
3448.17,35.84,34.90,36.00,20.00,AUTO,0,NaN,NaN,NaN,NaN,NaN,NaN,NaN,NaN,NaN,NaN,1,NaN,35.90,36.10,NaN,NaN
3449.18,35.87,34.90,36.00,20.00,AUTO,0,NaN,NaN,NaN,NaN,NaN,NaN,NaN,NaN,NaN,NaN,1,NaN,35.90,36.10,NaN,NaN
3450.18,35.88,34.90,36.00,20.00,AUTO,0,NaN,NaN,NaN,NaN,NaN,NaN,NaN,NaN,NaN,NaN,1,NaN,35.90,36.10,NaN,NaN
3451.18,35.89,34.86,36.00,20.00,AUTO,0,NaN,NaN,NaN,NaN,NaN,NaN,NaN,NaN,NaN,NaN,1,NaN,35.90,36.10,NaN,NaN
3452.18,35.90,34.86,36.00,20.00,AUTO,0,NaN,NaN,NaN,NaN,NaN,NaN,NaN,NaN,NaN,NaN,1,NaN,35.90,36.10,NaN,NaN
3453.18,35.93,34.86,36.00,20.00,AUTO,0,NaN,NaN,NaN,NaN,NaN,NaN,NaN,NaN,NaN,NaN,1,NaN,35.90,36.10,NaN,NaN
3454.19,35.94,34.82,36.00,20.00,AUTO,0,NaN,NaN,NaN,NaN,NaN,NaN,NaN,NaN,NaN,NaN,1,NaN,35.90,36.10,NaN,NaN
3455.19,35.95,34.78,36.00,20.00,AUTO,0,NaN,NaN,NaN,NaN,NaN,NaN,NaN,NaN,NaN,NaN,1,NaN,35.90,36.10,NaN,NaN
3456.19,35.96,34.78,36.00,20.00,AUTO,0,NaN,NaN,NaN,NaN,NaN,NaN,NaN,NaN,NaN,NaN,1,NaN,35.90,36.10,NaN,NaN
3457.19,35.98,34.73,36.00,20.00,AUTO,0,NaN,NaN,NaN,NaN,NaN,NaN,NaN,NaN,NaN,NaN,1,NaN,35.90,36.10,NaN,NaN
3458.19,36.00,34.70,36.00,20.00,AUTO,0,NaN,NaN,NaN,NaN,NaN,NaN,NaN,NaN,NaN,NaN,1,NaN,35.90,36.10,NaN,NaN
3459.19,36.01,34.72,36.00,20.00,AUTO,0,NaN,NaN,NaN,NaN,NaN,NaN,NaN,NaN,NaN,NaN,1,NaN,35.90,36.10,NaN,NaN
3460.20,36.01,34.67,36.00,20.00,AUTO,0,NaN,NaN,NaN,NaN,NaN,NaN,NaN,NaN,NaN,NaN,1,NaN,35.90,36.10,NaN,NaN
3461.19,36.01,34.67,36.00,20.00,AUTO,0,NaN,NaN,NaN,NaN,NaN,NaN,NaN,NaN,NaN,NaN,1,NaN,35.90,36.10,NaN,NaN
3462.20,36.03,34.63,36.00,20.00,AUTO,0,NaN,NaN,NaN,NaN,NaN,NaN,NaN,NaN,NaN,NaN,1,NaN,35.90,36.10,NaN,NaN
3463.20,36.06,34.63,36.00,20.00,AUTO,0,NaN,NaN,NaN,NaN,NaN,NaN,NaN,NaN,NaN,NaN,1,NaN,35.90,36.10,NaN,NaN
3464.20,36.06,34.60,36.00,20.00,AUTO,0,NaN,NaN,NaN,NaN,NaN,NaN,NaN,NaN,NaN,NaN,1,NaN,35.90,36.10,NaN,NaN
3465.20,36.07,34.60,36.00,20.00,AUTO,0,NaN,NaN,NaN,NaN,NaN,NaN,NaN,NaN,NaN,NaN,1,NaN,35.90,36.10,NaN,NaN
3466.21,36.08,34.60,36.00,20.00,AUTO,0,NaN,NaN,NaN,NaN,NaN,NaN,NaN,NaN,NaN,NaN,1,NaN,35.90,36.10,NaN,NaN
3467.21,36.10,34.55,36.00,20.00,AUTO,0,NaN,NaN,NaN,NaN,NaN,NaN,NaN,NaN,NaN,NaN,1,NaN,35.90,36.10,NaN,NaN
3468.21,36.11,34.55,36.00,20.00,AUTO,0,NaN,NaN,NaN,NaN,NaN,NaN,NaN,NaN,NaN,NaN,0,NaN,35.90,36.10,NaN,NaN
3469.21,36.13,34.51,36.00,20.00,AUTO,0,NaN,NaN,NaN,NaN,NaN,NaN,NaN,NaN,NaN,NaN,0,NaN,35.90,36.10,NaN,NaN
3470.21,36.14,34.49,36.00,20.00,AUTO,0,NaN,NaN,NaN,NaN,NaN,NaN,NaN,NaN,NaN,NaN,0,NaN,35.90,36.10,NaN,NaN
3471.21,36.15,34.49,36.00,20.00,AUTO,0,NaN,NaN,NaN,NaN,NaN,NaN,NaN,NaN,NaN,NaN,0,NaN,35.90,36.10,NaN,NaN
3472.21,36.16,34.49,36.00,20.00,AUTO,0,NaN,NaN,NaN,NaN,NaN,NaN,NaN,NaN,NaN,NaN,0,NaN,35.90,36.10,NaN,NaN
3473.22,36.17,34.49,36.00,20.00,AUTO,0,NaN,NaN,NaN,NaN,NaN,NaN,NaN,NaN,NaN,NaN,0,NaN,35.90,36.10,NaN,NaN
3474.22,36.18,34.45,36.00,20.00,AUTO,0,NaN,NaN,NaN,NaN,NaN,NaN,NaN,NaN,NaN,NaN,0,NaN,35.90,36.10,NaN,NaN
3475.22,36.18,34.45,36.00,20.00,AUTO,0,NaN,NaN,NaN,NaN,NaN,NaN,NaN,NaN,NaN,NaN,0,NaN,35.90,36.10,NaN,NaN
3476.22,36.19,34.45,36.00,20.00,AUTO,0,NaN,NaN,NaN,NaN,NaN,NaN,NaN,NaN,NaN,NaN,0,NaN,35.90,36.10,NaN,NaN
3477.22,36.19,34.41,36.00,20.00,AUTO,0,NaN,NaN,NaN,NaN,NaN,NaN,NaN,NaN,NaN,NaN,0,NaN,35.90,36.10,NaN,NaN
3478.22,36.19,34.41,36.00,20.00,AUTO,0,NaN,NaN,NaN,NaN,NaN,NaN,NaN,NaN,NaN,NaN,0,NaN,35.90,36.10,NaN,NaN
3479.22,36.18,34.41,36.00,20.00,AUTO,0,NaN,NaN,NaN,NaN,NaN,NaN,NaN,NaN,NaN,NaN,0,NaN,35.90,36.10,NaN,NaN
3480.22,36.18,34.41,36.00,20.00,AUTO,0,NaN,NaN,NaN,NaN,NaN,NaN,NaN,NaN,NaN,NaN,0,NaN,35.90,36.10,NaN,NaN
3481.23,36.18,34.41,36.00,20.00,AUTO,0,NaN,NaN,NaN,NaN,NaN,NaN,NaN,NaN,NaN,NaN,0,NaN,35.90,36.10,NaN,NaN
3482.23,36.17,34.41,36.00,20.00,AUTO,0,NaN,NaN,NaN,NaN,NaN,NaN,NaN,NaN,NaN,NaN,0,NaN,35.90,36.10,NaN,NaN
3483.23,36.17,34.41,36.00,20.00,AUTO,0,NaN,NaN,NaN,NaN,NaN,NaN,NaN,NaN,NaN,NaN,0,NaN,35.90,36.10,NaN,NaN
3484.23,36.16,34.41,36.00,20.00,AUTO,0,NaN,NaN,NaN,NaN,NaN,NaN,NaN,NaN,NaN,NaN,0,NaN,35.90,36.10,NaN,NaN
3485.23,36.16,34.45,36.00,20.00,AUTO,0,NaN,NaN,NaN,NaN,NaN,NaN,NaN,NaN,NaN,NaN,0,NaN,35.90,36.10,NaN,NaN
3486.23,36.15,34.45,36.00,20.00,AUTO,0,NaN,NaN,NaN,NaN,NaN,NaN,NaN,NaN,NaN,NaN,0,NaN,35.90,36.10,NaN,NaN
3487.24,36.14,34.45,36.00,20.00,AUTO,0,NaN,NaN,NaN,NaN,NaN,NaN,NaN,NaN,NaN,NaN,0,NaN,35.90,36.10,NaN,NaN
3488.24,36.13,34.43,36.00,20.00,AUTO,0,NaN,NaN,NaN,NaN,NaN,NaN,NaN,NaN,NaN,NaN,0,NaN,35.90,36.10,NaN,NaN
3489.24,36.12,34.47,36.00,20.00,AUTO,0,NaN,NaN,NaN,NaN,NaN,NaN,NaN,NaN,NaN,NaN,0,NaN,35.90,36.10,NaN,NaN
3490.24,36.12,34.47,36.00,20.00,AUTO,0,NaN,NaN,NaN,NaN,NaN,NaN,NaN,NaN,NaN,NaN,0,NaN,35.90,36.10,NaN,NaN
3491.24,36.11,34.47,36.00,20.00,AUTO,0,NaN,NaN,NaN,NaN,NaN,NaN,NaN,NaN,NaN,NaN,0,NaN,35.90,36.10,NaN,NaN
3492.25,36.10,34.47,36.00,20.00,AUTO,0,NaN,NaN,NaN,NaN,NaN,NaN,NaN,NaN,NaN,NaN,0,NaN,35.90,36.10,NaN,NaN
3493.24,36.09,34.47,36.00,20.00,AUTO,0,NaN,NaN,NaN,NaN,NaN,NaN,NaN,NaN,NaN,NaN,0,NaN,35.90,36.10,NaN,NaN
3494.25,36.08,34.47,36.00,20.00,AUTO,0,NaN,NaN,NaN,NaN,NaN,NaN,NaN,NaN,NaN,NaN,0,NaN,35.90,36.10,NaN,NaN
3495.25,36.07,34.51,36.00,20.00,AUTO,0,NaN,NaN,NaN,NaN,NaN,NaN,NaN,NaN,NaN,NaN,0,NaN,35.90,36.10,NaN,NaN
3496.25,36.06,34.51,36.00,20.00,AUTO,0,NaN,NaN,NaN,NaN,NaN,NaN,NaN,NaN,NaN,NaN,0,NaN,35.90,36.10,NaN,NaN
3497.25,36.06,34.55,36.00,20.00,AUTO,0,NaN,NaN,NaN,NaN,NaN,NaN,NaN,NaN,NaN,NaN,0,NaN,35.90,36.10,NaN,NaN
3498.25,36.03,34.60,36.00,20.00,AUTO,0,NaN,NaN,NaN,NaN,NaN,NaN,NaN,NaN,NaN,NaN,0,NaN,35.90,36.10,NaN,NaN
3499.25,36.02,34.60,36.00,20.00,AUTO,0,NaN,NaN,NaN,NaN,NaN,NaN,NaN,NaN,NaN,NaN,0,NaN,35.90,36.10,NaN,NaN
3500.26,36.01,34.63,36.00,20.00,AUTO,0,NaN,NaN,NaN,NaN,NaN,NaN,NaN,NaN,NaN,NaN,0,NaN,35.90,36.10,NaN,NaN
3501.26,36.01,34.63,36.00,20.00,AUTO,0,NaN,NaN,NaN,NaN,NaN,NaN,NaN,NaN,NaN,NaN,0,NaN,35.90,36.10,NaN,NaN
3502.26,36.00,34.66,36.00,20.00,AUTO,0,NaN,NaN,NaN,NaN,NaN,NaN,NaN,NaN,NaN,NaN,0,NaN,35.90,36.10,NaN,NaN
3503.26,35.98,34.70,36.00,20.00,AUTO,0,NaN,NaN,NaN,NaN,NaN,NaN,NaN,NaN,NaN,NaN,0,NaN,35.90,36.10,NaN,NaN
3504.26,35.97,34.70,36.00,20.00,AUTO,0,NaN,NaN,NaN,NaN,NaN,NaN,NaN,NaN,NaN,NaN,0,NaN,35.90,36.10,NaN,NaN
3505.27,35.96,34.73,36.00,20.00,AUTO,0,NaN,NaN,NaN,NaN,NaN,NaN,NaN,NaN,NaN,NaN,0,NaN,35.90,36.10,NaN,NaN
3506.27,35.95,34.73,36.00,20.00,AUTO,0,NaN,NaN,NaN,NaN,NaN,NaN,NaN,NaN,NaN,NaN,0,NaN,35.90,36.10,NaN,NaN
3507.27,35.94,34.78,36.00,20.00,AUTO,0,NaN,NaN,NaN,NaN,NaN,NaN,NaN,NaN,NaN,NaN,0,NaN,35.90,36.10,NaN,NaN
3508.27,35.92,34.82,36.00,20.00,AUTO,0,NaN,NaN,NaN,NaN,NaN,NaN,NaN,NaN,NaN,NaN,0,NaN,35.90,36.10,NaN,NaN
3509.27,35.90,34.86,36.00,20.00,AUTO,0,NaN,NaN,NaN,NaN,NaN,NaN,NaN,NaN,NaN,NaN,0,NaN,35.90,36.10,NaN,NaN
3510.28,35.89,34.86,36.00,20.00,AUTO,0,NaN,NaN,NaN,NaN,NaN,NaN,NaN,NaN,NaN,NaN,1,NaN,35.90,36.10,NaN,NaN
3511.28,35.86,34.90,36.00,20.00,AUTO,0,NaN,NaN,NaN,NaN,NaN,NaN,NaN,NaN,NaN,NaN,1,NaN,35.90,36.10,NaN,NaN
3512.28,35.83,34.90,36.00,20.00,AUTO,0,NaN,NaN,NaN,NaN,NaN,NaN,NaN,NaN,NaN,NaN,1,NaN,35.90,36.10,NaN,NaN
3513.28,35.82,34.90,36.00,20.00,AUTO,0,NaN,NaN,NaN,NaN,NaN,NaN,NaN,NaN,NaN,NaN,1,NaN,35.90,36.10,NaN,NaN
3514.28,35.80,34.88,36.00,20.00,AUTO,0,NaN,NaN,NaN,NaN,NaN,NaN,NaN,NaN,NaN,NaN,1,NaN,35.90,36.10,NaN,NaN
3515.28,35.79,34.92,36.00,20.00,AUTO,0,NaN,NaN,NaN,NaN,NaN,NaN,NaN,NaN,NaN,NaN,1,NaN,35.90,36.10,NaN,NaN
3516.28,35.79,34.92,36.00,20.00,AUTO,0,NaN,NaN,NaN,NaN,NaN,NaN,NaN,NaN,NaN,NaN,1,NaN,35.90,36.10,NaN,NaN
3517.28,35.78,34.92,36.00,20.00,AUTO,0,NaN,NaN,NaN,NaN,NaN,NaN,NaN,NaN,NaN,NaN,1,NaN,35.90,36.10,NaN,NaN
3518.28,35.78,34.92,36.00,20.00,AUTO,0,NaN,NaN,NaN,NaN,NaN,NaN,NaN,NaN,NaN,NaN,1,NaN,35.90,36.10,NaN,NaN
3519.29,35.78,34.92,36.00,20.00,AUTO,0,NaN,NaN,NaN,NaN,NaN,NaN,NaN,NaN,NaN,NaN,1,NaN,35.90,36.10,NaN,NaN
3520.29,35.79,34.95,36.00,20.00,AUTO,0,NaN,NaN,NaN,NaN,NaN,NaN,NaN,NaN,NaN,NaN,1,NaN,35.90,36.10,NaN,NaN
3521.29,35.79,34.92,36.00,20.00,AUTO,0,NaN,NaN,NaN,NaN,NaN,NaN,NaN,NaN,NaN,NaN,1,NaN,35.90,36.10,NaN,NaN
3522.29,35.79,34.92,36.00,20.00,AUTO,0,NaN,NaN,NaN,NaN,NaN,NaN,NaN,NaN,NaN,NaN,1,NaN,35.90,36.10,NaN,NaN
3523.29,35.79,34.92,36.00,20.00,AUTO,0,NaN,NaN,NaN,NaN,NaN,NaN,NaN,NaN,NaN,NaN,1,NaN,35.90,36.10,NaN,NaN
3524.30,35.80,34.92,36.00,20.00,AUTO,0,NaN,NaN,NaN,NaN,NaN,NaN,NaN,NaN,NaN,NaN,1,NaN,35.90,36.10,NaN,NaN
3525.30,35.81,34.94,36.00,20.00,AUTO,0,NaN,NaN,NaN,NaN,NaN,NaN,NaN,NaN,NaN,NaN,1,NaN,35.90,36.10,NaN,NaN
3526.30,35.81,34.94,36.00,20.00,AUTO,0,NaN,NaN,NaN,NaN,NaN,NaN,NaN,NaN,NaN,NaN,1,NaN,35.90,36.10,NaN,NaN
3527.30,35.81,34.94,36.00,20.00,AUTO,0,NaN,NaN,NaN,NaN,NaN,NaN,NaN,NaN,NaN,NaN,1,NaN,35.90,36.10,NaN,NaN
3528.30,35.82,34.94,36.00,20.00,AUTO,0,NaN,NaN,NaN,NaN,NaN,NaN,NaN,NaN,NaN,NaN,1,NaN,35.90,36.10,NaN,NaN
3529.30,35.82,34.94,36.00,20.00,AUTO,0,NaN,NaN,NaN,NaN,NaN,NaN,NaN,NaN,NaN,NaN,1,NaN,35.90,36.10,NaN,NaN
3530.30,35.83,34.90,36.00,20.00,AUTO,0,NaN,NaN,NaN,NaN,NaN,NaN,NaN,NaN,NaN,NaN,1,NaN,35.90,36.10,NaN,NaN
3531.30,35.83,34.90,36.00,20.00,AUTO,0,NaN,NaN,NaN,NaN,NaN,NaN,NaN,NaN,NaN,NaN,1,NaN,35.90,36.10,NaN,NaN
3532.31,35.83,34.90,36.00,20.00,AUTO,0,NaN,NaN,NaN,NaN,NaN,NaN,NaN,NaN,NaN,NaN,1,NaN,35.90,36.10,NaN,NaN
3533.31,35.85,34.90,36.00,20.00,AUTO,0,NaN,NaN,NaN,NaN,NaN,NaN,NaN,NaN,NaN,NaN,1,NaN,35.90,36.10,NaN,NaN
3534.31,35.85,34.90,36.00,20.00,AUTO,0,NaN,NaN,NaN,NaN,NaN,NaN,NaN,NaN,NaN,NaN,1,NaN,35.90,36.10,NaN,NaN
3535.31,35.87,34.90,36.00,20.00,AUTO,0,NaN,NaN,NaN,NaN,NaN,NaN,NaN,NaN,NaN,NaN,1,NaN,35.90,36.10,NaN,NaN
3536.31,35.89,34.90,36.00,20.00,AUTO,0,NaN,NaN,NaN,NaN,NaN,NaN,NaN,NaN,NaN,NaN,1,NaN,35.90,36.10,NaN,NaN
3537.31,35.90,34.86,36.00,20.00,AUTO,0,NaN,NaN,NaN,NaN,NaN,NaN,NaN,NaN,NaN,NaN,1,NaN,35.90,36.10,NaN,NaN
3538.32,35.92,34.86,36.00,20.00,AUTO,0,NaN,NaN,NaN,NaN,NaN,NaN,NaN,NaN,NaN,NaN,1,NaN,35.90,36.10,NaN,NaN
3539.32,35.93,34.86,36.00,20.00,AUTO,0,NaN,NaN,NaN,NaN,NaN,NaN,NaN,NaN,NaN,NaN,1,NaN,35.90,36.10,NaN,NaN
3540.32,35.94,34.82,36.00,20.00,AUTO,0,NaN,NaN,NaN,NaN,NaN,NaN,NaN,NaN,NaN,NaN,1,NaN,35.90,36.10,NaN,NaN
3541.32,35.96,34.78,36.00,20.00,AUTO,0,NaN,NaN,NaN,NaN,NaN,NaN,NaN,NaN,NaN,NaN,1,NaN,35.90,36.10,NaN,NaN
3542.32,35.98,34.78,36.00,20.00,AUTO,0,NaN,NaN,NaN,NaN,NaN,NaN,NaN,NaN,NaN,NaN,1,NaN,35.90,36.10,NaN,NaN
3543.33,36.00,34.73,36.00,20.00,AUTO,0,NaN,NaN,NaN,NaN,NaN,NaN,NaN,NaN,NaN,NaN,1,NaN,35.90,36.10,NaN,NaN
3544.32,36.01,34.72,36.00,20.00,AUTO,0,NaN,NaN,NaN,NaN,NaN,NaN,NaN,NaN,NaN,NaN,1,NaN,35.90,36.10,NaN,NaN
3545.33,36.02,34.72,36.00,20.00,AUTO,0,NaN,NaN,NaN,NaN,NaN,NaN,NaN,NaN,NaN,NaN,1,NaN,35.90,36.10,NaN,NaN
3546.33,36.04,34.67,36.00,20.00,AUTO,0,NaN,NaN,NaN,NaN,NaN,NaN,NaN,NaN,NaN,NaN,1,NaN,35.90,36.10,NaN,NaN
3547.33,36.07,34.63,36.00,20.00,AUTO,0,NaN,NaN,NaN,NaN,NaN,NaN,NaN,NaN,NaN,NaN,1,NaN,35.90,36.10,NaN,NaN
3548.33,36.09,34.60,36.00,20.00,AUTO,0,NaN,NaN,NaN,NaN,NaN,NaN,NaN,NaN,NaN,NaN,1,NaN,35.90,36.10,NaN,NaN
3549.34,36.12,34.60,36.00,20.00,AUTO,0,NaN,NaN,NaN,NaN,NaN,NaN,NaN,NaN,NaN,NaN,0,NaN,35.90,36.10,NaN,NaN
3550.33,36.15,34.53,36.00,20.00,AUTO,0,NaN,NaN,NaN,NaN,NaN,NaN,NaN,NaN,NaN,NaN,0,NaN,35.90,36.10,NaN,NaN
3551.34,36.15,34.49,36.00,20.00,AUTO,0,NaN,NaN,NaN,NaN,NaN,NaN,NaN,NaN,NaN,NaN,0,NaN,35.90,36.10,NaN,NaN
3552.34,36.16,34.49,36.00,20.00,AUTO,0,NaN,NaN,NaN,NaN,NaN,NaN,NaN,NaN,NaN,NaN,0,NaN,35.90,36.10,NaN,NaN
3553.34,36.16,34.49,36.00,20.00,AUTO,0,NaN,NaN,NaN,NaN,NaN,NaN,NaN,NaN,NaN,NaN,0,NaN,35.90,36.10,NaN,NaN
3554.34,36.16,34.49,36.00,20.00,AUTO,0,NaN,NaN,NaN,NaN,NaN,NaN,NaN,NaN,NaN,NaN,0,NaN,35.90,36.10,NaN,NaN
3555.34,36.16,34.49,36.00,20.00,AUTO,0,NaN,NaN,NaN,NaN,NaN,NaN,NaN,NaN,NaN,NaN,0,NaN,35.90,36.10,NaN,NaN
3556.35,36.16,34.49,36.00,20.00,AUTO,0,NaN,NaN,NaN,NaN,NaN,NaN,NaN,NaN,NaN,NaN,0,NaN,35.90,36.10,NaN,NaN
3557.35,36.17,34.45,36.00,20.00,AUTO,0,NaN,NaN,NaN,NaN,NaN,NaN,NaN,NaN,NaN,NaN,0,NaN,35.90,36.10,NaN,NaN
3558.35,36.17,34.45,36.00,20.00,AUTO,0,NaN,NaN,NaN,NaN,NaN,NaN,NaN,NaN,NaN,NaN,0,NaN,35.90,36.10,NaN,NaN
3559.35,36.18,34.45,36.00,20.00,AUTO,0,NaN,NaN,NaN,NaN,NaN,NaN,NaN,NaN,NaN,NaN,0,NaN,35.90,36.10,NaN,NaN
3560.35,36.17,34.45,36.00,20.00,AUTO,0,NaN,NaN,NaN,NaN,NaN,NaN,NaN,NaN,NaN,NaN,0,NaN,35.90,36.10,NaN,NaN
3561.35,36.16,34.45,36.00,20.00,AUTO,0,NaN,NaN,NaN,NaN,NaN,NaN,NaN,NaN,NaN,NaN,0,NaN,35.90,36.10,NaN,NaN
3562.35,36.15,34.45,36.00,20.00,AUTO,0,NaN,NaN,NaN,NaN,NaN,NaN,NaN,NaN,NaN,NaN,0,NaN,35.90,36.10,NaN,NaN
3563.35,36.14,34.45,36.00,20.00,AUTO,0,NaN,NaN,NaN,NaN,NaN,NaN,NaN,NaN,NaN,NaN,0,NaN,35.90,36.10,NaN,NaN
3564.36,36.14,34.45,36.00,20.00,AUTO,0,NaN,NaN,NaN,NaN,NaN,NaN,NaN,NaN,NaN,NaN,0,NaN,35.90,36.10,NaN,NaN
3565.36,36.13,34.43,36.00,20.00,AUTO,0,NaN,NaN,NaN,NaN,NaN,NaN,NaN,NaN,NaN,NaN,0,NaN,35.90,36.10,NaN,NaN
3566.36,36.13,34.45,36.00,20.00,AUTO,0,NaN,NaN,NaN,NaN,NaN,NaN,NaN,NaN,NaN,NaN,0,NaN,35.90,36.10,NaN,NaN
3567.36,36.12,34.47,36.00,20.00,AUTO,0,NaN,NaN,NaN,NaN,NaN,NaN,NaN,NaN,NaN,NaN,0,NaN,35.90,36.10,NaN,NaN
3568.36,36.11,34.47,36.00,20.00,AUTO,0,NaN,NaN,NaN,NaN,NaN,NaN,NaN,NaN,NaN,NaN,0,NaN,35.90,36.10,NaN,NaN
3569.36,36.10,34.47,36.00,20.00,AUTO,0,NaN,NaN,NaN,NaN,NaN,NaN,NaN,NaN,NaN,NaN,0,NaN,35.90,36.10,NaN,NaN
3570.37,36.10,34.47,36.00,20.00,AUTO,0,NaN,NaN,NaN,NaN,NaN,NaN,NaN,NaN,NaN,NaN,0,NaN,35.90,36.10,NaN,NaN
3571.37,36.08,34.47,36.00,20.00,AUTO,0,NaN,NaN,NaN,NaN,NaN,NaN,NaN,NaN,NaN,NaN,0,NaN,35.90,36.10,NaN,NaN
3572.37,36.08,34.51,36.00,20.00,AUTO,0,NaN,NaN,NaN,NaN,NaN,NaN,NaN,NaN,NaN,NaN,0,NaN,35.90,36.10,NaN,NaN
3573.37,36.07,34.55,36.00,20.00,AUTO,0,NaN,NaN,NaN,NaN,NaN,NaN,NaN,NaN,NaN,NaN,0,NaN,35.90,36.10,NaN,NaN
3574.37,36.06,34.60,36.00,20.00,AUTO,0,NaN,NaN,NaN,NaN,NaN,NaN,NaN,NaN,NaN,NaN,0,NaN,35.90,36.10,NaN,NaN
3575.37,36.04,34.60,36.00,20.00,AUTO,0,NaN,NaN,NaN,NaN,NaN,NaN,NaN,NaN,NaN,NaN,0,NaN,35.90,36.10,NaN,NaN
3576.37,36.03,34.63,36.00,20.00,AUTO,0,NaN,NaN,NaN,NaN,NaN,NaN,NaN,NaN,NaN,NaN,0,NaN,35.90,36.10,NaN,NaN
3577.38,36.02,34.63,36.00,20.00,AUTO,0,NaN,NaN,NaN,NaN,NaN,NaN,NaN,NaN,NaN,NaN,0,NaN,35.90,36.10,NaN,NaN
3578.38,36.01,34.67,36.00,20.00,AUTO,0,NaN,NaN,NaN,NaN,NaN,NaN,NaN,NaN,NaN,NaN,0,NaN,35.90,36.10,NaN,NaN
3579.38,36.01,34.72,36.00,20.00,AUTO,0,NaN,NaN,NaN,NaN,NaN,NaN,NaN,NaN,NaN,NaN,0,NaN,35.90,36.10,NaN,NaN
3580.38,36.00,34.70,36.00,20.00,AUTO,0,NaN,NaN,NaN,NaN,NaN,NaN,NaN,NaN,NaN,NaN,0,NaN,35.90,36.10,NaN,NaN
3581.38,35.98,34.70,36.00,20.00,AUTO,0,NaN,NaN,NaN,NaN,NaN,NaN,NaN,NaN,NaN,NaN,0,NaN,35.90,36.10,NaN,NaN
3582.38,35.97,34.73,36.00,20.00,AUTO,0,NaN,NaN,NaN,NaN,NaN,NaN,NaN,NaN,NaN,NaN,0,NaN,35.90,36.10,NaN,NaN
3583.39,35.96,34.73,36.00,20.00,AUTO,0,NaN,NaN,NaN,NaN,NaN,NaN,NaN,NaN,NaN,NaN,0,NaN,35.90,36.10,NaN,NaN
3584.39,35.94,34.73,36.00,20.00,AUTO,0,NaN,NaN,NaN,NaN,NaN,NaN,NaN,NaN,NaN,NaN,0,NaN,35.90,36.10,NaN,NaN
3585.39,35.93,34.78,36.00,20.00,AUTO,0,NaN,NaN,NaN,NaN,NaN,NaN,NaN,NaN,NaN,NaN,0,NaN,35.90,36.10,NaN,NaN
3586.39,35.90,34.78,36.00,20.00,AUTO,0,NaN,NaN,NaN,NaN,NaN,NaN,NaN,NaN,NaN,NaN,0,NaN,35.90,36.10,NaN,NaN
3587.39,35.90,34.82,36.00,20.00,AUTO,0,NaN,NaN,NaN,NaN,NaN,NaN,NaN,NaN,NaN,NaN,0,NaN,35.90,36.10,NaN,NaN
3588.40,35.88,34.86,36.00,20.00,AUTO,0,NaN,NaN,NaN,NaN,NaN,NaN,NaN,NaN,NaN,NaN,1,NaN,35.90,36.10,NaN,NaN
3589.40,35.86,34.86,36.00,20.00,AUTO,0,NaN,NaN,NaN,NaN,NaN,NaN,NaN,NaN,NaN,NaN,1,NaN,35.90,36.10,NaN,NaN
3590.39,35.83,34.90,36.00,20.00,AUTO,0,NaN,NaN,NaN,NaN,NaN,NaN,NaN,NaN,NaN,NaN,1,NaN,35.90,36.10,NaN,NaN
3591.40,35.81,34.90,36.00,20.00,AUTO,0,NaN,NaN,NaN,NaN,NaN,NaN,NaN,NaN,NaN,NaN,1,NaN,35.90,36.10,NaN,NaN
3592.40,35.80,34.92,36.00,20.00,AUTO,0,NaN,NaN,NaN,NaN,NaN,NaN,NaN,NaN,NaN,NaN,1,NaN,35.90,36.10,NaN,NaN
3593.40,35.79,34.92,36.00,20.00,AUTO,0,NaN,NaN,NaN,NaN,NaN,NaN,NaN,NaN,NaN,NaN,1,NaN,35.90,36.10,NaN,NaN
3594.40,35.78,34.92,36.00,20.00,AUTO,0,NaN,NaN,NaN,NaN,NaN,NaN,NaN,NaN,NaN,NaN,1,NaN,35.90,36.10,NaN,NaN
3595.40,35.78,34.95,36.00,20.00,AUTO,0,NaN,NaN,NaN,NaN,NaN,NaN,NaN,NaN,NaN,NaN,1,NaN,35.90,36.10,NaN,NaN
3596.41,35.78,34.95,36.00,20.00,AUTO,0,NaN,NaN,NaN,NaN,NaN,NaN,NaN,NaN,NaN,NaN,1,NaN,35.90,36.10,NaN,NaN
3597.41,35.74,34.95,36.00,20.00,AUTO,0,NaN,NaN,NaN,NaN,NaN,NaN,NaN,NaN,NaN,NaN,1,NaN,35.90,36.10,NaN,NaN
3598.41,35.74,34.99,36.00,20.00,AUTO,0,NaN,NaN,NaN,NaN,NaN,NaN,NaN,NaN,NaN,NaN,1,NaN,35.90,36.10,NaN,NaN
3599.41,35.74,34.99,36.00,20.00,AUTO,0,NaN,NaN,NaN,NaN,NaN,NaN,NaN,NaN,NaN,NaN,1,NaN,35.90,36.10,NaN,NaN
3600.41,35.74,34.99,36.00,20.00,AUTO,0,NaN,NaN,NaN,NaN,NaN,NaN,NaN,NaN,NaN,NaN,1,NaN,35.90,36.10,NaN,NaN
3601.41,35.74,35.02,36.00,20.00,AUTO,0,NaN,NaN,NaN,NaN,NaN,NaN,NaN,NaN,NaN,NaN,1,NaN,35.90,36.10,NaN,NaN
3602.42,35.75,35.02,36.00,20.00,AUTO,0,NaN,NaN,NaN,NaN,NaN,NaN,NaN,NaN,NaN,NaN,1,NaN,35.90,36.10,NaN,NaN
3603.42,35.77,35.02,36.00,20.00,AUTO,0,NaN,NaN,NaN,NaN,NaN,NaN,NaN,NaN,NaN,NaN,1,NaN,35.90,36.10,NaN,NaN
3604.42,35.75,35.02,36.00,20.00,AUTO,0,NaN,NaN,NaN,NaN,NaN,NaN,NaN,NaN,NaN,NaN,1,NaN,35.90,36.10,NaN,NaN
3605.42,35.75,35.02,36.00,20.00,AUTO,0,NaN,NaN,NaN,NaN,NaN,NaN,NaN,NaN,NaN,NaN,1,NaN,35.90,36.10,NaN,NaN
3606.42,35.77,35.02,36.00,20.00,AUTO,0,NaN,NaN,NaN,NaN,NaN,NaN,NaN,NaN,NaN,NaN,1,NaN,35.90,36.10,NaN,NaN
3607.42,35.77,35.02,36.00,20.00,AUTO,0,NaN,NaN,NaN,NaN,NaN,NaN,NaN,NaN,NaN,NaN,1,NaN,35.90,36.10,NaN,NaN
3608.42,35.78,34.99,36.00,20.00,AUTO,0,NaN,NaN,NaN,NaN,NaN,NaN,NaN,NaN,NaN,NaN,1,NaN,35.90,36.10,NaN,NaN
3609.43,35.78,34.99,36.00,20.00,AUTO,0,NaN,NaN,NaN,NaN,NaN,NaN,NaN,NaN,NaN,NaN,1,NaN,35.90,36.10,NaN,NaN
3610.43,35.78,34.99,36.00,20.00,AUTO,0,NaN,NaN,NaN,NaN,NaN,NaN,NaN,NaN,NaN,NaN,1,NaN,35.90,36.10,NaN,NaN
3611.43,35.80,34.99,36.00,20.00,AUTO,0,NaN,NaN,NaN,NaN,NaN,NaN,NaN,NaN,NaN,NaN,1,NaN,35.90,36.10,NaN,NaN
3612.43,35.81,34.97,36.00,20.00,AUTO,0,NaN,NaN,NaN,NaN,NaN,NaN,NaN,NaN,NaN,NaN,1,NaN,35.90,36.10,NaN,NaN
3613.43,35.82,34.97,36.00,20.00,AUTO,0,NaN,NaN,NaN,NaN,NaN,NaN,NaN,NaN,NaN,NaN,1,NaN,35.90,36.10,NaN,NaN
3614.43,35.83,34.97,36.00,20.00,AUTO,0,NaN,NaN,NaN,NaN,NaN,NaN,NaN,NaN,NaN,NaN,1,NaN,35.90,36.10,NaN,NaN
3615.44,35.84,34.94,36.00,20.00,AUTO,0,NaN,NaN,NaN,NaN,NaN,NaN,NaN,NaN,NaN,NaN,1,NaN,35.90,36.10,NaN,NaN
3616.44,35.85,34.94,36.00,20.00,AUTO,0,NaN,NaN,NaN,NaN,NaN,NaN,NaN,NaN,NaN,NaN,1,NaN,35.90,36.10,NaN,NaN
3617.44,35.87,34.90,36.00,20.00,AUTO,0,NaN,NaN,NaN,NaN,NaN,NaN,NaN,NaN,NaN,NaN,1,NaN,35.90,36.10,NaN,NaN
3618.44,35.88,34.90,36.00,20.00,AUTO,0,NaN,NaN,NaN,NaN,NaN,NaN,NaN,NaN,NaN,NaN,1,NaN,35.90,36.10,NaN,NaN
3619.44,35.90,34.90,36.00,20.00,AUTO,0,NaN,NaN,NaN,NaN,NaN,NaN,NaN,NaN,NaN,NaN,1,NaN,35.90,36.10,NaN,NaN
3620.44,35.90,34.90,36.00,20.00,AUTO,0,NaN,NaN,NaN,NaN,NaN,NaN,NaN,NaN,NaN,NaN,1,NaN,35.90,36.10,NaN,NaN
3621.44,35.93,34.86,36.00,20.00,AUTO,0,NaN,NaN,NaN,NaN,NaN,NaN,NaN,NaN,NaN,NaN,1,NaN,35.90,36.10,NaN,NaN
3622.44,35.95,34.86,36.00,20.00,AUTO,0,NaN,NaN,NaN,NaN,NaN,NaN,NaN,NaN,NaN,NaN,1,NaN,35.90,36.10,NaN,NaN
3623.45,35.97,34.82,36.00,20.00,AUTO,0,NaN,NaN,NaN,NaN,NaN,NaN,NaN,NaN,NaN,NaN,1,NaN,35.90,36.10,NaN,NaN
3624.45,35.99,34.78,36.00,20.00,AUTO,0,NaN,NaN,NaN,NaN,NaN,NaN,NaN,NaN,NaN,NaN,1,NaN,35.90,36.10,NaN,NaN
3625.45,36.00,34.73,36.00,20.00,AUTO,0,NaN,NaN,NaN,NaN,NaN,NaN,NaN,NaN,NaN,NaN,1,NaN,35.90,36.10,NaN,NaN
3626.45,36.01,34.72,36.00,20.00,AUTO,0,NaN,NaN,NaN,NaN,NaN,NaN,NaN,NaN,NaN,NaN,1,NaN,35.90,36.10,NaN,NaN
3627.45,36.01,34.72,36.00,20.00,AUTO,0,NaN,NaN,NaN,NaN,NaN,NaN,NaN,NaN,NaN,NaN,1,NaN,35.90,36.10,NaN,NaN
3628.45,36.04,34.67,36.00,20.00,AUTO,0,NaN,NaN,NaN,NaN,NaN,NaN,NaN,NaN,NaN,NaN,1,NaN,35.90,36.10,NaN,NaN
3629.46,36.08,34.63,36.00,20.00,AUTO,0,NaN,NaN,NaN,NaN,NaN,NaN,NaN,NaN,NaN,NaN,1,NaN,35.90,36.10,NaN,NaN
3630.46,36.10,34.63,36.00,20.00,AUTO,0,NaN,NaN,NaN,NaN,NaN,NaN,NaN,NaN,NaN,NaN,1,NaN,35.90,36.10,NaN,NaN
3631.46,36.10,34.60,36.00,20.00,AUTO,0,NaN,NaN,NaN,NaN,NaN,NaN,NaN,NaN,NaN,NaN,1,NaN,35.90,36.10,NaN,NaN
3632.46,36.12,34.55,36.00,20.00,AUTO,0,NaN,NaN,NaN,NaN,NaN,NaN,NaN,NaN,NaN,NaN,0,NaN,35.90,36.10,NaN,NaN
3633.46,36.16,34.53,36.00,20.00,AUTO,0,NaN,NaN,NaN,NaN,NaN,NaN,NaN,NaN,NaN,NaN,0,NaN,35.90,36.10,NaN,NaN
3634.47,36.17,34.49,36.00,20.00,AUTO,0,NaN,NaN,NaN,NaN,NaN,NaN,NaN,NaN,NaN,NaN,0,NaN,35.90,36.10,NaN,NaN
3635.46,36.18,34.49,36.00,20.00,AUTO,0,NaN,NaN,NaN,NaN,NaN,NaN,NaN,NaN,NaN,NaN,0,NaN,35.90,36.10,NaN,NaN
3636.47,36.18,34.49,36.00,20.00,AUTO,0,NaN,NaN,NaN,NaN,NaN,NaN,NaN,NaN,NaN,NaN,0,NaN,35.90,36.10,NaN,NaN
3637.47,36.18,34.49,36.00,20.00,AUTO,0,NaN,NaN,NaN,NaN,NaN,NaN,NaN,NaN,NaN,NaN,0,NaN,35.90,36.10,NaN,NaN
3638.47,36.18,34.45,36.00,20.00,AUTO,0,NaN,NaN,NaN,NaN,NaN,NaN,NaN,NaN,NaN,NaN,0,NaN,35.90,36.10,NaN,NaN
3639.47,36.18,34.45,36.00,20.00,AUTO,0,NaN,NaN,NaN,NaN,NaN,NaN,NaN,NaN,NaN,NaN,0,NaN,35.90,36.10,NaN,NaN
3640.48,36.18,34.45,36.00,20.00,AUTO,0,NaN,NaN,NaN,NaN,NaN,NaN,NaN,NaN,NaN,NaN,0,NaN,35.90,36.10,NaN,NaN
3641.47,36.19,34.45,36.00,20.00,AUTO,0,NaN,NaN,NaN,NaN,NaN,NaN,NaN,NaN,NaN,NaN,0,NaN,35.90,36.10,NaN,NaN
3642.48,36.19,34.45,36.00,20.00,AUTO,0,NaN,NaN,NaN,NaN,NaN,NaN,NaN,NaN,NaN,NaN,0,NaN,35.90,36.10,NaN,NaN
3643.48,36.18,34.45,36.00,20.00,AUTO,0,NaN,NaN,NaN,NaN,NaN,NaN,NaN,NaN,NaN,NaN,0,NaN,35.90,36.10,NaN,NaN
3644.48,36.17,34.45,36.00,20.00,AUTO,0,NaN,NaN,NaN,NaN,NaN,NaN,NaN,NaN,NaN,NaN,0,NaN,35.90,36.10,NaN,NaN
3645.48,36.17,34.45,36.00,20.00,AUTO,0,NaN,NaN,NaN,NaN,NaN,NaN,NaN,NaN,NaN,NaN,0,NaN,35.90,36.10,NaN,NaN
3646.48,36.16,34.45,36.00,20.00,AUTO,0,NaN,NaN,NaN,NaN,NaN,NaN,NaN,NaN,NaN,NaN,0,NaN,35.90,36.10,NaN,NaN
3647.49,36.16,34.49,36.00,20.00,AUTO,0,NaN,NaN,NaN,NaN,NaN,NaN,NaN,NaN,NaN,NaN,0,NaN,35.90,36.10,NaN,NaN
3648.49,36.15,34.49,36.00,20.00,AUTO,0,NaN,NaN,NaN,NaN,NaN,NaN,NaN,NaN,NaN,NaN,0,NaN,35.90,36.10,NaN,NaN
3649.49,36.15,34.49,36.00,20.00,AUTO,0,NaN,NaN,NaN,NaN,NaN,NaN,NaN,NaN,NaN,NaN,0,NaN,35.90,36.10,NaN,NaN
3650.49,36.14,34.49,36.00,20.00,AUTO,0,NaN,NaN,NaN,NaN,NaN,NaN,NaN,NaN,NaN,NaN,0,NaN,35.90,36.10,NaN,NaN
3651.49,36.13,34.49,36.00,20.00,AUTO,0,NaN,NaN,NaN,NaN,NaN,NaN,NaN,NaN,NaN,NaN,0,NaN,35.90,36.10,NaN,NaN
3652.49,36.13,34.47,36.00,20.00,AUTO,0,NaN,NaN,NaN,NaN,NaN,NaN,NaN,NaN,NaN,NaN,0,NaN,35.90,36.10,NaN,NaN
3653.49,36.12,34.47,36.00,20.00,AUTO,0,NaN,NaN,NaN,NaN,NaN,NaN,NaN,NaN,NaN,NaN,0,NaN,35.90,36.10,NaN,NaN
3654.50,36.11,34.47,36.00,20.00,AUTO,0,NaN,NaN,NaN,NaN,NaN,NaN,NaN,NaN,NaN,NaN,0,NaN,35.90,36.10,NaN,NaN
3655.50,36.10,34.51,36.00,20.00,AUTO,0,NaN,NaN,NaN,NaN,NaN,NaN,NaN,NaN,NaN,NaN,0,NaN,35.90,36.10,NaN,NaN
3656.50,36.09,34.55,36.00,20.00,AUTO,0,NaN,NaN,NaN,NaN,NaN,NaN,NaN,NaN,NaN,NaN,0,NaN,35.90,36.10,NaN,NaN
3657.50,36.08,34.55,36.00,20.00,AUTO,0,NaN,NaN,NaN,NaN,NaN,NaN,NaN,NaN,NaN,NaN,0,NaN,35.90,36.10,NaN,NaN
3658.50,36.08,34.60,36.00,20.00,AUTO,0,NaN,NaN,NaN,NaN,NaN,NaN,NaN,NaN,NaN,NaN,0,NaN,35.90,36.10,NaN,NaN
3659.51,36.07,34.60,36.00,20.00,AUTO,0,NaN,NaN,NaN,NaN,NaN,NaN,NaN,NaN,NaN,NaN,0,NaN,35.90,36.10,NaN,NaN
3660.50,36.04,34.60,36.00,20.00,AUTO,0,NaN,NaN,NaN,NaN,NaN,NaN,NaN,NaN,NaN,NaN,0,NaN,35.90,36.10,NaN,NaN
3661.51,36.03,34.63,36.00,20.00,AUTO,0,NaN,NaN,NaN,NaN,NaN,NaN,NaN,NaN,NaN,NaN,0,NaN,35.90,36.10,NaN,NaN
3662.51,36.02,34.63,36.00,20.00,AUTO,0,NaN,NaN,NaN,NaN,NaN,NaN,NaN,NaN,NaN,NaN,0,NaN,35.90,36.10,NaN,NaN
3663.51,36.01,34.63,36.00,20.00,AUTO,0,NaN,NaN,NaN,NaN,NaN,NaN,NaN,NaN,NaN,NaN,0,NaN,35.90,36.10,NaN,NaN
3664.51,36.01,34.63,36.00,20.00,AUTO,0,NaN,NaN,NaN,NaN,NaN,NaN,NaN,NaN,NaN,NaN,0,NaN,35.90,36.10,NaN,NaN
3665.51,36.00,34.67,36.00,20.00,AUTO,0,NaN,NaN,NaN,NaN,NaN,NaN,NaN,NaN,NaN,NaN,0,NaN,35.90,36.10,NaN,NaN
3666.52,35.98,34.66,36.00,20.00,AUTO,0,NaN,NaN,NaN,NaN,NaN,NaN,NaN,NaN,NaN,NaN,0,NaN,35.90,36.10,NaN,NaN
3667.52,35.97,34.70,36.00,20.00,AUTO,0,NaN,NaN,NaN,NaN,NaN,NaN,NaN,NaN,NaN,NaN,0,NaN,35.90,36.10,NaN,NaN
3668.52,35.96,34.70,36.00,20.00,AUTO,0,NaN,NaN,NaN,NaN,NaN,NaN,NaN,NaN,NaN,NaN,0,NaN,35.90,36.10,NaN,NaN
3669.52,35.95,34.70,36.00,20.00,AUTO,0,NaN,NaN,NaN,NaN,NaN,NaN,NaN,NaN,NaN,NaN,0,NaN,35.90,36.10,NaN,NaN
3670.52,35.93,34.73,36.00,20.00,AUTO,0,NaN,NaN,NaN,NaN,NaN,NaN,NaN,NaN,NaN,NaN,0,NaN,35.90,36.10,NaN,NaN
3671.52,35.92,34.78,36.00,20.00,AUTO,0,NaN,NaN,NaN,NaN,NaN,NaN,NaN,NaN,NaN,NaN,0,NaN,35.90,36.10,NaN,NaN
3672.52,35.90,34.78,36.00,20.00,AUTO,0,NaN,NaN,NaN,NaN,NaN,NaN,NaN,NaN,NaN,NaN,0,NaN,35.90,36.10,NaN,NaN
3673.53,35.89,34.82,36.00,20.00,AUTO,0,NaN,NaN,NaN,NaN,NaN,NaN,NaN,NaN,NaN,NaN,1,NaN,35.90,36.10,NaN,NaN
3674.53,35.87,34.86,36.00,20.00,AUTO,0,NaN,NaN,NaN,NaN,NaN,NaN,NaN,NaN,NaN,NaN,1,NaN,35.90,36.10,NaN,NaN
3675.53,35.84,34.86,36.00,20.00,AUTO,0,NaN,NaN,NaN,NaN,NaN,NaN,NaN,NaN,NaN,NaN,1,NaN,35.90,36.10,NaN,NaN
3676.53,35.82,34.90,36.00,20.00,AUTO,0,NaN,NaN,NaN,NaN,NaN,NaN,NaN,NaN,NaN,NaN,1,NaN,35.90,36.10,NaN,NaN
3677.53,35.79,34.88,36.00,20.00,AUTO,0,NaN,NaN,NaN,NaN,NaN,NaN,NaN,NaN,NaN,NaN,1,NaN,35.90,36.10,NaN,NaN
3678.53,35.79,34.92,36.00,20.00,AUTO,0,NaN,NaN,NaN,NaN,NaN,NaN,NaN,NaN,NaN,NaN,1,NaN,35.90,36.10,NaN,NaN
3679.53,35.78,34.92,36.00,20.00,AUTO,0,NaN,NaN,NaN,NaN,NaN,NaN,NaN,NaN,NaN,NaN,1,NaN,35.90,36.10,NaN,NaN
3680.54,35.79,34.95,36.00,20.00,AUTO,0,NaN,NaN,NaN,NaN,NaN,NaN,NaN,NaN,NaN,NaN,1,NaN,35.90,36.10,NaN,NaN
3681.54,35.78,34.95,36.00,20.00,AUTO,0,NaN,NaN,NaN,NaN,NaN,NaN,NaN,NaN,NaN,NaN,1,NaN,35.90,36.10,NaN,NaN
3682.54,35.78,34.95,36.00,20.00,AUTO,0,NaN,NaN,NaN,NaN,NaN,NaN,NaN,NaN,NaN,NaN,1,NaN,35.90,36.10,NaN,NaN
3683.54,35.79,34.95,36.00,20.00,AUTO,0,NaN,NaN,NaN,NaN,NaN,NaN,NaN,NaN,NaN,NaN,1,NaN,35.90,36.10,NaN,NaN
3684.54,35.78,34.95,36.00,20.00,AUTO,0,NaN,NaN,NaN,NaN,NaN,NaN,NaN,NaN,NaN,NaN,1,NaN,35.90,36.10,NaN,NaN
3685.55,35.79,34.95,36.00,20.00,AUTO,0,NaN,NaN,NaN,NaN,NaN,NaN,NaN,NaN,NaN,NaN,1,NaN,35.90,36.10,NaN,NaN
3686.55,35.79,34.95,36.00,20.00,AUTO,0,NaN,NaN,NaN,NaN,NaN,NaN,NaN,NaN,NaN,NaN,1,NaN,35.90,36.10,NaN,NaN
3687.55,35.80,34.95,36.00,20.00,AUTO,0,NaN,NaN,NaN,NaN,NaN,NaN,NaN,NaN,NaN,NaN,1,NaN,35.90,36.10,NaN,NaN
3688.55,35.80,34.97,36.00,20.00,AUTO,0,NaN,NaN,NaN,NaN,NaN,NaN,NaN,NaN,NaN,NaN,1,NaN,35.90,36.10,NaN,NaN
3689.55,35.81,34.97,36.00,20.00,AUTO,0,NaN,NaN,NaN,NaN,NaN,NaN,NaN,NaN,NaN,NaN,1,NaN,35.90,36.10,NaN,NaN
3690.55,35.83,34.97,36.00,20.00,AUTO,0,NaN,NaN,NaN,NaN,NaN,NaN,NaN,NaN,NaN,NaN,1,NaN,35.90,36.10,NaN,NaN
3691.55,35.83,34.94,36.00,20.00,AUTO,0,NaN,NaN,NaN,NaN,NaN,NaN,NaN,NaN,NaN,NaN,1,NaN,35.90,36.10,NaN,NaN
3692.55,35.84,34.94,36.00,20.00,AUTO,0,NaN,NaN,NaN,NaN,NaN,NaN,NaN,NaN,NaN,NaN,1,NaN,35.90,36.10,NaN,NaN
3693.56,35.85,34.94,36.00,20.00,AUTO,0,NaN,NaN,NaN,NaN,NaN,NaN,NaN,NaN,NaN,NaN,1,NaN,35.90,36.10,NaN,NaN
3694.56,35.86,34.90,36.00,20.00,AUTO,0,NaN,NaN,NaN,NaN,NaN,NaN,NaN,NaN,NaN,NaN,1,NaN,35.90,36.10,NaN,NaN
3695.56,35.87,34.90,36.00,20.00,AUTO,0,NaN,NaN,NaN,NaN,NaN,NaN,NaN,NaN,NaN,NaN,1,NaN,35.90,36.10,NaN,NaN
3696.56,35.88,34.90,36.00,20.00,AUTO,0,NaN,NaN,NaN,NaN,NaN,NaN,NaN,NaN,NaN,NaN,1,NaN,35.90,36.10,NaN,NaN
3697.56,35.88,34.90,36.00,20.00,AUTO,0,NaN,NaN,NaN,NaN,NaN,NaN,NaN,NaN,NaN,NaN,1,NaN,35.90,36.10,NaN,NaN
3698.57,35.90,34.90,36.00,20.00,AUTO,0,NaN,NaN,NaN,NaN,NaN,NaN,NaN,NaN,NaN,NaN,1,NaN,35.90,36.10,NaN,NaN
3699.57,35.92,34.86,36.00,20.00,AUTO,0,NaN,NaN,NaN,NaN,NaN,NaN,NaN,NaN,NaN,NaN,1,NaN,35.90,36.10,NaN,NaN
3700.57,35.95,34.86,36.00,20.00,AUTO,0,NaN,NaN,NaN,NaN,NaN,NaN,NaN,NaN,NaN,NaN,1,NaN,35.90,36.10,NaN,NaN
3701.57,35.97,34.82,36.00,20.00,AUTO,0,NaN,NaN,NaN,NaN,NaN,NaN,NaN,NaN,NaN,NaN,1,NaN,35.90,36.10,NaN,NaN
3702.57,35.97,34.78,36.00,20.00,AUTO,0,NaN,NaN,NaN,NaN,NaN,NaN,NaN,NaN,NaN,NaN,1,NaN,35.90,36.10,NaN,NaN
3703.57,35.97,34.78,36.00,20.00,AUTO,0,NaN,NaN,NaN,NaN,NaN,NaN,NaN,NaN,NaN,NaN,1,NaN,35.90,36.10,NaN,NaN
3704.58,35.98,34.78,36.00,20.00,AUTO,0,NaN,NaN,NaN,NaN,NaN,NaN,NaN,NaN,NaN,NaN,1,NaN,35.90,36.10,NaN,NaN
3705.57,36.00,34.73,36.00,20.00,AUTO,0,NaN,NaN,NaN,NaN,NaN,NaN,NaN,NaN,NaN,NaN,1,NaN,35.90,36.10,NaN,NaN
3706.58,36.01,34.72,36.00,20.00,AUTO,0,NaN,NaN,NaN,NaN,NaN,NaN,NaN,NaN,NaN,NaN,1,NaN,35.90,36.10,NaN,NaN
3707.58,36.01,34.72,36.00,20.00,AUTO,0,NaN,NaN,NaN,NaN,NaN,NaN,NaN,NaN,NaN,NaN,1,NaN,35.90,36.10,NaN,NaN
3708.58,36.04,34.72,36.00,20.00,AUTO,0,NaN,NaN,NaN,NaN,NaN,NaN,NaN,NaN,NaN,NaN,1,NaN,35.90,36.10,NaN,NaN
3709.58,36.06,34.67,36.00,20.00,AUTO,0,NaN,NaN,NaN,NaN,NaN,NaN,NaN,NaN,NaN,NaN,1,NaN,35.90,36.10,NaN,NaN
3710.58,36.08,34.63,36.00,20.00,AUTO,0,NaN,NaN,NaN,NaN,NaN,NaN,NaN,NaN,NaN,NaN,1,NaN,35.90,36.10,NaN,NaN
3711.58,36.09,34.60,36.00,20.00,AUTO,0,NaN,NaN,NaN,NaN,NaN,NaN,NaN,NaN,NaN,NaN,1,NaN,35.90,36.10,NaN,NaN
3712.59,36.10,34.60,36.00,20.00,AUTO,0,NaN,NaN,NaN,NaN,NaN,NaN,NaN,NaN,NaN,NaN,1,NaN,35.90,36.10,NaN,NaN
3713.59,36.12,34.55,36.00,20.00,AUTO,0,NaN,NaN,NaN,NaN,NaN,NaN,NaN,NaN,NaN,NaN,0,NaN,35.90,36.10,NaN,NaN
3714.59,36.14,34.57,36.00,20.00,AUTO,0,NaN,NaN,NaN,NaN,NaN,NaN,NaN,NaN,NaN,NaN,0,NaN,35.90,36.10,NaN,NaN
3715.59,36.16,34.53,36.00,20.00,AUTO,0,NaN,NaN,NaN,NaN,NaN,NaN,NaN,NaN,NaN,NaN,0,NaN,35.90,36.10,NaN,NaN
3716.59,36.16,34.49,36.00,20.00,AUTO,0,NaN,NaN,NaN,NaN,NaN,NaN,NaN,NaN,NaN,NaN,0,NaN,35.90,36.10,NaN,NaN
3717.59,36.16,34.49,36.00,20.00,AUTO,0,NaN,NaN,NaN,NaN,NaN,NaN,NaN,NaN,NaN,NaN,0,NaN,35.90,36.10,NaN,NaN
3718.60,36.18,34.49,36.00,20.00,AUTO,0,NaN,NaN,NaN,NaN,NaN,NaN,NaN,NaN,NaN,NaN,0,NaN,35.90,36.10,NaN,NaN
3719.59,36.17,34.49,36.00,20.00,AUTO,0,NaN,NaN,NaN,NaN,NaN,NaN,NaN,NaN,NaN,NaN,0,NaN,35.90,36.10,NaN,NaN
3720.60,36.18,34.49,36.00,20.00,AUTO,0,NaN,NaN,NaN,NaN,NaN,NaN,NaN,NaN,NaN,NaN,0,NaN,35.90,36.10,NaN,NaN
3721.60,36.18,34.49,36.00,20.00,AUTO,0,NaN,NaN,NaN,NaN,NaN,NaN,NaN,NaN,NaN,NaN,0,NaN,35.90,36.10,NaN,NaN
3722.60,36.18,34.45,36.00,20.00,AUTO,0,NaN,NaN,NaN,NaN,NaN,NaN,NaN,NaN,NaN,NaN,0,NaN,35.90,36.10,NaN,NaN
3723.60,36.17,34.45,36.00,20.00,AUTO,0,NaN,NaN,NaN,NaN,NaN,NaN,NaN,NaN,NaN,NaN,0,NaN,35.90,36.10,NaN,NaN
3724.60,36.16,34.45,36.00,20.00,AUTO,0,NaN,NaN,NaN,NaN,NaN,NaN,NaN,NaN,NaN,NaN,0,NaN,35.90,36.10,NaN,NaN
3725.61,36.16,34.49,36.00,20.00,AUTO,0,NaN,NaN,NaN,NaN,NaN,NaN,NaN,NaN,NaN,NaN,0,NaN,35.90,36.10,NaN,NaN
3726.61,36.15,34.45,36.00,20.00,AUTO,0,NaN,NaN,NaN,NaN,NaN,NaN,NaN,NaN,NaN,NaN,0,NaN,35.90,36.10,NaN,NaN
3727.61,36.14,34.49,36.00,20.00,AUTO,0,NaN,NaN,NaN,NaN,NaN,NaN,NaN,NaN,NaN,NaN,0,NaN,35.90,36.10,NaN,NaN
3728.61,36.13,34.49,36.00,20.00,AUTO,0,NaN,NaN,NaN,NaN,NaN,NaN,NaN,NaN,NaN,NaN,0,NaN,35.90,36.10,NaN,NaN
3729.61,36.12,34.47,36.00,20.00,AUTO,0,NaN,NaN,NaN,NaN,NaN,NaN,NaN,NaN,NaN,NaN,0,NaN,35.90,36.10,NaN,NaN
3730.61,36.12,34.47,36.00,20.00,AUTO,0,NaN,NaN,NaN,NaN,NaN,NaN,NaN,NaN,NaN,NaN,0,NaN,35.90,36.10,NaN,NaN
3731.62,36.11,34.47,36.00,20.00,AUTO,0,NaN,NaN,NaN,NaN,NaN,NaN,NaN,NaN,NaN,NaN,0,NaN,35.90,36.10,NaN,NaN
3732.62,36.10,34.47,36.00,20.00,AUTO,0,NaN,NaN,NaN,NaN,NaN,NaN,NaN,NaN,NaN,NaN,0,NaN,35.90,36.10,NaN,NaN
3733.62,36.10,34.51,36.00,20.00,AUTO,0,NaN,NaN,NaN,NaN,NaN,NaN,NaN,NaN,NaN,NaN,0,NaN,35.90,36.10,NaN,NaN
3734.62,36.09,34.51,36.00,20.00,AUTO,0,NaN,NaN,NaN,NaN,NaN,NaN,NaN,NaN,NaN,NaN,0,NaN,35.90,36.10,NaN,NaN
3735.62,36.08,34.55,36.00,20.00,AUTO,0,NaN,NaN,NaN,NaN,NaN,NaN,NaN,NaN,NaN,NaN,0,NaN,35.90,36.10,NaN,NaN
3736.62,36.08,34.60,36.00,20.00,AUTO,0,NaN,NaN,NaN,NaN,NaN,NaN,NaN,NaN,NaN,NaN,0,NaN,35.90,36.10,NaN,NaN
3737.62,36.06,34.60,36.00,20.00,AUTO,0,NaN,NaN,NaN,NaN,NaN,NaN,NaN,NaN,NaN,NaN,0,NaN,35.90,36.10,NaN,NaN
3738.63,36.04,34.63,36.00,20.00,AUTO,0,NaN,NaN,NaN,NaN,NaN,NaN,NaN,NaN,NaN,NaN,0,NaN,35.90,36.10,NaN,NaN
3739.63,36.03,34.63,36.00,20.00,AUTO,0,NaN,NaN,NaN,NaN,NaN,NaN,NaN,NaN,NaN,NaN,0,NaN,35.90,36.10,NaN,NaN
3740.63,36.02,34.63,36.00,20.00,AUTO,0,NaN,NaN,NaN,NaN,NaN,NaN,NaN,NaN,NaN,NaN,0,NaN,35.90,36.10,NaN,NaN
3741.63,36.01,34.63,36.00,20.00,AUTO,0,NaN,NaN,NaN,NaN,NaN,NaN,NaN,NaN,NaN,NaN,0,NaN,35.90,36.10,NaN,NaN
3742.63,36.01,34.63,36.00,20.00,AUTO,0,NaN,NaN,NaN,NaN,NaN,NaN,NaN,NaN,NaN,NaN,0,NaN,35.90,36.10,NaN,NaN
3743.63,36.00,34.62,36.00,20.00,AUTO,0,NaN,NaN,NaN,NaN,NaN,NaN,NaN,NaN,NaN,NaN,0,NaN,35.90,36.10,NaN,NaN
3744.64,35.99,34.62,36.00,20.00,AUTO,0,NaN,NaN,NaN,NaN,NaN,NaN,NaN,NaN,NaN,NaN,0,NaN,35.90,36.10,NaN,NaN
3745.64,35.97,34.66,36.00,20.00,AUTO,0,NaN,NaN,NaN,NaN,NaN,NaN,NaN,NaN,NaN,NaN,0,NaN,35.90,36.10,NaN,NaN
3746.64,35.96,34.70,36.00,20.00,AUTO,0,NaN,NaN,NaN,NaN,NaN,NaN,NaN,NaN,NaN,NaN,0,NaN,35.90,36.10,NaN,NaN
3747.64,35.94,34.73,36.00,20.00,AUTO,0,NaN,NaN,NaN,NaN,NaN,NaN,NaN,NaN,NaN,NaN,0,NaN,35.90,36.10,NaN,NaN
3748.64,35.94,34.78,36.00,20.00,AUTO,0,NaN,NaN,NaN,NaN,NaN,NaN,NaN,NaN,NaN,NaN,0,NaN,35.90,36.10,NaN,NaN
3749.64,35.93,34.82,36.00,20.00,AUTO,0,NaN,NaN,NaN,NaN,NaN,NaN,NaN,NaN,NaN,NaN,0,NaN,35.90,36.10,NaN,NaN
3750.64,35.90,34.82,36.00,20.00,AUTO,0,NaN,NaN,NaN,NaN,NaN,NaN,NaN,NaN,NaN,NaN,0,NaN,35.90,36.10,NaN,NaN
3751.64,35.90,34.86,36.00,20.00,AUTO,0,NaN,NaN,NaN,NaN,NaN,NaN,NaN,NaN,NaN,NaN,0,NaN,35.90,36.10,NaN,NaN
3752.65,35.89,34.90,36.00,20.00,AUTO,0,NaN,NaN,NaN,NaN,NaN,NaN,NaN,NaN,NaN,NaN,1,NaN,35.90,36.10,NaN,NaN
3753.65,35.86,34.90,36.00,20.00,AUTO,0,NaN,NaN,NaN,NaN,NaN,NaN,NaN,NaN,NaN,NaN,1,NaN,35.90,36.10,NaN,NaN
3754.65,35.83,34.90,36.00,20.00,AUTO,0,NaN,NaN,NaN,NaN,NaN,NaN,NaN,NaN,NaN,NaN,1,NaN,35.90,36.10,NaN,NaN
3755.65,35.81,34.94,36.00,20.00,AUTO,0,NaN,NaN,NaN,NaN,NaN,NaN,NaN,NaN,NaN,NaN,1,NaN,35.90,36.10,NaN,NaN
3756.65,35.79,34.92,36.00,20.00,AUTO,0,NaN,NaN,NaN,NaN,NaN,NaN,NaN,NaN,NaN,NaN,1,NaN,35.90,36.10,NaN,NaN
3757.66,35.78,34.95,36.00,20.00,AUTO,0,NaN,NaN,NaN,NaN,NaN,NaN,NaN,NaN,NaN,NaN,1,NaN,35.90,36.10,NaN,NaN
3758.66,35.78,34.95,36.00,20.00,AUTO,0,NaN,NaN,NaN,NaN,NaN,NaN,NaN,NaN,NaN,NaN,1,NaN,35.90,36.10,NaN,NaN
3759.66,35.78,34.95,36.00,20.00,AUTO,0,NaN,NaN,NaN,NaN,NaN,NaN,NaN,NaN,NaN,NaN,1,NaN,35.90,36.10,NaN,NaN
3760.66,35.78,34.95,36.00,20.00,AUTO,0,NaN,NaN,NaN,NaN,NaN,NaN,NaN,NaN,NaN,NaN,1,NaN,35.90,36.10,NaN,NaN
3761.66,35.77,34.99,36.00,20.00,AUTO,0,NaN,NaN,NaN,NaN,NaN,NaN,NaN,NaN,NaN,NaN,1,NaN,35.90,36.10,NaN,NaN
3762.66,35.77,34.99,36.00,20.00,AUTO,0,NaN,NaN,NaN,NaN,NaN,NaN,NaN,NaN,NaN,NaN,1,NaN,35.90,36.10,NaN,NaN
3763.67,35.77,34.99,36.00,20.00,AUTO,0,NaN,NaN,NaN,NaN,NaN,NaN,NaN,NaN,NaN,NaN,1,NaN,35.90,36.10,NaN,NaN
3764.66,35.77,35.02,36.00,20.00,AUTO,0,NaN,NaN,NaN,NaN,NaN,NaN,NaN,NaN,NaN,NaN,1,NaN,35.90,36.10,NaN,NaN
3765.67,35.78,34.99,36.00,20.00,AUTO,0,NaN,NaN,NaN,NaN,NaN,NaN,NaN,NaN,NaN,NaN,1,NaN,35.90,36.10,NaN,NaN
3766.67,35.78,34.99,36.00,20.00,AUTO,0,NaN,NaN,NaN,NaN,NaN,NaN,NaN,NaN,NaN,NaN,1,NaN,35.90,36.10,NaN,NaN
3767.67,35.79,34.99,36.00,20.00,AUTO,0,NaN,NaN,NaN,NaN,NaN,NaN,NaN,NaN,NaN,NaN,1,NaN,35.90,36.10,NaN,NaN
3768.67,35.80,34.99,36.00,20.00,AUTO,0,NaN,NaN,NaN,NaN,NaN,NaN,NaN,NaN,NaN,NaN,1,NaN,35.90,36.10,NaN,NaN
3769.67,35.81,34.97,36.00,20.00,AUTO,0,NaN,NaN,NaN,NaN,NaN,NaN,NaN,NaN,NaN,NaN,1,NaN,35.90,36.10,NaN,NaN
3770.67,35.82,34.97,36.00,20.00,AUTO,0,NaN,NaN,NaN,NaN,NaN,NaN,NaN,NaN,NaN,NaN,1,NaN,35.90,36.10,NaN,NaN
3771.68,35.83,34.97,36.00,20.00,AUTO,0,NaN,NaN,NaN,NaN,NaN,NaN,NaN,NaN,NaN,NaN,1,NaN,35.90,36.10,NaN,NaN
3772.68,35.83,34.94,36.00,20.00,AUTO,0,NaN,NaN,NaN,NaN,NaN,NaN,NaN,NaN,NaN,NaN,1,NaN,35.90,36.10,NaN,NaN
3773.68,35.84,34.94,36.00,20.00,AUTO,0,NaN,NaN,NaN,NaN,NaN,NaN,NaN,NaN,NaN,NaN,1,NaN,35.90,36.10,NaN,NaN
3774.68,35.84,34.94,36.00,20.00,AUTO,0,NaN,NaN,NaN,NaN,NaN,NaN,NaN,NaN,NaN,NaN,1,NaN,35.90,36.10,NaN,NaN
3775.68,35.85,34.94,36.00,20.00,AUTO,0,NaN,NaN,NaN,NaN,NaN,NaN,NaN,NaN,NaN,NaN,1,NaN,35.90,36.10,NaN,NaN
3776.69,35.85,34.90,36.00,20.00,AUTO,0,NaN,NaN,NaN,NaN,NaN,NaN,NaN,NaN,NaN,NaN,1,NaN,35.90,36.10,NaN,NaN
3777.69,35.86,34.90,36.00,20.00,AUTO,0,NaN,NaN,NaN,NaN,NaN,NaN,NaN,NaN,NaN,NaN,1,NaN,35.90,36.10,NaN,NaN
3778.69,35.88,34.90,36.00,20.00,AUTO,0,NaN,NaN,NaN,NaN,NaN,NaN,NaN,NaN,NaN,NaN,1,NaN,35.90,36.10,NaN,NaN
3779.69,35.89,34.90,36.00,20.00,AUTO,0,NaN,NaN,NaN,NaN,NaN,NaN,NaN,NaN,NaN,NaN,1,NaN,35.90,36.10,NaN,NaN
3780.69,35.90,34.90,36.00,20.00,AUTO,0,NaN,NaN,NaN,NaN,NaN,NaN,NaN,NaN,NaN,NaN,1,NaN,35.90,36.10,NaN,NaN
3781.69,35.94,34.86,36.00,20.00,AUTO,0,NaN,NaN,NaN,NaN,NaN,NaN,NaN,NaN,NaN,NaN,1,NaN,35.90,36.10,NaN,NaN
3782.69,35.96,34.86,36.00,20.00,AUTO,0,NaN,NaN,NaN,NaN,NaN,NaN,NaN,NaN,NaN,NaN,1,NaN,35.90,36.10,NaN,NaN
3783.69,35.97,34.82,36.00,20.00,AUTO,0,NaN,NaN,NaN,NaN,NaN,NaN,NaN,NaN,NaN,NaN,1,NaN,35.90,36.10,NaN,NaN
3784.70,35.99,34.78,36.00,20.00,AUTO,0,NaN,NaN,NaN,NaN,NaN,NaN,NaN,NaN,NaN,NaN,1,NaN,35.90,36.10,NaN,NaN
3785.70,36.01,34.79,36.00,20.00,AUTO,0,NaN,NaN,NaN,NaN,NaN,NaN,NaN,NaN,NaN,NaN,1,NaN,35.90,36.10,NaN,NaN
3786.70,36.01,34.76,36.00,20.00,AUTO,0,NaN,NaN,NaN,NaN,NaN,NaN,NaN,NaN,NaN,NaN,1,NaN,35.90,36.10,NaN,NaN
3787.70,36.02,34.72,36.00,20.00,AUTO,0,NaN,NaN,NaN,NaN,NaN,NaN,NaN,NaN,NaN,NaN,1,NaN,35.90,36.10,NaN,NaN
3788.70,36.04,34.72,36.00,20.00,AUTO,0,NaN,NaN,NaN,NaN,NaN,NaN,NaN,NaN,NaN,NaN,1,NaN,35.90,36.10,NaN,NaN
3789.71,36.07,34.67,36.00,20.00,AUTO,0,NaN,NaN,NaN,NaN,NaN,NaN,NaN,NaN,NaN,NaN,1,NaN,35.90,36.10,NaN,NaN
3790.71,36.10,34.63,36.00,20.00,AUTO,0,NaN,NaN,NaN,NaN,NaN,NaN,NaN,NaN,NaN,NaN,1,NaN,35.90,36.10,NaN,NaN
3791.71,36.10,34.60,36.00,20.00,AUTO,0,NaN,NaN,NaN,NaN,NaN,NaN,NaN,NaN,NaN,NaN,1,NaN,35.90,36.10,NaN,NaN
3792.71,36.11,34.60,36.00,20.00,AUTO,0,NaN,NaN,NaN,NaN,NaN,NaN,NaN,NaN,NaN,NaN,0,NaN,35.90,36.10,NaN,NaN
3793.71,36.12,34.55,36.00,20.00,AUTO,0,NaN,NaN,NaN,NaN,NaN,NaN,NaN,NaN,NaN,NaN,0,NaN,35.90,36.10,NaN,NaN
3794.71,36.14,34.57,36.00,20.00,AUTO,0,NaN,NaN,NaN,NaN,NaN,NaN,NaN,NaN,NaN,NaN,0,NaN,35.90,36.10,NaN,NaN
3795.72,36.14,34.53,36.00,20.00,AUTO,0,NaN,NaN,NaN,NaN,NaN,NaN,NaN,NaN,NaN,NaN,0,NaN,35.90,36.10,NaN,NaN
3796.72,36.14,34.49,36.00,20.00,AUTO,0,NaN,NaN,NaN,NaN,NaN,NaN,NaN,NaN,NaN,NaN,0,NaN,35.90,36.10,NaN,NaN
3797.72,36.15,34.49,36.00,20.00,AUTO,0,NaN,NaN,NaN,NaN,NaN,NaN,NaN,NaN,NaN,NaN,0,NaN,35.90,36.10,NaN,NaN
3798.72,36.15,34.49,36.00,20.00,AUTO,0,NaN,NaN,NaN,NaN,NaN,NaN,NaN,NaN,NaN,NaN,0,NaN,35.90,36.10,NaN,NaN
3799.72,36.15,34.49,36.00,20.00,AUTO,0,NaN,NaN,NaN,NaN,NaN,NaN,NaN,NaN,NaN,NaN,0,NaN,35.90,36.10,NaN,NaN
3800.72,36.16,34.49,36.00,20.00,AUTO,0,NaN,NaN,NaN,NaN,NaN,NaN,NaN,NaN,NaN,NaN,0,NaN,35.90,36.10,NaN,NaN
3801.72,36.16,34.49,36.00,20.00,AUTO,0,NaN,NaN,NaN,NaN,NaN,NaN,NaN,NaN,NaN,NaN,0,NaN,35.90,36.10,NaN,NaN
3802.72,36.15,34.49,36.00,20.00,AUTO,0,NaN,NaN,NaN,NaN,NaN,NaN,NaN,NaN,NaN,NaN,0,NaN,35.90,36.10,NaN,NaN
3803.73,36.14,34.49,36.00,20.00,AUTO,0,NaN,NaN,NaN,NaN,NaN,NaN,NaN,NaN,NaN,NaN,0,NaN,35.90,36.10,NaN,NaN
3804.73,36.14,34.49,36.00,20.00,AUTO,0,NaN,NaN,NaN,NaN,NaN,NaN,NaN,NaN,NaN,NaN,0,NaN,35.90,36.10,NaN,NaN
3805.73,36.14,34.49,36.00,20.00,AUTO,0,NaN,NaN,NaN,NaN,NaN,NaN,NaN,NaN,NaN,NaN,0,NaN,35.90,36.10,NaN,NaN
3806.73,36.13,34.47,36.00,20.00,AUTO,0,NaN,NaN,NaN,NaN,NaN,NaN,NaN,NaN,NaN,NaN,0,NaN,35.90,36.10,NaN,NaN
3807.73,36.12,34.47,36.00,20.00,AUTO,0,NaN,NaN,NaN,NaN,NaN,NaN,NaN,NaN,NaN,NaN,0,NaN,35.90,36.10,NaN,NaN
3808.74,36.12,34.47,36.00,20.00,AUTO,0,NaN,NaN,NaN,NaN,NaN,NaN,NaN,NaN,NaN,NaN,0,NaN,35.90,36.10,NaN,NaN
3809.74,36.11,34.47,36.00,20.00,AUTO,0,NaN,NaN,NaN,NaN,NaN,NaN,NaN,NaN,NaN,NaN,0,NaN,35.90,36.10,NaN,NaN
3810.74,36.10,34.51,36.00,20.00,AUTO,0,NaN,NaN,NaN,NaN,NaN,NaN,NaN,NaN,NaN,NaN,0,NaN,35.90,36.10,NaN,NaN
3811.74,36.10,34.51,36.00,20.00,AUTO,0,NaN,NaN,NaN,NaN,NaN,NaN,NaN,NaN,NaN,NaN,0,NaN,35.90,36.10,NaN,NaN
3812.74,36.09,34.55,36.00,20.00,AUTO,0,NaN,NaN,NaN,NaN,NaN,NaN,NaN,NaN,NaN,NaN,0,NaN,35.90,36.10,NaN,NaN
3813.74,36.08,34.55,36.00,20.00,AUTO,0,NaN,NaN,NaN,NaN,NaN,NaN,NaN,NaN,NaN,NaN,0,NaN,35.90,36.10,NaN,NaN
3814.75,36.08,34.60,36.00,20.00,AUTO,0,NaN,NaN,NaN,NaN,NaN,NaN,NaN,NaN,NaN,NaN,0,NaN,35.90,36.10,NaN,NaN
3815.74,36.07,34.60,36.00,20.00,AUTO,0,NaN,NaN,NaN,NaN,NaN,NaN,NaN,NaN,NaN,NaN,0,NaN,35.90,36.10,NaN,NaN
3816.75,36.04,34.63,36.00,20.00,AUTO,0,NaN,NaN,NaN,NaN,NaN,NaN,NaN,NaN,NaN,NaN,0,NaN,35.90,36.10,NaN,NaN
3817.75,36.04,34.63,36.00,20.00,AUTO,0,NaN,NaN,NaN,NaN,NaN,NaN,NaN,NaN,NaN,NaN,0,NaN,35.90,36.10,NaN,NaN
3818.75,36.02,34.63,36.00,20.00,AUTO,0,NaN,NaN,NaN,NaN,NaN,NaN,NaN,NaN,NaN,NaN,0,NaN,35.90,36.10,NaN,NaN
3819.75,36.01,34.63,36.00,20.00,AUTO,0,NaN,NaN,NaN,NaN,NaN,NaN,NaN,NaN,NaN,NaN,0,NaN,35.90,36.10,NaN,NaN
3820.75,36.01,34.67,36.00,20.00,AUTO,0,NaN,NaN,NaN,NaN,NaN,NaN,NaN,NaN,NaN,NaN,0,NaN,35.90,36.10,NaN,NaN
3821.76,36.00,34.66,36.00,20.00,AUTO,0,NaN,NaN,NaN,NaN,NaN,NaN,NaN,NaN,NaN,NaN,0,NaN,35.90,36.10,NaN,NaN
3822.76,35.99,34.70,36.00,20.00,AUTO,0,NaN,NaN,NaN,NaN,NaN,NaN,NaN,NaN,NaN,NaN,0,NaN,35.90,36.10,NaN,NaN
3823.76,35.98,34.70,36.00,20.00,AUTO,0,NaN,NaN,NaN,NaN,NaN,NaN,NaN,NaN,NaN,NaN,0,NaN,35.90,36.10,NaN,NaN
3824.76,35.96,34.70,36.00,20.00,AUTO,0,NaN,NaN,NaN,NaN,NaN,NaN,NaN,NaN,NaN,NaN,0,NaN,35.90,36.10,NaN,NaN
3825.76,35.95,34.73,36.00,20.00,AUTO,0,NaN,NaN,NaN,NaN,NaN,NaN,NaN,NaN,NaN,NaN,0,NaN,35.90,36.10,NaN,NaN
3826.76,35.94,34.78,36.00,20.00,AUTO,0,NaN,NaN,NaN,NaN,NaN,NaN,NaN,NaN,NaN,NaN,0,NaN,35.90,36.10,NaN,NaN
3827.76,35.93,34.78,36.00,20.00,AUTO,0,NaN,NaN,NaN,NaN,NaN,NaN,NaN,NaN,NaN,NaN,0,NaN,35.90,36.10,NaN,NaN
3828.77,35.92,34.82,36.00,20.00,AUTO,0,NaN,NaN,NaN,NaN,NaN,NaN,NaN,NaN,NaN,NaN,0,NaN,35.90,36.10,NaN,NaN
3829.77,35.89,34.86,36.00,20.00,AUTO,0,NaN,NaN,NaN,NaN,NaN,NaN,NaN,NaN,NaN,NaN,1,NaN,35.90,36.10,NaN,NaN
3830.77,35.87,34.86,36.00,20.00,AUTO,0,NaN,NaN,NaN,NaN,NaN,NaN,NaN,NaN,NaN,NaN,1,NaN,35.90,36.10,NaN,NaN
3831.77,35.85,34.86,36.00,20.00,AUTO,0,NaN,NaN,NaN,NaN,NaN,NaN,NaN,NaN,NaN,NaN,1,NaN,35.90,36.10,NaN,NaN
3832.77,35.82,34.90,36.00,20.00,AUTO,0,NaN,NaN,NaN,NaN,NaN,NaN,NaN,NaN,NaN,NaN,1,NaN,35.90,36.10,NaN,NaN
3833.77,35.81,34.90,36.00,20.00,AUTO,0,NaN,NaN,NaN,NaN,NaN,NaN,NaN,NaN,NaN,NaN,1,NaN,35.90,36.10,NaN,NaN
3834.77,35.81,34.90,36.00,20.00,AUTO,0,NaN,NaN,NaN,NaN,NaN,NaN,NaN,NaN,NaN,NaN,1,NaN,35.90,36.10,NaN,NaN
3835.78,35.81,34.92,36.00,20.00,AUTO,0,NaN,NaN,NaN,NaN,NaN,NaN,NaN,NaN,NaN,NaN,1,NaN,35.90,36.10,NaN,NaN
3836.78,35.80,34.92,36.00,20.00,AUTO,0,NaN,NaN,NaN,NaN,NaN,NaN,NaN,NaN,NaN,NaN,1,NaN,35.90,36.10,NaN,NaN
3837.78,35.81,34.94,36.00,20.00,AUTO,0,NaN,NaN,NaN,NaN,NaN,NaN,NaN,NaN,NaN,NaN,1,NaN,35.90,36.10,NaN,NaN
3838.78,35.81,34.94,36.00,20.00,AUTO,0,NaN,NaN,NaN,NaN,NaN,NaN,NaN,NaN,NaN,NaN,1,NaN,35.90,36.10,NaN,NaN
3839.78,35.81,34.92,36.00,20.00,AUTO,0,NaN,NaN,NaN,NaN,NaN,NaN,NaN,NaN,NaN,NaN,1,NaN,35.90,36.10,NaN,NaN
3840.79,35.81,34.94,36.00,20.00,AUTO,0,NaN,NaN,NaN,NaN,NaN,NaN,NaN,NaN,NaN,NaN,1,NaN,35.90,36.10,NaN,NaN
3841.79,35.81,34.95,36.00,20.00,AUTO,0,NaN,NaN,NaN,NaN,NaN,NaN,NaN,NaN,NaN,NaN,1,NaN,35.90,36.10,NaN,NaN
3842.79,35.80,34.95,36.00,20.00,AUTO,0,NaN,NaN,NaN,NaN,NaN,NaN,NaN,NaN,NaN,NaN,1,NaN,35.90,36.10,NaN,NaN
3843.79,35.81,34.97,36.00,20.00,AUTO,0,NaN,NaN,NaN,NaN,NaN,NaN,NaN,NaN,NaN,NaN,1,NaN,35.90,36.10,NaN,NaN
3844.79,35.81,34.97,36.00,20.00,AUTO,0,NaN,NaN,NaN,NaN,NaN,NaN,NaN,NaN,NaN,NaN,1,NaN,35.90,36.10,NaN,NaN
3845.79,35.81,34.97,36.00,20.00,AUTO,0,NaN,NaN,NaN,NaN,NaN,NaN,NaN,NaN,NaN,NaN,1,NaN,35.90,36.10,NaN,NaN
3846.79,35.81,34.97,36.00,20.00,AUTO,0,NaN,NaN,NaN,NaN,NaN,NaN,NaN,NaN,NaN,NaN,1,NaN,35.90,36.10,NaN,NaN
3847.79,35.82,34.97,36.00,20.00,AUTO,0,NaN,NaN,NaN,NaN,NaN,NaN,NaN,NaN,NaN,NaN,1,NaN,35.90,36.10,NaN,NaN
3848.80,35.82,34.97,36.00,20.00,AUTO,0,NaN,NaN,NaN,NaN,NaN,NaN,NaN,NaN,NaN,NaN,1,NaN,35.90,36.10,NaN,NaN
3849.80,35.83,34.97,36.00,20.00,AUTO,0,NaN,NaN,NaN,NaN,NaN,NaN,NaN,NaN,NaN,NaN,1,NaN,35.90,36.10,NaN,NaN
3850.80,35.84,34.94,36.00,20.00,AUTO,0,NaN,NaN,NaN,NaN,NaN,NaN,NaN,NaN,NaN,NaN,1,NaN,35.90,36.10,NaN,NaN
3851.80,35.84,34.94,36.00,20.00,AUTO,0,NaN,NaN,NaN,NaN,NaN,NaN,NaN,NaN,NaN,NaN,1,NaN,35.90,36.10,NaN,NaN
3852.80,35.85,34.94,36.00,20.00,AUTO,0,NaN,NaN,NaN,NaN,NaN,NaN,NaN,NaN,NaN,NaN,1,NaN,35.90,36.10,NaN,NaN
3853.81,35.86,34.94,36.00,20.00,AUTO,0,NaN,NaN,NaN,NaN,NaN,NaN,NaN,NaN,NaN,NaN,1,NaN,35.90,36.10,NaN,NaN
3854.81,35.87,34.90,36.00,20.00,AUTO,0,NaN,NaN,NaN,NaN,NaN,NaN,NaN,NaN,NaN,NaN,1,NaN,35.90,36.10,NaN,NaN
3855.81,35.88,34.90,36.00,20.00,AUTO,0,NaN,NaN,NaN,NaN,NaN,NaN,NaN,NaN,NaN,NaN,1,NaN,35.90,36.10,NaN,NaN
3856.81,35.89,34.90,36.00,20.00,AUTO,0,NaN,NaN,NaN,NaN,NaN,NaN,NaN,NaN,NaN,NaN,1,NaN,35.90,36.10,NaN,NaN
3857.81,35.89,34.90,36.00,20.00,AUTO,0,NaN,NaN,NaN,NaN,NaN,NaN,NaN,NaN,NaN,NaN,1,NaN,35.90,36.10,NaN,NaN
3858.81,35.92,34.90,36.00,20.00,AUTO,0,NaN,NaN,NaN,NaN,NaN,NaN,NaN,NaN,NaN,NaN,1,NaN,35.90,36.10,NaN,NaN
3859.81,35.93,34.86,36.00,20.00,AUTO,0,NaN,NaN,NaN,NaN,NaN,NaN,NaN,NaN,NaN,NaN,1,NaN,35.90,36.10,NaN,NaN
3860.81,35.95,34.86,36.00,20.00,AUTO,0,NaN,NaN,NaN,NaN,NaN,NaN,NaN,NaN,NaN,NaN,1,NaN,35.90,36.10,NaN,NaN
3861.81,35.96,34.86,36.00,20.00,AUTO,0,NaN,NaN,NaN,NaN,NaN,NaN,NaN,NaN,NaN,NaN,1,NaN,35.90,36.10,NaN,NaN
3862.82,35.97,34.82,36.00,20.00,AUTO,0,NaN,NaN,NaN,NaN,NaN,NaN,NaN,NaN,NaN,NaN,1,NaN,35.90,36.10,NaN,NaN
3863.82,35.98,34.78,36.00,20.00,AUTO,0,NaN,NaN,NaN,NaN,NaN,NaN,NaN,NaN,NaN,NaN,1,NaN,35.90,36.10,NaN,NaN
3864.82,36.00,34.79,36.00,20.00,AUTO,0,NaN,NaN,NaN,NaN,NaN,NaN,NaN,NaN,NaN,NaN,1,NaN,35.90,36.10,NaN,NaN
3865.82,36.00,34.76,36.00,20.00,AUTO,0,NaN,NaN,NaN,NaN,NaN,NaN,NaN,NaN,NaN,NaN,1,NaN,35.90,36.10,NaN,NaN
3866.82,36.01,34.76,36.00,20.00,AUTO,0,NaN,NaN,NaN,NaN,NaN,NaN,NaN,NaN,NaN,NaN,1,NaN,35.90,36.10,NaN,NaN
3867.83,36.04,34.72,36.00,20.00,AUTO,0,NaN,NaN,NaN,NaN,NaN,NaN,NaN,NaN,NaN,NaN,1,NaN,35.90,36.10,NaN,NaN
3868.83,36.06,34.67,36.00,20.00,AUTO,0,NaN,NaN,NaN,NaN,NaN,NaN,NaN,NaN,NaN,NaN,1,NaN,35.90,36.10,NaN,NaN
3869.83,36.07,34.67,36.00,20.00,AUTO,0,NaN,NaN,NaN,NaN,NaN,NaN,NaN,NaN,NaN,NaN,1,NaN,35.90,36.10,NaN,NaN
3870.83,36.10,34.63,36.00,20.00,AUTO,0,NaN,NaN,NaN,NaN,NaN,NaN,NaN,NaN,NaN,NaN,1,NaN,35.90,36.10,NaN,NaN
3871.83,36.11,34.63,36.00,20.00,AUTO,0,NaN,NaN,NaN,NaN,NaN,NaN,NaN,NaN,NaN,NaN,0,NaN,35.90,36.10,NaN,NaN
3872.83,36.13,34.60,36.00,20.00,AUTO,0,NaN,NaN,NaN,NaN,NaN,NaN,NaN,NaN,NaN,NaN,0,NaN,35.90,36.10,NaN,NaN
3873.84,36.14,34.57,36.00,20.00,AUTO,0,NaN,NaN,NaN,NaN,NaN,NaN,NaN,NaN,NaN,NaN,0,NaN,35.90,36.10,NaN,NaN
3874.84,36.14,34.57,36.00,20.00,AUTO,0,NaN,NaN,NaN,NaN,NaN,NaN,NaN,NaN,NaN,NaN,0,NaN,35.90,36.10,NaN,NaN
3875.84,36.15,34.53,36.00,20.00,AUTO,0,NaN,NaN,NaN,NaN,NaN,NaN,NaN,NaN,NaN,NaN,0,NaN,35.90,36.10,NaN,NaN
3876.84,36.16,34.53,36.00,20.00,AUTO,0,NaN,NaN,NaN,NaN,NaN,NaN,NaN,NaN,NaN,NaN,0,NaN,35.90,36.10,NaN,NaN
3877.84,36.17,34.49,36.00,20.00,AUTO,0,NaN,NaN,NaN,NaN,NaN,NaN,NaN,NaN,NaN,NaN,0,NaN,35.90,36.10,NaN,NaN
3878.84,36.17,34.49,36.00,20.00,AUTO,0,NaN,NaN,NaN,NaN,NaN,NaN,NaN,NaN,NaN,NaN,0,NaN,35.90,36.10,NaN,NaN
3879.84,36.17,34.49,36.00,20.00,AUTO,0,NaN,NaN,NaN,NaN,NaN,NaN,NaN,NaN,NaN,NaN,0,NaN,35.90,36.10,NaN,NaN
3880.85,36.16,34.49,36.00,20.00,AUTO,0,NaN,NaN,NaN,NaN,NaN,NaN,NaN,NaN,NaN,NaN,0,NaN,35.90,36.10,NaN,NaN
3881.85,36.16,34.49,36.00,20.00,AUTO,0,NaN,NaN,NaN,NaN,NaN,NaN,NaN,NaN,NaN,NaN,0,NaN,35.90,36.10,NaN,NaN
3882.85,36.16,34.49,36.00,20.00,AUTO,0,NaN,NaN,NaN,NaN,NaN,NaN,NaN,NaN,NaN,NaN,0,NaN,35.90,36.10,NaN,NaN
3883.85,36.15,34.49,36.00,20.00,AUTO,0,NaN,NaN,NaN,NaN,NaN,NaN,NaN,NaN,NaN,NaN,0,NaN,35.90,36.10,NaN,NaN
3884.85,36.15,34.49,36.00,20.00,AUTO,0,NaN,NaN,NaN,NaN,NaN,NaN,NaN,NaN,NaN,NaN,0,NaN,35.90,36.10,NaN,NaN
3885.85,36.14,34.49,36.00,20.00,AUTO,0,NaN,NaN,NaN,NaN,NaN,NaN,NaN,NaN,NaN,NaN,0,NaN,35.90,36.10,NaN,NaN
3886.86,36.13,34.49,36.00,20.00,AUTO,0,NaN,NaN,NaN,NaN,NaN,NaN,NaN,NaN,NaN,NaN,0,NaN,35.90,36.10,NaN,NaN
3887.86,36.13,34.47,36.00,20.00,AUTO,0,NaN,NaN,NaN,NaN,NaN,NaN,NaN,NaN,NaN,NaN,0,NaN,35.90,36.10,NaN,NaN
3888.86,36.12,34.47,36.00,20.00,AUTO,0,NaN,NaN,NaN,NaN,NaN,NaN,NaN,NaN,NaN,NaN,0,NaN,35.90,36.10,NaN,NaN
3889.86,36.12,34.51,36.00,20.00,AUTO,0,NaN,NaN,NaN,NaN,NaN,NaN,NaN,NaN,NaN,NaN,0,NaN,35.90,36.10,NaN,NaN
3890.86,36.11,34.51,36.00,20.00,AUTO,0,NaN,NaN,NaN,NaN,NaN,NaN,NaN,NaN,NaN,NaN,0,NaN,35.90,36.10,NaN,NaN
3891.86,36.10,34.55,36.00,20.00,AUTO,0,NaN,NaN,NaN,NaN,NaN,NaN,NaN,NaN,NaN,NaN,0,NaN,35.90,36.10,NaN,NaN
3892.86,36.10,34.55,36.00,20.00,AUTO,0,NaN,NaN,NaN,NaN,NaN,NaN,NaN,NaN,NaN,NaN,0,NaN,35.90,36.10,NaN,NaN
3893.86,36.09,34.60,36.00,20.00,AUTO,0,NaN,NaN,NaN,NaN,NaN,NaN,NaN,NaN,NaN,NaN,0,NaN,35.90,36.10,NaN,NaN
3894.87,36.08,34.63,36.00,20.00,AUTO,0,NaN,NaN,NaN,NaN,NaN,NaN,NaN,NaN,NaN,NaN,0,NaN,35.90,36.10,NaN,NaN
3895.87,36.07,34.63,36.00,20.00,AUTO,0,NaN,NaN,NaN,NaN,NaN,NaN,NaN,NaN,NaN,NaN,0,NaN,35.90,36.10,NaN,NaN
3896.87,36.06,34.67,36.00,20.00,AUTO,0,NaN,NaN,NaN,NaN,NaN,NaN,NaN,NaN,NaN,NaN,0,NaN,35.90,36.10,NaN,NaN
3897.87,36.04,34.67,36.00,20.00,AUTO,0,NaN,NaN,NaN,NaN,NaN,NaN,NaN,NaN,NaN,NaN,0,NaN,35.90,36.10,NaN,NaN
3898.87,36.03,34.72,36.00,20.00,AUTO,0,NaN,NaN,NaN,NaN,NaN,NaN,NaN,NaN,NaN,NaN,0,NaN,35.90,36.10,NaN,NaN
3899.88,36.02,34.72,36.00,20.00,AUTO,0,NaN,NaN,NaN,NaN,NaN,NaN,NaN,NaN,NaN,NaN,0,NaN,35.90,36.10,NaN,NaN
3900.88,36.01,34.72,36.00,20.00,AUTO,0,NaN,NaN,NaN,NaN,NaN,NaN,NaN,NaN,NaN,NaN,0,NaN,35.90,36.10,NaN,NaN
3901.88,36.01,34.76,36.00,20.00,AUTO,0,NaN,NaN,NaN,NaN,NaN,NaN,NaN,NaN,NaN,NaN,0,NaN,35.90,36.10,NaN,NaN
3902.88,36.00,34.73,36.00,20.00,AUTO,0,NaN,NaN,NaN,NaN,NaN,NaN,NaN,NaN,NaN,NaN,0,NaN,35.90,36.10,NaN,NaN
3903.88,35.98,34.78,36.00,20.00,AUTO,0,NaN,NaN,NaN,NaN,NaN,NaN,NaN,NaN,NaN,NaN,0,NaN,35.90,36.10,NaN,NaN
3904.88,35.96,34.78,36.00,20.00,AUTO,0,NaN,NaN,NaN,NaN,NaN,NaN,NaN,NaN,NaN,NaN,0,NaN,35.90,36.10,NaN,NaN
3905.89,35.96,34.78,36.00,20.00,AUTO,0,NaN,NaN,NaN,NaN,NaN,NaN,NaN,NaN,NaN,NaN,0,NaN,35.90,36.10,NaN,NaN
3906.89,35.94,34.82,36.00,20.00,AUTO,0,NaN,NaN,NaN,NaN,NaN,NaN,NaN,NaN,NaN,NaN,0,NaN,35.90,36.10,NaN,NaN
3907.89,35.93,34.86,36.00,20.00,AUTO,0,NaN,NaN,NaN,NaN,NaN,NaN,NaN,NaN,NaN,NaN,0,NaN,35.90,36.10,NaN,NaN
3908.89,35.92,34.86,36.00,20.00,AUTO,0,NaN,NaN,NaN,NaN,NaN,NaN,NaN,NaN,NaN,NaN,0,NaN,35.90,36.10,NaN,NaN
3909.89,35.90,34.86,36.00,20.00,AUTO,0,NaN,NaN,NaN,NaN,NaN,NaN,NaN,NaN,NaN,NaN,0,NaN,35.90,36.10,NaN,NaN
3910.89,35.89,34.90,36.00,20.00,AUTO,0,NaN,NaN,NaN,NaN,NaN,NaN,NaN,NaN,NaN,NaN,1,NaN,35.90,36.10,NaN,NaN
3911.89,35.86,34.90,36.00,20.00,AUTO,0,NaN,NaN,NaN,NaN,NaN,NaN,NaN,NaN,NaN,NaN,1,NaN,35.90,36.10,NaN,NaN
3912.89,35.84,34.90,36.00,20.00,AUTO,0,NaN,NaN,NaN,NaN,NaN,NaN,NaN,NaN,NaN,NaN,1,NaN,35.90,36.10,NaN,NaN
3913.90,35.81,34.94,36.00,20.00,AUTO,0,NaN,NaN,NaN,NaN,NaN,NaN,NaN,NaN,NaN,NaN,1,NaN,35.90,36.10,NaN,NaN
3914.90,35.79,34.92,36.00,20.00,AUTO,0,NaN,NaN,NaN,NaN,NaN,NaN,NaN,NaN,NaN,NaN,1,NaN,35.90,36.10,NaN,NaN
3915.90,35.79,34.92,36.00,20.00,AUTO,0,NaN,NaN,NaN,NaN,NaN,NaN,NaN,NaN,NaN,NaN,1,NaN,35.90,36.10,NaN,NaN
3916.90,35.79,34.95,36.00,20.00,AUTO,0,NaN,NaN,NaN,NaN,NaN,NaN,NaN,NaN,NaN,NaN,1,NaN,35.90,36.10,NaN,NaN
3917.90,35.79,34.95,36.00,20.00,AUTO,0,NaN,NaN,NaN,NaN,NaN,NaN,NaN,NaN,NaN,NaN,1,NaN,35.90,36.10,NaN,NaN
3918.90,35.80,34.95,36.00,20.00,AUTO,0,NaN,NaN,NaN,NaN,NaN,NaN,NaN,NaN,NaN,NaN,1,NaN,35.90,36.10,NaN,NaN
3919.91,35.79,34.95,36.00,20.00,AUTO,0,NaN,NaN,NaN,NaN,NaN,NaN,NaN,NaN,NaN,NaN,1,NaN,35.90,36.10,NaN,NaN
3920.91,35.78,34.95,36.00,20.00,AUTO,0,NaN,NaN,NaN,NaN,NaN,NaN,NaN,NaN,NaN,NaN,1,NaN,35.90,36.10,NaN,NaN
3921.91,35.79,34.99,36.00,20.00,AUTO,0,NaN,NaN,NaN,NaN,NaN,NaN,NaN,NaN,NaN,NaN,1,NaN,35.90,36.10,NaN,NaN
3922.91,35.79,34.99,36.00,20.00,AUTO,0,NaN,NaN,NaN,NaN,NaN,NaN,NaN,NaN,NaN,NaN,1,NaN,35.90,36.10,NaN,NaN
3923.91,35.80,34.99,36.00,20.00,AUTO,0,NaN,NaN,NaN,NaN,NaN,NaN,NaN,NaN,NaN,NaN,1,NaN,35.90,36.10,NaN,NaN
3924.92,35.81,35.01,36.00,20.00,AUTO,0,NaN,NaN,NaN,NaN,NaN,NaN,NaN,NaN,NaN,NaN,1,NaN,35.90,36.10,NaN,NaN
3925.92,35.81,34.97,36.00,20.00,AUTO,0,NaN,NaN,NaN,NaN,NaN,NaN,NaN,NaN,NaN,NaN,1,NaN,35.90,36.10,NaN,NaN
3926.92,35.82,34.97,36.00,20.00,AUTO,0,NaN,NaN,NaN,NaN,NaN,NaN,NaN,NaN,NaN,NaN,1,NaN,35.90,36.10,NaN,NaN
3927.92,35.82,34.97,36.00,20.00,AUTO,0,NaN,NaN,NaN,NaN,NaN,NaN,NaN,NaN,NaN,NaN,1,NaN,35.90,36.10,NaN,NaN
3928.92,35.81,34.97,36.00,20.00,AUTO,0,NaN,NaN,NaN,NaN,NaN,NaN,NaN,NaN,NaN,NaN,1,NaN,35.90,36.10,NaN,NaN
3929.92,35.82,34.97,36.00,20.00,AUTO,0,NaN,NaN,NaN,NaN,NaN,NaN,NaN,NaN,NaN,NaN,1,NaN,35.90,36.10,NaN,NaN
3930.92,35.83,34.97,36.00,20.00,AUTO,0,NaN,NaN,NaN,NaN,NaN,NaN,NaN,NaN,NaN,NaN,1,NaN,35.90,36.10,NaN,NaN
3931.93,35.83,34.97,36.00,20.00,AUTO,0,NaN,NaN,NaN,NaN,NaN,NaN,NaN,NaN,NaN,NaN,1,NaN,35.90,36.10,NaN,NaN
3932.93,35.85,34.94,36.00,20.00,AUTO,0,NaN,NaN,NaN,NaN,NaN,NaN,NaN,NaN,NaN,NaN,1,NaN,35.90,36.10,NaN,NaN
3933.93,35.86,34.94,36.00,20.00,AUTO,0,NaN,NaN,NaN,NaN,NaN,NaN,NaN,NaN,NaN,NaN,1,NaN,35.90,36.10,NaN,NaN
3934.93,35.86,34.94,36.00,20.00,AUTO,0,NaN,NaN,NaN,NaN,NaN,NaN,NaN,NaN,NaN,NaN,1,NaN,35.90,36.10,NaN,NaN
3935.93,35.87,34.90,36.00,20.00,AUTO,0,NaN,NaN,NaN,NaN,NaN,NaN,NaN,NaN,NaN,NaN,1,NaN,35.90,36.10,NaN,NaN
3936.93,35.89,34.90,36.00,20.00,AUTO,0,NaN,NaN,NaN,NaN,NaN,NaN,NaN,NaN,NaN,NaN,1,NaN,35.90,36.10,NaN,NaN
3937.94,35.90,34.90,36.00,20.00,AUTO,0,NaN,NaN,NaN,NaN,NaN,NaN,NaN,NaN,NaN,NaN,1,NaN,35.90,36.10,NaN,NaN
3938.93,35.90,34.90,36.00,20.00,AUTO,0,NaN,NaN,NaN,NaN,NaN,NaN,NaN,NaN,NaN,NaN,1,NaN,35.90,36.10,NaN,NaN
3939.94,35.92,34.90,36.00,20.00,AUTO,0,NaN,NaN,NaN,NaN,NaN,NaN,NaN,NaN,NaN,NaN,1,NaN,35.90,36.10,NaN,NaN
3940.94,35.94,34.86,36.00,20.00,AUTO,0,NaN,NaN,NaN,NaN,NaN,NaN,NaN,NaN,NaN,NaN,1,NaN,35.90,36.10,NaN,NaN
3941.94,35.96,34.86,36.00,20.00,AUTO,0,NaN,NaN,NaN,NaN,NaN,NaN,NaN,NaN,NaN,NaN,1,NaN,35.90,36.10,NaN,NaN
3942.94,35.98,34.82,36.00,20.00,AUTO,0,NaN,NaN,NaN,NaN,NaN,NaN,NaN,NaN,NaN,NaN,1,NaN,35.90,36.10,NaN,NaN
3943.94,35.98,34.78,36.00,20.00,AUTO,0,NaN,NaN,NaN,NaN,NaN,NaN,NaN,NaN,NaN,NaN,1,NaN,35.90,36.10,NaN,NaN
3944.94,35.99,34.78,36.00,20.00,AUTO,0,NaN,NaN,NaN,NaN,NaN,NaN,NaN,NaN,NaN,NaN,1,NaN,35.90,36.10,NaN,NaN
3945.95,36.01,34.76,36.00,20.00,AUTO,0,NaN,NaN,NaN,NaN,NaN,NaN,NaN,NaN,NaN,NaN,1,NaN,35.90,36.10,NaN,NaN
3946.95,36.01,34.76,36.00,20.00,AUTO,0,NaN,NaN,NaN,NaN,NaN,NaN,NaN,NaN,NaN,NaN,1,NaN,35.90,36.10,NaN,NaN
3947.95,36.03,34.72,36.00,20.00,AUTO,0,NaN,NaN,NaN,NaN,NaN,NaN,NaN,NaN,NaN,NaN,1,NaN,35.90,36.10,NaN,NaN
3948.95,36.04,34.72,36.00,20.00,AUTO,0,NaN,NaN,NaN,NaN,NaN,NaN,NaN,NaN,NaN,NaN,1,NaN,35.90,36.10,NaN,NaN
3949.95,36.07,34.67,36.00,20.00,AUTO,0,NaN,NaN,NaN,NaN,NaN,NaN,NaN,NaN,NaN,NaN,1,NaN,35.90,36.10,NaN,NaN
3950.95,36.08,34.63,36.00,20.00,AUTO,0,NaN,NaN,NaN,NaN,NaN,NaN,NaN,NaN,NaN,NaN,1,NaN,35.90,36.10,NaN,NaN
3951.96,36.10,34.63,36.00,20.00,AUTO,0,NaN,NaN,NaN,NaN,NaN,NaN,NaN,NaN,NaN,NaN,1,NaN,35.90,36.10,NaN,NaN
3952.96,36.11,34.60,36.00,20.00,AUTO,0,NaN,NaN,NaN,NaN,NaN,NaN,NaN,NaN,NaN,NaN,0,NaN,35.90,36.10,NaN,NaN
3953.96,36.13,34.60,36.00,20.00,AUTO,0,NaN,NaN,NaN,NaN,NaN,NaN,NaN,NaN,NaN,NaN,0,NaN,35.90,36.10,NaN,NaN
3954.96,36.14,34.57,36.00,20.00,AUTO,0,NaN,NaN,NaN,NaN,NaN,NaN,NaN,NaN,NaN,NaN,0,NaN,35.90,36.10,NaN,NaN
3955.96,36.14,34.53,36.00,20.00,AUTO,0,NaN,NaN,NaN,NaN,NaN,NaN,NaN,NaN,NaN,NaN,0,NaN,35.90,36.10,NaN,NaN
3956.96,36.16,34.53,36.00,20.00,AUTO,0,NaN,NaN,NaN,NaN,NaN,NaN,NaN,NaN,NaN,NaN,0,NaN,35.90,36.10,NaN,NaN
3957.96,36.16,34.49,36.00,20.00,AUTO,0,NaN,NaN,NaN,NaN,NaN,NaN,NaN,NaN,NaN,NaN,0,NaN,35.90,36.10,NaN,NaN
3958.97,36.17,34.49,36.00,20.00,AUTO,0,NaN,NaN,NaN,NaN,NaN,NaN,NaN,NaN,NaN,NaN,0,NaN,35.90,36.10,NaN,NaN
3959.97,36.17,34.49,36.00,20.00,AUTO,0,NaN,NaN,NaN,NaN,NaN,NaN,NaN,NaN,NaN,NaN,0,NaN,35.90,36.10,NaN,NaN
3960.97,36.18,34.49,36.00,20.00,AUTO,0,NaN,NaN,NaN,NaN,NaN,NaN,NaN,NaN,NaN,NaN,0,NaN,35.90,36.10,NaN,NaN
3961.97,36.16,34.49,36.00,20.00,AUTO,0,NaN,NaN,NaN,NaN,NaN,NaN,NaN,NaN,NaN,NaN,0,NaN,35.90,36.10,NaN,NaN
3962.97,36.16,34.49,36.00,20.00,AUTO,0,NaN,NaN,NaN,NaN,NaN,NaN,NaN,NaN,NaN,NaN,0,NaN,35.90,36.10,NaN,NaN
3963.97,36.16,34.49,36.00,20.00,AUTO,0,NaN,NaN,NaN,NaN,NaN,NaN,NaN,NaN,NaN,NaN,0,NaN,35.90,36.10,NaN,NaN
3964.98,36.16,34.49,36.00,20.00,AUTO,0,NaN,NaN,NaN,NaN,NaN,NaN,NaN,NaN,NaN,NaN,0,NaN,35.90,36.10,NaN,NaN
3965.98,36.15,34.49,36.00,20.00,AUTO,0,NaN,NaN,NaN,NaN,NaN,NaN,NaN,NaN,NaN,NaN,0,NaN,35.90,36.10,NaN,NaN
3966.98,36.15,34.49,36.00,20.00,AUTO,0,NaN,NaN,NaN,NaN,NaN,NaN,NaN,NaN,NaN,NaN,0,NaN,35.90,36.10,NaN,NaN
3967.98,36.14,34.49,36.00,20.00,AUTO,0,NaN,NaN,NaN,NaN,NaN,NaN,NaN,NaN,NaN,NaN,0,NaN,35.90,36.10,NaN,NaN
3968.98,36.14,34.47,36.00,20.00,AUTO,0,NaN,NaN,NaN,NaN,NaN,NaN,NaN,NaN,NaN,NaN,0,NaN,35.90,36.10,NaN,NaN
3969.98,36.13,34.51,36.00,20.00,AUTO,0,NaN,NaN,NaN,NaN,NaN,NaN,NaN,NaN,NaN,NaN,0,NaN,35.90,36.10,NaN,NaN
3970.98,36.12,34.51,36.00,20.00,AUTO,0,NaN,NaN,NaN,NaN,NaN,NaN,NaN,NaN,NaN,NaN,0,NaN,35.90,36.10,NaN,NaN
3971.98,36.11,34.55,36.00,20.00,AUTO,0,NaN,NaN,NaN,NaN,NaN,NaN,NaN,NaN,NaN,NaN,0,NaN,35.90,36.10,NaN,NaN
3972.99,36.11,34.55,36.00,20.00,AUTO,0,NaN,NaN,NaN,NaN,NaN,NaN,NaN,NaN,NaN,NaN,0,NaN,35.90,36.10,NaN,NaN
3973.99,36.10,34.55,36.00,20.00,AUTO,0,NaN,NaN,NaN,NaN,NaN,NaN,NaN,NaN,NaN,NaN,0,NaN,35.90,36.10,NaN,NaN
3974.99,36.09,34.55,36.00,20.00,AUTO,0,NaN,NaN,NaN,NaN,NaN,NaN,NaN,NaN,NaN,NaN,0,NaN,35.90,36.10,NaN,NaN
3975.99,36.08,34.60,36.00,20.00,AUTO,0,NaN,NaN,NaN,NaN,NaN,NaN,NaN,NaN,NaN,NaN,0,NaN,35.90,36.10,NaN,NaN
3976.99,36.07,34.60,36.00,20.00,AUTO,0,NaN,NaN,NaN,NaN,NaN,NaN,NaN,NaN,NaN,NaN,0,NaN,35.90,36.10,NaN,NaN
3978.00,36.06,34.60,36.00,20.00,AUTO,0,NaN,NaN,NaN,NaN,NaN,NaN,NaN,NaN,NaN,NaN,0,NaN,35.90,36.10,NaN,NaN
3979.00,36.04,34.60,36.00,20.00,AUTO,0,NaN,NaN,NaN,NaN,NaN,NaN,NaN,NaN,NaN,NaN,0,NaN,35.90,36.10,NaN,NaN
3980.00,36.03,34.63,36.00,20.00,AUTO,0,NaN,NaN,NaN,NaN,NaN,NaN,NaN,NaN,NaN,NaN,0,NaN,35.90,36.10,NaN,NaN
3981.00,36.02,34.63,36.00,20.00,AUTO,0,NaN,NaN,NaN,NaN,NaN,NaN,NaN,NaN,NaN,NaN,0,NaN,35.90,36.10,NaN,NaN
3982.00,36.01,34.63,36.00,20.00,AUTO,0,NaN,NaN,NaN,NaN,NaN,NaN,NaN,NaN,NaN,NaN,0,NaN,35.90,36.10,NaN,NaN
3983.00,36.01,34.67,36.00,20.00,AUTO,0,NaN,NaN,NaN,NaN,NaN,NaN,NaN,NaN,NaN,NaN,0,NaN,35.90,36.10,NaN,NaN
3984.01,36.00,34.70,36.00,20.00,AUTO,0,NaN,NaN,NaN,NaN,NaN,NaN,NaN,NaN,NaN,NaN,0,NaN,35.90,36.10,NaN,NaN
3985.01,36.00,34.70,36.00,20.00,AUTO,0,NaN,NaN,NaN,NaN,NaN,NaN,NaN,NaN,NaN,NaN,0,NaN,35.90,36.10,NaN,NaN
3986.01,35.98,34.73,36.00,20.00,AUTO,0,NaN,NaN,NaN,NaN,NaN,NaN,NaN,NaN,NaN,NaN,0,NaN,35.90,36.10,NaN,NaN
3987.01,35.96,34.78,36.00,20.00,AUTO,0,NaN,NaN,NaN,NaN,NaN,NaN,NaN,NaN,NaN,NaN,0,NaN,35.90,36.10,NaN,NaN
3988.01,35.95,34.78,36.00,20.00,AUTO,0,NaN,NaN,NaN,NaN,NaN,NaN,NaN,NaN,NaN,NaN,0,NaN,35.90,36.10,NaN,NaN
3989.02,35.94,34.78,36.00,20.00,AUTO,0,NaN,NaN,NaN,NaN,NaN,NaN,NaN,NaN,NaN,NaN,0,NaN,35.90,36.10,NaN,NaN
3990.01,35.93,34.82,36.00,20.00,AUTO,0,NaN,NaN,NaN,NaN,NaN,NaN,NaN,NaN,NaN,NaN,0,NaN,35.90,36.10,NaN,NaN
3991.02,35.90,34.82,36.00,20.00,AUTO,0,NaN,NaN,NaN,NaN,NaN,NaN,NaN,NaN,NaN,NaN,0,NaN,35.90,36.10,NaN,NaN
3992.02,35.90,34.86,36.00,20.00,AUTO,0,NaN,NaN,NaN,NaN,NaN,NaN,NaN,NaN,NaN,NaN,0,NaN,35.90,36.10,NaN,NaN
3993.02,35.88,34.86,36.00,20.00,AUTO,0,NaN,NaN,NaN,NaN,NaN,NaN,NaN,NaN,NaN,NaN,1,NaN,35.90,36.10,NaN,NaN
3994.02,35.85,34.90,36.00,20.00,AUTO,0,NaN,NaN,NaN,NaN,NaN,NaN,NaN,NaN,NaN,NaN,1,NaN,35.90,36.10,NaN,NaN
3995.02,35.83,34.90,36.00,20.00,AUTO,0,NaN,NaN,NaN,NaN,NaN,NaN,NaN,NaN,NaN,NaN,1,NaN,35.90,36.10,NaN,NaN
3996.02,35.81,34.92,36.00,20.00,AUTO,0,NaN,NaN,NaN,NaN,NaN,NaN,NaN,NaN,NaN,NaN,1,NaN,35.90,36.10,NaN,NaN
3997.03,35.79,34.95,36.00,20.00,AUTO,0,NaN,NaN,NaN,NaN,NaN,NaN,NaN,NaN,NaN,NaN,1,NaN,35.90,36.10,NaN,NaN
3998.03,35.78,34.95,36.00,20.00,AUTO,0,NaN,NaN,NaN,NaN,NaN,NaN,NaN,NaN,NaN,NaN,1,NaN,35.90,36.10,NaN,NaN
3999.03,35.78,34.95,36.00,20.00,AUTO,0,NaN,NaN,NaN,NaN,NaN,NaN,NaN,NaN,NaN,NaN,1,NaN,35.90,36.10,NaN,NaN
4000.03,35.78,34.99,36.00,20.00,AUTO,0,NaN,NaN,NaN,NaN,NaN,NaN,NaN,NaN,NaN,NaN,1,NaN,35.90,36.10,NaN,NaN
4001.03,35.78,34.99,36.00,20.00,AUTO,0,NaN,NaN,NaN,NaN,NaN,NaN,NaN,NaN,NaN,NaN,1,NaN,35.90,36.10,NaN,NaN
4002.03,35.77,34.99,36.00,20.00,AUTO,0,NaN,NaN,NaN,NaN,NaN,NaN,NaN,NaN,NaN,NaN,1,NaN,35.90,36.10,NaN,NaN
4003.04,35.77,35.02,36.00,20.00,AUTO,0,NaN,NaN,NaN,NaN,NaN,NaN,NaN,NaN,NaN,NaN,1,NaN,35.90,36.10,NaN,NaN
4004.03,35.77,35.02,36.00,20.00,AUTO,0,NaN,NaN,NaN,NaN,NaN,NaN,NaN,NaN,NaN,NaN,1,NaN,35.90,36.10,NaN,NaN
4005.04,35.78,35.02,36.00,20.00,AUTO,0,NaN,NaN,NaN,NaN,NaN,NaN,NaN,NaN,NaN,NaN,1,NaN,35.90,36.10,NaN,NaN
4006.04,35.78,35.02,36.00,20.00,AUTO,0,NaN,NaN,NaN,NaN,NaN,NaN,NaN,NaN,NaN,NaN,1,NaN,35.90,36.10,NaN,NaN
4007.04,35.78,35.02,36.00,20.00,AUTO,0,NaN,NaN,NaN,NaN,NaN,NaN,NaN,NaN,NaN,NaN,1,NaN,35.90,36.10,NaN,NaN
4008.04,35.78,35.02,36.00,20.00,AUTO,0,NaN,NaN,NaN,NaN,NaN,NaN,NaN,NaN,NaN,NaN,1,NaN,35.90,36.10,NaN,NaN
4009.04,35.78,35.02,36.00,20.00,AUTO,0,NaN,NaN,NaN,NaN,NaN,NaN,NaN,NaN,NaN,NaN,1,NaN,35.90,36.10,NaN,NaN
4010.05,35.79,35.02,36.00,20.00,AUTO,0,NaN,NaN,NaN,NaN,NaN,NaN,NaN,NaN,NaN,NaN,1,NaN,35.90,36.10,NaN,NaN
4011.05,35.81,35.04,36.00,20.00,AUTO,0,NaN,NaN,NaN,NaN,NaN,NaN,NaN,NaN,NaN,NaN,1,NaN,35.90,36.10,NaN,NaN
4012.05,35.82,35.01,36.00,20.00,AUTO,0,NaN,NaN,NaN,NaN,NaN,NaN,NaN,NaN,NaN,NaN,1,NaN,35.90,36.10,NaN,NaN
4013.05,35.82,34.97,36.00,20.00,AUTO,0,NaN,NaN,NaN,NaN,NaN,NaN,NaN,NaN,NaN,NaN,1,NaN,35.90,36.10,NaN,NaN
4014.05,35.85,34.97,36.00,20.00,AUTO,0,NaN,NaN,NaN,NaN,NaN,NaN,NaN,NaN,NaN,NaN,1,NaN,35.90,36.10,NaN,NaN
4015.05,35.85,34.97,36.00,20.00,AUTO,0,NaN,NaN,NaN,NaN,NaN,NaN,NaN,NaN,NaN,NaN,1,NaN,35.90,36.10,NaN,NaN
4016.06,35.86,34.94,36.00,20.00,AUTO,0,NaN,NaN,NaN,NaN,NaN,NaN,NaN,NaN,NaN,NaN,1,NaN,35.90,36.10,NaN,NaN
4017.06,35.87,34.94,36.00,20.00,AUTO,0,NaN,NaN,NaN,NaN,NaN,NaN,NaN,NaN,NaN,NaN,1,NaN,35.90,36.10,NaN,NaN
4018.06,35.89,34.90,36.00,20.00,AUTO,0,NaN,NaN,NaN,NaN,NaN,NaN,NaN,NaN,NaN,NaN,1,NaN,35.90,36.10,NaN,NaN
4019.06,35.90,34.90,36.00,20.00,AUTO,0,NaN,NaN,NaN,NaN,NaN,NaN,NaN,NaN,NaN,NaN,1,NaN,35.90,36.10,NaN,NaN
4020.06,35.90,34.90,36.00,20.00,AUTO,0,NaN,NaN,NaN,NaN,NaN,NaN,NaN,NaN,NaN,NaN,1,NaN,35.90,36.10,NaN,NaN
4021.06,35.90,34.90,36.00,20.00,AUTO,0,NaN,NaN,NaN,NaN,NaN,NaN,NaN,NaN,NaN,NaN,1,NaN,35.90,36.10,NaN,NaN
4022.06,35.92,34.90,36.00,20.00,AUTO,0,NaN,NaN,NaN,NaN,NaN,NaN,NaN,NaN,NaN,NaN,1,NaN,35.90,36.10,NaN,NaN
4023.06,35.94,34.90,36.00,20.00,AUTO,0,NaN,NaN,NaN,NaN,NaN,NaN,NaN,NaN,NaN,NaN,1,NaN,35.90,36.10,NaN,NaN
4024.07,35.94,34.86,36.00,20.00,AUTO,0,NaN,NaN,NaN,NaN,NaN,NaN,NaN,NaN,NaN,NaN,1,NaN,35.90,36.10,NaN,NaN
4025.07,35.95,34.86,36.00,20.00,AUTO,0,NaN,NaN,NaN,NaN,NaN,NaN,NaN,NaN,NaN,NaN,1,NaN,35.90,36.10,NaN,NaN
4026.07,35.96,34.86,36.00,20.00,AUTO,0,NaN,NaN,NaN,NaN,NaN,NaN,NaN,NaN,NaN,NaN,1,NaN,35.90,36.10,NaN,NaN
4027.07,35.99,34.82,36.00,20.00,AUTO,0,NaN,NaN,NaN,NaN,NaN,NaN,NaN,NaN,NaN,NaN,1,NaN,35.90,36.10,NaN,NaN
4028.07,35.99,34.78,36.00,20.00,AUTO,0,NaN,NaN,NaN,NaN,NaN,NaN,NaN,NaN,NaN,NaN,1,NaN,35.90,36.10,NaN,NaN
4029.08,36.00,34.79,36.00,20.00,AUTO,0,NaN,NaN,NaN,NaN,NaN,NaN,NaN,NaN,NaN,NaN,1,NaN,35.90,36.10,NaN,NaN
4030.08,36.01,34.76,36.00,20.00,AUTO,0,NaN,NaN,NaN,NaN,NaN,NaN,NaN,NaN,NaN,NaN,1,NaN,35.90,36.10,NaN,NaN
4031.08,36.03,34.72,36.00,20.00,AUTO,0,NaN,NaN,NaN,NaN,NaN,NaN,NaN,NaN,NaN,NaN,1,NaN,35.90,36.10,NaN,NaN
4032.08,36.06,34.72,36.00,20.00,AUTO,0,NaN,NaN,NaN,NaN,NaN,NaN,NaN,NaN,NaN,NaN,1,NaN,35.90,36.10,NaN,NaN
4033.08,36.07,34.67,36.00,20.00,AUTO,0,NaN,NaN,NaN,NaN,NaN,NaN,NaN,NaN,NaN,NaN,1,NaN,35.90,36.10,NaN,NaN
4034.08,36.08,34.67,36.00,20.00,AUTO,0,NaN,NaN,NaN,NaN,NaN,NaN,NaN,NaN,NaN,NaN,1,NaN,35.90,36.10,NaN,NaN
4035.09,36.11,34.63,36.00,20.00,AUTO,0,NaN,NaN,NaN,NaN,NaN,NaN,NaN,NaN,NaN,NaN,0,NaN,35.90,36.10,NaN,NaN
4036.08,36.13,34.60,36.00,20.00,AUTO,0,NaN,NaN,NaN,NaN,NaN,NaN,NaN,NaN,NaN,NaN,0,NaN,35.90,36.10,NaN,NaN
4037.09,36.13,34.61,36.00,20.00,AUTO,0,NaN,NaN,NaN,NaN,NaN,NaN,NaN,NaN,NaN,NaN,0,NaN,35.90,36.10,NaN,NaN
4038.09,36.15,34.57,36.00,20.00,AUTO,0,NaN,NaN,NaN,NaN,NaN,NaN,NaN,NaN,NaN,NaN,0,NaN,35.90,36.10,NaN,NaN
4039.09,36.16,34.57,36.00,20.00,AUTO,0,NaN,NaN,NaN,NaN,NaN,NaN,NaN,NaN,NaN,NaN,0,NaN,35.90,36.10,NaN,NaN
4040.09,36.16,34.53,36.00,20.00,AUTO,0,NaN,NaN,NaN,NaN,NaN,NaN,NaN,NaN,NaN,NaN,0,NaN,35.90,36.10,NaN,NaN
4041.09,36.16,34.49,36.00,20.00,AUTO,0,NaN,NaN,NaN,NaN,NaN,NaN,NaN,NaN,NaN,NaN,0,NaN,35.90,36.10,NaN,NaN
4042.10,36.17,34.49,36.00,20.00,AUTO,0,NaN,NaN,NaN,NaN,NaN,NaN,NaN,NaN,NaN,NaN,0,NaN,35.90,36.10,NaN,NaN
4043.10,36.17,34.49,36.00,20.00,AUTO,0,NaN,NaN,NaN,NaN,NaN,NaN,NaN,NaN,NaN,NaN,0,NaN,35.90,36.10,NaN,NaN
4044.10,36.16,34.49,36.00,20.00,AUTO,0,NaN,NaN,NaN,NaN,NaN,NaN,NaN,NaN,NaN,NaN,0,NaN,35.90,36.10,NaN,NaN
4045.10,36.16,34.49,36.00,20.00,AUTO,0,NaN,NaN,NaN,NaN,NaN,NaN,NaN,NaN,NaN,NaN,0,NaN,35.90,36.10,NaN,NaN
4046.10,36.16,34.49,36.00,20.00,AUTO,0,NaN,NaN,NaN,NaN,NaN,NaN,NaN,NaN,NaN,NaN,0,NaN,35.90,36.10,NaN,NaN
4047.10,36.16,34.49,36.00,20.00,AUTO,0,NaN,NaN,NaN,NaN,NaN,NaN,NaN,NaN,NaN,NaN,0,NaN,35.90,36.10,NaN,NaN
4048.11,36.15,34.49,36.00,20.00,AUTO,0,NaN,NaN,NaN,NaN,NaN,NaN,NaN,NaN,NaN,NaN,0,NaN,35.90,36.10,NaN,NaN
4049.11,36.14,34.49,36.00,20.00,AUTO,0,NaN,NaN,NaN,NaN,NaN,NaN,NaN,NaN,NaN,NaN,0,NaN,35.90,36.10,NaN,NaN
4050.11,36.14,34.49,36.00,20.00,AUTO,0,NaN,NaN,NaN,NaN,NaN,NaN,NaN,NaN,NaN,NaN,0,NaN,35.90,36.10,NaN,NaN
4051.11,36.14,34.49,36.00,20.00,AUTO,0,NaN,NaN,NaN,NaN,NaN,NaN,NaN,NaN,NaN,NaN,0,NaN,35.90,36.10,NaN,NaN
4052.11,36.13,34.51,36.00,20.00,AUTO,0,NaN,NaN,NaN,NaN,NaN,NaN,NaN,NaN,NaN,NaN,0,NaN,35.90,36.10,NaN,NaN
4053.11,36.13,34.51,36.00,20.00,AUTO,0,NaN,NaN,NaN,NaN,NaN,NaN,NaN,NaN,NaN,NaN,0,NaN,35.90,36.10,NaN,NaN
4054.11,36.12,34.55,36.00,20.00,AUTO,0,NaN,NaN,NaN,NaN,NaN,NaN,NaN,NaN,NaN,NaN,0,NaN,35.90,36.10,NaN,NaN
4055.11,36.11,34.55,36.00,20.00,AUTO,0,NaN,NaN,NaN,NaN,NaN,NaN,NaN,NaN,NaN,NaN,0,NaN,35.90,36.10,NaN,NaN
4056.12,36.10,34.55,36.00,20.00,AUTO,0,NaN,NaN,NaN,NaN,NaN,NaN,NaN,NaN,NaN,NaN,0,NaN,35.90,36.10,NaN,NaN
4057.12,36.09,34.60,36.00,20.00,AUTO,0,NaN,NaN,NaN,NaN,NaN,NaN,NaN,NaN,NaN,NaN,0,NaN,35.90,36.10,NaN,NaN
4058.13,36.08,34.60,36.00,20.00,AUTO,0,NaN,NaN,NaN,NaN,NaN,NaN,NaN,NaN,NaN,NaN,0,NaN,35.90,36.10,NaN,NaN
4059.12,36.07,34.63,36.00,20.00,AUTO,0,NaN,NaN,NaN,NaN,NaN,NaN,NaN,NaN,NaN,NaN,0,NaN,35.90,36.10,NaN,NaN
4060.12,36.07,34.63,36.00,20.00,AUTO,0,NaN,NaN,NaN,NaN,NaN,NaN,NaN,NaN,NaN,NaN,0,NaN,35.90,36.10,NaN,NaN
4061.12,36.06,34.63,36.00,20.00,AUTO,0,NaN,NaN,NaN,NaN,NaN,NaN,NaN,NaN,NaN,NaN,0,NaN,35.90,36.10,NaN,NaN
4062.13,36.04,34.67,36.00,20.00,AUTO,0,NaN,NaN,NaN,NaN,NaN,NaN,NaN,NaN,NaN,NaN,0,NaN,35.90,36.10,NaN,NaN
4063.13,36.03,34.67,36.00,20.00,AUTO,0,NaN,NaN,NaN,NaN,NaN,NaN,NaN,NaN,NaN,NaN,0,NaN,35.90,36.10,NaN,NaN
4064.13,36.02,34.72,36.00,20.00,AUTO,0,NaN,NaN,NaN,NaN,NaN,NaN,NaN,NaN,NaN,NaN,0,NaN,35.90,36.10,NaN,NaN
4065.13,36.01,34.72,36.00,20.00,AUTO,0,NaN,NaN,NaN,NaN,NaN,NaN,NaN,NaN,NaN,NaN,0,NaN,35.90,36.10,NaN,NaN
4066.13,36.00,34.76,36.00,20.00,AUTO,0,NaN,NaN,NaN,NaN,NaN,NaN,NaN,NaN,NaN,NaN,0,NaN,35.90,36.10,NaN,NaN
4067.14,35.99,34.78,36.00,20.00,AUTO,0,NaN,NaN,NaN,NaN,NaN,NaN,NaN,NaN,NaN,NaN,0,NaN,35.90,36.10,NaN,NaN
4068.14,35.98,34.78,36.00,20.00,AUTO,0,NaN,NaN,NaN,NaN,NaN,NaN,NaN,NaN,NaN,NaN,0,NaN,35.90,36.10,NaN,NaN
4069.14,35.96,34.78,36.00,20.00,AUTO,0,NaN,NaN,NaN,NaN,NaN,NaN,NaN,NaN,NaN,NaN,0,NaN,35.90,36.10,NaN,NaN
4070.14,35.95,34.82,36.00,20.00,AUTO,0,NaN,NaN,NaN,NaN,NaN,NaN,NaN,NaN,NaN,NaN,0,NaN,35.90,36.10,NaN,NaN
4071.14,35.94,34.86,36.00,20.00,AUTO,0,NaN,NaN,NaN,NaN,NaN,NaN,NaN,NaN,NaN,NaN,0,NaN,35.90,36.10,NaN,NaN
4072.17,35.93,34.86,36.00,20.00,AUTO,0,NaN,NaN,NaN,NaN,NaN,NaN,NaN,NaN,NaN,NaN,0,NaN,35.90,36.10,NaN,NaN
4073.14,35.90,34.86,36.00,20.00,AUTO,0,NaN,NaN,NaN,NaN,NaN,NaN,NaN,NaN,NaN,NaN,0,NaN,35.90,36.10,NaN,NaN
4074.14,35.90,34.90,36.00,20.00,AUTO,0,NaN,NaN,NaN,NaN,NaN,NaN,NaN,NaN,NaN,NaN,0,NaN,35.90,36.10,NaN,NaN
4075.15,35.88,34.90,36.00,20.00,AUTO,0,NaN,NaN,NaN,NaN,NaN,NaN,NaN,NaN,NaN,NaN,1,NaN,35.90,36.10,NaN,NaN
4076.15,35.86,34.90,36.00,20.00,AUTO,0,NaN,NaN,NaN,NaN,NaN,NaN,NaN,NaN,NaN,NaN,1,NaN,35.90,36.10,NaN,NaN
4077.15,35.84,34.94,36.00,20.00,AUTO,0,NaN,NaN,NaN,NaN,NaN,NaN,NaN,NaN,NaN,NaN,1,NaN,35.90,36.10,NaN,NaN
4078.16,35.82,34.97,36.00,20.00,AUTO,0,NaN,NaN,NaN,NaN,NaN,NaN,NaN,NaN,NaN,NaN,1,NaN,35.90,36.10,NaN,NaN
4079.15,35.80,34.95,36.00,20.00,AUTO,0,NaN,NaN,NaN,NaN,NaN,NaN,NaN,NaN,NaN,NaN,1,NaN,35.90,36.10,NaN,NaN
4080.16,35.79,34.95,36.00,20.00,AUTO,0,NaN,NaN,NaN,NaN,NaN,NaN,NaN,NaN,NaN,NaN,1,NaN,35.90,36.10,NaN,NaN
4081.15,35.78,34.95,36.00,20.00,AUTO,0,NaN,NaN,NaN,NaN,NaN,NaN,NaN,NaN,NaN,NaN,1,NaN,35.90,36.10,NaN,NaN
4082.16,35.78,34.99,36.00,20.00,AUTO,0,NaN,NaN,NaN,NaN,NaN,NaN,NaN,NaN,NaN,NaN,1,NaN,35.90,36.10,NaN,NaN
4083.16,35.78,34.99,36.00,20.00,AUTO,0,NaN,NaN,NaN,NaN,NaN,NaN,NaN,NaN,NaN,NaN,1,NaN,35.90,36.10,NaN,NaN
4084.16,35.78,34.99,36.00,20.00,AUTO,0,NaN,NaN,NaN,NaN,NaN,NaN,NaN,NaN,NaN,NaN,1,NaN,35.90,36.10,NaN,NaN
4085.16,35.78,35.02,36.00,20.00,AUTO,0,NaN,NaN,NaN,NaN,NaN,NaN,NaN,NaN,NaN,NaN,1,NaN,35.90,36.10,NaN,NaN
4086.17,35.78,35.02,36.00,20.00,AUTO,0,NaN,NaN,NaN,NaN,NaN,NaN,NaN,NaN,NaN,NaN,1,NaN,35.90,36.10,NaN,NaN
4087.16,35.78,35.02,36.00,20.00,AUTO,0,NaN,NaN,NaN,NaN,NaN,NaN,NaN,NaN,NaN,NaN,1,NaN,35.90,36.10,NaN,NaN
4088.17,35.78,35.02,36.00,20.00,AUTO,0,NaN,NaN,NaN,NaN,NaN,NaN,NaN,NaN,NaN,NaN,1,NaN,35.90,36.10,NaN,NaN
4089.18,35.78,35.02,36.00,20.00,AUTO,0,NaN,NaN,NaN,NaN,NaN,NaN,NaN,NaN,NaN,NaN,1,NaN,35.90,36.10,NaN,NaN
4090.17,35.78,35.02,36.00,20.00,AUTO,0,NaN,NaN,NaN,NaN,NaN,NaN,NaN,NaN,NaN,NaN,1,NaN,35.90,36.10,NaN,NaN
4091.17,35.78,35.02,36.00,20.00,AUTO,0,NaN,NaN,NaN,NaN,NaN,NaN,NaN,NaN,NaN,NaN,1,NaN,35.90,36.10,NaN,NaN
4092.17,35.78,35.02,36.00,20.00,AUTO,0,NaN,NaN,NaN,NaN,NaN,NaN,NaN,NaN,NaN,NaN,1,NaN,35.90,36.10,NaN,NaN
4093.17,35.78,35.02,36.00,20.00,AUTO,0,NaN,NaN,NaN,NaN,NaN,NaN,NaN,NaN,NaN,NaN,1,NaN,35.90,36.10,NaN,NaN
