Time_Seconds,Temperature,Humidity,Setpoint_Temperature,Setpoint_Humidity,Ctrl,Error_Code,T_PWM,RH_PWM,T_PID_p,T_PID_i,T_PID_d,T_PID_out,RH_PID_p,RH_PID_i,RH_PID_d,RH_PID_out
0.00,28.70,43.01,36.00,20.00,AUTO,5,0,0,0.00,0.00,0.00,0.00,0.00,0.00,0.00,0.00
1.00,28.71,43.01,36.00,20.00,AUTO,9,0,0,0.00,0.00,0.00,0.00,0.00,0.00,0.00,0.00
2.00,28.73,42.97,36.00,20.00,AUTO,9,0,0,0.00,0.00,0.00,0.00,0.00,0.00,0.00,0.00
3.06,28.73,42.97,36.00,20.00,MAN,9,0,0,0.00,0.00,0.00,0.00,0.00,0.00,0.00,0.00
4.13,28.73,42.97,36.00,20.00,MAN,9,0,0,0.00,0.00,0.00,0.00,0.00,0.00,0.00,0.00
5.01,28.74,42.94,36.00,20.00,MAN,9,0,0,0.00,0.00,0.00,0.00,0.00,0.00,0.00,0.00
6.01,28.74,42.94,36.00,20.00,MAN,9,0,0,0.00,0.00,0.00,0.00,0.00,0.00,0.00,0.00
7.01,28.76,42.94,36.00,20.00,MAN,9,0,0,0.00,0.00,0.00,0.00,0.00,0.00,0.00,0.00
8.01,28.77,42.91,36.00,20.00,MAN,9,0,0,0.00,0.00,0.00,0.00,0.00,0.00,0.00,0.00
9.01,28.79,42.91,36.00,20.00,MAN,9,0,0,0.00,0.00,0.00,0.00,0.00,0.00,0.00,0.00
10.01,28.83,42.87,36.00,20.00,MAN,9,0,0,0.00,0.00,0.00,0.00,0.00,0.00,0.00,0.00
11.01,28.85,42.87,36.00,20.00,MAN,9,0,0,0.00,0.00,0.00,0.00,0.00,0.00,0.00,0.00
12.02,28.87,42.83,36.00,20.00,MAN,9,0,0,0.00,0.00,0.00,0.00,0.00,0.00,0.00,0.00
13.02,28.88,42.80,36.00,20.00,MAN,9,0,0,0.00,0.00,0.00,0.00,0.00,0.00,0.00,0.00
14.02,28.91,42.76,36.00,20.00,MAN,9,0,0,0.00,0.00,0.00,0.00,0.00,0.00,0.00,0.00
15.02,28.93,42.70,36.00,20.00,MAN,9,0,0,0.00,0.00,0.00,0.00,0.00,0.00,0.00,0.00
16.02,28.95,42.70,36.00,20.00,MAN,9,0,0,0.00,0.00,0.00,0.00,0.00,0.00,0.00,0.00
17.03,28.98,42.63,36.00,20.00,MAN,9,0,0,0.00,0.00,0.00,0.00,0.00,0.00,0.00,0.00
18.03,29.01,42.61,36.00,20.00,MAN,9,0,0,0.00,0.00,0.00,0.00,0.00,0.00,0.00,0.00
19.03,29.04,42.58,36.00,20.00,MAN,9,0,0,0.00,0.00,0.00,0.00,0.00,0.00,0.00,0.00
20.03,29.06,42.52,36.00,20.00,MAN,9,0,0,0.00,0.00,0.00,0.00,0.00,0.00,0.00,0.00
21.03,29.09,42.48,36.00,20.00,MAN,9,0,0,0.00,0.00,0.00,0.00,0.00,0.00,0.00,0.00
22.03,29.13,42.45,36.00,20.00,MAN,9,0,0,0.00,0.00,0.00,0.00,0.00,0.00,0.00,0.00
23.04,29.15,42.35,36.00,20.00,MAN,9,0,0,0.00,0.00,0.00,0.00,0.00,0.00,0.00,0.00
24.03,29.19,42.33,36.00,20.00,MAN,9,0,0,0.00,0.00,0.00,0.00,0.00,0.00,0.00,0.00
25.04,29.21,42.27,36.00,20.00,MAN,9,0,0,0.00,0.00,0.00,0.00,0.00,0.00,0.00,0.00
26.04,29.26,42.23,36.00,20.00,MAN,9,0,0,0.00,0.00,0.00,0.00,0.00,0.00,0.00,0.00
27.04,29.31,42.16,36.00,20.00,MAN,9,0,0,0.00,0.00,0.00,0.00,0.00,0.00,0.00,0.00
28.05,29.33,42.10,36.00,20.00,MAN,9,0,0,0.00,0.00,0.00,0.00,0.00,0.00,0.00,0.00
29.04,29.36,42.06,36.00,20.00,MAN,9,0,0,0.00,0.00,0.00,0.00,0.00,0.00,0.00,0.00
30.05,29.41,42.02,36.00,20.00,MAN,9,0,0,0.00,0.00,0.00,0.00,0.00,0.00,0.00,0.00
31.05,29.44,41.96,36.00,20.00,MAN,9,0,0,0.00,0.00,0.00,0.00,0.00,0.00,0.00,0.00
32.05,29.47,41.89,36.00,20.00,MAN,9,0,0,0.00,0.00,0.00,0.00,0.00,0.00,0.00,0.00
33.05,29.51,41.82,36.00,20.00,MAN,9,0,0,0.00,0.00,0.00,0.00,0.00,0.00,0.00,0.00
34.05,29.53,41.78,36.00,20.00,MAN,9,0,0,0.00,0.00,0.00,0.00,0.00,0.00,0.00,0.00
35.06,29.59,41.68,36.00,20.00,MAN,9,0,0,0.00,0.00,0.00,0.00,0.00,0.00,0.00,0.00
36.06,29.63,41.61,36.00,20.00,MAN,9,0,0,0.00,0.00,0.00,0.00,0.00,0.00,0.00,0.00
37.06,29.68,41.54,36.00,20.00,MAN,9,0,0,0.00,0.00,0.00,0.00,0.00,0.00,0.00,0.00
38.06,29.73,41.49,36.00,20.00,MAN,9,0,0,0.00,0.00,0.00,0.00,0.00,0.00,0.00,0.00
39.06,29.78,41.42,36.00,20.00,MAN,9,0,0,0.00,0.00,0.00,0.00,0.00,0.00,0.00,0.00
40.06,29.82,41.33,36.00,20.00,MAN,9,0,0,0.00,0.00,0.00,0.00,0.00,0.00,0.00,0.00
41.07,29.86,41.26,36.00,20.00,MAN,9,0,0,0.00,0.00,0.00,0.00,0.00,0.00,0.00,0.00
42.06,29.90,41.21,36.00,20.00,MAN,9,0,0,0.00,0.00,0.00,0.00,0.00,0.00,0.00,0.00
43.07,29.94,41.15,36.00,20.00,MAN,9,0,0,0.00,0.00,0.00,0.00,0.00,0.00,0.00,0.00
44.07,29.98,41.08,36.00,20.00,MAN,9,0,0,0.00,0.00,0.00,0.00,0.00,0.00,0.00,0.00
45.07,30.02,41.01,36.00,20.00,MAN,9,0,0,0.00,0.00,0.00,0.00,0.00,0.00,0.00,0.00
46.07,30.08,40.94,36.00,20.00,MAN,9,0,0,0.00,0.00,0.00,0.00,0.00,0.00,0.00,0.00
47.07,30.11,40.83,36.00,20.00,MAN,9,0,0,0.00,0.00,0.00,0.00,0.00,0.00,0.00,0.00
48.07,30.15,40.77,36.00,20.00,MAN,9,0,0,0.00,0.00,0.00,0.00,0.00,0.00,0.00,0.00
49.08,30.21,40.70,36.00,20.00,MAN,9,0,0,0.00,0.00,0.00,0.00,0.00,0.00,0.00,0.00
50.08,30.24,40.65,36.00,20.00,MAN,9,0,0,0.00,0.00,0.00,0.00,0.00,0.00,0.00,0.00
51.08,30.28,40.58,36.00,20.00,MAN,9,0,0,0.00,0.00,0.00,0.00,0.00,0.00,0.00,0.00
52.08,30.33,40.52,36.00,20.00,MAN,9,0,0,0.00,0.00,0.00,0.00,0.00,0.00,0.00,0.00
53.08,30.38,40.43,36.00,20.00,MAN,9,0,0,0.00,0.00,0.00,0.00,0.00,0.00,0.00,0.00
54.09,30.42,40.37,36.00,20.00,MAN,9,0,0,0.00,0.00,0.00,0.00,0.00,0.00,0.00,0.00
55.09,30.48,40.30,36.00,20.00,MAN,9,0,0,0.00,0.00,0.00,0.00,0.00,0.00,0.00,0.00
56.09,30.53,40.20,36.00,20.00,MAN,9,0,0,0.00,0.00,0.00,0.00,0.00,0.00,0.00,0.00
57.09,30.55,40.13,36.00,20.00,MAN,9,0,0,0.00,0.00,0.00,0.00,0.00,0.00,0.00,0.00
58.09,30.56,40.08,36.00,20.00,MAN,9,0,0,0.00,0.00,0.00,0.00,0.00,0.00,0.00,0.00
59.09,30.59,40.02,36.00,20.00,MAN,9,0,0,0.00,0.00,0.00,0.00,0.00,0.00,0.00,0.00
60.09,30.65,39.95,36.00,20.00,MAN,9,0,0,0.00,0.00,0.00,0.00,0.00,0.00,0.00,0.00
61.09,30.68,39.88,36.00,20.00,MAN,9,0,0,0.00,0.00,0.00,0.00,0.00,0.00,0.00,0.00
62.10,30.72,39.81,36.00,20.00,MAN,9,0,0,0.00,0.00,0.00,0.00,0.00,0.00,0.00,0.00
63.10,30.79,39.77,36.00,20.00,MAN,9,0,0,0.00,0.00,0.00,0.00,0.00,0.00,0.00,0.00
64.10,30.83,39.70,36.00,20.00,MAN,9,0,0,0.00,0.00,0.00,0.00,0.00,0.00,0.00,0.00
65.10,30.89,39.65,36.00,20.00,MAN,9,0,0,0.00,0.00,0.00,0.00,0.00,0.00,0.00,0.00
66.10,30.92,39.55,36.00,20.00,MAN,9,0,0,0.00,0.00,0.00,0.00,0.00,0.00,0.00,0.00
67.11,30.98,39.45,36.00,20.00,MAN,9,0,0,0.00,0.00,0.00,0.00,0.00,0.00,0.00,0.00
68.11,31.00,39.39,36.00,20.00,MAN,9,0,0,0.00,0.00,0.00,0.00,0.00,0.00,0.00,0.00
69.11,31.04,39.32,36.00,20.00,MAN,9,0,0,0.00,0.00,0.00,0.00,0.00,0.00,0.00,0.00
70.11,31.07,39.27,36.00,20.00,MAN,9,0,0,0.00,0.00,0.00,0.00,0.00,0.00,0.00,0.00
71.11,31.11,39.23,36.00,20.00,MAN,9,0,0,0.00,0.00,0.00,0.00,0.00,0.00,0.00,0.00
72.11,31.14,39.17,36.00,20.00,MAN,9,0,0,0.00,0.00,0.00,0.00,0.00,0.00,0.00,0.00
73.12,31.20,39.10,36.00,20.00,MAN,9,0,0,0.00,0.00,0.00,0.00,0.00,0.00,0.00,0.00
74.11,31.24,39.05,36.00,20.00,MAN,9,0,0,0.00,0.00,0.00,0.00,0.00,0.00,0.00,0.00
75.12,31.28,38.99,36.00,20.00,MAN,9,0,0,0.00,0.00,0.00,0.00,0.00,0.00,0.00,0.00
76.12,31.34,38.92,36.00,20.00,MAN,9,0,0,0.00,0.00,0.00,0.00,0.00,0.00,0.00,0.00
77.12,31.40,38.85,36.00,20.00,MAN,9,0,0,0.00,0.00,0.00,0.00,0.00,0.00,0.00,0.00
78.12,31.44,38.81,36.00,20.00,MAN,9,0,0,0.00,0.00,0.00,0.00,0.00,0.00,0.00,0.00
79.12,31.48,38.71,36.00,20.00,MAN,9,0,0,0.00,0.00,0.00,0.00,0.00,0.00,0.00,0.00
80.13,31.51,38.64,36.00,20.00,MAN,9,0,0,0.00,0.00,0.00,0.00,0.00,0.00,0.00,0.00
81.13,31.54,38.57,36.00,20.00,MAN,9,0,0,0.00,0.00,0.00,0.00,0.00,0.00,0.00,0.00
82.13,31.59,38.53,36.00,20.00,MAN,9,0,0,0.00,0.00,0.00,0.00,0.00,0.00,0.00,0.00
83.13,31.65,38.46,36.00,20.00,MAN,9,0,0,0.00,0.00,0.00,0.00,0.00,0.00,0.00,0.00
84.13,31.67,38.42,36.00,20.00,MAN,9,0,0,0.00,0.00,0.00,0.00,0.00,0.00,0.00,0.00
85.13,31.70,38.35,36.00,20.00,MAN,9,0,0,0.00,0.00,0.00,0.00,0.00,0.00,0.00,0.00
86.14,31.75,38.28,36.00,20.00,MAN,9,0,0,0.00,0.00,0.00,0.00,0.00,0.00,0.00,0.00
87.14,31.80,38.24,36.00,20.00,MAN,9,0,0,0.00,0.00,0.00,0.00,0.00,0.00,0.00,0.00
88.14,31.84,38.20,36.00,20.00,MAN,9,0,0,0.00,0.00,0.00,0.00,0.00,0.00,0.00,0.00
89.14,31.88,38.14,36.00,20.00,MAN,9,0,0,0.00,0.00,0.00,0.00,0.00,0.00,0.00,0.00
90.14,31.93,38.05,36.00,20.00,MAN,9,0,0,0.00,0.00,0.00,0.00,0.00,0.00,0.00,0.00
91.14,31.96,37.98,36.00,20.00,MAN,9,0,0,0.00,0.00,0.00,0.00,0.00,0.00,0.00,0.00
92.14,31.99,37.91,36.00,20.00,MAN,9,0,0,0.00,0.00,0.00,0.00,0.00,0.00,0.00,0.00
93.14,32.04,37.85,36.00,20.00,MAN,9,0,0,0.00,0.00,0.00,0.00,0.00,0.00,0.00,0.00
94.15,32.10,37.84,36.00,20.00,MAN,9,0,0,0.00,0.00,0.00,0.00,0.00,0.00,0.00,0.00
95.15,32.12,37.77,36.00,20.00,MAN,9,0,0,0.00,0.00,0.00,0.00,0.00,0.00,0.00,0.00
96.15,32.16,37.70,36.00,20.00,MAN,9,0,0,0.00,0.00,0.00,0.00,0.00,0.00,0.00,0.00
97.16,32.19,37.63,36.00,20.00,MAN,9,0,0,0.00,0.00,0.00,0.00,0.00,0.00,0.00,0.00
98.15,32.23,37.60,36.00,20.00,MAN,9,0,0,0.00,0.00,0.00,0.00,0.00,0.00,0.00,0.00
99.16,32.27,37.55,36.00,20.00,MAN,9,0,0,0.00,0.00,0.00,0.00,0.00,0.00,0.00,0.00
100.16,32.31,37.48,36.00,20.00,MAN,9,0,0,0.00,0.00,0.00,0.00,0.00,0.00,0.00,0.00
101.16,32.35,37.45,36.00,20.00,MAN,9,0,0,0.00,0.00,0.00,0.00,0.00,0.00,0.00,0.00
102.16,32.38,37.38,36.00,20.00,MAN,9,0,0,0.00,0.00,0.00,0.00,0.00,0.00,0.00,0.00
103.16,32.42,37.35,36.00,20.00,MAN,9,0,0,0.00,0.00,0.00,0.00,0.00,0.00,0.00,0.00
104.16,32.46,37.27,36.00,20.00,MAN,9,0,0,0.00,0.00,0.00,0.00,0.00,0.00,0.00,0.00
105.17,32.49,37.20,36.00,20.00,MAN,9,0,0,0.00,0.00,0.00,0.00,0.00,0.00,0.00,0.00
106.17,32.53,37.17,36.00,20.00,MAN,9,0,0,0.00,0.00,0.00,0.00,0.00,0.00,0.00,0.00
107.17,32.59,37.10,36.00,20.00,MAN,9,0,0,0.00,0.00,0.00,0.00,0.00,0.00,0.00,0.00
108.17,32.62,37.08,36.00,20.00,MAN,9,0,0,0.00,0.00,0.00,0.00,0.00,0.00,0.00,0.00
109.17,32.67,37.01,36.00,20.00,MAN,9,0,0,0.00,0.00,0.00,0.00,0.00,0.00,0.00,0.00
110.17,32.70,36.95,36.00,20.00,MAN,9,0,0,0.00,0.00,0.00,0.00,0.00,0.00,0.00,0.00
111.17,32.73,36.91,36.00,20.00,MAN,9,0,0,0.00,0.00,0.00,0.00,0.00,0.00,0.00,0.00
112.18,32.76,36.85,36.00,20.00,MAN,9,0,0,0.00,0.00,0.00,0.00,0.00,0.00,0.00,0.00
113.18,32.79,36.83,36.00,20.00,MAN,9,0,0,0.00,0.00,0.00,0.00,0.00,0.00,0.00,0.00
114.18,32.83,36.76,36.00,20.00,MAN,9,0,0,0.00,0.00,0.00,0.00,0.00,0.00,0.00,0.00
115.18,32.86,36.72,36.00,20.00,MAN,9,0,0,0.00,0.00,0.00,0.00,0.00,0.00,0.00,0.00
116.18,32.89,36.69,36.00,20.00,MAN,9,0,0,0.00,0.00,0.00,0.00,0.00,0.00,0.00,0.00
117.18,32.94,36.64,36.00,20.00,MAN,9,0,0,0.00,0.00,0.00,0.00,0.00,0.00,0.00,0.00
118.19,32.99,36.57,36.00,20.00,MAN,9,0,0,0.00,0.00,0.00,0.00,0.00,0.00,0.00,0.00
119.19,33.02,36.51,36.00,20.00,MAN,9,0,0,0.00,0.00,0.00,0.00,0.00,0.00,0.00,0.00
120.19,33.05,36.44,36.00,20.00,MAN,9,0,0,0.00,0.00,0.00,0.00,0.00,0.00,0.00,0.00
121.19,33.09,36.40,36.00,20.00,MAN,9,0,0,0.00,0.00,0.00,0.00,0.00,0.00,0.00,0.00
122.19,33.15,36.36,36.00,20.00,MAN,9,0,0,0.00,0.00,0.00,0.00,0.00,0.00,0.00,0.00
123.20,33.17,36.33,36.00,20.00,MAN,9,0,0,0.00,0.00,0.00,0.00,0.00,0.00,0.00,0.00
124.19,33.20,36.29,36.00,20.00,MAN,9,0,0,0.00,0.00,0.00,0.00,0.00,0.00,0.00,0.00
125.20,33.25,36.22,36.00,20.00,MAN,9,0,0,0.00,0.00,0.00,0.00,0.00,0.00,0.00,0.00
126.20,33.29,36.21,36.00,20.00,MAN,9,0,0,0.00,0.00,0.00,0.00,0.00,0.00,0.00,0.00
127.20,33.30,36.18,36.00,20.00,MAN,9,0,0,0.00,0.00,0.00,0.00,0.00,0.00,0.00,0.00
128.20,33.31,36.11,36.00,20.00,MAN,9,0,0,0.00,0.00,0.00,0.00,0.00,0.00,0.00,0.00
129.20,33.35,36.07,36.00,20.00,MAN,9,0,0,0.00,0.00,0.00,0.00,0.00,0.00,0.00,0.00
130.20,33.38,36.04,36.00,20.00,MAN,9,0,0,0.00,0.00,0.00,0.00,0.00,0.00,0.00,0.00
131.21,33.43,36.01,36.00,20.00,MAN,9,0,0,0.00,0.00,0.00,0.00,0.00,0.00,0.00,0.00
132.21,33.46,35.94,36.00,20.00,MAN,9,0,0,0.00,0.00,0.00,0.00,0.00,0.00,0.00,0.00
133.21,33.49,35.92,36.00,20.00,MAN,9,0,0,0.00,0.00,0.00,0.00,0.00,0.00,0.00,0.00
134.21,33.53,35.82,36.00,20.00,MAN,9,0,0,0.00,0.00,0.00,0.00,0.00,0.00,0.00,0.00
135.21,33.56,35.79,36.00,20.00,MAN,9,0,0,0.00,0.00,0.00,0.00,0.00,0.00,0.00,0.00
136.21,33.58,35.75,36.00,20.00,MAN,9,0,0,0.00,0.00,0.00,0.00,0.00,0.00,0.00,0.00
137.22,33.61,35.72,36.00,20.00,MAN,9,0,0,0.00,0.00,0.00,0.00,0.00,0.00,0.00,0.00
138.22,33.63,35.70,36.00,20.00,MAN,9,0,0,0.00,0.00,0.00,0.00,0.00,0.00,0.00,0.00
139.22,33.65,35.66,36.00,20.00,MAN,9,0,0,0.00,0.00,0.00,0.00,0.00,0.00,0.00,0.00
140.22,33.68,35.63,36.00,20.00,MAN,9,0,0,0.00,0.00,0.00,0.00,0.00,0.00,0.00,0.00
141.22,33.72,35.60,36.00,20.00,MAN,9,0,0,0.00,0.00,0.00,0.00,0.00,0.00,0.00,0.00
142.22,33.75,35.56,36.00,20.00,MAN,9,0,0,0.00,0.00,0.00,0.00,0.00,0.00,0.00,0.00
143.22,33.78,35.53,36.00,20.00,MAN,9,0,0,0.00,0.00,0.00,0.00,0.00,0.00,0.00,0.00
144.23,33.79,35.48,36.00,20.00,MAN,9,0,0,0.00,0.00,0.00,0.00,0.00,0.00,0.00,0.00
145.23,33.82,35.45,36.00,20.00,MAN,9,0,0,0.00,0.00,0.00,0.00,0.00,0.00,0.00,0.00
146.23,33.86,35.41,36.00,20.00,MAN,9,0,0,0.00,0.00,0.00,0.00,0.00,0.00,0.00,0.00
147.23,33.90,35.38,36.00,20.00,MAN,9,0,0,0.00,0.00,0.00,0.00,0.00,0.00,0.00,0.00
148.23,33.94,35.35,36.00,20.00,MAN,9,0,0,0.00,0.00,0.00,0.00,0.00,0.00,0.00,0.00
149.24,33.96,35.31,36.00,20.00,MAN,9,0,0,0.00,0.00,0.00,0.00,0.00,0.00,0.00,0.00
150.24,33.97,35.30,36.00,20.00,MAN,9,0,0,0.00,0.00,0.00,0.00,0.00,0.00,0.00,0.00
151.24,34.02,35.26,36.00,20.00,MAN,9,0,0,0.00,0.00,0.00,0.00,0.00,0.00,0.00,0.00
152.24,34.04,35.23,36.00,20.00,MAN,9,0,0,0.00,0.00,0.00,0.00,0.00,0.00,0.00,0.00
153.24,34.06,35.19,36.00,20.00,MAN,9,0,0,0.00,0.00,0.00,0.00,0.00,0.00,0.00,0.00
154.24,34.09,35.13,36.00,20.00,MAN,9,0,0,0.00,0.00,0.00,0.00,0.00,0.00,0.00,0.00
155.25,34.11,35.09,36.00,20.00,MAN,9,0,0,0.00,0.00,0.00,0.00,0.00,0.00,0.00,0.00
156.24,34.14,35.06,36.00,20.00,MAN,9,0,0,0.00,0.00,0.00,0.00,0.00,0.00,0.00,0.00
157.25,34.18,35.05,36.00,20.00,MAN,9,0,0,0.00,0.00,0.00,0.00,0.00,0.00,0.00,0.00
158.25,34.21,35.01,36.00,20.00,MAN,9,0,0,0.00,0.00,0.00,0.00,0.00,0.00,0.00,0.00
159.25,34.23,34.98,36.00,20.00,MAN,8,0,0,0.00,0.00,0.00,0.00,0.00,0.00,0.00,0.00
160.25,34.26,34.94,36.00,20.00,MAN,8,0,0,0.00,0.00,0.00,0.00,0.00,0.00,0.00,0.00
161.25,34.29,34.91,36.00,20.00,MAN,8,0,0,0.00,0.00,0.00,0.00,0.00,0.00,0.00,0.00
162.26,34.32,34.88,36.00,20.00,MAN,8,0,0,0.00,0.00,0.00,0.00,0.00,0.00,0.00,0.00
163.26,34.34,34.85,36.00,20.00,MAN,8,0,0,0.00,0.00,0.00,0.00,0.00,0.00,0.00,0.00
164.26,34.37,34.81,36.00,20.00,MAN,8,0,0,0.00,0.00,0.00,0.00,0.00,0.00,0.00,0.00
165.26,34.39,34.77,36.00,20.00,MAN,8,0,0,0.00,0.00,0.00,0.00,0.00,0.00,0.00,0.00
166.26,34.42,34.73,36.00,20.00,MAN,8,0,0,0.00,0.00,0.00,0.00,0.00,0.00,0.00,0.00
167.26,34.46,34.69,36.00,20.00,MAN,8,0,0,0.00,0.00,0.00,0.00,0.00,0.00,0.00,0.00
168.27,34.48,34.65,36.00,20.00,MAN,8,0,0,0.00,0.00,0.00,0.00,0.00,0.00,0.00,0.00
169.27,34.51,34.63,36.00,20.00,MAN,8,0,0,0.00,0.00,0.00,0.00,0.00,0.00,0.00,0.00
170.27,34.54,34.59,36.00,20.00,MAN,8,0,0,0.00,0.00,0.00,0.00,0.00,0.00,0.00,0.00
171.27,34.56,34.54,36.00,20.00,MAN,8,0,0,0.00,0.00,0.00,0.00,0.00,0.00,0.00,0.00
172.27,34.59,34.50,36.00,20.00,MAN,8,0,0,0.00,0.00,0.00,0.00,0.00,0.00,0.00,0.00
173.27,34.60,34.47,36.00,20.00,MAN,8,0,0,0.00,0.00,0.00,0.00,0.00,0.00,0.00,0.00
174.27,34.62,34.47,36.00,20.00,MAN,8,0,0,0.00,0.00,0.00,0.00,0.00,0.00,0.00,0.00
175.27,34.63,34.43,36.00,20.00,MAN,8,0,0,0.00,0.00,0.00,0.00,0.00,0.00,0.00,0.00
176.28,34.66,34.41,36.00,20.00,MAN,8,0,0,0.00,0.00,0.00,0.00,0.00,0.00,0.00,0.00
177.28,34.67,34.41,36.00,20.00,MAN,8,0,0,0.00,0.00,0.00,0.00,0.00,0.00,0.00,0.00
178.28,34.69,34.36,36.00,20.00,MAN,8,0,0,0.00,0.00,0.00,0.00,0.00,0.00,0.00,0.00
179.28,34.71,34.28,36.00,20.00,MAN,8,0,0,0.00,0.00,0.00,0.00,0.00,0.00,0.00,0.00
180.28,34.71,34.28,36.00,20.00,MAN,8,0,0,0.00,0.00,0.00,0.00,0.00,0.00,0.00,0.00
181.29,34.73,34.24,36.00,20.00,MAN,8,0,0,0.00,0.00,0.00,0.00,0.00,0.00,0.00,0.00
182.29,34.76,34.24,36.00,20.00,MAN,8,0,0,0.00,0.00,0.00,0.00,0.00,0.00,0.00,0.00
183.29,34.77,34.20,36.00,20.00,MAN,8,0,0,0.00,0.00,0.00,0.00,0.00,0.00,0.00,0.00
184.29,34.80,34.20,36.00,20.00,MAN,8,0,0,0.00,0.00,0.00,0.00,0.00,0.00,0.00,0.00
185.29,34.82,34.16,36.00,20.00,MAN,8,0,0,0.00,0.00,0.00,0.00,0.00,0.00,0.00,0.00
186.29,34.83,34.14,36.00,20.00,MAN,8,0,0,0.00,0.00,0.00,0.00,0.00,0.00,0.00,0.00
187.30,34.85,34.14,36.00,20.00,MAN,8,0,0,0.00,0.00,0.00,0.00,0.00,0.00,0.00,0.00
188.30,34.88,34.10,36.00,20.00,MAN,8,0,0,0.00,0.00,0.00,0.00,0.00,0.00,0.00,0.00
189.30,34.90,34.06,36.00,20.00,MAN,8,0,0,0.00,0.00,0.00,0.00,0.00,0.00,0.00,0.00
190.30,34.92,34.06,36.00,20.00,MAN,8,0,0,0.00,0.00,0.00,0.00,0.00,0.00,0.00,0.00
191.30,34.94,34.02,36.00,20.00,MAN,8,0,0,0.00,0.00,0.00,0.00,0.00,0.00,0.00,0.00
192.31,34.95,33.98,36.00,20.00,MAN,8,0,0,0.00,0.00,0.00,0.00,0.00,0.00,0.00,0.00
193.30,34.97,33.98,36.00,20.00,MAN,8,0,0,0.00,0.00,0.00,0.00,0.00,0.00,0.00,0.00
194.31,34.98,33.94,36.00,20.00,MAN,8,0,0,0.00,0.00,0.00,0.00,0.00,0.00,0.00,0.00
195.31,34.99,33.94,36.00,20.00,MAN,8,0,0,0.00,0.00,0.00,0.00,0.00,0.00,0.00,0.00
196.31,35.01,33.92,36.00,20.00,MAN,8,0,0,0.00,0.00,0.00,0.00,0.00,0.00,0.00,0.00
197.31,35.03,33.92,36.00,20.00,MAN,8,0,0,0.00,0.00,0.00,0.00,0.00,0.00,0.00,0.00
198.31,35.03,33.87,36.00,20.00,MAN,8,0,0,0.00,0.00,0.00,0.00,0.00,0.00,0.00,0.00
199.32,35.06,33.87,36.00,20.00,MAN,8,0,0,0.00,0.00,0.00,0.00,0.00,0.00,0.00,0.00
200.32,35.07,33.83,36.00,20.00,MAN,8,0,0,0.00,0.00,0.00,0.00,0.00,0.00,0.00,0.00
201.32,35.09,33.79,36.00,20.00,MAN,8,0,0,0.00,0.00,0.00,0.00,0.00,0.00,0.00,0.00
202.32,35.11,33.79,36.00,20.00,MAN,8,0,0,0.00,0.00,0.00,0.00,0.00,0.00,0.00,0.00
203.32,35.13,33.76,36.00,20.00,MAN,8,0,0,0.00,0.00,0.00,0.00,0.00,0.00,0.00,0.00
204.32,35.14,33.76,36.00,20.00,MAN,8,0,0,0.00,0.00,0.00,0.00,0.00,0.00,0.00,0.00
205.32,35.18,33.73,36.00,20.00,MAN,8,0,0,0.00,0.00,0.00,0.00,0.00,0.00,0.00,0.00
206.32,35.20,33.69,36.00,20.00,MAN,8,0,0,0.00,0.00,0.00,0.00,0.00,0.00,0.00,0.00
207.33,35.22,33.69,36.00,20.00,MAN,8,0,0,0.00,0.00,0.00,0.00,0.00,0.00,0.00,0.00
208.33,35.24,33.65,36.00,20.00,MAN,8,0,0,0.00,0.00,0.00,0.00,0.00,0.00,0.00,0.00
209.33,35.25,33.60,36.00,20.00,MAN,8,0,0,0.00,0.00,0.00,0.00,0.00,0.00,0.00,0.00
210.33,35.27,33.60,36.00,20.00,MAN,8,0,0,0.00,0.00,0.00,0.00,0.00,0.00,0.00,0.00
211.33,35.29,33.57,36.00,20.00,MAN,8,0,0,0.00,0.00,0.00,0.00,0.00,0.00,0.00,0.00
212.33,35.31,33.53,36.00,20.00,MAN,8,0,0,0.00,0.00,0.00,0.00,0.00,0.00,0.00,0.00
213.34,35.34,33.51,36.00,20.00,MAN,8,0,0,0.00,0.00,0.00,0.00,0.00,0.00,0.00,0.00
214.34,35.35,33.46,36.00,20.00,MAN,8,0,0,0.00,0.00,0.00,0.00,0.00,0.00,0.00,0.00
215.34,35.38,33.46,36.00,20.00,MAN,8,0,0,0.00,0.00,0.00,0.00,0.00,0.00,0.00,0.00
216.34,35.40,33.38,36.00,20.00,MAN,8,0,0,0.00,0.00,0.00,0.00,0.00,0.00,0.00,0.00
217.34,35.41,33.38,36.00,20.00,MAN,8,0,0,0.00,0.00,0.00,0.00,0.00,0.00,0.00,0.00
218.35,35.43,33.38,36.00,20.00,MAN,8,0,0,0.00,0.00,0.00,0.00,0.00,0.00,0.00,0.00
219.35,35.45,33.34,36.00,20.00,MAN,8,0,0,0.00,0.00,0.00,0.00,0.00,0.00,0.00,0.00
220.35,35.47,33.34,36.00,20.00,MAN,8,0,0,0.00,0.00,0.00,0.00,0.00,0.00,0.00,0.00
221.35,35.48,33.30,36.00,20.00,MAN,8,0,0,0.00,0.00,0.00,0.00,0.00,0.00,0.00,0.00
222.35,35.50,33.30,36.00,20.00,MAN,8,0,0,0.00,0.00,0.00,0.00,0.00,0.00,0.00,0.00
223.35,35.51,33.26,36.00,20.00,MAN,8,0,0,0.00,0.00,0.00,0.00,0.00,0.00,0.00,0.00
224.36,35.53,33.28,36.00,20.00,MAN,8,0,0,0.00,0.00,0.00,0.00,0.00,0.00,0.00,0.00
225.35,35.54,33.24,36.00,20.00,MAN,8,0,0,0.00,0.00,0.00,0.00,0.00,0.00,0.00,0.00
226.36,35.55,33.24,36.00,20.00,MAN,8,0,0,0.00,0.00,0.00,0.00,0.00,0.00,0.00,0.00
227.36,35.56,33.20,36.00,20.00,MAN,8,0,0,0.00,0.00,0.00,0.00,0.00,0.00,0.00,0.00
228.36,35.58,33.20,36.00,20.00,MAN,8,0,0,0.00,0.00,0.00,0.00,0.00,0.00,0.00,0.00
229.36,35.60,33.16,36.00,20.00,MAN,8,0,0,0.00,0.00,0.00,0.00,0.00,0.00,0.00,0.00
230.36,35.62,33.16,36.00,20.00,MAN,8,0,0,0.00,0.00,0.00,0.00,0.00,0.00,0.00,0.00
231.37,35.64,33.12,36.00,20.00,MAN,8,0,0,0.00,0.00,0.00,0.00,0.00,0.00,0.00,0.00
232.37,35.66,33.12,36.00,20.00,MAN,8,0,0,0.00,0.00,0.00,0.00,0.00,0.00,0.00,0.00
233.37,35.67,33.08,36.00,20.00,MAN,8,0,0,0.00,0.00,0.00,0.00,0.00,0.00,0.00,0.00
234.37,35.68,33.09,36.00,20.00,MAN,8,0,0,0.00,0.00,0.00,0.00,0.00,0.00,0.00,0.00
235.37,35.70,33.05,36.00,20.00,MAN,8,0,0,0.00,0.00,0.00,0.00,0.00,0.00,0.00,0.00
236.37,35.71,33.05,36.00,20.00,MAN,8,0,0,0.00,0.00,0.00,0.00,0.00,0.00,0.00,0.00
237.37,35.74,33.02,36.00,20.00,MAN,8,0,0,0.00,0.00,0.00,0.00,0.00,0.00,0.00,0.00
238.38,35.75,33.02,36.00,20.00,MAN,8,0,0,0.00,0.00,0.00,0.00,0.00,0.00,0.00,0.00
239.38,35.77,32.97,36.00,20.00,MAN,8,0,0,0.00,0.00,0.00,0.00,0.00,0.00,0.00,0.00
240.38,35.78,32.97,36.00,20.00,MAN,8,0,0,0.00,0.00,0.00,0.00,0.00,0.00,0.00,0.00
241.38,35.78,32.93,36.00,20.00,MAN,8,0,0,0.00,0.00,0.00,0.00,0.00,0.00,0.00,0.00
242.38,35.80,32.93,36.00,20.00,MAN,8,0,0,0.00,0.00,0.00,0.00,0.00,0.00,0.00,0.00
243.38,35.82,32.93,36.00,20.00,MAN,8,0,0,0.00,0.00,0.00,0.00,0.00,0.00,0.00,0.00
244.38,35.84,32.89,36.00,20.00,MAN,8,0,0,0.00,0.00,0.00,0.00,0.00,0.00,0.00,0.00
245.39,35.85,32.91,36.00,20.00,MAN,8,0,0,0.00,0.00,0.00,0.00,0.00,0.00,0.00,0.00
246.39,35.86,32.87,36.00,20.00,MAN,8,0,0,0.00,0.00,0.00,0.00,0.00,0.00,0.00,0.00
247.39,35.87,32.87,36.00,20.00,MAN,8,0,0,0.00,0.00,0.00,0.00,0.00,0.00,0.00,0.00
248.39,35.89,32.83,36.00,20.00,MAN,8,0,0,0.00,0.00,0.00,0.00,0.00,0.00,0.00,0.00
249.39,35.90,32.83,36.00,20.00,MAN,8,0,0,0.00,0.00,0.00,0.00,0.00,0.00,0.00,0.00
250.40,35.92,32.83,36.00,20.00,MAN,8,0,0,0.00,0.00,0.00,0.00,0.00,0.00,0.00,0.00
251.40,35.94,32.79,36.00,20.00,MAN,8,0,0,0.00,0.00,0.00,0.00,0.00,0.00,0.00,0.00
252.40,35.95,32.79,36.00,20.00,MAN,8,0,0,0.00,0.00,0.00,0.00,0.00,0.00,0.00,0.00
253.40,35.98,32.75,36.00,20.00,MAN,8,0,0,0.00,0.00,0.00,0.00,0.00,0.00,0.00,0.00
254.40,35.99,32.75,36.00,20.00,MAN,8,0,0,0.00,0.00,0.00,0.00,0.00,0.00,0.00,0.00
255.40,36.02,32.75,36.00,20.00,MAN,8,0,0,0.00,0.00,0.00,0.00,0.00,0.00,0.00,0.00
256.40,36.02,32.70,36.00,20.00,MAN,8,0,0,0.00,0.00,0.00,0.00,0.00,0.00,0.00,0.00
257.40,36.02,32.70,36.00,20.00,MAN,8,0,0,0.00,0.00,0.00,0.00,0.00,0.00,0.00,0.00
258.41,36.02,32.67,36.00,20.00,MAN,8,0,0,0.00,0.00,0.00,0.00,0.00,0.00,0.00,0.00
259.41,36.02,32.67,36.00,20.00,MAN,8,0,0,0.00,0.00,0.00,0.00,0.00,0.00,0.00,0.00
260.41,36.03,32.68,36.00,20.00,MAN,8,0,0,0.00,0.00,0.00,0.00,0.00,0.00,0.00,0.00
261.41,36.03,32.64,36.00,20.00,MAN,8,0,0,0.00,0.00,0.00,0.00,0.00,0.00,0.00,0.00
262.41,36.06,32.64,36.00,20.00,MAN,8,0,0,0.00,0.00,0.00,0.00,0.00,0.00,0.00,0.00
263.42,36.09,32.64,36.00,20.00,MAN,8,0,0,0.00,0.00,0.00,0.00,0.00,0.00,0.00,0.00
264.42,36.10,32.57,36.00,20.00,MAN,8,0,0,0.00,0.00,0.00,0.00,0.00,0.00,0.00,0.00
265.42,36.12,32.57,36.00,20.00,MAN,8,0,0,0.00,0.00,0.00,0.00,0.00,0.00,0.00,0.00
266.42,36.13,32.52,36.00,20.00,MAN,8,0,0,0.00,0.00,0.00,0.00,0.00,0.00,0.00,0.00
267.42,36.15,32.52,36.00,20.00,MAN,8,0,0,0.00,0.00,0.00,0.00,0.00,0.00,0.00,0.00
268.42,36.16,32.48,36.00,20.00,MAN,8,0,0,0.00,0.00,0.00,0.00,0.00,0.00,0.00,0.00
269.43,36.19,32.48,36.00,20.00,MAN,8,0,0,0.00,0.00,0.00,0.00,0.00,0.00,0.00,0.00
270.42,36.19,32.44,36.00,20.00,MAN,8,0,0,0.00,0.00,0.00,0.00,0.00,0.00,0.00,0.00
271.43,36.21,32.44,36.00,20.00,MAN,8,0,0,0.00,0.00,0.00,0.00,0.00,0.00,0.00,0.00
272.43,36.23,32.46,36.00,20.00,MAN,8,0,0,0.00,0.00,0.00,0.00,0.00,0.00,0.00,0.00
273.43,36.24,32.42,36.00,20.00,MAN,8,0,0,0.00,0.00,0.00,0.00,0.00,0.00,0.00,0.00
274.44,36.26,32.42,36.00,20.00,MAN,8,0,0,0.00,0.00,0.00,0.00,0.00,0.00,0.00,0.00
275.43,36.27,32.38,36.00,20.00,MAN,8,0,0,0.00,0.00,0.00,0.00,0.00,0.00,0.00,0.00
276.44,36.28,32.38,36.00,20.00,MAN,8,0,0,0.00,0.00,0.00,0.00,0.00,0.00,0.00,0.00
277.44,36.29,32.38,36.00,20.00,MAN,8,0,0,0.00,0.00,0.00,0.00,0.00,0.00,0.00,0.00
278.44,36.30,32.34,36.00,20.00,MAN,8,0,0,0.00,0.00,0.00,0.00,0.00,0.00,0.00,0.00
279.44,36.32,32.34,36.00,20.00,MAN,8,0,0,0.00,0.00,0.00,0.00,0.00,0.00,0.00,0.00
280.44,36.33,32.34,36.00,20.00,MAN,8,0,0,0.00,0.00,0.00,0.00,0.00,0.00,0.00,0.00
281.44,36.33,32.30,36.00,20.00,MAN,8,0,0,0.00,0.00,0.00,0.00,0.00,0.00,0.00,0.00
282.45,36.34,32.30,36.00,20.00,MAN,8,0,0,0.00,0.00,0.00,0.00,0.00,0.00,0.00,0.00
283.45,36.37,32.31,36.00,20.00,MAN,8,0,0,0.00,0.00,0.00,0.00,0.00,0.00,0.00,0.00
284.45,36.37,32.28,36.00,20.00,MAN,8,0,0,0.00,0.00,0.00,0.00,0.00,0.00,0.00,0.00
285.45,36.38,32.28,36.00,20.00,MAN,8,0,0,0.00,0.00,0.00,0.00,0.00,0.00,0.00,0.00
286.45,36.39,32.28,36.00,20.00,MAN,8,0,0,0.00,0.00,0.00,0.00,0.00,0.00,0.00,0.00
287.45,36.41,32.28,36.00,20.00,MAN,8,0,0,0.00,0.00,0.00,0.00,0.00,0.00,0.00,0.00
288.46,36.43,32.23,36.00,20.00,MAN,8,0,0,0.00,0.00,0.00,0.00,0.00,0.00,0.00,0.00
289.45,36.43,32.23,36.00,20.00,MAN,8,0,0,0.00,0.00,0.00,0.00,0.00,0.00,0.00,0.00
290.46,36.45,32.19,36.00,20.00,MAN,8,0,0,0.00,0.00,0.00,0.00,0.00,0.00,0.00,0.00
291.46,36.46,32.19,36.00,20.00,MAN,8,0,0,0.00,0.00,0.00,0.00,0.00,0.00,0.00,0.00
292.46,36.47,32.15,36.00,20.00,MAN,8,0,0,0.00,0.00,0.00,0.00,0.00,0.00,0.00,0.00
293.46,36.48,32.15,36.00,20.00,MAN,8,0,0,0.00,0.00,0.00,0.00,0.00,0.00,0.00,0.00
294.46,36.49,32.15,36.00,20.00,MAN,8,0,0,0.00,0.00,0.00,0.00,0.00,0.00,0.00,0.00
295.47,36.49,32.15,36.00,20.00,MAN,8,0,0,0.00,0.00,0.00,0.00,0.00,0.00,0.00,0.00
296.47,36.51,32.15,36.00,20.00,MAN,8,0,0,0.00,0.00,0.00,0.00,0.00,0.00,0.00,0.00
297.47,36.52,32.11,36.00,20.00,MAN,8,0,0,0.00,0.00,0.00,0.00,0.00,0.00,0.00,0.00
298.47,36.53,32.11,36.00,20.00,MAN,8,0,0,0.00,0.00,0.00,0.00,0.00,0.00,0.00,0.00
299.47,36.54,32.11,36.00,20.00,MAN,8,0,0,0.00,0.00,0.00,0.00,0.00,0.00,0.00,0.00
300.48,36.55,32.13,36.00,20.00,MAN,8,0,0,0.00,0.00,0.00,0.00,0.00,0.00,0.00,0.00
301.48,36.56,32.09,36.00,20.00,MAN,8,0,0,0.00,0.00,0.00,0.00,0.00,0.00,0.00,0.00
302.48,36.57,32.09,36.00,20.00,MAN,8,0,0,0.00,0.00,0.00,0.00,0.00,0.00,0.00,0.00
303.48,36.58,32.09,36.00,20.00,MAN,8,0,0,0.00,0.00,0.00,0.00,0.00,0.00,0.00,0.00
304.48,36.59,32.09,36.00,20.00,MAN,8,0,0,0.00,0.00,0.00,0.00,0.00,0.00,0.00,0.00
305.48,36.60,32.05,36.00,20.00,MAN,8,0,0,0.00,0.00,0.00,0.00,0.00,0.00,0.00,0.00
306.48,36.61,32.05,36.00,20.00,MAN,8,0,0,0.00,0.00,0.00,0.00,0.00,0.00,0.00,0.00
307.48,36.62,32.05,36.00,20.00,MAN,8,0,0,0.00,0.00,0.00,0.00,0.00,0.00,0.00,0.00
308.49,36.62,32.05,36.00,20.00,MAN,8,0,0,0.00,0.00,0.00,0.00,0.00,0.00,0.00,0.00
309.49,36.63,32.01,36.00,20.00,MAN,8,0,0,0.00,0.00,0.00,0.00,0.00,0.00,0.00,0.00
310.49,36.64,32.01,36.00,20.00,MAN,8,0,0,0.00,0.00,0.00,0.00,0.00,0.00,0.00,0.00
311.49,36.67,32.01,36.00,20.00,MAN,8,0,0,0.00,0.00,0.00,0.00,0.00,0.00,0.00,0.00
312.49,36.68,31.96,36.00,20.00,MAN,8,0,0,0.00,0.00,0.00,0.00,0.00,0.00,0.00,0.00
313.49,36.69,31.96,36.00,20.00,MAN,8,0,0,0.00,0.00,0.00,0.00,0.00,0.00,0.00,0.00
314.50,36.70,31.96,36.00,20.00,MAN,8,0,0,0.00,0.00,0.00,0.00,0.00,0.00,0.00,0.00
315.50,36.71,31.99,36.00,20.00,MAN,8,0,0,0.00,0.00,0.00,0.00,0.00,0.00,0.00,0.00
316.50,36.72,31.94,36.00,20.00,MAN,8,0,0,0.00,0.00,0.00,0.00,0.00,0.00,0.00,0.00
317.50,36.72,31.94,36.00,20.00,MAN,8,0,0,0.00,0.00,0.00,0.00,0.00,0.00,0.00,0.00
318.50,36.73,31.94,36.00,20.00,MAN,8,0,0,0.00,0.00,0.00,0.00,0.00,0.00,0.00,0.00
319.51,36.74,31.90,36.00,20.00,MAN,8,0,0,0.00,0.00,0.00,0.00,0.00,0.00,0.00,0.00
320.50,36.74,31.90,36.00,20.00,MAN,8,0,0,0.00,0.00,0.00,0.00,0.00,0.00,0.00,0.00
321.51,36.75,31.90,36.00,20.00,MAN,8,0,0,0.00,0.00,0.00,0.00,0.00,0.00,0.00,0.00
322.51,36.76,31.90,36.00,20.00,MAN,8,0,0,0.00,0.00,0.00,0.00,0.00,0.00,0.00,0.00
323.51,36.78,31.90,36.00,20.00,MAN,8,0,0,0.00,0.00,0.00,0.00,0.00,0.00,0.00,0.00
324.51,36.78,31.86,36.00,20.00,MAN,8,0,0,0.00,0.00,0.00,0.00,0.00,0.00,0.00,0.00
325.51,36.78,31.86,36.00,20.00,MAN,8,0,0,0.00,0.00,0.00,0.00,0.00,0.00,0.00,0.00
326.51,36.80,31.86,36.00,20.00,MAN,8,0,0,0.00,0.00,0.00,0.00,0.00,0.00,0.00,0.00
327.52,36.80,31.86,36.00,20.00,MAN,8,0,0,0.00,0.00,0.00,0.00,0.00,0.00,0.00,0.00
328.52,36.82,31.86,36.00,20.00,MAN,8,0,0,0.00,0.00,0.00,0.00,0.00,0.00,0.00,0.00
329.52,36.83,31.82,36.00,20.00,MAN,8,0,0,0.00,0.00,0.00,0.00,0.00,0.00,0.00,0.00
330.52,36.83,31.82,36.00,20.00,MAN,8,0,0,0.00,0.00,0.00,0.00,0.00,0.00,0.00,0.00
331.52,36.84,31.82,36.00,20.00,MAN,8,0,0,0.00,0.00,0.00,0.00,0.00,0.00,0.00,0.00
332.53,36.84,31.82,36.00,20.00,MAN,8,0,0,0.00,0.00,0.00,0.00,0.00,0.00,0.00,0.00
333.53,36.85,31.82,36.00,20.00,MAN,8,0,0,0.00,0.00,0.00,0.00,0.00,0.00,0.00,0.00
334.53,36.86,31.78,36.00,20.00,MAN,8,0,0,0.00,0.00,0.00,0.00,0.00,0.00,0.00,0.00
335.53,36.87,31.78,36.00,20.00,MAN,8,0,0,0.00,0.00,0.00,0.00,0.00,0.00,0.00,0.00
336.53,36.87,31.78,36.00,20.00,MAN,8,0,0,0.00,0.00,0.00,0.00,0.00,0.00,0.00,0.00
337.53,36.88,31.80,36.00,20.00,MAN,8,0,0,0.00,0.00,0.00,0.00,0.00,0.00,0.00,0.00
338.54,36.89,31.80,36.00,20.00,MAN,8,0,0,0.00,0.00,0.00,0.00,0.00,0.00,0.00,0.00
339.54,36.91,31.80,36.00,20.00,MAN,8,0,0,0.00,0.00,0.00,0.00,0.00,0.00,0.00,0.00
340.54,36.91,31.80,36.00,20.00,MAN,8,0,0,0.00,0.00,0.00,0.00,0.00,0.00,0.00,0.00
341.54,36.93,31.80,36.00,20.00,MAN,8,0,0,0.00,0.00,0.00,0.00,0.00,0.00,0.00,0.00
342.54,36.93,31.76,36.00,20.00,MAN,8,0,0,0.00,0.00,0.00,0.00,0.00,0.00,0.00,0.00
343.54,36.96,31.76,36.00,20.00,MAN,8,0,0,0.00,0.00,0.00,0.00,0.00,0.00,0.00,0.00
344.54,36.97,31.76,36.00,20.00,MAN,8,0,0,0.00,0.00,0.00,0.00,0.00,0.00,0.00,0.00
345.55,36.98,31.67,36.00,20.00,MAN,8,0,0,0.00,0.00,0.00,0.00,0.00,0.00,0.00,0.00
346.55,36.99,31.67,36.00,20.00,MAN,8,0,0,0.00,0.00,0.00,0.00,0.00,0.00,0.00,0.00
347.55,36.99,31.67,36.00,20.00,MAN,8,0,0,0.00,0.00,0.00,0.00,0.00,0.00,0.00,0.00
348.55,37.00,31.64,36.00,20.00,MAN,8,0,0,0.00,0.00,0.00,0.00,0.00,0.00,0.00,0.00
349.55,37.02,31.64,36.00,20.00,MAN,8,0,0,0.00,0.00,0.00,0.00,0.00,0.00,0.00,0.00
350.55,37.03,31.64,36.00,20.00,MAN,8,0,0,0.00,0.00,0.00,0.00,0.00,0.00,0.00,0.00
351.56,37.03,31.64,36.00,20.00,MAN,8,0,0,0.00,0.00,0.00,0.00,0.00,0.00,0.00,0.00
352.56,37.03,31.64,36.00,20.00,MAN,8,0,0,0.00,0.00,0.00,0.00,0.00,0.00,0.00,0.00
353.56,37.04,31.64,36.00,20.00,MAN,8,0,0,0.00,0.00,0.00,0.00,0.00,0.00,0.00,0.00
354.56,37.05,31.61,36.00,20.00,MAN,8,0,0,0.00,0.00,0.00,0.00,0.00,0.00,0.00,0.00
355.56,37.06,31.61,36.00,20.00,MAN,8,0,0,0.00,0.00,0.00,0.00,0.00,0.00,0.00,0.00
356.57,37.07,31.61,36.00,20.00,MAN,8,0,0,0.00,0.00,0.00,0.00,0.00,0.00,0.00,0.00
357.56,37.08,31.61,36.00,20.00,MAN,8,0,0,0.00,0.00,0.00,0.00,0.00,0.00,0.00,0.00
358.57,37.08,31.61,36.00,20.00,MAN,8,0,0,0.00,0.00,0.00,0.00,0.00,0.00,0.00,0.00
359.57,37.10,31.61,36.00,20.00,MAN,8,0,0,0.00,0.00,0.00,0.00,0.00,0.00,0.00,0.00
360.57,37.11,31.57,36.00,20.00,MAN,8,0,0,0.00,0.00,0.00,0.00,0.00,0.00,0.00,0.00
361.57,37.12,31.57,36.00,20.00,MAN,8,0,0,0.00,0.00,0.00,0.00,0.00,0.00,0.00,0.00
362.57,37.12,31.57,36.00,20.00,MAN,8,0,0,0.00,0.00,0.00,0.00,0.00,0.00,0.00,0.00
363.57,37.13,31.57,36.00,20.00,MAN,8,0,0,0.00,0.00,0.00,0.00,0.00,0.00,0.00,0.00
364.58,37.13,31.57,36.00,20.00,MAN,8,0,0,0.00,0.00,0.00,0.00,0.00,0.00,0.00,0.00
365.58,37.14,31.57,36.00,20.00,MAN,8,0,0,0.00,0.00,0.00,0.00,0.00,0.00,0.00,0.00
366.58,37.15,31.53,36.00,20.00,MAN,8,0,0,0.00,0.00,0.00,0.00,0.00,0.00,0.00,0.00
367.58,37.15,31.53,36.00,20.00,MAN,8,0,0,0.00,0.00,0.00,0.00,0.00,0.00,0.00,0.00
368.58,37.15,31.53,36.00,20.00,MAN,8,0,0,0.00,0.00,0.00,0.00,0.00,0.00,0.00,0.00
369.58,37.16,31.53,36.00,20.00,MAN,8,0,0,0.00,0.00,0.00,0.00,0.00,0.00,0.00,0.00
370.59,37.17,31.53,36.00,20.00,MAN,8,0,0,0.00,0.00,0.00,0.00,0.00,0.00,0.00,0.00
371.59,37.17,31.53,36.00,20.00,MAN,8,0,0,0.00,0.00,0.00,0.00,0.00,0.00,0.00,0.00
372.59,37.19,31.53,36.00,20.00,MAN,8,0,0,0.00,0.00,0.00,0.00,0.00,0.00,0.00,0.00
373.59,37.20,31.49,36.00,20.00,MAN,8,0,0,0.00,0.00,0.00,0.00,0.00,0.00,0.00,0.00
374.59,37.20,31.49,36.00,20.00,MAN,8,0,0,0.00,0.00,0.00,0.00,0.00,0.00,0.00,0.00
375.59,37.21,31.49,36.00,20.00,MAN,8,0,0,0.00,0.00,0.00,0.00,0.00,0.00,0.00,0.00
376.59,37.22,31.49,36.00,20.00,MAN,8,0,0,0.00,0.00,0.00,0.00,0.00,0.00,0.00,0.00
377.60,37.23,31.51,36.00,20.00,MAN,8,0,0,0.00,0.00,0.00,0.00,0.00,0.00,0.00,0.00
378.60,37.25,31.47,36.00,20.00,MAN,8,0,0,0.00,0.00,0.00,0.00,0.00,0.00,0.00,0.00
379.60,37.25,31.47,36.00,20.00,MAN,8,0,0,0.00,0.00,0.00,0.00,0.00,0.00,0.00,0.00
380.60,37.25,31.47,36.00,20.00,MAN,8,0,0,0.00,0.00,0.00,0.00,0.00,0.00,0.00,0.00
381.60,37.26,31.47,36.00,20.00,MAN,8,0,0,0.00,0.00,0.00,0.00,0.00,0.00,0.00,0.00
382.61,37.27,31.47,36.00,20.00,MAN,8,0,0,0.00,0.00,0.00,0.00,0.00,0.00,0.00,0.00
383.60,37.28,31.47,36.00,20.00,MAN,8,0,0,0.00,0.00,0.00,0.00,0.00,0.00,0.00,0.00
384.61,37.28,31.47,36.00,20.00,MAN,8,0,0,0.00,0.00,0.00,0.00,0.00,0.00,0.00,0.00
385.61,37.29,31.42,36.00,20.00,MAN,8,0,0,0.00,0.00,0.00,0.00,0.00,0.00,0.00,0.00
386.61,37.29,31.42,36.00,20.00,MAN,8,0,0,0.00,0.00,0.00,0.00,0.00,0.00,0.00,0.00
387.61,37.31,31.42,36.00,20.00,MAN,8,0,0,0.00,0.00,0.00,0.00,0.00,0.00,0.00,0.00
388.61,37.32,31.42,36.00,20.00,MAN,8,0,0,0.00,0.00,0.00,0.00,0.00,0.00,0.00,0.00
389.61,37.32,31.42,36.00,20.00,MAN,8,0,0,0.00,0.00,0.00,0.00,0.00,0.00,0.00,0.00
390.62,37.33,31.42,36.00,20.00,MAN,8,0,0,0.00,0.00,0.00,0.00,0.00,0.00,0.00,0.00
391.62,37.34,31.38,36.00,20.00,MAN,8,0,0,0.00,0.00,0.00,0.00,0.00,0.00,0.00,0.00
392.62,37.35,31.38,36.00,20.00,MAN,8,0,0,0.00,0.00,0.00,0.00,0.00,0.00,0.00,0.00
393.62,37.35,31.38,36.00,20.00,MAN,8,0,0,0.00,0.00,0.00,0.00,0.00,0.00,0.00,0.00
394.62,37.35,31.38,36.00,20.00,MAN,8,0,0,0.00,0.00,0.00,0.00,0.00,0.00,0.00,0.00
395.63,37.36,31.38,36.00,20.00,MAN,8,0,0,0.00,0.00,0.00,0.00,0.00,0.00,0.00,0.00
396.63,37.38,31.35,36.00,20.00,MAN,8,0,0,0.00,0.00,0.00,0.00,0.00,0.00,0.00,0.00
397.63,37.40,31.35,36.00,20.00,MAN,8,0,0,0.00,0.00,0.00,0.00,0.00,0.00,0.00,0.00
398.63,37.40,31.36,36.00,20.00,MAN,8,0,0,0.00,0.00,0.00,0.00,0.00,0.00,0.00,0.00
399.63,37.41,31.36,36.00,20.00,MAN,8,0,0,0.00,0.00,0.00,0.00,0.00,0.00,0.00,0.00
400.63,37.41,31.36,36.00,20.00,MAN,8,0,0,0.00,0.00,0.00,0.00,0.00,0.00,0.00,0.00
401.64,37.42,31.36,36.00,20.00,MAN,8,0,0,0.00,0.00,0.00,0.00,0.00,0.00,0.00,0.00
402.64,37.44,31.32,36.00,20.00,MAN,8,0,0,0.00,0.00,0.00,0.00,0.00,0.00,0.00,0.00
403.64,37.44,31.32,36.00,20.00,MAN,8,0,0,0.00,0.00,0.00,0.00,0.00,0.00,0.00,0.00
404.64,37.45,31.32,36.00,20.00,MAN,8,0,0,0.00,0.00,0.00,0.00,0.00,0.00,0.00,0.00
405.64,37.45,31.32,36.00,20.00,MAN,8,0,0,0.00,0.00,0.00,0.00,0.00,0.00,0.00,0.00
406.64,37.47,31.32,36.00,20.00,MAN,8,0,0,0.00,0.00,0.00,0.00,0.00,0.00,0.00,0.00
407.64,37.48,31.28,36.00,20.00,MAN,8,0,0,0.00,0.00,0.00,0.00,0.00,0.00,0.00,0.00
408.64,37.49,31.28,36.00,20.00,MAN,8,0,0,0.00,0.00,0.00,0.00,0.00,0.00,0.00,0.00
409.65,37.51,31.28,36.00,20.00,MAN,8,0,0,0.00,0.00,0.00,0.00,0.00,0.00,0.00,0.00
410.65,37.52,31.24,36.00,20.00,MAN,8,0,0,0.00,0.00,0.00,0.00,0.00,0.00,0.00,0.00
411.65,37.52,31.24,36.00,20.00,MAN,8,0,0,0.00,0.00,0.00,0.00,0.00,0.00,0.00,0.00
412.65,37.54,31.24,36.00,20.00,MAN,8,0,0,0.00,0.00,0.00,0.00,0.00,0.00,0.00,0.00
413.65,37.55,31.24,36.00,20.00,MAN,8,0,0,0.00,0.00,0.00,0.00,0.00,0.00,0.00,0.00
414.66,37.55,31.20,36.00,20.00,MAN,8,0,0,0.00,0.00,0.00,0.00,0.00,0.00,0.00,0.00
415.66,37.56,31.20,36.00,20.00,MAN,8,0,0,0.00,0.00,0.00,0.00,0.00,0.00,0.00,0.00
416.66,37.57,31.20,36.00,20.00,MAN,8,0,0,0.00,0.00,0.00,0.00,0.00,0.00,0.00,0.00
417.66,37.58,31.22,36.00,20.00,MAN,8,0,0,0.00,0.00,0.00,0.00,0.00,0.00,0.00,0.00
418.66,37.59,31.22,36.00,20.00,MAN,8,0,0,0.00,0.00,0.00,0.00,0.00,0.00,0.00,0.00
419.66,37.60,31.22,36.00,20.00,MAN,8,0,0,0.00,0.00,0.00,0.00,0.00,0.00,0.00,0.00
420.66,37.60,31.18,36.00,20.00,MAN,8,0,0,0.00,0.00,0.00,0.00,0.00,0.00,0.00,0.00
421.67,37.61,31.18,36.00,20.00,MAN,8,0,0,0.00,0.00,0.00,0.00,0.00,0.00,0.00,0.00
422.67,37.62,31.18,36.00,20.00,MAN,8,0,0,0.00,0.00,0.00,0.00,0.00,0.00,0.00,0.00
423.67,37.63,31.18,36.00,20.00,MAN,8,0,0,0.00,0.00,0.00,0.00,0.00,0.00,0.00,0.00
424.67,37.64,31.18,36.00,20.00,MAN,8,0,0,0.00,0.00,0.00,0.00,0.00,0.00,0.00,0.00
425.67,37.65,31.13,36.00,20.00,MAN,8,0,0,0.00,0.00,0.00,0.00,0.00,0.00,0.00,0.00
426.67,37.66,31.13,36.00,20.00,MAN,8,0,0,0.00,0.00,0.00,0.00,0.00,0.00,0.00,0.00
427.68,37.66,31.13,36.00,20.00,MAN,8,0,0,0.00,0.00,0.00,0.00,0.00,0.00,0.00,0.00
428.68,37.66,31.13,36.00,20.00,MAN,8,0,0,0.00,0.00,0.00,0.00,0.00,0.00,0.00,0.00
429.68,37.67,31.13,36.00,20.00,MAN,8,0,0,0.00,0.00,0.00,0.00,0.00,0.00,0.00,0.00
430.68,37.70,31.13,36.00,20.00,MAN,8,0,0,0.00,0.00,0.00,0.00,0.00,0.00,0.00,0.00
431.68,37.71,31.09,36.00,20.00,MAN,8,0,0,0.00,0.00,0.00,0.00,0.00,0.00,0.00,0.00
432.68,37.71,31.09,36.00,20.00,MAN,8,0,0,0.00,0.00,0.00,0.00,0.00,0.00,0.00,0.00
433.68,37.70,31.09,36.00,20.00,MAN,8,0,0,0.00,0.00,0.00,0.00,0.00,0.00,0.00,0.00
434.69,37.71,31.09,36.00,20.00,MAN,8,0,0,0.00,0.00,0.00,0.00,0.00,0.00,0.00,0.00
435.69,37.72,31.09,36.00,20.00,MAN,8,0,0,0.00,0.00,0.00,0.00,0.00,0.00,0.00,0.00
436.69,37.73,31.09,36.00,20.00,MAN,8,0,0,0.00,0.00,0.00,0.00,0.00,0.00,0.00,0.00
437.69,37.73,31.09,36.00,20.00,MAN,8,0,0,0.00,0.00,0.00,0.00,0.00,0.00,0.00,0.00
438.69,37.73,31.09,36.00,20.00,MAN,8,0,0,0.00,0.00,0.00,0.00,0.00,0.00,0.00,0.00
439.69,37.73,31.09,36.00,20.00,MAN,8,0,0,0.00,0.00,0.00,0.00,0.00,0.00,0.00,0.00
440.70,37.74,31.09,36.00,20.00,MAN,8,0,0,0.00,0.00,0.00,0.00,0.00,0.00,0.00,0.00
441.70,37.73,31.09,36.00,20.00,MAN,8,0,0,0.00,0.00,0.00,0.00,0.00,0.00,0.00,0.00
442.70,37.74,31.09,36.00,20.00,MAN,8,0,0,0.00,0.00,0.00,0.00,0.00,0.00,0.00,0.00
443.70,37.74,31.11,36.00,20.00,MAN,8,0,0,0.00,0.00,0.00,0.00,0.00,0.00,0.00,0.00
444.70,37.74,31.11,36.00,20.00,MAN,8,0,0,0.00,0.00,0.00,0.00,0.00,0.00,0.00,0.00
445.70,37.75,31.11,36.00,20.00,MAN,8,0,0,0.00,0.00,0.00,0.00,0.00,0.00,0.00,0.00
446.71,37.76,31.11,36.00,20.00,MAN,8,0,0,0.00,0.00,0.00,0.00,0.00,0.00,0.00,0.00
447.71,37.76,31.07,36.00,20.00,MAN,8,0,0,0.00,0.00,0.00,0.00,0.00,0.00,0.00,0.00
448.71,37.77,31.07,36.00,20.00,MAN,8,0,0,0.00,0.00,0.00,0.00,0.00,0.00,0.00,0.00
449.71,37.78,31.07,36.00,20.00,MAN,8,0,0,0.00,0.00,0.00,0.00,0.00,0.00,0.00,0.00
450.71,37.78,31.07,36.00,20.00,MAN,8,0,0,0.00,0.00,0.00,0.00,0.00,0.00,0.00,0.00
451.72,37.79,31.07,36.00,20.00,MAN,8,0,0,0.00,0.00,0.00,0.00,0.00,0.00,0.00,0.00
452.71,37.80,31.07,36.00,20.00,MAN,8,0,0,0.00,0.00,0.00,0.00,0.00,0.00,0.00,0.00
453.72,37.80,31.07,36.00,20.00,MAN,8,0,0,0.00,0.00,0.00,0.00,0.00,0.00,0.00,0.00
454.72,37.81,31.07,36.00,20.00,MAN,8,0,0,0.00,0.00,0.00,0.00,0.00,0.00,0.00,0.00
455.72,37.82,31.03,36.00,20.00,MAN,8,0,0,0.00,0.00,0.00,0.00,0.00,0.00,0.00,0.00
456.72,37.82,31.03,36.00,20.00,MAN,8,0,0,0.00,0.00,0.00,0.00,0.00,0.00,0.00,0.00
457.72,37.82,31.03,36.00,20.00,MAN,8,0,0,0.00,0.00,0.00,0.00,0.00,0.00,0.00,0.00
458.73,37.84,31.03,36.00,20.00,MAN,8,0,0,0.00,0.00,0.00,0.00,0.00,0.00,0.00,0.00
459.73,37.84,31.03,36.00,20.00,MAN,8,0,0,0.00,0.00,0.00,0.00,0.00,0.00,0.00,0.00
460.73,37.86,31.03,36.00,20.00,MAN,8,0,0,0.00,0.00,0.00,0.00,0.00,0.00,0.00,0.00
461.73,37.86,31.03,36.00,20.00,MAN,8,0,0,0.00,0.00,0.00,0.00,0.00,0.00,0.00,0.00
462.73,37.86,31.03,36.00,20.00,MAN,8,0,0,0.00,0.00,0.00,0.00,0.00,0.00,0.00,0.00
463.73,37.86,31.03,36.00,20.00,MAN,8,0,0,0.00,0.00,0.00,0.00,0.00,0.00,0.00,0.00
464.74,37.87,30.99,36.00,20.00,MAN,8,0,0,0.00,0.00,0.00,0.00,0.00,0.00,0.00,0.00
465.74,37.87,30.99,36.00,20.00,MAN,8,0,0,0.00,0.00,0.00,0.00,0.00,0.00,0.00,0.00
466.74,37.89,30.99,36.00,20.00,MAN,8,0,0,0.00,0.00,0.00,0.00,0.00,0.00,0.00,0.00
467.74,37.90,30.99,36.00,20.00,MAN,8,0,0,0.00,0.00,0.00,0.00,0.00,0.00,0.00,0.00
468.74,37.90,30.99,36.00,20.00,MAN,8,0,0,0.00,0.00,0.00,0.00,0.00,0.00,0.00,0.00
469.74,37.91,30.99,36.00,20.00,MAN,8,0,0,0.00,0.00,0.00,0.00,0.00,0.00,0.00,0.00
470.74,37.92,31.00,36.00,20.00,MAN,8,0,0,0.00,0.00,0.00,0.00,0.00,0.00,0.00,0.00
471.75,37.92,31.00,36.00,20.00,MAN,8,0,0,0.00,0.00,0.00,0.00,0.00,0.00,0.00,0.00
472.75,37.92,30.96,36.00,20.00,MAN,8,0,0,0.00,0.00,0.00,0.00,0.00,0.00,0.00,0.00
473.75,37.93,30.96,36.00,20.00,MAN,8,0,0,0.00,0.00,0.00,0.00,0.00,0.00,0.00,0.00
474.75,37.94,30.96,36.00,20.00,MAN,8,0,0,0.00,0.00,0.00,0.00,0.00,0.00,0.00,0.00
475.75,37.95,30.96,36.00,20.00,MAN,8,0,0,0.00,0.00,0.00,0.00,0.00,0.00,0.00,0.00
476.75,37.95,30.96,36.00,20.00,MAN,8,0,0,0.00,0.00,0.00,0.00,0.00,0.00,0.00,0.00
477.76,37.96,30.96,36.00,20.00,MAN,8,0,0,0.00,0.00,0.00,0.00,0.00,0.00,0.00,0.00
478.76,37.97,30.96,36.00,20.00,MAN,8,0,0,0.00,0.00,0.00,0.00,0.00,0.00,0.00,0.00
479.76,37.99,30.96,36.00,20.00,MAN,8,0,0,0.00,0.00,0.00,0.00,0.00,0.00,0.00,0.00
480.76,37.99,30.96,36.00,20.00,MAN,8,0,0,0.00,0.00,0.00,0.00,0.00,0.00,0.00,0.00
481.76,38.00,30.93,36.00,20.00,MAN,8,0,0,0.00,0.00,0.00,0.00,0.00,0.00,0.00,0.00
482.76,38.01,30.93,36.00,20.00,MAN,8,0,0,0.00,0.00,0.00,0.00,0.00,0.00,0.00,0.00
483.76,38.02,30.93,36.00,20.00,MAN,8,0,0,0.00,0.00,0.00,0.00,0.00,0.00,0.00,0.00
484.76,38.03,30.93,36.00,20.00,MAN,8,0,0,0.00,0.00,0.00,0.00,0.00,0.00,0.00,0.00
485.77,38.03,30.93,36.00,20.00,MAN,8,0,0,0.00,0.00,0.00,0.00,0.00,0.00,0.00,0.00
486.77,38.04,30.93,36.00,20.00,MAN,8,0,0,0.00,0.00,0.00,0.00,0.00,0.00,0.00,0.00
487.77,38.04,30.84,36.00,20.00,MAN,8,0,0,0.00,0.00,0.00,0.00,0.00,0.00,0.00,0.00
488.77,38.05,30.84,36.00,20.00,MAN,8,0,0,0.00,0.00,0.00,0.00,0.00,0.00,0.00,0.00
489.77,38.05,30.84,36.00,20.00,MAN,8,0,0,0.00,0.00,0.00,0.00,0.00,0.00,0.00,0.00
490.78,38.06,30.84,36.00,20.00,MAN,8,0,0,0.00,0.00,0.00,0.00,0.00,0.00,0.00,0.00
491.78,38.07,30.84,36.00,20.00,MAN,8,0,0,0.00,0.00,0.00,0.00,0.00,0.00,0.00,0.00
492.78,38.08,30.86,36.00,20.00,MAN,8,0,0,0.00,0.00,0.00,0.00,0.00,0.00,0.00,0.00
493.78,38.09,30.86,36.00,20.00,MAN,8,0,0,0.00,0.00,0.00,0.00,0.00,0.00,0.00,0.00
494.78,38.09,30.82,36.00,20.00,MAN,8,0,0,0.00,0.00,0.00,0.00,0.00,0.00,0.00,0.00
495.78,38.09,30.82,36.00,20.00,MAN,8,0,0,0.00,0.00,0.00,0.00,0.00,0.00,0.00,0.00
496.79,38.09,30.82,36.00,20.00,MAN,8,0,0,0.00,0.00,0.00,0.00,0.00,0.00,0.00,0.00
497.79,38.10,30.82,36.00,20.00,MAN,8,0,0,0.00,0.00,0.00,0.00,0.00,0.00,0.00,0.00
498.79,38.10,30.82,36.00,20.00,MAN,8,0,0,0.00,0.00,0.00,0.00,0.00,0.00,0.00,0.00
499.79,38.11,30.82,36.00,20.00,MAN,8,0,0,0.00,0.00,0.00,0.00,0.00,0.00,0.00,0.00
500.79,38.11,30.82,36.00,20.00,MAN,8,0,0,0.00,0.00,0.00,0.00,0.00,0.00,0.00,0.00
501.79,38.12,30.82,36.00,20.00,MAN,8,0,0,0.00,0.00,0.00,0.00,0.00,0.00,0.00,0.00
502.80,38.12,30.82,36.00,20.00,MAN,8,0,0,0.00,0.00,0.00,0.00,0.00,0.00,0.00,0.00
503.80,38.14,30.82,36.00,20.00,MAN,8,0,0,0.00,0.00,0.00,0.00,0.00,0.00,0.00,0.00
504.80,38.15,30.82,36.00,20.00,MAN,8,0,0,0.00,0.00,0.00,0.00,0.00,0.00,0.00,0.00
505.80,38.16,30.77,36.00,20.00,MAN,8,0,0,0.00,0.00,0.00,0.00,0.00,0.00,0.00,0.00
506.80,38.16,30.77,36.00,20.00,MAN,8,0,0,0.00,0.00,0.00,0.00,0.00,0.00,0.00,0.00
507.80,38.17,30.77,36.00,20.00,MAN,8,0,0,0.00,0.00,0.00,0.00,0.00,0.00,0.00,0.00
508.80,38.17,30.77,36.00,20.00,MAN,8,0,0,0.00,0.00,0.00,0.00,0.00,0.00,0.00,0.00
509.81,38.17,30.77,36.00,20.00,MAN,8,0,0,0.00,0.00,0.00,0.00,0.00,0.00,0.00,0.00
510.81,38.18,30.77,36.00,20.00,MAN,8,0,0,0.00,0.00,0.00,0.00,0.00,0.00,0.00,0.00
511.81,38.18,30.77,36.00,20.00,MAN,8,0,0,0.00,0.00,0.00,0.00,0.00,0.00,0.00,0.00
512.81,38.18,30.77,36.00,20.00,MAN,8,0,0,0.00,0.00,0.00,0.00,0.00,0.00,0.00,0.00
513.81,38.19,30.77,36.00,20.00,MAN,8,0,0,0.00,0.00,0.00,0.00,0.00,0.00,0.00,0.00
514.81,38.19,30.77,36.00,20.00,MAN,8,0,0,0.00,0.00,0.00,0.00,0.00,0.00,0.00,0.00
515.82,38.19,30.77,36.00,20.00,MAN,8,0,0,0.00,0.00,0.00,0.00,0.00,0.00,0.00,0.00
516.82,38.19,30.77,36.00,20.00,MAN,8,0,0,0.00,0.00,0.00,0.00,0.00,0.00,0.00,0.00
517.82,38.19,30.77,36.00,20.00,MAN,8,0,0,0.00,0.00,0.00,0.00,0.00,0.00,0.00,0.00
518.82,38.20,30.77,36.00,20.00,MAN,8,0,0,0.00,0.00,0.00,0.00,0.00,0.00,0.00,0.00
519.82,38.20,30.77,36.00,20.00,MAN,8,0,0,0.00,0.00,0.00,0.00,0.00,0.00,0.00,0.00
520.83,38.20,30.77,36.00,20.00,MAN,8,0,0,0.00,0.00,0.00,0.00,0.00,0.00,0.00,0.00
521.82,38.21,30.77,36.00,20.00,MAN,8,0,0,0.00,0.00,0.00,0.00,0.00,0.00,0.00,0.00
522.83,38.21,30.77,36.00,20.00,MAN,10,0,0,0.00,0.00,0.00,0.00,0.00,0.00,0.00,0.00
523.83,38.20,30.77,36.00,20.00,MAN,10,0,0,0.00,0.00,0.00,0.00,0.00,0.00,0.00,0.00
524.83,38.21,30.77,36.00,20.00,MAN,10,0,0,0.00,0.00,0.00,0.00,0.00,0.00,0.00,0.00
525.83,38.21,30.77,36.00,20.00,MAN,10,0,0,0.00,0.00,0.00,0.00,0.00,0.00,0.00,0.00
526.83,38.21,30.77,36.00,20.00,MAN,10,0,0,0.00,0.00,0.00,0.00,0.00,0.00,0.00,0.00
527.83,38.21,30.77,36.00,20.00,MAN,10,0,0,0.00,0.00,0.00,0.00,0.00,0.00,0.00,0.00
528.84,38.21,30.77,36.00,20.00,MAN,10,0,0,0.00,0.00,0.00,0.00,0.00,0.00,0.00,0.00
529.84,38.21,30.77,36.00,20.00,MAN,10,0,0,0.00,0.00,0.00,0.00,0.00,0.00,0.00,0.00
530.84,38.21,30.77,36.00,20.00,MAN,10,0,0,0.00,0.00,0.00,0.00,0.00,0.00,0.00,0.00
531.84,38.22,30.77,36.00,20.00,MAN,10,0,0,0.00,0.00,0.00,0.00,0.00,0.00,0.00,0.00
532.84,38.22,30.77,36.00,20.00,MAN,10,0,0,0.00,0.00,0.00,0.00,0.00,0.00,0.00,0.00
533.85,38.24,30.77,36.00,20.00,MAN,10,0,0,0.00,0.00,0.00,0.00,0.00,0.00,0.00,0.00
534.85,38.24,30.77,36.00,20.00,MAN,10,0,0,0.00,0.00,0.00,0.00,0.00,0.00,0.00,0.00
535.85,38.24,30.77,36.00,20.00,MAN,10,0,0,0.00,0.00,0.00,0.00,0.00,0.00,0.00,0.00
536.85,38.24,30.77,36.00,20.00,MAN,10,0,0,0.00,0.00,0.00,0.00,0.00,0.00,0.00,0.00
537.85,38.24,30.77,36.00,20.00,MAN,10,0,0,0.00,0.00,0.00,0.00,0.00,0.00,0.00,0.00
538.85,38.25,30.77,36.00,20.00,MAN,10,0,0,0.00,0.00,0.00,0.00,0.00,0.00,0.00,0.00
539.85,38.25,30.79,36.00,20.00,MAN,10,0,0,0.00,0.00,0.00,0.00,0.00,0.00,0.00,0.00
540.86,38.25,30.79,36.00,20.00,MAN,10,0,0,0.00,0.00,0.00,0.00,0.00,0.00,0.00,0.00
541.86,38.26,30.79,36.00,20.00,MAN,10,0,0,0.00,0.00,0.00,0.00,0.00,0.00,0.00,0.00
542.86,38.28,30.79,36.00,20.00,MAN,10,0,0,0.00,0.00,0.00,0.00,0.00,0.00,0.00,0.00
543.86,38.26,30.79,36.00,20.00,MAN,10,0,0,0.00,0.00,0.00,0.00,0.00,0.00,0.00,0.00
544.86,38.28,30.79,36.00,20.00,MAN,10,0,0,0.00,0.00,0.00,0.00,0.00,0.00,0.00,0.00
545.86,38.28,30.79,36.00,20.00,MAN,10,0,0,0.00,0.00,0.00,0.00,0.00,0.00,0.00,0.00
546.87,38.28,30.79,36.00,20.00,MAN,10,0,0,0.00,0.00,0.00,0.00,0.00,0.00,0.00,0.00
547.87,38.28,30.79,36.00,20.00,MAN,10,0,0,0.00,0.00,0.00,0.00,0.00,0.00,0.00,0.00
548.87,38.28,30.79,36.00,20.00,MAN,10,0,0,0.00,0.00,0.00,0.00,0.00,0.00,0.00,0.00
549.87,38.29,30.79,36.00,20.00,MAN,10,0,0,0.00,0.00,0.00,0.00,0.00,0.00,0.00,0.00
550.87,38.30,30.79,36.00,20.00,MAN,10,0,0,0.00,0.00,0.00,0.00,0.00,0.00,0.00,0.00
551.88,38.30,30.79,36.00,20.00,MAN,10,0,0,0.00,0.00,0.00,0.00,0.00,0.00,0.00,0.00
552.88,38.31,30.79,36.00,20.00,MAN,10,0,0,0.00,0.00,0.00,0.00,0.00,0.00,0.00,0.00
553.87,38.32,30.79,36.00,20.00,MAN,10,0,0,0.00,0.00,0.00,0.00,0.00,0.00,0.00,0.00
554.88,38.32,30.75,36.00,20.00,MAN,10,0,0,0.00,0.00,0.00,0.00,0.00,0.00,0.00,0.00
555.88,38.33,30.75,36.00,20.00,MAN,10,0,0,0.00,0.00,0.00,0.00,0.00,0.00,0.00,0.00
556.88,38.34,30.75,36.00,20.00,MAN,10,0,0,0.00,0.00,0.00,0.00,0.00,0.00,0.00,0.00
557.88,38.33,30.75,36.00,20.00,MAN,10,0,0,0.00,0.00,0.00,0.00,0.00,0.00,0.00,0.00
558.88,38.34,30.75,36.00,20.00,MAN,10,0,0,0.00,0.00,0.00,0.00,0.00,0.00,0.00,0.00
559.89,38.34,30.75,36.00,20.00,MAN,10,0,0,0.00,0.00,0.00,0.00,0.00,0.00,0.00,0.00
560.89,38.35,30.75,36.00,20.00,MAN,10,0,0,0.00,0.00,0.00,0.00,0.00,0.00,0.00,0.00
561.89,38.36,30.75,36.00,20.00,MAN,10,0,0,0.00,0.00,0.00,0.00,0.00,0.00,0.00,0.00
562.89,38.38,30.75,36.00,20.00,MAN,10,0,0,0.00,0.00,0.00,0.00,0.00,0.00,0.00,0.00
563.89,38.39,30.71,36.00,20.00,MAN,10,0,0,0.00,0.00,0.00,0.00,0.00,0.00,0.00,0.00
564.89,38.39,30.71,36.00,20.00,MAN,10,0,0,0.00,0.00,0.00,0.00,0.00,0.00,0.00,0.00
565.90,38.39,30.71,36.00,20.00,MAN,10,0,0,0.00,0.00,0.00,0.00,0.00,0.00,0.00,0.00
566.89,38.39,30.71,36.00,20.00,MAN,10,0,0,0.00,0.00,0.00,0.00,0.00,0.00,0.00,0.00
567.90,38.41,30.73,36.00,20.00,MAN,10,0,0,0.00,0.00,0.00,0.00,0.00,0.00,0.00,0.00
568.90,38.43,30.73,36.00,20.00,MAN,10,0,0,0.00,0.00,0.00,0.00,0.00,0.00,0.00,0.00
569.90,38.45,30.69,36.00,20.00,MAN,10,0,0,0.00,0.00,0.00,0.00,0.00,0.00,0.00,0.00
570.90,38.47,30.69,36.00,20.00,MAN,10,0,0,0.00,0.00,0.00,0.00,0.00,0.00,0.00,0.00
571.90,38.47,30.69,36.00,20.00,MAN,10,0,0,0.00,0.00,0.00,0.00,0.00,0.00,0.00,0.00
572.91,38.47,30.69,36.00,20.00,MAN,10,0,0,0.00,0.00,0.00,0.00,0.00,0.00,0.00,0.00
573.91,38.47,30.69,36.00,20.00,MAN,10,0,0,0.00,0.00,0.00,0.00,0.00,0.00,0.00,0.00
574.91,38.47,30.69,36.00,20.00,MAN,10,0,0,0.00,0.00,0.00,0.00,0.00,0.00,0.00,0.00
575.91,38.46,30.69,36.00,20.00,MAN,10,0,0,0.00,0.00,0.00,0.00,0.00,0.00,0.00,0.00
576.91,38.45,30.69,36.00,20.00,MAN,10,0,0,0.00,0.00,0.00,0.00,0.00,0.00,0.00,0.00
577.91,38.45,30.73,36.00,20.00,MAN,10,0,0,0.00,0.00,0.00,0.00,0.00,0.00,0.00,0.00
578.92,38.45,30.73,36.00,20.00,MAN,10,0,0,0.00,0.00,0.00,0.00,0.00,0.00,0.00,0.00
579.92,38.45,30.73,36.00,20.00,MAN,10,0,0,0.00,0.00,0.00,0.00,0.00,0.00,0.00,0.00
580.92,38.44,30.73,36.00,20.00,MAN,10,0,0,0.00,0.00,0.00,0.00,0.00,0.00,0.00,0.00
581.92,38.44,30.73,36.00,20.00,MAN,10,0,0,0.00,0.00,0.00,0.00,0.00,0.00,0.00,0.00
582.92,38.44,30.73,36.00,20.00,MAN,10,0,0,0.00,0.00,0.00,0.00,0.00,0.00,0.00,0.00
583.93,38.43,30.73,36.00,20.00,MAN,10,0,0,0.00,0.00,0.00,0.00,0.00,0.00,0.00,0.00
584.93,38.44,30.73,36.00,20.00,MAN,10,0,0,0.00,0.00,0.00,0.00,0.00,0.00,0.00,0.00
585.93,38.43,30.73,36.00,20.00,MAN,10,0,0,0.00,0.00,0.00,0.00,0.00,0.00,0.00,0.00
586.93,38.43,30.73,36.00,20.00,MAN,10,0,0,0.00,0.00,0.00,0.00,0.00,0.00,0.00,0.00
587.93,38.41,30.73,36.00,20.00,MAN,10,0,0,0.00,0.00,0.00,0.00,0.00,0.00,0.00,0.00
588.93,38.40,30.75,36.00,20.00,MAN,10,0,0,0.00,0.00,0.00,0.00,0.00,0.00,0.00,0.00
589.93,38.39,30.75,36.00,20.00,MAN,10,0,0,0.00,0.00,0.00,0.00,0.00,0.00,0.00,0.00
590.93,38.38,30.79,36.00,20.00,MAN,10,0,0,0.00,0.00,0.00,0.00,0.00,0.00,0.00,0.00
591.94,38.37,30.79,36.00,20.00,MAN,10,0,0,0.00,0.00,0.00,0.00,0.00,0.00,0.00,0.00
592.94,38.36,30.79,36.00,20.00,MAN,10,0,0,0.00,0.00,0.00,0.00,0.00,0.00,0.00,0.00
593.94,38.34,30.83,36.00,20.00,MAN,10,0,0,0.00,0.00,0.00,0.00,0.00,0.00,0.00,0.00
594.94,38.33,30.83,36.00,20.00,MAN,10,0,0,0.00,0.00,0.00,0.00,0.00,0.00,0.00,0.00
595.94,38.32,30.87,36.00,20.00,MAN,10,0,0,0.00,0.00,0.00,0.00,0.00,0.00,0.00,0.00
596.94,38.31,30.87,36.00,20.00,MAN,10,0,0,0.00,0.00,0.00,0.00,0.00,0.00,0.00,0.00
597.95,38.30,30.96,36.00,20.00,MAN,10,0,0,0.00,0.00,0.00,0.00,0.00,0.00,0.00,0.00
598.95,38.29,30.99,36.00,20.00,MAN,10,0,0,0.00,0.00,0.00,0.00,0.00,0.00,0.00,0.00
599.95,38.26,30.99,36.00,20.00,MAN,10,0,0,0.00,0.00,0.00,0.00,0.00,0.00,0.00,0.00
600.95,38.25,31.02,36.00,20.00,MAN,10,0,0,0.00,0.00,0.00,0.00,0.00,0.00,0.00,0.00
601.95,38.23,31.02,36.00,20.00,MAN,10,0,0,0.00,0.00,0.00,0.00,0.00,0.00,0.00,0.00
602.95,38.23,31.02,36.00,20.00,MAN,10,0,0,0.00,0.00,0.00,0.00,0.00,0.00,0.00,0.00
603.95,38.21,31.02,36.00,20.00,MAN,10,0,0,0.00,0.00,0.00,0.00,0.00,0.00,0.00,0.00
604.96,38.20,31.06,36.00,20.00,MAN,10,0,0,0.00,0.00,0.00,0.00,0.00,0.00,0.00,0.00
605.96,38.19,31.06,36.00,20.00,MAN,10,0,0,0.00,0.00,0.00,0.00,0.00,0.00,0.00,0.00
606.96,38.17,31.10,36.00,20.00,MAN,10,0,0,0.00,0.00,0.00,0.00,0.00,0.00,0.00,0.00
607.96,38.16,31.10,36.00,20.00,MAN,10,0,0,0.00,0.00,0.00,0.00,0.00,0.00,0.00,0.00
608.96,38.15,31.14,36.00,20.00,MAN,10,0,0,0.00,0.00,0.00,0.00,0.00,0.00,0.00,0.00
609.96,38.12,31.14,36.00,20.00,MAN,10,0,0,0.00,0.00,0.00,0.00,0.00,0.00,0.00,0.00
610.97,38.10,31.18,36.00,20.00,MAN,10,0,0,0.00,0.00,0.00,0.00,0.00,0.00,0.00,0.00
611.97,38.09,31.22,36.00,20.00,MAN,10,0,0,0.00,0.00,0.00,0.00,0.00,0.00,0.00,0.00
612.97,38.08,31.22,36.00,20.00,MAN,10,0,0,0.00,0.00,0.00,0.00,0.00,0.00,0.00,0.00
613.97,38.06,31.25,36.00,20.00,MAN,10,0,0,0.00,0.00,0.00,0.00,0.00,0.00,0.00,0.00
614.97,38.05,31.25,36.00,20.00,MAN,10,0,0,0.00,0.00,0.00,0.00,0.00,0.00,0.00,0.00
615.98,38.03,31.29,36.00,20.00,MAN,10,0,0,0.00,0.00,0.00,0.00,0.00,0.00,0.00,0.00
616.97,38.02,31.29,36.00,20.00,MAN,10,0,0,0.00,0.00,0.00,0.00,0.00,0.00,0.00,0.00
617.98,38.00,31.33,36.00,20.00,MAN,10,0,0,0.00,0.00,0.00,0.00,0.00,0.00,0.00,0.00
618.98,37.99,31.37,36.00,20.00,MAN,10,0,0,0.00,0.00,0.00,0.00,0.00,0.00,0.00,0.00
619.98,37.96,31.37,36.00,20.00,MAN,10,0,0,0.00,0.00,0.00,0.00,0.00,0.00,0.00,0.00
620.98,37.95,31.41,36.00,20.00,MAN,10,0,0,0.00,0.00,0.00,0.00,0.00,0.00,0.00,0.00
621.98,37.93,31.45,36.00,20.00,MAN,10,0,0,0.00,0.00,0.00,0.00,0.00,0.00,0.00,0.00
622.98,37.91,31.48,36.00,20.00,MAN,10,0,0,0.00,0.00,0.00,0.00,0.00,0.00,0.00,0.00
623.99,37.89,31.51,36.00,20.00,MAN,10,0,0,0.00,0.00,0.00,0.00,0.00,0.00,0.00,0.00
624.99,37.87,31.56,36.00,20.00,MAN,10,0,0,0.00,0.00,0.00,0.00,0.00,0.00,0.00,0.00
625.99,37.86,31.60,36.00,20.00,MAN,10,0,0,0.00,0.00,0.00,0.00,0.00,0.00,0.00,0.00
626.99,37.85,31.60,36.00,20.00,MAN,10,0,0,0.00,0.00,0.00,0.00,0.00,0.00,0.00,0.00
627.99,37.82,31.64,36.00,20.00,MAN,10,0,0,0.00,0.00,0.00,0.00,0.00,0.00,0.00,0.00
629.00,37.80,31.64,36.00,20.00,MAN,10,0,0,0.00,0.00,0.00,0.00,0.00,0.00,0.00,0.00
630.00,37.78,31.68,36.00,20.00,MAN,8,0,0,0.00,0.00,0.00,0.00,0.00,0.00,0.00,0.00
631.00,37.77,31.68,36.00,20.00,MAN,8,0,0,0.00,0.00,0.00,0.00,0.00,0.00,0.00,0.00
632.00,37.74,31.72,36.00,20.00,MAN,8,0,0,0.00,0.00,0.00,0.00,0.00,0.00,0.00,0.00
633.00,37.73,31.70,36.00,20.00,MAN,8,0,0,0.00,0.00,0.00,0.00,0.00,0.00,0.00,0.00
634.00,37.71,31.70,36.00,20.00,MAN,8,0,0,0.00,0.00,0.00,0.00,0.00,0.00,0.00,0.00
635.00,37.69,31.74,36.00,20.00,MAN,8,0,0,0.00,0.00,0.00,0.00,0.00,0.00,0.00,0.00
636.00,37.67,31.83,36.00,20.00,MAN,8,0,0,0.00,0.00,0.00,0.00,0.00,0.00,0.00,0.00
637.01,37.65,31.86,36.00,20.00,MAN,8,0,0,0.00,0.00,0.00,0.00,0.00,0.00,0.00,0.00
638.01,37.63,31.86,36.00,20.00,MAN,8,0,0,0.00,0.00,0.00,0.00,0.00,0.00,0.00,0.00
639.01,37.61,31.90,36.00,20.00,MAN,8,0,0,0.00,0.00,0.00,0.00,0.00,0.00,0.00,0.00
640.01,37.59,31.94,36.00,20.00,MAN,8,0,0,0.00,0.00,0.00,0.00,0.00,0.00,0.00,0.00
641.01,37.58,31.97,36.00,20.00,MAN,8,0,0,0.00,0.00,0.00,0.00,0.00,0.00,0.00,0.00
642.01,37.56,32.01,36.00,20.00,MAN,8,0,0,0.00,0.00,0.00,0.00,0.00,0.00,0.00,0.00
643.02,37.54,32.05,36.00,20.00,MAN,8,0,0,0.00,0.00,0.00,0.00,0.00,0.00,0.00,0.00
644.02,37.51,32.05,36.00,20.00,MAN,8,0,0,0.00,0.00,0.00,0.00,0.00,0.00,0.00,0.00
645.02,37.50,32.09,36.00,20.00,MAN,8,0,0,0.00,0.00,0.00,0.00,0.00,0.00,0.00,0.00
646.02,37.47,32.13,36.00,20.00,MAN,8,0,0,0.00,0.00,0.00,0.00,0.00,0.00,0.00,0.00
647.02,37.46,32.13,36.00,20.00,MAN,8,0,0,0.00,0.00,0.00,0.00,0.00,0.00,0.00,0.00
648.03,37.44,32.17,36.00,20.00,MAN,8,0,0,0.00,0.00,0.00,0.00,0.00,0.00,0.00,0.00
649.02,37.42,32.21,36.00,20.00,MAN,8,0,0,0.00,0.00,0.00,0.00,0.00,0.00,0.00,0.00
650.03,37.41,32.21,36.00,20.00,MAN,8,0,0,0.00,0.00,0.00,0.00,0.00,0.00,0.00,0.00
651.03,37.40,32.21,36.00,20.00,MAN,8,0,0,0.00,0.00,0.00,0.00,0.00,0.00,0.00,0.00
652.03,37.37,32.24,36.00,20.00,MAN,8,0,0,0.00,0.00,0.00,0.00,0.00,0.00,0.00,0.00
653.03,37.34,32.24,36.00,20.00,MAN,8,0,0,0.00,0.00,0.00,0.00,0.00,0.00,0.00,0.00
654.03,37.32,32.28,36.00,20.00,MAN,8,0,0,0.00,0.00,0.00,0.00,0.00,0.00,0.00,0.00
655.04,37.31,32.31,36.00,20.00,MAN,8,0,0,0.00,0.00,0.00,0.00,0.00,0.00,0.00,0.00
656.04,37.29,32.36,36.00,20.00,MAN,8,0,0,0.00,0.00,0.00,0.00,0.00,0.00,0.00,0.00
657.04,37.28,32.36,36.00,20.00,MAN,8,0,0,0.00,0.00,0.00,0.00,0.00,0.00,0.00,0.00
658.04,37.26,32.40,36.00,20.00,MAN,8,0,0,0.00,0.00,0.00,0.00,0.00,0.00,0.00,0.00
659.04,37.23,32.44,36.00,20.00,MAN,8,0,0,0.00,0.00,0.00,0.00,0.00,0.00,0.00,0.00
660.04,37.21,32.42,36.00,20.00,MAN,8,0,0,0.00,0.00,0.00,0.00,0.00,0.00,0.00,0.00
661.05,37.19,32.46,36.00,20.00,MAN,8,0,0,0.00,0.00,0.00,0.00,0.00,0.00,0.00,0.00
662.05,37.17,32.51,36.00,20.00,MAN,8,0,0,0.00,0.00,0.00,0.00,0.00,0.00,0.00,0.00
663.05,37.15,32.51,36.00,20.00,MAN,8,0,0,0.00,0.00,0.00,0.00,0.00,0.00,0.00,0.00
664.05,37.14,32.54,36.00,20.00,MAN,8,0,0,0.00,0.00,0.00,0.00,0.00,0.00,0.00,0.00
665.05,37.12,32.54,36.00,20.00,MAN,8,0,0,0.00,0.00,0.00,0.00,0.00,0.00,0.00,0.00
666.05,37.11,32.58,36.00,20.00,MAN,8,0,0,0.00,0.00,0.00,0.00,0.00,0.00,0.00,0.00
667.05,37.08,32.58,36.00,20.00,MAN,8,0,0,0.00,0.00,0.00,0.00,0.00,0.00,0.00,0.00
668.06,37.06,32.63,36.00,20.00,MAN,8,0,0,0.00,0.00,0.00,0.00,0.00,0.00,0.00,0.00
669.06,37.04,32.65,36.00,20.00,MAN,8,0,0,0.00,0.00,0.00,0.00,0.00,0.00,0.00,0.00
670.06,37.03,32.65,36.00,20.00,MAN,8,0,0,0.00,0.00,0.00,0.00,0.00,0.00,0.00,0.00
671.06,37.01,32.73,36.00,20.00,MAN,8,0,0,0.00,0.00,0.00,0.00,0.00,0.00,0.00,0.00
672.06,37.00,32.77,36.00,20.00,MAN,8,0,0,0.00,0.00,0.00,0.00,0.00,0.00,0.00,0.00
673.06,36.98,32.77,36.00,20.00,MAN,8,0,0,0.00,0.00,0.00,0.00,0.00,0.00,0.00,0.00
674.07,36.96,32.81,36.00,20.00,MAN,8,0,0,0.00,0.00,0.00,0.00,0.00,0.00,0.00,0.00
675.07,36.93,32.85,36.00,20.00,MAN,8,0,0,0.00,0.00,0.00,0.00,0.00,0.00,0.00,0.00
676.07,36.92,32.85,36.00,20.00,MAN,8,0,0,0.00,0.00,0.00,0.00,0.00,0.00,0.00,0.00
677.07,36.89,32.89,36.00,20.00,MAN,8,0,0,0.00,0.00,0.00,0.00,0.00,0.00,0.00,0.00
678.07,36.87,32.92,36.00,20.00,MAN,8,0,0,0.00,0.00,0.00,0.00,0.00,0.00,0.00,0.00
679.07,36.85,32.92,36.00,20.00,MAN,8,0,0,0.00,0.00,0.00,0.00,0.00,0.00,0.00,0.00
680.08,36.84,32.96,36.00,20.00,MAN,8,0,0,0.00,0.00,0.00,0.00,0.00,0.00,0.00,0.00
681.07,36.82,32.99,36.00,20.00,MAN,8,0,0,0.00,0.00,0.00,0.00,0.00,0.00,0.00,0.00
682.08,36.81,32.99,36.00,20.00,MAN,8,0,0,0.00,0.00,0.00,0.00,0.00,0.00,0.00,0.00
683.08,36.78,33.04,36.00,20.00,MAN,8,0,0,0.00,0.00,0.00,0.00,0.00,0.00,0.00,0.00
684.08,36.76,33.08,36.00,20.00,MAN,8,0,0,0.00,0.00,0.00,0.00,0.00,0.00,0.00,0.00
685.08,36.74,33.08,36.00,20.00,MAN,8,0,0,0.00,0.00,0.00,0.00,0.00,0.00,0.00,0.00
686.08,36.73,33.12,36.00,20.00,MAN,8,0,0,0.00,0.00,0.00,0.00,0.00,0.00,0.00,0.00
687.09,36.72,33.15,36.00,20.00,MAN,8,0,0,0.00,0.00,0.00,0.00,0.00,0.00,0.00,0.00
688.09,36.71,33.15,36.00,20.00,MAN,8,0,0,0.00,0.00,0.00,0.00,0.00,0.00,0.00,0.00
689.09,36.69,33.18,36.00,20.00,MAN,8,0,0,0.00,0.00,0.00,0.00,0.00,0.00,0.00,0.00
690.09,36.67,33.22,36.00,20.00,MAN,8,0,0,0.00,0.00,0.00,0.00,0.00,0.00,0.00,0.00
691.09,36.66,33.22,36.00,20.00,MAN,8,0,0,0.00,0.00,0.00,0.00,0.00,0.00,0.00,0.00
692.10,36.63,33.26,36.00,20.00,MAN,8,0,0,0.00,0.00,0.00,0.00,0.00,0.00,0.00,0.00
693.10,36.62,33.30,36.00,20.00,MAN,8,0,0,0.00,0.00,0.00,0.00,0.00,0.00,0.00,0.00
694.10,36.59,33.30,36.00,20.00,MAN,8,0,0,0.00,0.00,0.00,0.00,0.00,0.00,0.00,0.00
695.10,36.58,33.34,36.00,20.00,MAN,8,0,0,0.00,0.00,0.00,0.00,0.00,0.00,0.00,0.00
696.10,36.56,33.38,36.00,20.00,MAN,8,0,0,0.00,0.00,0.00,0.00,0.00,0.00,0.00,0.00
697.10,36.55,33.37,36.00,20.00,MAN,8,0,0,0.00,0.00,0.00,0.00,0.00,0.00,0.00,0.00
698.10,36.53,33.41,36.00,20.00,MAN,8,0,0,0.00,0.00,0.00,0.00,0.00,0.00,0.00,0.00
699.10,36.51,33.44,36.00,20.00,MAN,8,0,0,0.00,0.00,0.00,0.00,0.00,0.00,0.00,0.00
700.11,36.49,33.49,36.00,20.00,MAN,8,0,0,0.00,0.00,0.00,0.00,0.00,0.00,0.00,0.00
701.11,36.48,33.49,36.00,20.00,MAN,8,0,0,0.00,0.00,0.00,0.00,0.00,0.00,0.00,0.00
702.11,36.46,33.49,36.00,20.00,MAN,8,0,0,0.00,0.00,0.00,0.00,0.00,0.00,0.00,0.00
703.11,36.44,33.49,36.00,20.00,MAN,8,0,0,0.00,0.00,0.00,0.00,0.00,0.00,0.00,0.00
704.11,36.42,33.57,36.00,20.00,MAN,8,0,0,0.00,0.00,0.00,0.00,0.00,0.00,0.00,0.00
705.11,36.41,33.61,36.00,20.00,MAN,8,0,0,0.00,0.00,0.00,0.00,0.00,0.00,0.00,0.00
706.12,36.40,33.65,36.00,20.00,MAN,8,0,0,0.00,0.00,0.00,0.00,0.00,0.00,0.00,0.00
707.12,36.38,33.65,36.00,20.00,MAN,8,0,0,0.00,0.00,0.00,0.00,0.00,0.00,0.00,0.00
708.12,36.36,33.67,36.00,20.00,MAN,8,0,0,0.00,0.00,0.00,0.00,0.00,0.00,0.00,0.00
709.12,36.34,33.71,36.00,20.00,MAN,8,0,0,0.00,0.00,0.00,0.00,0.00,0.00,0.00,0.00
710.12,36.32,33.76,36.00,20.00,MAN,8,0,0,0.00,0.00,0.00,0.00,0.00,0.00,0.00,0.00
711.12,36.30,33.76,36.00,20.00,MAN,8,0,0,0.00,0.00,0.00,0.00,0.00,0.00,0.00,0.00
712.13,36.29,33.79,36.00,20.00,MAN,8,0,0,0.00,0.00,0.00,0.00,0.00,0.00,0.00,0.00
713.13,36.27,33.83,36.00,20.00,MAN,8,0,0,0.00,0.00,0.00,0.00,0.00,0.00,0.00,0.00
714.13,36.26,33.83,36.00,20.00,MAN,8,0,0,0.00,0.00,0.00,0.00,0.00,0.00,0.00,0.00
715.13,36.25,33.88,36.00,20.00,MAN,8,0,0,0.00,0.00,0.00,0.00,0.00,0.00,0.00,0.00
716.13,36.23,33.92,36.00,20.00,MAN,8,0,0,0.00,0.00,0.00,0.00,0.00,0.00,0.00,0.00
717.13,36.21,33.89,36.00,20.00,MAN,8,0,0,0.00,0.00,0.00,0.00,0.00,0.00,0.00,0.00
718.13,36.19,33.94,36.00,20.00,MAN,8,0,0,0.00,0.00,0.00,0.00,0.00,0.00,0.00,0.00
719.14,36.17,33.94,36.00,20.00,MAN,8,0,0,0.00,0.00,0.00,0.00,0.00,0.00,0.00,0.00
720.14,36.16,33.98,36.00,20.00,MAN,8,0,0,0.00,0.00,0.00,0.00,0.00,0.00,0.00,0.00
721.14,36.14,34.02,36.00,20.00,MAN,8,0,0,0.00,0.00,0.00,0.00,0.00,0.00,0.00,0.00
722.14,36.12,34.02,36.00,20.00,MAN,8,0,0,0.00,0.00,0.00,0.00,0.00,0.00,0.00,0.00
723.14,36.11,34.05,36.00,20.00,MAN,8,0,0,0.00,0.00,0.00,0.00,0.00,0.00,0.00,0.00
724.15,36.09,34.10,36.00,20.00,MAN,8,0,0,0.00,0.00,0.00,0.00,0.00,0.00,0.00,0.00
725.15,36.07,34.10,36.00,20.00,MAN,8,0,0,0.00,0.00,0.00,0.00,0.00,0.00,0.00,0.00
726.15,36.06,34.14,36.00,20.00,MAN,8,0,0,0.00,0.00,0.00,0.00,0.00,0.00,0.00,0.00
727.15,36.03,34.18,36.00,20.00,MAN,8,0,0,0.00,0.00,0.00,0.00,0.00,0.00,0.00,0.00
728.15,36.02,34.16,36.00,20.00,MAN,8,0,0,0.00,0.00,0.00,0.00,0.00,0.00,0.00,0.00
729.15,36.02,34.20,36.00,20.00,MAN,8,0,0,0.00,0.00,0.00,0.00,0.00,0.00,0.00,0.00
730.15,36.02,34.20,36.00,20.00,MAN,8,0,0,0.00,0.00,0.00,0.00,0.00,0.00,0.00,0.00
731.16,36.02,34.25,36.00,20.00,MAN,8,0,0,0.00,0.00,0.00,0.00,0.00,0.00,0.00,0.00
732.16,36.02,34.28,36.00,20.00,MAN,8,0,0,0.00,0.00,0.00,0.00,0.00,0.00,0.00,0.00
733.16,35.98,34.28,36.00,20.00,MAN,8,0,0,0.00,0.00,0.00,0.00,0.00,0.00,0.00,0.00
734.16,35.96,34.32,36.00,20.00,MAN,8,0,0,0.00,0.00,0.00,0.00,0.00,0.00,0.00,0.00
735.16,35.94,34.32,36.00,20.00,MAN,8,0,0,0.00,0.00,0.00,0.00,0.00,0.00,0.00,0.00
736.16,35.93,34.37,36.00,20.00,MAN,8,0,0,0.00,0.00,0.00,0.00,0.00,0.00,0.00,0.00
737.17,35.90,34.37,36.00,20.00,MAN,8,0,0,0.00,0.00,0.00,0.00,0.00,0.00,0.00,0.00
738.17,35.89,34.41,36.00,20.00,MAN,8,0,0,0.00,0.00,0.00,0.00,0.00,0.00,0.00,0.00
739.17,35.87,34.41,36.00,20.00,MAN,8,0,0,0.00,0.00,0.00,0.00,0.00,0.00,0.00,0.00
740.17,35.86,34.49,36.00,20.00,MAN,8,0,0,0.00,0.00,0.00,0.00,0.00,0.00,0.00,0.00
741.17,35.85,34.49,36.00,20.00,MAN,8,0,0,0.00,0.00,0.00,0.00,0.00,0.00,0.00,0.00
742.17,35.83,34.51,36.00,20.00,MAN,8,0,0,0.00,0.00,0.00,0.00,0.00,0.00,0.00,0.00
743.18,35.82,34.55,36.00,20.00,MAN,8,0,0,0.00,0.00,0.00,0.00,0.00,0.00,0.00,0.00
744.18,35.81,34.59,36.00,20.00,MAN,8,0,0,0.00,0.00,0.00,0.00,0.00,0.00,0.00,0.00
745.18,35.80,34.59,36.00,20.00,MAN,8,0,0,0.00,0.00,0.00,0.00,0.00,0.00,0.00,0.00
746.18,35.78,34.63,36.00,20.00,MAN,8,0,0,0.00,0.00,0.00,0.00,0.00,0.00,0.00,0.00
747.18,35.77,34.67,36.00,20.00,MAN,8,0,0,0.00,0.00,0.00,0.00,0.00,0.00,0.00,0.00
748.18,35.74,34.67,36.00,20.00,MAN,8,0,0,0.00,0.00,0.00,0.00,0.00,0.00,0.00,0.00
749.18,35.73,34.71,36.00,20.00,MAN,8,0,0,0.00,0.00,0.00,0.00,0.00,0.00,0.00,0.00
750.18,35.72,34.75,36.00,20.00,MAN,8,0,0,0.00,0.00,0.00,0.00,0.00,0.00,0.00,0.00
751.19,35.70,34.75,36.00,20.00,MAN,8,0,0,0.00,0.00,0.00,0.00,0.00,0.00,0.00,0.00
752.19,35.69,34.79,36.00,20.00,MAN,8,0,0,0.00,0.00,0.00,0.00,0.00,0.00,0.00,0.00
753.19,35.68,34.79,36.00,20.00,MAN,8,0,0,0.00,0.00,0.00,0.00,0.00,0.00,0.00,0.00
754.19,35.67,34.82,36.00,20.00,MAN,8,0,0,0.00,0.00,0.00,0.00,0.00,0.00,0.00,0.00
755.19,35.66,34.82,36.00,20.00,MAN,8,0,0,0.00,0.00,0.00,0.00,0.00,0.00,0.00,0.00
756.20,35.64,34.86,36.00,20.00,MAN,8,0,0,0.00,0.00,0.00,0.00,0.00,0.00,0.00,0.00
757.20,35.63,34.89,36.00,20.00,MAN,8,0,0,0.00,0.00,0.00,0.00,0.00,0.00,0.00,0.00
758.20,35.62,34.89,36.00,20.00,MAN,8,0,0,0.00,0.00,0.00,0.00,0.00,0.00,0.00,0.00
759.20,35.59,34.89,36.00,20.00,MAN,8,0,0,0.00,0.00,0.00,0.00,0.00,0.00,0.00,0.00
760.20,35.58,34.94,36.00,20.00,MAN,8,0,0,0.00,0.00,0.00,0.00,0.00,0.00,0.00,0.00
761.20,35.57,34.98,36.00,20.00,MAN,8,0,0,0.00,0.00,0.00,0.00,0.00,0.00,0.00,0.00
762.21,35.56,34.98,36.00,20.00,MAN,8,0,0,0.00,0.00,0.00,0.00,0.00,0.00,0.00,0.00
763.21,35.55,35.02,36.00,20.00,MAN,8,0,0,0.00,0.00,0.00,0.00,0.00,0.00,0.00,0.00
764.21,35.54,35.02,36.00,20.00,MAN,8,0,0,0.00,0.00,0.00,0.00,0.00,0.00,0.00,0.00
765.21,35.52,35.05,36.00,20.00,MAN,8,0,0,0.00,0.00,0.00,0.00,0.00,0.00,0.00,0.00
766.21,35.51,35.05,36.00,20.00,MAN,8,0,0,0.00,0.00,0.00,0.00,0.00,0.00,0.00,0.00
767.21,35.49,35.07,36.00,20.00,MAN,8,0,0,0.00,0.00,0.00,0.00,0.00,0.00,0.00,0.00
768.21,35.49,35.07,36.00,20.00,MAN,8,0,0,0.00,0.00,0.00,0.00,0.00,0.00,0.00,0.00
769.22,35.48,35.10,36.00,20.00,MAN,8,0,0,0.00,0.00,0.00,0.00,0.00,0.00,0.00,0.00
770.22,35.45,35.10,36.00,20.00,MAN,8,0,0,0.00,0.00,0.00,0.00,0.00,0.00,0.00,0.00
771.22,35.44,35.14,36.00,20.00,MAN,8,0,0,0.00,0.00,0.00,0.00,0.00,0.00,0.00,0.00
772.22,35.43,35.17,36.00,20.00,MAN,8,0,0,0.00,0.00,0.00,0.00,0.00,0.00,0.00,0.00
773.22,35.42,35.17,36.00,20.00,MAN,8,0,0,0.00,0.00,0.00,0.00,0.00,0.00,0.00,0.00
774.22,35.41,35.17,36.00,20.00,MAN,8,0,0,0.00,0.00,0.00,0.00,0.00,0.00,0.00,0.00
775.23,35.39,35.21,36.00,20.00,MAN,8,0,0,0.00,0.00,0.00,0.00,0.00,0.00,0.00,0.00
776.23,35.38,35.21,36.00,20.00,MAN,8,0,0,0.00,0.00,0.00,0.00,0.00,0.00,0.00,0.00
777.23,35.37,35.24,36.00,20.00,MAN,8,0,0,0.00,0.00,0.00,0.00,0.00,0.00,0.00,0.00
778.23,35.36,35.28,36.00,20.00,MAN,8,0,0,0.00,0.00,0.00,0.00,0.00,0.00,0.00,0.00
779.23,35.35,35.28,36.00,20.00,MAN,8,0,0,0.00,0.00,0.00,0.00,0.00,0.00,0.00,0.00
780.23,35.34,35.34,36.00,20.00,MAN,8,0,0,0.00,0.00,0.00,0.00,0.00,0.00,0.00,0.00
781.23,35.33,35.32,36.00,20.00,MAN,8,0,0,0.00,0.00,0.00,0.00,0.00,0.00,0.00,0.00
782.24,35.31,35.36,36.00,20.00,MAN,8,0,0,0.00,0.00,0.00,0.00,0.00,0.00,0.00,0.00
783.24,35.30,35.36,36.00,20.00,MAN,8,0,0,0.00,0.00,0.00,0.00,0.00,0.00,0.00,0.00
784.24,35.29,35.39,36.00,20.00,MAN,8,0,0,0.00,0.00,0.00,0.00,0.00,0.00,0.00,0.00
785.24,35.28,35.39,36.00,20.00,MAN,8,0,0,0.00,0.00,0.00,0.00,0.00,0.00,0.00,0.00
786.24,35.26,35.43,36.00,20.00,MAN,8,0,0,0.00,0.00,0.00,0.00,0.00,0.00,0.00,0.00
787.24,35.25,35.43,36.00,20.00,MAN,8,0,0,0.00,0.00,0.00,0.00,0.00,0.00,0.00,0.00
788.25,35.24,35.46,36.00,20.00,MAN,8,0,0,0.00,0.00,0.00,0.00,0.00,0.00,0.00,0.00
789.25,35.24,35.46,36.00,20.00,MAN,8,0,0,0.00,0.00,0.00,0.00,0.00,0.00,0.00,0.00
790.25,35.22,35.50,36.00,20.00,MAN,8,0,0,0.00,0.00,0.00,0.00,0.00,0.00,0.00,0.00
791.25,35.21,35.50,36.00,20.00,MAN,8,0,0,0.00,0.00,0.00,0.00,0.00,0.00,0.00,0.00
792.25,35.20,35.53,36.00,20.00,MAN,8,0,0,0.00,0.00,0.00,0.00,0.00,0.00,0.00,0.00
793.25,35.19,35.53,36.00,20.00,MAN,8,0,0,0.00,0.00,0.00,0.00,0.00,0.00,0.00,0.00
794.26,35.18,35.53,36.00,20.00,MAN,8,0,0,0.00,0.00,0.00,0.00,0.00,0.00,0.00,0.00
795.26,35.16,35.54,36.00,20.00,MAN,8,0,0,0.00,0.00,0.00,0.00,0.00,0.00,0.00,0.00
796.26,35.15,35.54,36.00,20.00,MAN,8,0,0,0.00,0.00,0.00,0.00,0.00,0.00,0.00,0.00
797.26,35.14,35.58,36.00,20.00,MAN,8,0,0,0.00,0.00,0.00,0.00,0.00,0.00,0.00,0.00
798.26,35.12,35.58,36.00,20.00,MAN,8,0,0,0.00,0.00,0.00,0.00,0.00,0.00,0.00,0.00
799.26,35.12,35.58,36.00,20.00,MAN,8,0,0,0.00,0.00,0.00,0.00,0.00,0.00,0.00,0.00
800.26,35.11,35.61,36.00,20.00,MAN,8,0,0,0.00,0.00,0.00,0.00,0.00,0.00,0.00,0.00
801.27,35.10,35.61,36.00,20.00,MAN,8,0,0,0.00,0.00,0.00,0.00,0.00,0.00,0.00,0.00
802.27,35.09,35.65,36.00,20.00,MAN,8,0,0,0.00,0.00,0.00,0.00,0.00,0.00,0.00,0.00
803.27,35.08,35.65,36.00,20.00,MAN,8,0,0,0.00,0.00,0.00,0.00,0.00,0.00,0.00,0.00
804.27,35.07,35.68,36.00,20.00,MAN,8,0,0,0.00,0.00,0.00,0.00,0.00,0.00,0.00,0.00
805.27,35.06,35.68,36.00,20.00,MAN,8,0,0,0.00,0.00,0.00,0.00,0.00,0.00,0.00,0.00
806.27,35.05,35.72,36.00,20.00,MAN,8,0,0,0.00,0.00,0.00,0.00,0.00,0.00,0.00,0.00
807.28,35.04,35.72,36.00,20.00,MAN,8,0,0,0.00,0.00,0.00,0.00,0.00,0.00,0.00,0.00
808.28,35.03,35.75,36.00,20.00,MAN,8,0,0,0.00,0.00,0.00,0.00,0.00,0.00,0.00,0.00
809.28,35.01,35.75,36.00,20.00,MAN,8,0,0,0.00,0.00,0.00,0.00,0.00,0.00,0.00,0.00
810.28,35.01,35.79,36.00,20.00,MAN,8,0,0,0.00,0.00,0.00,0.00,0.00,0.00,0.00,0.00
811.28,35.00,35.79,36.00,20.00,MAN,8,0,0,0.00,0.00,0.00,0.00,0.00,0.00,0.00,0.00
812.29,34.99,35.79,36.00,20.00,MAN,8,0,0,0.00,0.00,0.00,0.00,0.00,0.00,0.00,0.00
813.29,34.98,35.79,36.00,20.00,MAN,8,0,0,0.00,0.00,0.00,0.00,0.00,0.00,0.00,0.00
814.29,34.97,35.79,36.00,20.00,MAN,8,0,0,0.00,0.00,0.00,0.00,0.00,0.00,0.00,0.00
815.29,34.96,35.83,36.00,20.00,MAN,8,0,0,0.00,0.00,0.00,0.00,0.00,0.00,0.00,0.00
816.29,34.95,35.83,36.00,20.00,MAN,8,0,0,0.00,0.00,0.00,0.00,0.00,0.00,0.00,0.00
817.29,34.94,35.83,36.00,20.00,MAN,8,0,0,0.00,0.00,0.00,0.00,0.00,0.00,0.00,0.00
818.29,34.94,35.86,36.00,20.00,MAN,8,0,0,0.00,0.00,0.00,0.00,0.00,0.00,0.00,0.00
819.29,34.93,35.86,36.00,20.00,MAN,8,0,0,0.00,0.00,0.00,0.00,0.00,0.00,0.00,0.00
820.30,34.92,35.86,36.00,20.00,MAN,8,0,0,0.00,0.00,0.00,0.00,0.00,0.00,0.00,0.00
821.30,34.91,35.90,36.00,20.00,MAN,8,0,0,0.00,0.00,0.00,0.00,0.00,0.00,0.00,0.00
822.30,34.90,35.90,36.00,20.00,MAN,8,0,0,0.00,0.00,0.00,0.00,0.00,0.00,0.00,0.00
823.30,34.89,35.90,36.00,20.00,MAN,8,0,0,0.00,0.00,0.00,0.00,0.00,0.00,0.00,0.00
824.30,34.88,35.93,36.00,20.00,MAN,8,0,0,0.00,0.00,0.00,0.00,0.00,0.00,0.00,0.00
825.30,34.88,35.93,36.00,20.00,MAN,8,0,0,0.00,0.00,0.00,0.00,0.00,0.00,0.00,0.00
826.31,34.85,35.97,36.00,20.00,MAN,8,0,0,0.00,0.00,0.00,0.00,0.00,0.00,0.00,0.00
827.31,34.85,35.97,36.00,20.00,MAN,8,0,0,0.00,0.00,0.00,0.00,0.00,0.00,0.00,0.00
828.31,34.84,36.00,36.00,20.00,MAN,8,0,0,0.00,0.00,0.00,0.00,0.00,0.00,0.00,0.00
829.31,34.83,35.98,36.00,20.00,MAN,8,0,0,0.00,0.00,0.00,0.00,0.00,0.00,0.00,0.00
830.31,34.82,36.05,36.00,20.00,MAN,8,0,0,0.00,0.00,0.00,0.00,0.00,0.00,0.00,0.00
831.31,34.81,36.05,36.00,20.00,MAN,8,0,0,0.00,0.00,0.00,0.00,0.00,0.00,0.00,0.00
832.31,34.80,36.05,36.00,20.00,MAN,8,0,0,0.00,0.00,0.00,0.00,0.00,0.00,0.00,0.00
833.32,34.79,36.08,36.00,20.00,MAN,8,0,0,0.00,0.00,0.00,0.00,0.00,0.00,0.00,0.00
834.32,34.78,36.08,36.00,20.00,MAN,8,0,0,0.00,0.00,0.00,0.00,0.00,0.00,0.00,0.00
835.32,34.77,36.12,36.00,20.00,MAN,8,0,0,0.00,0.00,0.00,0.00,0.00,0.00,0.00,0.00
836.32,34.77,36.12,36.00,20.00,MAN,8,0,0,0.00,0.00,0.00,0.00,0.00,0.00,0.00,0.00
837.32,34.76,36.15,36.00,20.00,MAN,8,0,0,0.00,0.00,0.00,0.00,0.00,0.00,0.00,0.00
838.33,34.75,36.15,36.00,20.00,MAN,8,0,0,0.00,0.00,0.00,0.00,0.00,0.00,0.00,0.00
839.33,34.74,36.19,36.00,20.00,MAN,8,0,0,0.00,0.00,0.00,0.00,0.00,0.00,0.00,0.00
840.33,34.73,36.19,36.00,20.00,MAN,8,0,0,0.00,0.00,0.00,0.00,0.00,0.00,0.00,0.00
841.33,34.73,36.19,36.00,20.00,MAN,8,0,0,0.00,0.00,0.00,0.00,0.00,0.00,0.00,0.00
842.33,34.71,36.22,36.00,20.00,MAN,8,0,0,0.00,0.00,0.00,0.00,0.00,0.00,0.00,0.00
843.33,34.70,36.22,36.00,20.00,MAN,8,0,0,0.00,0.00,0.00,0.00,0.00,0.00,0.00,0.00
844.33,34.69,36.26,36.00,20.00,MAN,8,0,0,0.00,0.00,0.00,0.00,0.00,0.00,0.00,0.00
845.33,34.68,36.26,36.00,20.00,MAN,8,0,0,0.00,0.00,0.00,0.00,0.00,0.00,0.00,0.00
846.34,34.67,36.26,36.00,20.00,MAN,8,0,0,0.00,0.00,0.00,0.00,0.00,0.00,0.00,0.00
847.34,34.67,36.29,36.00,20.00,MAN,8,0,0,0.00,0.00,0.00,0.00,0.00,0.00,0.00,0.00
848.34,34.66,36.29,36.00,20.00,MAN,8,0,0,0.00,0.00,0.00,0.00,0.00,0.00,0.00,0.00
849.34,34.66,36.32,36.00,20.00,MAN,8,0,0,0.00,0.00,0.00,0.00,0.00,0.00,0.00,0.00
850.34,34.65,36.30,36.00,20.00,MAN,8,0,0,0.00,0.00,0.00,0.00,0.00,0.00,0.00,0.00
851.34,34.64,36.30,36.00,20.00,MAN,8,0,0,0.00,0.00,0.00,0.00,0.00,0.00,0.00,0.00
852.35,34.62,36.34,36.00,20.00,MAN,8,0,0,0.00,0.00,0.00,0.00,0.00,0.00,0.00,0.00
853.35,34.62,36.34,36.00,20.00,MAN,8,0,0,0.00,0.00,0.00,0.00,0.00,0.00,0.00,0.00
854.35,34.61,36.37,36.00,20.00,MAN,8,0,0,0.00,0.00,0.00,0.00,0.00,0.00,0.00,0.00
855.35,34.60,36.37,36.00,20.00,MAN,8,0,0,0.00,0.00,0.00,0.00,0.00,0.00,0.00,0.00
856.35,34.59,36.37,36.00,20.00,MAN,8,0,0,0.00,0.00,0.00,0.00,0.00,0.00,0.00,0.00
857.36,34.59,36.40,36.00,20.00,MAN,8,0,0,0.00,0.00,0.00,0.00,0.00,0.00,0.00,0.00
858.36,34.57,36.40,36.00,20.00,MAN,8,0,0,0.00,0.00,0.00,0.00,0.00,0.00,0.00,0.00
859.36,34.56,36.44,36.00,20.00,MAN,8,0,0,0.00,0.00,0.00,0.00,0.00,0.00,0.00,0.00
860.36,34.56,36.44,36.00,20.00,MAN,8,0,0,0.00,0.00,0.00,0.00,0.00,0.00,0.00,0.00
861.36,34.55,36.44,36.00,20.00,MAN,8,0,0,0.00,0.00,0.00,0.00,0.00,0.00,0.00,0.00
862.36,34.54,36.47,36.00,20.00,MAN,8,0,0,0.00,0.00,0.00,0.00,0.00,0.00,0.00,0.00
863.36,34.54,36.47,36.00,20.00,MAN,8,0,0,0.00,0.00,0.00,0.00,0.00,0.00,0.00,0.00
864.36,34.53,36.47,36.00,20.00,MAN,8,0,0,0.00,0.00,0.00,0.00,0.00,0.00,0.00,0.00
865.37,34.52,36.51,36.00,20.00,MAN,8,0,0,0.00,0.00,0.00,0.00,0.00,0.00,0.00,0.00
866.37,34.51,36.51,36.00,20.00,MAN,8,0,0,0.00,0.00,0.00,0.00,0.00,0.00,0.00,0.00
867.37,34.50,36.51,36.00,20.00,MAN,8,0,0,0.00,0.00,0.00,0.00,0.00,0.00,0.00,0.00
868.37,34.49,36.49,36.00,20.00,MAN,8,0,0,0.00,0.00,0.00,0.00,0.00,0.00,0.00,0.00
869.37,34.48,36.53,36.00,20.00,MAN,8,0,0,0.00,0.00,0.00,0.00,0.00,0.00,0.00,0.00
870.38,34.48,36.53,36.00,20.00,MAN,8,0,0,0.00,0.00,0.00,0.00,0.00,0.00,0.00,0.00
871.38,34.47,36.53,36.00,20.00,MAN,8,0,0,0.00,0.00,0.00,0.00,0.00,0.00,0.00,0.00
872.38,34.46,36.56,36.00,20.00,MAN,8,0,0,0.00,0.00,0.00,0.00,0.00,0.00,0.00,0.00
873.38,34.46,36.56,36.00,20.00,MAN,8,0,0,0.00,0.00,0.00,0.00,0.00,0.00,0.00,0.00
874.38,34.45,36.56,36.00,20.00,MAN,8,0,0,0.00,0.00,0.00,0.00,0.00,0.00,0.00,0.00
875.38,34.44,36.59,36.00,20.00,MAN,8,0,0,0.00,0.00,0.00,0.00,0.00,0.00,0.00,0.00
876.39,34.44,36.59,36.00,20.00,MAN,8,0,0,0.00,0.00,0.00,0.00,0.00,0.00,0.00,0.00
877.39,34.42,36.59,36.00,20.00,MAN,8,0,0,0.00,0.00,0.00,0.00,0.00,0.00,0.00,0.00
878.39,34.41,36.59,36.00,20.00,MAN,8,0,0,0.00,0.00,0.00,0.00,0.00,0.00,0.00,0.00
879.39,34.40,36.63,36.00,20.00,MAN,8,0,0,0.00,0.00,0.00,0.00,0.00,0.00,0.00,0.00
880.39,34.40,36.63,36.00,20.00,MAN,8,0,0,0.00,0.00,0.00,0.00,0.00,0.00,0.00,0.00
881.39,34.39,36.63,36.00,20.00,MAN,8,0,0,0.00,0.00,0.00,0.00,0.00,0.00,0.00,0.00
882.39,34.38,36.66,36.00,20.00,MAN,8,0,0,0.00,0.00,0.00,0.00,0.00,0.00,0.00,0.00
883.40,34.38,36.66,36.00,20.00,MAN,8,0,0,0.00,0.00,0.00,0.00,0.00,0.00,0.00,0.00
884.40,34.37,36.69,36.00,20.00,MAN,8,0,0,0.00,0.00,0.00,0.00,0.00,0.00,0.00,0.00
885.40,34.36,36.69,36.00,20.00,MAN,8,0,0,0.00,0.00,0.00,0.00,0.00,0.00,0.00,0.00
886.40,34.36,36.73,36.00,20.00,MAN,8,0,0,0.00,0.00,0.00,0.00,0.00,0.00,0.00,0.00
887.40,34.35,36.73,36.00,20.00,MAN,8,0,0,0.00,0.00,0.00,0.00,0.00,0.00,0.00,0.00
888.41,34.34,36.80,36.00,20.00,MAN,8,0,0,0.00,0.00,0.00,0.00,0.00,0.00,0.00,0.00
889.41,34.33,36.80,36.00,20.00,MAN,8,0,0,0.00,0.00,0.00,0.00,0.00,0.00,0.00,0.00
890.41,34.33,36.80,36.00,20.00,MAN,8,0,0,0.00,0.00,0.00,0.00,0.00,0.00,0.00,0.00
891.41,34.32,36.81,36.00,20.00,MAN,8,0,0,0.00,0.00,0.00,0.00,0.00,0.00,0.00,0.00
892.41,34.31,36.83,36.00,20.00,MAN,8,0,0,0.00,0.00,0.00,0.00,0.00,0.00,0.00,0.00
893.41,34.31,36.81,36.00,20.00,MAN,8,0,0,0.00,0.00,0.00,0.00,0.00,0.00,0.00,0.00
894.41,34.30,36.85,36.00,20.00,MAN,8,0,0,0.00,0.00,0.00,0.00,0.00,0.00,0.00,0.00
895.41,34.29,36.85,36.00,20.00,MAN,8,0,0,0.00,0.00,0.00,0.00,0.00,0.00,0.00,0.00
896.41,34.29,36.85,36.00,20.00,MAN,8,0,0,0.00,0.00,0.00,0.00,0.00,0.00,0.00,0.00
897.42,34.27,36.85,36.00,20.00,MAN,8,0,0,0.00,0.00,0.00,0.00,0.00,0.00,0.00,0.00
898.42,34.27,36.88,36.00,20.00,MAN,8,0,0,0.00,0.00,0.00,0.00,0.00,0.00,0.00,0.00
899.42,34.26,36.88,36.00,20.00,MAN,8,0,0,0.00,0.00,0.00,0.00,0.00,0.00,0.00,0.00
900.42,34.26,36.88,36.00,20.00,MAN,8,0,0,0.00,0.00,0.00,0.00,0.00,0.00,0.00,0.00
901.42,34.24,36.88,36.00,20.00,MAN,8,0,0,0.00,0.00,0.00,0.00,0.00,0.00,0.00,0.00
902.43,34.24,36.92,36.00,20.00,MAN,8,0,0,0.00,0.00,0.00,0.00,0.00,0.00,0.00,0.00
903.43,34.23,36.92,36.00,20.00,MAN,8,0,0,0.00,0.00,0.00,0.00,0.00,0.00,0.00,0.00
904.43,34.22,36.92,36.00,20.00,MAN,8,0,0,0.00,0.00,0.00,0.00,0.00,0.00,0.00,0.00
905.43,34.21,36.92,36.00,20.00,MAN,8,0,0,0.00,0.00,0.00,0.00,0.00,0.00,0.00,0.00
906.43,34.21,36.92,36.00,20.00,MAN,8,0,0,0.00,0.00,0.00,0.00,0.00,0.00,0.00,0.00
907.44,34.21,36.95,36.00,20.00,MAN,8,0,0,0.00,0.00,0.00,0.00,0.00,0.00,0.00,0.00
908.43,34.21,36.95,36.00,20.00,MAN,8,0,0,0.00,0.00,0.00,0.00,0.00,0.00,0.00,0.00
909.44,34.19,36.95,36.00,20.00,MAN,8,0,0,0.00,0.00,0.00,0.00,0.00,0.00,0.00,0.00
910.44,34.19,36.98,36.00,20.00,MAN,8,0,0,0.00,0.00,0.00,0.00,0.00,0.00,0.00,0.00
911.44,34.18,36.98,36.00,20.00,MAN,8,0,0,0.00,0.00,0.00,0.00,0.00,0.00,0.00,0.00
912.44,34.18,36.98,36.00,20.00,MAN,8,0,0,0.00,0.00,0.00,0.00,0.00,0.00,0.00,0.00
913.44,34.17,37.01,36.00,20.00,MAN,8,0,0,0.00,0.00,0.00,0.00,0.00,0.00,0.00,0.00
914.44,34.16,37.01,36.00,20.00,MAN,8,0,0,0.00,0.00,0.00,0.00,0.00,0.00,0.00,0.00
915.45,34.16,37.03,36.00,20.00,MAN,8,0,0,0.00,0.00,0.00,0.00,0.00,0.00,0.00,0.00
916.45,34.14,37.05,36.00,20.00,MAN,8,0,0,0.00,0.00,0.00,0.00,0.00,0.00,0.00,0.00
917.45,34.14,37.03,36.00,20.00,MAN,8,0,0,0.00,0.00,0.00,0.00,0.00,0.00,0.00,0.00
918.45,34.12,37.07,36.00,20.00,MAN,8,0,0,0.00,0.00,0.00,0.00,0.00,0.00,0.00,0.00
919.45,34.11,37.07,36.00,20.00,MAN,8,0,0,0.00,0.00,0.00,0.00,0.00,0.00,0.00,0.00
920.46,34.11,37.07,36.00,20.00,MAN,8,0,0,0.00,0.00,0.00,0.00,0.00,0.00,0.00,0.00
921.46,34.10,37.07,36.00,20.00,MAN,8,0,0,0.00,0.00,0.00,0.00,0.00,0.00,0.00,0.00
922.46,34.09,37.10,36.00,20.00,MAN,8,0,0,0.00,0.00,0.00,0.00,0.00,0.00,0.00,0.00
923.46,34.09,37.10,36.00,20.00,MAN,8,0,0,0.00,0.00,0.00,0.00,0.00,0.00,0.00,0.00
924.46,34.08,37.10,36.00,20.00,MAN,8,0,0,0.00,0.00,0.00,0.00,0.00,0.00,0.00,0.00
925.46,34.08,37.10,36.00,20.00,MAN,8,0,0,0.00,0.00,0.00,0.00,0.00,0.00,0.00,0.00
926.47,34.07,37.10,36.00,20.00,MAN,8,0,0,0.00,0.00,0.00,0.00,0.00,0.00,0.00,0.00
927.47,34.07,37.14,36.00,20.00,MAN,8,0,0,0.00,0.00,0.00,0.00,0.00,0.00,0.00,0.00
928.47,34.06,37.14,36.00,20.00,MAN,8,0,0,0.00,0.00,0.00,0.00,0.00,0.00,0.00,0.00
929.47,34.05,37.17,36.00,20.00,MAN,8,0,0,0.00,0.00,0.00,0.00,0.00,0.00,0.00,0.00
930.47,34.05,37.17,36.00,20.00,MAN,8,0,0,0.00,0.00,0.00,0.00,0.00,0.00,0.00,0.00
931.47,34.04,37.17,36.00,20.00,MAN,8,0,0,0.00,0.00,0.00,0.00,0.00,0.00,0.00,0.00
932.47,34.04,37.17,36.00,20.00,MAN,8,0,0,0.00,0.00,0.00,0.00,0.00,0.00,0.00,0.00
933.47,34.03,37.17,36.00,20.00,MAN,8,0,0,0.00,0.00,0.00,0.00,0.00,0.00,0.00,0.00
934.48,34.03,37.17,36.00,20.00,MAN,8,0,0,0.00,0.00,0.00,0.00,0.00,0.00,0.00,0.00
935.48,34.02,37.20,36.00,20.00,MAN,8,0,0,0.00,0.00,0.00,0.00,0.00,0.00,0.00,0.00
936.48,34.01,37.20,36.00,20.00,MAN,8,0,0,0.00,0.00,0.00,0.00,0.00,0.00,0.00,0.00
937.48,34.01,37.20,36.00,20.00,MAN,8,0,0,0.00,0.00,0.00,0.00,0.00,0.00,0.00,0.00
938.48,34.00,37.24,36.00,20.00,MAN,8,0,0,0.00,0.00,0.00,0.00,0.00,0.00,0.00,0.00
939.49,33.99,37.24,36.00,20.00,MAN,8,0,0,0.00,0.00,0.00,0.00,0.00,0.00,0.00,0.00
940.48,33.99,37.24,36.00,20.00,MAN,8,0,0,0.00,0.00,0.00,0.00,0.00,0.00,0.00,0.00
941.49,33.97,37.27,36.00,20.00,MAN,8,0,0,0.00,0.00,0.00,0.00,0.00,0.00,0.00,0.00
942.49,33.97,37.27,36.00,20.00,MAN,8,0,0,0.00,0.00,0.00,0.00,0.00,0.00,0.00,0.00
943.49,33.96,37.27,36.00,20.00,MAN,8,0,0,0.00,0.00,0.00,0.00,0.00,0.00,0.00,0.00
944.49,33.96,37.25,36.00,20.00,MAN,8,0,0,0.00,0.00,0.00,0.00,0.00,0.00,0.00,0.00
945.49,33.95,37.28,36.00,20.00,MAN,8,0,0,0.00,0.00,0.00,0.00,0.00,0.00,0.00,0.00
946.49,33.95,37.28,36.00,20.00,MAN,8,0,0,0.00,0.00,0.00,0.00,0.00,0.00,0.00,0.00
947.50,33.94,37.28,36.00,20.00,MAN,8,0,0,0.00,0.00,0.00,0.00,0.00,0.00,0.00,0.00
948.50,33.94,37.28,36.00,20.00,MAN,8,0,0,0.00,0.00,0.00,0.00,0.00,0.00,0.00,0.00
949.50,33.93,37.28,36.00,20.00,MAN,8,0,0,0.00,0.00,0.00,0.00,0.00,0.00,0.00,0.00
950.50,33.92,37.28,36.00,20.00,MAN,8,0,0,0.00,0.00,0.00,0.00,0.00,0.00,0.00,0.00
951.50,33.92,37.32,36.00,20.00,MAN,8,0,0,0.00,0.00,0.00,0.00,0.00,0.00,0.00,0.00
952.51,33.91,37.32,36.00,20.00,MAN,8,0,0,0.00,0.00,0.00,0.00,0.00,0.00,0.00,0.00
953.51,33.91,37.32,36.00,20.00,MAN,8,0,0,0.00,0.00,0.00,0.00,0.00,0.00,0.00,0.00
954.51,33.90,37.32,36.00,20.00,MAN,8,0,0,0.00,0.00,0.00,0.00,0.00,0.00,0.00,0.00
955.51,33.90,37.32,36.00,20.00,MAN,8,0,0,0.00,0.00,0.00,0.00,0.00,0.00,0.00,0.00
956.51,33.89,37.35,36.00,20.00,MAN,8,0,0,0.00,0.00,0.00,0.00,0.00,0.00,0.00,0.00
957.51,33.89,37.35,36.00,20.00,MAN,8,0,0,0.00,0.00,0.00,0.00,0.00,0.00,0.00,0.00
958.52,33.88,37.35,36.00,20.00,MAN,8,0,0,0.00,0.00,0.00,0.00,0.00,0.00,0.00,0.00
959.51,33.88,37.39,36.00,20.00,MAN,8,0,0,0.00,0.00,0.00,0.00,0.00,0.00,0.00,0.00
960.52,33.87,37.39,36.00,20.00,MAN,8,0,0,0.00,0.00,0.00,0.00,0.00,0.00,0.00,0.00
961.52,33.87,37.42,36.00,20.00,MAN,8,0,0,0.00,0.00,0.00,0.00,0.00,0.00,0.00,0.00
962.52,33.86,37.42,36.00,20.00,MAN,8,0,0,0.00,0.00,0.00,0.00,0.00,0.00,0.00,0.00
963.52,33.85,37.42,36.00,20.00,MAN,8,0,0,0.00,0.00,0.00,0.00,0.00,0.00,0.00,0.00
964.52,33.85,37.46,36.00,20.00,MAN,8,0,0,0.00,0.00,0.00,0.00,0.00,0.00,0.00,0.00
965.52,33.83,37.46,36.00,20.00,MAN,8,0,0,0.00,0.00,0.00,0.00,0.00,0.00,0.00,0.00
966.53,33.83,37.46,36.00,20.00,MAN,8,0,0,0.00,0.00,0.00,0.00,0.00,0.00,0.00,0.00
967.53,33.83,37.53,36.00,20.00,MAN,8,0,0,0.00,0.00,0.00,0.00,0.00,0.00,0.00,0.00
968.53,33.82,37.53,36.00,20.00,MAN,8,0,0,0.00,0.00,0.00,0.00,0.00,0.00,0.00,0.00
969.53,33.82,37.53,36.00,20.00,MAN,8,0,0,0.00,0.00,0.00,0.00,0.00,0.00,0.00,0.00
970.53,33.81,37.53,36.00,20.00,MAN,8,0,0,0.00,0.00,0.00,0.00,0.00,0.00,0.00,0.00
971.54,33.80,37.53,36.00,20.00,MAN,8,0,0,0.00,0.00,0.00,0.00,0.00,0.00,0.00,0.00
972.54,33.80,37.50,36.00,20.00,MAN,8,0,0,0.00,0.00,0.00,0.00,0.00,0.00,0.00,0.00
973.54,33.79,37.53,36.00,20.00,MAN,8,0,0,0.00,0.00,0.00,0.00,0.00,0.00,0.00,0.00
974.54,33.79,37.50,36.00,20.00,MAN,9,0,0,0.00,0.00,0.00,0.00,0.00,0.00,0.00,0.00
975.54,33.79,37.50,36.00,20.00,MAN,9,0,0,0.00,0.00,0.00,0.00,0.00,0.00,0.00,0.00
976.54,33.78,37.50,36.00,20.00,MAN,9,0,0,0.00,0.00,0.00,0.00,0.00,0.00,0.00,0.00
977.54,33.77,37.54,36.00,20.00,MAN,9,0,0,0.00,0.00,0.00,0.00,0.00,0.00,0.00,0.00
978.54,33.77,37.54,36.00,20.00,MAN,9,0,0,0.00,0.00,0.00,0.00,0.00,0.00,0.00,0.00
979.55,33.76,37.54,36.00,20.00,MAN,9,0,0,0.00,0.00,0.00,0.00,0.00,0.00,0.00,0.00
980.55,33.76,37.54,36.00,20.00,MAN,9,0,0,0.00,0.00,0.00,0.00,0.00,0.00,0.00,0.00
981.55,33.75,37.57,36.00,20.00,MAN,9,0,0,0.00,0.00,0.00,0.00,0.00,0.00,0.00,0.00
982.55,33.75,37.57,36.00,20.00,MAN,9,0,0,0.00,0.00,0.00,0.00,0.00,0.00,0.00,0.00
983.55,33.74,37.57,36.00,20.00,MAN,9,0,0,0.00,0.00,0.00,0.00,0.00,0.00,0.00,0.00
984.56,33.74,37.57,36.00,20.00,MAN,9,0,0,0.00,0.00,0.00,0.00,0.00,0.00,0.00,0.00
985.56,33.73,37.60,36.00,20.00,MAN,9,0,0,0.00,0.00,0.00,0.00,0.00,0.00,0.00,0.00
986.56,33.73,37.60,36.00,20.00,MAN,9,0,0,0.00,0.00,0.00,0.00,0.00,0.00,0.00,0.00
987.56,33.72,37.60,36.00,20.00,MAN,9,0,0,0.00,0.00,0.00,0.00,0.00,0.00,0.00,0.00
988.56,33.72,37.64,36.00,20.00,MAN,9,0,0,0.00,0.00,0.00,0.00,0.00,0.00,0.00,0.00
989.56,33.71,37.64,36.00,20.00,MAN,9,0,0,0.00,0.00,0.00,0.00,0.00,0.00,0.00,0.00
990.57,33.71,37.64,36.00,20.00,MAN,9,0,0,0.00,0.00,0.00,0.00,0.00,0.00,0.00,0.00
991.56,33.70,37.67,36.00,20.00,MAN,9,0,0,0.00,0.00,0.00,0.00,0.00,0.00,0.00,0.00
992.57,33.70,37.67,36.00,20.00,MAN,9,0,0,0.00,0.00,0.00,0.00,0.00,0.00,0.00,0.00
993.57,33.68,37.67,36.00,20.00,MAN,9,0,0,0.00,0.00,0.00,0.00,0.00,0.00,0.00,0.00
994.57,33.68,37.67,36.00,20.00,MAN,9,0,0,0.00,0.00,0.00,0.00,0.00,0.00,0.00,0.00
995.57,33.67,37.67,36.00,20.00,MAN,9,0,0,0.00,0.00,0.00,0.00,0.00,0.00,0.00,0.00
996.57,33.67,37.71,36.00,20.00,MAN,9,0,0,0.00,0.00,0.00,0.00,0.00,0.00,0.00,0.00
997.58,33.67,37.71,36.00,20.00,MAN,9,0,0,0.00,0.00,0.00,0.00,0.00,0.00,0.00,0.00
998.58,33.66,37.71,36.00,20.00,MAN,9,0,0,0.00,0.00,0.00,0.00,0.00,0.00,0.00,0.00
999.58,33.66,37.71,36.00,20.00,MAN,9,0,0,0.00,0.00,0.00,0.00,0.00,0.00,0.00,0.00
1000.58,33.65,37.71,36.00,20.00,MAN,9,0,0,0.00,0.00,0.00,0.00,0.00,0.00,0.00,0.00
1001.58,33.65,37.71,36.00,20.00,MAN,9,0,0,0.00,0.00,0.00,0.00,0.00,0.00,0.00,0.00
1002.58,33.65,37.74,36.00,20.00,MAN,9,0,0,0.00,0.00,0.00,0.00,0.00,0.00,0.00,0.00
1003.59,33.64,37.74,36.00,20.00,MAN,9,0,0,0.00,0.00,0.00,0.00,0.00,0.00,0.00,0.00
1004.59,33.64,37.74,36.00,20.00,MAN,9,0,0,0.00,0.00,0.00,0.00,0.00,0.00,0.00,0.00
1005.59,33.64,37.78,36.00,20.00,MAN,9,0,0,0.00,0.00,0.00,0.00,0.00,0.00,0.00,0.00
1006.59,33.64,37.75,36.00,20.00,MAN,9,0,0,0.00,0.00,0.00,0.00,0.00,0.00,0.00,0.00
1007.59,33.63,37.78,36.00,20.00,MAN,9,0,0,0.00,0.00,0.00,0.00,0.00,0.00,0.00,0.00
1008.59,33.63,37.75,36.00,20.00,MAN,9,0,0,0.00,0.00,0.00,0.00,0.00,0.00,0.00,0.00
1009.59,33.62,37.75,36.00,20.00,MAN,9,0,0,0.00,0.00,0.00,0.00,0.00,0.00,0.00,0.00
1010.59,33.62,37.75,36.00,20.00,MAN,9,0,0,0.00,0.00,0.00,0.00,0.00,0.00,0.00,0.00
1011.60,33.61,37.79,36.00,20.00,MAN,9,0,0,0.00,0.00,0.00,0.00,0.00,0.00,0.00,0.00
1012.60,33.61,37.79,36.00,20.00,MAN,9,0,0,0.00,0.00,0.00,0.00,0.00,0.00,0.00,0.00
1013.60,33.60,37.79,36.00,20.00,MAN,9,0,0,0.00,0.00,0.00,0.00,0.00,0.00,0.00,0.00
1014.60,33.60,37.82,36.00,20.00,MAN,9,0,0,0.00,0.00,0.00,0.00,0.00,0.00,0.00,0.00
1015.60,33.59,37.82,36.00,20.00,MAN,9,0,0,0.00,0.00,0.00,0.00,0.00,0.00,0.00,0.00
1016.61,33.59,37.82,36.00,20.00,MAN,9,0,0,0.00,0.00,0.00,0.00,0.00,0.00,0.00,0.00
1017.61,33.59,37.82,36.00,20.00,MAN,9,0,0,0.00,0.00,0.00,0.00,0.00,0.00,0.00,0.00
1018.61,33.58,37.85,36.00,20.00,MAN,9,0,0,0.00,0.00,0.00,0.00,0.00,0.00,0.00,0.00
1019.61,33.57,37.85,36.00,20.00,MAN,9,0,0,0.00,0.00,0.00,0.00,0.00,0.00,0.00,0.00
1020.61,33.58,37.85,36.00,20.00,MAN,9,0,0,0.00,0.00,0.00,0.00,0.00,0.00,0.00,0.00
1021.62,33.57,37.85,36.00,20.00,MAN,9,0,0,0.00,0.00,0.00,0.00,0.00,0.00,0.00,0.00
1022.62,33.56,37.89,36.00,20.00,MAN,9,0,0,0.00,0.00,0.00,0.00,0.00,0.00,0.00,0.00
1023.62,33.56,37.89,36.00,20.00,MAN,9,0,0,0.00,0.00,0.00,0.00,0.00,0.00,0.00,0.00
1024.62,33.55,37.89,36.00,20.00,MAN,9,0,0,0.00,0.00,0.00,0.00,0.00,0.00,0.00,0.00
1025.62,33.55,37.92,36.00,20.00,MAN,9,0,0,0.00,0.00,0.00,0.00,0.00,0.00,0.00,0.00
1026.62,33.55,37.92,36.00,20.00,MAN,9,0,0,0.00,0.00,0.00,0.00,0.00,0.00,0.00,0.00
1027.62,33.53,37.96,36.00,20.00,MAN,9,0,0,0.00,0.00,0.00,0.00,0.00,0.00,0.00,0.00
1028.62,33.53,37.96,36.00,20.00,MAN,9,0,0,0.00,0.00,0.00,0.00,0.00,0.00,0.00,0.00
1029.63,33.52,37.96,36.00,20.00,MAN,9,0,0,0.00,0.00,0.00,0.00,0.00,0.00,0.00,0.00
1030.63,33.51,37.96,36.00,20.00,MAN,9,0,0,0.00,0.00,0.00,0.00,0.00,0.00,0.00,0.00
1031.63,33.51,37.96,36.00,20.00,MAN,9,0,0,0.00,0.00,0.00,0.00,0.00,0.00,0.00,0.00
1032.63,33.51,37.96,36.00,20.00,MAN,9,0,0,0.00,0.00,0.00,0.00,0.00,0.00,0.00,0.00
1033.63,33.51,37.96,36.00,20.00,MAN,9,0,0,0.00,0.00,0.00,0.00,0.00,0.00,0.00,0.00
1034.63,33.50,37.96,36.00,20.00,MAN,9,0,0,0.00,0.00,0.00,0.00,0.00,0.00,0.00,0.00
1035.64,33.50,37.99,36.00,20.00,MAN,9,0,0,0.00,0.00,0.00,0.00,0.00,0.00,0.00,0.00
1036.64,33.49,37.96,36.00,20.00,MAN,9,0,0,0.00,0.00,0.00,0.00,0.00,0.00,0.00,0.00
1037.64,33.49,37.99,36.00,20.00,MAN,9,0,0,0.00,0.00,0.00,0.00,0.00,0.00,0.00,0.00
1038.64,33.49,37.99,36.00,20.00,MAN,9,0,0,0.00,0.00,0.00,0.00,0.00,0.00,0.00,0.00
1039.64,33.48,37.99,36.00,20.00,MAN,9,0,0,0.00,0.00,0.00,0.00,0.00,0.00,0.00,0.00
1040.64,33.48,37.99,36.00,20.00,MAN,9,0,0,0.00,0.00,0.00,0.00,0.00,0.00,0.00,0.00
1041.64,33.47,38.03,36.00,20.00,MAN,9,0,0,0.00,0.00,0.00,0.00,0.00,0.00,0.00,0.00
1042.65,33.47,38.03,36.00,20.00,MAN,9,0,0,0.00,0.00,0.00,0.00,0.00,0.00,0.00,0.00
1043.65,33.46,38.03,36.00,20.00,MAN,9,0,0,0.00,0.00,0.00,0.00,0.00,0.00,0.00,0.00
1044.65,33.46,38.01,36.00,20.00,MAN,9,0,0,0.00,0.00,0.00,0.00,0.00,0.00,0.00,0.00
1045.65,33.46,38.01,36.00,20.00,MAN,9,0,0,0.00,0.00,0.00,0.00,0.00,0.00,0.00,0.00
1046.65,33.45,38.01,36.00,20.00,MAN,9,0,0,0.00,0.00,0.00,0.00,0.00,0.00,0.00,0.00
1047.65,33.45,38.04,36.00,20.00,MAN,9,0,0,0.00,0.00,0.00,0.00,0.00,0.00,0.00,0.00
1048.66,33.44,38.04,36.00,20.00,MAN,9,0,0,0.00,0.00,0.00,0.00,0.00,0.00,0.00,0.00
1049.66,33.44,38.04,36.00,20.00,MAN,9,0,0,0.00,0.00,0.00,0.00,0.00,0.00,0.00,0.00
1050.66,33.44,38.04,36.00,20.00,MAN,9,0,0,0.00,0.00,0.00,0.00,0.00,0.00,0.00,0.00
1051.66,33.43,38.08,36.00,20.00,MAN,9,0,0,0.00,0.00,0.00,0.00,0.00,0.00,0.00,0.00
1052.66,33.43,38.08,36.00,20.00,MAN,9,0,0,0.00,0.00,0.00,0.00,0.00,0.00,0.00,0.00
1053.67,33.43,38.08,36.00,20.00,MAN,9,0,0,0.00,0.00,0.00,0.00,0.00,0.00,0.00,0.00
1054.67,33.42,38.08,36.00,20.00,MAN,9,0,0,0.00,0.00,0.00,0.00,0.00,0.00,0.00,0.00
1055.67,33.42,38.08,36.00,20.00,MAN,9,0,0,0.00,0.00,0.00,0.00,0.00,0.00,0.00,0.00
1056.67,33.41,38.11,36.00,20.00,MAN,9,0,0,0.00,0.00,0.00,0.00,0.00,0.00,0.00,0.00
1057.67,33.41,38.11,36.00,20.00,MAN,9,0,0,0.00,0.00,0.00,0.00,0.00,0.00,0.00,0.00
1058.67,33.40,38.11,36.00,20.00,MAN,9,0,0,0.00,0.00,0.00,0.00,0.00,0.00,0.00,0.00
1059.67,33.40,38.11,36.00,20.00,MAN,9,0,0,0.00,0.00,0.00,0.00,0.00,0.00,0.00,0.00
1060.67,33.38,38.11,36.00,20.00,MAN,9,0,0,0.00,0.00,0.00,0.00,0.00,0.00,0.00,0.00
1061.68,33.38,38.11,36.00,20.00,MAN,9,0,0,0.00,0.00,0.00,0.00,0.00,0.00,0.00,0.00
1062.68,33.38,38.11,36.00,20.00,MAN,9,0,0,0.00,0.00,0.00,0.00,0.00,0.00,0.00,0.00
1063.68,33.37,38.11,36.00,20.00,MAN,9,0,0,0.00,0.00,0.00,0.00,0.00,0.00,0.00,0.00
1064.68,33.37,38.11,36.00,20.00,MAN,9,0,0,0.00,0.00,0.00,0.00,0.00,0.00,0.00,0.00
1065.68,33.36,38.11,36.00,20.00,MAN,9,0,0,0.00,0.00,0.00,0.00,0.00,0.00,0.00,0.00
1066.68,33.36,38.14,36.00,20.00,MAN,9,0,0,0.00,0.00,0.00,0.00,0.00,0.00,0.00,0.00
1067.69,33.36,38.14,36.00,20.00,MAN,9,0,0,0.00,0.00,0.00,0.00,0.00,0.00,0.00,0.00
1068.69,33.35,38.14,36.00,20.00,MAN,9,0,0,0.00,0.00,0.00,0.00,0.00,0.00,0.00,0.00
1069.69,33.35,38.14,36.00,20.00,MAN,9,0,0,0.00,0.00,0.00,0.00,0.00,0.00,0.00,0.00
1070.69,33.34,38.14,36.00,20.00,MAN,9,0,0,0.00,0.00,0.00,0.00,0.00,0.00,0.00,0.00
1071.69,33.34,38.14,36.00,20.00,MAN,9,0,0,0.00,0.00,0.00,0.00,0.00,0.00,0.00,0.00
1072.70,33.34,38.17,36.00,20.00,MAN,9,0,0,0.00,0.00,0.00,0.00,0.00,0.00,0.00,0.00
1073.70,33.34,38.17,36.00,20.00,MAN,9,0,0,0.00,0.00,0.00,0.00,0.00,0.00,0.00,0.00
1074.70,33.33,38.17,36.00,20.00,MAN,9,0,0,0.00,0.00,0.00,0.00,0.00,0.00,0.00,0.00
1075.70,33.32,38.17,36.00,20.00,MAN,9,0,0,0.00,0.00,0.00,0.00,0.00,0.00,0.00,0.00
1076.70,33.32,38.21,36.00,20.00,MAN,9,0,0,0.00,0.00,0.00,0.00,0.00,0.00,0.00,0.00
1077.70,33.31,38.21,36.00,20.00,MAN,9,0,0,0.00,0.00,0.00,0.00,0.00,0.00,0.00,0.00
1078.70,33.30,38.21,36.00,20.00,MAN,9,0,0,0.00,0.00,0.00,0.00,0.00,0.00,0.00,0.00
1079.70,33.30,38.21,36.00,20.00,MAN,9,0,0,0.00,0.00,0.00,0.00,0.00,0.00,0.00,0.00
1080.71,33.30,38.28,36.00,20.00,MAN,9,0,0,0.00,0.00,0.00,0.00,0.00,0.00,0.00,0.00
1081.71,33.30,38.28,36.00,20.00,MAN,9,0,0,0.00,0.00,0.00,0.00,0.00,0.00,0.00,0.00
1082.71,33.30,38.28,36.00,20.00,MAN,9,0,0,0.00,0.00,0.00,0.00,0.00,0.00,0.00,0.00
1083.71,33.30,38.28,36.00,20.00,MAN,9,0,0,0.00,0.00,0.00,0.00,0.00,0.00,0.00,0.00
1084.71,33.30,38.31,36.00,20.00,MAN,9,0,0,0.00,0.00,0.00,0.00,0.00,0.00,0.00,0.00
1085.72,33.30,38.31,36.00,20.00,MAN,9,0,0,0.00,0.00,0.00,0.00,0.00,0.00,0.00,0.00
1086.71,33.30,38.31,36.00,20.00,MAN,9,0,0,0.00,0.00,0.00,0.00,0.00,0.00,0.00,0.00
1087.72,33.30,38.31,36.00,20.00,MAN,9,0,0,0.00,0.00,0.00,0.00,0.00,0.00,0.00,0.00
1088.72,33.30,38.31,36.00,20.00,MAN,9,0,0,0.00,0.00,0.00,0.00,0.00,0.00,0.00,0.00
1089.72,33.29,38.34,36.00,20.00,MAN,9,0,0,0.00,0.00,0.00,0.00,0.00,0.00,0.00,0.00
1090.72,33.29,38.34,36.00,20.00,MAN,9,0,0,0.00,0.00,0.00,0.00,0.00,0.00,0.00,0.00
1091.72,33.29,38.33,36.00,20.00,MAN,9,0,0,0.00,0.00,0.00,0.00,0.00,0.00,0.00,0.00
1092.72,33.28,38.34,36.00,20.00,MAN,9,0,0,0.00,0.00,0.00,0.00,0.00,0.00,0.00,0.00
1093.73,33.27,38.33,36.00,20.00,MAN,9,0,0,0.00,0.00,0.00,0.00,0.00,0.00,0.00,0.00
1094.73,33.26,38.33,36.00,20.00,MAN,9,0,0,0.00,0.00,0.00,0.00,0.00,0.00,0.00,0.00
1095.73,33.25,38.36,36.00,20.00,MAN,9,0,0,0.00,0.00,0.00,0.00,0.00,0.00,0.00,0.00
1096.73,33.25,38.36,36.00,20.00,MAN,9,0,0,0.00,0.00,0.00,0.00,0.00,0.00,0.00,0.00
1097.73,33.25,38.36,36.00,20.00,MAN,9,0,0,0.00,0.00,0.00,0.00,0.00,0.00,0.00,0.00
1098.74,33.25,38.36,36.00,20.00,MAN,9,0,0,0.00,0.00,0.00,0.00,0.00,0.00,0.00,0.00
1099.74,33.23,38.36,36.00,20.00,MAN,9,0,0,0.00,0.00,0.00,0.00,0.00,0.00,0.00,0.00
1100.74,33.23,38.36,36.00,20.00,MAN,9,0,0,0.00,0.00,0.00,0.00,0.00,0.00,0.00,0.00
1101.74,33.22,38.36,36.00,20.00,MAN,9,0,0,0.00,0.00,0.00,0.00,0.00,0.00,0.00,0.00
1102.74,33.22,38.40,36.00,20.00,MAN,9,0,0,0.00,0.00,0.00,0.00,0.00,0.00,0.00,0.00
1103.74,33.21,38.40,36.00,20.00,MAN,9,0,0,0.00,0.00,0.00,0.00,0.00,0.00,0.00,0.00
1104.75,33.21,38.40,36.00,20.00,MAN,9,0,0,0.00,0.00,0.00,0.00,0.00,0.00,0.00,0.00
1105.74,33.21,38.40,36.00,20.00,MAN,9,0,0,0.00,0.00,0.00,0.00,0.00,0.00,0.00,0.00
1106.75,33.20,38.40,36.00,20.00,MAN,9,0,0,0.00,0.00,0.00,0.00,0.00,0.00,0.00,0.00
1107.75,33.20,38.43,36.00,20.00,MAN,9,0,0,0.00,0.00,0.00,0.00,0.00,0.00,0.00,0.00
1108.75,33.19,38.43,36.00,20.00,MAN,9,0,0,0.00,0.00,0.00,0.00,0.00,0.00,0.00,0.00
1109.75,33.19,38.43,36.00,20.00,MAN,9,0,0,0.00,0.00,0.00,0.00,0.00,0.00,0.00,0.00
1110.75,33.19,38.46,36.00,20.00,MAN,9,0,0,0.00,0.00,0.00,0.00,0.00,0.00,0.00,0.00
1111.75,33.19,38.46,36.00,20.00,MAN,9,0,0,0.00,0.00,0.00,0.00,0.00,0.00,0.00,0.00
1112.76,33.18,38.46,36.00,20.00,MAN,9,0,0,0.00,0.00,0.00,0.00,0.00,0.00,0.00,0.00
1113.76,33.18,38.49,36.00,20.00,MAN,9,0,0,0.00,0.00,0.00,0.00,0.00,0.00,0.00,0.00
1114.76,33.17,38.49,36.00,20.00,MAN,9,0,0,0.00,0.00,0.00,0.00,0.00,0.00,0.00,0.00
1115.76,33.17,38.49,36.00,20.00,MAN,9,0,0,0.00,0.00,0.00,0.00,0.00,0.00,0.00,0.00
1116.76,33.17,38.49,36.00,20.00,MAN,9,0,0,0.00,0.00,0.00,0.00,0.00,0.00,0.00,0.00
1117.77,33.16,38.49,36.00,20.00,MAN,9,0,0,0.00,0.00,0.00,0.00,0.00,0.00,0.00,0.00
1118.77,33.16,38.49,36.00,20.00,MAN,9,0,0,0.00,0.00,0.00,0.00,0.00,0.00,0.00,0.00
1119.77,33.16,38.53,36.00,20.00,MAN,9,0,0,0.00,0.00,0.00,0.00,0.00,0.00,0.00,0.00
1120.77,33.15,38.53,36.00,20.00,MAN,9,0,0,0.00,0.00,0.00,0.00,0.00,0.00,0.00,0.00
1121.77,33.15,38.53,36.00,20.00,MAN,9,0,0,0.00,0.00,0.00,0.00,0.00,0.00,0.00,0.00
1122.77,33.15,38.53,36.00,20.00,MAN,9,0,0,0.00,0.00,0.00,0.00,0.00,0.00,0.00,0.00
1123.77,33.14,38.53,36.00,20.00,MAN,9,0,0,0.00,0.00,0.00,0.00,0.00,0.00,0.00,0.00
1124.78,33.14,38.53,36.00,20.00,MAN,9,0,0,0.00,0.00,0.00,0.00,0.00,0.00,0.00,0.00
1125.78,33.14,38.53,36.00,20.00,MAN,9,0,0,0.00,0.00,0.00,0.00,0.00,0.00,0.00,0.00
1126.78,33.13,38.53,36.00,20.00,MAN,9,0,0,0.00,0.00,0.00,0.00,0.00,0.00,0.00,0.00
1127.78,33.13,38.53,36.00,20.00,MAN,9,0,0,0.00,0.00,0.00,0.00,0.00,0.00,0.00,0.00
1128.78,33.13,38.51,36.00,20.00,MAN,9,0,0,0.00,0.00,0.00,0.00,0.00,0.00,0.00,0.00
1129.78,33.12,38.53,36.00,20.00,MAN,9,0,0,0.00,0.00,0.00,0.00,0.00,0.00,0.00,0.00
1130.79,33.12,38.54,36.00,20.00,MAN,9,0,0,0.00,0.00,0.00,0.00,0.00,0.00,0.00,0.00
1131.79,33.12,38.54,36.00,20.00,MAN,9,0,0,0.00,0.00,0.00,0.00,0.00,0.00,0.00,0.00
1132.79,33.11,38.54,36.00,20.00,MAN,9,0,0,0.00,0.00,0.00,0.00,0.00,0.00,0.00,0.00
1133.79,33.11,38.54,36.00,20.00,MAN,9,0,0,0.00,0.00,0.00,0.00,0.00,0.00,0.00,0.00
1134.79,33.11,38.54,36.00,20.00,MAN,9,0,0,0.00,0.00,0.00,0.00,0.00,0.00,0.00,0.00
1135.79,33.09,38.58,36.00,20.00,MAN,9,0,0,0.00,0.00,0.00,0.00,0.00,0.00,0.00,0.00
1136.80,33.09,38.58,36.00,20.00,MAN,9,0,0,0.00,0.00,0.00,0.00,0.00,0.00,0.00,0.00
1137.79,33.08,38.58,36.00,20.00,MAN,9,0,0,0.00,0.00,0.00,0.00,0.00,0.00,0.00,0.00
1138.80,33.08,38.61,36.00,20.00,MAN,9,0,0,0.00,0.00,0.00,0.00,0.00,0.00,0.00,0.00
1139.80,33.08,38.61,36.00,20.00,MAN,9,0,0,0.00,0.00,0.00,0.00,0.00,0.00,0.00,0.00
1140.80,33.08,38.61,36.00,20.00,MAN,9,0,0,0.00,0.00,0.00,0.00,0.00,0.00,0.00,0.00
1141.80,33.08,38.61,36.00,20.00,MAN,9,0,0,0.00,0.00,0.00,0.00,0.00,0.00,0.00,0.00
1142.80,33.07,38.65,36.00,20.00,MAN,9,0,0,0.00,0.00,0.00,0.00,0.00,0.00,0.00,0.00
1143.81,33.07,38.65,36.00,20.00,MAN,9,0,0,0.00,0.00,0.00,0.00,0.00,0.00,0.00,0.00
1144.81,33.07,38.65,36.00,20.00,MAN,9,0,0,0.00,0.00,0.00,0.00,0.00,0.00,0.00,0.00
1145.81,33.06,38.65,36.00,20.00,MAN,9,0,0,0.00,0.00,0.00,0.00,0.00,0.00,0.00,0.00
1146.81,33.05,38.65,36.00,20.00,MAN,9,0,0,0.00,0.00,0.00,0.00,0.00,0.00,0.00,0.00
1147.81,33.05,38.65,36.00,20.00,MAN,9,0,0,0.00,0.00,0.00,0.00,0.00,0.00,0.00,0.00
1148.81,33.04,38.68,36.00,20.00,MAN,9,0,0,0.00,0.00,0.00,0.00,0.00,0.00,0.00,0.00
1149.82,33.05,38.68,36.00,20.00,MAN,9,0,0,0.00,0.00,0.00,0.00,0.00,0.00,0.00,0.00
1150.82,33.04,38.68,36.00,20.00,MAN,9,0,0,0.00,0.00,0.00,0.00,0.00,0.00,0.00,0.00
1151.82,33.04,38.68,36.00,20.00,MAN,9,0,0,0.00,0.00,0.00,0.00,0.00,0.00,0.00,0.00
1152.82,33.04,38.68,36.00,20.00,MAN,9,0,0,0.00,0.00,0.00,0.00,0.00,0.00,0.00,0.00
1153.82,33.03,38.68,36.00,20.00,MAN,9,0,0,0.00,0.00,0.00,0.00,0.00,0.00,0.00,0.00
1154.82,33.03,38.68,36.00,20.00,MAN,9,0,0,0.00,0.00,0.00,0.00,0.00,0.00,0.00,0.00
1155.82,33.02,38.68,36.00,20.00,MAN,9,0,0,0.00,0.00,0.00,0.00,0.00,0.00,0.00,0.00
1156.83,33.02,38.68,36.00,20.00,MAN,9,0,0,0.00,0.00,0.00,0.00,0.00,0.00,0.00,0.00
1157.83,33.02,38.68,36.00,20.00,MAN,9,0,0,0.00,0.00,0.00,0.00,0.00,0.00,0.00,0.00
1158.83,33.01,38.68,36.00,20.00,MAN,9,0,0,0.00,0.00,0.00,0.00,0.00,0.00,0.00,0.00
1159.83,33.01,38.68,36.00,20.00,MAN,9,0,0,0.00,0.00,0.00,0.00,0.00,0.00,0.00,0.00
1160.83,33.01,38.71,36.00,20.00,MAN,9,0,0,0.00,0.00,0.00,0.00,0.00,0.00,0.00,0.00
1161.83,33.01,38.71,36.00,20.00,MAN,9,0,0,0.00,0.00,0.00,0.00,0.00,0.00,0.00,0.00
1162.84,33.00,38.71,36.00,20.00,MAN,9,0,0,0.00,0.00,0.00,0.00,0.00,0.00,0.00,0.00
1163.84,33.00,38.71,36.00,20.00,MAN,9,0,0,0.00,0.00,0.00,0.00,0.00,0.00,0.00,0.00
1164.84,32.99,38.71,36.00,20.00,MAN,9,0,0,0.00,0.00,0.00,0.00,0.00,0.00,0.00,0.00
1165.84,32.99,38.71,36.00,20.00,MAN,9,0,0,0.00,0.00,0.00,0.00,0.00,0.00,0.00,0.00
1166.84,32.99,38.75,36.00,20.00,MAN,9,0,0,0.00,0.00,0.00,0.00,0.00,0.00,0.00,0.00
1167.85,32.99,38.75,36.00,20.00,MAN,9,0,0,0.00,0.00,0.00,0.00,0.00,0.00,0.00,0.00
1168.85,32.98,38.75,36.00,20.00,MAN,9,0,0,0.00,0.00,0.00,0.00,0.00,0.00,0.00,0.00
1169.85,32.98,38.75,36.00,20.00,MAN,9,0,0,0.00,0.00,0.00,0.00,0.00,0.00,0.00,0.00
1170.85,32.98,38.75,36.00,20.00,MAN,9,0,0,0.00,0.00,0.00,0.00,0.00,0.00,0.00,0.00
1171.85,32.98,38.75,36.00,20.00,MAN,9,0,0,0.00,0.00,0.00,0.00,0.00,0.00,0.00,0.00
1172.85,32.97,38.75,36.00,20.00,MAN,9,0,0,0.00,0.00,0.00,0.00,0.00,0.00,0.00,0.00
1173.85,32.97,38.78,36.00,20.00,MAN,9,0,0,0.00,0.00,0.00,0.00,0.00,0.00,0.00,0.00
1174.85,32.96,38.78,36.00,20.00,MAN,9,0,0,0.00,0.00,0.00,0.00,0.00,0.00,0.00,0.00
1175.86,32.96,38.78,36.00,20.00,MAN,9,0,0,0.00,0.00,0.00,0.00,0.00,0.00,0.00,0.00
1176.86,32.96,38.82,36.00,20.00,MAN,9,0,0,0.00,0.00,0.00,0.00,0.00,0.00,0.00,0.00
1177.86,32.96,38.82,36.00,20.00,MAN,9,0,0,0.00,0.00,0.00,0.00,0.00,0.00,0.00,0.00
1178.86,32.94,38.82,36.00,20.00,MAN,9,0,0,0.00,0.00,0.00,0.00,0.00,0.00,0.00,0.00
1179.86,32.94,38.79,36.00,20.00,MAN,9,0,0,0.00,0.00,0.00,0.00,0.00,0.00,0.00,0.00
1180.86,32.94,38.85,36.00,20.00,MAN,9,0,0,0.00,0.00,0.00,0.00,0.00,0.00,0.00,0.00
1181.87,32.93,38.83,36.00,20.00,MAN,9,0,0,0.00,0.00,0.00,0.00,0.00,0.00,0.00,0.00
1182.87,32.93,38.83,36.00,20.00,MAN,9,0,0,0.00,0.00,0.00,0.00,0.00,0.00,0.00,0.00
1183.87,32.93,38.83,36.00,20.00,MAN,9,0,0,0.00,0.00,0.00,0.00,0.00,0.00,0.00,0.00
1184.87,32.93,38.83,36.00,20.00,MAN,9,0,0,0.00,0.00,0.00,0.00,0.00,0.00,0.00,0.00
1185.87,32.92,38.83,36.00,20.00,MAN,9,0,0,0.00,0.00,0.00,0.00,0.00,0.00,0.00,0.00
1186.87,32.91,38.83,36.00,20.00,MAN,9,0,0,0.00,0.00,0.00,0.00,0.00,0.00,0.00,0.00
1187.87,32.91,38.83,36.00,20.00,MAN,9,0,0,0.00,0.00,0.00,0.00,0.00,0.00,0.00,0.00
1188.88,32.91,38.83,36.00,20.00,MAN,9,0,0,0.00,0.00,0.00,0.00,0.00,0.00,0.00,0.00
1189.88,32.91,38.86,36.00,20.00,MAN,9,0,0,0.00,0.00,0.00,0.00,0.00,0.00,0.00,0.00
1190.88,32.90,38.86,36.00,20.00,MAN,9,0,0,0.00,0.00,0.00,0.00,0.00,0.00,0.00,0.00
1191.88,32.90,38.86,36.00,20.00,MAN,9,0,0,0.00,0.00,0.00,0.00,0.00,0.00,0.00,0.00
1192.88,32.90,38.86,36.00,20.00,MAN,9,0,0,0.00,0.00,0.00,0.00,0.00,0.00,0.00,0.00
1193.88,32.90,38.90,36.00,20.00,MAN,9,0,0,0.00,0.00,0.00,0.00,0.00,0.00,0.00,0.00
1194.89,32.89,38.90,36.00,20.00,MAN,9,0,0,0.00,0.00,0.00,0.00,0.00,0.00,0.00,0.00
1195.89,32.89,38.90,36.00,20.00,MAN,9,0,0,0.00,0.00,0.00,0.00,0.00,0.00,0.00,0.00
1196.89,32.89,38.90,36.00,20.00,MAN,9,0,0,0.00,0.00,0.00,0.00,0.00,0.00,0.00,0.00
1197.89,32.89,38.90,36.00,20.00,MAN,9,0,0,0.00,0.00,0.00,0.00,0.00,0.00,0.00,0.00
1198.89,32.88,38.90,36.00,20.00,MAN,9,0,0,0.00,0.00,0.00,0.00,0.00,0.00,0.00,0.00
1199.90,32.88,38.90,36.00,20.00,MAN,9,0,0,0.00,0.00,0.00,0.00,0.00,0.00,0.00,0.00
1200.89,32.88,38.97,36.00,20.00,MAN,9,0,0,0.00,0.00,0.00,0.00,0.00,0.00,0.00,0.00
1201.90,32.87,38.97,36.00,20.00,MAN,9,0,0,0.00,0.00,0.00,0.00,0.00,0.00,0.00,0.00
1202.90,32.87,38.97,36.00,20.00,MAN,9,0,0,0.00,0.00,0.00,0.00,0.00,0.00,0.00,0.00
1203.90,32.87,38.97,36.00,20.00,MAN,9,0,0,0.00,0.00,0.00,0.00,0.00,0.00,0.00,0.00
1204.90,32.86,38.97,36.00,20.00,MAN,9,0,0,0.00,0.00,0.00,0.00,0.00,0.00,0.00,0.00
1205.90,32.86,38.97,36.00,20.00,MAN,9,0,0,0.00,0.00,0.00,0.00,0.00,0.00,0.00,0.00
1206.90,32.86,38.97,36.00,20.00,MAN,9,0,0,0.00,0.00,0.00,0.00,0.00,0.00,0.00,0.00
1207.91,32.85,38.97,36.00,20.00,MAN,9,0,0,0.00,0.00,0.00,0.00,0.00,0.00,0.00,0.00
1208.91,32.85,38.97,36.00,20.00,MAN,9,0,0,0.00,0.00,0.00,0.00,0.00,0.00,0.00,0.00
1209.91,32.85,38.97,36.00,20.00,MAN,9,0,0,0.00,0.00,0.00,0.00,0.00,0.00,0.00,0.00
1210.91,32.84,38.97,36.00,20.00,MAN,9,0,0,0.00,0.00,0.00,0.00,0.00,0.00,0.00,0.00
1211.91,32.84,38.97,36.00,20.00,MAN,9,0,0,0.00,0.00,0.00,0.00,0.00,0.00,0.00,0.00
1212.91,32.84,39.00,36.00,20.00,MAN,9,0,0,0.00,0.00,0.00,0.00,0.00,0.00,0.00,0.00
1213.92,32.84,39.00,36.00,20.00,MAN,9,0,0,0.00,0.00,0.00,0.00,0.00,0.00,0.00,0.00
1214.92,32.84,39.00,36.00,20.00,MAN,9,0,0,0.00,0.00,0.00,0.00,0.00,0.00,0.00,0.00
1215.92,32.83,39.00,36.00,20.00,MAN,9,0,0,0.00,0.00,0.00,0.00,0.00,0.00,0.00,0.00
1216.92,32.83,39.00,36.00,20.00,MAN,9,0,0,0.00,0.00,0.00,0.00,0.00,0.00,0.00,0.00
1217.92,32.82,39.00,36.00,20.00,MAN,9,0,0,0.00,0.00,0.00,0.00,0.00,0.00,0.00,0.00
1218.93,32.82,39.00,36.00,20.00,MAN,9,0,0,0.00,0.00,0.00,0.00,0.00,0.00,0.00,0.00
1219.92,32.82,39.04,36.00,20.00,MAN,9,0,0,0.00,0.00,0.00,0.00,0.00,0.00,0.00,0.00
1220.93,32.81,39.04,36.00,20.00,MAN,9,0,0,0.00,0.00,0.00,0.00,0.00,0.00,0.00,0.00
1221.93,32.82,39.04,36.00,20.00,MAN,9,0,0,0.00,0.00,0.00,0.00,0.00,0.00,0.00,0.00
1222.93,32.81,39.04,36.00,20.00,MAN,9,0,0,0.00,0.00,0.00,0.00,0.00,0.00,0.00,0.00
1223.93,32.81,39.04,36.00,20.00,MAN,9,0,0,0.00,0.00,0.00,0.00,0.00,0.00,0.00,0.00
1224.93,32.81,39.04,36.00,20.00,MAN,9,0,0,0.00,0.00,0.00,0.00,0.00,0.00,0.00,0.00
1225.93,32.79,39.04,36.00,20.00,MAN,9,0,0,0.00,0.00,0.00,0.00,0.00,0.00,0.00,0.00
1226.94,32.79,39.07,36.00,20.00,MAN,9,0,0,0.00,0.00,0.00,0.00,0.00,0.00,0.00,0.00
1227.94,32.79,39.04,36.00,20.00,MAN,9,0,0,0.00,0.00,0.00,0.00,0.00,0.00,0.00,0.00
1228.94,32.79,39.07,36.00,20.00,MAN,9,0,0,0.00,0.00,0.00,0.00,0.00,0.00,0.00,0.00
1229.94,32.78,39.07,36.00,20.00,MAN,9,0,0,0.00,0.00,0.00,0.00,0.00,0.00,0.00,0.00
1230.94,32.78,39.07,36.00,20.00,MAN,9,0,0,0.00,0.00,0.00,0.00,0.00,0.00,0.00,0.00
1231.95,32.77,39.07,36.00,20.00,MAN,9,0,0,0.00,0.00,0.00,0.00,0.00,0.00,0.00,0.00
1232.95,32.77,39.07,36.00,20.00,MAN,9,0,0,0.00,0.00,0.00,0.00,0.00,0.00,0.00,0.00
1233.95,32.77,39.07,36.00,20.00,MAN,9,0,0,0.00,0.00,0.00,0.00,0.00,0.00,0.00,0.00
1234.95,32.77,39.08,36.00,20.00,MAN,9,0,0,0.00,0.00,0.00,0.00,0.00,0.00,0.00,0.00
1235.95,32.76,39.08,36.00,20.00,MAN,9,0,0,0.00,0.00,0.00,0.00,0.00,0.00,0.00,0.00
1236.95,32.76,39.08,36.00,20.00,MAN,9,0,0,0.00,0.00,0.00,0.00,0.00,0.00,0.00,0.00
1237.95,32.76,39.08,36.00,20.00,MAN,9,0,0,0.00,0.00,0.00,0.00,0.00,0.00,0.00,0.00
1238.95,32.75,39.08,36.00,20.00,MAN,9,0,0,0.00,0.00,0.00,0.00,0.00,0.00,0.00,0.00
1239.96,32.75,39.08,36.00,20.00,MAN,9,0,0,0.00,0.00,0.00,0.00,0.00,0.00,0.00,0.00
1240.96,32.75,39.08,36.00,20.00,MAN,9,0,0,0.00,0.00,0.00,0.00,0.00,0.00,0.00,0.00
1241.96,32.75,39.11,36.00,20.00,MAN,9,0,0,0.00,0.00,0.00,0.00,0.00,0.00,0.00,0.00
1242.96,32.75,39.11,36.00,20.00,MAN,9,0,0,0.00,0.00,0.00,0.00,0.00,0.00,0.00,0.00
1244.00,32.74,39.11,36.00,20.00,MAN,9,0,0,0.00,0.00,0.00,0.00,0.00,0.00,0.00,0.00
1244.97,32.74,39.11,36.00,20.00,MAN,9,0,0,0.00,0.00,0.00,0.00,0.00,0.00,0.00,0.00
1245.97,32.74,39.11,36.00,20.00,MAN,9,0,0,0.00,0.00,0.00,0.00,0.00,0.00,0.00,0.00
1246.97,32.73,39.11,36.00,20.00,MAN,9,0,0,0.00,0.00,0.00,0.00,0.00,0.00,0.00,0.00
1247.97,32.73,39.15,36.00,20.00,MAN,9,0,0,0.00,0.00,0.00,0.00,0.00,0.00,0.00,0.00
1248.97,32.73,39.15,36.00,20.00,MAN,9,0,0,0.00,0.00,0.00,0.00,0.00,0.00,0.00,0.00
1249.97,32.73,39.15,36.00,20.00,MAN,9,0,0,0.00,0.00,0.00,0.00,0.00,0.00,0.00,0.00
1250.97,32.72,39.15,36.00,20.00,MAN,9,0,0,0.00,0.00,0.00,0.00,0.00,0.00,0.00,0.00
1251.97,32.72,39.15,36.00,20.00,MAN,9,0,0,0.00,0.00,0.00,0.00,0.00,0.00,0.00,0.00
1252.98,32.71,39.18,36.00,20.00,MAN,9,0,0,0.00,0.00,0.00,0.00,0.00,0.00,0.00,0.00
1253.98,32.71,39.18,36.00,20.00,MAN,9,0,0,0.00,0.00,0.00,0.00,0.00,0.00,0.00,0.00
1254.98,32.71,39.18,36.00,20.00,MAN,9,0,0,0.00,0.00,0.00,0.00,0.00,0.00,0.00,0.00
1255.98,32.71,39.21,36.00,20.00,MAN,9,0,0,0.00,0.00,0.00,0.00,0.00,0.00,0.00,0.00
1256.98,32.71,39.21,36.00,20.00,MAN,9,0,0,0.00,0.00,0.00,0.00,0.00,0.00,0.00,0.00
1257.98,32.70,39.21,36.00,20.00,MAN,9,0,0,0.00,0.00,0.00,0.00,0.00,0.00,0.00,0.00
1258.99,32.70,39.21,36.00,20.00,MAN,9,0,0,0.00,0.00,0.00,0.00,0.00,0.00,0.00,0.00
1259.99,32.70,39.21,36.00,20.00,MAN,9,0,0,0.00,0.00,0.00,0.00,0.00,0.00,0.00,0.00
1260.99,32.69,39.21,36.00,20.00,MAN,9,0,0,0.00,0.00,0.00,0.00,0.00,0.00,0.00,0.00
1261.99,32.69,39.21,36.00,20.00,MAN,9,0,0,0.00,0.00,0.00,0.00,0.00,0.00,0.00,0.00
1262.99,32.69,39.21,36.00,20.00,MAN,9,0,0,0.00,0.00,0.00,0.00,0.00,0.00,0.00,0.00
1264.00,32.68,39.21,36.00,20.00,MAN,9,0,0,0.00,0.00,0.00,0.00,0.00,0.00,0.00,0.00
1265.00,32.68,39.21,36.00,20.00,MAN,9,0,0,0.00,0.00,0.00,0.00,0.00,0.00,0.00,0.00
1266.00,32.68,39.21,36.00,20.00,MAN,9,0,0,0.00,0.00,0.00,0.00,0.00,0.00,0.00,0.00
1267.00,32.68,39.21,36.00,20.00,MAN,9,0,0,0.00,0.00,0.00,0.00,0.00,0.00,0.00,0.00
1268.00,32.67,39.21,36.00,20.00,MAN,9,0,0,0.00,0.00,0.00,0.00,0.00,0.00,0.00,0.00
1269.01,32.67,39.21,36.00,20.00,MAN,9,0,0,0.00,0.00,0.00,0.00,0.00,0.00,0.00,0.00
1270.00,32.67,39.21,36.00,20.00,MAN,9,0,0,0.00,0.00,0.00,0.00,0.00,0.00,0.00,0.00
1271.01,32.66,39.25,36.00,20.00,MAN,9,0,0,0.00,0.00,0.00,0.00,0.00,0.00,0.00,0.00
1272.01,32.66,39.25,36.00,20.00,MAN,9,0,0,0.00,0.00,0.00,0.00,0.00,0.00,0.00,0.00
1273.01,32.66,39.25,36.00,20.00,MAN,9,0,0,0.00,0.00,0.00,0.00,0.00,0.00,0.00,0.00
1274.01,32.66,39.25,36.00,20.00,MAN,9,0,0,0.00,0.00,0.00,0.00,0.00,0.00,0.00,0.00
1275.01,32.64,39.25,36.00,20.00,MAN,9,0,0,0.00,0.00,0.00,0.00,0.00,0.00,0.00,0.00
1276.01,32.64,39.25,36.00,20.00,MAN,9,0,0,0.00,0.00,0.00,0.00,0.00,0.00,0.00,0.00
1277.02,32.64,39.28,36.00,20.00,MAN,9,0,0,0.00,0.00,0.00,0.00,0.00,0.00,0.00,0.00
1278.02,32.63,39.28,36.00,20.00,MAN,9,0,0,0.00,0.00,0.00,0.00,0.00,0.00,0.00,0.00
1279.02,32.63,39.28,36.00,20.00,MAN,9,0,0,0.00,0.00,0.00,0.00,0.00,0.00,0.00,0.00
1280.02,32.63,39.28,36.00,20.00,MAN,9,0,0,0.00,0.00,0.00,0.00,0.00,0.00,0.00,0.00
1281.02,32.63,39.28,36.00,20.00,MAN,9,0,0,0.00,0.00,0.00,0.00,0.00,0.00,0.00,0.00
1282.02,32.63,39.28,36.00,20.00,MAN,9,0,0,0.00,0.00,0.00,0.00,0.00,0.00,0.00,0.00
1283.03,32.62,39.28,36.00,20.00,MAN,9,0,0,0.00,0.00,0.00,0.00,0.00,0.00,0.00,0.00
1284.03,32.62,39.28,36.00,20.00,MAN,9,0,0,0.00,0.00,0.00,0.00,0.00,0.00,0.00,0.00
1285.03,32.61,39.28,36.00,20.00,MAN,9,0,0,0.00,0.00,0.00,0.00,0.00,0.00,0.00,0.00
1286.03,32.61,39.32,36.00,20.00,MAN,9,0,0,0.00,0.00,0.00,0.00,0.00,0.00,0.00,0.00
1287.03,32.61,39.32,36.00,20.00,MAN,9,0,0,0.00,0.00,0.00,0.00,0.00,0.00,0.00,0.00
1288.03,32.61,39.32,36.00,20.00,MAN,9,0,0,0.00,0.00,0.00,0.00,0.00,0.00,0.00,0.00
1289.03,32.61,39.32,36.00,20.00,MAN,9,0,0,0.00,0.00,0.00,0.00,0.00,0.00,0.00,0.00
1290.04,32.61,39.32,36.00,20.00,MAN,9,0,0,0.00,0.00,0.00,0.00,0.00,0.00,0.00,0.00
1291.04,32.60,39.32,36.00,20.00,MAN,9,0,0,0.00,0.00,0.00,0.00,0.00,0.00,0.00,0.00
1292.04,32.60,39.32,36.00,20.00,MAN,9,0,0,0.00,0.00,0.00,0.00,0.00,0.00,0.00,0.00
1293.04,32.59,39.32,36.00,20.00,MAN,9,0,0,0.00,0.00,0.00,0.00,0.00,0.00,0.00,0.00
1294.04,32.59,39.33,36.00,20.00,MAN,9,0,0,0.00,0.00,0.00,0.00,0.00,0.00,0.00,0.00
1295.04,32.59,39.33,36.00,20.00,MAN,9,0,0,0.00,0.00,0.00,0.00,0.00,0.00,0.00,0.00
1296.05,32.59,39.33,36.00,20.00,MAN,9,0,0,0.00,0.00,0.00,0.00,0.00,0.00,0.00,0.00
1297.05,32.59,39.33,36.00,20.00,MAN,9,0,0,0.00,0.00,0.00,0.00,0.00,0.00,0.00,0.00
1298.05,32.59,39.33,36.00,20.00,MAN,9,0,0,0.00,0.00,0.00,0.00,0.00,0.00,0.00,0.00
1299.05,32.58,39.33,36.00,20.00,MAN,9,0,0,0.00,0.00,0.00,0.00,0.00,0.00,0.00,0.00
1300.05,32.58,39.33,36.00,20.00,MAN,9,0,0,0.00,0.00,0.00,0.00,0.00,0.00,0.00,0.00
1301.05,32.57,39.33,36.00,20.00,MAN,9,0,0,0.00,0.00,0.00,0.00,0.00,0.00,0.00,0.00
1302.05,32.57,39.33,36.00,20.00,MAN,9,0,0,0.00,0.00,0.00,0.00,0.00,0.00,0.00,0.00
1303.06,32.57,39.33,36.00,20.00,MAN,9,0,0,0.00,0.00,0.00,0.00,0.00,0.00,0.00,0.00
1304.06,32.57,39.36,36.00,20.00,MAN,9,0,0,0.00,0.00,0.00,0.00,0.00,0.00,0.00,0.00
1305.06,32.56,39.36,36.00,20.00,MAN,9,0,0,0.00,0.00,0.00,0.00,0.00,0.00,0.00,0.00
1306.06,32.57,39.36,36.00,20.00,MAN,9,0,0,0.00,0.00,0.00,0.00,0.00,0.00,0.00,0.00
1307.06,32.56,39.36,36.00,20.00,MAN,9,0,0,0.00,0.00,0.00,0.00,0.00,0.00,0.00,0.00
1308.06,32.56,39.40,36.00,20.00,MAN,9,0,0,0.00,0.00,0.00,0.00,0.00,0.00,0.00,0.00
1309.07,32.55,39.40,36.00,20.00,MAN,9,0,0,0.00,0.00,0.00,0.00,0.00,0.00,0.00,0.00
1310.07,32.55,39.40,36.00,20.00,MAN,9,0,0,0.00,0.00,0.00,0.00,0.00,0.00,0.00,0.00
1311.07,32.55,39.40,36.00,20.00,MAN,9,0,0,0.00,0.00,0.00,0.00,0.00,0.00,0.00,0.00
1312.07,32.55,39.40,36.00,20.00,MAN,9,0,0,0.00,0.00,0.00,0.00,0.00,0.00,0.00,0.00
1313.07,32.54,39.40,36.00,20.00,MAN,9,0,0,0.00,0.00,0.00,0.00,0.00,0.00,0.00,0.00
1314.07,32.54,39.40,36.00,20.00,MAN,9,0,0,0.00,0.00,0.00,0.00,0.00,0.00,0.00,0.00
1315.07,32.54,39.40,36.00,20.00,MAN,9,0,0,0.00,0.00,0.00,0.00,0.00,0.00,0.00,0.00
1316.08,32.54,39.40,36.00,20.00,MAN,9,0,0,0.00,0.00,0.00,0.00,0.00,0.00,0.00,0.00
1317.08,32.53,39.43,36.00,20.00,MAN,9,0,0,0.00,0.00,0.00,0.00,0.00,0.00,0.00,0.00
1318.08,32.53,39.43,36.00,20.00,MAN,9,0,0,0.00,0.00,0.00,0.00,0.00,0.00,0.00,0.00
1319.08,32.53,39.43,36.00,20.00,MAN,9,0,0,0.00,0.00,0.00,0.00,0.00,0.00,0.00,0.00
1320.08,32.53,39.43,36.00,20.00,MAN,9,0,0,0.00,0.00,0.00,0.00,0.00,0.00,0.00,0.00
1321.08,32.52,39.43,36.00,20.00,MAN,9,0,0,0.00,0.00,0.00,0.00,0.00,0.00,0.00,0.00
1322.09,32.52,39.43,36.00,20.00,MAN,9,0,0,0.00,0.00,0.00,0.00,0.00,0.00,0.00,0.00
1323.09,32.52,39.43,36.00,20.00,MAN,9,0,0,0.00,0.00,0.00,0.00,0.00,0.00,0.00,0.00
1324.09,32.50,39.43,36.00,20.00,MAN,9,0,0,0.00,0.00,0.00,0.00,0.00,0.00,0.00,0.00
1325.09,32.50,39.43,36.00,20.00,MAN,9,0,0,0.00,0.00,0.00,0.00,0.00,0.00,0.00,0.00
1326.09,32.50,39.46,36.00,20.00,MAN,9,0,0,0.00,0.00,0.00,0.00,0.00,0.00,0.00,0.00
1327.09,32.49,39.46,36.00,20.00,MAN,9,0,0,0.00,0.00,0.00,0.00,0.00,0.00,0.00,0.00
1328.10,32.49,39.46,36.00,20.00,MAN,9,0,0,0.00,0.00,0.00,0.00,0.00,0.00,0.00,0.00
1329.10,32.49,39.46,36.00,20.00,MAN,9,0,0,0.00,0.00,0.00,0.00,0.00,0.00,0.00,0.00
1330.10,32.49,39.46,36.00,20.00,MAN,9,0,0,0.00,0.00,0.00,0.00,0.00,0.00,0.00,0.00
1331.10,32.49,39.46,36.00,20.00,MAN,9,0,0,0.00,0.00,0.00,0.00,0.00,0.00,0.00,0.00
1332.10,32.48,39.46,36.00,20.00,MAN,9,0,0,0.00,0.00,0.00,0.00,0.00,0.00,0.00,0.00
1333.10,32.48,39.46,36.00,20.00,MAN,9,0,0,0.00,0.00,0.00,0.00,0.00,0.00,0.00,0.00
1334.10,32.48,39.46,36.00,20.00,MAN,9,0,0,0.00,0.00,0.00,0.00,0.00,0.00,0.00,0.00
1335.11,32.48,39.46,36.00,20.00,MAN,9,0,0,0.00,0.00,0.00,0.00,0.00,0.00,0.00,0.00
1336.11,32.47,39.46,36.00,20.00,MAN,9,0,0,0.00,0.00,0.00,0.00,0.00,0.00,0.00,0.00
1337.11,32.47,39.50,36.00,20.00,MAN,9,0,0,0.00,0.00,0.00,0.00,0.00,0.00,0.00,0.00
1338.11,32.46,39.50,36.00,20.00,MAN,9,0,0,0.00,0.00,0.00,0.00,0.00,0.00,0.00,0.00
1339.11,32.46,39.50,36.00,20.00,MAN,9,0,0,0.00,0.00,0.00,0.00,0.00,0.00,0.00,0.00
1340.11,32.46,39.50,36.00,20.00,MAN,9,0,0,0.00,0.00,0.00,0.00,0.00,0.00,0.00,0.00
1341.12,32.46,39.50,36.00,20.00,MAN,9,0,0,0.00,0.00,0.00,0.00,0.00,0.00,0.00,0.00
1342.12,32.46,39.50,36.00,20.00,MAN,9,0,0,0.00,0.00,0.00,0.00,0.00,0.00,0.00,0.00
1343.12,32.46,39.50,36.00,20.00,MAN,9,0,0,0.00,0.00,0.00,0.00,0.00,0.00,0.00,0.00
1344.12,32.45,39.50,36.00,20.00,MAN,9,0,0,0.00,0.00,0.00,0.00,0.00,0.00,0.00,0.00
1345.12,32.45,39.53,36.00,20.00,MAN,9,0,0,0.00,0.00,0.00,0.00,0.00,0.00,0.00,0.00
1346.13,32.45,39.53,36.00,20.00,MAN,9,0,0,0.00,0.00,0.00,0.00,0.00,0.00,0.00,0.00
1347.12,32.45,39.53,36.00,20.00,MAN,9,0,0,0.00,0.00,0.00,0.00,0.00,0.00,0.00,0.00
1348.13,32.44,39.53,36.00,20.00,MAN,9,0,0,0.00,0.00,0.00,0.00,0.00,0.00,0.00,0.00
1349.13,32.44,39.52,36.00,20.00,MAN,9,0,0,0.00,0.00,0.00,0.00,0.00,0.00,0.00,0.00
1350.13,32.44,39.53,36.00,20.00,MAN,9,0,0,0.00,0.00,0.00,0.00,0.00,0.00,0.00,0.00
1351.13,32.44,39.53,36.00,20.00,MAN,9,0,0,0.00,0.00,0.00,0.00,0.00,0.00,0.00,0.00
1352.13,32.44,39.52,36.00,20.00,MAN,9,0,0,0.00,0.00,0.00,0.00,0.00,0.00,0.00,0.00
1353.14,32.43,39.52,36.00,20.00,MAN,9,0,0,0.00,0.00,0.00,0.00,0.00,0.00,0.00,0.00
1354.14,32.43,39.55,36.00,20.00,MAN,9,0,0,0.00,0.00,0.00,0.00,0.00,0.00,0.00,0.00
1355.14,32.43,39.55,36.00,20.00,MAN,9,0,0,0.00,0.00,0.00,0.00,0.00,0.00,0.00,0.00
1356.14,32.42,39.55,36.00,20.00,MAN,9,0,0,0.00,0.00,0.00,0.00,0.00,0.00,0.00,0.00
1357.14,32.42,39.55,36.00,20.00,MAN,9,0,0,0.00,0.00,0.00,0.00,0.00,0.00,0.00,0.00
1358.14,32.42,39.55,36.00,20.00,MAN,9,0,0,0.00,0.00,0.00,0.00,0.00,0.00,0.00,0.00
1359.14,32.41,39.55,36.00,20.00,MAN,9,0,0,0.00,0.00,0.00,0.00,0.00,0.00,0.00,0.00
1360.15,32.41,39.55,36.00,20.00,MAN,9,0,0,0.00,0.00,0.00,0.00,0.00,0.00,0.00,0.00
1361.15,32.41,39.55,36.00,20.00,MAN,9,0,0,0.00,0.00,0.00,0.00,0.00,0.00,0.00,0.00
1362.15,32.40,39.55,36.00,20.00,MAN,9,0,0,0.00,0.00,0.00,0.00,0.00,0.00,0.00,0.00
1363.15,32.40,39.55,36.00,20.00,MAN,9,0,0,0.00,0.00,0.00,0.00,0.00,0.00,0.00,0.00
1364.15,32.40,39.58,36.00,20.00,MAN,9,0,0,0.00,0.00,0.00,0.00,0.00,0.00,0.00,0.00
1365.16,32.39,39.58,36.00,20.00,MAN,9,0,0,0.00,0.00,0.00,0.00,0.00,0.00,0.00,0.00
1366.16,32.39,39.58,36.00,20.00,MAN,9,0,0,0.00,0.00,0.00,0.00,0.00,0.00,0.00,0.00
1367.16,32.39,39.58,36.00,20.00,MAN,9,0,0,0.00,0.00,0.00,0.00,0.00,0.00,0.00,0.00
1368.16,32.38,39.58,36.00,20.00,MAN,9,0,0,0.00,0.00,0.00,0.00,0.00,0.00,0.00,0.00
1369.16,32.39,39.58,36.00,20.00,MAN,9,0,0,0.00,0.00,0.00,0.00,0.00,0.00,0.00,0.00
1370.16,32.38,39.58,36.00,20.00,MAN,9,0,0,0.00,0.00,0.00,0.00,0.00,0.00,0.00,0.00
1371.16,32.38,39.58,36.00,20.00,MAN,9,0,0,0.00,0.00,0.00,0.00,0.00,0.00,0.00,0.00
1372.16,32.38,39.62,36.00,20.00,MAN,9,0,0,0.00,0.00,0.00,0.00,0.00,0.00,0.00,0.00
1373.17,32.38,39.62,36.00,20.00,MAN,9,0,0,0.00,0.00,0.00,0.00,0.00,0.00,0.00,0.00
1374.17,32.38,39.62,36.00,20.00,MAN,9,0,0,0.00,0.00,0.00,0.00,0.00,0.00,0.00,0.00
1375.17,32.38,39.62,36.00,20.00,MAN,9,0,0,0.00,0.00,0.00,0.00,0.00,0.00,0.00,0.00
1376.17,32.38,39.62,36.00,20.00,MAN,9,0,0,0.00,0.00,0.00,0.00,0.00,0.00,0.00,0.00
1377.17,32.38,39.62,36.00,20.00,MAN,9,0,0,0.00,0.00,0.00,0.00,0.00,0.00,0.00,0.00
1378.18,32.38,39.62,36.00,20.00,MAN,9,0,0,0.00,0.00,0.00,0.00,0.00,0.00,0.00,0.00
1379.18,32.38,39.62,36.00,20.00,MAN,9,0,0,0.00,0.00,0.00,0.00,0.00,0.00,0.00,0.00
1380.18,32.38,39.65,36.00,20.00,MAN,9,0,0,0.00,0.00,0.00,0.00,0.00,0.00,0.00,0.00
1381.18,32.37,39.65,36.00,20.00,MAN,9,0,0,0.00,0.00,0.00,0.00,0.00,0.00,0.00,0.00
1382.18,32.37,39.65,36.00,20.00,MAN,9,0,0,0.00,0.00,0.00,0.00,0.00,0.00,0.00,0.00
1383.18,32.37,39.65,36.00,20.00,MAN,9,0,0,0.00,0.00,0.00,0.00,0.00,0.00,0.00,0.00
1384.18,32.35,39.65,36.00,20.00,MAN,9,0,0,0.00,0.00,0.00,0.00,0.00,0.00,0.00,0.00
1385.19,32.35,39.65,36.00,20.00,MAN,9,0,0,0.00,0.00,0.00,0.00,0.00,0.00,0.00,0.00
1386.19,32.35,39.65,36.00,20.00,MAN,9,0,0,0.00,0.00,0.00,0.00,0.00,0.00,0.00,0.00
1387.19,32.34,39.65,36.00,20.00,MAN,9,0,0,0.00,0.00,0.00,0.00,0.00,0.00,0.00,0.00
1388.19,32.34,39.65,36.00,20.00,MAN,9,0,0,0.00,0.00,0.00,0.00,0.00,0.00,0.00,0.00
1389.19,32.34,39.65,36.00,20.00,MAN,9,0,0,0.00,0.00,0.00,0.00,0.00,0.00,0.00,0.00
1390.19,32.34,39.72,36.00,20.00,MAN,9,0,0,0.00,0.00,0.00,0.00,0.00,0.00,0.00,0.00
1391.19,32.33,39.72,36.00,20.00,MAN,9,0,0,0.00,0.00,0.00,0.00,0.00,0.00,0.00,0.00
1392.20,32.33,39.72,36.00,20.00,MAN,9,0,0,0.00,0.00,0.00,0.00,0.00,0.00,0.00,0.00
1393.20,32.33,39.72,36.00,20.00,MAN,9,0,0,0.00,0.00,0.00,0.00,0.00,0.00,0.00,0.00
1394.20,32.32,39.72,36.00,20.00,MAN,9,0,0,0.00,0.00,0.00,0.00,0.00,0.00,0.00,0.00
1395.20,32.32,39.72,36.00,20.00,MAN,9,0,0,0.00,0.00,0.00,0.00,0.00,0.00,0.00,0.00
1396.20,32.32,39.75,36.00,20.00,MAN,9,0,0,0.00,0.00,0.00,0.00,0.00,0.00,0.00,0.00
1397.21,32.31,39.75,36.00,20.00,MAN,9,0,0,0.00,0.00,0.00,0.00,0.00,0.00,0.00,0.00
1398.20,32.31,39.75,36.00,20.00,MAN,9,0,0,0.00,0.00,0.00,0.00,0.00,0.00,0.00,0.00
1399.21,32.31,39.75,36.00,20.00,MAN,9,0,0,0.00,0.00,0.00,0.00,0.00,0.00,0.00,0.00
1400.21,32.31,39.75,36.00,20.00,MAN,9,0,0,0.00,0.00,0.00,0.00,0.00,0.00,0.00,0.00
1401.21,32.31,39.75,36.00,20.00,MAN,9,0,0,0.00,0.00,0.00,0.00,0.00,0.00,0.00,0.00
1402.21,32.30,39.75,36.00,20.00,MAN,9,0,0,0.00,0.00,0.00,0.00,0.00,0.00,0.00,0.00
1403.21,32.30,39.75,36.00,20.00,MAN,9,0,0,0.00,0.00,0.00,0.00,0.00,0.00,0.00,0.00
1404.22,32.30,39.75,36.00,20.00,MAN,9,0,0,0.00,0.00,0.00,0.00,0.00,0.00,0.00,0.00
1405.22,32.30,39.75,36.00,20.00,MAN,9,0,0,0.00,0.00,0.00,0.00,0.00,0.00,0.00,0.00
1406.22,32.30,39.78,36.00,20.00,MAN,9,0,0,0.00,0.00,0.00,0.00,0.00,0.00,0.00,0.00
1407.22,32.29,39.78,36.00,20.00,MAN,9,0,0,0.00,0.00,0.00,0.00,0.00,0.00,0.00,0.00
1408.22,32.29,39.78,36.00,20.00,MAN,9,0,0,0.00,0.00,0.00,0.00,0.00,0.00,0.00,0.00
1409.22,32.29,39.78,36.00,20.00,MAN,9,0,0,0.00,0.00,0.00,0.00,0.00,0.00,0.00,0.00
1410.23,32.29,39.78,36.00,20.00,MAN,9,0,0,0.00,0.00,0.00,0.00,0.00,0.00,0.00,0.00
1411.23,32.29,39.78,36.00,20.00,MAN,9,0,0,0.00,0.00,0.00,0.00,0.00,0.00,0.00,0.00
1412.23,32.28,39.78,36.00,20.00,MAN,9,0,0,0.00,0.00,0.00,0.00,0.00,0.00,0.00,0.00
1413.23,32.28,39.78,36.00,20.00,MAN,9,0,0,0.00,0.00,0.00,0.00,0.00,0.00,0.00,0.00
1414.23,32.28,39.78,36.00,20.00,MAN,9,0,0,0.00,0.00,0.00,0.00,0.00,0.00,0.00,0.00
1415.23,32.28,39.78,36.00,20.00,MAN,9,0,0,0.00,0.00,0.00,0.00,0.00,0.00,0.00,0.00
1416.23,32.27,39.82,36.00,20.00,MAN,9,0,0,0.00,0.00,0.00,0.00,0.00,0.00,0.00,0.00
1417.24,32.27,39.82,36.00,20.00,MAN,9,0,0,0.00,0.00,0.00,0.00,0.00,0.00,0.00,0.00
1418.24,32.27,39.82,36.00,20.00,MAN,9,0,0,0.00,0.00,0.00,0.00,0.00,0.00,0.00,0.00
1419.24,32.26,39.80,36.00,20.00,MAN,9,0,0,0.00,0.00,0.00,0.00,0.00,0.00,0.00,0.00
1420.24,32.26,39.82,36.00,20.00,MAN,9,0,0,0.00,0.00,0.00,0.00,0.00,0.00,0.00,0.00
1421.24,32.26,39.80,36.00,20.00,MAN,9,0,0,0.00,0.00,0.00,0.00,0.00,0.00,0.00,0.00
1422.24,32.26,39.80,36.00,20.00,MAN,9,0,0,0.00,0.00,0.00,0.00,0.00,0.00,0.00,0.00
1423.25,32.25,39.80,36.00,20.00,MAN,9,0,0,0.00,0.00,0.00,0.00,0.00,0.00,0.00,0.00
1424.25,32.25,39.80,36.00,20.00,MAN,9,0,0,0.00,0.00,0.00,0.00,0.00,0.00,0.00,0.00
1425.25,32.25,39.80,36.00,20.00,MAN,9,0,0,0.00,0.00,0.00,0.00,0.00,0.00,0.00,0.00
1426.25,32.25,39.80,36.00,20.00,MAN,9,0,0,0.00,0.00,0.00,0.00,0.00,0.00,0.00,0.00
1427.25,32.25,39.83,36.00,20.00,MAN,9,0,0,0.00,0.00,0.00,0.00,0.00,0.00,0.00,0.00
1428.25,32.24,39.83,36.00,20.00,MAN,9,0,0,0.00,0.00,0.00,0.00,0.00,0.00,0.00,0.00
1429.25,32.24,39.83,36.00,20.00,MAN,9,0,0,0.00,0.00,0.00,0.00,0.00,0.00,0.00,0.00
1430.25,32.24,39.83,36.00,20.00,MAN,9,0,0,0.00,0.00,0.00,0.00,0.00,0.00,0.00,0.00
1431.26,32.24,39.83,36.00,20.00,MAN,9,0,0,0.00,0.00,0.00,0.00,0.00,0.00,0.00,0.00
1432.26,32.24,39.83,36.00,20.00,MAN,9,0,0,0.00,0.00,0.00,0.00,0.00,0.00,0.00,0.00
1433.26,32.23,39.83,36.00,20.00,MAN,9,0,0,0.00,0.00,0.00,0.00,0.00,0.00,0.00,0.00
1434.26,32.23,39.83,36.00,20.00,MAN,9,0,0,0.00,0.00,0.00,0.00,0.00,0.00,0.00,0.00
1435.26,32.23,39.87,36.00,20.00,MAN,9,0,0,0.00,0.00,0.00,0.00,0.00,0.00,0.00,0.00
1436.27,32.22,39.87,36.00,20.00,MAN,9,0,0,0.00,0.00,0.00,0.00,0.00,0.00,0.00,0.00
1437.27,32.22,39.87,36.00,20.00,MAN,9,0,0,0.00,0.00,0.00,0.00,0.00,0.00,0.00,0.00
1438.27,32.22,39.87,36.00,20.00,MAN,9,0,0,0.00,0.00,0.00,0.00,0.00,0.00,0.00,0.00
1439.27,32.22,39.87,36.00,20.00,MAN,9,0,0,0.00,0.00,0.00,0.00,0.00,0.00,0.00,0.00
1440.27,32.22,39.87,36.00,20.00,MAN,9,0,0,0.00,0.00,0.00,0.00,0.00,0.00,0.00,0.00
1441.27,32.20,39.87,36.00,20.00,MAN,9,0,0,0.00,0.00,0.00,0.00,0.00,0.00,0.00,0.00
1442.28,32.20,39.87,36.00,20.00,MAN,9,0,0,0.00,0.00,0.00,0.00,0.00,0.00,0.00,0.00
1443.28,32.20,39.87,36.00,20.00,MAN,9,0,0,0.00,0.00,0.00,0.00,0.00,0.00,0.00,0.00
1444.28,32.20,39.90,36.00,20.00,MAN,9,0,0,0.00,0.00,0.00,0.00,0.00,0.00,0.00,0.00
1445.28,32.20,39.90,36.00,20.00,MAN,9,0,0,0.00,0.00,0.00,0.00,0.00,0.00,0.00,0.00
1446.28,32.19,39.90,36.00,20.00,MAN,9,0,0,0.00,0.00,0.00,0.00,0.00,0.00,0.00,0.00
1447.28,32.19,39.90,36.00,20.00,MAN,9,0,0,0.00,0.00,0.00,0.00,0.00,0.00,0.00,0.00
1448.28,32.19,39.90,36.00,20.00,MAN,9,0,0,0.00,0.00,0.00,0.00,0.00,0.00,0.00,0.00
1449.29,32.18,39.90,36.00,20.00,MAN,9,0,0,0.00,0.00,0.00,0.00,0.00,0.00,0.00,0.00
1450.29,32.18,39.90,36.00,20.00,MAN,9,0,0,0.00,0.00,0.00,0.00,0.00,0.00,0.00,0.00
1451.29,32.18,39.90,36.00,20.00,MAN,9,0,0,0.00,0.00,0.00,0.00,0.00,0.00,0.00,0.00
1452.29,32.17,39.90,36.00,20.00,MAN,9,0,0,0.00,0.00,0.00,0.00,0.00,0.00,0.00,0.00
1453.29,32.18,39.94,36.00,20.00,MAN,9,0,0,0.00,0.00,0.00,0.00,0.00,0.00,0.00,0.00
1454.29,32.17,39.94,36.00,20.00,MAN,9,0,0,0.00,0.00,0.00,0.00,0.00,0.00,0.00,0.00
1455.30,32.17,39.94,36.00,20.00,MAN,9,0,0,0.00,0.00,0.00,0.00,0.00,0.00,0.00,0.00
1456.30,32.17,39.94,36.00,20.00,MAN,9,0,0,0.00,0.00,0.00,0.00,0.00,0.00,0.00,0.00
1457.30,32.16,39.94,36.00,20.00,MAN,9,0,0,0.00,0.00,0.00,0.00,0.00,0.00,0.00,0.00
1458.30,32.16,39.94,36.00,20.00,MAN,9,0,0,0.00,0.00,0.00,0.00,0.00,0.00,0.00,0.00
1459.30,32.16,39.94,36.00,20.00,MAN,9,0,0,0.00,0.00,0.00,0.00,0.00,0.00,0.00,0.00
1460.30,32.16,39.94,36.00,20.00,MAN,9,0,0,0.00,0.00,0.00,0.00,0.00,0.00,0.00,0.00
1461.31,32.16,39.94,36.00,20.00,MAN,9,0,0,0.00,0.00,0.00,0.00,0.00,0.00,0.00,0.00
1462.30,32.15,39.97,36.00,20.00,MAN,9,0,0,0.00,0.00,0.00,0.00,0.00,0.00,0.00,0.00
1463.31,32.16,39.97,36.00,20.00,MAN,9,0,0,0.00,0.00,0.00,0.00,0.00,0.00,0.00,0.00
1464.31,32.15,39.97,36.00,20.00,MAN,9,0,0,0.00,0.00,0.00,0.00,0.00,0.00,0.00,0.00
1465.31,32.15,39.97,36.00,20.00,MAN,9,0,0,0.00,0.00,0.00,0.00,0.00,0.00,0.00,0.00
1466.31,32.15,39.97,36.00,20.00,MAN,9,0,0,0.00,0.00,0.00,0.00,0.00,0.00,0.00,0.00
1467.31,32.14,39.97,36.00,20.00,MAN,9,0,0,0.00,0.00,0.00,0.00,0.00,0.00,0.00,0.00
1468.32,32.14,39.97,36.00,20.00,MAN,9,0,0,0.00,0.00,0.00,0.00,0.00,0.00,0.00,0.00
1469.32,32.14,39.97,36.00,20.00,MAN,9,0,0,0.00,0.00,0.00,0.00,0.00,0.00,0.00,0.00
1470.33,32.13,39.97,36.00,20.00,MAN,9,0,0,0.00,0.00,0.00,0.00,0.00,0.00,0.00,0.00
1471.32,32.14,39.97,36.00,20.00,MAN,9,0,0,0.00,0.00,0.00,0.00,0.00,0.00,0.00,0.00
1472.32,32.13,40.00,36.00,20.00,MAN,9,0,0,0.00,0.00,0.00,0.00,0.00,0.00,0.00,0.00
1473.32,32.13,40.00,36.00,20.00,MAN,9,0,0,0.00,0.00,0.00,0.00,0.00,0.00,0.00,0.00
1474.33,32.13,40.00,36.00,20.00,MAN,9,0,0,0.00,0.00,0.00,0.00,0.00,0.00,0.00,0.00
1475.32,32.13,40.00,36.00,20.00,MAN,9,0,0,0.00,0.00,0.00,0.00,0.00,0.00,0.00,0.00
1476.33,32.12,40.00,36.00,20.00,MAN,9,0,0,0.00,0.00,0.00,0.00,0.00,0.00,0.00,0.00
1477.33,32.12,40.00,36.00,20.00,MAN,9,0,0,0.00,0.00,0.00,0.00,0.00,0.00,0.00,0.00
1478.33,32.12,40.00,36.00,20.00,MAN,9,0,0,0.00,0.00,0.00,0.00,0.00,0.00,0.00,0.00
1479.33,32.12,40.00,36.00,20.00,MAN,9,0,0,0.00,0.00,0.00,0.00,0.00,0.00,0.00,0.00
1480.33,32.12,40.00,36.00,20.00,MAN,9,0,0,0.00,0.00,0.00,0.00,0.00,0.00,0.00,0.00
1481.34,32.11,40.00,36.00,20.00,MAN,9,0,0,0.00,0.00,0.00,0.00,0.00,0.00,0.00,0.00
1482.34,32.12,40.00,36.00,20.00,MAN,9,0,0,0.00,0.00,0.00,0.00,0.00,0.00,0.00,0.00
1483.34,32.12,40.04,36.00,20.00,MAN,9,0,0,0.00,0.00,0.00,0.00,0.00,0.00,0.00,0.00
1484.34,32.11,40.04,36.00,20.00,MAN,9,0,0,0.00,0.00,0.00,0.00,0.00,0.00,0.00,0.00
1485.34,32.11,40.04,36.00,20.00,MAN,9,0,0,0.00,0.00,0.00,0.00,0.00,0.00,0.00,0.00
1486.34,32.11,40.04,36.00,20.00,MAN,9,0,0,0.00,0.00,0.00,0.00,0.00,0.00,0.00,0.00
1487.35,32.10,40.01,36.00,20.00,MAN,9,0,0,0.00,0.00,0.00,0.00,0.00,0.00,0.00,0.00
1488.35,32.10,40.04,36.00,20.00,MAN,9,0,0,0.00,0.00,0.00,0.00,0.00,0.00,0.00,0.00
1489.35,32.10,40.07,36.00,20.00,MAN,9,0,0,0.00,0.00,0.00,0.00,0.00,0.00,0.00,0.00
1490.35,32.10,40.07,36.00,20.00,MAN,9,0,0,0.00,0.00,0.00,0.00,0.00,0.00,0.00,0.00
1491.35,32.10,40.05,36.00,20.00,MAN,9,0,0,0.00,0.00,0.00,0.00,0.00,0.00,0.00,0.00
1492.35,32.09,40.05,36.00,20.00,MAN,9,0,0,0.00,0.00,0.00,0.00,0.00,0.00,0.00,0.00
1493.36,32.09,40.05,36.00,20.00,MAN,9,0,0,0.00,0.00,0.00,0.00,0.00,0.00,0.00,0.00
1494.36,32.09,40.05,36.00,20.00,MAN,9,0,0,0.00,0.00,0.00,0.00,0.00,0.00,0.00,0.00
1495.36,32.09,40.05,36.00,20.00,MAN,9,0,0,0.00,0.00,0.00,0.00,0.00,0.00,0.00,0.00
1496.36,32.08,40.05,36.00,20.00,MAN,9,0,0,0.00,0.00,0.00,0.00,0.00,0.00,0.00,0.00
1497.36,32.08,40.05,36.00,20.00,MAN,9,0,0,0.00,0.00,0.00,0.00,0.00,0.00,0.00,0.00
1498.36,32.08,40.05,36.00,20.00,MAN,9,0,0,0.00,0.00,0.00,0.00,0.00,0.00,0.00,0.00
1499.36,32.08,40.05,36.00,20.00,MAN,9,0,0,0.00,0.00,0.00,0.00,0.00,0.00,0.00,0.00
1500.37,32.07,40.08,36.00,20.00,MAN,9,0,0,0.00,0.00,0.00,0.00,0.00,0.00,0.00,0.00
1501.37,32.07,40.08,36.00,20.00,MAN,9,0,0,0.00,0.00,0.00,0.00,0.00,0.00,0.00,0.00
1502.37,32.07,40.05,36.00,20.00,MAN,9,0,0,0.00,0.00,0.00,0.00,0.00,0.00,0.00,0.00
1503.37,32.07,40.08,36.00,20.00,MAN,9,0,0,0.00,0.00,0.00,0.00,0.00,0.00,0.00,0.00
1504.37,32.05,40.08,36.00,20.00,MAN,9,0,0,0.00,0.00,0.00,0.00,0.00,0.00,0.00,0.00
1505.37,32.05,40.08,36.00,20.00,MAN,9,0,0,0.00,0.00,0.00,0.00,0.00,0.00,0.00,0.00
1506.38,32.05,40.08,36.00,20.00,MAN,9,0,0,0.00,0.00,0.00,0.00,0.00,0.00,0.00,0.00
1507.38,32.05,40.08,36.00,20.00,MAN,9,0,0,0.00,0.00,0.00,0.00,0.00,0.00,0.00,0.00
1508.38,32.05,40.08,36.00,20.00,MAN,9,0,0,0.00,0.00,0.00,0.00,0.00,0.00,0.00,0.00
1509.38,32.05,40.08,36.00,20.00,MAN,9,0,0,0.00,0.00,0.00,0.00,0.00,0.00,0.00,0.00
1510.38,32.04,40.08,36.00,20.00,MAN,9,0,0,0.00,0.00,0.00,0.00,0.00,0.00,0.00,0.00
1511.39,32.04,40.12,36.00,20.00,MAN,9,0,0,0.00,0.00,0.00,0.00,0.00,0.00,0.00,0.00
1512.38,32.04,40.12,36.00,20.00,MAN,9,0,0,0.00,0.00,0.00,0.00,0.00,0.00,0.00,0.00
1513.39,32.04,40.12,36.00,20.00,MAN,9,0,0,0.00,0.00,0.00,0.00,0.00,0.00,0.00,0.00
1514.39,32.04,40.12,36.00,20.00,MAN,9,0,0,0.00,0.00,0.00,0.00,0.00,0.00,0.00,0.00
1515.39,32.03,40.12,36.00,20.00,MAN,9,0,0,0.00,0.00,0.00,0.00,0.00,0.00,0.00,0.00
1516.39,32.03,40.12,36.00,20.00,MAN,9,0,0,0.00,0.00,0.00,0.00,0.00,0.00,0.00,0.00
1517.39,32.03,40.12,36.00,20.00,MAN,9,0,0,0.00,0.00,0.00,0.00,0.00,0.00,0.00,0.00
1518.39,32.03,40.12,36.00,20.00,MAN,9,0,0,0.00,0.00,0.00,0.00,0.00,0.00,0.00,0.00
1519.40,32.03,40.12,36.00,20.00,MAN,9,0,0,0.00,0.00,0.00,0.00,0.00,0.00,0.00,0.00
1520.40,32.02,40.12,36.00,20.00,MAN,9,0,0,0.00,0.00,0.00,0.00,0.00,0.00,0.00,0.00
1521.40,32.02,40.12,36.00,20.00,MAN,9,0,0,0.00,0.00,0.00,0.00,0.00,0.00,0.00,0.00
1522.40,32.02,40.15,36.00,20.00,MAN,9,0,0,0.00,0.00,0.00,0.00,0.00,0.00,0.00,0.00
1523.40,32.01,40.15,36.00,20.00,MAN,9,0,0,0.00,0.00,0.00,0.00,0.00,0.00,0.00,0.00
1524.40,32.01,40.15,36.00,20.00,MAN,9,0,0,0.00,0.00,0.00,0.00,0.00,0.00,0.00,0.00
1525.40,32.01,40.15,36.00,20.00,MAN,9,0,0,0.00,0.00,0.00,0.00,0.00,0.00,0.00,0.00
1526.41,32.01,40.15,36.00,20.00,MAN,9,0,0,0.00,0.00,0.00,0.00,0.00,0.00,0.00,0.00
1527.41,32.00,40.15,36.00,20.00,MAN,9,0,0,0.00,0.00,0.00,0.00,0.00,0.00,0.00,0.00
1528.41,32.00,40.15,36.00,20.00,MAN,9,0,0,0.00,0.00,0.00,0.00,0.00,0.00,0.00,0.00
1529.41,32.00,40.15,36.00,20.00,MAN,9,0,0,0.00,0.00,0.00,0.00,0.00,0.00,0.00,0.00
1530.41,32.00,40.15,36.00,20.00,MAN,9,0,0,0.00,0.00,0.00,0.00,0.00,0.00,0.00,0.00
1531.41,32.00,40.15,36.00,20.00,MAN,9,0,0,0.00,0.00,0.00,0.00,0.00,0.00,0.00,0.00
1532.42,32.00,40.15,36.00,20.00,MAN,9,0,0,0.00,0.00,0.00,0.00,0.00,0.00,0.00,0.00
1533.42,32.00,40.18,36.00,20.00,MAN,9,0,0,0.00,0.00,0.00,0.00,0.00,0.00,0.00,0.00
1534.42,31.99,40.18,36.00,20.00,MAN,9,0,0,0.00,0.00,0.00,0.00,0.00,0.00,0.00,0.00
1535.42,31.99,40.18,36.00,20.00,MAN,9,0,0,0.00,0.00,0.00,0.00,0.00,0.00,0.00,0.00
1536.42,31.99,40.18,36.00,20.00,MAN,9,0,0,0.00,0.00,0.00,0.00,0.00,0.00,0.00,0.00
1537.42,31.99,40.18,36.00,20.00,MAN,9,0,0,0.00,0.00,0.00,0.00,0.00,0.00,0.00,0.00
1538.43,31.99,40.18,36.00,20.00,MAN,9,0,0,0.00,0.00,0.00,0.00,0.00,0.00,0.00,0.00
1539.43,31.98,40.18,36.00,20.00,MAN,9,0,0,0.00,0.00,0.00,0.00,0.00,0.00,0.00,0.00
1540.43,31.98,40.18,36.00,20.00,MAN,9,0,0,0.00,0.00,0.00,0.00,0.00,0.00,0.00,0.00
1541.43,31.98,40.18,36.00,20.00,MAN,9,0,0,0.00,0.00,0.00,0.00,0.00,0.00,0.00,0.00
1542.43,31.98,40.18,36.00,20.00,MAN,9,0,0,0.00,0.00,0.00,0.00,0.00,0.00,0.00,0.00
1543.44,31.97,40.22,36.00,20.00,MAN,9,0,0,0.00,0.00,0.00,0.00,0.00,0.00,0.00,0.00
1544.43,31.97,40.22,36.00,20.00,MAN,9,0,0,0.00,0.00,0.00,0.00,0.00,0.00,0.00,0.00
1545.44,31.97,40.22,36.00,20.00,MAN,9,0,0,0.00,0.00,0.00,0.00,0.00,0.00,0.00,0.00
1546.44,31.97,40.22,36.00,20.00,MAN,9,0,0,0.00,0.00,0.00,0.00,0.00,0.00,0.00,0.00
1547.44,31.97,40.22,36.00,20.00,MAN,9,0,0,0.00,0.00,0.00,0.00,0.00,0.00,0.00,0.00
1548.44,31.96,40.22,36.00,20.00,MAN,9,0,0,0.00,0.00,0.00,0.00,0.00,0.00,0.00,0.00
1549.44,31.96,40.22,36.00,20.00,MAN,9,0,0,0.00,0.00,0.00,0.00,0.00,0.00,0.00,0.00
1550.44,31.96,40.22,36.00,20.00,MAN,9,0,0,0.00,0.00,0.00,0.00,0.00,0.00,0.00,0.00
1551.45,31.96,40.22,36.00,20.00,MAN,9,0,0,0.00,0.00,0.00,0.00,0.00,0.00,0.00,0.00
1552.45,31.95,40.22,36.00,20.00,MAN,9,0,0,0.00,0.00,0.00,0.00,0.00,0.00,0.00,0.00
1553.45,31.95,40.22,36.00,20.00,MAN,9,0,0,0.00,0.00,0.00,0.00,0.00,0.00,0.00,0.00
1554.45,31.95,40.25,36.00,20.00,MAN,9,0,0,0.00,0.00,0.00,0.00,0.00,0.00,0.00,0.00
1555.45,31.95,40.25,36.00,20.00,MAN,9,0,0,0.00,0.00,0.00,0.00,0.00,0.00,0.00,0.00
1556.46,31.94,40.25,36.00,20.00,MAN,9,0,0,0.00,0.00,0.00,0.00,0.00,0.00,0.00,0.00
1557.46,31.94,40.25,36.00,20.00,MAN,9,0,0,0.00,0.00,0.00,0.00,0.00,0.00,0.00,0.00
1558.46,31.94,40.25,36.00,20.00,MAN,9,0,0,0.00,0.00,0.00,0.00,0.00,0.00,0.00,0.00
1559.46,31.94,40.25,36.00,20.00,MAN,9,0,0,0.00,0.00,0.00,0.00,0.00,0.00,0.00,0.00
1560.46,31.94,40.25,36.00,20.00,MAN,9,0,0,0.00,0.00,0.00,0.00,0.00,0.00,0.00,0.00
1561.47,31.94,40.25,36.00,20.00,MAN,9,0,0,0.00,0.00,0.00,0.00,0.00,0.00,0.00,0.00
1562.46,31.94,40.25,36.00,20.00,MAN,9,0,0,0.00,0.00,0.00,0.00,0.00,0.00,0.00,0.00
1563.46,31.94,40.25,36.00,20.00,MAN,9,0,0,0.00,0.00,0.00,0.00,0.00,0.00,0.00,0.00
1564.47,31.94,40.25,36.00,20.00,MAN,9,0,0,0.00,0.00,0.00,0.00,0.00,0.00,0.00,0.00
1565.47,31.94,40.29,36.00,20.00,MAN,9,0,0,0.00,0.00,0.00,0.00,0.00,0.00,0.00,0.00
1566.47,31.94,40.29,36.00,20.00,MAN,9,0,0,0.00,0.00,0.00,0.00,0.00,0.00,0.00,0.00
1567.47,31.94,40.29,36.00,20.00,MAN,9,0,0,0.00,0.00,0.00,0.00,0.00,0.00,0.00,0.00
1568.47,31.94,40.29,36.00,20.00,MAN,9,0,0,0.00,0.00,0.00,0.00,0.00,0.00,0.00,0.00
1569.47,31.94,40.29,36.00,20.00,MAN,9,0,0,0.00,0.00,0.00,0.00,0.00,0.00,0.00,0.00
1570.48,31.94,40.29,36.00,20.00,MAN,9,0,0,0.00,0.00,0.00,0.00,0.00,0.00,0.00,0.00
1571.48,31.94,40.29,36.00,20.00,MAN,9,0,0,0.00,0.00,0.00,0.00,0.00,0.00,0.00,0.00
1572.48,31.93,40.29,36.00,20.00,MAN,9,0,0,0.00,0.00,0.00,0.00,0.00,0.00,0.00,0.00
1573.48,31.93,40.29,36.00,20.00,MAN,9,0,0,0.00,0.00,0.00,0.00,0.00,0.00,0.00,0.00
1574.48,31.93,40.29,36.00,20.00,MAN,9,0,0,0.00,0.00,0.00,0.00,0.00,0.00,0.00,0.00
1575.48,31.92,40.26,36.00,20.00,MAN,9,0,0,0.00,0.00,0.00,0.00,0.00,0.00,0.00,0.00
1576.49,31.93,40.29,36.00,20.00,MAN,9,0,0,0.00,0.00,0.00,0.00,0.00,0.00,0.00,0.00
1577.49,31.92,40.29,36.00,20.00,MAN,9,0,0,0.00,0.00,0.00,0.00,0.00,0.00,0.00,0.00
1578.49,31.92,40.29,36.00,20.00,MAN,9,0,0,0.00,0.00,0.00,0.00,0.00,0.00,0.00,0.00
1579.49,31.92,40.30,36.00,20.00,MAN,9,0,0,0.00,0.00,0.00,0.00,0.00,0.00,0.00,0.00
1580.49,31.90,40.30,36.00,20.00,MAN,9,0,0,0.00,0.00,0.00,0.00,0.00,0.00,0.00,0.00
1581.49,31.90,40.30,36.00,20.00,MAN,9,0,0,0.00,0.00,0.00,0.00,0.00,0.00,0.00,0.00
1582.50,31.90,40.30,36.00,20.00,MAN,9,0,0,0.00,0.00,0.00,0.00,0.00,0.00,0.00,0.00
1583.50,31.89,40.30,36.00,20.00,MAN,9,0,0,0.00,0.00,0.00,0.00,0.00,0.00,0.00,0.00
1584.50,31.89,40.30,36.00,20.00,MAN,9,0,0,0.00,0.00,0.00,0.00,0.00,0.00,0.00,0.00
1585.50,31.89,40.30,36.00,20.00,MAN,9,0,0,0.00,0.00,0.00,0.00,0.00,0.00,0.00,0.00
1586.50,31.89,40.33,36.00,20.00,MAN,9,0,0,0.00,0.00,0.00,0.00,0.00,0.00,0.00,0.00
1587.50,31.89,40.33,36.00,20.00,MAN,9,0,0,0.00,0.00,0.00,0.00,0.00,0.00,0.00,0.00
1588.51,31.89,40.30,36.00,20.00,MAN,9,0,0,0.00,0.00,0.00,0.00,0.00,0.00,0.00,0.00
1589.50,31.88,40.33,36.00,20.00,MAN,9,0,0,0.00,0.00,0.00,0.00,0.00,0.00,0.00,0.00
1590.51,31.89,40.33,36.00,20.00,MAN,9,0,0,0.00,0.00,0.00,0.00,0.00,0.00,0.00,0.00
1591.51,31.88,40.33,36.00,20.00,MAN,9,0,0,0.00,0.00,0.00,0.00,0.00,0.00,0.00,0.00
1592.51,31.88,40.33,36.00,20.00,MAN,9,0,0,0.00,0.00,0.00,0.00,0.00,0.00,0.00,0.00
1593.52,31.87,40.33,36.00,20.00,MAN,9,0,0,0.00,0.00,0.00,0.00,0.00,0.00,0.00,0.00
1594.51,31.87,40.33,36.00,20.00,MAN,9,0,0,0.00,0.00,0.00,0.00,0.00,0.00,0.00,0.00
1595.51,31.87,40.33,36.00,20.00,MAN,9,0,0,0.00,0.00,0.00,0.00,0.00,0.00,0.00,0.00
1596.52,31.87,40.33,36.00,20.00,MAN,9,0,0,0.00,0.00,0.00,0.00,0.00,0.00,0.00,0.00
1597.52,31.86,40.36,36.00,20.00,MAN,9,0,0,0.00,0.00,0.00,0.00,0.00,0.00,0.00,0.00
1598.52,31.87,40.36,36.00,20.00,MAN,9,0,0,0.00,0.00,0.00,0.00,0.00,0.00,0.00,0.00
1599.52,31.87,40.36,36.00,20.00,MAN,9,0,0,0.00,0.00,0.00,0.00,0.00,0.00,0.00,0.00
1600.52,31.86,40.33,36.00,20.00,MAN,9,0,0,0.00,0.00,0.00,0.00,0.00,0.00,0.00,0.00
1601.52,31.86,40.36,36.00,20.00,MAN,9,0,0,0.00,0.00,0.00,0.00,0.00,0.00,0.00,0.00
1602.53,31.86,40.36,36.00,20.00,MAN,9,0,0,0.00,0.00,0.00,0.00,0.00,0.00,0.00,0.00
1603.53,31.85,40.36,36.00,20.00,MAN,9,0,0,0.00,0.00,0.00,0.00,0.00,0.00,0.00,0.00
1604.53,31.85,40.36,36.00,20.00,MAN,9,0,0,0.00,0.00,0.00,0.00,0.00,0.00,0.00,0.00
1605.53,31.85,40.36,36.00,20.00,MAN,9,0,0,0.00,0.00,0.00,0.00,0.00,0.00,0.00,0.00
1606.53,31.85,40.36,36.00,20.00,MAN,9,0,0,0.00,0.00,0.00,0.00,0.00,0.00,0.00,0.00
1607.54,31.85,40.36,36.00,20.00,MAN,9,0,0,0.00,0.00,0.00,0.00,0.00,0.00,0.00,0.00
1608.53,31.84,40.36,36.00,20.00,MAN,9,0,0,0.00,0.00,0.00,0.00,0.00,0.00,0.00,0.00
1609.54,31.84,40.36,36.00,20.00,MAN,9,0,0,0.00,0.00,0.00,0.00,0.00,0.00,0.00,0.00
1610.54,31.84,40.36,36.00,20.00,MAN,9,0,0,0.00,0.00,0.00,0.00,0.00,0.00,0.00,0.00
1611.54,31.84,40.36,36.00,20.00,MAN,9,0,0,0.00,0.00,0.00,0.00,0.00,0.00,0.00,0.00
1612.54,31.84,40.36,36.00,20.00,MAN,9,0,0,0.00,0.00,0.00,0.00,0.00,0.00,0.00,0.00
1613.54,31.83,40.36,36.00,20.00,MAN,9,0,0,0.00,0.00,0.00,0.00,0.00,0.00,0.00,0.00
1614.55,31.84,40.36,36.00,20.00,MAN,9,0,0,0.00,0.00,0.00,0.00,0.00,0.00,0.00,0.00
1615.55,31.83,40.36,36.00,20.00,MAN,9,0,0,0.00,0.00,0.00,0.00,0.00,0.00,0.00,0.00
1616.55,31.83,40.36,36.00,20.00,MAN,9,0,0,0.00,0.00,0.00,0.00,0.00,0.00,0.00,0.00
1617.55,31.83,40.40,36.00,20.00,MAN,9,0,0,0.00,0.00,0.00,0.00,0.00,0.00,0.00,0.00
1618.55,31.83,40.40,36.00,20.00,MAN,9,0,0,0.00,0.00,0.00,0.00,0.00,0.00,0.00,0.00
1619.55,31.82,40.40,36.00,20.00,MAN,9,0,0,0.00,0.00,0.00,0.00,0.00,0.00,0.00,0.00
1620.56,31.82,40.40,36.00,20.00,MAN,9,0,0,0.00,0.00,0.00,0.00,0.00,0.00,0.00,0.00
1621.56,31.82,40.40,36.00,20.00,MAN,9,0,0,0.00,0.00,0.00,0.00,0.00,0.00,0.00,0.00
1622.56,31.81,40.40,36.00,20.00,MAN,9,0,0,0.00,0.00,0.00,0.00,0.00,0.00,0.00,0.00
1623.56,31.81,40.40,36.00,20.00,MAN,9,0,0,0.00,0.00,0.00,0.00,0.00,0.00,0.00,0.00
1624.56,31.81,40.40,36.00,20.00,MAN,9,0,0,0.00,0.00,0.00,0.00,0.00,0.00,0.00,0.00
1625.56,31.81,40.47,36.00,20.00,MAN,9,0,0,0.00,0.00,0.00,0.00,0.00,0.00,0.00,0.00
1626.56,31.81,40.47,36.00,20.00,MAN,9,0,0,0.00,0.00,0.00,0.00,0.00,0.00,0.00,0.00
1627.56,31.81,40.47,36.00,20.00,MAN,9,0,0,0.00,0.00,0.00,0.00,0.00,0.00,0.00,0.00
1628.57,31.81,40.47,36.00,20.00,MAN,9,0,0,0.00,0.00,0.00,0.00,0.00,0.00,0.00,0.00
1629.57,31.80,40.47,36.00,20.00,MAN,9,0,0,0.00,0.00,0.00,0.00,0.00,0.00,0.00,0.00
1630.57,31.80,40.47,36.00,20.00,MAN,9,0,0,0.00,0.00,0.00,0.00,0.00,0.00,0.00,0.00
1631.57,31.80,40.47,36.00,20.00,MAN,9,0,0,0.00,0.00,0.00,0.00,0.00,0.00,0.00,0.00
1632.57,31.80,40.47,36.00,20.00,MAN,9,0,0,0.00,0.00,0.00,0.00,0.00,0.00,0.00,0.00
1633.58,31.79,40.47,36.00,20.00,MAN,9,0,0,0.00,0.00,0.00,0.00,0.00,0.00,0.00,0.00
1634.58,31.79,40.47,36.00,20.00,MAN,9,0,0,0.00,0.00,0.00,0.00,0.00,0.00,0.00,0.00
1635.58,31.79,40.47,36.00,20.00,MAN,9,0,0,0.00,0.00,0.00,0.00,0.00,0.00,0.00,0.00
1636.58,31.79,40.47,36.00,20.00,MAN,9,0,0,0.00,0.00,0.00,0.00,0.00,0.00,0.00,0.00
1637.58,31.79,40.47,36.00,20.00,MAN,9,0,0,0.00,0.00,0.00,0.00,0.00,0.00,0.00,0.00
1638.58,31.79,40.47,36.00,20.00,MAN,9,0,0,0.00,0.00,0.00,0.00,0.00,0.00,0.00,0.00
1639.58,31.78,40.50,36.00,20.00,MAN,9,0,0,0.00,0.00,0.00,0.00,0.00,0.00,0.00,0.00
1640.58,31.78,40.50,36.00,20.00,MAN,9,0,0,0.00,0.00,0.00,0.00,0.00,0.00,0.00,0.00
1641.59,31.78,40.50,36.00,20.00,MAN,9,0,0,0.00,0.00,0.00,0.00,0.00,0.00,0.00,0.00
1642.59,31.78,40.50,36.00,20.00,MAN,9,0,0,0.00,0.00,0.00,0.00,0.00,0.00,0.00,0.00
1643.59,31.78,40.50,36.00,20.00,MAN,9,0,0,0.00,0.00,0.00,0.00,0.00,0.00,0.00,0.00
1644.59,31.76,40.50,36.00,20.00,MAN,9,0,0,0.00,0.00,0.00,0.00,0.00,0.00,0.00,0.00
1645.59,31.76,40.50,36.00,20.00,MAN,9,0,0,0.00,0.00,0.00,0.00,0.00,0.00,0.00,0.00
1646.60,31.76,40.50,36.00,20.00,MAN,9,0,0,0.00,0.00,0.00,0.00,0.00,0.00,0.00,0.00
1647.60,31.76,40.48,36.00,20.00,MAN,9,0,0,0.00,0.00,0.00,0.00,0.00,0.00,0.00,0.00
1648.60,31.76,40.48,36.00,20.00,MAN,9,0,0,0.00,0.00,0.00,0.00,0.00,0.00,0.00,0.00
1649.60,31.76,40.48,36.00,20.00,MAN,9,0,0,0.00,0.00,0.00,0.00,0.00,0.00,0.00,0.00
1650.60,31.75,40.48,36.00,20.00,MAN,9,0,0,0.00,0.00,0.00,0.00,0.00,0.00,0.00,0.00
1651.60,31.75,40.52,36.00,20.00,MAN,9,0,0,0.00,0.00,0.00,0.00,0.00,0.00,0.00,0.00
1652.61,31.75,40.52,36.00,20.00,MAN,9,0,0,0.00,0.00,0.00,0.00,0.00,0.00,0.00,0.00
1653.61,31.75,40.52,36.00,20.00,MAN,9,0,0,0.00,0.00,0.00,0.00,0.00,0.00,0.00,0.00
1654.61,31.75,40.52,36.00,20.00,MAN,9,0,0,0.00,0.00,0.00,0.00,0.00,0.00,0.00,0.00
1655.61,31.74,40.52,36.00,20.00,MAN,9,0,0,0.00,0.00,0.00,0.00,0.00,0.00,0.00,0.00
1656.61,31.74,40.52,36.00,20.00,MAN,9,0,0,0.00,0.00,0.00,0.00,0.00,0.00,0.00,0.00
1657.61,31.74,40.52,36.00,20.00,MAN,9,0,0,0.00,0.00,0.00,0.00,0.00,0.00,0.00,0.00
1658.61,31.74,40.52,36.00,20.00,MAN,9,0,0,0.00,0.00,0.00,0.00,0.00,0.00,0.00,0.00
1659.62,31.74,40.52,36.00,20.00,MAN,9,0,0,0.00,0.00,0.00,0.00,0.00,0.00,0.00,0.00
1660.62,31.73,40.52,36.00,20.00,MAN,9,0,0,0.00,0.00,0.00,0.00,0.00,0.00,0.00,0.00
1661.62,31.73,40.52,36.00,20.00,MAN,9,0,0,0.00,0.00,0.00,0.00,0.00,0.00,0.00,0.00
1662.62,31.73,40.52,36.00,20.00,MAN,9,0,0,0.00,0.00,0.00,0.00,0.00,0.00,0.00,0.00
1663.62,31.73,40.52,36.00,20.00,MAN,9,0,0,0.00,0.00,0.00,0.00,0.00,0.00,0.00,0.00
1664.62,31.73,40.52,36.00,20.00,MAN,9,0,0,0.00,0.00,0.00,0.00,0.00,0.00,0.00,0.00
1665.63,31.73,40.52,36.00,20.00,MAN,9,0,0,0.00,0.00,0.00,0.00,0.00,0.00,0.00,0.00
1666.63,31.72,40.55,36.00,20.00,MAN,9,0,0,0.00,0.00,0.00,0.00,0.00,0.00,0.00,0.00
1667.63,31.72,40.55,36.00,20.00,MAN,9,0,0,0.00,0.00,0.00,0.00,0.00,0.00,0.00,0.00
1668.63,31.72,40.55,36.00,20.00,MAN,9,0,0,0.00,0.00,0.00,0.00,0.00,0.00,0.00,0.00
1669.63,31.72,40.55,36.00,20.00,MAN,9,0,0,0.00,0.00,0.00,0.00,0.00,0.00,0.00,0.00
1670.63,31.72,40.55,36.00,20.00,MAN,9,0,0,0.00,0.00,0.00,0.00,0.00,0.00,0.00,0.00
1671.63,31.71,40.55,36.00,20.00,MAN,9,0,0,0.00,0.00,0.00,0.00,0.00,0.00,0.00,0.00
1672.63,31.71,40.55,36.00,20.00,MAN,9,0,0,0.00,0.00,0.00,0.00,0.00,0.00,0.00,0.00
1673.64,31.71,40.55,36.00,20.00,MAN,9,0,0,0.00,0.00,0.00,0.00,0.00,0.00,0.00,0.00
1674.64,31.71,40.55,36.00,20.00,MAN,9,0,0,0.00,0.00,0.00,0.00,0.00,0.00,0.00,0.00
1675.64,31.71,40.55,36.00,20.00,MAN,9,0,0,0.00,0.00,0.00,0.00,0.00,0.00,0.00,0.00
1676.64,31.70,40.55,36.00,20.00,MAN,9,0,0,0.00,0.00,0.00,0.00,0.00,0.00,0.00,0.00
1677.64,31.71,40.55,36.00,20.00,MAN,9,0,0,0.00,0.00,0.00,0.00,0.00,0.00,0.00,0.00
1678.65,31.70,40.58,36.00,20.00,MAN,9,0,0,0.00,0.00,0.00,0.00,0.00,0.00,0.00,0.00
1679.65,31.70,40.58,36.00,20.00,MAN,9,0,0,0.00,0.00,0.00,0.00,0.00,0.00,0.00,0.00
1680.65,31.70,40.58,36.00,20.00,MAN,9,0,0,0.00,0.00,0.00,0.00,0.00,0.00,0.00,0.00
1681.65,31.70,40.58,36.00,20.00,MAN,9,0,0,0.00,0.00,0.00,0.00,0.00,0.00,0.00,0.00
1682.65,31.70,40.58,36.00,20.00,MAN,9,0,0,0.00,0.00,0.00,0.00,0.00,0.00,0.00,0.00
1683.65,31.69,40.58,36.00,20.00,MAN,9,0,0,0.00,0.00,0.00,0.00,0.00,0.00,0.00,0.00
1684.66,31.69,40.58,36.00,20.00,MAN,9,0,0,0.00,0.00,0.00,0.00,0.00,0.00,0.00,0.00
1685.66,31.69,40.58,36.00,20.00,MAN,9,0,0,0.00,0.00,0.00,0.00,0.00,0.00,0.00,0.00
1686.66,31.69,40.58,36.00,20.00,MAN,9,0,0,0.00,0.00,0.00,0.00,0.00,0.00,0.00,0.00
1687.66,31.68,40.58,36.00,20.00,MAN,9,0,0,0.00,0.00,0.00,0.00,0.00,0.00,0.00,0.00
1688.66,31.68,40.58,36.00,20.00,MAN,9,0,0,0.00,0.00,0.00,0.00,0.00,0.00,0.00,0.00
1689.67,31.68,40.58,36.00,20.00,MAN,9,0,0,0.00,0.00,0.00,0.00,0.00,0.00,0.00,0.00
1690.66,31.68,40.58,36.00,20.00,MAN,9,0,0,0.00,0.00,0.00,0.00,0.00,0.00,0.00,0.00
1691.67,31.68,40.58,36.00,20.00,MAN,9,0,0,0.00,0.00,0.00,0.00,0.00,0.00,0.00,0.00
1692.67,31.68,40.62,36.00,20.00,MAN,9,0,0,0.00,0.00,0.00,0.00,0.00,0.00,0.00,0.00
1693.67,31.67,40.62,36.00,20.00,MAN,9,0,0,0.00,0.00,0.00,0.00,0.00,0.00,0.00,0.00
1694.67,31.67,40.62,36.00,20.00,MAN,9,0,0,0.00,0.00,0.00,0.00,0.00,0.00,0.00,0.00
1695.67,31.67,40.62,36.00,20.00,MAN,9,0,0,0.00,0.00,0.00,0.00,0.00,0.00,0.00,0.00
1696.67,31.67,40.62,36.00,20.00,MAN,9,0,0,0.00,0.00,0.00,0.00,0.00,0.00,0.00,0.00
1697.68,31.67,40.62,36.00,20.00,MAN,9,0,0,0.00,0.00,0.00,0.00,0.00,0.00,0.00,0.00
1698.68,31.66,40.62,36.00,20.00,MAN,9,0,0,0.00,0.00,0.00,0.00,0.00,0.00,0.00,0.00
1699.68,31.66,40.62,36.00,20.00,MAN,9,0,0,0.00,0.00,0.00,0.00,0.00,0.00,0.00,0.00
1700.68,31.66,40.62,36.00,20.00,MAN,9,0,0,0.00,0.00,0.00,0.00,0.00,0.00,0.00,0.00
1701.68,31.66,40.65,36.00,20.00,MAN,9,0,0,0.00,0.00,0.00,0.00,0.00,0.00,0.00,0.00
1702.68,31.66,40.65,36.00,20.00,MAN,9,0,0,0.00,0.00,0.00,0.00,0.00,0.00,0.00,0.00
1703.69,31.66,40.65,36.00,20.00,MAN,9,0,0,0.00,0.00,0.00,0.00,0.00,0.00,0.00,0.00
1704.69,31.66,40.65,36.00,20.00,MAN,9,0,0,0.00,0.00,0.00,0.00,0.00,0.00,0.00,0.00
1705.69,31.66,40.65,36.00,20.00,MAN,9,0,0,0.00,0.00,0.00,0.00,0.00,0.00,0.00,0.00
1706.69,31.66,40.65,36.00,20.00,MAN,9,0,0,0.00,0.00,0.00,0.00,0.00,0.00,0.00,0.00
1707.69,31.65,40.65,36.00,20.00,MAN,9,0,0,0.00,0.00,0.00,0.00,0.00,0.00,0.00,0.00
1708.69,31.65,40.65,36.00,20.00,MAN,9,0,0,0.00,0.00,0.00,0.00,0.00,0.00,0.00,0.00
1709.69,31.65,40.65,36.00,20.00,MAN,9,0,0,0.00,0.00,0.00,0.00,0.00,0.00,0.00,0.00
1710.70,31.65,40.65,36.00,20.00,MAN,9,0,0,0.00,0.00,0.00,0.00,0.00,0.00,0.00,0.00
1711.70,31.65,40.65,36.00,20.00,MAN,9,0,0,0.00,0.00,0.00,0.00,0.00,0.00,0.00,0.00
1712.70,31.65,40.65,36.00,20.00,MAN,9,0,0,0.00,0.00,0.00,0.00,0.00,0.00,0.00,0.00
1713.70,31.64,40.65,36.00,20.00,MAN,9,0,0,0.00,0.00,0.00,0.00,0.00,0.00,0.00,0.00
1714.70,31.64,40.65,36.00,20.00,MAN,9,0,0,0.00,0.00,0.00,0.00,0.00,0.00,0.00,0.00
1715.70,31.63,40.65,36.00,20.00,MAN,9,0,0,0.00,0.00,0.00,0.00,0.00,0.00,0.00,0.00
1716.71,31.64,40.65,36.00,20.00,MAN,9,0,0,0.00,0.00,0.00,0.00,0.00,0.00,0.00,0.00
1717.71,31.64,40.65,36.00,20.00,MAN,9,0,0,0.00,0.00,0.00,0.00,0.00,0.00,0.00,0.00
1718.71,31.64,40.65,36.00,20.00,MAN,9,0,0,0.00,0.00,0.00,0.00,0.00,0.00,0.00,0.00
1719.71,31.63,40.65,36.00,20.00,MAN,9,0,0,0.00,0.00,0.00,0.00,0.00,0.00,0.00,0.00
1720.71,31.63,40.68,36.00,20.00,MAN,9,0,0,0.00,0.00,0.00,0.00,0.00,0.00,0.00,0.00
1721.72,31.63,40.68,36.00,20.00,MAN,9,0,0,0.00,0.00,0.00,0.00,0.00,0.00,0.00,0.00
1722.71,31.63,40.68,36.00,20.00,MAN,9,0,0,0.00,0.00,0.00,0.00,0.00,0.00,0.00,0.00
1723.72,31.63,40.68,36.00,20.00,MAN,9,0,0,0.00,0.00,0.00,0.00,0.00,0.00,0.00,0.00
1724.72,31.61,40.68,36.00,20.00,MAN,9,0,0,0.00,0.00,0.00,0.00,0.00,0.00,0.00,0.00
1725.72,31.63,40.68,36.00,20.00,MAN,9,0,0,0.00,0.00,0.00,0.00,0.00,0.00,0.00,0.00
1726.72,31.61,40.68,36.00,20.00,MAN,9,0,0,0.00,0.00,0.00,0.00,0.00,0.00,0.00,0.00
1727.72,31.61,40.68,36.00,20.00,MAN,9,0,0,0.00,0.00,0.00,0.00,0.00,0.00,0.00,0.00
1728.72,31.61,40.68,36.00,20.00,MAN,9,0,0,0.00,0.00,0.00,0.00,0.00,0.00,0.00,0.00
1729.73,31.61,40.68,36.00,20.00,MAN,9,0,0,0.00,0.00,0.00,0.00,0.00,0.00,0.00,0.00
1730.73,31.60,40.71,36.00,20.00,MAN,9,0,0,0.00,0.00,0.00,0.00,0.00,0.00,0.00,0.00
1731.73,31.60,40.71,36.00,20.00,MAN,9,0,0,0.00,0.00,0.00,0.00,0.00,0.00,0.00,0.00
1732.73,31.60,40.71,36.00,20.00,MAN,9,0,0,0.00,0.00,0.00,0.00,0.00,0.00,0.00,0.00
1733.73,31.60,40.71,36.00,20.00,MAN,9,0,0,0.00,0.00,0.00,0.00,0.00,0.00,0.00,0.00
1734.74,31.59,40.71,36.00,20.00,MAN,9,0,0,0.00,0.00,0.00,0.00,0.00,0.00,0.00,0.00
1735.74,31.59,40.71,36.00,20.00,MAN,9,0,0,0.00,0.00,0.00,0.00,0.00,0.00,0.00,0.00
1736.74,31.59,40.71,36.00,20.00,MAN,9,0,0,0.00,0.00,0.00,0.00,0.00,0.00,0.00,0.00
1737.74,31.59,40.71,36.00,20.00,MAN,9,0,0,0.00,0.00,0.00,0.00,0.00,0.00,0.00,0.00
1738.74,31.59,40.71,36.00,20.00,MAN,9,0,0,0.00,0.00,0.00,0.00,0.00,0.00,0.00,0.00
1739.74,31.59,40.71,36.00,20.00,MAN,9,0,0,0.00,0.00,0.00,0.00,0.00,0.00,0.00,0.00
1740.74,31.59,40.71,36.00,20.00,MAN,9,0,0,0.00,0.00,0.00,0.00,0.00,0.00,0.00,0.00
1741.74,31.58,40.71,36.00,20.00,MAN,9,0,0,0.00,0.00,0.00,0.00,0.00,0.00,0.00,0.00
1742.75,31.58,40.70,36.00,20.00,MAN,9,0,0,0.00,0.00,0.00,0.00,0.00,0.00,0.00,0.00
1743.75,31.58,40.70,36.00,20.00,MAN,9,0,0,0.00,0.00,0.00,0.00,0.00,0.00,0.00,0.00
1744.75,31.58,40.75,36.00,20.00,MAN,9,0,0,0.00,0.00,0.00,0.00,0.00,0.00,0.00,0.00
1745.75,31.58,40.73,36.00,20.00,MAN,9,0,0,0.00,0.00,0.00,0.00,0.00,0.00,0.00,0.00
1746.75,31.58,40.73,36.00,20.00,MAN,9,0,0,0.00,0.00,0.00,0.00,0.00,0.00,0.00,0.00
1747.75,31.58,40.73,36.00,20.00,MAN,9,0,0,0.00,0.00,0.00,0.00,0.00,0.00,0.00,0.00
1748.76,31.57,40.73,36.00,20.00,MAN,9,0,0,0.00,0.00,0.00,0.00,0.00,0.00,0.00,0.00
1749.76,31.57,40.73,36.00,20.00,MAN,9,0,0,0.00,0.00,0.00,0.00,0.00,0.00,0.00,0.00
1750.76,31.57,40.73,36.00,20.00,MAN,9,0,0,0.00,0.00,0.00,0.00,0.00,0.00,0.00,0.00
1751.76,31.57,40.73,36.00,20.00,MAN,9,0,0,0.00,0.00,0.00,0.00,0.00,0.00,0.00,0.00
1752.76,31.56,40.73,36.00,20.00,MAN,9,0,0,0.00,0.00,0.00,0.00,0.00,0.00,0.00,0.00
1753.76,31.56,40.73,36.00,20.00,MAN,9,0,0,0.00,0.00,0.00,0.00,0.00,0.00,0.00,0.00
1754.76,31.56,40.73,36.00,20.00,MAN,9,0,0,0.00,0.00,0.00,0.00,0.00,0.00,0.00,0.00
1755.77,31.56,40.73,36.00,20.00,MAN,9,0,0,0.00,0.00,0.00,0.00,0.00,0.00,0.00,0.00
1756.77,31.56,40.73,36.00,20.00,MAN,9,0,0,0.00,0.00,0.00,0.00,0.00,0.00,0.00,0.00
1757.77,31.55,40.73,36.00,20.00,MAN,9,0,0,0.00,0.00,0.00,0.00,0.00,0.00,0.00,0.00
1758.77,31.55,40.73,36.00,20.00,MAN,9,0,0,0.00,0.00,0.00,0.00,0.00,0.00,0.00,0.00
1759.77,31.55,40.77,36.00,20.00,MAN,9,0,0,0.00,0.00,0.00,0.00,0.00,0.00,0.00,0.00
1760.77,31.55,40.77,36.00,20.00,MAN,9,0,0,0.00,0.00,0.00,0.00,0.00,0.00,0.00,0.00
1761.78,31.55,40.77,36.00,20.00,MAN,9,0,0,0.00,0.00,0.00,0.00,0.00,0.00,0.00,0.00
1762.78,31.55,40.77,36.00,20.00,MAN,9,0,0,0.00,0.00,0.00,0.00,0.00,0.00,0.00,0.00
1763.78,31.55,40.77,36.00,20.00,MAN,9,0,0,0.00,0.00,0.00,0.00,0.00,0.00,0.00,0.00
1764.78,31.55,40.77,36.00,20.00,MAN,9,0,0,0.00,0.00,0.00,0.00,0.00,0.00,0.00,0.00
1765.78,31.54,40.77,36.00,20.00,MAN,9,0,0,0.00,0.00,0.00,0.00,0.00,0.00,0.00,0.00
1766.79,31.54,40.77,36.00,20.00,MAN,9,0,0,0.00,0.00,0.00,0.00,0.00,0.00,0.00,0.00
1767.79,31.54,40.77,36.00,20.00,MAN,9,0,0,0.00,0.00,0.00,0.00,0.00,0.00,0.00,0.00
1768.79,31.54,40.80,36.00,20.00,MAN,9,0,0,0.00,0.00,0.00,0.00,0.00,0.00,0.00,0.00
1769.79,31.54,40.77,36.00,20.00,MAN,9,0,0,0.00,0.00,0.00,0.00,0.00,0.00,0.00,0.00
1770.79,31.54,40.77,36.00,20.00,MAN,9,0,0,0.00,0.00,0.00,0.00,0.00,0.00,0.00,0.00
1771.79,31.53,40.77,36.00,20.00,MAN,9,0,0,0.00,0.00,0.00,0.00,0.00,0.00,0.00,0.00
1772.79,31.53,40.77,36.00,20.00,MAN,9,0,0,0.00,0.00,0.00,0.00,0.00,0.00,0.00,0.00
1773.79,31.53,40.80,36.00,20.00,MAN,9,0,0,0.00,0.00,0.00,0.00,0.00,0.00,0.00,0.00
1774.80,31.53,40.80,36.00,20.00,MAN,9,0,0,0.00,0.00,0.00,0.00,0.00,0.00,0.00,0.00
1775.80,31.52,40.77,36.00,20.00,MAN,9,0,0,0.00,0.00,0.00,0.00,0.00,0.00,0.00,0.00
1776.80,31.53,40.80,36.00,20.00,MAN,9,0,0,0.00,0.00,0.00,0.00,0.00,0.00,0.00,0.00
1777.80,31.52,40.77,36.00,20.00,MAN,9,0,0,0.00,0.00,0.00,0.00,0.00,0.00,0.00,0.00
1778.80,31.52,40.80,36.00,20.00,MAN,9,0,0,0.00,0.00,0.00,0.00,0.00,0.00,0.00,0.00
1779.80,31.52,40.80,36.00,20.00,MAN,9,0,0,0.00,0.00,0.00,0.00,0.00,0.00,0.00,0.00
1780.81,31.51,40.80,36.00,20.00,MAN,9,0,0,0.00,0.00,0.00,0.00,0.00,0.00,0.00,0.00
1781.81,31.52,40.80,36.00,20.00,MAN,9,0,0,0.00,0.00,0.00,0.00,0.00,0.00,0.00,0.00
1782.81,31.52,40.80,36.00,20.00,MAN,9,0,0,0.00,0.00,0.00,0.00,0.00,0.00,0.00,0.00
1783.81,31.51,40.80,36.00,20.00,MAN,9,0,0,0.00,0.00,0.00,0.00,0.00,0.00,0.00,0.00
1784.81,31.51,40.80,36.00,20.00,MAN,9,0,0,0.00,0.00,0.00,0.00,0.00,0.00,0.00,0.00
1785.81,31.51,40.80,36.00,20.00,MAN,9,0,0,0.00,0.00,0.00,0.00,0.00,0.00,0.00,0.00
1786.81,31.51,40.80,36.00,20.00,MAN,9,0,0,0.00,0.00,0.00,0.00,0.00,0.00,0.00,0.00
1787.82,31.51,40.80,36.00,20.00,MAN,9,0,0,0.00,0.00,0.00,0.00,0.00,0.00,0.00,0.00
1788.82,31.51,40.83,36.00,20.00,MAN,9,0,0,0.00,0.00,0.00,0.00,0.00,0.00,0.00,0.00
1789.82,31.50,40.83,36.00,20.00,MAN,9,0,0,0.00,0.00,0.00,0.00,0.00,0.00,0.00,0.00
1790.82,31.50,40.83,36.00,20.00,MAN,9,0,0,0.00,0.00,0.00,0.00,0.00,0.00,0.00,0.00
1791.82,31.50,40.83,36.00,20.00,MAN,9,0,0,0.00,0.00,0.00,0.00,0.00,0.00,0.00,0.00
1792.83,31.50,40.83,36.00,20.00,MAN,9,0,0,0.00,0.00,0.00,0.00,0.00,0.00,0.00,0.00
1793.83,31.49,40.83,36.00,20.00,MAN,9,0,0,0.00,0.00,0.00,0.00,0.00,0.00,0.00,0.00
1794.83,31.49,40.83,36.00,20.00,MAN,9,0,0,0.00,0.00,0.00,0.00,0.00,0.00,0.00,0.00
1795.83,31.49,40.83,36.00,20.00,MAN,9,0,0,0.00,0.00,0.00,0.00,0.00,0.00,0.00,0.00
1796.83,31.49,40.83,36.00,20.00,MAN,9,0,0,0.00,0.00,0.00,0.00,0.00,0.00,0.00,0.00
1797.83,31.49,40.83,36.00,20.00,MAN,9,0,0,0.00,0.00,0.00,0.00,0.00,0.00,0.00,0.00
1798.84,31.49,40.83,36.00,20.00,MAN,9,0,0,0.00,0.00,0.00,0.00,0.00,0.00,0.00,0.00
1799.84,31.49,40.83,36.00,20.00,MAN,9,0,0,0.00,0.00,0.00,0.00,0.00,0.00,0.00,0.00
1800.84,31.49,40.83,36.00,20.00,MAN,9,0,0,0.00,0.00,0.00,0.00,0.00,0.00,0.00,0.00
1801.84,31.48,40.83,36.00,20.00,MAN,9,0,0,0.00,0.00,0.00,0.00,0.00,0.00,0.00,0.00
1802.84,31.48,40.83,36.00,20.00,MAN,9,0,0,0.00,0.00,0.00,0.00,0.00,0.00,0.00,0.00
1803.84,31.48,40.87,36.00,20.00,MAN,9,0,0,0.00,0.00,0.00,0.00,0.00,0.00,0.00,0.00
1804.84,31.48,40.87,36.00,20.00,MAN,9,0,0,0.00,0.00,0.00,0.00,0.00,0.00,0.00,0.00
1805.84,31.48,40.87,36.00,20.00,MAN,9,0,0,0.00,0.00,0.00,0.00,0.00,0.00,0.00,0.00
1806.85,31.46,40.87,36.00,20.00,MAN,9,0,0,0.00,0.00,0.00,0.00,0.00,0.00,0.00,0.00
1807.85,31.48,40.87,36.00,20.00,MAN,9,0,0,0.00,0.00,0.00,0.00,0.00,0.00,0.00,0.00
1808.85,31.46,40.87,36.00,20.00,MAN,9,0,0,0.00,0.00,0.00,0.00,0.00,0.00,0.00,0.00
1809.85,31.46,40.87,36.00,20.00,MAN,9,0,0,0.00,0.00,0.00,0.00,0.00,0.00,0.00,0.00
1810.85,31.46,40.87,36.00,20.00,MAN,9,0,0,0.00,0.00,0.00,0.00,0.00,0.00,0.00,0.00
1811.86,31.46,40.87,36.00,20.00,MAN,9,0,0,0.00,0.00,0.00,0.00,0.00,0.00,0.00,0.00
1812.86,31.45,40.87,36.00,20.00,MAN,9,0,0,0.00,0.00,0.00,0.00,0.00,0.00,0.00,0.00
1813.86,31.46,40.87,36.00,20.00,MAN,9,0,0,0.00,0.00,0.00,0.00,0.00,0.00,0.00,0.00
1814.86,31.45,40.87,36.00,20.00,MAN,9,0,0,0.00,0.00,0.00,0.00,0.00,0.00,0.00,0.00
1815.86,31.45,40.87,36.00,20.00,MAN,9,0,0,0.00,0.00,0.00,0.00,0.00,0.00,0.00,0.00
1816.86,31.45,40.87,36.00,20.00,MAN,9,0,0,0.00,0.00,0.00,0.00,0.00,0.00,0.00,0.00
1817.86,31.45,40.87,36.00,20.00,MAN,9,0,0,0.00,0.00,0.00,0.00,0.00,0.00,0.00,0.00
1818.86,31.44,40.87,36.00,20.00,MAN,9,0,0,0.00,0.00,0.00,0.00,0.00,0.00,0.00,0.00
1819.87,31.45,40.87,36.00,20.00,MAN,9,0,0,0.00,0.00,0.00,0.00,0.00,0.00,0.00,0.00
1820.87,31.44,40.87,36.00,20.00,MAN,9,0,0,0.00,0.00,0.00,0.00,0.00,0.00,0.00,0.00
1821.87,31.44,40.87,36.00,20.00,MAN,9,0,0,0.00,0.00,0.00,0.00,0.00,0.00,0.00,0.00
1822.87,31.44,40.87,36.00,20.00,MAN,9,0,0,0.00,0.00,0.00,0.00,0.00,0.00,0.00,0.00
1823.87,31.44,40.90,36.00,20.00,MAN,9,0,0,0.00,0.00,0.00,0.00,0.00,0.00,0.00,0.00
1824.88,31.43,40.90,36.00,20.00,MAN,9,0,0,0.00,0.00,0.00,0.00,0.00,0.00,0.00,0.00
1825.88,31.43,40.90,36.00,20.00,MAN,9,0,0,0.00,0.00,0.00,0.00,0.00,0.00,0.00,0.00
1826.88,31.43,40.90,36.00,20.00,MAN,9,0,0,0.00,0.00,0.00,0.00,0.00,0.00,0.00,0.00
1827.88,31.43,40.90,36.00,20.00,MAN,9,0,0,0.00,0.00,0.00,0.00,0.00,0.00,0.00,0.00
1828.88,31.43,40.90,36.00,20.00,MAN,9,0,0,0.00,0.00,0.00,0.00,0.00,0.00,0.00,0.00
1829.88,31.43,40.90,36.00,20.00,MAN,9,0,0,0.00,0.00,0.00,0.00,0.00,0.00,0.00,0.00
1830.89,31.42,40.90,36.00,20.00,MAN,9,0,0,0.00,0.00,0.00,0.00,0.00,0.00,0.00,0.00
1831.89,31.42,40.90,36.00,20.00,MAN,9,0,0,0.00,0.00,0.00,0.00,0.00,0.00,0.00,0.00
1832.89,31.42,40.90,36.00,20.00,MAN,9,0,0,0.00,0.00,0.00,0.00,0.00,0.00,0.00,0.00
1833.89,31.42,40.91,36.00,20.00,MAN,9,0,0,0.00,0.00,0.00,0.00,0.00,0.00,0.00,0.00
1834.89,31.42,40.94,36.00,20.00,MAN,9,0,0,0.00,0.00,0.00,0.00,0.00,0.00,0.00,0.00
1835.89,31.42,40.91,36.00,20.00,MAN,9,0,0,0.00,0.00,0.00,0.00,0.00,0.00,0.00,0.00
1836.89,31.42,40.91,36.00,20.00,MAN,9,0,0,0.00,0.00,0.00,0.00,0.00,0.00,0.00,0.00
1837.90,31.41,40.91,36.00,20.00,MAN,9,0,0,0.00,0.00,0.00,0.00,0.00,0.00,0.00,0.00
1838.90,31.41,40.91,36.00,20.00,MAN,9,0,0,0.00,0.00,0.00,0.00,0.00,0.00,0.00,0.00
1839.90,31.41,40.91,36.00,20.00,MAN,9,0,0,0.00,0.00,0.00,0.00,0.00,0.00,0.00,0.00
1840.90,31.41,40.91,36.00,20.00,MAN,9,0,0,0.00,0.00,0.00,0.00,0.00,0.00,0.00,0.00
1841.90,31.40,40.91,36.00,20.00,MAN,9,0,0,0.00,0.00,0.00,0.00,0.00,0.00,0.00,0.00
1842.90,31.41,40.91,36.00,20.00,MAN,9,0,0,0.00,0.00,0.00,0.00,0.00,0.00,0.00,0.00
1843.91,31.40,40.91,36.00,20.00,MAN,9,0,0,0.00,0.00,0.00,0.00,0.00,0.00,0.00,0.00
1844.91,31.40,40.91,36.00,20.00,MAN,9,0,0,0.00,0.00,0.00,0.00,0.00,0.00,0.00,0.00
1845.91,31.40,40.91,36.00,20.00,MAN,9,0,0,0.00,0.00,0.00,0.00,0.00,0.00,0.00,0.00
1846.91,31.40,40.91,36.00,20.00,MAN,9,0,0,0.00,0.00,0.00,0.00,0.00,0.00,0.00,0.00
1847.91,31.40,40.91,36.00,20.00,MAN,9,0,0,0.00,0.00,0.00,0.00,0.00,0.00,0.00,0.00
1848.91,31.40,40.91,36.00,20.00,MAN,9,0,0,0.00,0.00,0.00,0.00,0.00,0.00,0.00,0.00
1849.91,31.40,40.91,36.00,20.00,MAN,9,0,0,0.00,0.00,0.00,0.00,0.00,0.00,0.00,0.00
1850.91,31.38,40.91,36.00,20.00,MAN,9,0,0,0.00,0.00,0.00,0.00,0.00,0.00,0.00,0.00
1851.92,31.38,40.91,36.00,20.00,MAN,9,0,0,0.00,0.00,0.00,0.00,0.00,0.00,0.00,0.00
1852.92,31.38,40.91,36.00,20.00,MAN,9,0,0,0.00,0.00,0.00,0.00,0.00,0.00,0.00,0.00
1853.92,31.38,40.91,36.00,20.00,MAN,9,0,0,0.00,0.00,0.00,0.00,0.00,0.00,0.00,0.00
1854.92,31.37,40.94,36.00,20.00,MAN,9,0,0,0.00,0.00,0.00,0.00,0.00,0.00,0.00,0.00
1855.92,31.37,40.94,36.00,20.00,MAN,9,0,0,0.00,0.00,0.00,0.00,0.00,0.00,0.00,0.00
1856.93,31.37,40.94,36.00,20.00,MAN,9,0,0,0.00,0.00,0.00,0.00,0.00,0.00,0.00,0.00
1857.93,31.37,40.94,36.00,20.00,MAN,9,0,0,0.00,0.00,0.00,0.00,0.00,0.00,0.00,0.00
1858.93,31.37,40.94,36.00,20.00,MAN,9,0,0,0.00,0.00,0.00,0.00,0.00,0.00,0.00,0.00
1859.93,31.37,40.94,36.00,20.00,MAN,9,0,0,0.00,0.00,0.00,0.00,0.00,0.00,0.00,0.00
1860.93,31.37,40.98,36.00,20.00,MAN,9,0,0,0.00,0.00,0.00,0.00,0.00,0.00,0.00,0.00
1861.94,31.37,40.98,36.00,20.00,MAN,9,0,0,0.00,0.00,0.00,0.00,0.00,0.00,0.00,0.00
1862.94,31.37,40.98,36.00,20.00,MAN,9,0,0,0.00,0.00,0.00,0.00,0.00,0.00,0.00,0.00
1863.94,31.36,40.98,36.00,20.00,MAN,9,0,0,0.00,0.00,0.00,0.00,0.00,0.00,0.00,0.00
1864.94,31.37,40.98,36.00,20.00,MAN,9,0,0,0.00,0.00,0.00,0.00,0.00,0.00,0.00,0.00
1865.94,31.36,40.98,36.00,20.00,MAN,9,0,0,0.00,0.00,0.00,0.00,0.00,0.00,0.00,0.00
1866.94,31.36,40.98,36.00,20.00,MAN,9,0,0,0.00,0.00,0.00,0.00,0.00,0.00,0.00,0.00
1867.95,31.35,40.98,36.00,20.00,MAN,9,0,0,0.00,0.00,0.00,0.00,0.00,0.00,0.00,0.00
1868.94,31.35,40.98,36.00,20.00,MAN,9,0,0,0.00,0.00,0.00,0.00,0.00,0.00,0.00,0.00
1869.95,31.36,40.98,36.00,20.00,MAN,9,0,0,0.00,0.00,0.00,0.00,0.00,0.00,0.00,0.00
1870.95,31.35,40.98,36.00,20.00,MAN,9,0,0,0.00,0.00,0.00,0.00,0.00,0.00,0.00,0.00
1871.95,31.35,40.98,36.00,20.00,MAN,9,0,0,0.00,0.00,0.00,0.00,0.00,0.00,0.00,0.00
1872.95,31.35,40.98,36.00,20.00,MAN,9,0,0,0.00,0.00,0.00,0.00,0.00,0.00,0.00,0.00
1873.95,31.35,40.98,36.00,20.00,MAN,9,0,0,0.00,0.00,0.00,0.00,0.00,0.00,0.00,0.00
1874.95,31.34,40.98,36.00,20.00,MAN,9,0,0,0.00,0.00,0.00,0.00,0.00,0.00,0.00,0.00
1875.96,31.34,40.98,36.00,20.00,MAN,9,0,0,0.00,0.00,0.00,0.00,0.00,0.00,0.00,0.00
1876.96,31.34,40.98,36.00,20.00,MAN,9,0,0,0.00,0.00,0.00,0.00,0.00,0.00,0.00,0.00
1877.96,31.34,40.98,36.00,20.00,MAN,9,0,0,0.00,0.00,0.00,0.00,0.00,0.00,0.00,0.00
1878.96,31.34,40.98,36.00,20.00,MAN,9,0,0,0.00,0.00,0.00,0.00,0.00,0.00,0.00,0.00
1879.96,31.34,40.98,36.00,20.00,MAN,9,0,0,0.00,0.00,0.00,0.00,0.00,0.00,0.00,0.00
1880.97,31.34,40.98,36.00,20.00,MAN,9,0,0,0.00,0.00,0.00,0.00,0.00,0.00,0.00,0.00
1881.97,31.34,41.01,36.00,20.00,MAN,9,0,0,0.00,0.00,0.00,0.00,0.00,0.00,0.00,0.00
1882.97,31.33,41.01,36.00,20.00,MAN,9,0,0,0.00,0.00,0.00,0.00,0.00,0.00,0.00,0.00
1883.97,31.33,41.01,36.00,20.00,MAN,9,0,0,0.00,0.00,0.00,0.00,0.00,0.00,0.00,0.00
1884.97,31.33,41.01,36.00,20.00,MAN,9,0,0,0.00,0.00,0.00,0.00,0.00,0.00,0.00,0.00
1885.97,31.33,41.01,36.00,20.00,MAN,9,0,0,0.00,0.00,0.00,0.00,0.00,0.00,0.00,0.00
1886.97,31.33,41.01,36.00,20.00,MAN,9,0,0,0.00,0.00,0.00,0.00,0.00,0.00,0.00,0.00
1887.97,31.33,41.01,36.00,20.00,MAN,9,0,0,0.00,0.00,0.00,0.00,0.00,0.00,0.00,0.00
1889.00,31.31,41.01,36.00,20.00,MAN,9,0,0,0.00,0.00,0.00,0.00,0.00,0.00,0.00,0.00
1889.98,31.31,41.01,36.00,20.00,MAN,9,0,0,0.00,0.00,0.00,0.00,0.00,0.00,0.00,0.00
1890.98,31.31,41.01,36.00,20.00,MAN,9,0,0,0.00,0.00,0.00,0.00,0.00,0.00,0.00,0.00
1891.98,31.31,41.01,36.00,20.00,MAN,9,0,0,0.00,0.00,0.00,0.00,0.00,0.00,0.00,0.00
1892.98,31.31,41.01,36.00,20.00,MAN,9,0,0,0.00,0.00,0.00,0.00,0.00,0.00,0.00,0.00
1893.99,31.30,41.01,36.00,20.00,MAN,9,0,0,0.00,0.00,0.00,0.00,0.00,0.00,0.00,0.00
1894.99,31.30,41.05,36.00,20.00,MAN,9,0,0,0.00,0.00,0.00,0.00,0.00,0.00,0.00,0.00
1895.99,31.30,41.05,36.00,20.00,MAN,9,0,0,0.00,0.00,0.00,0.00,0.00,0.00,0.00,0.00
1896.99,31.30,41.05,36.00,20.00,MAN,9,0,0,0.00,0.00,0.00,0.00,0.00,0.00,0.00,0.00
1897.99,31.30,41.05,36.00,20.00,MAN,9,0,0,0.00,0.00,0.00,0.00,0.00,0.00,0.00,0.00
1898.99,31.30,41.05,36.00,20.00,MAN,9,0,0,0.00,0.00,0.00,0.00,0.00,0.00,0.00,0.00
1899.99,31.30,41.05,36.00,20.00,MAN,9,0,0,0.00,0.00,0.00,0.00,0.00,0.00,0.00,0.00
1900.99,31.30,41.05,36.00,20.00,MAN,9,0,0,0.00,0.00,0.00,0.00,0.00,0.00,0.00,0.00
1902.00,31.29,41.05,36.00,20.00,MAN,9,0,0,0.00,0.00,0.00,0.00,0.00,0.00,0.00,0.00
1903.00,31.29,41.05,36.00,20.00,MAN,9,0,0,0.00,0.00,0.00,0.00,0.00,0.00,0.00,0.00
1904.00,31.29,41.05,36.00,20.00,MAN,9,0,0,0.00,0.00,0.00,0.00,0.00,0.00,0.00,0.00
1905.00,31.29,41.05,36.00,20.00,MAN,9,0,0,0.00,0.00,0.00,0.00,0.00,0.00,0.00,0.00
1906.00,31.29,41.05,36.00,20.00,MAN,9,0,0,0.00,0.00,0.00,0.00,0.00,0.00,0.00,0.00
1907.01,31.29,41.05,36.00,20.00,MAN,9,0,0,0.00,0.00,0.00,0.00,0.00,0.00,0.00,0.00
1908.01,31.29,41.05,36.00,20.00,MAN,9,0,0,0.00,0.00,0.00,0.00,0.00,0.00,0.00,0.00
1909.01,31.28,41.08,36.00,20.00,MAN,9,0,0,0.00,0.00,0.00,0.00,0.00,0.00,0.00,0.00
1910.01,31.28,41.08,36.00,20.00,MAN,9,0,0,0.00,0.00,0.00,0.00,0.00,0.00,0.00,0.00
1911.01,31.28,41.08,36.00,20.00,MAN,9,0,0,0.00,0.00,0.00,0.00,0.00,0.00,0.00,0.00
1912.01,31.28,41.08,36.00,20.00,MAN,9,0,0,0.00,0.00,0.00,0.00,0.00,0.00,0.00,0.00
1913.02,31.27,41.08,36.00,20.00,MAN,9,0,0,0.00,0.00,0.00,0.00,0.00,0.00,0.00,0.00
1914.01,31.27,41.08,36.00,20.00,MAN,9,0,0,0.00,0.00,0.00,0.00,0.00,0.00,0.00,0.00
1915.02,31.27,41.08,36.00,20.00,MAN,9,0,0,0.00,0.00,0.00,0.00,0.00,0.00,0.00,0.00
1916.02,31.27,41.08,36.00,20.00,MAN,9,0,0,0.00,0.00,0.00,0.00,0.00,0.00,0.00,0.00
1917.02,31.27,41.08,36.00,20.00,MAN,9,0,0,0.00,0.00,0.00,0.00,0.00,0.00,0.00,0.00
1918.02,31.27,41.08,36.00,20.00,MAN,9,0,0,0.00,0.00,0.00,0.00,0.00,0.00,0.00,0.00
1919.02,31.26,41.08,36.00,20.00,MAN,9,0,0,0.00,0.00,0.00,0.00,0.00,0.00,0.00,0.00
1920.02,31.26,41.08,36.00,20.00,MAN,9,0,0,0.00,0.00,0.00,0.00,0.00,0.00,0.00,0.00
1921.03,31.27,41.08,36.00,20.00,MAN,9,0,0,0.00,0.00,0.00,0.00,0.00,0.00,0.00,0.00
1922.03,31.27,41.08,36.00,20.00,MAN,9,0,0,0.00,0.00,0.00,0.00,0.00,0.00,0.00,0.00
1923.03,31.26,41.08,36.00,20.00,MAN,9,0,0,0.00,0.00,0.00,0.00,0.00,0.00,0.00,0.00
1924.03,31.26,41.08,36.00,20.00,MAN,9,0,0,0.00,0.00,0.00,0.00,0.00,0.00,0.00,0.00
1925.03,31.26,41.08,36.00,20.00,MAN,9,0,0,0.00,0.00,0.00,0.00,0.00,0.00,0.00,0.00
1926.04,31.26,41.08,36.00,20.00,MAN,9,0,0,0.00,0.00,0.00,0.00,0.00,0.00,0.00,0.00
1927.04,31.26,41.08,36.00,20.00,MAN,9,0,0,0.00,0.00,0.00,0.00,0.00,0.00,0.00,0.00
1928.04,31.26,41.08,36.00,20.00,MAN,9,0,0,0.00,0.00,0.00,0.00,0.00,0.00,0.00,0.00
1929.04,31.25,41.15,36.00,20.00,MAN,9,0,0,0.00,0.00,0.00,0.00,0.00,0.00,0.00,0.00
1930.04,31.25,41.15,36.00,20.00,MAN,9,0,0,0.00,0.00,0.00,0.00,0.00,0.00,0.00,0.00
1931.04,31.25,41.15,36.00,20.00,MAN,9,0,0,0.00,0.00,0.00,0.00,0.00,0.00,0.00,0.00
1932.04,31.24,41.15,36.00,20.00,MAN,9,0,0,0.00,0.00,0.00,0.00,0.00,0.00,0.00,0.00
1933.04,31.25,41.15,36.00,20.00,MAN,9,0,0,0.00,0.00,0.00,0.00,0.00,0.00,0.00,0.00
1934.05,31.24,41.15,36.00,20.00,MAN,9,0,0,0.00,0.00,0.00,0.00,0.00,0.00,0.00,0.00
1935.05,31.24,41.15,36.00,20.00,MAN,9,0,0,0.00,0.00,0.00,0.00,0.00,0.00,0.00,0.00
1936.05,31.24,41.15,36.00,20.00,MAN,9,0,0,0.00,0.00,0.00,0.00,0.00,0.00,0.00,0.00
1937.05,31.24,41.15,36.00,20.00,MAN,9,0,0,0.00,0.00,0.00,0.00,0.00,0.00,0.00,0.00
1938.05,31.24,41.15,36.00,20.00,MAN,9,0,0,0.00,0.00,0.00,0.00,0.00,0.00,0.00,0.00
1939.06,31.24,41.15,36.00,20.00,MAN,9,0,0,0.00,0.00,0.00,0.00,0.00,0.00,0.00,0.00
1940.06,31.23,41.15,36.00,20.00,MAN,9,0,0,0.00,0.00,0.00,0.00,0.00,0.00,0.00,0.00
1941.06,31.23,41.15,36.00,20.00,MAN,9,0,0,0.00,0.00,0.00,0.00,0.00,0.00,0.00,0.00
1942.06,31.23,41.15,36.00,20.00,MAN,9,0,0,0.00,0.00,0.00,0.00,0.00,0.00,0.00,0.00
1943.06,31.23,41.18,36.00,20.00,MAN,9,0,0,0.00,0.00,0.00,0.00,0.00,0.00,0.00,0.00
1944.06,31.23,41.13,36.00,20.00,MAN,9,0,0,0.00,0.00,0.00,0.00,0.00,0.00,0.00,0.00
1945.07,31.22,41.16,36.00,20.00,MAN,9,0,0,0.00,0.00,0.00,0.00,0.00,0.00,0.00,0.00
1946.07,31.22,41.16,36.00,20.00,MAN,9,0,0,0.00,0.00,0.00,0.00,0.00,0.00,0.00,0.00
1947.07,31.22,41.16,36.00,20.00,MAN,9,0,0,0.00,0.00,0.00,0.00,0.00,0.00,0.00,0.00
1948.07,31.22,41.16,36.00,20.00,MAN,9,0,0,0.00,0.00,0.00,0.00,0.00,0.00,0.00,0.00
1949.07,31.22,41.16,36.00,20.00,MAN,9,0,0,0.00,0.00,0.00,0.00,0.00,0.00,0.00,0.00
1950.07,31.22,41.16,36.00,20.00,MAN,9,0,0,0.00,0.00,0.00,0.00,0.00,0.00,0.00,0.00
1951.07,31.22,41.16,36.00,20.00,MAN,9,0,0,0.00,0.00,0.00,0.00,0.00,0.00,0.00,0.00
1952.07,31.21,41.16,36.00,20.00,MAN,9,0,0,0.00,0.00,0.00,0.00,0.00,0.00,0.00,0.00
1953.08,31.22,41.16,36.00,20.00,MAN,9,0,0,0.00,0.00,0.00,0.00,0.00,0.00,0.00,0.00
1954.08,31.21,41.16,36.00,20.00,MAN,9,0,0,0.00,0.00,0.00,0.00,0.00,0.00,0.00,0.00
1955.08,31.21,41.16,36.00,20.00,MAN,9,0,0,0.00,0.00,0.00,0.00,0.00,0.00,0.00,0.00
1956.08,31.21,41.16,36.00,20.00,MAN,9,0,0,0.00,0.00,0.00,0.00,0.00,0.00,0.00,0.00
1957.08,31.21,41.16,36.00,20.00,MAN,9,0,0,0.00,0.00,0.00,0.00,0.00,0.00,0.00,0.00
1958.09,31.20,41.16,36.00,20.00,MAN,9,0,0,0.00,0.00,0.00,0.00,0.00,0.00,0.00,0.00
1959.09,31.21,41.16,36.00,20.00,MAN,9,0,0,0.00,0.00,0.00,0.00,0.00,0.00,0.00,0.00
1960.09,31.20,41.20,36.00,20.00,MAN,9,0,0,0.00,0.00,0.00,0.00,0.00,0.00,0.00,0.00
1961.09,31.20,41.20,36.00,20.00,MAN,9,0,0,0.00,0.00,0.00,0.00,0.00,0.00,0.00,0.00
1962.09,31.20,41.20,36.00,20.00,MAN,9,0,0,0.00,0.00,0.00,0.00,0.00,0.00,0.00,0.00
1963.09,31.20,41.20,36.00,20.00,MAN,9,0,0,0.00,0.00,0.00,0.00,0.00,0.00,0.00,0.00
1964.09,31.20,41.20,36.00,20.00,MAN,9,0,0,0.00,0.00,0.00,0.00,0.00,0.00,0.00,0.00
1965.10,31.19,41.20,36.00,20.00,MAN,9,0,0,0.00,0.00,0.00,0.00,0.00,0.00,0.00,0.00
1966.10,31.20,41.20,36.00,20.00,MAN,9,0,0,0.00,0.00,0.00,0.00,0.00,0.00,0.00,0.00
1967.10,31.19,41.20,36.00,20.00,MAN,9,0,0,0.00,0.00,0.00,0.00,0.00,0.00,0.00,0.00
1968.10,31.19,41.20,36.00,20.00,MAN,9,0,0,0.00,0.00,0.00,0.00,0.00,0.00,0.00,0.00
1969.10,31.19,41.20,36.00,20.00,MAN,9,0,0,0.00,0.00,0.00,0.00,0.00,0.00,0.00,0.00
1970.10,31.19,41.20,36.00,20.00,MAN,9,0,0,0.00,0.00,0.00,0.00,0.00,0.00,0.00,0.00
1971.11,31.19,41.20,36.00,20.00,MAN,9,0,0,0.00,0.00,0.00,0.00,0.00,0.00,0.00,0.00
1972.11,31.18,41.20,36.00,20.00,MAN,9,0,0,0.00,0.00,0.00,0.00,0.00,0.00,0.00,0.00
1973.11,31.19,41.20,36.00,20.00,MAN,9,0,0,0.00,0.00,0.00,0.00,0.00,0.00,0.00,0.00
1974.11,31.18,41.20,36.00,20.00,MAN,9,0,0,0.00,0.00,0.00,0.00,0.00,0.00,0.00,0.00
1975.11,31.18,41.20,36.00,20.00,MAN,9,0,0,0.00,0.00,0.00,0.00,0.00,0.00,0.00,0.00
1976.11,31.18,41.20,36.00,20.00,MAN,9,0,0,0.00,0.00,0.00,0.00,0.00,0.00,0.00,0.00
1977.12,31.18,41.20,36.00,20.00,MAN,9,0,0,0.00,0.00,0.00,0.00,0.00,0.00,0.00,0.00
1978.12,31.16,41.20,36.00,20.00,MAN,9,0,0,0.00,0.00,0.00,0.00,0.00,0.00,0.00,0.00
1979.12,31.18,41.20,36.00,20.00,MAN,9,0,0,0.00,0.00,0.00,0.00,0.00,0.00,0.00,0.00
1980.12,31.16,41.23,36.00,20.00,MAN,9,0,0,0.00,0.00,0.00,0.00,0.00,0.00,0.00,0.00
1981.12,31.16,41.23,36.00,20.00,MAN,9,0,0,0.00,0.00,0.00,0.00,0.00,0.00,0.00,0.00
1982.12,31.16,41.23,36.00,20.00,MAN,9,0,0,0.00,0.00,0.00,0.00,0.00,0.00,0.00,0.00
1983.12,31.16,41.23,36.00,20.00,MAN,9,0,0,0.00,0.00,0.00,0.00,0.00,0.00,0.00,0.00
1984.13,31.16,41.23,36.00,20.00,MAN,9,0,0,0.00,0.00,0.00,0.00,0.00,0.00,0.00,0.00
1985.13,31.15,41.23,36.00,20.00,MAN,9,0,0,0.00,0.00,0.00,0.00,0.00,0.00,0.00,0.00
1986.13,31.16,41.23,36.00,20.00,MAN,9,0,0,0.00,0.00,0.00,0.00,0.00,0.00,0.00,0.00
1987.13,31.15,41.23,36.00,20.00,MAN,9,0,0,0.00,0.00,0.00,0.00,0.00,0.00,0.00,0.00
1988.13,31.15,41.23,36.00,20.00,MAN,9,0,0,0.00,0.00,0.00,0.00,0.00,0.00,0.00,0.00
1989.13,31.15,41.23,36.00,20.00,MAN,9,0,0,0.00,0.00,0.00,0.00,0.00,0.00,0.00,0.00
1990.14,31.15,41.23,36.00,20.00,MAN,9,0,0,0.00,0.00,0.00,0.00,0.00,0.00,0.00,0.00
1991.14,31.15,41.23,36.00,20.00,MAN,9,0,0,0.00,0.00,0.00,0.00,0.00,0.00,0.00,0.00
1992.14,31.15,41.23,36.00,20.00,MAN,9,0,0,0.00,0.00,0.00,0.00,0.00,0.00,0.00,0.00
1993.14,31.15,41.23,36.00,20.00,MAN,9,0,0,0.00,0.00,0.00,0.00,0.00,0.00,0.00,0.00
1994.14,31.15,41.23,36.00,20.00,MAN,9,0,0,0.00,0.00,0.00,0.00,0.00,0.00,0.00,0.00
1995.14,31.14,41.23,36.00,20.00,MAN,9,0,0,0.00,0.00,0.00,0.00,0.00,0.00,0.00,0.00
1996.14,31.14,41.23,36.00,20.00,MAN,9,0,0,0.00,0.00,0.00,0.00,0.00,0.00,0.00,0.00
1997.15,31.14,41.23,36.00,20.00,MAN,9,0,0,0.00,0.00,0.00,0.00,0.00,0.00,0.00,0.00
1998.15,31.14,41.23,36.00,20.00,MAN,9,0,0,0.00,0.00,0.00,0.00,0.00,0.00,0.00,0.00
1999.15,31.13,41.23,36.00,20.00,MAN,9,0,0,0.00,0.00,0.00,0.00,0.00,0.00,0.00,0.00
2000.15,31.14,41.23,36.00,20.00,MAN,9,0,0,0.00,0.00,0.00,0.00,0.00,0.00,0.00,0.00
2001.15,31.14,41.23,36.00,20.00,MAN,9,0,0,0.00,0.00,0.00,0.00,0.00,0.00,0.00,0.00
2002.15,31.13,41.23,36.00,20.00,MAN,9,0,0,0.00,0.00,0.00,0.00,0.00,0.00,0.00,0.00
2003.16,31.13,41.23,36.00,20.00,MAN,9,0,0,0.00,0.00,0.00,0.00,0.00,0.00,0.00,0.00
2004.16,31.13,41.23,36.00,20.00,MAN,9,0,0,0.00,0.00,0.00,0.00,0.00,0.00,0.00,0.00
2005.16,31.13,41.26,36.00,20.00,MAN,9,0,0,0.00,0.00,0.00,0.00,0.00,0.00,0.00,0.00
2006.16,31.13,41.26,36.00,20.00,MAN,9,0,0,0.00,0.00,0.00,0.00,0.00,0.00,0.00,0.00
2007.16,31.13,41.26,36.00,20.00,MAN,9,0,0,0.00,0.00,0.00,0.00,0.00,0.00,0.00,0.00
2008.16,31.12,41.26,36.00,20.00,MAN,9,0,0,0.00,0.00,0.00,0.00,0.00,0.00,0.00,0.00
2009.16,31.12,41.26,36.00,20.00,MAN,9,0,0,0.00,0.00,0.00,0.00,0.00,0.00,0.00,0.00
2010.17,31.12,41.26,36.00,20.00,MAN,9,0,0,0.00,0.00,0.00,0.00,0.00,0.00,0.00,0.00
2011.17,31.12,41.26,36.00,20.00,MAN,9,0,0,0.00,0.00,0.00,0.00,0.00,0.00,0.00,0.00
2012.17,31.12,41.26,36.00,20.00,MAN,9,0,0,0.00,0.00,0.00,0.00,0.00,0.00,0.00,0.00
2013.17,31.12,41.26,36.00,20.00,MAN,9,0,0,0.00,0.00,0.00,0.00,0.00,0.00,0.00,0.00
2014.17,31.12,41.26,36.00,20.00,MAN,9,0,0,0.00,0.00,0.00,0.00,0.00,0.00,0.00,0.00
2015.17,31.11,41.26,36.00,20.00,MAN,9,0,0,0.00,0.00,0.00,0.00,0.00,0.00,0.00,0.00
2016.18,31.11,41.29,36.00,20.00,MAN,9,0,0,0.00,0.00,0.00,0.00,0.00,0.00,0.00,0.00
2017.18,31.11,41.29,36.00,20.00,MAN,9,0,0,0.00,0.00,0.00,0.00,0.00,0.00,0.00,0.00
2018.18,31.11,41.29,36.00,20.00,MAN,9,0,0,0.00,0.00,0.00,0.00,0.00,0.00,0.00,0.00
2019.18,31.11,41.29,36.00,20.00,MAN,9,0,0,0.00,0.00,0.00,0.00,0.00,0.00,0.00,0.00
2020.18,31.11,41.29,36.00,20.00,MAN,9,0,0,0.00,0.00,0.00,0.00,0.00,0.00,0.00,0.00
2021.18,31.11,41.29,36.00,20.00,MAN,9,0,0,0.00,0.00,0.00,0.00,0.00,0.00,0.00,0.00
2022.19,31.11,41.29,36.00,20.00,MAN,9,0,0,0.00,0.00,0.00,0.00,0.00,0.00,0.00,0.00
2023.19,31.10,41.29,36.00,20.00,MAN,9,0,0,0.00,0.00,0.00,0.00,0.00,0.00,0.00,0.00
2024.19,31.10,41.29,36.00,20.00,MAN,9,0,0,0.00,0.00,0.00,0.00,0.00,0.00,0.00,0.00
2025.19,31.10,41.29,36.00,20.00,MAN,9,0,0,0.00,0.00,0.00,0.00,0.00,0.00,0.00,0.00
2026.19,31.10,41.29,36.00,20.00,MAN,9,0,0,0.00,0.00,0.00,0.00,0.00,0.00,0.00,0.00
2027.19,31.10,41.29,36.00,20.00,MAN,9,0,0,0.00,0.00,0.00,0.00,0.00,0.00,0.00,0.00
2028.20,31.09,41.29,36.00,20.00,MAN,9,0,0,0.00,0.00,0.00,0.00,0.00,0.00,0.00,0.00
2029.20,31.09,41.29,36.00,20.00,MAN,9,0,0,0.00,0.00,0.00,0.00,0.00,0.00,0.00,0.00
2030.20,31.09,41.29,36.00,20.00,MAN,9,0,0,0.00,0.00,0.00,0.00,0.00,0.00,0.00,0.00
2031.20,31.09,41.29,36.00,20.00,MAN,9,0,0,0.00,0.00,0.00,0.00,0.00,0.00,0.00,0.00
2032.20,31.09,41.29,36.00,20.00,MAN,9,0,0,0.00,0.00,0.00,0.00,0.00,0.00,0.00,0.00
2033.20,31.09,41.29,36.00,20.00,MAN,9,0,0,0.00,0.00,0.00,0.00,0.00,0.00,0.00,0.00
2034.20,31.09,41.29,36.00,20.00,MAN,9,0,0,0.00,0.00,0.00,0.00,0.00,0.00,0.00,0.00
2035.21,31.08,41.29,36.00,20.00,MAN,9,0,0,0.00,0.00,0.00,0.00,0.00,0.00,0.00,0.00
2036.21,31.09,41.29,36.00,20.00,MAN,9,0,0,0.00,0.00,0.00,0.00,0.00,0.00,0.00,0.00
2037.21,31.08,41.29,36.00,20.00,MAN,9,0,0,0.00,0.00,0.00,0.00,0.00,0.00,0.00,0.00
2038.21,31.08,41.29,36.00,20.00,MAN,9,0,0,0.00,0.00,0.00,0.00,0.00,0.00,0.00,0.00
2039.21,31.08,41.29,36.00,20.00,MAN,9,0,0,0.00,0.00,0.00,0.00,0.00,0.00,0.00,0.00
2040.22,31.08,41.29,36.00,20.00,MAN,9,0,0,0.00,0.00,0.00,0.00,0.00,0.00,0.00,0.00
2041.22,31.07,41.29,36.00,20.00,MAN,9,0,0,0.00,0.00,0.00,0.00,0.00,0.00,0.00,0.00
2042.22,31.08,41.29,36.00,20.00,MAN,9,0,0,0.00,0.00,0.00,0.00,0.00,0.00,0.00,0.00
2043.22,31.07,41.29,36.00,20.00,MAN,9,0,0,0.00,0.00,0.00,0.00,0.00,0.00,0.00,0.00
2044.22,31.08,41.29,36.00,20.00,MAN,9,0,0,0.00,0.00,0.00,0.00,0.00,0.00,0.00,0.00
2045.22,31.07,41.27,36.00,20.00,MAN,9,0,0,0.00,0.00,0.00,0.00,0.00,0.00,0.00,0.00
2046.23,31.07,41.29,36.00,20.00,MAN,9,0,0,0.00,0.00,0.00,0.00,0.00,0.00,0.00,0.00
2047.22,31.07,41.29,36.00,20.00,MAN,9,0,0,0.00,0.00,0.00,0.00,0.00,0.00,0.00,0.00
2048.23,31.07,41.29,36.00,20.00,MAN,9,0,0,0.00,0.00,0.00,0.00,0.00,0.00,0.00,0.00
2049.23,31.07,41.27,36.00,20.00,MAN,9,0,0,0.00,0.00,0.00,0.00,0.00,0.00,0.00,0.00
2050.23,31.06,41.30,36.00,20.00,MAN,9,0,0,0.00,0.00,0.00,0.00,0.00,0.00,0.00,0.00
2051.23,31.06,41.30,36.00,20.00,MAN,9,0,0,0.00,0.00,0.00,0.00,0.00,0.00,0.00,0.00
2052.23,31.06,41.30,36.00,20.00,MAN,9,0,0,0.00,0.00,0.00,0.00,0.00,0.00,0.00,0.00
2053.23,31.06,41.30,36.00,20.00,MAN,9,0,0,0.00,0.00,0.00,0.00,0.00,0.00,0.00,0.00
2054.24,31.06,41.30,36.00,20.00,MAN,9,0,0,0.00,0.00,0.00,0.00,0.00,0.00,0.00,0.00
2055.24,31.06,41.30,36.00,20.00,MAN,9,0,0,0.00,0.00,0.00,0.00,0.00,0.00,0.00,0.00
2056.24,31.05,41.30,36.00,20.00,MAN,9,0,0,0.00,0.00,0.00,0.00,0.00,0.00,0.00,0.00
2057.24,31.06,41.30,36.00,20.00,MAN,9,0,0,0.00,0.00,0.00,0.00,0.00,0.00,0.00,0.00
2058.24,31.06,41.30,36.00,20.00,MAN,9,0,0,0.00,0.00,0.00,0.00,0.00,0.00,0.00,0.00
2059.25,31.05,41.30,36.00,20.00,MAN,9,0,0,0.00,0.00,0.00,0.00,0.00,0.00,0.00,0.00
2060.24,31.05,41.30,36.00,20.00,MAN,9,0,0,0.00,0.00,0.00,0.00,0.00,0.00,0.00,0.00
2061.25,31.05,41.30,36.00,20.00,MAN,9,0,0,0.00,0.00,0.00,0.00,0.00,0.00,0.00,0.00
2062.25,31.05,41.30,36.00,20.00,MAN,9,0,0,0.00,0.00,0.00,0.00,0.00,0.00,0.00,0.00
2063.25,31.05,41.30,36.00,20.00,MAN,9,0,0,0.00,0.00,0.00,0.00,0.00,0.00,0.00,0.00
2064.25,31.05,41.30,36.00,20.00,MAN,9,0,0,0.00,0.00,0.00,0.00,0.00,0.00,0.00,0.00
2065.25,31.04,41.34,36.00,20.00,MAN,9,0,0,0.00,0.00,0.00,0.00,0.00,0.00,0.00,0.00
2066.25,31.04,41.34,36.00,20.00,MAN,9,0,0,0.00,0.00,0.00,0.00,0.00,0.00,0.00,0.00
2067.26,31.04,41.34,36.00,20.00,MAN,9,0,0,0.00,0.00,0.00,0.00,0.00,0.00,0.00,0.00
2068.26,31.04,41.34,36.00,20.00,MAN,9,0,0,0.00,0.00,0.00,0.00,0.00,0.00,0.00,0.00
2069.26,31.04,41.34,36.00,20.00,MAN,9,0,0,0.00,0.00,0.00,0.00,0.00,0.00,0.00,0.00
2070.26,31.04,41.34,36.00,20.00,MAN,9,0,0,0.00,0.00,0.00,0.00,0.00,0.00,0.00,0.00
2071.26,31.02,41.34,36.00,20.00,MAN,9,0,0,0.00,0.00,0.00,0.00,0.00,0.00,0.00,0.00
2072.27,31.04,41.37,36.00,20.00,MAN,9,0,0,0.00,0.00,0.00,0.00,0.00,0.00,0.00,0.00
2073.27,31.04,41.34,36.00,20.00,MAN,9,0,0,0.00,0.00,0.00,0.00,0.00,0.00,0.00,0.00
2074.27,31.02,41.37,36.00,20.00,MAN,9,0,0,0.00,0.00,0.00,0.00,0.00,0.00,0.00,0.00
2075.27,31.02,41.37,36.00,20.00,MAN,9,0,0,0.00,0.00,0.00,0.00,0.00,0.00,0.00,0.00
2076.27,31.02,41.37,36.00,20.00,MAN,9,0,0,0.00,0.00,0.00,0.00,0.00,0.00,0.00,0.00
2077.27,31.02,41.37,36.00,20.00,MAN,9,0,0,0.00,0.00,0.00,0.00,0.00,0.00,0.00,0.00
2078.28,31.02,41.37,36.00,20.00,MAN,9,0,0,0.00,0.00,0.00,0.00,0.00,0.00,0.00,0.00
2079.27,31.01,41.37,36.00,20.00,MAN,9,0,0,0.00,0.00,0.00,0.00,0.00,0.00,0.00,0.00
2080.28,31.02,41.37,36.00,20.00,MAN,9,0,0,0.00,0.00,0.00,0.00,0.00,0.00,0.00,0.00
2081.28,31.01,41.34,36.00,20.00,MAN,9,0,0,0.00,0.00,0.00,0.00,0.00,0.00,0.00,0.00
2082.28,31.01,41.34,36.00,20.00,MAN,9,0,0,0.00,0.00,0.00,0.00,0.00,0.00,0.00,0.00
2083.28,31.01,41.34,36.00,20.00,MAN,9,0,0,0.00,0.00,0.00,0.00,0.00,0.00,0.00,0.00
2084.28,31.01,41.34,36.00,20.00,MAN,9,0,0,0.00,0.00,0.00,0.00,0.00,0.00,0.00,0.00
2085.29,31.01,41.34,36.00,20.00,MAN,9,0,0,0.00,0.00,0.00,0.00,0.00,0.00,0.00,0.00
2086.29,31.01,41.34,36.00,20.00,MAN,9,0,0,0.00,0.00,0.00,0.00,0.00,0.00,0.00,0.00
2087.29,31.00,41.34,36.00,20.00,MAN,9,0,0,0.00,0.00,0.00,0.00,0.00,0.00,0.00,0.00
2088.29,31.01,41.34,36.00,20.00,MAN,9,0,0,0.00,0.00,0.00,0.00,0.00,0.00,0.00,0.00
2089.29,31.01,41.34,36.00,20.00,MAN,9,0,0,0.00,0.00,0.00,0.00,0.00,0.00,0.00,0.00
2090.29,31.00,41.34,36.00,20.00,MAN,9,0,0,0.00,0.00,0.00,0.00,0.00,0.00,0.00,0.00
2091.30,31.00,41.37,36.00,20.00,MAN,9,0,0,0.00,0.00,0.00,0.00,0.00,0.00,0.00,0.00
2092.29,31.00,41.37,36.00,20.00,MAN,9,0,0,0.00,0.00,0.00,0.00,0.00,0.00,0.00,0.00
2093.30,31.00,41.37,36.00,20.00,MAN,9,0,0,0.00,0.00,0.00,0.00,0.00,0.00,0.00,0.00
2094.30,31.00,41.37,36.00,20.00,MAN,9,0,0,0.00,0.00,0.00,0.00,0.00,0.00,0.00,0.00
2095.30,31.00,41.37,36.00,20.00,MAN,9,0,0,0.00,0.00,0.00,0.00,0.00,0.00,0.00,0.00
2096.30,31.00,41.37,36.00,20.00,MAN,9,0,0,0.00,0.00,0.00,0.00,0.00,0.00,0.00,0.00
2097.30,31.00,41.37,36.00,20.00,MAN,9,0,0,0.00,0.00,0.00,0.00,0.00,0.00,0.00,0.00
2098.30,31.00,41.37,36.00,20.00,MAN,9,0,0,0.00,0.00,0.00,0.00,0.00,0.00,0.00,0.00
2099.31,30.99,41.37,36.00,20.00,MAN,9,0,0,0.00,0.00,0.00,0.00,0.00,0.00,0.00,0.00
2100.31,30.99,41.37,36.00,20.00,MAN,9,0,0,0.00,0.00,0.00,0.00,0.00,0.00,0.00,0.00
2101.31,30.99,41.37,36.00,20.00,MAN,9,0,0,0.00,0.00,0.00,0.00,0.00,0.00,0.00,0.00
2102.31,30.99,41.37,36.00,20.00,MAN,9,0,0,0.00,0.00,0.00,0.00,0.00,0.00,0.00,0.00
2103.31,30.99,41.37,36.00,20.00,MAN,9,0,0,0.00,0.00,0.00,0.00,0.00,0.00,0.00,0.00
2104.32,30.99,41.37,36.00,20.00,MAN,9,0,0,0.00,0.00,0.00,0.00,0.00,0.00,0.00,0.00
2105.32,30.98,41.37,36.00,20.00,MAN,9,0,0,0.00,0.00,0.00,0.00,0.00,0.00,0.00,0.00
2106.32,30.98,41.41,36.00,20.00,MAN,9,0,0,0.00,0.00,0.00,0.00,0.00,0.00,0.00,0.00
2107.32,30.98,41.41,36.00,20.00,MAN,9,0,0,0.00,0.00,0.00,0.00,0.00,0.00,0.00,0.00
2108.32,30.98,41.41,36.00,20.00,MAN,9,0,0,0.00,0.00,0.00,0.00,0.00,0.00,0.00,0.00
2109.32,30.98,41.41,36.00,20.00,MAN,9,0,0,0.00,0.00,0.00,0.00,0.00,0.00,0.00,0.00
2110.32,30.98,41.41,36.00,20.00,MAN,9,0,0,0.00,0.00,0.00,0.00,0.00,0.00,0.00,0.00
2111.32,30.98,41.41,36.00,20.00,MAN,9,0,0,0.00,0.00,0.00,0.00,0.00,0.00,0.00,0.00
2112.33,30.97,41.41,36.00,20.00,MAN,9,0,0,0.00,0.00,0.00,0.00,0.00,0.00,0.00,0.00
2113.33,30.98,41.41,36.00,20.00,MAN,9,0,0,0.00,0.00,0.00,0.00,0.00,0.00,0.00,0.00
2114.33,30.97,41.41,36.00,20.00,MAN,9,0,0,0.00,0.00,0.00,0.00,0.00,0.00,0.00,0.00
2115.33,30.97,41.41,36.00,20.00,MAN,9,0,0,0.00,0.00,0.00,0.00,0.00,0.00,0.00,0.00
2116.33,30.97,41.41,36.00,20.00,MAN,9,0,0,0.00,0.00,0.00,0.00,0.00,0.00,0.00,0.00
2117.34,30.96,41.41,36.00,20.00,MAN,9,0,0,0.00,0.00,0.00,0.00,0.00,0.00,0.00,0.00
2118.34,30.97,41.41,36.00,20.00,MAN,9,0,0,0.00,0.00,0.00,0.00,0.00,0.00,0.00,0.00
2119.34,30.97,41.41,36.00,20.00,MAN,9,0,0,0.00,0.00,0.00,0.00,0.00,0.00,0.00,0.00
2120.34,30.97,41.41,36.00,20.00,MAN,9,0,0,0.00,0.00,0.00,0.00,0.00,0.00,0.00,0.00
2121.34,30.96,41.41,36.00,20.00,MAN,9,0,0,0.00,0.00,0.00,0.00,0.00,0.00,0.00,0.00
2122.35,30.96,41.41,36.00,20.00,MAN,9,0,0,0.00,0.00,0.00,0.00,0.00,0.00,0.00,0.00
2123.35,30.96,41.41,36.00,20.00,MAN,9,0,0,0.00,0.00,0.00,0.00,0.00,0.00,0.00,0.00
2124.34,30.96,41.41,36.00,20.00,MAN,9,0,0,0.00,0.00,0.00,0.00,0.00,0.00,0.00,0.00
2125.35,30.95,41.41,36.00,20.00,MAN,9,0,0,0.00,0.00,0.00,0.00,0.00,0.00,0.00,0.00
2126.35,30.96,41.44,36.00,20.00,MAN,9,0,0,0.00,0.00,0.00,0.00,0.00,0.00,0.00,0.00
2127.35,30.95,41.44,36.00,20.00,MAN,9,0,0,0.00,0.00,0.00,0.00,0.00,0.00,0.00,0.00
2128.35,30.95,41.44,36.00,20.00,MAN,9,0,0,0.00,0.00,0.00,0.00,0.00,0.00,0.00,0.00
2129.35,30.95,41.44,36.00,20.00,MAN,9,0,0,0.00,0.00,0.00,0.00,0.00,0.00,0.00,0.00
2130.35,30.95,41.44,36.00,20.00,MAN,9,0,0,0.00,0.00,0.00,0.00,0.00,0.00,0.00,0.00
2131.36,30.95,41.44,36.00,20.00,MAN,9,0,0,0.00,0.00,0.00,0.00,0.00,0.00,0.00,0.00
2132.36,30.95,41.44,36.00,20.00,MAN,9,0,0,0.00,0.00,0.00,0.00,0.00,0.00,0.00,0.00
2133.36,30.94,41.44,36.00,20.00,MAN,9,0,0,0.00,0.00,0.00,0.00,0.00,0.00,0.00,0.00
2134.36,30.94,41.44,36.00,20.00,MAN,9,0,0,0.00,0.00,0.00,0.00,0.00,0.00,0.00,0.00
2135.36,30.94,41.44,36.00,20.00,MAN,9,0,0,0.00,0.00,0.00,0.00,0.00,0.00,0.00,0.00
2136.37,30.94,41.44,36.00,20.00,MAN,9,0,0,0.00,0.00,0.00,0.00,0.00,0.00,0.00,0.00
2137.37,30.94,41.44,36.00,20.00,MAN,9,0,0,0.00,0.00,0.00,0.00,0.00,0.00,0.00,0.00
2138.37,30.94,41.44,36.00,20.00,MAN,9,0,0,0.00,0.00,0.00,0.00,0.00,0.00,0.00,0.00
2139.37,30.94,41.44,36.00,20.00,MAN,9,0,0,0.00,0.00,0.00,0.00,0.00,0.00,0.00,0.00
2140.37,30.93,41.44,36.00,20.00,MAN,9,0,0,0.00,0.00,0.00,0.00,0.00,0.00,0.00,0.00
2141.38,30.93,41.44,36.00,20.00,MAN,9,0,0,0.00,0.00,0.00,0.00,0.00,0.00,0.00,0.00
2142.38,30.94,41.44,36.00,20.00,MAN,9,0,0,0.00,0.00,0.00,0.00,0.00,0.00,0.00,0.00
2143.38,30.94,41.44,36.00,20.00,MAN,9,0,0,0.00,0.00,0.00,0.00,0.00,0.00,0.00,0.00
2144.38,30.93,41.44,36.00,20.00,MAN,9,0,0,0.00,0.00,0.00,0.00,0.00,0.00,0.00,0.00
2145.38,30.93,41.44,36.00,20.00,MAN,9,0,0,0.00,0.00,0.00,0.00,0.00,0.00,0.00,0.00
2146.38,30.93,41.44,36.00,20.00,MAN,9,0,0,0.00,0.00,0.00,0.00,0.00,0.00,0.00,0.00
2147.38,30.93,41.44,36.00,20.00,MAN,9,0,0,0.00,0.00,0.00,0.00,0.00,0.00,0.00,0.00
2148.38,30.92,41.44,36.00,20.00,MAN,9,0,0,0.00,0.00,0.00,0.00,0.00,0.00,0.00,0.00
2149.39,30.92,41.44,36.00,20.00,MAN,9,0,0,0.00,0.00,0.00,0.00,0.00,0.00,0.00,0.00
2150.39,30.92,41.44,36.00,20.00,MAN,9,0,0,0.00,0.00,0.00,0.00,0.00,0.00,0.00,0.00
2151.39,30.92,41.44,36.00,20.00,MAN,9,0,0,0.00,0.00,0.00,0.00,0.00,0.00,0.00,0.00
2152.39,30.92,41.44,36.00,20.00,MAN,9,0,0,0.00,0.00,0.00,0.00,0.00,0.00,0.00,0.00
2153.39,30.92,41.44,36.00,20.00,MAN,9,0,0,0.00,0.00,0.00,0.00,0.00,0.00,0.00,0.00
2154.40,30.92,41.44,36.00,20.00,MAN,9,0,0,0.00,0.00,0.00,0.00,0.00,0.00,0.00,0.00
2155.40,30.92,41.48,36.00,20.00,MAN,9,0,0,0.00,0.00,0.00,0.00,0.00,0.00,0.00,0.00
2156.39,30.92,41.48,36.00,20.00,MAN,9,0,0,0.00,0.00,0.00,0.00,0.00,0.00,0.00,0.00
2157.40,30.92,41.48,36.00,20.00,MAN,9,0,0,0.00,0.00,0.00,0.00,0.00,0.00,0.00,0.00
2158.40,30.91,41.48,36.00,20.00,MAN,9,0,0,0.00,0.00,0.00,0.00,0.00,0.00,0.00,0.00
2159.40,30.91,41.48,36.00,20.00,MAN,9,0,0,0.00,0.00,0.00,0.00,0.00,0.00,0.00,0.00
2160.40,30.91,41.48,36.00,20.00,MAN,9,0,0,0.00,0.00,0.00,0.00,0.00,0.00,0.00,0.00
2161.40,30.91,41.48,36.00,20.00,MAN,9,0,0,0.00,0.00,0.00,0.00,0.00,0.00,0.00,0.00
2162.41,30.91,41.48,36.00,20.00,MAN,9,0,0,0.00,0.00,0.00,0.00,0.00,0.00,0.00,0.00
2163.41,30.91,41.48,36.00,20.00,MAN,9,0,0,0.00,0.00,0.00,0.00,0.00,0.00,0.00,0.00
2164.41,30.91,41.48,36.00,20.00,MAN,9,0,0,0.00,0.00,0.00,0.00,0.00,0.00,0.00,0.00
2165.41,30.91,41.48,36.00,20.00,MAN,9,0,0,0.00,0.00,0.00,0.00,0.00,0.00,0.00,0.00
