Time_Seconds,Temperature,Humidity,Setpoint_Temperature,Setpoint_Humidity,Ctrl,Error_Code,T_PWM,RH_PWM,T_PID_p,T_PID_i,T_PID_d,T_PID_out,RH_PID_p,RH_PID_i,RH_PID_d,RH_PID_out,T_output,RH_output,T_min_thld,T_max_thld,RH_min_thld,RH_max_thld
0.00,31.80,34.42,36.00,20.00,AUTO,0,0,NaN,0.00,0.00,0.00,0.00,NaN,NaN,NaN,NaN,NaN,NaN,NaN,NaN,NaN,NaN
0.84,31.80,34.42,36.00,20.00,AUTO,0,100,NaN,231.00,0.00,0.00,231.00,NaN,NaN,NaN,NaN,NaN,NaN,NaN,NaN,NaN,NaN
1.83,31.80,34.42,36.00,20.00,AUTO,0,100,NaN,231.00,0.00,0.00,231.00,NaN,NaN,NaN,NaN,NaN,NaN,NaN,NaN,NaN,NaN
2.84,31.81,34.42,36.00,20.00,AUTO,0,100,NaN,231.00,0.00,0.00,231.00,NaN,NaN,NaN,NaN,NaN,NaN,NaN,NaN,NaN,NaN
3.84,31.83,34.37,36.00,20.00,AUTO,0,100,NaN,231.00,0.00,0.00,231.00,NaN,NaN,NaN,NaN,NaN,NaN,NaN,NaN,NaN,NaN
4.84,31.84,34.37,36.00,20.00,AUTO,0,100,NaN,231.00,0.00,0.00,231.00,NaN,NaN,NaN,NaN,NaN,NaN,NaN,NaN,NaN,NaN
5.84,31.85,34.34,36.00,20.00,AUTO,0,100,NaN,231.00,0.00,0.00,231.00,NaN,NaN,NaN,NaN,NaN,NaN,NaN,NaN,NaN,NaN
6.84,31.86,34.34,36.00,20.00,AUTO,0,100,NaN,231.00,0.00,0.00,231.00,NaN,NaN,NaN,NaN,NaN,NaN,NaN,NaN,NaN,NaN
7.85,31.87,34.34,36.00,20.00,AUTO,0,100,NaN,231.00,0.00,0.00,231.00,NaN,NaN,NaN,NaN,NaN,NaN,NaN,NaN,NaN,NaN
8.85,31.88,34.30,36.00,20.00,AUTO,0,100,NaN,231.00,0.00,0.00,231.00,NaN,NaN,NaN,NaN,NaN,NaN,NaN,NaN,NaN,NaN
9.85,31.89,34.26,36.00,20.00,AUTO,0,100,NaN,231.00,0.00,0.00,231.00,NaN,NaN,NaN,NaN,NaN,NaN,NaN,NaN,NaN,NaN
10.85,31.90,34.28,36.00,20.00,AUTO,0,100,NaN,231.00,0.00,0.00,231.00,NaN,NaN,NaN,NaN,NaN,NaN,NaN,NaN,NaN,NaN
11.85,31.93,34.28,36.00,20.00,AUTO,0,100,NaN,231.00,0.00,0.00,231.00,NaN,NaN,NaN,NaN,NaN,NaN,NaN,NaN,NaN,NaN
12.85,31.94,34.24,36.00,20.00,AUTO,0,100,NaN,231.00,0.00,0.00,231.00,NaN,NaN,NaN,NaN,NaN,NaN,NaN,NaN,NaN,NaN
13.85,31.96,34.20,36.00,20.00,AUTO,0,100,NaN,231.00,0.00,0.00,231.00,NaN,NaN,NaN,NaN,NaN,NaN,NaN,NaN,NaN,NaN
14.85,31.97,34.20,36.00,20.00,AUTO,0,100,NaN,231.00,0.00,0.00,231.00,NaN,NaN,NaN,NaN,NaN,NaN,NaN,NaN,NaN,NaN
15.86,32.00,34.15,36.00,20.00,AUTO,0,100,NaN,221.93,0.00,-11.38,210.55,NaN,NaN,NaN,NaN,NaN,NaN,NaN,NaN,NaN,NaN
16.86,32.02,34.15,36.00,20.00,AUTO,0,100,NaN,221.93,0.00,-11.38,210.55,NaN,NaN,NaN,NaN,NaN,NaN,NaN,NaN,NaN,NaN
17.86,32.04,34.12,36.00,20.00,AUTO,0,100,NaN,221.93,0.00,-11.38,210.55,NaN,NaN,NaN,NaN,NaN,NaN,NaN,NaN,NaN,NaN
18.86,32.05,34.08,36.00,20.00,AUTO,0,100,NaN,221.93,0.00,-11.38,210.55,NaN,NaN,NaN,NaN,NaN,NaN,NaN,NaN,NaN,NaN
19.86,32.08,34.05,36.00,20.00,AUTO,0,100,NaN,221.93,0.00,-11.38,210.55,NaN,NaN,NaN,NaN,NaN,NaN,NaN,NaN,NaN,NaN
20.86,32.11,34.05,36.00,20.00,AUTO,0,100,NaN,221.93,0.00,-11.38,210.55,NaN,NaN,NaN,NaN,NaN,NaN,NaN,NaN,NaN,NaN
21.87,32.13,34.02,36.00,20.00,AUTO,0,100,NaN,221.93,0.00,-11.38,210.55,NaN,NaN,NaN,NaN,NaN,NaN,NaN,NaN,NaN,NaN
22.87,32.15,33.97,36.00,20.00,AUTO,0,100,NaN,221.93,0.00,-11.38,210.55,NaN,NaN,NaN,NaN,NaN,NaN,NaN,NaN,NaN,NaN
23.87,32.19,33.93,36.00,20.00,AUTO,0,100,NaN,221.93,0.00,-11.38,210.55,NaN,NaN,NaN,NaN,NaN,NaN,NaN,NaN,NaN,NaN
24.87,32.22,33.89,36.00,20.00,AUTO,0,100,NaN,221.93,0.00,-11.38,210.55,NaN,NaN,NaN,NaN,NaN,NaN,NaN,NaN,NaN,NaN
25.87,32.25,33.87,36.00,20.00,AUTO,0,100,NaN,221.93,0.00,-11.38,210.55,NaN,NaN,NaN,NaN,NaN,NaN,NaN,NaN,NaN,NaN
26.88,32.27,33.79,36.00,20.00,AUTO,0,100,NaN,221.93,0.00,-11.38,210.55,NaN,NaN,NaN,NaN,NaN,NaN,NaN,NaN,NaN,NaN
27.88,32.28,33.79,36.00,20.00,AUTO,0,100,NaN,221.93,0.00,-11.38,210.55,NaN,NaN,NaN,NaN,NaN,NaN,NaN,NaN,NaN,NaN
28.88,32.31,33.71,36.00,20.00,AUTO,0,100,NaN,221.93,0.00,-11.38,210.55,NaN,NaN,NaN,NaN,NaN,NaN,NaN,NaN,NaN,NaN
29.88,32.33,33.67,36.00,20.00,AUTO,0,100,NaN,221.93,0.00,-11.38,210.55,NaN,NaN,NaN,NaN,NaN,NaN,NaN,NaN,NaN,NaN
30.88,32.38,33.67,36.00,20.00,AUTO,0,100,NaN,202.40,0.00,-27.82,174.58,NaN,NaN,NaN,NaN,NaN,NaN,NaN,NaN,NaN,NaN
31.88,32.40,33.64,36.00,20.00,AUTO,0,100,NaN,202.40,0.00,-27.82,174.58,NaN,NaN,NaN,NaN,NaN,NaN,NaN,NaN,NaN,NaN
32.88,32.44,33.60,36.00,20.00,AUTO,0,100,NaN,202.40,0.00,-27.82,174.58,NaN,NaN,NaN,NaN,NaN,NaN,NaN,NaN,NaN,NaN
33.89,32.47,33.52,36.00,20.00,AUTO,0,100,NaN,202.40,0.00,-27.82,174.58,NaN,NaN,NaN,NaN,NaN,NaN,NaN,NaN,NaN,NaN
34.89,32.49,33.48,36.00,20.00,AUTO,0,100,NaN,202.40,0.00,-27.82,174.58,NaN,NaN,NaN,NaN,NaN,NaN,NaN,NaN,NaN,NaN
35.89,32.52,33.44,36.00,20.00,AUTO,0,100,NaN,202.40,0.00,-27.82,174.58,NaN,NaN,NaN,NaN,NaN,NaN,NaN,NaN,NaN,NaN
36.89,32.54,33.41,36.00,20.00,AUTO,0,100,NaN,202.40,0.00,-27.82,174.58,NaN,NaN,NaN,NaN,NaN,NaN,NaN,NaN,NaN,NaN
37.89,32.56,33.36,36.00,20.00,AUTO,0,100,NaN,202.40,0.00,-27.82,174.58,NaN,NaN,NaN,NaN,NaN,NaN,NaN,NaN,NaN,NaN
38.89,32.59,33.34,36.00,20.00,AUTO,0,100,NaN,202.40,0.00,-27.82,174.58,NaN,NaN,NaN,NaN,NaN,NaN,NaN,NaN,NaN,NaN
39.90,32.61,33.30,36.00,20.00,AUTO,0,100,NaN,202.40,0.00,-27.82,174.58,NaN,NaN,NaN,NaN,NaN,NaN,NaN,NaN,NaN,NaN
40.90,32.66,33.26,36.00,20.00,AUTO,0,100,NaN,202.40,0.00,-27.82,174.58,NaN,NaN,NaN,NaN,NaN,NaN,NaN,NaN,NaN,NaN
41.90,32.70,33.22,36.00,20.00,AUTO,0,100,NaN,202.40,0.00,-27.82,174.58,NaN,NaN,NaN,NaN,NaN,NaN,NaN,NaN,NaN,NaN
42.90,32.72,33.18,36.00,20.00,AUTO,0,100,NaN,202.40,0.00,-27.82,174.58,NaN,NaN,NaN,NaN,NaN,NaN,NaN,NaN,NaN,NaN
43.90,32.76,33.12,36.00,20.00,AUTO,0,100,NaN,202.40,0.00,-27.82,174.58,NaN,NaN,NaN,NaN,NaN,NaN,NaN,NaN,NaN,NaN
44.90,32.77,33.08,36.00,20.00,AUTO,0,100,NaN,202.40,0.00,-27.82,174.58,NaN,NaN,NaN,NaN,NaN,NaN,NaN,NaN,NaN,NaN
45.91,32.79,33.04,36.00,20.00,AUTO,0,100,NaN,177.93,0.00,-34.06,143.87,NaN,NaN,NaN,NaN,NaN,NaN,NaN,NaN,NaN,NaN
46.91,32.83,33.00,36.00,20.00,AUTO,0,100,NaN,177.93,0.00,-34.06,143.87,NaN,NaN,NaN,NaN,NaN,NaN,NaN,NaN,NaN,NaN
47.91,32.87,32.96,36.00,20.00,AUTO,0,100,NaN,177.93,0.00,-34.06,143.87,NaN,NaN,NaN,NaN,NaN,NaN,NaN,NaN,NaN,NaN
48.91,32.91,32.89,36.00,20.00,AUTO,0,100,NaN,177.93,0.00,-34.06,143.87,NaN,NaN,NaN,NaN,NaN,NaN,NaN,NaN,NaN,NaN
49.91,32.94,32.89,36.00,20.00,AUTO,0,100,NaN,177.93,0.00,-34.06,143.87,NaN,NaN,NaN,NaN,NaN,NaN,NaN,NaN,NaN,NaN
50.91,32.97,32.86,36.00,20.00,AUTO,0,100,NaN,177.93,0.00,-34.06,143.87,NaN,NaN,NaN,NaN,NaN,NaN,NaN,NaN,NaN,NaN
51.91,33.01,32.77,36.00,20.00,AUTO,0,100,NaN,177.93,0.00,-34.06,143.87,NaN,NaN,NaN,NaN,NaN,NaN,NaN,NaN,NaN,NaN
52.91,33.03,32.73,36.00,20.00,AUTO,0,100,NaN,177.93,0.00,-34.06,143.87,NaN,NaN,NaN,NaN,NaN,NaN,NaN,NaN,NaN,NaN
53.92,33.04,32.70,36.00,20.00,AUTO,0,100,NaN,177.93,0.00,-34.06,143.87,NaN,NaN,NaN,NaN,NaN,NaN,NaN,NaN,NaN,NaN
54.92,33.08,32.61,36.00,20.00,AUTO,0,100,NaN,177.93,0.00,-34.06,143.87,NaN,NaN,NaN,NaN,NaN,NaN,NaN,NaN,NaN,NaN
55.92,33.11,32.63,36.00,20.00,AUTO,0,100,NaN,177.93,0.00,-34.06,143.87,NaN,NaN,NaN,NaN,NaN,NaN,NaN,NaN,NaN,NaN
56.92,33.15,32.55,36.00,20.00,AUTO,0,100,NaN,177.93,0.00,-34.06,143.87,NaN,NaN,NaN,NaN,NaN,NaN,NaN,NaN,NaN,NaN
57.92,33.18,32.51,36.00,20.00,AUTO,0,100,NaN,177.93,0.00,-34.06,143.87,NaN,NaN,NaN,NaN,NaN,NaN,NaN,NaN,NaN,NaN
58.93,33.21,32.47,36.00,20.00,AUTO,0,100,NaN,177.93,0.00,-34.06,143.87,NaN,NaN,NaN,NaN,NaN,NaN,NaN,NaN,NaN,NaN
59.93,33.25,32.43,36.00,20.00,AUTO,0,100,NaN,177.93,0.00,-34.06,143.87,NaN,NaN,NaN,NaN,NaN,NaN,NaN,NaN,NaN,NaN
60.93,33.27,32.41,36.00,20.00,AUTO,0,100,NaN,152.35,0.00,-36.81,115.54,NaN,NaN,NaN,NaN,NaN,NaN,NaN,NaN,NaN,NaN
61.93,33.31,32.37,36.00,20.00,AUTO,0,100,NaN,152.35,0.00,-36.81,115.54,NaN,NaN,NaN,NaN,NaN,NaN,NaN,NaN,NaN,NaN
62.93,33.33,32.32,36.00,20.00,AUTO,0,100,NaN,152.35,0.00,-36.81,115.54,NaN,NaN,NaN,NaN,NaN,NaN,NaN,NaN,NaN,NaN
63.93,33.35,32.28,36.00,20.00,AUTO,0,100,NaN,152.35,0.00,-36.81,115.54,NaN,NaN,NaN,NaN,NaN,NaN,NaN,NaN,NaN,NaN
64.93,33.40,32.21,36.00,20.00,AUTO,0,100,NaN,152.35,0.00,-36.81,115.54,NaN,NaN,NaN,NaN,NaN,NaN,NaN,NaN,NaN,NaN
65.93,33.41,32.16,36.00,20.00,AUTO,0,100,NaN,152.35,0.00,-36.81,115.54,NaN,NaN,NaN,NaN,NaN,NaN,NaN,NaN,NaN,NaN
66.94,33.44,32.14,36.00,20.00,AUTO,0,100,NaN,152.35,0.00,-36.81,115.54,NaN,NaN,NaN,NaN,NaN,NaN,NaN,NaN,NaN,NaN
67.94,33.48,32.10,36.00,20.00,AUTO,0,100,NaN,152.35,0.00,-36.81,115.54,NaN,NaN,NaN,NaN,NaN,NaN,NaN,NaN,NaN,NaN
68.94,33.51,32.06,36.00,20.00,AUTO,0,100,NaN,152.35,0.00,-36.81,115.54,NaN,NaN,NaN,NaN,NaN,NaN,NaN,NaN,NaN,NaN
69.94,33.53,32.02,36.00,20.00,AUTO,0,100,NaN,152.35,0.00,-36.81,115.54,NaN,NaN,NaN,NaN,NaN,NaN,NaN,NaN,NaN,NaN
70.94,33.57,32.02,36.00,20.00,AUTO,0,100,NaN,152.35,0.00,-36.81,115.54,NaN,NaN,NaN,NaN,NaN,NaN,NaN,NaN,NaN,NaN
71.95,33.60,31.94,36.00,20.00,AUTO,0,100,NaN,152.35,0.00,-36.81,115.54,NaN,NaN,NaN,NaN,NaN,NaN,NaN,NaN,NaN,NaN
72.95,33.62,31.92,36.00,20.00,AUTO,0,100,NaN,152.35,0.00,-36.81,115.54,NaN,NaN,NaN,NaN,NaN,NaN,NaN,NaN,NaN,NaN
73.95,33.64,31.87,36.00,20.00,AUTO,0,100,NaN,152.35,0.00,-36.81,115.54,NaN,NaN,NaN,NaN,NaN,NaN,NaN,NaN,NaN,NaN
74.95,33.67,31.80,36.00,20.00,AUTO,0,100,NaN,152.35,0.00,-36.81,115.54,NaN,NaN,NaN,NaN,NaN,NaN,NaN,NaN,NaN,NaN
75.95,33.70,31.80,36.00,20.00,AUTO,0,94,NaN,128.98,0.00,-35.12,93.85,NaN,NaN,NaN,NaN,NaN,NaN,NaN,NaN,NaN,NaN
76.95,33.73,31.71,36.00,20.00,AUTO,0,94,NaN,128.98,0.00,-35.12,93.85,NaN,NaN,NaN,NaN,NaN,NaN,NaN,NaN,NaN,NaN
77.96,33.76,31.69,36.00,20.00,AUTO,0,94,NaN,128.98,0.00,-35.12,93.85,NaN,NaN,NaN,NaN,NaN,NaN,NaN,NaN,NaN,NaN
78.96,33.79,31.69,36.00,20.00,AUTO,0,94,NaN,128.98,0.00,-35.12,93.85,NaN,NaN,NaN,NaN,NaN,NaN,NaN,NaN,NaN,NaN
79.96,33.81,31.65,36.00,20.00,AUTO,0,94,NaN,128.98,0.00,-35.12,93.85,NaN,NaN,NaN,NaN,NaN,NaN,NaN,NaN,NaN,NaN
80.96,33.86,31.61,36.00,20.00,AUTO,0,94,NaN,128.98,0.00,-35.12,93.85,NaN,NaN,NaN,NaN,NaN,NaN,NaN,NaN,NaN,NaN
81.96,33.88,31.57,36.00,20.00,AUTO,0,94,NaN,128.98,0.00,-35.12,93.85,NaN,NaN,NaN,NaN,NaN,NaN,NaN,NaN,NaN,NaN
82.96,33.90,31.53,36.00,20.00,AUTO,0,94,NaN,128.98,0.00,-35.12,93.85,NaN,NaN,NaN,NaN,NaN,NaN,NaN,NaN,NaN,NaN
83.96,33.94,31.51,36.00,20.00,AUTO,0,94,NaN,128.98,0.00,-35.12,93.85,NaN,NaN,NaN,NaN,NaN,NaN,NaN,NaN,NaN,NaN
84.96,33.95,31.47,36.00,20.00,AUTO,0,94,NaN,128.98,0.00,-35.12,93.85,NaN,NaN,NaN,NaN,NaN,NaN,NaN,NaN,NaN,NaN
85.97,33.95,31.42,36.00,20.00,AUTO,0,94,NaN,128.98,0.00,-35.12,93.85,NaN,NaN,NaN,NaN,NaN,NaN,NaN,NaN,NaN,NaN
86.97,33.97,31.38,36.00,20.00,AUTO,0,94,NaN,128.98,0.00,-35.12,93.85,NaN,NaN,NaN,NaN,NaN,NaN,NaN,NaN,NaN,NaN
87.97,34.00,31.35,36.00,20.00,AUTO,0,94,NaN,128.98,0.00,-35.12,93.85,NaN,NaN,NaN,NaN,NaN,NaN,NaN,NaN,NaN,NaN
88.97,34.04,31.31,36.00,20.00,AUTO,0,94,NaN,128.98,0.00,-35.12,93.85,NaN,NaN,NaN,NaN,NaN,NaN,NaN,NaN,NaN,NaN
89.97,34.08,31.28,36.00,20.00,AUTO,0,94,NaN,128.98,0.00,-35.12,93.85,NaN,NaN,NaN,NaN,NaN,NaN,NaN,NaN,NaN,NaN
90.98,34.10,31.28,36.00,20.00,AUTO,0,86,NaN,106.70,11.07,-31.56,86.21,NaN,NaN,NaN,NaN,NaN,NaN,NaN,NaN,NaN,NaN
91.98,34.12,31.24,36.00,20.00,AUTO,0,86,NaN,106.70,11.07,-31.56,86.21,NaN,NaN,NaN,NaN,NaN,NaN,NaN,NaN,NaN,NaN
92.98,34.17,31.20,36.00,20.00,AUTO,0,86,NaN,106.70,11.07,-31.56,86.21,NaN,NaN,NaN,NaN,NaN,NaN,NaN,NaN,NaN,NaN
93.98,34.19,31.16,36.00,20.00,AUTO,0,86,NaN,106.70,11.07,-31.56,86.21,NaN,NaN,NaN,NaN,NaN,NaN,NaN,NaN,NaN,NaN
94.98,34.21,31.12,36.00,20.00,AUTO,0,86,NaN,106.70,11.07,-31.56,86.21,NaN,NaN,NaN,NaN,NaN,NaN,NaN,NaN,NaN,NaN
95.98,34.24,31.08,36.00,20.00,AUTO,0,86,NaN,106.70,11.07,-31.56,86.21,NaN,NaN,NaN,NaN,NaN,NaN,NaN,NaN,NaN,NaN
96.99,34.27,31.04,36.00,20.00,AUTO,0,86,NaN,106.70,11.07,-31.56,86.21,NaN,NaN,NaN,NaN,NaN,NaN,NaN,NaN,NaN,NaN
97.98,34.30,31.02,36.00,20.00,AUTO,0,86,NaN,106.70,11.07,-31.56,86.21,NaN,NaN,NaN,NaN,NaN,NaN,NaN,NaN,NaN,NaN
98.99,34.33,30.97,36.00,20.00,AUTO,0,86,NaN,106.70,11.07,-31.56,86.21,NaN,NaN,NaN,NaN,NaN,NaN,NaN,NaN,NaN,NaN
99.99,34.35,30.90,36.00,20.00,AUTO,0,86,NaN,106.70,11.07,-31.56,86.21,NaN,NaN,NaN,NaN,NaN,NaN,NaN,NaN,NaN,NaN
100.99,34.37,30.90,36.00,20.00,AUTO,0,86,NaN,106.70,11.07,-31.56,86.21,NaN,NaN,NaN,NaN,NaN,NaN,NaN,NaN,NaN,NaN
101.99,34.40,30.85,36.00,20.00,AUTO,0,86,NaN,106.70,11.07,-31.56,86.21,NaN,NaN,NaN,NaN,NaN,NaN,NaN,NaN,NaN,NaN
102.99,34.45,30.85,36.00,20.00,AUTO,0,86,NaN,106.70,11.07,-31.56,86.21,NaN,NaN,NaN,NaN,NaN,NaN,NaN,NaN,NaN,NaN
104.00,34.48,30.83,36.00,20.00,AUTO,0,86,NaN,106.70,11.07,-31.56,86.21,NaN,NaN,NaN,NaN,NaN,NaN,NaN,NaN,NaN,NaN
105.00,34.51,30.79,36.00,20.00,AUTO,0,86,NaN,106.70,11.07,-31.56,86.21,NaN,NaN,NaN,NaN,NaN,NaN,NaN,NaN,NaN,NaN
106.00,34.51,30.75,36.00,20.00,AUTO,0,68,NaN,82.77,20.00,-34.80,67.98,NaN,NaN,NaN,NaN,NaN,NaN,NaN,NaN,NaN,NaN
107.00,34.53,30.71,36.00,20.00,AUTO,0,68,NaN,82.77,20.00,-34.80,67.98,NaN,NaN,NaN,NaN,NaN,NaN,NaN,NaN,NaN,NaN
108.00,34.55,30.67,36.00,20.00,AUTO,0,68,NaN,82.77,20.00,-34.80,67.98,NaN,NaN,NaN,NaN,NaN,NaN,NaN,NaN,NaN,NaN
109.00,34.57,30.63,36.00,20.00,AUTO,0,68,NaN,82.77,20.00,-34.80,67.98,NaN,NaN,NaN,NaN,NaN,NaN,NaN,NaN,NaN,NaN
110.01,34.60,30.63,36.00,20.00,AUTO,0,68,NaN,82.77,20.00,-34.80,67.98,NaN,NaN,NaN,NaN,NaN,NaN,NaN,NaN,NaN,NaN
111.01,34.62,30.59,36.00,20.00,AUTO,0,68,NaN,82.77,20.00,-34.80,67.98,NaN,NaN,NaN,NaN,NaN,NaN,NaN,NaN,NaN,NaN
112.01,34.64,30.57,36.00,20.00,AUTO,0,68,NaN,82.77,20.00,-34.80,67.98,NaN,NaN,NaN,NaN,NaN,NaN,NaN,NaN,NaN,NaN
113.01,34.65,30.52,36.00,20.00,AUTO,0,68,NaN,82.77,20.00,-34.80,67.98,NaN,NaN,NaN,NaN,NaN,NaN,NaN,NaN,NaN,NaN
114.01,34.68,30.48,36.00,20.00,AUTO,0,68,NaN,82.77,20.00,-34.80,67.98,NaN,NaN,NaN,NaN,NaN,NaN,NaN,NaN,NaN,NaN
115.01,34.71,30.48,36.00,20.00,AUTO,0,68,NaN,82.77,20.00,-34.80,67.98,NaN,NaN,NaN,NaN,NaN,NaN,NaN,NaN,NaN,NaN
116.02,34.74,30.45,36.00,20.00,AUTO,0,68,NaN,82.77,20.00,-34.80,67.98,NaN,NaN,NaN,NaN,NaN,NaN,NaN,NaN,NaN,NaN
117.01,34.77,30.42,36.00,20.00,AUTO,0,68,NaN,82.77,20.00,-34.80,67.98,NaN,NaN,NaN,NaN,NaN,NaN,NaN,NaN,NaN,NaN
118.02,34.80,30.38,36.00,20.00,AUTO,0,68,NaN,82.77,20.00,-34.80,67.98,NaN,NaN,NaN,NaN,NaN,NaN,NaN,NaN,NaN,NaN
119.02,34.81,30.38,36.00,20.00,AUTO,0,68,NaN,82.77,20.00,-34.80,67.98,NaN,NaN,NaN,NaN,NaN,NaN,NaN,NaN,NaN,NaN
120.02,34.83,30.34,36.00,20.00,AUTO,0,68,NaN,82.77,20.00,-34.80,67.98,NaN,NaN,NaN,NaN,NaN,NaN,NaN,NaN,NaN,NaN
121.02,34.84,30.30,36.00,20.00,AUTO,0,64,NaN,64.90,27.00,-27.82,64.07,NaN,NaN,NaN,NaN,NaN,NaN,NaN,NaN,NaN,NaN
122.02,34.86,30.30,36.00,20.00,AUTO,0,64,NaN,64.90,27.00,-27.82,64.07,NaN,NaN,NaN,NaN,NaN,NaN,NaN,NaN,NaN,NaN
123.03,34.86,30.25,36.00,20.00,AUTO,0,64,NaN,64.90,27.00,-27.82,64.07,NaN,NaN,NaN,NaN,NaN,NaN,NaN,NaN,NaN,NaN
124.03,34.89,30.22,36.00,20.00,AUTO,0,64,NaN,64.90,27.00,-27.82,64.07,NaN,NaN,NaN,NaN,NaN,NaN,NaN,NaN,NaN,NaN
125.03,34.91,30.22,36.00,20.00,AUTO,0,64,NaN,64.90,27.00,-27.82,64.07,NaN,NaN,NaN,NaN,NaN,NaN,NaN,NaN,NaN,NaN
126.03,34.93,30.18,36.00,20.00,AUTO,0,64,NaN,64.90,27.00,-27.82,64.07,NaN,NaN,NaN,NaN,NaN,NaN,NaN,NaN,NaN,NaN
127.03,34.95,30.14,36.00,20.00,AUTO,0,64,NaN,64.90,27.00,-27.82,64.07,NaN,NaN,NaN,NaN,NaN,NaN,NaN,NaN,NaN,NaN
128.03,34.98,30.11,36.00,20.00,AUTO,0,64,NaN,64.90,27.00,-27.82,64.07,NaN,NaN,NaN,NaN,NaN,NaN,NaN,NaN,NaN,NaN
129.04,35.00,30.07,36.00,20.00,AUTO,0,64,NaN,64.90,27.00,-27.82,64.07,NaN,NaN,NaN,NaN,NaN,NaN,NaN,NaN,NaN,NaN
130.04,35.01,30.07,36.00,20.00,AUTO,0,64,NaN,64.90,27.00,-27.82,64.07,NaN,NaN,NaN,NaN,NaN,NaN,NaN,NaN,NaN,NaN
131.04,35.05,30.07,36.00,20.00,AUTO,0,64,NaN,64.90,27.00,-27.82,64.07,NaN,NaN,NaN,NaN,NaN,NaN,NaN,NaN,NaN,NaN
132.04,35.05,30.03,36.00,20.00,AUTO,0,64,NaN,64.90,27.00,-27.82,64.07,NaN,NaN,NaN,NaN,NaN,NaN,NaN,NaN,NaN,NaN
133.04,35.08,30.03,36.00,20.00,AUTO,0,64,NaN,64.90,27.00,-27.82,64.07,NaN,NaN,NaN,NaN,NaN,NaN,NaN,NaN,NaN,NaN
134.04,35.09,30.00,36.00,20.00,AUTO,0,64,NaN,64.90,27.00,-27.82,64.07,NaN,NaN,NaN,NaN,NaN,NaN,NaN,NaN,NaN,NaN
135.04,35.11,30.00,36.00,20.00,AUTO,0,64,NaN,64.90,27.00,-27.82,64.07,NaN,NaN,NaN,NaN,NaN,NaN,NaN,NaN,NaN,NaN
136.05,35.11,29.95,36.00,20.00,AUTO,0,59,NaN,49.50,32.39,-23.02,58.86,NaN,NaN,NaN,NaN,NaN,NaN,NaN,NaN,NaN,NaN
137.05,35.12,29.96,36.00,20.00,AUTO,0,59,NaN,49.50,32.39,-23.02,58.86,NaN,NaN,NaN,NaN,NaN,NaN,NaN,NaN,NaN,NaN
138.05,35.14,29.93,36.00,20.00,AUTO,0,59,NaN,49.50,32.39,-23.02,58.86,NaN,NaN,NaN,NaN,NaN,NaN,NaN,NaN,NaN,NaN
139.05,35.16,29.93,36.00,20.00,AUTO,0,59,NaN,49.50,32.39,-23.02,58.86,NaN,NaN,NaN,NaN,NaN,NaN,NaN,NaN,NaN,NaN
140.05,35.18,29.89,36.00,20.00,AUTO,0,59,NaN,49.50,32.39,-23.02,58.86,NaN,NaN,NaN,NaN,NaN,NaN,NaN,NaN,NaN,NaN
141.05,35.19,29.89,36.00,20.00,AUTO,0,59,NaN,49.50,32.39,-23.02,58.86,NaN,NaN,NaN,NaN,NaN,NaN,NaN,NaN,NaN,NaN
142.06,35.20,29.85,36.00,20.00,AUTO,0,59,NaN,49.50,32.39,-23.02,58.86,NaN,NaN,NaN,NaN,NaN,NaN,NaN,NaN,NaN,NaN
143.06,35.20,29.85,36.00,20.00,AUTO,0,59,NaN,49.50,32.39,-23.02,58.86,NaN,NaN,NaN,NaN,NaN,NaN,NaN,NaN,NaN,NaN
144.06,35.22,29.80,36.00,20.00,AUTO,0,59,NaN,49.50,32.39,-23.02,58.86,NaN,NaN,NaN,NaN,NaN,NaN,NaN,NaN,NaN,NaN
145.06,35.25,29.80,36.00,20.00,AUTO,0,59,NaN,49.50,32.39,-23.02,58.86,NaN,NaN,NaN,NaN,NaN,NaN,NaN,NaN,NaN,NaN
146.06,35.26,29.80,36.00,20.00,AUTO,0,59,NaN,49.50,32.39,-23.02,58.86,NaN,NaN,NaN,NaN,NaN,NaN,NaN,NaN,NaN,NaN
147.06,35.27,29.77,36.00,20.00,AUTO,0,59,NaN,49.50,32.39,-23.02,58.86,NaN,NaN,NaN,NaN,NaN,NaN,NaN,NaN,NaN,NaN
148.06,35.27,29.77,36.00,20.00,AUTO,0,59,NaN,49.50,32.39,-23.02,58.86,NaN,NaN,NaN,NaN,NaN,NaN,NaN,NaN,NaN,NaN
149.07,35.28,29.77,36.00,20.00,AUTO,0,59,NaN,49.50,32.39,-23.02,58.86,NaN,NaN,NaN,NaN,NaN,NaN,NaN,NaN,NaN,NaN
150.07,35.30,29.74,36.00,20.00,AUTO,0,59,NaN,49.50,32.39,-23.02,58.86,NaN,NaN,NaN,NaN,NaN,NaN,NaN,NaN,NaN,NaN
151.07,35.30,29.74,36.00,20.00,AUTO,0,59,NaN,39.05,36.53,-16.14,59.44,NaN,NaN,NaN,NaN,NaN,NaN,NaN,NaN,NaN,NaN
152.07,35.31,29.74,36.00,20.00,AUTO,0,59,NaN,39.05,36.53,-16.14,59.44,NaN,NaN,NaN,NaN,NaN,NaN,NaN,NaN,NaN,NaN
153.07,35.33,29.71,36.00,20.00,AUTO,0,59,NaN,39.05,36.53,-16.14,59.44,NaN,NaN,NaN,NaN,NaN,NaN,NaN,NaN,NaN,NaN
154.07,35.34,29.66,36.00,20.00,AUTO,0,59,NaN,39.05,36.53,-16.14,59.44,NaN,NaN,NaN,NaN,NaN,NaN,NaN,NaN,NaN,NaN
155.08,35.35,29.66,36.00,20.00,AUTO,0,59,NaN,39.05,36.53,-16.14,59.44,NaN,NaN,NaN,NaN,NaN,NaN,NaN,NaN,NaN,NaN
156.08,35.36,29.66,36.00,20.00,AUTO,0,59,NaN,39.05,36.53,-16.14,59.44,NaN,NaN,NaN,NaN,NaN,NaN,NaN,NaN,NaN,NaN
157.08,35.36,29.66,36.00,20.00,AUTO,0,59,NaN,39.05,36.53,-16.14,59.44,NaN,NaN,NaN,NaN,NaN,NaN,NaN,NaN,NaN,NaN
158.08,35.37,29.66,36.00,20.00,AUTO,0,59,NaN,39.05,36.53,-16.14,59.44,NaN,NaN,NaN,NaN,NaN,NaN,NaN,NaN,NaN,NaN
159.08,35.38,29.66,36.00,20.00,AUTO,0,59,NaN,39.05,36.53,-16.14,59.44,NaN,NaN,NaN,NaN,NaN,NaN,NaN,NaN,NaN,NaN
160.08,35.40,29.62,36.00,20.00,AUTO,0,59,NaN,39.05,36.53,-16.14,59.44,NaN,NaN,NaN,NaN,NaN,NaN,NaN,NaN,NaN,NaN
161.09,35.42,29.62,36.00,20.00,AUTO,0,59,NaN,39.05,36.53,-16.14,59.44,NaN,NaN,NaN,NaN,NaN,NaN,NaN,NaN,NaN,NaN
162.08,35.42,29.62,36.00,20.00,AUTO,0,59,NaN,39.05,36.53,-16.14,59.44,NaN,NaN,NaN,NaN,NaN,NaN,NaN,NaN,NaN,NaN
163.09,35.43,29.62,36.00,20.00,AUTO,0,59,NaN,39.05,36.53,-16.14,59.44,NaN,NaN,NaN,NaN,NaN,NaN,NaN,NaN,NaN,NaN
164.09,35.44,29.58,36.00,20.00,AUTO,0,59,NaN,39.05,36.53,-16.14,59.44,NaN,NaN,NaN,NaN,NaN,NaN,NaN,NaN,NaN,NaN
165.09,35.44,29.58,36.00,20.00,AUTO,0,59,NaN,39.05,36.53,-16.14,59.44,NaN,NaN,NaN,NaN,NaN,NaN,NaN,NaN,NaN,NaN
166.09,35.44,29.58,36.00,20.00,AUTO,0,58,NaN,30.80,39.81,-12.19,58.42,NaN,NaN,NaN,NaN,NaN,NaN,NaN,NaN,NaN,NaN
167.09,35.45,29.56,36.00,20.00,AUTO,0,58,NaN,30.80,39.81,-12.19,58.42,NaN,NaN,NaN,NaN,NaN,NaN,NaN,NaN,NaN,NaN
168.10,35.47,29.56,36.00,20.00,AUTO,0,58,NaN,30.80,39.81,-12.19,58.42,NaN,NaN,NaN,NaN,NaN,NaN,NaN,NaN,NaN,NaN
169.10,35.47,29.56,36.00,20.00,AUTO,0,58,NaN,30.80,39.81,-12.19,58.42,NaN,NaN,NaN,NaN,NaN,NaN,NaN,NaN,NaN,NaN
170.10,35.47,29.56,36.00,20.00,AUTO,0,58,NaN,30.80,39.81,-12.19,58.42,NaN,NaN,NaN,NaN,NaN,NaN,NaN,NaN,NaN,NaN
171.10,35.48,29.56,36.00,20.00,AUTO,0,58,NaN,30.80,39.81,-12.19,58.42,NaN,NaN,NaN,NaN,NaN,NaN,NaN,NaN,NaN,NaN
172.10,35.49,29.56,36.00,20.00,AUTO,0,58,NaN,30.80,39.81,-12.19,58.42,NaN,NaN,NaN,NaN,NaN,NaN,NaN,NaN,NaN,NaN
173.10,35.50,29.51,36.00,20.00,AUTO,0,58,NaN,30.80,39.81,-12.19,58.42,NaN,NaN,NaN,NaN,NaN,NaN,NaN,NaN,NaN,NaN
174.11,35.50,29.51,36.00,20.00,AUTO,0,58,NaN,30.80,39.81,-12.19,58.42,NaN,NaN,NaN,NaN,NaN,NaN,NaN,NaN,NaN,NaN
175.11,35.53,29.51,36.00,20.00,AUTO,0,58,NaN,30.80,39.81,-12.19,58.42,NaN,NaN,NaN,NaN,NaN,NaN,NaN,NaN,NaN,NaN
176.11,35.54,29.48,36.00,20.00,AUTO,0,58,NaN,30.80,39.81,-12.19,58.42,NaN,NaN,NaN,NaN,NaN,NaN,NaN,NaN,NaN,NaN
177.11,35.55,29.48,36.00,20.00,AUTO,0,58,NaN,30.80,39.81,-12.19,58.42,NaN,NaN,NaN,NaN,NaN,NaN,NaN,NaN,NaN,NaN
178.11,35.55,29.48,36.00,20.00,AUTO,0,58,NaN,30.80,39.81,-12.19,58.42,NaN,NaN,NaN,NaN,NaN,NaN,NaN,NaN,NaN,NaN
179.12,35.57,29.44,36.00,20.00,AUTO,0,58,NaN,30.80,39.81,-12.19,58.42,NaN,NaN,NaN,NaN,NaN,NaN,NaN,NaN,NaN,NaN
180.12,35.58,29.44,36.00,20.00,AUTO,0,58,NaN,30.80,39.81,-12.19,58.42,NaN,NaN,NaN,NaN,NaN,NaN,NaN,NaN,NaN,NaN
181.12,35.57,29.44,36.00,20.00,AUTO,0,56,NaN,23.37,42.40,-10.19,55.58,NaN,NaN,NaN,NaN,NaN,NaN,NaN,NaN,NaN,NaN
182.12,35.57,29.40,36.00,20.00,AUTO,0,56,NaN,23.37,42.40,-10.19,55.58,NaN,NaN,NaN,NaN,NaN,NaN,NaN,NaN,NaN,NaN
183.12,35.59,29.40,36.00,20.00,AUTO,0,56,NaN,23.37,42.40,-10.19,55.58,NaN,NaN,NaN,NaN,NaN,NaN,NaN,NaN,NaN,NaN
184.12,35.59,29.40,36.00,20.00,AUTO,0,56,NaN,23.37,42.40,-10.19,55.58,NaN,NaN,NaN,NaN,NaN,NaN,NaN,NaN,NaN,NaN
185.12,35.59,29.40,36.00,20.00,AUTO,0,56,NaN,23.37,42.40,-10.19,55.58,NaN,NaN,NaN,NaN,NaN,NaN,NaN,NaN,NaN,NaN
186.12,35.59,29.40,36.00,20.00,AUTO,0,56,NaN,23.37,42.40,-10.19,55.58,NaN,NaN,NaN,NaN,NaN,NaN,NaN,NaN,NaN,NaN
187.13,35.59,29.40,36.00,20.00,AUTO,0,56,NaN,23.37,42.40,-10.19,55.58,NaN,NaN,NaN,NaN,NaN,NaN,NaN,NaN,NaN,NaN
188.13,35.62,29.40,36.00,20.00,AUTO,0,56,NaN,23.37,42.40,-10.19,55.58,NaN,NaN,NaN,NaN,NaN,NaN,NaN,NaN,NaN,NaN
189.13,35.62,29.35,36.00,20.00,AUTO,0,56,NaN,23.37,42.40,-10.19,55.58,NaN,NaN,NaN,NaN,NaN,NaN,NaN,NaN,NaN,NaN
190.13,35.64,29.37,36.00,20.00,AUTO,0,56,NaN,23.37,42.40,-10.19,55.58,NaN,NaN,NaN,NaN,NaN,NaN,NaN,NaN,NaN,NaN
191.13,35.65,29.35,36.00,20.00,AUTO,0,56,NaN,23.37,42.40,-10.19,55.58,NaN,NaN,NaN,NaN,NaN,NaN,NaN,NaN,NaN,NaN
192.13,35.66,29.33,36.00,20.00,AUTO,0,56,NaN,23.37,42.40,-10.19,55.58,NaN,NaN,NaN,NaN,NaN,NaN,NaN,NaN,NaN,NaN
193.14,35.68,29.33,36.00,20.00,AUTO,0,56,NaN,23.37,42.40,-10.19,55.58,NaN,NaN,NaN,NaN,NaN,NaN,NaN,NaN,NaN,NaN
194.14,35.69,29.33,36.00,20.00,AUTO,0,56,NaN,23.37,42.40,-10.19,55.58,NaN,NaN,NaN,NaN,NaN,NaN,NaN,NaN,NaN,NaN
195.14,35.69,29.33,36.00,20.00,AUTO,0,56,NaN,23.37,42.40,-10.19,55.58,NaN,NaN,NaN,NaN,NaN,NaN,NaN,NaN,NaN,NaN
196.14,35.68,29.33,36.00,20.00,AUTO,0,52,NaN,17.05,44.38,-9.25,52.18,NaN,NaN,NaN,NaN,NaN,NaN,NaN,NaN,NaN,NaN
197.14,35.68,29.33,36.00,20.00,AUTO,0,52,NaN,17.05,44.38,-9.25,52.18,NaN,NaN,NaN,NaN,NaN,NaN,NaN,NaN,NaN,NaN
198.14,35.69,29.29,36.00,20.00,AUTO,0,52,NaN,17.05,44.38,-9.25,52.18,NaN,NaN,NaN,NaN,NaN,NaN,NaN,NaN,NaN,NaN
199.14,35.69,29.29,36.00,20.00,AUTO,0,52,NaN,17.05,44.38,-9.25,52.18,NaN,NaN,NaN,NaN,NaN,NaN,NaN,NaN,NaN,NaN
200.15,35.70,29.29,36.00,20.00,AUTO,0,52,NaN,17.05,44.38,-9.25,52.18,NaN,NaN,NaN,NaN,NaN,NaN,NaN,NaN,NaN,NaN
201.15,35.71,29.29,36.00,20.00,AUTO,0,52,NaN,17.05,44.38,-9.25,52.18,NaN,NaN,NaN,NaN,NaN,NaN,NaN,NaN,NaN,NaN
202.15,35.71,29.29,36.00,20.00,AUTO,0,52,NaN,17.05,44.38,-9.25,52.18,NaN,NaN,NaN,NaN,NaN,NaN,NaN,NaN,NaN,NaN
203.15,35.72,29.29,36.00,20.00,AUTO,0,52,NaN,17.05,44.38,-9.25,52.18,NaN,NaN,NaN,NaN,NaN,NaN,NaN,NaN,NaN,NaN
204.15,35.73,29.29,36.00,20.00,AUTO,0,52,NaN,17.05,44.38,-9.25,52.18,NaN,NaN,NaN,NaN,NaN,NaN,NaN,NaN,NaN,NaN
205.16,35.73,29.29,36.00,20.00,AUTO,0,52,NaN,17.05,44.38,-9.25,52.18,NaN,NaN,NaN,NaN,NaN,NaN,NaN,NaN,NaN,NaN
206.16,35.74,29.29,36.00,20.00,AUTO,0,52,NaN,17.05,44.38,-9.25,52.18,NaN,NaN,NaN,NaN,NaN,NaN,NaN,NaN,NaN,NaN
207.16,35.74,29.29,36.00,20.00,AUTO,0,52,NaN,17.05,44.38,-9.25,52.18,NaN,NaN,NaN,NaN,NaN,NaN,NaN,NaN,NaN,NaN
208.16,35.74,29.29,36.00,20.00,AUTO,0,52,NaN,17.05,44.38,-9.25,52.18,NaN,NaN,NaN,NaN,NaN,NaN,NaN,NaN,NaN,NaN
209.16,35.74,29.29,36.00,20.00,AUTO,0,52,NaN,17.05,44.38,-9.25,52.18,NaN,NaN,NaN,NaN,NaN,NaN,NaN,NaN,NaN,NaN
210.16,35.74,29.29,36.00,20.00,AUTO,0,52,NaN,17.05,44.38,-9.25,52.18,NaN,NaN,NaN,NaN,NaN,NaN,NaN,NaN,NaN,NaN
211.16,35.73,29.29,36.00,20.00,AUTO,0,55,NaN,14.30,45.87,-5.58,54.59,NaN,NaN,NaN,NaN,NaN,NaN,NaN,NaN,NaN,NaN
212.17,35.73,29.29,36.00,20.00,AUTO,0,55,NaN,14.30,45.87,-5.58,54.59,NaN,NaN,NaN,NaN,NaN,NaN,NaN,NaN,NaN,NaN
213.17,35.74,29.29,36.00,20.00,AUTO,0,55,NaN,14.30,45.87,-5.58,54.59,NaN,NaN,NaN,NaN,NaN,NaN,NaN,NaN,NaN,NaN
214.17,35.74,29.29,36.00,20.00,AUTO,0,55,NaN,14.30,45.87,-5.58,54.59,NaN,NaN,NaN,NaN,NaN,NaN,NaN,NaN,NaN,NaN
215.17,35.74,29.29,36.00,20.00,AUTO,0,55,NaN,14.30,45.87,-5.58,54.59,NaN,NaN,NaN,NaN,NaN,NaN,NaN,NaN,NaN,NaN
216.18,35.74,29.29,36.00,20.00,AUTO,0,55,NaN,14.30,45.87,-5.58,54.59,NaN,NaN,NaN,NaN,NaN,NaN,NaN,NaN,NaN,NaN
217.17,35.74,29.29,36.00,20.00,AUTO,0,55,NaN,14.30,45.87,-5.58,54.59,NaN,NaN,NaN,NaN,NaN,NaN,NaN,NaN,NaN,NaN
218.17,35.74,29.29,36.00,20.00,AUTO,0,55,NaN,14.30,45.87,-5.58,54.59,NaN,NaN,NaN,NaN,NaN,NaN,NaN,NaN,NaN,NaN
219.18,35.75,29.29,36.00,20.00,AUTO,0,55,NaN,14.30,45.87,-5.58,54.59,NaN,NaN,NaN,NaN,NaN,NaN,NaN,NaN,NaN,NaN
220.18,35.77,29.29,36.00,20.00,AUTO,0,55,NaN,14.30,45.87,-5.58,54.59,NaN,NaN,NaN,NaN,NaN,NaN,NaN,NaN,NaN,NaN
221.18,35.77,29.29,36.00,20.00,AUTO,0,55,NaN,14.30,45.87,-5.58,54.59,NaN,NaN,NaN,NaN,NaN,NaN,NaN,NaN,NaN,NaN
222.18,35.78,29.25,36.00,20.00,AUTO,0,55,NaN,14.30,45.87,-5.58,54.59,NaN,NaN,NaN,NaN,NaN,NaN,NaN,NaN,NaN,NaN
223.18,35.78,29.25,36.00,20.00,AUTO,0,55,NaN,14.30,45.87,-5.58,54.59,NaN,NaN,NaN,NaN,NaN,NaN,NaN,NaN,NaN,NaN
224.18,35.79,29.25,36.00,20.00,AUTO,0,55,NaN,14.30,45.87,-5.58,54.59,NaN,NaN,NaN,NaN,NaN,NaN,NaN,NaN,NaN,NaN
225.19,35.80,29.25,36.00,20.00,AUTO,0,55,NaN,14.30,45.87,-5.58,54.59,NaN,NaN,NaN,NaN,NaN,NaN,NaN,NaN,NaN,NaN
226.19,35.79,29.25,36.00,20.00,AUTO,0,55,NaN,11.28,47.15,-3.55,54.87,NaN,NaN,NaN,NaN,NaN,NaN,NaN,NaN,NaN,NaN
227.19,35.79,29.25,36.00,20.00,AUTO,0,55,NaN,11.28,47.15,-3.55,54.87,NaN,NaN,NaN,NaN,NaN,NaN,NaN,NaN,NaN,NaN
228.19,35.79,29.21,36.00,20.00,AUTO,0,55,NaN,11.28,47.15,-3.55,54.87,NaN,NaN,NaN,NaN,NaN,NaN,NaN,NaN,NaN,NaN
229.19,35.79,29.21,36.00,20.00,AUTO,0,55,NaN,11.28,47.15,-3.55,54.87,NaN,NaN,NaN,NaN,NaN,NaN,NaN,NaN,NaN,NaN
230.19,35.79,29.21,36.00,20.00,AUTO,0,55,NaN,11.28,47.15,-3.55,54.87,NaN,NaN,NaN,NaN,NaN,NaN,NaN,NaN,NaN,NaN
231.19,35.79,29.21,36.00,20.00,AUTO,0,55,NaN,11.28,47.15,-3.55,54.87,NaN,NaN,NaN,NaN,NaN,NaN,NaN,NaN,NaN,NaN
232.20,35.79,29.21,36.00,20.00,AUTO,0,55,NaN,11.28,47.15,-3.55,54.87,NaN,NaN,NaN,NaN,NaN,NaN,NaN,NaN,NaN,NaN
233.20,35.79,29.21,36.00,20.00,AUTO,0,55,NaN,11.28,47.15,-3.55,54.87,NaN,NaN,NaN,NaN,NaN,NaN,NaN,NaN,NaN,NaN
234.20,35.80,29.21,36.00,20.00,AUTO,0,55,NaN,11.28,47.15,-3.55,54.87,NaN,NaN,NaN,NaN,NaN,NaN,NaN,NaN,NaN,NaN
235.20,35.82,29.22,36.00,20.00,AUTO,0,55,NaN,11.28,47.15,-3.55,54.87,NaN,NaN,NaN,NaN,NaN,NaN,NaN,NaN,NaN,NaN
236.20,35.82,29.22,36.00,20.00,AUTO,0,55,NaN,11.28,47.15,-3.55,54.87,NaN,NaN,NaN,NaN,NaN,NaN,NaN,NaN,NaN,NaN
237.21,35.83,29.22,36.00,20.00,AUTO,0,55,NaN,11.28,47.15,-3.55,54.87,NaN,NaN,NaN,NaN,NaN,NaN,NaN,NaN,NaN,NaN
238.21,35.83,29.22,36.00,20.00,AUTO,0,55,NaN,11.28,47.15,-3.55,54.87,NaN,NaN,NaN,NaN,NaN,NaN,NaN,NaN,NaN,NaN
239.21,35.83,29.22,36.00,20.00,AUTO,0,55,NaN,11.28,47.15,-3.55,54.87,NaN,NaN,NaN,NaN,NaN,NaN,NaN,NaN,NaN,NaN
240.21,35.83,29.22,36.00,20.00,AUTO,0,55,NaN,11.28,47.15,-3.55,54.87,NaN,NaN,NaN,NaN,NaN,NaN,NaN,NaN,NaN,NaN
241.21,35.82,29.22,36.00,20.00,AUTO,0,54,NaN,9.35,48.17,-3.45,54.08,NaN,NaN,NaN,NaN,NaN,NaN,NaN,NaN,NaN,NaN
242.21,35.82,29.22,36.00,20.00,AUTO,0,54,NaN,9.35,48.17,-3.45,54.08,NaN,NaN,NaN,NaN,NaN,NaN,NaN,NaN,NaN,NaN
243.22,35.82,29.22,36.00,20.00,AUTO,0,54,NaN,9.35,48.17,-3.45,54.08,NaN,NaN,NaN,NaN,NaN,NaN,NaN,NaN,NaN,NaN
244.22,35.82,29.22,36.00,20.00,AUTO,0,54,NaN,9.35,48.17,-3.45,54.08,NaN,NaN,NaN,NaN,NaN,NaN,NaN,NaN,NaN,NaN
245.22,35.83,29.22,36.00,20.00,AUTO,0,54,NaN,9.35,48.17,-3.45,54.08,NaN,NaN,NaN,NaN,NaN,NaN,NaN,NaN,NaN,NaN
246.22,35.84,29.22,36.00,20.00,AUTO,0,54,NaN,9.35,48.17,-3.45,54.08,NaN,NaN,NaN,NaN,NaN,NaN,NaN,NaN,NaN,NaN
247.22,35.83,29.22,36.00,20.00,AUTO,0,54,NaN,9.35,48.17,-3.45,54.08,NaN,NaN,NaN,NaN,NaN,NaN,NaN,NaN,NaN,NaN
248.22,35.83,29.22,36.00,20.00,AUTO,0,54,NaN,9.35,48.17,-3.45,54.08,NaN,NaN,NaN,NaN,NaN,NaN,NaN,NaN,NaN,NaN
249.22,35.84,29.22,36.00,20.00,AUTO,0,54,NaN,9.35,48.17,-3.45,54.08,NaN,NaN,NaN,NaN,NaN,NaN,NaN,NaN,NaN,NaN
250.22,35.85,29.22,36.00,20.00,AUTO,0,54,NaN,9.35,48.17,-3.45,54.08,NaN,NaN,NaN,NaN,NaN,NaN,NaN,NaN,NaN,NaN
251.23,35.85,29.22,36.00,20.00,AUTO,0,54,NaN,9.35,48.17,-3.45,54.08,NaN,NaN,NaN,NaN,NaN,NaN,NaN,NaN,NaN,NaN
252.23,35.86,29.22,36.00,20.00,AUTO,0,54,NaN,9.35,48.17,-3.45,54.08,NaN,NaN,NaN,NaN,NaN,NaN,NaN,NaN,NaN,NaN
253.23,35.87,29.22,36.00,20.00,AUTO,0,54,NaN,9.35,48.17,-3.45,54.08,NaN,NaN,NaN,NaN,NaN,NaN,NaN,NaN,NaN,NaN
254.23,35.87,29.22,36.00,20.00,AUTO,0,54,NaN,9.35,48.17,-3.45,54.08,NaN,NaN,NaN,NaN,NaN,NaN,NaN,NaN,NaN,NaN
255.23,35.87,29.19,36.00,20.00,AUTO,0,54,NaN,9.35,48.17,-3.45,54.08,NaN,NaN,NaN,NaN,NaN,NaN,NaN,NaN,NaN,NaN
256.24,35.86,29.19,36.00,20.00,AUTO,0,53,NaN,7.15,49.01,-3.01,53.14,NaN,NaN,NaN,NaN,NaN,NaN,NaN,NaN,NaN,NaN
257.24,35.86,29.19,36.00,20.00,AUTO,0,53,NaN,7.15,49.01,-3.01,53.14,NaN,NaN,NaN,NaN,NaN,NaN,NaN,NaN,NaN,NaN
258.24,35.86,29.19,36.00,20.00,AUTO,0,53,NaN,7.15,49.01,-3.01,53.14,NaN,NaN,NaN,NaN,NaN,NaN,NaN,NaN,NaN,NaN
259.24,35.86,29.19,36.00,20.00,AUTO,0,53,NaN,7.15,49.01,-3.01,53.14,NaN,NaN,NaN,NaN,NaN,NaN,NaN,NaN,NaN,NaN
260.24,35.86,29.19,36.00,20.00,AUTO,0,53,NaN,7.15,49.01,-3.01,53.14,NaN,NaN,NaN,NaN,NaN,NaN,NaN,NaN,NaN,NaN
261.24,35.87,29.19,36.00,20.00,AUTO,0,53,NaN,7.15,49.01,-3.01,53.14,NaN,NaN,NaN,NaN,NaN,NaN,NaN,NaN,NaN,NaN
262.25,35.87,29.19,36.00,20.00,AUTO,0,53,NaN,7.15,49.01,-3.01,53.14,NaN,NaN,NaN,NaN,NaN,NaN,NaN,NaN,NaN,NaN
263.24,35.87,29.19,36.00,20.00,AUTO,0,53,NaN,7.15,49.01,-3.01,53.14,NaN,NaN,NaN,NaN,NaN,NaN,NaN,NaN,NaN,NaN
264.25,35.89,29.19,36.00,20.00,AUTO,0,53,NaN,7.15,49.01,-3.01,53.14,NaN,NaN,NaN,NaN,NaN,NaN,NaN,NaN,NaN,NaN
265.25,35.90,29.19,36.00,20.00,AUTO,0,53,NaN,7.15,49.01,-3.01,53.14,NaN,NaN,NaN,NaN,NaN,NaN,NaN,NaN,NaN,NaN
266.25,35.90,29.15,36.00,20.00,AUTO,0,53,NaN,7.15,49.01,-3.01,53.14,NaN,NaN,NaN,NaN,NaN,NaN,NaN,NaN,NaN,NaN
267.25,35.90,29.19,36.00,20.00,AUTO,0,53,NaN,7.15,49.01,-3.01,53.14,NaN,NaN,NaN,NaN,NaN,NaN,NaN,NaN,NaN,NaN
268.25,35.92,29.15,36.00,20.00,AUTO,0,53,NaN,7.15,49.01,-3.01,53.14,NaN,NaN,NaN,NaN,NaN,NaN,NaN,NaN,NaN,NaN
269.26,35.92,29.15,36.00,20.00,AUTO,0,53,NaN,7.15,49.01,-3.01,53.14,NaN,NaN,NaN,NaN,NaN,NaN,NaN,NaN,NaN,NaN
270.26,35.92,29.15,36.00,20.00,AUTO,0,53,NaN,7.15,49.01,-3.01,53.14,NaN,NaN,NaN,NaN,NaN,NaN,NaN,NaN,NaN,NaN
271.26,35.90,29.15,36.00,20.00,AUTO,0,50,NaN,4.40,49.62,-4.04,49.97,NaN,NaN,NaN,NaN,NaN,NaN,NaN,NaN,NaN,NaN
272.26,35.90,29.15,36.00,20.00,AUTO,0,50,NaN,4.40,49.62,-4.04,49.97,NaN,NaN,NaN,NaN,NaN,NaN,NaN,NaN,NaN,NaN
273.26,35.90,29.15,36.00,20.00,AUTO,0,50,NaN,4.40,49.62,-4.04,49.97,NaN,NaN,NaN,NaN,NaN,NaN,NaN,NaN,NaN,NaN
274.26,35.90,29.15,36.00,20.00,AUTO,0,50,NaN,4.40,49.62,-4.04,49.97,NaN,NaN,NaN,NaN,NaN,NaN,NaN,NaN,NaN,NaN
275.27,35.90,29.15,36.00,20.00,AUTO,0,50,NaN,4.40,49.62,-4.04,49.97,NaN,NaN,NaN,NaN,NaN,NaN,NaN,NaN,NaN,NaN
276.27,35.90,29.15,36.00,20.00,AUTO,0,50,NaN,4.40,49.62,-4.04,49.97,NaN,NaN,NaN,NaN,NaN,NaN,NaN,NaN,NaN,NaN
277.27,35.90,29.15,36.00,20.00,AUTO,0,50,NaN,4.40,49.62,-4.04,49.97,NaN,NaN,NaN,NaN,NaN,NaN,NaN,NaN,NaN,NaN
278.27,35.92,29.15,36.00,20.00,AUTO,0,50,NaN,4.40,49.62,-4.04,49.97,NaN,NaN,NaN,NaN,NaN,NaN,NaN,NaN,NaN,NaN
279.27,35.93,29.15,36.00,20.00,AUTO,0,50,NaN,4.40,49.62,-4.04,49.97,NaN,NaN,NaN,NaN,NaN,NaN,NaN,NaN,NaN,NaN
280.28,35.94,29.15,36.00,20.00,AUTO,0,50,NaN,4.40,49.62,-4.04,49.97,NaN,NaN,NaN,NaN,NaN,NaN,NaN,NaN,NaN,NaN
281.27,35.94,29.15,36.00,20.00,AUTO,0,50,NaN,4.40,49.62,-4.04,49.97,NaN,NaN,NaN,NaN,NaN,NaN,NaN,NaN,NaN,NaN
282.28,35.94,29.15,36.00,20.00,AUTO,0,50,NaN,4.40,49.62,-4.04,49.97,NaN,NaN,NaN,NaN,NaN,NaN,NaN,NaN,NaN,NaN
283.28,35.94,29.15,36.00,20.00,AUTO,0,50,NaN,4.40,49.62,-4.04,49.97,NaN,NaN,NaN,NaN,NaN,NaN,NaN,NaN,NaN,NaN
284.28,35.94,29.15,36.00,20.00,AUTO,0,50,NaN,4.40,49.62,-4.04,49.97,NaN,NaN,NaN,NaN,NaN,NaN,NaN,NaN,NaN,NaN
285.28,35.94,29.15,36.00,20.00,AUTO,0,50,NaN,4.40,49.62,-4.04,49.97,NaN,NaN,NaN,NaN,NaN,NaN,NaN,NaN,NaN,NaN
286.28,35.93,29.15,36.00,20.00,AUTO,0,51,NaN,3.30,50.04,-2.61,50.73,NaN,NaN,NaN,NaN,NaN,NaN,NaN,NaN,NaN,NaN
287.28,35.94,29.15,36.00,20.00,AUTO,0,51,NaN,3.30,50.04,-2.61,50.73,NaN,NaN,NaN,NaN,NaN,NaN,NaN,NaN,NaN,NaN
288.29,35.94,29.15,36.00,20.00,AUTO,0,51,NaN,3.30,50.04,-2.61,50.73,NaN,NaN,NaN,NaN,NaN,NaN,NaN,NaN,NaN,NaN
289.29,35.94,29.15,36.00,20.00,AUTO,0,51,NaN,3.30,50.04,-2.61,50.73,NaN,NaN,NaN,NaN,NaN,NaN,NaN,NaN,NaN,NaN
290.29,35.94,29.15,36.00,20.00,AUTO,0,51,NaN,3.30,50.04,-2.61,50.73,NaN,NaN,NaN,NaN,NaN,NaN,NaN,NaN,NaN,NaN
291.29,35.94,29.15,36.00,20.00,AUTO,0,51,NaN,3.30,50.04,-2.61,50.73,NaN,NaN,NaN,NaN,NaN,NaN,NaN,NaN,NaN,NaN
292.29,35.94,29.15,36.00,20.00,AUTO,0,51,NaN,3.30,50.04,-2.61,50.73,NaN,NaN,NaN,NaN,NaN,NaN,NaN,NaN,NaN,NaN
293.29,35.94,29.15,36.00,20.00,AUTO,0,51,NaN,3.30,50.04,-2.61,50.73,NaN,NaN,NaN,NaN,NaN,NaN,NaN,NaN,NaN,NaN
294.29,35.96,29.15,36.00,20.00,AUTO,0,51,NaN,3.30,50.04,-2.61,50.73,NaN,NaN,NaN,NaN,NaN,NaN,NaN,NaN,NaN,NaN
295.29,35.96,29.15,36.00,20.00,AUTO,0,51,NaN,3.30,50.04,-2.61,50.73,NaN,NaN,NaN,NaN,NaN,NaN,NaN,NaN,NaN,NaN
296.30,35.96,29.15,36.00,20.00,AUTO,0,51,NaN,3.30,50.04,-2.61,50.73,NaN,NaN,NaN,NaN,NaN,NaN,NaN,NaN,NaN,NaN
297.30,35.96,29.15,36.00,20.00,AUTO,0,51,NaN,3.30,50.04,-2.61,50.73,NaN,NaN,NaN,NaN,NaN,NaN,NaN,NaN,NaN,NaN
298.30,35.96,29.15,36.00,20.00,AUTO,0,51,NaN,3.30,50.04,-2.61,50.73,NaN,NaN,NaN,NaN,NaN,NaN,NaN,NaN,NaN,NaN
299.30,35.96,29.15,36.00,20.00,AUTO,0,51,NaN,3.30,50.04,-2.61,50.73,NaN,NaN,NaN,NaN,NaN,NaN,NaN,NaN,NaN,NaN
300.30,35.96,29.15,36.00,20.00,AUTO,0,51,NaN,3.30,50.04,-2.61,50.73,NaN,NaN,NaN,NaN,NaN,NaN,NaN,NaN,NaN,NaN
301.31,35.96,29.15,36.00,20.00,AUTO,0,51,NaN,2.20,50.31,-1.72,50.79,NaN,NaN,NaN,NaN,NaN,NaN,NaN,NaN,NaN,NaN
302.31,35.95,29.15,36.00,20.00,AUTO,0,51,NaN,2.20,50.31,-1.72,50.79,NaN,NaN,NaN,NaN,NaN,NaN,NaN,NaN,NaN,NaN
303.31,35.95,29.15,36.00,20.00,AUTO,0,51,NaN,2.20,50.31,-1.72,50.79,NaN,NaN,NaN,NaN,NaN,NaN,NaN,NaN,NaN,NaN
304.31,35.95,29.15,36.00,20.00,AUTO,0,51,NaN,2.20,50.31,-1.72,50.79,NaN,NaN,NaN,NaN,NaN,NaN,NaN,NaN,NaN,NaN
305.31,35.95,29.15,36.00,20.00,AUTO,0,51,NaN,2.20,50.31,-1.72,50.79,NaN,NaN,NaN,NaN,NaN,NaN,NaN,NaN,NaN,NaN
306.31,35.95,29.15,36.00,20.00,AUTO,0,51,NaN,2.20,50.31,-1.72,50.79,NaN,NaN,NaN,NaN,NaN,NaN,NaN,NaN,NaN,NaN
307.32,35.95,29.15,36.00,20.00,AUTO,0,51,NaN,2.20,50.31,-1.72,50.79,NaN,NaN,NaN,NaN,NaN,NaN,NaN,NaN,NaN,NaN
308.31,35.95,29.15,36.00,20.00,AUTO,0,51,NaN,2.20,50.31,-1.72,50.79,NaN,NaN,NaN,NaN,NaN,NaN,NaN,NaN,NaN,NaN
309.32,35.96,29.15,36.00,20.00,AUTO,0,51,NaN,2.20,50.31,-1.72,50.79,NaN,NaN,NaN,NaN,NaN,NaN,NaN,NaN,NaN,NaN
310.32,35.96,29.15,36.00,20.00,AUTO,0,51,NaN,2.20,50.31,-1.72,50.79,NaN,NaN,NaN,NaN,NaN,NaN,NaN,NaN,NaN,NaN
311.32,35.96,29.19,36.00,20.00,AUTO,0,51,NaN,2.20,50.31,-1.72,50.79,NaN,NaN,NaN,NaN,NaN,NaN,NaN,NaN,NaN,NaN
312.32,35.96,29.15,36.00,20.00,AUTO,0,51,NaN,2.20,50.31,-1.72,50.79,NaN,NaN,NaN,NaN,NaN,NaN,NaN,NaN,NaN,NaN
313.32,35.96,29.15,36.00,20.00,AUTO,0,51,NaN,2.20,50.31,-1.72,50.79,NaN,NaN,NaN,NaN,NaN,NaN,NaN,NaN,NaN,NaN
314.33,35.96,29.15,36.00,20.00,AUTO,0,51,NaN,2.20,50.31,-1.72,50.79,NaN,NaN,NaN,NaN,NaN,NaN,NaN,NaN,NaN,NaN
315.33,35.96,29.15,36.00,20.00,AUTO,0,51,NaN,2.20,50.31,-1.72,50.79,NaN,NaN,NaN,NaN,NaN,NaN,NaN,NaN,NaN,NaN
316.33,35.95,29.19,36.00,20.00,AUTO,0,53,NaN,2.20,50.54,-0.06,52.68,NaN,NaN,NaN,NaN,NaN,NaN,NaN,NaN,NaN,NaN
317.33,35.96,29.15,36.00,20.00,AUTO,0,53,NaN,2.20,50.54,-0.06,52.68,NaN,NaN,NaN,NaN,NaN,NaN,NaN,NaN,NaN,NaN
318.33,35.96,29.15,36.00,20.00,AUTO,0,53,NaN,2.20,50.54,-0.06,52.68,NaN,NaN,NaN,NaN,NaN,NaN,NaN,NaN,NaN,NaN
319.33,35.96,29.15,36.00,20.00,AUTO,0,53,NaN,2.20,50.54,-0.06,52.68,NaN,NaN,NaN,NaN,NaN,NaN,NaN,NaN,NaN,NaN
320.34,35.95,29.15,36.00,20.00,AUTO,0,53,NaN,2.20,50.54,-0.06,52.68,NaN,NaN,NaN,NaN,NaN,NaN,NaN,NaN,NaN,NaN
321.34,35.95,29.19,36.00,20.00,AUTO,0,53,NaN,2.20,50.54,-0.06,52.68,NaN,NaN,NaN,NaN,NaN,NaN,NaN,NaN,NaN,NaN
322.34,35.95,29.19,36.00,20.00,AUTO,0,53,NaN,2.20,50.54,-0.06,52.68,NaN,NaN,NaN,NaN,NaN,NaN,NaN,NaN,NaN,NaN
323.34,35.95,29.19,36.00,20.00,AUTO,0,53,NaN,2.20,50.54,-0.06,52.68,NaN,NaN,NaN,NaN,NaN,NaN,NaN,NaN,NaN,NaN
324.34,35.96,29.19,36.00,20.00,AUTO,0,53,NaN,2.20,50.54,-0.06,52.68,NaN,NaN,NaN,NaN,NaN,NaN,NaN,NaN,NaN,NaN
325.34,35.96,29.19,36.00,20.00,AUTO,0,53,NaN,2.20,50.54,-0.06,52.68,NaN,NaN,NaN,NaN,NaN,NaN,NaN,NaN,NaN,NaN
326.34,35.97,29.19,36.00,20.00,AUTO,0,53,NaN,2.20,50.54,-0.06,52.68,NaN,NaN,NaN,NaN,NaN,NaN,NaN,NaN,NaN,NaN
327.34,35.97,29.19,36.00,20.00,AUTO,0,53,NaN,2.20,50.54,-0.06,52.68,NaN,NaN,NaN,NaN,NaN,NaN,NaN,NaN,NaN,NaN
328.35,35.98,29.19,36.00,20.00,AUTO,0,53,NaN,2.20,50.54,-0.06,52.68,NaN,NaN,NaN,NaN,NaN,NaN,NaN,NaN,NaN,NaN
329.35,35.98,29.19,36.00,20.00,AUTO,0,53,NaN,2.20,50.54,-0.06,52.68,NaN,NaN,NaN,NaN,NaN,NaN,NaN,NaN,NaN,NaN
330.35,35.98,29.19,36.00,20.00,AUTO,0,53,NaN,2.20,50.54,-0.06,52.68,NaN,NaN,NaN,NaN,NaN,NaN,NaN,NaN,NaN,NaN
331.35,35.96,29.19,36.00,20.00,AUTO,0,51,NaN,1.10,50.74,-1.14,50.70,NaN,NaN,NaN,NaN,NaN,NaN,NaN,NaN,NaN,NaN
332.35,35.97,29.19,36.00,20.00,AUTO,0,51,NaN,1.10,50.74,-1.14,50.70,NaN,NaN,NaN,NaN,NaN,NaN,NaN,NaN,NaN,NaN
333.36,35.96,29.19,36.00,20.00,AUTO,0,51,NaN,1.10,50.74,-1.14,50.70,NaN,NaN,NaN,NaN,NaN,NaN,NaN,NaN,NaN,NaN
334.36,35.97,29.19,36.00,20.00,AUTO,0,51,NaN,1.10,50.74,-1.14,50.70,NaN,NaN,NaN,NaN,NaN,NaN,NaN,NaN,NaN,NaN
335.36,35.97,29.19,36.00,20.00,AUTO,0,51,NaN,1.10,50.74,-1.14,50.70,NaN,NaN,NaN,NaN,NaN,NaN,NaN,NaN,NaN,NaN
336.36,35.97,29.19,36.00,20.00,AUTO,0,51,NaN,1.10,50.74,-1.14,50.70,NaN,NaN,NaN,NaN,NaN,NaN,NaN,NaN,NaN,NaN
337.36,35.97,29.19,36.00,20.00,AUTO,0,51,NaN,1.10,50.74,-1.14,50.70,NaN,NaN,NaN,NaN,NaN,NaN,NaN,NaN,NaN,NaN
338.36,35.97,29.19,36.00,20.00,AUTO,0,51,NaN,1.10,50.74,-1.14,50.70,NaN,NaN,NaN,NaN,NaN,NaN,NaN,NaN,NaN,NaN
339.37,35.98,29.19,36.00,20.00,AUTO,0,51,NaN,1.10,50.74,-1.14,50.70,NaN,NaN,NaN,NaN,NaN,NaN,NaN,NaN,NaN,NaN
340.37,35.98,29.19,36.00,20.00,AUTO,0,51,NaN,1.10,50.74,-1.14,50.70,NaN,NaN,NaN,NaN,NaN,NaN,NaN,NaN,NaN,NaN
341.37,35.98,29.19,36.00,20.00,AUTO,0,51,NaN,1.10,50.74,-1.14,50.70,NaN,NaN,NaN,NaN,NaN,NaN,NaN,NaN,NaN,NaN
342.38,35.98,29.19,36.00,20.00,AUTO,0,51,NaN,1.10,50.74,-1.14,50.70,NaN,NaN,NaN,NaN,NaN,NaN,NaN,NaN,NaN,NaN
343.37,35.99,29.19,36.00,20.00,AUTO,0,51,NaN,1.10,50.74,-1.14,50.70,NaN,NaN,NaN,NaN,NaN,NaN,NaN,NaN,NaN,NaN
344.38,35.99,29.19,36.00,20.00,AUTO,0,51,NaN,1.10,50.74,-1.14,50.70,NaN,NaN,NaN,NaN,NaN,NaN,NaN,NaN,NaN,NaN
345.37,35.99,29.19,36.00,20.00,AUTO,0,51,NaN,1.10,50.74,-1.14,50.70,NaN,NaN,NaN,NaN,NaN,NaN,NaN,NaN,NaN,NaN
346.38,35.98,29.19,36.00,20.00,AUTO,0,50,NaN,0.55,50.87,-1.05,50.37,NaN,NaN,NaN,NaN,NaN,NaN,NaN,NaN,NaN,NaN
347.38,35.98,29.19,36.00,20.00,AUTO,0,50,NaN,0.55,50.87,-1.05,50.37,NaN,NaN,NaN,NaN,NaN,NaN,NaN,NaN,NaN,NaN
348.38,35.98,29.19,36.00,20.00,AUTO,0,50,NaN,0.55,50.87,-1.05,50.37,NaN,NaN,NaN,NaN,NaN,NaN,NaN,NaN,NaN,NaN
349.38,35.98,29.19,36.00,20.00,AUTO,0,50,NaN,0.55,50.87,-1.05,50.37,NaN,NaN,NaN,NaN,NaN,NaN,NaN,NaN,NaN,NaN
350.38,35.97,29.19,36.00,20.00,AUTO,0,50,NaN,0.55,50.87,-1.05,50.37,NaN,NaN,NaN,NaN,NaN,NaN,NaN,NaN,NaN,NaN
351.38,35.97,29.19,36.00,20.00,AUTO,0,50,NaN,0.55,50.87,-1.05,50.37,NaN,NaN,NaN,NaN,NaN,NaN,NaN,NaN,NaN,NaN
352.39,35.97,29.19,36.00,20.00,AUTO,0,50,NaN,0.55,50.87,-1.05,50.37,NaN,NaN,NaN,NaN,NaN,NaN,NaN,NaN,NaN,NaN
353.39,35.98,29.19,36.00,20.00,AUTO,0,50,NaN,0.55,50.87,-1.05,50.37,NaN,NaN,NaN,NaN,NaN,NaN,NaN,NaN,NaN,NaN
354.39,35.99,29.19,36.00,20.00,AUTO,0,50,NaN,0.55,50.87,-1.05,50.37,NaN,NaN,NaN,NaN,NaN,NaN,NaN,NaN,NaN,NaN
355.39,35.99,29.19,36.00,20.00,AUTO,0,50,NaN,0.55,50.87,-1.05,50.37,NaN,NaN,NaN,NaN,NaN,NaN,NaN,NaN,NaN,NaN
356.39,35.99,29.19,36.00,20.00,AUTO,0,50,NaN,0.55,50.87,-1.05,50.37,NaN,NaN,NaN,NaN,NaN,NaN,NaN,NaN,NaN,NaN
357.39,35.99,29.22,36.00,20.00,AUTO,0,50,NaN,0.55,50.87,-1.05,50.37,NaN,NaN,NaN,NaN,NaN,NaN,NaN,NaN,NaN,NaN
358.39,35.99,29.19,36.00,20.00,AUTO,0,50,NaN,0.55,50.87,-1.05,50.37,NaN,NaN,NaN,NaN,NaN,NaN,NaN,NaN,NaN,NaN
359.40,35.99,29.19,36.00,20.00,AUTO,0,50,NaN,0.55,50.87,-1.05,50.37,NaN,NaN,NaN,NaN,NaN,NaN,NaN,NaN,NaN,NaN
360.40,36.00,29.22,36.00,20.00,AUTO,0,50,NaN,0.55,50.87,-1.05,50.37,NaN,NaN,NaN,NaN,NaN,NaN,NaN,NaN,NaN,NaN
361.40,35.98,29.22,36.00,20.00,AUTO,0,51,NaN,0.27,50.96,-0.61,50.62,NaN,NaN,NaN,NaN,NaN,NaN,NaN,NaN,NaN,NaN
362.40,35.98,29.19,36.00,20.00,AUTO,0,51,NaN,0.27,50.96,-0.61,50.62,NaN,NaN,NaN,NaN,NaN,NaN,NaN,NaN,NaN,NaN
363.40,35.98,29.22,36.00,20.00,AUTO,0,51,NaN,0.27,50.96,-0.61,50.62,NaN,NaN,NaN,NaN,NaN,NaN,NaN,NaN,NaN,NaN
364.40,35.99,29.19,36.00,20.00,AUTO,0,51,NaN,0.27,50.96,-0.61,50.62,NaN,NaN,NaN,NaN,NaN,NaN,NaN,NaN,NaN,NaN
365.41,36.00,29.22,36.00,20.00,AUTO,0,51,NaN,0.27,50.96,-0.61,50.62,NaN,NaN,NaN,NaN,NaN,NaN,NaN,NaN,NaN,NaN
366.41,36.00,29.22,36.00,20.00,AUTO,0,51,NaN,0.27,50.96,-0.61,50.62,NaN,NaN,NaN,NaN,NaN,NaN,NaN,NaN,NaN,NaN
367.41,36.00,29.19,36.00,20.00,AUTO,0,51,NaN,0.27,50.96,-0.61,50.62,NaN,NaN,NaN,NaN,NaN,NaN,NaN,NaN,NaN,NaN
368.41,36.00,29.19,36.00,20.00,AUTO,0,51,NaN,0.27,50.96,-0.61,50.62,NaN,NaN,NaN,NaN,NaN,NaN,NaN,NaN,NaN,NaN
369.41,36.01,29.20,36.00,20.00,AUTO,0,51,NaN,0.27,50.96,-0.61,50.62,NaN,NaN,NaN,NaN,NaN,NaN,NaN,NaN,NaN,NaN
370.41,36.01,29.20,36.00,20.00,AUTO,0,51,NaN,0.27,50.96,-0.61,50.62,NaN,NaN,NaN,NaN,NaN,NaN,NaN,NaN,NaN,NaN
371.42,36.01,29.20,36.00,20.00,AUTO,0,51,NaN,0.27,50.96,-0.61,50.62,NaN,NaN,NaN,NaN,NaN,NaN,NaN,NaN,NaN,NaN
372.42,36.01,29.24,36.00,20.00,AUTO,0,51,NaN,0.27,50.96,-0.61,50.62,NaN,NaN,NaN,NaN,NaN,NaN,NaN,NaN,NaN,NaN
373.42,36.01,29.20,36.00,20.00,AUTO,0,51,NaN,0.27,50.96,-0.61,50.62,NaN,NaN,NaN,NaN,NaN,NaN,NaN,NaN,NaN,NaN
374.42,36.01,29.24,36.00,20.00,AUTO,0,51,NaN,0.27,50.96,-0.61,50.62,NaN,NaN,NaN,NaN,NaN,NaN,NaN,NaN,NaN,NaN
375.42,36.01,29.24,36.00,20.00,AUTO,0,51,NaN,0.27,50.96,-0.61,50.62,NaN,NaN,NaN,NaN,NaN,NaN,NaN,NaN,NaN,NaN
376.43,36.00,29.24,36.00,20.00,AUTO,0,49,NaN,-0.55,50.96,-1.80,48.61,NaN,NaN,NaN,NaN,NaN,NaN,NaN,NaN,NaN,NaN
377.42,36.00,29.24,36.00,20.00,AUTO,0,49,NaN,-0.55,50.96,-1.80,48.61,NaN,NaN,NaN,NaN,NaN,NaN,NaN,NaN,NaN,NaN
378.43,36.01,29.24,36.00,20.00,AUTO,0,49,NaN,-0.55,50.96,-1.80,48.61,NaN,NaN,NaN,NaN,NaN,NaN,NaN,NaN,NaN,NaN
379.43,36.01,29.22,36.00,20.00,AUTO,0,49,NaN,-0.55,50.96,-1.80,48.61,NaN,NaN,NaN,NaN,NaN,NaN,NaN,NaN,NaN,NaN
380.43,36.00,29.24,36.00,20.00,AUTO,0,49,NaN,-0.55,50.96,-1.80,48.61,NaN,NaN,NaN,NaN,NaN,NaN,NaN,NaN,NaN,NaN
381.43,36.01,29.24,36.00,20.00,AUTO,0,49,NaN,-0.55,50.96,-1.80,48.61,NaN,NaN,NaN,NaN,NaN,NaN,NaN,NaN,NaN,NaN
382.43,36.01,29.24,36.00,20.00,AUTO,0,49,NaN,-0.55,50.96,-1.80,48.61,NaN,NaN,NaN,NaN,NaN,NaN,NaN,NaN,NaN,NaN
383.44,36.00,29.22,36.00,20.00,AUTO,0,49,NaN,-0.55,50.96,-1.80,48.61,NaN,NaN,NaN,NaN,NaN,NaN,NaN,NaN,NaN,NaN
384.44,36.01,29.24,36.00,20.00,AUTO,0,49,NaN,-0.55,50.96,-1.80,48.61,NaN,NaN,NaN,NaN,NaN,NaN,NaN,NaN,NaN,NaN
385.44,36.01,29.24,36.00,20.00,AUTO,0,49,NaN,-0.55,50.96,-1.80,48.61,NaN,NaN,NaN,NaN,NaN,NaN,NaN,NaN,NaN,NaN
386.44,36.01,29.24,36.00,20.00,AUTO,0,49,NaN,-0.55,50.96,-1.80,48.61,NaN,NaN,NaN,NaN,NaN,NaN,NaN,NaN,NaN,NaN
387.44,36.01,29.24,36.00,20.00,AUTO,0,49,NaN,-0.55,50.96,-1.80,48.61,NaN,NaN,NaN,NaN,NaN,NaN,NaN,NaN,NaN,NaN
388.44,36.01,29.24,36.00,20.00,AUTO,0,49,NaN,-0.55,50.96,-1.80,48.61,NaN,NaN,NaN,NaN,NaN,NaN,NaN,NaN,NaN,NaN
389.45,36.02,29.24,36.00,20.00,AUTO,0,49,NaN,-0.55,50.96,-1.80,48.61,NaN,NaN,NaN,NaN,NaN,NaN,NaN,NaN,NaN,NaN
390.45,36.01,29.24,36.00,20.00,AUTO,0,49,NaN,-0.55,50.96,-1.80,48.61,NaN,NaN,NaN,NaN,NaN,NaN,NaN,NaN,NaN,NaN
391.45,36.01,29.24,36.00,20.00,AUTO,0,50,NaN,-0.83,50.92,-0.26,49.83,NaN,NaN,NaN,NaN,NaN,NaN,NaN,NaN,NaN,NaN
392.45,36.01,29.24,36.00,20.00,AUTO,0,50,NaN,-0.83,50.92,-0.26,49.83,NaN,NaN,NaN,NaN,NaN,NaN,NaN,NaN,NaN,NaN
393.45,36.01,29.24,36.00,20.00,AUTO,0,50,NaN,-0.83,50.92,-0.26,49.83,NaN,NaN,NaN,NaN,NaN,NaN,NaN,NaN,NaN,NaN
394.45,36.01,29.24,36.00,20.00,AUTO,0,50,NaN,-0.83,50.92,-0.26,49.83,NaN,NaN,NaN,NaN,NaN,NaN,NaN,NaN,NaN,NaN
395.45,36.01,29.24,36.00,20.00,AUTO,0,50,NaN,-0.83,50.92,-0.26,49.83,NaN,NaN,NaN,NaN,NaN,NaN,NaN,NaN,NaN,NaN
396.45,36.00,29.22,36.00,20.00,AUTO,0,50,NaN,-0.83,50.92,-0.26,49.83,NaN,NaN,NaN,NaN,NaN,NaN,NaN,NaN,NaN,NaN
397.46,36.01,29.24,36.00,20.00,AUTO,0,50,NaN,-0.83,50.92,-0.26,49.83,NaN,NaN,NaN,NaN,NaN,NaN,NaN,NaN,NaN,NaN
398.46,36.00,29.22,36.00,20.00,AUTO,0,50,NaN,-0.83,50.92,-0.26,49.83,NaN,NaN,NaN,NaN,NaN,NaN,NaN,NaN,NaN,NaN
399.46,36.01,29.24,36.00,20.00,AUTO,0,50,NaN,-0.83,50.92,-0.26,49.83,NaN,NaN,NaN,NaN,NaN,NaN,NaN,NaN,NaN,NaN
400.46,36.01,29.24,36.00,20.00,AUTO,0,50,NaN,-0.83,50.92,-0.26,49.83,NaN,NaN,NaN,NaN,NaN,NaN,NaN,NaN,NaN,NaN
401.46,36.01,29.24,36.00,20.00,AUTO,0,50,NaN,-0.83,50.92,-0.26,49.83,NaN,NaN,NaN,NaN,NaN,NaN,NaN,NaN,NaN,NaN
402.46,36.01,29.24,36.00,20.00,AUTO,0,50,NaN,-0.83,50.92,-0.26,49.83,NaN,NaN,NaN,NaN,NaN,NaN,NaN,NaN,NaN,NaN
403.47,36.01,29.24,36.00,20.00,AUTO,0,50,NaN,-0.83,50.92,-0.26,49.83,NaN,NaN,NaN,NaN,NaN,NaN,NaN,NaN,NaN,NaN
404.47,36.01,29.29,36.00,20.00,AUTO,0,50,NaN,-0.83,50.92,-0.26,49.83,NaN,NaN,NaN,NaN,NaN,NaN,NaN,NaN,NaN,NaN
405.47,36.01,29.29,36.00,20.00,AUTO,0,50,NaN,-0.83,50.92,-0.26,49.83,NaN,NaN,NaN,NaN,NaN,NaN,NaN,NaN,NaN,NaN
406.47,35.99,29.27,36.00,20.00,AUTO,0,50,NaN,-0.55,50.87,0.17,50.49,NaN,NaN,NaN,NaN,NaN,NaN,NaN,NaN,NaN,NaN
407.47,35.99,29.27,36.00,20.00,AUTO,0,50,NaN,-0.55,50.87,0.17,50.49,NaN,NaN,NaN,NaN,NaN,NaN,NaN,NaN,NaN,NaN
408.47,35.99,29.27,36.00,20.00,AUTO,0,50,NaN,-0.55,50.87,0.17,50.49,NaN,NaN,NaN,NaN,NaN,NaN,NaN,NaN,NaN,NaN
409.47,35.99,29.27,36.00,20.00,AUTO,0,50,NaN,-0.55,50.87,0.17,50.49,NaN,NaN,NaN,NaN,NaN,NaN,NaN,NaN,NaN,NaN
410.48,35.99,29.27,36.00,20.00,AUTO,0,50,NaN,-0.55,50.87,0.17,50.49,NaN,NaN,NaN,NaN,NaN,NaN,NaN,NaN,NaN,NaN
411.48,35.98,29.31,36.00,20.00,AUTO,0,50,NaN,-0.55,50.87,0.17,50.49,NaN,NaN,NaN,NaN,NaN,NaN,NaN,NaN,NaN,NaN
412.48,35.98,29.31,36.00,20.00,AUTO,0,50,NaN,-0.55,50.87,0.17,50.49,NaN,NaN,NaN,NaN,NaN,NaN,NaN,NaN,NaN,NaN
413.48,35.98,29.31,36.00,20.00,AUTO,0,50,NaN,-0.55,50.87,0.17,50.49,NaN,NaN,NaN,NaN,NaN,NaN,NaN,NaN,NaN,NaN
414.48,35.99,29.31,36.00,20.00,AUTO,0,50,NaN,-0.55,50.87,0.17,50.49,NaN,NaN,NaN,NaN,NaN,NaN,NaN,NaN,NaN,NaN
415.49,35.99,29.31,36.00,20.00,AUTO,0,50,NaN,-0.55,50.87,0.17,50.49,NaN,NaN,NaN,NaN,NaN,NaN,NaN,NaN,NaN,NaN
416.49,36.00,29.31,36.00,20.00,AUTO,0,50,NaN,-0.55,50.87,0.17,50.49,NaN,NaN,NaN,NaN,NaN,NaN,NaN,NaN,NaN,NaN
417.49,36.00,29.32,36.00,20.00,AUTO,0,50,NaN,-0.55,50.87,0.17,50.49,NaN,NaN,NaN,NaN,NaN,NaN,NaN,NaN,NaN,NaN
418.49,36.00,29.32,36.00,20.00,AUTO,0,50,NaN,-0.55,50.87,0.17,50.49,NaN,NaN,NaN,NaN,NaN,NaN,NaN,NaN,NaN,NaN
419.49,36.00,29.32,36.00,20.00,AUTO,0,50,NaN,-0.55,50.87,0.17,50.49,NaN,NaN,NaN,NaN,NaN,NaN,NaN,NaN,NaN,NaN
420.49,36.00,29.31,36.00,20.00,AUTO,0,50,NaN,-0.55,50.87,0.17,50.49,NaN,NaN,NaN,NaN,NaN,NaN,NaN,NaN,NaN,NaN
421.50,35.98,29.31,36.00,20.00,AUTO,0,52,NaN,0.00,50.92,0.76,51.68,NaN,NaN,NaN,NaN,NaN,NaN,NaN,NaN,NaN,NaN
422.50,35.98,29.31,36.00,20.00,AUTO,0,52,NaN,0.00,50.92,0.76,51.68,NaN,NaN,NaN,NaN,NaN,NaN,NaN,NaN,NaN,NaN
423.50,35.98,29.31,36.00,20.00,AUTO,0,52,NaN,0.00,50.92,0.76,51.68,NaN,NaN,NaN,NaN,NaN,NaN,NaN,NaN,NaN,NaN
424.50,35.98,29.31,36.00,20.00,AUTO,0,52,NaN,0.00,50.92,0.76,51.68,NaN,NaN,NaN,NaN,NaN,NaN,NaN,NaN,NaN,NaN
425.50,35.98,29.31,36.00,20.00,AUTO,0,52,NaN,0.00,50.92,0.76,51.68,NaN,NaN,NaN,NaN,NaN,NaN,NaN,NaN,NaN,NaN
426.50,35.98,29.31,36.00,20.00,AUTO,0,52,NaN,0.00,50.92,0.76,51.68,NaN,NaN,NaN,NaN,NaN,NaN,NaN,NaN,NaN,NaN
427.50,35.97,29.31,36.00,20.00,AUTO,0,52,NaN,0.00,50.92,0.76,51.68,NaN,NaN,NaN,NaN,NaN,NaN,NaN,NaN,NaN,NaN
428.50,35.98,29.31,36.00,20.00,AUTO,0,52,NaN,0.00,50.92,0.76,51.68,NaN,NaN,NaN,NaN,NaN,NaN,NaN,NaN,NaN,NaN
429.51,35.98,29.31,36.00,20.00,AUTO,0,52,NaN,0.00,50.92,0.76,51.68,NaN,NaN,NaN,NaN,NaN,NaN,NaN,NaN,NaN,NaN
430.51,35.99,29.31,36.00,20.00,AUTO,0,52,NaN,0.00,50.92,0.76,51.68,NaN,NaN,NaN,NaN,NaN,NaN,NaN,NaN,NaN,NaN
431.51,35.99,29.31,36.00,20.00,AUTO,0,52,NaN,0.00,50.92,0.76,51.68,NaN,NaN,NaN,NaN,NaN,NaN,NaN,NaN,NaN,NaN
432.51,35.99,29.31,36.00,20.00,AUTO,0,52,NaN,0.00,50.92,0.76,51.68,NaN,NaN,NaN,NaN,NaN,NaN,NaN,NaN,NaN,NaN
433.51,35.98,29.31,36.00,20.00,AUTO,0,52,NaN,0.00,50.92,0.76,51.68,NaN,NaN,NaN,NaN,NaN,NaN,NaN,NaN,NaN,NaN
434.52,35.98,29.31,36.00,20.00,AUTO,0,52,NaN,0.00,50.92,0.76,51.68,NaN,NaN,NaN,NaN,NaN,NaN,NaN,NaN,NaN,NaN
435.52,35.98,29.31,36.00,20.00,AUTO,0,52,NaN,0.00,50.92,0.76,51.68,NaN,NaN,NaN,NaN,NaN,NaN,NaN,NaN,NaN,NaN
436.52,35.96,29.31,36.00,20.00,AUTO,0,53,NaN,1.10,51.02,1.08,53.20,NaN,NaN,NaN,NaN,NaN,NaN,NaN,NaN,NaN,NaN
437.52,35.96,29.31,36.00,20.00,AUTO,0,53,NaN,1.10,51.02,1.08,53.20,NaN,NaN,NaN,NaN,NaN,NaN,NaN,NaN,NaN,NaN
438.52,35.96,29.35,36.00,20.00,AUTO,0,53,NaN,1.10,51.02,1.08,53.20,NaN,NaN,NaN,NaN,NaN,NaN,NaN,NaN,NaN,NaN
439.52,35.96,29.35,36.00,20.00,AUTO,0,53,NaN,1.10,51.02,1.08,53.20,NaN,NaN,NaN,NaN,NaN,NaN,NaN,NaN,NaN,NaN
440.52,35.96,29.35,36.00,20.00,AUTO,0,53,NaN,1.10,51.02,1.08,53.20,NaN,NaN,NaN,NaN,NaN,NaN,NaN,NaN,NaN,NaN
441.52,35.96,29.35,36.00,20.00,AUTO,0,53,NaN,1.10,51.02,1.08,53.20,NaN,NaN,NaN,NaN,NaN,NaN,NaN,NaN,NaN,NaN
442.53,35.96,29.35,36.00,20.00,AUTO,0,53,NaN,1.10,51.02,1.08,53.20,NaN,NaN,NaN,NaN,NaN,NaN,NaN,NaN,NaN,NaN
443.53,35.96,29.35,36.00,20.00,AUTO,0,53,NaN,1.10,51.02,1.08,53.20,NaN,NaN,NaN,NaN,NaN,NaN,NaN,NaN,NaN,NaN
444.53,35.98,29.35,36.00,20.00,AUTO,0,53,NaN,1.10,51.02,1.08,53.20,NaN,NaN,NaN,NaN,NaN,NaN,NaN,NaN,NaN,NaN
445.53,35.97,29.35,36.00,20.00,AUTO,0,53,NaN,1.10,51.02,1.08,53.20,NaN,NaN,NaN,NaN,NaN,NaN,NaN,NaN,NaN,NaN
446.53,35.97,29.35,36.00,20.00,AUTO,0,53,NaN,1.10,51.02,1.08,53.20,NaN,NaN,NaN,NaN,NaN,NaN,NaN,NaN,NaN,NaN
447.54,35.98,29.35,36.00,20.00,AUTO,0,53,NaN,1.10,51.02,1.08,53.20,NaN,NaN,NaN,NaN,NaN,NaN,NaN,NaN,NaN,NaN
448.54,35.97,29.35,36.00,20.00,AUTO,0,53,NaN,1.10,51.02,1.08,53.20,NaN,NaN,NaN,NaN,NaN,NaN,NaN,NaN,NaN,NaN
449.54,35.96,29.35,36.00,20.00,AUTO,0,53,NaN,1.10,51.02,1.08,53.20,NaN,NaN,NaN,NaN,NaN,NaN,NaN,NaN,NaN,NaN
450.54,35.95,29.39,36.00,20.00,AUTO,0,53,NaN,1.10,51.02,1.08,53.20,NaN,NaN,NaN,NaN,NaN,NaN,NaN,NaN,NaN,NaN
451.54,35.93,29.43,36.00,20.00,AUTO,0,55,NaN,2.48,51.20,1.17,54.85,NaN,NaN,NaN,NaN,NaN,NaN,NaN,NaN,NaN,NaN
452.54,35.90,29.43,36.00,20.00,AUTO,0,55,NaN,2.48,51.20,1.17,54.85,NaN,NaN,NaN,NaN,NaN,NaN,NaN,NaN,NaN,NaN
453.55,35.88,29.43,36.00,20.00,AUTO,0,55,NaN,2.48,51.20,1.17,54.85,NaN,NaN,NaN,NaN,NaN,NaN,NaN,NaN,NaN,NaN
454.55,35.86,29.43,36.00,20.00,AUTO,0,55,NaN,2.48,51.20,1.17,54.85,NaN,NaN,NaN,NaN,NaN,NaN,NaN,NaN,NaN,NaN
455.55,35.84,29.47,36.00,20.00,AUTO,0,55,NaN,2.48,51.20,1.17,54.85,NaN,NaN,NaN,NaN,NaN,NaN,NaN,NaN,NaN,NaN
456.55,35.81,29.51,36.00,20.00,AUTO,0,55,NaN,2.48,51.20,1.17,54.85,NaN,NaN,NaN,NaN,NaN,NaN,NaN,NaN,NaN,NaN
457.55,35.78,29.53,36.00,20.00,AUTO,0,55,NaN,2.48,51.20,1.17,54.85,NaN,NaN,NaN,NaN,NaN,NaN,NaN,NaN,NaN,NaN
458.55,35.72,29.58,36.00,20.00,AUTO,0,55,NaN,2.48,51.20,1.17,54.85,NaN,NaN,NaN,NaN,NaN,NaN,NaN,NaN,NaN,NaN
459.55,35.66,29.60,36.00,20.00,AUTO,0,55,NaN,2.48,51.20,1.17,54.85,NaN,NaN,NaN,NaN,NaN,NaN,NaN,NaN,NaN,NaN
460.55,35.65,29.64,36.00,20.00,AUTO,0,55,NaN,2.48,51.20,1.17,54.85,NaN,NaN,NaN,NaN,NaN,NaN,NaN,NaN,NaN,NaN
461.56,35.64,29.68,36.00,20.00,AUTO,0,55,NaN,2.48,51.20,1.17,54.85,NaN,NaN,NaN,NaN,NaN,NaN,NaN,NaN,NaN,NaN
462.56,35.60,29.68,36.00,20.00,AUTO,0,55,NaN,2.48,51.20,1.17,54.85,NaN,NaN,NaN,NaN,NaN,NaN,NaN,NaN,NaN,NaN
463.56,35.59,29.76,36.00,20.00,AUTO,0,55,NaN,2.48,51.20,1.17,54.85,NaN,NaN,NaN,NaN,NaN,NaN,NaN,NaN,NaN,NaN
464.56,35.57,29.80,36.00,20.00,AUTO,0,55,NaN,2.48,51.20,1.17,54.85,NaN,NaN,NaN,NaN,NaN,NaN,NaN,NaN,NaN,NaN
465.56,35.56,29.80,36.00,20.00,AUTO,0,55,NaN,2.48,51.20,1.17,54.85,NaN,NaN,NaN,NaN,NaN,NaN,NaN,NaN,NaN,NaN
466.57,35.54,29.84,36.00,20.00,AUTO,0,100,NaN,23.93,51.20,30.52,105.65,NaN,NaN,NaN,NaN,NaN,NaN,NaN,NaN,NaN,NaN
467.57,35.52,29.84,36.00,20.00,AUTO,0,100,NaN,23.93,51.20,30.52,105.65,NaN,NaN,NaN,NaN,NaN,NaN,NaN,NaN,NaN,NaN
468.57,35.51,29.88,36.00,20.00,AUTO,0,100,NaN,23.93,51.20,30.52,105.65,NaN,NaN,NaN,NaN,NaN,NaN,NaN,NaN,NaN,NaN
469.57,35.50,29.92,36.00,20.00,AUTO,0,100,NaN,23.93,51.20,30.52,105.65,NaN,NaN,NaN,NaN,NaN,NaN,NaN,NaN,NaN,NaN
470.57,35.48,29.92,36.00,20.00,AUTO,0,100,NaN,23.93,51.20,30.52,105.65,NaN,NaN,NaN,NaN,NaN,NaN,NaN,NaN,NaN,NaN
471.57,35.47,29.96,36.00,20.00,AUTO,0,100,NaN,23.93,51.20,30.52,105.65,NaN,NaN,NaN,NaN,NaN,NaN,NaN,NaN,NaN,NaN
472.57,35.47,30.00,36.00,20.00,AUTO,0,100,NaN,23.93,51.20,30.52,105.65,NaN,NaN,NaN,NaN,NaN,NaN,NaN,NaN,NaN,NaN
473.57,35.44,29.99,36.00,20.00,AUTO,0,100,NaN,23.93,51.20,30.52,105.65,NaN,NaN,NaN,NaN,NaN,NaN,NaN,NaN,NaN,NaN
474.58,35.44,30.03,36.00,20.00,AUTO,0,100,NaN,23.93,51.20,30.52,105.65,NaN,NaN,NaN,NaN,NaN,NaN,NaN,NaN,NaN,NaN
475.58,35.43,30.03,36.00,20.00,AUTO,0,100,NaN,23.93,51.20,30.52,105.65,NaN,NaN,NaN,NaN,NaN,NaN,NaN,NaN,NaN,NaN
476.58,35.43,30.03,36.00,20.00,AUTO,0,100,NaN,23.93,51.20,30.52,105.65,NaN,NaN,NaN,NaN,NaN,NaN,NaN,NaN,NaN,NaN
477.58,35.42,30.06,36.00,20.00,AUTO,0,100,NaN,23.93,51.20,30.52,105.65,NaN,NaN,NaN,NaN,NaN,NaN,NaN,NaN,NaN,NaN
478.58,35.42,30.06,36.00,20.00,AUTO,0,100,NaN,23.93,51.20,30.52,105.65,NaN,NaN,NaN,NaN,NaN,NaN,NaN,NaN,NaN,NaN
479.59,35.41,30.06,36.00,20.00,AUTO,0,100,NaN,23.93,51.20,30.52,105.65,NaN,NaN,NaN,NaN,NaN,NaN,NaN,NaN,NaN,NaN
480.59,35.40,30.06,36.00,20.00,AUTO,0,100,NaN,23.93,51.20,30.52,105.65,NaN,NaN,NaN,NaN,NaN,NaN,NaN,NaN,NaN,NaN
481.59,35.40,30.11,36.00,20.00,AUTO,0,100,NaN,32.73,51.20,14.18,98.11,NaN,NaN,NaN,NaN,NaN,NaN,NaN,NaN,NaN,NaN
482.59,35.40,30.11,36.00,20.00,AUTO,0,100,NaN,32.73,51.20,14.18,98.11,NaN,NaN,NaN,NaN,NaN,NaN,NaN,NaN,NaN,NaN
483.59,35.40,30.11,36.00,20.00,AUTO,0,100,NaN,32.73,51.20,14.18,98.11,NaN,NaN,NaN,NaN,NaN,NaN,NaN,NaN,NaN,NaN
484.59,35.40,30.11,36.00,20.00,AUTO,0,100,NaN,32.73,51.20,14.18,98.11,NaN,NaN,NaN,NaN,NaN,NaN,NaN,NaN,NaN,NaN
485.60,35.40,30.11,36.00,20.00,AUTO,0,100,NaN,32.73,51.20,14.18,98.11,NaN,NaN,NaN,NaN,NaN,NaN,NaN,NaN,NaN,NaN
486.60,35.40,30.11,36.00,20.00,AUTO,0,100,NaN,32.73,51.20,14.18,98.11,NaN,NaN,NaN,NaN,NaN,NaN,NaN,NaN,NaN,NaN
487.60,35.41,30.11,36.00,20.00,AUTO,0,100,NaN,32.73,51.20,14.18,98.11,NaN,NaN,NaN,NaN,NaN,NaN,NaN,NaN,NaN,NaN
488.60,35.41,30.11,36.00,20.00,AUTO,0,100,NaN,32.73,51.20,14.18,98.11,NaN,NaN,NaN,NaN,NaN,NaN,NaN,NaN,NaN,NaN
489.60,35.42,30.11,36.00,20.00,AUTO,0,100,NaN,32.73,51.20,14.18,98.11,NaN,NaN,NaN,NaN,NaN,NaN,NaN,NaN,NaN,NaN
490.60,35.43,30.11,36.00,20.00,AUTO,0,100,NaN,32.73,51.20,14.18,98.11,NaN,NaN,NaN,NaN,NaN,NaN,NaN,NaN,NaN,NaN
491.60,35.44,30.11,36.00,20.00,AUTO,0,100,NaN,32.73,51.20,14.18,98.11,NaN,NaN,NaN,NaN,NaN,NaN,NaN,NaN,NaN,NaN
492.61,35.44,30.13,36.00,20.00,AUTO,0,100,NaN,32.73,51.20,14.18,98.11,NaN,NaN,NaN,NaN,NaN,NaN,NaN,NaN,NaN,NaN
493.61,35.47,30.13,36.00,20.00,AUTO,0,100,NaN,32.73,51.20,14.18,98.11,NaN,NaN,NaN,NaN,NaN,NaN,NaN,NaN,NaN,NaN
494.61,35.47,30.09,36.00,20.00,AUTO,0,100,NaN,32.73,51.20,14.18,98.11,NaN,NaN,NaN,NaN,NaN,NaN,NaN,NaN,NaN,NaN
495.61,35.47,30.09,36.00,20.00,AUTO,0,100,NaN,32.73,51.20,14.18,98.11,NaN,NaN,NaN,NaN,NaN,NaN,NaN,NaN,NaN,NaN
496.61,35.47,30.09,36.00,20.00,AUTO,0,80,NaN,29.15,54.23,-3.32,80.06,NaN,NaN,NaN,NaN,NaN,NaN,NaN,NaN,NaN,NaN
497.61,35.48,30.09,36.00,20.00,AUTO,0,80,NaN,29.15,54.23,-3.32,80.06,NaN,NaN,NaN,NaN,NaN,NaN,NaN,NaN,NaN,NaN
498.62,35.49,30.09,36.00,20.00,AUTO,0,80,NaN,29.15,54.23,-3.32,80.06,NaN,NaN,NaN,NaN,NaN,NaN,NaN,NaN,NaN,NaN
499.62,35.50,30.09,36.00,20.00,AUTO,0,80,NaN,29.15,54.23,-3.32,80.06,NaN,NaN,NaN,NaN,NaN,NaN,NaN,NaN,NaN,NaN
500.62,35.51,30.04,36.00,20.00,AUTO,0,80,NaN,29.15,54.23,-3.32,80.06,NaN,NaN,NaN,NaN,NaN,NaN,NaN,NaN,NaN,NaN
501.62,35.52,30.04,36.00,20.00,AUTO,0,80,NaN,29.15,54.23,-3.32,80.06,NaN,NaN,NaN,NaN,NaN,NaN,NaN,NaN,NaN,NaN
502.62,35.52,30.04,36.00,20.00,AUTO,0,80,NaN,29.15,54.23,-3.32,80.06,NaN,NaN,NaN,NaN,NaN,NaN,NaN,NaN,NaN,NaN
503.62,35.53,30.00,36.00,20.00,AUTO,0,80,NaN,29.15,54.23,-3.32,80.06,NaN,NaN,NaN,NaN,NaN,NaN,NaN,NaN,NaN,NaN
504.63,35.55,30.00,36.00,20.00,AUTO,0,80,NaN,29.15,54.23,-3.32,80.06,NaN,NaN,NaN,NaN,NaN,NaN,NaN,NaN,NaN,NaN
505.62,35.56,30.00,36.00,20.00,AUTO,0,80,NaN,29.15,54.23,-3.32,80.06,NaN,NaN,NaN,NaN,NaN,NaN,NaN,NaN,NaN,NaN
506.63,35.57,30.00,36.00,20.00,AUTO,0,80,NaN,29.15,54.23,-3.32,80.06,NaN,NaN,NaN,NaN,NaN,NaN,NaN,NaN,NaN,NaN
507.63,35.59,29.96,36.00,20.00,AUTO,0,80,NaN,29.15,54.23,-3.32,80.06,NaN,NaN,NaN,NaN,NaN,NaN,NaN,NaN,NaN,NaN
508.63,35.62,29.96,36.00,20.00,AUTO,0,80,NaN,29.15,54.23,-3.32,80.06,NaN,NaN,NaN,NaN,NaN,NaN,NaN,NaN,NaN,NaN
509.63,35.65,29.92,36.00,20.00,AUTO,0,80,NaN,29.15,54.23,-3.32,80.06,NaN,NaN,NaN,NaN,NaN,NaN,NaN,NaN,NaN,NaN
510.63,35.66,29.93,36.00,20.00,AUTO,0,80,NaN,29.15,54.23,-3.32,80.06,NaN,NaN,NaN,NaN,NaN,NaN,NaN,NaN,NaN,NaN
511.64,35.66,29.90,36.00,20.00,AUTO,0,63,NaN,18.97,56.60,-12.84,62.74,NaN,NaN,NaN,NaN,NaN,NaN,NaN,NaN,NaN,NaN
512.64,35.67,29.86,36.00,20.00,AUTO,0,63,NaN,18.97,56.60,-12.84,62.74,NaN,NaN,NaN,NaN,NaN,NaN,NaN,NaN,NaN,NaN
513.64,35.67,29.86,36.00,20.00,AUTO,0,63,NaN,18.97,56.60,-12.84,62.74,NaN,NaN,NaN,NaN,NaN,NaN,NaN,NaN,NaN,NaN
514.64,35.68,29.86,36.00,20.00,AUTO,0,63,NaN,18.97,56.60,-12.84,62.74,NaN,NaN,NaN,NaN,NaN,NaN,NaN,NaN,NaN,NaN
515.64,35.69,29.86,36.00,20.00,AUTO,0,63,NaN,18.97,56.60,-12.84,62.74,NaN,NaN,NaN,NaN,NaN,NaN,NaN,NaN,NaN,NaN
516.65,35.70,29.82,36.00,20.00,AUTO,0,63,NaN,18.97,56.60,-12.84,62.74,NaN,NaN,NaN,NaN,NaN,NaN,NaN,NaN,NaN,NaN
517.65,35.71,29.82,36.00,20.00,AUTO,0,63,NaN,18.97,56.60,-12.84,62.74,NaN,NaN,NaN,NaN,NaN,NaN,NaN,NaN,NaN,NaN
518.65,35.72,29.82,36.00,20.00,AUTO,0,63,NaN,18.97,56.60,-12.84,62.74,NaN,NaN,NaN,NaN,NaN,NaN,NaN,NaN,NaN,NaN
519.65,35.74,29.77,36.00,20.00,AUTO,0,63,NaN,18.97,56.60,-12.84,62.74,NaN,NaN,NaN,NaN,NaN,NaN,NaN,NaN,NaN,NaN
520.65,35.75,29.77,36.00,20.00,AUTO,0,63,NaN,18.97,56.60,-12.84,62.74,NaN,NaN,NaN,NaN,NaN,NaN,NaN,NaN,NaN,NaN
521.65,35.78,29.77,36.00,20.00,AUTO,0,63,NaN,18.97,56.60,-12.84,62.74,NaN,NaN,NaN,NaN,NaN,NaN,NaN,NaN,NaN,NaN
522.65,35.81,29.75,36.00,20.00,AUTO,0,63,NaN,18.97,56.60,-12.84,62.74,NaN,NaN,NaN,NaN,NaN,NaN,NaN,NaN,NaN,NaN
523.65,35.81,29.71,36.00,20.00,AUTO,0,63,NaN,18.97,56.60,-12.84,62.74,NaN,NaN,NaN,NaN,NaN,NaN,NaN,NaN,NaN,NaN
524.66,35.83,29.71,36.00,20.00,AUTO,0,63,NaN,18.97,56.60,-12.84,62.74,NaN,NaN,NaN,NaN,NaN,NaN,NaN,NaN,NaN,NaN
525.66,35.84,29.71,36.00,20.00,AUTO,0,63,NaN,18.97,56.60,-12.84,62.74,NaN,NaN,NaN,NaN,NaN,NaN,NaN,NaN,NaN,NaN
526.66,35.84,29.71,36.00,20.00,AUTO,0,52,NaN,9.07,57.98,-15.44,51.62,NaN,NaN,NaN,NaN,NaN,NaN,NaN,NaN,NaN,NaN
527.66,35.85,29.68,36.00,20.00,AUTO,0,52,NaN,9.07,57.98,-15.44,51.62,NaN,NaN,NaN,NaN,NaN,NaN,NaN,NaN,NaN,NaN
528.66,35.86,29.68,36.00,20.00,AUTO,0,52,NaN,9.07,57.98,-15.44,51.62,NaN,NaN,NaN,NaN,NaN,NaN,NaN,NaN,NaN,NaN
529.66,35.87,29.68,36.00,20.00,AUTO,0,52,NaN,9.07,57.98,-15.44,51.62,NaN,NaN,NaN,NaN,NaN,NaN,NaN,NaN,NaN,NaN
530.67,35.88,29.63,36.00,20.00,AUTO,0,52,NaN,9.07,57.98,-15.44,51.62,NaN,NaN,NaN,NaN,NaN,NaN,NaN,NaN,NaN,NaN
531.67,35.89,29.63,36.00,20.00,AUTO,0,52,NaN,9.07,57.98,-15.44,51.62,NaN,NaN,NaN,NaN,NaN,NaN,NaN,NaN,NaN,NaN
532.67,35.90,29.63,36.00,20.00,AUTO,0,52,NaN,9.07,57.98,-15.44,51.62,NaN,NaN,NaN,NaN,NaN,NaN,NaN,NaN,NaN,NaN
533.67,35.92,29.59,36.00,20.00,AUTO,0,52,NaN,9.07,57.98,-15.44,51.62,NaN,NaN,NaN,NaN,NaN,NaN,NaN,NaN,NaN,NaN
534.67,35.93,29.59,36.00,20.00,AUTO,0,52,NaN,9.07,57.98,-15.44,51.62,NaN,NaN,NaN,NaN,NaN,NaN,NaN,NaN,NaN,NaN
535.68,35.94,29.59,36.00,20.00,AUTO,0,52,NaN,9.07,57.98,-15.44,51.62,NaN,NaN,NaN,NaN,NaN,NaN,NaN,NaN,NaN,NaN
536.68,35.94,29.59,36.00,20.00,AUTO,0,52,NaN,9.07,57.98,-15.44,51.62,NaN,NaN,NaN,NaN,NaN,NaN,NaN,NaN,NaN,NaN
537.68,35.95,29.55,36.00,20.00,AUTO,0,52,NaN,9.07,57.98,-15.44,51.62,NaN,NaN,NaN,NaN,NaN,NaN,NaN,NaN,NaN,NaN
538.68,35.96,29.55,36.00,20.00,AUTO,0,52,NaN,9.07,57.98,-15.44,51.62,NaN,NaN,NaN,NaN,NaN,NaN,NaN,NaN,NaN,NaN
539.68,35.98,29.55,36.00,20.00,AUTO,0,52,NaN,9.07,57.98,-15.44,51.62,NaN,NaN,NaN,NaN,NaN,NaN,NaN,NaN,NaN,NaN
540.68,35.99,29.51,36.00,20.00,AUTO,0,52,NaN,9.07,57.98,-15.44,51.62,NaN,NaN,NaN,NaN,NaN,NaN,NaN,NaN,NaN,NaN
541.68,35.98,29.51,36.00,20.00,AUTO,0,47,NaN,0.83,58.44,-12.31,46.95,NaN,NaN,NaN,NaN,NaN,NaN,NaN,NaN,NaN,NaN
542.68,35.98,29.51,36.00,20.00,AUTO,0,47,NaN,0.83,58.44,-12.31,46.95,NaN,NaN,NaN,NaN,NaN,NaN,NaN,NaN,NaN,NaN
543.69,35.99,29.51,36.00,20.00,AUTO,0,47,NaN,0.83,58.44,-12.31,46.95,NaN,NaN,NaN,NaN,NaN,NaN,NaN,NaN,NaN,NaN
544.69,36.00,29.51,36.00,20.00,AUTO,0,47,NaN,0.83,58.44,-12.31,46.95,NaN,NaN,NaN,NaN,NaN,NaN,NaN,NaN,NaN,NaN
545.69,36.00,29.48,36.00,20.00,AUTO,0,47,NaN,0.83,58.44,-12.31,46.95,NaN,NaN,NaN,NaN,NaN,NaN,NaN,NaN,NaN,NaN
546.69,36.00,29.48,36.00,20.00,AUTO,0,47,NaN,0.83,58.44,-12.31,46.95,NaN,NaN,NaN,NaN,NaN,NaN,NaN,NaN,NaN,NaN
547.69,36.01,29.48,36.00,20.00,AUTO,0,47,NaN,0.83,58.44,-12.31,46.95,NaN,NaN,NaN,NaN,NaN,NaN,NaN,NaN,NaN,NaN
548.70,36.01,29.45,36.00,20.00,AUTO,0,47,NaN,0.83,58.44,-12.31,46.95,NaN,NaN,NaN,NaN,NaN,NaN,NaN,NaN,NaN,NaN
549.70,36.02,29.45,36.00,20.00,AUTO,0,47,NaN,0.83,58.44,-12.31,46.95,NaN,NaN,NaN,NaN,NaN,NaN,NaN,NaN,NaN,NaN
550.70,36.03,29.45,36.00,20.00,AUTO,0,47,NaN,0.83,58.44,-12.31,46.95,NaN,NaN,NaN,NaN,NaN,NaN,NaN,NaN,NaN,NaN
551.70,36.03,29.45,36.00,20.00,AUTO,0,47,NaN,0.83,58.44,-12.31,46.95,NaN,NaN,NaN,NaN,NaN,NaN,NaN,NaN,NaN,NaN
552.70,36.03,29.45,36.00,20.00,AUTO,0,47,NaN,0.83,58.44,-12.31,46.95,NaN,NaN,NaN,NaN,NaN,NaN,NaN,NaN,NaN,NaN
553.70,36.03,29.45,36.00,20.00,AUTO,0,47,NaN,0.83,58.44,-12.31,46.95,NaN,NaN,NaN,NaN,NaN,NaN,NaN,NaN,NaN,NaN
554.71,36.04,29.45,36.00,20.00,AUTO,0,47,NaN,0.83,58.44,-12.31,46.95,NaN,NaN,NaN,NaN,NaN,NaN,NaN,NaN,NaN,NaN
555.70,36.04,29.45,36.00,20.00,AUTO,0,47,NaN,0.83,58.44,-12.31,46.95,NaN,NaN,NaN,NaN,NaN,NaN,NaN,NaN,NaN,NaN
556.71,36.03,29.45,36.00,20.00,AUTO,0,50,NaN,-2.20,58.37,-5.80,50.37,NaN,NaN,NaN,NaN,NaN,NaN,NaN,NaN,NaN,NaN
557.71,36.04,29.45,36.00,20.00,AUTO,0,50,NaN,-2.20,58.37,-5.80,50.37,NaN,NaN,NaN,NaN,NaN,NaN,NaN,NaN,NaN,NaN
558.71,36.04,29.45,36.00,20.00,AUTO,0,50,NaN,-2.20,58.37,-5.80,50.37,NaN,NaN,NaN,NaN,NaN,NaN,NaN,NaN,NaN,NaN
559.71,36.06,29.45,36.00,20.00,AUTO,0,50,NaN,-2.20,58.37,-5.80,50.37,NaN,NaN,NaN,NaN,NaN,NaN,NaN,NaN,NaN,NaN
560.71,36.06,29.45,36.00,20.00,AUTO,0,50,NaN,-2.20,58.37,-5.80,50.37,NaN,NaN,NaN,NaN,NaN,NaN,NaN,NaN,NaN,NaN
561.72,36.07,29.45,36.00,20.00,AUTO,0,50,NaN,-2.20,58.37,-5.80,50.37,NaN,NaN,NaN,NaN,NaN,NaN,NaN,NaN,NaN,NaN
562.73,36.07,29.45,36.00,20.00,AUTO,0,50,NaN,-2.20,58.37,-5.80,50.37,NaN,NaN,NaN,NaN,NaN,NaN,NaN,NaN,NaN,NaN
563.72,36.07,29.41,36.00,20.00,AUTO,0,50,NaN,-2.20,58.37,-5.80,50.37,NaN,NaN,NaN,NaN,NaN,NaN,NaN,NaN,NaN,NaN
564.72,36.09,29.41,36.00,20.00,AUTO,0,50,NaN,-2.20,58.37,-5.80,50.37,NaN,NaN,NaN,NaN,NaN,NaN,NaN,NaN,NaN,NaN
565.72,36.09,29.41,36.00,20.00,AUTO,0,50,NaN,-2.20,58.37,-5.80,50.37,NaN,NaN,NaN,NaN,NaN,NaN,NaN,NaN,NaN,NaN
566.72,36.10,29.41,36.00,20.00,AUTO,0,50,NaN,-2.20,58.37,-5.80,50.37,NaN,NaN,NaN,NaN,NaN,NaN,NaN,NaN,NaN,NaN
567.73,36.10,29.36,36.00,20.00,AUTO,0,50,NaN,-2.20,58.37,-5.80,50.37,NaN,NaN,NaN,NaN,NaN,NaN,NaN,NaN,NaN,NaN
568.73,36.11,29.36,36.00,20.00,AUTO,0,50,NaN,-2.20,58.37,-5.80,50.37,NaN,NaN,NaN,NaN,NaN,NaN,NaN,NaN,NaN,NaN
569.73,36.11,29.36,36.00,20.00,AUTO,0,50,NaN,-2.20,58.37,-5.80,50.37,NaN,NaN,NaN,NaN,NaN,NaN,NaN,NaN,NaN,NaN
570.73,36.12,29.36,36.00,20.00,AUTO,0,50,NaN,-2.20,58.37,-5.80,50.37,NaN,NaN,NaN,NaN,NaN,NaN,NaN,NaN,NaN,NaN
571.73,36.11,29.36,36.00,20.00,AUTO,0,46,NaN,-6.33,57.96,-6.12,45.51,NaN,NaN,NaN,NaN,NaN,NaN,NaN,NaN,NaN,NaN
572.73,36.11,29.36,36.00,20.00,AUTO,0,46,NaN,-6.33,57.96,-6.12,45.51,NaN,NaN,NaN,NaN,NaN,NaN,NaN,NaN,NaN,NaN
573.73,36.12,29.36,36.00,20.00,AUTO,0,46,NaN,-6.33,57.96,-6.12,45.51,NaN,NaN,NaN,NaN,NaN,NaN,NaN,NaN,NaN,NaN
574.73,36.12,29.36,36.00,20.00,AUTO,0,46,NaN,-6.33,57.96,-6.12,45.51,NaN,NaN,NaN,NaN,NaN,NaN,NaN,NaN,NaN,NaN
575.74,36.12,29.36,36.00,20.00,AUTO,0,46,NaN,-6.33,57.96,-6.12,45.51,NaN,NaN,NaN,NaN,NaN,NaN,NaN,NaN,NaN,NaN
576.74,36.12,29.36,36.00,20.00,AUTO,0,46,NaN,-6.33,57.96,-6.12,45.51,NaN,NaN,NaN,NaN,NaN,NaN,NaN,NaN,NaN,NaN
577.74,36.13,29.36,36.00,20.00,AUTO,0,46,NaN,-6.33,57.96,-6.12,45.51,NaN,NaN,NaN,NaN,NaN,NaN,NaN,NaN,NaN,NaN
578.74,36.14,29.34,36.00,20.00,AUTO,0,46,NaN,-6.33,57.96,-6.12,45.51,NaN,NaN,NaN,NaN,NaN,NaN,NaN,NaN,NaN,NaN
579.74,36.14,29.34,36.00,20.00,AUTO,0,46,NaN,-6.33,57.96,-6.12,45.51,NaN,NaN,NaN,NaN,NaN,NaN,NaN,NaN,NaN,NaN
580.75,36.15,29.34,36.00,20.00,AUTO,0,46,NaN,-6.33,57.96,-6.12,45.51,NaN,NaN,NaN,NaN,NaN,NaN,NaN,NaN,NaN,NaN
581.75,36.15,29.34,36.00,20.00,AUTO,0,46,NaN,-6.33,57.96,-6.12,45.51,NaN,NaN,NaN,NaN,NaN,NaN,NaN,NaN,NaN,NaN
582.75,36.14,29.34,36.00,20.00,AUTO,0,46,NaN,-6.33,57.96,-6.12,45.51,NaN,NaN,NaN,NaN,NaN,NaN,NaN,NaN,NaN,NaN
583.75,36.15,29.34,36.00,20.00,AUTO,0,46,NaN,-6.33,57.96,-6.12,45.51,NaN,NaN,NaN,NaN,NaN,NaN,NaN,NaN,NaN,NaN
584.75,36.15,29.34,36.00,20.00,AUTO,0,46,NaN,-6.33,57.96,-6.12,45.51,NaN,NaN,NaN,NaN,NaN,NaN,NaN,NaN,NaN,NaN
585.75,36.15,29.34,36.00,20.00,AUTO,0,46,NaN,-6.33,57.96,-6.12,45.51,NaN,NaN,NaN,NaN,NaN,NaN,NaN,NaN,NaN,NaN
586.75,36.14,29.34,36.00,20.00,AUTO,0,46,NaN,-8.25,57.26,-3.45,45.57,NaN,NaN,NaN,NaN,NaN,NaN,NaN,NaN,NaN,NaN
587.75,36.15,29.34,36.00,20.00,AUTO,0,46,NaN,-8.25,57.26,-3.45,45.57,NaN,NaN,NaN,NaN,NaN,NaN,NaN,NaN,NaN,NaN
588.76,36.15,29.34,36.00,20.00,AUTO,0,46,NaN,-8.25,57.26,-3.45,45.57,NaN,NaN,NaN,NaN,NaN,NaN,NaN,NaN,NaN,NaN
589.76,36.15,29.34,36.00,20.00,AUTO,0,46,NaN,-8.25,57.26,-3.45,45.57,NaN,NaN,NaN,NaN,NaN,NaN,NaN,NaN,NaN,NaN
590.76,36.16,29.34,36.00,20.00,AUTO,0,46,NaN,-8.25,57.26,-3.45,45.57,NaN,NaN,NaN,NaN,NaN,NaN,NaN,NaN,NaN,NaN
591.76,36.16,29.34,36.00,20.00,AUTO,0,46,NaN,-8.25,57.26,-3.45,45.57,NaN,NaN,NaN,NaN,NaN,NaN,NaN,NaN,NaN,NaN
592.76,36.15,29.34,36.00,20.00,AUTO,0,46,NaN,-8.25,57.26,-3.45,45.57,NaN,NaN,NaN,NaN,NaN,NaN,NaN,NaN,NaN,NaN
593.77,36.17,29.34,36.00,20.00,AUTO,0,46,NaN,-8.25,57.26,-3.45,45.57,NaN,NaN,NaN,NaN,NaN,NaN,NaN,NaN,NaN,NaN
594.77,36.17,29.34,36.00,20.00,AUTO,0,46,NaN,-8.25,57.26,-3.45,45.57,NaN,NaN,NaN,NaN,NaN,NaN,NaN,NaN,NaN,NaN
595.77,36.18,29.34,36.00,20.00,AUTO,0,46,NaN,-8.25,57.26,-3.45,45.57,NaN,NaN,NaN,NaN,NaN,NaN,NaN,NaN,NaN,NaN
596.77,36.18,29.34,36.00,20.00,AUTO,0,46,NaN,-8.25,57.26,-3.45,45.57,NaN,NaN,NaN,NaN,NaN,NaN,NaN,NaN,NaN,NaN
597.77,36.18,29.34,36.00,20.00,AUTO,0,46,NaN,-8.25,57.26,-3.45,45.57,NaN,NaN,NaN,NaN,NaN,NaN,NaN,NaN,NaN,NaN
598.77,36.18,29.34,36.00,20.00,AUTO,0,46,NaN,-8.25,57.26,-3.45,45.57,NaN,NaN,NaN,NaN,NaN,NaN,NaN,NaN,NaN,NaN
599.78,36.18,29.34,36.00,20.00,AUTO,0,46,NaN,-8.25,57.26,-3.45,45.57,NaN,NaN,NaN,NaN,NaN,NaN,NaN,NaN,NaN,NaN
600.78,36.18,29.34,36.00,20.00,AUTO,0,46,NaN,-8.25,57.26,-3.45,45.57,NaN,NaN,NaN,NaN,NaN,NaN,NaN,NaN,NaN,NaN
601.78,36.18,29.34,36.00,20.00,AUTO,0,44,NaN,-9.90,56.40,-2.72,43.77,NaN,NaN,NaN,NaN,NaN,NaN,NaN,NaN,NaN,NaN
602.78,36.18,29.34,36.00,20.00,AUTO,0,44,NaN,-9.90,56.40,-2.72,43.77,NaN,NaN,NaN,NaN,NaN,NaN,NaN,NaN,NaN,NaN
603.78,36.18,29.34,36.00,20.00,AUTO,0,44,NaN,-9.90,56.40,-2.72,43.77,NaN,NaN,NaN,NaN,NaN,NaN,NaN,NaN,NaN,NaN
604.78,36.18,29.34,36.00,20.00,AUTO,0,44,NaN,-9.90,56.40,-2.72,43.77,NaN,NaN,NaN,NaN,NaN,NaN,NaN,NaN,NaN,NaN
605.78,36.19,29.34,36.00,20.00,AUTO,0,44,NaN,-9.90,56.40,-2.72,43.77,NaN,NaN,NaN,NaN,NaN,NaN,NaN,NaN,NaN,NaN
606.78,36.19,29.34,36.00,20.00,AUTO,0,44,NaN,-9.90,56.40,-2.72,43.77,NaN,NaN,NaN,NaN,NaN,NaN,NaN,NaN,NaN,NaN
607.79,36.19,29.34,36.00,20.00,AUTO,0,44,NaN,-9.90,56.40,-2.72,43.77,NaN,NaN,NaN,NaN,NaN,NaN,NaN,NaN,NaN,NaN
608.79,36.21,29.34,36.00,20.00,AUTO,0,44,NaN,-9.90,56.40,-2.72,43.77,NaN,NaN,NaN,NaN,NaN,NaN,NaN,NaN,NaN,NaN
609.79,36.21,29.34,36.00,20.00,AUTO,0,44,NaN,-9.90,56.40,-2.72,43.77,NaN,NaN,NaN,NaN,NaN,NaN,NaN,NaN,NaN,NaN
610.79,36.21,29.34,36.00,20.00,AUTO,0,44,NaN,-9.90,56.40,-2.72,43.77,NaN,NaN,NaN,NaN,NaN,NaN,NaN,NaN,NaN,NaN
611.79,36.21,29.34,36.00,20.00,AUTO,0,44,NaN,-9.90,56.40,-2.72,43.77,NaN,NaN,NaN,NaN,NaN,NaN,NaN,NaN,NaN,NaN
612.80,36.21,29.34,36.00,20.00,AUTO,0,44,NaN,-9.90,56.40,-2.72,43.77,NaN,NaN,NaN,NaN,NaN,NaN,NaN,NaN,NaN,NaN
613.80,36.21,29.34,36.00,20.00,AUTO,0,44,NaN,-9.90,56.40,-2.72,43.77,NaN,NaN,NaN,NaN,NaN,NaN,NaN,NaN,NaN,NaN
614.80,36.21,29.34,36.00,20.00,AUTO,0,44,NaN,-9.90,56.40,-2.72,43.77,NaN,NaN,NaN,NaN,NaN,NaN,NaN,NaN,NaN,NaN
615.80,36.21,29.34,36.00,20.00,AUTO,0,44,NaN,-9.90,56.40,-2.72,43.77,NaN,NaN,NaN,NaN,NaN,NaN,NaN,NaN,NaN,NaN
616.81,36.19,29.34,36.00,20.00,AUTO,0,41,NaN,-11.55,55.36,-2.63,41.18,NaN,NaN,NaN,NaN,NaN,NaN,NaN,NaN,NaN,NaN
617.80,36.19,29.34,36.00,20.00,AUTO,0,41,NaN,-11.55,55.36,-2.63,41.18,NaN,NaN,NaN,NaN,NaN,NaN,NaN,NaN,NaN,NaN
618.80,36.19,29.34,36.00,20.00,AUTO,0,41,NaN,-11.55,55.36,-2.63,41.18,NaN,NaN,NaN,NaN,NaN,NaN,NaN,NaN,NaN,NaN
619.81,36.19,29.34,36.00,20.00,AUTO,0,41,NaN,-11.55,55.36,-2.63,41.18,NaN,NaN,NaN,NaN,NaN,NaN,NaN,NaN,NaN,NaN
620.81,36.18,29.34,36.00,20.00,AUTO,0,41,NaN,-11.55,55.36,-2.63,41.18,NaN,NaN,NaN,NaN,NaN,NaN,NaN,NaN,NaN,NaN
621.81,36.19,29.34,36.00,20.00,AUTO,0,41,NaN,-11.55,55.36,-2.63,41.18,NaN,NaN,NaN,NaN,NaN,NaN,NaN,NaN,NaN,NaN
622.81,36.19,29.34,36.00,20.00,AUTO,0,41,NaN,-11.55,55.36,-2.63,41.18,NaN,NaN,NaN,NaN,NaN,NaN,NaN,NaN,NaN,NaN
623.81,36.22,29.34,36.00,20.00,AUTO,0,41,NaN,-11.55,55.36,-2.63,41.18,NaN,NaN,NaN,NaN,NaN,NaN,NaN,NaN,NaN,NaN
624.81,36.21,29.34,36.00,20.00,AUTO,0,41,NaN,-11.55,55.36,-2.63,41.18,NaN,NaN,NaN,NaN,NaN,NaN,NaN,NaN,NaN,NaN
625.82,36.21,29.34,36.00,20.00,AUTO,0,41,NaN,-11.55,55.36,-2.63,41.18,NaN,NaN,NaN,NaN,NaN,NaN,NaN,NaN,NaN,NaN
626.82,36.22,29.34,36.00,20.00,AUTO,0,41,NaN,-11.55,55.36,-2.63,41.18,NaN,NaN,NaN,NaN,NaN,NaN,NaN,NaN,NaN,NaN
627.82,36.21,29.34,36.00,20.00,AUTO,0,41,NaN,-11.55,55.36,-2.63,41.18,NaN,NaN,NaN,NaN,NaN,NaN,NaN,NaN,NaN,NaN
628.82,36.21,29.34,36.00,20.00,AUTO,0,41,NaN,-11.55,55.36,-2.63,41.18,NaN,NaN,NaN,NaN,NaN,NaN,NaN,NaN,NaN,NaN
629.82,36.21,29.34,36.00,20.00,AUTO,0,41,NaN,-11.55,55.36,-2.63,41.18,NaN,NaN,NaN,NaN,NaN,NaN,NaN,NaN,NaN,NaN
630.82,36.19,29.34,36.00,20.00,AUTO,0,41,NaN,-11.55,55.36,-2.63,41.18,NaN,NaN,NaN,NaN,NaN,NaN,NaN,NaN,NaN,NaN
631.83,36.18,29.34,36.00,20.00,AUTO,0,43,NaN,-11.00,54.31,-0.19,43.12,NaN,NaN,NaN,NaN,NaN,NaN,NaN,NaN,NaN,NaN
632.83,36.17,29.34,36.00,20.00,AUTO,0,43,NaN,-11.00,54.31,-0.19,43.12,NaN,NaN,NaN,NaN,NaN,NaN,NaN,NaN,NaN,NaN
633.83,36.18,29.39,36.00,20.00,AUTO,0,43,NaN,-11.00,54.31,-0.19,43.12,NaN,NaN,NaN,NaN,NaN,NaN,NaN,NaN,NaN,NaN
634.83,36.17,29.39,36.00,20.00,AUTO,0,43,NaN,-11.00,54.31,-0.19,43.12,NaN,NaN,NaN,NaN,NaN,NaN,NaN,NaN,NaN,NaN
635.83,36.17,29.39,36.00,20.00,AUTO,0,43,NaN,-11.00,54.31,-0.19,43.12,NaN,NaN,NaN,NaN,NaN,NaN,NaN,NaN,NaN,NaN
636.84,36.16,29.39,36.00,20.00,AUTO,0,43,NaN,-11.00,54.31,-0.19,43.12,NaN,NaN,NaN,NaN,NaN,NaN,NaN,NaN,NaN,NaN
637.83,36.16,29.39,36.00,20.00,AUTO,0,43,NaN,-11.00,54.31,-0.19,43.12,NaN,NaN,NaN,NaN,NaN,NaN,NaN,NaN,NaN,NaN
638.84,36.16,29.39,36.00,20.00,AUTO,0,43,NaN,-11.00,54.31,-0.19,43.12,NaN,NaN,NaN,NaN,NaN,NaN,NaN,NaN,NaN,NaN
639.84,36.16,29.39,36.00,20.00,AUTO,0,43,NaN,-11.00,54.31,-0.19,43.12,NaN,NaN,NaN,NaN,NaN,NaN,NaN,NaN,NaN,NaN
640.84,36.16,29.42,36.00,20.00,AUTO,0,43,NaN,-11.00,54.31,-0.19,43.12,NaN,NaN,NaN,NaN,NaN,NaN,NaN,NaN,NaN,NaN
641.84,36.14,29.42,36.00,20.00,AUTO,0,43,NaN,-11.00,54.31,-0.19,43.12,NaN,NaN,NaN,NaN,NaN,NaN,NaN,NaN,NaN,NaN
642.84,36.15,29.42,36.00,20.00,AUTO,0,43,NaN,-11.00,54.31,-0.19,43.12,NaN,NaN,NaN,NaN,NaN,NaN,NaN,NaN,NaN,NaN
643.84,36.14,29.42,36.00,20.00,AUTO,0,43,NaN,-11.00,54.31,-0.19,43.12,NaN,NaN,NaN,NaN,NaN,NaN,NaN,NaN,NaN,NaN
644.85,36.14,29.46,36.00,20.00,AUTO,0,43,NaN,-11.00,54.31,-0.19,43.12,NaN,NaN,NaN,NaN,NaN,NaN,NaN,NaN,NaN,NaN
645.85,36.14,29.46,36.00,20.00,AUTO,0,43,NaN,-11.00,54.31,-0.19,43.12,NaN,NaN,NaN,NaN,NaN,NaN,NaN,NaN,NaN,NaN
646.85,36.12,29.45,36.00,20.00,AUTO,0,51,NaN,-7.70,53.47,4.95,50.72,NaN,NaN,NaN,NaN,NaN,NaN,NaN,NaN,NaN,NaN
647.85,36.12,29.45,36.00,20.00,AUTO,0,51,NaN,-7.70,53.47,4.95,50.72,NaN,NaN,NaN,NaN,NaN,NaN,NaN,NaN,NaN,NaN
648.85,36.12,29.45,36.00,20.00,AUTO,0,51,NaN,-7.70,53.47,4.95,50.72,NaN,NaN,NaN,NaN,NaN,NaN,NaN,NaN,NaN,NaN
649.85,36.12,29.45,36.00,20.00,AUTO,0,51,NaN,-7.70,53.47,4.95,50.72,NaN,NaN,NaN,NaN,NaN,NaN,NaN,NaN,NaN,NaN
650.85,36.12,29.45,36.00,20.00,AUTO,0,51,NaN,-7.70,53.47,4.95,50.72,NaN,NaN,NaN,NaN,NaN,NaN,NaN,NaN,NaN,NaN
651.86,36.11,29.45,36.00,20.00,AUTO,0,51,NaN,-7.70,53.47,4.95,50.72,NaN,NaN,NaN,NaN,NaN,NaN,NaN,NaN,NaN,NaN
652.86,36.11,29.45,36.00,20.00,AUTO,0,51,NaN,-7.70,53.47,4.95,50.72,NaN,NaN,NaN,NaN,NaN,NaN,NaN,NaN,NaN,NaN
653.86,36.11,29.45,36.00,20.00,AUTO,0,51,NaN,-7.70,53.47,4.95,50.72,NaN,NaN,NaN,NaN,NaN,NaN,NaN,NaN,NaN,NaN
654.86,36.12,29.48,36.00,20.00,AUTO,0,51,NaN,-7.70,53.47,4.95,50.72,NaN,NaN,NaN,NaN,NaN,NaN,NaN,NaN,NaN,NaN
655.86,36.12,29.48,36.00,20.00,AUTO,0,51,NaN,-7.70,53.47,4.95,50.72,NaN,NaN,NaN,NaN,NaN,NaN,NaN,NaN,NaN,NaN
656.86,36.12,29.48,36.00,20.00,AUTO,0,51,NaN,-7.70,53.47,4.95,50.72,NaN,NaN,NaN,NaN,NaN,NaN,NaN,NaN,NaN,NaN
657.87,36.12,29.48,36.00,20.00,AUTO,0,51,NaN,-7.70,53.47,4.95,50.72,NaN,NaN,NaN,NaN,NaN,NaN,NaN,NaN,NaN,NaN
658.87,36.12,29.48,36.00,20.00,AUTO,0,51,NaN,-7.70,53.47,4.95,50.72,NaN,NaN,NaN,NaN,NaN,NaN,NaN,NaN,NaN,NaN
659.87,36.12,29.48,36.00,20.00,AUTO,0,51,NaN,-7.70,53.47,4.95,50.72,NaN,NaN,NaN,NaN,NaN,NaN,NaN,NaN,NaN,NaN
660.87,36.12,29.48,36.00,20.00,AUTO,0,51,NaN,-7.70,53.47,4.95,50.72,NaN,NaN,NaN,NaN,NaN,NaN,NaN,NaN,NaN,NaN
661.87,36.11,29.48,36.00,20.00,AUTO,0,48,NaN,-6.60,52.85,1.59,47.84,NaN,NaN,NaN,NaN,NaN,NaN,NaN,NaN,NaN,NaN
662.87,36.11,29.48,36.00,20.00,AUTO,0,48,NaN,-6.60,52.85,1.59,47.84,NaN,NaN,NaN,NaN,NaN,NaN,NaN,NaN,NaN,NaN
663.88,36.11,29.48,36.00,20.00,AUTO,0,48,NaN,-6.60,52.85,1.59,47.84,NaN,NaN,NaN,NaN,NaN,NaN,NaN,NaN,NaN,NaN
664.88,36.10,29.53,36.00,20.00,AUTO,0,48,NaN,-6.60,52.85,1.59,47.84,NaN,NaN,NaN,NaN,NaN,NaN,NaN,NaN,NaN,NaN
665.88,36.10,29.48,36.00,20.00,AUTO,0,48,NaN,-6.60,52.85,1.59,47.84,NaN,NaN,NaN,NaN,NaN,NaN,NaN,NaN,NaN,NaN
666.88,36.10,29.53,36.00,20.00,AUTO,0,48,NaN,-6.60,52.85,1.59,47.84,NaN,NaN,NaN,NaN,NaN,NaN,NaN,NaN,NaN,NaN
667.88,36.10,29.48,36.00,20.00,AUTO,0,48,NaN,-6.60,52.85,1.59,47.84,NaN,NaN,NaN,NaN,NaN,NaN,NaN,NaN,NaN,NaN
668.88,36.10,29.53,36.00,20.00,AUTO,0,48,NaN,-6.60,52.85,1.59,47.84,NaN,NaN,NaN,NaN,NaN,NaN,NaN,NaN,NaN,NaN
669.88,36.11,29.53,36.00,20.00,AUTO,0,48,NaN,-6.60,52.85,1.59,47.84,NaN,NaN,NaN,NaN,NaN,NaN,NaN,NaN,NaN,NaN
670.89,36.12,29.53,36.00,20.00,AUTO,0,48,NaN,-6.60,52.85,1.59,47.84,NaN,NaN,NaN,NaN,NaN,NaN,NaN,NaN,NaN,NaN
671.89,36.12,29.53,36.00,20.00,AUTO,0,48,NaN,-6.60,52.85,1.59,47.84,NaN,NaN,NaN,NaN,NaN,NaN,NaN,NaN,NaN,NaN
672.89,36.12,29.53,36.00,20.00,AUTO,0,48,NaN,-6.60,52.85,1.59,47.84,NaN,NaN,NaN,NaN,NaN,NaN,NaN,NaN,NaN,NaN
673.89,36.12,29.53,36.00,20.00,AUTO,0,48,NaN,-6.60,52.85,1.59,47.84,NaN,NaN,NaN,NaN,NaN,NaN,NaN,NaN,NaN,NaN
674.89,36.12,29.53,36.00,20.00,AUTO,0,48,NaN,-6.60,52.85,1.59,47.84,NaN,NaN,NaN,NaN,NaN,NaN,NaN,NaN,NaN,NaN
675.89,36.11,29.53,36.00,20.00,AUTO,0,48,NaN,-6.60,52.85,1.59,47.84,NaN,NaN,NaN,NaN,NaN,NaN,NaN,NaN,NaN,NaN
676.90,36.10,29.53,36.00,20.00,AUTO,0,46,NaN,-6.33,52.28,0.14,46.09,NaN,NaN,NaN,NaN,NaN,NaN,NaN,NaN,NaN,NaN
677.90,36.11,29.53,36.00,20.00,AUTO,0,46,NaN,-6.33,52.28,0.14,46.09,NaN,NaN,NaN,NaN,NaN,NaN,NaN,NaN,NaN,NaN
678.90,36.11,29.53,36.00,20.00,AUTO,0,46,NaN,-6.33,52.28,0.14,46.09,NaN,NaN,NaN,NaN,NaN,NaN,NaN,NaN,NaN,NaN
679.90,36.11,29.53,36.00,20.00,AUTO,0,46,NaN,-6.33,52.28,0.14,46.09,NaN,NaN,NaN,NaN,NaN,NaN,NaN,NaN,NaN,NaN
680.90,36.10,29.53,36.00,20.00,AUTO,0,46,NaN,-6.33,52.28,0.14,46.09,NaN,NaN,NaN,NaN,NaN,NaN,NaN,NaN,NaN,NaN
681.90,36.11,29.53,36.00,20.00,AUTO,0,46,NaN,-6.33,52.28,0.14,46.09,NaN,NaN,NaN,NaN,NaN,NaN,NaN,NaN,NaN,NaN
682.91,36.11,29.53,36.00,20.00,AUTO,0,46,NaN,-6.33,52.28,0.14,46.09,NaN,NaN,NaN,NaN,NaN,NaN,NaN,NaN,NaN,NaN
683.91,36.12,29.53,36.00,20.00,AUTO,0,46,NaN,-6.33,52.28,0.14,46.09,NaN,NaN,NaN,NaN,NaN,NaN,NaN,NaN,NaN,NaN
684.91,36.11,29.53,36.00,20.00,AUTO,0,46,NaN,-6.33,52.28,0.14,46.09,NaN,NaN,NaN,NaN,NaN,NaN,NaN,NaN,NaN,NaN
685.91,36.12,29.53,36.00,20.00,AUTO,0,46,NaN,-6.33,52.28,0.14,46.09,NaN,NaN,NaN,NaN,NaN,NaN,NaN,NaN,NaN,NaN
686.91,36.12,29.53,36.00,20.00,AUTO,0,46,NaN,-6.33,52.28,0.14,46.09,NaN,NaN,NaN,NaN,NaN,NaN,NaN,NaN,NaN,NaN
687.91,36.12,29.53,36.00,20.00,AUTO,0,46,NaN,-6.33,52.28,0.14,46.09,NaN,NaN,NaN,NaN,NaN,NaN,NaN,NaN,NaN,NaN
688.91,36.12,29.53,36.00,20.00,AUTO,0,46,NaN,-6.33,52.28,0.14,46.09,NaN,NaN,NaN,NaN,NaN,NaN,NaN,NaN,NaN,NaN
689.92,36.12,29.53,36.00,20.00,AUTO,0,46,NaN,-6.33,52.28,0.14,46.09,NaN,NaN,NaN,NaN,NaN,NaN,NaN,NaN,NaN,NaN
690.92,36.11,29.53,36.00,20.00,AUTO,0,46,NaN,-6.33,52.28,0.14,46.09,NaN,NaN,NaN,NaN,NaN,NaN,NaN,NaN,NaN,NaN
691.92,36.10,29.53,36.00,20.00,AUTO,0,45,NaN,-6.33,51.68,-0.14,45.22,NaN,NaN,NaN,NaN,NaN,NaN,NaN,NaN,NaN,NaN
692.92,36.11,29.53,36.00,20.00,AUTO,0,45,NaN,-6.33,51.68,-0.14,45.22,NaN,NaN,NaN,NaN,NaN,NaN,NaN,NaN,NaN,NaN
693.92,36.11,29.53,36.00,20.00,AUTO,0,45,NaN,-6.33,51.68,-0.14,45.22,NaN,NaN,NaN,NaN,NaN,NaN,NaN,NaN,NaN,NaN
694.93,36.11,29.53,36.00,20.00,AUTO,0,45,NaN,-6.33,51.68,-0.14,45.22,NaN,NaN,NaN,NaN,NaN,NaN,NaN,NaN,NaN,NaN
695.93,36.11,29.53,36.00,20.00,AUTO,0,45,NaN,-6.33,51.68,-0.14,45.22,NaN,NaN,NaN,NaN,NaN,NaN,NaN,NaN,NaN,NaN
696.93,36.10,29.53,36.00,20.00,AUTO,0,45,NaN,-6.33,51.68,-0.14,45.22,NaN,NaN,NaN,NaN,NaN,NaN,NaN,NaN,NaN,NaN
697.93,36.10,29.53,36.00,20.00,AUTO,0,45,NaN,-6.33,51.68,-0.14,45.22,NaN,NaN,NaN,NaN,NaN,NaN,NaN,NaN,NaN,NaN
698.93,36.11,29.57,36.00,20.00,AUTO,0,45,NaN,-6.33,51.68,-0.14,45.22,NaN,NaN,NaN,NaN,NaN,NaN,NaN,NaN,NaN,NaN
699.93,36.12,29.57,36.00,20.00,AUTO,0,45,NaN,-6.33,51.68,-0.14,45.22,NaN,NaN,NaN,NaN,NaN,NaN,NaN,NaN,NaN,NaN
700.94,36.12,29.57,36.00,20.00,AUTO,0,45,NaN,-6.33,51.68,-0.14,45.22,NaN,NaN,NaN,NaN,NaN,NaN,NaN,NaN,NaN,NaN
701.93,36.12,29.53,36.00,20.00,AUTO,0,45,NaN,-6.33,51.68,-0.14,45.22,NaN,NaN,NaN,NaN,NaN,NaN,NaN,NaN,NaN,NaN
702.94,36.11,29.53,36.00,20.00,AUTO,0,45,NaN,-6.33,51.68,-0.14,45.22,NaN,NaN,NaN,NaN,NaN,NaN,NaN,NaN,NaN,NaN
703.94,36.11,29.57,36.00,20.00,AUTO,0,45,NaN,-6.33,51.68,-0.14,45.22,NaN,NaN,NaN,NaN,NaN,NaN,NaN,NaN,NaN,NaN
704.94,36.11,29.57,36.00,20.00,AUTO,0,45,NaN,-6.33,51.68,-0.14,45.22,NaN,NaN,NaN,NaN,NaN,NaN,NaN,NaN,NaN,NaN
705.94,36.11,29.57,36.00,20.00,AUTO,0,45,NaN,-6.33,51.68,-0.14,45.22,NaN,NaN,NaN,NaN,NaN,NaN,NaN,NaN,NaN,NaN
706.94,36.10,29.57,36.00,20.00,AUTO,0,45,NaN,-6.05,51.11,0.29,45.35,NaN,NaN,NaN,NaN,NaN,NaN,NaN,NaN,NaN,NaN
707.94,36.10,29.57,36.00,20.00,AUTO,0,45,NaN,-6.05,51.11,0.29,45.35,NaN,NaN,NaN,NaN,NaN,NaN,NaN,NaN,NaN,NaN
708.95,36.10,29.57,36.00,20.00,AUTO,0,45,NaN,-6.05,51.11,0.29,45.35,NaN,NaN,NaN,NaN,NaN,NaN,NaN,NaN,NaN,NaN
709.95,36.10,29.57,36.00,20.00,AUTO,0,45,NaN,-6.05,51.11,0.29,45.35,NaN,NaN,NaN,NaN,NaN,NaN,NaN,NaN,NaN,NaN
710.95,36.10,29.57,36.00,20.00,AUTO,0,45,NaN,-6.05,51.11,0.29,45.35,NaN,NaN,NaN,NaN,NaN,NaN,NaN,NaN,NaN,NaN
711.95,36.10,29.57,36.00,20.00,AUTO,0,45,NaN,-6.05,51.11,0.29,45.35,NaN,NaN,NaN,NaN,NaN,NaN,NaN,NaN,NaN,NaN
712.95,36.10,29.57,36.00,20.00,AUTO,0,45,NaN,-6.05,51.11,0.29,45.35,NaN,NaN,NaN,NaN,NaN,NaN,NaN,NaN,NaN,NaN
713.96,36.11,29.57,36.00,20.00,AUTO,0,45,NaN,-6.05,51.11,0.29,45.35,NaN,NaN,NaN,NaN,NaN,NaN,NaN,NaN,NaN,NaN
714.95,36.11,29.61,36.00,20.00,AUTO,0,45,NaN,-6.05,51.11,0.29,45.35,NaN,NaN,NaN,NaN,NaN,NaN,NaN,NaN,NaN,NaN
715.96,36.10,29.61,36.00,20.00,AUTO,0,45,NaN,-6.05,51.11,0.29,45.35,NaN,NaN,NaN,NaN,NaN,NaN,NaN,NaN,NaN,NaN
716.96,36.11,29.57,36.00,20.00,AUTO,0,45,NaN,-6.05,51.11,0.29,45.35,NaN,NaN,NaN,NaN,NaN,NaN,NaN,NaN,NaN,NaN
717.96,36.10,29.61,36.00,20.00,AUTO,0,45,NaN,-6.05,51.11,0.29,45.35,NaN,NaN,NaN,NaN,NaN,NaN,NaN,NaN,NaN,NaN
718.96,36.10,29.61,36.00,20.00,AUTO,0,45,NaN,-6.05,51.11,0.29,45.35,NaN,NaN,NaN,NaN,NaN,NaN,NaN,NaN,NaN,NaN
719.96,36.10,29.61,36.00,20.00,AUTO,0,45,NaN,-6.05,51.11,0.29,45.35,NaN,NaN,NaN,NaN,NaN,NaN,NaN,NaN,NaN,NaN
720.96,36.10,29.61,36.00,20.00,AUTO,0,45,NaN,-6.05,51.11,0.29,45.35,NaN,NaN,NaN,NaN,NaN,NaN,NaN,NaN,NaN,NaN
721.97,36.09,29.61,36.00,20.00,AUTO,0,46,NaN,-5.50,50.57,0.64,45.71,NaN,NaN,NaN,NaN,NaN,NaN,NaN,NaN,NaN,NaN
722.97,36.09,29.61,36.00,20.00,AUTO,0,46,NaN,-5.50,50.57,0.64,45.71,NaN,NaN,NaN,NaN,NaN,NaN,NaN,NaN,NaN,NaN
723.97,36.08,29.61,36.00,20.00,AUTO,0,46,NaN,-5.50,50.57,0.64,45.71,NaN,NaN,NaN,NaN,NaN,NaN,NaN,NaN,NaN,NaN
724.97,36.08,29.61,36.00,20.00,AUTO,0,46,NaN,-5.50,50.57,0.64,45.71,NaN,NaN,NaN,NaN,NaN,NaN,NaN,NaN,NaN,NaN
725.97,36.08,29.61,36.00,20.00,AUTO,0,46,NaN,-5.50,50.57,0.64,45.71,NaN,NaN,NaN,NaN,NaN,NaN,NaN,NaN,NaN,NaN
726.98,36.08,29.61,36.00,20.00,AUTO,0,46,NaN,-5.50,50.57,0.64,45.71,NaN,NaN,NaN,NaN,NaN,NaN,NaN,NaN,NaN,NaN
727.98,36.08,29.61,36.00,20.00,AUTO,0,46,NaN,-5.50,50.57,0.64,45.71,NaN,NaN,NaN,NaN,NaN,NaN,NaN,NaN,NaN,NaN
728.98,36.09,29.61,36.00,20.00,AUTO,0,46,NaN,-5.50,50.57,0.64,45.71,NaN,NaN,NaN,NaN,NaN,NaN,NaN,NaN,NaN,NaN
729.98,36.09,29.61,36.00,20.00,AUTO,0,46,NaN,-5.50,50.57,0.64,45.71,NaN,NaN,NaN,NaN,NaN,NaN,NaN,NaN,NaN,NaN
730.98,36.09,29.61,36.00,20.00,AUTO,0,46,NaN,-5.50,50.57,0.64,45.71,NaN,NaN,NaN,NaN,NaN,NaN,NaN,NaN,NaN,NaN
731.98,36.09,29.61,36.00,20.00,AUTO,0,46,NaN,-5.50,50.57,0.64,45.71,NaN,NaN,NaN,NaN,NaN,NaN,NaN,NaN,NaN,NaN
732.99,36.10,29.61,36.00,20.00,AUTO,0,46,NaN,-5.50,50.57,0.64,45.71,NaN,NaN,NaN,NaN,NaN,NaN,NaN,NaN,NaN,NaN
733.98,36.10,29.65,36.00,20.00,AUTO,0,46,NaN,-5.50,50.57,0.64,45.71,NaN,NaN,NaN,NaN,NaN,NaN,NaN,NaN,NaN,NaN
734.99,36.09,29.61,36.00,20.00,AUTO,0,46,NaN,-5.50,50.57,0.64,45.71,NaN,NaN,NaN,NaN,NaN,NaN,NaN,NaN,NaN,NaN
735.99,36.10,29.65,36.00,20.00,AUTO,0,46,NaN,-5.50,50.57,0.64,45.71,NaN,NaN,NaN,NaN,NaN,NaN,NaN,NaN,NaN,NaN
736.99,36.08,29.65,36.00,20.00,AUTO,0,45,NaN,-5.23,50.11,0.38,45.26,NaN,NaN,NaN,NaN,NaN,NaN,NaN,NaN,NaN,NaN
737.99,36.08,29.65,36.00,20.00,AUTO,0,45,NaN,-5.23,50.11,0.38,45.26,NaN,NaN,NaN,NaN,NaN,NaN,NaN,NaN,NaN,NaN
738.99,36.08,29.65,36.00,20.00,AUTO,0,45,NaN,-5.23,50.11,0.38,45.26,NaN,NaN,NaN,NaN,NaN,NaN,NaN,NaN,NaN,NaN
740.00,36.08,29.65,36.00,20.00,AUTO,0,45,NaN,-5.23,50.11,0.38,45.26,NaN,NaN,NaN,NaN,NaN,NaN,NaN,NaN,NaN,NaN
741.00,36.07,29.65,36.00,20.00,AUTO,0,45,NaN,-5.23,50.11,0.38,45.26,NaN,NaN,NaN,NaN,NaN,NaN,NaN,NaN,NaN,NaN
742.00,36.07,29.65,36.00,20.00,AUTO,0,45,NaN,-5.23,50.11,0.38,45.26,NaN,NaN,NaN,NaN,NaN,NaN,NaN,NaN,NaN,NaN
743.00,36.07,29.69,36.00,20.00,AUTO,0,45,NaN,-5.23,50.11,0.38,45.26,NaN,NaN,NaN,NaN,NaN,NaN,NaN,NaN,NaN,NaN
744.00,36.08,29.69,36.00,20.00,AUTO,0,45,NaN,-5.23,50.11,0.38,45.26,NaN,NaN,NaN,NaN,NaN,NaN,NaN,NaN,NaN,NaN
745.01,36.08,29.69,36.00,20.00,AUTO,0,45,NaN,-5.23,50.11,0.38,45.26,NaN,NaN,NaN,NaN,NaN,NaN,NaN,NaN,NaN,NaN
746.01,36.08,29.69,36.00,20.00,AUTO,0,45,NaN,-5.23,50.11,0.38,45.26,NaN,NaN,NaN,NaN,NaN,NaN,NaN,NaN,NaN,NaN
747.00,36.08,29.69,36.00,20.00,AUTO,0,45,NaN,-5.23,50.11,0.38,45.26,NaN,NaN,NaN,NaN,NaN,NaN,NaN,NaN,NaN,NaN
748.01,36.08,29.69,36.00,20.00,AUTO,0,45,NaN,-5.23,50.11,0.38,45.26,NaN,NaN,NaN,NaN,NaN,NaN,NaN,NaN,NaN,NaN
749.01,36.08,29.69,36.00,20.00,AUTO,0,45,NaN,-5.23,50.11,0.38,45.26,NaN,NaN,NaN,NaN,NaN,NaN,NaN,NaN,NaN,NaN
750.01,36.07,29.69,36.00,20.00,AUTO,0,45,NaN,-5.23,50.11,0.38,45.26,NaN,NaN,NaN,NaN,NaN,NaN,NaN,NaN,NaN,NaN
751.01,36.08,29.69,36.00,20.00,AUTO,0,45,NaN,-5.23,50.11,0.38,45.26,NaN,NaN,NaN,NaN,NaN,NaN,NaN,NaN,NaN,NaN
752.02,36.06,29.69,36.00,20.00,AUTO,0,47,NaN,-4.13,49.70,1.25,46.82,NaN,NaN,NaN,NaN,NaN,NaN,NaN,NaN,NaN,NaN
753.01,36.07,29.69,36.00,20.00,AUTO,0,47,NaN,-4.13,49.70,1.25,46.82,NaN,NaN,NaN,NaN,NaN,NaN,NaN,NaN,NaN,NaN
754.02,36.07,29.69,36.00,20.00,AUTO,0,47,NaN,-4.13,49.70,1.25,46.82,NaN,NaN,NaN,NaN,NaN,NaN,NaN,NaN,NaN,NaN
755.02,36.06,29.69,36.00,20.00,AUTO,0,47,NaN,-4.13,49.70,1.25,46.82,NaN,NaN,NaN,NaN,NaN,NaN,NaN,NaN,NaN,NaN
756.02,36.06,29.69,36.00,20.00,AUTO,0,47,NaN,-4.13,49.70,1.25,46.82,NaN,NaN,NaN,NaN,NaN,NaN,NaN,NaN,NaN,NaN
757.02,36.06,29.69,36.00,20.00,AUTO,0,47,NaN,-4.13,49.70,1.25,46.82,NaN,NaN,NaN,NaN,NaN,NaN,NaN,NaN,NaN,NaN
758.02,36.06,29.69,36.00,20.00,AUTO,0,47,NaN,-4.13,49.70,1.25,46.82,NaN,NaN,NaN,NaN,NaN,NaN,NaN,NaN,NaN,NaN
759.03,36.07,29.69,36.00,20.00,AUTO,0,47,NaN,-4.13,49.70,1.25,46.82,NaN,NaN,NaN,NaN,NaN,NaN,NaN,NaN,NaN,NaN
760.03,36.08,29.69,36.00,20.00,AUTO,0,47,NaN,-4.13,49.70,1.25,46.82,NaN,NaN,NaN,NaN,NaN,NaN,NaN,NaN,NaN,NaN
761.03,36.07,29.69,36.00,20.00,AUTO,0,47,NaN,-4.13,49.70,1.25,46.82,NaN,NaN,NaN,NaN,NaN,NaN,NaN,NaN,NaN,NaN
762.03,36.07,29.69,36.00,20.00,AUTO,0,47,NaN,-4.13,49.70,1.25,46.82,NaN,NaN,NaN,NaN,NaN,NaN,NaN,NaN,NaN,NaN
763.03,36.07,29.69,36.00,20.00,AUTO,0,47,NaN,-4.13,49.70,1.25,46.82,NaN,NaN,NaN,NaN,NaN,NaN,NaN,NaN,NaN,NaN
764.03,36.07,29.73,36.00,20.00,AUTO,0,47,NaN,-4.13,49.70,1.25,46.82,NaN,NaN,NaN,NaN,NaN,NaN,NaN,NaN,NaN,NaN
765.04,36.07,29.69,36.00,20.00,AUTO,0,47,NaN,-4.13,49.70,1.25,46.82,NaN,NaN,NaN,NaN,NaN,NaN,NaN,NaN,NaN,NaN
766.04,36.07,29.69,36.00,20.00,AUTO,0,47,NaN,-4.13,49.70,1.25,46.82,NaN,NaN,NaN,NaN,NaN,NaN,NaN,NaN,NaN,NaN
767.04,36.06,29.73,36.00,20.00,AUTO,0,46,NaN,-3.85,49.35,0.42,45.91,NaN,NaN,NaN,NaN,NaN,NaN,NaN,NaN,NaN,NaN
768.04,36.06,29.73,36.00,20.00,AUTO,0,46,NaN,-3.85,49.35,0.42,45.91,NaN,NaN,NaN,NaN,NaN,NaN,NaN,NaN,NaN,NaN
769.04,36.06,29.73,36.00,20.00,AUTO,0,46,NaN,-3.85,49.35,0.42,45.91,NaN,NaN,NaN,NaN,NaN,NaN,NaN,NaN,NaN,NaN
770.04,36.06,29.73,36.00,20.00,AUTO,0,46,NaN,-3.85,49.35,0.42,45.91,NaN,NaN,NaN,NaN,NaN,NaN,NaN,NaN,NaN,NaN
771.04,36.04,29.73,36.00,20.00,AUTO,0,46,NaN,-3.85,49.35,0.42,45.91,NaN,NaN,NaN,NaN,NaN,NaN,NaN,NaN,NaN,NaN
772.05,36.04,29.73,36.00,20.00,AUTO,0,46,NaN,-3.85,49.35,0.42,45.91,NaN,NaN,NaN,NaN,NaN,NaN,NaN,NaN,NaN,NaN
773.05,36.04,29.73,36.00,20.00,AUTO,0,46,NaN,-3.85,49.35,0.42,45.91,NaN,NaN,NaN,NaN,NaN,NaN,NaN,NaN,NaN,NaN
774.05,36.06,29.73,36.00,20.00,AUTO,0,46,NaN,-3.85,49.35,0.42,45.91,NaN,NaN,NaN,NaN,NaN,NaN,NaN,NaN,NaN,NaN
775.05,36.06,29.73,36.00,20.00,AUTO,0,46,NaN,-3.85,49.35,0.42,45.91,NaN,NaN,NaN,NaN,NaN,NaN,NaN,NaN,NaN,NaN
776.05,36.06,29.73,36.00,20.00,AUTO,0,46,NaN,-3.85,49.35,0.42,45.91,NaN,NaN,NaN,NaN,NaN,NaN,NaN,NaN,NaN,NaN
777.06,36.06,29.73,36.00,20.00,AUTO,0,46,NaN,-3.85,49.35,0.42,45.91,NaN,NaN,NaN,NaN,NaN,NaN,NaN,NaN,NaN,NaN
778.06,36.04,29.73,36.00,20.00,AUTO,0,46,NaN,-3.85,49.35,0.42,45.91,NaN,NaN,NaN,NaN,NaN,NaN,NaN,NaN,NaN,NaN
779.05,36.04,29.73,36.00,20.00,AUTO,0,46,NaN,-3.85,49.35,0.42,45.91,NaN,NaN,NaN,NaN,NaN,NaN,NaN,NaN,NaN,NaN
780.06,36.04,29.73,36.00,20.00,AUTO,0,46,NaN,-3.85,49.35,0.42,45.91,NaN,NaN,NaN,NaN,NaN,NaN,NaN,NaN,NaN,NaN
781.06,36.04,29.73,36.00,20.00,AUTO,0,46,NaN,-3.85,49.35,0.42,45.91,NaN,NaN,NaN,NaN,NaN,NaN,NaN,NaN,NaN,NaN
782.07,36.03,29.73,36.00,20.00,AUTO,0,49,NaN,-2.20,49.08,1.89,48.77,NaN,NaN,NaN,NaN,NaN,NaN,NaN,NaN,NaN,NaN
783.06,36.03,29.73,36.00,20.00,AUTO,0,49,NaN,-2.20,49.08,1.89,48.77,NaN,NaN,NaN,NaN,NaN,NaN,NaN,NaN,NaN,NaN
784.06,36.02,29.73,36.00,20.00,AUTO,0,49,NaN,-2.20,49.08,1.89,48.77,NaN,NaN,NaN,NaN,NaN,NaN,NaN,NaN,NaN,NaN
785.06,36.03,29.73,36.00,20.00,AUTO,0,49,NaN,-2.20,49.08,1.89,48.77,NaN,NaN,NaN,NaN,NaN,NaN,NaN,NaN,NaN,NaN
786.07,36.03,29.73,36.00,20.00,AUTO,0,49,NaN,-2.20,49.08,1.89,48.77,NaN,NaN,NaN,NaN,NaN,NaN,NaN,NaN,NaN,NaN
787.07,36.03,29.73,36.00,20.00,AUTO,0,49,NaN,-2.20,49.08,1.89,48.77,NaN,NaN,NaN,NaN,NaN,NaN,NaN,NaN,NaN,NaN
788.07,36.03,29.73,36.00,20.00,AUTO,0,49,NaN,-2.20,49.08,1.89,48.77,NaN,NaN,NaN,NaN,NaN,NaN,NaN,NaN,NaN,NaN
789.07,36.03,29.77,36.00,20.00,AUTO,0,49,NaN,-2.20,49.08,1.89,48.77,NaN,NaN,NaN,NaN,NaN,NaN,NaN,NaN,NaN,NaN
790.07,36.06,29.73,36.00,20.00,AUTO,0,49,NaN,-2.20,49.08,1.89,48.77,NaN,NaN,NaN,NaN,NaN,NaN,NaN,NaN,NaN,NaN
791.08,36.06,29.73,36.00,20.00,AUTO,0,49,NaN,-2.20,49.08,1.89,48.77,NaN,NaN,NaN,NaN,NaN,NaN,NaN,NaN,NaN,NaN
792.08,36.06,29.73,36.00,20.00,AUTO,0,49,NaN,-2.20,49.08,1.89,48.77,NaN,NaN,NaN,NaN,NaN,NaN,NaN,NaN,NaN,NaN
793.08,36.04,29.73,36.00,20.00,AUTO,0,49,NaN,-2.20,49.08,1.89,48.77,NaN,NaN,NaN,NaN,NaN,NaN,NaN,NaN,NaN,NaN
794.08,36.04,29.73,36.00,20.00,AUTO,0,49,NaN,-2.20,49.08,1.89,48.77,NaN,NaN,NaN,NaN,NaN,NaN,NaN,NaN,NaN,NaN
795.08,36.04,29.73,36.00,20.00,AUTO,0,49,NaN,-2.20,49.08,1.89,48.77,NaN,NaN,NaN,NaN,NaN,NaN,NaN,NaN,NaN,NaN
796.09,36.04,29.73,36.00,20.00,AUTO,0,49,NaN,-2.20,49.08,1.89,48.77,NaN,NaN,NaN,NaN,NaN,NaN,NaN,NaN,NaN,NaN
797.09,36.03,29.77,36.00,20.00,AUTO,0,46,NaN,-2.20,48.88,-0.33,46.35,NaN,NaN,NaN,NaN,NaN,NaN,NaN,NaN,NaN,NaN
798.09,36.03,29.77,36.00,20.00,AUTO,0,46,NaN,-2.20,48.88,-0.33,46.35,NaN,NaN,NaN,NaN,NaN,NaN,NaN,NaN,NaN,NaN
799.09,36.03,29.77,36.00,20.00,AUTO,0,46,NaN,-2.20,48.88,-0.33,46.35,NaN,NaN,NaN,NaN,NaN,NaN,NaN,NaN,NaN,NaN
800.09,36.02,29.77,36.00,20.00,AUTO,0,46,NaN,-2.20,48.88,-0.33,46.35,NaN,NaN,NaN,NaN,NaN,NaN,NaN,NaN,NaN,NaN
801.09,36.02,29.77,36.00,20.00,AUTO,0,46,NaN,-2.20,48.88,-0.33,46.35,NaN,NaN,NaN,NaN,NaN,NaN,NaN,NaN,NaN,NaN
802.09,36.02,29.77,36.00,20.00,AUTO,0,46,NaN,-2.20,48.88,-0.33,46.35,NaN,NaN,NaN,NaN,NaN,NaN,NaN,NaN,NaN,NaN
803.10,36.02,29.77,36.00,20.00,AUTO,0,46,NaN,-2.20,48.88,-0.33,46.35,NaN,NaN,NaN,NaN,NaN,NaN,NaN,NaN,NaN,NaN
804.10,36.03,29.77,36.00,20.00,AUTO,0,46,NaN,-2.20,48.88,-0.33,46.35,NaN,NaN,NaN,NaN,NaN,NaN,NaN,NaN,NaN,NaN
805.10,36.03,29.77,36.00,20.00,AUTO,0,46,NaN,-2.20,48.88,-0.33,46.35,NaN,NaN,NaN,NaN,NaN,NaN,NaN,NaN,NaN,NaN
806.10,36.03,29.77,36.00,20.00,AUTO,0,46,NaN,-2.20,48.88,-0.33,46.35,NaN,NaN,NaN,NaN,NaN,NaN,NaN,NaN,NaN,NaN
807.10,36.03,29.81,36.00,20.00,AUTO,0,46,NaN,-2.20,48.88,-0.33,46.35,NaN,NaN,NaN,NaN,NaN,NaN,NaN,NaN,NaN,NaN
808.10,36.03,29.81,36.00,20.00,AUTO,0,46,NaN,-2.20,48.88,-0.33,46.35,NaN,NaN,NaN,NaN,NaN,NaN,NaN,NaN,NaN,NaN
809.11,36.03,29.81,36.00,20.00,AUTO,0,46,NaN,-2.20,48.88,-0.33,46.35,NaN,NaN,NaN,NaN,NaN,NaN,NaN,NaN,NaN,NaN
810.11,36.03,29.81,36.00,20.00,AUTO,0,46,NaN,-2.20,48.88,-0.33,46.35,NaN,NaN,NaN,NaN,NaN,NaN,NaN,NaN,NaN,NaN
811.10,36.03,29.81,36.00,20.00,AUTO,0,46,NaN,-2.20,48.88,-0.33,46.35,NaN,NaN,NaN,NaN,NaN,NaN,NaN,NaN,NaN,NaN
812.11,36.02,29.81,36.00,20.00,AUTO,0,48,NaN,-1.65,48.74,1.02,48.11,NaN,NaN,NaN,NaN,NaN,NaN,NaN,NaN,NaN,NaN
813.11,36.01,29.81,36.00,20.00,AUTO,0,48,NaN,-1.65,48.74,1.02,48.11,NaN,NaN,NaN,NaN,NaN,NaN,NaN,NaN,NaN,NaN
814.11,36.01,29.81,36.00,20.00,AUTO,0,48,NaN,-1.65,48.74,1.02,48.11,NaN,NaN,NaN,NaN,NaN,NaN,NaN,NaN,NaN,NaN
815.11,36.02,29.81,36.00,20.00,AUTO,0,48,NaN,-1.65,48.74,1.02,48.11,NaN,NaN,NaN,NaN,NaN,NaN,NaN,NaN,NaN,NaN
816.11,36.02,29.81,36.00,20.00,AUTO,0,48,NaN,-1.65,48.74,1.02,48.11,NaN,NaN,NaN,NaN,NaN,NaN,NaN,NaN,NaN,NaN
817.12,36.01,29.81,36.00,20.00,AUTO,0,48,NaN,-1.65,48.74,1.02,48.11,NaN,NaN,NaN,NaN,NaN,NaN,NaN,NaN,NaN,NaN
818.12,36.01,29.81,36.00,20.00,AUTO,0,48,NaN,-1.65,48.74,1.02,48.11,NaN,NaN,NaN,NaN,NaN,NaN,NaN,NaN,NaN,NaN
819.12,36.01,29.81,36.00,20.00,AUTO,0,48,NaN,-1.65,48.74,1.02,48.11,NaN,NaN,NaN,NaN,NaN,NaN,NaN,NaN,NaN,NaN
820.12,36.03,29.81,36.00,20.00,AUTO,0,48,NaN,-1.65,48.74,1.02,48.11,NaN,NaN,NaN,NaN,NaN,NaN,NaN,NaN,NaN,NaN
821.12,36.03,29.81,36.00,20.00,AUTO,0,48,NaN,-1.65,48.74,1.02,48.11,NaN,NaN,NaN,NaN,NaN,NaN,NaN,NaN,NaN,NaN
822.12,36.03,29.81,36.00,20.00,AUTO,0,48,NaN,-1.65,48.74,1.02,48.11,NaN,NaN,NaN,NaN,NaN,NaN,NaN,NaN,NaN,NaN
823.13,36.03,29.81,36.00,20.00,AUTO,0,48,NaN,-1.65,48.74,1.02,48.11,NaN,NaN,NaN,NaN,NaN,NaN,NaN,NaN,NaN,NaN
824.13,36.03,29.81,36.00,20.00,AUTO,0,48,NaN,-1.65,48.74,1.02,48.11,NaN,NaN,NaN,NaN,NaN,NaN,NaN,NaN,NaN,NaN
825.13,36.03,29.81,36.00,20.00,AUTO,0,48,NaN,-1.65,48.74,1.02,48.11,NaN,NaN,NaN,NaN,NaN,NaN,NaN,NaN,NaN,NaN
826.13,36.03,29.81,36.00,20.00,AUTO,0,48,NaN,-1.65,48.74,1.02,48.11,NaN,NaN,NaN,NaN,NaN,NaN,NaN,NaN,NaN,NaN
827.14,36.01,29.81,36.00,20.00,AUTO,0,47,NaN,-1.65,48.63,-0.17,46.80,NaN,NaN,NaN,NaN,NaN,NaN,NaN,NaN,NaN,NaN
828.14,36.01,29.81,36.00,20.00,AUTO,0,47,NaN,-1.65,48.63,-0.17,46.80,NaN,NaN,NaN,NaN,NaN,NaN,NaN,NaN,NaN,NaN
829.13,36.01,29.81,36.00,20.00,AUTO,0,47,NaN,-1.65,48.63,-0.17,46.80,NaN,NaN,NaN,NaN,NaN,NaN,NaN,NaN,NaN,NaN
830.14,36.01,29.85,36.00,20.00,AUTO,0,47,NaN,-1.65,48.63,-0.17,46.80,NaN,NaN,NaN,NaN,NaN,NaN,NaN,NaN,NaN,NaN
831.14,36.01,29.85,36.00,20.00,AUTO,0,47,NaN,-1.65,48.63,-0.17,46.80,NaN,NaN,NaN,NaN,NaN,NaN,NaN,NaN,NaN,NaN
832.14,36.01,29.81,36.00,20.00,AUTO,0,47,NaN,-1.65,48.63,-0.17,46.80,NaN,NaN,NaN,NaN,NaN,NaN,NaN,NaN,NaN,NaN
833.14,36.02,29.81,36.00,20.00,AUTO,0,47,NaN,-1.65,48.63,-0.17,46.80,NaN,NaN,NaN,NaN,NaN,NaN,NaN,NaN,NaN,NaN
834.14,36.02,29.85,36.00,20.00,AUTO,0,47,NaN,-1.65,48.63,-0.17,46.80,NaN,NaN,NaN,NaN,NaN,NaN,NaN,NaN,NaN,NaN
835.14,36.02,29.85,36.00,20.00,AUTO,0,47,NaN,-1.65,48.63,-0.17,46.80,NaN,NaN,NaN,NaN,NaN,NaN,NaN,NaN,NaN,NaN
836.15,36.03,29.85,36.00,20.00,AUTO,0,47,NaN,-1.65,48.63,-0.17,46.80,NaN,NaN,NaN,NaN,NaN,NaN,NaN,NaN,NaN,NaN
837.15,36.03,29.85,36.00,20.00,AUTO,0,47,NaN,-1.65,48.63,-0.17,46.80,NaN,NaN,NaN,NaN,NaN,NaN,NaN,NaN,NaN,NaN
838.15,36.03,29.85,36.00,20.00,AUTO,0,47,NaN,-1.65,48.63,-0.17,46.80,NaN,NaN,NaN,NaN,NaN,NaN,NaN,NaN,NaN,NaN
839.15,36.03,29.85,36.00,20.00,AUTO,0,47,NaN,-1.65,48.63,-0.17,46.80,NaN,NaN,NaN,NaN,NaN,NaN,NaN,NaN,NaN,NaN
840.15,36.02,29.85,36.00,20.00,AUTO,0,47,NaN,-1.65,48.63,-0.17,46.80,NaN,NaN,NaN,NaN,NaN,NaN,NaN,NaN,NaN,NaN
841.16,36.03,29.85,36.00,20.00,AUTO,0,47,NaN,-1.65,48.63,-0.17,46.80,NaN,NaN,NaN,NaN,NaN,NaN,NaN,NaN,NaN,NaN
842.16,36.02,29.85,36.00,20.00,AUTO,0,47,NaN,-1.37,48.52,-0.14,47.01,NaN,NaN,NaN,NaN,NaN,NaN,NaN,NaN,NaN,NaN
843.16,36.02,29.85,36.00,20.00,AUTO,0,47,NaN,-1.37,48.52,-0.14,47.01,NaN,NaN,NaN,NaN,NaN,NaN,NaN,NaN,NaN,NaN
844.16,36.02,29.85,36.00,20.00,AUTO,0,47,NaN,-1.37,48.52,-0.14,47.01,NaN,NaN,NaN,NaN,NaN,NaN,NaN,NaN,NaN,NaN
845.16,36.02,29.85,36.00,20.00,AUTO,0,47,NaN,-1.37,48.52,-0.14,47.01,NaN,NaN,NaN,NaN,NaN,NaN,NaN,NaN,NaN,NaN
846.16,36.01,29.85,36.00,20.00,AUTO,0,47,NaN,-1.37,48.52,-0.14,47.01,NaN,NaN,NaN,NaN,NaN,NaN,NaN,NaN,NaN,NaN
847.17,36.01,29.85,36.00,20.00,AUTO,0,47,NaN,-1.37,48.52,-0.14,47.01,NaN,NaN,NaN,NaN,NaN,NaN,NaN,NaN,NaN,NaN
848.16,36.01,29.85,36.00,20.00,AUTO,0,47,NaN,-1.37,48.52,-0.14,47.01,NaN,NaN,NaN,NaN,NaN,NaN,NaN,NaN,NaN,NaN
849.17,36.01,29.85,36.00,20.00,AUTO,0,47,NaN,-1.37,48.52,-0.14,47.01,NaN,NaN,NaN,NaN,NaN,NaN,NaN,NaN,NaN,NaN
850.17,36.01,29.85,36.00,20.00,AUTO,0,47,NaN,-1.37,48.52,-0.14,47.01,NaN,NaN,NaN,NaN,NaN,NaN,NaN,NaN,NaN,NaN
851.17,36.02,29.85,36.00,20.00,AUTO,0,47,NaN,-1.37,48.52,-0.14,47.01,NaN,NaN,NaN,NaN,NaN,NaN,NaN,NaN,NaN,NaN
852.17,36.02,29.85,36.00,20.00,AUTO,0,47,NaN,-1.37,48.52,-0.14,47.01,NaN,NaN,NaN,NaN,NaN,NaN,NaN,NaN,NaN,NaN
853.17,36.02,29.85,36.00,20.00,AUTO,0,47,NaN,-1.37,48.52,-0.14,47.01,NaN,NaN,NaN,NaN,NaN,NaN,NaN,NaN,NaN,NaN
854.17,36.02,29.85,36.00,20.00,AUTO,0,47,NaN,-1.37,48.52,-0.14,47.01,NaN,NaN,NaN,NaN,NaN,NaN,NaN,NaN,NaN,NaN
855.18,36.03,29.85,36.00,20.00,AUTO,0,47,NaN,-1.37,48.52,-0.14,47.01,NaN,NaN,NaN,NaN,NaN,NaN,NaN,NaN,NaN,NaN
856.18,36.03,29.85,36.00,20.00,AUTO,0,47,NaN,-1.37,48.52,-0.14,47.01,NaN,NaN,NaN,NaN,NaN,NaN,NaN,NaN,NaN,NaN
857.18,36.01,29.85,36.00,20.00,AUTO,0,47,NaN,-1.65,48.43,0.37,47.15,NaN,NaN,NaN,NaN,NaN,NaN,NaN,NaN,NaN,NaN
858.18,36.01,29.89,36.00,20.00,AUTO,0,47,NaN,-1.65,48.43,0.37,47.15,NaN,NaN,NaN,NaN,NaN,NaN,NaN,NaN,NaN,NaN
859.18,36.01,29.89,36.00,20.00,AUTO,0,47,NaN,-1.65,48.43,0.37,47.15,NaN,NaN,NaN,NaN,NaN,NaN,NaN,NaN,NaN,NaN
860.19,36.01,29.89,36.00,20.00,AUTO,0,47,NaN,-1.65,48.43,0.37,47.15,NaN,NaN,NaN,NaN,NaN,NaN,NaN,NaN,NaN,NaN
861.19,36.01,29.89,36.00,20.00,AUTO,0,47,NaN,-1.65,48.43,0.37,47.15,NaN,NaN,NaN,NaN,NaN,NaN,NaN,NaN,NaN,NaN
862.19,36.01,29.89,36.00,20.00,AUTO,0,47,NaN,-1.65,48.43,0.37,47.15,NaN,NaN,NaN,NaN,NaN,NaN,NaN,NaN,NaN,NaN
863.19,36.01,29.89,36.00,20.00,AUTO,0,47,NaN,-1.65,48.43,0.37,47.15,NaN,NaN,NaN,NaN,NaN,NaN,NaN,NaN,NaN,NaN
864.19,36.01,29.89,36.00,20.00,AUTO,0,47,NaN,-1.65,48.43,0.37,47.15,NaN,NaN,NaN,NaN,NaN,NaN,NaN,NaN,NaN,NaN
865.19,36.01,29.89,36.00,20.00,AUTO,0,47,NaN,-1.65,48.43,0.37,47.15,NaN,NaN,NaN,NaN,NaN,NaN,NaN,NaN,NaN,NaN
866.19,36.02,29.89,36.00,20.00,AUTO,0,47,NaN,-1.65,48.43,0.37,47.15,NaN,NaN,NaN,NaN,NaN,NaN,NaN,NaN,NaN,NaN
867.19,36.02,29.89,36.00,20.00,AUTO,0,47,NaN,-1.65,48.43,0.37,47.15,NaN,NaN,NaN,NaN,NaN,NaN,NaN,NaN,NaN,NaN
868.20,36.03,29.89,36.00,20.00,AUTO,0,47,NaN,-1.65,48.43,0.37,47.15,NaN,NaN,NaN,NaN,NaN,NaN,NaN,NaN,NaN,NaN
869.20,36.03,29.89,36.00,20.00,AUTO,0,47,NaN,-1.65,48.43,0.37,47.15,NaN,NaN,NaN,NaN,NaN,NaN,NaN,NaN,NaN,NaN
870.20,36.03,29.89,36.00,20.00,AUTO,0,47,NaN,-1.65,48.43,0.37,47.15,NaN,NaN,NaN,NaN,NaN,NaN,NaN,NaN,NaN,NaN
871.20,36.03,29.89,36.00,20.00,AUTO,0,47,NaN,-1.65,48.43,0.37,47.15,NaN,NaN,NaN,NaN,NaN,NaN,NaN,NaN,NaN,NaN
872.20,36.01,29.89,36.00,20.00,AUTO,0,46,NaN,-1.65,48.34,-0.44,46.25,NaN,NaN,NaN,NaN,NaN,NaN,NaN,NaN,NaN,NaN
873.21,36.02,29.89,36.00,20.00,AUTO,0,46,NaN,-1.65,48.34,-0.44,46.25,NaN,NaN,NaN,NaN,NaN,NaN,NaN,NaN,NaN,NaN
874.21,36.02,29.89,36.00,20.00,AUTO,0,46,NaN,-1.65,48.34,-0.44,46.25,NaN,NaN,NaN,NaN,NaN,NaN,NaN,NaN,NaN,NaN
875.21,36.02,29.89,36.00,20.00,AUTO,0,46,NaN,-1.65,48.34,-0.44,46.25,NaN,NaN,NaN,NaN,NaN,NaN,NaN,NaN,NaN,NaN
876.21,36.01,29.89,36.00,20.00,AUTO,0,46,NaN,-1.65,48.34,-0.44,46.25,NaN,NaN,NaN,NaN,NaN,NaN,NaN,NaN,NaN,NaN
877.21,36.02,29.89,36.00,20.00,AUTO,0,46,NaN,-1.65,48.34,-0.44,46.25,NaN,NaN,NaN,NaN,NaN,NaN,NaN,NaN,NaN,NaN
878.21,36.02,29.89,36.00,20.00,AUTO,0,46,NaN,-1.65,48.34,-0.44,46.25,NaN,NaN,NaN,NaN,NaN,NaN,NaN,NaN,NaN,NaN
879.22,36.03,29.89,36.00,20.00,AUTO,0,46,NaN,-1.65,48.34,-0.44,46.25,NaN,NaN,NaN,NaN,NaN,NaN,NaN,NaN,NaN,NaN
880.21,36.03,29.89,36.00,20.00,AUTO,0,46,NaN,-1.65,48.34,-0.44,46.25,NaN,NaN,NaN,NaN,NaN,NaN,NaN,NaN,NaN,NaN
881.22,36.04,29.89,36.00,20.00,AUTO,0,46,NaN,-1.65,48.34,-0.44,46.25,NaN,NaN,NaN,NaN,NaN,NaN,NaN,NaN,NaN,NaN
882.22,36.04,29.89,36.00,20.00,AUTO,0,46,NaN,-1.65,48.34,-0.44,46.25,NaN,NaN,NaN,NaN,NaN,NaN,NaN,NaN,NaN,NaN
883.22,36.04,29.89,36.00,20.00,AUTO,0,46,NaN,-1.65,48.34,-0.44,46.25,NaN,NaN,NaN,NaN,NaN,NaN,NaN,NaN,NaN,NaN
884.22,36.04,29.89,36.00,20.00,AUTO,0,46,NaN,-1.65,48.34,-0.44,46.25,NaN,NaN,NaN,NaN,NaN,NaN,NaN,NaN,NaN,NaN
885.22,36.04,29.89,36.00,20.00,AUTO,0,46,NaN,-1.65,48.34,-0.44,46.25,NaN,NaN,NaN,NaN,NaN,NaN,NaN,NaN,NaN,NaN
886.22,36.04,29.89,36.00,20.00,AUTO,0,46,NaN,-1.65,48.34,-0.44,46.25,NaN,NaN,NaN,NaN,NaN,NaN,NaN,NaN,NaN,NaN
887.23,36.03,29.89,36.00,20.00,AUTO,0,45,NaN,-2.20,48.20,-1.21,44.79,NaN,NaN,NaN,NaN,NaN,NaN,NaN,NaN,NaN,NaN
888.23,36.03,29.89,36.00,20.00,AUTO,0,45,NaN,-2.20,48.20,-1.21,44.79,NaN,NaN,NaN,NaN,NaN,NaN,NaN,NaN,NaN,NaN
889.23,36.03,29.89,36.00,20.00,AUTO,0,45,NaN,-2.20,48.20,-1.21,44.79,NaN,NaN,NaN,NaN,NaN,NaN,NaN,NaN,NaN,NaN
890.23,36.02,29.89,36.00,20.00,AUTO,0,45,NaN,-2.20,48.20,-1.21,44.79,NaN,NaN,NaN,NaN,NaN,NaN,NaN,NaN,NaN,NaN
891.23,36.02,29.89,36.00,20.00,AUTO,0,45,NaN,-2.20,48.20,-1.21,44.79,NaN,NaN,NaN,NaN,NaN,NaN,NaN,NaN,NaN,NaN
892.24,36.02,29.89,36.00,20.00,AUTO,0,45,NaN,-2.20,48.20,-1.21,44.79,NaN,NaN,NaN,NaN,NaN,NaN,NaN,NaN,NaN,NaN
893.23,36.01,29.89,36.00,20.00,AUTO,0,45,NaN,-2.20,48.20,-1.21,44.79,NaN,NaN,NaN,NaN,NaN,NaN,NaN,NaN,NaN,NaN
894.24,36.03,29.89,36.00,20.00,AUTO,0,45,NaN,-2.20,48.20,-1.21,44.79,NaN,NaN,NaN,NaN,NaN,NaN,NaN,NaN,NaN,NaN
895.24,36.03,29.89,36.00,20.00,AUTO,0,45,NaN,-2.20,48.20,-1.21,44.79,NaN,NaN,NaN,NaN,NaN,NaN,NaN,NaN,NaN,NaN
896.24,36.03,29.89,36.00,20.00,AUTO,0,45,NaN,-2.20,48.20,-1.21,44.79,NaN,NaN,NaN,NaN,NaN,NaN,NaN,NaN,NaN,NaN
897.24,36.03,29.89,36.00,20.00,AUTO,0,45,NaN,-2.20,48.20,-1.21,44.79,NaN,NaN,NaN,NaN,NaN,NaN,NaN,NaN,NaN,NaN
898.24,36.03,29.89,36.00,20.00,AUTO,0,45,NaN,-2.20,48.20,-1.21,44.79,NaN,NaN,NaN,NaN,NaN,NaN,NaN,NaN,NaN,NaN
899.24,36.03,29.89,36.00,20.00,AUTO,0,45,NaN,-2.20,48.20,-1.21,44.79,NaN,NaN,NaN,NaN,NaN,NaN,NaN,NaN,NaN,NaN
900.25,36.03,29.89,36.00,20.00,AUTO,0,45,NaN,-2.20,48.20,-1.21,44.79,NaN,NaN,NaN,NaN,NaN,NaN,NaN,NaN,NaN,NaN
901.25,36.03,29.89,36.00,20.00,AUTO,0,45,NaN,-2.20,48.20,-1.21,44.79,NaN,NaN,NaN,NaN,NaN,NaN,NaN,NaN,NaN,NaN
902.25,36.02,29.89,36.00,20.00,AUTO,0,47,NaN,-1.65,48.06,0.70,47.11,NaN,NaN,NaN,NaN,NaN,NaN,NaN,NaN,NaN,NaN
903.25,36.02,29.89,36.00,20.00,AUTO,0,47,NaN,-1.65,48.06,0.70,47.11,NaN,NaN,NaN,NaN,NaN,NaN,NaN,NaN,NaN,NaN
904.25,36.02,29.93,36.00,20.00,AUTO,0,47,NaN,-1.65,48.06,0.70,47.11,NaN,NaN,NaN,NaN,NaN,NaN,NaN,NaN,NaN,NaN
905.26,36.02,29.93,36.00,20.00,AUTO,0,47,NaN,-1.65,48.06,0.70,47.11,NaN,NaN,NaN,NaN,NaN,NaN,NaN,NaN,NaN,NaN
906.26,36.01,29.93,36.00,20.00,AUTO,0,47,NaN,-1.65,48.06,0.70,47.11,NaN,NaN,NaN,NaN,NaN,NaN,NaN,NaN,NaN,NaN
907.26,36.01,29.93,36.00,20.00,AUTO,0,47,NaN,-1.65,48.06,0.70,47.11,NaN,NaN,NaN,NaN,NaN,NaN,NaN,NaN,NaN,NaN
908.26,36.01,29.93,36.00,20.00,AUTO,0,47,NaN,-1.65,48.06,0.70,47.11,NaN,NaN,NaN,NaN,NaN,NaN,NaN,NaN,NaN,NaN
909.26,36.01,29.93,36.00,20.00,AUTO,0,47,NaN,-1.65,48.06,0.70,47.11,NaN,NaN,NaN,NaN,NaN,NaN,NaN,NaN,NaN,NaN
910.26,36.03,29.93,36.00,20.00,AUTO,0,47,NaN,-1.65,48.06,0.70,47.11,NaN,NaN,NaN,NaN,NaN,NaN,NaN,NaN,NaN,NaN
911.27,36.03,29.93,36.00,20.00,AUTO,0,47,NaN,-1.65,48.06,0.70,47.11,NaN,NaN,NaN,NaN,NaN,NaN,NaN,NaN,NaN,NaN
912.26,36.02,29.93,36.00,20.00,AUTO,0,47,NaN,-1.65,48.06,0.70,47.11,NaN,NaN,NaN,NaN,NaN,NaN,NaN,NaN,NaN,NaN
913.27,36.02,29.93,36.00,20.00,AUTO,0,47,NaN,-1.65,48.06,0.70,47.11,NaN,NaN,NaN,NaN,NaN,NaN,NaN,NaN,NaN,NaN
914.27,36.02,29.93,36.00,20.00,AUTO,0,47,NaN,-1.65,48.06,0.70,47.11,NaN,NaN,NaN,NaN,NaN,NaN,NaN,NaN,NaN,NaN
915.27,36.02,29.93,36.00,20.00,AUTO,0,47,NaN,-1.65,48.06,0.70,47.11,NaN,NaN,NaN,NaN,NaN,NaN,NaN,NaN,NaN,NaN
916.27,36.02,29.93,36.00,20.00,AUTO,0,47,NaN,-1.65,48.06,0.70,47.11,NaN,NaN,NaN,NaN,NaN,NaN,NaN,NaN,NaN,NaN
917.28,36.01,29.97,36.00,20.00,AUTO,0,47,NaN,-1.10,47.96,0.60,47.46,NaN,NaN,NaN,NaN,NaN,NaN,NaN,NaN,NaN,NaN
918.28,36.01,29.97,36.00,20.00,AUTO,0,47,NaN,-1.10,47.96,0.60,47.46,NaN,NaN,NaN,NaN,NaN,NaN,NaN,NaN,NaN,NaN
919.28,36.01,29.93,36.00,20.00,AUTO,0,47,NaN,-1.10,47.96,0.60,47.46,NaN,NaN,NaN,NaN,NaN,NaN,NaN,NaN,NaN,NaN
920.28,36.01,29.97,36.00,20.00,AUTO,0,47,NaN,-1.10,47.96,0.60,47.46,NaN,NaN,NaN,NaN,NaN,NaN,NaN,NaN,NaN,NaN
921.28,36.01,29.97,36.00,20.00,AUTO,0,47,NaN,-1.10,47.96,0.60,47.46,NaN,NaN,NaN,NaN,NaN,NaN,NaN,NaN,NaN,NaN
922.28,36.01,29.97,36.00,20.00,AUTO,0,47,NaN,-1.10,47.96,0.60,47.46,NaN,NaN,NaN,NaN,NaN,NaN,NaN,NaN,NaN,NaN
923.28,36.01,29.97,36.00,20.00,AUTO,0,47,NaN,-1.10,47.96,0.60,47.46,NaN,NaN,NaN,NaN,NaN,NaN,NaN,NaN,NaN,NaN
924.29,36.01,29.97,36.00,20.00,AUTO,0,47,NaN,-1.10,47.96,0.60,47.46,NaN,NaN,NaN,NaN,NaN,NaN,NaN,NaN,NaN,NaN
925.29,36.01,29.97,36.00,20.00,AUTO,0,47,NaN,-1.10,47.96,0.60,47.46,NaN,NaN,NaN,NaN,NaN,NaN,NaN,NaN,NaN,NaN
926.29,36.01,29.97,36.00,20.00,AUTO,0,47,NaN,-1.10,47.96,0.60,47.46,NaN,NaN,NaN,NaN,NaN,NaN,NaN,NaN,NaN,NaN
927.29,36.01,29.97,36.00,20.00,AUTO,0,47,NaN,-1.10,47.96,0.60,47.46,NaN,NaN,NaN,NaN,NaN,NaN,NaN,NaN,NaN,NaN
928.29,36.02,29.97,36.00,20.00,AUTO,0,47,NaN,-1.10,47.96,0.60,47.46,NaN,NaN,NaN,NaN,NaN,NaN,NaN,NaN,NaN,NaN
929.29,36.02,29.97,36.00,20.00,AUTO,0,47,NaN,-1.10,47.96,0.60,47.46,NaN,NaN,NaN,NaN,NaN,NaN,NaN,NaN,NaN,NaN
930.29,36.02,29.97,36.00,20.00,AUTO,0,47,NaN,-1.10,47.96,0.60,47.46,NaN,NaN,NaN,NaN,NaN,NaN,NaN,NaN,NaN,NaN
931.29,36.02,29.97,36.00,20.00,AUTO,0,47,NaN,-1.10,47.96,0.60,47.46,NaN,NaN,NaN,NaN,NaN,NaN,NaN,NaN,NaN,NaN
932.30,36.01,29.97,36.00,20.00,AUTO,0,47,NaN,-1.10,47.89,0.10,46.89,NaN,NaN,NaN,NaN,NaN,NaN,NaN,NaN,NaN,NaN
933.30,36.01,29.97,36.00,20.00,AUTO,0,47,NaN,-1.10,47.89,0.10,46.89,NaN,NaN,NaN,NaN,NaN,NaN,NaN,NaN,NaN,NaN
934.30,36.01,29.97,36.00,20.00,AUTO,0,47,NaN,-1.10,47.89,0.10,46.89,NaN,NaN,NaN,NaN,NaN,NaN,NaN,NaN,NaN,NaN
935.30,36.01,29.97,36.00,20.00,AUTO,0,47,NaN,-1.10,47.89,0.10,46.89,NaN,NaN,NaN,NaN,NaN,NaN,NaN,NaN,NaN,NaN
936.30,36.01,29.97,36.00,20.00,AUTO,0,47,NaN,-1.10,47.89,0.10,46.89,NaN,NaN,NaN,NaN,NaN,NaN,NaN,NaN,NaN,NaN
937.31,36.01,29.97,36.00,20.00,AUTO,0,47,NaN,-1.10,47.89,0.10,46.89,NaN,NaN,NaN,NaN,NaN,NaN,NaN,NaN,NaN,NaN
938.31,36.01,29.97,36.00,20.00,AUTO,0,47,NaN,-1.10,47.89,0.10,46.89,NaN,NaN,NaN,NaN,NaN,NaN,NaN,NaN,NaN,NaN
939.31,36.01,29.97,36.00,20.00,AUTO,0,47,NaN,-1.10,47.89,0.10,46.89,NaN,NaN,NaN,NaN,NaN,NaN,NaN,NaN,NaN,NaN
940.31,36.01,29.97,36.00,20.00,AUTO,0,47,NaN,-1.10,47.89,0.10,46.89,NaN,NaN,NaN,NaN,NaN,NaN,NaN,NaN,NaN,NaN
941.31,36.01,30.01,36.00,20.00,AUTO,0,47,NaN,-1.10,47.89,0.10,46.89,NaN,NaN,NaN,NaN,NaN,NaN,NaN,NaN,NaN,NaN
942.32,36.01,30.01,36.00,20.00,AUTO,0,47,NaN,-1.10,47.89,0.10,46.89,NaN,NaN,NaN,NaN,NaN,NaN,NaN,NaN,NaN,NaN
943.32,36.01,30.01,36.00,20.00,AUTO,0,47,NaN,-1.10,47.89,0.10,46.89,NaN,NaN,NaN,NaN,NaN,NaN,NaN,NaN,NaN,NaN
944.32,36.01,30.01,36.00,20.00,AUTO,0,47,NaN,-1.10,47.89,0.10,46.89,NaN,NaN,NaN,NaN,NaN,NaN,NaN,NaN,NaN,NaN
945.32,36.00,30.01,36.00,20.00,AUTO,0,47,NaN,-1.10,47.89,0.10,46.89,NaN,NaN,NaN,NaN,NaN,NaN,NaN,NaN,NaN,NaN
946.32,36.01,30.01,36.00,20.00,AUTO,0,47,NaN,-1.10,47.89,0.10,46.89,NaN,NaN,NaN,NaN,NaN,NaN,NaN,NaN,NaN,NaN
947.32,36.00,30.00,36.00,20.00,AUTO,0,48,NaN,-0.27,47.84,0.66,48.23,NaN,NaN,NaN,NaN,NaN,NaN,NaN,NaN,NaN,NaN
948.32,36.00,30.00,36.00,20.00,AUTO,0,48,NaN,-0.27,47.84,0.66,48.23,NaN,NaN,NaN,NaN,NaN,NaN,NaN,NaN,NaN,NaN
949.32,36.00,30.00,36.00,20.00,AUTO,0,48,NaN,-0.27,47.84,0.66,48.23,NaN,NaN,NaN,NaN,NaN,NaN,NaN,NaN,NaN,NaN
950.33,36.00,30.00,36.00,20.00,AUTO,0,48,NaN,-0.27,47.84,0.66,48.23,NaN,NaN,NaN,NaN,NaN,NaN,NaN,NaN,NaN,NaN
951.33,36.00,30.00,36.00,20.00,AUTO,0,48,NaN,-0.27,47.84,0.66,48.23,NaN,NaN,NaN,NaN,NaN,NaN,NaN,NaN,NaN,NaN
952.33,36.00,30.00,36.00,20.00,AUTO,0,48,NaN,-0.27,47.84,0.66,48.23,NaN,NaN,NaN,NaN,NaN,NaN,NaN,NaN,NaN,NaN
953.33,36.00,30.03,36.00,20.00,AUTO,0,48,NaN,-0.27,47.84,0.66,48.23,NaN,NaN,NaN,NaN,NaN,NaN,NaN,NaN,NaN,NaN
954.33,36.00,30.03,36.00,20.00,AUTO,0,48,NaN,-0.27,47.84,0.66,48.23,NaN,NaN,NaN,NaN,NaN,NaN,NaN,NaN,NaN,NaN
955.33,36.00,30.06,36.00,20.00,AUTO,0,48,NaN,-0.27,47.84,0.66,48.23,NaN,NaN,NaN,NaN,NaN,NaN,NaN,NaN,NaN,NaN
956.34,36.01,30.06,36.00,20.00,AUTO,0,48,NaN,-0.27,47.84,0.66,48.23,NaN,NaN,NaN,NaN,NaN,NaN,NaN,NaN,NaN,NaN
957.34,36.01,30.06,36.00,20.00,AUTO,0,48,NaN,-0.27,47.84,0.66,48.23,NaN,NaN,NaN,NaN,NaN,NaN,NaN,NaN,NaN,NaN
958.34,36.00,30.06,36.00,20.00,AUTO,0,48,NaN,-0.27,47.84,0.66,48.23,NaN,NaN,NaN,NaN,NaN,NaN,NaN,NaN,NaN,NaN
959.34,36.01,30.06,36.00,20.00,AUTO,0,48,NaN,-0.27,47.84,0.66,48.23,NaN,NaN,NaN,NaN,NaN,NaN,NaN,NaN,NaN,NaN
960.34,36.01,30.06,36.00,20.00,AUTO,0,48,NaN,-0.27,47.84,0.66,48.23,NaN,NaN,NaN,NaN,NaN,NaN,NaN,NaN,NaN,NaN
961.34,36.01,30.06,36.00,20.00,AUTO,0,48,NaN,-0.27,47.84,0.66,48.23,NaN,NaN,NaN,NaN,NaN,NaN,NaN,NaN,NaN,NaN
962.35,35.99,30.03,36.00,20.00,AUTO,0,47,NaN,-0.55,47.82,-0.08,47.19,NaN,NaN,NaN,NaN,NaN,NaN,NaN,NaN,NaN,NaN
963.35,36.00,30.03,36.00,20.00,AUTO,0,47,NaN,-0.55,47.82,-0.08,47.19,NaN,NaN,NaN,NaN,NaN,NaN,NaN,NaN,NaN,NaN
964.35,36.00,30.03,36.00,20.00,AUTO,0,47,NaN,-0.55,47.82,-0.08,47.19,NaN,NaN,NaN,NaN,NaN,NaN,NaN,NaN,NaN,NaN
965.35,35.99,30.03,36.00,20.00,AUTO,0,47,NaN,-0.55,47.82,-0.08,47.19,NaN,NaN,NaN,NaN,NaN,NaN,NaN,NaN,NaN,NaN
966.35,35.99,30.03,36.00,20.00,AUTO,0,47,NaN,-0.55,47.82,-0.08,47.19,NaN,NaN,NaN,NaN,NaN,NaN,NaN,NaN,NaN,NaN
967.35,36.00,30.03,36.00,20.00,AUTO,0,47,NaN,-0.55,47.82,-0.08,47.19,NaN,NaN,NaN,NaN,NaN,NaN,NaN,NaN,NaN,NaN
968.35,36.00,30.03,36.00,20.00,AUTO,0,47,NaN,-0.55,47.82,-0.08,47.19,NaN,NaN,NaN,NaN,NaN,NaN,NaN,NaN,NaN,NaN
969.36,36.00,30.06,36.00,20.00,AUTO,0,47,NaN,-0.55,47.82,-0.08,47.19,NaN,NaN,NaN,NaN,NaN,NaN,NaN,NaN,NaN,NaN
970.36,36.01,30.06,36.00,20.00,AUTO,0,47,NaN,-0.55,47.82,-0.08,47.19,NaN,NaN,NaN,NaN,NaN,NaN,NaN,NaN,NaN,NaN
971.36,36.00,30.03,36.00,20.00,AUTO,0,47,NaN,-0.55,47.82,-0.08,47.19,NaN,NaN,NaN,NaN,NaN,NaN,NaN,NaN,NaN,NaN
972.36,36.00,30.06,36.00,20.00,AUTO,0,47,NaN,-0.55,47.82,-0.08,47.19,NaN,NaN,NaN,NaN,NaN,NaN,NaN,NaN,NaN,NaN
973.36,36.00,30.03,36.00,20.00,AUTO,0,47,NaN,-0.55,47.82,-0.08,47.19,NaN,NaN,NaN,NaN,NaN,NaN,NaN,NaN,NaN,NaN
974.37,36.00,30.06,36.00,20.00,AUTO,0,47,NaN,-0.55,47.82,-0.08,47.19,NaN,NaN,NaN,NaN,NaN,NaN,NaN,NaN,NaN,NaN
975.37,36.00,30.06,36.00,20.00,AUTO,0,47,NaN,-0.55,47.82,-0.08,47.19,NaN,NaN,NaN,NaN,NaN,NaN,NaN,NaN,NaN,NaN
976.37,36.00,30.03,36.00,20.00,AUTO,0,47,NaN,-0.55,47.82,-0.08,47.19,NaN,NaN,NaN,NaN,NaN,NaN,NaN,NaN,NaN,NaN
977.37,35.99,30.03,36.00,20.00,AUTO,0,48,NaN,0.00,47.83,0.34,48.18,NaN,NaN,NaN,NaN,NaN,NaN,NaN,NaN,NaN,NaN
978.37,36.00,30.03,36.00,20.00,AUTO,0,48,NaN,0.00,47.83,0.34,48.18,NaN,NaN,NaN,NaN,NaN,NaN,NaN,NaN,NaN,NaN
979.37,35.99,30.08,36.00,20.00,AUTO,0,48,NaN,0.00,47.83,0.34,48.18,NaN,NaN,NaN,NaN,NaN,NaN,NaN,NaN,NaN,NaN
980.37,35.99,30.08,36.00,20.00,AUTO,0,48,NaN,0.00,47.83,0.34,48.18,NaN,NaN,NaN,NaN,NaN,NaN,NaN,NaN,NaN,NaN
981.37,36.00,30.08,36.00,20.00,AUTO,0,48,NaN,0.00,47.83,0.34,48.18,NaN,NaN,NaN,NaN,NaN,NaN,NaN,NaN,NaN,NaN
982.38,35.99,30.03,36.00,20.00,AUTO,0,48,NaN,0.00,47.83,0.34,48.18,NaN,NaN,NaN,NaN,NaN,NaN,NaN,NaN,NaN,NaN
983.38,36.00,30.08,36.00,20.00,AUTO,0,48,NaN,0.00,47.83,0.34,48.18,NaN,NaN,NaN,NaN,NaN,NaN,NaN,NaN,NaN,NaN
984.38,36.00,30.08,36.00,20.00,AUTO,0,48,NaN,0.00,47.83,0.34,48.18,NaN,NaN,NaN,NaN,NaN,NaN,NaN,NaN,NaN,NaN
985.38,36.00,30.06,36.00,20.00,AUTO,0,48,NaN,0.00,47.83,0.34,48.18,NaN,NaN,NaN,NaN,NaN,NaN,NaN,NaN,NaN,NaN
986.38,36.01,30.09,36.00,20.00,AUTO,0,48,NaN,0.00,47.83,0.34,48.18,NaN,NaN,NaN,NaN,NaN,NaN,NaN,NaN,NaN,NaN
987.38,36.01,30.09,36.00,20.00,AUTO,0,48,NaN,0.00,47.83,0.34,48.18,NaN,NaN,NaN,NaN,NaN,NaN,NaN,NaN,NaN,NaN
988.39,36.01,30.09,36.00,20.00,AUTO,0,48,NaN,0.00,47.83,0.34,48.18,NaN,NaN,NaN,NaN,NaN,NaN,NaN,NaN,NaN,NaN
989.39,36.01,30.09,36.00,20.00,AUTO,0,48,NaN,0.00,47.83,0.34,48.18,NaN,NaN,NaN,NaN,NaN,NaN,NaN,NaN,NaN,NaN
990.39,36.00,30.09,36.00,20.00,AUTO,0,48,NaN,0.00,47.83,0.34,48.18,NaN,NaN,NaN,NaN,NaN,NaN,NaN,NaN,NaN,NaN
991.39,36.00,30.09,36.00,20.00,AUTO,0,48,NaN,0.00,47.83,0.34,48.18,NaN,NaN,NaN,NaN,NaN,NaN,NaN,NaN,NaN,NaN
992.40,35.99,30.08,36.00,20.00,AUTO,0,47,NaN,0.00,47.83,-0.58,47.26,NaN,NaN,NaN,NaN,NaN,NaN,NaN,NaN,NaN,NaN
993.39,35.99,30.08,36.00,20.00,AUTO,0,47,NaN,0.00,47.83,-0.58,47.26,NaN,NaN,NaN,NaN,NaN,NaN,NaN,NaN,NaN,NaN
994.39,35.99,30.08,36.00,20.00,AUTO,0,47,NaN,0.00,47.83,-0.58,47.26,NaN,NaN,NaN,NaN,NaN,NaN,NaN,NaN,NaN,NaN
995.40,35.99,30.08,36.00,20.00,AUTO,0,47,NaN,0.00,47.83,-0.58,47.26,NaN,NaN,NaN,NaN,NaN,NaN,NaN,NaN,NaN,NaN
996.40,35.99,30.08,36.00,20.00,AUTO,0,47,NaN,0.00,47.83,-0.58,47.26,NaN,NaN,NaN,NaN,NaN,NaN,NaN,NaN,NaN,NaN
997.40,35.99,30.08,36.00,20.00,AUTO,0,47,NaN,0.00,47.83,-0.58,47.26,NaN,NaN,NaN,NaN,NaN,NaN,NaN,NaN,NaN,NaN
998.40,35.99,30.08,36.00,20.00,AUTO,0,47,NaN,0.00,47.83,-0.58,47.26,NaN,NaN,NaN,NaN,NaN,NaN,NaN,NaN,NaN,NaN
999.40,35.99,30.09,36.00,20.00,AUTO,0,47,NaN,0.00,47.83,-0.58,47.26,NaN,NaN,NaN,NaN,NaN,NaN,NaN,NaN,NaN,NaN
1000.40,36.00,30.08,36.00,20.00,AUTO,0,47,NaN,0.00,47.83,-0.58,47.26,NaN,NaN,NaN,NaN,NaN,NaN,NaN,NaN,NaN,NaN
1001.41,36.01,30.09,36.00,20.00,AUTO,0,47,NaN,0.00,47.83,-0.58,47.26,NaN,NaN,NaN,NaN,NaN,NaN,NaN,NaN,NaN,NaN
1002.41,36.01,30.09,36.00,20.00,AUTO,0,47,NaN,0.00,47.83,-0.58,47.26,NaN,NaN,NaN,NaN,NaN,NaN,NaN,NaN,NaN,NaN
1003.41,36.01,30.09,36.00,20.00,AUTO,0,47,NaN,0.00,47.83,-0.58,47.26,NaN,NaN,NaN,NaN,NaN,NaN,NaN,NaN,NaN,NaN
1004.41,36.01,30.09,36.00,20.00,AUTO,0,47,NaN,0.00,47.83,-0.58,47.26,NaN,NaN,NaN,NaN,NaN,NaN,NaN,NaN,NaN,NaN
1005.41,36.01,30.09,36.00,20.00,AUTO,0,47,NaN,0.00,47.83,-0.58,47.26,NaN,NaN,NaN,NaN,NaN,NaN,NaN,NaN,NaN,NaN
1006.42,36.01,30.09,36.00,20.00,AUTO,0,47,NaN,0.00,47.83,-0.58,47.26,NaN,NaN,NaN,NaN,NaN,NaN,NaN,NaN,NaN,NaN
1007.42,36.00,30.08,36.00,20.00,AUTO,0,47,NaN,-0.55,47.84,-0.44,46.85,NaN,NaN,NaN,NaN,NaN,NaN,NaN,NaN,NaN,NaN
1008.42,36.00,30.09,36.00,20.00,AUTO,0,47,NaN,-0.55,47.84,-0.44,46.85,NaN,NaN,NaN,NaN,NaN,NaN,NaN,NaN,NaN,NaN
1009.42,36.01,30.09,36.00,20.00,AUTO,0,47,NaN,-0.55,47.84,-0.44,46.85,NaN,NaN,NaN,NaN,NaN,NaN,NaN,NaN,NaN,NaN
1010.42,36.01,30.09,36.00,20.00,AUTO,0,47,NaN,-0.55,47.84,-0.44,46.85,NaN,NaN,NaN,NaN,NaN,NaN,NaN,NaN,NaN,NaN
1011.42,36.01,30.09,36.00,20.00,AUTO,0,47,NaN,-0.55,47.84,-0.44,46.85,NaN,NaN,NaN,NaN,NaN,NaN,NaN,NaN,NaN,NaN
1012.42,36.01,30.09,36.00,20.00,AUTO,0,47,NaN,-0.55,47.84,-0.44,46.85,NaN,NaN,NaN,NaN,NaN,NaN,NaN,NaN,NaN,NaN
1013.42,36.01,30.09,36.00,20.00,AUTO,0,47,NaN,-0.55,47.84,-0.44,46.85,NaN,NaN,NaN,NaN,NaN,NaN,NaN,NaN,NaN,NaN
1014.43,36.01,30.09,36.00,20.00,AUTO,0,47,NaN,-0.55,47.84,-0.44,46.85,NaN,NaN,NaN,NaN,NaN,NaN,NaN,NaN,NaN,NaN
1015.43,36.01,30.09,36.00,20.00,AUTO,0,47,NaN,-0.55,47.84,-0.44,46.85,NaN,NaN,NaN,NaN,NaN,NaN,NaN,NaN,NaN,NaN
1016.43,36.01,30.09,36.00,20.00,AUTO,0,47,NaN,-0.55,47.84,-0.44,46.85,NaN,NaN,NaN,NaN,NaN,NaN,NaN,NaN,NaN,NaN
1017.43,36.01,30.09,36.00,20.00,AUTO,0,47,NaN,-0.55,47.84,-0.44,46.85,NaN,NaN,NaN,NaN,NaN,NaN,NaN,NaN,NaN,NaN
1018.43,36.01,30.09,36.00,20.00,AUTO,0,47,NaN,-0.55,47.84,-0.44,46.85,NaN,NaN,NaN,NaN,NaN,NaN,NaN,NaN,NaN,NaN
