Time_Seconds,Temperature,Humidity,Setpoint_Temperature,Setpoint_Humidity,Ctrl,Error_Code,T_PWM,RH_PWM,T_PID_p,T_PID_i,T_PID_d,T_PID_out,RH_PID_p,RH_PID_i,RH_PID_d,RH_PID_out,T_output,RH_output,T_min_thld,T_max_thld,RH_min_thld,RH_max_thld
0.00,31.51,34.87,36.00,20.00,AUTO,0,0,NaN,0.00,0.00,0.00,0.00,NaN,NaN,NaN,NaN,NaN,NaN,NaN,NaN,NaN,NaN
0.84,31.50,34.87,36.00,20.00,AUTO,0,100,NaN,246.95,0.00,0.00,246.95,NaN,NaN,NaN,NaN,NaN,NaN,NaN,NaN,NaN,NaN
1.84,31.50,34.87,36.00,20.00,AUTO,0,100,NaN,246.95,0.00,0.00,246.95,NaN,NaN,NaN,NaN,NaN,NaN,NaN,NaN,NaN,NaN
2.84,31.51,34.87,36.00,20.00,AUTO,0,100,NaN,246.95,0.00,0.00,246.95,NaN,NaN,NaN,NaN,NaN,NaN,NaN,NaN,NaN,NaN
3.84,31.52,34.87,36.00,20.00,AUTO,0,100,NaN,246.95,0.00,0.00,246.95,NaN,NaN,NaN,NaN,NaN,NaN,NaN,NaN,NaN,NaN
4.84,31.54,34.83,36.00,20.00,AUTO,0,100,NaN,246.95,0.00,0.00,246.95,NaN,NaN,NaN,NaN,NaN,NaN,NaN,NaN,NaN,NaN
5.84,31.56,34.86,36.00,20.00,AUTO,0,100,NaN,246.95,0.00,0.00,246.95,NaN,NaN,NaN,NaN,NaN,NaN,NaN,NaN,NaN,NaN
6.84,31.59,34.82,36.00,20.00,AUTO,0,100,NaN,246.95,0.00,0.00,246.95,NaN,NaN,NaN,NaN,NaN,NaN,NaN,NaN,NaN,NaN
7.85,31.60,34.82,36.00,20.00,AUTO,0,100,NaN,246.95,0.00,0.00,246.95,NaN,NaN,NaN,NaN,NaN,NaN,NaN,NaN,NaN,NaN
8.85,31.61,34.82,36.00,20.00,AUTO,0,100,NaN,246.95,0.00,0.00,246.95,NaN,NaN,NaN,NaN,NaN,NaN,NaN,NaN,NaN,NaN
9.85,31.65,34.79,36.00,20.00,AUTO,0,100,NaN,246.95,0.00,0.00,246.95,NaN,NaN,NaN,NaN,NaN,NaN,NaN,NaN,NaN,NaN
10.85,31.66,34.75,36.00,20.00,AUTO,0,100,NaN,246.95,0.00,0.00,246.95,NaN,NaN,NaN,NaN,NaN,NaN,NaN,NaN,NaN,NaN
11.85,31.69,34.72,36.00,20.00,AUTO,0,100,NaN,246.95,0.00,0.00,246.95,NaN,NaN,NaN,NaN,NaN,NaN,NaN,NaN,NaN,NaN
12.85,31.70,34.72,36.00,20.00,AUTO,0,100,NaN,246.95,0.00,0.00,246.95,NaN,NaN,NaN,NaN,NaN,NaN,NaN,NaN,NaN,NaN
13.85,31.73,34.70,36.00,20.00,AUTO,0,100,NaN,246.95,0.00,0.00,246.95,NaN,NaN,NaN,NaN,NaN,NaN,NaN,NaN,NaN,NaN
14.86,31.75,34.66,36.00,20.00,AUTO,0,100,NaN,246.95,0.00,0.00,246.95,NaN,NaN,NaN,NaN,NaN,NaN,NaN,NaN,NaN,NaN
15.86,31.79,34.60,36.00,20.00,AUTO,0,100,NaN,234.30,0.00,-13.49,220.81,NaN,NaN,NaN,NaN,NaN,NaN,NaN,NaN,NaN,NaN
16.86,31.81,34.60,36.00,20.00,AUTO,0,100,NaN,234.30,0.00,-13.49,220.81,NaN,NaN,NaN,NaN,NaN,NaN,NaN,NaN,NaN,NaN
17.86,31.85,34.53,36.00,20.00,AUTO,0,100,NaN,234.30,0.00,-13.49,220.81,NaN,NaN,NaN,NaN,NaN,NaN,NaN,NaN,NaN,NaN
18.86,31.88,34.50,36.00,20.00,AUTO,0,100,NaN,234.30,0.00,-13.49,220.81,NaN,NaN,NaN,NaN,NaN,NaN,NaN,NaN,NaN,NaN
19.87,31.90,34.47,36.00,20.00,AUTO,0,100,NaN,234.30,0.00,-13.49,220.81,NaN,NaN,NaN,NaN,NaN,NaN,NaN,NaN,NaN,NaN
20.86,31.93,34.44,36.00,20.00,AUTO,0,100,NaN,234.30,0.00,-13.49,220.81,NaN,NaN,NaN,NaN,NaN,NaN,NaN,NaN,NaN,NaN
21.87,31.97,34.44,36.00,20.00,AUTO,0,100,NaN,234.30,0.00,-13.49,220.81,NaN,NaN,NaN,NaN,NaN,NaN,NaN,NaN,NaN,NaN
22.87,31.99,34.36,36.00,20.00,AUTO,0,100,NaN,234.30,0.00,-13.49,220.81,NaN,NaN,NaN,NaN,NaN,NaN,NaN,NaN,NaN,NaN
23.87,32.01,34.31,36.00,20.00,AUTO,0,100,NaN,234.30,0.00,-13.49,220.81,NaN,NaN,NaN,NaN,NaN,NaN,NaN,NaN,NaN,NaN
24.87,32.04,34.28,36.00,20.00,AUTO,0,100,NaN,234.30,0.00,-13.49,220.81,NaN,NaN,NaN,NaN,NaN,NaN,NaN,NaN,NaN,NaN
25.87,32.08,34.21,36.00,20.00,AUTO,0,100,NaN,234.30,0.00,-13.49,220.81,NaN,NaN,NaN,NaN,NaN,NaN,NaN,NaN,NaN,NaN
26.88,32.11,34.18,36.00,20.00,AUTO,0,100,NaN,234.30,0.00,-13.49,220.81,NaN,NaN,NaN,NaN,NaN,NaN,NaN,NaN,NaN,NaN
27.88,32.15,34.13,36.00,20.00,AUTO,0,100,NaN,234.30,0.00,-13.49,220.81,NaN,NaN,NaN,NaN,NaN,NaN,NaN,NaN,NaN,NaN
28.88,32.17,34.05,36.00,20.00,AUTO,0,100,NaN,234.30,0.00,-13.49,220.81,NaN,NaN,NaN,NaN,NaN,NaN,NaN,NaN,NaN,NaN
29.88,32.22,34.05,36.00,20.00,AUTO,0,100,NaN,234.30,0.00,-13.49,220.81,NaN,NaN,NaN,NaN,NaN,NaN,NaN,NaN,NaN,NaN
30.88,32.26,34.03,36.00,20.00,AUTO,0,100,NaN,209.28,0.00,-29.15,180.13,NaN,NaN,NaN,NaN,NaN,NaN,NaN,NaN,NaN,NaN
31.88,32.29,33.95,36.00,20.00,AUTO,0,100,NaN,209.28,0.00,-29.15,180.13,NaN,NaN,NaN,NaN,NaN,NaN,NaN,NaN,NaN,NaN
32.89,32.31,33.87,36.00,20.00,AUTO,0,100,NaN,209.28,0.00,-29.15,180.13,NaN,NaN,NaN,NaN,NaN,NaN,NaN,NaN,NaN,NaN
33.89,32.35,33.83,36.00,20.00,AUTO,0,100,NaN,209.28,0.00,-29.15,180.13,NaN,NaN,NaN,NaN,NaN,NaN,NaN,NaN,NaN,NaN
34.89,32.38,33.79,36.00,20.00,AUTO,0,100,NaN,209.28,0.00,-29.15,180.13,NaN,NaN,NaN,NaN,NaN,NaN,NaN,NaN,NaN,NaN
35.89,32.41,33.73,36.00,20.00,AUTO,0,100,NaN,209.28,0.00,-29.15,180.13,NaN,NaN,NaN,NaN,NaN,NaN,NaN,NaN,NaN,NaN
36.89,32.44,33.69,36.00,20.00,AUTO,0,100,NaN,209.28,0.00,-29.15,180.13,NaN,NaN,NaN,NaN,NaN,NaN,NaN,NaN,NaN,NaN
37.89,32.47,33.69,36.00,20.00,AUTO,0,100,NaN,209.28,0.00,-29.15,180.13,NaN,NaN,NaN,NaN,NaN,NaN,NaN,NaN,NaN,NaN
38.89,32.52,33.60,36.00,20.00,AUTO,0,100,NaN,209.28,0.00,-29.15,180.13,NaN,NaN,NaN,NaN,NaN,NaN,NaN,NaN,NaN,NaN
39.90,32.56,33.52,36.00,20.00,AUTO,0,100,NaN,209.28,0.00,-29.15,180.13,NaN,NaN,NaN,NaN,NaN,NaN,NaN,NaN,NaN,NaN
40.90,32.59,33.51,36.00,20.00,AUTO,0,100,NaN,209.28,0.00,-29.15,180.13,NaN,NaN,NaN,NaN,NaN,NaN,NaN,NaN,NaN,NaN
41.90,32.60,33.46,36.00,20.00,AUTO,0,100,NaN,209.28,0.00,-29.15,180.13,NaN,NaN,NaN,NaN,NaN,NaN,NaN,NaN,NaN,NaN
42.90,32.64,33.38,36.00,20.00,AUTO,0,100,NaN,209.28,0.00,-29.15,180.13,NaN,NaN,NaN,NaN,NaN,NaN,NaN,NaN,NaN,NaN
43.90,32.68,33.34,36.00,20.00,AUTO,0,100,NaN,209.28,0.00,-29.15,180.13,NaN,NaN,NaN,NaN,NaN,NaN,NaN,NaN,NaN,NaN
44.90,32.73,33.30,36.00,20.00,AUTO,0,100,NaN,209.28,0.00,-29.15,180.13,NaN,NaN,NaN,NaN,NaN,NaN,NaN,NaN,NaN,NaN
45.91,32.75,33.28,36.00,20.00,AUTO,0,100,NaN,181.23,0.00,-33.43,147.80,NaN,NaN,NaN,NaN,NaN,NaN,NaN,NaN,NaN,NaN
46.91,32.78,33.20,36.00,20.00,AUTO,0,100,NaN,181.23,0.00,-33.43,147.80,NaN,NaN,NaN,NaN,NaN,NaN,NaN,NaN,NaN,NaN
47.91,32.82,33.16,36.00,20.00,AUTO,0,100,NaN,181.23,0.00,-33.43,147.80,NaN,NaN,NaN,NaN,NaN,NaN,NaN,NaN,NaN,NaN
48.91,32.85,33.08,36.00,20.00,AUTO,0,100,NaN,181.23,0.00,-33.43,147.80,NaN,NaN,NaN,NaN,NaN,NaN,NaN,NaN,NaN,NaN
49.91,32.89,33.04,36.00,20.00,AUTO,0,100,NaN,181.23,0.00,-33.43,147.80,NaN,NaN,NaN,NaN,NaN,NaN,NaN,NaN,NaN,NaN
50.91,32.91,33.00,36.00,20.00,AUTO,0,100,NaN,181.23,0.00,-33.43,147.80,NaN,NaN,NaN,NaN,NaN,NaN,NaN,NaN,NaN,NaN
51.91,32.94,32.97,36.00,20.00,AUTO,0,100,NaN,181.23,0.00,-33.43,147.80,NaN,NaN,NaN,NaN,NaN,NaN,NaN,NaN,NaN,NaN
52.92,32.98,32.89,36.00,20.00,AUTO,0,100,NaN,181.23,0.00,-33.43,147.80,NaN,NaN,NaN,NaN,NaN,NaN,NaN,NaN,NaN,NaN
53.92,33.02,32.89,36.00,20.00,AUTO,0,100,NaN,181.23,0.00,-33.43,147.80,NaN,NaN,NaN,NaN,NaN,NaN,NaN,NaN,NaN,NaN
54.92,33.04,32.86,36.00,20.00,AUTO,0,100,NaN,181.23,0.00,-33.43,147.80,NaN,NaN,NaN,NaN,NaN,NaN,NaN,NaN,NaN,NaN
55.92,33.04,32.77,36.00,20.00,AUTO,0,100,NaN,181.23,0.00,-33.43,147.80,NaN,NaN,NaN,NaN,NaN,NaN,NaN,NaN,NaN,NaN
56.92,33.11,32.75,36.00,20.00,AUTO,0,100,NaN,181.23,0.00,-33.43,147.80,NaN,NaN,NaN,NaN,NaN,NaN,NaN,NaN,NaN,NaN
57.92,33.14,32.71,36.00,20.00,AUTO,0,100,NaN,181.23,0.00,-33.43,147.80,NaN,NaN,NaN,NaN,NaN,NaN,NaN,NaN,NaN,NaN
58.93,33.15,32.63,36.00,20.00,AUTO,0,100,NaN,181.23,0.00,-33.43,147.80,NaN,NaN,NaN,NaN,NaN,NaN,NaN,NaN,NaN,NaN
59.93,33.17,32.59,36.00,20.00,AUTO,0,100,NaN,181.23,0.00,-33.43,147.80,NaN,NaN,NaN,NaN,NaN,NaN,NaN,NaN,NaN,NaN
60.93,33.21,32.55,36.00,20.00,AUTO,0,100,NaN,156.20,0.00,-31.77,124.43,NaN,NaN,NaN,NaN,NaN,NaN,NaN,NaN,NaN,NaN
61.93,33.25,32.51,36.00,20.00,AUTO,0,100,NaN,156.20,0.00,-31.77,124.43,NaN,NaN,NaN,NaN,NaN,NaN,NaN,NaN,NaN,NaN
62.93,33.27,32.47,36.00,20.00,AUTO,0,100,NaN,156.20,0.00,-31.77,124.43,NaN,NaN,NaN,NaN,NaN,NaN,NaN,NaN,NaN,NaN
63.93,33.28,32.49,36.00,20.00,AUTO,0,100,NaN,156.20,0.00,-31.77,124.43,NaN,NaN,NaN,NaN,NaN,NaN,NaN,NaN,NaN,NaN
64.94,33.32,32.44,36.00,20.00,AUTO,0,100,NaN,156.20,0.00,-31.77,124.43,NaN,NaN,NaN,NaN,NaN,NaN,NaN,NaN,NaN,NaN
65.94,33.35,32.41,36.00,20.00,AUTO,0,100,NaN,156.20,0.00,-31.77,124.43,NaN,NaN,NaN,NaN,NaN,NaN,NaN,NaN,NaN,NaN
66.94,33.37,32.37,36.00,20.00,AUTO,0,100,NaN,156.20,0.00,-31.77,124.43,NaN,NaN,NaN,NaN,NaN,NaN,NaN,NaN,NaN,NaN
67.94,33.41,32.32,36.00,20.00,AUTO,0,100,NaN,156.20,0.00,-31.77,124.43,NaN,NaN,NaN,NaN,NaN,NaN,NaN,NaN,NaN,NaN
68.94,33.43,32.30,36.00,20.00,AUTO,0,100,NaN,156.20,0.00,-31.77,124.43,NaN,NaN,NaN,NaN,NaN,NaN,NaN,NaN,NaN,NaN
69.95,33.46,32.22,36.00,20.00,AUTO,0,100,NaN,156.20,0.00,-31.77,124.43,NaN,NaN,NaN,NaN,NaN,NaN,NaN,NaN,NaN,NaN
70.94,33.50,32.19,36.00,20.00,AUTO,0,100,NaN,156.20,0.00,-31.77,124.43,NaN,NaN,NaN,NaN,NaN,NaN,NaN,NaN,NaN,NaN
71.95,33.53,32.14,36.00,20.00,AUTO,0,100,NaN,156.20,0.00,-31.77,124.43,NaN,NaN,NaN,NaN,NaN,NaN,NaN,NaN,NaN,NaN
72.95,33.57,32.06,36.00,20.00,AUTO,0,100,NaN,156.20,0.00,-31.77,124.43,NaN,NaN,NaN,NaN,NaN,NaN,NaN,NaN,NaN,NaN
73.95,33.59,32.06,36.00,20.00,AUTO,0,100,NaN,156.20,0.00,-31.77,124.43,NaN,NaN,NaN,NaN,NaN,NaN,NaN,NaN,NaN,NaN
74.95,33.62,32.04,36.00,20.00,AUTO,0,100,NaN,156.20,0.00,-31.77,124.43,NaN,NaN,NaN,NaN,NaN,NaN,NaN,NaN,NaN,NaN
75.95,33.64,31.99,36.00,20.00,AUTO,0,100,NaN,131.73,0.00,-29.10,102.62,NaN,NaN,NaN,NaN,NaN,NaN,NaN,NaN,NaN,NaN
76.95,33.67,31.96,36.00,20.00,AUTO,0,100,NaN,131.73,0.00,-29.10,102.62,NaN,NaN,NaN,NaN,NaN,NaN,NaN,NaN,NaN,NaN
77.96,33.70,31.87,36.00,20.00,AUTO,0,100,NaN,131.73,0.00,-29.10,102.62,NaN,NaN,NaN,NaN,NaN,NaN,NaN,NaN,NaN,NaN
78.96,33.73,31.87,36.00,20.00,AUTO,0,100,NaN,131.73,0.00,-29.10,102.62,NaN,NaN,NaN,NaN,NaN,NaN,NaN,NaN,NaN,NaN
79.96,33.77,31.81,36.00,20.00,AUTO,0,100,NaN,131.73,0.00,-29.10,102.62,NaN,NaN,NaN,NaN,NaN,NaN,NaN,NaN,NaN,NaN
80.96,33.79,31.77,36.00,20.00,AUTO,0,100,NaN,131.73,0.00,-29.10,102.62,NaN,NaN,NaN,NaN,NaN,NaN,NaN,NaN,NaN,NaN
81.96,33.81,31.73,36.00,20.00,AUTO,0,100,NaN,131.73,0.00,-29.10,102.62,NaN,NaN,NaN,NaN,NaN,NaN,NaN,NaN,NaN,NaN
82.96,33.85,31.69,36.00,20.00,AUTO,0,100,NaN,131.73,0.00,-29.10,102.62,NaN,NaN,NaN,NaN,NaN,NaN,NaN,NaN,NaN,NaN
83.97,33.89,31.69,36.00,20.00,AUTO,0,100,NaN,131.73,0.00,-29.10,102.62,NaN,NaN,NaN,NaN,NaN,NaN,NaN,NaN,NaN,NaN
84.97,33.95,31.63,36.00,20.00,AUTO,0,100,NaN,131.73,0.00,-29.10,102.62,NaN,NaN,NaN,NaN,NaN,NaN,NaN,NaN,NaN,NaN
85.97,33.95,31.59,36.00,20.00,AUTO,0,100,NaN,131.73,0.00,-29.10,102.62,NaN,NaN,NaN,NaN,NaN,NaN,NaN,NaN,NaN,NaN
86.97,33.96,31.54,36.00,20.00,AUTO,0,100,NaN,131.73,0.00,-29.10,102.62,NaN,NaN,NaN,NaN,NaN,NaN,NaN,NaN,NaN,NaN
87.97,34.03,31.47,36.00,20.00,AUTO,0,100,NaN,131.73,0.00,-29.10,102.62,NaN,NaN,NaN,NaN,NaN,NaN,NaN,NaN,NaN,NaN
88.97,34.06,31.42,36.00,20.00,AUTO,0,100,NaN,131.73,0.00,-29.10,102.62,NaN,NaN,NaN,NaN,NaN,NaN,NaN,NaN,NaN,NaN
89.97,34.07,31.38,36.00,20.00,AUTO,0,100,NaN,131.73,0.00,-29.10,102.62,NaN,NaN,NaN,NaN,NaN,NaN,NaN,NaN,NaN,NaN
90.98,34.08,31.35,36.00,20.00,AUTO,0,89,NaN,106.43,12.85,-30.47,88.81,NaN,NaN,NaN,NaN,NaN,NaN,NaN,NaN,NaN,NaN
91.98,34.10,31.32,36.00,20.00,AUTO,0,89,NaN,106.43,12.85,-30.47,88.81,NaN,NaN,NaN,NaN,NaN,NaN,NaN,NaN,NaN,NaN
92.98,34.14,31.28,36.00,20.00,AUTO,0,89,NaN,106.43,12.85,-30.47,88.81,NaN,NaN,NaN,NaN,NaN,NaN,NaN,NaN,NaN,NaN
93.98,34.17,31.28,36.00,20.00,AUTO,0,89,NaN,106.43,12.85,-30.47,88.81,NaN,NaN,NaN,NaN,NaN,NaN,NaN,NaN,NaN,NaN
94.98,34.21,31.24,36.00,20.00,AUTO,0,89,NaN,106.43,12.85,-30.47,88.81,NaN,NaN,NaN,NaN,NaN,NaN,NaN,NaN,NaN,NaN
95.98,34.25,31.20,36.00,20.00,AUTO,0,89,NaN,106.43,12.85,-30.47,88.81,NaN,NaN,NaN,NaN,NaN,NaN,NaN,NaN,NaN,NaN
96.99,34.30,31.18,36.00,20.00,AUTO,0,89,NaN,106.43,12.85,-30.47,88.81,NaN,NaN,NaN,NaN,NaN,NaN,NaN,NaN,NaN,NaN
97.99,34.34,31.09,36.00,20.00,AUTO,0,89,NaN,106.43,12.85,-30.47,88.81,NaN,NaN,NaN,NaN,NaN,NaN,NaN,NaN,NaN,NaN
98.99,34.36,31.06,36.00,20.00,AUTO,0,89,NaN,106.43,12.85,-30.47,88.81,NaN,NaN,NaN,NaN,NaN,NaN,NaN,NaN,NaN,NaN
99.99,34.38,30.97,36.00,20.00,AUTO,0,89,NaN,106.43,12.85,-30.47,88.81,NaN,NaN,NaN,NaN,NaN,NaN,NaN,NaN,NaN,NaN
100.99,34.42,30.93,36.00,20.00,AUTO,0,89,NaN,106.43,12.85,-30.47,88.81,NaN,NaN,NaN,NaN,NaN,NaN,NaN,NaN,NaN,NaN
101.99,34.44,30.91,36.00,20.00,AUTO,0,89,NaN,106.43,12.85,-30.47,88.81,NaN,NaN,NaN,NaN,NaN,NaN,NaN,NaN,NaN,NaN
103.00,34.48,30.87,36.00,20.00,AUTO,0,89,NaN,106.43,12.85,-30.47,88.81,NaN,NaN,NaN,NaN,NaN,NaN,NaN,NaN,NaN,NaN
104.00,34.51,30.87,36.00,20.00,AUTO,0,89,NaN,106.43,12.85,-30.47,88.81,NaN,NaN,NaN,NaN,NaN,NaN,NaN,NaN,NaN,NaN
105.00,34.53,30.83,36.00,20.00,AUTO,0,89,NaN,106.43,12.85,-30.47,88.81,NaN,NaN,NaN,NaN,NaN,NaN,NaN,NaN,NaN,NaN
106.00,34.55,30.83,36.00,20.00,AUTO,0,73,NaN,81.40,22.97,-31.47,72.89,NaN,NaN,NaN,NaN,NaN,NaN,NaN,NaN,NaN,NaN
107.00,34.57,30.79,36.00,20.00,AUTO,0,73,NaN,81.40,22.97,-31.47,72.89,NaN,NaN,NaN,NaN,NaN,NaN,NaN,NaN,NaN,NaN
108.00,34.61,30.71,36.00,20.00,AUTO,0,73,NaN,81.40,22.97,-31.47,72.89,NaN,NaN,NaN,NaN,NaN,NaN,NaN,NaN,NaN,NaN
109.00,34.63,30.71,36.00,20.00,AUTO,0,73,NaN,81.40,22.97,-31.47,72.89,NaN,NaN,NaN,NaN,NaN,NaN,NaN,NaN,NaN,NaN
110.01,34.65,30.69,36.00,20.00,AUTO,0,73,NaN,81.40,22.97,-31.47,72.89,NaN,NaN,NaN,NaN,NaN,NaN,NaN,NaN,NaN,NaN
111.01,34.65,30.64,36.00,20.00,AUTO,0,73,NaN,81.40,22.97,-31.47,72.89,NaN,NaN,NaN,NaN,NaN,NaN,NaN,NaN,NaN,NaN
112.01,34.69,30.61,36.00,20.00,AUTO,0,73,NaN,81.40,22.97,-31.47,72.89,NaN,NaN,NaN,NaN,NaN,NaN,NaN,NaN,NaN,NaN
113.01,34.74,30.57,36.00,20.00,AUTO,0,73,NaN,81.40,22.97,-31.47,72.89,NaN,NaN,NaN,NaN,NaN,NaN,NaN,NaN,NaN,NaN
114.01,34.76,30.48,36.00,20.00,AUTO,0,73,NaN,81.40,22.97,-31.47,72.89,NaN,NaN,NaN,NaN,NaN,NaN,NaN,NaN,NaN,NaN
115.01,34.78,30.50,36.00,20.00,AUTO,0,73,NaN,81.40,22.97,-31.47,72.89,NaN,NaN,NaN,NaN,NaN,NaN,NaN,NaN,NaN,NaN
116.01,34.81,30.46,36.00,20.00,AUTO,0,73,NaN,81.40,22.97,-31.47,72.89,NaN,NaN,NaN,NaN,NaN,NaN,NaN,NaN,NaN,NaN
117.02,34.86,30.46,36.00,20.00,AUTO,0,73,NaN,81.40,22.97,-31.47,72.89,NaN,NaN,NaN,NaN,NaN,NaN,NaN,NaN,NaN,NaN
118.02,34.88,30.38,36.00,20.00,AUTO,0,73,NaN,81.40,22.97,-31.47,72.89,NaN,NaN,NaN,NaN,NaN,NaN,NaN,NaN,NaN,NaN
119.02,34.90,30.38,36.00,20.00,AUTO,0,73,NaN,81.40,22.97,-31.47,72.89,NaN,NaN,NaN,NaN,NaN,NaN,NaN,NaN,NaN,NaN
120.02,34.92,30.30,36.00,20.00,AUTO,0,73,NaN,81.40,22.97,-31.47,72.89,NaN,NaN,NaN,NaN,NaN,NaN,NaN,NaN,NaN,NaN
121.02,34.92,30.30,36.00,20.00,AUTO,0,64,NaN,59.95,30.57,-26.45,64.07,NaN,NaN,NaN,NaN,NaN,NaN,NaN,NaN,NaN,NaN
122.02,34.93,30.25,36.00,20.00,AUTO,0,64,NaN,59.95,30.57,-26.45,64.07,NaN,NaN,NaN,NaN,NaN,NaN,NaN,NaN,NaN,NaN
123.03,34.93,30.25,36.00,20.00,AUTO,0,64,NaN,59.95,30.57,-26.45,64.07,NaN,NaN,NaN,NaN,NaN,NaN,NaN,NaN,NaN,NaN
124.03,34.95,30.22,36.00,20.00,AUTO,0,64,NaN,59.95,30.57,-26.45,64.07,NaN,NaN,NaN,NaN,NaN,NaN,NaN,NaN,NaN,NaN
125.03,34.97,30.23,36.00,20.00,AUTO,0,64,NaN,59.95,30.57,-26.45,64.07,NaN,NaN,NaN,NaN,NaN,NaN,NaN,NaN,NaN,NaN
126.03,34.97,30.22,36.00,20.00,AUTO,0,64,NaN,59.95,30.57,-26.45,64.07,NaN,NaN,NaN,NaN,NaN,NaN,NaN,NaN,NaN,NaN
127.03,34.99,30.19,36.00,20.00,AUTO,0,64,NaN,59.95,30.57,-26.45,64.07,NaN,NaN,NaN,NaN,NaN,NaN,NaN,NaN,NaN,NaN
128.03,35.01,30.19,36.00,20.00,AUTO,0,64,NaN,59.95,30.57,-26.45,64.07,NaN,NaN,NaN,NaN,NaN,NaN,NaN,NaN,NaN,NaN
129.04,35.03,30.16,36.00,20.00,AUTO,0,64,NaN,59.95,30.57,-26.45,64.07,NaN,NaN,NaN,NaN,NaN,NaN,NaN,NaN,NaN,NaN
130.04,35.04,30.16,36.00,20.00,AUTO,0,64,NaN,59.95,30.57,-26.45,64.07,NaN,NaN,NaN,NaN,NaN,NaN,NaN,NaN,NaN,NaN
131.04,35.07,30.11,36.00,20.00,AUTO,0,64,NaN,59.95,30.57,-26.45,64.07,NaN,NaN,NaN,NaN,NaN,NaN,NaN,NaN,NaN,NaN
132.04,35.08,30.07,36.00,20.00,AUTO,0,64,NaN,59.95,30.57,-26.45,64.07,NaN,NaN,NaN,NaN,NaN,NaN,NaN,NaN,NaN,NaN
133.04,35.11,30.07,36.00,20.00,AUTO,0,64,NaN,59.95,30.57,-26.45,64.07,NaN,NaN,NaN,NaN,NaN,NaN,NaN,NaN,NaN,NaN
134.04,35.12,30.09,36.00,20.00,AUTO,0,64,NaN,59.95,30.57,-26.45,64.07,NaN,NaN,NaN,NaN,NaN,NaN,NaN,NaN,NaN,NaN
135.04,35.13,30.05,36.00,20.00,AUTO,0,64,NaN,59.95,30.57,-26.45,64.07,NaN,NaN,NaN,NaN,NaN,NaN,NaN,NaN,NaN,NaN
136.05,35.13,30.05,36.00,20.00,AUTO,0,69,NaN,48.13,36.47,-15.22,69.38,NaN,NaN,NaN,NaN,NaN,NaN,NaN,NaN,NaN,NaN
137.05,35.14,30.05,36.00,20.00,AUTO,0,69,NaN,48.13,36.47,-15.22,69.38,NaN,NaN,NaN,NaN,NaN,NaN,NaN,NaN,NaN,NaN
138.05,35.16,30.01,36.00,20.00,AUTO,0,69,NaN,48.13,36.47,-15.22,69.38,NaN,NaN,NaN,NaN,NaN,NaN,NaN,NaN,NaN,NaN
139.05,35.18,30.01,36.00,20.00,AUTO,0,69,NaN,48.13,36.47,-15.22,69.38,NaN,NaN,NaN,NaN,NaN,NaN,NaN,NaN,NaN,NaN
140.05,35.19,29.96,36.00,20.00,AUTO,0,69,NaN,48.13,36.47,-15.22,69.38,NaN,NaN,NaN,NaN,NaN,NaN,NaN,NaN,NaN,NaN
141.05,35.19,29.96,36.00,20.00,AUTO,0,69,NaN,48.13,36.47,-15.22,69.38,NaN,NaN,NaN,NaN,NaN,NaN,NaN,NaN,NaN,NaN
142.06,35.20,29.96,36.00,20.00,AUTO,0,69,NaN,48.13,36.47,-15.22,69.38,NaN,NaN,NaN,NaN,NaN,NaN,NaN,NaN,NaN,NaN
143.06,35.21,29.93,36.00,20.00,AUTO,0,69,NaN,48.13,36.47,-15.22,69.38,NaN,NaN,NaN,NaN,NaN,NaN,NaN,NaN,NaN,NaN
144.06,35.23,29.93,36.00,20.00,AUTO,0,69,NaN,48.13,36.47,-15.22,69.38,NaN,NaN,NaN,NaN,NaN,NaN,NaN,NaN,NaN,NaN
145.06,35.24,29.89,36.00,20.00,AUTO,0,69,NaN,48.13,36.47,-15.22,69.38,NaN,NaN,NaN,NaN,NaN,NaN,NaN,NaN,NaN,NaN
146.06,35.25,29.89,36.00,20.00,AUTO,0,69,NaN,48.13,36.47,-15.22,69.38,NaN,NaN,NaN,NaN,NaN,NaN,NaN,NaN,NaN,NaN
147.07,35.28,29.89,36.00,20.00,AUTO,0,69,NaN,48.13,36.47,-15.22,69.38,NaN,NaN,NaN,NaN,NaN,NaN,NaN,NaN,NaN,NaN
148.07,35.29,29.85,36.00,20.00,AUTO,0,69,NaN,48.13,36.47,-15.22,69.38,NaN,NaN,NaN,NaN,NaN,NaN,NaN,NaN,NaN,NaN
149.07,35.33,29.87,36.00,20.00,AUTO,0,69,NaN,48.13,36.47,-15.22,69.38,NaN,NaN,NaN,NaN,NaN,NaN,NaN,NaN,NaN,NaN
150.07,35.33,29.83,36.00,20.00,AUTO,0,69,NaN,48.13,36.47,-15.22,69.38,NaN,NaN,NaN,NaN,NaN,NaN,NaN,NaN,NaN,NaN
151.07,35.33,29.83,36.00,20.00,AUTO,0,65,NaN,36.85,41.13,-12.95,65.03,NaN,NaN,NaN,NaN,NaN,NaN,NaN,NaN,NaN,NaN
152.08,35.34,29.78,36.00,20.00,AUTO,0,65,NaN,36.85,41.13,-12.95,65.03,NaN,NaN,NaN,NaN,NaN,NaN,NaN,NaN,NaN,NaN
153.07,35.34,29.78,36.00,20.00,AUTO,0,65,NaN,36.85,41.13,-12.95,65.03,NaN,NaN,NaN,NaN,NaN,NaN,NaN,NaN,NaN,NaN
154.07,35.35,29.78,36.00,20.00,AUTO,0,65,NaN,36.85,41.13,-12.95,65.03,NaN,NaN,NaN,NaN,NaN,NaN,NaN,NaN,NaN,NaN
155.08,35.36,29.74,36.00,20.00,AUTO,0,65,NaN,36.85,41.13,-12.95,65.03,NaN,NaN,NaN,NaN,NaN,NaN,NaN,NaN,NaN,NaN
156.08,35.37,29.74,36.00,20.00,AUTO,0,65,NaN,36.85,41.13,-12.95,65.03,NaN,NaN,NaN,NaN,NaN,NaN,NaN,NaN,NaN,NaN
157.08,35.38,29.74,36.00,20.00,AUTO,0,65,NaN,36.85,41.13,-12.95,65.03,NaN,NaN,NaN,NaN,NaN,NaN,NaN,NaN,NaN,NaN
158.08,35.39,29.74,36.00,20.00,AUTO,0,65,NaN,36.85,41.13,-12.95,65.03,NaN,NaN,NaN,NaN,NaN,NaN,NaN,NaN,NaN,NaN
159.08,35.41,29.71,36.00,20.00,AUTO,0,65,NaN,36.85,41.13,-12.95,65.03,NaN,NaN,NaN,NaN,NaN,NaN,NaN,NaN,NaN,NaN
160.08,35.42,29.71,36.00,20.00,AUTO,0,65,NaN,36.85,41.13,-12.95,65.03,NaN,NaN,NaN,NaN,NaN,NaN,NaN,NaN,NaN,NaN
161.09,35.44,29.66,36.00,20.00,AUTO,0,65,NaN,36.85,41.13,-12.95,65.03,NaN,NaN,NaN,NaN,NaN,NaN,NaN,NaN,NaN,NaN
162.09,35.45,29.66,36.00,20.00,AUTO,0,65,NaN,36.85,41.13,-12.95,65.03,NaN,NaN,NaN,NaN,NaN,NaN,NaN,NaN,NaN,NaN
163.09,35.47,29.68,36.00,20.00,AUTO,0,65,NaN,36.85,41.13,-12.95,65.03,NaN,NaN,NaN,NaN,NaN,NaN,NaN,NaN,NaN,NaN
164.09,35.47,29.68,36.00,20.00,AUTO,0,65,NaN,36.85,41.13,-12.95,65.03,NaN,NaN,NaN,NaN,NaN,NaN,NaN,NaN,NaN,NaN
165.09,35.48,29.68,36.00,20.00,AUTO,0,65,NaN,36.85,41.13,-12.95,65.03,NaN,NaN,NaN,NaN,NaN,NaN,NaN,NaN,NaN,NaN
166.10,35.48,29.68,36.00,20.00,AUTO,0,63,NaN,28.87,44.73,-11.07,62.54,NaN,NaN,NaN,NaN,NaN,NaN,NaN,NaN,NaN,NaN
167.09,35.49,29.64,36.00,20.00,AUTO,0,63,NaN,28.87,44.73,-11.07,62.54,NaN,NaN,NaN,NaN,NaN,NaN,NaN,NaN,NaN,NaN
168.10,35.50,29.64,36.00,20.00,AUTO,0,63,NaN,28.87,44.73,-11.07,62.54,NaN,NaN,NaN,NaN,NaN,NaN,NaN,NaN,NaN,NaN
169.10,35.51,29.64,36.00,20.00,AUTO,0,63,NaN,28.87,44.73,-11.07,62.54,NaN,NaN,NaN,NaN,NaN,NaN,NaN,NaN,NaN,NaN
170.10,35.51,29.60,36.00,20.00,AUTO,0,63,NaN,28.87,44.73,-11.07,62.54,NaN,NaN,NaN,NaN,NaN,NaN,NaN,NaN,NaN,NaN
171.10,35.53,29.60,36.00,20.00,AUTO,0,63,NaN,28.87,44.73,-11.07,62.54,NaN,NaN,NaN,NaN,NaN,NaN,NaN,NaN,NaN,NaN
172.10,35.53,29.60,36.00,20.00,AUTO,0,63,NaN,28.87,44.73,-11.07,62.54,NaN,NaN,NaN,NaN,NaN,NaN,NaN,NaN,NaN,NaN
173.11,35.54,29.56,36.00,20.00,AUTO,0,63,NaN,28.87,44.73,-11.07,62.54,NaN,NaN,NaN,NaN,NaN,NaN,NaN,NaN,NaN,NaN
174.11,35.54,29.56,36.00,20.00,AUTO,0,63,NaN,28.87,44.73,-11.07,62.54,NaN,NaN,NaN,NaN,NaN,NaN,NaN,NaN,NaN,NaN
175.11,35.55,29.56,36.00,20.00,AUTO,0,63,NaN,28.87,44.73,-11.07,62.54,NaN,NaN,NaN,NaN,NaN,NaN,NaN,NaN,NaN,NaN
176.11,35.57,29.56,36.00,20.00,AUTO,0,63,NaN,28.87,44.73,-11.07,62.54,NaN,NaN,NaN,NaN,NaN,NaN,NaN,NaN,NaN,NaN
177.11,35.57,29.56,36.00,20.00,AUTO,0,63,NaN,28.87,44.73,-11.07,62.54,NaN,NaN,NaN,NaN,NaN,NaN,NaN,NaN,NaN,NaN
178.11,35.57,29.56,36.00,20.00,AUTO,0,63,NaN,28.87,44.73,-11.07,62.54,NaN,NaN,NaN,NaN,NaN,NaN,NaN,NaN,NaN,NaN
179.12,35.57,29.56,36.00,20.00,AUTO,0,63,NaN,28.87,44.73,-11.07,62.54,NaN,NaN,NaN,NaN,NaN,NaN,NaN,NaN,NaN,NaN
180.12,35.59,29.56,36.00,20.00,AUTO,0,63,NaN,28.87,44.73,-11.07,62.54,NaN,NaN,NaN,NaN,NaN,NaN,NaN,NaN,NaN,NaN
181.12,35.59,29.51,36.00,20.00,AUTO,0,63,NaN,23.10,47.51,-7.47,63.13,NaN,NaN,NaN,NaN,NaN,NaN,NaN,NaN,NaN,NaN
182.12,35.59,29.51,36.00,20.00,AUTO,0,63,NaN,23.10,47.51,-7.47,63.13,NaN,NaN,NaN,NaN,NaN,NaN,NaN,NaN,NaN,NaN
183.12,35.59,29.51,36.00,20.00,AUTO,0,63,NaN,23.10,47.51,-7.47,63.13,NaN,NaN,NaN,NaN,NaN,NaN,NaN,NaN,NaN,NaN
184.12,35.59,29.51,36.00,20.00,AUTO,0,63,NaN,23.10,47.51,-7.47,63.13,NaN,NaN,NaN,NaN,NaN,NaN,NaN,NaN,NaN,NaN
185.12,35.59,29.51,36.00,20.00,AUTO,0,63,NaN,23.10,47.51,-7.47,63.13,NaN,NaN,NaN,NaN,NaN,NaN,NaN,NaN,NaN,NaN
186.12,35.60,29.51,36.00,20.00,AUTO,0,63,NaN,23.10,47.51,-7.47,63.13,NaN,NaN,NaN,NaN,NaN,NaN,NaN,NaN,NaN,NaN
187.13,35.62,29.48,36.00,20.00,AUTO,0,63,NaN,23.10,47.51,-7.47,63.13,NaN,NaN,NaN,NaN,NaN,NaN,NaN,NaN,NaN,NaN
188.13,35.62,29.48,36.00,20.00,AUTO,0,63,NaN,23.10,47.51,-7.47,63.13,NaN,NaN,NaN,NaN,NaN,NaN,NaN,NaN,NaN,NaN
189.13,35.63,29.48,36.00,20.00,AUTO,0,63,NaN,23.10,47.51,-7.47,63.13,NaN,NaN,NaN,NaN,NaN,NaN,NaN,NaN,NaN,NaN
190.13,35.63,29.48,36.00,20.00,AUTO,0,63,NaN,23.10,47.51,-7.47,63.13,NaN,NaN,NaN,NaN,NaN,NaN,NaN,NaN,NaN,NaN
191.13,35.64,29.48,36.00,20.00,AUTO,0,63,NaN,23.10,47.51,-7.47,63.13,NaN,NaN,NaN,NaN,NaN,NaN,NaN,NaN,NaN,NaN
192.13,35.65,29.48,36.00,20.00,AUTO,0,63,NaN,23.10,47.51,-7.47,63.13,NaN,NaN,NaN,NaN,NaN,NaN,NaN,NaN,NaN,NaN
193.14,35.66,29.49,36.00,20.00,AUTO,0,63,NaN,23.10,47.51,-7.47,63.13,NaN,NaN,NaN,NaN,NaN,NaN,NaN,NaN,NaN,NaN
194.14,35.68,29.45,36.00,20.00,AUTO,0,63,NaN,23.10,47.51,-7.47,63.13,NaN,NaN,NaN,NaN,NaN,NaN,NaN,NaN,NaN,NaN
195.14,35.67,29.45,36.00,20.00,AUTO,0,63,NaN,23.10,47.51,-7.47,63.13,NaN,NaN,NaN,NaN,NaN,NaN,NaN,NaN,NaN,NaN
196.14,35.67,29.45,36.00,20.00,AUTO,0,62,NaN,17.87,49.77,-5.71,61.93,NaN,NaN,NaN,NaN,NaN,NaN,NaN,NaN,NaN,NaN
197.14,35.67,29.45,36.00,20.00,AUTO,0,62,NaN,17.87,49.77,-5.71,61.93,NaN,NaN,NaN,NaN,NaN,NaN,NaN,NaN,NaN,NaN
198.15,35.69,29.42,36.00,20.00,AUTO,0,62,NaN,17.87,49.77,-5.71,61.93,NaN,NaN,NaN,NaN,NaN,NaN,NaN,NaN,NaN,NaN
199.14,35.70,29.42,36.00,20.00,AUTO,0,62,NaN,17.87,49.77,-5.71,61.93,NaN,NaN,NaN,NaN,NaN,NaN,NaN,NaN,NaN,NaN
200.15,35.71,29.42,36.00,20.00,AUTO,0,62,NaN,17.87,49.77,-5.71,61.93,NaN,NaN,NaN,NaN,NaN,NaN,NaN,NaN,NaN,NaN
201.15,35.72,29.42,36.00,20.00,AUTO,0,62,NaN,17.87,49.77,-5.71,61.93,NaN,NaN,NaN,NaN,NaN,NaN,NaN,NaN,NaN,NaN
202.15,35.72,29.37,36.00,20.00,AUTO,0,62,NaN,17.87,49.77,-5.71,61.93,NaN,NaN,NaN,NaN,NaN,NaN,NaN,NaN,NaN,NaN
203.15,35.72,29.37,36.00,20.00,AUTO,0,62,NaN,17.87,49.77,-5.71,61.93,NaN,NaN,NaN,NaN,NaN,NaN,NaN,NaN,NaN,NaN
204.15,35.73,29.37,36.00,20.00,AUTO,0,62,NaN,17.87,49.77,-5.71,61.93,NaN,NaN,NaN,NaN,NaN,NaN,NaN,NaN,NaN,NaN
205.16,35.74,29.37,36.00,20.00,AUTO,0,62,NaN,17.87,49.77,-5.71,61.93,NaN,NaN,NaN,NaN,NaN,NaN,NaN,NaN,NaN,NaN
206.16,35.77,29.33,36.00,20.00,AUTO,0,62,NaN,17.87,49.77,-5.71,61.93,NaN,NaN,NaN,NaN,NaN,NaN,NaN,NaN,NaN,NaN
207.16,35.78,29.33,36.00,20.00,AUTO,0,62,NaN,17.87,49.77,-5.71,61.93,NaN,NaN,NaN,NaN,NaN,NaN,NaN,NaN,NaN,NaN
208.16,35.78,29.33,36.00,20.00,AUTO,0,62,NaN,17.87,49.77,-5.71,61.93,NaN,NaN,NaN,NaN,NaN,NaN,NaN,NaN,NaN,NaN
209.16,35.78,29.33,36.00,20.00,AUTO,0,62,NaN,17.87,49.77,-5.71,61.93,NaN,NaN,NaN,NaN,NaN,NaN,NaN,NaN,NaN,NaN
210.16,35.78,29.33,36.00,20.00,AUTO,0,62,NaN,17.87,49.77,-5.71,61.93,NaN,NaN,NaN,NaN,NaN,NaN,NaN,NaN,NaN,NaN
211.17,35.79,29.33,36.00,20.00,AUTO,0,56,NaN,12.10,51.38,-7.77,55.71,NaN,NaN,NaN,NaN,NaN,NaN,NaN,NaN,NaN,NaN
212.17,35.79,29.29,36.00,20.00,AUTO,0,56,NaN,12.10,51.38,-7.77,55.71,NaN,NaN,NaN,NaN,NaN,NaN,NaN,NaN,NaN,NaN
213.17,35.80,29.29,36.00,20.00,AUTO,0,56,NaN,12.10,51.38,-7.77,55.71,NaN,NaN,NaN,NaN,NaN,NaN,NaN,NaN,NaN,NaN
214.17,35.81,29.31,36.00,20.00,AUTO,0,56,NaN,12.10,51.38,-7.77,55.71,NaN,NaN,NaN,NaN,NaN,NaN,NaN,NaN,NaN,NaN
215.17,35.81,29.31,36.00,20.00,AUTO,0,56,NaN,12.10,51.38,-7.77,55.71,NaN,NaN,NaN,NaN,NaN,NaN,NaN,NaN,NaN,NaN
216.17,35.81,29.31,36.00,20.00,AUTO,0,56,NaN,12.10,51.38,-7.77,55.71,NaN,NaN,NaN,NaN,NaN,NaN,NaN,NaN,NaN,NaN
217.17,35.81,29.31,36.00,20.00,AUTO,0,56,NaN,12.10,51.38,-7.77,55.71,NaN,NaN,NaN,NaN,NaN,NaN,NaN,NaN,NaN,NaN
218.17,35.82,29.31,36.00,20.00,AUTO,0,56,NaN,12.10,51.38,-7.77,55.71,NaN,NaN,NaN,NaN,NaN,NaN,NaN,NaN,NaN,NaN
219.18,35.83,29.31,36.00,20.00,AUTO,0,56,NaN,12.10,51.38,-7.77,55.71,NaN,NaN,NaN,NaN,NaN,NaN,NaN,NaN,NaN,NaN
220.18,35.85,29.31,36.00,20.00,AUTO,0,56,NaN,12.10,51.38,-7.77,55.71,NaN,NaN,NaN,NaN,NaN,NaN,NaN,NaN,NaN,NaN
221.18,35.85,29.31,36.00,20.00,AUTO,0,56,NaN,12.10,51.38,-7.77,55.71,NaN,NaN,NaN,NaN,NaN,NaN,NaN,NaN,NaN,NaN
222.18,35.85,29.31,36.00,20.00,AUTO,0,56,NaN,12.10,51.38,-7.77,55.71,NaN,NaN,NaN,NaN,NaN,NaN,NaN,NaN,NaN,NaN
223.18,35.87,29.31,36.00,20.00,AUTO,0,56,NaN,12.10,51.38,-7.77,55.71,NaN,NaN,NaN,NaN,NaN,NaN,NaN,NaN,NaN,NaN
224.19,35.87,29.27,36.00,20.00,AUTO,0,56,NaN,12.10,51.38,-7.77,55.71,NaN,NaN,NaN,NaN,NaN,NaN,NaN,NaN,NaN,NaN
225.19,35.87,29.27,36.00,20.00,AUTO,0,56,NaN,12.10,51.38,-7.77,55.71,NaN,NaN,NaN,NaN,NaN,NaN,NaN,NaN,NaN,NaN
226.19,35.86,29.27,36.00,20.00,AUTO,0,54,NaN,7.15,52.41,-5.55,54.01,NaN,NaN,NaN,NaN,NaN,NaN,NaN,NaN,NaN,NaN
227.19,35.87,29.27,36.00,20.00,AUTO,0,54,NaN,7.15,52.41,-5.55,54.01,NaN,NaN,NaN,NaN,NaN,NaN,NaN,NaN,NaN,NaN
228.19,35.87,29.27,36.00,20.00,AUTO,0,54,NaN,7.15,52.41,-5.55,54.01,NaN,NaN,NaN,NaN,NaN,NaN,NaN,NaN,NaN,NaN
229.19,35.87,29.27,36.00,20.00,AUTO,0,54,NaN,7.15,52.41,-5.55,54.01,NaN,NaN,NaN,NaN,NaN,NaN,NaN,NaN,NaN,NaN
230.20,35.87,29.27,36.00,20.00,AUTO,0,54,NaN,7.15,52.41,-5.55,54.01,NaN,NaN,NaN,NaN,NaN,NaN,NaN,NaN,NaN,NaN
231.20,35.88,29.27,36.00,20.00,AUTO,0,54,NaN,7.15,52.41,-5.55,54.01,NaN,NaN,NaN,NaN,NaN,NaN,NaN,NaN,NaN,NaN
232.20,35.88,29.27,36.00,20.00,AUTO,0,54,NaN,7.15,52.41,-5.55,54.01,NaN,NaN,NaN,NaN,NaN,NaN,NaN,NaN,NaN,NaN
233.20,35.89,29.27,36.00,20.00,AUTO,0,54,NaN,7.15,52.41,-5.55,54.01,NaN,NaN,NaN,NaN,NaN,NaN,NaN,NaN,NaN,NaN
234.20,35.88,29.27,36.00,20.00,AUTO,0,54,NaN,7.15,52.41,-5.55,54.01,NaN,NaN,NaN,NaN,NaN,NaN,NaN,NaN,NaN,NaN
235.21,35.90,29.27,36.00,20.00,AUTO,0,54,NaN,7.15,52.41,-5.55,54.01,NaN,NaN,NaN,NaN,NaN,NaN,NaN,NaN,NaN,NaN
236.20,35.89,29.22,36.00,20.00,AUTO,0,54,NaN,7.15,52.41,-5.55,54.01,NaN,NaN,NaN,NaN,NaN,NaN,NaN,NaN,NaN,NaN
237.21,35.90,29.22,36.00,20.00,AUTO,0,54,NaN,7.15,52.41,-5.55,54.01,NaN,NaN,NaN,NaN,NaN,NaN,NaN,NaN,NaN,NaN
238.21,35.90,29.22,36.00,20.00,AUTO,0,54,NaN,7.15,52.41,-5.55,54.01,NaN,NaN,NaN,NaN,NaN,NaN,NaN,NaN,NaN,NaN
239.21,35.90,29.22,36.00,20.00,AUTO,0,54,NaN,7.15,52.41,-5.55,54.01,NaN,NaN,NaN,NaN,NaN,NaN,NaN,NaN,NaN,NaN
240.21,35.90,29.22,36.00,20.00,AUTO,0,54,NaN,7.15,52.41,-5.55,54.01,NaN,NaN,NaN,NaN,NaN,NaN,NaN,NaN,NaN,NaN
241.21,35.89,29.22,36.00,20.00,AUTO,0,56,NaN,5.50,53.11,-2.58,56.03,NaN,NaN,NaN,NaN,NaN,NaN,NaN,NaN,NaN,NaN
242.21,35.90,29.22,36.00,20.00,AUTO,0,56,NaN,5.50,53.11,-2.58,56.03,NaN,NaN,NaN,NaN,NaN,NaN,NaN,NaN,NaN,NaN
243.22,35.90,29.22,36.00,20.00,AUTO,0,56,NaN,5.50,53.11,-2.58,56.03,NaN,NaN,NaN,NaN,NaN,NaN,NaN,NaN,NaN,NaN
244.22,35.90,29.22,36.00,20.00,AUTO,0,56,NaN,5.50,53.11,-2.58,56.03,NaN,NaN,NaN,NaN,NaN,NaN,NaN,NaN,NaN,NaN
245.22,35.90,29.22,36.00,20.00,AUTO,0,56,NaN,5.50,53.11,-2.58,56.03,NaN,NaN,NaN,NaN,NaN,NaN,NaN,NaN,NaN,NaN
246.22,35.90,29.22,36.00,20.00,AUTO,0,56,NaN,5.50,53.11,-2.58,56.03,NaN,NaN,NaN,NaN,NaN,NaN,NaN,NaN,NaN,NaN
247.22,35.89,29.22,36.00,20.00,AUTO,0,56,NaN,5.50,53.11,-2.58,56.03,NaN,NaN,NaN,NaN,NaN,NaN,NaN,NaN,NaN,NaN
248.23,35.90,29.22,36.00,20.00,AUTO,0,56,NaN,5.50,53.11,-2.58,56.03,NaN,NaN,NaN,NaN,NaN,NaN,NaN,NaN,NaN,NaN
249.23,35.90,29.27,36.00,20.00,AUTO,0,56,NaN,5.50,53.11,-2.58,56.03,NaN,NaN,NaN,NaN,NaN,NaN,NaN,NaN,NaN,NaN
250.23,35.92,29.22,36.00,20.00,AUTO,0,56,NaN,5.50,53.11,-2.58,56.03,NaN,NaN,NaN,NaN,NaN,NaN,NaN,NaN,NaN,NaN
251.23,35.92,29.22,36.00,20.00,AUTO,0,56,NaN,5.50,53.11,-2.58,56.03,NaN,NaN,NaN,NaN,NaN,NaN,NaN,NaN,NaN,NaN
252.23,35.93,29.22,36.00,20.00,AUTO,0,56,NaN,5.50,53.11,-2.58,56.03,NaN,NaN,NaN,NaN,NaN,NaN,NaN,NaN,NaN,NaN
253.23,35.94,29.22,36.00,20.00,AUTO,0,56,NaN,5.50,53.11,-2.58,56.03,NaN,NaN,NaN,NaN,NaN,NaN,NaN,NaN,NaN,NaN
254.23,35.94,29.22,36.00,20.00,AUTO,0,56,NaN,5.50,53.11,-2.58,56.03,NaN,NaN,NaN,NaN,NaN,NaN,NaN,NaN,NaN,NaN
255.23,35.94,29.22,36.00,20.00,AUTO,0,56,NaN,5.50,53.11,-2.58,56.03,NaN,NaN,NaN,NaN,NaN,NaN,NaN,NaN,NaN,NaN
256.24,35.93,29.22,36.00,20.00,AUTO,0,55,NaN,3.30,53.64,-2.32,54.62,NaN,NaN,NaN,NaN,NaN,NaN,NaN,NaN,NaN,NaN
257.24,35.94,29.22,36.00,20.00,AUTO,0,55,NaN,3.30,53.64,-2.32,54.62,NaN,NaN,NaN,NaN,NaN,NaN,NaN,NaN,NaN,NaN
258.24,35.93,29.22,36.00,20.00,AUTO,0,55,NaN,3.30,53.64,-2.32,54.62,NaN,NaN,NaN,NaN,NaN,NaN,NaN,NaN,NaN,NaN
259.24,35.93,29.22,36.00,20.00,AUTO,0,55,NaN,3.30,53.64,-2.32,54.62,NaN,NaN,NaN,NaN,NaN,NaN,NaN,NaN,NaN,NaN
260.24,35.93,29.22,36.00,20.00,AUTO,0,55,NaN,3.30,53.64,-2.32,54.62,NaN,NaN,NaN,NaN,NaN,NaN,NaN,NaN,NaN,NaN
261.24,35.93,29.22,36.00,20.00,AUTO,0,55,NaN,3.30,53.64,-2.32,54.62,NaN,NaN,NaN,NaN,NaN,NaN,NaN,NaN,NaN,NaN
262.25,35.93,29.22,36.00,20.00,AUTO,0,55,NaN,3.30,53.64,-2.32,54.62,NaN,NaN,NaN,NaN,NaN,NaN,NaN,NaN,NaN,NaN
263.25,35.94,29.22,36.00,20.00,AUTO,0,55,NaN,3.30,53.64,-2.32,54.62,NaN,NaN,NaN,NaN,NaN,NaN,NaN,NaN,NaN,NaN
264.25,35.94,29.22,36.00,20.00,AUTO,0,55,NaN,3.30,53.64,-2.32,54.62,NaN,NaN,NaN,NaN,NaN,NaN,NaN,NaN,NaN,NaN
265.25,35.95,29.22,36.00,20.00,AUTO,0,55,NaN,3.30,53.64,-2.32,54.62,NaN,NaN,NaN,NaN,NaN,NaN,NaN,NaN,NaN,NaN
266.25,35.95,29.22,36.00,20.00,AUTO,0,55,NaN,3.30,53.64,-2.32,54.62,NaN,NaN,NaN,NaN,NaN,NaN,NaN,NaN,NaN,NaN
267.25,35.96,29.22,36.00,20.00,AUTO,0,55,NaN,3.30,53.64,-2.32,54.62,NaN,NaN,NaN,NaN,NaN,NaN,NaN,NaN,NaN,NaN
268.25,35.96,29.22,36.00,20.00,AUTO,0,55,NaN,3.30,53.64,-2.32,54.62,NaN,NaN,NaN,NaN,NaN,NaN,NaN,NaN,NaN,NaN
269.26,35.96,29.22,36.00,20.00,AUTO,0,55,NaN,3.30,53.64,-2.32,54.62,NaN,NaN,NaN,NaN,NaN,NaN,NaN,NaN,NaN,NaN
270.26,35.96,29.22,36.00,20.00,AUTO,0,55,NaN,3.30,53.64,-2.32,54.62,NaN,NaN,NaN,NaN,NaN,NaN,NaN,NaN,NaN,NaN
271.26,35.95,29.22,36.00,20.00,AUTO,0,55,NaN,2.20,53.98,-1.63,54.55,NaN,NaN,NaN,NaN,NaN,NaN,NaN,NaN,NaN,NaN
272.26,35.96,29.22,36.00,20.00,AUTO,0,55,NaN,2.20,53.98,-1.63,54.55,NaN,NaN,NaN,NaN,NaN,NaN,NaN,NaN,NaN,NaN
273.26,35.96,29.22,36.00,20.00,AUTO,0,55,NaN,2.20,53.98,-1.63,54.55,NaN,NaN,NaN,NaN,NaN,NaN,NaN,NaN,NaN,NaN
274.26,35.95,29.22,36.00,20.00,AUTO,0,55,NaN,2.20,53.98,-1.63,54.55,NaN,NaN,NaN,NaN,NaN,NaN,NaN,NaN,NaN,NaN
275.27,35.95,29.22,36.00,20.00,AUTO,0,55,NaN,2.20,53.98,-1.63,54.55,NaN,NaN,NaN,NaN,NaN,NaN,NaN,NaN,NaN,NaN
276.27,35.95,29.22,36.00,20.00,AUTO,0,55,NaN,2.20,53.98,-1.63,54.55,NaN,NaN,NaN,NaN,NaN,NaN,NaN,NaN,NaN,NaN
277.27,35.95,29.22,36.00,20.00,AUTO,0,55,NaN,2.20,53.98,-1.63,54.55,NaN,NaN,NaN,NaN,NaN,NaN,NaN,NaN,NaN,NaN
278.27,35.95,29.22,36.00,20.00,AUTO,0,55,NaN,2.20,53.98,-1.63,54.55,NaN,NaN,NaN,NaN,NaN,NaN,NaN,NaN,NaN,NaN
279.27,35.95,29.22,36.00,20.00,AUTO,0,55,NaN,2.20,53.98,-1.63,54.55,NaN,NaN,NaN,NaN,NaN,NaN,NaN,NaN,NaN,NaN
280.27,35.97,29.22,36.00,20.00,AUTO,0,55,NaN,2.20,53.98,-1.63,54.55,NaN,NaN,NaN,NaN,NaN,NaN,NaN,NaN,NaN,NaN
281.27,35.97,29.22,36.00,20.00,AUTO,0,55,NaN,2.20,53.98,-1.63,54.55,NaN,NaN,NaN,NaN,NaN,NaN,NaN,NaN,NaN,NaN
282.28,35.97,29.22,36.00,20.00,AUTO,0,55,NaN,2.20,53.98,-1.63,54.55,NaN,NaN,NaN,NaN,NaN,NaN,NaN,NaN,NaN,NaN
283.28,35.97,29.22,36.00,20.00,AUTO,0,55,NaN,2.20,53.98,-1.63,54.55,NaN,NaN,NaN,NaN,NaN,NaN,NaN,NaN,NaN,NaN
284.28,35.97,29.22,36.00,20.00,AUTO,0,55,NaN,2.20,53.98,-1.63,54.55,NaN,NaN,NaN,NaN,NaN,NaN,NaN,NaN,NaN,NaN
285.28,35.98,29.22,36.00,20.00,AUTO,0,55,NaN,2.20,53.98,-1.63,54.55,NaN,NaN,NaN,NaN,NaN,NaN,NaN,NaN,NaN,NaN
286.28,35.96,29.22,36.00,20.00,AUTO,0,55,NaN,1.37,54.22,-0.89,54.70,NaN,NaN,NaN,NaN,NaN,NaN,NaN,NaN,NaN,NaN
287.28,35.96,29.22,36.00,20.00,AUTO,0,55,NaN,1.37,54.22,-0.89,54.70,NaN,NaN,NaN,NaN,NaN,NaN,NaN,NaN,NaN,NaN
288.29,35.97,29.22,36.00,20.00,AUTO,0,55,NaN,1.37,54.22,-0.89,54.70,NaN,NaN,NaN,NaN,NaN,NaN,NaN,NaN,NaN,NaN
289.29,35.97,29.22,36.00,20.00,AUTO,0,55,NaN,1.37,54.22,-0.89,54.70,NaN,NaN,NaN,NaN,NaN,NaN,NaN,NaN,NaN,NaN
290.29,35.96,29.22,36.00,20.00,AUTO,0,55,NaN,1.37,54.22,-0.89,54.70,NaN,NaN,NaN,NaN,NaN,NaN,NaN,NaN,NaN,NaN
291.29,35.97,29.22,36.00,20.00,AUTO,0,55,NaN,1.37,54.22,-0.89,54.70,NaN,NaN,NaN,NaN,NaN,NaN,NaN,NaN,NaN,NaN
292.29,35.96,29.22,36.00,20.00,AUTO,0,55,NaN,1.37,54.22,-0.89,54.70,NaN,NaN,NaN,NaN,NaN,NaN,NaN,NaN,NaN,NaN
293.29,35.98,29.22,36.00,20.00,AUTO,0,55,NaN,1.37,54.22,-0.89,54.70,NaN,NaN,NaN,NaN,NaN,NaN,NaN,NaN,NaN,NaN
294.30,35.98,29.22,36.00,20.00,AUTO,0,55,NaN,1.37,54.22,-0.89,54.70,NaN,NaN,NaN,NaN,NaN,NaN,NaN,NaN,NaN,NaN
295.30,35.99,29.22,36.00,20.00,AUTO,0,55,NaN,1.37,54.22,-0.89,54.70,NaN,NaN,NaN,NaN,NaN,NaN,NaN,NaN,NaN,NaN
296.30,35.99,29.22,36.00,20.00,AUTO,0,55,NaN,1.37,54.22,-0.89,54.70,NaN,NaN,NaN,NaN,NaN,NaN,NaN,NaN,NaN,NaN
297.30,35.99,29.22,36.00,20.00,AUTO,0,55,NaN,1.37,54.22,-0.89,54.70,NaN,NaN,NaN,NaN,NaN,NaN,NaN,NaN,NaN,NaN
298.30,36.00,29.22,36.00,20.00,AUTO,0,55,NaN,1.37,54.22,-0.89,54.70,NaN,NaN,NaN,NaN,NaN,NaN,NaN,NaN,NaN,NaN
299.30,36.00,29.22,36.00,20.00,AUTO,0,55,NaN,1.37,54.22,-0.89,54.70,NaN,NaN,NaN,NaN,NaN,NaN,NaN,NaN,NaN,NaN
300.30,36.00,29.22,36.00,20.00,AUTO,0,55,NaN,1.37,54.22,-0.89,54.70,NaN,NaN,NaN,NaN,NaN,NaN,NaN,NaN,NaN,NaN
301.31,35.99,29.22,36.00,20.00,AUTO,0,53,NaN,0.00,54.35,-1.76,52.59,NaN,NaN,NaN,NaN,NaN,NaN,NaN,NaN,NaN,NaN
302.31,35.99,29.22,36.00,20.00,AUTO,0,53,NaN,0.00,54.35,-1.76,52.59,NaN,NaN,NaN,NaN,NaN,NaN,NaN,NaN,NaN,NaN
303.31,35.98,29.22,36.00,20.00,AUTO,0,53,NaN,0.00,54.35,-1.76,52.59,NaN,NaN,NaN,NaN,NaN,NaN,NaN,NaN,NaN,NaN
304.31,35.98,29.22,36.00,20.00,AUTO,0,53,NaN,0.00,54.35,-1.76,52.59,NaN,NaN,NaN,NaN,NaN,NaN,NaN,NaN,NaN,NaN
305.31,35.98,29.22,36.00,20.00,AUTO,0,53,NaN,0.00,54.35,-1.76,52.59,NaN,NaN,NaN,NaN,NaN,NaN,NaN,NaN,NaN,NaN
306.31,35.98,29.22,36.00,20.00,AUTO,0,53,NaN,0.00,54.35,-1.76,52.59,NaN,NaN,NaN,NaN,NaN,NaN,NaN,NaN,NaN,NaN
307.32,35.98,29.22,36.00,20.00,AUTO,0,53,NaN,0.00,54.35,-1.76,52.59,NaN,NaN,NaN,NaN,NaN,NaN,NaN,NaN,NaN,NaN
308.32,35.98,29.27,36.00,20.00,AUTO,0,53,NaN,0.00,54.35,-1.76,52.59,NaN,NaN,NaN,NaN,NaN,NaN,NaN,NaN,NaN,NaN
309.32,35.99,29.27,36.00,20.00,AUTO,0,53,NaN,0.00,54.35,-1.76,52.59,NaN,NaN,NaN,NaN,NaN,NaN,NaN,NaN,NaN,NaN
310.32,36.00,29.27,36.00,20.00,AUTO,0,53,NaN,0.00,54.35,-1.76,52.59,NaN,NaN,NaN,NaN,NaN,NaN,NaN,NaN,NaN,NaN
311.32,36.00,29.27,36.00,20.00,AUTO,0,53,NaN,0.00,54.35,-1.76,52.59,NaN,NaN,NaN,NaN,NaN,NaN,NaN,NaN,NaN,NaN
312.33,36.00,29.27,36.00,20.00,AUTO,0,53,NaN,0.00,54.35,-1.76,52.59,NaN,NaN,NaN,NaN,NaN,NaN,NaN,NaN,NaN,NaN
313.33,36.01,29.29,36.00,20.00,AUTO,0,53,NaN,0.00,54.35,-1.76,52.59,NaN,NaN,NaN,NaN,NaN,NaN,NaN,NaN,NaN,NaN
314.33,36.00,29.29,36.00,20.00,AUTO,0,53,NaN,0.00,54.35,-1.76,52.59,NaN,NaN,NaN,NaN,NaN,NaN,NaN,NaN,NaN,NaN
315.33,36.00,29.29,36.00,20.00,AUTO,0,53,NaN,0.00,54.35,-1.76,52.59,NaN,NaN,NaN,NaN,NaN,NaN,NaN,NaN,NaN,NaN
316.33,36.00,29.27,36.00,20.00,AUTO,0,54,NaN,0.00,54.41,-0.45,53.96,NaN,NaN,NaN,NaN,NaN,NaN,NaN,NaN,NaN,NaN
317.33,36.00,29.27,36.00,20.00,AUTO,0,54,NaN,0.00,54.41,-0.45,53.96,NaN,NaN,NaN,NaN,NaN,NaN,NaN,NaN,NaN,NaN
318.33,36.00,29.27,36.00,20.00,AUTO,0,54,NaN,0.00,54.41,-0.45,53.96,NaN,NaN,NaN,NaN,NaN,NaN,NaN,NaN,NaN,NaN
319.33,36.00,29.27,36.00,20.00,AUTO,0,54,NaN,0.00,54.41,-0.45,53.96,NaN,NaN,NaN,NaN,NaN,NaN,NaN,NaN,NaN,NaN
320.34,35.99,29.27,36.00,20.00,AUTO,0,54,NaN,0.00,54.41,-0.45,53.96,NaN,NaN,NaN,NaN,NaN,NaN,NaN,NaN,NaN,NaN
321.34,35.99,29.27,36.00,20.00,AUTO,0,54,NaN,0.00,54.41,-0.45,53.96,NaN,NaN,NaN,NaN,NaN,NaN,NaN,NaN,NaN,NaN
322.34,35.99,29.27,36.00,20.00,AUTO,0,54,NaN,0.00,54.41,-0.45,53.96,NaN,NaN,NaN,NaN,NaN,NaN,NaN,NaN,NaN,NaN
323.34,35.99,29.31,36.00,20.00,AUTO,0,54,NaN,0.00,54.41,-0.45,53.96,NaN,NaN,NaN,NaN,NaN,NaN,NaN,NaN,NaN,NaN
324.34,35.98,29.31,36.00,20.00,AUTO,0,54,NaN,0.00,54.41,-0.45,53.96,NaN,NaN,NaN,NaN,NaN,NaN,NaN,NaN,NaN,NaN
325.35,36.00,29.31,36.00,20.00,AUTO,0,54,NaN,0.00,54.41,-0.45,53.96,NaN,NaN,NaN,NaN,NaN,NaN,NaN,NaN,NaN,NaN
326.35,35.99,29.31,36.00,20.00,AUTO,0,54,NaN,0.00,54.41,-0.45,53.96,NaN,NaN,NaN,NaN,NaN,NaN,NaN,NaN,NaN,NaN
327.35,36.00,29.31,36.00,20.00,AUTO,0,54,NaN,0.00,54.41,-0.45,53.96,NaN,NaN,NaN,NaN,NaN,NaN,NaN,NaN,NaN,NaN
328.35,36.00,29.31,36.00,20.00,AUTO,0,54,NaN,0.00,54.41,-0.45,53.96,NaN,NaN,NaN,NaN,NaN,NaN,NaN,NaN,NaN,NaN
329.35,36.00,29.32,36.00,20.00,AUTO,0,54,NaN,0.00,54.41,-0.45,53.96,NaN,NaN,NaN,NaN,NaN,NaN,NaN,NaN,NaN,NaN
330.35,36.01,29.32,36.00,20.00,AUTO,0,54,NaN,0.00,54.41,-0.45,53.96,NaN,NaN,NaN,NaN,NaN,NaN,NaN,NaN,NaN,NaN
331.35,36.00,29.31,36.00,20.00,AUTO,0,54,NaN,-0.27,54.43,0.22,54.38,NaN,NaN,NaN,NaN,NaN,NaN,NaN,NaN,NaN,NaN
332.35,36.00,29.32,36.00,20.00,AUTO,0,54,NaN,-0.27,54.43,0.22,54.38,NaN,NaN,NaN,NaN,NaN,NaN,NaN,NaN,NaN,NaN
333.36,36.00,29.32,36.00,20.00,AUTO,0,54,NaN,-0.27,54.43,0.22,54.38,NaN,NaN,NaN,NaN,NaN,NaN,NaN,NaN,NaN,NaN
334.36,36.00,29.31,36.00,20.00,AUTO,0,54,NaN,-0.27,54.43,0.22,54.38,NaN,NaN,NaN,NaN,NaN,NaN,NaN,NaN,NaN,NaN
335.36,36.00,29.32,36.00,20.00,AUTO,0,54,NaN,-0.27,54.43,0.22,54.38,NaN,NaN,NaN,NaN,NaN,NaN,NaN,NaN,NaN,NaN
336.36,36.01,29.32,36.00,20.00,AUTO,0,54,NaN,-0.27,54.43,0.22,54.38,NaN,NaN,NaN,NaN,NaN,NaN,NaN,NaN,NaN,NaN
337.36,36.00,29.29,36.00,20.00,AUTO,0,54,NaN,-0.27,54.43,0.22,54.38,NaN,NaN,NaN,NaN,NaN,NaN,NaN,NaN,NaN,NaN
338.36,36.01,29.29,36.00,20.00,AUTO,0,54,NaN,-0.27,54.43,0.22,54.38,NaN,NaN,NaN,NaN,NaN,NaN,NaN,NaN,NaN,NaN
339.37,36.01,29.32,36.00,20.00,AUTO,0,54,NaN,-0.27,54.43,0.22,54.38,NaN,NaN,NaN,NaN,NaN,NaN,NaN,NaN,NaN,NaN
340.37,36.01,29.32,36.00,20.00,AUTO,0,54,NaN,-0.27,54.43,0.22,54.38,NaN,NaN,NaN,NaN,NaN,NaN,NaN,NaN,NaN,NaN
341.37,36.01,29.29,36.00,20.00,AUTO,0,54,NaN,-0.27,54.43,0.22,54.38,NaN,NaN,NaN,NaN,NaN,NaN,NaN,NaN,NaN,NaN
342.37,36.01,29.29,36.00,20.00,AUTO,0,54,NaN,-0.27,54.43,0.22,54.38,NaN,NaN,NaN,NaN,NaN,NaN,NaN,NaN,NaN,NaN
343.37,36.01,29.32,36.00,20.00,AUTO,0,54,NaN,-0.27,54.43,0.22,54.38,NaN,NaN,NaN,NaN,NaN,NaN,NaN,NaN,NaN,NaN
344.38,36.02,29.32,36.00,20.00,AUTO,0,54,NaN,-0.27,54.43,0.22,54.38,NaN,NaN,NaN,NaN,NaN,NaN,NaN,NaN,NaN,NaN
345.38,36.02,29.29,36.00,20.00,AUTO,0,54,NaN,-0.27,54.43,0.22,54.38,NaN,NaN,NaN,NaN,NaN,NaN,NaN,NaN,NaN,NaN
346.38,36.01,29.29,36.00,20.00,AUTO,0,52,NaN,-1.10,54.39,-1.06,52.23,NaN,NaN,NaN,NaN,NaN,NaN,NaN,NaN,NaN,NaN
347.38,36.01,29.29,36.00,20.00,AUTO,0,52,NaN,-1.10,54.39,-1.06,52.23,NaN,NaN,NaN,NaN,NaN,NaN,NaN,NaN,NaN,NaN
348.38,36.01,29.29,36.00,20.00,AUTO,0,52,NaN,-1.10,54.39,-1.06,52.23,NaN,NaN,NaN,NaN,NaN,NaN,NaN,NaN,NaN,NaN
349.38,36.01,29.29,36.00,20.00,AUTO,0,52,NaN,-1.10,54.39,-1.06,52.23,NaN,NaN,NaN,NaN,NaN,NaN,NaN,NaN,NaN,NaN
350.38,36.02,29.29,36.00,20.00,AUTO,0,52,NaN,-1.10,54.39,-1.06,52.23,NaN,NaN,NaN,NaN,NaN,NaN,NaN,NaN,NaN,NaN
351.39,36.01,29.29,36.00,20.00,AUTO,0,52,NaN,-1.10,54.39,-1.06,52.23,NaN,NaN,NaN,NaN,NaN,NaN,NaN,NaN,NaN,NaN
352.39,36.02,29.29,36.00,20.00,AUTO,0,52,NaN,-1.10,54.39,-1.06,52.23,NaN,NaN,NaN,NaN,NaN,NaN,NaN,NaN,NaN,NaN
353.39,36.02,29.29,36.00,20.00,AUTO,0,52,NaN,-1.10,54.39,-1.06,52.23,NaN,NaN,NaN,NaN,NaN,NaN,NaN,NaN,NaN,NaN
354.39,36.03,29.32,36.00,20.00,AUTO,0,52,NaN,-1.10,54.39,-1.06,52.23,NaN,NaN,NaN,NaN,NaN,NaN,NaN,NaN,NaN,NaN
355.39,36.03,29.29,36.00,20.00,AUTO,0,52,NaN,-1.10,54.39,-1.06,52.23,NaN,NaN,NaN,NaN,NaN,NaN,NaN,NaN,NaN,NaN
356.39,36.04,29.29,36.00,20.00,AUTO,0,52,NaN,-1.10,54.39,-1.06,52.23,NaN,NaN,NaN,NaN,NaN,NaN,NaN,NaN,NaN,NaN
357.40,36.04,29.29,36.00,20.00,AUTO,0,52,NaN,-1.10,54.39,-1.06,52.23,NaN,NaN,NaN,NaN,NaN,NaN,NaN,NaN,NaN,NaN
358.40,36.04,29.29,36.00,20.00,AUTO,0,52,NaN,-1.10,54.39,-1.06,52.23,NaN,NaN,NaN,NaN,NaN,NaN,NaN,NaN,NaN,NaN
359.40,36.04,29.29,36.00,20.00,AUTO,0,52,NaN,-1.10,54.39,-1.06,52.23,NaN,NaN,NaN,NaN,NaN,NaN,NaN,NaN,NaN,NaN
360.40,36.04,29.32,36.00,20.00,AUTO,0,52,NaN,-1.10,54.39,-1.06,52.23,NaN,NaN,NaN,NaN,NaN,NaN,NaN,NaN,NaN,NaN
361.40,36.03,29.32,36.00,20.00,AUTO,0,50,NaN,-2.20,54.24,-1.80,50.24,NaN,NaN,NaN,NaN,NaN,NaN,NaN,NaN,NaN,NaN
362.40,36.04,29.29,36.00,20.00,AUTO,0,50,NaN,-2.20,54.24,-1.80,50.24,NaN,NaN,NaN,NaN,NaN,NaN,NaN,NaN,NaN,NaN
363.41,36.04,29.29,36.00,20.00,AUTO,0,50,NaN,-2.20,54.24,-1.80,50.24,NaN,NaN,NaN,NaN,NaN,NaN,NaN,NaN,NaN,NaN
364.40,36.03,29.29,36.00,20.00,AUTO,0,50,NaN,-2.20,54.24,-1.80,50.24,NaN,NaN,NaN,NaN,NaN,NaN,NaN,NaN,NaN,NaN
365.41,36.03,29.29,36.00,20.00,AUTO,0,50,NaN,-2.20,54.24,-1.80,50.24,NaN,NaN,NaN,NaN,NaN,NaN,NaN,NaN,NaN,NaN
366.41,36.03,29.29,36.00,20.00,AUTO,0,50,NaN,-2.20,54.24,-1.80,50.24,NaN,NaN,NaN,NaN,NaN,NaN,NaN,NaN,NaN,NaN
367.41,36.03,29.32,36.00,20.00,AUTO,0,50,NaN,-2.20,54.24,-1.80,50.24,NaN,NaN,NaN,NaN,NaN,NaN,NaN,NaN,NaN,NaN
368.41,36.03,29.32,36.00,20.00,AUTO,0,50,NaN,-2.20,54.24,-1.80,50.24,NaN,NaN,NaN,NaN,NaN,NaN,NaN,NaN,NaN,NaN
369.41,36.04,29.32,36.00,20.00,AUTO,0,50,NaN,-2.20,54.24,-1.80,50.24,NaN,NaN,NaN,NaN,NaN,NaN,NaN,NaN,NaN,NaN
370.42,36.06,29.32,36.00,20.00,AUTO,0,50,NaN,-2.20,54.24,-1.80,50.24,NaN,NaN,NaN,NaN,NaN,NaN,NaN,NaN,NaN,NaN
371.42,36.06,29.32,36.00,20.00,AUTO,0,50,NaN,-2.20,54.24,-1.80,50.24,NaN,NaN,NaN,NaN,NaN,NaN,NaN,NaN,NaN,NaN
372.42,36.06,29.32,36.00,20.00,AUTO,0,50,NaN,-2.20,54.24,-1.80,50.24,NaN,NaN,NaN,NaN,NaN,NaN,NaN,NaN,NaN,NaN
373.42,36.04,29.32,36.00,20.00,AUTO,0,50,NaN,-2.20,54.24,-1.80,50.24,NaN,NaN,NaN,NaN,NaN,NaN,NaN,NaN,NaN,NaN
374.42,36.04,29.32,36.00,20.00,AUTO,0,50,NaN,-2.20,54.24,-1.80,50.24,NaN,NaN,NaN,NaN,NaN,NaN,NaN,NaN,NaN,NaN
375.42,36.06,29.32,36.00,20.00,AUTO,0,50,NaN,-2.20,54.24,-1.80,50.24,NaN,NaN,NaN,NaN,NaN,NaN,NaN,NaN,NaN,NaN
376.43,36.03,29.32,36.00,20.00,AUTO,0,50,NaN,-2.75,53.99,-0.81,50.43,NaN,NaN,NaN,NaN,NaN,NaN,NaN,NaN,NaN,NaN
377.43,36.03,29.32,36.00,20.00,AUTO,0,50,NaN,-2.75,53.99,-0.81,50.43,NaN,NaN,NaN,NaN,NaN,NaN,NaN,NaN,NaN,NaN
378.43,36.03,29.32,36.00,20.00,AUTO,0,50,NaN,-2.75,53.99,-0.81,50.43,NaN,NaN,NaN,NaN,NaN,NaN,NaN,NaN,NaN,NaN
379.43,36.03,29.32,36.00,20.00,AUTO,0,50,NaN,-2.75,53.99,-0.81,50.43,NaN,NaN,NaN,NaN,NaN,NaN,NaN,NaN,NaN,NaN
380.43,36.03,29.32,36.00,20.00,AUTO,0,50,NaN,-2.75,53.99,-0.81,50.43,NaN,NaN,NaN,NaN,NaN,NaN,NaN,NaN,NaN,NaN
381.43,36.03,29.32,36.00,20.00,AUTO,0,50,NaN,-2.75,53.99,-0.81,50.43,NaN,NaN,NaN,NaN,NaN,NaN,NaN,NaN,NaN,NaN
382.43,36.03,29.32,36.00,20.00,AUTO,0,50,NaN,-2.75,53.99,-0.81,50.43,NaN,NaN,NaN,NaN,NaN,NaN,NaN,NaN,NaN,NaN
383.44,36.03,29.32,36.00,20.00,AUTO,0,50,NaN,-2.75,53.99,-0.81,50.43,NaN,NaN,NaN,NaN,NaN,NaN,NaN,NaN,NaN,NaN
384.44,36.04,29.32,36.00,20.00,AUTO,0,50,NaN,-2.75,53.99,-0.81,50.43,NaN,NaN,NaN,NaN,NaN,NaN,NaN,NaN,NaN,NaN
385.44,36.04,29.32,36.00,20.00,AUTO,0,50,NaN,-2.75,53.99,-0.81,50.43,NaN,NaN,NaN,NaN,NaN,NaN,NaN,NaN,NaN,NaN
386.44,36.04,29.32,36.00,20.00,AUTO,0,50,NaN,-2.75,53.99,-0.81,50.43,NaN,NaN,NaN,NaN,NaN,NaN,NaN,NaN,NaN,NaN
387.44,36.06,29.32,36.00,20.00,AUTO,0,50,NaN,-2.75,53.99,-0.81,50.43,NaN,NaN,NaN,NaN,NaN,NaN,NaN,NaN,NaN,NaN
388.44,36.06,29.32,36.00,20.00,AUTO,0,50,NaN,-2.75,53.99,-0.81,50.43,NaN,NaN,NaN,NaN,NaN,NaN,NaN,NaN,NaN,NaN
389.45,36.06,29.32,36.00,20.00,AUTO,0,50,NaN,-2.75,53.99,-0.81,50.43,NaN,NaN,NaN,NaN,NaN,NaN,NaN,NaN,NaN,NaN
390.45,36.06,29.32,36.00,20.00,AUTO,0,50,NaN,-2.75,53.99,-0.81,50.43,NaN,NaN,NaN,NaN,NaN,NaN,NaN,NaN,NaN,NaN
391.45,36.03,29.32,36.00,20.00,AUTO,0,50,NaN,-3.30,53.75,-0.38,50.08,NaN,NaN,NaN,NaN,NaN,NaN,NaN,NaN,NaN,NaN
392.45,36.03,29.32,36.00,20.00,AUTO,0,50,NaN,-3.30,53.75,-0.38,50.08,NaN,NaN,NaN,NaN,NaN,NaN,NaN,NaN,NaN,NaN
393.45,36.03,29.32,36.00,20.00,AUTO,0,50,NaN,-3.30,53.75,-0.38,50.08,NaN,NaN,NaN,NaN,NaN,NaN,NaN,NaN,NaN,NaN
394.45,36.04,29.32,36.00,20.00,AUTO,0,50,NaN,-3.30,53.75,-0.38,50.08,NaN,NaN,NaN,NaN,NaN,NaN,NaN,NaN,NaN,NaN
395.45,36.03,29.32,36.00,20.00,AUTO,0,50,NaN,-3.30,53.75,-0.38,50.08,NaN,NaN,NaN,NaN,NaN,NaN,NaN,NaN,NaN,NaN
396.45,36.03,29.32,36.00,20.00,AUTO,0,50,NaN,-3.30,53.75,-0.38,50.08,NaN,NaN,NaN,NaN,NaN,NaN,NaN,NaN,NaN,NaN
397.46,36.03,29.32,36.00,20.00,AUTO,0,50,NaN,-3.30,53.75,-0.38,50.08,NaN,NaN,NaN,NaN,NaN,NaN,NaN,NaN,NaN,NaN
398.46,36.04,29.32,36.00,20.00,AUTO,0,50,NaN,-3.30,53.75,-0.38,50.08,NaN,NaN,NaN,NaN,NaN,NaN,NaN,NaN,NaN,NaN
399.46,36.07,29.32,36.00,20.00,AUTO,0,50,NaN,-3.30,53.75,-0.38,50.08,NaN,NaN,NaN,NaN,NaN,NaN,NaN,NaN,NaN,NaN
400.46,36.06,29.32,36.00,20.00,AUTO,0,50,NaN,-3.30,53.75,-0.38,50.08,NaN,NaN,NaN,NaN,NaN,NaN,NaN,NaN,NaN,NaN
401.46,36.06,29.32,36.00,20.00,AUTO,0,50,NaN,-3.30,53.75,-0.38,50.08,NaN,NaN,NaN,NaN,NaN,NaN,NaN,NaN,NaN,NaN
402.47,36.06,29.32,36.00,20.00,AUTO,0,50,NaN,-3.30,53.75,-0.38,50.08,NaN,NaN,NaN,NaN,NaN,NaN,NaN,NaN,NaN,NaN
403.47,36.06,29.32,36.00,20.00,AUTO,0,50,NaN,-3.30,53.75,-0.38,50.08,NaN,NaN,NaN,NaN,NaN,NaN,NaN,NaN,NaN,NaN
404.47,36.06,29.32,36.00,20.00,AUTO,0,50,NaN,-3.30,53.75,-0.38,50.08,NaN,NaN,NaN,NaN,NaN,NaN,NaN,NaN,NaN,NaN
405.47,36.06,29.32,36.00,20.00,AUTO,0,50,NaN,-3.30,53.75,-0.38,50.08,NaN,NaN,NaN,NaN,NaN,NaN,NaN,NaN,NaN,NaN
406.47,36.03,29.32,36.00,20.00,AUTO,0,49,NaN,-3.30,53.48,-0.71,49.46,NaN,NaN,NaN,NaN,NaN,NaN,NaN,NaN,NaN,NaN
407.47,36.03,29.32,36.00,20.00,AUTO,0,49,NaN,-3.30,53.48,-0.71,49.46,NaN,NaN,NaN,NaN,NaN,NaN,NaN,NaN,NaN,NaN
408.48,36.04,29.32,36.00,20.00,AUTO,0,49,NaN,-3.30,53.48,-0.71,49.46,NaN,NaN,NaN,NaN,NaN,NaN,NaN,NaN,NaN,NaN
409.48,36.03,29.32,36.00,20.00,AUTO,0,49,NaN,-3.30,53.48,-0.71,49.46,NaN,NaN,NaN,NaN,NaN,NaN,NaN,NaN,NaN,NaN
410.48,36.03,29.32,36.00,20.00,AUTO,0,49,NaN,-3.30,53.48,-0.71,49.46,NaN,NaN,NaN,NaN,NaN,NaN,NaN,NaN,NaN,NaN
411.48,36.03,29.36,36.00,20.00,AUTO,0,49,NaN,-3.30,53.48,-0.71,49.46,NaN,NaN,NaN,NaN,NaN,NaN,NaN,NaN,NaN,NaN
412.48,36.02,29.36,36.00,20.00,AUTO,0,49,NaN,-3.30,53.48,-0.71,49.46,NaN,NaN,NaN,NaN,NaN,NaN,NaN,NaN,NaN,NaN
413.49,36.02,29.36,36.00,20.00,AUTO,0,49,NaN,-3.30,53.48,-0.71,49.46,NaN,NaN,NaN,NaN,NaN,NaN,NaN,NaN,NaN,NaN
414.48,36.04,29.36,36.00,20.00,AUTO,0,49,NaN,-3.30,53.48,-0.71,49.46,NaN,NaN,NaN,NaN,NaN,NaN,NaN,NaN,NaN,NaN
415.49,36.04,29.36,36.00,20.00,AUTO,0,49,NaN,-3.30,53.48,-0.71,49.46,NaN,NaN,NaN,NaN,NaN,NaN,NaN,NaN,NaN,NaN
416.49,36.03,29.36,36.00,20.00,AUTO,0,49,NaN,-3.30,53.48,-0.71,49.46,NaN,NaN,NaN,NaN,NaN,NaN,NaN,NaN,NaN,NaN
417.49,36.04,29.36,36.00,20.00,AUTO,0,49,NaN,-3.30,53.48,-0.71,49.46,NaN,NaN,NaN,NaN,NaN,NaN,NaN,NaN,NaN,NaN
418.49,36.04,29.36,36.00,20.00,AUTO,0,49,NaN,-3.30,53.48,-0.71,49.46,NaN,NaN,NaN,NaN,NaN,NaN,NaN,NaN,NaN,NaN
419.49,36.04,29.36,36.00,20.00,AUTO,0,49,NaN,-3.30,53.48,-0.71,49.46,NaN,NaN,NaN,NaN,NaN,NaN,NaN,NaN,NaN,NaN
420.49,36.04,29.36,36.00,20.00,AUTO,0,49,NaN,-3.30,53.48,-0.71,49.46,NaN,NaN,NaN,NaN,NaN,NaN,NaN,NaN,NaN,NaN
421.50,36.03,29.36,36.00,20.00,AUTO,0,52,NaN,-2.20,53.28,1.19,52.26,NaN,NaN,NaN,NaN,NaN,NaN,NaN,NaN,NaN,NaN
422.50,36.02,29.36,36.00,20.00,AUTO,0,52,NaN,-2.20,53.28,1.19,52.26,NaN,NaN,NaN,NaN,NaN,NaN,NaN,NaN,NaN,NaN
423.50,36.02,29.41,36.00,20.00,AUTO,0,52,NaN,-2.20,53.28,1.19,52.26,NaN,NaN,NaN,NaN,NaN,NaN,NaN,NaN,NaN,NaN
424.50,36.02,29.36,36.00,20.00,AUTO,0,52,NaN,-2.20,53.28,1.19,52.26,NaN,NaN,NaN,NaN,NaN,NaN,NaN,NaN,NaN,NaN
425.50,36.01,29.41,36.00,20.00,AUTO,0,52,NaN,-2.20,53.28,1.19,52.26,NaN,NaN,NaN,NaN,NaN,NaN,NaN,NaN,NaN,NaN
426.51,36.01,29.41,36.00,20.00,AUTO,0,52,NaN,-2.20,53.28,1.19,52.26,NaN,NaN,NaN,NaN,NaN,NaN,NaN,NaN,NaN,NaN
427.51,36.02,29.41,36.00,20.00,AUTO,0,52,NaN,-2.20,53.28,1.19,52.26,NaN,NaN,NaN,NaN,NaN,NaN,NaN,NaN,NaN,NaN
428.51,36.02,29.41,36.00,20.00,AUTO,0,52,NaN,-2.20,53.28,1.19,52.26,NaN,NaN,NaN,NaN,NaN,NaN,NaN,NaN,NaN,NaN
429.51,36.03,29.41,36.00,20.00,AUTO,0,52,NaN,-2.20,53.28,1.19,52.26,NaN,NaN,NaN,NaN,NaN,NaN,NaN,NaN,NaN,NaN
430.51,36.03,29.41,36.00,20.00,AUTO,0,52,NaN,-2.20,53.28,1.19,52.26,NaN,NaN,NaN,NaN,NaN,NaN,NaN,NaN,NaN,NaN
431.51,36.03,29.41,36.00,20.00,AUTO,0,52,NaN,-2.20,53.28,1.19,52.26,NaN,NaN,NaN,NaN,NaN,NaN,NaN,NaN,NaN,NaN
432.51,36.02,29.41,36.00,20.00,AUTO,0,52,NaN,-2.20,53.28,1.19,52.26,NaN,NaN,NaN,NaN,NaN,NaN,NaN,NaN,NaN,NaN
433.51,36.02,29.41,36.00,20.00,AUTO,0,52,NaN,-2.20,53.28,1.19,52.26,NaN,NaN,NaN,NaN,NaN,NaN,NaN,NaN,NaN,NaN
434.52,36.03,29.41,36.00,20.00,AUTO,0,52,NaN,-2.20,53.28,1.19,52.26,NaN,NaN,NaN,NaN,NaN,NaN,NaN,NaN,NaN,NaN
435.52,36.03,29.41,36.00,20.00,AUTO,0,52,NaN,-2.20,53.28,1.19,52.26,NaN,NaN,NaN,NaN,NaN,NaN,NaN,NaN,NaN,NaN
436.52,36.01,29.41,36.00,20.00,AUTO,0,52,NaN,-1.65,53.14,0.58,52.07,NaN,NaN,NaN,NaN,NaN,NaN,NaN,NaN,NaN,NaN
437.52,36.01,29.41,36.00,20.00,AUTO,0,52,NaN,-1.65,53.14,0.58,52.07,NaN,NaN,NaN,NaN,NaN,NaN,NaN,NaN,NaN,NaN
438.52,36.01,29.45,36.00,20.00,AUTO,0,52,NaN,-1.65,53.14,0.58,52.07,NaN,NaN,NaN,NaN,NaN,NaN,NaN,NaN,NaN,NaN
439.52,36.01,29.45,36.00,20.00,AUTO,0,52,NaN,-1.65,53.14,0.58,52.07,NaN,NaN,NaN,NaN,NaN,NaN,NaN,NaN,NaN,NaN
440.53,36.01,29.45,36.00,20.00,AUTO,0,52,NaN,-1.65,53.14,0.58,52.07,NaN,NaN,NaN,NaN,NaN,NaN,NaN,NaN,NaN,NaN
441.53,36.01,29.45,36.00,20.00,AUTO,0,52,NaN,-1.65,53.14,0.58,52.07,NaN,NaN,NaN,NaN,NaN,NaN,NaN,NaN,NaN,NaN
442.53,36.01,29.45,36.00,20.00,AUTO,0,52,NaN,-1.65,53.14,0.58,52.07,NaN,NaN,NaN,NaN,NaN,NaN,NaN,NaN,NaN,NaN
443.53,36.01,29.45,36.00,20.00,AUTO,0,52,NaN,-1.65,53.14,0.58,52.07,NaN,NaN,NaN,NaN,NaN,NaN,NaN,NaN,NaN,NaN
444.53,36.02,29.45,36.00,20.00,AUTO,0,52,NaN,-1.65,53.14,0.58,52.07,NaN,NaN,NaN,NaN,NaN,NaN,NaN,NaN,NaN,NaN
445.53,36.02,29.45,36.00,20.00,AUTO,0,52,NaN,-1.65,53.14,0.58,52.07,NaN,NaN,NaN,NaN,NaN,NaN,NaN,NaN,NaN,NaN
446.53,36.02,29.45,36.00,20.00,AUTO,0,52,NaN,-1.65,53.14,0.58,52.07,NaN,NaN,NaN,NaN,NaN,NaN,NaN,NaN,NaN,NaN
447.54,36.02,29.45,36.00,20.00,AUTO,0,52,NaN,-1.65,53.14,0.58,52.07,NaN,NaN,NaN,NaN,NaN,NaN,NaN,NaN,NaN,NaN
448.54,36.01,29.45,36.00,20.00,AUTO,0,52,NaN,-1.65,53.14,0.58,52.07,NaN,NaN,NaN,NaN,NaN,NaN,NaN,NaN,NaN,NaN
449.54,36.02,29.45,36.00,20.00,AUTO,0,52,NaN,-1.65,53.14,0.58,52.07,NaN,NaN,NaN,NaN,NaN,NaN,NaN,NaN,NaN,NaN
450.54,36.01,29.45,36.00,20.00,AUTO,0,52,NaN,-1.65,53.14,0.58,52.07,NaN,NaN,NaN,NaN,NaN,NaN,NaN,NaN,NaN,NaN
451.54,36.01,29.45,36.00,20.00,AUTO,0,53,NaN,-0.83,53.06,0.46,52.70,NaN,NaN,NaN,NaN,NaN,NaN,NaN,NaN,NaN,NaN
452.54,36.01,29.45,36.00,20.00,AUTO,0,53,NaN,-0.83,53.06,0.46,52.70,NaN,NaN,NaN,NaN,NaN,NaN,NaN,NaN,NaN,NaN
453.55,36.01,29.45,36.00,20.00,AUTO,0,53,NaN,-0.83,53.06,0.46,52.70,NaN,NaN,NaN,NaN,NaN,NaN,NaN,NaN,NaN,NaN
454.55,36.01,29.45,36.00,20.00,AUTO,0,53,NaN,-0.83,53.06,0.46,52.70,NaN,NaN,NaN,NaN,NaN,NaN,NaN,NaN,NaN,NaN
455.55,36.00,29.43,36.00,20.00,AUTO,0,53,NaN,-0.83,53.06,0.46,52.70,NaN,NaN,NaN,NaN,NaN,NaN,NaN,NaN,NaN,NaN
456.55,36.00,29.48,36.00,20.00,AUTO,0,53,NaN,-0.83,53.06,0.46,52.70,NaN,NaN,NaN,NaN,NaN,NaN,NaN,NaN,NaN,NaN
457.55,36.00,29.48,36.00,20.00,AUTO,0,53,NaN,-0.83,53.06,0.46,52.70,NaN,NaN,NaN,NaN,NaN,NaN,NaN,NaN,NaN,NaN
458.56,36.00,29.47,36.00,20.00,AUTO,0,53,NaN,-0.83,53.06,0.46,52.70,NaN,NaN,NaN,NaN,NaN,NaN,NaN,NaN,NaN,NaN
459.56,36.01,29.48,36.00,20.00,AUTO,0,53,NaN,-0.83,53.06,0.46,52.70,NaN,NaN,NaN,NaN,NaN,NaN,NaN,NaN,NaN,NaN
460.56,36.01,29.48,36.00,20.00,AUTO,0,53,NaN,-0.83,53.06,0.46,52.70,NaN,NaN,NaN,NaN,NaN,NaN,NaN,NaN,NaN,NaN
461.56,36.00,29.51,36.00,20.00,AUTO,0,53,NaN,-0.83,53.06,0.46,52.70,NaN,NaN,NaN,NaN,NaN,NaN,NaN,NaN,NaN,NaN
462.56,36.00,29.51,36.00,20.00,AUTO,0,53,NaN,-0.83,53.06,0.46,52.70,NaN,NaN,NaN,NaN,NaN,NaN,NaN,NaN,NaN,NaN
463.56,35.98,29.47,36.00,20.00,AUTO,0,53,NaN,-0.83,53.06,0.46,52.70,NaN,NaN,NaN,NaN,NaN,NaN,NaN,NaN,NaN,NaN
464.56,35.95,29.43,36.00,20.00,AUTO,0,53,NaN,-0.83,53.06,0.46,52.70,NaN,NaN,NaN,NaN,NaN,NaN,NaN,NaN,NaN,NaN
465.56,35.93,29.39,36.00,20.00,AUTO,0,53,NaN,-0.83,53.06,0.46,52.70,NaN,NaN,NaN,NaN,NaN,NaN,NaN,NaN,NaN,NaN
466.57,35.90,29.39,36.00,20.00,AUTO,0,59,NaN,3.30,53.09,2.86,59.25,NaN,NaN,NaN,NaN,NaN,NaN,NaN,NaN,NaN,NaN
467.57,35.88,29.35,36.00,20.00,AUTO,0,59,NaN,3.30,53.09,2.86,59.25,NaN,NaN,NaN,NaN,NaN,NaN,NaN,NaN,NaN,NaN
468.57,35.86,29.35,36.00,20.00,AUTO,0,59,NaN,3.30,53.09,2.86,59.25,NaN,NaN,NaN,NaN,NaN,NaN,NaN,NaN,NaN,NaN
469.57,35.84,29.35,36.00,20.00,AUTO,0,59,NaN,3.30,53.09,2.86,59.25,NaN,NaN,NaN,NaN,NaN,NaN,NaN,NaN,NaN,NaN
470.57,35.81,29.33,36.00,20.00,AUTO,0,59,NaN,3.30,53.09,2.86,59.25,NaN,NaN,NaN,NaN,NaN,NaN,NaN,NaN,NaN,NaN
471.57,35.78,29.33,36.00,20.00,AUTO,0,59,NaN,3.30,53.09,2.86,59.25,NaN,NaN,NaN,NaN,NaN,NaN,NaN,NaN,NaN,NaN
472.58,35.70,29.29,36.00,20.00,AUTO,0,59,NaN,3.30,53.09,2.86,59.25,NaN,NaN,NaN,NaN,NaN,NaN,NaN,NaN,NaN,NaN
473.58,35.64,29.28,36.00,20.00,AUTO,0,59,NaN,3.30,53.09,2.86,59.25,NaN,NaN,NaN,NaN,NaN,NaN,NaN,NaN,NaN,NaN
474.58,35.59,29.28,36.00,20.00,AUTO,0,59,NaN,3.30,53.09,2.86,59.25,NaN,NaN,NaN,NaN,NaN,NaN,NaN,NaN,NaN,NaN
475.58,35.57,29.32,36.00,20.00,AUTO,0,59,NaN,3.30,53.09,2.86,59.25,NaN,NaN,NaN,NaN,NaN,NaN,NaN,NaN,NaN,NaN
476.58,35.53,29.35,36.00,20.00,AUTO,0,59,NaN,3.30,53.09,2.86,59.25,NaN,NaN,NaN,NaN,NaN,NaN,NaN,NaN,NaN,NaN
477.58,35.51,29.40,36.00,20.00,AUTO,0,59,NaN,3.30,53.09,2.86,59.25,NaN,NaN,NaN,NaN,NaN,NaN,NaN,NaN,NaN,NaN
478.58,35.49,29.48,36.00,20.00,AUTO,0,59,NaN,3.30,53.09,2.86,59.25,NaN,NaN,NaN,NaN,NaN,NaN,NaN,NaN,NaN,NaN
479.59,35.48,29.51,36.00,20.00,AUTO,0,59,NaN,3.30,53.09,2.86,59.25,NaN,NaN,NaN,NaN,NaN,NaN,NaN,NaN,NaN,NaN
480.59,35.45,29.55,36.00,20.00,AUTO,0,59,NaN,3.30,53.09,2.86,59.25,NaN,NaN,NaN,NaN,NaN,NaN,NaN,NaN,NaN,NaN
481.59,35.42,29.62,36.00,20.00,AUTO,0,100,NaN,29.43,53.09,32.56,115.08,NaN,NaN,NaN,NaN,NaN,NaN,NaN,NaN,NaN,NaN
482.59,35.40,29.62,36.00,20.00,AUTO,0,100,NaN,29.43,53.09,32.56,115.08,NaN,NaN,NaN,NaN,NaN,NaN,NaN,NaN,NaN,NaN
483.59,35.37,29.66,36.00,20.00,AUTO,0,100,NaN,29.43,53.09,32.56,115.08,NaN,NaN,NaN,NaN,NaN,NaN,NaN,NaN,NaN,NaN
484.60,35.36,29.66,36.00,20.00,AUTO,0,100,NaN,29.43,53.09,32.56,115.08,NaN,NaN,NaN,NaN,NaN,NaN,NaN,NaN,NaN,NaN
485.60,35.34,29.71,36.00,20.00,AUTO,0,100,NaN,29.43,53.09,32.56,115.08,NaN,NaN,NaN,NaN,NaN,NaN,NaN,NaN,NaN,NaN
486.60,35.33,29.74,36.00,20.00,AUTO,0,100,NaN,29.43,53.09,32.56,115.08,NaN,NaN,NaN,NaN,NaN,NaN,NaN,NaN,NaN,NaN
487.60,35.33,29.78,36.00,20.00,AUTO,0,100,NaN,29.43,53.09,32.56,115.08,NaN,NaN,NaN,NaN,NaN,NaN,NaN,NaN,NaN,NaN
488.60,35.33,29.78,36.00,20.00,AUTO,0,100,NaN,29.43,53.09,32.56,115.08,NaN,NaN,NaN,NaN,NaN,NaN,NaN,NaN,NaN,NaN
489.60,35.31,29.80,36.00,20.00,AUTO,0,100,NaN,29.43,53.09,32.56,115.08,NaN,NaN,NaN,NaN,NaN,NaN,NaN,NaN,NaN,NaN
490.61,35.30,29.80,36.00,20.00,AUTO,0,100,NaN,29.43,53.09,32.56,115.08,NaN,NaN,NaN,NaN,NaN,NaN,NaN,NaN,NaN,NaN
491.61,35.29,29.85,36.00,20.00,AUTO,0,100,NaN,29.43,53.09,32.56,115.08,NaN,NaN,NaN,NaN,NaN,NaN,NaN,NaN,NaN,NaN
492.61,35.28,29.85,36.00,20.00,AUTO,0,100,NaN,29.43,53.09,32.56,115.08,NaN,NaN,NaN,NaN,NaN,NaN,NaN,NaN,NaN,NaN
493.61,35.28,29.89,36.00,20.00,AUTO,0,100,NaN,29.43,53.09,32.56,115.08,NaN,NaN,NaN,NaN,NaN,NaN,NaN,NaN,NaN,NaN
494.61,35.28,29.89,36.00,20.00,AUTO,0,100,NaN,29.43,53.09,32.56,115.08,NaN,NaN,NaN,NaN,NaN,NaN,NaN,NaN,NaN,NaN
495.61,35.28,29.89,36.00,20.00,AUTO,0,100,NaN,29.43,53.09,32.56,115.08,NaN,NaN,NaN,NaN,NaN,NaN,NaN,NaN,NaN,NaN
496.61,35.27,29.89,36.00,20.00,AUTO,0,100,NaN,39.60,53.09,13.67,106.36,NaN,NaN,NaN,NaN,NaN,NaN,NaN,NaN,NaN,NaN
497.62,35.27,29.89,36.00,20.00,AUTO,0,100,NaN,39.60,53.09,13.67,106.36,NaN,NaN,NaN,NaN,NaN,NaN,NaN,NaN,NaN,NaN
498.62,35.29,29.89,36.00,20.00,AUTO,0,100,NaN,39.60,53.09,13.67,106.36,NaN,NaN,NaN,NaN,NaN,NaN,NaN,NaN,NaN,NaN
499.62,35.29,29.89,36.00,20.00,AUTO,0,100,NaN,39.60,53.09,13.67,106.36,NaN,NaN,NaN,NaN,NaN,NaN,NaN,NaN,NaN,NaN
500.62,35.29,29.89,36.00,20.00,AUTO,0,100,NaN,39.60,53.09,13.67,106.36,NaN,NaN,NaN,NaN,NaN,NaN,NaN,NaN,NaN,NaN
501.62,35.28,29.89,36.00,20.00,AUTO,0,100,NaN,39.60,53.09,13.67,106.36,NaN,NaN,NaN,NaN,NaN,NaN,NaN,NaN,NaN,NaN
502.62,35.29,29.93,36.00,20.00,AUTO,0,100,NaN,39.60,53.09,13.67,106.36,NaN,NaN,NaN,NaN,NaN,NaN,NaN,NaN,NaN,NaN
503.63,35.31,29.93,36.00,20.00,AUTO,0,100,NaN,39.60,53.09,13.67,106.36,NaN,NaN,NaN,NaN,NaN,NaN,NaN,NaN,NaN,NaN
504.63,35.33,29.90,36.00,20.00,AUTO,0,100,NaN,39.60,53.09,13.67,106.36,NaN,NaN,NaN,NaN,NaN,NaN,NaN,NaN,NaN,NaN
505.63,35.33,29.90,36.00,20.00,AUTO,0,100,NaN,39.60,53.09,13.67,106.36,NaN,NaN,NaN,NaN,NaN,NaN,NaN,NaN,NaN,NaN
506.63,35.33,29.90,36.00,20.00,AUTO,0,100,NaN,39.60,53.09,13.67,106.36,NaN,NaN,NaN,NaN,NaN,NaN,NaN,NaN,NaN,NaN
507.63,35.33,29.90,36.00,20.00,AUTO,0,100,NaN,39.60,53.09,13.67,106.36,NaN,NaN,NaN,NaN,NaN,NaN,NaN,NaN,NaN,NaN
508.63,35.34,29.90,36.00,20.00,AUTO,0,100,NaN,39.60,53.09,13.67,106.36,NaN,NaN,NaN,NaN,NaN,NaN,NaN,NaN,NaN,NaN
509.64,35.35,29.90,36.00,20.00,AUTO,0,100,NaN,39.60,53.09,13.67,106.36,NaN,NaN,NaN,NaN,NaN,NaN,NaN,NaN,NaN,NaN
510.63,35.36,29.87,36.00,20.00,AUTO,0,100,NaN,39.60,53.09,13.67,106.36,NaN,NaN,NaN,NaN,NaN,NaN,NaN,NaN,NaN,NaN
511.64,35.37,29.87,36.00,20.00,AUTO,0,88,NaN,35.48,57.23,-4.26,88.44,NaN,NaN,NaN,NaN,NaN,NaN,NaN,NaN,NaN,NaN
512.64,35.38,29.87,36.00,20.00,AUTO,0,88,NaN,35.48,57.23,-4.26,88.44,NaN,NaN,NaN,NaN,NaN,NaN,NaN,NaN,NaN,NaN
513.64,35.39,29.83,36.00,20.00,AUTO,0,88,NaN,35.48,57.23,-4.26,88.44,NaN,NaN,NaN,NaN,NaN,NaN,NaN,NaN,NaN,NaN
514.64,35.41,29.83,36.00,20.00,AUTO,0,88,NaN,35.48,57.23,-4.26,88.44,NaN,NaN,NaN,NaN,NaN,NaN,NaN,NaN,NaN,NaN
515.64,35.41,29.83,36.00,20.00,AUTO,0,88,NaN,35.48,57.23,-4.26,88.44,NaN,NaN,NaN,NaN,NaN,NaN,NaN,NaN,NaN,NaN
516.65,35.42,29.78,36.00,20.00,AUTO,0,88,NaN,35.48,57.23,-4.26,88.44,NaN,NaN,NaN,NaN,NaN,NaN,NaN,NaN,NaN,NaN
517.65,35.43,29.78,36.00,20.00,AUTO,0,88,NaN,35.48,57.23,-4.26,88.44,NaN,NaN,NaN,NaN,NaN,NaN,NaN,NaN,NaN,NaN
518.65,35.47,29.78,36.00,20.00,AUTO,0,88,NaN,35.48,57.23,-4.26,88.44,NaN,NaN,NaN,NaN,NaN,NaN,NaN,NaN,NaN,NaN
519.65,35.48,29.76,36.00,20.00,AUTO,0,88,NaN,35.48,57.23,-4.26,88.44,NaN,NaN,NaN,NaN,NaN,NaN,NaN,NaN,NaN,NaN
520.65,35.49,29.76,36.00,20.00,AUTO,0,88,NaN,35.48,57.23,-4.26,88.44,NaN,NaN,NaN,NaN,NaN,NaN,NaN,NaN,NaN,NaN
521.65,35.50,29.76,36.00,20.00,AUTO,0,88,NaN,35.48,57.23,-4.26,88.44,NaN,NaN,NaN,NaN,NaN,NaN,NaN,NaN,NaN,NaN
522.66,35.51,29.72,36.00,20.00,AUTO,0,88,NaN,35.48,57.23,-4.26,88.44,NaN,NaN,NaN,NaN,NaN,NaN,NaN,NaN,NaN,NaN
523.66,35.52,29.72,36.00,20.00,AUTO,0,88,NaN,35.48,57.23,-4.26,88.44,NaN,NaN,NaN,NaN,NaN,NaN,NaN,NaN,NaN,NaN
524.66,35.53,29.68,36.00,20.00,AUTO,0,88,NaN,35.48,57.23,-4.26,88.44,NaN,NaN,NaN,NaN,NaN,NaN,NaN,NaN,NaN,NaN
525.66,35.56,29.68,36.00,20.00,AUTO,0,88,NaN,35.48,57.23,-4.26,88.44,NaN,NaN,NaN,NaN,NaN,NaN,NaN,NaN,NaN,NaN
526.66,35.56,29.68,36.00,20.00,AUTO,0,73,NaN,25.02,60.48,-12.29,73.22,NaN,NaN,NaN,NaN,NaN,NaN,NaN,NaN,NaN,NaN
527.66,35.57,29.68,36.00,20.00,AUTO,0,73,NaN,25.02,60.48,-12.29,73.22,NaN,NaN,NaN,NaN,NaN,NaN,NaN,NaN,NaN,NaN
528.66,35.58,29.68,36.00,20.00,AUTO,0,73,NaN,25.02,60.48,-12.29,73.22,NaN,NaN,NaN,NaN,NaN,NaN,NaN,NaN,NaN,NaN
529.67,35.59,29.64,36.00,20.00,AUTO,0,73,NaN,25.02,60.48,-12.29,73.22,NaN,NaN,NaN,NaN,NaN,NaN,NaN,NaN,NaN,NaN
530.67,35.59,29.64,36.00,20.00,AUTO,0,73,NaN,25.02,60.48,-12.29,73.22,NaN,NaN,NaN,NaN,NaN,NaN,NaN,NaN,NaN,NaN
531.67,35.60,29.64,36.00,20.00,AUTO,0,73,NaN,25.02,60.48,-12.29,73.22,NaN,NaN,NaN,NaN,NaN,NaN,NaN,NaN,NaN,NaN
532.67,35.62,29.64,36.00,20.00,AUTO,0,73,NaN,25.02,60.48,-12.29,73.22,NaN,NaN,NaN,NaN,NaN,NaN,NaN,NaN,NaN,NaN
533.67,35.65,29.60,36.00,20.00,AUTO,0,73,NaN,25.02,60.48,-12.29,73.22,NaN,NaN,NaN,NaN,NaN,NaN,NaN,NaN,NaN,NaN
534.67,35.66,29.60,36.00,20.00,AUTO,0,73,NaN,25.02,60.48,-12.29,73.22,NaN,NaN,NaN,NaN,NaN,NaN,NaN,NaN,NaN,NaN
535.68,35.67,29.58,36.00,20.00,AUTO,0,73,NaN,25.02,60.48,-12.29,73.22,NaN,NaN,NaN,NaN,NaN,NaN,NaN,NaN,NaN,NaN
536.68,35.69,29.58,36.00,20.00,AUTO,0,73,NaN,25.02,60.48,-12.29,73.22,NaN,NaN,NaN,NaN,NaN,NaN,NaN,NaN,NaN,NaN
537.68,35.71,29.53,36.00,20.00,AUTO,0,73,NaN,25.02,60.48,-12.29,73.22,NaN,NaN,NaN,NaN,NaN,NaN,NaN,NaN,NaN,NaN
538.68,35.72,29.53,36.00,20.00,AUTO,0,73,NaN,25.02,60.48,-12.29,73.22,NaN,NaN,NaN,NaN,NaN,NaN,NaN,NaN,NaN,NaN
539.68,35.75,29.49,36.00,20.00,AUTO,0,73,NaN,25.02,60.48,-12.29,73.22,NaN,NaN,NaN,NaN,NaN,NaN,NaN,NaN,NaN,NaN
540.68,35.77,29.49,36.00,20.00,AUTO,0,73,NaN,25.02,60.48,-12.29,73.22,NaN,NaN,NaN,NaN,NaN,NaN,NaN,NaN,NaN,NaN
541.69,35.77,29.45,36.00,20.00,AUTO,0,62,NaN,13.20,62.59,-13.57,62.22,NaN,NaN,NaN,NaN,NaN,NaN,NaN,NaN,NaN,NaN
542.68,35.78,29.42,36.00,20.00,AUTO,0,62,NaN,13.20,62.59,-13.57,62.22,NaN,NaN,NaN,NaN,NaN,NaN,NaN,NaN,NaN,NaN
543.69,35.79,29.42,36.00,20.00,AUTO,0,62,NaN,13.20,62.59,-13.57,62.22,NaN,NaN,NaN,NaN,NaN,NaN,NaN,NaN,NaN,NaN
544.69,35.80,29.42,36.00,20.00,AUTO,0,62,NaN,13.20,62.59,-13.57,62.22,NaN,NaN,NaN,NaN,NaN,NaN,NaN,NaN,NaN,NaN
545.69,35.79,29.42,36.00,20.00,AUTO,0,62,NaN,13.20,62.59,-13.57,62.22,NaN,NaN,NaN,NaN,NaN,NaN,NaN,NaN,NaN,NaN
546.69,35.82,29.43,36.00,20.00,AUTO,0,62,NaN,13.20,62.59,-13.57,62.22,NaN,NaN,NaN,NaN,NaN,NaN,NaN,NaN,NaN,NaN
547.69,35.84,29.39,36.00,20.00,AUTO,0,62,NaN,13.20,62.59,-13.57,62.22,NaN,NaN,NaN,NaN,NaN,NaN,NaN,NaN,NaN,NaN
548.70,35.86,29.35,36.00,20.00,AUTO,0,62,NaN,13.20,62.59,-13.57,62.22,NaN,NaN,NaN,NaN,NaN,NaN,NaN,NaN,NaN,NaN
549.70,35.86,29.35,36.00,20.00,AUTO,0,62,NaN,13.20,62.59,-13.57,62.22,NaN,NaN,NaN,NaN,NaN,NaN,NaN,NaN,NaN,NaN
550.70,35.87,29.35,36.00,20.00,AUTO,0,62,NaN,13.20,62.59,-13.57,62.22,NaN,NaN,NaN,NaN,NaN,NaN,NaN,NaN,NaN,NaN
551.70,35.90,29.35,36.00,20.00,AUTO,0,62,NaN,13.20,62.59,-13.57,62.22,NaN,NaN,NaN,NaN,NaN,NaN,NaN,NaN,NaN,NaN
552.70,35.90,29.31,36.00,20.00,AUTO,0,62,NaN,13.20,62.59,-13.57,62.22,NaN,NaN,NaN,NaN,NaN,NaN,NaN,NaN,NaN,NaN
553.70,35.90,29.31,36.00,20.00,AUTO,0,62,NaN,13.20,62.59,-13.57,62.22,NaN,NaN,NaN,NaN,NaN,NaN,NaN,NaN,NaN,NaN
554.71,35.93,29.31,36.00,20.00,AUTO,0,62,NaN,13.20,62.59,-13.57,62.22,NaN,NaN,NaN,NaN,NaN,NaN,NaN,NaN,NaN,NaN
555.71,35.94,29.31,36.00,20.00,AUTO,0,62,NaN,13.20,62.59,-13.57,62.22,NaN,NaN,NaN,NaN,NaN,NaN,NaN,NaN,NaN,NaN
556.71,35.93,29.31,36.00,20.00,AUTO,0,55,NaN,3.58,63.49,-12.43,54.64,NaN,NaN,NaN,NaN,NaN,NaN,NaN,NaN,NaN,NaN
557.71,35.94,29.31,36.00,20.00,AUTO,0,55,NaN,3.58,63.49,-12.43,54.64,NaN,NaN,NaN,NaN,NaN,NaN,NaN,NaN,NaN,NaN
558.71,35.96,29.27,36.00,20.00,AUTO,0,55,NaN,3.58,63.49,-12.43,54.64,NaN,NaN,NaN,NaN,NaN,NaN,NaN,NaN,NaN,NaN
559.72,35.97,29.27,36.00,20.00,AUTO,0,55,NaN,3.58,63.49,-12.43,54.64,NaN,NaN,NaN,NaN,NaN,NaN,NaN,NaN,NaN,NaN
560.71,35.97,29.27,36.00,20.00,AUTO,0,55,NaN,3.58,63.49,-12.43,54.64,NaN,NaN,NaN,NaN,NaN,NaN,NaN,NaN,NaN,NaN
561.72,35.97,29.22,36.00,20.00,AUTO,0,55,NaN,3.58,63.49,-12.43,54.64,NaN,NaN,NaN,NaN,NaN,NaN,NaN,NaN,NaN,NaN
562.72,35.98,29.22,36.00,20.00,AUTO,0,55,NaN,3.58,63.49,-12.43,54.64,NaN,NaN,NaN,NaN,NaN,NaN,NaN,NaN,NaN,NaN
563.72,35.99,29.22,36.00,20.00,AUTO,0,55,NaN,3.58,63.49,-12.43,54.64,NaN,NaN,NaN,NaN,NaN,NaN,NaN,NaN,NaN,NaN
564.72,36.00,29.24,36.00,20.00,AUTO,0,55,NaN,3.58,63.49,-12.43,54.64,NaN,NaN,NaN,NaN,NaN,NaN,NaN,NaN,NaN,NaN
565.72,36.01,29.24,36.00,20.00,AUTO,0,55,NaN,3.58,63.49,-12.43,54.64,NaN,NaN,NaN,NaN,NaN,NaN,NaN,NaN,NaN,NaN
566.72,36.01,29.20,36.00,20.00,AUTO,0,55,NaN,3.58,63.49,-12.43,54.64,NaN,NaN,NaN,NaN,NaN,NaN,NaN,NaN,NaN,NaN
567.73,36.03,29.20,36.00,20.00,AUTO,0,55,NaN,3.58,63.49,-12.43,54.64,NaN,NaN,NaN,NaN,NaN,NaN,NaN,NaN,NaN,NaN
568.73,36.04,29.16,36.00,20.00,AUTO,0,55,NaN,3.58,63.49,-12.43,54.64,NaN,NaN,NaN,NaN,NaN,NaN,NaN,NaN,NaN,NaN
569.73,36.06,29.16,36.00,20.00,AUTO,0,55,NaN,3.58,63.49,-12.43,54.64,NaN,NaN,NaN,NaN,NaN,NaN,NaN,NaN,NaN,NaN
570.73,36.06,29.16,36.00,20.00,AUTO,0,55,NaN,3.58,63.49,-12.43,54.64,NaN,NaN,NaN,NaN,NaN,NaN,NaN,NaN,NaN,NaN
571.73,36.04,29.16,36.00,20.00,AUTO,0,52,NaN,-3.30,63.52,-8.46,51.76,NaN,NaN,NaN,NaN,NaN,NaN,NaN,NaN,NaN,NaN
572.73,36.07,29.16,36.00,20.00,AUTO,0,52,NaN,-3.30,63.52,-8.46,51.76,NaN,NaN,NaN,NaN,NaN,NaN,NaN,NaN,NaN,NaN
573.73,36.07,29.16,36.00,20.00,AUTO,0,52,NaN,-3.30,63.52,-8.46,51.76,NaN,NaN,NaN,NaN,NaN,NaN,NaN,NaN,NaN,NaN
574.74,36.08,29.16,36.00,20.00,AUTO,0,52,NaN,-3.30,63.52,-8.46,51.76,NaN,NaN,NaN,NaN,NaN,NaN,NaN,NaN,NaN,NaN
575.74,36.08,29.13,36.00,20.00,AUTO,0,52,NaN,-3.30,63.52,-8.46,51.76,NaN,NaN,NaN,NaN,NaN,NaN,NaN,NaN,NaN,NaN
576.74,36.08,29.13,36.00,20.00,AUTO,0,52,NaN,-3.30,63.52,-8.46,51.76,NaN,NaN,NaN,NaN,NaN,NaN,NaN,NaN,NaN,NaN
577.74,36.09,29.13,36.00,20.00,AUTO,0,52,NaN,-3.30,63.52,-8.46,51.76,NaN,NaN,NaN,NaN,NaN,NaN,NaN,NaN,NaN,NaN
578.74,36.09,29.13,36.00,20.00,AUTO,0,52,NaN,-3.30,63.52,-8.46,51.76,NaN,NaN,NaN,NaN,NaN,NaN,NaN,NaN,NaN,NaN
579.74,36.11,29.13,36.00,20.00,AUTO,0,52,NaN,-3.30,63.52,-8.46,51.76,NaN,NaN,NaN,NaN,NaN,NaN,NaN,NaN,NaN,NaN
580.75,36.12,29.08,36.00,20.00,AUTO,0,52,NaN,-3.30,63.52,-8.46,51.76,NaN,NaN,NaN,NaN,NaN,NaN,NaN,NaN,NaN,NaN
581.75,36.12,29.08,36.00,20.00,AUTO,0,52,NaN,-3.30,63.52,-8.46,51.76,NaN,NaN,NaN,NaN,NaN,NaN,NaN,NaN,NaN,NaN
582.75,36.13,29.08,36.00,20.00,AUTO,0,52,NaN,-3.30,63.52,-8.46,51.76,NaN,NaN,NaN,NaN,NaN,NaN,NaN,NaN,NaN,NaN
583.75,36.14,29.10,36.00,20.00,AUTO,0,52,NaN,-3.30,63.52,-8.46,51.76,NaN,NaN,NaN,NaN,NaN,NaN,NaN,NaN,NaN,NaN
584.75,36.13,29.08,36.00,20.00,AUTO,0,52,NaN,-3.30,63.52,-8.46,51.76,NaN,NaN,NaN,NaN,NaN,NaN,NaN,NaN,NaN,NaN
585.75,36.14,29.10,36.00,20.00,AUTO,0,52,NaN,-3.30,63.52,-8.46,51.76,NaN,NaN,NaN,NaN,NaN,NaN,NaN,NaN,NaN,NaN
586.76,36.13,29.08,36.00,20.00,AUTO,0,49,NaN,-7.43,62.92,-6.29,49.21,NaN,NaN,NaN,NaN,NaN,NaN,NaN,NaN,NaN,NaN
587.76,36.13,29.08,36.00,20.00,AUTO,0,49,NaN,-7.43,62.92,-6.29,49.21,NaN,NaN,NaN,NaN,NaN,NaN,NaN,NaN,NaN,NaN
588.76,36.13,29.08,36.00,20.00,AUTO,0,49,NaN,-7.43,62.92,-6.29,49.21,NaN,NaN,NaN,NaN,NaN,NaN,NaN,NaN,NaN,NaN
589.76,36.13,29.08,36.00,20.00,AUTO,0,49,NaN,-7.43,62.92,-6.29,49.21,NaN,NaN,NaN,NaN,NaN,NaN,NaN,NaN,NaN,NaN
590.76,36.13,29.08,36.00,20.00,AUTO,0,49,NaN,-7.43,62.92,-6.29,49.21,NaN,NaN,NaN,NaN,NaN,NaN,NaN,NaN,NaN,NaN
591.76,36.13,29.10,36.00,20.00,AUTO,0,49,NaN,-7.43,62.92,-6.29,49.21,NaN,NaN,NaN,NaN,NaN,NaN,NaN,NaN,NaN,NaN
592.76,36.13,29.10,36.00,20.00,AUTO,0,49,NaN,-7.43,62.92,-6.29,49.21,NaN,NaN,NaN,NaN,NaN,NaN,NaN,NaN,NaN,NaN
593.77,36.14,29.10,36.00,20.00,AUTO,0,49,NaN,-7.43,62.92,-6.29,49.21,NaN,NaN,NaN,NaN,NaN,NaN,NaN,NaN,NaN,NaN
594.77,36.15,29.10,36.00,20.00,AUTO,0,49,NaN,-7.43,62.92,-6.29,49.21,NaN,NaN,NaN,NaN,NaN,NaN,NaN,NaN,NaN,NaN
595.77,36.16,29.10,36.00,20.00,AUTO,0,49,NaN,-7.43,62.92,-6.29,49.21,NaN,NaN,NaN,NaN,NaN,NaN,NaN,NaN,NaN,NaN
596.77,36.17,29.06,36.00,20.00,AUTO,0,49,NaN,-7.43,62.92,-6.29,49.21,NaN,NaN,NaN,NaN,NaN,NaN,NaN,NaN,NaN,NaN
597.77,36.17,29.10,36.00,20.00,AUTO,0,49,NaN,-7.43,62.92,-6.29,49.21,NaN,NaN,NaN,NaN,NaN,NaN,NaN,NaN,NaN,NaN
598.77,36.17,29.06,36.00,20.00,AUTO,0,49,NaN,-7.43,62.92,-6.29,49.21,NaN,NaN,NaN,NaN,NaN,NaN,NaN,NaN,NaN,NaN
599.78,36.18,29.06,36.00,20.00,AUTO,0,49,NaN,-7.43,62.92,-6.29,49.21,NaN,NaN,NaN,NaN,NaN,NaN,NaN,NaN,NaN,NaN
600.78,36.18,29.06,36.00,20.00,AUTO,0,49,NaN,-7.43,62.92,-6.29,49.21,NaN,NaN,NaN,NaN,NaN,NaN,NaN,NaN,NaN,NaN
601.78,36.16,29.06,36.00,20.00,AUTO,0,49,NaN,-9.90,62.03,-2.82,49.31,NaN,NaN,NaN,NaN,NaN,NaN,NaN,NaN,NaN,NaN
602.78,36.17,29.06,36.00,20.00,AUTO,0,49,NaN,-9.90,62.03,-2.82,49.31,NaN,NaN,NaN,NaN,NaN,NaN,NaN,NaN,NaN,NaN
603.78,36.18,29.06,36.00,20.00,AUTO,0,49,NaN,-9.90,62.03,-2.82,49.31,NaN,NaN,NaN,NaN,NaN,NaN,NaN,NaN,NaN,NaN
604.79,36.17,29.06,36.00,20.00,AUTO,0,49,NaN,-9.90,62.03,-2.82,49.31,NaN,NaN,NaN,NaN,NaN,NaN,NaN,NaN,NaN,NaN
605.78,36.17,29.06,36.00,20.00,AUTO,0,49,NaN,-9.90,62.03,-2.82,49.31,NaN,NaN,NaN,NaN,NaN,NaN,NaN,NaN,NaN,NaN
606.79,36.16,29.06,36.00,20.00,AUTO,0,49,NaN,-9.90,62.03,-2.82,49.31,NaN,NaN,NaN,NaN,NaN,NaN,NaN,NaN,NaN,NaN
607.79,36.16,29.06,36.00,20.00,AUTO,0,49,NaN,-9.90,62.03,-2.82,49.31,NaN,NaN,NaN,NaN,NaN,NaN,NaN,NaN,NaN,NaN
608.79,36.17,29.10,36.00,20.00,AUTO,0,49,NaN,-9.90,62.03,-2.82,49.31,NaN,NaN,NaN,NaN,NaN,NaN,NaN,NaN,NaN,NaN
609.79,36.18,29.10,36.00,20.00,AUTO,0,49,NaN,-9.90,62.03,-2.82,49.31,NaN,NaN,NaN,NaN,NaN,NaN,NaN,NaN,NaN,NaN
610.79,36.18,29.10,36.00,20.00,AUTO,0,49,NaN,-9.90,62.03,-2.82,49.31,NaN,NaN,NaN,NaN,NaN,NaN,NaN,NaN,NaN,NaN
611.79,36.18,29.06,36.00,20.00,AUTO,0,49,NaN,-9.90,62.03,-2.82,49.31,NaN,NaN,NaN,NaN,NaN,NaN,NaN,NaN,NaN,NaN
612.80,36.19,29.06,36.00,20.00,AUTO,0,49,NaN,-9.90,62.03,-2.82,49.31,NaN,NaN,NaN,NaN,NaN,NaN,NaN,NaN,NaN,NaN
613.80,36.21,29.06,36.00,20.00,AUTO,0,49,NaN,-9.90,62.03,-2.82,49.31,NaN,NaN,NaN,NaN,NaN,NaN,NaN,NaN,NaN,NaN
614.80,36.19,29.06,36.00,20.00,AUTO,0,49,NaN,-9.90,62.03,-2.82,49.31,NaN,NaN,NaN,NaN,NaN,NaN,NaN,NaN,NaN,NaN
615.80,36.19,29.06,36.00,20.00,AUTO,0,49,NaN,-9.90,62.03,-2.82,49.31,NaN,NaN,NaN,NaN,NaN,NaN,NaN,NaN,NaN,NaN
616.81,36.18,29.06,36.00,20.00,AUTO,0,49,NaN,-10.45,60.97,-1.21,49.31,NaN,NaN,NaN,NaN,NaN,NaN,NaN,NaN,NaN,NaN
617.80,36.19,29.06,36.00,20.00,AUTO,0,49,NaN,-10.45,60.97,-1.21,49.31,NaN,NaN,NaN,NaN,NaN,NaN,NaN,NaN,NaN,NaN
618.81,36.19,29.06,36.00,20.00,AUTO,0,49,NaN,-10.45,60.97,-1.21,49.31,NaN,NaN,NaN,NaN,NaN,NaN,NaN,NaN,NaN,NaN
619.81,36.18,29.06,36.00,20.00,AUTO,0,49,NaN,-10.45,60.97,-1.21,49.31,NaN,NaN,NaN,NaN,NaN,NaN,NaN,NaN,NaN,NaN
620.81,36.18,29.10,36.00,20.00,AUTO,0,49,NaN,-10.45,60.97,-1.21,49.31,NaN,NaN,NaN,NaN,NaN,NaN,NaN,NaN,NaN,NaN
621.81,36.18,29.10,36.00,20.00,AUTO,0,49,NaN,-10.45,60.97,-1.21,49.31,NaN,NaN,NaN,NaN,NaN,NaN,NaN,NaN,NaN,NaN
622.81,36.18,29.06,36.00,20.00,AUTO,0,49,NaN,-10.45,60.97,-1.21,49.31,NaN,NaN,NaN,NaN,NaN,NaN,NaN,NaN,NaN,NaN
623.81,36.19,29.10,36.00,20.00,AUTO,0,49,NaN,-10.45,60.97,-1.21,49.31,NaN,NaN,NaN,NaN,NaN,NaN,NaN,NaN,NaN,NaN
624.82,36.21,29.10,36.00,20.00,AUTO,0,49,NaN,-10.45,60.97,-1.21,49.31,NaN,NaN,NaN,NaN,NaN,NaN,NaN,NaN,NaN,NaN
625.82,36.21,29.10,36.00,20.00,AUTO,0,49,NaN,-10.45,60.97,-1.21,49.31,NaN,NaN,NaN,NaN,NaN,NaN,NaN,NaN,NaN,NaN
626.82,36.22,29.06,36.00,20.00,AUTO,0,49,NaN,-10.45,60.97,-1.21,49.31,NaN,NaN,NaN,NaN,NaN,NaN,NaN,NaN,NaN,NaN
627.82,36.23,29.06,36.00,20.00,AUTO,0,49,NaN,-10.45,60.97,-1.21,49.31,NaN,NaN,NaN,NaN,NaN,NaN,NaN,NaN,NaN,NaN
628.82,36.23,29.10,36.00,20.00,AUTO,0,49,NaN,-10.45,60.97,-1.21,49.31,NaN,NaN,NaN,NaN,NaN,NaN,NaN,NaN,NaN,NaN
629.82,36.23,29.06,36.00,20.00,AUTO,0,49,NaN,-10.45,60.97,-1.21,49.31,NaN,NaN,NaN,NaN,NaN,NaN,NaN,NaN,NaN,NaN
630.83,36.23,29.06,36.00,20.00,AUTO,0,49,NaN,-10.45,60.97,-1.21,49.31,NaN,NaN,NaN,NaN,NaN,NaN,NaN,NaN,NaN,NaN
631.83,36.23,29.06,36.00,20.00,AUTO,0,45,NaN,-12.65,59.76,-2.40,44.71,NaN,NaN,NaN,NaN,NaN,NaN,NaN,NaN,NaN,NaN
632.83,36.23,29.06,36.00,20.00,AUTO,0,45,NaN,-12.65,59.76,-2.40,44.71,NaN,NaN,NaN,NaN,NaN,NaN,NaN,NaN,NaN,NaN
633.83,36.23,29.06,36.00,20.00,AUTO,0,45,NaN,-12.65,59.76,-2.40,44.71,NaN,NaN,NaN,NaN,NaN,NaN,NaN,NaN,NaN,NaN
634.83,36.23,29.06,36.00,20.00,AUTO,0,45,NaN,-12.65,59.76,-2.40,44.71,NaN,NaN,NaN,NaN,NaN,NaN,NaN,NaN,NaN,NaN
635.83,36.23,29.06,36.00,20.00,AUTO,0,45,NaN,-12.65,59.76,-2.40,44.71,NaN,NaN,NaN,NaN,NaN,NaN,NaN,NaN,NaN,NaN
636.84,36.22,29.06,36.00,20.00,AUTO,0,45,NaN,-12.65,59.76,-2.40,44.71,NaN,NaN,NaN,NaN,NaN,NaN,NaN,NaN,NaN,NaN
637.84,36.23,29.06,36.00,20.00,AUTO,0,45,NaN,-12.65,59.76,-2.40,44.71,NaN,NaN,NaN,NaN,NaN,NaN,NaN,NaN,NaN,NaN
638.84,36.23,29.06,36.00,20.00,AUTO,0,45,NaN,-12.65,59.76,-2.40,44.71,NaN,NaN,NaN,NaN,NaN,NaN,NaN,NaN,NaN,NaN
639.84,36.24,29.06,36.00,20.00,AUTO,0,45,NaN,-12.65,59.76,-2.40,44.71,NaN,NaN,NaN,NaN,NaN,NaN,NaN,NaN,NaN,NaN
640.84,36.25,29.06,36.00,20.00,AUTO,0,45,NaN,-12.65,59.76,-2.40,44.71,NaN,NaN,NaN,NaN,NaN,NaN,NaN,NaN,NaN,NaN
641.84,36.25,29.06,36.00,20.00,AUTO,0,45,NaN,-12.65,59.76,-2.40,44.71,NaN,NaN,NaN,NaN,NaN,NaN,NaN,NaN,NaN,NaN
642.84,36.25,29.06,36.00,20.00,AUTO,0,45,NaN,-12.65,59.76,-2.40,44.71,NaN,NaN,NaN,NaN,NaN,NaN,NaN,NaN,NaN,NaN
643.84,36.25,29.06,36.00,20.00,AUTO,0,45,NaN,-12.65,59.76,-2.40,44.71,NaN,NaN,NaN,NaN,NaN,NaN,NaN,NaN,NaN,NaN
644.85,36.25,29.06,36.00,20.00,AUTO,0,45,NaN,-12.65,59.76,-2.40,44.71,NaN,NaN,NaN,NaN,NaN,NaN,NaN,NaN,NaN,NaN
645.85,36.25,29.06,36.00,20.00,AUTO,0,45,NaN,-12.65,59.76,-2.40,44.71,NaN,NaN,NaN,NaN,NaN,NaN,NaN,NaN,NaN,NaN
646.85,36.24,29.06,36.00,20.00,AUTO,0,43,NaN,-13.75,58.33,-1.45,43.13,NaN,NaN,NaN,NaN,NaN,NaN,NaN,NaN,NaN,NaN
647.85,36.23,29.06,36.00,20.00,AUTO,0,43,NaN,-13.75,58.33,-1.45,43.13,NaN,NaN,NaN,NaN,NaN,NaN,NaN,NaN,NaN,NaN
648.85,36.23,29.06,36.00,20.00,AUTO,0,43,NaN,-13.75,58.33,-1.45,43.13,NaN,NaN,NaN,NaN,NaN,NaN,NaN,NaN,NaN,NaN
649.86,36.23,29.06,36.00,20.00,AUTO,0,43,NaN,-13.75,58.33,-1.45,43.13,NaN,NaN,NaN,NaN,NaN,NaN,NaN,NaN,NaN,NaN
650.86,36.23,29.06,36.00,20.00,AUTO,0,43,NaN,-13.75,58.33,-1.45,43.13,NaN,NaN,NaN,NaN,NaN,NaN,NaN,NaN,NaN,NaN
651.86,36.23,29.06,36.00,20.00,AUTO,0,43,NaN,-13.75,58.33,-1.45,43.13,NaN,NaN,NaN,NaN,NaN,NaN,NaN,NaN,NaN,NaN
652.86,36.23,29.10,36.00,20.00,AUTO,0,43,NaN,-13.75,58.33,-1.45,43.13,NaN,NaN,NaN,NaN,NaN,NaN,NaN,NaN,NaN,NaN
653.86,36.24,29.10,36.00,20.00,AUTO,0,43,NaN,-13.75,58.33,-1.45,43.13,NaN,NaN,NaN,NaN,NaN,NaN,NaN,NaN,NaN,NaN
654.86,36.23,29.10,36.00,20.00,AUTO,0,43,NaN,-13.75,58.33,-1.45,43.13,NaN,NaN,NaN,NaN,NaN,NaN,NaN,NaN,NaN,NaN
655.87,36.24,29.10,36.00,20.00,AUTO,0,43,NaN,-13.75,58.33,-1.45,43.13,NaN,NaN,NaN,NaN,NaN,NaN,NaN,NaN,NaN,NaN
656.87,36.24,29.10,36.00,20.00,AUTO,0,43,NaN,-13.75,58.33,-1.45,43.13,NaN,NaN,NaN,NaN,NaN,NaN,NaN,NaN,NaN,NaN
657.87,36.24,29.10,36.00,20.00,AUTO,0,43,NaN,-13.75,58.33,-1.45,43.13,NaN,NaN,NaN,NaN,NaN,NaN,NaN,NaN,NaN,NaN
658.87,36.24,29.10,36.00,20.00,AUTO,0,43,NaN,-13.75,58.33,-1.45,43.13,NaN,NaN,NaN,NaN,NaN,NaN,NaN,NaN,NaN,NaN
659.87,36.24,29.10,36.00,20.00,AUTO,0,43,NaN,-13.75,58.33,-1.45,43.13,NaN,NaN,NaN,NaN,NaN,NaN,NaN,NaN,NaN,NaN
660.87,36.23,29.10,36.00,20.00,AUTO,0,43,NaN,-13.75,58.33,-1.45,43.13,NaN,NaN,NaN,NaN,NaN,NaN,NaN,NaN,NaN,NaN
661.87,36.23,29.10,36.00,20.00,AUTO,0,45,NaN,-12.93,56.92,0.67,44.66,NaN,NaN,NaN,NaN,NaN,NaN,NaN,NaN,NaN,NaN
662.88,36.22,29.10,36.00,20.00,AUTO,0,45,NaN,-12.93,56.92,0.67,44.66,NaN,NaN,NaN,NaN,NaN,NaN,NaN,NaN,NaN,NaN
663.88,36.23,29.10,36.00,20.00,AUTO,0,45,NaN,-12.93,56.92,0.67,44.66,NaN,NaN,NaN,NaN,NaN,NaN,NaN,NaN,NaN,NaN
664.88,36.22,29.14,36.00,20.00,AUTO,0,45,NaN,-12.93,56.92,0.67,44.66,NaN,NaN,NaN,NaN,NaN,NaN,NaN,NaN,NaN,NaN
665.88,36.22,29.14,36.00,20.00,AUTO,0,45,NaN,-12.93,56.92,0.67,44.66,NaN,NaN,NaN,NaN,NaN,NaN,NaN,NaN,NaN,NaN
666.88,36.21,29.14,36.00,20.00,AUTO,0,45,NaN,-12.93,56.92,0.67,44.66,NaN,NaN,NaN,NaN,NaN,NaN,NaN,NaN,NaN,NaN
667.88,36.21,29.14,36.00,20.00,AUTO,0,45,NaN,-12.93,56.92,0.67,44.66,NaN,NaN,NaN,NaN,NaN,NaN,NaN,NaN,NaN,NaN
668.89,36.22,29.14,36.00,20.00,AUTO,0,45,NaN,-12.93,56.92,0.67,44.66,NaN,NaN,NaN,NaN,NaN,NaN,NaN,NaN,NaN,NaN
669.89,36.22,29.14,36.00,20.00,AUTO,0,45,NaN,-12.93,56.92,0.67,44.66,NaN,NaN,NaN,NaN,NaN,NaN,NaN,NaN,NaN,NaN
670.89,36.22,29.14,36.00,20.00,AUTO,0,45,NaN,-12.93,56.92,0.67,44.66,NaN,NaN,NaN,NaN,NaN,NaN,NaN,NaN,NaN,NaN
671.89,36.21,29.18,36.00,20.00,AUTO,0,45,NaN,-12.93,56.92,0.67,44.66,NaN,NaN,NaN,NaN,NaN,NaN,NaN,NaN,NaN,NaN
672.89,36.21,29.18,36.00,20.00,AUTO,0,45,NaN,-12.93,56.92,0.67,44.66,NaN,NaN,NaN,NaN,NaN,NaN,NaN,NaN,NaN,NaN
673.89,36.21,29.18,36.00,20.00,AUTO,0,45,NaN,-12.93,56.92,0.67,44.66,NaN,NaN,NaN,NaN,NaN,NaN,NaN,NaN,NaN,NaN
674.89,36.21,29.18,36.00,20.00,AUTO,0,45,NaN,-12.93,56.92,0.67,44.66,NaN,NaN,NaN,NaN,NaN,NaN,NaN,NaN,NaN,NaN
675.89,36.21,29.18,36.00,20.00,AUTO,0,45,NaN,-12.93,56.92,0.67,44.66,NaN,NaN,NaN,NaN,NaN,NaN,NaN,NaN,NaN,NaN
676.90,36.18,29.18,36.00,20.00,AUTO,0,46,NaN,-11.55,55.62,1.74,45.81,NaN,NaN,NaN,NaN,NaN,NaN,NaN,NaN,NaN,NaN
677.90,36.19,29.18,36.00,20.00,AUTO,0,46,NaN,-11.55,55.62,1.74,45.81,NaN,NaN,NaN,NaN,NaN,NaN,NaN,NaN,NaN,NaN
678.90,36.18,29.18,36.00,20.00,AUTO,0,46,NaN,-11.55,55.62,1.74,45.81,NaN,NaN,NaN,NaN,NaN,NaN,NaN,NaN,NaN,NaN
679.90,36.18,29.18,36.00,20.00,AUTO,0,46,NaN,-11.55,55.62,1.74,45.81,NaN,NaN,NaN,NaN,NaN,NaN,NaN,NaN,NaN,NaN
680.90,36.18,29.18,36.00,20.00,AUTO,0,46,NaN,-11.55,55.62,1.74,45.81,NaN,NaN,NaN,NaN,NaN,NaN,NaN,NaN,NaN,NaN
681.91,36.17,29.22,36.00,20.00,AUTO,0,46,NaN,-11.55,55.62,1.74,45.81,NaN,NaN,NaN,NaN,NaN,NaN,NaN,NaN,NaN,NaN
682.91,36.17,29.22,36.00,20.00,AUTO,0,46,NaN,-11.55,55.62,1.74,45.81,NaN,NaN,NaN,NaN,NaN,NaN,NaN,NaN,NaN,NaN
683.91,36.18,29.22,36.00,20.00,AUTO,0,46,NaN,-11.55,55.62,1.74,45.81,NaN,NaN,NaN,NaN,NaN,NaN,NaN,NaN,NaN,NaN
684.91,36.18,29.22,36.00,20.00,AUTO,0,46,NaN,-11.55,55.62,1.74,45.81,NaN,NaN,NaN,NaN,NaN,NaN,NaN,NaN,NaN,NaN
685.91,36.18,29.22,36.00,20.00,AUTO,0,46,NaN,-11.55,55.62,1.74,45.81,NaN,NaN,NaN,NaN,NaN,NaN,NaN,NaN,NaN,NaN
686.91,36.18,29.22,36.00,20.00,AUTO,0,46,NaN,-11.55,55.62,1.74,45.81,NaN,NaN,NaN,NaN,NaN,NaN,NaN,NaN,NaN,NaN
687.91,36.18,29.22,36.00,20.00,AUTO,0,46,NaN,-11.55,55.62,1.74,45.81,NaN,NaN,NaN,NaN,NaN,NaN,NaN,NaN,NaN,NaN
688.91,36.17,29.26,36.00,20.00,AUTO,0,46,NaN,-11.55,55.62,1.74,45.81,NaN,NaN,NaN,NaN,NaN,NaN,NaN,NaN,NaN,NaN
689.92,36.18,29.26,36.00,20.00,AUTO,0,46,NaN,-11.55,55.62,1.74,45.81,NaN,NaN,NaN,NaN,NaN,NaN,NaN,NaN,NaN,NaN
690.92,36.18,29.26,36.00,20.00,AUTO,0,46,NaN,-11.55,55.62,1.74,45.81,NaN,NaN,NaN,NaN,NaN,NaN,NaN,NaN,NaN,NaN
691.93,36.16,29.26,36.00,20.00,AUTO,0,47,NaN,-9.90,54.55,1.89,46.54,NaN,NaN,NaN,NaN,NaN,NaN,NaN,NaN,NaN,NaN
692.92,36.16,29.26,36.00,20.00,AUTO,0,47,NaN,-9.90,54.55,1.89,46.54,NaN,NaN,NaN,NaN,NaN,NaN,NaN,NaN,NaN,NaN
693.92,36.16,29.26,36.00,20.00,AUTO,0,47,NaN,-9.90,54.55,1.89,46.54,NaN,NaN,NaN,NaN,NaN,NaN,NaN,NaN,NaN,NaN
694.93,36.16,29.26,36.00,20.00,AUTO,0,47,NaN,-9.90,54.55,1.89,46.54,NaN,NaN,NaN,NaN,NaN,NaN,NaN,NaN,NaN,NaN
695.93,36.16,29.26,36.00,20.00,AUTO,0,47,NaN,-9.90,54.55,1.89,46.54,NaN,NaN,NaN,NaN,NaN,NaN,NaN,NaN,NaN,NaN
696.93,36.15,29.26,36.00,20.00,AUTO,0,47,NaN,-9.90,54.55,1.89,46.54,NaN,NaN,NaN,NaN,NaN,NaN,NaN,NaN,NaN,NaN
697.93,36.15,29.26,36.00,20.00,AUTO,0,47,NaN,-9.90,54.55,1.89,46.54,NaN,NaN,NaN,NaN,NaN,NaN,NaN,NaN,NaN,NaN
698.93,36.16,29.26,36.00,20.00,AUTO,0,47,NaN,-9.90,54.55,1.89,46.54,NaN,NaN,NaN,NaN,NaN,NaN,NaN,NaN,NaN,NaN
699.93,36.16,29.26,36.00,20.00,AUTO,0,47,NaN,-9.90,54.55,1.89,46.54,NaN,NaN,NaN,NaN,NaN,NaN,NaN,NaN,NaN,NaN
700.94,36.16,29.30,36.00,20.00,AUTO,0,47,NaN,-9.90,54.55,1.89,46.54,NaN,NaN,NaN,NaN,NaN,NaN,NaN,NaN,NaN,NaN
701.94,36.16,29.30,36.00,20.00,AUTO,0,47,NaN,-9.90,54.55,1.89,46.54,NaN,NaN,NaN,NaN,NaN,NaN,NaN,NaN,NaN,NaN
702.94,36.16,29.30,36.00,20.00,AUTO,0,47,NaN,-9.90,54.55,1.89,46.54,NaN,NaN,NaN,NaN,NaN,NaN,NaN,NaN,NaN,NaN
703.94,36.16,29.30,36.00,20.00,AUTO,0,47,NaN,-9.90,54.55,1.89,46.54,NaN,NaN,NaN,NaN,NaN,NaN,NaN,NaN,NaN,NaN
704.94,36.15,29.30,36.00,20.00,AUTO,0,47,NaN,-9.90,54.55,1.89,46.54,NaN,NaN,NaN,NaN,NaN,NaN,NaN,NaN,NaN,NaN
705.94,36.15,29.30,36.00,20.00,AUTO,0,47,NaN,-9.90,54.55,1.89,46.54,NaN,NaN,NaN,NaN,NaN,NaN,NaN,NaN,NaN,NaN
706.94,36.14,29.30,36.00,20.00,AUTO,0,47,NaN,-8.25,53.60,1.32,46.67,NaN,NaN,NaN,NaN,NaN,NaN,NaN,NaN,NaN,NaN
707.95,36.14,29.34,36.00,20.00,AUTO,0,47,NaN,-8.25,53.60,1.32,46.67,NaN,NaN,NaN,NaN,NaN,NaN,NaN,NaN,NaN,NaN
708.95,36.13,29.34,36.00,20.00,AUTO,0,47,NaN,-8.25,53.60,1.32,46.67,NaN,NaN,NaN,NaN,NaN,NaN,NaN,NaN,NaN,NaN
709.95,36.14,29.34,36.00,20.00,AUTO,0,47,NaN,-8.25,53.60,1.32,46.67,NaN,NaN,NaN,NaN,NaN,NaN,NaN,NaN,NaN,NaN
710.95,36.13,29.32,36.00,20.00,AUTO,0,47,NaN,-8.25,53.60,1.32,46.67,NaN,NaN,NaN,NaN,NaN,NaN,NaN,NaN,NaN,NaN
711.95,36.13,29.32,36.00,20.00,AUTO,0,47,NaN,-8.25,53.60,1.32,46.67,NaN,NaN,NaN,NaN,NaN,NaN,NaN,NaN,NaN,NaN
712.96,36.13,29.34,36.00,20.00,AUTO,0,47,NaN,-8.25,53.60,1.32,46.67,NaN,NaN,NaN,NaN,NaN,NaN,NaN,NaN,NaN,NaN
713.96,36.14,29.34,36.00,20.00,AUTO,0,47,NaN,-8.25,53.60,1.32,46.67,NaN,NaN,NaN,NaN,NaN,NaN,NaN,NaN,NaN,NaN
714.96,36.14,29.34,36.00,20.00,AUTO,0,47,NaN,-8.25,53.60,1.32,46.67,NaN,NaN,NaN,NaN,NaN,NaN,NaN,NaN,NaN,NaN
715.96,36.14,29.34,36.00,20.00,AUTO,0,47,NaN,-8.25,53.60,1.32,46.67,NaN,NaN,NaN,NaN,NaN,NaN,NaN,NaN,NaN,NaN
716.96,36.15,29.34,36.00,20.00,AUTO,0,47,NaN,-8.25,53.60,1.32,46.67,NaN,NaN,NaN,NaN,NaN,NaN,NaN,NaN,NaN,NaN
717.96,36.15,29.34,36.00,20.00,AUTO,0,47,NaN,-8.25,53.60,1.32,46.67,NaN,NaN,NaN,NaN,NaN,NaN,NaN,NaN,NaN,NaN
718.96,36.15,29.34,36.00,20.00,AUTO,0,47,NaN,-8.25,53.60,1.32,46.67,NaN,NaN,NaN,NaN,NaN,NaN,NaN,NaN,NaN,NaN
719.97,36.15,29.34,36.00,20.00,AUTO,0,47,NaN,-8.25,53.60,1.32,46.67,NaN,NaN,NaN,NaN,NaN,NaN,NaN,NaN,NaN,NaN
720.96,36.15,29.34,36.00,20.00,AUTO,0,47,NaN,-8.25,53.60,1.32,46.67,NaN,NaN,NaN,NaN,NaN,NaN,NaN,NaN,NaN,NaN
721.97,36.13,29.34,36.00,20.00,AUTO,0,45,NaN,-8.25,52.76,0.37,44.88,NaN,NaN,NaN,NaN,NaN,NaN,NaN,NaN,NaN,NaN
722.97,36.13,29.32,36.00,20.00,AUTO,0,45,NaN,-8.25,52.76,0.37,44.88,NaN,NaN,NaN,NaN,NaN,NaN,NaN,NaN,NaN,NaN
723.97,36.13,29.32,36.00,20.00,AUTO,0,45,NaN,-8.25,52.76,0.37,44.88,NaN,NaN,NaN,NaN,NaN,NaN,NaN,NaN,NaN,NaN
724.97,36.13,29.32,36.00,20.00,AUTO,0,45,NaN,-8.25,52.76,0.37,44.88,NaN,NaN,NaN,NaN,NaN,NaN,NaN,NaN,NaN,NaN
725.97,36.13,29.32,36.00,20.00,AUTO,0,45,NaN,-8.25,52.76,0.37,44.88,NaN,NaN,NaN,NaN,NaN,NaN,NaN,NaN,NaN,NaN
726.98,36.13,29.32,36.00,20.00,AUTO,0,45,NaN,-8.25,52.76,0.37,44.88,NaN,NaN,NaN,NaN,NaN,NaN,NaN,NaN,NaN,NaN
727.98,36.13,29.32,36.00,20.00,AUTO,0,45,NaN,-8.25,52.76,0.37,44.88,NaN,NaN,NaN,NaN,NaN,NaN,NaN,NaN,NaN,NaN
728.98,36.13,29.32,36.00,20.00,AUTO,0,45,NaN,-8.25,52.76,0.37,44.88,NaN,NaN,NaN,NaN,NaN,NaN,NaN,NaN,NaN,NaN
729.98,36.13,29.32,36.00,20.00,AUTO,0,45,NaN,-8.25,52.76,0.37,44.88,NaN,NaN,NaN,NaN,NaN,NaN,NaN,NaN,NaN,NaN
730.98,36.13,29.34,36.00,20.00,AUTO,0,45,NaN,-8.25,52.76,0.37,44.88,NaN,NaN,NaN,NaN,NaN,NaN,NaN,NaN,NaN,NaN
731.98,36.14,29.34,36.00,20.00,AUTO,0,45,NaN,-8.25,52.76,0.37,44.88,NaN,NaN,NaN,NaN,NaN,NaN,NaN,NaN,NaN,NaN
732.99,36.14,29.34,36.00,20.00,AUTO,0,45,NaN,-8.25,52.76,0.37,44.88,NaN,NaN,NaN,NaN,NaN,NaN,NaN,NaN,NaN,NaN
733.99,36.14,29.34,36.00,20.00,AUTO,0,45,NaN,-8.25,52.76,0.37,44.88,NaN,NaN,NaN,NaN,NaN,NaN,NaN,NaN,NaN,NaN
734.99,36.14,29.34,36.00,20.00,AUTO,0,45,NaN,-8.25,52.76,0.37,44.88,NaN,NaN,NaN,NaN,NaN,NaN,NaN,NaN,NaN,NaN
735.99,36.14,29.34,36.00,20.00,AUTO,0,45,NaN,-8.25,52.76,0.37,44.88,NaN,NaN,NaN,NaN,NaN,NaN,NaN,NaN,NaN,NaN
736.99,36.13,29.34,36.00,20.00,AUTO,0,45,NaN,-7.70,51.96,0.57,44.83,NaN,NaN,NaN,NaN,NaN,NaN,NaN,NaN,NaN,NaN
737.99,36.13,29.32,36.00,20.00,AUTO,0,45,NaN,-7.70,51.96,0.57,44.83,NaN,NaN,NaN,NaN,NaN,NaN,NaN,NaN,NaN,NaN
738.99,36.13,29.32,36.00,20.00,AUTO,0,45,NaN,-7.70,51.96,0.57,44.83,NaN,NaN,NaN,NaN,NaN,NaN,NaN,NaN,NaN,NaN
740.00,36.13,29.32,36.00,20.00,AUTO,0,45,NaN,-7.70,51.96,0.57,44.83,NaN,NaN,NaN,NaN,NaN,NaN,NaN,NaN,NaN,NaN
741.00,36.13,29.39,36.00,20.00,AUTO,0,45,NaN,-7.70,51.96,0.57,44.83,NaN,NaN,NaN,NaN,NaN,NaN,NaN,NaN,NaN,NaN
742.00,36.13,29.36,36.00,20.00,AUTO,0,45,NaN,-7.70,51.96,0.57,44.83,NaN,NaN,NaN,NaN,NaN,NaN,NaN,NaN,NaN,NaN
743.00,36.13,29.36,36.00,20.00,AUTO,0,45,NaN,-7.70,51.96,0.57,44.83,NaN,NaN,NaN,NaN,NaN,NaN,NaN,NaN,NaN,NaN
744.00,36.14,29.39,36.00,20.00,AUTO,0,45,NaN,-7.70,51.96,0.57,44.83,NaN,NaN,NaN,NaN,NaN,NaN,NaN,NaN,NaN,NaN
745.01,36.14,29.36,36.00,20.00,AUTO,0,45,NaN,-7.70,51.96,0.57,44.83,NaN,NaN,NaN,NaN,NaN,NaN,NaN,NaN,NaN,NaN
746.01,36.14,29.36,36.00,20.00,AUTO,0,45,NaN,-7.70,51.96,0.57,44.83,NaN,NaN,NaN,NaN,NaN,NaN,NaN,NaN,NaN,NaN
747.01,36.14,29.39,36.00,20.00,AUTO,0,45,NaN,-7.70,51.96,0.57,44.83,NaN,NaN,NaN,NaN,NaN,NaN,NaN,NaN,NaN,NaN
748.01,36.14,29.39,36.00,20.00,AUTO,0,45,NaN,-7.70,51.96,0.57,44.83,NaN,NaN,NaN,NaN,NaN,NaN,NaN,NaN,NaN,NaN
749.01,36.14,29.39,36.00,20.00,AUTO,0,45,NaN,-7.70,51.96,0.57,44.83,NaN,NaN,NaN,NaN,NaN,NaN,NaN,NaN,NaN,NaN
750.01,36.14,29.39,36.00,20.00,AUTO,0,45,NaN,-7.70,51.96,0.57,44.83,NaN,NaN,NaN,NaN,NaN,NaN,NaN,NaN,NaN,NaN
751.01,36.14,29.39,36.00,20.00,AUTO,0,45,NaN,-7.70,51.96,0.57,44.83,NaN,NaN,NaN,NaN,NaN,NaN,NaN,NaN,NaN,NaN
752.02,36.13,29.36,36.00,20.00,AUTO,0,43,NaN,-7.70,51.15,-0.16,43.29,NaN,NaN,NaN,NaN,NaN,NaN,NaN,NaN,NaN,NaN
753.01,36.13,29.36,36.00,20.00,AUTO,0,43,NaN,-7.70,51.15,-0.16,43.29,NaN,NaN,NaN,NaN,NaN,NaN,NaN,NaN,NaN,NaN
754.02,36.12,29.36,36.00,20.00,AUTO,0,43,NaN,-7.70,51.15,-0.16,43.29,NaN,NaN,NaN,NaN,NaN,NaN,NaN,NaN,NaN,NaN
755.02,36.12,29.36,36.00,20.00,AUTO,0,43,NaN,-7.70,51.15,-0.16,43.29,NaN,NaN,NaN,NaN,NaN,NaN,NaN,NaN,NaN,NaN
756.02,36.12,29.36,36.00,20.00,AUTO,0,43,NaN,-7.70,51.15,-0.16,43.29,NaN,NaN,NaN,NaN,NaN,NaN,NaN,NaN,NaN,NaN
757.02,36.12,29.41,36.00,20.00,AUTO,0,43,NaN,-7.70,51.15,-0.16,43.29,NaN,NaN,NaN,NaN,NaN,NaN,NaN,NaN,NaN,NaN
758.02,36.12,29.41,36.00,20.00,AUTO,0,43,NaN,-7.70,51.15,-0.16,43.29,NaN,NaN,NaN,NaN,NaN,NaN,NaN,NaN,NaN,NaN
759.03,36.13,29.41,36.00,20.00,AUTO,0,43,NaN,-7.70,51.15,-0.16,43.29,NaN,NaN,NaN,NaN,NaN,NaN,NaN,NaN,NaN,NaN
760.03,36.13,29.41,36.00,20.00,AUTO,0,43,NaN,-7.70,51.15,-0.16,43.29,NaN,NaN,NaN,NaN,NaN,NaN,NaN,NaN,NaN,NaN
761.03,36.12,29.41,36.00,20.00,AUTO,0,43,NaN,-7.70,51.15,-0.16,43.29,NaN,NaN,NaN,NaN,NaN,NaN,NaN,NaN,NaN,NaN
762.03,36.12,29.41,36.00,20.00,AUTO,0,43,NaN,-7.70,51.15,-0.16,43.29,NaN,NaN,NaN,NaN,NaN,NaN,NaN,NaN,NaN,NaN
763.03,36.12,29.45,36.00,20.00,AUTO,0,43,NaN,-7.70,51.15,-0.16,43.29,NaN,NaN,NaN,NaN,NaN,NaN,NaN,NaN,NaN,NaN
764.04,36.12,29.45,36.00,20.00,AUTO,0,43,NaN,-7.70,51.15,-0.16,43.29,NaN,NaN,NaN,NaN,NaN,NaN,NaN,NaN,NaN,NaN
765.04,36.12,29.45,36.00,20.00,AUTO,0,43,NaN,-7.70,51.15,-0.16,43.29,NaN,NaN,NaN,NaN,NaN,NaN,NaN,NaN,NaN,NaN
766.04,36.12,29.45,36.00,20.00,AUTO,0,43,NaN,-7.70,51.15,-0.16,43.29,NaN,NaN,NaN,NaN,NaN,NaN,NaN,NaN,NaN,NaN
767.04,36.11,29.45,36.00,20.00,AUTO,0,45,NaN,-6.60,50.41,1.16,44.97,NaN,NaN,NaN,NaN,NaN,NaN,NaN,NaN,NaN,NaN
768.04,36.11,29.45,36.00,20.00,AUTO,0,45,NaN,-6.60,50.41,1.16,44.97,NaN,NaN,NaN,NaN,NaN,NaN,NaN,NaN,NaN,NaN
769.04,36.10,29.45,36.00,20.00,AUTO,0,45,NaN,-6.60,50.41,1.16,44.97,NaN,NaN,NaN,NaN,NaN,NaN,NaN,NaN,NaN,NaN
770.05,36.10,29.45,36.00,20.00,AUTO,0,45,NaN,-6.60,50.41,1.16,44.97,NaN,NaN,NaN,NaN,NaN,NaN,NaN,NaN,NaN,NaN
771.04,36.10,29.45,36.00,20.00,AUTO,0,45,NaN,-6.60,50.41,1.16,44.97,NaN,NaN,NaN,NaN,NaN,NaN,NaN,NaN,NaN,NaN
772.05,36.09,29.45,36.00,20.00,AUTO,0,45,NaN,-6.60,50.41,1.16,44.97,NaN,NaN,NaN,NaN,NaN,NaN,NaN,NaN,NaN,NaN
773.05,36.09,29.45,36.00,20.00,AUTO,0,45,NaN,-6.60,50.41,1.16,44.97,NaN,NaN,NaN,NaN,NaN,NaN,NaN,NaN,NaN,NaN
774.05,36.10,29.45,36.00,20.00,AUTO,0,45,NaN,-6.60,50.41,1.16,44.97,NaN,NaN,NaN,NaN,NaN,NaN,NaN,NaN,NaN,NaN
775.05,36.10,29.45,36.00,20.00,AUTO,0,45,NaN,-6.60,50.41,1.16,44.97,NaN,NaN,NaN,NaN,NaN,NaN,NaN,NaN,NaN,NaN
776.05,36.10,29.45,36.00,20.00,AUTO,0,45,NaN,-6.60,50.41,1.16,44.97,NaN,NaN,NaN,NaN,NaN,NaN,NaN,NaN,NaN,NaN
777.06,36.10,29.45,36.00,20.00,AUTO,0,45,NaN,-6.60,50.41,1.16,44.97,NaN,NaN,NaN,NaN,NaN,NaN,NaN,NaN,NaN,NaN
778.06,36.10,29.48,36.00,20.00,AUTO,0,45,NaN,-6.60,50.41,1.16,44.97,NaN,NaN,NaN,NaN,NaN,NaN,NaN,NaN,NaN,NaN
779.06,36.10,29.48,36.00,20.00,AUTO,0,45,NaN,-6.60,50.41,1.16,44.97,NaN,NaN,NaN,NaN,NaN,NaN,NaN,NaN,NaN,NaN
780.06,36.10,29.48,36.00,20.00,AUTO,0,45,NaN,-6.60,50.41,1.16,44.97,NaN,NaN,NaN,NaN,NaN,NaN,NaN,NaN,NaN,NaN
781.06,36.09,29.48,36.00,20.00,AUTO,0,45,NaN,-6.60,50.41,1.16,44.97,NaN,NaN,NaN,NaN,NaN,NaN,NaN,NaN,NaN,NaN
782.07,36.08,29.48,36.00,20.00,AUTO,0,46,NaN,-5.23,49.82,1.42,46.01,NaN,NaN,NaN,NaN,NaN,NaN,NaN,NaN,NaN,NaN
783.07,36.08,29.48,36.00,20.00,AUTO,0,46,NaN,-5.23,49.82,1.42,46.01,NaN,NaN,NaN,NaN,NaN,NaN,NaN,NaN,NaN,NaN
784.07,36.07,29.53,36.00,20.00,AUTO,0,46,NaN,-5.23,49.82,1.42,46.01,NaN,NaN,NaN,NaN,NaN,NaN,NaN,NaN,NaN,NaN
785.07,36.08,29.53,36.00,20.00,AUTO,0,46,NaN,-5.23,49.82,1.42,46.01,NaN,NaN,NaN,NaN,NaN,NaN,NaN,NaN,NaN,NaN
786.07,36.07,29.53,36.00,20.00,AUTO,0,46,NaN,-5.23,49.82,1.42,46.01,NaN,NaN,NaN,NaN,NaN,NaN,NaN,NaN,NaN,NaN
787.07,36.07,29.53,36.00,20.00,AUTO,0,46,NaN,-5.23,49.82,1.42,46.01,NaN,NaN,NaN,NaN,NaN,NaN,NaN,NaN,NaN,NaN
788.07,36.07,29.53,36.00,20.00,AUTO,0,46,NaN,-5.23,49.82,1.42,46.01,NaN,NaN,NaN,NaN,NaN,NaN,NaN,NaN,NaN,NaN
789.07,36.08,29.53,36.00,20.00,AUTO,0,46,NaN,-5.23,49.82,1.42,46.01,NaN,NaN,NaN,NaN,NaN,NaN,NaN,NaN,NaN,NaN
790.07,36.08,29.53,36.00,20.00,AUTO,0,46,NaN,-5.23,49.82,1.42,46.01,NaN,NaN,NaN,NaN,NaN,NaN,NaN,NaN,NaN,NaN
791.08,36.08,29.53,36.00,20.00,AUTO,0,46,NaN,-5.23,49.82,1.42,46.01,NaN,NaN,NaN,NaN,NaN,NaN,NaN,NaN,NaN,NaN
792.08,36.08,29.53,36.00,20.00,AUTO,0,46,NaN,-5.23,49.82,1.42,46.01,NaN,NaN,NaN,NaN,NaN,NaN,NaN,NaN,NaN,NaN
793.08,36.08,29.53,36.00,20.00,AUTO,0,46,NaN,-5.23,49.82,1.42,46.01,NaN,NaN,NaN,NaN,NaN,NaN,NaN,NaN,NaN,NaN
794.08,36.08,29.53,36.00,20.00,AUTO,0,46,NaN,-5.23,49.82,1.42,46.01,NaN,NaN,NaN,NaN,NaN,NaN,NaN,NaN,NaN,NaN
795.08,36.08,29.53,36.00,20.00,AUTO,0,46,NaN,-5.23,49.82,1.42,46.01,NaN,NaN,NaN,NaN,NaN,NaN,NaN,NaN,NaN,NaN
796.09,36.07,29.53,36.00,20.00,AUTO,0,46,NaN,-5.23,49.82,1.42,46.01,NaN,NaN,NaN,NaN,NaN,NaN,NaN,NaN,NaN,NaN
797.09,36.06,29.53,36.00,20.00,AUTO,0,46,NaN,-4.13,49.36,1.17,46.40,NaN,NaN,NaN,NaN,NaN,NaN,NaN,NaN,NaN,NaN
798.09,36.06,29.53,36.00,20.00,AUTO,0,46,NaN,-4.13,49.36,1.17,46.40,NaN,NaN,NaN,NaN,NaN,NaN,NaN,NaN,NaN,NaN
799.09,36.06,29.57,36.00,20.00,AUTO,0,46,NaN,-4.13,49.36,1.17,46.40,NaN,NaN,NaN,NaN,NaN,NaN,NaN,NaN,NaN,NaN
800.09,36.06,29.57,36.00,20.00,AUTO,0,46,NaN,-4.13,49.36,1.17,46.40,NaN,NaN,NaN,NaN,NaN,NaN,NaN,NaN,NaN,NaN
801.09,36.04,29.57,36.00,20.00,AUTO,0,46,NaN,-4.13,49.36,1.17,46.40,NaN,NaN,NaN,NaN,NaN,NaN,NaN,NaN,NaN,NaN
802.09,36.04,29.57,36.00,20.00,AUTO,0,46,NaN,-4.13,49.36,1.17,46.40,NaN,NaN,NaN,NaN,NaN,NaN,NaN,NaN,NaN,NaN
803.09,36.04,29.57,36.00,20.00,AUTO,0,46,NaN,-4.13,49.36,1.17,46.40,NaN,NaN,NaN,NaN,NaN,NaN,NaN,NaN,NaN,NaN
804.10,36.06,29.57,36.00,20.00,AUTO,0,46,NaN,-4.13,49.36,1.17,46.40,NaN,NaN,NaN,NaN,NaN,NaN,NaN,NaN,NaN,NaN
805.10,36.06,29.57,36.00,20.00,AUTO,0,46,NaN,-4.13,49.36,1.17,46.40,NaN,NaN,NaN,NaN,NaN,NaN,NaN,NaN,NaN,NaN
806.10,36.06,29.57,36.00,20.00,AUTO,0,46,NaN,-4.13,49.36,1.17,46.40,NaN,NaN,NaN,NaN,NaN,NaN,NaN,NaN,NaN,NaN
807.10,36.07,29.61,36.00,20.00,AUTO,0,46,NaN,-4.13,49.36,1.17,46.40,NaN,NaN,NaN,NaN,NaN,NaN,NaN,NaN,NaN,NaN
808.10,36.06,29.61,36.00,20.00,AUTO,0,46,NaN,-4.13,49.36,1.17,46.40,NaN,NaN,NaN,NaN,NaN,NaN,NaN,NaN,NaN,NaN
809.11,36.06,29.61,36.00,20.00,AUTO,0,46,NaN,-4.13,49.36,1.17,46.40,NaN,NaN,NaN,NaN,NaN,NaN,NaN,NaN,NaN,NaN
810.11,36.06,29.61,36.00,20.00,AUTO,0,46,NaN,-4.13,49.36,1.17,46.40,NaN,NaN,NaN,NaN,NaN,NaN,NaN,NaN,NaN,NaN
811.11,36.06,29.61,36.00,20.00,AUTO,0,46,NaN,-4.13,49.36,1.17,46.40,NaN,NaN,NaN,NaN,NaN,NaN,NaN,NaN,NaN,NaN
812.11,36.04,29.61,36.00,20.00,AUTO,0,47,NaN,-3.30,49.02,1.01,46.72,NaN,NaN,NaN,NaN,NaN,NaN,NaN,NaN,NaN,NaN
813.11,36.04,29.61,36.00,20.00,AUTO,0,47,NaN,-3.30,49.02,1.01,46.72,NaN,NaN,NaN,NaN,NaN,NaN,NaN,NaN,NaN,NaN
814.11,36.03,29.61,36.00,20.00,AUTO,0,47,NaN,-3.30,49.02,1.01,46.72,NaN,NaN,NaN,NaN,NaN,NaN,NaN,NaN,NaN,NaN
815.12,36.03,29.61,36.00,20.00,AUTO,0,47,NaN,-3.30,49.02,1.01,46.72,NaN,NaN,NaN,NaN,NaN,NaN,NaN,NaN,NaN,NaN
816.11,36.03,29.61,36.00,20.00,AUTO,0,47,NaN,-3.30,49.02,1.01,46.72,NaN,NaN,NaN,NaN,NaN,NaN,NaN,NaN,NaN,NaN
817.12,36.03,29.61,36.00,20.00,AUTO,0,47,NaN,-3.30,49.02,1.01,46.72,NaN,NaN,NaN,NaN,NaN,NaN,NaN,NaN,NaN,NaN
818.12,36.03,29.61,36.00,20.00,AUTO,0,47,NaN,-3.30,49.02,1.01,46.72,NaN,NaN,NaN,NaN,NaN,NaN,NaN,NaN,NaN,NaN
819.12,36.03,29.61,36.00,20.00,AUTO,0,47,NaN,-3.30,49.02,1.01,46.72,NaN,NaN,NaN,NaN,NaN,NaN,NaN,NaN,NaN,NaN
820.12,36.04,29.61,36.00,20.00,AUTO,0,47,NaN,-3.30,49.02,1.01,46.72,NaN,NaN,NaN,NaN,NaN,NaN,NaN,NaN,NaN,NaN
821.12,36.04,29.65,36.00,20.00,AUTO,0,47,NaN,-3.30,49.02,1.01,46.72,NaN,NaN,NaN,NaN,NaN,NaN,NaN,NaN,NaN,NaN
822.12,36.04,29.65,36.00,20.00,AUTO,0,47,NaN,-3.30,49.02,1.01,46.72,NaN,NaN,NaN,NaN,NaN,NaN,NaN,NaN,NaN,NaN
823.13,36.03,29.61,36.00,20.00,AUTO,0,47,NaN,-3.30,49.02,1.01,46.72,NaN,NaN,NaN,NaN,NaN,NaN,NaN,NaN,NaN,NaN
824.13,36.03,29.65,36.00,20.00,AUTO,0,47,NaN,-3.30,49.02,1.01,46.72,NaN,NaN,NaN,NaN,NaN,NaN,NaN,NaN,NaN,NaN
825.13,36.04,29.65,36.00,20.00,AUTO,0,47,NaN,-3.30,49.02,1.01,46.72,NaN,NaN,NaN,NaN,NaN,NaN,NaN,NaN,NaN,NaN
826.13,36.04,29.65,36.00,20.00,AUTO,0,47,NaN,-3.30,49.02,1.01,46.72,NaN,NaN,NaN,NaN,NaN,NaN,NaN,NaN,NaN,NaN
827.14,36.02,29.65,36.00,20.00,AUTO,0,48,NaN,-2.20,48.81,1.48,48.09,NaN,NaN,NaN,NaN,NaN,NaN,NaN,NaN,NaN,NaN
828.14,36.03,29.65,36.00,20.00,AUTO,0,48,NaN,-2.20,48.81,1.48,48.09,NaN,NaN,NaN,NaN,NaN,NaN,NaN,NaN,NaN,NaN
829.14,36.02,29.65,36.00,20.00,AUTO,0,48,NaN,-2.20,48.81,1.48,48.09,NaN,NaN,NaN,NaN,NaN,NaN,NaN,NaN,NaN,NaN
830.14,36.02,29.65,36.00,20.00,AUTO,0,48,NaN,-2.20,48.81,1.48,48.09,NaN,NaN,NaN,NaN,NaN,NaN,NaN,NaN,NaN,NaN
831.14,36.01,29.65,36.00,20.00,AUTO,0,48,NaN,-2.20,48.81,1.48,48.09,NaN,NaN,NaN,NaN,NaN,NaN,NaN,NaN,NaN,NaN
832.14,36.01,29.65,36.00,20.00,AUTO,0,48,NaN,-2.20,48.81,1.48,48.09,NaN,NaN,NaN,NaN,NaN,NaN,NaN,NaN,NaN,NaN
833.14,36.01,29.69,36.00,20.00,AUTO,0,48,NaN,-2.20,48.81,1.48,48.09,NaN,NaN,NaN,NaN,NaN,NaN,NaN,NaN,NaN,NaN
834.15,36.01,29.69,36.00,20.00,AUTO,0,48,NaN,-2.20,48.81,1.48,48.09,NaN,NaN,NaN,NaN,NaN,NaN,NaN,NaN,NaN,NaN
835.14,36.02,29.69,36.00,20.00,AUTO,0,48,NaN,-2.20,48.81,1.48,48.09,NaN,NaN,NaN,NaN,NaN,NaN,NaN,NaN,NaN,NaN
836.15,36.02,29.69,36.00,20.00,AUTO,0,48,NaN,-2.20,48.81,1.48,48.09,NaN,NaN,NaN,NaN,NaN,NaN,NaN,NaN,NaN,NaN
837.15,36.02,29.69,36.00,20.00,AUTO,0,48,NaN,-2.20,48.81,1.48,48.09,NaN,NaN,NaN,NaN,NaN,NaN,NaN,NaN,NaN,NaN
838.15,36.03,29.69,36.00,20.00,AUTO,0,48,NaN,-2.20,48.81,1.48,48.09,NaN,NaN,NaN,NaN,NaN,NaN,NaN,NaN,NaN,NaN
839.15,36.02,29.69,36.00,20.00,AUTO,0,48,NaN,-2.20,48.81,1.48,48.09,NaN,NaN,NaN,NaN,NaN,NaN,NaN,NaN,NaN,NaN
840.15,36.03,29.69,36.00,20.00,AUTO,0,48,NaN,-2.20,48.81,1.48,48.09,NaN,NaN,NaN,NaN,NaN,NaN,NaN,NaN,NaN,NaN
841.16,36.02,29.69,36.00,20.00,AUTO,0,48,NaN,-2.20,48.81,1.48,48.09,NaN,NaN,NaN,NaN,NaN,NaN,NaN,NaN,NaN,NaN
842.16,36.01,29.69,36.00,20.00,AUTO,0,48,NaN,-1.37,48.69,0.78,48.09,NaN,NaN,NaN,NaN,NaN,NaN,NaN,NaN,NaN,NaN
843.16,36.01,29.69,36.00,20.00,AUTO,0,48,NaN,-1.37,48.69,0.78,48.09,NaN,NaN,NaN,NaN,NaN,NaN,NaN,NaN,NaN,NaN
844.16,36.01,29.69,36.00,20.00,AUTO,0,48,NaN,-1.37,48.69,0.78,48.09,NaN,NaN,NaN,NaN,NaN,NaN,NaN,NaN,NaN,NaN
845.16,36.01,29.69,36.00,20.00,AUTO,0,48,NaN,-1.37,48.69,0.78,48.09,NaN,NaN,NaN,NaN,NaN,NaN,NaN,NaN,NaN,NaN
846.16,36.01,29.69,36.00,20.00,AUTO,0,48,NaN,-1.37,48.69,0.78,48.09,NaN,NaN,NaN,NaN,NaN,NaN,NaN,NaN,NaN,NaN
847.17,36.01,29.73,36.00,20.00,AUTO,0,48,NaN,-1.37,48.69,0.78,48.09,NaN,NaN,NaN,NaN,NaN,NaN,NaN,NaN,NaN,NaN
848.17,36.01,29.73,36.00,20.00,AUTO,0,48,NaN,-1.37,48.69,0.78,48.09,NaN,NaN,NaN,NaN,NaN,NaN,NaN,NaN,NaN,NaN
849.17,36.01,29.73,36.00,20.00,AUTO,0,48,NaN,-1.37,48.69,0.78,48.09,NaN,NaN,NaN,NaN,NaN,NaN,NaN,NaN,NaN,NaN
850.17,36.01,29.73,36.00,20.00,AUTO,0,48,NaN,-1.37,48.69,0.78,48.09,NaN,NaN,NaN,NaN,NaN,NaN,NaN,NaN,NaN,NaN
851.17,36.02,29.73,36.00,20.00,AUTO,0,48,NaN,-1.37,48.69,0.78,48.09,NaN,NaN,NaN,NaN,NaN,NaN,NaN,NaN,NaN,NaN
852.17,36.02,29.73,36.00,20.00,AUTO,0,48,NaN,-1.37,48.69,0.78,48.09,NaN,NaN,NaN,NaN,NaN,NaN,NaN,NaN,NaN,NaN
853.17,36.02,29.73,36.00,20.00,AUTO,0,48,NaN,-1.37,48.69,0.78,48.09,NaN,NaN,NaN,NaN,NaN,NaN,NaN,NaN,NaN,NaN
854.17,36.02,29.73,36.00,20.00,AUTO,0,48,NaN,-1.37,48.69,0.78,48.09,NaN,NaN,NaN,NaN,NaN,NaN,NaN,NaN,NaN,NaN
855.18,36.01,29.73,36.00,20.00,AUTO,0,48,NaN,-1.37,48.69,0.78,48.09,NaN,NaN,NaN,NaN,NaN,NaN,NaN,NaN,NaN,NaN
856.18,36.02,29.73,36.00,20.00,AUTO,0,48,NaN,-1.37,48.69,0.78,48.09,NaN,NaN,NaN,NaN,NaN,NaN,NaN,NaN,NaN,NaN
857.18,36.01,29.73,36.00,20.00,AUTO,0,48,NaN,-0.83,48.61,0.29,48.07,NaN,NaN,NaN,NaN,NaN,NaN,NaN,NaN,NaN,NaN
858.18,36.01,29.73,36.00,20.00,AUTO,0,48,NaN,-0.83,48.61,0.29,48.07,NaN,NaN,NaN,NaN,NaN,NaN,NaN,NaN,NaN,NaN
859.18,36.01,29.73,36.00,20.00,AUTO,0,48,NaN,-0.83,48.61,0.29,48.07,NaN,NaN,NaN,NaN,NaN,NaN,NaN,NaN,NaN,NaN
860.19,36.01,29.73,36.00,20.00,AUTO,0,48,NaN,-0.83,48.61,0.29,48.07,NaN,NaN,NaN,NaN,NaN,NaN,NaN,NaN,NaN,NaN
861.19,36.01,29.73,36.00,20.00,AUTO,0,48,NaN,-0.83,48.61,0.29,48.07,NaN,NaN,NaN,NaN,NaN,NaN,NaN,NaN,NaN,NaN
862.19,36.01,29.73,36.00,20.00,AUTO,0,48,NaN,-0.83,48.61,0.29,48.07,NaN,NaN,NaN,NaN,NaN,NaN,NaN,NaN,NaN,NaN
863.19,36.01,29.73,36.00,20.00,AUTO,0,48,NaN,-0.83,48.61,0.29,48.07,NaN,NaN,NaN,NaN,NaN,NaN,NaN,NaN,NaN,NaN
864.19,36.01,29.73,36.00,20.00,AUTO,0,48,NaN,-0.83,48.61,0.29,48.07,NaN,NaN,NaN,NaN,NaN,NaN,NaN,NaN,NaN,NaN
865.19,36.02,29.73,36.00,20.00,AUTO,0,48,NaN,-0.83,48.61,0.29,48.07,NaN,NaN,NaN,NaN,NaN,NaN,NaN,NaN,NaN,NaN
866.20,36.02,29.73,36.00,20.00,AUTO,0,48,NaN,-0.83,48.61,0.29,48.07,NaN,NaN,NaN,NaN,NaN,NaN,NaN,NaN,NaN,NaN
867.20,36.01,29.73,36.00,20.00,AUTO,0,48,NaN,-0.83,48.61,0.29,48.07,NaN,NaN,NaN,NaN,NaN,NaN,NaN,NaN,NaN,NaN
868.20,36.02,29.73,36.00,20.00,AUTO,0,48,NaN,-0.83,48.61,0.29,48.07,NaN,NaN,NaN,NaN,NaN,NaN,NaN,NaN,NaN,NaN
869.20,36.02,29.73,36.00,20.00,AUTO,0,48,NaN,-0.83,48.61,0.29,48.07,NaN,NaN,NaN,NaN,NaN,NaN,NaN,NaN,NaN,NaN
870.20,36.02,29.73,36.00,20.00,AUTO,0,48,NaN,-0.83,48.61,0.29,48.07,NaN,NaN,NaN,NaN,NaN,NaN,NaN,NaN,NaN,NaN
871.20,36.02,29.73,36.00,20.00,AUTO,0,48,NaN,-0.83,48.61,0.29,48.07,NaN,NaN,NaN,NaN,NaN,NaN,NaN,NaN,NaN,NaN
872.20,36.01,29.73,36.00,20.00,AUTO,0,47,NaN,-1.10,48.53,-0.13,47.29,NaN,NaN,NaN,NaN,NaN,NaN,NaN,NaN,NaN,NaN
873.21,36.01,29.73,36.00,20.00,AUTO,0,47,NaN,-1.10,48.53,-0.13,47.29,NaN,NaN,NaN,NaN,NaN,NaN,NaN,NaN,NaN,NaN
874.21,36.01,29.73,36.00,20.00,AUTO,0,47,NaN,-1.10,48.53,-0.13,47.29,NaN,NaN,NaN,NaN,NaN,NaN,NaN,NaN,NaN,NaN
875.21,36.01,29.73,36.00,20.00,AUTO,0,47,NaN,-1.10,48.53,-0.13,47.29,NaN,NaN,NaN,NaN,NaN,NaN,NaN,NaN,NaN,NaN
876.21,36.01,29.73,36.00,20.00,AUTO,0,47,NaN,-1.10,48.53,-0.13,47.29,NaN,NaN,NaN,NaN,NaN,NaN,NaN,NaN,NaN,NaN
877.21,36.01,29.73,36.00,20.00,AUTO,0,47,NaN,-1.10,48.53,-0.13,47.29,NaN,NaN,NaN,NaN,NaN,NaN,NaN,NaN,NaN,NaN
878.21,36.01,29.73,36.00,20.00,AUTO,0,47,NaN,-1.10,48.53,-0.13,47.29,NaN,NaN,NaN,NaN,NaN,NaN,NaN,NaN,NaN,NaN
879.22,36.01,29.73,36.00,20.00,AUTO,0,47,NaN,-1.10,48.53,-0.13,47.29,NaN,NaN,NaN,NaN,NaN,NaN,NaN,NaN,NaN,NaN
880.22,36.02,29.73,36.00,20.00,AUTO,0,47,NaN,-1.10,48.53,-0.13,47.29,NaN,NaN,NaN,NaN,NaN,NaN,NaN,NaN,NaN,NaN
881.22,36.02,29.73,36.00,20.00,AUTO,0,47,NaN,-1.10,48.53,-0.13,47.29,NaN,NaN,NaN,NaN,NaN,NaN,NaN,NaN,NaN,NaN
882.22,36.03,29.73,36.00,20.00,AUTO,0,47,NaN,-1.10,48.53,-0.13,47.29,NaN,NaN,NaN,NaN,NaN,NaN,NaN,NaN,NaN,NaN
883.22,36.03,29.73,36.00,20.00,AUTO,0,47,NaN,-1.10,48.53,-0.13,47.29,NaN,NaN,NaN,NaN,NaN,NaN,NaN,NaN,NaN,NaN
884.22,36.03,29.73,36.00,20.00,AUTO,0,47,NaN,-1.10,48.53,-0.13,47.29,NaN,NaN,NaN,NaN,NaN,NaN,NaN,NaN,NaN,NaN
885.22,36.03,29.73,36.00,20.00,AUTO,0,47,NaN,-1.10,48.53,-0.13,47.29,NaN,NaN,NaN,NaN,NaN,NaN,NaN,NaN,NaN,NaN
886.22,36.03,29.73,36.00,20.00,AUTO,0,47,NaN,-1.10,48.53,-0.13,47.29,NaN,NaN,NaN,NaN,NaN,NaN,NaN,NaN,NaN,NaN
887.23,36.01,29.73,36.00,20.00,AUTO,0,46,NaN,-1.65,48.42,-0.83,45.94,NaN,NaN,NaN,NaN,NaN,NaN,NaN,NaN,NaN,NaN
888.23,36.01,29.73,36.00,20.00,AUTO,0,46,NaN,-1.65,48.42,-0.83,45.94,NaN,NaN,NaN,NaN,NaN,NaN,NaN,NaN,NaN,NaN
889.23,36.01,29.73,36.00,20.00,AUTO,0,46,NaN,-1.65,48.42,-0.83,45.94,NaN,NaN,NaN,NaN,NaN,NaN,NaN,NaN,NaN,NaN
890.23,36.01,29.73,36.00,20.00,AUTO,0,46,NaN,-1.65,48.42,-0.83,45.94,NaN,NaN,NaN,NaN,NaN,NaN,NaN,NaN,NaN,NaN
891.23,36.01,29.73,36.00,20.00,AUTO,0,46,NaN,-1.65,48.42,-0.83,45.94,NaN,NaN,NaN,NaN,NaN,NaN,NaN,NaN,NaN,NaN
892.24,36.01,29.73,36.00,20.00,AUTO,0,46,NaN,-1.65,48.42,-0.83,45.94,NaN,NaN,NaN,NaN,NaN,NaN,NaN,NaN,NaN,NaN
893.24,36.01,29.77,36.00,20.00,AUTO,0,46,NaN,-1.65,48.42,-0.83,45.94,NaN,NaN,NaN,NaN,NaN,NaN,NaN,NaN,NaN,NaN
894.24,36.01,29.77,36.00,20.00,AUTO,0,46,NaN,-1.65,48.42,-0.83,45.94,NaN,NaN,NaN,NaN,NaN,NaN,NaN,NaN,NaN,NaN
895.24,36.01,29.77,36.00,20.00,AUTO,0,46,NaN,-1.65,48.42,-0.83,45.94,NaN,NaN,NaN,NaN,NaN,NaN,NaN,NaN,NaN,NaN
896.24,36.01,29.77,36.00,20.00,AUTO,0,46,NaN,-1.65,48.42,-0.83,45.94,NaN,NaN,NaN,NaN,NaN,NaN,NaN,NaN,NaN,NaN
897.24,36.01,29.77,36.00,20.00,AUTO,0,46,NaN,-1.65,48.42,-0.83,45.94,NaN,NaN,NaN,NaN,NaN,NaN,NaN,NaN,NaN,NaN
898.25,36.01,29.77,36.00,20.00,AUTO,0,46,NaN,-1.65,48.42,-0.83,45.94,NaN,NaN,NaN,NaN,NaN,NaN,NaN,NaN,NaN,NaN
899.24,36.01,29.77,36.00,20.00,AUTO,0,46,NaN,-1.65,48.42,-0.83,45.94,NaN,NaN,NaN,NaN,NaN,NaN,NaN,NaN,NaN,NaN
900.25,36.01,29.77,36.00,20.00,AUTO,0,46,NaN,-1.65,48.42,-0.83,45.94,NaN,NaN,NaN,NaN,NaN,NaN,NaN,NaN,NaN,NaN
901.25,36.01,29.81,36.00,20.00,AUTO,0,46,NaN,-1.65,48.42,-0.83,45.94,NaN,NaN,NaN,NaN,NaN,NaN,NaN,NaN,NaN,NaN
902.26,36.01,29.81,36.00,20.00,AUTO,0,49,NaN,-0.55,48.36,1.13,48.94,NaN,NaN,NaN,NaN,NaN,NaN,NaN,NaN,NaN,NaN
903.25,36.01,29.81,36.00,20.00,AUTO,0,49,NaN,-0.55,48.36,1.13,48.94,NaN,NaN,NaN,NaN,NaN,NaN,NaN,NaN,NaN,NaN
904.25,36.00,29.81,36.00,20.00,AUTO,0,49,NaN,-0.55,48.36,1.13,48.94,NaN,NaN,NaN,NaN,NaN,NaN,NaN,NaN,NaN,NaN
905.26,36.00,29.81,36.00,20.00,AUTO,0,49,NaN,-0.55,48.36,1.13,48.94,NaN,NaN,NaN,NaN,NaN,NaN,NaN,NaN,NaN,NaN
906.26,36.00,29.81,36.00,20.00,AUTO,0,49,NaN,-0.55,48.36,1.13,48.94,NaN,NaN,NaN,NaN,NaN,NaN,NaN,NaN,NaN,NaN
907.26,35.99,29.80,36.00,20.00,AUTO,0,49,NaN,-0.55,48.36,1.13,48.94,NaN,NaN,NaN,NaN,NaN,NaN,NaN,NaN,NaN,NaN
908.26,35.99,29.80,36.00,20.00,AUTO,0,49,NaN,-0.55,48.36,1.13,48.94,NaN,NaN,NaN,NaN,NaN,NaN,NaN,NaN,NaN,NaN
909.26,36.00,29.80,36.00,20.00,AUTO,0,49,NaN,-0.55,48.36,1.13,48.94,NaN,NaN,NaN,NaN,NaN,NaN,NaN,NaN,NaN,NaN
910.26,36.00,29.80,36.00,20.00,AUTO,0,49,NaN,-0.55,48.36,1.13,48.94,NaN,NaN,NaN,NaN,NaN,NaN,NaN,NaN,NaN,NaN
911.27,36.00,29.84,36.00,20.00,AUTO,0,49,NaN,-0.55,48.36,1.13,48.94,NaN,NaN,NaN,NaN,NaN,NaN,NaN,NaN,NaN,NaN
912.27,36.00,29.85,36.00,20.00,AUTO,0,49,NaN,-0.55,48.36,1.13,48.94,NaN,NaN,NaN,NaN,NaN,NaN,NaN,NaN,NaN,NaN
913.27,36.00,29.84,36.00,20.00,AUTO,0,49,NaN,-0.55,48.36,1.13,48.94,NaN,NaN,NaN,NaN,NaN,NaN,NaN,NaN,NaN,NaN
914.27,36.00,29.84,36.00,20.00,AUTO,0,49,NaN,-0.55,48.36,1.13,48.94,NaN,NaN,NaN,NaN,NaN,NaN,NaN,NaN,NaN,NaN
915.27,36.00,29.84,36.00,20.00,AUTO,0,49,NaN,-0.55,48.36,1.13,48.94,NaN,NaN,NaN,NaN,NaN,NaN,NaN,NaN,NaN,NaN
916.28,36.00,29.84,36.00,20.00,AUTO,0,49,NaN,-0.55,48.36,1.13,48.94,NaN,NaN,NaN,NaN,NaN,NaN,NaN,NaN,NaN,NaN
917.28,35.99,29.84,36.00,20.00,AUTO,0,49,NaN,0.00,48.36,0.72,49.08,NaN,NaN,NaN,NaN,NaN,NaN,NaN,NaN,NaN,NaN
918.28,35.99,29.84,36.00,20.00,AUTO,0,49,NaN,0.00,48.36,0.72,49.08,NaN,NaN,NaN,NaN,NaN,NaN,NaN,NaN,NaN,NaN
919.28,35.99,29.84,36.00,20.00,AUTO,0,49,NaN,0.00,48.36,0.72,49.08,NaN,NaN,NaN,NaN,NaN,NaN,NaN,NaN,NaN,NaN
920.28,35.99,29.84,36.00,20.00,AUTO,0,49,NaN,0.00,48.36,0.72,49.08,NaN,NaN,NaN,NaN,NaN,NaN,NaN,NaN,NaN,NaN
921.28,35.99,29.84,36.00,20.00,AUTO,0,49,NaN,0.00,48.36,0.72,49.08,NaN,NaN,NaN,NaN,NaN,NaN,NaN,NaN,NaN,NaN
922.28,35.98,29.84,36.00,20.00,AUTO,0,49,NaN,0.00,48.36,0.72,49.08,NaN,NaN,NaN,NaN,NaN,NaN,NaN,NaN,NaN,NaN
923.28,35.98,29.84,36.00,20.00,AUTO,0,49,NaN,0.00,48.36,0.72,49.08,NaN,NaN,NaN,NaN,NaN,NaN,NaN,NaN,NaN,NaN
924.29,35.98,29.84,36.00,20.00,AUTO,0,49,NaN,0.00,48.36,0.72,49.08,NaN,NaN,NaN,NaN,NaN,NaN,NaN,NaN,NaN,NaN
925.29,36.00,29.84,36.00,20.00,AUTO,0,49,NaN,0.00,48.36,0.72,49.08,NaN,NaN,NaN,NaN,NaN,NaN,NaN,NaN,NaN,NaN
926.29,36.00,29.84,36.00,20.00,AUTO,0,49,NaN,0.00,48.36,0.72,49.08,NaN,NaN,NaN,NaN,NaN,NaN,NaN,NaN,NaN,NaN
927.29,36.00,29.84,36.00,20.00,AUTO,0,49,NaN,0.00,48.36,0.72,49.08,NaN,NaN,NaN,NaN,NaN,NaN,NaN,NaN,NaN,NaN
928.29,36.00,29.85,36.00,20.00,AUTO,0,49,NaN,0.00,48.36,0.72,49.08,NaN,NaN,NaN,NaN,NaN,NaN,NaN,NaN,NaN,NaN
929.29,36.00,29.84,36.00,20.00,AUTO,0,49,NaN,0.00,48.36,0.72,49.08,NaN,NaN,NaN,NaN,NaN,NaN,NaN,NaN,NaN,NaN
930.30,36.00,29.84,36.00,20.00,AUTO,0,49,NaN,0.00,48.36,0.72,49.08,NaN,NaN,NaN,NaN,NaN,NaN,NaN,NaN,NaN,NaN
931.29,36.00,29.84,36.00,20.00,AUTO,0,49,NaN,0.00,48.36,0.72,49.08,NaN,NaN,NaN,NaN,NaN,NaN,NaN,NaN,NaN,NaN
932.30,35.99,29.84,36.00,20.00,AUTO,0,48,NaN,0.00,48.40,-0.05,48.35,NaN,NaN,NaN,NaN,NaN,NaN,NaN,NaN,NaN,NaN
933.30,35.98,29.87,36.00,20.00,AUTO,0,48,NaN,0.00,48.40,-0.05,48.35,NaN,NaN,NaN,NaN,NaN,NaN,NaN,NaN,NaN,NaN
934.30,35.98,29.87,36.00,20.00,AUTO,0,48,NaN,0.00,48.40,-0.05,48.35,NaN,NaN,NaN,NaN,NaN,NaN,NaN,NaN,NaN,NaN
935.30,35.98,29.87,36.00,20.00,AUTO,0,48,NaN,0.00,48.40,-0.05,48.35,NaN,NaN,NaN,NaN,NaN,NaN,NaN,NaN,NaN,NaN
936.30,35.98,29.87,36.00,20.00,AUTO,0,48,NaN,0.00,48.40,-0.05,48.35,NaN,NaN,NaN,NaN,NaN,NaN,NaN,NaN,NaN,NaN
937.31,35.97,29.87,36.00,20.00,AUTO,0,48,NaN,0.00,48.40,-0.05,48.35,NaN,NaN,NaN,NaN,NaN,NaN,NaN,NaN,NaN,NaN
938.31,35.97,29.87,36.00,20.00,AUTO,0,48,NaN,0.00,48.40,-0.05,48.35,NaN,NaN,NaN,NaN,NaN,NaN,NaN,NaN,NaN,NaN
939.31,35.97,29.87,36.00,20.00,AUTO,0,48,NaN,0.00,48.40,-0.05,48.35,NaN,NaN,NaN,NaN,NaN,NaN,NaN,NaN,NaN,NaN
940.31,35.98,29.87,36.00,20.00,AUTO,0,48,NaN,0.00,48.40,-0.05,48.35,NaN,NaN,NaN,NaN,NaN,NaN,NaN,NaN,NaN,NaN
941.31,35.98,29.87,36.00,20.00,AUTO,0,48,NaN,0.00,48.40,-0.05,48.35,NaN,NaN,NaN,NaN,NaN,NaN,NaN,NaN,NaN,NaN
942.31,35.99,29.87,36.00,20.00,AUTO,0,48,NaN,0.00,48.40,-0.05,48.35,NaN,NaN,NaN,NaN,NaN,NaN,NaN,NaN,NaN,NaN
943.32,35.98,29.87,36.00,20.00,AUTO,0,48,NaN,0.00,48.40,-0.05,48.35,NaN,NaN,NaN,NaN,NaN,NaN,NaN,NaN,NaN,NaN
944.32,35.98,29.87,36.00,20.00,AUTO,0,48,NaN,0.00,48.40,-0.05,48.35,NaN,NaN,NaN,NaN,NaN,NaN,NaN,NaN,NaN,NaN
945.32,35.98,29.87,36.00,20.00,AUTO,0,48,NaN,0.00,48.40,-0.05,48.35,NaN,NaN,NaN,NaN,NaN,NaN,NaN,NaN,NaN,NaN
946.32,35.99,29.87,36.00,20.00,AUTO,0,48,NaN,0.00,48.40,-0.05,48.35,NaN,NaN,NaN,NaN,NaN,NaN,NaN,NaN,NaN,NaN
947.32,35.98,29.87,36.00,20.00,AUTO,0,50,NaN,0.83,48.52,1.04,50.39,NaN,NaN,NaN,NaN,NaN,NaN,NaN,NaN,NaN,NaN
948.32,35.98,29.87,36.00,20.00,AUTO,0,50,NaN,0.83,48.52,1.04,50.39,NaN,NaN,NaN,NaN,NaN,NaN,NaN,NaN,NaN,NaN
949.32,35.97,29.87,36.00,20.00,AUTO,0,50,NaN,0.83,48.52,1.04,50.39,NaN,NaN,NaN,NaN,NaN,NaN,NaN,NaN,NaN,NaN
950.33,35.97,29.87,36.00,20.00,AUTO,0,50,NaN,0.83,48.52,1.04,50.39,NaN,NaN,NaN,NaN,NaN,NaN,NaN,NaN,NaN,NaN
951.33,35.98,29.87,36.00,20.00,AUTO,0,50,NaN,0.83,48.52,1.04,50.39,NaN,NaN,NaN,NaN,NaN,NaN,NaN,NaN,NaN,NaN
952.33,35.98,29.87,36.00,20.00,AUTO,0,50,NaN,0.83,48.52,1.04,50.39,NaN,NaN,NaN,NaN,NaN,NaN,NaN,NaN,NaN,NaN
953.33,35.97,29.91,36.00,20.00,AUTO,0,50,NaN,0.83,48.52,1.04,50.39,NaN,NaN,NaN,NaN,NaN,NaN,NaN,NaN,NaN,NaN
954.33,35.97,29.91,36.00,20.00,AUTO,0,50,NaN,0.83,48.52,1.04,50.39,NaN,NaN,NaN,NaN,NaN,NaN,NaN,NaN,NaN,NaN
955.33,35.99,29.91,36.00,20.00,AUTO,0,50,NaN,0.83,48.52,1.04,50.39,NaN,NaN,NaN,NaN,NaN,NaN,NaN,NaN,NaN,NaN
956.34,35.99,29.91,36.00,20.00,AUTO,0,50,NaN,0.83,48.52,1.04,50.39,NaN,NaN,NaN,NaN,NaN,NaN,NaN,NaN,NaN,NaN
957.34,36.00,29.91,36.00,20.00,AUTO,0,50,NaN,0.83,48.52,1.04,50.39,NaN,NaN,NaN,NaN,NaN,NaN,NaN,NaN,NaN,NaN
958.34,36.00,29.93,36.00,20.00,AUTO,0,50,NaN,0.83,48.52,1.04,50.39,NaN,NaN,NaN,NaN,NaN,NaN,NaN,NaN,NaN,NaN
959.34,36.00,29.93,36.00,20.00,AUTO,0,50,NaN,0.83,48.52,1.04,50.39,NaN,NaN,NaN,NaN,NaN,NaN,NaN,NaN,NaN,NaN
960.34,36.01,29.89,36.00,20.00,AUTO,0,50,NaN,0.83,48.52,1.04,50.39,NaN,NaN,NaN,NaN,NaN,NaN,NaN,NaN,NaN,NaN
961.34,36.01,29.89,36.00,20.00,AUTO,0,50,NaN,0.83,48.52,1.04,50.39,NaN,NaN,NaN,NaN,NaN,NaN,NaN,NaN,NaN,NaN
962.35,36.00,29.87,36.00,20.00,AUTO,0,47,NaN,-0.55,48.60,-1.29,46.76,NaN,NaN,NaN,NaN,NaN,NaN,NaN,NaN,NaN,NaN
963.34,36.00,29.87,36.00,20.00,AUTO,0,47,NaN,-0.55,48.60,-1.29,46.76,NaN,NaN,NaN,NaN,NaN,NaN,NaN,NaN,NaN,NaN
964.35,36.00,29.87,36.00,20.00,AUTO,0,47,NaN,-0.55,48.60,-1.29,46.76,NaN,NaN,NaN,NaN,NaN,NaN,NaN,NaN,NaN,NaN
965.35,36.00,29.87,36.00,20.00,AUTO,0,47,NaN,-0.55,48.60,-1.29,46.76,NaN,NaN,NaN,NaN,NaN,NaN,NaN,NaN,NaN,NaN
966.35,36.00,29.87,36.00,20.00,AUTO,0,47,NaN,-0.55,48.60,-1.29,46.76,NaN,NaN,NaN,NaN,NaN,NaN,NaN,NaN,NaN,NaN
967.35,36.00,29.87,36.00,20.00,AUTO,0,47,NaN,-0.55,48.60,-1.29,46.76,NaN,NaN,NaN,NaN,NaN,NaN,NaN,NaN,NaN,NaN
968.35,35.99,29.87,36.00,20.00,AUTO,0,47,NaN,-0.55,48.60,-1.29,46.76,NaN,NaN,NaN,NaN,NaN,NaN,NaN,NaN,NaN,NaN
969.36,36.01,29.89,36.00,20.00,AUTO,0,47,NaN,-0.55,48.60,-1.29,46.76,NaN,NaN,NaN,NaN,NaN,NaN,NaN,NaN,NaN,NaN
970.36,36.01,29.89,36.00,20.00,AUTO,0,47,NaN,-0.55,48.60,-1.29,46.76,NaN,NaN,NaN,NaN,NaN,NaN,NaN,NaN,NaN,NaN
971.36,36.01,29.89,36.00,20.00,AUTO,0,47,NaN,-0.55,48.60,-1.29,46.76,NaN,NaN,NaN,NaN,NaN,NaN,NaN,NaN,NaN,NaN
972.36,36.01,29.89,36.00,20.00,AUTO,0,47,NaN,-0.55,48.60,-1.29,46.76,NaN,NaN,NaN,NaN,NaN,NaN,NaN,NaN,NaN,NaN
973.36,36.01,29.89,36.00,20.00,AUTO,0,47,NaN,-0.55,48.60,-1.29,46.76,NaN,NaN,NaN,NaN,NaN,NaN,NaN,NaN,NaN,NaN
974.37,36.01,29.89,36.00,20.00,AUTO,0,47,NaN,-0.55,48.60,-1.29,46.76,NaN,NaN,NaN,NaN,NaN,NaN,NaN,NaN,NaN,NaN
975.37,36.02,29.89,36.00,20.00,AUTO,0,47,NaN,-0.55,48.60,-1.29,46.76,NaN,NaN,NaN,NaN,NaN,NaN,NaN,NaN,NaN,NaN
976.37,36.02,29.89,36.00,20.00,AUTO,0,47,NaN,-0.55,48.60,-1.29,46.76,NaN,NaN,NaN,NaN,NaN,NaN,NaN,NaN,NaN,NaN
977.37,36.01,29.89,36.00,20.00,AUTO,0,47,NaN,-1.10,48.57,-0.79,46.68,NaN,NaN,NaN,NaN,NaN,NaN,NaN,NaN,NaN,NaN
978.37,36.01,29.89,36.00,20.00,AUTO,0,47,NaN,-1.10,48.57,-0.79,46.68,NaN,NaN,NaN,NaN,NaN,NaN,NaN,NaN,NaN,NaN
979.37,36.01,29.89,36.00,20.00,AUTO,0,47,NaN,-1.10,48.57,-0.79,46.68,NaN,NaN,NaN,NaN,NaN,NaN,NaN,NaN,NaN,NaN
980.37,36.01,29.89,36.00,20.00,AUTO,0,47,NaN,-1.10,48.57,-0.79,46.68,NaN,NaN,NaN,NaN,NaN,NaN,NaN,NaN,NaN,NaN
981.37,36.00,29.89,36.00,20.00,AUTO,0,47,NaN,-1.10,48.57,-0.79,46.68,NaN,NaN,NaN,NaN,NaN,NaN,NaN,NaN,NaN,NaN
982.38,36.00,29.89,36.00,20.00,AUTO,0,47,NaN,-1.10,48.57,-0.79,46.68,NaN,NaN,NaN,NaN,NaN,NaN,NaN,NaN,NaN,NaN
983.38,36.00,29.87,36.00,20.00,AUTO,0,47,NaN,-1.10,48.57,-0.79,46.68,NaN,NaN,NaN,NaN,NaN,NaN,NaN,NaN,NaN,NaN
984.38,36.01,29.93,36.00,20.00,AUTO,0,47,NaN,-1.10,48.57,-0.79,46.68,NaN,NaN,NaN,NaN,NaN,NaN,NaN,NaN,NaN,NaN
985.38,36.01,29.93,36.00,20.00,AUTO,0,47,NaN,-1.10,48.57,-0.79,46.68,NaN,NaN,NaN,NaN,NaN,NaN,NaN,NaN,NaN,NaN
986.38,36.01,29.93,36.00,20.00,AUTO,0,47,NaN,-1.10,48.57,-0.79,46.68,NaN,NaN,NaN,NaN,NaN,NaN,NaN,NaN,NaN,NaN
987.38,36.01,29.93,36.00,20.00,AUTO,0,47,NaN,-1.10,48.57,-0.79,46.68,NaN,NaN,NaN,NaN,NaN,NaN,NaN,NaN,NaN,NaN
988.39,36.01,29.93,36.00,20.00,AUTO,0,47,NaN,-1.10,48.57,-0.79,46.68,NaN,NaN,NaN,NaN,NaN,NaN,NaN,NaN,NaN,NaN
989.39,36.01,29.93,36.00,20.00,AUTO,0,47,NaN,-1.10,48.57,-0.79,46.68,NaN,NaN,NaN,NaN,NaN,NaN,NaN,NaN,NaN,NaN
990.39,36.01,29.93,36.00,20.00,AUTO,0,47,NaN,-1.10,48.57,-0.79,46.68,NaN,NaN,NaN,NaN,NaN,NaN,NaN,NaN,NaN,NaN
991.39,36.01,29.93,36.00,20.00,AUTO,0,47,NaN,-1.10,48.57,-0.79,46.68,NaN,NaN,NaN,NaN,NaN,NaN,NaN,NaN,NaN,NaN
992.40,36.00,29.93,36.00,20.00,AUTO,0,48,NaN,-0.55,48.52,0.20,48.17,NaN,NaN,NaN,NaN,NaN,NaN,NaN,NaN,NaN,NaN
993.39,36.01,29.93,36.00,20.00,AUTO,0,48,NaN,-0.55,48.52,0.20,48.17,NaN,NaN,NaN,NaN,NaN,NaN,NaN,NaN,NaN,NaN
994.39,36.01,29.93,36.00,20.00,AUTO,0,48,NaN,-0.55,48.52,0.20,48.17,NaN,NaN,NaN,NaN,NaN,NaN,NaN,NaN,NaN,NaN
995.40,36.01,29.93,36.00,20.00,AUTO,0,48,NaN,-0.55,48.52,0.20,48.17,NaN,NaN,NaN,NaN,NaN,NaN,NaN,NaN,NaN,NaN
996.40,36.01,29.93,36.00,20.00,AUTO,0,48,NaN,-0.55,48.52,0.20,48.17,NaN,NaN,NaN,NaN,NaN,NaN,NaN,NaN,NaN,NaN
997.40,36.01,29.93,36.00,20.00,AUTO,0,48,NaN,-0.55,48.52,0.20,48.17,NaN,NaN,NaN,NaN,NaN,NaN,NaN,NaN,NaN,NaN
998.40,36.01,29.93,36.00,20.00,AUTO,0,48,NaN,-0.55,48.52,0.20,48.17,NaN,NaN,NaN,NaN,NaN,NaN,NaN,NaN,NaN,NaN
999.40,36.00,29.93,36.00,20.00,AUTO,0,48,NaN,-0.55,48.52,0.20,48.17,NaN,NaN,NaN,NaN,NaN,NaN,NaN,NaN,NaN,NaN
1000.40,36.01,29.93,36.00,20.00,AUTO,0,48,NaN,-0.55,48.52,0.20,48.17,NaN,NaN,NaN,NaN,NaN,NaN,NaN,NaN,NaN,NaN
1001.41,36.01,29.93,36.00,20.00,AUTO,0,48,NaN,-0.55,48.52,0.20,48.17,NaN,NaN,NaN,NaN,NaN,NaN,NaN,NaN,NaN,NaN
1002.41,36.01,29.93,36.00,20.00,AUTO,0,48,NaN,-0.55,48.52,0.20,48.17,NaN,NaN,NaN,NaN,NaN,NaN,NaN,NaN,NaN,NaN
1003.41,36.01,29.93,36.00,20.00,AUTO,0,48,NaN,-0.55,48.52,0.20,48.17,NaN,NaN,NaN,NaN,NaN,NaN,NaN,NaN,NaN,NaN
1004.41,36.01,29.93,36.00,20.00,AUTO,0,48,NaN,-0.55,48.52,0.20,48.17,NaN,NaN,NaN,NaN,NaN,NaN,NaN,NaN,NaN,NaN
1005.41,36.01,29.97,36.00,20.00,AUTO,0,48,NaN,-0.55,48.52,0.20,48.17,NaN,NaN,NaN,NaN,NaN,NaN,NaN,NaN,NaN,NaN
1006.42,36.01,29.93,36.00,20.00,AUTO,0,48,NaN,-0.55,48.52,0.20,48.17,NaN,NaN,NaN,NaN,NaN,NaN,NaN,NaN,NaN,NaN
1007.42,36.01,29.97,36.00,20.00,AUTO,0,48,NaN,-0.55,48.47,-0.03,47.89,NaN,NaN,NaN,NaN,NaN,NaN,NaN,NaN,NaN,NaN
1008.42,36.01,29.93,36.00,20.00,AUTO,0,48,NaN,-0.55,48.47,-0.03,47.89,NaN,NaN,NaN,NaN,NaN,NaN,NaN,NaN,NaN,NaN
1009.42,36.01,29.93,36.00,20.00,AUTO,0,48,NaN,-0.55,48.47,-0.03,47.89,NaN,NaN,NaN,NaN,NaN,NaN,NaN,NaN,NaN,NaN
1010.42,36.01,29.97,36.00,20.00,AUTO,0,48,NaN,-0.55,48.47,-0.03,47.89,NaN,NaN,NaN,NaN,NaN,NaN,NaN,NaN,NaN,NaN
1011.42,36.01,29.97,36.00,20.00,AUTO,0,48,NaN,-0.55,48.47,-0.03,47.89,NaN,NaN,NaN,NaN,NaN,NaN,NaN,NaN,NaN,NaN
1012.42,36.01,29.97,36.00,20.00,AUTO,0,48,NaN,-0.55,48.47,-0.03,47.89,NaN,NaN,NaN,NaN,NaN,NaN,NaN,NaN,NaN,NaN
1013.42,36.01,29.97,36.00,20.00,AUTO,0,48,NaN,-0.55,48.47,-0.03,47.89,NaN,NaN,NaN,NaN,NaN,NaN,NaN,NaN,NaN,NaN
1014.43,36.01,29.97,36.00,20.00,AUTO,0,48,NaN,-0.55,48.47,-0.03,47.89,NaN,NaN,NaN,NaN,NaN,NaN,NaN,NaN,NaN,NaN
1015.43,36.01,29.97,36.00,20.00,AUTO,0,48,NaN,-0.55,48.47,-0.03,47.89,NaN,NaN,NaN,NaN,NaN,NaN,NaN,NaN,NaN,NaN
1016.43,36.01,29.97,36.00,20.00,AUTO,0,48,NaN,-0.55,48.47,-0.03,47.89,NaN,NaN,NaN,NaN,NaN,NaN,NaN,NaN,NaN,NaN
1017.43,36.01,29.97,36.00,20.00,AUTO,0,48,NaN,-0.55,48.47,-0.03,47.89,NaN,NaN,NaN,NaN,NaN,NaN,NaN,NaN,NaN,NaN
1018.43,36.01,29.97,36.00,20.00,AUTO,0,48,NaN,-0.55,48.47,-0.03,47.89,NaN,NaN,NaN,NaN,NaN,NaN,NaN,NaN,NaN,NaN
1019.43,36.02,29.97,36.00,20.00,AUTO,0,48,NaN,-0.55,48.47,-0.03,47.89,NaN,NaN,NaN,NaN,NaN,NaN,NaN,NaN,NaN,NaN
1020.44,36.01,29.97,36.00,20.00,AUTO,0,48,NaN,-0.55,48.47,-0.03,47.89,NaN,NaN,NaN,NaN,NaN,NaN,NaN,NaN,NaN,NaN
1021.44,36.02,29.97,36.00,20.00,AUTO,0,48,NaN,-0.55,48.47,-0.03,47.89,NaN,NaN,NaN,NaN,NaN,NaN,NaN,NaN,NaN,NaN
1022.44,36.01,29.97,36.00,20.00,AUTO,0,47,NaN,-0.83,48.40,-0.26,47.32,NaN,NaN,NaN,NaN,NaN,NaN,NaN,NaN,NaN,NaN
1023.44,36.01,29.97,36.00,20.00,AUTO,0,47,NaN,-0.83,48.40,-0.26,47.32,NaN,NaN,NaN,NaN,NaN,NaN,NaN,NaN,NaN,NaN
1024.44,36.01,29.97,36.00,20.00,AUTO,0,47,NaN,-0.83,48.40,-0.26,47.32,NaN,NaN,NaN,NaN,NaN,NaN,NaN,NaN,NaN,NaN
