Time_Seconds,Temperature,Humidity,Setpoint_Temperature,Setpoint_Humidity,Ctrl,Error_Code,T_PWM,RH_PWM,T_PID_p,T_PID_i,T_PID_d,T_PID_out,RH_PID_p,RH_PID_i,RH_PID_d,RH_PID_out,T_output,RH_output,T_min_thld,T_max_thld,RH_min_thld,RH_max_thld
0.00,31.96,35.06,32.00,20.00,AUTO,1,0,NaN,0.00,35.00,0.00,0.00,NaN,NaN,NaN,NaN,NaN,NaN,NaN,NaN,NaN,NaN
0.85,31.95,35.06,32.00,20.00,AUTO,0,37,NaN,2.20,35.21,0.00,37.41,NaN,NaN,NaN,NaN,NaN,NaN,NaN,NaN,NaN,NaN
1.85,31.95,35.06,32.00,20.00,AUTO,0,37,NaN,2.20,35.21,0.00,37.41,NaN,NaN,NaN,NaN,NaN,NaN,NaN,NaN,NaN,NaN
2.85,31.95,35.06,32.00,20.00,AUTO,0,37,NaN,2.20,35.21,0.00,37.41,NaN,NaN,NaN,NaN,NaN,NaN,NaN,NaN,NaN,NaN
3.85,31.94,35.06,32.00,20.00,AUTO,0,37,NaN,2.20,35.21,0.00,37.41,NaN,NaN,NaN,NaN,NaN,NaN,NaN,NaN,NaN,NaN
4.85,31.94,35.06,32.00,20.00,AUTO,0,37,NaN,2.20,35.21,0.00,37.41,NaN,NaN,NaN,NaN,NaN,NaN,NaN,NaN,NaN,NaN
5.85,31.94,35.06,32.00,20.00,AUTO,0,37,NaN,2.20,35.21,0.00,37.41,NaN,NaN,NaN,NaN,NaN,NaN,NaN,NaN,NaN,NaN
6.85,31.96,35.06,32.00,20.00,AUTO,0,37,NaN,2.20,35.21,0.00,37.41,NaN,NaN,NaN,NaN,NaN,NaN,NaN,NaN,NaN,NaN
7.85,31.97,35.06,32.00,20.00,AUTO,0,37,NaN,2.20,35.21,0.00,37.41,NaN,NaN,NaN,NaN,NaN,NaN,NaN,NaN,NaN,NaN
8.85,31.98,35.06,32.00,20.00,AUTO,0,37,NaN,2.20,35.21,0.00,37.41,NaN,NaN,NaN,NaN,NaN,NaN,NaN,NaN,NaN,NaN
9.86,31.98,35.06,32.00,20.00,AUTO,0,37,NaN,2.20,35.21,0.00,37.41,NaN,NaN,NaN,NaN,NaN,NaN,NaN,NaN,NaN,NaN
10.86,31.98,35.06,32.00,20.00,AUTO,0,37,NaN,2.20,35.21,0.00,37.41,NaN,NaN,NaN,NaN,NaN,NaN,NaN,NaN,NaN,NaN
11.86,31.98,35.06,32.00,20.00,AUTO,0,37,NaN,2.20,35.21,0.00,37.41,NaN,NaN,NaN,NaN,NaN,NaN,NaN,NaN,NaN,NaN
12.86,31.98,35.06,32.00,20.00,AUTO,0,37,NaN,2.20,35.21,0.00,37.41,NaN,NaN,NaN,NaN,NaN,NaN,NaN,NaN,NaN,NaN
13.86,31.98,35.06,32.00,20.00,AUTO,0,37,NaN,2.20,35.21,0.00,37.41,NaN,NaN,NaN,NaN,NaN,NaN,NaN,NaN,NaN,NaN
14.87,31.98,35.06,32.00,20.00,AUTO,0,37,NaN,2.20,35.21,0.00,37.41,NaN,NaN,NaN,NaN,NaN,NaN,NaN,NaN,NaN,NaN
15.87,31.98,35.06,32.00,20.00,AUTO,0,35,NaN,1.10,35.40,-1.93,34.57,NaN,NaN,NaN,NaN,NaN,NaN,NaN,NaN,NaN,NaN
16.87,31.97,35.06,32.00,20.00,AUTO,0,35,NaN,1.10,35.40,-1.93,34.57,NaN,NaN,NaN,NaN,NaN,NaN,NaN,NaN,NaN,NaN
17.87,31.97,35.06,32.00,20.00,AUTO,0,35,NaN,1.10,35.40,-1.93,34.57,NaN,NaN,NaN,NaN,NaN,NaN,NaN,NaN,NaN,NaN
18.87,31.97,35.06,32.00,20.00,AUTO,0,35,NaN,1.10,35.40,-1.93,34.57,NaN,NaN,NaN,NaN,NaN,NaN,NaN,NaN,NaN,NaN
19.87,31.97,35.06,32.00,20.00,AUTO,0,35,NaN,1.10,35.40,-1.93,34.57,NaN,NaN,NaN,NaN,NaN,NaN,NaN,NaN,NaN,NaN
20.88,31.98,35.06,32.00,20.00,AUTO,0,35,NaN,1.10,35.40,-1.93,34.57,NaN,NaN,NaN,NaN,NaN,NaN,NaN,NaN,NaN,NaN
21.87,32.00,35.06,32.00,20.00,AUTO,0,35,NaN,1.10,35.40,-1.93,34.57,NaN,NaN,NaN,NaN,NaN,NaN,NaN,NaN,NaN,NaN
22.88,32.00,35.06,32.00,20.00,AUTO,0,35,NaN,1.10,35.40,-1.93,34.57,NaN,NaN,NaN,NaN,NaN,NaN,NaN,NaN,NaN,NaN
23.88,32.01,35.02,32.00,20.00,AUTO,0,35,NaN,1.10,35.40,-1.93,34.57,NaN,NaN,NaN,NaN,NaN,NaN,NaN,NaN,NaN,NaN
24.88,32.01,35.02,32.00,20.00,AUTO,0,35,NaN,1.10,35.40,-1.93,34.57,NaN,NaN,NaN,NaN,NaN,NaN,NaN,NaN,NaN,NaN
25.88,32.01,35.02,32.00,20.00,AUTO,0,35,NaN,1.10,35.40,-1.93,34.57,NaN,NaN,NaN,NaN,NaN,NaN,NaN,NaN,NaN,NaN
26.88,32.01,35.02,32.00,20.00,AUTO,0,35,NaN,1.10,35.40,-1.93,34.57,NaN,NaN,NaN,NaN,NaN,NaN,NaN,NaN,NaN,NaN
27.88,32.01,34.99,32.00,20.00,AUTO,0,35,NaN,1.10,35.40,-1.93,34.57,NaN,NaN,NaN,NaN,NaN,NaN,NaN,NaN,NaN,NaN
28.89,32.02,34.99,32.00,20.00,AUTO,0,35,NaN,1.10,35.40,-1.93,34.57,NaN,NaN,NaN,NaN,NaN,NaN,NaN,NaN,NaN,NaN
29.89,32.02,34.99,32.00,20.00,AUTO,0,35,NaN,1.10,35.40,-1.93,34.57,NaN,NaN,NaN,NaN,NaN,NaN,NaN,NaN,NaN,NaN
30.89,32.01,34.99,32.00,20.00,AUTO,0,31,NaN,-1.10,35.42,-3.08,31.25,NaN,NaN,NaN,NaN,NaN,NaN,NaN,NaN,NaN,NaN
31.89,32.01,34.99,32.00,20.00,AUTO,0,31,NaN,-1.10,35.42,-3.08,31.25,NaN,NaN,NaN,NaN,NaN,NaN,NaN,NaN,NaN,NaN
32.89,32.00,34.99,32.00,20.00,AUTO,0,31,NaN,-1.10,35.42,-3.08,31.25,NaN,NaN,NaN,NaN,NaN,NaN,NaN,NaN,NaN,NaN
33.89,32.00,34.99,32.00,20.00,AUTO,0,31,NaN,-1.10,35.42,-3.08,31.25,NaN,NaN,NaN,NaN,NaN,NaN,NaN,NaN,NaN,NaN
34.89,32.00,34.99,32.00,20.00,AUTO,0,31,NaN,-1.10,35.42,-3.08,31.25,NaN,NaN,NaN,NaN,NaN,NaN,NaN,NaN,NaN,NaN
35.90,32.01,34.99,32.00,20.00,AUTO,0,31,NaN,-1.10,35.42,-3.08,31.25,NaN,NaN,NaN,NaN,NaN,NaN,NaN,NaN,NaN,NaN
36.90,32.01,35.02,32.00,20.00,AUTO,0,31,NaN,-1.10,35.42,-3.08,31.25,NaN,NaN,NaN,NaN,NaN,NaN,NaN,NaN,NaN,NaN
37.90,32.02,35.02,32.00,20.00,AUTO,0,31,NaN,-1.10,35.42,-3.08,31.25,NaN,NaN,NaN,NaN,NaN,NaN,NaN,NaN,NaN,NaN
38.90,32.03,35.02,32.00,20.00,AUTO,0,31,NaN,-1.10,35.42,-3.08,31.25,NaN,NaN,NaN,NaN,NaN,NaN,NaN,NaN,NaN,NaN
39.90,32.03,34.99,32.00,20.00,AUTO,0,31,NaN,-1.10,35.42,-3.08,31.25,NaN,NaN,NaN,NaN,NaN,NaN,NaN,NaN,NaN,NaN
40.90,32.03,34.99,32.00,20.00,AUTO,0,31,NaN,-1.10,35.42,-3.08,31.25,NaN,NaN,NaN,NaN,NaN,NaN,NaN,NaN,NaN,NaN
41.91,32.03,34.99,32.00,20.00,AUTO,0,31,NaN,-1.10,35.42,-3.08,31.25,NaN,NaN,NaN,NaN,NaN,NaN,NaN,NaN,NaN,NaN
42.91,32.03,34.99,32.00,20.00,AUTO,0,31,NaN,-1.10,35.42,-3.08,31.25,NaN,NaN,NaN,NaN,NaN,NaN,NaN,NaN,NaN,NaN
43.91,32.03,34.99,32.00,20.00,AUTO,0,31,NaN,-1.10,35.42,-3.08,31.25,NaN,NaN,NaN,NaN,NaN,NaN,NaN,NaN,NaN,NaN
44.91,32.03,34.99,32.00,20.00,AUTO,0,31,NaN,-1.10,35.42,-3.08,31.25,NaN,NaN,NaN,NaN,NaN,NaN,NaN,NaN,NaN,NaN
45.91,32.01,34.99,32.00,20.00,AUTO,0,32,NaN,-1.65,35.33,-1.55,32.13,NaN,NaN,NaN,NaN,NaN,NaN,NaN,NaN,NaN,NaN
46.91,32.02,34.99,32.00,20.00,AUTO,0,32,NaN,-1.65,35.33,-1.55,32.13,NaN,NaN,NaN,NaN,NaN,NaN,NaN,NaN,NaN,NaN
47.92,32.01,34.99,32.00,20.00,AUTO,0,32,NaN,-1.65,35.33,-1.55,32.13,NaN,NaN,NaN,NaN,NaN,NaN,NaN,NaN,NaN,NaN
48.92,32.01,34.99,32.00,20.00,AUTO,0,32,NaN,-1.65,35.33,-1.55,32.13,NaN,NaN,NaN,NaN,NaN,NaN,NaN,NaN,NaN,NaN
49.92,32.01,34.99,32.00,20.00,AUTO,0,32,NaN,-1.65,35.33,-1.55,32.13,NaN,NaN,NaN,NaN,NaN,NaN,NaN,NaN,NaN,NaN
50.92,32.03,34.99,32.00,20.00,AUTO,0,32,NaN,-1.65,35.33,-1.55,32.13,NaN,NaN,NaN,NaN,NaN,NaN,NaN,NaN,NaN,NaN
51.92,32.03,34.99,32.00,20.00,AUTO,0,32,NaN,-1.65,35.33,-1.55,32.13,NaN,NaN,NaN,NaN,NaN,NaN,NaN,NaN,NaN,NaN
52.92,32.04,34.99,32.00,20.00,AUTO,0,32,NaN,-1.65,35.33,-1.55,32.13,NaN,NaN,NaN,NaN,NaN,NaN,NaN,NaN,NaN,NaN
53.92,32.04,34.99,32.00,20.00,AUTO,0,32,NaN,-1.65,35.33,-1.55,32.13,NaN,NaN,NaN,NaN,NaN,NaN,NaN,NaN,NaN,NaN
54.93,32.04,34.99,32.00,20.00,AUTO,0,32,NaN,-1.65,35.33,-1.55,32.13,NaN,NaN,NaN,NaN,NaN,NaN,NaN,NaN,NaN,NaN
55.93,32.04,34.99,32.00,20.00,AUTO,0,32,NaN,-1.65,35.33,-1.55,32.13,NaN,NaN,NaN,NaN,NaN,NaN,NaN,NaN,NaN,NaN
56.93,32.04,34.99,32.00,20.00,AUTO,0,32,NaN,-1.65,35.33,-1.55,32.13,NaN,NaN,NaN,NaN,NaN,NaN,NaN,NaN,NaN,NaN
57.93,32.04,34.99,32.00,20.00,AUTO,0,32,NaN,-1.65,35.33,-1.55,32.13,NaN,NaN,NaN,NaN,NaN,NaN,NaN,NaN,NaN,NaN
58.93,32.04,34.99,32.00,20.00,AUTO,0,32,NaN,-1.65,35.33,-1.55,32.13,NaN,NaN,NaN,NaN,NaN,NaN,NaN,NaN,NaN,NaN
59.93,32.04,34.99,32.00,20.00,AUTO,0,32,NaN,-1.65,35.33,-1.55,32.13,NaN,NaN,NaN,NaN,NaN,NaN,NaN,NaN,NaN,NaN
60.94,32.02,34.99,32.00,20.00,AUTO,0,32,NaN,-2.20,35.18,-1.25,31.72,NaN,NaN,NaN,NaN,NaN,NaN,NaN,NaN,NaN,NaN
61.94,32.02,34.99,32.00,20.00,AUTO,0,32,NaN,-2.20,35.18,-1.25,31.72,NaN,NaN,NaN,NaN,NaN,NaN,NaN,NaN,NaN,NaN
62.94,32.02,34.99,32.00,20.00,AUTO,0,32,NaN,-2.20,35.18,-1.25,31.72,NaN,NaN,NaN,NaN,NaN,NaN,NaN,NaN,NaN,NaN
63.94,32.02,34.99,32.00,20.00,AUTO,0,32,NaN,-2.20,35.18,-1.25,31.72,NaN,NaN,NaN,NaN,NaN,NaN,NaN,NaN,NaN,NaN
64.94,32.02,35.02,32.00,20.00,AUTO,0,32,NaN,-2.20,35.18,-1.25,31.72,NaN,NaN,NaN,NaN,NaN,NaN,NaN,NaN,NaN,NaN
65.94,32.03,35.02,32.00,20.00,AUTO,0,32,NaN,-2.20,35.18,-1.25,31.72,NaN,NaN,NaN,NaN,NaN,NaN,NaN,NaN,NaN,NaN
66.95,32.03,35.02,32.00,20.00,AUTO,0,32,NaN,-2.20,35.18,-1.25,31.72,NaN,NaN,NaN,NaN,NaN,NaN,NaN,NaN,NaN,NaN
67.95,32.04,35.02,32.00,20.00,AUTO,0,32,NaN,-2.20,35.18,-1.25,31.72,NaN,NaN,NaN,NaN,NaN,NaN,NaN,NaN,NaN,NaN
68.95,32.04,35.02,32.00,20.00,AUTO,0,32,NaN,-2.20,35.18,-1.25,31.72,NaN,NaN,NaN,NaN,NaN,NaN,NaN,NaN,NaN,NaN
69.95,32.05,34.99,32.00,20.00,AUTO,0,32,NaN,-2.20,35.18,-1.25,31.72,NaN,NaN,NaN,NaN,NaN,NaN,NaN,NaN,NaN,NaN
70.95,32.05,34.99,32.00,20.00,AUTO,0,32,NaN,-2.20,35.18,-1.25,31.72,NaN,NaN,NaN,NaN,NaN,NaN,NaN,NaN,NaN,NaN
71.95,32.05,34.99,32.00,20.00,AUTO,0,32,NaN,-2.20,35.18,-1.25,31.72,NaN,NaN,NaN,NaN,NaN,NaN,NaN,NaN,NaN,NaN
72.95,32.05,34.99,32.00,20.00,AUTO,0,32,NaN,-2.20,35.18,-1.25,31.72,NaN,NaN,NaN,NaN,NaN,NaN,NaN,NaN,NaN,NaN
73.96,32.05,34.99,32.00,20.00,AUTO,0,32,NaN,-2.20,35.18,-1.25,31.72,NaN,NaN,NaN,NaN,NaN,NaN,NaN,NaN,NaN,NaN
74.96,32.05,34.99,32.00,20.00,AUTO,0,32,NaN,-2.20,35.18,-1.25,31.72,NaN,NaN,NaN,NaN,NaN,NaN,NaN,NaN,NaN,NaN
75.96,32.03,34.99,32.00,20.00,AUTO,0,31,NaN,-2.75,34.99,-1.17,31.06,NaN,NaN,NaN,NaN,NaN,NaN,NaN,NaN,NaN,NaN
76.96,32.03,34.99,32.00,20.00,AUTO,0,31,NaN,-2.75,34.99,-1.17,31.06,NaN,NaN,NaN,NaN,NaN,NaN,NaN,NaN,NaN,NaN
77.96,32.03,34.99,32.00,20.00,AUTO,0,31,NaN,-2.75,34.99,-1.17,31.06,NaN,NaN,NaN,NaN,NaN,NaN,NaN,NaN,NaN,NaN
78.96,32.02,35.02,32.00,20.00,AUTO,0,31,NaN,-2.75,34.99,-1.17,31.06,NaN,NaN,NaN,NaN,NaN,NaN,NaN,NaN,NaN,NaN
79.97,32.03,35.02,32.00,20.00,AUTO,0,31,NaN,-2.75,34.99,-1.17,31.06,NaN,NaN,NaN,NaN,NaN,NaN,NaN,NaN,NaN,NaN
80.97,32.04,35.02,32.00,20.00,AUTO,0,31,NaN,-2.75,34.99,-1.17,31.06,NaN,NaN,NaN,NaN,NaN,NaN,NaN,NaN,NaN,NaN
81.97,32.03,35.02,32.00,20.00,AUTO,0,31,NaN,-2.75,34.99,-1.17,31.06,NaN,NaN,NaN,NaN,NaN,NaN,NaN,NaN,NaN,NaN
82.97,32.03,35.02,32.00,20.00,AUTO,0,31,NaN,-2.75,34.99,-1.17,31.06,NaN,NaN,NaN,NaN,NaN,NaN,NaN,NaN,NaN,NaN
83.97,32.04,35.02,32.00,20.00,AUTO,0,31,NaN,-2.75,34.99,-1.17,31.06,NaN,NaN,NaN,NaN,NaN,NaN,NaN,NaN,NaN,NaN
84.97,32.04,35.02,32.00,20.00,AUTO,0,31,NaN,-2.75,34.99,-1.17,31.06,NaN,NaN,NaN,NaN,NaN,NaN,NaN,NaN,NaN,NaN
85.97,32.04,35.02,32.00,20.00,AUTO,0,31,NaN,-2.75,34.99,-1.17,31.06,NaN,NaN,NaN,NaN,NaN,NaN,NaN,NaN,NaN,NaN
86.97,32.04,35.02,32.00,20.00,AUTO,0,31,NaN,-2.75,34.99,-1.17,31.06,NaN,NaN,NaN,NaN,NaN,NaN,NaN,NaN,NaN,NaN
87.98,32.04,35.02,32.00,20.00,AUTO,0,31,NaN,-2.75,34.99,-1.17,31.06,NaN,NaN,NaN,NaN,NaN,NaN,NaN,NaN,NaN,NaN
88.98,32.04,35.02,32.00,20.00,AUTO,0,31,NaN,-2.75,34.99,-1.17,31.06,NaN,NaN,NaN,NaN,NaN,NaN,NaN,NaN,NaN,NaN
89.98,32.03,35.02,32.00,20.00,AUTO,0,31,NaN,-2.75,34.99,-1.17,31.06,NaN,NaN,NaN,NaN,NaN,NaN,NaN,NaN,NaN,NaN
90.98,32.02,35.02,32.00,20.00,AUTO,0,34,NaN,-1.93,34.81,0.67,33.55,NaN,NaN,NaN,NaN,NaN,NaN,NaN,NaN,NaN,NaN
91.98,32.02,35.06,32.00,20.00,AUTO,0,34,NaN,-1.93,34.81,0.67,33.55,NaN,NaN,NaN,NaN,NaN,NaN,NaN,NaN,NaN,NaN
92.99,32.01,35.06,32.00,20.00,AUTO,0,34,NaN,-1.93,34.81,0.67,33.55,NaN,NaN,NaN,NaN,NaN,NaN,NaN,NaN,NaN,NaN
93.99,32.01,35.06,32.00,20.00,AUTO,0,34,NaN,-1.93,34.81,0.67,33.55,NaN,NaN,NaN,NaN,NaN,NaN,NaN,NaN,NaN,NaN
94.99,32.02,35.06,32.00,20.00,AUTO,0,34,NaN,-1.93,34.81,0.67,33.55,NaN,NaN,NaN,NaN,NaN,NaN,NaN,NaN,NaN,NaN
95.99,32.02,35.06,32.00,20.00,AUTO,0,34,NaN,-1.93,34.81,0.67,33.55,NaN,NaN,NaN,NaN,NaN,NaN,NaN,NaN,NaN,NaN
96.99,32.03,35.06,32.00,20.00,AUTO,0,34,NaN,-1.93,34.81,0.67,33.55,NaN,NaN,NaN,NaN,NaN,NaN,NaN,NaN,NaN,NaN
97.99,32.04,35.06,32.00,20.00,AUTO,0,34,NaN,-1.93,34.81,0.67,33.55,NaN,NaN,NaN,NaN,NaN,NaN,NaN,NaN,NaN,NaN
98.99,32.04,35.06,32.00,20.00,AUTO,0,34,NaN,-1.93,34.81,0.67,33.55,NaN,NaN,NaN,NaN,NaN,NaN,NaN,NaN,NaN,NaN
99.99,32.04,35.06,32.00,20.00,AUTO,0,34,NaN,-1.93,34.81,0.67,33.55,NaN,NaN,NaN,NaN,NaN,NaN,NaN,NaN,NaN,NaN
101.00,32.04,35.06,32.00,20.00,AUTO,0,34,NaN,-1.93,34.81,0.67,33.55,NaN,NaN,NaN,NaN,NaN,NaN,NaN,NaN,NaN,NaN
102.00,32.04,35.06,32.00,20.00,AUTO,0,34,NaN,-1.93,34.81,0.67,33.55,NaN,NaN,NaN,NaN,NaN,NaN,NaN,NaN,NaN,NaN
103.00,32.04,35.06,32.00,20.00,AUTO,0,34,NaN,-1.93,34.81,0.67,33.55,NaN,NaN,NaN,NaN,NaN,NaN,NaN,NaN,NaN,NaN
104.00,32.04,35.06,32.00,20.00,AUTO,0,34,NaN,-1.93,34.81,0.67,33.55,NaN,NaN,NaN,NaN,NaN,NaN,NaN,NaN,NaN,NaN
105.00,32.04,35.06,32.00,20.00,AUTO,0,34,NaN,-1.93,34.81,0.67,33.55,NaN,NaN,NaN,NaN,NaN,NaN,NaN,NaN,NaN,NaN
106.01,32.02,35.06,32.00,20.00,AUTO,0,32,NaN,-2.20,34.65,-0.58,31.87,NaN,NaN,NaN,NaN,NaN,NaN,NaN,NaN,NaN,NaN
107.01,32.02,35.06,32.00,20.00,AUTO,0,32,NaN,-2.20,34.65,-0.58,31.87,NaN,NaN,NaN,NaN,NaN,NaN,NaN,NaN,NaN,NaN
108.01,32.02,35.06,32.00,20.00,AUTO,0,32,NaN,-2.20,34.65,-0.58,31.87,NaN,NaN,NaN,NaN,NaN,NaN,NaN,NaN,NaN,NaN
109.01,32.02,35.06,32.00,20.00,AUTO,0,32,NaN,-2.20,34.65,-0.58,31.87,NaN,NaN,NaN,NaN,NaN,NaN,NaN,NaN,NaN,NaN
110.01,32.01,35.06,32.00,20.00,AUTO,0,32,NaN,-2.20,34.65,-0.58,31.87,NaN,NaN,NaN,NaN,NaN,NaN,NaN,NaN,NaN,NaN
111.01,32.03,35.06,32.00,20.00,AUTO,0,32,NaN,-2.20,34.65,-0.58,31.87,NaN,NaN,NaN,NaN,NaN,NaN,NaN,NaN,NaN,NaN
112.02,32.03,35.06,32.00,20.00,AUTO,0,32,NaN,-2.20,34.65,-0.58,31.87,NaN,NaN,NaN,NaN,NaN,NaN,NaN,NaN,NaN,NaN
113.02,32.03,35.06,32.00,20.00,AUTO,0,32,NaN,-2.20,34.65,-0.58,31.87,NaN,NaN,NaN,NaN,NaN,NaN,NaN,NaN,NaN,NaN
114.02,32.04,35.06,32.00,20.00,AUTO,0,32,NaN,-2.20,34.65,-0.58,31.87,NaN,NaN,NaN,NaN,NaN,NaN,NaN,NaN,NaN,NaN
115.02,32.04,35.06,32.00,20.00,AUTO,0,32,NaN,-2.20,34.65,-0.58,31.87,NaN,NaN,NaN,NaN,NaN,NaN,NaN,NaN,NaN,NaN
116.02,32.05,35.06,32.00,20.00,AUTO,0,32,NaN,-2.20,34.65,-0.58,31.87,NaN,NaN,NaN,NaN,NaN,NaN,NaN,NaN,NaN,NaN
117.02,32.04,35.06,32.00,20.00,AUTO,0,32,NaN,-2.20,34.65,-0.58,31.87,NaN,NaN,NaN,NaN,NaN,NaN,NaN,NaN,NaN,NaN
118.02,32.04,35.06,32.00,20.00,AUTO,0,32,NaN,-2.20,34.65,-0.58,31.87,NaN,NaN,NaN,NaN,NaN,NaN,NaN,NaN,NaN,NaN
119.02,32.04,35.06,32.00,20.00,AUTO,0,32,NaN,-2.20,34.65,-0.58,31.87,NaN,NaN,NaN,NaN,NaN,NaN,NaN,NaN,NaN,NaN
120.03,32.03,35.06,32.00,20.00,AUTO,0,32,NaN,-2.20,34.65,-0.58,31.87,NaN,NaN,NaN,NaN,NaN,NaN,NaN,NaN,NaN,NaN
121.03,32.02,35.06,32.00,20.00,AUTO,0,32,NaN,-1.93,34.49,-0.31,32.26,NaN,NaN,NaN,NaN,NaN,NaN,NaN,NaN,NaN,NaN
122.03,32.02,35.06,32.00,20.00,AUTO,0,32,NaN,-1.93,34.49,-0.31,32.26,NaN,NaN,NaN,NaN,NaN,NaN,NaN,NaN,NaN,NaN
123.03,32.01,35.06,32.00,20.00,AUTO,0,32,NaN,-1.93,34.49,-0.31,32.26,NaN,NaN,NaN,NaN,NaN,NaN,NaN,NaN,NaN,NaN
124.03,32.01,35.06,32.00,20.00,AUTO,0,32,NaN,-1.93,34.49,-0.31,32.26,NaN,NaN,NaN,NaN,NaN,NaN,NaN,NaN,NaN,NaN
125.04,32.01,35.09,32.00,20.00,AUTO,0,32,NaN,-1.93,34.49,-0.31,32.26,NaN,NaN,NaN,NaN,NaN,NaN,NaN,NaN,NaN,NaN
126.04,32.02,35.09,32.00,20.00,AUTO,0,32,NaN,-1.93,34.49,-0.31,32.26,NaN,NaN,NaN,NaN,NaN,NaN,NaN,NaN,NaN,NaN
127.04,32.02,35.09,32.00,20.00,AUTO,0,32,NaN,-1.93,34.49,-0.31,32.26,NaN,NaN,NaN,NaN,NaN,NaN,NaN,NaN,NaN,NaN
128.04,32.03,35.09,32.00,20.00,AUTO,0,32,NaN,-1.93,34.49,-0.31,32.26,NaN,NaN,NaN,NaN,NaN,NaN,NaN,NaN,NaN,NaN
129.04,32.03,35.09,32.00,20.00,AUTO,0,32,NaN,-1.93,34.49,-0.31,32.26,NaN,NaN,NaN,NaN,NaN,NaN,NaN,NaN,NaN,NaN
130.04,32.03,35.09,32.00,20.00,AUTO,0,32,NaN,-1.93,34.49,-0.31,32.26,NaN,NaN,NaN,NaN,NaN,NaN,NaN,NaN,NaN,NaN
131.04,32.03,35.09,32.00,20.00,AUTO,0,32,NaN,-1.93,34.49,-0.31,32.26,NaN,NaN,NaN,NaN,NaN,NaN,NaN,NaN,NaN,NaN
132.04,32.03,35.09,32.00,20.00,AUTO,0,32,NaN,-1.93,34.49,-0.31,32.26,NaN,NaN,NaN,NaN,NaN,NaN,NaN,NaN,NaN,NaN
133.05,32.03,35.09,32.00,20.00,AUTO,0,32,NaN,-1.93,34.49,-0.31,32.26,NaN,NaN,NaN,NaN,NaN,NaN,NaN,NaN,NaN,NaN
134.05,32.03,35.09,32.00,20.00,AUTO,0,32,NaN,-1.93,34.49,-0.31,32.26,NaN,NaN,NaN,NaN,NaN,NaN,NaN,NaN,NaN,NaN
135.05,32.03,35.09,32.00,20.00,AUTO,0,32,NaN,-1.93,34.49,-0.31,32.26,NaN,NaN,NaN,NaN,NaN,NaN,NaN,NaN,NaN,NaN
136.05,32.02,35.09,32.00,20.00,AUTO,0,33,NaN,-1.65,34.37,0.48,33.19,NaN,NaN,NaN,NaN,NaN,NaN,NaN,NaN,NaN,NaN
137.05,32.01,35.09,32.00,20.00,AUTO,0,33,NaN,-1.65,34.37,0.48,33.19,NaN,NaN,NaN,NaN,NaN,NaN,NaN,NaN,NaN,NaN
138.05,32.01,35.09,32.00,20.00,AUTO,0,33,NaN,-1.65,34.37,0.48,33.19,NaN,NaN,NaN,NaN,NaN,NaN,NaN,NaN,NaN,NaN
139.06,32.01,35.09,32.00,20.00,AUTO,0,33,NaN,-1.65,34.37,0.48,33.19,NaN,NaN,NaN,NaN,NaN,NaN,NaN,NaN,NaN,NaN
140.06,32.01,35.09,32.00,20.00,AUTO,0,33,NaN,-1.65,34.37,0.48,33.19,NaN,NaN,NaN,NaN,NaN,NaN,NaN,NaN,NaN,NaN
141.06,32.02,35.13,32.00,20.00,AUTO,0,33,NaN,-1.65,34.37,0.48,33.19,NaN,NaN,NaN,NaN,NaN,NaN,NaN,NaN,NaN,NaN
142.06,32.03,35.13,32.00,20.00,AUTO,0,33,NaN,-1.65,34.37,0.48,33.19,NaN,NaN,NaN,NaN,NaN,NaN,NaN,NaN,NaN,NaN
143.06,32.03,35.13,32.00,20.00,AUTO,0,33,NaN,-1.65,34.37,0.48,33.19,NaN,NaN,NaN,NaN,NaN,NaN,NaN,NaN,NaN,NaN
144.06,32.03,35.13,32.00,20.00,AUTO,0,33,NaN,-1.65,34.37,0.48,33.19,NaN,NaN,NaN,NaN,NaN,NaN,NaN,NaN,NaN,NaN
145.06,32.04,35.13,32.00,20.00,AUTO,0,33,NaN,-1.65,34.37,0.48,33.19,NaN,NaN,NaN,NaN,NaN,NaN,NaN,NaN,NaN,NaN
146.06,32.04,35.09,32.00,20.00,AUTO,0,33,NaN,-1.65,34.37,0.48,33.19,NaN,NaN,NaN,NaN,NaN,NaN,NaN,NaN,NaN,NaN
147.07,32.04,35.09,32.00,20.00,AUTO,0,33,NaN,-1.65,34.37,0.48,33.19,NaN,NaN,NaN,NaN,NaN,NaN,NaN,NaN,NaN,NaN
148.07,32.04,35.09,32.00,20.00,AUTO,0,33,NaN,-1.65,34.37,0.48,33.19,NaN,NaN,NaN,NaN,NaN,NaN,NaN,NaN,NaN,NaN
149.07,32.04,35.09,32.00,20.00,AUTO,0,33,NaN,-1.65,34.37,0.48,33.19,NaN,NaN,NaN,NaN,NaN,NaN,NaN,NaN,NaN,NaN
150.07,32.03,35.09,32.00,20.00,AUTO,0,33,NaN,-1.65,34.37,0.48,33.19,NaN,NaN,NaN,NaN,NaN,NaN,NaN,NaN,NaN,NaN
151.08,32.03,35.09,32.00,20.00,AUTO,0,31,NaN,-1.93,34.23,-0.95,31.35,NaN,NaN,NaN,NaN,NaN,NaN,NaN,NaN,NaN,NaN
152.08,32.02,35.09,32.00,20.00,AUTO,0,31,NaN,-1.93,34.23,-0.95,31.35,NaN,NaN,NaN,NaN,NaN,NaN,NaN,NaN,NaN,NaN
153.08,32.02,35.13,32.00,20.00,AUTO,0,31,NaN,-1.93,34.23,-0.95,31.35,NaN,NaN,NaN,NaN,NaN,NaN,NaN,NaN,NaN,NaN
154.08,32.02,35.13,32.00,20.00,AUTO,0,31,NaN,-1.93,34.23,-0.95,31.35,NaN,NaN,NaN,NaN,NaN,NaN,NaN,NaN,NaN,NaN
155.08,32.02,35.13,32.00,20.00,AUTO,0,31,NaN,-1.93,34.23,-0.95,31.35,NaN,NaN,NaN,NaN,NaN,NaN,NaN,NaN,NaN,NaN
156.08,32.03,35.13,32.00,20.00,AUTO,0,31,NaN,-1.93,34.23,-0.95,31.35,NaN,NaN,NaN,NaN,NaN,NaN,NaN,NaN,NaN,NaN
157.08,32.03,35.13,32.00,20.00,AUTO,0,31,NaN,-1.93,34.23,-0.95,31.35,NaN,NaN,NaN,NaN,NaN,NaN,NaN,NaN,NaN,NaN
158.09,32.04,35.13,32.00,20.00,AUTO,0,31,NaN,-1.93,34.23,-0.95,31.35,NaN,NaN,NaN,NaN,NaN,NaN,NaN,NaN,NaN,NaN
159.09,32.03,35.13,32.00,20.00,AUTO,0,31,NaN,-1.93,34.23,-0.95,31.35,NaN,NaN,NaN,NaN,NaN,NaN,NaN,NaN,NaN,NaN
160.09,32.04,35.13,32.00,20.00,AUTO,0,31,NaN,-1.93,34.23,-0.95,31.35,NaN,NaN,NaN,NaN,NaN,NaN,NaN,NaN,NaN,NaN
161.09,32.03,35.13,32.00,20.00,AUTO,0,31,NaN,-1.93,34.23,-0.95,31.35,NaN,NaN,NaN,NaN,NaN,NaN,NaN,NaN,NaN,NaN
162.09,32.04,35.13,32.00,20.00,AUTO,0,31,NaN,-1.93,34.23,-0.95,31.35,NaN,NaN,NaN,NaN,NaN,NaN,NaN,NaN,NaN,NaN
163.10,32.04,35.13,32.00,20.00,AUTO,0,31,NaN,-1.93,34.23,-0.95,31.35,NaN,NaN,NaN,NaN,NaN,NaN,NaN,NaN,NaN,NaN
164.09,32.04,35.13,32.00,20.00,AUTO,0,31,NaN,-1.93,34.23,-0.95,31.35,NaN,NaN,NaN,NaN,NaN,NaN,NaN,NaN,NaN,NaN
165.10,32.03,35.13,32.00,20.00,AUTO,0,31,NaN,-1.93,34.23,-0.95,31.35,NaN,NaN,NaN,NaN,NaN,NaN,NaN,NaN,NaN,NaN
166.10,32.02,35.13,32.00,20.00,AUTO,0,32,NaN,-1.93,34.07,-0.10,32.04,NaN,NaN,NaN,NaN,NaN,NaN,NaN,NaN,NaN,NaN
167.10,32.02,35.13,32.00,20.00,AUTO,0,32,NaN,-1.93,34.07,-0.10,32.04,NaN,NaN,NaN,NaN,NaN,NaN,NaN,NaN,NaN,NaN
168.10,32.01,35.13,32.00,20.00,AUTO,0,32,NaN,-1.93,34.07,-0.10,32.04,NaN,NaN,NaN,NaN,NaN,NaN,NaN,NaN,NaN,NaN
169.10,32.01,35.13,32.00,20.00,AUTO,0,32,NaN,-1.93,34.07,-0.10,32.04,NaN,NaN,NaN,NaN,NaN,NaN,NaN,NaN,NaN,NaN
170.10,32.01,35.13,32.00,20.00,AUTO,0,32,NaN,-1.93,34.07,-0.10,32.04,NaN,NaN,NaN,NaN,NaN,NaN,NaN,NaN,NaN,NaN
171.11,32.03,35.13,32.00,20.00,AUTO,0,32,NaN,-1.93,34.07,-0.10,32.04,NaN,NaN,NaN,NaN,NaN,NaN,NaN,NaN,NaN,NaN
172.11,32.03,35.13,32.00,20.00,AUTO,0,32,NaN,-1.93,34.07,-0.10,32.04,NaN,NaN,NaN,NaN,NaN,NaN,NaN,NaN,NaN,NaN
173.11,32.03,35.13,32.00,20.00,AUTO,0,32,NaN,-1.93,34.07,-0.10,32.04,NaN,NaN,NaN,NaN,NaN,NaN,NaN,NaN,NaN,NaN
174.11,32.03,35.13,32.00,20.00,AUTO,0,32,NaN,-1.93,34.07,-0.10,32.04,NaN,NaN,NaN,NaN,NaN,NaN,NaN,NaN,NaN,NaN
175.11,32.03,35.13,32.00,20.00,AUTO,0,32,NaN,-1.93,34.07,-0.10,32.04,NaN,NaN,NaN,NaN,NaN,NaN,NaN,NaN,NaN,NaN
176.11,32.03,35.13,32.00,20.00,AUTO,0,32,NaN,-1.93,34.07,-0.10,32.04,NaN,NaN,NaN,NaN,NaN,NaN,NaN,NaN,NaN,NaN
177.12,32.03,35.13,32.00,20.00,AUTO,0,32,NaN,-1.93,34.07,-0.10,32.04,NaN,NaN,NaN,NaN,NaN,NaN,NaN,NaN,NaN,NaN
178.11,32.03,35.13,32.00,20.00,AUTO,0,32,NaN,-1.93,34.07,-0.10,32.04,NaN,NaN,NaN,NaN,NaN,NaN,NaN,NaN,NaN,NaN
179.12,32.03,35.13,32.00,20.00,AUTO,0,32,NaN,-1.93,34.07,-0.10,32.04,NaN,NaN,NaN,NaN,NaN,NaN,NaN,NaN,NaN,NaN
180.12,32.03,35.13,32.00,20.00,AUTO,0,32,NaN,-1.93,34.07,-0.10,32.04,NaN,NaN,NaN,NaN,NaN,NaN,NaN,NaN,NaN,NaN
181.12,32.01,35.16,32.00,20.00,AUTO,0,32,NaN,-1.65,33.94,0.10,32.39,NaN,NaN,NaN,NaN,NaN,NaN,NaN,NaN,NaN,NaN
182.12,32.01,35.16,32.00,20.00,AUTO,0,32,NaN,-1.65,33.94,0.10,32.39,NaN,NaN,NaN,NaN,NaN,NaN,NaN,NaN,NaN,NaN
183.12,32.01,35.16,32.00,20.00,AUTO,0,32,NaN,-1.65,33.94,0.10,32.39,NaN,NaN,NaN,NaN,NaN,NaN,NaN,NaN,NaN,NaN
184.13,32.01,35.16,32.00,20.00,AUTO,0,32,NaN,-1.65,33.94,0.10,32.39,NaN,NaN,NaN,NaN,NaN,NaN,NaN,NaN,NaN,NaN
185.13,32.01,35.16,32.00,20.00,AUTO,0,32,NaN,-1.65,33.94,0.10,32.39,NaN,NaN,NaN,NaN,NaN,NaN,NaN,NaN,NaN,NaN
186.13,32.02,35.16,32.00,20.00,AUTO,0,32,NaN,-1.65,33.94,0.10,32.39,NaN,NaN,NaN,NaN,NaN,NaN,NaN,NaN,NaN,NaN
187.13,32.02,35.16,32.00,20.00,AUTO,0,32,NaN,-1.65,33.94,0.10,32.39,NaN,NaN,NaN,NaN,NaN,NaN,NaN,NaN,NaN,NaN
188.13,32.03,35.16,32.00,20.00,AUTO,0,32,NaN,-1.65,33.94,0.10,32.39,NaN,NaN,NaN,NaN,NaN,NaN,NaN,NaN,NaN,NaN
189.13,32.03,35.16,32.00,20.00,AUTO,0,32,NaN,-1.65,33.94,0.10,32.39,NaN,NaN,NaN,NaN,NaN,NaN,NaN,NaN,NaN,NaN
190.14,32.03,35.16,32.00,20.00,AUTO,0,32,NaN,-1.65,33.94,0.10,32.39,NaN,NaN,NaN,NaN,NaN,NaN,NaN,NaN,NaN,NaN
191.14,32.03,35.16,32.00,20.00,AUTO,0,32,NaN,-1.65,33.94,0.10,32.39,NaN,NaN,NaN,NaN,NaN,NaN,NaN,NaN,NaN,NaN
192.14,32.04,35.16,32.00,20.00,AUTO,0,32,NaN,-1.65,33.94,0.10,32.39,NaN,NaN,NaN,NaN,NaN,NaN,NaN,NaN,NaN,NaN
193.14,32.03,35.16,32.00,20.00,AUTO,0,32,NaN,-1.65,33.94,0.10,32.39,NaN,NaN,NaN,NaN,NaN,NaN,NaN,NaN,NaN,NaN
194.14,32.04,35.16,32.00,20.00,AUTO,0,32,NaN,-1.65,33.94,0.10,32.39,NaN,NaN,NaN,NaN,NaN,NaN,NaN,NaN,NaN,NaN
195.14,32.03,35.16,32.00,20.00,AUTO,0,32,NaN,-1.65,33.94,0.10,32.39,NaN,NaN,NaN,NaN,NaN,NaN,NaN,NaN,NaN,NaN
196.15,32.02,35.16,32.00,20.00,AUTO,0,31,NaN,-1.93,33.81,-0.68,31.20,NaN,NaN,NaN,NaN,NaN,NaN,NaN,NaN,NaN,NaN
197.14,32.01,35.16,32.00,20.00,AUTO,0,31,NaN,-1.93,33.81,-0.68,31.20,NaN,NaN,NaN,NaN,NaN,NaN,NaN,NaN,NaN,NaN
198.15,32.01,35.16,32.00,20.00,AUTO,0,31,NaN,-1.93,33.81,-0.68,31.20,NaN,NaN,NaN,NaN,NaN,NaN,NaN,NaN,NaN,NaN
199.15,32.01,35.20,32.00,20.00,AUTO,0,31,NaN,-1.93,33.81,-0.68,31.20,NaN,NaN,NaN,NaN,NaN,NaN,NaN,NaN,NaN,NaN
200.15,32.01,35.20,32.00,20.00,AUTO,0,31,NaN,-1.93,33.81,-0.68,31.20,NaN,NaN,NaN,NaN,NaN,NaN,NaN,NaN,NaN,NaN
201.15,32.02,35.20,32.00,20.00,AUTO,0,31,NaN,-1.93,33.81,-0.68,31.20,NaN,NaN,NaN,NaN,NaN,NaN,NaN,NaN,NaN,NaN
202.15,32.02,35.20,32.00,20.00,AUTO,0,31,NaN,-1.93,33.81,-0.68,31.20,NaN,NaN,NaN,NaN,NaN,NaN,NaN,NaN,NaN,NaN
203.16,32.02,35.20,32.00,20.00,AUTO,0,31,NaN,-1.93,33.81,-0.68,31.20,NaN,NaN,NaN,NaN,NaN,NaN,NaN,NaN,NaN,NaN
204.16,32.03,35.20,32.00,20.00,AUTO,0,31,NaN,-1.93,33.81,-0.68,31.20,NaN,NaN,NaN,NaN,NaN,NaN,NaN,NaN,NaN,NaN
205.16,32.03,35.20,32.00,20.00,AUTO,0,31,NaN,-1.93,33.81,-0.68,31.20,NaN,NaN,NaN,NaN,NaN,NaN,NaN,NaN,NaN,NaN
206.16,32.03,35.20,32.00,20.00,AUTO,0,31,NaN,-1.93,33.81,-0.68,31.20,NaN,NaN,NaN,NaN,NaN,NaN,NaN,NaN,NaN,NaN
207.16,32.03,35.20,32.00,20.00,AUTO,0,31,NaN,-1.93,33.81,-0.68,31.20,NaN,NaN,NaN,NaN,NaN,NaN,NaN,NaN,NaN,NaN
208.16,32.03,35.20,32.00,20.00,AUTO,0,31,NaN,-1.93,33.81,-0.68,31.20,NaN,NaN,NaN,NaN,NaN,NaN,NaN,NaN,NaN,NaN
209.17,32.03,35.20,32.00,20.00,AUTO,0,31,NaN,-1.93,33.81,-0.68,31.20,NaN,NaN,NaN,NaN,NaN,NaN,NaN,NaN,NaN,NaN
210.16,32.02,35.20,32.00,20.00,AUTO,0,31,NaN,-1.93,33.81,-0.68,31.20,NaN,NaN,NaN,NaN,NaN,NaN,NaN,NaN,NaN,NaN
211.17,32.01,35.20,32.00,20.00,AUTO,0,32,NaN,-1.37,33.70,0.15,32.48,NaN,NaN,NaN,NaN,NaN,NaN,NaN,NaN,NaN,NaN
212.17,32.01,35.20,32.00,20.00,AUTO,0,32,NaN,-1.37,33.70,0.15,32.48,NaN,NaN,NaN,NaN,NaN,NaN,NaN,NaN,NaN,NaN
213.17,32.01,35.20,32.00,20.00,AUTO,0,32,NaN,-1.37,33.70,0.15,32.48,NaN,NaN,NaN,NaN,NaN,NaN,NaN,NaN,NaN,NaN
214.17,32.01,35.20,32.00,20.00,AUTO,0,32,NaN,-1.37,33.70,0.15,32.48,NaN,NaN,NaN,NaN,NaN,NaN,NaN,NaN,NaN,NaN
215.17,32.01,35.20,32.00,20.00,AUTO,0,32,NaN,-1.37,33.70,0.15,32.48,NaN,NaN,NaN,NaN,NaN,NaN,NaN,NaN,NaN,NaN
216.18,32.01,35.20,32.00,20.00,AUTO,0,32,NaN,-1.37,33.70,0.15,32.48,NaN,NaN,NaN,NaN,NaN,NaN,NaN,NaN,NaN,NaN
217.18,32.02,35.20,32.00,20.00,AUTO,0,32,NaN,-1.37,33.70,0.15,32.48,NaN,NaN,NaN,NaN,NaN,NaN,NaN,NaN,NaN,NaN
218.18,32.02,35.20,32.00,20.00,AUTO,0,32,NaN,-1.37,33.70,0.15,32.48,NaN,NaN,NaN,NaN,NaN,NaN,NaN,NaN,NaN,NaN
219.18,32.02,35.20,32.00,20.00,AUTO,0,32,NaN,-1.37,33.70,0.15,32.48,NaN,NaN,NaN,NaN,NaN,NaN,NaN,NaN,NaN,NaN
220.18,32.03,35.20,32.00,20.00,AUTO,0,32,NaN,-1.37,33.70,0.15,32.48,NaN,NaN,NaN,NaN,NaN,NaN,NaN,NaN,NaN,NaN
221.18,32.02,35.20,32.00,20.00,AUTO,0,32,NaN,-1.37,33.70,0.15,32.48,NaN,NaN,NaN,NaN,NaN,NaN,NaN,NaN,NaN,NaN
222.19,32.03,35.20,32.00,20.00,AUTO,0,32,NaN,-1.37,33.70,0.15,32.48,NaN,NaN,NaN,NaN,NaN,NaN,NaN,NaN,NaN,NaN
223.19,32.03,35.20,32.00,20.00,AUTO,0,32,NaN,-1.37,33.70,0.15,32.48,NaN,NaN,NaN,NaN,NaN,NaN,NaN,NaN,NaN,NaN
224.19,32.02,35.20,32.00,20.00,AUTO,0,32,NaN,-1.37,33.70,0.15,32.48,NaN,NaN,NaN,NaN,NaN,NaN,NaN,NaN,NaN,NaN
225.19,32.02,35.20,32.00,20.00,AUTO,0,32,NaN,-1.37,33.70,0.15,32.48,NaN,NaN,NaN,NaN,NaN,NaN,NaN,NaN,NaN,NaN
226.19,32.01,35.20,32.00,20.00,AUTO,0,33,NaN,-1.10,33.61,0.03,32.53,NaN,NaN,NaN,NaN,NaN,NaN,NaN,NaN,NaN,NaN
227.19,32.01,35.20,32.00,20.00,AUTO,0,33,NaN,-1.10,33.61,0.03,32.53,NaN,NaN,NaN,NaN,NaN,NaN,NaN,NaN,NaN,NaN
228.19,32.01,35.20,32.00,20.00,AUTO,0,33,NaN,-1.10,33.61,0.03,32.53,NaN,NaN,NaN,NaN,NaN,NaN,NaN,NaN,NaN,NaN
229.19,32.01,35.20,32.00,20.00,AUTO,0,33,NaN,-1.10,33.61,0.03,32.53,NaN,NaN,NaN,NaN,NaN,NaN,NaN,NaN,NaN,NaN
230.20,32.01,35.20,32.00,20.00,AUTO,0,33,NaN,-1.10,33.61,0.03,32.53,NaN,NaN,NaN,NaN,NaN,NaN,NaN,NaN,NaN,NaN
231.20,32.01,35.20,32.00,20.00,AUTO,0,33,NaN,-1.10,33.61,0.03,32.53,NaN,NaN,NaN,NaN,NaN,NaN,NaN,NaN,NaN,NaN
232.20,32.01,35.20,32.00,20.00,AUTO,0,33,NaN,-1.10,33.61,0.03,32.53,NaN,NaN,NaN,NaN,NaN,NaN,NaN,NaN,NaN,NaN
233.20,32.01,35.20,32.00,20.00,AUTO,0,33,NaN,-1.10,33.61,0.03,32.53,NaN,NaN,NaN,NaN,NaN,NaN,NaN,NaN,NaN,NaN
234.20,32.01,35.20,32.00,20.00,AUTO,0,33,NaN,-1.10,33.61,0.03,32.53,NaN,NaN,NaN,NaN,NaN,NaN,NaN,NaN,NaN,NaN
235.21,32.01,35.20,32.00,20.00,AUTO,0,33,NaN,-1.10,33.61,0.03,32.53,NaN,NaN,NaN,NaN,NaN,NaN,NaN,NaN,NaN,NaN
236.21,32.01,35.20,32.00,20.00,AUTO,0,33,NaN,-1.10,33.61,0.03,32.53,NaN,NaN,NaN,NaN,NaN,NaN,NaN,NaN,NaN,NaN
237.21,32.01,35.20,32.00,20.00,AUTO,0,33,NaN,-1.10,33.61,0.03,32.53,NaN,NaN,NaN,NaN,NaN,NaN,NaN,NaN,NaN,NaN
238.21,32.01,35.20,32.00,20.00,AUTO,0,33,NaN,-1.10,33.61,0.03,32.53,NaN,NaN,NaN,NaN,NaN,NaN,NaN,NaN,NaN,NaN
239.21,32.01,35.20,32.00,20.00,AUTO,0,33,NaN,-1.10,33.61,0.03,32.53,NaN,NaN,NaN,NaN,NaN,NaN,NaN,NaN,NaN,NaN
240.21,32.01,35.20,32.00,20.00,AUTO,0,33,NaN,-1.10,33.61,0.03,32.53,NaN,NaN,NaN,NaN,NaN,NaN,NaN,NaN,NaN,NaN
241.21,32.00,35.20,32.00,20.00,AUTO,0,34,NaN,-0.55,33.55,0.97,33.97,NaN,NaN,NaN,NaN,NaN,NaN,NaN,NaN,NaN,NaN
242.21,31.99,35.20,32.00,20.00,AUTO,0,34,NaN,-0.55,33.55,0.97,33.97,NaN,NaN,NaN,NaN,NaN,NaN,NaN,NaN,NaN,NaN
243.22,31.99,35.20,32.00,20.00,AUTO,0,34,NaN,-0.55,33.55,0.97,33.97,NaN,NaN,NaN,NaN,NaN,NaN,NaN,NaN,NaN,NaN
244.22,31.99,35.20,32.00,20.00,AUTO,0,34,NaN,-0.55,33.55,0.97,33.97,NaN,NaN,NaN,NaN,NaN,NaN,NaN,NaN,NaN,NaN
245.23,31.99,35.20,32.00,20.00,AUTO,0,34,NaN,-0.55,33.55,0.97,33.97,NaN,NaN,NaN,NaN,NaN,NaN,NaN,NaN,NaN,NaN
246.22,31.99,35.20,32.00,20.00,AUTO,0,34,NaN,-0.55,33.55,0.97,33.97,NaN,NaN,NaN,NaN,NaN,NaN,NaN,NaN,NaN,NaN
247.22,32.01,35.20,32.00,20.00,AUTO,0,34,NaN,-0.55,33.55,0.97,33.97,NaN,NaN,NaN,NaN,NaN,NaN,NaN,NaN,NaN,NaN
248.23,32.01,35.20,32.00,20.00,AUTO,0,34,NaN,-0.55,33.55,0.97,33.97,NaN,NaN,NaN,NaN,NaN,NaN,NaN,NaN,NaN,NaN
249.23,32.01,35.20,32.00,20.00,AUTO,0,34,NaN,-0.55,33.55,0.97,33.97,NaN,NaN,NaN,NaN,NaN,NaN,NaN,NaN,NaN,NaN
250.23,32.01,35.20,32.00,20.00,AUTO,0,34,NaN,-0.55,33.55,0.97,33.97,NaN,NaN,NaN,NaN,NaN,NaN,NaN,NaN,NaN,NaN
251.23,32.01,35.20,32.00,20.00,AUTO,0,34,NaN,-0.55,33.55,0.97,33.97,NaN,NaN,NaN,NaN,NaN,NaN,NaN,NaN,NaN,NaN
252.23,32.02,35.20,32.00,20.00,AUTO,0,34,NaN,-0.55,33.55,0.97,33.97,NaN,NaN,NaN,NaN,NaN,NaN,NaN,NaN,NaN,NaN
253.23,32.02,35.20,32.00,20.00,AUTO,0,34,NaN,-0.55,33.55,0.97,33.97,NaN,NaN,NaN,NaN,NaN,NaN,NaN,NaN,NaN,NaN
254.23,32.01,35.20,32.00,20.00,AUTO,0,34,NaN,-0.55,33.55,0.97,33.97,NaN,NaN,NaN,NaN,NaN,NaN,NaN,NaN,NaN,NaN
255.24,32.01,35.20,32.00,20.00,AUTO,0,34,NaN,-0.55,33.55,0.97,33.97,NaN,NaN,NaN,NaN,NaN,NaN,NaN,NaN,NaN,NaN
256.24,32.00,35.20,32.00,20.00,AUTO,0,32,NaN,-0.55,33.53,-0.60,32.38,NaN,NaN,NaN,NaN,NaN,NaN,NaN,NaN,NaN,NaN
257.24,32.00,35.20,32.00,20.00,AUTO,0,32,NaN,-0.55,33.53,-0.60,32.38,NaN,NaN,NaN,NaN,NaN,NaN,NaN,NaN,NaN,NaN
258.24,32.00,35.20,32.00,20.00,AUTO,0,32,NaN,-0.55,33.53,-0.60,32.38,NaN,NaN,NaN,NaN,NaN,NaN,NaN,NaN,NaN,NaN
259.24,32.00,35.20,32.00,20.00,AUTO,0,32,NaN,-0.55,33.53,-0.60,32.38,NaN,NaN,NaN,NaN,NaN,NaN,NaN,NaN,NaN,NaN
260.24,32.00,35.20,32.00,20.00,AUTO,0,32,NaN,-0.55,33.53,-0.60,32.38,NaN,NaN,NaN,NaN,NaN,NaN,NaN,NaN,NaN,NaN
261.24,32.01,35.20,32.00,20.00,AUTO,0,32,NaN,-0.55,33.53,-0.60,32.38,NaN,NaN,NaN,NaN,NaN,NaN,NaN,NaN,NaN,NaN
262.25,32.01,35.20,32.00,20.00,AUTO,0,32,NaN,-0.55,33.53,-0.60,32.38,NaN,NaN,NaN,NaN,NaN,NaN,NaN,NaN,NaN,NaN
263.25,32.01,35.20,32.00,20.00,AUTO,0,32,NaN,-0.55,33.53,-0.60,32.38,NaN,NaN,NaN,NaN,NaN,NaN,NaN,NaN,NaN,NaN
264.25,32.02,35.20,32.00,20.00,AUTO,0,32,NaN,-0.55,33.53,-0.60,32.38,NaN,NaN,NaN,NaN,NaN,NaN,NaN,NaN,NaN,NaN
265.25,32.02,35.20,32.00,20.00,AUTO,0,32,NaN,-0.55,33.53,-0.60,32.38,NaN,NaN,NaN,NaN,NaN,NaN,NaN,NaN,NaN,NaN
266.25,32.03,35.20,32.00,20.00,AUTO,0,32,NaN,-0.55,33.53,-0.60,32.38,NaN,NaN,NaN,NaN,NaN,NaN,NaN,NaN,NaN,NaN
267.25,32.03,35.20,32.00,20.00,AUTO,0,32,NaN,-0.55,33.53,-0.60,32.38,NaN,NaN,NaN,NaN,NaN,NaN,NaN,NaN,NaN,NaN
268.26,32.03,35.20,32.00,20.00,AUTO,0,32,NaN,-0.55,33.53,-0.60,32.38,NaN,NaN,NaN,NaN,NaN,NaN,NaN,NaN,NaN,NaN
269.26,32.03,35.20,32.00,20.00,AUTO,0,32,NaN,-0.55,33.53,-0.60,32.38,NaN,NaN,NaN,NaN,NaN,NaN,NaN,NaN,NaN,NaN
270.26,32.03,35.20,32.00,20.00,AUTO,0,32,NaN,-0.55,33.53,-0.60,32.38,NaN,NaN,NaN,NaN,NaN,NaN,NaN,NaN,NaN,NaN
271.26,32.01,35.20,32.00,20.00,AUTO,0,30,NaN,-1.65,33.46,-1.43,30.37,NaN,NaN,NaN,NaN,NaN,NaN,NaN,NaN,NaN,NaN
272.26,32.01,35.20,32.00,20.00,AUTO,0,30,NaN,-1.65,33.46,-1.43,30.37,NaN,NaN,NaN,NaN,NaN,NaN,NaN,NaN,NaN,NaN
273.27,32.01,35.20,32.00,20.00,AUTO,0,30,NaN,-1.65,33.46,-1.43,30.37,NaN,NaN,NaN,NaN,NaN,NaN,NaN,NaN,NaN,NaN
274.26,32.01,35.20,32.00,20.00,AUTO,0,30,NaN,-1.65,33.46,-1.43,30.37,NaN,NaN,NaN,NaN,NaN,NaN,NaN,NaN,NaN,NaN
275.27,32.01,35.20,32.00,20.00,AUTO,0,30,NaN,-1.65,33.46,-1.43,30.37,NaN,NaN,NaN,NaN,NaN,NaN,NaN,NaN,NaN,NaN
276.27,32.02,35.20,32.00,20.00,AUTO,0,30,NaN,-1.65,33.46,-1.43,30.37,NaN,NaN,NaN,NaN,NaN,NaN,NaN,NaN,NaN,NaN
277.27,32.02,35.20,32.00,20.00,AUTO,0,30,NaN,-1.65,33.46,-1.43,30.37,NaN,NaN,NaN,NaN,NaN,NaN,NaN,NaN,NaN,NaN
278.27,32.02,35.20,32.00,20.00,AUTO,0,30,NaN,-1.65,33.46,-1.43,30.37,NaN,NaN,NaN,NaN,NaN,NaN,NaN,NaN,NaN,NaN
279.27,32.03,35.20,32.00,20.00,AUTO,0,30,NaN,-1.65,33.46,-1.43,30.37,NaN,NaN,NaN,NaN,NaN,NaN,NaN,NaN,NaN,NaN
280.27,32.03,35.20,32.00,20.00,AUTO,0,30,NaN,-1.65,33.46,-1.43,30.37,NaN,NaN,NaN,NaN,NaN,NaN,NaN,NaN,NaN,NaN
281.28,32.03,35.20,32.00,20.00,AUTO,0,30,NaN,-1.65,33.46,-1.43,30.37,NaN,NaN,NaN,NaN,NaN,NaN,NaN,NaN,NaN,NaN
282.28,32.03,35.20,32.00,20.00,AUTO,0,30,NaN,-1.65,33.46,-1.43,30.37,NaN,NaN,NaN,NaN,NaN,NaN,NaN,NaN,NaN,NaN
283.28,32.02,35.20,32.00,20.00,AUTO,0,30,NaN,-1.65,33.46,-1.43,30.37,NaN,NaN,NaN,NaN,NaN,NaN,NaN,NaN,NaN,NaN
284.28,32.02,35.20,32.00,20.00,AUTO,0,30,NaN,-1.65,33.46,-1.43,30.37,NaN,NaN,NaN,NaN,NaN,NaN,NaN,NaN,NaN,NaN
285.28,32.02,35.20,32.00,20.00,AUTO,0,30,NaN,-1.65,33.46,-1.43,30.37,NaN,NaN,NaN,NaN,NaN,NaN,NaN,NaN,NaN,NaN
286.29,32.01,35.20,32.00,20.00,AUTO,0,32,NaN,-1.10,33.35,0.09,32.35,NaN,NaN,NaN,NaN,NaN,NaN,NaN,NaN,NaN,NaN
287.29,32.01,35.20,32.00,20.00,AUTO,0,32,NaN,-1.10,33.35,0.09,32.35,NaN,NaN,NaN,NaN,NaN,NaN,NaN,NaN,NaN,NaN
288.28,32.01,35.20,32.00,20.00,AUTO,0,32,NaN,-1.10,33.35,0.09,32.35,NaN,NaN,NaN,NaN,NaN,NaN,NaN,NaN,NaN,NaN
289.29,32.00,35.20,32.00,20.00,AUTO,0,32,NaN,-1.10,33.35,0.09,32.35,NaN,NaN,NaN,NaN,NaN,NaN,NaN,NaN,NaN,NaN
290.29,32.01,35.23,32.00,20.00,AUTO,0,32,NaN,-1.10,33.35,0.09,32.35,NaN,NaN,NaN,NaN,NaN,NaN,NaN,NaN,NaN,NaN
291.29,32.01,35.23,32.00,20.00,AUTO,0,32,NaN,-1.10,33.35,0.09,32.35,NaN,NaN,NaN,NaN,NaN,NaN,NaN,NaN,NaN,NaN
292.29,32.01,35.23,32.00,20.00,AUTO,0,32,NaN,-1.10,33.35,0.09,32.35,NaN,NaN,NaN,NaN,NaN,NaN,NaN,NaN,NaN,NaN
293.29,32.02,35.23,32.00,20.00,AUTO,0,32,NaN,-1.10,33.35,0.09,32.35,NaN,NaN,NaN,NaN,NaN,NaN,NaN,NaN,NaN,NaN
294.30,32.02,35.23,32.00,20.00,AUTO,0,32,NaN,-1.10,33.35,0.09,32.35,NaN,NaN,NaN,NaN,NaN,NaN,NaN,NaN,NaN,NaN
295.30,32.01,35.20,32.00,20.00,AUTO,0,32,NaN,-1.10,33.35,0.09,32.35,NaN,NaN,NaN,NaN,NaN,NaN,NaN,NaN,NaN,NaN
296.30,32.02,35.23,32.00,20.00,AUTO,0,32,NaN,-1.10,33.35,0.09,32.35,NaN,NaN,NaN,NaN,NaN,NaN,NaN,NaN,NaN,NaN
297.30,32.02,35.20,32.00,20.00,AUTO,0,32,NaN,-1.10,33.35,0.09,32.35,NaN,NaN,NaN,NaN,NaN,NaN,NaN,NaN,NaN,NaN
298.30,32.02,35.23,32.00,20.00,AUTO,0,32,NaN,-1.10,33.35,0.09,32.35,NaN,NaN,NaN,NaN,NaN,NaN,NaN,NaN,NaN,NaN
299.30,32.02,35.20,32.00,20.00,AUTO,0,32,NaN,-1.10,33.35,0.09,32.35,NaN,NaN,NaN,NaN,NaN,NaN,NaN,NaN,NaN,NaN
300.31,32.02,35.20,32.00,20.00,AUTO,0,32,NaN,-1.10,33.35,0.09,32.35,NaN,NaN,NaN,NaN,NaN,NaN,NaN,NaN,NaN,NaN
301.31,32.01,35.23,32.00,20.00,AUTO,0,32,NaN,-1.10,33.28,0.19,32.37,NaN,NaN,NaN,NaN,NaN,NaN,NaN,NaN,NaN,NaN
302.31,32.01,35.23,32.00,20.00,AUTO,0,32,NaN,-1.10,33.28,0.19,32.37,NaN,NaN,NaN,NaN,NaN,NaN,NaN,NaN,NaN,NaN
303.31,32.01,35.23,32.00,20.00,AUTO,0,32,NaN,-1.10,33.28,0.19,32.37,NaN,NaN,NaN,NaN,NaN,NaN,NaN,NaN,NaN,NaN
304.31,32.00,35.23,32.00,20.00,AUTO,0,32,NaN,-1.10,33.28,0.19,32.37,NaN,NaN,NaN,NaN,NaN,NaN,NaN,NaN,NaN,NaN
305.31,32.00,35.23,32.00,20.00,AUTO,0,32,NaN,-1.10,33.28,0.19,32.37,NaN,NaN,NaN,NaN,NaN,NaN,NaN,NaN,NaN,NaN
306.32,32.01,35.23,32.00,20.00,AUTO,0,32,NaN,-1.10,33.28,0.19,32.37,NaN,NaN,NaN,NaN,NaN,NaN,NaN,NaN,NaN,NaN
307.31,32.01,35.23,32.00,20.00,AUTO,0,32,NaN,-1.10,33.28,0.19,32.37,NaN,NaN,NaN,NaN,NaN,NaN,NaN,NaN,NaN,NaN
308.32,32.01,35.23,32.00,20.00,AUTO,0,32,NaN,-1.10,33.28,0.19,32.37,NaN,NaN,NaN,NaN,NaN,NaN,NaN,NaN,NaN,NaN
309.32,32.01,35.23,32.00,20.00,AUTO,0,32,NaN,-1.10,33.28,0.19,32.37,NaN,NaN,NaN,NaN,NaN,NaN,NaN,NaN,NaN,NaN
310.32,32.02,35.23,32.00,20.00,AUTO,0,32,NaN,-1.10,33.28,0.19,32.37,NaN,NaN,NaN,NaN,NaN,NaN,NaN,NaN,NaN,NaN
311.32,32.02,35.23,32.00,20.00,AUTO,0,32,NaN,-1.10,33.28,0.19,32.37,NaN,NaN,NaN,NaN,NaN,NaN,NaN,NaN,NaN,NaN
312.32,32.02,35.23,32.00,20.00,AUTO,0,32,NaN,-1.10,33.28,0.19,32.37,NaN,NaN,NaN,NaN,NaN,NaN,NaN,NaN,NaN,NaN
313.32,32.01,35.23,32.00,20.00,AUTO,0,32,NaN,-1.10,33.28,0.19,32.37,NaN,NaN,NaN,NaN,NaN,NaN,NaN,NaN,NaN,NaN
314.33,32.01,35.23,32.00,20.00,AUTO,0,32,NaN,-1.10,33.28,0.19,32.37,NaN,NaN,NaN,NaN,NaN,NaN,NaN,NaN,NaN,NaN
315.33,32.01,35.23,32.00,20.00,AUTO,0,32,NaN,-1.10,33.28,0.19,32.37,NaN,NaN,NaN,NaN,NaN,NaN,NaN,NaN,NaN,NaN
316.33,32.00,35.23,32.00,20.00,AUTO,0,33,NaN,-0.55,33.23,0.34,33.02,NaN,NaN,NaN,NaN,NaN,NaN,NaN,NaN,NaN,NaN
317.33,32.00,35.23,32.00,20.00,AUTO,0,33,NaN,-0.55,33.23,0.34,33.02,NaN,NaN,NaN,NaN,NaN,NaN,NaN,NaN,NaN,NaN
318.33,31.99,35.23,32.00,20.00,AUTO,0,33,NaN,-0.55,33.23,0.34,33.02,NaN,NaN,NaN,NaN,NaN,NaN,NaN,NaN,NaN,NaN
319.33,31.99,35.23,32.00,20.00,AUTO,0,33,NaN,-0.55,33.23,0.34,33.02,NaN,NaN,NaN,NaN,NaN,NaN,NaN,NaN,NaN,NaN
320.33,31.99,35.23,32.00,20.00,AUTO,0,33,NaN,-0.55,33.23,0.34,33.02,NaN,NaN,NaN,NaN,NaN,NaN,NaN,NaN,NaN,NaN
321.34,32.00,35.23,32.00,20.00,AUTO,0,33,NaN,-0.55,33.23,0.34,33.02,NaN,NaN,NaN,NaN,NaN,NaN,NaN,NaN,NaN,NaN
322.34,32.01,35.23,32.00,20.00,AUTO,0,33,NaN,-0.55,33.23,0.34,33.02,NaN,NaN,NaN,NaN,NaN,NaN,NaN,NaN,NaN,NaN
323.34,32.01,35.23,32.00,20.00,AUTO,0,33,NaN,-0.55,33.23,0.34,33.02,NaN,NaN,NaN,NaN,NaN,NaN,NaN,NaN,NaN,NaN
324.34,32.01,35.23,32.00,20.00,AUTO,0,33,NaN,-0.55,33.23,0.34,33.02,NaN,NaN,NaN,NaN,NaN,NaN,NaN,NaN,NaN,NaN
325.34,32.01,35.23,32.00,20.00,AUTO,0,33,NaN,-0.55,33.23,0.34,33.02,NaN,NaN,NaN,NaN,NaN,NaN,NaN,NaN,NaN,NaN
326.34,32.01,35.23,32.00,20.00,AUTO,0,33,NaN,-0.55,33.23,0.34,33.02,NaN,NaN,NaN,NaN,NaN,NaN,NaN,NaN,NaN,NaN
327.35,32.01,35.23,32.00,20.00,AUTO,0,33,NaN,-0.55,33.23,0.34,33.02,NaN,NaN,NaN,NaN,NaN,NaN,NaN,NaN,NaN,NaN
328.35,32.01,35.23,32.00,20.00,AUTO,0,33,NaN,-0.55,33.23,0.34,33.02,NaN,NaN,NaN,NaN,NaN,NaN,NaN,NaN,NaN,NaN
329.35,32.01,35.26,32.00,20.00,AUTO,0,33,NaN,-0.55,33.23,0.34,33.02,NaN,NaN,NaN,NaN,NaN,NaN,NaN,NaN,NaN,NaN
330.35,32.01,35.26,32.00,20.00,AUTO,0,33,NaN,-0.55,33.23,0.34,33.02,NaN,NaN,NaN,NaN,NaN,NaN,NaN,NaN,NaN,NaN
331.35,31.99,35.26,32.00,20.00,AUTO,0,33,NaN,-0.55,33.20,0.03,32.68,NaN,NaN,NaN,NaN,NaN,NaN,NaN,NaN,NaN,NaN
332.36,31.99,35.26,32.00,20.00,AUTO,0,33,NaN,-0.55,33.20,0.03,32.68,NaN,NaN,NaN,NaN,NaN,NaN,NaN,NaN,NaN,NaN
333.36,31.99,35.26,32.00,20.00,AUTO,0,33,NaN,-0.55,33.20,0.03,32.68,NaN,NaN,NaN,NaN,NaN,NaN,NaN,NaN,NaN,NaN
334.36,31.98,35.26,32.00,20.00,AUTO,0,33,NaN,-0.55,33.20,0.03,32.68,NaN,NaN,NaN,NaN,NaN,NaN,NaN,NaN,NaN,NaN
335.36,31.98,35.26,32.00,20.00,AUTO,0,33,NaN,-0.55,33.20,0.03,32.68,NaN,NaN,NaN,NaN,NaN,NaN,NaN,NaN,NaN,NaN
336.36,32.00,35.26,32.00,20.00,AUTO,0,33,NaN,-0.55,33.20,0.03,32.68,NaN,NaN,NaN,NaN,NaN,NaN,NaN,NaN,NaN,NaN
337.36,32.00,35.26,32.00,20.00,AUTO,0,33,NaN,-0.55,33.20,0.03,32.68,NaN,NaN,NaN,NaN,NaN,NaN,NaN,NaN,NaN,NaN
338.36,32.00,35.26,32.00,20.00,AUTO,0,33,NaN,-0.55,33.20,0.03,32.68,NaN,NaN,NaN,NaN,NaN,NaN,NaN,NaN,NaN,NaN
339.36,32.00,35.26,32.00,20.00,AUTO,0,33,NaN,-0.55,33.20,0.03,32.68,NaN,NaN,NaN,NaN,NaN,NaN,NaN,NaN,NaN,NaN
340.37,32.00,35.26,32.00,20.00,AUTO,0,33,NaN,-0.55,33.20,0.03,32.68,NaN,NaN,NaN,NaN,NaN,NaN,NaN,NaN,NaN,NaN
341.37,32.00,35.26,32.00,20.00,AUTO,0,33,NaN,-0.55,33.20,0.03,32.68,NaN,NaN,NaN,NaN,NaN,NaN,NaN,NaN,NaN,NaN
342.37,32.00,35.26,32.00,20.00,AUTO,0,33,NaN,-0.55,33.20,0.03,32.68,NaN,NaN,NaN,NaN,NaN,NaN,NaN,NaN,NaN,NaN
343.37,32.00,35.26,32.00,20.00,AUTO,0,33,NaN,-0.55,33.20,0.03,32.68,NaN,NaN,NaN,NaN,NaN,NaN,NaN,NaN,NaN,NaN
344.37,32.00,35.26,32.00,20.00,AUTO,0,33,NaN,-0.55,33.20,0.03,32.68,NaN,NaN,NaN,NaN,NaN,NaN,NaN,NaN,NaN,NaN
345.37,32.00,35.26,32.00,20.00,AUTO,0,33,NaN,-0.55,33.20,0.03,32.68,NaN,NaN,NaN,NaN,NaN,NaN,NaN,NaN,NaN,NaN
346.38,31.99,35.26,32.00,20.00,AUTO,0,34,NaN,0.00,33.23,0.42,33.64,NaN,NaN,NaN,NaN,NaN,NaN,NaN,NaN,NaN,NaN
347.38,31.98,35.26,32.00,20.00,AUTO,0,34,NaN,0.00,33.23,0.42,33.64,NaN,NaN,NaN,NaN,NaN,NaN,NaN,NaN,NaN,NaN
348.38,31.99,35.30,32.00,20.00,AUTO,0,34,NaN,0.00,33.23,0.42,33.64,NaN,NaN,NaN,NaN,NaN,NaN,NaN,NaN,NaN,NaN
349.38,31.99,35.30,32.00,20.00,AUTO,0,34,NaN,0.00,33.23,0.42,33.64,NaN,NaN,NaN,NaN,NaN,NaN,NaN,NaN,NaN,NaN
350.38,31.98,35.30,32.00,20.00,AUTO,0,34,NaN,0.00,33.23,0.42,33.64,NaN,NaN,NaN,NaN,NaN,NaN,NaN,NaN,NaN,NaN
351.39,31.98,35.30,32.00,20.00,AUTO,0,34,NaN,0.00,33.23,0.42,33.64,NaN,NaN,NaN,NaN,NaN,NaN,NaN,NaN,NaN,NaN
352.39,31.99,35.30,32.00,20.00,AUTO,0,34,NaN,0.00,33.23,0.42,33.64,NaN,NaN,NaN,NaN,NaN,NaN,NaN,NaN,NaN,NaN
353.39,32.00,35.30,32.00,20.00,AUTO,0,34,NaN,0.00,33.23,0.42,33.64,NaN,NaN,NaN,NaN,NaN,NaN,NaN,NaN,NaN,NaN
354.39,32.00,35.30,32.00,20.00,AUTO,0,34,NaN,0.00,33.23,0.42,33.64,NaN,NaN,NaN,NaN,NaN,NaN,NaN,NaN,NaN,NaN
355.39,32.00,35.30,32.00,20.00,AUTO,0,34,NaN,0.00,33.23,0.42,33.64,NaN,NaN,NaN,NaN,NaN,NaN,NaN,NaN,NaN,NaN
356.39,32.00,35.30,32.00,20.00,AUTO,0,34,NaN,0.00,33.23,0.42,33.64,NaN,NaN,NaN,NaN,NaN,NaN,NaN,NaN,NaN,NaN
357.39,32.00,35.30,32.00,20.00,AUTO,0,34,NaN,0.00,33.23,0.42,33.64,NaN,NaN,NaN,NaN,NaN,NaN,NaN,NaN,NaN,NaN
358.39,32.00,35.30,32.00,20.00,AUTO,0,34,NaN,0.00,33.23,0.42,33.64,NaN,NaN,NaN,NaN,NaN,NaN,NaN,NaN,NaN,NaN
359.40,31.99,35.30,32.00,20.00,AUTO,0,34,NaN,0.00,33.23,0.42,33.64,NaN,NaN,NaN,NaN,NaN,NaN,NaN,NaN,NaN,NaN
360.40,32.00,35.30,32.00,20.00,AUTO,0,34,NaN,0.00,33.23,0.42,33.64,NaN,NaN,NaN,NaN,NaN,NaN,NaN,NaN,NaN,NaN
361.40,31.98,35.30,32.00,20.00,AUTO,0,33,NaN,0.27,33.27,-0.10,33.44,NaN,NaN,NaN,NaN,NaN,NaN,NaN,NaN,NaN,NaN
362.40,31.98,35.30,32.00,20.00,AUTO,0,33,NaN,0.27,33.27,-0.10,33.44,NaN,NaN,NaN,NaN,NaN,NaN,NaN,NaN,NaN,NaN
363.40,31.98,35.30,32.00,20.00,AUTO,0,33,NaN,0.27,33.27,-0.10,33.44,NaN,NaN,NaN,NaN,NaN,NaN,NaN,NaN,NaN,NaN
364.40,31.98,35.30,32.00,20.00,AUTO,0,33,NaN,0.27,33.27,-0.10,33.44,NaN,NaN,NaN,NaN,NaN,NaN,NaN,NaN,NaN,NaN
365.40,31.97,35.30,32.00,20.00,AUTO,0,33,NaN,0.27,33.27,-0.10,33.44,NaN,NaN,NaN,NaN,NaN,NaN,NaN,NaN,NaN,NaN
366.41,31.99,35.30,32.00,20.00,AUTO,0,33,NaN,0.27,33.27,-0.10,33.44,NaN,NaN,NaN,NaN,NaN,NaN,NaN,NaN,NaN,NaN
367.41,31.99,35.30,32.00,20.00,AUTO,0,33,NaN,0.27,33.27,-0.10,33.44,NaN,NaN,NaN,NaN,NaN,NaN,NaN,NaN,NaN,NaN
368.41,32.00,35.33,32.00,20.00,AUTO,0,33,NaN,0.27,33.27,-0.10,33.44,NaN,NaN,NaN,NaN,NaN,NaN,NaN,NaN,NaN,NaN
369.41,32.00,35.30,32.00,20.00,AUTO,0,33,NaN,0.27,33.27,-0.10,33.44,NaN,NaN,NaN,NaN,NaN,NaN,NaN,NaN,NaN,NaN
370.41,32.01,35.30,32.00,20.00,AUTO,0,33,NaN,0.27,33.27,-0.10,33.44,NaN,NaN,NaN,NaN,NaN,NaN,NaN,NaN,NaN,NaN
371.41,32.01,35.30,32.00,20.00,AUTO,0,33,NaN,0.27,33.27,-0.10,33.44,NaN,NaN,NaN,NaN,NaN,NaN,NaN,NaN,NaN,NaN
372.42,32.01,35.30,32.00,20.00,AUTO,0,33,NaN,0.27,33.27,-0.10,33.44,NaN,NaN,NaN,NaN,NaN,NaN,NaN,NaN,NaN,NaN
373.42,32.01,35.30,32.00,20.00,AUTO,0,33,NaN,0.27,33.27,-0.10,33.44,NaN,NaN,NaN,NaN,NaN,NaN,NaN,NaN,NaN,NaN
374.42,32.00,35.30,32.00,20.00,AUTO,0,33,NaN,0.27,33.27,-0.10,33.44,NaN,NaN,NaN,NaN,NaN,NaN,NaN,NaN,NaN,NaN
375.42,32.00,35.30,32.00,20.00,AUTO,0,33,NaN,0.27,33.27,-0.10,33.44,NaN,NaN,NaN,NaN,NaN,NaN,NaN,NaN,NaN,NaN
376.43,31.99,35.30,32.00,20.00,AUTO,0,32,NaN,0.00,33.30,-0.97,32.33,NaN,NaN,NaN,NaN,NaN,NaN,NaN,NaN,NaN,NaN
377.42,31.99,35.30,32.00,20.00,AUTO,0,32,NaN,0.00,33.30,-0.97,32.33,NaN,NaN,NaN,NaN,NaN,NaN,NaN,NaN,NaN,NaN
378.43,31.98,35.30,32.00,20.00,AUTO,0,32,NaN,0.00,33.30,-0.97,32.33,NaN,NaN,NaN,NaN,NaN,NaN,NaN,NaN,NaN,NaN
379.43,31.98,35.30,32.00,20.00,AUTO,0,32,NaN,0.00,33.30,-0.97,32.33,NaN,NaN,NaN,NaN,NaN,NaN,NaN,NaN,NaN,NaN
380.43,31.98,35.33,32.00,20.00,AUTO,0,32,NaN,0.00,33.30,-0.97,32.33,NaN,NaN,NaN,NaN,NaN,NaN,NaN,NaN,NaN,NaN
381.43,31.99,35.33,32.00,20.00,AUTO,0,32,NaN,0.00,33.30,-0.97,32.33,NaN,NaN,NaN,NaN,NaN,NaN,NaN,NaN,NaN,NaN
382.43,31.99,35.33,32.00,20.00,AUTO,0,32,NaN,0.00,33.30,-0.97,32.33,NaN,NaN,NaN,NaN,NaN,NaN,NaN,NaN,NaN,NaN
383.43,32.00,35.33,32.00,20.00,AUTO,0,32,NaN,0.00,33.30,-0.97,32.33,NaN,NaN,NaN,NaN,NaN,NaN,NaN,NaN,NaN,NaN
384.43,31.99,35.33,32.00,20.00,AUTO,0,32,NaN,0.00,33.30,-0.97,32.33,NaN,NaN,NaN,NaN,NaN,NaN,NaN,NaN,NaN,NaN
385.44,32.00,35.33,32.00,20.00,AUTO,0,32,NaN,0.00,33.30,-0.97,32.33,NaN,NaN,NaN,NaN,NaN,NaN,NaN,NaN,NaN,NaN
386.44,32.00,35.33,32.00,20.00,AUTO,0,32,NaN,0.00,33.30,-0.97,32.33,NaN,NaN,NaN,NaN,NaN,NaN,NaN,NaN,NaN,NaN
387.44,32.00,35.33,32.00,20.00,AUTO,0,32,NaN,0.00,33.30,-0.97,32.33,NaN,NaN,NaN,NaN,NaN,NaN,NaN,NaN,NaN,NaN
388.44,32.00,35.33,32.00,20.00,AUTO,0,32,NaN,0.00,33.30,-0.97,32.33,NaN,NaN,NaN,NaN,NaN,NaN,NaN,NaN,NaN,NaN
389.44,31.99,35.33,32.00,20.00,AUTO,0,32,NaN,0.00,33.30,-0.97,32.33,NaN,NaN,NaN,NaN,NaN,NaN,NaN,NaN,NaN,NaN
390.44,32.00,35.33,32.00,20.00,AUTO,0,32,NaN,0.00,33.30,-0.97,32.33,NaN,NaN,NaN,NaN,NaN,NaN,NaN,NaN,NaN,NaN
391.45,31.98,35.33,32.00,20.00,AUTO,0,34,NaN,0.27,33.34,0.41,34.02,NaN,NaN,NaN,NaN,NaN,NaN,NaN,NaN,NaN,NaN
392.45,31.98,35.33,32.00,20.00,AUTO,0,34,NaN,0.27,33.34,0.41,34.02,NaN,NaN,NaN,NaN,NaN,NaN,NaN,NaN,NaN,NaN
393.45,31.98,35.33,32.00,20.00,AUTO,0,34,NaN,0.27,33.34,0.41,34.02,NaN,NaN,NaN,NaN,NaN,NaN,NaN,NaN,NaN,NaN
394.45,31.97,35.33,32.00,20.00,AUTO,0,34,NaN,0.27,33.34,0.41,34.02,NaN,NaN,NaN,NaN,NaN,NaN,NaN,NaN,NaN,NaN
395.45,31.97,35.33,32.00,20.00,AUTO,0,34,NaN,0.27,33.34,0.41,34.02,NaN,NaN,NaN,NaN,NaN,NaN,NaN,NaN,NaN,NaN
396.45,31.97,35.37,32.00,20.00,AUTO,0,34,NaN,0.27,33.34,0.41,34.02,NaN,NaN,NaN,NaN,NaN,NaN,NaN,NaN,NaN,NaN
397.46,31.99,35.37,32.00,20.00,AUTO,0,34,NaN,0.27,33.34,0.41,34.02,NaN,NaN,NaN,NaN,NaN,NaN,NaN,NaN,NaN,NaN
398.46,31.99,35.37,32.00,20.00,AUTO,0,34,NaN,0.27,33.34,0.41,34.02,NaN,NaN,NaN,NaN,NaN,NaN,NaN,NaN,NaN,NaN
399.46,32.00,35.33,32.00,20.00,AUTO,0,34,NaN,0.27,33.34,0.41,34.02,NaN,NaN,NaN,NaN,NaN,NaN,NaN,NaN,NaN,NaN
400.46,32.00,35.33,32.00,20.00,AUTO,0,34,NaN,0.27,33.34,0.41,34.02,NaN,NaN,NaN,NaN,NaN,NaN,NaN,NaN,NaN,NaN
401.46,32.00,35.33,32.00,20.00,AUTO,0,34,NaN,0.27,33.34,0.41,34.02,NaN,NaN,NaN,NaN,NaN,NaN,NaN,NaN,NaN,NaN
402.46,32.00,35.33,32.00,20.00,AUTO,0,34,NaN,0.27,33.34,0.41,34.02,NaN,NaN,NaN,NaN,NaN,NaN,NaN,NaN,NaN,NaN
403.46,32.00,35.33,32.00,20.00,AUTO,0,34,NaN,0.27,33.34,0.41,34.02,NaN,NaN,NaN,NaN,NaN,NaN,NaN,NaN,NaN,NaN
404.47,32.00,35.33,32.00,20.00,AUTO,0,34,NaN,0.27,33.34,0.41,34.02,NaN,NaN,NaN,NaN,NaN,NaN,NaN,NaN,NaN,NaN
405.47,32.00,35.33,32.00,20.00,AUTO,0,34,NaN,0.27,33.34,0.41,34.02,NaN,NaN,NaN,NaN,NaN,NaN,NaN,NaN,NaN,NaN
406.47,31.99,35.33,32.00,20.00,AUTO,0,33,NaN,0.00,33.40,-0.50,32.90,NaN,NaN,NaN,NaN,NaN,NaN,NaN,NaN,NaN,NaN
407.47,31.98,35.33,32.00,20.00,AUTO,0,33,NaN,0.00,33.40,-0.50,32.90,NaN,NaN,NaN,NaN,NaN,NaN,NaN,NaN,NaN,NaN
408.47,31.98,35.33,32.00,20.00,AUTO,0,33,NaN,0.00,33.40,-0.50,32.90,NaN,NaN,NaN,NaN,NaN,NaN,NaN,NaN,NaN,NaN
409.47,31.98,35.33,32.00,20.00,AUTO,0,33,NaN,0.00,33.40,-0.50,32.90,NaN,NaN,NaN,NaN,NaN,NaN,NaN,NaN,NaN,NaN
410.48,31.98,35.37,32.00,20.00,AUTO,0,33,NaN,0.00,33.40,-0.50,32.90,NaN,NaN,NaN,NaN,NaN,NaN,NaN,NaN,NaN,NaN
411.48,31.99,35.37,32.00,20.00,AUTO,0,33,NaN,0.00,33.40,-0.50,32.90,NaN,NaN,NaN,NaN,NaN,NaN,NaN,NaN,NaN,NaN
412.48,32.00,35.37,32.00,20.00,AUTO,0,33,NaN,0.00,33.40,-0.50,32.90,NaN,NaN,NaN,NaN,NaN,NaN,NaN,NaN,NaN,NaN
413.48,32.00,35.37,32.00,20.00,AUTO,0,33,NaN,0.00,33.40,-0.50,32.90,NaN,NaN,NaN,NaN,NaN,NaN,NaN,NaN,NaN,NaN
414.48,32.00,35.37,32.00,20.00,AUTO,0,33,NaN,0.00,33.40,-0.50,32.90,NaN,NaN,NaN,NaN,NaN,NaN,NaN,NaN,NaN,NaN
415.48,32.01,35.37,32.00,20.00,AUTO,0,33,NaN,0.00,33.40,-0.50,32.90,NaN,NaN,NaN,NaN,NaN,NaN,NaN,NaN,NaN,NaN
416.48,32.01,35.33,32.00,20.00,AUTO,0,33,NaN,0.00,33.40,-0.50,32.90,NaN,NaN,NaN,NaN,NaN,NaN,NaN,NaN,NaN,NaN
417.48,32.01,35.33,32.00,20.00,AUTO,0,33,NaN,0.00,33.40,-0.50,32.90,NaN,NaN,NaN,NaN,NaN,NaN,NaN,NaN,NaN,NaN
418.49,32.01,35.33,32.00,20.00,AUTO,0,33,NaN,0.00,33.40,-0.50,32.90,NaN,NaN,NaN,NaN,NaN,NaN,NaN,NaN,NaN,NaN
419.49,32.01,35.33,32.00,20.00,AUTO,0,33,NaN,0.00,33.40,-0.50,32.90,NaN,NaN,NaN,NaN,NaN,NaN,NaN,NaN,NaN,NaN
420.49,32.01,35.33,32.00,20.00,AUTO,0,33,NaN,0.00,33.40,-0.50,32.90,NaN,NaN,NaN,NaN,NaN,NaN,NaN,NaN,NaN,NaN
421.49,31.99,35.33,32.00,20.00,AUTO,0,32,NaN,-0.55,33.41,-1.12,31.75,NaN,NaN,NaN,NaN,NaN,NaN,NaN,NaN,NaN,NaN
422.49,31.99,35.33,32.00,20.00,AUTO,0,32,NaN,-0.55,33.41,-1.12,31.75,NaN,NaN,NaN,NaN,NaN,NaN,NaN,NaN,NaN,NaN
423.49,31.99,35.33,32.00,20.00,AUTO,0,32,NaN,-0.55,33.41,-1.12,31.75,NaN,NaN,NaN,NaN,NaN,NaN,NaN,NaN,NaN,NaN
424.50,31.99,35.33,32.00,20.00,AUTO,0,32,NaN,-0.55,33.41,-1.12,31.75,NaN,NaN,NaN,NaN,NaN,NaN,NaN,NaN,NaN,NaN
425.50,31.99,35.33,32.00,20.00,AUTO,0,32,NaN,-0.55,33.41,-1.12,31.75,NaN,NaN,NaN,NaN,NaN,NaN,NaN,NaN,NaN,NaN
426.50,32.00,35.33,32.00,20.00,AUTO,0,32,NaN,-0.55,33.41,-1.12,31.75,NaN,NaN,NaN,NaN,NaN,NaN,NaN,NaN,NaN,NaN
427.50,32.00,35.37,32.00,20.00,AUTO,0,32,NaN,-0.55,33.41,-1.12,31.75,NaN,NaN,NaN,NaN,NaN,NaN,NaN,NaN,NaN,NaN
428.50,32.00,35.37,32.00,20.00,AUTO,0,32,NaN,-0.55,33.41,-1.12,31.75,NaN,NaN,NaN,NaN,NaN,NaN,NaN,NaN,NaN,NaN
429.50,32.00,35.33,32.00,20.00,AUTO,0,32,NaN,-0.55,33.41,-1.12,31.75,NaN,NaN,NaN,NaN,NaN,NaN,NaN,NaN,NaN,NaN
430.50,32.01,35.33,32.00,20.00,AUTO,0,32,NaN,-0.55,33.41,-1.12,31.75,NaN,NaN,NaN,NaN,NaN,NaN,NaN,NaN,NaN,NaN
431.51,32.01,35.33,32.00,20.00,AUTO,0,32,NaN,-0.55,33.41,-1.12,31.75,NaN,NaN,NaN,NaN,NaN,NaN,NaN,NaN,NaN,NaN
432.51,32.01,35.33,32.00,20.00,AUTO,0,32,NaN,-0.55,33.41,-1.12,31.75,NaN,NaN,NaN,NaN,NaN,NaN,NaN,NaN,NaN,NaN
433.51,32.01,35.33,32.00,20.00,AUTO,0,32,NaN,-0.55,33.41,-1.12,31.75,NaN,NaN,NaN,NaN,NaN,NaN,NaN,NaN,NaN,NaN
434.51,32.01,35.33,32.00,20.00,AUTO,0,32,NaN,-0.55,33.41,-1.12,31.75,NaN,NaN,NaN,NaN,NaN,NaN,NaN,NaN,NaN,NaN
435.51,32.01,35.33,32.00,20.00,AUTO,0,32,NaN,-0.55,33.41,-1.12,31.75,NaN,NaN,NaN,NaN,NaN,NaN,NaN,NaN,NaN,NaN
436.52,32.00,35.33,32.00,20.00,AUTO,0,33,NaN,-0.55,33.41,-0.31,32.56,NaN,NaN,NaN,NaN,NaN,NaN,NaN,NaN,NaN,NaN
437.52,32.00,35.33,32.00,20.00,AUTO,0,33,NaN,-0.55,33.41,-0.31,32.56,NaN,NaN,NaN,NaN,NaN,NaN,NaN,NaN,NaN,NaN
438.52,31.99,35.37,32.00,20.00,AUTO,0,33,NaN,-0.55,33.41,-0.31,32.56,NaN,NaN,NaN,NaN,NaN,NaN,NaN,NaN,NaN,NaN
439.52,31.99,35.37,32.00,20.00,AUTO,0,33,NaN,-0.55,33.41,-0.31,32.56,NaN,NaN,NaN,NaN,NaN,NaN,NaN,NaN,NaN,NaN
440.52,31.99,35.37,32.00,20.00,AUTO,0,33,NaN,-0.55,33.41,-0.31,32.56,NaN,NaN,NaN,NaN,NaN,NaN,NaN,NaN,NaN,NaN
441.52,32.00,35.37,32.00,20.00,AUTO,0,33,NaN,-0.55,33.41,-0.31,32.56,NaN,NaN,NaN,NaN,NaN,NaN,NaN,NaN,NaN,NaN
442.53,32.01,35.37,32.00,20.00,AUTO,0,33,NaN,-0.55,33.41,-0.31,32.56,NaN,NaN,NaN,NaN,NaN,NaN,NaN,NaN,NaN,NaN
443.53,32.01,35.37,32.00,20.00,AUTO,0,33,NaN,-0.55,33.41,-0.31,32.56,NaN,NaN,NaN,NaN,NaN,NaN,NaN,NaN,NaN,NaN
444.53,32.01,35.37,32.00,20.00,AUTO,0,33,NaN,-0.55,33.41,-0.31,32.56,NaN,NaN,NaN,NaN,NaN,NaN,NaN,NaN,NaN,NaN
445.53,32.01,35.37,32.00,20.00,AUTO,0,33,NaN,-0.55,33.41,-0.31,32.56,NaN,NaN,NaN,NaN,NaN,NaN,NaN,NaN,NaN,NaN
446.53,32.01,35.37,32.00,20.00,AUTO,0,33,NaN,-0.55,33.41,-0.31,32.56,NaN,NaN,NaN,NaN,NaN,NaN,NaN,NaN,NaN,NaN
447.53,32.01,35.37,32.00,20.00,AUTO,0,33,NaN,-0.55,33.41,-0.31,32.56,NaN,NaN,NaN,NaN,NaN,NaN,NaN,NaN,NaN,NaN
448.53,32.01,35.37,32.00,20.00,AUTO,0,33,NaN,-0.55,33.41,-0.31,32.56,NaN,NaN,NaN,NaN,NaN,NaN,NaN,NaN,NaN,NaN
449.53,32.01,35.37,32.00,20.00,AUTO,0,33,NaN,-0.55,33.41,-0.31,32.56,NaN,NaN,NaN,NaN,NaN,NaN,NaN,NaN,NaN,NaN
450.54,32.01,35.37,32.00,20.00,AUTO,0,33,NaN,-0.55,33.41,-0.31,32.56,NaN,NaN,NaN,NaN,NaN,NaN,NaN,NaN,NaN,NaN
451.54,31.99,35.37,32.00,20.00,AUTO,0,33,NaN,-0.55,33.39,-0.30,32.54,NaN,NaN,NaN,NaN,NaN,NaN,NaN,NaN,NaN,NaN
452.54,31.99,35.37,32.00,20.00,AUTO,0,33,NaN,-0.55,33.39,-0.30,32.54,NaN,NaN,NaN,NaN,NaN,NaN,NaN,NaN,NaN,NaN
453.54,31.99,35.37,32.00,20.00,AUTO,0,33,NaN,-0.55,33.39,-0.30,32.54,NaN,NaN,NaN,NaN,NaN,NaN,NaN,NaN,NaN,NaN
454.54,32.00,35.37,32.00,20.00,AUTO,0,33,NaN,-0.55,33.39,-0.30,32.54,NaN,NaN,NaN,NaN,NaN,NaN,NaN,NaN,NaN,NaN
455.54,31.99,35.37,32.00,20.00,AUTO,0,33,NaN,-0.55,33.39,-0.30,32.54,NaN,NaN,NaN,NaN,NaN,NaN,NaN,NaN,NaN,NaN
456.55,32.01,35.37,32.00,20.00,AUTO,0,33,NaN,-0.55,33.39,-0.30,32.54,NaN,NaN,NaN,NaN,NaN,NaN,NaN,NaN,NaN,NaN
457.55,32.01,35.37,32.00,20.00,AUTO,0,33,NaN,-0.55,33.39,-0.30,32.54,NaN,NaN,NaN,NaN,NaN,NaN,NaN,NaN,NaN,NaN
458.55,32.01,35.37,32.00,20.00,AUTO,0,33,NaN,-0.55,33.39,-0.30,32.54,NaN,NaN,NaN,NaN,NaN,NaN,NaN,NaN,NaN,NaN
459.55,32.01,35.37,32.00,20.00,AUTO,0,33,NaN,-0.55,33.39,-0.30,32.54,NaN,NaN,NaN,NaN,NaN,NaN,NaN,NaN,NaN,NaN
460.55,32.02,35.37,32.00,20.00,AUTO,0,33,NaN,-0.55,33.39,-0.30,32.54,NaN,NaN,NaN,NaN,NaN,NaN,NaN,NaN,NaN,NaN
461.55,32.01,35.37,32.00,20.00,AUTO,0,33,NaN,-0.55,33.39,-0.30,32.54,NaN,NaN,NaN,NaN,NaN,NaN,NaN,NaN,NaN,NaN
462.55,32.01,35.37,32.00,20.00,AUTO,0,33,NaN,-0.55,33.39,-0.30,32.54,NaN,NaN,NaN,NaN,NaN,NaN,NaN,NaN,NaN,NaN
463.56,32.01,35.37,32.00,20.00,AUTO,0,33,NaN,-0.55,33.39,-0.30,32.54,NaN,NaN,NaN,NaN,NaN,NaN,NaN,NaN,NaN,NaN
464.56,32.01,35.37,32.00,20.00,AUTO,0,33,NaN,-0.55,33.39,-0.30,32.54,NaN,NaN,NaN,NaN,NaN,NaN,NaN,NaN,NaN,NaN
465.56,32.01,35.37,32.00,20.00,AUTO,0,33,NaN,-0.55,33.39,-0.30,32.54,NaN,NaN,NaN,NaN,NaN,NaN,NaN,NaN,NaN,NaN
466.56,32.00,35.37,32.00,20.00,AUTO,0,32,NaN,-0.55,33.37,-0.50,32.31,NaN,NaN,NaN,NaN,NaN,NaN,NaN,NaN,NaN,NaN
467.56,32.00,35.37,32.00,20.00,AUTO,0,32,NaN,-0.55,33.37,-0.50,32.31,NaN,NaN,NaN,NaN,NaN,NaN,NaN,NaN,NaN,NaN
468.56,32.00,35.37,32.00,20.00,AUTO,0,32,NaN,-0.55,33.37,-0.50,32.31,NaN,NaN,NaN,NaN,NaN,NaN,NaN,NaN,NaN,NaN
469.57,32.00,35.37,32.00,20.00,AUTO,0,32,NaN,-0.55,33.37,-0.50,32.31,NaN,NaN,NaN,NaN,NaN,NaN,NaN,NaN,NaN,NaN
470.57,32.00,35.37,32.00,20.00,AUTO,0,32,NaN,-0.55,33.37,-0.50,32.31,NaN,NaN,NaN,NaN,NaN,NaN,NaN,NaN,NaN,NaN
471.57,32.01,35.37,32.00,20.00,AUTO,0,32,NaN,-0.55,33.37,-0.50,32.31,NaN,NaN,NaN,NaN,NaN,NaN,NaN,NaN,NaN,NaN
472.57,32.01,35.37,32.00,20.00,AUTO,0,32,NaN,-0.55,33.37,-0.50,32.31,NaN,NaN,NaN,NaN,NaN,NaN,NaN,NaN,NaN,NaN
473.57,32.02,35.37,32.00,20.00,AUTO,0,32,NaN,-0.55,33.37,-0.50,32.31,NaN,NaN,NaN,NaN,NaN,NaN,NaN,NaN,NaN,NaN
474.57,32.02,35.37,32.00,20.00,AUTO,0,32,NaN,-0.55,33.37,-0.50,32.31,NaN,NaN,NaN,NaN,NaN,NaN,NaN,NaN,NaN,NaN
475.58,32.02,35.37,32.00,20.00,AUTO,0,32,NaN,-0.55,33.37,-0.50,32.31,NaN,NaN,NaN,NaN,NaN,NaN,NaN,NaN,NaN,NaN
476.57,32.02,35.37,32.00,20.00,AUTO,0,32,NaN,-0.55,33.37,-0.50,32.31,NaN,NaN,NaN,NaN,NaN,NaN,NaN,NaN,NaN,NaN
477.58,32.02,35.37,32.00,20.00,AUTO,0,32,NaN,-0.55,33.37,-0.50,32.31,NaN,NaN,NaN,NaN,NaN,NaN,NaN,NaN,NaN,NaN
478.58,32.02,35.37,32.00,20.00,AUTO,0,32,NaN,-0.55,33.37,-0.50,32.31,NaN,NaN,NaN,NaN,NaN,NaN,NaN,NaN,NaN,NaN
479.58,32.02,35.37,32.00,20.00,AUTO,0,32,NaN,-0.55,33.37,-0.50,32.31,NaN,NaN,NaN,NaN,NaN,NaN,NaN,NaN,NaN,NaN
480.58,32.01,35.37,32.00,20.00,AUTO,0,32,NaN,-0.55,33.37,-0.50,32.31,NaN,NaN,NaN,NaN,NaN,NaN,NaN,NaN,NaN,NaN
481.59,32.01,35.37,32.00,20.00,AUTO,0,32,NaN,-0.83,33.31,-0.92,31.56,NaN,NaN,NaN,NaN,NaN,NaN,NaN,NaN,NaN,NaN
482.59,32.00,35.37,32.00,20.00,AUTO,0,32,NaN,-0.83,33.31,-0.92,31.56,NaN,NaN,NaN,NaN,NaN,NaN,NaN,NaN,NaN,NaN
483.59,32.00,35.37,32.00,20.00,AUTO,0,32,NaN,-0.83,33.31,-0.92,31.56,NaN,NaN,NaN,NaN,NaN,NaN,NaN,NaN,NaN,NaN
484.59,32.00,35.37,32.00,20.00,AUTO,0,32,NaN,-0.83,33.31,-0.92,31.56,NaN,NaN,NaN,NaN,NaN,NaN,NaN,NaN,NaN,NaN
485.59,32.00,35.37,32.00,20.00,AUTO,0,32,NaN,-0.83,33.31,-0.92,31.56,NaN,NaN,NaN,NaN,NaN,NaN,NaN,NaN,NaN,NaN
486.59,32.01,35.37,32.00,20.00,AUTO,0,32,NaN,-0.83,33.31,-0.92,31.56,NaN,NaN,NaN,NaN,NaN,NaN,NaN,NaN,NaN,NaN
487.59,32.01,35.37,32.00,20.00,AUTO,0,32,NaN,-0.83,33.31,-0.92,31.56,NaN,NaN,NaN,NaN,NaN,NaN,NaN,NaN,NaN,NaN
488.60,32.01,35.37,32.00,20.00,AUTO,0,32,NaN,-0.83,33.31,-0.92,31.56,NaN,NaN,NaN,NaN,NaN,NaN,NaN,NaN,NaN,NaN
489.60,32.01,35.37,32.00,20.00,AUTO,0,32,NaN,-0.83,33.31,-0.92,31.56,NaN,NaN,NaN,NaN,NaN,NaN,NaN,NaN,NaN,NaN
490.60,32.01,35.37,32.00,20.00,AUTO,0,32,NaN,-0.83,33.31,-0.92,31.56,NaN,NaN,NaN,NaN,NaN,NaN,NaN,NaN,NaN,NaN
491.60,32.01,35.37,32.00,20.00,AUTO,0,32,NaN,-0.83,33.31,-0.92,31.56,NaN,NaN,NaN,NaN,NaN,NaN,NaN,NaN,NaN,NaN
492.60,32.01,35.37,32.00,20.00,AUTO,0,32,NaN,-0.83,33.31,-0.92,31.56,NaN,NaN,NaN,NaN,NaN,NaN,NaN,NaN,NaN,NaN
493.60,32.01,35.37,32.00,20.00,AUTO,0,32,NaN,-0.83,33.31,-0.92,31.56,NaN,NaN,NaN,NaN,NaN,NaN,NaN,NaN,NaN,NaN
494.60,32.01,35.37,32.00,20.00,AUTO,0,32,NaN,-0.83,33.31,-0.92,31.56,NaN,NaN,NaN,NaN,NaN,NaN,NaN,NaN,NaN,NaN
495.61,32.01,35.37,32.00,20.00,AUTO,0,32,NaN,-0.83,33.31,-0.92,31.56,NaN,NaN,NaN,NaN,NaN,NaN,NaN,NaN,NaN,NaN
496.61,32.00,35.37,32.00,20.00,AUTO,0,33,NaN,-0.55,33.27,0.43,33.15,NaN,NaN,NaN,NaN,NaN,NaN,NaN,NaN,NaN,NaN
497.61,31.99,35.40,32.00,20.00,AUTO,0,33,NaN,-0.55,33.27,0.43,33.15,NaN,NaN,NaN,NaN,NaN,NaN,NaN,NaN,NaN,NaN
498.61,31.99,35.40,32.00,20.00,AUTO,0,33,NaN,-0.55,33.27,0.43,33.15,NaN,NaN,NaN,NaN,NaN,NaN,NaN,NaN,NaN,NaN
499.61,31.99,35.40,32.00,20.00,AUTO,0,33,NaN,-0.55,33.27,0.43,33.15,NaN,NaN,NaN,NaN,NaN,NaN,NaN,NaN,NaN,NaN
500.61,31.99,35.40,32.00,20.00,AUTO,0,33,NaN,-0.55,33.27,0.43,33.15,NaN,NaN,NaN,NaN,NaN,NaN,NaN,NaN,NaN,NaN
501.62,32.01,35.40,32.00,20.00,AUTO,0,33,NaN,-0.55,33.27,0.43,33.15,NaN,NaN,NaN,NaN,NaN,NaN,NaN,NaN,NaN,NaN
502.62,32.01,35.40,32.00,20.00,AUTO,0,33,NaN,-0.55,33.27,0.43,33.15,NaN,NaN,NaN,NaN,NaN,NaN,NaN,NaN,NaN,NaN
503.62,32.01,35.40,32.00,20.00,AUTO,0,33,NaN,-0.55,33.27,0.43,33.15,NaN,NaN,NaN,NaN,NaN,NaN,NaN,NaN,NaN,NaN
504.62,32.01,35.40,32.00,20.00,AUTO,0,33,NaN,-0.55,33.27,0.43,33.15,NaN,NaN,NaN,NaN,NaN,NaN,NaN,NaN,NaN,NaN
505.62,32.01,35.40,32.00,20.00,AUTO,0,33,NaN,-0.55,33.27,0.43,33.15,NaN,NaN,NaN,NaN,NaN,NaN,NaN,NaN,NaN,NaN
506.62,32.01,35.40,32.00,20.00,AUTO,0,33,NaN,-0.55,33.27,0.43,33.15,NaN,NaN,NaN,NaN,NaN,NaN,NaN,NaN,NaN,NaN
507.62,32.01,35.40,32.00,20.00,AUTO,0,33,NaN,-0.55,33.27,0.43,33.15,NaN,NaN,NaN,NaN,NaN,NaN,NaN,NaN,NaN,NaN
508.62,32.01,35.40,32.00,20.00,AUTO,0,33,NaN,-0.55,33.27,0.43,33.15,NaN,NaN,NaN,NaN,NaN,NaN,NaN,NaN,NaN,NaN
509.63,32.01,35.40,32.00,20.00,AUTO,0,33,NaN,-0.55,33.27,0.43,33.15,NaN,NaN,NaN,NaN,NaN,NaN,NaN,NaN,NaN,NaN
510.63,32.01,35.40,32.00,20.00,AUTO,0,33,NaN,-0.55,33.27,0.43,33.15,NaN,NaN,NaN,NaN,NaN,NaN,NaN,NaN,NaN,NaN
511.63,32.00,35.40,32.00,20.00,AUTO,0,32,NaN,-0.55,33.25,-0.37,32.33,NaN,NaN,NaN,NaN,NaN,NaN,NaN,NaN,NaN,NaN
512.63,31.99,35.40,32.00,20.00,AUTO,0,32,NaN,-0.55,33.25,-0.37,32.33,NaN,NaN,NaN,NaN,NaN,NaN,NaN,NaN,NaN,NaN
513.63,31.99,35.40,32.00,20.00,AUTO,0,32,NaN,-0.55,33.25,-0.37,32.33,NaN,NaN,NaN,NaN,NaN,NaN,NaN,NaN,NaN,NaN
514.63,31.98,35.40,32.00,20.00,AUTO,0,32,NaN,-0.55,33.25,-0.37,32.33,NaN,NaN,NaN,NaN,NaN,NaN,NaN,NaN,NaN,NaN
515.64,31.99,35.40,32.00,20.00,AUTO,0,32,NaN,-0.55,33.25,-0.37,32.33,NaN,NaN,NaN,NaN,NaN,NaN,NaN,NaN,NaN,NaN
516.64,32.00,35.40,32.00,20.00,AUTO,0,32,NaN,-0.55,33.25,-0.37,32.33,NaN,NaN,NaN,NaN,NaN,NaN,NaN,NaN,NaN,NaN
517.64,32.00,35.44,32.00,20.00,AUTO,0,32,NaN,-0.55,33.25,-0.37,32.33,NaN,NaN,NaN,NaN,NaN,NaN,NaN,NaN,NaN,NaN
518.64,32.00,35.40,32.00,20.00,AUTO,0,32,NaN,-0.55,33.25,-0.37,32.33,NaN,NaN,NaN,NaN,NaN,NaN,NaN,NaN,NaN,NaN
519.64,32.00,35.44,32.00,20.00,AUTO,0,32,NaN,-0.55,33.25,-0.37,32.33,NaN,NaN,NaN,NaN,NaN,NaN,NaN,NaN,NaN,NaN
520.65,32.00,35.44,32.00,20.00,AUTO,0,32,NaN,-0.55,33.25,-0.37,32.33,NaN,NaN,NaN,NaN,NaN,NaN,NaN,NaN,NaN,NaN
521.65,32.00,35.44,32.00,20.00,AUTO,0,32,NaN,-0.55,33.25,-0.37,32.33,NaN,NaN,NaN,NaN,NaN,NaN,NaN,NaN,NaN,NaN
522.65,32.00,35.44,32.00,20.00,AUTO,0,32,NaN,-0.55,33.25,-0.37,32.33,NaN,NaN,NaN,NaN,NaN,NaN,NaN,NaN,NaN,NaN
523.65,32.00,35.44,32.00,20.00,AUTO,0,32,NaN,-0.55,33.25,-0.37,32.33,NaN,NaN,NaN,NaN,NaN,NaN,NaN,NaN,NaN,NaN
524.65,32.00,35.44,32.00,20.00,AUTO,0,32,NaN,-0.55,33.25,-0.37,32.33,NaN,NaN,NaN,NaN,NaN,NaN,NaN,NaN,NaN,NaN
525.65,32.00,35.44,32.00,20.00,AUTO,0,32,NaN,-0.55,33.25,-0.37,32.33,NaN,NaN,NaN,NaN,NaN,NaN,NaN,NaN,NaN,NaN
526.65,31.98,35.44,32.00,20.00,AUTO,0,34,NaN,0.00,33.26,0.51,33.77,NaN,NaN,NaN,NaN,NaN,NaN,NaN,NaN,NaN,NaN
527.65,31.98,35.44,32.00,20.00,AUTO,0,34,NaN,0.00,33.26,0.51,33.77,NaN,NaN,NaN,NaN,NaN,NaN,NaN,NaN,NaN,NaN
528.66,31.98,35.44,32.00,20.00,AUTO,0,34,NaN,0.00,33.26,0.51,33.77,NaN,NaN,NaN,NaN,NaN,NaN,NaN,NaN,NaN,NaN
529.66,31.97,35.44,32.00,20.00,AUTO,0,34,NaN,0.00,33.26,0.51,33.77,NaN,NaN,NaN,NaN,NaN,NaN,NaN,NaN,NaN,NaN
530.66,31.97,35.44,32.00,20.00,AUTO,0,34,NaN,0.00,33.26,0.51,33.77,NaN,NaN,NaN,NaN,NaN,NaN,NaN,NaN,NaN,NaN
531.66,31.97,35.44,32.00,20.00,AUTO,0,34,NaN,0.00,33.26,0.51,33.77,NaN,NaN,NaN,NaN,NaN,NaN,NaN,NaN,NaN,NaN
532.66,31.98,35.44,32.00,20.00,AUTO,0,34,NaN,0.00,33.26,0.51,33.77,NaN,NaN,NaN,NaN,NaN,NaN,NaN,NaN,NaN,NaN
533.66,31.99,35.44,32.00,20.00,AUTO,0,34,NaN,0.00,33.26,0.51,33.77,NaN,NaN,NaN,NaN,NaN,NaN,NaN,NaN,NaN,NaN
534.67,31.99,35.44,32.00,20.00,AUTO,0,34,NaN,0.00,33.26,0.51,33.77,NaN,NaN,NaN,NaN,NaN,NaN,NaN,NaN,NaN,NaN
535.67,32.00,35.44,32.00,20.00,AUTO,0,34,NaN,0.00,33.26,0.51,33.77,NaN,NaN,NaN,NaN,NaN,NaN,NaN,NaN,NaN,NaN
536.67,31.99,35.44,32.00,20.00,AUTO,0,34,NaN,0.00,33.26,0.51,33.77,NaN,NaN,NaN,NaN,NaN,NaN,NaN,NaN,NaN,NaN
537.67,31.99,35.44,32.00,20.00,AUTO,0,34,NaN,0.00,33.26,0.51,33.77,NaN,NaN,NaN,NaN,NaN,NaN,NaN,NaN,NaN,NaN
538.67,31.99,35.44,32.00,20.00,AUTO,0,34,NaN,0.00,33.26,0.51,33.77,NaN,NaN,NaN,NaN,NaN,NaN,NaN,NaN,NaN,NaN
539.67,31.99,35.44,32.00,20.00,AUTO,0,34,NaN,0.00,33.26,0.51,33.77,NaN,NaN,NaN,NaN,NaN,NaN,NaN,NaN,NaN,NaN
540.68,31.99,35.44,32.00,20.00,AUTO,0,34,NaN,0.00,33.26,0.51,33.77,NaN,NaN,NaN,NaN,NaN,NaN,NaN,NaN,NaN,NaN
541.68,31.98,35.44,32.00,20.00,AUTO,0,34,NaN,0.55,33.35,0.38,34.28,NaN,NaN,NaN,NaN,NaN,NaN,NaN,NaN,NaN,NaN
542.68,31.97,35.44,32.00,20.00,AUTO,0,34,NaN,0.55,33.35,0.38,34.28,NaN,NaN,NaN,NaN,NaN,NaN,NaN,NaN,NaN,NaN
543.68,31.97,35.47,32.00,20.00,AUTO,0,34,NaN,0.55,33.35,0.38,34.28,NaN,NaN,NaN,NaN,NaN,NaN,NaN,NaN,NaN,NaN
544.68,31.97,35.47,32.00,20.00,AUTO,0,34,NaN,0.55,33.35,0.38,34.28,NaN,NaN,NaN,NaN,NaN,NaN,NaN,NaN,NaN,NaN
545.68,31.97,35.47,32.00,20.00,AUTO,0,34,NaN,0.55,33.35,0.38,34.28,NaN,NaN,NaN,NaN,NaN,NaN,NaN,NaN,NaN,NaN
546.68,31.97,35.47,32.00,20.00,AUTO,0,34,NaN,0.55,33.35,0.38,34.28,NaN,NaN,NaN,NaN,NaN,NaN,NaN,NaN,NaN,NaN
547.69,31.99,35.47,32.00,20.00,AUTO,0,34,NaN,0.55,33.35,0.38,34.28,NaN,NaN,NaN,NaN,NaN,NaN,NaN,NaN,NaN,NaN
548.69,31.99,35.44,32.00,20.00,AUTO,0,34,NaN,0.55,33.35,0.38,34.28,NaN,NaN,NaN,NaN,NaN,NaN,NaN,NaN,NaN,NaN
549.69,32.00,35.47,32.00,20.00,AUTO,0,34,NaN,0.55,33.35,0.38,34.28,NaN,NaN,NaN,NaN,NaN,NaN,NaN,NaN,NaN,NaN
550.69,32.00,35.47,32.00,20.00,AUTO,0,34,NaN,0.55,33.35,0.38,34.28,NaN,NaN,NaN,NaN,NaN,NaN,NaN,NaN,NaN,NaN
551.69,32.00,35.44,32.00,20.00,AUTO,0,34,NaN,0.55,33.35,0.38,34.28,NaN,NaN,NaN,NaN,NaN,NaN,NaN,NaN,NaN,NaN
552.70,32.00,35.44,32.00,20.00,AUTO,0,34,NaN,0.55,33.35,0.38,34.28,NaN,NaN,NaN,NaN,NaN,NaN,NaN,NaN,NaN,NaN
553.70,32.00,35.44,32.00,20.00,AUTO,0,34,NaN,0.55,33.35,0.38,34.28,NaN,NaN,NaN,NaN,NaN,NaN,NaN,NaN,NaN,NaN
554.70,32.00,35.44,32.00,20.00,AUTO,0,34,NaN,0.55,33.35,0.38,34.28,NaN,NaN,NaN,NaN,NaN,NaN,NaN,NaN,NaN,NaN
555.70,32.00,35.44,32.00,20.00,AUTO,0,34,NaN,0.55,33.35,0.38,34.28,NaN,NaN,NaN,NaN,NaN,NaN,NaN,NaN,NaN,NaN
556.70,31.98,35.44,32.00,20.00,AUTO,0,32,NaN,0.00,33.41,-1.17,32.24,NaN,NaN,NaN,NaN,NaN,NaN,NaN,NaN,NaN,NaN
557.70,31.98,35.44,32.00,20.00,AUTO,0,32,NaN,0.00,33.41,-1.17,32.24,NaN,NaN,NaN,NaN,NaN,NaN,NaN,NaN,NaN,NaN
558.70,31.97,35.44,32.00,20.00,AUTO,0,32,NaN,0.00,33.41,-1.17,32.24,NaN,NaN,NaN,NaN,NaN,NaN,NaN,NaN,NaN,NaN
559.70,31.98,35.47,32.00,20.00,AUTO,0,32,NaN,0.00,33.41,-1.17,32.24,NaN,NaN,NaN,NaN,NaN,NaN,NaN,NaN,NaN,NaN
560.71,31.98,35.47,32.00,20.00,AUTO,0,32,NaN,0.00,33.41,-1.17,32.24,NaN,NaN,NaN,NaN,NaN,NaN,NaN,NaN,NaN,NaN
561.71,32.00,35.44,32.00,20.00,AUTO,0,32,NaN,0.00,33.41,-1.17,32.24,NaN,NaN,NaN,NaN,NaN,NaN,NaN,NaN,NaN,NaN
562.71,31.99,35.44,32.00,20.00,AUTO,0,32,NaN,0.00,33.41,-1.17,32.24,NaN,NaN,NaN,NaN,NaN,NaN,NaN,NaN,NaN,NaN
563.71,31.99,35.47,32.00,20.00,AUTO,0,32,NaN,0.00,33.41,-1.17,32.24,NaN,NaN,NaN,NaN,NaN,NaN,NaN,NaN,NaN,NaN
564.71,32.00,35.47,32.00,20.00,AUTO,0,32,NaN,0.00,33.41,-1.17,32.24,NaN,NaN,NaN,NaN,NaN,NaN,NaN,NaN,NaN,NaN
565.71,32.00,35.47,32.00,20.00,AUTO,0,32,NaN,0.00,33.41,-1.17,32.24,NaN,NaN,NaN,NaN,NaN,NaN,NaN,NaN,NaN,NaN
566.72,32.00,35.47,32.00,20.00,AUTO,0,32,NaN,0.00,33.41,-1.17,32.24,NaN,NaN,NaN,NaN,NaN,NaN,NaN,NaN,NaN,NaN
567.72,32.00,35.44,32.00,20.00,AUTO,0,32,NaN,0.00,33.41,-1.17,32.24,NaN,NaN,NaN,NaN,NaN,NaN,NaN,NaN,NaN,NaN
568.72,32.00,35.44,32.00,20.00,AUTO,0,32,NaN,0.00,33.41,-1.17,32.24,NaN,NaN,NaN,NaN,NaN,NaN,NaN,NaN,NaN,NaN
569.72,32.00,35.47,32.00,20.00,AUTO,0,32,NaN,0.00,33.41,-1.17,32.24,NaN,NaN,NaN,NaN,NaN,NaN,NaN,NaN,NaN,NaN
570.72,32.00,35.44,32.00,20.00,AUTO,0,32,NaN,0.00,33.41,-1.17,32.24,NaN,NaN,NaN,NaN,NaN,NaN,NaN,NaN,NaN,NaN
571.73,31.98,35.44,32.00,20.00,AUTO,0,33,NaN,0.00,33.46,-0.42,33.04,NaN,NaN,NaN,NaN,NaN,NaN,NaN,NaN,NaN,NaN
572.72,31.98,35.47,32.00,20.00,AUTO,0,33,NaN,0.00,33.46,-0.42,33.04,NaN,NaN,NaN,NaN,NaN,NaN,NaN,NaN,NaN,NaN
573.73,31.98,35.47,32.00,20.00,AUTO,0,33,NaN,0.00,33.46,-0.42,33.04,NaN,NaN,NaN,NaN,NaN,NaN,NaN,NaN,NaN,NaN
574.73,31.98,35.47,32.00,20.00,AUTO,0,33,NaN,0.00,33.46,-0.42,33.04,NaN,NaN,NaN,NaN,NaN,NaN,NaN,NaN,NaN,NaN
575.73,31.98,35.47,32.00,20.00,AUTO,0,33,NaN,0.00,33.46,-0.42,33.04,NaN,NaN,NaN,NaN,NaN,NaN,NaN,NaN,NaN,NaN
576.73,32.00,35.47,32.00,20.00,AUTO,0,33,NaN,0.00,33.46,-0.42,33.04,NaN,NaN,NaN,NaN,NaN,NaN,NaN,NaN,NaN,NaN
577.73,31.99,35.47,32.00,20.00,AUTO,0,33,NaN,0.00,33.46,-0.42,33.04,NaN,NaN,NaN,NaN,NaN,NaN,NaN,NaN,NaN,NaN
578.73,32.00,35.47,32.00,20.00,AUTO,0,33,NaN,0.00,33.46,-0.42,33.04,NaN,NaN,NaN,NaN,NaN,NaN,NaN,NaN,NaN,NaN
579.74,31.99,35.47,32.00,20.00,AUTO,0,33,NaN,0.00,33.46,-0.42,33.04,NaN,NaN,NaN,NaN,NaN,NaN,NaN,NaN,NaN,NaN
580.74,32.00,35.47,32.00,20.00,AUTO,0,33,NaN,0.00,33.46,-0.42,33.04,NaN,NaN,NaN,NaN,NaN,NaN,NaN,NaN,NaN,NaN
581.74,32.00,35.47,32.00,20.00,AUTO,0,33,NaN,0.00,33.46,-0.42,33.04,NaN,NaN,NaN,NaN,NaN,NaN,NaN,NaN,NaN,NaN
582.74,32.00,35.47,32.00,20.00,AUTO,0,33,NaN,0.00,33.46,-0.42,33.04,NaN,NaN,NaN,NaN,NaN,NaN,NaN,NaN,NaN,NaN
583.74,32.00,35.47,32.00,20.00,AUTO,0,33,NaN,0.00,33.46,-0.42,33.04,NaN,NaN,NaN,NaN,NaN,NaN,NaN,NaN,NaN,NaN
584.75,31.99,35.47,32.00,20.00,AUTO,0,33,NaN,0.00,33.46,-0.42,33.04,NaN,NaN,NaN,NaN,NaN,NaN,NaN,NaN,NaN,NaN
585.74,32.00,35.47,32.00,20.00,AUTO,0,33,NaN,0.00,33.46,-0.42,33.04,NaN,NaN,NaN,NaN,NaN,NaN,NaN,NaN,NaN,NaN
586.75,31.99,35.47,32.00,20.00,AUTO,0,34,NaN,0.27,33.51,-0.21,33.57,NaN,NaN,NaN,NaN,NaN,NaN,NaN,NaN,NaN,NaN
587.75,31.98,35.47,32.00,20.00,AUTO,0,34,NaN,0.27,33.51,-0.21,33.57,NaN,NaN,NaN,NaN,NaN,NaN,NaN,NaN,NaN,NaN
588.75,31.98,35.47,32.00,20.00,AUTO,0,34,NaN,0.27,33.51,-0.21,33.57,NaN,NaN,NaN,NaN,NaN,NaN,NaN,NaN,NaN,NaN
589.75,31.98,35.47,32.00,20.00,AUTO,0,34,NaN,0.27,33.51,-0.21,33.57,NaN,NaN,NaN,NaN,NaN,NaN,NaN,NaN,NaN,NaN
590.75,31.98,35.47,32.00,20.00,AUTO,0,34,NaN,0.27,33.51,-0.21,33.57,NaN,NaN,NaN,NaN,NaN,NaN,NaN,NaN,NaN,NaN
591.75,31.99,35.47,32.00,20.00,AUTO,0,34,NaN,0.27,33.51,-0.21,33.57,NaN,NaN,NaN,NaN,NaN,NaN,NaN,NaN,NaN,NaN
592.75,31.99,35.47,32.00,20.00,AUTO,0,34,NaN,0.27,33.51,-0.21,33.57,NaN,NaN,NaN,NaN,NaN,NaN,NaN,NaN,NaN,NaN
593.76,32.00,35.47,32.00,20.00,AUTO,0,34,NaN,0.27,33.51,-0.21,33.57,NaN,NaN,NaN,NaN,NaN,NaN,NaN,NaN,NaN,NaN
594.76,32.00,35.47,32.00,20.00,AUTO,0,34,NaN,0.27,33.51,-0.21,33.57,NaN,NaN,NaN,NaN,NaN,NaN,NaN,NaN,NaN,NaN
595.76,32.00,35.47,32.00,20.00,AUTO,0,34,NaN,0.27,33.51,-0.21,33.57,NaN,NaN,NaN,NaN,NaN,NaN,NaN,NaN,NaN,NaN
596.76,32.01,35.47,32.00,20.00,AUTO,0,34,NaN,0.27,33.51,-0.21,33.57,NaN,NaN,NaN,NaN,NaN,NaN,NaN,NaN,NaN,NaN
597.76,32.00,35.47,32.00,20.00,AUTO,0,34,NaN,0.27,33.51,-0.21,33.57,NaN,NaN,NaN,NaN,NaN,NaN,NaN,NaN,NaN,NaN
598.77,32.00,35.47,32.00,20.00,AUTO,0,34,NaN,0.27,33.51,-0.21,33.57,NaN,NaN,NaN,NaN,NaN,NaN,NaN,NaN,NaN,NaN
599.77,32.00,35.47,32.00,20.00,AUTO,0,34,NaN,0.27,33.51,-0.21,33.57,NaN,NaN,NaN,NaN,NaN,NaN,NaN,NaN,NaN,NaN
600.77,32.00,35.47,32.00,20.00,AUTO,0,34,NaN,0.27,33.51,-0.21,33.57,NaN,NaN,NaN,NaN,NaN,NaN,NaN,NaN,NaN,NaN
601.77,31.98,35.47,32.00,20.00,AUTO,0,33,NaN,0.00,33.54,-0.55,32.99,NaN,NaN,NaN,NaN,NaN,NaN,NaN,NaN,NaN,NaN
602.77,31.98,35.47,32.00,20.00,AUTO,0,33,NaN,0.00,33.54,-0.55,32.99,NaN,NaN,NaN,NaN,NaN,NaN,NaN,NaN,NaN,NaN
603.77,31.98,35.47,32.00,20.00,AUTO,0,33,NaN,0.00,33.54,-0.55,32.99,NaN,NaN,NaN,NaN,NaN,NaN,NaN,NaN,NaN,NaN
604.77,31.97,35.47,32.00,20.00,AUTO,0,33,NaN,0.00,33.54,-0.55,32.99,NaN,NaN,NaN,NaN,NaN,NaN,NaN,NaN,NaN,NaN
605.78,31.98,35.47,32.00,20.00,AUTO,0,33,NaN,0.00,33.54,-0.55,32.99,NaN,NaN,NaN,NaN,NaN,NaN,NaN,NaN,NaN,NaN
606.78,31.99,35.50,32.00,20.00,AUTO,0,33,NaN,0.00,33.54,-0.55,32.99,NaN,NaN,NaN,NaN,NaN,NaN,NaN,NaN,NaN,NaN
607.78,31.99,35.47,32.00,20.00,AUTO,0,33,NaN,0.00,33.54,-0.55,32.99,NaN,NaN,NaN,NaN,NaN,NaN,NaN,NaN,NaN,NaN
608.78,32.00,35.47,32.00,20.00,AUTO,0,33,NaN,0.00,33.54,-0.55,32.99,NaN,NaN,NaN,NaN,NaN,NaN,NaN,NaN,NaN,NaN
609.78,32.00,35.50,32.00,20.00,AUTO,0,33,NaN,0.00,33.54,-0.55,32.99,NaN,NaN,NaN,NaN,NaN,NaN,NaN,NaN,NaN,NaN
610.78,32.00,35.47,32.00,20.00,AUTO,0,33,NaN,0.00,33.54,-0.55,32.99,NaN,NaN,NaN,NaN,NaN,NaN,NaN,NaN,NaN,NaN
611.79,32.00,35.47,32.00,20.00,AUTO,0,33,NaN,0.00,33.54,-0.55,32.99,NaN,NaN,NaN,NaN,NaN,NaN,NaN,NaN,NaN,NaN
612.79,32.00,35.47,32.00,20.00,AUTO,0,33,NaN,0.00,33.54,-0.55,32.99,NaN,NaN,NaN,NaN,NaN,NaN,NaN,NaN,NaN,NaN
613.79,32.00,35.47,32.00,20.00,AUTO,0,33,NaN,0.00,33.54,-0.55,32.99,NaN,NaN,NaN,NaN,NaN,NaN,NaN,NaN,NaN,NaN
614.79,32.00,35.47,32.00,20.00,AUTO,0,33,NaN,0.00,33.54,-0.55,32.99,NaN,NaN,NaN,NaN,NaN,NaN,NaN,NaN,NaN,NaN
615.79,32.00,35.47,32.00,20.00,AUTO,0,33,NaN,0.00,33.54,-0.55,32.99,NaN,NaN,NaN,NaN,NaN,NaN,NaN,NaN,NaN,NaN
616.80,31.98,35.50,32.00,20.00,AUTO,0,33,NaN,0.00,33.59,-0.27,33.32,NaN,NaN,NaN,NaN,NaN,NaN,NaN,NaN,NaN,NaN
617.80,31.98,35.50,32.00,20.00,AUTO,0,33,NaN,0.00,33.59,-0.27,33.32,NaN,NaN,NaN,NaN,NaN,NaN,NaN,NaN,NaN,NaN
618.80,31.97,35.50,32.00,20.00,AUTO,0,33,NaN,0.00,33.59,-0.27,33.32,NaN,NaN,NaN,NaN,NaN,NaN,NaN,NaN,NaN,NaN
619.80,31.97,35.50,32.00,20.00,AUTO,0,33,NaN,0.00,33.59,-0.27,33.32,NaN,NaN,NaN,NaN,NaN,NaN,NaN,NaN,NaN,NaN
620.80,31.98,35.50,32.00,20.00,AUTO,0,33,NaN,0.00,33.59,-0.27,33.32,NaN,NaN,NaN,NaN,NaN,NaN,NaN,NaN,NaN,NaN
621.80,32.00,35.50,32.00,20.00,AUTO,0,33,NaN,0.00,33.59,-0.27,33.32,NaN,NaN,NaN,NaN,NaN,NaN,NaN,NaN,NaN,NaN
622.80,31.99,35.50,32.00,20.00,AUTO,0,33,NaN,0.00,33.59,-0.27,33.32,NaN,NaN,NaN,NaN,NaN,NaN,NaN,NaN,NaN,NaN
623.80,32.00,35.50,32.00,20.00,AUTO,0,33,NaN,0.00,33.59,-0.27,33.32,NaN,NaN,NaN,NaN,NaN,NaN,NaN,NaN,NaN,NaN
624.80,32.00,35.47,32.00,20.00,AUTO,0,33,NaN,0.00,33.59,-0.27,33.32,NaN,NaN,NaN,NaN,NaN,NaN,NaN,NaN,NaN,NaN
625.81,32.01,35.50,32.00,20.00,AUTO,0,33,NaN,0.00,33.59,-0.27,33.32,NaN,NaN,NaN,NaN,NaN,NaN,NaN,NaN,NaN,NaN
626.81,32.01,35.47,32.00,20.00,AUTO,0,33,NaN,0.00,33.59,-0.27,33.32,NaN,NaN,NaN,NaN,NaN,NaN,NaN,NaN,NaN,NaN
627.81,32.01,35.47,32.00,20.00,AUTO,0,33,NaN,0.00,33.59,-0.27,33.32,NaN,NaN,NaN,NaN,NaN,NaN,NaN,NaN,NaN,NaN
628.81,32.01,35.47,32.00,20.00,AUTO,0,33,NaN,0.00,33.59,-0.27,33.32,NaN,NaN,NaN,NaN,NaN,NaN,NaN,NaN,NaN,NaN
629.81,32.00,35.47,32.00,20.00,AUTO,0,33,NaN,0.00,33.59,-0.27,33.32,NaN,NaN,NaN,NaN,NaN,NaN,NaN,NaN,NaN,NaN
630.82,32.00,35.47,32.00,20.00,AUTO,0,33,NaN,0.00,33.59,-0.27,33.32,NaN,NaN,NaN,NaN,NaN,NaN,NaN,NaN,NaN,NaN
631.82,31.99,35.47,32.00,20.00,AUTO,0,33,NaN,0.00,33.62,-0.93,32.69,NaN,NaN,NaN,NaN,NaN,NaN,NaN,NaN,NaN,NaN
632.82,31.99,35.47,32.00,20.00,AUTO,0,33,NaN,0.00,33.62,-0.93,32.69,NaN,NaN,NaN,NaN,NaN,NaN,NaN,NaN,NaN,NaN
633.82,31.99,35.50,32.00,20.00,AUTO,0,33,NaN,0.00,33.62,-0.93,32.69,NaN,NaN,NaN,NaN,NaN,NaN,NaN,NaN,NaN,NaN
634.82,31.99,35.47,32.00,20.00,AUTO,0,33,NaN,0.00,33.62,-0.93,32.69,NaN,NaN,NaN,NaN,NaN,NaN,NaN,NaN,NaN,NaN
635.82,31.99,35.50,32.00,20.00,AUTO,0,33,NaN,0.00,33.62,-0.93,32.69,NaN,NaN,NaN,NaN,NaN,NaN,NaN,NaN,NaN,NaN
636.82,32.00,35.47,32.00,20.00,AUTO,0,33,NaN,0.00,33.62,-0.93,32.69,NaN,NaN,NaN,NaN,NaN,NaN,NaN,NaN,NaN,NaN
637.82,32.00,35.50,32.00,20.00,AUTO,0,33,NaN,0.00,33.62,-0.93,32.69,NaN,NaN,NaN,NaN,NaN,NaN,NaN,NaN,NaN,NaN
638.83,32.01,35.50,32.00,20.00,AUTO,0,33,NaN,0.00,33.62,-0.93,32.69,NaN,NaN,NaN,NaN,NaN,NaN,NaN,NaN,NaN,NaN
639.83,32.01,35.50,32.00,20.00,AUTO,0,33,NaN,0.00,33.62,-0.93,32.69,NaN,NaN,NaN,NaN,NaN,NaN,NaN,NaN,NaN,NaN
640.83,32.01,35.47,32.00,20.00,AUTO,0,33,NaN,0.00,33.62,-0.93,32.69,NaN,NaN,NaN,NaN,NaN,NaN,NaN,NaN,NaN,NaN
641.83,32.01,35.47,32.00,20.00,AUTO,0,33,NaN,0.00,33.62,-0.93,32.69,NaN,NaN,NaN,NaN,NaN,NaN,NaN,NaN,NaN,NaN
642.83,32.01,35.47,32.00,20.00,AUTO,0,33,NaN,0.00,33.62,-0.93,32.69,NaN,NaN,NaN,NaN,NaN,NaN,NaN,NaN,NaN,NaN
643.83,32.01,35.47,32.00,20.00,AUTO,0,33,NaN,0.00,33.62,-0.93,32.69,NaN,NaN,NaN,NaN,NaN,NaN,NaN,NaN,NaN,NaN
644.84,32.01,35.47,32.00,20.00,AUTO,0,33,NaN,0.00,33.62,-0.93,32.69,NaN,NaN,NaN,NaN,NaN,NaN,NaN,NaN,NaN,NaN
645.84,32.01,35.47,32.00,20.00,AUTO,0,33,NaN,0.00,33.62,-0.93,32.69,NaN,NaN,NaN,NaN,NaN,NaN,NaN,NaN,NaN,NaN
646.84,32.00,35.47,32.00,20.00,AUTO,0,32,NaN,-0.55,33.61,-0.63,32.43,NaN,NaN,NaN,NaN,NaN,NaN,NaN,NaN,NaN,NaN
647.84,32.00,35.50,32.00,20.00,AUTO,0,32,NaN,-0.55,33.61,-0.63,32.43,NaN,NaN,NaN,NaN,NaN,NaN,NaN,NaN,NaN,NaN
648.84,32.00,35.47,32.00,20.00,AUTO,0,32,NaN,-0.55,33.61,-0.63,32.43,NaN,NaN,NaN,NaN,NaN,NaN,NaN,NaN,NaN,NaN
649.85,31.99,35.50,32.00,20.00,AUTO,0,32,NaN,-0.55,33.61,-0.63,32.43,NaN,NaN,NaN,NaN,NaN,NaN,NaN,NaN,NaN,NaN
650.84,31.99,35.50,32.00,20.00,AUTO,0,32,NaN,-0.55,33.61,-0.63,32.43,NaN,NaN,NaN,NaN,NaN,NaN,NaN,NaN,NaN,NaN
651.85,32.00,35.50,32.00,20.00,AUTO,0,32,NaN,-0.55,33.61,-0.63,32.43,NaN,NaN,NaN,NaN,NaN,NaN,NaN,NaN,NaN,NaN
652.85,32.01,35.50,32.00,20.00,AUTO,0,32,NaN,-0.55,33.61,-0.63,32.43,NaN,NaN,NaN,NaN,NaN,NaN,NaN,NaN,NaN,NaN
653.85,32.01,35.50,32.00,20.00,AUTO,0,32,NaN,-0.55,33.61,-0.63,32.43,NaN,NaN,NaN,NaN,NaN,NaN,NaN,NaN,NaN,NaN
654.85,32.01,35.50,32.00,20.00,AUTO,0,32,NaN,-0.55,33.61,-0.63,32.43,NaN,NaN,NaN,NaN,NaN,NaN,NaN,NaN,NaN,NaN
655.85,32.01,35.50,32.00,20.00,AUTO,0,32,NaN,-0.55,33.61,-0.63,32.43,NaN,NaN,NaN,NaN,NaN,NaN,NaN,NaN,NaN,NaN
656.85,32.01,35.47,32.00,20.00,AUTO,0,32,NaN,-0.55,33.61,-0.63,32.43,NaN,NaN,NaN,NaN,NaN,NaN,NaN,NaN,NaN,NaN
657.86,32.01,35.50,32.00,20.00,AUTO,0,32,NaN,-0.55,33.61,-0.63,32.43,NaN,NaN,NaN,NaN,NaN,NaN,NaN,NaN,NaN,NaN
658.86,32.01,35.47,32.00,20.00,AUTO,0,32,NaN,-0.55,33.61,-0.63,32.43,NaN,NaN,NaN,NaN,NaN,NaN,NaN,NaN,NaN,NaN
659.86,32.01,35.50,32.00,20.00,AUTO,0,32,NaN,-0.55,33.61,-0.63,32.43,NaN,NaN,NaN,NaN,NaN,NaN,NaN,NaN,NaN,NaN
660.86,32.01,35.47,32.00,20.00,AUTO,0,32,NaN,-0.55,33.61,-0.63,32.43,NaN,NaN,NaN,NaN,NaN,NaN,NaN,NaN,NaN,NaN
661.86,32.00,35.50,32.00,20.00,AUTO,0,33,NaN,-0.55,33.58,-0.25,32.78,NaN,NaN,NaN,NaN,NaN,NaN,NaN,NaN,NaN,NaN
662.87,32.00,35.50,32.00,20.00,AUTO,0,33,NaN,-0.55,33.58,-0.25,32.78,NaN,NaN,NaN,NaN,NaN,NaN,NaN,NaN,NaN,NaN
663.87,32.00,35.50,32.00,20.00,AUTO,0,33,NaN,-0.55,33.58,-0.25,32.78,NaN,NaN,NaN,NaN,NaN,NaN,NaN,NaN,NaN,NaN
664.87,31.99,35.50,32.00,20.00,AUTO,0,33,NaN,-0.55,33.58,-0.25,32.78,NaN,NaN,NaN,NaN,NaN,NaN,NaN,NaN,NaN,NaN
665.87,32.00,35.50,32.00,20.00,AUTO,0,33,NaN,-0.55,33.58,-0.25,32.78,NaN,NaN,NaN,NaN,NaN,NaN,NaN,NaN,NaN,NaN
666.87,32.01,35.50,32.00,20.00,AUTO,0,33,NaN,-0.55,33.58,-0.25,32.78,NaN,NaN,NaN,NaN,NaN,NaN,NaN,NaN,NaN,NaN
667.87,32.01,35.50,32.00,20.00,AUTO,0,33,NaN,-0.55,33.58,-0.25,32.78,NaN,NaN,NaN,NaN,NaN,NaN,NaN,NaN,NaN,NaN
668.87,32.01,35.50,32.00,20.00,AUTO,0,33,NaN,-0.55,33.58,-0.25,32.78,NaN,NaN,NaN,NaN,NaN,NaN,NaN,NaN,NaN,NaN
669.87,32.01,35.50,32.00,20.00,AUTO,0,33,NaN,-0.55,33.58,-0.25,32.78,NaN,NaN,NaN,NaN,NaN,NaN,NaN,NaN,NaN,NaN
670.88,32.01,35.50,32.00,20.00,AUTO,0,33,NaN,-0.55,33.58,-0.25,32.78,NaN,NaN,NaN,NaN,NaN,NaN,NaN,NaN,NaN,NaN
671.88,32.02,35.50,32.00,20.00,AUTO,0,33,NaN,-0.55,33.58,-0.25,32.78,NaN,NaN,NaN,NaN,NaN,NaN,NaN,NaN,NaN,NaN
672.88,32.01,35.50,32.00,20.00,AUTO,0,33,NaN,-0.55,33.58,-0.25,32.78,NaN,NaN,NaN,NaN,NaN,NaN,NaN,NaN,NaN,NaN
673.88,32.02,35.50,32.00,20.00,AUTO,0,33,NaN,-0.55,33.58,-0.25,32.78,NaN,NaN,NaN,NaN,NaN,NaN,NaN,NaN,NaN,NaN
674.88,32.01,35.50,32.00,20.00,AUTO,0,33,NaN,-0.55,33.58,-0.25,32.78,NaN,NaN,NaN,NaN,NaN,NaN,NaN,NaN,NaN,NaN
675.88,32.01,35.50,32.00,20.00,AUTO,0,33,NaN,-0.55,33.58,-0.25,32.78,NaN,NaN,NaN,NaN,NaN,NaN,NaN,NaN,NaN,NaN
676.89,32.00,35.50,32.00,20.00,AUTO,0,33,NaN,-0.55,33.54,-0.49,32.51,NaN,NaN,NaN,NaN,NaN,NaN,NaN,NaN,NaN,NaN
677.89,32.00,35.50,32.00,20.00,AUTO,0,33,NaN,-0.55,33.54,-0.49,32.51,NaN,NaN,NaN,NaN,NaN,NaN,NaN,NaN,NaN,NaN
678.89,32.00,35.50,32.00,20.00,AUTO,0,33,NaN,-0.55,33.54,-0.49,32.51,NaN,NaN,NaN,NaN,NaN,NaN,NaN,NaN,NaN,NaN
679.89,32.00,35.50,32.00,20.00,AUTO,0,33,NaN,-0.55,33.54,-0.49,32.51,NaN,NaN,NaN,NaN,NaN,NaN,NaN,NaN,NaN,NaN
680.89,32.00,35.50,32.00,20.00,AUTO,0,33,NaN,-0.55,33.54,-0.49,32.51,NaN,NaN,NaN,NaN,NaN,NaN,NaN,NaN,NaN,NaN
681.89,32.01,35.50,32.00,20.00,AUTO,0,33,NaN,-0.55,33.54,-0.49,32.51,NaN,NaN,NaN,NaN,NaN,NaN,NaN,NaN,NaN,NaN
682.89,32.01,35.50,32.00,20.00,AUTO,0,33,NaN,-0.55,33.54,-0.49,32.51,NaN,NaN,NaN,NaN,NaN,NaN,NaN,NaN,NaN,NaN
683.90,32.01,35.50,32.00,20.00,AUTO,0,33,NaN,-0.55,33.54,-0.49,32.51,NaN,NaN,NaN,NaN,NaN,NaN,NaN,NaN,NaN,NaN
684.90,32.01,35.50,32.00,20.00,AUTO,0,33,NaN,-0.55,33.54,-0.49,32.51,NaN,NaN,NaN,NaN,NaN,NaN,NaN,NaN,NaN,NaN
685.90,32.01,35.50,32.00,20.00,AUTO,0,33,NaN,-0.55,33.54,-0.49,32.51,NaN,NaN,NaN,NaN,NaN,NaN,NaN,NaN,NaN,NaN
686.90,32.01,35.50,32.00,20.00,AUTO,0,33,NaN,-0.55,33.54,-0.49,32.51,NaN,NaN,NaN,NaN,NaN,NaN,NaN,NaN,NaN,NaN
687.90,32.01,35.50,32.00,20.00,AUTO,0,33,NaN,-0.55,33.54,-0.49,32.51,NaN,NaN,NaN,NaN,NaN,NaN,NaN,NaN,NaN,NaN
688.90,32.01,35.50,32.00,20.00,AUTO,0,33,NaN,-0.55,33.54,-0.49,32.51,NaN,NaN,NaN,NaN,NaN,NaN,NaN,NaN,NaN,NaN
689.91,32.01,35.50,32.00,20.00,AUTO,0,33,NaN,-0.55,33.54,-0.49,32.51,NaN,NaN,NaN,NaN,NaN,NaN,NaN,NaN,NaN,NaN
690.91,32.01,35.50,32.00,20.00,AUTO,0,33,NaN,-0.55,33.54,-0.49,32.51,NaN,NaN,NaN,NaN,NaN,NaN,NaN,NaN,NaN,NaN
691.91,32.00,35.50,32.00,20.00,AUTO,0,33,NaN,-0.55,33.51,0.08,33.04,NaN,NaN,NaN,NaN,NaN,NaN,NaN,NaN,NaN,NaN
692.91,32.00,35.50,32.00,20.00,AUTO,0,33,NaN,-0.55,33.51,0.08,33.04,NaN,NaN,NaN,NaN,NaN,NaN,NaN,NaN,NaN,NaN
693.91,32.00,35.50,32.00,20.00,AUTO,0,33,NaN,-0.55,33.51,0.08,33.04,NaN,NaN,NaN,NaN,NaN,NaN,NaN,NaN,NaN,NaN
694.91,31.99,35.50,32.00,20.00,AUTO,0,33,NaN,-0.55,33.51,0.08,33.04,NaN,NaN,NaN,NaN,NaN,NaN,NaN,NaN,NaN,NaN
695.92,31.99,35.50,32.00,20.00,AUTO,0,33,NaN,-0.55,33.51,0.08,33.04,NaN,NaN,NaN,NaN,NaN,NaN,NaN,NaN,NaN,NaN
696.92,32.01,35.50,32.00,20.00,AUTO,0,33,NaN,-0.55,33.51,0.08,33.04,NaN,NaN,NaN,NaN,NaN,NaN,NaN,NaN,NaN,NaN
697.92,32.01,35.50,32.00,20.00,AUTO,0,33,NaN,-0.55,33.51,0.08,33.04,NaN,NaN,NaN,NaN,NaN,NaN,NaN,NaN,NaN,NaN
698.92,32.01,35.50,32.00,20.00,AUTO,0,33,NaN,-0.55,33.51,0.08,33.04,NaN,NaN,NaN,NaN,NaN,NaN,NaN,NaN,NaN,NaN
699.92,32.01,35.50,32.00,20.00,AUTO,0,33,NaN,-0.55,33.51,0.08,33.04,NaN,NaN,NaN,NaN,NaN,NaN,NaN,NaN,NaN,NaN
700.92,32.01,35.50,32.00,20.00,AUTO,0,33,NaN,-0.55,33.51,0.08,33.04,NaN,NaN,NaN,NaN,NaN,NaN,NaN,NaN,NaN,NaN
701.92,32.01,35.50,32.00,20.00,AUTO,0,33,NaN,-0.55,33.51,0.08,33.04,NaN,NaN,NaN,NaN,NaN,NaN,NaN,NaN,NaN,NaN
702.92,32.01,35.50,32.00,20.00,AUTO,0,33,NaN,-0.55,33.51,0.08,33.04,NaN,NaN,NaN,NaN,NaN,NaN,NaN,NaN,NaN,NaN
703.93,32.01,35.50,32.00,20.00,AUTO,0,33,NaN,-0.55,33.51,0.08,33.04,NaN,NaN,NaN,NaN,NaN,NaN,NaN,NaN,NaN,NaN
704.93,32.01,35.50,32.00,20.00,AUTO,0,33,NaN,-0.55,33.51,0.08,33.04,NaN,NaN,NaN,NaN,NaN,NaN,NaN,NaN,NaN,NaN
705.93,32.01,35.50,32.00,20.00,AUTO,0,33,NaN,-0.55,33.51,0.08,33.04,NaN,NaN,NaN,NaN,NaN,NaN,NaN,NaN,NaN,NaN
706.93,32.00,35.50,32.00,20.00,AUTO,0,33,NaN,-0.55,33.48,-0.26,32.67,NaN,NaN,NaN,NaN,NaN,NaN,NaN,NaN,NaN,NaN
707.93,32.00,35.50,32.00,20.00,AUTO,0,33,NaN,-0.55,33.48,-0.26,32.67,NaN,NaN,NaN,NaN,NaN,NaN,NaN,NaN,NaN,NaN
708.94,32.00,35.50,32.00,20.00,AUTO,0,33,NaN,-0.55,33.48,-0.26,32.67,NaN,NaN,NaN,NaN,NaN,NaN,NaN,NaN,NaN,NaN
709.94,31.99,35.50,32.00,20.00,AUTO,0,33,NaN,-0.55,33.48,-0.26,32.67,NaN,NaN,NaN,NaN,NaN,NaN,NaN,NaN,NaN,NaN
710.94,31.99,35.50,32.00,20.00,AUTO,0,33,NaN,-0.55,33.48,-0.26,32.67,NaN,NaN,NaN,NaN,NaN,NaN,NaN,NaN,NaN,NaN
711.94,32.01,35.50,32.00,20.00,AUTO,0,33,NaN,-0.55,33.48,-0.26,32.67,NaN,NaN,NaN,NaN,NaN,NaN,NaN,NaN,NaN,NaN
712.94,32.01,35.50,32.00,20.00,AUTO,0,33,NaN,-0.55,33.48,-0.26,32.67,NaN,NaN,NaN,NaN,NaN,NaN,NaN,NaN,NaN,NaN
713.94,32.01,35.50,32.00,20.00,AUTO,0,33,NaN,-0.55,33.48,-0.26,32.67,NaN,NaN,NaN,NaN,NaN,NaN,NaN,NaN,NaN,NaN
714.95,32.01,35.50,32.00,20.00,AUTO,0,33,NaN,-0.55,33.48,-0.26,32.67,NaN,NaN,NaN,NaN,NaN,NaN,NaN,NaN,NaN,NaN
715.95,32.01,35.50,32.00,20.00,AUTO,0,33,NaN,-0.55,33.48,-0.26,32.67,NaN,NaN,NaN,NaN,NaN,NaN,NaN,NaN,NaN,NaN
716.95,32.01,35.50,32.00,20.00,AUTO,0,33,NaN,-0.55,33.48,-0.26,32.67,NaN,NaN,NaN,NaN,NaN,NaN,NaN,NaN,NaN,NaN
717.95,32.01,35.50,32.00,20.00,AUTO,0,33,NaN,-0.55,33.48,-0.26,32.67,NaN,NaN,NaN,NaN,NaN,NaN,NaN,NaN,NaN,NaN
718.95,32.01,35.50,32.00,20.00,AUTO,0,33,NaN,-0.55,33.48,-0.26,32.67,NaN,NaN,NaN,NaN,NaN,NaN,NaN,NaN,NaN,NaN
719.95,32.01,35.50,32.00,20.00,AUTO,0,33,NaN,-0.55,33.48,-0.26,32.67,NaN,NaN,NaN,NaN,NaN,NaN,NaN,NaN,NaN,NaN
720.95,32.01,35.50,32.00,20.00,AUTO,0,33,NaN,-0.55,33.48,-0.26,32.67,NaN,NaN,NaN,NaN,NaN,NaN,NaN,NaN,NaN,NaN
721.96,32.00,35.50,32.00,20.00,AUTO,0,33,NaN,-0.55,33.45,-0.26,32.64,NaN,NaN,NaN,NaN,NaN,NaN,NaN,NaN,NaN,NaN
722.96,32.00,35.50,32.00,20.00,AUTO,0,33,NaN,-0.55,33.45,-0.26,32.64,NaN,NaN,NaN,NaN,NaN,NaN,NaN,NaN,NaN,NaN
723.96,32.00,35.50,32.00,20.00,AUTO,0,33,NaN,-0.55,33.45,-0.26,32.64,NaN,NaN,NaN,NaN,NaN,NaN,NaN,NaN,NaN,NaN
724.96,31.99,35.53,32.00,20.00,AUTO,0,33,NaN,-0.55,33.45,-0.26,32.64,NaN,NaN,NaN,NaN,NaN,NaN,NaN,NaN,NaN,NaN
725.96,31.99,35.53,32.00,20.00,AUTO,0,33,NaN,-0.55,33.45,-0.26,32.64,NaN,NaN,NaN,NaN,NaN,NaN,NaN,NaN,NaN,NaN
726.96,32.01,35.53,32.00,20.00,AUTO,0,33,NaN,-0.55,33.45,-0.26,32.64,NaN,NaN,NaN,NaN,NaN,NaN,NaN,NaN,NaN,NaN
727.97,32.01,35.53,32.00,20.00,AUTO,0,33,NaN,-0.55,33.45,-0.26,32.64,NaN,NaN,NaN,NaN,NaN,NaN,NaN,NaN,NaN,NaN
728.97,32.01,35.53,32.00,20.00,AUTO,0,33,NaN,-0.55,33.45,-0.26,32.64,NaN,NaN,NaN,NaN,NaN,NaN,NaN,NaN,NaN,NaN
729.97,32.01,35.53,32.00,20.00,AUTO,0,33,NaN,-0.55,33.45,-0.26,32.64,NaN,NaN,NaN,NaN,NaN,NaN,NaN,NaN,NaN,NaN
730.97,32.01,35.53,32.00,20.00,AUTO,0,33,NaN,-0.55,33.45,-0.26,32.64,NaN,NaN,NaN,NaN,NaN,NaN,NaN,NaN,NaN,NaN
731.97,32.01,35.53,32.00,20.00,AUTO,0,33,NaN,-0.55,33.45,-0.26,32.64,NaN,NaN,NaN,NaN,NaN,NaN,NaN,NaN,NaN,NaN
732.97,32.01,35.50,32.00,20.00,AUTO,0,33,NaN,-0.55,33.45,-0.26,32.64,NaN,NaN,NaN,NaN,NaN,NaN,NaN,NaN,NaN,NaN
733.97,32.01,35.50,32.00,20.00,AUTO,0,33,NaN,-0.55,33.45,-0.26,32.64,NaN,NaN,NaN,NaN,NaN,NaN,NaN,NaN,NaN,NaN
734.97,32.01,35.53,32.00,20.00,AUTO,0,33,NaN,-0.55,33.45,-0.26,32.64,NaN,NaN,NaN,NaN,NaN,NaN,NaN,NaN,NaN,NaN
735.98,32.01,35.50,32.00,20.00,AUTO,0,33,NaN,-0.55,33.45,-0.26,32.64,NaN,NaN,NaN,NaN,NaN,NaN,NaN,NaN,NaN,NaN
736.98,32.00,35.53,32.00,20.00,AUTO,0,33,NaN,-0.55,33.42,-0.26,32.61,NaN,NaN,NaN,NaN,NaN,NaN,NaN,NaN,NaN,NaN
737.98,32.00,35.53,32.00,20.00,AUTO,0,33,NaN,-0.55,33.42,-0.26,32.61,NaN,NaN,NaN,NaN,NaN,NaN,NaN,NaN,NaN,NaN
738.98,31.99,35.53,32.00,20.00,AUTO,0,33,NaN,-0.55,33.42,-0.26,32.61,NaN,NaN,NaN,NaN,NaN,NaN,NaN,NaN,NaN,NaN
739.98,31.99,35.53,32.00,20.00,AUTO,0,33,NaN,-0.55,33.42,-0.26,32.61,NaN,NaN,NaN,NaN,NaN,NaN,NaN,NaN,NaN,NaN
740.99,32.00,35.53,32.00,20.00,AUTO,0,33,NaN,-0.55,33.42,-0.26,32.61,NaN,NaN,NaN,NaN,NaN,NaN,NaN,NaN,NaN,NaN
741.99,32.01,35.53,32.00,20.00,AUTO,0,33,NaN,-0.55,33.42,-0.26,32.61,NaN,NaN,NaN,NaN,NaN,NaN,NaN,NaN,NaN,NaN
742.99,32.01,35.53,32.00,20.00,AUTO,0,33,NaN,-0.55,33.42,-0.26,32.61,NaN,NaN,NaN,NaN,NaN,NaN,NaN,NaN,NaN,NaN
743.99,32.01,35.53,32.00,20.00,AUTO,0,33,NaN,-0.55,33.42,-0.26,32.61,NaN,NaN,NaN,NaN,NaN,NaN,NaN,NaN,NaN,NaN
744.99,32.01,35.53,32.00,20.00,AUTO,0,33,NaN,-0.55,33.42,-0.26,32.61,NaN,NaN,NaN,NaN,NaN,NaN,NaN,NaN,NaN,NaN
745.99,32.01,35.53,32.00,20.00,AUTO,0,33,NaN,-0.55,33.42,-0.26,32.61,NaN,NaN,NaN,NaN,NaN,NaN,NaN,NaN,NaN,NaN
747.00,32.01,35.53,32.00,20.00,AUTO,0,33,NaN,-0.55,33.42,-0.26,32.61,NaN,NaN,NaN,NaN,NaN,NaN,NaN,NaN,NaN,NaN
747.99,32.01,35.53,32.00,20.00,AUTO,0,33,NaN,-0.55,33.42,-0.26,32.61,NaN,NaN,NaN,NaN,NaN,NaN,NaN,NaN,NaN,NaN
749.00,32.01,35.53,32.00,20.00,AUTO,0,33,NaN,-0.55,33.42,-0.26,32.61,NaN,NaN,NaN,NaN,NaN,NaN,NaN,NaN,NaN,NaN
750.00,32.01,35.53,32.00,20.00,AUTO,0,33,NaN,-0.55,33.42,-0.26,32.61,NaN,NaN,NaN,NaN,NaN,NaN,NaN,NaN,NaN,NaN
751.00,32.01,35.53,32.00,20.00,AUTO,0,33,NaN,-0.55,33.42,-0.26,32.61,NaN,NaN,NaN,NaN,NaN,NaN,NaN,NaN,NaN,NaN
752.00,32.00,35.53,32.00,20.00,AUTO,0,33,NaN,-0.55,33.40,-0.30,32.55,NaN,NaN,NaN,NaN,NaN,NaN,NaN,NaN,NaN,NaN
753.00,32.00,35.53,32.00,20.00,AUTO,0,33,NaN,-0.55,33.40,-0.30,32.55,NaN,NaN,NaN,NaN,NaN,NaN,NaN,NaN,NaN,NaN
754.00,31.99,35.53,32.00,20.00,AUTO,0,33,NaN,-0.55,33.40,-0.30,32.55,NaN,NaN,NaN,NaN,NaN,NaN,NaN,NaN,NaN,NaN
755.01,32.00,35.53,32.00,20.00,AUTO,0,33,NaN,-0.55,33.40,-0.30,32.55,NaN,NaN,NaN,NaN,NaN,NaN,NaN,NaN,NaN,NaN
756.01,32.00,35.53,32.00,20.00,AUTO,0,33,NaN,-0.55,33.40,-0.30,32.55,NaN,NaN,NaN,NaN,NaN,NaN,NaN,NaN,NaN,NaN
757.01,32.01,35.53,32.00,20.00,AUTO,0,33,NaN,-0.55,33.40,-0.30,32.55,NaN,NaN,NaN,NaN,NaN,NaN,NaN,NaN,NaN,NaN
758.01,32.01,35.53,32.00,20.00,AUTO,0,33,NaN,-0.55,33.40,-0.30,32.55,NaN,NaN,NaN,NaN,NaN,NaN,NaN,NaN,NaN,NaN
759.01,32.01,35.53,32.00,20.00,AUTO,0,33,NaN,-0.55,33.40,-0.30,32.55,NaN,NaN,NaN,NaN,NaN,NaN,NaN,NaN,NaN,NaN
760.02,32.01,35.53,32.00,20.00,AUTO,0,33,NaN,-0.55,33.40,-0.30,32.55,NaN,NaN,NaN,NaN,NaN,NaN,NaN,NaN,NaN,NaN
761.02,32.01,35.53,32.00,20.00,AUTO,0,33,NaN,-0.55,33.40,-0.30,32.55,NaN,NaN,NaN,NaN,NaN,NaN,NaN,NaN,NaN,NaN
762.02,32.01,35.53,32.00,20.00,AUTO,0,33,NaN,-0.55,33.40,-0.30,32.55,NaN,NaN,NaN,NaN,NaN,NaN,NaN,NaN,NaN,NaN
763.02,32.01,35.53,32.00,20.00,AUTO,0,33,NaN,-0.55,33.40,-0.30,32.55,NaN,NaN,NaN,NaN,NaN,NaN,NaN,NaN,NaN,NaN
764.02,32.01,35.53,32.00,20.00,AUTO,0,33,NaN,-0.55,33.40,-0.30,32.55,NaN,NaN,NaN,NaN,NaN,NaN,NaN,NaN,NaN,NaN
765.02,32.01,35.53,32.00,20.00,AUTO,0,33,NaN,-0.55,33.40,-0.30,32.55,NaN,NaN,NaN,NaN,NaN,NaN,NaN,NaN,NaN,NaN
766.02,32.01,35.53,32.00,20.00,AUTO,0,33,NaN,-0.55,33.40,-0.30,32.55,NaN,NaN,NaN,NaN,NaN,NaN,NaN,NaN,NaN,NaN
767.03,32.00,35.53,32.00,20.00,AUTO,0,33,NaN,-0.55,33.37,-0.27,32.55,NaN,NaN,NaN,NaN,NaN,NaN,NaN,NaN,NaN,NaN
768.03,32.00,35.53,32.00,20.00,AUTO,0,33,NaN,-0.55,33.37,-0.27,32.55,NaN,NaN,NaN,NaN,NaN,NaN,NaN,NaN,NaN,NaN
769.03,32.00,35.53,32.00,20.00,AUTO,0,33,NaN,-0.55,33.37,-0.27,32.55,NaN,NaN,NaN,NaN,NaN,NaN,NaN,NaN,NaN,NaN
770.03,32.00,35.53,32.00,20.00,AUTO,0,33,NaN,-0.55,33.37,-0.27,32.55,NaN,NaN,NaN,NaN,NaN,NaN,NaN,NaN,NaN,NaN
771.03,32.00,35.53,32.00,20.00,AUTO,0,33,NaN,-0.55,33.37,-0.27,32.55,NaN,NaN,NaN,NaN,NaN,NaN,NaN,NaN,NaN,NaN
772.03,32.00,35.53,32.00,20.00,AUTO,0,33,NaN,-0.55,33.37,-0.27,32.55,NaN,NaN,NaN,NaN,NaN,NaN,NaN,NaN,NaN,NaN
773.04,32.01,35.56,32.00,20.00,AUTO,0,33,NaN,-0.55,33.37,-0.27,32.55,NaN,NaN,NaN,NaN,NaN,NaN,NaN,NaN,NaN,NaN
774.04,32.01,35.53,32.00,20.00,AUTO,0,33,NaN,-0.55,33.37,-0.27,32.55,NaN,NaN,NaN,NaN,NaN,NaN,NaN,NaN,NaN,NaN
775.04,32.01,35.53,32.00,20.00,AUTO,0,33,NaN,-0.55,33.37,-0.27,32.55,NaN,NaN,NaN,NaN,NaN,NaN,NaN,NaN,NaN,NaN
776.04,32.01,35.53,32.00,20.00,AUTO,0,33,NaN,-0.55,33.37,-0.27,32.55,NaN,NaN,NaN,NaN,NaN,NaN,NaN,NaN,NaN,NaN
777.04,32.02,35.53,32.00,20.00,AUTO,0,33,NaN,-0.55,33.37,-0.27,32.55,NaN,NaN,NaN,NaN,NaN,NaN,NaN,NaN,NaN,NaN
778.04,32.01,35.53,32.00,20.00,AUTO,0,33,NaN,-0.55,33.37,-0.27,32.55,NaN,NaN,NaN,NaN,NaN,NaN,NaN,NaN,NaN,NaN
779.05,32.01,35.53,32.00,20.00,AUTO,0,33,NaN,-0.55,33.37,-0.27,32.55,NaN,NaN,NaN,NaN,NaN,NaN,NaN,NaN,NaN,NaN
780.04,32.01,35.53,32.00,20.00,AUTO,0,33,NaN,-0.55,33.37,-0.27,32.55,NaN,NaN,NaN,NaN,NaN,NaN,NaN,NaN,NaN,NaN
781.05,32.01,35.53,32.00,20.00,AUTO,0,33,NaN,-0.55,33.37,-0.27,32.55,NaN,NaN,NaN,NaN,NaN,NaN,NaN,NaN,NaN,NaN
782.05,32.00,35.53,32.00,20.00,AUTO,0,32,NaN,-0.55,33.33,-0.31,32.47,NaN,NaN,NaN,NaN,NaN,NaN,NaN,NaN,NaN,NaN
783.05,32.00,35.53,32.00,20.00,AUTO,0,32,NaN,-0.55,33.33,-0.31,32.47,NaN,NaN,NaN,NaN,NaN,NaN,NaN,NaN,NaN,NaN
784.05,32.00,35.53,32.00,20.00,AUTO,0,32,NaN,-0.55,33.33,-0.31,32.47,NaN,NaN,NaN,NaN,NaN,NaN,NaN,NaN,NaN,NaN
785.05,31.99,35.56,32.00,20.00,AUTO,0,32,NaN,-0.55,33.33,-0.31,32.47,NaN,NaN,NaN,NaN,NaN,NaN,NaN,NaN,NaN,NaN
786.05,31.99,35.56,32.00,20.00,AUTO,0,32,NaN,-0.55,33.33,-0.31,32.47,NaN,NaN,NaN,NaN,NaN,NaN,NaN,NaN,NaN,NaN
787.06,32.00,35.56,32.00,20.00,AUTO,0,32,NaN,-0.55,33.33,-0.31,32.47,NaN,NaN,NaN,NaN,NaN,NaN,NaN,NaN,NaN,NaN
788.06,32.01,35.56,32.00,20.00,AUTO,0,32,NaN,-0.55,33.33,-0.31,32.47,NaN,NaN,NaN,NaN,NaN,NaN,NaN,NaN,NaN,NaN
789.06,32.00,35.56,32.00,20.00,AUTO,0,32,NaN,-0.55,33.33,-0.31,32.47,NaN,NaN,NaN,NaN,NaN,NaN,NaN,NaN,NaN,NaN
790.06,32.01,35.56,32.00,20.00,AUTO,0,32,NaN,-0.55,33.33,-0.31,32.47,NaN,NaN,NaN,NaN,NaN,NaN,NaN,NaN,NaN,NaN
791.06,32.01,35.56,32.00,20.00,AUTO,0,32,NaN,-0.55,33.33,-0.31,32.47,NaN,NaN,NaN,NaN,NaN,NaN,NaN,NaN,NaN,NaN
792.06,32.01,35.56,32.00,20.00,AUTO,0,32,NaN,-0.55,33.33,-0.31,32.47,NaN,NaN,NaN,NaN,NaN,NaN,NaN,NaN,NaN,NaN
793.07,32.01,35.56,32.00,20.00,AUTO,0,32,NaN,-0.55,33.33,-0.31,32.47,NaN,NaN,NaN,NaN,NaN,NaN,NaN,NaN,NaN,NaN
794.06,32.01,35.56,32.00,20.00,AUTO,0,32,NaN,-0.55,33.33,-0.31,32.47,NaN,NaN,NaN,NaN,NaN,NaN,NaN,NaN,NaN,NaN
795.07,32.01,35.56,32.00,20.00,AUTO,0,32,NaN,-0.55,33.33,-0.31,32.47,NaN,NaN,NaN,NaN,NaN,NaN,NaN,NaN,NaN,NaN
796.07,32.00,35.56,32.00,20.00,AUTO,0,32,NaN,-0.55,33.33,-0.31,32.47,NaN,NaN,NaN,NaN,NaN,NaN,NaN,NaN,NaN,NaN
797.07,31.99,35.56,32.00,20.00,AUTO,0,33,NaN,-0.27,33.31,0.14,33.17,NaN,NaN,NaN,NaN,NaN,NaN,NaN,NaN,NaN,NaN
798.07,31.99,35.56,32.00,20.00,AUTO,0,33,NaN,-0.27,33.31,0.14,33.17,NaN,NaN,NaN,NaN,NaN,NaN,NaN,NaN,NaN,NaN
799.07,31.99,35.56,32.00,20.00,AUTO,0,33,NaN,-0.27,33.31,0.14,33.17,NaN,NaN,NaN,NaN,NaN,NaN,NaN,NaN,NaN,NaN
800.08,31.99,35.56,32.00,20.00,AUTO,0,33,NaN,-0.27,33.31,0.14,33.17,NaN,NaN,NaN,NaN,NaN,NaN,NaN,NaN,NaN,NaN
801.08,31.99,35.56,32.00,20.00,AUTO,0,33,NaN,-0.27,33.31,0.14,33.17,NaN,NaN,NaN,NaN,NaN,NaN,NaN,NaN,NaN,NaN
802.08,32.00,35.56,32.00,20.00,AUTO,0,33,NaN,-0.27,33.31,0.14,33.17,NaN,NaN,NaN,NaN,NaN,NaN,NaN,NaN,NaN,NaN
803.08,32.00,35.56,32.00,20.00,AUTO,0,33,NaN,-0.27,33.31,0.14,33.17,NaN,NaN,NaN,NaN,NaN,NaN,NaN,NaN,NaN,NaN
804.08,32.00,35.56,32.00,20.00,AUTO,0,33,NaN,-0.27,33.31,0.14,33.17,NaN,NaN,NaN,NaN,NaN,NaN,NaN,NaN,NaN,NaN
805.08,32.01,35.56,32.00,20.00,AUTO,0,33,NaN,-0.27,33.31,0.14,33.17,NaN,NaN,NaN,NaN,NaN,NaN,NaN,NaN,NaN,NaN
806.09,32.01,35.56,32.00,20.00,AUTO,0,33,NaN,-0.27,33.31,0.14,33.17,NaN,NaN,NaN,NaN,NaN,NaN,NaN,NaN,NaN,NaN
807.08,32.01,35.56,32.00,20.00,AUTO,0,33,NaN,-0.27,33.31,0.14,33.17,NaN,NaN,NaN,NaN,NaN,NaN,NaN,NaN,NaN,NaN
808.09,32.01,35.56,32.00,20.00,AUTO,0,33,NaN,-0.27,33.31,0.14,33.17,NaN,NaN,NaN,NaN,NaN,NaN,NaN,NaN,NaN,NaN
809.09,32.01,35.56,32.00,20.00,AUTO,0,33,NaN,-0.27,33.31,0.14,33.17,NaN,NaN,NaN,NaN,NaN,NaN,NaN,NaN,NaN,NaN
810.09,32.01,35.56,32.00,20.00,AUTO,0,33,NaN,-0.27,33.31,0.14,33.17,NaN,NaN,NaN,NaN,NaN,NaN,NaN,NaN,NaN,NaN
811.09,32.01,35.56,32.00,20.00,AUTO,0,33,NaN,-0.27,33.31,0.14,33.17,NaN,NaN,NaN,NaN,NaN,NaN,NaN,NaN,NaN,NaN
812.09,32.00,35.56,32.00,20.00,AUTO,0,32,NaN,-0.55,33.31,-0.47,32.29,NaN,NaN,NaN,NaN,NaN,NaN,NaN,NaN,NaN,NaN
813.09,31.99,35.56,32.00,20.00,AUTO,0,32,NaN,-0.55,33.31,-0.47,32.29,NaN,NaN,NaN,NaN,NaN,NaN,NaN,NaN,NaN,NaN
814.10,31.98,35.56,32.00,20.00,AUTO,0,32,NaN,-0.55,33.31,-0.47,32.29,NaN,NaN,NaN,NaN,NaN,NaN,NaN,NaN,NaN,NaN
815.10,31.99,35.56,32.00,20.00,AUTO,0,32,NaN,-0.55,33.31,-0.47,32.29,NaN,NaN,NaN,NaN,NaN,NaN,NaN,NaN,NaN,NaN
816.10,31.99,35.56,32.00,20.00,AUTO,0,32,NaN,-0.55,33.31,-0.47,32.29,NaN,NaN,NaN,NaN,NaN,NaN,NaN,NaN,NaN,NaN
817.10,32.01,35.56,32.00,20.00,AUTO,0,32,NaN,-0.55,33.31,-0.47,32.29,NaN,NaN,NaN,NaN,NaN,NaN,NaN,NaN,NaN,NaN
818.10,32.01,35.56,32.00,20.00,AUTO,0,32,NaN,-0.55,33.31,-0.47,32.29,NaN,NaN,NaN,NaN,NaN,NaN,NaN,NaN,NaN,NaN
819.11,32.01,35.56,32.00,20.00,AUTO,0,32,NaN,-0.55,33.31,-0.47,32.29,NaN,NaN,NaN,NaN,NaN,NaN,NaN,NaN,NaN,NaN
820.11,32.01,35.56,32.00,20.00,AUTO,0,32,NaN,-0.55,33.31,-0.47,32.29,NaN,NaN,NaN,NaN,NaN,NaN,NaN,NaN,NaN,NaN
821.11,32.01,35.56,32.00,20.00,AUTO,0,32,NaN,-0.55,33.31,-0.47,32.29,NaN,NaN,NaN,NaN,NaN,NaN,NaN,NaN,NaN,NaN
822.11,32.01,35.56,32.00,20.00,AUTO,0,32,NaN,-0.55,33.31,-0.47,32.29,NaN,NaN,NaN,NaN,NaN,NaN,NaN,NaN,NaN,NaN
823.11,32.01,35.56,32.00,20.00,AUTO,0,32,NaN,-0.55,33.31,-0.47,32.29,NaN,NaN,NaN,NaN,NaN,NaN,NaN,NaN,NaN,NaN
824.11,32.01,35.56,32.00,20.00,AUTO,0,32,NaN,-0.55,33.31,-0.47,32.29,NaN,NaN,NaN,NaN,NaN,NaN,NaN,NaN,NaN,NaN
825.12,32.01,35.56,32.00,20.00,AUTO,0,32,NaN,-0.55,33.31,-0.47,32.29,NaN,NaN,NaN,NaN,NaN,NaN,NaN,NaN,NaN,NaN
826.11,32.01,35.56,32.00,20.00,AUTO,0,32,NaN,-0.55,33.31,-0.47,32.29,NaN,NaN,NaN,NaN,NaN,NaN,NaN,NaN,NaN,NaN
827.12,32.00,35.56,32.00,20.00,AUTO,0,32,NaN,-0.55,33.29,-0.41,32.32,NaN,NaN,NaN,NaN,NaN,NaN,NaN,NaN,NaN,NaN
828.12,31.99,35.56,32.00,20.00,AUTO,0,32,NaN,-0.55,33.29,-0.41,32.32,NaN,NaN,NaN,NaN,NaN,NaN,NaN,NaN,NaN,NaN
829.12,31.99,35.56,32.00,20.00,AUTO,0,32,NaN,-0.55,33.29,-0.41,32.32,NaN,NaN,NaN,NaN,NaN,NaN,NaN,NaN,NaN,NaN
830.12,31.99,35.56,32.00,20.00,AUTO,0,32,NaN,-0.55,33.29,-0.41,32.32,NaN,NaN,NaN,NaN,NaN,NaN,NaN,NaN,NaN,NaN
831.12,31.99,35.56,32.00,20.00,AUTO,0,32,NaN,-0.55,33.29,-0.41,32.32,NaN,NaN,NaN,NaN,NaN,NaN,NaN,NaN,NaN,NaN
832.13,32.00,35.56,32.00,20.00,AUTO,0,32,NaN,-0.55,33.29,-0.41,32.32,NaN,NaN,NaN,NaN,NaN,NaN,NaN,NaN,NaN,NaN
833.13,32.01,35.56,32.00,20.00,AUTO,0,32,NaN,-0.55,33.29,-0.41,32.32,NaN,NaN,NaN,NaN,NaN,NaN,NaN,NaN,NaN,NaN
834.13,32.01,35.56,32.00,20.00,AUTO,0,32,NaN,-0.55,33.29,-0.41,32.32,NaN,NaN,NaN,NaN,NaN,NaN,NaN,NaN,NaN,NaN
835.13,32.01,35.56,32.00,20.00,AUTO,0,32,NaN,-0.55,33.29,-0.41,32.32,NaN,NaN,NaN,NaN,NaN,NaN,NaN,NaN,NaN,NaN
836.13,32.02,35.56,32.00,20.00,AUTO,0,32,NaN,-0.55,33.29,-0.41,32.32,NaN,NaN,NaN,NaN,NaN,NaN,NaN,NaN,NaN,NaN
837.13,32.01,35.56,32.00,20.00,AUTO,0,32,NaN,-0.55,33.29,-0.41,32.32,NaN,NaN,NaN,NaN,NaN,NaN,NaN,NaN,NaN,NaN
838.14,32.01,35.56,32.00,20.00,AUTO,0,32,NaN,-0.55,33.29,-0.41,32.32,NaN,NaN,NaN,NaN,NaN,NaN,NaN,NaN,NaN,NaN
839.13,32.01,35.56,32.00,20.00,AUTO,0,32,NaN,-0.55,33.29,-0.41,32.32,NaN,NaN,NaN,NaN,NaN,NaN,NaN,NaN,NaN,NaN
840.14,32.01,35.56,32.00,20.00,AUTO,0,32,NaN,-0.55,33.29,-0.41,32.32,NaN,NaN,NaN,NaN,NaN,NaN,NaN,NaN,NaN,NaN
841.14,32.01,35.56,32.00,20.00,AUTO,0,32,NaN,-0.55,33.29,-0.41,32.32,NaN,NaN,NaN,NaN,NaN,NaN,NaN,NaN,NaN,NaN
842.14,32.00,35.56,32.00,20.00,AUTO,0,32,NaN,-0.55,33.27,-0.44,32.28,NaN,NaN,NaN,NaN,NaN,NaN,NaN,NaN,NaN,NaN
843.14,32.00,35.56,32.00,20.00,AUTO,0,32,NaN,-0.55,33.27,-0.44,32.28,NaN,NaN,NaN,NaN,NaN,NaN,NaN,NaN,NaN,NaN
844.14,32.00,35.56,32.00,20.00,AUTO,0,32,NaN,-0.55,33.27,-0.44,32.28,NaN,NaN,NaN,NaN,NaN,NaN,NaN,NaN,NaN,NaN
845.14,32.00,35.56,32.00,20.00,AUTO,0,32,NaN,-0.55,33.27,-0.44,32.28,NaN,NaN,NaN,NaN,NaN,NaN,NaN,NaN,NaN,NaN
846.15,32.00,35.56,32.00,20.00,AUTO,0,32,NaN,-0.55,33.27,-0.44,32.28,NaN,NaN,NaN,NaN,NaN,NaN,NaN,NaN,NaN,NaN
847.15,32.01,35.56,32.00,20.00,AUTO,0,32,NaN,-0.55,33.27,-0.44,32.28,NaN,NaN,NaN,NaN,NaN,NaN,NaN,NaN,NaN,NaN
848.15,32.01,35.56,32.00,20.00,AUTO,0,32,NaN,-0.55,33.27,-0.44,32.28,NaN,NaN,NaN,NaN,NaN,NaN,NaN,NaN,NaN,NaN
849.15,32.01,35.56,32.00,20.00,AUTO,0,32,NaN,-0.55,33.27,-0.44,32.28,NaN,NaN,NaN,NaN,NaN,NaN,NaN,NaN,NaN,NaN
850.15,32.01,35.56,32.00,20.00,AUTO,0,32,NaN,-0.55,33.27,-0.44,32.28,NaN,NaN,NaN,NaN,NaN,NaN,NaN,NaN,NaN,NaN
851.15,32.01,35.56,32.00,20.00,AUTO,0,32,NaN,-0.55,33.27,-0.44,32.28,NaN,NaN,NaN,NaN,NaN,NaN,NaN,NaN,NaN,NaN
852.16,32.01,35.56,32.00,20.00,AUTO,0,32,NaN,-0.55,33.27,-0.44,32.28,NaN,NaN,NaN,NaN,NaN,NaN,NaN,NaN,NaN,NaN
853.16,32.01,35.56,32.00,20.00,AUTO,0,32,NaN,-0.55,33.27,-0.44,32.28,NaN,NaN,NaN,NaN,NaN,NaN,NaN,NaN,NaN,NaN
854.16,32.01,35.56,32.00,20.00,AUTO,0,32,NaN,-0.55,33.27,-0.44,32.28,NaN,NaN,NaN,NaN,NaN,NaN,NaN,NaN,NaN,NaN
855.16,32.01,35.56,32.00,20.00,AUTO,0,32,NaN,-0.55,33.27,-0.44,32.28,NaN,NaN,NaN,NaN,NaN,NaN,NaN,NaN,NaN,NaN
856.16,32.00,35.56,32.00,20.00,AUTO,0,32,NaN,-0.55,33.27,-0.44,32.28,NaN,NaN,NaN,NaN,NaN,NaN,NaN,NaN,NaN,NaN
857.17,31.99,35.56,32.00,20.00,AUTO,0,33,NaN,-0.27,33.24,-0.05,32.91,NaN,NaN,NaN,NaN,NaN,NaN,NaN,NaN,NaN,NaN
858.16,31.99,35.56,32.00,20.00,AUTO,0,33,NaN,-0.27,33.24,-0.05,32.91,NaN,NaN,NaN,NaN,NaN,NaN,NaN,NaN,NaN,NaN
859.17,31.99,35.56,32.00,20.00,AUTO,0,33,NaN,-0.27,33.24,-0.05,32.91,NaN,NaN,NaN,NaN,NaN,NaN,NaN,NaN,NaN,NaN
860.17,31.98,35.56,32.00,20.00,AUTO,0,33,NaN,-0.27,33.24,-0.05,32.91,NaN,NaN,NaN,NaN,NaN,NaN,NaN,NaN,NaN,NaN
861.17,31.98,35.56,32.00,20.00,AUTO,0,33,NaN,-0.27,33.24,-0.05,32.91,NaN,NaN,NaN,NaN,NaN,NaN,NaN,NaN,NaN,NaN
862.17,32.00,35.56,32.00,20.00,AUTO,0,33,NaN,-0.27,33.24,-0.05,32.91,NaN,NaN,NaN,NaN,NaN,NaN,NaN,NaN,NaN,NaN
863.17,32.00,35.56,32.00,20.00,AUTO,0,33,NaN,-0.27,33.24,-0.05,32.91,NaN,NaN,NaN,NaN,NaN,NaN,NaN,NaN,NaN,NaN
864.17,32.00,35.56,32.00,20.00,AUTO,0,33,NaN,-0.27,33.24,-0.05,32.91,NaN,NaN,NaN,NaN,NaN,NaN,NaN,NaN,NaN,NaN
865.18,32.01,35.56,32.00,20.00,AUTO,0,33,NaN,-0.27,33.24,-0.05,32.91,NaN,NaN,NaN,NaN,NaN,NaN,NaN,NaN,NaN,NaN
866.18,32.01,35.56,32.00,20.00,AUTO,0,33,NaN,-0.27,33.24,-0.05,32.91,NaN,NaN,NaN,NaN,NaN,NaN,NaN,NaN,NaN,NaN
867.18,32.01,35.56,32.00,20.00,AUTO,0,33,NaN,-0.27,33.24,-0.05,32.91,NaN,NaN,NaN,NaN,NaN,NaN,NaN,NaN,NaN,NaN
868.18,32.01,35.56,32.00,20.00,AUTO,0,33,NaN,-0.27,33.24,-0.05,32.91,NaN,NaN,NaN,NaN,NaN,NaN,NaN,NaN,NaN,NaN
869.18,32.01,35.56,32.00,20.00,AUTO,0,33,NaN,-0.27,33.24,-0.05,32.91,NaN,NaN,NaN,NaN,NaN,NaN,NaN,NaN,NaN,NaN
870.19,32.01,35.56,32.00,20.00,AUTO,0,33,NaN,-0.27,33.24,-0.05,32.91,NaN,NaN,NaN,NaN,NaN,NaN,NaN,NaN,NaN,NaN
871.19,32.01,35.56,32.00,20.00,AUTO,0,33,NaN,-0.27,33.24,-0.05,32.91,NaN,NaN,NaN,NaN,NaN,NaN,NaN,NaN,NaN,NaN
872.19,31.99,35.56,32.00,20.00,AUTO,0,32,NaN,-0.55,33.24,-0.50,32.18,NaN,NaN,NaN,NaN,NaN,NaN,NaN,NaN,NaN,NaN
873.19,31.99,35.56,32.00,20.00,AUTO,0,32,NaN,-0.55,33.24,-0.50,32.18,NaN,NaN,NaN,NaN,NaN,NaN,NaN,NaN,NaN,NaN
874.19,31.99,35.56,32.00,20.00,AUTO,0,32,NaN,-0.55,33.24,-0.50,32.18,NaN,NaN,NaN,NaN,NaN,NaN,NaN,NaN,NaN,NaN
875.19,31.99,35.56,32.00,20.00,AUTO,0,32,NaN,-0.55,33.24,-0.50,32.18,NaN,NaN,NaN,NaN,NaN,NaN,NaN,NaN,NaN,NaN
876.19,31.99,35.56,32.00,20.00,AUTO,0,32,NaN,-0.55,33.24,-0.50,32.18,NaN,NaN,NaN,NaN,NaN,NaN,NaN,NaN,NaN,NaN
877.19,32.00,35.56,32.00,20.00,AUTO,0,32,NaN,-0.55,33.24,-0.50,32.18,NaN,NaN,NaN,NaN,NaN,NaN,NaN,NaN,NaN,NaN
878.20,32.01,35.56,32.00,20.00,AUTO,0,32,NaN,-0.55,33.24,-0.50,32.18,NaN,NaN,NaN,NaN,NaN,NaN,NaN,NaN,NaN,NaN
879.20,32.01,35.56,32.00,20.00,AUTO,0,32,NaN,-0.55,33.24,-0.50,32.18,NaN,NaN,NaN,NaN,NaN,NaN,NaN,NaN,NaN,NaN
880.20,32.01,35.56,32.00,20.00,AUTO,0,32,NaN,-0.55,33.24,-0.50,32.18,NaN,NaN,NaN,NaN,NaN,NaN,NaN,NaN,NaN,NaN
881.20,32.01,35.56,32.00,20.00,AUTO,0,32,NaN,-0.55,33.24,-0.50,32.18,NaN,NaN,NaN,NaN,NaN,NaN,NaN,NaN,NaN,NaN
882.20,32.01,35.56,32.00,20.00,AUTO,0,32,NaN,-0.55,33.24,-0.50,32.18,NaN,NaN,NaN,NaN,NaN,NaN,NaN,NaN,NaN,NaN
883.20,32.01,35.56,32.00,20.00,AUTO,0,32,NaN,-0.55,33.24,-0.50,32.18,NaN,NaN,NaN,NaN,NaN,NaN,NaN,NaN,NaN,NaN
884.21,32.01,35.56,32.00,20.00,AUTO,0,32,NaN,-0.55,33.24,-0.50,32.18,NaN,NaN,NaN,NaN,NaN,NaN,NaN,NaN,NaN,NaN
885.21,32.01,35.56,32.00,20.00,AUTO,0,32,NaN,-0.55,33.24,-0.50,32.18,NaN,NaN,NaN,NaN,NaN,NaN,NaN,NaN,NaN,NaN
886.21,32.01,35.56,32.00,20.00,AUTO,0,32,NaN,-0.55,33.24,-0.50,32.18,NaN,NaN,NaN,NaN,NaN,NaN,NaN,NaN,NaN,NaN
887.21,32.00,35.56,32.00,20.00,AUTO,0,32,NaN,-0.55,33.22,-0.44,32.23,NaN,NaN,NaN,NaN,NaN,NaN,NaN,NaN,NaN,NaN
888.21,32.00,35.56,32.00,20.00,AUTO,0,32,NaN,-0.55,33.22,-0.44,32.23,NaN,NaN,NaN,NaN,NaN,NaN,NaN,NaN,NaN,NaN
889.22,31.99,35.56,32.00,20.00,AUTO,0,32,NaN,-0.55,33.22,-0.44,32.23,NaN,NaN,NaN,NaN,NaN,NaN,NaN,NaN,NaN,NaN
890.21,31.99,35.56,32.00,20.00,AUTO,0,32,NaN,-0.55,33.22,-0.44,32.23,NaN,NaN,NaN,NaN,NaN,NaN,NaN,NaN,NaN,NaN
891.22,31.99,35.56,32.00,20.00,AUTO,0,32,NaN,-0.55,33.22,-0.44,32.23,NaN,NaN,NaN,NaN,NaN,NaN,NaN,NaN,NaN,NaN
892.22,32.00,35.60,32.00,20.00,AUTO,0,32,NaN,-0.55,33.22,-0.44,32.23,NaN,NaN,NaN,NaN,NaN,NaN,NaN,NaN,NaN,NaN
893.22,32.00,35.60,32.00,20.00,AUTO,0,32,NaN,-0.55,33.22,-0.44,32.23,NaN,NaN,NaN,NaN,NaN,NaN,NaN,NaN,NaN,NaN
894.22,32.00,35.60,32.00,20.00,AUTO,0,32,NaN,-0.55,33.22,-0.44,32.23,NaN,NaN,NaN,NaN,NaN,NaN,NaN,NaN,NaN,NaN
895.22,32.01,35.60,32.00,20.00,AUTO,0,32,NaN,-0.55,33.22,-0.44,32.23,NaN,NaN,NaN,NaN,NaN,NaN,NaN,NaN,NaN,NaN
896.22,32.01,35.56,32.00,20.00,AUTO,0,32,NaN,-0.55,33.22,-0.44,32.23,NaN,NaN,NaN,NaN,NaN,NaN,NaN,NaN,NaN,NaN
897.23,32.01,35.56,32.00,20.00,AUTO,0,32,NaN,-0.55,33.22,-0.44,32.23,NaN,NaN,NaN,NaN,NaN,NaN,NaN,NaN,NaN,NaN
898.23,32.01,35.56,36.00,20.00,AUTO,1,32,NaN,-0.55,33.22,-0.44,32.23,NaN,NaN,NaN,NaN,NaN,NaN,NaN,NaN,NaN,NaN
899.23,32.01,35.56,36.00,20.00,AUTO,1,32,NaN,-0.55,33.22,-0.44,32.23,NaN,NaN,NaN,NaN,NaN,NaN,NaN,NaN,NaN,NaN
900.23,32.00,35.56,36.00,20.00,AUTO,1,32,NaN,-0.55,33.22,-0.44,32.23,NaN,NaN,NaN,NaN,NaN,NaN,NaN,NaN,NaN,NaN
901.23,32.00,35.56,36.00,20.00,AUTO,1,32,NaN,-0.55,33.22,-0.44,32.23,NaN,NaN,NaN,NaN,NaN,NaN,NaN,NaN,NaN,NaN
902.24,31.98,35.56,36.00,20.00,AUTO,1,100,NaN,220.00,33.22,0.10,253.32,NaN,NaN,NaN,NaN,NaN,NaN,NaN,NaN,NaN,NaN
903.24,31.98,35.56,36.00,20.00,AUTO,1,100,NaN,220.00,33.22,0.10,253.32,NaN,NaN,NaN,NaN,NaN,NaN,NaN,NaN,NaN,NaN
904.23,31.98,35.60,36.00,20.00,AUTO,1,100,NaN,220.00,33.22,0.10,253.32,NaN,NaN,NaN,NaN,NaN,NaN,NaN,NaN,NaN,NaN
905.24,31.97,35.60,36.00,20.00,AUTO,1,100,NaN,220.00,33.22,0.10,253.32,NaN,NaN,NaN,NaN,NaN,NaN,NaN,NaN,NaN,NaN
906.24,31.98,35.60,36.00,20.00,AUTO,1,100,NaN,220.00,33.22,0.10,253.32,NaN,NaN,NaN,NaN,NaN,NaN,NaN,NaN,NaN,NaN
907.25,31.98,35.60,36.00,20.00,AUTO,1,100,NaN,220.00,33.22,0.10,253.32,NaN,NaN,NaN,NaN,NaN,NaN,NaN,NaN,NaN,NaN
908.24,31.98,35.60,36.00,20.00,AUTO,1,100,NaN,220.00,33.22,0.10,253.32,NaN,NaN,NaN,NaN,NaN,NaN,NaN,NaN,NaN,NaN
909.24,31.98,35.60,36.00,20.00,AUTO,1,100,NaN,220.00,33.22,0.10,253.32,NaN,NaN,NaN,NaN,NaN,NaN,NaN,NaN,NaN,NaN
910.25,31.99,35.60,36.00,20.00,AUTO,1,100,NaN,220.00,33.22,0.10,253.32,NaN,NaN,NaN,NaN,NaN,NaN,NaN,NaN,NaN,NaN
911.25,31.99,35.60,36.00,20.00,AUTO,1,100,NaN,220.00,33.22,0.10,253.32,NaN,NaN,NaN,NaN,NaN,NaN,NaN,NaN,NaN,NaN
912.25,31.99,35.60,36.00,20.00,AUTO,1,100,NaN,220.00,33.22,0.10,253.32,NaN,NaN,NaN,NaN,NaN,NaN,NaN,NaN,NaN,NaN
913.25,31.99,35.60,36.00,20.00,AUTO,1,100,NaN,220.00,33.22,0.10,253.32,NaN,NaN,NaN,NaN,NaN,NaN,NaN,NaN,NaN,NaN
914.25,32.00,35.60,36.00,20.00,AUTO,1,100,NaN,220.00,33.22,0.10,253.32,NaN,NaN,NaN,NaN,NaN,NaN,NaN,NaN,NaN,NaN
915.25,32.01,35.60,36.00,20.00,AUTO,1,100,NaN,220.00,33.22,0.10,253.32,NaN,NaN,NaN,NaN,NaN,NaN,NaN,NaN,NaN,NaN
916.26,32.01,35.60,36.00,20.00,AUTO,1,100,NaN,220.00,33.22,0.10,253.32,NaN,NaN,NaN,NaN,NaN,NaN,NaN,NaN,NaN,NaN
917.26,32.01,35.56,36.00,20.00,AUTO,1,100,NaN,219.45,33.22,0.18,252.85,NaN,NaN,NaN,NaN,NaN,NaN,NaN,NaN,NaN,NaN
918.26,32.02,35.56,36.00,20.00,AUTO,1,100,NaN,219.45,33.22,0.18,252.85,NaN,NaN,NaN,NaN,NaN,NaN,NaN,NaN,NaN,NaN
919.26,32.03,35.56,36.00,20.00,AUTO,1,100,NaN,219.45,33.22,0.18,252.85,NaN,NaN,NaN,NaN,NaN,NaN,NaN,NaN,NaN,NaN
920.26,32.03,35.56,36.00,20.00,AUTO,1,100,NaN,219.45,33.22,0.18,252.85,NaN,NaN,NaN,NaN,NaN,NaN,NaN,NaN,NaN,NaN
921.27,32.04,35.56,36.00,20.00,AUTO,1,100,NaN,219.45,33.22,0.18,252.85,NaN,NaN,NaN,NaN,NaN,NaN,NaN,NaN,NaN,NaN
922.26,32.05,35.56,36.00,20.00,AUTO,1,100,NaN,219.45,33.22,0.18,252.85,NaN,NaN,NaN,NaN,NaN,NaN,NaN,NaN,NaN,NaN
923.27,32.08,35.59,36.00,20.00,AUTO,1,100,NaN,219.45,33.22,0.18,252.85,NaN,NaN,NaN,NaN,NaN,NaN,NaN,NaN,NaN,NaN
924.27,32.09,35.56,36.00,20.00,AUTO,1,100,NaN,219.45,33.22,0.18,252.85,NaN,NaN,NaN,NaN,NaN,NaN,NaN,NaN,NaN,NaN
925.27,32.11,35.52,36.00,20.00,AUTO,1,100,NaN,219.45,33.22,0.18,252.85,NaN,NaN,NaN,NaN,NaN,NaN,NaN,NaN,NaN,NaN
926.27,32.12,35.52,36.00,20.00,AUTO,1,100,NaN,219.45,33.22,0.18,252.85,NaN,NaN,NaN,NaN,NaN,NaN,NaN,NaN,NaN,NaN
927.28,32.12,35.49,36.00,20.00,AUTO,1,100,NaN,219.45,33.22,0.18,252.85,NaN,NaN,NaN,NaN,NaN,NaN,NaN,NaN,NaN,NaN
928.27,32.13,35.49,36.00,20.00,AUTO,1,100,NaN,219.45,33.22,0.18,252.85,NaN,NaN,NaN,NaN,NaN,NaN,NaN,NaN,NaN,NaN
929.28,32.14,35.49,36.00,20.00,AUTO,1,100,NaN,219.45,33.22,0.18,252.85,NaN,NaN,NaN,NaN,NaN,NaN,NaN,NaN,NaN,NaN
930.28,32.14,35.45,36.00,20.00,AUTO,1,100,NaN,219.45,33.22,0.18,252.85,NaN,NaN,NaN,NaN,NaN,NaN,NaN,NaN,NaN,NaN
931.28,32.14,35.45,36.00,20.00,AUTO,1,100,NaN,219.45,33.22,0.18,252.85,NaN,NaN,NaN,NaN,NaN,NaN,NaN,NaN,NaN,NaN
932.28,32.15,35.45,36.00,20.00,AUTO,1,100,NaN,212.30,33.22,-11.14,234.38,NaN,NaN,NaN,NaN,NaN,NaN,NaN,NaN,NaN,NaN
933.28,32.17,35.42,36.00,20.00,AUTO,1,100,NaN,212.30,33.22,-11.14,234.38,NaN,NaN,NaN,NaN,NaN,NaN,NaN,NaN,NaN,NaN
934.28,32.18,35.42,36.00,20.00,AUTO,1,100,NaN,212.30,33.22,-11.14,234.38,NaN,NaN,NaN,NaN,NaN,NaN,NaN,NaN,NaN,NaN
935.29,32.19,35.38,36.00,20.00,AUTO,1,100,NaN,212.30,33.22,-11.14,234.38,NaN,NaN,NaN,NaN,NaN,NaN,NaN,NaN,NaN,NaN
936.28,32.22,35.38,36.00,20.00,AUTO,1,100,NaN,212.30,33.22,-11.14,234.38,NaN,NaN,NaN,NaN,NaN,NaN,NaN,NaN,NaN,NaN
937.29,32.23,35.35,36.00,20.00,AUTO,1,100,NaN,212.30,33.22,-11.14,234.38,NaN,NaN,NaN,NaN,NaN,NaN,NaN,NaN,NaN,NaN
938.29,32.26,35.34,36.00,20.00,AUTO,1,100,NaN,212.30,33.22,-11.14,234.38,NaN,NaN,NaN,NaN,NaN,NaN,NaN,NaN,NaN,NaN
939.29,32.27,35.30,36.00,20.00,AUTO,1,100,NaN,212.30,33.22,-11.14,234.38,NaN,NaN,NaN,NaN,NaN,NaN,NaN,NaN,NaN,NaN
940.30,32.28,35.27,36.00,20.00,AUTO,1,100,NaN,212.30,33.22,-11.14,234.38,NaN,NaN,NaN,NaN,NaN,NaN,NaN,NaN,NaN,NaN
941.29,32.30,35.27,36.00,20.00,AUTO,1,100,NaN,212.30,33.22,-11.14,234.38,NaN,NaN,NaN,NaN,NaN,NaN,NaN,NaN,NaN,NaN
942.30,32.31,35.23,36.00,20.00,AUTO,1,100,NaN,212.30,33.22,-11.14,234.38,NaN,NaN,NaN,NaN,NaN,NaN,NaN,NaN,NaN,NaN
943.30,32.34,35.23,36.00,20.00,AUTO,1,100,NaN,212.30,33.22,-11.14,234.38,NaN,NaN,NaN,NaN,NaN,NaN,NaN,NaN,NaN,NaN
944.30,32.37,35.23,36.00,20.00,AUTO,1,100,NaN,212.30,33.22,-11.14,234.38,NaN,NaN,NaN,NaN,NaN,NaN,NaN,NaN,NaN,NaN
945.30,32.38,35.21,36.00,20.00,AUTO,1,100,NaN,212.30,33.22,-11.14,234.38,NaN,NaN,NaN,NaN,NaN,NaN,NaN,NaN,NaN,NaN
946.30,32.41,35.18,36.00,20.00,AUTO,1,100,NaN,212.30,33.22,-11.14,234.38,NaN,NaN,NaN,NaN,NaN,NaN,NaN,NaN,NaN,NaN
947.30,32.43,35.18,36.00,20.00,AUTO,1,100,NaN,198.28,33.22,-18.47,213.03,NaN,NaN,NaN,NaN,NaN,NaN,NaN,NaN,NaN,NaN
948.31,32.45,35.11,36.00,20.00,AUTO,1,100,NaN,198.28,33.22,-18.47,213.03,NaN,NaN,NaN,NaN,NaN,NaN,NaN,NaN,NaN,NaN
949.31,32.46,35.11,36.00,20.00,AUTO,1,100,NaN,198.28,33.22,-18.47,213.03,NaN,NaN,NaN,NaN,NaN,NaN,NaN,NaN,NaN,NaN
950.31,32.48,35.05,36.00,20.00,AUTO,1,100,NaN,198.28,33.22,-18.47,213.03,NaN,NaN,NaN,NaN,NaN,NaN,NaN,NaN,NaN,NaN
951.31,32.53,35.05,36.00,20.00,AUTO,1,100,NaN,198.28,33.22,-18.47,213.03,NaN,NaN,NaN,NaN,NaN,NaN,NaN,NaN,NaN,NaN
952.31,32.54,34.98,36.00,20.00,AUTO,1,100,NaN,198.28,33.22,-18.47,213.03,NaN,NaN,NaN,NaN,NaN,NaN,NaN,NaN,NaN,NaN
953.32,32.56,34.98,36.00,20.00,AUTO,1,100,NaN,198.28,33.22,-18.47,213.03,NaN,NaN,NaN,NaN,NaN,NaN,NaN,NaN,NaN,NaN
954.32,32.59,34.96,36.00,20.00,AUTO,1,100,NaN,198.28,33.22,-18.47,213.03,NaN,NaN,NaN,NaN,NaN,NaN,NaN,NaN,NaN,NaN
955.31,32.60,34.93,36.00,20.00,AUTO,1,100,NaN,198.28,33.22,-18.47,213.03,NaN,NaN,NaN,NaN,NaN,NaN,NaN,NaN,NaN,NaN
956.32,32.63,34.89,36.00,20.00,AUTO,1,100,NaN,198.28,33.22,-18.47,213.03,NaN,NaN,NaN,NaN,NaN,NaN,NaN,NaN,NaN,NaN
957.32,32.66,34.89,36.00,20.00,AUTO,1,100,NaN,198.28,33.22,-18.47,213.03,NaN,NaN,NaN,NaN,NaN,NaN,NaN,NaN,NaN,NaN
958.32,32.68,34.82,36.00,20.00,AUTO,1,100,NaN,198.28,33.22,-18.47,213.03,NaN,NaN,NaN,NaN,NaN,NaN,NaN,NaN,NaN,NaN
959.32,32.71,34.82,36.00,20.00,AUTO,1,100,NaN,198.28,33.22,-18.47,213.03,NaN,NaN,NaN,NaN,NaN,NaN,NaN,NaN,NaN,NaN
960.32,32.72,34.76,36.00,20.00,AUTO,1,100,NaN,198.28,33.22,-18.47,213.03,NaN,NaN,NaN,NaN,NaN,NaN,NaN,NaN,NaN,NaN
961.33,32.75,34.78,36.00,20.00,AUTO,1,100,NaN,198.28,33.22,-18.47,213.03,NaN,NaN,NaN,NaN,NaN,NaN,NaN,NaN,NaN,NaN
962.33,32.76,34.71,36.00,20.00,AUTO,1,100,NaN,179.58,33.22,-27.36,185.44,NaN,NaN,NaN,NaN,NaN,NaN,NaN,NaN,NaN,NaN
963.33,32.78,34.71,36.00,20.00,AUTO,1,100,NaN,179.58,33.22,-27.36,185.44,NaN,NaN,NaN,NaN,NaN,NaN,NaN,NaN,NaN,NaN
964.33,32.83,34.64,36.00,20.00,AUTO,1,100,NaN,179.58,33.22,-27.36,185.44,NaN,NaN,NaN,NaN,NaN,NaN,NaN,NaN,NaN,NaN
965.33,32.84,34.61,36.00,20.00,AUTO,1,100,NaN,179.58,33.22,-27.36,185.44,NaN,NaN,NaN,NaN,NaN,NaN,NaN,NaN,NaN,NaN
966.33,32.86,34.57,36.00,20.00,AUTO,1,100,NaN,179.58,33.22,-27.36,185.44,NaN,NaN,NaN,NaN,NaN,NaN,NaN,NaN,NaN,NaN
967.34,32.88,34.57,36.00,20.00,AUTO,1,100,NaN,179.58,33.22,-27.36,185.44,NaN,NaN,NaN,NaN,NaN,NaN,NaN,NaN,NaN,NaN
968.33,32.90,34.53,36.00,20.00,AUTO,1,100,NaN,179.58,33.22,-27.36,185.44,NaN,NaN,NaN,NaN,NaN,NaN,NaN,NaN,NaN,NaN
969.34,32.91,34.53,36.00,20.00,AUTO,1,100,NaN,179.58,33.22,-27.36,185.44,NaN,NaN,NaN,NaN,NaN,NaN,NaN,NaN,NaN,NaN
970.34,32.93,34.50,36.00,20.00,AUTO,1,100,NaN,179.58,33.22,-27.36,185.44,NaN,NaN,NaN,NaN,NaN,NaN,NaN,NaN,NaN,NaN
971.34,32.96,34.47,36.00,20.00,AUTO,1,100,NaN,179.58,33.22,-27.36,185.44,NaN,NaN,NaN,NaN,NaN,NaN,NaN,NaN,NaN,NaN
972.34,32.98,34.43,36.00,20.00,AUTO,1,100,NaN,179.58,33.22,-27.36,185.44,NaN,NaN,NaN,NaN,NaN,NaN,NaN,NaN,NaN,NaN
973.34,33.01,34.38,36.00,20.00,AUTO,1,100,NaN,179.58,33.22,-27.36,185.44,NaN,NaN,NaN,NaN,NaN,NaN,NaN,NaN,NaN,NaN
974.35,33.04,34.34,36.00,20.00,AUTO,1,100,NaN,179.58,33.22,-27.36,185.44,NaN,NaN,NaN,NaN,NaN,NaN,NaN,NaN,NaN,NaN
975.35,33.04,34.31,36.00,20.00,AUTO,1,100,NaN,179.58,33.22,-27.36,185.44,NaN,NaN,NaN,NaN,NaN,NaN,NaN,NaN,NaN,NaN
976.35,33.05,34.26,36.00,20.00,AUTO,1,100,NaN,179.58,33.22,-27.36,185.44,NaN,NaN,NaN,NaN,NaN,NaN,NaN,NaN,NaN,NaN
977.35,33.09,34.28,36.00,20.00,AUTO,1,100,NaN,162.53,33.22,-25.47,170.28,NaN,NaN,NaN,NaN,NaN,NaN,NaN,NaN,NaN,NaN
978.35,33.12,34.24,36.00,20.00,AUTO,1,100,NaN,162.53,33.22,-25.47,170.28,NaN,NaN,NaN,NaN,NaN,NaN,NaN,NaN,NaN,NaN
979.35,33.16,34.16,36.00,20.00,AUTO,1,100,NaN,162.53,33.22,-25.47,170.28,NaN,NaN,NaN,NaN,NaN,NaN,NaN,NaN,NaN,NaN
980.36,33.17,34.16,36.00,20.00,AUTO,1,100,NaN,162.53,33.22,-25.47,170.28,NaN,NaN,NaN,NaN,NaN,NaN,NaN,NaN,NaN,NaN
981.35,33.20,34.12,36.00,20.00,AUTO,1,100,NaN,162.53,33.22,-25.47,170.28,NaN,NaN,NaN,NaN,NaN,NaN,NaN,NaN,NaN,NaN
982.36,33.23,34.08,36.00,20.00,AUTO,0,100,NaN,162.53,33.22,-25.47,170.28,NaN,NaN,NaN,NaN,NaN,NaN,NaN,NaN,NaN,NaN
983.36,33.26,34.04,36.00,20.00,AUTO,0,100,NaN,162.53,33.22,-25.47,170.28,NaN,NaN,NaN,NaN,NaN,NaN,NaN,NaN,NaN,NaN
984.36,33.29,34.02,36.00,20.00,AUTO,0,100,NaN,162.53,33.22,-25.47,170.28,NaN,NaN,NaN,NaN,NaN,NaN,NaN,NaN,NaN,NaN
985.36,33.31,33.98,36.00,20.00,AUTO,0,100,NaN,162.53,33.22,-25.47,170.28,NaN,NaN,NaN,NaN,NaN,NaN,NaN,NaN,NaN,NaN
986.36,33.32,33.94,36.00,20.00,AUTO,0,100,NaN,162.53,33.22,-25.47,170.28,NaN,NaN,NaN,NaN,NaN,NaN,NaN,NaN,NaN,NaN
987.36,33.33,33.89,36.00,20.00,AUTO,0,100,NaN,162.53,33.22,-25.47,170.28,NaN,NaN,NaN,NaN,NaN,NaN,NaN,NaN,NaN,NaN
988.37,33.37,33.89,36.00,20.00,AUTO,0,100,NaN,162.53,33.22,-25.47,170.28,NaN,NaN,NaN,NaN,NaN,NaN,NaN,NaN,NaN,NaN
989.37,33.40,33.82,36.00,20.00,AUTO,0,100,NaN,162.53,33.22,-25.47,170.28,NaN,NaN,NaN,NaN,NaN,NaN,NaN,NaN,NaN,NaN
990.37,33.42,33.83,36.00,20.00,AUTO,0,100,NaN,162.53,33.22,-25.47,170.28,NaN,NaN,NaN,NaN,NaN,NaN,NaN,NaN,NaN,NaN
991.37,33.44,33.79,36.00,20.00,AUTO,0,100,NaN,162.53,33.22,-25.47,170.28,NaN,NaN,NaN,NaN,NaN,NaN,NaN,NaN,NaN,NaN
992.37,33.46,33.76,36.00,20.00,AUTO,0,100,NaN,141.35,33.22,-29.62,144.95,NaN,NaN,NaN,NaN,NaN,NaN,NaN,NaN,NaN,NaN
993.37,33.48,33.72,36.00,20.00,AUTO,0,100,NaN,141.35,33.22,-29.62,144.95,NaN,NaN,NaN,NaN,NaN,NaN,NaN,NaN,NaN,NaN
994.38,33.49,33.72,36.00,20.00,AUTO,0,100,NaN,141.35,33.22,-29.62,144.95,NaN,NaN,NaN,NaN,NaN,NaN,NaN,NaN,NaN,NaN
995.38,33.52,33.67,36.00,20.00,AUTO,0,100,NaN,141.35,33.22,-29.62,144.95,NaN,NaN,NaN,NaN,NaN,NaN,NaN,NaN,NaN,NaN
996.38,33.55,33.63,36.00,20.00,AUTO,0,100,NaN,141.35,33.22,-29.62,144.95,NaN,NaN,NaN,NaN,NaN,NaN,NaN,NaN,NaN,NaN
997.39,33.57,33.60,36.00,20.00,AUTO,0,100,NaN,141.35,33.22,-29.62,144.95,NaN,NaN,NaN,NaN,NaN,NaN,NaN,NaN,NaN,NaN
998.38,33.58,33.55,36.00,20.00,AUTO,0,100,NaN,141.35,33.22,-29.62,144.95,NaN,NaN,NaN,NaN,NaN,NaN,NaN,NaN,NaN,NaN
999.39,33.60,33.55,36.00,20.00,AUTO,0,100,NaN,141.35,33.22,-29.62,144.95,NaN,NaN,NaN,NaN,NaN,NaN,NaN,NaN,NaN,NaN
1000.38,33.62,33.49,36.00,20.00,AUTO,0,100,NaN,141.35,33.22,-29.62,144.95,NaN,NaN,NaN,NaN,NaN,NaN,NaN,NaN,NaN,NaN
1001.40,33.63,33.49,36.00,20.00,AUTO,0,100,NaN,141.35,33.22,-29.62,144.95,NaN,NaN,NaN,NaN,NaN,NaN,NaN,NaN,NaN,NaN
1002.39,33.64,33.45,36.00,20.00,AUTO,0,100,NaN,141.35,33.22,-29.62,144.95,NaN,NaN,NaN,NaN,NaN,NaN,NaN,NaN,NaN,NaN
1003.39,33.67,33.41,36.00,20.00,AUTO,0,100,NaN,141.35,33.22,-29.62,144.95,NaN,NaN,NaN,NaN,NaN,NaN,NaN,NaN,NaN,NaN
1004.39,33.68,33.41,36.00,20.00,AUTO,0,100,NaN,141.35,33.22,-29.62,144.95,NaN,NaN,NaN,NaN,NaN,NaN,NaN,NaN,NaN,NaN
1005.39,33.70,33.37,36.00,20.00,AUTO,0,100,NaN,141.35,33.22,-29.62,144.95,NaN,NaN,NaN,NaN,NaN,NaN,NaN,NaN,NaN,NaN
1006.39,33.71,33.37,36.00,20.00,AUTO,0,100,NaN,141.35,33.22,-29.62,144.95,NaN,NaN,NaN,NaN,NaN,NaN,NaN,NaN,NaN,NaN
1007.40,33.73,33.37,36.00,20.00,AUTO,0,100,NaN,126.23,33.22,-23.22,136.22,NaN,NaN,NaN,NaN,NaN,NaN,NaN,NaN,NaN,NaN
1008.40,33.75,33.34,36.00,20.00,AUTO,0,100,NaN,126.23,33.22,-23.22,136.22,NaN,NaN,NaN,NaN,NaN,NaN,NaN,NaN,NaN,NaN
1009.40,33.76,33.31,36.00,20.00,AUTO,0,100,NaN,126.23,33.22,-23.22,136.22,NaN,NaN,NaN,NaN,NaN,NaN,NaN,NaN,NaN,NaN
1010.40,33.79,33.31,36.00,20.00,AUTO,0,100,NaN,126.23,33.22,-23.22,136.22,NaN,NaN,NaN,NaN,NaN,NaN,NaN,NaN,NaN,NaN
1011.40,33.81,33.27,36.00,20.00,AUTO,0,100,NaN,126.23,33.22,-23.22,136.22,NaN,NaN,NaN,NaN,NaN,NaN,NaN,NaN,NaN,NaN
1012.40,33.85,33.22,36.00,20.00,AUTO,0,100,NaN,126.23,33.22,-23.22,136.22,NaN,NaN,NaN,NaN,NaN,NaN,NaN,NaN,NaN,NaN
1013.41,33.86,33.18,36.00,20.00,AUTO,0,100,NaN,126.23,33.22,-23.22,136.22,NaN,NaN,NaN,NaN,NaN,NaN,NaN,NaN,NaN,NaN
1014.40,33.88,33.15,36.00,20.00,AUTO,0,100,NaN,126.23,33.22,-23.22,136.22,NaN,NaN,NaN,NaN,NaN,NaN,NaN,NaN,NaN,NaN
1015.41,33.90,33.15,36.00,20.00,AUTO,0,100,NaN,126.23,33.22,-23.22,136.22,NaN,NaN,NaN,NaN,NaN,NaN,NaN,NaN,NaN,NaN
1016.41,33.91,33.10,36.00,20.00,AUTO,0,100,NaN,126.23,33.22,-23.22,136.22,NaN,NaN,NaN,NaN,NaN,NaN,NaN,NaN,NaN,NaN
1017.41,33.93,33.06,36.00,20.00,AUTO,0,100,NaN,126.23,33.22,-23.22,136.22,NaN,NaN,NaN,NaN,NaN,NaN,NaN,NaN,NaN,NaN
1018.41,33.95,33.08,36.00,20.00,AUTO,0,100,NaN,126.23,33.22,-23.22,136.22,NaN,NaN,NaN,NaN,NaN,NaN,NaN,NaN,NaN,NaN
1019.41,33.95,33.04,36.00,20.00,AUTO,0,100,NaN,126.23,33.22,-23.22,136.22,NaN,NaN,NaN,NaN,NaN,NaN,NaN,NaN,NaN,NaN
1020.42,33.95,33.00,36.00,20.00,AUTO,0,100,NaN,126.23,33.22,-23.22,136.22,NaN,NaN,NaN,NaN,NaN,NaN,NaN,NaN,NaN,NaN
1021.42,33.95,33.00,36.00,20.00,AUTO,0,100,NaN,126.23,33.22,-23.22,136.22,NaN,NaN,NaN,NaN,NaN,NaN,NaN,NaN,NaN,NaN
1022.42,33.99,33.00,36.00,20.00,AUTO,0,100,NaN,112.75,33.22,-21.55,124.42,NaN,NaN,NaN,NaN,NaN,NaN,NaN,NaN,NaN,NaN
1023.42,34.01,32.96,36.00,20.00,AUTO,0,100,NaN,112.75,33.22,-21.55,124.42,NaN,NaN,NaN,NaN,NaN,NaN,NaN,NaN,NaN,NaN
1024.42,34.04,32.96,36.00,20.00,AUTO,0,100,NaN,112.75,33.22,-21.55,124.42,NaN,NaN,NaN,NaN,NaN,NaN,NaN,NaN,NaN,NaN
1025.42,34.06,32.92,36.00,20.00,AUTO,0,100,NaN,112.75,33.22,-21.55,124.42,NaN,NaN,NaN,NaN,NaN,NaN,NaN,NaN,NaN,NaN
1026.43,34.07,32.88,36.00,20.00,AUTO,0,100,NaN,112.75,33.22,-21.55,124.42,NaN,NaN,NaN,NaN,NaN,NaN,NaN,NaN,NaN,NaN
1027.43,34.09,32.89,36.00,20.00,AUTO,0,100,NaN,112.75,33.22,-21.55,124.42,NaN,NaN,NaN,NaN,NaN,NaN,NaN,NaN,NaN,NaN
1028.43,34.10,32.86,36.00,20.00,AUTO,0,100,NaN,112.75,33.22,-21.55,124.42,NaN,NaN,NaN,NaN,NaN,NaN,NaN,NaN,NaN,NaN
1029.43,34.17,32.82,36.00,20.00,AUTO,0,100,NaN,112.75,33.22,-21.55,124.42,NaN,NaN,NaN,NaN,NaN,NaN,NaN,NaN,NaN,NaN
1030.43,34.17,32.77,36.00,20.00,AUTO,0,100,NaN,112.75,33.22,-21.55,124.42,NaN,NaN,NaN,NaN,NaN,NaN,NaN,NaN,NaN,NaN
1031.44,34.19,32.73,36.00,20.00,AUTO,0,100,NaN,112.75,33.22,-21.55,124.42,NaN,NaN,NaN,NaN,NaN,NaN,NaN,NaN,NaN,NaN
1032.43,34.21,32.73,36.00,20.00,AUTO,0,100,NaN,112.75,33.22,-21.55,124.42,NaN,NaN,NaN,NaN,NaN,NaN,NaN,NaN,NaN,NaN
1033.44,34.23,32.70,36.00,20.00,AUTO,0,100,NaN,112.75,33.22,-21.55,124.42,NaN,NaN,NaN,NaN,NaN,NaN,NaN,NaN,NaN,NaN
1034.44,34.25,32.66,36.00,20.00,AUTO,0,100,NaN,112.75,33.22,-21.55,124.42,NaN,NaN,NaN,NaN,NaN,NaN,NaN,NaN,NaN,NaN
1035.44,34.27,32.61,36.00,20.00,AUTO,0,100,NaN,112.75,33.22,-21.55,124.42,NaN,NaN,NaN,NaN,NaN,NaN,NaN,NaN,NaN,NaN
1036.44,34.30,32.59,36.00,20.00,AUTO,0,100,NaN,112.75,33.22,-21.55,124.42,NaN,NaN,NaN,NaN,NaN,NaN,NaN,NaN,NaN,NaN
1037.44,34.33,32.59,36.00,20.00,AUTO,0,100,NaN,94.33,33.22,-24.52,103.02,NaN,NaN,NaN,NaN,NaN,NaN,NaN,NaN,NaN,NaN
1038.44,34.35,32.55,36.00,20.00,AUTO,0,100,NaN,94.33,33.22,-24.52,103.02,NaN,NaN,NaN,NaN,NaN,NaN,NaN,NaN,NaN,NaN
1039.45,34.36,32.55,36.00,20.00,AUTO,0,100,NaN,94.33,33.22,-24.52,103.02,NaN,NaN,NaN,NaN,NaN,NaN,NaN,NaN,NaN,NaN
1040.45,34.39,32.47,36.00,20.00,AUTO,0,100,NaN,94.33,33.22,-24.52,103.02,NaN,NaN,NaN,NaN,NaN,NaN,NaN,NaN,NaN,NaN
1041.45,34.40,32.47,36.00,20.00,AUTO,0,100,NaN,94.33,33.22,-24.52,103.02,NaN,NaN,NaN,NaN,NaN,NaN,NaN,NaN,NaN,NaN
1042.45,34.41,32.43,36.00,20.00,AUTO,0,100,NaN,94.33,33.22,-24.52,103.02,NaN,NaN,NaN,NaN,NaN,NaN,NaN,NaN,NaN,NaN
1043.45,34.45,32.41,36.00,20.00,AUTO,0,100,NaN,94.33,33.22,-24.52,103.02,NaN,NaN,NaN,NaN,NaN,NaN,NaN,NaN,NaN,NaN
1044.45,34.48,32.41,36.00,20.00,AUTO,0,100,NaN,94.33,33.22,-24.52,103.02,NaN,NaN,NaN,NaN,NaN,NaN,NaN,NaN,NaN,NaN
1045.46,34.51,32.37,36.00,20.00,AUTO,0,100,NaN,94.33,33.22,-24.52,103.02,NaN,NaN,NaN,NaN,NaN,NaN,NaN,NaN,NaN,NaN
1046.45,34.51,32.33,36.00,20.00,AUTO,0,100,NaN,94.33,33.22,-24.52,103.02,NaN,NaN,NaN,NaN,NaN,NaN,NaN,NaN,NaN,NaN
1047.46,34.53,32.28,36.00,20.00,AUTO,0,100,NaN,94.33,33.22,-24.52,103.02,NaN,NaN,NaN,NaN,NaN,NaN,NaN,NaN,NaN,NaN
1048.46,34.55,32.25,36.00,20.00,AUTO,0,100,NaN,94.33,33.22,-24.52,103.02,NaN,NaN,NaN,NaN,NaN,NaN,NaN,NaN,NaN,NaN
1049.46,34.60,32.25,36.00,20.00,AUTO,0,100,NaN,94.33,33.22,-24.52,103.02,NaN,NaN,NaN,NaN,NaN,NaN,NaN,NaN,NaN,NaN
1050.46,34.61,32.21,36.00,20.00,AUTO,0,100,NaN,94.33,33.22,-24.52,103.02,NaN,NaN,NaN,NaN,NaN,NaN,NaN,NaN,NaN,NaN
1051.46,34.63,32.16,36.00,20.00,AUTO,0,100,NaN,94.33,33.22,-24.52,103.02,NaN,NaN,NaN,NaN,NaN,NaN,NaN,NaN,NaN,NaN
1052.47,34.65,32.19,36.00,20.00,AUTO,0,91,NaN,75.90,41.23,-26.52,90.62,NaN,NaN,NaN,NaN,NaN,NaN,NaN,NaN,NaN,NaN
1053.47,34.67,32.14,36.00,20.00,AUTO,0,91,NaN,75.90,41.23,-26.52,90.62,NaN,NaN,NaN,NaN,NaN,NaN,NaN,NaN,NaN,NaN
1054.47,34.67,32.10,36.00,20.00,AUTO,0,91,NaN,75.90,41.23,-26.52,90.62,NaN,NaN,NaN,NaN,NaN,NaN,NaN,NaN,NaN,NaN
1055.47,34.69,32.10,36.00,20.00,AUTO,0,91,NaN,75.90,41.23,-26.52,90.62,NaN,NaN,NaN,NaN,NaN,NaN,NaN,NaN,NaN,NaN
1056.47,34.71,32.06,36.00,20.00,AUTO,0,91,NaN,75.90,41.23,-26.52,90.62,NaN,NaN,NaN,NaN,NaN,NaN,NaN,NaN,NaN,NaN
1057.47,34.75,32.02,36.00,20.00,AUTO,0,91,NaN,75.90,41.23,-26.52,90.62,NaN,NaN,NaN,NaN,NaN,NaN,NaN,NaN,NaN,NaN
1058.48,34.78,31.99,36.00,20.00,AUTO,0,91,NaN,75.90,41.23,-26.52,90.62,NaN,NaN,NaN,NaN,NaN,NaN,NaN,NaN,NaN,NaN
1059.48,34.79,31.99,36.00,20.00,AUTO,0,91,NaN,75.90,41.23,-26.52,90.62,NaN,NaN,NaN,NaN,NaN,NaN,NaN,NaN,NaN,NaN
1060.48,34.81,31.92,36.00,20.00,AUTO,0,91,NaN,75.90,41.23,-26.52,90.62,NaN,NaN,NaN,NaN,NaN,NaN,NaN,NaN,NaN,NaN
1061.48,34.83,31.92,36.00,20.00,AUTO,0,91,NaN,75.90,41.23,-26.52,90.62,NaN,NaN,NaN,NaN,NaN,NaN,NaN,NaN,NaN,NaN
1062.48,34.86,31.87,36.00,20.00,AUTO,0,91,NaN,75.90,41.23,-26.52,90.62,NaN,NaN,NaN,NaN,NaN,NaN,NaN,NaN,NaN,NaN
1063.48,34.86,31.83,36.00,20.00,AUTO,0,91,NaN,75.90,41.23,-26.52,90.62,NaN,NaN,NaN,NaN,NaN,NaN,NaN,NaN,NaN,NaN
1064.48,34.89,31.83,36.00,20.00,AUTO,0,91,NaN,75.90,41.23,-26.52,90.62,NaN,NaN,NaN,NaN,NaN,NaN,NaN,NaN,NaN,NaN
1065.49,34.92,31.80,36.00,20.00,AUTO,0,91,NaN,75.90,41.23,-26.52,90.62,NaN,NaN,NaN,NaN,NaN,NaN,NaN,NaN,NaN,NaN
1066.49,34.97,31.80,36.00,20.00,AUTO,0,91,NaN,75.90,41.23,-26.52,90.62,NaN,NaN,NaN,NaN,NaN,NaN,NaN,NaN,NaN,NaN
1067.49,34.96,31.76,36.00,20.00,AUTO,0,80,NaN,58.03,47.59,-25.52,80.09,NaN,NaN,NaN,NaN,NaN,NaN,NaN,NaN,NaN,NaN
1068.49,34.99,31.73,36.00,20.00,AUTO,0,80,NaN,58.03,47.59,-25.52,80.09,NaN,NaN,NaN,NaN,NaN,NaN,NaN,NaN,NaN,NaN
1069.49,35.01,31.69,36.00,20.00,AUTO,0,80,NaN,58.03,47.59,-25.52,80.09,NaN,NaN,NaN,NaN,NaN,NaN,NaN,NaN,NaN,NaN
1070.49,35.03,31.65,36.00,20.00,AUTO,0,80,NaN,58.03,47.59,-25.52,80.09,NaN,NaN,NaN,NaN,NaN,NaN,NaN,NaN,NaN,NaN
1071.49,35.05,31.65,36.00,20.00,AUTO,0,80,NaN,58.03,47.59,-25.52,80.09,NaN,NaN,NaN,NaN,NaN,NaN,NaN,NaN,NaN,NaN
1072.50,35.06,31.61,36.00,20.00,AUTO,0,80,NaN,58.03,47.59,-25.52,80.09,NaN,NaN,NaN,NaN,NaN,NaN,NaN,NaN,NaN,NaN
1073.50,35.08,31.57,36.00,20.00,AUTO,0,80,NaN,58.03,47.59,-25.52,80.09,NaN,NaN,NaN,NaN,NaN,NaN,NaN,NaN,NaN,NaN
1074.50,35.09,31.57,36.00,20.00,AUTO,0,80,NaN,58.03,47.59,-25.52,80.09,NaN,NaN,NaN,NaN,NaN,NaN,NaN,NaN,NaN,NaN
1075.50,35.10,31.53,36.00,20.00,AUTO,0,80,NaN,58.03,47.59,-25.52,80.09,NaN,NaN,NaN,NaN,NaN,NaN,NaN,NaN,NaN,NaN
1076.50,35.12,31.53,36.00,20.00,AUTO,0,80,NaN,58.03,47.59,-25.52,80.09,NaN,NaN,NaN,NaN,NaN,NaN,NaN,NaN,NaN,NaN
1077.51,35.13,31.51,36.00,20.00,AUTO,0,80,NaN,58.03,47.59,-25.52,80.09,NaN,NaN,NaN,NaN,NaN,NaN,NaN,NaN,NaN,NaN
1078.51,35.15,31.51,36.00,20.00,AUTO,0,80,NaN,58.03,47.59,-25.52,80.09,NaN,NaN,NaN,NaN,NaN,NaN,NaN,NaN,NaN,NaN
1079.51,35.19,31.47,36.00,20.00,AUTO,0,80,NaN,58.03,47.59,-25.52,80.09,NaN,NaN,NaN,NaN,NaN,NaN,NaN,NaN,NaN,NaN
1080.51,35.20,31.42,36.00,20.00,AUTO,0,80,NaN,58.03,47.59,-25.52,80.09,NaN,NaN,NaN,NaN,NaN,NaN,NaN,NaN,NaN,NaN
1081.51,35.22,31.42,36.00,20.00,AUTO,0,80,NaN,58.03,47.59,-25.52,80.09,NaN,NaN,NaN,NaN,NaN,NaN,NaN,NaN,NaN,NaN
1082.51,35.23,31.38,36.00,20.00,AUTO,0,74,NaN,43.45,52.35,-22.23,73.57,NaN,NaN,NaN,NaN,NaN,NaN,NaN,NaN,NaN,NaN
1083.51,35.24,31.38,36.00,20.00,AUTO,0,74,NaN,43.45,52.35,-22.23,73.57,NaN,NaN,NaN,NaN,NaN,NaN,NaN,NaN,NaN,NaN
1084.51,35.25,31.38,36.00,20.00,AUTO,0,74,NaN,43.45,52.35,-22.23,73.57,NaN,NaN,NaN,NaN,NaN,NaN,NaN,NaN,NaN,NaN
1085.52,35.25,31.38,36.00,20.00,AUTO,0,74,NaN,43.45,52.35,-22.23,73.57,NaN,NaN,NaN,NaN,NaN,NaN,NaN,NaN,NaN,NaN
1086.52,35.27,31.35,36.00,20.00,AUTO,0,74,NaN,43.45,52.35,-22.23,73.57,NaN,NaN,NaN,NaN,NaN,NaN,NaN,NaN,NaN,NaN
1087.52,35.28,31.30,36.00,20.00,AUTO,0,74,NaN,43.45,52.35,-22.23,73.57,NaN,NaN,NaN,NaN,NaN,NaN,NaN,NaN,NaN,NaN
1088.52,35.29,31.30,36.00,20.00,AUTO,0,74,NaN,43.45,52.35,-22.23,73.57,NaN,NaN,NaN,NaN,NaN,NaN,NaN,NaN,NaN,NaN
1089.52,35.31,31.32,36.00,20.00,AUTO,0,74,NaN,43.45,52.35,-22.23,73.57,NaN,NaN,NaN,NaN,NaN,NaN,NaN,NaN,NaN,NaN
1090.53,35.31,31.32,36.00,20.00,AUTO,0,74,NaN,43.45,52.35,-22.23,73.57,NaN,NaN,NaN,NaN,NaN,NaN,NaN,NaN,NaN,NaN
1091.53,35.31,31.26,36.00,20.00,AUTO,0,74,NaN,43.45,52.35,-22.23,73.57,NaN,NaN,NaN,NaN,NaN,NaN,NaN,NaN,NaN,NaN
1092.53,35.31,31.26,36.00,20.00,AUTO,0,74,NaN,43.45,52.35,-22.23,73.57,NaN,NaN,NaN,NaN,NaN,NaN,NaN,NaN,NaN,NaN
1093.53,35.33,31.28,36.00,20.00,AUTO,0,74,NaN,43.45,52.35,-22.23,73.57,NaN,NaN,NaN,NaN,NaN,NaN,NaN,NaN,NaN,NaN
1094.53,35.33,31.28,36.00,20.00,AUTO,0,74,NaN,43.45,52.35,-22.23,73.57,NaN,NaN,NaN,NaN,NaN,NaN,NaN,NaN,NaN,NaN
1095.53,35.35,31.24,36.00,20.00,AUTO,0,74,NaN,43.45,52.35,-22.23,73.57,NaN,NaN,NaN,NaN,NaN,NaN,NaN,NaN,NaN,NaN
1096.53,35.36,31.24,36.00,20.00,AUTO,0,74,NaN,43.45,52.35,-22.23,73.57,NaN,NaN,NaN,NaN,NaN,NaN,NaN,NaN,NaN,NaN
1097.54,35.36,31.24,36.00,20.00,AUTO,0,79,NaN,35.48,56.06,-12.80,78.73,NaN,NaN,NaN,NaN,NaN,NaN,NaN,NaN,NaN,NaN
1098.54,35.38,31.24,36.00,20.00,AUTO,0,79,NaN,35.48,56.06,-12.80,78.73,NaN,NaN,NaN,NaN,NaN,NaN,NaN,NaN,NaN,NaN
1099.54,35.38,31.20,36.00,20.00,AUTO,0,79,NaN,35.48,56.06,-12.80,78.73,NaN,NaN,NaN,NaN,NaN,NaN,NaN,NaN,NaN,NaN
1100.54,35.39,31.20,36.00,20.00,AUTO,0,79,NaN,35.48,56.06,-12.80,78.73,NaN,NaN,NaN,NaN,NaN,NaN,NaN,NaN,NaN,NaN
1101.54,35.41,31.16,36.00,20.00,AUTO,0,79,NaN,35.48,56.06,-12.80,78.73,NaN,NaN,NaN,NaN,NaN,NaN,NaN,NaN,NaN,NaN
1102.54,35.42,31.16,36.00,20.00,AUTO,0,79,NaN,35.48,56.06,-12.80,78.73,NaN,NaN,NaN,NaN,NaN,NaN,NaN,NaN,NaN,NaN
1103.54,35.42,31.16,36.00,20.00,AUTO,0,79,NaN,35.48,56.06,-12.80,78.73,NaN,NaN,NaN,NaN,NaN,NaN,NaN,NaN,NaN,NaN
1104.55,35.44,31.12,36.00,20.00,AUTO,0,79,NaN,35.48,56.06,-12.80,78.73,NaN,NaN,NaN,NaN,NaN,NaN,NaN,NaN,NaN,NaN
1105.54,35.45,31.14,36.00,20.00,AUTO,0,79,NaN,35.48,56.06,-12.80,78.73,NaN,NaN,NaN,NaN,NaN,NaN,NaN,NaN,NaN,NaN
1106.55,35.47,31.09,36.00,20.00,AUTO,0,79,NaN,35.48,56.06,-12.80,78.73,NaN,NaN,NaN,NaN,NaN,NaN,NaN,NaN,NaN,NaN
1107.55,35.49,31.09,36.00,20.00,AUTO,0,79,NaN,35.48,56.06,-12.80,78.73,NaN,NaN,NaN,NaN,NaN,NaN,NaN,NaN,NaN,NaN
1108.55,35.51,31.06,36.00,20.00,AUTO,0,79,NaN,35.48,56.06,-12.80,78.73,NaN,NaN,NaN,NaN,NaN,NaN,NaN,NaN,NaN,NaN
1109.56,35.53,31.02,36.00,20.00,AUTO,0,79,NaN,35.48,56.06,-12.80,78.73,NaN,NaN,NaN,NaN,NaN,NaN,NaN,NaN,NaN,NaN
1110.55,35.54,31.02,36.00,20.00,AUTO,0,79,NaN,35.48,56.06,-12.80,78.73,NaN,NaN,NaN,NaN,NaN,NaN,NaN,NaN,NaN,NaN
1111.56,35.55,31.02,36.00,20.00,AUTO,0,79,NaN,35.48,56.06,-12.80,78.73,NaN,NaN,NaN,NaN,NaN,NaN,NaN,NaN,NaN,NaN
1112.56,35.55,30.97,36.00,20.00,AUTO,0,69,NaN,25.02,58.95,-14.90,69.07,NaN,NaN,NaN,NaN,NaN,NaN,NaN,NaN,NaN,NaN
1113.56,35.55,30.97,36.00,20.00,AUTO,0,69,NaN,25.02,58.95,-14.90,69.07,NaN,NaN,NaN,NaN,NaN,NaN,NaN,NaN,NaN,NaN
1114.56,35.56,30.97,36.00,20.00,AUTO,0,69,NaN,25.02,58.95,-14.90,69.07,NaN,NaN,NaN,NaN,NaN,NaN,NaN,NaN,NaN,NaN
1115.56,35.57,30.97,36.00,20.00,AUTO,0,69,NaN,25.02,58.95,-14.90,69.07,NaN,NaN,NaN,NaN,NaN,NaN,NaN,NaN,NaN,NaN
1116.56,35.57,30.97,36.00,20.00,AUTO,0,69,NaN,25.02,58.95,-14.90,69.07,NaN,NaN,NaN,NaN,NaN,NaN,NaN,NaN,NaN,NaN
1117.57,35.59,30.97,36.00,20.00,AUTO,0,69,NaN,25.02,58.95,-14.90,69.07,NaN,NaN,NaN,NaN,NaN,NaN,NaN,NaN,NaN,NaN
1118.57,35.59,30.97,36.00,20.00,AUTO,0,69,NaN,25.02,58.95,-14.90,69.07,NaN,NaN,NaN,NaN,NaN,NaN,NaN,NaN,NaN,NaN
1119.57,35.60,30.97,36.00,20.00,AUTO,0,69,NaN,25.02,58.95,-14.90,69.07,NaN,NaN,NaN,NaN,NaN,NaN,NaN,NaN,NaN,NaN
1120.57,35.64,30.97,36.00,20.00,AUTO,0,69,NaN,25.02,58.95,-14.90,69.07,NaN,NaN,NaN,NaN,NaN,NaN,NaN,NaN,NaN,NaN
1121.57,35.64,30.93,36.00,20.00,AUTO,0,69,NaN,25.02,58.95,-14.90,69.07,NaN,NaN,NaN,NaN,NaN,NaN,NaN,NaN,NaN,NaN
1122.57,35.65,30.93,36.00,20.00,AUTO,0,69,NaN,25.02,58.95,-14.90,69.07,NaN,NaN,NaN,NaN,NaN,NaN,NaN,NaN,NaN,NaN
1123.58,35.67,30.91,36.00,20.00,AUTO,0,69,NaN,25.02,58.95,-14.90,69.07,NaN,NaN,NaN,NaN,NaN,NaN,NaN,NaN,NaN,NaN
1124.57,35.67,30.91,36.00,20.00,AUTO,0,69,NaN,25.02,58.95,-14.90,69.07,NaN,NaN,NaN,NaN,NaN,NaN,NaN,NaN,NaN,NaN
1125.58,35.67,30.91,36.00,20.00,AUTO,0,69,NaN,25.02,58.95,-14.90,69.07,NaN,NaN,NaN,NaN,NaN,NaN,NaN,NaN,NaN,NaN
1126.58,35.69,30.91,36.00,20.00,AUTO,0,69,NaN,25.02,58.95,-14.90,69.07,NaN,NaN,NaN,NaN,NaN,NaN,NaN,NaN,NaN,NaN
1127.59,35.69,30.87,36.00,20.00,AUTO,0,67,NaN,17.60,60.97,-11.85,66.73,NaN,NaN,NaN,NaN,NaN,NaN,NaN,NaN,NaN,NaN
1128.58,35.68,30.87,36.00,20.00,AUTO,0,67,NaN,17.60,60.97,-11.85,66.73,NaN,NaN,NaN,NaN,NaN,NaN,NaN,NaN,NaN,NaN
1129.58,35.69,30.87,36.00,20.00,AUTO,0,67,NaN,17.60,60.97,-11.85,66.73,NaN,NaN,NaN,NaN,NaN,NaN,NaN,NaN,NaN,NaN
1130.58,35.69,30.87,36.00,20.00,AUTO,0,67,NaN,17.60,60.97,-11.85,66.73,NaN,NaN,NaN,NaN,NaN,NaN,NaN,NaN,NaN,NaN
1131.59,35.68,30.87,36.00,20.00,AUTO,0,67,NaN,17.60,60.97,-11.85,66.73,NaN,NaN,NaN,NaN,NaN,NaN,NaN,NaN,NaN,NaN
1132.59,35.69,30.87,36.00,20.00,AUTO,0,67,NaN,17.60,60.97,-11.85,66.73,NaN,NaN,NaN,NaN,NaN,NaN,NaN,NaN,NaN,NaN
1133.59,35.70,30.87,36.00,20.00,AUTO,0,67,NaN,17.60,60.97,-11.85,66.73,NaN,NaN,NaN,NaN,NaN,NaN,NaN,NaN,NaN,NaN
1134.59,35.70,30.83,36.00,20.00,AUTO,0,67,NaN,17.60,60.97,-11.85,66.73,NaN,NaN,NaN,NaN,NaN,NaN,NaN,NaN,NaN,NaN
1135.59,35.71,30.83,36.00,20.00,AUTO,0,67,NaN,17.60,60.97,-11.85,66.73,NaN,NaN,NaN,NaN,NaN,NaN,NaN,NaN,NaN,NaN
1136.60,35.71,30.83,36.00,20.00,AUTO,0,67,NaN,17.60,60.97,-11.85,66.73,NaN,NaN,NaN,NaN,NaN,NaN,NaN,NaN,NaN,NaN
1137.60,35.73,30.83,36.00,20.00,AUTO,0,67,NaN,17.60,60.97,-11.85,66.73,NaN,NaN,NaN,NaN,NaN,NaN,NaN,NaN,NaN,NaN
1138.60,35.75,30.83,36.00,20.00,AUTO,0,67,NaN,17.60,60.97,-11.85,66.73,NaN,NaN,NaN,NaN,NaN,NaN,NaN,NaN,NaN,NaN
1139.60,35.75,30.83,36.00,20.00,AUTO,0,67,NaN,17.60,60.97,-11.85,66.73,NaN,NaN,NaN,NaN,NaN,NaN,NaN,NaN,NaN,NaN
1140.60,35.75,30.79,36.00,20.00,AUTO,0,67,NaN,17.60,60.97,-11.85,66.73,NaN,NaN,NaN,NaN,NaN,NaN,NaN,NaN,NaN,NaN
1141.60,35.77,30.79,36.00,20.00,AUTO,0,67,NaN,17.60,60.97,-11.85,66.73,NaN,NaN,NaN,NaN,NaN,NaN,NaN,NaN,NaN,NaN
1142.60,35.75,30.79,36.00,20.00,AUTO,0,70,NaN,13.20,62.48,-6.13,69.55,NaN,NaN,NaN,NaN,NaN,NaN,NaN,NaN,NaN,NaN
1143.60,35.75,30.79,36.00,20.00,AUTO,0,70,NaN,13.20,62.48,-6.13,69.55,NaN,NaN,NaN,NaN,NaN,NaN,NaN,NaN,NaN,NaN
1144.61,35.74,30.79,36.00,20.00,AUTO,0,70,NaN,13.20,62.48,-6.13,69.55,NaN,NaN,NaN,NaN,NaN,NaN,NaN,NaN,NaN,NaN
1145.61,35.74,30.79,36.00,20.00,AUTO,0,70,NaN,13.20,62.48,-6.13,69.55,NaN,NaN,NaN,NaN,NaN,NaN,NaN,NaN,NaN,NaN
1146.61,35.74,30.79,36.00,20.00,AUTO,0,70,NaN,13.20,62.48,-6.13,69.55,NaN,NaN,NaN,NaN,NaN,NaN,NaN,NaN,NaN,NaN
1147.61,35.75,30.79,36.00,20.00,AUTO,0,70,NaN,13.20,62.48,-6.13,69.55,NaN,NaN,NaN,NaN,NaN,NaN,NaN,NaN,NaN,NaN
1148.61,35.74,30.79,36.00,20.00,AUTO,0,70,NaN,13.20,62.48,-6.13,69.55,NaN,NaN,NaN,NaN,NaN,NaN,NaN,NaN,NaN,NaN
1149.62,35.75,30.79,36.00,20.00,AUTO,0,70,NaN,13.20,62.48,-6.13,69.55,NaN,NaN,NaN,NaN,NaN,NaN,NaN,NaN,NaN,NaN
1150.62,35.74,30.79,36.00,20.00,AUTO,0,70,NaN,13.20,62.48,-6.13,69.55,NaN,NaN,NaN,NaN,NaN,NaN,NaN,NaN,NaN,NaN
1151.62,35.74,30.79,36.00,20.00,AUTO,0,70,NaN,13.20,62.48,-6.13,69.55,NaN,NaN,NaN,NaN,NaN,NaN,NaN,NaN,NaN,NaN
1152.62,35.74,30.83,36.00,20.00,AUTO,0,70,NaN,13.20,62.48,-6.13,69.55,NaN,NaN,NaN,NaN,NaN,NaN,NaN,NaN,NaN,NaN
1153.62,35.74,30.83,36.00,20.00,AUTO,0,70,NaN,13.20,62.48,-6.13,69.55,NaN,NaN,NaN,NaN,NaN,NaN,NaN,NaN,NaN,NaN
1154.62,35.75,30.83,36.00,20.00,AUTO,0,70,NaN,13.20,62.48,-6.13,69.55,NaN,NaN,NaN,NaN,NaN,NaN,NaN,NaN,NaN,NaN
1155.63,35.77,30.83,36.00,20.00,AUTO,0,70,NaN,13.20,62.48,-6.13,69.55,NaN,NaN,NaN,NaN,NaN,NaN,NaN,NaN,NaN,NaN
1156.63,35.77,30.83,36.00,20.00,AUTO,0,70,NaN,13.20,62.48,-6.13,69.55,NaN,NaN,NaN,NaN,NaN,NaN,NaN,NaN,NaN,NaN
1157.63,35.75,30.83,36.00,20.00,AUTO,0,76,NaN,12.65,63.81,-0.49,75.97,NaN,NaN,NaN,NaN,NaN,NaN,NaN,NaN,NaN,NaN
1158.63,35.75,30.83,36.00,20.00,AUTO,0,76,NaN,12.65,63.81,-0.49,75.97,NaN,NaN,NaN,NaN,NaN,NaN,NaN,NaN,NaN,NaN
1159.63,35.75,30.83,36.00,20.00,AUTO,0,76,NaN,12.65,63.81,-0.49,75.97,NaN,NaN,NaN,NaN,NaN,NaN,NaN,NaN,NaN,NaN
1160.63,35.74,30.83,36.00,20.00,AUTO,0,76,NaN,12.65,63.81,-0.49,75.97,NaN,NaN,NaN,NaN,NaN,NaN,NaN,NaN,NaN,NaN
1161.63,35.74,30.83,36.00,20.00,AUTO,0,76,NaN,12.65,63.81,-0.49,75.97,NaN,NaN,NaN,NaN,NaN,NaN,NaN,NaN,NaN,NaN
1162.63,35.75,30.83,36.00,20.00,AUTO,0,76,NaN,12.65,63.81,-0.49,75.97,NaN,NaN,NaN,NaN,NaN,NaN,NaN,NaN,NaN,NaN
1163.64,35.75,30.83,36.00,20.00,AUTO,0,76,NaN,12.65,63.81,-0.49,75.97,NaN,NaN,NaN,NaN,NaN,NaN,NaN,NaN,NaN,NaN
1164.64,35.75,30.83,36.00,20.00,AUTO,0,76,NaN,12.65,63.81,-0.49,75.97,NaN,NaN,NaN,NaN,NaN,NaN,NaN,NaN,NaN,NaN
1165.64,35.77,30.83,36.00,20.00,AUTO,0,76,NaN,12.65,63.81,-0.49,75.97,NaN,NaN,NaN,NaN,NaN,NaN,NaN,NaN,NaN,NaN
1166.64,35.75,30.83,36.00,20.00,AUTO,0,76,NaN,12.65,63.81,-0.49,75.97,NaN,NaN,NaN,NaN,NaN,NaN,NaN,NaN,NaN,NaN
1167.64,35.77,30.83,36.00,20.00,AUTO,0,76,NaN,12.65,63.81,-0.49,75.97,NaN,NaN,NaN,NaN,NaN,NaN,NaN,NaN,NaN,NaN
1168.65,35.78,30.83,36.00,20.00,AUTO,0,76,NaN,12.65,63.81,-0.49,75.97,NaN,NaN,NaN,NaN,NaN,NaN,NaN,NaN,NaN,NaN
1169.65,35.78,30.83,36.00,20.00,AUTO,0,76,NaN,12.65,63.81,-0.49,75.97,NaN,NaN,NaN,NaN,NaN,NaN,NaN,NaN,NaN,NaN
1170.65,35.77,30.83,36.00,20.00,AUTO,0,76,NaN,12.65,63.81,-0.49,75.97,NaN,NaN,NaN,NaN,NaN,NaN,NaN,NaN,NaN,NaN
1171.65,35.77,30.83,36.00,20.00,AUTO,0,76,NaN,12.65,63.81,-0.49,75.97,NaN,NaN,NaN,NaN,NaN,NaN,NaN,NaN,NaN,NaN
1172.65,35.75,30.83,36.00,20.00,AUTO,0,76,NaN,12.65,65.08,-1.66,76.07,NaN,NaN,NaN,NaN,NaN,NaN,NaN,NaN,NaN,NaN
1173.65,35.77,30.83,36.00,20.00,AUTO,0,76,NaN,12.65,65.08,-1.66,76.07,NaN,NaN,NaN,NaN,NaN,NaN,NaN,NaN,NaN,NaN
1174.65,35.77,30.83,36.00,20.00,AUTO,0,76,NaN,12.65,65.08,-1.66,76.07,NaN,NaN,NaN,NaN,NaN,NaN,NaN,NaN,NaN,NaN
1175.65,35.77,30.83,36.00,20.00,AUTO,0,76,NaN,12.65,65.08,-1.66,76.07,NaN,NaN,NaN,NaN,NaN,NaN,NaN,NaN,NaN,NaN
1176.66,35.77,30.83,36.00,20.00,AUTO,0,76,NaN,12.65,65.08,-1.66,76.07,NaN,NaN,NaN,NaN,NaN,NaN,NaN,NaN,NaN,NaN
1177.66,35.77,30.83,36.00,20.00,AUTO,0,76,NaN,12.65,65.08,-1.66,76.07,NaN,NaN,NaN,NaN,NaN,NaN,NaN,NaN,NaN,NaN
1178.66,35.77,30.83,36.00,20.00,AUTO,0,76,NaN,12.65,65.08,-1.66,76.07,NaN,NaN,NaN,NaN,NaN,NaN,NaN,NaN,NaN,NaN
1179.66,35.78,30.83,36.00,20.00,AUTO,0,76,NaN,12.65,65.08,-1.66,76.07,NaN,NaN,NaN,NaN,NaN,NaN,NaN,NaN,NaN,NaN
1180.66,35.78,30.83,36.00,20.00,AUTO,0,76,NaN,12.65,65.08,-1.66,76.07,NaN,NaN,NaN,NaN,NaN,NaN,NaN,NaN,NaN,NaN
1181.66,35.78,30.83,36.00,20.00,AUTO,0,76,NaN,12.65,65.08,-1.66,76.07,NaN,NaN,NaN,NaN,NaN,NaN,NaN,NaN,NaN,NaN
1182.67,35.78,30.83,36.00,20.00,AUTO,0,76,NaN,12.65,65.08,-1.66,76.07,NaN,NaN,NaN,NaN,NaN,NaN,NaN,NaN,NaN,NaN
1183.67,35.78,30.83,36.00,20.00,AUTO,0,76,NaN,12.65,65.08,-1.66,76.07,NaN,NaN,NaN,NaN,NaN,NaN,NaN,NaN,NaN,NaN
1184.67,35.79,30.83,36.00,20.00,AUTO,0,76,NaN,12.65,65.08,-1.66,76.07,NaN,NaN,NaN,NaN,NaN,NaN,NaN,NaN,NaN,NaN
1185.67,35.80,30.83,36.00,20.00,AUTO,0,76,NaN,12.65,65.08,-1.66,76.07,NaN,NaN,NaN,NaN,NaN,NaN,NaN,NaN,NaN,NaN
1186.67,35.80,30.83,36.00,20.00,AUTO,0,76,NaN,12.65,65.08,-1.66,76.07,NaN,NaN,NaN,NaN,NaN,NaN,NaN,NaN,NaN,NaN
1187.68,35.81,30.84,36.00,20.00,AUTO,0,76,NaN,11.00,66.25,-1.52,75.72,NaN,NaN,NaN,NaN,NaN,NaN,NaN,NaN,NaN,NaN
1188.67,35.81,30.84,36.00,20.00,AUTO,0,76,NaN,11.00,66.25,-1.52,75.72,NaN,NaN,NaN,NaN,NaN,NaN,NaN,NaN,NaN,NaN
1189.68,35.81,30.84,36.00,20.00,AUTO,0,76,NaN,11.00,66.25,-1.52,75.72,NaN,NaN,NaN,NaN,NaN,NaN,NaN,NaN,NaN,NaN
1190.68,35.81,30.84,36.00,20.00,AUTO,0,76,NaN,11.00,66.25,-1.52,75.72,NaN,NaN,NaN,NaN,NaN,NaN,NaN,NaN,NaN,NaN
1191.68,35.82,30.80,36.00,20.00,AUTO,0,76,NaN,11.00,66.25,-1.52,75.72,NaN,NaN,NaN,NaN,NaN,NaN,NaN,NaN,NaN,NaN
1192.68,35.83,30.80,36.00,20.00,AUTO,0,76,NaN,11.00,66.25,-1.52,75.72,NaN,NaN,NaN,NaN,NaN,NaN,NaN,NaN,NaN,NaN
1193.68,35.81,30.80,36.00,20.00,AUTO,0,76,NaN,11.00,66.25,-1.52,75.72,NaN,NaN,NaN,NaN,NaN,NaN,NaN,NaN,NaN,NaN
1194.68,35.82,30.80,36.00,20.00,AUTO,0,76,NaN,11.00,66.25,-1.52,75.72,NaN,NaN,NaN,NaN,NaN,NaN,NaN,NaN,NaN,NaN
1195.69,35.83,30.80,36.00,20.00,AUTO,0,76,NaN,11.00,66.25,-1.52,75.72,NaN,NaN,NaN,NaN,NaN,NaN,NaN,NaN,NaN,NaN
1196.69,35.84,30.80,36.00,20.00,AUTO,0,76,NaN,11.00,66.25,-1.52,75.72,NaN,NaN,NaN,NaN,NaN,NaN,NaN,NaN,NaN,NaN
1197.69,35.85,30.80,36.00,20.00,AUTO,0,76,NaN,11.00,66.25,-1.52,75.72,NaN,NaN,NaN,NaN,NaN,NaN,NaN,NaN,NaN,NaN
1198.69,35.86,30.77,36.00,20.00,AUTO,0,76,NaN,11.00,66.25,-1.52,75.72,NaN,NaN,NaN,NaN,NaN,NaN,NaN,NaN,NaN,NaN
1199.69,35.88,30.77,36.00,20.00,AUTO,0,76,NaN,11.00,66.25,-1.52,75.72,NaN,NaN,NaN,NaN,NaN,NaN,NaN,NaN,NaN,NaN
1200.70,35.87,30.77,36.00,20.00,AUTO,0,76,NaN,11.00,66.25,-1.52,75.72,NaN,NaN,NaN,NaN,NaN,NaN,NaN,NaN,NaN,NaN
1201.70,35.87,30.77,36.00,20.00,AUTO,0,76,NaN,11.00,66.25,-1.52,75.72,NaN,NaN,NaN,NaN,NaN,NaN,NaN,NaN,NaN,NaN
1202.70,35.87,30.77,36.00,20.00,AUTO,0,68,NaN,7.15,67.12,-5.76,68.50,NaN,NaN,NaN,NaN,NaN,NaN,NaN,NaN,NaN,NaN
1203.70,35.87,30.77,36.00,20.00,AUTO,0,68,NaN,7.15,67.12,-5.76,68.50,NaN,NaN,NaN,NaN,NaN,NaN,NaN,NaN,NaN,NaN
1204.70,35.86,30.77,36.00,20.00,AUTO,0,68,NaN,7.15,67.12,-5.76,68.50,NaN,NaN,NaN,NaN,NaN,NaN,NaN,NaN,NaN,NaN
1205.70,35.87,30.77,36.00,20.00,AUTO,0,68,NaN,7.15,67.12,-5.76,68.50,NaN,NaN,NaN,NaN,NaN,NaN,NaN,NaN,NaN,NaN
1206.70,35.87,30.77,36.00,20.00,AUTO,0,68,NaN,7.15,67.12,-5.76,68.50,NaN,NaN,NaN,NaN,NaN,NaN,NaN,NaN,NaN,NaN
1207.70,35.87,30.77,36.00,20.00,AUTO,0,68,NaN,7.15,67.12,-5.76,68.50,NaN,NaN,NaN,NaN,NaN,NaN,NaN,NaN,NaN,NaN
1208.71,35.87,30.77,36.00,20.00,AUTO,0,68,NaN,7.15,67.12,-5.76,68.50,NaN,NaN,NaN,NaN,NaN,NaN,NaN,NaN,NaN,NaN
1209.71,35.87,30.77,36.00,20.00,AUTO,0,68,NaN,7.15,67.12,-5.76,68.50,NaN,NaN,NaN,NaN,NaN,NaN,NaN,NaN,NaN,NaN
1210.71,35.88,30.77,36.00,20.00,AUTO,0,68,NaN,7.15,67.12,-5.76,68.50,NaN,NaN,NaN,NaN,NaN,NaN,NaN,NaN,NaN,NaN
1211.71,35.87,30.77,36.00,20.00,AUTO,0,68,NaN,7.15,67.12,-5.76,68.50,NaN,NaN,NaN,NaN,NaN,NaN,NaN,NaN,NaN,NaN
1212.71,35.88,30.77,36.00,20.00,AUTO,0,68,NaN,7.15,67.12,-5.76,68.50,NaN,NaN,NaN,NaN,NaN,NaN,NaN,NaN,NaN,NaN
1213.71,35.90,30.77,36.00,20.00,AUTO,0,68,NaN,7.15,67.12,-5.76,68.50,NaN,NaN,NaN,NaN,NaN,NaN,NaN,NaN,NaN,NaN
1214.72,35.90,30.77,36.00,20.00,AUTO,0,68,NaN,7.15,67.12,-5.76,68.50,NaN,NaN,NaN,NaN,NaN,NaN,NaN,NaN,NaN,NaN
1215.72,35.90,30.77,36.00,20.00,AUTO,0,68,NaN,7.15,67.12,-5.76,68.50,NaN,NaN,NaN,NaN,NaN,NaN,NaN,NaN,NaN,NaN
1216.72,35.92,30.77,36.00,20.00,AUTO,0,68,NaN,7.15,67.12,-5.76,68.50,NaN,NaN,NaN,NaN,NaN,NaN,NaN,NaN,NaN,NaN
1217.72,35.90,30.77,36.00,20.00,AUTO,0,70,NaN,4.95,67.75,-2.64,70.05,NaN,NaN,NaN,NaN,NaN,NaN,NaN,NaN,NaN,NaN
1218.72,35.90,30.73,36.00,20.00,AUTO,0,70,NaN,4.95,67.75,-2.64,70.05,NaN,NaN,NaN,NaN,NaN,NaN,NaN,NaN,NaN,NaN
1219.72,35.92,30.73,36.00,20.00,AUTO,0,70,NaN,4.95,67.75,-2.64,70.05,NaN,NaN,NaN,NaN,NaN,NaN,NaN,NaN,NaN,NaN
1220.72,35.92,30.73,36.00,20.00,AUTO,0,70,NaN,4.95,67.75,-2.64,70.05,NaN,NaN,NaN,NaN,NaN,NaN,NaN,NaN,NaN,NaN
1221.73,35.92,30.73,36.00,20.00,AUTO,0,70,NaN,4.95,67.75,-2.64,70.05,NaN,NaN,NaN,NaN,NaN,NaN,NaN,NaN,NaN,NaN
1222.73,35.93,30.73,36.00,20.00,AUTO,0,70,NaN,4.95,67.75,-2.64,70.05,NaN,NaN,NaN,NaN,NaN,NaN,NaN,NaN,NaN,NaN
1223.74,35.94,30.73,36.00,20.00,AUTO,0,70,NaN,4.95,67.75,-2.64,70.05,NaN,NaN,NaN,NaN,NaN,NaN,NaN,NaN,NaN,NaN
1224.73,35.95,30.73,36.00,20.00,AUTO,0,70,NaN,4.95,67.75,-2.64,70.05,NaN,NaN,NaN,NaN,NaN,NaN,NaN,NaN,NaN,NaN
1225.73,35.95,30.68,36.00,20.00,AUTO,0,70,NaN,4.95,67.75,-2.64,70.05,NaN,NaN,NaN,NaN,NaN,NaN,NaN,NaN,NaN,NaN
1226.73,35.94,30.68,36.00,20.00,AUTO,0,70,NaN,4.95,67.75,-2.64,70.05,NaN,NaN,NaN,NaN,NaN,NaN,NaN,NaN,NaN,NaN
1227.74,35.96,30.68,36.00,20.00,AUTO,0,70,NaN,4.95,67.75,-2.64,70.05,NaN,NaN,NaN,NaN,NaN,NaN,NaN,NaN,NaN,NaN
1228.74,35.98,30.68,36.00,20.00,AUTO,0,70,NaN,4.95,67.75,-2.64,70.05,NaN,NaN,NaN,NaN,NaN,NaN,NaN,NaN,NaN,NaN
1229.74,35.98,30.68,36.00,20.00,AUTO,0,70,NaN,4.95,67.75,-2.64,70.05,NaN,NaN,NaN,NaN,NaN,NaN,NaN,NaN,NaN,NaN
1230.74,35.99,30.68,36.00,20.00,AUTO,0,70,NaN,4.95,67.75,-2.64,70.05,NaN,NaN,NaN,NaN,NaN,NaN,NaN,NaN,NaN,NaN
1231.74,35.98,30.68,36.00,20.00,AUTO,0,70,NaN,4.95,67.75,-2.64,70.05,NaN,NaN,NaN,NaN,NaN,NaN,NaN,NaN,NaN,NaN
1232.75,35.98,30.68,36.00,20.00,AUTO,0,63,NaN,0.83,68.04,-6.35,62.51,NaN,NaN,NaN,NaN,NaN,NaN,NaN,NaN,NaN,NaN
1233.75,35.98,30.68,36.00,20.00,AUTO,0,63,NaN,0.83,68.04,-6.35,62.51,NaN,NaN,NaN,NaN,NaN,NaN,NaN,NaN,NaN,NaN
1234.74,35.98,30.68,36.00,20.00,AUTO,0,63,NaN,0.83,68.04,-6.35,62.51,NaN,NaN,NaN,NaN,NaN,NaN,NaN,NaN,NaN,NaN
1235.75,35.98,30.68,36.00,20.00,AUTO,0,63,NaN,0.83,68.04,-6.35,62.51,NaN,NaN,NaN,NaN,NaN,NaN,NaN,NaN,NaN,NaN
1236.75,35.98,30.68,36.00,20.00,AUTO,0,63,NaN,0.83,68.04,-6.35,62.51,NaN,NaN,NaN,NaN,NaN,NaN,NaN,NaN,NaN,NaN
1237.75,35.97,30.68,36.00,20.00,AUTO,0,63,NaN,0.83,68.04,-6.35,62.51,NaN,NaN,NaN,NaN,NaN,NaN,NaN,NaN,NaN,NaN
1238.75,35.98,30.68,36.00,20.00,AUTO,0,63,NaN,0.83,68.04,-6.35,62.51,NaN,NaN,NaN,NaN,NaN,NaN,NaN,NaN,NaN,NaN
1239.75,35.99,30.68,36.00,20.00,AUTO,0,63,NaN,0.83,68.04,-6.35,62.51,NaN,NaN,NaN,NaN,NaN,NaN,NaN,NaN,NaN,NaN
1240.75,35.99,30.64,36.00,20.00,AUTO,0,63,NaN,0.83,68.04,-6.35,62.51,NaN,NaN,NaN,NaN,NaN,NaN,NaN,NaN,NaN,NaN
1241.76,36.00,30.64,36.00,20.00,AUTO,0,63,NaN,0.83,68.04,-6.35,62.51,NaN,NaN,NaN,NaN,NaN,NaN,NaN,NaN,NaN,NaN
1242.76,36.01,30.66,36.00,20.00,AUTO,0,63,NaN,0.83,68.04,-6.35,62.51,NaN,NaN,NaN,NaN,NaN,NaN,NaN,NaN,NaN,NaN
1243.76,36.01,30.66,36.00,20.00,AUTO,0,63,NaN,0.83,68.04,-6.35,62.51,NaN,NaN,NaN,NaN,NaN,NaN,NaN,NaN,NaN,NaN
1244.76,36.01,30.66,36.00,20.00,AUTO,0,63,NaN,0.83,68.04,-6.35,62.51,NaN,NaN,NaN,NaN,NaN,NaN,NaN,NaN,NaN,NaN
1245.76,36.01,30.66,36.00,20.00,AUTO,0,63,NaN,0.83,68.04,-6.35,62.51,NaN,NaN,NaN,NaN,NaN,NaN,NaN,NaN,NaN,NaN
1246.77,36.01,30.66,36.00,20.00,AUTO,0,63,NaN,0.83,68.04,-6.35,62.51,NaN,NaN,NaN,NaN,NaN,NaN,NaN,NaN,NaN,NaN
1247.77,36.01,30.66,36.00,20.00,AUTO,0,65,NaN,-0.55,68.08,-2.52,65.02,NaN,NaN,NaN,NaN,NaN,NaN,NaN,NaN,NaN,NaN
1248.77,36.01,30.66,36.00,20.00,AUTO,0,65,NaN,-0.55,68.08,-2.52,65.02,NaN,NaN,NaN,NaN,NaN,NaN,NaN,NaN,NaN,NaN
1249.77,36.01,30.66,36.00,20.00,AUTO,0,65,NaN,-0.55,68.08,-2.52,65.02,NaN,NaN,NaN,NaN,NaN,NaN,NaN,NaN,NaN,NaN
1250.77,36.01,30.66,36.00,20.00,AUTO,0,65,NaN,-0.55,68.08,-2.52,65.02,NaN,NaN,NaN,NaN,NaN,NaN,NaN,NaN,NaN,NaN
1251.77,36.00,30.66,36.00,20.00,AUTO,0,65,NaN,-0.55,68.08,-2.52,65.02,NaN,NaN,NaN,NaN,NaN,NaN,NaN,NaN,NaN,NaN
1252.77,36.01,30.66,36.00,20.00,AUTO,0,65,NaN,-0.55,68.08,-2.52,65.02,NaN,NaN,NaN,NaN,NaN,NaN,NaN,NaN,NaN,NaN
1253.78,36.01,30.66,36.00,20.00,AUTO,0,65,NaN,-0.55,68.08,-2.52,65.02,NaN,NaN,NaN,NaN,NaN,NaN,NaN,NaN,NaN,NaN
1254.78,36.01,30.66,36.00,20.00,AUTO,0,65,NaN,-0.55,68.08,-2.52,65.02,NaN,NaN,NaN,NaN,NaN,NaN,NaN,NaN,NaN,NaN
1255.78,36.01,30.66,36.00,20.00,AUTO,0,65,NaN,-0.55,68.08,-2.52,65.02,NaN,NaN,NaN,NaN,NaN,NaN,NaN,NaN,NaN,NaN
1256.78,36.01,30.66,36.00,20.00,AUTO,0,65,NaN,-0.55,68.08,-2.52,65.02,NaN,NaN,NaN,NaN,NaN,NaN,NaN,NaN,NaN,NaN
1257.78,36.02,30.66,36.00,20.00,AUTO,0,65,NaN,-0.55,68.08,-2.52,65.02,NaN,NaN,NaN,NaN,NaN,NaN,NaN,NaN,NaN,NaN
1258.78,36.02,30.66,36.00,20.00,AUTO,0,65,NaN,-0.55,68.08,-2.52,65.02,NaN,NaN,NaN,NaN,NaN,NaN,NaN,NaN,NaN,NaN
1259.79,36.02,30.66,36.00,20.00,AUTO,0,65,NaN,-0.55,68.08,-2.52,65.02,NaN,NaN,NaN,NaN,NaN,NaN,NaN,NaN,NaN,NaN
1260.79,36.03,30.66,36.00,20.00,AUTO,0,65,NaN,-0.55,68.08,-2.52,65.02,NaN,NaN,NaN,NaN,NaN,NaN,NaN,NaN,NaN,NaN
1261.79,36.04,30.66,36.00,20.00,AUTO,0,65,NaN,-0.55,68.08,-2.52,65.02,NaN,NaN,NaN,NaN,NaN,NaN,NaN,NaN,NaN,NaN
1262.79,36.03,30.66,36.00,20.00,AUTO,0,65,NaN,-1.93,68.00,-1.18,64.90,NaN,NaN,NaN,NaN,NaN,NaN,NaN,NaN,NaN,NaN
1263.79,36.03,30.62,36.00,20.00,AUTO,0,65,NaN,-1.93,68.00,-1.18,64.90,NaN,NaN,NaN,NaN,NaN,NaN,NaN,NaN,NaN,NaN
1264.79,36.02,30.66,36.00,20.00,AUTO,0,65,NaN,-1.93,68.00,-1.18,64.90,NaN,NaN,NaN,NaN,NaN,NaN,NaN,NaN,NaN,NaN
1265.80,36.01,30.66,36.00,20.00,AUTO,0,65,NaN,-1.93,68.00,-1.18,64.90,NaN,NaN,NaN,NaN,NaN,NaN,NaN,NaN,NaN,NaN
1266.79,36.01,30.66,36.00,20.00,AUTO,0,65,NaN,-1.93,68.00,-1.18,64.90,NaN,NaN,NaN,NaN,NaN,NaN,NaN,NaN,NaN,NaN
1267.80,36.01,30.66,36.00,20.00,AUTO,0,65,NaN,-1.93,68.00,-1.18,64.90,NaN,NaN,NaN,NaN,NaN,NaN,NaN,NaN,NaN,NaN
1268.80,36.02,30.66,36.00,20.00,AUTO,0,65,NaN,-1.93,68.00,-1.18,64.90,NaN,NaN,NaN,NaN,NaN,NaN,NaN,NaN,NaN,NaN
1269.80,36.02,30.66,36.00,20.00,AUTO,0,65,NaN,-1.93,68.00,-1.18,64.90,NaN,NaN,NaN,NaN,NaN,NaN,NaN,NaN,NaN,NaN
1270.80,36.01,30.66,36.00,20.00,AUTO,0,65,NaN,-1.93,68.00,-1.18,64.90,NaN,NaN,NaN,NaN,NaN,NaN,NaN,NaN,NaN,NaN
1271.80,36.01,30.71,36.00,20.00,AUTO,0,65,NaN,-1.93,68.00,-1.18,64.90,NaN,NaN,NaN,NaN,NaN,NaN,NaN,NaN,NaN,NaN
1272.80,36.03,30.66,36.00,20.00,AUTO,0,65,NaN,-1.93,68.00,-1.18,64.90,NaN,NaN,NaN,NaN,NaN,NaN,NaN,NaN,NaN,NaN
1273.81,36.02,30.71,36.00,20.00,AUTO,0,65,NaN,-1.93,68.00,-1.18,64.90,NaN,NaN,NaN,NaN,NaN,NaN,NaN,NaN,NaN,NaN
1274.81,36.02,30.71,36.00,20.00,AUTO,0,65,NaN,-1.93,68.00,-1.18,64.90,NaN,NaN,NaN,NaN,NaN,NaN,NaN,NaN,NaN,NaN
1275.81,36.02,30.71,36.00,20.00,AUTO,0,65,NaN,-1.93,68.00,-1.18,64.90,NaN,NaN,NaN,NaN,NaN,NaN,NaN,NaN,NaN,NaN
1276.81,36.02,30.71,36.00,20.00,AUTO,0,65,NaN,-1.93,68.00,-1.18,64.90,NaN,NaN,NaN,NaN,NaN,NaN,NaN,NaN,NaN,NaN
1277.82,36.01,30.71,36.00,20.00,AUTO,0,67,NaN,-1.10,67.91,0.48,67.29,NaN,NaN,NaN,NaN,NaN,NaN,NaN,NaN,NaN,NaN
1278.82,36.01,30.71,36.00,20.00,AUTO,0,67,NaN,-1.10,67.91,0.48,67.29,NaN,NaN,NaN,NaN,NaN,NaN,NaN,NaN,NaN,NaN
1279.82,36.01,30.71,36.00,20.00,AUTO,0,67,NaN,-1.10,67.91,0.48,67.29,NaN,NaN,NaN,NaN,NaN,NaN,NaN,NaN,NaN,NaN
1280.82,36.01,30.71,36.00,20.00,AUTO,0,67,NaN,-1.10,67.91,0.48,67.29,NaN,NaN,NaN,NaN,NaN,NaN,NaN,NaN,NaN,NaN
1281.82,36.01,30.71,36.00,20.00,AUTO,0,67,NaN,-1.10,67.91,0.48,67.29,NaN,NaN,NaN,NaN,NaN,NaN,NaN,NaN,NaN,NaN
1282.82,36.01,30.71,36.00,20.00,AUTO,0,67,NaN,-1.10,67.91,0.48,67.29,NaN,NaN,NaN,NaN,NaN,NaN,NaN,NaN,NaN,NaN
1283.82,36.01,30.71,36.00,20.00,AUTO,0,67,NaN,-1.10,67.91,0.48,67.29,NaN,NaN,NaN,NaN,NaN,NaN,NaN,NaN,NaN,NaN
1284.82,36.01,30.74,36.00,20.00,AUTO,0,67,NaN,-1.10,67.91,0.48,67.29,NaN,NaN,NaN,NaN,NaN,NaN,NaN,NaN,NaN,NaN
1285.82,36.01,30.74,36.00,20.00,AUTO,0,67,NaN,-1.10,67.91,0.48,67.29,NaN,NaN,NaN,NaN,NaN,NaN,NaN,NaN,NaN,NaN
1286.83,36.01,30.74,36.00,20.00,AUTO,0,67,NaN,-1.10,67.91,0.48,67.29,NaN,NaN,NaN,NaN,NaN,NaN,NaN,NaN,NaN,NaN
1287.83,36.01,30.74,36.00,20.00,AUTO,0,67,NaN,-1.10,67.91,0.48,67.29,NaN,NaN,NaN,NaN,NaN,NaN,NaN,NaN,NaN,NaN
1288.83,36.02,30.74,36.00,20.00,AUTO,0,67,NaN,-1.10,67.91,0.48,67.29,NaN,NaN,NaN,NaN,NaN,NaN,NaN,NaN,NaN,NaN
1289.83,36.02,30.74,36.00,20.00,AUTO,0,67,NaN,-1.10,67.91,0.48,67.29,NaN,NaN,NaN,NaN,NaN,NaN,NaN,NaN,NaN,NaN
1290.83,36.02,30.74,36.00,20.00,AUTO,0,67,NaN,-1.10,67.91,0.48,67.29,NaN,NaN,NaN,NaN,NaN,NaN,NaN,NaN,NaN,NaN
1291.83,36.02,30.74,36.00,20.00,AUTO,0,67,NaN,-1.10,67.91,0.48,67.29,NaN,NaN,NaN,NaN,NaN,NaN,NaN,NaN,NaN,NaN
1292.84,36.01,30.74,36.00,20.00,AUTO,0,67,NaN,-1.10,67.84,0.27,67.01,NaN,NaN,NaN,NaN,NaN,NaN,NaN,NaN,NaN,NaN
1293.84,36.02,30.74,36.00,20.00,AUTO,0,67,NaN,-1.10,67.84,0.27,67.01,NaN,NaN,NaN,NaN,NaN,NaN,NaN,NaN,NaN,NaN
1294.84,36.01,30.74,36.00,20.00,AUTO,0,67,NaN,-1.10,67.84,0.27,67.01,NaN,NaN,NaN,NaN,NaN,NaN,NaN,NaN,NaN,NaN
1295.84,36.01,30.74,36.00,20.00,AUTO,0,67,NaN,-1.10,67.84,0.27,67.01,NaN,NaN,NaN,NaN,NaN,NaN,NaN,NaN,NaN,NaN
1296.84,36.01,30.74,36.00,20.00,AUTO,0,67,NaN,-1.10,67.84,0.27,67.01,NaN,NaN,NaN,NaN,NaN,NaN,NaN,NaN,NaN,NaN
1297.84,36.01,30.74,36.00,20.00,AUTO,0,67,NaN,-1.10,67.84,0.27,67.01,NaN,NaN,NaN,NaN,NaN,NaN,NaN,NaN,NaN,NaN
1298.84,36.01,30.74,36.00,20.00,AUTO,0,67,NaN,-1.10,67.84,0.27,67.01,NaN,NaN,NaN,NaN,NaN,NaN,NaN,NaN,NaN,NaN
1299.84,36.01,30.74,36.00,20.00,AUTO,0,67,NaN,-1.10,67.84,0.27,67.01,NaN,NaN,NaN,NaN,NaN,NaN,NaN,NaN,NaN,NaN
1300.85,36.01,30.78,36.00,20.00,AUTO,0,67,NaN,-1.10,67.84,0.27,67.01,NaN,NaN,NaN,NaN,NaN,NaN,NaN,NaN,NaN,NaN
1301.85,36.01,30.74,36.00,20.00,AUTO,0,67,NaN,-1.10,67.84,0.27,67.01,NaN,NaN,NaN,NaN,NaN,NaN,NaN,NaN,NaN,NaN
1302.85,36.01,30.74,36.00,20.00,AUTO,0,67,NaN,-1.10,67.84,0.27,67.01,NaN,NaN,NaN,NaN,NaN,NaN,NaN,NaN,NaN,NaN
1303.85,36.03,30.74,36.00,20.00,AUTO,0,67,NaN,-1.10,67.84,0.27,67.01,NaN,NaN,NaN,NaN,NaN,NaN,NaN,NaN,NaN,NaN
1304.85,36.03,30.74,36.00,20.00,AUTO,0,67,NaN,-1.10,67.84,0.27,67.01,NaN,NaN,NaN,NaN,NaN,NaN,NaN,NaN,NaN,NaN
1305.86,36.03,30.74,36.00,20.00,AUTO,0,67,NaN,-1.10,67.84,0.27,67.01,NaN,NaN,NaN,NaN,NaN,NaN,NaN,NaN,NaN,NaN
1306.86,36.02,30.74,36.00,20.00,AUTO,0,67,NaN,-1.10,67.84,0.27,67.01,NaN,NaN,NaN,NaN,NaN,NaN,NaN,NaN,NaN,NaN
1307.86,36.01,30.78,36.00,20.00,AUTO,0,66,NaN,-1.37,67.76,-0.41,65.97,NaN,NaN,NaN,NaN,NaN,NaN,NaN,NaN,NaN,NaN
1308.86,36.01,30.78,36.00,20.00,AUTO,0,66,NaN,-1.37,67.76,-0.41,65.97,NaN,NaN,NaN,NaN,NaN,NaN,NaN,NaN,NaN,NaN
1309.86,36.02,30.78,36.00,20.00,AUTO,0,66,NaN,-1.37,67.76,-0.41,65.97,NaN,NaN,NaN,NaN,NaN,NaN,NaN,NaN,NaN,NaN
1310.87,36.01,30.78,36.00,20.00,AUTO,0,66,NaN,-1.37,67.76,-0.41,65.97,NaN,NaN,NaN,NaN,NaN,NaN,NaN,NaN,NaN,NaN
1311.87,36.01,30.78,36.00,20.00,AUTO,0,66,NaN,-1.37,67.76,-0.41,65.97,NaN,NaN,NaN,NaN,NaN,NaN,NaN,NaN,NaN,NaN
1312.87,36.01,30.78,36.00,20.00,AUTO,0,66,NaN,-1.37,67.76,-0.41,65.97,NaN,NaN,NaN,NaN,NaN,NaN,NaN,NaN,NaN,NaN
1313.87,36.01,30.78,36.00,20.00,AUTO,0,66,NaN,-1.37,67.76,-0.41,65.97,NaN,NaN,NaN,NaN,NaN,NaN,NaN,NaN,NaN,NaN
1314.87,36.01,30.78,36.00,20.00,AUTO,0,66,NaN,-1.37,67.76,-0.41,65.97,NaN,NaN,NaN,NaN,NaN,NaN,NaN,NaN,NaN,NaN
1315.87,36.01,30.78,36.00,20.00,AUTO,0,66,NaN,-1.37,67.76,-0.41,65.97,NaN,NaN,NaN,NaN,NaN,NaN,NaN,NaN,NaN,NaN
1316.87,36.01,30.78,36.00,20.00,AUTO,0,66,NaN,-1.37,67.76,-0.41,65.97,NaN,NaN,NaN,NaN,NaN,NaN,NaN,NaN,NaN,NaN
1317.87,36.02,30.78,36.00,20.00,AUTO,0,66,NaN,-1.37,67.76,-0.41,65.97,NaN,NaN,NaN,NaN,NaN,NaN,NaN,NaN,NaN,NaN
1318.88,36.01,30.78,36.00,20.00,AUTO,0,66,NaN,-1.37,67.76,-0.41,65.97,NaN,NaN,NaN,NaN,NaN,NaN,NaN,NaN,NaN,NaN
1319.88,36.02,30.78,36.00,20.00,AUTO,0,66,NaN,-1.37,67.76,-0.41,65.97,NaN,NaN,NaN,NaN,NaN,NaN,NaN,NaN,NaN,NaN
1320.88,36.02,30.78,36.00,20.00,AUTO,0,66,NaN,-1.37,67.76,-0.41,65.97,NaN,NaN,NaN,NaN,NaN,NaN,NaN,NaN,NaN,NaN
1321.88,36.02,30.78,36.00,20.00,AUTO,0,66,NaN,-1.37,67.76,-0.41,65.97,NaN,NaN,NaN,NaN,NaN,NaN,NaN,NaN,NaN,NaN
1322.88,36.01,30.78,36.00,20.00,AUTO,0,67,NaN,-1.10,67.69,0.40,66.99,NaN,NaN,NaN,NaN,NaN,NaN,NaN,NaN,NaN,NaN
1323.88,36.01,30.83,36.00,20.00,AUTO,0,67,NaN,-1.10,67.69,0.40,66.99,NaN,NaN,NaN,NaN,NaN,NaN,NaN,NaN,NaN,NaN
1324.89,36.01,30.83,36.00,20.00,AUTO,0,67,NaN,-1.10,67.69,0.40,66.99,NaN,NaN,NaN,NaN,NaN,NaN,NaN,NaN,NaN,NaN
1325.89,36.01,30.83,36.00,20.00,AUTO,0,67,NaN,-1.10,67.69,0.40,66.99,NaN,NaN,NaN,NaN,NaN,NaN,NaN,NaN,NaN,NaN
1326.89,36.01,30.83,36.00,20.00,AUTO,0,67,NaN,-1.10,67.69,0.40,66.99,NaN,NaN,NaN,NaN,NaN,NaN,NaN,NaN,NaN,NaN
1327.89,36.01,30.83,36.00,20.00,AUTO,0,67,NaN,-1.10,67.69,0.40,66.99,NaN,NaN,NaN,NaN,NaN,NaN,NaN,NaN,NaN,NaN
1328.89,36.01,30.83,36.00,20.00,AUTO,0,67,NaN,-1.10,67.69,0.40,66.99,NaN,NaN,NaN,NaN,NaN,NaN,NaN,NaN,NaN,NaN
1329.89,36.01,30.83,36.00,20.00,AUTO,0,67,NaN,-1.10,67.69,0.40,66.99,NaN,NaN,NaN,NaN,NaN,NaN,NaN,NaN,NaN,NaN
1330.89,36.01,30.83,36.00,20.00,AUTO,0,67,NaN,-1.10,67.69,0.40,66.99,NaN,NaN,NaN,NaN,NaN,NaN,NaN,NaN,NaN,NaN
1331.89,36.01,30.83,36.00,20.00,AUTO,0,67,NaN,-1.10,67.69,0.40,66.99,NaN,NaN,NaN,NaN,NaN,NaN,NaN,NaN,NaN,NaN
1332.90,36.02,30.83,36.00,20.00,AUTO,0,67,NaN,-1.10,67.69,0.40,66.99,NaN,NaN,NaN,NaN,NaN,NaN,NaN,NaN,NaN,NaN
1333.90,36.03,30.83,36.00,20.00,AUTO,0,67,NaN,-1.10,67.69,0.40,66.99,NaN,NaN,NaN,NaN,NaN,NaN,NaN,NaN,NaN,NaN
1334.90,36.04,30.83,36.00,20.00,AUTO,0,67,NaN,-1.10,67.69,0.40,66.99,NaN,NaN,NaN,NaN,NaN,NaN,NaN,NaN,NaN,NaN
1335.90,36.04,30.83,36.00,20.00,AUTO,0,67,NaN,-1.10,67.69,0.40,66.99,NaN,NaN,NaN,NaN,NaN,NaN,NaN,NaN,NaN,NaN
1336.90,36.06,30.83,36.00,20.00,AUTO,0,67,NaN,-1.10,67.69,0.40,66.99,NaN,NaN,NaN,NaN,NaN,NaN,NaN,NaN,NaN,NaN
1337.91,36.03,30.83,36.00,20.00,AUTO,0,63,NaN,-2.75,67.59,-1.53,63.31,NaN,NaN,NaN,NaN,NaN,NaN,NaN,NaN,NaN,NaN
1338.91,36.03,30.83,36.00,20.00,AUTO,0,63,NaN,-2.75,67.59,-1.53,63.31,NaN,NaN,NaN,NaN,NaN,NaN,NaN,NaN,NaN,NaN
1339.91,36.03,30.83,36.00,20.00,AUTO,0,63,NaN,-2.75,67.59,-1.53,63.31,NaN,NaN,NaN,NaN,NaN,NaN,NaN,NaN,NaN,NaN
1340.91,36.02,30.83,36.00,20.00,AUTO,0,63,NaN,-2.75,67.59,-1.53,63.31,NaN,NaN,NaN,NaN,NaN,NaN,NaN,NaN,NaN,NaN
1341.91,36.02,30.83,36.00,20.00,AUTO,0,63,NaN,-2.75,67.59,-1.53,63.31,NaN,NaN,NaN,NaN,NaN,NaN,NaN,NaN,NaN,NaN
1342.91,36.03,30.83,36.00,20.00,AUTO,0,63,NaN,-2.75,67.59,-1.53,63.31,NaN,NaN,NaN,NaN,NaN,NaN,NaN,NaN,NaN,NaN
1343.92,36.02,30.83,36.00,20.00,AUTO,0,63,NaN,-2.75,67.59,-1.53,63.31,NaN,NaN,NaN,NaN,NaN,NaN,NaN,NaN,NaN,NaN
1344.91,36.02,30.83,36.00,20.00,AUTO,0,63,NaN,-2.75,67.59,-1.53,63.31,NaN,NaN,NaN,NaN,NaN,NaN,NaN,NaN,NaN,NaN
1345.92,36.03,30.83,36.00,20.00,AUTO,0,63,NaN,-2.75,67.59,-1.53,63.31,NaN,NaN,NaN,NaN,NaN,NaN,NaN,NaN,NaN,NaN
1346.92,36.02,30.83,36.00,20.00,AUTO,0,63,NaN,-2.75,67.59,-1.53,63.31,NaN,NaN,NaN,NaN,NaN,NaN,NaN,NaN,NaN,NaN
1347.92,36.03,30.83,36.00,20.00,AUTO,0,63,NaN,-2.75,67.59,-1.53,63.31,NaN,NaN,NaN,NaN,NaN,NaN,NaN,NaN,NaN,NaN
1348.92,36.06,30.87,36.00,20.00,AUTO,0,63,NaN,-2.75,67.59,-1.53,63.31,NaN,NaN,NaN,NaN,NaN,NaN,NaN,NaN,NaN,NaN
1349.92,36.07,30.83,36.00,20.00,AUTO,0,63,NaN,-2.75,67.59,-1.53,63.31,NaN,NaN,NaN,NaN,NaN,NaN,NaN,NaN,NaN,NaN
1350.92,36.07,30.83,36.00,20.00,AUTO,0,63,NaN,-2.75,67.59,-1.53,63.31,NaN,NaN,NaN,NaN,NaN,NaN,NaN,NaN,NaN,NaN
1351.93,36.07,30.83,36.00,20.00,AUTO,0,63,NaN,-2.75,67.59,-1.53,63.31,NaN,NaN,NaN,NaN,NaN,NaN,NaN,NaN,NaN,NaN
1352.93,36.06,30.83,36.00,20.00,AUTO,0,62,NaN,-3.85,67.40,-1.69,61.85,NaN,NaN,NaN,NaN,NaN,NaN,NaN,NaN,NaN,NaN
1353.93,36.04,30.83,36.00,20.00,AUTO,0,62,NaN,-3.85,67.40,-1.69,61.85,NaN,NaN,NaN,NaN,NaN,NaN,NaN,NaN,NaN,NaN
1354.93,36.04,30.83,36.00,20.00,AUTO,0,62,NaN,-3.85,67.40,-1.69,61.85,NaN,NaN,NaN,NaN,NaN,NaN,NaN,NaN,NaN,NaN
1355.93,36.04,30.83,36.00,20.00,AUTO,0,62,NaN,-3.85,67.40,-1.69,61.85,NaN,NaN,NaN,NaN,NaN,NaN,NaN,NaN,NaN,NaN
1356.94,36.03,30.83,36.00,20.00,AUTO,0,62,NaN,-3.85,67.40,-1.69,61.85,NaN,NaN,NaN,NaN,NaN,NaN,NaN,NaN,NaN,NaN
1357.94,36.04,30.87,36.00,20.00,AUTO,0,62,NaN,-3.85,67.40,-1.69,61.85,NaN,NaN,NaN,NaN,NaN,NaN,NaN,NaN,NaN,NaN
1358.94,36.04,30.83,36.00,20.00,AUTO,0,62,NaN,-3.85,67.40,-1.69,61.85,NaN,NaN,NaN,NaN,NaN,NaN,NaN,NaN,NaN,NaN
1359.94,36.04,30.87,36.00,20.00,AUTO,0,62,NaN,-3.85,67.40,-1.69,61.85,NaN,NaN,NaN,NaN,NaN,NaN,NaN,NaN,NaN,NaN
1360.94,36.04,30.87,36.00,20.00,AUTO,0,62,NaN,-3.85,67.40,-1.69,61.85,NaN,NaN,NaN,NaN,NaN,NaN,NaN,NaN,NaN,NaN
1361.94,36.04,30.87,36.00,20.00,AUTO,0,62,NaN,-3.85,67.40,-1.69,61.85,NaN,NaN,NaN,NaN,NaN,NaN,NaN,NaN,NaN,NaN
1362.94,36.06,30.87,36.00,20.00,AUTO,0,62,NaN,-3.85,67.40,-1.69,61.85,NaN,NaN,NaN,NaN,NaN,NaN,NaN,NaN,NaN,NaN
1363.94,36.07,30.87,36.00,20.00,AUTO,0,62,NaN,-3.85,67.40,-1.69,61.85,NaN,NaN,NaN,NaN,NaN,NaN,NaN,NaN,NaN,NaN
1364.95,36.08,30.83,36.00,20.00,AUTO,0,62,NaN,-3.85,67.40,-1.69,61.85,NaN,NaN,NaN,NaN,NaN,NaN,NaN,NaN,NaN,NaN
1365.95,36.08,30.83,36.00,20.00,AUTO,0,62,NaN,-3.85,67.40,-1.69,61.85,NaN,NaN,NaN,NaN,NaN,NaN,NaN,NaN,NaN,NaN
1366.95,36.08,30.83,36.00,20.00,AUTO,0,62,NaN,-3.85,67.40,-1.69,61.85,NaN,NaN,NaN,NaN,NaN,NaN,NaN,NaN,NaN,NaN
1367.95,36.07,30.83,36.00,20.00,AUTO,0,62,NaN,-4.40,67.12,-1.05,61.68,NaN,NaN,NaN,NaN,NaN,NaN,NaN,NaN,NaN,NaN
1368.95,36.06,30.83,36.00,20.00,AUTO,0,62,NaN,-4.40,67.12,-1.05,61.68,NaN,NaN,NaN,NaN,NaN,NaN,NaN,NaN,NaN,NaN
1369.96,36.06,30.83,36.00,20.00,AUTO,0,62,NaN,-4.40,67.12,-1.05,61.68,NaN,NaN,NaN,NaN,NaN,NaN,NaN,NaN,NaN,NaN
1370.96,36.06,30.87,36.00,20.00,AUTO,0,62,NaN,-4.40,67.12,-1.05,61.68,NaN,NaN,NaN,NaN,NaN,NaN,NaN,NaN,NaN,NaN
1371.96,36.06,30.87,36.00,20.00,AUTO,0,62,NaN,-4.40,67.12,-1.05,61.68,NaN,NaN,NaN,NaN,NaN,NaN,NaN,NaN,NaN,NaN
1372.96,36.04,30.87,36.00,20.00,AUTO,0,62,NaN,-4.40,67.12,-1.05,61.68,NaN,NaN,NaN,NaN,NaN,NaN,NaN,NaN,NaN,NaN
1373.96,36.06,30.87,36.00,20.00,AUTO,0,62,NaN,-4.40,67.12,-1.05,61.68,NaN,NaN,NaN,NaN,NaN,NaN,NaN,NaN,NaN,NaN
1374.96,36.04,30.87,36.00,20.00,AUTO,0,62,NaN,-4.40,67.12,-1.05,61.68,NaN,NaN,NaN,NaN,NaN,NaN,NaN,NaN,NaN,NaN
1375.97,36.04,30.87,36.00,20.00,AUTO,0,62,NaN,-4.40,67.12,-1.05,61.68,NaN,NaN,NaN,NaN,NaN,NaN,NaN,NaN,NaN,NaN
1376.96,36.04,30.87,36.00,20.00,AUTO,0,62,NaN,-4.40,67.12,-1.05,61.68,NaN,NaN,NaN,NaN,NaN,NaN,NaN,NaN,NaN,NaN
1377.97,36.06,30.87,36.00,20.00,AUTO,0,62,NaN,-4.40,67.12,-1.05,61.68,NaN,NaN,NaN,NaN,NaN,NaN,NaN,NaN,NaN,NaN
1378.97,36.07,30.87,36.00,20.00,AUTO,0,62,NaN,-4.40,67.12,-1.05,61.68,NaN,NaN,NaN,NaN,NaN,NaN,NaN,NaN,NaN,NaN
1379.97,36.08,30.87,36.00,20.00,AUTO,0,62,NaN,-4.40,67.12,-1.05,61.68,NaN,NaN,NaN,NaN,NaN,NaN,NaN,NaN,NaN,NaN
1380.97,36.08,30.87,36.00,20.00,AUTO,0,62,NaN,-4.40,67.12,-1.05,61.68,NaN,NaN,NaN,NaN,NaN,NaN,NaN,NaN,NaN,NaN
1381.97,36.08,30.87,36.00,20.00,AUTO,0,62,NaN,-4.40,67.12,-1.05,61.68,NaN,NaN,NaN,NaN,NaN,NaN,NaN,NaN,NaN,NaN
1382.98,36.07,30.87,36.00,20.00,AUTO,0,63,NaN,-4.40,66.81,0.30,62.71,NaN,NaN,NaN,NaN,NaN,NaN,NaN,NaN,NaN,NaN
1383.98,36.06,30.87,36.00,20.00,AUTO,0,63,NaN,-4.40,66.81,0.30,62.71,NaN,NaN,NaN,NaN,NaN,NaN,NaN,NaN,NaN,NaN
1384.98,36.06,30.87,36.00,20.00,AUTO,0,63,NaN,-4.40,66.81,0.30,62.71,NaN,NaN,NaN,NaN,NaN,NaN,NaN,NaN,NaN,NaN
1385.98,36.04,30.87,36.00,20.00,AUTO,0,63,NaN,-4.40,66.81,0.30,62.71,NaN,NaN,NaN,NaN,NaN,NaN,NaN,NaN,NaN,NaN
1386.98,36.04,30.90,36.00,20.00,AUTO,0,63,NaN,-4.40,66.81,0.30,62.71,NaN,NaN,NaN,NaN,NaN,NaN,NaN,NaN,NaN,NaN
1387.98,36.04,30.90,36.00,20.00,AUTO,0,63,NaN,-4.40,66.81,0.30,62.71,NaN,NaN,NaN,NaN,NaN,NaN,NaN,NaN,NaN,NaN
1388.99,36.04,30.90,36.00,20.00,AUTO,0,63,NaN,-4.40,66.81,0.30,62.71,NaN,NaN,NaN,NaN,NaN,NaN,NaN,NaN,NaN,NaN
1389.99,36.03,30.90,36.00,20.00,AUTO,0,63,NaN,-4.40,66.81,0.30,62.71,NaN,NaN,NaN,NaN,NaN,NaN,NaN,NaN,NaN,NaN
1390.99,36.04,30.90,36.00,20.00,AUTO,0,63,NaN,-4.40,66.81,0.30,62.71,NaN,NaN,NaN,NaN,NaN,NaN,NaN,NaN,NaN,NaN
1391.99,36.03,30.90,36.00,20.00,AUTO,0,63,NaN,-4.40,66.81,0.30,62.71,NaN,NaN,NaN,NaN,NaN,NaN,NaN,NaN,NaN,NaN
1392.99,36.04,30.90,36.00,20.00,AUTO,0,63,NaN,-4.40,66.81,0.30,62.71,NaN,NaN,NaN,NaN,NaN,NaN,NaN,NaN,NaN,NaN
1393.99,36.06,30.95,36.00,20.00,AUTO,0,63,NaN,-4.40,66.81,0.30,62.71,NaN,NaN,NaN,NaN,NaN,NaN,NaN,NaN,NaN,NaN
1394.99,36.06,30.90,36.00,20.00,AUTO,0,63,NaN,-4.40,66.81,0.30,62.71,NaN,NaN,NaN,NaN,NaN,NaN,NaN,NaN,NaN,NaN
1395.99,36.07,30.90,36.00,20.00,AUTO,0,63,NaN,-4.40,66.81,0.30,62.71,NaN,NaN,NaN,NaN,NaN,NaN,NaN,NaN,NaN,NaN
1397.00,36.06,30.95,36.00,20.00,AUTO,0,63,NaN,-4.40,66.81,0.30,62.71,NaN,NaN,NaN,NaN,NaN,NaN,NaN,NaN,NaN,NaN
1398.00,36.06,30.95,36.00,20.00,AUTO,0,64,NaN,-3.58,66.55,1.49,64.46,NaN,NaN,NaN,NaN,NaN,NaN,NaN,NaN,NaN,NaN
1399.00,36.04,30.95,36.00,20.00,AUTO,0,64,NaN,-3.58,66.55,1.49,64.46,NaN,NaN,NaN,NaN,NaN,NaN,NaN,NaN,NaN,NaN
1400.00,36.04,30.90,36.00,20.00,AUTO,0,64,NaN,-3.58,66.55,1.49,64.46,NaN,NaN,NaN,NaN,NaN,NaN,NaN,NaN,NaN,NaN
1401.00,36.03,30.95,36.00,20.00,AUTO,0,64,NaN,-3.58,66.55,1.49,64.46,NaN,NaN,NaN,NaN,NaN,NaN,NaN,NaN,NaN,NaN
1402.01,36.03,30.95,36.00,20.00,AUTO,0,64,NaN,-3.58,66.55,1.49,64.46,NaN,NaN,NaN,NaN,NaN,NaN,NaN,NaN,NaN,NaN
1403.01,36.03,30.95,36.00,20.00,AUTO,0,64,NaN,-3.58,66.55,1.49,64.46,NaN,NaN,NaN,NaN,NaN,NaN,NaN,NaN,NaN,NaN
1404.01,36.03,30.95,36.00,20.00,AUTO,0,64,NaN,-3.58,66.55,1.49,64.46,NaN,NaN,NaN,NaN,NaN,NaN,NaN,NaN,NaN,NaN
1405.01,36.02,30.95,36.00,20.00,AUTO,0,64,NaN,-3.58,66.55,1.49,64.46,NaN,NaN,NaN,NaN,NaN,NaN,NaN,NaN,NaN,NaN
1406.01,36.01,30.95,36.00,20.00,AUTO,0,64,NaN,-3.58,66.55,1.49,64.46,NaN,NaN,NaN,NaN,NaN,NaN,NaN,NaN,NaN,NaN
1407.01,36.01,30.99,36.00,20.00,AUTO,0,64,NaN,-3.58,66.55,1.49,64.46,NaN,NaN,NaN,NaN,NaN,NaN,NaN,NaN,NaN,NaN
1408.01,36.03,30.99,36.00,20.00,AUTO,0,64,NaN,-3.58,66.55,1.49,64.46,NaN,NaN,NaN,NaN,NaN,NaN,NaN,NaN,NaN,NaN
1409.02,36.03,30.99,36.00,20.00,AUTO,0,64,NaN,-3.58,66.55,1.49,64.46,NaN,NaN,NaN,NaN,NaN,NaN,NaN,NaN,NaN,NaN
1410.01,36.02,30.99,36.00,20.00,AUTO,0,64,NaN,-3.58,66.55,1.49,64.46,NaN,NaN,NaN,NaN,NaN,NaN,NaN,NaN,NaN,NaN
1411.02,36.02,30.99,36.00,20.00,AUTO,0,64,NaN,-3.58,66.55,1.49,64.46,NaN,NaN,NaN,NaN,NaN,NaN,NaN,NaN,NaN,NaN
1412.02,36.02,31.03,36.00,20.00,AUTO,0,64,NaN,-3.58,66.55,1.49,64.46,NaN,NaN,NaN,NaN,NaN,NaN,NaN,NaN,NaN,NaN
1413.02,36.01,31.03,36.00,20.00,AUTO,0,68,NaN,-1.10,66.40,2.95,68.25,NaN,NaN,NaN,NaN,NaN,NaN,NaN,NaN,NaN,NaN
1414.02,36.01,31.03,36.00,20.00,AUTO,0,68,NaN,-1.10,66.40,2.95,68.25,NaN,NaN,NaN,NaN,NaN,NaN,NaN,NaN,NaN,NaN
1415.02,36.01,31.03,36.00,20.00,AUTO,0,68,NaN,-1.10,66.40,2.95,68.25,NaN,NaN,NaN,NaN,NaN,NaN,NaN,NaN,NaN,NaN
1416.03,36.01,31.03,36.00,20.00,AUTO,0,68,NaN,-1.10,66.40,2.95,68.25,NaN,NaN,NaN,NaN,NaN,NaN,NaN,NaN,NaN,NaN
1417.03,36.01,31.03,36.00,20.00,AUTO,0,68,NaN,-1.10,66.40,2.95,68.25,NaN,NaN,NaN,NaN,NaN,NaN,NaN,NaN,NaN,NaN
1418.03,36.01,31.03,36.00,20.00,AUTO,0,68,NaN,-1.10,66.40,2.95,68.25,NaN,NaN,NaN,NaN,NaN,NaN,NaN,NaN,NaN,NaN
1419.03,36.01,31.03,36.00,20.00,AUTO,0,68,NaN,-1.10,66.40,2.95,68.25,NaN,NaN,NaN,NaN,NaN,NaN,NaN,NaN,NaN,NaN
1420.03,36.01,31.03,36.00,20.00,AUTO,0,68,NaN,-1.10,66.40,2.95,68.25,NaN,NaN,NaN,NaN,NaN,NaN,NaN,NaN,NaN,NaN
1421.03,36.01,31.03,36.00,20.00,AUTO,0,68,NaN,-1.10,66.40,2.95,68.25,NaN,NaN,NaN,NaN,NaN,NaN,NaN,NaN,NaN,NaN
1422.04,36.00,31.03,36.00,20.00,AUTO,0,68,NaN,-1.10,66.40,2.95,68.25,NaN,NaN,NaN,NaN,NaN,NaN,NaN,NaN,NaN,NaN
1423.04,36.00,31.03,36.00,20.00,AUTO,0,68,NaN,-1.10,66.40,2.95,68.25,NaN,NaN,NaN,NaN,NaN,NaN,NaN,NaN,NaN,NaN
1424.04,36.01,31.03,36.00,20.00,AUTO,0,68,NaN,-1.10,66.40,2.95,68.25,NaN,NaN,NaN,NaN,NaN,NaN,NaN,NaN,NaN,NaN
1425.04,36.01,31.03,36.00,20.00,AUTO,0,68,NaN,-1.10,66.40,2.95,68.25,NaN,NaN,NaN,NaN,NaN,NaN,NaN,NaN,NaN,NaN
1426.04,36.01,31.03,36.00,20.00,AUTO,0,68,NaN,-1.10,66.40,2.95,68.25,NaN,NaN,NaN,NaN,NaN,NaN,NaN,NaN,NaN,NaN
1427.05,36.01,31.03,36.00,20.00,AUTO,0,68,NaN,-1.10,66.40,2.95,68.25,NaN,NaN,NaN,NaN,NaN,NaN,NaN,NaN,NaN,NaN
1428.04,36.01,31.03,36.00,20.00,AUTO,0,67,NaN,-0.55,66.36,1.18,66.99,NaN,NaN,NaN,NaN,NaN,NaN,NaN,NaN,NaN,NaN
1429.05,36.01,31.03,36.00,20.00,AUTO,0,67,NaN,-0.55,66.36,1.18,66.99,NaN,NaN,NaN,NaN,NaN,NaN,NaN,NaN,NaN,NaN
1430.05,36.01,31.03,36.00,20.00,AUTO,0,67,NaN,-0.55,66.36,1.18,66.99,NaN,NaN,NaN,NaN,NaN,NaN,NaN,NaN,NaN,NaN
1431.05,36.01,31.03,36.00,20.00,AUTO,0,67,NaN,-0.55,66.36,1.18,66.99,NaN,NaN,NaN,NaN,NaN,NaN,NaN,NaN,NaN,NaN
1432.05,36.01,31.03,36.00,20.00,AUTO,0,67,NaN,-0.55,66.36,1.18,66.99,NaN,NaN,NaN,NaN,NaN,NaN,NaN,NaN,NaN,NaN
1433.05,36.01,31.03,36.00,20.00,AUTO,0,67,NaN,-0.55,66.36,1.18,66.99,NaN,NaN,NaN,NaN,NaN,NaN,NaN,NaN,NaN,NaN
1434.06,36.01,31.03,36.00,20.00,AUTO,0,67,NaN,-0.55,66.36,1.18,66.99,NaN,NaN,NaN,NaN,NaN,NaN,NaN,NaN,NaN,NaN
1435.06,36.01,31.03,36.00,20.00,AUTO,0,67,NaN,-0.55,66.36,1.18,66.99,NaN,NaN,NaN,NaN,NaN,NaN,NaN,NaN,NaN,NaN
1436.06,36.01,31.03,36.00,20.00,AUTO,0,67,NaN,-0.55,66.36,1.18,66.99,NaN,NaN,NaN,NaN,NaN,NaN,NaN,NaN,NaN,NaN
1437.06,36.01,31.03,36.00,20.00,AUTO,0,67,NaN,-0.55,66.36,1.18,66.99,NaN,NaN,NaN,NaN,NaN,NaN,NaN,NaN,NaN,NaN
1438.06,36.01,31.03,36.00,20.00,AUTO,0,67,NaN,-0.55,66.36,1.18,66.99,NaN,NaN,NaN,NaN,NaN,NaN,NaN,NaN,NaN,NaN
1439.06,36.01,31.03,36.00,20.00,AUTO,0,67,NaN,-0.55,66.36,1.18,66.99,NaN,NaN,NaN,NaN,NaN,NaN,NaN,NaN,NaN,NaN
1440.06,36.03,31.03,36.00,20.00,AUTO,0,67,NaN,-0.55,66.36,1.18,66.99,NaN,NaN,NaN,NaN,NaN,NaN,NaN,NaN,NaN,NaN
1441.07,36.03,31.03,36.00,20.00,AUTO,0,67,NaN,-0.55,66.36,1.18,66.99,NaN,NaN,NaN,NaN,NaN,NaN,NaN,NaN,NaN,NaN
1442.06,36.03,31.03,36.00,20.00,AUTO,0,67,NaN,-0.55,66.36,1.18,66.99,NaN,NaN,NaN,NaN,NaN,NaN,NaN,NaN,NaN,NaN
1443.07,36.02,31.03,36.00,20.00,AUTO,0,64,NaN,-1.65,66.28,-1.09,63.54,NaN,NaN,NaN,NaN,NaN,NaN,NaN,NaN,NaN,NaN
1444.07,36.02,31.03,36.00,20.00,AUTO,0,64,NaN,-1.65,66.28,-1.09,63.54,NaN,NaN,NaN,NaN,NaN,NaN,NaN,NaN,NaN,NaN
1445.07,36.02,31.03,36.00,20.00,AUTO,0,64,NaN,-1.65,66.28,-1.09,63.54,NaN,NaN,NaN,NaN,NaN,NaN,NaN,NaN,NaN,NaN
1446.07,36.01,31.03,36.00,20.00,AUTO,0,64,NaN,-1.65,66.28,-1.09,63.54,NaN,NaN,NaN,NaN,NaN,NaN,NaN,NaN,NaN,NaN
1447.07,36.01,31.03,36.00,20.00,AUTO,0,64,NaN,-1.65,66.28,-1.09,63.54,NaN,NaN,NaN,NaN,NaN,NaN,NaN,NaN,NaN,NaN
1448.08,36.01,31.03,36.00,20.00,AUTO,0,64,NaN,-1.65,66.28,-1.09,63.54,NaN,NaN,NaN,NaN,NaN,NaN,NaN,NaN,NaN,NaN
1449.08,36.01,31.03,36.00,20.00,AUTO,0,64,NaN,-1.65,66.28,-1.09,63.54,NaN,NaN,NaN,NaN,NaN,NaN,NaN,NaN,NaN,NaN
1450.08,36.02,31.03,36.00,20.00,AUTO,0,64,NaN,-1.65,66.28,-1.09,63.54,NaN,NaN,NaN,NaN,NaN,NaN,NaN,NaN,NaN,NaN
1451.08,36.03,31.03,36.00,20.00,AUTO,0,64,NaN,-1.65,66.28,-1.09,63.54,NaN,NaN,NaN,NaN,NaN,NaN,NaN,NaN,NaN,NaN
1452.08,36.03,31.03,36.00,20.00,AUTO,0,64,NaN,-1.65,66.28,-1.09,63.54,NaN,NaN,NaN,NaN,NaN,NaN,NaN,NaN,NaN,NaN
1453.08,36.03,31.03,36.00,20.00,AUTO,0,64,NaN,-1.65,66.28,-1.09,63.54,NaN,NaN,NaN,NaN,NaN,NaN,NaN,NaN,NaN,NaN
1454.09,36.04,31.03,36.00,20.00,AUTO,0,64,NaN,-1.65,66.28,-1.09,63.54,NaN,NaN,NaN,NaN,NaN,NaN,NaN,NaN,NaN,NaN
1455.09,36.04,31.03,36.00,20.00,AUTO,0,64,NaN,-1.65,66.28,-1.09,63.54,NaN,NaN,NaN,NaN,NaN,NaN,NaN,NaN,NaN,NaN
1456.09,36.06,31.03,36.00,20.00,AUTO,0,64,NaN,-1.65,66.28,-1.09,63.54,NaN,NaN,NaN,NaN,NaN,NaN,NaN,NaN,NaN,NaN
1457.09,36.07,31.03,36.00,20.00,AUTO,0,64,NaN,-1.65,66.28,-1.09,63.54,NaN,NaN,NaN,NaN,NaN,NaN,NaN,NaN,NaN,NaN
1458.09,36.06,31.03,36.00,20.00,AUTO,0,60,NaN,-3.58,66.14,-2.19,60.37,NaN,NaN,NaN,NaN,NaN,NaN,NaN,NaN,NaN,NaN
1459.09,36.04,31.03,36.00,20.00,AUTO,0,60,NaN,-3.58,66.14,-2.19,60.37,NaN,NaN,NaN,NaN,NaN,NaN,NaN,NaN,NaN,NaN
1460.09,36.06,31.03,36.00,20.00,AUTO,0,60,NaN,-3.58,66.14,-2.19,60.37,NaN,NaN,NaN,NaN,NaN,NaN,NaN,NaN,NaN,NaN
1461.09,36.04,31.03,36.00,20.00,AUTO,0,60,NaN,-3.58,66.14,-2.19,60.37,NaN,NaN,NaN,NaN,NaN,NaN,NaN,NaN,NaN,NaN
1462.10,36.06,31.03,36.00,20.00,AUTO,0,60,NaN,-3.58,66.14,-2.19,60.37,NaN,NaN,NaN,NaN,NaN,NaN,NaN,NaN,NaN,NaN
1463.10,36.06,31.03,36.00,20.00,AUTO,0,60,NaN,-3.58,66.14,-2.19,60.37,NaN,NaN,NaN,NaN,NaN,NaN,NaN,NaN,NaN,NaN
1464.10,36.06,31.03,36.00,20.00,AUTO,0,60,NaN,-3.58,66.14,-2.19,60.37,NaN,NaN,NaN,NaN,NaN,NaN,NaN,NaN,NaN,NaN
1465.10,36.06,31.03,36.00,20.00,AUTO,0,60,NaN,-3.58,66.14,-2.19,60.37,NaN,NaN,NaN,NaN,NaN,NaN,NaN,NaN,NaN,NaN
1466.10,36.06,31.03,36.00,20.00,AUTO,0,60,NaN,-3.58,66.14,-2.19,60.37,NaN,NaN,NaN,NaN,NaN,NaN,NaN,NaN,NaN,NaN
1467.11,36.06,31.03,36.00,20.00,AUTO,0,60,NaN,-3.58,66.14,-2.19,60.37,NaN,NaN,NaN,NaN,NaN,NaN,NaN,NaN,NaN,NaN
1468.11,36.07,31.03,36.00,20.00,AUTO,0,60,NaN,-3.58,66.14,-2.19,60.37,NaN,NaN,NaN,NaN,NaN,NaN,NaN,NaN,NaN,NaN
1469.11,36.08,31.03,36.00,20.00,AUTO,0,60,NaN,-3.58,66.14,-2.19,60.37,NaN,NaN,NaN,NaN,NaN,NaN,NaN,NaN,NaN,NaN
1470.11,36.08,31.03,36.00,20.00,AUTO,0,60,NaN,-3.58,66.14,-2.19,60.37,NaN,NaN,NaN,NaN,NaN,NaN,NaN,NaN,NaN,NaN
1471.11,36.09,31.03,36.00,20.00,AUTO,0,60,NaN,-3.58,66.14,-2.19,60.37,NaN,NaN,NaN,NaN,NaN,NaN,NaN,NaN,NaN,NaN
1472.11,36.09,31.03,36.00,20.00,AUTO,0,60,NaN,-3.58,66.14,-2.19,60.37,NaN,NaN,NaN,NaN,NaN,NaN,NaN,NaN,NaN,NaN
1473.12,36.07,31.03,36.00,20.00,AUTO,0,58,NaN,-4.95,65.80,-2.75,58.10,NaN,NaN,NaN,NaN,NaN,NaN,NaN,NaN,NaN,NaN
1474.12,36.08,31.03,36.00,20.00,AUTO,0,58,NaN,-4.95,65.80,-2.75,58.10,NaN,NaN,NaN,NaN,NaN,NaN,NaN,NaN,NaN,NaN
1475.12,36.07,31.03,36.00,20.00,AUTO,0,58,NaN,-4.95,65.80,-2.75,58.10,NaN,NaN,NaN,NaN,NaN,NaN,NaN,NaN,NaN,NaN
1476.12,36.07,31.03,36.00,20.00,AUTO,0,58,NaN,-4.95,65.80,-2.75,58.10,NaN,NaN,NaN,NaN,NaN,NaN,NaN,NaN,NaN,NaN
1477.12,36.07,31.03,36.00,20.00,AUTO,0,58,NaN,-4.95,65.80,-2.75,58.10,NaN,NaN,NaN,NaN,NaN,NaN,NaN,NaN,NaN,NaN
1478.12,36.07,31.03,36.00,20.00,AUTO,0,58,NaN,-4.95,65.80,-2.75,58.10,NaN,NaN,NaN,NaN,NaN,NaN,NaN,NaN,NaN,NaN
1479.12,36.07,31.03,36.00,20.00,AUTO,0,58,NaN,-4.95,65.80,-2.75,58.10,NaN,NaN,NaN,NaN,NaN,NaN,NaN,NaN,NaN,NaN
1480.13,36.06,31.03,36.00,20.00,AUTO,0,58,NaN,-4.95,65.80,-2.75,58.10,NaN,NaN,NaN,NaN,NaN,NaN,NaN,NaN,NaN,NaN
1481.13,36.06,31.03,36.00,20.00,AUTO,0,58,NaN,-4.95,65.80,-2.75,58.10,NaN,NaN,NaN,NaN,NaN,NaN,NaN,NaN,NaN,NaN
1482.13,36.08,31.03,36.00,20.00,AUTO,0,58,NaN,-4.95,65.80,-2.75,58.10,NaN,NaN,NaN,NaN,NaN,NaN,NaN,NaN,NaN,NaN
1483.13,36.08,31.03,36.00,20.00,AUTO,0,58,NaN,-4.95,65.80,-2.75,58.10,NaN,NaN,NaN,NaN,NaN,NaN,NaN,NaN,NaN,NaN
1484.13,36.08,31.03,36.00,20.00,AUTO,0,58,NaN,-4.95,65.80,-2.75,58.10,NaN,NaN,NaN,NaN,NaN,NaN,NaN,NaN,NaN,NaN
1485.13,36.08,31.03,36.00,20.00,AUTO,0,58,NaN,-4.95,65.80,-2.75,58.10,NaN,NaN,NaN,NaN,NaN,NaN,NaN,NaN,NaN,NaN
1486.14,36.08,31.03,36.00,20.00,AUTO,0,58,NaN,-4.95,65.80,-2.75,58.10,NaN,NaN,NaN,NaN,NaN,NaN,NaN,NaN,NaN,NaN
1487.14,36.08,31.03,36.00,20.00,AUTO,0,58,NaN,-4.95,65.80,-2.75,58.10,NaN,NaN,NaN,NaN,NaN,NaN,NaN,NaN,NaN,NaN
1488.14,36.06,31.03,36.00,20.00,AUTO,0,61,NaN,-4.40,65.41,0.14,61.15,NaN,NaN,NaN,NaN,NaN,NaN,NaN,NaN,NaN,NaN
1489.14,36.06,31.03,36.00,20.00,AUTO,0,61,NaN,-4.40,65.41,0.14,61.15,NaN,NaN,NaN,NaN,NaN,NaN,NaN,NaN,NaN,NaN
1490.14,36.04,31.03,36.00,20.00,AUTO,0,61,NaN,-4.40,65.41,0.14,61.15,NaN,NaN,NaN,NaN,NaN,NaN,NaN,NaN,NaN,NaN
1491.14,36.04,31.07,36.00,20.00,AUTO,0,61,NaN,-4.40,65.41,0.14,61.15,NaN,NaN,NaN,NaN,NaN,NaN,NaN,NaN,NaN,NaN
1492.14,36.06,31.07,36.00,20.00,AUTO,0,61,NaN,-4.40,65.41,0.14,61.15,NaN,NaN,NaN,NaN,NaN,NaN,NaN,NaN,NaN,NaN
1493.14,36.06,31.07,36.00,20.00,AUTO,0,61,NaN,-4.40,65.41,0.14,61.15,NaN,NaN,NaN,NaN,NaN,NaN,NaN,NaN,NaN,NaN
1494.15,36.06,31.07,36.00,20.00,AUTO,0,61,NaN,-4.40,65.41,0.14,61.15,NaN,NaN,NaN,NaN,NaN,NaN,NaN,NaN,NaN,NaN
1495.15,36.07,31.07,36.00,20.00,AUTO,0,61,NaN,-4.40,65.41,0.14,61.15,NaN,NaN,NaN,NaN,NaN,NaN,NaN,NaN,NaN,NaN
1496.15,36.06,31.07,36.00,20.00,AUTO,0,61,NaN,-4.40,65.41,0.14,61.15,NaN,NaN,NaN,NaN,NaN,NaN,NaN,NaN,NaN,NaN
1497.15,36.06,31.07,36.00,20.00,AUTO,0,61,NaN,-4.40,65.41,0.14,61.15,NaN,NaN,NaN,NaN,NaN,NaN,NaN,NaN,NaN,NaN
1498.15,36.07,31.07,36.00,20.00,AUTO,0,61,NaN,-4.40,65.41,0.14,61.15,NaN,NaN,NaN,NaN,NaN,NaN,NaN,NaN,NaN,NaN
1499.15,36.08,31.07,36.00,20.00,AUTO,0,61,NaN,-4.40,65.41,0.14,61.15,NaN,NaN,NaN,NaN,NaN,NaN,NaN,NaN,NaN,NaN
1500.16,36.09,31.07,36.00,20.00,AUTO,0,61,NaN,-4.40,65.41,0.14,61.15,NaN,NaN,NaN,NaN,NaN,NaN,NaN,NaN,NaN,NaN
1501.16,36.09,31.07,36.00,20.00,AUTO,0,61,NaN,-4.40,65.41,0.14,61.15,NaN,NaN,NaN,NaN,NaN,NaN,NaN,NaN,NaN,NaN
1502.16,36.09,31.03,36.00,20.00,AUTO,0,61,NaN,-4.40,65.41,0.14,61.15,NaN,NaN,NaN,NaN,NaN,NaN,NaN,NaN,NaN,NaN
1503.16,36.07,31.03,36.00,20.00,AUTO,0,60,NaN,-4.95,65.06,-0.55,59.57,NaN,NaN,NaN,NaN,NaN,NaN,NaN,NaN,NaN,NaN
1504.16,36.07,31.07,36.00,20.00,AUTO,0,60,NaN,-4.95,65.06,-0.55,59.57,NaN,NaN,NaN,NaN,NaN,NaN,NaN,NaN,NaN,NaN
1505.16,36.06,31.07,36.00,20.00,AUTO,0,60,NaN,-4.95,65.06,-0.55,59.57,NaN,NaN,NaN,NaN,NaN,NaN,NaN,NaN,NaN,NaN
1506.16,36.06,31.07,36.00,20.00,AUTO,0,60,NaN,-4.95,65.06,-0.55,59.57,NaN,NaN,NaN,NaN,NaN,NaN,NaN,NaN,NaN,NaN
1507.17,36.06,31.07,36.00,20.00,AUTO,0,60,NaN,-4.95,65.06,-0.55,59.57,NaN,NaN,NaN,NaN,NaN,NaN,NaN,NaN,NaN,NaN
1508.17,36.06,31.07,36.00,20.00,AUTO,0,60,NaN,-4.95,65.06,-0.55,59.57,NaN,NaN,NaN,NaN,NaN,NaN,NaN,NaN,NaN,NaN
1509.17,36.06,31.07,36.00,20.00,AUTO,0,60,NaN,-4.95,65.06,-0.55,59.57,NaN,NaN,NaN,NaN,NaN,NaN,NaN,NaN,NaN,NaN
1510.17,36.06,31.07,36.00,20.00,AUTO,0,60,NaN,-4.95,65.06,-0.55,59.57,NaN,NaN,NaN,NaN,NaN,NaN,NaN,NaN,NaN,NaN
1511.17,36.07,31.07,36.00,20.00,AUTO,0,60,NaN,-4.95,65.06,-0.55,59.57,NaN,NaN,NaN,NaN,NaN,NaN,NaN,NaN,NaN,NaN
1512.17,36.08,31.07,36.00,20.00,AUTO,0,60,NaN,-4.95,65.06,-0.55,59.57,NaN,NaN,NaN,NaN,NaN,NaN,NaN,NaN,NaN,NaN
1513.18,36.08,31.07,36.00,20.00,AUTO,0,60,NaN,-4.95,65.06,-0.55,59.57,NaN,NaN,NaN,NaN,NaN,NaN,NaN,NaN,NaN,NaN
1514.18,36.08,31.07,36.00,20.00,AUTO,0,60,NaN,-4.95,65.06,-0.55,59.57,NaN,NaN,NaN,NaN,NaN,NaN,NaN,NaN,NaN,NaN
1515.18,36.09,31.07,36.00,20.00,AUTO,0,60,NaN,-4.95,65.06,-0.55,59.57,NaN,NaN,NaN,NaN,NaN,NaN,NaN,NaN,NaN,NaN
1516.18,36.09,31.07,36.00,20.00,AUTO,0,60,NaN,-4.95,65.06,-0.55,59.57,NaN,NaN,NaN,NaN,NaN,NaN,NaN,NaN,NaN,NaN
1517.18,36.08,31.07,36.00,20.00,AUTO,0,60,NaN,-4.95,65.06,-0.55,59.57,NaN,NaN,NaN,NaN,NaN,NaN,NaN,NaN,NaN,NaN
1518.19,36.07,31.07,36.00,20.00,AUTO,0,60,NaN,-4.68,64.69,-0.19,59.83,NaN,NaN,NaN,NaN,NaN,NaN,NaN,NaN,NaN,NaN
1519.19,36.07,31.07,36.00,20.00,AUTO,0,60,NaN,-4.68,64.69,-0.19,59.83,NaN,NaN,NaN,NaN,NaN,NaN,NaN,NaN,NaN,NaN
1520.19,36.06,31.07,36.00,20.00,AUTO,0,60,NaN,-4.68,64.69,-0.19,59.83,NaN,NaN,NaN,NaN,NaN,NaN,NaN,NaN,NaN,NaN
1521.19,36.06,31.07,36.00,20.00,AUTO,0,60,NaN,-4.68,64.69,-0.19,59.83,NaN,NaN,NaN,NaN,NaN,NaN,NaN,NaN,NaN,NaN
1522.19,36.06,31.07,36.00,20.00,AUTO,0,60,NaN,-4.68,64.69,-0.19,59.83,NaN,NaN,NaN,NaN,NaN,NaN,NaN,NaN,NaN,NaN
1523.19,36.04,31.11,36.00,20.00,AUTO,0,60,NaN,-4.68,64.69,-0.19,59.83,NaN,NaN,NaN,NaN,NaN,NaN,NaN,NaN,NaN,NaN
1524.19,36.04,31.11,36.00,20.00,AUTO,0,60,NaN,-4.68,64.69,-0.19,59.83,NaN,NaN,NaN,NaN,NaN,NaN,NaN,NaN,NaN,NaN
1525.19,36.03,31.11,36.00,20.00,AUTO,0,60,NaN,-4.68,64.69,-0.19,59.83,NaN,NaN,NaN,NaN,NaN,NaN,NaN,NaN,NaN,NaN
1526.20,36.03,31.15,36.00,20.00,AUTO,0,60,NaN,-4.68,64.69,-0.19,59.83,NaN,NaN,NaN,NaN,NaN,NaN,NaN,NaN,NaN,NaN
1527.20,36.06,31.11,36.00,20.00,AUTO,0,60,NaN,-4.68,64.69,-0.19,59.83,NaN,NaN,NaN,NaN,NaN,NaN,NaN,NaN,NaN,NaN
1528.20,36.06,31.15,36.00,20.00,AUTO,0,60,NaN,-4.68,64.69,-0.19,59.83,NaN,NaN,NaN,NaN,NaN,NaN,NaN,NaN,NaN,NaN
1529.20,36.06,31.15,36.00,20.00,AUTO,0,60,NaN,-4.68,64.69,-0.19,59.83,NaN,NaN,NaN,NaN,NaN,NaN,NaN,NaN,NaN,NaN
1530.20,36.07,31.15,36.00,20.00,AUTO,0,60,NaN,-4.68,64.69,-0.19,59.83,NaN,NaN,NaN,NaN,NaN,NaN,NaN,NaN,NaN,NaN
1531.20,36.07,31.15,36.00,20.00,AUTO,0,60,NaN,-4.68,64.69,-0.19,59.83,NaN,NaN,NaN,NaN,NaN,NaN,NaN,NaN,NaN,NaN
1532.21,36.06,31.15,36.00,20.00,AUTO,0,60,NaN,-4.68,64.69,-0.19,59.83,NaN,NaN,NaN,NaN,NaN,NaN,NaN,NaN,NaN,NaN
1533.21,36.03,31.15,36.00,20.00,AUTO,0,63,NaN,-3.58,64.40,1.86,62.68,NaN,NaN,NaN,NaN,NaN,NaN,NaN,NaN,NaN,NaN
1534.21,36.03,31.15,36.00,20.00,AUTO,0,63,NaN,-3.58,64.40,1.86,62.68,NaN,NaN,NaN,NaN,NaN,NaN,NaN,NaN,NaN,NaN
1535.21,36.03,31.15,36.00,20.00,AUTO,0,63,NaN,-3.58,64.40,1.86,62.68,NaN,NaN,NaN,NaN,NaN,NaN,NaN,NaN,NaN,NaN
1536.21,36.03,31.15,36.00,20.00,AUTO,0,63,NaN,-3.58,64.40,1.86,62.68,NaN,NaN,NaN,NaN,NaN,NaN,NaN,NaN,NaN,NaN
1537.21,36.02,31.15,36.00,20.00,AUTO,0,63,NaN,-3.58,64.40,1.86,62.68,NaN,NaN,NaN,NaN,NaN,NaN,NaN,NaN,NaN,NaN
1538.21,36.02,31.15,36.00,20.00,AUTO,0,63,NaN,-3.58,64.40,1.86,62.68,NaN,NaN,NaN,NaN,NaN,NaN,NaN,NaN,NaN,NaN
1539.22,36.01,31.19,36.00,20.00,AUTO,0,63,NaN,-3.58,64.40,1.86,62.68,NaN,NaN,NaN,NaN,NaN,NaN,NaN,NaN,NaN,NaN
1540.22,36.01,31.19,36.00,20.00,AUTO,0,63,NaN,-3.58,64.40,1.86,62.68,NaN,NaN,NaN,NaN,NaN,NaN,NaN,NaN,NaN,NaN
1541.22,36.02,31.19,36.00,20.00,AUTO,0,63,NaN,-3.58,64.40,1.86,62.68,NaN,NaN,NaN,NaN,NaN,NaN,NaN,NaN,NaN,NaN
1542.22,36.02,31.19,36.00,20.00,AUTO,0,63,NaN,-3.58,64.40,1.86,62.68,NaN,NaN,NaN,NaN,NaN,NaN,NaN,NaN,NaN,NaN
1543.22,36.03,31.19,36.00,20.00,AUTO,0,63,NaN,-3.58,64.40,1.86,62.68,NaN,NaN,NaN,NaN,NaN,NaN,NaN,NaN,NaN,NaN
1544.22,36.03,31.19,36.00,20.00,AUTO,0,63,NaN,-3.58,64.40,1.86,62.68,NaN,NaN,NaN,NaN,NaN,NaN,NaN,NaN,NaN,NaN
1545.23,36.04,31.19,36.00,20.00,AUTO,0,63,NaN,-3.58,64.40,1.86,62.68,NaN,NaN,NaN,NaN,NaN,NaN,NaN,NaN,NaN,NaN
1546.23,36.06,31.19,36.00,20.00,AUTO,0,63,NaN,-3.58,64.40,1.86,62.68,NaN,NaN,NaN,NaN,NaN,NaN,NaN,NaN,NaN,NaN
1547.23,36.04,31.19,36.00,20.00,AUTO,0,63,NaN,-3.58,64.40,1.86,62.68,NaN,NaN,NaN,NaN,NaN,NaN,NaN,NaN,NaN,NaN
1548.23,36.03,31.19,36.00,20.00,AUTO,0,63,NaN,-2.75,64.25,1.81,63.31,NaN,NaN,NaN,NaN,NaN,NaN,NaN,NaN,NaN,NaN
1549.23,36.03,31.23,36.00,20.00,AUTO,0,63,NaN,-2.75,64.25,1.81,63.31,NaN,NaN,NaN,NaN,NaN,NaN,NaN,NaN,NaN,NaN
1550.23,36.02,31.19,36.00,20.00,AUTO,0,63,NaN,-2.75,64.25,1.81,63.31,NaN,NaN,NaN,NaN,NaN,NaN,NaN,NaN,NaN,NaN
1551.24,36.01,31.23,36.00,20.00,AUTO,0,63,NaN,-2.75,64.25,1.81,63.31,NaN,NaN,NaN,NaN,NaN,NaN,NaN,NaN,NaN,NaN
1552.23,36.01,31.23,36.00,20.00,AUTO,0,63,NaN,-2.75,64.25,1.81,63.31,NaN,NaN,NaN,NaN,NaN,NaN,NaN,NaN,NaN,NaN
1553.24,36.01,31.23,36.00,20.00,AUTO,0,63,NaN,-2.75,64.25,1.81,63.31,NaN,NaN,NaN,NaN,NaN,NaN,NaN,NaN,NaN,NaN
1554.24,36.02,31.23,36.00,20.00,AUTO,0,63,NaN,-2.75,64.25,1.81,63.31,NaN,NaN,NaN,NaN,NaN,NaN,NaN,NaN,NaN,NaN
1555.24,36.02,31.23,36.00,20.00,AUTO,0,63,NaN,-2.75,64.25,1.81,63.31,NaN,NaN,NaN,NaN,NaN,NaN,NaN,NaN,NaN,NaN
1556.24,36.03,31.23,36.00,20.00,AUTO,0,63,NaN,-2.75,64.25,1.81,63.31,NaN,NaN,NaN,NaN,NaN,NaN,NaN,NaN,NaN,NaN
1557.24,36.03,31.23,36.00,20.00,AUTO,0,63,NaN,-2.75,64.25,1.81,63.31,NaN,NaN,NaN,NaN,NaN,NaN,NaN,NaN,NaN,NaN
1558.25,36.04,31.23,36.00,20.00,AUTO,0,63,NaN,-2.75,64.25,1.81,63.31,NaN,NaN,NaN,NaN,NaN,NaN,NaN,NaN,NaN,NaN
1559.25,36.04,31.23,36.00,20.00,AUTO,0,63,NaN,-2.75,64.25,1.81,63.31,NaN,NaN,NaN,NaN,NaN,NaN,NaN,NaN,NaN,NaN
1560.25,36.04,31.23,36.00,20.00,AUTO,0,63,NaN,-2.75,64.25,1.81,63.31,NaN,NaN,NaN,NaN,NaN,NaN,NaN,NaN,NaN,NaN
1561.25,36.04,31.23,36.00,20.00,AUTO,0,63,NaN,-2.75,64.25,1.81,63.31,NaN,NaN,NaN,NaN,NaN,NaN,NaN,NaN,NaN,NaN
1562.25,36.06,31.23,36.00,20.00,AUTO,0,63,NaN,-2.75,64.25,1.81,63.31,NaN,NaN,NaN,NaN,NaN,NaN,NaN,NaN,NaN,NaN
1563.26,36.04,31.23,36.00,20.00,AUTO,0,61,NaN,-2.75,64.10,-0.46,60.89,NaN,NaN,NaN,NaN,NaN,NaN,NaN,NaN,NaN,NaN
1564.26,36.04,31.23,36.00,20.00,AUTO,0,61,NaN,-2.75,64.10,-0.46,60.89,NaN,NaN,NaN,NaN,NaN,NaN,NaN,NaN,NaN,NaN
1565.26,36.04,31.23,36.00,20.00,AUTO,0,61,NaN,-2.75,64.10,-0.46,60.89,NaN,NaN,NaN,NaN,NaN,NaN,NaN,NaN,NaN,NaN
1566.26,36.03,31.23,36.00,20.00,AUTO,0,61,NaN,-2.75,64.10,-0.46,60.89,NaN,NaN,NaN,NaN,NaN,NaN,NaN,NaN,NaN,NaN
1567.26,36.04,31.23,36.00,20.00,AUTO,0,61,NaN,-2.75,64.10,-0.46,60.89,NaN,NaN,NaN,NaN,NaN,NaN,NaN,NaN,NaN,NaN
1568.26,36.04,31.23,36.00,20.00,AUTO,0,61,NaN,-2.75,64.10,-0.46,60.89,NaN,NaN,NaN,NaN,NaN,NaN,NaN,NaN,NaN,NaN
1569.26,36.03,31.23,36.00,20.00,AUTO,0,61,NaN,-2.75,64.10,-0.46,60.89,NaN,NaN,NaN,NaN,NaN,NaN,NaN,NaN,NaN,NaN
1570.26,36.03,31.23,36.00,20.00,AUTO,0,61,NaN,-2.75,64.10,-0.46,60.89,NaN,NaN,NaN,NaN,NaN,NaN,NaN,NaN,NaN,NaN
1571.26,36.04,31.23,36.00,20.00,AUTO,0,61,NaN,-2.75,64.10,-0.46,60.89,NaN,NaN,NaN,NaN,NaN,NaN,NaN,NaN,NaN,NaN
1572.27,36.04,31.23,36.00,20.00,AUTO,0,61,NaN,-2.75,64.10,-0.46,60.89,NaN,NaN,NaN,NaN,NaN,NaN,NaN,NaN,NaN,NaN
1573.27,36.06,31.23,36.00,20.00,AUTO,0,61,NaN,-2.75,64.10,-0.46,60.89,NaN,NaN,NaN,NaN,NaN,NaN,NaN,NaN,NaN,NaN
1574.27,36.06,31.23,36.00,20.00,AUTO,0,61,NaN,-2.75,64.10,-0.46,60.89,NaN,NaN,NaN,NaN,NaN,NaN,NaN,NaN,NaN,NaN
1575.27,36.06,31.23,36.00,20.00,AUTO,0,61,NaN,-2.75,64.10,-0.46,60.89,NaN,NaN,NaN,NaN,NaN,NaN,NaN,NaN,NaN,NaN
1576.27,36.06,31.23,36.00,20.00,AUTO,0,61,NaN,-2.75,64.10,-0.46,60.89,NaN,NaN,NaN,NaN,NaN,NaN,NaN,NaN,NaN,NaN
1577.28,36.06,31.23,36.00,20.00,AUTO,0,61,NaN,-2.75,64.10,-0.46,60.89,NaN,NaN,NaN,NaN,NaN,NaN,NaN,NaN,NaN,NaN
1578.28,36.03,31.23,36.00,20.00,AUTO,0,59,NaN,-3.30,63.86,-1.11,59.46,NaN,NaN,NaN,NaN,NaN,NaN,NaN,NaN,NaN,NaN
1579.28,36.03,31.23,36.00,20.00,AUTO,0,59,NaN,-3.30,63.86,-1.11,59.46,NaN,NaN,NaN,NaN,NaN,NaN,NaN,NaN,NaN,NaN
1580.28,36.03,31.23,36.00,20.00,AUTO,0,59,NaN,-3.30,63.86,-1.11,59.46,NaN,NaN,NaN,NaN,NaN,NaN,NaN,NaN,NaN,NaN
1581.28,36.03,31.23,36.00,20.00,AUTO,0,59,NaN,-3.30,63.86,-1.11,59.46,NaN,NaN,NaN,NaN,NaN,NaN,NaN,NaN,NaN,NaN
1582.28,36.03,31.23,36.00,20.00,AUTO,0,59,NaN,-3.30,63.86,-1.11,59.46,NaN,NaN,NaN,NaN,NaN,NaN,NaN,NaN,NaN,NaN
1583.28,36.03,31.23,36.00,20.00,AUTO,0,59,NaN,-3.30,63.86,-1.11,59.46,NaN,NaN,NaN,NaN,NaN,NaN,NaN,NaN,NaN,NaN
1584.28,36.03,31.27,36.00,20.00,AUTO,0,59,NaN,-3.30,63.86,-1.11,59.46,NaN,NaN,NaN,NaN,NaN,NaN,NaN,NaN,NaN,NaN
1585.29,36.03,31.27,36.00,20.00,AUTO,0,59,NaN,-3.30,63.86,-1.11,59.46,NaN,NaN,NaN,NaN,NaN,NaN,NaN,NaN,NaN,NaN
1586.29,36.04,31.27,36.00,20.00,AUTO,0,59,NaN,-3.30,63.86,-1.11,59.46,NaN,NaN,NaN,NaN,NaN,NaN,NaN,NaN,NaN,NaN
1587.29,36.07,31.27,36.00,20.00,AUTO,0,59,NaN,-3.30,63.86,-1.11,59.46,NaN,NaN,NaN,NaN,NaN,NaN,NaN,NaN,NaN,NaN
1588.29,36.06,31.27,36.00,20.00,AUTO,0,59,NaN,-3.30,63.86,-1.11,59.46,NaN,NaN,NaN,NaN,NaN,NaN,NaN,NaN,NaN,NaN
1589.29,36.07,31.27,36.00,20.00,AUTO,0,59,NaN,-3.30,63.86,-1.11,59.46,NaN,NaN,NaN,NaN,NaN,NaN,NaN,NaN,NaN,NaN
1590.30,36.08,31.23,36.00,20.00,AUTO,0,59,NaN,-3.30,63.86,-1.11,59.46,NaN,NaN,NaN,NaN,NaN,NaN,NaN,NaN,NaN,NaN
1591.30,36.07,31.23,36.00,20.00,AUTO,0,59,NaN,-3.30,63.86,-1.11,59.46,NaN,NaN,NaN,NaN,NaN,NaN,NaN,NaN,NaN,NaN
1592.30,36.07,31.23,36.00,20.00,AUTO,0,59,NaN,-3.30,63.86,-1.11,59.46,NaN,NaN,NaN,NaN,NaN,NaN,NaN,NaN,NaN,NaN
1593.30,36.06,31.23,36.00,20.00,AUTO,0,59,NaN,-3.85,63.62,-1.10,58.67,NaN,NaN,NaN,NaN,NaN,NaN,NaN,NaN,NaN,NaN
1594.30,36.06,31.27,36.00,20.00,AUTO,0,59,NaN,-3.85,63.62,-1.10,58.67,NaN,NaN,NaN,NaN,NaN,NaN,NaN,NaN,NaN,NaN
1595.30,36.06,31.23,36.00,20.00,AUTO,0,59,NaN,-3.85,63.62,-1.10,58.67,NaN,NaN,NaN,NaN,NaN,NaN,NaN,NaN,NaN,NaN
1596.31,36.06,31.27,36.00,20.00,AUTO,0,59,NaN,-3.85,63.62,-1.10,58.67,NaN,NaN,NaN,NaN,NaN,NaN,NaN,NaN,NaN,NaN
1597.30,36.06,31.23,36.00,20.00,AUTO,0,59,NaN,-3.85,63.62,-1.10,58.67,NaN,NaN,NaN,NaN,NaN,NaN,NaN,NaN,NaN,NaN
1598.31,36.06,31.23,36.00,20.00,AUTO,0,59,NaN,-3.85,63.62,-1.10,58.67,NaN,NaN,NaN,NaN,NaN,NaN,NaN,NaN,NaN,NaN
1599.31,36.06,31.27,36.00,20.00,AUTO,0,59,NaN,-3.85,63.62,-1.10,58.67,NaN,NaN,NaN,NaN,NaN,NaN,NaN,NaN,NaN,NaN
1600.31,36.07,31.27,36.00,20.00,AUTO,0,59,NaN,-3.85,63.62,-1.10,58.67,NaN,NaN,NaN,NaN,NaN,NaN,NaN,NaN,NaN,NaN
1601.31,36.07,31.23,36.00,20.00,AUTO,0,59,NaN,-3.85,63.62,-1.10,58.67,NaN,NaN,NaN,NaN,NaN,NaN,NaN,NaN,NaN,NaN
1602.31,36.08,31.23,36.00,20.00,AUTO,0,59,NaN,-3.85,63.62,-1.10,58.67,NaN,NaN,NaN,NaN,NaN,NaN,NaN,NaN,NaN,NaN
1603.31,36.10,31.23,36.00,20.00,AUTO,0,59,NaN,-3.85,63.62,-1.10,58.67,NaN,NaN,NaN,NaN,NaN,NaN,NaN,NaN,NaN,NaN
1604.32,36.10,31.23,36.00,20.00,AUTO,0,59,NaN,-3.85,63.62,-1.10,58.67,NaN,NaN,NaN,NaN,NaN,NaN,NaN,NaN,NaN,NaN
1605.32,36.10,31.23,36.00,20.00,AUTO,0,59,NaN,-3.85,63.62,-1.10,58.67,NaN,NaN,NaN,NaN,NaN,NaN,NaN,NaN,NaN,NaN
1606.32,36.10,31.23,36.00,20.00,AUTO,0,59,NaN,-3.85,63.62,-1.10,58.67,NaN,NaN,NaN,NaN,NaN,NaN,NaN,NaN,NaN,NaN
1607.32,36.09,31.23,36.00,20.00,AUTO,0,59,NaN,-3.85,63.62,-1.10,58.67,NaN,NaN,NaN,NaN,NaN,NaN,NaN,NaN,NaN,NaN
1608.33,36.08,31.23,36.00,20.00,AUTO,0,56,NaN,-5.23,63.22,-2.17,55.83,NaN,NaN,NaN,NaN,NaN,NaN,NaN,NaN,NaN,NaN
1609.32,36.08,31.23,36.00,20.00,AUTO,0,56,NaN,-5.23,63.22,-2.17,55.83,NaN,NaN,NaN,NaN,NaN,NaN,NaN,NaN,NaN,NaN
1610.33,36.08,31.23,36.00,20.00,AUTO,0,56,NaN,-5.23,63.22,-2.17,55.83,NaN,NaN,NaN,NaN,NaN,NaN,NaN,NaN,NaN,NaN
1611.33,36.07,31.23,36.00,20.00,AUTO,0,56,NaN,-5.23,63.22,-2.17,55.83,NaN,NaN,NaN,NaN,NaN,NaN,NaN,NaN,NaN,NaN
1612.33,36.07,31.27,36.00,20.00,AUTO,0,56,NaN,-5.23,63.22,-2.17,55.83,NaN,NaN,NaN,NaN,NaN,NaN,NaN,NaN,NaN,NaN
1613.33,36.07,31.27,36.00,20.00,AUTO,0,56,NaN,-5.23,63.22,-2.17,55.83,NaN,NaN,NaN,NaN,NaN,NaN,NaN,NaN,NaN,NaN
1614.33,36.08,31.27,36.00,20.00,AUTO,0,56,NaN,-5.23,63.22,-2.17,55.83,NaN,NaN,NaN,NaN,NaN,NaN,NaN,NaN,NaN,NaN
1615.33,36.08,31.27,36.00,20.00,AUTO,0,56,NaN,-5.23,63.22,-2.17,55.83,NaN,NaN,NaN,NaN,NaN,NaN,NaN,NaN,NaN,NaN
1616.33,36.08,31.27,36.00,20.00,AUTO,0,56,NaN,-5.23,63.22,-2.17,55.83,NaN,NaN,NaN,NaN,NaN,NaN,NaN,NaN,NaN,NaN
1617.34,36.10,31.27,36.00,20.00,AUTO,0,56,NaN,-5.23,63.22,-2.17,55.83,NaN,NaN,NaN,NaN,NaN,NaN,NaN,NaN,NaN,NaN
1618.34,36.10,31.27,36.00,20.00,AUTO,0,56,NaN,-5.23,63.22,-2.17,55.83,NaN,NaN,NaN,NaN,NaN,NaN,NaN,NaN,NaN,NaN
1619.35,36.10,31.27,36.00,20.00,AUTO,0,56,NaN,-5.23,63.22,-2.17,55.83,NaN,NaN,NaN,NaN,NaN,NaN,NaN,NaN,NaN,NaN
1620.34,36.11,31.23,36.00,20.00,AUTO,0,56,NaN,-5.23,63.22,-2.17,55.83,NaN,NaN,NaN,NaN,NaN,NaN,NaN,NaN,NaN,NaN
1621.34,36.12,31.23,36.00,20.00,AUTO,0,56,NaN,-5.23,63.22,-2.17,55.83,NaN,NaN,NaN,NaN,NaN,NaN,NaN,NaN,NaN,NaN
1622.34,36.11,31.23,36.00,20.00,AUTO,0,56,NaN,-5.23,63.22,-2.17,55.83,NaN,NaN,NaN,NaN,NaN,NaN,NaN,NaN,NaN,NaN
1623.35,36.10,31.23,36.00,20.00,AUTO,0,56,NaN,-6.33,62.76,-0.90,55.53,NaN,NaN,NaN,NaN,NaN,NaN,NaN,NaN,NaN,NaN
1624.35,36.09,31.23,36.00,20.00,AUTO,0,56,NaN,-6.33,62.76,-0.90,55.53,NaN,NaN,NaN,NaN,NaN,NaN,NaN,NaN,NaN,NaN
1625.35,36.09,31.23,36.00,20.00,AUTO,0,56,NaN,-6.33,62.76,-0.90,55.53,NaN,NaN,NaN,NaN,NaN,NaN,NaN,NaN,NaN,NaN
1626.35,36.08,31.27,36.00,20.00,AUTO,0,56,NaN,-6.33,62.76,-0.90,55.53,NaN,NaN,NaN,NaN,NaN,NaN,NaN,NaN,NaN,NaN
1627.35,36.08,31.27,36.00,20.00,AUTO,0,56,NaN,-6.33,62.76,-0.90,55.53,NaN,NaN,NaN,NaN,NaN,NaN,NaN,NaN,NaN,NaN
1628.36,36.08,31.27,36.00,20.00,AUTO,0,56,NaN,-6.33,62.76,-0.90,55.53,NaN,NaN,NaN,NaN,NaN,NaN,NaN,NaN,NaN,NaN
1629.36,36.08,31.27,36.00,20.00,AUTO,0,56,NaN,-6.33,62.76,-0.90,55.53,NaN,NaN,NaN,NaN,NaN,NaN,NaN,NaN,NaN,NaN
1630.36,36.08,31.27,36.00,20.00,AUTO,0,56,NaN,-6.33,62.76,-0.90,55.53,NaN,NaN,NaN,NaN,NaN,NaN,NaN,NaN,NaN,NaN
1631.36,36.06,31.31,36.00,20.00,AUTO,0,56,NaN,-6.33,62.76,-0.90,55.53,NaN,NaN,NaN,NaN,NaN,NaN,NaN,NaN,NaN,NaN
1632.36,36.08,31.31,36.00,20.00,AUTO,0,56,NaN,-6.33,62.76,-0.90,55.53,NaN,NaN,NaN,NaN,NaN,NaN,NaN,NaN,NaN,NaN
1633.36,36.08,31.31,36.00,20.00,AUTO,0,56,NaN,-6.33,62.76,-0.90,55.53,NaN,NaN,NaN,NaN,NaN,NaN,NaN,NaN,NaN,NaN
1634.36,36.09,31.31,36.00,20.00,AUTO,0,56,NaN,-6.33,62.76,-0.90,55.53,NaN,NaN,NaN,NaN,NaN,NaN,NaN,NaN,NaN,NaN
1635.36,36.08,31.31,36.00,20.00,AUTO,0,56,NaN,-6.33,62.76,-0.90,55.53,NaN,NaN,NaN,NaN,NaN,NaN,NaN,NaN,NaN,NaN
1636.37,36.08,31.31,36.00,20.00,AUTO,0,56,NaN,-6.33,62.76,-0.90,55.53,NaN,NaN,NaN,NaN,NaN,NaN,NaN,NaN,NaN,NaN
1637.37,36.07,31.31,36.00,20.00,AUTO,0,56,NaN,-6.33,62.76,-0.90,55.53,NaN,NaN,NaN,NaN,NaN,NaN,NaN,NaN,NaN,NaN
1638.37,36.06,31.31,36.00,20.00,AUTO,0,60,NaN,-4.13,62.33,2.27,60.48,NaN,NaN,NaN,NaN,NaN,NaN,NaN,NaN,NaN,NaN
1639.37,36.06,31.31,36.00,20.00,AUTO,0,60,NaN,-4.13,62.33,2.27,60.48,NaN,NaN,NaN,NaN,NaN,NaN,NaN,NaN,NaN,NaN
1640.37,36.04,31.35,36.00,20.00,AUTO,0,60,NaN,-4.13,62.33,2.27,60.48,NaN,NaN,NaN,NaN,NaN,NaN,NaN,NaN,NaN,NaN
1641.37,36.03,31.35,36.00,20.00,AUTO,0,60,NaN,-4.13,62.33,2.27,60.48,NaN,NaN,NaN,NaN,NaN,NaN,NaN,NaN,NaN,NaN
1642.38,36.03,31.35,36.00,20.00,AUTO,0,60,NaN,-4.13,62.33,2.27,60.48,NaN,NaN,NaN,NaN,NaN,NaN,NaN,NaN,NaN,NaN
1643.38,36.03,31.35,36.00,20.00,AUTO,0,60,NaN,-4.13,62.33,2.27,60.48,NaN,NaN,NaN,NaN,NaN,NaN,NaN,NaN,NaN,NaN
1644.38,36.03,31.39,36.00,20.00,AUTO,0,60,NaN,-4.13,62.33,2.27,60.48,NaN,NaN,NaN,NaN,NaN,NaN,NaN,NaN,NaN,NaN
1645.38,36.03,31.39,36.00,20.00,AUTO,0,60,NaN,-4.13,62.33,2.27,60.48,NaN,NaN,NaN,NaN,NaN,NaN,NaN,NaN,NaN,NaN
1646.38,36.03,31.39,36.00,20.00,AUTO,0,60,NaN,-4.13,62.33,2.27,60.48,NaN,NaN,NaN,NaN,NaN,NaN,NaN,NaN,NaN,NaN
1647.39,36.04,31.39,36.00,20.00,AUTO,0,60,NaN,-4.13,62.33,2.27,60.48,NaN,NaN,NaN,NaN,NaN,NaN,NaN,NaN,NaN,NaN
1648.39,36.06,31.39,36.00,20.00,AUTO,0,60,NaN,-4.13,62.33,2.27,60.48,NaN,NaN,NaN,NaN,NaN,NaN,NaN,NaN,NaN,NaN
1649.39,36.06,31.39,36.00,20.00,AUTO,0,60,NaN,-4.13,62.33,2.27,60.48,NaN,NaN,NaN,NaN,NaN,NaN,NaN,NaN,NaN,NaN
1650.39,36.06,31.39,36.00,20.00,AUTO,0,60,NaN,-4.13,62.33,2.27,60.48,NaN,NaN,NaN,NaN,NaN,NaN,NaN,NaN,NaN,NaN
1651.39,36.07,31.39,36.00,20.00,AUTO,0,60,NaN,-4.13,62.33,2.27,60.48,NaN,NaN,NaN,NaN,NaN,NaN,NaN,NaN,NaN,NaN
1652.39,36.06,31.39,36.00,20.00,AUTO,0,60,NaN,-4.13,62.33,2.27,60.48,NaN,NaN,NaN,NaN,NaN,NaN,NaN,NaN,NaN,NaN
1653.39,36.04,31.39,36.00,20.00,AUTO,0,60,NaN,-3.58,62.09,1.65,60.17,NaN,NaN,NaN,NaN,NaN,NaN,NaN,NaN,NaN,NaN
1654.39,36.04,31.39,36.00,20.00,AUTO,0,60,NaN,-3.58,62.09,1.65,60.17,NaN,NaN,NaN,NaN,NaN,NaN,NaN,NaN,NaN,NaN
1655.40,36.03,31.39,36.00,20.00,AUTO,0,60,NaN,-3.58,62.09,1.65,60.17,NaN,NaN,NaN,NaN,NaN,NaN,NaN,NaN,NaN,NaN
1656.40,36.02,31.39,36.00,20.00,AUTO,0,60,NaN,-3.58,62.09,1.65,60.17,NaN,NaN,NaN,NaN,NaN,NaN,NaN,NaN,NaN,NaN
1657.40,36.02,31.39,36.00,20.00,AUTO,0,60,NaN,-3.58,62.09,1.65,60.17,NaN,NaN,NaN,NaN,NaN,NaN,NaN,NaN,NaN,NaN
1658.40,36.02,31.39,36.00,20.00,AUTO,0,60,NaN,-3.58,62.09,1.65,60.17,NaN,NaN,NaN,NaN,NaN,NaN,NaN,NaN,NaN,NaN
1659.40,36.01,31.43,36.00,20.00,AUTO,0,60,NaN,-3.58,62.09,1.65,60.17,NaN,NaN,NaN,NaN,NaN,NaN,NaN,NaN,NaN,NaN
1660.40,36.01,31.43,36.00,20.00,AUTO,0,60,NaN,-3.58,62.09,1.65,60.17,NaN,NaN,NaN,NaN,NaN,NaN,NaN,NaN,NaN,NaN
1661.41,36.01,31.43,36.00,20.00,AUTO,0,60,NaN,-3.58,62.09,1.65,60.17,NaN,NaN,NaN,NaN,NaN,NaN,NaN,NaN,NaN,NaN
1662.40,36.01,31.48,36.00,20.00,AUTO,0,60,NaN,-3.58,62.09,1.65,60.17,NaN,NaN,NaN,NaN,NaN,NaN,NaN,NaN,NaN,NaN
1663.41,36.01,31.48,36.00,20.00,AUTO,0,60,NaN,-3.58,62.09,1.65,60.17,NaN,NaN,NaN,NaN,NaN,NaN,NaN,NaN,NaN,NaN
1664.41,36.02,31.48,36.00,20.00,AUTO,0,60,NaN,-3.58,62.09,1.65,60.17,NaN,NaN,NaN,NaN,NaN,NaN,NaN,NaN,NaN,NaN
1665.41,36.01,31.48,36.00,20.00,AUTO,0,60,NaN,-3.58,62.09,1.65,60.17,NaN,NaN,NaN,NaN,NaN,NaN,NaN,NaN,NaN,NaN
1666.41,36.01,31.48,36.00,20.00,AUTO,0,60,NaN,-3.58,62.09,1.65,60.17,NaN,NaN,NaN,NaN,NaN,NaN,NaN,NaN,NaN,NaN
1667.41,36.01,31.48,36.00,20.00,AUTO,0,60,NaN,-3.58,62.09,1.65,60.17,NaN,NaN,NaN,NaN,NaN,NaN,NaN,NaN,NaN,NaN
1668.42,36.01,31.48,36.00,20.00,AUTO,0,65,NaN,-0.55,62.00,3.93,65.38,NaN,NaN,NaN,NaN,NaN,NaN,NaN,NaN,NaN,NaN
1669.42,36.00,31.48,36.00,20.00,AUTO,0,65,NaN,-0.55,62.00,3.93,65.38,NaN,NaN,NaN,NaN,NaN,NaN,NaN,NaN,NaN,NaN
1670.42,36.01,31.48,36.00,20.00,AUTO,0,65,NaN,-0.55,62.00,3.93,65.38,NaN,NaN,NaN,NaN,NaN,NaN,NaN,NaN,NaN,NaN
1671.42,36.00,31.48,36.00,20.00,AUTO,0,65,NaN,-0.55,62.00,3.93,65.38,NaN,NaN,NaN,NaN,NaN,NaN,NaN,NaN,NaN,NaN
1672.42,36.01,31.48,36.00,20.00,AUTO,0,65,NaN,-0.55,62.00,3.93,65.38,NaN,NaN,NaN,NaN,NaN,NaN,NaN,NaN,NaN,NaN
1673.42,36.01,31.48,36.00,20.00,AUTO,0,65,NaN,-0.55,62.00,3.93,65.38,NaN,NaN,NaN,NaN,NaN,NaN,NaN,NaN,NaN,NaN
1674.43,36.01,31.48,36.00,20.00,AUTO,0,65,NaN,-0.55,62.00,3.93,65.38,NaN,NaN,NaN,NaN,NaN,NaN,NaN,NaN,NaN,NaN
1675.43,36.01,31.48,36.00,20.00,AUTO,0,65,NaN,-0.55,62.00,3.93,65.38,NaN,NaN,NaN,NaN,NaN,NaN,NaN,NaN,NaN,NaN
1676.43,36.00,31.48,36.00,20.00,AUTO,0,65,NaN,-0.55,62.00,3.93,65.38,NaN,NaN,NaN,NaN,NaN,NaN,NaN,NaN,NaN,NaN
1677.43,36.01,31.48,36.00,20.00,AUTO,0,65,NaN,-0.55,62.00,3.93,65.38,NaN,NaN,NaN,NaN,NaN,NaN,NaN,NaN,NaN,NaN
1678.43,36.01,31.48,36.00,20.00,AUTO,0,65,NaN,-0.55,62.00,3.93,65.38,NaN,NaN,NaN,NaN,NaN,NaN,NaN,NaN,NaN,NaN
1679.43,36.02,31.48,36.00,20.00,AUTO,0,65,NaN,-0.55,62.00,3.93,65.38,NaN,NaN,NaN,NaN,NaN,NaN,NaN,NaN,NaN,NaN
1680.44,36.02,31.48,36.00,20.00,AUTO,0,65,NaN,-0.55,62.00,3.93,65.38,NaN,NaN,NaN,NaN,NaN,NaN,NaN,NaN,NaN,NaN
1681.43,36.03,31.48,36.00,20.00,AUTO,0,65,NaN,-0.55,62.00,3.93,65.38,NaN,NaN,NaN,NaN,NaN,NaN,NaN,NaN,NaN,NaN
1682.44,36.02,31.48,36.00,20.00,AUTO,0,65,NaN,-0.55,62.00,3.93,65.38,NaN,NaN,NaN,NaN,NaN,NaN,NaN,NaN,NaN,NaN
1683.44,36.01,31.48,36.00,20.00,AUTO,0,60,NaN,-1.37,61.94,-0.60,59.96,NaN,NaN,NaN,NaN,NaN,NaN,NaN,NaN,NaN,NaN
1684.44,36.01,31.48,36.00,20.00,AUTO,0,60,NaN,-1.37,61.94,-0.60,59.96,NaN,NaN,NaN,NaN,NaN,NaN,NaN,NaN,NaN,NaN
1685.44,36.01,31.48,36.00,20.00,AUTO,0,60,NaN,-1.37,61.94,-0.60,59.96,NaN,NaN,NaN,NaN,NaN,NaN,NaN,NaN,NaN,NaN
1686.44,36.01,31.48,36.00,20.00,AUTO,0,60,NaN,-1.37,61.94,-0.60,59.96,NaN,NaN,NaN,NaN,NaN,NaN,NaN,NaN,NaN,NaN
1687.45,36.01,31.48,36.00,20.00,AUTO,0,60,NaN,-1.37,61.94,-0.60,59.96,NaN,NaN,NaN,NaN,NaN,NaN,NaN,NaN,NaN,NaN
1688.45,36.01,31.48,36.00,20.00,AUTO,0,60,NaN,-1.37,61.94,-0.60,59.96,NaN,NaN,NaN,NaN,NaN,NaN,NaN,NaN,NaN,NaN
1689.45,36.01,31.48,36.00,20.00,AUTO,0,60,NaN,-1.37,61.94,-0.60,59.96,NaN,NaN,NaN,NaN,NaN,NaN,NaN,NaN,NaN,NaN
1690.45,36.01,31.48,36.00,20.00,AUTO,0,60,NaN,-1.37,61.94,-0.60,59.96,NaN,NaN,NaN,NaN,NaN,NaN,NaN,NaN,NaN,NaN
1691.45,36.01,31.48,36.00,20.00,AUTO,0,60,NaN,-1.37,61.94,-0.60,59.96,NaN,NaN,NaN,NaN,NaN,NaN,NaN,NaN,NaN,NaN
1692.45,36.03,31.48,36.00,20.00,AUTO,0,60,NaN,-1.37,61.94,-0.60,59.96,NaN,NaN,NaN,NaN,NaN,NaN,NaN,NaN,NaN,NaN
1693.46,36.03,31.48,36.00,20.00,AUTO,0,60,NaN,-1.37,61.94,-0.60,59.96,NaN,NaN,NaN,NaN,NaN,NaN,NaN,NaN,NaN,NaN
1694.45,36.04,31.48,36.00,20.00,AUTO,0,60,NaN,-1.37,61.94,-0.60,59.96,NaN,NaN,NaN,NaN,NaN,NaN,NaN,NaN,NaN,NaN
1695.46,36.03,31.48,36.00,20.00,AUTO,0,60,NaN,-1.37,61.94,-0.60,59.96,NaN,NaN,NaN,NaN,NaN,NaN,NaN,NaN,NaN,NaN
1696.46,36.04,31.48,36.00,20.00,AUTO,0,60,NaN,-1.37,61.94,-0.60,59.96,NaN,NaN,NaN,NaN,NaN,NaN,NaN,NaN,NaN,NaN
1697.46,36.04,31.48,36.00,20.00,AUTO,0,60,NaN,-1.37,61.94,-0.60,59.96,NaN,NaN,NaN,NaN,NaN,NaN,NaN,NaN,NaN,NaN
1698.46,36.03,31.48,36.00,20.00,AUTO,0,58,NaN,-2.20,61.83,-1.33,58.30,NaN,NaN,NaN,NaN,NaN,NaN,NaN,NaN,NaN,NaN
1699.46,36.03,31.48,36.00,20.00,AUTO,0,58,NaN,-2.20,61.83,-1.33,58.30,NaN,NaN,NaN,NaN,NaN,NaN,NaN,NaN,NaN,NaN
1700.46,36.03,31.48,36.00,20.00,AUTO,0,58,NaN,-2.20,61.83,-1.33,58.30,NaN,NaN,NaN,NaN,NaN,NaN,NaN,NaN,NaN,NaN
1701.47,36.03,31.48,36.00,20.00,AUTO,0,58,NaN,-2.20,61.83,-1.33,58.30,NaN,NaN,NaN,NaN,NaN,NaN,NaN,NaN,NaN,NaN
1702.47,36.03,31.48,36.00,20.00,AUTO,0,58,NaN,-2.20,61.83,-1.33,58.30,NaN,NaN,NaN,NaN,NaN,NaN,NaN,NaN,NaN,NaN
1703.47,36.02,31.48,36.00,20.00,AUTO,0,58,NaN,-2.20,61.83,-1.33,58.30,NaN,NaN,NaN,NaN,NaN,NaN,NaN,NaN,NaN,NaN
1704.47,36.03,31.48,36.00,20.00,AUTO,0,58,NaN,-2.20,61.83,-1.33,58.30,NaN,NaN,NaN,NaN,NaN,NaN,NaN,NaN,NaN,NaN
1705.47,36.03,31.48,36.00,20.00,AUTO,0,58,NaN,-2.20,61.83,-1.33,58.30,NaN,NaN,NaN,NaN,NaN,NaN,NaN,NaN,NaN,NaN
1706.48,36.04,31.48,36.00,20.00,AUTO,0,58,NaN,-2.20,61.83,-1.33,58.30,NaN,NaN,NaN,NaN,NaN,NaN,NaN,NaN,NaN,NaN
1707.48,36.06,31.48,36.00,20.00,AUTO,0,58,NaN,-2.20,61.83,-1.33,58.30,NaN,NaN,NaN,NaN,NaN,NaN,NaN,NaN,NaN,NaN
1708.48,36.07,31.48,36.00,20.00,AUTO,0,58,NaN,-2.20,61.83,-1.33,58.30,NaN,NaN,NaN,NaN,NaN,NaN,NaN,NaN,NaN,NaN
1709.48,36.08,31.48,36.00,20.00,AUTO,0,58,NaN,-2.20,61.83,-1.33,58.30,NaN,NaN,NaN,NaN,NaN,NaN,NaN,NaN,NaN,NaN
1710.49,36.08,31.48,36.00,20.00,AUTO,0,58,NaN,-2.20,61.83,-1.33,58.30,NaN,NaN,NaN,NaN,NaN,NaN,NaN,NaN,NaN,NaN
1711.48,36.08,31.48,36.00,20.00,AUTO,0,58,NaN,-2.20,61.83,-1.33,58.30,NaN,NaN,NaN,NaN,NaN,NaN,NaN,NaN,NaN,NaN
1712.48,36.08,31.48,36.00,20.00,AUTO,0,58,NaN,-2.20,61.83,-1.33,58.30,NaN,NaN,NaN,NaN,NaN,NaN,NaN,NaN,NaN,NaN
1713.49,36.07,31.48,36.00,20.00,AUTO,0,54,NaN,-4.40,61.58,-3.21,53.97,NaN,NaN,NaN,NaN,NaN,NaN,NaN,NaN,NaN,NaN
1714.49,36.07,31.48,36.00,20.00,AUTO,0,54,NaN,-4.40,61.58,-3.21,53.97,NaN,NaN,NaN,NaN,NaN,NaN,NaN,NaN,NaN,NaN
1715.49,36.06,31.48,36.00,20.00,AUTO,0,54,NaN,-4.40,61.58,-3.21,53.97,NaN,NaN,NaN,NaN,NaN,NaN,NaN,NaN,NaN,NaN
1716.49,36.04,31.48,36.00,20.00,AUTO,0,54,NaN,-4.40,61.58,-3.21,53.97,NaN,NaN,NaN,NaN,NaN,NaN,NaN,NaN,NaN,NaN
1717.50,36.04,31.48,36.00,20.00,AUTO,0,54,NaN,-4.40,61.58,-3.21,53.97,NaN,NaN,NaN,NaN,NaN,NaN,NaN,NaN,NaN,NaN
1718.49,36.03,31.48,36.00,20.00,AUTO,0,54,NaN,-4.40,61.58,-3.21,53.97,NaN,NaN,NaN,NaN,NaN,NaN,NaN,NaN,NaN,NaN
1719.49,36.04,31.48,36.00,20.00,AUTO,0,54,NaN,-4.40,61.58,-3.21,53.97,NaN,NaN,NaN,NaN,NaN,NaN,NaN,NaN,NaN,NaN
1720.50,36.04,31.48,36.00,20.00,AUTO,0,54,NaN,-4.40,61.58,-3.21,53.97,NaN,NaN,NaN,NaN,NaN,NaN,NaN,NaN,NaN,NaN
1721.50,36.04,31.48,36.00,20.00,AUTO,0,54,NaN,-4.40,61.58,-3.21,53.97,NaN,NaN,NaN,NaN,NaN,NaN,NaN,NaN,NaN,NaN
1722.50,36.06,31.48,36.00,20.00,AUTO,0,54,NaN,-4.40,61.58,-3.21,53.97,NaN,NaN,NaN,NaN,NaN,NaN,NaN,NaN,NaN,NaN
1723.50,36.07,31.48,36.00,20.00,AUTO,0,54,NaN,-4.40,61.58,-3.21,53.97,NaN,NaN,NaN,NaN,NaN,NaN,NaN,NaN,NaN,NaN
1724.50,36.06,31.48,36.00,20.00,AUTO,0,54,NaN,-4.40,61.58,-3.21,53.97,NaN,NaN,NaN,NaN,NaN,NaN,NaN,NaN,NaN,NaN
1725.50,36.06,31.48,36.00,20.00,AUTO,0,54,NaN,-4.40,61.58,-3.21,53.97,NaN,NaN,NaN,NaN,NaN,NaN,NaN,NaN,NaN,NaN
1726.51,36.07,31.48,36.00,20.00,AUTO,0,54,NaN,-4.40,61.58,-3.21,53.97,NaN,NaN,NaN,NaN,NaN,NaN,NaN,NaN,NaN,NaN
1727.51,36.07,31.48,36.00,20.00,AUTO,0,54,NaN,-4.40,61.58,-3.21,53.97,NaN,NaN,NaN,NaN,NaN,NaN,NaN,NaN,NaN,NaN
1728.51,36.04,31.48,36.00,20.00,AUTO,0,59,NaN,-3.85,61.29,1.13,58.57,NaN,NaN,NaN,NaN,NaN,NaN,NaN,NaN,NaN,NaN
1729.51,36.04,31.48,36.00,20.00,AUTO,0,59,NaN,-3.85,61.29,1.13,58.57,NaN,NaN,NaN,NaN,NaN,NaN,NaN,NaN,NaN,NaN
1730.51,36.04,31.48,36.00,20.00,AUTO,0,59,NaN,-3.85,61.29,1.13,58.57,NaN,NaN,NaN,NaN,NaN,NaN,NaN,NaN,NaN,NaN
1731.51,36.03,31.48,36.00,20.00,AUTO,0,59,NaN,-3.85,61.29,1.13,58.57,NaN,NaN,NaN,NaN,NaN,NaN,NaN,NaN,NaN,NaN
1732.51,36.03,31.48,36.00,20.00,AUTO,0,59,NaN,-3.85,61.29,1.13,58.57,NaN,NaN,NaN,NaN,NaN,NaN,NaN,NaN,NaN,NaN
1733.52,36.03,31.51,36.00,20.00,AUTO,0,59,NaN,-3.85,61.29,1.13,58.57,NaN,NaN,NaN,NaN,NaN,NaN,NaN,NaN,NaN,NaN
1734.52,36.03,31.51,36.00,20.00,AUTO,0,59,NaN,-3.85,61.29,1.13,58.57,NaN,NaN,NaN,NaN,NaN,NaN,NaN,NaN,NaN,NaN
1735.52,36.03,31.51,36.00,20.00,AUTO,0,59,NaN,-3.85,61.29,1.13,58.57,NaN,NaN,NaN,NaN,NaN,NaN,NaN,NaN,NaN,NaN
1736.52,36.03,31.51,36.00,20.00,AUTO,0,59,NaN,-3.85,61.29,1.13,58.57,NaN,NaN,NaN,NaN,NaN,NaN,NaN,NaN,NaN,NaN
1737.52,36.04,31.51,36.00,20.00,AUTO,0,59,NaN,-3.85,61.29,1.13,58.57,NaN,NaN,NaN,NaN,NaN,NaN,NaN,NaN,NaN,NaN
1738.53,36.04,31.51,36.00,20.00,AUTO,0,59,NaN,-3.85,61.29,1.13,58.57,NaN,NaN,NaN,NaN,NaN,NaN,NaN,NaN,NaN,NaN
1739.53,36.06,31.51,36.00,20.00,AUTO,0,59,NaN,-3.85,61.29,1.13,58.57,NaN,NaN,NaN,NaN,NaN,NaN,NaN,NaN,NaN,NaN
1740.53,36.06,31.51,36.00,20.00,AUTO,0,59,NaN,-3.85,61.29,1.13,58.57,NaN,NaN,NaN,NaN,NaN,NaN,NaN,NaN,NaN,NaN
1741.53,36.06,31.51,36.00,20.00,AUTO,0,59,NaN,-3.85,61.29,1.13,58.57,NaN,NaN,NaN,NaN,NaN,NaN,NaN,NaN,NaN,NaN
1742.53,36.06,31.51,36.00,20.00,AUTO,0,59,NaN,-3.85,61.29,1.13,58.57,NaN,NaN,NaN,NaN,NaN,NaN,NaN,NaN,NaN,NaN
1743.53,36.04,31.51,36.00,20.00,AUTO,0,58,NaN,-3.30,61.07,0.69,58.47,NaN,NaN,NaN,NaN,NaN,NaN,NaN,NaN,NaN,NaN
1744.53,36.03,31.51,36.00,20.00,AUTO,0,58,NaN,-3.30,61.07,0.69,58.47,NaN,NaN,NaN,NaN,NaN,NaN,NaN,NaN,NaN,NaN
1745.53,36.03,31.51,36.00,20.00,AUTO,0,58,NaN,-3.30,61.07,0.69,58.47,NaN,NaN,NaN,NaN,NaN,NaN,NaN,NaN,NaN,NaN
1746.54,36.02,31.51,36.00,20.00,AUTO,0,58,NaN,-3.30,61.07,0.69,58.47,NaN,NaN,NaN,NaN,NaN,NaN,NaN,NaN,NaN,NaN
1747.54,36.02,31.51,36.00,20.00,AUTO,0,58,NaN,-3.30,61.07,0.69,58.47,NaN,NaN,NaN,NaN,NaN,NaN,NaN,NaN,NaN,NaN
1748.54,36.01,31.55,36.00,20.00,AUTO,0,58,NaN,-3.30,61.07,0.69,58.47,NaN,NaN,NaN,NaN,NaN,NaN,NaN,NaN,NaN,NaN
1749.54,36.02,31.55,36.00,20.00,AUTO,0,58,NaN,-3.30,61.07,0.69,58.47,NaN,NaN,NaN,NaN,NaN,NaN,NaN,NaN,NaN,NaN
1750.58,36.02,31.55,36.00,20.00,AUTO,0,58,NaN,-3.30,61.07,0.69,58.47,NaN,NaN,NaN,NaN,NaN,NaN,NaN,NaN,NaN,NaN
1751.54,36.02,31.55,36.00,20.00,AUTO,0,58,NaN,-3.30,61.07,0.69,58.47,NaN,NaN,NaN,NaN,NaN,NaN,NaN,NaN,NaN,NaN
1752.55,36.04,31.55,36.00,20.00,AUTO,0,58,NaN,-3.30,61.07,0.69,58.47,NaN,NaN,NaN,NaN,NaN,NaN,NaN,NaN,NaN,NaN
1753.55,36.04,31.55,36.00,20.00,AUTO,0,58,NaN,-3.30,61.07,0.69,58.47,NaN,NaN,NaN,NaN,NaN,NaN,NaN,NaN,NaN,NaN
1754.55,36.03,31.55,36.00,20.00,AUTO,0,58,NaN,-3.30,61.07,0.69,58.47,NaN,NaN,NaN,NaN,NaN,NaN,NaN,NaN,NaN,NaN
1755.55,36.03,31.55,36.00,20.00,AUTO,0,58,NaN,-3.30,61.07,0.69,58.47,NaN,NaN,NaN,NaN,NaN,NaN,NaN,NaN,NaN,NaN
1756.55,36.03,31.55,36.00,20.00,AUTO,0,58,NaN,-3.30,61.07,0.69,58.47,NaN,NaN,NaN,NaN,NaN,NaN,NaN,NaN,NaN,NaN
1757.56,36.03,31.55,36.00,20.00,AUTO,0,58,NaN,-3.30,61.07,0.69,58.47,NaN,NaN,NaN,NaN,NaN,NaN,NaN,NaN,NaN,NaN
1758.55,36.02,31.60,36.00,20.00,AUTO,0,61,NaN,-1.65,60.93,1.71,60.99,NaN,NaN,NaN,NaN,NaN,NaN,NaN,NaN,NaN,NaN
1759.56,36.02,31.60,36.00,20.00,AUTO,0,61,NaN,-1.65,60.93,1.71,60.99,NaN,NaN,NaN,NaN,NaN,NaN,NaN,NaN,NaN,NaN
1760.56,36.01,31.60,36.00,20.00,AUTO,0,61,NaN,-1.65,60.93,1.71,60.99,NaN,NaN,NaN,NaN,NaN,NaN,NaN,NaN,NaN,NaN
1761.56,36.01,31.60,36.00,20.00,AUTO,0,61,NaN,-1.65,60.93,1.71,60.99,NaN,NaN,NaN,NaN,NaN,NaN,NaN,NaN,NaN,NaN
1762.56,36.01,31.60,36.00,20.00,AUTO,0,61,NaN,-1.65,60.93,1.71,60.99,NaN,NaN,NaN,NaN,NaN,NaN,NaN,NaN,NaN,NaN
1763.56,36.01,31.60,36.00,20.00,AUTO,0,61,NaN,-1.65,60.93,1.71,60.99,NaN,NaN,NaN,NaN,NaN,NaN,NaN,NaN,NaN,NaN
1764.56,36.01,31.60,36.00,20.00,AUTO,0,61,NaN,-1.65,60.93,1.71,60.99,NaN,NaN,NaN,NaN,NaN,NaN,NaN,NaN,NaN,NaN
1765.57,36.01,31.60,36.00,20.00,AUTO,0,61,NaN,-1.65,60.93,1.71,60.99,NaN,NaN,NaN,NaN,NaN,NaN,NaN,NaN,NaN,NaN
1766.57,36.01,31.60,36.00,20.00,AUTO,0,61,NaN,-1.65,60.93,1.71,60.99,NaN,NaN,NaN,NaN,NaN,NaN,NaN,NaN,NaN,NaN
1767.57,36.01,31.60,36.00,20.00,AUTO,0,61,NaN,-1.65,60.93,1.71,60.99,NaN,NaN,NaN,NaN,NaN,NaN,NaN,NaN,NaN,NaN
1768.57,36.02,31.60,36.00,20.00,AUTO,0,61,NaN,-1.65,60.93,1.71,60.99,NaN,NaN,NaN,NaN,NaN,NaN,NaN,NaN,NaN,NaN
1769.57,36.03,31.60,36.00,20.00,AUTO,0,61,NaN,-1.65,60.93,1.71,60.99,NaN,NaN,NaN,NaN,NaN,NaN,NaN,NaN,NaN,NaN
1770.58,36.03,31.60,36.00,20.00,AUTO,0,61,NaN,-1.65,60.93,1.71,60.99,NaN,NaN,NaN,NaN,NaN,NaN,NaN,NaN,NaN,NaN
1771.57,36.04,31.60,36.00,20.00,AUTO,0,61,NaN,-1.65,60.93,1.71,60.99,NaN,NaN,NaN,NaN,NaN,NaN,NaN,NaN,NaN,NaN
1772.60,36.04,31.60,36.00,20.00,AUTO,0,61,NaN,-1.65,60.93,1.71,60.99,NaN,NaN,NaN,NaN,NaN,NaN,NaN,NaN,NaN,NaN
1773.58,36.03,31.60,36.00,20.00,AUTO,0,59,NaN,-2.20,60.83,0.09,58.72,NaN,NaN,NaN,NaN,NaN,NaN,NaN,NaN,NaN,NaN
1774.58,36.02,31.60,36.00,20.00,AUTO,0,59,NaN,-2.20,60.83,0.09,58.72,NaN,NaN,NaN,NaN,NaN,NaN,NaN,NaN,NaN,NaN
1775.58,36.02,31.60,36.00,20.00,AUTO,0,59,NaN,-2.20,60.83,0.09,58.72,NaN,NaN,NaN,NaN,NaN,NaN,NaN,NaN,NaN,NaN
1776.58,36.02,31.60,36.00,20.00,AUTO,0,59,NaN,-2.20,60.83,0.09,58.72,NaN,NaN,NaN,NaN,NaN,NaN,NaN,NaN,NaN,NaN
1777.58,36.01,31.60,36.00,20.00,AUTO,0,59,NaN,-2.20,60.83,0.09,58.72,NaN,NaN,NaN,NaN,NaN,NaN,NaN,NaN,NaN,NaN
1778.60,36.02,31.60,36.00,20.00,AUTO,0,59,NaN,-2.20,60.83,0.09,58.72,NaN,NaN,NaN,NaN,NaN,NaN,NaN,NaN,NaN,NaN
1779.59,36.01,31.60,36.00,20.00,AUTO,0,59,NaN,-2.20,60.83,0.09,58.72,NaN,NaN,NaN,NaN,NaN,NaN,NaN,NaN,NaN,NaN
1780.60,36.02,31.60,36.00,20.00,AUTO,0,59,NaN,-2.20,60.83,0.09,58.72,NaN,NaN,NaN,NaN,NaN,NaN,NaN,NaN,NaN,NaN
1781.59,36.01,31.60,36.00,20.00,AUTO,0,59,NaN,-2.20,60.83,0.09,58.72,NaN,NaN,NaN,NaN,NaN,NaN,NaN,NaN,NaN,NaN
1782.59,36.03,31.64,36.00,20.00,AUTO,0,59,NaN,-2.20,60.83,0.09,58.72,NaN,NaN,NaN,NaN,NaN,NaN,NaN,NaN,NaN,NaN
1783.59,36.03,31.60,36.00,20.00,AUTO,0,59,NaN,-2.20,60.83,0.09,58.72,NaN,NaN,NaN,NaN,NaN,NaN,NaN,NaN,NaN,NaN
1784.60,36.03,31.64,36.00,20.00,AUTO,0,59,NaN,-2.20,60.83,0.09,58.72,NaN,NaN,NaN,NaN,NaN,NaN,NaN,NaN,NaN,NaN
1785.60,36.04,31.60,36.00,20.00,AUTO,0,59,NaN,-2.20,60.83,0.09,58.72,NaN,NaN,NaN,NaN,NaN,NaN,NaN,NaN,NaN,NaN
1786.60,36.04,31.60,36.00,20.00,AUTO,0,59,NaN,-2.20,60.83,0.09,58.72,NaN,NaN,NaN,NaN,NaN,NaN,NaN,NaN,NaN,NaN
1787.60,36.04,31.60,36.00,20.00,AUTO,0,59,NaN,-2.20,60.83,0.09,58.72,NaN,NaN,NaN,NaN,NaN,NaN,NaN,NaN,NaN,NaN
1788.60,36.02,31.60,36.00,20.00,AUTO,0,58,NaN,-2.20,60.70,-0.33,58.17,NaN,NaN,NaN,NaN,NaN,NaN,NaN,NaN,NaN,NaN
1789.60,36.02,31.64,36.00,20.00,AUTO,0,58,NaN,-2.20,60.70,-0.33,58.17,NaN,NaN,NaN,NaN,NaN,NaN,NaN,NaN,NaN,NaN
1790.60,36.02,31.64,36.00,20.00,AUTO,0,58,NaN,-2.20,60.70,-0.33,58.17,NaN,NaN,NaN,NaN,NaN,NaN,NaN,NaN,NaN,NaN
1791.61,36.01,31.64,36.00,20.00,AUTO,0,58,NaN,-2.20,60.70,-0.33,58.17,NaN,NaN,NaN,NaN,NaN,NaN,NaN,NaN,NaN,NaN
1792.61,36.01,31.64,36.00,20.00,AUTO,0,58,NaN,-2.20,60.70,-0.33,58.17,NaN,NaN,NaN,NaN,NaN,NaN,NaN,NaN,NaN,NaN
1793.61,36.01,31.64,36.00,20.00,AUTO,0,58,NaN,-2.20,60.70,-0.33,58.17,NaN,NaN,NaN,NaN,NaN,NaN,NaN,NaN,NaN,NaN
1794.61,36.02,31.64,36.00,20.00,AUTO,0,58,NaN,-2.20,60.70,-0.33,58.17,NaN,NaN,NaN,NaN,NaN,NaN,NaN,NaN,NaN,NaN
1795.61,36.01,31.64,36.00,20.00,AUTO,0,58,NaN,-2.20,60.70,-0.33,58.17,NaN,NaN,NaN,NaN,NaN,NaN,NaN,NaN,NaN,NaN
1796.61,36.02,31.64,36.00,20.00,AUTO,0,58,NaN,-2.20,60.70,-0.33,58.17,NaN,NaN,NaN,NaN,NaN,NaN,NaN,NaN,NaN,NaN
1797.62,36.04,31.64,36.00,20.00,AUTO,0,58,NaN,-2.20,60.70,-0.33,58.17,NaN,NaN,NaN,NaN,NaN,NaN,NaN,NaN,NaN,NaN
1798.62,36.06,31.64,36.00,20.00,AUTO,0,58,NaN,-2.20,60.70,-0.33,58.17,NaN,NaN,NaN,NaN,NaN,NaN,NaN,NaN,NaN,NaN
1799.62,36.06,31.64,36.00,20.00,AUTO,0,58,NaN,-2.20,60.70,-0.33,58.17,NaN,NaN,NaN,NaN,NaN,NaN,NaN,NaN,NaN,NaN
1800.62,36.04,31.64,36.00,20.00,AUTO,0,58,NaN,-2.20,60.70,-0.33,58.17,NaN,NaN,NaN,NaN,NaN,NaN,NaN,NaN,NaN,NaN
1801.62,36.06,31.64,36.00,20.00,AUTO,0,58,NaN,-2.20,60.70,-0.33,58.17,NaN,NaN,NaN,NaN,NaN,NaN,NaN,NaN,NaN,NaN
1802.63,36.06,31.64,36.00,20.00,AUTO,0,58,NaN,-2.20,60.70,-0.33,58.17,NaN,NaN,NaN,NaN,NaN,NaN,NaN,NaN,NaN,NaN
1803.63,36.03,31.60,36.00,20.00,AUTO,0,56,NaN,-3.30,60.54,-1.55,55.69,NaN,NaN,NaN,NaN,NaN,NaN,NaN,NaN,NaN,NaN
1804.62,36.03,31.64,36.00,20.00,AUTO,0,56,NaN,-3.30,60.54,-1.55,55.69,NaN,NaN,NaN,NaN,NaN,NaN,NaN,NaN,NaN,NaN
1805.63,36.03,31.64,36.00,20.00,AUTO,0,56,NaN,-3.30,60.54,-1.55,55.69,NaN,NaN,NaN,NaN,NaN,NaN,NaN,NaN,NaN,NaN
1806.63,36.03,31.64,36.00,20.00,AUTO,0,56,NaN,-3.30,60.54,-1.55,55.69,NaN,NaN,NaN,NaN,NaN,NaN,NaN,NaN,NaN,NaN
1807.63,36.03,31.64,36.00,20.00,AUTO,0,56,NaN,-3.30,60.54,-1.55,55.69,NaN,NaN,NaN,NaN,NaN,NaN,NaN,NaN,NaN,NaN
1808.63,36.02,31.64,36.00,20.00,AUTO,0,56,NaN,-3.30,60.54,-1.55,55.69,NaN,NaN,NaN,NaN,NaN,NaN,NaN,NaN,NaN,NaN
1809.63,36.02,31.64,36.00,20.00,AUTO,0,56,NaN,-3.30,60.54,-1.55,55.69,NaN,NaN,NaN,NaN,NaN,NaN,NaN,NaN,NaN,NaN
1810.63,36.03,31.67,36.00,20.00,AUTO,0,56,NaN,-3.30,60.54,-1.55,55.69,NaN,NaN,NaN,NaN,NaN,NaN,NaN,NaN,NaN,NaN
1811.64,36.03,31.67,36.00,20.00,AUTO,0,56,NaN,-3.30,60.54,-1.55,55.69,NaN,NaN,NaN,NaN,NaN,NaN,NaN,NaN,NaN,NaN
1812.64,36.06,31.64,36.00,20.00,AUTO,0,56,NaN,-3.30,60.54,-1.55,55.69,NaN,NaN,NaN,NaN,NaN,NaN,NaN,NaN,NaN,NaN
1813.64,36.06,31.64,36.00,20.00,AUTO,0,56,NaN,-3.30,60.54,-1.55,55.69,NaN,NaN,NaN,NaN,NaN,NaN,NaN,NaN,NaN,NaN
1814.64,36.07,31.64,36.00,20.00,AUTO,0,56,NaN,-3.30,60.54,-1.55,55.69,NaN,NaN,NaN,NaN,NaN,NaN,NaN,NaN,NaN,NaN
1815.64,36.08,31.64,36.00,20.00,AUTO,0,56,NaN,-3.30,60.54,-1.55,55.69,NaN,NaN,NaN,NaN,NaN,NaN,NaN,NaN,NaN,NaN
1816.65,36.09,31.64,36.00,20.00,AUTO,0,56,NaN,-3.30,60.54,-1.55,55.69,NaN,NaN,NaN,NaN,NaN,NaN,NaN,NaN,NaN,NaN
1817.65,36.08,31.60,36.00,20.00,AUTO,0,56,NaN,-3.30,60.54,-1.55,55.69,NaN,NaN,NaN,NaN,NaN,NaN,NaN,NaN,NaN,NaN
1818.65,36.06,31.60,36.00,20.00,AUTO,0,54,NaN,-4.68,60.30,-1.67,53.96,NaN,NaN,NaN,NaN,NaN,NaN,NaN,NaN,NaN,NaN
1819.65,36.06,31.60,36.00,20.00,AUTO,0,54,NaN,-4.68,60.30,-1.67,53.96,NaN,NaN,NaN,NaN,NaN,NaN,NaN,NaN,NaN,NaN
1820.65,36.06,31.60,36.00,20.00,AUTO,0,54,NaN,-4.68,60.30,-1.67,53.96,NaN,NaN,NaN,NaN,NaN,NaN,NaN,NaN,NaN,NaN
1821.65,36.06,31.64,36.00,20.00,AUTO,0,54,NaN,-4.68,60.30,-1.67,53.96,NaN,NaN,NaN,NaN,NaN,NaN,NaN,NaN,NaN,NaN
1822.65,36.04,31.64,36.00,20.00,AUTO,0,54,NaN,-4.68,60.30,-1.67,53.96,NaN,NaN,NaN,NaN,NaN,NaN,NaN,NaN,NaN,NaN
1823.65,36.04,31.64,36.00,20.00,AUTO,0,54,NaN,-4.68,60.30,-1.67,53.96,NaN,NaN,NaN,NaN,NaN,NaN,NaN,NaN,NaN,NaN
1824.66,36.03,31.64,36.00,20.00,AUTO,0,54,NaN,-4.68,60.30,-1.67,53.96,NaN,NaN,NaN,NaN,NaN,NaN,NaN,NaN,NaN,NaN
1825.66,36.04,31.64,36.00,20.00,AUTO,0,54,NaN,-4.68,60.30,-1.67,53.96,NaN,NaN,NaN,NaN,NaN,NaN,NaN,NaN,NaN,NaN
1826.66,36.04,31.67,36.00,20.00,AUTO,0,54,NaN,-4.68,60.30,-1.67,53.96,NaN,NaN,NaN,NaN,NaN,NaN,NaN,NaN,NaN,NaN
1827.66,36.07,31.64,36.00,20.00,AUTO,0,54,NaN,-4.68,60.30,-1.67,53.96,NaN,NaN,NaN,NaN,NaN,NaN,NaN,NaN,NaN,NaN
1828.66,36.07,31.64,36.00,20.00,AUTO,0,54,NaN,-4.68,60.30,-1.67,53.96,NaN,NaN,NaN,NaN,NaN,NaN,NaN,NaN,NaN,NaN
1829.66,36.08,31.64,36.00,20.00,AUTO,0,54,NaN,-4.68,60.30,-1.67,53.96,NaN,NaN,NaN,NaN,NaN,NaN,NaN,NaN,NaN,NaN
1830.67,36.08,31.64,36.00,20.00,AUTO,0,54,NaN,-4.68,60.30,-1.67,53.96,NaN,NaN,NaN,NaN,NaN,NaN,NaN,NaN,NaN,NaN
1831.67,36.08,31.64,36.00,20.00,AUTO,0,54,NaN,-4.68,60.30,-1.67,53.96,NaN,NaN,NaN,NaN,NaN,NaN,NaN,NaN,NaN,NaN
1832.67,36.08,31.64,36.00,20.00,AUTO,0,54,NaN,-4.68,60.30,-1.67,53.96,NaN,NaN,NaN,NaN,NaN,NaN,NaN,NaN,NaN,NaN
1833.67,36.06,31.64,36.00,20.00,AUTO,0,56,NaN,-4.40,59.99,-0.06,55.53,NaN,NaN,NaN,NaN,NaN,NaN,NaN,NaN,NaN,NaN
1834.67,36.06,31.64,36.00,20.00,AUTO,0,56,NaN,-4.40,59.99,-0.06,55.53,NaN,NaN,NaN,NaN,NaN,NaN,NaN,NaN,NaN,NaN
1835.68,36.04,31.64,36.00,20.00,AUTO,0,56,NaN,-4.40,59.99,-0.06,55.53,NaN,NaN,NaN,NaN,NaN,NaN,NaN,NaN,NaN,NaN
1836.67,36.03,31.67,36.00,20.00,AUTO,0,56,NaN,-4.40,59.99,-0.06,55.53,NaN,NaN,NaN,NaN,NaN,NaN,NaN,NaN,NaN,NaN
1837.68,36.04,31.67,36.00,20.00,AUTO,0,56,NaN,-4.40,59.99,-0.06,55.53,NaN,NaN,NaN,NaN,NaN,NaN,NaN,NaN,NaN,NaN
1838.68,36.04,31.67,36.00,20.00,AUTO,0,56,NaN,-4.40,59.99,-0.06,55.53,NaN,NaN,NaN,NaN,NaN,NaN,NaN,NaN,NaN,NaN
1839.68,36.03,31.67,36.00,20.00,AUTO,0,56,NaN,-4.40,59.99,-0.06,55.53,NaN,NaN,NaN,NaN,NaN,NaN,NaN,NaN,NaN,NaN
1840.68,36.03,31.67,36.00,20.00,AUTO,0,56,NaN,-4.40,59.99,-0.06,55.53,NaN,NaN,NaN,NaN,NaN,NaN,NaN,NaN,NaN,NaN
1841.68,36.03,31.67,36.00,20.00,AUTO,0,56,NaN,-4.40,59.99,-0.06,55.53,NaN,NaN,NaN,NaN,NaN,NaN,NaN,NaN,NaN,NaN
1842.68,36.03,31.67,36.00,20.00,AUTO,0,56,NaN,-4.40,59.99,-0.06,55.53,NaN,NaN,NaN,NaN,NaN,NaN,NaN,NaN,NaN,NaN
1843.69,36.04,31.67,36.00,20.00,AUTO,0,56,NaN,-4.40,59.99,-0.06,55.53,NaN,NaN,NaN,NaN,NaN,NaN,NaN,NaN,NaN,NaN
1844.69,36.04,31.67,36.00,20.00,AUTO,0,56,NaN,-4.40,59.99,-0.06,55.53,NaN,NaN,NaN,NaN,NaN,NaN,NaN,NaN,NaN,NaN
1845.69,36.04,31.67,36.00,20.00,AUTO,0,56,NaN,-4.40,59.99,-0.06,55.53,NaN,NaN,NaN,NaN,NaN,NaN,NaN,NaN,NaN,NaN
1846.69,36.04,31.67,36.00,20.00,AUTO,0,56,NaN,-4.40,59.99,-0.06,55.53,NaN,NaN,NaN,NaN,NaN,NaN,NaN,NaN,NaN,NaN
1847.69,36.06,31.72,36.00,20.00,AUTO,0,56,NaN,-4.40,59.99,-0.06,55.53,NaN,NaN,NaN,NaN,NaN,NaN,NaN,NaN,NaN,NaN
1848.70,36.03,31.72,36.00,20.00,AUTO,0,60,NaN,-2.75,59.78,2.67,59.70,NaN,NaN,NaN,NaN,NaN,NaN,NaN,NaN,NaN,NaN
1849.70,36.02,31.72,36.00,20.00,AUTO,0,60,NaN,-2.75,59.78,2.67,59.70,NaN,NaN,NaN,NaN,NaN,NaN,NaN,NaN,NaN,NaN
1850.70,36.02,31.72,36.00,20.00,AUTO,0,60,NaN,-2.75,59.78,2.67,59.70,NaN,NaN,NaN,NaN,NaN,NaN,NaN,NaN,NaN,NaN
1851.70,36.01,31.72,36.00,20.00,AUTO,0,60,NaN,-2.75,59.78,2.67,59.70,NaN,NaN,NaN,NaN,NaN,NaN,NaN,NaN,NaN,NaN
1852.70,36.01,31.72,36.00,20.00,AUTO,0,60,NaN,-2.75,59.78,2.67,59.70,NaN,NaN,NaN,NaN,NaN,NaN,NaN,NaN,NaN,NaN
1853.70,36.01,31.76,36.00,20.00,AUTO,0,60,NaN,-2.75,59.78,2.67,59.70,NaN,NaN,NaN,NaN,NaN,NaN,NaN,NaN,NaN,NaN
1854.70,36.01,31.76,36.00,20.00,AUTO,0,60,NaN,-2.75,59.78,2.67,59.70,NaN,NaN,NaN,NaN,NaN,NaN,NaN,NaN,NaN,NaN
1855.70,36.01,31.76,36.00,20.00,AUTO,0,60,NaN,-2.75,59.78,2.67,59.70,NaN,NaN,NaN,NaN,NaN,NaN,NaN,NaN,NaN,NaN
1856.71,36.01,31.76,36.00,20.00,AUTO,0,60,NaN,-2.75,59.78,2.67,59.70,NaN,NaN,NaN,NaN,NaN,NaN,NaN,NaN,NaN,NaN
1857.71,36.01,31.76,36.00,20.00,AUTO,0,60,NaN,-2.75,59.78,2.67,59.70,NaN,NaN,NaN,NaN,NaN,NaN,NaN,NaN,NaN,NaN
1858.71,36.01,31.76,36.00,20.00,AUTO,0,60,NaN,-2.75,59.78,2.67,59.70,NaN,NaN,NaN,NaN,NaN,NaN,NaN,NaN,NaN,NaN
1859.71,36.01,31.76,36.00,20.00,AUTO,0,60,NaN,-2.75,59.78,2.67,59.70,NaN,NaN,NaN,NaN,NaN,NaN,NaN,NaN,NaN,NaN
1860.71,36.01,31.80,36.00,20.00,AUTO,0,60,NaN,-2.75,59.78,2.67,59.70,NaN,NaN,NaN,NaN,NaN,NaN,NaN,NaN,NaN,NaN
1861.71,36.01,31.80,36.00,20.00,AUTO,0,60,NaN,-2.75,59.78,2.67,59.70,NaN,NaN,NaN,NaN,NaN,NaN,NaN,NaN,NaN,NaN
1862.72,36.01,31.80,36.00,20.00,AUTO,0,60,NaN,-2.75,59.78,2.67,59.70,NaN,NaN,NaN,NaN,NaN,NaN,NaN,NaN,NaN,NaN
1863.72,36.00,31.80,36.00,20.00,AUTO,0,62,NaN,-0.55,59.71,2.50,61.66,NaN,NaN,NaN,NaN,NaN,NaN,NaN,NaN,NaN,NaN
1864.72,36.00,31.78,36.00,20.00,AUTO,0,62,NaN,-0.55,59.71,2.50,61.66,NaN,NaN,NaN,NaN,NaN,NaN,NaN,NaN,NaN,NaN
1865.72,36.00,31.78,36.00,20.00,AUTO,0,62,NaN,-0.55,59.71,2.50,61.66,NaN,NaN,NaN,NaN,NaN,NaN,NaN,NaN,NaN,NaN
1866.72,35.99,31.78,36.00,20.00,AUTO,0,62,NaN,-0.55,59.71,2.50,61.66,NaN,NaN,NaN,NaN,NaN,NaN,NaN,NaN,NaN,NaN
1867.72,35.99,31.78,36.00,20.00,AUTO,0,62,NaN,-0.55,59.71,2.50,61.66,NaN,NaN,NaN,NaN,NaN,NaN,NaN,NaN,NaN,NaN
1868.72,35.99,31.82,36.00,20.00,AUTO,0,62,NaN,-0.55,59.71,2.50,61.66,NaN,NaN,NaN,NaN,NaN,NaN,NaN,NaN,NaN,NaN
1869.73,35.99,31.82,36.00,20.00,AUTO,0,62,NaN,-0.55,59.71,2.50,61.66,NaN,NaN,NaN,NaN,NaN,NaN,NaN,NaN,NaN,NaN
1870.73,35.99,31.82,36.00,20.00,AUTO,0,62,NaN,-0.55,59.71,2.50,61.66,NaN,NaN,NaN,NaN,NaN,NaN,NaN,NaN,NaN,NaN
1871.73,36.00,31.82,36.00,20.00,AUTO,0,62,NaN,-0.55,59.71,2.50,61.66,NaN,NaN,NaN,NaN,NaN,NaN,NaN,NaN,NaN,NaN
1872.73,35.99,31.82,36.00,20.00,AUTO,0,62,NaN,-0.55,59.71,2.50,61.66,NaN,NaN,NaN,NaN,NaN,NaN,NaN,NaN,NaN,NaN
1873.73,36.01,31.83,36.00,20.00,AUTO,0,62,NaN,-0.55,59.71,2.50,61.66,NaN,NaN,NaN,NaN,NaN,NaN,NaN,NaN,NaN,NaN
1874.73,36.01,31.83,36.00,20.00,AUTO,0,62,NaN,-0.55,59.71,2.50,61.66,NaN,NaN,NaN,NaN,NaN,NaN,NaN,NaN,NaN,NaN
1875.74,36.01,31.80,36.00,20.00,AUTO,0,62,NaN,-0.55,59.71,2.50,61.66,NaN,NaN,NaN,NaN,NaN,NaN,NaN,NaN,NaN,NaN
1876.74,36.01,31.83,36.00,20.00,AUTO,0,62,NaN,-0.55,59.71,2.50,61.66,NaN,NaN,NaN,NaN,NaN,NaN,NaN,NaN,NaN,NaN
1877.74,36.01,31.80,36.00,20.00,AUTO,0,62,NaN,-0.55,59.71,2.50,61.66,NaN,NaN,NaN,NaN,NaN,NaN,NaN,NaN,NaN,NaN
1878.74,36.01,31.80,36.00,20.00,AUTO,0,59,NaN,-0.55,59.71,0.13,59.29,NaN,NaN,NaN,NaN,NaN,NaN,NaN,NaN,NaN,NaN
1879.74,36.01,31.80,36.00,20.00,AUTO,0,59,NaN,-0.55,59.71,0.13,59.29,NaN,NaN,NaN,NaN,NaN,NaN,NaN,NaN,NaN,NaN
1880.74,36.01,31.80,36.00,20.00,AUTO,0,59,NaN,-0.55,59.71,0.13,59.29,NaN,NaN,NaN,NaN,NaN,NaN,NaN,NaN,NaN,NaN
1881.75,36.01,31.80,36.00,20.00,AUTO,0,59,NaN,-0.55,59.71,0.13,59.29,NaN,NaN,NaN,NaN,NaN,NaN,NaN,NaN,NaN,NaN
1882.75,36.01,31.80,36.00,20.00,AUTO,0,59,NaN,-0.55,59.71,0.13,59.29,NaN,NaN,NaN,NaN,NaN,NaN,NaN,NaN,NaN,NaN
1883.75,36.01,31.80,36.00,20.00,AUTO,0,59,NaN,-0.55,59.71,0.13,59.29,NaN,NaN,NaN,NaN,NaN,NaN,NaN,NaN,NaN,NaN
1884.75,36.01,31.80,36.00,20.00,AUTO,0,59,NaN,-0.55,59.71,0.13,59.29,NaN,NaN,NaN,NaN,NaN,NaN,NaN,NaN,NaN,NaN
1885.75,36.01,31.80,36.00,20.00,AUTO,0,59,NaN,-0.55,59.71,0.13,59.29,NaN,NaN,NaN,NaN,NaN,NaN,NaN,NaN,NaN,NaN
1886.75,36.01,31.83,36.00,20.00,AUTO,0,59,NaN,-0.55,59.71,0.13,59.29,NaN,NaN,NaN,NaN,NaN,NaN,NaN,NaN,NaN,NaN
1887.75,36.02,31.83,36.00,20.00,AUTO,0,59,NaN,-0.55,59.71,0.13,59.29,NaN,NaN,NaN,NaN,NaN,NaN,NaN,NaN,NaN,NaN
1888.76,36.02,31.80,36.00,20.00,AUTO,0,59,NaN,-0.55,59.71,0.13,59.29,NaN,NaN,NaN,NaN,NaN,NaN,NaN,NaN,NaN,NaN
1889.76,36.02,31.80,36.00,20.00,AUTO,0,59,NaN,-0.55,59.71,0.13,59.29,NaN,NaN,NaN,NaN,NaN,NaN,NaN,NaN,NaN,NaN
1890.76,36.02,31.80,36.00,20.00,AUTO,0,59,NaN,-0.55,59.71,0.13,59.29,NaN,NaN,NaN,NaN,NaN,NaN,NaN,NaN,NaN,NaN
1891.76,36.02,31.80,36.00,20.00,AUTO,0,59,NaN,-0.55,59.71,0.13,59.29,NaN,NaN,NaN,NaN,NaN,NaN,NaN,NaN,NaN,NaN
1892.76,36.03,31.80,36.00,20.00,AUTO,0,59,NaN,-0.55,59.71,0.13,59.29,NaN,NaN,NaN,NaN,NaN,NaN,NaN,NaN,NaN,NaN
1893.77,36.01,31.80,36.00,20.00,AUTO,0,57,NaN,-1.37,59.64,-0.93,57.33,NaN,NaN,NaN,NaN,NaN,NaN,NaN,NaN,NaN,NaN
1894.77,36.01,31.80,36.00,20.00,AUTO,0,57,NaN,-1.37,59.64,-0.93,57.33,NaN,NaN,NaN,NaN,NaN,NaN,NaN,NaN,NaN,NaN
1895.77,36.01,31.83,36.00,20.00,AUTO,0,57,NaN,-1.37,59.64,-0.93,57.33,NaN,NaN,NaN,NaN,NaN,NaN,NaN,NaN,NaN,NaN
1896.77,36.01,31.83,36.00,20.00,AUTO,0,57,NaN,-1.37,59.64,-0.93,57.33,NaN,NaN,NaN,NaN,NaN,NaN,NaN,NaN,NaN,NaN
1897.77,36.01,31.83,36.00,20.00,AUTO,0,57,NaN,-1.37,59.64,-0.93,57.33,NaN,NaN,NaN,NaN,NaN,NaN,NaN,NaN,NaN,NaN
1898.77,36.01,31.83,36.00,20.00,AUTO,0,57,NaN,-1.37,59.64,-0.93,57.33,NaN,NaN,NaN,NaN,NaN,NaN,NaN,NaN,NaN,NaN
1899.77,36.01,31.83,36.00,20.00,AUTO,0,57,NaN,-1.37,59.64,-0.93,57.33,NaN,NaN,NaN,NaN,NaN,NaN,NaN,NaN,NaN,NaN
1900.77,36.01,31.83,36.00,20.00,AUTO,0,57,NaN,-1.37,59.64,-0.93,57.33,NaN,NaN,NaN,NaN,NaN,NaN,NaN,NaN,NaN,NaN
1901.78,36.01,31.83,36.00,20.00,AUTO,0,57,NaN,-1.37,59.64,-0.93,57.33,NaN,NaN,NaN,NaN,NaN,NaN,NaN,NaN,NaN,NaN
1902.78,36.02,31.83,36.00,20.00,AUTO,0,57,NaN,-1.37,59.64,-0.93,57.33,NaN,NaN,NaN,NaN,NaN,NaN,NaN,NaN,NaN,NaN
1903.78,36.01,31.83,36.00,20.00,AUTO,0,57,NaN,-1.37,59.64,-0.93,57.33,NaN,NaN,NaN,NaN,NaN,NaN,NaN,NaN,NaN,NaN
1904.78,36.03,31.83,36.00,20.00,AUTO,0,57,NaN,-1.37,59.64,-0.93,57.33,NaN,NaN,NaN,NaN,NaN,NaN,NaN,NaN,NaN,NaN
1905.78,36.03,31.83,36.00,20.00,AUTO,0,57,NaN,-1.37,59.64,-0.93,57.33,NaN,NaN,NaN,NaN,NaN,NaN,NaN,NaN,NaN,NaN
1906.78,36.03,31.83,36.00,20.00,AUTO,0,57,NaN,-1.37,59.64,-0.93,57.33,NaN,NaN,NaN,NaN,NaN,NaN,NaN,NaN,NaN,NaN
1907.79,36.03,31.83,36.00,20.00,AUTO,0,57,NaN,-1.37,59.64,-0.93,57.33,NaN,NaN,NaN,NaN,NaN,NaN,NaN,NaN,NaN,NaN
1908.79,36.01,31.83,36.00,20.00,AUTO,0,57,NaN,-1.65,59.55,-0.46,57.44,NaN,NaN,NaN,NaN,NaN,NaN,NaN,NaN,NaN,NaN
1909.79,36.01,31.83,36.00,20.00,AUTO,0,57,NaN,-1.65,59.55,-0.46,57.44,NaN,NaN,NaN,NaN,NaN,NaN,NaN,NaN,NaN,NaN
1910.79,36.01,31.83,36.00,20.00,AUTO,0,57,NaN,-1.65,59.55,-0.46,57.44,NaN,NaN,NaN,NaN,NaN,NaN,NaN,NaN,NaN,NaN
1911.79,36.01,31.83,36.00,20.00,AUTO,0,57,NaN,-1.65,59.55,-0.46,57.44,NaN,NaN,NaN,NaN,NaN,NaN,NaN,NaN,NaN,NaN
1912.79,36.01,31.83,36.00,20.00,AUTO,0,57,NaN,-1.65,59.55,-0.46,57.44,NaN,NaN,NaN,NaN,NaN,NaN,NaN,NaN,NaN,NaN
1913.80,36.01,31.83,36.00,20.00,AUTO,0,57,NaN,-1.65,59.55,-0.46,57.44,NaN,NaN,NaN,NaN,NaN,NaN,NaN,NaN,NaN,NaN
1914.80,36.01,31.83,36.00,20.00,AUTO,0,57,NaN,-1.65,59.55,-0.46,57.44,NaN,NaN,NaN,NaN,NaN,NaN,NaN,NaN,NaN,NaN
1915.80,36.01,31.83,36.00,20.00,AUTO,0,57,NaN,-1.65,59.55,-0.46,57.44,NaN,NaN,NaN,NaN,NaN,NaN,NaN,NaN,NaN,NaN
1916.80,36.01,31.83,36.00,20.00,AUTO,0,57,NaN,-1.65,59.55,-0.46,57.44,NaN,NaN,NaN,NaN,NaN,NaN,NaN,NaN,NaN,NaN
1917.80,36.02,31.83,36.00,20.00,AUTO,0,57,NaN,-1.65,59.55,-0.46,57.44,NaN,NaN,NaN,NaN,NaN,NaN,NaN,NaN,NaN,NaN
1918.80,36.03,31.83,36.00,20.00,AUTO,0,57,NaN,-1.65,59.55,-0.46,57.44,NaN,NaN,NaN,NaN,NaN,NaN,NaN,NaN,NaN,NaN
1919.80,36.04,31.83,36.00,20.00,AUTO,0,57,NaN,-1.65,59.55,-0.46,57.44,NaN,NaN,NaN,NaN,NaN,NaN,NaN,NaN,NaN,NaN
1920.80,36.04,31.83,36.00,20.00,AUTO,0,57,NaN,-1.65,59.55,-0.46,57.44,NaN,NaN,NaN,NaN,NaN,NaN,NaN,NaN,NaN,NaN
1921.81,36.04,31.83,36.00,20.00,AUTO,0,57,NaN,-1.65,59.55,-0.46,57.44,NaN,NaN,NaN,NaN,NaN,NaN,NaN,NaN,NaN,NaN
1922.81,36.04,31.83,36.00,20.00,AUTO,0,57,NaN,-1.65,59.55,-0.46,57.44,NaN,NaN,NaN,NaN,NaN,NaN,NaN,NaN,NaN,NaN
1923.81,36.03,31.83,36.00,20.00,AUTO,0,56,NaN,-2.20,59.45,-1.00,56.25,NaN,NaN,NaN,NaN,NaN,NaN,NaN,NaN,NaN,NaN
1924.81,36.03,31.83,36.00,20.00,AUTO,0,56,NaN,-2.20,59.45,-1.00,56.25,NaN,NaN,NaN,NaN,NaN,NaN,NaN,NaN,NaN,NaN
1925.81,36.03,31.83,36.00,20.00,AUTO,0,56,NaN,-2.20,59.45,-1.00,56.25,NaN,NaN,NaN,NaN,NaN,NaN,NaN,NaN,NaN,NaN
1926.82,36.03,31.83,36.00,20.00,AUTO,0,56,NaN,-2.20,59.45,-1.00,56.25,NaN,NaN,NaN,NaN,NaN,NaN,NaN,NaN,NaN,NaN
1927.82,36.03,31.83,36.00,20.00,AUTO,0,56,NaN,-2.20,59.45,-1.00,56.25,NaN,NaN,NaN,NaN,NaN,NaN,NaN,NaN,NaN,NaN
1928.82,36.03,31.83,36.00,20.00,AUTO,0,56,NaN,-2.20,59.45,-1.00,56.25,NaN,NaN,NaN,NaN,NaN,NaN,NaN,NaN,NaN,NaN
1929.82,36.02,31.83,36.00,20.00,AUTO,0,56,NaN,-2.20,59.45,-1.00,56.25,NaN,NaN,NaN,NaN,NaN,NaN,NaN,NaN,NaN,NaN
1930.82,36.03,31.83,36.00,20.00,AUTO,0,56,NaN,-2.20,59.45,-1.00,56.25,NaN,NaN,NaN,NaN,NaN,NaN,NaN,NaN,NaN,NaN
1931.82,36.04,31.83,36.00,20.00,AUTO,0,56,NaN,-2.20,59.45,-1.00,56.25,NaN,NaN,NaN,NaN,NaN,NaN,NaN,NaN,NaN,NaN
1932.83,36.04,31.83,36.00,20.00,AUTO,0,56,NaN,-2.20,59.45,-1.00,56.25,NaN,NaN,NaN,NaN,NaN,NaN,NaN,NaN,NaN,NaN
1933.83,36.04,31.83,36.00,20.00,AUTO,0,56,NaN,-2.20,59.45,-1.00,56.25,NaN,NaN,NaN,NaN,NaN,NaN,NaN,NaN,NaN,NaN
1934.83,36.06,31.83,36.00,20.00,AUTO,0,56,NaN,-2.20,59.45,-1.00,56.25,NaN,NaN,NaN,NaN,NaN,NaN,NaN,NaN,NaN,NaN
1935.83,36.04,31.83,36.00,20.00,AUTO,0,56,NaN,-2.20,59.45,-1.00,56.25,NaN,NaN,NaN,NaN,NaN,NaN,NaN,NaN,NaN,NaN
1936.83,36.03,31.83,36.00,20.00,AUTO,0,56,NaN,-2.20,59.45,-1.00,56.25,NaN,NaN,NaN,NaN,NaN,NaN,NaN,NaN,NaN,NaN
1937.83,36.04,31.83,36.00,20.00,AUTO,0,56,NaN,-2.20,59.45,-1.00,56.25,NaN,NaN,NaN,NaN,NaN,NaN,NaN,NaN,NaN,NaN
1938.83,36.02,31.83,36.00,20.00,AUTO,0,57,NaN,-1.93,59.27,-0.37,56.97,NaN,NaN,NaN,NaN,NaN,NaN,NaN,NaN,NaN,NaN
1939.84,36.02,31.83,36.00,20.00,AUTO,0,57,NaN,-1.93,59.27,-0.37,56.97,NaN,NaN,NaN,NaN,NaN,NaN,NaN,NaN,NaN,NaN
1940.84,36.02,31.83,36.00,20.00,AUTO,0,57,NaN,-1.93,59.27,-0.37,56.97,NaN,NaN,NaN,NaN,NaN,NaN,NaN,NaN,NaN,NaN
1941.84,36.01,31.88,36.00,20.00,AUTO,0,57,NaN,-1.93,59.27,-0.37,56.97,NaN,NaN,NaN,NaN,NaN,NaN,NaN,NaN,NaN,NaN
1942.84,36.01,31.88,36.00,20.00,AUTO,0,57,NaN,-1.93,59.27,-0.37,56.97,NaN,NaN,NaN,NaN,NaN,NaN,NaN,NaN,NaN,NaN
1943.84,36.01,31.88,36.00,20.00,AUTO,0,57,NaN,-1.93,59.27,-0.37,56.97,NaN,NaN,NaN,NaN,NaN,NaN,NaN,NaN,NaN,NaN
1944.84,36.01,31.88,36.00,20.00,AUTO,0,57,NaN,-1.93,59.27,-0.37,56.97,NaN,NaN,NaN,NaN,NaN,NaN,NaN,NaN,NaN,NaN
1945.85,36.01,31.92,36.00,20.00,AUTO,0,57,NaN,-1.93,59.27,-0.37,56.97,NaN,NaN,NaN,NaN,NaN,NaN,NaN,NaN,NaN,NaN
1946.85,36.01,31.92,36.00,20.00,AUTO,0,57,NaN,-1.93,59.27,-0.37,56.97,NaN,NaN,NaN,NaN,NaN,NaN,NaN,NaN,NaN,NaN
1947.85,36.02,31.92,36.00,20.00,AUTO,0,57,NaN,-1.93,59.27,-0.37,56.97,NaN,NaN,NaN,NaN,NaN,NaN,NaN,NaN,NaN,NaN
1948.85,36.03,31.92,36.00,20.00,AUTO,0,57,NaN,-1.93,59.27,-0.37,56.97,NaN,NaN,NaN,NaN,NaN,NaN,NaN,NaN,NaN,NaN
1949.85,36.03,31.92,36.00,20.00,AUTO,0,57,NaN,-1.93,59.27,-0.37,56.97,NaN,NaN,NaN,NaN,NaN,NaN,NaN,NaN,NaN,NaN
1950.85,36.04,31.88,36.00,20.00,AUTO,0,57,NaN,-1.93,59.27,-0.37,56.97,NaN,NaN,NaN,NaN,NaN,NaN,NaN,NaN,NaN,NaN
1951.85,36.04,31.88,36.00,20.00,AUTO,0,57,NaN,-1.93,59.27,-0.37,56.97,NaN,NaN,NaN,NaN,NaN,NaN,NaN,NaN,NaN,NaN
1952.85,36.04,31.88,36.00,20.00,AUTO,0,57,NaN,-1.93,59.27,-0.37,56.97,NaN,NaN,NaN,NaN,NaN,NaN,NaN,NaN,NaN,NaN
1953.86,36.02,31.88,36.00,20.00,AUTO,0,57,NaN,-2.20,59.15,0.51,57.47,NaN,NaN,NaN,NaN,NaN,NaN,NaN,NaN,NaN,NaN
1954.86,36.01,31.88,36.00,20.00,AUTO,0,57,NaN,-2.20,59.15,0.51,57.47,NaN,NaN,NaN,NaN,NaN,NaN,NaN,NaN,NaN,NaN
1955.86,36.01,31.88,36.00,20.00,AUTO,0,57,NaN,-2.20,59.15,0.51,57.47,NaN,NaN,NaN,NaN,NaN,NaN,NaN,NaN,NaN,NaN
1956.86,36.01,31.92,36.00,20.00,AUTO,0,57,NaN,-2.20,59.15,0.51,57.47,NaN,NaN,NaN,NaN,NaN,NaN,NaN,NaN,NaN,NaN
1957.86,36.01,31.92,36.00,20.00,AUTO,0,57,NaN,-2.20,59.15,0.51,57.47,NaN,NaN,NaN,NaN,NaN,NaN,NaN,NaN,NaN,NaN
1958.87,36.01,31.92,36.00,20.00,AUTO,0,57,NaN,-2.20,59.15,0.51,57.47,NaN,NaN,NaN,NaN,NaN,NaN,NaN,NaN,NaN,NaN
1959.87,36.01,31.92,36.00,20.00,AUTO,0,57,NaN,-2.20,59.15,0.51,57.47,NaN,NaN,NaN,NaN,NaN,NaN,NaN,NaN,NaN,NaN
1960.87,36.01,31.92,36.00,20.00,AUTO,0,57,NaN,-2.20,59.15,0.51,57.47,NaN,NaN,NaN,NaN,NaN,NaN,NaN,NaN,NaN,NaN
1961.87,36.01,31.92,36.00,20.00,AUTO,0,57,NaN,-2.20,59.15,0.51,57.47,NaN,NaN,NaN,NaN,NaN,NaN,NaN,NaN,NaN,NaN
1962.87,36.03,31.92,36.00,20.00,AUTO,0,57,NaN,-2.20,59.15,0.51,57.47,NaN,NaN,NaN,NaN,NaN,NaN,NaN,NaN,NaN,NaN
1963.87,36.01,31.92,36.00,20.00,AUTO,0,57,NaN,-2.20,59.15,0.51,57.47,NaN,NaN,NaN,NaN,NaN,NaN,NaN,NaN,NaN,NaN
1964.87,36.02,31.92,36.00,20.00,AUTO,0,57,NaN,-2.20,59.15,0.51,57.47,NaN,NaN,NaN,NaN,NaN,NaN,NaN,NaN,NaN,NaN
1965.87,36.03,31.92,36.00,20.00,AUTO,0,57,NaN,-2.20,59.15,0.51,57.47,NaN,NaN,NaN,NaN,NaN,NaN,NaN,NaN,NaN,NaN
1966.88,36.02,31.92,36.00,20.00,AUTO,0,57,NaN,-2.20,59.15,0.51,57.47,NaN,NaN,NaN,NaN,NaN,NaN,NaN,NaN,NaN,NaN
1967.88,36.02,31.92,36.00,20.00,AUTO,0,57,NaN,-2.20,59.15,0.51,57.47,NaN,NaN,NaN,NaN,NaN,NaN,NaN,NaN,NaN,NaN
1968.88,36.01,31.92,36.00,20.00,AUTO,0,59,NaN,-1.10,59.07,0.91,58.89,NaN,NaN,NaN,NaN,NaN,NaN,NaN,NaN,NaN,NaN
1969.88,36.01,31.92,36.00,20.00,AUTO,0,59,NaN,-1.10,59.07,0.91,58.89,NaN,NaN,NaN,NaN,NaN,NaN,NaN,NaN,NaN,NaN
1970.88,36.01,31.92,36.00,20.00,AUTO,0,59,NaN,-1.10,59.07,0.91,58.89,NaN,NaN,NaN,NaN,NaN,NaN,NaN,NaN,NaN,NaN
1971.88,36.01,31.92,36.00,20.00,AUTO,0,59,NaN,-1.10,59.07,0.91,58.89,NaN,NaN,NaN,NaN,NaN,NaN,NaN,NaN,NaN,NaN
1972.89,36.01,31.92,36.00,20.00,AUTO,0,59,NaN,-1.10,59.07,0.91,58.89,NaN,NaN,NaN,NaN,NaN,NaN,NaN,NaN,NaN,NaN
1973.89,36.01,31.92,36.00,20.00,AUTO,0,59,NaN,-1.10,59.07,0.91,58.89,NaN,NaN,NaN,NaN,NaN,NaN,NaN,NaN,NaN,NaN
1974.89,36.01,31.92,36.00,20.00,AUTO,0,59,NaN,-1.10,59.07,0.91,58.89,NaN,NaN,NaN,NaN,NaN,NaN,NaN,NaN,NaN,NaN
1975.89,36.01,31.92,36.00,20.00,AUTO,0,59,NaN,-1.10,59.07,0.91,58.89,NaN,NaN,NaN,NaN,NaN,NaN,NaN,NaN,NaN,NaN
1976.89,36.01,31.92,36.00,20.00,AUTO,0,59,NaN,-1.10,59.07,0.91,58.89,NaN,NaN,NaN,NaN,NaN,NaN,NaN,NaN,NaN,NaN
1977.90,36.02,31.92,36.00,20.00,AUTO,0,59,NaN,-1.10,59.07,0.91,58.89,NaN,NaN,NaN,NaN,NaN,NaN,NaN,NaN,NaN,NaN
1978.89,36.02,31.92,36.00,20.00,AUTO,0,59,NaN,-1.10,59.07,0.91,58.89,NaN,NaN,NaN,NaN,NaN,NaN,NaN,NaN,NaN,NaN
1979.90,36.03,31.92,36.00,20.00,AUTO,0,59,NaN,-1.10,59.07,0.91,58.89,NaN,NaN,NaN,NaN,NaN,NaN,NaN,NaN,NaN,NaN
1980.90,36.04,31.92,36.00,20.00,AUTO,0,59,NaN,-1.10,59.07,0.91,58.89,NaN,NaN,NaN,NaN,NaN,NaN,NaN,NaN,NaN,NaN
1981.90,36.04,31.92,36.00,20.00,AUTO,0,59,NaN,-1.10,59.07,0.91,58.89,NaN,NaN,NaN,NaN,NaN,NaN,NaN,NaN,NaN,NaN
1982.90,36.04,31.92,36.00,20.00,AUTO,0,59,NaN,-1.10,59.07,0.91,58.89,NaN,NaN,NaN,NaN,NaN,NaN,NaN,NaN,NaN,NaN
1983.90,36.03,31.92,36.00,20.00,AUTO,0,56,NaN,-2.20,58.97,-1.15,55.62,NaN,NaN,NaN,NaN,NaN,NaN,NaN,NaN,NaN,NaN
1984.90,36.03,31.92,36.00,20.00,AUTO,0,56,NaN,-2.20,58.97,-1.15,55.62,NaN,NaN,NaN,NaN,NaN,NaN,NaN,NaN,NaN,NaN
1985.91,36.02,31.92,36.00,20.00,AUTO,0,56,NaN,-2.20,58.97,-1.15,55.62,NaN,NaN,NaN,NaN,NaN,NaN,NaN,NaN,NaN,NaN
1986.91,36.02,31.92,36.00,20.00,AUTO,0,56,NaN,-2.20,58.97,-1.15,55.62,NaN,NaN,NaN,NaN,NaN,NaN,NaN,NaN,NaN,NaN
1987.91,36.01,31.92,36.00,20.00,AUTO,0,56,NaN,-2.20,58.97,-1.15,55.62,NaN,NaN,NaN,NaN,NaN,NaN,NaN,NaN,NaN,NaN
1988.91,36.01,31.92,36.00,20.00,AUTO,0,56,NaN,-2.20,58.97,-1.15,55.62,NaN,NaN,NaN,NaN,NaN,NaN,NaN,NaN,NaN,NaN
1989.91,36.01,31.92,36.00,20.00,AUTO,0,56,NaN,-2.20,58.97,-1.15,55.62,NaN,NaN,NaN,NaN,NaN,NaN,NaN,NaN,NaN,NaN
1990.92,36.01,31.92,36.00,20.00,AUTO,0,56,NaN,-2.20,58.97,-1.15,55.62,NaN,NaN,NaN,NaN,NaN,NaN,NaN,NaN,NaN,NaN
1991.92,36.01,31.92,36.00,20.00,AUTO,0,56,NaN,-2.20,58.97,-1.15,55.62,NaN,NaN,NaN,NaN,NaN,NaN,NaN,NaN,NaN,NaN
1992.92,36.03,31.92,36.00,20.00,AUTO,0,56,NaN,-2.20,58.97,-1.15,55.62,NaN,NaN,NaN,NaN,NaN,NaN,NaN,NaN,NaN,NaN
1993.92,36.03,31.92,36.00,20.00,AUTO,0,56,NaN,-2.20,58.97,-1.15,55.62,NaN,NaN,NaN,NaN,NaN,NaN,NaN,NaN,NaN,NaN
1994.92,36.04,31.92,36.00,20.00,AUTO,0,56,NaN,-2.20,58.97,-1.15,55.62,NaN,NaN,NaN,NaN,NaN,NaN,NaN,NaN,NaN,NaN
1995.92,36.04,31.92,36.00,20.00,AUTO,0,56,NaN,-2.20,58.97,-1.15,55.62,NaN,NaN,NaN,NaN,NaN,NaN,NaN,NaN,NaN,NaN
1996.93,36.04,31.92,36.00,20.00,AUTO,0,56,NaN,-2.20,58.97,-1.15,55.62,NaN,NaN,NaN,NaN,NaN,NaN,NaN,NaN,NaN,NaN
1997.92,36.04,31.92,36.00,20.00,AUTO,0,56,NaN,-2.20,58.97,-1.15,55.62,NaN,NaN,NaN,NaN,NaN,NaN,NaN,NaN,NaN,NaN
1998.93,36.03,31.92,36.00,20.00,AUTO,0,56,NaN,-2.20,58.85,-0.20,56.45,NaN,NaN,NaN,NaN,NaN,NaN,NaN,NaN,NaN,NaN
1999.93,36.03,31.92,36.00,20.00,AUTO,0,56,NaN,-2.20,58.85,-0.20,56.45,NaN,NaN,NaN,NaN,NaN,NaN,NaN,NaN,NaN,NaN
2000.93,36.03,31.92,36.00,20.00,AUTO,0,56,NaN,-2.20,58.85,-0.20,56.45,NaN,NaN,NaN,NaN,NaN,NaN,NaN,NaN,NaN,NaN
2001.93,36.02,31.92,36.00,20.00,AUTO,0,56,NaN,-2.20,58.85,-0.20,56.45,NaN,NaN,NaN,NaN,NaN,NaN,NaN,NaN,NaN,NaN
2002.93,36.01,31.92,36.00,20.00,AUTO,0,56,NaN,-2.20,58.85,-0.20,56.45,NaN,NaN,NaN,NaN,NaN,NaN,NaN,NaN,NaN,NaN
2003.93,36.02,31.92,36.00,20.00,AUTO,0,56,NaN,-2.20,58.85,-0.20,56.45,NaN,NaN,NaN,NaN,NaN,NaN,NaN,NaN,NaN,NaN
2004.94,36.02,31.92,36.00,20.00,AUTO,0,56,NaN,-2.20,58.85,-0.20,56.45,NaN,NaN,NaN,NaN,NaN,NaN,NaN,NaN,NaN,NaN
2005.94,36.02,31.92,36.00,20.00,AUTO,0,56,NaN,-2.20,58.85,-0.20,56.45,NaN,NaN,NaN,NaN,NaN,NaN,NaN,NaN,NaN,NaN
2006.94,36.03,31.92,36.00,20.00,AUTO,0,56,NaN,-2.20,58.85,-0.20,56.45,NaN,NaN,NaN,NaN,NaN,NaN,NaN,NaN,NaN,NaN
2007.94,36.06,31.92,36.00,20.00,AUTO,0,56,NaN,-2.20,58.85,-0.20,56.45,NaN,NaN,NaN,NaN,NaN,NaN,NaN,NaN,NaN,NaN
2008.94,36.06,31.92,36.00,20.00,AUTO,0,56,NaN,-2.20,58.85,-0.20,56.45,NaN,NaN,NaN,NaN,NaN,NaN,NaN,NaN,NaN,NaN
2009.94,36.06,31.92,36.00,20.00,AUTO,0,56,NaN,-2.20,58.85,-0.20,56.45,NaN,NaN,NaN,NaN,NaN,NaN,NaN,NaN,NaN,NaN
2010.94,36.06,31.92,36.00,20.00,AUTO,0,56,NaN,-2.20,58.85,-0.20,56.45,NaN,NaN,NaN,NaN,NaN,NaN,NaN,NaN,NaN,NaN
2011.95,36.06,31.92,36.00,20.00,AUTO,0,56,NaN,-2.20,58.85,-0.20,56.45,NaN,NaN,NaN,NaN,NaN,NaN,NaN,NaN,NaN,NaN
2012.95,36.06,31.92,36.00,20.00,AUTO,0,56,NaN,-2.20,58.85,-0.20,56.45,NaN,NaN,NaN,NaN,NaN,NaN,NaN,NaN,NaN,NaN
2013.95,36.03,31.92,36.00,20.00,AUTO,0,54,NaN,-3.30,58.65,-1.73,53.61,NaN,NaN,NaN,NaN,NaN,NaN,NaN,NaN,NaN,NaN
2014.95,36.03,31.92,36.00,20.00,AUTO,0,54,NaN,-3.30,58.65,-1.73,53.61,NaN,NaN,NaN,NaN,NaN,NaN,NaN,NaN,NaN,NaN
2015.95,36.03,31.92,36.00,20.00,AUTO,0,54,NaN,-3.30,58.65,-1.73,53.61,NaN,NaN,NaN,NaN,NaN,NaN,NaN,NaN,NaN,NaN
2016.95,36.03,31.92,36.00,20.00,AUTO,0,54,NaN,-3.30,58.65,-1.73,53.61,NaN,NaN,NaN,NaN,NaN,NaN,NaN,NaN,NaN,NaN
2017.96,36.03,31.92,36.00,20.00,AUTO,0,54,NaN,-3.30,58.65,-1.73,53.61,NaN,NaN,NaN,NaN,NaN,NaN,NaN,NaN,NaN,NaN
2018.96,36.03,31.92,36.00,20.00,AUTO,0,54,NaN,-3.30,58.65,-1.73,53.61,NaN,NaN,NaN,NaN,NaN,NaN,NaN,NaN,NaN,NaN
2019.96,36.03,31.96,36.00,20.00,AUTO,0,54,NaN,-3.30,58.65,-1.73,53.61,NaN,NaN,NaN,NaN,NaN,NaN,NaN,NaN,NaN,NaN
2020.96,36.04,31.96,36.00,20.00,AUTO,0,54,NaN,-3.30,58.65,-1.73,53.61,NaN,NaN,NaN,NaN,NaN,NaN,NaN,NaN,NaN,NaN
2021.96,36.04,31.92,36.00,20.00,AUTO,0,54,NaN,-3.30,58.65,-1.73,53.61,NaN,NaN,NaN,NaN,NaN,NaN,NaN,NaN,NaN,NaN
2022.97,36.06,31.92,36.00,20.00,AUTO,0,54,NaN,-3.30,58.65,-1.73,53.61,NaN,NaN,NaN,NaN,NaN,NaN,NaN,NaN,NaN,NaN
2023.97,36.06,31.92,36.00,20.00,AUTO,0,54,NaN,-3.30,58.65,-1.73,53.61,NaN,NaN,NaN,NaN,NaN,NaN,NaN,NaN,NaN,NaN
2024.97,36.07,31.92,36.00,20.00,AUTO,0,54,NaN,-3.30,58.65,-1.73,53.61,NaN,NaN,NaN,NaN,NaN,NaN,NaN,NaN,NaN,NaN
2025.97,36.07,31.92,36.00,20.00,AUTO,0,54,NaN,-3.30,58.65,-1.73,53.61,NaN,NaN,NaN,NaN,NaN,NaN,NaN,NaN,NaN,NaN
2026.97,36.06,31.92,36.00,20.00,AUTO,0,54,NaN,-3.30,58.65,-1.73,53.61,NaN,NaN,NaN,NaN,NaN,NaN,NaN,NaN,NaN,NaN
2027.97,36.06,31.92,36.00,20.00,AUTO,0,54,NaN,-3.30,58.65,-1.73,53.61,NaN,NaN,NaN,NaN,NaN,NaN,NaN,NaN,NaN,NaN
2028.98,36.03,31.92,36.00,20.00,AUTO,0,55,NaN,-3.30,58.41,-0.60,54.51,NaN,NaN,NaN,NaN,NaN,NaN,NaN,NaN,NaN,NaN
2029.97,36.03,31.96,36.00,20.00,AUTO,0,55,NaN,-3.30,58.41,-0.60,54.51,NaN,NaN,NaN,NaN,NaN,NaN,NaN,NaN,NaN,NaN
2030.98,36.03,31.96,36.00,20.00,AUTO,0,55,NaN,-3.30,58.41,-0.60,54.51,NaN,NaN,NaN,NaN,NaN,NaN,NaN,NaN,NaN,NaN
2031.98,36.02,31.96,36.00,20.00,AUTO,0,55,NaN,-3.30,58.41,-0.60,54.51,NaN,NaN,NaN,NaN,NaN,NaN,NaN,NaN,NaN,NaN
2032.98,36.02,31.96,36.00,20.00,AUTO,0,55,NaN,-3.30,58.41,-0.60,54.51,NaN,NaN,NaN,NaN,NaN,NaN,NaN,NaN,NaN,NaN
2033.98,36.02,31.96,36.00,20.00,AUTO,0,55,NaN,-3.30,58.41,-0.60,54.51,NaN,NaN,NaN,NaN,NaN,NaN,NaN,NaN,NaN,NaN
2034.98,36.02,31.96,36.00,20.00,AUTO,0,55,NaN,-3.30,58.41,-0.60,54.51,NaN,NaN,NaN,NaN,NaN,NaN,NaN,NaN,NaN,NaN
2035.98,36.02,31.96,36.00,20.00,AUTO,0,55,NaN,-3.30,58.41,-0.60,54.51,NaN,NaN,NaN,NaN,NaN,NaN,NaN,NaN,NaN,NaN
2036.99,36.03,31.96,36.00,20.00,AUTO,0,55,NaN,-3.30,58.41,-0.60,54.51,NaN,NaN,NaN,NaN,NaN,NaN,NaN,NaN,NaN,NaN
2037.99,36.02,31.96,36.00,20.00,AUTO,0,55,NaN,-3.30,58.41,-0.60,54.51,NaN,NaN,NaN,NaN,NaN,NaN,NaN,NaN,NaN,NaN
2038.99,36.02,31.96,36.00,20.00,AUTO,0,55,NaN,-3.30,58.41,-0.60,54.51,NaN,NaN,NaN,NaN,NaN,NaN,NaN,NaN,NaN,NaN
2039.99,36.02,31.96,36.00,20.00,AUTO,0,55,NaN,-3.30,58.41,-0.60,54.51,NaN,NaN,NaN,NaN,NaN,NaN,NaN,NaN,NaN,NaN
2040.99,36.02,32.00,36.00,20.00,AUTO,0,55,NaN,-3.30,58.41,-0.60,54.51,NaN,NaN,NaN,NaN,NaN,NaN,NaN,NaN,NaN,NaN
2041.99,36.02,32.00,36.00,20.00,AUTO,0,55,NaN,-3.30,58.41,-0.60,54.51,NaN,NaN,NaN,NaN,NaN,NaN,NaN,NaN,NaN,NaN
2042.99,36.02,32.00,36.00,20.00,AUTO,0,55,NaN,-3.30,58.41,-0.60,54.51,NaN,NaN,NaN,NaN,NaN,NaN,NaN,NaN,NaN,NaN
2044.00,36.01,32.00,36.00,20.00,AUTO,0,60,NaN,-1.10,58.29,3.12,60.32,NaN,NaN,NaN,NaN,NaN,NaN,NaN,NaN,NaN,NaN
2045.00,36.01,32.00,36.00,20.00,AUTO,0,60,NaN,-1.10,58.29,3.12,60.32,NaN,NaN,NaN,NaN,NaN,NaN,NaN,NaN,NaN,NaN
2046.00,36.00,32.00,36.00,20.00,AUTO,0,60,NaN,-1.10,58.29,3.12,60.32,NaN,NaN,NaN,NaN,NaN,NaN,NaN,NaN,NaN,NaN
2047.00,36.00,32.02,36.00,20.00,AUTO,0,60,NaN,-1.10,58.29,3.12,60.32,NaN,NaN,NaN,NaN,NaN,NaN,NaN,NaN,NaN,NaN
2048.02,36.00,32.02,36.00,20.00,AUTO,0,60,NaN,-1.10,58.29,3.12,60.32,NaN,NaN,NaN,NaN,NaN,NaN,NaN,NaN,NaN,NaN
2049.01,36.00,32.04,36.00,20.00,AUTO,0,60,NaN,-1.10,58.29,3.12,60.32,NaN,NaN,NaN,NaN,NaN,NaN,NaN,NaN,NaN,NaN
2050.01,36.00,32.02,36.00,20.00,AUTO,0,60,NaN,-1.10,58.29,3.12,60.32,NaN,NaN,NaN,NaN,NaN,NaN,NaN,NaN,NaN,NaN
2051.01,36.00,32.02,36.00,20.00,AUTO,0,60,NaN,-1.10,58.29,3.12,60.32,NaN,NaN,NaN,NaN,NaN,NaN,NaN,NaN,NaN,NaN
2052.01,36.00,32.04,36.00,20.00,AUTO,0,60,NaN,-1.10,58.29,3.12,60.32,NaN,NaN,NaN,NaN,NaN,NaN,NaN,NaN,NaN,NaN
2053.01,36.01,32.04,36.00,20.00,AUTO,0,60,NaN,-1.10,58.29,3.12,60.32,NaN,NaN,NaN,NaN,NaN,NaN,NaN,NaN,NaN,NaN
2054.01,36.01,32.04,36.00,20.00,AUTO,0,60,NaN,-1.10,58.29,3.12,60.32,NaN,NaN,NaN,NaN,NaN,NaN,NaN,NaN,NaN,NaN
2055.01,36.01,32.04,36.00,20.00,AUTO,0,60,NaN,-1.10,58.29,3.12,60.32,NaN,NaN,NaN,NaN,NaN,NaN,NaN,NaN,NaN,NaN
2056.02,36.01,32.04,36.00,20.00,AUTO,0,60,NaN,-1.10,58.29,3.12,60.32,NaN,NaN,NaN,NaN,NaN,NaN,NaN,NaN,NaN,NaN
2057.02,36.01,32.04,36.00,20.00,AUTO,0,60,NaN,-1.10,58.29,3.12,60.32,NaN,NaN,NaN,NaN,NaN,NaN,NaN,NaN,NaN,NaN
2058.02,36.02,32.04,36.00,20.00,AUTO,0,60,NaN,-1.10,58.29,3.12,60.32,NaN,NaN,NaN,NaN,NaN,NaN,NaN,NaN,NaN,NaN
2059.02,36.01,32.04,36.00,20.00,AUTO,0,58,NaN,-0.83,58.26,0.57,58.00,NaN,NaN,NaN,NaN,NaN,NaN,NaN,NaN,NaN,NaN
2060.02,36.01,32.04,36.00,20.00,AUTO,0,58,NaN,-0.83,58.26,0.57,58.00,NaN,NaN,NaN,NaN,NaN,NaN,NaN,NaN,NaN,NaN
2061.03,36.01,32.04,36.00,20.00,AUTO,0,58,NaN,-0.83,58.26,0.57,58.00,NaN,NaN,NaN,NaN,NaN,NaN,NaN,NaN,NaN,NaN
2062.02,36.01,32.04,36.00,20.00,AUTO,0,58,NaN,-0.83,58.26,0.57,58.00,NaN,NaN,NaN,NaN,NaN,NaN,NaN,NaN,NaN,NaN
2063.03,36.01,32.04,36.00,20.00,AUTO,0,58,NaN,-0.83,58.26,0.57,58.00,NaN,NaN,NaN,NaN,NaN,NaN,NaN,NaN,NaN,NaN
2064.03,36.01,32.04,36.00,20.00,AUTO,0,58,NaN,-0.83,58.26,0.57,58.00,NaN,NaN,NaN,NaN,NaN,NaN,NaN,NaN,NaN,NaN
2065.03,36.01,32.04,36.00,20.00,AUTO,0,58,NaN,-0.83,58.26,0.57,58.00,NaN,NaN,NaN,NaN,NaN,NaN,NaN,NaN,NaN,NaN
2066.03,36.01,32.04,36.00,20.00,AUTO,0,58,NaN,-0.83,58.26,0.57,58.00,NaN,NaN,NaN,NaN,NaN,NaN,NaN,NaN,NaN,NaN
2067.03,36.02,32.04,36.00,20.00,AUTO,0,58,NaN,-0.83,58.26,0.57,58.00,NaN,NaN,NaN,NaN,NaN,NaN,NaN,NaN,NaN,NaN
2068.03,36.03,32.04,36.00,20.00,AUTO,0,58,NaN,-0.83,58.26,0.57,58.00,NaN,NaN,NaN,NaN,NaN,NaN,NaN,NaN,NaN,NaN
2069.04,36.06,32.04,36.00,20.00,AUTO,0,58,NaN,-0.83,58.26,0.57,58.00,NaN,NaN,NaN,NaN,NaN,NaN,NaN,NaN,NaN,NaN
2070.04,36.07,32.00,36.00,20.00,AUTO,0,58,NaN,-0.83,58.26,0.57,58.00,NaN,NaN,NaN,NaN,NaN,NaN,NaN,NaN,NaN,NaN
2071.04,36.06,32.00,36.00,20.00,AUTO,0,58,NaN,-0.83,58.26,0.57,58.00,NaN,NaN,NaN,NaN,NaN,NaN,NaN,NaN,NaN,NaN
2072.04,36.07,32.00,36.00,20.00,AUTO,0,58,NaN,-0.83,58.26,0.57,58.00,NaN,NaN,NaN,NaN,NaN,NaN,NaN,NaN,NaN,NaN
2073.04,36.07,32.00,36.00,20.00,AUTO,0,58,NaN,-0.83,58.26,0.57,58.00,NaN,NaN,NaN,NaN,NaN,NaN,NaN,NaN,NaN,NaN
2074.05,36.06,32.00,36.00,20.00,AUTO,0,50,NaN,-3.85,58.10,-3.95,50.30,NaN,NaN,NaN,NaN,NaN,NaN,NaN,NaN,NaN,NaN
2075.05,36.06,31.96,36.00,20.00,AUTO,0,50,NaN,-3.85,58.10,-3.95,50.30,NaN,NaN,NaN,NaN,NaN,NaN,NaN,NaN,NaN,NaN
2076.05,36.04,31.96,36.00,20.00,AUTO,0,50,NaN,-3.85,58.10,-3.95,50.30,NaN,NaN,NaN,NaN,NaN,NaN,NaN,NaN,NaN,NaN
2077.05,36.04,32.00,36.00,20.00,AUTO,0,50,NaN,-3.85,58.10,-3.95,50.30,NaN,NaN,NaN,NaN,NaN,NaN,NaN,NaN,NaN,NaN
2078.05,36.04,32.00,36.00,20.00,AUTO,0,50,NaN,-3.85,58.10,-3.95,50.30,NaN,NaN,NaN,NaN,NaN,NaN,NaN,NaN,NaN,NaN
2079.05,36.04,32.00,36.00,20.00,AUTO,0,50,NaN,-3.85,58.10,-3.95,50.30,NaN,NaN,NaN,NaN,NaN,NaN,NaN,NaN,NaN,NaN
2080.05,36.04,32.00,36.00,20.00,AUTO,0,50,NaN,-3.85,58.10,-3.95,50.30,NaN,NaN,NaN,NaN,NaN,NaN,NaN,NaN,NaN,NaN
2081.05,36.06,32.00,36.00,20.00,AUTO,0,50,NaN,-3.85,58.10,-3.95,50.30,NaN,NaN,NaN,NaN,NaN,NaN,NaN,NaN,NaN,NaN
2082.06,36.07,32.00,36.00,20.00,AUTO,0,50,NaN,-3.85,58.10,-3.95,50.30,NaN,NaN,NaN,NaN,NaN,NaN,NaN,NaN,NaN,NaN
2083.06,36.08,32.00,36.00,20.00,AUTO,0,50,NaN,-3.85,58.10,-3.95,50.30,NaN,NaN,NaN,NaN,NaN,NaN,NaN,NaN,NaN,NaN
2084.06,36.09,32.00,36.00,20.00,AUTO,0,50,NaN,-3.85,58.10,-3.95,50.30,NaN,NaN,NaN,NaN,NaN,NaN,NaN,NaN,NaN,NaN
2085.06,36.09,31.96,36.00,20.00,AUTO,0,50,NaN,-3.85,58.10,-3.95,50.30,NaN,NaN,NaN,NaN,NaN,NaN,NaN,NaN,NaN,NaN
2086.06,36.09,31.96,36.00,20.00,AUTO,0,50,NaN,-3.85,58.10,-3.95,50.30,NaN,NaN,NaN,NaN,NaN,NaN,NaN,NaN,NaN,NaN
2087.06,36.09,31.96,36.00,20.00,AUTO,0,50,NaN,-3.85,58.10,-3.95,50.30,NaN,NaN,NaN,NaN,NaN,NaN,NaN,NaN,NaN,NaN
2088.07,36.09,31.96,36.00,20.00,AUTO,0,50,NaN,-3.85,58.10,-3.95,50.30,NaN,NaN,NaN,NaN,NaN,NaN,NaN,NaN,NaN,NaN
2089.07,36.08,31.96,36.00,20.00,AUTO,0,51,NaN,-4.95,57.76,-1.98,50.83,NaN,NaN,NaN,NaN,NaN,NaN,NaN,NaN,NaN,NaN
2090.07,36.07,31.96,36.00,20.00,AUTO,0,51,NaN,-4.95,57.76,-1.98,50.83,NaN,NaN,NaN,NaN,NaN,NaN,NaN,NaN,NaN,NaN
2091.07,36.07,31.96,36.00,20.00,AUTO,0,51,NaN,-4.95,57.76,-1.98,50.83,NaN,NaN,NaN,NaN,NaN,NaN,NaN,NaN,NaN,NaN
2092.07,36.06,31.96,36.00,20.00,AUTO,0,51,NaN,-4.95,57.76,-1.98,50.83,NaN,NaN,NaN,NaN,NaN,NaN,NaN,NaN,NaN,NaN
2093.07,36.06,32.00,36.00,20.00,AUTO,0,51,NaN,-4.95,57.76,-1.98,50.83,NaN,NaN,NaN,NaN,NaN,NaN,NaN,NaN,NaN,NaN
2094.07,36.06,32.00,36.00,20.00,AUTO,0,51,NaN,-4.95,57.76,-1.98,50.83,NaN,NaN,NaN,NaN,NaN,NaN,NaN,NaN,NaN,NaN
2095.07,36.04,32.00,36.00,20.00,AUTO,0,51,NaN,-4.95,57.76,-1.98,50.83,NaN,NaN,NaN,NaN,NaN,NaN,NaN,NaN,NaN,NaN
2096.08,36.04,32.00,36.00,20.00,AUTO,0,51,NaN,-4.95,57.76,-1.98,50.83,NaN,NaN,NaN,NaN,NaN,NaN,NaN,NaN,NaN,NaN
2097.08,36.06,32.04,36.00,20.00,AUTO,0,51,NaN,-4.95,57.76,-1.98,50.83,NaN,NaN,NaN,NaN,NaN,NaN,NaN,NaN,NaN,NaN
2098.08,36.06,32.04,36.00,20.00,AUTO,0,51,NaN,-4.95,57.76,-1.98,50.83,NaN,NaN,NaN,NaN,NaN,NaN,NaN,NaN,NaN,NaN
2099.08,36.06,32.04,36.00,20.00,AUTO,0,51,NaN,-4.95,57.76,-1.98,50.83,NaN,NaN,NaN,NaN,NaN,NaN,NaN,NaN,NaN,NaN
2100.08,36.06,32.04,36.00,20.00,AUTO,0,51,NaN,-4.95,57.76,-1.98,50.83,NaN,NaN,NaN,NaN,NaN,NaN,NaN,NaN,NaN,NaN
2101.09,36.06,32.04,36.00,20.00,AUTO,0,51,NaN,-4.95,57.76,-1.98,50.83,NaN,NaN,NaN,NaN,NaN,NaN,NaN,NaN,NaN,NaN
2102.09,36.04,32.04,36.00,20.00,AUTO,0,51,NaN,-4.95,57.76,-1.98,50.83,NaN,NaN,NaN,NaN,NaN,NaN,NaN,NaN,NaN,NaN
2103.09,36.04,32.04,36.00,20.00,AUTO,0,51,NaN,-4.95,57.76,-1.98,50.83,NaN,NaN,NaN,NaN,NaN,NaN,NaN,NaN,NaN,NaN
2104.09,36.02,32.04,36.00,20.00,AUTO,0,58,NaN,-2.20,57.46,3.10,58.35,NaN,NaN,NaN,NaN,NaN,NaN,NaN,NaN,NaN,NaN
2105.09,36.02,32.04,36.00,20.00,AUTO,0,58,NaN,-2.20,57.46,3.10,58.35,NaN,NaN,NaN,NaN,NaN,NaN,NaN,NaN,NaN,NaN
2106.09,36.01,32.04,36.00,20.00,AUTO,0,58,NaN,-2.20,57.46,3.10,58.35,NaN,NaN,NaN,NaN,NaN,NaN,NaN,NaN,NaN,NaN
2107.10,36.01,32.08,36.00,20.00,AUTO,0,58,NaN,-2.20,57.46,3.10,58.35,NaN,NaN,NaN,NaN,NaN,NaN,NaN,NaN,NaN,NaN
2108.09,36.01,32.08,36.00,20.00,AUTO,0,58,NaN,-2.20,57.46,3.10,58.35,NaN,NaN,NaN,NaN,NaN,NaN,NaN,NaN,NaN,NaN
2109.10,36.01,32.08,36.00,20.00,AUTO,0,58,NaN,-2.20,57.46,3.10,58.35,NaN,NaN,NaN,NaN,NaN,NaN,NaN,NaN,NaN,NaN
2110.10,36.01,32.12,36.00,20.00,AUTO,0,58,NaN,-2.20,57.46,3.10,58.35,NaN,NaN,NaN,NaN,NaN,NaN,NaN,NaN,NaN,NaN
2111.10,36.01,32.12,36.00,20.00,AUTO,0,58,NaN,-2.20,57.46,3.10,58.35,NaN,NaN,NaN,NaN,NaN,NaN,NaN,NaN,NaN,NaN
2112.10,36.01,32.12,36.00,20.00,AUTO,0,58,NaN,-2.20,57.46,3.10,58.35,NaN,NaN,NaN,NaN,NaN,NaN,NaN,NaN,NaN,NaN
2113.10,36.01,32.12,36.00,20.00,AUTO,0,58,NaN,-2.20,57.46,3.10,58.35,NaN,NaN,NaN,NaN,NaN,NaN,NaN,NaN,NaN,NaN
2114.11,36.01,32.12,36.00,20.00,AUTO,0,58,NaN,-2.20,57.46,3.10,58.35,NaN,NaN,NaN,NaN,NaN,NaN,NaN,NaN,NaN,NaN
2115.11,36.01,32.12,36.00,20.00,AUTO,0,58,NaN,-2.20,57.46,3.10,58.35,NaN,NaN,NaN,NaN,NaN,NaN,NaN,NaN,NaN,NaN
2116.11,36.02,32.12,36.00,20.00,AUTO,0,58,NaN,-2.20,57.46,3.10,58.35,NaN,NaN,NaN,NaN,NaN,NaN,NaN,NaN,NaN,NaN
2117.11,36.01,32.12,36.00,20.00,AUTO,0,58,NaN,-2.20,57.46,3.10,58.35,NaN,NaN,NaN,NaN,NaN,NaN,NaN,NaN,NaN,NaN
2118.11,36.01,32.12,36.00,20.00,AUTO,0,58,NaN,-2.20,57.46,3.10,58.35,NaN,NaN,NaN,NaN,NaN,NaN,NaN,NaN,NaN,NaN
2119.12,36.00,32.12,36.00,20.00,AUTO,0,60,NaN,-0.55,57.39,2.96,59.80,NaN,NaN,NaN,NaN,NaN,NaN,NaN,NaN,NaN,NaN
2120.12,36.00,32.10,36.00,20.00,AUTO,0,60,NaN,-0.55,57.39,2.96,59.80,NaN,NaN,NaN,NaN,NaN,NaN,NaN,NaN,NaN,NaN
2121.12,35.99,32.10,36.00,20.00,AUTO,0,60,NaN,-0.55,57.39,2.96,59.80,NaN,NaN,NaN,NaN,NaN,NaN,NaN,NaN,NaN,NaN
2122.12,35.99,32.10,36.00,20.00,AUTO,0,60,NaN,-0.55,57.39,2.96,59.80,NaN,NaN,NaN,NaN,NaN,NaN,NaN,NaN,NaN,NaN
2123.12,35.98,32.14,36.00,20.00,AUTO,0,60,NaN,-0.55,57.39,2.96,59.80,NaN,NaN,NaN,NaN,NaN,NaN,NaN,NaN,NaN,NaN
2124.12,35.98,32.14,36.00,20.00,AUTO,0,60,NaN,-0.55,57.39,2.96,59.80,NaN,NaN,NaN,NaN,NaN,NaN,NaN,NaN,NaN,NaN
2125.12,35.98,32.14,36.00,20.00,AUTO,0,60,NaN,-0.55,57.39,2.96,59.80,NaN,NaN,NaN,NaN,NaN,NaN,NaN,NaN,NaN,NaN
2126.12,35.97,32.19,36.00,20.00,AUTO,0,60,NaN,-0.55,57.39,2.96,59.80,NaN,NaN,NaN,NaN,NaN,NaN,NaN,NaN,NaN,NaN
2127.12,35.98,32.19,36.00,20.00,AUTO,0,60,NaN,-0.55,57.39,2.96,59.80,NaN,NaN,NaN,NaN,NaN,NaN,NaN,NaN,NaN,NaN
2128.13,35.99,32.19,36.00,20.00,AUTO,0,60,NaN,-0.55,57.39,2.96,59.80,NaN,NaN,NaN,NaN,NaN,NaN,NaN,NaN,NaN,NaN
2129.13,36.00,32.19,36.00,20.00,AUTO,0,60,NaN,-0.55,57.39,2.96,59.80,NaN,NaN,NaN,NaN,NaN,NaN,NaN,NaN,NaN,NaN
2130.13,36.00,32.20,36.00,20.00,AUTO,0,60,NaN,-0.55,57.39,2.96,59.80,NaN,NaN,NaN,NaN,NaN,NaN,NaN,NaN,NaN,NaN
2131.13,36.00,32.20,36.00,20.00,AUTO,0,60,NaN,-0.55,57.39,2.96,59.80,NaN,NaN,NaN,NaN,NaN,NaN,NaN,NaN,NaN,NaN
2132.13,36.01,32.20,36.00,20.00,AUTO,0,60,NaN,-0.55,57.39,2.96,59.80,NaN,NaN,NaN,NaN,NaN,NaN,NaN,NaN,NaN,NaN
2133.13,36.01,32.16,36.00,20.00,AUTO,0,60,NaN,-0.55,57.39,2.96,59.80,NaN,NaN,NaN,NaN,NaN,NaN,NaN,NaN,NaN,NaN
2134.14,36.00,32.19,36.00,20.00,AUTO,0,58,NaN,-0.55,57.43,0.81,57.70,NaN,NaN,NaN,NaN,NaN,NaN,NaN,NaN,NaN,NaN
2135.14,35.99,32.19,36.00,20.00,AUTO,0,58,NaN,-0.55,57.43,0.81,57.70,NaN,NaN,NaN,NaN,NaN,NaN,NaN,NaN,NaN,NaN
2136.14,35.99,32.14,36.00,20.00,AUTO,0,58,NaN,-0.55,57.43,0.81,57.70,NaN,NaN,NaN,NaN,NaN,NaN,NaN,NaN,NaN,NaN
2137.14,35.99,32.19,36.00,20.00,AUTO,0,58,NaN,-0.55,57.43,0.81,57.70,NaN,NaN,NaN,NaN,NaN,NaN,NaN,NaN,NaN,NaN
2138.14,35.99,32.19,36.00,20.00,AUTO,0,58,NaN,-0.55,57.43,0.81,57.70,NaN,NaN,NaN,NaN,NaN,NaN,NaN,NaN,NaN,NaN
2139.15,35.99,32.19,36.00,20.00,AUTO,0,58,NaN,-0.55,57.43,0.81,57.70,NaN,NaN,NaN,NaN,NaN,NaN,NaN,NaN,NaN,NaN
2140.14,35.98,32.19,36.00,20.00,AUTO,0,58,NaN,-0.55,57.43,0.81,57.70,NaN,NaN,NaN,NaN,NaN,NaN,NaN,NaN,NaN,NaN
2141.15,35.98,32.19,36.00,20.00,AUTO,0,58,NaN,-0.55,57.43,0.81,57.70,NaN,NaN,NaN,NaN,NaN,NaN,NaN,NaN,NaN,NaN
2142.15,35.99,32.19,36.00,20.00,AUTO,0,58,NaN,-0.55,57.43,0.81,57.70,NaN,NaN,NaN,NaN,NaN,NaN,NaN,NaN,NaN,NaN
2143.15,36.00,32.20,36.00,20.00,AUTO,0,58,NaN,-0.55,57.43,0.81,57.70,NaN,NaN,NaN,NaN,NaN,NaN,NaN,NaN,NaN,NaN
2144.15,36.00,32.20,36.00,20.00,AUTO,0,58,NaN,-0.55,57.43,0.81,57.70,NaN,NaN,NaN,NaN,NaN,NaN,NaN,NaN,NaN,NaN
2145.15,36.01,32.20,36.00,20.00,AUTO,0,58,NaN,-0.55,57.43,0.81,57.70,NaN,NaN,NaN,NaN,NaN,NaN,NaN,NaN,NaN,NaN
2146.16,36.01,32.20,36.00,20.00,AUTO,0,58,NaN,-0.55,57.43,0.81,57.70,NaN,NaN,NaN,NaN,NaN,NaN,NaN,NaN,NaN,NaN
2147.16,36.01,32.20,36.00,20.00,AUTO,0,58,NaN,-0.55,57.43,0.81,57.70,NaN,NaN,NaN,NaN,NaN,NaN,NaN,NaN,NaN,NaN
2148.16,36.01,32.20,36.00,20.00,AUTO,0,58,NaN,-0.55,57.43,0.81,57.70,NaN,NaN,NaN,NaN,NaN,NaN,NaN,NaN,NaN,NaN
2149.16,36.01,32.20,36.00,20.00,AUTO,0,57,NaN,-0.55,57.46,-0.29,56.62,NaN,NaN,NaN,NaN,NaN,NaN,NaN,NaN,NaN,NaN
2150.16,36.00,32.19,36.00,20.00,AUTO,0,57,NaN,-0.55,57.46,-0.29,56.62,NaN,NaN,NaN,NaN,NaN,NaN,NaN,NaN,NaN,NaN
2151.16,36.00,32.14,36.00,20.00,AUTO,0,57,NaN,-0.55,57.46,-0.29,56.62,NaN,NaN,NaN,NaN,NaN,NaN,NaN,NaN,NaN,NaN
2152.17,36.00,32.19,36.00,20.00,AUTO,0,57,NaN,-0.55,57.46,-0.29,56.62,NaN,NaN,NaN,NaN,NaN,NaN,NaN,NaN,NaN,NaN
2153.16,36.00,32.20,36.00,20.00,AUTO,0,57,NaN,-0.55,57.46,-0.29,56.62,NaN,NaN,NaN,NaN,NaN,NaN,NaN,NaN,NaN,NaN
2154.17,36.00,32.20,36.00,20.00,AUTO,0,57,NaN,-0.55,57.46,-0.29,56.62,NaN,NaN,NaN,NaN,NaN,NaN,NaN,NaN,NaN,NaN
2155.17,36.00,32.20,36.00,20.00,AUTO,0,57,NaN,-0.55,57.46,-0.29,56.62,NaN,NaN,NaN,NaN,NaN,NaN,NaN,NaN,NaN,NaN
2156.17,36.00,32.19,36.00,20.00,AUTO,0,57,NaN,-0.55,57.46,-0.29,56.62,NaN,NaN,NaN,NaN,NaN,NaN,NaN,NaN,NaN,NaN
2157.17,35.99,32.19,36.00,20.00,AUTO,0,57,NaN,-0.55,57.46,-0.29,56.62,NaN,NaN,NaN,NaN,NaN,NaN,NaN,NaN,NaN,NaN
2158.17,36.00,32.20,36.00,20.00,AUTO,0,57,NaN,-0.55,57.46,-0.29,56.62,NaN,NaN,NaN,NaN,NaN,NaN,NaN,NaN,NaN,NaN
2159.17,36.00,32.20,36.00,20.00,AUTO,0,57,NaN,-0.55,57.46,-0.29,56.62,NaN,NaN,NaN,NaN,NaN,NaN,NaN,NaN,NaN,NaN
2160.18,36.01,32.20,36.00,20.00,AUTO,0,57,NaN,-0.55,57.46,-0.29,56.62,NaN,NaN,NaN,NaN,NaN,NaN,NaN,NaN,NaN,NaN
2161.18,36.00,32.20,36.00,20.00,AUTO,0,57,NaN,-0.55,57.46,-0.29,56.62,NaN,NaN,NaN,NaN,NaN,NaN,NaN,NaN,NaN,NaN
2162.18,36.00,32.22,36.00,20.00,AUTO,0,57,NaN,-0.55,57.46,-0.29,56.62,NaN,NaN,NaN,NaN,NaN,NaN,NaN,NaN,NaN,NaN
2163.18,36.01,32.20,36.00,20.00,AUTO,0,57,NaN,-0.55,57.46,-0.29,56.62,NaN,NaN,NaN,NaN,NaN,NaN,NaN,NaN,NaN,NaN
2164.19,36.00,32.22,36.00,20.00,AUTO,0,58,NaN,-0.27,57.45,0.36,57.54,NaN,NaN,NaN,NaN,NaN,NaN,NaN,NaN,NaN,NaN
2165.18,36.00,32.19,36.00,20.00,AUTO,0,58,NaN,-0.27,57.45,0.36,57.54,NaN,NaN,NaN,NaN,NaN,NaN,NaN,NaN,NaN,NaN
2166.19,35.99,32.22,36.00,20.00,AUTO,0,58,NaN,-0.27,57.45,0.36,57.54,NaN,NaN,NaN,NaN,NaN,NaN,NaN,NaN,NaN,NaN
2167.19,35.99,32.22,36.00,20.00,AUTO,0,58,NaN,-0.27,57.45,0.36,57.54,NaN,NaN,NaN,NaN,NaN,NaN,NaN,NaN,NaN,NaN
2168.19,35.98,32.22,36.00,20.00,AUTO,0,58,NaN,-0.27,57.45,0.36,57.54,NaN,NaN,NaN,NaN,NaN,NaN,NaN,NaN,NaN,NaN
2169.19,35.98,32.22,36.00,20.00,AUTO,0,58,NaN,-0.27,57.45,0.36,57.54,NaN,NaN,NaN,NaN,NaN,NaN,NaN,NaN,NaN,NaN
2170.19,35.98,32.22,36.00,20.00,AUTO,0,58,NaN,-0.27,57.45,0.36,57.54,NaN,NaN,NaN,NaN,NaN,NaN,NaN,NaN,NaN,NaN
2171.20,35.97,32.22,36.00,20.00,AUTO,0,58,NaN,-0.27,57.45,0.36,57.54,NaN,NaN,NaN,NaN,NaN,NaN,NaN,NaN,NaN,NaN
2172.19,35.97,32.22,36.00,20.00,AUTO,0,58,NaN,-0.27,57.45,0.36,57.54,NaN,NaN,NaN,NaN,NaN,NaN,NaN,NaN,NaN,NaN
2173.20,36.00,32.22,36.00,20.00,AUTO,0,58,NaN,-0.27,57.45,0.36,57.54,NaN,NaN,NaN,NaN,NaN,NaN,NaN,NaN,NaN,NaN
2174.20,36.00,32.22,36.00,20.00,AUTO,0,58,NaN,-0.27,57.45,0.36,57.54,NaN,NaN,NaN,NaN,NaN,NaN,NaN,NaN,NaN,NaN
2175.20,36.00,32.22,36.00,20.00,AUTO,0,58,NaN,-0.27,57.45,0.36,57.54,NaN,NaN,NaN,NaN,NaN,NaN,NaN,NaN,NaN,NaN
2176.20,36.01,32.25,36.00,20.00,AUTO,0,58,NaN,-0.27,57.45,0.36,57.54,NaN,NaN,NaN,NaN,NaN,NaN,NaN,NaN,NaN,NaN
2177.20,36.00,32.25,36.00,20.00,AUTO,0,58,NaN,-0.27,57.45,0.36,57.54,NaN,NaN,NaN,NaN,NaN,NaN,NaN,NaN,NaN,NaN
2178.20,36.00,32.25,36.00,20.00,AUTO,0,58,NaN,-0.27,57.45,0.36,57.54,NaN,NaN,NaN,NaN,NaN,NaN,NaN,NaN,NaN,NaN
2179.21,35.98,32.22,36.00,20.00,AUTO,0,58,NaN,0.00,57.49,0.42,57.92,NaN,NaN,NaN,NaN,NaN,NaN,NaN,NaN,NaN,NaN
2180.21,35.99,32.22,36.00,20.00,AUTO,0,58,NaN,0.00,57.49,0.42,57.92,NaN,NaN,NaN,NaN,NaN,NaN,NaN,NaN,NaN,NaN
2181.21,35.98,32.22,36.00,20.00,AUTO,0,58,NaN,0.00,57.49,0.42,57.92,NaN,NaN,NaN,NaN,NaN,NaN,NaN,NaN,NaN,NaN
2182.21,35.98,32.22,36.00,20.00,AUTO,0,58,NaN,0.00,57.49,0.42,57.92,NaN,NaN,NaN,NaN,NaN,NaN,NaN,NaN,NaN,NaN
2183.21,35.97,32.22,36.00,20.00,AUTO,0,58,NaN,0.00,57.49,0.42,57.92,NaN,NaN,NaN,NaN,NaN,NaN,NaN,NaN,NaN,NaN
2184.21,35.98,32.26,36.00,20.00,AUTO,0,58,NaN,0.00,57.49,0.42,57.92,NaN,NaN,NaN,NaN,NaN,NaN,NaN,NaN,NaN,NaN
2185.22,35.98,32.26,36.00,20.00,AUTO,0,58,NaN,0.00,57.49,0.42,57.92,NaN,NaN,NaN,NaN,NaN,NaN,NaN,NaN,NaN,NaN
2186.22,35.99,32.26,36.00,20.00,AUTO,0,58,NaN,0.00,57.49,0.42,57.92,NaN,NaN,NaN,NaN,NaN,NaN,NaN,NaN,NaN,NaN
2187.22,35.99,32.26,36.00,20.00,AUTO,0,58,NaN,0.00,57.49,0.42,57.92,NaN,NaN,NaN,NaN,NaN,NaN,NaN,NaN,NaN,NaN
2188.22,36.00,32.26,36.00,20.00,AUTO,0,58,NaN,0.00,57.49,0.42,57.92,NaN,NaN,NaN,NaN,NaN,NaN,NaN,NaN,NaN,NaN
2189.22,36.01,32.28,36.00,20.00,AUTO,0,58,NaN,0.00,57.49,0.42,57.92,NaN,NaN,NaN,NaN,NaN,NaN,NaN,NaN,NaN,NaN
2190.22,36.01,32.25,36.00,20.00,AUTO,0,58,NaN,0.00,57.49,0.42,57.92,NaN,NaN,NaN,NaN,NaN,NaN,NaN,NaN,NaN,NaN
2191.22,36.01,32.25,36.00,20.00,AUTO,0,58,NaN,0.00,57.49,0.42,57.92,NaN,NaN,NaN,NaN,NaN,NaN,NaN,NaN,NaN,NaN
2192.23,36.01,32.25,36.00,20.00,AUTO,0,58,NaN,0.00,57.49,0.42,57.92,NaN,NaN,NaN,NaN,NaN,NaN,NaN,NaN,NaN,NaN
2193.23,36.02,32.25,36.00,20.00,AUTO,0,58,NaN,0.00,57.49,0.42,57.92,NaN,NaN,NaN,NaN,NaN,NaN,NaN,NaN,NaN,NaN
2194.23,36.01,32.25,36.00,20.00,AUTO,0,56,NaN,-0.83,57.53,-0.93,55.78,NaN,NaN,NaN,NaN,NaN,NaN,NaN,NaN,NaN,NaN
2195.23,36.00,32.25,36.00,20.00,AUTO,0,56,NaN,-0.83,57.53,-0.93,55.78,NaN,NaN,NaN,NaN,NaN,NaN,NaN,NaN,NaN,NaN
2196.23,36.01,32.25,36.00,20.00,AUTO,0,56,NaN,-0.83,57.53,-0.93,55.78,NaN,NaN,NaN,NaN,NaN,NaN,NaN,NaN,NaN,NaN
2197.23,36.00,32.22,36.00,20.00,AUTO,0,56,NaN,-0.83,57.53,-0.93,55.78,NaN,NaN,NaN,NaN,NaN,NaN,NaN,NaN,NaN,NaN
2198.24,36.00,32.25,36.00,20.00,AUTO,0,56,NaN,-0.83,57.53,-0.93,55.78,NaN,NaN,NaN,NaN,NaN,NaN,NaN,NaN,NaN,NaN
2199.24,36.00,32.25,36.00,20.00,AUTO,0,56,NaN,-0.83,57.53,-0.93,55.78,NaN,NaN,NaN,NaN,NaN,NaN,NaN,NaN,NaN,NaN
2200.24,36.00,32.25,36.00,20.00,AUTO,0,56,NaN,-0.83,57.53,-0.93,55.78,NaN,NaN,NaN,NaN,NaN,NaN,NaN,NaN,NaN,NaN
2201.24,36.01,32.25,36.00,20.00,AUTO,0,56,NaN,-0.83,57.53,-0.93,55.78,NaN,NaN,NaN,NaN,NaN,NaN,NaN,NaN,NaN,NaN
2202.24,36.01,32.25,36.00,20.00,AUTO,0,56,NaN,-0.83,57.53,-0.93,55.78,NaN,NaN,NaN,NaN,NaN,NaN,NaN,NaN,NaN,NaN
2203.25,36.01,32.25,36.00,20.00,AUTO,0,56,NaN,-0.83,57.53,-0.93,55.78,NaN,NaN,NaN,NaN,NaN,NaN,NaN,NaN,NaN,NaN
2204.24,36.03,32.25,36.00,20.00,AUTO,0,56,NaN,-0.83,57.53,-0.93,55.78,NaN,NaN,NaN,NaN,NaN,NaN,NaN,NaN,NaN,NaN
2205.25,36.03,32.25,36.00,20.00,AUTO,0,56,NaN,-0.83,57.53,-0.93,55.78,NaN,NaN,NaN,NaN,NaN,NaN,NaN,NaN,NaN,NaN
2206.25,36.03,32.25,36.00,20.00,AUTO,0,56,NaN,-0.83,57.53,-0.93,55.78,NaN,NaN,NaN,NaN,NaN,NaN,NaN,NaN,NaN,NaN
2207.25,36.03,32.25,36.00,20.00,AUTO,0,56,NaN,-0.83,57.53,-0.93,55.78,NaN,NaN,NaN,NaN,NaN,NaN,NaN,NaN,NaN,NaN
2208.25,36.03,32.20,36.00,20.00,AUTO,0,56,NaN,-0.83,57.53,-0.93,55.78,NaN,NaN,NaN,NaN,NaN,NaN,NaN,NaN,NaN,NaN
2209.25,36.02,32.25,36.00,20.00,AUTO,0,54,NaN,-1.65,57.46,-1.32,54.49,NaN,NaN,NaN,NaN,NaN,NaN,NaN,NaN,NaN,NaN
2210.25,36.02,32.20,36.00,20.00,AUTO,0,54,NaN,-1.65,57.46,-1.32,54.49,NaN,NaN,NaN,NaN,NaN,NaN,NaN,NaN,NaN,NaN
2211.26,36.02,32.25,36.00,20.00,AUTO,0,54,NaN,-1.65,57.46,-1.32,54.49,NaN,NaN,NaN,NaN,NaN,NaN,NaN,NaN,NaN,NaN
2212.26,36.02,32.25,36.00,20.00,AUTO,0,54,NaN,-1.65,57.46,-1.32,54.49,NaN,NaN,NaN,NaN,NaN,NaN,NaN,NaN,NaN,NaN
2213.26,36.02,32.25,36.00,20.00,AUTO,0,54,NaN,-1.65,57.46,-1.32,54.49,NaN,NaN,NaN,NaN,NaN,NaN,NaN,NaN,NaN,NaN
2214.26,36.01,32.25,36.00,20.00,AUTO,0,54,NaN,-1.65,57.46,-1.32,54.49,NaN,NaN,NaN,NaN,NaN,NaN,NaN,NaN,NaN,NaN
2215.26,36.02,32.25,36.00,20.00,AUTO,0,54,NaN,-1.65,57.46,-1.32,54.49,NaN,NaN,NaN,NaN,NaN,NaN,NaN,NaN,NaN,NaN
2216.26,36.03,32.25,36.00,20.00,AUTO,0,54,NaN,-1.65,57.46,-1.32,54.49,NaN,NaN,NaN,NaN,NaN,NaN,NaN,NaN,NaN,NaN
2217.27,36.02,32.25,36.00,20.00,AUTO,0,54,NaN,-1.65,57.46,-1.32,54.49,NaN,NaN,NaN,NaN,NaN,NaN,NaN,NaN,NaN,NaN
2218.26,36.04,32.25,36.00,20.00,AUTO,0,54,NaN,-1.65,57.46,-1.32,54.49,NaN,NaN,NaN,NaN,NaN,NaN,NaN,NaN,NaN,NaN
2219.27,36.06,32.25,36.00,20.00,AUTO,0,54,NaN,-1.65,57.46,-1.32,54.49,NaN,NaN,NaN,NaN,NaN,NaN,NaN,NaN,NaN,NaN
2220.27,36.07,32.20,36.00,20.00,AUTO,0,54,NaN,-1.65,57.46,-1.32,54.49,NaN,NaN,NaN,NaN,NaN,NaN,NaN,NaN,NaN,NaN
2221.27,36.06,32.20,36.00,20.00,AUTO,0,54,NaN,-1.65,57.46,-1.32,54.49,NaN,NaN,NaN,NaN,NaN,NaN,NaN,NaN,NaN,NaN
2222.27,36.07,32.20,36.00,20.00,AUTO,0,54,NaN,-1.65,57.46,-1.32,54.49,NaN,NaN,NaN,NaN,NaN,NaN,NaN,NaN,NaN,NaN
2223.27,36.06,32.20,36.00,20.00,AUTO,0,54,NaN,-1.65,57.46,-1.32,54.49,NaN,NaN,NaN,NaN,NaN,NaN,NaN,NaN,NaN,NaN
2224.28,36.03,32.20,36.00,20.00,AUTO,0,51,NaN,-3.58,57.27,-2.50,51.20,NaN,NaN,NaN,NaN,NaN,NaN,NaN,NaN,NaN,NaN
2225.28,36.03,32.20,36.00,20.00,AUTO,0,51,NaN,-3.58,57.27,-2.50,51.20,NaN,NaN,NaN,NaN,NaN,NaN,NaN,NaN,NaN,NaN
2226.28,36.02,32.20,36.00,20.00,AUTO,0,51,NaN,-3.58,57.27,-2.50,51.20,NaN,NaN,NaN,NaN,NaN,NaN,NaN,NaN,NaN,NaN
2227.28,36.02,32.20,36.00,20.00,AUTO,0,51,NaN,-3.58,57.27,-2.50,51.20,NaN,NaN,NaN,NaN,NaN,NaN,NaN,NaN,NaN,NaN
2228.28,36.02,32.25,36.00,20.00,AUTO,0,51,NaN,-3.58,57.27,-2.50,51.20,NaN,NaN,NaN,NaN,NaN,NaN,NaN,NaN,NaN,NaN
2229.28,36.01,32.25,36.00,20.00,AUTO,0,51,NaN,-3.58,57.27,-2.50,51.20,NaN,NaN,NaN,NaN,NaN,NaN,NaN,NaN,NaN,NaN
2230.29,36.02,32.25,36.00,20.00,AUTO,0,51,NaN,-3.58,57.27,-2.50,51.20,NaN,NaN,NaN,NaN,NaN,NaN,NaN,NaN,NaN,NaN
2231.29,36.02,32.25,36.00,20.00,AUTO,0,51,NaN,-3.58,57.27,-2.50,51.20,NaN,NaN,NaN,NaN,NaN,NaN,NaN,NaN,NaN,NaN
2232.29,36.04,32.25,36.00,20.00,AUTO,0,51,NaN,-3.58,57.27,-2.50,51.20,NaN,NaN,NaN,NaN,NaN,NaN,NaN,NaN,NaN,NaN
2233.29,36.03,32.25,36.00,20.00,AUTO,0,51,NaN,-3.58,57.27,-2.50,51.20,NaN,NaN,NaN,NaN,NaN,NaN,NaN,NaN,NaN,NaN
2234.29,36.04,32.25,36.00,20.00,AUTO,0,51,NaN,-3.58,57.27,-2.50,51.20,NaN,NaN,NaN,NaN,NaN,NaN,NaN,NaN,NaN,NaN
2235.30,36.03,32.25,36.00,20.00,AUTO,0,51,NaN,-3.58,57.27,-2.50,51.20,NaN,NaN,NaN,NaN,NaN,NaN,NaN,NaN,NaN,NaN
2236.29,36.03,32.25,36.00,20.00,AUTO,0,51,NaN,-3.58,57.27,-2.50,51.20,NaN,NaN,NaN,NaN,NaN,NaN,NaN,NaN,NaN,NaN
2237.30,36.03,32.25,36.00,20.00,AUTO,0,51,NaN,-3.58,57.27,-2.50,51.20,NaN,NaN,NaN,NaN,NaN,NaN,NaN,NaN,NaN,NaN
2238.30,36.03,32.25,36.00,20.00,AUTO,0,51,NaN,-3.58,57.27,-2.50,51.20,NaN,NaN,NaN,NaN,NaN,NaN,NaN,NaN,NaN,NaN
2239.30,36.01,32.25,36.00,20.00,AUTO,0,58,NaN,-1.65,57.13,2.15,57.63,NaN,NaN,NaN,NaN,NaN,NaN,NaN,NaN,NaN,NaN
2240.30,36.01,32.25,36.00,20.00,AUTO,0,58,NaN,-1.65,57.13,2.15,57.63,NaN,NaN,NaN,NaN,NaN,NaN,NaN,NaN,NaN,NaN
2241.30,36.01,32.28,36.00,20.00,AUTO,0,58,NaN,-1.65,57.13,2.15,57.63,NaN,NaN,NaN,NaN,NaN,NaN,NaN,NaN,NaN,NaN
2242.30,36.01,32.28,36.00,20.00,AUTO,0,58,NaN,-1.65,57.13,2.15,57.63,NaN,NaN,NaN,NaN,NaN,NaN,NaN,NaN,NaN,NaN
2243.31,36.01,32.28,36.00,20.00,AUTO,0,58,NaN,-1.65,57.13,2.15,57.63,NaN,NaN,NaN,NaN,NaN,NaN,NaN,NaN,NaN,NaN
2244.31,36.01,32.28,36.00,20.00,AUTO,0,58,NaN,-1.65,57.13,2.15,57.63,NaN,NaN,NaN,NaN,NaN,NaN,NaN,NaN,NaN,NaN
2245.31,36.01,32.28,36.00,20.00,AUTO,0,58,NaN,-1.65,57.13,2.15,57.63,NaN,NaN,NaN,NaN,NaN,NaN,NaN,NaN,NaN,NaN
2246.31,36.01,32.28,36.00,20.00,AUTO,0,58,NaN,-1.65,57.13,2.15,57.63,NaN,NaN,NaN,NaN,NaN,NaN,NaN,NaN,NaN,NaN
2247.31,36.01,32.28,36.00,20.00,AUTO,0,58,NaN,-1.65,57.13,2.15,57.63,NaN,NaN,NaN,NaN,NaN,NaN,NaN,NaN,NaN,NaN
2248.31,36.01,32.28,36.00,20.00,AUTO,0,58,NaN,-1.65,57.13,2.15,57.63,NaN,NaN,NaN,NaN,NaN,NaN,NaN,NaN,NaN,NaN
2249.32,36.01,32.28,36.00,20.00,AUTO,0,58,NaN,-1.65,57.13,2.15,57.63,NaN,NaN,NaN,NaN,NaN,NaN,NaN,NaN,NaN,NaN
2250.32,36.02,32.28,36.00,20.00,AUTO,0,58,NaN,-1.65,57.13,2.15,57.63,NaN,NaN,NaN,NaN,NaN,NaN,NaN,NaN,NaN,NaN
2251.32,36.03,32.28,36.00,20.00,AUTO,0,58,NaN,-1.65,57.13,2.15,57.63,NaN,NaN,NaN,NaN,NaN,NaN,NaN,NaN,NaN,NaN
2252.32,36.03,32.28,36.00,20.00,AUTO,0,58,NaN,-1.65,57.13,2.15,57.63,NaN,NaN,NaN,NaN,NaN,NaN,NaN,NaN,NaN,NaN
2253.32,36.02,32.28,36.00,20.00,AUTO,0,58,NaN,-1.65,57.13,2.15,57.63,NaN,NaN,NaN,NaN,NaN,NaN,NaN,NaN,NaN,NaN
2254.32,36.01,32.28,36.00,20.00,AUTO,0,56,NaN,-1.37,57.06,0.66,56.34,NaN,NaN,NaN,NaN,NaN,NaN,NaN,NaN,NaN,NaN
2255.32,36.01,32.28,36.00,20.00,AUTO,0,56,NaN,-1.37,57.06,0.66,56.34,NaN,NaN,NaN,NaN,NaN,NaN,NaN,NaN,NaN,NaN
2256.33,36.01,32.28,36.00,20.00,AUTO,0,56,NaN,-1.37,57.06,0.66,56.34,NaN,NaN,NaN,NaN,NaN,NaN,NaN,NaN,NaN,NaN
2257.33,36.01,32.28,36.00,20.00,AUTO,0,56,NaN,-1.37,57.06,0.66,56.34,NaN,NaN,NaN,NaN,NaN,NaN,NaN,NaN,NaN,NaN
2258.33,36.00,32.28,36.00,20.00,AUTO,0,56,NaN,-1.37,57.06,0.66,56.34,NaN,NaN,NaN,NaN,NaN,NaN,NaN,NaN,NaN,NaN
2259.33,36.00,32.31,36.00,20.00,AUTO,0,56,NaN,-1.37,57.06,0.66,56.34,NaN,NaN,NaN,NaN,NaN,NaN,NaN,NaN,NaN,NaN
2260.33,36.00,32.31,36.00,20.00,AUTO,0,56,NaN,-1.37,57.06,0.66,56.34,NaN,NaN,NaN,NaN,NaN,NaN,NaN,NaN,NaN,NaN
2261.33,36.00,32.31,36.00,20.00,AUTO,0,56,NaN,-1.37,57.06,0.66,56.34,NaN,NaN,NaN,NaN,NaN,NaN,NaN,NaN,NaN,NaN
2262.34,36.00,32.32,36.00,20.00,AUTO,0,56,NaN,-1.37,57.06,0.66,56.34,NaN,NaN,NaN,NaN,NaN,NaN,NaN,NaN,NaN,NaN
2263.34,36.01,32.32,36.00,20.00,AUTO,0,56,NaN,-1.37,57.06,0.66,56.34,NaN,NaN,NaN,NaN,NaN,NaN,NaN,NaN,NaN,NaN
2264.34,36.01,32.32,36.00,20.00,AUTO,0,56,NaN,-1.37,57.06,0.66,56.34,NaN,NaN,NaN,NaN,NaN,NaN,NaN,NaN,NaN,NaN
2265.34,36.01,32.32,36.00,20.00,AUTO,0,56,NaN,-1.37,57.06,0.66,56.34,NaN,NaN,NaN,NaN,NaN,NaN,NaN,NaN,NaN,NaN
2266.34,36.01,32.32,36.00,20.00,AUTO,0,56,NaN,-1.37,57.06,0.66,56.34,NaN,NaN,NaN,NaN,NaN,NaN,NaN,NaN,NaN,NaN
2267.34,36.00,32.32,36.00,20.00,AUTO,0,56,NaN,-1.37,57.06,0.66,56.34,NaN,NaN,NaN,NaN,NaN,NaN,NaN,NaN,NaN,NaN
2268.34,36.01,32.32,36.00,20.00,AUTO,0,56,NaN,-1.37,57.06,0.66,56.34,NaN,NaN,NaN,NaN,NaN,NaN,NaN,NaN,NaN,NaN
2269.35,36.00,32.31,36.00,20.00,AUTO,0,58,NaN,-0.27,57.03,1.05,57.80,NaN,NaN,NaN,NaN,NaN,NaN,NaN,NaN,NaN,NaN
2270.35,35.99,32.31,36.00,20.00,AUTO,0,58,NaN,-0.27,57.03,1.05,57.80,NaN,NaN,NaN,NaN,NaN,NaN,NaN,NaN,NaN,NaN
2271.35,35.99,32.31,36.00,20.00,AUTO,0,58,NaN,-0.27,57.03,1.05,57.80,NaN,NaN,NaN,NaN,NaN,NaN,NaN,NaN,NaN,NaN
2272.35,35.98,32.31,36.00,20.00,AUTO,0,58,NaN,-0.27,57.03,1.05,57.80,NaN,NaN,NaN,NaN,NaN,NaN,NaN,NaN,NaN,NaN
2273.35,35.98,32.31,36.00,20.00,AUTO,0,58,NaN,-0.27,57.03,1.05,57.80,NaN,NaN,NaN,NaN,NaN,NaN,NaN,NaN,NaN,NaN
2274.35,35.98,32.31,36.00,20.00,AUTO,0,58,NaN,-0.27,57.03,1.05,57.80,NaN,NaN,NaN,NaN,NaN,NaN,NaN,NaN,NaN,NaN
2275.36,35.99,32.31,36.00,20.00,AUTO,0,58,NaN,-0.27,57.03,1.05,57.80,NaN,NaN,NaN,NaN,NaN,NaN,NaN,NaN,NaN,NaN
2276.36,35.98,32.31,36.00,20.00,AUTO,0,58,NaN,-0.27,57.03,1.05,57.80,NaN,NaN,NaN,NaN,NaN,NaN,NaN,NaN,NaN,NaN
2277.36,35.98,32.31,36.00,20.00,AUTO,0,58,NaN,-0.27,57.03,1.05,57.80,NaN,NaN,NaN,NaN,NaN,NaN,NaN,NaN,NaN,NaN
2278.36,35.99,32.31,36.00,20.00,AUTO,0,58,NaN,-0.27,57.03,1.05,57.80,NaN,NaN,NaN,NaN,NaN,NaN,NaN,NaN,NaN,NaN
2279.36,36.00,32.32,36.00,20.00,AUTO,0,58,NaN,-0.27,57.03,1.05,57.80,NaN,NaN,NaN,NaN,NaN,NaN,NaN,NaN,NaN,NaN
2280.36,36.00,32.31,36.00,20.00,AUTO,0,58,NaN,-0.27,57.03,1.05,57.80,NaN,NaN,NaN,NaN,NaN,NaN,NaN,NaN,NaN,NaN
2281.37,36.00,32.31,36.00,20.00,AUTO,0,58,NaN,-0.27,57.03,1.05,57.80,NaN,NaN,NaN,NaN,NaN,NaN,NaN,NaN,NaN,NaN
2282.36,36.00,32.32,36.00,20.00,AUTO,0,58,NaN,-0.27,57.03,1.05,57.80,NaN,NaN,NaN,NaN,NaN,NaN,NaN,NaN,NaN,NaN
2283.37,36.01,32.32,36.00,20.00,AUTO,0,58,NaN,-0.27,57.03,1.05,57.80,NaN,NaN,NaN,NaN,NaN,NaN,NaN,NaN,NaN,NaN
2284.37,36.00,32.31,36.00,20.00,AUTO,0,57,NaN,-0.27,57.07,0.55,57.35,NaN,NaN,NaN,NaN,NaN,NaN,NaN,NaN,NaN,NaN
2285.37,35.99,32.31,36.00,20.00,AUTO,0,57,NaN,-0.27,57.07,0.55,57.35,NaN,NaN,NaN,NaN,NaN,NaN,NaN,NaN,NaN,NaN
2286.37,35.99,32.31,36.00,20.00,AUTO,0,57,NaN,-0.27,57.07,0.55,57.35,NaN,NaN,NaN,NaN,NaN,NaN,NaN,NaN,NaN,NaN
2287.37,35.98,32.31,36.00,20.00,AUTO,0,57,NaN,-0.27,57.07,0.55,57.35,NaN,NaN,NaN,NaN,NaN,NaN,NaN,NaN,NaN,NaN
2288.38,35.98,32.31,36.00,20.00,AUTO,0,57,NaN,-0.27,57.07,0.55,57.35,NaN,NaN,NaN,NaN,NaN,NaN,NaN,NaN,NaN,NaN
2289.38,35.99,32.31,36.00,20.00,AUTO,0,57,NaN,-0.27,57.07,0.55,57.35,NaN,NaN,NaN,NaN,NaN,NaN,NaN,NaN,NaN,NaN
2290.38,35.98,32.31,36.00,20.00,AUTO,0,57,NaN,-0.27,57.07,0.55,57.35,NaN,NaN,NaN,NaN,NaN,NaN,NaN,NaN,NaN,NaN
2291.38,35.98,32.31,36.00,20.00,AUTO,0,57,NaN,-0.27,57.07,0.55,57.35,NaN,NaN,NaN,NaN,NaN,NaN,NaN,NaN,NaN,NaN
2292.38,35.98,32.35,36.00,20.00,AUTO,0,57,NaN,-0.27,57.07,0.55,57.35,NaN,NaN,NaN,NaN,NaN,NaN,NaN,NaN,NaN,NaN
2293.38,35.98,32.35,36.00,20.00,AUTO,0,57,NaN,-0.27,57.07,0.55,57.35,NaN,NaN,NaN,NaN,NaN,NaN,NaN,NaN,NaN,NaN
2294.39,35.99,32.35,36.00,20.00,AUTO,0,57,NaN,-0.27,57.07,0.55,57.35,NaN,NaN,NaN,NaN,NaN,NaN,NaN,NaN,NaN,NaN
2295.39,35.98,32.35,36.00,20.00,AUTO,0,57,NaN,-0.27,57.07,0.55,57.35,NaN,NaN,NaN,NaN,NaN,NaN,NaN,NaN,NaN,NaN
2296.39,35.98,32.35,36.00,20.00,AUTO,0,57,NaN,-0.27,57.07,0.55,57.35,NaN,NaN,NaN,NaN,NaN,NaN,NaN,NaN,NaN,NaN
2297.39,36.00,32.35,36.00,20.00,AUTO,0,57,NaN,-0.27,57.07,0.55,57.35,NaN,NaN,NaN,NaN,NaN,NaN,NaN,NaN,NaN,NaN
2298.39,36.00,32.35,36.00,20.00,AUTO,0,57,NaN,-0.27,57.07,0.55,57.35,NaN,NaN,NaN,NaN,NaN,NaN,NaN,NaN,NaN,NaN
2299.40,35.98,32.35,36.00,20.00,AUTO,0,58,NaN,0.00,57.14,0.97,58.11,NaN,NaN,NaN,NaN,NaN,NaN,NaN,NaN,NaN,NaN
2300.39,35.98,32.35,36.00,20.00,AUTO,0,58,NaN,0.00,57.14,0.97,58.11,NaN,NaN,NaN,NaN,NaN,NaN,NaN,NaN,NaN,NaN
2301.39,35.98,32.35,36.00,20.00,AUTO,0,58,NaN,0.00,57.14,0.97,58.11,NaN,NaN,NaN,NaN,NaN,NaN,NaN,NaN,NaN,NaN
2302.40,35.97,32.35,36.00,20.00,AUTO,0,58,NaN,0.00,57.14,0.97,58.11,NaN,NaN,NaN,NaN,NaN,NaN,NaN,NaN,NaN,NaN
2303.40,35.97,32.35,36.00,20.00,AUTO,0,58,NaN,0.00,57.14,0.97,58.11,NaN,NaN,NaN,NaN,NaN,NaN,NaN,NaN,NaN,NaN
2304.40,35.97,32.35,36.00,20.00,AUTO,0,58,NaN,0.00,57.14,0.97,58.11,NaN,NaN,NaN,NaN,NaN,NaN,NaN,NaN,NaN,NaN
2305.40,35.97,32.38,36.00,20.00,AUTO,0,58,NaN,0.00,57.14,0.97,58.11,NaN,NaN,NaN,NaN,NaN,NaN,NaN,NaN,NaN,NaN
2306.40,35.97,32.38,36.00,20.00,AUTO,0,58,NaN,0.00,57.14,0.97,58.11,NaN,NaN,NaN,NaN,NaN,NaN,NaN,NaN,NaN,NaN
2307.41,35.97,32.38,36.00,20.00,AUTO,0,58,NaN,0.00,57.14,0.97,58.11,NaN,NaN,NaN,NaN,NaN,NaN,NaN,NaN,NaN,NaN
2308.41,36.00,32.38,36.00,20.00,AUTO,0,58,NaN,0.00,57.14,0.97,58.11,NaN,NaN,NaN,NaN,NaN,NaN,NaN,NaN,NaN,NaN
2309.41,36.00,32.37,36.00,20.00,AUTO,0,58,NaN,0.00,57.14,0.97,58.11,NaN,NaN,NaN,NaN,NaN,NaN,NaN,NaN,NaN,NaN
2310.41,36.01,32.37,36.00,20.00,AUTO,0,58,NaN,0.00,57.14,0.97,58.11,NaN,NaN,NaN,NaN,NaN,NaN,NaN,NaN,NaN,NaN
2311.41,36.01,32.37,36.00,20.00,AUTO,0,58,NaN,0.00,57.14,0.97,58.11,NaN,NaN,NaN,NaN,NaN,NaN,NaN,NaN,NaN,NaN
2312.41,36.01,32.37,36.00,20.00,AUTO,0,58,NaN,0.00,57.14,0.97,58.11,NaN,NaN,NaN,NaN,NaN,NaN,NaN,NaN,NaN,NaN
2313.42,36.01,32.37,36.00,20.00,AUTO,0,58,NaN,0.00,57.14,0.97,58.11,NaN,NaN,NaN,NaN,NaN,NaN,NaN,NaN,NaN,NaN
2314.42,36.00,32.35,36.00,20.00,AUTO,0,55,NaN,-0.55,57.21,-1.38,55.28,NaN,NaN,NaN,NaN,NaN,NaN,NaN,NaN,NaN,NaN
2315.42,36.00,32.35,36.00,20.00,AUTO,0,55,NaN,-0.55,57.21,-1.38,55.28,NaN,NaN,NaN,NaN,NaN,NaN,NaN,NaN,NaN,NaN
2316.42,35.99,32.35,36.00,20.00,AUTO,0,55,NaN,-0.55,57.21,-1.38,55.28,NaN,NaN,NaN,NaN,NaN,NaN,NaN,NaN,NaN,NaN
2317.42,35.99,32.35,36.00,20.00,AUTO,0,55,NaN,-0.55,57.21,-1.38,55.28,NaN,NaN,NaN,NaN,NaN,NaN,NaN,NaN,NaN,NaN
2318.42,35.99,32.35,36.00,20.00,AUTO,0,55,NaN,-0.55,57.21,-1.38,55.28,NaN,NaN,NaN,NaN,NaN,NaN,NaN,NaN,NaN,NaN
2319.42,35.99,32.35,36.00,20.00,AUTO,0,55,NaN,-0.55,57.21,-1.38,55.28,NaN,NaN,NaN,NaN,NaN,NaN,NaN,NaN,NaN,NaN
2320.43,35.99,32.35,36.00,20.00,AUTO,0,55,NaN,-0.55,57.21,-1.38,55.28,NaN,NaN,NaN,NaN,NaN,NaN,NaN,NaN,NaN,NaN
2321.43,36.00,32.35,36.00,20.00,AUTO,0,55,NaN,-0.55,57.21,-1.38,55.28,NaN,NaN,NaN,NaN,NaN,NaN,NaN,NaN,NaN,NaN
2322.43,36.00,32.37,36.00,20.00,AUTO,0,55,NaN,-0.55,57.21,-1.38,55.28,NaN,NaN,NaN,NaN,NaN,NaN,NaN,NaN,NaN,NaN
2323.43,36.01,32.37,36.00,20.00,AUTO,0,55,NaN,-0.55,57.21,-1.38,55.28,NaN,NaN,NaN,NaN,NaN,NaN,NaN,NaN,NaN,NaN
2324.43,36.01,32.37,36.00,20.00,AUTO,0,55,NaN,-0.55,57.21,-1.38,55.28,NaN,NaN,NaN,NaN,NaN,NaN,NaN,NaN,NaN,NaN
2325.43,36.01,32.37,36.00,20.00,AUTO,0,55,NaN,-0.55,57.21,-1.38,55.28,NaN,NaN,NaN,NaN,NaN,NaN,NaN,NaN,NaN,NaN
2326.44,36.01,32.37,36.00,20.00,AUTO,0,55,NaN,-0.55,57.21,-1.38,55.28,NaN,NaN,NaN,NaN,NaN,NaN,NaN,NaN,NaN,NaN
2327.44,36.01,32.37,36.00,20.00,AUTO,0,55,NaN,-0.55,57.21,-1.38,55.28,NaN,NaN,NaN,NaN,NaN,NaN,NaN,NaN,NaN,NaN
2328.44,36.01,32.37,36.00,20.00,AUTO,0,55,NaN,-0.55,57.21,-1.38,55.28,NaN,NaN,NaN,NaN,NaN,NaN,NaN,NaN,NaN,NaN
2329.44,36.00,32.37,36.00,20.00,AUTO,0,56,NaN,-0.55,57.21,-0.30,56.36,NaN,NaN,NaN,NaN,NaN,NaN,NaN,NaN,NaN,NaN
2330.44,36.01,32.37,36.00,20.00,AUTO,0,56,NaN,-0.55,57.21,-0.30,56.36,NaN,NaN,NaN,NaN,NaN,NaN,NaN,NaN,NaN,NaN
2331.45,36.00,32.37,36.00,20.00,AUTO,0,56,NaN,-0.55,57.21,-0.30,56.36,NaN,NaN,NaN,NaN,NaN,NaN,NaN,NaN,NaN,NaN
2332.44,36.00,32.37,36.00,20.00,AUTO,0,56,NaN,-0.55,57.21,-0.30,56.36,NaN,NaN,NaN,NaN,NaN,NaN,NaN,NaN,NaN,NaN
2333.44,36.01,32.37,36.00,20.00,AUTO,0,56,NaN,-0.55,57.21,-0.30,56.36,NaN,NaN,NaN,NaN,NaN,NaN,NaN,NaN,NaN,NaN
2334.45,36.01,32.37,36.00,20.00,AUTO,0,56,NaN,-0.55,57.21,-0.30,56.36,NaN,NaN,NaN,NaN,NaN,NaN,NaN,NaN,NaN,NaN
2335.45,36.01,32.37,36.00,20.00,AUTO,0,56,NaN,-0.55,57.21,-0.30,56.36,NaN,NaN,NaN,NaN,NaN,NaN,NaN,NaN,NaN,NaN
2336.45,36.00,32.37,36.00,20.00,AUTO,0,56,NaN,-0.55,57.21,-0.30,56.36,NaN,NaN,NaN,NaN,NaN,NaN,NaN,NaN,NaN,NaN
2337.45,36.00,32.37,36.00,20.00,AUTO,0,56,NaN,-0.55,57.21,-0.30,56.36,NaN,NaN,NaN,NaN,NaN,NaN,NaN,NaN,NaN,NaN
2338.45,36.01,32.37,36.00,20.00,AUTO,0,56,NaN,-0.55,57.21,-0.30,56.36,NaN,NaN,NaN,NaN,NaN,NaN,NaN,NaN,NaN,NaN
2339.45,36.01,32.37,36.00,20.00,AUTO,0,56,NaN,-0.55,57.21,-0.30,56.36,NaN,NaN,NaN,NaN,NaN,NaN,NaN,NaN,NaN,NaN
2340.46,36.01,32.37,36.00,20.00,AUTO,0,56,NaN,-0.55,57.21,-0.30,56.36,NaN,NaN,NaN,NaN,NaN,NaN,NaN,NaN,NaN,NaN
2341.46,36.01,32.37,36.00,20.00,AUTO,0,56,NaN,-0.55,57.21,-0.30,56.36,NaN,NaN,NaN,NaN,NaN,NaN,NaN,NaN,NaN,NaN
2342.46,36.01,32.37,36.00,20.00,AUTO,0,56,NaN,-0.55,57.21,-0.30,56.36,NaN,NaN,NaN,NaN,NaN,NaN,NaN,NaN,NaN,NaN
2343.46,36.01,32.37,36.00,20.00,AUTO,0,56,NaN,-0.55,57.21,-0.30,56.36,NaN,NaN,NaN,NaN,NaN,NaN,NaN,NaN,NaN,NaN
2344.47,36.01,32.37,36.00,20.00,AUTO,0,57,NaN,-0.55,57.17,-0.04,56.58,NaN,NaN,NaN,NaN,NaN,NaN,NaN,NaN,NaN,NaN
2345.47,36.01,32.37,36.00,20.00,AUTO,0,57,NaN,-0.55,57.17,-0.04,56.58,NaN,NaN,NaN,NaN,NaN,NaN,NaN,NaN,NaN,NaN
2346.46,36.00,32.37,36.00,20.00,AUTO,0,57,NaN,-0.55,57.17,-0.04,56.58,NaN,NaN,NaN,NaN,NaN,NaN,NaN,NaN,NaN,NaN
2347.47,36.00,32.37,36.00,20.00,AUTO,0,57,NaN,-0.55,57.17,-0.04,56.58,NaN,NaN,NaN,NaN,NaN,NaN,NaN,NaN,NaN,NaN
2348.47,36.00,32.38,36.00,20.00,AUTO,0,57,NaN,-0.55,57.17,-0.04,56.58,NaN,NaN,NaN,NaN,NaN,NaN,NaN,NaN,NaN,NaN
2349.47,36.00,32.38,36.00,20.00,AUTO,0,57,NaN,-0.55,57.17,-0.04,56.58,NaN,NaN,NaN,NaN,NaN,NaN,NaN,NaN,NaN,NaN
2350.47,36.00,32.38,36.00,20.00,AUTO,0,57,NaN,-0.55,57.17,-0.04,56.58,NaN,NaN,NaN,NaN,NaN,NaN,NaN,NaN,NaN,NaN
2351.47,36.00,32.38,36.00,20.00,AUTO,0,57,NaN,-0.55,57.17,-0.04,56.58,NaN,NaN,NaN,NaN,NaN,NaN,NaN,NaN,NaN,NaN
2352.48,36.00,32.38,36.00,20.00,AUTO,0,57,NaN,-0.55,57.17,-0.04,56.58,NaN,NaN,NaN,NaN,NaN,NaN,NaN,NaN,NaN,NaN
2353.48,36.01,32.41,36.00,20.00,AUTO,0,57,NaN,-0.55,57.17,-0.04,56.58,NaN,NaN,NaN,NaN,NaN,NaN,NaN,NaN,NaN,NaN
2354.48,36.01,32.41,36.00,20.00,AUTO,0,57,NaN,-0.55,57.17,-0.04,56.58,NaN,NaN,NaN,NaN,NaN,NaN,NaN,NaN,NaN,NaN
2355.48,36.01,32.41,36.00,20.00,AUTO,0,57,NaN,-0.55,57.17,-0.04,56.58,NaN,NaN,NaN,NaN,NaN,NaN,NaN,NaN,NaN,NaN
2356.48,36.01,32.41,36.00,20.00,AUTO,0,57,NaN,-0.55,57.17,-0.04,56.58,NaN,NaN,NaN,NaN,NaN,NaN,NaN,NaN,NaN,NaN
2357.48,36.01,32.41,36.00,20.00,AUTO,0,57,NaN,-0.55,57.17,-0.04,56.58,NaN,NaN,NaN,NaN,NaN,NaN,NaN,NaN,NaN,NaN
2358.49,36.01,32.41,36.00,20.00,AUTO,0,57,NaN,-0.55,57.17,-0.04,56.58,NaN,NaN,NaN,NaN,NaN,NaN,NaN,NaN,NaN,NaN
2359.49,36.00,32.38,36.00,20.00,AUTO,0,57,NaN,-0.55,57.14,0.06,56.66,NaN,NaN,NaN,NaN,NaN,NaN,NaN,NaN,NaN,NaN
2360.49,36.00,32.38,36.00,20.00,AUTO,0,57,NaN,-0.55,57.14,0.06,56.66,NaN,NaN,NaN,NaN,NaN,NaN,NaN,NaN,NaN,NaN
2361.49,35.99,32.38,36.00,20.00,AUTO,0,57,NaN,-0.55,57.14,0.06,56.66,NaN,NaN,NaN,NaN,NaN,NaN,NaN,NaN,NaN,NaN
2362.49,36.00,32.38,36.00,20.00,AUTO,0,57,NaN,-0.55,57.14,0.06,56.66,NaN,NaN,NaN,NaN,NaN,NaN,NaN,NaN,NaN,NaN
2363.49,36.00,32.38,36.00,20.00,AUTO,0,57,NaN,-0.55,57.14,0.06,56.66,NaN,NaN,NaN,NaN,NaN,NaN,NaN,NaN,NaN,NaN
2364.49,36.00,32.38,36.00,20.00,AUTO,0,57,NaN,-0.55,57.14,0.06,56.66,NaN,NaN,NaN,NaN,NaN,NaN,NaN,NaN,NaN,NaN
2365.49,35.99,32.38,36.00,20.00,AUTO,0,57,NaN,-0.55,57.14,0.06,56.66,NaN,NaN,NaN,NaN,NaN,NaN,NaN,NaN,NaN,NaN
2366.50,35.99,32.43,36.00,20.00,AUTO,0,57,NaN,-0.55,57.14,0.06,56.66,NaN,NaN,NaN,NaN,NaN,NaN,NaN,NaN,NaN,NaN
2367.50,36.00,32.43,36.00,20.00,AUTO,0,57,NaN,-0.55,57.14,0.06,56.66,NaN,NaN,NaN,NaN,NaN,NaN,NaN,NaN,NaN,NaN
2368.50,36.01,32.44,36.00,20.00,AUTO,0,57,NaN,-0.55,57.14,0.06,56.66,NaN,NaN,NaN,NaN,NaN,NaN,NaN,NaN,NaN,NaN
2369.50,36.01,32.41,36.00,20.00,AUTO,0,57,NaN,-0.55,57.14,0.06,56.66,NaN,NaN,NaN,NaN,NaN,NaN,NaN,NaN,NaN,NaN
2370.50,36.01,32.41,36.00,20.00,AUTO,0,57,NaN,-0.55,57.14,0.06,56.66,NaN,NaN,NaN,NaN,NaN,NaN,NaN,NaN,NaN,NaN
2371.50,36.01,32.41,36.00,20.00,AUTO,0,57,NaN,-0.55,57.14,0.06,56.66,NaN,NaN,NaN,NaN,NaN,NaN,NaN,NaN,NaN,NaN
2372.51,36.01,32.41,36.00,20.00,AUTO,0,57,NaN,-0.55,57.14,0.06,56.66,NaN,NaN,NaN,NaN,NaN,NaN,NaN,NaN,NaN,NaN
2373.51,36.01,32.41,36.00,20.00,AUTO,0,57,NaN,-0.55,57.14,0.06,56.66,NaN,NaN,NaN,NaN,NaN,NaN,NaN,NaN,NaN,NaN
2374.51,36.00,32.41,36.00,20.00,AUTO,0,57,NaN,-0.55,57.13,-0.05,56.53,NaN,NaN,NaN,NaN,NaN,NaN,NaN,NaN,NaN,NaN
2375.51,36.00,32.41,36.00,20.00,AUTO,0,57,NaN,-0.55,57.13,-0.05,56.53,NaN,NaN,NaN,NaN,NaN,NaN,NaN,NaN,NaN,NaN
2376.51,36.00,32.38,36.00,20.00,AUTO,0,57,NaN,-0.55,57.13,-0.05,56.53,NaN,NaN,NaN,NaN,NaN,NaN,NaN,NaN,NaN,NaN
2377.52,36.00,32.38,36.00,20.00,AUTO,0,57,NaN,-0.55,57.13,-0.05,56.53,NaN,NaN,NaN,NaN,NaN,NaN,NaN,NaN,NaN,NaN
2378.51,36.00,32.38,36.00,20.00,AUTO,0,57,NaN,-0.55,57.13,-0.05,56.53,NaN,NaN,NaN,NaN,NaN,NaN,NaN,NaN,NaN,NaN
2379.52,36.00,32.41,36.00,20.00,AUTO,0,57,NaN,-0.55,57.13,-0.05,56.53,NaN,NaN,NaN,NaN,NaN,NaN,NaN,NaN,NaN,NaN
2380.52,36.00,32.38,36.00,20.00,AUTO,0,57,NaN,-0.55,57.13,-0.05,56.53,NaN,NaN,NaN,NaN,NaN,NaN,NaN,NaN,NaN,NaN
2381.52,36.00,32.41,36.00,20.00,AUTO,0,57,NaN,-0.55,57.13,-0.05,56.53,NaN,NaN,NaN,NaN,NaN,NaN,NaN,NaN,NaN,NaN
2382.52,36.01,32.41,36.00,20.00,AUTO,0,57,NaN,-0.55,57.13,-0.05,56.53,NaN,NaN,NaN,NaN,NaN,NaN,NaN,NaN,NaN,NaN
2383.52,36.01,32.41,36.00,20.00,AUTO,0,57,NaN,-0.55,57.13,-0.05,56.53,NaN,NaN,NaN,NaN,NaN,NaN,NaN,NaN,NaN,NaN
2384.52,36.01,32.41,36.00,20.00,AUTO,0,57,NaN,-0.55,57.13,-0.05,56.53,NaN,NaN,NaN,NaN,NaN,NaN,NaN,NaN,NaN,NaN
2385.53,36.02,32.41,36.00,20.00,AUTO,0,57,NaN,-0.55,57.13,-0.05,56.53,NaN,NaN,NaN,NaN,NaN,NaN,NaN,NaN,NaN,NaN
2386.53,36.02,32.41,36.00,20.00,AUTO,0,57,NaN,-0.55,57.13,-0.05,56.53,NaN,NaN,NaN,NaN,NaN,NaN,NaN,NaN,NaN,NaN
2387.53,36.02,32.41,36.00,20.00,AUTO,0,57,NaN,-0.55,57.13,-0.05,56.53,NaN,NaN,NaN,NaN,NaN,NaN,NaN,NaN,NaN,NaN
2388.53,36.02,32.41,36.00,20.00,AUTO,0,57,NaN,-0.55,57.13,-0.05,56.53,NaN,NaN,NaN,NaN,NaN,NaN,NaN,NaN,NaN,NaN
2389.53,36.01,32.41,36.00,20.00,AUTO,0,55,NaN,-1.10,57.10,-0.72,55.27,NaN,NaN,NaN,NaN,NaN,NaN,NaN,NaN,NaN,NaN
2390.54,36.01,32.41,36.00,20.00,AUTO,0,55,NaN,-1.10,57.10,-0.72,55.27,NaN,NaN,NaN,NaN,NaN,NaN,NaN,NaN,NaN,NaN
2391.54,36.01,32.41,36.00,20.00,AUTO,0,55,NaN,-1.10,57.10,-0.72,55.27,NaN,NaN,NaN,NaN,NaN,NaN,NaN,NaN,NaN,NaN
2392.54,36.01,32.41,36.00,20.00,AUTO,0,55,NaN,-1.10,57.10,-0.72,55.27,NaN,NaN,NaN,NaN,NaN,NaN,NaN,NaN,NaN,NaN
2393.54,36.01,32.41,36.00,20.00,AUTO,0,55,NaN,-1.10,57.10,-0.72,55.27,NaN,NaN,NaN,NaN,NaN,NaN,NaN,NaN,NaN,NaN
2394.54,36.01,32.41,36.00,20.00,AUTO,0,55,NaN,-1.10,57.10,-0.72,55.27,NaN,NaN,NaN,NaN,NaN,NaN,NaN,NaN,NaN,NaN
2395.54,36.01,32.41,36.00,20.00,AUTO,0,55,NaN,-1.10,57.10,-0.72,55.27,NaN,NaN,NaN,NaN,NaN,NaN,NaN,NaN,NaN,NaN
2396.54,36.01,32.41,36.00,20.00,AUTO,0,55,NaN,-1.10,57.10,-0.72,55.27,NaN,NaN,NaN,NaN,NaN,NaN,NaN,NaN,NaN,NaN
2397.54,36.01,32.44,36.00,20.00,AUTO,0,55,NaN,-1.10,57.10,-0.72,55.27,NaN,NaN,NaN,NaN,NaN,NaN,NaN,NaN,NaN,NaN
2398.55,36.02,32.41,36.00,20.00,AUTO,0,55,NaN,-1.10,57.10,-0.72,55.27,NaN,NaN,NaN,NaN,NaN,NaN,NaN,NaN,NaN,NaN
2399.55,36.02,32.41,36.00,20.00,AUTO,0,55,NaN,-1.10,57.10,-0.72,55.27,NaN,NaN,NaN,NaN,NaN,NaN,NaN,NaN,NaN,NaN
2400.55,36.02,32.41,36.00,20.00,AUTO,0,55,NaN,-1.10,57.10,-0.72,55.27,NaN,NaN,NaN,NaN,NaN,NaN,NaN,NaN,NaN,NaN
2401.55,36.03,32.41,36.00,20.00,AUTO,0,55,NaN,-1.10,57.10,-0.72,55.27,NaN,NaN,NaN,NaN,NaN,NaN,NaN,NaN,NaN,NaN
2402.55,36.03,32.41,36.00,20.00,AUTO,0,55,NaN,-1.10,57.10,-0.72,55.27,NaN,NaN,NaN,NaN,NaN,NaN,NaN,NaN,NaN,NaN
2403.55,36.03,32.41,36.00,20.00,AUTO,0,55,NaN,-1.10,57.10,-0.72,55.27,NaN,NaN,NaN,NaN,NaN,NaN,NaN,NaN,NaN,NaN
2404.56,36.01,32.41,36.00,20.00,AUTO,0,55,NaN,-1.65,57.01,-0.71,54.65,NaN,NaN,NaN,NaN,NaN,NaN,NaN,NaN,NaN,NaN
2405.56,36.01,32.41,36.00,20.00,AUTO,0,55,NaN,-1.65,57.01,-0.71,54.65,NaN,NaN,NaN,NaN,NaN,NaN,NaN,NaN,NaN,NaN
2406.56,36.01,32.41,36.00,20.00,AUTO,0,55,NaN,-1.65,57.01,-0.71,54.65,NaN,NaN,NaN,NaN,NaN,NaN,NaN,NaN,NaN,NaN
2407.56,36.01,32.44,36.00,20.00,AUTO,0,55,NaN,-1.65,57.01,-0.71,54.65,NaN,NaN,NaN,NaN,NaN,NaN,NaN,NaN,NaN,NaN
2408.56,36.01,32.44,36.00,20.00,AUTO,0,55,NaN,-1.65,57.01,-0.71,54.65,NaN,NaN,NaN,NaN,NaN,NaN,NaN,NaN,NaN,NaN
2409.57,36.01,32.44,36.00,20.00,AUTO,0,55,NaN,-1.65,57.01,-0.71,54.65,NaN,NaN,NaN,NaN,NaN,NaN,NaN,NaN,NaN,NaN
2410.56,36.01,32.44,36.00,20.00,AUTO,0,55,NaN,-1.65,57.01,-0.71,54.65,NaN,NaN,NaN,NaN,NaN,NaN,NaN,NaN,NaN,NaN
2411.57,36.01,32.44,36.00,20.00,AUTO,0,55,NaN,-1.65,57.01,-0.71,54.65,NaN,NaN,NaN,NaN,NaN,NaN,NaN,NaN,NaN,NaN
2412.57,36.01,32.44,36.00,20.00,AUTO,0,55,NaN,-1.65,57.01,-0.71,54.65,NaN,NaN,NaN,NaN,NaN,NaN,NaN,NaN,NaN,NaN
2413.57,36.01,32.44,36.00,20.00,AUTO,0,55,NaN,-1.65,57.01,-0.71,54.65,NaN,NaN,NaN,NaN,NaN,NaN,NaN,NaN,NaN,NaN
2414.57,36.02,32.44,36.00,20.00,AUTO,0,55,NaN,-1.65,57.01,-0.71,54.65,NaN,NaN,NaN,NaN,NaN,NaN,NaN,NaN,NaN,NaN
2415.57,36.02,32.44,36.00,20.00,AUTO,0,55,NaN,-1.65,57.01,-0.71,54.65,NaN,NaN,NaN,NaN,NaN,NaN,NaN,NaN,NaN,NaN
2416.57,36.03,32.44,36.00,20.00,AUTO,0,55,NaN,-1.65,57.01,-0.71,54.65,NaN,NaN,NaN,NaN,NaN,NaN,NaN,NaN,NaN,NaN
2417.58,36.03,32.44,36.00,20.00,AUTO,0,55,NaN,-1.65,57.01,-0.71,54.65,NaN,NaN,NaN,NaN,NaN,NaN,NaN,NaN,NaN,NaN
2418.58,36.03,32.41,36.00,20.00,AUTO,0,55,NaN,-1.65,57.01,-0.71,54.65,NaN,NaN,NaN,NaN,NaN,NaN,NaN,NaN,NaN,NaN
2419.58,36.02,32.41,36.00,20.00,AUTO,0,55,NaN,-1.65,56.93,-0.11,55.17,NaN,NaN,NaN,NaN,NaN,NaN,NaN,NaN,NaN,NaN
2420.58,36.01,32.44,36.00,20.00,AUTO,0,55,NaN,-1.65,56.93,-0.11,55.17,NaN,NaN,NaN,NaN,NaN,NaN,NaN,NaN,NaN,NaN
2421.58,36.01,32.41,36.00,20.00,AUTO,0,55,NaN,-1.65,56.93,-0.11,55.17,NaN,NaN,NaN,NaN,NaN,NaN,NaN,NaN,NaN,NaN
2422.58,36.01,32.44,36.00,20.00,AUTO,0,55,NaN,-1.65,56.93,-0.11,55.17,NaN,NaN,NaN,NaN,NaN,NaN,NaN,NaN,NaN,NaN
2423.59,36.01,32.44,36.00,20.00,AUTO,0,55,NaN,-1.65,56.93,-0.11,55.17,NaN,NaN,NaN,NaN,NaN,NaN,NaN,NaN,NaN,NaN
2424.58,36.01,32.44,36.00,20.00,AUTO,0,55,NaN,-1.65,56.93,-0.11,55.17,NaN,NaN,NaN,NaN,NaN,NaN,NaN,NaN,NaN,NaN
2425.59,36.01,32.44,36.00,20.00,AUTO,0,55,NaN,-1.65,56.93,-0.11,55.17,NaN,NaN,NaN,NaN,NaN,NaN,NaN,NaN,NaN,NaN
2426.59,36.01,32.44,36.00,20.00,AUTO,0,55,NaN,-1.65,56.93,-0.11,55.17,NaN,NaN,NaN,NaN,NaN,NaN,NaN,NaN,NaN,NaN
2427.59,36.01,32.44,36.00,20.00,AUTO,0,55,NaN,-1.65,56.93,-0.11,55.17,NaN,NaN,NaN,NaN,NaN,NaN,NaN,NaN,NaN,NaN
2428.59,36.01,32.44,36.00,20.00,AUTO,0,55,NaN,-1.65,56.93,-0.11,55.17,NaN,NaN,NaN,NaN,NaN,NaN,NaN,NaN,NaN,NaN
2429.59,36.02,32.44,36.00,20.00,AUTO,0,55,NaN,-1.65,56.93,-0.11,55.17,NaN,NaN,NaN,NaN,NaN,NaN,NaN,NaN,NaN,NaN
2430.60,36.03,32.44,36.00,20.00,AUTO,0,55,NaN,-1.65,56.93,-0.11,55.17,NaN,NaN,NaN,NaN,NaN,NaN,NaN,NaN,NaN,NaN
2431.60,36.03,32.44,36.00,20.00,AUTO,0,55,NaN,-1.65,56.93,-0.11,55.17,NaN,NaN,NaN,NaN,NaN,NaN,NaN,NaN,NaN,NaN
2432.60,36.03,32.44,36.00,20.00,AUTO,0,55,NaN,-1.65,56.93,-0.11,55.17,NaN,NaN,NaN,NaN,NaN,NaN,NaN,NaN,NaN,NaN
2433.60,36.03,32.44,36.00,20.00,AUTO,0,55,NaN,-1.65,56.93,-0.11,55.17,NaN,NaN,NaN,NaN,NaN,NaN,NaN,NaN,NaN,NaN
2434.60,36.02,32.44,36.00,20.00,AUTO,0,55,NaN,-1.65,56.84,-0.14,55.05,NaN,NaN,NaN,NaN,NaN,NaN,NaN,NaN,NaN,NaN
2435.60,36.01,32.44,36.00,20.00,AUTO,0,55,NaN,-1.65,56.84,-0.14,55.05,NaN,NaN,NaN,NaN,NaN,NaN,NaN,NaN,NaN,NaN
2436.61,36.01,32.44,36.00,20.00,AUTO,0,55,NaN,-1.65,56.84,-0.14,55.05,NaN,NaN,NaN,NaN,NaN,NaN,NaN,NaN,NaN,NaN
2437.61,36.01,32.44,36.00,20.00,AUTO,0,55,NaN,-1.65,56.84,-0.14,55.05,NaN,NaN,NaN,NaN,NaN,NaN,NaN,NaN,NaN,NaN
2438.61,36.01,32.44,36.00,20.00,AUTO,0,55,NaN,-1.65,56.84,-0.14,55.05,NaN,NaN,NaN,NaN,NaN,NaN,NaN,NaN,NaN,NaN
2439.61,36.01,32.48,36.00,20.00,AUTO,0,55,NaN,-1.65,56.84,-0.14,55.05,NaN,NaN,NaN,NaN,NaN,NaN,NaN,NaN,NaN,NaN
2440.61,36.01,32.44,36.00,20.00,AUTO,0,55,NaN,-1.65,56.84,-0.14,55.05,NaN,NaN,NaN,NaN,NaN,NaN,NaN,NaN,NaN,NaN
2441.62,36.01,32.48,36.00,20.00,AUTO,0,55,NaN,-1.65,56.84,-0.14,55.05,NaN,NaN,NaN,NaN,NaN,NaN,NaN,NaN,NaN,NaN
2442.62,36.01,32.48,36.00,20.00,AUTO,0,55,NaN,-1.65,56.84,-0.14,55.05,NaN,NaN,NaN,NaN,NaN,NaN,NaN,NaN,NaN,NaN
2443.62,36.03,32.48,36.00,20.00,AUTO,0,55,NaN,-1.65,56.84,-0.14,55.05,NaN,NaN,NaN,NaN,NaN,NaN,NaN,NaN,NaN,NaN
2444.62,36.03,32.44,36.00,20.00,AUTO,0,55,NaN,-1.65,56.84,-0.14,55.05,NaN,NaN,NaN,NaN,NaN,NaN,NaN,NaN,NaN,NaN
2445.62,36.03,32.44,36.00,20.00,AUTO,0,55,NaN,-1.65,56.84,-0.14,55.05,NaN,NaN,NaN,NaN,NaN,NaN,NaN,NaN,NaN,NaN
2446.62,36.03,32.44,36.00,20.00,AUTO,0,55,NaN,-1.65,56.84,-0.14,55.05,NaN,NaN,NaN,NaN,NaN,NaN,NaN,NaN,NaN,NaN
2447.62,36.03,32.44,36.00,20.00,AUTO,0,55,NaN,-1.65,56.84,-0.14,55.05,NaN,NaN,NaN,NaN,NaN,NaN,NaN,NaN,NaN,NaN
2448.62,36.04,32.44,36.00,20.00,AUTO,0,55,NaN,-1.65,56.84,-0.14,55.05,NaN,NaN,NaN,NaN,NaN,NaN,NaN,NaN,NaN,NaN
2449.63,36.02,32.44,36.00,20.00,AUTO,0,54,NaN,-1.93,56.74,-0.42,54.39,NaN,NaN,NaN,NaN,NaN,NaN,NaN,NaN,NaN,NaN
2450.63,36.02,32.44,36.00,20.00,AUTO,0,54,NaN,-1.93,56.74,-0.42,54.39,NaN,NaN,NaN,NaN,NaN,NaN,NaN,NaN,NaN,NaN
2451.63,36.02,32.44,36.00,20.00,AUTO,0,54,NaN,-1.93,56.74,-0.42,54.39,NaN,NaN,NaN,NaN,NaN,NaN,NaN,NaN,NaN,NaN
2452.63,36.01,32.44,36.00,20.00,AUTO,0,54,NaN,-1.93,56.74,-0.42,54.39,NaN,NaN,NaN,NaN,NaN,NaN,NaN,NaN,NaN,NaN
2453.63,36.01,32.48,36.00,20.00,AUTO,0,54,NaN,-1.93,56.74,-0.42,54.39,NaN,NaN,NaN,NaN,NaN,NaN,NaN,NaN,NaN,NaN
2454.63,36.01,32.48,36.00,20.00,AUTO,0,54,NaN,-1.93,56.74,-0.42,54.39,NaN,NaN,NaN,NaN,NaN,NaN,NaN,NaN,NaN,NaN
2455.64,36.01,32.48,36.00,20.00,AUTO,0,54,NaN,-1.93,56.74,-0.42,54.39,NaN,NaN,NaN,NaN,NaN,NaN,NaN,NaN,NaN,NaN
2456.64,36.01,32.48,36.00,20.00,AUTO,0,54,NaN,-1.93,56.74,-0.42,54.39,NaN,NaN,NaN,NaN,NaN,NaN,NaN,NaN,NaN,NaN
2457.64,36.02,32.48,36.00,20.00,AUTO,0,54,NaN,-1.93,56.74,-0.42,54.39,NaN,NaN,NaN,NaN,NaN,NaN,NaN,NaN,NaN,NaN
2458.64,36.03,32.48,36.00,20.00,AUTO,0,54,NaN,-1.93,56.74,-0.42,54.39,NaN,NaN,NaN,NaN,NaN,NaN,NaN,NaN,NaN,NaN
2459.64,36.03,32.48,36.00,20.00,AUTO,0,54,NaN,-1.93,56.74,-0.42,54.39,NaN,NaN,NaN,NaN,NaN,NaN,NaN,NaN,NaN,NaN
2460.64,36.04,32.48,36.00,20.00,AUTO,0,54,NaN,-1.93,56.74,-0.42,54.39,NaN,NaN,NaN,NaN,NaN,NaN,NaN,NaN,NaN,NaN
2461.64,36.04,32.48,36.00,20.00,AUTO,0,54,NaN,-1.93,56.74,-0.42,54.39,NaN,NaN,NaN,NaN,NaN,NaN,NaN,NaN,NaN,NaN
2462.65,36.04,32.48,36.00,20.00,AUTO,0,54,NaN,-1.93,56.74,-0.42,54.39,NaN,NaN,NaN,NaN,NaN,NaN,NaN,NaN,NaN,NaN
2463.65,36.04,32.48,36.00,20.00,AUTO,0,54,NaN,-1.93,56.74,-0.42,54.39,NaN,NaN,NaN,NaN,NaN,NaN,NaN,NaN,NaN,NaN
2464.65,36.03,32.44,36.00,20.00,AUTO,0,54,NaN,-2.20,56.62,-0.51,53.91,NaN,NaN,NaN,NaN,NaN,NaN,NaN,NaN,NaN,NaN
2465.65,36.03,32.44,36.00,20.00,AUTO,0,54,NaN,-2.20,56.62,-0.51,53.91,NaN,NaN,NaN,NaN,NaN,NaN,NaN,NaN,NaN,NaN
2466.65,36.02,32.44,36.00,20.00,AUTO,0,54,NaN,-2.20,56.62,-0.51,53.91,NaN,NaN,NaN,NaN,NaN,NaN,NaN,NaN,NaN,NaN
2467.65,36.02,32.48,36.00,20.00,AUTO,0,54,NaN,-2.20,56.62,-0.51,53.91,NaN,NaN,NaN,NaN,NaN,NaN,NaN,NaN,NaN,NaN
2468.66,36.01,32.48,36.00,20.00,AUTO,0,54,NaN,-2.20,56.62,-0.51,53.91,NaN,NaN,NaN,NaN,NaN,NaN,NaN,NaN,NaN,NaN
2469.65,36.01,32.48,36.00,20.00,AUTO,0,54,NaN,-2.20,56.62,-0.51,53.91,NaN,NaN,NaN,NaN,NaN,NaN,NaN,NaN,NaN,NaN
2470.66,36.01,32.48,36.00,20.00,AUTO,0,54,NaN,-2.20,56.62,-0.51,53.91,NaN,NaN,NaN,NaN,NaN,NaN,NaN,NaN,NaN,NaN
2471.66,36.01,32.48,36.00,20.00,AUTO,0,54,NaN,-2.20,56.62,-0.51,53.91,NaN,NaN,NaN,NaN,NaN,NaN,NaN,NaN,NaN,NaN
2472.66,36.01,32.48,36.00,20.00,AUTO,0,54,NaN,-2.20,56.62,-0.51,53.91,NaN,NaN,NaN,NaN,NaN,NaN,NaN,NaN,NaN,NaN
2473.67,36.03,32.48,36.00,20.00,AUTO,0,54,NaN,-2.20,56.62,-0.51,53.91,NaN,NaN,NaN,NaN,NaN,NaN,NaN,NaN,NaN,NaN
2474.66,36.03,32.48,36.00,20.00,AUTO,0,54,NaN,-2.20,56.62,-0.51,53.91,NaN,NaN,NaN,NaN,NaN,NaN,NaN,NaN,NaN,NaN
2475.67,36.03,32.48,36.00,20.00,AUTO,0,54,NaN,-2.20,56.62,-0.51,53.91,NaN,NaN,NaN,NaN,NaN,NaN,NaN,NaN,NaN,NaN
2476.67,36.03,32.48,36.00,20.00,AUTO,0,54,NaN,-2.20,56.62,-0.51,53.91,NaN,NaN,NaN,NaN,NaN,NaN,NaN,NaN,NaN,NaN
2477.67,36.03,32.48,36.00,20.00,AUTO,0,54,NaN,-2.20,56.62,-0.51,53.91,NaN,NaN,NaN,NaN,NaN,NaN,NaN,NaN,NaN,NaN
2478.67,36.03,32.48,36.00,20.00,AUTO,0,54,NaN,-2.20,56.62,-0.51,53.91,NaN,NaN,NaN,NaN,NaN,NaN,NaN,NaN,NaN,NaN
2479.67,36.02,32.48,36.00,20.00,AUTO,0,56,NaN,-1.65,56.50,0.70,55.56,NaN,NaN,NaN,NaN,NaN,NaN,NaN,NaN,NaN,NaN
2480.67,36.01,32.48,36.00,20.00,AUTO,0,56,NaN,-1.65,56.50,0.70,55.56,NaN,NaN,NaN,NaN,NaN,NaN,NaN,NaN,NaN,NaN
2481.68,36.01,32.48,36.00,20.00,AUTO,0,56,NaN,-1.65,56.50,0.70,55.56,NaN,NaN,NaN,NaN,NaN,NaN,NaN,NaN,NaN,NaN
2482.68,36.01,32.48,36.00,20.00,AUTO,0,56,NaN,-1.65,56.50,0.70,55.56,NaN,NaN,NaN,NaN,NaN,NaN,NaN,NaN,NaN,NaN
2483.68,36.01,32.48,36.00,20.00,AUTO,0,56,NaN,-1.65,56.50,0.70,55.56,NaN,NaN,NaN,NaN,NaN,NaN,NaN,NaN,NaN,NaN
2484.68,36.01,32.53,36.00,20.00,AUTO,0,56,NaN,-1.65,56.50,0.70,55.56,NaN,NaN,NaN,NaN,NaN,NaN,NaN,NaN,NaN,NaN
2485.68,36.01,32.53,36.00,20.00,AUTO,0,56,NaN,-1.65,56.50,0.70,55.56,NaN,NaN,NaN,NaN,NaN,NaN,NaN,NaN,NaN,NaN
2486.68,36.01,32.53,36.00,20.00,AUTO,0,56,NaN,-1.65,56.50,0.70,55.56,NaN,NaN,NaN,NaN,NaN,NaN,NaN,NaN,NaN,NaN
2487.69,36.01,32.53,36.00,20.00,AUTO,0,56,NaN,-1.65,56.50,0.70,55.56,NaN,NaN,NaN,NaN,NaN,NaN,NaN,NaN,NaN,NaN
2488.68,36.01,32.53,36.00,20.00,AUTO,0,56,NaN,-1.65,56.50,0.70,55.56,NaN,NaN,NaN,NaN,NaN,NaN,NaN,NaN,NaN,NaN
2489.69,36.01,32.53,36.00,20.00,AUTO,0,56,NaN,-1.65,56.50,0.70,55.56,NaN,NaN,NaN,NaN,NaN,NaN,NaN,NaN,NaN,NaN
2490.69,36.02,32.53,36.00,20.00,AUTO,0,56,NaN,-1.65,56.50,0.70,55.56,NaN,NaN,NaN,NaN,NaN,NaN,NaN,NaN,NaN,NaN
2491.69,36.03,32.53,36.00,20.00,AUTO,0,56,NaN,-1.65,56.50,0.70,55.56,NaN,NaN,NaN,NaN,NaN,NaN,NaN,NaN,NaN,NaN
2492.69,36.03,32.48,36.00,20.00,AUTO,0,56,NaN,-1.65,56.50,0.70,55.56,NaN,NaN,NaN,NaN,NaN,NaN,NaN,NaN,NaN,NaN
2493.69,36.03,32.48,36.00,20.00,AUTO,0,56,NaN,-1.65,56.50,0.70,55.56,NaN,NaN,NaN,NaN,NaN,NaN,NaN,NaN,NaN,NaN
2494.70,36.01,32.48,36.00,20.00,AUTO,0,55,NaN,-1.65,56.42,0.40,55.17,NaN,NaN,NaN,NaN,NaN,NaN,NaN,NaN,NaN,NaN
2495.70,36.01,32.53,36.00,20.00,AUTO,0,55,NaN,-1.65,56.42,0.40,55.17,NaN,NaN,NaN,NaN,NaN,NaN,NaN,NaN,NaN,NaN
2496.70,36.01,32.53,36.00,20.00,AUTO,0,55,NaN,-1.65,56.42,0.40,55.17,NaN,NaN,NaN,NaN,NaN,NaN,NaN,NaN,NaN,NaN
2497.70,36.01,32.53,36.00,20.00,AUTO,0,55,NaN,-1.65,56.42,0.40,55.17,NaN,NaN,NaN,NaN,NaN,NaN,NaN,NaN,NaN,NaN
2498.70,36.01,32.53,36.00,20.00,AUTO,0,55,NaN,-1.65,56.42,0.40,55.17,NaN,NaN,NaN,NaN,NaN,NaN,NaN,NaN,NaN,NaN
2499.70,36.00,32.53,36.00,20.00,AUTO,0,55,NaN,-1.65,56.42,0.40,55.17,NaN,NaN,NaN,NaN,NaN,NaN,NaN,NaN,NaN,NaN
2500.71,36.00,32.53,36.00,20.00,AUTO,0,55,NaN,-1.65,56.42,0.40,55.17,NaN,NaN,NaN,NaN,NaN,NaN,NaN,NaN,NaN,NaN
2501.71,36.00,32.55,36.00,20.00,AUTO,0,55,NaN,-1.65,56.42,0.40,55.17,NaN,NaN,NaN,NaN,NaN,NaN,NaN,NaN,NaN,NaN
2502.71,36.01,32.57,36.00,20.00,AUTO,0,55,NaN,-1.65,56.42,0.40,55.17,NaN,NaN,NaN,NaN,NaN,NaN,NaN,NaN,NaN,NaN
2503.71,36.01,32.57,36.00,20.00,AUTO,0,55,NaN,-1.65,56.42,0.40,55.17,NaN,NaN,NaN,NaN,NaN,NaN,NaN,NaN,NaN,NaN
2504.71,36.01,32.57,36.00,20.00,AUTO,0,55,NaN,-1.65,56.42,0.40,55.17,NaN,NaN,NaN,NaN,NaN,NaN,NaN,NaN,NaN,NaN
2505.71,36.02,32.57,36.00,20.00,AUTO,0,55,NaN,-1.65,56.42,0.40,55.17,NaN,NaN,NaN,NaN,NaN,NaN,NaN,NaN,NaN,NaN
2506.72,36.02,32.57,36.00,20.00,AUTO,0,55,NaN,-1.65,56.42,0.40,55.17,NaN,NaN,NaN,NaN,NaN,NaN,NaN,NaN,NaN,NaN
2507.72,36.02,32.53,36.00,20.00,AUTO,0,55,NaN,-1.65,56.42,0.40,55.17,NaN,NaN,NaN,NaN,NaN,NaN,NaN,NaN,NaN,NaN
2508.72,36.02,32.57,36.00,20.00,AUTO,0,55,NaN,-1.65,56.42,0.40,55.17,NaN,NaN,NaN,NaN,NaN,NaN,NaN,NaN,NaN,NaN
2509.72,36.01,32.57,36.00,20.00,AUTO,0,56,NaN,-1.10,56.37,0.36,55.63,NaN,NaN,NaN,NaN,NaN,NaN,NaN,NaN,NaN,NaN
2510.72,36.01,32.57,36.00,20.00,AUTO,0,56,NaN,-1.10,56.37,0.36,55.63,NaN,NaN,NaN,NaN,NaN,NaN,NaN,NaN,NaN,NaN
2511.72,36.01,32.57,36.00,20.00,AUTO,0,56,NaN,-1.10,56.37,0.36,55.63,NaN,NaN,NaN,NaN,NaN,NaN,NaN,NaN,NaN,NaN
2512.72,36.00,32.55,36.00,20.00,AUTO,0,56,NaN,-1.10,56.37,0.36,55.63,NaN,NaN,NaN,NaN,NaN,NaN,NaN,NaN,NaN,NaN
2513.73,36.00,32.55,36.00,20.00,AUTO,0,56,NaN,-1.10,56.37,0.36,55.63,NaN,NaN,NaN,NaN,NaN,NaN,NaN,NaN,NaN,NaN
2514.73,35.99,32.55,36.00,20.00,AUTO,0,56,NaN,-1.10,56.37,0.36,55.63,NaN,NaN,NaN,NaN,NaN,NaN,NaN,NaN,NaN,NaN
2515.73,35.98,32.55,36.00,20.00,AUTO,0,56,NaN,-1.10,56.37,0.36,55.63,NaN,NaN,NaN,NaN,NaN,NaN,NaN,NaN,NaN,NaN
2516.73,35.98,32.55,36.00,20.00,AUTO,0,56,NaN,-1.10,56.37,0.36,55.63,NaN,NaN,NaN,NaN,NaN,NaN,NaN,NaN,NaN,NaN
2517.73,35.98,32.59,36.00,20.00,AUTO,0,56,NaN,-1.10,56.37,0.36,55.63,NaN,NaN,NaN,NaN,NaN,NaN,NaN,NaN,NaN,NaN
2518.73,36.00,32.59,36.00,20.00,AUTO,0,56,NaN,-1.10,56.37,0.36,55.63,NaN,NaN,NaN,NaN,NaN,NaN,NaN,NaN,NaN,NaN
2519.74,36.00,32.59,36.00,20.00,AUTO,0,56,NaN,-1.10,56.37,0.36,55.63,NaN,NaN,NaN,NaN,NaN,NaN,NaN,NaN,NaN,NaN
2520.74,36.00,32.59,36.00,20.00,AUTO,0,56,NaN,-1.10,56.37,0.36,55.63,NaN,NaN,NaN,NaN,NaN,NaN,NaN,NaN,NaN,NaN
2521.74,35.99,32.59,36.00,20.00,AUTO,0,56,NaN,-1.10,56.37,0.36,55.63,NaN,NaN,NaN,NaN,NaN,NaN,NaN,NaN,NaN,NaN
2522.74,35.99,32.59,36.00,20.00,AUTO,0,56,NaN,-1.10,56.37,0.36,55.63,NaN,NaN,NaN,NaN,NaN,NaN,NaN,NaN,NaN,NaN
2523.74,35.99,32.59,36.00,20.00,AUTO,0,56,NaN,-1.10,56.37,0.36,55.63,NaN,NaN,NaN,NaN,NaN,NaN,NaN,NaN,NaN,NaN
2524.74,35.98,32.59,36.00,20.00,AUTO,0,59,NaN,0.55,56.39,2.11,59.05,NaN,NaN,NaN,NaN,NaN,NaN,NaN,NaN,NaN,NaN
2525.74,35.98,32.59,36.00,20.00,AUTO,0,59,NaN,0.55,56.39,2.11,59.05,NaN,NaN,NaN,NaN,NaN,NaN,NaN,NaN,NaN,NaN
2526.75,35.97,32.59,36.00,20.00,AUTO,0,59,NaN,0.55,56.39,2.11,59.05,NaN,NaN,NaN,NaN,NaN,NaN,NaN,NaN,NaN,NaN
2527.75,35.97,32.59,36.00,20.00,AUTO,0,59,NaN,0.55,56.39,2.11,59.05,NaN,NaN,NaN,NaN,NaN,NaN,NaN,NaN,NaN,NaN
2528.75,35.96,32.63,36.00,20.00,AUTO,0,59,NaN,0.55,56.39,2.11,59.05,NaN,NaN,NaN,NaN,NaN,NaN,NaN,NaN,NaN,NaN
2529.75,35.97,32.63,36.00,20.00,AUTO,0,59,NaN,0.55,56.39,2.11,59.05,NaN,NaN,NaN,NaN,NaN,NaN,NaN,NaN,NaN,NaN
2530.75,35.97,32.63,36.00,20.00,AUTO,0,59,NaN,0.55,56.39,2.11,59.05,NaN,NaN,NaN,NaN,NaN,NaN,NaN,NaN,NaN,NaN
2531.75,35.97,32.63,36.00,20.00,AUTO,0,59,NaN,0.55,56.39,2.11,59.05,NaN,NaN,NaN,NaN,NaN,NaN,NaN,NaN,NaN,NaN
2532.76,35.98,32.63,36.00,20.00,AUTO,0,59,NaN,0.55,56.39,2.11,59.05,NaN,NaN,NaN,NaN,NaN,NaN,NaN,NaN,NaN,NaN
2533.76,35.98,32.63,36.00,20.00,AUTO,0,59,NaN,0.55,56.39,2.11,59.05,NaN,NaN,NaN,NaN,NaN,NaN,NaN,NaN,NaN,NaN
2534.76,35.99,32.63,36.00,20.00,AUTO,0,59,NaN,0.55,56.39,2.11,59.05,NaN,NaN,NaN,NaN,NaN,NaN,NaN,NaN,NaN,NaN
2535.76,36.00,32.63,36.00,20.00,AUTO,0,59,NaN,0.55,56.39,2.11,59.05,NaN,NaN,NaN,NaN,NaN,NaN,NaN,NaN,NaN,NaN
2536.76,36.00,32.63,36.00,20.00,AUTO,0,59,NaN,0.55,56.39,2.11,59.05,NaN,NaN,NaN,NaN,NaN,NaN,NaN,NaN,NaN,NaN
2537.76,36.00,32.65,36.00,20.00,AUTO,0,59,NaN,0.55,56.39,2.11,59.05,NaN,NaN,NaN,NaN,NaN,NaN,NaN,NaN,NaN,NaN
2538.76,36.00,32.59,36.00,20.00,AUTO,0,59,NaN,0.55,56.39,2.11,59.05,NaN,NaN,NaN,NaN,NaN,NaN,NaN,NaN,NaN,NaN
2539.77,36.00,32.59,36.00,20.00,AUTO,0,56,NaN,0.00,56.49,-0.26,56.23,NaN,NaN,NaN,NaN,NaN,NaN,NaN,NaN,NaN,NaN
2540.77,35.99,32.59,36.00,20.00,AUTO,0,56,NaN,0.00,56.49,-0.26,56.23,NaN,NaN,NaN,NaN,NaN,NaN,NaN,NaN,NaN,NaN
2541.77,35.99,32.59,36.00,20.00,AUTO,0,56,NaN,0.00,56.49,-0.26,56.23,NaN,NaN,NaN,NaN,NaN,NaN,NaN,NaN,NaN,NaN
2542.77,35.99,32.59,36.00,20.00,AUTO,0,56,NaN,0.00,56.49,-0.26,56.23,NaN,NaN,NaN,NaN,NaN,NaN,NaN,NaN,NaN,NaN
2543.77,35.99,32.63,36.00,20.00,AUTO,0,56,NaN,0.00,56.49,-0.26,56.23,NaN,NaN,NaN,NaN,NaN,NaN,NaN,NaN,NaN,NaN
2544.77,35.99,32.59,36.00,20.00,AUTO,0,56,NaN,0.00,56.49,-0.26,56.23,NaN,NaN,NaN,NaN,NaN,NaN,NaN,NaN,NaN,NaN
2545.77,35.99,32.59,36.00,20.00,AUTO,0,56,NaN,0.00,56.49,-0.26,56.23,NaN,NaN,NaN,NaN,NaN,NaN,NaN,NaN,NaN,NaN
2546.78,35.99,32.63,36.00,20.00,AUTO,0,56,NaN,0.00,56.49,-0.26,56.23,NaN,NaN,NaN,NaN,NaN,NaN,NaN,NaN,NaN,NaN
2547.78,36.00,32.59,36.00,20.00,AUTO,0,56,NaN,0.00,56.49,-0.26,56.23,NaN,NaN,NaN,NaN,NaN,NaN,NaN,NaN,NaN,NaN
2548.78,36.01,32.60,36.00,20.00,AUTO,0,56,NaN,0.00,56.49,-0.26,56.23,NaN,NaN,NaN,NaN,NaN,NaN,NaN,NaN,NaN,NaN
2549.78,36.01,32.60,36.00,20.00,AUTO,0,56,NaN,0.00,56.49,-0.26,56.23,NaN,NaN,NaN,NaN,NaN,NaN,NaN,NaN,NaN,NaN
2550.78,36.02,32.60,36.00,20.00,AUTO,0,56,NaN,0.00,56.49,-0.26,56.23,NaN,NaN,NaN,NaN,NaN,NaN,NaN,NaN,NaN,NaN
2551.79,36.02,32.60,36.00,20.00,AUTO,0,56,NaN,0.00,56.49,-0.26,56.23,NaN,NaN,NaN,NaN,NaN,NaN,NaN,NaN,NaN,NaN
2552.78,36.02,32.57,36.00,20.00,AUTO,0,56,NaN,0.00,56.49,-0.26,56.23,NaN,NaN,NaN,NaN,NaN,NaN,NaN,NaN,NaN,NaN
2553.79,36.02,32.57,36.00,20.00,AUTO,0,56,NaN,0.00,56.49,-0.26,56.23,NaN,NaN,NaN,NaN,NaN,NaN,NaN,NaN,NaN,NaN
2554.79,36.01,32.60,36.00,20.00,AUTO,0,54,NaN,-1.10,56.48,-1.57,53.81,NaN,NaN,NaN,NaN,NaN,NaN,NaN,NaN,NaN,NaN
2555.79,36.01,32.57,36.00,20.00,AUTO,0,54,NaN,-1.10,56.48,-1.57,53.81,NaN,NaN,NaN,NaN,NaN,NaN,NaN,NaN,NaN,NaN
2556.79,36.01,32.57,36.00,20.00,AUTO,0,54,NaN,-1.10,56.48,-1.57,53.81,NaN,NaN,NaN,NaN,NaN,NaN,NaN,NaN,NaN,NaN
2557.79,36.01,32.57,36.00,20.00,AUTO,0,54,NaN,-1.10,56.48,-1.57,53.81,NaN,NaN,NaN,NaN,NaN,NaN,NaN,NaN,NaN,NaN
2558.80,36.01,32.57,36.00,20.00,AUTO,0,54,NaN,-1.10,56.48,-1.57,53.81,NaN,NaN,NaN,NaN,NaN,NaN,NaN,NaN,NaN,NaN
2559.80,36.01,32.60,36.00,20.00,AUTO,0,54,NaN,-1.10,56.48,-1.57,53.81,NaN,NaN,NaN,NaN,NaN,NaN,NaN,NaN,NaN,NaN
2560.80,36.01,32.57,36.00,20.00,AUTO,0,54,NaN,-1.10,56.48,-1.57,53.81,NaN,NaN,NaN,NaN,NaN,NaN,NaN,NaN,NaN,NaN
2561.80,36.01,32.57,36.00,20.00,AUTO,0,54,NaN,-1.10,56.48,-1.57,53.81,NaN,NaN,NaN,NaN,NaN,NaN,NaN,NaN,NaN,NaN
2562.80,36.01,32.60,36.00,20.00,AUTO,0,54,NaN,-1.10,56.48,-1.57,53.81,NaN,NaN,NaN,NaN,NaN,NaN,NaN,NaN,NaN,NaN
2563.80,36.02,32.57,36.00,20.00,AUTO,0,54,NaN,-1.10,56.48,-1.57,53.81,NaN,NaN,NaN,NaN,NaN,NaN,NaN,NaN,NaN,NaN
2564.81,36.03,32.57,36.00,20.00,AUTO,0,54,NaN,-1.10,56.48,-1.57,53.81,NaN,NaN,NaN,NaN,NaN,NaN,NaN,NaN,NaN,NaN
2565.81,36.03,32.57,36.00,20.00,AUTO,0,54,NaN,-1.10,56.48,-1.57,53.81,NaN,NaN,NaN,NaN,NaN,NaN,NaN,NaN,NaN,NaN
2566.81,36.03,32.57,36.00,20.00,AUTO,0,54,NaN,-1.10,56.48,-1.57,53.81,NaN,NaN,NaN,NaN,NaN,NaN,NaN,NaN,NaN,NaN
2567.81,36.03,32.57,36.00,20.00,AUTO,0,54,NaN,-1.10,56.48,-1.57,53.81,NaN,NaN,NaN,NaN,NaN,NaN,NaN,NaN,NaN,NaN
2568.81,36.03,32.57,36.00,20.00,AUTO,0,54,NaN,-1.10,56.48,-1.57,53.81,NaN,NaN,NaN,NaN,NaN,NaN,NaN,NaN,NaN,NaN
2569.82,36.02,32.60,36.00,20.00,AUTO,0,54,NaN,-1.65,56.39,-0.93,53.81,NaN,NaN,NaN,NaN,NaN,NaN,NaN,NaN,NaN,NaN
2570.82,36.01,32.57,36.00,20.00,AUTO,0,54,NaN,-1.65,56.39,-0.93,53.81,NaN,NaN,NaN,NaN,NaN,NaN,NaN,NaN,NaN,NaN
2571.82,36.01,32.57,36.00,20.00,AUTO,0,54,NaN,-1.65,56.39,-0.93,53.81,NaN,NaN,NaN,NaN,NaN,NaN,NaN,NaN,NaN,NaN
2572.82,36.01,32.60,36.00,20.00,AUTO,0,54,NaN,-1.65,56.39,-0.93,53.81,NaN,NaN,NaN,NaN,NaN,NaN,NaN,NaN,NaN,NaN
2573.82,36.01,32.60,36.00,20.00,AUTO,0,54,NaN,-1.65,56.39,-0.93,53.81,NaN,NaN,NaN,NaN,NaN,NaN,NaN,NaN,NaN,NaN
2574.82,36.01,32.60,36.00,20.00,AUTO,0,54,NaN,-1.65,56.39,-0.93,53.81,NaN,NaN,NaN,NaN,NaN,NaN,NaN,NaN,NaN,NaN
2575.82,36.01,32.60,36.00,20.00,AUTO,0,54,NaN,-1.65,56.39,-0.93,53.81,NaN,NaN,NaN,NaN,NaN,NaN,NaN,NaN,NaN,NaN
2576.82,36.01,32.60,36.00,20.00,AUTO,0,54,NaN,-1.65,56.39,-0.93,53.81,NaN,NaN,NaN,NaN,NaN,NaN,NaN,NaN,NaN,NaN
2577.82,36.01,32.60,36.00,20.00,AUTO,0,54,NaN,-1.65,56.39,-0.93,53.81,NaN,NaN,NaN,NaN,NaN,NaN,NaN,NaN,NaN,NaN
2578.83,36.02,32.60,36.00,20.00,AUTO,0,54,NaN,-1.65,56.39,-0.93,53.81,NaN,NaN,NaN,NaN,NaN,NaN,NaN,NaN,NaN,NaN
2579.83,36.02,32.60,36.00,20.00,AUTO,0,54,NaN,-1.65,56.39,-0.93,53.81,NaN,NaN,NaN,NaN,NaN,NaN,NaN,NaN,NaN,NaN
2580.83,36.03,32.60,36.00,20.00,AUTO,0,54,NaN,-1.65,56.39,-0.93,53.81,NaN,NaN,NaN,NaN,NaN,NaN,NaN,NaN,NaN,NaN
2581.83,36.03,32.60,36.00,20.00,AUTO,0,54,NaN,-1.65,56.39,-0.93,53.81,NaN,NaN,NaN,NaN,NaN,NaN,NaN,NaN,NaN,NaN
2582.83,36.02,32.60,36.00,20.00,AUTO,0,54,NaN,-1.65,56.39,-0.93,53.81,NaN,NaN,NaN,NaN,NaN,NaN,NaN,NaN,NaN,NaN
2583.83,36.02,32.60,36.00,20.00,AUTO,0,54,NaN,-1.65,56.39,-0.93,53.81,NaN,NaN,NaN,NaN,NaN,NaN,NaN,NaN,NaN,NaN
2584.84,36.01,32.60,36.00,20.00,AUTO,0,56,NaN,-1.10,56.30,0.42,55.63,NaN,NaN,NaN,NaN,NaN,NaN,NaN,NaN,NaN,NaN
2585.84,36.01,32.60,36.00,20.00,AUTO,0,56,NaN,-1.10,56.30,0.42,55.63,NaN,NaN,NaN,NaN,NaN,NaN,NaN,NaN,NaN,NaN
2586.84,36.01,32.60,36.00,20.00,AUTO,0,56,NaN,-1.10,56.30,0.42,55.63,NaN,NaN,NaN,NaN,NaN,NaN,NaN,NaN,NaN,NaN
2587.84,36.00,32.60,36.00,20.00,AUTO,0,56,NaN,-1.10,56.30,0.42,55.63,NaN,NaN,NaN,NaN,NaN,NaN,NaN,NaN,NaN,NaN
2588.84,36.00,32.60,36.00,20.00,AUTO,0,56,NaN,-1.10,56.30,0.42,55.63,NaN,NaN,NaN,NaN,NaN,NaN,NaN,NaN,NaN,NaN
2589.84,36.00,32.63,36.00,20.00,AUTO,0,56,NaN,-1.10,56.30,0.42,55.63,NaN,NaN,NaN,NaN,NaN,NaN,NaN,NaN,NaN,NaN
2590.84,36.00,32.65,36.00,20.00,AUTO,0,56,NaN,-1.10,56.30,0.42,55.63,NaN,NaN,NaN,NaN,NaN,NaN,NaN,NaN,NaN,NaN
2591.85,36.00,32.65,36.00,20.00,AUTO,0,56,NaN,-1.10,56.30,0.42,55.63,NaN,NaN,NaN,NaN,NaN,NaN,NaN,NaN,NaN,NaN
2592.85,36.01,32.65,36.00,20.00,AUTO,0,56,NaN,-1.10,56.30,0.42,55.63,NaN,NaN,NaN,NaN,NaN,NaN,NaN,NaN,NaN,NaN
2593.85,36.01,32.65,36.00,20.00,AUTO,0,56,NaN,-1.10,56.30,0.42,55.63,NaN,NaN,NaN,NaN,NaN,NaN,NaN,NaN,NaN,NaN
2594.85,36.01,32.65,36.00,20.00,AUTO,0,56,NaN,-1.10,56.30,0.42,55.63,NaN,NaN,NaN,NaN,NaN,NaN,NaN,NaN,NaN,NaN
2595.85,36.02,32.65,36.00,20.00,AUTO,0,56,NaN,-1.10,56.30,0.42,55.63,NaN,NaN,NaN,NaN,NaN,NaN,NaN,NaN,NaN,NaN
2596.86,36.02,32.65,36.00,20.00,AUTO,0,56,NaN,-1.10,56.30,0.42,55.63,NaN,NaN,NaN,NaN,NaN,NaN,NaN,NaN,NaN,NaN
2597.86,36.02,32.65,36.00,20.00,AUTO,0,56,NaN,-1.10,56.30,0.42,55.63,NaN,NaN,NaN,NaN,NaN,NaN,NaN,NaN,NaN,NaN
2598.86,36.02,32.65,36.00,20.00,AUTO,0,56,NaN,-1.10,56.30,0.42,55.63,NaN,NaN,NaN,NaN,NaN,NaN,NaN,NaN,NaN,NaN
2599.86,36.01,32.65,36.00,20.00,AUTO,0,56,NaN,-1.10,56.26,0.43,55.59,NaN,NaN,NaN,NaN,NaN,NaN,NaN,NaN,NaN,NaN
2600.86,36.01,32.65,36.00,20.00,AUTO,0,56,NaN,-1.10,56.26,0.43,55.59,NaN,NaN,NaN,NaN,NaN,NaN,NaN,NaN,NaN,NaN
2601.86,36.00,32.65,36.00,20.00,AUTO,0,56,NaN,-1.10,56.26,0.43,55.59,NaN,NaN,NaN,NaN,NaN,NaN,NaN,NaN,NaN,NaN
2602.87,36.00,32.63,36.00,20.00,AUTO,0,56,NaN,-1.10,56.26,0.43,55.59,NaN,NaN,NaN,NaN,NaN,NaN,NaN,NaN,NaN,NaN
2603.86,36.00,32.63,36.00,20.00,AUTO,0,56,NaN,-1.10,56.26,0.43,55.59,NaN,NaN,NaN,NaN,NaN,NaN,NaN,NaN,NaN,NaN
2604.87,36.00,32.65,36.00,20.00,AUTO,0,56,NaN,-1.10,56.26,0.43,55.59,NaN,NaN,NaN,NaN,NaN,NaN,NaN,NaN,NaN,NaN
2605.87,36.00,32.63,36.00,20.00,AUTO,0,56,NaN,-1.10,56.26,0.43,55.59,NaN,NaN,NaN,NaN,NaN,NaN,NaN,NaN,NaN,NaN
2606.87,36.00,32.65,36.00,20.00,AUTO,0,56,NaN,-1.10,56.26,0.43,55.59,NaN,NaN,NaN,NaN,NaN,NaN,NaN,NaN,NaN,NaN
2607.87,36.00,32.63,36.00,20.00,AUTO,0,56,NaN,-1.10,56.26,0.43,55.59,NaN,NaN,NaN,NaN,NaN,NaN,NaN,NaN,NaN,NaN
2608.87,36.01,32.65,36.00,20.00,AUTO,0,56,NaN,-1.10,56.26,0.43,55.59,NaN,NaN,NaN,NaN,NaN,NaN,NaN,NaN,NaN,NaN
2609.87,36.01,32.65,36.00,20.00,AUTO,0,56,NaN,-1.10,56.26,0.43,55.59,NaN,NaN,NaN,NaN,NaN,NaN,NaN,NaN,NaN,NaN
2610.88,36.01,32.65,36.00,20.00,AUTO,0,56,NaN,-1.10,56.26,0.43,55.59,NaN,NaN,NaN,NaN,NaN,NaN,NaN,NaN,NaN,NaN
2611.88,36.01,32.65,36.00,20.00,AUTO,0,56,NaN,-1.10,56.26,0.43,55.59,NaN,NaN,NaN,NaN,NaN,NaN,NaN,NaN,NaN,NaN
2612.88,36.01,32.65,36.00,20.00,AUTO,0,56,NaN,-1.10,56.26,0.43,55.59,NaN,NaN,NaN,NaN,NaN,NaN,NaN,NaN,NaN,NaN
2613.88,36.01,32.65,36.00,20.00,AUTO,0,56,NaN,-1.10,56.26,0.43,55.59,NaN,NaN,NaN,NaN,NaN,NaN,NaN,NaN,NaN,NaN
2614.89,36.01,32.65,36.00,20.00,AUTO,0,56,NaN,-0.55,56.23,0.57,56.25,NaN,NaN,NaN,NaN,NaN,NaN,NaN,NaN,NaN,NaN
2615.89,36.01,32.65,36.00,20.00,AUTO,0,56,NaN,-0.55,56.23,0.57,56.25,NaN,NaN,NaN,NaN,NaN,NaN,NaN,NaN,NaN,NaN
2616.88,36.00,32.63,36.00,20.00,AUTO,0,56,NaN,-0.55,56.23,0.57,56.25,NaN,NaN,NaN,NaN,NaN,NaN,NaN,NaN,NaN,NaN
2617.89,36.00,32.63,36.00,20.00,AUTO,0,56,NaN,-0.55,56.23,0.57,56.25,NaN,NaN,NaN,NaN,NaN,NaN,NaN,NaN,NaN,NaN
2618.89,35.99,32.63,36.00,20.00,AUTO,0,56,NaN,-0.55,56.23,0.57,56.25,NaN,NaN,NaN,NaN,NaN,NaN,NaN,NaN,NaN,NaN
2619.89,36.00,32.67,36.00,20.00,AUTO,0,56,NaN,-0.55,56.23,0.57,56.25,NaN,NaN,NaN,NaN,NaN,NaN,NaN,NaN,NaN,NaN
2620.89,36.00,32.67,36.00,20.00,AUTO,0,56,NaN,-0.55,56.23,0.57,56.25,NaN,NaN,NaN,NaN,NaN,NaN,NaN,NaN,NaN,NaN
2621.89,36.00,32.67,36.00,20.00,AUTO,0,56,NaN,-0.55,56.23,0.57,56.25,NaN,NaN,NaN,NaN,NaN,NaN,NaN,NaN,NaN,NaN
2622.89,35.99,32.67,36.00,20.00,AUTO,0,56,NaN,-0.55,56.23,0.57,56.25,NaN,NaN,NaN,NaN,NaN,NaN,NaN,NaN,NaN,NaN
2623.90,36.01,32.69,36.00,20.00,AUTO,0,56,NaN,-0.55,56.23,0.57,56.25,NaN,NaN,NaN,NaN,NaN,NaN,NaN,NaN,NaN,NaN
2624.90,36.01,32.69,36.00,20.00,AUTO,0,56,NaN,-0.55,56.23,0.57,56.25,NaN,NaN,NaN,NaN,NaN,NaN,NaN,NaN,NaN,NaN
2625.90,36.01,32.69,36.00,20.00,AUTO,0,56,NaN,-0.55,56.23,0.57,56.25,NaN,NaN,NaN,NaN,NaN,NaN,NaN,NaN,NaN,NaN
2626.90,36.01,32.69,36.00,20.00,AUTO,0,56,NaN,-0.55,56.23,0.57,56.25,NaN,NaN,NaN,NaN,NaN,NaN,NaN,NaN,NaN,NaN
2627.90,36.01,32.65,36.00,20.00,AUTO,0,56,NaN,-0.55,56.23,0.57,56.25,NaN,NaN,NaN,NaN,NaN,NaN,NaN,NaN,NaN,NaN
2628.90,36.01,32.65,36.00,20.00,AUTO,0,56,NaN,-0.55,56.23,0.57,56.25,NaN,NaN,NaN,NaN,NaN,NaN,NaN,NaN,NaN,NaN
2629.91,36.01,32.65,36.00,20.00,AUTO,0,56,NaN,-0.55,56.21,0.12,55.78,NaN,NaN,NaN,NaN,NaN,NaN,NaN,NaN,NaN,NaN
2630.90,36.00,32.63,36.00,20.00,AUTO,0,56,NaN,-0.55,56.21,0.12,55.78,NaN,NaN,NaN,NaN,NaN,NaN,NaN,NaN,NaN,NaN
2631.91,36.00,32.63,36.00,20.00,AUTO,0,56,NaN,-0.55,56.21,0.12,55.78,NaN,NaN,NaN,NaN,NaN,NaN,NaN,NaN,NaN,NaN
2632.91,36.00,32.67,36.00,20.00,AUTO,0,56,NaN,-0.55,56.21,0.12,55.78,NaN,NaN,NaN,NaN,NaN,NaN,NaN,NaN,NaN,NaN
2633.91,36.00,32.67,36.00,20.00,AUTO,0,56,NaN,-0.55,56.21,0.12,55.78,NaN,NaN,NaN,NaN,NaN,NaN,NaN,NaN,NaN,NaN
2634.91,36.00,32.67,36.00,20.00,AUTO,0,56,NaN,-0.55,56.21,0.12,55.78,NaN,NaN,NaN,NaN,NaN,NaN,NaN,NaN,NaN,NaN
2635.91,36.00,32.69,36.00,20.00,AUTO,0,56,NaN,-0.55,56.21,0.12,55.78,NaN,NaN,NaN,NaN,NaN,NaN,NaN,NaN,NaN,NaN
2636.92,36.00,32.69,36.00,20.00,AUTO,0,56,NaN,-0.55,56.21,0.12,55.78,NaN,NaN,NaN,NaN,NaN,NaN,NaN,NaN,NaN,NaN
2637.92,36.00,32.69,36.00,20.00,AUTO,0,56,NaN,-0.55,56.21,0.12,55.78,NaN,NaN,NaN,NaN,NaN,NaN,NaN,NaN,NaN,NaN
2638.92,36.01,32.69,36.00,20.00,AUTO,0,56,NaN,-0.55,56.21,0.12,55.78,NaN,NaN,NaN,NaN,NaN,NaN,NaN,NaN,NaN,NaN
2639.92,36.01,32.69,36.00,20.00,AUTO,0,56,NaN,-0.55,56.21,0.12,55.78,NaN,NaN,NaN,NaN,NaN,NaN,NaN,NaN,NaN,NaN
2640.92,36.01,32.69,36.00,20.00,AUTO,0,56,NaN,-0.55,56.21,0.12,55.78,NaN,NaN,NaN,NaN,NaN,NaN,NaN,NaN,NaN,NaN
2641.92,36.01,32.69,36.00,20.00,AUTO,0,56,NaN,-0.55,56.21,0.12,55.78,NaN,NaN,NaN,NaN,NaN,NaN,NaN,NaN,NaN,NaN
2642.93,36.01,32.69,36.00,20.00,AUTO,0,56,NaN,-0.55,56.21,0.12,55.78,NaN,NaN,NaN,NaN,NaN,NaN,NaN,NaN,NaN,NaN
2643.93,36.01,32.69,36.00,20.00,AUTO,0,56,NaN,-0.55,56.21,0.12,55.78,NaN,NaN,NaN,NaN,NaN,NaN,NaN,NaN,NaN,NaN
2644.93,36.01,32.69,36.00,20.00,AUTO,0,56,NaN,-0.55,56.18,0.00,55.63,NaN,NaN,NaN,NaN,NaN,NaN,NaN,NaN,NaN,NaN
2645.93,36.01,32.69,36.00,20.00,AUTO,0,56,NaN,-0.55,56.18,0.00,55.63,NaN,NaN,NaN,NaN,NaN,NaN,NaN,NaN,NaN,NaN
2646.93,36.00,32.67,36.00,20.00,AUTO,0,56,NaN,-0.55,56.18,0.00,55.63,NaN,NaN,NaN,NaN,NaN,NaN,NaN,NaN,NaN,NaN
2647.93,36.00,32.67,36.00,20.00,AUTO,0,56,NaN,-0.55,56.18,0.00,55.63,NaN,NaN,NaN,NaN,NaN,NaN,NaN,NaN,NaN,NaN
2648.94,36.00,32.67,36.00,20.00,AUTO,0,56,NaN,-0.55,56.18,0.00,55.63,NaN,NaN,NaN,NaN,NaN,NaN,NaN,NaN,NaN,NaN
2649.94,36.00,32.69,36.00,20.00,AUTO,0,56,NaN,-0.55,56.18,0.00,55.63,NaN,NaN,NaN,NaN,NaN,NaN,NaN,NaN,NaN,NaN
2650.94,36.00,32.67,36.00,20.00,AUTO,0,56,NaN,-0.55,56.18,0.00,55.63,NaN,NaN,NaN,NaN,NaN,NaN,NaN,NaN,NaN,NaN
2651.94,35.99,32.67,36.00,20.00,AUTO,0,56,NaN,-0.55,56.18,0.00,55.63,NaN,NaN,NaN,NaN,NaN,NaN,NaN,NaN,NaN,NaN
2652.94,35.99,32.71,36.00,20.00,AUTO,0,56,NaN,-0.55,56.18,0.00,55.63,NaN,NaN,NaN,NaN,NaN,NaN,NaN,NaN,NaN,NaN
2653.94,36.00,32.73,36.00,20.00,AUTO,0,56,NaN,-0.55,56.18,0.00,55.63,NaN,NaN,NaN,NaN,NaN,NaN,NaN,NaN,NaN,NaN
2654.94,36.00,32.73,36.00,20.00,AUTO,0,56,NaN,-0.55,56.18,0.00,55.63,NaN,NaN,NaN,NaN,NaN,NaN,NaN,NaN,NaN,NaN
2655.95,36.00,32.73,36.00,20.00,AUTO,0,56,NaN,-0.55,56.18,0.00,55.63,NaN,NaN,NaN,NaN,NaN,NaN,NaN,NaN,NaN,NaN
2656.95,36.00,32.73,36.00,20.00,AUTO,0,56,NaN,-0.55,56.18,0.00,55.63,NaN,NaN,NaN,NaN,NaN,NaN,NaN,NaN,NaN,NaN
2657.95,36.01,32.73,36.00,20.00,AUTO,0,56,NaN,-0.55,56.18,0.00,55.63,NaN,NaN,NaN,NaN,NaN,NaN,NaN,NaN,NaN,NaN
2658.95,36.00,32.73,36.00,20.00,AUTO,0,56,NaN,-0.55,56.18,0.00,55.63,NaN,NaN,NaN,NaN,NaN,NaN,NaN,NaN,NaN,NaN
2659.95,35.99,32.71,36.00,20.00,AUTO,0,57,NaN,-0.27,56.18,0.78,56.68,NaN,NaN,NaN,NaN,NaN,NaN,NaN,NaN,NaN,NaN
2660.95,35.99,32.71,36.00,20.00,AUTO,0,57,NaN,-0.27,56.18,0.78,56.68,NaN,NaN,NaN,NaN,NaN,NaN,NaN,NaN,NaN,NaN
2661.96,35.98,32.71,36.00,20.00,AUTO,0,57,NaN,-0.27,56.18,0.78,56.68,NaN,NaN,NaN,NaN,NaN,NaN,NaN,NaN,NaN,NaN
2662.95,35.98,32.71,36.00,20.00,AUTO,0,57,NaN,-0.27,56.18,0.78,56.68,NaN,NaN,NaN,NaN,NaN,NaN,NaN,NaN,NaN,NaN
2663.96,35.98,32.71,36.00,20.00,AUTO,0,57,NaN,-0.27,56.18,0.78,56.68,NaN,NaN,NaN,NaN,NaN,NaN,NaN,NaN,NaN,NaN
2664.96,35.98,32.71,36.00,20.00,AUTO,0,57,NaN,-0.27,56.18,0.78,56.68,NaN,NaN,NaN,NaN,NaN,NaN,NaN,NaN,NaN,NaN
2665.96,35.99,32.71,36.00,20.00,AUTO,0,57,NaN,-0.27,56.18,0.78,56.68,NaN,NaN,NaN,NaN,NaN,NaN,NaN,NaN,NaN,NaN
2666.96,35.98,32.71,36.00,20.00,AUTO,0,57,NaN,-0.27,56.18,0.78,56.68,NaN,NaN,NaN,NaN,NaN,NaN,NaN,NaN,NaN,NaN
2667.96,35.99,32.71,36.00,20.00,AUTO,0,57,NaN,-0.27,56.18,0.78,56.68,NaN,NaN,NaN,NaN,NaN,NaN,NaN,NaN,NaN,NaN
2668.96,36.00,32.71,36.00,20.00,AUTO,0,57,NaN,-0.27,56.18,0.78,56.68,NaN,NaN,NaN,NaN,NaN,NaN,NaN,NaN,NaN,NaN
2669.97,36.00,32.71,36.00,20.00,AUTO,0,57,NaN,-0.27,56.18,0.78,56.68,NaN,NaN,NaN,NaN,NaN,NaN,NaN,NaN,NaN,NaN
2670.97,36.00,32.73,36.00,20.00,AUTO,0,57,NaN,-0.27,56.18,0.78,56.68,NaN,NaN,NaN,NaN,NaN,NaN,NaN,NaN,NaN,NaN
2671.97,36.01,32.73,36.00,20.00,AUTO,0,57,NaN,-0.27,56.18,0.78,56.68,NaN,NaN,NaN,NaN,NaN,NaN,NaN,NaN,NaN,NaN
2672.97,36.01,32.73,36.00,20.00,AUTO,0,57,NaN,-0.27,56.18,0.78,56.68,NaN,NaN,NaN,NaN,NaN,NaN,NaN,NaN,NaN,NaN
2673.97,36.01,32.73,36.00,20.00,AUTO,0,57,NaN,-0.27,56.18,0.78,56.68,NaN,NaN,NaN,NaN,NaN,NaN,NaN,NaN,NaN,NaN
2674.98,35.99,32.71,36.00,20.00,AUTO,0,55,NaN,-0.55,56.22,-0.45,55.22,NaN,NaN,NaN,NaN,NaN,NaN,NaN,NaN,NaN,NaN
2675.97,35.99,32.71,36.00,20.00,AUTO,0,55,NaN,-0.55,56.22,-0.45,55.22,NaN,NaN,NaN,NaN,NaN,NaN,NaN,NaN,NaN,NaN
2676.98,35.99,32.71,36.00,20.00,AUTO,0,55,NaN,-0.55,56.22,-0.45,55.22,NaN,NaN,NaN,NaN,NaN,NaN,NaN,NaN,NaN,NaN
2677.98,35.98,32.71,36.00,20.00,AUTO,0,55,NaN,-0.55,56.22,-0.45,55.22,NaN,NaN,NaN,NaN,NaN,NaN,NaN,NaN,NaN,NaN
2678.98,35.98,32.71,36.00,20.00,AUTO,0,55,NaN,-0.55,56.22,-0.45,55.22,NaN,NaN,NaN,NaN,NaN,NaN,NaN,NaN,NaN,NaN
2679.98,35.99,32.71,36.00,20.00,AUTO,0,55,NaN,-0.55,56.22,-0.45,55.22,NaN,NaN,NaN,NaN,NaN,NaN,NaN,NaN,NaN,NaN
2680.98,35.99,32.71,36.00,20.00,AUTO,0,55,NaN,-0.55,56.22,-0.45,55.22,NaN,NaN,NaN,NaN,NaN,NaN,NaN,NaN,NaN,NaN
2681.99,35.98,32.71,36.00,20.00,AUTO,0,55,NaN,-0.55,56.22,-0.45,55.22,NaN,NaN,NaN,NaN,NaN,NaN,NaN,NaN,NaN,NaN
2682.99,35.98,32.71,36.00,20.00,AUTO,0,55,NaN,-0.55,56.22,-0.45,55.22,NaN,NaN,NaN,NaN,NaN,NaN,NaN,NaN,NaN,NaN
2683.99,36.01,32.73,36.00,20.00,AUTO,0,55,NaN,-0.55,56.22,-0.45,55.22,NaN,NaN,NaN,NaN,NaN,NaN,NaN,NaN,NaN,NaN
2684.99,36.01,32.73,36.00,20.00,AUTO,0,55,NaN,-0.55,56.22,-0.45,55.22,NaN,NaN,NaN,NaN,NaN,NaN,NaN,NaN,NaN,NaN
2685.99,36.01,32.73,36.00,20.00,AUTO,0,55,NaN,-0.55,56.22,-0.45,55.22,NaN,NaN,NaN,NaN,NaN,NaN,NaN,NaN,NaN,NaN
2686.99,36.01,32.73,36.00,20.00,AUTO,0,55,NaN,-0.55,56.22,-0.45,55.22,NaN,NaN,NaN,NaN,NaN,NaN,NaN,NaN,NaN,NaN
2688.00,36.01,32.73,36.00,20.00,AUTO,0,55,NaN,-0.55,56.22,-0.45,55.22,NaN,NaN,NaN,NaN,NaN,NaN,NaN,NaN,NaN,NaN
2689.00,36.01,32.73,36.00,20.00,AUTO,0,55,NaN,-0.55,56.22,-0.45,55.22,NaN,NaN,NaN,NaN,NaN,NaN,NaN,NaN,NaN,NaN
2690.00,36.00,32.71,36.00,20.00,AUTO,0,55,NaN,-0.55,56.24,-0.41,55.28,NaN,NaN,NaN,NaN,NaN,NaN,NaN,NaN,NaN,NaN
2691.00,36.00,32.71,36.00,20.00,AUTO,0,55,NaN,-0.55,56.24,-0.41,55.28,NaN,NaN,NaN,NaN,NaN,NaN,NaN,NaN,NaN,NaN
2692.00,36.00,32.73,36.00,20.00,AUTO,0,55,NaN,-0.55,56.24,-0.41,55.28,NaN,NaN,NaN,NaN,NaN,NaN,NaN,NaN,NaN,NaN
2693.00,36.00,32.71,36.00,20.00,AUTO,0,55,NaN,-0.55,56.24,-0.41,55.28,NaN,NaN,NaN,NaN,NaN,NaN,NaN,NaN,NaN,NaN
2694.01,36.00,32.71,36.00,20.00,AUTO,0,55,NaN,-0.55,56.24,-0.41,55.28,NaN,NaN,NaN,NaN,NaN,NaN,NaN,NaN,NaN,NaN
2695.00,36.00,32.71,36.00,20.00,AUTO,0,55,NaN,-0.55,56.24,-0.41,55.28,NaN,NaN,NaN,NaN,NaN,NaN,NaN,NaN,NaN,NaN
2696.01,36.00,32.71,36.00,20.00,AUTO,0,55,NaN,-0.55,56.24,-0.41,55.28,NaN,NaN,NaN,NaN,NaN,NaN,NaN,NaN,NaN,NaN
2697.01,36.00,32.71,36.00,20.00,AUTO,0,55,NaN,-0.55,56.24,-0.41,55.28,NaN,NaN,NaN,NaN,NaN,NaN,NaN,NaN,NaN,NaN
2698.01,36.00,32.73,36.00,20.00,AUTO,0,55,NaN,-0.55,56.24,-0.41,55.28,NaN,NaN,NaN,NaN,NaN,NaN,NaN,NaN,NaN,NaN
2699.01,36.01,32.73,36.00,20.00,AUTO,0,55,NaN,-0.55,56.24,-0.41,55.28,NaN,NaN,NaN,NaN,NaN,NaN,NaN,NaN,NaN,NaN
2700.01,36.02,32.73,36.00,20.00,AUTO,0,55,NaN,-0.55,56.24,-0.41,55.28,NaN,NaN,NaN,NaN,NaN,NaN,NaN,NaN,NaN,NaN
2701.01,36.01,32.73,36.00,20.00,AUTO,0,55,NaN,-0.55,56.24,-0.41,55.28,NaN,NaN,NaN,NaN,NaN,NaN,NaN,NaN,NaN,NaN
2702.02,36.01,32.73,36.00,20.00,AUTO,0,55,NaN,-0.55,56.24,-0.41,55.28,NaN,NaN,NaN,NaN,NaN,NaN,NaN,NaN,NaN,NaN
2703.02,36.02,32.73,36.00,20.00,AUTO,0,55,NaN,-0.55,56.24,-0.41,55.28,NaN,NaN,NaN,NaN,NaN,NaN,NaN,NaN,NaN,NaN
2704.02,36.01,32.73,36.00,20.00,AUTO,0,55,NaN,-0.55,56.24,-0.41,55.28,NaN,NaN,NaN,NaN,NaN,NaN,NaN,NaN,NaN,NaN
2705.02,36.01,32.73,36.00,20.00,AUTO,0,55,NaN,-0.83,56.21,-0.33,55.06,NaN,NaN,NaN,NaN,NaN,NaN,NaN,NaN,NaN,NaN
2706.02,36.01,32.73,36.00,20.00,AUTO,0,55,NaN,-0.83,56.21,-0.33,55.06,NaN,NaN,NaN,NaN,NaN,NaN,NaN,NaN,NaN,NaN
2707.03,36.01,32.73,36.00,20.00,AUTO,0,55,NaN,-0.83,56.21,-0.33,55.06,NaN,NaN,NaN,NaN,NaN,NaN,NaN,NaN,NaN,NaN
2708.03,36.00,32.71,36.00,20.00,AUTO,0,55,NaN,-0.83,56.21,-0.33,55.06,NaN,NaN,NaN,NaN,NaN,NaN,NaN,NaN,NaN,NaN
2709.03,36.00,32.73,36.00,20.00,AUTO,0,55,NaN,-0.83,56.21,-0.33,55.06,NaN,NaN,NaN,NaN,NaN,NaN,NaN,NaN,NaN,NaN
2710.03,36.00,32.73,36.00,20.00,AUTO,0,55,NaN,-0.83,56.21,-0.33,55.06,NaN,NaN,NaN,NaN,NaN,NaN,NaN,NaN,NaN,NaN
2711.03,36.00,32.73,36.00,20.00,AUTO,0,55,NaN,-0.83,56.21,-0.33,55.06,NaN,NaN,NaN,NaN,NaN,NaN,NaN,NaN,NaN,NaN
2712.03,36.00,32.71,36.00,20.00,AUTO,0,55,NaN,-0.83,56.21,-0.33,55.06,NaN,NaN,NaN,NaN,NaN,NaN,NaN,NaN,NaN,NaN
2713.03,36.00,33.18,36.00,20.00,AUTO,0,58,NaN,-0.55,56.61,1.46,57.53,NaN,NaN,NaN,NaN,NaN,NaN,NaN,NaN,NaN,NaN
