Time_Seconds,Temperature,Humidity,Setpoint_Temperature,Setpoint_Humidity,Ctrl,Error_Code,T_PWM,RH_PWM,T_PID_p,T_PID_i,T_PID_d,T_PID_out,RH_PID_p,RH_PID_i,RH_PID_d,RH_PID_out,T_output,RH_output,T_min_thld,T_max_thld,RH_min_thld,RH_max_thld
0.00,37.63,31.18,36.00,20.00,AUTO,0,0,0,0.00,0.00,0.00,0.00,0.00,0.00,0.00,0.00,NaN,NaN,NaN,NaN,NaN,NaN
0.86,37.60,31.22,36.00,20.00,MAN,0,0,0,0.00,0.00,0.00,0.00,0.00,0.00,0.00,0.00,NaN,NaN,NaN,NaN,NaN,NaN
1.83,37.60,31.22,36.00,20.00,MAN,0,0,0,0.00,0.00,0.00,0.00,0.00,0.00,0.00,0.00,NaN,NaN,NaN,NaN,NaN,NaN
2.84,37.60,31.22,36.00,20.00,MAN,0,0,0,0.00,0.00,0.00,0.00,0.00,0.00,0.00,0.00,NaN,NaN,NaN,NaN,NaN,NaN
3.84,37.58,31.25,36.00,20.00,MAN,0,0,0,0.00,0.00,0.00,0.00,0.00,0.00,0.00,0.00,NaN,NaN,NaN,NaN,NaN,NaN
4.84,37.56,31.28,36.00,20.00,MAN,0,0,0,0.00,0.00,0.00,0.00,0.00,0.00,0.00,0.00,NaN,NaN,NaN,NaN,NaN,NaN
5.84,37.54,31.28,36.00,20.00,MAN,0,0,0,0.00,0.00,0.00,0.00,0.00,0.00,0.00,0.00,NaN,NaN,NaN,NaN,NaN,NaN
6.84,37.51,31.32,36.00,20.00,MAN,0,0,0,0.00,0.00,0.00,0.00,0.00,0.00,0.00,0.00,NaN,NaN,NaN,NaN,NaN,NaN
7.85,37.50,31.32,36.00,20.00,MAN,0,0,0,0.00,0.00,0.00,0.00,0.00,0.00,0.00,0.00,NaN,NaN,NaN,NaN,NaN,NaN
8.85,37.49,31.36,36.00,20.00,MAN,0,0,0,0.00,0.00,0.00,0.00,0.00,0.00,0.00,0.00,NaN,NaN,NaN,NaN,NaN,NaN
9.85,37.47,31.36,36.00,20.00,MAN,0,0,0,0.00,0.00,0.00,0.00,0.00,0.00,0.00,0.00,NaN,NaN,NaN,NaN,NaN,NaN
10.85,37.46,31.40,36.00,20.00,MAN,0,0,0,0.00,0.00,0.00,0.00,0.00,0.00,0.00,0.00,NaN,NaN,NaN,NaN,NaN,NaN
11.85,37.44,31.40,36.00,20.00,MAN,0,0,0,0.00,0.00,0.00,0.00,0.00,0.00,0.00,0.00,NaN,NaN,NaN,NaN,NaN,NaN
12.85,37.42,31.44,36.00,20.00,MAN,0,0,0,0.00,0.00,0.00,0.00,0.00,0.00,0.00,0.00,NaN,NaN,NaN,NaN,NaN,NaN
13.85,37.41,31.44,36.00,20.00,MAN,0,0,0,0.00,0.00,0.00,0.00,0.00,0.00,0.00,0.00,NaN,NaN,NaN,NaN,NaN,NaN
14.86,37.40,31.44,36.00,20.00,MAN,0,0,0,0.00,0.00,0.00,0.00,0.00,0.00,0.00,0.00,NaN,NaN,NaN,NaN,NaN,NaN
15.86,37.38,31.47,36.00,20.00,MAN,0,0,0,0.00,0.00,0.00,0.00,0.00,0.00,0.00,0.00,NaN,NaN,NaN,NaN,NaN,NaN
16.86,37.36,31.47,36.00,20.00,MAN,0,0,0,0.00,0.00,0.00,0.00,0.00,0.00,0.00,0.00,NaN,NaN,NaN,NaN,NaN,NaN
17.86,37.34,31.51,36.00,20.00,MAN,0,0,0,0.00,0.00,0.00,0.00,0.00,0.00,0.00,0.00,NaN,NaN,NaN,NaN,NaN,NaN
18.86,37.33,31.51,36.00,20.00,MAN,0,0,0,0.00,0.00,0.00,0.00,0.00,0.00,0.00,0.00,NaN,NaN,NaN,NaN,NaN,NaN
19.86,37.31,31.54,36.00,20.00,MAN,0,0,0,0.00,0.00,0.00,0.00,0.00,0.00,0.00,0.00,NaN,NaN,NaN,NaN,NaN,NaN
20.86,37.29,31.59,36.00,20.00,MAN,0,0,0,0.00,0.00,0.00,0.00,0.00,0.00,0.00,0.00,NaN,NaN,NaN,NaN,NaN,NaN
21.87,37.28,31.59,36.00,20.00,MAN,0,0,0,0.00,0.00,0.00,0.00,0.00,0.00,0.00,0.00,NaN,NaN,NaN,NaN,NaN,NaN
22.87,37.26,31.63,36.00,20.00,MAN,0,0,0,0.00,0.00,0.00,0.00,0.00,0.00,0.00,0.00,NaN,NaN,NaN,NaN,NaN,NaN
23.87,37.25,31.63,36.00,20.00,MAN,0,0,0,0.00,0.00,0.00,0.00,0.00,0.00,0.00,0.00,NaN,NaN,NaN,NaN,NaN,NaN
24.87,37.22,31.65,36.00,20.00,MAN,0,0,0,0.00,0.00,0.00,0.00,0.00,0.00,0.00,0.00,NaN,NaN,NaN,NaN,NaN,NaN
25.87,37.20,31.65,36.00,20.00,MAN,0,0,0,0.00,0.00,0.00,0.00,0.00,0.00,0.00,0.00,NaN,NaN,NaN,NaN,NaN,NaN
26.88,37.18,31.69,36.00,20.00,MAN,0,0,0,0.00,0.00,0.00,0.00,0.00,0.00,0.00,0.00,NaN,NaN,NaN,NaN,NaN,NaN
27.88,37.17,31.77,36.00,20.00,MAN,0,0,0,0.00,0.00,0.00,0.00,0.00,0.00,0.00,0.00,NaN,NaN,NaN,NaN,NaN,NaN
28.88,37.15,31.77,36.00,20.00,MAN,0,0,0,0.00,0.00,0.00,0.00,0.00,0.00,0.00,0.00,NaN,NaN,NaN,NaN,NaN,NaN
29.88,37.13,31.81,36.00,20.00,MAN,0,0,0,0.00,0.00,0.00,0.00,0.00,0.00,0.00,0.00,NaN,NaN,NaN,NaN,NaN,NaN
30.88,37.12,31.81,36.00,20.00,MAN,0,0,0,0.00,0.00,0.00,0.00,0.00,0.00,0.00,0.00,NaN,NaN,NaN,NaN,NaN,NaN
31.88,37.10,31.86,36.00,20.00,MAN,0,0,0,0.00,0.00,0.00,0.00,0.00,0.00,0.00,0.00,NaN,NaN,NaN,NaN,NaN,NaN
32.89,37.07,31.86,36.00,20.00,MAN,0,0,0,0.00,0.00,0.00,0.00,0.00,0.00,0.00,0.00,NaN,NaN,NaN,NaN,NaN,NaN
33.88,37.06,31.90,36.00,20.00,MAN,0,0,0,0.00,0.00,0.00,0.00,0.00,0.00,0.00,0.00,NaN,NaN,NaN,NaN,NaN,NaN
34.89,37.04,31.88,36.00,20.00,MAN,0,0,0,0.00,0.00,0.00,0.00,0.00,0.00,0.00,0.00,NaN,NaN,NaN,NaN,NaN,NaN
35.89,37.02,31.92,36.00,20.00,MAN,0,0,0,0.00,0.00,0.00,0.00,0.00,0.00,0.00,0.00,NaN,NaN,NaN,NaN,NaN,NaN
36.89,37.01,31.92,36.00,20.00,MAN,0,0,0,0.00,0.00,0.00,0.00,0.00,0.00,0.00,0.00,NaN,NaN,NaN,NaN,NaN,NaN
37.89,36.99,31.96,36.00,20.00,MAN,0,0,0,0.00,0.00,0.00,0.00,0.00,0.00,0.00,0.00,NaN,NaN,NaN,NaN,NaN,NaN
38.89,36.97,32.00,36.00,20.00,MAN,0,0,0,0.00,0.00,0.00,0.00,0.00,0.00,0.00,0.00,NaN,NaN,NaN,NaN,NaN,NaN
39.90,36.95,32.00,36.00,20.00,MAN,0,0,0,0.00,0.00,0.00,0.00,0.00,0.00,0.00,0.00,NaN,NaN,NaN,NaN,NaN,NaN
40.90,36.93,32.04,36.00,20.00,MAN,0,0,0,0.00,0.00,0.00,0.00,0.00,0.00,0.00,0.00,NaN,NaN,NaN,NaN,NaN,NaN
41.90,36.91,32.08,36.00,20.00,MAN,0,0,0,0.00,0.00,0.00,0.00,0.00,0.00,0.00,0.00,NaN,NaN,NaN,NaN,NaN,NaN
42.90,36.88,32.12,36.00,20.00,MAN,0,0,0,0.00,0.00,0.00,0.00,0.00,0.00,0.00,0.00,NaN,NaN,NaN,NaN,NaN,NaN
43.90,36.86,32.15,36.00,20.00,MAN,0,0,0,0.00,0.00,0.00,0.00,0.00,0.00,0.00,0.00,NaN,NaN,NaN,NaN,NaN,NaN
44.90,36.84,32.19,36.00,20.00,MAN,0,0,0,0.00,0.00,0.00,0.00,0.00,0.00,0.00,0.00,NaN,NaN,NaN,NaN,NaN,NaN
45.90,36.83,32.19,36.00,20.00,MAN,0,0,0,0.00,0.00,0.00,0.00,0.00,0.00,0.00,0.00,NaN,NaN,NaN,NaN,NaN,NaN
46.90,36.81,32.23,36.00,20.00,MAN,0,0,0,0.00,0.00,0.00,0.00,0.00,0.00,0.00,0.00,NaN,NaN,NaN,NaN,NaN,NaN
47.91,36.78,32.27,36.00,20.00,MAN,0,0,0,0.00,0.00,0.00,0.00,0.00,0.00,0.00,0.00,NaN,NaN,NaN,NaN,NaN,NaN
48.91,36.77,32.27,36.00,20.00,MAN,0,0,0,0.00,0.00,0.00,0.00,0.00,0.00,0.00,0.00,NaN,NaN,NaN,NaN,NaN,NaN
49.91,36.74,32.31,36.00,20.00,MAN,0,0,0,0.00,0.00,0.00,0.00,0.00,0.00,0.00,0.00,NaN,NaN,NaN,NaN,NaN,NaN
50.91,36.73,32.31,36.00,20.00,MAN,0,0,0,0.00,0.00,0.00,0.00,0.00,0.00,0.00,0.00,NaN,NaN,NaN,NaN,NaN,NaN
51.91,36.72,32.35,36.00,20.00,MAN,0,0,0,0.00,0.00,0.00,0.00,0.00,0.00,0.00,0.00,NaN,NaN,NaN,NaN,NaN,NaN
52.91,36.70,32.35,36.00,20.00,MAN,0,0,0,0.00,0.00,0.00,0.00,0.00,0.00,0.00,0.00,NaN,NaN,NaN,NaN,NaN,NaN
53.92,36.69,32.38,36.00,20.00,MAN,0,0,0,0.00,0.00,0.00,0.00,0.00,0.00,0.00,0.00,NaN,NaN,NaN,NaN,NaN,NaN
54.92,36.67,32.41,36.00,20.00,MAN,0,0,0,0.00,0.00,0.00,0.00,0.00,0.00,0.00,0.00,NaN,NaN,NaN,NaN,NaN,NaN
55.92,36.64,32.45,36.00,20.00,MAN,0,0,0,0.00,0.00,0.00,0.00,0.00,0.00,0.00,0.00,NaN,NaN,NaN,NaN,NaN,NaN
56.92,36.62,32.49,36.00,20.00,MAN,0,0,0,0.00,0.00,0.00,0.00,0.00,0.00,0.00,0.00,NaN,NaN,NaN,NaN,NaN,NaN
57.92,36.60,32.54,36.00,20.00,MAN,0,0,0,0.00,0.00,0.00,0.00,0.00,0.00,0.00,0.00,NaN,NaN,NaN,NaN,NaN,NaN
58.93,36.58,32.54,36.00,20.00,MAN,0,0,0,0.00,0.00,0.00,0.00,0.00,0.00,0.00,0.00,NaN,NaN,NaN,NaN,NaN,NaN
59.93,36.57,32.57,36.00,20.00,MAN,0,0,0,0.00,0.00,0.00,0.00,0.00,0.00,0.00,0.00,NaN,NaN,NaN,NaN,NaN,NaN
60.93,36.55,32.60,36.00,20.00,MAN,0,0,0,0.00,0.00,0.00,0.00,0.00,0.00,0.00,0.00,NaN,NaN,NaN,NaN,NaN,NaN
61.93,36.53,32.60,36.00,20.00,MAN,0,0,0,0.00,0.00,0.00,0.00,0.00,0.00,0.00,0.00,NaN,NaN,NaN,NaN,NaN,NaN
62.93,36.51,32.68,36.00,20.00,MAN,0,0,0,0.00,0.00,0.00,0.00,0.00,0.00,0.00,0.00,NaN,NaN,NaN,NaN,NaN,NaN
63.93,36.48,32.72,36.00,20.00,MAN,0,0,0,0.00,0.00,0.00,0.00,0.00,0.00,0.00,0.00,NaN,NaN,NaN,NaN,NaN,NaN
64.93,36.46,32.76,36.00,20.00,MAN,0,0,0,0.00,0.00,0.00,0.00,0.00,0.00,0.00,0.00,NaN,NaN,NaN,NaN,NaN,NaN
65.93,36.45,32.76,36.00,20.00,MAN,0,0,0,0.00,0.00,0.00,0.00,0.00,0.00,0.00,0.00,NaN,NaN,NaN,NaN,NaN,NaN
66.94,36.43,32.80,36.00,20.00,MAN,0,0,0,0.00,0.00,0.00,0.00,0.00,0.00,0.00,0.00,NaN,NaN,NaN,NaN,NaN,NaN
67.94,36.41,32.80,36.00,20.00,MAN,0,0,0,0.00,0.00,0.00,0.00,0.00,0.00,0.00,0.00,NaN,NaN,NaN,NaN,NaN,NaN
68.94,36.39,32.84,36.00,20.00,MAN,0,0,0,0.00,0.00,0.00,0.00,0.00,0.00,0.00,0.00,NaN,NaN,NaN,NaN,NaN,NaN
69.94,36.37,32.88,36.00,20.00,MAN,0,0,0,0.00,0.00,0.00,0.00,0.00,0.00,0.00,0.00,NaN,NaN,NaN,NaN,NaN,NaN
70.94,36.36,32.86,36.00,20.00,MAN,0,0,0,0.00,0.00,0.00,0.00,0.00,0.00,0.00,0.00,NaN,NaN,NaN,NaN,NaN,NaN
71.95,36.33,32.90,36.00,20.00,MAN,0,0,0,0.00,0.00,0.00,0.00,0.00,0.00,0.00,0.00,NaN,NaN,NaN,NaN,NaN,NaN
72.95,36.31,32.94,36.00,20.00,MAN,0,0,0,0.00,0.00,0.00,0.00,0.00,0.00,0.00,0.00,NaN,NaN,NaN,NaN,NaN,NaN
73.95,36.30,32.94,36.00,20.00,MAN,0,0,0,0.00,0.00,0.00,0.00,0.00,0.00,0.00,0.00,NaN,NaN,NaN,NaN,NaN,NaN
74.95,36.27,32.99,36.00,20.00,MAN,0,0,0,0.00,0.00,0.00,0.00,0.00,0.00,0.00,0.00,NaN,NaN,NaN,NaN,NaN,NaN
75.95,36.26,33.02,36.00,20.00,MAN,0,0,0,0.00,0.00,0.00,0.00,0.00,0.00,0.00,0.00,NaN,NaN,NaN,NaN,NaN,NaN
76.95,36.24,33.02,36.00,20.00,MAN,0,0,0,0.00,0.00,0.00,0.00,0.00,0.00,0.00,0.00,NaN,NaN,NaN,NaN,NaN,NaN
77.95,36.22,33.06,36.00,20.00,MAN,0,0,0,0.00,0.00,0.00,0.00,0.00,0.00,0.00,0.00,NaN,NaN,NaN,NaN,NaN,NaN
78.96,36.21,33.09,36.00,20.00,MAN,0,0,0,0.00,0.00,0.00,0.00,0.00,0.00,0.00,0.00,NaN,NaN,NaN,NaN,NaN,NaN
79.96,36.18,33.13,36.00,20.00,MAN,0,0,0,0.00,0.00,0.00,0.00,0.00,0.00,0.00,0.00,NaN,NaN,NaN,NaN,NaN,NaN
80.96,36.16,33.13,36.00,20.00,MAN,0,0,0,0.00,0.00,0.00,0.00,0.00,0.00,0.00,0.00,NaN,NaN,NaN,NaN,NaN,NaN
81.96,36.14,33.17,36.00,20.00,MAN,0,0,0,0.00,0.00,0.00,0.00,0.00,0.00,0.00,0.00,NaN,NaN,NaN,NaN,NaN,NaN
82.96,36.12,33.21,36.00,20.00,MAN,0,0,0,0.00,0.00,0.00,0.00,0.00,0.00,0.00,0.00,NaN,NaN,NaN,NaN,NaN,NaN
83.96,36.10,33.21,36.00,20.00,MAN,0,0,0,0.00,0.00,0.00,0.00,0.00,0.00,0.00,0.00,NaN,NaN,NaN,NaN,NaN,NaN
84.97,36.08,33.25,36.00,20.00,MAN,0,0,0,0.00,0.00,0.00,0.00,0.00,0.00,0.00,0.00,NaN,NaN,NaN,NaN,NaN,NaN
85.97,36.06,33.29,36.00,20.00,MAN,0,0,0,0.00,0.00,0.00,0.00,0.00,0.00,0.00,0.00,NaN,NaN,NaN,NaN,NaN,NaN
86.97,36.03,33.29,36.00,20.00,MAN,0,0,0,0.00,0.00,0.00,0.00,0.00,0.00,0.00,0.00,NaN,NaN,NaN,NaN,NaN,NaN
87.97,36.02,33.31,36.00,20.00,MAN,0,0,0,0.00,0.00,0.00,0.00,0.00,0.00,0.00,0.00,NaN,NaN,NaN,NaN,NaN,NaN
88.97,36.02,33.35,36.00,20.00,MAN,0,0,0,0.00,0.00,0.00,0.00,0.00,0.00,0.00,0.00,NaN,NaN,NaN,NaN,NaN,NaN
89.97,36.02,33.35,36.00,20.00,MAN,0,0,0,0.00,0.00,0.00,0.00,0.00,0.00,0.00,0.00,NaN,NaN,NaN,NaN,NaN,NaN
90.98,36.02,33.39,36.00,20.00,MAN,0,0,0,0.00,0.00,0.00,0.00,0.00,0.00,0.00,0.00,NaN,NaN,NaN,NaN,NaN,NaN
91.98,35.98,33.44,36.00,20.00,MAN,0,0,0,0.00,0.00,0.00,0.00,0.00,0.00,0.00,0.00,NaN,NaN,NaN,NaN,NaN,NaN
92.98,35.95,33.44,36.00,20.00,MAN,0,0,0,0.00,0.00,0.00,0.00,0.00,0.00,0.00,0.00,NaN,NaN,NaN,NaN,NaN,NaN
93.98,35.94,33.44,36.00,20.00,MAN,0,0,0,0.00,0.00,0.00,0.00,0.00,0.00,0.00,0.00,NaN,NaN,NaN,NaN,NaN,NaN
94.98,35.92,33.51,36.00,20.00,MAN,0,0,0,0.00,0.00,0.00,0.00,0.00,0.00,0.00,0.00,NaN,NaN,NaN,NaN,NaN,NaN
95.98,35.89,33.51,36.00,20.00,MAN,0,0,0,0.00,0.00,0.00,0.00,0.00,0.00,0.00,0.00,NaN,NaN,NaN,NaN,NaN,NaN
96.98,35.87,33.56,36.00,20.00,MAN,0,0,0,0.00,0.00,0.00,0.00,0.00,0.00,0.00,0.00,NaN,NaN,NaN,NaN,NaN,NaN
97.98,35.85,33.60,36.00,20.00,MAN,0,0,0,0.00,0.00,0.00,0.00,0.00,0.00,0.00,0.00,NaN,NaN,NaN,NaN,NaN,NaN
98.99,35.84,33.62,36.00,20.00,MAN,0,0,0,0.00,0.00,0.00,0.00,0.00,0.00,0.00,0.00,NaN,NaN,NaN,NaN,NaN,NaN
99.99,35.82,33.62,36.00,20.00,MAN,0,0,0,0.00,0.00,0.00,0.00,0.00,0.00,0.00,0.00,NaN,NaN,NaN,NaN,NaN,NaN
100.99,35.80,33.66,36.00,20.00,MAN,0,0,0,0.00,0.00,0.00,0.00,0.00,0.00,0.00,0.00,NaN,NaN,NaN,NaN,NaN,NaN
101.99,35.79,33.70,36.00,20.00,MAN,0,0,0,0.00,0.00,0.00,0.00,0.00,0.00,0.00,0.00,NaN,NaN,NaN,NaN,NaN,NaN
102.99,35.77,33.74,36.00,20.00,MAN,0,0,0,0.00,0.00,0.00,0.00,0.00,0.00,0.00,0.00,NaN,NaN,NaN,NaN,NaN,NaN
104.00,35.75,33.74,36.00,20.00,MAN,0,0,0,0.00,0.00,0.00,0.00,0.00,0.00,0.00,0.00,NaN,NaN,NaN,NaN,NaN,NaN
105.00,35.73,33.78,36.00,20.00,MAN,0,0,0,0.00,0.00,0.00,0.00,0.00,0.00,0.00,0.00,NaN,NaN,NaN,NaN,NaN,NaN
106.00,35.71,33.78,36.00,20.00,MAN,0,0,0,0.00,0.00,0.00,0.00,0.00,0.00,0.00,0.00,NaN,NaN,NaN,NaN,NaN,NaN
107.00,35.69,33.83,36.00,20.00,MAN,0,0,0,0.00,0.00,0.00,0.00,0.00,0.00,0.00,0.00,NaN,NaN,NaN,NaN,NaN,NaN
108.00,35.68,33.83,36.00,20.00,MAN,0,0,0,0.00,0.00,0.00,0.00,0.00,0.00,0.00,0.00,NaN,NaN,NaN,NaN,NaN,NaN
109.00,35.67,33.85,36.00,20.00,MAN,0,0,0,0.00,0.00,0.00,0.00,0.00,0.00,0.00,0.00,NaN,NaN,NaN,NaN,NaN,NaN
110.01,35.65,33.85,36.00,20.00,MAN,0,0,0,0.00,0.00,0.00,0.00,0.00,0.00,0.00,0.00,NaN,NaN,NaN,NaN,NaN,NaN
111.01,35.64,33.89,36.00,20.00,MAN,0,0,0,0.00,0.00,0.00,0.00,0.00,0.00,0.00,0.00,NaN,NaN,NaN,NaN,NaN,NaN
112.01,35.60,33.89,36.00,20.00,MAN,0,0,0,0.00,0.00,0.00,0.00,0.00,0.00,0.00,0.00,NaN,NaN,NaN,NaN,NaN,NaN
113.01,35.59,33.92,36.00,20.00,MAN,0,0,0,0.00,0.00,0.00,0.00,0.00,0.00,0.00,0.00,NaN,NaN,NaN,NaN,NaN,NaN
114.01,35.58,33.96,36.00,20.00,MAN,0,0,0,0.00,0.00,0.00,0.00,0.00,0.00,0.00,0.00,NaN,NaN,NaN,NaN,NaN,NaN
115.01,35.56,34.01,36.00,20.00,MAN,0,0,0,0.00,0.00,0.00,0.00,0.00,0.00,0.00,0.00,NaN,NaN,NaN,NaN,NaN,NaN
116.01,35.55,34.01,36.00,20.00,MAN,0,0,0,0.00,0.00,0.00,0.00,0.00,0.00,0.00,0.00,NaN,NaN,NaN,NaN,NaN,NaN
117.02,35.53,34.05,36.00,20.00,MAN,0,0,0,0.00,0.00,0.00,0.00,0.00,0.00,0.00,0.00,NaN,NaN,NaN,NaN,NaN,NaN
118.02,35.51,34.08,36.00,20.00,MAN,0,0,0,0.00,0.00,0.00,0.00,0.00,0.00,0.00,0.00,NaN,NaN,NaN,NaN,NaN,NaN
119.02,35.50,34.07,36.00,20.00,MAN,0,0,0,0.00,0.00,0.00,0.00,0.00,0.00,0.00,0.00,NaN,NaN,NaN,NaN,NaN,NaN
120.02,35.49,34.11,36.00,20.00,MAN,0,0,0,0.00,0.00,0.00,0.00,0.00,0.00,0.00,0.00,NaN,NaN,NaN,NaN,NaN,NaN
121.02,35.47,34.11,36.00,20.00,MAN,0,0,0,0.00,0.00,0.00,0.00,0.00,0.00,0.00,0.00,NaN,NaN,NaN,NaN,NaN,NaN
122.02,35.45,34.15,36.00,20.00,MAN,0,0,0,0.00,0.00,0.00,0.00,0.00,0.00,0.00,0.00,NaN,NaN,NaN,NaN,NaN,NaN
123.03,35.43,34.19,36.00,20.00,MAN,0,0,0,0.00,0.00,0.00,0.00,0.00,0.00,0.00,0.00,NaN,NaN,NaN,NaN,NaN,NaN
124.03,35.41,34.19,36.00,20.00,MAN,0,0,0,0.00,0.00,0.00,0.00,0.00,0.00,0.00,0.00,NaN,NaN,NaN,NaN,NaN,NaN
125.03,35.41,34.23,36.00,20.00,MAN,0,0,0,0.00,0.00,0.00,0.00,0.00,0.00,0.00,0.00,NaN,NaN,NaN,NaN,NaN,NaN
126.03,35.39,34.27,36.00,20.00,MAN,0,0,0,0.00,0.00,0.00,0.00,0.00,0.00,0.00,0.00,NaN,NaN,NaN,NaN,NaN,NaN
127.03,35.38,34.27,36.00,20.00,MAN,0,0,0,0.00,0.00,0.00,0.00,0.00,0.00,0.00,0.00,NaN,NaN,NaN,NaN,NaN,NaN
128.03,35.36,34.31,36.00,20.00,MAN,0,0,0,0.00,0.00,0.00,0.00,0.00,0.00,0.00,0.00,NaN,NaN,NaN,NaN,NaN,NaN
129.03,35.34,34.31,36.00,20.00,MAN,0,0,0,0.00,0.00,0.00,0.00,0.00,0.00,0.00,0.00,NaN,NaN,NaN,NaN,NaN,NaN
130.03,35.33,34.34,36.00,20.00,MAN,0,0,0,0.00,0.00,0.00,0.00,0.00,0.00,0.00,0.00,NaN,NaN,NaN,NaN,NaN,NaN
131.04,35.31,34.34,36.00,20.00,MAN,0,0,0,0.00,0.00,0.00,0.00,0.00,0.00,0.00,0.00,NaN,NaN,NaN,NaN,NaN,NaN
132.04,35.29,34.41,36.00,20.00,MAN,0,0,0,0.00,0.00,0.00,0.00,0.00,0.00,0.00,0.00,NaN,NaN,NaN,NaN,NaN,NaN
133.04,35.28,34.41,36.00,20.00,MAN,0,0,0,0.00,0.00,0.00,0.00,0.00,0.00,0.00,0.00,NaN,NaN,NaN,NaN,NaN,NaN
134.04,35.26,34.46,36.00,20.00,MAN,0,0,0,0.00,0.00,0.00,0.00,0.00,0.00,0.00,0.00,NaN,NaN,NaN,NaN,NaN,NaN
135.04,35.25,34.46,36.00,20.00,MAN,0,0,0,0.00,0.00,0.00,0.00,0.00,0.00,0.00,0.00,NaN,NaN,NaN,NaN,NaN,NaN
136.05,35.24,34.50,36.00,20.00,MAN,0,0,0,0.00,0.00,0.00,0.00,0.00,0.00,0.00,0.00,NaN,NaN,NaN,NaN,NaN,NaN
137.05,35.22,34.53,36.00,20.00,MAN,0,0,0,0.00,0.00,0.00,0.00,0.00,0.00,0.00,0.00,NaN,NaN,NaN,NaN,NaN,NaN
138.05,35.21,34.53,36.00,20.00,MAN,0,0,0,0.00,0.00,0.00,0.00,0.00,0.00,0.00,0.00,NaN,NaN,NaN,NaN,NaN,NaN
139.05,35.20,34.57,36.00,20.00,MAN,0,0,0,0.00,0.00,0.00,0.00,0.00,0.00,0.00,0.00,NaN,NaN,NaN,NaN,NaN,NaN
140.05,35.18,34.62,36.00,20.00,MAN,0,0,0,0.00,0.00,0.00,0.00,0.00,0.00,0.00,0.00,NaN,NaN,NaN,NaN,NaN,NaN
141.05,35.16,34.60,36.00,20.00,MAN,0,0,0,0.00,0.00,0.00,0.00,0.00,0.00,0.00,0.00,NaN,NaN,NaN,NaN,NaN,NaN
142.06,35.14,34.64,36.00,20.00,MAN,0,0,0,0.00,0.00,0.00,0.00,0.00,0.00,0.00,0.00,NaN,NaN,NaN,NaN,NaN,NaN
143.06,35.13,34.64,36.00,20.00,MAN,0,0,0,0.00,0.00,0.00,0.00,0.00,0.00,0.00,0.00,NaN,NaN,NaN,NaN,NaN,NaN
144.06,35.12,34.68,36.00,20.00,MAN,0,0,0,0.00,0.00,0.00,0.00,0.00,0.00,0.00,0.00,NaN,NaN,NaN,NaN,NaN,NaN
145.06,35.11,34.68,36.00,20.00,MAN,0,0,0,0.00,0.00,0.00,0.00,0.00,0.00,0.00,0.00,NaN,NaN,NaN,NaN,NaN,NaN
146.06,35.09,34.72,36.00,20.00,MAN,0,0,0,0.00,0.00,0.00,0.00,0.00,0.00,0.00,0.00,NaN,NaN,NaN,NaN,NaN,NaN
147.06,35.08,34.72,36.00,20.00,MAN,0,0,0,0.00,0.00,0.00,0.00,0.00,0.00,0.00,0.00,NaN,NaN,NaN,NaN,NaN,NaN
148.06,35.07,34.72,36.00,20.00,MAN,0,0,0,0.00,0.00,0.00,0.00,0.00,0.00,0.00,0.00,NaN,NaN,NaN,NaN,NaN,NaN
149.07,35.05,34.76,36.00,20.00,MAN,0,0,0,0.00,0.00,0.00,0.00,0.00,0.00,0.00,0.00,NaN,NaN,NaN,NaN,NaN,NaN
150.07,35.04,34.76,36.00,20.00,MAN,0,0,0,0.00,0.00,0.00,0.00,0.00,0.00,0.00,0.00,NaN,NaN,NaN,NaN,NaN,NaN
151.07,35.03,34.80,36.00,20.00,MAN,0,0,0,0.00,0.00,0.00,0.00,0.00,0.00,0.00,0.00,NaN,NaN,NaN,NaN,NaN,NaN
152.07,35.01,34.80,36.00,20.00,MAN,0,0,0,0.00,0.00,0.00,0.00,0.00,0.00,0.00,0.00,NaN,NaN,NaN,NaN,NaN,NaN
153.07,35.00,34.84,36.00,20.00,MAN,0,0,0,0.00,0.00,0.00,0.00,0.00,0.00,0.00,0.00,NaN,NaN,NaN,NaN,NaN,NaN
154.07,34.99,34.82,36.00,20.00,MAN,0,0,0,0.00,0.00,0.00,0.00,0.00,0.00,0.00,0.00,NaN,NaN,NaN,NaN,NaN,NaN
155.08,34.98,34.82,36.00,20.00,MAN,0,0,0,0.00,0.00,0.00,0.00,0.00,0.00,0.00,0.00,NaN,NaN,NaN,NaN,NaN,NaN
156.08,34.96,34.86,36.00,20.00,MAN,0,0,0,0.00,0.00,0.00,0.00,0.00,0.00,0.00,0.00,NaN,NaN,NaN,NaN,NaN,NaN
157.08,34.95,34.91,36.00,20.00,MAN,0,0,0,0.00,0.00,0.00,0.00,0.00,0.00,0.00,0.00,NaN,NaN,NaN,NaN,NaN,NaN
158.08,34.94,34.91,36.00,20.00,MAN,0,0,0,0.00,0.00,0.00,0.00,0.00,0.00,0.00,0.00,NaN,NaN,NaN,NaN,NaN,NaN
159.08,34.93,34.95,36.00,20.00,MAN,0,0,0,0.00,0.00,0.00,0.00,0.00,0.00,0.00,0.00,NaN,NaN,NaN,NaN,NaN,NaN
160.08,34.91,34.95,36.00,20.00,MAN,0,0,0,0.00,0.00,0.00,0.00,0.00,0.00,0.00,0.00,NaN,NaN,NaN,NaN,NaN,NaN
161.08,34.90,34.98,36.00,20.00,MAN,0,0,0,0.00,0.00,0.00,0.00,0.00,0.00,0.00,0.00,NaN,NaN,NaN,NaN,NaN,NaN
162.08,34.89,34.98,36.00,20.00,MAN,0,0,0,0.00,0.00,0.00,0.00,0.00,0.00,0.00,0.00,NaN,NaN,NaN,NaN,NaN,NaN
163.09,34.88,35.02,36.00,20.00,MAN,0,0,0,0.00,0.00,0.00,0.00,0.00,0.00,0.00,0.00,NaN,NaN,NaN,NaN,NaN,NaN
164.09,34.86,35.02,36.00,20.00,MAN,0,0,0,0.00,0.00,0.00,0.00,0.00,0.00,0.00,0.00,NaN,NaN,NaN,NaN,NaN,NaN
165.09,34.84,35.05,36.00,20.00,MAN,0,0,0,0.00,0.00,0.00,0.00,0.00,0.00,0.00,0.00,NaN,NaN,NaN,NaN,NaN,NaN
166.09,34.83,35.03,36.00,20.00,MAN,0,0,0,0.00,0.00,0.00,0.00,0.00,0.00,0.00,0.00,NaN,NaN,NaN,NaN,NaN,NaN
167.09,34.82,35.06,36.00,20.00,MAN,0,0,0,0.00,0.00,0.00,0.00,0.00,0.00,0.00,0.00,NaN,NaN,NaN,NaN,NaN,NaN
168.10,34.80,35.10,36.00,20.00,MAN,0,0,0,0.00,0.00,0.00,0.00,0.00,0.00,0.00,0.00,NaN,NaN,NaN,NaN,NaN,NaN
169.10,34.79,35.10,36.00,20.00,MAN,0,0,0,0.00,0.00,0.00,0.00,0.00,0.00,0.00,0.00,NaN,NaN,NaN,NaN,NaN,NaN
170.10,34.78,35.13,36.00,20.00,MAN,0,0,0,0.00,0.00,0.00,0.00,0.00,0.00,0.00,0.00,NaN,NaN,NaN,NaN,NaN,NaN
171.10,34.77,35.13,36.00,20.00,MAN,0,0,0,0.00,0.00,0.00,0.00,0.00,0.00,0.00,0.00,NaN,NaN,NaN,NaN,NaN,NaN
172.10,34.76,35.17,36.00,20.00,MAN,0,0,0,0.00,0.00,0.00,0.00,0.00,0.00,0.00,0.00,NaN,NaN,NaN,NaN,NaN,NaN
173.10,34.74,35.17,36.00,20.00,MAN,0,0,0,0.00,0.00,0.00,0.00,0.00,0.00,0.00,0.00,NaN,NaN,NaN,NaN,NaN,NaN
174.11,34.73,35.20,36.00,20.00,MAN,0,0,0,0.00,0.00,0.00,0.00,0.00,0.00,0.00,0.00,NaN,NaN,NaN,NaN,NaN,NaN
175.10,34.71,35.20,36.00,20.00,MAN,0,0,0,0.00,0.00,0.00,0.00,0.00,0.00,0.00,0.00,NaN,NaN,NaN,NaN,NaN,NaN
176.11,34.70,35.27,36.00,20.00,MAN,0,0,0,0.00,0.00,0.00,0.00,0.00,0.00,0.00,0.00,NaN,NaN,NaN,NaN,NaN,NaN
177.11,34.69,35.27,36.00,20.00,MAN,0,0,0,0.00,0.00,0.00,0.00,0.00,0.00,0.00,0.00,NaN,NaN,NaN,NaN,NaN,NaN
178.11,34.67,35.27,36.00,20.00,MAN,0,0,0,0.00,0.00,0.00,0.00,0.00,0.00,0.00,0.00,NaN,NaN,NaN,NaN,NaN,NaN
179.12,34.67,35.30,36.00,20.00,MAN,0,0,0,0.00,0.00,0.00,0.00,0.00,0.00,0.00,0.00,NaN,NaN,NaN,NaN,NaN,NaN
180.11,34.66,35.30,36.00,20.00,MAN,0,0,0,0.00,0.00,0.00,0.00,0.00,0.00,0.00,0.00,NaN,NaN,NaN,NaN,NaN,NaN
181.12,34.65,35.32,36.00,20.00,MAN,0,0,0,0.00,0.00,0.00,0.00,0.00,0.00,0.00,0.00,NaN,NaN,NaN,NaN,NaN,NaN
182.12,34.63,35.32,36.00,20.00,MAN,0,0,0,0.00,0.00,0.00,0.00,0.00,0.00,0.00,0.00,NaN,NaN,NaN,NaN,NaN,NaN
183.12,34.62,35.35,36.00,20.00,MAN,0,0,0,0.00,0.00,0.00,0.00,0.00,0.00,0.00,0.00,NaN,NaN,NaN,NaN,NaN,NaN
184.12,34.61,35.35,36.00,20.00,MAN,0,0,0,0.00,0.00,0.00,0.00,0.00,0.00,0.00,0.00,NaN,NaN,NaN,NaN,NaN,NaN
185.12,34.60,35.35,36.00,20.00,MAN,0,0,0,0.00,0.00,0.00,0.00,0.00,0.00,0.00,0.00,NaN,NaN,NaN,NaN,NaN,NaN
186.12,34.59,35.39,36.00,20.00,MAN,0,0,0,0.00,0.00,0.00,0.00,0.00,0.00,0.00,0.00,NaN,NaN,NaN,NaN,NaN,NaN
187.13,34.57,35.39,36.00,20.00,MAN,0,0,0,0.00,0.00,0.00,0.00,0.00,0.00,0.00,0.00,NaN,NaN,NaN,NaN,NaN,NaN
188.13,34.56,35.42,36.00,20.00,MAN,0,0,0,0.00,0.00,0.00,0.00,0.00,0.00,0.00,0.00,NaN,NaN,NaN,NaN,NaN,NaN
189.13,34.54,35.42,36.00,20.00,MAN,0,0,0,0.00,0.00,0.00,0.00,0.00,0.00,0.00,0.00,NaN,NaN,NaN,NaN,NaN,NaN
190.13,34.53,35.46,36.00,20.00,MAN,0,0,0,0.00,0.00,0.00,0.00,0.00,0.00,0.00,0.00,NaN,NaN,NaN,NaN,NaN,NaN
191.13,34.52,35.46,36.00,20.00,MAN,0,0,0,0.00,0.00,0.00,0.00,0.00,0.00,0.00,0.00,NaN,NaN,NaN,NaN,NaN,NaN
192.13,34.51,35.49,36.00,20.00,MAN,0,0,0,0.00,0.00,0.00,0.00,0.00,0.00,0.00,0.00,NaN,NaN,NaN,NaN,NaN,NaN
193.13,34.50,35.49,36.00,20.00,MAN,0,0,0,0.00,0.00,0.00,0.00,0.00,0.00,0.00,0.00,NaN,NaN,NaN,NaN,NaN,NaN
194.13,34.49,35.47,36.00,20.00,MAN,0,0,0,0.00,0.00,0.00,0.00,0.00,0.00,0.00,0.00,NaN,NaN,NaN,NaN,NaN,NaN
195.14,34.48,35.50,36.00,20.00,MAN,0,0,0,0.00,0.00,0.00,0.00,0.00,0.00,0.00,0.00,NaN,NaN,NaN,NaN,NaN,NaN
196.14,34.47,35.50,36.00,20.00,MAN,0,0,0,0.00,0.00,0.00,0.00,0.00,0.00,0.00,0.00,NaN,NaN,NaN,NaN,NaN,NaN
197.14,34.46,35.50,36.00,20.00,MAN,0,0,0,0.00,0.00,0.00,0.00,0.00,0.00,0.00,0.00,NaN,NaN,NaN,NaN,NaN,NaN
198.14,34.45,35.53,36.00,20.00,MAN,0,0,0,0.00,0.00,0.00,0.00,0.00,0.00,0.00,0.00,NaN,NaN,NaN,NaN,NaN,NaN
199.14,34.44,35.53,36.00,20.00,MAN,0,0,0,0.00,0.00,0.00,0.00,0.00,0.00,0.00,0.00,NaN,NaN,NaN,NaN,NaN,NaN
200.15,34.41,35.57,36.00,20.00,MAN,0,0,0,0.00,0.00,0.00,0.00,0.00,0.00,0.00,0.00,NaN,NaN,NaN,NaN,NaN,NaN
201.15,34.40,35.57,36.00,20.00,MAN,0,0,0,0.00,0.00,0.00,0.00,0.00,0.00,0.00,0.00,NaN,NaN,NaN,NaN,NaN,NaN
202.15,34.39,35.57,36.00,20.00,MAN,0,0,0,0.00,0.00,0.00,0.00,0.00,0.00,0.00,0.00,NaN,NaN,NaN,NaN,NaN,NaN
203.15,34.39,35.60,36.00,20.00,MAN,0,0,0,0.00,0.00,0.00,0.00,0.00,0.00,0.00,0.00,NaN,NaN,NaN,NaN,NaN,NaN
204.15,34.38,35.64,36.00,20.00,MAN,0,0,0,0.00,0.00,0.00,0.00,0.00,0.00,0.00,0.00,NaN,NaN,NaN,NaN,NaN,NaN
205.15,34.37,35.64,36.00,20.00,MAN,0,0,0,0.00,0.00,0.00,0.00,0.00,0.00,0.00,0.00,NaN,NaN,NaN,NaN,NaN,NaN
206.16,34.36,35.67,36.00,20.00,MAN,0,0,0,0.00,0.00,0.00,0.00,0.00,0.00,0.00,0.00,NaN,NaN,NaN,NaN,NaN,NaN
207.15,34.35,35.67,36.00,20.00,MAN,0,0,0,0.00,0.00,0.00,0.00,0.00,0.00,0.00,0.00,NaN,NaN,NaN,NaN,NaN,NaN
208.16,34.34,35.71,36.00,20.00,MAN,0,0,0,0.00,0.00,0.00,0.00,0.00,0.00,0.00,0.00,NaN,NaN,NaN,NaN,NaN,NaN
209.16,34.33,35.71,36.00,20.00,MAN,0,0,0,0.00,0.00,0.00,0.00,0.00,0.00,0.00,0.00,NaN,NaN,NaN,NaN,NaN,NaN
210.16,34.32,35.73,36.00,20.00,MAN,0,0,0,0.00,0.00,0.00,0.00,0.00,0.00,0.00,0.00,NaN,NaN,NaN,NaN,NaN,NaN
211.16,34.31,35.73,36.00,20.00,MAN,0,0,0,0.00,0.00,0.00,0.00,0.00,0.00,0.00,0.00,NaN,NaN,NaN,NaN,NaN,NaN
212.16,34.29,35.76,36.00,20.00,MAN,0,0,0,0.00,0.00,0.00,0.00,0.00,0.00,0.00,0.00,NaN,NaN,NaN,NaN,NaN,NaN
213.17,34.27,35.76,36.00,20.00,MAN,0,0,0,0.00,0.00,0.00,0.00,0.00,0.00,0.00,0.00,NaN,NaN,NaN,NaN,NaN,NaN
214.17,34.27,35.76,36.00,20.00,MAN,0,0,0,0.00,0.00,0.00,0.00,0.00,0.00,0.00,0.00,NaN,NaN,NaN,NaN,NaN,NaN
215.17,34.26,35.79,36.00,20.00,MAN,0,0,0,0.00,0.00,0.00,0.00,0.00,0.00,0.00,0.00,NaN,NaN,NaN,NaN,NaN,NaN
216.17,34.25,35.79,36.00,20.00,MAN,0,0,0,0.00,0.00,0.00,0.00,0.00,0.00,0.00,0.00,NaN,NaN,NaN,NaN,NaN,NaN
217.17,34.23,35.79,36.00,20.00,MAN,0,0,0,0.00,0.00,0.00,0.00,0.00,0.00,0.00,0.00,NaN,NaN,NaN,NaN,NaN,NaN
218.17,34.23,35.79,36.00,20.00,MAN,0,0,0,0.00,0.00,0.00,0.00,0.00,0.00,0.00,0.00,NaN,NaN,NaN,NaN,NaN,NaN
219.18,34.21,35.82,36.00,20.00,MAN,0,0,0,0.00,0.00,0.00,0.00,0.00,0.00,0.00,0.00,NaN,NaN,NaN,NaN,NaN,NaN
220.18,34.21,35.82,36.00,20.00,MAN,0,0,0,0.00,0.00,0.00,0.00,0.00,0.00,0.00,0.00,NaN,NaN,NaN,NaN,NaN,NaN
221.18,34.21,35.82,36.00,20.00,MAN,0,0,0,0.00,0.00,0.00,0.00,0.00,0.00,0.00,0.00,NaN,NaN,NaN,NaN,NaN,NaN
222.18,34.19,35.86,36.00,20.00,MAN,0,0,0,0.00,0.00,0.00,0.00,0.00,0.00,0.00,0.00,NaN,NaN,NaN,NaN,NaN,NaN
223.18,34.18,35.89,36.00,20.00,MAN,0,0,0,0.00,0.00,0.00,0.00,0.00,0.00,0.00,0.00,NaN,NaN,NaN,NaN,NaN,NaN
224.18,34.17,35.89,36.00,20.00,MAN,0,0,0,0.00,0.00,0.00,0.00,0.00,0.00,0.00,0.00,NaN,NaN,NaN,NaN,NaN,NaN
225.18,34.16,35.93,36.00,20.00,MAN,0,0,0,0.00,0.00,0.00,0.00,0.00,0.00,0.00,0.00,NaN,NaN,NaN,NaN,NaN,NaN
226.18,34.14,35.93,36.00,20.00,MAN,0,0,0,0.00,0.00,0.00,0.00,0.00,0.00,0.00,0.00,NaN,NaN,NaN,NaN,NaN,NaN
227.19,34.12,35.91,36.00,20.00,MAN,0,0,0,0.00,0.00,0.00,0.00,0.00,0.00,0.00,0.00,NaN,NaN,NaN,NaN,NaN,NaN
228.19,34.11,35.98,36.00,20.00,MAN,0,0,0,0.00,0.00,0.00,0.00,0.00,0.00,0.00,0.00,NaN,NaN,NaN,NaN,NaN,NaN
229.19,34.11,36.01,36.00,20.00,MAN,0,0,0,0.00,0.00,0.00,0.00,0.00,0.00,0.00,0.00,NaN,NaN,NaN,NaN,NaN,NaN
230.19,34.10,36.01,36.00,20.00,MAN,0,0,0,0.00,0.00,0.00,0.00,0.00,0.00,0.00,0.00,NaN,NaN,NaN,NaN,NaN,NaN
231.19,34.09,36.05,36.00,20.00,MAN,0,0,0,0.00,0.00,0.00,0.00,0.00,0.00,0.00,0.00,NaN,NaN,NaN,NaN,NaN,NaN
232.20,34.08,36.05,36.00,20.00,MAN,0,0,0,0.00,0.00,0.00,0.00,0.00,0.00,0.00,0.00,NaN,NaN,NaN,NaN,NaN,NaN
233.20,34.07,36.05,36.00,20.00,MAN,0,0,0,0.00,0.00,0.00,0.00,0.00,0.00,0.00,0.00,NaN,NaN,NaN,NaN,NaN,NaN
234.20,34.06,36.08,36.00,20.00,MAN,0,0,0,0.00,0.00,0.00,0.00,0.00,0.00,0.00,0.00,NaN,NaN,NaN,NaN,NaN,NaN
235.20,34.05,36.08,36.00,20.00,MAN,0,0,0,0.00,0.00,0.00,0.00,0.00,0.00,0.00,0.00,NaN,NaN,NaN,NaN,NaN,NaN
236.20,34.04,36.08,36.00,20.00,MAN,0,0,0,0.00,0.00,0.00,0.00,0.00,0.00,0.00,0.00,NaN,NaN,NaN,NaN,NaN,NaN
237.20,34.03,36.11,36.00,20.00,MAN,0,0,0,0.00,0.00,0.00,0.00,0.00,0.00,0.00,0.00,NaN,NaN,NaN,NaN,NaN,NaN
238.21,34.03,36.11,36.00,20.00,MAN,0,0,0,0.00,0.00,0.00,0.00,0.00,0.00,0.00,0.00,NaN,NaN,NaN,NaN,NaN,NaN
239.21,34.01,36.14,36.00,20.00,MAN,0,0,0,0.00,0.00,0.00,0.00,0.00,0.00,0.00,0.00,NaN,NaN,NaN,NaN,NaN,NaN
240.21,34.00,36.14,36.00,20.00,MAN,0,0,0,0.00,0.00,0.00,0.00,0.00,0.00,0.00,0.00,NaN,NaN,NaN,NaN,NaN,NaN
241.21,33.99,36.18,36.00,20.00,MAN,0,0,0,0.00,0.00,0.00,0.00,0.00,0.00,0.00,0.00,NaN,NaN,NaN,NaN,NaN,NaN
242.21,33.99,36.18,36.00,20.00,MAN,0,0,0,0.00,0.00,0.00,0.00,0.00,0.00,0.00,0.00,NaN,NaN,NaN,NaN,NaN,NaN
243.22,33.97,36.18,36.00,20.00,MAN,0,0,0,0.00,0.00,0.00,0.00,0.00,0.00,0.00,0.00,NaN,NaN,NaN,NaN,NaN,NaN
244.21,33.96,36.21,36.00,20.00,MAN,0,0,0,0.00,0.00,0.00,0.00,0.00,0.00,0.00,0.00,NaN,NaN,NaN,NaN,NaN,NaN
245.22,33.96,36.20,36.00,20.00,MAN,0,0,0,0.00,0.00,0.00,0.00,0.00,0.00,0.00,0.00,NaN,NaN,NaN,NaN,NaN,NaN
246.22,33.94,36.20,36.00,20.00,MAN,0,0,0,0.00,0.00,0.00,0.00,0.00,0.00,0.00,0.00,NaN,NaN,NaN,NaN,NaN,NaN
247.22,33.94,36.23,36.00,20.00,MAN,0,0,0,0.00,0.00,0.00,0.00,0.00,0.00,0.00,0.00,NaN,NaN,NaN,NaN,NaN,NaN
248.22,33.93,36.23,36.00,20.00,MAN,0,0,0,0.00,0.00,0.00,0.00,0.00,0.00,0.00,0.00,NaN,NaN,NaN,NaN,NaN,NaN
249.22,33.92,36.23,36.00,20.00,MAN,0,0,0,0.00,0.00,0.00,0.00,0.00,0.00,0.00,0.00,NaN,NaN,NaN,NaN,NaN,NaN
250.22,33.91,36.23,36.00,20.00,MAN,0,0,0,0.00,0.00,0.00,0.00,0.00,0.00,0.00,0.00,NaN,NaN,NaN,NaN,NaN,NaN
251.23,33.90,36.27,36.00,20.00,MAN,0,0,0,0.00,0.00,0.00,0.00,0.00,0.00,0.00,0.00,NaN,NaN,NaN,NaN,NaN,NaN
252.23,33.89,36.27,36.00,20.00,MAN,0,0,0,0.00,0.00,0.00,0.00,0.00,0.00,0.00,0.00,NaN,NaN,NaN,NaN,NaN,NaN
253.23,33.88,36.27,36.00,20.00,MAN,0,0,0,0.00,0.00,0.00,0.00,0.00,0.00,0.00,0.00,NaN,NaN,NaN,NaN,NaN,NaN
254.23,33.87,36.30,36.00,20.00,MAN,0,0,0,0.00,0.00,0.00,0.00,0.00,0.00,0.00,0.00,NaN,NaN,NaN,NaN,NaN,NaN
255.23,33.87,36.30,36.00,20.00,MAN,0,0,0,0.00,0.00,0.00,0.00,0.00,0.00,0.00,0.00,NaN,NaN,NaN,NaN,NaN,NaN
256.23,33.85,36.34,36.00,20.00,MAN,0,0,0,0.00,0.00,0.00,0.00,0.00,0.00,0.00,0.00,NaN,NaN,NaN,NaN,NaN,NaN
257.24,33.85,36.34,36.00,20.00,MAN,0,0,0,0.00,0.00,0.00,0.00,0.00,0.00,0.00,0.00,NaN,NaN,NaN,NaN,NaN,NaN
258.23,33.83,36.34,36.00,20.00,MAN,0,0,0,0.00,0.00,0.00,0.00,0.00,0.00,0.00,0.00,NaN,NaN,NaN,NaN,NaN,NaN
259.24,33.83,36.37,36.00,20.00,MAN,0,0,0,0.00,0.00,0.00,0.00,0.00,0.00,0.00,0.00,NaN,NaN,NaN,NaN,NaN,NaN
260.24,33.82,36.37,36.00,20.00,MAN,0,0,0,0.00,0.00,0.00,0.00,0.00,0.00,0.00,0.00,NaN,NaN,NaN,NaN,NaN,NaN
261.24,33.81,36.40,36.00,20.00,MAN,0,0,0,0.00,0.00,0.00,0.00,0.00,0.00,0.00,0.00,NaN,NaN,NaN,NaN,NaN,NaN
262.24,33.80,36.40,36.00,20.00,MAN,0,0,0,0.00,0.00,0.00,0.00,0.00,0.00,0.00,0.00,NaN,NaN,NaN,NaN,NaN,NaN
263.24,33.79,36.38,36.00,20.00,MAN,0,0,0,0.00,0.00,0.00,0.00,0.00,0.00,0.00,0.00,NaN,NaN,NaN,NaN,NaN,NaN
264.25,33.78,36.38,36.00,20.00,MAN,0,0,0,0.00,0.00,0.00,0.00,0.00,0.00,0.00,0.00,NaN,NaN,NaN,NaN,NaN,NaN
265.25,33.78,36.38,36.00,20.00,MAN,0,0,0,0.00,0.00,0.00,0.00,0.00,0.00,0.00,0.00,NaN,NaN,NaN,NaN,NaN,NaN
266.25,33.77,36.42,36.00,20.00,MAN,0,0,0,0.00,0.00,0.00,0.00,0.00,0.00,0.00,0.00,NaN,NaN,NaN,NaN,NaN,NaN
267.25,33.76,36.42,36.00,20.00,MAN,0,0,0,0.00,0.00,0.00,0.00,0.00,0.00,0.00,0.00,NaN,NaN,NaN,NaN,NaN,NaN
268.25,33.75,36.42,36.00,20.00,MAN,0,0,0,0.00,0.00,0.00,0.00,0.00,0.00,0.00,0.00,NaN,NaN,NaN,NaN,NaN,NaN
269.25,33.74,36.42,36.00,20.00,MAN,0,0,0,0.00,0.00,0.00,0.00,0.00,0.00,0.00,0.00,NaN,NaN,NaN,NaN,NaN,NaN
270.26,33.74,36.45,36.00,20.00,MAN,0,0,0,0.00,0.00,0.00,0.00,0.00,0.00,0.00,0.00,NaN,NaN,NaN,NaN,NaN,NaN
271.26,33.73,36.45,36.00,20.00,MAN,0,0,0,0.00,0.00,0.00,0.00,0.00,0.00,0.00,0.00,NaN,NaN,NaN,NaN,NaN,NaN
272.26,33.72,36.45,36.00,20.00,MAN,0,0,0,0.00,0.00,0.00,0.00,0.00,0.00,0.00,0.00,NaN,NaN,NaN,NaN,NaN,NaN
273.26,33.71,36.48,36.00,20.00,MAN,0,0,0,0.00,0.00,0.00,0.00,0.00,0.00,0.00,0.00,NaN,NaN,NaN,NaN,NaN,NaN
274.26,33.70,36.48,36.00,20.00,MAN,0,0,0,0.00,0.00,0.00,0.00,0.00,0.00,0.00,0.00,NaN,NaN,NaN,NaN,NaN,NaN
275.26,33.70,36.52,36.00,20.00,MAN,0,0,0,0.00,0.00,0.00,0.00,0.00,0.00,0.00,0.00,NaN,NaN,NaN,NaN,NaN,NaN
276.26,33.68,36.52,36.00,20.00,MAN,0,0,0,0.00,0.00,0.00,0.00,0.00,0.00,0.00,0.00,NaN,NaN,NaN,NaN,NaN,NaN
277.27,33.67,36.55,36.00,20.00,MAN,0,0,0,0.00,0.00,0.00,0.00,0.00,0.00,0.00,0.00,NaN,NaN,NaN,NaN,NaN,NaN
278.27,33.67,36.55,36.00,20.00,MAN,0,0,0,0.00,0.00,0.00,0.00,0.00,0.00,0.00,0.00,NaN,NaN,NaN,NaN,NaN,NaN
279.27,33.66,36.59,36.00,20.00,MAN,0,0,0,0.00,0.00,0.00,0.00,0.00,0.00,0.00,0.00,NaN,NaN,NaN,NaN,NaN,NaN
280.27,33.65,36.59,36.00,20.00,MAN,0,0,0,0.00,0.00,0.00,0.00,0.00,0.00,0.00,0.00,NaN,NaN,NaN,NaN,NaN,NaN
281.27,33.64,36.62,36.00,20.00,MAN,0,0,0,0.00,0.00,0.00,0.00,0.00,0.00,0.00,0.00,NaN,NaN,NaN,NaN,NaN,NaN
282.27,33.64,36.62,36.00,20.00,MAN,0,0,0,0.00,0.00,0.00,0.00,0.00,0.00,0.00,0.00,NaN,NaN,NaN,NaN,NaN,NaN
283.28,33.64,36.66,36.00,20.00,MAN,0,0,0,0.00,0.00,0.00,0.00,0.00,0.00,0.00,0.00,NaN,NaN,NaN,NaN,NaN,NaN
284.28,33.63,36.63,36.00,20.00,MAN,0,0,0,0.00,0.00,0.00,0.00,0.00,0.00,0.00,0.00,NaN,NaN,NaN,NaN,NaN,NaN
285.28,33.62,36.63,36.00,20.00,MAN,0,0,0,0.00,0.00,0.00,0.00,0.00,0.00,0.00,0.00,NaN,NaN,NaN,NaN,NaN,NaN
286.28,33.61,36.63,36.00,20.00,MAN,0,0,0,0.00,0.00,0.00,0.00,0.00,0.00,0.00,0.00,NaN,NaN,NaN,NaN,NaN,NaN
287.28,33.61,36.63,36.00,20.00,MAN,0,0,0,0.00,0.00,0.00,0.00,0.00,0.00,0.00,0.00,NaN,NaN,NaN,NaN,NaN,NaN
288.28,33.60,36.70,36.00,20.00,MAN,0,0,0,0.00,0.00,0.00,0.00,0.00,0.00,0.00,0.00,NaN,NaN,NaN,NaN,NaN,NaN
289.28,33.60,36.70,36.00,20.00,MAN,0,0,0,0.00,0.00,0.00,0.00,0.00,0.00,0.00,0.00,NaN,NaN,NaN,NaN,NaN,NaN
290.28,33.58,36.70,36.00,20.00,MAN,0,0,0,0.00,0.00,0.00,0.00,0.00,0.00,0.00,0.00,NaN,NaN,NaN,NaN,NaN,NaN
291.29,33.58,36.70,36.00,20.00,MAN,0,0,0,0.00,0.00,0.00,0.00,0.00,0.00,0.00,0.00,NaN,NaN,NaN,NaN,NaN,NaN
292.29,33.57,36.70,36.00,20.00,MAN,0,0,0,0.00,0.00,0.00,0.00,0.00,0.00,0.00,0.00,NaN,NaN,NaN,NaN,NaN,NaN
293.29,33.56,36.70,36.00,20.00,MAN,0,0,0,0.00,0.00,0.00,0.00,0.00,0.00,0.00,0.00,NaN,NaN,NaN,NaN,NaN,NaN
294.29,33.55,36.70,36.00,20.00,MAN,0,0,0,0.00,0.00,0.00,0.00,0.00,0.00,0.00,0.00,NaN,NaN,NaN,NaN,NaN,NaN
295.29,33.55,36.73,36.00,20.00,MAN,0,0,0,0.00,0.00,0.00,0.00,0.00,0.00,0.00,0.00,NaN,NaN,NaN,NaN,NaN,NaN
296.30,33.53,36.73,36.00,20.00,MAN,0,0,0,0.00,0.00,0.00,0.00,0.00,0.00,0.00,0.00,NaN,NaN,NaN,NaN,NaN,NaN
297.30,33.53,36.77,36.00,20.00,MAN,0,0,0,0.00,0.00,0.00,0.00,0.00,0.00,0.00,0.00,NaN,NaN,NaN,NaN,NaN,NaN
298.30,33.52,36.77,36.00,20.00,MAN,0,0,0,0.00,0.00,0.00,0.00,0.00,0.00,0.00,0.00,NaN,NaN,NaN,NaN,NaN,NaN
299.30,33.51,36.80,36.00,20.00,MAN,0,0,0,0.00,0.00,0.00,0.00,0.00,0.00,0.00,0.00,NaN,NaN,NaN,NaN,NaN,NaN
300.30,33.50,36.80,36.00,20.00,MAN,0,0,0,0.00,0.00,0.00,0.00,0.00,0.00,0.00,0.00,NaN,NaN,NaN,NaN,NaN,NaN
301.30,33.49,36.84,36.00,20.00,MAN,0,0,0,0.00,0.00,0.00,0.00,0.00,0.00,0.00,0.00,NaN,NaN,NaN,NaN,NaN,NaN
302.31,33.49,36.84,36.00,20.00,MAN,0,0,0,0.00,0.00,0.00,0.00,0.00,0.00,0.00,0.00,NaN,NaN,NaN,NaN,NaN,NaN
303.31,33.48,36.87,36.00,20.00,MAN,0,0,0,0.00,0.00,0.00,0.00,0.00,0.00,0.00,0.00,NaN,NaN,NaN,NaN,NaN,NaN
304.31,33.48,36.87,36.00,20.00,MAN,0,0,0,0.00,0.00,0.00,0.00,0.00,0.00,0.00,0.00,NaN,NaN,NaN,NaN,NaN,NaN
305.31,33.47,36.87,36.00,20.00,MAN,0,0,0,0.00,0.00,0.00,0.00,0.00,0.00,0.00,0.00,NaN,NaN,NaN,NaN,NaN,NaN
306.31,33.46,36.85,36.00,20.00,MAN,0,0,0,0.00,0.00,0.00,0.00,0.00,0.00,0.00,0.00,NaN,NaN,NaN,NaN,NaN,NaN
307.31,33.46,36.88,36.00,20.00,MAN,0,0,0,0.00,0.00,0.00,0.00,0.00,0.00,0.00,0.00,NaN,NaN,NaN,NaN,NaN,NaN
308.31,33.45,36.88,36.00,20.00,MAN,0,0,0,0.00,0.00,0.00,0.00,0.00,0.00,0.00,0.00,NaN,NaN,NaN,NaN,NaN,NaN
309.32,33.44,36.88,36.00,20.00,MAN,0,0,0,0.00,0.00,0.00,0.00,0.00,0.00,0.00,0.00,NaN,NaN,NaN,NaN,NaN,NaN
310.32,33.43,36.92,36.00,20.00,MAN,0,0,0,0.00,0.00,0.00,0.00,0.00,0.00,0.00,0.00,NaN,NaN,NaN,NaN,NaN,NaN
311.32,33.43,36.92,36.00,20.00,MAN,0,0,0,0.00,0.00,0.00,0.00,0.00,0.00,0.00,0.00,NaN,NaN,NaN,NaN,NaN,NaN
312.32,33.42,36.92,36.00,20.00,MAN,0,0,0,0.00,0.00,0.00,0.00,0.00,0.00,0.00,0.00,NaN,NaN,NaN,NaN,NaN,NaN
313.32,33.41,36.92,36.00,20.00,MAN,0,0,0,0.00,0.00,0.00,0.00,0.00,0.00,0.00,0.00,NaN,NaN,NaN,NaN,NaN,NaN
314.32,33.41,36.92,36.00,20.00,MAN,0,0,0,0.00,0.00,0.00,0.00,0.00,0.00,0.00,0.00,NaN,NaN,NaN,NaN,NaN,NaN
315.33,33.40,36.92,36.00,20.00,MAN,0,0,0,0.00,0.00,0.00,0.00,0.00,0.00,0.00,0.00,NaN,NaN,NaN,NaN,NaN,NaN
316.33,33.38,36.92,36.00,20.00,MAN,0,0,0,0.00,0.00,0.00,0.00,0.00,0.00,0.00,0.00,NaN,NaN,NaN,NaN,NaN,NaN
317.33,33.38,36.95,36.00,20.00,MAN,0,0,0,0.00,0.00,0.00,0.00,0.00,0.00,0.00,0.00,NaN,NaN,NaN,NaN,NaN,NaN
318.33,33.37,36.95,36.00,20.00,MAN,0,0,0,0.00,0.00,0.00,0.00,0.00,0.00,0.00,0.00,NaN,NaN,NaN,NaN,NaN,NaN
319.33,33.37,36.95,36.00,20.00,MAN,0,0,0,0.00,0.00,0.00,0.00,0.00,0.00,0.00,0.00,NaN,NaN,NaN,NaN,NaN,NaN
320.33,33.36,36.95,36.00,20.00,MAN,0,0,0,0.00,0.00,0.00,0.00,0.00,0.00,0.00,0.00,NaN,NaN,NaN,NaN,NaN,NaN
321.34,33.36,36.99,36.00,20.00,MAN,0,0,0,0.00,0.00,0.00,0.00,0.00,0.00,0.00,0.00,NaN,NaN,NaN,NaN,NaN,NaN
322.33,33.34,36.99,36.00,20.00,MAN,0,0,0,0.00,0.00,0.00,0.00,0.00,0.00,0.00,0.00,NaN,NaN,NaN,NaN,NaN,NaN
323.34,33.34,36.99,36.00,20.00,MAN,0,0,0,0.00,0.00,0.00,0.00,0.00,0.00,0.00,0.00,NaN,NaN,NaN,NaN,NaN,NaN
324.34,33.33,36.99,36.00,20.00,MAN,0,0,0,0.00,0.00,0.00,0.00,0.00,0.00,0.00,0.00,NaN,NaN,NaN,NaN,NaN,NaN
325.34,33.32,36.99,36.00,20.00,MAN,0,0,0,0.00,0.00,0.00,0.00,0.00,0.00,0.00,0.00,NaN,NaN,NaN,NaN,NaN,NaN
326.34,33.31,37.02,36.00,20.00,MAN,0,0,0,0.00,0.00,0.00,0.00,0.00,0.00,0.00,0.00,NaN,NaN,NaN,NaN,NaN,NaN
327.34,33.30,37.02,36.00,20.00,MAN,0,0,0,0.00,0.00,0.00,0.00,0.00,0.00,0.00,0.00,NaN,NaN,NaN,NaN,NaN,NaN
328.35,33.30,37.02,36.00,20.00,MAN,0,0,0,0.00,0.00,0.00,0.00,0.00,0.00,0.00,0.00,NaN,NaN,NaN,NaN,NaN,NaN
329.35,33.30,37.02,36.00,20.00,MAN,0,0,0,0.00,0.00,0.00,0.00,0.00,0.00,0.00,0.00,NaN,NaN,NaN,NaN,NaN,NaN
330.35,33.30,37.02,36.00,20.00,MAN,0,0,0,0.00,0.00,0.00,0.00,0.00,0.00,0.00,0.00,NaN,NaN,NaN,NaN,NaN,NaN
331.35,33.30,37.06,36.00,20.00,MAN,0,0,0,0.00,0.00,0.00,0.00,0.00,0.00,0.00,0.00,NaN,NaN,NaN,NaN,NaN,NaN
332.35,33.30,37.06,36.00,20.00,MAN,0,0,0,0.00,0.00,0.00,0.00,0.00,0.00,0.00,0.00,NaN,NaN,NaN,NaN,NaN,NaN
333.35,33.30,37.06,36.00,20.00,MAN,0,0,0,0.00,0.00,0.00,0.00,0.00,0.00,0.00,0.00,NaN,NaN,NaN,NaN,NaN,NaN
334.36,33.29,37.09,36.00,20.00,MAN,0,0,0,0.00,0.00,0.00,0.00,0.00,0.00,0.00,0.00,NaN,NaN,NaN,NaN,NaN,NaN
335.36,33.27,37.09,36.00,20.00,MAN,0,0,0,0.00,0.00,0.00,0.00,0.00,0.00,0.00,0.00,NaN,NaN,NaN,NaN,NaN,NaN
336.36,33.26,37.08,36.00,20.00,MAN,0,0,0,0.00,0.00,0.00,0.00,0.00,0.00,0.00,0.00,NaN,NaN,NaN,NaN,NaN,NaN
337.36,33.26,37.11,36.00,20.00,MAN,0,0,0,0.00,0.00,0.00,0.00,0.00,0.00,0.00,0.00,NaN,NaN,NaN,NaN,NaN,NaN
338.36,33.25,37.14,36.00,20.00,MAN,0,0,0,0.00,0.00,0.00,0.00,0.00,0.00,0.00,0.00,NaN,NaN,NaN,NaN,NaN,NaN
339.36,33.23,37.14,36.00,20.00,MAN,0,0,0,0.00,0.00,0.00,0.00,0.00,0.00,0.00,0.00,NaN,NaN,NaN,NaN,NaN,NaN
340.37,33.23,37.14,36.00,20.00,MAN,0,0,0,0.00,0.00,0.00,0.00,0.00,0.00,0.00,0.00,NaN,NaN,NaN,NaN,NaN,NaN
341.37,33.22,37.14,36.00,20.00,MAN,0,0,0,0.00,0.00,0.00,0.00,0.00,0.00,0.00,0.00,NaN,NaN,NaN,NaN,NaN,NaN
342.37,33.21,37.17,36.00,20.00,MAN,0,0,0,0.00,0.00,0.00,0.00,0.00,0.00,0.00,0.00,NaN,NaN,NaN,NaN,NaN,NaN
343.37,33.21,37.17,36.00,20.00,MAN,0,0,0,0.00,0.00,0.00,0.00,0.00,0.00,0.00,0.00,NaN,NaN,NaN,NaN,NaN,NaN
344.37,33.21,37.17,36.00,20.00,MAN,0,0,0,0.00,0.00,0.00,0.00,0.00,0.00,0.00,0.00,NaN,NaN,NaN,NaN,NaN,NaN
345.37,33.20,37.17,36.00,20.00,MAN,0,0,0,0.00,0.00,0.00,0.00,0.00,0.00,0.00,0.00,NaN,NaN,NaN,NaN,NaN,NaN
346.37,33.19,37.17,36.00,20.00,MAN,0,0,0,0.00,0.00,0.00,0.00,0.00,0.00,0.00,0.00,NaN,NaN,NaN,NaN,NaN,NaN
347.38,33.18,37.21,36.00,20.00,MAN,0,0,0,0.00,0.00,0.00,0.00,0.00,0.00,0.00,0.00,NaN,NaN,NaN,NaN,NaN,NaN
348.38,33.18,37.21,36.00,20.00,MAN,0,0,0,0.00,0.00,0.00,0.00,0.00,0.00,0.00,0.00,NaN,NaN,NaN,NaN,NaN,NaN
349.38,33.17,37.21,36.00,20.00,MAN,0,0,0,0.00,0.00,0.00,0.00,0.00,0.00,0.00,0.00,NaN,NaN,NaN,NaN,NaN,NaN
350.38,33.16,37.21,36.00,20.00,MAN,0,0,0,0.00,0.00,0.00,0.00,0.00,0.00,0.00,0.00,NaN,NaN,NaN,NaN,NaN,NaN
351.38,33.16,37.21,36.00,20.00,MAN,0,0,0,0.00,0.00,0.00,0.00,0.00,0.00,0.00,0.00,NaN,NaN,NaN,NaN,NaN,NaN
352.38,33.15,37.24,36.00,20.00,MAN,0,0,0,0.00,0.00,0.00,0.00,0.00,0.00,0.00,0.00,NaN,NaN,NaN,NaN,NaN,NaN
353.39,33.15,37.24,36.00,20.00,MAN,0,0,0,0.00,0.00,0.00,0.00,0.00,0.00,0.00,0.00,NaN,NaN,NaN,NaN,NaN,NaN
354.38,33.14,37.27,36.00,20.00,MAN,0,0,0,0.00,0.00,0.00,0.00,0.00,0.00,0.00,0.00,NaN,NaN,NaN,NaN,NaN,NaN
355.39,33.13,37.27,36.00,20.00,MAN,0,0,0,0.00,0.00,0.00,0.00,0.00,0.00,0.00,0.00,NaN,NaN,NaN,NaN,NaN,NaN
356.39,33.13,37.31,36.00,20.00,MAN,0,0,0,0.00,0.00,0.00,0.00,0.00,0.00,0.00,0.00,NaN,NaN,NaN,NaN,NaN,NaN
357.39,33.12,37.32,36.00,20.00,MAN,0,0,0,0.00,0.00,0.00,0.00,0.00,0.00,0.00,0.00,NaN,NaN,NaN,NaN,NaN,NaN
358.39,33.12,37.32,36.00,20.00,MAN,0,0,0,0.00,0.00,0.00,0.00,0.00,0.00,0.00,0.00,NaN,NaN,NaN,NaN,NaN,NaN
359.39,33.11,37.32,36.00,20.00,MAN,0,0,0,0.00,0.00,0.00,0.00,0.00,0.00,0.00,0.00,NaN,NaN,NaN,NaN,NaN,NaN
360.40,33.09,37.32,36.00,20.00,MAN,0,0,0,0.00,0.00,0.00,0.00,0.00,0.00,0.00,0.00,NaN,NaN,NaN,NaN,NaN,NaN
361.40,33.09,37.32,36.00,20.00,MAN,0,0,0,0.00,0.00,0.00,0.00,0.00,0.00,0.00,0.00,NaN,NaN,NaN,NaN,NaN,NaN
362.40,33.08,37.36,36.00,20.00,MAN,0,0,0,0.00,0.00,0.00,0.00,0.00,0.00,0.00,0.00,NaN,NaN,NaN,NaN,NaN,NaN
363.40,33.08,37.36,36.00,20.00,MAN,0,0,0,0.00,0.00,0.00,0.00,0.00,0.00,0.00,0.00,NaN,NaN,NaN,NaN,NaN,NaN
364.40,33.07,37.36,36.00,20.00,MAN,0,0,0,0.00,0.00,0.00,0.00,0.00,0.00,0.00,0.00,NaN,NaN,NaN,NaN,NaN,NaN
365.40,33.07,37.36,36.00,20.00,MAN,0,0,0,0.00,0.00,0.00,0.00,0.00,0.00,0.00,0.00,NaN,NaN,NaN,NaN,NaN,NaN
366.41,33.06,37.36,36.00,20.00,MAN,0,0,0,0.00,0.00,0.00,0.00,0.00,0.00,0.00,0.00,NaN,NaN,NaN,NaN,NaN,NaN
367.41,33.05,37.36,36.00,20.00,MAN,0,0,0,0.00,0.00,0.00,0.00,0.00,0.00,0.00,0.00,NaN,NaN,NaN,NaN,NaN,NaN
368.41,33.05,37.36,36.00,20.00,MAN,0,0,0,0.00,0.00,0.00,0.00,0.00,0.00,0.00,0.00,NaN,NaN,NaN,NaN,NaN,NaN
369.41,33.04,37.36,36.00,20.00,MAN,0,0,0,0.00,0.00,0.00,0.00,0.00,0.00,0.00,0.00,NaN,NaN,NaN,NaN,NaN,NaN
370.41,33.04,37.36,36.00,20.00,MAN,0,0,0,0.00,0.00,0.00,0.00,0.00,0.00,0.00,0.00,NaN,NaN,NaN,NaN,NaN,NaN
371.42,33.03,37.43,36.00,20.00,MAN,0,0,0,0.00,0.00,0.00,0.00,0.00,0.00,0.00,0.00,NaN,NaN,NaN,NaN,NaN,NaN
372.42,33.03,37.43,36.00,20.00,MAN,0,0,0,0.00,0.00,0.00,0.00,0.00,0.00,0.00,0.00,NaN,NaN,NaN,NaN,NaN,NaN
373.42,33.02,37.43,36.00,20.00,MAN,0,0,0,0.00,0.00,0.00,0.00,0.00,0.00,0.00,0.00,NaN,NaN,NaN,NaN,NaN,NaN
374.42,33.02,37.43,36.00,20.00,MAN,0,0,0,0.00,0.00,0.00,0.00,0.00,0.00,0.00,0.00,NaN,NaN,NaN,NaN,NaN,NaN
375.42,33.01,37.43,36.00,20.00,MAN,0,0,0,0.00,0.00,0.00,0.00,0.00,0.00,0.00,0.00,NaN,NaN,NaN,NaN,NaN,NaN
376.42,33.01,37.46,36.00,20.00,MAN,0,0,0,0.00,0.00,0.00,0.00,0.00,0.00,0.00,0.00,NaN,NaN,NaN,NaN,NaN,NaN
377.42,33.00,37.46,36.00,20.00,MAN,0,0,0,0.00,0.00,0.00,0.00,0.00,0.00,0.00,0.00,NaN,NaN,NaN,NaN,NaN,NaN
378.42,32.99,37.46,36.00,20.00,MAN,0,0,0,0.00,0.00,0.00,0.00,0.00,0.00,0.00,0.00,NaN,NaN,NaN,NaN,NaN,NaN
379.43,32.99,37.46,36.00,20.00,MAN,0,0,0,0.00,0.00,0.00,0.00,0.00,0.00,0.00,0.00,NaN,NaN,NaN,NaN,NaN,NaN
380.43,32.98,37.46,36.00,20.00,MAN,0,0,0,0.00,0.00,0.00,0.00,0.00,0.00,0.00,0.00,NaN,NaN,NaN,NaN,NaN,NaN
381.43,32.98,37.46,36.00,20.00,MAN,0,0,0,0.00,0.00,0.00,0.00,0.00,0.00,0.00,0.00,NaN,NaN,NaN,NaN,NaN,NaN
382.43,32.97,37.49,36.00,20.00,MAN,0,0,0,0.00,0.00,0.00,0.00,0.00,0.00,0.00,0.00,NaN,NaN,NaN,NaN,NaN,NaN
383.43,32.97,37.49,36.00,20.00,MAN,0,0,0,0.00,0.00,0.00,0.00,0.00,0.00,0.00,0.00,NaN,NaN,NaN,NaN,NaN,NaN
384.43,32.96,37.49,36.00,20.00,MAN,0,0,0,0.00,0.00,0.00,0.00,0.00,0.00,0.00,0.00,NaN,NaN,NaN,NaN,NaN,NaN
385.43,32.96,37.49,36.00,20.00,MAN,0,0,0,0.00,0.00,0.00,0.00,0.00,0.00,0.00,0.00,NaN,NaN,NaN,NaN,NaN,NaN
386.43,32.94,37.47,36.00,20.00,MAN,0,0,0,0.00,0.00,0.00,0.00,0.00,0.00,0.00,0.00,NaN,NaN,NaN,NaN,NaN,NaN
387.44,32.94,37.49,36.00,20.00,MAN,0,0,0,0.00,0.00,0.00,0.00,0.00,0.00,0.00,0.00,NaN,NaN,NaN,NaN,NaN,NaN
388.44,32.93,37.51,36.00,20.00,MAN,0,0,0,0.00,0.00,0.00,0.00,0.00,0.00,0.00,0.00,NaN,NaN,NaN,NaN,NaN,NaN
389.44,32.93,37.51,36.00,20.00,MAN,0,0,0,0.00,0.00,0.00,0.00,0.00,0.00,0.00,0.00,NaN,NaN,NaN,NaN,NaN,NaN
390.45,32.92,37.51,36.00,20.00,MAN,0,0,0,0.00,0.00,0.00,0.00,0.00,0.00,0.00,0.00,NaN,NaN,NaN,NaN,NaN,NaN
391.44,32.91,37.54,36.00,20.00,MAN,0,0,0,0.00,0.00,0.00,0.00,0.00,0.00,0.00,0.00,NaN,NaN,NaN,NaN,NaN,NaN
392.45,32.91,37.54,36.00,20.00,MAN,0,0,0,0.00,0.00,0.00,0.00,0.00,0.00,0.00,0.00,NaN,NaN,NaN,NaN,NaN,NaN
393.45,32.91,37.54,36.00,20.00,MAN,0,0,0,0.00,0.00,0.00,0.00,0.00,0.00,0.00,0.00,NaN,NaN,NaN,NaN,NaN,NaN
394.45,32.90,37.54,36.00,20.00,MAN,0,0,0,0.00,0.00,0.00,0.00,0.00,0.00,0.00,0.00,NaN,NaN,NaN,NaN,NaN,NaN
395.45,32.89,37.58,36.00,20.00,MAN,0,0,0,0.00,0.00,0.00,0.00,0.00,0.00,0.00,0.00,NaN,NaN,NaN,NaN,NaN,NaN
396.45,32.89,37.58,36.00,20.00,MAN,0,0,0,0.00,0.00,0.00,0.00,0.00,0.00,0.00,0.00,NaN,NaN,NaN,NaN,NaN,NaN
397.45,32.88,37.58,36.00,20.00,MAN,0,0,0,0.00,0.00,0.00,0.00,0.00,0.00,0.00,0.00,NaN,NaN,NaN,NaN,NaN,NaN
398.46,32.88,37.61,36.00,20.00,MAN,0,0,0,0.00,0.00,0.00,0.00,0.00,0.00,0.00,0.00,NaN,NaN,NaN,NaN,NaN,NaN
399.46,32.87,37.61,36.00,20.00,MAN,0,0,0,0.00,0.00,0.00,0.00,0.00,0.00,0.00,0.00,NaN,NaN,NaN,NaN,NaN,NaN
400.46,32.87,37.61,36.00,20.00,MAN,0,0,0,0.00,0.00,0.00,0.00,0.00,0.00,0.00,0.00,NaN,NaN,NaN,NaN,NaN,NaN
401.46,32.86,37.61,36.00,20.00,MAN,0,0,0,0.00,0.00,0.00,0.00,0.00,0.00,0.00,0.00,NaN,NaN,NaN,NaN,NaN,NaN
402.46,32.86,37.64,36.00,20.00,MAN,0,0,0,0.00,0.00,0.00,0.00,0.00,0.00,0.00,0.00,NaN,NaN,NaN,NaN,NaN,NaN
403.47,32.85,37.64,36.00,20.00,MAN,0,0,0,0.00,0.00,0.00,0.00,0.00,0.00,0.00,0.00,NaN,NaN,NaN,NaN,NaN,NaN
404.46,32.85,37.68,36.00,20.00,MAN,0,0,0,0.00,0.00,0.00,0.00,0.00,0.00,0.00,0.00,NaN,NaN,NaN,NaN,NaN,NaN
405.47,32.84,37.68,36.00,20.00,MAN,0,0,0,0.00,0.00,0.00,0.00,0.00,0.00,0.00,0.00,NaN,NaN,NaN,NaN,NaN,NaN
406.47,32.83,37.68,36.00,20.00,MAN,0,0,0,0.00,0.00,0.00,0.00,0.00,0.00,0.00,0.00,NaN,NaN,NaN,NaN,NaN,NaN
407.47,32.83,37.68,36.00,20.00,MAN,0,0,0,0.00,0.00,0.00,0.00,0.00,0.00,0.00,0.00,NaN,NaN,NaN,NaN,NaN,NaN
408.47,32.83,37.68,36.00,20.00,MAN,0,0,0,0.00,0.00,0.00,0.00,0.00,0.00,0.00,0.00,NaN,NaN,NaN,NaN,NaN,NaN
409.47,32.82,37.68,36.00,20.00,MAN,0,0,0,0.00,0.00,0.00,0.00,0.00,0.00,0.00,0.00,NaN,NaN,NaN,NaN,NaN,NaN
410.47,32.82,37.68,36.00,20.00,MAN,0,0,0,0.00,0.00,0.00,0.00,0.00,0.00,0.00,0.00,NaN,NaN,NaN,NaN,NaN,NaN
411.48,32.81,37.68,36.00,20.00,MAN,0,0,0,0.00,0.00,0.00,0.00,0.00,0.00,0.00,0.00,NaN,NaN,NaN,NaN,NaN,NaN
412.48,32.79,37.68,36.00,20.00,MAN,0,0,0,0.00,0.00,0.00,0.00,0.00,0.00,0.00,0.00,NaN,NaN,NaN,NaN,NaN,NaN
413.48,32.79,37.68,36.00,20.00,MAN,0,0,0,0.00,0.00,0.00,0.00,0.00,0.00,0.00,0.00,NaN,NaN,NaN,NaN,NaN,NaN
414.48,32.79,37.68,36.00,20.00,MAN,0,0,0,0.00,0.00,0.00,0.00,0.00,0.00,0.00,0.00,NaN,NaN,NaN,NaN,NaN,NaN
415.48,32.78,37.71,36.00,20.00,MAN,0,0,0,0.00,0.00,0.00,0.00,0.00,0.00,0.00,0.00,NaN,NaN,NaN,NaN,NaN,NaN
416.48,32.77,37.71,36.00,20.00,MAN,0,0,0,0.00,0.00,0.00,0.00,0.00,0.00,0.00,0.00,NaN,NaN,NaN,NaN,NaN,NaN
417.48,32.77,37.69,36.00,20.00,MAN,0,0,0,0.00,0.00,0.00,0.00,0.00,0.00,0.00,0.00,NaN,NaN,NaN,NaN,NaN,NaN
418.48,32.77,37.71,36.00,20.00,MAN,0,0,0,0.00,0.00,0.00,0.00,0.00,0.00,0.00,0.00,NaN,NaN,NaN,NaN,NaN,NaN
419.49,32.76,37.72,36.00,20.00,MAN,0,0,0,0.00,0.00,0.00,0.00,0.00,0.00,0.00,0.00,NaN,NaN,NaN,NaN,NaN,NaN
420.49,32.76,37.72,36.00,20.00,MAN,0,0,0,0.00,0.00,0.00,0.00,0.00,0.00,0.00,0.00,NaN,NaN,NaN,NaN,NaN,NaN
421.49,32.75,37.72,36.00,20.00,MAN,0,0,0,0.00,0.00,0.00,0.00,0.00,0.00,0.00,0.00,NaN,NaN,NaN,NaN,NaN,NaN
422.49,32.75,37.72,36.00,20.00,MAN,0,0,0,0.00,0.00,0.00,0.00,0.00,0.00,0.00,0.00,NaN,NaN,NaN,NaN,NaN,NaN
423.49,32.74,37.72,36.00,20.00,MAN,0,0,0,0.00,0.00,0.00,0.00,0.00,0.00,0.00,0.00,NaN,NaN,NaN,NaN,NaN,NaN
424.50,32.74,37.75,36.00,20.00,MAN,0,0,0,0.00,0.00,0.00,0.00,0.00,0.00,0.00,0.00,NaN,NaN,NaN,NaN,NaN,NaN
425.50,32.74,37.75,36.00,20.00,MAN,0,0,0,0.00,0.00,0.00,0.00,0.00,0.00,0.00,0.00,NaN,NaN,NaN,NaN,NaN,NaN
426.50,32.73,37.75,36.00,20.00,MAN,0,0,0,0.00,0.00,0.00,0.00,0.00,0.00,0.00,0.00,NaN,NaN,NaN,NaN,NaN,NaN
427.50,32.73,37.75,36.00,20.00,MAN,0,0,0,0.00,0.00,0.00,0.00,0.00,0.00,0.00,0.00,NaN,NaN,NaN,NaN,NaN,NaN
428.50,32.72,37.79,36.00,20.00,MAN,0,0,0,0.00,0.00,0.00,0.00,0.00,0.00,0.00,0.00,NaN,NaN,NaN,NaN,NaN,NaN
429.51,32.72,37.79,36.00,20.00,MAN,0,0,0,0.00,0.00,0.00,0.00,0.00,0.00,0.00,0.00,NaN,NaN,NaN,NaN,NaN,NaN
430.51,32.71,37.79,36.00,20.00,MAN,0,0,0,0.00,0.00,0.00,0.00,0.00,0.00,0.00,0.00,NaN,NaN,NaN,NaN,NaN,NaN
431.51,32.70,37.79,36.00,20.00,MAN,0,0,0,0.00,0.00,0.00,0.00,0.00,0.00,0.00,0.00,NaN,NaN,NaN,NaN,NaN,NaN
432.51,32.70,37.82,36.00,20.00,MAN,0,0,0,0.00,0.00,0.00,0.00,0.00,0.00,0.00,0.00,NaN,NaN,NaN,NaN,NaN,NaN
433.51,32.70,37.82,36.00,20.00,MAN,0,0,0,0.00,0.00,0.00,0.00,0.00,0.00,0.00,0.00,NaN,NaN,NaN,NaN,NaN,NaN
434.51,32.69,37.86,36.00,20.00,MAN,0,0,0,0.00,0.00,0.00,0.00,0.00,0.00,0.00,0.00,NaN,NaN,NaN,NaN,NaN,NaN
435.52,32.68,37.86,36.00,20.00,MAN,0,0,0,0.00,0.00,0.00,0.00,0.00,0.00,0.00,0.00,NaN,NaN,NaN,NaN,NaN,NaN
436.52,32.68,37.86,36.00,20.00,MAN,0,0,0,0.00,0.00,0.00,0.00,0.00,0.00,0.00,0.00,NaN,NaN,NaN,NaN,NaN,NaN
437.52,32.67,37.86,36.00,20.00,MAN,0,0,0,0.00,0.00,0.00,0.00,0.00,0.00,0.00,0.00,NaN,NaN,NaN,NaN,NaN,NaN
438.52,32.67,37.86,36.00,20.00,MAN,0,0,0,0.00,0.00,0.00,0.00,0.00,0.00,0.00,0.00,NaN,NaN,NaN,NaN,NaN,NaN
439.52,32.67,37.86,36.00,20.00,MAN,0,0,0,0.00,0.00,0.00,0.00,0.00,0.00,0.00,0.00,NaN,NaN,NaN,NaN,NaN,NaN
440.52,32.66,37.86,36.00,20.00,MAN,0,0,0,0.00,0.00,0.00,0.00,0.00,0.00,0.00,0.00,NaN,NaN,NaN,NaN,NaN,NaN
441.52,32.66,37.86,36.00,20.00,MAN,0,0,0,0.00,0.00,0.00,0.00,0.00,0.00,0.00,0.00,NaN,NaN,NaN,NaN,NaN,NaN
442.52,32.64,37.86,36.00,20.00,MAN,0,0,0,0.00,0.00,0.00,0.00,0.00,0.00,0.00,0.00,NaN,NaN,NaN,NaN,NaN,NaN
443.53,32.64,37.86,36.00,20.00,MAN,0,0,0,0.00,0.00,0.00,0.00,0.00,0.00,0.00,0.00,NaN,NaN,NaN,NaN,NaN,NaN
444.53,32.63,37.86,36.00,20.00,MAN,0,0,0,0.00,0.00,0.00,0.00,0.00,0.00,0.00,0.00,NaN,NaN,NaN,NaN,NaN,NaN
445.53,32.63,37.86,36.00,20.00,MAN,0,0,0,0.00,0.00,0.00,0.00,0.00,0.00,0.00,0.00,NaN,NaN,NaN,NaN,NaN,NaN
446.53,32.62,37.89,36.00,20.00,MAN,0,0,0,0.00,0.00,0.00,0.00,0.00,0.00,0.00,0.00,NaN,NaN,NaN,NaN,NaN,NaN
447.53,32.62,37.89,36.00,20.00,MAN,0,0,0,0.00,0.00,0.00,0.00,0.00,0.00,0.00,0.00,NaN,NaN,NaN,NaN,NaN,NaN
448.53,32.61,37.89,36.00,20.00,MAN,0,0,0,0.00,0.00,0.00,0.00,0.00,0.00,0.00,0.00,NaN,NaN,NaN,NaN,NaN,NaN
449.54,32.61,37.89,36.00,20.00,MAN,0,0,0,0.00,0.00,0.00,0.00,0.00,0.00,0.00,0.00,NaN,NaN,NaN,NaN,NaN,NaN
450.53,32.61,37.93,36.00,20.00,MAN,0,0,0,0.00,0.00,0.00,0.00,0.00,0.00,0.00,0.00,NaN,NaN,NaN,NaN,NaN,NaN
451.54,32.60,37.91,36.00,20.00,MAN,0,0,0,0.00,0.00,0.00,0.00,0.00,0.00,0.00,0.00,NaN,NaN,NaN,NaN,NaN,NaN
452.54,32.60,37.91,36.00,20.00,MAN,0,0,0,0.00,0.00,0.00,0.00,0.00,0.00,0.00,0.00,NaN,NaN,NaN,NaN,NaN,NaN
453.54,32.59,37.91,36.00,20.00,MAN,0,0,0,0.00,0.00,0.00,0.00,0.00,0.00,0.00,0.00,NaN,NaN,NaN,NaN,NaN,NaN
454.54,32.59,37.91,36.00,20.00,MAN,0,0,0,0.00,0.00,0.00,0.00,0.00,0.00,0.00,0.00,NaN,NaN,NaN,NaN,NaN,NaN
455.54,32.58,37.91,36.00,20.00,MAN,0,0,0,0.00,0.00,0.00,0.00,0.00,0.00,0.00,0.00,NaN,NaN,NaN,NaN,NaN,NaN
456.55,32.58,37.91,36.00,20.00,MAN,0,0,0,0.00,0.00,0.00,0.00,0.00,0.00,0.00,0.00,NaN,NaN,NaN,NaN,NaN,NaN
457.55,32.57,37.91,36.00,20.00,MAN,0,0,0,0.00,0.00,0.00,0.00,0.00,0.00,0.00,0.00,NaN,NaN,NaN,NaN,NaN,NaN
458.55,32.57,37.95,36.00,20.00,MAN,0,0,0,0.00,0.00,0.00,0.00,0.00,0.00,0.00,0.00,NaN,NaN,NaN,NaN,NaN,NaN
459.55,32.56,37.95,36.00,20.00,MAN,0,0,0,0.00,0.00,0.00,0.00,0.00,0.00,0.00,0.00,NaN,NaN,NaN,NaN,NaN,NaN
460.55,32.56,37.95,36.00,20.00,MAN,0,0,0,0.00,0.00,0.00,0.00,0.00,0.00,0.00,0.00,NaN,NaN,NaN,NaN,NaN,NaN
461.56,32.55,37.95,36.00,20.00,MAN,0,0,0,0.00,0.00,0.00,0.00,0.00,0.00,0.00,0.00,NaN,NaN,NaN,NaN,NaN,NaN
462.56,32.55,37.95,36.00,20.00,MAN,0,0,0,0.00,0.00,0.00,0.00,0.00,0.00,0.00,0.00,NaN,NaN,NaN,NaN,NaN,NaN
463.56,32.55,37.95,36.00,20.00,MAN,0,0,0,0.00,0.00,0.00,0.00,0.00,0.00,0.00,0.00,NaN,NaN,NaN,NaN,NaN,NaN
464.56,32.55,37.95,36.00,20.00,MAN,0,0,0,0.00,0.00,0.00,0.00,0.00,0.00,0.00,0.00,NaN,NaN,NaN,NaN,NaN,NaN
465.56,32.54,37.98,36.00,20.00,MAN,0,0,0,0.00,0.00,0.00,0.00,0.00,0.00,0.00,0.00,NaN,NaN,NaN,NaN,NaN,NaN
466.56,32.53,37.98,36.00,20.00,MAN,0,0,0,0.00,0.00,0.00,0.00,0.00,0.00,0.00,0.00,NaN,NaN,NaN,NaN,NaN,NaN
467.56,32.53,37.98,36.00,20.00,MAN,0,0,0,0.00,0.00,0.00,0.00,0.00,0.00,0.00,0.00,NaN,NaN,NaN,NaN,NaN,NaN
468.56,32.52,37.98,36.00,20.00,MAN,0,0,0,0.00,0.00,0.00,0.00,0.00,0.00,0.00,0.00,NaN,NaN,NaN,NaN,NaN,NaN
469.57,32.52,37.98,36.00,20.00,MAN,0,0,0,0.00,0.00,0.00,0.00,0.00,0.00,0.00,0.00,NaN,NaN,NaN,NaN,NaN,NaN
470.57,32.52,38.01,36.00,20.00,MAN,0,0,0,0.00,0.00,0.00,0.00,0.00,0.00,0.00,0.00,NaN,NaN,NaN,NaN,NaN,NaN
471.57,32.50,38.01,36.00,20.00,MAN,0,0,0,0.00,0.00,0.00,0.00,0.00,0.00,0.00,0.00,NaN,NaN,NaN,NaN,NaN,NaN
472.57,32.50,38.01,36.00,20.00,MAN,0,0,0,0.00,0.00,0.00,0.00,0.00,0.00,0.00,0.00,NaN,NaN,NaN,NaN,NaN,NaN
473.57,32.49,38.01,36.00,20.00,MAN,0,0,0,0.00,0.00,0.00,0.00,0.00,0.00,0.00,0.00,NaN,NaN,NaN,NaN,NaN,NaN
474.57,32.49,38.01,36.00,20.00,MAN,0,0,0,0.00,0.00,0.00,0.00,0.00,0.00,0.00,0.00,NaN,NaN,NaN,NaN,NaN,NaN
475.58,32.48,38.04,36.00,20.00,MAN,0,0,0,0.00,0.00,0.00,0.00,0.00,0.00,0.00,0.00,NaN,NaN,NaN,NaN,NaN,NaN
476.58,32.48,38.04,36.00,20.00,MAN,0,0,0,0.00,0.00,0.00,0.00,0.00,0.00,0.00,0.00,NaN,NaN,NaN,NaN,NaN,NaN
477.58,32.48,38.04,36.00,20.00,MAN,0,0,0,0.00,0.00,0.00,0.00,0.00,0.00,0.00,0.00,NaN,NaN,NaN,NaN,NaN,NaN
478.58,32.48,38.08,36.00,20.00,MAN,0,0,0,0.00,0.00,0.00,0.00,0.00,0.00,0.00,0.00,NaN,NaN,NaN,NaN,NaN,NaN
479.58,32.47,38.08,36.00,20.00,MAN,0,0,0,0.00,0.00,0.00,0.00,0.00,0.00,0.00,0.00,NaN,NaN,NaN,NaN,NaN,NaN
480.58,32.47,38.08,36.00,20.00,MAN,0,0,0,0.00,0.00,0.00,0.00,0.00,0.00,0.00,0.00,NaN,NaN,NaN,NaN,NaN,NaN
481.59,32.46,38.11,36.00,20.00,MAN,0,0,0,0.00,0.00,0.00,0.00,0.00,0.00,0.00,0.00,NaN,NaN,NaN,NaN,NaN,NaN
482.59,32.46,38.11,36.00,20.00,MAN,0,0,0,0.00,0.00,0.00,0.00,0.00,0.00,0.00,0.00,NaN,NaN,NaN,NaN,NaN,NaN
483.59,32.45,38.11,36.00,20.00,MAN,0,0,0,0.00,0.00,0.00,0.00,0.00,0.00,0.00,0.00,NaN,NaN,NaN,NaN,NaN,NaN
484.59,32.45,38.11,36.00,20.00,MAN,0,0,0,0.00,0.00,0.00,0.00,0.00,0.00,0.00,0.00,NaN,NaN,NaN,NaN,NaN,NaN
485.59,32.44,38.16,36.00,20.00,MAN,0,0,0,0.00,0.00,0.00,0.00,0.00,0.00,0.00,0.00,NaN,NaN,NaN,NaN,NaN,NaN
486.59,32.44,38.16,36.00,20.00,MAN,0,0,0,0.00,0.00,0.00,0.00,0.00,0.00,0.00,0.00,NaN,NaN,NaN,NaN,NaN,NaN
487.59,32.43,38.16,36.00,20.00,MAN,0,0,0,0.00,0.00,0.00,0.00,0.00,0.00,0.00,0.00,NaN,NaN,NaN,NaN,NaN,NaN
488.60,32.43,38.16,36.00,20.00,MAN,0,0,0,0.00,0.00,0.00,0.00,0.00,0.00,0.00,0.00,NaN,NaN,NaN,NaN,NaN,NaN
489.60,32.42,38.16,36.00,20.00,MAN,0,0,0,0.00,0.00,0.00,0.00,0.00,0.00,0.00,0.00,NaN,NaN,NaN,NaN,NaN,NaN
490.60,32.42,38.16,36.00,20.00,MAN,0,0,0,0.00,0.00,0.00,0.00,0.00,0.00,0.00,0.00,NaN,NaN,NaN,NaN,NaN,NaN
491.60,32.41,38.16,36.00,20.00,MAN,0,0,0,0.00,0.00,0.00,0.00,0.00,0.00,0.00,0.00,NaN,NaN,NaN,NaN,NaN,NaN
492.60,32.41,38.16,36.00,20.00,MAN,0,0,0,0.00,0.00,0.00,0.00,0.00,0.00,0.00,0.00,NaN,NaN,NaN,NaN,NaN,NaN
493.61,32.40,38.16,36.00,20.00,MAN,0,0,0,0.00,0.00,0.00,0.00,0.00,0.00,0.00,0.00,NaN,NaN,NaN,NaN,NaN,NaN
494.61,32.40,38.16,36.00,20.00,MAN,0,0,0,0.00,0.00,0.00,0.00,0.00,0.00,0.00,0.00,NaN,NaN,NaN,NaN,NaN,NaN
495.61,32.39,38.16,36.00,20.00,MAN,0,0,0,0.00,0.00,0.00,0.00,0.00,0.00,0.00,0.00,NaN,NaN,NaN,NaN,NaN,NaN
496.61,32.39,38.16,36.00,20.00,MAN,0,0,0,0.00,0.00,0.00,0.00,0.00,0.00,0.00,0.00,NaN,NaN,NaN,NaN,NaN,NaN
497.61,32.38,38.20,36.00,20.00,MAN,0,0,0,0.00,0.00,0.00,0.00,0.00,0.00,0.00,0.00,NaN,NaN,NaN,NaN,NaN,NaN
498.61,32.38,38.20,36.00,20.00,MAN,0,0,0,0.00,0.00,0.00,0.00,0.00,0.00,0.00,0.00,NaN,NaN,NaN,NaN,NaN,NaN
499.61,32.38,38.20,36.00,20.00,MAN,0,0,0,0.00,0.00,0.00,0.00,0.00,0.00,0.00,0.00,NaN,NaN,NaN,NaN,NaN,NaN
500.61,32.38,38.23,36.00,20.00,MAN,0,0,0,0.00,0.00,0.00,0.00,0.00,0.00,0.00,0.00,NaN,NaN,NaN,NaN,NaN,NaN
501.62,32.38,38.23,36.00,20.00,MAN,0,0,0,0.00,0.00,0.00,0.00,0.00,0.00,0.00,0.00,NaN,NaN,NaN,NaN,NaN,NaN
502.62,32.38,38.26,36.00,20.00,MAN,0,0,0,0.00,0.00,0.00,0.00,0.00,0.00,0.00,0.00,NaN,NaN,NaN,NaN,NaN,NaN
503.62,32.38,38.26,36.00,20.00,MAN,0,0,0,0.00,0.00,0.00,0.00,0.00,0.00,0.00,0.00,NaN,NaN,NaN,NaN,NaN,NaN
504.62,32.37,38.26,36.00,20.00,MAN,0,0,0,0.00,0.00,0.00,0.00,0.00,0.00,0.00,0.00,NaN,NaN,NaN,NaN,NaN,NaN
505.62,32.37,38.26,36.00,20.00,MAN,0,0,0,0.00,0.00,0.00,0.00,0.00,0.00,0.00,0.00,NaN,NaN,NaN,NaN,NaN,NaN
506.62,32.35,38.30,36.00,20.00,MAN,0,0,0,0.00,0.00,0.00,0.00,0.00,0.00,0.00,0.00,NaN,NaN,NaN,NaN,NaN,NaN
507.63,32.35,38.30,36.00,20.00,MAN,0,0,0,0.00,0.00,0.00,0.00,0.00,0.00,0.00,0.00,NaN,NaN,NaN,NaN,NaN,NaN
508.63,32.34,38.30,36.00,20.00,MAN,0,0,0,0.00,0.00,0.00,0.00,0.00,0.00,0.00,0.00,NaN,NaN,NaN,NaN,NaN,NaN
509.63,32.34,38.30,36.00,20.00,MAN,0,0,0,0.00,0.00,0.00,0.00,0.00,0.00,0.00,0.00,NaN,NaN,NaN,NaN,NaN,NaN
510.63,32.33,38.30,36.00,20.00,MAN,0,0,0,0.00,0.00,0.00,0.00,0.00,0.00,0.00,0.00,NaN,NaN,NaN,NaN,NaN,NaN
511.63,32.33,38.30,36.00,20.00,MAN,0,0,0,0.00,0.00,0.00,0.00,0.00,0.00,0.00,0.00,NaN,NaN,NaN,NaN,NaN,NaN
512.63,32.32,38.30,36.00,20.00,MAN,0,0,0,0.00,0.00,0.00,0.00,0.00,0.00,0.00,0.00,NaN,NaN,NaN,NaN,NaN,NaN
513.64,32.32,38.30,36.00,20.00,MAN,0,0,0,0.00,0.00,0.00,0.00,0.00,0.00,0.00,0.00,NaN,NaN,NaN,NaN,NaN,NaN
514.63,32.32,38.30,36.00,20.00,MAN,0,0,0,0.00,0.00,0.00,0.00,0.00,0.00,0.00,0.00,NaN,NaN,NaN,NaN,NaN,NaN
515.64,32.31,38.30,36.00,20.00,MAN,0,0,0,0.00,0.00,0.00,0.00,0.00,0.00,0.00,0.00,NaN,NaN,NaN,NaN,NaN,NaN
516.64,32.31,38.33,36.00,20.00,MAN,0,0,0,0.00,0.00,0.00,0.00,0.00,0.00,0.00,0.00,NaN,NaN,NaN,NaN,NaN,NaN
517.64,32.31,38.33,36.00,20.00,MAN,0,0,0,0.00,0.00,0.00,0.00,0.00,0.00,0.00,0.00,NaN,NaN,NaN,NaN,NaN,NaN
518.65,32.30,38.33,36.00,20.00,MAN,0,0,0,0.00,0.00,0.00,0.00,0.00,0.00,0.00,0.00,NaN,NaN,NaN,NaN,NaN,NaN
519.64,32.30,38.33,36.00,20.00,MAN,0,0,0,0.00,0.00,0.00,0.00,0.00,0.00,0.00,0.00,NaN,NaN,NaN,NaN,NaN,NaN
520.65,32.29,38.33,36.00,20.00,MAN,0,0,0,0.00,0.00,0.00,0.00,0.00,0.00,0.00,0.00,NaN,NaN,NaN,NaN,NaN,NaN
521.65,32.29,38.33,36.00,20.00,MAN,0,0,0,0.00,0.00,0.00,0.00,0.00,0.00,0.00,0.00,NaN,NaN,NaN,NaN,NaN,NaN
522.65,32.28,38.33,36.00,20.00,MAN,0,0,0,0.00,0.00,0.00,0.00,0.00,0.00,0.00,0.00,NaN,NaN,NaN,NaN,NaN,NaN
523.65,32.28,38.33,36.00,20.00,MAN,0,0,0,0.00,0.00,0.00,0.00,0.00,0.00,0.00,0.00,NaN,NaN,NaN,NaN,NaN,NaN
524.65,32.27,38.36,36.00,20.00,MAN,0,0,0,0.00,0.00,0.00,0.00,0.00,0.00,0.00,0.00,NaN,NaN,NaN,NaN,NaN,NaN
525.66,32.27,38.36,36.00,20.00,MAN,0,0,0,0.00,0.00,0.00,0.00,0.00,0.00,0.00,0.00,NaN,NaN,NaN,NaN,NaN,NaN
526.66,32.27,38.36,36.00,20.00,MAN,0,0,0,0.00,0.00,0.00,0.00,0.00,0.00,0.00,0.00,NaN,NaN,NaN,NaN,NaN,NaN
527.66,32.27,38.36,36.00,20.00,MAN,0,0,0,0.00,0.00,0.00,0.00,0.00,0.00,0.00,0.00,NaN,NaN,NaN,NaN,NaN,NaN
528.66,32.26,38.34,36.00,20.00,MAN,0,0,0,0.00,0.00,0.00,0.00,0.00,0.00,0.00,0.00,NaN,NaN,NaN,NaN,NaN,NaN
529.66,32.25,38.34,36.00,20.00,MAN,0,0,0,0.00,0.00,0.00,0.00,0.00,0.00,0.00,0.00,NaN,NaN,NaN,NaN,NaN,NaN
530.66,32.25,38.38,36.00,20.00,MAN,0,0,0,0.00,0.00,0.00,0.00,0.00,0.00,0.00,0.00,NaN,NaN,NaN,NaN,NaN,NaN
531.66,32.25,38.38,36.00,20.00,MAN,0,0,0,0.00,0.00,0.00,0.00,0.00,0.00,0.00,0.00,NaN,NaN,NaN,NaN,NaN,NaN
532.66,32.24,38.38,36.00,20.00,MAN,0,0,0,0.00,0.00,0.00,0.00,0.00,0.00,0.00,0.00,NaN,NaN,NaN,NaN,NaN,NaN
533.67,32.24,38.38,36.00,20.00,MAN,0,0,0,0.00,0.00,0.00,0.00,0.00,0.00,0.00,0.00,NaN,NaN,NaN,NaN,NaN,NaN
534.67,32.24,38.38,36.00,20.00,MAN,0,0,0,0.00,0.00,0.00,0.00,0.00,0.00,0.00,0.00,NaN,NaN,NaN,NaN,NaN,NaN
535.67,32.23,38.38,36.00,20.00,MAN,0,0,0,0.00,0.00,0.00,0.00,0.00,0.00,0.00,0.00,NaN,NaN,NaN,NaN,NaN,NaN
536.67,32.23,38.38,36.00,20.00,MAN,0,0,0,0.00,0.00,0.00,0.00,0.00,0.00,0.00,0.00,NaN,NaN,NaN,NaN,NaN,NaN
537.67,32.23,38.38,36.00,20.00,MAN,0,0,0,0.00,0.00,0.00,0.00,0.00,0.00,0.00,0.00,NaN,NaN,NaN,NaN,NaN,NaN
538.67,32.22,38.41,36.00,20.00,MAN,0,0,0,0.00,0.00,0.00,0.00,0.00,0.00,0.00,0.00,NaN,NaN,NaN,NaN,NaN,NaN
539.68,32.22,38.41,36.00,20.00,MAN,0,0,0,0.00,0.00,0.00,0.00,0.00,0.00,0.00,0.00,NaN,NaN,NaN,NaN,NaN,NaN
540.68,32.20,38.41,36.00,20.00,MAN,0,0,0,0.00,0.00,0.00,0.00,0.00,0.00,0.00,0.00,NaN,NaN,NaN,NaN,NaN,NaN
541.68,32.20,38.41,36.00,20.00,MAN,0,0,0,0.00,0.00,0.00,0.00,0.00,0.00,0.00,0.00,NaN,NaN,NaN,NaN,NaN,NaN
542.68,32.20,38.41,36.00,20.00,MAN,0,0,0,0.00,0.00,0.00,0.00,0.00,0.00,0.00,0.00,NaN,NaN,NaN,NaN,NaN,NaN
543.68,32.19,38.41,36.00,20.00,MAN,0,0,0,0.00,0.00,0.00,0.00,0.00,0.00,0.00,0.00,NaN,NaN,NaN,NaN,NaN,NaN
544.68,32.19,38.41,36.00,20.00,MAN,0,0,0,0.00,0.00,0.00,0.00,0.00,0.00,0.00,0.00,NaN,NaN,NaN,NaN,NaN,NaN
545.69,32.18,38.41,36.00,20.00,MAN,0,0,0,0.00,0.00,0.00,0.00,0.00,0.00,0.00,0.00,NaN,NaN,NaN,NaN,NaN,NaN
546.69,32.18,38.41,36.00,20.00,MAN,0,0,0,0.00,0.00,0.00,0.00,0.00,0.00,0.00,0.00,NaN,NaN,NaN,NaN,NaN,NaN
547.69,32.18,38.41,36.00,20.00,MAN,0,0,0,0.00,0.00,0.00,0.00,0.00,0.00,0.00,0.00,NaN,NaN,NaN,NaN,NaN,NaN
548.69,32.17,38.41,36.00,20.00,MAN,0,0,0,0.00,0.00,0.00,0.00,0.00,0.00,0.00,0.00,NaN,NaN,NaN,NaN,NaN,NaN
549.69,32.17,38.45,36.00,20.00,MAN,0,0,0,0.00,0.00,0.00,0.00,0.00,0.00,0.00,0.00,NaN,NaN,NaN,NaN,NaN,NaN
550.69,32.16,38.45,36.00,20.00,MAN,0,0,0,0.00,0.00,0.00,0.00,0.00,0.00,0.00,0.00,NaN,NaN,NaN,NaN,NaN,NaN
551.69,32.16,38.45,36.00,20.00,MAN,0,0,0,0.00,0.00,0.00,0.00,0.00,0.00,0.00,0.00,NaN,NaN,NaN,NaN,NaN,NaN
552.70,32.16,38.48,36.00,20.00,MAN,0,0,0,0.00,0.00,0.00,0.00,0.00,0.00,0.00,0.00,NaN,NaN,NaN,NaN,NaN,NaN
553.70,32.15,38.48,36.00,20.00,MAN,0,0,0,0.00,0.00,0.00,0.00,0.00,0.00,0.00,0.00,NaN,NaN,NaN,NaN,NaN,NaN
554.70,32.15,38.48,36.00,20.00,MAN,0,0,0,0.00,0.00,0.00,0.00,0.00,0.00,0.00,0.00,NaN,NaN,NaN,NaN,NaN,NaN
555.70,32.15,38.51,36.00,20.00,MAN,0,0,0,0.00,0.00,0.00,0.00,0.00,0.00,0.00,0.00,NaN,NaN,NaN,NaN,NaN,NaN
556.70,32.14,38.51,36.00,20.00,MAN,0,0,0,0.00,0.00,0.00,0.00,0.00,0.00,0.00,0.00,NaN,NaN,NaN,NaN,NaN,NaN
557.71,32.14,38.51,36.00,20.00,MAN,0,0,0,0.00,0.00,0.00,0.00,0.00,0.00,0.00,0.00,NaN,NaN,NaN,NaN,NaN,NaN
558.71,32.14,38.55,36.00,20.00,MAN,0,0,0,0.00,0.00,0.00,0.00,0.00,0.00,0.00,0.00,NaN,NaN,NaN,NaN,NaN,NaN
559.71,32.13,38.55,36.00,20.00,MAN,0,0,0,0.00,0.00,0.00,0.00,0.00,0.00,0.00,0.00,NaN,NaN,NaN,NaN,NaN,NaN
560.71,32.12,38.55,36.00,20.00,MAN,0,0,0,0.00,0.00,0.00,0.00,0.00,0.00,0.00,0.00,NaN,NaN,NaN,NaN,NaN,NaN
561.71,32.13,38.55,36.00,20.00,MAN,0,0,0,0.00,0.00,0.00,0.00,0.00,0.00,0.00,0.00,NaN,NaN,NaN,NaN,NaN,NaN
562.71,32.12,38.55,36.00,20.00,MAN,0,0,0,0.00,0.00,0.00,0.00,0.00,0.00,0.00,0.00,NaN,NaN,NaN,NaN,NaN,NaN
563.72,32.12,38.55,36.00,20.00,MAN,0,0,0,0.00,0.00,0.00,0.00,0.00,0.00,0.00,0.00,NaN,NaN,NaN,NaN,NaN,NaN
564.71,32.12,38.55,36.00,20.00,MAN,0,0,0,0.00,0.00,0.00,0.00,0.00,0.00,0.00,0.00,NaN,NaN,NaN,NaN,NaN,NaN
565.72,32.11,38.55,36.00,20.00,MAN,0,0,0,0.00,0.00,0.00,0.00,0.00,0.00,0.00,0.00,NaN,NaN,NaN,NaN,NaN,NaN
566.72,32.11,38.55,36.00,20.00,MAN,0,0,0,0.00,0.00,0.00,0.00,0.00,0.00,0.00,0.00,NaN,NaN,NaN,NaN,NaN,NaN
567.72,32.10,38.55,36.00,20.00,MAN,0,0,0,0.00,0.00,0.00,0.00,0.00,0.00,0.00,0.00,NaN,NaN,NaN,NaN,NaN,NaN
568.72,32.10,38.53,36.00,20.00,MAN,0,0,0,0.00,0.00,0.00,0.00,0.00,0.00,0.00,0.00,NaN,NaN,NaN,NaN,NaN,NaN
569.72,32.10,38.53,36.00,20.00,MAN,0,0,0,0.00,0.00,0.00,0.00,0.00,0.00,0.00,0.00,NaN,NaN,NaN,NaN,NaN,NaN
570.72,32.09,38.55,36.00,20.00,MAN,0,0,0,0.00,0.00,0.00,0.00,0.00,0.00,0.00,0.00,NaN,NaN,NaN,NaN,NaN,NaN
571.73,32.09,38.56,36.00,20.00,MAN,0,0,0,0.00,0.00,0.00,0.00,0.00,0.00,0.00,0.00,NaN,NaN,NaN,NaN,NaN,NaN
572.73,32.08,38.56,36.00,20.00,MAN,0,0,0,0.00,0.00,0.00,0.00,0.00,0.00,0.00,0.00,NaN,NaN,NaN,NaN,NaN,NaN
573.73,32.08,38.56,36.00,20.00,MAN,0,0,0,0.00,0.00,0.00,0.00,0.00,0.00,0.00,0.00,NaN,NaN,NaN,NaN,NaN,NaN
574.73,32.07,38.59,36.00,20.00,MAN,0,0,0,0.00,0.00,0.00,0.00,0.00,0.00,0.00,0.00,NaN,NaN,NaN,NaN,NaN,NaN
575.73,32.07,38.59,36.00,20.00,MAN,0,0,0,0.00,0.00,0.00,0.00,0.00,0.00,0.00,0.00,NaN,NaN,NaN,NaN,NaN,NaN
576.73,32.07,38.59,36.00,20.00,MAN,0,0,0,0.00,0.00,0.00,0.00,0.00,0.00,0.00,0.00,NaN,NaN,NaN,NaN,NaN,NaN
577.73,32.05,38.59,36.00,20.00,MAN,0,0,0,0.00,0.00,0.00,0.00,0.00,0.00,0.00,0.00,NaN,NaN,NaN,NaN,NaN,NaN
578.74,32.05,38.63,36.00,20.00,MAN,0,0,0,0.00,0.00,0.00,0.00,0.00,0.00,0.00,0.00,NaN,NaN,NaN,NaN,NaN,NaN
579.74,32.05,38.63,36.00,20.00,MAN,0,0,0,0.00,0.00,0.00,0.00,0.00,0.00,0.00,0.00,NaN,NaN,NaN,NaN,NaN,NaN
580.74,32.05,38.63,36.00,20.00,MAN,0,0,0,0.00,0.00,0.00,0.00,0.00,0.00,0.00,0.00,NaN,NaN,NaN,NaN,NaN,NaN
581.74,32.04,38.63,36.00,20.00,MAN,0,0,0,0.00,0.00,0.00,0.00,0.00,0.00,0.00,0.00,NaN,NaN,NaN,NaN,NaN,NaN
582.74,32.04,38.63,36.00,20.00,MAN,0,0,0,0.00,0.00,0.00,0.00,0.00,0.00,0.00,0.00,NaN,NaN,NaN,NaN,NaN,NaN
583.74,32.03,38.63,36.00,20.00,MAN,0,0,0,0.00,0.00,0.00,0.00,0.00,0.00,0.00,0.00,NaN,NaN,NaN,NaN,NaN,NaN
584.75,32.03,38.63,36.00,20.00,MAN,0,0,0,0.00,0.00,0.00,0.00,0.00,0.00,0.00,0.00,NaN,NaN,NaN,NaN,NaN,NaN
585.75,32.03,38.63,36.00,20.00,MAN,0,0,0,0.00,0.00,0.00,0.00,0.00,0.00,0.00,0.00,NaN,NaN,NaN,NaN,NaN,NaN
586.75,32.02,38.63,36.00,20.00,MAN,0,0,0,0.00,0.00,0.00,0.00,0.00,0.00,0.00,0.00,NaN,NaN,NaN,NaN,NaN,NaN
587.75,32.02,38.63,36.00,20.00,MAN,0,0,0,0.00,0.00,0.00,0.00,0.00,0.00,0.00,0.00,NaN,NaN,NaN,NaN,NaN,NaN
588.75,32.01,38.63,36.00,20.00,MAN,0,0,0,0.00,0.00,0.00,0.00,0.00,0.00,0.00,0.00,NaN,NaN,NaN,NaN,NaN,NaN
589.76,32.01,38.63,36.00,20.00,MAN,0,0,0,0.00,0.00,0.00,0.00,0.00,0.00,0.00,0.00,NaN,NaN,NaN,NaN,NaN,NaN
590.76,32.01,38.66,36.00,20.00,MAN,0,0,0,0.00,0.00,0.00,0.00,0.00,0.00,0.00,0.00,NaN,NaN,NaN,NaN,NaN,NaN
591.76,32.01,38.66,36.00,20.00,MAN,0,0,0,0.00,0.00,0.00,0.00,0.00,0.00,0.00,0.00,NaN,NaN,NaN,NaN,NaN,NaN
592.76,32.00,38.66,36.00,20.00,MAN,0,0,0,0.00,0.00,0.00,0.00,0.00,0.00,0.00,0.00,NaN,NaN,NaN,NaN,NaN,NaN
593.76,32.00,38.66,36.00,20.00,MAN,0,0,0,0.00,0.00,0.00,0.00,0.00,0.00,0.00,0.00,NaN,NaN,NaN,NaN,NaN,NaN
594.76,32.00,38.66,36.00,20.00,MAN,0,0,0,0.00,0.00,0.00,0.00,0.00,0.00,0.00,0.00,NaN,NaN,NaN,NaN,NaN,NaN
595.77,31.99,38.66,36.00,20.00,MAN,0,0,0,0.00,0.00,0.00,0.00,0.00,0.00,0.00,0.00,NaN,NaN,NaN,NaN,NaN,NaN
596.77,31.99,38.66,36.00,20.00,MAN,0,0,0,0.00,0.00,0.00,0.00,0.00,0.00,0.00,0.00,NaN,NaN,NaN,NaN,NaN,NaN
597.77,31.98,38.66,36.00,20.00,MAN,0,0,0,0.00,0.00,0.00,0.00,0.00,0.00,0.00,0.00,NaN,NaN,NaN,NaN,NaN,NaN
598.77,31.98,38.66,36.00,20.00,MAN,0,0,0,0.00,0.00,0.00,0.00,0.00,0.00,0.00,0.00,NaN,NaN,NaN,NaN,NaN,NaN
599.77,31.98,38.66,36.00,20.00,MAN,0,0,0,0.00,0.00,0.00,0.00,0.00,0.00,0.00,0.00,NaN,NaN,NaN,NaN,NaN,NaN
600.77,31.97,38.66,36.00,20.00,MAN,0,0,0,0.00,0.00,0.00,0.00,0.00,0.00,0.00,0.00,NaN,NaN,NaN,NaN,NaN,NaN
601.77,31.97,38.70,36.00,20.00,MAN,0,0,0,0.00,0.00,0.00,0.00,0.00,0.00,0.00,0.00,NaN,NaN,NaN,NaN,NaN,NaN
602.77,31.96,38.70,36.00,20.00,MAN,0,0,0,0.00,0.00,0.00,0.00,0.00,0.00,0.00,0.00,NaN,NaN,NaN,NaN,NaN,NaN
603.78,31.96,38.70,36.00,20.00,MAN,0,0,0,0.00,0.00,0.00,0.00,0.00,0.00,0.00,0.00,NaN,NaN,NaN,NaN,NaN,NaN
604.78,31.96,38.70,36.00,20.00,MAN,0,0,0,0.00,0.00,0.00,0.00,0.00,0.00,0.00,0.00,NaN,NaN,NaN,NaN,NaN,NaN
605.78,31.95,38.70,36.00,20.00,MAN,0,0,0,0.00,0.00,0.00,0.00,0.00,0.00,0.00,0.00,NaN,NaN,NaN,NaN,NaN,NaN
606.78,31.95,38.70,36.00,20.00,MAN,0,0,0,0.00,0.00,0.00,0.00,0.00,0.00,0.00,0.00,NaN,NaN,NaN,NaN,NaN,NaN
607.78,31.95,38.70,36.00,20.00,MAN,0,0,0,0.00,0.00,0.00,0.00,0.00,0.00,0.00,0.00,NaN,NaN,NaN,NaN,NaN,NaN
608.78,31.94,38.73,36.00,20.00,MAN,0,0,0,0.00,0.00,0.00,0.00,0.00,0.00,0.00,0.00,NaN,NaN,NaN,NaN,NaN,NaN
609.79,31.94,38.73,36.00,20.00,MAN,0,0,0,0.00,0.00,0.00,0.00,0.00,0.00,0.00,0.00,NaN,NaN,NaN,NaN,NaN,NaN
610.79,31.94,38.73,36.00,20.00,MAN,0,0,0,0.00,0.00,0.00,0.00,0.00,0.00,0.00,0.00,NaN,NaN,NaN,NaN,NaN,NaN
611.79,31.94,38.73,36.00,20.00,MAN,0,0,0,0.00,0.00,0.00,0.00,0.00,0.00,0.00,0.00,NaN,NaN,NaN,NaN,NaN,NaN
612.79,31.94,38.76,36.00,20.00,MAN,0,0,0,0.00,0.00,0.00,0.00,0.00,0.00,0.00,0.00,NaN,NaN,NaN,NaN,NaN,NaN
613.79,31.94,38.76,36.00,20.00,MAN,0,0,0,0.00,0.00,0.00,0.00,0.00,0.00,0.00,0.00,NaN,NaN,NaN,NaN,NaN,NaN
614.79,31.94,38.76,36.00,20.00,MAN,0,0,0,0.00,0.00,0.00,0.00,0.00,0.00,0.00,0.00,NaN,NaN,NaN,NaN,NaN,NaN
615.79,31.94,38.76,36.00,20.00,MAN,0,0,0,0.00,0.00,0.00,0.00,0.00,0.00,0.00,0.00,NaN,NaN,NaN,NaN,NaN,NaN
616.80,31.94,38.76,36.00,20.00,MAN,0,0,0,0.00,0.00,0.00,0.00,0.00,0.00,0.00,0.00,NaN,NaN,NaN,NaN,NaN,NaN
617.80,31.93,38.76,36.00,20.00,MAN,0,0,0,0.00,0.00,0.00,0.00,0.00,0.00,0.00,0.00,NaN,NaN,NaN,NaN,NaN,NaN
618.80,31.93,38.76,36.00,20.00,MAN,0,0,0,0.00,0.00,0.00,0.00,0.00,0.00,0.00,0.00,NaN,NaN,NaN,NaN,NaN,NaN
619.80,31.93,38.75,36.00,20.00,MAN,0,0,0,0.00,0.00,0.00,0.00,0.00,0.00,0.00,0.00,NaN,NaN,NaN,NaN,NaN,NaN
620.80,31.92,38.76,36.00,20.00,MAN,0,0,0,0.00,0.00,0.00,0.00,0.00,0.00,0.00,0.00,NaN,NaN,NaN,NaN,NaN,NaN
621.81,31.92,38.75,36.00,20.00,MAN,0,0,0,0.00,0.00,0.00,0.00,0.00,0.00,0.00,0.00,NaN,NaN,NaN,NaN,NaN,NaN
622.81,31.90,38.75,36.00,20.00,MAN,0,0,0,0.00,0.00,0.00,0.00,0.00,0.00,0.00,0.00,NaN,NaN,NaN,NaN,NaN,NaN
623.81,31.90,38.75,36.00,20.00,MAN,0,0,0,0.00,0.00,0.00,0.00,0.00,0.00,0.00,0.00,NaN,NaN,NaN,NaN,NaN,NaN
624.81,31.90,38.75,36.00,20.00,MAN,0,0,0,0.00,0.00,0.00,0.00,0.00,0.00,0.00,0.00,NaN,NaN,NaN,NaN,NaN,NaN
625.81,31.90,38.78,36.00,20.00,MAN,0,0,0,0.00,0.00,0.00,0.00,0.00,0.00,0.00,0.00,NaN,NaN,NaN,NaN,NaN,NaN
626.81,31.89,38.78,36.00,20.00,MAN,0,0,0,0.00,0.00,0.00,0.00,0.00,0.00,0.00,0.00,NaN,NaN,NaN,NaN,NaN,NaN
627.82,31.88,38.78,36.00,20.00,MAN,0,0,0,0.00,0.00,0.00,0.00,0.00,0.00,0.00,0.00,NaN,NaN,NaN,NaN,NaN,NaN
628.81,31.88,38.78,36.00,20.00,MAN,0,0,0,0.00,0.00,0.00,0.00,0.00,0.00,0.00,0.00,NaN,NaN,NaN,NaN,NaN,NaN
629.82,31.88,38.85,36.00,20.00,MAN,0,0,0,0.00,0.00,0.00,0.00,0.00,0.00,0.00,0.00,NaN,NaN,NaN,NaN,NaN,NaN
630.82,31.88,38.85,36.00,20.00,MAN,0,0,0,0.00,0.00,0.00,0.00,0.00,0.00,0.00,0.00,NaN,NaN,NaN,NaN,NaN,NaN
631.82,31.87,38.85,36.00,20.00,MAN,0,0,0,0.00,0.00,0.00,0.00,0.00,0.00,0.00,0.00,NaN,NaN,NaN,NaN,NaN,NaN
632.82,31.87,38.88,36.00,20.00,MAN,0,0,0,0.00,0.00,0.00,0.00,0.00,0.00,0.00,0.00,NaN,NaN,NaN,NaN,NaN,NaN
633.82,31.87,38.88,36.00,20.00,MAN,0,0,0,0.00,0.00,0.00,0.00,0.00,0.00,0.00,0.00,NaN,NaN,NaN,NaN,NaN,NaN
634.82,31.86,38.88,36.00,20.00,MAN,0,0,0,0.00,0.00,0.00,0.00,0.00,0.00,0.00,0.00,NaN,NaN,NaN,NaN,NaN,NaN
635.83,31.86,38.88,36.00,20.00,MAN,0,0,0,0.00,0.00,0.00,0.00,0.00,0.00,0.00,0.00,NaN,NaN,NaN,NaN,NaN,NaN
636.83,31.86,38.88,36.00,20.00,MAN,0,0,0,0.00,0.00,0.00,0.00,0.00,0.00,0.00,0.00,NaN,NaN,NaN,NaN,NaN,NaN
637.83,31.86,38.88,36.00,20.00,MAN,0,0,0,0.00,0.00,0.00,0.00,0.00,0.00,0.00,0.00,NaN,NaN,NaN,NaN,NaN,NaN
638.83,31.85,38.88,36.00,20.00,MAN,0,0,0,0.00,0.00,0.00,0.00,0.00,0.00,0.00,0.00,NaN,NaN,NaN,NaN,NaN,NaN
639.83,31.85,38.88,36.00,20.00,MAN,0,0,0,0.00,0.00,0.00,0.00,0.00,0.00,0.00,0.00,NaN,NaN,NaN,NaN,NaN,NaN
640.84,31.84,38.88,36.00,20.00,MAN,0,0,0,0.00,0.00,0.00,0.00,0.00,0.00,0.00,0.00,NaN,NaN,NaN,NaN,NaN,NaN
641.84,31.84,38.88,36.00,20.00,MAN,0,0,0,0.00,0.00,0.00,0.00,0.00,0.00,0.00,0.00,NaN,NaN,NaN,NaN,NaN,NaN
642.84,31.83,38.88,36.00,20.00,MAN,0,0,0,0.00,0.00,0.00,0.00,0.00,0.00,0.00,0.00,NaN,NaN,NaN,NaN,NaN,NaN
643.84,31.83,38.88,36.00,20.00,MAN,0,0,0,0.00,0.00,0.00,0.00,0.00,0.00,0.00,0.00,NaN,NaN,NaN,NaN,NaN,NaN
644.84,31.83,38.88,36.00,20.00,MAN,0,0,0,0.00,0.00,0.00,0.00,0.00,0.00,0.00,0.00,NaN,NaN,NaN,NaN,NaN,NaN
645.84,31.82,38.91,36.00,20.00,MAN,0,0,0,0.00,0.00,0.00,0.00,0.00,0.00,0.00,0.00,NaN,NaN,NaN,NaN,NaN,NaN
646.85,31.82,38.88,36.00,20.00,MAN,0,0,0,0.00,0.00,0.00,0.00,0.00,0.00,0.00,0.00,NaN,NaN,NaN,NaN,NaN,NaN
647.84,31.82,38.91,36.00,20.00,MAN,0,0,0,0.00,0.00,0.00,0.00,0.00,0.00,0.00,0.00,NaN,NaN,NaN,NaN,NaN,NaN
648.85,31.82,38.91,36.00,20.00,MAN,0,0,0,0.00,0.00,0.00,0.00,0.00,0.00,0.00,0.00,NaN,NaN,NaN,NaN,NaN,NaN
649.85,31.81,38.91,36.00,20.00,MAN,0,0,0,0.00,0.00,0.00,0.00,0.00,0.00,0.00,0.00,NaN,NaN,NaN,NaN,NaN,NaN
650.85,31.81,38.91,36.00,20.00,MAN,0,0,0,0.00,0.00,0.00,0.00,0.00,0.00,0.00,0.00,NaN,NaN,NaN,NaN,NaN,NaN
651.85,31.81,38.91,36.00,20.00,MAN,0,0,0,0.00,0.00,0.00,0.00,0.00,0.00,0.00,0.00,NaN,NaN,NaN,NaN,NaN,NaN
652.85,31.81,38.91,36.00,20.00,MAN,0,0,0,0.00,0.00,0.00,0.00,0.00,0.00,0.00,0.00,NaN,NaN,NaN,NaN,NaN,NaN
653.86,31.80,38.91,36.00,20.00,MAN,0,0,0,0.00,0.00,0.00,0.00,0.00,0.00,0.00,0.00,NaN,NaN,NaN,NaN,NaN,NaN
654.86,31.80,38.91,36.00,20.00,MAN,0,0,0,0.00,0.00,0.00,0.00,0.00,0.00,0.00,0.00,NaN,NaN,NaN,NaN,NaN,NaN
655.86,31.79,38.91,36.00,20.00,MAN,0,0,0,0.00,0.00,0.00,0.00,0.00,0.00,0.00,0.00,NaN,NaN,NaN,NaN,NaN,NaN
656.86,31.80,38.91,36.00,20.00,MAN,0,0,0,0.00,0.00,0.00,0.00,0.00,0.00,0.00,0.00,NaN,NaN,NaN,NaN,NaN,NaN
657.86,31.79,38.95,36.00,20.00,MAN,0,0,0,0.00,0.00,0.00,0.00,0.00,0.00,0.00,0.00,NaN,NaN,NaN,NaN,NaN,NaN
658.86,31.78,38.95,36.00,20.00,MAN,0,0,0,0.00,0.00,0.00,0.00,0.00,0.00,0.00,0.00,NaN,NaN,NaN,NaN,NaN,NaN
659.87,31.78,38.95,36.00,20.00,MAN,0,0,0,0.00,0.00,0.00,0.00,0.00,0.00,0.00,0.00,NaN,NaN,NaN,NaN,NaN,NaN
660.86,31.78,38.95,36.00,20.00,MAN,0,0,0,0.00,0.00,0.00,0.00,0.00,0.00,0.00,0.00,NaN,NaN,NaN,NaN,NaN,NaN
661.87,31.76,38.98,36.00,20.00,MAN,0,0,0,0.00,0.00,0.00,0.00,0.00,0.00,0.00,0.00,NaN,NaN,NaN,NaN,NaN,NaN
662.87,31.76,38.98,36.00,20.00,MAN,0,0,0,0.00,0.00,0.00,0.00,0.00,0.00,0.00,0.00,NaN,NaN,NaN,NaN,NaN,NaN
663.87,31.76,38.98,36.00,20.00,MAN,0,0,0,0.00,0.00,0.00,0.00,0.00,0.00,0.00,0.00,NaN,NaN,NaN,NaN,NaN,NaN
664.88,31.75,38.96,36.00,20.00,MAN,0,0,0,0.00,0.00,0.00,0.00,0.00,0.00,0.00,0.00,NaN,NaN,NaN,NaN,NaN,NaN
665.87,31.75,39.00,36.00,20.00,MAN,0,0,0,0.00,0.00,0.00,0.00,0.00,0.00,0.00,0.00,NaN,NaN,NaN,NaN,NaN,NaN
666.87,31.75,39.00,36.00,20.00,MAN,0,0,0,0.00,0.00,0.00,0.00,0.00,0.00,0.00,0.00,NaN,NaN,NaN,NaN,NaN,NaN
667.88,31.74,39.00,36.00,20.00,MAN,0,0,0,0.00,0.00,0.00,0.00,0.00,0.00,0.00,0.00,NaN,NaN,NaN,NaN,NaN,NaN
668.88,31.74,39.00,36.00,20.00,MAN,0,0,0,0.00,0.00,0.00,0.00,0.00,0.00,0.00,0.00,NaN,NaN,NaN,NaN,NaN,NaN
669.88,31.74,39.00,36.00,20.00,MAN,0,0,0,0.00,0.00,0.00,0.00,0.00,0.00,0.00,0.00,NaN,NaN,NaN,NaN,NaN,NaN
670.88,31.74,39.00,36.00,20.00,MAN,0,0,0,0.00,0.00,0.00,0.00,0.00,0.00,0.00,0.00,NaN,NaN,NaN,NaN,NaN,NaN
671.88,31.73,39.00,36.00,20.00,MAN,0,0,0,0.00,0.00,0.00,0.00,0.00,0.00,0.00,0.00,NaN,NaN,NaN,NaN,NaN,NaN
672.89,31.73,39.00,36.00,20.00,MAN,0,0,0,0.00,0.00,0.00,0.00,0.00,0.00,0.00,0.00,NaN,NaN,NaN,NaN,NaN,NaN
673.89,31.72,38.96,36.00,20.00,MAN,0,0,0,0.00,0.00,0.00,0.00,0.00,0.00,0.00,0.00,NaN,NaN,NaN,NaN,NaN,NaN
674.89,31.72,39.00,36.00,20.00,MAN,0,0,0,0.00,0.00,0.00,0.00,0.00,0.00,0.00,0.00,NaN,NaN,NaN,NaN,NaN,NaN
675.89,31.72,39.00,36.00,20.00,MAN,0,0,0,0.00,0.00,0.00,0.00,0.00,0.00,0.00,0.00,NaN,NaN,NaN,NaN,NaN,NaN
676.89,31.71,39.00,36.00,20.00,MAN,0,0,0,0.00,0.00,0.00,0.00,0.00,0.00,0.00,0.00,NaN,NaN,NaN,NaN,NaN,NaN
677.89,31.72,39.00,36.00,20.00,MAN,0,0,0,0.00,0.00,0.00,0.00,0.00,0.00,0.00,0.00,NaN,NaN,NaN,NaN,NaN,NaN
678.89,31.71,39.00,36.00,20.00,MAN,0,0,0,0.00,0.00,0.00,0.00,0.00,0.00,0.00,0.00,NaN,NaN,NaN,NaN,NaN,NaN
679.89,31.71,39.03,36.00,20.00,MAN,0,0,0,0.00,0.00,0.00,0.00,0.00,0.00,0.00,0.00,NaN,NaN,NaN,NaN,NaN,NaN
680.90,31.70,39.03,36.00,20.00,MAN,0,0,0,0.00,0.00,0.00,0.00,0.00,0.00,0.00,0.00,NaN,NaN,NaN,NaN,NaN,NaN
681.90,31.70,39.03,36.00,20.00,MAN,0,0,0,0.00,0.00,0.00,0.00,0.00,0.00,0.00,0.00,NaN,NaN,NaN,NaN,NaN,NaN
682.90,31.70,39.03,36.00,20.00,MAN,0,0,0,0.00,0.00,0.00,0.00,0.00,0.00,0.00,0.00,NaN,NaN,NaN,NaN,NaN,NaN
683.90,31.70,39.03,36.00,20.00,MAN,0,0,0,0.00,0.00,0.00,0.00,0.00,0.00,0.00,0.00,NaN,NaN,NaN,NaN,NaN,NaN
684.90,31.69,39.06,36.00,20.00,MAN,0,0,0,0.00,0.00,0.00,0.00,0.00,0.00,0.00,0.00,NaN,NaN,NaN,NaN,NaN,NaN
685.91,31.69,39.06,36.00,20.00,MAN,0,0,0,0.00,0.00,0.00,0.00,0.00,0.00,0.00,0.00,NaN,NaN,NaN,NaN,NaN,NaN
686.91,31.69,39.06,36.00,20.00,MAN,0,0,0,0.00,0.00,0.00,0.00,0.00,0.00,0.00,0.00,NaN,NaN,NaN,NaN,NaN,NaN
687.91,31.68,39.06,36.00,20.00,MAN,0,0,0,0.00,0.00,0.00,0.00,0.00,0.00,0.00,0.00,NaN,NaN,NaN,NaN,NaN,NaN
688.91,31.68,39.06,36.00,20.00,MAN,0,0,0,0.00,0.00,0.00,0.00,0.00,0.00,0.00,0.00,NaN,NaN,NaN,NaN,NaN,NaN
689.91,31.67,39.06,36.00,20.00,MAN,0,0,0,0.00,0.00,0.00,0.00,0.00,0.00,0.00,0.00,NaN,NaN,NaN,NaN,NaN,NaN
690.91,31.67,39.06,36.00,20.00,MAN,0,0,0,0.00,0.00,0.00,0.00,0.00,0.00,0.00,0.00,NaN,NaN,NaN,NaN,NaN,NaN
691.92,31.67,39.06,36.00,20.00,MAN,0,0,0,0.00,0.00,0.00,0.00,0.00,0.00,0.00,0.00,NaN,NaN,NaN,NaN,NaN,NaN
692.91,31.66,39.06,36.00,20.00,MAN,0,0,0,0.00,0.00,0.00,0.00,0.00,0.00,0.00,0.00,NaN,NaN,NaN,NaN,NaN,NaN
693.92,31.66,39.10,36.00,20.00,MAN,0,0,0,0.00,0.00,0.00,0.00,0.00,0.00,0.00,0.00,NaN,NaN,NaN,NaN,NaN,NaN
694.92,31.66,39.10,36.00,20.00,MAN,0,0,0,0.00,0.00,0.00,0.00,0.00,0.00,0.00,0.00,NaN,NaN,NaN,NaN,NaN,NaN
695.92,31.66,39.10,36.00,20.00,MAN,0,0,0,0.00,0.00,0.00,0.00,0.00,0.00,0.00,0.00,NaN,NaN,NaN,NaN,NaN,NaN
696.92,31.66,39.10,36.00,20.00,MAN,0,0,0,0.00,0.00,0.00,0.00,0.00,0.00,0.00,0.00,NaN,NaN,NaN,NaN,NaN,NaN
697.92,31.66,39.10,36.00,20.00,MAN,0,0,0,0.00,0.00,0.00,0.00,0.00,0.00,0.00,0.00,NaN,NaN,NaN,NaN,NaN,NaN
698.92,31.65,39.10,36.00,20.00,MAN,0,0,0,0.00,0.00,0.00,0.00,0.00,0.00,0.00,0.00,NaN,NaN,NaN,NaN,NaN,NaN
699.93,31.65,39.10,36.00,20.00,MAN,0,0,0,0.00,0.00,0.00,0.00,0.00,0.00,0.00,0.00,NaN,NaN,NaN,NaN,NaN,NaN
700.93,31.65,39.10,36.00,20.00,MAN,0,0,0,0.00,0.00,0.00,0.00,0.00,0.00,0.00,0.00,NaN,NaN,NaN,NaN,NaN,NaN
701.93,31.65,39.13,36.00,20.00,MAN,0,0,0,0.00,0.00,0.00,0.00,0.00,0.00,0.00,0.00,NaN,NaN,NaN,NaN,NaN,NaN
702.93,31.64,39.10,36.00,20.00,MAN,0,0,0,0.00,0.00,0.00,0.00,0.00,0.00,0.00,0.00,NaN,NaN,NaN,NaN,NaN,NaN
703.93,31.64,39.10,36.00,20.00,MAN,0,0,0,0.00,0.00,0.00,0.00,0.00,0.00,0.00,0.00,NaN,NaN,NaN,NaN,NaN,NaN
704.94,31.64,39.13,36.00,20.00,MAN,0,0,0,0.00,0.00,0.00,0.00,0.00,0.00,0.00,0.00,NaN,NaN,NaN,NaN,NaN,NaN
705.94,31.63,39.13,36.00,20.00,MAN,0,0,0,0.00,0.00,0.00,0.00,0.00,0.00,0.00,0.00,NaN,NaN,NaN,NaN,NaN,NaN
706.94,31.63,39.13,36.00,20.00,MAN,0,0,0,0.00,0.00,0.00,0.00,0.00,0.00,0.00,0.00,NaN,NaN,NaN,NaN,NaN,NaN
707.94,31.61,39.13,36.00,20.00,MAN,0,0,0,0.00,0.00,0.00,0.00,0.00,0.00,0.00,0.00,NaN,NaN,NaN,NaN,NaN,NaN
708.94,31.61,39.13,36.00,20.00,MAN,0,0,0,0.00,0.00,0.00,0.00,0.00,0.00,0.00,0.00,NaN,NaN,NaN,NaN,NaN,NaN
709.94,31.61,39.13,36.00,20.00,MAN,0,0,0,0.00,0.00,0.00,0.00,0.00,0.00,0.00,0.00,NaN,NaN,NaN,NaN,NaN,NaN
710.94,31.61,39.13,36.00,20.00,MAN,0,0,0,0.00,0.00,0.00,0.00,0.00,0.00,0.00,0.00,NaN,NaN,NaN,NaN,NaN,NaN
711.94,31.60,39.13,36.00,20.00,MAN,0,0,0,0.00,0.00,0.00,0.00,0.00,0.00,0.00,0.00,NaN,NaN,NaN,NaN,NaN,NaN
712.95,31.60,39.17,36.00,20.00,MAN,0,0,0,0.00,0.00,0.00,0.00,0.00,0.00,0.00,0.00,NaN,NaN,NaN,NaN,NaN,NaN
713.95,31.60,39.17,36.00,20.00,MAN,0,0,0,0.00,0.00,0.00,0.00,0.00,0.00,0.00,0.00,NaN,NaN,NaN,NaN,NaN,NaN
714.95,31.59,39.17,36.00,20.00,MAN,0,0,0,0.00,0.00,0.00,0.00,0.00,0.00,0.00,0.00,NaN,NaN,NaN,NaN,NaN,NaN
715.95,31.59,39.17,36.00,20.00,MAN,0,0,0,0.00,0.00,0.00,0.00,0.00,0.00,0.00,0.00,NaN,NaN,NaN,NaN,NaN,NaN
716.95,31.59,39.17,36.00,20.00,MAN,0,0,0,0.00,0.00,0.00,0.00,0.00,0.00,0.00,0.00,NaN,NaN,NaN,NaN,NaN,NaN
717.96,31.58,39.14,36.00,20.00,MAN,0,0,0,0.00,0.00,0.00,0.00,0.00,0.00,0.00,0.00,NaN,NaN,NaN,NaN,NaN,NaN
718.96,31.58,39.17,36.00,20.00,MAN,0,0,0,0.00,0.00,0.00,0.00,0.00,0.00,0.00,0.00,NaN,NaN,NaN,NaN,NaN,NaN
719.96,31.58,39.14,36.00,20.00,MAN,0,0,0,0.00,0.00,0.00,0.00,0.00,0.00,0.00,0.00,NaN,NaN,NaN,NaN,NaN,NaN
720.96,31.58,39.18,36.00,20.00,MAN,0,0,0,0.00,0.00,0.00,0.00,0.00,0.00,0.00,0.00,NaN,NaN,NaN,NaN,NaN,NaN
721.96,31.57,39.18,36.00,20.00,MAN,0,0,0,0.00,0.00,0.00,0.00,0.00,0.00,0.00,0.00,NaN,NaN,NaN,NaN,NaN,NaN
722.96,31.57,39.18,36.00,20.00,MAN,0,0,0,0.00,0.00,0.00,0.00,0.00,0.00,0.00,0.00,NaN,NaN,NaN,NaN,NaN,NaN
723.96,31.57,39.18,36.00,20.00,MAN,0,0,0,0.00,0.00,0.00,0.00,0.00,0.00,0.00,0.00,NaN,NaN,NaN,NaN,NaN,NaN
724.97,31.56,39.18,36.00,20.00,MAN,0,0,0,0.00,0.00,0.00,0.00,0.00,0.00,0.00,0.00,NaN,NaN,NaN,NaN,NaN,NaN
725.97,31.56,39.18,36.00,20.00,MAN,0,0,0,0.00,0.00,0.00,0.00,0.00,0.00,0.00,0.00,NaN,NaN,NaN,NaN,NaN,NaN
726.97,31.56,39.18,36.00,20.00,MAN,0,0,0,0.00,0.00,0.00,0.00,0.00,0.00,0.00,0.00,NaN,NaN,NaN,NaN,NaN,NaN
727.97,31.55,39.18,36.00,20.00,MAN,0,0,0,0.00,0.00,0.00,0.00,0.00,0.00,0.00,0.00,NaN,NaN,NaN,NaN,NaN,NaN
728.97,31.55,39.18,36.00,20.00,MAN,0,0,0,0.00,0.00,0.00,0.00,0.00,0.00,0.00,0.00,NaN,NaN,NaN,NaN,NaN,NaN
729.97,31.55,39.18,36.00,20.00,MAN,0,0,0,0.00,0.00,0.00,0.00,0.00,0.00,0.00,0.00,NaN,NaN,NaN,NaN,NaN,NaN
730.97,31.55,39.18,36.00,20.00,MAN,0,0,0,0.00,0.00,0.00,0.00,0.00,0.00,0.00,0.00,NaN,NaN,NaN,NaN,NaN,NaN
731.98,31.55,39.18,36.00,20.00,MAN,0,0,0,0.00,0.00,0.00,0.00,0.00,0.00,0.00,0.00,NaN,NaN,NaN,NaN,NaN,NaN
732.98,31.54,39.18,36.00,20.00,MAN,0,0,0,0.00,0.00,0.00,0.00,0.00,0.00,0.00,0.00,NaN,NaN,NaN,NaN,NaN,NaN
733.98,31.54,39.18,36.00,20.00,MAN,0,0,0,0.00,0.00,0.00,0.00,0.00,0.00,0.00,0.00,NaN,NaN,NaN,NaN,NaN,NaN
734.98,31.53,39.18,36.00,20.00,MAN,0,0,0,0.00,0.00,0.00,0.00,0.00,0.00,0.00,0.00,NaN,NaN,NaN,NaN,NaN,NaN
735.98,31.53,39.18,36.00,20.00,MAN,0,0,0,0.00,0.00,0.00,0.00,0.00,0.00,0.00,0.00,NaN,NaN,NaN,NaN,NaN,NaN
736.99,31.53,39.18,36.00,20.00,MAN,0,0,0,0.00,0.00,0.00,0.00,0.00,0.00,0.00,0.00,NaN,NaN,NaN,NaN,NaN,NaN
737.99,31.52,39.21,36.00,20.00,MAN,0,0,0,0.00,0.00,0.00,0.00,0.00,0.00,0.00,0.00,NaN,NaN,NaN,NaN,NaN,NaN
738.99,31.52,39.21,36.00,20.00,MAN,0,0,0,0.00,0.00,0.00,0.00,0.00,0.00,0.00,0.00,NaN,NaN,NaN,NaN,NaN,NaN
739.99,31.52,39.21,36.00,20.00,MAN,0,0,0,0.00,0.00,0.00,0.00,0.00,0.00,0.00,0.00,NaN,NaN,NaN,NaN,NaN,NaN
740.99,31.52,39.24,36.00,20.00,MAN,0,0,0,0.00,0.00,0.00,0.00,0.00,0.00,0.00,0.00,NaN,NaN,NaN,NaN,NaN,NaN
741.99,31.51,39.24,36.00,20.00,MAN,0,0,0,0.00,0.00,0.00,0.00,0.00,0.00,0.00,0.00,NaN,NaN,NaN,NaN,NaN,NaN
742.99,31.51,39.24,36.00,20.00,MAN,0,0,0,0.00,0.00,0.00,0.00,0.00,0.00,0.00,0.00,NaN,NaN,NaN,NaN,NaN,NaN
743.99,31.51,39.24,36.00,20.00,MAN,0,0,0,0.00,0.00,0.00,0.00,0.00,0.00,0.00,0.00,NaN,NaN,NaN,NaN,NaN,NaN
745.00,31.51,39.24,36.00,20.00,MAN,0,0,0,0.00,0.00,0.00,0.00,0.00,0.00,0.00,0.00,NaN,NaN,NaN,NaN,NaN,NaN
746.00,31.50,39.24,36.00,20.00,MAN,0,0,0,0.00,0.00,0.00,0.00,0.00,0.00,0.00,0.00,NaN,NaN,NaN,NaN,NaN,NaN
747.00,31.50,39.24,36.00,20.00,MAN,0,0,0,0.00,0.00,0.00,0.00,0.00,0.00,0.00,0.00,NaN,NaN,NaN,NaN,NaN,NaN
748.00,31.49,39.24,36.00,20.00,MAN,0,0,0,0.00,0.00,0.00,0.00,0.00,0.00,0.00,0.00,NaN,NaN,NaN,NaN,NaN,NaN
749.00,31.49,39.24,36.00,20.00,MAN,0,0,0,0.00,0.00,0.00,0.00,0.00,0.00,0.00,0.00,NaN,NaN,NaN,NaN,NaN,NaN
750.01,31.49,39.24,36.00,20.00,MAN,0,0,0,0.00,0.00,0.00,0.00,0.00,0.00,0.00,0.00,NaN,NaN,NaN,NaN,NaN,NaN
751.01,31.49,39.24,36.00,20.00,MAN,0,0,0,0.00,0.00,0.00,0.00,0.00,0.00,0.00,0.00,NaN,NaN,NaN,NaN,NaN,NaN
752.01,31.48,39.24,36.00,20.00,MAN,0,0,0,0.00,0.00,0.00,0.00,0.00,0.00,0.00,0.00,NaN,NaN,NaN,NaN,NaN,NaN
753.01,31.48,39.24,36.00,20.00,MAN,0,0,0,0.00,0.00,0.00,0.00,0.00,0.00,0.00,0.00,NaN,NaN,NaN,NaN,NaN,NaN
754.01,31.48,39.24,36.00,20.00,MAN,0,0,0,0.00,0.00,0.00,0.00,0.00,0.00,0.00,0.00,NaN,NaN,NaN,NaN,NaN,NaN
755.01,31.48,39.28,36.00,20.00,MAN,0,0,0,0.00,0.00,0.00,0.00,0.00,0.00,0.00,0.00,NaN,NaN,NaN,NaN,NaN,NaN
756.02,31.46,39.28,36.00,20.00,MAN,0,0,0,0.00,0.00,0.00,0.00,0.00,0.00,0.00,0.00,NaN,NaN,NaN,NaN,NaN,NaN
757.02,31.46,39.28,36.00,20.00,MAN,0,0,0,0.00,0.00,0.00,0.00,0.00,0.00,0.00,0.00,NaN,NaN,NaN,NaN,NaN,NaN
758.02,31.46,39.28,36.00,20.00,MAN,0,0,0,0.00,0.00,0.00,0.00,0.00,0.00,0.00,0.00,NaN,NaN,NaN,NaN,NaN,NaN
759.02,31.46,39.28,36.00,20.00,MAN,0,0,0,0.00,0.00,0.00,0.00,0.00,0.00,0.00,0.00,NaN,NaN,NaN,NaN,NaN,NaN
760.02,31.45,39.28,36.00,20.00,MAN,0,0,0,0.00,0.00,0.00,0.00,0.00,0.00,0.00,0.00,NaN,NaN,NaN,NaN,NaN,NaN
761.03,31.45,39.28,36.00,20.00,MAN,0,0,0,0.00,0.00,0.00,0.00,0.00,0.00,0.00,0.00,NaN,NaN,NaN,NaN,NaN,NaN
762.02,31.44,39.31,36.00,20.00,MAN,0,0,0,0.00,0.00,0.00,0.00,0.00,0.00,0.00,0.00,NaN,NaN,NaN,NaN,NaN,NaN
763.02,31.45,39.31,36.00,20.00,MAN,0,0,0,0.00,0.00,0.00,0.00,0.00,0.00,0.00,0.00,NaN,NaN,NaN,NaN,NaN,NaN
764.03,31.44,39.31,36.00,20.00,MAN,0,0,0,0.00,0.00,0.00,0.00,0.00,0.00,0.00,0.00,NaN,NaN,NaN,NaN,NaN,NaN
765.03,31.44,39.31,36.00,20.00,MAN,0,0,0,0.00,0.00,0.00,0.00,0.00,0.00,0.00,0.00,NaN,NaN,NaN,NaN,NaN,NaN
766.03,31.43,39.31,36.00,20.00,MAN,0,0,0,0.00,0.00,0.00,0.00,0.00,0.00,0.00,0.00,NaN,NaN,NaN,NaN,NaN,NaN
767.03,31.43,39.35,36.00,20.00,MAN,0,0,0,0.00,0.00,0.00,0.00,0.00,0.00,0.00,0.00,NaN,NaN,NaN,NaN,NaN,NaN
768.03,31.43,39.35,36.00,20.00,MAN,0,0,0,0.00,0.00,0.00,0.00,0.00,0.00,0.00,0.00,NaN,NaN,NaN,NaN,NaN,NaN
769.04,31.42,39.35,36.00,20.00,MAN,0,0,0,0.00,0.00,0.00,0.00,0.00,0.00,0.00,0.00,NaN,NaN,NaN,NaN,NaN,NaN
770.04,31.42,39.35,36.00,20.00,MAN,0,0,0,0.00,0.00,0.00,0.00,0.00,0.00,0.00,0.00,NaN,NaN,NaN,NaN,NaN,NaN
771.04,31.42,39.35,36.00,20.00,MAN,0,0,0,0.00,0.00,0.00,0.00,0.00,0.00,0.00,0.00,NaN,NaN,NaN,NaN,NaN,NaN
772.04,31.42,39.35,36.00,20.00,MAN,0,0,0,0.00,0.00,0.00,0.00,0.00,0.00,0.00,0.00,NaN,NaN,NaN,NaN,NaN,NaN
773.04,31.41,39.33,36.00,20.00,MAN,0,0,0,0.00,0.00,0.00,0.00,0.00,0.00,0.00,0.00,NaN,NaN,NaN,NaN,NaN,NaN
774.04,31.41,39.33,36.00,20.00,MAN,0,0,0,0.00,0.00,0.00,0.00,0.00,0.00,0.00,0.00,NaN,NaN,NaN,NaN,NaN,NaN
775.04,31.41,39.33,36.00,20.00,MAN,0,0,0,0.00,0.00,0.00,0.00,0.00,0.00,0.00,0.00,NaN,NaN,NaN,NaN,NaN,NaN
776.04,31.41,39.33,36.00,20.00,MAN,0,0,0,0.00,0.00,0.00,0.00,0.00,0.00,0.00,0.00,NaN,NaN,NaN,NaN,NaN,NaN
777.05,31.40,39.33,36.00,20.00,MAN,0,0,0,0.00,0.00,0.00,0.00,0.00,0.00,0.00,0.00,NaN,NaN,NaN,NaN,NaN,NaN
778.05,31.40,39.33,36.00,20.00,MAN,0,0,0,0.00,0.00,0.00,0.00,0.00,0.00,0.00,0.00,NaN,NaN,NaN,NaN,NaN,NaN
779.05,31.40,39.33,36.00,20.00,MAN,0,0,0,0.00,0.00,0.00,0.00,0.00,0.00,0.00,0.00,NaN,NaN,NaN,NaN,NaN,NaN
780.05,31.40,39.33,36.00,20.00,MAN,0,0,0,0.00,0.00,0.00,0.00,0.00,0.00,0.00,0.00,NaN,NaN,NaN,NaN,NaN,NaN
781.05,31.40,39.33,36.00,20.00,MAN,0,0,0,0.00,0.00,0.00,0.00,0.00,0.00,0.00,0.00,NaN,NaN,NaN,NaN,NaN,NaN
782.06,31.38,39.33,36.00,20.00,MAN,0,0,0,0.00,0.00,0.00,0.00,0.00,0.00,0.00,0.00,NaN,NaN,NaN,NaN,NaN,NaN
783.06,31.38,39.36,36.00,20.00,MAN,0,0,0,0.00,0.00,0.00,0.00,0.00,0.00,0.00,0.00,NaN,NaN,NaN,NaN,NaN,NaN
784.06,31.37,39.36,36.00,20.00,MAN,0,0,0,0.00,0.00,0.00,0.00,0.00,0.00,0.00,0.00,NaN,NaN,NaN,NaN,NaN,NaN
785.06,31.37,39.36,36.00,20.00,MAN,0,0,0,0.00,0.00,0.00,0.00,0.00,0.00,0.00,0.00,NaN,NaN,NaN,NaN,NaN,NaN
786.06,31.37,39.36,36.00,20.00,MAN,0,0,0,0.00,0.00,0.00,0.00,0.00,0.00,0.00,0.00,NaN,NaN,NaN,NaN,NaN,NaN
787.06,31.37,39.39,36.00,20.00,MAN,0,0,0,0.00,0.00,0.00,0.00,0.00,0.00,0.00,0.00,NaN,NaN,NaN,NaN,NaN,NaN
788.07,31.37,39.39,36.00,20.00,MAN,0,0,0,0.00,0.00,0.00,0.00,0.00,0.00,0.00,0.00,NaN,NaN,NaN,NaN,NaN,NaN
789.07,31.36,39.39,36.00,20.00,MAN,0,0,0,0.00,0.00,0.00,0.00,0.00,0.00,0.00,0.00,NaN,NaN,NaN,NaN,NaN,NaN
790.07,31.36,39.39,36.00,20.00,MAN,0,0,0,0.00,0.00,0.00,0.00,0.00,0.00,0.00,0.00,NaN,NaN,NaN,NaN,NaN,NaN
791.07,31.35,39.39,36.00,20.00,MAN,0,0,0,0.00,0.00,0.00,0.00,0.00,0.00,0.00,0.00,NaN,NaN,NaN,NaN,NaN,NaN
792.07,31.35,39.43,36.00,20.00,MAN,0,0,0,0.00,0.00,0.00,0.00,0.00,0.00,0.00,0.00,NaN,NaN,NaN,NaN,NaN,NaN
793.07,31.36,39.43,36.00,20.00,MAN,0,0,0,0.00,0.00,0.00,0.00,0.00,0.00,0.00,0.00,NaN,NaN,NaN,NaN,NaN,NaN
794.07,31.35,39.43,36.00,20.00,MAN,0,0,0,0.00,0.00,0.00,0.00,0.00,0.00,0.00,0.00,NaN,NaN,NaN,NaN,NaN,NaN
795.07,31.35,39.43,36.00,20.00,MAN,0,0,0,0.00,0.00,0.00,0.00,0.00,0.00,0.00,0.00,NaN,NaN,NaN,NaN,NaN,NaN
796.08,31.34,39.43,36.00,20.00,MAN,0,0,0,0.00,0.00,0.00,0.00,0.00,0.00,0.00,0.00,NaN,NaN,NaN,NaN,NaN,NaN
797.08,31.34,39.43,36.00,20.00,MAN,0,0,0,0.00,0.00,0.00,0.00,0.00,0.00,0.00,0.00,NaN,NaN,NaN,NaN,NaN,NaN
798.08,31.34,39.43,36.00,20.00,MAN,0,0,0,0.00,0.00,0.00,0.00,0.00,0.00,0.00,0.00,NaN,NaN,NaN,NaN,NaN,NaN
799.08,31.34,39.43,36.00,20.00,MAN,0,0,0,0.00,0.00,0.00,0.00,0.00,0.00,0.00,0.00,NaN,NaN,NaN,NaN,NaN,NaN
800.08,31.33,39.43,36.00,20.00,MAN,0,0,0,0.00,0.00,0.00,0.00,0.00,0.00,0.00,0.00,NaN,NaN,NaN,NaN,NaN,NaN
801.09,31.33,39.43,36.00,20.00,MAN,0,0,0,0.00,0.00,0.00,0.00,0.00,0.00,0.00,0.00,NaN,NaN,NaN,NaN,NaN,NaN
802.09,31.33,39.43,36.00,20.00,MAN,0,0,0,0.00,0.00,0.00,0.00,0.00,0.00,0.00,0.00,NaN,NaN,NaN,NaN,NaN,NaN
803.09,31.33,39.39,36.00,20.00,MAN,0,0,0,0.00,0.00,0.00,0.00,0.00,0.00,0.00,0.00,NaN,NaN,NaN,NaN,NaN,NaN
804.09,31.31,39.39,36.00,20.00,MAN,0,0,0,0.00,0.00,0.00,0.00,0.00,0.00,0.00,0.00,NaN,NaN,NaN,NaN,NaN,NaN
805.09,31.31,39.39,36.00,20.00,MAN,0,0,0,0.00,0.00,0.00,0.00,0.00,0.00,0.00,0.00,NaN,NaN,NaN,NaN,NaN,NaN
806.09,31.31,39.39,36.00,20.00,MAN,0,0,0,0.00,0.00,0.00,0.00,0.00,0.00,0.00,0.00,NaN,NaN,NaN,NaN,NaN,NaN
807.10,31.30,39.43,36.00,20.00,MAN,0,0,0,0.00,0.00,0.00,0.00,0.00,0.00,0.00,0.00,NaN,NaN,NaN,NaN,NaN,NaN
808.09,31.30,39.43,36.00,20.00,MAN,0,0,0,0.00,0.00,0.00,0.00,0.00,0.00,0.00,0.00,NaN,NaN,NaN,NaN,NaN,NaN
809.10,31.30,39.43,36.00,20.00,MAN,0,0,0,0.00,0.00,0.00,0.00,0.00,0.00,0.00,0.00,NaN,NaN,NaN,NaN,NaN,NaN
810.10,31.30,39.43,36.00,20.00,MAN,0,0,0,0.00,0.00,0.00,0.00,0.00,0.00,0.00,0.00,NaN,NaN,NaN,NaN,NaN,NaN
811.10,31.29,39.43,36.00,20.00,MAN,0,0,0,0.00,0.00,0.00,0.00,0.00,0.00,0.00,0.00,NaN,NaN,NaN,NaN,NaN,NaN
812.10,31.29,39.43,36.00,20.00,MAN,0,0,0,0.00,0.00,0.00,0.00,0.00,0.00,0.00,0.00,NaN,NaN,NaN,NaN,NaN,NaN
813.10,31.29,39.43,36.00,20.00,MAN,0,0,0,0.00,0.00,0.00,0.00,0.00,0.00,0.00,0.00,NaN,NaN,NaN,NaN,NaN,NaN
814.11,31.28,39.46,36.00,20.00,MAN,0,0,0,0.00,0.00,0.00,0.00,0.00,0.00,0.00,0.00,NaN,NaN,NaN,NaN,NaN,NaN
815.11,31.28,39.46,36.00,20.00,MAN,0,0,0,0.00,0.00,0.00,0.00,0.00,0.00,0.00,0.00,NaN,NaN,NaN,NaN,NaN,NaN
816.11,31.28,39.46,36.00,20.00,MAN,0,0,0,0.00,0.00,0.00,0.00,0.00,0.00,0.00,0.00,NaN,NaN,NaN,NaN,NaN,NaN
817.11,31.28,39.46,36.00,20.00,MAN,0,0,0,0.00,0.00,0.00,0.00,0.00,0.00,0.00,0.00,NaN,NaN,NaN,NaN,NaN,NaN
818.11,31.28,39.46,36.00,20.00,MAN,0,0,0,0.00,0.00,0.00,0.00,0.00,0.00,0.00,0.00,NaN,NaN,NaN,NaN,NaN,NaN
819.11,31.28,39.46,36.00,20.00,MAN,0,0,0,0.00,0.00,0.00,0.00,0.00,0.00,0.00,0.00,NaN,NaN,NaN,NaN,NaN,NaN
820.12,31.27,39.49,36.00,20.00,MAN,0,0,0,0.00,0.00,0.00,0.00,0.00,0.00,0.00,0.00,NaN,NaN,NaN,NaN,NaN,NaN
821.12,31.27,39.49,36.00,20.00,MAN,0,0,0,0.00,0.00,0.00,0.00,0.00,0.00,0.00,0.00,NaN,NaN,NaN,NaN,NaN,NaN
822.12,31.27,39.49,36.00,20.00,MAN,0,0,0,0.00,0.00,0.00,0.00,0.00,0.00,0.00,0.00,NaN,NaN,NaN,NaN,NaN,NaN
823.12,31.26,39.49,36.00,20.00,MAN,0,0,0,0.00,0.00,0.00,0.00,0.00,0.00,0.00,0.00,NaN,NaN,NaN,NaN,NaN,NaN
824.12,31.26,39.49,36.00,20.00,MAN,0,0,0,0.00,0.00,0.00,0.00,0.00,0.00,0.00,0.00,NaN,NaN,NaN,NaN,NaN,NaN
825.12,31.26,39.49,36.00,20.00,MAN,0,0,0,0.00,0.00,0.00,0.00,0.00,0.00,0.00,0.00,NaN,NaN,NaN,NaN,NaN,NaN
826.12,31.26,39.49,36.00,20.00,MAN,0,0,0,0.00,0.00,0.00,0.00,0.00,0.00,0.00,0.00,NaN,NaN,NaN,NaN,NaN,NaN
827.12,31.25,39.49,36.00,20.00,MAN,0,0,0,0.00,0.00,0.00,0.00,0.00,0.00,0.00,0.00,NaN,NaN,NaN,NaN,NaN,NaN
828.13,31.25,39.52,36.00,20.00,MAN,0,0,0,0.00,0.00,0.00,0.00,0.00,0.00,0.00,0.00,NaN,NaN,NaN,NaN,NaN,NaN
829.13,31.25,39.52,36.00,20.00,MAN,0,0,0,0.00,0.00,0.00,0.00,0.00,0.00,0.00,0.00,NaN,NaN,NaN,NaN,NaN,NaN
830.13,31.24,39.52,36.00,20.00,MAN,0,0,0,0.00,0.00,0.00,0.00,0.00,0.00,0.00,0.00,NaN,NaN,NaN,NaN,NaN,NaN
831.13,31.24,39.52,36.00,20.00,MAN,0,0,0,0.00,0.00,0.00,0.00,0.00,0.00,0.00,0.00,NaN,NaN,NaN,NaN,NaN,NaN
832.13,31.24,39.52,36.00,20.00,MAN,0,0,0,0.00,0.00,0.00,0.00,0.00,0.00,0.00,0.00,NaN,NaN,NaN,NaN,NaN,NaN
833.14,31.24,39.52,36.00,20.00,MAN,0,0,0,0.00,0.00,0.00,0.00,0.00,0.00,0.00,0.00,NaN,NaN,NaN,NaN,NaN,NaN
834.14,31.23,39.52,36.00,20.00,MAN,0,0,0,0.00,0.00,0.00,0.00,0.00,0.00,0.00,0.00,NaN,NaN,NaN,NaN,NaN,NaN
835.14,31.23,39.52,36.00,20.00,MAN,0,0,0,0.00,0.00,0.00,0.00,0.00,0.00,0.00,0.00,NaN,NaN,NaN,NaN,NaN,NaN
836.14,31.23,39.52,36.00,20.00,MAN,0,0,0,0.00,0.00,0.00,0.00,0.00,0.00,0.00,0.00,NaN,NaN,NaN,NaN,NaN,NaN
837.14,31.23,39.52,36.00,20.00,MAN,0,0,0,0.00,0.00,0.00,0.00,0.00,0.00,0.00,0.00,NaN,NaN,NaN,NaN,NaN,NaN
838.14,31.22,39.59,36.00,20.00,MAN,0,0,0,0.00,0.00,0.00,0.00,0.00,0.00,0.00,0.00,NaN,NaN,NaN,NaN,NaN,NaN
839.14,31.22,39.57,36.00,20.00,MAN,0,0,0,0.00,0.00,0.00,0.00,0.00,0.00,0.00,0.00,NaN,NaN,NaN,NaN,NaN,NaN
840.14,31.22,39.57,36.00,20.00,MAN,0,0,0,0.00,0.00,0.00,0.00,0.00,0.00,0.00,0.00,NaN,NaN,NaN,NaN,NaN,NaN
841.15,31.22,39.57,36.00,20.00,MAN,0,0,0,0.00,0.00,0.00,0.00,0.00,0.00,0.00,0.00,NaN,NaN,NaN,NaN,NaN,NaN
842.15,31.21,39.61,36.00,20.00,MAN,0,0,0,0.00,0.00,0.00,0.00,0.00,0.00,0.00,0.00,NaN,NaN,NaN,NaN,NaN,NaN
843.15,31.21,39.57,36.00,20.00,MAN,0,0,0,0.00,0.00,0.00,0.00,0.00,0.00,0.00,0.00,NaN,NaN,NaN,NaN,NaN,NaN
844.15,31.21,39.57,36.00,20.00,MAN,0,0,0,0.00,0.00,0.00,0.00,0.00,0.00,0.00,0.00,NaN,NaN,NaN,NaN,NaN,NaN
845.15,31.20,39.57,36.00,20.00,MAN,0,0,0,0.00,0.00,0.00,0.00,0.00,0.00,0.00,0.00,NaN,NaN,NaN,NaN,NaN,NaN
846.16,31.20,39.57,36.00,20.00,MAN,0,0,0,0.00,0.00,0.00,0.00,0.00,0.00,0.00,0.00,NaN,NaN,NaN,NaN,NaN,NaN
847.16,31.20,39.57,36.00,20.00,MAN,0,0,0,0.00,0.00,0.00,0.00,0.00,0.00,0.00,0.00,NaN,NaN,NaN,NaN,NaN,NaN
848.16,31.19,39.57,36.00,20.00,MAN,0,0,0,0.00,0.00,0.00,0.00,0.00,0.00,0.00,0.00,NaN,NaN,NaN,NaN,NaN,NaN
849.16,31.19,39.57,36.00,20.00,MAN,0,0,0,0.00,0.00,0.00,0.00,0.00,0.00,0.00,0.00,NaN,NaN,NaN,NaN,NaN,NaN
850.16,31.19,39.57,36.00,20.00,MAN,0,0,0,0.00,0.00,0.00,0.00,0.00,0.00,0.00,0.00,NaN,NaN,NaN,NaN,NaN,NaN
851.16,31.19,39.57,36.00,20.00,MAN,0,0,0,0.00,0.00,0.00,0.00,0.00,0.00,0.00,0.00,NaN,NaN,NaN,NaN,NaN,NaN
852.17,31.18,39.57,36.00,20.00,MAN,0,0,0,0.00,0.00,0.00,0.00,0.00,0.00,0.00,0.00,NaN,NaN,NaN,NaN,NaN,NaN
853.17,31.18,39.57,36.00,20.00,MAN,0,0,0,0.00,0.00,0.00,0.00,0.00,0.00,0.00,0.00,NaN,NaN,NaN,NaN,NaN,NaN
854.17,31.18,39.57,36.00,20.00,MAN,0,0,0,0.00,0.00,0.00,0.00,0.00,0.00,0.00,0.00,NaN,NaN,NaN,NaN,NaN,NaN
855.17,31.16,39.57,36.00,20.00,MAN,0,0,0,0.00,0.00,0.00,0.00,0.00,0.00,0.00,0.00,NaN,NaN,NaN,NaN,NaN,NaN
856.17,31.16,39.57,36.00,20.00,MAN,0,0,0,0.00,0.00,0.00,0.00,0.00,0.00,0.00,0.00,NaN,NaN,NaN,NaN,NaN,NaN
857.17,31.16,39.61,36.00,20.00,MAN,0,0,0,0.00,0.00,0.00,0.00,0.00,0.00,0.00,0.00,NaN,NaN,NaN,NaN,NaN,NaN
858.18,31.16,39.61,36.00,20.00,MAN,0,0,0,0.00,0.00,0.00,0.00,0.00,0.00,0.00,0.00,NaN,NaN,NaN,NaN,NaN,NaN
859.17,31.16,39.61,36.00,20.00,MAN,0,0,0,0.00,0.00,0.00,0.00,0.00,0.00,0.00,0.00,NaN,NaN,NaN,NaN,NaN,NaN
860.18,31.16,39.61,36.00,20.00,MAN,0,0,0,0.00,0.00,0.00,0.00,0.00,0.00,0.00,0.00,NaN,NaN,NaN,NaN,NaN,NaN
861.18,31.15,39.61,36.00,20.00,MAN,0,0,0,0.00,0.00,0.00,0.00,0.00,0.00,0.00,0.00,NaN,NaN,NaN,NaN,NaN,NaN
862.18,31.15,39.64,36.00,20.00,MAN,0,0,0,0.00,0.00,0.00,0.00,0.00,0.00,0.00,0.00,NaN,NaN,NaN,NaN,NaN,NaN
863.18,31.15,39.64,36.00,20.00,MAN,0,0,0,0.00,0.00,0.00,0.00,0.00,0.00,0.00,0.00,NaN,NaN,NaN,NaN,NaN,NaN
864.18,31.14,39.64,36.00,20.00,MAN,0,0,0,0.00,0.00,0.00,0.00,0.00,0.00,0.00,0.00,NaN,NaN,NaN,NaN,NaN,NaN
865.19,31.15,39.64,36.00,20.00,MAN,0,0,0,0.00,0.00,0.00,0.00,0.00,0.00,0.00,0.00,NaN,NaN,NaN,NaN,NaN,NaN
866.19,31.14,39.64,36.00,20.00,MAN,0,0,0,0.00,0.00,0.00,0.00,0.00,0.00,0.00,0.00,NaN,NaN,NaN,NaN,NaN,NaN
867.19,31.14,39.64,36.00,20.00,MAN,0,0,0,0.00,0.00,0.00,0.00,0.00,0.00,0.00,0.00,NaN,NaN,NaN,NaN,NaN,NaN
868.19,31.14,39.64,36.00,20.00,MAN,0,0,0,0.00,0.00,0.00,0.00,0.00,0.00,0.00,0.00,NaN,NaN,NaN,NaN,NaN,NaN
869.19,31.14,39.61,36.00,20.00,MAN,0,0,0,0.00,0.00,0.00,0.00,0.00,0.00,0.00,0.00,NaN,NaN,NaN,NaN,NaN,NaN
870.19,31.13,39.61,36.00,20.00,MAN,0,0,0,0.00,0.00,0.00,0.00,0.00,0.00,0.00,0.00,NaN,NaN,NaN,NaN,NaN,NaN
871.19,31.13,39.61,36.00,20.00,MAN,0,0,0,0.00,0.00,0.00,0.00,0.00,0.00,0.00,0.00,NaN,NaN,NaN,NaN,NaN,NaN
872.20,31.13,39.64,36.00,20.00,MAN,0,0,0,0.00,0.00,0.00,0.00,0.00,0.00,0.00,0.00,NaN,NaN,NaN,NaN,NaN,NaN
873.20,31.12,39.64,36.00,20.00,MAN,0,0,0,0.00,0.00,0.00,0.00,0.00,0.00,0.00,0.00,NaN,NaN,NaN,NaN,NaN,NaN
874.20,31.12,39.64,36.00,20.00,MAN,0,0,0,0.00,0.00,0.00,0.00,0.00,0.00,0.00,0.00,NaN,NaN,NaN,NaN,NaN,NaN
875.20,31.11,39.64,36.00,20.00,MAN,0,0,0,0.00,0.00,0.00,0.00,0.00,0.00,0.00,0.00,NaN,NaN,NaN,NaN,NaN,NaN
876.20,31.11,39.64,36.00,20.00,MAN,0,0,0,0.00,0.00,0.00,0.00,0.00,0.00,0.00,0.00,NaN,NaN,NaN,NaN,NaN,NaN
877.20,31.11,39.68,36.00,20.00,MAN,0,0,0,0.00,0.00,0.00,0.00,0.00,0.00,0.00,0.00,NaN,NaN,NaN,NaN,NaN,NaN
878.21,31.11,39.68,36.00,20.00,MAN,0,0,0,0.00,0.00,0.00,0.00,0.00,0.00,0.00,0.00,NaN,NaN,NaN,NaN,NaN,NaN
879.21,31.11,39.68,36.00,20.00,MAN,0,0,0,0.00,0.00,0.00,0.00,0.00,0.00,0.00,0.00,NaN,NaN,NaN,NaN,NaN,NaN
880.21,31.11,39.68,36.00,20.00,MAN,0,0,0,0.00,0.00,0.00,0.00,0.00,0.00,0.00,0.00,NaN,NaN,NaN,NaN,NaN,NaN
881.21,31.10,39.68,36.00,20.00,MAN,0,0,0,0.00,0.00,0.00,0.00,0.00,0.00,0.00,0.00,NaN,NaN,NaN,NaN,NaN,NaN
882.21,31.10,39.68,36.00,20.00,MAN,0,0,0,0.00,0.00,0.00,0.00,0.00,0.00,0.00,0.00,NaN,NaN,NaN,NaN,NaN,NaN
883.21,31.10,39.68,36.00,20.00,MAN,0,0,0,0.00,0.00,0.00,0.00,0.00,0.00,0.00,0.00,NaN,NaN,NaN,NaN,NaN,NaN
884.22,31.10,39.68,36.00,20.00,MAN,0,0,0,0.00,0.00,0.00,0.00,0.00,0.00,0.00,0.00,NaN,NaN,NaN,NaN,NaN,NaN
885.22,31.09,39.68,36.00,20.00,MAN,0,0,0,0.00,0.00,0.00,0.00,0.00,0.00,0.00,0.00,NaN,NaN,NaN,NaN,NaN,NaN
886.22,31.09,39.68,36.00,20.00,MAN,0,0,0,0.00,0.00,0.00,0.00,0.00,0.00,0.00,0.00,NaN,NaN,NaN,NaN,NaN,NaN
887.22,31.09,39.68,36.00,20.00,MAN,0,0,0,0.00,0.00,0.00,0.00,0.00,0.00,0.00,0.00,NaN,NaN,NaN,NaN,NaN,NaN
888.22,31.09,39.68,36.00,20.00,MAN,0,0,0,0.00,0.00,0.00,0.00,0.00,0.00,0.00,0.00,NaN,NaN,NaN,NaN,NaN,NaN
889.22,31.08,39.68,36.00,20.00,MAN,0,0,0,0.00,0.00,0.00,0.00,0.00,0.00,0.00,0.00,NaN,NaN,NaN,NaN,NaN,NaN
890.22,31.08,39.68,36.00,20.00,MAN,0,0,0,0.00,0.00,0.00,0.00,0.00,0.00,0.00,0.00,NaN,NaN,NaN,NaN,NaN,NaN
891.22,31.08,39.68,36.00,20.00,MAN,0,0,0,0.00,0.00,0.00,0.00,0.00,0.00,0.00,0.00,NaN,NaN,NaN,NaN,NaN,NaN
892.23,31.08,39.68,36.00,20.00,MAN,0,0,0,0.00,0.00,0.00,0.00,0.00,0.00,0.00,0.00,NaN,NaN,NaN,NaN,NaN,NaN
893.23,31.08,39.68,36.00,20.00,MAN,0,0,0,0.00,0.00,0.00,0.00,0.00,0.00,0.00,0.00,NaN,NaN,NaN,NaN,NaN,NaN
894.23,31.07,39.68,36.00,20.00,MAN,0,0,0,0.00,0.00,0.00,0.00,0.00,0.00,0.00,0.00,NaN,NaN,NaN,NaN,NaN,NaN
895.23,31.07,39.68,36.00,20.00,MAN,0,0,0,0.00,0.00,0.00,0.00,0.00,0.00,0.00,0.00,NaN,NaN,NaN,NaN,NaN,NaN
896.23,31.07,39.65,36.00,20.00,MAN,0,0,0,0.00,0.00,0.00,0.00,0.00,0.00,0.00,0.00,NaN,NaN,NaN,NaN,NaN,NaN
897.24,31.06,39.65,36.00,20.00,MAN,0,0,0,0.00,0.00,0.00,0.00,0.00,0.00,0.00,0.00,NaN,NaN,NaN,NaN,NaN,NaN
898.24,31.06,39.65,36.00,20.00,MAN,0,0,0,0.00,0.00,0.00,0.00,0.00,0.00,0.00,0.00,NaN,NaN,NaN,NaN,NaN,NaN
899.24,31.06,39.65,36.00,20.00,MAN,0,0,0,0.00,0.00,0.00,0.00,0.00,0.00,0.00,0.00,NaN,NaN,NaN,NaN,NaN,NaN
900.24,31.06,39.65,36.00,20.00,MAN,0,0,0,0.00,0.00,0.00,0.00,0.00,0.00,0.00,0.00,NaN,NaN,NaN,NaN,NaN,NaN
901.24,31.05,39.65,36.00,20.00,MAN,0,0,0,0.00,0.00,0.00,0.00,0.00,0.00,0.00,0.00,NaN,NaN,NaN,NaN,NaN,NaN
902.24,31.06,39.65,36.00,20.00,MAN,0,0,0,0.00,0.00,0.00,0.00,0.00,0.00,0.00,0.00,NaN,NaN,NaN,NaN,NaN,NaN
903.24,31.05,39.65,36.00,20.00,MAN,0,0,0,0.00,0.00,0.00,0.00,0.00,0.00,0.00,0.00,NaN,NaN,NaN,NaN,NaN,NaN
904.24,31.05,39.65,36.00,20.00,MAN,0,0,0,0.00,0.00,0.00,0.00,0.00,0.00,0.00,0.00,NaN,NaN,NaN,NaN,NaN,NaN
905.25,31.05,39.65,36.00,20.00,MAN,0,0,0,0.00,0.00,0.00,0.00,0.00,0.00,0.00,0.00,NaN,NaN,NaN,NaN,NaN,NaN
906.25,31.05,39.68,36.00,20.00,MAN,0,0,0,0.00,0.00,0.00,0.00,0.00,0.00,0.00,0.00,NaN,NaN,NaN,NaN,NaN,NaN
907.25,31.04,39.68,36.00,20.00,MAN,0,0,0,0.00,0.00,0.00,0.00,0.00,0.00,0.00,0.00,NaN,NaN,NaN,NaN,NaN,NaN
908.25,31.04,39.68,36.00,20.00,MAN,0,0,0,0.00,0.00,0.00,0.00,0.00,0.00,0.00,0.00,NaN,NaN,NaN,NaN,NaN,NaN
909.25,31.04,39.68,36.00,20.00,MAN,0,0,0,0.00,0.00,0.00,0.00,0.00,0.00,0.00,0.00,NaN,NaN,NaN,NaN,NaN,NaN
910.26,31.04,39.68,36.00,20.00,MAN,0,0,0,0.00,0.00,0.00,0.00,0.00,0.00,0.00,0.00,NaN,NaN,NaN,NaN,NaN,NaN
911.26,31.02,39.72,36.00,20.00,MAN,0,0,0,0.00,0.00,0.00,0.00,0.00,0.00,0.00,0.00,NaN,NaN,NaN,NaN,NaN,NaN
912.26,31.02,39.72,36.00,20.00,MAN,0,0,0,0.00,0.00,0.00,0.00,0.00,0.00,0.00,0.00,NaN,NaN,NaN,NaN,NaN,NaN
913.26,31.01,39.72,36.00,20.00,MAN,0,0,0,0.00,0.00,0.00,0.00,0.00,0.00,0.00,0.00,NaN,NaN,NaN,NaN,NaN,NaN
914.26,31.01,39.72,36.00,20.00,MAN,0,0,0,0.00,0.00,0.00,0.00,0.00,0.00,0.00,0.00,NaN,NaN,NaN,NaN,NaN,NaN
915.26,31.01,39.72,36.00,20.00,MAN,0,0,0,0.00,0.00,0.00,0.00,0.00,0.00,0.00,0.00,NaN,NaN,NaN,NaN,NaN,NaN
916.27,31.01,39.72,36.00,20.00,MAN,0,0,0,0.00,0.00,0.00,0.00,0.00,0.00,0.00,0.00,NaN,NaN,NaN,NaN,NaN,NaN
917.27,31.00,39.72,36.00,20.00,MAN,0,0,0,0.00,0.00,0.00,0.00,0.00,0.00,0.00,0.00,NaN,NaN,NaN,NaN,NaN,NaN
918.27,31.00,39.72,36.00,20.00,MAN,0,0,0,0.00,0.00,0.00,0.00,0.00,0.00,0.00,0.00,NaN,NaN,NaN,NaN,NaN,NaN
919.27,31.00,39.72,36.00,20.00,MAN,0,0,0,0.00,0.00,0.00,0.00,0.00,0.00,0.00,0.00,NaN,NaN,NaN,NaN,NaN,NaN
920.27,31.00,39.72,36.00,20.00,MAN,0,0,0,0.00,0.00,0.00,0.00,0.00,0.00,0.00,0.00,NaN,NaN,NaN,NaN,NaN,NaN
921.27,31.00,39.72,36.00,20.00,MAN,0,0,0,0.00,0.00,0.00,0.00,0.00,0.00,0.00,0.00,NaN,NaN,NaN,NaN,NaN,NaN
922.27,31.00,39.72,36.00,20.00,MAN,0,0,0,0.00,0.00,0.00,0.00,0.00,0.00,0.00,0.00,NaN,NaN,NaN,NaN,NaN,NaN
923.27,30.99,39.72,36.00,20.00,MAN,0,0,0,0.00,0.00,0.00,0.00,0.00,0.00,0.00,0.00,NaN,NaN,NaN,NaN,NaN,NaN
924.28,30.99,39.72,36.00,20.00,MAN,0,0,0,0.00,0.00,0.00,0.00,0.00,0.00,0.00,0.00,NaN,NaN,NaN,NaN,NaN,NaN
925.28,30.99,39.72,36.00,20.00,MAN,0,0,0,0.00,0.00,0.00,0.00,0.00,0.00,0.00,0.00,NaN,NaN,NaN,NaN,NaN,NaN
926.28,30.98,39.72,36.00,20.00,MAN,0,0,0,0.00,0.00,0.00,0.00,0.00,0.00,0.00,0.00,NaN,NaN,NaN,NaN,NaN,NaN
927.28,30.98,39.72,36.00,20.00,MAN,0,0,0,0.00,0.00,0.00,0.00,0.00,0.00,0.00,0.00,NaN,NaN,NaN,NaN,NaN,NaN
928.28,30.98,39.75,36.00,20.00,MAN,0,0,0,0.00,0.00,0.00,0.00,0.00,0.00,0.00,0.00,NaN,NaN,NaN,NaN,NaN,NaN
929.29,30.98,39.75,36.00,20.00,MAN,0,0,0,0.00,0.00,0.00,0.00,0.00,0.00,0.00,0.00,NaN,NaN,NaN,NaN,NaN,NaN
930.29,30.97,39.75,36.00,20.00,MAN,0,0,0,0.00,0.00,0.00,0.00,0.00,0.00,0.00,0.00,NaN,NaN,NaN,NaN,NaN,NaN
931.29,30.98,39.75,36.00,20.00,MAN,0,0,0,0.00,0.00,0.00,0.00,0.00,0.00,0.00,0.00,NaN,NaN,NaN,NaN,NaN,NaN
932.29,30.97,39.75,36.00,20.00,MAN,0,0,0,0.00,0.00,0.00,0.00,0.00,0.00,0.00,0.00,NaN,NaN,NaN,NaN,NaN,NaN
933.29,30.97,39.75,36.00,20.00,MAN,0,0,0,0.00,0.00,0.00,0.00,0.00,0.00,0.00,0.00,NaN,NaN,NaN,NaN,NaN,NaN
934.29,30.96,39.75,36.00,20.00,MAN,0,0,0,0.00,0.00,0.00,0.00,0.00,0.00,0.00,0.00,NaN,NaN,NaN,NaN,NaN,NaN
935.30,30.97,39.75,36.00,20.00,MAN,0,0,0,0.00,0.00,0.00,0.00,0.00,0.00,0.00,0.00,NaN,NaN,NaN,NaN,NaN,NaN
936.29,30.96,39.75,36.00,20.00,MAN,0,0,0,0.00,0.00,0.00,0.00,0.00,0.00,0.00,0.00,NaN,NaN,NaN,NaN,NaN,NaN
937.30,30.96,39.75,36.00,20.00,MAN,0,0,0,0.00,0.00,0.00,0.00,0.00,0.00,0.00,0.00,NaN,NaN,NaN,NaN,NaN,NaN
938.30,30.96,39.75,36.00,20.00,MAN,0,0,0,0.00,0.00,0.00,0.00,0.00,0.00,0.00,0.00,NaN,NaN,NaN,NaN,NaN,NaN
939.30,30.95,39.79,36.00,20.00,MAN,0,0,0,0.00,0.00,0.00,0.00,0.00,0.00,0.00,0.00,NaN,NaN,NaN,NaN,NaN,NaN
940.30,30.95,39.79,36.00,20.00,MAN,0,0,0,0.00,0.00,0.00,0.00,0.00,0.00,0.00,0.00,NaN,NaN,NaN,NaN,NaN,NaN
941.30,30.95,39.79,36.00,20.00,MAN,0,0,0,0.00,0.00,0.00,0.00,0.00,0.00,0.00,0.00,NaN,NaN,NaN,NaN,NaN,NaN
942.31,30.95,39.79,36.00,20.00,MAN,0,0,0,0.00,0.00,0.00,0.00,0.00,0.00,0.00,0.00,NaN,NaN,NaN,NaN,NaN,NaN
943.31,30.94,39.79,36.00,20.00,MAN,0,0,0,0.00,0.00,0.00,0.00,0.00,0.00,0.00,0.00,NaN,NaN,NaN,NaN,NaN,NaN
944.31,30.94,39.79,36.00,20.00,MAN,0,0,0,0.00,0.00,0.00,0.00,0.00,0.00,0.00,0.00,NaN,NaN,NaN,NaN,NaN,NaN
945.31,30.94,39.79,36.00,20.00,MAN,0,0,0,0.00,0.00,0.00,0.00,0.00,0.00,0.00,0.00,NaN,NaN,NaN,NaN,NaN,NaN
946.31,30.94,39.79,36.00,20.00,MAN,0,0,0,0.00,0.00,0.00,0.00,0.00,0.00,0.00,0.00,NaN,NaN,NaN,NaN,NaN,NaN
947.31,30.94,39.79,36.00,20.00,MAN,0,0,0,0.00,0.00,0.00,0.00,0.00,0.00,0.00,0.00,NaN,NaN,NaN,NaN,NaN,NaN
948.32,30.93,39.79,36.00,20.00,MAN,0,0,0,0.00,0.00,0.00,0.00,0.00,0.00,0.00,0.00,NaN,NaN,NaN,NaN,NaN,NaN
949.32,30.93,39.79,36.00,20.00,MAN,0,0,0,0.00,0.00,0.00,0.00,0.00,0.00,0.00,0.00,NaN,NaN,NaN,NaN,NaN,NaN
950.32,30.93,39.79,36.00,20.00,MAN,0,0,0,0.00,0.00,0.00,0.00,0.00,0.00,0.00,0.00,NaN,NaN,NaN,NaN,NaN,NaN
951.32,30.93,39.79,36.00,20.00,MAN,0,0,0,0.00,0.00,0.00,0.00,0.00,0.00,0.00,0.00,NaN,NaN,NaN,NaN,NaN,NaN
952.32,30.92,39.82,36.00,20.00,MAN,0,0,0,0.00,0.00,0.00,0.00,0.00,0.00,0.00,0.00,NaN,NaN,NaN,NaN,NaN,NaN
953.33,30.92,39.82,36.00,20.00,MAN,0,0,0,0.00,0.00,0.00,0.00,0.00,0.00,0.00,0.00,NaN,NaN,NaN,NaN,NaN,NaN
954.32,30.92,39.82,36.00,20.00,MAN,0,0,0,0.00,0.00,0.00,0.00,0.00,0.00,0.00,0.00,NaN,NaN,NaN,NaN,NaN,NaN
955.33,30.92,39.82,36.00,20.00,MAN,0,0,0,0.00,0.00,0.00,0.00,0.00,0.00,0.00,0.00,NaN,NaN,NaN,NaN,NaN,NaN
956.33,30.92,39.82,36.00,20.00,MAN,0,0,0,0.00,0.00,0.00,0.00,0.00,0.00,0.00,0.00,NaN,NaN,NaN,NaN,NaN,NaN
957.33,30.91,39.85,36.00,20.00,MAN,0,0,0,0.00,0.00,0.00,0.00,0.00,0.00,0.00,0.00,NaN,NaN,NaN,NaN,NaN,NaN
958.33,30.91,39.85,36.00,20.00,MAN,0,0,0,0.00,0.00,0.00,0.00,0.00,0.00,0.00,0.00,NaN,NaN,NaN,NaN,NaN,NaN
959.33,30.91,39.85,36.00,20.00,MAN,0,0,0,0.00,0.00,0.00,0.00,0.00,0.00,0.00,0.00,NaN,NaN,NaN,NaN,NaN,NaN
960.33,30.90,39.85,36.00,20.00,MAN,0,0,0,0.00,0.00,0.00,0.00,0.00,0.00,0.00,0.00,NaN,NaN,NaN,NaN,NaN,NaN
961.34,30.90,39.85,36.00,20.00,MAN,0,0,0,0.00,0.00,0.00,0.00,0.00,0.00,0.00,0.00,NaN,NaN,NaN,NaN,NaN,NaN
962.34,30.90,39.85,36.00,20.00,MAN,0,0,0,0.00,0.00,0.00,0.00,0.00,0.00,0.00,0.00,NaN,NaN,NaN,NaN,NaN,NaN
963.34,30.89,39.85,36.00,20.00,MAN,0,0,0,0.00,0.00,0.00,0.00,0.00,0.00,0.00,0.00,NaN,NaN,NaN,NaN,NaN,NaN
964.34,30.89,39.85,36.00,20.00,MAN,0,0,0,0.00,0.00,0.00,0.00,0.00,0.00,0.00,0.00,NaN,NaN,NaN,NaN,NaN,NaN
965.34,30.89,39.89,36.00,20.00,MAN,0,0,0,0.00,0.00,0.00,0.00,0.00,0.00,0.00,0.00,NaN,NaN,NaN,NaN,NaN,NaN
966.34,30.89,39.85,36.00,20.00,MAN,0,0,0,0.00,0.00,0.00,0.00,0.00,0.00,0.00,0.00,NaN,NaN,NaN,NaN,NaN,NaN
967.35,30.89,39.85,36.00,20.00,MAN,0,0,0,0.00,0.00,0.00,0.00,0.00,0.00,0.00,0.00,NaN,NaN,NaN,NaN,NaN,NaN
968.34,30.87,39.85,36.00,20.00,MAN,0,0,0,0.00,0.00,0.00,0.00,0.00,0.00,0.00,0.00,NaN,NaN,NaN,NaN,NaN,NaN
969.35,30.89,39.84,36.00,20.00,MAN,0,0,0,0.00,0.00,0.00,0.00,0.00,0.00,0.00,0.00,NaN,NaN,NaN,NaN,NaN,NaN
970.35,30.87,39.84,36.00,20.00,MAN,0,0,0,0.00,0.00,0.00,0.00,0.00,0.00,0.00,0.00,NaN,NaN,NaN,NaN,NaN,NaN
971.35,30.87,39.84,36.00,20.00,MAN,0,0,0,0.00,0.00,0.00,0.00,0.00,0.00,0.00,0.00,NaN,NaN,NaN,NaN,NaN,NaN
972.35,30.87,39.84,36.00,20.00,MAN,0,0,0,0.00,0.00,0.00,0.00,0.00,0.00,0.00,0.00,NaN,NaN,NaN,NaN,NaN,NaN
973.35,30.86,39.84,36.00,20.00,MAN,0,0,0,0.00,0.00,0.00,0.00,0.00,0.00,0.00,0.00,NaN,NaN,NaN,NaN,NaN,NaN
974.36,30.86,39.84,36.00,20.00,MAN,0,0,0,0.00,0.00,0.00,0.00,0.00,0.00,0.00,0.00,NaN,NaN,NaN,NaN,NaN,NaN
975.36,30.86,39.84,36.00,20.00,MAN,0,0,0,0.00,0.00,0.00,0.00,0.00,0.00,0.00,0.00,NaN,NaN,NaN,NaN,NaN,NaN
976.36,30.86,39.84,36.00,20.00,MAN,0,0,0,0.00,0.00,0.00,0.00,0.00,0.00,0.00,0.00,NaN,NaN,NaN,NaN,NaN,NaN
977.36,30.85,39.84,36.00,20.00,MAN,0,0,0,0.00,0.00,0.00,0.00,0.00,0.00,0.00,0.00,NaN,NaN,NaN,NaN,NaN,NaN
978.36,30.85,39.84,36.00,20.00,MAN,0,0,0,0.00,0.00,0.00,0.00,0.00,0.00,0.00,0.00,NaN,NaN,NaN,NaN,NaN,NaN
979.36,30.85,39.84,36.00,20.00,MAN,0,0,0,0.00,0.00,0.00,0.00,0.00,0.00,0.00,0.00,NaN,NaN,NaN,NaN,NaN,NaN
980.37,30.85,39.87,36.00,20.00,MAN,0,0,0,0.00,0.00,0.00,0.00,0.00,0.00,0.00,0.00,NaN,NaN,NaN,NaN,NaN,NaN
981.36,30.84,39.87,36.00,20.00,MAN,0,0,0,0.00,0.00,0.00,0.00,0.00,0.00,0.00,0.00,NaN,NaN,NaN,NaN,NaN,NaN
982.37,30.84,39.87,36.00,20.00,MAN,0,0,0,0.00,0.00,0.00,0.00,0.00,0.00,0.00,0.00,NaN,NaN,NaN,NaN,NaN,NaN
983.37,30.84,39.87,36.00,20.00,MAN,0,0,0,0.00,0.00,0.00,0.00,0.00,0.00,0.00,0.00,NaN,NaN,NaN,NaN,NaN,NaN
984.37,30.84,39.87,36.00,20.00,MAN,0,0,0,0.00,0.00,0.00,0.00,0.00,0.00,0.00,0.00,NaN,NaN,NaN,NaN,NaN,NaN
985.37,30.83,39.87,36.00,20.00,MAN,0,0,0,0.00,0.00,0.00,0.00,0.00,0.00,0.00,0.00,NaN,NaN,NaN,NaN,NaN,NaN
986.37,30.83,39.91,36.00,20.00,MAN,0,0,0,0.00,0.00,0.00,0.00,0.00,0.00,0.00,0.00,NaN,NaN,NaN,NaN,NaN,NaN
987.38,30.83,39.91,36.00,20.00,MAN,0,0,0,0.00,0.00,0.00,0.00,0.00,0.00,0.00,0.00,NaN,NaN,NaN,NaN,NaN,NaN
988.38,30.83,39.91,36.00,20.00,MAN,0,0,0,0.00,0.00,0.00,0.00,0.00,0.00,0.00,0.00,NaN,NaN,NaN,NaN,NaN,NaN
989.38,30.83,39.91,36.00,20.00,MAN,0,0,0,0.00,0.00,0.00,0.00,0.00,0.00,0.00,0.00,NaN,NaN,NaN,NaN,NaN,NaN
990.38,30.83,39.91,36.00,20.00,MAN,0,0,0,0.00,0.00,0.00,0.00,0.00,0.00,0.00,0.00,NaN,NaN,NaN,NaN,NaN,NaN
991.38,30.82,39.91,36.00,20.00,MAN,0,0,0,0.00,0.00,0.00,0.00,0.00,0.00,0.00,0.00,NaN,NaN,NaN,NaN,NaN,NaN
992.38,30.82,39.94,36.00,20.00,MAN,0,0,0,0.00,0.00,0.00,0.00,0.00,0.00,0.00,0.00,NaN,NaN,NaN,NaN,NaN,NaN
993.39,30.82,39.94,36.00,20.00,MAN,0,0,0,0.00,0.00,0.00,0.00,0.00,0.00,0.00,0.00,NaN,NaN,NaN,NaN,NaN,NaN
994.39,30.81,39.94,36.00,20.00,MAN,0,0,0,0.00,0.00,0.00,0.00,0.00,0.00,0.00,0.00,NaN,NaN,NaN,NaN,NaN,NaN
995.39,30.81,39.94,36.00,20.00,MAN,0,0,0,0.00,0.00,0.00,0.00,0.00,0.00,0.00,0.00,NaN,NaN,NaN,NaN,NaN,NaN
996.39,30.81,39.94,36.00,20.00,MAN,0,0,0,0.00,0.00,0.00,0.00,0.00,0.00,0.00,0.00,NaN,NaN,NaN,NaN,NaN,NaN
997.39,30.81,39.94,36.00,20.00,MAN,0,0,0,0.00,0.00,0.00,0.00,0.00,0.00,0.00,0.00,NaN,NaN,NaN,NaN,NaN,NaN
998.39,30.80,39.94,36.00,20.00,MAN,0,0,0,0.00,0.00,0.00,0.00,0.00,0.00,0.00,0.00,NaN,NaN,NaN,NaN,NaN,NaN
999.40,30.80,39.94,36.00,20.00,MAN,0,0,0,0.00,0.00,0.00,0.00,0.00,0.00,0.00,0.00,NaN,NaN,NaN,NaN,NaN,NaN
1000.39,30.80,39.94,36.00,20.00,MAN,0,0,0,0.00,0.00,0.00,0.00,0.00,0.00,0.00,0.00,NaN,NaN,NaN,NaN,NaN,NaN
1001.40,30.80,39.94,36.00,20.00,MAN,0,0,0,0.00,0.00,0.00,0.00,0.00,0.00,0.00,0.00,NaN,NaN,NaN,NaN,NaN,NaN
1002.40,30.79,39.94,36.00,20.00,MAN,0,0,0,0.00,0.00,0.00,0.00,0.00,0.00,0.00,0.00,NaN,NaN,NaN,NaN,NaN,NaN
1003.40,30.79,39.94,36.00,20.00,MAN,0,0,0,0.00,0.00,0.00,0.00,0.00,0.00,0.00,0.00,NaN,NaN,NaN,NaN,NaN,NaN
1004.40,30.79,39.94,36.00,20.00,MAN,0,0,0,0.00,0.00,0.00,0.00,0.00,0.00,0.00,0.00,NaN,NaN,NaN,NaN,NaN,NaN
1005.40,30.79,39.94,36.00,20.00,MAN,0,0,0,0.00,0.00,0.00,0.00,0.00,0.00,0.00,0.00,NaN,NaN,NaN,NaN,NaN,NaN
1006.41,30.79,39.94,36.00,20.00,MAN,0,0,0,0.00,0.00,0.00,0.00,0.00,0.00,0.00,0.00,NaN,NaN,NaN,NaN,NaN,NaN
1007.41,30.78,39.94,36.00,20.00,MAN,0,0,0,0.00,0.00,0.00,0.00,0.00,0.00,0.00,0.00,NaN,NaN,NaN,NaN,NaN,NaN
1008.41,30.78,39.94,36.00,20.00,MAN,0,0,0,0.00,0.00,0.00,0.00,0.00,0.00,0.00,0.00,NaN,NaN,NaN,NaN,NaN,NaN
1009.41,30.78,39.94,36.00,20.00,MAN,0,0,0,0.00,0.00,0.00,0.00,0.00,0.00,0.00,0.00,NaN,NaN,NaN,NaN,NaN,NaN
1010.41,30.77,39.94,36.00,20.00,MAN,0,0,0,0.00,0.00,0.00,0.00,0.00,0.00,0.00,0.00,NaN,NaN,NaN,NaN,NaN,NaN
1011.41,30.77,39.94,36.00,20.00,MAN,0,0,0,0.00,0.00,0.00,0.00,0.00,0.00,0.00,0.00,NaN,NaN,NaN,NaN,NaN,NaN
1012.42,30.77,39.97,36.00,20.00,MAN,0,0,0,0.00,0.00,0.00,0.00,0.00,0.00,0.00,0.00,NaN,NaN,NaN,NaN,NaN,NaN
1013.42,30.77,39.94,36.00,20.00,MAN,0,0,0,0.00,0.00,0.00,0.00,0.00,0.00,0.00,0.00,NaN,NaN,NaN,NaN,NaN,NaN
1014.42,30.77,39.94,36.00,20.00,MAN,0,0,0,0.00,0.00,0.00,0.00,0.00,0.00,0.00,0.00,NaN,NaN,NaN,NaN,NaN,NaN
1015.42,30.76,39.97,36.00,20.00,MAN,0,0,0,0.00,0.00,0.00,0.00,0.00,0.00,0.00,0.00,NaN,NaN,NaN,NaN,NaN,NaN
1016.42,30.76,39.94,36.00,20.00,MAN,0,0,0,0.00,0.00,0.00,0.00,0.00,0.00,0.00,0.00,NaN,NaN,NaN,NaN,NaN,NaN
1017.42,30.76,39.94,36.00,20.00,MAN,0,0,0,0.00,0.00,0.00,0.00,0.00,0.00,0.00,0.00,NaN,NaN,NaN,NaN,NaN,NaN
1018.43,30.76,39.94,36.00,20.00,MAN,0,0,0,0.00,0.00,0.00,0.00,0.00,0.00,0.00,0.00,NaN,NaN,NaN,NaN,NaN,NaN
1019.43,30.75,39.94,36.00,20.00,MAN,0,0,0,0.00,0.00,0.00,0.00,0.00,0.00,0.00,0.00,NaN,NaN,NaN,NaN,NaN,NaN
1020.43,30.75,39.97,36.00,20.00,MAN,0,0,0,0.00,0.00,0.00,0.00,0.00,0.00,0.00,0.00,NaN,NaN,NaN,NaN,NaN,NaN
1021.43,30.75,39.97,36.00,20.00,MAN,0,0,0,0.00,0.00,0.00,0.00,0.00,0.00,0.00,0.00,NaN,NaN,NaN,NaN,NaN,NaN
1022.43,30.75,39.97,36.00,20.00,MAN,0,0,0,0.00,0.00,0.00,0.00,0.00,0.00,0.00,0.00,NaN,NaN,NaN,NaN,NaN,NaN
1023.43,30.75,39.97,36.00,20.00,MAN,0,0,0,0.00,0.00,0.00,0.00,0.00,0.00,0.00,0.00,NaN,NaN,NaN,NaN,NaN,NaN
1024.43,30.75,39.97,36.00,20.00,MAN,0,0,0,0.00,0.00,0.00,0.00,0.00,0.00,0.00,0.00,NaN,NaN,NaN,NaN,NaN,NaN
1025.44,30.74,39.95,36.00,20.00,MAN,0,0,0,0.00,0.00,0.00,0.00,0.00,0.00,0.00,0.00,NaN,NaN,NaN,NaN,NaN,NaN
1026.44,30.74,39.95,36.00,20.00,MAN,0,0,0,0.00,0.00,0.00,0.00,0.00,0.00,0.00,0.00,NaN,NaN,NaN,NaN,NaN,NaN
1027.44,30.74,39.95,36.00,20.00,MAN,0,0,0,0.00,0.00,0.00,0.00,0.00,0.00,0.00,0.00,NaN,NaN,NaN,NaN,NaN,NaN
1028.44,30.74,39.95,36.00,20.00,MAN,0,0,0,0.00,0.00,0.00,0.00,0.00,0.00,0.00,0.00,NaN,NaN,NaN,NaN,NaN,NaN
1029.44,30.72,39.95,36.00,20.00,MAN,0,0,0,0.00,0.00,0.00,0.00,0.00,0.00,0.00,0.00,NaN,NaN,NaN,NaN,NaN,NaN
1030.44,30.72,39.95,36.00,20.00,MAN,0,0,0,0.00,0.00,0.00,0.00,0.00,0.00,0.00,0.00,NaN,NaN,NaN,NaN,NaN,NaN
1031.44,30.72,39.98,36.00,20.00,MAN,0,0,0,0.00,0.00,0.00,0.00,0.00,0.00,0.00,0.00,NaN,NaN,NaN,NaN,NaN,NaN
1032.45,30.72,39.98,36.00,20.00,MAN,0,0,0,0.00,0.00,0.00,0.00,0.00,0.00,0.00,0.00,NaN,NaN,NaN,NaN,NaN,NaN
1033.45,30.71,39.98,36.00,20.00,MAN,0,0,0,0.00,0.00,0.00,0.00,0.00,0.00,0.00,0.00,NaN,NaN,NaN,NaN,NaN,NaN
1034.45,30.71,39.98,36.00,20.00,MAN,0,0,0,0.00,0.00,0.00,0.00,0.00,0.00,0.00,0.00,NaN,NaN,NaN,NaN,NaN,NaN
1035.45,30.71,39.98,36.00,20.00,MAN,0,0,0,0.00,0.00,0.00,0.00,0.00,0.00,0.00,0.00,NaN,NaN,NaN,NaN,NaN,NaN
1036.45,30.70,39.98,36.00,20.00,MAN,0,0,0,0.00,0.00,0.00,0.00,0.00,0.00,0.00,0.00,NaN,NaN,NaN,NaN,NaN,NaN
1037.45,30.70,39.98,36.00,20.00,MAN,0,0,0,0.00,0.00,0.00,0.00,0.00,0.00,0.00,0.00,NaN,NaN,NaN,NaN,NaN,NaN
1038.46,30.70,39.98,36.00,20.00,MAN,0,0,0,0.00,0.00,0.00,0.00,0.00,0.00,0.00,0.00,NaN,NaN,NaN,NaN,NaN,NaN
1039.46,30.70,39.98,36.00,20.00,MAN,0,0,0,0.00,0.00,0.00,0.00,0.00,0.00,0.00,0.00,NaN,NaN,NaN,NaN,NaN,NaN
1040.46,30.69,40.02,36.00,20.00,MAN,0,0,0,0.00,0.00,0.00,0.00,0.00,0.00,0.00,0.00,NaN,NaN,NaN,NaN,NaN,NaN
1041.46,30.69,40.02,36.00,20.00,MAN,0,0,0,0.00,0.00,0.00,0.00,0.00,0.00,0.00,0.00,NaN,NaN,NaN,NaN,NaN,NaN
1042.46,30.69,39.98,36.00,20.00,MAN,0,0,0,0.00,0.00,0.00,0.00,0.00,0.00,0.00,0.00,NaN,NaN,NaN,NaN,NaN,NaN
1043.46,30.68,39.98,36.00,20.00,MAN,0,0,0,0.00,0.00,0.00,0.00,0.00,0.00,0.00,0.00,NaN,NaN,NaN,NaN,NaN,NaN
1044.47,30.69,39.98,36.00,20.00,MAN,0,0,0,0.00,0.00,0.00,0.00,0.00,0.00,0.00,0.00,NaN,NaN,NaN,NaN,NaN,NaN
1045.46,30.68,40.02,36.00,20.00,MAN,0,0,0,0.00,0.00,0.00,0.00,0.00,0.00,0.00,0.00,NaN,NaN,NaN,NaN,NaN,NaN
1046.47,30.68,39.98,36.00,20.00,MAN,0,0,0,0.00,0.00,0.00,0.00,0.00,0.00,0.00,0.00,NaN,NaN,NaN,NaN,NaN,NaN
1047.47,30.68,39.98,36.00,20.00,MAN,0,0,0,0.00,0.00,0.00,0.00,0.00,0.00,0.00,0.00,NaN,NaN,NaN,NaN,NaN,NaN
1048.47,30.68,39.98,36.00,20.00,MAN,0,0,0,0.00,0.00,0.00,0.00,0.00,0.00,0.00,0.00,NaN,NaN,NaN,NaN,NaN,NaN
1049.47,30.68,39.98,36.00,20.00,MAN,0,0,0,0.00,0.00,0.00,0.00,0.00,0.00,0.00,0.00,NaN,NaN,NaN,NaN,NaN,NaN
1050.48,30.68,39.98,36.00,20.00,MAN,0,0,0,0.00,0.00,0.00,0.00,0.00,0.00,0.00,0.00,NaN,NaN,NaN,NaN,NaN,NaN
1051.48,30.68,39.98,36.00,20.00,MAN,0,0,0,0.00,0.00,0.00,0.00,0.00,0.00,0.00,0.00,NaN,NaN,NaN,NaN,NaN,NaN
1052.48,30.67,39.98,36.00,20.00,MAN,0,0,0,0.00,0.00,0.00,0.00,0.00,0.00,0.00,0.00,NaN,NaN,NaN,NaN,NaN,NaN
1053.48,30.66,39.98,36.00,20.00,MAN,0,0,0,0.00,0.00,0.00,0.00,0.00,0.00,0.00,0.00,NaN,NaN,NaN,NaN,NaN,NaN
1054.48,30.66,39.98,36.00,20.00,MAN,0,0,0,0.00,0.00,0.00,0.00,0.00,0.00,0.00,0.00,NaN,NaN,NaN,NaN,NaN,NaN
1055.48,30.66,40.02,36.00,20.00,MAN,0,0,0,0.00,0.00,0.00,0.00,0.00,0.00,0.00,0.00,NaN,NaN,NaN,NaN,NaN,NaN
1056.48,30.66,40.02,36.00,20.00,MAN,0,0,0,0.00,0.00,0.00,0.00,0.00,0.00,0.00,0.00,NaN,NaN,NaN,NaN,NaN,NaN
1057.49,30.65,40.02,36.00,20.00,MAN,0,0,0,0.00,0.00,0.00,0.00,0.00,0.00,0.00,0.00,NaN,NaN,NaN,NaN,NaN,NaN
1058.49,30.66,40.02,36.00,20.00,MAN,0,0,0,0.00,0.00,0.00,0.00,0.00,0.00,0.00,0.00,NaN,NaN,NaN,NaN,NaN,NaN
1059.49,30.65,40.02,36.00,20.00,MAN,0,0,0,0.00,0.00,0.00,0.00,0.00,0.00,0.00,0.00,NaN,NaN,NaN,NaN,NaN,NaN
1060.49,30.65,40.05,36.00,20.00,MAN,0,0,0,0.00,0.00,0.00,0.00,0.00,0.00,0.00,0.00,NaN,NaN,NaN,NaN,NaN,NaN
1061.49,30.64,40.05,36.00,20.00,MAN,0,0,0,0.00,0.00,0.00,0.00,0.00,0.00,0.00,0.00,NaN,NaN,NaN,NaN,NaN,NaN
1062.49,30.64,40.05,36.00,20.00,MAN,0,0,0,0.00,0.00,0.00,0.00,0.00,0.00,0.00,0.00,NaN,NaN,NaN,NaN,NaN,NaN
1063.50,30.64,40.05,36.00,20.00,MAN,0,0,0,0.00,0.00,0.00,0.00,0.00,0.00,0.00,0.00,NaN,NaN,NaN,NaN,NaN,NaN
1064.50,30.64,40.05,36.00,20.00,MAN,0,0,0,0.00,0.00,0.00,0.00,0.00,0.00,0.00,0.00,NaN,NaN,NaN,NaN,NaN,NaN
1065.50,30.64,40.05,36.00,20.00,MAN,0,0,0,0.00,0.00,0.00,0.00,0.00,0.00,0.00,0.00,NaN,NaN,NaN,NaN,NaN,NaN
1066.50,30.64,40.08,36.00,20.00,MAN,0,0,0,0.00,0.00,0.00,0.00,0.00,0.00,0.00,0.00,NaN,NaN,NaN,NaN,NaN,NaN
1067.50,30.63,40.08,36.00,20.00,MAN,0,0,0,0.00,0.00,0.00,0.00,0.00,0.00,0.00,0.00,NaN,NaN,NaN,NaN,NaN,NaN
1068.51,30.62,40.08,36.00,20.00,MAN,0,0,0,0.00,0.00,0.00,0.00,0.00,0.00,0.00,0.00,NaN,NaN,NaN,NaN,NaN,NaN
1069.50,30.62,40.08,36.00,20.00,MAN,0,0,0,0.00,0.00,0.00,0.00,0.00,0.00,0.00,0.00,NaN,NaN,NaN,NaN,NaN,NaN
1070.51,30.62,40.08,36.00,20.00,MAN,0,0,0,0.00,0.00,0.00,0.00,0.00,0.00,0.00,0.00,NaN,NaN,NaN,NaN,NaN,NaN
1071.51,30.62,40.08,36.00,20.00,MAN,0,0,0,0.00,0.00,0.00,0.00,0.00,0.00,0.00,0.00,NaN,NaN,NaN,NaN,NaN,NaN
1072.51,30.61,40.08,36.00,20.00,MAN,0,0,0,0.00,0.00,0.00,0.00,0.00,0.00,0.00,0.00,NaN,NaN,NaN,NaN,NaN,NaN
1073.51,30.62,40.08,36.00,20.00,MAN,0,0,0,0.00,0.00,0.00,0.00,0.00,0.00,0.00,0.00,NaN,NaN,NaN,NaN,NaN,NaN
1074.51,30.61,40.08,36.00,20.00,MAN,0,0,0,0.00,0.00,0.00,0.00,0.00,0.00,0.00,0.00,NaN,NaN,NaN,NaN,NaN,NaN
1075.51,30.61,40.05,36.00,20.00,MAN,0,0,0,0.00,0.00,0.00,0.00,0.00,0.00,0.00,0.00,NaN,NaN,NaN,NaN,NaN,NaN
1076.52,30.60,40.05,36.00,20.00,MAN,0,0,0,0.00,0.00,0.00,0.00,0.00,0.00,0.00,0.00,NaN,NaN,NaN,NaN,NaN,NaN
1077.52,30.60,40.05,36.00,20.00,MAN,0,0,0,0.00,0.00,0.00,0.00,0.00,0.00,0.00,0.00,NaN,NaN,NaN,NaN,NaN,NaN
1078.52,30.60,40.05,36.00,20.00,MAN,0,0,0,0.00,0.00,0.00,0.00,0.00,0.00,0.00,0.00,NaN,NaN,NaN,NaN,NaN,NaN
1079.52,30.59,40.05,36.00,20.00,MAN,0,0,0,0.00,0.00,0.00,0.00,0.00,0.00,0.00,0.00,NaN,NaN,NaN,NaN,NaN,NaN
1080.52,30.57,40.05,36.00,20.00,MAN,0,0,0,0.00,0.00,0.00,0.00,0.00,0.00,0.00,0.00,NaN,NaN,NaN,NaN,NaN,NaN
1081.52,30.56,40.08,36.00,20.00,MAN,0,0,0,0.00,0.00,0.00,0.00,0.00,0.00,0.00,0.00,NaN,NaN,NaN,NaN,NaN,NaN
1082.52,30.57,40.08,36.00,20.00,MAN,0,0,0,0.00,0.00,0.00,0.00,0.00,0.00,0.00,0.00,NaN,NaN,NaN,NaN,NaN,NaN
1083.53,30.56,40.08,36.00,20.00,MAN,0,0,0,0.00,0.00,0.00,0.00,0.00,0.00,0.00,0.00,NaN,NaN,NaN,NaN,NaN,NaN
1084.53,30.56,40.08,36.00,20.00,MAN,0,0,0,0.00,0.00,0.00,0.00,0.00,0.00,0.00,0.00,NaN,NaN,NaN,NaN,NaN,NaN
1085.53,30.56,40.08,36.00,20.00,MAN,0,0,0,0.00,0.00,0.00,0.00,0.00,0.00,0.00,0.00,NaN,NaN,NaN,NaN,NaN,NaN
1086.53,30.56,40.08,36.00,20.00,MAN,0,0,0,0.00,0.00,0.00,0.00,0.00,0.00,0.00,0.00,NaN,NaN,NaN,NaN,NaN,NaN
1087.53,30.56,40.08,36.00,20.00,MAN,0,0,0,0.00,0.00,0.00,0.00,0.00,0.00,0.00,0.00,NaN,NaN,NaN,NaN,NaN,NaN
1088.53,30.56,40.08,36.00,20.00,MAN,0,0,0,0.00,0.00,0.00,0.00,0.00,0.00,0.00,0.00,NaN,NaN,NaN,NaN,NaN,NaN
1089.54,30.56,40.12,36.00,20.00,MAN,0,0,0,0.00,0.00,0.00,0.00,0.00,0.00,0.00,0.00,NaN,NaN,NaN,NaN,NaN,NaN
1090.54,30.56,40.12,36.00,20.00,MAN,0,0,0,0.00,0.00,0.00,0.00,0.00,0.00,0.00,0.00,NaN,NaN,NaN,NaN,NaN,NaN
1091.54,30.56,40.12,36.00,20.00,MAN,0,0,0,0.00,0.00,0.00,0.00,0.00,0.00,0.00,0.00,NaN,NaN,NaN,NaN,NaN,NaN
1092.54,30.56,40.12,36.00,20.00,MAN,0,0,0,0.00,0.00,0.00,0.00,0.00,0.00,0.00,0.00,NaN,NaN,NaN,NaN,NaN,NaN
1093.54,30.56,40.12,36.00,20.00,MAN,0,0,0,0.00,0.00,0.00,0.00,0.00,0.00,0.00,0.00,NaN,NaN,NaN,NaN,NaN,NaN
1094.54,30.56,40.15,36.00,20.00,MAN,0,0,0,0.00,0.00,0.00,0.00,0.00,0.00,0.00,0.00,NaN,NaN,NaN,NaN,NaN,NaN
1095.54,30.56,40.15,36.00,20.00,MAN,0,0,0,0.00,0.00,0.00,0.00,0.00,0.00,0.00,0.00,NaN,NaN,NaN,NaN,NaN,NaN
1096.54,30.56,40.15,36.00,20.00,MAN,0,0,0,0.00,0.00,0.00,0.00,0.00,0.00,0.00,0.00,NaN,NaN,NaN,NaN,NaN,NaN
1097.55,30.56,40.15,36.00,20.00,MAN,0,0,0,0.00,0.00,0.00,0.00,0.00,0.00,0.00,0.00,NaN,NaN,NaN,NaN,NaN,NaN
1098.55,30.56,40.15,36.00,20.00,MAN,0,0,0,0.00,0.00,0.00,0.00,0.00,0.00,0.00,0.00,NaN,NaN,NaN,NaN,NaN,NaN
1099.55,30.56,40.15,36.00,20.00,MAN,0,0,0,0.00,0.00,0.00,0.00,0.00,0.00,0.00,0.00,NaN,NaN,NaN,NaN,NaN,NaN
1100.55,30.56,40.15,36.00,20.00,MAN,0,0,0,0.00,0.00,0.00,0.00,0.00,0.00,0.00,0.00,NaN,NaN,NaN,NaN,NaN,NaN
1101.55,30.56,40.15,36.00,20.00,MAN,0,0,0,0.00,0.00,0.00,0.00,0.00,0.00,0.00,0.00,NaN,NaN,NaN,NaN,NaN,NaN
1102.56,30.56,40.15,36.00,20.00,MAN,0,0,0,0.00,0.00,0.00,0.00,0.00,0.00,0.00,0.00,NaN,NaN,NaN,NaN,NaN,NaN
1103.56,30.56,40.15,36.00,20.00,MAN,0,0,0,0.00,0.00,0.00,0.00,0.00,0.00,0.00,0.00,NaN,NaN,NaN,NaN,NaN,NaN
1104.56,30.56,40.15,36.00,20.00,MAN,0,0,0,0.00,0.00,0.00,0.00,0.00,0.00,0.00,0.00,NaN,NaN,NaN,NaN,NaN,NaN
1105.56,30.56,40.15,36.00,20.00,MAN,0,0,0,0.00,0.00,0.00,0.00,0.00,0.00,0.00,0.00,NaN,NaN,NaN,NaN,NaN,NaN
1106.56,30.56,40.15,36.00,20.00,MAN,0,0,0,0.00,0.00,0.00,0.00,0.00,0.00,0.00,0.00,NaN,NaN,NaN,NaN,NaN,NaN
1107.56,30.56,40.15,36.00,20.00,MAN,0,0,0,0.00,0.00,0.00,0.00,0.00,0.00,0.00,0.00,NaN,NaN,NaN,NaN,NaN,NaN
1108.57,30.56,40.15,36.00,20.00,MAN,0,0,0,0.00,0.00,0.00,0.00,0.00,0.00,0.00,0.00,NaN,NaN,NaN,NaN,NaN,NaN
1109.57,30.56,40.15,36.00,20.00,MAN,0,0,0,0.00,0.00,0.00,0.00,0.00,0.00,0.00,0.00,NaN,NaN,NaN,NaN,NaN,NaN
1110.57,30.56,40.15,36.00,20.00,MAN,0,0,0,0.00,0.00,0.00,0.00,0.00,0.00,0.00,0.00,NaN,NaN,NaN,NaN,NaN,NaN
1111.57,30.56,40.15,36.00,20.00,MAN,0,0,0,0.00,0.00,0.00,0.00,0.00,0.00,0.00,0.00,NaN,NaN,NaN,NaN,NaN,NaN
1112.57,30.56,40.15,36.00,20.00,MAN,0,0,0,0.00,0.00,0.00,0.00,0.00,0.00,0.00,0.00,NaN,NaN,NaN,NaN,NaN,NaN
1113.58,30.56,40.13,36.00,20.00,MAN,0,0,0,0.00,0.00,0.00,0.00,0.00,0.00,0.00,0.00,NaN,NaN,NaN,NaN,NaN,NaN
1114.57,30.55,40.13,36.00,20.00,MAN,0,0,0,0.00,0.00,0.00,0.00,0.00,0.00,0.00,0.00,NaN,NaN,NaN,NaN,NaN,NaN
1115.58,30.55,40.13,36.00,20.00,MAN,0,0,0,0.00,0.00,0.00,0.00,0.00,0.00,0.00,0.00,NaN,NaN,NaN,NaN,NaN,NaN
1116.58,30.55,40.13,36.00,20.00,MAN,0,0,0,0.00,0.00,0.00,0.00,0.00,0.00,0.00,0.00,NaN,NaN,NaN,NaN,NaN,NaN
1117.58,30.55,40.13,36.00,20.00,MAN,0,0,0,0.00,0.00,0.00,0.00,0.00,0.00,0.00,0.00,NaN,NaN,NaN,NaN,NaN,NaN
1118.58,30.55,40.13,36.00,20.00,MAN,0,0,0,0.00,0.00,0.00,0.00,0.00,0.00,0.00,0.00,NaN,NaN,NaN,NaN,NaN,NaN
1119.58,30.55,40.13,36.00,20.00,MAN,0,0,0,0.00,0.00,0.00,0.00,0.00,0.00,0.00,0.00,NaN,NaN,NaN,NaN,NaN,NaN
1120.58,30.55,40.13,36.00,20.00,MAN,0,0,0,0.00,0.00,0.00,0.00,0.00,0.00,0.00,0.00,NaN,NaN,NaN,NaN,NaN,NaN
1121.59,30.55,40.13,36.00,20.00,MAN,0,0,0,0.00,0.00,0.00,0.00,0.00,0.00,0.00,0.00,NaN,NaN,NaN,NaN,NaN,NaN
1122.59,30.55,40.13,36.00,20.00,MAN,0,0,0,0.00,0.00,0.00,0.00,0.00,0.00,0.00,0.00,NaN,NaN,NaN,NaN,NaN,NaN
1123.59,30.55,40.13,36.00,20.00,MAN,0,0,0,0.00,0.00,0.00,0.00,0.00,0.00,0.00,0.00,NaN,NaN,NaN,NaN,NaN,NaN
1124.59,30.55,40.13,36.00,20.00,MAN,0,0,0,0.00,0.00,0.00,0.00,0.00,0.00,0.00,0.00,NaN,NaN,NaN,NaN,NaN,NaN
1125.59,30.55,40.13,36.00,20.00,MAN,0,0,0,0.00,0.00,0.00,0.00,0.00,0.00,0.00,0.00,NaN,NaN,NaN,NaN,NaN,NaN
1126.59,30.55,40.13,36.00,20.00,MAN,0,0,0,0.00,0.00,0.00,0.00,0.00,0.00,0.00,0.00,NaN,NaN,NaN,NaN,NaN,NaN
1127.60,30.55,40.13,36.00,20.00,MAN,0,0,0,0.00,0.00,0.00,0.00,0.00,0.00,0.00,0.00,NaN,NaN,NaN,NaN,NaN,NaN
1128.59,30.55,40.13,36.00,20.00,MAN,0,0,0,0.00,0.00,0.00,0.00,0.00,0.00,0.00,0.00,NaN,NaN,NaN,NaN,NaN,NaN
1129.60,30.55,40.13,36.00,20.00,MAN,0,0,0,0.00,0.00,0.00,0.00,0.00,0.00,0.00,0.00,NaN,NaN,NaN,NaN,NaN,NaN
1130.60,30.55,40.13,36.00,20.00,MAN,0,0,0,0.00,0.00,0.00,0.00,0.00,0.00,0.00,0.00,NaN,NaN,NaN,NaN,NaN,NaN
1131.60,30.55,40.13,36.00,20.00,MAN,0,0,0,0.00,0.00,0.00,0.00,0.00,0.00,0.00,0.00,NaN,NaN,NaN,NaN,NaN,NaN
1132.60,30.55,40.13,36.00,20.00,MAN,0,0,0,0.00,0.00,0.00,0.00,0.00,0.00,0.00,0.00,NaN,NaN,NaN,NaN,NaN,NaN
1133.60,30.55,40.17,36.00,20.00,MAN,0,0,0,0.00,0.00,0.00,0.00,0.00,0.00,0.00,0.00,NaN,NaN,NaN,NaN,NaN,NaN
1134.61,30.55,40.17,36.00,20.00,MAN,0,0,0,0.00,0.00,0.00,0.00,0.00,0.00,0.00,0.00,NaN,NaN,NaN,NaN,NaN,NaN
1135.61,30.55,40.17,36.00,20.00,MAN,0,0,0,0.00,0.00,0.00,0.00,0.00,0.00,0.00,0.00,NaN,NaN,NaN,NaN,NaN,NaN
1136.61,30.55,40.17,36.00,20.00,MAN,0,0,0,0.00,0.00,0.00,0.00,0.00,0.00,0.00,0.00,NaN,NaN,NaN,NaN,NaN,NaN
1137.61,30.53,40.17,36.00,20.00,MAN,0,0,0,0.00,0.00,0.00,0.00,0.00,0.00,0.00,0.00,NaN,NaN,NaN,NaN,NaN,NaN
1138.61,30.53,40.17,36.00,20.00,MAN,0,0,0,0.00,0.00,0.00,0.00,0.00,0.00,0.00,0.00,NaN,NaN,NaN,NaN,NaN,NaN
1139.61,30.53,40.20,36.00,20.00,MAN,0,0,0,0.00,0.00,0.00,0.00,0.00,0.00,0.00,0.00,NaN,NaN,NaN,NaN,NaN,NaN
1140.62,30.53,40.20,36.00,20.00,MAN,0,0,0,0.00,0.00,0.00,0.00,0.00,0.00,0.00,0.00,NaN,NaN,NaN,NaN,NaN,NaN
1141.62,30.53,40.20,36.00,20.00,MAN,0,0,0,0.00,0.00,0.00,0.00,0.00,0.00,0.00,0.00,NaN,NaN,NaN,NaN,NaN,NaN
1142.62,30.51,40.20,36.00,20.00,MAN,0,0,0,0.00,0.00,0.00,0.00,0.00,0.00,0.00,0.00,NaN,NaN,NaN,NaN,NaN,NaN
1143.62,30.51,40.20,36.00,20.00,MAN,0,0,0,0.00,0.00,0.00,0.00,0.00,0.00,0.00,0.00,NaN,NaN,NaN,NaN,NaN,NaN
1144.62,30.51,40.20,36.00,20.00,MAN,0,0,0,0.00,0.00,0.00,0.00,0.00,0.00,0.00,0.00,NaN,NaN,NaN,NaN,NaN,NaN
1145.62,30.50,40.20,36.00,20.00,MAN,0,0,0,0.00,0.00,0.00,0.00,0.00,0.00,0.00,0.00,NaN,NaN,NaN,NaN,NaN,NaN
1146.62,30.50,40.20,36.00,20.00,MAN,0,0,0,0.00,0.00,0.00,0.00,0.00,0.00,0.00,0.00,NaN,NaN,NaN,NaN,NaN,NaN
1147.63,30.50,40.20,36.00,20.00,MAN,0,0,0,0.00,0.00,0.00,0.00,0.00,0.00,0.00,0.00,NaN,NaN,NaN,NaN,NaN,NaN
1148.63,30.49,40.20,36.00,20.00,MAN,0,0,0,0.00,0.00,0.00,0.00,0.00,0.00,0.00,0.00,NaN,NaN,NaN,NaN,NaN,NaN
1149.63,30.49,40.20,36.00,20.00,MAN,0,0,0,0.00,0.00,0.00,0.00,0.00,0.00,0.00,0.00,NaN,NaN,NaN,NaN,NaN,NaN
1150.63,30.49,40.20,36.00,20.00,MAN,0,0,0,0.00,0.00,0.00,0.00,0.00,0.00,0.00,0.00,NaN,NaN,NaN,NaN,NaN,NaN
1151.63,30.49,40.20,36.00,20.00,MAN,0,0,0,0.00,0.00,0.00,0.00,0.00,0.00,0.00,0.00,NaN,NaN,NaN,NaN,NaN,NaN
1152.63,30.48,40.20,36.00,20.00,MAN,0,0,0,0.00,0.00,0.00,0.00,0.00,0.00,0.00,0.00,NaN,NaN,NaN,NaN,NaN,NaN
1153.64,30.48,40.20,36.00,20.00,MAN,0,0,0,0.00,0.00,0.00,0.00,0.00,0.00,0.00,0.00,NaN,NaN,NaN,NaN,NaN,NaN
1154.64,30.47,40.20,36.00,20.00,MAN,0,0,0,0.00,0.00,0.00,0.00,0.00,0.00,0.00,0.00,NaN,NaN,NaN,NaN,NaN,NaN
1155.64,30.47,40.20,36.00,20.00,MAN,0,0,0,0.00,0.00,0.00,0.00,0.00,0.00,0.00,0.00,NaN,NaN,NaN,NaN,NaN,NaN
1156.64,30.48,40.20,36.00,20.00,MAN,0,0,0,0.00,0.00,0.00,0.00,0.00,0.00,0.00,0.00,NaN,NaN,NaN,NaN,NaN,NaN
1157.64,30.47,40.20,36.00,20.00,MAN,0,0,0,0.00,0.00,0.00,0.00,0.00,0.00,0.00,0.00,NaN,NaN,NaN,NaN,NaN,NaN
1158.64,30.47,40.20,36.00,20.00,MAN,0,0,0,0.00,0.00,0.00,0.00,0.00,0.00,0.00,0.00,NaN,NaN,NaN,NaN,NaN,NaN
1159.65,30.47,40.20,36.00,20.00,MAN,0,0,0,0.00,0.00,0.00,0.00,0.00,0.00,0.00,0.00,NaN,NaN,NaN,NaN,NaN,NaN
1160.64,30.46,40.20,36.00,20.00,MAN,0,0,0,0.00,0.00,0.00,0.00,0.00,0.00,0.00,0.00,NaN,NaN,NaN,NaN,NaN,NaN
1161.65,30.47,40.20,36.00,20.00,MAN,0,0,0,0.00,0.00,0.00,0.00,0.00,0.00,0.00,0.00,NaN,NaN,NaN,NaN,NaN,NaN
1162.65,30.46,40.20,36.00,20.00,MAN,0,0,0,0.00,0.00,0.00,0.00,0.00,0.00,0.00,0.00,NaN,NaN,NaN,NaN,NaN,NaN
1163.65,30.46,40.20,36.00,20.00,MAN,0,0,0,0.00,0.00,0.00,0.00,0.00,0.00,0.00,0.00,NaN,NaN,NaN,NaN,NaN,NaN
1164.65,30.46,40.20,36.00,20.00,MAN,0,0,0,0.00,0.00,0.00,0.00,0.00,0.00,0.00,0.00,NaN,NaN,NaN,NaN,NaN,NaN
1165.65,30.45,40.20,36.00,20.00,MAN,0,0,0,0.00,0.00,0.00,0.00,0.00,0.00,0.00,0.00,NaN,NaN,NaN,NaN,NaN,NaN
1166.66,30.45,40.20,36.00,20.00,MAN,0,0,0,0.00,0.00,0.00,0.00,0.00,0.00,0.00,0.00,NaN,NaN,NaN,NaN,NaN,NaN
1167.66,30.45,40.20,36.00,20.00,MAN,0,0,0,0.00,0.00,0.00,0.00,0.00,0.00,0.00,0.00,NaN,NaN,NaN,NaN,NaN,NaN
1168.66,30.45,40.23,36.00,20.00,MAN,0,0,0,0.00,0.00,0.00,0.00,0.00,0.00,0.00,0.00,NaN,NaN,NaN,NaN,NaN,NaN
1169.66,30.45,40.20,36.00,20.00,MAN,0,0,0,0.00,0.00,0.00,0.00,0.00,0.00,0.00,0.00,NaN,NaN,NaN,NaN,NaN,NaN
1170.66,30.44,40.20,36.00,20.00,MAN,0,0,0,0.00,0.00,0.00,0.00,0.00,0.00,0.00,0.00,NaN,NaN,NaN,NaN,NaN,NaN
1171.66,30.44,40.20,36.00,20.00,MAN,0,0,0,0.00,0.00,0.00,0.00,0.00,0.00,0.00,0.00,NaN,NaN,NaN,NaN,NaN,NaN
1172.67,30.44,40.20,36.00,20.00,MAN,0,0,0,0.00,0.00,0.00,0.00,0.00,0.00,0.00,0.00,NaN,NaN,NaN,NaN,NaN,NaN
1173.67,30.44,40.23,36.00,20.00,MAN,0,0,0,0.00,0.00,0.00,0.00,0.00,0.00,0.00,0.00,NaN,NaN,NaN,NaN,NaN,NaN
1174.67,30.42,40.23,36.00,20.00,MAN,0,0,0,0.00,0.00,0.00,0.00,0.00,0.00,0.00,0.00,NaN,NaN,NaN,NaN,NaN,NaN
1175.67,30.42,40.23,36.00,20.00,MAN,0,0,0,0.00,0.00,0.00,0.00,0.00,0.00,0.00,0.00,NaN,NaN,NaN,NaN,NaN,NaN
1176.67,30.42,40.23,36.00,20.00,MAN,0,0,0,0.00,0.00,0.00,0.00,0.00,0.00,0.00,0.00,NaN,NaN,NaN,NaN,NaN,NaN
1177.68,30.42,40.23,36.00,20.00,MAN,0,0,0,0.00,0.00,0.00,0.00,0.00,0.00,0.00,0.00,NaN,NaN,NaN,NaN,NaN,NaN
1178.68,30.41,40.23,36.00,20.00,MAN,0,0,0,0.00,0.00,0.00,0.00,0.00,0.00,0.00,0.00,NaN,NaN,NaN,NaN,NaN,NaN
1179.68,30.42,40.23,36.00,20.00,MAN,0,0,0,0.00,0.00,0.00,0.00,0.00,0.00,0.00,0.00,NaN,NaN,NaN,NaN,NaN,NaN
1180.68,30.41,40.23,36.00,20.00,MAN,0,0,0,0.00,0.00,0.00,0.00,0.00,0.00,0.00,0.00,NaN,NaN,NaN,NaN,NaN,NaN
1181.68,30.41,40.23,36.00,20.00,MAN,0,0,0,0.00,0.00,0.00,0.00,0.00,0.00,0.00,0.00,NaN,NaN,NaN,NaN,NaN,NaN
1182.68,30.41,40.23,36.00,20.00,MAN,0,0,0,0.00,0.00,0.00,0.00,0.00,0.00,0.00,0.00,NaN,NaN,NaN,NaN,NaN,NaN
1183.68,30.41,40.23,36.00,20.00,MAN,0,0,0,0.00,0.00,0.00,0.00,0.00,0.00,0.00,0.00,NaN,NaN,NaN,NaN,NaN,NaN
1184.68,30.40,40.23,36.00,20.00,MAN,0,0,0,0.00,0.00,0.00,0.00,0.00,0.00,0.00,0.00,NaN,NaN,NaN,NaN,NaN,NaN
1185.69,30.40,40.30,36.00,20.00,MAN,0,0,0,0.00,0.00,0.00,0.00,0.00,0.00,0.00,0.00,NaN,NaN,NaN,NaN,NaN,NaN
1186.69,30.40,40.30,36.00,20.00,MAN,0,0,0,0.00,0.00,0.00,0.00,0.00,0.00,0.00,0.00,NaN,NaN,NaN,NaN,NaN,NaN
1187.69,30.40,40.30,36.00,20.00,MAN,0,0,0,0.00,0.00,0.00,0.00,0.00,0.00,0.00,0.00,NaN,NaN,NaN,NaN,NaN,NaN
1188.69,30.40,40.30,36.00,20.00,MAN,0,0,0,0.00,0.00,0.00,0.00,0.00,0.00,0.00,0.00,NaN,NaN,NaN,NaN,NaN,NaN
1189.69,30.40,40.30,36.00,20.00,MAN,0,0,0,0.00,0.00,0.00,0.00,0.00,0.00,0.00,0.00,NaN,NaN,NaN,NaN,NaN,NaN
1190.69,30.39,40.30,36.00,20.00,MAN,0,0,0,0.00,0.00,0.00,0.00,0.00,0.00,0.00,0.00,NaN,NaN,NaN,NaN,NaN,NaN
1191.69,30.39,40.33,36.00,20.00,MAN,0,0,0,0.00,0.00,0.00,0.00,0.00,0.00,0.00,0.00,NaN,NaN,NaN,NaN,NaN,NaN
1192.70,30.39,40.33,36.00,20.00,MAN,0,0,0,0.00,0.00,0.00,0.00,0.00,0.00,0.00,0.00,NaN,NaN,NaN,NaN,NaN,NaN
1193.70,30.38,40.33,36.00,20.00,MAN,0,0,0,0.00,0.00,0.00,0.00,0.00,0.00,0.00,0.00,NaN,NaN,NaN,NaN,NaN,NaN
1194.70,30.39,40.33,36.00,20.00,MAN,0,0,0,0.00,0.00,0.00,0.00,0.00,0.00,0.00,0.00,NaN,NaN,NaN,NaN,NaN,NaN
1195.70,30.38,40.33,36.00,20.00,MAN,0,0,0,0.00,0.00,0.00,0.00,0.00,0.00,0.00,0.00,NaN,NaN,NaN,NaN,NaN,NaN
1196.70,30.38,40.37,36.00,20.00,MAN,0,0,0,0.00,0.00,0.00,0.00,0.00,0.00,0.00,0.00,NaN,NaN,NaN,NaN,NaN,NaN
1197.70,30.38,40.37,36.00,20.00,MAN,0,0,0,0.00,0.00,0.00,0.00,0.00,0.00,0.00,0.00,NaN,NaN,NaN,NaN,NaN,NaN
1198.71,30.37,40.37,36.00,20.00,MAN,0,0,0,0.00,0.00,0.00,0.00,0.00,0.00,0.00,0.00,NaN,NaN,NaN,NaN,NaN,NaN
1199.71,30.37,40.37,36.00,20.00,MAN,0,0,0,0.00,0.00,0.00,0.00,0.00,0.00,0.00,0.00,NaN,NaN,NaN,NaN,NaN,NaN
1200.71,30.37,40.37,36.00,20.00,MAN,0,0,0,0.00,0.00,0.00,0.00,0.00,0.00,0.00,0.00,NaN,NaN,NaN,NaN,NaN,NaN
1201.71,30.37,40.33,36.00,20.00,MAN,0,0,0,0.00,0.00,0.00,0.00,0.00,0.00,0.00,0.00,NaN,NaN,NaN,NaN,NaN,NaN
1202.71,30.37,40.33,36.00,20.00,MAN,0,0,0,0.00,0.00,0.00,0.00,0.00,0.00,0.00,0.00,NaN,NaN,NaN,NaN,NaN,NaN
1203.71,30.36,40.33,36.00,20.00,MAN,0,0,0,0.00,0.00,0.00,0.00,0.00,0.00,0.00,0.00,NaN,NaN,NaN,NaN,NaN,NaN
1204.72,30.36,40.33,36.00,20.00,MAN,0,0,0,0.00,0.00,0.00,0.00,0.00,0.00,0.00,0.00,NaN,NaN,NaN,NaN,NaN,NaN
1205.72,30.36,40.33,36.00,20.00,MAN,0,0,0,0.00,0.00,0.00,0.00,0.00,0.00,0.00,0.00,NaN,NaN,NaN,NaN,NaN,NaN
1206.72,30.36,40.31,36.00,20.00,MAN,0,0,0,0.00,0.00,0.00,0.00,0.00,0.00,0.00,0.00,NaN,NaN,NaN,NaN,NaN,NaN
1207.72,30.36,40.31,36.00,20.00,MAN,0,0,0,0.00,0.00,0.00,0.00,0.00,0.00,0.00,0.00,NaN,NaN,NaN,NaN,NaN,NaN
1208.72,30.35,40.35,36.00,20.00,MAN,0,0,0,0.00,0.00,0.00,0.00,0.00,0.00,0.00,0.00,NaN,NaN,NaN,NaN,NaN,NaN
1209.73,30.35,40.35,36.00,20.00,MAN,0,0,0,0.00,0.00,0.00,0.00,0.00,0.00,0.00,0.00,NaN,NaN,NaN,NaN,NaN,NaN
1210.72,30.35,40.35,36.00,20.00,MAN,0,0,0,0.00,0.00,0.00,0.00,0.00,0.00,0.00,0.00,NaN,NaN,NaN,NaN,NaN,NaN
1211.73,30.35,40.35,36.00,20.00,MAN,0,0,0,0.00,0.00,0.00,0.00,0.00,0.00,0.00,0.00,NaN,NaN,NaN,NaN,NaN,NaN
1212.73,30.34,40.38,36.00,20.00,MAN,0,0,0,0.00,0.00,0.00,0.00,0.00,0.00,0.00,0.00,NaN,NaN,NaN,NaN,NaN,NaN
1213.73,30.34,40.38,36.00,20.00,MAN,0,0,0,0.00,0.00,0.00,0.00,0.00,0.00,0.00,0.00,NaN,NaN,NaN,NaN,NaN,NaN
1214.73,30.34,40.38,36.00,20.00,MAN,0,0,0,0.00,0.00,0.00,0.00,0.00,0.00,0.00,0.00,NaN,NaN,NaN,NaN,NaN,NaN
1215.73,30.34,40.38,36.00,20.00,MAN,0,0,0,0.00,0.00,0.00,0.00,0.00,0.00,0.00,0.00,NaN,NaN,NaN,NaN,NaN,NaN
1216.73,30.34,40.38,36.00,20.00,MAN,0,0,0,0.00,0.00,0.00,0.00,0.00,0.00,0.00,0.00,NaN,NaN,NaN,NaN,NaN,NaN
1217.74,30.33,40.38,36.00,20.00,MAN,0,0,0,0.00,0.00,0.00,0.00,0.00,0.00,0.00,0.00,NaN,NaN,NaN,NaN,NaN,NaN
1218.74,30.33,40.41,36.00,20.00,MAN,0,0,0,0.00,0.00,0.00,0.00,0.00,0.00,0.00,0.00,NaN,NaN,NaN,NaN,NaN,NaN
1219.74,30.33,40.38,36.00,20.00,MAN,0,0,0,0.00,0.00,0.00,0.00,0.00,0.00,0.00,0.00,NaN,NaN,NaN,NaN,NaN,NaN
1220.74,30.33,40.38,36.00,20.00,MAN,0,0,0,0.00,0.00,0.00,0.00,0.00,0.00,0.00,0.00,NaN,NaN,NaN,NaN,NaN,NaN
1221.74,30.33,40.41,36.00,20.00,MAN,0,0,0,0.00,0.00,0.00,0.00,0.00,0.00,0.00,0.00,NaN,NaN,NaN,NaN,NaN,NaN
1222.74,30.33,40.41,36.00,20.00,MAN,0,0,0,0.00,0.00,0.00,0.00,0.00,0.00,0.00,0.00,NaN,NaN,NaN,NaN,NaN,NaN
1223.74,30.32,40.41,36.00,20.00,MAN,0,0,0,0.00,0.00,0.00,0.00,0.00,0.00,0.00,0.00,NaN,NaN,NaN,NaN,NaN,NaN
1224.75,30.32,40.38,36.00,20.00,MAN,0,0,0,0.00,0.00,0.00,0.00,0.00,0.00,0.00,0.00,NaN,NaN,NaN,NaN,NaN,NaN
1225.75,30.32,40.41,36.00,20.00,MAN,0,0,0,0.00,0.00,0.00,0.00,0.00,0.00,0.00,0.00,NaN,NaN,NaN,NaN,NaN,NaN
1226.75,30.31,40.41,36.00,20.00,MAN,0,0,0,0.00,0.00,0.00,0.00,0.00,0.00,0.00,0.00,NaN,NaN,NaN,NaN,NaN,NaN
1227.75,30.31,40.41,36.00,20.00,MAN,0,0,0,0.00,0.00,0.00,0.00,0.00,0.00,0.00,0.00,NaN,NaN,NaN,NaN,NaN,NaN
1228.76,30.31,40.41,36.00,20.00,MAN,0,0,0,0.00,0.00,0.00,0.00,0.00,0.00,0.00,0.00,NaN,NaN,NaN,NaN,NaN,NaN
1229.75,30.31,40.41,36.00,20.00,MAN,0,0,0,0.00,0.00,0.00,0.00,0.00,0.00,0.00,0.00,NaN,NaN,NaN,NaN,NaN,NaN
1230.76,30.31,40.41,36.00,20.00,MAN,0,0,0,0.00,0.00,0.00,0.00,0.00,0.00,0.00,0.00,NaN,NaN,NaN,NaN,NaN,NaN
1231.76,30.30,40.41,36.00,20.00,MAN,0,0,0,0.00,0.00,0.00,0.00,0.00,0.00,0.00,0.00,NaN,NaN,NaN,NaN,NaN,NaN
1232.76,30.30,40.41,36.00,20.00,MAN,0,0,0,0.00,0.00,0.00,0.00,0.00,0.00,0.00,0.00,NaN,NaN,NaN,NaN,NaN,NaN
1233.76,30.30,40.41,36.00,20.00,MAN,0,0,0,0.00,0.00,0.00,0.00,0.00,0.00,0.00,0.00,NaN,NaN,NaN,NaN,NaN,NaN
1234.76,30.30,40.41,36.00,20.00,MAN,0,0,0,0.00,0.00,0.00,0.00,0.00,0.00,0.00,0.00,NaN,NaN,NaN,NaN,NaN,NaN
1235.76,30.30,40.38,36.00,20.00,MAN,0,0,0,0.00,0.00,0.00,0.00,0.00,0.00,0.00,0.00,NaN,NaN,NaN,NaN,NaN,NaN
1236.77,30.30,40.38,36.00,20.00,MAN,0,0,0,0.00,0.00,0.00,0.00,0.00,0.00,0.00,0.00,NaN,NaN,NaN,NaN,NaN,NaN
1237.77,30.30,40.38,36.00,20.00,MAN,0,0,0,0.00,0.00,0.00,0.00,0.00,0.00,0.00,0.00,NaN,NaN,NaN,NaN,NaN,NaN
1238.77,30.28,40.38,36.00,20.00,MAN,0,0,0,0.00,0.00,0.00,0.00,0.00,0.00,0.00,0.00,NaN,NaN,NaN,NaN,NaN,NaN
1239.77,30.28,40.38,36.00,20.00,MAN,0,0,0,0.00,0.00,0.00,0.00,0.00,0.00,0.00,0.00,NaN,NaN,NaN,NaN,NaN,NaN
1240.77,30.28,40.38,36.00,20.00,MAN,0,0,0,0.00,0.00,0.00,0.00,0.00,0.00,0.00,0.00,NaN,NaN,NaN,NaN,NaN,NaN
1241.77,30.28,40.38,36.00,20.00,MAN,0,0,0,0.00,0.00,0.00,0.00,0.00,0.00,0.00,0.00,NaN,NaN,NaN,NaN,NaN,NaN
1242.78,30.27,40.38,36.00,20.00,MAN,0,0,0,0.00,0.00,0.00,0.00,0.00,0.00,0.00,0.00,NaN,NaN,NaN,NaN,NaN,NaN
1243.78,30.27,40.38,36.00,20.00,MAN,0,0,0,0.00,0.00,0.00,0.00,0.00,0.00,0.00,0.00,NaN,NaN,NaN,NaN,NaN,NaN
1244.78,30.27,40.41,36.00,20.00,MAN,0,0,0,0.00,0.00,0.00,0.00,0.00,0.00,0.00,0.00,NaN,NaN,NaN,NaN,NaN,NaN
1245.78,30.27,40.41,36.00,20.00,MAN,0,0,0,0.00,0.00,0.00,0.00,0.00,0.00,0.00,0.00,NaN,NaN,NaN,NaN,NaN,NaN
1246.78,30.26,40.41,36.00,20.00,MAN,0,0,0,0.00,0.00,0.00,0.00,0.00,0.00,0.00,0.00,NaN,NaN,NaN,NaN,NaN,NaN
1247.78,30.26,40.41,36.00,20.00,MAN,0,0,0,0.00,0.00,0.00,0.00,0.00,0.00,0.00,0.00,NaN,NaN,NaN,NaN,NaN,NaN
1248.78,30.26,40.41,36.00,20.00,MAN,0,0,0,0.00,0.00,0.00,0.00,0.00,0.00,0.00,0.00,NaN,NaN,NaN,NaN,NaN,NaN
1249.79,30.26,40.45,36.00,20.00,MAN,0,0,0,0.00,0.00,0.00,0.00,0.00,0.00,0.00,0.00,NaN,NaN,NaN,NaN,NaN,NaN
1250.79,30.26,40.45,36.00,20.00,MAN,0,0,0,0.00,0.00,0.00,0.00,0.00,0.00,0.00,0.00,NaN,NaN,NaN,NaN,NaN,NaN
1251.79,30.25,40.45,36.00,20.00,MAN,0,0,0,0.00,0.00,0.00,0.00,0.00,0.00,0.00,0.00,NaN,NaN,NaN,NaN,NaN,NaN
1252.79,30.25,40.45,36.00,20.00,MAN,0,0,0,0.00,0.00,0.00,0.00,0.00,0.00,0.00,0.00,NaN,NaN,NaN,NaN,NaN,NaN
1253.79,30.25,40.45,36.00,20.00,MAN,0,0,0,0.00,0.00,0.00,0.00,0.00,0.00,0.00,0.00,NaN,NaN,NaN,NaN,NaN,NaN
1254.79,30.25,40.45,36.00,20.00,MAN,0,0,0,0.00,0.00,0.00,0.00,0.00,0.00,0.00,0.00,NaN,NaN,NaN,NaN,NaN,NaN
1255.79,30.25,40.45,36.00,20.00,MAN,0,0,0,0.00,0.00,0.00,0.00,0.00,0.00,0.00,0.00,NaN,NaN,NaN,NaN,NaN,NaN
1256.79,30.25,40.45,36.00,20.00,MAN,0,0,0,0.00,0.00,0.00,0.00,0.00,0.00,0.00,0.00,NaN,NaN,NaN,NaN,NaN,NaN
1257.80,30.24,40.45,36.00,20.00,MAN,0,0,0,0.00,0.00,0.00,0.00,0.00,0.00,0.00,0.00,NaN,NaN,NaN,NaN,NaN,NaN
1258.80,30.24,40.45,36.00,20.00,MAN,0,0,0,0.00,0.00,0.00,0.00,0.00,0.00,0.00,0.00,NaN,NaN,NaN,NaN,NaN,NaN
1259.80,30.24,40.45,36.00,20.00,MAN,0,0,0,0.00,0.00,0.00,0.00,0.00,0.00,0.00,0.00,NaN,NaN,NaN,NaN,NaN,NaN
1260.80,30.24,40.45,36.00,20.00,MAN,0,0,0,0.00,0.00,0.00,0.00,0.00,0.00,0.00,0.00,NaN,NaN,NaN,NaN,NaN,NaN
1261.80,30.24,40.41,36.00,20.00,MAN,0,0,0,0.00,0.00,0.00,0.00,0.00,0.00,0.00,0.00,NaN,NaN,NaN,NaN,NaN,NaN
1262.81,30.24,40.45,36.00,20.00,MAN,0,0,0,0.00,0.00,0.00,0.00,0.00,0.00,0.00,0.00,NaN,NaN,NaN,NaN,NaN,NaN
1263.81,30.23,40.41,36.00,20.00,MAN,0,0,0,0.00,0.00,0.00,0.00,0.00,0.00,0.00,0.00,NaN,NaN,NaN,NaN,NaN,NaN
1264.81,30.23,40.45,36.00,20.00,MAN,0,0,0,0.00,0.00,0.00,0.00,0.00,0.00,0.00,0.00,NaN,NaN,NaN,NaN,NaN,NaN
1265.81,30.23,40.45,36.00,20.00,MAN,0,0,0,0.00,0.00,0.00,0.00,0.00,0.00,0.00,0.00,NaN,NaN,NaN,NaN,NaN,NaN
1266.81,30.23,40.45,36.00,20.00,MAN,0,0,0,0.00,0.00,0.00,0.00,0.00,0.00,0.00,0.00,NaN,NaN,NaN,NaN,NaN,NaN
1267.81,30.23,40.45,36.00,20.00,MAN,0,0,0,0.00,0.00,0.00,0.00,0.00,0.00,0.00,0.00,NaN,NaN,NaN,NaN,NaN,NaN
1268.82,30.23,40.45,36.00,20.00,MAN,0,0,0,0.00,0.00,0.00,0.00,0.00,0.00,0.00,0.00,NaN,NaN,NaN,NaN,NaN,NaN
1269.82,30.22,40.45,36.00,20.00,MAN,0,0,0,0.00,0.00,0.00,0.00,0.00,0.00,0.00,0.00,NaN,NaN,NaN,NaN,NaN,NaN
1270.82,30.22,40.45,36.00,20.00,MAN,0,0,0,0.00,0.00,0.00,0.00,0.00,0.00,0.00,0.00,NaN,NaN,NaN,NaN,NaN,NaN
1271.82,30.22,40.45,36.00,20.00,MAN,0,0,0,0.00,0.00,0.00,0.00,0.00,0.00,0.00,0.00,NaN,NaN,NaN,NaN,NaN,NaN
1272.82,30.21,40.45,36.00,20.00,MAN,0,0,0,0.00,0.00,0.00,0.00,0.00,0.00,0.00,0.00,NaN,NaN,NaN,NaN,NaN,NaN
1273.83,30.22,40.48,36.00,20.00,MAN,0,0,0,0.00,0.00,0.00,0.00,0.00,0.00,0.00,0.00,NaN,NaN,NaN,NaN,NaN,NaN
1274.82,30.21,40.48,36.00,20.00,MAN,0,0,0,0.00,0.00,0.00,0.00,0.00,0.00,0.00,0.00,NaN,NaN,NaN,NaN,NaN,NaN
1275.83,30.21,40.48,36.00,20.00,MAN,0,0,0,0.00,0.00,0.00,0.00,0.00,0.00,0.00,0.00,NaN,NaN,NaN,NaN,NaN,NaN
1276.83,30.21,40.46,36.00,20.00,MAN,0,0,0,0.00,0.00,0.00,0.00,0.00,0.00,0.00,0.00,NaN,NaN,NaN,NaN,NaN,NaN
1277.83,30.21,40.46,36.00,20.00,MAN,0,0,0,0.00,0.00,0.00,0.00,0.00,0.00,0.00,0.00,NaN,NaN,NaN,NaN,NaN,NaN
1278.83,30.20,40.46,36.00,20.00,MAN,0,0,0,0.00,0.00,0.00,0.00,0.00,0.00,0.00,0.00,NaN,NaN,NaN,NaN,NaN,NaN
1279.83,30.20,40.46,36.00,20.00,MAN,0,0,0,0.00,0.00,0.00,0.00,0.00,0.00,0.00,0.00,NaN,NaN,NaN,NaN,NaN,NaN
1280.83,30.20,40.46,36.00,20.00,MAN,0,0,0,0.00,0.00,0.00,0.00,0.00,0.00,0.00,0.00,NaN,NaN,NaN,NaN,NaN,NaN
1281.84,30.20,40.46,36.00,20.00,MAN,0,0,0,0.00,0.00,0.00,0.00,0.00,0.00,0.00,0.00,NaN,NaN,NaN,NaN,NaN,NaN
1282.84,30.20,40.49,36.00,20.00,MAN,0,0,0,0.00,0.00,0.00,0.00,0.00,0.00,0.00,0.00,NaN,NaN,NaN,NaN,NaN,NaN
1283.84,30.20,40.49,36.00,20.00,MAN,0,0,0,0.00,0.00,0.00,0.00,0.00,0.00,0.00,0.00,NaN,NaN,NaN,NaN,NaN,NaN
1284.84,30.19,40.49,36.00,20.00,MAN,0,0,0,0.00,0.00,0.00,0.00,0.00,0.00,0.00,0.00,NaN,NaN,NaN,NaN,NaN,NaN
1285.84,30.19,40.49,36.00,20.00,MAN,0,0,0,0.00,0.00,0.00,0.00,0.00,0.00,0.00,0.00,NaN,NaN,NaN,NaN,NaN,NaN
1286.84,30.19,40.52,36.00,20.00,MAN,0,0,0,0.00,0.00,0.00,0.00,0.00,0.00,0.00,0.00,NaN,NaN,NaN,NaN,NaN,NaN
1287.85,30.18,40.52,36.00,20.00,MAN,0,0,0,0.00,0.00,0.00,0.00,0.00,0.00,0.00,0.00,NaN,NaN,NaN,NaN,NaN,NaN
1288.85,30.19,40.52,36.00,20.00,MAN,0,0,0,0.00,0.00,0.00,0.00,0.00,0.00,0.00,0.00,NaN,NaN,NaN,NaN,NaN,NaN
1289.85,30.18,40.52,36.00,20.00,MAN,0,0,0,0.00,0.00,0.00,0.00,0.00,0.00,0.00,0.00,NaN,NaN,NaN,NaN,NaN,NaN
1290.85,30.18,40.56,36.00,20.00,MAN,0,0,0,0.00,0.00,0.00,0.00,0.00,0.00,0.00,0.00,NaN,NaN,NaN,NaN,NaN,NaN
1291.85,30.18,40.56,36.00,20.00,MAN,0,0,0,0.00,0.00,0.00,0.00,0.00,0.00,0.00,0.00,NaN,NaN,NaN,NaN,NaN,NaN
1292.85,30.18,40.56,36.00,20.00,MAN,0,0,0,0.00,0.00,0.00,0.00,0.00,0.00,0.00,0.00,NaN,NaN,NaN,NaN,NaN,NaN
1293.85,30.17,40.56,36.00,20.00,MAN,0,0,0,0.00,0.00,0.00,0.00,0.00,0.00,0.00,0.00,NaN,NaN,NaN,NaN,NaN,NaN
1294.86,30.17,40.56,36.00,20.00,MAN,0,0,0,0.00,0.00,0.00,0.00,0.00,0.00,0.00,0.00,NaN,NaN,NaN,NaN,NaN,NaN
1295.86,30.17,40.56,36.00,20.00,MAN,0,0,0,0.00,0.00,0.00,0.00,0.00,0.00,0.00,0.00,NaN,NaN,NaN,NaN,NaN,NaN
1296.86,30.17,40.56,36.00,20.00,MAN,0,0,0,0.00,0.00,0.00,0.00,0.00,0.00,0.00,0.00,NaN,NaN,NaN,NaN,NaN,NaN
1297.86,30.16,40.56,36.00,20.00,MAN,0,0,0,0.00,0.00,0.00,0.00,0.00,0.00,0.00,0.00,NaN,NaN,NaN,NaN,NaN,NaN
1298.86,30.17,40.56,36.00,20.00,MAN,0,0,0,0.00,0.00,0.00,0.00,0.00,0.00,0.00,0.00,NaN,NaN,NaN,NaN,NaN,NaN
1299.86,30.16,40.56,36.00,20.00,MAN,0,0,0,0.00,0.00,0.00,0.00,0.00,0.00,0.00,0.00,NaN,NaN,NaN,NaN,NaN,NaN
1300.87,30.16,40.56,36.00,20.00,MAN,0,0,0,0.00,0.00,0.00,0.00,0.00,0.00,0.00,0.00,NaN,NaN,NaN,NaN,NaN,NaN
1301.87,30.16,40.56,36.00,20.00,MAN,0,0,0,0.00,0.00,0.00,0.00,0.00,0.00,0.00,0.00,NaN,NaN,NaN,NaN,NaN,NaN
1302.87,30.16,40.56,36.00,20.00,MAN,0,0,0,0.00,0.00,0.00,0.00,0.00,0.00,0.00,0.00,NaN,NaN,NaN,NaN,NaN,NaN
1303.87,30.15,40.56,36.00,20.00,MAN,0,0,0,0.00,0.00,0.00,0.00,0.00,0.00,0.00,0.00,NaN,NaN,NaN,NaN,NaN,NaN
1304.87,30.15,40.56,36.00,20.00,MAN,0,0,0,0.00,0.00,0.00,0.00,0.00,0.00,0.00,0.00,NaN,NaN,NaN,NaN,NaN,NaN
1305.88,30.15,40.59,36.00,20.00,MAN,0,0,0,0.00,0.00,0.00,0.00,0.00,0.00,0.00,0.00,NaN,NaN,NaN,NaN,NaN,NaN
1306.87,30.15,40.59,36.00,20.00,MAN,0,0,0,0.00,0.00,0.00,0.00,0.00,0.00,0.00,0.00,NaN,NaN,NaN,NaN,NaN,NaN
1307.88,30.15,40.56,36.00,20.00,MAN,0,0,0,0.00,0.00,0.00,0.00,0.00,0.00,0.00,0.00,NaN,NaN,NaN,NaN,NaN,NaN
1308.88,30.13,40.56,36.00,20.00,MAN,0,0,0,0.00,0.00,0.00,0.00,0.00,0.00,0.00,0.00,NaN,NaN,NaN,NaN,NaN,NaN
1309.88,30.13,40.56,36.00,20.00,MAN,0,0,0,0.00,0.00,0.00,0.00,0.00,0.00,0.00,0.00,NaN,NaN,NaN,NaN,NaN,NaN
1310.88,30.13,40.56,36.00,20.00,MAN,0,0,0,0.00,0.00,0.00,0.00,0.00,0.00,0.00,0.00,NaN,NaN,NaN,NaN,NaN,NaN
1311.88,30.13,40.56,36.00,20.00,MAN,0,0,0,0.00,0.00,0.00,0.00,0.00,0.00,0.00,0.00,NaN,NaN,NaN,NaN,NaN,NaN
1312.88,30.13,40.56,36.00,20.00,MAN,0,0,0,0.00,0.00,0.00,0.00,0.00,0.00,0.00,0.00,NaN,NaN,NaN,NaN,NaN,NaN
1313.89,30.12,40.52,36.00,20.00,MAN,0,0,0,0.00,0.00,0.00,0.00,0.00,0.00,0.00,0.00,NaN,NaN,NaN,NaN,NaN,NaN
1314.89,30.12,40.52,36.00,20.00,MAN,0,0,0,0.00,0.00,0.00,0.00,0.00,0.00,0.00,0.00,NaN,NaN,NaN,NaN,NaN,NaN
1315.89,30.12,40.52,36.00,20.00,MAN,0,0,0,0.00,0.00,0.00,0.00,0.00,0.00,0.00,0.00,NaN,NaN,NaN,NaN,NaN,NaN
1316.89,30.12,40.52,36.00,20.00,MAN,0,0,0,0.00,0.00,0.00,0.00,0.00,0.00,0.00,0.00,NaN,NaN,NaN,NaN,NaN,NaN
1317.89,30.12,40.56,36.00,20.00,MAN,0,0,0,0.00,0.00,0.00,0.00,0.00,0.00,0.00,0.00,NaN,NaN,NaN,NaN,NaN,NaN
1318.89,30.11,40.56,36.00,20.00,MAN,0,0,0,0.00,0.00,0.00,0.00,0.00,0.00,0.00,0.00,NaN,NaN,NaN,NaN,NaN,NaN
1319.90,30.11,40.56,36.00,20.00,MAN,0,0,0,0.00,0.00,0.00,0.00,0.00,0.00,0.00,0.00,NaN,NaN,NaN,NaN,NaN,NaN
1320.90,30.11,40.59,36.00,20.00,MAN,0,0,0,0.00,0.00,0.00,0.00,0.00,0.00,0.00,0.00,NaN,NaN,NaN,NaN,NaN,NaN
1321.90,30.11,40.59,36.00,20.00,MAN,0,0,0,0.00,0.00,0.00,0.00,0.00,0.00,0.00,0.00,NaN,NaN,NaN,NaN,NaN,NaN
1322.90,30.10,40.59,36.00,20.00,MAN,0,0,0,0.00,0.00,0.00,0.00,0.00,0.00,0.00,0.00,NaN,NaN,NaN,NaN,NaN,NaN
1323.90,30.10,40.59,36.00,20.00,MAN,0,0,0,0.00,0.00,0.00,0.00,0.00,0.00,0.00,0.00,NaN,NaN,NaN,NaN,NaN,NaN
1324.90,30.11,40.59,36.00,20.00,MAN,0,0,0,0.00,0.00,0.00,0.00,0.00,0.00,0.00,0.00,NaN,NaN,NaN,NaN,NaN,NaN
1325.90,30.10,40.59,36.00,20.00,MAN,0,0,0,0.00,0.00,0.00,0.00,0.00,0.00,0.00,0.00,NaN,NaN,NaN,NaN,NaN,NaN
1326.91,30.10,40.59,36.00,20.00,MAN,0,0,0,0.00,0.00,0.00,0.00,0.00,0.00,0.00,0.00,NaN,NaN,NaN,NaN,NaN,NaN
1327.91,30.10,40.63,36.00,20.00,MAN,0,0,0,0.00,0.00,0.00,0.00,0.00,0.00,0.00,0.00,NaN,NaN,NaN,NaN,NaN,NaN
1328.91,30.10,40.63,36.00,20.00,MAN,0,0,0,0.00,0.00,0.00,0.00,0.00,0.00,0.00,0.00,NaN,NaN,NaN,NaN,NaN,NaN
1329.91,30.09,40.63,36.00,20.00,MAN,0,0,0,0.00,0.00,0.00,0.00,0.00,0.00,0.00,0.00,NaN,NaN,NaN,NaN,NaN,NaN
1330.91,30.09,40.63,36.00,20.00,MAN,0,0,0,0.00,0.00,0.00,0.00,0.00,0.00,0.00,0.00,NaN,NaN,NaN,NaN,NaN,NaN
1331.91,30.09,40.59,36.00,20.00,MAN,0,0,0,0.00,0.00,0.00,0.00,0.00,0.00,0.00,0.00,NaN,NaN,NaN,NaN,NaN,NaN
1332.92,30.09,40.59,36.00,20.00,MAN,0,0,0,0.00,0.00,0.00,0.00,0.00,0.00,0.00,0.00,NaN,NaN,NaN,NaN,NaN,NaN
1333.92,30.09,40.59,36.00,20.00,MAN,0,0,0,0.00,0.00,0.00,0.00,0.00,0.00,0.00,0.00,NaN,NaN,NaN,NaN,NaN,NaN
1334.92,30.08,40.59,36.00,20.00,MAN,0,0,0,0.00,0.00,0.00,0.00,0.00,0.00,0.00,0.00,NaN,NaN,NaN,NaN,NaN,NaN
1335.92,30.08,40.59,36.00,20.00,MAN,0,0,0,0.00,0.00,0.00,0.00,0.00,0.00,0.00,0.00,NaN,NaN,NaN,NaN,NaN,NaN
1336.92,30.08,40.59,36.00,20.00,MAN,0,0,0,0.00,0.00,0.00,0.00,0.00,0.00,0.00,0.00,NaN,NaN,NaN,NaN,NaN,NaN
1337.93,30.08,40.59,36.00,20.00,MAN,0,0,0,0.00,0.00,0.00,0.00,0.00,0.00,0.00,0.00,NaN,NaN,NaN,NaN,NaN,NaN
1338.92,30.08,40.59,36.00,20.00,MAN,0,0,0,0.00,0.00,0.00,0.00,0.00,0.00,0.00,0.00,NaN,NaN,NaN,NaN,NaN,NaN
1339.93,30.07,40.59,36.00,20.00,MAN,0,0,0,0.00,0.00,0.00,0.00,0.00,0.00,0.00,0.00,NaN,NaN,NaN,NaN,NaN,NaN
1340.93,30.07,40.59,36.00,20.00,MAN,0,0,0,0.00,0.00,0.00,0.00,0.00,0.00,0.00,0.00,NaN,NaN,NaN,NaN,NaN,NaN
1341.93,30.07,40.59,36.00,20.00,MAN,0,0,0,0.00,0.00,0.00,0.00,0.00,0.00,0.00,0.00,NaN,NaN,NaN,NaN,NaN,NaN
1342.93,30.07,40.59,36.00,20.00,MAN,0,0,0,0.00,0.00,0.00,0.00,0.00,0.00,0.00,0.00,NaN,NaN,NaN,NaN,NaN,NaN
1343.93,30.07,40.59,36.00,20.00,MAN,0,0,0,0.00,0.00,0.00,0.00,0.00,0.00,0.00,0.00,NaN,NaN,NaN,NaN,NaN,NaN
1344.93,30.07,40.59,36.00,20.00,MAN,0,0,0,0.00,0.00,0.00,0.00,0.00,0.00,0.00,0.00,NaN,NaN,NaN,NaN,NaN,NaN
1345.94,30.06,40.59,36.00,20.00,MAN,0,0,0,0.00,0.00,0.00,0.00,0.00,0.00,0.00,0.00,NaN,NaN,NaN,NaN,NaN,NaN
1346.94,30.06,40.59,36.00,20.00,MAN,0,0,0,0.00,0.00,0.00,0.00,0.00,0.00,0.00,0.00,NaN,NaN,NaN,NaN,NaN,NaN
1347.94,30.06,40.63,36.00,20.00,MAN,0,0,0,0.00,0.00,0.00,0.00,0.00,0.00,0.00,0.00,NaN,NaN,NaN,NaN,NaN,NaN
1348.94,30.06,40.59,36.00,20.00,MAN,0,0,0,0.00,0.00,0.00,0.00,0.00,0.00,0.00,0.00,NaN,NaN,NaN,NaN,NaN,NaN
1349.94,30.06,40.63,36.00,20.00,MAN,0,0,0,0.00,0.00,0.00,0.00,0.00,0.00,0.00,0.00,NaN,NaN,NaN,NaN,NaN,NaN
1350.94,30.06,40.63,36.00,20.00,MAN,0,0,0,0.00,0.00,0.00,0.00,0.00,0.00,0.00,0.00,NaN,NaN,NaN,NaN,NaN,NaN
1351.95,30.05,40.63,36.00,20.00,MAN,0,0,0,0.00,0.00,0.00,0.00,0.00,0.00,0.00,0.00,NaN,NaN,NaN,NaN,NaN,NaN
1352.95,30.05,40.63,36.00,20.00,MAN,0,0,0,0.00,0.00,0.00,0.00,0.00,0.00,0.00,0.00,NaN,NaN,NaN,NaN,NaN,NaN
1353.95,30.05,40.66,36.00,20.00,MAN,0,0,0,0.00,0.00,0.00,0.00,0.00,0.00,0.00,0.00,NaN,NaN,NaN,NaN,NaN,NaN
1354.95,30.05,40.66,36.00,20.00,MAN,0,0,0,0.00,0.00,0.00,0.00,0.00,0.00,0.00,0.00,NaN,NaN,NaN,NaN,NaN,NaN
1355.95,30.05,40.66,36.00,20.00,MAN,0,0,0,0.00,0.00,0.00,0.00,0.00,0.00,0.00,0.00,NaN,NaN,NaN,NaN,NaN,NaN
1356.95,30.05,40.66,36.00,20.00,MAN,0,0,0,0.00,0.00,0.00,0.00,0.00,0.00,0.00,0.00,NaN,NaN,NaN,NaN,NaN,NaN
1357.95,30.04,40.66,36.00,20.00,MAN,0,0,0,0.00,0.00,0.00,0.00,0.00,0.00,0.00,0.00,NaN,NaN,NaN,NaN,NaN,NaN
1358.96,30.04,40.66,36.00,20.00,MAN,0,0,0,0.00,0.00,0.00,0.00,0.00,0.00,0.00,0.00,NaN,NaN,NaN,NaN,NaN,NaN
1359.96,30.04,40.66,36.00,20.00,MAN,0,0,0,0.00,0.00,0.00,0.00,0.00,0.00,0.00,0.00,NaN,NaN,NaN,NaN,NaN,NaN
1360.96,30.04,40.66,36.00,20.00,MAN,0,0,0,0.00,0.00,0.00,0.00,0.00,0.00,0.00,0.00,NaN,NaN,NaN,NaN,NaN,NaN
1361.96,30.04,40.66,36.00,20.00,MAN,0,0,0,0.00,0.00,0.00,0.00,0.00,0.00,0.00,0.00,NaN,NaN,NaN,NaN,NaN,NaN
1362.96,30.03,40.64,36.00,20.00,MAN,0,0,0,0.00,0.00,0.00,0.00,0.00,0.00,0.00,0.00,NaN,NaN,NaN,NaN,NaN,NaN
1363.96,30.03,40.61,36.00,20.00,MAN,0,0,0,0.00,0.00,0.00,0.00,0.00,0.00,0.00,0.00,NaN,NaN,NaN,NaN,NaN,NaN
1364.97,30.03,40.61,36.00,20.00,MAN,0,0,0,0.00,0.00,0.00,0.00,0.00,0.00,0.00,0.00,NaN,NaN,NaN,NaN,NaN,NaN
1365.97,30.03,40.64,36.00,20.00,MAN,0,0,0,0.00,0.00,0.00,0.00,0.00,0.00,0.00,0.00,NaN,NaN,NaN,NaN,NaN,NaN
1366.97,30.02,40.64,36.00,20.00,MAN,0,0,0,0.00,0.00,0.00,0.00,0.00,0.00,0.00,0.00,NaN,NaN,NaN,NaN,NaN,NaN
1367.97,30.02,40.64,36.00,20.00,MAN,0,0,0,0.00,0.00,0.00,0.00,0.00,0.00,0.00,0.00,NaN,NaN,NaN,NaN,NaN,NaN
1368.97,30.02,40.64,36.00,20.00,MAN,0,0,0,0.00,0.00,0.00,0.00,0.00,0.00,0.00,0.00,NaN,NaN,NaN,NaN,NaN,NaN
1369.98,30.02,40.64,36.00,20.00,MAN,0,0,0,0.00,0.00,0.00,0.00,0.00,0.00,0.00,0.00,NaN,NaN,NaN,NaN,NaN,NaN
1370.97,30.02,40.64,36.00,20.00,MAN,0,0,0,0.00,0.00,0.00,0.00,0.00,0.00,0.00,0.00,NaN,NaN,NaN,NaN,NaN,NaN
1371.98,30.02,40.64,36.00,20.00,MAN,0,0,0,0.00,0.00,0.00,0.00,0.00,0.00,0.00,0.00,NaN,NaN,NaN,NaN,NaN,NaN
1372.98,30.01,40.64,36.00,20.00,MAN,0,0,0,0.00,0.00,0.00,0.00,0.00,0.00,0.00,0.00,NaN,NaN,NaN,NaN,NaN,NaN
1373.98,30.02,40.64,36.00,20.00,MAN,0,0,0,0.00,0.00,0.00,0.00,0.00,0.00,0.00,0.00,NaN,NaN,NaN,NaN,NaN,NaN
1374.98,30.01,40.68,36.00,20.00,MAN,0,0,0,0.00,0.00,0.00,0.00,0.00,0.00,0.00,0.00,NaN,NaN,NaN,NaN,NaN,NaN
1375.98,30.01,40.68,36.00,20.00,MAN,0,0,0,0.00,0.00,0.00,0.00,0.00,0.00,0.00,0.00,NaN,NaN,NaN,NaN,NaN,NaN
1376.98,30.01,40.68,36.00,20.00,MAN,0,0,0,0.00,0.00,0.00,0.00,0.00,0.00,0.00,0.00,NaN,NaN,NaN,NaN,NaN,NaN
1377.99,30.01,40.68,36.00,20.00,MAN,0,0,0,0.00,0.00,0.00,0.00,0.00,0.00,0.00,0.00,NaN,NaN,NaN,NaN,NaN,NaN
1378.99,30.01,40.68,36.00,20.00,MAN,0,0,0,0.00,0.00,0.00,0.00,0.00,0.00,0.00,0.00,NaN,NaN,NaN,NaN,NaN,NaN
1379.99,30.00,40.68,36.00,20.00,MAN,0,0,0,0.00,0.00,0.00,0.00,0.00,0.00,0.00,0.00,NaN,NaN,NaN,NaN,NaN,NaN
1380.99,30.00,40.68,36.00,20.00,MAN,0,0,0,0.00,0.00,0.00,0.00,0.00,0.00,0.00,0.00,NaN,NaN,NaN,NaN,NaN,NaN
1381.99,30.00,40.68,36.00,20.00,MAN,0,0,0,0.00,0.00,0.00,0.00,0.00,0.00,0.00,0.00,NaN,NaN,NaN,NaN,NaN,NaN
1382.99,30.00,40.68,36.00,20.00,MAN,0,0,0,0.00,0.00,0.00,0.00,0.00,0.00,0.00,0.00,NaN,NaN,NaN,NaN,NaN,NaN
1384.00,29.98,40.68,36.00,20.00,MAN,0,0,0,0.00,0.00,0.00,0.00,0.00,0.00,0.00,0.00,NaN,NaN,NaN,NaN,NaN,NaN
1385.00,29.98,40.68,36.00,20.00,MAN,0,0,0,0.00,0.00,0.00,0.00,0.00,0.00,0.00,0.00,NaN,NaN,NaN,NaN,NaN,NaN
1386.00,29.98,40.64,36.00,20.00,MAN,0,0,0,0.00,0.00,0.00,0.00,0.00,0.00,0.00,0.00,NaN,NaN,NaN,NaN,NaN,NaN
1387.00,29.98,40.64,36.00,20.00,MAN,0,0,0,0.00,0.00,0.00,0.00,0.00,0.00,0.00,0.00,NaN,NaN,NaN,NaN,NaN,NaN
1388.00,29.98,40.64,36.00,20.00,MAN,0,0,0,0.00,0.00,0.00,0.00,0.00,0.00,0.00,0.00,NaN,NaN,NaN,NaN,NaN,NaN
1389.00,29.97,40.61,36.00,20.00,MAN,0,0,0,0.00,0.00,0.00,0.00,0.00,0.00,0.00,0.00,NaN,NaN,NaN,NaN,NaN,NaN
1390.00,29.98,40.61,36.00,20.00,MAN,0,0,0,0.00,0.00,0.00,0.00,0.00,0.00,0.00,0.00,NaN,NaN,NaN,NaN,NaN,NaN
1391.01,29.97,40.61,36.00,20.00,MAN,0,0,0,0.00,0.00,0.00,0.00,0.00,0.00,0.00,0.00,NaN,NaN,NaN,NaN,NaN,NaN
1392.01,29.97,40.61,36.00,20.00,MAN,0,0,0,0.00,0.00,0.00,0.00,0.00,0.00,0.00,0.00,NaN,NaN,NaN,NaN,NaN,NaN
1393.01,29.97,40.61,36.00,20.00,MAN,0,0,0,0.00,0.00,0.00,0.00,0.00,0.00,0.00,0.00,NaN,NaN,NaN,NaN,NaN,NaN
1394.01,29.97,40.61,36.00,20.00,MAN,0,0,0,0.00,0.00,0.00,0.00,0.00,0.00,0.00,0.00,NaN,NaN,NaN,NaN,NaN,NaN
1395.01,29.96,40.61,36.00,20.00,MAN,0,0,0,0.00,0.00,0.00,0.00,0.00,0.00,0.00,0.00,NaN,NaN,NaN,NaN,NaN,NaN
1396.01,29.96,40.61,36.00,20.00,MAN,0,0,0,0.00,0.00,0.00,0.00,0.00,0.00,0.00,0.00,NaN,NaN,NaN,NaN,NaN,NaN
1397.02,29.97,40.61,36.00,20.00,MAN,0,0,0,0.00,0.00,0.00,0.00,0.00,0.00,0.00,0.00,NaN,NaN,NaN,NaN,NaN,NaN
1398.02,29.96,40.64,36.00,20.00,MAN,0,0,0,0.00,0.00,0.00,0.00,0.00,0.00,0.00,0.00,NaN,NaN,NaN,NaN,NaN,NaN
1399.02,29.96,40.64,36.00,20.00,MAN,0,0,0,0.00,0.00,0.00,0.00,0.00,0.00,0.00,0.00,NaN,NaN,NaN,NaN,NaN,NaN
1400.02,29.96,40.64,36.00,20.00,MAN,0,0,0,0.00,0.00,0.00,0.00,0.00,0.00,0.00,0.00,NaN,NaN,NaN,NaN,NaN,NaN
1401.02,29.95,40.64,36.00,20.00,MAN,0,0,0,0.00,0.00,0.00,0.00,0.00,0.00,0.00,0.00,NaN,NaN,NaN,NaN,NaN,NaN
1402.03,29.95,40.64,36.00,20.00,MAN,0,0,0,0.00,0.00,0.00,0.00,0.00,0.00,0.00,0.00,NaN,NaN,NaN,NaN,NaN,NaN
1403.02,29.95,40.64,36.00,20.00,MAN,0,0,0,0.00,0.00,0.00,0.00,0.00,0.00,0.00,0.00,NaN,NaN,NaN,NaN,NaN,NaN
1404.03,29.95,40.64,36.00,20.00,MAN,0,0,0,0.00,0.00,0.00,0.00,0.00,0.00,0.00,0.00,NaN,NaN,NaN,NaN,NaN,NaN
1405.03,29.95,40.64,36.00,20.00,MAN,0,0,0,0.00,0.00,0.00,0.00,0.00,0.00,0.00,0.00,NaN,NaN,NaN,NaN,NaN,NaN
1406.03,29.95,40.64,36.00,20.00,MAN,0,0,0,0.00,0.00,0.00,0.00,0.00,0.00,0.00,0.00,NaN,NaN,NaN,NaN,NaN,NaN
1407.03,29.95,40.64,36.00,20.00,MAN,0,0,0,0.00,0.00,0.00,0.00,0.00,0.00,0.00,0.00,NaN,NaN,NaN,NaN,NaN,NaN
1408.03,29.95,40.64,36.00,20.00,MAN,0,0,0,0.00,0.00,0.00,0.00,0.00,0.00,0.00,0.00,NaN,NaN,NaN,NaN,NaN,NaN
1409.03,29.95,40.64,36.00,20.00,MAN,0,0,0,0.00,0.00,0.00,0.00,0.00,0.00,0.00,0.00,NaN,NaN,NaN,NaN,NaN,NaN
1410.04,29.94,40.64,36.00,20.00,MAN,0,0,0,0.00,0.00,0.00,0.00,0.00,0.00,0.00,0.00,NaN,NaN,NaN,NaN,NaN,NaN
1411.04,29.94,40.64,36.00,20.00,MAN,0,0,0,0.00,0.00,0.00,0.00,0.00,0.00,0.00,0.00,NaN,NaN,NaN,NaN,NaN,NaN
1412.04,29.94,40.64,36.00,20.00,MAN,0,0,0,0.00,0.00,0.00,0.00,0.00,0.00,0.00,0.00,NaN,NaN,NaN,NaN,NaN,NaN
1413.04,29.94,40.64,36.00,20.00,MAN,0,0,0,0.00,0.00,0.00,0.00,0.00,0.00,0.00,0.00,NaN,NaN,NaN,NaN,NaN,NaN
1414.04,29.94,40.64,36.00,20.00,MAN,0,0,0,0.00,0.00,0.00,0.00,0.00,0.00,0.00,0.00,NaN,NaN,NaN,NaN,NaN,NaN
1415.04,29.94,40.64,36.00,20.00,MAN,0,0,0,0.00,0.00,0.00,0.00,0.00,0.00,0.00,0.00,NaN,NaN,NaN,NaN,NaN,NaN
1416.05,29.93,40.64,36.00,20.00,MAN,0,0,0,0.00,0.00,0.00,0.00,0.00,0.00,0.00,0.00,NaN,NaN,NaN,NaN,NaN,NaN
1417.05,29.93,40.64,36.00,20.00,MAN,0,0,0,0.00,0.00,0.00,0.00,0.00,0.00,0.00,0.00,NaN,NaN,NaN,NaN,NaN,NaN
1418.05,29.93,40.64,36.00,20.00,MAN,0,0,0,0.00,0.00,0.00,0.00,0.00,0.00,0.00,0.00,NaN,NaN,NaN,NaN,NaN,NaN
1419.05,29.92,40.68,36.00,20.00,MAN,0,0,0,0.00,0.00,0.00,0.00,0.00,0.00,0.00,0.00,NaN,NaN,NaN,NaN,NaN,NaN
1420.05,29.93,40.68,36.00,20.00,MAN,0,0,0,0.00,0.00,0.00,0.00,0.00,0.00,0.00,0.00,NaN,NaN,NaN,NaN,NaN,NaN
1421.05,29.92,40.71,36.00,20.00,MAN,0,0,0,0.00,0.00,0.00,0.00,0.00,0.00,0.00,0.00,NaN,NaN,NaN,NaN,NaN,NaN
1422.05,29.92,40.71,36.00,20.00,MAN,0,0,0,0.00,0.00,0.00,0.00,0.00,0.00,0.00,0.00,NaN,NaN,NaN,NaN,NaN,NaN
1423.06,29.92,40.71,36.00,20.00,MAN,0,0,0,0.00,0.00,0.00,0.00,0.00,0.00,0.00,0.00,NaN,NaN,NaN,NaN,NaN,NaN
1424.06,29.92,40.75,36.00,20.00,MAN,0,0,0,0.00,0.00,0.00,0.00,0.00,0.00,0.00,0.00,NaN,NaN,NaN,NaN,NaN,NaN
1425.06,29.91,40.75,36.00,20.00,MAN,0,0,0,0.00,0.00,0.00,0.00,0.00,0.00,0.00,0.00,NaN,NaN,NaN,NaN,NaN,NaN
1426.06,29.92,40.75,36.00,20.00,MAN,0,0,0,0.00,0.00,0.00,0.00,0.00,0.00,0.00,0.00,NaN,NaN,NaN,NaN,NaN,NaN
1427.06,29.91,40.75,36.00,20.00,MAN,0,0,0,0.00,0.00,0.00,0.00,0.00,0.00,0.00,0.00,NaN,NaN,NaN,NaN,NaN,NaN
1428.06,29.91,40.75,36.00,20.00,MAN,0,0,0,0.00,0.00,0.00,0.00,0.00,0.00,0.00,0.00,NaN,NaN,NaN,NaN,NaN,NaN
1429.07,29.91,40.78,36.00,20.00,MAN,0,0,0,0.00,0.00,0.00,0.00,0.00,0.00,0.00,0.00,NaN,NaN,NaN,NaN,NaN,NaN
1430.07,29.91,40.78,36.00,20.00,MAN,0,0,0,0.00,0.00,0.00,0.00,0.00,0.00,0.00,0.00,NaN,NaN,NaN,NaN,NaN,NaN
1431.07,29.91,40.78,36.00,20.00,MAN,0,0,0,0.00,0.00,0.00,0.00,0.00,0.00,0.00,0.00,NaN,NaN,NaN,NaN,NaN,NaN
1432.07,29.90,40.78,36.00,20.00,MAN,0,0,0,0.00,0.00,0.00,0.00,0.00,0.00,0.00,0.00,NaN,NaN,NaN,NaN,NaN,NaN
1433.07,29.90,40.78,36.00,20.00,MAN,0,0,0,0.00,0.00,0.00,0.00,0.00,0.00,0.00,0.00,NaN,NaN,NaN,NaN,NaN,NaN
1434.07,29.90,40.78,36.00,20.00,MAN,0,0,0,0.00,0.00,0.00,0.00,0.00,0.00,0.00,0.00,NaN,NaN,NaN,NaN,NaN,NaN
1435.07,29.90,40.78,36.00,20.00,MAN,0,0,0,0.00,0.00,0.00,0.00,0.00,0.00,0.00,0.00,NaN,NaN,NaN,NaN,NaN,NaN
1436.08,29.90,40.78,36.00,20.00,MAN,0,0,0,0.00,0.00,0.00,0.00,0.00,0.00,0.00,0.00,NaN,NaN,NaN,NaN,NaN,NaN
1437.08,29.90,40.78,36.00,20.00,MAN,0,0,0,0.00,0.00,0.00,0.00,0.00,0.00,0.00,0.00,NaN,NaN,NaN,NaN,NaN,NaN
1438.08,29.89,40.75,36.00,20.00,MAN,0,0,0,0.00,0.00,0.00,0.00,0.00,0.00,0.00,0.00,NaN,NaN,NaN,NaN,NaN,NaN
1439.08,29.89,40.75,36.00,20.00,MAN,0,0,0,0.00,0.00,0.00,0.00,0.00,0.00,0.00,0.00,NaN,NaN,NaN,NaN,NaN,NaN
1440.08,29.89,40.75,36.00,20.00,MAN,0,0,0,0.00,0.00,0.00,0.00,0.00,0.00,0.00,0.00,NaN,NaN,NaN,NaN,NaN,NaN
1441.08,29.89,40.75,36.00,20.00,MAN,0,0,0,0.00,0.00,0.00,0.00,0.00,0.00,0.00,0.00,NaN,NaN,NaN,NaN,NaN,NaN
1442.09,29.88,40.75,36.00,20.00,MAN,0,0,0,0.00,0.00,0.00,0.00,0.00,0.00,0.00,0.00,NaN,NaN,NaN,NaN,NaN,NaN
1443.09,29.88,40.75,36.00,20.00,MAN,0,0,0,0.00,0.00,0.00,0.00,0.00,0.00,0.00,0.00,NaN,NaN,NaN,NaN,NaN,NaN
1444.09,29.89,40.75,36.00,20.00,MAN,0,0,0,0.00,0.00,0.00,0.00,0.00,0.00,0.00,0.00,NaN,NaN,NaN,NaN,NaN,NaN
1445.09,29.88,40.75,36.00,20.00,MAN,0,0,0,0.00,0.00,0.00,0.00,0.00,0.00,0.00,0.00,NaN,NaN,NaN,NaN,NaN,NaN
1446.09,29.88,40.75,36.00,20.00,MAN,0,0,0,0.00,0.00,0.00,0.00,0.00,0.00,0.00,0.00,NaN,NaN,NaN,NaN,NaN,NaN
1447.09,29.88,40.75,36.00,20.00,MAN,0,0,0,0.00,0.00,0.00,0.00,0.00,0.00,0.00,0.00,NaN,NaN,NaN,NaN,NaN,NaN
1448.10,29.88,40.72,36.00,20.00,MAN,0,0,0,0.00,0.00,0.00,0.00,0.00,0.00,0.00,0.00,NaN,NaN,NaN,NaN,NaN,NaN
1449.10,29.88,40.75,36.00,20.00,MAN,0,0,0,0.00,0.00,0.00,0.00,0.00,0.00,0.00,0.00,NaN,NaN,NaN,NaN,NaN,NaN
1450.10,29.87,40.75,36.00,20.00,MAN,0,0,0,0.00,0.00,0.00,0.00,0.00,0.00,0.00,0.00,NaN,NaN,NaN,NaN,NaN,NaN
1451.10,29.87,40.72,36.00,20.00,MAN,0,0,0,0.00,0.00,0.00,0.00,0.00,0.00,0.00,0.00,NaN,NaN,NaN,NaN,NaN,NaN
1452.10,29.87,40.72,36.00,20.00,MAN,0,0,0,0.00,0.00,0.00,0.00,0.00,0.00,0.00,0.00,NaN,NaN,NaN,NaN,NaN,NaN
1453.11,29.87,40.68,36.00,20.00,MAN,0,0,0,0.00,0.00,0.00,0.00,0.00,0.00,0.00,0.00,NaN,NaN,NaN,NaN,NaN,NaN
1454.10,29.87,40.68,36.00,20.00,MAN,0,0,0,0.00,0.00,0.00,0.00,0.00,0.00,0.00,0.00,NaN,NaN,NaN,NaN,NaN,NaN
1455.11,29.87,40.68,36.00,20.00,MAN,0,0,0,0.00,0.00,0.00,0.00,0.00,0.00,0.00,0.00,NaN,NaN,NaN,NaN,NaN,NaN
1456.11,29.86,40.68,36.00,20.00,MAN,0,0,0,0.00,0.00,0.00,0.00,0.00,0.00,0.00,0.00,NaN,NaN,NaN,NaN,NaN,NaN
1457.11,29.86,40.68,36.00,20.00,MAN,0,0,0,0.00,0.00,0.00,0.00,0.00,0.00,0.00,0.00,NaN,NaN,NaN,NaN,NaN,NaN
1458.11,29.87,40.68,36.00,20.00,MAN,0,0,0,0.00,0.00,0.00,0.00,0.00,0.00,0.00,0.00,NaN,NaN,NaN,NaN,NaN,NaN
1459.11,29.86,40.72,36.00,20.00,MAN,0,0,0,0.00,0.00,0.00,0.00,0.00,0.00,0.00,0.00,NaN,NaN,NaN,NaN,NaN,NaN
1460.11,29.86,40.72,36.00,20.00,MAN,0,0,0,0.00,0.00,0.00,0.00,0.00,0.00,0.00,0.00,NaN,NaN,NaN,NaN,NaN,NaN
1461.12,29.85,40.72,36.00,20.00,MAN,0,0,0,0.00,0.00,0.00,0.00,0.00,0.00,0.00,0.00,NaN,NaN,NaN,NaN,NaN,NaN
1462.12,29.86,40.72,36.00,20.00,MAN,0,0,0,0.00,0.00,0.00,0.00,0.00,0.00,0.00,0.00,NaN,NaN,NaN,NaN,NaN,NaN
1463.12,29.85,40.75,36.00,20.00,MAN,0,0,0,0.00,0.00,0.00,0.00,0.00,0.00,0.00,0.00,NaN,NaN,NaN,NaN,NaN,NaN
1464.12,29.85,40.75,36.00,20.00,MAN,0,0,0,0.00,0.00,0.00,0.00,0.00,0.00,0.00,0.00,NaN,NaN,NaN,NaN,NaN,NaN
1465.12,29.85,40.75,36.00,20.00,MAN,0,0,0,0.00,0.00,0.00,0.00,0.00,0.00,0.00,0.00,NaN,NaN,NaN,NaN,NaN,NaN
1466.13,29.85,40.75,36.00,20.00,MAN,0,0,0,0.00,0.00,0.00,0.00,0.00,0.00,0.00,0.00,NaN,NaN,NaN,NaN,NaN,NaN
1467.12,29.85,40.75,36.00,20.00,MAN,0,0,0,0.00,0.00,0.00,0.00,0.00,0.00,0.00,0.00,NaN,NaN,NaN,NaN,NaN,NaN
1468.13,29.83,40.75,36.00,20.00,MAN,0,0,0,0.00,0.00,0.00,0.00,0.00,0.00,0.00,0.00,NaN,NaN,NaN,NaN,NaN,NaN
1469.13,29.83,40.75,36.00,20.00,MAN,0,0,0,0.00,0.00,0.00,0.00,0.00,0.00,0.00,0.00,NaN,NaN,NaN,NaN,NaN,NaN
1470.13,29.83,40.75,36.00,20.00,MAN,0,0,0,0.00,0.00,0.00,0.00,0.00,0.00,0.00,0.00,NaN,NaN,NaN,NaN,NaN,NaN
1471.13,29.83,40.75,36.00,20.00,MAN,0,0,0,0.00,0.00,0.00,0.00,0.00,0.00,0.00,0.00,NaN,NaN,NaN,NaN,NaN,NaN
1472.13,29.83,40.75,36.00,20.00,MAN,0,0,0,0.00,0.00,0.00,0.00,0.00,0.00,0.00,0.00,NaN,NaN,NaN,NaN,NaN,NaN
1473.13,29.82,40.75,36.00,20.00,MAN,0,0,0,0.00,0.00,0.00,0.00,0.00,0.00,0.00,0.00,NaN,NaN,NaN,NaN,NaN,NaN
1474.14,29.83,40.75,36.00,20.00,MAN,0,0,0,0.00,0.00,0.00,0.00,0.00,0.00,0.00,0.00,NaN,NaN,NaN,NaN,NaN,NaN
1475.14,29.82,40.75,36.00,20.00,MAN,0,0,0,0.00,0.00,0.00,0.00,0.00,0.00,0.00,0.00,NaN,NaN,NaN,NaN,NaN,NaN
1476.14,29.82,40.75,36.00,20.00,MAN,0,0,0,0.00,0.00,0.00,0.00,0.00,0.00,0.00,0.00,NaN,NaN,NaN,NaN,NaN,NaN
1477.14,29.82,40.75,36.00,20.00,MAN,0,0,0,0.00,0.00,0.00,0.00,0.00,0.00,0.00,0.00,NaN,NaN,NaN,NaN,NaN,NaN
1478.14,29.82,40.75,36.00,20.00,MAN,0,0,0,0.00,0.00,0.00,0.00,0.00,0.00,0.00,0.00,NaN,NaN,NaN,NaN,NaN,NaN
1479.15,29.81,40.75,36.00,20.00,MAN,0,0,0,0.00,0.00,0.00,0.00,0.00,0.00,0.00,0.00,NaN,NaN,NaN,NaN,NaN,NaN
1480.15,29.81,40.75,36.00,20.00,MAN,0,0,0,0.00,0.00,0.00,0.00,0.00,0.00,0.00,0.00,NaN,NaN,NaN,NaN,NaN,NaN
1481.15,29.81,40.72,36.00,20.00,MAN,0,0,0,0.00,0.00,0.00,0.00,0.00,0.00,0.00,0.00,NaN,NaN,NaN,NaN,NaN,NaN
1482.15,29.81,40.72,36.00,20.00,MAN,0,0,0,0.00,0.00,0.00,0.00,0.00,0.00,0.00,0.00,NaN,NaN,NaN,NaN,NaN,NaN
1483.15,29.81,40.72,36.00,20.00,MAN,0,0,0,0.00,0.00,0.00,0.00,0.00,0.00,0.00,0.00,NaN,NaN,NaN,NaN,NaN,NaN
1484.15,29.81,40.72,36.00,20.00,MAN,0,0,0,0.00,0.00,0.00,0.00,0.00,0.00,0.00,0.00,NaN,NaN,NaN,NaN,NaN,NaN
1485.16,29.81,40.72,36.00,20.00,MAN,0,0,0,0.00,0.00,0.00,0.00,0.00,0.00,0.00,0.00,NaN,NaN,NaN,NaN,NaN,NaN
1486.15,29.80,40.72,36.00,20.00,MAN,0,0,0,0.00,0.00,0.00,0.00,0.00,0.00,0.00,0.00,NaN,NaN,NaN,NaN,NaN,NaN
1487.16,29.80,40.68,36.00,20.00,MAN,0,0,0,0.00,0.00,0.00,0.00,0.00,0.00,0.00,0.00,NaN,NaN,NaN,NaN,NaN,NaN
1488.16,29.80,40.68,36.00,20.00,MAN,0,0,0,0.00,0.00,0.00,0.00,0.00,0.00,0.00,0.00,NaN,NaN,NaN,NaN,NaN,NaN
1498.18,30.10,75.08,36.00,20.00,MAN,1024,0,0,0.00,0.00,0.00,0.00,0.00,0.00,0.00,0.00,NaN,NaN,NaN,NaN,NaN,NaN
1499.18,30.23,77.53,36.00,20.00,MAN,0,0,0,0.00,0.00,0.00,0.00,0.00,0.00,0.00,0.00,NaN,NaN,NaN,NaN,NaN,NaN
1500.18,30.02,72.63,36.00,20.00,MAN,0,0,0,0.00,0.00,0.00,0.00,0.00,0.00,0.00,0.00,NaN,NaN,NaN,NaN,NaN,NaN
1501.18,29.92,64.80,36.00,20.00,MAN,0,0,0,0.00,0.00,0.00,0.00,0.00,0.00,0.00,0.00,NaN,NaN,NaN,NaN,NaN,NaN
1502.18,29.87,58.13,36.00,20.00,MAN,0,0,0,0.00,0.00,0.00,0.00,0.00,0.00,0.00,0.00,NaN,NaN,NaN,NaN,NaN,NaN
1503.18,29.79,52.99,36.00,20.00,MAN,0,0,0,0.00,0.00,0.00,0.00,0.00,0.00,0.00,0.00,NaN,NaN,NaN,NaN,NaN,NaN
1504.18,29.75,48.94,36.00,20.00,MAN,0,0,0,0.00,0.00,0.00,0.00,0.00,0.00,0.00,0.00,NaN,NaN,NaN,NaN,NaN,NaN
1505.18,29.72,46.11,36.00,20.00,MAN,0,0,0,0.00,0.00,0.00,0.00,0.00,0.00,0.00,0.00,NaN,NaN,NaN,NaN,NaN,NaN
1506.19,29.67,44.05,36.00,20.00,MAN,0,0,0,0.00,0.00,0.00,0.00,0.00,0.00,0.00,0.00,NaN,NaN,NaN,NaN,NaN,NaN
1507.19,29.57,42.85,36.00,20.00,MAN,0,0,0,0.00,0.00,0.00,0.00,0.00,0.00,0.00,0.00,NaN,NaN,NaN,NaN,NaN,NaN
1508.19,29.51,43.26,36.00,20.00,MAN,0,0,0,0.00,0.00,0.00,0.00,0.00,0.00,0.00,0.00,NaN,NaN,NaN,NaN,NaN,NaN
1509.19,29.49,43.03,36.00,20.00,MAN,0,0,0,0.00,0.00,0.00,0.00,0.00,0.00,0.00,0.00,NaN,NaN,NaN,NaN,NaN,NaN
1510.19,29.44,42.69,36.00,20.00,MAN,0,0,0,0.00,0.00,0.00,0.00,0.00,0.00,0.00,0.00,NaN,NaN,NaN,NaN,NaN,NaN
1511.20,29.34,41.78,36.00,20.00,MAN,0,0,0,0.00,0.00,0.00,0.00,0.00,0.00,0.00,0.00,NaN,NaN,NaN,NaN,NaN,NaN
1512.20,29.29,40.85,36.00,20.00,MAN,0,0,0,0.00,0.00,0.00,0.00,0.00,0.00,0.00,0.00,NaN,NaN,NaN,NaN,NaN,NaN
1513.20,29.23,40.18,36.00,20.00,MAN,0,0,0,0.00,0.00,0.00,0.00,0.00,0.00,0.00,0.00,NaN,NaN,NaN,NaN,NaN,NaN
1514.20,29.18,39.68,36.00,20.00,MAN,0,0,0,0.00,0.00,0.00,0.00,0.00,0.00,0.00,0.00,NaN,NaN,NaN,NaN,NaN,NaN
1515.20,29.13,39.56,36.00,20.00,MAN,0,0,0,0.00,0.00,0.00,0.00,0.00,0.00,0.00,0.00,NaN,NaN,NaN,NaN,NaN,NaN
1516.20,29.06,39.45,36.00,20.00,MAN,0,0,0,0.00,0.00,0.00,0.00,0.00,0.00,0.00,0.00,NaN,NaN,NaN,NaN,NaN,NaN
1517.20,29.01,39.25,36.00,20.00,MAN,0,0,0,0.00,0.00,0.00,0.00,0.00,0.00,0.00,0.00,NaN,NaN,NaN,NaN,NaN,NaN
1518.20,28.95,39.20,36.00,20.00,MAN,0,0,0,0.00,0.00,0.00,0.00,0.00,0.00,0.00,0.00,NaN,NaN,NaN,NaN,NaN,NaN
1519.21,28.89,39.23,36.00,20.00,MAN,0,0,0,0.00,0.00,0.00,0.00,0.00,0.00,0.00,0.00,NaN,NaN,NaN,NaN,NaN,NaN
1520.21,28.82,39.51,36.00,20.00,MAN,0,0,0,0.00,0.00,0.00,0.00,0.00,0.00,0.00,0.00,NaN,NaN,NaN,NaN,NaN,NaN
1521.21,28.76,39.75,36.00,20.00,MAN,0,0,0,0.00,0.00,0.00,0.00,0.00,0.00,0.00,0.00,NaN,NaN,NaN,NaN,NaN,NaN
1522.21,28.69,40.12,36.00,20.00,MAN,0,0,0,0.00,0.00,0.00,0.00,0.00,0.00,0.00,0.00,NaN,NaN,NaN,NaN,NaN,NaN
1523.21,28.61,40.43,36.00,20.00,MAN,0,0,0,0.00,0.00,0.00,0.00,0.00,0.00,0.00,0.00,NaN,NaN,NaN,NaN,NaN,NaN
1524.21,28.55,40.13,36.00,20.00,MAN,0,0,0,0.00,0.00,0.00,0.00,0.00,0.00,0.00,0.00,NaN,NaN,NaN,NaN,NaN,NaN
1525.22,28.49,39.89,36.00,20.00,MAN,0,0,0,0.00,0.00,0.00,0.00,0.00,0.00,0.00,0.00,NaN,NaN,NaN,NaN,NaN,NaN
1526.22,28.45,39.91,36.00,20.00,MAN,0,0,0,0.00,0.00,0.00,0.00,0.00,0.00,0.00,0.00,NaN,NaN,NaN,NaN,NaN,NaN
1527.22,28.37,39.81,36.00,20.00,MAN,0,0,0,0.00,0.00,0.00,0.00,0.00,0.00,0.00,0.00,NaN,NaN,NaN,NaN,NaN,NaN
1528.22,28.32,39.70,36.00,20.00,MAN,0,0,0,0.00,0.00,0.00,0.00,0.00,0.00,0.00,0.00,NaN,NaN,NaN,NaN,NaN,NaN
1529.22,28.23,39.58,36.00,20.00,MAN,0,0,0,0.00,0.00,0.00,0.00,0.00,0.00,0.00,0.00,NaN,NaN,NaN,NaN,NaN,NaN
1530.23,28.17,39.55,36.00,20.00,MAN,0,0,0,0.00,0.00,0.00,0.00,0.00,0.00,0.00,0.00,NaN,NaN,NaN,NaN,NaN,NaN
1531.22,28.12,39.53,36.00,20.00,MAN,0,0,0,0.00,0.00,0.00,0.00,0.00,0.00,0.00,0.00,NaN,NaN,NaN,NaN,NaN,NaN
1532.23,28.06,39.59,36.00,20.00,MAN,0,0,0,0.00,0.00,0.00,0.00,0.00,0.00,0.00,0.00,NaN,NaN,NaN,NaN,NaN,NaN
1533.23,28.01,39.66,36.00,20.00,MAN,0,0,0,0.00,0.00,0.00,0.00,0.00,0.00,0.00,0.00,NaN,NaN,NaN,NaN,NaN,NaN
1534.23,27.96,39.73,36.00,20.00,MAN,0,0,0,0.00,0.00,0.00,0.00,0.00,0.00,0.00,0.00,NaN,NaN,NaN,NaN,NaN,NaN
1535.23,27.89,39.74,36.00,20.00,MAN,0,0,0,0.00,0.00,0.00,0.00,0.00,0.00,0.00,0.00,NaN,NaN,NaN,NaN,NaN,NaN
1536.23,27.84,39.84,36.00,20.00,MAN,0,0,0,0.00,0.00,0.00,0.00,0.00,0.00,0.00,0.00,NaN,NaN,NaN,NaN,NaN,NaN
1537.23,27.79,39.92,36.00,20.00,MAN,0,0,0,0.00,0.00,0.00,0.00,0.00,0.00,0.00,0.00,NaN,NaN,NaN,NaN,NaN,NaN
1538.24,27.71,40.02,36.00,20.00,MAN,0,0,0,0.00,0.00,0.00,0.00,0.00,0.00,0.00,0.00,NaN,NaN,NaN,NaN,NaN,NaN
1539.24,27.65,40.09,36.00,20.00,MAN,0,0,0,0.00,0.00,0.00,0.00,0.00,0.00,0.00,0.00,NaN,NaN,NaN,NaN,NaN,NaN
1540.24,27.57,40.17,36.00,20.00,MAN,0,0,0,0.00,0.00,0.00,0.00,0.00,0.00,0.00,0.00,NaN,NaN,NaN,NaN,NaN,NaN
1541.24,27.55,40.27,36.00,20.00,MAN,0,0,0,0.00,0.00,0.00,0.00,0.00,0.00,0.00,0.00,NaN,NaN,NaN,NaN,NaN,NaN
1542.24,27.50,40.37,36.00,20.00,MAN,0,0,0,0.00,0.00,0.00,0.00,0.00,0.00,0.00,0.00,NaN,NaN,NaN,NaN,NaN,NaN
1543.25,27.44,40.42,36.00,20.00,MAN,0,0,0,0.00,0.00,0.00,0.00,0.00,0.00,0.00,0.00,NaN,NaN,NaN,NaN,NaN,NaN
1544.25,27.40,40.52,36.00,20.00,MAN,0,0,0,0.00,0.00,0.00,0.00,0.00,0.00,0.00,0.00,NaN,NaN,NaN,NaN,NaN,NaN
1545.25,27.36,40.59,36.00,20.00,MAN,0,0,0,0.00,0.00,0.00,0.00,0.00,0.00,0.00,0.00,NaN,NaN,NaN,NaN,NaN,NaN
1546.25,27.32,40.68,36.00,20.00,MAN,0,0,0,0.00,0.00,0.00,0.00,0.00,0.00,0.00,0.00,NaN,NaN,NaN,NaN,NaN,NaN
1547.25,27.29,40.75,36.00,20.00,MAN,0,0,0,0.00,0.00,0.00,0.00,0.00,0.00,0.00,0.00,NaN,NaN,NaN,NaN,NaN,NaN
1548.25,27.25,40.80,36.00,20.00,MAN,0,0,0,0.00,0.00,0.00,0.00,0.00,0.00,0.00,0.00,NaN,NaN,NaN,NaN,NaN,NaN
1549.26,27.21,40.90,36.00,20.00,MAN,0,0,0,0.00,0.00,0.00,0.00,0.00,0.00,0.00,0.00,NaN,NaN,NaN,NaN,NaN,NaN
1550.25,27.16,40.97,36.00,20.00,MAN,0,0,0,0.00,0.00,0.00,0.00,0.00,0.00,0.00,0.00,NaN,NaN,NaN,NaN,NaN,NaN
1551.26,27.13,41.04,36.00,20.00,MAN,0,0,0,0.00,0.00,0.00,0.00,0.00,0.00,0.00,0.00,NaN,NaN,NaN,NaN,NaN,NaN
1552.26,27.09,41.07,36.00,20.00,MAN,0,0,0,0.00,0.00,0.00,0.00,0.00,0.00,0.00,0.00,NaN,NaN,NaN,NaN,NaN,NaN
1553.26,27.06,41.17,36.00,20.00,MAN,0,0,0,0.00,0.00,0.00,0.00,0.00,0.00,0.00,0.00,NaN,NaN,NaN,NaN,NaN,NaN
1554.26,27.01,41.24,36.00,20.00,MAN,0,0,0,0.00,0.00,0.00,0.00,0.00,0.00,0.00,0.00,NaN,NaN,NaN,NaN,NaN,NaN
1555.26,26.98,41.31,36.00,20.00,MAN,0,0,0,0.00,0.00,0.00,0.00,0.00,0.00,0.00,0.00,NaN,NaN,NaN,NaN,NaN,NaN
1556.26,26.95,41.41,36.00,20.00,MAN,0,0,0,0.00,0.00,0.00,0.00,0.00,0.00,0.00,0.00,NaN,NaN,NaN,NaN,NaN,NaN
1557.27,26.91,41.42,36.00,20.00,MAN,0,0,0,0.00,0.00,0.00,0.00,0.00,0.00,0.00,0.00,NaN,NaN,NaN,NaN,NaN,NaN
1558.27,26.85,41.49,36.00,20.00,MAN,0,0,0,0.00,0.00,0.00,0.00,0.00,0.00,0.00,0.00,NaN,NaN,NaN,NaN,NaN,NaN
1559.27,26.79,41.57,36.00,20.00,MAN,0,0,0,0.00,0.00,0.00,0.00,0.00,0.00,0.00,0.00,NaN,NaN,NaN,NaN,NaN,NaN
1560.27,26.76,41.67,36.00,20.00,MAN,0,0,0,0.00,0.00,0.00,0.00,0.00,0.00,0.00,0.00,NaN,NaN,NaN,NaN,NaN,NaN
1561.27,26.70,41.74,36.00,20.00,MAN,0,0,0,0.00,0.00,0.00,0.00,0.00,0.00,0.00,0.00,NaN,NaN,NaN,NaN,NaN,NaN
1562.28,26.67,41.84,36.00,20.00,MAN,0,0,0,0.00,0.00,0.00,0.00,0.00,0.00,0.00,0.00,NaN,NaN,NaN,NaN,NaN,NaN
1563.28,26.64,41.94,36.00,20.00,MAN,0,0,0,0.00,0.00,0.00,0.00,0.00,0.00,0.00,0.00,NaN,NaN,NaN,NaN,NaN,NaN
1564.28,26.58,42.01,36.00,20.00,MAN,0,0,0,0.00,0.00,0.00,0.00,0.00,0.00,0.00,0.00,NaN,NaN,NaN,NaN,NaN,NaN
1565.28,26.55,42.08,36.00,20.00,MAN,0,0,0,0.00,0.00,0.00,0.00,0.00,0.00,0.00,0.00,NaN,NaN,NaN,NaN,NaN,NaN
1566.28,26.52,42.15,36.00,20.00,MAN,0,0,0,0.00,0.00,0.00,0.00,0.00,0.00,0.00,0.00,NaN,NaN,NaN,NaN,NaN,NaN
1567.28,26.50,42.25,36.00,20.00,MAN,0,0,0,0.00,0.00,0.00,0.00,0.00,0.00,0.00,0.00,NaN,NaN,NaN,NaN,NaN,NaN
1568.28,26.49,42.32,36.00,20.00,MAN,0,0,0,0.00,0.00,0.00,0.00,0.00,0.00,0.00,0.00,NaN,NaN,NaN,NaN,NaN,NaN
1569.28,26.45,42.42,36.00,20.00,MAN,0,0,0,0.00,0.00,0.00,0.00,0.00,0.00,0.00,0.00,NaN,NaN,NaN,NaN,NaN,NaN
1570.29,26.42,42.39,36.00,20.00,MAN,0,0,0,0.00,0.00,0.00,0.00,0.00,0.00,0.00,0.00,NaN,NaN,NaN,NaN,NaN,NaN
1571.29,26.39,42.46,36.00,20.00,MAN,0,0,0,0.00,0.00,0.00,0.00,0.00,0.00,0.00,0.00,NaN,NaN,NaN,NaN,NaN,NaN
1572.29,26.35,42.53,36.00,20.00,MAN,0,0,0,0.00,0.00,0.00,0.00,0.00,0.00,0.00,0.00,NaN,NaN,NaN,NaN,NaN,NaN
1573.29,26.33,42.63,36.00,20.00,MAN,0,0,0,0.00,0.00,0.00,0.00,0.00,0.00,0.00,0.00,NaN,NaN,NaN,NaN,NaN,NaN
1574.29,26.31,42.69,36.00,20.00,MAN,0,0,0,0.00,0.00,0.00,0.00,0.00,0.00,0.00,0.00,NaN,NaN,NaN,NaN,NaN,NaN
1575.30,26.27,42.76,36.00,20.00,MAN,0,0,0,0.00,0.00,0.00,0.00,0.00,0.00,0.00,0.00,NaN,NaN,NaN,NaN,NaN,NaN
1576.30,26.25,42.77,36.00,20.00,MAN,0,0,0,0.00,0.00,0.00,0.00,0.00,0.00,0.00,0.00,NaN,NaN,NaN,NaN,NaN,NaN
1577.30,26.22,42.84,36.00,20.00,MAN,0,0,0,0.00,0.00,0.00,0.00,0.00,0.00,0.00,0.00,NaN,NaN,NaN,NaN,NaN,NaN
1578.30,26.19,42.90,36.00,20.00,MAN,0,0,0,0.00,0.00,0.00,0.00,0.00,0.00,0.00,0.00,NaN,NaN,NaN,NaN,NaN,NaN
1579.30,26.17,42.97,36.00,20.00,MAN,0,0,0,0.00,0.00,0.00,0.00,0.00,0.00,0.00,0.00,NaN,NaN,NaN,NaN,NaN,NaN
1580.30,26.13,43.00,36.00,20.00,MAN,0,0,0,0.00,0.00,0.00,0.00,0.00,0.00,0.00,0.00,NaN,NaN,NaN,NaN,NaN,NaN
1581.31,26.11,43.05,36.00,20.00,MAN,0,0,0,0.00,0.00,0.00,0.00,0.00,0.00,0.00,0.00,NaN,NaN,NaN,NaN,NaN,NaN
1582.30,26.08,43.12,36.00,20.00,MAN,0,0,0,0.00,0.00,0.00,0.00,0.00,0.00,0.00,0.00,NaN,NaN,NaN,NaN,NaN,NaN
1583.31,26.06,43.19,36.00,20.00,MAN,0,0,0,0.00,0.00,0.00,0.00,0.00,0.00,0.00,0.00,NaN,NaN,NaN,NaN,NaN,NaN
1584.31,26.04,43.25,36.00,20.00,MAN,0,0,0,0.00,0.00,0.00,0.00,0.00,0.00,0.00,0.00,NaN,NaN,NaN,NaN,NaN,NaN
1585.31,26.02,43.29,36.00,20.00,MAN,0,0,0,0.00,0.00,0.00,0.00,0.00,0.00,0.00,0.00,NaN,NaN,NaN,NaN,NaN,NaN
1586.31,25.98,43.35,36.00,20.00,MAN,0,0,0,0.00,0.00,0.00,0.00,0.00,0.00,0.00,0.00,NaN,NaN,NaN,NaN,NaN,NaN
1587.31,25.96,43.42,36.00,20.00,MAN,0,0,0,0.00,0.00,0.00,0.00,0.00,0.00,0.00,0.00,NaN,NaN,NaN,NaN,NaN,NaN
1588.31,25.93,43.39,36.00,20.00,MAN,0,0,0,0.00,0.00,0.00,0.00,0.00,0.00,0.00,0.00,NaN,NaN,NaN,NaN,NaN,NaN
1589.32,25.91,43.46,36.00,20.00,MAN,0,0,0,0.00,0.00,0.00,0.00,0.00,0.00,0.00,0.00,NaN,NaN,NaN,NaN,NaN,NaN
1590.32,25.87,43.53,36.00,20.00,MAN,0,0,0,0.00,0.00,0.00,0.00,0.00,0.00,0.00,0.00,NaN,NaN,NaN,NaN,NaN,NaN
1591.32,25.86,43.63,36.00,20.00,MAN,0,0,0,0.00,0.00,0.00,0.00,0.00,0.00,0.00,0.00,NaN,NaN,NaN,NaN,NaN,NaN
1592.32,25.82,43.80,36.00,20.00,MAN,0,0,0,0.00,0.00,0.00,0.00,0.00,0.00,0.00,0.00,NaN,NaN,NaN,NaN,NaN,NaN
1593.32,25.82,43.90,36.00,20.00,MAN,0,0,0,0.00,0.00,0.00,0.00,0.00,0.00,0.00,0.00,NaN,NaN,NaN,NaN,NaN,NaN
1594.33,25.81,44.03,36.00,20.00,MAN,0,0,0,0.00,0.00,0.00,0.00,0.00,0.00,0.00,0.00,NaN,NaN,NaN,NaN,NaN,NaN
1595.32,25.80,44.13,36.00,20.00,MAN,0,0,0,0.00,0.00,0.00,0.00,0.00,0.00,0.00,0.00,NaN,NaN,NaN,NaN,NaN,NaN
1596.33,25.78,44.16,36.00,20.00,MAN,0,0,0,0.00,0.00,0.00,0.00,0.00,0.00,0.00,0.00,NaN,NaN,NaN,NaN,NaN,NaN
1597.33,25.78,44.16,36.00,20.00,MAN,0,0,0,0.00,0.00,0.00,0.00,0.00,0.00,0.00,0.00,NaN,NaN,NaN,NaN,NaN,NaN
1598.33,25.76,44.19,36.00,20.00,MAN,0,0,0,0.00,0.00,0.00,0.00,0.00,0.00,0.00,0.00,NaN,NaN,NaN,NaN,NaN,NaN
1599.33,25.76,44.19,36.00,20.00,MAN,0,0,0,0.00,0.00,0.00,0.00,0.00,0.00,0.00,0.00,NaN,NaN,NaN,NaN,NaN,NaN
1600.33,25.76,44.33,36.00,20.00,MAN,0,0,0,0.00,0.00,0.00,0.00,0.00,0.00,0.00,0.00,NaN,NaN,NaN,NaN,NaN,NaN
1601.33,25.76,44.56,36.00,20.00,MAN,0,0,0,0.00,0.00,0.00,0.00,0.00,0.00,0.00,0.00,NaN,NaN,NaN,NaN,NaN,NaN
1602.34,25.76,44.63,36.00,20.00,MAN,0,0,0,0.00,0.00,0.00,0.00,0.00,0.00,0.00,0.00,NaN,NaN,NaN,NaN,NaN,NaN
1603.34,25.76,44.60,36.00,20.00,MAN,0,0,0,0.00,0.00,0.00,0.00,0.00,0.00,0.00,0.00,NaN,NaN,NaN,NaN,NaN,NaN
1604.34,25.76,44.63,36.00,20.00,MAN,0,0,0,0.00,0.00,0.00,0.00,0.00,0.00,0.00,0.00,NaN,NaN,NaN,NaN,NaN,NaN
1605.34,25.76,44.77,36.00,20.00,MAN,0,0,0,0.00,0.00,0.00,0.00,0.00,0.00,0.00,0.00,NaN,NaN,NaN,NaN,NaN,NaN
1606.34,25.76,44.99,36.00,20.00,MAN,0,0,0,0.00,0.00,0.00,0.00,0.00,0.00,0.00,0.00,NaN,NaN,NaN,NaN,NaN,NaN
1607.35,25.76,44.99,36.00,20.00,MAN,0,0,0,0.00,0.00,0.00,0.00,0.00,0.00,0.00,0.00,NaN,NaN,NaN,NaN,NaN,NaN
1608.35,25.76,44.99,36.00,20.00,MAN,0,0,0,0.00,0.00,0.00,0.00,0.00,0.00,0.00,0.00,NaN,NaN,NaN,NaN,NaN,NaN
1609.35,25.76,44.83,36.00,20.00,MAN,0,0,0,0.00,0.00,0.00,0.00,0.00,0.00,0.00,0.00,NaN,NaN,NaN,NaN,NaN,NaN
1610.35,25.76,44.70,36.00,20.00,MAN,0,0,0,0.00,0.00,0.00,0.00,0.00,0.00,0.00,0.00,NaN,NaN,NaN,NaN,NaN,NaN
1611.35,25.76,44.56,36.00,20.00,MAN,0,0,0,0.00,0.00,0.00,0.00,0.00,0.00,0.00,0.00,NaN,NaN,NaN,NaN,NaN,NaN
1612.35,25.76,44.56,36.00,20.00,MAN,0,0,0,0.00,0.00,0.00,0.00,0.00,0.00,0.00,0.00,NaN,NaN,NaN,NaN,NaN,NaN
1613.35,25.76,44.67,36.00,20.00,MAN,0,0,0,0.00,0.00,0.00,0.00,0.00,0.00,0.00,0.00,NaN,NaN,NaN,NaN,NaN,NaN
1614.35,25.76,44.70,36.00,20.00,MAN,0,0,0,0.00,0.00,0.00,0.00,0.00,0.00,0.00,0.00,NaN,NaN,NaN,NaN,NaN,NaN
1615.36,25.76,44.56,36.00,20.00,MAN,0,0,0,0.00,0.00,0.00,0.00,0.00,0.00,0.00,0.00,NaN,NaN,NaN,NaN,NaN,NaN
1616.36,25.76,44.46,36.00,20.00,MAN,0,0,0,0.00,0.00,0.00,0.00,0.00,0.00,0.00,0.00,NaN,NaN,NaN,NaN,NaN,NaN
1617.36,25.76,44.36,36.00,20.00,MAN,0,0,0,0.00,0.00,0.00,0.00,0.00,0.00,0.00,0.00,NaN,NaN,NaN,NaN,NaN,NaN
1618.36,25.75,44.24,36.00,20.00,MAN,0,0,0,0.00,0.00,0.00,0.00,0.00,0.00,0.00,0.00,NaN,NaN,NaN,NaN,NaN,NaN
1619.36,25.75,44.17,36.00,20.00,MAN,0,0,0,0.00,0.00,0.00,0.00,0.00,0.00,0.00,0.00,NaN,NaN,NaN,NaN,NaN,NaN
1620.36,25.75,44.14,36.00,20.00,MAN,0,0,0,0.00,0.00,0.00,0.00,0.00,0.00,0.00,0.00,NaN,NaN,NaN,NaN,NaN,NaN
1621.37,25.75,44.11,36.00,20.00,MAN,0,0,0,0.00,0.00,0.00,0.00,0.00,0.00,0.00,0.00,NaN,NaN,NaN,NaN,NaN,NaN
1622.37,25.75,44.11,36.00,20.00,MAN,0,0,0,0.00,0.00,0.00,0.00,0.00,0.00,0.00,0.00,NaN,NaN,NaN,NaN,NaN,NaN
1623.37,25.75,44.07,36.00,20.00,MAN,0,0,0,0.00,0.00,0.00,0.00,0.00,0.00,0.00,0.00,NaN,NaN,NaN,NaN,NaN,NaN
1624.37,25.75,44.07,36.00,20.00,MAN,0,0,0,0.00,0.00,0.00,0.00,0.00,0.00,0.00,0.00,NaN,NaN,NaN,NaN,NaN,NaN
1625.37,25.75,44.07,36.00,20.00,MAN,0,0,0,0.00,0.00,0.00,0.00,0.00,0.00,0.00,0.00,NaN,NaN,NaN,NaN,NaN,NaN
1626.38,25.75,44.07,36.00,20.00,MAN,0,0,0,0.00,0.00,0.00,0.00,0.00,0.00,0.00,0.00,NaN,NaN,NaN,NaN,NaN,NaN
1627.38,25.75,44.07,36.00,20.00,MAN,0,0,0,0.00,0.00,0.00,0.00,0.00,0.00,0.00,0.00,NaN,NaN,NaN,NaN,NaN,NaN
1628.38,25.75,44.07,36.00,20.00,MAN,0,0,0,0.00,0.00,0.00,0.00,0.00,0.00,0.00,0.00,NaN,NaN,NaN,NaN,NaN,NaN
1629.38,25.75,44.04,36.00,20.00,MAN,0,0,0,0.00,0.00,0.00,0.00,0.00,0.00,0.00,0.00,NaN,NaN,NaN,NaN,NaN,NaN
1630.38,25.75,44.07,36.00,20.00,MAN,0,0,0,0.00,0.00,0.00,0.00,0.00,0.00,0.00,0.00,NaN,NaN,NaN,NaN,NaN,NaN
1631.38,25.75,44.07,36.00,20.00,MAN,0,0,0,0.00,0.00,0.00,0.00,0.00,0.00,0.00,0.00,NaN,NaN,NaN,NaN,NaN,NaN
1632.38,25.75,44.07,36.00,20.00,MAN,0,0,0,0.00,0.00,0.00,0.00,0.00,0.00,0.00,0.00,NaN,NaN,NaN,NaN,NaN,NaN
1633.39,25.75,44.07,36.00,20.00,MAN,0,0,0,0.00,0.00,0.00,0.00,0.00,0.00,0.00,0.00,NaN,NaN,NaN,NaN,NaN,NaN
1634.39,25.75,44.07,36.00,20.00,MAN,0,0,0,0.00,0.00,0.00,0.00,0.00,0.00,0.00,0.00,NaN,NaN,NaN,NaN,NaN,NaN
1635.39,25.75,44.07,36.00,20.00,MAN,0,0,0,0.00,0.00,0.00,0.00,0.00,0.00,0.00,0.00,NaN,NaN,NaN,NaN,NaN,NaN
1636.39,25.75,44.07,36.00,20.00,MAN,0,0,0,0.00,0.00,0.00,0.00,0.00,0.00,0.00,0.00,NaN,NaN,NaN,NaN,NaN,NaN
1637.39,25.75,44.07,36.00,20.00,MAN,0,0,0,0.00,0.00,0.00,0.00,0.00,0.00,0.00,0.00,NaN,NaN,NaN,NaN,NaN,NaN
1638.39,25.75,44.07,36.00,20.00,MAN,0,0,0,0.00,0.00,0.00,0.00,0.00,0.00,0.00,0.00,NaN,NaN,NaN,NaN,NaN,NaN
1639.40,25.75,44.07,36.00,20.00,MAN,0,0,0,0.00,0.00,0.00,0.00,0.00,0.00,0.00,0.00,NaN,NaN,NaN,NaN,NaN,NaN
1640.40,25.75,44.11,36.00,20.00,MAN,0,0,0,0.00,0.00,0.00,0.00,0.00,0.00,0.00,0.00,NaN,NaN,NaN,NaN,NaN,NaN
1641.40,25.75,44.11,36.00,20.00,MAN,0,0,0,0.00,0.00,0.00,0.00,0.00,0.00,0.00,0.00,NaN,NaN,NaN,NaN,NaN,NaN
1642.40,25.75,44.11,36.00,20.00,MAN,0,0,0,0.00,0.00,0.00,0.00,0.00,0.00,0.00,0.00,NaN,NaN,NaN,NaN,NaN,NaN
1643.40,25.75,44.11,36.00,20.00,MAN,0,0,0,0.00,0.00,0.00,0.00,0.00,0.00,0.00,0.00,NaN,NaN,NaN,NaN,NaN,NaN
1644.40,25.75,44.11,36.00,20.00,MAN,0,0,0,0.00,0.00,0.00,0.00,0.00,0.00,0.00,0.00,NaN,NaN,NaN,NaN,NaN,NaN
1645.41,25.75,44.11,36.00,20.00,MAN,0,0,0,0.00,0.00,0.00,0.00,0.00,0.00,0.00,0.00,NaN,NaN,NaN,NaN,NaN,NaN
1646.41,25.75,44.11,36.00,20.00,MAN,0,0,0,0.00,0.00,0.00,0.00,0.00,0.00,0.00,0.00,NaN,NaN,NaN,NaN,NaN,NaN
1647.41,25.75,44.11,36.00,20.00,MAN,0,0,0,0.00,0.00,0.00,0.00,0.00,0.00,0.00,0.00,NaN,NaN,NaN,NaN,NaN,NaN
1648.41,25.75,44.11,36.00,20.00,MAN,0,0,0,0.00,0.00,0.00,0.00,0.00,0.00,0.00,0.00,NaN,NaN,NaN,NaN,NaN,NaN
1649.41,25.75,44.11,36.00,20.00,MAN,0,0,0,0.00,0.00,0.00,0.00,0.00,0.00,0.00,0.00,NaN,NaN,NaN,NaN,NaN,NaN
1650.41,25.75,44.11,36.00,20.00,MAN,0,0,0,0.00,0.00,0.00,0.00,0.00,0.00,0.00,0.00,NaN,NaN,NaN,NaN,NaN,NaN
1651.41,25.75,44.11,36.00,20.00,MAN,0,0,0,0.00,0.00,0.00,0.00,0.00,0.00,0.00,0.00,NaN,NaN,NaN,NaN,NaN,NaN
1652.41,25.75,44.11,36.00,20.00,MAN,0,0,0,0.00,0.00,0.00,0.00,0.00,0.00,0.00,0.00,NaN,NaN,NaN,NaN,NaN,NaN
1653.42,25.75,44.11,36.00,20.00,MAN,0,0,0,0.00,0.00,0.00,0.00,0.00,0.00,0.00,0.00,NaN,NaN,NaN,NaN,NaN,NaN
1654.42,25.75,44.11,36.00,20.00,MAN,0,0,0,0.00,0.00,0.00,0.00,0.00,0.00,0.00,0.00,NaN,NaN,NaN,NaN,NaN,NaN
1655.42,25.75,44.11,36.00,20.00,MAN,0,0,0,0.00,0.00,0.00,0.00,0.00,0.00,0.00,0.00,NaN,NaN,NaN,NaN,NaN,NaN
1656.42,25.74,44.11,36.00,20.00,MAN,0,0,0,0.00,0.00,0.00,0.00,0.00,0.00,0.00,0.00,NaN,NaN,NaN,NaN,NaN,NaN
1657.42,25.72,44.11,36.00,20.00,MAN,0,0,0,0.00,0.00,0.00,0.00,0.00,0.00,0.00,0.00,NaN,NaN,NaN,NaN,NaN,NaN
1658.43,25.71,44.11,36.00,20.00,MAN,0,0,0,0.00,0.00,0.00,0.00,0.00,0.00,0.00,0.00,NaN,NaN,NaN,NaN,NaN,NaN
1659.43,25.72,44.14,36.00,20.00,MAN,0,0,0,0.00,0.00,0.00,0.00,0.00,0.00,0.00,0.00,NaN,NaN,NaN,NaN,NaN,NaN
1660.43,25.72,44.14,36.00,20.00,MAN,0,0,0,0.00,0.00,0.00,0.00,0.00,0.00,0.00,0.00,NaN,NaN,NaN,NaN,NaN,NaN
1661.43,25.72,44.14,36.00,20.00,MAN,0,0,0,0.00,0.00,0.00,0.00,0.00,0.00,0.00,0.00,NaN,NaN,NaN,NaN,NaN,NaN
1662.43,25.71,44.14,36.00,20.00,MAN,0,0,0,0.00,0.00,0.00,0.00,0.00,0.00,0.00,0.00,NaN,NaN,NaN,NaN,NaN,NaN
1663.43,25.71,44.14,36.00,20.00,MAN,0,0,0,0.00,0.00,0.00,0.00,0.00,0.00,0.00,0.00,NaN,NaN,NaN,NaN,NaN,NaN
1664.43,25.68,44.14,36.00,20.00,MAN,0,0,0,0.00,0.00,0.00,0.00,0.00,0.00,0.00,0.00,NaN,NaN,NaN,NaN,NaN,NaN
1665.44,25.67,44.14,36.00,20.00,MAN,0,0,0,0.00,0.00,0.00,0.00,0.00,0.00,0.00,0.00,NaN,NaN,NaN,NaN,NaN,NaN
1666.44,25.66,44.17,36.00,20.00,MAN,0,0,0,0.00,0.00,0.00,0.00,0.00,0.00,0.00,0.00,NaN,NaN,NaN,NaN,NaN,NaN
1667.44,25.67,44.21,36.00,20.00,MAN,0,0,0,0.00,0.00,0.00,0.00,0.00,0.00,0.00,0.00,NaN,NaN,NaN,NaN,NaN,NaN
1668.44,25.67,44.27,36.00,20.00,MAN,0,0,0,0.00,0.00,0.00,0.00,0.00,0.00,0.00,0.00,NaN,NaN,NaN,NaN,NaN,NaN
1669.44,25.67,44.34,36.00,20.00,MAN,0,0,0,0.00,0.00,0.00,0.00,0.00,0.00,0.00,0.00,NaN,NaN,NaN,NaN,NaN,NaN
1670.44,25.66,44.38,36.00,20.00,MAN,0,0,0,0.00,0.00,0.00,0.00,0.00,0.00,0.00,0.00,NaN,NaN,NaN,NaN,NaN,NaN
1671.45,25.66,44.41,36.00,20.00,MAN,0,0,0,0.00,0.00,0.00,0.00,0.00,0.00,0.00,0.00,NaN,NaN,NaN,NaN,NaN,NaN
1672.45,25.66,44.41,36.00,20.00,MAN,0,0,0,0.00,0.00,0.00,0.00,0.00,0.00,0.00,0.00,NaN,NaN,NaN,NaN,NaN,NaN
1673.45,25.66,44.44,36.00,20.00,MAN,0,0,0,0.00,0.00,0.00,0.00,0.00,0.00,0.00,0.00,NaN,NaN,NaN,NaN,NaN,NaN
1674.45,25.66,44.44,36.00,20.00,MAN,0,0,0,0.00,0.00,0.00,0.00,0.00,0.00,0.00,0.00,NaN,NaN,NaN,NaN,NaN,NaN
1675.45,25.66,44.44,36.00,20.00,MAN,0,0,0,0.00,0.00,0.00,0.00,0.00,0.00,0.00,0.00,NaN,NaN,NaN,NaN,NaN,NaN
1676.45,25.65,44.44,36.00,20.00,MAN,0,0,0,0.00,0.00,0.00,0.00,0.00,0.00,0.00,0.00,NaN,NaN,NaN,NaN,NaN,NaN
1677.45,25.66,44.44,36.00,20.00,MAN,0,0,0,0.00,0.00,0.00,0.00,0.00,0.00,0.00,0.00,NaN,NaN,NaN,NaN,NaN,NaN
1678.46,25.65,44.48,36.00,20.00,MAN,0,0,0,0.00,0.00,0.00,0.00,0.00,0.00,0.00,0.00,NaN,NaN,NaN,NaN,NaN,NaN
1679.46,25.65,44.44,36.00,20.00,MAN,0,0,0,0.00,0.00,0.00,0.00,0.00,0.00,0.00,0.00,NaN,NaN,NaN,NaN,NaN,NaN
1680.46,25.66,44.44,36.00,20.00,MAN,0,0,0,0.00,0.00,0.00,0.00,0.00,0.00,0.00,0.00,NaN,NaN,NaN,NaN,NaN,NaN
1681.46,25.66,44.41,36.00,20.00,MAN,0,0,0,0.00,0.00,0.00,0.00,0.00,0.00,0.00,0.00,NaN,NaN,NaN,NaN,NaN,NaN
1682.46,25.66,44.41,36.00,20.00,MAN,0,0,0,0.00,0.00,0.00,0.00,0.00,0.00,0.00,0.00,NaN,NaN,NaN,NaN,NaN,NaN
1683.46,25.66,44.41,36.00,20.00,MAN,0,0,0,0.00,0.00,0.00,0.00,0.00,0.00,0.00,0.00,NaN,NaN,NaN,NaN,NaN,NaN
1684.46,25.66,44.41,36.00,20.00,MAN,0,0,0,0.00,0.00,0.00,0.00,0.00,0.00,0.00,0.00,NaN,NaN,NaN,NaN,NaN,NaN
1685.47,25.66,44.41,36.00,20.00,MAN,0,0,0,0.00,0.00,0.00,0.00,0.00,0.00,0.00,0.00,NaN,NaN,NaN,NaN,NaN,NaN
1686.47,25.67,44.41,36.00,20.00,MAN,0,0,0,0.00,0.00,0.00,0.00,0.00,0.00,0.00,0.00,NaN,NaN,NaN,NaN,NaN,NaN
1687.47,25.67,44.41,36.00,20.00,MAN,0,0,0,0.00,0.00,0.00,0.00,0.00,0.00,0.00,0.00,NaN,NaN,NaN,NaN,NaN,NaN
1688.47,25.68,44.44,36.00,20.00,MAN,0,0,0,0.00,0.00,0.00,0.00,0.00,0.00,0.00,0.00,NaN,NaN,NaN,NaN,NaN,NaN
1689.47,25.68,44.44,36.00,20.00,MAN,0,0,0,0.00,0.00,0.00,0.00,0.00,0.00,0.00,0.00,NaN,NaN,NaN,NaN,NaN,NaN
1690.48,25.68,44.51,36.00,20.00,MAN,0,0,0,0.00,0.00,0.00,0.00,0.00,0.00,0.00,0.00,NaN,NaN,NaN,NaN,NaN,NaN
1691.48,25.68,44.54,36.00,20.00,MAN,0,0,0,0.00,0.00,0.00,0.00,0.00,0.00,0.00,0.00,NaN,NaN,NaN,NaN,NaN,NaN
1692.48,25.68,44.51,36.00,20.00,MAN,0,0,0,0.00,0.00,0.00,0.00,0.00,0.00,0.00,0.00,NaN,NaN,NaN,NaN,NaN,NaN
1693.48,25.68,44.44,36.00,20.00,MAN,0,0,0,0.00,0.00,0.00,0.00,0.00,0.00,0.00,0.00,NaN,NaN,NaN,NaN,NaN,NaN
1694.48,25.68,44.44,36.00,20.00,MAN,0,0,0,0.00,0.00,0.00,0.00,0.00,0.00,0.00,0.00,NaN,NaN,NaN,NaN,NaN,NaN
1695.48,25.68,44.41,36.00,20.00,MAN,0,0,0,0.00,0.00,0.00,0.00,0.00,0.00,0.00,0.00,NaN,NaN,NaN,NaN,NaN,NaN
1696.48,25.68,44.41,36.00,20.00,MAN,0,0,0,0.00,0.00,0.00,0.00,0.00,0.00,0.00,0.00,NaN,NaN,NaN,NaN,NaN,NaN
1697.49,25.69,44.44,36.00,20.00,MAN,0,0,0,0.00,0.00,0.00,0.00,0.00,0.00,0.00,0.00,NaN,NaN,NaN,NaN,NaN,NaN
1698.49,25.69,44.48,36.00,20.00,MAN,0,0,0,0.00,0.00,0.00,0.00,0.00,0.00,0.00,0.00,NaN,NaN,NaN,NaN,NaN,NaN
1699.49,25.69,44.51,36.00,20.00,MAN,0,0,0,0.00,0.00,0.00,0.00,0.00,0.00,0.00,0.00,NaN,NaN,NaN,NaN,NaN,NaN
1700.49,25.68,44.48,36.00,20.00,MAN,0,0,0,0.00,0.00,0.00,0.00,0.00,0.00,0.00,0.00,NaN,NaN,NaN,NaN,NaN,NaN
1701.49,25.67,44.48,36.00,20.00,MAN,0,0,0,0.00,0.00,0.00,0.00,0.00,0.00,0.00,0.00,NaN,NaN,NaN,NaN,NaN,NaN
1702.49,25.68,44.54,36.00,20.00,MAN,0,0,0,0.00,0.00,0.00,0.00,0.00,0.00,0.00,0.00,NaN,NaN,NaN,NaN,NaN,NaN
1703.50,25.68,44.74,36.00,20.00,MAN,0,0,0,0.00,0.00,0.00,0.00,0.00,0.00,0.00,0.00,NaN,NaN,NaN,NaN,NaN,NaN
1704.50,25.68,44.80,36.00,20.00,MAN,0,0,0,0.00,0.00,0.00,0.00,0.00,0.00,0.00,0.00,NaN,NaN,NaN,NaN,NaN,NaN
1705.50,25.67,44.80,36.00,20.00,MAN,0,0,0,0.00,0.00,0.00,0.00,0.00,0.00,0.00,0.00,NaN,NaN,NaN,NaN,NaN,NaN
1706.50,25.66,44.77,36.00,20.00,MAN,0,0,0,0.00,0.00,0.00,0.00,0.00,0.00,0.00,0.00,NaN,NaN,NaN,NaN,NaN,NaN
1707.50,25.66,44.70,36.00,20.00,MAN,0,0,0,0.00,0.00,0.00,0.00,0.00,0.00,0.00,0.00,NaN,NaN,NaN,NaN,NaN,NaN
1708.50,25.67,44.64,36.00,20.00,MAN,0,0,0,0.00,0.00,0.00,0.00,0.00,0.00,0.00,0.00,NaN,NaN,NaN,NaN,NaN,NaN
1709.51,25.67,44.58,36.00,20.00,MAN,0,0,0,0.00,0.00,0.00,0.00,0.00,0.00,0.00,0.00,NaN,NaN,NaN,NaN,NaN,NaN
1710.50,25.67,44.64,36.00,20.00,MAN,0,0,0,0.00,0.00,0.00,0.00,0.00,0.00,0.00,0.00,NaN,NaN,NaN,NaN,NaN,NaN
1711.51,25.67,44.74,36.00,20.00,MAN,0,0,0,0.00,0.00,0.00,0.00,0.00,0.00,0.00,0.00,NaN,NaN,NaN,NaN,NaN,NaN
1712.51,25.68,44.80,36.00,20.00,MAN,0,0,0,0.00,0.00,0.00,0.00,0.00,0.00,0.00,0.00,NaN,NaN,NaN,NaN,NaN,NaN
1713.51,25.67,44.80,36.00,20.00,MAN,0,0,0,0.00,0.00,0.00,0.00,0.00,0.00,0.00,0.00,NaN,NaN,NaN,NaN,NaN,NaN
1714.51,25.68,44.80,36.00,20.00,MAN,0,0,0,0.00,0.00,0.00,0.00,0.00,0.00,0.00,0.00,NaN,NaN,NaN,NaN,NaN,NaN
1715.51,25.68,44.80,36.00,20.00,MAN,0,0,0,0.00,0.00,0.00,0.00,0.00,0.00,0.00,0.00,NaN,NaN,NaN,NaN,NaN,NaN
1716.51,25.67,44.80,36.00,20.00,MAN,0,0,0,0.00,0.00,0.00,0.00,0.00,0.00,0.00,0.00,NaN,NaN,NaN,NaN,NaN,NaN
1717.52,25.67,44.90,36.00,20.00,MAN,0,0,0,0.00,0.00,0.00,0.00,0.00,0.00,0.00,0.00,NaN,NaN,NaN,NaN,NaN,NaN
1718.52,25.68,45.04,36.00,20.00,MAN,0,0,0,0.00,0.00,0.00,0.00,0.00,0.00,0.00,0.00,NaN,NaN,NaN,NaN,NaN,NaN
1719.52,25.67,45.04,36.00,20.00,MAN,0,0,0,0.00,0.00,0.00,0.00,0.00,0.00,0.00,0.00,NaN,NaN,NaN,NaN,NaN,NaN
1720.52,25.67,44.97,36.00,20.00,MAN,0,0,0,0.00,0.00,0.00,0.00,0.00,0.00,0.00,0.00,NaN,NaN,NaN,NaN,NaN,NaN
1721.52,25.66,44.87,36.00,20.00,MAN,0,0,0,0.00,0.00,0.00,0.00,0.00,0.00,0.00,0.00,NaN,NaN,NaN,NaN,NaN,NaN
1722.53,25.66,44.74,36.00,20.00,MAN,0,0,0,0.00,0.00,0.00,0.00,0.00,0.00,0.00,0.00,NaN,NaN,NaN,NaN,NaN,NaN
1723.53,25.67,44.64,36.00,20.00,MAN,0,0,0,0.00,0.00,0.00,0.00,0.00,0.00,0.00,0.00,NaN,NaN,NaN,NaN,NaN,NaN
1724.53,25.66,44.58,36.00,20.00,MAN,0,0,0,0.00,0.00,0.00,0.00,0.00,0.00,0.00,0.00,NaN,NaN,NaN,NaN,NaN,NaN
1725.53,25.66,44.48,36.00,20.00,MAN,0,0,0,0.00,0.00,0.00,0.00,0.00,0.00,0.00,0.00,NaN,NaN,NaN,NaN,NaN,NaN
1726.53,25.66,44.44,36.00,20.00,MAN,0,0,0,0.00,0.00,0.00,0.00,0.00,0.00,0.00,0.00,NaN,NaN,NaN,NaN,NaN,NaN
1727.53,25.66,44.38,36.00,20.00,MAN,0,0,0,0.00,0.00,0.00,0.00,0.00,0.00,0.00,0.00,NaN,NaN,NaN,NaN,NaN,NaN
1728.54,25.67,44.34,36.00,20.00,MAN,0,0,0,0.00,0.00,0.00,0.00,0.00,0.00,0.00,0.00,NaN,NaN,NaN,NaN,NaN,NaN
1729.54,25.68,44.31,36.00,20.00,MAN,0,0,0,0.00,0.00,0.00,0.00,0.00,0.00,0.00,0.00,NaN,NaN,NaN,NaN,NaN,NaN
1730.54,25.67,44.27,36.00,20.00,MAN,0,0,0,0.00,0.00,0.00,0.00,0.00,0.00,0.00,0.00,NaN,NaN,NaN,NaN,NaN,NaN
1731.54,25.66,44.27,36.00,20.00,MAN,0,0,0,0.00,0.00,0.00,0.00,0.00,0.00,0.00,0.00,NaN,NaN,NaN,NaN,NaN,NaN
1732.54,25.66,44.27,36.00,20.00,MAN,0,0,0,0.00,0.00,0.00,0.00,0.00,0.00,0.00,0.00,NaN,NaN,NaN,NaN,NaN,NaN
1733.54,25.66,44.27,36.00,20.00,MAN,0,0,0,0.00,0.00,0.00,0.00,0.00,0.00,0.00,0.00,NaN,NaN,NaN,NaN,NaN,NaN
1734.54,25.65,44.27,36.00,20.00,MAN,0,0,0,0.00,0.00,0.00,0.00,0.00,0.00,0.00,0.00,NaN,NaN,NaN,NaN,NaN,NaN
1735.55,25.65,44.31,36.00,20.00,MAN,0,0,0,0.00,0.00,0.00,0.00,0.00,0.00,0.00,0.00,NaN,NaN,NaN,NaN,NaN,NaN
1736.55,25.65,44.34,36.00,20.00,MAN,0,0,0,0.00,0.00,0.00,0.00,0.00,0.00,0.00,0.00,NaN,NaN,NaN,NaN,NaN,NaN
1737.55,25.65,44.44,36.00,20.00,MAN,0,0,0,0.00,0.00,0.00,0.00,0.00,0.00,0.00,0.00,NaN,NaN,NaN,NaN,NaN,NaN
1738.55,25.65,44.51,36.00,20.00,MAN,0,0,0,0.00,0.00,0.00,0.00,0.00,0.00,0.00,0.00,NaN,NaN,NaN,NaN,NaN,NaN
1739.55,25.65,44.54,36.00,20.00,MAN,0,0,0,0.00,0.00,0.00,0.00,0.00,0.00,0.00,0.00,NaN,NaN,NaN,NaN,NaN,NaN
1740.55,25.66,44.54,36.00,20.00,MAN,0,0,0,0.00,0.00,0.00,0.00,0.00,0.00,0.00,0.00,NaN,NaN,NaN,NaN,NaN,NaN
1741.56,25.66,44.54,36.00,20.00,MAN,0,0,0,0.00,0.00,0.00,0.00,0.00,0.00,0.00,0.00,NaN,NaN,NaN,NaN,NaN,NaN
1742.56,25.66,44.51,36.00,20.00,MAN,0,0,0,0.00,0.00,0.00,0.00,0.00,0.00,0.00,0.00,NaN,NaN,NaN,NaN,NaN,NaN
1743.56,25.65,44.48,36.00,20.00,MAN,0,0,0,0.00,0.00,0.00,0.00,0.00,0.00,0.00,0.00,NaN,NaN,NaN,NaN,NaN,NaN
1744.56,25.64,44.44,36.00,20.00,MAN,0,0,0,0.00,0.00,0.00,0.00,0.00,0.00,0.00,0.00,NaN,NaN,NaN,NaN,NaN,NaN
1745.56,25.64,44.44,36.00,20.00,MAN,0,0,0,0.00,0.00,0.00,0.00,0.00,0.00,0.00,0.00,NaN,NaN,NaN,NaN,NaN,NaN
1746.56,25.63,44.41,36.00,20.00,MAN,0,0,0,0.00,0.00,0.00,0.00,0.00,0.00,0.00,0.00,NaN,NaN,NaN,NaN,NaN,NaN
1747.56,25.64,44.38,36.00,20.00,MAN,0,0,0,0.00,0.00,0.00,0.00,0.00,0.00,0.00,0.00,NaN,NaN,NaN,NaN,NaN,NaN
1748.56,25.64,44.38,36.00,20.00,MAN,0,0,0,0.00,0.00,0.00,0.00,0.00,0.00,0.00,0.00,NaN,NaN,NaN,NaN,NaN,NaN
1749.57,25.64,44.34,36.00,20.00,MAN,0,0,0,0.00,0.00,0.00,0.00,0.00,0.00,0.00,0.00,NaN,NaN,NaN,NaN,NaN,NaN
1750.57,25.64,44.34,36.00,20.00,MAN,0,0,0,0.00,0.00,0.00,0.00,0.00,0.00,0.00,0.00,NaN,NaN,NaN,NaN,NaN,NaN
1751.57,25.64,44.34,36.00,20.00,MAN,0,0,0,0.00,0.00,0.00,0.00,0.00,0.00,0.00,0.00,NaN,NaN,NaN,NaN,NaN,NaN
1761.59,25.64,44.38,36.00,20.00,MAN,1024,0,0,0.00,0.00,0.00,0.00,0.00,0.00,0.00,0.00,NaN,NaN,NaN,NaN,NaN,NaN
1762.59,25.67,44.34,36.00,20.00,MAN,0,0,0,0.00,0.00,0.00,0.00,0.00,0.00,0.00,0.00,NaN,NaN,NaN,NaN,NaN,NaN
1763.59,25.66,44.34,36.00,20.00,MAN,0,0,0,0.00,0.00,0.00,0.00,0.00,0.00,0.00,0.00,NaN,NaN,NaN,NaN,NaN,NaN
1764.59,25.66,44.34,36.00,20.00,MAN,0,0,0,0.00,0.00,0.00,0.00,0.00,0.00,0.00,0.00,NaN,NaN,NaN,NaN,NaN,NaN
1765.59,25.64,44.31,36.00,20.00,MAN,0,0,0,0.00,0.00,0.00,0.00,0.00,0.00,0.00,0.00,NaN,NaN,NaN,NaN,NaN,NaN
1766.59,25.65,44.31,36.00,20.00,MAN,0,0,0,0.00,0.00,0.00,0.00,0.00,0.00,0.00,0.00,NaN,NaN,NaN,NaN,NaN,NaN
1767.60,25.62,44.35,36.00,20.00,MAN,0,0,0,0.00,0.00,0.00,0.00,0.00,0.00,0.00,0.00,NaN,NaN,NaN,NaN,NaN,NaN
1768.60,25.49,44.35,36.00,20.00,MAN,0,0,0,0.00,0.00,0.00,0.00,0.00,0.00,0.00,0.00,NaN,NaN,NaN,NaN,NaN,NaN
1769.60,25.50,44.32,36.00,20.00,MAN,0,0,0,0.00,0.00,0.00,0.00,0.00,0.00,0.00,0.00,NaN,NaN,NaN,NaN,NaN,NaN
1770.60,25.50,44.32,36.00,20.00,MAN,0,0,0,0.00,0.00,0.00,0.00,0.00,0.00,0.00,0.00,NaN,NaN,NaN,NaN,NaN,NaN
1771.60,25.50,44.29,36.00,20.00,MAN,0,0,0,0.00,0.00,0.00,0.00,0.00,0.00,0.00,0.00,NaN,NaN,NaN,NaN,NaN,NaN
1772.60,25.51,44.29,36.00,20.00,MAN,0,0,0,0.00,0.00,0.00,0.00,0.00,0.00,0.00,0.00,NaN,NaN,NaN,NaN,NaN,NaN
1773.61,25.51,44.29,36.00,20.00,MAN,0,0,0,0.00,0.00,0.00,0.00,0.00,0.00,0.00,0.00,NaN,NaN,NaN,NaN,NaN,NaN
1774.61,25.51,44.25,36.00,20.00,MAN,0,0,0,0.00,0.00,0.00,0.00,0.00,0.00,0.00,0.00,NaN,NaN,NaN,NaN,NaN,NaN
1775.61,25.51,44.25,36.00,20.00,MAN,0,0,0,0.00,0.00,0.00,0.00,0.00,0.00,0.00,0.00,NaN,NaN,NaN,NaN,NaN,NaN
1776.61,25.65,44.24,36.00,20.00,MAN,0,0,0,0.00,0.00,0.00,0.00,0.00,0.00,0.00,0.00,NaN,NaN,NaN,NaN,NaN,NaN
1777.61,25.65,44.24,36.00,20.00,MAN,0,0,0,0.00,0.00,0.00,0.00,0.00,0.00,0.00,0.00,NaN,NaN,NaN,NaN,NaN,NaN
1778.61,25.65,44.24,36.00,20.00,MAN,0,0,0,0.00,0.00,0.00,0.00,0.00,0.00,0.00,0.00,NaN,NaN,NaN,NaN,NaN,NaN
1779.61,25.65,44.24,36.00,20.00,MAN,0,0,0,0.00,0.00,0.00,0.00,0.00,0.00,0.00,0.00,NaN,NaN,NaN,NaN,NaN,NaN
1780.62,25.65,44.24,36.00,20.00,MAN,0,0,0,0.00,0.00,0.00,0.00,0.00,0.00,0.00,0.00,NaN,NaN,NaN,NaN,NaN,NaN
1781.62,25.65,44.24,36.00,20.00,MAN,0,0,0,0.00,0.00,0.00,0.00,0.00,0.00,0.00,0.00,NaN,NaN,NaN,NaN,NaN,NaN
1782.62,25.64,44.24,36.00,20.00,MAN,0,0,0,0.00,0.00,0.00,0.00,0.00,0.00,0.00,0.00,NaN,NaN,NaN,NaN,NaN,NaN
1783.62,25.64,44.38,36.00,20.00,MAN,0,0,0,0.00,0.00,0.00,0.00,0.00,0.00,0.00,0.00,NaN,NaN,NaN,NaN,NaN,NaN
1784.62,25.64,44.70,36.00,20.00,MAN,0,0,0,0.00,0.00,0.00,0.00,0.00,0.00,0.00,0.00,NaN,NaN,NaN,NaN,NaN,NaN
1785.62,25.63,44.84,36.00,20.00,MAN,0,0,0,0.00,0.00,0.00,0.00,0.00,0.00,0.00,0.00,NaN,NaN,NaN,NaN,NaN,NaN
1786.63,25.63,44.80,36.00,20.00,MAN,0,0,0,0.00,0.00,0.00,0.00,0.00,0.00,0.00,0.00,NaN,NaN,NaN,NaN,NaN,NaN
1787.63,25.64,44.80,36.00,20.00,MAN,0,0,0,0.00,0.00,0.00,0.00,0.00,0.00,0.00,0.00,NaN,NaN,NaN,NaN,NaN,NaN
1788.63,25.64,44.87,36.00,20.00,MAN,0,0,0,0.00,0.00,0.00,0.00,0.00,0.00,0.00,0.00,NaN,NaN,NaN,NaN,NaN,NaN
1789.63,25.64,45.21,36.00,20.00,MAN,0,0,0,0.00,0.00,0.00,0.00,0.00,0.00,0.00,0.00,NaN,NaN,NaN,NaN,NaN,NaN
1790.63,25.66,45.51,36.00,20.00,MAN,0,0,0,0.00,0.00,0.00,0.00,0.00,0.00,0.00,0.00,NaN,NaN,NaN,NaN,NaN,NaN
1791.64,25.66,45.97,36.00,20.00,MAN,0,0,0,0.00,0.00,0.00,0.00,0.00,0.00,0.00,0.00,NaN,NaN,NaN,NaN,NaN,NaN
1792.64,25.66,46.51,36.00,20.00,MAN,0,0,0,0.00,0.00,0.00,0.00,0.00,0.00,0.00,0.00,NaN,NaN,NaN,NaN,NaN,NaN
1793.64,25.67,46.84,36.00,20.00,MAN,0,0,0,0.00,0.00,0.00,0.00,0.00,0.00,0.00,0.00,NaN,NaN,NaN,NaN,NaN,NaN
1794.64,25.66,46.94,36.00,20.00,MAN,0,0,0,0.00,0.00,0.00,0.00,0.00,0.00,0.00,0.00,NaN,NaN,NaN,NaN,NaN,NaN
1795.64,25.66,46.67,36.00,20.00,MAN,0,0,0,0.00,0.00,0.00,0.00,0.00,0.00,0.00,0.00,NaN,NaN,NaN,NaN,NaN,NaN
1796.64,25.66,46.28,36.00,20.00,MAN,0,0,0,0.00,0.00,0.00,0.00,0.00,0.00,0.00,0.00,NaN,NaN,NaN,NaN,NaN,NaN
1797.64,25.65,45.87,36.00,20.00,MAN,0,0,0,0.00,0.00,0.00,0.00,0.00,0.00,0.00,0.00,NaN,NaN,NaN,NaN,NaN,NaN
1798.64,25.66,45.54,36.00,20.00,MAN,0,0,0,0.00,0.00,0.00,0.00,0.00,0.00,0.00,0.00,NaN,NaN,NaN,NaN,NaN,NaN
1799.65,25.65,45.27,36.00,20.00,MAN,0,0,0,0.00,0.00,0.00,0.00,0.00,0.00,0.00,0.00,NaN,NaN,NaN,NaN,NaN,NaN
1800.65,25.64,45.04,36.00,20.00,MAN,0,0,0,0.00,0.00,0.00,0.00,0.00,0.00,0.00,0.00,NaN,NaN,NaN,NaN,NaN,NaN
1801.65,25.65,44.84,36.00,20.00,MAN,0,0,0,0.00,0.00,0.00,0.00,0.00,0.00,0.00,0.00,NaN,NaN,NaN,NaN,NaN,NaN
1802.65,25.64,44.74,36.00,20.00,MAN,0,0,0,0.00,0.00,0.00,0.00,0.00,0.00,0.00,0.00,NaN,NaN,NaN,NaN,NaN,NaN
1803.65,25.64,44.64,36.00,20.00,MAN,0,0,0,0.00,0.00,0.00,0.00,0.00,0.00,0.00,0.00,NaN,NaN,NaN,NaN,NaN,NaN
1804.65,25.64,44.54,36.00,20.00,MAN,0,0,0,0.00,0.00,0.00,0.00,0.00,0.00,0.00,0.00,NaN,NaN,NaN,NaN,NaN,NaN
1805.66,25.65,44.48,36.00,20.00,MAN,0,0,0,0.00,0.00,0.00,0.00,0.00,0.00,0.00,0.00,NaN,NaN,NaN,NaN,NaN,NaN
1806.66,25.65,44.44,36.00,20.00,MAN,0,0,0,0.00,0.00,0.00,0.00,0.00,0.00,0.00,0.00,NaN,NaN,NaN,NaN,NaN,NaN
1807.66,25.65,44.44,36.00,20.00,MAN,0,0,0,0.00,0.00,0.00,0.00,0.00,0.00,0.00,0.00,NaN,NaN,NaN,NaN,NaN,NaN
1808.66,25.65,44.41,36.00,20.00,MAN,0,0,0,0.00,0.00,0.00,0.00,0.00,0.00,0.00,0.00,NaN,NaN,NaN,NaN,NaN,NaN
1809.66,25.66,44.38,36.00,20.00,MAN,0,0,0,0.00,0.00,0.00,0.00,0.00,0.00,0.00,0.00,NaN,NaN,NaN,NaN,NaN,NaN
1810.66,25.66,44.34,36.00,20.00,MAN,0,0,0,0.00,0.00,0.00,0.00,0.00,0.00,0.00,0.00,NaN,NaN,NaN,NaN,NaN,NaN
1811.66,25.66,44.31,36.00,20.00,MAN,0,0,0,0.00,0.00,0.00,0.00,0.00,0.00,0.00,0.00,NaN,NaN,NaN,NaN,NaN,NaN
1812.67,25.65,44.31,36.00,20.00,MAN,0,0,0,0.00,0.00,0.00,0.00,0.00,0.00,0.00,0.00,NaN,NaN,NaN,NaN,NaN,NaN
1813.67,25.65,44.27,36.00,20.00,MAN,0,0,0,0.00,0.00,0.00,0.00,0.00,0.00,0.00,0.00,NaN,NaN,NaN,NaN,NaN,NaN
1814.67,25.65,44.27,36.00,20.00,MAN,0,0,0,0.00,0.00,0.00,0.00,0.00,0.00,0.00,0.00,NaN,NaN,NaN,NaN,NaN,NaN
1815.67,25.65,44.27,36.00,20.00,MAN,0,0,0,0.00,0.00,0.00,0.00,0.00,0.00,0.00,0.00,NaN,NaN,NaN,NaN,NaN,NaN
1816.67,25.65,44.27,36.00,20.00,MAN,0,0,0,0.00,0.00,0.00,0.00,0.00,0.00,0.00,0.00,NaN,NaN,NaN,NaN,NaN,NaN
1817.67,25.66,44.27,36.00,20.00,MAN,0,0,0,0.00,0.00,0.00,0.00,0.00,0.00,0.00,0.00,NaN,NaN,NaN,NaN,NaN,NaN
1818.68,25.66,44.24,36.00,20.00,MAN,0,0,0,0.00,0.00,0.00,0.00,0.00,0.00,0.00,0.00,NaN,NaN,NaN,NaN,NaN,NaN
1819.68,25.65,44.24,36.00,20.00,MAN,0,0,0,0.00,0.00,0.00,0.00,0.00,0.00,0.00,0.00,NaN,NaN,NaN,NaN,NaN,NaN
1820.68,25.65,44.24,36.00,20.00,MAN,0,0,0,0.00,0.00,0.00,0.00,0.00,0.00,0.00,0.00,NaN,NaN,NaN,NaN,NaN,NaN
1821.68,25.65,44.24,36.00,20.00,MAN,0,0,0,0.00,0.00,0.00,0.00,0.00,0.00,0.00,0.00,NaN,NaN,NaN,NaN,NaN,NaN
1822.68,25.66,44.24,36.00,20.00,MAN,0,0,0,0.00,0.00,0.00,0.00,0.00,0.00,0.00,0.00,NaN,NaN,NaN,NaN,NaN,NaN
1823.68,25.66,44.24,36.00,20.00,MAN,0,0,0,0.00,0.00,0.00,0.00,0.00,0.00,0.00,0.00,NaN,NaN,NaN,NaN,NaN,NaN
1824.69,25.65,44.24,36.00,20.00,MAN,0,0,0,0.00,0.00,0.00,0.00,0.00,0.00,0.00,0.00,NaN,NaN,NaN,NaN,NaN,NaN
1825.69,25.65,44.24,36.00,20.00,MAN,0,0,0,0.00,0.00,0.00,0.00,0.00,0.00,0.00,0.00,NaN,NaN,NaN,NaN,NaN,NaN
1826.69,25.65,44.24,36.00,20.00,MAN,0,0,0,0.00,0.00,0.00,0.00,0.00,0.00,0.00,0.00,NaN,NaN,NaN,NaN,NaN,NaN
1827.69,25.66,44.24,36.00,20.00,MAN,0,0,0,0.00,0.00,0.00,0.00,0.00,0.00,0.00,0.00,NaN,NaN,NaN,NaN,NaN,NaN
1828.69,25.66,44.24,36.00,20.00,MAN,0,0,0,0.00,0.00,0.00,0.00,0.00,0.00,0.00,0.00,NaN,NaN,NaN,NaN,NaN,NaN
1829.69,25.66,44.24,36.00,20.00,MAN,0,0,0,0.00,0.00,0.00,0.00,0.00,0.00,0.00,0.00,NaN,NaN,NaN,NaN,NaN,NaN
1830.69,25.66,44.24,36.00,20.00,MAN,0,0,0,0.00,0.00,0.00,0.00,0.00,0.00,0.00,0.00,NaN,NaN,NaN,NaN,NaN,NaN
1831.70,25.67,44.24,36.00,20.00,MAN,0,0,0,0.00,0.00,0.00,0.00,0.00,0.00,0.00,0.00,NaN,NaN,NaN,NaN,NaN,NaN
1832.70,25.67,44.24,36.00,20.00,MAN,0,0,0,0.00,0.00,0.00,0.00,0.00,0.00,0.00,0.00,NaN,NaN,NaN,NaN,NaN,NaN
1833.70,25.67,44.24,36.00,20.00,MAN,0,0,0,0.00,0.00,0.00,0.00,0.00,0.00,0.00,0.00,NaN,NaN,NaN,NaN,NaN,NaN
1834.70,25.64,44.27,36.00,20.00,MAN,0,0,0,0.00,0.00,0.00,0.00,0.00,0.00,0.00,0.00,NaN,NaN,NaN,NaN,NaN,NaN
1835.70,25.66,44.31,36.00,20.00,MAN,0,0,0,0.00,0.00,0.00,0.00,0.00,0.00,0.00,0.00,NaN,NaN,NaN,NaN,NaN,NaN
1836.70,25.67,44.38,36.00,20.00,MAN,0,0,0,0.00,0.00,0.00,0.00,0.00,0.00,0.00,0.00,NaN,NaN,NaN,NaN,NaN,NaN
1837.70,25.72,44.54,36.00,20.00,MAN,0,0,0,0.00,0.00,0.00,0.00,0.00,0.00,0.00,0.00,NaN,NaN,NaN,NaN,NaN,NaN
1838.71,25.75,44.90,36.00,20.00,MAN,0,0,0,0.00,0.00,0.00,0.00,0.00,0.00,0.00,0.00,NaN,NaN,NaN,NaN,NaN,NaN
1839.71,25.75,45.51,36.00,20.00,MAN,0,0,0,0.00,0.00,0.00,0.00,0.00,0.00,0.00,0.00,NaN,NaN,NaN,NaN,NaN,NaN
1840.71,25.75,46.41,36.00,20.00,MAN,0,0,0,0.00,0.00,0.00,0.00,0.00,0.00,0.00,0.00,NaN,NaN,NaN,NaN,NaN,NaN
1841.71,25.75,46.24,36.00,20.00,MAN,0,0,0,0.00,0.00,0.00,0.00,0.00,0.00,0.00,0.00,NaN,NaN,NaN,NaN,NaN,NaN
1842.71,25.75,46.07,36.00,20.00,MAN,0,0,0,0.00,0.00,0.00,0.00,0.00,0.00,0.00,0.00,NaN,NaN,NaN,NaN,NaN,NaN
1843.71,25.75,46.24,36.00,20.00,MAN,0,0,0,0.00,0.00,0.00,0.00,0.00,0.00,0.00,0.00,NaN,NaN,NaN,NaN,NaN,NaN
1844.72,25.75,46.10,36.00,20.00,MAN,0,0,0,0.00,0.00,0.00,0.00,0.00,0.00,0.00,0.00,NaN,NaN,NaN,NaN,NaN,NaN
1845.72,25.76,45.86,36.00,20.00,MAN,0,0,0,0.00,0.00,0.00,0.00,0.00,0.00,0.00,0.00,NaN,NaN,NaN,NaN,NaN,NaN
1846.72,25.76,45.63,36.00,20.00,MAN,0,0,0,0.00,0.00,0.00,0.00,0.00,0.00,0.00,0.00,NaN,NaN,NaN,NaN,NaN,NaN
1847.72,25.76,45.43,36.00,20.00,MAN,0,0,0,0.00,0.00,0.00,0.00,0.00,0.00,0.00,0.00,NaN,NaN,NaN,NaN,NaN,NaN
1848.72,25.76,45.23,36.00,20.00,MAN,0,0,0,0.00,0.00,0.00,0.00,0.00,0.00,0.00,0.00,NaN,NaN,NaN,NaN,NaN,NaN
1849.72,25.76,45.16,36.00,20.00,MAN,0,0,0,0.00,0.00,0.00,0.00,0.00,0.00,0.00,0.00,NaN,NaN,NaN,NaN,NaN,NaN
1850.73,25.79,45.43,36.00,20.00,MAN,0,0,0,0.00,0.00,0.00,0.00,0.00,0.00,0.00,0.00,NaN,NaN,NaN,NaN,NaN,NaN
1851.73,25.78,45.53,36.00,20.00,MAN,0,0,0,0.00,0.00,0.00,0.00,0.00,0.00,0.00,0.00,NaN,NaN,NaN,NaN,NaN,NaN
1852.73,25.79,45.30,36.00,20.00,MAN,0,0,0,0.00,0.00,0.00,0.00,0.00,0.00,0.00,0.00,NaN,NaN,NaN,NaN,NaN,NaN
1853.73,25.81,45.06,36.00,20.00,MAN,0,0,0,0.00,0.00,0.00,0.00,0.00,0.00,0.00,0.00,NaN,NaN,NaN,NaN,NaN,NaN
1854.73,25.81,44.87,36.00,20.00,MAN,0,0,0,0.00,0.00,0.00,0.00,0.00,0.00,0.00,0.00,NaN,NaN,NaN,NaN,NaN,NaN
1855.73,25.81,44.73,36.00,20.00,MAN,0,0,0,0.00,0.00,0.00,0.00,0.00,0.00,0.00,0.00,NaN,NaN,NaN,NaN,NaN,NaN
1856.74,25.82,44.56,36.00,20.00,MAN,0,0,0,0.00,0.00,0.00,0.00,0.00,0.00,0.00,0.00,NaN,NaN,NaN,NaN,NaN,NaN
1857.74,25.84,44.50,36.00,20.00,MAN,0,0,0,0.00,0.00,0.00,0.00,0.00,0.00,0.00,0.00,NaN,NaN,NaN,NaN,NaN,NaN
1858.74,25.84,44.87,36.00,20.00,MAN,0,0,0,0.00,0.00,0.00,0.00,0.00,0.00,0.00,0.00,NaN,NaN,NaN,NaN,NaN,NaN
1859.74,25.84,44.87,36.00,20.00,MAN,0,0,0,0.00,0.00,0.00,0.00,0.00,0.00,0.00,0.00,NaN,NaN,NaN,NaN,NaN,NaN
1860.74,25.86,44.70,36.00,20.00,MAN,0,0,0,0.00,0.00,0.00,0.00,0.00,0.00,0.00,0.00,NaN,NaN,NaN,NaN,NaN,NaN
1861.74,25.84,44.56,36.00,20.00,MAN,0,0,0,0.00,0.00,0.00,0.00,0.00,0.00,0.00,0.00,NaN,NaN,NaN,NaN,NaN,NaN
1862.74,25.86,44.46,36.00,20.00,MAN,0,0,0,0.00,0.00,0.00,0.00,0.00,0.00,0.00,0.00,NaN,NaN,NaN,NaN,NaN,NaN
1863.75,25.86,44.46,36.00,20.00,MAN,0,0,0,0.00,0.00,0.00,0.00,0.00,0.00,0.00,0.00,NaN,NaN,NaN,NaN,NaN,NaN
1864.75,25.86,44.50,36.00,20.00,MAN,0,0,0,0.00,0.00,0.00,0.00,0.00,0.00,0.00,0.00,NaN,NaN,NaN,NaN,NaN,NaN
1865.75,25.86,44.60,36.00,20.00,MAN,0,0,0,0.00,0.00,0.00,0.00,0.00,0.00,0.00,0.00,NaN,NaN,NaN,NaN,NaN,NaN
1866.75,25.84,44.56,36.00,20.00,MAN,0,0,0,0.00,0.00,0.00,0.00,0.00,0.00,0.00,0.00,NaN,NaN,NaN,NaN,NaN,NaN
1867.75,25.83,44.50,36.00,20.00,MAN,0,0,0,0.00,0.00,0.00,0.00,0.00,0.00,0.00,0.00,NaN,NaN,NaN,NaN,NaN,NaN
1868.75,25.84,44.46,36.00,20.00,MAN,0,0,0,0.00,0.00,0.00,0.00,0.00,0.00,0.00,0.00,NaN,NaN,NaN,NaN,NaN,NaN
1869.76,25.83,44.43,36.00,20.00,MAN,0,0,0,0.00,0.00,0.00,0.00,0.00,0.00,0.00,0.00,NaN,NaN,NaN,NaN,NaN,NaN
1870.75,25.83,44.40,36.00,20.00,MAN,0,0,0,0.00,0.00,0.00,0.00,0.00,0.00,0.00,0.00,NaN,NaN,NaN,NaN,NaN,NaN
1871.76,25.83,44.50,36.00,20.00,MAN,0,0,0,0.00,0.00,0.00,0.00,0.00,0.00,0.00,0.00,NaN,NaN,NaN,NaN,NaN,NaN
1872.76,25.83,44.60,36.00,20.00,MAN,0,0,0,0.00,0.00,0.00,0.00,0.00,0.00,0.00,0.00,NaN,NaN,NaN,NaN,NaN,NaN
1873.76,25.82,44.67,36.00,20.00,MAN,0,0,0,0.00,0.00,0.00,0.00,0.00,0.00,0.00,0.00,NaN,NaN,NaN,NaN,NaN,NaN
1874.76,25.82,44.70,36.00,20.00,MAN,0,0,0,0.00,0.00,0.00,0.00,0.00,0.00,0.00,0.00,NaN,NaN,NaN,NaN,NaN,NaN
1875.76,25.81,44.73,36.00,20.00,MAN,0,0,0,0.00,0.00,0.00,0.00,0.00,0.00,0.00,0.00,NaN,NaN,NaN,NaN,NaN,NaN
1876.77,25.80,44.67,36.00,20.00,MAN,0,0,0,0.00,0.00,0.00,0.00,0.00,0.00,0.00,0.00,NaN,NaN,NaN,NaN,NaN,NaN
1877.77,25.79,44.60,36.00,20.00,MAN,0,0,0,0.00,0.00,0.00,0.00,0.00,0.00,0.00,0.00,NaN,NaN,NaN,NaN,NaN,NaN
1878.77,25.80,44.56,36.00,20.00,MAN,0,0,0,0.00,0.00,0.00,0.00,0.00,0.00,0.00,0.00,NaN,NaN,NaN,NaN,NaN,NaN
1879.77,25.80,44.56,36.00,20.00,MAN,0,0,0,0.00,0.00,0.00,0.00,0.00,0.00,0.00,0.00,NaN,NaN,NaN,NaN,NaN,NaN
1880.77,25.80,44.56,36.00,20.00,MAN,0,0,0,0.00,0.00,0.00,0.00,0.00,0.00,0.00,0.00,NaN,NaN,NaN,NaN,NaN,NaN
1881.77,25.81,44.63,36.00,20.00,MAN,0,0,0,0.00,0.00,0.00,0.00,0.00,0.00,0.00,0.00,NaN,NaN,NaN,NaN,NaN,NaN
1882.78,25.82,44.73,36.00,20.00,MAN,0,0,0,0.00,0.00,0.00,0.00,0.00,0.00,0.00,0.00,NaN,NaN,NaN,NaN,NaN,NaN
1883.78,25.82,44.80,36.00,20.00,MAN,0,0,0,0.00,0.00,0.00,0.00,0.00,0.00,0.00,0.00,NaN,NaN,NaN,NaN,NaN,NaN
1884.78,25.81,44.80,36.00,20.00,MAN,0,0,0,0.00,0.00,0.00,0.00,0.00,0.00,0.00,0.00,NaN,NaN,NaN,NaN,NaN,NaN
1885.78,25.79,44.73,36.00,20.00,MAN,0,0,0,0.00,0.00,0.00,0.00,0.00,0.00,0.00,0.00,NaN,NaN,NaN,NaN,NaN,NaN
1886.78,25.80,44.63,36.00,20.00,MAN,0,0,0,0.00,0.00,0.00,0.00,0.00,0.00,0.00,0.00,NaN,NaN,NaN,NaN,NaN,NaN
1887.78,25.80,44.70,36.00,20.00,MAN,0,0,0,0.00,0.00,0.00,0.00,0.00,0.00,0.00,0.00,NaN,NaN,NaN,NaN,NaN,NaN
1888.78,25.82,44.80,36.00,20.00,MAN,0,0,0,0.00,0.00,0.00,0.00,0.00,0.00,0.00,0.00,NaN,NaN,NaN,NaN,NaN,NaN
1889.79,25.82,44.87,36.00,20.00,MAN,0,0,0,0.00,0.00,0.00,0.00,0.00,0.00,0.00,0.00,NaN,NaN,NaN,NaN,NaN,NaN
1890.79,25.82,44.93,36.00,20.00,MAN,0,0,0,0.00,0.00,0.00,0.00,0.00,0.00,0.00,0.00,NaN,NaN,NaN,NaN,NaN,NaN
1891.79,25.82,44.93,36.00,20.00,MAN,0,0,0,0.00,0.00,0.00,0.00,0.00,0.00,0.00,0.00,NaN,NaN,NaN,NaN,NaN,NaN
1892.79,25.82,44.96,36.00,20.00,MAN,0,0,0,0.00,0.00,0.00,0.00,0.00,0.00,0.00,0.00,NaN,NaN,NaN,NaN,NaN,NaN
1893.79,25.83,44.96,36.00,20.00,MAN,0,0,0,0.00,0.00,0.00,0.00,0.00,0.00,0.00,0.00,NaN,NaN,NaN,NaN,NaN,NaN
1894.79,25.82,44.90,36.00,20.00,MAN,0,0,0,0.00,0.00,0.00,0.00,0.00,0.00,0.00,0.00,NaN,NaN,NaN,NaN,NaN,NaN
1895.80,25.83,44.87,36.00,20.00,MAN,0,0,0,0.00,0.00,0.00,0.00,0.00,0.00,0.00,0.00,NaN,NaN,NaN,NaN,NaN,NaN
1896.80,25.82,44.83,36.00,20.00,MAN,0,0,0,0.00,0.00,0.00,0.00,0.00,0.00,0.00,0.00,NaN,NaN,NaN,NaN,NaN,NaN
1897.80,25.82,44.73,36.00,20.00,MAN,0,0,0,0.00,0.00,0.00,0.00,0.00,0.00,0.00,0.00,NaN,NaN,NaN,NaN,NaN,NaN
1898.80,25.82,44.67,36.00,20.00,MAN,0,0,0,0.00,0.00,0.00,0.00,0.00,0.00,0.00,0.00,NaN,NaN,NaN,NaN,NaN,NaN
1899.80,25.82,44.77,36.00,20.00,MAN,0,0,0,0.00,0.00,0.00,0.00,0.00,0.00,0.00,0.00,NaN,NaN,NaN,NaN,NaN,NaN
1900.80,25.82,44.93,36.00,20.00,MAN,0,0,0,0.00,0.00,0.00,0.00,0.00,0.00,0.00,0.00,NaN,NaN,NaN,NaN,NaN,NaN
1901.81,25.83,44.99,36.00,20.00,MAN,0,0,0,0.00,0.00,0.00,0.00,0.00,0.00,0.00,0.00,NaN,NaN,NaN,NaN,NaN,NaN
1902.81,25.82,44.99,36.00,20.00,MAN,0,0,0,0.00,0.00,0.00,0.00,0.00,0.00,0.00,0.00,NaN,NaN,NaN,NaN,NaN,NaN
1903.81,25.83,44.87,36.00,20.00,MAN,0,0,0,0.00,0.00,0.00,0.00,0.00,0.00,0.00,0.00,NaN,NaN,NaN,NaN,NaN,NaN
1904.81,25.84,44.77,36.00,20.00,MAN,0,0,0,0.00,0.00,0.00,0.00,0.00,0.00,0.00,0.00,NaN,NaN,NaN,NaN,NaN,NaN
