Time_Seconds,Temperature,Humidity,Setpoint_Temperature,Setpoint_Humidity,Ctrl,Error_Code,T_PWM,RH_PWM,T_PID_p,T_PID_i,T_PID_d,T_PID_out,RH_PID_p,RH_PID_i,RH_PID_d,RH_PID_out,T_output,RH_output,T_min_thld,T_max_thld,RH_min_thld,RH_max_thld
0.00,31.94,33.56,36.00,20.00,AUTO,0,0,NaN,0.00,0.00,0.00,0.00,NaN,NaN,NaN,NaN,NaN,NaN,NaN,NaN,NaN,NaN
0.84,31.94,33.56,36.00,20.00,AUTO,0,100,NaN,203.00,0.00,0.00,203.00,NaN,NaN,NaN,NaN,NaN,NaN,NaN,NaN,NaN,NaN
1.84,31.94,33.56,36.00,20.00,AUTO,0,100,NaN,203.00,0.00,0.00,203.00,NaN,NaN,NaN,NaN,NaN,NaN,NaN,NaN,NaN,NaN
2.84,31.94,33.56,36.00,20.00,AUTO,0,100,NaN,203.00,0.00,0.00,203.00,NaN,NaN,NaN,NaN,NaN,NaN,NaN,NaN,NaN,NaN
3.84,31.94,33.56,36.00,20.00,AUTO,0,100,NaN,203.00,0.00,0.00,203.00,NaN,NaN,NaN,NaN,NaN,NaN,NaN,NaN,NaN,NaN
4.84,31.94,33.56,36.00,20.00,AUTO,0,100,NaN,203.00,0.00,0.00,203.00,NaN,NaN,NaN,NaN,NaN,NaN,NaN,NaN,NaN,NaN
5.84,31.94,33.60,36.00,20.00,AUTO,0,100,NaN,203.00,0.00,0.00,203.00,NaN,NaN,NaN,NaN,NaN,NaN,NaN,NaN,NaN,NaN
6.84,31.95,33.60,36.00,20.00,AUTO,0,100,NaN,203.00,0.00,0.00,203.00,NaN,NaN,NaN,NaN,NaN,NaN,NaN,NaN,NaN,NaN
7.85,31.95,33.60,36.00,20.00,AUTO,0,100,NaN,203.00,0.00,0.00,203.00,NaN,NaN,NaN,NaN,NaN,NaN,NaN,NaN,NaN,NaN
8.85,31.96,33.56,36.00,20.00,AUTO,0,100,NaN,203.00,0.00,0.00,203.00,NaN,NaN,NaN,NaN,NaN,NaN,NaN,NaN,NaN,NaN
9.85,31.98,33.56,36.00,20.00,AUTO,0,100,NaN,203.00,0.00,0.00,203.00,NaN,NaN,NaN,NaN,NaN,NaN,NaN,NaN,NaN,NaN
10.85,31.99,33.56,36.00,20.00,AUTO,0,100,NaN,203.00,0.00,0.00,203.00,NaN,NaN,NaN,NaN,NaN,NaN,NaN,NaN,NaN,NaN
11.85,32.01,33.52,36.00,20.00,AUTO,0,100,NaN,203.00,0.00,0.00,203.00,NaN,NaN,NaN,NaN,NaN,NaN,NaN,NaN,NaN,NaN
12.86,32.02,33.52,36.00,20.00,AUTO,0,100,NaN,203.00,0.00,0.00,203.00,NaN,NaN,NaN,NaN,NaN,NaN,NaN,NaN,NaN,NaN
13.86,32.04,33.52,36.00,20.00,AUTO,0,100,NaN,203.00,0.00,0.00,203.00,NaN,NaN,NaN,NaN,NaN,NaN,NaN,NaN,NaN,NaN
14.86,32.07,33.47,36.00,20.00,AUTO,0,100,NaN,203.00,0.00,0.00,203.00,NaN,NaN,NaN,NaN,NaN,NaN,NaN,NaN,NaN,NaN
15.86,32.09,33.47,36.00,20.00,AUTO,0,100,NaN,197.25,0.00,-2.79,194.46,NaN,NaN,NaN,NaN,NaN,NaN,NaN,NaN,NaN,NaN
16.86,32.10,33.45,36.00,20.00,AUTO,0,100,NaN,197.25,0.00,-2.79,194.46,NaN,NaN,NaN,NaN,NaN,NaN,NaN,NaN,NaN,NaN
17.86,32.12,33.45,36.00,20.00,AUTO,0,100,NaN,197.25,0.00,-2.79,194.46,NaN,NaN,NaN,NaN,NaN,NaN,NaN,NaN,NaN,NaN
18.86,32.14,33.41,36.00,20.00,AUTO,0,100,NaN,197.25,0.00,-2.79,194.46,NaN,NaN,NaN,NaN,NaN,NaN,NaN,NaN,NaN,NaN
19.87,32.16,33.41,36.00,20.00,AUTO,0,100,NaN,197.25,0.00,-2.79,194.46,NaN,NaN,NaN,NaN,NaN,NaN,NaN,NaN,NaN,NaN
20.87,32.19,33.38,36.00,20.00,AUTO,0,100,NaN,197.25,0.00,-2.79,194.46,NaN,NaN,NaN,NaN,NaN,NaN,NaN,NaN,NaN,NaN
21.87,32.23,33.33,36.00,20.00,AUTO,0,100,NaN,197.25,0.00,-2.79,194.46,NaN,NaN,NaN,NaN,NaN,NaN,NaN,NaN,NaN,NaN
22.87,32.26,33.31,36.00,20.00,AUTO,0,100,NaN,197.25,0.00,-2.79,194.46,NaN,NaN,NaN,NaN,NaN,NaN,NaN,NaN,NaN,NaN
23.87,32.29,33.31,36.00,20.00,AUTO,0,100,NaN,197.25,0.00,-2.79,194.46,NaN,NaN,NaN,NaN,NaN,NaN,NaN,NaN,NaN,NaN
24.87,32.32,33.23,36.00,20.00,AUTO,0,100,NaN,197.25,0.00,-2.79,194.46,NaN,NaN,NaN,NaN,NaN,NaN,NaN,NaN,NaN,NaN
25.87,32.37,33.19,36.00,20.00,AUTO,0,100,NaN,197.25,0.00,-2.79,194.46,NaN,NaN,NaN,NaN,NaN,NaN,NaN,NaN,NaN,NaN
26.88,32.38,33.15,36.00,20.00,AUTO,0,100,NaN,197.25,0.00,-2.79,194.46,NaN,NaN,NaN,NaN,NaN,NaN,NaN,NaN,NaN,NaN
27.88,32.40,33.07,36.00,20.00,AUTO,0,100,NaN,197.25,0.00,-2.79,194.46,NaN,NaN,NaN,NaN,NaN,NaN,NaN,NaN,NaN,NaN
28.88,32.44,33.07,36.00,20.00,AUTO,0,100,NaN,197.25,0.00,-2.79,194.46,NaN,NaN,NaN,NaN,NaN,NaN,NaN,NaN,NaN,NaN
29.88,32.46,33.05,36.00,20.00,AUTO,0,100,NaN,197.25,0.00,-2.79,194.46,NaN,NaN,NaN,NaN,NaN,NaN,NaN,NaN,NaN,NaN
30.88,32.49,33.01,36.00,20.00,AUTO,0,100,NaN,177.50,0.00,-12.80,164.70,NaN,NaN,NaN,NaN,NaN,NaN,NaN,NaN,NaN,NaN
31.89,32.54,32.96,36.00,20.00,AUTO,0,100,NaN,177.50,0.00,-12.80,164.70,NaN,NaN,NaN,NaN,NaN,NaN,NaN,NaN,NaN,NaN
32.89,32.56,32.93,36.00,20.00,AUTO,0,100,NaN,177.50,0.00,-12.80,164.70,NaN,NaN,NaN,NaN,NaN,NaN,NaN,NaN,NaN,NaN
33.89,32.60,32.90,36.00,20.00,AUTO,0,100,NaN,177.50,0.00,-12.80,164.70,NaN,NaN,NaN,NaN,NaN,NaN,NaN,NaN,NaN,NaN
34.89,32.64,32.86,36.00,20.00,AUTO,0,100,NaN,177.50,0.00,-12.80,164.70,NaN,NaN,NaN,NaN,NaN,NaN,NaN,NaN,NaN,NaN
35.89,32.68,32.83,36.00,20.00,AUTO,0,100,NaN,177.50,0.00,-12.80,164.70,NaN,NaN,NaN,NaN,NaN,NaN,NaN,NaN,NaN,NaN
36.89,32.72,32.74,36.00,20.00,AUTO,0,100,NaN,177.50,0.00,-12.80,164.70,NaN,NaN,NaN,NaN,NaN,NaN,NaN,NaN,NaN,NaN
37.89,32.74,32.70,36.00,20.00,AUTO,0,100,NaN,177.50,0.00,-12.80,164.70,NaN,NaN,NaN,NaN,NaN,NaN,NaN,NaN,NaN,NaN
38.89,32.79,32.68,36.00,20.00,AUTO,0,100,NaN,177.50,0.00,-12.80,164.70,NaN,NaN,NaN,NaN,NaN,NaN,NaN,NaN,NaN,NaN
39.90,32.83,32.64,36.00,20.00,AUTO,0,100,NaN,177.50,0.00,-12.80,164.70,NaN,NaN,NaN,NaN,NaN,NaN,NaN,NaN,NaN,NaN
40.90,32.88,32.60,36.00,20.00,AUTO,0,100,NaN,177.50,0.00,-12.80,164.70,NaN,NaN,NaN,NaN,NaN,NaN,NaN,NaN,NaN,NaN
41.90,32.91,32.52,36.00,20.00,AUTO,0,100,NaN,177.50,0.00,-12.80,164.70,NaN,NaN,NaN,NaN,NaN,NaN,NaN,NaN,NaN,NaN
42.90,32.93,32.48,36.00,20.00,AUTO,0,100,NaN,177.50,0.00,-12.80,164.70,NaN,NaN,NaN,NaN,NaN,NaN,NaN,NaN,NaN,NaN
43.90,32.98,32.46,36.00,20.00,AUTO,0,100,NaN,177.50,0.00,-12.80,164.70,NaN,NaN,NaN,NaN,NaN,NaN,NaN,NaN,NaN,NaN
44.91,33.00,32.41,36.00,20.00,AUTO,0,100,NaN,177.50,0.00,-12.80,164.70,NaN,NaN,NaN,NaN,NaN,NaN,NaN,NaN,NaN,NaN
45.91,33.04,32.38,36.00,20.00,AUTO,0,100,NaN,150.50,0.00,-17.65,132.85,NaN,NaN,NaN,NaN,NaN,NaN,NaN,NaN,NaN,NaN
46.91,33.07,32.34,36.00,20.00,AUTO,0,100,NaN,150.50,0.00,-17.65,132.85,NaN,NaN,NaN,NaN,NaN,NaN,NaN,NaN,NaN,NaN
47.91,33.11,32.22,36.00,20.00,AUTO,0,100,NaN,150.50,0.00,-17.65,132.85,NaN,NaN,NaN,NaN,NaN,NaN,NaN,NaN,NaN,NaN
48.91,33.15,32.19,36.00,20.00,AUTO,0,100,NaN,150.50,0.00,-17.65,132.85,NaN,NaN,NaN,NaN,NaN,NaN,NaN,NaN,NaN,NaN
49.91,33.18,32.15,36.00,20.00,AUTO,0,100,NaN,150.50,0.00,-17.65,132.85,NaN,NaN,NaN,NaN,NaN,NaN,NaN,NaN,NaN,NaN
50.92,33.21,32.11,36.00,20.00,AUTO,0,100,NaN,150.50,0.00,-17.65,132.85,NaN,NaN,NaN,NaN,NaN,NaN,NaN,NaN,NaN,NaN
51.91,33.27,32.09,36.00,20.00,AUTO,0,100,NaN,150.50,0.00,-17.65,132.85,NaN,NaN,NaN,NaN,NaN,NaN,NaN,NaN,NaN,NaN
52.92,33.30,32.05,36.00,20.00,AUTO,0,100,NaN,150.50,0.00,-17.65,132.85,NaN,NaN,NaN,NaN,NaN,NaN,NaN,NaN,NaN,NaN
53.92,33.32,32.01,36.00,20.00,AUTO,0,100,NaN,150.50,0.00,-17.65,132.85,NaN,NaN,NaN,NaN,NaN,NaN,NaN,NaN,NaN,NaN
54.92,33.35,31.97,36.00,20.00,AUTO,0,100,NaN,150.50,0.00,-17.65,132.85,NaN,NaN,NaN,NaN,NaN,NaN,NaN,NaN,NaN,NaN
55.92,33.40,31.89,36.00,20.00,AUTO,0,100,NaN,150.50,0.00,-17.65,132.85,NaN,NaN,NaN,NaN,NaN,NaN,NaN,NaN,NaN,NaN
56.92,33.43,31.89,36.00,20.00,AUTO,0,100,NaN,150.50,0.00,-17.65,132.85,NaN,NaN,NaN,NaN,NaN,NaN,NaN,NaN,NaN,NaN
57.93,33.46,31.80,36.00,20.00,AUTO,0,100,NaN,150.50,0.00,-17.65,132.85,NaN,NaN,NaN,NaN,NaN,NaN,NaN,NaN,NaN,NaN
58.93,33.50,31.78,36.00,20.00,AUTO,0,100,NaN,150.50,0.00,-17.65,132.85,NaN,NaN,NaN,NaN,NaN,NaN,NaN,NaN,NaN,NaN
59.93,33.55,31.74,36.00,20.00,AUTO,0,100,NaN,150.50,0.00,-17.65,132.85,NaN,NaN,NaN,NaN,NaN,NaN,NaN,NaN,NaN,NaN
60.93,33.59,31.70,36.00,20.00,AUTO,0,100,NaN,123.75,0.00,-17.61,106.14,NaN,NaN,NaN,NaN,NaN,NaN,NaN,NaN,NaN,NaN
61.93,33.63,31.68,36.00,20.00,AUTO,0,100,NaN,123.75,0.00,-17.61,106.14,NaN,NaN,NaN,NaN,NaN,NaN,NaN,NaN,NaN,NaN
62.93,33.67,31.60,36.00,20.00,AUTO,0,100,NaN,123.75,0.00,-17.61,106.14,NaN,NaN,NaN,NaN,NaN,NaN,NaN,NaN,NaN,NaN
63.94,33.68,31.56,36.00,20.00,AUTO,0,100,NaN,123.75,0.00,-17.61,106.14,NaN,NaN,NaN,NaN,NaN,NaN,NaN,NaN,NaN,NaN
64.93,33.72,31.52,36.00,20.00,AUTO,0,100,NaN,123.75,0.00,-17.61,106.14,NaN,NaN,NaN,NaN,NaN,NaN,NaN,NaN,NaN,NaN
65.94,33.75,31.48,36.00,20.00,AUTO,0,100,NaN,123.75,0.00,-17.61,106.14,NaN,NaN,NaN,NaN,NaN,NaN,NaN,NaN,NaN,NaN
66.94,33.78,31.44,36.00,20.00,AUTO,0,100,NaN,123.75,0.00,-17.61,106.14,NaN,NaN,NaN,NaN,NaN,NaN,NaN,NaN,NaN,NaN
67.94,33.81,31.38,36.00,20.00,AUTO,0,100,NaN,123.75,0.00,-17.61,106.14,NaN,NaN,NaN,NaN,NaN,NaN,NaN,NaN,NaN,NaN
68.94,33.85,31.34,36.00,20.00,AUTO,0,100,NaN,123.75,0.00,-17.61,106.14,NaN,NaN,NaN,NaN,NaN,NaN,NaN,NaN,NaN,NaN
69.95,33.89,31.29,36.00,20.00,AUTO,0,100,NaN,123.75,0.00,-17.61,106.14,NaN,NaN,NaN,NaN,NaN,NaN,NaN,NaN,NaN,NaN
70.95,33.92,31.25,36.00,20.00,AUTO,0,100,NaN,123.75,0.00,-17.61,106.14,NaN,NaN,NaN,NaN,NaN,NaN,NaN,NaN,NaN,NaN
71.95,33.95,31.22,36.00,20.00,AUTO,0,100,NaN,123.75,0.00,-17.61,106.14,NaN,NaN,NaN,NaN,NaN,NaN,NaN,NaN,NaN,NaN
72.95,34.00,31.19,36.00,20.00,AUTO,0,100,NaN,123.75,0.00,-17.61,106.14,NaN,NaN,NaN,NaN,NaN,NaN,NaN,NaN,NaN,NaN
73.95,34.03,31.11,36.00,20.00,AUTO,0,100,NaN,123.75,0.00,-17.61,106.14,NaN,NaN,NaN,NaN,NaN,NaN,NaN,NaN,NaN,NaN
74.95,34.07,31.07,36.00,20.00,AUTO,0,100,NaN,123.75,0.00,-17.61,106.14,NaN,NaN,NaN,NaN,NaN,NaN,NaN,NaN,NaN,NaN
75.95,34.10,31.03,36.00,20.00,AUTO,0,92,NaN,97.50,11.43,-17.38,91.56,NaN,NaN,NaN,NaN,NaN,NaN,NaN,NaN,NaN,NaN
76.96,34.14,31.01,36.00,20.00,AUTO,0,92,NaN,97.50,11.43,-17.38,91.56,NaN,NaN,NaN,NaN,NaN,NaN,NaN,NaN,NaN,NaN
77.96,34.19,30.96,36.00,20.00,AUTO,0,92,NaN,97.50,11.43,-17.38,91.56,NaN,NaN,NaN,NaN,NaN,NaN,NaN,NaN,NaN,NaN
78.96,34.22,30.93,36.00,20.00,AUTO,0,92,NaN,97.50,11.43,-17.38,91.56,NaN,NaN,NaN,NaN,NaN,NaN,NaN,NaN,NaN,NaN
79.96,34.25,30.89,36.00,20.00,AUTO,0,92,NaN,97.50,11.43,-17.38,91.56,NaN,NaN,NaN,NaN,NaN,NaN,NaN,NaN,NaN,NaN
80.96,34.29,30.84,36.00,20.00,AUTO,0,92,NaN,97.50,11.43,-17.38,91.56,NaN,NaN,NaN,NaN,NaN,NaN,NaN,NaN,NaN,NaN
81.96,34.33,30.82,36.00,20.00,AUTO,0,92,NaN,97.50,11.43,-17.38,91.56,NaN,NaN,NaN,NaN,NaN,NaN,NaN,NaN,NaN,NaN
82.96,34.36,30.78,36.00,20.00,AUTO,0,92,NaN,97.50,11.43,-17.38,91.56,NaN,NaN,NaN,NaN,NaN,NaN,NaN,NaN,NaN,NaN
83.97,34.39,30.74,36.00,20.00,AUTO,0,92,NaN,97.50,11.43,-17.38,91.56,NaN,NaN,NaN,NaN,NaN,NaN,NaN,NaN,NaN,NaN
84.97,34.41,30.71,36.00,20.00,AUTO,0,92,NaN,97.50,11.43,-17.38,91.56,NaN,NaN,NaN,NaN,NaN,NaN,NaN,NaN,NaN,NaN
85.97,34.45,30.66,36.00,20.00,AUTO,0,92,NaN,97.50,11.43,-17.38,91.56,NaN,NaN,NaN,NaN,NaN,NaN,NaN,NaN,NaN,NaN
86.97,34.48,30.62,36.00,20.00,AUTO,0,92,NaN,97.50,11.43,-17.38,91.56,NaN,NaN,NaN,NaN,NaN,NaN,NaN,NaN,NaN,NaN
87.97,34.52,30.60,36.00,20.00,AUTO,0,92,NaN,97.50,11.43,-17.38,91.56,NaN,NaN,NaN,NaN,NaN,NaN,NaN,NaN,NaN,NaN
88.97,34.55,30.51,36.00,20.00,AUTO,0,92,NaN,97.50,11.43,-17.38,91.56,NaN,NaN,NaN,NaN,NaN,NaN,NaN,NaN,NaN,NaN
89.98,34.60,30.48,36.00,20.00,AUTO,0,92,NaN,97.50,11.43,-17.38,91.56,NaN,NaN,NaN,NaN,NaN,NaN,NaN,NaN,NaN,NaN
90.98,34.61,30.44,36.00,20.00,AUTO,0,74,NaN,71.25,20.08,-17.56,73.77,NaN,NaN,NaN,NaN,NaN,NaN,NaN,NaN,NaN,NaN
91.98,34.64,30.40,36.00,20.00,AUTO,0,74,NaN,71.25,20.08,-17.56,73.77,NaN,NaN,NaN,NaN,NaN,NaN,NaN,NaN,NaN,NaN
92.98,34.67,30.42,36.00,20.00,AUTO,0,74,NaN,71.25,20.08,-17.56,73.77,NaN,NaN,NaN,NaN,NaN,NaN,NaN,NaN,NaN,NaN
93.98,34.69,30.37,36.00,20.00,AUTO,0,74,NaN,71.25,20.08,-17.56,73.77,NaN,NaN,NaN,NaN,NaN,NaN,NaN,NaN,NaN,NaN
94.98,34.73,30.33,36.00,20.00,AUTO,0,74,NaN,71.25,20.08,-17.56,73.77,NaN,NaN,NaN,NaN,NaN,NaN,NaN,NaN,NaN,NaN
95.99,34.76,30.29,36.00,20.00,AUTO,0,74,NaN,71.25,20.08,-17.56,73.77,NaN,NaN,NaN,NaN,NaN,NaN,NaN,NaN,NaN,NaN
96.98,34.79,30.25,36.00,20.00,AUTO,0,74,NaN,71.25,20.08,-17.56,73.77,NaN,NaN,NaN,NaN,NaN,NaN,NaN,NaN,NaN,NaN
97.99,34.81,30.21,36.00,20.00,AUTO,0,74,NaN,71.25,20.08,-17.56,73.77,NaN,NaN,NaN,NaN,NaN,NaN,NaN,NaN,NaN,NaN
98.99,34.85,30.22,36.00,20.00,AUTO,0,74,NaN,71.25,20.08,-17.56,73.77,NaN,NaN,NaN,NaN,NaN,NaN,NaN,NaN,NaN,NaN
99.99,34.88,30.19,36.00,20.00,AUTO,0,74,NaN,71.25,20.08,-17.56,73.77,NaN,NaN,NaN,NaN,NaN,NaN,NaN,NaN,NaN,NaN
100.99,34.92,30.15,36.00,20.00,AUTO,0,74,NaN,71.25,20.08,-17.56,73.77,NaN,NaN,NaN,NaN,NaN,NaN,NaN,NaN,NaN,NaN
101.99,34.96,30.11,36.00,20.00,AUTO,0,74,NaN,71.25,20.08,-17.56,73.77,NaN,NaN,NaN,NaN,NaN,NaN,NaN,NaN,NaN,NaN
103.00,35.01,30.08,36.00,20.00,AUTO,0,74,NaN,71.25,20.08,-17.56,73.77,NaN,NaN,NaN,NaN,NaN,NaN,NaN,NaN,NaN,NaN
104.00,35.03,30.04,36.00,20.00,AUTO,0,74,NaN,71.25,20.08,-17.56,73.77,NaN,NaN,NaN,NaN,NaN,NaN,NaN,NaN,NaN,NaN
105.00,35.05,30.00,36.00,20.00,AUTO,0,74,NaN,71.25,20.08,-17.56,73.77,NaN,NaN,NaN,NaN,NaN,NaN,NaN,NaN,NaN,NaN
106.00,35.06,29.96,36.00,20.00,AUTO,0,58,NaN,48.00,26.24,-15.74,58.50,NaN,NaN,NaN,NaN,NaN,NaN,NaN,NaN,NaN,NaN
107.00,35.08,29.92,36.00,20.00,AUTO,0,58,NaN,48.00,26.24,-15.74,58.50,NaN,NaN,NaN,NaN,NaN,NaN,NaN,NaN,NaN,NaN
108.00,35.11,29.92,36.00,20.00,AUTO,0,58,NaN,48.00,26.24,-15.74,58.50,NaN,NaN,NaN,NaN,NaN,NaN,NaN,NaN,NaN,NaN
109.01,35.14,29.88,36.00,20.00,AUTO,0,58,NaN,48.00,26.24,-15.74,58.50,NaN,NaN,NaN,NaN,NaN,NaN,NaN,NaN,NaN,NaN
110.01,35.16,29.86,36.00,20.00,AUTO,0,58,NaN,48.00,26.24,-15.74,58.50,NaN,NaN,NaN,NaN,NaN,NaN,NaN,NaN,NaN,NaN
111.01,35.19,29.81,36.00,20.00,AUTO,0,58,NaN,48.00,26.24,-15.74,58.50,NaN,NaN,NaN,NaN,NaN,NaN,NaN,NaN,NaN,NaN
112.01,35.22,29.81,36.00,20.00,AUTO,0,58,NaN,48.00,26.24,-15.74,58.50,NaN,NaN,NaN,NaN,NaN,NaN,NaN,NaN,NaN,NaN
113.01,35.24,29.77,36.00,20.00,AUTO,0,58,NaN,48.00,26.24,-15.74,58.50,NaN,NaN,NaN,NaN,NaN,NaN,NaN,NaN,NaN,NaN
114.01,35.26,29.74,36.00,20.00,AUTO,0,58,NaN,48.00,26.24,-15.74,58.50,NaN,NaN,NaN,NaN,NaN,NaN,NaN,NaN,NaN,NaN
115.02,35.30,29.74,36.00,20.00,AUTO,0,58,NaN,48.00,26.24,-15.74,58.50,NaN,NaN,NaN,NaN,NaN,NaN,NaN,NaN,NaN,NaN
116.02,35.33,29.65,36.00,20.00,AUTO,0,58,NaN,48.00,26.24,-15.74,58.50,NaN,NaN,NaN,NaN,NaN,NaN,NaN,NaN,NaN,NaN
117.02,35.35,29.63,36.00,20.00,AUTO,0,58,NaN,48.00,26.24,-15.74,58.50,NaN,NaN,NaN,NaN,NaN,NaN,NaN,NaN,NaN,NaN
118.02,35.38,29.63,36.00,20.00,AUTO,0,58,NaN,48.00,26.24,-15.74,58.50,NaN,NaN,NaN,NaN,NaN,NaN,NaN,NaN,NaN,NaN
119.02,35.40,29.58,36.00,20.00,AUTO,0,58,NaN,48.00,26.24,-15.74,58.50,NaN,NaN,NaN,NaN,NaN,NaN,NaN,NaN,NaN,NaN
120.02,35.42,29.55,36.00,20.00,AUTO,0,58,NaN,48.00,26.24,-15.74,58.50,NaN,NaN,NaN,NaN,NaN,NaN,NaN,NaN,NaN,NaN
121.03,35.42,29.55,36.00,20.00,AUTO,0,47,NaN,29.50,30.22,-12.82,46.90,NaN,NaN,NaN,NaN,NaN,NaN,NaN,NaN,NaN,NaN
122.03,35.44,29.51,36.00,20.00,AUTO,0,47,NaN,29.50,30.22,-12.82,46.90,NaN,NaN,NaN,NaN,NaN,NaN,NaN,NaN,NaN,NaN
123.03,35.48,29.51,36.00,20.00,AUTO,0,47,NaN,29.50,30.22,-12.82,46.90,NaN,NaN,NaN,NaN,NaN,NaN,NaN,NaN,NaN,NaN
124.03,35.50,29.46,36.00,20.00,AUTO,0,47,NaN,29.50,30.22,-12.82,46.90,NaN,NaN,NaN,NaN,NaN,NaN,NaN,NaN,NaN,NaN
125.03,35.53,29.44,36.00,20.00,AUTO,0,47,NaN,29.50,30.22,-12.82,46.90,NaN,NaN,NaN,NaN,NaN,NaN,NaN,NaN,NaN,NaN
126.03,35.54,29.44,36.00,20.00,AUTO,0,47,NaN,29.50,30.22,-12.82,46.90,NaN,NaN,NaN,NaN,NaN,NaN,NaN,NaN,NaN,NaN
127.04,35.56,29.40,36.00,20.00,AUTO,0,47,NaN,29.50,30.22,-12.82,46.90,NaN,NaN,NaN,NaN,NaN,NaN,NaN,NaN,NaN,NaN
128.04,35.59,29.40,36.00,20.00,AUTO,0,47,NaN,29.50,30.22,-12.82,46.90,NaN,NaN,NaN,NaN,NaN,NaN,NaN,NaN,NaN,NaN
129.04,35.62,29.36,36.00,20.00,AUTO,0,47,NaN,29.50,30.22,-12.82,46.90,NaN,NaN,NaN,NaN,NaN,NaN,NaN,NaN,NaN,NaN
130.04,35.64,29.32,36.00,20.00,AUTO,0,47,NaN,29.50,30.22,-12.82,46.90,NaN,NaN,NaN,NaN,NaN,NaN,NaN,NaN,NaN,NaN
131.04,35.66,29.32,36.00,20.00,AUTO,0,47,NaN,29.50,30.22,-12.82,46.90,NaN,NaN,NaN,NaN,NaN,NaN,NaN,NaN,NaN,NaN
132.04,35.68,29.29,36.00,20.00,AUTO,0,47,NaN,29.50,30.22,-12.82,46.90,NaN,NaN,NaN,NaN,NaN,NaN,NaN,NaN,NaN,NaN
133.04,35.69,29.29,36.00,20.00,AUTO,0,47,NaN,29.50,30.22,-12.82,46.90,NaN,NaN,NaN,NaN,NaN,NaN,NaN,NaN,NaN,NaN
134.05,35.70,29.29,36.00,20.00,AUTO,0,47,NaN,29.50,30.22,-12.82,46.90,NaN,NaN,NaN,NaN,NaN,NaN,NaN,NaN,NaN,NaN
135.05,35.72,29.26,36.00,20.00,AUTO,0,47,NaN,29.50,30.22,-12.82,46.90,NaN,NaN,NaN,NaN,NaN,NaN,NaN,NaN,NaN,NaN
136.05,35.71,29.26,36.00,20.00,AUTO,0,36,NaN,14.50,32.40,-10.63,36.27,NaN,NaN,NaN,NaN,NaN,NaN,NaN,NaN,NaN,NaN
137.05,35.73,29.26,36.00,20.00,AUTO,0,36,NaN,14.50,32.40,-10.63,36.27,NaN,NaN,NaN,NaN,NaN,NaN,NaN,NaN,NaN,NaN
138.05,35.74,29.22,36.00,20.00,AUTO,0,36,NaN,14.50,32.40,-10.63,36.27,NaN,NaN,NaN,NaN,NaN,NaN,NaN,NaN,NaN,NaN
139.05,35.75,29.22,36.00,20.00,AUTO,0,36,NaN,14.50,32.40,-10.63,36.27,NaN,NaN,NaN,NaN,NaN,NaN,NaN,NaN,NaN,NaN
140.05,35.77,29.17,36.00,20.00,AUTO,0,36,NaN,14.50,32.40,-10.63,36.27,NaN,NaN,NaN,NaN,NaN,NaN,NaN,NaN,NaN,NaN
141.06,35.79,29.17,36.00,20.00,AUTO,0,36,NaN,14.50,32.40,-10.63,36.27,NaN,NaN,NaN,NaN,NaN,NaN,NaN,NaN,NaN,NaN
142.06,35.82,29.17,36.00,20.00,AUTO,0,36,NaN,14.50,32.40,-10.63,36.27,NaN,NaN,NaN,NaN,NaN,NaN,NaN,NaN,NaN,NaN
143.06,35.83,29.13,36.00,20.00,AUTO,0,36,NaN,14.50,32.40,-10.63,36.27,NaN,NaN,NaN,NaN,NaN,NaN,NaN,NaN,NaN,NaN
144.06,35.84,29.13,36.00,20.00,AUTO,0,36,NaN,14.50,32.40,-10.63,36.27,NaN,NaN,NaN,NaN,NaN,NaN,NaN,NaN,NaN,NaN
145.06,35.85,29.15,36.00,20.00,AUTO,0,36,NaN,14.50,32.40,-10.63,36.27,NaN,NaN,NaN,NaN,NaN,NaN,NaN,NaN,NaN,NaN
146.07,35.86,29.15,36.00,20.00,AUTO,0,36,NaN,14.50,32.40,-10.63,36.27,NaN,NaN,NaN,NaN,NaN,NaN,NaN,NaN,NaN,NaN
147.07,35.87,29.11,36.00,20.00,AUTO,0,36,NaN,14.50,32.40,-10.63,36.27,NaN,NaN,NaN,NaN,NaN,NaN,NaN,NaN,NaN,NaN
148.07,35.89,29.11,36.00,20.00,AUTO,0,36,NaN,14.50,32.40,-10.63,36.27,NaN,NaN,NaN,NaN,NaN,NaN,NaN,NaN,NaN,NaN
149.07,35.89,29.11,36.00,20.00,AUTO,0,36,NaN,14.50,32.40,-10.63,36.27,NaN,NaN,NaN,NaN,NaN,NaN,NaN,NaN,NaN,NaN
150.07,35.90,29.11,36.00,20.00,AUTO,0,36,NaN,14.50,32.40,-10.63,36.27,NaN,NaN,NaN,NaN,NaN,NaN,NaN,NaN,NaN,NaN
151.07,35.89,29.07,36.00,20.00,AUTO,0,32,NaN,5.25,33.37,-6.61,32.00,NaN,NaN,NaN,NaN,NaN,NaN,NaN,NaN,NaN,NaN
152.07,35.89,29.07,36.00,20.00,AUTO,0,32,NaN,5.25,33.37,-6.61,32.00,NaN,NaN,NaN,NaN,NaN,NaN,NaN,NaN,NaN,NaN
153.07,35.90,29.07,36.00,20.00,AUTO,0,32,NaN,5.25,33.37,-6.61,32.00,NaN,NaN,NaN,NaN,NaN,NaN,NaN,NaN,NaN,NaN
154.08,35.92,29.07,36.00,20.00,AUTO,0,32,NaN,5.25,33.37,-6.61,32.00,NaN,NaN,NaN,NaN,NaN,NaN,NaN,NaN,NaN,NaN
155.08,35.93,29.07,36.00,20.00,AUTO,0,32,NaN,5.25,33.37,-6.61,32.00,NaN,NaN,NaN,NaN,NaN,NaN,NaN,NaN,NaN,NaN
156.08,35.95,29.07,36.00,20.00,AUTO,0,32,NaN,5.25,33.37,-6.61,32.00,NaN,NaN,NaN,NaN,NaN,NaN,NaN,NaN,NaN,NaN
157.08,35.96,29.07,36.00,20.00,AUTO,0,32,NaN,5.25,33.37,-6.61,32.00,NaN,NaN,NaN,NaN,NaN,NaN,NaN,NaN,NaN,NaN
158.08,35.97,29.03,36.00,20.00,AUTO,0,32,NaN,5.25,33.37,-6.61,32.00,NaN,NaN,NaN,NaN,NaN,NaN,NaN,NaN,NaN,NaN
159.09,35.98,29.03,36.00,20.00,AUTO,0,32,NaN,5.25,33.37,-6.61,32.00,NaN,NaN,NaN,NaN,NaN,NaN,NaN,NaN,NaN,NaN
160.09,36.00,29.03,36.00,20.00,AUTO,0,32,NaN,5.25,33.37,-6.61,32.00,NaN,NaN,NaN,NaN,NaN,NaN,NaN,NaN,NaN,NaN
161.09,36.02,29.03,36.00,20.00,AUTO,0,32,NaN,5.25,33.37,-6.61,32.00,NaN,NaN,NaN,NaN,NaN,NaN,NaN,NaN,NaN,NaN
162.09,36.02,29.03,36.00,20.00,AUTO,0,32,NaN,5.25,33.37,-6.61,32.00,NaN,NaN,NaN,NaN,NaN,NaN,NaN,NaN,NaN,NaN
163.09,36.02,29.03,36.00,20.00,AUTO,0,32,NaN,5.25,33.37,-6.61,32.00,NaN,NaN,NaN,NaN,NaN,NaN,NaN,NaN,NaN,NaN
164.09,36.02,28.99,36.00,20.00,AUTO,0,32,NaN,5.25,33.37,-6.61,32.00,NaN,NaN,NaN,NaN,NaN,NaN,NaN,NaN,NaN,NaN
165.09,36.02,28.99,36.00,20.00,AUTO,0,32,NaN,5.25,33.37,-6.61,32.00,NaN,NaN,NaN,NaN,NaN,NaN,NaN,NaN,NaN,NaN
166.10,36.02,28.99,36.00,20.00,AUTO,0,28,NaN,-1.00,33.54,-4.76,27.79,NaN,NaN,NaN,NaN,NaN,NaN,NaN,NaN,NaN,NaN
167.10,36.02,28.99,36.00,20.00,AUTO,0,28,NaN,-1.00,33.54,-4.76,27.79,NaN,NaN,NaN,NaN,NaN,NaN,NaN,NaN,NaN,NaN
168.10,36.02,28.99,36.00,20.00,AUTO,0,28,NaN,-1.00,33.54,-4.76,27.79,NaN,NaN,NaN,NaN,NaN,NaN,NaN,NaN,NaN,NaN
169.10,36.02,28.99,36.00,20.00,AUTO,0,28,NaN,-1.00,33.54,-4.76,27.79,NaN,NaN,NaN,NaN,NaN,NaN,NaN,NaN,NaN,NaN
170.10,36.02,28.99,36.00,20.00,AUTO,0,28,NaN,-1.00,33.54,-4.76,27.79,NaN,NaN,NaN,NaN,NaN,NaN,NaN,NaN,NaN,NaN
171.10,36.02,28.99,36.00,20.00,AUTO,0,28,NaN,-1.00,33.54,-4.76,27.79,NaN,NaN,NaN,NaN,NaN,NaN,NaN,NaN,NaN,NaN
172.11,36.02,28.99,36.00,20.00,AUTO,0,28,NaN,-1.00,33.54,-4.76,27.79,NaN,NaN,NaN,NaN,NaN,NaN,NaN,NaN,NaN,NaN
173.11,36.02,28.99,36.00,20.00,AUTO,0,28,NaN,-1.00,33.54,-4.76,27.79,NaN,NaN,NaN,NaN,NaN,NaN,NaN,NaN,NaN,NaN
174.11,36.02,28.99,36.00,20.00,AUTO,0,28,NaN,-1.00,33.54,-4.76,27.79,NaN,NaN,NaN,NaN,NaN,NaN,NaN,NaN,NaN,NaN
175.11,36.02,28.99,36.00,20.00,AUTO,0,28,NaN,-1.00,33.54,-4.76,27.79,NaN,NaN,NaN,NaN,NaN,NaN,NaN,NaN,NaN,NaN
176.11,36.02,28.99,36.00,20.00,AUTO,0,28,NaN,-1.00,33.54,-4.76,27.79,NaN,NaN,NaN,NaN,NaN,NaN,NaN,NaN,NaN,NaN
177.11,36.02,28.99,36.00,20.00,AUTO,0,28,NaN,-1.00,33.54,-4.76,27.79,NaN,NaN,NaN,NaN,NaN,NaN,NaN,NaN,NaN,NaN
178.12,36.02,28.99,36.00,20.00,AUTO,0,28,NaN,-1.00,33.54,-4.76,27.79,NaN,NaN,NaN,NaN,NaN,NaN,NaN,NaN,NaN,NaN
179.12,36.02,28.99,36.00,20.00,AUTO,0,28,NaN,-1.00,33.54,-4.76,27.79,NaN,NaN,NaN,NaN,NaN,NaN,NaN,NaN,NaN,NaN
180.12,36.02,28.99,36.00,20.00,AUTO,0,28,NaN,-1.00,33.54,-4.76,27.79,NaN,NaN,NaN,NaN,NaN,NaN,NaN,NaN,NaN,NaN
181.12,36.02,28.99,36.00,20.00,AUTO,0,32,NaN,-1.00,33.44,0.00,32.44,NaN,NaN,NaN,NaN,NaN,NaN,NaN,NaN,NaN,NaN
182.12,36.02,29.03,36.00,20.00,AUTO,0,32,NaN,-1.00,33.44,0.00,32.44,NaN,NaN,NaN,NaN,NaN,NaN,NaN,NaN,NaN,NaN
183.12,36.02,29.03,36.00,20.00,AUTO,0,32,NaN,-1.00,33.44,0.00,32.44,NaN,NaN,NaN,NaN,NaN,NaN,NaN,NaN,NaN,NaN
184.13,36.02,29.03,36.00,20.00,AUTO,0,32,NaN,-1.00,33.44,0.00,32.44,NaN,NaN,NaN,NaN,NaN,NaN,NaN,NaN,NaN,NaN
185.12,36.02,29.03,36.00,20.00,AUTO,0,32,NaN,-1.00,33.44,0.00,32.44,NaN,NaN,NaN,NaN,NaN,NaN,NaN,NaN,NaN,NaN
186.13,36.02,29.03,36.00,20.00,AUTO,0,32,NaN,-1.00,33.44,0.00,32.44,NaN,NaN,NaN,NaN,NaN,NaN,NaN,NaN,NaN,NaN
187.13,36.02,29.03,36.00,20.00,AUTO,0,32,NaN,-1.00,33.44,0.00,32.44,NaN,NaN,NaN,NaN,NaN,NaN,NaN,NaN,NaN,NaN
188.13,36.02,29.03,36.00,20.00,AUTO,0,32,NaN,-1.00,33.44,0.00,32.44,NaN,NaN,NaN,NaN,NaN,NaN,NaN,NaN,NaN,NaN
189.13,36.02,29.03,36.00,20.00,AUTO,0,32,NaN,-1.00,33.44,0.00,32.44,NaN,NaN,NaN,NaN,NaN,NaN,NaN,NaN,NaN,NaN
190.13,36.02,29.03,36.00,20.00,AUTO,0,32,NaN,-1.00,33.44,0.00,32.44,NaN,NaN,NaN,NaN,NaN,NaN,NaN,NaN,NaN,NaN
191.14,36.02,29.03,36.00,20.00,AUTO,0,32,NaN,-1.00,33.44,0.00,32.44,NaN,NaN,NaN,NaN,NaN,NaN,NaN,NaN,NaN,NaN
192.14,36.02,29.03,36.00,20.00,AUTO,0,32,NaN,-1.00,33.44,0.00,32.44,NaN,NaN,NaN,NaN,NaN,NaN,NaN,NaN,NaN,NaN
193.14,36.02,29.03,36.00,20.00,AUTO,0,32,NaN,-1.00,33.44,0.00,32.44,NaN,NaN,NaN,NaN,NaN,NaN,NaN,NaN,NaN,NaN
194.14,36.02,29.03,36.00,20.00,AUTO,0,32,NaN,-1.00,33.44,0.00,32.44,NaN,NaN,NaN,NaN,NaN,NaN,NaN,NaN,NaN,NaN
195.14,36.02,29.03,36.00,20.00,AUTO,0,32,NaN,-1.00,33.44,0.00,32.44,NaN,NaN,NaN,NaN,NaN,NaN,NaN,NaN,NaN,NaN
196.15,36.02,29.07,36.00,20.00,AUTO,0,32,NaN,-1.00,33.33,0.00,32.33,NaN,NaN,NaN,NaN,NaN,NaN,NaN,NaN,NaN,NaN
197.14,36.02,29.07,36.00,20.00,AUTO,0,32,NaN,-1.00,33.33,0.00,32.33,NaN,NaN,NaN,NaN,NaN,NaN,NaN,NaN,NaN,NaN
198.15,36.02,29.07,36.00,20.00,AUTO,0,32,NaN,-1.00,33.33,0.00,32.33,NaN,NaN,NaN,NaN,NaN,NaN,NaN,NaN,NaN,NaN
199.15,36.02,29.07,36.00,20.00,AUTO,0,32,NaN,-1.00,33.33,0.00,32.33,NaN,NaN,NaN,NaN,NaN,NaN,NaN,NaN,NaN,NaN
200.15,36.02,29.07,36.00,20.00,AUTO,0,32,NaN,-1.00,33.33,0.00,32.33,NaN,NaN,NaN,NaN,NaN,NaN,NaN,NaN,NaN,NaN
201.15,36.02,29.07,36.00,20.00,AUTO,0,32,NaN,-1.00,33.33,0.00,32.33,NaN,NaN,NaN,NaN,NaN,NaN,NaN,NaN,NaN,NaN
202.15,36.02,29.07,36.00,20.00,AUTO,0,32,NaN,-1.00,33.33,0.00,32.33,NaN,NaN,NaN,NaN,NaN,NaN,NaN,NaN,NaN,NaN
203.15,36.02,29.11,36.00,20.00,AUTO,0,32,NaN,-1.00,33.33,0.00,32.33,NaN,NaN,NaN,NaN,NaN,NaN,NaN,NaN,NaN,NaN
204.16,36.02,29.11,36.00,20.00,AUTO,0,32,NaN,-1.00,33.33,0.00,32.33,NaN,NaN,NaN,NaN,NaN,NaN,NaN,NaN,NaN,NaN
205.16,36.02,29.11,36.00,20.00,AUTO,0,32,NaN,-1.00,33.33,0.00,32.33,NaN,NaN,NaN,NaN,NaN,NaN,NaN,NaN,NaN,NaN
206.16,36.02,29.11,36.00,20.00,AUTO,0,32,NaN,-1.00,33.33,0.00,32.33,NaN,NaN,NaN,NaN,NaN,NaN,NaN,NaN,NaN,NaN
207.16,36.02,29.11,36.00,20.00,AUTO,0,32,NaN,-1.00,33.33,0.00,32.33,NaN,NaN,NaN,NaN,NaN,NaN,NaN,NaN,NaN,NaN
208.16,36.02,29.11,36.00,20.00,AUTO,0,32,NaN,-1.00,33.33,0.00,32.33,NaN,NaN,NaN,NaN,NaN,NaN,NaN,NaN,NaN,NaN
209.16,36.02,29.11,36.00,20.00,AUTO,0,32,NaN,-1.00,33.33,0.00,32.33,NaN,NaN,NaN,NaN,NaN,NaN,NaN,NaN,NaN,NaN
210.17,36.02,29.11,36.00,20.00,AUTO,0,32,NaN,-1.00,33.33,0.00,32.33,NaN,NaN,NaN,NaN,NaN,NaN,NaN,NaN,NaN,NaN
211.17,36.02,29.11,36.00,20.00,AUTO,0,32,NaN,-1.00,33.23,0.00,32.23,NaN,NaN,NaN,NaN,NaN,NaN,NaN,NaN,NaN,NaN
212.17,36.02,29.15,36.00,20.00,AUTO,0,32,NaN,-1.00,33.23,0.00,32.23,NaN,NaN,NaN,NaN,NaN,NaN,NaN,NaN,NaN,NaN
213.17,36.02,29.15,36.00,20.00,AUTO,0,32,NaN,-1.00,33.23,0.00,32.23,NaN,NaN,NaN,NaN,NaN,NaN,NaN,NaN,NaN,NaN
214.17,36.02,29.15,36.00,20.00,AUTO,0,32,NaN,-1.00,33.23,0.00,32.23,NaN,NaN,NaN,NaN,NaN,NaN,NaN,NaN,NaN,NaN
215.17,36.02,29.15,36.00,20.00,AUTO,0,32,NaN,-1.00,33.23,0.00,32.23,NaN,NaN,NaN,NaN,NaN,NaN,NaN,NaN,NaN,NaN
216.17,36.02,29.15,36.00,20.00,AUTO,0,32,NaN,-1.00,33.23,0.00,32.23,NaN,NaN,NaN,NaN,NaN,NaN,NaN,NaN,NaN,NaN
217.18,36.02,29.15,36.00,20.00,AUTO,0,32,NaN,-1.00,33.23,0.00,32.23,NaN,NaN,NaN,NaN,NaN,NaN,NaN,NaN,NaN,NaN
218.18,36.02,29.15,36.00,20.00,AUTO,0,32,NaN,-1.00,33.23,0.00,32.23,NaN,NaN,NaN,NaN,NaN,NaN,NaN,NaN,NaN,NaN
219.18,36.02,29.15,36.00,20.00,AUTO,0,32,NaN,-1.00,33.23,0.00,32.23,NaN,NaN,NaN,NaN,NaN,NaN,NaN,NaN,NaN,NaN
220.18,36.02,29.15,36.00,20.00,AUTO,0,32,NaN,-1.00,33.23,0.00,32.23,NaN,NaN,NaN,NaN,NaN,NaN,NaN,NaN,NaN,NaN
221.18,36.02,29.19,36.00,20.00,AUTO,0,32,NaN,-1.00,33.23,0.00,32.23,NaN,NaN,NaN,NaN,NaN,NaN,NaN,NaN,NaN,NaN
222.18,36.02,29.19,36.00,20.00,AUTO,0,32,NaN,-1.00,33.23,0.00,32.23,NaN,NaN,NaN,NaN,NaN,NaN,NaN,NaN,NaN,NaN
223.19,36.02,29.19,36.00,20.00,AUTO,0,32,NaN,-1.00,33.23,0.00,32.23,NaN,NaN,NaN,NaN,NaN,NaN,NaN,NaN,NaN,NaN
224.19,36.02,29.19,36.00,20.00,AUTO,0,32,NaN,-1.00,33.23,0.00,32.23,NaN,NaN,NaN,NaN,NaN,NaN,NaN,NaN,NaN,NaN
225.19,36.02,29.19,36.00,20.00,AUTO,0,32,NaN,-1.00,33.23,0.00,32.23,NaN,NaN,NaN,NaN,NaN,NaN,NaN,NaN,NaN,NaN
226.19,36.02,29.19,36.00,20.00,AUTO,0,32,NaN,-1.00,33.12,0.00,32.12,NaN,NaN,NaN,NaN,NaN,NaN,NaN,NaN,NaN,NaN
227.19,36.00,29.19,36.00,20.00,AUTO,0,32,NaN,-1.00,33.12,0.00,32.12,NaN,NaN,NaN,NaN,NaN,NaN,NaN,NaN,NaN,NaN
228.20,35.98,29.19,36.00,20.00,AUTO,0,32,NaN,-1.00,33.12,0.00,32.12,NaN,NaN,NaN,NaN,NaN,NaN,NaN,NaN,NaN,NaN
229.20,35.98,29.19,36.00,20.00,AUTO,0,32,NaN,-1.00,33.12,0.00,32.12,NaN,NaN,NaN,NaN,NaN,NaN,NaN,NaN,NaN,NaN
230.20,35.98,29.23,36.00,20.00,AUTO,0,32,NaN,-1.00,33.12,0.00,32.12,NaN,NaN,NaN,NaN,NaN,NaN,NaN,NaN,NaN,NaN
231.20,36.02,29.23,36.00,20.00,AUTO,0,32,NaN,-1.00,33.12,0.00,32.12,NaN,NaN,NaN,NaN,NaN,NaN,NaN,NaN,NaN,NaN
232.20,36.02,29.23,36.00,20.00,AUTO,0,32,NaN,-1.00,33.12,0.00,32.12,NaN,NaN,NaN,NaN,NaN,NaN,NaN,NaN,NaN,NaN
233.20,36.00,29.23,36.00,20.00,AUTO,0,32,NaN,-1.00,33.12,0.00,32.12,NaN,NaN,NaN,NaN,NaN,NaN,NaN,NaN,NaN,NaN
234.20,36.02,29.23,36.00,20.00,AUTO,0,32,NaN,-1.00,33.12,0.00,32.12,NaN,NaN,NaN,NaN,NaN,NaN,NaN,NaN,NaN,NaN
235.20,36.02,29.23,36.00,20.00,AUTO,0,32,NaN,-1.00,33.12,0.00,32.12,NaN,NaN,NaN,NaN,NaN,NaN,NaN,NaN,NaN,NaN
236.21,36.02,29.23,36.00,20.00,AUTO,0,32,NaN,-1.00,33.12,0.00,32.12,NaN,NaN,NaN,NaN,NaN,NaN,NaN,NaN,NaN,NaN
237.21,36.02,29.23,36.00,20.00,AUTO,0,32,NaN,-1.00,33.12,0.00,32.12,NaN,NaN,NaN,NaN,NaN,NaN,NaN,NaN,NaN,NaN
238.21,36.01,29.23,36.00,20.00,AUTO,0,32,NaN,-1.00,33.12,0.00,32.12,NaN,NaN,NaN,NaN,NaN,NaN,NaN,NaN,NaN,NaN
239.21,36.00,29.27,36.00,20.00,AUTO,0,32,NaN,-1.00,33.12,0.00,32.12,NaN,NaN,NaN,NaN,NaN,NaN,NaN,NaN,NaN,NaN
240.21,36.00,29.27,36.00,20.00,AUTO,0,32,NaN,-1.00,33.12,0.00,32.12,NaN,NaN,NaN,NaN,NaN,NaN,NaN,NaN,NaN,NaN
241.22,35.96,29.27,36.00,20.00,AUTO,0,33,NaN,0.00,33.09,0.18,33.27,NaN,NaN,NaN,NaN,NaN,NaN,NaN,NaN,NaN,NaN
242.22,35.95,29.27,36.00,20.00,AUTO,0,33,NaN,0.00,33.09,0.18,33.27,NaN,NaN,NaN,NaN,NaN,NaN,NaN,NaN,NaN,NaN
243.22,35.95,29.27,36.00,20.00,AUTO,0,33,NaN,0.00,33.09,0.18,33.27,NaN,NaN,NaN,NaN,NaN,NaN,NaN,NaN,NaN,NaN
244.22,35.95,29.27,36.00,20.00,AUTO,0,33,NaN,0.00,33.09,0.18,33.27,NaN,NaN,NaN,NaN,NaN,NaN,NaN,NaN,NaN,NaN
245.22,35.95,29.31,36.00,20.00,AUTO,0,33,NaN,0.00,33.09,0.18,33.27,NaN,NaN,NaN,NaN,NaN,NaN,NaN,NaN,NaN,NaN
246.22,35.97,29.31,36.00,20.00,AUTO,0,33,NaN,0.00,33.09,0.18,33.27,NaN,NaN,NaN,NaN,NaN,NaN,NaN,NaN,NaN,NaN
247.23,35.97,29.31,36.00,20.00,AUTO,0,33,NaN,0.00,33.09,0.18,33.27,NaN,NaN,NaN,NaN,NaN,NaN,NaN,NaN,NaN,NaN
248.23,35.96,29.31,36.00,20.00,AUTO,0,33,NaN,0.00,33.09,0.18,33.27,NaN,NaN,NaN,NaN,NaN,NaN,NaN,NaN,NaN,NaN
249.23,35.96,29.31,36.00,20.00,AUTO,0,33,NaN,0.00,33.09,0.18,33.27,NaN,NaN,NaN,NaN,NaN,NaN,NaN,NaN,NaN,NaN
250.23,35.96,29.31,36.00,20.00,AUTO,0,33,NaN,0.00,33.09,0.18,33.27,NaN,NaN,NaN,NaN,NaN,NaN,NaN,NaN,NaN,NaN
251.23,35.95,29.31,36.00,20.00,AUTO,0,33,NaN,0.00,33.09,0.18,33.27,NaN,NaN,NaN,NaN,NaN,NaN,NaN,NaN,NaN,NaN
252.23,35.95,29.35,36.00,20.00,AUTO,0,33,NaN,0.00,33.09,0.18,33.27,NaN,NaN,NaN,NaN,NaN,NaN,NaN,NaN,NaN,NaN
253.23,35.95,29.35,36.00,20.00,AUTO,0,33,NaN,0.00,33.09,0.18,33.27,NaN,NaN,NaN,NaN,NaN,NaN,NaN,NaN,NaN,NaN
254.23,35.94,29.35,36.00,20.00,AUTO,0,33,NaN,0.00,33.09,0.18,33.27,NaN,NaN,NaN,NaN,NaN,NaN,NaN,NaN,NaN,NaN
255.24,35.94,29.35,36.00,20.00,AUTO,0,33,NaN,0.00,33.09,0.18,33.27,NaN,NaN,NaN,NaN,NaN,NaN,NaN,NaN,NaN,NaN
256.24,35.90,29.35,36.00,20.00,AUTO,0,38,NaN,3.00,33.33,1.80,38.13,NaN,NaN,NaN,NaN,NaN,NaN,NaN,NaN,NaN,NaN
257.24,35.92,29.39,36.00,20.00,AUTO,0,38,NaN,3.00,33.33,1.80,38.13,NaN,NaN,NaN,NaN,NaN,NaN,NaN,NaN,NaN,NaN
258.24,35.90,29.39,36.00,20.00,AUTO,0,38,NaN,3.00,33.33,1.80,38.13,NaN,NaN,NaN,NaN,NaN,NaN,NaN,NaN,NaN,NaN
259.24,35.90,29.39,36.00,20.00,AUTO,0,38,NaN,3.00,33.33,1.80,38.13,NaN,NaN,NaN,NaN,NaN,NaN,NaN,NaN,NaN,NaN
260.25,35.89,29.39,36.00,20.00,AUTO,0,38,NaN,3.00,33.33,1.80,38.13,NaN,NaN,NaN,NaN,NaN,NaN,NaN,NaN,NaN,NaN
261.25,35.89,29.39,36.00,20.00,AUTO,0,38,NaN,3.00,33.33,1.80,38.13,NaN,NaN,NaN,NaN,NaN,NaN,NaN,NaN,NaN,NaN
262.25,35.92,29.43,36.00,20.00,AUTO,0,38,NaN,3.00,33.33,1.80,38.13,NaN,NaN,NaN,NaN,NaN,NaN,NaN,NaN,NaN,NaN
263.25,35.92,29.43,36.00,20.00,AUTO,0,38,NaN,3.00,33.33,1.80,38.13,NaN,NaN,NaN,NaN,NaN,NaN,NaN,NaN,NaN,NaN
264.25,35.90,29.43,36.00,20.00,AUTO,0,38,NaN,3.00,33.33,1.80,38.13,NaN,NaN,NaN,NaN,NaN,NaN,NaN,NaN,NaN,NaN
265.25,35.90,29.43,36.00,20.00,AUTO,0,38,NaN,3.00,33.33,1.80,38.13,NaN,NaN,NaN,NaN,NaN,NaN,NaN,NaN,NaN,NaN
266.25,35.90,29.43,36.00,20.00,AUTO,0,38,NaN,3.00,33.33,1.80,38.13,NaN,NaN,NaN,NaN,NaN,NaN,NaN,NaN,NaN,NaN
267.25,35.89,29.43,36.00,20.00,AUTO,0,38,NaN,3.00,33.33,1.80,38.13,NaN,NaN,NaN,NaN,NaN,NaN,NaN,NaN,NaN,NaN
268.26,35.89,29.43,36.00,20.00,AUTO,0,38,NaN,3.00,33.33,1.80,38.13,NaN,NaN,NaN,NaN,NaN,NaN,NaN,NaN,NaN,NaN
269.26,35.89,29.43,36.00,20.00,AUTO,0,38,NaN,3.00,33.33,1.80,38.13,NaN,NaN,NaN,NaN,NaN,NaN,NaN,NaN,NaN,NaN
270.26,35.89,29.43,36.00,20.00,AUTO,0,38,NaN,3.00,33.33,1.80,38.13,NaN,NaN,NaN,NaN,NaN,NaN,NaN,NaN,NaN,NaN
271.26,35.87,29.48,36.00,20.00,AUTO,0,41,NaN,5.50,33.86,1.55,40.91,NaN,NaN,NaN,NaN,NaN,NaN,NaN,NaN,NaN,NaN
272.26,35.87,29.48,36.00,20.00,AUTO,0,41,NaN,5.50,33.86,1.55,40.91,NaN,NaN,NaN,NaN,NaN,NaN,NaN,NaN,NaN,NaN
273.27,35.86,29.48,36.00,20.00,AUTO,0,41,NaN,5.50,33.86,1.55,40.91,NaN,NaN,NaN,NaN,NaN,NaN,NaN,NaN,NaN,NaN
274.27,35.86,29.48,36.00,20.00,AUTO,0,41,NaN,5.50,33.86,1.55,40.91,NaN,NaN,NaN,NaN,NaN,NaN,NaN,NaN,NaN,NaN
275.27,35.86,29.48,36.00,20.00,AUTO,0,41,NaN,5.50,33.86,1.55,40.91,NaN,NaN,NaN,NaN,NaN,NaN,NaN,NaN,NaN,NaN
276.27,35.85,29.51,36.00,20.00,AUTO,0,41,NaN,5.50,33.86,1.55,40.91,NaN,NaN,NaN,NaN,NaN,NaN,NaN,NaN,NaN,NaN
277.27,35.86,29.51,36.00,20.00,AUTO,0,41,NaN,5.50,33.86,1.55,40.91,NaN,NaN,NaN,NaN,NaN,NaN,NaN,NaN,NaN,NaN
278.27,35.87,29.51,36.00,20.00,AUTO,0,41,NaN,5.50,33.86,1.55,40.91,NaN,NaN,NaN,NaN,NaN,NaN,NaN,NaN,NaN,NaN
279.27,35.86,29.51,36.00,20.00,AUTO,0,41,NaN,5.50,33.86,1.55,40.91,NaN,NaN,NaN,NaN,NaN,NaN,NaN,NaN,NaN,NaN
280.28,35.86,29.51,36.00,20.00,AUTO,0,41,NaN,5.50,33.86,1.55,40.91,NaN,NaN,NaN,NaN,NaN,NaN,NaN,NaN,NaN,NaN
281.28,35.86,29.51,36.00,20.00,AUTO,0,41,NaN,5.50,33.86,1.55,40.91,NaN,NaN,NaN,NaN,NaN,NaN,NaN,NaN,NaN,NaN
282.28,35.86,29.51,36.00,20.00,AUTO,0,41,NaN,5.50,33.86,1.55,40.91,NaN,NaN,NaN,NaN,NaN,NaN,NaN,NaN,NaN,NaN
283.28,35.86,29.55,36.00,20.00,AUTO,0,41,NaN,5.50,33.86,1.55,40.91,NaN,NaN,NaN,NaN,NaN,NaN,NaN,NaN,NaN,NaN
284.28,35.86,29.55,36.00,20.00,AUTO,0,41,NaN,5.50,33.86,1.55,40.91,NaN,NaN,NaN,NaN,NaN,NaN,NaN,NaN,NaN,NaN
285.28,35.85,29.55,36.00,20.00,AUTO,0,41,NaN,5.50,33.86,1.55,40.91,NaN,NaN,NaN,NaN,NaN,NaN,NaN,NaN,NaN,NaN
286.29,35.83,29.54,36.00,20.00,AUTO,0,43,NaN,7.25,34.59,1.03,42.87,NaN,NaN,NaN,NaN,NaN,NaN,NaN,NaN,NaN,NaN
287.29,35.83,29.54,36.00,20.00,AUTO,0,43,NaN,7.25,34.59,1.03,42.87,NaN,NaN,NaN,NaN,NaN,NaN,NaN,NaN,NaN,NaN
288.29,35.83,29.54,36.00,20.00,AUTO,0,43,NaN,7.25,34.59,1.03,42.87,NaN,NaN,NaN,NaN,NaN,NaN,NaN,NaN,NaN,NaN
289.29,35.82,29.54,36.00,20.00,AUTO,0,43,NaN,7.25,34.59,1.03,42.87,NaN,NaN,NaN,NaN,NaN,NaN,NaN,NaN,NaN,NaN
290.29,35.82,29.58,36.00,20.00,AUTO,0,43,NaN,7.25,34.59,1.03,42.87,NaN,NaN,NaN,NaN,NaN,NaN,NaN,NaN,NaN,NaN
291.29,35.82,29.58,36.00,20.00,AUTO,0,43,NaN,7.25,34.59,1.03,42.87,NaN,NaN,NaN,NaN,NaN,NaN,NaN,NaN,NaN,NaN
292.30,35.82,29.58,36.00,20.00,AUTO,0,43,NaN,7.25,34.59,1.03,42.87,NaN,NaN,NaN,NaN,NaN,NaN,NaN,NaN,NaN,NaN
293.30,35.84,29.58,36.00,20.00,AUTO,0,43,NaN,7.25,34.59,1.03,42.87,NaN,NaN,NaN,NaN,NaN,NaN,NaN,NaN,NaN,NaN
294.30,35.83,29.58,36.00,20.00,AUTO,0,43,NaN,7.25,34.59,1.03,42.87,NaN,NaN,NaN,NaN,NaN,NaN,NaN,NaN,NaN,NaN
295.30,35.83,29.58,36.00,20.00,AUTO,0,43,NaN,7.25,34.59,1.03,42.87,NaN,NaN,NaN,NaN,NaN,NaN,NaN,NaN,NaN,NaN
296.30,35.84,29.58,36.00,20.00,AUTO,0,43,NaN,7.25,34.59,1.03,42.87,NaN,NaN,NaN,NaN,NaN,NaN,NaN,NaN,NaN,NaN
297.30,35.83,29.58,36.00,20.00,AUTO,0,43,NaN,7.25,34.59,1.03,42.87,NaN,NaN,NaN,NaN,NaN,NaN,NaN,NaN,NaN,NaN
298.30,35.83,29.62,36.00,20.00,AUTO,0,43,NaN,7.25,34.59,1.03,42.87,NaN,NaN,NaN,NaN,NaN,NaN,NaN,NaN,NaN,NaN
299.31,35.83,29.58,36.00,20.00,AUTO,0,43,NaN,7.25,34.59,1.03,42.87,NaN,NaN,NaN,NaN,NaN,NaN,NaN,NaN,NaN,NaN
300.31,35.83,29.62,36.00,20.00,AUTO,0,43,NaN,7.25,34.59,1.03,42.87,NaN,NaN,NaN,NaN,NaN,NaN,NaN,NaN,NaN,NaN
301.31,35.80,29.62,36.00,20.00,AUTO,0,45,NaN,8.50,35.49,0.74,44.73,NaN,NaN,NaN,NaN,NaN,NaN,NaN,NaN,NaN,NaN
302.31,35.81,29.62,36.00,20.00,AUTO,0,45,NaN,8.50,35.49,0.74,44.73,NaN,NaN,NaN,NaN,NaN,NaN,NaN,NaN,NaN,NaN
303.31,35.80,29.62,36.00,20.00,AUTO,0,45,NaN,8.50,35.49,0.74,44.73,NaN,NaN,NaN,NaN,NaN,NaN,NaN,NaN,NaN,NaN
304.31,35.80,29.62,36.00,20.00,AUTO,0,45,NaN,8.50,35.49,0.74,44.73,NaN,NaN,NaN,NaN,NaN,NaN,NaN,NaN,NaN,NaN
305.32,35.80,29.62,36.00,20.00,AUTO,0,45,NaN,8.50,35.49,0.74,44.73,NaN,NaN,NaN,NaN,NaN,NaN,NaN,NaN,NaN,NaN
306.32,35.80,29.62,36.00,20.00,AUTO,0,45,NaN,8.50,35.49,0.74,44.73,NaN,NaN,NaN,NaN,NaN,NaN,NaN,NaN,NaN,NaN
307.32,35.80,29.66,36.00,20.00,AUTO,0,45,NaN,8.50,35.49,0.74,44.73,NaN,NaN,NaN,NaN,NaN,NaN,NaN,NaN,NaN,NaN
308.32,35.82,29.66,36.00,20.00,AUTO,0,45,NaN,8.50,35.49,0.74,44.73,NaN,NaN,NaN,NaN,NaN,NaN,NaN,NaN,NaN,NaN
309.32,35.82,29.66,36.00,20.00,AUTO,0,45,NaN,8.50,35.49,0.74,44.73,NaN,NaN,NaN,NaN,NaN,NaN,NaN,NaN,NaN,NaN
310.32,35.82,29.66,36.00,20.00,AUTO,0,45,NaN,8.50,35.49,0.74,44.73,NaN,NaN,NaN,NaN,NaN,NaN,NaN,NaN,NaN,NaN
311.33,35.81,29.66,36.00,20.00,AUTO,0,45,NaN,8.50,35.49,0.74,44.73,NaN,NaN,NaN,NaN,NaN,NaN,NaN,NaN,NaN,NaN
312.33,35.81,29.66,36.00,20.00,AUTO,0,45,NaN,8.50,35.49,0.74,44.73,NaN,NaN,NaN,NaN,NaN,NaN,NaN,NaN,NaN,NaN
313.33,35.81,29.66,36.00,20.00,AUTO,0,45,NaN,8.50,35.49,0.74,44.73,NaN,NaN,NaN,NaN,NaN,NaN,NaN,NaN,NaN,NaN
314.33,35.81,29.70,36.00,20.00,AUTO,0,45,NaN,8.50,35.49,0.74,44.73,NaN,NaN,NaN,NaN,NaN,NaN,NaN,NaN,NaN,NaN
315.33,35.81,29.70,36.00,20.00,AUTO,0,45,NaN,8.50,35.49,0.74,44.73,NaN,NaN,NaN,NaN,NaN,NaN,NaN,NaN,NaN,NaN
316.33,35.79,29.70,36.00,20.00,AUTO,0,46,NaN,9.50,36.50,0.50,46.50,NaN,NaN,NaN,NaN,NaN,NaN,NaN,NaN,NaN,NaN
317.33,35.79,29.70,36.00,20.00,AUTO,0,46,NaN,9.50,36.50,0.50,46.50,NaN,NaN,NaN,NaN,NaN,NaN,NaN,NaN,NaN,NaN
318.34,35.79,29.70,36.00,20.00,AUTO,0,46,NaN,9.50,36.50,0.50,46.50,NaN,NaN,NaN,NaN,NaN,NaN,NaN,NaN,NaN,NaN
319.34,35.79,29.70,36.00,20.00,AUTO,0,46,NaN,9.50,36.50,0.50,46.50,NaN,NaN,NaN,NaN,NaN,NaN,NaN,NaN,NaN,NaN
320.34,35.80,29.70,36.00,20.00,AUTO,0,46,NaN,9.50,36.50,0.50,46.50,NaN,NaN,NaN,NaN,NaN,NaN,NaN,NaN,NaN,NaN
321.34,35.79,29.70,36.00,20.00,AUTO,0,46,NaN,9.50,36.50,0.50,46.50,NaN,NaN,NaN,NaN,NaN,NaN,NaN,NaN,NaN,NaN
322.34,35.80,29.70,36.00,20.00,AUTO,0,46,NaN,9.50,36.50,0.50,46.50,NaN,NaN,NaN,NaN,NaN,NaN,NaN,NaN,NaN,NaN
323.34,35.82,29.70,36.00,20.00,AUTO,0,46,NaN,9.50,36.50,0.50,46.50,NaN,NaN,NaN,NaN,NaN,NaN,NaN,NaN,NaN,NaN
324.35,35.81,29.70,36.00,20.00,AUTO,0,46,NaN,9.50,36.50,0.50,46.50,NaN,NaN,NaN,NaN,NaN,NaN,NaN,NaN,NaN,NaN
325.35,35.82,29.70,36.00,20.00,AUTO,0,46,NaN,9.50,36.50,0.50,46.50,NaN,NaN,NaN,NaN,NaN,NaN,NaN,NaN,NaN,NaN
326.35,35.82,29.70,36.00,20.00,AUTO,0,46,NaN,9.50,36.50,0.50,46.50,NaN,NaN,NaN,NaN,NaN,NaN,NaN,NaN,NaN,NaN
327.35,35.83,29.70,36.00,20.00,AUTO,0,46,NaN,9.50,36.50,0.50,46.50,NaN,NaN,NaN,NaN,NaN,NaN,NaN,NaN,NaN,NaN
328.35,35.83,29.70,36.00,20.00,AUTO,0,46,NaN,9.50,36.50,0.50,46.50,NaN,NaN,NaN,NaN,NaN,NaN,NaN,NaN,NaN,NaN
329.35,35.82,29.70,36.00,20.00,AUTO,0,46,NaN,9.50,36.50,0.50,46.50,NaN,NaN,NaN,NaN,NaN,NaN,NaN,NaN,NaN,NaN
330.35,35.82,29.70,36.00,20.00,AUTO,0,46,NaN,9.50,36.50,0.50,46.50,NaN,NaN,NaN,NaN,NaN,NaN,NaN,NaN,NaN,NaN
331.36,35.80,29.70,36.00,20.00,AUTO,0,46,NaN,9.00,37.51,-0.60,45.90,NaN,NaN,NaN,NaN,NaN,NaN,NaN,NaN,NaN,NaN
332.36,35.81,29.70,36.00,20.00,AUTO,0,46,NaN,9.00,37.51,-0.60,45.90,NaN,NaN,NaN,NaN,NaN,NaN,NaN,NaN,NaN,NaN
333.36,35.81,29.78,36.00,20.00,AUTO,0,46,NaN,9.00,37.51,-0.60,45.90,NaN,NaN,NaN,NaN,NaN,NaN,NaN,NaN,NaN,NaN
334.36,35.81,29.78,36.00,20.00,AUTO,0,46,NaN,9.00,37.51,-0.60,45.90,NaN,NaN,NaN,NaN,NaN,NaN,NaN,NaN,NaN,NaN
335.36,35.81,29.78,36.00,20.00,AUTO,0,46,NaN,9.00,37.51,-0.60,45.90,NaN,NaN,NaN,NaN,NaN,NaN,NaN,NaN,NaN,NaN
336.36,35.81,29.78,36.00,20.00,AUTO,0,46,NaN,9.00,37.51,-0.60,45.90,NaN,NaN,NaN,NaN,NaN,NaN,NaN,NaN,NaN,NaN
337.37,35.80,29.78,36.00,20.00,AUTO,0,46,NaN,9.00,37.51,-0.60,45.90,NaN,NaN,NaN,NaN,NaN,NaN,NaN,NaN,NaN,NaN
338.37,35.82,29.78,36.00,20.00,AUTO,0,46,NaN,9.00,37.51,-0.60,45.90,NaN,NaN,NaN,NaN,NaN,NaN,NaN,NaN,NaN,NaN
339.37,35.83,29.78,36.00,20.00,AUTO,0,46,NaN,9.00,37.51,-0.60,45.90,NaN,NaN,NaN,NaN,NaN,NaN,NaN,NaN,NaN,NaN
340.37,35.83,29.78,36.00,20.00,AUTO,0,46,NaN,9.00,37.51,-0.60,45.90,NaN,NaN,NaN,NaN,NaN,NaN,NaN,NaN,NaN,NaN
341.37,35.83,29.78,36.00,20.00,AUTO,0,46,NaN,9.00,37.51,-0.60,45.90,NaN,NaN,NaN,NaN,NaN,NaN,NaN,NaN,NaN,NaN
342.38,35.83,29.78,36.00,20.00,AUTO,0,46,NaN,9.00,37.51,-0.60,45.90,NaN,NaN,NaN,NaN,NaN,NaN,NaN,NaN,NaN,NaN
343.37,35.83,29.78,36.00,20.00,AUTO,0,46,NaN,9.00,37.51,-0.60,45.90,NaN,NaN,NaN,NaN,NaN,NaN,NaN,NaN,NaN,NaN
344.38,35.83,29.78,36.00,20.00,AUTO,0,46,NaN,9.00,37.51,-0.60,45.90,NaN,NaN,NaN,NaN,NaN,NaN,NaN,NaN,NaN,NaN
345.38,35.83,29.78,36.00,20.00,AUTO,0,46,NaN,9.00,37.51,-0.60,45.90,NaN,NaN,NaN,NaN,NaN,NaN,NaN,NaN,NaN,NaN
346.38,35.81,29.78,36.00,20.00,AUTO,0,47,NaN,8.50,38.46,-0.32,46.64,NaN,NaN,NaN,NaN,NaN,NaN,NaN,NaN,NaN,NaN
347.38,35.81,29.78,36.00,20.00,AUTO,0,47,NaN,8.50,38.46,-0.32,46.64,NaN,NaN,NaN,NaN,NaN,NaN,NaN,NaN,NaN,NaN
348.38,35.81,29.82,36.00,20.00,AUTO,0,47,NaN,8.50,38.46,-0.32,46.64,NaN,NaN,NaN,NaN,NaN,NaN,NaN,NaN,NaN,NaN
349.38,35.81,29.82,36.00,20.00,AUTO,0,47,NaN,8.50,38.46,-0.32,46.64,NaN,NaN,NaN,NaN,NaN,NaN,NaN,NaN,NaN,NaN
350.39,35.81,29.82,36.00,20.00,AUTO,0,47,NaN,8.50,38.46,-0.32,46.64,NaN,NaN,NaN,NaN,NaN,NaN,NaN,NaN,NaN,NaN
351.39,35.81,29.82,36.00,20.00,AUTO,0,47,NaN,8.50,38.46,-0.32,46.64,NaN,NaN,NaN,NaN,NaN,NaN,NaN,NaN,NaN,NaN
352.39,35.81,29.82,36.00,20.00,AUTO,0,47,NaN,8.50,38.46,-0.32,46.64,NaN,NaN,NaN,NaN,NaN,NaN,NaN,NaN,NaN,NaN
353.39,35.83,29.82,36.00,20.00,AUTO,0,47,NaN,8.50,38.46,-0.32,46.64,NaN,NaN,NaN,NaN,NaN,NaN,NaN,NaN,NaN,NaN
354.39,35.83,29.82,36.00,20.00,AUTO,0,47,NaN,8.50,38.46,-0.32,46.64,NaN,NaN,NaN,NaN,NaN,NaN,NaN,NaN,NaN,NaN
355.39,35.83,29.82,36.00,20.00,AUTO,0,47,NaN,8.50,38.46,-0.32,46.64,NaN,NaN,NaN,NaN,NaN,NaN,NaN,NaN,NaN,NaN
356.40,35.83,29.82,36.00,20.00,AUTO,0,47,NaN,8.50,38.46,-0.32,46.64,NaN,NaN,NaN,NaN,NaN,NaN,NaN,NaN,NaN,NaN
357.40,35.83,29.82,36.00,20.00,AUTO,0,47,NaN,8.50,38.46,-0.32,46.64,NaN,NaN,NaN,NaN,NaN,NaN,NaN,NaN,NaN,NaN
358.40,35.83,29.82,36.00,20.00,AUTO,0,47,NaN,8.50,38.46,-0.32,46.64,NaN,NaN,NaN,NaN,NaN,NaN,NaN,NaN,NaN,NaN
359.40,35.84,29.82,36.00,20.00,AUTO,0,47,NaN,8.50,38.46,-0.32,46.64,NaN,NaN,NaN,NaN,NaN,NaN,NaN,NaN,NaN,NaN
360.40,35.84,29.82,36.00,20.00,AUTO,0,47,NaN,8.50,38.46,-0.32,46.64,NaN,NaN,NaN,NaN,NaN,NaN,NaN,NaN,NaN,NaN
361.40,35.82,29.82,36.00,20.00,AUTO,0,47,NaN,8.00,39.39,-0.29,47.10,NaN,NaN,NaN,NaN,NaN,NaN,NaN,NaN,NaN,NaN
362.40,35.82,29.82,36.00,20.00,AUTO,0,47,NaN,8.00,39.39,-0.29,47.10,NaN,NaN,NaN,NaN,NaN,NaN,NaN,NaN,NaN,NaN
363.41,35.82,29.82,36.00,20.00,AUTO,0,47,NaN,8.00,39.39,-0.29,47.10,NaN,NaN,NaN,NaN,NaN,NaN,NaN,NaN,NaN,NaN
364.41,35.82,29.82,36.00,20.00,AUTO,0,47,NaN,8.00,39.39,-0.29,47.10,NaN,NaN,NaN,NaN,NaN,NaN,NaN,NaN,NaN,NaN
365.41,35.83,29.82,36.00,20.00,AUTO,0,47,NaN,8.00,39.39,-0.29,47.10,NaN,NaN,NaN,NaN,NaN,NaN,NaN,NaN,NaN,NaN
366.41,35.83,29.82,36.00,20.00,AUTO,0,47,NaN,8.00,39.39,-0.29,47.10,NaN,NaN,NaN,NaN,NaN,NaN,NaN,NaN,NaN,NaN
367.41,35.83,29.82,36.00,20.00,AUTO,0,47,NaN,8.00,39.39,-0.29,47.10,NaN,NaN,NaN,NaN,NaN,NaN,NaN,NaN,NaN,NaN
368.41,35.83,29.84,36.00,20.00,AUTO,0,47,NaN,8.00,39.39,-0.29,47.10,NaN,NaN,NaN,NaN,NaN,NaN,NaN,NaN,NaN,NaN
369.42,35.84,29.84,36.00,20.00,AUTO,0,47,NaN,8.00,39.39,-0.29,47.10,NaN,NaN,NaN,NaN,NaN,NaN,NaN,NaN,NaN,NaN
370.42,35.85,29.84,36.00,20.00,AUTO,0,47,NaN,8.00,39.39,-0.29,47.10,NaN,NaN,NaN,NaN,NaN,NaN,NaN,NaN,NaN,NaN
371.42,35.85,29.88,36.00,20.00,AUTO,0,47,NaN,8.00,39.39,-0.29,47.10,NaN,NaN,NaN,NaN,NaN,NaN,NaN,NaN,NaN,NaN
372.42,35.85,29.88,36.00,20.00,AUTO,0,47,NaN,8.00,39.39,-0.29,47.10,NaN,NaN,NaN,NaN,NaN,NaN,NaN,NaN,NaN,NaN
373.42,35.85,29.88,36.00,20.00,AUTO,0,47,NaN,8.00,39.39,-0.29,47.10,NaN,NaN,NaN,NaN,NaN,NaN,NaN,NaN,NaN,NaN
374.43,35.85,29.88,36.00,20.00,AUTO,0,47,NaN,8.00,39.39,-0.29,47.10,NaN,NaN,NaN,NaN,NaN,NaN,NaN,NaN,NaN,NaN
375.42,35.85,29.88,36.00,20.00,AUTO,0,47,NaN,8.00,39.39,-0.29,47.10,NaN,NaN,NaN,NaN,NaN,NaN,NaN,NaN,NaN,NaN
376.43,35.83,29.87,36.00,20.00,AUTO,0,47,NaN,7.50,40.25,-0.66,47.10,NaN,NaN,NaN,NaN,NaN,NaN,NaN,NaN,NaN,NaN
377.43,35.84,29.87,36.00,20.00,AUTO,0,47,NaN,7.50,40.25,-0.66,47.10,NaN,NaN,NaN,NaN,NaN,NaN,NaN,NaN,NaN,NaN
378.43,35.83,29.87,36.00,20.00,AUTO,0,47,NaN,7.50,40.25,-0.66,47.10,NaN,NaN,NaN,NaN,NaN,NaN,NaN,NaN,NaN,NaN
379.43,35.84,29.87,36.00,20.00,AUTO,0,47,NaN,7.50,40.25,-0.66,47.10,NaN,NaN,NaN,NaN,NaN,NaN,NaN,NaN,NaN,NaN
380.43,35.83,29.87,36.00,20.00,AUTO,0,47,NaN,7.50,40.25,-0.66,47.10,NaN,NaN,NaN,NaN,NaN,NaN,NaN,NaN,NaN,NaN
381.43,35.84,29.87,36.00,20.00,AUTO,0,47,NaN,7.50,40.25,-0.66,47.10,NaN,NaN,NaN,NaN,NaN,NaN,NaN,NaN,NaN,NaN
382.44,35.84,29.88,36.00,20.00,AUTO,0,47,NaN,7.50,40.25,-0.66,47.10,NaN,NaN,NaN,NaN,NaN,NaN,NaN,NaN,NaN,NaN
383.44,35.84,29.88,36.00,20.00,AUTO,0,47,NaN,7.50,40.25,-0.66,47.10,NaN,NaN,NaN,NaN,NaN,NaN,NaN,NaN,NaN,NaN
384.44,35.86,29.88,36.00,20.00,AUTO,0,47,NaN,7.50,40.25,-0.66,47.10,NaN,NaN,NaN,NaN,NaN,NaN,NaN,NaN,NaN,NaN
385.44,35.86,29.88,36.00,20.00,AUTO,0,47,NaN,7.50,40.25,-0.66,47.10,NaN,NaN,NaN,NaN,NaN,NaN,NaN,NaN,NaN,NaN
386.44,35.87,29.88,36.00,20.00,AUTO,0,47,NaN,7.50,40.25,-0.66,47.10,NaN,NaN,NaN,NaN,NaN,NaN,NaN,NaN,NaN,NaN
387.45,35.87,29.88,36.00,20.00,AUTO,0,47,NaN,7.50,40.25,-0.66,47.10,NaN,NaN,NaN,NaN,NaN,NaN,NaN,NaN,NaN,NaN
388.45,35.88,29.88,36.00,20.00,AUTO,0,47,NaN,7.50,40.25,-0.66,47.10,NaN,NaN,NaN,NaN,NaN,NaN,NaN,NaN,NaN,NaN
389.45,35.88,29.88,36.00,20.00,AUTO,0,47,NaN,7.50,40.25,-0.66,47.10,NaN,NaN,NaN,NaN,NaN,NaN,NaN,NaN,NaN,NaN
390.45,35.88,29.88,36.00,20.00,AUTO,0,47,NaN,7.50,40.25,-0.66,47.10,NaN,NaN,NaN,NaN,NaN,NaN,NaN,NaN,NaN,NaN
391.45,35.86,29.88,36.00,20.00,AUTO,0,46,NaN,6.00,41.03,-0.93,46.09,NaN,NaN,NaN,NaN,NaN,NaN,NaN,NaN,NaN,NaN
392.46,35.86,29.88,36.00,20.00,AUTO,0,46,NaN,6.00,41.03,-0.93,46.09,NaN,NaN,NaN,NaN,NaN,NaN,NaN,NaN,NaN,NaN
393.45,35.86,29.88,36.00,20.00,AUTO,0,46,NaN,6.00,41.03,-0.93,46.09,NaN,NaN,NaN,NaN,NaN,NaN,NaN,NaN,NaN,NaN
394.45,35.86,29.88,36.00,20.00,AUTO,0,46,NaN,6.00,41.03,-0.93,46.09,NaN,NaN,NaN,NaN,NaN,NaN,NaN,NaN,NaN,NaN
395.46,35.87,29.88,36.00,20.00,AUTO,0,46,NaN,6.00,41.03,-0.93,46.09,NaN,NaN,NaN,NaN,NaN,NaN,NaN,NaN,NaN,NaN
396.46,35.86,29.88,36.00,20.00,AUTO,0,46,NaN,6.00,41.03,-0.93,46.09,NaN,NaN,NaN,NaN,NaN,NaN,NaN,NaN,NaN,NaN
397.46,35.87,29.88,36.00,20.00,AUTO,0,46,NaN,6.00,41.03,-0.93,46.09,NaN,NaN,NaN,NaN,NaN,NaN,NaN,NaN,NaN,NaN
398.46,35.89,29.88,36.00,20.00,AUTO,0,46,NaN,6.00,41.03,-0.93,46.09,NaN,NaN,NaN,NaN,NaN,NaN,NaN,NaN,NaN,NaN
399.46,35.89,29.88,36.00,20.00,AUTO,0,46,NaN,6.00,41.03,-0.93,46.09,NaN,NaN,NaN,NaN,NaN,NaN,NaN,NaN,NaN,NaN
400.46,35.89,29.88,36.00,20.00,AUTO,0,46,NaN,6.00,41.03,-0.93,46.09,NaN,NaN,NaN,NaN,NaN,NaN,NaN,NaN,NaN,NaN
401.47,35.89,29.88,36.00,20.00,AUTO,0,46,NaN,6.00,41.03,-0.93,46.09,NaN,NaN,NaN,NaN,NaN,NaN,NaN,NaN,NaN,NaN
402.47,35.90,29.88,36.00,20.00,AUTO,0,46,NaN,6.00,41.03,-0.93,46.09,NaN,NaN,NaN,NaN,NaN,NaN,NaN,NaN,NaN,NaN
403.47,35.90,29.88,36.00,20.00,AUTO,0,46,NaN,6.00,41.03,-0.93,46.09,NaN,NaN,NaN,NaN,NaN,NaN,NaN,NaN,NaN,NaN
404.47,35.89,29.88,36.00,20.00,AUTO,0,46,NaN,6.00,41.03,-0.93,46.09,NaN,NaN,NaN,NaN,NaN,NaN,NaN,NaN,NaN,NaN
405.47,35.90,29.88,36.00,20.00,AUTO,0,46,NaN,6.00,41.03,-0.93,46.09,NaN,NaN,NaN,NaN,NaN,NaN,NaN,NaN,NaN,NaN
406.48,35.88,29.88,36.00,20.00,AUTO,0,46,NaN,5.25,41.66,-0.84,46.07,NaN,NaN,NaN,NaN,NaN,NaN,NaN,NaN,NaN,NaN
407.47,35.89,29.88,36.00,20.00,AUTO,0,46,NaN,5.25,41.66,-0.84,46.07,NaN,NaN,NaN,NaN,NaN,NaN,NaN,NaN,NaN,NaN
408.48,35.89,29.88,36.00,20.00,AUTO,0,46,NaN,5.25,41.66,-0.84,46.07,NaN,NaN,NaN,NaN,NaN,NaN,NaN,NaN,NaN,NaN
409.48,35.89,29.88,36.00,20.00,AUTO,0,46,NaN,5.25,41.66,-0.84,46.07,NaN,NaN,NaN,NaN,NaN,NaN,NaN,NaN,NaN,NaN
410.48,35.89,29.88,36.00,20.00,AUTO,0,46,NaN,5.25,41.66,-0.84,46.07,NaN,NaN,NaN,NaN,NaN,NaN,NaN,NaN,NaN,NaN
411.48,35.89,29.88,36.00,20.00,AUTO,0,46,NaN,5.25,41.66,-0.84,46.07,NaN,NaN,NaN,NaN,NaN,NaN,NaN,NaN,NaN,NaN
412.48,35.89,29.88,36.00,20.00,AUTO,0,46,NaN,5.25,41.66,-0.84,46.07,NaN,NaN,NaN,NaN,NaN,NaN,NaN,NaN,NaN,NaN
413.49,35.92,29.88,36.00,20.00,AUTO,0,46,NaN,5.25,41.66,-0.84,46.07,NaN,NaN,NaN,NaN,NaN,NaN,NaN,NaN,NaN,NaN
414.49,35.92,29.88,36.00,20.00,AUTO,0,46,NaN,5.25,41.66,-0.84,46.07,NaN,NaN,NaN,NaN,NaN,NaN,NaN,NaN,NaN,NaN
415.49,35.92,29.92,36.00,20.00,AUTO,0,46,NaN,5.25,41.66,-0.84,46.07,NaN,NaN,NaN,NaN,NaN,NaN,NaN,NaN,NaN,NaN
416.49,35.92,29.88,36.00,20.00,AUTO,0,46,NaN,5.25,41.66,-0.84,46.07,NaN,NaN,NaN,NaN,NaN,NaN,NaN,NaN,NaN,NaN
417.49,35.92,29.92,36.00,20.00,AUTO,0,46,NaN,5.25,41.66,-0.84,46.07,NaN,NaN,NaN,NaN,NaN,NaN,NaN,NaN,NaN,NaN
418.49,35.92,29.92,36.00,20.00,AUTO,0,46,NaN,5.25,41.66,-0.84,46.07,NaN,NaN,NaN,NaN,NaN,NaN,NaN,NaN,NaN,NaN
419.50,35.92,29.92,36.00,20.00,AUTO,0,46,NaN,5.25,41.66,-0.84,46.07,NaN,NaN,NaN,NaN,NaN,NaN,NaN,NaN,NaN,NaN
420.50,35.92,29.92,36.00,20.00,AUTO,0,46,NaN,5.25,41.66,-0.84,46.07,NaN,NaN,NaN,NaN,NaN,NaN,NaN,NaN,NaN,NaN
421.50,35.89,29.92,36.00,20.00,AUTO,0,45,NaN,4.00,42.16,-0.95,45.20,NaN,NaN,NaN,NaN,NaN,NaN,NaN,NaN,NaN,NaN
422.50,35.89,29.92,36.00,20.00,AUTO,0,45,NaN,4.00,42.16,-0.95,45.20,NaN,NaN,NaN,NaN,NaN,NaN,NaN,NaN,NaN,NaN
423.50,35.89,29.92,36.00,20.00,AUTO,0,45,NaN,4.00,42.16,-0.95,45.20,NaN,NaN,NaN,NaN,NaN,NaN,NaN,NaN,NaN,NaN
424.51,35.89,29.92,36.00,20.00,AUTO,0,45,NaN,4.00,42.16,-0.95,45.20,NaN,NaN,NaN,NaN,NaN,NaN,NaN,NaN,NaN,NaN
425.50,35.89,29.92,36.00,20.00,AUTO,0,45,NaN,4.00,42.16,-0.95,45.20,NaN,NaN,NaN,NaN,NaN,NaN,NaN,NaN,NaN,NaN
426.50,35.89,29.92,36.00,20.00,AUTO,0,45,NaN,4.00,42.16,-0.95,45.20,NaN,NaN,NaN,NaN,NaN,NaN,NaN,NaN,NaN,NaN
427.51,35.89,29.92,36.00,20.00,AUTO,0,45,NaN,4.00,42.16,-0.95,45.20,NaN,NaN,NaN,NaN,NaN,NaN,NaN,NaN,NaN,NaN
428.51,35.92,29.92,36.00,20.00,AUTO,0,45,NaN,4.00,42.16,-0.95,45.20,NaN,NaN,NaN,NaN,NaN,NaN,NaN,NaN,NaN,NaN
429.51,35.92,29.92,36.00,20.00,AUTO,0,45,NaN,4.00,42.16,-0.95,45.20,NaN,NaN,NaN,NaN,NaN,NaN,NaN,NaN,NaN,NaN
430.51,35.92,29.96,36.00,20.00,AUTO,0,45,NaN,4.00,42.16,-0.95,45.20,NaN,NaN,NaN,NaN,NaN,NaN,NaN,NaN,NaN,NaN
431.51,35.92,29.96,36.00,20.00,AUTO,0,45,NaN,4.00,42.16,-0.95,45.20,NaN,NaN,NaN,NaN,NaN,NaN,NaN,NaN,NaN,NaN
432.52,35.92,29.96,36.00,20.00,AUTO,0,45,NaN,4.00,42.16,-0.95,45.20,NaN,NaN,NaN,NaN,NaN,NaN,NaN,NaN,NaN,NaN
433.52,35.92,29.96,36.00,20.00,AUTO,0,45,NaN,4.00,42.16,-0.95,45.20,NaN,NaN,NaN,NaN,NaN,NaN,NaN,NaN,NaN,NaN
434.52,35.92,29.96,36.00,20.00,AUTO,0,45,NaN,4.00,42.16,-0.95,45.20,NaN,NaN,NaN,NaN,NaN,NaN,NaN,NaN,NaN,NaN
435.52,35.92,29.96,36.00,20.00,AUTO,0,45,NaN,4.00,42.16,-0.95,45.20,NaN,NaN,NaN,NaN,NaN,NaN,NaN,NaN,NaN,NaN
436.52,35.89,29.96,36.00,20.00,AUTO,0,46,NaN,4.00,42.65,-0.24,46.41,NaN,NaN,NaN,NaN,NaN,NaN,NaN,NaN,NaN,NaN
437.52,35.89,29.96,36.00,20.00,AUTO,0,46,NaN,4.00,42.65,-0.24,46.41,NaN,NaN,NaN,NaN,NaN,NaN,NaN,NaN,NaN,NaN
438.53,35.89,29.96,36.00,20.00,AUTO,0,46,NaN,4.00,42.65,-0.24,46.41,NaN,NaN,NaN,NaN,NaN,NaN,NaN,NaN,NaN,NaN
439.53,35.89,29.96,36.00,20.00,AUTO,0,46,NaN,4.00,42.65,-0.24,46.41,NaN,NaN,NaN,NaN,NaN,NaN,NaN,NaN,NaN,NaN
440.53,35.89,29.96,36.00,20.00,AUTO,0,46,NaN,4.00,42.65,-0.24,46.41,NaN,NaN,NaN,NaN,NaN,NaN,NaN,NaN,NaN,NaN
441.53,35.89,29.96,36.00,20.00,AUTO,0,46,NaN,4.00,42.65,-0.24,46.41,NaN,NaN,NaN,NaN,NaN,NaN,NaN,NaN,NaN,NaN
442.53,35.89,29.96,36.00,20.00,AUTO,0,46,NaN,4.00,42.65,-0.24,46.41,NaN,NaN,NaN,NaN,NaN,NaN,NaN,NaN,NaN,NaN
443.53,35.92,29.96,36.00,20.00,AUTO,0,46,NaN,4.00,42.65,-0.24,46.41,NaN,NaN,NaN,NaN,NaN,NaN,NaN,NaN,NaN,NaN
444.53,35.92,29.96,36.00,20.00,AUTO,0,46,NaN,4.00,42.65,-0.24,46.41,NaN,NaN,NaN,NaN,NaN,NaN,NaN,NaN,NaN,NaN
445.54,35.92,29.96,36.00,20.00,AUTO,0,46,NaN,4.00,42.65,-0.24,46.41,NaN,NaN,NaN,NaN,NaN,NaN,NaN,NaN,NaN,NaN
446.54,35.92,29.96,36.00,20.00,AUTO,0,46,NaN,4.00,42.65,-0.24,46.41,NaN,NaN,NaN,NaN,NaN,NaN,NaN,NaN,NaN,NaN
447.54,35.92,29.96,36.00,20.00,AUTO,0,46,NaN,4.00,42.65,-0.24,46.41,NaN,NaN,NaN,NaN,NaN,NaN,NaN,NaN,NaN,NaN
448.54,35.92,30.00,36.00,20.00,AUTO,0,46,NaN,4.00,42.65,-0.24,46.41,NaN,NaN,NaN,NaN,NaN,NaN,NaN,NaN,NaN,NaN
449.54,35.92,30.00,36.00,20.00,AUTO,0,46,NaN,4.00,42.65,-0.24,46.41,NaN,NaN,NaN,NaN,NaN,NaN,NaN,NaN,NaN,NaN
450.54,35.93,30.00,36.00,20.00,AUTO,0,46,NaN,4.00,42.65,-0.24,46.41,NaN,NaN,NaN,NaN,NaN,NaN,NaN,NaN,NaN,NaN
451.55,35.90,30.00,36.00,20.00,AUTO,0,47,NaN,3.75,43.14,-0.31,46.58,NaN,NaN,NaN,NaN,NaN,NaN,NaN,NaN,NaN,NaN
452.55,35.90,30.00,36.00,20.00,AUTO,0,47,NaN,3.75,43.14,-0.31,46.58,NaN,NaN,NaN,NaN,NaN,NaN,NaN,NaN,NaN,NaN
453.55,35.90,30.00,36.00,20.00,AUTO,0,47,NaN,3.75,43.14,-0.31,46.58,NaN,NaN,NaN,NaN,NaN,NaN,NaN,NaN,NaN,NaN
454.55,35.90,30.00,36.00,20.00,AUTO,0,47,NaN,3.75,43.14,-0.31,46.58,NaN,NaN,NaN,NaN,NaN,NaN,NaN,NaN,NaN,NaN
455.55,35.90,30.00,36.00,20.00,AUTO,0,47,NaN,3.75,43.14,-0.31,46.58,NaN,NaN,NaN,NaN,NaN,NaN,NaN,NaN,NaN,NaN
456.56,35.90,30.00,36.00,20.00,AUTO,0,47,NaN,3.75,43.14,-0.31,46.58,NaN,NaN,NaN,NaN,NaN,NaN,NaN,NaN,NaN,NaN
457.56,35.90,30.00,36.00,20.00,AUTO,0,47,NaN,3.75,43.14,-0.31,46.58,NaN,NaN,NaN,NaN,NaN,NaN,NaN,NaN,NaN,NaN
458.56,35.94,30.00,36.00,20.00,AUTO,0,47,NaN,3.75,43.14,-0.31,46.58,NaN,NaN,NaN,NaN,NaN,NaN,NaN,NaN,NaN,NaN
459.56,35.93,30.00,36.00,20.00,AUTO,0,47,NaN,3.75,43.14,-0.31,46.58,NaN,NaN,NaN,NaN,NaN,NaN,NaN,NaN,NaN,NaN
460.56,35.94,30.00,36.00,20.00,AUTO,0,47,NaN,3.75,43.14,-0.31,46.58,NaN,NaN,NaN,NaN,NaN,NaN,NaN,NaN,NaN,NaN
461.56,35.94,30.00,36.00,20.00,AUTO,0,47,NaN,3.75,43.14,-0.31,46.58,NaN,NaN,NaN,NaN,NaN,NaN,NaN,NaN,NaN,NaN
462.56,35.94,30.00,36.00,20.00,AUTO,0,47,NaN,3.75,43.14,-0.31,46.58,NaN,NaN,NaN,NaN,NaN,NaN,NaN,NaN,NaN,NaN
463.56,35.94,30.00,36.00,20.00,AUTO,0,47,NaN,3.75,43.14,-0.31,46.58,NaN,NaN,NaN,NaN,NaN,NaN,NaN,NaN,NaN,NaN
464.57,35.94,30.00,36.00,20.00,AUTO,0,47,NaN,3.75,43.14,-0.31,46.58,NaN,NaN,NaN,NaN,NaN,NaN,NaN,NaN,NaN,NaN
465.57,35.94,30.00,36.00,20.00,AUTO,0,47,NaN,3.75,43.14,-0.31,46.58,NaN,NaN,NaN,NaN,NaN,NaN,NaN,NaN,NaN,NaN
466.57,35.92,30.00,36.00,20.00,AUTO,0,46,NaN,3.00,43.56,-0.81,45.75,NaN,NaN,NaN,NaN,NaN,NaN,NaN,NaN,NaN,NaN
467.57,35.92,30.00,36.00,20.00,AUTO,0,46,NaN,3.00,43.56,-0.81,45.75,NaN,NaN,NaN,NaN,NaN,NaN,NaN,NaN,NaN,NaN
468.57,35.93,30.00,36.00,20.00,AUTO,0,46,NaN,3.00,43.56,-0.81,45.75,NaN,NaN,NaN,NaN,NaN,NaN,NaN,NaN,NaN,NaN
469.57,35.92,30.00,36.00,20.00,AUTO,0,46,NaN,3.00,43.56,-0.81,45.75,NaN,NaN,NaN,NaN,NaN,NaN,NaN,NaN,NaN,NaN
470.58,35.92,30.00,36.00,20.00,AUTO,0,46,NaN,3.00,43.56,-0.81,45.75,NaN,NaN,NaN,NaN,NaN,NaN,NaN,NaN,NaN,NaN
471.58,35.93,30.00,36.00,20.00,AUTO,0,46,NaN,3.00,43.56,-0.81,45.75,NaN,NaN,NaN,NaN,NaN,NaN,NaN,NaN,NaN,NaN
472.58,35.93,30.04,36.00,20.00,AUTO,0,46,NaN,3.00,43.56,-0.81,45.75,NaN,NaN,NaN,NaN,NaN,NaN,NaN,NaN,NaN,NaN
473.58,35.95,30.04,36.00,20.00,AUTO,0,46,NaN,3.00,43.56,-0.81,45.75,NaN,NaN,NaN,NaN,NaN,NaN,NaN,NaN,NaN,NaN
474.58,35.94,30.04,36.00,20.00,AUTO,0,46,NaN,3.00,43.56,-0.81,45.75,NaN,NaN,NaN,NaN,NaN,NaN,NaN,NaN,NaN,NaN
475.59,35.95,30.04,36.00,20.00,AUTO,0,46,NaN,3.00,43.56,-0.81,45.75,NaN,NaN,NaN,NaN,NaN,NaN,NaN,NaN,NaN,NaN
476.58,35.94,30.04,36.00,20.00,AUTO,0,46,NaN,3.00,43.56,-0.81,45.75,NaN,NaN,NaN,NaN,NaN,NaN,NaN,NaN,NaN,NaN
477.59,35.94,30.04,36.00,20.00,AUTO,0,46,NaN,3.00,43.56,-0.81,45.75,NaN,NaN,NaN,NaN,NaN,NaN,NaN,NaN,NaN,NaN
478.59,35.94,30.04,36.00,20.00,AUTO,0,46,NaN,3.00,43.56,-0.81,45.75,NaN,NaN,NaN,NaN,NaN,NaN,NaN,NaN,NaN,NaN
479.59,35.95,30.04,36.00,20.00,AUTO,0,46,NaN,3.00,43.56,-0.81,45.75,NaN,NaN,NaN,NaN,NaN,NaN,NaN,NaN,NaN,NaN
480.59,35.95,30.04,36.00,20.00,AUTO,0,46,NaN,3.00,43.56,-0.81,45.75,NaN,NaN,NaN,NaN,NaN,NaN,NaN,NaN,NaN,NaN
481.59,35.93,30.04,36.00,20.00,AUTO,0,46,NaN,2.50,43.90,-0.34,46.06,NaN,NaN,NaN,NaN,NaN,NaN,NaN,NaN,NaN,NaN
482.59,35.93,30.04,36.00,20.00,AUTO,0,46,NaN,2.50,43.90,-0.34,46.06,NaN,NaN,NaN,NaN,NaN,NaN,NaN,NaN,NaN,NaN
483.60,35.93,30.04,36.00,20.00,AUTO,0,46,NaN,2.50,43.90,-0.34,46.06,NaN,NaN,NaN,NaN,NaN,NaN,NaN,NaN,NaN,NaN
484.60,35.93,30.04,36.00,20.00,AUTO,0,46,NaN,2.50,43.90,-0.34,46.06,NaN,NaN,NaN,NaN,NaN,NaN,NaN,NaN,NaN,NaN
485.60,35.93,30.04,36.00,20.00,AUTO,0,46,NaN,2.50,43.90,-0.34,46.06,NaN,NaN,NaN,NaN,NaN,NaN,NaN,NaN,NaN,NaN
486.60,35.93,30.04,36.00,20.00,AUTO,0,46,NaN,2.50,43.90,-0.34,46.06,NaN,NaN,NaN,NaN,NaN,NaN,NaN,NaN,NaN,NaN
487.60,35.93,30.04,36.00,20.00,AUTO,0,46,NaN,2.50,43.90,-0.34,46.06,NaN,NaN,NaN,NaN,NaN,NaN,NaN,NaN,NaN,NaN
488.61,35.96,30.04,36.00,20.00,AUTO,0,46,NaN,2.50,43.90,-0.34,46.06,NaN,NaN,NaN,NaN,NaN,NaN,NaN,NaN,NaN,NaN
489.60,35.96,30.04,36.00,20.00,AUTO,0,46,NaN,2.50,43.90,-0.34,46.06,NaN,NaN,NaN,NaN,NaN,NaN,NaN,NaN,NaN,NaN
490.61,35.96,30.04,36.00,20.00,AUTO,0,46,NaN,2.50,43.90,-0.34,46.06,NaN,NaN,NaN,NaN,NaN,NaN,NaN,NaN,NaN,NaN
491.61,35.96,30.04,36.00,20.00,AUTO,0,46,NaN,2.50,43.90,-0.34,46.06,NaN,NaN,NaN,NaN,NaN,NaN,NaN,NaN,NaN,NaN
492.61,35.96,30.04,36.00,20.00,AUTO,0,46,NaN,2.50,43.90,-0.34,46.06,NaN,NaN,NaN,NaN,NaN,NaN,NaN,NaN,NaN,NaN
493.61,35.96,30.08,36.00,20.00,AUTO,0,46,NaN,2.50,43.90,-0.34,46.06,NaN,NaN,NaN,NaN,NaN,NaN,NaN,NaN,NaN,NaN
494.61,35.96,30.08,36.00,20.00,AUTO,0,46,NaN,2.50,43.90,-0.34,46.06,NaN,NaN,NaN,NaN,NaN,NaN,NaN,NaN,NaN,NaN
495.61,35.96,30.08,36.00,20.00,AUTO,0,46,NaN,2.50,43.90,-0.34,46.06,NaN,NaN,NaN,NaN,NaN,NaN,NaN,NaN,NaN,NaN
496.62,35.94,30.08,36.00,20.00,AUTO,0,45,NaN,2.00,44.18,-0.71,45.47,NaN,NaN,NaN,NaN,NaN,NaN,NaN,NaN,NaN,NaN
497.62,35.94,30.08,36.00,20.00,AUTO,0,45,NaN,2.00,44.18,-0.71,45.47,NaN,NaN,NaN,NaN,NaN,NaN,NaN,NaN,NaN,NaN
498.62,35.94,30.08,36.00,20.00,AUTO,0,45,NaN,2.00,44.18,-0.71,45.47,NaN,NaN,NaN,NaN,NaN,NaN,NaN,NaN,NaN,NaN
499.62,35.94,30.08,36.00,20.00,AUTO,0,45,NaN,2.00,44.18,-0.71,45.47,NaN,NaN,NaN,NaN,NaN,NaN,NaN,NaN,NaN,NaN
500.62,35.94,30.08,36.00,20.00,AUTO,0,45,NaN,2.00,44.18,-0.71,45.47,NaN,NaN,NaN,NaN,NaN,NaN,NaN,NaN,NaN,NaN
501.63,35.94,30.08,36.00,20.00,AUTO,0,45,NaN,2.00,44.18,-0.71,45.47,NaN,NaN,NaN,NaN,NaN,NaN,NaN,NaN,NaN,NaN
502.63,35.95,30.08,36.00,20.00,AUTO,0,45,NaN,2.00,44.18,-0.71,45.47,NaN,NaN,NaN,NaN,NaN,NaN,NaN,NaN,NaN,NaN
503.63,35.97,30.08,36.00,20.00,AUTO,0,45,NaN,2.00,44.18,-0.71,45.47,NaN,NaN,NaN,NaN,NaN,NaN,NaN,NaN,NaN,NaN
504.63,35.97,30.08,36.00,20.00,AUTO,0,45,NaN,2.00,44.18,-0.71,45.47,NaN,NaN,NaN,NaN,NaN,NaN,NaN,NaN,NaN,NaN
505.63,35.97,30.08,36.00,20.00,AUTO,0,45,NaN,2.00,44.18,-0.71,45.47,NaN,NaN,NaN,NaN,NaN,NaN,NaN,NaN,NaN,NaN
506.63,35.98,30.08,36.00,20.00,AUTO,0,45,NaN,2.00,44.18,-0.71,45.47,NaN,NaN,NaN,NaN,NaN,NaN,NaN,NaN,NaN,NaN
507.64,35.98,30.08,36.00,20.00,AUTO,0,45,NaN,2.00,44.18,-0.71,45.47,NaN,NaN,NaN,NaN,NaN,NaN,NaN,NaN,NaN,NaN
508.64,35.99,30.08,36.00,20.00,AUTO,0,45,NaN,2.00,44.18,-0.71,45.47,NaN,NaN,NaN,NaN,NaN,NaN,NaN,NaN,NaN,NaN
509.64,35.98,30.08,36.00,20.00,AUTO,0,45,NaN,2.00,44.18,-0.71,45.47,NaN,NaN,NaN,NaN,NaN,NaN,NaN,NaN,NaN,NaN
510.64,35.99,30.08,36.00,20.00,AUTO,0,45,NaN,2.00,44.18,-0.71,45.47,NaN,NaN,NaN,NaN,NaN,NaN,NaN,NaN,NaN,NaN
511.64,35.96,30.08,36.00,20.00,AUTO,0,44,NaN,0.75,44.38,-0.94,44.19,NaN,NaN,NaN,NaN,NaN,NaN,NaN,NaN,NaN,NaN
512.64,35.96,30.08,36.00,20.00,AUTO,0,44,NaN,0.75,44.38,-0.94,44.19,NaN,NaN,NaN,NaN,NaN,NaN,NaN,NaN,NaN,NaN
513.64,35.96,30.08,36.00,20.00,AUTO,0,44,NaN,0.75,44.38,-0.94,44.19,NaN,NaN,NaN,NaN,NaN,NaN,NaN,NaN,NaN,NaN
514.64,35.96,30.08,36.00,20.00,AUTO,0,44,NaN,0.75,44.38,-0.94,44.19,NaN,NaN,NaN,NaN,NaN,NaN,NaN,NaN,NaN,NaN
515.65,35.96,30.08,36.00,20.00,AUTO,0,44,NaN,0.75,44.38,-0.94,44.19,NaN,NaN,NaN,NaN,NaN,NaN,NaN,NaN,NaN,NaN
516.65,35.96,30.08,36.00,20.00,AUTO,0,44,NaN,0.75,44.38,-0.94,44.19,NaN,NaN,NaN,NaN,NaN,NaN,NaN,NaN,NaN,NaN
517.65,35.97,30.08,36.00,20.00,AUTO,0,44,NaN,0.75,44.38,-0.94,44.19,NaN,NaN,NaN,NaN,NaN,NaN,NaN,NaN,NaN,NaN
518.65,36.00,30.08,36.00,20.00,AUTO,0,44,NaN,0.75,44.38,-0.94,44.19,NaN,NaN,NaN,NaN,NaN,NaN,NaN,NaN,NaN,NaN
519.65,36.02,30.08,36.00,20.00,AUTO,0,44,NaN,0.75,44.38,-0.94,44.19,NaN,NaN,NaN,NaN,NaN,NaN,NaN,NaN,NaN,NaN
520.66,36.00,30.08,36.00,20.00,AUTO,0,44,NaN,0.75,44.38,-0.94,44.19,NaN,NaN,NaN,NaN,NaN,NaN,NaN,NaN,NaN,NaN
521.66,36.02,30.08,36.00,20.00,AUTO,0,44,NaN,0.75,44.38,-0.94,44.19,NaN,NaN,NaN,NaN,NaN,NaN,NaN,NaN,NaN,NaN
522.66,36.02,30.08,36.00,20.00,AUTO,0,44,NaN,0.75,44.38,-0.94,44.19,NaN,NaN,NaN,NaN,NaN,NaN,NaN,NaN,NaN,NaN
523.66,36.02,30.08,36.00,20.00,AUTO,0,44,NaN,0.75,44.38,-0.94,44.19,NaN,NaN,NaN,NaN,NaN,NaN,NaN,NaN,NaN,NaN
524.66,36.02,30.08,36.00,20.00,AUTO,0,44,NaN,0.75,44.38,-0.94,44.19,NaN,NaN,NaN,NaN,NaN,NaN,NaN,NaN,NaN,NaN
525.66,36.02,30.08,36.00,20.00,AUTO,0,44,NaN,0.75,44.38,-0.94,44.19,NaN,NaN,NaN,NaN,NaN,NaN,NaN,NaN,NaN,NaN
526.67,35.99,30.12,36.00,20.00,AUTO,0,42,NaN,-1.00,44.44,-1.41,42.03,NaN,NaN,NaN,NaN,NaN,NaN,NaN,NaN,NaN,NaN
527.67,36.00,30.12,36.00,20.00,AUTO,0,42,NaN,-1.00,44.44,-1.41,42.03,NaN,NaN,NaN,NaN,NaN,NaN,NaN,NaN,NaN,NaN
528.67,35.99,30.12,36.00,20.00,AUTO,0,42,NaN,-1.00,44.44,-1.41,42.03,NaN,NaN,NaN,NaN,NaN,NaN,NaN,NaN,NaN,NaN
529.67,36.00,30.12,36.00,20.00,AUTO,0,42,NaN,-1.00,44.44,-1.41,42.03,NaN,NaN,NaN,NaN,NaN,NaN,NaN,NaN,NaN,NaN
530.67,36.00,30.12,36.00,20.00,AUTO,0,42,NaN,-1.00,44.44,-1.41,42.03,NaN,NaN,NaN,NaN,NaN,NaN,NaN,NaN,NaN,NaN
531.67,36.00,30.12,36.00,20.00,AUTO,0,42,NaN,-1.00,44.44,-1.41,42.03,NaN,NaN,NaN,NaN,NaN,NaN,NaN,NaN,NaN,NaN
532.67,36.00,30.12,36.00,20.00,AUTO,0,42,NaN,-1.00,44.44,-1.41,42.03,NaN,NaN,NaN,NaN,NaN,NaN,NaN,NaN,NaN,NaN
533.68,36.02,30.12,36.00,20.00,AUTO,0,42,NaN,-1.00,44.44,-1.41,42.03,NaN,NaN,NaN,NaN,NaN,NaN,NaN,NaN,NaN,NaN
534.68,36.02,30.12,36.00,20.00,AUTO,0,42,NaN,-1.00,44.44,-1.41,42.03,NaN,NaN,NaN,NaN,NaN,NaN,NaN,NaN,NaN,NaN
535.68,36.02,30.12,36.00,20.00,AUTO,0,42,NaN,-1.00,44.44,-1.41,42.03,NaN,NaN,NaN,NaN,NaN,NaN,NaN,NaN,NaN,NaN
536.68,36.02,30.12,36.00,20.00,AUTO,0,42,NaN,-1.00,44.44,-1.41,42.03,NaN,NaN,NaN,NaN,NaN,NaN,NaN,NaN,NaN,NaN
537.68,36.02,30.12,36.00,20.00,AUTO,0,42,NaN,-1.00,44.44,-1.41,42.03,NaN,NaN,NaN,NaN,NaN,NaN,NaN,NaN,NaN,NaN
538.68,36.02,30.12,36.00,20.00,AUTO,0,42,NaN,-1.00,44.44,-1.41,42.03,NaN,NaN,NaN,NaN,NaN,NaN,NaN,NaN,NaN,NaN
539.68,36.02,30.12,36.00,20.00,AUTO,0,42,NaN,-1.00,44.44,-1.41,42.03,NaN,NaN,NaN,NaN,NaN,NaN,NaN,NaN,NaN,NaN
540.68,36.02,30.12,36.00,20.00,AUTO,0,42,NaN,-1.00,44.44,-1.41,42.03,NaN,NaN,NaN,NaN,NaN,NaN,NaN,NaN,NaN,NaN
541.69,36.02,30.12,36.00,20.00,AUTO,0,43,NaN,-1.00,44.39,-0.21,43.18,NaN,NaN,NaN,NaN,NaN,NaN,NaN,NaN,NaN,NaN
542.69,36.02,30.12,36.00,20.00,AUTO,0,43,NaN,-1.00,44.39,-0.21,43.18,NaN,NaN,NaN,NaN,NaN,NaN,NaN,NaN,NaN,NaN
543.69,36.02,30.12,36.00,20.00,AUTO,0,43,NaN,-1.00,44.39,-0.21,43.18,NaN,NaN,NaN,NaN,NaN,NaN,NaN,NaN,NaN,NaN
544.69,36.02,30.12,36.00,20.00,AUTO,0,43,NaN,-1.00,44.39,-0.21,43.18,NaN,NaN,NaN,NaN,NaN,NaN,NaN,NaN,NaN,NaN
545.69,36.02,30.12,36.00,20.00,AUTO,0,43,NaN,-1.00,44.39,-0.21,43.18,NaN,NaN,NaN,NaN,NaN,NaN,NaN,NaN,NaN,NaN
546.70,36.02,30.12,36.00,20.00,AUTO,0,43,NaN,-1.00,44.39,-0.21,43.18,NaN,NaN,NaN,NaN,NaN,NaN,NaN,NaN,NaN,NaN
547.70,36.02,30.12,36.00,20.00,AUTO,0,43,NaN,-1.00,44.39,-0.21,43.18,NaN,NaN,NaN,NaN,NaN,NaN,NaN,NaN,NaN,NaN
548.70,36.02,30.12,36.00,20.00,AUTO,0,43,NaN,-1.00,44.39,-0.21,43.18,NaN,NaN,NaN,NaN,NaN,NaN,NaN,NaN,NaN,NaN
549.70,36.02,30.12,36.00,20.00,AUTO,0,43,NaN,-1.00,44.39,-0.21,43.18,NaN,NaN,NaN,NaN,NaN,NaN,NaN,NaN,NaN,NaN
550.70,36.02,30.12,36.00,20.00,AUTO,0,43,NaN,-1.00,44.39,-0.21,43.18,NaN,NaN,NaN,NaN,NaN,NaN,NaN,NaN,NaN,NaN
551.70,36.02,30.12,36.00,20.00,AUTO,0,43,NaN,-1.00,44.39,-0.21,43.18,NaN,NaN,NaN,NaN,NaN,NaN,NaN,NaN,NaN,NaN
552.71,36.02,30.12,36.00,20.00,AUTO,0,43,NaN,-1.00,44.39,-0.21,43.18,NaN,NaN,NaN,NaN,NaN,NaN,NaN,NaN,NaN,NaN
553.71,36.02,30.12,36.00,20.00,AUTO,0,43,NaN,-1.00,44.39,-0.21,43.18,NaN,NaN,NaN,NaN,NaN,NaN,NaN,NaN,NaN,NaN
554.71,36.02,30.12,36.00,20.00,AUTO,0,43,NaN,-1.00,44.39,-0.21,43.18,NaN,NaN,NaN,NaN,NaN,NaN,NaN,NaN,NaN,NaN
555.71,36.02,30.12,36.00,20.00,AUTO,0,43,NaN,-1.00,44.39,-0.21,43.18,NaN,NaN,NaN,NaN,NaN,NaN,NaN,NaN,NaN,NaN
556.71,36.02,30.12,36.00,20.00,AUTO,0,43,NaN,-1.00,44.28,0.00,43.28,NaN,NaN,NaN,NaN,NaN,NaN,NaN,NaN,NaN,NaN
557.71,36.02,30.12,36.00,20.00,AUTO,0,43,NaN,-1.00,44.28,0.00,43.28,NaN,NaN,NaN,NaN,NaN,NaN,NaN,NaN,NaN,NaN
558.71,36.02,30.12,36.00,20.00,AUTO,0,43,NaN,-1.00,44.28,0.00,43.28,NaN,NaN,NaN,NaN,NaN,NaN,NaN,NaN,NaN,NaN
559.72,36.02,30.12,36.00,20.00,AUTO,0,43,NaN,-1.00,44.28,0.00,43.28,NaN,NaN,NaN,NaN,NaN,NaN,NaN,NaN,NaN,NaN
560.72,36.02,30.12,36.00,20.00,AUTO,0,43,NaN,-1.00,44.28,0.00,43.28,NaN,NaN,NaN,NaN,NaN,NaN,NaN,NaN,NaN,NaN
561.72,36.02,30.12,36.00,20.00,AUTO,0,43,NaN,-1.00,44.28,0.00,43.28,NaN,NaN,NaN,NaN,NaN,NaN,NaN,NaN,NaN,NaN
562.72,36.02,30.12,36.00,20.00,AUTO,0,43,NaN,-1.00,44.28,0.00,43.28,NaN,NaN,NaN,NaN,NaN,NaN,NaN,NaN,NaN,NaN
563.72,36.02,30.12,36.00,20.00,AUTO,0,43,NaN,-1.00,44.28,0.00,43.28,NaN,NaN,NaN,NaN,NaN,NaN,NaN,NaN,NaN,NaN
564.72,36.02,30.12,36.00,20.00,AUTO,0,43,NaN,-1.00,44.28,0.00,43.28,NaN,NaN,NaN,NaN,NaN,NaN,NaN,NaN,NaN,NaN
565.73,36.02,30.12,36.00,20.00,AUTO,0,43,NaN,-1.00,44.28,0.00,43.28,NaN,NaN,NaN,NaN,NaN,NaN,NaN,NaN,NaN,NaN
566.73,36.02,30.12,36.00,20.00,AUTO,0,43,NaN,-1.00,44.28,0.00,43.28,NaN,NaN,NaN,NaN,NaN,NaN,NaN,NaN,NaN,NaN
567.73,36.02,30.12,36.00,20.00,AUTO,0,43,NaN,-1.00,44.28,0.00,43.28,NaN,NaN,NaN,NaN,NaN,NaN,NaN,NaN,NaN,NaN
568.73,36.02,30.12,36.00,20.00,AUTO,0,43,NaN,-1.00,44.28,0.00,43.28,NaN,NaN,NaN,NaN,NaN,NaN,NaN,NaN,NaN,NaN
569.73,36.02,30.16,36.00,20.00,AUTO,0,43,NaN,-1.00,44.28,0.00,43.28,NaN,NaN,NaN,NaN,NaN,NaN,NaN,NaN,NaN,NaN
570.74,36.02,30.12,36.00,20.00,AUTO,0,43,NaN,-1.00,44.28,0.00,43.28,NaN,NaN,NaN,NaN,NaN,NaN,NaN,NaN,NaN,NaN
571.74,36.02,30.12,36.00,20.00,AUTO,0,43,NaN,-1.00,44.18,0.00,43.18,NaN,NaN,NaN,NaN,NaN,NaN,NaN,NaN,NaN,NaN
572.74,36.02,30.12,36.00,20.00,AUTO,0,43,NaN,-1.00,44.18,0.00,43.18,NaN,NaN,NaN,NaN,NaN,NaN,NaN,NaN,NaN,NaN
573.74,36.02,30.16,36.00,20.00,AUTO,0,43,NaN,-1.00,44.18,0.00,43.18,NaN,NaN,NaN,NaN,NaN,NaN,NaN,NaN,NaN,NaN
574.74,36.02,30.16,36.00,20.00,AUTO,0,43,NaN,-1.00,44.18,0.00,43.18,NaN,NaN,NaN,NaN,NaN,NaN,NaN,NaN,NaN,NaN
575.74,36.02,30.16,36.00,20.00,AUTO,0,43,NaN,-1.00,44.18,0.00,43.18,NaN,NaN,NaN,NaN,NaN,NaN,NaN,NaN,NaN,NaN
576.74,36.02,30.16,36.00,20.00,AUTO,0,43,NaN,-1.00,44.18,0.00,43.18,NaN,NaN,NaN,NaN,NaN,NaN,NaN,NaN,NaN,NaN
577.74,36.02,30.16,36.00,20.00,AUTO,0,43,NaN,-1.00,44.18,0.00,43.18,NaN,NaN,NaN,NaN,NaN,NaN,NaN,NaN,NaN,NaN
578.75,36.02,30.16,36.00,20.00,AUTO,0,43,NaN,-1.00,44.18,0.00,43.18,NaN,NaN,NaN,NaN,NaN,NaN,NaN,NaN,NaN,NaN
579.75,36.02,30.16,36.00,20.00,AUTO,0,43,NaN,-1.00,44.18,0.00,43.18,NaN,NaN,NaN,NaN,NaN,NaN,NaN,NaN,NaN,NaN
580.75,36.02,30.18,36.00,20.00,AUTO,0,43,NaN,-1.00,44.18,0.00,43.18,NaN,NaN,NaN,NaN,NaN,NaN,NaN,NaN,NaN,NaN
581.75,36.02,30.16,36.00,20.00,AUTO,0,43,NaN,-1.00,44.18,0.00,43.18,NaN,NaN,NaN,NaN,NaN,NaN,NaN,NaN,NaN,NaN
582.75,36.02,30.16,36.00,20.00,AUTO,0,43,NaN,-1.00,44.18,0.00,43.18,NaN,NaN,NaN,NaN,NaN,NaN,NaN,NaN,NaN,NaN
583.75,36.02,30.16,36.00,20.00,AUTO,0,43,NaN,-1.00,44.18,0.00,43.18,NaN,NaN,NaN,NaN,NaN,NaN,NaN,NaN,NaN,NaN
584.76,36.02,30.16,36.00,20.00,AUTO,0,43,NaN,-1.00,44.18,0.00,43.18,NaN,NaN,NaN,NaN,NaN,NaN,NaN,NaN,NaN,NaN
585.75,36.02,30.16,36.00,20.00,AUTO,0,43,NaN,-1.00,44.18,0.00,43.18,NaN,NaN,NaN,NaN,NaN,NaN,NaN,NaN,NaN,NaN
586.76,36.02,30.16,36.00,20.00,AUTO,0,43,NaN,-1.00,44.07,0.00,43.07,NaN,NaN,NaN,NaN,NaN,NaN,NaN,NaN,NaN,NaN
587.76,36.02,30.16,36.00,20.00,AUTO,0,43,NaN,-1.00,44.07,0.00,43.07,NaN,NaN,NaN,NaN,NaN,NaN,NaN,NaN,NaN,NaN
588.76,36.02,30.16,36.00,20.00,AUTO,0,43,NaN,-1.00,44.07,0.00,43.07,NaN,NaN,NaN,NaN,NaN,NaN,NaN,NaN,NaN,NaN
589.77,36.02,30.16,36.00,20.00,AUTO,0,43,NaN,-1.00,44.07,0.00,43.07,NaN,NaN,NaN,NaN,NaN,NaN,NaN,NaN,NaN,NaN
590.76,36.02,30.16,36.00,20.00,AUTO,0,43,NaN,-1.00,44.07,0.00,43.07,NaN,NaN,NaN,NaN,NaN,NaN,NaN,NaN,NaN,NaN
591.77,36.02,30.20,36.00,20.00,AUTO,0,43,NaN,-1.00,44.07,0.00,43.07,NaN,NaN,NaN,NaN,NaN,NaN,NaN,NaN,NaN,NaN
592.77,36.02,30.20,36.00,20.00,AUTO,0,43,NaN,-1.00,44.07,0.00,43.07,NaN,NaN,NaN,NaN,NaN,NaN,NaN,NaN,NaN,NaN
593.77,36.02,30.20,36.00,20.00,AUTO,0,43,NaN,-1.00,44.07,0.00,43.07,NaN,NaN,NaN,NaN,NaN,NaN,NaN,NaN,NaN,NaN
594.77,36.02,30.22,36.00,20.00,AUTO,0,43,NaN,-1.00,44.07,0.00,43.07,NaN,NaN,NaN,NaN,NaN,NaN,NaN,NaN,NaN,NaN
595.77,36.02,30.20,36.00,20.00,AUTO,0,43,NaN,-1.00,44.07,0.00,43.07,NaN,NaN,NaN,NaN,NaN,NaN,NaN,NaN,NaN,NaN
596.78,36.02,30.22,36.00,20.00,AUTO,0,43,NaN,-1.00,44.07,0.00,43.07,NaN,NaN,NaN,NaN,NaN,NaN,NaN,NaN,NaN,NaN
597.78,36.02,30.20,36.00,20.00,AUTO,0,43,NaN,-1.00,44.07,0.00,43.07,NaN,NaN,NaN,NaN,NaN,NaN,NaN,NaN,NaN,NaN
598.78,36.02,30.20,36.00,20.00,AUTO,0,43,NaN,-1.00,44.07,0.00,43.07,NaN,NaN,NaN,NaN,NaN,NaN,NaN,NaN,NaN,NaN
599.78,36.02,30.20,36.00,20.00,AUTO,0,43,NaN,-1.00,44.07,0.00,43.07,NaN,NaN,NaN,NaN,NaN,NaN,NaN,NaN,NaN,NaN
600.78,36.02,30.20,36.00,20.00,AUTO,0,43,NaN,-1.00,44.07,0.00,43.07,NaN,NaN,NaN,NaN,NaN,NaN,NaN,NaN,NaN,NaN
601.79,36.02,30.20,36.00,20.00,AUTO,0,43,NaN,-1.00,43.97,0.00,42.97,NaN,NaN,NaN,NaN,NaN,NaN,NaN,NaN,NaN,NaN
602.79,36.02,30.20,36.00,20.00,AUTO,0,43,NaN,-1.00,43.97,0.00,42.97,NaN,NaN,NaN,NaN,NaN,NaN,NaN,NaN,NaN,NaN
603.79,36.02,30.20,36.00,20.00,AUTO,0,43,NaN,-1.00,43.97,0.00,42.97,NaN,NaN,NaN,NaN,NaN,NaN,NaN,NaN,NaN,NaN
604.79,36.02,30.20,36.00,20.00,AUTO,0,43,NaN,-1.00,43.97,0.00,42.97,NaN,NaN,NaN,NaN,NaN,NaN,NaN,NaN,NaN,NaN
605.79,36.02,30.20,36.00,20.00,AUTO,0,43,NaN,-1.00,43.97,0.00,42.97,NaN,NaN,NaN,NaN,NaN,NaN,NaN,NaN,NaN,NaN
606.79,36.02,30.20,36.00,20.00,AUTO,0,43,NaN,-1.00,43.97,0.00,42.97,NaN,NaN,NaN,NaN,NaN,NaN,NaN,NaN,NaN,NaN
607.79,36.02,30.24,36.00,20.00,AUTO,0,43,NaN,-1.00,43.97,0.00,42.97,NaN,NaN,NaN,NaN,NaN,NaN,NaN,NaN,NaN,NaN
608.79,36.02,30.24,36.00,20.00,AUTO,0,43,NaN,-1.00,43.97,0.00,42.97,NaN,NaN,NaN,NaN,NaN,NaN,NaN,NaN,NaN,NaN
609.79,36.02,30.24,36.00,20.00,AUTO,0,43,NaN,-1.00,43.97,0.00,42.97,NaN,NaN,NaN,NaN,NaN,NaN,NaN,NaN,NaN,NaN
610.80,36.02,30.24,36.00,20.00,AUTO,0,43,NaN,-1.00,43.97,0.00,42.97,NaN,NaN,NaN,NaN,NaN,NaN,NaN,NaN,NaN,NaN
611.80,36.02,30.24,36.00,20.00,AUTO,0,43,NaN,-1.00,43.97,0.00,42.97,NaN,NaN,NaN,NaN,NaN,NaN,NaN,NaN,NaN,NaN
612.80,36.02,30.24,36.00,20.00,AUTO,0,43,NaN,-1.00,43.97,0.00,42.97,NaN,NaN,NaN,NaN,NaN,NaN,NaN,NaN,NaN,NaN
613.80,36.02,30.24,36.00,20.00,AUTO,0,43,NaN,-1.00,43.97,0.00,42.97,NaN,NaN,NaN,NaN,NaN,NaN,NaN,NaN,NaN,NaN
614.80,36.02,30.24,36.00,20.00,AUTO,0,43,NaN,-1.00,43.97,0.00,42.97,NaN,NaN,NaN,NaN,NaN,NaN,NaN,NaN,NaN,NaN
615.81,36.02,30.24,36.00,20.00,AUTO,0,43,NaN,-1.00,43.97,0.00,42.97,NaN,NaN,NaN,NaN,NaN,NaN,NaN,NaN,NaN,NaN
616.81,36.02,30.29,36.00,20.00,AUTO,0,43,NaN,-1.00,43.86,0.00,42.86,NaN,NaN,NaN,NaN,NaN,NaN,NaN,NaN,NaN,NaN
617.81,36.02,30.29,36.00,20.00,AUTO,0,43,NaN,-1.00,43.86,0.00,42.86,NaN,NaN,NaN,NaN,NaN,NaN,NaN,NaN,NaN,NaN
618.81,36.02,30.29,36.00,20.00,AUTO,0,43,NaN,-1.00,43.86,0.00,42.86,NaN,NaN,NaN,NaN,NaN,NaN,NaN,NaN,NaN,NaN
619.81,36.02,30.29,36.00,20.00,AUTO,0,43,NaN,-1.00,43.86,0.00,42.86,NaN,NaN,NaN,NaN,NaN,NaN,NaN,NaN,NaN,NaN
620.81,36.02,30.29,36.00,20.00,AUTO,0,43,NaN,-1.00,43.86,0.00,42.86,NaN,NaN,NaN,NaN,NaN,NaN,NaN,NaN,NaN,NaN
621.82,36.02,30.29,36.00,20.00,AUTO,0,43,NaN,-1.00,43.86,0.00,42.86,NaN,NaN,NaN,NaN,NaN,NaN,NaN,NaN,NaN,NaN
622.81,36.02,30.29,36.00,20.00,AUTO,0,43,NaN,-1.00,43.86,0.00,42.86,NaN,NaN,NaN,NaN,NaN,NaN,NaN,NaN,NaN,NaN
623.82,36.02,30.29,36.00,20.00,AUTO,0,43,NaN,-1.00,43.86,0.00,42.86,NaN,NaN,NaN,NaN,NaN,NaN,NaN,NaN,NaN,NaN
624.82,36.02,30.29,36.00,20.00,AUTO,0,43,NaN,-1.00,43.86,0.00,42.86,NaN,NaN,NaN,NaN,NaN,NaN,NaN,NaN,NaN,NaN
625.82,36.02,30.29,36.00,20.00,AUTO,0,43,NaN,-1.00,43.86,0.00,42.86,NaN,NaN,NaN,NaN,NaN,NaN,NaN,NaN,NaN,NaN
626.82,36.02,30.29,36.00,20.00,AUTO,0,43,NaN,-1.00,43.86,0.00,42.86,NaN,NaN,NaN,NaN,NaN,NaN,NaN,NaN,NaN,NaN
627.82,36.02,30.29,36.00,20.00,AUTO,0,43,NaN,-1.00,43.86,0.00,42.86,NaN,NaN,NaN,NaN,NaN,NaN,NaN,NaN,NaN,NaN
628.83,36.02,30.29,36.00,20.00,AUTO,0,43,NaN,-1.00,43.86,0.00,42.86,NaN,NaN,NaN,NaN,NaN,NaN,NaN,NaN,NaN,NaN
629.83,36.02,30.32,36.00,20.00,AUTO,0,43,NaN,-1.00,43.86,0.00,42.86,NaN,NaN,NaN,NaN,NaN,NaN,NaN,NaN,NaN,NaN
630.83,36.02,30.32,36.00,20.00,AUTO,0,43,NaN,-1.00,43.86,0.00,42.86,NaN,NaN,NaN,NaN,NaN,NaN,NaN,NaN,NaN,NaN
631.83,36.02,30.32,36.00,20.00,AUTO,0,43,NaN,-1.00,43.76,0.00,42.76,NaN,NaN,NaN,NaN,NaN,NaN,NaN,NaN,NaN,NaN
632.83,36.02,30.32,36.00,20.00,AUTO,0,43,NaN,-1.00,43.76,0.00,42.76,NaN,NaN,NaN,NaN,NaN,NaN,NaN,NaN,NaN,NaN
633.83,36.02,30.32,36.00,20.00,AUTO,0,43,NaN,-1.00,43.76,0.00,42.76,NaN,NaN,NaN,NaN,NaN,NaN,NaN,NaN,NaN,NaN
634.84,36.02,30.32,36.00,20.00,AUTO,0,43,NaN,-1.00,43.76,0.00,42.76,NaN,NaN,NaN,NaN,NaN,NaN,NaN,NaN,NaN,NaN
635.84,36.02,30.32,36.00,20.00,AUTO,0,43,NaN,-1.00,43.76,0.00,42.76,NaN,NaN,NaN,NaN,NaN,NaN,NaN,NaN,NaN,NaN
636.84,36.02,30.32,36.00,20.00,AUTO,0,43,NaN,-1.00,43.76,0.00,42.76,NaN,NaN,NaN,NaN,NaN,NaN,NaN,NaN,NaN,NaN
637.84,36.02,30.32,36.00,20.00,AUTO,0,43,NaN,-1.00,43.76,0.00,42.76,NaN,NaN,NaN,NaN,NaN,NaN,NaN,NaN,NaN,NaN
638.84,36.02,30.32,36.00,20.00,AUTO,0,43,NaN,-1.00,43.76,0.00,42.76,NaN,NaN,NaN,NaN,NaN,NaN,NaN,NaN,NaN,NaN
639.85,36.02,30.32,36.00,20.00,AUTO,0,43,NaN,-1.00,43.76,0.00,42.76,NaN,NaN,NaN,NaN,NaN,NaN,NaN,NaN,NaN,NaN
640.84,36.02,30.32,36.00,20.00,AUTO,0,43,NaN,-1.00,43.76,0.00,42.76,NaN,NaN,NaN,NaN,NaN,NaN,NaN,NaN,NaN,NaN
641.85,36.02,30.32,36.00,20.00,AUTO,0,43,NaN,-1.00,43.76,0.00,42.76,NaN,NaN,NaN,NaN,NaN,NaN,NaN,NaN,NaN,NaN
642.85,36.02,30.32,36.00,20.00,AUTO,0,43,NaN,-1.00,43.76,0.00,42.76,NaN,NaN,NaN,NaN,NaN,NaN,NaN,NaN,NaN,NaN
643.85,36.02,30.32,36.00,20.00,AUTO,0,43,NaN,-1.00,43.76,0.00,42.76,NaN,NaN,NaN,NaN,NaN,NaN,NaN,NaN,NaN,NaN
644.85,36.02,30.32,36.00,20.00,AUTO,0,43,NaN,-1.00,43.76,0.00,42.76,NaN,NaN,NaN,NaN,NaN,NaN,NaN,NaN,NaN,NaN
645.85,36.02,30.32,36.00,20.00,AUTO,0,43,NaN,-1.00,43.76,0.00,42.76,NaN,NaN,NaN,NaN,NaN,NaN,NaN,NaN,NaN,NaN
646.86,36.02,30.32,36.00,20.00,AUTO,0,43,NaN,-1.00,43.65,0.00,42.65,NaN,NaN,NaN,NaN,NaN,NaN,NaN,NaN,NaN,NaN
647.86,36.02,30.36,36.00,20.00,AUTO,0,43,NaN,-1.00,43.65,0.00,42.65,NaN,NaN,NaN,NaN,NaN,NaN,NaN,NaN,NaN,NaN
648.86,36.02,30.36,36.00,20.00,AUTO,0,43,NaN,-1.00,43.65,0.00,42.65,NaN,NaN,NaN,NaN,NaN,NaN,NaN,NaN,NaN,NaN
649.86,36.02,30.36,36.00,20.00,AUTO,0,43,NaN,-1.00,43.65,0.00,42.65,NaN,NaN,NaN,NaN,NaN,NaN,NaN,NaN,NaN,NaN
650.86,36.02,30.36,36.00,20.00,AUTO,0,43,NaN,-1.00,43.65,0.00,42.65,NaN,NaN,NaN,NaN,NaN,NaN,NaN,NaN,NaN,NaN
651.86,36.02,30.36,36.00,20.00,AUTO,0,43,NaN,-1.00,43.65,0.00,42.65,NaN,NaN,NaN,NaN,NaN,NaN,NaN,NaN,NaN,NaN
652.86,36.02,30.36,36.00,20.00,AUTO,0,43,NaN,-1.00,43.65,0.00,42.65,NaN,NaN,NaN,NaN,NaN,NaN,NaN,NaN,NaN,NaN
653.86,36.02,30.36,36.00,20.00,AUTO,0,43,NaN,-1.00,43.65,0.00,42.65,NaN,NaN,NaN,NaN,NaN,NaN,NaN,NaN,NaN,NaN
654.86,36.02,30.36,36.00,20.00,AUTO,0,43,NaN,-1.00,43.65,0.00,42.65,NaN,NaN,NaN,NaN,NaN,NaN,NaN,NaN,NaN,NaN
655.87,36.02,30.36,36.00,20.00,AUTO,0,43,NaN,-1.00,43.65,0.00,42.65,NaN,NaN,NaN,NaN,NaN,NaN,NaN,NaN,NaN,NaN
656.87,36.02,30.36,36.00,20.00,AUTO,0,43,NaN,-1.00,43.65,0.00,42.65,NaN,NaN,NaN,NaN,NaN,NaN,NaN,NaN,NaN,NaN
657.87,36.02,30.36,36.00,20.00,AUTO,0,43,NaN,-1.00,43.65,0.00,42.65,NaN,NaN,NaN,NaN,NaN,NaN,NaN,NaN,NaN,NaN
658.87,36.02,30.36,36.00,20.00,AUTO,0,43,NaN,-1.00,43.65,0.00,42.65,NaN,NaN,NaN,NaN,NaN,NaN,NaN,NaN,NaN,NaN
659.87,36.02,30.36,36.00,20.00,AUTO,0,43,NaN,-1.00,43.65,0.00,42.65,NaN,NaN,NaN,NaN,NaN,NaN,NaN,NaN,NaN,NaN
660.88,36.02,30.36,36.00,20.00,AUTO,0,43,NaN,-1.00,43.65,0.00,42.65,NaN,NaN,NaN,NaN,NaN,NaN,NaN,NaN,NaN,NaN
661.88,36.02,30.36,36.00,20.00,AUTO,0,43,NaN,-1.00,43.55,0.00,42.55,NaN,NaN,NaN,NaN,NaN,NaN,NaN,NaN,NaN,NaN
662.88,36.02,30.36,36.00,20.00,AUTO,0,43,NaN,-1.00,43.55,0.00,42.55,NaN,NaN,NaN,NaN,NaN,NaN,NaN,NaN,NaN,NaN
663.88,36.02,30.36,36.00,20.00,AUTO,0,43,NaN,-1.00,43.55,0.00,42.55,NaN,NaN,NaN,NaN,NaN,NaN,NaN,NaN,NaN,NaN
664.88,36.02,30.36,36.00,20.00,AUTO,0,43,NaN,-1.00,43.55,0.00,42.55,NaN,NaN,NaN,NaN,NaN,NaN,NaN,NaN,NaN,NaN
665.88,36.02,30.36,36.00,20.00,AUTO,0,43,NaN,-1.00,43.55,0.00,42.55,NaN,NaN,NaN,NaN,NaN,NaN,NaN,NaN,NaN,NaN
666.89,36.02,30.36,36.00,20.00,AUTO,0,43,NaN,-1.00,43.55,0.00,42.55,NaN,NaN,NaN,NaN,NaN,NaN,NaN,NaN,NaN,NaN
667.89,36.02,30.36,36.00,20.00,AUTO,0,43,NaN,-1.00,43.55,0.00,42.55,NaN,NaN,NaN,NaN,NaN,NaN,NaN,NaN,NaN,NaN
668.89,36.02,30.41,36.00,20.00,AUTO,0,43,NaN,-1.00,43.55,0.00,42.55,NaN,NaN,NaN,NaN,NaN,NaN,NaN,NaN,NaN,NaN
669.89,36.02,30.41,36.00,20.00,AUTO,0,43,NaN,-1.00,43.55,0.00,42.55,NaN,NaN,NaN,NaN,NaN,NaN,NaN,NaN,NaN,NaN
670.89,36.02,30.41,36.00,20.00,AUTO,0,43,NaN,-1.00,43.55,0.00,42.55,NaN,NaN,NaN,NaN,NaN,NaN,NaN,NaN,NaN,NaN
671.90,36.02,30.41,36.00,20.00,AUTO,0,43,NaN,-1.00,43.55,0.00,42.55,NaN,NaN,NaN,NaN,NaN,NaN,NaN,NaN,NaN,NaN
672.89,36.02,30.41,36.00,20.00,AUTO,0,43,NaN,-1.00,43.55,0.00,42.55,NaN,NaN,NaN,NaN,NaN,NaN,NaN,NaN,NaN,NaN
673.90,36.02,30.41,36.00,20.00,AUTO,0,43,NaN,-1.00,43.55,0.00,42.55,NaN,NaN,NaN,NaN,NaN,NaN,NaN,NaN,NaN,NaN
674.90,36.02,30.41,36.00,20.00,AUTO,0,43,NaN,-1.00,43.55,0.00,42.55,NaN,NaN,NaN,NaN,NaN,NaN,NaN,NaN,NaN,NaN
675.90,36.02,30.45,36.00,20.00,AUTO,0,43,NaN,-1.00,43.55,0.00,42.55,NaN,NaN,NaN,NaN,NaN,NaN,NaN,NaN,NaN,NaN
676.90,36.00,30.45,36.00,20.00,AUTO,0,42,NaN,-1.00,43.44,0.00,42.44,NaN,NaN,NaN,NaN,NaN,NaN,NaN,NaN,NaN,NaN
677.90,36.00,30.45,36.00,20.00,AUTO,0,42,NaN,-1.00,43.44,0.00,42.44,NaN,NaN,NaN,NaN,NaN,NaN,NaN,NaN,NaN,NaN
678.90,36.00,30.45,36.00,20.00,AUTO,0,42,NaN,-1.00,43.44,0.00,42.44,NaN,NaN,NaN,NaN,NaN,NaN,NaN,NaN,NaN,NaN
679.91,35.99,30.45,36.00,20.00,AUTO,0,42,NaN,-1.00,43.44,0.00,42.44,NaN,NaN,NaN,NaN,NaN,NaN,NaN,NaN,NaN,NaN
680.91,36.00,30.45,36.00,20.00,AUTO,0,42,NaN,-1.00,43.44,0.00,42.44,NaN,NaN,NaN,NaN,NaN,NaN,NaN,NaN,NaN,NaN
681.91,35.99,30.45,36.00,20.00,AUTO,0,42,NaN,-1.00,43.44,0.00,42.44,NaN,NaN,NaN,NaN,NaN,NaN,NaN,NaN,NaN,NaN
682.91,35.99,30.45,36.00,20.00,AUTO,0,42,NaN,-1.00,43.44,0.00,42.44,NaN,NaN,NaN,NaN,NaN,NaN,NaN,NaN,NaN,NaN
683.91,36.02,30.45,36.00,20.00,AUTO,0,42,NaN,-1.00,43.44,0.00,42.44,NaN,NaN,NaN,NaN,NaN,NaN,NaN,NaN,NaN,NaN
684.92,36.02,30.45,36.00,20.00,AUTO,0,42,NaN,-1.00,43.44,0.00,42.44,NaN,NaN,NaN,NaN,NaN,NaN,NaN,NaN,NaN,NaN
685.92,36.02,30.45,36.00,20.00,AUTO,0,42,NaN,-1.00,43.44,0.00,42.44,NaN,NaN,NaN,NaN,NaN,NaN,NaN,NaN,NaN,NaN
686.92,36.02,30.45,36.00,20.00,AUTO,0,42,NaN,-1.00,43.44,0.00,42.44,NaN,NaN,NaN,NaN,NaN,NaN,NaN,NaN,NaN,NaN
687.92,36.02,30.48,36.00,20.00,AUTO,0,42,NaN,-1.00,43.44,0.00,42.44,NaN,NaN,NaN,NaN,NaN,NaN,NaN,NaN,NaN,NaN
688.92,36.02,30.45,36.00,20.00,AUTO,0,42,NaN,-1.00,43.44,0.00,42.44,NaN,NaN,NaN,NaN,NaN,NaN,NaN,NaN,NaN,NaN
689.92,36.02,30.48,36.00,20.00,AUTO,0,42,NaN,-1.00,43.44,0.00,42.44,NaN,NaN,NaN,NaN,NaN,NaN,NaN,NaN,NaN,NaN
690.92,36.02,30.48,36.00,20.00,AUTO,0,42,NaN,-1.00,43.44,0.00,42.44,NaN,NaN,NaN,NaN,NaN,NaN,NaN,NaN,NaN,NaN
691.93,35.98,30.48,36.00,20.00,AUTO,0,42,NaN,-1.00,43.40,-0.15,42.24,NaN,NaN,NaN,NaN,NaN,NaN,NaN,NaN,NaN,NaN
692.93,35.98,30.48,36.00,20.00,AUTO,0,42,NaN,-1.00,43.40,-0.15,42.24,NaN,NaN,NaN,NaN,NaN,NaN,NaN,NaN,NaN,NaN
693.93,35.99,30.48,36.00,20.00,AUTO,0,42,NaN,-1.00,43.40,-0.15,42.24,NaN,NaN,NaN,NaN,NaN,NaN,NaN,NaN,NaN,NaN
694.93,35.98,30.48,36.00,20.00,AUTO,0,42,NaN,-1.00,43.40,-0.15,42.24,NaN,NaN,NaN,NaN,NaN,NaN,NaN,NaN,NaN,NaN
695.93,35.98,30.48,36.00,20.00,AUTO,0,42,NaN,-1.00,43.40,-0.15,42.24,NaN,NaN,NaN,NaN,NaN,NaN,NaN,NaN,NaN,NaN
696.93,35.98,30.48,36.00,20.00,AUTO,0,42,NaN,-1.00,43.40,-0.15,42.24,NaN,NaN,NaN,NaN,NaN,NaN,NaN,NaN,NaN,NaN
697.93,35.98,30.48,36.00,20.00,AUTO,0,42,NaN,-1.00,43.40,-0.15,42.24,NaN,NaN,NaN,NaN,NaN,NaN,NaN,NaN,NaN,NaN
698.94,36.02,30.48,36.00,20.00,AUTO,0,42,NaN,-1.00,43.40,-0.15,42.24,NaN,NaN,NaN,NaN,NaN,NaN,NaN,NaN,NaN,NaN
699.94,36.02,30.48,36.00,20.00,AUTO,0,42,NaN,-1.00,43.40,-0.15,42.24,NaN,NaN,NaN,NaN,NaN,NaN,NaN,NaN,NaN,NaN
700.94,36.02,30.48,36.00,20.00,AUTO,0,42,NaN,-1.00,43.40,-0.15,42.24,NaN,NaN,NaN,NaN,NaN,NaN,NaN,NaN,NaN,NaN
701.94,36.02,30.48,36.00,20.00,AUTO,0,42,NaN,-1.00,43.40,-0.15,42.24,NaN,NaN,NaN,NaN,NaN,NaN,NaN,NaN,NaN,NaN
702.94,36.02,30.48,36.00,20.00,AUTO,0,42,NaN,-1.00,43.40,-0.15,42.24,NaN,NaN,NaN,NaN,NaN,NaN,NaN,NaN,NaN,NaN
703.94,36.02,30.48,36.00,20.00,AUTO,0,42,NaN,-1.00,43.40,-0.15,42.24,NaN,NaN,NaN,NaN,NaN,NaN,NaN,NaN,NaN,NaN
704.94,36.02,30.48,36.00,20.00,AUTO,0,42,NaN,-1.00,43.40,-0.15,42.24,NaN,NaN,NaN,NaN,NaN,NaN,NaN,NaN,NaN,NaN
705.95,36.02,30.48,36.00,20.00,AUTO,0,42,NaN,-1.00,43.40,-0.15,42.24,NaN,NaN,NaN,NaN,NaN,NaN,NaN,NaN,NaN,NaN
706.95,35.99,30.48,36.00,20.00,AUTO,0,42,NaN,-1.00,43.39,-0.30,42.09,NaN,NaN,NaN,NaN,NaN,NaN,NaN,NaN,NaN,NaN
707.95,36.00,30.48,36.00,20.00,AUTO,0,42,NaN,-1.00,43.39,-0.30,42.09,NaN,NaN,NaN,NaN,NaN,NaN,NaN,NaN,NaN,NaN
708.95,36.00,30.53,36.00,20.00,AUTO,0,42,NaN,-1.00,43.39,-0.30,42.09,NaN,NaN,NaN,NaN,NaN,NaN,NaN,NaN,NaN,NaN
709.95,36.00,30.48,36.00,20.00,AUTO,0,42,NaN,-1.00,43.39,-0.30,42.09,NaN,NaN,NaN,NaN,NaN,NaN,NaN,NaN,NaN,NaN
710.96,36.00,30.48,36.00,20.00,AUTO,0,42,NaN,-1.00,43.39,-0.30,42.09,NaN,NaN,NaN,NaN,NaN,NaN,NaN,NaN,NaN,NaN
711.96,36.00,30.53,36.00,20.00,AUTO,0,42,NaN,-1.00,43.39,-0.30,42.09,NaN,NaN,NaN,NaN,NaN,NaN,NaN,NaN,NaN,NaN
712.96,36.00,30.48,36.00,20.00,AUTO,0,42,NaN,-1.00,43.39,-0.30,42.09,NaN,NaN,NaN,NaN,NaN,NaN,NaN,NaN,NaN,NaN
713.96,36.02,30.53,36.00,20.00,AUTO,0,42,NaN,-1.00,43.39,-0.30,42.09,NaN,NaN,NaN,NaN,NaN,NaN,NaN,NaN,NaN,NaN
714.96,36.02,30.48,36.00,20.00,AUTO,0,42,NaN,-1.00,43.39,-0.30,42.09,NaN,NaN,NaN,NaN,NaN,NaN,NaN,NaN,NaN,NaN
715.96,36.02,30.53,36.00,20.00,AUTO,0,42,NaN,-1.00,43.39,-0.30,42.09,NaN,NaN,NaN,NaN,NaN,NaN,NaN,NaN,NaN,NaN
716.97,36.02,30.48,36.00,20.00,AUTO,0,42,NaN,-1.00,43.39,-0.30,42.09,NaN,NaN,NaN,NaN,NaN,NaN,NaN,NaN,NaN,NaN
717.96,36.02,30.53,36.00,20.00,AUTO,0,42,NaN,-1.00,43.39,-0.30,42.09,NaN,NaN,NaN,NaN,NaN,NaN,NaN,NaN,NaN,NaN
718.97,36.02,30.53,36.00,20.00,AUTO,0,42,NaN,-1.00,43.39,-0.30,42.09,NaN,NaN,NaN,NaN,NaN,NaN,NaN,NaN,NaN,NaN
719.97,36.02,30.53,36.00,20.00,AUTO,0,42,NaN,-1.00,43.39,-0.30,42.09,NaN,NaN,NaN,NaN,NaN,NaN,NaN,NaN,NaN,NaN
720.97,36.02,30.53,36.00,20.00,AUTO,0,42,NaN,-1.00,43.39,-0.30,42.09,NaN,NaN,NaN,NaN,NaN,NaN,NaN,NaN,NaN,NaN
721.98,36.02,30.48,36.00,20.00,AUTO,0,42,NaN,-1.00,43.33,-0.19,42.14,NaN,NaN,NaN,NaN,NaN,NaN,NaN,NaN,NaN,NaN
722.97,36.02,30.53,36.00,20.00,AUTO,0,42,NaN,-1.00,43.33,-0.19,42.14,NaN,NaN,NaN,NaN,NaN,NaN,NaN,NaN,NaN,NaN
723.97,36.02,30.53,36.00,20.00,AUTO,0,42,NaN,-1.00,43.33,-0.19,42.14,NaN,NaN,NaN,NaN,NaN,NaN,NaN,NaN,NaN,NaN
724.98,36.02,30.53,36.00,20.00,AUTO,0,42,NaN,-1.00,43.33,-0.19,42.14,NaN,NaN,NaN,NaN,NaN,NaN,NaN,NaN,NaN,NaN
725.98,36.02,30.53,36.00,20.00,AUTO,0,42,NaN,-1.00,43.33,-0.19,42.14,NaN,NaN,NaN,NaN,NaN,NaN,NaN,NaN,NaN,NaN
726.98,36.02,30.53,36.00,20.00,AUTO,0,42,NaN,-1.00,43.33,-0.19,42.14,NaN,NaN,NaN,NaN,NaN,NaN,NaN,NaN,NaN,NaN
727.98,36.02,30.53,36.00,20.00,AUTO,0,42,NaN,-1.00,43.33,-0.19,42.14,NaN,NaN,NaN,NaN,NaN,NaN,NaN,NaN,NaN,NaN
728.98,36.02,30.53,36.00,20.00,AUTO,0,42,NaN,-1.00,43.33,-0.19,42.14,NaN,NaN,NaN,NaN,NaN,NaN,NaN,NaN,NaN,NaN
729.99,36.02,30.53,36.00,20.00,AUTO,0,42,NaN,-1.00,43.33,-0.19,42.14,NaN,NaN,NaN,NaN,NaN,NaN,NaN,NaN,NaN,NaN
730.99,36.02,30.53,36.00,20.00,AUTO,0,42,NaN,-1.00,43.33,-0.19,42.14,NaN,NaN,NaN,NaN,NaN,NaN,NaN,NaN,NaN,NaN
731.99,36.02,30.53,36.00,20.00,AUTO,0,42,NaN,-1.00,43.33,-0.19,42.14,NaN,NaN,NaN,NaN,NaN,NaN,NaN,NaN,NaN,NaN
732.99,36.02,30.53,36.00,20.00,AUTO,0,42,NaN,-1.00,43.33,-0.19,42.14,NaN,NaN,NaN,NaN,NaN,NaN,NaN,NaN,NaN,NaN
733.99,36.02,30.53,36.00,20.00,AUTO,0,42,NaN,-1.00,43.33,-0.19,42.14,NaN,NaN,NaN,NaN,NaN,NaN,NaN,NaN,NaN,NaN
734.99,36.02,30.53,36.00,20.00,AUTO,0,42,NaN,-1.00,43.33,-0.19,42.14,NaN,NaN,NaN,NaN,NaN,NaN,NaN,NaN,NaN,NaN
736.00,36.02,30.53,36.00,20.00,AUTO,0,42,NaN,-1.00,43.33,-0.19,42.14,NaN,NaN,NaN,NaN,NaN,NaN,NaN,NaN,NaN,NaN
737.00,36.02,30.53,36.00,20.00,AUTO,0,42,NaN,-1.00,43.23,0.00,42.23,NaN,NaN,NaN,NaN,NaN,NaN,NaN,NaN,NaN,NaN
738.00,36.02,30.53,36.00,20.00,AUTO,0,42,NaN,-1.00,43.23,0.00,42.23,NaN,NaN,NaN,NaN,NaN,NaN,NaN,NaN,NaN,NaN
739.00,36.02,30.53,36.00,20.00,AUTO,0,42,NaN,-1.00,43.23,0.00,42.23,NaN,NaN,NaN,NaN,NaN,NaN,NaN,NaN,NaN,NaN
740.00,36.02,30.57,36.00,20.00,AUTO,0,42,NaN,-1.00,43.23,0.00,42.23,NaN,NaN,NaN,NaN,NaN,NaN,NaN,NaN,NaN,NaN
741.00,36.02,30.57,36.00,20.00,AUTO,0,42,NaN,-1.00,43.23,0.00,42.23,NaN,NaN,NaN,NaN,NaN,NaN,NaN,NaN,NaN,NaN
742.00,36.02,30.57,36.00,20.00,AUTO,0,42,NaN,-1.00,43.23,0.00,42.23,NaN,NaN,NaN,NaN,NaN,NaN,NaN,NaN,NaN,NaN
743.01,36.02,30.57,36.00,20.00,AUTO,0,42,NaN,-1.00,43.23,0.00,42.23,NaN,NaN,NaN,NaN,NaN,NaN,NaN,NaN,NaN,NaN
744.01,36.02,30.57,36.00,20.00,AUTO,0,42,NaN,-1.00,43.23,0.00,42.23,NaN,NaN,NaN,NaN,NaN,NaN,NaN,NaN,NaN,NaN
745.01,36.02,30.57,36.00,20.00,AUTO,0,42,NaN,-1.00,43.23,0.00,42.23,NaN,NaN,NaN,NaN,NaN,NaN,NaN,NaN,NaN,NaN
746.01,36.02,30.57,36.00,20.00,AUTO,0,42,NaN,-1.00,43.23,0.00,42.23,NaN,NaN,NaN,NaN,NaN,NaN,NaN,NaN,NaN,NaN
747.01,36.02,30.57,36.00,20.00,AUTO,0,42,NaN,-1.00,43.23,0.00,42.23,NaN,NaN,NaN,NaN,NaN,NaN,NaN,NaN,NaN,NaN
748.01,36.02,30.57,36.00,20.00,AUTO,0,42,NaN,-1.00,43.23,0.00,42.23,NaN,NaN,NaN,NaN,NaN,NaN,NaN,NaN,NaN,NaN
749.02,36.02,30.57,36.00,20.00,AUTO,0,42,NaN,-1.00,43.23,0.00,42.23,NaN,NaN,NaN,NaN,NaN,NaN,NaN,NaN,NaN,NaN
750.01,36.02,30.57,36.00,20.00,AUTO,0,42,NaN,-1.00,43.23,0.00,42.23,NaN,NaN,NaN,NaN,NaN,NaN,NaN,NaN,NaN,NaN
751.02,36.02,30.57,36.00,20.00,AUTO,0,42,NaN,-1.00,43.23,0.00,42.23,NaN,NaN,NaN,NaN,NaN,NaN,NaN,NaN,NaN,NaN
752.02,36.02,30.57,36.00,20.00,AUTO,0,42,NaN,-1.00,43.12,0.00,42.12,NaN,NaN,NaN,NaN,NaN,NaN,NaN,NaN,NaN,NaN
753.02,36.02,30.57,36.00,20.00,AUTO,0,42,NaN,-1.00,43.12,0.00,42.12,NaN,NaN,NaN,NaN,NaN,NaN,NaN,NaN,NaN,NaN
754.02,36.02,30.57,36.00,20.00,AUTO,0,42,NaN,-1.00,43.12,0.00,42.12,NaN,NaN,NaN,NaN,NaN,NaN,NaN,NaN,NaN,NaN
755.02,36.02,30.57,36.00,20.00,AUTO,0,42,NaN,-1.00,43.12,0.00,42.12,NaN,NaN,NaN,NaN,NaN,NaN,NaN,NaN,NaN,NaN
756.03,36.02,30.57,36.00,20.00,AUTO,0,42,NaN,-1.00,43.12,0.00,42.12,NaN,NaN,NaN,NaN,NaN,NaN,NaN,NaN,NaN,NaN
757.03,36.02,30.57,36.00,20.00,AUTO,0,42,NaN,-1.00,43.12,0.00,42.12,NaN,NaN,NaN,NaN,NaN,NaN,NaN,NaN,NaN,NaN
758.03,36.02,30.57,36.00,20.00,AUTO,0,42,NaN,-1.00,43.12,0.00,42.12,NaN,NaN,NaN,NaN,NaN,NaN,NaN,NaN,NaN,NaN
759.03,36.02,30.61,36.00,20.00,AUTO,0,42,NaN,-1.00,43.12,0.00,42.12,NaN,NaN,NaN,NaN,NaN,NaN,NaN,NaN,NaN,NaN
760.03,36.02,30.61,36.00,20.00,AUTO,0,42,NaN,-1.00,43.12,0.00,42.12,NaN,NaN,NaN,NaN,NaN,NaN,NaN,NaN,NaN,NaN
761.03,36.02,30.61,36.00,20.00,AUTO,0,42,NaN,-1.00,43.12,0.00,42.12,NaN,NaN,NaN,NaN,NaN,NaN,NaN,NaN,NaN,NaN
762.04,36.02,30.61,36.00,20.00,AUTO,0,42,NaN,-1.00,43.12,0.00,42.12,NaN,NaN,NaN,NaN,NaN,NaN,NaN,NaN,NaN,NaN
763.04,36.02,30.61,36.00,20.00,AUTO,0,42,NaN,-1.00,43.12,0.00,42.12,NaN,NaN,NaN,NaN,NaN,NaN,NaN,NaN,NaN,NaN
764.04,36.02,30.61,36.00,20.00,AUTO,0,42,NaN,-1.00,43.12,0.00,42.12,NaN,NaN,NaN,NaN,NaN,NaN,NaN,NaN,NaN,NaN
765.04,36.02,30.61,36.00,20.00,AUTO,0,42,NaN,-1.00,43.12,0.00,42.12,NaN,NaN,NaN,NaN,NaN,NaN,NaN,NaN,NaN,NaN
766.04,36.02,30.61,36.00,20.00,AUTO,0,42,NaN,-1.00,43.12,0.00,42.12,NaN,NaN,NaN,NaN,NaN,NaN,NaN,NaN,NaN,NaN
767.04,35.99,30.61,36.00,20.00,AUTO,0,42,NaN,-1.00,43.02,0.00,42.02,NaN,NaN,NaN,NaN,NaN,NaN,NaN,NaN,NaN,NaN
768.04,36.00,30.61,36.00,20.00,AUTO,0,42,NaN,-1.00,43.02,0.00,42.02,NaN,NaN,NaN,NaN,NaN,NaN,NaN,NaN,NaN,NaN
769.04,35.99,30.61,36.00,20.00,AUTO,0,42,NaN,-1.00,43.02,0.00,42.02,NaN,NaN,NaN,NaN,NaN,NaN,NaN,NaN,NaN,NaN
770.05,35.99,30.61,36.00,20.00,AUTO,0,42,NaN,-1.00,43.02,0.00,42.02,NaN,NaN,NaN,NaN,NaN,NaN,NaN,NaN,NaN,NaN
771.05,35.98,30.64,36.00,20.00,AUTO,0,42,NaN,-1.00,43.02,0.00,42.02,NaN,NaN,NaN,NaN,NaN,NaN,NaN,NaN,NaN,NaN
772.05,35.98,30.64,36.00,20.00,AUTO,0,42,NaN,-1.00,43.02,0.00,42.02,NaN,NaN,NaN,NaN,NaN,NaN,NaN,NaN,NaN,NaN
773.05,35.99,30.64,36.00,20.00,AUTO,0,42,NaN,-1.00,43.02,0.00,42.02,NaN,NaN,NaN,NaN,NaN,NaN,NaN,NaN,NaN,NaN
774.05,36.02,30.64,36.00,20.00,AUTO,0,42,NaN,-1.00,43.02,0.00,42.02,NaN,NaN,NaN,NaN,NaN,NaN,NaN,NaN,NaN,NaN
775.06,36.02,30.64,36.00,20.00,AUTO,0,42,NaN,-1.00,43.02,0.00,42.02,NaN,NaN,NaN,NaN,NaN,NaN,NaN,NaN,NaN,NaN
776.06,36.02,30.64,36.00,20.00,AUTO,0,42,NaN,-1.00,43.02,0.00,42.02,NaN,NaN,NaN,NaN,NaN,NaN,NaN,NaN,NaN,NaN
777.06,36.02,30.64,36.00,20.00,AUTO,0,42,NaN,-1.00,43.02,0.00,42.02,NaN,NaN,NaN,NaN,NaN,NaN,NaN,NaN,NaN,NaN
778.06,36.02,30.64,36.00,20.00,AUTO,0,42,NaN,-1.00,43.02,0.00,42.02,NaN,NaN,NaN,NaN,NaN,NaN,NaN,NaN,NaN,NaN
779.06,36.00,30.64,36.00,20.00,AUTO,0,42,NaN,-1.00,43.02,0.00,42.02,NaN,NaN,NaN,NaN,NaN,NaN,NaN,NaN,NaN,NaN
780.06,36.00,30.73,36.00,20.00,AUTO,0,42,NaN,-1.00,43.02,0.00,42.02,NaN,NaN,NaN,NaN,NaN,NaN,NaN,NaN,NaN,NaN
781.07,36.02,30.73,36.00,20.00,AUTO,0,42,NaN,-1.00,43.02,0.00,42.02,NaN,NaN,NaN,NaN,NaN,NaN,NaN,NaN,NaN,NaN
782.07,35.96,30.73,36.00,20.00,AUTO,0,43,NaN,-0.50,43.00,0.03,42.54,NaN,NaN,NaN,NaN,NaN,NaN,NaN,NaN,NaN,NaN
783.07,35.96,30.73,36.00,20.00,AUTO,0,43,NaN,-0.50,43.00,0.03,42.54,NaN,NaN,NaN,NaN,NaN,NaN,NaN,NaN,NaN,NaN
784.07,35.96,30.73,36.00,20.00,AUTO,0,43,NaN,-0.50,43.00,0.03,42.54,NaN,NaN,NaN,NaN,NaN,NaN,NaN,NaN,NaN,NaN
785.07,35.96,30.73,36.00,20.00,AUTO,0,43,NaN,-0.50,43.00,0.03,42.54,NaN,NaN,NaN,NaN,NaN,NaN,NaN,NaN,NaN,NaN
786.07,35.96,30.73,36.00,20.00,AUTO,0,43,NaN,-0.50,43.00,0.03,42.54,NaN,NaN,NaN,NaN,NaN,NaN,NaN,NaN,NaN,NaN
787.07,35.96,30.73,36.00,20.00,AUTO,0,43,NaN,-0.50,43.00,0.03,42.54,NaN,NaN,NaN,NaN,NaN,NaN,NaN,NaN,NaN,NaN
788.08,35.96,30.73,36.00,20.00,AUTO,0,43,NaN,-0.50,43.00,0.03,42.54,NaN,NaN,NaN,NaN,NaN,NaN,NaN,NaN,NaN,NaN
789.08,35.99,30.73,36.00,20.00,AUTO,0,43,NaN,-0.50,43.00,0.03,42.54,NaN,NaN,NaN,NaN,NaN,NaN,NaN,NaN,NaN,NaN
790.08,35.98,30.73,36.00,20.00,AUTO,0,43,NaN,-0.50,43.00,0.03,42.54,NaN,NaN,NaN,NaN,NaN,NaN,NaN,NaN,NaN,NaN
791.08,36.00,30.73,36.00,20.00,AUTO,0,43,NaN,-0.50,43.00,0.03,42.54,NaN,NaN,NaN,NaN,NaN,NaN,NaN,NaN,NaN,NaN
792.08,36.02,30.73,36.00,20.00,AUTO,0,43,NaN,-0.50,43.00,0.03,42.54,NaN,NaN,NaN,NaN,NaN,NaN,NaN,NaN,NaN,NaN
793.09,36.00,30.73,36.00,20.00,AUTO,0,43,NaN,-0.50,43.00,0.03,42.54,NaN,NaN,NaN,NaN,NaN,NaN,NaN,NaN,NaN,NaN
794.09,36.00,30.73,36.00,20.00,AUTO,0,43,NaN,-0.50,43.00,0.03,42.54,NaN,NaN,NaN,NaN,NaN,NaN,NaN,NaN,NaN,NaN
795.09,36.02,30.77,36.00,20.00,AUTO,0,43,NaN,-0.50,43.00,0.03,42.54,NaN,NaN,NaN,NaN,NaN,NaN,NaN,NaN,NaN,NaN
796.09,36.02,30.73,36.00,20.00,AUTO,0,43,NaN,-0.50,43.00,0.03,42.54,NaN,NaN,NaN,NaN,NaN,NaN,NaN,NaN,NaN,NaN
797.09,35.96,30.73,36.00,20.00,AUTO,0,42,NaN,-1.00,43.09,-0.24,41.85,NaN,NaN,NaN,NaN,NaN,NaN,NaN,NaN,NaN,NaN
798.09,35.97,30.73,36.00,20.00,AUTO,0,42,NaN,-1.00,43.09,-0.24,41.85,NaN,NaN,NaN,NaN,NaN,NaN,NaN,NaN,NaN,NaN
799.10,35.97,30.73,36.00,20.00,AUTO,0,42,NaN,-1.00,43.09,-0.24,41.85,NaN,NaN,NaN,NaN,NaN,NaN,NaN,NaN,NaN,NaN
800.10,35.97,30.77,36.00,20.00,AUTO,0,42,NaN,-1.00,43.09,-0.24,41.85,NaN,NaN,NaN,NaN,NaN,NaN,NaN,NaN,NaN,NaN
801.10,35.96,30.77,36.00,20.00,AUTO,0,42,NaN,-1.00,43.09,-0.24,41.85,NaN,NaN,NaN,NaN,NaN,NaN,NaN,NaN,NaN,NaN
802.10,35.96,30.77,36.00,20.00,AUTO,0,42,NaN,-1.00,43.09,-0.24,41.85,NaN,NaN,NaN,NaN,NaN,NaN,NaN,NaN,NaN,NaN
803.10,35.96,30.77,36.00,20.00,AUTO,0,42,NaN,-1.00,43.09,-0.24,41.85,NaN,NaN,NaN,NaN,NaN,NaN,NaN,NaN,NaN,NaN
804.10,36.00,30.77,36.00,20.00,AUTO,0,42,NaN,-1.00,43.09,-0.24,41.85,NaN,NaN,NaN,NaN,NaN,NaN,NaN,NaN,NaN,NaN
805.10,35.99,30.77,36.00,20.00,AUTO,0,42,NaN,-1.00,43.09,-0.24,41.85,NaN,NaN,NaN,NaN,NaN,NaN,NaN,NaN,NaN,NaN
806.10,36.02,30.77,36.00,20.00,AUTO,0,42,NaN,-1.00,43.09,-0.24,41.85,NaN,NaN,NaN,NaN,NaN,NaN,NaN,NaN,NaN,NaN
807.11,36.02,30.77,36.00,20.00,AUTO,0,42,NaN,-1.00,43.09,-0.24,41.85,NaN,NaN,NaN,NaN,NaN,NaN,NaN,NaN,NaN,NaN
808.11,36.02,30.77,36.00,20.00,AUTO,0,42,NaN,-1.00,43.09,-0.24,41.85,NaN,NaN,NaN,NaN,NaN,NaN,NaN,NaN,NaN,NaN
809.11,36.02,30.77,36.00,20.00,AUTO,0,42,NaN,-1.00,43.09,-0.24,41.85,NaN,NaN,NaN,NaN,NaN,NaN,NaN,NaN,NaN,NaN
810.11,36.02,30.77,36.00,20.00,AUTO,0,42,NaN,-1.00,43.09,-0.24,41.85,NaN,NaN,NaN,NaN,NaN,NaN,NaN,NaN,NaN,NaN
811.11,36.00,30.77,36.00,20.00,AUTO,0,42,NaN,-1.00,43.09,-0.24,41.85,NaN,NaN,NaN,NaN,NaN,NaN,NaN,NaN,NaN,NaN
812.12,35.97,30.77,36.00,20.00,AUTO,0,42,NaN,-0.50,43.15,-0.40,42.25,NaN,NaN,NaN,NaN,NaN,NaN,NaN,NaN,NaN,NaN
813.12,35.97,30.77,36.00,20.00,AUTO,0,42,NaN,-0.50,43.15,-0.40,42.25,NaN,NaN,NaN,NaN,NaN,NaN,NaN,NaN,NaN,NaN
814.12,35.97,30.77,36.00,20.00,AUTO,0,42,NaN,-0.50,43.15,-0.40,42.25,NaN,NaN,NaN,NaN,NaN,NaN,NaN,NaN,NaN,NaN
815.12,35.96,30.77,36.00,20.00,AUTO,0,42,NaN,-0.50,43.15,-0.40,42.25,NaN,NaN,NaN,NaN,NaN,NaN,NaN,NaN,NaN,NaN
816.12,35.96,30.77,36.00,20.00,AUTO,0,42,NaN,-0.50,43.15,-0.40,42.25,NaN,NaN,NaN,NaN,NaN,NaN,NaN,NaN,NaN,NaN
817.12,35.96,30.77,36.00,20.00,AUTO,0,42,NaN,-0.50,43.15,-0.40,42.25,NaN,NaN,NaN,NaN,NaN,NaN,NaN,NaN,NaN,NaN
818.13,35.96,30.77,36.00,20.00,AUTO,0,42,NaN,-0.50,43.15,-0.40,42.25,NaN,NaN,NaN,NaN,NaN,NaN,NaN,NaN,NaN,NaN
819.12,35.98,30.77,36.00,20.00,AUTO,0,42,NaN,-0.50,43.15,-0.40,42.25,NaN,NaN,NaN,NaN,NaN,NaN,NaN,NaN,NaN,NaN
820.13,35.98,30.80,36.00,20.00,AUTO,0,42,NaN,-0.50,43.15,-0.40,42.25,NaN,NaN,NaN,NaN,NaN,NaN,NaN,NaN,NaN,NaN
821.13,35.98,30.80,36.00,20.00,AUTO,0,42,NaN,-0.50,43.15,-0.40,42.25,NaN,NaN,NaN,NaN,NaN,NaN,NaN,NaN,NaN,NaN
822.13,35.97,30.80,36.00,20.00,AUTO,0,42,NaN,-0.50,43.15,-0.40,42.25,NaN,NaN,NaN,NaN,NaN,NaN,NaN,NaN,NaN,NaN
823.13,35.97,30.80,36.00,20.00,AUTO,0,42,NaN,-0.50,43.15,-0.40,42.25,NaN,NaN,NaN,NaN,NaN,NaN,NaN,NaN,NaN,NaN
824.13,35.97,30.80,36.00,20.00,AUTO,0,42,NaN,-0.50,43.15,-0.40,42.25,NaN,NaN,NaN,NaN,NaN,NaN,NaN,NaN,NaN,NaN
825.14,35.97,30.80,36.00,20.00,AUTO,0,42,NaN,-0.50,43.15,-0.40,42.25,NaN,NaN,NaN,NaN,NaN,NaN,NaN,NaN,NaN,NaN
826.14,35.97,30.80,36.00,20.00,AUTO,0,42,NaN,-0.50,43.15,-0.40,42.25,NaN,NaN,NaN,NaN,NaN,NaN,NaN,NaN,NaN,NaN
827.14,35.94,30.80,36.00,20.00,AUTO,0,46,NaN,1.50,43.31,1.25,46.06,NaN,NaN,NaN,NaN,NaN,NaN,NaN,NaN,NaN,NaN
828.14,35.95,30.80,36.00,20.00,AUTO,0,46,NaN,1.50,43.31,1.25,46.06,NaN,NaN,NaN,NaN,NaN,NaN,NaN,NaN,NaN,NaN
829.14,35.94,30.80,36.00,20.00,AUTO,0,46,NaN,1.50,43.31,1.25,46.06,NaN,NaN,NaN,NaN,NaN,NaN,NaN,NaN,NaN,NaN
830.14,35.94,30.80,36.00,20.00,AUTO,0,46,NaN,1.50,43.31,1.25,46.06,NaN,NaN,NaN,NaN,NaN,NaN,NaN,NaN,NaN,NaN
831.15,35.94,30.80,36.00,20.00,AUTO,0,46,NaN,1.50,43.31,1.25,46.06,NaN,NaN,NaN,NaN,NaN,NaN,NaN,NaN,NaN,NaN
832.14,35.94,30.80,36.00,20.00,AUTO,0,46,NaN,1.50,43.31,1.25,46.06,NaN,NaN,NaN,NaN,NaN,NaN,NaN,NaN,NaN,NaN
833.15,35.94,30.80,36.00,20.00,AUTO,0,46,NaN,1.50,43.31,1.25,46.06,NaN,NaN,NaN,NaN,NaN,NaN,NaN,NaN,NaN,NaN
834.15,35.96,30.85,36.00,20.00,AUTO,0,46,NaN,1.50,43.31,1.25,46.06,NaN,NaN,NaN,NaN,NaN,NaN,NaN,NaN,NaN,NaN
835.15,35.96,30.85,36.00,20.00,AUTO,0,46,NaN,1.50,43.31,1.25,46.06,NaN,NaN,NaN,NaN,NaN,NaN,NaN,NaN,NaN,NaN
836.15,35.96,30.85,36.00,20.00,AUTO,0,46,NaN,1.50,43.31,1.25,46.06,NaN,NaN,NaN,NaN,NaN,NaN,NaN,NaN,NaN,NaN
837.15,35.96,30.85,36.00,20.00,AUTO,0,46,NaN,1.50,43.31,1.25,46.06,NaN,NaN,NaN,NaN,NaN,NaN,NaN,NaN,NaN,NaN
838.15,35.96,30.85,36.00,20.00,AUTO,0,46,NaN,1.50,43.31,1.25,46.06,NaN,NaN,NaN,NaN,NaN,NaN,NaN,NaN,NaN,NaN
839.16,35.96,30.85,36.00,20.00,AUTO,0,46,NaN,1.50,43.31,1.25,46.06,NaN,NaN,NaN,NaN,NaN,NaN,NaN,NaN,NaN,NaN
840.16,35.96,30.85,36.00,20.00,AUTO,0,46,NaN,1.50,43.31,1.25,46.06,NaN,NaN,NaN,NaN,NaN,NaN,NaN,NaN,NaN,NaN
841.16,35.96,30.85,36.00,20.00,AUTO,0,46,NaN,1.50,43.31,1.25,46.06,NaN,NaN,NaN,NaN,NaN,NaN,NaN,NaN,NaN,NaN
842.16,35.94,30.85,36.00,20.00,AUTO,0,46,NaN,2.00,43.56,0.15,45.72,NaN,NaN,NaN,NaN,NaN,NaN,NaN,NaN,NaN,NaN
843.16,35.94,30.85,36.00,20.00,AUTO,0,46,NaN,2.00,43.56,0.15,45.72,NaN,NaN,NaN,NaN,NaN,NaN,NaN,NaN,NaN,NaN
844.17,35.94,30.85,36.00,20.00,AUTO,0,46,NaN,2.00,43.56,0.15,45.72,NaN,NaN,NaN,NaN,NaN,NaN,NaN,NaN,NaN,NaN
845.17,35.94,30.85,36.00,20.00,AUTO,0,46,NaN,2.00,43.56,0.15,45.72,NaN,NaN,NaN,NaN,NaN,NaN,NaN,NaN,NaN,NaN
846.17,35.94,30.85,36.00,20.00,AUTO,0,46,NaN,2.00,43.56,0.15,45.72,NaN,NaN,NaN,NaN,NaN,NaN,NaN,NaN,NaN,NaN
847.17,35.94,30.85,36.00,20.00,AUTO,0,46,NaN,2.00,43.56,0.15,45.72,NaN,NaN,NaN,NaN,NaN,NaN,NaN,NaN,NaN,NaN
848.17,35.94,30.85,36.00,20.00,AUTO,0,46,NaN,2.00,43.56,0.15,45.72,NaN,NaN,NaN,NaN,NaN,NaN,NaN,NaN,NaN,NaN
849.17,35.97,30.85,36.00,20.00,AUTO,0,46,NaN,2.00,43.56,0.15,45.72,NaN,NaN,NaN,NaN,NaN,NaN,NaN,NaN,NaN,NaN
850.17,35.97,30.85,36.00,20.00,AUTO,0,46,NaN,2.00,43.56,0.15,45.72,NaN,NaN,NaN,NaN,NaN,NaN,NaN,NaN,NaN,NaN
851.17,35.97,30.85,36.00,20.00,AUTO,0,46,NaN,2.00,43.56,0.15,45.72,NaN,NaN,NaN,NaN,NaN,NaN,NaN,NaN,NaN,NaN
852.18,35.97,30.85,36.00,20.00,AUTO,0,46,NaN,2.00,43.56,0.15,45.72,NaN,NaN,NaN,NaN,NaN,NaN,NaN,NaN,NaN,NaN
853.18,35.96,30.85,36.00,20.00,AUTO,0,46,NaN,2.00,43.56,0.15,45.72,NaN,NaN,NaN,NaN,NaN,NaN,NaN,NaN,NaN,NaN
854.18,35.96,30.89,36.00,20.00,AUTO,0,46,NaN,2.00,43.56,0.15,45.72,NaN,NaN,NaN,NaN,NaN,NaN,NaN,NaN,NaN,NaN
855.18,35.96,30.89,36.00,20.00,AUTO,0,46,NaN,2.00,43.56,0.15,45.72,NaN,NaN,NaN,NaN,NaN,NaN,NaN,NaN,NaN,NaN
856.18,35.96,30.89,36.00,20.00,AUTO,0,46,NaN,2.00,43.56,0.15,45.72,NaN,NaN,NaN,NaN,NaN,NaN,NaN,NaN,NaN,NaN
857.19,35.94,30.89,36.00,20.00,AUTO,0,46,NaN,2.00,43.81,-0.28,45.53,NaN,NaN,NaN,NaN,NaN,NaN,NaN,NaN,NaN,NaN
858.19,35.94,30.89,36.00,20.00,AUTO,0,46,NaN,2.00,43.81,-0.28,45.53,NaN,NaN,NaN,NaN,NaN,NaN,NaN,NaN,NaN,NaN
859.19,35.94,30.89,36.00,20.00,AUTO,0,46,NaN,2.00,43.81,-0.28,45.53,NaN,NaN,NaN,NaN,NaN,NaN,NaN,NaN,NaN,NaN
860.19,35.94,30.89,36.00,20.00,AUTO,0,46,NaN,2.00,43.81,-0.28,45.53,NaN,NaN,NaN,NaN,NaN,NaN,NaN,NaN,NaN,NaN
861.19,35.94,30.89,36.00,20.00,AUTO,0,46,NaN,2.00,43.81,-0.28,45.53,NaN,NaN,NaN,NaN,NaN,NaN,NaN,NaN,NaN,NaN
862.19,35.93,30.89,36.00,20.00,AUTO,0,46,NaN,2.00,43.81,-0.28,45.53,NaN,NaN,NaN,NaN,NaN,NaN,NaN,NaN,NaN,NaN
863.19,35.94,30.89,36.00,20.00,AUTO,0,46,NaN,2.00,43.81,-0.28,45.53,NaN,NaN,NaN,NaN,NaN,NaN,NaN,NaN,NaN,NaN
864.19,35.96,30.89,36.00,20.00,AUTO,0,46,NaN,2.00,43.81,-0.28,45.53,NaN,NaN,NaN,NaN,NaN,NaN,NaN,NaN,NaN,NaN
865.20,35.96,30.89,36.00,20.00,AUTO,0,46,NaN,2.00,43.81,-0.28,45.53,NaN,NaN,NaN,NaN,NaN,NaN,NaN,NaN,NaN,NaN
866.20,35.96,30.89,36.00,20.00,AUTO,0,46,NaN,2.00,43.81,-0.28,45.53,NaN,NaN,NaN,NaN,NaN,NaN,NaN,NaN,NaN,NaN
867.20,35.96,30.89,36.00,20.00,AUTO,0,46,NaN,2.00,43.81,-0.28,45.53,NaN,NaN,NaN,NaN,NaN,NaN,NaN,NaN,NaN,NaN
868.20,35.96,30.89,36.00,20.00,AUTO,0,46,NaN,2.00,43.81,-0.28,45.53,NaN,NaN,NaN,NaN,NaN,NaN,NaN,NaN,NaN,NaN
869.20,35.97,30.89,36.00,20.00,AUTO,0,46,NaN,2.00,43.81,-0.28,45.53,NaN,NaN,NaN,NaN,NaN,NaN,NaN,NaN,NaN,NaN
870.21,35.97,30.89,36.00,20.00,AUTO,0,46,NaN,2.00,43.81,-0.28,45.53,NaN,NaN,NaN,NaN,NaN,NaN,NaN,NaN,NaN,NaN
871.21,35.97,30.89,36.00,20.00,AUTO,0,46,NaN,2.00,43.81,-0.28,45.53,NaN,NaN,NaN,NaN,NaN,NaN,NaN,NaN,NaN,NaN
872.21,35.95,30.89,36.00,20.00,AUTO,0,45,NaN,1.50,44.06,-0.27,45.29,NaN,NaN,NaN,NaN,NaN,NaN,NaN,NaN,NaN,NaN
873.21,35.95,30.89,36.00,20.00,AUTO,0,45,NaN,1.50,44.06,-0.27,45.29,NaN,NaN,NaN,NaN,NaN,NaN,NaN,NaN,NaN,NaN
874.21,35.95,30.89,36.00,20.00,AUTO,0,45,NaN,1.50,44.06,-0.27,45.29,NaN,NaN,NaN,NaN,NaN,NaN,NaN,NaN,NaN,NaN
875.21,35.94,30.89,36.00,20.00,AUTO,0,45,NaN,1.50,44.06,-0.27,45.29,NaN,NaN,NaN,NaN,NaN,NaN,NaN,NaN,NaN,NaN
876.22,35.95,30.93,36.00,20.00,AUTO,0,45,NaN,1.50,44.06,-0.27,45.29,NaN,NaN,NaN,NaN,NaN,NaN,NaN,NaN,NaN,NaN
877.22,35.95,30.93,36.00,20.00,AUTO,0,45,NaN,1.50,44.06,-0.27,45.29,NaN,NaN,NaN,NaN,NaN,NaN,NaN,NaN,NaN,NaN
878.22,35.95,30.93,36.00,20.00,AUTO,0,45,NaN,1.50,44.06,-0.27,45.29,NaN,NaN,NaN,NaN,NaN,NaN,NaN,NaN,NaN,NaN
879.22,35.97,30.93,36.00,20.00,AUTO,0,45,NaN,1.50,44.06,-0.27,45.29,NaN,NaN,NaN,NaN,NaN,NaN,NaN,NaN,NaN,NaN
880.22,35.97,30.93,36.00,20.00,AUTO,0,45,NaN,1.50,44.06,-0.27,45.29,NaN,NaN,NaN,NaN,NaN,NaN,NaN,NaN,NaN,NaN
881.22,35.97,30.93,36.00,20.00,AUTO,0,45,NaN,1.50,44.06,-0.27,45.29,NaN,NaN,NaN,NaN,NaN,NaN,NaN,NaN,NaN,NaN
882.22,35.97,30.93,36.00,20.00,AUTO,0,45,NaN,1.50,44.06,-0.27,45.29,NaN,NaN,NaN,NaN,NaN,NaN,NaN,NaN,NaN,NaN
883.23,35.97,30.93,36.00,20.00,AUTO,0,45,NaN,1.50,44.06,-0.27,45.29,NaN,NaN,NaN,NaN,NaN,NaN,NaN,NaN,NaN,NaN
884.23,35.97,30.93,36.00,20.00,AUTO,0,45,NaN,1.50,44.06,-0.27,45.29,NaN,NaN,NaN,NaN,NaN,NaN,NaN,NaN,NaN,NaN
885.23,35.97,30.93,36.00,20.00,AUTO,0,45,NaN,1.50,44.06,-0.27,45.29,NaN,NaN,NaN,NaN,NaN,NaN,NaN,NaN,NaN,NaN
886.23,35.98,30.93,36.00,20.00,AUTO,0,45,NaN,1.50,44.06,-0.27,45.29,NaN,NaN,NaN,NaN,NaN,NaN,NaN,NaN,NaN,NaN
887.23,35.95,30.93,36.00,20.00,AUTO,0,45,NaN,1.25,44.27,-0.38,45.14,NaN,NaN,NaN,NaN,NaN,NaN,NaN,NaN,NaN,NaN
888.23,35.95,30.93,36.00,20.00,AUTO,0,45,NaN,1.25,44.27,-0.38,45.14,NaN,NaN,NaN,NaN,NaN,NaN,NaN,NaN,NaN,NaN
889.24,35.95,30.93,36.00,20.00,AUTO,0,45,NaN,1.25,44.27,-0.38,45.14,NaN,NaN,NaN,NaN,NaN,NaN,NaN,NaN,NaN,NaN
890.24,35.95,30.93,36.00,20.00,AUTO,0,45,NaN,1.25,44.27,-0.38,45.14,NaN,NaN,NaN,NaN,NaN,NaN,NaN,NaN,NaN,NaN
891.24,35.96,30.93,36.00,20.00,AUTO,0,45,NaN,1.25,44.27,-0.38,45.14,NaN,NaN,NaN,NaN,NaN,NaN,NaN,NaN,NaN,NaN
892.24,35.96,30.93,36.00,20.00,AUTO,0,45,NaN,1.25,44.27,-0.38,45.14,NaN,NaN,NaN,NaN,NaN,NaN,NaN,NaN,NaN,NaN
893.24,35.96,30.93,36.00,20.00,AUTO,0,45,NaN,1.25,44.27,-0.38,45.14,NaN,NaN,NaN,NaN,NaN,NaN,NaN,NaN,NaN,NaN
894.24,35.99,30.93,36.00,20.00,AUTO,0,45,NaN,1.25,44.27,-0.38,45.14,NaN,NaN,NaN,NaN,NaN,NaN,NaN,NaN,NaN,NaN
895.25,35.99,30.93,36.00,20.00,AUTO,0,45,NaN,1.25,44.27,-0.38,45.14,NaN,NaN,NaN,NaN,NaN,NaN,NaN,NaN,NaN,NaN
896.25,36.00,30.93,36.00,20.00,AUTO,0,45,NaN,1.25,44.27,-0.38,45.14,NaN,NaN,NaN,NaN,NaN,NaN,NaN,NaN,NaN,NaN
897.25,36.00,30.93,36.00,20.00,AUTO,0,45,NaN,1.25,44.27,-0.38,45.14,NaN,NaN,NaN,NaN,NaN,NaN,NaN,NaN,NaN,NaN
898.25,35.99,30.93,36.00,20.00,AUTO,0,45,NaN,1.25,44.27,-0.38,45.14,NaN,NaN,NaN,NaN,NaN,NaN,NaN,NaN,NaN,NaN
899.25,36.02,30.93,36.00,20.00,AUTO,0,45,NaN,1.25,44.27,-0.38,45.14,NaN,NaN,NaN,NaN,NaN,NaN,NaN,NaN,NaN,NaN
900.25,36.02,30.93,36.00,20.00,AUTO,0,45,NaN,1.25,44.27,-0.38,45.14,NaN,NaN,NaN,NaN,NaN,NaN,NaN,NaN,NaN,NaN
901.25,36.02,30.93,36.00,20.00,AUTO,0,45,NaN,1.25,44.27,-0.38,45.14,NaN,NaN,NaN,NaN,NaN,NaN,NaN,NaN,NaN,NaN
902.26,35.97,30.93,36.00,20.00,AUTO,0,42,NaN,-1.00,44.37,-1.50,41.87,NaN,NaN,NaN,NaN,NaN,NaN,NaN,NaN,NaN,NaN
903.26,35.97,30.93,36.00,20.00,AUTO,0,42,NaN,-1.00,44.37,-1.50,41.87,NaN,NaN,NaN,NaN,NaN,NaN,NaN,NaN,NaN,NaN
904.26,35.97,30.93,36.00,20.00,AUTO,0,42,NaN,-1.00,44.37,-1.50,41.87,NaN,NaN,NaN,NaN,NaN,NaN,NaN,NaN,NaN,NaN
905.26,35.96,30.93,36.00,20.00,AUTO,0,42,NaN,-1.00,44.37,-1.50,41.87,NaN,NaN,NaN,NaN,NaN,NaN,NaN,NaN,NaN,NaN
906.26,35.97,30.93,36.00,20.00,AUTO,0,42,NaN,-1.00,44.37,-1.50,41.87,NaN,NaN,NaN,NaN,NaN,NaN,NaN,NaN,NaN,NaN
907.26,35.96,30.97,36.00,20.00,AUTO,0,42,NaN,-1.00,44.37,-1.50,41.87,NaN,NaN,NaN,NaN,NaN,NaN,NaN,NaN,NaN,NaN
908.27,35.96,30.97,36.00,20.00,AUTO,0,42,NaN,-1.00,44.37,-1.50,41.87,NaN,NaN,NaN,NaN,NaN,NaN,NaN,NaN,NaN,NaN
909.27,36.00,30.97,36.00,20.00,AUTO,0,42,NaN,-1.00,44.37,-1.50,41.87,NaN,NaN,NaN,NaN,NaN,NaN,NaN,NaN,NaN,NaN
910.27,36.02,30.97,36.00,20.00,AUTO,0,42,NaN,-1.00,44.37,-1.50,41.87,NaN,NaN,NaN,NaN,NaN,NaN,NaN,NaN,NaN,NaN
911.27,36.02,30.97,36.00,20.00,AUTO,0,42,NaN,-1.00,44.37,-1.50,41.87,NaN,NaN,NaN,NaN,NaN,NaN,NaN,NaN,NaN,NaN
912.27,36.02,30.93,36.00,20.00,AUTO,0,42,NaN,-1.00,44.37,-1.50,41.87,NaN,NaN,NaN,NaN,NaN,NaN,NaN,NaN,NaN,NaN
913.28,36.02,30.93,36.00,20.00,AUTO,0,42,NaN,-1.00,44.37,-1.50,41.87,NaN,NaN,NaN,NaN,NaN,NaN,NaN,NaN,NaN,NaN
914.27,36.02,30.97,36.00,20.00,AUTO,0,42,NaN,-1.00,44.37,-1.50,41.87,NaN,NaN,NaN,NaN,NaN,NaN,NaN,NaN,NaN,NaN
915.28,36.02,30.93,36.00,20.00,AUTO,0,42,NaN,-1.00,44.37,-1.50,41.87,NaN,NaN,NaN,NaN,NaN,NaN,NaN,NaN,NaN,NaN
916.28,36.02,30.97,36.00,20.00,AUTO,0,42,NaN,-1.00,44.37,-1.50,41.87,NaN,NaN,NaN,NaN,NaN,NaN,NaN,NaN,NaN,NaN
917.28,35.98,30.97,36.00,20.00,AUTO,0,43,NaN,-1.00,44.40,-0.69,42.72,NaN,NaN,NaN,NaN,NaN,NaN,NaN,NaN,NaN,NaN
918.28,35.98,30.97,36.00,20.00,AUTO,0,43,NaN,-1.00,44.40,-0.69,42.72,NaN,NaN,NaN,NaN,NaN,NaN,NaN,NaN,NaN,NaN
919.28,35.98,30.97,36.00,20.00,AUTO,0,43,NaN,-1.00,44.40,-0.69,42.72,NaN,NaN,NaN,NaN,NaN,NaN,NaN,NaN,NaN,NaN
920.28,35.98,30.97,36.00,20.00,AUTO,0,43,NaN,-1.00,44.40,-0.69,42.72,NaN,NaN,NaN,NaN,NaN,NaN,NaN,NaN,NaN,NaN
921.29,35.98,30.97,36.00,20.00,AUTO,0,43,NaN,-1.00,44.40,-0.69,42.72,NaN,NaN,NaN,NaN,NaN,NaN,NaN,NaN,NaN,NaN
922.29,35.98,30.97,36.00,20.00,AUTO,0,43,NaN,-1.00,44.40,-0.69,42.72,NaN,NaN,NaN,NaN,NaN,NaN,NaN,NaN,NaN,NaN
923.29,35.99,30.97,36.00,20.00,AUTO,0,43,NaN,-1.00,44.40,-0.69,42.72,NaN,NaN,NaN,NaN,NaN,NaN,NaN,NaN,NaN,NaN
924.29,36.02,30.97,36.00,20.00,AUTO,0,43,NaN,-1.00,44.40,-0.69,42.72,NaN,NaN,NaN,NaN,NaN,NaN,NaN,NaN,NaN,NaN
925.29,36.02,30.97,36.00,20.00,AUTO,0,43,NaN,-1.00,44.40,-0.69,42.72,NaN,NaN,NaN,NaN,NaN,NaN,NaN,NaN,NaN,NaN
926.30,36.02,30.97,36.00,20.00,AUTO,0,43,NaN,-1.00,44.40,-0.69,42.72,NaN,NaN,NaN,NaN,NaN,NaN,NaN,NaN,NaN,NaN
927.30,36.02,30.97,36.00,20.00,AUTO,0,43,NaN,-1.00,44.40,-0.69,42.72,NaN,NaN,NaN,NaN,NaN,NaN,NaN,NaN,NaN,NaN
928.30,36.02,30.97,36.00,20.00,AUTO,0,43,NaN,-1.00,44.40,-0.69,42.72,NaN,NaN,NaN,NaN,NaN,NaN,NaN,NaN,NaN,NaN
929.30,36.02,30.97,36.00,20.00,AUTO,0,43,NaN,-1.00,44.40,-0.69,42.72,NaN,NaN,NaN,NaN,NaN,NaN,NaN,NaN,NaN,NaN
930.30,36.02,30.97,36.00,20.00,AUTO,0,43,NaN,-1.00,44.40,-0.69,42.72,NaN,NaN,NaN,NaN,NaN,NaN,NaN,NaN,NaN,NaN
931.30,36.02,30.97,36.00,20.00,AUTO,0,43,NaN,-1.00,44.40,-0.69,42.72,NaN,NaN,NaN,NaN,NaN,NaN,NaN,NaN,NaN,NaN
932.30,36.02,30.97,36.00,20.00,AUTO,0,43,NaN,-1.00,44.39,-0.33,43.07,NaN,NaN,NaN,NaN,NaN,NaN,NaN,NaN,NaN,NaN
933.30,36.02,30.97,36.00,20.00,AUTO,0,43,NaN,-1.00,44.39,-0.33,43.07,NaN,NaN,NaN,NaN,NaN,NaN,NaN,NaN,NaN,NaN
934.31,36.02,30.97,36.00,20.00,AUTO,0,43,NaN,-1.00,44.39,-0.33,43.07,NaN,NaN,NaN,NaN,NaN,NaN,NaN,NaN,NaN,NaN
935.31,36.02,30.97,36.00,20.00,AUTO,0,43,NaN,-1.00,44.39,-0.33,43.07,NaN,NaN,NaN,NaN,NaN,NaN,NaN,NaN,NaN,NaN
936.31,36.02,30.97,36.00,20.00,AUTO,0,43,NaN,-1.00,44.39,-0.33,43.07,NaN,NaN,NaN,NaN,NaN,NaN,NaN,NaN,NaN,NaN
937.31,36.02,30.97,36.00,20.00,AUTO,0,43,NaN,-1.00,44.39,-0.33,43.07,NaN,NaN,NaN,NaN,NaN,NaN,NaN,NaN,NaN,NaN
938.31,36.02,30.97,36.00,20.00,AUTO,0,43,NaN,-1.00,44.39,-0.33,43.07,NaN,NaN,NaN,NaN,NaN,NaN,NaN,NaN,NaN,NaN
939.32,36.02,30.97,36.00,20.00,AUTO,0,43,NaN,-1.00,44.39,-0.33,43.07,NaN,NaN,NaN,NaN,NaN,NaN,NaN,NaN,NaN,NaN
940.32,36.02,30.97,36.00,20.00,AUTO,0,43,NaN,-1.00,44.39,-0.33,43.07,NaN,NaN,NaN,NaN,NaN,NaN,NaN,NaN,NaN,NaN
941.32,36.02,30.97,36.00,20.00,AUTO,0,43,NaN,-1.00,44.39,-0.33,43.07,NaN,NaN,NaN,NaN,NaN,NaN,NaN,NaN,NaN,NaN
942.32,36.02,30.97,36.00,20.00,AUTO,0,43,NaN,-1.00,44.39,-0.33,43.07,NaN,NaN,NaN,NaN,NaN,NaN,NaN,NaN,NaN,NaN
943.32,36.02,30.97,36.00,20.00,AUTO,0,43,NaN,-1.00,44.39,-0.33,43.07,NaN,NaN,NaN,NaN,NaN,NaN,NaN,NaN,NaN,NaN
944.32,36.02,30.97,36.00,20.00,AUTO,0,43,NaN,-1.00,44.39,-0.33,43.07,NaN,NaN,NaN,NaN,NaN,NaN,NaN,NaN,NaN,NaN
945.33,36.02,30.97,36.00,20.00,AUTO,0,43,NaN,-1.00,44.39,-0.33,43.07,NaN,NaN,NaN,NaN,NaN,NaN,NaN,NaN,NaN,NaN
946.32,36.02,30.97,36.00,20.00,AUTO,0,43,NaN,-1.00,44.39,-0.33,43.07,NaN,NaN,NaN,NaN,NaN,NaN,NaN,NaN,NaN,NaN
947.33,36.02,30.97,36.00,20.00,AUTO,0,43,NaN,-1.00,44.29,0.00,43.29,NaN,NaN,NaN,NaN,NaN,NaN,NaN,NaN,NaN,NaN
948.33,36.02,30.97,36.00,20.00,AUTO,0,43,NaN,-1.00,44.29,0.00,43.29,NaN,NaN,NaN,NaN,NaN,NaN,NaN,NaN,NaN,NaN
949.33,36.02,30.97,36.00,20.00,AUTO,0,43,NaN,-1.00,44.29,0.00,43.29,NaN,NaN,NaN,NaN,NaN,NaN,NaN,NaN,NaN,NaN
950.33,36.02,30.97,36.00,20.00,AUTO,0,43,NaN,-1.00,44.29,0.00,43.29,NaN,NaN,NaN,NaN,NaN,NaN,NaN,NaN,NaN,NaN
951.33,36.02,30.97,36.00,20.00,AUTO,0,43,NaN,-1.00,44.29,0.00,43.29,NaN,NaN,NaN,NaN,NaN,NaN,NaN,NaN,NaN,NaN
952.33,36.02,30.97,36.00,20.00,AUTO,0,43,NaN,-1.00,44.29,0.00,43.29,NaN,NaN,NaN,NaN,NaN,NaN,NaN,NaN,NaN,NaN
953.34,36.02,30.97,36.00,20.00,AUTO,0,43,NaN,-1.00,44.29,0.00,43.29,NaN,NaN,NaN,NaN,NaN,NaN,NaN,NaN,NaN,NaN
954.34,36.02,30.97,36.00,20.00,AUTO,0,43,NaN,-1.00,44.29,0.00,43.29,NaN,NaN,NaN,NaN,NaN,NaN,NaN,NaN,NaN,NaN
955.34,36.02,30.97,36.00,20.00,AUTO,0,43,NaN,-1.00,44.29,0.00,43.29,NaN,NaN,NaN,NaN,NaN,NaN,NaN,NaN,NaN,NaN
956.34,36.02,30.97,36.00,20.00,AUTO,0,43,NaN,-1.00,44.29,0.00,43.29,NaN,NaN,NaN,NaN,NaN,NaN,NaN,NaN,NaN,NaN
957.34,36.02,30.97,36.00,20.00,AUTO,0,43,NaN,-1.00,44.29,0.00,43.29,NaN,NaN,NaN,NaN,NaN,NaN,NaN,NaN,NaN,NaN
958.35,36.02,30.97,36.00,20.00,AUTO,0,43,NaN,-1.00,44.29,0.00,43.29,NaN,NaN,NaN,NaN,NaN,NaN,NaN,NaN,NaN,NaN
959.35,36.02,30.97,36.00,20.00,AUTO,0,43,NaN,-1.00,44.29,0.00,43.29,NaN,NaN,NaN,NaN,NaN,NaN,NaN,NaN,NaN,NaN
960.35,36.02,30.97,36.00,20.00,AUTO,0,43,NaN,-1.00,44.29,0.00,43.29,NaN,NaN,NaN,NaN,NaN,NaN,NaN,NaN,NaN,NaN
961.35,36.02,30.97,36.00,20.00,AUTO,0,43,NaN,-1.00,44.29,0.00,43.29,NaN,NaN,NaN,NaN,NaN,NaN,NaN,NaN,NaN,NaN
962.35,36.02,30.97,36.00,20.00,AUTO,0,43,NaN,-1.00,44.18,0.00,43.18,NaN,NaN,NaN,NaN,NaN,NaN,NaN,NaN,NaN,NaN
963.35,36.02,30.97,36.00,20.00,AUTO,0,43,NaN,-1.00,44.18,0.00,43.18,NaN,NaN,NaN,NaN,NaN,NaN,NaN,NaN,NaN,NaN
964.35,36.02,30.97,36.00,20.00,AUTO,0,43,NaN,-1.00,44.18,0.00,43.18,NaN,NaN,NaN,NaN,NaN,NaN,NaN,NaN,NaN,NaN
965.36,36.02,30.97,36.00,20.00,AUTO,0,43,NaN,-1.00,44.18,0.00,43.18,NaN,NaN,NaN,NaN,NaN,NaN,NaN,NaN,NaN,NaN
966.36,36.02,30.97,36.00,20.00,AUTO,0,43,NaN,-1.00,44.18,0.00,43.18,NaN,NaN,NaN,NaN,NaN,NaN,NaN,NaN,NaN,NaN
967.36,36.02,30.97,36.00,20.00,AUTO,0,43,NaN,-1.00,44.18,0.00,43.18,NaN,NaN,NaN,NaN,NaN,NaN,NaN,NaN,NaN,NaN
968.36,36.02,30.97,36.00,20.00,AUTO,0,43,NaN,-1.00,44.18,0.00,43.18,NaN,NaN,NaN,NaN,NaN,NaN,NaN,NaN,NaN,NaN
969.36,36.02,30.97,36.00,20.00,AUTO,0,43,NaN,-1.00,44.18,0.00,43.18,NaN,NaN,NaN,NaN,NaN,NaN,NaN,NaN,NaN,NaN
970.36,36.02,30.97,36.00,20.00,AUTO,0,43,NaN,-1.00,44.18,0.00,43.18,NaN,NaN,NaN,NaN,NaN,NaN,NaN,NaN,NaN,NaN
971.37,36.02,30.97,36.00,20.00,AUTO,0,43,NaN,-1.00,44.18,0.00,43.18,NaN,NaN,NaN,NaN,NaN,NaN,NaN,NaN,NaN,NaN
972.37,36.02,31.01,36.00,20.00,AUTO,0,43,NaN,-1.00,44.18,0.00,43.18,NaN,NaN,NaN,NaN,NaN,NaN,NaN,NaN,NaN,NaN
973.37,36.02,31.01,36.00,20.00,AUTO,0,43,NaN,-1.00,44.18,0.00,43.18,NaN,NaN,NaN,NaN,NaN,NaN,NaN,NaN,NaN,NaN
974.37,36.02,31.01,36.00,20.00,AUTO,0,43,NaN,-1.00,44.18,0.00,43.18,NaN,NaN,NaN,NaN,NaN,NaN,NaN,NaN,NaN,NaN
975.37,36.02,31.01,36.00,20.00,AUTO,0,43,NaN,-1.00,44.18,0.00,43.18,NaN,NaN,NaN,NaN,NaN,NaN,NaN,NaN,NaN,NaN
976.37,36.02,31.01,36.00,20.00,AUTO,0,43,NaN,-1.00,44.18,0.00,43.18,NaN,NaN,NaN,NaN,NaN,NaN,NaN,NaN,NaN,NaN
977.38,36.02,31.01,36.00,20.00,AUTO,0,43,NaN,-1.00,44.08,0.00,43.08,NaN,NaN,NaN,NaN,NaN,NaN,NaN,NaN,NaN,NaN
978.38,36.02,31.01,36.00,20.00,AUTO,0,43,NaN,-1.00,44.08,0.00,43.08,NaN,NaN,NaN,NaN,NaN,NaN,NaN,NaN,NaN,NaN
979.38,36.02,31.01,36.00,20.00,AUTO,0,43,NaN,-1.00,44.08,0.00,43.08,NaN,NaN,NaN,NaN,NaN,NaN,NaN,NaN,NaN,NaN
980.38,36.02,31.01,36.00,20.00,AUTO,0,43,NaN,-1.00,44.08,0.00,43.08,NaN,NaN,NaN,NaN,NaN,NaN,NaN,NaN,NaN,NaN
981.38,36.02,31.01,36.00,20.00,AUTO,0,43,NaN,-1.00,44.08,0.00,43.08,NaN,NaN,NaN,NaN,NaN,NaN,NaN,NaN,NaN,NaN
982.38,36.02,31.01,36.00,20.00,AUTO,0,43,NaN,-1.00,44.08,0.00,43.08,NaN,NaN,NaN,NaN,NaN,NaN,NaN,NaN,NaN,NaN
983.38,36.02,31.01,36.00,20.00,AUTO,0,43,NaN,-1.00,44.08,0.00,43.08,NaN,NaN,NaN,NaN,NaN,NaN,NaN,NaN,NaN,NaN
984.39,36.02,31.01,36.00,20.00,AUTO,0,43,NaN,-1.00,44.08,0.00,43.08,NaN,NaN,NaN,NaN,NaN,NaN,NaN,NaN,NaN,NaN
985.39,36.02,31.01,36.00,20.00,AUTO,0,43,NaN,-1.00,44.08,0.00,43.08,NaN,NaN,NaN,NaN,NaN,NaN,NaN,NaN,NaN,NaN
986.39,36.02,31.01,36.00,20.00,AUTO,0,43,NaN,-1.00,44.08,0.00,43.08,NaN,NaN,NaN,NaN,NaN,NaN,NaN,NaN,NaN,NaN
987.39,36.02,31.05,36.00,20.00,AUTO,0,43,NaN,-1.00,44.08,0.00,43.08,NaN,NaN,NaN,NaN,NaN,NaN,NaN,NaN,NaN,NaN
988.39,36.02,31.05,36.00,20.00,AUTO,0,43,NaN,-1.00,44.08,0.00,43.08,NaN,NaN,NaN,NaN,NaN,NaN,NaN,NaN,NaN,NaN
989.39,36.02,31.05,36.00,20.00,AUTO,0,43,NaN,-1.00,44.08,0.00,43.08,NaN,NaN,NaN,NaN,NaN,NaN,NaN,NaN,NaN,NaN
990.40,36.02,31.05,36.00,20.00,AUTO,0,43,NaN,-1.00,44.08,0.00,43.08,NaN,NaN,NaN,NaN,NaN,NaN,NaN,NaN,NaN,NaN
991.40,36.02,31.05,36.00,20.00,AUTO,0,43,NaN,-1.00,44.08,0.00,43.08,NaN,NaN,NaN,NaN,NaN,NaN,NaN,NaN,NaN,NaN
992.40,36.02,31.05,36.00,20.00,AUTO,0,43,NaN,-1.00,43.97,0.00,42.97,NaN,NaN,NaN,NaN,NaN,NaN,NaN,NaN,NaN,NaN
993.40,36.02,31.05,36.00,20.00,AUTO,0,43,NaN,-1.00,43.97,0.00,42.97,NaN,NaN,NaN,NaN,NaN,NaN,NaN,NaN,NaN,NaN
994.40,36.02,31.05,36.00,20.00,AUTO,0,43,NaN,-1.00,43.97,0.00,42.97,NaN,NaN,NaN,NaN,NaN,NaN,NaN,NaN,NaN,NaN
995.40,36.02,31.05,36.00,20.00,AUTO,0,43,NaN,-1.00,43.97,0.00,42.97,NaN,NaN,NaN,NaN,NaN,NaN,NaN,NaN,NaN,NaN
996.40,36.02,31.05,36.00,20.00,AUTO,0,43,NaN,-1.00,43.97,0.00,42.97,NaN,NaN,NaN,NaN,NaN,NaN,NaN,NaN,NaN,NaN
997.41,36.02,31.05,36.00,20.00,AUTO,0,43,NaN,-1.00,43.97,0.00,42.97,NaN,NaN,NaN,NaN,NaN,NaN,NaN,NaN,NaN,NaN
998.41,36.02,31.05,36.00,20.00,AUTO,0,43,NaN,-1.00,43.97,0.00,42.97,NaN,NaN,NaN,NaN,NaN,NaN,NaN,NaN,NaN,NaN
999.41,36.02,31.05,36.00,20.00,AUTO,0,43,NaN,-1.00,43.97,0.00,42.97,NaN,NaN,NaN,NaN,NaN,NaN,NaN,NaN,NaN,NaN
1000.41,36.02,31.05,36.00,20.00,AUTO,0,43,NaN,-1.00,43.97,0.00,42.97,NaN,NaN,NaN,NaN,NaN,NaN,NaN,NaN,NaN,NaN
1001.41,36.02,31.05,36.00,20.00,AUTO,0,43,NaN,-1.00,43.97,0.00,42.97,NaN,NaN,NaN,NaN,NaN,NaN,NaN,NaN,NaN,NaN
1002.41,36.02,31.05,36.00,20.00,AUTO,0,43,NaN,-1.00,43.97,0.00,42.97,NaN,NaN,NaN,NaN,NaN,NaN,NaN,NaN,NaN,NaN
1003.42,36.02,31.05,36.00,20.00,AUTO,0,43,NaN,-1.00,43.97,0.00,42.97,NaN,NaN,NaN,NaN,NaN,NaN,NaN,NaN,NaN,NaN
1004.42,36.02,31.05,36.00,20.00,AUTO,0,43,NaN,-1.00,43.97,0.00,42.97,NaN,NaN,NaN,NaN,NaN,NaN,NaN,NaN,NaN,NaN
1005.42,36.02,31.05,36.00,20.00,AUTO,0,43,NaN,-1.00,43.97,0.00,42.97,NaN,NaN,NaN,NaN,NaN,NaN,NaN,NaN,NaN,NaN
1006.42,36.02,31.05,36.00,20.00,AUTO,0,43,NaN,-1.00,43.97,0.00,42.97,NaN,NaN,NaN,NaN,NaN,NaN,NaN,NaN,NaN,NaN
1007.42,36.02,31.05,36.00,20.00,AUTO,0,43,NaN,-1.00,43.87,0.00,42.87,NaN,NaN,NaN,NaN,NaN,NaN,NaN,NaN,NaN,NaN
1008.42,36.02,31.05,36.00,20.00,AUTO,0,43,NaN,-1.00,43.87,0.00,42.87,NaN,NaN,NaN,NaN,NaN,NaN,NaN,NaN,NaN,NaN
1009.43,36.02,31.05,36.00,20.00,AUTO,0,43,NaN,-1.00,43.87,0.00,42.87,NaN,NaN,NaN,NaN,NaN,NaN,NaN,NaN,NaN,NaN
1010.43,36.02,31.05,36.00,20.00,AUTO,0,43,NaN,-1.00,43.87,0.00,42.87,NaN,NaN,NaN,NaN,NaN,NaN,NaN,NaN,NaN,NaN
1011.43,36.02,31.05,36.00,20.00,AUTO,0,43,NaN,-1.00,43.87,0.00,42.87,NaN,NaN,NaN,NaN,NaN,NaN,NaN,NaN,NaN,NaN
1012.43,36.02,31.09,36.00,20.00,AUTO,0,43,NaN,-1.00,43.87,0.00,42.87,NaN,NaN,NaN,NaN,NaN,NaN,NaN,NaN,NaN,NaN
1013.43,36.02,31.09,36.00,20.00,AUTO,0,43,NaN,-1.00,43.87,0.00,42.87,NaN,NaN,NaN,NaN,NaN,NaN,NaN,NaN,NaN,NaN
1014.43,36.02,31.09,36.00,20.00,AUTO,0,43,NaN,-1.00,43.87,0.00,42.87,NaN,NaN,NaN,NaN,NaN,NaN,NaN,NaN,NaN,NaN
1015.43,36.02,31.09,36.00,20.00,AUTO,0,43,NaN,-1.00,43.87,0.00,42.87,NaN,NaN,NaN,NaN,NaN,NaN,NaN,NaN,NaN,NaN
1016.44,36.02,31.09,36.00,20.00,AUTO,0,43,NaN,-1.00,43.87,0.00,42.87,NaN,NaN,NaN,NaN,NaN,NaN,NaN,NaN,NaN,NaN
1017.44,36.02,31.09,36.00,20.00,AUTO,0,43,NaN,-1.00,43.87,0.00,42.87,NaN,NaN,NaN,NaN,NaN,NaN,NaN,NaN,NaN,NaN
1018.44,36.02,31.09,36.00,20.00,AUTO,0,43,NaN,-1.00,43.87,0.00,42.87,NaN,NaN,NaN,NaN,NaN,NaN,NaN,NaN,NaN,NaN
1019.44,36.02,31.09,36.00,20.00,AUTO,0,43,NaN,-1.00,43.87,0.00,42.87,NaN,NaN,NaN,NaN,NaN,NaN,NaN,NaN,NaN,NaN
1020.44,36.02,31.09,36.00,20.00,AUTO,0,43,NaN,-1.00,43.87,0.00,42.87,NaN,NaN,NaN,NaN,NaN,NaN,NaN,NaN,NaN,NaN
1021.44,36.02,31.09,36.00,20.00,AUTO,0,43,NaN,-1.00,43.87,0.00,42.87,NaN,NaN,NaN,NaN,NaN,NaN,NaN,NaN,NaN,NaN
1022.45,36.02,31.09,36.00,20.00,AUTO,0,43,NaN,-1.00,43.76,0.00,42.76,NaN,NaN,NaN,NaN,NaN,NaN,NaN,NaN,NaN,NaN
1023.45,36.02,31.09,36.00,20.00,AUTO,0,43,NaN,-1.00,43.76,0.00,42.76,NaN,NaN,NaN,NaN,NaN,NaN,NaN,NaN,NaN,NaN
1024.45,36.02,31.09,36.00,20.00,AUTO,0,43,NaN,-1.00,43.76,0.00,42.76,NaN,NaN,NaN,NaN,NaN,NaN,NaN,NaN,NaN,NaN
1025.45,36.02,31.13,36.00,20.00,AUTO,0,43,NaN,-1.00,43.76,0.00,42.76,NaN,NaN,NaN,NaN,NaN,NaN,NaN,NaN,NaN,NaN
1026.45,36.02,31.13,36.00,20.00,AUTO,0,43,NaN,-1.00,43.76,0.00,42.76,NaN,NaN,NaN,NaN,NaN,NaN,NaN,NaN,NaN,NaN
1027.45,36.02,31.13,36.00,20.00,AUTO,0,43,NaN,-1.00,43.76,0.00,42.76,NaN,NaN,NaN,NaN,NaN,NaN,NaN,NaN,NaN,NaN
1028.45,36.00,31.13,36.00,20.00,AUTO,0,43,NaN,-1.00,43.76,0.00,42.76,NaN,NaN,NaN,NaN,NaN,NaN,NaN,NaN,NaN,NaN
1029.46,36.02,31.13,36.00,20.00,AUTO,0,43,NaN,-1.00,43.76,0.00,42.76,NaN,NaN,NaN,NaN,NaN,NaN,NaN,NaN,NaN,NaN
1030.46,36.02,31.13,36.00,20.00,AUTO,0,43,NaN,-1.00,43.76,0.00,42.76,NaN,NaN,NaN,NaN,NaN,NaN,NaN,NaN,NaN,NaN
1031.46,36.02,31.13,36.00,20.00,AUTO,0,43,NaN,-1.00,43.76,0.00,42.76,NaN,NaN,NaN,NaN,NaN,NaN,NaN,NaN,NaN,NaN
1032.46,36.02,31.13,36.00,20.00,AUTO,0,43,NaN,-1.00,43.76,0.00,42.76,NaN,NaN,NaN,NaN,NaN,NaN,NaN,NaN,NaN,NaN
1033.46,36.02,31.13,36.00,20.00,AUTO,0,43,NaN,-1.00,43.76,0.00,42.76,NaN,NaN,NaN,NaN,NaN,NaN,NaN,NaN,NaN,NaN
1034.46,36.02,31.13,36.00,20.00,AUTO,0,43,NaN,-1.00,43.76,0.00,42.76,NaN,NaN,NaN,NaN,NaN,NaN,NaN,NaN,NaN,NaN
1035.47,36.02,31.17,36.00,20.00,AUTO,0,43,NaN,-1.00,43.76,0.00,42.76,NaN,NaN,NaN,NaN,NaN,NaN,NaN,NaN,NaN,NaN
1036.47,36.02,31.17,36.00,20.00,AUTO,0,43,NaN,-1.00,43.76,0.00,42.76,NaN,NaN,NaN,NaN,NaN,NaN,NaN,NaN,NaN,NaN
1037.47,35.97,31.17,36.00,20.00,AUTO,0,43,NaN,-1.00,43.67,0.02,42.69,NaN,NaN,NaN,NaN,NaN,NaN,NaN,NaN,NaN,NaN
1038.47,35.97,31.17,36.00,20.00,AUTO,0,43,NaN,-1.00,43.67,0.02,42.69,NaN,NaN,NaN,NaN,NaN,NaN,NaN,NaN,NaN,NaN
1039.47,35.97,31.17,36.00,20.00,AUTO,0,43,NaN,-1.00,43.67,0.02,42.69,NaN,NaN,NaN,NaN,NaN,NaN,NaN,NaN,NaN,NaN
1040.48,35.97,31.17,36.00,20.00,AUTO,0,43,NaN,-1.00,43.67,0.02,42.69,NaN,NaN,NaN,NaN,NaN,NaN,NaN,NaN,NaN,NaN
1041.48,35.96,31.17,36.00,20.00,AUTO,0,43,NaN,-1.00,43.67,0.02,42.69,NaN,NaN,NaN,NaN,NaN,NaN,NaN,NaN,NaN,NaN
1042.48,35.96,31.17,36.00,20.00,AUTO,0,43,NaN,-1.00,43.67,0.02,42.69,NaN,NaN,NaN,NaN,NaN,NaN,NaN,NaN,NaN,NaN
1043.48,35.96,31.17,36.00,20.00,AUTO,0,43,NaN,-1.00,43.67,0.02,42.69,NaN,NaN,NaN,NaN,NaN,NaN,NaN,NaN,NaN,NaN
1044.48,36.00,31.17,36.00,20.00,AUTO,0,43,NaN,-1.00,43.67,0.02,42.69,NaN,NaN,NaN,NaN,NaN,NaN,NaN,NaN,NaN,NaN
1045.48,35.98,31.22,36.00,20.00,AUTO,0,43,NaN,-1.00,43.67,0.02,42.69,NaN,NaN,NaN,NaN,NaN,NaN,NaN,NaN,NaN,NaN
1046.48,35.98,31.22,36.00,20.00,AUTO,0,43,NaN,-1.00,43.67,0.02,42.69,NaN,NaN,NaN,NaN,NaN,NaN,NaN,NaN,NaN,NaN
1047.48,36.00,31.22,36.00,20.00,AUTO,0,43,NaN,-1.00,43.67,0.02,42.69,NaN,NaN,NaN,NaN,NaN,NaN,NaN,NaN,NaN,NaN
1048.49,35.99,31.22,36.00,20.00,AUTO,0,43,NaN,-1.00,43.67,0.02,42.69,NaN,NaN,NaN,NaN,NaN,NaN,NaN,NaN,NaN,NaN
1049.49,35.98,31.22,36.00,20.00,AUTO,0,43,NaN,-1.00,43.67,0.02,42.69,NaN,NaN,NaN,NaN,NaN,NaN,NaN,NaN,NaN,NaN
1050.49,35.98,31.22,36.00,20.00,AUTO,0,43,NaN,-1.00,43.67,0.02,42.69,NaN,NaN,NaN,NaN,NaN,NaN,NaN,NaN,NaN,NaN
1051.49,35.98,31.22,36.00,20.00,AUTO,0,43,NaN,-1.00,43.67,0.02,42.69,NaN,NaN,NaN,NaN,NaN,NaN,NaN,NaN,NaN,NaN
1052.49,35.95,31.22,36.00,20.00,AUTO,0,46,NaN,1.00,43.79,0.89,45.68,NaN,NaN,NaN,NaN,NaN,NaN,NaN,NaN,NaN,NaN
1053.49,35.95,31.22,36.00,20.00,AUTO,0,46,NaN,1.00,43.79,0.89,45.68,NaN,NaN,NaN,NaN,NaN,NaN,NaN,NaN,NaN,NaN
1054.50,35.94,31.22,36.00,20.00,AUTO,0,46,NaN,1.00,43.79,0.89,45.68,NaN,NaN,NaN,NaN,NaN,NaN,NaN,NaN,NaN,NaN
1055.50,35.95,31.22,36.00,20.00,AUTO,0,46,NaN,1.00,43.79,0.89,45.68,NaN,NaN,NaN,NaN,NaN,NaN,NaN,NaN,NaN,NaN
1056.50,35.94,31.22,36.00,20.00,AUTO,0,46,NaN,1.00,43.79,0.89,45.68,NaN,NaN,NaN,NaN,NaN,NaN,NaN,NaN,NaN,NaN
1057.50,35.95,31.22,36.00,20.00,AUTO,0,46,NaN,1.00,43.79,0.89,45.68,NaN,NaN,NaN,NaN,NaN,NaN,NaN,NaN,NaN,NaN
1058.50,35.94,31.22,36.00,20.00,AUTO,0,46,NaN,1.00,43.79,0.89,45.68,NaN,NaN,NaN,NaN,NaN,NaN,NaN,NaN,NaN,NaN
1059.51,35.97,31.22,36.00,20.00,AUTO,0,46,NaN,1.00,43.79,0.89,45.68,NaN,NaN,NaN,NaN,NaN,NaN,NaN,NaN,NaN,NaN
1060.50,35.97,31.22,36.00,20.00,AUTO,0,46,NaN,1.00,43.79,0.89,45.68,NaN,NaN,NaN,NaN,NaN,NaN,NaN,NaN,NaN,NaN
1061.51,35.97,31.22,36.00,20.00,AUTO,0,46,NaN,1.00,43.79,0.89,45.68,NaN,NaN,NaN,NaN,NaN,NaN,NaN,NaN,NaN,NaN
1062.51,35.97,31.22,36.00,20.00,AUTO,0,46,NaN,1.00,43.79,0.89,45.68,NaN,NaN,NaN,NaN,NaN,NaN,NaN,NaN,NaN,NaN
1063.51,35.98,31.22,36.00,20.00,AUTO,0,46,NaN,1.00,43.79,0.89,45.68,NaN,NaN,NaN,NaN,NaN,NaN,NaN,NaN,NaN,NaN
1064.51,35.98,31.22,36.00,20.00,AUTO,0,46,NaN,1.00,43.79,0.89,45.68,NaN,NaN,NaN,NaN,NaN,NaN,NaN,NaN,NaN,NaN
1065.51,35.98,31.22,36.00,20.00,AUTO,0,46,NaN,1.00,43.79,0.89,45.68,NaN,NaN,NaN,NaN,NaN,NaN,NaN,NaN,NaN,NaN
1066.51,35.98,31.22,36.00,20.00,AUTO,0,46,NaN,1.00,43.79,0.89,45.68,NaN,NaN,NaN,NaN,NaN,NaN,NaN,NaN,NaN,NaN
1067.52,35.96,31.22,36.00,20.00,AUTO,0,45,NaN,1.00,43.99,0.08,45.07,NaN,NaN,NaN,NaN,NaN,NaN,NaN,NaN,NaN,NaN
1068.52,35.96,31.22,36.00,20.00,AUTO,0,45,NaN,1.00,43.99,0.08,45.07,NaN,NaN,NaN,NaN,NaN,NaN,NaN,NaN,NaN,NaN
1069.52,35.96,31.22,36.00,20.00,AUTO,0,45,NaN,1.00,43.99,0.08,45.07,NaN,NaN,NaN,NaN,NaN,NaN,NaN,NaN,NaN,NaN
1070.52,35.96,31.25,36.00,20.00,AUTO,0,45,NaN,1.00,43.99,0.08,45.07,NaN,NaN,NaN,NaN,NaN,NaN,NaN,NaN,NaN,NaN
1071.52,35.96,31.25,36.00,20.00,AUTO,0,45,NaN,1.00,43.99,0.08,45.07,NaN,NaN,NaN,NaN,NaN,NaN,NaN,NaN,NaN,NaN
1072.53,35.96,31.25,36.00,20.00,AUTO,0,45,NaN,1.00,43.99,0.08,45.07,NaN,NaN,NaN,NaN,NaN,NaN,NaN,NaN,NaN,NaN
1073.53,35.96,31.25,36.00,20.00,AUTO,0,45,NaN,1.00,43.99,0.08,45.07,NaN,NaN,NaN,NaN,NaN,NaN,NaN,NaN,NaN,NaN
1074.53,35.99,31.25,36.00,20.00,AUTO,0,45,NaN,1.00,43.99,0.08,45.07,NaN,NaN,NaN,NaN,NaN,NaN,NaN,NaN,NaN,NaN
1075.53,36.00,31.25,36.00,20.00,AUTO,0,45,NaN,1.00,43.99,0.08,45.07,NaN,NaN,NaN,NaN,NaN,NaN,NaN,NaN,NaN,NaN
1076.53,36.02,31.25,36.00,20.00,AUTO,0,45,NaN,1.00,43.99,0.08,45.07,NaN,NaN,NaN,NaN,NaN,NaN,NaN,NaN,NaN,NaN
1077.53,36.00,31.25,36.00,20.00,AUTO,0,45,NaN,1.00,43.99,0.08,45.07,NaN,NaN,NaN,NaN,NaN,NaN,NaN,NaN,NaN,NaN
1078.53,36.01,31.25,36.00,20.00,AUTO,0,45,NaN,1.00,43.99,0.08,45.07,NaN,NaN,NaN,NaN,NaN,NaN,NaN,NaN,NaN,NaN
1079.53,35.99,31.25,36.00,20.00,AUTO,0,45,NaN,1.00,43.99,0.08,45.07,NaN,NaN,NaN,NaN,NaN,NaN,NaN,NaN,NaN,NaN
1080.54,36.02,31.25,36.00,20.00,AUTO,0,45,NaN,1.00,43.99,0.08,45.07,NaN,NaN,NaN,NaN,NaN,NaN,NaN,NaN,NaN,NaN
1081.54,36.02,31.25,36.00,20.00,AUTO,0,45,NaN,1.00,43.99,0.08,45.07,NaN,NaN,NaN,NaN,NaN,NaN,NaN,NaN,NaN,NaN
1082.54,35.97,31.25,36.00,20.00,AUTO,0,42,NaN,-1.00,44.07,-1.26,41.81,NaN,NaN,NaN,NaN,NaN,NaN,NaN,NaN,NaN,NaN
1083.54,35.97,31.25,36.00,20.00,AUTO,0,42,NaN,-1.00,44.07,-1.26,41.81,NaN,NaN,NaN,NaN,NaN,NaN,NaN,NaN,NaN,NaN
1084.54,35.97,31.25,36.00,20.00,AUTO,0,42,NaN,-1.00,44.07,-1.26,41.81,NaN,NaN,NaN,NaN,NaN,NaN,NaN,NaN,NaN,NaN
1085.55,35.97,31.25,36.00,20.00,AUTO,0,42,NaN,-1.00,44.07,-1.26,41.81,NaN,NaN,NaN,NaN,NaN,NaN,NaN,NaN,NaN,NaN
1086.55,35.97,31.25,36.00,20.00,AUTO,0,42,NaN,-1.00,44.07,-1.26,41.81,NaN,NaN,NaN,NaN,NaN,NaN,NaN,NaN,NaN,NaN
1087.55,35.96,31.25,36.00,20.00,AUTO,0,42,NaN,-1.00,44.07,-1.26,41.81,NaN,NaN,NaN,NaN,NaN,NaN,NaN,NaN,NaN,NaN
1088.55,35.96,31.25,36.00,20.00,AUTO,0,42,NaN,-1.00,44.07,-1.26,41.81,NaN,NaN,NaN,NaN,NaN,NaN,NaN,NaN,NaN,NaN
1089.55,36.00,31.25,36.00,20.00,AUTO,0,42,NaN,-1.00,44.07,-1.26,41.81,NaN,NaN,NaN,NaN,NaN,NaN,NaN,NaN,NaN,NaN
1090.55,35.99,31.25,36.00,20.00,AUTO,0,42,NaN,-1.00,44.07,-1.26,41.81,NaN,NaN,NaN,NaN,NaN,NaN,NaN,NaN,NaN,NaN
1091.56,36.00,31.25,36.00,20.00,AUTO,0,42,NaN,-1.00,44.07,-1.26,41.81,NaN,NaN,NaN,NaN,NaN,NaN,NaN,NaN,NaN,NaN
