Time_Seconds,Temperature,Humidity,Setpoint_Temperature,Setpoint_Humidity,Ctrl,Error_Code,T_PWM,RH_PWM,T_PID_p,T_PID_i,T_PID_d,T_PID_out,RH_PID_p,RH_PID_i,RH_PID_d,RH_PID_out,T_output,RH_output,T_min_thld,T_max_thld,RH_min_thld,RH_max_thld
0.00,39.09,29.39,36.00,20.00,AUTO,0,0,0,0.00,0.00,0.00,0.00,0.00,0.00,0.00,0.00,NaN,NaN,NaN,NaN,NaN,NaN
0.84,39.08,29.39,36.00,20.00,AUTO,0,0,0,-123.60,0.00,0.00,-73.60,0.00,0.00,0.00,0.00,NaN,NaN,NaN,NaN,NaN,NaN
1.83,39.07,29.39,36.00,20.00,AUTO,0,0,0,-123.60,0.00,0.00,-73.60,0.00,0.00,0.00,0.00,NaN,NaN,NaN,NaN,NaN,NaN
2.84,39.05,29.43,36.00,20.00,MAN,0,0,0,-123.60,0.00,0.00,-73.60,0.00,0.00,0.00,0.00,NaN,NaN,NaN,NaN,NaN,NaN
3.84,39.04,29.43,36.00,20.00,MAN,0,0,0,-123.60,0.00,0.00,-73.60,0.00,0.00,0.00,0.00,NaN,NaN,NaN,NaN,NaN,NaN
4.84,39.00,29.43,36.00,20.00,MAN,0,0,0,-123.60,0.00,0.00,-73.60,0.00,0.00,0.00,0.00,NaN,NaN,NaN,NaN,NaN,NaN
5.84,38.99,29.47,36.00,20.00,MAN,0,0,0,-123.60,0.00,0.00,-73.60,0.00,0.00,0.00,0.00,NaN,NaN,NaN,NaN,NaN,NaN
6.84,38.97,29.47,36.00,20.00,MAN,0,0,0,-123.60,0.00,0.00,-73.60,0.00,0.00,0.00,0.00,NaN,NaN,NaN,NaN,NaN,NaN
7.84,38.96,29.47,36.00,20.00,MAN,0,0,0,-123.60,0.00,0.00,-73.60,0.00,0.00,0.00,0.00,NaN,NaN,NaN,NaN,NaN,NaN
8.84,38.94,29.51,36.00,20.00,MAN,0,0,0,-123.60,0.00,0.00,-73.60,0.00,0.00,0.00,0.00,NaN,NaN,NaN,NaN,NaN,NaN
9.85,38.92,29.54,36.00,20.00,MAN,0,0,0,-123.60,0.00,0.00,-73.60,0.00,0.00,0.00,0.00,NaN,NaN,NaN,NaN,NaN,NaN
10.85,38.90,29.58,36.00,20.00,MAN,0,0,0,-123.60,0.00,0.00,-73.60,0.00,0.00,0.00,0.00,NaN,NaN,NaN,NaN,NaN,NaN
11.85,38.88,29.58,36.00,20.00,MAN,0,0,0,-123.60,0.00,0.00,-73.60,0.00,0.00,0.00,0.00,NaN,NaN,NaN,NaN,NaN,NaN
12.85,38.85,29.61,36.00,20.00,MAN,0,0,0,-123.60,0.00,0.00,-73.60,0.00,0.00,0.00,0.00,NaN,NaN,NaN,NaN,NaN,NaN
13.85,38.83,29.66,36.00,20.00,MAN,0,0,0,-123.60,0.00,0.00,-73.60,0.00,0.00,0.00,0.00,NaN,NaN,NaN,NaN,NaN,NaN
14.85,38.81,29.70,36.00,20.00,MAN,0,0,0,-123.60,0.00,0.00,-73.60,0.00,0.00,0.00,0.00,NaN,NaN,NaN,NaN,NaN,NaN
15.86,38.79,29.70,36.00,20.00,MAN,0,0,0,-123.60,0.00,0.00,-73.60,0.00,0.00,0.00,0.00,NaN,NaN,NaN,NaN,NaN,NaN
16.86,38.77,29.74,36.00,20.00,MAN,0,0,0,-123.60,0.00,0.00,-73.60,0.00,0.00,0.00,0.00,NaN,NaN,NaN,NaN,NaN,NaN
17.86,38.77,29.74,36.00,20.00,MAN,0,0,0,-123.60,0.00,0.00,-73.60,0.00,0.00,0.00,0.00,NaN,NaN,NaN,NaN,NaN,NaN
18.86,38.75,29.78,36.00,20.00,MAN,0,0,0,-123.60,0.00,0.00,-73.60,0.00,0.00,0.00,0.00,NaN,NaN,NaN,NaN,NaN,NaN
19.86,38.71,29.80,36.00,20.00,MAN,0,0,0,-123.60,0.00,0.00,-73.60,0.00,0.00,0.00,0.00,NaN,NaN,NaN,NaN,NaN,NaN
20.86,38.69,29.85,36.00,20.00,MAN,0,0,0,-123.60,0.00,0.00,-73.60,0.00,0.00,0.00,0.00,NaN,NaN,NaN,NaN,NaN,NaN
21.86,38.67,29.85,36.00,20.00,MAN,0,0,0,-123.60,0.00,0.00,-73.60,0.00,0.00,0.00,0.00,NaN,NaN,NaN,NaN,NaN,NaN
22.87,38.65,29.89,36.00,20.00,MAN,0,0,0,-123.60,0.00,0.00,-73.60,0.00,0.00,0.00,0.00,NaN,NaN,NaN,NaN,NaN,NaN
23.87,38.62,29.93,36.00,20.00,MAN,0,0,0,-123.60,0.00,0.00,-73.60,0.00,0.00,0.00,0.00,NaN,NaN,NaN,NaN,NaN,NaN
24.87,38.61,29.93,36.00,20.00,MAN,0,0,0,-123.60,0.00,0.00,-73.60,0.00,0.00,0.00,0.00,NaN,NaN,NaN,NaN,NaN,NaN
25.87,38.59,29.96,36.00,20.00,MAN,0,0,0,-123.60,0.00,0.00,-73.60,0.00,0.00,0.00,0.00,NaN,NaN,NaN,NaN,NaN,NaN
26.87,38.56,30.03,36.00,20.00,MAN,0,0,0,-123.60,0.00,0.00,-73.60,0.00,0.00,0.00,0.00,NaN,NaN,NaN,NaN,NaN,NaN
27.87,38.54,30.08,36.00,20.00,MAN,0,0,0,-123.60,0.00,0.00,-73.60,0.00,0.00,0.00,0.00,NaN,NaN,NaN,NaN,NaN,NaN
28.88,38.51,30.08,36.00,20.00,MAN,0,0,0,-123.60,0.00,0.00,-73.60,0.00,0.00,0.00,0.00,NaN,NaN,NaN,NaN,NaN,NaN
29.88,38.49,30.12,36.00,20.00,MAN,0,0,0,-123.60,0.00,0.00,-73.60,0.00,0.00,0.00,0.00,NaN,NaN,NaN,NaN,NaN,NaN
30.88,38.47,30.12,36.00,20.00,MAN,0,0,0,-123.60,0.00,0.00,-73.60,0.00,0.00,0.00,0.00,NaN,NaN,NaN,NaN,NaN,NaN
31.88,38.45,30.16,36.00,20.00,MAN,0,0,0,-123.60,0.00,0.00,-73.60,0.00,0.00,0.00,0.00,NaN,NaN,NaN,NaN,NaN,NaN
32.88,38.43,30.20,36.00,20.00,MAN,0,0,0,-123.60,0.00,0.00,-73.60,0.00,0.00,0.00,0.00,NaN,NaN,NaN,NaN,NaN,NaN
33.88,38.40,30.19,36.00,20.00,MAN,0,0,0,-123.60,0.00,0.00,-73.60,0.00,0.00,0.00,0.00,NaN,NaN,NaN,NaN,NaN,NaN
34.88,38.38,30.22,36.00,20.00,MAN,0,0,0,-123.60,0.00,0.00,-73.60,0.00,0.00,0.00,0.00,NaN,NaN,NaN,NaN,NaN,NaN
35.89,38.36,30.22,36.00,20.00,MAN,0,0,0,-123.60,0.00,0.00,-73.60,0.00,0.00,0.00,0.00,NaN,NaN,NaN,NaN,NaN,NaN
36.89,38.34,30.26,36.00,20.00,MAN,0,0,0,-123.60,0.00,0.00,-73.60,0.00,0.00,0.00,0.00,NaN,NaN,NaN,NaN,NaN,NaN
37.89,38.31,30.31,36.00,20.00,MAN,0,0,0,-123.60,0.00,0.00,-73.60,0.00,0.00,0.00,0.00,NaN,NaN,NaN,NaN,NaN,NaN
38.89,38.30,30.31,36.00,20.00,MAN,0,0,0,-123.60,0.00,0.00,-73.60,0.00,0.00,0.00,0.00,NaN,NaN,NaN,NaN,NaN,NaN
39.89,38.26,30.35,36.00,20.00,MAN,0,0,0,-123.60,0.00,0.00,-73.60,0.00,0.00,0.00,0.00,NaN,NaN,NaN,NaN,NaN,NaN
40.89,38.24,30.37,36.00,20.00,MAN,0,0,0,-123.60,0.00,0.00,-73.60,0.00,0.00,0.00,0.00,NaN,NaN,NaN,NaN,NaN,NaN
41.90,38.22,30.42,36.00,20.00,MAN,0,0,0,-123.60,0.00,0.00,-73.60,0.00,0.00,0.00,0.00,NaN,NaN,NaN,NaN,NaN,NaN
42.90,38.20,30.42,36.00,20.00,MAN,0,0,0,-123.60,0.00,0.00,-73.60,0.00,0.00,0.00,0.00,NaN,NaN,NaN,NaN,NaN,NaN
43.90,38.18,30.45,36.00,20.00,MAN,0,0,0,-123.60,0.00,0.00,-73.60,0.00,0.00,0.00,0.00,NaN,NaN,NaN,NaN,NaN,NaN
44.90,38.15,30.49,36.00,20.00,MAN,0,0,0,-123.60,0.00,0.00,-73.60,0.00,0.00,0.00,0.00,NaN,NaN,NaN,NaN,NaN,NaN
45.90,38.12,30.49,36.00,20.00,MAN,0,0,0,-123.60,0.00,0.00,-73.60,0.00,0.00,0.00,0.00,NaN,NaN,NaN,NaN,NaN,NaN
46.90,38.10,30.53,36.00,20.00,MAN,0,0,0,-123.60,0.00,0.00,-73.60,0.00,0.00,0.00,0.00,NaN,NaN,NaN,NaN,NaN,NaN
47.91,38.09,30.58,36.00,20.00,MAN,0,0,0,-123.60,0.00,0.00,-73.60,0.00,0.00,0.00,0.00,NaN,NaN,NaN,NaN,NaN,NaN
48.91,38.07,30.56,36.00,20.00,MAN,0,0,0,-123.60,0.00,0.00,-73.60,0.00,0.00,0.00,0.00,NaN,NaN,NaN,NaN,NaN,NaN
49.91,38.04,30.60,36.00,20.00,MAN,0,0,0,-123.60,0.00,0.00,-73.60,0.00,0.00,0.00,0.00,NaN,NaN,NaN,NaN,NaN,NaN
50.91,38.02,30.64,36.00,20.00,MAN,0,0,0,-123.60,0.00,0.00,-73.60,0.00,0.00,0.00,0.00,NaN,NaN,NaN,NaN,NaN,NaN
51.91,38.00,30.68,36.00,20.00,MAN,0,0,0,-123.60,0.00,0.00,-73.60,0.00,0.00,0.00,0.00,NaN,NaN,NaN,NaN,NaN,NaN
52.91,37.97,30.68,36.00,20.00,MAN,0,0,0,-123.60,0.00,0.00,-73.60,0.00,0.00,0.00,0.00,NaN,NaN,NaN,NaN,NaN,NaN
53.91,37.95,30.72,36.00,20.00,MAN,0,0,0,-123.60,0.00,0.00,-73.60,0.00,0.00,0.00,0.00,NaN,NaN,NaN,NaN,NaN,NaN
54.92,37.93,30.76,36.00,20.00,MAN,0,0,0,-123.60,0.00,0.00,-73.60,0.00,0.00,0.00,0.00,NaN,NaN,NaN,NaN,NaN,NaN
55.92,37.91,30.78,36.00,20.00,MAN,0,0,0,-123.60,0.00,0.00,-73.60,0.00,0.00,0.00,0.00,NaN,NaN,NaN,NaN,NaN,NaN
56.92,37.88,30.78,36.00,20.00,MAN,0,0,0,-123.60,0.00,0.00,-73.60,0.00,0.00,0.00,0.00,NaN,NaN,NaN,NaN,NaN,NaN
57.92,37.86,30.83,36.00,20.00,MAN,0,0,0,-123.60,0.00,0.00,-73.60,0.00,0.00,0.00,0.00,NaN,NaN,NaN,NaN,NaN,NaN
58.92,37.86,30.90,36.00,20.00,MAN,0,0,0,-123.60,0.00,0.00,-73.60,0.00,0.00,0.00,0.00,NaN,NaN,NaN,NaN,NaN,NaN
59.92,37.82,30.95,36.00,20.00,MAN,0,0,0,-123.60,0.00,0.00,-73.60,0.00,0.00,0.00,0.00,NaN,NaN,NaN,NaN,NaN,NaN
60.93,37.80,30.95,36.00,20.00,MAN,0,0,0,-123.60,0.00,0.00,-73.60,0.00,0.00,0.00,0.00,NaN,NaN,NaN,NaN,NaN,NaN
61.93,37.77,30.99,36.00,20.00,MAN,0,0,0,-123.60,0.00,0.00,-73.60,0.00,0.00,0.00,0.00,NaN,NaN,NaN,NaN,NaN,NaN
62.93,37.75,31.03,36.00,20.00,MAN,0,0,0,-123.60,0.00,0.00,-73.60,0.00,0.00,0.00,0.00,NaN,NaN,NaN,NaN,NaN,NaN
63.93,37.73,31.06,36.00,20.00,MAN,0,0,0,-123.60,0.00,0.00,-73.60,0.00,0.00,0.00,0.00,NaN,NaN,NaN,NaN,NaN,NaN
64.93,37.71,31.06,36.00,20.00,MAN,0,0,0,-123.60,0.00,0.00,-73.60,0.00,0.00,0.00,0.00,NaN,NaN,NaN,NaN,NaN,NaN
65.93,37.67,31.09,36.00,20.00,MAN,0,0,0,-123.60,0.00,0.00,-73.60,0.00,0.00,0.00,0.00,NaN,NaN,NaN,NaN,NaN,NaN
66.94,37.66,31.13,36.00,20.00,MAN,0,0,0,-123.60,0.00,0.00,-73.60,0.00,0.00,0.00,0.00,NaN,NaN,NaN,NaN,NaN,NaN
67.94,37.64,31.18,36.00,20.00,MAN,0,0,0,-123.60,0.00,0.00,-73.60,0.00,0.00,0.00,0.00,NaN,NaN,NaN,NaN,NaN,NaN
68.94,37.61,31.18,36.00,20.00,MAN,0,0,0,-123.60,0.00,0.00,-73.60,0.00,0.00,0.00,0.00,NaN,NaN,NaN,NaN,NaN,NaN
69.94,37.60,31.22,36.00,20.00,MAN,0,0,0,-123.60,0.00,0.00,-73.60,0.00,0.00,0.00,0.00,NaN,NaN,NaN,NaN,NaN,NaN
70.94,37.58,31.25,36.00,20.00,MAN,0,0,0,-123.60,0.00,0.00,-73.60,0.00,0.00,0.00,0.00,NaN,NaN,NaN,NaN,NaN,NaN
71.94,37.56,31.24,36.00,20.00,MAN,0,0,0,-123.60,0.00,0.00,-73.60,0.00,0.00,0.00,0.00,NaN,NaN,NaN,NaN,NaN,NaN
72.94,37.54,31.28,36.00,20.00,MAN,0,0,0,-123.60,0.00,0.00,-73.60,0.00,0.00,0.00,0.00,NaN,NaN,NaN,NaN,NaN,NaN
73.95,37.51,31.32,36.00,20.00,MAN,0,0,0,-123.60,0.00,0.00,-73.60,0.00,0.00,0.00,0.00,NaN,NaN,NaN,NaN,NaN,NaN
74.95,37.48,31.32,36.00,20.00,MAN,0,0,0,-123.60,0.00,0.00,-73.60,0.00,0.00,0.00,0.00,NaN,NaN,NaN,NaN,NaN,NaN
75.95,37.47,31.36,36.00,20.00,MAN,0,0,0,-123.60,0.00,0.00,-73.60,0.00,0.00,0.00,0.00,NaN,NaN,NaN,NaN,NaN,NaN
76.95,37.44,31.40,36.00,20.00,MAN,0,0,0,-123.60,0.00,0.00,-73.60,0.00,0.00,0.00,0.00,NaN,NaN,NaN,NaN,NaN,NaN
77.95,37.42,31.40,36.00,20.00,MAN,0,0,0,-123.60,0.00,0.00,-73.60,0.00,0.00,0.00,0.00,NaN,NaN,NaN,NaN,NaN,NaN
78.95,37.40,31.44,36.00,20.00,MAN,0,0,0,-123.60,0.00,0.00,-73.60,0.00,0.00,0.00,0.00,NaN,NaN,NaN,NaN,NaN,NaN
79.96,37.38,31.48,36.00,20.00,MAN,0,0,0,-123.60,0.00,0.00,-73.60,0.00,0.00,0.00,0.00,NaN,NaN,NaN,NaN,NaN,NaN
80.96,37.35,31.51,36.00,20.00,MAN,0,0,0,-123.60,0.00,0.00,-73.60,0.00,0.00,0.00,0.00,NaN,NaN,NaN,NaN,NaN,NaN
81.96,37.34,31.51,36.00,20.00,MAN,0,0,0,-123.60,0.00,0.00,-73.60,0.00,0.00,0.00,0.00,NaN,NaN,NaN,NaN,NaN,NaN
82.96,37.32,31.54,36.00,20.00,MAN,0,0,0,-123.60,0.00,0.00,-73.60,0.00,0.00,0.00,0.00,NaN,NaN,NaN,NaN,NaN,NaN
83.96,37.29,31.59,36.00,20.00,MAN,0,0,0,-123.60,0.00,0.00,-73.60,0.00,0.00,0.00,0.00,NaN,NaN,NaN,NaN,NaN,NaN
84.97,37.27,31.63,36.00,20.00,MAN,0,0,0,-123.60,0.00,0.00,-73.60,0.00,0.00,0.00,0.00,NaN,NaN,NaN,NaN,NaN,NaN
85.97,37.25,31.63,36.00,20.00,MAN,0,0,0,-123.60,0.00,0.00,-73.60,0.00,0.00,0.00,0.00,NaN,NaN,NaN,NaN,NaN,NaN
86.97,37.22,31.65,36.00,20.00,MAN,0,0,0,-123.60,0.00,0.00,-73.60,0.00,0.00,0.00,0.00,NaN,NaN,NaN,NaN,NaN,NaN
87.97,37.21,31.69,36.00,20.00,MAN,0,0,0,-123.60,0.00,0.00,-73.60,0.00,0.00,0.00,0.00,NaN,NaN,NaN,NaN,NaN,NaN
88.97,37.18,31.77,36.00,20.00,MAN,0,0,0,-123.60,0.00,0.00,-73.60,0.00,0.00,0.00,0.00,NaN,NaN,NaN,NaN,NaN,NaN
89.97,37.16,31.77,36.00,20.00,MAN,0,0,0,-123.60,0.00,0.00,-73.60,0.00,0.00,0.00,0.00,NaN,NaN,NaN,NaN,NaN,NaN
90.97,37.14,31.81,36.00,20.00,MAN,0,0,0,-123.60,0.00,0.00,-73.60,0.00,0.00,0.00,0.00,NaN,NaN,NaN,NaN,NaN,NaN
91.97,37.13,31.86,36.00,20.00,MAN,0,0,0,-123.60,0.00,0.00,-73.60,0.00,0.00,0.00,0.00,NaN,NaN,NaN,NaN,NaN,NaN
92.98,37.10,31.86,36.00,20.00,MAN,0,0,0,-123.60,0.00,0.00,-73.60,0.00,0.00,0.00,0.00,NaN,NaN,NaN,NaN,NaN,NaN
93.98,37.07,31.90,36.00,20.00,MAN,0,0,0,-123.60,0.00,0.00,-73.60,0.00,0.00,0.00,0.00,NaN,NaN,NaN,NaN,NaN,NaN
94.98,37.06,31.93,36.00,20.00,MAN,0,0,0,-123.60,0.00,0.00,-73.60,0.00,0.00,0.00,0.00,NaN,NaN,NaN,NaN,NaN,NaN
95.98,37.03,31.92,36.00,20.00,MAN,0,0,0,-123.60,0.00,0.00,-73.60,0.00,0.00,0.00,0.00,NaN,NaN,NaN,NaN,NaN,NaN
96.98,37.02,31.96,36.00,20.00,MAN,0,0,0,-123.60,0.00,0.00,-73.60,0.00,0.00,0.00,0.00,NaN,NaN,NaN,NaN,NaN,NaN
97.98,37.00,32.00,36.00,20.00,MAN,0,0,0,-123.60,0.00,0.00,-73.60,0.00,0.00,0.00,0.00,NaN,NaN,NaN,NaN,NaN,NaN
98.99,36.98,32.04,36.00,20.00,MAN,0,0,0,-123.60,0.00,0.00,-73.60,0.00,0.00,0.00,0.00,NaN,NaN,NaN,NaN,NaN,NaN
99.99,36.96,32.04,36.00,20.00,MAN,0,0,0,-123.60,0.00,0.00,-73.60,0.00,0.00,0.00,0.00,NaN,NaN,NaN,NaN,NaN,NaN
100.99,36.93,32.08,36.00,20.00,MAN,0,0,0,-123.60,0.00,0.00,-73.60,0.00,0.00,0.00,0.00,NaN,NaN,NaN,NaN,NaN,NaN
101.99,36.91,32.12,36.00,20.00,MAN,0,0,0,-123.60,0.00,0.00,-73.60,0.00,0.00,0.00,0.00,NaN,NaN,NaN,NaN,NaN,NaN
102.99,36.88,32.16,36.00,20.00,MAN,0,0,0,-123.60,0.00,0.00,-73.60,0.00,0.00,0.00,0.00,NaN,NaN,NaN,NaN,NaN,NaN
103.99,36.86,32.15,36.00,20.00,MAN,0,0,0,-123.60,0.00,0.00,-73.60,0.00,0.00,0.00,0.00,NaN,NaN,NaN,NaN,NaN,NaN
104.99,36.84,32.19,36.00,20.00,MAN,0,0,0,-123.60,0.00,0.00,-73.60,0.00,0.00,0.00,0.00,NaN,NaN,NaN,NaN,NaN,NaN
106.00,36.82,32.23,36.00,20.00,MAN,0,0,0,-123.60,0.00,0.00,-73.60,0.00,0.00,0.00,0.00,NaN,NaN,NaN,NaN,NaN,NaN
107.00,36.81,32.23,36.00,20.00,MAN,0,0,0,-123.60,0.00,0.00,-73.60,0.00,0.00,0.00,0.00,NaN,NaN,NaN,NaN,NaN,NaN
108.00,36.78,32.27,36.00,20.00,MAN,0,0,0,-123.60,0.00,0.00,-73.60,0.00,0.00,0.00,0.00,NaN,NaN,NaN,NaN,NaN,NaN
109.00,36.75,32.31,36.00,20.00,MAN,0,0,0,-123.60,0.00,0.00,-73.60,0.00,0.00,0.00,0.00,NaN,NaN,NaN,NaN,NaN,NaN
110.00,36.74,32.31,36.00,20.00,MAN,0,0,0,-123.60,0.00,0.00,-73.60,0.00,0.00,0.00,0.00,NaN,NaN,NaN,NaN,NaN,NaN
111.00,36.72,32.35,36.00,20.00,MAN,0,0,0,-123.60,0.00,0.00,-73.60,0.00,0.00,0.00,0.00,NaN,NaN,NaN,NaN,NaN,NaN
112.01,36.71,32.39,36.00,20.00,MAN,0,0,0,-123.60,0.00,0.00,-73.60,0.00,0.00,0.00,0.00,NaN,NaN,NaN,NaN,NaN,NaN
113.01,36.70,32.38,36.00,20.00,MAN,0,0,0,-123.60,0.00,0.00,-73.60,0.00,0.00,0.00,0.00,NaN,NaN,NaN,NaN,NaN,NaN
114.01,36.67,32.41,36.00,20.00,MAN,0,0,0,-123.60,0.00,0.00,-73.60,0.00,0.00,0.00,0.00,NaN,NaN,NaN,NaN,NaN,NaN
115.01,36.66,32.45,36.00,20.00,MAN,0,0,0,-123.60,0.00,0.00,-73.60,0.00,0.00,0.00,0.00,NaN,NaN,NaN,NaN,NaN,NaN
116.01,36.63,32.49,36.00,20.00,MAN,0,0,0,-123.60,0.00,0.00,-73.60,0.00,0.00,0.00,0.00,NaN,NaN,NaN,NaN,NaN,NaN
117.01,36.61,32.49,36.00,20.00,MAN,0,0,0,-123.60,0.00,0.00,-73.60,0.00,0.00,0.00,0.00,NaN,NaN,NaN,NaN,NaN,NaN
118.01,36.59,32.54,36.00,20.00,MAN,0,0,0,-123.60,0.00,0.00,-73.60,0.00,0.00,0.00,0.00,NaN,NaN,NaN,NaN,NaN,NaN
119.02,36.57,32.54,36.00,20.00,MAN,0,0,0,-123.60,0.00,0.00,-73.60,0.00,0.00,0.00,0.00,NaN,NaN,NaN,NaN,NaN,NaN
120.02,36.56,32.57,36.00,20.00,MAN,0,0,0,-123.60,0.00,0.00,-73.60,0.00,0.00,0.00,0.00,NaN,NaN,NaN,NaN,NaN,NaN
121.02,36.54,32.60,36.00,20.00,MAN,0,0,0,-123.60,0.00,0.00,-73.60,0.00,0.00,0.00,0.00,NaN,NaN,NaN,NaN,NaN,NaN
122.02,36.52,32.68,36.00,20.00,MAN,0,0,0,-123.60,0.00,0.00,-73.60,0.00,0.00,0.00,0.00,NaN,NaN,NaN,NaN,NaN,NaN
123.02,36.51,32.68,36.00,20.00,MAN,0,0,0,-123.60,0.00,0.00,-73.60,0.00,0.00,0.00,0.00,NaN,NaN,NaN,NaN,NaN,NaN
124.02,36.48,32.72,36.00,20.00,MAN,0,0,0,-123.60,0.00,0.00,-73.60,0.00,0.00,0.00,0.00,NaN,NaN,NaN,NaN,NaN,NaN
125.03,36.46,32.76,36.00,20.00,MAN,0,0,0,-123.60,0.00,0.00,-73.60,0.00,0.00,0.00,0.00,NaN,NaN,NaN,NaN,NaN,NaN
126.03,36.45,32.76,36.00,20.00,MAN,0,0,0,-123.60,0.00,0.00,-73.60,0.00,0.00,0.00,0.00,NaN,NaN,NaN,NaN,NaN,NaN
127.03,36.43,32.80,36.00,20.00,MAN,0,0,0,-123.60,0.00,0.00,-73.60,0.00,0.00,0.00,0.00,NaN,NaN,NaN,NaN,NaN,NaN
128.03,36.41,32.80,36.00,20.00,MAN,0,0,0,-123.60,0.00,0.00,-73.60,0.00,0.00,0.00,0.00,NaN,NaN,NaN,NaN,NaN,NaN
129.03,36.39,32.84,36.00,20.00,MAN,0,0,0,-123.60,0.00,0.00,-73.60,0.00,0.00,0.00,0.00,NaN,NaN,NaN,NaN,NaN,NaN
130.03,36.37,32.88,36.00,20.00,MAN,0,0,0,-123.60,0.00,0.00,-73.60,0.00,0.00,0.00,0.00,NaN,NaN,NaN,NaN,NaN,NaN
131.04,36.36,32.86,36.00,20.00,MAN,0,0,0,-123.60,0.00,0.00,-73.60,0.00,0.00,0.00,0.00,NaN,NaN,NaN,NaN,NaN,NaN
132.04,36.33,32.90,36.00,20.00,MAN,0,0,0,-123.60,0.00,0.00,-73.60,0.00,0.00,0.00,0.00,NaN,NaN,NaN,NaN,NaN,NaN
133.04,36.32,32.90,36.00,20.00,MAN,0,0,0,-123.60,0.00,0.00,-73.60,0.00,0.00,0.00,0.00,NaN,NaN,NaN,NaN,NaN,NaN
134.04,36.30,32.94,36.00,20.00,MAN,0,0,0,-123.60,0.00,0.00,-73.60,0.00,0.00,0.00,0.00,NaN,NaN,NaN,NaN,NaN,NaN
135.04,36.28,32.99,36.00,20.00,MAN,0,0,0,-123.60,0.00,0.00,-73.60,0.00,0.00,0.00,0.00,NaN,NaN,NaN,NaN,NaN,NaN
136.04,36.27,32.99,36.00,20.00,MAN,0,0,0,-123.60,0.00,0.00,-73.60,0.00,0.00,0.00,0.00,NaN,NaN,NaN,NaN,NaN,NaN
137.04,36.25,33.02,36.00,20.00,MAN,0,0,0,-123.60,0.00,0.00,-73.60,0.00,0.00,0.00,0.00,NaN,NaN,NaN,NaN,NaN,NaN
138.05,36.23,33.06,36.00,20.00,MAN,0,0,0,-123.60,0.00,0.00,-73.60,0.00,0.00,0.00,0.00,NaN,NaN,NaN,NaN,NaN,NaN
139.05,36.22,33.06,36.00,20.00,MAN,0,0,0,-123.60,0.00,0.00,-73.60,0.00,0.00,0.00,0.00,NaN,NaN,NaN,NaN,NaN,NaN
140.05,36.19,33.09,36.00,20.00,MAN,0,0,0,-123.60,0.00,0.00,-73.60,0.00,0.00,0.00,0.00,NaN,NaN,NaN,NaN,NaN,NaN
141.05,36.17,33.09,36.00,20.00,MAN,0,0,0,-123.60,0.00,0.00,-73.60,0.00,0.00,0.00,0.00,NaN,NaN,NaN,NaN,NaN,NaN
142.05,36.16,33.13,36.00,20.00,MAN,0,0,0,-123.60,0.00,0.00,-73.60,0.00,0.00,0.00,0.00,NaN,NaN,NaN,NaN,NaN,NaN
143.05,36.14,33.17,36.00,20.00,MAN,0,0,0,-123.60,0.00,0.00,-73.60,0.00,0.00,0.00,0.00,NaN,NaN,NaN,NaN,NaN,NaN
144.06,36.12,33.17,36.00,20.00,MAN,0,0,0,-123.60,0.00,0.00,-73.60,0.00,0.00,0.00,0.00,NaN,NaN,NaN,NaN,NaN,NaN
145.06,36.10,33.21,36.00,20.00,MAN,0,0,0,-123.60,0.00,0.00,-73.60,0.00,0.00,0.00,0.00,NaN,NaN,NaN,NaN,NaN,NaN
146.06,36.09,33.21,36.00,20.00,MAN,0,0,0,-123.60,0.00,0.00,-73.60,0.00,0.00,0.00,0.00,NaN,NaN,NaN,NaN,NaN,NaN
147.06,36.07,33.25,36.00,20.00,MAN,0,0,0,-123.60,0.00,0.00,-73.60,0.00,0.00,0.00,0.00,NaN,NaN,NaN,NaN,NaN,NaN
148.06,36.03,33.29,36.00,20.00,MAN,0,0,0,-123.60,0.00,0.00,-73.60,0.00,0.00,0.00,0.00,NaN,NaN,NaN,NaN,NaN,NaN
149.07,36.03,33.28,36.00,20.00,MAN,0,0,0,-123.60,0.00,0.00,-73.60,0.00,0.00,0.00,0.00,NaN,NaN,NaN,NaN,NaN,NaN
150.06,36.02,33.31,36.00,20.00,MAN,0,0,0,-123.60,0.00,0.00,-73.60,0.00,0.00,0.00,0.00,NaN,NaN,NaN,NaN,NaN,NaN
151.07,36.02,33.31,36.00,20.00,MAN,0,0,0,-123.60,0.00,0.00,-73.60,0.00,0.00,0.00,0.00,NaN,NaN,NaN,NaN,NaN,NaN
152.07,36.02,33.35,36.00,20.00,MAN,0,0,0,-123.60,0.00,0.00,-73.60,0.00,0.00,0.00,0.00,NaN,NaN,NaN,NaN,NaN,NaN
153.07,36.02,33.39,36.00,20.00,MAN,0,0,0,-123.60,0.00,0.00,-73.60,0.00,0.00,0.00,0.00,NaN,NaN,NaN,NaN,NaN,NaN
154.07,35.99,33.44,36.00,20.00,MAN,0,0,0,-123.60,0.00,0.00,-73.60,0.00,0.00,0.00,0.00,NaN,NaN,NaN,NaN,NaN,NaN
155.07,35.96,33.44,36.00,20.00,MAN,0,0,0,-123.60,0.00,0.00,-73.60,0.00,0.00,0.00,0.00,NaN,NaN,NaN,NaN,NaN,NaN
156.07,35.94,33.44,36.00,20.00,MAN,0,0,0,-123.60,0.00,0.00,-73.60,0.00,0.00,0.00,0.00,NaN,NaN,NaN,NaN,NaN,NaN
157.08,35.92,33.44,36.00,20.00,MAN,0,0,0,-123.60,0.00,0.00,-73.60,0.00,0.00,0.00,0.00,NaN,NaN,NaN,NaN,NaN,NaN
158.08,35.90,33.51,36.00,20.00,MAN,0,0,0,-123.60,0.00,0.00,-73.60,0.00,0.00,0.00,0.00,NaN,NaN,NaN,NaN,NaN,NaN
159.08,35.88,33.51,36.00,20.00,MAN,0,0,0,-123.60,0.00,0.00,-73.60,0.00,0.00,0.00,0.00,NaN,NaN,NaN,NaN,NaN,NaN
160.08,35.87,33.56,36.00,20.00,MAN,0,0,0,-123.60,0.00,0.00,-73.60,0.00,0.00,0.00,0.00,NaN,NaN,NaN,NaN,NaN,NaN
161.08,35.86,33.60,36.00,20.00,MAN,0,0,0,-123.60,0.00,0.00,-73.60,0.00,0.00,0.00,0.00,NaN,NaN,NaN,NaN,NaN,NaN
162.08,35.84,33.58,36.00,20.00,MAN,0,0,0,-123.60,0.00,0.00,-73.60,0.00,0.00,0.00,0.00,NaN,NaN,NaN,NaN,NaN,NaN
163.09,35.83,33.62,36.00,20.00,MAN,0,0,0,-123.60,0.00,0.00,-73.60,0.00,0.00,0.00,0.00,NaN,NaN,NaN,NaN,NaN,NaN
164.09,35.81,33.66,36.00,20.00,MAN,0,0,0,-123.60,0.00,0.00,-73.60,0.00,0.00,0.00,0.00,NaN,NaN,NaN,NaN,NaN,NaN
165.09,35.80,33.70,36.00,20.00,MAN,0,0,0,-123.60,0.00,0.00,-73.60,0.00,0.00,0.00,0.00,NaN,NaN,NaN,NaN,NaN,NaN
166.09,35.78,33.70,36.00,20.00,MAN,0,0,0,-123.60,0.00,0.00,-73.60,0.00,0.00,0.00,0.00,NaN,NaN,NaN,NaN,NaN,NaN
167.09,35.77,33.74,36.00,20.00,MAN,0,0,0,-123.60,0.00,0.00,-73.60,0.00,0.00,0.00,0.00,NaN,NaN,NaN,NaN,NaN,NaN
168.09,35.74,33.74,36.00,20.00,MAN,0,0,0,-123.60,0.00,0.00,-73.60,0.00,0.00,0.00,0.00,NaN,NaN,NaN,NaN,NaN,NaN
169.09,35.73,33.78,36.00,20.00,MAN,0,0,0,-123.60,0.00,0.00,-73.60,0.00,0.00,0.00,0.00,NaN,NaN,NaN,NaN,NaN,NaN
170.10,35.72,33.83,36.00,20.00,MAN,0,0,0,-123.60,0.00,0.00,-73.60,0.00,0.00,0.00,0.00,NaN,NaN,NaN,NaN,NaN,NaN
171.10,35.70,33.83,36.00,20.00,MAN,0,0,0,-123.60,0.00,0.00,-73.60,0.00,0.00,0.00,0.00,NaN,NaN,NaN,NaN,NaN,NaN
172.10,35.69,33.86,36.00,20.00,MAN,0,0,0,-123.60,0.00,0.00,-73.60,0.00,0.00,0.00,0.00,NaN,NaN,NaN,NaN,NaN,NaN
173.10,35.68,33.85,36.00,20.00,MAN,0,0,0,-123.60,0.00,0.00,-73.60,0.00,0.00,0.00,0.00,NaN,NaN,NaN,NaN,NaN,NaN
174.10,35.66,33.89,36.00,20.00,MAN,0,0,0,-123.60,0.00,0.00,-73.60,0.00,0.00,0.00,0.00,NaN,NaN,NaN,NaN,NaN,NaN
175.10,35.65,33.89,36.00,20.00,MAN,0,0,0,-123.60,0.00,0.00,-73.60,0.00,0.00,0.00,0.00,NaN,NaN,NaN,NaN,NaN,NaN
176.11,35.63,33.92,36.00,20.00,MAN,0,0,0,-123.60,0.00,0.00,-73.60,0.00,0.00,0.00,0.00,NaN,NaN,NaN,NaN,NaN,NaN
177.11,35.62,33.92,36.00,20.00,MAN,0,0,0,-123.60,0.00,0.00,-73.60,0.00,0.00,0.00,0.00,NaN,NaN,NaN,NaN,NaN,NaN
178.11,35.60,33.96,36.00,20.00,MAN,0,0,0,-123.60,0.00,0.00,-73.60,0.00,0.00,0.00,0.00,NaN,NaN,NaN,NaN,NaN,NaN
179.11,35.58,34.01,36.00,20.00,MAN,0,0,0,-123.60,0.00,0.00,-73.60,0.00,0.00,0.00,0.00,NaN,NaN,NaN,NaN,NaN,NaN
180.11,35.57,34.01,36.00,20.00,MAN,0,0,0,-123.60,0.00,0.00,-73.60,0.00,0.00,0.00,0.00,NaN,NaN,NaN,NaN,NaN,NaN
181.11,35.55,34.05,36.00,20.00,MAN,0,0,0,-123.60,0.00,0.00,-73.60,0.00,0.00,0.00,0.00,NaN,NaN,NaN,NaN,NaN,NaN
182.12,35.55,34.05,36.00,20.00,MAN,0,0,0,-123.60,0.00,0.00,-73.60,0.00,0.00,0.00,0.00,NaN,NaN,NaN,NaN,NaN,NaN
183.12,35.53,34.08,36.00,20.00,MAN,0,0,0,-123.60,0.00,0.00,-73.60,0.00,0.00,0.00,0.00,NaN,NaN,NaN,NaN,NaN,NaN
184.12,35.52,34.13,36.00,20.00,MAN,0,0,0,-123.60,0.00,0.00,-73.60,0.00,0.00,0.00,0.00,NaN,NaN,NaN,NaN,NaN,NaN
185.12,35.50,34.11,36.00,20.00,MAN,0,0,0,-123.60,0.00,0.00,-73.60,0.00,0.00,0.00,0.00,NaN,NaN,NaN,NaN,NaN,NaN
186.12,35.49,34.15,36.00,20.00,MAN,0,0,0,-123.60,0.00,0.00,-73.60,0.00,0.00,0.00,0.00,NaN,NaN,NaN,NaN,NaN,NaN
187.12,35.48,34.15,36.00,20.00,MAN,0,0,0,-123.60,0.00,0.00,-73.60,0.00,0.00,0.00,0.00,NaN,NaN,NaN,NaN,NaN,NaN
188.12,35.47,34.19,36.00,20.00,MAN,0,0,0,-123.60,0.00,0.00,-73.60,0.00,0.00,0.00,0.00,NaN,NaN,NaN,NaN,NaN,NaN
189.13,35.44,34.19,36.00,20.00,MAN,0,0,0,-123.60,0.00,0.00,-73.60,0.00,0.00,0.00,0.00,NaN,NaN,NaN,NaN,NaN,NaN
190.13,35.43,34.19,36.00,20.00,MAN,0,0,0,-123.60,0.00,0.00,-73.60,0.00,0.00,0.00,0.00,NaN,NaN,NaN,NaN,NaN,NaN
191.13,35.42,34.23,36.00,20.00,MAN,0,0,0,-123.60,0.00,0.00,-73.60,0.00,0.00,0.00,0.00,NaN,NaN,NaN,NaN,NaN,NaN
192.13,35.40,34.23,36.00,20.00,MAN,0,0,0,-123.60,0.00,0.00,-73.60,0.00,0.00,0.00,0.00,NaN,NaN,NaN,NaN,NaN,NaN
193.13,35.39,34.27,36.00,20.00,MAN,0,0,0,-123.60,0.00,0.00,-73.60,0.00,0.00,0.00,0.00,NaN,NaN,NaN,NaN,NaN,NaN
194.13,35.38,34.27,36.00,20.00,MAN,0,0,0,-123.60,0.00,0.00,-73.60,0.00,0.00,0.00,0.00,NaN,NaN,NaN,NaN,NaN,NaN
195.14,35.37,34.31,36.00,20.00,MAN,0,0,0,-123.60,0.00,0.00,-73.60,0.00,0.00,0.00,0.00,NaN,NaN,NaN,NaN,NaN,NaN
196.14,35.35,34.31,36.00,20.00,MAN,0,0,0,-123.60,0.00,0.00,-73.60,0.00,0.00,0.00,0.00,NaN,NaN,NaN,NaN,NaN,NaN
197.14,35.34,34.35,36.00,20.00,MAN,0,0,0,-123.60,0.00,0.00,-73.60,0.00,0.00,0.00,0.00,NaN,NaN,NaN,NaN,NaN,NaN
198.14,35.33,34.34,36.00,20.00,MAN,0,0,0,-123.60,0.00,0.00,-73.60,0.00,0.00,0.00,0.00,NaN,NaN,NaN,NaN,NaN,NaN
199.14,35.31,34.41,36.00,20.00,MAN,0,0,0,-123.60,0.00,0.00,-73.60,0.00,0.00,0.00,0.00,NaN,NaN,NaN,NaN,NaN,NaN
200.15,35.29,34.46,36.00,20.00,MAN,0,0,0,-123.60,0.00,0.00,-73.60,0.00,0.00,0.00,0.00,NaN,NaN,NaN,NaN,NaN,NaN
201.14,35.28,34.46,36.00,20.00,MAN,0,0,0,-123.60,0.00,0.00,-73.60,0.00,0.00,0.00,0.00,NaN,NaN,NaN,NaN,NaN,NaN
202.15,35.26,34.50,36.00,20.00,MAN,0,0,0,-123.60,0.00,0.00,-73.60,0.00,0.00,0.00,0.00,NaN,NaN,NaN,NaN,NaN,NaN
203.15,35.25,34.50,36.00,20.00,MAN,0,0,0,-123.60,0.00,0.00,-73.60,0.00,0.00,0.00,0.00,NaN,NaN,NaN,NaN,NaN,NaN
204.15,35.25,34.53,36.00,20.00,MAN,0,0,0,-123.60,0.00,0.00,-73.60,0.00,0.00,0.00,0.00,NaN,NaN,NaN,NaN,NaN,NaN
205.15,35.24,34.53,36.00,20.00,MAN,0,0,0,-123.60,0.00,0.00,-73.60,0.00,0.00,0.00,0.00,NaN,NaN,NaN,NaN,NaN,NaN
206.15,35.22,34.57,36.00,20.00,MAN,0,0,0,-123.60,0.00,0.00,-73.60,0.00,0.00,0.00,0.00,NaN,NaN,NaN,NaN,NaN,NaN
207.15,35.21,34.57,36.00,20.00,MAN,0,0,0,-123.60,0.00,0.00,-73.60,0.00,0.00,0.00,0.00,NaN,NaN,NaN,NaN,NaN,NaN
208.16,35.20,34.62,36.00,20.00,MAN,0,0,0,-123.60,0.00,0.00,-73.60,0.00,0.00,0.00,0.00,NaN,NaN,NaN,NaN,NaN,NaN
209.16,35.19,34.62,36.00,20.00,MAN,0,0,0,-123.60,0.00,0.00,-73.60,0.00,0.00,0.00,0.00,NaN,NaN,NaN,NaN,NaN,NaN
210.16,35.16,34.62,36.00,20.00,MAN,0,0,0,-123.60,0.00,0.00,-73.60,0.00,0.00,0.00,0.00,NaN,NaN,NaN,NaN,NaN,NaN
211.16,35.15,34.64,36.00,20.00,MAN,0,0,0,-123.60,0.00,0.00,-73.60,0.00,0.00,0.00,0.00,NaN,NaN,NaN,NaN,NaN,NaN
212.16,35.14,34.64,36.00,20.00,MAN,0,0,0,-123.60,0.00,0.00,-73.60,0.00,0.00,0.00,0.00,NaN,NaN,NaN,NaN,NaN,NaN
213.16,35.13,34.68,36.00,20.00,MAN,0,0,0,-123.60,0.00,0.00,-73.60,0.00,0.00,0.00,0.00,NaN,NaN,NaN,NaN,NaN,NaN
214.16,35.12,34.68,36.00,20.00,MAN,0,0,0,-123.60,0.00,0.00,-73.60,0.00,0.00,0.00,0.00,NaN,NaN,NaN,NaN,NaN,NaN
215.17,35.11,34.72,36.00,20.00,MAN,0,0,0,-123.60,0.00,0.00,-73.60,0.00,0.00,0.00,0.00,NaN,NaN,NaN,NaN,NaN,NaN
216.17,35.09,34.72,36.00,20.00,MAN,0,0,0,-123.60,0.00,0.00,-73.60,0.00,0.00,0.00,0.00,NaN,NaN,NaN,NaN,NaN,NaN
217.17,35.09,34.72,36.00,20.00,MAN,0,0,0,-123.60,0.00,0.00,-73.60,0.00,0.00,0.00,0.00,NaN,NaN,NaN,NaN,NaN,NaN
218.17,35.07,34.76,36.00,20.00,MAN,0,0,0,-123.60,0.00,0.00,-73.60,0.00,0.00,0.00,0.00,NaN,NaN,NaN,NaN,NaN,NaN
219.17,35.06,34.80,36.00,20.00,MAN,0,0,0,-123.60,0.00,0.00,-73.60,0.00,0.00,0.00,0.00,NaN,NaN,NaN,NaN,NaN,NaN
220.17,35.05,34.80,36.00,20.00,MAN,0,0,0,-123.60,0.00,0.00,-73.60,0.00,0.00,0.00,0.00,NaN,NaN,NaN,NaN,NaN,NaN
221.18,35.04,34.84,36.00,20.00,MAN,0,0,0,-123.60,0.00,0.00,-73.60,0.00,0.00,0.00,0.00,NaN,NaN,NaN,NaN,NaN,NaN
222.18,35.03,34.84,36.00,20.00,MAN,0,0,0,-123.60,0.00,0.00,-73.60,0.00,0.00,0.00,0.00,NaN,NaN,NaN,NaN,NaN,NaN
223.18,35.01,34.84,36.00,20.00,MAN,0,0,0,-123.60,0.00,0.00,-73.60,0.00,0.00,0.00,0.00,NaN,NaN,NaN,NaN,NaN,NaN
224.18,35.01,34.89,36.00,20.00,MAN,0,0,0,-123.60,0.00,0.00,-73.60,0.00,0.00,0.00,0.00,NaN,NaN,NaN,NaN,NaN,NaN
225.18,35.00,34.86,36.00,20.00,MAN,0,0,0,-123.60,0.00,0.00,-73.60,0.00,0.00,0.00,0.00,NaN,NaN,NaN,NaN,NaN,NaN
226.18,34.99,34.91,36.00,20.00,MAN,0,0,0,-123.60,0.00,0.00,-73.60,0.00,0.00,0.00,0.00,NaN,NaN,NaN,NaN,NaN,NaN
227.18,34.97,34.91,36.00,20.00,MAN,0,0,0,-123.60,0.00,0.00,-73.60,0.00,0.00,0.00,0.00,NaN,NaN,NaN,NaN,NaN,NaN
228.19,34.96,34.95,36.00,20.00,MAN,0,0,0,-123.60,0.00,0.00,-73.60,0.00,0.00,0.00,0.00,NaN,NaN,NaN,NaN,NaN,NaN
229.19,34.95,34.95,36.00,20.00,MAN,0,0,0,-123.60,0.00,0.00,-73.60,0.00,0.00,0.00,0.00,NaN,NaN,NaN,NaN,NaN,NaN
230.19,34.94,34.95,36.00,20.00,MAN,0,0,0,-123.60,0.00,0.00,-73.60,0.00,0.00,0.00,0.00,NaN,NaN,NaN,NaN,NaN,NaN
231.19,34.94,34.98,36.00,20.00,MAN,0,0,0,-123.60,0.00,0.00,-73.60,0.00,0.00,0.00,0.00,NaN,NaN,NaN,NaN,NaN,NaN
232.20,34.92,34.98,36.00,20.00,MAN,0,0,0,-123.60,0.00,0.00,-73.60,0.00,0.00,0.00,0.00,NaN,NaN,NaN,NaN,NaN,NaN
233.19,34.91,34.98,36.00,20.00,MAN,0,0,0,-123.60,0.00,0.00,-73.60,0.00,0.00,0.00,0.00,NaN,NaN,NaN,NaN,NaN,NaN
234.20,34.90,35.02,36.00,20.00,MAN,0,0,0,-123.60,0.00,0.00,-73.60,0.00,0.00,0.00,0.00,NaN,NaN,NaN,NaN,NaN,NaN
235.20,34.89,35.05,36.00,20.00,MAN,0,0,0,-123.60,0.00,0.00,-73.60,0.00,0.00,0.00,0.00,NaN,NaN,NaN,NaN,NaN,NaN
236.20,34.88,35.05,36.00,20.00,MAN,0,0,0,-123.60,0.00,0.00,-73.60,0.00,0.00,0.00,0.00,NaN,NaN,NaN,NaN,NaN,NaN
237.20,34.86,35.05,36.00,20.00,MAN,0,0,0,-123.60,0.00,0.00,-73.60,0.00,0.00,0.00,0.00,NaN,NaN,NaN,NaN,NaN,NaN
238.20,34.85,35.08,36.00,20.00,MAN,0,0,0,-123.60,0.00,0.00,-73.60,0.00,0.00,0.00,0.00,NaN,NaN,NaN,NaN,NaN,NaN
239.20,34.84,35.08,36.00,20.00,MAN,0,0,0,-123.60,0.00,0.00,-73.60,0.00,0.00,0.00,0.00,NaN,NaN,NaN,NaN,NaN,NaN
240.21,34.83,35.06,36.00,20.00,MAN,0,0,0,-123.60,0.00,0.00,-73.60,0.00,0.00,0.00,0.00,NaN,NaN,NaN,NaN,NaN,NaN
241.21,34.82,35.10,36.00,20.00,MAN,0,0,0,-123.60,0.00,0.00,-73.60,0.00,0.00,0.00,0.00,NaN,NaN,NaN,NaN,NaN,NaN
242.21,34.81,35.10,36.00,20.00,MAN,0,0,0,-123.60,0.00,0.00,-73.60,0.00,0.00,0.00,0.00,NaN,NaN,NaN,NaN,NaN,NaN
243.21,34.80,35.10,36.00,20.00,MAN,0,0,0,-123.60,0.00,0.00,-73.60,0.00,0.00,0.00,0.00,NaN,NaN,NaN,NaN,NaN,NaN
244.21,34.79,35.13,36.00,20.00,MAN,0,0,0,-123.60,0.00,0.00,-73.60,0.00,0.00,0.00,0.00,NaN,NaN,NaN,NaN,NaN,NaN
245.21,34.78,35.13,36.00,20.00,MAN,0,0,0,-123.60,0.00,0.00,-73.60,0.00,0.00,0.00,0.00,NaN,NaN,NaN,NaN,NaN,NaN
246.21,34.77,35.17,36.00,20.00,MAN,0,0,0,-123.60,0.00,0.00,-73.60,0.00,0.00,0.00,0.00,NaN,NaN,NaN,NaN,NaN,NaN
247.22,34.76,35.17,36.00,20.00,MAN,0,0,0,-123.60,0.00,0.00,-73.60,0.00,0.00,0.00,0.00,NaN,NaN,NaN,NaN,NaN,NaN
248.22,34.75,35.17,36.00,20.00,MAN,0,0,0,-123.60,0.00,0.00,-73.60,0.00,0.00,0.00,0.00,NaN,NaN,NaN,NaN,NaN,NaN
249.22,34.74,35.20,36.00,20.00,MAN,0,0,0,-123.60,0.00,0.00,-73.60,0.00,0.00,0.00,0.00,NaN,NaN,NaN,NaN,NaN,NaN
250.22,34.73,35.27,36.00,20.00,MAN,0,0,0,-123.60,0.00,0.00,-73.60,0.00,0.00,0.00,0.00,NaN,NaN,NaN,NaN,NaN,NaN
251.22,34.71,35.27,36.00,20.00,MAN,0,0,0,-123.60,0.00,0.00,-73.60,0.00,0.00,0.00,0.00,NaN,NaN,NaN,NaN,NaN,NaN
252.22,34.70,35.30,36.00,20.00,MAN,0,0,0,-123.60,0.00,0.00,-73.60,0.00,0.00,0.00,0.00,NaN,NaN,NaN,NaN,NaN,NaN
253.23,34.69,35.30,36.00,20.00,MAN,0,0,0,-123.60,0.00,0.00,-73.60,0.00,0.00,0.00,0.00,NaN,NaN,NaN,NaN,NaN,NaN
254.23,34.68,35.30,36.00,20.00,MAN,0,0,0,-123.60,0.00,0.00,-73.60,0.00,0.00,0.00,0.00,NaN,NaN,NaN,NaN,NaN,NaN
255.23,34.67,35.34,36.00,20.00,MAN,0,0,0,-123.60,0.00,0.00,-73.60,0.00,0.00,0.00,0.00,NaN,NaN,NaN,NaN,NaN,NaN
256.23,34.67,35.34,36.00,20.00,MAN,0,0,0,-123.60,0.00,0.00,-73.60,0.00,0.00,0.00,0.00,NaN,NaN,NaN,NaN,NaN,NaN
257.23,34.66,35.37,36.00,20.00,MAN,0,0,0,-123.60,0.00,0.00,-73.60,0.00,0.00,0.00,0.00,NaN,NaN,NaN,NaN,NaN,NaN
258.23,34.65,35.37,36.00,20.00,MAN,0,0,0,-123.60,0.00,0.00,-73.60,0.00,0.00,0.00,0.00,NaN,NaN,NaN,NaN,NaN,NaN
259.24,34.64,35.35,36.00,20.00,MAN,0,0,0,-123.60,0.00,0.00,-73.60,0.00,0.00,0.00,0.00,NaN,NaN,NaN,NaN,NaN,NaN
260.24,34.63,35.35,36.00,20.00,MAN,0,0,0,-123.60,0.00,0.00,-73.60,0.00,0.00,0.00,0.00,NaN,NaN,NaN,NaN,NaN,NaN
261.24,34.62,35.39,36.00,20.00,MAN,0,0,0,-123.60,0.00,0.00,-73.60,0.00,0.00,0.00,0.00,NaN,NaN,NaN,NaN,NaN,NaN
262.24,34.61,35.39,36.00,20.00,MAN,0,0,0,-123.60,0.00,0.00,-73.60,0.00,0.00,0.00,0.00,NaN,NaN,NaN,NaN,NaN,NaN
263.24,34.59,35.39,36.00,20.00,MAN,0,0,0,-123.60,0.00,0.00,-73.60,0.00,0.00,0.00,0.00,NaN,NaN,NaN,NaN,NaN,NaN
264.24,34.59,35.42,36.00,20.00,MAN,0,0,0,-123.60,0.00,0.00,-73.60,0.00,0.00,0.00,0.00,NaN,NaN,NaN,NaN,NaN,NaN
265.24,34.57,35.42,36.00,20.00,MAN,0,0,0,-123.60,0.00,0.00,-73.60,0.00,0.00,0.00,0.00,NaN,NaN,NaN,NaN,NaN,NaN
266.25,34.56,35.46,36.00,20.00,MAN,0,0,0,-123.60,0.00,0.00,-73.60,0.00,0.00,0.00,0.00,NaN,NaN,NaN,NaN,NaN,NaN
267.25,34.55,35.46,36.00,20.00,MAN,0,0,0,-123.60,0.00,0.00,-73.60,0.00,0.00,0.00,0.00,NaN,NaN,NaN,NaN,NaN,NaN
268.25,34.54,35.49,36.00,20.00,MAN,0,0,0,-123.60,0.00,0.00,-73.60,0.00,0.00,0.00,0.00,NaN,NaN,NaN,NaN,NaN,NaN
269.25,34.53,35.49,36.00,20.00,MAN,0,0,0,-123.60,0.00,0.00,-73.60,0.00,0.00,0.00,0.00,NaN,NaN,NaN,NaN,NaN,NaN
270.25,34.53,35.49,36.00,20.00,MAN,0,0,0,-123.60,0.00,0.00,-73.60,0.00,0.00,0.00,0.00,NaN,NaN,NaN,NaN,NaN,NaN
271.25,34.51,35.52,36.00,20.00,MAN,0,0,0,-123.60,0.00,0.00,-73.60,0.00,0.00,0.00,0.00,NaN,NaN,NaN,NaN,NaN,NaN
272.26,34.51,35.52,36.00,20.00,MAN,0,0,0,-123.60,0.00,0.00,-73.60,0.00,0.00,0.00,0.00,NaN,NaN,NaN,NaN,NaN,NaN
273.26,34.50,35.56,36.00,20.00,MAN,0,0,0,-123.60,0.00,0.00,-73.60,0.00,0.00,0.00,0.00,NaN,NaN,NaN,NaN,NaN,NaN
274.26,34.49,35.53,36.00,20.00,MAN,0,0,0,-123.60,0.00,0.00,-73.60,0.00,0.00,0.00,0.00,NaN,NaN,NaN,NaN,NaN,NaN
275.26,34.48,35.57,36.00,20.00,MAN,0,0,0,-123.60,0.00,0.00,-73.60,0.00,0.00,0.00,0.00,NaN,NaN,NaN,NaN,NaN,NaN
276.26,34.47,35.57,36.00,20.00,MAN,0,0,0,-123.60,0.00,0.00,-73.60,0.00,0.00,0.00,0.00,NaN,NaN,NaN,NaN,NaN,NaN
277.26,34.46,35.57,36.00,20.00,MAN,0,0,0,-123.60,0.00,0.00,-73.60,0.00,0.00,0.00,0.00,NaN,NaN,NaN,NaN,NaN,NaN
278.27,34.45,35.60,36.00,20.00,MAN,0,0,0,-123.60,0.00,0.00,-73.60,0.00,0.00,0.00,0.00,NaN,NaN,NaN,NaN,NaN,NaN
279.27,34.44,35.60,36.00,20.00,MAN,0,0,0,-123.60,0.00,0.00,-73.60,0.00,0.00,0.00,0.00,NaN,NaN,NaN,NaN,NaN,NaN
280.27,34.44,35.64,36.00,20.00,MAN,0,0,0,-123.60,0.00,0.00,-73.60,0.00,0.00,0.00,0.00,NaN,NaN,NaN,NaN,NaN,NaN
281.27,34.42,35.64,36.00,20.00,MAN,0,0,0,-123.60,0.00,0.00,-73.60,0.00,0.00,0.00,0.00,NaN,NaN,NaN,NaN,NaN,NaN
282.27,34.41,35.64,36.00,20.00,MAN,0,0,0,-123.60,0.00,0.00,-73.60,0.00,0.00,0.00,0.00,NaN,NaN,NaN,NaN,NaN,NaN
283.27,34.40,35.64,36.00,20.00,MAN,0,0,0,-123.60,0.00,0.00,-73.60,0.00,0.00,0.00,0.00,NaN,NaN,NaN,NaN,NaN,NaN
284.27,34.39,35.64,36.00,20.00,MAN,0,0,0,-123.60,0.00,0.00,-73.60,0.00,0.00,0.00,0.00,NaN,NaN,NaN,NaN,NaN,NaN
285.28,34.39,35.64,36.00,20.00,MAN,0,0,0,-123.60,0.00,0.00,-73.60,0.00,0.00,0.00,0.00,NaN,NaN,NaN,NaN,NaN,NaN
286.28,34.38,35.67,36.00,20.00,MAN,0,0,0,-123.60,0.00,0.00,-73.60,0.00,0.00,0.00,0.00,NaN,NaN,NaN,NaN,NaN,NaN
287.28,34.37,35.67,36.00,20.00,MAN,0,0,0,-123.60,0.00,0.00,-73.60,0.00,0.00,0.00,0.00,NaN,NaN,NaN,NaN,NaN,NaN
288.28,34.36,35.67,36.00,20.00,MAN,0,0,0,-123.60,0.00,0.00,-73.60,0.00,0.00,0.00,0.00,NaN,NaN,NaN,NaN,NaN,NaN
289.28,34.35,35.71,36.00,20.00,MAN,0,0,0,-123.60,0.00,0.00,-73.60,0.00,0.00,0.00,0.00,NaN,NaN,NaN,NaN,NaN,NaN
290.28,34.34,35.71,36.00,20.00,MAN,0,0,0,-123.60,0.00,0.00,-73.60,0.00,0.00,0.00,0.00,NaN,NaN,NaN,NaN,NaN,NaN
291.29,34.33,35.74,36.00,20.00,MAN,0,0,0,-123.60,0.00,0.00,-73.60,0.00,0.00,0.00,0.00,NaN,NaN,NaN,NaN,NaN,NaN
292.29,34.33,35.74,36.00,20.00,MAN,0,0,0,-123.60,0.00,0.00,-73.60,0.00,0.00,0.00,0.00,NaN,NaN,NaN,NaN,NaN,NaN
293.29,34.32,35.74,36.00,20.00,MAN,0,0,0,-123.60,0.00,0.00,-73.60,0.00,0.00,0.00,0.00,NaN,NaN,NaN,NaN,NaN,NaN
294.29,34.31,35.76,36.00,20.00,MAN,0,0,0,-123.60,0.00,0.00,-73.60,0.00,0.00,0.00,0.00,NaN,NaN,NaN,NaN,NaN,NaN
295.29,34.30,35.76,36.00,20.00,MAN,0,0,0,-123.60,0.00,0.00,-73.60,0.00,0.00,0.00,0.00,NaN,NaN,NaN,NaN,NaN,NaN
296.30,34.29,35.76,36.00,20.00,MAN,0,0,0,-123.60,0.00,0.00,-73.60,0.00,0.00,0.00,0.00,NaN,NaN,NaN,NaN,NaN,NaN
297.29,34.29,35.79,36.00,20.00,MAN,0,0,0,-123.60,0.00,0.00,-73.60,0.00,0.00,0.00,0.00,NaN,NaN,NaN,NaN,NaN,NaN
298.30,34.27,35.79,36.00,20.00,MAN,0,0,0,-123.60,0.00,0.00,-73.60,0.00,0.00,0.00,0.00,NaN,NaN,NaN,NaN,NaN,NaN
299.30,34.26,35.82,36.00,20.00,MAN,0,0,0,-123.60,0.00,0.00,-73.60,0.00,0.00,0.00,0.00,NaN,NaN,NaN,NaN,NaN,NaN
300.30,34.25,35.82,36.00,20.00,MAN,0,0,0,-123.60,0.00,0.00,-73.60,0.00,0.00,0.00,0.00,NaN,NaN,NaN,NaN,NaN,NaN
301.30,34.24,35.82,36.00,20.00,MAN,0,0,0,-123.60,0.00,0.00,-73.60,0.00,0.00,0.00,0.00,NaN,NaN,NaN,NaN,NaN,NaN
302.30,34.24,35.82,36.00,20.00,MAN,0,0,0,-123.60,0.00,0.00,-73.60,0.00,0.00,0.00,0.00,NaN,NaN,NaN,NaN,NaN,NaN
303.30,34.23,35.86,36.00,20.00,MAN,0,0,0,-123.60,0.00,0.00,-73.60,0.00,0.00,0.00,0.00,NaN,NaN,NaN,NaN,NaN,NaN
304.31,34.22,35.86,36.00,20.00,MAN,0,0,0,-123.60,0.00,0.00,-73.60,0.00,0.00,0.00,0.00,NaN,NaN,NaN,NaN,NaN,NaN
305.31,34.21,35.89,36.00,20.00,MAN,0,0,0,-123.60,0.00,0.00,-73.60,0.00,0.00,0.00,0.00,NaN,NaN,NaN,NaN,NaN,NaN
306.31,34.21,35.89,36.00,20.00,MAN,0,0,0,-123.60,0.00,0.00,-73.60,0.00,0.00,0.00,0.00,NaN,NaN,NaN,NaN,NaN,NaN
307.31,34.21,35.89,36.00,20.00,MAN,0,0,0,-123.60,0.00,0.00,-73.60,0.00,0.00,0.00,0.00,NaN,NaN,NaN,NaN,NaN,NaN
308.31,34.19,35.89,36.00,20.00,MAN,0,0,0,-123.60,0.00,0.00,-73.60,0.00,0.00,0.00,0.00,NaN,NaN,NaN,NaN,NaN,NaN
309.31,34.18,35.93,36.00,20.00,MAN,0,0,0,-123.60,0.00,0.00,-73.60,0.00,0.00,0.00,0.00,NaN,NaN,NaN,NaN,NaN,NaN
310.31,34.18,35.93,36.00,20.00,MAN,0,0,0,-123.60,0.00,0.00,-73.60,0.00,0.00,0.00,0.00,NaN,NaN,NaN,NaN,NaN,NaN
311.32,34.17,35.93,36.00,20.00,MAN,0,0,0,-123.60,0.00,0.00,-73.60,0.00,0.00,0.00,0.00,NaN,NaN,NaN,NaN,NaN,NaN
312.32,34.16,35.99,36.00,20.00,MAN,0,0,0,-123.60,0.00,0.00,-73.60,0.00,0.00,0.00,0.00,NaN,NaN,NaN,NaN,NaN,NaN
313.32,34.14,35.98,36.00,20.00,MAN,0,0,0,-123.60,0.00,0.00,-73.60,0.00,0.00,0.00,0.00,NaN,NaN,NaN,NaN,NaN,NaN
314.32,34.14,35.98,36.00,20.00,MAN,0,0,0,-123.60,0.00,0.00,-73.60,0.00,0.00,0.00,0.00,NaN,NaN,NaN,NaN,NaN,NaN
315.32,34.12,36.01,36.00,20.00,MAN,0,0,0,-123.60,0.00,0.00,-73.60,0.00,0.00,0.00,0.00,NaN,NaN,NaN,NaN,NaN,NaN
316.32,34.11,36.01,36.00,20.00,MAN,0,0,0,-123.60,0.00,0.00,-73.60,0.00,0.00,0.00,0.00,NaN,NaN,NaN,NaN,NaN,NaN
317.33,34.10,36.01,36.00,20.00,MAN,0,0,0,-123.60,0.00,0.00,-73.60,0.00,0.00,0.00,0.00,NaN,NaN,NaN,NaN,NaN,NaN
318.33,34.10,36.05,36.00,20.00,MAN,0,0,0,-123.60,0.00,0.00,-73.60,0.00,0.00,0.00,0.00,NaN,NaN,NaN,NaN,NaN,NaN
319.33,34.09,36.05,36.00,20.00,MAN,0,0,0,-123.60,0.00,0.00,-73.60,0.00,0.00,0.00,0.00,NaN,NaN,NaN,NaN,NaN,NaN
320.33,34.08,36.05,36.00,20.00,MAN,0,0,0,-123.60,0.00,0.00,-73.60,0.00,0.00,0.00,0.00,NaN,NaN,NaN,NaN,NaN,NaN
321.33,34.07,36.05,36.00,20.00,MAN,0,0,0,-123.60,0.00,0.00,-73.60,0.00,0.00,0.00,0.00,NaN,NaN,NaN,NaN,NaN,NaN
322.33,34.06,36.05,36.00,20.00,MAN,0,0,0,-123.60,0.00,0.00,-73.60,0.00,0.00,0.00,0.00,NaN,NaN,NaN,NaN,NaN,NaN
323.34,34.06,36.08,36.00,20.00,MAN,0,0,0,-123.60,0.00,0.00,-73.60,0.00,0.00,0.00,0.00,NaN,NaN,NaN,NaN,NaN,NaN
324.34,34.05,36.08,36.00,20.00,MAN,0,0,0,-123.60,0.00,0.00,-73.60,0.00,0.00,0.00,0.00,NaN,NaN,NaN,NaN,NaN,NaN
325.34,34.04,36.08,36.00,20.00,MAN,0,0,0,-123.60,0.00,0.00,-73.60,0.00,0.00,0.00,0.00,NaN,NaN,NaN,NaN,NaN,NaN
326.34,34.03,36.08,36.00,20.00,MAN,0,0,0,-123.60,0.00,0.00,-73.60,0.00,0.00,0.00,0.00,NaN,NaN,NaN,NaN,NaN,NaN
327.34,34.03,36.11,36.00,20.00,MAN,0,0,0,-123.60,0.00,0.00,-73.60,0.00,0.00,0.00,0.00,NaN,NaN,NaN,NaN,NaN,NaN
328.34,34.02,36.11,36.00,20.00,MAN,0,0,0,-123.60,0.00,0.00,-73.60,0.00,0.00,0.00,0.00,NaN,NaN,NaN,NaN,NaN,NaN
329.34,34.01,36.11,36.00,20.00,MAN,0,0,0,-123.60,0.00,0.00,-73.60,0.00,0.00,0.00,0.00,NaN,NaN,NaN,NaN,NaN,NaN
330.35,34.01,36.14,36.00,20.00,MAN,0,0,0,-123.60,0.00,0.00,-73.60,0.00,0.00,0.00,0.00,NaN,NaN,NaN,NaN,NaN,NaN
331.35,34.00,36.14,36.00,20.00,MAN,0,0,0,-123.60,0.00,0.00,-73.60,0.00,0.00,0.00,0.00,NaN,NaN,NaN,NaN,NaN,NaN
332.35,34.00,36.14,36.00,20.00,MAN,0,0,0,-123.60,0.00,0.00,-73.60,0.00,0.00,0.00,0.00,NaN,NaN,NaN,NaN,NaN,NaN
333.35,33.97,36.18,36.00,20.00,MAN,0,0,0,-123.60,0.00,0.00,-73.60,0.00,0.00,0.00,0.00,NaN,NaN,NaN,NaN,NaN,NaN
334.35,33.97,36.18,36.00,20.00,MAN,0,0,0,-123.60,0.00,0.00,-73.60,0.00,0.00,0.00,0.00,NaN,NaN,NaN,NaN,NaN,NaN
335.35,33.96,36.18,36.00,20.00,MAN,0,0,0,-123.60,0.00,0.00,-73.60,0.00,0.00,0.00,0.00,NaN,NaN,NaN,NaN,NaN,NaN
336.36,33.95,36.16,36.00,20.00,MAN,0,0,0,-123.60,0.00,0.00,-73.60,0.00,0.00,0.00,0.00,NaN,NaN,NaN,NaN,NaN,NaN
337.36,33.95,36.20,36.00,20.00,MAN,0,0,0,-123.60,0.00,0.00,-73.60,0.00,0.00,0.00,0.00,NaN,NaN,NaN,NaN,NaN,NaN
338.36,33.94,36.20,36.00,20.00,MAN,0,0,0,-123.60,0.00,0.00,-73.60,0.00,0.00,0.00,0.00,NaN,NaN,NaN,NaN,NaN,NaN
339.36,33.93,36.20,36.00,20.00,MAN,0,0,0,-123.60,0.00,0.00,-73.60,0.00,0.00,0.00,0.00,NaN,NaN,NaN,NaN,NaN,NaN
340.36,33.93,36.23,36.00,20.00,MAN,0,0,0,-123.60,0.00,0.00,-73.60,0.00,0.00,0.00,0.00,NaN,NaN,NaN,NaN,NaN,NaN
341.36,33.92,36.23,36.00,20.00,MAN,0,0,0,-123.60,0.00,0.00,-73.60,0.00,0.00,0.00,0.00,NaN,NaN,NaN,NaN,NaN,NaN
342.37,33.91,36.23,36.00,20.00,MAN,0,0,0,-123.60,0.00,0.00,-73.60,0.00,0.00,0.00,0.00,NaN,NaN,NaN,NaN,NaN,NaN
343.37,33.91,36.23,36.00,20.00,MAN,0,0,0,-123.60,0.00,0.00,-73.60,0.00,0.00,0.00,0.00,NaN,NaN,NaN,NaN,NaN,NaN
344.37,33.90,36.27,36.00,20.00,MAN,0,0,0,-123.60,0.00,0.00,-73.60,0.00,0.00,0.00,0.00,NaN,NaN,NaN,NaN,NaN,NaN
345.37,33.89,36.27,36.00,20.00,MAN,0,0,0,-123.60,0.00,0.00,-73.60,0.00,0.00,0.00,0.00,NaN,NaN,NaN,NaN,NaN,NaN
346.37,33.88,36.30,36.00,20.00,MAN,0,0,0,-123.60,0.00,0.00,-73.60,0.00,0.00,0.00,0.00,NaN,NaN,NaN,NaN,NaN,NaN
347.37,33.88,36.30,36.00,20.00,MAN,0,0,0,-123.60,0.00,0.00,-73.60,0.00,0.00,0.00,0.00,NaN,NaN,NaN,NaN,NaN,NaN
348.37,33.87,36.30,36.00,20.00,MAN,0,0,0,-123.60,0.00,0.00,-73.60,0.00,0.00,0.00,0.00,NaN,NaN,NaN,NaN,NaN,NaN
349.38,33.87,36.30,36.00,20.00,MAN,0,0,0,-123.60,0.00,0.00,-73.60,0.00,0.00,0.00,0.00,NaN,NaN,NaN,NaN,NaN,NaN
350.38,33.86,36.34,36.00,20.00,MAN,0,0,0,-123.60,0.00,0.00,-73.60,0.00,0.00,0.00,0.00,NaN,NaN,NaN,NaN,NaN,NaN
351.38,33.85,36.34,36.00,20.00,MAN,0,0,0,-123.60,0.00,0.00,-73.60,0.00,0.00,0.00,0.00,NaN,NaN,NaN,NaN,NaN,NaN
352.38,33.83,36.34,36.00,20.00,MAN,0,0,0,-123.60,0.00,0.00,-73.60,0.00,0.00,0.00,0.00,NaN,NaN,NaN,NaN,NaN,NaN
353.38,33.83,36.34,36.00,20.00,MAN,0,0,0,-123.60,0.00,0.00,-73.60,0.00,0.00,0.00,0.00,NaN,NaN,NaN,NaN,NaN,NaN
354.38,33.82,36.37,36.00,20.00,MAN,0,0,0,-123.60,0.00,0.00,-73.60,0.00,0.00,0.00,0.00,NaN,NaN,NaN,NaN,NaN,NaN
355.39,33.82,36.37,36.00,20.00,MAN,0,0,0,-123.60,0.00,0.00,-73.60,0.00,0.00,0.00,0.00,NaN,NaN,NaN,NaN,NaN,NaN
356.39,33.81,36.37,36.00,20.00,MAN,0,0,0,-123.60,0.00,0.00,-73.60,0.00,0.00,0.00,0.00,NaN,NaN,NaN,NaN,NaN,NaN
357.39,33.80,36.40,36.00,20.00,MAN,0,0,0,-123.60,0.00,0.00,-73.60,0.00,0.00,0.00,0.00,NaN,NaN,NaN,NaN,NaN,NaN
358.39,33.80,36.40,36.00,20.00,MAN,0,0,0,-123.60,0.00,0.00,-73.60,0.00,0.00,0.00,0.00,NaN,NaN,NaN,NaN,NaN,NaN
359.39,33.79,36.43,36.00,20.00,MAN,0,0,0,-123.60,0.00,0.00,-73.60,0.00,0.00,0.00,0.00,NaN,NaN,NaN,NaN,NaN,NaN
360.40,33.78,36.42,36.00,20.00,MAN,0,0,0,-123.60,0.00,0.00,-73.60,0.00,0.00,0.00,0.00,NaN,NaN,NaN,NaN,NaN,NaN
361.39,33.77,36.42,36.00,20.00,MAN,0,0,0,-123.60,0.00,0.00,-73.60,0.00,0.00,0.00,0.00,NaN,NaN,NaN,NaN,NaN,NaN
362.40,33.77,36.45,36.00,20.00,MAN,0,0,0,-123.60,0.00,0.00,-73.60,0.00,0.00,0.00,0.00,NaN,NaN,NaN,NaN,NaN,NaN
363.40,33.76,36.48,36.00,20.00,MAN,0,0,0,-123.60,0.00,0.00,-73.60,0.00,0.00,0.00,0.00,NaN,NaN,NaN,NaN,NaN,NaN
364.40,33.75,36.48,36.00,20.00,MAN,0,0,0,-123.60,0.00,0.00,-73.60,0.00,0.00,0.00,0.00,NaN,NaN,NaN,NaN,NaN,NaN
365.40,33.75,36.48,36.00,20.00,MAN,0,0,0,-123.60,0.00,0.00,-73.60,0.00,0.00,0.00,0.00,NaN,NaN,NaN,NaN,NaN,NaN
366.40,33.74,36.52,36.00,20.00,MAN,0,0,0,-123.60,0.00,0.00,-73.60,0.00,0.00,0.00,0.00,NaN,NaN,NaN,NaN,NaN,NaN
367.40,33.74,36.52,36.00,20.00,MAN,0,0,0,-123.60,0.00,0.00,-73.60,0.00,0.00,0.00,0.00,NaN,NaN,NaN,NaN,NaN,NaN
368.41,33.73,36.52,36.00,20.00,MAN,0,0,0,-123.60,0.00,0.00,-73.60,0.00,0.00,0.00,0.00,NaN,NaN,NaN,NaN,NaN,NaN
369.41,33.73,36.52,36.00,20.00,MAN,0,0,0,-123.60,0.00,0.00,-73.60,0.00,0.00,0.00,0.00,NaN,NaN,NaN,NaN,NaN,NaN
370.41,33.72,36.52,36.00,20.00,MAN,0,0,0,-123.60,0.00,0.00,-73.60,0.00,0.00,0.00,0.00,NaN,NaN,NaN,NaN,NaN,NaN
371.41,33.71,36.55,36.00,20.00,MAN,0,0,0,-123.60,0.00,0.00,-73.60,0.00,0.00,0.00,0.00,NaN,NaN,NaN,NaN,NaN,NaN
372.41,33.71,36.52,36.00,20.00,MAN,0,0,0,-123.60,0.00,0.00,-73.60,0.00,0.00,0.00,0.00,NaN,NaN,NaN,NaN,NaN,NaN
373.41,33.70,36.52,36.00,20.00,MAN,0,0,0,-123.60,0.00,0.00,-73.60,0.00,0.00,0.00,0.00,NaN,NaN,NaN,NaN,NaN,NaN
374.41,33.68,36.55,36.00,20.00,MAN,0,0,0,-123.60,0.00,0.00,-73.60,0.00,0.00,0.00,0.00,NaN,NaN,NaN,NaN,NaN,NaN
375.42,33.68,36.55,36.00,20.00,MAN,0,0,0,-123.60,0.00,0.00,-73.60,0.00,0.00,0.00,0.00,NaN,NaN,NaN,NaN,NaN,NaN
376.42,33.67,36.55,36.00,20.00,MAN,0,0,0,-123.60,0.00,0.00,-73.60,0.00,0.00,0.00,0.00,NaN,NaN,NaN,NaN,NaN,NaN
377.42,33.67,36.55,36.00,20.00,MAN,0,0,0,-123.60,0.00,0.00,-73.60,0.00,0.00,0.00,0.00,NaN,NaN,NaN,NaN,NaN,NaN
378.42,33.67,36.55,36.00,20.00,MAN,0,0,0,-123.60,0.00,0.00,-73.60,0.00,0.00,0.00,0.00,NaN,NaN,NaN,NaN,NaN,NaN
379.42,33.66,36.59,36.00,20.00,MAN,0,0,0,-123.60,0.00,0.00,-73.60,0.00,0.00,0.00,0.00,NaN,NaN,NaN,NaN,NaN,NaN
380.42,33.65,36.59,36.00,20.00,MAN,0,0,0,-123.60,0.00,0.00,-73.60,0.00,0.00,0.00,0.00,NaN,NaN,NaN,NaN,NaN,NaN
381.43,33.64,36.59,36.00,20.00,MAN,0,0,0,-123.60,0.00,0.00,-73.60,0.00,0.00,0.00,0.00,NaN,NaN,NaN,NaN,NaN,NaN
382.43,33.64,36.59,36.00,20.00,MAN,0,0,0,-123.60,0.00,0.00,-73.60,0.00,0.00,0.00,0.00,NaN,NaN,NaN,NaN,NaN,NaN
383.43,33.64,36.62,36.00,20.00,MAN,0,0,0,-123.60,0.00,0.00,-73.60,0.00,0.00,0.00,0.00,NaN,NaN,NaN,NaN,NaN,NaN
384.43,33.64,36.62,36.00,20.00,MAN,0,0,0,-123.60,0.00,0.00,-73.60,0.00,0.00,0.00,0.00,NaN,NaN,NaN,NaN,NaN,NaN
385.43,33.63,36.60,36.00,20.00,MAN,0,0,0,-123.60,0.00,0.00,-73.60,0.00,0.00,0.00,0.00,NaN,NaN,NaN,NaN,NaN,NaN
386.43,33.62,36.63,36.00,20.00,MAN,0,0,0,-123.60,0.00,0.00,-73.60,0.00,0.00,0.00,0.00,NaN,NaN,NaN,NaN,NaN,NaN
387.44,33.61,36.63,36.00,20.00,MAN,0,0,0,-123.60,0.00,0.00,-73.60,0.00,0.00,0.00,0.00,NaN,NaN,NaN,NaN,NaN,NaN
388.44,33.61,36.70,36.00,20.00,MAN,0,0,0,-123.60,0.00,0.00,-73.60,0.00,0.00,0.00,0.00,NaN,NaN,NaN,NaN,NaN,NaN
389.44,33.60,36.70,36.00,20.00,MAN,0,0,0,-123.60,0.00,0.00,-73.60,0.00,0.00,0.00,0.00,NaN,NaN,NaN,NaN,NaN,NaN
390.44,33.60,36.70,36.00,20.00,MAN,0,0,0,-123.60,0.00,0.00,-73.60,0.00,0.00,0.00,0.00,NaN,NaN,NaN,NaN,NaN,NaN
391.44,33.59,36.70,36.00,20.00,MAN,0,0,0,-123.60,0.00,0.00,-73.60,0.00,0.00,0.00,0.00,NaN,NaN,NaN,NaN,NaN,NaN
392.45,33.58,36.70,36.00,20.00,MAN,0,0,0,-123.60,0.00,0.00,-73.60,0.00,0.00,0.00,0.00,NaN,NaN,NaN,NaN,NaN,NaN
393.44,33.58,36.73,36.00,20.00,MAN,0,0,0,-123.60,0.00,0.00,-73.60,0.00,0.00,0.00,0.00,NaN,NaN,NaN,NaN,NaN,NaN
394.45,33.57,36.73,36.00,20.00,MAN,0,0,0,-123.60,0.00,0.00,-73.60,0.00,0.00,0.00,0.00,NaN,NaN,NaN,NaN,NaN,NaN
395.45,33.57,36.73,36.00,20.00,MAN,0,0,0,-123.60,0.00,0.00,-73.60,0.00,0.00,0.00,0.00,NaN,NaN,NaN,NaN,NaN,NaN
396.45,33.56,36.73,36.00,20.00,MAN,0,0,0,-123.60,0.00,0.00,-73.60,0.00,0.00,0.00,0.00,NaN,NaN,NaN,NaN,NaN,NaN
397.45,33.55,36.73,36.00,20.00,MAN,0,0,0,-123.60,0.00,0.00,-73.60,0.00,0.00,0.00,0.00,NaN,NaN,NaN,NaN,NaN,NaN
398.45,33.55,36.73,36.00,20.00,MAN,0,0,0,-123.60,0.00,0.00,-73.60,0.00,0.00,0.00,0.00,NaN,NaN,NaN,NaN,NaN,NaN
399.45,33.55,36.77,36.00,20.00,MAN,0,0,0,-123.60,0.00,0.00,-73.60,0.00,0.00,0.00,0.00,NaN,NaN,NaN,NaN,NaN,NaN
400.46,33.53,36.77,36.00,20.00,MAN,0,0,0,-123.60,0.00,0.00,-73.60,0.00,0.00,0.00,0.00,NaN,NaN,NaN,NaN,NaN,NaN
401.46,33.53,36.77,36.00,20.00,MAN,0,0,0,-123.60,0.00,0.00,-73.60,0.00,0.00,0.00,0.00,NaN,NaN,NaN,NaN,NaN,NaN
402.46,33.52,36.77,36.00,20.00,MAN,0,0,0,-123.60,0.00,0.00,-73.60,0.00,0.00,0.00,0.00,NaN,NaN,NaN,NaN,NaN,NaN
403.46,33.51,36.80,36.00,20.00,MAN,0,0,0,-123.60,0.00,0.00,-73.60,0.00,0.00,0.00,0.00,NaN,NaN,NaN,NaN,NaN,NaN
404.46,33.51,36.80,36.00,20.00,MAN,0,0,0,-123.60,0.00,0.00,-73.60,0.00,0.00,0.00,0.00,NaN,NaN,NaN,NaN,NaN,NaN
405.46,33.50,36.80,36.00,20.00,MAN,0,0,0,-123.60,0.00,0.00,-73.60,0.00,0.00,0.00,0.00,NaN,NaN,NaN,NaN,NaN,NaN
406.47,33.50,36.80,36.00,20.00,MAN,0,0,0,-123.60,0.00,0.00,-73.60,0.00,0.00,0.00,0.00,NaN,NaN,NaN,NaN,NaN,NaN
407.47,33.49,36.80,36.00,20.00,MAN,0,0,0,-123.60,0.00,0.00,-73.60,0.00,0.00,0.00,0.00,NaN,NaN,NaN,NaN,NaN,NaN
408.47,33.48,36.84,36.00,20.00,MAN,0,0,0,-123.60,0.00,0.00,-73.60,0.00,0.00,0.00,0.00,NaN,NaN,NaN,NaN,NaN,NaN
409.47,33.48,36.84,36.00,20.00,MAN,0,0,0,-123.60,0.00,0.00,-73.60,0.00,0.00,0.00,0.00,NaN,NaN,NaN,NaN,NaN,NaN
410.47,33.47,36.84,36.00,20.00,MAN,0,0,0,-123.60,0.00,0.00,-73.60,0.00,0.00,0.00,0.00,NaN,NaN,NaN,NaN,NaN,NaN
411.47,33.47,36.82,36.00,20.00,MAN,0,0,0,-123.60,0.00,0.00,-73.60,0.00,0.00,0.00,0.00,NaN,NaN,NaN,NaN,NaN,NaN
412.47,33.46,36.82,36.00,20.00,MAN,0,0,0,-123.60,0.00,0.00,-73.60,0.00,0.00,0.00,0.00,NaN,NaN,NaN,NaN,NaN,NaN
413.48,33.46,36.85,36.00,20.00,MAN,0,0,0,-123.60,0.00,0.00,-73.60,0.00,0.00,0.00,0.00,NaN,NaN,NaN,NaN,NaN,NaN
414.48,33.45,36.85,36.00,20.00,MAN,0,0,0,-123.60,0.00,0.00,-73.60,0.00,0.00,0.00,0.00,NaN,NaN,NaN,NaN,NaN,NaN
415.48,33.45,36.85,36.00,20.00,MAN,0,0,0,-123.60,0.00,0.00,-73.60,0.00,0.00,0.00,0.00,NaN,NaN,NaN,NaN,NaN,NaN
416.48,33.44,36.85,36.00,20.00,MAN,0,0,0,-123.60,0.00,0.00,-73.60,0.00,0.00,0.00,0.00,NaN,NaN,NaN,NaN,NaN,NaN
417.48,33.44,36.88,36.00,20.00,MAN,0,0,0,-123.60,0.00,0.00,-73.60,0.00,0.00,0.00,0.00,NaN,NaN,NaN,NaN,NaN,NaN
418.48,33.43,36.88,36.00,20.00,MAN,0,0,0,-123.60,0.00,0.00,-73.60,0.00,0.00,0.00,0.00,NaN,NaN,NaN,NaN,NaN,NaN
419.49,33.42,36.88,36.00,20.00,MAN,0,0,0,-123.60,0.00,0.00,-73.60,0.00,0.00,0.00,0.00,NaN,NaN,NaN,NaN,NaN,NaN
420.49,33.42,36.88,36.00,20.00,MAN,0,0,0,-123.60,0.00,0.00,-73.60,0.00,0.00,0.00,0.00,NaN,NaN,NaN,NaN,NaN,NaN
421.49,33.41,36.92,36.00,20.00,MAN,0,0,0,-123.60,0.00,0.00,-73.60,0.00,0.00,0.00,0.00,NaN,NaN,NaN,NaN,NaN,NaN
422.49,33.41,36.92,36.00,20.00,MAN,0,0,0,-123.60,0.00,0.00,-73.60,0.00,0.00,0.00,0.00,NaN,NaN,NaN,NaN,NaN,NaN
423.49,33.40,36.92,36.00,20.00,MAN,0,0,0,-123.60,0.00,0.00,-73.60,0.00,0.00,0.00,0.00,NaN,NaN,NaN,NaN,NaN,NaN
424.50,33.38,36.95,36.00,20.00,MAN,0,0,0,-123.60,0.00,0.00,-73.60,0.00,0.00,0.00,0.00,NaN,NaN,NaN,NaN,NaN,NaN
425.49,33.38,36.95,36.00,20.00,MAN,0,0,0,-123.60,0.00,0.00,-73.60,0.00,0.00,0.00,0.00,NaN,NaN,NaN,NaN,NaN,NaN
426.50,33.38,36.95,36.00,20.00,MAN,0,0,0,-123.60,0.00,0.00,-73.60,0.00,0.00,0.00,0.00,NaN,NaN,NaN,NaN,NaN,NaN
427.50,33.37,36.99,36.00,20.00,MAN,0,0,0,-123.60,0.00,0.00,-73.60,0.00,0.00,0.00,0.00,NaN,NaN,NaN,NaN,NaN,NaN
428.50,33.36,36.99,36.00,20.00,MAN,0,0,0,-123.60,0.00,0.00,-73.60,0.00,0.00,0.00,0.00,NaN,NaN,NaN,NaN,NaN,NaN
429.50,33.36,36.99,36.00,20.00,MAN,0,0,0,-123.60,0.00,0.00,-73.60,0.00,0.00,0.00,0.00,NaN,NaN,NaN,NaN,NaN,NaN
430.50,33.35,36.99,36.00,20.00,MAN,0,0,0,-123.60,0.00,0.00,-73.60,0.00,0.00,0.00,0.00,NaN,NaN,NaN,NaN,NaN,NaN
431.50,33.35,36.99,36.00,20.00,MAN,0,0,0,-123.60,0.00,0.00,-73.60,0.00,0.00,0.00,0.00,NaN,NaN,NaN,NaN,NaN,NaN
432.51,33.34,37.02,36.00,20.00,MAN,0,0,0,-123.60,0.00,0.00,-73.60,0.00,0.00,0.00,0.00,NaN,NaN,NaN,NaN,NaN,NaN
433.51,33.33,37.02,36.00,20.00,MAN,0,0,0,-123.60,0.00,0.00,-73.60,0.00,0.00,0.00,0.00,NaN,NaN,NaN,NaN,NaN,NaN
434.51,33.33,37.02,36.00,20.00,MAN,0,0,0,-123.60,0.00,0.00,-73.60,0.00,0.00,0.00,0.00,NaN,NaN,NaN,NaN,NaN,NaN
435.51,33.32,37.02,36.00,20.00,MAN,0,0,0,-123.60,0.00,0.00,-73.60,0.00,0.00,0.00,0.00,NaN,NaN,NaN,NaN,NaN,NaN
436.51,33.31,37.02,36.00,20.00,MAN,0,0,0,-123.60,0.00,0.00,-73.60,0.00,0.00,0.00,0.00,NaN,NaN,NaN,NaN,NaN,NaN
437.51,33.31,37.02,36.00,20.00,MAN,0,0,0,-123.60,0.00,0.00,-73.60,0.00,0.00,0.00,0.00,NaN,NaN,NaN,NaN,NaN,NaN
438.52,33.30,37.06,36.00,20.00,MAN,0,0,0,-123.60,0.00,0.00,-73.60,0.00,0.00,0.00,0.00,NaN,NaN,NaN,NaN,NaN,NaN
439.52,33.30,37.06,36.00,20.00,MAN,0,0,0,-123.60,0.00,0.00,-73.60,0.00,0.00,0.00,0.00,NaN,NaN,NaN,NaN,NaN,NaN
440.52,33.30,37.06,36.00,20.00,MAN,0,0,0,-123.60,0.00,0.00,-73.60,0.00,0.00,0.00,0.00,NaN,NaN,NaN,NaN,NaN,NaN
441.52,33.30,37.09,36.00,20.00,MAN,0,0,0,-123.60,0.00,0.00,-73.60,0.00,0.00,0.00,0.00,NaN,NaN,NaN,NaN,NaN,NaN
442.52,33.30,37.09,36.00,20.00,MAN,0,0,0,-123.60,0.00,0.00,-73.60,0.00,0.00,0.00,0.00,NaN,NaN,NaN,NaN,NaN,NaN
443.52,33.30,37.09,36.00,20.00,MAN,0,0,0,-123.60,0.00,0.00,-73.60,0.00,0.00,0.00,0.00,NaN,NaN,NaN,NaN,NaN,NaN
444.52,33.30,37.09,36.00,20.00,MAN,0,0,0,-123.60,0.00,0.00,-73.60,0.00,0.00,0.00,0.00,NaN,NaN,NaN,NaN,NaN,NaN
445.53,33.30,37.09,36.00,20.00,MAN,0,0,0,-123.60,0.00,0.00,-73.60,0.00,0.00,0.00,0.00,NaN,NaN,NaN,NaN,NaN,NaN
446.53,33.29,37.12,36.00,20.00,MAN,0,0,0,-123.60,0.00,0.00,-73.60,0.00,0.00,0.00,0.00,NaN,NaN,NaN,NaN,NaN,NaN
447.53,33.28,37.12,36.00,20.00,MAN,0,0,0,-123.60,0.00,0.00,-73.60,0.00,0.00,0.00,0.00,NaN,NaN,NaN,NaN,NaN,NaN
448.53,33.28,37.12,36.00,20.00,MAN,0,0,0,-123.60,0.00,0.00,-73.60,0.00,0.00,0.00,0.00,NaN,NaN,NaN,NaN,NaN,NaN
449.53,33.26,37.14,36.00,20.00,MAN,0,0,0,-123.60,0.00,0.00,-73.60,0.00,0.00,0.00,0.00,NaN,NaN,NaN,NaN,NaN,NaN
450.53,33.26,37.14,36.00,20.00,MAN,0,0,0,-123.60,0.00,0.00,-73.60,0.00,0.00,0.00,0.00,NaN,NaN,NaN,NaN,NaN,NaN
451.54,33.25,37.14,36.00,20.00,MAN,0,0,0,-123.60,0.00,0.00,-73.60,0.00,0.00,0.00,0.00,NaN,NaN,NaN,NaN,NaN,NaN
452.54,33.23,37.14,36.00,20.00,MAN,0,0,0,-123.60,0.00,0.00,-73.60,0.00,0.00,0.00,0.00,NaN,NaN,NaN,NaN,NaN,NaN
453.54,33.23,37.14,36.00,20.00,MAN,0,0,0,-123.60,0.00,0.00,-73.60,0.00,0.00,0.00,0.00,NaN,NaN,NaN,NaN,NaN,NaN
454.54,33.23,37.14,36.00,20.00,MAN,0,0,0,-123.60,0.00,0.00,-73.60,0.00,0.00,0.00,0.00,NaN,NaN,NaN,NaN,NaN,NaN
455.54,33.22,37.14,36.00,20.00,MAN,0,0,0,-123.60,0.00,0.00,-73.60,0.00,0.00,0.00,0.00,NaN,NaN,NaN,NaN,NaN,NaN
456.55,33.21,37.14,36.00,20.00,MAN,0,0,0,-123.60,0.00,0.00,-73.60,0.00,0.00,0.00,0.00,NaN,NaN,NaN,NaN,NaN,NaN
457.54,33.21,37.14,36.00,20.00,MAN,0,0,0,-123.60,0.00,0.00,-73.60,0.00,0.00,0.00,0.00,NaN,NaN,NaN,NaN,NaN,NaN
458.55,33.20,37.17,36.00,20.00,MAN,0,0,0,-123.60,0.00,0.00,-73.60,0.00,0.00,0.00,0.00,NaN,NaN,NaN,NaN,NaN,NaN
459.55,33.20,37.17,36.00,20.00,MAN,0,0,0,-123.60,0.00,0.00,-73.60,0.00,0.00,0.00,0.00,NaN,NaN,NaN,NaN,NaN,NaN
460.55,33.19,37.21,36.00,20.00,MAN,0,0,0,-123.60,0.00,0.00,-73.60,0.00,0.00,0.00,0.00,NaN,NaN,NaN,NaN,NaN,NaN
461.55,33.19,37.21,36.00,20.00,MAN,0,0,0,-123.60,0.00,0.00,-73.60,0.00,0.00,0.00,0.00,NaN,NaN,NaN,NaN,NaN,NaN
462.55,33.18,37.21,36.00,20.00,MAN,0,0,0,-123.60,0.00,0.00,-73.60,0.00,0.00,0.00,0.00,NaN,NaN,NaN,NaN,NaN,NaN
463.55,33.18,37.24,36.00,20.00,MAN,0,0,0,-123.60,0.00,0.00,-73.60,0.00,0.00,0.00,0.00,NaN,NaN,NaN,NaN,NaN,NaN
464.56,33.17,37.24,36.00,20.00,MAN,0,0,0,-123.60,0.00,0.00,-73.60,0.00,0.00,0.00,0.00,NaN,NaN,NaN,NaN,NaN,NaN
465.56,33.17,37.27,36.00,20.00,MAN,0,0,0,-123.60,0.00,0.00,-73.60,0.00,0.00,0.00,0.00,NaN,NaN,NaN,NaN,NaN,NaN
466.56,33.17,37.27,36.00,20.00,MAN,0,0,0,-123.60,0.00,0.00,-73.60,0.00,0.00,0.00,0.00,NaN,NaN,NaN,NaN,NaN,NaN
467.56,33.16,37.27,36.00,20.00,MAN,0,0,0,-123.60,0.00,0.00,-73.60,0.00,0.00,0.00,0.00,NaN,NaN,NaN,NaN,NaN,NaN
468.56,33.16,37.27,36.00,20.00,MAN,0,0,0,-123.60,0.00,0.00,-73.60,0.00,0.00,0.00,0.00,NaN,NaN,NaN,NaN,NaN,NaN
469.57,33.15,37.27,36.00,20.00,MAN,0,0,0,-123.60,0.00,0.00,-73.60,0.00,0.00,0.00,0.00,NaN,NaN,NaN,NaN,NaN,NaN
470.57,33.14,37.27,36.00,20.00,MAN,0,0,0,-123.60,0.00,0.00,-73.60,0.00,0.00,0.00,0.00,NaN,NaN,NaN,NaN,NaN,NaN
471.57,33.14,37.27,36.00,20.00,MAN,0,0,0,-123.60,0.00,0.00,-73.60,0.00,0.00,0.00,0.00,NaN,NaN,NaN,NaN,NaN,NaN
472.57,33.13,37.27,36.00,20.00,MAN,0,0,0,-123.60,0.00,0.00,-73.60,0.00,0.00,0.00,0.00,NaN,NaN,NaN,NaN,NaN,NaN
473.57,33.13,37.27,36.00,20.00,MAN,0,0,0,-123.60,0.00,0.00,-73.60,0.00,0.00,0.00,0.00,NaN,NaN,NaN,NaN,NaN,NaN
474.57,33.12,37.31,36.00,20.00,MAN,0,0,0,-123.60,0.00,0.00,-73.60,0.00,0.00,0.00,0.00,NaN,NaN,NaN,NaN,NaN,NaN
475.57,33.12,37.29,36.00,20.00,MAN,0,0,0,-123.60,0.00,0.00,-73.60,0.00,0.00,0.00,0.00,NaN,NaN,NaN,NaN,NaN,NaN
476.57,33.11,37.29,36.00,20.00,MAN,0,0,0,-123.60,0.00,0.00,-73.60,0.00,0.00,0.00,0.00,NaN,NaN,NaN,NaN,NaN,NaN
477.58,33.11,37.29,36.00,20.00,MAN,0,0,0,-123.60,0.00,0.00,-73.60,0.00,0.00,0.00,0.00,NaN,NaN,NaN,NaN,NaN,NaN
478.58,33.09,37.29,36.00,20.00,MAN,0,0,0,-123.60,0.00,0.00,-73.60,0.00,0.00,0.00,0.00,NaN,NaN,NaN,NaN,NaN,NaN
479.58,33.09,37.29,36.00,20.00,MAN,0,0,0,-123.60,0.00,0.00,-73.60,0.00,0.00,0.00,0.00,NaN,NaN,NaN,NaN,NaN,NaN
480.58,33.09,37.32,36.00,20.00,MAN,0,0,0,-123.60,0.00,0.00,-73.60,0.00,0.00,0.00,0.00,NaN,NaN,NaN,NaN,NaN,NaN
481.58,33.08,37.32,36.00,20.00,MAN,0,0,0,-123.60,0.00,0.00,-73.60,0.00,0.00,0.00,0.00,NaN,NaN,NaN,NaN,NaN,NaN
482.58,33.07,37.32,36.00,20.00,MAN,0,0,0,-123.60,0.00,0.00,-73.60,0.00,0.00,0.00,0.00,NaN,NaN,NaN,NaN,NaN,NaN
483.59,33.07,37.32,36.00,20.00,MAN,0,0,0,-123.60,0.00,0.00,-73.60,0.00,0.00,0.00,0.00,NaN,NaN,NaN,NaN,NaN,NaN
484.59,33.07,37.32,36.00,20.00,MAN,0,0,0,-123.60,0.00,0.00,-73.60,0.00,0.00,0.00,0.00,NaN,NaN,NaN,NaN,NaN,NaN
485.59,33.06,37.32,36.00,20.00,MAN,0,0,0,-123.60,0.00,0.00,-73.60,0.00,0.00,0.00,0.00,NaN,NaN,NaN,NaN,NaN,NaN
486.59,33.05,37.36,36.00,20.00,MAN,0,0,0,-123.60,0.00,0.00,-73.60,0.00,0.00,0.00,0.00,NaN,NaN,NaN,NaN,NaN,NaN
487.59,33.05,37.36,36.00,20.00,MAN,0,0,0,-123.60,0.00,0.00,-73.60,0.00,0.00,0.00,0.00,NaN,NaN,NaN,NaN,NaN,NaN
488.60,33.05,37.36,36.00,20.00,MAN,0,0,0,-123.60,0.00,0.00,-73.60,0.00,0.00,0.00,0.00,NaN,NaN,NaN,NaN,NaN,NaN
489.59,33.04,37.36,36.00,20.00,MAN,0,0,0,-123.60,0.00,0.00,-73.60,0.00,0.00,0.00,0.00,NaN,NaN,NaN,NaN,NaN,NaN
490.60,33.04,37.36,36.00,20.00,MAN,0,0,0,-123.60,0.00,0.00,-73.60,0.00,0.00,0.00,0.00,NaN,NaN,NaN,NaN,NaN,NaN
491.60,33.03,37.36,36.00,20.00,MAN,0,0,0,-123.60,0.00,0.00,-73.60,0.00,0.00,0.00,0.00,NaN,NaN,NaN,NaN,NaN,NaN
492.60,33.03,37.43,36.00,20.00,MAN,0,0,0,-123.60,0.00,0.00,-73.60,0.00,0.00,0.00,0.00,NaN,NaN,NaN,NaN,NaN,NaN
493.60,33.02,37.43,36.00,20.00,MAN,0,0,0,-123.60,0.00,0.00,-73.60,0.00,0.00,0.00,0.00,NaN,NaN,NaN,NaN,NaN,NaN
494.60,33.02,37.43,36.00,20.00,MAN,0,0,0,-123.60,0.00,0.00,-73.60,0.00,0.00,0.00,0.00,NaN,NaN,NaN,NaN,NaN,NaN
495.60,33.01,37.43,36.00,20.00,MAN,0,0,0,-123.60,0.00,0.00,-73.60,0.00,0.00,0.00,0.00,NaN,NaN,NaN,NaN,NaN,NaN
496.61,33.01,37.43,36.00,20.00,MAN,0,0,0,-123.60,0.00,0.00,-73.60,0.00,0.00,0.00,0.00,NaN,NaN,NaN,NaN,NaN,NaN
497.61,33.00,37.43,36.00,20.00,MAN,0,0,0,-123.60,0.00,0.00,-73.60,0.00,0.00,0.00,0.00,NaN,NaN,NaN,NaN,NaN,NaN
498.61,33.00,37.46,36.00,20.00,MAN,0,0,0,-123.60,0.00,0.00,-73.60,0.00,0.00,0.00,0.00,NaN,NaN,NaN,NaN,NaN,NaN
499.61,33.00,37.46,36.00,20.00,MAN,0,0,0,-123.60,0.00,0.00,-73.60,0.00,0.00,0.00,0.00,NaN,NaN,NaN,NaN,NaN,NaN
500.61,32.99,37.46,36.00,20.00,MAN,0,0,0,-123.60,0.00,0.00,-73.60,0.00,0.00,0.00,0.00,NaN,NaN,NaN,NaN,NaN,NaN
501.62,32.99,37.46,36.00,20.00,MAN,0,0,0,-123.60,0.00,0.00,-73.60,0.00,0.00,0.00,0.00,NaN,NaN,NaN,NaN,NaN,NaN
502.62,32.98,37.49,36.00,20.00,MAN,0,0,0,-123.60,0.00,0.00,-73.60,0.00,0.00,0.00,0.00,NaN,NaN,NaN,NaN,NaN,NaN
503.62,32.98,37.49,36.00,20.00,MAN,0,0,0,-123.60,0.00,0.00,-73.60,0.00,0.00,0.00,0.00,NaN,NaN,NaN,NaN,NaN,NaN
504.62,32.97,37.49,36.00,20.00,MAN,0,0,0,-123.60,0.00,0.00,-73.60,0.00,0.00,0.00,0.00,NaN,NaN,NaN,NaN,NaN,NaN
505.62,32.97,37.49,36.00,20.00,MAN,0,0,0,-123.60,0.00,0.00,-73.60,0.00,0.00,0.00,0.00,NaN,NaN,NaN,NaN,NaN,NaN
506.62,32.96,37.49,36.00,20.00,MAN,0,0,0,-123.60,0.00,0.00,-73.60,0.00,0.00,0.00,0.00,NaN,NaN,NaN,NaN,NaN,NaN
507.62,32.96,37.49,36.00,20.00,MAN,0,0,0,-123.60,0.00,0.00,-73.60,0.00,0.00,0.00,0.00,NaN,NaN,NaN,NaN,NaN,NaN
508.62,32.94,37.49,36.00,20.00,MAN,0,0,0,-123.60,0.00,0.00,-73.60,0.00,0.00,0.00,0.00,NaN,NaN,NaN,NaN,NaN,NaN
509.63,32.94,37.47,36.00,20.00,MAN,0,0,0,-123.60,0.00,0.00,-73.60,0.00,0.00,0.00,0.00,NaN,NaN,NaN,NaN,NaN,NaN
510.63,32.94,37.51,36.00,20.00,MAN,0,0,0,-123.60,0.00,0.00,-73.60,0.00,0.00,0.00,0.00,NaN,NaN,NaN,NaN,NaN,NaN
511.63,32.93,37.51,36.00,20.00,MAN,0,0,0,-123.60,0.00,0.00,-73.60,0.00,0.00,0.00,0.00,NaN,NaN,NaN,NaN,NaN,NaN
512.63,32.93,37.51,36.00,20.00,MAN,0,0,0,-123.60,0.00,0.00,-73.60,0.00,0.00,0.00,0.00,NaN,NaN,NaN,NaN,NaN,NaN
513.63,32.92,37.51,36.00,20.00,MAN,0,0,0,-123.60,0.00,0.00,-73.60,0.00,0.00,0.00,0.00,NaN,NaN,NaN,NaN,NaN,NaN
514.63,32.92,37.51,36.00,20.00,MAN,0,0,0,-123.60,0.00,0.00,-73.60,0.00,0.00,0.00,0.00,NaN,NaN,NaN,NaN,NaN,NaN
515.64,32.91,37.54,36.00,20.00,MAN,0,0,0,-123.60,0.00,0.00,-73.60,0.00,0.00,0.00,0.00,NaN,NaN,NaN,NaN,NaN,NaN
516.64,32.90,37.54,36.00,20.00,MAN,0,0,0,-123.60,0.00,0.00,-73.60,0.00,0.00,0.00,0.00,NaN,NaN,NaN,NaN,NaN,NaN
517.64,32.90,37.54,36.00,20.00,MAN,0,0,0,-123.60,0.00,0.00,-73.60,0.00,0.00,0.00,0.00,NaN,NaN,NaN,NaN,NaN,NaN
518.64,32.90,37.54,36.00,20.00,MAN,0,0,0,-123.60,0.00,0.00,-73.60,0.00,0.00,0.00,0.00,NaN,NaN,NaN,NaN,NaN,NaN
519.64,32.90,37.58,36.00,20.00,MAN,0,0,0,-123.60,0.00,0.00,-73.60,0.00,0.00,0.00,0.00,NaN,NaN,NaN,NaN,NaN,NaN
520.64,32.89,37.58,36.00,20.00,MAN,0,0,0,-123.60,0.00,0.00,-73.60,0.00,0.00,0.00,0.00,NaN,NaN,NaN,NaN,NaN,NaN
521.64,32.88,37.58,36.00,20.00,MAN,0,0,0,-123.60,0.00,0.00,-73.60,0.00,0.00,0.00,0.00,NaN,NaN,NaN,NaN,NaN,NaN
522.65,32.88,37.61,36.00,20.00,MAN,0,0,0,-123.60,0.00,0.00,-73.60,0.00,0.00,0.00,0.00,NaN,NaN,NaN,NaN,NaN,NaN
523.65,32.88,37.61,36.00,20.00,MAN,0,0,0,-123.60,0.00,0.00,-73.60,0.00,0.00,0.00,0.00,NaN,NaN,NaN,NaN,NaN,NaN
524.65,32.87,37.64,36.00,20.00,MAN,0,0,0,-123.60,0.00,0.00,-73.60,0.00,0.00,0.00,0.00,NaN,NaN,NaN,NaN,NaN,NaN
525.65,32.87,37.64,36.00,20.00,MAN,0,0,0,-123.60,0.00,0.00,-73.60,0.00,0.00,0.00,0.00,NaN,NaN,NaN,NaN,NaN,NaN
526.65,32.87,37.64,36.00,20.00,MAN,0,0,0,-123.60,0.00,0.00,-73.60,0.00,0.00,0.00,0.00,NaN,NaN,NaN,NaN,NaN,NaN
527.65,32.86,37.64,36.00,20.00,MAN,0,0,0,-123.60,0.00,0.00,-73.60,0.00,0.00,0.00,0.00,NaN,NaN,NaN,NaN,NaN,NaN
528.66,32.85,37.64,36.00,20.00,MAN,0,0,0,-123.60,0.00,0.00,-73.60,0.00,0.00,0.00,0.00,NaN,NaN,NaN,NaN,NaN,NaN
529.66,32.85,37.64,36.00,20.00,MAN,0,0,0,-123.60,0.00,0.00,-73.60,0.00,0.00,0.00,0.00,NaN,NaN,NaN,NaN,NaN,NaN
530.66,32.85,37.64,36.00,20.00,MAN,0,0,0,-123.60,0.00,0.00,-73.60,0.00,0.00,0.00,0.00,NaN,NaN,NaN,NaN,NaN,NaN
531.66,32.84,37.64,36.00,20.00,MAN,0,0,0,-123.60,0.00,0.00,-73.60,0.00,0.00,0.00,0.00,NaN,NaN,NaN,NaN,NaN,NaN
532.66,32.84,37.64,36.00,20.00,MAN,0,0,0,-123.60,0.00,0.00,-73.60,0.00,0.00,0.00,0.00,NaN,NaN,NaN,NaN,NaN,NaN
533.67,32.84,37.64,36.00,20.00,MAN,0,0,0,-123.60,0.00,0.00,-73.60,0.00,0.00,0.00,0.00,NaN,NaN,NaN,NaN,NaN,NaN
534.66,32.83,37.68,36.00,20.00,MAN,0,0,0,-123.60,0.00,0.00,-73.60,0.00,0.00,0.00,0.00,NaN,NaN,NaN,NaN,NaN,NaN
535.67,32.82,37.68,36.00,20.00,MAN,0,0,0,-123.60,0.00,0.00,-73.60,0.00,0.00,0.00,0.00,NaN,NaN,NaN,NaN,NaN,NaN
536.67,32.82,37.68,36.00,20.00,MAN,0,0,0,-123.60,0.00,0.00,-73.60,0.00,0.00,0.00,0.00,NaN,NaN,NaN,NaN,NaN,NaN
537.67,32.82,37.68,36.00,20.00,MAN,0,0,0,-123.60,0.00,0.00,-73.60,0.00,0.00,0.00,0.00,NaN,NaN,NaN,NaN,NaN,NaN
538.67,32.81,37.71,36.00,20.00,MAN,0,0,0,-123.60,0.00,0.00,-73.60,0.00,0.00,0.00,0.00,NaN,NaN,NaN,NaN,NaN,NaN
539.67,32.81,37.71,36.00,20.00,MAN,0,0,0,-123.60,0.00,0.00,-73.60,0.00,0.00,0.00,0.00,NaN,NaN,NaN,NaN,NaN,NaN
540.67,32.79,37.71,36.00,20.00,MAN,0,0,0,-123.60,0.00,0.00,-73.60,0.00,0.00,0.00,0.00,NaN,NaN,NaN,NaN,NaN,NaN
541.68,32.79,37.71,36.00,20.00,MAN,0,0,0,-123.60,0.00,0.00,-73.60,0.00,0.00,0.00,0.00,NaN,NaN,NaN,NaN,NaN,NaN
542.68,32.79,37.71,36.00,20.00,MAN,0,0,0,-123.60,0.00,0.00,-73.60,0.00,0.00,0.00,0.00,NaN,NaN,NaN,NaN,NaN,NaN
543.68,32.78,37.71,36.00,20.00,MAN,0,0,0,-123.60,0.00,0.00,-73.60,0.00,0.00,0.00,0.00,NaN,NaN,NaN,NaN,NaN,NaN
544.68,32.78,37.69,36.00,20.00,MAN,0,0,0,-123.60,0.00,0.00,-73.60,0.00,0.00,0.00,0.00,NaN,NaN,NaN,NaN,NaN,NaN
545.68,32.77,37.72,36.00,20.00,MAN,0,0,0,-123.60,0.00,0.00,-73.60,0.00,0.00,0.00,0.00,NaN,NaN,NaN,NaN,NaN,NaN
546.68,32.77,37.72,36.00,20.00,MAN,0,0,0,-123.60,0.00,0.00,-73.60,0.00,0.00,0.00,0.00,NaN,NaN,NaN,NaN,NaN,NaN
547.69,32.76,37.72,36.00,20.00,MAN,0,0,0,-123.60,0.00,0.00,-73.60,0.00,0.00,0.00,0.00,NaN,NaN,NaN,NaN,NaN,NaN
548.69,32.76,37.72,36.00,20.00,MAN,0,0,0,-123.60,0.00,0.00,-73.60,0.00,0.00,0.00,0.00,NaN,NaN,NaN,NaN,NaN,NaN
549.69,32.75,37.72,36.00,20.00,MAN,0,0,0,-123.60,0.00,0.00,-73.60,0.00,0.00,0.00,0.00,NaN,NaN,NaN,NaN,NaN,NaN
550.69,32.75,37.72,36.00,20.00,MAN,0,0,0,-123.60,0.00,0.00,-73.60,0.00,0.00,0.00,0.00,NaN,NaN,NaN,NaN,NaN,NaN
551.69,32.74,37.72,36.00,20.00,MAN,0,0,0,-123.60,0.00,0.00,-73.60,0.00,0.00,0.00,0.00,NaN,NaN,NaN,NaN,NaN,NaN
552.70,32.74,37.72,36.00,20.00,MAN,0,0,0,-123.60,0.00,0.00,-73.60,0.00,0.00,0.00,0.00,NaN,NaN,NaN,NaN,NaN,NaN
553.69,32.74,37.72,36.00,20.00,MAN,0,0,0,-123.60,0.00,0.00,-73.60,0.00,0.00,0.00,0.00,NaN,NaN,NaN,NaN,NaN,NaN
554.70,32.74,37.75,36.00,20.00,MAN,0,0,0,-123.60,0.00,0.00,-73.60,0.00,0.00,0.00,0.00,NaN,NaN,NaN,NaN,NaN,NaN
555.70,32.74,37.75,36.00,20.00,MAN,0,0,0,-123.60,0.00,0.00,-73.60,0.00,0.00,0.00,0.00,NaN,NaN,NaN,NaN,NaN,NaN
556.70,32.73,37.75,36.00,20.00,MAN,0,0,0,-123.60,0.00,0.00,-73.60,0.00,0.00,0.00,0.00,NaN,NaN,NaN,NaN,NaN,NaN
557.70,32.72,37.75,36.00,20.00,MAN,0,0,0,-123.60,0.00,0.00,-73.60,0.00,0.00,0.00,0.00,NaN,NaN,NaN,NaN,NaN,NaN
558.70,32.72,37.75,36.00,20.00,MAN,0,0,0,-123.60,0.00,0.00,-73.60,0.00,0.00,0.00,0.00,NaN,NaN,NaN,NaN,NaN,NaN
559.70,32.72,37.79,36.00,20.00,MAN,0,0,0,-123.60,0.00,0.00,-73.60,0.00,0.00,0.00,0.00,NaN,NaN,NaN,NaN,NaN,NaN
560.71,32.72,37.79,36.00,20.00,MAN,0,0,0,-123.60,0.00,0.00,-73.60,0.00,0.00,0.00,0.00,NaN,NaN,NaN,NaN,NaN,NaN
561.71,32.70,37.79,36.00,20.00,MAN,0,0,0,-123.60,0.00,0.00,-73.60,0.00,0.00,0.00,0.00,NaN,NaN,NaN,NaN,NaN,NaN
562.71,32.70,37.82,36.00,20.00,MAN,0,0,0,-123.60,0.00,0.00,-73.60,0.00,0.00,0.00,0.00,NaN,NaN,NaN,NaN,NaN,NaN
563.71,32.70,37.82,36.00,20.00,MAN,0,0,0,-123.60,0.00,0.00,-73.60,0.00,0.00,0.00,0.00,NaN,NaN,NaN,NaN,NaN,NaN
564.71,32.69,37.86,36.00,20.00,MAN,0,0,0,-123.60,0.00,0.00,-73.60,0.00,0.00,0.00,0.00,NaN,NaN,NaN,NaN,NaN,NaN
565.72,32.69,37.86,36.00,20.00,MAN,0,0,0,-123.60,0.00,0.00,-73.60,0.00,0.00,0.00,0.00,NaN,NaN,NaN,NaN,NaN,NaN
566.71,32.68,37.86,36.00,20.00,MAN,0,0,0,-123.60,0.00,0.00,-73.60,0.00,0.00,0.00,0.00,NaN,NaN,NaN,NaN,NaN,NaN
567.72,32.68,37.86,36.00,20.00,MAN,0,0,0,-123.60,0.00,0.00,-73.60,0.00,0.00,0.00,0.00,NaN,NaN,NaN,NaN,NaN,NaN
568.72,32.68,37.86,36.00,20.00,MAN,0,0,0,-123.60,0.00,0.00,-73.60,0.00,0.00,0.00,0.00,NaN,NaN,NaN,NaN,NaN,NaN
569.72,32.67,37.86,36.00,20.00,MAN,0,0,0,-123.60,0.00,0.00,-73.60,0.00,0.00,0.00,0.00,NaN,NaN,NaN,NaN,NaN,NaN
570.72,32.67,37.86,36.00,20.00,MAN,0,0,0,-123.60,0.00,0.00,-73.60,0.00,0.00,0.00,0.00,NaN,NaN,NaN,NaN,NaN,NaN
571.72,32.67,37.86,36.00,20.00,MAN,0,0,0,-123.60,0.00,0.00,-73.60,0.00,0.00,0.00,0.00,NaN,NaN,NaN,NaN,NaN,NaN
572.72,32.66,37.86,36.00,20.00,MAN,0,0,0,-123.60,0.00,0.00,-73.60,0.00,0.00,0.00,0.00,NaN,NaN,NaN,NaN,NaN,NaN
573.73,32.66,37.86,36.00,20.00,MAN,0,0,0,-123.60,0.00,0.00,-73.60,0.00,0.00,0.00,0.00,NaN,NaN,NaN,NaN,NaN,NaN
574.73,32.66,37.86,36.00,20.00,MAN,0,0,0,-123.60,0.00,0.00,-73.60,0.00,0.00,0.00,0.00,NaN,NaN,NaN,NaN,NaN,NaN
575.73,32.64,37.86,36.00,20.00,MAN,0,0,0,-123.60,0.00,0.00,-73.60,0.00,0.00,0.00,0.00,NaN,NaN,NaN,NaN,NaN,NaN
576.73,32.64,37.86,36.00,20.00,MAN,0,0,0,-123.60,0.00,0.00,-73.60,0.00,0.00,0.00,0.00,NaN,NaN,NaN,NaN,NaN,NaN
577.73,32.63,37.89,36.00,20.00,MAN,0,0,0,-123.60,0.00,0.00,-73.60,0.00,0.00,0.00,0.00,NaN,NaN,NaN,NaN,NaN,NaN
578.73,32.63,37.89,36.00,20.00,MAN,0,0,0,-123.60,0.00,0.00,-73.60,0.00,0.00,0.00,0.00,NaN,NaN,NaN,NaN,NaN,NaN
579.74,32.62,37.89,36.00,20.00,MAN,0,0,0,-123.60,0.00,0.00,-73.60,0.00,0.00,0.00,0.00,NaN,NaN,NaN,NaN,NaN,NaN
580.74,32.62,37.89,36.00,20.00,MAN,0,0,0,-123.60,0.00,0.00,-73.60,0.00,0.00,0.00,0.00,NaN,NaN,NaN,NaN,NaN,NaN
581.74,32.62,37.89,36.00,20.00,MAN,0,0,0,-123.60,0.00,0.00,-73.60,0.00,0.00,0.00,0.00,NaN,NaN,NaN,NaN,NaN,NaN
582.74,32.61,37.93,36.00,20.00,MAN,0,0,0,-123.60,0.00,0.00,-73.60,0.00,0.00,0.00,0.00,NaN,NaN,NaN,NaN,NaN,NaN
583.74,32.61,37.93,36.00,20.00,MAN,0,0,0,-123.60,0.00,0.00,-73.60,0.00,0.00,0.00,0.00,NaN,NaN,NaN,NaN,NaN,NaN
584.74,32.61,37.93,36.00,20.00,MAN,0,0,0,-123.60,0.00,0.00,-73.60,0.00,0.00,0.00,0.00,NaN,NaN,NaN,NaN,NaN,NaN
585.74,32.60,37.93,36.00,20.00,MAN,0,0,0,-123.60,0.00,0.00,-73.60,0.00,0.00,0.00,0.00,NaN,NaN,NaN,NaN,NaN,NaN
586.75,32.60,37.93,36.00,20.00,MAN,0,0,0,-123.60,0.00,0.00,-73.60,0.00,0.00,0.00,0.00,NaN,NaN,NaN,NaN,NaN,NaN
587.75,32.60,37.91,36.00,20.00,MAN,0,0,0,-123.60,0.00,0.00,-73.60,0.00,0.00,0.00,0.00,NaN,NaN,NaN,NaN,NaN,NaN
588.75,32.59,37.91,36.00,20.00,MAN,0,0,0,-123.60,0.00,0.00,-73.60,0.00,0.00,0.00,0.00,NaN,NaN,NaN,NaN,NaN,NaN
589.75,32.59,37.91,36.00,20.00,MAN,0,0,0,-123.60,0.00,0.00,-73.60,0.00,0.00,0.00,0.00,NaN,NaN,NaN,NaN,NaN,NaN
590.75,32.58,37.91,36.00,20.00,MAN,0,0,0,-123.60,0.00,0.00,-73.60,0.00,0.00,0.00,0.00,NaN,NaN,NaN,NaN,NaN,NaN
591.75,32.58,37.95,36.00,20.00,MAN,0,0,0,-123.60,0.00,0.00,-73.60,0.00,0.00,0.00,0.00,NaN,NaN,NaN,NaN,NaN,NaN
592.76,32.58,37.95,36.00,20.00,MAN,0,0,0,-123.60,0.00,0.00,-73.60,0.00,0.00,0.00,0.00,NaN,NaN,NaN,NaN,NaN,NaN
593.76,32.57,37.95,36.00,20.00,MAN,0,0,0,-123.60,0.00,0.00,-73.60,0.00,0.00,0.00,0.00,NaN,NaN,NaN,NaN,NaN,NaN
594.76,32.57,37.95,36.00,20.00,MAN,0,0,0,-123.60,0.00,0.00,-73.60,0.00,0.00,0.00,0.00,NaN,NaN,NaN,NaN,NaN,NaN
595.76,32.56,37.95,36.00,20.00,MAN,0,0,0,-123.60,0.00,0.00,-73.60,0.00,0.00,0.00,0.00,NaN,NaN,NaN,NaN,NaN,NaN
596.76,32.56,37.95,36.00,20.00,MAN,0,0,0,-123.60,0.00,0.00,-73.60,0.00,0.00,0.00,0.00,NaN,NaN,NaN,NaN,NaN,NaN
597.77,32.55,37.95,36.00,20.00,MAN,0,0,0,-123.60,0.00,0.00,-73.60,0.00,0.00,0.00,0.00,NaN,NaN,NaN,NaN,NaN,NaN
598.77,32.55,37.98,36.00,20.00,MAN,0,0,0,-123.60,0.00,0.00,-73.60,0.00,0.00,0.00,0.00,NaN,NaN,NaN,NaN,NaN,NaN
599.77,32.55,37.98,36.00,20.00,MAN,0,0,0,-123.60,0.00,0.00,-73.60,0.00,0.00,0.00,0.00,NaN,NaN,NaN,NaN,NaN,NaN
600.77,32.54,37.98,36.00,20.00,MAN,0,0,0,-123.60,0.00,0.00,-73.60,0.00,0.00,0.00,0.00,NaN,NaN,NaN,NaN,NaN,NaN
601.77,32.54,37.98,36.00,20.00,MAN,0,0,0,-123.60,0.00,0.00,-73.60,0.00,0.00,0.00,0.00,NaN,NaN,NaN,NaN,NaN,NaN
602.77,32.53,37.98,36.00,20.00,MAN,0,0,0,-123.60,0.00,0.00,-73.60,0.00,0.00,0.00,0.00,NaN,NaN,NaN,NaN,NaN,NaN
603.77,32.53,37.98,36.00,20.00,MAN,0,0,0,-123.60,0.00,0.00,-73.60,0.00,0.00,0.00,0.00,NaN,NaN,NaN,NaN,NaN,NaN
604.77,32.53,37.98,36.00,20.00,MAN,0,0,0,-123.60,0.00,0.00,-73.60,0.00,0.00,0.00,0.00,NaN,NaN,NaN,NaN,NaN,NaN
605.78,32.52,37.98,36.00,20.00,MAN,0,0,0,-123.60,0.00,0.00,-73.60,0.00,0.00,0.00,0.00,NaN,NaN,NaN,NaN,NaN,NaN
606.78,32.52,37.98,36.00,20.00,MAN,0,0,0,-123.60,0.00,0.00,-73.60,0.00,0.00,0.00,0.00,NaN,NaN,NaN,NaN,NaN,NaN
607.78,32.52,38.01,36.00,20.00,MAN,0,0,0,-123.60,0.00,0.00,-73.60,0.00,0.00,0.00,0.00,NaN,NaN,NaN,NaN,NaN,NaN
608.78,32.50,38.01,36.00,20.00,MAN,0,0,0,-123.60,0.00,0.00,-73.60,0.00,0.00,0.00,0.00,NaN,NaN,NaN,NaN,NaN,NaN
609.78,32.50,38.01,36.00,20.00,MAN,0,0,0,-123.60,0.00,0.00,-73.60,0.00,0.00,0.00,0.00,NaN,NaN,NaN,NaN,NaN,NaN
610.78,32.49,38.01,36.00,20.00,MAN,0,0,0,-123.60,0.00,0.00,-73.60,0.00,0.00,0.00,0.00,NaN,NaN,NaN,NaN,NaN,NaN
611.79,32.49,38.01,36.00,20.00,MAN,0,0,0,-123.60,0.00,0.00,-73.60,0.00,0.00,0.00,0.00,NaN,NaN,NaN,NaN,NaN,NaN
612.79,32.49,38.04,36.00,20.00,MAN,0,0,0,-123.60,0.00,0.00,-73.60,0.00,0.00,0.00,0.00,NaN,NaN,NaN,NaN,NaN,NaN
613.79,32.48,38.04,36.00,20.00,MAN,0,0,0,-123.60,0.00,0.00,-73.60,0.00,0.00,0.00,0.00,NaN,NaN,NaN,NaN,NaN,NaN
614.79,32.48,38.04,36.00,20.00,MAN,0,0,0,-123.60,0.00,0.00,-73.60,0.00,0.00,0.00,0.00,NaN,NaN,NaN,NaN,NaN,NaN
615.79,32.47,38.04,36.00,20.00,MAN,0,0,0,-123.60,0.00,0.00,-73.60,0.00,0.00,0.00,0.00,NaN,NaN,NaN,NaN,NaN,NaN
616.79,32.47,38.04,36.00,20.00,MAN,0,0,0,-123.60,0.00,0.00,-73.60,0.00,0.00,0.00,0.00,NaN,NaN,NaN,NaN,NaN,NaN
617.79,32.47,38.08,36.00,20.00,MAN,0,0,0,-123.60,0.00,0.00,-73.60,0.00,0.00,0.00,0.00,NaN,NaN,NaN,NaN,NaN,NaN
618.80,32.47,38.08,36.00,20.00,MAN,0,0,0,-123.60,0.00,0.00,-73.60,0.00,0.00,0.00,0.00,NaN,NaN,NaN,NaN,NaN,NaN
619.80,32.46,38.08,36.00,20.00,MAN,0,0,0,-123.60,0.00,0.00,-73.60,0.00,0.00,0.00,0.00,NaN,NaN,NaN,NaN,NaN,NaN
620.80,32.46,38.08,36.00,20.00,MAN,0,0,0,-123.60,0.00,0.00,-73.60,0.00,0.00,0.00,0.00,NaN,NaN,NaN,NaN,NaN,NaN
621.80,32.45,38.08,36.00,20.00,MAN,0,0,0,-123.60,0.00,0.00,-73.60,0.00,0.00,0.00,0.00,NaN,NaN,NaN,NaN,NaN,NaN
622.80,32.45,38.08,36.00,20.00,MAN,0,0,0,-123.60,0.00,0.00,-73.60,0.00,0.00,0.00,0.00,NaN,NaN,NaN,NaN,NaN,NaN
623.80,32.44,38.08,36.00,20.00,MAN,0,0,0,-123.60,0.00,0.00,-73.60,0.00,0.00,0.00,0.00,NaN,NaN,NaN,NaN,NaN,NaN
624.81,32.44,38.08,36.00,20.00,MAN,0,0,0,-123.60,0.00,0.00,-73.60,0.00,0.00,0.00,0.00,NaN,NaN,NaN,NaN,NaN,NaN
625.81,32.44,38.06,36.00,20.00,MAN,0,0,0,-123.60,0.00,0.00,-73.60,0.00,0.00,0.00,0.00,NaN,NaN,NaN,NaN,NaN,NaN
626.81,32.44,38.06,36.00,20.00,MAN,0,0,0,-123.60,0.00,0.00,-73.60,0.00,0.00,0.00,0.00,NaN,NaN,NaN,NaN,NaN,NaN
627.81,32.43,38.09,36.00,20.00,MAN,0,0,0,-123.60,0.00,0.00,-73.60,0.00,0.00,0.00,0.00,NaN,NaN,NaN,NaN,NaN,NaN
628.81,32.43,38.09,36.00,20.00,MAN,0,0,0,-123.60,0.00,0.00,-73.60,0.00,0.00,0.00,0.00,NaN,NaN,NaN,NaN,NaN,NaN
629.81,32.42,38.09,36.00,20.00,MAN,0,0,0,-123.60,0.00,0.00,-73.60,0.00,0.00,0.00,0.00,NaN,NaN,NaN,NaN,NaN,NaN
630.81,32.42,38.09,36.00,20.00,MAN,0,0,0,-123.60,0.00,0.00,-73.60,0.00,0.00,0.00,0.00,NaN,NaN,NaN,NaN,NaN,NaN
631.82,32.41,38.09,36.00,20.00,MAN,0,0,0,-123.60,0.00,0.00,-73.60,0.00,0.00,0.00,0.00,NaN,NaN,NaN,NaN,NaN,NaN
632.82,32.41,38.09,36.00,20.00,MAN,0,0,0,-123.60,0.00,0.00,-73.60,0.00,0.00,0.00,0.00,NaN,NaN,NaN,NaN,NaN,NaN
633.82,32.40,38.09,36.00,20.00,MAN,0,0,0,-123.60,0.00,0.00,-73.60,0.00,0.00,0.00,0.00,NaN,NaN,NaN,NaN,NaN,NaN
634.82,32.40,38.09,36.00,20.00,MAN,0,0,0,-123.60,0.00,0.00,-73.60,0.00,0.00,0.00,0.00,NaN,NaN,NaN,NaN,NaN,NaN
635.82,32.39,38.09,36.00,20.00,MAN,0,0,0,-123.60,0.00,0.00,-73.60,0.00,0.00,0.00,0.00,NaN,NaN,NaN,NaN,NaN,NaN
636.82,32.39,38.16,36.00,20.00,MAN,0,0,0,-123.60,0.00,0.00,-73.60,0.00,0.00,0.00,0.00,NaN,NaN,NaN,NaN,NaN,NaN
637.83,32.39,38.16,36.00,20.00,MAN,0,0,0,-123.60,0.00,0.00,-73.60,0.00,0.00,0.00,0.00,NaN,NaN,NaN,NaN,NaN,NaN
638.83,32.38,38.16,36.00,20.00,MAN,0,0,0,-123.60,0.00,0.00,-73.60,0.00,0.00,0.00,0.00,NaN,NaN,NaN,NaN,NaN,NaN
639.83,32.38,38.16,36.00,20.00,MAN,0,0,0,-123.60,0.00,0.00,-73.60,0.00,0.00,0.00,0.00,NaN,NaN,NaN,NaN,NaN,NaN
640.83,32.38,38.16,36.00,20.00,MAN,0,0,0,-123.60,0.00,0.00,-73.60,0.00,0.00,0.00,0.00,NaN,NaN,NaN,NaN,NaN,NaN
641.83,32.38,38.16,36.00,20.00,MAN,0,0,0,-123.60,0.00,0.00,-73.60,0.00,0.00,0.00,0.00,NaN,NaN,NaN,NaN,NaN,NaN
642.83,32.38,38.20,36.00,20.00,MAN,0,0,0,-123.60,0.00,0.00,-73.60,0.00,0.00,0.00,0.00,NaN,NaN,NaN,NaN,NaN,NaN
643.84,32.38,38.20,36.00,20.00,MAN,0,0,0,-123.60,0.00,0.00,-73.60,0.00,0.00,0.00,0.00,NaN,NaN,NaN,NaN,NaN,NaN
644.84,32.38,38.20,36.00,20.00,MAN,0,0,0,-123.60,0.00,0.00,-73.60,0.00,0.00,0.00,0.00,NaN,NaN,NaN,NaN,NaN,NaN
645.84,32.38,38.20,36.00,20.00,MAN,0,0,0,-123.60,0.00,0.00,-73.60,0.00,0.00,0.00,0.00,NaN,NaN,NaN,NaN,NaN,NaN
646.84,32.38,38.20,36.00,20.00,MAN,0,0,0,-123.60,0.00,0.00,-73.60,0.00,0.00,0.00,0.00,NaN,NaN,NaN,NaN,NaN,NaN
647.84,32.37,38.20,36.00,20.00,MAN,0,0,0,-123.60,0.00,0.00,-73.60,0.00,0.00,0.00,0.00,NaN,NaN,NaN,NaN,NaN,NaN
648.84,32.37,38.20,36.00,20.00,MAN,0,0,0,-123.60,0.00,0.00,-73.60,0.00,0.00,0.00,0.00,NaN,NaN,NaN,NaN,NaN,NaN
649.84,32.35,38.20,36.00,20.00,MAN,0,0,0,-123.60,0.00,0.00,-73.60,0.00,0.00,0.00,0.00,NaN,NaN,NaN,NaN,NaN,NaN
650.85,32.35,38.23,36.00,20.00,MAN,0,0,0,-123.60,0.00,0.00,-73.60,0.00,0.00,0.00,0.00,NaN,NaN,NaN,NaN,NaN,NaN
651.85,32.34,38.23,36.00,20.00,MAN,0,0,0,-123.60,0.00,0.00,-73.60,0.00,0.00,0.00,0.00,NaN,NaN,NaN,NaN,NaN,NaN
652.85,32.34,38.23,36.00,20.00,MAN,0,0,0,-123.60,0.00,0.00,-73.60,0.00,0.00,0.00,0.00,NaN,NaN,NaN,NaN,NaN,NaN
653.85,32.33,38.23,36.00,20.00,MAN,0,0,0,-123.60,0.00,0.00,-73.60,0.00,0.00,0.00,0.00,NaN,NaN,NaN,NaN,NaN,NaN
654.85,32.33,38.23,36.00,20.00,MAN,0,0,0,-123.60,0.00,0.00,-73.60,0.00,0.00,0.00,0.00,NaN,NaN,NaN,NaN,NaN,NaN
655.85,32.33,38.23,36.00,20.00,MAN,0,0,0,-123.60,0.00,0.00,-73.60,0.00,0.00,0.00,0.00,NaN,NaN,NaN,NaN,NaN,NaN
656.86,32.32,38.23,36.00,20.00,MAN,0,0,0,-123.60,0.00,0.00,-73.60,0.00,0.00,0.00,0.00,NaN,NaN,NaN,NaN,NaN,NaN
657.86,32.32,38.26,36.00,20.00,MAN,0,0,0,-123.60,0.00,0.00,-73.60,0.00,0.00,0.00,0.00,NaN,NaN,NaN,NaN,NaN,NaN
658.86,32.31,38.26,36.00,20.00,MAN,0,0,0,-123.60,0.00,0.00,-73.60,0.00,0.00,0.00,0.00,NaN,NaN,NaN,NaN,NaN,NaN
659.86,32.31,38.26,36.00,20.00,MAN,0,0,0,-123.60,0.00,0.00,-73.60,0.00,0.00,0.00,0.00,NaN,NaN,NaN,NaN,NaN,NaN
660.86,32.30,38.26,36.00,20.00,MAN,0,0,0,-123.60,0.00,0.00,-73.60,0.00,0.00,0.00,0.00,NaN,NaN,NaN,NaN,NaN,NaN
661.86,32.30,38.26,36.00,20.00,MAN,0,0,0,-123.60,0.00,0.00,-73.60,0.00,0.00,0.00,0.00,NaN,NaN,NaN,NaN,NaN,NaN
662.87,32.30,38.26,36.00,20.00,MAN,0,0,0,-123.60,0.00,0.00,-73.60,0.00,0.00,0.00,0.00,NaN,NaN,NaN,NaN,NaN,NaN
663.87,32.30,38.30,36.00,20.00,MAN,0,0,0,-123.60,0.00,0.00,-73.60,0.00,0.00,0.00,0.00,NaN,NaN,NaN,NaN,NaN,NaN
664.87,32.29,38.30,36.00,20.00,MAN,0,0,0,-123.60,0.00,0.00,-73.60,0.00,0.00,0.00,0.00,NaN,NaN,NaN,NaN,NaN,NaN
665.87,32.29,38.30,36.00,20.00,MAN,0,0,0,-123.60,0.00,0.00,-73.60,0.00,0.00,0.00,0.00,NaN,NaN,NaN,NaN,NaN,NaN
666.87,32.29,38.30,36.00,20.00,MAN,0,0,0,-123.60,0.00,0.00,-73.60,0.00,0.00,0.00,0.00,NaN,NaN,NaN,NaN,NaN,NaN
667.88,32.28,38.30,36.00,20.00,MAN,0,0,0,-123.60,0.00,0.00,-73.60,0.00,0.00,0.00,0.00,NaN,NaN,NaN,NaN,NaN,NaN
668.87,32.28,38.30,36.00,20.00,MAN,0,0,0,-123.60,0.00,0.00,-73.60,0.00,0.00,0.00,0.00,NaN,NaN,NaN,NaN,NaN,NaN
669.88,32.27,38.33,36.00,20.00,MAN,0,0,0,-123.60,0.00,0.00,-73.60,0.00,0.00,0.00,0.00,NaN,NaN,NaN,NaN,NaN,NaN
670.88,32.27,38.33,36.00,20.00,MAN,0,0,0,-123.60,0.00,0.00,-73.60,0.00,0.00,0.00,0.00,NaN,NaN,NaN,NaN,NaN,NaN
671.88,32.27,38.33,36.00,20.00,MAN,0,0,0,-123.60,0.00,0.00,-73.60,0.00,0.00,0.00,0.00,NaN,NaN,NaN,NaN,NaN,NaN
672.88,32.27,38.33,36.00,20.00,MAN,0,0,0,-123.60,0.00,0.00,-73.60,0.00,0.00,0.00,0.00,NaN,NaN,NaN,NaN,NaN,NaN
673.88,32.26,38.33,36.00,20.00,MAN,0,0,0,-123.60,0.00,0.00,-73.60,0.00,0.00,0.00,0.00,NaN,NaN,NaN,NaN,NaN,NaN
674.88,32.26,38.31,36.00,20.00,MAN,0,0,0,-123.60,0.00,0.00,-73.60,0.00,0.00,0.00,0.00,NaN,NaN,NaN,NaN,NaN,NaN
675.89,32.25,38.31,36.00,20.00,MAN,0,0,0,-123.60,0.00,0.00,-73.60,0.00,0.00,0.00,0.00,NaN,NaN,NaN,NaN,NaN,NaN
676.89,32.25,38.33,36.00,20.00,MAN,0,0,0,-123.60,0.00,0.00,-73.60,0.00,0.00,0.00,0.00,NaN,NaN,NaN,NaN,NaN,NaN
677.89,32.24,38.31,36.00,20.00,MAN,0,0,0,-123.60,0.00,0.00,-73.60,0.00,0.00,0.00,0.00,NaN,NaN,NaN,NaN,NaN,NaN
678.89,32.24,38.31,36.00,20.00,MAN,0,0,0,-123.60,0.00,0.00,-73.60,0.00,0.00,0.00,0.00,NaN,NaN,NaN,NaN,NaN,NaN
679.89,32.24,38.34,36.00,20.00,MAN,0,0,0,-123.60,0.00,0.00,-73.60,0.00,0.00,0.00,0.00,NaN,NaN,NaN,NaN,NaN,NaN
680.90,32.24,38.34,36.00,20.00,MAN,0,0,0,-123.60,0.00,0.00,-73.60,0.00,0.00,0.00,0.00,NaN,NaN,NaN,NaN,NaN,NaN
681.90,32.23,38.34,36.00,20.00,MAN,0,0,0,-123.60,0.00,0.00,-73.60,0.00,0.00,0.00,0.00,NaN,NaN,NaN,NaN,NaN,NaN
682.90,32.23,38.34,36.00,20.00,MAN,0,0,0,-123.60,0.00,0.00,-73.60,0.00,0.00,0.00,0.00,NaN,NaN,NaN,NaN,NaN,NaN
683.90,32.23,38.34,36.00,20.00,MAN,0,0,0,-123.60,0.00,0.00,-73.60,0.00,0.00,0.00,0.00,NaN,NaN,NaN,NaN,NaN,NaN
684.90,32.22,38.34,36.00,20.00,MAN,0,0,0,-123.60,0.00,0.00,-73.60,0.00,0.00,0.00,0.00,NaN,NaN,NaN,NaN,NaN,NaN
685.90,32.22,38.34,36.00,20.00,MAN,0,0,0,-123.60,0.00,0.00,-73.60,0.00,0.00,0.00,0.00,NaN,NaN,NaN,NaN,NaN,NaN
686.90,32.22,38.34,36.00,20.00,MAN,0,0,0,-123.60,0.00,0.00,-73.60,0.00,0.00,0.00,0.00,NaN,NaN,NaN,NaN,NaN,NaN
687.90,32.20,38.34,36.00,20.00,MAN,0,0,0,-123.60,0.00,0.00,-73.60,0.00,0.00,0.00,0.00,NaN,NaN,NaN,NaN,NaN,NaN
688.91,32.20,38.38,36.00,20.00,MAN,0,0,0,-123.60,0.00,0.00,-73.60,0.00,0.00,0.00,0.00,NaN,NaN,NaN,NaN,NaN,NaN
689.91,32.20,38.38,36.00,20.00,MAN,0,0,0,-123.60,0.00,0.00,-73.60,0.00,0.00,0.00,0.00,NaN,NaN,NaN,NaN,NaN,NaN
690.91,32.20,38.38,36.00,20.00,MAN,0,0,0,-123.60,0.00,0.00,-73.60,0.00,0.00,0.00,0.00,NaN,NaN,NaN,NaN,NaN,NaN
691.91,32.19,38.38,36.00,20.00,MAN,0,0,0,-123.60,0.00,0.00,-73.60,0.00,0.00,0.00,0.00,NaN,NaN,NaN,NaN,NaN,NaN
692.91,32.19,38.38,36.00,20.00,MAN,0,0,0,-123.60,0.00,0.00,-73.60,0.00,0.00,0.00,0.00,NaN,NaN,NaN,NaN,NaN,NaN
693.92,32.19,38.38,36.00,20.00,MAN,0,0,0,-123.60,0.00,0.00,-73.60,0.00,0.00,0.00,0.00,NaN,NaN,NaN,NaN,NaN,NaN
694.91,32.18,38.41,36.00,20.00,MAN,0,0,0,-123.60,0.00,0.00,-73.60,0.00,0.00,0.00,0.00,NaN,NaN,NaN,NaN,NaN,NaN
695.92,32.18,38.41,36.00,20.00,MAN,0,0,0,-123.60,0.00,0.00,-73.60,0.00,0.00,0.00,0.00,NaN,NaN,NaN,NaN,NaN,NaN
696.92,32.18,38.41,36.00,20.00,MAN,0,0,0,-123.60,0.00,0.00,-73.60,0.00,0.00,0.00,0.00,NaN,NaN,NaN,NaN,NaN,NaN
697.92,32.17,38.41,36.00,20.00,MAN,0,0,0,-123.60,0.00,0.00,-73.60,0.00,0.00,0.00,0.00,NaN,NaN,NaN,NaN,NaN,NaN
698.92,32.17,38.41,36.00,20.00,MAN,0,0,0,-123.60,0.00,0.00,-73.60,0.00,0.00,0.00,0.00,NaN,NaN,NaN,NaN,NaN,NaN
699.92,32.17,38.41,36.00,20.00,MAN,0,0,0,-123.60,0.00,0.00,-73.60,0.00,0.00,0.00,0.00,NaN,NaN,NaN,NaN,NaN,NaN
700.92,32.16,38.45,36.00,20.00,MAN,0,0,0,-123.60,0.00,0.00,-73.60,0.00,0.00,0.00,0.00,NaN,NaN,NaN,NaN,NaN,NaN
701.93,32.16,38.45,36.00,20.00,MAN,0,0,0,-123.60,0.00,0.00,-73.60,0.00,0.00,0.00,0.00,NaN,NaN,NaN,NaN,NaN,NaN
702.93,32.16,38.45,36.00,20.00,MAN,0,0,0,-123.60,0.00,0.00,-73.60,0.00,0.00,0.00,0.00,NaN,NaN,NaN,NaN,NaN,NaN
703.93,32.15,38.45,36.00,20.00,MAN,0,0,0,-123.60,0.00,0.00,-73.60,0.00,0.00,0.00,0.00,NaN,NaN,NaN,NaN,NaN,NaN
704.93,32.15,38.45,36.00,20.00,MAN,0,0,0,-123.60,0.00,0.00,-73.60,0.00,0.00,0.00,0.00,NaN,NaN,NaN,NaN,NaN,NaN
705.93,32.15,38.45,36.00,20.00,MAN,0,0,0,-123.60,0.00,0.00,-73.60,0.00,0.00,0.00,0.00,NaN,NaN,NaN,NaN,NaN,NaN
706.93,32.14,38.45,36.00,20.00,MAN,0,0,0,-123.60,0.00,0.00,-73.60,0.00,0.00,0.00,0.00,NaN,NaN,NaN,NaN,NaN,NaN
707.94,32.13,38.45,36.00,20.00,MAN,0,0,0,-123.60,0.00,0.00,-73.60,0.00,0.00,0.00,0.00,NaN,NaN,NaN,NaN,NaN,NaN
708.94,32.13,38.45,36.00,20.00,MAN,0,0,0,-123.60,0.00,0.00,-73.60,0.00,0.00,0.00,0.00,NaN,NaN,NaN,NaN,NaN,NaN
709.94,32.13,38.48,36.00,20.00,MAN,0,0,0,-123.60,0.00,0.00,-73.60,0.00,0.00,0.00,0.00,NaN,NaN,NaN,NaN,NaN,NaN
710.94,32.13,38.48,36.00,20.00,MAN,0,0,0,-123.60,0.00,0.00,-73.60,0.00,0.00,0.00,0.00,NaN,NaN,NaN,NaN,NaN,NaN
711.94,32.12,38.48,36.00,20.00,MAN,0,0,0,-123.60,0.00,0.00,-73.60,0.00,0.00,0.00,0.00,NaN,NaN,NaN,NaN,NaN,NaN
712.94,32.12,38.48,36.00,20.00,MAN,0,0,0,-123.60,0.00,0.00,-73.60,0.00,0.00,0.00,0.00,NaN,NaN,NaN,NaN,NaN,NaN
713.95,32.12,38.48,36.00,20.00,MAN,0,0,0,-123.60,0.00,0.00,-73.60,0.00,0.00,0.00,0.00,NaN,NaN,NaN,NaN,NaN,NaN
714.95,32.11,38.48,36.00,20.00,MAN,0,0,0,-123.60,0.00,0.00,-73.60,0.00,0.00,0.00,0.00,NaN,NaN,NaN,NaN,NaN,NaN
715.95,32.11,38.48,36.00,20.00,MAN,0,0,0,-123.60,0.00,0.00,-73.60,0.00,0.00,0.00,0.00,NaN,NaN,NaN,NaN,NaN,NaN
716.95,32.11,38.51,36.00,20.00,MAN,0,0,0,-123.60,0.00,0.00,-73.60,0.00,0.00,0.00,0.00,NaN,NaN,NaN,NaN,NaN,NaN
717.95,32.11,38.51,36.00,20.00,MAN,0,0,0,-123.60,0.00,0.00,-73.60,0.00,0.00,0.00,0.00,NaN,NaN,NaN,NaN,NaN,NaN
718.95,32.11,38.51,36.00,20.00,MAN,0,0,0,-123.60,0.00,0.00,-73.60,0.00,0.00,0.00,0.00,NaN,NaN,NaN,NaN,NaN,NaN
719.95,32.10,38.49,36.00,20.00,MAN,0,0,0,-123.60,0.00,0.00,-73.60,0.00,0.00,0.00,0.00,NaN,NaN,NaN,NaN,NaN,NaN
720.96,32.09,38.51,36.00,20.00,MAN,0,0,0,-123.60,0.00,0.00,-73.60,0.00,0.00,0.00,0.00,NaN,NaN,NaN,NaN,NaN,NaN
721.96,32.09,38.53,36.00,20.00,MAN,0,0,0,-123.60,0.00,0.00,-73.60,0.00,0.00,0.00,0.00,NaN,NaN,NaN,NaN,NaN,NaN
722.96,32.09,38.53,36.00,20.00,MAN,0,0,0,-123.60,0.00,0.00,-73.60,0.00,0.00,0.00,0.00,NaN,NaN,NaN,NaN,NaN,NaN
723.96,32.09,38.53,36.00,20.00,MAN,0,0,0,-123.60,0.00,0.00,-73.60,0.00,0.00,0.00,0.00,NaN,NaN,NaN,NaN,NaN,NaN
724.96,32.08,38.53,36.00,20.00,MAN,0,0,0,-123.60,0.00,0.00,-73.60,0.00,0.00,0.00,0.00,NaN,NaN,NaN,NaN,NaN,NaN
725.97,32.08,38.53,36.00,20.00,MAN,0,0,0,-123.60,0.00,0.00,-73.60,0.00,0.00,0.00,0.00,NaN,NaN,NaN,NaN,NaN,NaN
726.97,32.08,38.56,36.00,20.00,MAN,0,0,0,-123.60,0.00,0.00,-73.60,0.00,0.00,0.00,0.00,NaN,NaN,NaN,NaN,NaN,NaN
727.97,32.07,38.56,36.00,20.00,MAN,0,0,0,-123.60,0.00,0.00,-73.60,0.00,0.00,0.00,0.00,NaN,NaN,NaN,NaN,NaN,NaN
728.97,32.07,38.56,36.00,20.00,MAN,0,0,0,-123.60,0.00,0.00,-73.60,0.00,0.00,0.00,0.00,NaN,NaN,NaN,NaN,NaN,NaN
729.97,32.07,38.56,36.00,20.00,MAN,0,0,0,-123.60,0.00,0.00,-73.60,0.00,0.00,0.00,0.00,NaN,NaN,NaN,NaN,NaN,NaN
730.97,32.05,38.56,36.00,20.00,MAN,0,0,0,-123.60,0.00,0.00,-73.60,0.00,0.00,0.00,0.00,NaN,NaN,NaN,NaN,NaN,NaN
731.98,32.05,38.56,36.00,20.00,MAN,0,0,0,-123.60,0.00,0.00,-73.60,0.00,0.00,0.00,0.00,NaN,NaN,NaN,NaN,NaN,NaN
732.97,32.04,38.56,36.00,20.00,MAN,0,0,0,-123.60,0.00,0.00,-73.60,0.00,0.00,0.00,0.00,NaN,NaN,NaN,NaN,NaN,NaN
733.98,32.04,38.56,36.00,20.00,MAN,0,0,0,-123.60,0.00,0.00,-73.60,0.00,0.00,0.00,0.00,NaN,NaN,NaN,NaN,NaN,NaN
734.98,32.04,38.56,36.00,20.00,MAN,0,0,0,-123.60,0.00,0.00,-73.60,0.00,0.00,0.00,0.00,NaN,NaN,NaN,NaN,NaN,NaN
735.98,32.04,38.56,36.00,20.00,MAN,0,0,0,-123.60,0.00,0.00,-73.60,0.00,0.00,0.00,0.00,NaN,NaN,NaN,NaN,NaN,NaN
736.98,32.03,38.56,36.00,20.00,MAN,0,0,0,-123.60,0.00,0.00,-73.60,0.00,0.00,0.00,0.00,NaN,NaN,NaN,NaN,NaN,NaN
737.98,32.03,38.59,36.00,20.00,MAN,0,0,0,-123.60,0.00,0.00,-73.60,0.00,0.00,0.00,0.00,NaN,NaN,NaN,NaN,NaN,NaN
738.98,32.03,38.59,36.00,20.00,MAN,0,0,0,-123.60,0.00,0.00,-73.60,0.00,0.00,0.00,0.00,NaN,NaN,NaN,NaN,NaN,NaN
739.99,32.03,38.59,36.00,20.00,MAN,0,0,0,-123.60,0.00,0.00,-73.60,0.00,0.00,0.00,0.00,NaN,NaN,NaN,NaN,NaN,NaN
740.99,32.02,38.59,36.00,20.00,MAN,0,0,0,-123.60,0.00,0.00,-73.60,0.00,0.00,0.00,0.00,NaN,NaN,NaN,NaN,NaN,NaN
741.99,32.01,38.59,36.00,20.00,MAN,0,0,0,-123.60,0.00,0.00,-73.60,0.00,0.00,0.00,0.00,NaN,NaN,NaN,NaN,NaN,NaN
742.99,32.01,38.59,36.00,20.00,MAN,0,0,0,-123.60,0.00,0.00,-73.60,0.00,0.00,0.00,0.00,NaN,NaN,NaN,NaN,NaN,NaN
743.99,32.01,38.59,36.00,20.00,MAN,0,0,0,-123.60,0.00,0.00,-73.60,0.00,0.00,0.00,0.00,NaN,NaN,NaN,NaN,NaN,NaN
745.00,32.01,38.59,36.00,20.00,MAN,0,0,0,-123.60,0.00,0.00,-73.60,0.00,0.00,0.00,0.00,NaN,NaN,NaN,NaN,NaN,NaN
746.00,32.00,38.59,36.00,20.00,MAN,0,0,0,-123.60,0.00,0.00,-73.60,0.00,0.00,0.00,0.00,NaN,NaN,NaN,NaN,NaN,NaN
747.00,32.00,38.59,36.00,20.00,MAN,0,0,0,-123.60,0.00,0.00,-73.60,0.00,0.00,0.00,0.00,NaN,NaN,NaN,NaN,NaN,NaN
748.00,32.00,38.59,36.00,20.00,MAN,0,0,0,-123.60,0.00,0.00,-73.60,0.00,0.00,0.00,0.00,NaN,NaN,NaN,NaN,NaN,NaN
749.00,31.99,38.63,36.00,20.00,MAN,0,0,0,-123.60,0.00,0.00,-73.60,0.00,0.00,0.00,0.00,NaN,NaN,NaN,NaN,NaN,NaN
750.00,31.99,38.63,36.00,20.00,MAN,0,0,0,-123.60,0.00,0.00,-73.60,0.00,0.00,0.00,0.00,NaN,NaN,NaN,NaN,NaN,NaN
751.00,31.99,38.63,36.00,20.00,MAN,0,0,0,-123.60,0.00,0.00,-73.60,0.00,0.00,0.00,0.00,NaN,NaN,NaN,NaN,NaN,NaN
752.00,31.98,38.63,36.00,20.00,MAN,0,0,0,-123.60,0.00,0.00,-73.60,0.00,0.00,0.00,0.00,NaN,NaN,NaN,NaN,NaN,NaN
753.01,31.98,38.63,36.00,20.00,MAN,0,0,0,-123.60,0.00,0.00,-73.60,0.00,0.00,0.00,0.00,NaN,NaN,NaN,NaN,NaN,NaN
754.01,31.98,38.63,36.00,20.00,MAN,0,0,0,-123.60,0.00,0.00,-73.60,0.00,0.00,0.00,0.00,NaN,NaN,NaN,NaN,NaN,NaN
755.01,31.98,38.63,36.00,20.00,MAN,0,0,0,-123.60,0.00,0.00,-73.60,0.00,0.00,0.00,0.00,NaN,NaN,NaN,NaN,NaN,NaN
756.01,31.97,38.66,36.00,20.00,MAN,0,0,0,-123.60,0.00,0.00,-73.60,0.00,0.00,0.00,0.00,NaN,NaN,NaN,NaN,NaN,NaN
757.01,31.97,38.66,36.00,20.00,MAN,0,0,0,-123.60,0.00,0.00,-73.60,0.00,0.00,0.00,0.00,NaN,NaN,NaN,NaN,NaN,NaN
758.01,31.97,38.66,36.00,20.00,MAN,0,0,0,-123.60,0.00,0.00,-73.60,0.00,0.00,0.00,0.00,NaN,NaN,NaN,NaN,NaN,NaN
759.02,31.96,38.66,36.00,20.00,MAN,0,0,0,-123.60,0.00,0.00,-73.60,0.00,0.00,0.00,0.00,NaN,NaN,NaN,NaN,NaN,NaN
760.02,31.96,38.66,36.00,20.00,MAN,0,0,0,-123.60,0.00,0.00,-73.60,0.00,0.00,0.00,0.00,NaN,NaN,NaN,NaN,NaN,NaN
761.02,31.96,38.66,36.00,20.00,MAN,0,0,0,-123.60,0.00,0.00,-73.60,0.00,0.00,0.00,0.00,NaN,NaN,NaN,NaN,NaN,NaN
762.02,31.95,38.66,36.00,20.00,MAN,0,0,0,-123.60,0.00,0.00,-73.60,0.00,0.00,0.00,0.00,NaN,NaN,NaN,NaN,NaN,NaN
763.02,31.95,38.66,36.00,20.00,MAN,0,0,0,-123.60,0.00,0.00,-73.60,0.00,0.00,0.00,0.00,NaN,NaN,NaN,NaN,NaN,NaN
764.02,31.94,38.66,36.00,20.00,MAN,0,0,0,-123.60,0.00,0.00,-73.60,0.00,0.00,0.00,0.00,NaN,NaN,NaN,NaN,NaN,NaN
765.02,31.95,38.66,36.00,20.00,MAN,0,0,0,-123.60,0.00,0.00,-73.60,0.00,0.00,0.00,0.00,NaN,NaN,NaN,NaN,NaN,NaN
766.03,31.94,38.66,36.00,20.00,MAN,0,0,0,-123.60,0.00,0.00,-73.60,0.00,0.00,0.00,0.00,NaN,NaN,NaN,NaN,NaN,NaN
767.03,31.94,38.70,36.00,20.00,MAN,0,0,0,-123.60,0.00,0.00,-73.60,0.00,0.00,0.00,0.00,NaN,NaN,NaN,NaN,NaN,NaN
768.03,31.94,38.70,36.00,20.00,MAN,0,0,0,-123.60,0.00,0.00,-73.60,0.00,0.00,0.00,0.00,NaN,NaN,NaN,NaN,NaN,NaN
769.03,31.94,38.70,36.00,20.00,MAN,0,0,0,-123.60,0.00,0.00,-73.60,0.00,0.00,0.00,0.00,NaN,NaN,NaN,NaN,NaN,NaN
770.03,31.94,38.70,36.00,20.00,MAN,0,0,0,-123.60,0.00,0.00,-73.60,0.00,0.00,0.00,0.00,NaN,NaN,NaN,NaN,NaN,NaN
771.03,31.94,38.70,36.00,20.00,MAN,0,0,0,-123.60,0.00,0.00,-73.60,0.00,0.00,0.00,0.00,NaN,NaN,NaN,NaN,NaN,NaN
772.04,31.94,38.70,36.00,20.00,MAN,0,0,0,-123.60,0.00,0.00,-73.60,0.00,0.00,0.00,0.00,NaN,NaN,NaN,NaN,NaN,NaN
773.04,31.93,38.70,36.00,20.00,MAN,0,0,0,-123.60,0.00,0.00,-73.60,0.00,0.00,0.00,0.00,NaN,NaN,NaN,NaN,NaN,NaN
774.04,31.94,38.73,36.00,20.00,MAN,0,0,0,-123.60,0.00,0.00,-73.60,0.00,0.00,0.00,0.00,NaN,NaN,NaN,NaN,NaN,NaN
775.04,31.93,38.73,36.00,20.00,MAN,0,0,0,-123.60,0.00,0.00,-73.60,0.00,0.00,0.00,0.00,NaN,NaN,NaN,NaN,NaN,NaN
776.04,31.93,38.73,36.00,20.00,MAN,0,0,0,-123.60,0.00,0.00,-73.60,0.00,0.00,0.00,0.00,NaN,NaN,NaN,NaN,NaN,NaN
777.04,31.93,38.73,36.00,20.00,MAN,0,0,0,-123.60,0.00,0.00,-73.60,0.00,0.00,0.00,0.00,NaN,NaN,NaN,NaN,NaN,NaN
778.04,31.92,38.71,36.00,20.00,MAN,0,0,0,-123.60,0.00,0.00,-73.60,0.00,0.00,0.00,0.00,NaN,NaN,NaN,NaN,NaN,NaN
779.05,31.92,38.71,36.00,20.00,MAN,0,0,0,-123.60,0.00,0.00,-73.60,0.00,0.00,0.00,0.00,NaN,NaN,NaN,NaN,NaN,NaN
780.05,31.90,38.71,36.00,20.00,MAN,0,0,0,-123.60,0.00,0.00,-73.60,0.00,0.00,0.00,0.00,NaN,NaN,NaN,NaN,NaN,NaN
781.05,31.90,38.71,36.00,20.00,MAN,0,0,0,-123.60,0.00,0.00,-73.60,0.00,0.00,0.00,0.00,NaN,NaN,NaN,NaN,NaN,NaN
782.05,31.89,38.71,36.00,20.00,MAN,0,0,0,-123.60,0.00,0.00,-73.60,0.00,0.00,0.00,0.00,NaN,NaN,NaN,NaN,NaN,NaN
783.05,31.89,38.75,36.00,20.00,MAN,0,0,0,-123.60,0.00,0.00,-73.60,0.00,0.00,0.00,0.00,NaN,NaN,NaN,NaN,NaN,NaN
784.05,31.89,38.75,36.00,20.00,MAN,0,0,0,-123.60,0.00,0.00,-73.60,0.00,0.00,0.00,0.00,NaN,NaN,NaN,NaN,NaN,NaN
785.06,31.88,38.75,36.00,20.00,MAN,0,0,0,-123.60,0.00,0.00,-73.60,0.00,0.00,0.00,0.00,NaN,NaN,NaN,NaN,NaN,NaN
786.06,31.88,38.75,36.00,20.00,MAN,0,0,0,-123.60,0.00,0.00,-73.60,0.00,0.00,0.00,0.00,NaN,NaN,NaN,NaN,NaN,NaN
787.06,31.87,38.75,36.00,20.00,MAN,0,0,0,-123.60,0.00,0.00,-73.60,0.00,0.00,0.00,0.00,NaN,NaN,NaN,NaN,NaN,NaN
788.06,31.88,38.75,36.00,20.00,MAN,0,0,0,-123.60,0.00,0.00,-73.60,0.00,0.00,0.00,0.00,NaN,NaN,NaN,NaN,NaN,NaN
789.06,31.87,38.75,36.00,20.00,MAN,0,0,0,-123.60,0.00,0.00,-73.60,0.00,0.00,0.00,0.00,NaN,NaN,NaN,NaN,NaN,NaN
790.06,31.87,38.78,36.00,20.00,MAN,0,0,0,-123.60,0.00,0.00,-73.60,0.00,0.00,0.00,0.00,NaN,NaN,NaN,NaN,NaN,NaN
791.07,31.87,38.78,36.00,20.00,MAN,0,0,0,-123.60,0.00,0.00,-73.60,0.00,0.00,0.00,0.00,NaN,NaN,NaN,NaN,NaN,NaN
792.07,31.86,38.78,36.00,20.00,MAN,0,0,0,-123.60,0.00,0.00,-73.60,0.00,0.00,0.00,0.00,NaN,NaN,NaN,NaN,NaN,NaN
793.07,31.86,38.78,36.00,20.00,MAN,0,0,0,-123.60,0.00,0.00,-73.60,0.00,0.00,0.00,0.00,NaN,NaN,NaN,NaN,NaN,NaN
794.07,31.86,38.78,36.00,20.00,MAN,0,0,0,-123.60,0.00,0.00,-73.60,0.00,0.00,0.00,0.00,NaN,NaN,NaN,NaN,NaN,NaN
795.07,31.86,38.78,36.00,20.00,MAN,0,0,0,-123.60,0.00,0.00,-73.60,0.00,0.00,0.00,0.00,NaN,NaN,NaN,NaN,NaN,NaN
796.07,31.85,38.85,36.00,20.00,MAN,0,0,0,-123.60,0.00,0.00,-73.60,0.00,0.00,0.00,0.00,NaN,NaN,NaN,NaN,NaN,NaN
797.07,31.85,38.85,36.00,20.00,MAN,0,0,0,-123.60,0.00,0.00,-73.60,0.00,0.00,0.00,0.00,NaN,NaN,NaN,NaN,NaN,NaN
798.08,31.84,38.85,36.00,20.00,MAN,0,0,0,-123.60,0.00,0.00,-73.60,0.00,0.00,0.00,0.00,NaN,NaN,NaN,NaN,NaN,NaN
799.08,31.84,38.85,36.00,20.00,MAN,0,0,0,-123.60,0.00,0.00,-73.60,0.00,0.00,0.00,0.00,NaN,NaN,NaN,NaN,NaN,NaN
800.08,31.84,38.85,36.00,20.00,MAN,0,0,0,-123.60,0.00,0.00,-73.60,0.00,0.00,0.00,0.00,NaN,NaN,NaN,NaN,NaN,NaN
801.08,31.83,38.85,36.00,20.00,MAN,0,0,0,-123.60,0.00,0.00,-73.60,0.00,0.00,0.00,0.00,NaN,NaN,NaN,NaN,NaN,NaN
802.08,31.83,38.85,36.00,20.00,MAN,0,0,0,-123.60,0.00,0.00,-73.60,0.00,0.00,0.00,0.00,NaN,NaN,NaN,NaN,NaN,NaN
803.08,31.83,38.85,36.00,20.00,MAN,0,0,0,-123.60,0.00,0.00,-73.60,0.00,0.00,0.00,0.00,NaN,NaN,NaN,NaN,NaN,NaN
804.09,31.83,38.85,36.00,20.00,MAN,0,0,0,-123.60,0.00,0.00,-73.60,0.00,0.00,0.00,0.00,NaN,NaN,NaN,NaN,NaN,NaN
805.09,31.82,38.85,36.00,20.00,MAN,0,0,0,-123.60,0.00,0.00,-73.60,0.00,0.00,0.00,0.00,NaN,NaN,NaN,NaN,NaN,NaN
806.09,31.82,38.85,36.00,20.00,MAN,0,0,0,-123.60,0.00,0.00,-73.60,0.00,0.00,0.00,0.00,NaN,NaN,NaN,NaN,NaN,NaN
807.09,31.82,38.85,36.00,20.00,MAN,0,0,0,-123.60,0.00,0.00,-73.60,0.00,0.00,0.00,0.00,NaN,NaN,NaN,NaN,NaN,NaN
808.09,31.81,38.85,36.00,20.00,MAN,0,0,0,-123.60,0.00,0.00,-73.60,0.00,0.00,0.00,0.00,NaN,NaN,NaN,NaN,NaN,NaN
809.10,31.81,38.85,36.00,20.00,MAN,0,0,0,-123.60,0.00,0.00,-73.60,0.00,0.00,0.00,0.00,NaN,NaN,NaN,NaN,NaN,NaN
810.09,31.80,38.85,36.00,20.00,MAN,0,0,0,-123.60,0.00,0.00,-73.60,0.00,0.00,0.00,0.00,NaN,NaN,NaN,NaN,NaN,NaN
811.10,31.81,38.88,36.00,20.00,MAN,0,0,0,-123.60,0.00,0.00,-73.60,0.00,0.00,0.00,0.00,NaN,NaN,NaN,NaN,NaN,NaN
812.10,31.80,38.88,36.00,20.00,MAN,0,0,0,-123.60,0.00,0.00,-73.60,0.00,0.00,0.00,0.00,NaN,NaN,NaN,NaN,NaN,NaN
813.10,31.80,38.88,36.00,20.00,MAN,0,0,0,-123.60,0.00,0.00,-73.60,0.00,0.00,0.00,0.00,NaN,NaN,NaN,NaN,NaN,NaN
814.10,31.79,38.88,36.00,20.00,MAN,0,0,0,-123.60,0.00,0.00,-73.60,0.00,0.00,0.00,0.00,NaN,NaN,NaN,NaN,NaN,NaN
815.10,31.79,38.88,36.00,20.00,MAN,0,0,0,-123.60,0.00,0.00,-73.60,0.00,0.00,0.00,0.00,NaN,NaN,NaN,NaN,NaN,NaN
816.10,31.79,38.91,36.00,20.00,MAN,0,0,0,-123.60,0.00,0.00,-73.60,0.00,0.00,0.00,0.00,NaN,NaN,NaN,NaN,NaN,NaN
817.11,31.79,38.91,36.00,20.00,MAN,0,0,0,-123.60,0.00,0.00,-73.60,0.00,0.00,0.00,0.00,NaN,NaN,NaN,NaN,NaN,NaN
818.11,31.78,38.91,36.00,20.00,MAN,0,0,0,-123.60,0.00,0.00,-73.60,0.00,0.00,0.00,0.00,NaN,NaN,NaN,NaN,NaN,NaN
819.11,31.78,38.91,36.00,20.00,MAN,0,0,0,-123.60,0.00,0.00,-73.60,0.00,0.00,0.00,0.00,NaN,NaN,NaN,NaN,NaN,NaN
820.11,31.78,38.91,36.00,20.00,MAN,0,0,0,-123.60,0.00,0.00,-73.60,0.00,0.00,0.00,0.00,NaN,NaN,NaN,NaN,NaN,NaN
821.11,31.78,38.91,36.00,20.00,MAN,0,0,0,-123.60,0.00,0.00,-73.60,0.00,0.00,0.00,0.00,NaN,NaN,NaN,NaN,NaN,NaN
822.11,31.76,38.89,36.00,20.00,MAN,0,0,0,-123.60,0.00,0.00,-73.60,0.00,0.00,0.00,0.00,NaN,NaN,NaN,NaN,NaN,NaN
823.12,31.76,38.95,36.00,20.00,MAN,0,0,0,-123.60,0.00,0.00,-73.60,0.00,0.00,0.00,0.00,NaN,NaN,NaN,NaN,NaN,NaN
824.12,31.75,38.93,36.00,20.00,MAN,0,0,0,-123.60,0.00,0.00,-73.60,0.00,0.00,0.00,0.00,NaN,NaN,NaN,NaN,NaN,NaN
825.12,31.76,38.95,36.00,20.00,MAN,0,0,0,-123.60,0.00,0.00,-73.60,0.00,0.00,0.00,0.00,NaN,NaN,NaN,NaN,NaN,NaN
826.12,31.75,38.93,36.00,20.00,MAN,0,0,0,-123.60,0.00,0.00,-73.60,0.00,0.00,0.00,0.00,NaN,NaN,NaN,NaN,NaN,NaN
827.12,31.75,38.93,36.00,20.00,MAN,0,0,0,-123.60,0.00,0.00,-73.60,0.00,0.00,0.00,0.00,NaN,NaN,NaN,NaN,NaN,NaN
828.13,31.75,38.93,36.00,20.00,MAN,0,0,0,-123.60,0.00,0.00,-73.60,0.00,0.00,0.00,0.00,NaN,NaN,NaN,NaN,NaN,NaN
829.12,31.75,38.93,36.00,20.00,MAN,0,0,0,-123.60,0.00,0.00,-73.60,0.00,0.00,0.00,0.00,NaN,NaN,NaN,NaN,NaN,NaN
830.13,31.74,38.93,36.00,20.00,MAN,0,0,0,-123.60,0.00,0.00,-73.60,0.00,0.00,0.00,0.00,NaN,NaN,NaN,NaN,NaN,NaN
831.13,31.74,38.93,36.00,20.00,MAN,0,0,0,-123.60,0.00,0.00,-73.60,0.00,0.00,0.00,0.00,NaN,NaN,NaN,NaN,NaN,NaN
832.13,31.73,38.93,36.00,20.00,MAN,0,0,0,-123.60,0.00,0.00,-73.60,0.00,0.00,0.00,0.00,NaN,NaN,NaN,NaN,NaN,NaN
833.13,31.73,38.93,36.00,20.00,MAN,0,0,0,-123.60,0.00,0.00,-73.60,0.00,0.00,0.00,0.00,NaN,NaN,NaN,NaN,NaN,NaN
834.13,31.73,38.93,36.00,20.00,MAN,0,0,0,-123.60,0.00,0.00,-73.60,0.00,0.00,0.00,0.00,NaN,NaN,NaN,NaN,NaN,NaN
835.13,31.73,38.93,36.00,20.00,MAN,0,0,0,-123.60,0.00,0.00,-73.60,0.00,0.00,0.00,0.00,NaN,NaN,NaN,NaN,NaN,NaN
836.14,31.72,38.93,36.00,20.00,MAN,0,0,0,-123.60,0.00,0.00,-73.60,0.00,0.00,0.00,0.00,NaN,NaN,NaN,NaN,NaN,NaN
837.14,31.72,38.93,36.00,20.00,MAN,0,0,0,-123.60,0.00,0.00,-73.60,0.00,0.00,0.00,0.00,NaN,NaN,NaN,NaN,NaN,NaN
838.14,31.72,38.96,36.00,20.00,MAN,0,0,0,-123.60,0.00,0.00,-73.60,0.00,0.00,0.00,0.00,NaN,NaN,NaN,NaN,NaN,NaN
839.14,31.72,38.96,36.00,20.00,MAN,0,0,0,-123.60,0.00,0.00,-73.60,0.00,0.00,0.00,0.00,NaN,NaN,NaN,NaN,NaN,NaN
840.14,31.71,38.96,36.00,20.00,MAN,0,0,0,-123.60,0.00,0.00,-73.60,0.00,0.00,0.00,0.00,NaN,NaN,NaN,NaN,NaN,NaN
841.15,31.71,38.96,36.00,20.00,MAN,0,0,0,-123.60,0.00,0.00,-73.60,0.00,0.00,0.00,0.00,NaN,NaN,NaN,NaN,NaN,NaN
842.14,31.70,38.96,36.00,20.00,MAN,0,0,0,-123.60,0.00,0.00,-73.60,0.00,0.00,0.00,0.00,NaN,NaN,NaN,NaN,NaN,NaN
843.15,31.70,38.96,36.00,20.00,MAN,0,0,0,-123.60,0.00,0.00,-73.60,0.00,0.00,0.00,0.00,NaN,NaN,NaN,NaN,NaN,NaN
844.15,31.70,39.00,36.00,20.00,MAN,0,0,0,-123.60,0.00,0.00,-73.60,0.00,0.00,0.00,0.00,NaN,NaN,NaN,NaN,NaN,NaN
845.15,31.69,39.00,36.00,20.00,MAN,0,0,0,-123.60,0.00,0.00,-73.60,0.00,0.00,0.00,0.00,NaN,NaN,NaN,NaN,NaN,NaN
846.15,31.70,39.00,36.00,20.00,MAN,0,0,0,-123.60,0.00,0.00,-73.60,0.00,0.00,0.00,0.00,NaN,NaN,NaN,NaN,NaN,NaN
847.15,31.69,39.00,36.00,20.00,MAN,0,0,0,-123.60,0.00,0.00,-73.60,0.00,0.00,0.00,0.00,NaN,NaN,NaN,NaN,NaN,NaN
848.15,31.69,39.00,36.00,20.00,MAN,0,0,0,-123.60,0.00,0.00,-73.60,0.00,0.00,0.00,0.00,NaN,NaN,NaN,NaN,NaN,NaN
849.16,31.68,39.00,36.00,20.00,MAN,0,0,0,-123.60,0.00,0.00,-73.60,0.00,0.00,0.00,0.00,NaN,NaN,NaN,NaN,NaN,NaN
850.16,31.68,39.00,36.00,20.00,MAN,0,0,0,-123.60,0.00,0.00,-73.60,0.00,0.00,0.00,0.00,NaN,NaN,NaN,NaN,NaN,NaN
851.16,31.67,39.00,36.00,20.00,MAN,0,0,0,-123.60,0.00,0.00,-73.60,0.00,0.00,0.00,0.00,NaN,NaN,NaN,NaN,NaN,NaN
852.16,31.67,39.03,36.00,20.00,MAN,0,0,0,-123.60,0.00,0.00,-73.60,0.00,0.00,0.00,0.00,NaN,NaN,NaN,NaN,NaN,NaN
853.16,31.67,39.03,36.00,20.00,MAN,0,0,0,-123.60,0.00,0.00,-73.60,0.00,0.00,0.00,0.00,NaN,NaN,NaN,NaN,NaN,NaN
854.16,31.66,39.03,36.00,20.00,MAN,0,0,0,-123.60,0.00,0.00,-73.60,0.00,0.00,0.00,0.00,NaN,NaN,NaN,NaN,NaN,NaN
855.17,31.66,39.03,36.00,20.00,MAN,0,0,0,-123.60,0.00,0.00,-73.60,0.00,0.00,0.00,0.00,NaN,NaN,NaN,NaN,NaN,NaN
856.17,31.66,39.03,36.00,20.00,MAN,0,0,0,-123.60,0.00,0.00,-73.60,0.00,0.00,0.00,0.00,NaN,NaN,NaN,NaN,NaN,NaN
857.17,31.66,39.03,36.00,20.00,MAN,0,0,0,-123.60,0.00,0.00,-73.60,0.00,0.00,0.00,0.00,NaN,NaN,NaN,NaN,NaN,NaN
858.17,31.66,39.03,36.00,20.00,MAN,0,0,0,-123.60,0.00,0.00,-73.60,0.00,0.00,0.00,0.00,NaN,NaN,NaN,NaN,NaN,NaN
859.17,31.66,39.03,36.00,20.00,MAN,0,0,0,-123.60,0.00,0.00,-73.60,0.00,0.00,0.00,0.00,NaN,NaN,NaN,NaN,NaN,NaN
860.17,31.65,39.03,36.00,20.00,MAN,0,0,0,-123.60,0.00,0.00,-73.60,0.00,0.00,0.00,0.00,NaN,NaN,NaN,NaN,NaN,NaN
861.17,31.65,39.03,36.00,20.00,MAN,0,0,0,-123.60,0.00,0.00,-73.60,0.00,0.00,0.00,0.00,NaN,NaN,NaN,NaN,NaN,NaN
862.18,31.65,39.03,36.00,20.00,MAN,0,0,0,-123.60,0.00,0.00,-73.60,0.00,0.00,0.00,0.00,NaN,NaN,NaN,NaN,NaN,NaN
863.18,31.64,39.03,36.00,20.00,MAN,0,0,0,-123.60,0.00,0.00,-73.60,0.00,0.00,0.00,0.00,NaN,NaN,NaN,NaN,NaN,NaN
864.18,31.65,39.03,36.00,20.00,MAN,0,0,0,-123.60,0.00,0.00,-73.60,0.00,0.00,0.00,0.00,NaN,NaN,NaN,NaN,NaN,NaN
865.18,31.64,39.03,36.00,20.00,MAN,0,0,0,-123.60,0.00,0.00,-73.60,0.00,0.00,0.00,0.00,NaN,NaN,NaN,NaN,NaN,NaN
866.18,31.64,39.03,36.00,20.00,MAN,0,0,0,-123.60,0.00,0.00,-73.60,0.00,0.00,0.00,0.00,NaN,NaN,NaN,NaN,NaN,NaN
867.18,31.64,39.06,36.00,20.00,MAN,0,0,0,-123.60,0.00,0.00,-73.60,0.00,0.00,0.00,0.00,NaN,NaN,NaN,NaN,NaN,NaN
868.19,31.63,39.06,36.00,20.00,MAN,0,0,0,-123.60,0.00,0.00,-73.60,0.00,0.00,0.00,0.00,NaN,NaN,NaN,NaN,NaN,NaN
869.19,31.63,39.06,36.00,20.00,MAN,0,0,0,-123.60,0.00,0.00,-73.60,0.00,0.00,0.00,0.00,NaN,NaN,NaN,NaN,NaN,NaN
870.19,31.63,39.06,36.00,20.00,MAN,0,0,0,-123.60,0.00,0.00,-73.60,0.00,0.00,0.00,0.00,NaN,NaN,NaN,NaN,NaN,NaN
871.19,31.61,39.06,36.00,20.00,MAN,0,0,0,-123.60,0.00,0.00,-73.60,0.00,0.00,0.00,0.00,NaN,NaN,NaN,NaN,NaN,NaN
872.19,31.61,39.06,36.00,20.00,MAN,0,0,0,-123.60,0.00,0.00,-73.60,0.00,0.00,0.00,0.00,NaN,NaN,NaN,NaN,NaN,NaN
873.20,31.61,39.06,36.00,20.00,MAN,0,0,0,-123.60,0.00,0.00,-73.60,0.00,0.00,0.00,0.00,NaN,NaN,NaN,NaN,NaN,NaN
874.19,31.60,39.10,36.00,20.00,MAN,0,0,0,-123.60,0.00,0.00,-73.60,0.00,0.00,0.00,0.00,NaN,NaN,NaN,NaN,NaN,NaN
875.20,31.60,39.10,36.00,20.00,MAN,0,0,0,-123.60,0.00,0.00,-73.60,0.00,0.00,0.00,0.00,NaN,NaN,NaN,NaN,NaN,NaN
876.20,31.60,39.10,36.00,20.00,MAN,0,0,0,-123.60,0.00,0.00,-73.60,0.00,0.00,0.00,0.00,NaN,NaN,NaN,NaN,NaN,NaN
877.20,31.59,39.10,36.00,20.00,MAN,0,0,0,-123.60,0.00,0.00,-73.60,0.00,0.00,0.00,0.00,NaN,NaN,NaN,NaN,NaN,NaN
878.20,31.59,39.10,36.00,20.00,MAN,0,0,0,-123.60,0.00,0.00,-73.60,0.00,0.00,0.00,0.00,NaN,NaN,NaN,NaN,NaN,NaN
879.20,31.59,39.10,36.00,20.00,MAN,0,0,0,-123.60,0.00,0.00,-73.60,0.00,0.00,0.00,0.00,NaN,NaN,NaN,NaN,NaN,NaN
880.20,31.59,39.10,36.00,20.00,MAN,0,0,0,-123.60,0.00,0.00,-73.60,0.00,0.00,0.00,0.00,NaN,NaN,NaN,NaN,NaN,NaN
881.21,31.58,39.10,36.00,20.00,MAN,0,0,0,-123.60,0.00,0.00,-73.60,0.00,0.00,0.00,0.00,NaN,NaN,NaN,NaN,NaN,NaN
882.21,31.58,39.10,36.00,20.00,MAN,0,0,0,-123.60,0.00,0.00,-73.60,0.00,0.00,0.00,0.00,NaN,NaN,NaN,NaN,NaN,NaN
883.21,31.58,39.11,36.00,20.00,MAN,0,0,0,-123.60,0.00,0.00,-73.60,0.00,0.00,0.00,0.00,NaN,NaN,NaN,NaN,NaN,NaN
884.21,31.57,39.11,36.00,20.00,MAN,0,0,0,-123.60,0.00,0.00,-73.60,0.00,0.00,0.00,0.00,NaN,NaN,NaN,NaN,NaN,NaN
885.21,31.57,39.11,36.00,20.00,MAN,0,0,0,-123.60,0.00,0.00,-73.60,0.00,0.00,0.00,0.00,NaN,NaN,NaN,NaN,NaN,NaN
886.21,31.57,39.11,36.00,20.00,MAN,0,0,0,-123.60,0.00,0.00,-73.60,0.00,0.00,0.00,0.00,NaN,NaN,NaN,NaN,NaN,NaN
887.22,31.57,39.11,36.00,20.00,MAN,0,0,0,-123.60,0.00,0.00,-73.60,0.00,0.00,0.00,0.00,NaN,NaN,NaN,NaN,NaN,NaN
888.22,31.57,39.11,36.00,20.00,MAN,0,0,0,-123.60,0.00,0.00,-73.60,0.00,0.00,0.00,0.00,NaN,NaN,NaN,NaN,NaN,NaN
889.22,31.56,39.11,36.00,20.00,MAN,0,0,0,-123.60,0.00,0.00,-73.60,0.00,0.00,0.00,0.00,NaN,NaN,NaN,NaN,NaN,NaN
890.22,31.56,39.11,36.00,20.00,MAN,0,0,0,-123.60,0.00,0.00,-73.60,0.00,0.00,0.00,0.00,NaN,NaN,NaN,NaN,NaN,NaN
891.22,31.56,39.11,36.00,20.00,MAN,0,0,0,-123.60,0.00,0.00,-73.60,0.00,0.00,0.00,0.00,NaN,NaN,NaN,NaN,NaN,NaN
892.23,31.55,39.11,36.00,20.00,MAN,0,0,0,-123.60,0.00,0.00,-73.60,0.00,0.00,0.00,0.00,NaN,NaN,NaN,NaN,NaN,NaN
893.22,31.55,39.14,36.00,20.00,MAN,0,0,0,-123.60,0.00,0.00,-73.60,0.00,0.00,0.00,0.00,NaN,NaN,NaN,NaN,NaN,NaN
894.23,31.55,39.14,36.00,20.00,MAN,0,0,0,-123.60,0.00,0.00,-73.60,0.00,0.00,0.00,0.00,NaN,NaN,NaN,NaN,NaN,NaN
895.23,31.54,39.14,36.00,20.00,MAN,0,0,0,-123.60,0.00,0.00,-73.60,0.00,0.00,0.00,0.00,NaN,NaN,NaN,NaN,NaN,NaN
896.23,31.54,39.14,36.00,20.00,MAN,0,0,0,-123.60,0.00,0.00,-73.60,0.00,0.00,0.00,0.00,NaN,NaN,NaN,NaN,NaN,NaN
897.23,31.54,39.14,36.00,20.00,MAN,0,0,0,-123.60,0.00,0.00,-73.60,0.00,0.00,0.00,0.00,NaN,NaN,NaN,NaN,NaN,NaN
898.23,31.53,39.14,36.00,20.00,MAN,0,0,0,-123.60,0.00,0.00,-73.60,0.00,0.00,0.00,0.00,NaN,NaN,NaN,NaN,NaN,NaN
899.23,31.53,39.14,36.00,20.00,MAN,0,0,0,-123.60,0.00,0.00,-73.60,0.00,0.00,0.00,0.00,NaN,NaN,NaN,NaN,NaN,NaN
900.24,31.53,39.14,36.00,20.00,MAN,0,0,0,-123.60,0.00,0.00,-73.60,0.00,0.00,0.00,0.00,NaN,NaN,NaN,NaN,NaN,NaN
901.24,31.53,39.14,36.00,20.00,MAN,0,0,0,-123.60,0.00,0.00,-73.60,0.00,0.00,0.00,0.00,NaN,NaN,NaN,NaN,NaN,NaN
902.24,31.53,39.14,36.00,20.00,MAN,0,0,0,-123.60,0.00,0.00,-73.60,0.00,0.00,0.00,0.00,NaN,NaN,NaN,NaN,NaN,NaN
903.24,31.52,39.14,36.00,20.00,MAN,0,0,0,-123.60,0.00,0.00,-73.60,0.00,0.00,0.00,0.00,NaN,NaN,NaN,NaN,NaN,NaN
904.24,31.52,39.14,36.00,20.00,MAN,0,0,0,-123.60,0.00,0.00,-73.60,0.00,0.00,0.00,0.00,NaN,NaN,NaN,NaN,NaN,NaN
905.25,31.51,39.14,36.00,20.00,MAN,0,0,0,-123.60,0.00,0.00,-73.60,0.00,0.00,0.00,0.00,NaN,NaN,NaN,NaN,NaN,NaN
906.25,31.51,39.18,36.00,20.00,MAN,0,0,0,-123.60,0.00,0.00,-73.60,0.00,0.00,0.00,0.00,NaN,NaN,NaN,NaN,NaN,NaN
907.25,31.51,39.18,36.00,20.00,MAN,0,0,0,-123.60,0.00,0.00,-73.60,0.00,0.00,0.00,0.00,NaN,NaN,NaN,NaN,NaN,NaN
908.25,31.51,39.18,36.00,20.00,MAN,0,0,0,-123.60,0.00,0.00,-73.60,0.00,0.00,0.00,0.00,NaN,NaN,NaN,NaN,NaN,NaN
909.25,31.51,39.18,36.00,20.00,MAN,0,0,0,-123.60,0.00,0.00,-73.60,0.00,0.00,0.00,0.00,NaN,NaN,NaN,NaN,NaN,NaN
910.25,31.50,39.18,36.00,20.00,MAN,0,0,0,-123.60,0.00,0.00,-73.60,0.00,0.00,0.00,0.00,NaN,NaN,NaN,NaN,NaN,NaN
911.25,31.50,39.18,36.00,20.00,MAN,0,0,0,-123.60,0.00,0.00,-73.60,0.00,0.00,0.00,0.00,NaN,NaN,NaN,NaN,NaN,NaN
912.25,31.49,39.18,36.00,20.00,MAN,0,0,0,-123.60,0.00,0.00,-73.60,0.00,0.00,0.00,0.00,NaN,NaN,NaN,NaN,NaN,NaN
913.26,31.49,39.18,36.00,20.00,MAN,0,0,0,-123.60,0.00,0.00,-73.60,0.00,0.00,0.00,0.00,NaN,NaN,NaN,NaN,NaN,NaN
914.26,31.49,39.18,36.00,20.00,MAN,0,0,0,-123.60,0.00,0.00,-73.60,0.00,0.00,0.00,0.00,NaN,NaN,NaN,NaN,NaN,NaN
915.26,31.49,39.18,36.00,20.00,MAN,0,0,0,-123.60,0.00,0.00,-73.60,0.00,0.00,0.00,0.00,NaN,NaN,NaN,NaN,NaN,NaN
916.26,31.49,39.18,36.00,20.00,MAN,0,0,0,-123.60,0.00,0.00,-73.60,0.00,0.00,0.00,0.00,NaN,NaN,NaN,NaN,NaN,NaN
917.26,31.49,39.21,36.00,20.00,MAN,0,0,0,-123.60,0.00,0.00,-73.60,0.00,0.00,0.00,0.00,NaN,NaN,NaN,NaN,NaN,NaN
918.26,31.49,39.21,36.00,20.00,MAN,0,0,0,-123.60,0.00,0.00,-73.60,0.00,0.00,0.00,0.00,NaN,NaN,NaN,NaN,NaN,NaN
919.27,31.48,39.21,36.00,20.00,MAN,0,0,0,-123.60,0.00,0.00,-73.60,0.00,0.00,0.00,0.00,NaN,NaN,NaN,NaN,NaN,NaN
920.27,31.48,39.21,36.00,20.00,MAN,0,0,0,-123.60,0.00,0.00,-73.60,0.00,0.00,0.00,0.00,NaN,NaN,NaN,NaN,NaN,NaN
921.27,31.48,39.21,36.00,20.00,MAN,0,0,0,-123.60,0.00,0.00,-73.60,0.00,0.00,0.00,0.00,NaN,NaN,NaN,NaN,NaN,NaN
922.27,31.48,39.24,36.00,20.00,MAN,0,0,0,-123.60,0.00,0.00,-73.60,0.00,0.00,0.00,0.00,NaN,NaN,NaN,NaN,NaN,NaN
923.27,31.46,39.24,36.00,20.00,MAN,0,0,0,-123.60,0.00,0.00,-73.60,0.00,0.00,0.00,0.00,NaN,NaN,NaN,NaN,NaN,NaN
924.28,31.46,39.24,36.00,20.00,MAN,0,0,0,-123.60,0.00,0.00,-73.60,0.00,0.00,0.00,0.00,NaN,NaN,NaN,NaN,NaN,NaN
925.27,31.46,39.24,36.00,20.00,MAN,0,0,0,-123.60,0.00,0.00,-73.60,0.00,0.00,0.00,0.00,NaN,NaN,NaN,NaN,NaN,NaN
926.28,31.45,39.24,36.00,20.00,MAN,0,0,0,-123.60,0.00,0.00,-73.60,0.00,0.00,0.00,0.00,NaN,NaN,NaN,NaN,NaN,NaN
927.28,31.45,39.28,36.00,20.00,MAN,0,0,0,-123.60,0.00,0.00,-73.60,0.00,0.00,0.00,0.00,NaN,NaN,NaN,NaN,NaN,NaN
928.28,31.45,39.28,36.00,20.00,MAN,0,0,0,-123.60,0.00,0.00,-73.60,0.00,0.00,0.00,0.00,NaN,NaN,NaN,NaN,NaN,NaN
929.28,31.44,39.28,36.00,20.00,MAN,0,0,0,-123.60,0.00,0.00,-73.60,0.00,0.00,0.00,0.00,NaN,NaN,NaN,NaN,NaN,NaN
930.28,31.44,39.28,36.00,20.00,MAN,0,0,0,-123.60,0.00,0.00,-73.60,0.00,0.00,0.00,0.00,NaN,NaN,NaN,NaN,NaN,NaN
931.28,31.44,39.28,36.00,20.00,MAN,0,0,0,-123.60,0.00,0.00,-73.60,0.00,0.00,0.00,0.00,NaN,NaN,NaN,NaN,NaN,NaN
932.29,31.44,39.28,36.00,20.00,MAN,0,0,0,-123.60,0.00,0.00,-73.60,0.00,0.00,0.00,0.00,NaN,NaN,NaN,NaN,NaN,NaN
933.29,31.43,39.28,36.00,20.00,MAN,0,0,0,-123.60,0.00,0.00,-73.60,0.00,0.00,0.00,0.00,NaN,NaN,NaN,NaN,NaN,NaN
934.29,31.43,39.28,36.00,20.00,MAN,0,0,0,-123.60,0.00,0.00,-73.60,0.00,0.00,0.00,0.00,NaN,NaN,NaN,NaN,NaN,NaN
935.29,31.43,39.28,36.00,20.00,MAN,0,0,0,-123.60,0.00,0.00,-73.60,0.00,0.00,0.00,0.00,NaN,NaN,NaN,NaN,NaN,NaN
936.29,31.43,39.28,36.00,20.00,MAN,0,0,0,-123.60,0.00,0.00,-73.60,0.00,0.00,0.00,0.00,NaN,NaN,NaN,NaN,NaN,NaN
937.30,31.42,39.28,36.00,20.00,MAN,0,0,0,-123.60,0.00,0.00,-73.60,0.00,0.00,0.00,0.00,NaN,NaN,NaN,NaN,NaN,NaN
938.30,31.42,39.28,36.00,20.00,MAN,0,0,0,-123.60,0.00,0.00,-73.60,0.00,0.00,0.00,0.00,NaN,NaN,NaN,NaN,NaN,NaN
939.30,31.42,39.26,36.00,20.00,MAN,0,0,0,-123.60,0.00,0.00,-73.60,0.00,0.00,0.00,0.00,NaN,NaN,NaN,NaN,NaN,NaN
940.30,31.41,39.26,36.00,20.00,MAN,0,0,0,-123.60,0.00,0.00,-73.60,0.00,0.00,0.00,0.00,NaN,NaN,NaN,NaN,NaN,NaN
941.30,31.41,39.26,36.00,20.00,MAN,0,0,0,-123.60,0.00,0.00,-73.60,0.00,0.00,0.00,0.00,NaN,NaN,NaN,NaN,NaN,NaN
942.30,31.41,39.26,36.00,20.00,MAN,0,0,0,-123.60,0.00,0.00,-73.60,0.00,0.00,0.00,0.00,NaN,NaN,NaN,NaN,NaN,NaN
943.30,31.41,39.26,36.00,20.00,MAN,0,0,0,-123.60,0.00,0.00,-73.60,0.00,0.00,0.00,0.00,NaN,NaN,NaN,NaN,NaN,NaN
944.30,31.40,39.26,36.00,20.00,MAN,0,0,0,-123.60,0.00,0.00,-73.60,0.00,0.00,0.00,0.00,NaN,NaN,NaN,NaN,NaN,NaN
945.31,31.40,39.26,36.00,20.00,MAN,0,0,0,-123.60,0.00,0.00,-73.60,0.00,0.00,0.00,0.00,NaN,NaN,NaN,NaN,NaN,NaN
946.31,31.40,39.26,36.00,20.00,MAN,0,0,0,-123.60,0.00,0.00,-73.60,0.00,0.00,0.00,0.00,NaN,NaN,NaN,NaN,NaN,NaN
947.31,31.40,39.30,36.00,20.00,MAN,0,0,0,-123.60,0.00,0.00,-73.60,0.00,0.00,0.00,0.00,NaN,NaN,NaN,NaN,NaN,NaN
948.31,31.38,39.30,36.00,20.00,MAN,0,0,0,-123.60,0.00,0.00,-73.60,0.00,0.00,0.00,0.00,NaN,NaN,NaN,NaN,NaN,NaN
949.31,31.38,39.30,36.00,20.00,MAN,0,0,0,-123.60,0.00,0.00,-73.60,0.00,0.00,0.00,0.00,NaN,NaN,NaN,NaN,NaN,NaN
950.31,31.38,39.30,36.00,20.00,MAN,0,0,0,-123.60,0.00,0.00,-73.60,0.00,0.00,0.00,0.00,NaN,NaN,NaN,NaN,NaN,NaN
951.32,31.38,39.26,36.00,20.00,MAN,0,0,0,-123.60,0.00,0.00,-73.60,0.00,0.00,0.00,0.00,NaN,NaN,NaN,NaN,NaN,NaN
952.32,31.37,39.30,36.00,20.00,MAN,0,0,0,-123.60,0.00,0.00,-73.60,0.00,0.00,0.00,0.00,NaN,NaN,NaN,NaN,NaN,NaN
953.32,31.37,39.30,36.00,20.00,MAN,0,0,0,-123.60,0.00,0.00,-73.60,0.00,0.00,0.00,0.00,NaN,NaN,NaN,NaN,NaN,NaN
954.32,31.37,39.30,36.00,20.00,MAN,0,0,0,-123.60,0.00,0.00,-73.60,0.00,0.00,0.00,0.00,NaN,NaN,NaN,NaN,NaN,NaN
955.32,31.36,39.30,36.00,20.00,MAN,0,0,0,-123.60,0.00,0.00,-73.60,0.00,0.00,0.00,0.00,NaN,NaN,NaN,NaN,NaN,NaN
956.33,31.37,39.30,36.00,20.00,MAN,0,0,0,-123.60,0.00,0.00,-73.60,0.00,0.00,0.00,0.00,NaN,NaN,NaN,NaN,NaN,NaN
957.32,31.36,39.30,36.00,20.00,MAN,0,0,0,-123.60,0.00,0.00,-73.60,0.00,0.00,0.00,0.00,NaN,NaN,NaN,NaN,NaN,NaN
958.33,31.36,39.30,36.00,20.00,MAN,0,0,0,-123.60,0.00,0.00,-73.60,0.00,0.00,0.00,0.00,NaN,NaN,NaN,NaN,NaN,NaN
959.33,31.35,39.30,36.00,20.00,MAN,0,0,0,-123.60,0.00,0.00,-73.60,0.00,0.00,0.00,0.00,NaN,NaN,NaN,NaN,NaN,NaN
960.33,31.35,39.30,36.00,20.00,MAN,0,0,0,-123.60,0.00,0.00,-73.60,0.00,0.00,0.00,0.00,NaN,NaN,NaN,NaN,NaN,NaN
961.33,31.35,39.30,36.00,20.00,MAN,0,0,0,-123.60,0.00,0.00,-73.60,0.00,0.00,0.00,0.00,NaN,NaN,NaN,NaN,NaN,NaN
962.33,31.34,39.33,36.00,20.00,MAN,0,0,0,-123.60,0.00,0.00,-73.60,0.00,0.00,0.00,0.00,NaN,NaN,NaN,NaN,NaN,NaN
963.33,31.35,39.33,36.00,20.00,MAN,0,0,0,-123.60,0.00,0.00,-73.60,0.00,0.00,0.00,0.00,NaN,NaN,NaN,NaN,NaN,NaN
964.34,31.34,39.33,36.00,20.00,MAN,0,0,0,-123.60,0.00,0.00,-73.60,0.00,0.00,0.00,0.00,NaN,NaN,NaN,NaN,NaN,NaN
965.34,31.34,39.33,36.00,20.00,MAN,0,0,0,-123.60,0.00,0.00,-73.60,0.00,0.00,0.00,0.00,NaN,NaN,NaN,NaN,NaN,NaN
966.34,31.33,39.33,36.00,20.00,MAN,0,0,0,-123.60,0.00,0.00,-73.60,0.00,0.00,0.00,0.00,NaN,NaN,NaN,NaN,NaN,NaN
967.34,31.34,39.33,36.00,20.00,MAN,0,0,0,-123.60,0.00,0.00,-73.60,0.00,0.00,0.00,0.00,NaN,NaN,NaN,NaN,NaN,NaN
968.34,31.33,39.33,36.00,20.00,MAN,0,0,0,-123.60,0.00,0.00,-73.60,0.00,0.00,0.00,0.00,NaN,NaN,NaN,NaN,NaN,NaN
969.35,31.33,39.33,36.00,20.00,MAN,0,0,0,-123.60,0.00,0.00,-73.60,0.00,0.00,0.00,0.00,NaN,NaN,NaN,NaN,NaN,NaN
970.35,31.33,39.33,36.00,20.00,MAN,0,0,0,-123.60,0.00,0.00,-73.60,0.00,0.00,0.00,0.00,NaN,NaN,NaN,NaN,NaN,NaN
971.35,31.31,39.33,36.00,20.00,MAN,0,0,0,-123.60,0.00,0.00,-73.60,0.00,0.00,0.00,0.00,NaN,NaN,NaN,NaN,NaN,NaN
972.35,31.31,39.36,36.00,20.00,MAN,0,0,0,-123.60,0.00,0.00,-73.60,0.00,0.00,0.00,0.00,NaN,NaN,NaN,NaN,NaN,NaN
973.35,31.31,39.36,36.00,20.00,MAN,0,0,0,-123.60,0.00,0.00,-73.60,0.00,0.00,0.00,0.00,NaN,NaN,NaN,NaN,NaN,NaN
974.35,31.31,39.36,36.00,20.00,MAN,0,0,0,-123.60,0.00,0.00,-73.60,0.00,0.00,0.00,0.00,NaN,NaN,NaN,NaN,NaN,NaN
975.35,31.30,39.36,36.00,20.00,MAN,0,0,0,-123.60,0.00,0.00,-73.60,0.00,0.00,0.00,0.00,NaN,NaN,NaN,NaN,NaN,NaN
976.35,31.30,39.36,36.00,20.00,MAN,0,0,0,-123.60,0.00,0.00,-73.60,0.00,0.00,0.00,0.00,NaN,NaN,NaN,NaN,NaN,NaN
977.36,31.30,39.36,36.00,20.00,MAN,0,0,0,-123.60,0.00,0.00,-73.60,0.00,0.00,0.00,0.00,NaN,NaN,NaN,NaN,NaN,NaN
978.36,31.30,39.36,36.00,20.00,MAN,0,0,0,-123.60,0.00,0.00,-73.60,0.00,0.00,0.00,0.00,NaN,NaN,NaN,NaN,NaN,NaN
979.36,31.30,39.39,36.00,20.00,MAN,0,0,0,-123.60,0.00,0.00,-73.60,0.00,0.00,0.00,0.00,NaN,NaN,NaN,NaN,NaN,NaN
980.36,31.29,39.39,36.00,20.00,MAN,0,0,0,-123.60,0.00,0.00,-73.60,0.00,0.00,0.00,0.00,NaN,NaN,NaN,NaN,NaN,NaN
981.36,31.29,39.39,36.00,20.00,MAN,0,0,0,-123.60,0.00,0.00,-73.60,0.00,0.00,0.00,0.00,NaN,NaN,NaN,NaN,NaN,NaN
982.36,31.28,39.39,36.00,20.00,MAN,0,0,0,-123.60,0.00,0.00,-73.60,0.00,0.00,0.00,0.00,NaN,NaN,NaN,NaN,NaN,NaN
983.37,31.28,39.39,36.00,20.00,MAN,0,0,0,-123.60,0.00,0.00,-73.60,0.00,0.00,0.00,0.00,NaN,NaN,NaN,NaN,NaN,NaN
984.36,31.28,39.39,36.00,20.00,MAN,0,0,0,-123.60,0.00,0.00,-73.60,0.00,0.00,0.00,0.00,NaN,NaN,NaN,NaN,NaN,NaN
985.37,31.28,39.39,36.00,20.00,MAN,0,0,0,-123.60,0.00,0.00,-73.60,0.00,0.00,0.00,0.00,NaN,NaN,NaN,NaN,NaN,NaN
986.37,31.27,39.39,36.00,20.00,MAN,0,0,0,-123.60,0.00,0.00,-73.60,0.00,0.00,0.00,0.00,NaN,NaN,NaN,NaN,NaN,NaN
987.37,31.27,39.39,36.00,20.00,MAN,0,0,0,-123.60,0.00,0.00,-73.60,0.00,0.00,0.00,0.00,NaN,NaN,NaN,NaN,NaN,NaN
988.37,31.27,39.39,36.00,20.00,MAN,0,0,0,-123.60,0.00,0.00,-73.60,0.00,0.00,0.00,0.00,NaN,NaN,NaN,NaN,NaN,NaN
989.37,31.27,39.39,36.00,20.00,MAN,0,0,0,-123.60,0.00,0.00,-73.60,0.00,0.00,0.00,0.00,NaN,NaN,NaN,NaN,NaN,NaN
990.38,31.27,39.39,36.00,20.00,MAN,0,0,0,-123.60,0.00,0.00,-73.60,0.00,0.00,0.00,0.00,NaN,NaN,NaN,NaN,NaN,NaN
991.38,31.26,39.39,36.00,20.00,MAN,0,0,0,-123.60,0.00,0.00,-73.60,0.00,0.00,0.00,0.00,NaN,NaN,NaN,NaN,NaN,NaN
992.38,31.26,39.39,36.00,20.00,MAN,0,0,0,-123.60,0.00,0.00,-73.60,0.00,0.00,0.00,0.00,NaN,NaN,NaN,NaN,NaN,NaN
993.38,31.26,39.39,36.00,20.00,MAN,0,0,0,-123.60,0.00,0.00,-73.60,0.00,0.00,0.00,0.00,NaN,NaN,NaN,NaN,NaN,NaN
994.38,31.26,39.39,36.00,20.00,MAN,0,0,0,-123.60,0.00,0.00,-73.60,0.00,0.00,0.00,0.00,NaN,NaN,NaN,NaN,NaN,NaN
995.38,31.25,39.43,36.00,20.00,MAN,0,0,0,-123.60,0.00,0.00,-73.60,0.00,0.00,0.00,0.00,NaN,NaN,NaN,NaN,NaN,NaN
996.39,31.25,39.43,36.00,20.00,MAN,0,0,0,-123.60,0.00,0.00,-73.60,0.00,0.00,0.00,0.00,NaN,NaN,NaN,NaN,NaN,NaN
997.39,31.25,39.43,36.00,20.00,MAN,0,0,0,-123.60,0.00,0.00,-73.60,0.00,0.00,0.00,0.00,NaN,NaN,NaN,NaN,NaN,NaN
998.39,31.25,39.43,36.00,20.00,MAN,0,0,0,-123.60,0.00,0.00,-73.60,0.00,0.00,0.00,0.00,NaN,NaN,NaN,NaN,NaN,NaN
999.39,31.24,39.43,36.00,20.00,MAN,0,0,0,-123.60,0.00,0.00,-73.60,0.00,0.00,0.00,0.00,NaN,NaN,NaN,NaN,NaN,NaN
1000.39,31.24,39.43,36.00,20.00,MAN,0,0,0,-123.60,0.00,0.00,-73.60,0.00,0.00,0.00,0.00,NaN,NaN,NaN,NaN,NaN,NaN
1001.40,31.24,39.41,36.00,20.00,MAN,0,0,0,-123.60,0.00,0.00,-73.60,0.00,0.00,0.00,0.00,NaN,NaN,NaN,NaN,NaN,NaN
1002.40,31.23,39.43,36.00,20.00,MAN,0,0,0,-123.60,0.00,0.00,-73.60,0.00,0.00,0.00,0.00,NaN,NaN,NaN,NaN,NaN,NaN
1003.40,31.23,39.43,36.00,20.00,MAN,0,0,0,-123.60,0.00,0.00,-73.60,0.00,0.00,0.00,0.00,NaN,NaN,NaN,NaN,NaN,NaN
1004.40,31.23,39.43,36.00,20.00,MAN,0,0,0,-123.60,0.00,0.00,-73.60,0.00,0.00,0.00,0.00,NaN,NaN,NaN,NaN,NaN,NaN
1005.40,31.23,39.43,36.00,20.00,MAN,0,0,0,-123.60,0.00,0.00,-73.60,0.00,0.00,0.00,0.00,NaN,NaN,NaN,NaN,NaN,NaN
1006.40,31.23,39.41,36.00,20.00,MAN,0,0,0,-123.60,0.00,0.00,-73.60,0.00,0.00,0.00,0.00,NaN,NaN,NaN,NaN,NaN,NaN
1007.40,31.22,39.41,36.00,20.00,MAN,0,0,0,-123.60,0.00,0.00,-73.60,0.00,0.00,0.00,0.00,NaN,NaN,NaN,NaN,NaN,NaN
1008.40,31.22,39.44,36.00,20.00,MAN,0,0,0,-123.60,0.00,0.00,-73.60,0.00,0.00,0.00,0.00,NaN,NaN,NaN,NaN,NaN,NaN
1009.41,31.21,39.44,36.00,20.00,MAN,0,0,0,-123.60,0.00,0.00,-73.60,0.00,0.00,0.00,0.00,NaN,NaN,NaN,NaN,NaN,NaN
1010.41,31.21,39.44,36.00,20.00,MAN,0,0,0,-123.60,0.00,0.00,-73.60,0.00,0.00,0.00,0.00,NaN,NaN,NaN,NaN,NaN,NaN
1011.41,31.21,39.44,36.00,20.00,MAN,0,0,0,-123.60,0.00,0.00,-73.60,0.00,0.00,0.00,0.00,NaN,NaN,NaN,NaN,NaN,NaN
1012.41,31.21,39.44,36.00,20.00,MAN,0,0,0,-123.60,0.00,0.00,-73.60,0.00,0.00,0.00,0.00,NaN,NaN,NaN,NaN,NaN,NaN
1013.41,31.21,39.44,36.00,20.00,MAN,0,0,0,-123.60,0.00,0.00,-73.60,0.00,0.00,0.00,0.00,NaN,NaN,NaN,NaN,NaN,NaN
1014.41,31.20,39.44,36.00,20.00,MAN,0,0,0,-123.60,0.00,0.00,-73.60,0.00,0.00,0.00,0.00,NaN,NaN,NaN,NaN,NaN,NaN
1015.42,31.20,39.44,36.00,20.00,MAN,0,0,0,-123.60,0.00,0.00,-73.60,0.00,0.00,0.00,0.00,NaN,NaN,NaN,NaN,NaN,NaN
1016.42,31.20,39.44,36.00,20.00,MAN,0,0,0,-123.60,0.00,0.00,-73.60,0.00,0.00,0.00,0.00,NaN,NaN,NaN,NaN,NaN,NaN
1017.42,31.20,39.44,36.00,20.00,MAN,0,0,0,-123.60,0.00,0.00,-73.60,0.00,0.00,0.00,0.00,NaN,NaN,NaN,NaN,NaN,NaN
1018.42,31.19,39.44,36.00,20.00,MAN,0,0,0,-123.60,0.00,0.00,-73.60,0.00,0.00,0.00,0.00,NaN,NaN,NaN,NaN,NaN,NaN
1019.42,31.19,39.44,36.00,20.00,MAN,0,0,0,-123.60,0.00,0.00,-73.60,0.00,0.00,0.00,0.00,NaN,NaN,NaN,NaN,NaN,NaN
1020.42,31.19,39.44,36.00,20.00,MAN,0,0,0,-123.60,0.00,0.00,-73.60,0.00,0.00,0.00,0.00,NaN,NaN,NaN,NaN,NaN,NaN
1021.42,31.18,39.44,36.00,20.00,MAN,0,0,0,-123.60,0.00,0.00,-73.60,0.00,0.00,0.00,0.00,NaN,NaN,NaN,NaN,NaN,NaN
1022.43,31.18,39.44,36.00,20.00,MAN,0,0,0,-123.60,0.00,0.00,-73.60,0.00,0.00,0.00,0.00,NaN,NaN,NaN,NaN,NaN,NaN
1023.43,31.18,39.44,36.00,20.00,MAN,0,0,0,-123.60,0.00,0.00,-73.60,0.00,0.00,0.00,0.00,NaN,NaN,NaN,NaN,NaN,NaN
1024.43,31.18,39.47,36.00,20.00,MAN,0,0,0,-123.60,0.00,0.00,-73.60,0.00,0.00,0.00,0.00,NaN,NaN,NaN,NaN,NaN,NaN
1025.43,31.18,39.47,36.00,20.00,MAN,0,0,0,-123.60,0.00,0.00,-73.60,0.00,0.00,0.00,0.00,NaN,NaN,NaN,NaN,NaN,NaN
1026.43,31.16,39.47,36.00,20.00,MAN,0,0,0,-123.60,0.00,0.00,-73.60,0.00,0.00,0.00,0.00,NaN,NaN,NaN,NaN,NaN,NaN
1027.43,31.16,39.47,36.00,20.00,MAN,0,0,0,-123.60,0.00,0.00,-73.60,0.00,0.00,0.00,0.00,NaN,NaN,NaN,NaN,NaN,NaN
1028.44,31.16,39.47,36.00,20.00,MAN,0,0,0,-123.60,0.00,0.00,-73.60,0.00,0.00,0.00,0.00,NaN,NaN,NaN,NaN,NaN,NaN
1029.44,31.16,39.47,36.00,20.00,MAN,0,0,0,-123.60,0.00,0.00,-73.60,0.00,0.00,0.00,0.00,NaN,NaN,NaN,NaN,NaN,NaN
1030.44,31.16,39.51,36.00,20.00,MAN,0,0,0,-123.60,0.00,0.00,-73.60,0.00,0.00,0.00,0.00,NaN,NaN,NaN,NaN,NaN,NaN
1031.44,31.15,39.51,36.00,20.00,MAN,0,0,0,-123.60,0.00,0.00,-73.60,0.00,0.00,0.00,0.00,NaN,NaN,NaN,NaN,NaN,NaN
1032.44,31.15,39.51,36.00,20.00,MAN,0,0,0,-123.60,0.00,0.00,-73.60,0.00,0.00,0.00,0.00,NaN,NaN,NaN,NaN,NaN,NaN
1033.45,31.14,39.51,36.00,20.00,MAN,0,0,0,-123.60,0.00,0.00,-73.60,0.00,0.00,0.00,0.00,NaN,NaN,NaN,NaN,NaN,NaN
1034.44,31.15,39.51,36.00,20.00,MAN,0,0,0,-123.60,0.00,0.00,-73.60,0.00,0.00,0.00,0.00,NaN,NaN,NaN,NaN,NaN,NaN
1035.45,31.14,39.51,36.00,20.00,MAN,0,0,0,-123.60,0.00,0.00,-73.60,0.00,0.00,0.00,0.00,NaN,NaN,NaN,NaN,NaN,NaN
1036.45,31.14,39.51,36.00,20.00,MAN,0,0,0,-123.60,0.00,0.00,-73.60,0.00,0.00,0.00,0.00,NaN,NaN,NaN,NaN,NaN,NaN
1037.45,31.14,39.51,36.00,20.00,MAN,0,0,0,-123.60,0.00,0.00,-73.60,0.00,0.00,0.00,0.00,NaN,NaN,NaN,NaN,NaN,NaN
1038.45,31.13,39.51,36.00,20.00,MAN,0,0,0,-123.60,0.00,0.00,-73.60,0.00,0.00,0.00,0.00,NaN,NaN,NaN,NaN,NaN,NaN
1039.45,31.13,39.51,36.00,20.00,MAN,0,0,0,-123.60,0.00,0.00,-73.60,0.00,0.00,0.00,0.00,NaN,NaN,NaN,NaN,NaN,NaN
1040.45,31.13,39.51,36.00,20.00,MAN,0,0,0,-123.60,0.00,0.00,-73.60,0.00,0.00,0.00,0.00,NaN,NaN,NaN,NaN,NaN,NaN
1041.46,31.13,39.57,36.00,20.00,MAN,0,0,0,-123.60,0.00,0.00,-73.60,0.00,0.00,0.00,0.00,NaN,NaN,NaN,NaN,NaN,NaN
1042.46,31.13,39.57,36.00,20.00,MAN,0,0,0,-123.60,0.00,0.00,-73.60,0.00,0.00,0.00,0.00,NaN,NaN,NaN,NaN,NaN,NaN
1043.46,31.12,39.57,36.00,20.00,MAN,0,0,0,-123.60,0.00,0.00,-73.60,0.00,0.00,0.00,0.00,NaN,NaN,NaN,NaN,NaN,NaN
1044.46,31.12,39.57,36.00,20.00,MAN,0,0,0,-123.60,0.00,0.00,-73.60,0.00,0.00,0.00,0.00,NaN,NaN,NaN,NaN,NaN,NaN
1045.46,31.12,39.57,36.00,20.00,MAN,0,0,0,-123.60,0.00,0.00,-73.60,0.00,0.00,0.00,0.00,NaN,NaN,NaN,NaN,NaN,NaN
1046.46,31.11,39.57,36.00,20.00,MAN,0,0,0,-123.60,0.00,0.00,-73.60,0.00,0.00,0.00,0.00,NaN,NaN,NaN,NaN,NaN,NaN
1047.47,31.11,39.57,36.00,20.00,MAN,0,0,0,-123.60,0.00,0.00,-73.60,0.00,0.00,0.00,0.00,NaN,NaN,NaN,NaN,NaN,NaN
1048.46,31.11,39.57,36.00,20.00,MAN,0,0,0,-123.60,0.00,0.00,-73.60,0.00,0.00,0.00,0.00,NaN,NaN,NaN,NaN,NaN,NaN
1049.47,31.11,39.57,36.00,20.00,MAN,0,0,0,-123.60,0.00,0.00,-73.60,0.00,0.00,0.00,0.00,NaN,NaN,NaN,NaN,NaN,NaN
1050.47,31.10,39.57,36.00,20.00,MAN,0,0,0,-123.60,0.00,0.00,-73.60,0.00,0.00,0.00,0.00,NaN,NaN,NaN,NaN,NaN,NaN
1051.47,31.10,39.57,36.00,20.00,MAN,0,0,0,-123.60,0.00,0.00,-73.60,0.00,0.00,0.00,0.00,NaN,NaN,NaN,NaN,NaN,NaN
1052.48,31.10,39.57,36.00,20.00,MAN,0,0,0,-123.60,0.00,0.00,-73.60,0.00,0.00,0.00,0.00,NaN,NaN,NaN,NaN,NaN,NaN
1053.47,31.10,39.57,36.00,20.00,MAN,0,0,0,-123.60,0.00,0.00,-73.60,0.00,0.00,0.00,0.00,NaN,NaN,NaN,NaN,NaN,NaN
1054.48,31.10,39.57,36.00,20.00,MAN,0,0,0,-123.60,0.00,0.00,-73.60,0.00,0.00,0.00,0.00,NaN,NaN,NaN,NaN,NaN,NaN
1055.48,31.09,39.57,36.00,20.00,MAN,0,0,0,-123.60,0.00,0.00,-73.60,0.00,0.00,0.00,0.00,NaN,NaN,NaN,NaN,NaN,NaN
1056.48,31.09,39.57,36.00,20.00,MAN,0,0,0,-123.60,0.00,0.00,-73.60,0.00,0.00,0.00,0.00,NaN,NaN,NaN,NaN,NaN,NaN
1057.48,31.09,39.57,36.00,20.00,MAN,0,0,0,-123.60,0.00,0.00,-73.60,0.00,0.00,0.00,0.00,NaN,NaN,NaN,NaN,NaN,NaN
1058.48,31.09,39.57,36.00,20.00,MAN,0,0,0,-123.60,0.00,0.00,-73.60,0.00,0.00,0.00,0.00,NaN,NaN,NaN,NaN,NaN,NaN
1059.48,31.08,39.57,36.00,20.00,MAN,0,0,0,-123.60,0.00,0.00,-73.60,0.00,0.00,0.00,0.00,NaN,NaN,NaN,NaN,NaN,NaN
1060.49,31.08,39.61,36.00,20.00,MAN,0,0,0,-123.60,0.00,0.00,-73.60,0.00,0.00,0.00,0.00,NaN,NaN,NaN,NaN,NaN,NaN
1061.49,31.08,39.61,36.00,20.00,MAN,0,0,0,-123.60,0.00,0.00,-73.60,0.00,0.00,0.00,0.00,NaN,NaN,NaN,NaN,NaN,NaN
1062.49,31.07,39.61,36.00,20.00,MAN,0,0,0,-123.60,0.00,0.00,-73.60,0.00,0.00,0.00,0.00,NaN,NaN,NaN,NaN,NaN,NaN
1063.49,31.07,39.61,36.00,20.00,MAN,0,0,0,-123.60,0.00,0.00,-73.60,0.00,0.00,0.00,0.00,NaN,NaN,NaN,NaN,NaN,NaN
1064.49,31.07,39.59,36.00,20.00,MAN,0,0,0,-123.60,0.00,0.00,-73.60,0.00,0.00,0.00,0.00,NaN,NaN,NaN,NaN,NaN,NaN
1065.50,31.07,39.59,36.00,20.00,MAN,0,0,0,-123.60,0.00,0.00,-73.60,0.00,0.00,0.00,0.00,NaN,NaN,NaN,NaN,NaN,NaN
1066.50,31.07,39.59,36.00,20.00,MAN,0,0,0,-123.60,0.00,0.00,-73.60,0.00,0.00,0.00,0.00,NaN,NaN,NaN,NaN,NaN,NaN
1067.50,31.06,39.62,36.00,20.00,MAN,0,0,0,-123.60,0.00,0.00,-73.60,0.00,0.00,0.00,0.00,NaN,NaN,NaN,NaN,NaN,NaN
1068.50,31.06,39.62,36.00,20.00,MAN,0,0,0,-123.60,0.00,0.00,-73.60,0.00,0.00,0.00,0.00,NaN,NaN,NaN,NaN,NaN,NaN
1069.50,31.06,39.62,36.00,20.00,MAN,0,0,0,-123.60,0.00,0.00,-73.60,0.00,0.00,0.00,0.00,NaN,NaN,NaN,NaN,NaN,NaN
1070.50,31.06,39.62,36.00,20.00,MAN,0,0,0,-123.60,0.00,0.00,-73.60,0.00,0.00,0.00,0.00,NaN,NaN,NaN,NaN,NaN,NaN
1071.50,31.05,39.62,36.00,20.00,MAN,0,0,0,-123.60,0.00,0.00,-73.60,0.00,0.00,0.00,0.00,NaN,NaN,NaN,NaN,NaN,NaN
1072.50,31.05,39.65,36.00,20.00,MAN,0,0,0,-123.60,0.00,0.00,-73.60,0.00,0.00,0.00,0.00,NaN,NaN,NaN,NaN,NaN,NaN
1073.51,31.05,39.65,36.00,20.00,MAN,0,0,0,-123.60,0.00,0.00,-73.60,0.00,0.00,0.00,0.00,NaN,NaN,NaN,NaN,NaN,NaN
1074.51,31.05,39.65,36.00,20.00,MAN,0,0,0,-123.60,0.00,0.00,-73.60,0.00,0.00,0.00,0.00,NaN,NaN,NaN,NaN,NaN,NaN
1075.51,31.05,39.65,36.00,20.00,MAN,0,0,0,-123.60,0.00,0.00,-73.60,0.00,0.00,0.00,0.00,NaN,NaN,NaN,NaN,NaN,NaN
1076.51,31.04,39.65,36.00,20.00,MAN,0,0,0,-123.60,0.00,0.00,-73.60,0.00,0.00,0.00,0.00,NaN,NaN,NaN,NaN,NaN,NaN
1077.51,31.04,39.65,36.00,20.00,MAN,0,0,0,-123.60,0.00,0.00,-73.60,0.00,0.00,0.00,0.00,NaN,NaN,NaN,NaN,NaN,NaN
1078.51,31.04,39.65,36.00,20.00,MAN,0,0,0,-123.60,0.00,0.00,-73.60,0.00,0.00,0.00,0.00,NaN,NaN,NaN,NaN,NaN,NaN
1079.52,31.02,39.65,36.00,20.00,MAN,0,0,0,-123.60,0.00,0.00,-73.60,0.00,0.00,0.00,0.00,NaN,NaN,NaN,NaN,NaN,NaN
1080.52,31.02,39.65,36.00,20.00,MAN,0,0,0,-123.60,0.00,0.00,-73.60,0.00,0.00,0.00,0.00,NaN,NaN,NaN,NaN,NaN,NaN
1081.52,31.02,39.65,36.00,20.00,MAN,0,0,0,-123.60,0.00,0.00,-73.60,0.00,0.00,0.00,0.00,NaN,NaN,NaN,NaN,NaN,NaN
1082.52,31.02,39.65,36.00,20.00,MAN,0,0,0,-123.60,0.00,0.00,-73.60,0.00,0.00,0.00,0.00,NaN,NaN,NaN,NaN,NaN,NaN
1083.52,31.01,39.65,36.00,20.00,MAN,0,0,0,-123.60,0.00,0.00,-73.60,0.00,0.00,0.00,0.00,NaN,NaN,NaN,NaN,NaN,NaN
1084.53,31.01,39.65,36.00,20.00,MAN,0,0,0,-123.60,0.00,0.00,-73.60,0.00,0.00,0.00,0.00,NaN,NaN,NaN,NaN,NaN,NaN
1085.52,31.01,39.65,36.00,20.00,MAN,0,0,0,-123.60,0.00,0.00,-73.60,0.00,0.00,0.00,0.00,NaN,NaN,NaN,NaN,NaN,NaN
1086.53,31.01,39.65,36.00,20.00,MAN,0,0,0,-123.60,0.00,0.00,-73.60,0.00,0.00,0.00,0.00,NaN,NaN,NaN,NaN,NaN,NaN
1087.53,31.01,39.65,36.00,20.00,MAN,0,0,0,-123.60,0.00,0.00,-73.60,0.00,0.00,0.00,0.00,NaN,NaN,NaN,NaN,NaN,NaN
1088.53,31.00,39.65,36.00,20.00,MAN,0,0,0,-123.60,0.00,0.00,-73.60,0.00,0.00,0.00,0.00,NaN,NaN,NaN,NaN,NaN,NaN
1089.53,31.00,39.65,36.00,20.00,MAN,0,0,0,-123.60,0.00,0.00,-73.60,0.00,0.00,0.00,0.00,NaN,NaN,NaN,NaN,NaN,NaN
1090.53,31.00,39.65,36.00,20.00,MAN,0,0,0,-123.60,0.00,0.00,-73.60,0.00,0.00,0.00,0.00,NaN,NaN,NaN,NaN,NaN,NaN
1091.53,31.00,39.65,36.00,20.00,MAN,0,0,0,-123.60,0.00,0.00,-73.60,0.00,0.00,0.00,0.00,NaN,NaN,NaN,NaN,NaN,NaN
1092.54,30.99,39.68,36.00,20.00,MAN,0,0,0,-123.60,0.00,0.00,-73.60,0.00,0.00,0.00,0.00,NaN,NaN,NaN,NaN,NaN,NaN
1093.54,30.99,39.68,36.00,20.00,MAN,0,0,0,-123.60,0.00,0.00,-73.60,0.00,0.00,0.00,0.00,NaN,NaN,NaN,NaN,NaN,NaN
1094.54,30.99,39.68,36.00,20.00,MAN,0,0,0,-123.60,0.00,0.00,-73.60,0.00,0.00,0.00,0.00,NaN,NaN,NaN,NaN,NaN,NaN
1095.54,30.98,39.68,36.00,20.00,MAN,0,0,0,-123.60,0.00,0.00,-73.60,0.00,0.00,0.00,0.00,NaN,NaN,NaN,NaN,NaN,NaN
1096.54,30.98,39.68,36.00,20.00,MAN,0,0,0,-123.60,0.00,0.00,-73.60,0.00,0.00,0.00,0.00,NaN,NaN,NaN,NaN,NaN,NaN
1097.55,30.98,39.68,36.00,20.00,MAN,0,0,0,-123.60,0.00,0.00,-73.60,0.00,0.00,0.00,0.00,NaN,NaN,NaN,NaN,NaN,NaN
1098.54,30.98,39.68,36.00,20.00,MAN,0,0,0,-123.60,0.00,0.00,-73.60,0.00,0.00,0.00,0.00,NaN,NaN,NaN,NaN,NaN,NaN
1099.55,30.98,39.68,36.00,20.00,MAN,0,0,0,-123.60,0.00,0.00,-73.60,0.00,0.00,0.00,0.00,NaN,NaN,NaN,NaN,NaN,NaN
1100.55,30.98,39.68,36.00,20.00,MAN,0,0,0,-123.60,0.00,0.00,-73.60,0.00,0.00,0.00,0.00,NaN,NaN,NaN,NaN,NaN,NaN
1101.55,30.97,39.68,36.00,20.00,MAN,0,0,0,-123.60,0.00,0.00,-73.60,0.00,0.00,0.00,0.00,NaN,NaN,NaN,NaN,NaN,NaN
1102.55,30.97,39.68,36.00,20.00,MAN,0,0,0,-123.60,0.00,0.00,-73.60,0.00,0.00,0.00,0.00,NaN,NaN,NaN,NaN,NaN,NaN
1103.55,30.97,39.68,36.00,20.00,MAN,0,0,0,-123.60,0.00,0.00,-73.60,0.00,0.00,0.00,0.00,NaN,NaN,NaN,NaN,NaN,NaN
1104.55,30.96,39.72,36.00,20.00,MAN,0,0,0,-123.60,0.00,0.00,-73.60,0.00,0.00,0.00,0.00,NaN,NaN,NaN,NaN,NaN,NaN
1105.56,30.96,39.72,36.00,20.00,MAN,0,0,0,-123.60,0.00,0.00,-73.60,0.00,0.00,0.00,0.00,NaN,NaN,NaN,NaN,NaN,NaN
1106.56,30.96,39.72,36.00,20.00,MAN,0,0,0,-123.60,0.00,0.00,-73.60,0.00,0.00,0.00,0.00,NaN,NaN,NaN,NaN,NaN,NaN
1107.56,30.96,39.72,36.00,20.00,MAN,0,0,0,-123.60,0.00,0.00,-73.60,0.00,0.00,0.00,0.00,NaN,NaN,NaN,NaN,NaN,NaN
1108.56,30.95,39.72,36.00,20.00,MAN,0,0,0,-123.60,0.00,0.00,-73.60,0.00,0.00,0.00,0.00,NaN,NaN,NaN,NaN,NaN,NaN
1109.56,30.95,39.72,36.00,20.00,MAN,0,0,0,-123.60,0.00,0.00,-73.60,0.00,0.00,0.00,0.00,NaN,NaN,NaN,NaN,NaN,NaN
1110.56,30.95,39.72,36.00,20.00,MAN,0,0,0,-123.60,0.00,0.00,-73.60,0.00,0.00,0.00,0.00,NaN,NaN,NaN,NaN,NaN,NaN
1111.57,30.95,39.72,36.00,20.00,MAN,0,0,0,-123.60,0.00,0.00,-73.60,0.00,0.00,0.00,0.00,NaN,NaN,NaN,NaN,NaN,NaN
1112.56,30.94,39.72,36.00,20.00,MAN,0,0,0,-123.60,0.00,0.00,-73.60,0.00,0.00,0.00,0.00,NaN,NaN,NaN,NaN,NaN,NaN
1113.57,30.94,39.72,36.00,20.00,MAN,0,0,0,-123.60,0.00,0.00,-73.60,0.00,0.00,0.00,0.00,NaN,NaN,NaN,NaN,NaN,NaN
1114.57,30.94,39.75,36.00,20.00,MAN,0,0,0,-123.60,0.00,0.00,-73.60,0.00,0.00,0.00,0.00,NaN,NaN,NaN,NaN,NaN,NaN
1115.57,30.94,39.75,36.00,20.00,MAN,0,0,0,-123.60,0.00,0.00,-73.60,0.00,0.00,0.00,0.00,NaN,NaN,NaN,NaN,NaN,NaN
1116.57,30.94,39.75,36.00,20.00,MAN,0,0,0,-123.60,0.00,0.00,-73.60,0.00,0.00,0.00,0.00,NaN,NaN,NaN,NaN,NaN,NaN
1117.57,30.93,39.75,36.00,20.00,MAN,0,0,0,-123.60,0.00,0.00,-73.60,0.00,0.00,0.00,0.00,NaN,NaN,NaN,NaN,NaN,NaN
1118.58,30.93,39.75,36.00,20.00,MAN,0,0,0,-123.60,0.00,0.00,-73.60,0.00,0.00,0.00,0.00,NaN,NaN,NaN,NaN,NaN,NaN
1119.58,30.93,39.75,36.00,20.00,MAN,0,0,0,-123.60,0.00,0.00,-73.60,0.00,0.00,0.00,0.00,NaN,NaN,NaN,NaN,NaN,NaN
1120.58,30.92,39.75,36.00,20.00,MAN,0,0,0,-123.60,0.00,0.00,-73.60,0.00,0.00,0.00,0.00,NaN,NaN,NaN,NaN,NaN,NaN
1121.58,30.92,39.75,36.00,20.00,MAN,0,0,0,-123.60,0.00,0.00,-73.60,0.00,0.00,0.00,0.00,NaN,NaN,NaN,NaN,NaN,NaN
1122.58,30.92,39.75,36.00,20.00,MAN,0,0,0,-123.60,0.00,0.00,-73.60,0.00,0.00,0.00,0.00,NaN,NaN,NaN,NaN,NaN,NaN
1123.58,30.92,39.75,36.00,20.00,MAN,0,0,0,-123.60,0.00,0.00,-73.60,0.00,0.00,0.00,0.00,NaN,NaN,NaN,NaN,NaN,NaN
1124.59,30.92,39.75,36.00,20.00,MAN,0,0,0,-123.60,0.00,0.00,-73.60,0.00,0.00,0.00,0.00,NaN,NaN,NaN,NaN,NaN,NaN
1125.59,30.91,39.75,36.00,20.00,MAN,0,0,0,-123.60,0.00,0.00,-73.60,0.00,0.00,0.00,0.00,NaN,NaN,NaN,NaN,NaN,NaN
1126.59,30.91,39.75,36.00,20.00,MAN,0,0,0,-123.60,0.00,0.00,-73.60,0.00,0.00,0.00,0.00,NaN,NaN,NaN,NaN,NaN,NaN
1127.59,30.91,39.75,36.00,20.00,MAN,0,0,0,-123.60,0.00,0.00,-73.60,0.00,0.00,0.00,0.00,NaN,NaN,NaN,NaN,NaN,NaN
1128.59,30.90,39.75,36.00,20.00,MAN,0,0,0,-123.60,0.00,0.00,-73.60,0.00,0.00,0.00,0.00,NaN,NaN,NaN,NaN,NaN,NaN
1129.60,30.90,39.75,36.00,20.00,MAN,0,0,0,-123.60,0.00,0.00,-73.60,0.00,0.00,0.00,0.00,NaN,NaN,NaN,NaN,NaN,NaN
1130.60,30.90,39.75,36.00,20.00,MAN,0,0,0,-123.60,0.00,0.00,-73.60,0.00,0.00,0.00,0.00,NaN,NaN,NaN,NaN,NaN,NaN
1131.60,30.90,39.75,36.00,20.00,MAN,0,0,0,-123.60,0.00,0.00,-73.60,0.00,0.00,0.00,0.00,NaN,NaN,NaN,NaN,NaN,NaN
1132.60,30.89,39.75,36.00,20.00,MAN,0,0,0,-123.60,0.00,0.00,-73.60,0.00,0.00,0.00,0.00,NaN,NaN,NaN,NaN,NaN,NaN
1133.60,30.89,39.79,36.00,20.00,MAN,0,0,0,-123.60,0.00,0.00,-73.60,0.00,0.00,0.00,0.00,NaN,NaN,NaN,NaN,NaN,NaN
1134.60,30.89,39.79,36.00,20.00,MAN,0,0,0,-123.60,0.00,0.00,-73.60,0.00,0.00,0.00,0.00,NaN,NaN,NaN,NaN,NaN,NaN
1135.60,30.89,39.79,36.00,20.00,MAN,0,0,0,-123.60,0.00,0.00,-73.60,0.00,0.00,0.00,0.00,NaN,NaN,NaN,NaN,NaN,NaN
1136.60,30.87,39.79,36.00,20.00,MAN,0,0,0,-123.60,0.00,0.00,-73.60,0.00,0.00,0.00,0.00,NaN,NaN,NaN,NaN,NaN,NaN
1137.61,30.87,39.77,36.00,20.00,MAN,0,0,0,-123.60,0.00,0.00,-73.60,0.00,0.00,0.00,0.00,NaN,NaN,NaN,NaN,NaN,NaN
1138.61,30.87,39.79,36.00,20.00,MAN,0,0,0,-123.60,0.00,0.00,-73.60,0.00,0.00,0.00,0.00,NaN,NaN,NaN,NaN,NaN,NaN
1139.61,30.87,39.77,36.00,20.00,MAN,0,0,0,-123.60,0.00,0.00,-73.60,0.00,0.00,0.00,0.00,NaN,NaN,NaN,NaN,NaN,NaN
1140.61,30.87,39.77,36.00,20.00,MAN,0,0,0,-123.60,0.00,0.00,-73.60,0.00,0.00,0.00,0.00,NaN,NaN,NaN,NaN,NaN,NaN
1141.61,30.87,39.77,36.00,20.00,MAN,0,0,0,-123.60,0.00,0.00,-73.60,0.00,0.00,0.00,0.00,NaN,NaN,NaN,NaN,NaN,NaN
1142.61,30.87,39.80,36.00,20.00,MAN,0,0,0,-123.60,0.00,0.00,-73.60,0.00,0.00,0.00,0.00,NaN,NaN,NaN,NaN,NaN,NaN
1143.62,30.86,39.80,36.00,20.00,MAN,0,0,0,-123.60,0.00,0.00,-73.60,0.00,0.00,0.00,0.00,NaN,NaN,NaN,NaN,NaN,NaN
1144.61,30.86,39.80,36.00,20.00,MAN,0,0,0,-123.60,0.00,0.00,-73.60,0.00,0.00,0.00,0.00,NaN,NaN,NaN,NaN,NaN,NaN
1145.62,30.86,39.80,36.00,20.00,MAN,0,0,0,-123.60,0.00,0.00,-73.60,0.00,0.00,0.00,0.00,NaN,NaN,NaN,NaN,NaN,NaN
1146.62,30.85,39.80,36.00,20.00,MAN,0,0,0,-123.60,0.00,0.00,-73.60,0.00,0.00,0.00,0.00,NaN,NaN,NaN,NaN,NaN,NaN
1147.62,30.85,39.80,36.00,20.00,MAN,0,0,0,-123.60,0.00,0.00,-73.60,0.00,0.00,0.00,0.00,NaN,NaN,NaN,NaN,NaN,NaN
1148.62,30.85,39.80,36.00,20.00,MAN,0,0,0,-123.60,0.00,0.00,-73.60,0.00,0.00,0.00,0.00,NaN,NaN,NaN,NaN,NaN,NaN
1149.62,30.85,39.80,36.00,20.00,MAN,0,0,0,-123.60,0.00,0.00,-73.60,0.00,0.00,0.00,0.00,NaN,NaN,NaN,NaN,NaN,NaN
1150.63,30.85,39.80,36.00,20.00,MAN,0,0,0,-123.60,0.00,0.00,-73.60,0.00,0.00,0.00,0.00,NaN,NaN,NaN,NaN,NaN,NaN
1151.63,30.84,39.80,36.00,20.00,MAN,0,0,0,-123.60,0.00,0.00,-73.60,0.00,0.00,0.00,0.00,NaN,NaN,NaN,NaN,NaN,NaN
1152.63,30.84,39.80,36.00,20.00,MAN,0,0,0,-123.60,0.00,0.00,-73.60,0.00,0.00,0.00,0.00,NaN,NaN,NaN,NaN,NaN,NaN
1153.63,30.84,39.80,36.00,20.00,MAN,0,0,0,-123.60,0.00,0.00,-73.60,0.00,0.00,0.00,0.00,NaN,NaN,NaN,NaN,NaN,NaN
1154.63,30.84,39.80,36.00,20.00,MAN,0,0,0,-123.60,0.00,0.00,-73.60,0.00,0.00,0.00,0.00,NaN,NaN,NaN,NaN,NaN,NaN
1155.63,30.84,39.80,36.00,20.00,MAN,0,0,0,-123.60,0.00,0.00,-73.60,0.00,0.00,0.00,0.00,NaN,NaN,NaN,NaN,NaN,NaN
1156.64,30.83,39.84,36.00,20.00,MAN,0,0,0,-123.60,0.00,0.00,-73.60,0.00,0.00,0.00,0.00,NaN,NaN,NaN,NaN,NaN,NaN
1157.64,30.83,39.84,36.00,20.00,MAN,0,0,0,-123.60,0.00,0.00,-73.60,0.00,0.00,0.00,0.00,NaN,NaN,NaN,NaN,NaN,NaN
1158.64,30.83,39.84,36.00,20.00,MAN,0,0,0,-123.60,0.00,0.00,-73.60,0.00,0.00,0.00,0.00,NaN,NaN,NaN,NaN,NaN,NaN
1159.64,30.83,39.84,36.00,20.00,MAN,0,0,0,-123.60,0.00,0.00,-73.60,0.00,0.00,0.00,0.00,NaN,NaN,NaN,NaN,NaN,NaN
1160.64,30.82,39.84,36.00,20.00,MAN,0,0,0,-123.60,0.00,0.00,-73.60,0.00,0.00,0.00,0.00,NaN,NaN,NaN,NaN,NaN,NaN
1161.65,30.82,39.84,36.00,20.00,MAN,0,0,0,-123.60,0.00,0.00,-73.60,0.00,0.00,0.00,0.00,NaN,NaN,NaN,NaN,NaN,NaN
1162.65,30.82,39.84,36.00,20.00,MAN,0,0,0,-123.60,0.00,0.00,-73.60,0.00,0.00,0.00,0.00,NaN,NaN,NaN,NaN,NaN,NaN
1163.65,30.81,39.84,36.00,20.00,MAN,0,0,0,-123.60,0.00,0.00,-73.60,0.00,0.00,0.00,0.00,NaN,NaN,NaN,NaN,NaN,NaN
1164.65,30.81,39.84,36.00,20.00,MAN,0,0,0,-123.60,0.00,0.00,-73.60,0.00,0.00,0.00,0.00,NaN,NaN,NaN,NaN,NaN,NaN
1165.65,30.81,39.84,36.00,20.00,MAN,0,0,0,-123.60,0.00,0.00,-73.60,0.00,0.00,0.00,0.00,NaN,NaN,NaN,NaN,NaN,NaN
1166.65,30.81,39.87,36.00,20.00,MAN,0,0,0,-123.60,0.00,0.00,-73.60,0.00,0.00,0.00,0.00,NaN,NaN,NaN,NaN,NaN,NaN
1167.65,30.80,39.87,36.00,20.00,MAN,0,0,0,-123.60,0.00,0.00,-73.60,0.00,0.00,0.00,0.00,NaN,NaN,NaN,NaN,NaN,NaN
1168.65,30.81,39.87,36.00,20.00,MAN,0,0,0,-123.60,0.00,0.00,-73.60,0.00,0.00,0.00,0.00,NaN,NaN,NaN,NaN,NaN,NaN
1169.66,30.80,39.87,36.00,20.00,MAN,0,0,0,-123.60,0.00,0.00,-73.60,0.00,0.00,0.00,0.00,NaN,NaN,NaN,NaN,NaN,NaN
1170.66,30.80,39.87,36.00,20.00,MAN,0,0,0,-123.60,0.00,0.00,-73.60,0.00,0.00,0.00,0.00,NaN,NaN,NaN,NaN,NaN,NaN
1171.66,30.79,39.87,36.00,20.00,MAN,0,0,0,-123.60,0.00,0.00,-73.60,0.00,0.00,0.00,0.00,NaN,NaN,NaN,NaN,NaN,NaN
1172.66,30.79,39.87,36.00,20.00,MAN,0,0,0,-123.60,0.00,0.00,-73.60,0.00,0.00,0.00,0.00,NaN,NaN,NaN,NaN,NaN,NaN
1173.66,30.79,39.87,36.00,20.00,MAN,0,0,0,-123.60,0.00,0.00,-73.60,0.00,0.00,0.00,0.00,NaN,NaN,NaN,NaN,NaN,NaN
1174.66,30.79,39.87,36.00,20.00,MAN,0,0,0,-123.60,0.00,0.00,-73.60,0.00,0.00,0.00,0.00,NaN,NaN,NaN,NaN,NaN,NaN
1175.67,30.79,39.87,36.00,20.00,MAN,0,0,0,-123.60,0.00,0.00,-73.60,0.00,0.00,0.00,0.00,NaN,NaN,NaN,NaN,NaN,NaN
1176.67,30.79,39.87,36.00,20.00,MAN,0,0,0,-123.60,0.00,0.00,-73.60,0.00,0.00,0.00,0.00,NaN,NaN,NaN,NaN,NaN,NaN
1177.67,30.78,39.87,36.00,20.00,MAN,0,0,0,-123.60,0.00,0.00,-73.60,0.00,0.00,0.00,0.00,NaN,NaN,NaN,NaN,NaN,NaN
1178.67,30.78,39.87,36.00,20.00,MAN,0,0,0,-123.60,0.00,0.00,-73.60,0.00,0.00,0.00,0.00,NaN,NaN,NaN,NaN,NaN,NaN
1179.67,30.77,39.87,36.00,20.00,MAN,0,0,0,-123.60,0.00,0.00,-73.60,0.00,0.00,0.00,0.00,NaN,NaN,NaN,NaN,NaN,NaN
1180.67,30.77,39.87,36.00,20.00,MAN,0,0,0,-123.60,0.00,0.00,-73.60,0.00,0.00,0.00,0.00,NaN,NaN,NaN,NaN,NaN,NaN
1181.68,30.77,39.87,36.00,20.00,MAN,0,0,0,-123.60,0.00,0.00,-73.60,0.00,0.00,0.00,0.00,NaN,NaN,NaN,NaN,NaN,NaN
1182.68,30.77,39.87,36.00,20.00,MAN,0,0,0,-123.60,0.00,0.00,-73.60,0.00,0.00,0.00,0.00,NaN,NaN,NaN,NaN,NaN,NaN
1183.68,30.77,39.87,36.00,20.00,MAN,0,0,0,-123.60,0.00,0.00,-73.60,0.00,0.00,0.00,0.00,NaN,NaN,NaN,NaN,NaN,NaN
1184.68,30.77,39.87,36.00,20.00,MAN,0,0,0,-123.60,0.00,0.00,-73.60,0.00,0.00,0.00,0.00,NaN,NaN,NaN,NaN,NaN,NaN
1185.68,30.76,39.87,36.00,20.00,MAN,0,0,0,-123.60,0.00,0.00,-73.60,0.00,0.00,0.00,0.00,NaN,NaN,NaN,NaN,NaN,NaN
1186.68,30.76,39.91,36.00,20.00,MAN,0,0,0,-123.60,0.00,0.00,-73.60,0.00,0.00,0.00,0.00,NaN,NaN,NaN,NaN,NaN,NaN
1187.68,30.75,39.91,36.00,20.00,MAN,0,0,0,-123.60,0.00,0.00,-73.60,0.00,0.00,0.00,0.00,NaN,NaN,NaN,NaN,NaN,NaN
1188.69,30.75,39.91,36.00,20.00,MAN,0,0,0,-123.60,0.00,0.00,-73.60,0.00,0.00,0.00,0.00,NaN,NaN,NaN,NaN,NaN,NaN
1189.69,30.75,39.91,36.00,20.00,MAN,0,0,0,-123.60,0.00,0.00,-73.60,0.00,0.00,0.00,0.00,NaN,NaN,NaN,NaN,NaN,NaN
1190.69,30.75,39.91,36.00,20.00,MAN,0,0,0,-123.60,0.00,0.00,-73.60,0.00,0.00,0.00,0.00,NaN,NaN,NaN,NaN,NaN,NaN
1191.69,30.75,39.91,36.00,20.00,MAN,0,0,0,-123.60,0.00,0.00,-73.60,0.00,0.00,0.00,0.00,NaN,NaN,NaN,NaN,NaN,NaN
1192.69,30.74,39.91,36.00,20.00,MAN,0,0,0,-123.60,0.00,0.00,-73.60,0.00,0.00,0.00,0.00,NaN,NaN,NaN,NaN,NaN,NaN
1193.70,30.74,39.91,36.00,20.00,MAN,0,0,0,-123.60,0.00,0.00,-73.60,0.00,0.00,0.00,0.00,NaN,NaN,NaN,NaN,NaN,NaN
1194.70,30.74,39.88,36.00,20.00,MAN,0,0,0,-123.60,0.00,0.00,-73.60,0.00,0.00,0.00,0.00,NaN,NaN,NaN,NaN,NaN,NaN
1195.70,30.74,39.88,36.00,20.00,MAN,0,0,0,-123.60,0.00,0.00,-73.60,0.00,0.00,0.00,0.00,NaN,NaN,NaN,NaN,NaN,NaN
1196.70,30.74,39.88,36.00,20.00,MAN,0,0,0,-123.60,0.00,0.00,-73.60,0.00,0.00,0.00,0.00,NaN,NaN,NaN,NaN,NaN,NaN
1197.70,30.72,39.88,36.00,20.00,MAN,0,0,0,-123.60,0.00,0.00,-73.60,0.00,0.00,0.00,0.00,NaN,NaN,NaN,NaN,NaN,NaN
1198.70,30.72,39.91,36.00,20.00,MAN,0,0,0,-123.60,0.00,0.00,-73.60,0.00,0.00,0.00,0.00,NaN,NaN,NaN,NaN,NaN,NaN
1199.71,30.72,39.91,36.00,20.00,MAN,0,0,0,-123.60,0.00,0.00,-73.60,0.00,0.00,0.00,0.00,NaN,NaN,NaN,NaN,NaN,NaN
1200.70,30.72,39.91,36.00,20.00,MAN,0,0,0,-123.60,0.00,0.00,-73.60,0.00,0.00,0.00,0.00,NaN,NaN,NaN,NaN,NaN,NaN
1201.71,30.72,39.91,36.00,20.00,MAN,0,0,0,-123.60,0.00,0.00,-73.60,0.00,0.00,0.00,0.00,NaN,NaN,NaN,NaN,NaN,NaN
1202.71,30.72,39.91,36.00,20.00,MAN,0,0,0,-123.60,0.00,0.00,-73.60,0.00,0.00,0.00,0.00,NaN,NaN,NaN,NaN,NaN,NaN
1203.71,30.71,39.91,36.00,20.00,MAN,0,0,0,-123.60,0.00,0.00,-73.60,0.00,0.00,0.00,0.00,NaN,NaN,NaN,NaN,NaN,NaN
1204.71,30.71,39.91,36.00,20.00,MAN,0,0,0,-123.60,0.00,0.00,-73.60,0.00,0.00,0.00,0.00,NaN,NaN,NaN,NaN,NaN,NaN
1205.71,30.71,39.91,36.00,20.00,MAN,0,0,0,-123.60,0.00,0.00,-73.60,0.00,0.00,0.00,0.00,NaN,NaN,NaN,NaN,NaN,NaN
1206.71,30.70,39.91,36.00,20.00,MAN,0,0,0,-123.60,0.00,0.00,-73.60,0.00,0.00,0.00,0.00,NaN,NaN,NaN,NaN,NaN,NaN
1207.72,30.70,39.91,36.00,20.00,MAN,0,0,0,-123.60,0.00,0.00,-73.60,0.00,0.00,0.00,0.00,NaN,NaN,NaN,NaN,NaN,NaN
1208.72,30.70,39.91,36.00,20.00,MAN,0,0,0,-123.60,0.00,0.00,-73.60,0.00,0.00,0.00,0.00,NaN,NaN,NaN,NaN,NaN,NaN
1209.72,30.70,39.91,36.00,20.00,MAN,0,0,0,-123.60,0.00,0.00,-73.60,0.00,0.00,0.00,0.00,NaN,NaN,NaN,NaN,NaN,NaN
1210.72,30.70,39.91,36.00,20.00,MAN,0,0,0,-123.60,0.00,0.00,-73.60,0.00,0.00,0.00,0.00,NaN,NaN,NaN,NaN,NaN,NaN
1211.72,30.69,39.91,36.00,20.00,MAN,0,0,0,-123.60,0.00,0.00,-73.60,0.00,0.00,0.00,0.00,NaN,NaN,NaN,NaN,NaN,NaN
1212.73,30.69,39.91,36.00,20.00,MAN,0,0,0,-123.60,0.00,0.00,-73.60,0.00,0.00,0.00,0.00,NaN,NaN,NaN,NaN,NaN,NaN
1213.73,30.69,39.91,36.00,20.00,MAN,0,0,0,-123.60,0.00,0.00,-73.60,0.00,0.00,0.00,0.00,NaN,NaN,NaN,NaN,NaN,NaN
1214.73,30.69,39.95,36.00,20.00,MAN,0,0,0,-123.60,0.00,0.00,-73.60,0.00,0.00,0.00,0.00,NaN,NaN,NaN,NaN,NaN,NaN
1215.73,30.68,39.95,36.00,20.00,MAN,0,0,0,-123.60,0.00,0.00,-73.60,0.00,0.00,0.00,0.00,NaN,NaN,NaN,NaN,NaN,NaN
1216.73,30.68,39.95,36.00,20.00,MAN,0,0,0,-123.60,0.00,0.00,-73.60,0.00,0.00,0.00,0.00,NaN,NaN,NaN,NaN,NaN,NaN
1217.73,30.68,39.95,36.00,20.00,MAN,0,0,0,-123.60,0.00,0.00,-73.60,0.00,0.00,0.00,0.00,NaN,NaN,NaN,NaN,NaN,NaN
1218.73,30.68,39.95,36.00,20.00,MAN,0,0,0,-123.60,0.00,0.00,-73.60,0.00,0.00,0.00,0.00,NaN,NaN,NaN,NaN,NaN,NaN
1219.73,30.68,39.95,36.00,20.00,MAN,0,0,0,-123.60,0.00,0.00,-73.60,0.00,0.00,0.00,0.00,NaN,NaN,NaN,NaN,NaN,NaN
1220.74,30.68,39.95,36.00,20.00,MAN,0,0,0,-123.60,0.00,0.00,-73.60,0.00,0.00,0.00,0.00,NaN,NaN,NaN,NaN,NaN,NaN
1221.74,30.67,39.95,36.00,20.00,MAN,0,0,0,-123.60,0.00,0.00,-73.60,0.00,0.00,0.00,0.00,NaN,NaN,NaN,NaN,NaN,NaN
1222.74,30.67,39.95,36.00,20.00,MAN,0,0,0,-123.60,0.00,0.00,-73.60,0.00,0.00,0.00,0.00,NaN,NaN,NaN,NaN,NaN,NaN
1223.74,30.67,39.95,36.00,20.00,MAN,0,0,0,-123.60,0.00,0.00,-73.60,0.00,0.00,0.00,0.00,NaN,NaN,NaN,NaN,NaN,NaN
1224.74,30.66,39.95,36.00,20.00,MAN,0,0,0,-123.60,0.00,0.00,-73.60,0.00,0.00,0.00,0.00,NaN,NaN,NaN,NaN,NaN,NaN
1225.75,30.66,39.95,36.00,20.00,MAN,0,0,0,-123.60,0.00,0.00,-73.60,0.00,0.00,0.00,0.00,NaN,NaN,NaN,NaN,NaN,NaN
1226.75,30.66,39.95,36.00,20.00,MAN,0,0,0,-123.60,0.00,0.00,-73.60,0.00,0.00,0.00,0.00,NaN,NaN,NaN,NaN,NaN,NaN
1227.75,30.66,39.98,36.00,20.00,MAN,0,0,0,-123.60,0.00,0.00,-73.60,0.00,0.00,0.00,0.00,NaN,NaN,NaN,NaN,NaN,NaN
1228.75,30.65,39.98,36.00,20.00,MAN,0,0,0,-123.60,0.00,0.00,-73.60,0.00,0.00,0.00,0.00,NaN,NaN,NaN,NaN,NaN,NaN
1229.75,30.65,39.98,36.00,20.00,MAN,0,0,0,-123.60,0.00,0.00,-73.60,0.00,0.00,0.00,0.00,NaN,NaN,NaN,NaN,NaN,NaN
1230.75,30.66,39.98,36.00,20.00,MAN,0,0,0,-123.60,0.00,0.00,-73.60,0.00,0.00,0.00,0.00,NaN,NaN,NaN,NaN,NaN,NaN
1231.75,30.64,39.98,36.00,20.00,MAN,0,0,0,-123.60,0.00,0.00,-73.60,0.00,0.00,0.00,0.00,NaN,NaN,NaN,NaN,NaN,NaN
1232.75,30.64,39.98,36.00,20.00,MAN,0,0,0,-123.60,0.00,0.00,-73.60,0.00,0.00,0.00,0.00,NaN,NaN,NaN,NaN,NaN,NaN
1233.76,30.64,39.98,36.00,20.00,MAN,0,0,0,-123.60,0.00,0.00,-73.60,0.00,0.00,0.00,0.00,NaN,NaN,NaN,NaN,NaN,NaN
1234.76,30.64,39.98,36.00,20.00,MAN,0,0,0,-123.60,0.00,0.00,-73.60,0.00,0.00,0.00,0.00,NaN,NaN,NaN,NaN,NaN,NaN
1235.76,30.64,39.98,36.00,20.00,MAN,0,0,0,-123.60,0.00,0.00,-73.60,0.00,0.00,0.00,0.00,NaN,NaN,NaN,NaN,NaN,NaN
1236.76,30.64,39.98,36.00,20.00,MAN,0,0,0,-123.60,0.00,0.00,-73.60,0.00,0.00,0.00,0.00,NaN,NaN,NaN,NaN,NaN,NaN
1237.76,30.63,39.98,36.00,20.00,MAN,0,0,0,-123.60,0.00,0.00,-73.60,0.00,0.00,0.00,0.00,NaN,NaN,NaN,NaN,NaN,NaN
1238.76,30.63,39.98,36.00,20.00,MAN,0,0,0,-123.60,0.00,0.00,-73.60,0.00,0.00,0.00,0.00,NaN,NaN,NaN,NaN,NaN,NaN
1239.77,30.63,39.98,36.00,20.00,MAN,0,0,0,-123.60,0.00,0.00,-73.60,0.00,0.00,0.00,0.00,NaN,NaN,NaN,NaN,NaN,NaN
1240.77,30.62,39.98,36.00,20.00,MAN,0,0,0,-123.60,0.00,0.00,-73.60,0.00,0.00,0.00,0.00,NaN,NaN,NaN,NaN,NaN,NaN
1241.77,30.62,39.98,36.00,20.00,MAN,0,0,0,-123.60,0.00,0.00,-73.60,0.00,0.00,0.00,0.00,NaN,NaN,NaN,NaN,NaN,NaN
1242.77,30.62,39.98,36.00,20.00,MAN,0,0,0,-123.60,0.00,0.00,-73.60,0.00,0.00,0.00,0.00,NaN,NaN,NaN,NaN,NaN,NaN
1243.77,30.62,39.98,36.00,20.00,MAN,0,0,0,-123.60,0.00,0.00,-73.60,0.00,0.00,0.00,0.00,NaN,NaN,NaN,NaN,NaN,NaN
1244.77,30.60,39.98,36.00,20.00,MAN,0,0,0,-123.60,0.00,0.00,-73.60,0.00,0.00,0.00,0.00,NaN,NaN,NaN,NaN,NaN,NaN
1245.77,30.60,40.02,36.00,20.00,MAN,0,0,0,-123.60,0.00,0.00,-73.60,0.00,0.00,0.00,0.00,NaN,NaN,NaN,NaN,NaN,NaN
1246.78,30.60,40.02,36.00,20.00,MAN,0,0,0,-123.60,0.00,0.00,-73.60,0.00,0.00,0.00,0.00,NaN,NaN,NaN,NaN,NaN,NaN
1247.78,30.60,40.02,36.00,20.00,MAN,0,0,0,-123.60,0.00,0.00,-73.60,0.00,0.00,0.00,0.00,NaN,NaN,NaN,NaN,NaN,NaN
1248.78,30.60,40.02,36.00,20.00,MAN,0,0,0,-123.60,0.00,0.00,-73.60,0.00,0.00,0.00,0.00,NaN,NaN,NaN,NaN,NaN,NaN
1249.78,30.59,40.02,36.00,20.00,MAN,0,0,0,-123.60,0.00,0.00,-73.60,0.00,0.00,0.00,0.00,NaN,NaN,NaN,NaN,NaN,NaN
1250.78,30.57,40.02,36.00,20.00,MAN,0,0,0,-123.60,0.00,0.00,-73.60,0.00,0.00,0.00,0.00,NaN,NaN,NaN,NaN,NaN,NaN
1251.78,30.57,40.05,36.00,20.00,MAN,0,0,0,-123.60,0.00,0.00,-73.60,0.00,0.00,0.00,0.00,NaN,NaN,NaN,NaN,NaN,NaN
1252.79,30.56,40.05,36.00,20.00,MAN,0,0,0,-123.60,0.00,0.00,-73.60,0.00,0.00,0.00,0.00,NaN,NaN,NaN,NaN,NaN,NaN
1253.79,30.56,40.05,36.00,20.00,MAN,0,0,0,-123.60,0.00,0.00,-73.60,0.00,0.00,0.00,0.00,NaN,NaN,NaN,NaN,NaN,NaN
1254.79,30.56,40.05,36.00,20.00,MAN,0,0,0,-123.60,0.00,0.00,-73.60,0.00,0.00,0.00,0.00,NaN,NaN,NaN,NaN,NaN,NaN
1255.79,30.56,40.05,36.00,20.00,MAN,0,0,0,-123.60,0.00,0.00,-73.60,0.00,0.00,0.00,0.00,NaN,NaN,NaN,NaN,NaN,NaN
1256.79,30.56,40.05,36.00,20.00,MAN,0,0,0,-123.60,0.00,0.00,-73.60,0.00,0.00,0.00,0.00,NaN,NaN,NaN,NaN,NaN,NaN
1257.80,30.56,40.05,36.00,20.00,MAN,0,0,0,-123.60,0.00,0.00,-73.60,0.00,0.00,0.00,0.00,NaN,NaN,NaN,NaN,NaN,NaN
1258.80,30.56,40.05,36.00,20.00,MAN,0,0,0,-123.60,0.00,0.00,-73.60,0.00,0.00,0.00,0.00,NaN,NaN,NaN,NaN,NaN,NaN
1259.80,30.56,40.02,36.00,20.00,MAN,0,0,0,-123.60,0.00,0.00,-73.60,0.00,0.00,0.00,0.00,NaN,NaN,NaN,NaN,NaN,NaN
1260.80,30.56,40.02,36.00,20.00,MAN,0,0,0,-123.60,0.00,0.00,-73.60,0.00,0.00,0.00,0.00,NaN,NaN,NaN,NaN,NaN,NaN
1261.80,30.56,40.02,36.00,20.00,MAN,0,0,0,-123.60,0.00,0.00,-73.60,0.00,0.00,0.00,0.00,NaN,NaN,NaN,NaN,NaN,NaN
1262.80,30.56,40.02,36.00,20.00,MAN,0,0,0,-123.60,0.00,0.00,-73.60,0.00,0.00,0.00,0.00,NaN,NaN,NaN,NaN,NaN,NaN
1263.81,30.56,40.02,36.00,20.00,MAN,0,0,0,-123.60,0.00,0.00,-73.60,0.00,0.00,0.00,0.00,NaN,NaN,NaN,NaN,NaN,NaN
1264.80,30.56,40.02,36.00,20.00,MAN,0,0,0,-123.60,0.00,0.00,-73.60,0.00,0.00,0.00,0.00,NaN,NaN,NaN,NaN,NaN,NaN
1265.81,30.56,40.05,36.00,20.00,MAN,0,0,0,-123.60,0.00,0.00,-73.60,0.00,0.00,0.00,0.00,NaN,NaN,NaN,NaN,NaN,NaN
1266.81,30.56,40.05,36.00,20.00,MAN,0,0,0,-123.60,0.00,0.00,-73.60,0.00,0.00,0.00,0.00,NaN,NaN,NaN,NaN,NaN,NaN
1267.81,30.56,40.05,36.00,20.00,MAN,0,0,0,-123.60,0.00,0.00,-73.60,0.00,0.00,0.00,0.00,NaN,NaN,NaN,NaN,NaN,NaN
1268.81,30.56,40.05,36.00,20.00,MAN,0,0,0,-123.60,0.00,0.00,-73.60,0.00,0.00,0.00,0.00,NaN,NaN,NaN,NaN,NaN,NaN
1269.81,30.56,40.05,36.00,20.00,MAN,0,0,0,-123.60,0.00,0.00,-73.60,0.00,0.00,0.00,0.00,NaN,NaN,NaN,NaN,NaN,NaN
1270.81,30.56,40.05,36.00,20.00,MAN,0,0,0,-123.60,0.00,0.00,-73.60,0.00,0.00,0.00,0.00,NaN,NaN,NaN,NaN,NaN,NaN
1271.82,30.56,40.05,36.00,20.00,MAN,0,0,0,-123.60,0.00,0.00,-73.60,0.00,0.00,0.00,0.00,NaN,NaN,NaN,NaN,NaN,NaN
1272.81,30.56,40.05,36.00,20.00,MAN,0,0,0,-123.60,0.00,0.00,-73.60,0.00,0.00,0.00,0.00,NaN,NaN,NaN,NaN,NaN,NaN
1273.82,30.56,40.05,36.00,20.00,MAN,0,0,0,-123.60,0.00,0.00,-73.60,0.00,0.00,0.00,0.00,NaN,NaN,NaN,NaN,NaN,NaN
1274.82,30.56,40.05,36.00,20.00,MAN,0,0,0,-123.60,0.00,0.00,-73.60,0.00,0.00,0.00,0.00,NaN,NaN,NaN,NaN,NaN,NaN
1275.82,30.56,40.05,36.00,20.00,MAN,0,0,0,-123.60,0.00,0.00,-73.60,0.00,0.00,0.00,0.00,NaN,NaN,NaN,NaN,NaN,NaN
1276.83,30.56,40.05,36.00,20.00,MAN,0,0,0,-123.60,0.00,0.00,-73.60,0.00,0.00,0.00,0.00,NaN,NaN,NaN,NaN,NaN,NaN
1277.82,30.56,40.05,36.00,20.00,MAN,0,0,0,-123.60,0.00,0.00,-73.60,0.00,0.00,0.00,0.00,NaN,NaN,NaN,NaN,NaN,NaN
1278.83,30.56,40.08,36.00,20.00,MAN,0,0,0,-123.60,0.00,0.00,-73.60,0.00,0.00,0.00,0.00,NaN,NaN,NaN,NaN,NaN,NaN
1279.83,30.56,40.08,36.00,20.00,MAN,0,0,0,-123.60,0.00,0.00,-73.60,0.00,0.00,0.00,0.00,NaN,NaN,NaN,NaN,NaN,NaN
1280.83,30.55,40.08,36.00,20.00,MAN,0,0,0,-123.60,0.00,0.00,-73.60,0.00,0.00,0.00,0.00,NaN,NaN,NaN,NaN,NaN,NaN
1281.83,30.56,40.08,36.00,20.00,MAN,0,0,0,-123.60,0.00,0.00,-73.60,0.00,0.00,0.00,0.00,NaN,NaN,NaN,NaN,NaN,NaN
1282.83,30.55,40.08,36.00,20.00,MAN,0,0,0,-123.60,0.00,0.00,-73.60,0.00,0.00,0.00,0.00,NaN,NaN,NaN,NaN,NaN,NaN
1283.83,30.55,40.07,36.00,20.00,MAN,0,0,0,-123.60,0.00,0.00,-73.60,0.00,0.00,0.00,0.00,NaN,NaN,NaN,NaN,NaN,NaN
1284.84,30.55,40.07,36.00,20.00,MAN,0,0,0,-123.60,0.00,0.00,-73.60,0.00,0.00,0.00,0.00,NaN,NaN,NaN,NaN,NaN,NaN
1285.84,30.55,40.07,36.00,20.00,MAN,0,0,0,-123.60,0.00,0.00,-73.60,0.00,0.00,0.00,0.00,NaN,NaN,NaN,NaN,NaN,NaN
1286.84,30.55,40.07,36.00,20.00,MAN,0,0,0,-123.60,0.00,0.00,-73.60,0.00,0.00,0.00,0.00,NaN,NaN,NaN,NaN,NaN,NaN
1287.84,30.55,40.10,36.00,20.00,MAN,0,0,0,-123.60,0.00,0.00,-73.60,0.00,0.00,0.00,0.00,NaN,NaN,NaN,NaN,NaN,NaN
1288.84,30.55,40.10,36.00,20.00,MAN,0,0,0,-123.60,0.00,0.00,-73.60,0.00,0.00,0.00,0.00,NaN,NaN,NaN,NaN,NaN,NaN
1289.85,30.55,40.10,36.00,20.00,MAN,0,0,0,-123.60,0.00,0.00,-73.60,0.00,0.00,0.00,0.00,NaN,NaN,NaN,NaN,NaN,NaN
1290.85,30.55,40.10,36.00,20.00,MAN,0,0,0,-123.60,0.00,0.00,-73.60,0.00,0.00,0.00,0.00,NaN,NaN,NaN,NaN,NaN,NaN
1291.85,30.55,40.10,36.00,20.00,MAN,0,0,0,-123.60,0.00,0.00,-73.60,0.00,0.00,0.00,0.00,NaN,NaN,NaN,NaN,NaN,NaN
1292.85,30.55,40.13,36.00,20.00,MAN,0,0,0,-123.60,0.00,0.00,-73.60,0.00,0.00,0.00,0.00,NaN,NaN,NaN,NaN,NaN,NaN
1293.85,30.55,40.13,36.00,20.00,MAN,0,0,0,-123.60,0.00,0.00,-73.60,0.00,0.00,0.00,0.00,NaN,NaN,NaN,NaN,NaN,NaN
1294.85,30.55,40.13,36.00,20.00,MAN,0,0,0,-123.60,0.00,0.00,-73.60,0.00,0.00,0.00,0.00,NaN,NaN,NaN,NaN,NaN,NaN
1295.85,30.55,40.13,36.00,20.00,MAN,0,0,0,-123.60,0.00,0.00,-73.60,0.00,0.00,0.00,0.00,NaN,NaN,NaN,NaN,NaN,NaN
1296.85,30.55,40.10,36.00,20.00,MAN,0,0,0,-123.60,0.00,0.00,-73.60,0.00,0.00,0.00,0.00,NaN,NaN,NaN,NaN,NaN,NaN
1297.86,30.55,40.10,36.00,20.00,MAN,0,0,0,-123.60,0.00,0.00,-73.60,0.00,0.00,0.00,0.00,NaN,NaN,NaN,NaN,NaN,NaN
1298.86,30.55,40.10,36.00,20.00,MAN,0,0,0,-123.60,0.00,0.00,-73.60,0.00,0.00,0.00,0.00,NaN,NaN,NaN,NaN,NaN,NaN
1299.86,30.55,40.10,36.00,20.00,MAN,0,0,0,-123.60,0.00,0.00,-73.60,0.00,0.00,0.00,0.00,NaN,NaN,NaN,NaN,NaN,NaN
1300.86,30.55,40.10,36.00,20.00,MAN,0,0,0,-123.60,0.00,0.00,-73.60,0.00,0.00,0.00,0.00,NaN,NaN,NaN,NaN,NaN,NaN
1301.86,30.55,40.10,36.00,20.00,MAN,0,0,0,-123.60,0.00,0.00,-73.60,0.00,0.00,0.00,0.00,NaN,NaN,NaN,NaN,NaN,NaN
1302.86,30.55,40.10,36.00,20.00,MAN,0,0,0,-123.60,0.00,0.00,-73.60,0.00,0.00,0.00,0.00,NaN,NaN,NaN,NaN,NaN,NaN
1303.87,30.55,40.13,36.00,20.00,MAN,0,0,0,-123.60,0.00,0.00,-73.60,0.00,0.00,0.00,0.00,NaN,NaN,NaN,NaN,NaN,NaN
1304.86,30.55,40.13,36.00,20.00,MAN,0,0,0,-123.60,0.00,0.00,-73.60,0.00,0.00,0.00,0.00,NaN,NaN,NaN,NaN,NaN,NaN
1305.87,30.55,40.13,36.00,20.00,MAN,0,0,0,-123.60,0.00,0.00,-73.60,0.00,0.00,0.00,0.00,NaN,NaN,NaN,NaN,NaN,NaN
1306.87,30.55,40.13,36.00,20.00,MAN,0,0,0,-123.60,0.00,0.00,-73.60,0.00,0.00,0.00,0.00,NaN,NaN,NaN,NaN,NaN,NaN
1307.87,30.55,40.13,36.00,20.00,MAN,0,0,0,-123.60,0.00,0.00,-73.60,0.00,0.00,0.00,0.00,NaN,NaN,NaN,NaN,NaN,NaN
1308.88,30.55,40.13,36.00,20.00,MAN,0,0,0,-123.60,0.00,0.00,-73.60,0.00,0.00,0.00,0.00,NaN,NaN,NaN,NaN,NaN,NaN
1309.87,30.53,40.13,36.00,20.00,MAN,0,0,0,-123.60,0.00,0.00,-73.60,0.00,0.00,0.00,0.00,NaN,NaN,NaN,NaN,NaN,NaN
1310.88,30.53,40.13,36.00,20.00,MAN,0,0,0,-123.60,0.00,0.00,-73.60,0.00,0.00,0.00,0.00,NaN,NaN,NaN,NaN,NaN,NaN
1311.88,30.53,40.13,36.00,20.00,MAN,0,0,0,-123.60,0.00,0.00,-73.60,0.00,0.00,0.00,0.00,NaN,NaN,NaN,NaN,NaN,NaN
1312.88,30.51,40.13,36.00,20.00,MAN,0,0,0,-123.60,0.00,0.00,-73.60,0.00,0.00,0.00,0.00,NaN,NaN,NaN,NaN,NaN,NaN
1313.88,30.51,40.13,36.00,20.00,MAN,0,0,0,-123.60,0.00,0.00,-73.60,0.00,0.00,0.00,0.00,NaN,NaN,NaN,NaN,NaN,NaN
1314.88,30.51,40.13,36.00,20.00,MAN,0,0,0,-123.60,0.00,0.00,-73.60,0.00,0.00,0.00,0.00,NaN,NaN,NaN,NaN,NaN,NaN
1315.88,30.50,40.13,36.00,20.00,MAN,0,0,0,-123.60,0.00,0.00,-73.60,0.00,0.00,0.00,0.00,NaN,NaN,NaN,NaN,NaN,NaN
1316.89,30.49,40.13,36.00,20.00,MAN,0,0,0,-123.60,0.00,0.00,-73.60,0.00,0.00,0.00,0.00,NaN,NaN,NaN,NaN,NaN,NaN
1317.89,30.49,40.13,36.00,20.00,MAN,0,0,0,-123.60,0.00,0.00,-73.60,0.00,0.00,0.00,0.00,NaN,NaN,NaN,NaN,NaN,NaN
1318.89,30.49,40.13,36.00,20.00,MAN,0,0,0,-123.60,0.00,0.00,-73.60,0.00,0.00,0.00,0.00,NaN,NaN,NaN,NaN,NaN,NaN
1319.89,30.49,40.13,36.00,20.00,MAN,0,0,0,-123.60,0.00,0.00,-73.60,0.00,0.00,0.00,0.00,NaN,NaN,NaN,NaN,NaN,NaN
1320.89,30.49,40.13,36.00,20.00,MAN,0,0,0,-123.60,0.00,0.00,-73.60,0.00,0.00,0.00,0.00,NaN,NaN,NaN,NaN,NaN,NaN
1321.90,30.48,40.17,36.00,20.00,MAN,0,0,0,-123.60,0.00,0.00,-73.60,0.00,0.00,0.00,0.00,NaN,NaN,NaN,NaN,NaN,NaN
1322.90,30.48,40.17,36.00,20.00,MAN,0,0,0,-123.60,0.00,0.00,-73.60,0.00,0.00,0.00,0.00,NaN,NaN,NaN,NaN,NaN,NaN
1323.90,30.48,40.17,36.00,20.00,MAN,0,0,0,-123.60,0.00,0.00,-73.60,0.00,0.00,0.00,0.00,NaN,NaN,NaN,NaN,NaN,NaN
1324.90,30.47,40.17,36.00,20.00,MAN,0,0,0,-123.60,0.00,0.00,-73.60,0.00,0.00,0.00,0.00,NaN,NaN,NaN,NaN,NaN,NaN
1325.90,30.47,40.17,36.00,20.00,MAN,0,0,0,-123.60,0.00,0.00,-73.60,0.00,0.00,0.00,0.00,NaN,NaN,NaN,NaN,NaN,NaN
1326.90,30.47,40.17,36.00,20.00,MAN,0,0,0,-123.60,0.00,0.00,-73.60,0.00,0.00,0.00,0.00,NaN,NaN,NaN,NaN,NaN,NaN
1327.91,30.47,40.20,36.00,20.00,MAN,0,0,0,-123.60,0.00,0.00,-73.60,0.00,0.00,0.00,0.00,NaN,NaN,NaN,NaN,NaN,NaN
1328.90,30.47,40.17,36.00,20.00,MAN,0,0,0,-123.60,0.00,0.00,-73.60,0.00,0.00,0.00,0.00,NaN,NaN,NaN,NaN,NaN,NaN
1329.91,30.47,40.17,36.00,20.00,MAN,0,0,0,-123.60,0.00,0.00,-73.60,0.00,0.00,0.00,0.00,NaN,NaN,NaN,NaN,NaN,NaN
1330.91,30.46,40.17,36.00,20.00,MAN,0,0,0,-123.60,0.00,0.00,-73.60,0.00,0.00,0.00,0.00,NaN,NaN,NaN,NaN,NaN,NaN
1331.91,30.46,40.17,36.00,20.00,MAN,0,0,0,-123.60,0.00,0.00,-73.60,0.00,0.00,0.00,0.00,NaN,NaN,NaN,NaN,NaN,NaN
1332.91,30.46,40.17,36.00,20.00,MAN,0,0,0,-123.60,0.00,0.00,-73.60,0.00,0.00,0.00,0.00,NaN,NaN,NaN,NaN,NaN,NaN
1333.91,30.46,40.17,36.00,20.00,MAN,0,0,0,-123.60,0.00,0.00,-73.60,0.00,0.00,0.00,0.00,NaN,NaN,NaN,NaN,NaN,NaN
1334.91,30.46,40.17,36.00,20.00,MAN,0,0,0,-123.60,0.00,0.00,-73.60,0.00,0.00,0.00,0.00,NaN,NaN,NaN,NaN,NaN,NaN
1335.92,30.45,40.17,36.00,20.00,MAN,0,0,0,-123.60,0.00,0.00,-73.60,0.00,0.00,0.00,0.00,NaN,NaN,NaN,NaN,NaN,NaN
1336.92,30.45,40.17,36.00,20.00,MAN,0,0,0,-123.60,0.00,0.00,-73.60,0.00,0.00,0.00,0.00,NaN,NaN,NaN,NaN,NaN,NaN
1337.92,30.45,40.17,36.00,20.00,MAN,0,0,0,-123.60,0.00,0.00,-73.60,0.00,0.00,0.00,0.00,NaN,NaN,NaN,NaN,NaN,NaN
1338.92,30.45,40.17,36.00,20.00,MAN,0,0,0,-123.60,0.00,0.00,-73.60,0.00,0.00,0.00,0.00,NaN,NaN,NaN,NaN,NaN,NaN
1339.92,30.45,40.17,36.00,20.00,MAN,0,0,0,-123.60,0.00,0.00,-73.60,0.00,0.00,0.00,0.00,NaN,NaN,NaN,NaN,NaN,NaN
1340.92,30.44,40.17,36.00,20.00,MAN,0,0,0,-123.60,0.00,0.00,-73.60,0.00,0.00,0.00,0.00,NaN,NaN,NaN,NaN,NaN,NaN
1341.93,30.44,40.17,36.00,20.00,MAN,0,0,0,-123.60,0.00,0.00,-73.60,0.00,0.00,0.00,0.00,NaN,NaN,NaN,NaN,NaN,NaN
1342.93,30.44,40.17,36.00,20.00,MAN,0,0,0,-123.60,0.00,0.00,-73.60,0.00,0.00,0.00,0.00,NaN,NaN,NaN,NaN,NaN,NaN
1343.93,30.42,40.17,36.00,20.00,MAN,0,0,0,-123.60,0.00,0.00,-73.60,0.00,0.00,0.00,0.00,NaN,NaN,NaN,NaN,NaN,NaN
1344.93,30.42,40.20,36.00,20.00,MAN,0,0,0,-123.60,0.00,0.00,-73.60,0.00,0.00,0.00,0.00,NaN,NaN,NaN,NaN,NaN,NaN
1345.93,30.42,40.20,36.00,20.00,MAN,0,0,0,-123.60,0.00,0.00,-73.60,0.00,0.00,0.00,0.00,NaN,NaN,NaN,NaN,NaN,NaN
1346.93,30.42,40.20,36.00,20.00,MAN,0,0,0,-123.60,0.00,0.00,-73.60,0.00,0.00,0.00,0.00,NaN,NaN,NaN,NaN,NaN,NaN
1347.93,30.42,40.20,36.00,20.00,MAN,0,0,0,-123.60,0.00,0.00,-73.60,0.00,0.00,0.00,0.00,NaN,NaN,NaN,NaN,NaN,NaN
1348.94,30.42,40.20,36.00,20.00,MAN,0,0,0,-123.60,0.00,0.00,-73.60,0.00,0.00,0.00,0.00,NaN,NaN,NaN,NaN,NaN,NaN
1349.94,30.41,40.20,36.00,20.00,MAN,0,0,0,-123.60,0.00,0.00,-73.60,0.00,0.00,0.00,0.00,NaN,NaN,NaN,NaN,NaN,NaN
1350.94,30.41,40.20,36.00,20.00,MAN,0,0,0,-123.60,0.00,0.00,-73.60,0.00,0.00,0.00,0.00,NaN,NaN,NaN,NaN,NaN,NaN
1351.94,30.41,40.20,36.00,20.00,MAN,0,0,0,-123.60,0.00,0.00,-73.60,0.00,0.00,0.00,0.00,NaN,NaN,NaN,NaN,NaN,NaN
1352.94,30.41,40.20,36.00,20.00,MAN,0,0,0,-123.60,0.00,0.00,-73.60,0.00,0.00,0.00,0.00,NaN,NaN,NaN,NaN,NaN,NaN
1353.95,30.40,40.20,36.00,20.00,MAN,0,0,0,-123.60,0.00,0.00,-73.60,0.00,0.00,0.00,0.00,NaN,NaN,NaN,NaN,NaN,NaN
1354.95,30.40,40.20,36.00,20.00,MAN,0,0,0,-123.60,0.00,0.00,-73.60,0.00,0.00,0.00,0.00,NaN,NaN,NaN,NaN,NaN,NaN
1355.95,30.40,40.23,36.00,20.00,MAN,0,0,0,-123.60,0.00,0.00,-73.60,0.00,0.00,0.00,0.00,NaN,NaN,NaN,NaN,NaN,NaN
1356.95,30.40,40.23,36.00,20.00,MAN,0,0,0,-123.60,0.00,0.00,-73.60,0.00,0.00,0.00,0.00,NaN,NaN,NaN,NaN,NaN,NaN
1357.95,30.40,40.23,36.00,20.00,MAN,0,0,0,-123.60,0.00,0.00,-73.60,0.00,0.00,0.00,0.00,NaN,NaN,NaN,NaN,NaN,NaN
1358.95,30.40,40.23,36.00,20.00,MAN,0,0,0,-123.60,0.00,0.00,-73.60,0.00,0.00,0.00,0.00,NaN,NaN,NaN,NaN,NaN,NaN
1359.95,30.39,40.30,36.00,20.00,MAN,0,0,0,-123.60,0.00,0.00,-73.60,0.00,0.00,0.00,0.00,NaN,NaN,NaN,NaN,NaN,NaN
1360.95,30.39,40.30,36.00,20.00,MAN,0,0,0,-123.60,0.00,0.00,-73.60,0.00,0.00,0.00,0.00,NaN,NaN,NaN,NaN,NaN,NaN
1361.96,30.39,40.30,36.00,20.00,MAN,0,0,0,-123.60,0.00,0.00,-73.60,0.00,0.00,0.00,0.00,NaN,NaN,NaN,NaN,NaN,NaN
1362.96,30.39,40.30,36.00,20.00,MAN,0,0,0,-123.60,0.00,0.00,-73.60,0.00,0.00,0.00,0.00,NaN,NaN,NaN,NaN,NaN,NaN
1363.96,30.38,40.30,36.00,20.00,MAN,0,0,0,-123.60,0.00,0.00,-73.60,0.00,0.00,0.00,0.00,NaN,NaN,NaN,NaN,NaN,NaN
1364.96,30.38,40.30,36.00,20.00,MAN,0,0,0,-123.60,0.00,0.00,-73.60,0.00,0.00,0.00,0.00,NaN,NaN,NaN,NaN,NaN,NaN
1365.96,30.38,40.30,36.00,20.00,MAN,0,0,0,-123.60,0.00,0.00,-73.60,0.00,0.00,0.00,0.00,NaN,NaN,NaN,NaN,NaN,NaN
1366.96,30.38,40.30,36.00,20.00,MAN,0,0,0,-123.60,0.00,0.00,-73.60,0.00,0.00,0.00,0.00,NaN,NaN,NaN,NaN,NaN,NaN
1367.97,30.38,40.30,36.00,20.00,MAN,0,0,0,-123.60,0.00,0.00,-73.60,0.00,0.00,0.00,0.00,NaN,NaN,NaN,NaN,NaN,NaN
1368.97,30.37,40.30,36.00,20.00,MAN,0,0,0,-123.60,0.00,0.00,-73.60,0.00,0.00,0.00,0.00,NaN,NaN,NaN,NaN,NaN,NaN
1369.97,30.37,40.30,36.00,20.00,MAN,0,0,0,-123.60,0.00,0.00,-73.60,0.00,0.00,0.00,0.00,NaN,NaN,NaN,NaN,NaN,NaN
1370.97,30.37,40.30,36.00,20.00,MAN,0,0,0,-123.60,0.00,0.00,-73.60,0.00,0.00,0.00,0.00,NaN,NaN,NaN,NaN,NaN,NaN
1371.97,30.37,40.30,36.00,20.00,MAN,0,0,0,-123.60,0.00,0.00,-73.60,0.00,0.00,0.00,0.00,NaN,NaN,NaN,NaN,NaN,NaN
1372.98,30.37,40.30,36.00,20.00,MAN,0,0,0,-123.60,0.00,0.00,-73.60,0.00,0.00,0.00,0.00,NaN,NaN,NaN,NaN,NaN,NaN
1373.97,30.37,40.30,36.00,20.00,MAN,0,0,0,-123.60,0.00,0.00,-73.60,0.00,0.00,0.00,0.00,NaN,NaN,NaN,NaN,NaN,NaN
1374.98,30.36,40.30,36.00,20.00,MAN,0,0,0,-123.60,0.00,0.00,-73.60,0.00,0.00,0.00,0.00,NaN,NaN,NaN,NaN,NaN,NaN
1375.98,30.36,40.30,36.00,20.00,MAN,0,0,0,-123.60,0.00,0.00,-73.60,0.00,0.00,0.00,0.00,NaN,NaN,NaN,NaN,NaN,NaN
1376.98,30.36,40.30,36.00,20.00,MAN,0,0,0,-123.60,0.00,0.00,-73.60,0.00,0.00,0.00,0.00,NaN,NaN,NaN,NaN,NaN,NaN
1377.98,30.36,40.28,36.00,20.00,MAN,0,0,0,-123.60,0.00,0.00,-73.60,0.00,0.00,0.00,0.00,NaN,NaN,NaN,NaN,NaN,NaN
1378.98,30.36,40.28,36.00,20.00,MAN,0,0,0,-123.60,0.00,0.00,-73.60,0.00,0.00,0.00,0.00,NaN,NaN,NaN,NaN,NaN,NaN
1379.98,30.35,40.28,36.00,20.00,MAN,0,0,0,-123.60,0.00,0.00,-73.60,0.00,0.00,0.00,0.00,NaN,NaN,NaN,NaN,NaN,NaN
1380.99,30.35,40.31,36.00,20.00,MAN,0,0,0,-123.60,0.00,0.00,-73.60,0.00,0.00,0.00,0.00,NaN,NaN,NaN,NaN,NaN,NaN
1381.99,30.35,40.31,36.00,20.00,MAN,0,0,0,-123.60,0.00,0.00,-73.60,0.00,0.00,0.00,0.00,NaN,NaN,NaN,NaN,NaN,NaN
1382.99,30.35,40.31,36.00,20.00,MAN,0,0,0,-123.60,0.00,0.00,-73.60,0.00,0.00,0.00,0.00,NaN,NaN,NaN,NaN,NaN,NaN
1383.99,30.35,40.31,36.00,20.00,MAN,0,0,0,-123.60,0.00,0.00,-73.60,0.00,0.00,0.00,0.00,NaN,NaN,NaN,NaN,NaN,NaN
1384.99,30.34,40.31,36.00,20.00,MAN,0,0,0,-123.60,0.00,0.00,-73.60,0.00,0.00,0.00,0.00,NaN,NaN,NaN,NaN,NaN,NaN
1386.00,30.34,40.31,36.00,20.00,MAN,0,0,0,-123.60,0.00,0.00,-73.60,0.00,0.00,0.00,0.00,NaN,NaN,NaN,NaN,NaN,NaN
1387.00,30.34,40.31,36.00,20.00,MAN,0,0,0,-123.60,0.00,0.00,-73.60,0.00,0.00,0.00,0.00,NaN,NaN,NaN,NaN,NaN,NaN
1388.00,30.34,40.31,36.00,20.00,MAN,0,0,0,-123.60,0.00,0.00,-73.60,0.00,0.00,0.00,0.00,NaN,NaN,NaN,NaN,NaN,NaN
1389.00,30.33,40.31,36.00,20.00,MAN,0,0,0,-123.60,0.00,0.00,-73.60,0.00,0.00,0.00,0.00,NaN,NaN,NaN,NaN,NaN,NaN
1390.00,30.33,40.31,36.00,20.00,MAN,0,0,0,-123.60,0.00,0.00,-73.60,0.00,0.00,0.00,0.00,NaN,NaN,NaN,NaN,NaN,NaN
1391.00,30.33,40.31,36.00,20.00,MAN,0,0,0,-123.60,0.00,0.00,-73.60,0.00,0.00,0.00,0.00,NaN,NaN,NaN,NaN,NaN,NaN
1392.00,30.33,40.31,36.00,20.00,MAN,0,0,0,-123.60,0.00,0.00,-73.60,0.00,0.00,0.00,0.00,NaN,NaN,NaN,NaN,NaN,NaN
1393.00,30.33,40.31,36.00,20.00,MAN,0,0,0,-123.60,0.00,0.00,-73.60,0.00,0.00,0.00,0.00,NaN,NaN,NaN,NaN,NaN,NaN
1394.01,30.33,40.31,36.00,20.00,MAN,0,0,0,-123.60,0.00,0.00,-73.60,0.00,0.00,0.00,0.00,NaN,NaN,NaN,NaN,NaN,NaN
1395.01,30.32,40.31,36.00,20.00,MAN,0,0,0,-123.60,0.00,0.00,-73.60,0.00,0.00,0.00,0.00,NaN,NaN,NaN,NaN,NaN,NaN
1396.01,30.32,40.31,36.00,20.00,MAN,0,0,0,-123.60,0.00,0.00,-73.60,0.00,0.00,0.00,0.00,NaN,NaN,NaN,NaN,NaN,NaN
1397.01,30.32,40.31,36.00,20.00,MAN,0,0,0,-123.60,0.00,0.00,-73.60,0.00,0.00,0.00,0.00,NaN,NaN,NaN,NaN,NaN,NaN
1398.01,30.32,40.31,36.00,20.00,MAN,0,0,0,-123.60,0.00,0.00,-73.60,0.00,0.00,0.00,0.00,NaN,NaN,NaN,NaN,NaN,NaN
1399.01,30.32,40.31,36.00,20.00,MAN,0,0,0,-123.60,0.00,0.00,-73.60,0.00,0.00,0.00,0.00,NaN,NaN,NaN,NaN,NaN,NaN
1400.02,30.31,40.28,36.00,20.00,MAN,0,0,0,-123.60,0.00,0.00,-73.60,0.00,0.00,0.00,0.00,NaN,NaN,NaN,NaN,NaN,NaN
1401.02,30.31,40.31,36.00,20.00,MAN,0,0,0,-123.60,0.00,0.00,-73.60,0.00,0.00,0.00,0.00,NaN,NaN,NaN,NaN,NaN,NaN
1402.02,30.31,40.31,36.00,20.00,MAN,0,0,0,-123.60,0.00,0.00,-73.60,0.00,0.00,0.00,0.00,NaN,NaN,NaN,NaN,NaN,NaN
1403.02,30.31,40.31,36.00,20.00,MAN,0,0,0,-123.60,0.00,0.00,-73.60,0.00,0.00,0.00,0.00,NaN,NaN,NaN,NaN,NaN,NaN
1404.02,30.31,40.31,36.00,20.00,MAN,0,0,0,-123.60,0.00,0.00,-73.60,0.00,0.00,0.00,0.00,NaN,NaN,NaN,NaN,NaN,NaN
1405.03,30.30,40.31,36.00,20.00,MAN,0,0,0,-123.60,0.00,0.00,-73.60,0.00,0.00,0.00,0.00,NaN,NaN,NaN,NaN,NaN,NaN
1406.02,30.30,40.31,36.00,20.00,MAN,0,0,0,-123.60,0.00,0.00,-73.60,0.00,0.00,0.00,0.00,NaN,NaN,NaN,NaN,NaN,NaN
1407.03,30.30,40.31,36.00,20.00,MAN,0,0,0,-123.60,0.00,0.00,-73.60,0.00,0.00,0.00,0.00,NaN,NaN,NaN,NaN,NaN,NaN
1408.03,30.30,40.31,36.00,20.00,MAN,0,0,0,-123.60,0.00,0.00,-73.60,0.00,0.00,0.00,0.00,NaN,NaN,NaN,NaN,NaN,NaN
1409.03,30.30,40.31,36.00,20.00,MAN,0,0,0,-123.60,0.00,0.00,-73.60,0.00,0.00,0.00,0.00,NaN,NaN,NaN,NaN,NaN,NaN
1410.03,30.28,40.31,36.00,20.00,MAN,0,0,0,-123.60,0.00,0.00,-73.60,0.00,0.00,0.00,0.00,NaN,NaN,NaN,NaN,NaN,NaN
1411.03,30.28,40.31,36.00,20.00,MAN,0,0,0,-123.60,0.00,0.00,-73.60,0.00,0.00,0.00,0.00,NaN,NaN,NaN,NaN,NaN,NaN
1412.03,30.28,40.31,36.00,20.00,MAN,0,0,0,-123.60,0.00,0.00,-73.60,0.00,0.00,0.00,0.00,NaN,NaN,NaN,NaN,NaN,NaN
1413.04,30.28,40.31,36.00,20.00,MAN,0,0,0,-123.60,0.00,0.00,-73.60,0.00,0.00,0.00,0.00,NaN,NaN,NaN,NaN,NaN,NaN
1414.04,30.27,40.31,36.00,20.00,MAN,0,0,0,-123.60,0.00,0.00,-73.60,0.00,0.00,0.00,0.00,NaN,NaN,NaN,NaN,NaN,NaN
1415.04,30.27,40.35,36.00,20.00,MAN,0,0,0,-123.60,0.00,0.00,-73.60,0.00,0.00,0.00,0.00,NaN,NaN,NaN,NaN,NaN,NaN
1416.04,30.27,40.35,36.00,20.00,MAN,0,0,0,-123.60,0.00,0.00,-73.60,0.00,0.00,0.00,0.00,NaN,NaN,NaN,NaN,NaN,NaN
1417.04,30.27,40.35,36.00,20.00,MAN,0,0,0,-123.60,0.00,0.00,-73.60,0.00,0.00,0.00,0.00,NaN,NaN,NaN,NaN,NaN,NaN
1418.05,30.27,40.35,36.00,20.00,MAN,0,0,0,-123.60,0.00,0.00,-73.60,0.00,0.00,0.00,0.00,NaN,NaN,NaN,NaN,NaN,NaN
1419.05,30.27,40.35,36.00,20.00,MAN,0,0,0,-123.60,0.00,0.00,-73.60,0.00,0.00,0.00,0.00,NaN,NaN,NaN,NaN,NaN,NaN
1420.04,30.27,40.35,36.00,20.00,MAN,0,0,0,-123.60,0.00,0.00,-73.60,0.00,0.00,0.00,0.00,NaN,NaN,NaN,NaN,NaN,NaN
1421.05,30.27,40.35,36.00,20.00,MAN,0,0,0,-123.60,0.00,0.00,-73.60,0.00,0.00,0.00,0.00,NaN,NaN,NaN,NaN,NaN,NaN
1422.05,30.26,40.35,36.00,20.00,MAN,0,0,0,-123.60,0.00,0.00,-73.60,0.00,0.00,0.00,0.00,NaN,NaN,NaN,NaN,NaN,NaN
1423.05,30.26,40.35,36.00,20.00,MAN,0,0,0,-123.60,0.00,0.00,-73.60,0.00,0.00,0.00,0.00,NaN,NaN,NaN,NaN,NaN,NaN
1424.06,30.26,40.35,36.00,20.00,MAN,0,0,0,-123.60,0.00,0.00,-73.60,0.00,0.00,0.00,0.00,NaN,NaN,NaN,NaN,NaN,NaN
1425.05,30.26,40.35,36.00,20.00,MAN,0,0,0,-123.60,0.00,0.00,-73.60,0.00,0.00,0.00,0.00,NaN,NaN,NaN,NaN,NaN,NaN
1426.06,30.25,40.35,36.00,20.00,MAN,0,0,0,-123.60,0.00,0.00,-73.60,0.00,0.00,0.00,0.00,NaN,NaN,NaN,NaN,NaN,NaN
1427.06,30.25,40.35,36.00,20.00,MAN,0,0,0,-123.60,0.00,0.00,-73.60,0.00,0.00,0.00,0.00,NaN,NaN,NaN,NaN,NaN,NaN
1428.06,30.25,40.38,36.00,20.00,MAN,0,0,0,-123.60,0.00,0.00,-73.60,0.00,0.00,0.00,0.00,NaN,NaN,NaN,NaN,NaN,NaN
1429.06,30.25,40.38,36.00,20.00,MAN,0,0,0,-123.60,0.00,0.00,-73.60,0.00,0.00,0.00,0.00,NaN,NaN,NaN,NaN,NaN,NaN
1430.06,30.25,40.38,36.00,20.00,MAN,0,0,0,-123.60,0.00,0.00,-73.60,0.00,0.00,0.00,0.00,NaN,NaN,NaN,NaN,NaN,NaN
1431.06,30.25,40.38,36.00,20.00,MAN,0,0,0,-123.60,0.00,0.00,-73.60,0.00,0.00,0.00,0.00,NaN,NaN,NaN,NaN,NaN,NaN
1432.07,30.25,40.38,36.00,20.00,MAN,0,0,0,-123.60,0.00,0.00,-73.60,0.00,0.00,0.00,0.00,NaN,NaN,NaN,NaN,NaN,NaN
1433.07,30.24,40.41,36.00,20.00,MAN,0,0,0,-123.60,0.00,0.00,-73.60,0.00,0.00,0.00,0.00,NaN,NaN,NaN,NaN,NaN,NaN
1434.07,30.24,40.38,36.00,20.00,MAN,0,0,0,-123.60,0.00,0.00,-73.60,0.00,0.00,0.00,0.00,NaN,NaN,NaN,NaN,NaN,NaN
1435.07,30.24,40.38,36.00,20.00,MAN,0,0,0,-123.60,0.00,0.00,-73.60,0.00,0.00,0.00,0.00,NaN,NaN,NaN,NaN,NaN,NaN
1436.07,30.23,40.38,36.00,20.00,MAN,0,0,0,-123.60,0.00,0.00,-73.60,0.00,0.00,0.00,0.00,NaN,NaN,NaN,NaN,NaN,NaN
1437.07,30.24,40.38,36.00,20.00,MAN,0,0,0,-123.60,0.00,0.00,-73.60,0.00,0.00,0.00,0.00,NaN,NaN,NaN,NaN,NaN,NaN
1438.08,30.23,40.38,36.00,20.00,MAN,0,0,0,-123.60,0.00,0.00,-73.60,0.00,0.00,0.00,0.00,NaN,NaN,NaN,NaN,NaN,NaN
1439.08,30.23,40.38,36.00,20.00,MAN,0,0,0,-123.60,0.00,0.00,-73.60,0.00,0.00,0.00,0.00,NaN,NaN,NaN,NaN,NaN,NaN
1440.08,30.23,40.38,36.00,20.00,MAN,0,0,0,-123.60,0.00,0.00,-73.60,0.00,0.00,0.00,0.00,NaN,NaN,NaN,NaN,NaN,NaN
1441.08,30.23,40.38,36.00,20.00,MAN,0,0,0,-123.60,0.00,0.00,-73.60,0.00,0.00,0.00,0.00,NaN,NaN,NaN,NaN,NaN,NaN
1442.08,30.22,40.38,36.00,20.00,MAN,0,0,0,-123.60,0.00,0.00,-73.60,0.00,0.00,0.00,0.00,NaN,NaN,NaN,NaN,NaN,NaN
1443.08,30.23,40.41,36.00,20.00,MAN,0,0,0,-123.60,0.00,0.00,-73.60,0.00,0.00,0.00,0.00,NaN,NaN,NaN,NaN,NaN,NaN
1444.08,30.22,40.41,36.00,20.00,MAN,0,0,0,-123.60,0.00,0.00,-73.60,0.00,0.00,0.00,0.00,NaN,NaN,NaN,NaN,NaN,NaN
1447.09,25.43,47.99,36.00,20.00,MAN,1024,0,0,-123.60,0.00,0.00,-73.60,0.00,0.00,0.00,0.00,NaN,NaN,NaN,NaN,NaN,NaN
1448.09,25.44,48.12,36.00,20.00,MAN,0,0,0,-123.60,0.00,0.00,-73.60,0.00,0.00,0.00,0.00,NaN,NaN,NaN,NaN,NaN,NaN
1449.09,25.45,48.15,36.00,20.00,MAN,0,0,0,-123.60,0.00,0.00,-73.60,0.00,0.00,0.00,0.00,NaN,NaN,NaN,NaN,NaN,NaN
1450.10,25.45,48.15,36.00,20.00,MAN,0,0,0,-123.60,0.00,0.00,-73.60,0.00,0.00,0.00,0.00,NaN,NaN,NaN,NaN,NaN,NaN
1451.10,25.45,47.85,36.00,20.00,MAN,0,0,0,-123.60,0.00,0.00,-73.60,0.00,0.00,0.00,0.00,NaN,NaN,NaN,NaN,NaN,NaN
1456.10,25.45,46.41,36.00,20.00,MAN,1024,0,0,-123.60,0.00,0.00,-73.60,0.00,0.00,0.00,0.00,NaN,NaN,NaN,NaN,NaN,NaN
1457.10,25.47,46.19,36.00,20.00,MAN,0,0,0,-123.60,0.00,0.00,-73.60,0.00,0.00,0.00,0.00,NaN,NaN,NaN,NaN,NaN,NaN
1458.11,25.46,46.02,36.00,20.00,MAN,0,0,0,-123.60,0.00,0.00,-73.60,0.00,0.00,0.00,0.00,NaN,NaN,NaN,NaN,NaN,NaN
1459.11,25.46,45.85,36.00,20.00,MAN,0,0,0,-123.60,0.00,0.00,-73.60,0.00,0.00,0.00,0.00,NaN,NaN,NaN,NaN,NaN,NaN
1460.11,25.46,45.75,36.00,20.00,MAN,0,0,0,-123.60,0.00,0.00,-73.60,0.00,0.00,0.00,0.00,NaN,NaN,NaN,NaN,NaN,NaN
1461.11,25.46,45.75,36.00,20.00,MAN,0,0,0,-123.60,0.00,0.00,-73.60,0.00,0.00,0.00,0.00,NaN,NaN,NaN,NaN,NaN,NaN
1462.11,25.47,46.02,36.00,20.00,MAN,0,0,0,-123.60,0.00,0.00,-73.60,0.00,0.00,0.00,0.00,NaN,NaN,NaN,NaN,NaN,NaN
1463.11,25.47,46.22,36.00,20.00,MAN,0,0,0,-123.60,0.00,0.00,-73.60,0.00,0.00,0.00,0.00,NaN,NaN,NaN,NaN,NaN,NaN
1464.12,25.48,46.41,36.00,20.00,MAN,0,0,0,-123.60,0.00,0.00,-73.60,0.00,0.00,0.00,0.00,NaN,NaN,NaN,NaN,NaN,NaN
1465.12,25.49,46.51,36.00,20.00,MAN,0,0,0,-123.60,0.00,0.00,-73.60,0.00,0.00,0.00,0.00,NaN,NaN,NaN,NaN,NaN,NaN
1466.12,25.50,46.55,36.00,20.00,MAN,0,0,0,-123.60,0.00,0.00,-73.60,0.00,0.00,0.00,0.00,NaN,NaN,NaN,NaN,NaN,NaN
1467.12,25.51,46.75,36.00,20.00,MAN,0,0,0,-123.60,0.00,0.00,-73.60,0.00,0.00,0.00,0.00,NaN,NaN,NaN,NaN,NaN,NaN
1468.12,25.53,47.25,36.00,20.00,MAN,0,0,0,-123.60,0.00,0.00,-73.60,0.00,0.00,0.00,0.00,NaN,NaN,NaN,NaN,NaN,NaN
1469.13,25.56,47.98,36.00,20.00,MAN,0,0,0,-123.60,0.00,0.00,-73.60,0.00,0.00,0.00,0.00,NaN,NaN,NaN,NaN,NaN,NaN
1470.13,25.57,48.01,36.00,20.00,MAN,0,0,0,-123.60,0.00,0.00,-73.60,0.00,0.00,0.00,0.00,NaN,NaN,NaN,NaN,NaN,NaN
1471.13,25.58,47.91,36.00,20.00,MAN,0,0,0,-123.60,0.00,0.00,-73.60,0.00,0.00,0.00,0.00,NaN,NaN,NaN,NaN,NaN,NaN
1472.13,25.58,47.60,36.00,20.00,MAN,0,0,0,-123.60,0.00,0.00,-73.60,0.00,0.00,0.00,0.00,NaN,NaN,NaN,NaN,NaN,NaN
1473.13,25.58,47.21,36.00,20.00,MAN,0,0,0,-123.60,0.00,0.00,-73.60,0.00,0.00,0.00,0.00,NaN,NaN,NaN,NaN,NaN,NaN
1474.13,25.59,46.70,36.00,20.00,MAN,0,0,0,-123.60,0.00,0.00,-73.60,0.00,0.00,0.00,0.00,NaN,NaN,NaN,NaN,NaN,NaN
1475.13,25.58,46.41,36.00,20.00,MAN,0,0,0,-123.60,0.00,0.00,-73.60,0.00,0.00,0.00,0.00,NaN,NaN,NaN,NaN,NaN,NaN
1476.13,25.59,46.24,36.00,20.00,MAN,0,0,0,-123.60,0.00,0.00,-73.60,0.00,0.00,0.00,0.00,NaN,NaN,NaN,NaN,NaN,NaN
1477.14,25.60,46.14,36.00,20.00,MAN,0,0,0,-123.60,0.00,0.00,-73.60,0.00,0.00,0.00,0.00,NaN,NaN,NaN,NaN,NaN,NaN
1478.14,25.60,46.04,36.00,20.00,MAN,0,0,0,-123.60,0.00,0.00,-73.60,0.00,0.00,0.00,0.00,NaN,NaN,NaN,NaN,NaN,NaN
1479.14,25.60,46.01,36.00,20.00,MAN,0,0,0,-123.60,0.00,0.00,-73.60,0.00,0.00,0.00,0.00,NaN,NaN,NaN,NaN,NaN,NaN
1480.14,25.60,46.07,36.00,20.00,MAN,0,0,0,-123.60,0.00,0.00,-73.60,0.00,0.00,0.00,0.00,NaN,NaN,NaN,NaN,NaN,NaN
1481.14,25.60,46.07,36.00,20.00,MAN,0,0,0,-123.60,0.00,0.00,-73.60,0.00,0.00,0.00,0.00,NaN,NaN,NaN,NaN,NaN,NaN
1482.15,25.60,46.01,36.00,20.00,MAN,0,0,0,-123.60,0.00,0.00,-73.60,0.00,0.00,0.00,0.00,NaN,NaN,NaN,NaN,NaN,NaN
1483.15,25.60,45.94,36.00,20.00,MAN,0,0,0,-123.60,0.00,0.00,-73.60,0.00,0.00,0.00,0.00,NaN,NaN,NaN,NaN,NaN,NaN
1484.14,25.59,45.87,36.00,20.00,MAN,0,0,0,-123.60,0.00,0.00,-73.60,0.00,0.00,0.00,0.00,NaN,NaN,NaN,NaN,NaN,NaN
1485.15,25.60,45.77,36.00,20.00,MAN,0,0,0,-123.60,0.00,0.00,-73.60,0.00,0.00,0.00,0.00,NaN,NaN,NaN,NaN,NaN,NaN
1486.15,25.60,45.94,36.00,20.00,MAN,0,0,0,-123.60,0.00,0.00,-73.60,0.00,0.00,0.00,0.00,NaN,NaN,NaN,NaN,NaN,NaN
1487.15,25.60,46.21,36.00,20.00,MAN,0,0,0,-123.60,0.00,0.00,-73.60,0.00,0.00,0.00,0.00,NaN,NaN,NaN,NaN,NaN,NaN
1488.16,25.61,46.31,36.00,20.00,MAN,0,0,0,-123.60,0.00,0.00,-73.60,0.00,0.00,0.00,0.00,NaN,NaN,NaN,NaN,NaN,NaN
1489.15,25.61,46.38,36.00,20.00,MAN,0,0,0,-123.60,0.00,0.00,-73.60,0.00,0.00,0.00,0.00,NaN,NaN,NaN,NaN,NaN,NaN
1490.16,25.62,46.54,36.00,20.00,MAN,0,0,0,-123.60,0.00,0.00,-73.60,0.00,0.00,0.00,0.00,NaN,NaN,NaN,NaN,NaN,NaN
1491.16,25.62,46.60,36.00,20.00,MAN,0,0,0,-123.60,0.00,0.00,-73.60,0.00,0.00,0.00,0.00,NaN,NaN,NaN,NaN,NaN,NaN
1492.16,25.62,46.57,36.00,20.00,MAN,0,0,0,-123.60,0.00,0.00,-73.60,0.00,0.00,0.00,0.00,NaN,NaN,NaN,NaN,NaN,NaN
1493.16,25.63,46.54,36.00,20.00,MAN,0,0,0,-123.60,0.00,0.00,-73.60,0.00,0.00,0.00,0.00,NaN,NaN,NaN,NaN,NaN,NaN
1494.16,25.64,46.44,36.00,20.00,MAN,0,0,0,-123.60,0.00,0.00,-73.60,0.00,0.00,0.00,0.00,NaN,NaN,NaN,NaN,NaN,NaN
1495.16,25.64,46.38,36.00,20.00,MAN,0,0,0,-123.60,0.00,0.00,-73.60,0.00,0.00,0.00,0.00,NaN,NaN,NaN,NaN,NaN,NaN
1496.17,25.64,46.24,36.00,20.00,MAN,0,0,0,-123.60,0.00,0.00,-73.60,0.00,0.00,0.00,0.00,NaN,NaN,NaN,NaN,NaN,NaN
1497.17,25.64,46.07,36.00,20.00,MAN,0,0,0,-123.60,0.00,0.00,-73.60,0.00,0.00,0.00,0.00,NaN,NaN,NaN,NaN,NaN,NaN
1498.17,25.64,45.87,36.00,20.00,MAN,0,0,0,-123.60,0.00,0.00,-73.60,0.00,0.00,0.00,0.00,NaN,NaN,NaN,NaN,NaN,NaN
1499.17,25.62,45.64,36.00,20.00,MAN,0,0,0,-123.60,0.00,0.00,-73.60,0.00,0.00,0.00,0.00,NaN,NaN,NaN,NaN,NaN,NaN
1500.17,25.63,45.51,36.00,20.00,MAN,0,0,0,-123.60,0.00,0.00,-73.60,0.00,0.00,0.00,0.00,NaN,NaN,NaN,NaN,NaN,NaN
1501.18,25.63,45.48,36.00,20.00,MAN,0,0,0,-123.60,0.00,0.00,-73.60,0.00,0.00,0.00,0.00,NaN,NaN,NaN,NaN,NaN,NaN
1502.17,25.63,45.51,36.00,20.00,MAN,0,0,0,-123.60,0.00,0.00,-73.60,0.00,0.00,0.00,0.00,NaN,NaN,NaN,NaN,NaN,NaN
1503.18,25.63,45.61,36.00,20.00,MAN,0,0,0,-123.60,0.00,0.00,-73.60,0.00,0.00,0.00,0.00,NaN,NaN,NaN,NaN,NaN,NaN
1504.18,25.63,45.70,36.00,20.00,MAN,0,0,0,-123.60,0.00,0.00,-73.60,0.00,0.00,0.00,0.00,NaN,NaN,NaN,NaN,NaN,NaN
1505.18,25.63,45.77,36.00,20.00,MAN,0,0,0,-123.60,0.00,0.00,-73.60,0.00,0.00,0.00,0.00,NaN,NaN,NaN,NaN,NaN,NaN
1506.18,25.64,45.84,36.00,20.00,MAN,0,0,0,-123.60,0.00,0.00,-73.60,0.00,0.00,0.00,0.00,NaN,NaN,NaN,NaN,NaN,NaN
1507.18,25.64,45.87,36.00,20.00,MAN,0,0,0,-123.60,0.00,0.00,-73.60,0.00,0.00,0.00,0.00,NaN,NaN,NaN,NaN,NaN,NaN
1508.18,25.64,45.87,36.00,20.00,MAN,0,0,0,-123.60,0.00,0.00,-73.60,0.00,0.00,0.00,0.00,NaN,NaN,NaN,NaN,NaN,NaN
1509.19,25.63,45.80,36.00,20.00,MAN,0,0,0,-123.60,0.00,0.00,-73.60,0.00,0.00,0.00,0.00,NaN,NaN,NaN,NaN,NaN,NaN
1510.19,25.63,45.77,36.00,20.00,MAN,0,0,0,-123.60,0.00,0.00,-73.60,0.00,0.00,0.00,0.00,NaN,NaN,NaN,NaN,NaN,NaN
1511.19,25.64,45.70,36.00,20.00,MAN,0,0,0,-123.60,0.00,0.00,-73.60,0.00,0.00,0.00,0.00,NaN,NaN,NaN,NaN,NaN,NaN
1512.19,25.63,45.87,36.00,20.00,MAN,0,0,0,-123.60,0.00,0.00,-73.60,0.00,0.00,0.00,0.00,NaN,NaN,NaN,NaN,NaN,NaN
1513.19,25.63,45.94,36.00,20.00,MAN,0,0,0,-123.60,0.00,0.00,-73.60,0.00,0.00,0.00,0.00,NaN,NaN,NaN,NaN,NaN,NaN
1514.20,25.62,45.80,36.00,20.00,MAN,0,0,0,-123.60,0.00,0.00,-73.60,0.00,0.00,0.00,0.00,NaN,NaN,NaN,NaN,NaN,NaN
1515.20,25.62,45.67,36.00,20.00,MAN,0,0,0,-123.60,0.00,0.00,-73.60,0.00,0.00,0.00,0.00,NaN,NaN,NaN,NaN,NaN,NaN
1516.20,25.62,45.51,36.00,20.00,MAN,0,0,0,-123.60,0.00,0.00,-73.60,0.00,0.00,0.00,0.00,NaN,NaN,NaN,NaN,NaN,NaN
1517.20,25.62,45.51,36.00,20.00,MAN,0,0,0,-123.60,0.00,0.00,-73.60,0.00,0.00,0.00,0.00,NaN,NaN,NaN,NaN,NaN,NaN
1518.20,25.61,45.44,36.00,20.00,MAN,0,0,0,-123.60,0.00,0.00,-73.60,0.00,0.00,0.00,0.00,NaN,NaN,NaN,NaN,NaN,NaN
1519.20,25.60,45.44,36.00,20.00,MAN,0,0,0,-123.60,0.00,0.00,-73.60,0.00,0.00,0.00,0.00,NaN,NaN,NaN,NaN,NaN,NaN
1520.20,25.58,45.27,36.00,20.00,MAN,0,0,0,-123.60,0.00,0.00,-73.60,0.00,0.00,0.00,0.00,NaN,NaN,NaN,NaN,NaN,NaN
1521.20,25.58,45.14,36.00,20.00,MAN,0,0,0,-123.60,0.00,0.00,-73.60,0.00,0.00,0.00,0.00,NaN,NaN,NaN,NaN,NaN,NaN
1522.21,25.58,45.11,36.00,20.00,MAN,0,0,0,-123.60,0.00,0.00,-73.60,0.00,0.00,0.00,0.00,NaN,NaN,NaN,NaN,NaN,NaN
1523.21,25.57,45.04,36.00,20.00,MAN,0,0,0,-123.60,0.00,0.00,-73.60,0.00,0.00,0.00,0.00,NaN,NaN,NaN,NaN,NaN,NaN
1524.21,25.56,44.97,36.00,20.00,MAN,0,0,0,-123.60,0.00,0.00,-73.60,0.00,0.00,0.00,0.00,NaN,NaN,NaN,NaN,NaN,NaN
1525.21,25.57,44.97,36.00,20.00,MAN,0,0,0,-123.60,0.00,0.00,-73.60,0.00,0.00,0.00,0.00,NaN,NaN,NaN,NaN,NaN,NaN
1526.21,25.56,44.97,36.00,20.00,MAN,0,0,0,-123.60,0.00,0.00,-73.60,0.00,0.00,0.00,0.00,NaN,NaN,NaN,NaN,NaN,NaN
1527.21,25.57,44.97,36.00,20.00,MAN,0,0,0,-123.60,0.00,0.00,-73.60,0.00,0.00,0.00,0.00,NaN,NaN,NaN,NaN,NaN,NaN
1528.22,25.56,45.04,36.00,20.00,MAN,0,0,0,-123.60,0.00,0.00,-73.60,0.00,0.00,0.00,0.00,NaN,NaN,NaN,NaN,NaN,NaN
1529.22,25.56,45.14,36.00,20.00,MAN,0,0,0,-123.60,0.00,0.00,-73.60,0.00,0.00,0.00,0.00,NaN,NaN,NaN,NaN,NaN,NaN
1530.22,25.56,45.21,36.00,20.00,MAN,0,0,0,-123.60,0.00,0.00,-73.60,0.00,0.00,0.00,0.00,NaN,NaN,NaN,NaN,NaN,NaN
1531.22,25.56,45.34,36.00,20.00,MAN,0,0,0,-123.60,0.00,0.00,-73.60,0.00,0.00,0.00,0.00,NaN,NaN,NaN,NaN,NaN,NaN
1532.22,25.56,45.48,36.00,20.00,MAN,0,0,0,-123.60,0.00,0.00,-73.60,0.00,0.00,0.00,0.00,NaN,NaN,NaN,NaN,NaN,NaN
1533.23,25.56,45.51,36.00,20.00,MAN,0,0,0,-123.60,0.00,0.00,-73.60,0.00,0.00,0.00,0.00,NaN,NaN,NaN,NaN,NaN,NaN
1534.23,25.54,45.51,36.00,20.00,MAN,0,0,0,-123.60,0.00,0.00,-73.60,0.00,0.00,0.00,0.00,NaN,NaN,NaN,NaN,NaN,NaN
1535.23,25.54,45.44,36.00,20.00,MAN,0,0,0,-123.60,0.00,0.00,-73.60,0.00,0.00,0.00,0.00,NaN,NaN,NaN,NaN,NaN,NaN
1536.23,25.53,45.38,36.00,20.00,MAN,0,0,0,-123.60,0.00,0.00,-73.60,0.00,0.00,0.00,0.00,NaN,NaN,NaN,NaN,NaN,NaN
1537.23,25.54,45.34,36.00,20.00,MAN,0,0,0,-123.60,0.00,0.00,-73.60,0.00,0.00,0.00,0.00,NaN,NaN,NaN,NaN,NaN,NaN
1538.23,25.54,45.34,36.00,20.00,MAN,0,0,0,-123.60,0.00,0.00,-73.60,0.00,0.00,0.00,0.00,NaN,NaN,NaN,NaN,NaN,NaN
1539.23,25.56,45.34,36.00,20.00,MAN,0,0,0,-123.60,0.00,0.00,-73.60,0.00,0.00,0.00,0.00,NaN,NaN,NaN,NaN,NaN,NaN
1540.23,25.56,45.41,36.00,20.00,MAN,0,0,0,-123.60,0.00,0.00,-73.60,0.00,0.00,0.00,0.00,NaN,NaN,NaN,NaN,NaN,NaN
1541.24,25.56,45.48,36.00,20.00,MAN,0,0,0,-123.60,0.00,0.00,-73.60,0.00,0.00,0.00,0.00,NaN,NaN,NaN,NaN,NaN,NaN
1542.24,25.56,45.57,36.00,20.00,MAN,0,0,0,-123.60,0.00,0.00,-73.60,0.00,0.00,0.00,0.00,NaN,NaN,NaN,NaN,NaN,NaN
1543.24,25.56,45.57,36.00,20.00,MAN,0,0,0,-123.60,0.00,0.00,-73.60,0.00,0.00,0.00,0.00,NaN,NaN,NaN,NaN,NaN,NaN
1544.24,25.56,45.61,36.00,20.00,MAN,0,0,0,-123.60,0.00,0.00,-73.60,0.00,0.00,0.00,0.00,NaN,NaN,NaN,NaN,NaN,NaN
1545.24,25.56,45.70,36.00,20.00,MAN,0,0,0,-123.60,0.00,0.00,-73.60,0.00,0.00,0.00,0.00,NaN,NaN,NaN,NaN,NaN,NaN
1546.25,25.57,45.77,36.00,20.00,MAN,0,0,0,-123.60,0.00,0.00,-73.60,0.00,0.00,0.00,0.00,NaN,NaN,NaN,NaN,NaN,NaN
1547.25,25.57,45.84,36.00,20.00,MAN,0,0,0,-123.60,0.00,0.00,-73.60,0.00,0.00,0.00,0.00,NaN,NaN,NaN,NaN,NaN,NaN
1548.24,25.57,45.91,36.00,20.00,MAN,0,0,0,-123.60,0.00,0.00,-73.60,0.00,0.00,0.00,0.00,NaN,NaN,NaN,NaN,NaN,NaN
1549.25,25.57,45.87,36.00,20.00,MAN,0,0,0,-123.60,0.00,0.00,-73.60,0.00,0.00,0.00,0.00,NaN,NaN,NaN,NaN,NaN,NaN
1550.25,25.58,45.87,36.00,20.00,MAN,0,0,0,-123.60,0.00,0.00,-73.60,0.00,0.00,0.00,0.00,NaN,NaN,NaN,NaN,NaN,NaN
1551.25,25.58,45.87,36.00,20.00,MAN,0,0,0,-123.60,0.00,0.00,-73.60,0.00,0.00,0.00,0.00,NaN,NaN,NaN,NaN,NaN,NaN
1552.25,25.58,45.87,36.00,20.00,MAN,0,0,0,-123.60,0.00,0.00,-73.60,0.00,0.00,0.00,0.00,NaN,NaN,NaN,NaN,NaN,NaN
1553.25,25.59,45.84,36.00,20.00,MAN,0,0,0,-123.60,0.00,0.00,-73.60,0.00,0.00,0.00,0.00,NaN,NaN,NaN,NaN,NaN,NaN
1554.26,25.59,45.84,36.00,20.00,MAN,0,0,0,-123.60,0.00,0.00,-73.60,0.00,0.00,0.00,0.00,NaN,NaN,NaN,NaN,NaN,NaN
1555.26,25.59,45.87,36.00,20.00,MAN,0,0,0,-123.60,0.00,0.00,-73.60,0.00,0.00,0.00,0.00,NaN,NaN,NaN,NaN,NaN,NaN
1556.26,25.60,45.84,36.00,20.00,MAN,0,0,0,-123.60,0.00,0.00,-73.60,0.00,0.00,0.00,0.00,NaN,NaN,NaN,NaN,NaN,NaN
1557.26,25.61,45.84,36.00,20.00,MAN,0,0,0,-123.60,0.00,0.00,-73.60,0.00,0.00,0.00,0.00,NaN,NaN,NaN,NaN,NaN,NaN
1558.26,25.62,45.84,36.00,20.00,MAN,0,0,0,-123.60,0.00,0.00,-73.60,0.00,0.00,0.00,0.00,NaN,NaN,NaN,NaN,NaN,NaN
1559.26,25.62,45.77,36.00,20.00,MAN,0,0,0,-123.60,0.00,0.00,-73.60,0.00,0.00,0.00,0.00,NaN,NaN,NaN,NaN,NaN,NaN
1560.27,25.63,45.70,36.00,20.00,MAN,0,0,0,-123.60,0.00,0.00,-73.60,0.00,0.00,0.00,0.00,NaN,NaN,NaN,NaN,NaN,NaN
1561.27,25.63,45.57,36.00,20.00,MAN,0,0,0,-123.60,0.00,0.00,-73.60,0.00,0.00,0.00,0.00,NaN,NaN,NaN,NaN,NaN,NaN
1562.27,25.63,45.48,36.00,20.00,MAN,0,0,0,-123.60,0.00,0.00,-73.60,0.00,0.00,0.00,0.00,NaN,NaN,NaN,NaN,NaN,NaN
1563.27,25.64,45.41,36.00,20.00,MAN,0,0,0,-123.60,0.00,0.00,-73.60,0.00,0.00,0.00,0.00,NaN,NaN,NaN,NaN,NaN,NaN
1564.27,25.64,45.34,36.00,20.00,MAN,0,0,0,-123.60,0.00,0.00,-73.60,0.00,0.00,0.00,0.00,NaN,NaN,NaN,NaN,NaN,NaN
1565.28,25.64,45.24,36.00,20.00,MAN,0,0,0,-123.60,0.00,0.00,-73.60,0.00,0.00,0.00,0.00,NaN,NaN,NaN,NaN,NaN,NaN
1566.27,25.64,45.17,36.00,20.00,MAN,0,0,0,-123.60,0.00,0.00,-73.60,0.00,0.00,0.00,0.00,NaN,NaN,NaN,NaN,NaN,NaN
1567.28,25.64,45.14,36.00,20.00,MAN,0,0,0,-123.60,0.00,0.00,-73.60,0.00,0.00,0.00,0.00,NaN,NaN,NaN,NaN,NaN,NaN
1568.28,25.65,45.11,36.00,20.00,MAN,0,0,0,-123.60,0.00,0.00,-73.60,0.00,0.00,0.00,0.00,NaN,NaN,NaN,NaN,NaN,NaN
1569.28,25.65,45.07,36.00,20.00,MAN,0,0,0,-123.60,0.00,0.00,-73.60,0.00,0.00,0.00,0.00,NaN,NaN,NaN,NaN,NaN,NaN
1570.28,25.66,45.07,36.00,20.00,MAN,0,0,0,-123.60,0.00,0.00,-73.60,0.00,0.00,0.00,0.00,NaN,NaN,NaN,NaN,NaN,NaN
1571.28,25.66,45.07,36.00,20.00,MAN,0,0,0,-123.60,0.00,0.00,-73.60,0.00,0.00,0.00,0.00,NaN,NaN,NaN,NaN,NaN,NaN
1572.28,25.67,45.11,36.00,20.00,MAN,0,0,0,-123.60,0.00,0.00,-73.60,0.00,0.00,0.00,0.00,NaN,NaN,NaN,NaN,NaN,NaN
1573.29,25.67,45.11,36.00,20.00,MAN,0,0,0,-123.60,0.00,0.00,-73.60,0.00,0.00,0.00,0.00,NaN,NaN,NaN,NaN,NaN,NaN
1574.29,25.68,45.14,36.00,20.00,MAN,0,0,0,-123.60,0.00,0.00,-73.60,0.00,0.00,0.00,0.00,NaN,NaN,NaN,NaN,NaN,NaN
1575.29,25.68,45.14,36.00,20.00,MAN,0,0,0,-123.60,0.00,0.00,-73.60,0.00,0.00,0.00,0.00,NaN,NaN,NaN,NaN,NaN,NaN
1576.29,25.68,45.14,36.00,20.00,MAN,0,0,0,-123.60,0.00,0.00,-73.60,0.00,0.00,0.00,0.00,NaN,NaN,NaN,NaN,NaN,NaN
1577.29,25.69,45.21,36.00,20.00,MAN,0,0,0,-123.60,0.00,0.00,-73.60,0.00,0.00,0.00,0.00,NaN,NaN,NaN,NaN,NaN,NaN
1578.30,25.69,45.48,36.00,20.00,MAN,0,0,0,-123.60,0.00,0.00,-73.60,0.00,0.00,0.00,0.00,NaN,NaN,NaN,NaN,NaN,NaN
1579.30,25.72,45.54,36.00,20.00,MAN,0,0,0,-123.60,0.00,0.00,-73.60,0.00,0.00,0.00,0.00,NaN,NaN,NaN,NaN,NaN,NaN
1580.30,25.72,45.51,36.00,20.00,MAN,0,0,0,-123.60,0.00,0.00,-73.60,0.00,0.00,0.00,0.00,NaN,NaN,NaN,NaN,NaN,NaN
1581.30,25.72,45.61,36.00,20.00,MAN,0,0,0,-123.60,0.00,0.00,-73.60,0.00,0.00,0.00,0.00,NaN,NaN,NaN,NaN,NaN,NaN
1582.30,25.71,45.77,36.00,20.00,MAN,0,0,0,-123.60,0.00,0.00,-73.60,0.00,0.00,0.00,0.00,NaN,NaN,NaN,NaN,NaN,NaN
1583.30,25.71,45.77,36.00,20.00,MAN,0,0,0,-123.60,0.00,0.00,-73.60,0.00,0.00,0.00,0.00,NaN,NaN,NaN,NaN,NaN,NaN
1584.30,25.69,45.64,36.00,20.00,MAN,0,0,0,-123.60,0.00,0.00,-73.60,0.00,0.00,0.00,0.00,NaN,NaN,NaN,NaN,NaN,NaN
1585.30,25.71,45.54,36.00,20.00,MAN,0,0,0,-123.60,0.00,0.00,-73.60,0.00,0.00,0.00,0.00,NaN,NaN,NaN,NaN,NaN,NaN
1586.30,25.71,45.48,36.00,20.00,MAN,0,0,0,-123.60,0.00,0.00,-73.60,0.00,0.00,0.00,0.00,NaN,NaN,NaN,NaN,NaN,NaN
1587.31,25.71,45.41,36.00,20.00,MAN,0,0,0,-123.60,0.00,0.00,-73.60,0.00,0.00,0.00,0.00,NaN,NaN,NaN,NaN,NaN,NaN
1588.31,25.71,45.38,36.00,20.00,MAN,0,0,0,-123.60,0.00,0.00,-73.60,0.00,0.00,0.00,0.00,NaN,NaN,NaN,NaN,NaN,NaN
1589.31,25.71,45.44,36.00,20.00,MAN,0,0,0,-123.60,0.00,0.00,-73.60,0.00,0.00,0.00,0.00,NaN,NaN,NaN,NaN,NaN,NaN
1590.31,25.71,45.57,36.00,20.00,MAN,0,0,0,-123.60,0.00,0.00,-73.60,0.00,0.00,0.00,0.00,NaN,NaN,NaN,NaN,NaN,NaN
1591.31,25.71,45.51,36.00,20.00,MAN,0,0,0,-123.60,0.00,0.00,-73.60,0.00,0.00,0.00,0.00,NaN,NaN,NaN,NaN,NaN,NaN
1592.32,25.72,45.48,36.00,20.00,MAN,0,0,0,-123.60,0.00,0.00,-73.60,0.00,0.00,0.00,0.00,NaN,NaN,NaN,NaN,NaN,NaN
1593.32,25.72,45.48,36.00,20.00,MAN,0,0,0,-123.60,0.00,0.00,-73.60,0.00,0.00,0.00,0.00,NaN,NaN,NaN,NaN,NaN,NaN
1594.32,25.75,45.41,36.00,20.00,MAN,0,0,0,-123.60,0.00,0.00,-73.60,0.00,0.00,0.00,0.00,NaN,NaN,NaN,NaN,NaN,NaN
1595.32,25.75,45.34,36.00,20.00,MAN,0,0,0,-123.60,0.00,0.00,-73.60,0.00,0.00,0.00,0.00,NaN,NaN,NaN,NaN,NaN,NaN
1596.32,25.73,45.21,36.00,20.00,MAN,0,0,0,-123.60,0.00,0.00,-73.60,0.00,0.00,0.00,0.00,NaN,NaN,NaN,NaN,NaN,NaN
1597.32,25.74,45.14,36.00,20.00,MAN,0,0,0,-123.60,0.00,0.00,-73.60,0.00,0.00,0.00,0.00,NaN,NaN,NaN,NaN,NaN,NaN
1598.33,25.75,45.14,36.00,20.00,MAN,0,0,0,-123.60,0.00,0.00,-73.60,0.00,0.00,0.00,0.00,NaN,NaN,NaN,NaN,NaN,NaN
1599.33,25.75,45.34,36.00,20.00,MAN,0,0,0,-123.60,0.00,0.00,-73.60,0.00,0.00,0.00,0.00,NaN,NaN,NaN,NaN,NaN,NaN
1600.33,25.75,45.67,36.00,20.00,MAN,0,0,0,-123.60,0.00,0.00,-73.60,0.00,0.00,0.00,0.00,NaN,NaN,NaN,NaN,NaN,NaN
1601.33,25.75,45.70,36.00,20.00,MAN,0,0,0,-123.60,0.00,0.00,-73.60,0.00,0.00,0.00,0.00,NaN,NaN,NaN,NaN,NaN,NaN
1602.33,25.75,45.61,36.00,20.00,MAN,0,0,0,-123.60,0.00,0.00,-73.60,0.00,0.00,0.00,0.00,NaN,NaN,NaN,NaN,NaN,NaN
1603.33,25.73,45.51,36.00,20.00,MAN,0,0,0,-123.60,0.00,0.00,-73.60,0.00,0.00,0.00,0.00,NaN,NaN,NaN,NaN,NaN,NaN
1604.33,25.75,45.41,36.00,20.00,MAN,0,0,0,-123.60,0.00,0.00,-73.60,0.00,0.00,0.00,0.00,NaN,NaN,NaN,NaN,NaN,NaN
1605.34,25.72,45.34,36.00,20.00,MAN,0,0,0,-123.60,0.00,0.00,-73.60,0.00,0.00,0.00,0.00,NaN,NaN,NaN,NaN,NaN,NaN
1606.34,25.68,45.21,36.00,20.00,MAN,0,0,0,-123.60,0.00,0.00,-73.60,0.00,0.00,0.00,0.00,NaN,NaN,NaN,NaN,NaN,NaN
1607.34,25.67,45.11,36.00,20.00,MAN,0,0,0,-123.60,0.00,0.00,-73.60,0.00,0.00,0.00,0.00,NaN,NaN,NaN,NaN,NaN,NaN
1608.34,25.67,45.07,36.00,20.00,MAN,0,0,0,-123.60,0.00,0.00,-73.60,0.00,0.00,0.00,0.00,NaN,NaN,NaN,NaN,NaN,NaN
1609.34,25.67,45.04,36.00,20.00,MAN,0,0,0,-123.60,0.00,0.00,-73.60,0.00,0.00,0.00,0.00,NaN,NaN,NaN,NaN,NaN,NaN
1610.35,25.68,45.07,36.00,20.00,MAN,0,0,0,-123.60,0.00,0.00,-73.60,0.00,0.00,0.00,0.00,NaN,NaN,NaN,NaN,NaN,NaN
1611.35,25.66,45.07,36.00,20.00,MAN,0,0,0,-123.60,0.00,0.00,-73.60,0.00,0.00,0.00,0.00,NaN,NaN,NaN,NaN,NaN,NaN
1612.34,25.67,45.14,36.00,20.00,MAN,0,0,0,-123.60,0.00,0.00,-73.60,0.00,0.00,0.00,0.00,NaN,NaN,NaN,NaN,NaN,NaN
1613.35,25.67,45.38,36.00,20.00,MAN,0,0,0,-123.60,0.00,0.00,-73.60,0.00,0.00,0.00,0.00,NaN,NaN,NaN,NaN,NaN,NaN
1614.35,25.67,45.48,36.00,20.00,MAN,0,0,0,-123.60,0.00,0.00,-73.60,0.00,0.00,0.00,0.00,NaN,NaN,NaN,NaN,NaN,NaN
1615.35,25.66,45.41,36.00,20.00,MAN,0,0,0,-123.60,0.00,0.00,-73.60,0.00,0.00,0.00,0.00,NaN,NaN,NaN,NaN,NaN,NaN
1616.35,25.67,45.34,36.00,20.00,MAN,0,0,0,-123.60,0.00,0.00,-73.60,0.00,0.00,0.00,0.00,NaN,NaN,NaN,NaN,NaN,NaN
1617.35,25.67,45.48,36.00,20.00,MAN,0,0,0,-123.60,0.00,0.00,-73.60,0.00,0.00,0.00,0.00,NaN,NaN,NaN,NaN,NaN,NaN
1618.35,25.67,45.54,36.00,20.00,MAN,0,0,0,-123.60,0.00,0.00,-73.60,0.00,0.00,0.00,0.00,NaN,NaN,NaN,NaN,NaN,NaN
1619.36,25.66,45.51,36.00,20.00,MAN,0,0,0,-123.60,0.00,0.00,-73.60,0.00,0.00,0.00,0.00,NaN,NaN,NaN,NaN,NaN,NaN
1620.36,25.66,45.41,36.00,20.00,MAN,0,0,0,-123.60,0.00,0.00,-73.60,0.00,0.00,0.00,0.00,NaN,NaN,NaN,NaN,NaN,NaN
1621.36,25.66,45.27,36.00,20.00,MAN,0,0,0,-123.60,0.00,0.00,-73.60,0.00,0.00,0.00,0.00,NaN,NaN,NaN,NaN,NaN,NaN
1622.36,25.65,45.14,36.00,20.00,MAN,0,0,0,-123.60,0.00,0.00,-73.60,0.00,0.00,0.00,0.00,NaN,NaN,NaN,NaN,NaN,NaN
1623.36,25.65,45.04,36.00,20.00,MAN,0,0,0,-123.60,0.00,0.00,-73.60,0.00,0.00,0.00,0.00,NaN,NaN,NaN,NaN,NaN,NaN
1624.37,25.65,44.97,36.00,20.00,MAN,0,0,0,-123.60,0.00,0.00,-73.60,0.00,0.00,0.00,0.00,NaN,NaN,NaN,NaN,NaN,NaN
1625.37,25.65,44.90,36.00,20.00,MAN,0,0,0,-123.60,0.00,0.00,-73.60,0.00,0.00,0.00,0.00,NaN,NaN,NaN,NaN,NaN,NaN
1626.37,25.65,44.87,36.00,20.00,MAN,0,0,0,-123.60,0.00,0.00,-73.60,0.00,0.00,0.00,0.00,NaN,NaN,NaN,NaN,NaN,NaN
1627.37,25.64,44.84,36.00,20.00,MAN,0,0,0,-123.60,0.00,0.00,-73.60,0.00,0.00,0.00,0.00,NaN,NaN,NaN,NaN,NaN,NaN
1628.37,25.64,44.80,36.00,20.00,MAN,0,0,0,-123.60,0.00,0.00,-73.60,0.00,0.00,0.00,0.00,NaN,NaN,NaN,NaN,NaN,NaN
1629.37,25.65,44.80,36.00,20.00,MAN,0,0,0,-123.60,0.00,0.00,-73.60,0.00,0.00,0.00,0.00,NaN,NaN,NaN,NaN,NaN,NaN
1630.37,25.65,44.80,36.00,20.00,MAN,0,0,0,-123.60,0.00,0.00,-73.60,0.00,0.00,0.00,0.00,NaN,NaN,NaN,NaN,NaN,NaN
1631.37,25.65,44.80,36.00,20.00,MAN,0,0,0,-123.60,0.00,0.00,-73.60,0.00,0.00,0.00,0.00,NaN,NaN,NaN,NaN,NaN,NaN
1632.38,25.65,44.84,36.00,20.00,MAN,0,0,0,-123.60,0.00,0.00,-73.60,0.00,0.00,0.00,0.00,NaN,NaN,NaN,NaN,NaN,NaN
1633.38,25.65,44.94,36.00,20.00,MAN,0,0,0,-123.60,0.00,0.00,-73.60,0.00,0.00,0.00,0.00,NaN,NaN,NaN,NaN,NaN,NaN
1634.38,25.65,45.04,36.00,20.00,MAN,0,0,0,-123.60,0.00,0.00,-73.60,0.00,0.00,0.00,0.00,NaN,NaN,NaN,NaN,NaN,NaN
1635.38,25.66,45.11,36.00,20.00,MAN,0,0,0,-123.60,0.00,0.00,-73.60,0.00,0.00,0.00,0.00,NaN,NaN,NaN,NaN,NaN,NaN
1636.38,25.66,45.11,36.00,20.00,MAN,0,0,0,-123.60,0.00,0.00,-73.60,0.00,0.00,0.00,0.00,NaN,NaN,NaN,NaN,NaN,NaN
1637.39,25.66,45.07,36.00,20.00,MAN,0,0,0,-123.60,0.00,0.00,-73.60,0.00,0.00,0.00,0.00,NaN,NaN,NaN,NaN,NaN,NaN
1638.39,25.65,45.04,36.00,20.00,MAN,0,0,0,-123.60,0.00,0.00,-73.60,0.00,0.00,0.00,0.00,NaN,NaN,NaN,NaN,NaN,NaN
1639.39,25.64,45.00,36.00,20.00,MAN,0,0,0,-123.60,0.00,0.00,-73.60,0.00,0.00,0.00,0.00,NaN,NaN,NaN,NaN,NaN,NaN
1640.39,25.65,44.97,36.00,20.00,MAN,0,0,0,-123.60,0.00,0.00,-73.60,0.00,0.00,0.00,0.00,NaN,NaN,NaN,NaN,NaN,NaN
1641.39,25.66,44.94,36.00,20.00,MAN,0,0,0,-123.60,0.00,0.00,-73.60,0.00,0.00,0.00,0.00,NaN,NaN,NaN,NaN,NaN,NaN
1642.40,25.65,44.97,36.00,20.00,MAN,0,0,0,-123.60,0.00,0.00,-73.60,0.00,0.00,0.00,0.00,NaN,NaN,NaN,NaN,NaN,NaN
1643.40,25.64,44.97,36.00,20.00,MAN,0,0,0,-123.60,0.00,0.00,-73.60,0.00,0.00,0.00,0.00,NaN,NaN,NaN,NaN,NaN,NaN
1644.40,25.64,44.90,36.00,20.00,MAN,0,0,0,-123.60,0.00,0.00,-73.60,0.00,0.00,0.00,0.00,NaN,NaN,NaN,NaN,NaN,NaN
1645.40,25.64,44.90,36.00,20.00,MAN,0,0,0,-123.60,0.00,0.00,-73.60,0.00,0.00,0.00,0.00,NaN,NaN,NaN,NaN,NaN,NaN
1646.40,25.64,44.94,36.00,20.00,MAN,0,0,0,-123.60,0.00,0.00,-73.60,0.00,0.00,0.00,0.00,NaN,NaN,NaN,NaN,NaN,NaN
1647.40,25.64,45.00,36.00,20.00,MAN,0,0,0,-123.60,0.00,0.00,-73.60,0.00,0.00,0.00,0.00,NaN,NaN,NaN,NaN,NaN,NaN
