Time_Seconds,Temperature,Humidity,Setpoint_Temperature,Setpoint_Humidity,Ctrl,Error_Code,T_PWM,RH_PWM,T_PID_p,T_PID_i,T_PID_d,T_PID_out,RH_PID_p,RH_PID_i,RH_PID_d,RH_PID_out,T_output,RH_output,T_min_thld,T_max_thld,RH_min_thld,RH_max_thld
0.00,32.42,32.75,36.00,20.00,AUTO,0,0,NaN,0.00,0.00,0.00,0.00,NaN,NaN,NaN,NaN,NaN,NaN,NaN,NaN,NaN,NaN
0.84,32.40,32.75,36.00,20.00,AUTO,0,100,NaN,214.80,0.00,0.00,214.80,NaN,NaN,NaN,NaN,NaN,NaN,NaN,NaN,NaN,NaN
1.84,32.40,32.75,36.00,20.00,AUTO,0,100,NaN,214.80,0.00,0.00,214.80,NaN,NaN,NaN,NaN,NaN,NaN,NaN,NaN,NaN,NaN
2.83,32.40,32.75,36.00,20.00,AUTO,0,100,NaN,214.80,0.00,0.00,214.80,NaN,NaN,NaN,NaN,NaN,NaN,NaN,NaN,NaN,NaN
3.84,32.42,32.79,36.00,20.00,AUTO,0,100,NaN,214.80,0.00,0.00,214.80,NaN,NaN,NaN,NaN,NaN,NaN,NaN,NaN,NaN,NaN
4.84,32.44,32.80,36.00,20.00,AUTO,0,100,NaN,214.80,0.00,0.00,214.80,NaN,NaN,NaN,NaN,NaN,NaN,NaN,NaN,NaN,NaN
5.84,32.44,32.80,36.00,20.00,AUTO,0,100,NaN,214.80,0.00,0.00,214.80,NaN,NaN,NaN,NaN,NaN,NaN,NaN,NaN,NaN,NaN
6.84,32.44,32.80,36.00,20.00,AUTO,0,100,NaN,214.80,0.00,0.00,214.80,NaN,NaN,NaN,NaN,NaN,NaN,NaN,NaN,NaN,NaN
7.84,32.46,32.76,36.00,20.00,AUTO,0,100,NaN,214.80,0.00,0.00,214.80,NaN,NaN,NaN,NaN,NaN,NaN,NaN,NaN,NaN,NaN
8.85,32.46,32.76,36.00,20.00,AUTO,0,100,NaN,214.80,0.00,0.00,214.80,NaN,NaN,NaN,NaN,NaN,NaN,NaN,NaN,NaN,NaN
9.85,32.47,32.76,36.00,20.00,AUTO,0,100,NaN,214.80,0.00,0.00,214.80,NaN,NaN,NaN,NaN,NaN,NaN,NaN,NaN,NaN,NaN
10.85,32.49,32.73,36.00,20.00,AUTO,0,100,NaN,214.80,0.00,0.00,214.80,NaN,NaN,NaN,NaN,NaN,NaN,NaN,NaN,NaN,NaN
11.85,32.53,32.73,36.00,20.00,AUTO,0,100,NaN,214.80,0.00,0.00,214.80,NaN,NaN,NaN,NaN,NaN,NaN,NaN,NaN,NaN,NaN
12.85,32.53,32.73,36.00,20.00,AUTO,0,100,NaN,214.80,0.00,0.00,214.80,NaN,NaN,NaN,NaN,NaN,NaN,NaN,NaN,NaN,NaN
13.85,32.56,32.69,36.00,20.00,AUTO,0,100,NaN,214.80,0.00,0.00,214.80,NaN,NaN,NaN,NaN,NaN,NaN,NaN,NaN,NaN,NaN
14.86,32.56,32.69,36.00,20.00,AUTO,0,100,NaN,214.80,0.00,0.00,214.80,NaN,NaN,NaN,NaN,NaN,NaN,NaN,NaN,NaN,NaN
15.86,32.57,32.64,36.00,20.00,AUTO,0,100,NaN,206.40,0.00,-3.87,202.53,NaN,NaN,NaN,NaN,NaN,NaN,NaN,NaN,NaN,NaN
16.86,32.59,32.64,36.00,20.00,AUTO,0,100,NaN,206.40,0.00,-3.87,202.53,NaN,NaN,NaN,NaN,NaN,NaN,NaN,NaN,NaN,NaN
17.86,32.62,32.62,36.00,20.00,AUTO,0,100,NaN,206.40,0.00,-3.87,202.53,NaN,NaN,NaN,NaN,NaN,NaN,NaN,NaN,NaN,NaN
18.86,32.63,32.62,36.00,20.00,AUTO,0,100,NaN,206.40,0.00,-3.87,202.53,NaN,NaN,NaN,NaN,NaN,NaN,NaN,NaN,NaN,NaN
19.87,32.66,32.58,36.00,20.00,AUTO,0,100,NaN,206.40,0.00,-3.87,202.53,NaN,NaN,NaN,NaN,NaN,NaN,NaN,NaN,NaN,NaN
20.86,32.69,32.58,36.00,20.00,AUTO,0,100,NaN,206.40,0.00,-3.87,202.53,NaN,NaN,NaN,NaN,NaN,NaN,NaN,NaN,NaN,NaN
21.87,32.72,32.54,36.00,20.00,AUTO,0,100,NaN,206.40,0.00,-3.87,202.53,NaN,NaN,NaN,NaN,NaN,NaN,NaN,NaN,NaN,NaN
22.87,32.73,32.54,36.00,20.00,AUTO,0,100,NaN,206.40,0.00,-3.87,202.53,NaN,NaN,NaN,NaN,NaN,NaN,NaN,NaN,NaN,NaN
23.87,32.75,32.51,36.00,20.00,AUTO,0,100,NaN,206.40,0.00,-3.87,202.53,NaN,NaN,NaN,NaN,NaN,NaN,NaN,NaN,NaN,NaN
24.87,32.77,32.48,36.00,20.00,AUTO,0,100,NaN,206.40,0.00,-3.87,202.53,NaN,NaN,NaN,NaN,NaN,NaN,NaN,NaN,NaN,NaN
25.87,32.79,32.48,36.00,20.00,AUTO,0,100,NaN,206.40,0.00,-3.87,202.53,NaN,NaN,NaN,NaN,NaN,NaN,NaN,NaN,NaN,NaN
26.87,32.82,32.44,36.00,20.00,AUTO,0,100,NaN,206.40,0.00,-3.87,202.53,NaN,NaN,NaN,NaN,NaN,NaN,NaN,NaN,NaN,NaN
27.88,32.85,32.40,36.00,20.00,AUTO,0,100,NaN,206.40,0.00,-3.87,202.53,NaN,NaN,NaN,NaN,NaN,NaN,NaN,NaN,NaN,NaN
28.88,32.88,32.40,36.00,20.00,AUTO,0,100,NaN,206.40,0.00,-3.87,202.53,NaN,NaN,NaN,NaN,NaN,NaN,NaN,NaN,NaN,NaN
29.88,32.90,32.36,36.00,20.00,AUTO,0,100,NaN,206.40,0.00,-3.87,202.53,NaN,NaN,NaN,NaN,NaN,NaN,NaN,NaN,NaN,NaN
30.88,32.92,32.32,36.00,20.00,AUTO,0,100,NaN,186.60,0.00,-10.61,175.99,NaN,NaN,NaN,NaN,NaN,NaN,NaN,NaN,NaN,NaN
31.88,32.94,32.25,36.00,20.00,AUTO,0,100,NaN,186.60,0.00,-10.61,175.99,NaN,NaN,NaN,NaN,NaN,NaN,NaN,NaN,NaN,NaN
32.89,32.98,32.25,36.00,20.00,AUTO,0,100,NaN,186.60,0.00,-10.61,175.99,NaN,NaN,NaN,NaN,NaN,NaN,NaN,NaN,NaN,NaN
33.89,33.00,32.22,36.00,20.00,AUTO,0,100,NaN,186.60,0.00,-10.61,175.99,NaN,NaN,NaN,NaN,NaN,NaN,NaN,NaN,NaN,NaN
34.89,33.02,32.18,36.00,20.00,AUTO,0,100,NaN,186.60,0.00,-10.61,175.99,NaN,NaN,NaN,NaN,NaN,NaN,NaN,NaN,NaN,NaN
35.89,33.05,32.13,36.00,20.00,AUTO,0,100,NaN,186.60,0.00,-10.61,175.99,NaN,NaN,NaN,NaN,NaN,NaN,NaN,NaN,NaN,NaN
36.89,33.08,32.13,36.00,20.00,AUTO,0,100,NaN,186.60,0.00,-10.61,175.99,NaN,NaN,NaN,NaN,NaN,NaN,NaN,NaN,NaN,NaN
37.89,33.12,32.09,36.00,20.00,AUTO,0,100,NaN,186.60,0.00,-10.61,175.99,NaN,NaN,NaN,NaN,NaN,NaN,NaN,NaN,NaN,NaN
38.89,33.15,32.07,36.00,20.00,AUTO,0,100,NaN,186.60,0.00,-10.61,175.99,NaN,NaN,NaN,NaN,NaN,NaN,NaN,NaN,NaN,NaN
39.90,33.18,32.03,36.00,20.00,AUTO,0,100,NaN,186.60,0.00,-10.61,175.99,NaN,NaN,NaN,NaN,NaN,NaN,NaN,NaN,NaN,NaN
40.90,33.21,31.99,36.00,20.00,AUTO,0,100,NaN,186.60,0.00,-10.61,175.99,NaN,NaN,NaN,NaN,NaN,NaN,NaN,NaN,NaN,NaN
41.90,33.23,31.95,36.00,20.00,AUTO,0,100,NaN,186.60,0.00,-10.61,175.99,NaN,NaN,NaN,NaN,NaN,NaN,NaN,NaN,NaN,NaN
42.90,33.29,31.93,36.00,20.00,AUTO,0,100,NaN,186.60,0.00,-10.61,175.99,NaN,NaN,NaN,NaN,NaN,NaN,NaN,NaN,NaN,NaN
43.90,33.30,31.89,36.00,20.00,AUTO,0,100,NaN,186.60,0.00,-10.61,175.99,NaN,NaN,NaN,NaN,NaN,NaN,NaN,NaN,NaN,NaN
44.90,33.32,31.85,36.00,20.00,AUTO,0,100,NaN,186.60,0.00,-10.61,175.99,NaN,NaN,NaN,NaN,NaN,NaN,NaN,NaN,NaN,NaN
45.91,33.35,31.80,36.00,20.00,AUTO,0,100,NaN,161.40,0.00,-14.12,147.28,NaN,NaN,NaN,NaN,NaN,NaN,NaN,NaN,NaN,NaN
46.91,33.38,31.77,36.00,20.00,AUTO,0,100,NaN,161.40,0.00,-14.12,147.28,NaN,NaN,NaN,NaN,NaN,NaN,NaN,NaN,NaN,NaN
47.91,33.43,31.77,36.00,20.00,AUTO,0,100,NaN,161.40,0.00,-14.12,147.28,NaN,NaN,NaN,NaN,NaN,NaN,NaN,NaN,NaN,NaN
48.91,33.45,31.69,36.00,20.00,AUTO,0,100,NaN,161.40,0.00,-14.12,147.28,NaN,NaN,NaN,NaN,NaN,NaN,NaN,NaN,NaN,NaN
49.91,33.49,31.67,36.00,20.00,AUTO,0,100,NaN,161.40,0.00,-14.12,147.28,NaN,NaN,NaN,NaN,NaN,NaN,NaN,NaN,NaN,NaN
50.91,33.52,31.67,36.00,20.00,AUTO,0,100,NaN,161.40,0.00,-14.12,147.28,NaN,NaN,NaN,NaN,NaN,NaN,NaN,NaN,NaN,NaN
51.92,33.56,31.62,36.00,20.00,AUTO,0,100,NaN,161.40,0.00,-14.12,147.28,NaN,NaN,NaN,NaN,NaN,NaN,NaN,NaN,NaN,NaN
52.91,33.59,31.54,36.00,20.00,AUTO,0,100,NaN,161.40,0.00,-14.12,147.28,NaN,NaN,NaN,NaN,NaN,NaN,NaN,NaN,NaN,NaN
53.92,33.62,31.54,36.00,20.00,AUTO,0,100,NaN,161.40,0.00,-14.12,147.28,NaN,NaN,NaN,NaN,NaN,NaN,NaN,NaN,NaN,NaN
54.92,33.64,31.52,36.00,20.00,AUTO,0,100,NaN,161.40,0.00,-14.12,147.28,NaN,NaN,NaN,NaN,NaN,NaN,NaN,NaN,NaN,NaN
55.92,33.67,31.48,36.00,20.00,AUTO,0,100,NaN,161.40,0.00,-14.12,147.28,NaN,NaN,NaN,NaN,NaN,NaN,NaN,NaN,NaN,NaN
56.92,33.70,31.44,36.00,20.00,AUTO,0,100,NaN,161.40,0.00,-14.12,147.28,NaN,NaN,NaN,NaN,NaN,NaN,NaN,NaN,NaN,NaN
57.92,33.74,31.36,36.00,20.00,AUTO,0,100,NaN,161.40,0.00,-14.12,147.28,NaN,NaN,NaN,NaN,NaN,NaN,NaN,NaN,NaN,NaN
58.93,33.77,31.32,36.00,20.00,AUTO,0,100,NaN,161.40,0.00,-14.12,147.28,NaN,NaN,NaN,NaN,NaN,NaN,NaN,NaN,NaN,NaN
59.93,33.81,31.29,36.00,20.00,AUTO,0,100,NaN,161.40,0.00,-14.12,147.28,NaN,NaN,NaN,NaN,NaN,NaN,NaN,NaN,NaN,NaN
60.93,33.85,31.25,36.00,20.00,AUTO,0,100,NaN,132.60,0.00,-15.73,116.87,NaN,NaN,NaN,NaN,NaN,NaN,NaN,NaN,NaN,NaN
61.93,33.88,31.22,36.00,20.00,AUTO,0,100,NaN,132.60,0.00,-15.73,116.87,NaN,NaN,NaN,NaN,NaN,NaN,NaN,NaN,NaN,NaN
62.93,33.91,31.18,36.00,20.00,AUTO,0,100,NaN,132.60,0.00,-15.73,116.87,NaN,NaN,NaN,NaN,NaN,NaN,NaN,NaN,NaN,NaN
63.93,33.95,31.13,36.00,20.00,AUTO,0,100,NaN,132.60,0.00,-15.73,116.87,NaN,NaN,NaN,NaN,NaN,NaN,NaN,NaN,NaN,NaN
64.94,33.97,31.11,36.00,20.00,AUTO,0,100,NaN,132.60,0.00,-15.73,116.87,NaN,NaN,NaN,NaN,NaN,NaN,NaN,NaN,NaN,NaN
65.94,34.01,31.07,36.00,20.00,AUTO,0,100,NaN,132.60,0.00,-15.73,116.87,NaN,NaN,NaN,NaN,NaN,NaN,NaN,NaN,NaN,NaN
66.94,34.03,31.03,36.00,20.00,AUTO,0,100,NaN,132.60,0.00,-15.73,116.87,NaN,NaN,NaN,NaN,NaN,NaN,NaN,NaN,NaN,NaN
67.94,34.06,30.99,36.00,20.00,AUTO,0,100,NaN,132.60,0.00,-15.73,116.87,NaN,NaN,NaN,NaN,NaN,NaN,NaN,NaN,NaN,NaN
68.94,34.10,30.95,36.00,20.00,AUTO,0,100,NaN,132.60,0.00,-15.73,116.87,NaN,NaN,NaN,NaN,NaN,NaN,NaN,NaN,NaN,NaN
69.94,34.16,30.91,36.00,20.00,AUTO,0,100,NaN,132.60,0.00,-15.73,116.87,NaN,NaN,NaN,NaN,NaN,NaN,NaN,NaN,NaN,NaN
70.94,34.18,30.89,36.00,20.00,AUTO,0,100,NaN,132.60,0.00,-15.73,116.87,NaN,NaN,NaN,NaN,NaN,NaN,NaN,NaN,NaN,NaN
71.95,34.21,30.84,36.00,20.00,AUTO,0,100,NaN,132.60,0.00,-15.73,116.87,NaN,NaN,NaN,NaN,NaN,NaN,NaN,NaN,NaN,NaN
72.95,34.24,30.80,36.00,20.00,AUTO,0,100,NaN,132.60,0.00,-15.73,116.87,NaN,NaN,NaN,NaN,NaN,NaN,NaN,NaN,NaN,NaN
73.95,34.27,30.77,36.00,20.00,AUTO,0,100,NaN,132.60,0.00,-15.73,116.87,NaN,NaN,NaN,NaN,NaN,NaN,NaN,NaN,NaN,NaN
74.95,34.30,30.73,36.00,20.00,AUTO,0,100,NaN,132.60,0.00,-15.73,116.87,NaN,NaN,NaN,NaN,NaN,NaN,NaN,NaN,NaN,NaN
75.95,34.33,30.74,36.00,20.00,AUTO,0,86,NaN,102.90,0.00,-16.66,86.24,NaN,NaN,NaN,NaN,NaN,NaN,NaN,NaN,NaN,NaN
76.95,34.37,30.71,36.00,20.00,AUTO,0,86,NaN,102.90,0.00,-16.66,86.24,NaN,NaN,NaN,NaN,NaN,NaN,NaN,NaN,NaN,NaN
77.95,34.39,30.66,36.00,20.00,AUTO,0,86,NaN,102.90,0.00,-16.66,86.24,NaN,NaN,NaN,NaN,NaN,NaN,NaN,NaN,NaN,NaN
78.96,34.41,30.62,36.00,20.00,AUTO,0,86,NaN,102.90,0.00,-16.66,86.24,NaN,NaN,NaN,NaN,NaN,NaN,NaN,NaN,NaN,NaN
79.96,34.44,30.58,36.00,20.00,AUTO,0,86,NaN,102.90,0.00,-16.66,86.24,NaN,NaN,NaN,NaN,NaN,NaN,NaN,NaN,NaN,NaN
80.96,34.48,30.50,36.00,20.00,AUTO,0,86,NaN,102.90,0.00,-16.66,86.24,NaN,NaN,NaN,NaN,NaN,NaN,NaN,NaN,NaN,NaN
81.96,34.52,30.51,36.00,20.00,AUTO,0,86,NaN,102.90,0.00,-16.66,86.24,NaN,NaN,NaN,NaN,NaN,NaN,NaN,NaN,NaN,NaN
82.96,34.54,30.48,36.00,20.00,AUTO,0,86,NaN,102.90,0.00,-16.66,86.24,NaN,NaN,NaN,NaN,NaN,NaN,NaN,NaN,NaN,NaN
83.97,34.56,30.44,36.00,20.00,AUTO,0,86,NaN,102.90,0.00,-16.66,86.24,NaN,NaN,NaN,NaN,NaN,NaN,NaN,NaN,NaN,NaN
84.96,34.59,30.40,36.00,20.00,AUTO,0,86,NaN,102.90,0.00,-16.66,86.24,NaN,NaN,NaN,NaN,NaN,NaN,NaN,NaN,NaN,NaN
85.97,34.61,30.35,36.00,20.00,AUTO,0,86,NaN,102.90,0.00,-16.66,86.24,NaN,NaN,NaN,NaN,NaN,NaN,NaN,NaN,NaN,NaN
86.97,34.66,30.37,36.00,20.00,AUTO,0,86,NaN,102.90,0.00,-16.66,86.24,NaN,NaN,NaN,NaN,NaN,NaN,NaN,NaN,NaN,NaN
87.97,34.67,30.33,36.00,20.00,AUTO,0,86,NaN,102.90,0.00,-16.66,86.24,NaN,NaN,NaN,NaN,NaN,NaN,NaN,NaN,NaN,NaN
88.97,34.71,30.29,36.00,20.00,AUTO,0,86,NaN,102.90,0.00,-16.66,86.24,NaN,NaN,NaN,NaN,NaN,NaN,NaN,NaN,NaN,NaN
89.97,34.74,30.25,36.00,20.00,AUTO,0,86,NaN,102.90,0.00,-16.66,86.24,NaN,NaN,NaN,NaN,NaN,NaN,NaN,NaN,NaN,NaN
90.98,34.75,30.21,36.00,20.00,AUTO,0,74,NaN,76.50,12.09,-14.61,73.98,NaN,NaN,NaN,NaN,NaN,NaN,NaN,NaN,NaN,NaN
91.98,34.78,30.21,36.00,20.00,AUTO,0,74,NaN,76.50,12.09,-14.61,73.98,NaN,NaN,NaN,NaN,NaN,NaN,NaN,NaN,NaN,NaN
92.98,34.80,30.17,36.00,20.00,AUTO,0,74,NaN,76.50,12.09,-14.61,73.98,NaN,NaN,NaN,NaN,NaN,NaN,NaN,NaN,NaN,NaN
93.98,34.82,30.13,36.00,20.00,AUTO,0,74,NaN,76.50,12.09,-14.61,73.98,NaN,NaN,NaN,NaN,NaN,NaN,NaN,NaN,NaN,NaN
94.98,34.85,30.15,36.00,20.00,AUTO,0,74,NaN,76.50,12.09,-14.61,73.98,NaN,NaN,NaN,NaN,NaN,NaN,NaN,NaN,NaN,NaN
95.98,34.88,30.11,36.00,20.00,AUTO,0,74,NaN,76.50,12.09,-14.61,73.98,NaN,NaN,NaN,NaN,NaN,NaN,NaN,NaN,NaN,NaN
96.99,34.91,30.06,36.00,20.00,AUTO,0,74,NaN,76.50,12.09,-14.61,73.98,NaN,NaN,NaN,NaN,NaN,NaN,NaN,NaN,NaN,NaN
97.99,34.93,30.06,36.00,20.00,AUTO,0,74,NaN,76.50,12.09,-14.61,73.98,NaN,NaN,NaN,NaN,NaN,NaN,NaN,NaN,NaN,NaN
98.99,34.95,30.03,36.00,20.00,AUTO,0,74,NaN,76.50,12.09,-14.61,73.98,NaN,NaN,NaN,NaN,NaN,NaN,NaN,NaN,NaN,NaN
99.99,34.98,30.03,36.00,20.00,AUTO,0,74,NaN,76.50,12.09,-14.61,73.98,NaN,NaN,NaN,NaN,NaN,NaN,NaN,NaN,NaN,NaN
100.99,35.01,30.00,36.00,20.00,AUTO,0,74,NaN,76.50,12.09,-14.61,73.98,NaN,NaN,NaN,NaN,NaN,NaN,NaN,NaN,NaN,NaN
101.99,35.04,29.96,36.00,20.00,AUTO,0,74,NaN,76.50,12.09,-14.61,73.98,NaN,NaN,NaN,NaN,NaN,NaN,NaN,NaN,NaN,NaN
102.99,35.08,29.92,36.00,20.00,AUTO,0,74,NaN,76.50,12.09,-14.61,73.98,NaN,NaN,NaN,NaN,NaN,NaN,NaN,NaN,NaN,NaN
104.00,35.10,29.88,36.00,20.00,AUTO,0,74,NaN,76.50,12.09,-14.61,73.98,NaN,NaN,NaN,NaN,NaN,NaN,NaN,NaN,NaN,NaN
105.00,35.13,29.84,36.00,20.00,AUTO,0,74,NaN,76.50,12.09,-14.61,73.98,NaN,NaN,NaN,NaN,NaN,NaN,NaN,NaN,NaN,NaN
106.00,35.13,29.84,36.00,20.00,AUTO,0,61,NaN,53.10,20.88,-13.15,60.83,NaN,NaN,NaN,NaN,NaN,NaN,NaN,NaN,NaN,NaN
107.00,35.16,29.80,36.00,20.00,AUTO,0,61,NaN,53.10,20.88,-13.15,60.83,NaN,NaN,NaN,NaN,NaN,NaN,NaN,NaN,NaN,NaN
108.00,35.19,29.81,36.00,20.00,AUTO,0,61,NaN,53.10,20.88,-13.15,60.83,NaN,NaN,NaN,NaN,NaN,NaN,NaN,NaN,NaN,NaN
109.00,35.21,29.77,36.00,20.00,AUTO,0,61,NaN,53.10,20.88,-13.15,60.83,NaN,NaN,NaN,NaN,NaN,NaN,NaN,NaN,NaN,NaN
110.01,35.23,29.74,36.00,20.00,AUTO,0,61,NaN,53.10,20.88,-13.15,60.83,NaN,NaN,NaN,NaN,NaN,NaN,NaN,NaN,NaN,NaN
111.01,35.25,29.74,36.00,20.00,AUTO,0,61,NaN,53.10,20.88,-13.15,60.83,NaN,NaN,NaN,NaN,NaN,NaN,NaN,NaN,NaN,NaN
112.01,35.27,29.65,36.00,20.00,AUTO,0,61,NaN,53.10,20.88,-13.15,60.83,NaN,NaN,NaN,NaN,NaN,NaN,NaN,NaN,NaN,NaN
113.01,35.30,29.61,36.00,20.00,AUTO,0,61,NaN,53.10,20.88,-13.15,60.83,NaN,NaN,NaN,NaN,NaN,NaN,NaN,NaN,NaN,NaN
114.01,35.33,29.61,36.00,20.00,AUTO,0,61,NaN,53.10,20.88,-13.15,60.83,NaN,NaN,NaN,NaN,NaN,NaN,NaN,NaN,NaN,NaN
115.01,35.35,29.58,36.00,20.00,AUTO,0,61,NaN,53.10,20.88,-13.15,60.83,NaN,NaN,NaN,NaN,NaN,NaN,NaN,NaN,NaN,NaN
116.01,35.39,29.55,36.00,20.00,AUTO,0,61,NaN,53.10,20.88,-13.15,60.83,NaN,NaN,NaN,NaN,NaN,NaN,NaN,NaN,NaN,NaN
117.02,35.42,29.55,36.00,20.00,AUTO,0,61,NaN,53.10,20.88,-13.15,60.83,NaN,NaN,NaN,NaN,NaN,NaN,NaN,NaN,NaN,NaN
118.02,35.44,29.51,36.00,20.00,AUTO,0,61,NaN,53.10,20.88,-13.15,60.83,NaN,NaN,NaN,NaN,NaN,NaN,NaN,NaN,NaN,NaN
119.02,35.47,29.46,36.00,20.00,AUTO,0,61,NaN,53.10,20.88,-13.15,60.83,NaN,NaN,NaN,NaN,NaN,NaN,NaN,NaN,NaN,NaN
120.02,35.49,29.46,36.00,20.00,AUTO,0,61,NaN,53.10,20.88,-13.15,60.83,NaN,NaN,NaN,NaN,NaN,NaN,NaN,NaN,NaN,NaN
121.02,35.49,29.42,36.00,20.00,AUTO,0,45,NaN,31.20,26.59,-12.32,45.47,NaN,NaN,NaN,NaN,NaN,NaN,NaN,NaN,NaN,NaN
122.02,35.52,29.42,36.00,20.00,AUTO,0,45,NaN,31.20,26.59,-12.32,45.47,NaN,NaN,NaN,NaN,NaN,NaN,NaN,NaN,NaN,NaN
123.03,35.54,29.40,36.00,20.00,AUTO,0,45,NaN,31.20,26.59,-12.32,45.47,NaN,NaN,NaN,NaN,NaN,NaN,NaN,NaN,NaN,NaN
124.03,35.55,29.40,36.00,20.00,AUTO,0,45,NaN,31.20,26.59,-12.32,45.47,NaN,NaN,NaN,NaN,NaN,NaN,NaN,NaN,NaN,NaN
125.03,35.58,29.36,36.00,20.00,AUTO,0,45,NaN,31.20,26.59,-12.32,45.47,NaN,NaN,NaN,NaN,NaN,NaN,NaN,NaN,NaN,NaN
126.03,35.59,29.32,36.00,20.00,AUTO,0,45,NaN,31.20,26.59,-12.32,45.47,NaN,NaN,NaN,NaN,NaN,NaN,NaN,NaN,NaN,NaN
127.03,35.63,29.32,36.00,20.00,AUTO,0,45,NaN,31.20,26.59,-12.32,45.47,NaN,NaN,NaN,NaN,NaN,NaN,NaN,NaN,NaN,NaN
128.03,35.67,29.28,36.00,20.00,AUTO,0,45,NaN,31.20,26.59,-12.32,45.47,NaN,NaN,NaN,NaN,NaN,NaN,NaN,NaN,NaN,NaN
129.04,35.69,29.29,36.00,20.00,AUTO,0,45,NaN,31.20,26.59,-12.32,45.47,NaN,NaN,NaN,NaN,NaN,NaN,NaN,NaN,NaN,NaN
130.04,35.70,29.26,36.00,20.00,AUTO,0,45,NaN,31.20,26.59,-12.32,45.47,NaN,NaN,NaN,NaN,NaN,NaN,NaN,NaN,NaN,NaN
131.04,35.71,29.26,36.00,20.00,AUTO,0,45,NaN,31.20,26.59,-12.32,45.47,NaN,NaN,NaN,NaN,NaN,NaN,NaN,NaN,NaN,NaN
132.04,35.72,29.22,36.00,20.00,AUTO,0,45,NaN,31.20,26.59,-12.32,45.47,NaN,NaN,NaN,NaN,NaN,NaN,NaN,NaN,NaN,NaN
133.04,35.74,29.22,36.00,20.00,AUTO,0,45,NaN,31.20,26.59,-12.32,45.47,NaN,NaN,NaN,NaN,NaN,NaN,NaN,NaN,NaN,NaN
134.04,35.75,29.22,36.00,20.00,AUTO,0,45,NaN,31.20,26.59,-12.32,45.47,NaN,NaN,NaN,NaN,NaN,NaN,NaN,NaN,NaN,NaN
135.04,35.78,29.17,36.00,20.00,AUTO,0,45,NaN,31.20,26.59,-12.32,45.47,NaN,NaN,NaN,NaN,NaN,NaN,NaN,NaN,NaN,NaN
136.05,35.77,29.17,36.00,20.00,AUTO,0,33,NaN,14.10,29.52,-10.21,33.41,NaN,NaN,NaN,NaN,NaN,NaN,NaN,NaN,NaN,NaN
137.05,35.79,29.17,36.00,20.00,AUTO,0,33,NaN,14.10,29.52,-10.21,33.41,NaN,NaN,NaN,NaN,NaN,NaN,NaN,NaN,NaN,NaN
138.05,35.80,29.13,36.00,20.00,AUTO,0,33,NaN,14.10,29.52,-10.21,33.41,NaN,NaN,NaN,NaN,NaN,NaN,NaN,NaN,NaN,NaN
139.05,35.81,29.13,36.00,20.00,AUTO,0,33,NaN,14.10,29.52,-10.21,33.41,NaN,NaN,NaN,NaN,NaN,NaN,NaN,NaN,NaN,NaN
140.05,35.82,29.13,36.00,20.00,AUTO,0,33,NaN,14.10,29.52,-10.21,33.41,NaN,NaN,NaN,NaN,NaN,NaN,NaN,NaN,NaN,NaN
141.05,35.85,29.11,36.00,20.00,AUTO,0,33,NaN,14.10,29.52,-10.21,33.41,NaN,NaN,NaN,NaN,NaN,NaN,NaN,NaN,NaN,NaN
142.06,35.86,29.11,36.00,20.00,AUTO,0,33,NaN,14.10,29.52,-10.21,33.41,NaN,NaN,NaN,NaN,NaN,NaN,NaN,NaN,NaN,NaN
143.06,35.86,29.11,36.00,20.00,AUTO,0,33,NaN,14.10,29.52,-10.21,33.41,NaN,NaN,NaN,NaN,NaN,NaN,NaN,NaN,NaN,NaN
144.06,35.87,29.11,36.00,20.00,AUTO,0,33,NaN,14.10,29.52,-10.21,33.41,NaN,NaN,NaN,NaN,NaN,NaN,NaN,NaN,NaN,NaN
145.06,35.87,29.11,36.00,20.00,AUTO,0,33,NaN,14.10,29.52,-10.21,33.41,NaN,NaN,NaN,NaN,NaN,NaN,NaN,NaN,NaN,NaN
146.06,35.89,29.11,36.00,20.00,AUTO,0,33,NaN,14.10,29.52,-10.21,33.41,NaN,NaN,NaN,NaN,NaN,NaN,NaN,NaN,NaN,NaN
147.06,35.90,29.07,36.00,20.00,AUTO,0,33,NaN,14.10,29.52,-10.21,33.41,NaN,NaN,NaN,NaN,NaN,NaN,NaN,NaN,NaN,NaN
148.06,35.92,29.07,36.00,20.00,AUTO,0,33,NaN,14.10,29.52,-10.21,33.41,NaN,NaN,NaN,NaN,NaN,NaN,NaN,NaN,NaN,NaN
149.07,35.92,29.07,36.00,20.00,AUTO,0,33,NaN,14.10,29.52,-10.21,33.41,NaN,NaN,NaN,NaN,NaN,NaN,NaN,NaN,NaN,NaN
150.07,35.93,29.07,36.00,20.00,AUTO,0,33,NaN,14.10,29.52,-10.21,33.41,NaN,NaN,NaN,NaN,NaN,NaN,NaN,NaN,NaN,NaN
151.07,35.92,29.07,36.00,20.00,AUTO,0,29,NaN,4.50,30.70,-5.78,29.42,NaN,NaN,NaN,NaN,NaN,NaN,NaN,NaN,NaN,NaN
152.07,35.92,29.07,36.00,20.00,AUTO,0,29,NaN,4.50,30.70,-5.78,29.42,NaN,NaN,NaN,NaN,NaN,NaN,NaN,NaN,NaN,NaN
153.07,35.92,29.07,36.00,20.00,AUTO,0,29,NaN,4.50,30.70,-5.78,29.42,NaN,NaN,NaN,NaN,NaN,NaN,NaN,NaN,NaN,NaN
154.07,35.92,29.07,36.00,20.00,AUTO,0,29,NaN,4.50,30.70,-5.78,29.42,NaN,NaN,NaN,NaN,NaN,NaN,NaN,NaN,NaN,NaN
155.08,35.93,29.03,36.00,20.00,AUTO,0,29,NaN,4.50,30.70,-5.78,29.42,NaN,NaN,NaN,NaN,NaN,NaN,NaN,NaN,NaN,NaN
156.08,35.95,29.03,36.00,20.00,AUTO,0,29,NaN,4.50,30.70,-5.78,29.42,NaN,NaN,NaN,NaN,NaN,NaN,NaN,NaN,NaN,NaN
157.08,35.96,29.03,36.00,20.00,AUTO,0,29,NaN,4.50,30.70,-5.78,29.42,NaN,NaN,NaN,NaN,NaN,NaN,NaN,NaN,NaN,NaN
158.08,35.97,29.03,36.00,20.00,AUTO,0,29,NaN,4.50,30.70,-5.78,29.42,NaN,NaN,NaN,NaN,NaN,NaN,NaN,NaN,NaN,NaN
159.08,35.97,29.03,36.00,20.00,AUTO,0,29,NaN,4.50,30.70,-5.78,29.42,NaN,NaN,NaN,NaN,NaN,NaN,NaN,NaN,NaN,NaN
160.08,35.98,29.03,36.00,20.00,AUTO,0,29,NaN,4.50,30.70,-5.78,29.42,NaN,NaN,NaN,NaN,NaN,NaN,NaN,NaN,NaN,NaN
161.09,35.98,29.03,36.00,20.00,AUTO,0,29,NaN,4.50,30.70,-5.78,29.42,NaN,NaN,NaN,NaN,NaN,NaN,NaN,NaN,NaN,NaN
162.08,36.02,29.03,36.00,20.00,AUTO,0,29,NaN,4.50,30.70,-5.78,29.42,NaN,NaN,NaN,NaN,NaN,NaN,NaN,NaN,NaN,NaN
163.09,36.00,29.03,36.00,20.00,AUTO,0,29,NaN,4.50,30.70,-5.78,29.42,NaN,NaN,NaN,NaN,NaN,NaN,NaN,NaN,NaN,NaN
164.09,36.01,29.03,36.00,20.00,AUTO,0,29,NaN,4.50,30.70,-5.78,29.42,NaN,NaN,NaN,NaN,NaN,NaN,NaN,NaN,NaN,NaN
165.09,36.00,29.03,36.00,20.00,AUTO,0,29,NaN,4.50,30.70,-5.78,29.42,NaN,NaN,NaN,NaN,NaN,NaN,NaN,NaN,NaN,NaN
166.09,35.96,29.03,36.00,20.00,AUTO,0,28,NaN,-0.30,31.00,-3.12,27.59,NaN,NaN,NaN,NaN,NaN,NaN,NaN,NaN,NaN,NaN
167.09,35.96,29.03,36.00,20.00,AUTO,0,28,NaN,-0.30,31.00,-3.12,27.59,NaN,NaN,NaN,NaN,NaN,NaN,NaN,NaN,NaN,NaN
168.10,35.97,29.03,36.00,20.00,AUTO,0,28,NaN,-0.30,31.00,-3.12,27.59,NaN,NaN,NaN,NaN,NaN,NaN,NaN,NaN,NaN,NaN
169.10,35.97,29.03,36.00,20.00,AUTO,0,28,NaN,-0.30,31.00,-3.12,27.59,NaN,NaN,NaN,NaN,NaN,NaN,NaN,NaN,NaN,NaN
170.10,35.97,29.03,36.00,20.00,AUTO,0,28,NaN,-0.30,31.00,-3.12,27.59,NaN,NaN,NaN,NaN,NaN,NaN,NaN,NaN,NaN,NaN
171.10,35.99,29.03,36.00,20.00,AUTO,0,28,NaN,-0.30,31.00,-3.12,27.59,NaN,NaN,NaN,NaN,NaN,NaN,NaN,NaN,NaN,NaN
172.10,35.99,29.07,36.00,20.00,AUTO,0,28,NaN,-0.30,31.00,-3.12,27.59,NaN,NaN,NaN,NaN,NaN,NaN,NaN,NaN,NaN,NaN
173.10,35.99,29.07,36.00,20.00,AUTO,0,28,NaN,-0.30,31.00,-3.12,27.59,NaN,NaN,NaN,NaN,NaN,NaN,NaN,NaN,NaN,NaN
174.11,35.99,29.07,36.00,20.00,AUTO,0,28,NaN,-0.30,31.00,-3.12,27.59,NaN,NaN,NaN,NaN,NaN,NaN,NaN,NaN,NaN,NaN
175.11,35.99,29.07,36.00,20.00,AUTO,0,28,NaN,-0.30,31.00,-3.12,27.59,NaN,NaN,NaN,NaN,NaN,NaN,NaN,NaN,NaN,NaN
176.11,35.98,29.07,36.00,20.00,AUTO,0,28,NaN,-0.30,31.00,-3.12,27.59,NaN,NaN,NaN,NaN,NaN,NaN,NaN,NaN,NaN,NaN
177.11,35.98,29.07,36.00,20.00,AUTO,0,28,NaN,-0.30,31.00,-3.12,27.59,NaN,NaN,NaN,NaN,NaN,NaN,NaN,NaN,NaN,NaN
178.11,35.98,29.07,36.00,20.00,AUTO,0,28,NaN,-0.30,31.00,-3.12,27.59,NaN,NaN,NaN,NaN,NaN,NaN,NaN,NaN,NaN,NaN
179.11,35.99,29.07,36.00,20.00,AUTO,0,28,NaN,-0.30,31.00,-3.12,27.59,NaN,NaN,NaN,NaN,NaN,NaN,NaN,NaN,NaN,NaN
180.12,35.99,29.07,36.00,20.00,AUTO,0,28,NaN,-0.30,31.00,-3.12,27.59,NaN,NaN,NaN,NaN,NaN,NaN,NaN,NaN,NaN,NaN
181.12,35.96,29.07,36.00,20.00,AUTO,0,32,NaN,0.60,31.17,0.21,31.98,NaN,NaN,NaN,NaN,NaN,NaN,NaN,NaN,NaN,NaN
182.12,35.96,29.11,36.00,20.00,AUTO,0,32,NaN,0.60,31.17,0.21,31.98,NaN,NaN,NaN,NaN,NaN,NaN,NaN,NaN,NaN,NaN
183.12,35.96,29.11,36.00,20.00,AUTO,0,32,NaN,0.60,31.17,0.21,31.98,NaN,NaN,NaN,NaN,NaN,NaN,NaN,NaN,NaN,NaN
184.12,35.95,29.11,36.00,20.00,AUTO,0,32,NaN,0.60,31.17,0.21,31.98,NaN,NaN,NaN,NaN,NaN,NaN,NaN,NaN,NaN,NaN
185.12,35.96,29.11,36.00,20.00,AUTO,0,32,NaN,0.60,31.17,0.21,31.98,NaN,NaN,NaN,NaN,NaN,NaN,NaN,NaN,NaN,NaN
186.12,35.98,29.11,36.00,20.00,AUTO,0,32,NaN,0.60,31.17,0.21,31.98,NaN,NaN,NaN,NaN,NaN,NaN,NaN,NaN,NaN,NaN
187.13,35.98,29.11,36.00,20.00,AUTO,0,32,NaN,0.60,31.17,0.21,31.98,NaN,NaN,NaN,NaN,NaN,NaN,NaN,NaN,NaN,NaN
188.13,35.98,29.11,36.00,20.00,AUTO,0,32,NaN,0.60,31.17,0.21,31.98,NaN,NaN,NaN,NaN,NaN,NaN,NaN,NaN,NaN,NaN
189.13,35.98,29.11,36.00,20.00,AUTO,0,32,NaN,0.60,31.17,0.21,31.98,NaN,NaN,NaN,NaN,NaN,NaN,NaN,NaN,NaN,NaN
190.13,35.98,29.11,36.00,20.00,AUTO,0,32,NaN,0.60,31.17,0.21,31.98,NaN,NaN,NaN,NaN,NaN,NaN,NaN,NaN,NaN,NaN
191.13,35.98,29.15,36.00,20.00,AUTO,0,32,NaN,0.60,31.17,0.21,31.98,NaN,NaN,NaN,NaN,NaN,NaN,NaN,NaN,NaN,NaN
192.13,35.98,29.15,36.00,20.00,AUTO,0,32,NaN,0.60,31.17,0.21,31.98,NaN,NaN,NaN,NaN,NaN,NaN,NaN,NaN,NaN,NaN
193.14,35.98,29.15,36.00,20.00,AUTO,0,32,NaN,0.60,31.17,0.21,31.98,NaN,NaN,NaN,NaN,NaN,NaN,NaN,NaN,NaN,NaN
194.14,35.98,29.15,36.00,20.00,AUTO,0,32,NaN,0.60,31.17,0.21,31.98,NaN,NaN,NaN,NaN,NaN,NaN,NaN,NaN,NaN,NaN
195.14,35.98,29.15,36.00,20.00,AUTO,0,32,NaN,0.60,31.17,0.21,31.98,NaN,NaN,NaN,NaN,NaN,NaN,NaN,NaN,NaN,NaN
196.14,35.95,29.15,36.00,20.00,AUTO,0,32,NaN,1.20,31.39,-0.11,32.49,NaN,NaN,NaN,NaN,NaN,NaN,NaN,NaN,NaN,NaN
197.14,35.95,29.15,36.00,20.00,AUTO,0,32,NaN,1.20,31.39,-0.11,32.49,NaN,NaN,NaN,NaN,NaN,NaN,NaN,NaN,NaN,NaN
198.15,35.94,29.15,36.00,20.00,AUTO,0,32,NaN,1.20,31.39,-0.11,32.49,NaN,NaN,NaN,NaN,NaN,NaN,NaN,NaN,NaN,NaN
199.14,35.94,29.19,36.00,20.00,AUTO,0,32,NaN,1.20,31.39,-0.11,32.49,NaN,NaN,NaN,NaN,NaN,NaN,NaN,NaN,NaN,NaN
200.15,35.94,29.19,36.00,20.00,AUTO,0,32,NaN,1.20,31.39,-0.11,32.49,NaN,NaN,NaN,NaN,NaN,NaN,NaN,NaN,NaN,NaN
201.15,35.96,29.19,36.00,20.00,AUTO,0,32,NaN,1.20,31.39,-0.11,32.49,NaN,NaN,NaN,NaN,NaN,NaN,NaN,NaN,NaN,NaN
202.15,35.96,29.19,36.00,20.00,AUTO,0,32,NaN,1.20,31.39,-0.11,32.49,NaN,NaN,NaN,NaN,NaN,NaN,NaN,NaN,NaN,NaN
203.15,35.96,29.19,36.00,20.00,AUTO,0,32,NaN,1.20,31.39,-0.11,32.49,NaN,NaN,NaN,NaN,NaN,NaN,NaN,NaN,NaN,NaN
204.15,35.95,29.19,36.00,20.00,AUTO,0,32,NaN,1.20,31.39,-0.11,32.49,NaN,NaN,NaN,NaN,NaN,NaN,NaN,NaN,NaN,NaN
205.15,35.95,29.19,36.00,20.00,AUTO,0,32,NaN,1.20,31.39,-0.11,32.49,NaN,NaN,NaN,NaN,NaN,NaN,NaN,NaN,NaN,NaN
206.16,35.95,29.23,36.00,20.00,AUTO,0,32,NaN,1.20,31.39,-0.11,32.49,NaN,NaN,NaN,NaN,NaN,NaN,NaN,NaN,NaN,NaN
207.16,35.95,29.23,36.00,20.00,AUTO,0,32,NaN,1.20,31.39,-0.11,32.49,NaN,NaN,NaN,NaN,NaN,NaN,NaN,NaN,NaN,NaN
208.16,35.95,29.23,36.00,20.00,AUTO,0,32,NaN,1.20,31.39,-0.11,32.49,NaN,NaN,NaN,NaN,NaN,NaN,NaN,NaN,NaN,NaN
209.16,35.94,29.23,36.00,20.00,AUTO,0,32,NaN,1.20,31.39,-0.11,32.49,NaN,NaN,NaN,NaN,NaN,NaN,NaN,NaN,NaN,NaN
210.16,35.94,29.23,36.00,20.00,AUTO,0,32,NaN,1.20,31.39,-0.11,32.49,NaN,NaN,NaN,NaN,NaN,NaN,NaN,NaN,NaN,NaN
211.17,35.92,29.23,36.00,20.00,AUTO,0,36,NaN,3.60,31.82,0.91,36.33,NaN,NaN,NaN,NaN,NaN,NaN,NaN,NaN,NaN,NaN
212.16,35.92,29.23,36.00,20.00,AUTO,0,36,NaN,3.60,31.82,0.91,36.33,NaN,NaN,NaN,NaN,NaN,NaN,NaN,NaN,NaN,NaN
213.16,35.90,29.23,36.00,20.00,AUTO,0,36,NaN,3.60,31.82,0.91,36.33,NaN,NaN,NaN,NaN,NaN,NaN,NaN,NaN,NaN,NaN
214.17,35.90,29.27,36.00,20.00,AUTO,0,36,NaN,3.60,31.82,0.91,36.33,NaN,NaN,NaN,NaN,NaN,NaN,NaN,NaN,NaN,NaN
215.17,35.90,29.27,36.00,20.00,AUTO,0,36,NaN,3.60,31.82,0.91,36.33,NaN,NaN,NaN,NaN,NaN,NaN,NaN,NaN,NaN,NaN
216.17,35.90,29.27,36.00,20.00,AUTO,0,36,NaN,3.60,31.82,0.91,36.33,NaN,NaN,NaN,NaN,NaN,NaN,NaN,NaN,NaN,NaN
217.17,35.92,29.27,36.00,20.00,AUTO,0,36,NaN,3.60,31.82,0.91,36.33,NaN,NaN,NaN,NaN,NaN,NaN,NaN,NaN,NaN,NaN
218.17,35.92,29.27,36.00,20.00,AUTO,0,36,NaN,3.60,31.82,0.91,36.33,NaN,NaN,NaN,NaN,NaN,NaN,NaN,NaN,NaN,NaN
219.18,35.92,29.27,36.00,20.00,AUTO,0,36,NaN,3.60,31.82,0.91,36.33,NaN,NaN,NaN,NaN,NaN,NaN,NaN,NaN,NaN,NaN
220.18,35.93,29.27,36.00,20.00,AUTO,0,36,NaN,3.60,31.82,0.91,36.33,NaN,NaN,NaN,NaN,NaN,NaN,NaN,NaN,NaN,NaN
221.18,35.92,29.27,36.00,20.00,AUTO,0,36,NaN,3.60,31.82,0.91,36.33,NaN,NaN,NaN,NaN,NaN,NaN,NaN,NaN,NaN,NaN
222.18,35.92,29.31,36.00,20.00,AUTO,0,36,NaN,3.60,31.82,0.91,36.33,NaN,NaN,NaN,NaN,NaN,NaN,NaN,NaN,NaN,NaN
223.18,35.92,29.31,36.00,20.00,AUTO,0,36,NaN,3.60,31.82,0.91,36.33,NaN,NaN,NaN,NaN,NaN,NaN,NaN,NaN,NaN,NaN
224.18,35.92,29.31,36.00,20.00,AUTO,0,36,NaN,3.60,31.82,0.91,36.33,NaN,NaN,NaN,NaN,NaN,NaN,NaN,NaN,NaN,NaN
225.19,35.92,29.31,36.00,20.00,AUTO,0,36,NaN,3.60,31.82,0.91,36.33,NaN,NaN,NaN,NaN,NaN,NaN,NaN,NaN,NaN,NaN
226.19,35.89,29.31,36.00,20.00,AUTO,0,38,NaN,4.80,32.52,0.66,37.98,NaN,NaN,NaN,NaN,NaN,NaN,NaN,NaN,NaN,NaN
227.19,35.89,29.31,36.00,20.00,AUTO,0,38,NaN,4.80,32.52,0.66,37.98,NaN,NaN,NaN,NaN,NaN,NaN,NaN,NaN,NaN,NaN
228.19,35.89,29.31,36.00,20.00,AUTO,0,38,NaN,4.80,32.52,0.66,37.98,NaN,NaN,NaN,NaN,NaN,NaN,NaN,NaN,NaN,NaN
229.19,35.89,29.35,36.00,20.00,AUTO,0,38,NaN,4.80,32.52,0.66,37.98,NaN,NaN,NaN,NaN,NaN,NaN,NaN,NaN,NaN,NaN
230.19,35.88,29.35,36.00,20.00,AUTO,0,38,NaN,4.80,32.52,0.66,37.98,NaN,NaN,NaN,NaN,NaN,NaN,NaN,NaN,NaN,NaN
231.19,35.88,29.35,36.00,20.00,AUTO,0,38,NaN,4.80,32.52,0.66,37.98,NaN,NaN,NaN,NaN,NaN,NaN,NaN,NaN,NaN,NaN
232.20,35.89,29.35,36.00,20.00,AUTO,0,38,NaN,4.80,32.52,0.66,37.98,NaN,NaN,NaN,NaN,NaN,NaN,NaN,NaN,NaN,NaN
233.20,35.89,29.35,36.00,20.00,AUTO,0,38,NaN,4.80,32.52,0.66,37.98,NaN,NaN,NaN,NaN,NaN,NaN,NaN,NaN,NaN,NaN
234.20,35.89,29.35,36.00,20.00,AUTO,0,38,NaN,4.80,32.52,0.66,37.98,NaN,NaN,NaN,NaN,NaN,NaN,NaN,NaN,NaN,NaN
235.20,35.90,29.35,36.00,20.00,AUTO,0,38,NaN,4.80,32.52,0.66,37.98,NaN,NaN,NaN,NaN,NaN,NaN,NaN,NaN,NaN,NaN
236.20,35.90,29.35,36.00,20.00,AUTO,0,38,NaN,4.80,32.52,0.66,37.98,NaN,NaN,NaN,NaN,NaN,NaN,NaN,NaN,NaN,NaN
237.20,35.89,29.35,36.00,20.00,AUTO,0,38,NaN,4.80,32.52,0.66,37.98,NaN,NaN,NaN,NaN,NaN,NaN,NaN,NaN,NaN,NaN
238.21,35.89,29.39,36.00,20.00,AUTO,0,38,NaN,4.80,32.52,0.66,37.98,NaN,NaN,NaN,NaN,NaN,NaN,NaN,NaN,NaN,NaN
239.21,35.89,29.39,36.00,20.00,AUTO,0,38,NaN,4.80,32.52,0.66,37.98,NaN,NaN,NaN,NaN,NaN,NaN,NaN,NaN,NaN,NaN
240.21,35.89,29.39,36.00,20.00,AUTO,0,38,NaN,4.80,32.52,0.66,37.98,NaN,NaN,NaN,NaN,NaN,NaN,NaN,NaN,NaN,NaN
241.21,35.87,29.39,36.00,20.00,AUTO,0,41,NaN,6.60,33.42,0.77,40.79,NaN,NaN,NaN,NaN,NaN,NaN,NaN,NaN,NaN,NaN
242.21,35.87,29.39,36.00,20.00,AUTO,0,41,NaN,6.60,33.42,0.77,40.79,NaN,NaN,NaN,NaN,NaN,NaN,NaN,NaN,NaN,NaN
243.21,35.86,29.39,36.00,20.00,AUTO,0,41,NaN,6.60,33.42,0.77,40.79,NaN,NaN,NaN,NaN,NaN,NaN,NaN,NaN,NaN,NaN
244.21,35.86,29.43,36.00,20.00,AUTO,0,41,NaN,6.60,33.42,0.77,40.79,NaN,NaN,NaN,NaN,NaN,NaN,NaN,NaN,NaN,NaN
245.22,35.86,29.43,36.00,20.00,AUTO,0,41,NaN,6.60,33.42,0.77,40.79,NaN,NaN,NaN,NaN,NaN,NaN,NaN,NaN,NaN,NaN
246.22,35.85,29.43,36.00,20.00,AUTO,0,41,NaN,6.60,33.42,0.77,40.79,NaN,NaN,NaN,NaN,NaN,NaN,NaN,NaN,NaN,NaN
247.22,35.85,29.43,36.00,20.00,AUTO,0,41,NaN,6.60,33.42,0.77,40.79,NaN,NaN,NaN,NaN,NaN,NaN,NaN,NaN,NaN,NaN
248.22,35.87,29.43,36.00,20.00,AUTO,0,41,NaN,6.60,33.42,0.77,40.79,NaN,NaN,NaN,NaN,NaN,NaN,NaN,NaN,NaN,NaN
249.22,35.87,29.43,36.00,20.00,AUTO,0,41,NaN,6.60,33.42,0.77,40.79,NaN,NaN,NaN,NaN,NaN,NaN,NaN,NaN,NaN,NaN
250.22,35.86,29.43,36.00,20.00,AUTO,0,41,NaN,6.60,33.42,0.77,40.79,NaN,NaN,NaN,NaN,NaN,NaN,NaN,NaN,NaN,NaN
251.23,35.86,29.43,36.00,20.00,AUTO,0,41,NaN,6.60,33.42,0.77,40.79,NaN,NaN,NaN,NaN,NaN,NaN,NaN,NaN,NaN,NaN
252.23,35.86,29.48,36.00,20.00,AUTO,0,41,NaN,6.60,33.42,0.77,40.79,NaN,NaN,NaN,NaN,NaN,NaN,NaN,NaN,NaN,NaN
253.23,35.86,29.48,36.00,20.00,AUTO,0,41,NaN,6.60,33.42,0.77,40.79,NaN,NaN,NaN,NaN,NaN,NaN,NaN,NaN,NaN,NaN
254.23,35.86,29.48,36.00,20.00,AUTO,0,41,NaN,6.60,33.42,0.77,40.79,NaN,NaN,NaN,NaN,NaN,NaN,NaN,NaN,NaN,NaN
255.23,35.86,29.48,36.00,20.00,AUTO,0,41,NaN,6.60,33.42,0.77,40.79,NaN,NaN,NaN,NaN,NaN,NaN,NaN,NaN,NaN,NaN
256.24,35.84,29.45,36.00,20.00,AUTO,0,44,NaN,8.40,34.57,0.95,43.91,NaN,NaN,NaN,NaN,NaN,NaN,NaN,NaN,NaN,NaN
257.24,35.83,29.45,36.00,20.00,AUTO,0,44,NaN,8.40,34.57,0.95,43.91,NaN,NaN,NaN,NaN,NaN,NaN,NaN,NaN,NaN,NaN
258.23,35.83,29.50,36.00,20.00,AUTO,0,44,NaN,8.40,34.57,0.95,43.91,NaN,NaN,NaN,NaN,NaN,NaN,NaN,NaN,NaN,NaN
259.24,35.82,29.50,36.00,20.00,AUTO,0,44,NaN,8.40,34.57,0.95,43.91,NaN,NaN,NaN,NaN,NaN,NaN,NaN,NaN,NaN,NaN
260.24,35.82,29.50,36.00,20.00,AUTO,0,44,NaN,8.40,34.57,0.95,43.91,NaN,NaN,NaN,NaN,NaN,NaN,NaN,NaN,NaN,NaN
261.24,35.82,29.50,36.00,20.00,AUTO,0,44,NaN,8.40,34.57,0.95,43.91,NaN,NaN,NaN,NaN,NaN,NaN,NaN,NaN,NaN,NaN
262.24,35.82,29.50,36.00,20.00,AUTO,0,44,NaN,8.40,34.57,0.95,43.91,NaN,NaN,NaN,NaN,NaN,NaN,NaN,NaN,NaN,NaN
263.24,35.84,29.50,36.00,20.00,AUTO,0,44,NaN,8.40,34.57,0.95,43.91,NaN,NaN,NaN,NaN,NaN,NaN,NaN,NaN,NaN,NaN
264.25,35.84,29.50,36.00,20.00,AUTO,0,44,NaN,8.40,34.57,0.95,43.91,NaN,NaN,NaN,NaN,NaN,NaN,NaN,NaN,NaN,NaN
265.25,35.83,29.54,36.00,20.00,AUTO,0,44,NaN,8.40,34.57,0.95,43.91,NaN,NaN,NaN,NaN,NaN,NaN,NaN,NaN,NaN,NaN
266.25,35.83,29.55,36.00,20.00,AUTO,0,44,NaN,8.40,34.57,0.95,43.91,NaN,NaN,NaN,NaN,NaN,NaN,NaN,NaN,NaN,NaN
267.25,35.84,29.55,36.00,20.00,AUTO,0,44,NaN,8.40,34.57,0.95,43.91,NaN,NaN,NaN,NaN,NaN,NaN,NaN,NaN,NaN,NaN
268.26,35.84,29.54,36.00,20.00,AUTO,0,44,NaN,8.40,34.57,0.95,43.91,NaN,NaN,NaN,NaN,NaN,NaN,NaN,NaN,NaN,NaN
269.25,35.83,29.54,36.00,20.00,AUTO,0,44,NaN,8.40,34.57,0.95,43.91,NaN,NaN,NaN,NaN,NaN,NaN,NaN,NaN,NaN,NaN
270.26,35.84,29.54,36.00,20.00,AUTO,0,44,NaN,8.40,34.57,0.95,43.91,NaN,NaN,NaN,NaN,NaN,NaN,NaN,NaN,NaN,NaN
271.26,35.82,29.54,36.00,20.00,AUTO,0,47,NaN,9.90,35.96,0.66,46.52,NaN,NaN,NaN,NaN,NaN,NaN,NaN,NaN,NaN,NaN
272.26,35.82,29.54,36.00,20.00,AUTO,0,47,NaN,9.90,35.96,0.66,46.52,NaN,NaN,NaN,NaN,NaN,NaN,NaN,NaN,NaN,NaN
273.26,35.81,29.54,36.00,20.00,AUTO,0,47,NaN,9.90,35.96,0.66,46.52,NaN,NaN,NaN,NaN,NaN,NaN,NaN,NaN,NaN,NaN
274.26,35.81,29.54,36.00,20.00,AUTO,0,47,NaN,9.90,35.96,0.66,46.52,NaN,NaN,NaN,NaN,NaN,NaN,NaN,NaN,NaN,NaN
275.27,35.81,29.58,36.00,20.00,AUTO,0,47,NaN,9.90,35.96,0.66,46.52,NaN,NaN,NaN,NaN,NaN,NaN,NaN,NaN,NaN,NaN
276.27,35.81,29.58,36.00,20.00,AUTO,0,47,NaN,9.90,35.96,0.66,46.52,NaN,NaN,NaN,NaN,NaN,NaN,NaN,NaN,NaN,NaN
277.27,35.81,29.58,36.00,20.00,AUTO,0,47,NaN,9.90,35.96,0.66,46.52,NaN,NaN,NaN,NaN,NaN,NaN,NaN,NaN,NaN,NaN
278.27,35.82,29.58,36.00,20.00,AUTO,0,47,NaN,9.90,35.96,0.66,46.52,NaN,NaN,NaN,NaN,NaN,NaN,NaN,NaN,NaN,NaN
279.27,35.82,29.58,36.00,20.00,AUTO,0,47,NaN,9.90,35.96,0.66,46.52,NaN,NaN,NaN,NaN,NaN,NaN,NaN,NaN,NaN,NaN
280.28,35.81,29.58,36.00,20.00,AUTO,0,47,NaN,9.90,35.96,0.66,46.52,NaN,NaN,NaN,NaN,NaN,NaN,NaN,NaN,NaN,NaN
281.27,35.81,29.62,36.00,20.00,AUTO,0,47,NaN,9.90,35.96,0.66,46.52,NaN,NaN,NaN,NaN,NaN,NaN,NaN,NaN,NaN,NaN
282.27,35.81,29.62,36.00,20.00,AUTO,0,47,NaN,9.90,35.96,0.66,46.52,NaN,NaN,NaN,NaN,NaN,NaN,NaN,NaN,NaN,NaN
283.28,35.81,29.62,36.00,20.00,AUTO,0,47,NaN,9.90,35.96,0.66,46.52,NaN,NaN,NaN,NaN,NaN,NaN,NaN,NaN,NaN,NaN
284.28,35.82,29.62,36.00,20.00,AUTO,0,47,NaN,9.90,35.96,0.66,46.52,NaN,NaN,NaN,NaN,NaN,NaN,NaN,NaN,NaN,NaN
285.28,35.81,29.62,36.00,20.00,AUTO,0,47,NaN,9.90,35.96,0.66,46.52,NaN,NaN,NaN,NaN,NaN,NaN,NaN,NaN,NaN,NaN
286.28,35.79,29.62,36.00,20.00,AUTO,0,49,NaN,11.10,37.50,0.68,49.28,NaN,NaN,NaN,NaN,NaN,NaN,NaN,NaN,NaN,NaN
287.28,35.79,29.62,36.00,20.00,AUTO,0,49,NaN,11.10,37.50,0.68,49.28,NaN,NaN,NaN,NaN,NaN,NaN,NaN,NaN,NaN,NaN
288.28,35.79,29.62,36.00,20.00,AUTO,0,49,NaN,11.10,37.50,0.68,49.28,NaN,NaN,NaN,NaN,NaN,NaN,NaN,NaN,NaN,NaN
289.29,35.79,29.62,36.00,20.00,AUTO,0,49,NaN,11.10,37.50,0.68,49.28,NaN,NaN,NaN,NaN,NaN,NaN,NaN,NaN,NaN,NaN
290.29,35.79,29.66,36.00,20.00,AUTO,0,49,NaN,11.10,37.50,0.68,49.28,NaN,NaN,NaN,NaN,NaN,NaN,NaN,NaN,NaN,NaN
291.29,35.79,29.66,36.00,20.00,AUTO,0,49,NaN,11.10,37.50,0.68,49.28,NaN,NaN,NaN,NaN,NaN,NaN,NaN,NaN,NaN,NaN
292.29,35.78,29.66,36.00,20.00,AUTO,0,49,NaN,11.10,37.50,0.68,49.28,NaN,NaN,NaN,NaN,NaN,NaN,NaN,NaN,NaN,NaN
293.29,35.78,29.66,36.00,20.00,AUTO,0,49,NaN,11.10,37.50,0.68,49.28,NaN,NaN,NaN,NaN,NaN,NaN,NaN,NaN,NaN,NaN
294.30,35.81,29.66,36.00,20.00,AUTO,0,49,NaN,11.10,37.50,0.68,49.28,NaN,NaN,NaN,NaN,NaN,NaN,NaN,NaN,NaN,NaN
295.29,35.81,29.66,36.00,20.00,AUTO,0,49,NaN,11.10,37.50,0.68,49.28,NaN,NaN,NaN,NaN,NaN,NaN,NaN,NaN,NaN,NaN
296.30,35.80,29.66,36.00,20.00,AUTO,0,49,NaN,11.10,37.50,0.68,49.28,NaN,NaN,NaN,NaN,NaN,NaN,NaN,NaN,NaN,NaN
297.30,35.80,29.70,36.00,20.00,AUTO,0,49,NaN,11.10,37.50,0.68,49.28,NaN,NaN,NaN,NaN,NaN,NaN,NaN,NaN,NaN,NaN
298.30,35.80,29.70,36.00,20.00,AUTO,0,49,NaN,11.10,37.50,0.68,49.28,NaN,NaN,NaN,NaN,NaN,NaN,NaN,NaN,NaN,NaN
299.30,35.81,29.70,36.00,20.00,AUTO,0,49,NaN,11.10,37.50,0.68,49.28,NaN,NaN,NaN,NaN,NaN,NaN,NaN,NaN,NaN,NaN
300.30,35.81,29.70,36.00,20.00,AUTO,0,49,NaN,11.10,37.50,0.68,49.28,NaN,NaN,NaN,NaN,NaN,NaN,NaN,NaN,NaN,NaN
301.31,35.79,29.70,36.00,20.00,AUTO,0,51,NaN,11.40,39.18,0.11,50.69,NaN,NaN,NaN,NaN,NaN,NaN,NaN,NaN,NaN,NaN
302.31,35.79,29.70,36.00,20.00,AUTO,0,51,NaN,11.40,39.18,0.11,50.69,NaN,NaN,NaN,NaN,NaN,NaN,NaN,NaN,NaN,NaN
303.31,35.79,29.70,36.00,20.00,AUTO,0,51,NaN,11.40,39.18,0.11,50.69,NaN,NaN,NaN,NaN,NaN,NaN,NaN,NaN,NaN,NaN
304.31,35.78,29.70,36.00,20.00,AUTO,0,51,NaN,11.40,39.18,0.11,50.69,NaN,NaN,NaN,NaN,NaN,NaN,NaN,NaN,NaN,NaN
305.31,35.78,29.70,36.00,20.00,AUTO,0,51,NaN,11.40,39.18,0.11,50.69,NaN,NaN,NaN,NaN,NaN,NaN,NaN,NaN,NaN,NaN
306.31,35.79,29.70,36.00,20.00,AUTO,0,51,NaN,11.40,39.18,0.11,50.69,NaN,NaN,NaN,NaN,NaN,NaN,NaN,NaN,NaN,NaN
307.32,35.78,29.70,36.00,20.00,AUTO,0,51,NaN,11.40,39.18,0.11,50.69,NaN,NaN,NaN,NaN,NaN,NaN,NaN,NaN,NaN,NaN
308.32,35.78,29.70,36.00,20.00,AUTO,0,51,NaN,11.40,39.18,0.11,50.69,NaN,NaN,NaN,NaN,NaN,NaN,NaN,NaN,NaN,NaN
309.32,35.80,29.70,36.00,20.00,AUTO,0,51,NaN,11.40,39.18,0.11,50.69,NaN,NaN,NaN,NaN,NaN,NaN,NaN,NaN,NaN,NaN
310.32,35.80,29.78,36.00,20.00,AUTO,0,51,NaN,11.40,39.18,0.11,50.69,NaN,NaN,NaN,NaN,NaN,NaN,NaN,NaN,NaN,NaN
311.32,35.80,29.78,36.00,20.00,AUTO,0,51,NaN,11.40,39.18,0.11,50.69,NaN,NaN,NaN,NaN,NaN,NaN,NaN,NaN,NaN,NaN
312.33,35.81,29.78,36.00,20.00,AUTO,0,51,NaN,11.40,39.18,0.11,50.69,NaN,NaN,NaN,NaN,NaN,NaN,NaN,NaN,NaN,NaN
313.32,35.82,29.78,36.00,20.00,AUTO,0,51,NaN,11.40,39.18,0.11,50.69,NaN,NaN,NaN,NaN,NaN,NaN,NaN,NaN,NaN,NaN
314.32,35.81,29.78,36.00,20.00,AUTO,0,51,NaN,11.40,39.18,0.11,50.69,NaN,NaN,NaN,NaN,NaN,NaN,NaN,NaN,NaN,NaN
315.33,35.81,29.78,36.00,20.00,AUTO,0,51,NaN,11.40,39.18,0.11,50.69,NaN,NaN,NaN,NaN,NaN,NaN,NaN,NaN,NaN,NaN
316.33,35.79,29.78,36.00,20.00,AUTO,0,52,NaN,11.40,40.87,-0.25,52.02,NaN,NaN,NaN,NaN,NaN,NaN,NaN,NaN,NaN,NaN
317.33,35.79,29.78,36.00,20.00,AUTO,0,52,NaN,11.40,40.87,-0.25,52.02,NaN,NaN,NaN,NaN,NaN,NaN,NaN,NaN,NaN,NaN
318.33,35.79,29.78,36.00,20.00,AUTO,0,52,NaN,11.40,40.87,-0.25,52.02,NaN,NaN,NaN,NaN,NaN,NaN,NaN,NaN,NaN,NaN
319.33,35.79,29.78,36.00,20.00,AUTO,0,52,NaN,11.40,40.87,-0.25,52.02,NaN,NaN,NaN,NaN,NaN,NaN,NaN,NaN,NaN,NaN
320.34,35.78,29.78,36.00,20.00,AUTO,0,52,NaN,11.40,40.87,-0.25,52.02,NaN,NaN,NaN,NaN,NaN,NaN,NaN,NaN,NaN,NaN
321.34,35.78,29.78,36.00,20.00,AUTO,0,52,NaN,11.40,40.87,-0.25,52.02,NaN,NaN,NaN,NaN,NaN,NaN,NaN,NaN,NaN,NaN
322.34,35.78,29.78,36.00,20.00,AUTO,0,52,NaN,11.40,40.87,-0.25,52.02,NaN,NaN,NaN,NaN,NaN,NaN,NaN,NaN,NaN,NaN
323.34,35.79,29.82,36.00,20.00,AUTO,0,52,NaN,11.40,40.87,-0.25,52.02,NaN,NaN,NaN,NaN,NaN,NaN,NaN,NaN,NaN,NaN
324.34,35.80,29.82,36.00,20.00,AUTO,0,52,NaN,11.40,40.87,-0.25,52.02,NaN,NaN,NaN,NaN,NaN,NaN,NaN,NaN,NaN,NaN
325.34,35.80,29.82,36.00,20.00,AUTO,0,52,NaN,11.40,40.87,-0.25,52.02,NaN,NaN,NaN,NaN,NaN,NaN,NaN,NaN,NaN,NaN
326.34,35.80,29.82,36.00,20.00,AUTO,0,52,NaN,11.40,40.87,-0.25,52.02,NaN,NaN,NaN,NaN,NaN,NaN,NaN,NaN,NaN,NaN
327.34,35.80,29.82,36.00,20.00,AUTO,0,52,NaN,11.40,40.87,-0.25,52.02,NaN,NaN,NaN,NaN,NaN,NaN,NaN,NaN,NaN,NaN
328.35,35.80,29.82,36.00,20.00,AUTO,0,52,NaN,11.40,40.87,-0.25,52.02,NaN,NaN,NaN,NaN,NaN,NaN,NaN,NaN,NaN,NaN
329.35,35.80,29.82,36.00,20.00,AUTO,0,52,NaN,11.40,40.87,-0.25,52.02,NaN,NaN,NaN,NaN,NaN,NaN,NaN,NaN,NaN,NaN
330.35,35.81,29.82,36.00,20.00,AUTO,0,52,NaN,11.40,40.87,-0.25,52.02,NaN,NaN,NaN,NaN,NaN,NaN,NaN,NaN,NaN,NaN
331.35,35.79,29.82,36.00,20.00,AUTO,0,54,NaN,11.70,42.58,0.15,54.42,NaN,NaN,NaN,NaN,NaN,NaN,NaN,NaN,NaN,NaN
332.35,35.79,29.82,36.00,20.00,AUTO,0,54,NaN,11.70,42.58,0.15,54.42,NaN,NaN,NaN,NaN,NaN,NaN,NaN,NaN,NaN,NaN
333.36,35.79,29.82,36.00,20.00,AUTO,0,54,NaN,11.70,42.58,0.15,54.42,NaN,NaN,NaN,NaN,NaN,NaN,NaN,NaN,NaN,NaN
334.36,35.79,29.82,36.00,20.00,AUTO,0,54,NaN,11.70,42.58,0.15,54.42,NaN,NaN,NaN,NaN,NaN,NaN,NaN,NaN,NaN,NaN
335.36,35.79,29.82,36.00,20.00,AUTO,0,54,NaN,11.70,42.58,0.15,54.42,NaN,NaN,NaN,NaN,NaN,NaN,NaN,NaN,NaN,NaN
336.36,35.79,29.87,36.00,20.00,AUTO,0,54,NaN,11.70,42.58,0.15,54.42,NaN,NaN,NaN,NaN,NaN,NaN,NaN,NaN,NaN,NaN
337.36,35.79,29.87,36.00,20.00,AUTO,0,54,NaN,11.70,42.58,0.15,54.42,NaN,NaN,NaN,NaN,NaN,NaN,NaN,NaN,NaN,NaN
338.36,35.79,29.87,36.00,20.00,AUTO,0,54,NaN,11.70,42.58,0.15,54.42,NaN,NaN,NaN,NaN,NaN,NaN,NaN,NaN,NaN,NaN
339.37,35.79,29.87,36.00,20.00,AUTO,0,54,NaN,11.70,42.58,0.15,54.42,NaN,NaN,NaN,NaN,NaN,NaN,NaN,NaN,NaN,NaN
340.37,35.82,29.87,36.00,20.00,AUTO,0,54,NaN,11.70,42.58,0.15,54.42,NaN,NaN,NaN,NaN,NaN,NaN,NaN,NaN,NaN,NaN
341.37,35.81,29.87,36.00,20.00,AUTO,0,54,NaN,11.70,42.58,0.15,54.42,NaN,NaN,NaN,NaN,NaN,NaN,NaN,NaN,NaN,NaN
342.37,35.82,29.87,36.00,20.00,AUTO,0,54,NaN,11.70,42.58,0.15,54.42,NaN,NaN,NaN,NaN,NaN,NaN,NaN,NaN,NaN,NaN
343.37,35.82,29.87,36.00,20.00,AUTO,0,54,NaN,11.70,42.58,0.15,54.42,NaN,NaN,NaN,NaN,NaN,NaN,NaN,NaN,NaN,NaN
344.38,35.84,29.87,36.00,20.00,AUTO,0,54,NaN,11.70,42.58,0.15,54.42,NaN,NaN,NaN,NaN,NaN,NaN,NaN,NaN,NaN,NaN
345.37,35.84,29.87,36.00,20.00,AUTO,0,54,NaN,11.70,42.58,0.15,54.42,NaN,NaN,NaN,NaN,NaN,NaN,NaN,NaN,NaN,NaN
346.38,35.82,29.87,36.00,20.00,AUTO,0,53,NaN,9.60,44.19,-0.85,52.94,NaN,NaN,NaN,NaN,NaN,NaN,NaN,NaN,NaN,NaN
347.38,35.83,29.87,36.00,20.00,AUTO,0,53,NaN,9.60,44.19,-0.85,52.94,NaN,NaN,NaN,NaN,NaN,NaN,NaN,NaN,NaN,NaN
348.38,35.83,29.87,36.00,20.00,AUTO,0,53,NaN,9.60,44.19,-0.85,52.94,NaN,NaN,NaN,NaN,NaN,NaN,NaN,NaN,NaN,NaN
349.38,35.83,29.82,36.00,20.00,AUTO,0,53,NaN,9.60,44.19,-0.85,52.94,NaN,NaN,NaN,NaN,NaN,NaN,NaN,NaN,NaN,NaN
350.38,35.83,29.87,36.00,20.00,AUTO,0,53,NaN,9.60,44.19,-0.85,52.94,NaN,NaN,NaN,NaN,NaN,NaN,NaN,NaN,NaN,NaN
351.38,35.83,29.82,36.00,20.00,AUTO,0,53,NaN,9.60,44.19,-0.85,52.94,NaN,NaN,NaN,NaN,NaN,NaN,NaN,NaN,NaN,NaN
352.39,35.83,29.82,36.00,20.00,AUTO,0,53,NaN,9.60,44.19,-0.85,52.94,NaN,NaN,NaN,NaN,NaN,NaN,NaN,NaN,NaN,NaN
353.39,35.84,29.87,36.00,20.00,AUTO,0,53,NaN,9.60,44.19,-0.85,52.94,NaN,NaN,NaN,NaN,NaN,NaN,NaN,NaN,NaN,NaN
354.39,35.86,29.88,36.00,20.00,AUTO,0,53,NaN,9.60,44.19,-0.85,52.94,NaN,NaN,NaN,NaN,NaN,NaN,NaN,NaN,NaN,NaN
355.39,35.86,29.84,36.00,20.00,AUTO,0,53,NaN,9.60,44.19,-0.85,52.94,NaN,NaN,NaN,NaN,NaN,NaN,NaN,NaN,NaN,NaN
356.39,35.87,29.84,36.00,20.00,AUTO,0,53,NaN,9.60,44.19,-0.85,52.94,NaN,NaN,NaN,NaN,NaN,NaN,NaN,NaN,NaN,NaN
357.39,35.88,29.84,36.00,20.00,AUTO,0,53,NaN,9.60,44.19,-0.85,52.94,NaN,NaN,NaN,NaN,NaN,NaN,NaN,NaN,NaN,NaN
358.40,35.89,29.84,36.00,20.00,AUTO,0,53,NaN,9.60,44.19,-0.85,52.94,NaN,NaN,NaN,NaN,NaN,NaN,NaN,NaN,NaN,NaN
359.39,35.88,29.84,36.00,20.00,AUTO,0,53,NaN,9.60,44.19,-0.85,52.94,NaN,NaN,NaN,NaN,NaN,NaN,NaN,NaN,NaN,NaN
360.40,35.89,29.84,36.00,20.00,AUTO,0,53,NaN,9.60,44.19,-0.85,52.94,NaN,NaN,NaN,NaN,NaN,NaN,NaN,NaN,NaN,NaN
361.40,35.87,29.84,36.00,20.00,AUTO,0,50,NaN,6.90,45.42,-1.90,50.42,NaN,NaN,NaN,NaN,NaN,NaN,NaN,NaN,NaN,NaN
362.40,35.88,29.84,36.00,20.00,AUTO,0,50,NaN,6.90,45.42,-1.90,50.42,NaN,NaN,NaN,NaN,NaN,NaN,NaN,NaN,NaN,NaN
363.40,35.88,29.84,36.00,20.00,AUTO,0,50,NaN,6.90,45.42,-1.90,50.42,NaN,NaN,NaN,NaN,NaN,NaN,NaN,NaN,NaN,NaN
364.40,35.88,29.84,36.00,20.00,AUTO,0,50,NaN,6.90,45.42,-1.90,50.42,NaN,NaN,NaN,NaN,NaN,NaN,NaN,NaN,NaN,NaN
365.41,35.88,29.84,36.00,20.00,AUTO,0,50,NaN,6.90,45.42,-1.90,50.42,NaN,NaN,NaN,NaN,NaN,NaN,NaN,NaN,NaN,NaN
366.41,35.88,29.84,36.00,20.00,AUTO,0,50,NaN,6.90,45.42,-1.90,50.42,NaN,NaN,NaN,NaN,NaN,NaN,NaN,NaN,NaN,NaN
367.41,35.88,29.84,36.00,20.00,AUTO,0,50,NaN,6.90,45.42,-1.90,50.42,NaN,NaN,NaN,NaN,NaN,NaN,NaN,NaN,NaN,NaN
368.41,35.89,29.84,36.00,20.00,AUTO,0,50,NaN,6.90,45.42,-1.90,50.42,NaN,NaN,NaN,NaN,NaN,NaN,NaN,NaN,NaN,NaN
369.41,35.92,29.84,36.00,20.00,AUTO,0,50,NaN,6.90,45.42,-1.90,50.42,NaN,NaN,NaN,NaN,NaN,NaN,NaN,NaN,NaN,NaN
370.41,35.92,29.84,36.00,20.00,AUTO,0,50,NaN,6.90,45.42,-1.90,50.42,NaN,NaN,NaN,NaN,NaN,NaN,NaN,NaN,NaN,NaN
371.42,35.92,29.84,36.00,20.00,AUTO,0,50,NaN,6.90,45.42,-1.90,50.42,NaN,NaN,NaN,NaN,NaN,NaN,NaN,NaN,NaN,NaN
372.42,35.93,29.84,36.00,20.00,AUTO,0,50,NaN,6.90,45.42,-1.90,50.42,NaN,NaN,NaN,NaN,NaN,NaN,NaN,NaN,NaN,NaN
373.42,35.93,29.84,36.00,20.00,AUTO,0,50,NaN,6.90,45.42,-1.90,50.42,NaN,NaN,NaN,NaN,NaN,NaN,NaN,NaN,NaN,NaN
374.42,35.94,29.84,36.00,20.00,AUTO,0,50,NaN,6.90,45.42,-1.90,50.42,NaN,NaN,NaN,NaN,NaN,NaN,NaN,NaN,NaN,NaN
375.42,35.94,29.84,36.00,20.00,AUTO,0,50,NaN,6.90,45.42,-1.90,50.42,NaN,NaN,NaN,NaN,NaN,NaN,NaN,NaN,NaN,NaN
376.42,35.92,29.84,36.00,20.00,AUTO,0,48,NaN,3.60,46.22,-1.77,48.05,NaN,NaN,NaN,NaN,NaN,NaN,NaN,NaN,NaN,NaN
377.42,35.92,29.84,36.00,20.00,AUTO,0,48,NaN,3.60,46.22,-1.77,48.05,NaN,NaN,NaN,NaN,NaN,NaN,NaN,NaN,NaN,NaN
378.43,35.92,29.84,36.00,20.00,AUTO,0,48,NaN,3.60,46.22,-1.77,48.05,NaN,NaN,NaN,NaN,NaN,NaN,NaN,NaN,NaN,NaN
379.43,35.92,29.84,36.00,20.00,AUTO,0,48,NaN,3.60,46.22,-1.77,48.05,NaN,NaN,NaN,NaN,NaN,NaN,NaN,NaN,NaN,NaN
380.43,35.93,29.84,36.00,20.00,AUTO,0,48,NaN,3.60,46.22,-1.77,48.05,NaN,NaN,NaN,NaN,NaN,NaN,NaN,NaN,NaN,NaN
381.43,35.94,29.84,36.00,20.00,AUTO,0,48,NaN,3.60,46.22,-1.77,48.05,NaN,NaN,NaN,NaN,NaN,NaN,NaN,NaN,NaN,NaN
382.43,35.93,29.84,36.00,20.00,AUTO,0,48,NaN,3.60,46.22,-1.77,48.05,NaN,NaN,NaN,NaN,NaN,NaN,NaN,NaN,NaN,NaN
383.43,35.94,29.84,36.00,20.00,AUTO,0,48,NaN,3.60,46.22,-1.77,48.05,NaN,NaN,NaN,NaN,NaN,NaN,NaN,NaN,NaN,NaN
384.44,35.97,29.84,36.00,20.00,AUTO,0,48,NaN,3.60,46.22,-1.77,48.05,NaN,NaN,NaN,NaN,NaN,NaN,NaN,NaN,NaN,NaN
385.44,35.96,29.84,36.00,20.00,AUTO,0,48,NaN,3.60,46.22,-1.77,48.05,NaN,NaN,NaN,NaN,NaN,NaN,NaN,NaN,NaN,NaN
386.44,35.97,29.84,36.00,20.00,AUTO,0,48,NaN,3.60,46.22,-1.77,48.05,NaN,NaN,NaN,NaN,NaN,NaN,NaN,NaN,NaN,NaN
387.44,35.97,29.84,36.00,20.00,AUTO,0,48,NaN,3.60,46.22,-1.77,48.05,NaN,NaN,NaN,NaN,NaN,NaN,NaN,NaN,NaN,NaN
388.44,35.97,29.84,36.00,20.00,AUTO,0,48,NaN,3.60,46.22,-1.77,48.05,NaN,NaN,NaN,NaN,NaN,NaN,NaN,NaN,NaN,NaN
389.44,35.97,29.84,36.00,20.00,AUTO,0,48,NaN,3.60,46.22,-1.77,48.05,NaN,NaN,NaN,NaN,NaN,NaN,NaN,NaN,NaN,NaN
390.45,35.98,29.84,36.00,20.00,AUTO,0,48,NaN,3.60,46.22,-1.77,48.05,NaN,NaN,NaN,NaN,NaN,NaN,NaN,NaN,NaN,NaN
391.45,35.95,29.84,36.00,20.00,AUTO,0,47,NaN,1.50,46.66,-1.50,46.66,NaN,NaN,NaN,NaN,NaN,NaN,NaN,NaN,NaN,NaN
392.45,35.96,29.84,36.00,20.00,AUTO,0,47,NaN,1.50,46.66,-1.50,46.66,NaN,NaN,NaN,NaN,NaN,NaN,NaN,NaN,NaN,NaN
393.45,35.96,29.84,36.00,20.00,AUTO,0,47,NaN,1.50,46.66,-1.50,46.66,NaN,NaN,NaN,NaN,NaN,NaN,NaN,NaN,NaN,NaN
394.45,35.96,29.84,36.00,20.00,AUTO,0,47,NaN,1.50,46.66,-1.50,46.66,NaN,NaN,NaN,NaN,NaN,NaN,NaN,NaN,NaN,NaN
395.45,35.96,29.84,36.00,20.00,AUTO,0,47,NaN,1.50,46.66,-1.50,46.66,NaN,NaN,NaN,NaN,NaN,NaN,NaN,NaN,NaN,NaN
396.45,35.96,29.84,36.00,20.00,AUTO,0,47,NaN,1.50,46.66,-1.50,46.66,NaN,NaN,NaN,NaN,NaN,NaN,NaN,NaN,NaN,NaN
397.46,35.96,29.84,36.00,20.00,AUTO,0,47,NaN,1.50,46.66,-1.50,46.66,NaN,NaN,NaN,NaN,NaN,NaN,NaN,NaN,NaN,NaN
398.46,36.00,29.84,36.00,20.00,AUTO,0,47,NaN,1.50,46.66,-1.50,46.66,NaN,NaN,NaN,NaN,NaN,NaN,NaN,NaN,NaN,NaN
399.46,35.99,29.84,36.00,20.00,AUTO,0,47,NaN,1.50,46.66,-1.50,46.66,NaN,NaN,NaN,NaN,NaN,NaN,NaN,NaN,NaN,NaN
400.46,36.00,29.84,36.00,20.00,AUTO,0,47,NaN,1.50,46.66,-1.50,46.66,NaN,NaN,NaN,NaN,NaN,NaN,NaN,NaN,NaN,NaN
401.46,35.99,29.84,36.00,20.00,AUTO,0,47,NaN,1.50,46.66,-1.50,46.66,NaN,NaN,NaN,NaN,NaN,NaN,NaN,NaN,NaN,NaN
402.46,36.00,29.84,36.00,20.00,AUTO,0,47,NaN,1.50,46.66,-1.50,46.66,NaN,NaN,NaN,NaN,NaN,NaN,NaN,NaN,NaN,NaN
403.47,36.02,29.84,36.00,20.00,AUTO,0,47,NaN,1.50,46.66,-1.50,46.66,NaN,NaN,NaN,NaN,NaN,NaN,NaN,NaN,NaN,NaN
404.47,36.02,29.84,36.00,20.00,AUTO,0,47,NaN,1.50,46.66,-1.50,46.66,NaN,NaN,NaN,NaN,NaN,NaN,NaN,NaN,NaN,NaN
405.47,36.02,29.84,36.00,20.00,AUTO,0,47,NaN,1.50,46.66,-1.50,46.66,NaN,NaN,NaN,NaN,NaN,NaN,NaN,NaN,NaN,NaN
406.47,35.99,29.84,36.00,20.00,AUTO,0,44,NaN,-1.20,46.79,-1.47,44.12,NaN,NaN,NaN,NaN,NaN,NaN,NaN,NaN,NaN,NaN
407.47,36.00,29.84,36.00,20.00,AUTO,0,44,NaN,-1.20,46.79,-1.47,44.12,NaN,NaN,NaN,NaN,NaN,NaN,NaN,NaN,NaN,NaN
408.48,36.00,29.84,36.00,20.00,AUTO,0,44,NaN,-1.20,46.79,-1.47,44.12,NaN,NaN,NaN,NaN,NaN,NaN,NaN,NaN,NaN,NaN
409.47,36.00,29.84,36.00,20.00,AUTO,0,44,NaN,-1.20,46.79,-1.47,44.12,NaN,NaN,NaN,NaN,NaN,NaN,NaN,NaN,NaN,NaN
410.48,35.99,29.88,36.00,20.00,AUTO,0,44,NaN,-1.20,46.79,-1.47,44.12,NaN,NaN,NaN,NaN,NaN,NaN,NaN,NaN,NaN,NaN
411.48,35.99,29.88,36.00,20.00,AUTO,0,44,NaN,-1.20,46.79,-1.47,44.12,NaN,NaN,NaN,NaN,NaN,NaN,NaN,NaN,NaN,NaN
412.48,36.00,29.88,36.00,20.00,AUTO,0,44,NaN,-1.20,46.79,-1.47,44.12,NaN,NaN,NaN,NaN,NaN,NaN,NaN,NaN,NaN,NaN
413.48,36.02,29.88,36.00,20.00,AUTO,0,44,NaN,-1.20,46.79,-1.47,44.12,NaN,NaN,NaN,NaN,NaN,NaN,NaN,NaN,NaN,NaN
414.48,36.02,29.88,36.00,20.00,AUTO,0,44,NaN,-1.20,46.79,-1.47,44.12,NaN,NaN,NaN,NaN,NaN,NaN,NaN,NaN,NaN,NaN
415.48,36.02,29.88,36.00,20.00,AUTO,0,44,NaN,-1.20,46.79,-1.47,44.12,NaN,NaN,NaN,NaN,NaN,NaN,NaN,NaN,NaN,NaN
416.49,36.02,29.88,36.00,20.00,AUTO,0,44,NaN,-1.20,46.79,-1.47,44.12,NaN,NaN,NaN,NaN,NaN,NaN,NaN,NaN,NaN,NaN
417.49,36.02,29.88,36.00,20.00,AUTO,0,44,NaN,-1.20,46.79,-1.47,44.12,NaN,NaN,NaN,NaN,NaN,NaN,NaN,NaN,NaN,NaN
418.49,36.02,29.88,36.00,20.00,AUTO,0,44,NaN,-1.20,46.79,-1.47,44.12,NaN,NaN,NaN,NaN,NaN,NaN,NaN,NaN,NaN,NaN
419.49,36.02,29.88,36.00,20.00,AUTO,0,44,NaN,-1.20,46.79,-1.47,44.12,NaN,NaN,NaN,NaN,NaN,NaN,NaN,NaN,NaN,NaN
420.49,36.02,29.88,36.00,20.00,AUTO,0,44,NaN,-1.20,46.79,-1.47,44.12,NaN,NaN,NaN,NaN,NaN,NaN,NaN,NaN,NaN,NaN
421.50,36.02,29.88,36.00,20.00,AUTO,0,45,NaN,-1.20,46.72,-0.53,44.99,NaN,NaN,NaN,NaN,NaN,NaN,NaN,NaN,NaN,NaN
422.50,36.02,29.88,36.00,20.00,AUTO,0,45,NaN,-1.20,46.72,-0.53,44.99,NaN,NaN,NaN,NaN,NaN,NaN,NaN,NaN,NaN,NaN
423.50,36.02,29.88,36.00,20.00,AUTO,0,45,NaN,-1.20,46.72,-0.53,44.99,NaN,NaN,NaN,NaN,NaN,NaN,NaN,NaN,NaN,NaN
424.50,36.02,29.88,36.00,20.00,AUTO,0,45,NaN,-1.20,46.72,-0.53,44.99,NaN,NaN,NaN,NaN,NaN,NaN,NaN,NaN,NaN,NaN
425.50,36.02,29.88,36.00,20.00,AUTO,0,45,NaN,-1.20,46.72,-0.53,44.99,NaN,NaN,NaN,NaN,NaN,NaN,NaN,NaN,NaN,NaN
426.50,36.02,29.88,36.00,20.00,AUTO,0,45,NaN,-1.20,46.72,-0.53,44.99,NaN,NaN,NaN,NaN,NaN,NaN,NaN,NaN,NaN,NaN
427.50,36.02,29.88,36.00,20.00,AUTO,0,45,NaN,-1.20,46.72,-0.53,44.99,NaN,NaN,NaN,NaN,NaN,NaN,NaN,NaN,NaN,NaN
428.50,36.02,29.88,36.00,20.00,AUTO,0,45,NaN,-1.20,46.72,-0.53,44.99,NaN,NaN,NaN,NaN,NaN,NaN,NaN,NaN,NaN,NaN
429.51,36.02,29.88,36.00,20.00,AUTO,0,45,NaN,-1.20,46.72,-0.53,44.99,NaN,NaN,NaN,NaN,NaN,NaN,NaN,NaN,NaN,NaN
430.51,36.02,29.88,36.00,20.00,AUTO,0,45,NaN,-1.20,46.72,-0.53,44.99,NaN,NaN,NaN,NaN,NaN,NaN,NaN,NaN,NaN,NaN
431.51,36.02,29.88,36.00,20.00,AUTO,0,45,NaN,-1.20,46.72,-0.53,44.99,NaN,NaN,NaN,NaN,NaN,NaN,NaN,NaN,NaN,NaN
432.51,36.02,29.88,36.00,20.00,AUTO,0,45,NaN,-1.20,46.72,-0.53,44.99,NaN,NaN,NaN,NaN,NaN,NaN,NaN,NaN,NaN,NaN
433.51,36.02,29.88,36.00,20.00,AUTO,0,45,NaN,-1.20,46.72,-0.53,44.99,NaN,NaN,NaN,NaN,NaN,NaN,NaN,NaN,NaN,NaN
434.51,36.02,29.88,36.00,20.00,AUTO,0,45,NaN,-1.20,46.72,-0.53,44.99,NaN,NaN,NaN,NaN,NaN,NaN,NaN,NaN,NaN,NaN
435.52,36.02,29.88,36.00,20.00,AUTO,0,45,NaN,-1.20,46.72,-0.53,44.99,NaN,NaN,NaN,NaN,NaN,NaN,NaN,NaN,NaN,NaN
436.52,36.02,29.92,36.00,20.00,AUTO,0,45,NaN,-1.20,46.56,0.00,45.36,NaN,NaN,NaN,NaN,NaN,NaN,NaN,NaN,NaN,NaN
437.52,36.02,29.88,36.00,20.00,AUTO,0,45,NaN,-1.20,46.56,0.00,45.36,NaN,NaN,NaN,NaN,NaN,NaN,NaN,NaN,NaN,NaN
438.52,36.02,29.92,36.00,20.00,AUTO,0,45,NaN,-1.20,46.56,0.00,45.36,NaN,NaN,NaN,NaN,NaN,NaN,NaN,NaN,NaN,NaN
439.52,36.02,29.92,36.00,20.00,AUTO,0,45,NaN,-1.20,46.56,0.00,45.36,NaN,NaN,NaN,NaN,NaN,NaN,NaN,NaN,NaN,NaN
440.52,36.02,29.92,36.00,20.00,AUTO,0,45,NaN,-1.20,46.56,0.00,45.36,NaN,NaN,NaN,NaN,NaN,NaN,NaN,NaN,NaN,NaN
441.52,36.02,29.92,36.00,20.00,AUTO,0,45,NaN,-1.20,46.56,0.00,45.36,NaN,NaN,NaN,NaN,NaN,NaN,NaN,NaN,NaN,NaN
442.53,36.02,29.92,36.00,20.00,AUTO,0,45,NaN,-1.20,46.56,0.00,45.36,NaN,NaN,NaN,NaN,NaN,NaN,NaN,NaN,NaN,NaN
443.53,36.02,29.92,36.00,20.00,AUTO,0,45,NaN,-1.20,46.56,0.00,45.36,NaN,NaN,NaN,NaN,NaN,NaN,NaN,NaN,NaN,NaN
444.53,36.02,29.92,36.00,20.00,AUTO,0,45,NaN,-1.20,46.56,0.00,45.36,NaN,NaN,NaN,NaN,NaN,NaN,NaN,NaN,NaN,NaN
445.53,36.02,29.92,36.00,20.00,AUTO,0,45,NaN,-1.20,46.56,0.00,45.36,NaN,NaN,NaN,NaN,NaN,NaN,NaN,NaN,NaN,NaN
446.53,36.02,29.92,36.00,20.00,AUTO,0,45,NaN,-1.20,46.56,0.00,45.36,NaN,NaN,NaN,NaN,NaN,NaN,NaN,NaN,NaN,NaN
447.53,36.02,29.92,36.00,20.00,AUTO,0,45,NaN,-1.20,46.56,0.00,45.36,NaN,NaN,NaN,NaN,NaN,NaN,NaN,NaN,NaN,NaN
448.54,36.02,29.92,36.00,20.00,AUTO,0,45,NaN,-1.20,46.56,0.00,45.36,NaN,NaN,NaN,NaN,NaN,NaN,NaN,NaN,NaN,NaN
449.54,36.02,29.92,36.00,20.00,AUTO,0,45,NaN,-1.20,46.56,0.00,45.36,NaN,NaN,NaN,NaN,NaN,NaN,NaN,NaN,NaN,NaN
450.54,36.02,29.92,36.00,20.00,AUTO,0,45,NaN,-1.20,46.56,0.00,45.36,NaN,NaN,NaN,NaN,NaN,NaN,NaN,NaN,NaN,NaN
451.54,36.02,29.92,36.00,20.00,AUTO,0,45,NaN,-1.20,46.39,0.00,45.19,NaN,NaN,NaN,NaN,NaN,NaN,NaN,NaN,NaN,NaN
452.54,36.02,29.92,36.00,20.00,AUTO,0,45,NaN,-1.20,46.39,0.00,45.19,NaN,NaN,NaN,NaN,NaN,NaN,NaN,NaN,NaN,NaN
453.55,36.02,29.92,36.00,20.00,AUTO,0,45,NaN,-1.20,46.39,0.00,45.19,NaN,NaN,NaN,NaN,NaN,NaN,NaN,NaN,NaN,NaN
454.55,36.02,29.92,36.00,20.00,AUTO,0,45,NaN,-1.20,46.39,0.00,45.19,NaN,NaN,NaN,NaN,NaN,NaN,NaN,NaN,NaN,NaN
455.55,36.02,29.92,36.00,20.00,AUTO,0,45,NaN,-1.20,46.39,0.00,45.19,NaN,NaN,NaN,NaN,NaN,NaN,NaN,NaN,NaN,NaN
456.55,36.02,29.92,36.00,20.00,AUTO,0,45,NaN,-1.20,46.39,0.00,45.19,NaN,NaN,NaN,NaN,NaN,NaN,NaN,NaN,NaN,NaN
457.55,36.02,29.92,36.00,20.00,AUTO,0,45,NaN,-1.20,46.39,0.00,45.19,NaN,NaN,NaN,NaN,NaN,NaN,NaN,NaN,NaN,NaN
458.55,36.02,29.92,36.00,20.00,AUTO,0,45,NaN,-1.20,46.39,0.00,45.19,NaN,NaN,NaN,NaN,NaN,NaN,NaN,NaN,NaN,NaN
459.55,36.02,29.96,36.00,20.00,AUTO,0,45,NaN,-1.20,46.39,0.00,45.19,NaN,NaN,NaN,NaN,NaN,NaN,NaN,NaN,NaN,NaN
460.55,36.02,29.96,36.00,20.00,AUTO,0,45,NaN,-1.20,46.39,0.00,45.19,NaN,NaN,NaN,NaN,NaN,NaN,NaN,NaN,NaN,NaN
461.56,36.02,29.96,36.00,20.00,AUTO,0,45,NaN,-1.20,46.39,0.00,45.19,NaN,NaN,NaN,NaN,NaN,NaN,NaN,NaN,NaN,NaN
462.56,36.02,29.96,36.00,20.00,AUTO,0,45,NaN,-1.20,46.39,0.00,45.19,NaN,NaN,NaN,NaN,NaN,NaN,NaN,NaN,NaN,NaN
463.56,36.02,29.96,36.00,20.00,AUTO,0,45,NaN,-1.20,46.39,0.00,45.19,NaN,NaN,NaN,NaN,NaN,NaN,NaN,NaN,NaN,NaN
464.56,36.02,29.96,36.00,20.00,AUTO,0,45,NaN,-1.20,46.39,0.00,45.19,NaN,NaN,NaN,NaN,NaN,NaN,NaN,NaN,NaN,NaN
465.56,36.02,29.96,36.00,20.00,AUTO,0,45,NaN,-1.20,46.39,0.00,45.19,NaN,NaN,NaN,NaN,NaN,NaN,NaN,NaN,NaN,NaN
466.57,36.02,29.96,36.00,20.00,AUTO,0,45,NaN,-1.20,46.23,0.00,45.03,NaN,NaN,NaN,NaN,NaN,NaN,NaN,NaN,NaN,NaN
467.57,36.02,29.96,36.00,20.00,AUTO,0,45,NaN,-1.20,46.23,0.00,45.03,NaN,NaN,NaN,NaN,NaN,NaN,NaN,NaN,NaN,NaN
468.57,36.02,29.96,36.00,20.00,AUTO,0,45,NaN,-1.20,46.23,0.00,45.03,NaN,NaN,NaN,NaN,NaN,NaN,NaN,NaN,NaN,NaN
469.57,36.02,29.96,36.00,20.00,AUTO,0,45,NaN,-1.20,46.23,0.00,45.03,NaN,NaN,NaN,NaN,NaN,NaN,NaN,NaN,NaN,NaN
470.57,36.02,29.96,36.00,20.00,AUTO,0,45,NaN,-1.20,46.23,0.00,45.03,NaN,NaN,NaN,NaN,NaN,NaN,NaN,NaN,NaN,NaN
471.57,36.02,30.00,36.00,20.00,AUTO,0,45,NaN,-1.20,46.23,0.00,45.03,NaN,NaN,NaN,NaN,NaN,NaN,NaN,NaN,NaN,NaN
472.57,36.02,30.00,36.00,20.00,AUTO,0,45,NaN,-1.20,46.23,0.00,45.03,NaN,NaN,NaN,NaN,NaN,NaN,NaN,NaN,NaN,NaN
473.57,36.02,30.00,36.00,20.00,AUTO,0,45,NaN,-1.20,46.23,0.00,45.03,NaN,NaN,NaN,NaN,NaN,NaN,NaN,NaN,NaN,NaN
474.58,36.02,30.00,36.00,20.00,AUTO,0,45,NaN,-1.20,46.23,0.00,45.03,NaN,NaN,NaN,NaN,NaN,NaN,NaN,NaN,NaN,NaN
475.58,36.02,30.00,36.00,20.00,AUTO,0,45,NaN,-1.20,46.23,0.00,45.03,NaN,NaN,NaN,NaN,NaN,NaN,NaN,NaN,NaN,NaN
476.58,36.02,30.00,36.00,20.00,AUTO,0,45,NaN,-1.20,46.23,0.00,45.03,NaN,NaN,NaN,NaN,NaN,NaN,NaN,NaN,NaN,NaN
477.58,36.02,30.00,36.00,20.00,AUTO,0,45,NaN,-1.20,46.23,0.00,45.03,NaN,NaN,NaN,NaN,NaN,NaN,NaN,NaN,NaN,NaN
478.58,36.02,30.04,36.00,20.00,AUTO,0,45,NaN,-1.20,46.23,0.00,45.03,NaN,NaN,NaN,NaN,NaN,NaN,NaN,NaN,NaN,NaN
479.59,36.02,30.00,36.00,20.00,AUTO,0,45,NaN,-1.20,46.23,0.00,45.03,NaN,NaN,NaN,NaN,NaN,NaN,NaN,NaN,NaN,NaN
480.59,36.02,30.04,36.00,20.00,AUTO,0,45,NaN,-1.20,46.23,0.00,45.03,NaN,NaN,NaN,NaN,NaN,NaN,NaN,NaN,NaN,NaN
481.59,36.02,30.04,36.00,20.00,AUTO,0,45,NaN,-1.20,46.06,0.00,44.86,NaN,NaN,NaN,NaN,NaN,NaN,NaN,NaN,NaN,NaN
482.59,36.02,30.04,36.00,20.00,AUTO,0,45,NaN,-1.20,46.06,0.00,44.86,NaN,NaN,NaN,NaN,NaN,NaN,NaN,NaN,NaN,NaN
483.59,36.02,30.04,36.00,20.00,AUTO,0,45,NaN,-1.20,46.06,0.00,44.86,NaN,NaN,NaN,NaN,NaN,NaN,NaN,NaN,NaN,NaN
484.59,36.02,30.04,36.00,20.00,AUTO,0,45,NaN,-1.20,46.06,0.00,44.86,NaN,NaN,NaN,NaN,NaN,NaN,NaN,NaN,NaN,NaN
485.60,36.02,30.04,36.00,20.00,AUTO,0,45,NaN,-1.20,46.06,0.00,44.86,NaN,NaN,NaN,NaN,NaN,NaN,NaN,NaN,NaN,NaN
486.60,36.02,30.04,36.00,20.00,AUTO,0,45,NaN,-1.20,46.06,0.00,44.86,NaN,NaN,NaN,NaN,NaN,NaN,NaN,NaN,NaN,NaN
487.60,36.02,30.04,36.00,20.00,AUTO,0,45,NaN,-1.20,46.06,0.00,44.86,NaN,NaN,NaN,NaN,NaN,NaN,NaN,NaN,NaN,NaN
488.60,36.02,30.04,36.00,20.00,AUTO,0,45,NaN,-1.20,46.06,0.00,44.86,NaN,NaN,NaN,NaN,NaN,NaN,NaN,NaN,NaN,NaN
489.60,36.02,30.04,36.00,20.00,AUTO,0,45,NaN,-1.20,46.06,0.00,44.86,NaN,NaN,NaN,NaN,NaN,NaN,NaN,NaN,NaN,NaN
490.60,36.02,30.04,36.00,20.00,AUTO,0,45,NaN,-1.20,46.06,0.00,44.86,NaN,NaN,NaN,NaN,NaN,NaN,NaN,NaN,NaN,NaN
491.60,36.02,30.04,36.00,20.00,AUTO,0,45,NaN,-1.20,46.06,0.00,44.86,NaN,NaN,NaN,NaN,NaN,NaN,NaN,NaN,NaN,NaN
492.60,36.02,30.04,36.00,20.00,AUTO,0,45,NaN,-1.20,46.06,0.00,44.86,NaN,NaN,NaN,NaN,NaN,NaN,NaN,NaN,NaN,NaN
493.61,36.02,30.04,36.00,20.00,AUTO,0,45,NaN,-1.20,46.06,0.00,44.86,NaN,NaN,NaN,NaN,NaN,NaN,NaN,NaN,NaN,NaN
494.61,36.02,30.04,36.00,20.00,AUTO,0,45,NaN,-1.20,46.06,0.00,44.86,NaN,NaN,NaN,NaN,NaN,NaN,NaN,NaN,NaN,NaN
495.61,36.02,30.04,36.00,20.00,AUTO,0,45,NaN,-1.20,46.06,0.00,44.86,NaN,NaN,NaN,NaN,NaN,NaN,NaN,NaN,NaN,NaN
496.61,36.02,30.04,36.00,20.00,AUTO,0,45,NaN,-1.20,45.90,0.00,44.70,NaN,NaN,NaN,NaN,NaN,NaN,NaN,NaN,NaN,NaN
497.61,36.02,30.08,36.00,20.00,AUTO,0,45,NaN,-1.20,45.90,0.00,44.70,NaN,NaN,NaN,NaN,NaN,NaN,NaN,NaN,NaN,NaN
498.62,36.02,30.08,36.00,20.00,AUTO,0,45,NaN,-1.20,45.90,0.00,44.70,NaN,NaN,NaN,NaN,NaN,NaN,NaN,NaN,NaN,NaN
499.62,36.02,30.08,36.00,20.00,AUTO,0,45,NaN,-1.20,45.90,0.00,44.70,NaN,NaN,NaN,NaN,NaN,NaN,NaN,NaN,NaN,NaN
500.62,36.02,30.08,36.00,20.00,AUTO,0,45,NaN,-1.20,45.90,0.00,44.70,NaN,NaN,NaN,NaN,NaN,NaN,NaN,NaN,NaN,NaN
501.62,36.02,30.08,36.00,20.00,AUTO,0,45,NaN,-1.20,45.90,0.00,44.70,NaN,NaN,NaN,NaN,NaN,NaN,NaN,NaN,NaN,NaN
502.62,36.02,30.08,36.00,20.00,AUTO,0,45,NaN,-1.20,45.90,0.00,44.70,NaN,NaN,NaN,NaN,NaN,NaN,NaN,NaN,NaN,NaN
503.62,36.02,30.08,36.00,20.00,AUTO,0,45,NaN,-1.20,45.90,0.00,44.70,NaN,NaN,NaN,NaN,NaN,NaN,NaN,NaN,NaN,NaN
504.63,36.02,30.12,36.00,20.00,AUTO,0,45,NaN,-1.20,45.90,0.00,44.70,NaN,NaN,NaN,NaN,NaN,NaN,NaN,NaN,NaN,NaN
505.62,36.02,30.12,36.00,20.00,AUTO,0,45,NaN,-1.20,45.90,0.00,44.70,NaN,NaN,NaN,NaN,NaN,NaN,NaN,NaN,NaN,NaN
506.63,36.02,30.12,36.00,20.00,AUTO,0,45,NaN,-1.20,45.90,0.00,44.70,NaN,NaN,NaN,NaN,NaN,NaN,NaN,NaN,NaN,NaN
507.63,36.02,30.12,36.00,20.00,AUTO,0,45,NaN,-1.20,45.90,0.00,44.70,NaN,NaN,NaN,NaN,NaN,NaN,NaN,NaN,NaN,NaN
508.63,36.02,30.12,36.00,20.00,AUTO,0,45,NaN,-1.20,45.90,0.00,44.70,NaN,NaN,NaN,NaN,NaN,NaN,NaN,NaN,NaN,NaN
509.63,36.02,30.12,36.00,20.00,AUTO,0,45,NaN,-1.20,45.90,0.00,44.70,NaN,NaN,NaN,NaN,NaN,NaN,NaN,NaN,NaN,NaN
510.63,36.02,30.12,36.00,20.00,AUTO,0,45,NaN,-1.20,45.90,0.00,44.70,NaN,NaN,NaN,NaN,NaN,NaN,NaN,NaN,NaN,NaN
511.64,36.02,30.12,36.00,20.00,AUTO,0,45,NaN,-1.20,45.73,0.00,44.53,NaN,NaN,NaN,NaN,NaN,NaN,NaN,NaN,NaN,NaN
512.64,36.02,30.12,36.00,20.00,AUTO,0,45,NaN,-1.20,45.73,0.00,44.53,NaN,NaN,NaN,NaN,NaN,NaN,NaN,NaN,NaN,NaN
513.64,36.02,30.12,36.00,20.00,AUTO,0,45,NaN,-1.20,45.73,0.00,44.53,NaN,NaN,NaN,NaN,NaN,NaN,NaN,NaN,NaN,NaN
514.64,36.02,30.12,36.00,20.00,AUTO,0,45,NaN,-1.20,45.73,0.00,44.53,NaN,NaN,NaN,NaN,NaN,NaN,NaN,NaN,NaN,NaN
515.64,36.02,30.12,36.00,20.00,AUTO,0,45,NaN,-1.20,45.73,0.00,44.53,NaN,NaN,NaN,NaN,NaN,NaN,NaN,NaN,NaN,NaN
516.64,36.02,30.16,36.00,20.00,AUTO,0,45,NaN,-1.20,45.73,0.00,44.53,NaN,NaN,NaN,NaN,NaN,NaN,NaN,NaN,NaN,NaN
517.65,36.02,30.16,36.00,20.00,AUTO,0,45,NaN,-1.20,45.73,0.00,44.53,NaN,NaN,NaN,NaN,NaN,NaN,NaN,NaN,NaN,NaN
518.65,36.02,30.16,36.00,20.00,AUTO,0,45,NaN,-1.20,45.73,0.00,44.53,NaN,NaN,NaN,NaN,NaN,NaN,NaN,NaN,NaN,NaN
519.65,36.02,30.16,36.00,20.00,AUTO,0,45,NaN,-1.20,45.73,0.00,44.53,NaN,NaN,NaN,NaN,NaN,NaN,NaN,NaN,NaN,NaN
520.65,36.02,30.16,36.00,20.00,AUTO,0,45,NaN,-1.20,45.73,0.00,44.53,NaN,NaN,NaN,NaN,NaN,NaN,NaN,NaN,NaN,NaN
521.65,36.02,30.16,36.00,20.00,AUTO,0,45,NaN,-1.20,45.73,0.00,44.53,NaN,NaN,NaN,NaN,NaN,NaN,NaN,NaN,NaN,NaN
522.65,36.02,30.16,36.00,20.00,AUTO,0,45,NaN,-1.20,45.73,0.00,44.53,NaN,NaN,NaN,NaN,NaN,NaN,NaN,NaN,NaN,NaN
523.66,36.02,30.16,36.00,20.00,AUTO,0,45,NaN,-1.20,45.73,0.00,44.53,NaN,NaN,NaN,NaN,NaN,NaN,NaN,NaN,NaN,NaN
524.66,36.02,30.16,36.00,20.00,AUTO,0,45,NaN,-1.20,45.73,0.00,44.53,NaN,NaN,NaN,NaN,NaN,NaN,NaN,NaN,NaN,NaN
525.66,36.02,30.16,36.00,20.00,AUTO,0,45,NaN,-1.20,45.73,0.00,44.53,NaN,NaN,NaN,NaN,NaN,NaN,NaN,NaN,NaN,NaN
526.66,36.02,30.16,36.00,20.00,AUTO,0,44,NaN,-1.20,45.57,0.00,44.37,NaN,NaN,NaN,NaN,NaN,NaN,NaN,NaN,NaN,NaN
527.66,36.02,30.16,36.00,20.00,AUTO,0,44,NaN,-1.20,45.57,0.00,44.37,NaN,NaN,NaN,NaN,NaN,NaN,NaN,NaN,NaN,NaN
528.66,36.00,30.16,36.00,20.00,AUTO,0,44,NaN,-1.20,45.57,0.00,44.37,NaN,NaN,NaN,NaN,NaN,NaN,NaN,NaN,NaN,NaN
529.66,36.02,30.20,36.00,20.00,AUTO,0,44,NaN,-1.20,45.57,0.00,44.37,NaN,NaN,NaN,NaN,NaN,NaN,NaN,NaN,NaN,NaN
530.67,36.02,30.16,36.00,20.00,AUTO,0,44,NaN,-1.20,45.57,0.00,44.37,NaN,NaN,NaN,NaN,NaN,NaN,NaN,NaN,NaN,NaN
531.67,36.02,30.20,36.00,20.00,AUTO,0,44,NaN,-1.20,45.57,0.00,44.37,NaN,NaN,NaN,NaN,NaN,NaN,NaN,NaN,NaN,NaN
532.67,36.02,30.20,36.00,20.00,AUTO,0,44,NaN,-1.20,45.57,0.00,44.37,NaN,NaN,NaN,NaN,NaN,NaN,NaN,NaN,NaN,NaN
533.67,36.02,30.20,36.00,20.00,AUTO,0,44,NaN,-1.20,45.57,0.00,44.37,NaN,NaN,NaN,NaN,NaN,NaN,NaN,NaN,NaN,NaN
534.67,36.02,30.20,36.00,20.00,AUTO,0,44,NaN,-1.20,45.57,0.00,44.37,NaN,NaN,NaN,NaN,NaN,NaN,NaN,NaN,NaN,NaN
535.67,36.02,30.20,36.00,20.00,AUTO,0,44,NaN,-1.20,45.57,0.00,44.37,NaN,NaN,NaN,NaN,NaN,NaN,NaN,NaN,NaN,NaN
536.68,36.02,30.20,36.00,20.00,AUTO,0,44,NaN,-1.20,45.57,0.00,44.37,NaN,NaN,NaN,NaN,NaN,NaN,NaN,NaN,NaN,NaN
537.67,36.02,30.20,36.00,20.00,AUTO,0,44,NaN,-1.20,45.57,0.00,44.37,NaN,NaN,NaN,NaN,NaN,NaN,NaN,NaN,NaN,NaN
538.68,36.02,30.20,36.00,20.00,AUTO,0,44,NaN,-1.20,45.57,0.00,44.37,NaN,NaN,NaN,NaN,NaN,NaN,NaN,NaN,NaN,NaN
539.68,36.02,30.20,36.00,20.00,AUTO,0,44,NaN,-1.20,45.57,0.00,44.37,NaN,NaN,NaN,NaN,NaN,NaN,NaN,NaN,NaN,NaN
540.68,36.02,30.20,36.00,20.00,AUTO,0,44,NaN,-1.20,45.57,0.00,44.37,NaN,NaN,NaN,NaN,NaN,NaN,NaN,NaN,NaN,NaN
541.68,36.02,30.20,36.00,20.00,AUTO,0,44,NaN,-1.20,45.41,-0.04,44.18,NaN,NaN,NaN,NaN,NaN,NaN,NaN,NaN,NaN,NaN
542.68,36.02,30.20,36.00,20.00,AUTO,0,44,NaN,-1.20,45.41,-0.04,44.18,NaN,NaN,NaN,NaN,NaN,NaN,NaN,NaN,NaN,NaN
543.69,36.02,30.20,36.00,20.00,AUTO,0,44,NaN,-1.20,45.41,-0.04,44.18,NaN,NaN,NaN,NaN,NaN,NaN,NaN,NaN,NaN,NaN
544.69,36.02,30.20,36.00,20.00,AUTO,0,44,NaN,-1.20,45.41,-0.04,44.18,NaN,NaN,NaN,NaN,NaN,NaN,NaN,NaN,NaN,NaN
545.69,36.00,30.20,36.00,20.00,AUTO,0,44,NaN,-1.20,45.41,-0.04,44.18,NaN,NaN,NaN,NaN,NaN,NaN,NaN,NaN,NaN,NaN
546.69,36.00,30.24,36.00,20.00,AUTO,0,44,NaN,-1.20,45.41,-0.04,44.18,NaN,NaN,NaN,NaN,NaN,NaN,NaN,NaN,NaN,NaN
547.69,36.02,30.24,36.00,20.00,AUTO,0,44,NaN,-1.20,45.41,-0.04,44.18,NaN,NaN,NaN,NaN,NaN,NaN,NaN,NaN,NaN,NaN
548.69,36.02,30.24,36.00,20.00,AUTO,0,44,NaN,-1.20,45.41,-0.04,44.18,NaN,NaN,NaN,NaN,NaN,NaN,NaN,NaN,NaN,NaN
549.70,36.02,30.24,36.00,20.00,AUTO,0,44,NaN,-1.20,45.41,-0.04,44.18,NaN,NaN,NaN,NaN,NaN,NaN,NaN,NaN,NaN,NaN
550.70,36.02,30.24,36.00,20.00,AUTO,0,44,NaN,-1.20,45.41,-0.04,44.18,NaN,NaN,NaN,NaN,NaN,NaN,NaN,NaN,NaN,NaN
551.70,36.02,30.24,36.00,20.00,AUTO,0,44,NaN,-1.20,45.41,-0.04,44.18,NaN,NaN,NaN,NaN,NaN,NaN,NaN,NaN,NaN,NaN
552.70,36.02,30.24,36.00,20.00,AUTO,0,44,NaN,-1.20,45.41,-0.04,44.18,NaN,NaN,NaN,NaN,NaN,NaN,NaN,NaN,NaN,NaN
553.70,36.02,30.24,36.00,20.00,AUTO,0,44,NaN,-1.20,45.41,-0.04,44.18,NaN,NaN,NaN,NaN,NaN,NaN,NaN,NaN,NaN,NaN
554.70,36.02,30.24,36.00,20.00,AUTO,0,44,NaN,-1.20,45.41,-0.04,44.18,NaN,NaN,NaN,NaN,NaN,NaN,NaN,NaN,NaN,NaN
555.70,36.02,30.24,36.00,20.00,AUTO,0,44,NaN,-1.20,45.41,-0.04,44.18,NaN,NaN,NaN,NaN,NaN,NaN,NaN,NaN,NaN,NaN
556.71,35.99,30.24,36.00,20.00,AUTO,0,44,NaN,-1.20,45.27,0.00,44.07,NaN,NaN,NaN,NaN,NaN,NaN,NaN,NaN,NaN,NaN
557.71,35.99,30.24,36.00,20.00,AUTO,0,44,NaN,-1.20,45.27,0.00,44.07,NaN,NaN,NaN,NaN,NaN,NaN,NaN,NaN,NaN,NaN
558.71,35.99,30.29,36.00,20.00,AUTO,0,44,NaN,-1.20,45.27,0.00,44.07,NaN,NaN,NaN,NaN,NaN,NaN,NaN,NaN,NaN,NaN
559.71,35.99,30.29,36.00,20.00,AUTO,0,44,NaN,-1.20,45.27,0.00,44.07,NaN,NaN,NaN,NaN,NaN,NaN,NaN,NaN,NaN,NaN
560.71,35.99,30.29,36.00,20.00,AUTO,0,44,NaN,-1.20,45.27,0.00,44.07,NaN,NaN,NaN,NaN,NaN,NaN,NaN,NaN,NaN,NaN
561.71,35.99,30.29,36.00,20.00,AUTO,0,44,NaN,-1.20,45.27,0.00,44.07,NaN,NaN,NaN,NaN,NaN,NaN,NaN,NaN,NaN,NaN
562.72,35.99,30.29,36.00,20.00,AUTO,0,44,NaN,-1.20,45.27,0.00,44.07,NaN,NaN,NaN,NaN,NaN,NaN,NaN,NaN,NaN,NaN
563.72,36.02,30.29,36.00,20.00,AUTO,0,44,NaN,-1.20,45.27,0.00,44.07,NaN,NaN,NaN,NaN,NaN,NaN,NaN,NaN,NaN,NaN
564.72,36.02,30.29,36.00,20.00,AUTO,0,44,NaN,-1.20,45.27,0.00,44.07,NaN,NaN,NaN,NaN,NaN,NaN,NaN,NaN,NaN,NaN
565.72,36.02,30.29,36.00,20.00,AUTO,0,44,NaN,-1.20,45.27,0.00,44.07,NaN,NaN,NaN,NaN,NaN,NaN,NaN,NaN,NaN,NaN
566.72,36.02,30.29,36.00,20.00,AUTO,0,44,NaN,-1.20,45.27,0.00,44.07,NaN,NaN,NaN,NaN,NaN,NaN,NaN,NaN,NaN,NaN
567.72,36.02,30.29,36.00,20.00,AUTO,0,44,NaN,-1.20,45.27,0.00,44.07,NaN,NaN,NaN,NaN,NaN,NaN,NaN,NaN,NaN,NaN
568.73,36.02,30.29,36.00,20.00,AUTO,0,44,NaN,-1.20,45.27,0.00,44.07,NaN,NaN,NaN,NaN,NaN,NaN,NaN,NaN,NaN,NaN
569.72,36.02,30.29,36.00,20.00,AUTO,0,44,NaN,-1.20,45.27,0.00,44.07,NaN,NaN,NaN,NaN,NaN,NaN,NaN,NaN,NaN,NaN
570.73,36.02,30.29,36.00,20.00,AUTO,0,44,NaN,-1.20,45.27,0.00,44.07,NaN,NaN,NaN,NaN,NaN,NaN,NaN,NaN,NaN,NaN
571.73,35.97,30.32,36.00,20.00,AUTO,0,44,NaN,-1.20,45.22,-0.24,43.78,NaN,NaN,NaN,NaN,NaN,NaN,NaN,NaN,NaN,NaN
572.73,35.98,30.32,36.00,20.00,AUTO,0,44,NaN,-1.20,45.22,-0.24,43.78,NaN,NaN,NaN,NaN,NaN,NaN,NaN,NaN,NaN,NaN
573.73,35.97,30.32,36.00,20.00,AUTO,0,44,NaN,-1.20,45.22,-0.24,43.78,NaN,NaN,NaN,NaN,NaN,NaN,NaN,NaN,NaN,NaN
574.73,35.97,30.32,36.00,20.00,AUTO,0,44,NaN,-1.20,45.22,-0.24,43.78,NaN,NaN,NaN,NaN,NaN,NaN,NaN,NaN,NaN,NaN
575.74,35.97,30.32,36.00,20.00,AUTO,0,44,NaN,-1.20,45.22,-0.24,43.78,NaN,NaN,NaN,NaN,NaN,NaN,NaN,NaN,NaN,NaN
576.74,35.97,30.32,36.00,20.00,AUTO,0,44,NaN,-1.20,45.22,-0.24,43.78,NaN,NaN,NaN,NaN,NaN,NaN,NaN,NaN,NaN,NaN
577.74,35.97,30.32,36.00,20.00,AUTO,0,44,NaN,-1.20,45.22,-0.24,43.78,NaN,NaN,NaN,NaN,NaN,NaN,NaN,NaN,NaN,NaN
578.74,35.98,30.32,36.00,20.00,AUTO,0,44,NaN,-1.20,45.22,-0.24,43.78,NaN,NaN,NaN,NaN,NaN,NaN,NaN,NaN,NaN,NaN
579.74,35.99,30.32,36.00,20.00,AUTO,0,44,NaN,-1.20,45.22,-0.24,43.78,NaN,NaN,NaN,NaN,NaN,NaN,NaN,NaN,NaN,NaN
580.75,36.00,30.36,36.00,20.00,AUTO,0,44,NaN,-1.20,45.22,-0.24,43.78,NaN,NaN,NaN,NaN,NaN,NaN,NaN,NaN,NaN,NaN
581.75,36.02,30.36,36.00,20.00,AUTO,0,44,NaN,-1.20,45.22,-0.24,43.78,NaN,NaN,NaN,NaN,NaN,NaN,NaN,NaN,NaN,NaN
582.75,36.00,30.36,36.00,20.00,AUTO,0,44,NaN,-1.20,45.22,-0.24,43.78,NaN,NaN,NaN,NaN,NaN,NaN,NaN,NaN,NaN,NaN
583.75,35.99,30.36,36.00,20.00,AUTO,0,44,NaN,-1.20,45.22,-0.24,43.78,NaN,NaN,NaN,NaN,NaN,NaN,NaN,NaN,NaN,NaN
584.75,35.99,30.36,36.00,20.00,AUTO,0,44,NaN,-1.20,45.22,-0.24,43.78,NaN,NaN,NaN,NaN,NaN,NaN,NaN,NaN,NaN,NaN
585.75,36.00,30.36,36.00,20.00,AUTO,0,44,NaN,-1.20,45.22,-0.24,43.78,NaN,NaN,NaN,NaN,NaN,NaN,NaN,NaN,NaN,NaN
586.76,35.96,30.36,36.00,20.00,AUTO,0,46,NaN,0.30,45.35,0.45,46.10,NaN,NaN,NaN,NaN,NaN,NaN,NaN,NaN,NaN,NaN
587.75,35.96,30.36,36.00,20.00,AUTO,0,46,NaN,0.30,45.35,0.45,46.10,NaN,NaN,NaN,NaN,NaN,NaN,NaN,NaN,NaN,NaN
588.76,35.96,30.36,36.00,20.00,AUTO,0,46,NaN,0.30,45.35,0.45,46.10,NaN,NaN,NaN,NaN,NaN,NaN,NaN,NaN,NaN,NaN
589.76,35.96,30.36,36.00,20.00,AUTO,0,46,NaN,0.30,45.35,0.45,46.10,NaN,NaN,NaN,NaN,NaN,NaN,NaN,NaN,NaN,NaN
590.76,35.96,30.36,36.00,20.00,AUTO,0,46,NaN,0.30,45.35,0.45,46.10,NaN,NaN,NaN,NaN,NaN,NaN,NaN,NaN,NaN,NaN
591.76,35.96,30.36,36.00,20.00,AUTO,0,46,NaN,0.30,45.35,0.45,46.10,NaN,NaN,NaN,NaN,NaN,NaN,NaN,NaN,NaN,NaN
592.76,35.96,30.41,36.00,20.00,AUTO,0,46,NaN,0.30,45.35,0.45,46.10,NaN,NaN,NaN,NaN,NaN,NaN,NaN,NaN,NaN,NaN
593.76,35.97,30.41,36.00,20.00,AUTO,0,46,NaN,0.30,45.35,0.45,46.10,NaN,NaN,NaN,NaN,NaN,NaN,NaN,NaN,NaN,NaN
594.77,35.97,30.41,36.00,20.00,AUTO,0,46,NaN,0.30,45.35,0.45,46.10,NaN,NaN,NaN,NaN,NaN,NaN,NaN,NaN,NaN,NaN
595.77,35.97,30.41,36.00,20.00,AUTO,0,46,NaN,0.30,45.35,0.45,46.10,NaN,NaN,NaN,NaN,NaN,NaN,NaN,NaN,NaN,NaN
596.77,35.96,30.41,36.00,20.00,AUTO,0,46,NaN,0.30,45.35,0.45,46.10,NaN,NaN,NaN,NaN,NaN,NaN,NaN,NaN,NaN,NaN
597.77,35.96,30.45,36.00,20.00,AUTO,0,46,NaN,0.30,45.35,0.45,46.10,NaN,NaN,NaN,NaN,NaN,NaN,NaN,NaN,NaN,NaN
598.77,35.96,30.45,36.00,20.00,AUTO,0,46,NaN,0.30,45.35,0.45,46.10,NaN,NaN,NaN,NaN,NaN,NaN,NaN,NaN,NaN,NaN
599.78,35.96,30.45,36.00,20.00,AUTO,0,46,NaN,0.30,45.35,0.45,46.10,NaN,NaN,NaN,NaN,NaN,NaN,NaN,NaN,NaN,NaN
600.78,35.97,30.45,36.00,20.00,AUTO,0,46,NaN,0.30,45.35,0.45,46.10,NaN,NaN,NaN,NaN,NaN,NaN,NaN,NaN,NaN,NaN
601.78,35.94,30.45,36.00,20.00,AUTO,0,49,NaN,2.10,45.66,1.02,48.77,NaN,NaN,NaN,NaN,NaN,NaN,NaN,NaN,NaN,NaN
602.78,35.94,30.45,36.00,20.00,AUTO,0,49,NaN,2.10,45.66,1.02,48.77,NaN,NaN,NaN,NaN,NaN,NaN,NaN,NaN,NaN,NaN
603.78,35.94,30.45,36.00,20.00,AUTO,0,49,NaN,2.10,45.66,1.02,48.77,NaN,NaN,NaN,NaN,NaN,NaN,NaN,NaN,NaN,NaN
604.78,35.94,30.45,36.00,20.00,AUTO,0,49,NaN,2.10,45.66,1.02,48.77,NaN,NaN,NaN,NaN,NaN,NaN,NaN,NaN,NaN,NaN
605.78,35.94,30.45,36.00,20.00,AUTO,0,49,NaN,2.10,45.66,1.02,48.77,NaN,NaN,NaN,NaN,NaN,NaN,NaN,NaN,NaN,NaN
606.78,35.94,30.45,36.00,20.00,AUTO,0,49,NaN,2.10,45.66,1.02,48.77,NaN,NaN,NaN,NaN,NaN,NaN,NaN,NaN,NaN,NaN
607.79,35.94,30.45,36.00,20.00,AUTO,0,49,NaN,2.10,45.66,1.02,48.77,NaN,NaN,NaN,NaN,NaN,NaN,NaN,NaN,NaN,NaN
608.79,35.93,30.45,36.00,20.00,AUTO,0,49,NaN,2.10,45.66,1.02,48.77,NaN,NaN,NaN,NaN,NaN,NaN,NaN,NaN,NaN,NaN
609.79,35.96,30.45,36.00,20.00,AUTO,0,49,NaN,2.10,45.66,1.02,48.77,NaN,NaN,NaN,NaN,NaN,NaN,NaN,NaN,NaN,NaN
610.79,35.96,30.45,36.00,20.00,AUTO,0,49,NaN,2.10,45.66,1.02,48.77,NaN,NaN,NaN,NaN,NaN,NaN,NaN,NaN,NaN,NaN
611.79,35.95,30.45,36.00,20.00,AUTO,0,49,NaN,2.10,45.66,1.02,48.77,NaN,NaN,NaN,NaN,NaN,NaN,NaN,NaN,NaN,NaN
612.80,35.96,30.45,36.00,20.00,AUTO,0,49,NaN,2.10,45.66,1.02,48.77,NaN,NaN,NaN,NaN,NaN,NaN,NaN,NaN,NaN,NaN
613.80,35.95,30.48,36.00,20.00,AUTO,0,49,NaN,2.10,45.66,1.02,48.77,NaN,NaN,NaN,NaN,NaN,NaN,NaN,NaN,NaN,NaN
614.80,35.96,30.48,36.00,20.00,AUTO,0,49,NaN,2.10,45.66,1.02,48.77,NaN,NaN,NaN,NaN,NaN,NaN,NaN,NaN,NaN,NaN
615.80,35.96,30.48,36.00,20.00,AUTO,0,49,NaN,2.10,45.66,1.02,48.77,NaN,NaN,NaN,NaN,NaN,NaN,NaN,NaN,NaN,NaN
616.80,35.94,30.48,36.00,20.00,AUTO,0,49,NaN,2.40,46.09,0.04,48.53,NaN,NaN,NaN,NaN,NaN,NaN,NaN,NaN,NaN,NaN
617.80,35.93,30.48,36.00,20.00,AUTO,0,49,NaN,2.40,46.09,0.04,48.53,NaN,NaN,NaN,NaN,NaN,NaN,NaN,NaN,NaN,NaN
618.80,35.93,30.48,36.00,20.00,AUTO,0,49,NaN,2.40,46.09,0.04,48.53,NaN,NaN,NaN,NaN,NaN,NaN,NaN,NaN,NaN,NaN
619.80,35.93,30.48,36.00,20.00,AUTO,0,49,NaN,2.40,46.09,0.04,48.53,NaN,NaN,NaN,NaN,NaN,NaN,NaN,NaN,NaN,NaN
620.81,35.93,30.48,36.00,20.00,AUTO,0,49,NaN,2.40,46.09,0.04,48.53,NaN,NaN,NaN,NaN,NaN,NaN,NaN,NaN,NaN,NaN
621.81,35.93,30.48,36.00,20.00,AUTO,0,49,NaN,2.40,46.09,0.04,48.53,NaN,NaN,NaN,NaN,NaN,NaN,NaN,NaN,NaN,NaN
622.81,35.92,30.48,36.00,20.00,AUTO,0,49,NaN,2.40,46.09,0.04,48.53,NaN,NaN,NaN,NaN,NaN,NaN,NaN,NaN,NaN,NaN
623.81,35.92,30.53,36.00,20.00,AUTO,0,49,NaN,2.40,46.09,0.04,48.53,NaN,NaN,NaN,NaN,NaN,NaN,NaN,NaN,NaN,NaN
624.81,35.94,30.53,36.00,20.00,AUTO,0,49,NaN,2.40,46.09,0.04,48.53,NaN,NaN,NaN,NaN,NaN,NaN,NaN,NaN,NaN,NaN
625.81,35.93,30.53,36.00,20.00,AUTO,0,49,NaN,2.40,46.09,0.04,48.53,NaN,NaN,NaN,NaN,NaN,NaN,NaN,NaN,NaN,NaN
626.82,35.93,30.53,36.00,20.00,AUTO,0,49,NaN,2.40,46.09,0.04,48.53,NaN,NaN,NaN,NaN,NaN,NaN,NaN,NaN,NaN,NaN
627.82,35.93,30.53,36.00,20.00,AUTO,0,49,NaN,2.40,46.09,0.04,48.53,NaN,NaN,NaN,NaN,NaN,NaN,NaN,NaN,NaN,NaN
628.82,35.94,30.53,36.00,20.00,AUTO,0,49,NaN,2.40,46.09,0.04,48.53,NaN,NaN,NaN,NaN,NaN,NaN,NaN,NaN,NaN,NaN
629.82,35.94,30.53,36.00,20.00,AUTO,0,49,NaN,2.40,46.09,0.04,48.53,NaN,NaN,NaN,NaN,NaN,NaN,NaN,NaN,NaN,NaN
630.82,35.93,30.53,36.00,20.00,AUTO,0,49,NaN,2.40,46.09,0.04,48.53,NaN,NaN,NaN,NaN,NaN,NaN,NaN,NaN,NaN,NaN
631.83,35.90,30.53,36.00,20.00,AUTO,0,51,NaN,3.90,46.66,0.64,51.19,NaN,NaN,NaN,NaN,NaN,NaN,NaN,NaN,NaN,NaN
632.83,35.90,30.53,36.00,20.00,AUTO,0,51,NaN,3.90,46.66,0.64,51.19,NaN,NaN,NaN,NaN,NaN,NaN,NaN,NaN,NaN,NaN
633.83,35.90,30.57,36.00,20.00,AUTO,0,51,NaN,3.90,46.66,0.64,51.19,NaN,NaN,NaN,NaN,NaN,NaN,NaN,NaN,NaN,NaN
634.83,35.90,30.53,36.00,20.00,AUTO,0,51,NaN,3.90,46.66,0.64,51.19,NaN,NaN,NaN,NaN,NaN,NaN,NaN,NaN,NaN,NaN
635.83,35.90,30.57,36.00,20.00,AUTO,0,51,NaN,3.90,46.66,0.64,51.19,NaN,NaN,NaN,NaN,NaN,NaN,NaN,NaN,NaN,NaN
636.83,35.90,30.57,36.00,20.00,AUTO,0,51,NaN,3.90,46.66,0.64,51.19,NaN,NaN,NaN,NaN,NaN,NaN,NaN,NaN,NaN,NaN
637.83,35.90,30.57,36.00,20.00,AUTO,0,51,NaN,3.90,46.66,0.64,51.19,NaN,NaN,NaN,NaN,NaN,NaN,NaN,NaN,NaN,NaN
638.83,35.90,30.57,36.00,20.00,AUTO,0,51,NaN,3.90,46.66,0.64,51.19,NaN,NaN,NaN,NaN,NaN,NaN,NaN,NaN,NaN,NaN
639.84,35.92,30.57,36.00,20.00,AUTO,0,51,NaN,3.90,46.66,0.64,51.19,NaN,NaN,NaN,NaN,NaN,NaN,NaN,NaN,NaN,NaN
640.84,35.93,30.57,36.00,20.00,AUTO,0,51,NaN,3.90,46.66,0.64,51.19,NaN,NaN,NaN,NaN,NaN,NaN,NaN,NaN,NaN,NaN
641.84,35.93,30.57,36.00,20.00,AUTO,0,51,NaN,3.90,46.66,0.64,51.19,NaN,NaN,NaN,NaN,NaN,NaN,NaN,NaN,NaN,NaN
642.84,35.93,30.57,36.00,20.00,AUTO,0,51,NaN,3.90,46.66,0.64,51.19,NaN,NaN,NaN,NaN,NaN,NaN,NaN,NaN,NaN,NaN
643.84,35.93,30.57,36.00,20.00,AUTO,0,51,NaN,3.90,46.66,0.64,51.19,NaN,NaN,NaN,NaN,NaN,NaN,NaN,NaN,NaN,NaN
644.85,35.93,30.57,36.00,20.00,AUTO,0,51,NaN,3.90,46.66,0.64,51.19,NaN,NaN,NaN,NaN,NaN,NaN,NaN,NaN,NaN,NaN
645.85,35.93,30.61,36.00,20.00,AUTO,0,51,NaN,3.90,46.66,0.64,51.19,NaN,NaN,NaN,NaN,NaN,NaN,NaN,NaN,NaN,NaN
646.85,35.90,30.61,36.00,20.00,AUTO,0,52,NaN,4.20,47.37,-0.05,51.52,NaN,NaN,NaN,NaN,NaN,NaN,NaN,NaN,NaN,NaN
647.85,35.90,30.61,36.00,20.00,AUTO,0,52,NaN,4.20,47.37,-0.05,51.52,NaN,NaN,NaN,NaN,NaN,NaN,NaN,NaN,NaN,NaN
648.85,35.90,30.61,36.00,20.00,AUTO,0,52,NaN,4.20,47.37,-0.05,51.52,NaN,NaN,NaN,NaN,NaN,NaN,NaN,NaN,NaN,NaN
649.85,35.90,30.61,36.00,20.00,AUTO,0,52,NaN,4.20,47.37,-0.05,51.52,NaN,NaN,NaN,NaN,NaN,NaN,NaN,NaN,NaN,NaN
650.85,35.90,30.61,36.00,20.00,AUTO,0,52,NaN,4.20,47.37,-0.05,51.52,NaN,NaN,NaN,NaN,NaN,NaN,NaN,NaN,NaN,NaN
651.85,35.90,30.61,36.00,20.00,AUTO,0,52,NaN,4.20,47.37,-0.05,51.52,NaN,NaN,NaN,NaN,NaN,NaN,NaN,NaN,NaN,NaN
652.86,35.90,30.61,36.00,20.00,AUTO,0,52,NaN,4.20,47.37,-0.05,51.52,NaN,NaN,NaN,NaN,NaN,NaN,NaN,NaN,NaN,NaN
653.86,35.90,30.61,36.00,20.00,AUTO,0,52,NaN,4.20,47.37,-0.05,51.52,NaN,NaN,NaN,NaN,NaN,NaN,NaN,NaN,NaN,NaN
654.86,35.93,30.61,36.00,20.00,AUTO,0,52,NaN,4.20,47.37,-0.05,51.52,NaN,NaN,NaN,NaN,NaN,NaN,NaN,NaN,NaN,NaN
655.86,35.93,30.61,36.00,20.00,AUTO,0,52,NaN,4.20,47.37,-0.05,51.52,NaN,NaN,NaN,NaN,NaN,NaN,NaN,NaN,NaN,NaN
656.86,35.93,30.61,36.00,20.00,AUTO,0,52,NaN,4.20,47.37,-0.05,51.52,NaN,NaN,NaN,NaN,NaN,NaN,NaN,NaN,NaN,NaN
657.87,35.94,30.61,36.00,20.00,AUTO,0,52,NaN,4.20,47.37,-0.05,51.52,NaN,NaN,NaN,NaN,NaN,NaN,NaN,NaN,NaN,NaN
658.87,35.94,30.61,36.00,20.00,AUTO,0,52,NaN,4.20,47.37,-0.05,51.52,NaN,NaN,NaN,NaN,NaN,NaN,NaN,NaN,NaN,NaN
659.87,35.94,30.61,36.00,20.00,AUTO,0,52,NaN,4.20,47.37,-0.05,51.52,NaN,NaN,NaN,NaN,NaN,NaN,NaN,NaN,NaN,NaN
660.87,35.95,30.61,36.00,20.00,AUTO,0,52,NaN,4.20,47.37,-0.05,51.52,NaN,NaN,NaN,NaN,NaN,NaN,NaN,NaN,NaN,NaN
661.87,35.93,30.61,36.00,20.00,AUTO,0,51,NaN,3.30,48.05,-0.49,50.86,NaN,NaN,NaN,NaN,NaN,NaN,NaN,NaN,NaN,NaN
662.87,35.93,30.61,36.00,20.00,AUTO,0,51,NaN,3.30,48.05,-0.49,50.86,NaN,NaN,NaN,NaN,NaN,NaN,NaN,NaN,NaN,NaN
663.88,35.93,30.61,36.00,20.00,AUTO,0,51,NaN,3.30,48.05,-0.49,50.86,NaN,NaN,NaN,NaN,NaN,NaN,NaN,NaN,NaN,NaN
664.88,35.93,30.61,36.00,20.00,AUTO,0,51,NaN,3.30,48.05,-0.49,50.86,NaN,NaN,NaN,NaN,NaN,NaN,NaN,NaN,NaN,NaN
665.88,35.93,30.61,36.00,20.00,AUTO,0,51,NaN,3.30,48.05,-0.49,50.86,NaN,NaN,NaN,NaN,NaN,NaN,NaN,NaN,NaN,NaN
666.88,35.93,30.61,36.00,20.00,AUTO,0,51,NaN,3.30,48.05,-0.49,50.86,NaN,NaN,NaN,NaN,NaN,NaN,NaN,NaN,NaN,NaN
667.88,35.93,30.61,36.00,20.00,AUTO,0,51,NaN,3.30,48.05,-0.49,50.86,NaN,NaN,NaN,NaN,NaN,NaN,NaN,NaN,NaN,NaN
668.88,35.94,30.61,36.00,20.00,AUTO,0,51,NaN,3.30,48.05,-0.49,50.86,NaN,NaN,NaN,NaN,NaN,NaN,NaN,NaN,NaN,NaN
669.88,35.96,30.61,36.00,20.00,AUTO,0,51,NaN,3.30,48.05,-0.49,50.86,NaN,NaN,NaN,NaN,NaN,NaN,NaN,NaN,NaN,NaN
670.88,35.96,30.61,36.00,20.00,AUTO,0,51,NaN,3.30,48.05,-0.49,50.86,NaN,NaN,NaN,NaN,NaN,NaN,NaN,NaN,NaN,NaN
671.89,35.97,30.61,36.00,20.00,AUTO,0,51,NaN,3.30,48.05,-0.49,50.86,NaN,NaN,NaN,NaN,NaN,NaN,NaN,NaN,NaN,NaN
672.89,35.97,30.61,36.00,20.00,AUTO,0,51,NaN,3.30,48.05,-0.49,50.86,NaN,NaN,NaN,NaN,NaN,NaN,NaN,NaN,NaN,NaN
673.89,35.97,30.61,36.00,20.00,AUTO,0,51,NaN,3.30,48.05,-0.49,50.86,NaN,NaN,NaN,NaN,NaN,NaN,NaN,NaN,NaN,NaN
674.89,35.98,30.61,36.00,20.00,AUTO,0,51,NaN,3.30,48.05,-0.49,50.86,NaN,NaN,NaN,NaN,NaN,NaN,NaN,NaN,NaN,NaN
675.89,35.98,30.61,36.00,20.00,AUTO,0,51,NaN,3.30,48.05,-0.49,50.86,NaN,NaN,NaN,NaN,NaN,NaN,NaN,NaN,NaN,NaN
676.90,35.96,30.61,36.00,20.00,AUTO,0,48,NaN,1.20,48.47,-1.21,48.46,NaN,NaN,NaN,NaN,NaN,NaN,NaN,NaN,NaN,NaN
677.90,35.96,30.61,36.00,20.00,AUTO,0,48,NaN,1.20,48.47,-1.21,48.46,NaN,NaN,NaN,NaN,NaN,NaN,NaN,NaN,NaN,NaN
678.90,35.96,30.61,36.00,20.00,AUTO,0,48,NaN,1.20,48.47,-1.21,48.46,NaN,NaN,NaN,NaN,NaN,NaN,NaN,NaN,NaN,NaN
679.90,35.97,30.61,36.00,20.00,AUTO,0,48,NaN,1.20,48.47,-1.21,48.46,NaN,NaN,NaN,NaN,NaN,NaN,NaN,NaN,NaN,NaN
680.90,35.96,30.61,36.00,20.00,AUTO,0,48,NaN,1.20,48.47,-1.21,48.46,NaN,NaN,NaN,NaN,NaN,NaN,NaN,NaN,NaN,NaN
681.90,35.97,30.61,36.00,20.00,AUTO,0,48,NaN,1.20,48.47,-1.21,48.46,NaN,NaN,NaN,NaN,NaN,NaN,NaN,NaN,NaN,NaN
682.91,35.97,30.61,36.00,20.00,AUTO,0,48,NaN,1.20,48.47,-1.21,48.46,NaN,NaN,NaN,NaN,NaN,NaN,NaN,NaN,NaN,NaN
683.91,35.97,30.61,36.00,20.00,AUTO,0,48,NaN,1.20,48.47,-1.21,48.46,NaN,NaN,NaN,NaN,NaN,NaN,NaN,NaN,NaN,NaN
684.91,36.00,30.61,36.00,20.00,AUTO,0,48,NaN,1.20,48.47,-1.21,48.46,NaN,NaN,NaN,NaN,NaN,NaN,NaN,NaN,NaN,NaN
685.91,36.02,30.61,36.00,20.00,AUTO,0,48,NaN,1.20,48.47,-1.21,48.46,NaN,NaN,NaN,NaN,NaN,NaN,NaN,NaN,NaN,NaN
686.91,36.00,30.61,36.00,20.00,AUTO,0,48,NaN,1.20,48.47,-1.21,48.46,NaN,NaN,NaN,NaN,NaN,NaN,NaN,NaN,NaN,NaN
687.91,36.02,30.61,36.00,20.00,AUTO,0,48,NaN,1.20,48.47,-1.21,48.46,NaN,NaN,NaN,NaN,NaN,NaN,NaN,NaN,NaN,NaN
688.91,36.02,30.61,36.00,20.00,AUTO,0,48,NaN,1.20,48.47,-1.21,48.46,NaN,NaN,NaN,NaN,NaN,NaN,NaN,NaN,NaN,NaN
689.92,36.02,30.61,36.00,20.00,AUTO,0,48,NaN,1.20,48.47,-1.21,48.46,NaN,NaN,NaN,NaN,NaN,NaN,NaN,NaN,NaN,NaN
690.92,36.02,30.61,36.00,20.00,AUTO,0,48,NaN,1.20,48.47,-1.21,48.46,NaN,NaN,NaN,NaN,NaN,NaN,NaN,NaN,NaN,NaN
691.92,36.00,30.61,36.00,20.00,AUTO,0,46,NaN,-1.20,48.57,-1.57,45.80,NaN,NaN,NaN,NaN,NaN,NaN,NaN,NaN,NaN,NaN
692.92,36.00,30.61,36.00,20.00,AUTO,0,46,NaN,-1.20,48.57,-1.57,45.80,NaN,NaN,NaN,NaN,NaN,NaN,NaN,NaN,NaN,NaN
693.92,36.00,30.61,36.00,20.00,AUTO,0,46,NaN,-1.20,48.57,-1.57,45.80,NaN,NaN,NaN,NaN,NaN,NaN,NaN,NaN,NaN,NaN
694.92,35.99,30.61,36.00,20.00,AUTO,0,46,NaN,-1.20,48.57,-1.57,45.80,NaN,NaN,NaN,NaN,NaN,NaN,NaN,NaN,NaN,NaN
695.93,36.00,30.61,36.00,20.00,AUTO,0,46,NaN,-1.20,48.57,-1.57,45.80,NaN,NaN,NaN,NaN,NaN,NaN,NaN,NaN,NaN,NaN
696.93,36.00,30.61,36.00,20.00,AUTO,0,46,NaN,-1.20,48.57,-1.57,45.80,NaN,NaN,NaN,NaN,NaN,NaN,NaN,NaN,NaN,NaN
697.93,36.02,30.61,36.00,20.00,AUTO,0,46,NaN,-1.20,48.57,-1.57,45.80,NaN,NaN,NaN,NaN,NaN,NaN,NaN,NaN,NaN,NaN
698.93,36.02,30.61,36.00,20.00,AUTO,0,46,NaN,-1.20,48.57,-1.57,45.80,NaN,NaN,NaN,NaN,NaN,NaN,NaN,NaN,NaN,NaN
699.93,36.02,30.61,36.00,20.00,AUTO,0,46,NaN,-1.20,48.57,-1.57,45.80,NaN,NaN,NaN,NaN,NaN,NaN,NaN,NaN,NaN,NaN
700.94,36.02,30.61,36.00,20.00,AUTO,0,46,NaN,-1.20,48.57,-1.57,45.80,NaN,NaN,NaN,NaN,NaN,NaN,NaN,NaN,NaN,NaN
701.93,36.02,30.61,36.00,20.00,AUTO,0,46,NaN,-1.20,48.57,-1.57,45.80,NaN,NaN,NaN,NaN,NaN,NaN,NaN,NaN,NaN,NaN
702.94,36.02,30.61,36.00,20.00,AUTO,0,46,NaN,-1.20,48.57,-1.57,45.80,NaN,NaN,NaN,NaN,NaN,NaN,NaN,NaN,NaN,NaN
703.94,36.02,30.61,36.00,20.00,AUTO,0,46,NaN,-1.20,48.57,-1.57,45.80,NaN,NaN,NaN,NaN,NaN,NaN,NaN,NaN,NaN,NaN
704.94,36.02,30.61,36.00,20.00,AUTO,0,46,NaN,-1.20,48.57,-1.57,45.80,NaN,NaN,NaN,NaN,NaN,NaN,NaN,NaN,NaN,NaN
705.94,36.02,30.61,36.00,20.00,AUTO,0,46,NaN,-1.20,48.57,-1.57,45.80,NaN,NaN,NaN,NaN,NaN,NaN,NaN,NaN,NaN,NaN
706.94,36.02,30.61,36.00,20.00,AUTO,0,47,NaN,-1.20,48.48,-0.33,46.94,NaN,NaN,NaN,NaN,NaN,NaN,NaN,NaN,NaN,NaN
707.94,36.02,30.64,36.00,20.00,AUTO,0,47,NaN,-1.20,48.48,-0.33,46.94,NaN,NaN,NaN,NaN,NaN,NaN,NaN,NaN,NaN,NaN
708.95,36.02,30.61,36.00,20.00,AUTO,0,47,NaN,-1.20,48.48,-0.33,46.94,NaN,NaN,NaN,NaN,NaN,NaN,NaN,NaN,NaN,NaN
709.95,36.02,30.61,36.00,20.00,AUTO,0,47,NaN,-1.20,48.48,-0.33,46.94,NaN,NaN,NaN,NaN,NaN,NaN,NaN,NaN,NaN,NaN
710.95,36.02,30.61,36.00,20.00,AUTO,0,47,NaN,-1.20,48.48,-0.33,46.94,NaN,NaN,NaN,NaN,NaN,NaN,NaN,NaN,NaN,NaN
711.95,36.02,30.64,36.00,20.00,AUTO,0,47,NaN,-1.20,48.48,-0.33,46.94,NaN,NaN,NaN,NaN,NaN,NaN,NaN,NaN,NaN,NaN
712.95,36.02,30.64,36.00,20.00,AUTO,0,47,NaN,-1.20,48.48,-0.33,46.94,NaN,NaN,NaN,NaN,NaN,NaN,NaN,NaN,NaN,NaN
713.95,36.02,30.64,36.00,20.00,AUTO,0,47,NaN,-1.20,48.48,-0.33,46.94,NaN,NaN,NaN,NaN,NaN,NaN,NaN,NaN,NaN,NaN
714.95,36.02,30.64,36.00,20.00,AUTO,0,47,NaN,-1.20,48.48,-0.33,46.94,NaN,NaN,NaN,NaN,NaN,NaN,NaN,NaN,NaN,NaN
715.96,36.02,30.64,36.00,20.00,AUTO,0,47,NaN,-1.20,48.48,-0.33,46.94,NaN,NaN,NaN,NaN,NaN,NaN,NaN,NaN,NaN,NaN
716.96,36.02,30.64,36.00,20.00,AUTO,0,47,NaN,-1.20,48.48,-0.33,46.94,NaN,NaN,NaN,NaN,NaN,NaN,NaN,NaN,NaN,NaN
717.96,36.02,30.64,36.00,20.00,AUTO,0,47,NaN,-1.20,48.48,-0.33,46.94,NaN,NaN,NaN,NaN,NaN,NaN,NaN,NaN,NaN,NaN
718.96,36.02,30.64,36.00,20.00,AUTO,0,47,NaN,-1.20,48.48,-0.33,46.94,NaN,NaN,NaN,NaN,NaN,NaN,NaN,NaN,NaN,NaN
719.96,36.02,30.64,36.00,20.00,AUTO,0,47,NaN,-1.20,48.48,-0.33,46.94,NaN,NaN,NaN,NaN,NaN,NaN,NaN,NaN,NaN,NaN
720.96,36.02,30.64,36.00,20.00,AUTO,0,47,NaN,-1.20,48.48,-0.33,46.94,NaN,NaN,NaN,NaN,NaN,NaN,NaN,NaN,NaN,NaN
721.97,36.02,30.64,36.00,20.00,AUTO,0,47,NaN,-1.20,48.31,0.00,47.11,NaN,NaN,NaN,NaN,NaN,NaN,NaN,NaN,NaN,NaN
722.97,36.02,30.64,36.00,20.00,AUTO,0,47,NaN,-1.20,48.31,0.00,47.11,NaN,NaN,NaN,NaN,NaN,NaN,NaN,NaN,NaN,NaN
723.97,36.02,30.64,36.00,20.00,AUTO,0,47,NaN,-1.20,48.31,0.00,47.11,NaN,NaN,NaN,NaN,NaN,NaN,NaN,NaN,NaN,NaN
724.97,36.02,30.64,36.00,20.00,AUTO,0,47,NaN,-1.20,48.31,0.00,47.11,NaN,NaN,NaN,NaN,NaN,NaN,NaN,NaN,NaN,NaN
725.97,36.02,30.64,36.00,20.00,AUTO,0,47,NaN,-1.20,48.31,0.00,47.11,NaN,NaN,NaN,NaN,NaN,NaN,NaN,NaN,NaN,NaN
726.98,36.02,30.64,36.00,20.00,AUTO,0,47,NaN,-1.20,48.31,0.00,47.11,NaN,NaN,NaN,NaN,NaN,NaN,NaN,NaN,NaN,NaN
727.98,36.02,30.64,36.00,20.00,AUTO,0,47,NaN,-1.20,48.31,0.00,47.11,NaN,NaN,NaN,NaN,NaN,NaN,NaN,NaN,NaN,NaN
728.98,36.02,30.64,36.00,20.00,AUTO,0,47,NaN,-1.20,48.31,0.00,47.11,NaN,NaN,NaN,NaN,NaN,NaN,NaN,NaN,NaN,NaN
729.98,36.02,30.64,36.00,20.00,AUTO,0,47,NaN,-1.20,48.31,0.00,47.11,NaN,NaN,NaN,NaN,NaN,NaN,NaN,NaN,NaN,NaN
730.98,36.02,30.64,36.00,20.00,AUTO,0,47,NaN,-1.20,48.31,0.00,47.11,NaN,NaN,NaN,NaN,NaN,NaN,NaN,NaN,NaN,NaN
731.98,36.02,30.64,36.00,20.00,AUTO,0,47,NaN,-1.20,48.31,0.00,47.11,NaN,NaN,NaN,NaN,NaN,NaN,NaN,NaN,NaN,NaN
732.98,36.02,30.64,36.00,20.00,AUTO,0,47,NaN,-1.20,48.31,0.00,47.11,NaN,NaN,NaN,NaN,NaN,NaN,NaN,NaN,NaN,NaN
733.98,36.02,30.64,36.00,20.00,AUTO,0,47,NaN,-1.20,48.31,0.00,47.11,NaN,NaN,NaN,NaN,NaN,NaN,NaN,NaN,NaN,NaN
734.99,36.02,30.64,36.00,20.00,AUTO,0,47,NaN,-1.20,48.31,0.00,47.11,NaN,NaN,NaN,NaN,NaN,NaN,NaN,NaN,NaN,NaN
735.99,36.02,30.64,36.00,20.00,AUTO,0,47,NaN,-1.20,48.31,0.00,47.11,NaN,NaN,NaN,NaN,NaN,NaN,NaN,NaN,NaN,NaN
736.99,36.02,30.64,36.00,20.00,AUTO,0,47,NaN,-1.20,48.15,0.00,46.95,NaN,NaN,NaN,NaN,NaN,NaN,NaN,NaN,NaN,NaN
737.99,36.02,30.64,36.00,20.00,AUTO,0,47,NaN,-1.20,48.15,0.00,46.95,NaN,NaN,NaN,NaN,NaN,NaN,NaN,NaN,NaN,NaN
738.99,36.02,30.64,36.00,20.00,AUTO,0,47,NaN,-1.20,48.15,0.00,46.95,NaN,NaN,NaN,NaN,NaN,NaN,NaN,NaN,NaN,NaN
739.99,36.02,30.64,36.00,20.00,AUTO,0,47,NaN,-1.20,48.15,0.00,46.95,NaN,NaN,NaN,NaN,NaN,NaN,NaN,NaN,NaN,NaN
741.00,36.02,30.64,36.00,20.00,AUTO,0,47,NaN,-1.20,48.15,0.00,46.95,NaN,NaN,NaN,NaN,NaN,NaN,NaN,NaN,NaN,NaN
742.00,36.02,30.64,36.00,20.00,AUTO,0,47,NaN,-1.20,48.15,0.00,46.95,NaN,NaN,NaN,NaN,NaN,NaN,NaN,NaN,NaN,NaN
743.00,36.02,30.64,36.00,20.00,AUTO,0,47,NaN,-1.20,48.15,0.00,46.95,NaN,NaN,NaN,NaN,NaN,NaN,NaN,NaN,NaN,NaN
744.00,36.03,30.66,36.00,20.00,AUTO,0,47,NaN,-1.20,48.15,0.00,46.95,NaN,NaN,NaN,NaN,NaN,NaN,NaN,NaN,NaN,NaN
745.00,36.02,30.66,36.00,20.00,AUTO,0,47,NaN,-1.20,48.15,0.00,46.95,NaN,NaN,NaN,NaN,NaN,NaN,NaN,NaN,NaN,NaN
746.01,36.03,30.64,36.00,20.00,AUTO,0,47,NaN,-1.20,48.15,0.00,46.95,NaN,NaN,NaN,NaN,NaN,NaN,NaN,NaN,NaN,NaN
747.00,36.03,30.66,36.00,20.00,AUTO,0,47,NaN,-1.20,48.15,0.00,46.95,NaN,NaN,NaN,NaN,NaN,NaN,NaN,NaN,NaN,NaN
748.01,36.03,30.74,36.00,20.00,AUTO,0,47,NaN,-1.20,48.15,0.00,46.95,NaN,NaN,NaN,NaN,NaN,NaN,NaN,NaN,NaN,NaN
749.01,36.02,30.66,36.00,20.00,AUTO,0,47,NaN,-1.20,48.15,0.00,46.95,NaN,NaN,NaN,NaN,NaN,NaN,NaN,NaN,NaN,NaN
750.01,36.03,30.73,36.00,20.00,AUTO,0,47,NaN,-1.20,48.15,0.00,46.95,NaN,NaN,NaN,NaN,NaN,NaN,NaN,NaN,NaN,NaN
751.01,36.02,30.73,36.00,20.00,AUTO,0,47,NaN,-1.20,48.15,0.00,46.95,NaN,NaN,NaN,NaN,NaN,NaN,NaN,NaN,NaN,NaN
752.01,36.02,30.73,36.00,20.00,AUTO,0,46,NaN,-1.50,47.95,-0.21,46.25,NaN,NaN,NaN,NaN,NaN,NaN,NaN,NaN,NaN,NaN
753.01,36.02,30.73,36.00,20.00,AUTO,0,46,NaN,-1.50,47.95,-0.21,46.25,NaN,NaN,NaN,NaN,NaN,NaN,NaN,NaN,NaN,NaN
754.02,36.02,30.73,36.00,20.00,AUTO,0,46,NaN,-1.50,47.95,-0.21,46.25,NaN,NaN,NaN,NaN,NaN,NaN,NaN,NaN,NaN,NaN
755.02,36.02,30.73,36.00,20.00,AUTO,0,46,NaN,-1.50,47.95,-0.21,46.25,NaN,NaN,NaN,NaN,NaN,NaN,NaN,NaN,NaN,NaN
756.02,36.02,30.73,36.00,20.00,AUTO,0,46,NaN,-1.50,47.95,-0.21,46.25,NaN,NaN,NaN,NaN,NaN,NaN,NaN,NaN,NaN,NaN
757.02,36.02,30.73,36.00,20.00,AUTO,0,46,NaN,-1.50,47.95,-0.21,46.25,NaN,NaN,NaN,NaN,NaN,NaN,NaN,NaN,NaN,NaN
758.02,36.02,30.73,36.00,20.00,AUTO,0,46,NaN,-1.50,47.95,-0.21,46.25,NaN,NaN,NaN,NaN,NaN,NaN,NaN,NaN,NaN,NaN
759.03,36.02,30.73,36.00,20.00,AUTO,0,46,NaN,-1.50,47.95,-0.21,46.25,NaN,NaN,NaN,NaN,NaN,NaN,NaN,NaN,NaN,NaN
760.03,36.02,30.77,36.00,20.00,AUTO,0,46,NaN,-1.50,47.95,-0.21,46.25,NaN,NaN,NaN,NaN,NaN,NaN,NaN,NaN,NaN,NaN
761.03,36.02,30.77,36.00,20.00,AUTO,0,46,NaN,-1.50,47.95,-0.21,46.25,NaN,NaN,NaN,NaN,NaN,NaN,NaN,NaN,NaN,NaN
762.03,36.02,30.77,36.00,20.00,AUTO,0,46,NaN,-1.50,47.95,-0.21,46.25,NaN,NaN,NaN,NaN,NaN,NaN,NaN,NaN,NaN,NaN
763.03,36.02,30.77,36.00,20.00,AUTO,0,46,NaN,-1.50,47.95,-0.21,46.25,NaN,NaN,NaN,NaN,NaN,NaN,NaN,NaN,NaN,NaN
764.03,36.02,30.77,36.00,20.00,AUTO,0,46,NaN,-1.50,47.95,-0.21,46.25,NaN,NaN,NaN,NaN,NaN,NaN,NaN,NaN,NaN,NaN
765.04,36.02,30.77,36.00,20.00,AUTO,0,46,NaN,-1.50,47.95,-0.21,46.25,NaN,NaN,NaN,NaN,NaN,NaN,NaN,NaN,NaN,NaN
766.03,36.02,30.77,36.00,20.00,AUTO,0,46,NaN,-1.50,47.95,-0.21,46.25,NaN,NaN,NaN,NaN,NaN,NaN,NaN,NaN,NaN,NaN
767.04,36.02,30.77,36.00,20.00,AUTO,0,47,NaN,-1.20,47.79,0.18,46.77,NaN,NaN,NaN,NaN,NaN,NaN,NaN,NaN,NaN,NaN
768.04,36.02,30.77,36.00,20.00,AUTO,0,47,NaN,-1.20,47.79,0.18,46.77,NaN,NaN,NaN,NaN,NaN,NaN,NaN,NaN,NaN,NaN
769.04,36.02,30.77,36.00,20.00,AUTO,0,47,NaN,-1.20,47.79,0.18,46.77,NaN,NaN,NaN,NaN,NaN,NaN,NaN,NaN,NaN,NaN
770.04,36.02,30.77,36.00,20.00,AUTO,0,47,NaN,-1.20,47.79,0.18,46.77,NaN,NaN,NaN,NaN,NaN,NaN,NaN,NaN,NaN,NaN
771.04,36.02,30.77,36.00,20.00,AUTO,0,47,NaN,-1.20,47.79,0.18,46.77,NaN,NaN,NaN,NaN,NaN,NaN,NaN,NaN,NaN,NaN
772.04,36.02,30.77,36.00,20.00,AUTO,0,47,NaN,-1.20,47.79,0.18,46.77,NaN,NaN,NaN,NaN,NaN,NaN,NaN,NaN,NaN,NaN
773.05,36.02,30.77,36.00,20.00,AUTO,0,47,NaN,-1.20,47.79,0.18,46.77,NaN,NaN,NaN,NaN,NaN,NaN,NaN,NaN,NaN,NaN
774.05,36.02,30.77,36.00,20.00,AUTO,0,47,NaN,-1.20,47.79,0.18,46.77,NaN,NaN,NaN,NaN,NaN,NaN,NaN,NaN,NaN,NaN
775.05,36.02,30.77,36.00,20.00,AUTO,0,47,NaN,-1.20,47.79,0.18,46.77,NaN,NaN,NaN,NaN,NaN,NaN,NaN,NaN,NaN,NaN
776.05,36.02,30.77,36.00,20.00,AUTO,0,47,NaN,-1.20,47.79,0.18,46.77,NaN,NaN,NaN,NaN,NaN,NaN,NaN,NaN,NaN,NaN
777.05,36.03,30.77,36.00,20.00,AUTO,0,47,NaN,-1.20,47.79,0.18,46.77,NaN,NaN,NaN,NaN,NaN,NaN,NaN,NaN,NaN,NaN
778.06,36.03,30.78,36.00,20.00,AUTO,0,47,NaN,-1.20,47.79,0.18,46.77,NaN,NaN,NaN,NaN,NaN,NaN,NaN,NaN,NaN,NaN
779.06,36.03,30.78,36.00,20.00,AUTO,0,47,NaN,-1.20,47.79,0.18,46.77,NaN,NaN,NaN,NaN,NaN,NaN,NaN,NaN,NaN,NaN
780.06,36.03,30.78,36.00,20.00,AUTO,0,47,NaN,-1.20,47.79,0.18,46.77,NaN,NaN,NaN,NaN,NaN,NaN,NaN,NaN,NaN,NaN
781.06,36.03,30.78,36.00,20.00,AUTO,0,47,NaN,-1.20,47.79,0.18,46.77,NaN,NaN,NaN,NaN,NaN,NaN,NaN,NaN,NaN,NaN
782.06,36.02,30.77,36.00,20.00,AUTO,0,46,NaN,-1.80,47.60,-0.28,45.52,NaN,NaN,NaN,NaN,NaN,NaN,NaN,NaN,NaN,NaN
783.06,36.02,30.77,36.00,20.00,AUTO,0,46,NaN,-1.80,47.60,-0.28,45.52,NaN,NaN,NaN,NaN,NaN,NaN,NaN,NaN,NaN,NaN
784.06,36.02,30.77,36.00,20.00,AUTO,0,46,NaN,-1.80,47.60,-0.28,45.52,NaN,NaN,NaN,NaN,NaN,NaN,NaN,NaN,NaN,NaN
785.06,36.02,30.77,36.00,20.00,AUTO,0,46,NaN,-1.80,47.60,-0.28,45.52,NaN,NaN,NaN,NaN,NaN,NaN,NaN,NaN,NaN,NaN
786.07,36.02,30.77,36.00,20.00,AUTO,0,46,NaN,-1.80,47.60,-0.28,45.52,NaN,NaN,NaN,NaN,NaN,NaN,NaN,NaN,NaN,NaN
787.07,36.02,30.77,36.00,20.00,AUTO,0,46,NaN,-1.80,47.60,-0.28,45.52,NaN,NaN,NaN,NaN,NaN,NaN,NaN,NaN,NaN,NaN
788.07,36.02,30.77,36.00,20.00,AUTO,0,46,NaN,-1.80,47.60,-0.28,45.52,NaN,NaN,NaN,NaN,NaN,NaN,NaN,NaN,NaN,NaN
789.07,36.03,30.80,36.00,20.00,AUTO,0,46,NaN,-1.80,47.60,-0.28,45.52,NaN,NaN,NaN,NaN,NaN,NaN,NaN,NaN,NaN,NaN
790.07,36.03,30.80,36.00,20.00,AUTO,0,46,NaN,-1.80,47.60,-0.28,45.52,NaN,NaN,NaN,NaN,NaN,NaN,NaN,NaN,NaN,NaN
791.08,36.03,30.82,36.00,20.00,AUTO,0,46,NaN,-1.80,47.60,-0.28,45.52,NaN,NaN,NaN,NaN,NaN,NaN,NaN,NaN,NaN,NaN
792.08,36.03,30.82,36.00,20.00,AUTO,0,46,NaN,-1.80,47.60,-0.28,45.52,NaN,NaN,NaN,NaN,NaN,NaN,NaN,NaN,NaN,NaN
793.08,36.03,30.82,36.00,20.00,AUTO,0,46,NaN,-1.80,47.60,-0.28,45.52,NaN,NaN,NaN,NaN,NaN,NaN,NaN,NaN,NaN,NaN
794.08,36.02,30.80,36.00,20.00,AUTO,0,46,NaN,-1.80,47.60,-0.28,45.52,NaN,NaN,NaN,NaN,NaN,NaN,NaN,NaN,NaN,NaN
795.08,36.03,30.82,36.00,20.00,AUTO,0,46,NaN,-1.80,47.60,-0.28,45.52,NaN,NaN,NaN,NaN,NaN,NaN,NaN,NaN,NaN,NaN
796.08,36.02,30.82,36.00,20.00,AUTO,0,46,NaN,-1.80,47.60,-0.28,45.52,NaN,NaN,NaN,NaN,NaN,NaN,NaN,NaN,NaN,NaN
797.09,36.02,30.80,36.00,20.00,AUTO,0,46,NaN,-1.50,47.40,0.05,45.95,NaN,NaN,NaN,NaN,NaN,NaN,NaN,NaN,NaN,NaN
798.09,36.02,30.80,36.00,20.00,AUTO,0,46,NaN,-1.50,47.40,0.05,45.95,NaN,NaN,NaN,NaN,NaN,NaN,NaN,NaN,NaN,NaN
799.09,36.02,30.80,36.00,20.00,AUTO,0,46,NaN,-1.50,47.40,0.05,45.95,NaN,NaN,NaN,NaN,NaN,NaN,NaN,NaN,NaN,NaN
800.09,36.02,30.80,36.00,20.00,AUTO,0,46,NaN,-1.50,47.40,0.05,45.95,NaN,NaN,NaN,NaN,NaN,NaN,NaN,NaN,NaN,NaN
801.09,36.02,30.80,36.00,20.00,AUTO,0,46,NaN,-1.50,47.40,0.05,45.95,NaN,NaN,NaN,NaN,NaN,NaN,NaN,NaN,NaN,NaN
802.09,36.02,30.80,36.00,20.00,AUTO,0,46,NaN,-1.50,47.40,0.05,45.95,NaN,NaN,NaN,NaN,NaN,NaN,NaN,NaN,NaN,NaN
803.09,36.02,30.80,36.00,20.00,AUTO,0,46,NaN,-1.50,47.40,0.05,45.95,NaN,NaN,NaN,NaN,NaN,NaN,NaN,NaN,NaN,NaN
804.10,36.02,30.85,36.00,20.00,AUTO,0,46,NaN,-1.50,47.40,0.05,45.95,NaN,NaN,NaN,NaN,NaN,NaN,NaN,NaN,NaN,NaN
805.10,36.02,30.85,36.00,20.00,AUTO,0,46,NaN,-1.50,47.40,0.05,45.95,NaN,NaN,NaN,NaN,NaN,NaN,NaN,NaN,NaN,NaN
806.10,36.02,30.85,36.00,20.00,AUTO,0,46,NaN,-1.50,47.40,0.05,45.95,NaN,NaN,NaN,NaN,NaN,NaN,NaN,NaN,NaN,NaN
807.10,36.02,30.85,36.00,20.00,AUTO,0,46,NaN,-1.50,47.40,0.05,45.95,NaN,NaN,NaN,NaN,NaN,NaN,NaN,NaN,NaN,NaN
808.10,36.02,30.85,36.00,20.00,AUTO,0,46,NaN,-1.50,47.40,0.05,45.95,NaN,NaN,NaN,NaN,NaN,NaN,NaN,NaN,NaN,NaN
809.11,36.02,30.85,36.00,20.00,AUTO,0,46,NaN,-1.50,47.40,0.05,45.95,NaN,NaN,NaN,NaN,NaN,NaN,NaN,NaN,NaN,NaN
810.11,36.02,30.85,36.00,20.00,AUTO,0,46,NaN,-1.50,47.40,0.05,45.95,NaN,NaN,NaN,NaN,NaN,NaN,NaN,NaN,NaN,NaN
811.10,36.02,30.85,36.00,20.00,AUTO,0,46,NaN,-1.50,47.40,0.05,45.95,NaN,NaN,NaN,NaN,NaN,NaN,NaN,NaN,NaN,NaN
812.11,36.02,30.85,36.00,20.00,AUTO,0,46,NaN,-1.20,47.23,0.18,46.22,NaN,NaN,NaN,NaN,NaN,NaN,NaN,NaN,NaN,NaN
813.11,36.02,30.89,36.00,20.00,AUTO,0,46,NaN,-1.20,47.23,0.18,46.22,NaN,NaN,NaN,NaN,NaN,NaN,NaN,NaN,NaN,NaN
814.11,36.02,30.89,36.00,20.00,AUTO,0,46,NaN,-1.20,47.23,0.18,46.22,NaN,NaN,NaN,NaN,NaN,NaN,NaN,NaN,NaN,NaN
815.11,36.02,30.89,36.00,20.00,AUTO,0,46,NaN,-1.20,47.23,0.18,46.22,NaN,NaN,NaN,NaN,NaN,NaN,NaN,NaN,NaN,NaN
816.11,36.02,30.89,36.00,20.00,AUTO,0,46,NaN,-1.20,47.23,0.18,46.22,NaN,NaN,NaN,NaN,NaN,NaN,NaN,NaN,NaN,NaN
817.11,36.02,30.89,36.00,20.00,AUTO,0,46,NaN,-1.20,47.23,0.18,46.22,NaN,NaN,NaN,NaN,NaN,NaN,NaN,NaN,NaN,NaN
818.12,36.02,30.89,36.00,20.00,AUTO,0,46,NaN,-1.20,47.23,0.18,46.22,NaN,NaN,NaN,NaN,NaN,NaN,NaN,NaN,NaN,NaN
819.12,36.02,30.89,36.00,20.00,AUTO,0,46,NaN,-1.20,47.23,0.18,46.22,NaN,NaN,NaN,NaN,NaN,NaN,NaN,NaN,NaN,NaN
820.12,36.02,30.89,36.00,20.00,AUTO,0,46,NaN,-1.20,47.23,0.18,46.22,NaN,NaN,NaN,NaN,NaN,NaN,NaN,NaN,NaN,NaN
821.12,36.02,30.89,36.00,20.00,AUTO,0,46,NaN,-1.20,47.23,0.18,46.22,NaN,NaN,NaN,NaN,NaN,NaN,NaN,NaN,NaN,NaN
822.12,36.02,30.89,36.00,20.00,AUTO,0,46,NaN,-1.20,47.23,0.18,46.22,NaN,NaN,NaN,NaN,NaN,NaN,NaN,NaN,NaN,NaN
823.13,36.02,30.89,36.00,20.00,AUTO,0,46,NaN,-1.20,47.23,0.18,46.22,NaN,NaN,NaN,NaN,NaN,NaN,NaN,NaN,NaN,NaN
824.13,36.02,30.89,36.00,20.00,AUTO,0,46,NaN,-1.20,47.23,0.18,46.22,NaN,NaN,NaN,NaN,NaN,NaN,NaN,NaN,NaN,NaN
825.13,36.02,30.89,36.00,20.00,AUTO,0,46,NaN,-1.20,47.23,0.18,46.22,NaN,NaN,NaN,NaN,NaN,NaN,NaN,NaN,NaN,NaN
826.13,36.02,30.89,36.00,20.00,AUTO,0,46,NaN,-1.20,47.23,0.18,46.22,NaN,NaN,NaN,NaN,NaN,NaN,NaN,NaN,NaN,NaN
827.13,36.02,30.89,36.00,20.00,AUTO,0,46,NaN,-1.20,47.07,0.00,45.87,NaN,NaN,NaN,NaN,NaN,NaN,NaN,NaN,NaN,NaN
828.14,36.02,30.89,36.00,20.00,AUTO,0,46,NaN,-1.20,47.07,0.00,45.87,NaN,NaN,NaN,NaN,NaN,NaN,NaN,NaN,NaN,NaN
829.13,36.02,30.89,36.00,20.00,AUTO,0,46,NaN,-1.20,47.07,0.00,45.87,NaN,NaN,NaN,NaN,NaN,NaN,NaN,NaN,NaN,NaN
830.14,36.02,30.89,36.00,20.00,AUTO,0,46,NaN,-1.20,47.07,0.00,45.87,NaN,NaN,NaN,NaN,NaN,NaN,NaN,NaN,NaN,NaN
831.14,36.02,30.89,36.00,20.00,AUTO,0,46,NaN,-1.20,47.07,0.00,45.87,NaN,NaN,NaN,NaN,NaN,NaN,NaN,NaN,NaN,NaN
832.14,36.02,30.93,36.00,20.00,AUTO,0,46,NaN,-1.20,47.07,0.00,45.87,NaN,NaN,NaN,NaN,NaN,NaN,NaN,NaN,NaN,NaN
833.14,36.02,30.93,36.00,20.00,AUTO,0,46,NaN,-1.20,47.07,0.00,45.87,NaN,NaN,NaN,NaN,NaN,NaN,NaN,NaN,NaN,NaN
834.14,36.02,30.93,36.00,20.00,AUTO,0,46,NaN,-1.20,47.07,0.00,45.87,NaN,NaN,NaN,NaN,NaN,NaN,NaN,NaN,NaN,NaN
835.14,36.02,30.93,36.00,20.00,AUTO,0,46,NaN,-1.20,47.07,0.00,45.87,NaN,NaN,NaN,NaN,NaN,NaN,NaN,NaN,NaN,NaN
836.15,36.02,30.93,36.00,20.00,AUTO,0,46,NaN,-1.20,47.07,0.00,45.87,NaN,NaN,NaN,NaN,NaN,NaN,NaN,NaN,NaN,NaN
837.15,36.02,30.93,36.00,20.00,AUTO,0,46,NaN,-1.20,47.07,0.00,45.87,NaN,NaN,NaN,NaN,NaN,NaN,NaN,NaN,NaN,NaN
838.15,36.02,30.93,36.00,20.00,AUTO,0,46,NaN,-1.20,47.07,0.00,45.87,NaN,NaN,NaN,NaN,NaN,NaN,NaN,NaN,NaN,NaN
839.15,36.02,30.93,36.00,20.00,AUTO,0,46,NaN,-1.20,47.07,0.00,45.87,NaN,NaN,NaN,NaN,NaN,NaN,NaN,NaN,NaN,NaN
840.15,36.02,30.93,36.00,20.00,AUTO,0,46,NaN,-1.20,47.07,0.00,45.87,NaN,NaN,NaN,NaN,NaN,NaN,NaN,NaN,NaN,NaN
841.16,36.02,30.93,36.00,20.00,AUTO,0,46,NaN,-1.20,47.07,0.00,45.87,NaN,NaN,NaN,NaN,NaN,NaN,NaN,NaN,NaN,NaN
842.16,36.02,30.93,36.00,20.00,AUTO,0,46,NaN,-1.20,46.90,0.00,45.70,NaN,NaN,NaN,NaN,NaN,NaN,NaN,NaN,NaN,NaN
843.16,36.02,30.93,36.00,20.00,AUTO,0,46,NaN,-1.20,46.90,0.00,45.70,NaN,NaN,NaN,NaN,NaN,NaN,NaN,NaN,NaN,NaN
844.16,36.02,30.93,36.00,20.00,AUTO,0,46,NaN,-1.20,46.90,0.00,45.70,NaN,NaN,NaN,NaN,NaN,NaN,NaN,NaN,NaN,NaN
845.16,36.02,30.93,36.00,20.00,AUTO,0,46,NaN,-1.20,46.90,0.00,45.70,NaN,NaN,NaN,NaN,NaN,NaN,NaN,NaN,NaN,NaN
846.16,36.02,30.93,36.00,20.00,AUTO,0,46,NaN,-1.20,46.90,0.00,45.70,NaN,NaN,NaN,NaN,NaN,NaN,NaN,NaN,NaN,NaN
847.16,36.02,30.93,36.00,20.00,AUTO,0,46,NaN,-1.20,46.90,0.00,45.70,NaN,NaN,NaN,NaN,NaN,NaN,NaN,NaN,NaN,NaN
848.16,36.02,30.97,36.00,20.00,AUTO,0,46,NaN,-1.20,46.90,0.00,45.70,NaN,NaN,NaN,NaN,NaN,NaN,NaN,NaN,NaN,NaN
849.17,36.02,30.97,36.00,20.00,AUTO,0,46,NaN,-1.20,46.90,0.00,45.70,NaN,NaN,NaN,NaN,NaN,NaN,NaN,NaN,NaN,NaN
850.17,36.02,30.97,36.00,20.00,AUTO,0,46,NaN,-1.20,46.90,0.00,45.70,NaN,NaN,NaN,NaN,NaN,NaN,NaN,NaN,NaN,NaN
851.17,36.02,30.97,36.00,20.00,AUTO,0,46,NaN,-1.20,46.90,0.00,45.70,NaN,NaN,NaN,NaN,NaN,NaN,NaN,NaN,NaN,NaN
852.17,36.02,30.97,36.00,20.00,AUTO,0,46,NaN,-1.20,46.90,0.00,45.70,NaN,NaN,NaN,NaN,NaN,NaN,NaN,NaN,NaN,NaN
853.17,36.02,30.97,36.00,20.00,AUTO,0,46,NaN,-1.20,46.90,0.00,45.70,NaN,NaN,NaN,NaN,NaN,NaN,NaN,NaN,NaN,NaN
854.17,36.02,30.97,36.00,20.00,AUTO,0,46,NaN,-1.20,46.90,0.00,45.70,NaN,NaN,NaN,NaN,NaN,NaN,NaN,NaN,NaN,NaN
855.18,36.02,30.97,36.00,20.00,AUTO,0,46,NaN,-1.20,46.90,0.00,45.70,NaN,NaN,NaN,NaN,NaN,NaN,NaN,NaN,NaN,NaN
856.18,36.02,30.97,36.00,20.00,AUTO,0,46,NaN,-1.20,46.90,0.00,45.70,NaN,NaN,NaN,NaN,NaN,NaN,NaN,NaN,NaN,NaN
857.18,36.02,30.97,36.00,20.00,AUTO,0,46,NaN,-1.20,46.74,0.00,45.54,NaN,NaN,NaN,NaN,NaN,NaN,NaN,NaN,NaN,NaN
858.18,36.02,30.97,36.00,20.00,AUTO,0,46,NaN,-1.20,46.74,0.00,45.54,NaN,NaN,NaN,NaN,NaN,NaN,NaN,NaN,NaN,NaN
859.18,36.02,30.97,36.00,20.00,AUTO,0,46,NaN,-1.20,46.74,0.00,45.54,NaN,NaN,NaN,NaN,NaN,NaN,NaN,NaN,NaN,NaN
860.19,36.02,30.97,36.00,20.00,AUTO,0,46,NaN,-1.20,46.74,0.00,45.54,NaN,NaN,NaN,NaN,NaN,NaN,NaN,NaN,NaN,NaN
861.19,36.02,30.97,36.00,20.00,AUTO,0,46,NaN,-1.20,46.74,0.00,45.54,NaN,NaN,NaN,NaN,NaN,NaN,NaN,NaN,NaN,NaN
862.19,36.02,30.97,36.00,20.00,AUTO,0,46,NaN,-1.20,46.74,0.00,45.54,NaN,NaN,NaN,NaN,NaN,NaN,NaN,NaN,NaN,NaN
863.19,36.02,30.97,36.00,20.00,AUTO,0,46,NaN,-1.20,46.74,0.00,45.54,NaN,NaN,NaN,NaN,NaN,NaN,NaN,NaN,NaN,NaN
864.19,36.02,30.97,36.00,20.00,AUTO,0,46,NaN,-1.20,46.74,0.00,45.54,NaN,NaN,NaN,NaN,NaN,NaN,NaN,NaN,NaN,NaN
865.19,36.02,30.97,36.00,20.00,AUTO,0,46,NaN,-1.20,46.74,0.00,45.54,NaN,NaN,NaN,NaN,NaN,NaN,NaN,NaN,NaN,NaN
866.19,36.02,30.97,36.00,20.00,AUTO,0,46,NaN,-1.20,46.74,0.00,45.54,NaN,NaN,NaN,NaN,NaN,NaN,NaN,NaN,NaN,NaN
867.19,36.02,30.97,36.00,20.00,AUTO,0,46,NaN,-1.20,46.74,0.00,45.54,NaN,NaN,NaN,NaN,NaN,NaN,NaN,NaN,NaN,NaN
868.20,36.02,30.97,36.00,20.00,AUTO,0,46,NaN,-1.20,46.74,0.00,45.54,NaN,NaN,NaN,NaN,NaN,NaN,NaN,NaN,NaN,NaN
869.20,36.02,30.97,36.00,20.00,AUTO,0,46,NaN,-1.20,46.74,0.00,45.54,NaN,NaN,NaN,NaN,NaN,NaN,NaN,NaN,NaN,NaN
870.20,36.02,30.97,36.00,20.00,AUTO,0,46,NaN,-1.20,46.74,0.00,45.54,NaN,NaN,NaN,NaN,NaN,NaN,NaN,NaN,NaN,NaN
871.20,36.02,30.97,36.00,20.00,AUTO,0,46,NaN,-1.20,46.74,0.00,45.54,NaN,NaN,NaN,NaN,NaN,NaN,NaN,NaN,NaN,NaN
872.20,36.02,30.97,36.00,20.00,AUTO,0,45,NaN,-1.20,46.57,0.00,45.37,NaN,NaN,NaN,NaN,NaN,NaN,NaN,NaN,NaN,NaN
873.21,36.02,30.97,36.00,20.00,AUTO,0,45,NaN,-1.20,46.57,0.00,45.37,NaN,NaN,NaN,NaN,NaN,NaN,NaN,NaN,NaN,NaN
874.21,36.02,30.97,36.00,20.00,AUTO,0,45,NaN,-1.20,46.57,0.00,45.37,NaN,NaN,NaN,NaN,NaN,NaN,NaN,NaN,NaN,NaN
875.21,36.02,31.01,36.00,20.00,AUTO,0,45,NaN,-1.20,46.57,0.00,45.37,NaN,NaN,NaN,NaN,NaN,NaN,NaN,NaN,NaN,NaN
876.21,36.02,31.01,36.00,20.00,AUTO,0,45,NaN,-1.20,46.57,0.00,45.37,NaN,NaN,NaN,NaN,NaN,NaN,NaN,NaN,NaN,NaN
877.21,36.02,31.01,36.00,20.00,AUTO,0,45,NaN,-1.20,46.57,0.00,45.37,NaN,NaN,NaN,NaN,NaN,NaN,NaN,NaN,NaN,NaN
878.21,36.02,31.01,36.00,20.00,AUTO,0,45,NaN,-1.20,46.57,0.00,45.37,NaN,NaN,NaN,NaN,NaN,NaN,NaN,NaN,NaN,NaN
879.21,36.02,31.01,36.00,20.00,AUTO,0,45,NaN,-1.20,46.57,0.00,45.37,NaN,NaN,NaN,NaN,NaN,NaN,NaN,NaN,NaN,NaN
880.21,36.02,31.01,36.00,20.00,AUTO,0,45,NaN,-1.20,46.57,0.00,45.37,NaN,NaN,NaN,NaN,NaN,NaN,NaN,NaN,NaN,NaN
881.22,36.02,31.01,36.00,20.00,AUTO,0,45,NaN,-1.20,46.57,0.00,45.37,NaN,NaN,NaN,NaN,NaN,NaN,NaN,NaN,NaN,NaN
882.22,36.02,31.01,36.00,20.00,AUTO,0,45,NaN,-1.20,46.57,0.00,45.37,NaN,NaN,NaN,NaN,NaN,NaN,NaN,NaN,NaN,NaN
883.22,36.02,31.01,36.00,20.00,AUTO,0,45,NaN,-1.20,46.57,0.00,45.37,NaN,NaN,NaN,NaN,NaN,NaN,NaN,NaN,NaN,NaN
884.22,36.02,31.01,36.00,20.00,AUTO,0,45,NaN,-1.20,46.57,0.00,45.37,NaN,NaN,NaN,NaN,NaN,NaN,NaN,NaN,NaN,NaN
885.22,36.02,31.03,36.00,20.00,AUTO,0,45,NaN,-1.20,46.57,0.00,45.37,NaN,NaN,NaN,NaN,NaN,NaN,NaN,NaN,NaN,NaN
886.22,36.02,31.01,36.00,20.00,AUTO,0,45,NaN,-1.20,46.57,0.00,45.37,NaN,NaN,NaN,NaN,NaN,NaN,NaN,NaN,NaN,NaN
887.23,36.02,31.01,36.00,20.00,AUTO,0,45,NaN,-1.20,46.41,0.00,45.21,NaN,NaN,NaN,NaN,NaN,NaN,NaN,NaN,NaN,NaN
888.23,36.02,31.01,36.00,20.00,AUTO,0,45,NaN,-1.20,46.41,0.00,45.21,NaN,NaN,NaN,NaN,NaN,NaN,NaN,NaN,NaN,NaN
889.23,36.02,31.01,36.00,20.00,AUTO,0,45,NaN,-1.20,46.41,0.00,45.21,NaN,NaN,NaN,NaN,NaN,NaN,NaN,NaN,NaN,NaN
890.23,36.02,31.01,36.00,20.00,AUTO,0,45,NaN,-1.20,46.41,0.00,45.21,NaN,NaN,NaN,NaN,NaN,NaN,NaN,NaN,NaN,NaN
891.23,36.02,31.01,36.00,20.00,AUTO,0,45,NaN,-1.20,46.41,0.00,45.21,NaN,NaN,NaN,NaN,NaN,NaN,NaN,NaN,NaN,NaN
892.24,36.02,31.01,36.00,20.00,AUTO,0,45,NaN,-1.20,46.41,0.00,45.21,NaN,NaN,NaN,NaN,NaN,NaN,NaN,NaN,NaN,NaN
893.24,36.02,31.01,36.00,20.00,AUTO,0,45,NaN,-1.20,46.41,0.00,45.21,NaN,NaN,NaN,NaN,NaN,NaN,NaN,NaN,NaN,NaN
894.24,36.02,31.01,36.00,20.00,AUTO,0,45,NaN,-1.20,46.41,0.00,45.21,NaN,NaN,NaN,NaN,NaN,NaN,NaN,NaN,NaN,NaN
895.24,36.02,31.01,36.00,20.00,AUTO,0,45,NaN,-1.20,46.41,0.00,45.21,NaN,NaN,NaN,NaN,NaN,NaN,NaN,NaN,NaN,NaN
896.24,36.02,31.01,36.00,20.00,AUTO,0,45,NaN,-1.20,46.41,0.00,45.21,NaN,NaN,NaN,NaN,NaN,NaN,NaN,NaN,NaN,NaN
897.24,36.03,31.01,36.00,20.00,AUTO,0,45,NaN,-1.20,46.41,0.00,45.21,NaN,NaN,NaN,NaN,NaN,NaN,NaN,NaN,NaN,NaN
898.24,36.03,31.03,36.00,20.00,AUTO,0,45,NaN,-1.20,46.41,0.00,45.21,NaN,NaN,NaN,NaN,NaN,NaN,NaN,NaN,NaN,NaN
899.24,36.03,31.03,36.00,20.00,AUTO,0,45,NaN,-1.20,46.41,0.00,45.21,NaN,NaN,NaN,NaN,NaN,NaN,NaN,NaN,NaN,NaN
900.25,36.03,31.03,36.00,20.00,AUTO,0,45,NaN,-1.20,46.41,0.00,45.21,NaN,NaN,NaN,NaN,NaN,NaN,NaN,NaN,NaN,NaN
901.25,36.03,31.03,36.00,20.00,AUTO,0,45,NaN,-1.20,46.41,0.00,45.21,NaN,NaN,NaN,NaN,NaN,NaN,NaN,NaN,NaN,NaN
902.25,36.02,31.01,36.00,20.00,AUTO,0,44,NaN,-1.80,46.22,-0.28,44.14,NaN,NaN,NaN,NaN,NaN,NaN,NaN,NaN,NaN,NaN
903.25,36.02,31.01,36.00,20.00,AUTO,0,44,NaN,-1.80,46.22,-0.28,44.14,NaN,NaN,NaN,NaN,NaN,NaN,NaN,NaN,NaN,NaN
904.25,36.02,31.01,36.00,20.00,AUTO,0,44,NaN,-1.80,46.22,-0.28,44.14,NaN,NaN,NaN,NaN,NaN,NaN,NaN,NaN,NaN,NaN
905.26,36.02,31.05,36.00,20.00,AUTO,0,44,NaN,-1.80,46.22,-0.28,44.14,NaN,NaN,NaN,NaN,NaN,NaN,NaN,NaN,NaN,NaN
906.26,36.02,31.05,36.00,20.00,AUTO,0,44,NaN,-1.80,46.22,-0.28,44.14,NaN,NaN,NaN,NaN,NaN,NaN,NaN,NaN,NaN,NaN
907.26,36.02,31.05,36.00,20.00,AUTO,0,44,NaN,-1.80,46.22,-0.28,44.14,NaN,NaN,NaN,NaN,NaN,NaN,NaN,NaN,NaN,NaN
908.26,36.02,31.05,36.00,20.00,AUTO,0,44,NaN,-1.80,46.22,-0.28,44.14,NaN,NaN,NaN,NaN,NaN,NaN,NaN,NaN,NaN,NaN
909.26,36.03,31.06,36.00,20.00,AUTO,0,44,NaN,-1.80,46.22,-0.28,44.14,NaN,NaN,NaN,NaN,NaN,NaN,NaN,NaN,NaN,NaN
910.26,36.03,31.06,36.00,20.00,AUTO,0,44,NaN,-1.80,46.22,-0.28,44.14,NaN,NaN,NaN,NaN,NaN,NaN,NaN,NaN,NaN,NaN
911.26,36.03,31.06,36.00,20.00,AUTO,0,44,NaN,-1.80,46.22,-0.28,44.14,NaN,NaN,NaN,NaN,NaN,NaN,NaN,NaN,NaN,NaN
912.26,36.03,31.06,36.00,20.00,AUTO,0,44,NaN,-1.80,46.22,-0.28,44.14,NaN,NaN,NaN,NaN,NaN,NaN,NaN,NaN,NaN,NaN
913.27,36.03,31.06,36.00,20.00,AUTO,0,44,NaN,-1.80,46.22,-0.28,44.14,NaN,NaN,NaN,NaN,NaN,NaN,NaN,NaN,NaN,NaN
914.27,36.03,31.06,36.00,20.00,AUTO,0,44,NaN,-1.80,46.22,-0.28,44.14,NaN,NaN,NaN,NaN,NaN,NaN,NaN,NaN,NaN,NaN
915.27,36.03,31.06,36.00,20.00,AUTO,0,44,NaN,-1.80,46.22,-0.28,44.14,NaN,NaN,NaN,NaN,NaN,NaN,NaN,NaN,NaN,NaN
916.27,36.03,31.06,36.00,20.00,AUTO,0,44,NaN,-1.80,46.22,-0.28,44.14,NaN,NaN,NaN,NaN,NaN,NaN,NaN,NaN,NaN,NaN
917.28,36.02,31.05,36.00,20.00,AUTO,0,44,NaN,-1.80,46.01,-0.08,44.13,NaN,NaN,NaN,NaN,NaN,NaN,NaN,NaN,NaN,NaN
918.28,36.02,31.05,36.00,20.00,AUTO,0,44,NaN,-1.80,46.01,-0.08,44.13,NaN,NaN,NaN,NaN,NaN,NaN,NaN,NaN,NaN,NaN
919.28,36.02,31.05,36.00,20.00,AUTO,0,44,NaN,-1.80,46.01,-0.08,44.13,NaN,NaN,NaN,NaN,NaN,NaN,NaN,NaN,NaN,NaN
920.28,36.02,31.06,36.00,20.00,AUTO,0,44,NaN,-1.80,46.01,-0.08,44.13,NaN,NaN,NaN,NaN,NaN,NaN,NaN,NaN,NaN,NaN
921.28,36.02,31.05,36.00,20.00,AUTO,0,44,NaN,-1.80,46.01,-0.08,44.13,NaN,NaN,NaN,NaN,NaN,NaN,NaN,NaN,NaN,NaN
922.28,36.02,31.05,36.00,20.00,AUTO,0,44,NaN,-1.80,46.01,-0.08,44.13,NaN,NaN,NaN,NaN,NaN,NaN,NaN,NaN,NaN,NaN
923.28,36.02,31.05,36.00,20.00,AUTO,0,44,NaN,-1.80,46.01,-0.08,44.13,NaN,NaN,NaN,NaN,NaN,NaN,NaN,NaN,NaN,NaN
924.29,36.03,31.06,36.00,20.00,AUTO,0,44,NaN,-1.80,46.01,-0.08,44.13,NaN,NaN,NaN,NaN,NaN,NaN,NaN,NaN,NaN,NaN
925.28,36.03,31.06,36.00,20.00,AUTO,0,44,NaN,-1.80,46.01,-0.08,44.13,NaN,NaN,NaN,NaN,NaN,NaN,NaN,NaN,NaN,NaN
926.29,36.03,31.06,36.00,20.00,AUTO,0,44,NaN,-1.80,46.01,-0.08,44.13,NaN,NaN,NaN,NaN,NaN,NaN,NaN,NaN,NaN,NaN
927.29,36.03,31.06,36.00,20.00,AUTO,0,44,NaN,-1.80,46.01,-0.08,44.13,NaN,NaN,NaN,NaN,NaN,NaN,NaN,NaN,NaN,NaN
928.29,36.03,31.06,36.00,20.00,AUTO,0,44,NaN,-1.80,46.01,-0.08,44.13,NaN,NaN,NaN,NaN,NaN,NaN,NaN,NaN,NaN,NaN
929.29,36.03,31.06,36.00,20.00,AUTO,0,44,NaN,-1.80,46.01,-0.08,44.13,NaN,NaN,NaN,NaN,NaN,NaN,NaN,NaN,NaN,NaN
930.29,36.04,31.06,36.00,20.00,AUTO,0,44,NaN,-1.80,46.01,-0.08,44.13,NaN,NaN,NaN,NaN,NaN,NaN,NaN,NaN,NaN,NaN
931.29,36.03,31.06,36.00,20.00,AUTO,0,44,NaN,-1.80,46.01,-0.08,44.13,NaN,NaN,NaN,NaN,NaN,NaN,NaN,NaN,NaN,NaN
932.30,36.03,31.05,36.00,20.00,AUTO,0,44,NaN,-2.10,45.79,-0.14,43.55,NaN,NaN,NaN,NaN,NaN,NaN,NaN,NaN,NaN,NaN
933.30,36.02,31.05,36.00,20.00,AUTO,0,44,NaN,-2.10,45.79,-0.14,43.55,NaN,NaN,NaN,NaN,NaN,NaN,NaN,NaN,NaN,NaN
934.30,36.03,31.06,36.00,20.00,AUTO,0,44,NaN,-2.10,45.79,-0.14,43.55,NaN,NaN,NaN,NaN,NaN,NaN,NaN,NaN,NaN,NaN
935.30,36.03,31.06,36.00,20.00,AUTO,0,44,NaN,-2.10,45.79,-0.14,43.55,NaN,NaN,NaN,NaN,NaN,NaN,NaN,NaN,NaN,NaN
936.30,36.03,31.06,36.00,20.00,AUTO,0,44,NaN,-2.10,45.79,-0.14,43.55,NaN,NaN,NaN,NaN,NaN,NaN,NaN,NaN,NaN,NaN
937.31,36.03,31.06,36.00,20.00,AUTO,0,44,NaN,-2.10,45.79,-0.14,43.55,NaN,NaN,NaN,NaN,NaN,NaN,NaN,NaN,NaN,NaN
938.31,36.03,31.06,36.00,20.00,AUTO,0,44,NaN,-2.10,45.79,-0.14,43.55,NaN,NaN,NaN,NaN,NaN,NaN,NaN,NaN,NaN,NaN
939.31,36.03,31.06,36.00,20.00,AUTO,0,44,NaN,-2.10,45.79,-0.14,43.55,NaN,NaN,NaN,NaN,NaN,NaN,NaN,NaN,NaN,NaN
940.31,36.04,31.06,36.00,20.00,AUTO,0,44,NaN,-2.10,45.79,-0.14,43.55,NaN,NaN,NaN,NaN,NaN,NaN,NaN,NaN,NaN,NaN
941.31,36.04,31.11,36.00,20.00,AUTO,0,44,NaN,-2.10,45.79,-0.14,43.55,NaN,NaN,NaN,NaN,NaN,NaN,NaN,NaN,NaN,NaN
942.31,36.04,31.11,36.00,20.00,AUTO,0,44,NaN,-2.10,45.79,-0.14,43.55,NaN,NaN,NaN,NaN,NaN,NaN,NaN,NaN,NaN,NaN
943.31,36.04,31.11,36.00,20.00,AUTO,0,44,NaN,-2.10,45.79,-0.14,43.55,NaN,NaN,NaN,NaN,NaN,NaN,NaN,NaN,NaN,NaN
944.32,36.03,31.11,36.00,20.00,AUTO,0,44,NaN,-2.10,45.79,-0.14,43.55,NaN,NaN,NaN,NaN,NaN,NaN,NaN,NaN,NaN,NaN
945.32,36.03,31.11,36.00,20.00,AUTO,0,44,NaN,-2.10,45.79,-0.14,43.55,NaN,NaN,NaN,NaN,NaN,NaN,NaN,NaN,NaN,NaN
946.32,36.04,31.11,36.00,20.00,AUTO,0,44,NaN,-2.10,45.79,-0.14,43.55,NaN,NaN,NaN,NaN,NaN,NaN,NaN,NaN,NaN,NaN
947.32,36.03,31.11,36.00,20.00,AUTO,0,43,NaN,-2.10,45.52,-0.20,43.22,NaN,NaN,NaN,NaN,NaN,NaN,NaN,NaN,NaN,NaN
948.32,36.03,31.11,36.00,20.00,AUTO,0,43,NaN,-2.10,45.52,-0.20,43.22,NaN,NaN,NaN,NaN,NaN,NaN,NaN,NaN,NaN,NaN
949.32,36.02,31.11,36.00,20.00,AUTO,0,43,NaN,-2.10,45.52,-0.20,43.22,NaN,NaN,NaN,NaN,NaN,NaN,NaN,NaN,NaN,NaN
950.33,36.02,31.11,36.00,20.00,AUTO,0,43,NaN,-2.10,45.52,-0.20,43.22,NaN,NaN,NaN,NaN,NaN,NaN,NaN,NaN,NaN,NaN
951.33,36.02,31.11,36.00,20.00,AUTO,0,43,NaN,-2.10,45.52,-0.20,43.22,NaN,NaN,NaN,NaN,NaN,NaN,NaN,NaN,NaN,NaN
952.33,36.02,31.09,36.00,20.00,AUTO,0,43,NaN,-2.10,45.52,-0.20,43.22,NaN,NaN,NaN,NaN,NaN,NaN,NaN,NaN,NaN,NaN
953.33,36.02,31.09,36.00,20.00,AUTO,0,43,NaN,-2.10,45.52,-0.20,43.22,NaN,NaN,NaN,NaN,NaN,NaN,NaN,NaN,NaN,NaN
954.33,36.03,31.11,36.00,20.00,AUTO,0,43,NaN,-2.10,45.52,-0.20,43.22,NaN,NaN,NaN,NaN,NaN,NaN,NaN,NaN,NaN,NaN
955.33,36.03,31.15,36.00,20.00,AUTO,0,43,NaN,-2.10,45.52,-0.20,43.22,NaN,NaN,NaN,NaN,NaN,NaN,NaN,NaN,NaN,NaN
956.34,36.03,31.15,36.00,20.00,AUTO,0,43,NaN,-2.10,45.52,-0.20,43.22,NaN,NaN,NaN,NaN,NaN,NaN,NaN,NaN,NaN,NaN
957.33,36.03,31.15,36.00,20.00,AUTO,0,43,NaN,-2.10,45.52,-0.20,43.22,NaN,NaN,NaN,NaN,NaN,NaN,NaN,NaN,NaN,NaN
958.34,36.03,31.15,36.00,20.00,AUTO,0,43,NaN,-2.10,45.52,-0.20,43.22,NaN,NaN,NaN,NaN,NaN,NaN,NaN,NaN,NaN,NaN
959.34,36.03,31.15,36.00,20.00,AUTO,0,43,NaN,-2.10,45.52,-0.20,43.22,NaN,NaN,NaN,NaN,NaN,NaN,NaN,NaN,NaN,NaN
960.34,36.03,31.15,36.00,20.00,AUTO,0,43,NaN,-2.10,45.52,-0.20,43.22,NaN,NaN,NaN,NaN,NaN,NaN,NaN,NaN,NaN,NaN
961.34,36.03,31.15,36.00,20.00,AUTO,0,43,NaN,-2.10,45.52,-0.20,43.22,NaN,NaN,NaN,NaN,NaN,NaN,NaN,NaN,NaN,NaN
962.35,36.02,31.13,36.00,20.00,AUTO,0,44,NaN,-1.80,45.30,0.16,43.66,NaN,NaN,NaN,NaN,NaN,NaN,NaN,NaN,NaN,NaN
963.34,36.02,31.13,36.00,20.00,AUTO,0,44,NaN,-1.80,45.30,0.16,43.66,NaN,NaN,NaN,NaN,NaN,NaN,NaN,NaN,NaN,NaN
964.35,36.02,31.13,36.00,20.00,AUTO,0,44,NaN,-1.80,45.30,0.16,43.66,NaN,NaN,NaN,NaN,NaN,NaN,NaN,NaN,NaN,NaN
965.35,36.02,31.13,36.00,20.00,AUTO,0,44,NaN,-1.80,45.30,0.16,43.66,NaN,NaN,NaN,NaN,NaN,NaN,NaN,NaN,NaN,NaN
966.35,36.02,31.13,36.00,20.00,AUTO,0,44,NaN,-1.80,45.30,0.16,43.66,NaN,NaN,NaN,NaN,NaN,NaN,NaN,NaN,NaN,NaN
967.35,36.02,31.13,36.00,20.00,AUTO,0,44,NaN,-1.80,45.30,0.16,43.66,NaN,NaN,NaN,NaN,NaN,NaN,NaN,NaN,NaN,NaN
968.35,36.02,31.13,36.00,20.00,AUTO,0,44,NaN,-1.80,45.30,0.16,43.66,NaN,NaN,NaN,NaN,NaN,NaN,NaN,NaN,NaN,NaN
969.36,36.03,31.15,36.00,20.00,AUTO,0,44,NaN,-1.80,45.30,0.16,43.66,NaN,NaN,NaN,NaN,NaN,NaN,NaN,NaN,NaN,NaN
970.36,36.03,31.15,36.00,20.00,AUTO,0,44,NaN,-1.80,45.30,0.16,43.66,NaN,NaN,NaN,NaN,NaN,NaN,NaN,NaN,NaN,NaN
971.36,36.03,31.19,36.00,20.00,AUTO,0,44,NaN,-1.80,45.30,0.16,43.66,NaN,NaN,NaN,NaN,NaN,NaN,NaN,NaN,NaN,NaN
972.36,36.03,31.19,36.00,20.00,AUTO,0,44,NaN,-1.80,45.30,0.16,43.66,NaN,NaN,NaN,NaN,NaN,NaN,NaN,NaN,NaN,NaN
973.36,36.03,31.19,36.00,20.00,AUTO,0,44,NaN,-1.80,45.30,0.16,43.66,NaN,NaN,NaN,NaN,NaN,NaN,NaN,NaN,NaN,NaN
974.36,36.03,31.19,36.00,20.00,AUTO,0,44,NaN,-1.80,45.30,0.16,43.66,NaN,NaN,NaN,NaN,NaN,NaN,NaN,NaN,NaN,NaN
975.37,36.03,31.19,36.00,20.00,AUTO,0,44,NaN,-1.80,45.30,0.16,43.66,NaN,NaN,NaN,NaN,NaN,NaN,NaN,NaN,NaN,NaN
976.37,36.03,31.19,36.00,20.00,AUTO,0,44,NaN,-1.80,45.30,0.16,43.66,NaN,NaN,NaN,NaN,NaN,NaN,NaN,NaN,NaN,NaN
977.37,36.02,31.17,36.00,20.00,AUTO,0,43,NaN,-1.80,45.09,-0.08,43.22,NaN,NaN,NaN,NaN,NaN,NaN,NaN,NaN,NaN,NaN
978.37,36.02,31.17,36.00,20.00,AUTO,0,43,NaN,-1.80,45.09,-0.08,43.22,NaN,NaN,NaN,NaN,NaN,NaN,NaN,NaN,NaN,NaN
979.37,36.02,31.17,36.00,20.00,AUTO,0,43,NaN,-1.80,45.09,-0.08,43.22,NaN,NaN,NaN,NaN,NaN,NaN,NaN,NaN,NaN,NaN
980.37,36.02,31.17,36.00,20.00,AUTO,0,43,NaN,-1.80,45.09,-0.08,43.22,NaN,NaN,NaN,NaN,NaN,NaN,NaN,NaN,NaN,NaN
981.37,36.02,31.17,36.00,20.00,AUTO,0,43,NaN,-1.80,45.09,-0.08,43.22,NaN,NaN,NaN,NaN,NaN,NaN,NaN,NaN,NaN,NaN
982.38,36.02,31.17,36.00,20.00,AUTO,0,43,NaN,-1.80,45.09,-0.08,43.22,NaN,NaN,NaN,NaN,NaN,NaN,NaN,NaN,NaN,NaN
983.38,36.02,31.17,36.00,20.00,AUTO,0,43,NaN,-1.80,45.09,-0.08,43.22,NaN,NaN,NaN,NaN,NaN,NaN,NaN,NaN,NaN,NaN
984.38,36.03,31.19,36.00,20.00,AUTO,0,43,NaN,-1.80,45.09,-0.08,43.22,NaN,NaN,NaN,NaN,NaN,NaN,NaN,NaN,NaN,NaN
985.38,36.02,31.19,36.00,20.00,AUTO,0,43,NaN,-1.80,45.09,-0.08,43.22,NaN,NaN,NaN,NaN,NaN,NaN,NaN,NaN,NaN,NaN
986.38,36.03,31.19,36.00,20.00,AUTO,0,43,NaN,-1.80,45.09,-0.08,43.22,NaN,NaN,NaN,NaN,NaN,NaN,NaN,NaN,NaN,NaN
987.38,36.03,31.19,36.00,20.00,AUTO,0,43,NaN,-1.80,45.09,-0.08,43.22,NaN,NaN,NaN,NaN,NaN,NaN,NaN,NaN,NaN,NaN
988.39,36.03,31.17,36.00,20.00,AUTO,0,43,NaN,-1.80,45.09,-0.08,43.22,NaN,NaN,NaN,NaN,NaN,NaN,NaN,NaN,NaN,NaN
989.39,36.02,31.22,36.00,20.00,AUTO,0,43,NaN,-1.80,45.09,-0.08,43.22,NaN,NaN,NaN,NaN,NaN,NaN,NaN,NaN,NaN,NaN
990.39,36.02,31.22,36.00,20.00,AUTO,0,43,NaN,-1.80,45.09,-0.08,43.22,NaN,NaN,NaN,NaN,NaN,NaN,NaN,NaN,NaN,NaN
991.39,36.03,31.23,36.00,20.00,AUTO,0,43,NaN,-1.80,45.09,-0.08,43.22,NaN,NaN,NaN,NaN,NaN,NaN,NaN,NaN,NaN,NaN
992.39,36.02,31.22,36.00,20.00,AUTO,0,43,NaN,-1.50,44.90,0.07,43.47,NaN,NaN,NaN,NaN,NaN,NaN,NaN,NaN,NaN,NaN
993.39,36.02,31.22,36.00,20.00,AUTO,0,43,NaN,-1.50,44.90,0.07,43.47,NaN,NaN,NaN,NaN,NaN,NaN,NaN,NaN,NaN,NaN
994.39,36.02,31.22,36.00,20.00,AUTO,0,43,NaN,-1.50,44.90,0.07,43.47,NaN,NaN,NaN,NaN,NaN,NaN,NaN,NaN,NaN,NaN
995.40,36.02,31.22,36.00,20.00,AUTO,0,43,NaN,-1.50,44.90,0.07,43.47,NaN,NaN,NaN,NaN,NaN,NaN,NaN,NaN,NaN,NaN
996.40,36.02,31.22,36.00,20.00,AUTO,0,43,NaN,-1.50,44.90,0.07,43.47,NaN,NaN,NaN,NaN,NaN,NaN,NaN,NaN,NaN,NaN
997.40,36.02,31.22,36.00,20.00,AUTO,0,43,NaN,-1.50,44.90,0.07,43.47,NaN,NaN,NaN,NaN,NaN,NaN,NaN,NaN,NaN,NaN
998.40,36.02,31.22,36.00,20.00,AUTO,0,43,NaN,-1.50,44.90,0.07,43.47,NaN,NaN,NaN,NaN,NaN,NaN,NaN,NaN,NaN,NaN
999.40,36.02,31.25,36.00,20.00,AUTO,0,43,NaN,-1.50,44.90,0.07,43.47,NaN,NaN,NaN,NaN,NaN,NaN,NaN,NaN,NaN,NaN
1000.40,36.02,31.25,36.00,20.00,AUTO,0,43,NaN,-1.50,44.90,0.07,43.47,NaN,NaN,NaN,NaN,NaN,NaN,NaN,NaN,NaN,NaN
1001.41,36.02,31.25,36.00,20.00,AUTO,0,43,NaN,-1.50,44.90,0.07,43.47,NaN,NaN,NaN,NaN,NaN,NaN,NaN,NaN,NaN,NaN
1002.41,36.02,31.25,36.00,20.00,AUTO,0,43,NaN,-1.50,44.90,0.07,43.47,NaN,NaN,NaN,NaN,NaN,NaN,NaN,NaN,NaN,NaN
1003.41,36.02,31.25,36.00,20.00,AUTO,0,43,NaN,-1.50,44.90,0.07,43.47,NaN,NaN,NaN,NaN,NaN,NaN,NaN,NaN,NaN,NaN
1004.41,36.02,31.25,36.00,20.00,AUTO,0,43,NaN,-1.50,44.90,0.07,43.47,NaN,NaN,NaN,NaN,NaN,NaN,NaN,NaN,NaN,NaN
1005.41,36.02,31.25,36.00,20.00,AUTO,0,43,NaN,-1.50,44.90,0.07,43.47,NaN,NaN,NaN,NaN,NaN,NaN,NaN,NaN,NaN,NaN
1006.42,36.02,31.25,36.00,20.00,AUTO,0,43,NaN,-1.50,44.90,0.07,43.47,NaN,NaN,NaN,NaN,NaN,NaN,NaN,NaN,NaN,NaN
1007.42,36.02,31.25,36.00,20.00,AUTO,0,44,NaN,-1.20,44.74,0.18,43.71,NaN,NaN,NaN,NaN,NaN,NaN,NaN,NaN,NaN,NaN
1008.42,36.02,31.25,36.00,20.00,AUTO,0,44,NaN,-1.20,44.74,0.18,43.71,NaN,NaN,NaN,NaN,NaN,NaN,NaN,NaN,NaN,NaN
1009.42,36.02,31.25,36.00,20.00,AUTO,0,44,NaN,-1.20,44.74,0.18,43.71,NaN,NaN,NaN,NaN,NaN,NaN,NaN,NaN,NaN,NaN
1010.42,36.02,31.25,36.00,20.00,AUTO,0,44,NaN,-1.20,44.74,0.18,43.71,NaN,NaN,NaN,NaN,NaN,NaN,NaN,NaN,NaN,NaN
1011.42,36.02,31.29,36.00,20.00,AUTO,0,44,NaN,-1.20,44.74,0.18,43.71,NaN,NaN,NaN,NaN,NaN,NaN,NaN,NaN,NaN,NaN
1012.42,36.02,31.29,36.00,20.00,AUTO,0,44,NaN,-1.20,44.74,0.18,43.71,NaN,NaN,NaN,NaN,NaN,NaN,NaN,NaN,NaN,NaN
1013.42,36.02,31.29,36.00,20.00,AUTO,0,44,NaN,-1.20,44.74,0.18,43.71,NaN,NaN,NaN,NaN,NaN,NaN,NaN,NaN,NaN,NaN
1014.43,36.02,31.29,36.00,20.00,AUTO,0,44,NaN,-1.20,44.74,0.18,43.71,NaN,NaN,NaN,NaN,NaN,NaN,NaN,NaN,NaN,NaN
1015.43,36.02,31.29,36.00,20.00,AUTO,0,44,NaN,-1.20,44.74,0.18,43.71,NaN,NaN,NaN,NaN,NaN,NaN,NaN,NaN,NaN,NaN
1016.43,36.02,31.29,36.00,20.00,AUTO,0,44,NaN,-1.20,44.74,0.18,43.71,NaN,NaN,NaN,NaN,NaN,NaN,NaN,NaN,NaN,NaN
1017.43,36.02,31.29,36.00,20.00,AUTO,0,44,NaN,-1.20,44.74,0.18,43.71,NaN,NaN,NaN,NaN,NaN,NaN,NaN,NaN,NaN,NaN
1018.43,36.02,31.29,36.00,20.00,AUTO,0,44,NaN,-1.20,44.74,0.18,43.71,NaN,NaN,NaN,NaN,NaN,NaN,NaN,NaN,NaN,NaN
1019.44,36.02,31.29,36.00,20.00,AUTO,0,44,NaN,-1.20,44.74,0.18,43.71,NaN,NaN,NaN,NaN,NaN,NaN,NaN,NaN,NaN,NaN
1020.44,36.02,31.29,36.00,20.00,AUTO,0,44,NaN,-1.20,44.74,0.18,43.71,NaN,NaN,NaN,NaN,NaN,NaN,NaN,NaN,NaN,NaN
1021.44,36.02,31.29,36.00,20.00,AUTO,0,44,NaN,-1.20,44.74,0.18,43.71,NaN,NaN,NaN,NaN,NaN,NaN,NaN,NaN,NaN,NaN
1022.44,36.02,31.29,36.00,20.00,AUTO,0,43,NaN,-1.20,44.57,0.00,43.37,NaN,NaN,NaN,NaN,NaN,NaN,NaN,NaN,NaN,NaN
1023.44,36.02,31.29,36.00,20.00,AUTO,0,43,NaN,-1.20,44.57,0.00,43.37,NaN,NaN,NaN,NaN,NaN,NaN,NaN,NaN,NaN,NaN
1024.44,36.02,31.29,36.00,20.00,AUTO,0,43,NaN,-1.20,44.57,0.00,43.37,NaN,NaN,NaN,NaN,NaN,NaN,NaN,NaN,NaN,NaN
1025.44,36.02,31.29,36.00,20.00,AUTO,0,43,NaN,-1.20,44.57,0.00,43.37,NaN,NaN,NaN,NaN,NaN,NaN,NaN,NaN,NaN,NaN
1026.44,36.02,31.29,36.00,20.00,AUTO,0,43,NaN,-1.20,44.57,0.00,43.37,NaN,NaN,NaN,NaN,NaN,NaN,NaN,NaN,NaN,NaN
1027.45,36.02,31.33,36.00,20.00,AUTO,0,43,NaN,-1.20,44.57,0.00,43.37,NaN,NaN,NaN,NaN,NaN,NaN,NaN,NaN,NaN,NaN
1028.45,36.02,31.33,36.00,20.00,AUTO,0,43,NaN,-1.20,44.57,0.00,43.37,NaN,NaN,NaN,NaN,NaN,NaN,NaN,NaN,NaN,NaN
1029.45,36.02,31.33,36.00,20.00,AUTO,0,43,NaN,-1.20,44.57,0.00,43.37,NaN,NaN,NaN,NaN,NaN,NaN,NaN,NaN,NaN,NaN
1030.45,36.02,31.33,36.00,20.00,AUTO,0,43,NaN,-1.20,44.57,0.00,43.37,NaN,NaN,NaN,NaN,NaN,NaN,NaN,NaN,NaN,NaN
1031.45,36.02,31.33,36.00,20.00,AUTO,0,43,NaN,-1.20,44.57,0.00,43.37,NaN,NaN,NaN,NaN,NaN,NaN,NaN,NaN,NaN,NaN
1032.45,36.02,31.33,36.00,20.00,AUTO,0,43,NaN,-1.20,44.57,0.00,43.37,NaN,NaN,NaN,NaN,NaN,NaN,NaN,NaN,NaN,NaN
1033.46,36.02,31.33,36.00,20.00,AUTO,0,43,NaN,-1.20,44.57,0.00,43.37,NaN,NaN,NaN,NaN,NaN,NaN,NaN,NaN,NaN,NaN
1034.46,36.02,31.33,36.00,20.00,AUTO,0,43,NaN,-1.20,44.57,0.00,43.37,NaN,NaN,NaN,NaN,NaN,NaN,NaN,NaN,NaN,NaN
1035.46,36.02,31.33,36.00,20.00,AUTO,0,43,NaN,-1.20,44.57,0.00,43.37,NaN,NaN,NaN,NaN,NaN,NaN,NaN,NaN,NaN,NaN
1036.46,36.02,31.33,36.00,20.00,AUTO,0,43,NaN,-1.20,44.57,0.00,43.37,NaN,NaN,NaN,NaN,NaN,NaN,NaN,NaN,NaN,NaN
1037.47,36.02,31.33,36.00,20.00,AUTO,0,43,NaN,-1.20,44.41,0.00,43.21,NaN,NaN,NaN,NaN,NaN,NaN,NaN,NaN,NaN,NaN
1038.47,36.02,31.33,36.00,20.00,AUTO,0,43,NaN,-1.20,44.41,0.00,43.21,NaN,NaN,NaN,NaN,NaN,NaN,NaN,NaN,NaN,NaN
1039.47,36.02,31.33,36.00,20.00,AUTO,0,43,NaN,-1.20,44.41,0.00,43.21,NaN,NaN,NaN,NaN,NaN,NaN,NaN,NaN,NaN,NaN
1040.47,36.02,31.33,36.00,20.00,AUTO,0,43,NaN,-1.20,44.41,0.00,43.21,NaN,NaN,NaN,NaN,NaN,NaN,NaN,NaN,NaN,NaN
1041.47,36.02,31.33,36.00,20.00,AUTO,0,43,NaN,-1.20,44.41,0.00,43.21,NaN,NaN,NaN,NaN,NaN,NaN,NaN,NaN,NaN,NaN
1042.47,36.02,31.33,36.00,20.00,AUTO,0,43,NaN,-1.20,44.41,0.00,43.21,NaN,NaN,NaN,NaN,NaN,NaN,NaN,NaN,NaN,NaN
1043.47,36.02,31.33,36.00,20.00,AUTO,0,43,NaN,-1.20,44.41,0.00,43.21,NaN,NaN,NaN,NaN,NaN,NaN,NaN,NaN,NaN,NaN
1044.47,36.02,31.38,36.00,20.00,AUTO,0,43,NaN,-1.20,44.41,0.00,43.21,NaN,NaN,NaN,NaN,NaN,NaN,NaN,NaN,NaN,NaN
1045.48,36.02,31.38,36.00,20.00,AUTO,0,43,NaN,-1.20,44.41,0.00,43.21,NaN,NaN,NaN,NaN,NaN,NaN,NaN,NaN,NaN,NaN
1046.48,36.02,31.38,36.00,20.00,AUTO,0,43,NaN,-1.20,44.41,0.00,43.21,NaN,NaN,NaN,NaN,NaN,NaN,NaN,NaN,NaN,NaN
1047.48,36.02,31.38,36.00,20.00,AUTO,0,43,NaN,-1.20,44.41,0.00,43.21,NaN,NaN,NaN,NaN,NaN,NaN,NaN,NaN,NaN,NaN
1048.48,36.02,31.38,36.00,20.00,AUTO,0,43,NaN,-1.20,44.41,0.00,43.21,NaN,NaN,NaN,NaN,NaN,NaN,NaN,NaN,NaN,NaN
1049.48,36.02,31.38,36.00,20.00,AUTO,0,43,NaN,-1.20,44.41,0.00,43.21,NaN,NaN,NaN,NaN,NaN,NaN,NaN,NaN,NaN,NaN
1050.48,36.02,31.38,36.00,20.00,AUTO,0,43,NaN,-1.20,44.41,0.00,43.21,NaN,NaN,NaN,NaN,NaN,NaN,NaN,NaN,NaN,NaN
1051.49,36.02,31.38,36.00,20.00,AUTO,0,43,NaN,-1.20,44.41,0.00,43.21,NaN,NaN,NaN,NaN,NaN,NaN,NaN,NaN,NaN,NaN
1052.49,36.02,31.38,36.00,20.00,AUTO,0,43,NaN,-1.20,44.24,0.00,43.04,NaN,NaN,NaN,NaN,NaN,NaN,NaN,NaN,NaN,NaN
1053.49,36.02,31.38,36.00,20.00,AUTO,0,43,NaN,-1.20,44.24,0.00,43.04,NaN,NaN,NaN,NaN,NaN,NaN,NaN,NaN,NaN,NaN
1054.49,36.02,31.38,36.00,20.00,AUTO,0,43,NaN,-1.20,44.24,0.00,43.04,NaN,NaN,NaN,NaN,NaN,NaN,NaN,NaN,NaN,NaN
1055.49,36.02,31.38,36.00,20.00,AUTO,0,43,NaN,-1.20,44.24,0.00,43.04,NaN,NaN,NaN,NaN,NaN,NaN,NaN,NaN,NaN,NaN
1056.49,36.02,31.38,36.00,20.00,AUTO,0,43,NaN,-1.20,44.24,0.00,43.04,NaN,NaN,NaN,NaN,NaN,NaN,NaN,NaN,NaN,NaN
1057.49,36.02,31.38,36.00,20.00,AUTO,0,43,NaN,-1.20,44.24,0.00,43.04,NaN,NaN,NaN,NaN,NaN,NaN,NaN,NaN,NaN,NaN
1058.49,36.02,31.38,36.00,20.00,AUTO,0,43,NaN,-1.20,44.24,0.00,43.04,NaN,NaN,NaN,NaN,NaN,NaN,NaN,NaN,NaN,NaN
1059.50,36.02,31.38,36.00,20.00,AUTO,0,43,NaN,-1.20,44.24,0.00,43.04,NaN,NaN,NaN,NaN,NaN,NaN,NaN,NaN,NaN,NaN
1060.50,36.02,31.38,36.00,20.00,AUTO,0,43,NaN,-1.20,44.24,0.00,43.04,NaN,NaN,NaN,NaN,NaN,NaN,NaN,NaN,NaN,NaN
1061.50,36.02,31.38,36.00,20.00,AUTO,0,43,NaN,-1.20,44.24,0.00,43.04,NaN,NaN,NaN,NaN,NaN,NaN,NaN,NaN,NaN,NaN
1062.50,36.02,31.38,36.00,20.00,AUTO,0,43,NaN,-1.20,44.24,0.00,43.04,NaN,NaN,NaN,NaN,NaN,NaN,NaN,NaN,NaN,NaN
1063.50,36.02,31.38,36.00,20.00,AUTO,0,43,NaN,-1.20,44.24,0.00,43.04,NaN,NaN,NaN,NaN,NaN,NaN,NaN,NaN,NaN,NaN
1064.51,36.02,31.38,36.00,20.00,AUTO,0,43,NaN,-1.20,44.24,0.00,43.04,NaN,NaN,NaN,NaN,NaN,NaN,NaN,NaN,NaN,NaN
1065.51,36.02,31.38,36.00,20.00,AUTO,0,43,NaN,-1.20,44.24,0.00,43.04,NaN,NaN,NaN,NaN,NaN,NaN,NaN,NaN,NaN,NaN
1066.51,36.02,31.38,36.00,20.00,AUTO,0,43,NaN,-1.20,44.24,0.00,43.04,NaN,NaN,NaN,NaN,NaN,NaN,NaN,NaN,NaN,NaN
1067.51,36.02,31.41,36.00,20.00,AUTO,0,43,NaN,-1.20,44.08,0.00,42.88,NaN,NaN,NaN,NaN,NaN,NaN,NaN,NaN,NaN,NaN
1068.51,36.02,31.41,36.00,20.00,AUTO,0,43,NaN,-1.20,44.08,0.00,42.88,NaN,NaN,NaN,NaN,NaN,NaN,NaN,NaN,NaN,NaN
1069.51,36.02,31.38,36.00,20.00,AUTO,0,43,NaN,-1.20,44.08,0.00,42.88,NaN,NaN,NaN,NaN,NaN,NaN,NaN,NaN,NaN,NaN
1070.52,36.02,31.41,36.00,20.00,AUTO,0,43,NaN,-1.20,44.08,0.00,42.88,NaN,NaN,NaN,NaN,NaN,NaN,NaN,NaN,NaN,NaN
1071.52,36.02,31.38,36.00,20.00,AUTO,0,43,NaN,-1.20,44.08,0.00,42.88,NaN,NaN,NaN,NaN,NaN,NaN,NaN,NaN,NaN,NaN
1072.52,36.02,31.41,36.00,20.00,AUTO,0,43,NaN,-1.20,44.08,0.00,42.88,NaN,NaN,NaN,NaN,NaN,NaN,NaN,NaN,NaN,NaN
1073.52,36.02,31.41,36.00,20.00,AUTO,0,43,NaN,-1.20,44.08,0.00,42.88,NaN,NaN,NaN,NaN,NaN,NaN,NaN,NaN,NaN,NaN
1074.52,36.02,31.41,36.00,20.00,AUTO,0,43,NaN,-1.20,44.08,0.00,42.88,NaN,NaN,NaN,NaN,NaN,NaN,NaN,NaN,NaN,NaN
1075.52,36.02,31.41,36.00,20.00,AUTO,0,43,NaN,-1.20,44.08,0.00,42.88,NaN,NaN,NaN,NaN,NaN,NaN,NaN,NaN,NaN,NaN
1076.52,36.02,31.41,36.00,20.00,AUTO,0,43,NaN,-1.20,44.08,0.00,42.88,NaN,NaN,NaN,NaN,NaN,NaN,NaN,NaN,NaN,NaN
1077.53,36.02,31.41,36.00,20.00,AUTO,0,43,NaN,-1.20,44.08,0.00,42.88,NaN,NaN,NaN,NaN,NaN,NaN,NaN,NaN,NaN,NaN
1078.53,36.02,31.41,36.00,20.00,AUTO,0,43,NaN,-1.20,44.08,0.00,42.88,NaN,NaN,NaN,NaN,NaN,NaN,NaN,NaN,NaN,NaN
1079.53,36.02,31.41,36.00,20.00,AUTO,0,43,NaN,-1.20,44.08,0.00,42.88,NaN,NaN,NaN,NaN,NaN,NaN,NaN,NaN,NaN,NaN
1080.53,36.02,31.41,36.00,20.00,AUTO,0,43,NaN,-1.20,44.08,0.00,42.88,NaN,NaN,NaN,NaN,NaN,NaN,NaN,NaN,NaN,NaN
1081.53,36.02,31.45,36.00,20.00,AUTO,0,43,NaN,-1.20,44.08,0.00,42.88,NaN,NaN,NaN,NaN,NaN,NaN,NaN,NaN,NaN,NaN
1082.54,36.02,31.41,36.00,20.00,AUTO,0,43,NaN,-1.20,43.91,0.00,42.71,NaN,NaN,NaN,NaN,NaN,NaN,NaN,NaN,NaN,NaN
1083.54,36.02,31.45,36.00,20.00,AUTO,0,43,NaN,-1.20,43.91,0.00,42.71,NaN,NaN,NaN,NaN,NaN,NaN,NaN,NaN,NaN,NaN
1084.54,36.00,31.45,36.00,20.00,AUTO,0,43,NaN,-1.20,43.91,0.00,42.71,NaN,NaN,NaN,NaN,NaN,NaN,NaN,NaN,NaN,NaN
1085.54,36.02,31.41,36.00,20.00,AUTO,0,43,NaN,-1.20,43.91,0.00,42.71,NaN,NaN,NaN,NaN,NaN,NaN,NaN,NaN,NaN,NaN
1086.54,36.00,31.45,36.00,20.00,AUTO,0,43,NaN,-1.20,43.91,0.00,42.71,NaN,NaN,NaN,NaN,NaN,NaN,NaN,NaN,NaN,NaN
1087.54,36.00,31.45,36.00,20.00,AUTO,0,43,NaN,-1.20,43.91,0.00,42.71,NaN,NaN,NaN,NaN,NaN,NaN,NaN,NaN,NaN,NaN
1088.54,36.00,31.45,36.00,20.00,AUTO,0,43,NaN,-1.20,43.91,0.00,42.71,NaN,NaN,NaN,NaN,NaN,NaN,NaN,NaN,NaN,NaN
1089.54,36.02,31.45,36.00,20.00,AUTO,0,43,NaN,-1.20,43.91,0.00,42.71,NaN,NaN,NaN,NaN,NaN,NaN,NaN,NaN,NaN,NaN
1090.55,36.02,31.45,36.00,20.00,AUTO,0,43,NaN,-1.20,43.91,0.00,42.71,NaN,NaN,NaN,NaN,NaN,NaN,NaN,NaN,NaN,NaN
1091.55,36.02,31.45,36.00,20.00,AUTO,0,43,NaN,-1.20,43.91,0.00,42.71,NaN,NaN,NaN,NaN,NaN,NaN,NaN,NaN,NaN,NaN
1092.55,36.02,31.45,36.00,20.00,AUTO,0,43,NaN,-1.20,43.91,0.00,42.71,NaN,NaN,NaN,NaN,NaN,NaN,NaN,NaN,NaN,NaN
1093.55,36.02,31.45,36.00,20.00,AUTO,0,43,NaN,-1.20,43.91,0.00,42.71,NaN,NaN,NaN,NaN,NaN,NaN,NaN,NaN,NaN,NaN
1094.55,36.02,31.45,36.00,20.00,AUTO,0,43,NaN,-1.20,43.91,0.00,42.71,NaN,NaN,NaN,NaN,NaN,NaN,NaN,NaN,NaN,NaN
1095.55,36.02,31.45,36.00,20.00,AUTO,0,43,NaN,-1.20,43.91,0.00,42.71,NaN,NaN,NaN,NaN,NaN,NaN,NaN,NaN,NaN,NaN
1096.56,36.02,31.45,36.00,20.00,AUTO,0,43,NaN,-1.20,43.91,0.00,42.71,NaN,NaN,NaN,NaN,NaN,NaN,NaN,NaN,NaN,NaN
1097.56,36.00,31.45,36.00,20.00,AUTO,0,43,NaN,-1.20,43.79,-0.01,42.58,NaN,NaN,NaN,NaN,NaN,NaN,NaN,NaN,NaN,NaN
1098.56,36.00,31.45,36.00,20.00,AUTO,0,43,NaN,-1.20,43.79,-0.01,42.58,NaN,NaN,NaN,NaN,NaN,NaN,NaN,NaN,NaN,NaN
1099.56,36.00,31.45,36.00,20.00,AUTO,0,43,NaN,-1.20,43.79,-0.01,42.58,NaN,NaN,NaN,NaN,NaN,NaN,NaN,NaN,NaN,NaN
1100.56,35.99,31.45,36.00,20.00,AUTO,0,43,NaN,-1.20,43.79,-0.01,42.58,NaN,NaN,NaN,NaN,NaN,NaN,NaN,NaN,NaN,NaN
1101.56,36.00,31.45,36.00,20.00,AUTO,0,43,NaN,-1.20,43.79,-0.01,42.58,NaN,NaN,NaN,NaN,NaN,NaN,NaN,NaN,NaN,NaN
1102.57,35.99,31.45,36.00,20.00,AUTO,0,43,NaN,-1.20,43.79,-0.01,42.58,NaN,NaN,NaN,NaN,NaN,NaN,NaN,NaN,NaN,NaN
1103.57,36.00,31.45,36.00,20.00,AUTO,0,43,NaN,-1.20,43.79,-0.01,42.58,NaN,NaN,NaN,NaN,NaN,NaN,NaN,NaN,NaN,NaN
1104.57,36.02,31.45,36.00,20.00,AUTO,0,43,NaN,-1.20,43.79,-0.01,42.58,NaN,NaN,NaN,NaN,NaN,NaN,NaN,NaN,NaN,NaN
1105.57,36.02,31.45,36.00,20.00,AUTO,0,43,NaN,-1.20,43.79,-0.01,42.58,NaN,NaN,NaN,NaN,NaN,NaN,NaN,NaN,NaN,NaN
1106.57,36.02,31.50,36.00,20.00,AUTO,0,43,NaN,-1.20,43.79,-0.01,42.58,NaN,NaN,NaN,NaN,NaN,NaN,NaN,NaN,NaN,NaN
1107.57,36.02,31.50,36.00,20.00,AUTO,0,43,NaN,-1.20,43.79,-0.01,42.58,NaN,NaN,NaN,NaN,NaN,NaN,NaN,NaN,NaN,NaN
1108.57,36.02,31.50,36.00,20.00,AUTO,0,43,NaN,-1.20,43.79,-0.01,42.58,NaN,NaN,NaN,NaN,NaN,NaN,NaN,NaN,NaN,NaN
1109.58,36.02,31.50,36.00,20.00,AUTO,0,43,NaN,-1.20,43.79,-0.01,42.58,NaN,NaN,NaN,NaN,NaN,NaN,NaN,NaN,NaN,NaN
1110.58,36.02,31.50,36.00,20.00,AUTO,0,43,NaN,-1.20,43.79,-0.01,42.58,NaN,NaN,NaN,NaN,NaN,NaN,NaN,NaN,NaN,NaN
1111.58,36.02,31.50,36.00,20.00,AUTO,0,43,NaN,-1.20,43.79,-0.01,42.58,NaN,NaN,NaN,NaN,NaN,NaN,NaN,NaN,NaN,NaN
1112.58,35.98,31.50,36.00,20.00,AUTO,0,42,NaN,-1.20,43.71,-0.17,42.35,NaN,NaN,NaN,NaN,NaN,NaN,NaN,NaN,NaN,NaN
1113.58,35.98,31.50,36.00,20.00,AUTO,0,42,NaN,-1.20,43.71,-0.17,42.35,NaN,NaN,NaN,NaN,NaN,NaN,NaN,NaN,NaN,NaN
1114.58,35.98,31.50,36.00,20.00,AUTO,0,42,NaN,-1.20,43.71,-0.17,42.35,NaN,NaN,NaN,NaN,NaN,NaN,NaN,NaN,NaN,NaN
1115.59,35.97,31.50,36.00,20.00,AUTO,0,42,NaN,-1.20,43.71,-0.17,42.35,NaN,NaN,NaN,NaN,NaN,NaN,NaN,NaN,NaN,NaN
1116.59,35.96,31.50,36.00,20.00,AUTO,0,42,NaN,-1.20,43.71,-0.17,42.35,NaN,NaN,NaN,NaN,NaN,NaN,NaN,NaN,NaN,NaN
1117.59,35.96,31.50,36.00,20.00,AUTO,0,42,NaN,-1.20,43.71,-0.17,42.35,NaN,NaN,NaN,NaN,NaN,NaN,NaN,NaN,NaN,NaN
1118.59,35.96,31.54,36.00,20.00,AUTO,0,42,NaN,-1.20,43.71,-0.17,42.35,NaN,NaN,NaN,NaN,NaN,NaN,NaN,NaN,NaN,NaN
1119.59,35.99,31.54,36.00,20.00,AUTO,0,42,NaN,-1.20,43.71,-0.17,42.35,NaN,NaN,NaN,NaN,NaN,NaN,NaN,NaN,NaN,NaN
1120.59,35.98,31.54,36.00,20.00,AUTO,0,42,NaN,-1.20,43.71,-0.17,42.35,NaN,NaN,NaN,NaN,NaN,NaN,NaN,NaN,NaN,NaN
1121.59,35.99,31.54,36.00,20.00,AUTO,0,42,NaN,-1.20,43.71,-0.17,42.35,NaN,NaN,NaN,NaN,NaN,NaN,NaN,NaN,NaN,NaN
1122.60,35.99,31.54,36.00,20.00,AUTO,0,42,NaN,-1.20,43.71,-0.17,42.35,NaN,NaN,NaN,NaN,NaN,NaN,NaN,NaN,NaN,NaN
1123.60,35.99,31.54,36.00,20.00,AUTO,0,42,NaN,-1.20,43.71,-0.17,42.35,NaN,NaN,NaN,NaN,NaN,NaN,NaN,NaN,NaN,NaN
1124.60,36.00,31.54,36.00,20.00,AUTO,0,42,NaN,-1.20,43.71,-0.17,42.35,NaN,NaN,NaN,NaN,NaN,NaN,NaN,NaN,NaN,NaN
1125.60,35.99,31.54,36.00,20.00,AUTO,0,42,NaN,-1.20,43.71,-0.17,42.35,NaN,NaN,NaN,NaN,NaN,NaN,NaN,NaN,NaN,NaN
1126.60,35.99,31.54,36.00,20.00,AUTO,0,42,NaN,-1.20,43.71,-0.17,42.35,NaN,NaN,NaN,NaN,NaN,NaN,NaN,NaN,NaN,NaN
1127.61,35.96,31.54,36.00,20.00,AUTO,0,45,NaN,0.60,43.87,0.75,45.22,NaN,NaN,NaN,NaN,NaN,NaN,NaN,NaN,NaN,NaN
1128.61,35.96,31.54,36.00,20.00,AUTO,0,45,NaN,0.60,43.87,0.75,45.22,NaN,NaN,NaN,NaN,NaN,NaN,NaN,NaN,NaN,NaN
1129.61,35.96,31.54,36.00,20.00,AUTO,0,45,NaN,0.60,43.87,0.75,45.22,NaN,NaN,NaN,NaN,NaN,NaN,NaN,NaN,NaN,NaN
1130.61,35.95,31.54,36.00,20.00,AUTO,0,45,NaN,0.60,43.87,0.75,45.22,NaN,NaN,NaN,NaN,NaN,NaN,NaN,NaN,NaN,NaN
1131.61,35.96,31.54,36.00,20.00,AUTO,0,45,NaN,0.60,43.87,0.75,45.22,NaN,NaN,NaN,NaN,NaN,NaN,NaN,NaN,NaN,NaN
1132.61,35.95,31.54,36.00,20.00,AUTO,0,45,NaN,0.60,43.87,0.75,45.22,NaN,NaN,NaN,NaN,NaN,NaN,NaN,NaN,NaN,NaN
1133.61,35.95,31.54,36.00,20.00,AUTO,0,45,NaN,0.60,43.87,0.75,45.22,NaN,NaN,NaN,NaN,NaN,NaN,NaN,NaN,NaN,NaN
1134.62,35.97,31.57,36.00,20.00,AUTO,0,45,NaN,0.60,43.87,0.75,45.22,NaN,NaN,NaN,NaN,NaN,NaN,NaN,NaN,NaN,NaN
1135.62,35.97,31.57,36.00,20.00,AUTO,0,45,NaN,0.60,43.87,0.75,45.22,NaN,NaN,NaN,NaN,NaN,NaN,NaN,NaN,NaN,NaN
1136.62,35.97,31.57,36.00,20.00,AUTO,0,45,NaN,0.60,43.87,0.75,45.22,NaN,NaN,NaN,NaN,NaN,NaN,NaN,NaN,NaN,NaN
1137.62,35.98,31.57,36.00,20.00,AUTO,0,45,NaN,0.60,43.87,0.75,45.22,NaN,NaN,NaN,NaN,NaN,NaN,NaN,NaN,NaN,NaN
1138.62,35.99,31.57,36.00,20.00,AUTO,0,45,NaN,0.60,43.87,0.75,45.22,NaN,NaN,NaN,NaN,NaN,NaN,NaN,NaN,NaN,NaN
1139.62,35.99,31.57,36.00,20.00,AUTO,0,45,NaN,0.60,43.87,0.75,45.22,NaN,NaN,NaN,NaN,NaN,NaN,NaN,NaN,NaN,NaN
1140.62,35.98,31.57,36.00,20.00,AUTO,0,45,NaN,0.60,43.87,0.75,45.22,NaN,NaN,NaN,NaN,NaN,NaN,NaN,NaN,NaN,NaN
1141.63,35.98,31.57,36.00,20.00,AUTO,0,45,NaN,0.60,43.87,0.75,45.22,NaN,NaN,NaN,NaN,NaN,NaN,NaN,NaN,NaN,NaN
1142.63,35.95,31.57,36.00,20.00,AUTO,0,45,NaN,1.20,44.14,0.16,45.50,NaN,NaN,NaN,NaN,NaN,NaN,NaN,NaN,NaN,NaN
1143.63,35.95,31.57,36.00,20.00,AUTO,0,45,NaN,1.20,44.14,0.16,45.50,NaN,NaN,NaN,NaN,NaN,NaN,NaN,NaN,NaN,NaN
1144.63,35.95,31.57,36.00,20.00,AUTO,0,45,NaN,1.20,44.14,0.16,45.50,NaN,NaN,NaN,NaN,NaN,NaN,NaN,NaN,NaN,NaN
1145.63,35.95,31.57,36.00,20.00,AUTO,0,45,NaN,1.20,44.14,0.16,45.50,NaN,NaN,NaN,NaN,NaN,NaN,NaN,NaN,NaN,NaN
1146.63,35.95,31.57,36.00,20.00,AUTO,0,45,NaN,1.20,44.14,0.16,45.50,NaN,NaN,NaN,NaN,NaN,NaN,NaN,NaN,NaN,NaN
1147.64,35.95,31.57,36.00,20.00,AUTO,0,45,NaN,1.20,44.14,0.16,45.50,NaN,NaN,NaN,NaN,NaN,NaN,NaN,NaN,NaN,NaN
1148.64,35.95,31.57,36.00,20.00,AUTO,0,45,NaN,1.20,44.14,0.16,45.50,NaN,NaN,NaN,NaN,NaN,NaN,NaN,NaN,NaN,NaN
1149.64,35.97,31.57,36.00,20.00,AUTO,0,45,NaN,1.20,44.14,0.16,45.50,NaN,NaN,NaN,NaN,NaN,NaN,NaN,NaN,NaN,NaN
1150.64,35.97,31.57,36.00,20.00,AUTO,0,45,NaN,1.20,44.14,0.16,45.50,NaN,NaN,NaN,NaN,NaN,NaN,NaN,NaN,NaN,NaN
1151.64,35.96,31.57,36.00,20.00,AUTO,0,45,NaN,1.20,44.14,0.16,45.50,NaN,NaN,NaN,NaN,NaN,NaN,NaN,NaN,NaN,NaN
1152.65,35.96,31.57,36.00,20.00,AUTO,0,45,NaN,1.20,44.14,0.16,45.50,NaN,NaN,NaN,NaN,NaN,NaN,NaN,NaN,NaN,NaN
1153.65,35.97,31.66,36.00,20.00,AUTO,0,45,NaN,1.20,44.14,0.16,45.50,NaN,NaN,NaN,NaN,NaN,NaN,NaN,NaN,NaN,NaN
1154.65,35.97,31.66,36.00,20.00,AUTO,0,45,NaN,1.20,44.14,0.16,45.50,NaN,NaN,NaN,NaN,NaN,NaN,NaN,NaN,NaN,NaN
1155.65,35.98,31.66,36.00,20.00,AUTO,0,45,NaN,1.20,44.14,0.16,45.50,NaN,NaN,NaN,NaN,NaN,NaN,NaN,NaN,NaN,NaN
1156.65,35.97,31.66,36.00,20.00,AUTO,0,45,NaN,1.20,44.14,0.16,45.50,NaN,NaN,NaN,NaN,NaN,NaN,NaN,NaN,NaN,NaN
1157.65,35.95,31.66,36.00,20.00,AUTO,0,46,NaN,1.50,44.47,0.26,46.22,NaN,NaN,NaN,NaN,NaN,NaN,NaN,NaN,NaN,NaN
1158.65,35.95,31.66,36.00,20.00,AUTO,0,46,NaN,1.50,44.47,0.26,46.22,NaN,NaN,NaN,NaN,NaN,NaN,NaN,NaN,NaN,NaN
1159.65,35.94,31.66,36.00,20.00,AUTO,0,46,NaN,1.50,44.47,0.26,46.22,NaN,NaN,NaN,NaN,NaN,NaN,NaN,NaN,NaN,NaN
1160.66,35.95,31.66,36.00,20.00,AUTO,0,46,NaN,1.50,44.47,0.26,46.22,NaN,NaN,NaN,NaN,NaN,NaN,NaN,NaN,NaN,NaN
1161.66,35.94,31.66,36.00,20.00,AUTO,0,46,NaN,1.50,44.47,0.26,46.22,NaN,NaN,NaN,NaN,NaN,NaN,NaN,NaN,NaN,NaN
1162.66,35.94,31.66,36.00,20.00,AUTO,0,46,NaN,1.50,44.47,0.26,46.22,NaN,NaN,NaN,NaN,NaN,NaN,NaN,NaN,NaN,NaN
1163.66,35.94,31.66,36.00,20.00,AUTO,0,46,NaN,1.50,44.47,0.26,46.22,NaN,NaN,NaN,NaN,NaN,NaN,NaN,NaN,NaN,NaN
1164.66,35.96,31.66,36.00,20.00,AUTO,0,46,NaN,1.50,44.47,0.26,46.22,NaN,NaN,NaN,NaN,NaN,NaN,NaN,NaN,NaN,NaN
1165.67,35.96,31.66,36.00,20.00,AUTO,0,46,NaN,1.50,44.47,0.26,46.22,NaN,NaN,NaN,NaN,NaN,NaN,NaN,NaN,NaN,NaN
1166.67,35.96,31.66,36.00,20.00,AUTO,0,46,NaN,1.50,44.47,0.26,46.22,NaN,NaN,NaN,NaN,NaN,NaN,NaN,NaN,NaN,NaN
1167.67,35.97,31.66,36.00,20.00,AUTO,0,46,NaN,1.50,44.47,0.26,46.22,NaN,NaN,NaN,NaN,NaN,NaN,NaN,NaN,NaN,NaN
1168.67,35.96,31.66,36.00,20.00,AUTO,0,46,NaN,1.50,44.47,0.26,46.22,NaN,NaN,NaN,NaN,NaN,NaN,NaN,NaN,NaN,NaN
1169.67,35.97,31.70,36.00,20.00,AUTO,0,46,NaN,1.50,44.47,0.26,46.22,NaN,NaN,NaN,NaN,NaN,NaN,NaN,NaN,NaN,NaN
1170.67,35.96,31.70,36.00,20.00,AUTO,0,46,NaN,1.50,44.47,0.26,46.22,NaN,NaN,NaN,NaN,NaN,NaN,NaN,NaN,NaN,NaN
1171.67,35.97,31.70,36.00,20.00,AUTO,0,46,NaN,1.50,44.47,0.26,46.22,NaN,NaN,NaN,NaN,NaN,NaN,NaN,NaN,NaN,NaN
1172.68,35.94,31.70,36.00,20.00,AUTO,0,47,NaN,2.10,44.84,0.00,46.95,NaN,NaN,NaN,NaN,NaN,NaN,NaN,NaN,NaN,NaN
1173.68,35.94,31.70,36.00,20.00,AUTO,0,47,NaN,2.10,44.84,0.00,46.95,NaN,NaN,NaN,NaN,NaN,NaN,NaN,NaN,NaN,NaN
1174.68,35.94,31.70,36.00,20.00,AUTO,0,47,NaN,2.10,44.84,0.00,46.95,NaN,NaN,NaN,NaN,NaN,NaN,NaN,NaN,NaN,NaN
