Time_Seconds,Temperature,Humidity,Setpoint_Temperature,Setpoint_Humidity,Ctrl,Error_Code,T_PWM,RH_PWM,T_PID_p,T_PID_i,T_PID_d,T_PID_out,RH_PID_p,RH_PID_i,RH_PID_d,RH_PID_out
0.00,29.97,41.99,36.00,20.00,AUTO,5,0,0,0.00,0.00,0.00,0.00,0.00,0.00,0.00,0.00
0.26,30.00,41.99,36.00,20.00,AUTO,9,0,0,0.00,0.00,0.00,0.00,0.00,0.00,0.00,0.00
0.40,30.00,41.99,36.00,20.00,AUTO,9,0,0,0.00,0.00,0.00,0.00,0.00,0.00,0.00,0.00
0.66,30.00,41.99,36.00,20.00,AUTO,9,0,0,0.00,0.00,0.00,0.00,0.00,0.00,0.00,0.00
1.67,29.98,41.99,36.00,20.00,AUTO,9,0,0,0.00,0.00,0.00,0.00,0.00,0.00,0.00,0.00
2.66,29.98,41.99,36.00,20.00,AUTO,9,0,0,0.00,0.00,0.00,0.00,0.00,0.00,0.00,0.00
3.67,29.97,41.99,36.00,20.00,AUTO,9,0,0,0.00,0.00,0.00,0.00,0.00,0.00,0.00,0.00
4.67,29.96,42.02,36.00,20.00,AUTO,9,100,0,30071.43,0.00,-4.29,30075.72,0.00,0.00,0.00,0.00
5.67,29.95,42.02,36.00,20.00,AUTO,9,100,0,30071.43,0.00,-4.29,30075.72,0.00,0.00,0.00,0.00
6.67,29.95,42.02,36.00,20.00,AUTO,9,100,0,30071.43,0.00,-4.29,30075.72,0.00,0.00,0.00,0.00
7.67,29.95,42.02,36.00,20.00,AUTO,9,100,0,30071.43,0.00,-4.29,30075.72,0.00,0.00,0.00,0.00
8.68,29.96,41.99,36.00,20.00,AUTO,9,100,0,30071.43,0.00,-4.29,30075.72,0.00,0.00,0.00,0.00
9.68,29.95,41.99,36.00,20.00,AUTO,9,100,0,30071.43,0.00,-4.29,30075.72,0.00,0.00,0.00,0.00
10.68,29.95,41.99,36.00,20.00,AUTO,9,100,0,30071.43,0.00,-4.29,30075.72,0.00,0.00,0.00,0.00
11.68,29.96,41.99,36.00,20.00,AUTO,9,100,0,30071.43,0.00,-4.29,30075.72,0.00,0.00,0.00,0.00
12.68,29.97,41.99,36.00,20.00,MAN,9,100,0,30071.43,0.00,-4.29,30075.72,0.00,0.00,0.00,0.00
13.68,30.01,41.95,36.00,20.00,MAN,9,100,0,30071.43,0.00,-4.29,30075.72,0.00,0.00,0.00,0.00
14.69,30.02,41.95,36.00,20.00,MAN,9,100,0,30071.43,0.00,-4.29,30075.72,0.00,0.00,0.00,0.00
15.69,30.02,41.95,36.00,20.00,MAN,9,100,0,30071.43,0.00,-4.29,30075.72,0.00,0.00,0.00,0.00
16.69,30.02,41.92,36.00,20.00,MAN,9,100,0,30071.43,0.00,-4.29,30075.72,0.00,0.00,0.00,0.00
17.69,30.03,41.92,36.00,20.00,MAN,9,100,0,30071.43,0.00,-4.29,30075.72,0.00,0.00,0.00,0.00
18.69,30.03,41.92,36.00,20.00,MAN,9,100,0,30071.43,0.00,-4.29,30075.72,0.00,0.00,0.00,0.00
19.69,30.04,41.94,36.00,20.00,MAN,9,100,0,30071.43,0.00,-4.29,30075.72,0.00,0.00,0.00,0.00
20.69,30.04,41.90,36.00,20.00,MAN,9,100,0,30071.43,0.00,-4.29,30075.72,0.00,0.00,0.00,0.00
21.69,30.05,41.90,36.00,20.00,MAN,9,100,0,30071.43,0.00,-4.29,30075.72,0.00,0.00,0.00,0.00
22.70,30.04,41.90,36.00,20.00,MAN,9,100,0,30071.43,0.00,-4.29,30075.72,0.00,0.00,0.00,0.00
23.70,30.05,41.90,36.00,20.00,MAN,9,100,0,30071.43,0.00,-4.29,30075.72,0.00,0.00,0.00,0.00
24.70,30.05,41.87,36.00,20.00,MAN,9,100,0,30071.43,0.00,-4.29,30075.72,0.00,0.00,0.00,0.00
25.70,30.06,41.87,36.00,20.00,MAN,9,100,0,30071.43,0.00,-4.29,30075.72,0.00,0.00,0.00,0.00
26.70,30.07,41.87,36.00,20.00,MAN,9,100,0,30071.43,0.00,-4.29,30075.72,0.00,0.00,0.00,0.00
27.71,30.08,41.84,36.00,20.00,MAN,9,100,0,30071.43,0.00,-4.29,30075.72,0.00,0.00,0.00,0.00
28.71,30.09,41.84,36.00,20.00,MAN,9,100,0,30071.43,0.00,-4.29,30075.72,0.00,0.00,0.00,0.00
29.71,30.10,41.81,36.00,20.00,MAN,9,100,0,30071.43,0.00,-4.29,30075.72,0.00,0.00,0.00,0.00
30.71,30.11,41.81,36.00,20.00,MAN,9,100,0,30071.43,0.00,-4.29,30075.72,0.00,0.00,0.00,0.00
31.71,30.12,41.74,36.00,20.00,MAN,9,100,0,30071.43,0.00,-4.29,30075.72,0.00,0.00,0.00,0.00
32.71,30.15,41.74,36.00,20.00,MAN,9,100,0,30071.43,0.00,-4.29,30075.72,0.00,0.00,0.00,0.00
33.72,30.16,41.71,36.00,20.00,MAN,9,100,0,30071.43,0.00,-4.29,30075.72,0.00,0.00,0.00,0.00
34.71,30.17,41.71,36.00,20.00,MAN,9,100,0,30071.43,0.00,-4.29,30075.72,0.00,0.00,0.00,0.00
35.72,30.18,41.68,36.00,20.00,MAN,9,100,0,30071.43,0.00,-4.29,30075.72,0.00,0.00,0.00,0.00
36.72,30.20,41.64,36.00,20.00,MAN,9,100,0,30071.43,0.00,-4.29,30075.72,0.00,0.00,0.00,0.00
37.72,30.22,41.66,36.00,20.00,MAN,9,100,0,30071.43,0.00,-4.29,30075.72,0.00,0.00,0.00,0.00
38.72,30.23,41.62,36.00,20.00,MAN,9,100,0,30071.43,0.00,-4.29,30075.72,0.00,0.00,0.00,0.00
39.72,30.25,41.59,36.00,20.00,MAN,9,100,0,30071.43,0.00,-4.29,30075.72,0.00,0.00,0.00,0.00
40.73,30.26,41.55,36.00,20.00,MAN,9,100,0,30071.43,0.00,-4.29,30075.72,0.00,0.00,0.00,0.00
41.73,30.28,41.55,36.00,20.00,MAN,9,100,0,30071.43,0.00,-4.29,30075.72,0.00,0.00,0.00,0.00
42.73,30.28,41.52,36.00,20.00,MAN,9,100,0,30071.43,0.00,-4.29,30075.72,0.00,0.00,0.00,0.00
43.73,30.31,41.49,36.00,20.00,MAN,9,100,0,30071.43,0.00,-4.29,30075.72,0.00,0.00,0.00,0.00
44.73,30.33,41.45,36.00,20.00,MAN,9,100,0,30071.43,0.00,-4.29,30075.72,0.00,0.00,0.00,0.00
45.73,30.35,41.45,36.00,20.00,MAN,9,100,0,30071.43,0.00,-4.29,30075.72,0.00,0.00,0.00,0.00
46.74,30.38,41.45,36.00,20.00,MAN,9,100,0,30071.43,0.00,-4.29,30075.72,0.00,0.00,0.00,0.00
47.74,30.40,41.41,36.00,20.00,MAN,9,100,0,30071.43,0.00,-4.29,30075.72,0.00,0.00,0.00,0.00
48.74,30.42,41.38,36.00,20.00,MAN,9,100,0,30071.43,0.00,-4.29,30075.72,0.00,0.00,0.00,0.00
49.74,30.45,41.35,36.00,20.00,MAN,9,100,0,30071.43,0.00,-4.29,30075.72,0.00,0.00,0.00,0.00
50.74,30.47,41.31,36.00,20.00,MAN,9,100,0,30071.43,0.00,-4.29,30075.72,0.00,0.00,0.00,0.00
51.75,30.49,41.28,36.00,20.00,MAN,9,100,0,30071.43,0.00,-4.29,30075.72,0.00,0.00,0.00,0.00
52.74,30.53,41.24,36.00,20.00,MAN,9,100,0,30071.43,0.00,-4.29,30075.72,0.00,0.00,0.00,0.00
53.75,30.55,41.21,36.00,20.00,MAN,9,100,0,30071.43,0.00,-4.29,30075.72,0.00,0.00,0.00,0.00
54.75,30.55,41.18,36.00,20.00,MAN,9,100,0,30071.43,0.00,-4.29,30075.72,0.00,0.00,0.00,0.00
55.75,30.55,41.14,36.00,20.00,MAN,9,100,0,30071.43,0.00,-4.29,30075.72,0.00,0.00,0.00,0.00
56.75,30.56,41.13,36.00,20.00,MAN,9,100,0,30071.43,0.00,-4.29,30075.72,0.00,0.00,0.00,0.00
57.75,30.56,41.10,36.00,20.00,MAN,9,100,0,30071.43,0.00,-4.29,30075.72,0.00,0.00,0.00,0.00
58.75,30.56,41.06,36.00,20.00,MAN,9,100,0,30071.43,0.00,-4.29,30075.72,0.00,0.00,0.00,0.00
59.76,30.60,41.00,36.00,20.00,MAN,9,100,0,30071.43,0.00,-4.29,30075.72,0.00,0.00,0.00,0.00
60.76,30.63,40.96,36.00,20.00,MAN,9,100,0,30071.43,0.00,-4.29,30075.72,0.00,0.00,0.00,0.00
61.76,30.66,40.93,36.00,20.00,MAN,9,100,0,30071.43,0.00,-4.29,30075.72,0.00,0.00,0.00,0.00
62.76,30.68,40.89,36.00,20.00,MAN,9,100,0,30071.43,0.00,-4.29,30075.72,0.00,0.00,0.00,0.00
63.76,30.72,40.86,36.00,20.00,MAN,9,100,0,30071.43,0.00,-4.29,30075.72,0.00,0.00,0.00,0.00
64.77,30.75,40.85,36.00,20.00,MAN,9,100,0,30071.43,0.00,-4.29,30075.72,0.00,0.00,0.00,0.00
65.77,30.78,40.78,36.00,20.00,MAN,9,100,0,30071.43,0.00,-4.29,30075.72,0.00,0.00,0.00,0.00
66.77,30.79,40.75,36.00,20.00,MAN,9,100,0,30071.43,0.00,-4.29,30075.72,0.00,0.00,0.00,0.00
67.77,30.83,40.71,36.00,20.00,MAN,9,100,0,30071.43,0.00,-4.29,30075.72,0.00,0.00,0.00,0.00
68.77,30.85,40.68,36.00,20.00,MAN,9,100,0,30071.43,0.00,-4.29,30075.72,0.00,0.00,0.00,0.00
69.77,30.87,40.65,36.00,20.00,MAN,9,100,0,30071.43,0.00,-4.29,30075.72,0.00,0.00,0.00,0.00
70.77,30.91,40.60,36.00,20.00,MAN,9,100,0,30071.43,0.00,-4.29,30075.72,0.00,0.00,0.00,0.00
71.77,30.93,40.56,36.00,20.00,MAN,9,100,0,30071.43,0.00,-4.29,30075.72,0.00,0.00,0.00,0.00
72.78,30.96,40.53,36.00,20.00,MAN,9,100,0,30071.43,0.00,-4.29,30075.72,0.00,0.00,0.00,0.00
73.78,30.99,40.49,36.00,20.00,MAN,9,100,0,30071.43,0.00,-4.29,30075.72,0.00,0.00,0.00,0.00
74.78,31.01,40.43,36.00,20.00,MAN,9,100,0,30071.43,0.00,-4.29,30075.72,0.00,0.00,0.00,0.00
75.78,31.04,40.39,36.00,20.00,MAN,9,100,0,30071.43,0.00,-4.29,30075.72,0.00,0.00,0.00,0.00
76.78,31.06,40.36,36.00,20.00,MAN,9,100,0,30071.43,0.00,-4.29,30075.72,0.00,0.00,0.00,0.00
77.78,31.10,40.32,36.00,20.00,MAN,9,100,0,30071.43,0.00,-4.29,30075.72,0.00,0.00,0.00,0.00
78.79,31.11,40.25,36.00,20.00,MAN,9,100,0,30071.43,0.00,-4.29,30075.72,0.00,0.00,0.00,0.00
79.79,31.15,40.22,36.00,20.00,MAN,9,100,0,30071.43,0.00,-4.29,30075.72,0.00,0.00,0.00,0.00
80.79,31.18,40.18,36.00,20.00,MAN,9,100,0,30071.43,0.00,-4.29,30075.72,0.00,0.00,0.00,0.00
81.79,31.21,40.15,36.00,20.00,MAN,9,100,0,30071.43,0.00,-4.29,30075.72,0.00,0.00,0.00,0.00
82.79,31.24,40.10,36.00,20.00,MAN,9,100,0,30071.43,0.00,-4.29,30075.72,0.00,0.00,0.00,0.00
83.80,31.27,40.07,36.00,20.00,MAN,9,100,0,30071.43,0.00,-4.29,30075.72,0.00,0.00,0.00,0.00
84.79,31.29,40.04,36.00,20.00,MAN,9,100,0,30071.43,0.00,-4.29,30075.72,0.00,0.00,0.00,0.00
85.80,31.30,39.97,36.00,20.00,MAN,9,100,0,30071.43,0.00,-4.29,30075.72,0.00,0.00,0.00,0.00
86.80,31.33,39.94,36.00,20.00,MAN,9,100,0,30071.43,0.00,-4.29,30075.72,0.00,0.00,0.00,0.00
87.80,31.36,39.90,36.00,20.00,MAN,9,100,0,30071.43,0.00,-4.29,30075.72,0.00,0.00,0.00,0.00
88.80,31.38,39.87,36.00,20.00,MAN,9,100,0,30071.43,0.00,-4.29,30075.72,0.00,0.00,0.00,0.00
89.80,31.41,39.83,36.00,20.00,MAN,9,100,0,30071.43,0.00,-4.29,30075.72,0.00,0.00,0.00,0.00
90.81,31.44,39.78,36.00,20.00,MAN,9,100,0,30071.43,0.00,-4.29,30075.72,0.00,0.00,0.00,0.00
91.81,31.48,39.78,36.00,20.00,MAN,9,100,0,30071.43,0.00,-4.29,30075.72,0.00,0.00,0.00,0.00
92.81,31.52,39.72,36.00,20.00,MAN,9,100,0,30071.43,0.00,-4.29,30075.72,0.00,0.00,0.00,0.00
93.81,31.54,39.68,36.00,20.00,MAN,9,100,0,30071.43,0.00,-4.29,30075.72,0.00,0.00,0.00,0.00
94.81,31.57,39.62,36.00,20.00,MAN,9,100,0,30071.43,0.00,-4.29,30075.72,0.00,0.00,0.00,0.00
95.81,31.59,39.57,36.00,20.00,MAN,9,100,0,30071.43,0.00,-4.29,30075.72,0.00,0.00,0.00,0.00
96.82,31.61,39.53,36.00,20.00,MAN,9,100,0,30071.43,0.00,-4.29,30075.72,0.00,0.00,0.00,0.00
97.82,31.65,39.50,36.00,20.00,MAN,9,100,0,30071.43,0.00,-4.29,30075.72,0.00,0.00,0.00,0.00
98.82,31.67,39.43,36.00,20.00,MAN,9,100,0,30071.43,0.00,-4.29,30075.72,0.00,0.00,0.00,0.00
99.82,31.69,39.43,36.00,20.00,MAN,9,100,0,30071.43,0.00,-4.29,30075.72,0.00,0.00,0.00,0.00
100.82,31.70,39.36,36.00,20.00,MAN,9,100,0,30071.43,0.00,-4.29,30075.72,0.00,0.00,0.00,0.00
101.83,31.73,39.36,36.00,20.00,MAN,9,100,0,30071.43,0.00,-4.29,30075.72,0.00,0.00,0.00,0.00
102.82,31.76,39.36,36.00,20.00,MAN,9,100,0,30071.43,0.00,-4.29,30075.72,0.00,0.00,0.00,0.00
103.83,31.79,39.29,36.00,20.00,MAN,9,100,0,30071.43,0.00,-4.29,30075.72,0.00,0.00,0.00,0.00
104.83,31.82,39.25,36.00,20.00,MAN,9,100,0,30071.43,0.00,-4.29,30075.72,0.00,0.00,0.00,0.00
105.83,31.83,39.22,36.00,20.00,MAN,9,100,0,30071.43,0.00,-4.29,30075.72,0.00,0.00,0.00,0.00
106.83,31.86,39.18,36.00,20.00,MAN,9,100,0,30071.43,0.00,-4.29,30075.72,0.00,0.00,0.00,0.00
107.83,31.89,39.15,36.00,20.00,MAN,9,100,0,30071.43,0.00,-4.29,30075.72,0.00,0.00,0.00,0.00
108.84,31.90,39.11,36.00,20.00,MAN,9,100,0,30071.43,0.00,-4.29,30075.72,0.00,0.00,0.00,0.00
109.84,31.94,39.10,36.00,20.00,MAN,9,100,0,30071.43,0.00,-4.29,30075.72,0.00,0.00,0.00,0.00
110.84,31.94,39.07,36.00,20.00,MAN,9,100,0,30071.43,0.00,-4.29,30075.72,0.00,0.00,0.00,0.00
111.84,31.96,39.04,36.00,20.00,MAN,9,100,0,30071.43,0.00,-4.29,30075.72,0.00,0.00,0.00,0.00
112.84,31.98,39.00,36.00,20.00,MAN,9,100,0,30071.43,0.00,-4.29,30075.72,0.00,0.00,0.00,0.00
113.84,32.00,38.97,36.00,20.00,MAN,9,100,0,30071.43,0.00,-4.29,30075.72,0.00,0.00,0.00,0.00
114.84,32.02,38.94,36.00,20.00,MAN,9,100,0,30071.43,0.00,-4.29,30075.72,0.00,0.00,0.00,0.00
115.85,32.04,38.90,36.00,20.00,MAN,9,100,0,30071.43,0.00,-4.29,30075.72,0.00,0.00,0.00,0.00
116.85,32.07,38.87,36.00,20.00,MAN,9,100,0,30071.43,0.00,-4.29,30075.72,0.00,0.00,0.00,0.00
117.85,32.09,38.80,36.00,20.00,MAN,9,100,0,30071.43,0.00,-4.29,30075.72,0.00,0.00,0.00,0.00
118.85,32.11,38.78,36.00,20.00,MAN,9,100,0,30071.43,0.00,-4.29,30075.72,0.00,0.00,0.00,0.00
119.85,32.13,38.75,36.00,20.00,MAN,9,100,0,30071.43,0.00,-4.29,30075.72,0.00,0.00,0.00,0.00
120.85,32.15,38.72,36.00,20.00,MAN,9,100,0,30071.43,0.00,-4.29,30075.72,0.00,0.00,0.00,0.00
121.85,32.17,38.69,36.00,20.00,MAN,9,100,0,30071.43,0.00,-4.29,30075.72,0.00,0.00,0.00,0.00
122.86,32.19,38.65,36.00,20.00,MAN,9,100,0,30071.43,0.00,-4.29,30075.72,0.00,0.00,0.00,0.00
123.86,32.22,38.65,36.00,20.00,MAN,9,100,0,30071.43,0.00,-4.29,30075.72,0.00,0.00,0.00,0.00
124.86,32.24,38.62,36.00,20.00,MAN,9,100,0,30071.43,0.00,-4.29,30075.72,0.00,0.00,0.00,0.00
125.86,32.26,38.60,36.00,20.00,MAN,9,100,0,30071.43,0.00,-4.29,30075.72,0.00,0.00,0.00,0.00
126.86,32.29,38.56,36.00,20.00,MAN,9,100,0,30071.43,0.00,-4.29,30075.72,0.00,0.00,0.00,0.00
127.87,32.32,38.53,36.00,20.00,MAN,9,100,0,30071.43,0.00,-4.29,30075.72,0.00,0.00,0.00,0.00
128.87,32.35,38.49,36.00,20.00,MAN,9,100,0,30071.43,0.00,-4.29,30075.72,0.00,0.00,0.00,0.00
129.87,32.38,38.43,36.00,20.00,MAN,9,100,0,30071.43,0.00,-4.29,30075.72,0.00,0.00,0.00,0.00
130.87,32.38,38.40,36.00,20.00,MAN,9,100,0,30071.43,0.00,-4.29,30075.72,0.00,0.00,0.00,0.00
131.87,32.42,38.40,36.00,20.00,MAN,9,100,0,30071.43,0.00,-4.29,30075.72,0.00,0.00,0.00,0.00
132.87,32.45,38.35,36.00,20.00,MAN,9,100,0,30071.43,0.00,-4.29,30075.72,0.00,0.00,0.00,0.00
133.88,32.48,38.32,36.00,20.00,MAN,9,100,0,30071.43,0.00,-4.29,30075.72,0.00,0.00,0.00,0.00
134.87,32.52,38.28,36.00,20.00,MAN,9,100,0,30071.43,0.00,-4.29,30075.72,0.00,0.00,0.00,0.00
135.88,32.54,38.21,36.00,20.00,MAN,9,100,0,30071.43,0.00,-4.29,30075.72,0.00,0.00,0.00,0.00
136.88,32.56,38.18,36.00,20.00,MAN,9,100,0,30071.43,0.00,-4.29,30075.72,0.00,0.00,0.00,0.00
137.88,32.58,38.11,36.00,20.00,MAN,9,100,0,30071.43,0.00,-4.29,30075.72,0.00,0.00,0.00,0.00
138.88,32.60,38.10,36.00,20.00,MAN,9,100,0,30071.43,0.00,-4.29,30075.72,0.00,0.00,0.00,0.00
139.88,32.63,38.06,36.00,20.00,MAN,9,100,0,30071.43,0.00,-4.29,30075.72,0.00,0.00,0.00,0.00
140.89,32.66,38.03,36.00,20.00,MAN,9,100,0,30071.43,0.00,-4.29,30075.72,0.00,0.00,0.00,0.00
141.89,32.68,37.99,36.00,20.00,MAN,9,100,0,30071.43,0.00,-4.29,30075.72,0.00,0.00,0.00,0.00
142.89,32.70,37.96,36.00,20.00,MAN,9,100,0,30071.43,0.00,-4.29,30075.72,0.00,0.00,0.00,0.00
143.89,32.72,37.93,36.00,20.00,MAN,9,100,0,30071.43,0.00,-4.29,30075.72,0.00,0.00,0.00,0.00
144.89,32.74,37.93,36.00,20.00,MAN,9,100,0,30071.43,0.00,-4.29,30075.72,0.00,0.00,0.00,0.00
145.89,32.76,37.86,36.00,20.00,MAN,9,100,0,30071.43,0.00,-4.29,30075.72,0.00,0.00,0.00,0.00
146.90,32.77,37.88,36.00,20.00,MAN,9,100,0,30071.43,0.00,-4.29,30075.72,0.00,0.00,0.00,0.00
147.90,32.81,37.85,36.00,20.00,MAN,9,100,0,30071.43,0.00,-4.29,30075.72,0.00,0.00,0.00,0.00
148.90,32.84,37.82,36.00,20.00,MAN,9,100,0,30071.43,0.00,-4.29,30075.72,0.00,0.00,0.00,0.00
149.90,32.86,37.78,36.00,20.00,MAN,9,100,0,30071.43,0.00,-4.29,30075.72,0.00,0.00,0.00,0.00
150.90,32.88,37.75,36.00,20.00,MAN,9,100,0,30071.43,0.00,-4.29,30075.72,0.00,0.00,0.00,0.00
151.90,32.89,37.71,36.00,20.00,MAN,9,100,0,30071.43,0.00,-4.29,30075.72,0.00,0.00,0.00,0.00
152.91,32.91,37.68,36.00,20.00,MAN,9,100,0,30071.43,0.00,-4.29,30075.72,0.00,0.00,0.00,0.00
153.90,32.93,37.64,36.00,20.00,MAN,9,100,0,30071.43,0.00,-4.29,30075.72,0.00,0.00,0.00,0.00
154.91,32.96,37.66,36.00,20.00,MAN,9,100,0,30071.43,0.00,-4.29,30075.72,0.00,0.00,0.00,0.00
155.91,32.98,37.62,36.00,20.00,MAN,9,100,0,30071.43,0.00,-4.29,30075.72,0.00,0.00,0.00,0.00
156.91,33.00,37.59,36.00,20.00,MAN,9,100,0,30071.43,0.00,-4.29,30075.72,0.00,0.00,0.00,0.00
157.91,33.02,37.56,36.00,20.00,MAN,9,100,0,30071.43,0.00,-4.29,30075.72,0.00,0.00,0.00,0.00
158.91,33.03,37.53,36.00,20.00,MAN,9,100,0,30071.43,0.00,-4.29,30075.72,0.00,0.00,0.00,0.00
159.92,33.06,37.53,36.00,20.00,MAN,9,100,0,30071.43,0.00,-4.29,30075.72,0.00,0.00,0.00,0.00
160.92,33.08,37.49,36.00,20.00,MAN,9,100,0,30071.43,0.00,-4.29,30075.72,0.00,0.00,0.00,0.00
161.92,33.11,37.46,36.00,20.00,MAN,9,100,0,30071.43,0.00,-4.29,30075.72,0.00,0.00,0.00,0.00
162.92,33.13,37.44,36.00,20.00,MAN,9,100,0,30071.43,0.00,-4.29,30075.72,0.00,0.00,0.00,0.00
163.92,33.14,37.37,36.00,20.00,MAN,9,100,0,30071.43,0.00,-4.29,30075.72,0.00,0.00,0.00,0.00
164.92,33.16,37.34,36.00,20.00,MAN,9,100,0,30071.43,0.00,-4.29,30075.72,0.00,0.00,0.00,0.00
165.92,33.19,37.34,36.00,20.00,MAN,9,100,0,30071.43,0.00,-4.29,30075.72,0.00,0.00,0.00,0.00
166.92,33.21,37.31,36.00,20.00,MAN,9,100,0,30071.43,0.00,-4.29,30075.72,0.00,0.00,0.00,0.00
167.93,33.23,37.27,36.00,20.00,MAN,9,100,0,30071.43,0.00,-4.29,30075.72,0.00,0.00,0.00,0.00
168.93,33.25,37.24,36.00,20.00,MAN,9,100,0,30071.43,0.00,-4.29,30075.72,0.00,0.00,0.00,0.00
169.93,33.29,37.23,36.00,20.00,MAN,9,100,0,30071.43,0.00,-4.29,30075.72,0.00,0.00,0.00,0.00
170.93,33.30,37.23,36.00,20.00,MAN,9,100,0,30071.43,0.00,-4.29,30075.72,0.00,0.00,0.00,0.00
171.93,33.30,37.19,36.00,20.00,MAN,9,100,0,30071.43,0.00,-4.29,30075.72,0.00,0.00,0.00,0.00
172.94,33.30,37.16,36.00,20.00,MAN,9,100,0,30071.43,0.00,-4.29,30075.72,0.00,0.00,0.00,0.00
173.94,33.33,37.12,36.00,20.00,MAN,9,100,0,30071.43,0.00,-4.29,30075.72,0.00,0.00,0.00,0.00
174.94,33.34,37.12,36.00,20.00,MAN,9,100,0,30071.43,0.00,-4.29,30075.72,0.00,0.00,0.00,0.00
175.94,33.36,37.09,36.00,20.00,MAN,9,100,0,30071.43,0.00,-4.29,30075.72,0.00,0.00,0.00,0.00
176.94,33.37,37.09,36.00,20.00,MAN,9,100,0,30071.43,0.00,-4.29,30075.72,0.00,0.00,0.00,0.00
177.94,33.40,37.06,36.00,20.00,MAN,9,100,0,30071.43,0.00,-4.29,30075.72,0.00,0.00,0.00,0.00
178.95,33.41,37.02,36.00,20.00,MAN,9,100,0,30071.43,0.00,-4.29,30075.72,0.00,0.00,0.00,0.00
179.95,33.44,37.02,36.00,20.00,MAN,9,100,0,30071.43,0.00,-4.29,30075.72,0.00,0.00,0.00,0.00
180.95,33.45,36.99,36.00,20.00,MAN,9,100,0,30071.43,0.00,-4.29,30075.72,0.00,0.00,0.00,0.00
181.95,33.47,36.95,36.00,20.00,MAN,9,100,0,30071.43,0.00,-4.29,30075.72,0.00,0.00,0.00,0.00
182.95,33.49,36.98,36.00,20.00,MAN,9,100,0,30071.43,0.00,-4.29,30075.72,0.00,0.00,0.00,0.00
183.95,33.50,36.94,36.00,20.00,MAN,9,100,0,30071.43,0.00,-4.29,30075.72,0.00,0.00,0.00,0.00
184.96,33.52,36.91,36.00,20.00,MAN,9,100,0,30071.43,0.00,-4.29,30075.72,0.00,0.00,0.00,0.00
185.96,33.55,36.87,36.00,20.00,MAN,9,100,0,30071.43,0.00,-4.29,30075.72,0.00,0.00,0.00,0.00
186.96,33.57,36.87,36.00,20.00,MAN,9,100,0,30071.43,0.00,-4.29,30075.72,0.00,0.00,0.00,0.00
187.96,33.59,36.84,36.00,20.00,MAN,9,100,0,30071.43,0.00,-4.29,30075.72,0.00,0.00,0.00,0.00
188.96,33.60,36.80,36.00,20.00,MAN,9,100,0,30071.43,0.00,-4.29,30075.72,0.00,0.00,0.00,0.00
189.96,33.62,36.77,36.00,20.00,MAN,9,100,0,30071.43,0.00,-4.29,30075.72,0.00,0.00,0.00,0.00
190.96,33.63,36.77,36.00,20.00,MAN,9,100,0,30071.43,0.00,-4.29,30075.72,0.00,0.00,0.00,0.00
191.97,33.64,36.76,36.00,20.00,MAN,9,100,0,30071.43,0.00,-4.29,30075.72,0.00,0.00,0.00,0.00
192.97,33.65,36.76,36.00,20.00,MAN,9,100,0,30071.43,0.00,-4.29,30075.72,0.00,0.00,0.00,0.00
193.97,33.66,36.72,36.00,20.00,MAN,9,100,0,30071.43,0.00,-4.29,30075.72,0.00,0.00,0.00,0.00
194.97,33.67,36.72,36.00,20.00,MAN,9,100,0,30071.43,0.00,-4.29,30075.72,0.00,0.00,0.00,0.00
195.97,33.70,36.66,36.00,20.00,MAN,9,100,0,30071.43,0.00,-4.29,30075.72,0.00,0.00,0.00,0.00
196.98,33.72,36.62,36.00,20.00,MAN,9,100,0,30071.43,0.00,-4.29,30075.72,0.00,0.00,0.00,0.00
197.98,33.75,36.62,36.00,20.00,MAN,9,100,0,30071.43,0.00,-4.29,30075.72,0.00,0.00,0.00,0.00
198.98,33.75,36.59,36.00,20.00,MAN,9,100,0,30071.43,0.00,-4.29,30075.72,0.00,0.00,0.00,0.00
199.98,33.77,36.59,36.00,20.00,MAN,9,100,0,30071.43,0.00,-4.29,30075.72,0.00,0.00,0.00,0.00
200.98,33.78,36.55,36.00,20.00,MAN,9,100,0,30071.43,0.00,-4.29,30075.72,0.00,0.00,0.00,0.00
201.98,33.79,36.53,36.00,20.00,MAN,9,100,0,30071.43,0.00,-4.29,30075.72,0.00,0.00,0.00,0.00
202.98,33.81,36.53,36.00,20.00,MAN,9,100,0,30071.43,0.00,-4.29,30075.72,0.00,0.00,0.00,0.00
203.98,33.83,36.50,36.00,20.00,MAN,9,100,0,30071.43,0.00,-4.29,30075.72,0.00,0.00,0.00,0.00
204.99,33.85,36.50,36.00,20.00,MAN,9,100,0,30071.43,0.00,-4.29,30075.72,0.00,0.00,0.00,0.00
205.99,33.87,36.47,36.00,20.00,MAN,9,100,0,30071.43,0.00,-4.29,30075.72,0.00,0.00,0.00,0.00
206.99,33.88,36.43,36.00,20.00,MAN,9,100,0,30071.43,0.00,-4.29,30075.72,0.00,0.00,0.00,0.00
207.99,33.90,36.43,36.00,20.00,MAN,9,100,0,30071.43,0.00,-4.29,30075.72,0.00,0.00,0.00,0.00
208.99,33.91,36.40,36.00,20.00,MAN,9,100,0,30071.43,0.00,-4.29,30075.72,0.00,0.00,0.00,0.00
210.00,33.93,36.40,36.00,20.00,MAN,9,100,0,30071.43,0.00,-4.29,30075.72,0.00,0.00,0.00,0.00
211.00,33.94,36.37,36.00,20.00,MAN,9,100,0,30071.43,0.00,-4.29,30075.72,0.00,0.00,0.00,0.00
212.00,33.95,36.37,36.00,20.00,MAN,9,100,0,30071.43,0.00,-4.29,30075.72,0.00,0.00,0.00,0.00
213.00,33.97,36.35,36.00,20.00,MAN,9,100,0,30071.43,0.00,-4.29,30075.72,0.00,0.00,0.00,0.00
214.00,33.99,36.35,36.00,20.00,MAN,9,100,0,30071.43,0.00,-4.29,30075.72,0.00,0.00,0.00,0.00
215.00,34.01,36.31,36.00,20.00,MAN,9,100,0,30071.43,0.00,-4.29,30075.72,0.00,0.00,0.00,0.00
216.00,34.02,36.28,36.00,20.00,MAN,9,100,0,30071.43,0.00,-4.29,30075.72,0.00,0.00,0.00,0.00
217.01,34.03,36.28,36.00,20.00,MAN,9,100,0,30071.43,0.00,-4.29,30075.72,0.00,0.00,0.00,0.00
218.01,34.05,36.24,36.00,20.00,MAN,9,100,0,30071.43,0.00,-4.29,30075.72,0.00,0.00,0.00,0.00
219.01,34.06,36.24,36.00,20.00,MAN,9,100,0,30071.43,0.00,-4.29,30075.72,0.00,0.00,0.00,0.00
220.01,34.08,36.21,36.00,20.00,MAN,9,100,0,30071.43,0.00,-4.29,30075.72,0.00,0.00,0.00,0.00
221.01,34.09,36.21,36.00,20.00,MAN,9,100,0,30071.43,0.00,-4.29,30075.72,0.00,0.00,0.00,0.00
222.01,34.11,36.18,36.00,20.00,MAN,9,100,0,30071.43,0.00,-4.29,30075.72,0.00,0.00,0.00,0.00
223.02,34.12,36.18,36.00,20.00,MAN,9,100,0,30071.43,0.00,-4.29,30075.72,0.00,0.00,0.00,0.00
224.02,34.14,36.17,36.00,20.00,MAN,9,100,0,30071.43,0.00,-4.29,30075.72,0.00,0.00,0.00,0.00
225.02,34.17,36.17,36.00,20.00,MAN,9,100,0,30071.43,0.00,-4.29,30075.72,0.00,0.00,0.00,0.00
226.02,34.18,36.13,36.00,20.00,MAN,9,100,0,30071.43,0.00,-4.29,30075.72,0.00,0.00,0.00,0.00
227.02,34.20,36.13,36.00,20.00,MAN,9,100,0,30071.43,0.00,-4.29,30075.72,0.00,0.00,0.00,0.00
228.02,34.21,36.10,36.00,20.00,MAN,8,100,0,30071.43,0.00,-4.29,30075.72,0.00,0.00,0.00,0.00
229.03,34.21,36.10,36.00,20.00,MAN,8,100,0,30071.43,0.00,-4.29,30075.72,0.00,0.00,0.00,0.00
230.03,34.22,36.06,36.00,20.00,MAN,8,100,0,30071.43,0.00,-4.29,30075.72,0.00,0.00,0.00,0.00
231.03,34.24,36.06,36.00,20.00,MAN,8,100,0,30071.43,0.00,-4.29,30075.72,0.00,0.00,0.00,0.00
232.03,34.26,36.03,36.00,20.00,MAN,8,100,0,30071.43,0.00,-4.29,30075.72,0.00,0.00,0.00,0.00
233.03,34.27,36.03,36.00,20.00,MAN,8,100,0,30071.43,0.00,-4.29,30075.72,0.00,0.00,0.00,0.00
234.03,34.30,35.99,36.00,20.00,MAN,8,100,0,30071.43,0.00,-4.29,30075.72,0.00,0.00,0.00,0.00
235.03,34.31,35.99,36.00,20.00,MAN,8,100,0,30071.43,0.00,-4.29,30075.72,0.00,0.00,0.00,0.00
236.04,34.32,35.93,36.00,20.00,MAN,8,100,0,30071.43,0.00,-4.29,30075.72,0.00,0.00,0.00,0.00
237.04,34.33,35.95,36.00,20.00,MAN,8,100,0,30071.43,0.00,-4.29,30075.72,0.00,0.00,0.00,0.00
238.04,34.35,35.92,36.00,20.00,MAN,8,100,0,30071.43,0.00,-4.29,30075.72,0.00,0.00,0.00,0.00
239.04,34.36,35.92,36.00,20.00,MAN,8,100,0,30071.43,0.00,-4.29,30075.72,0.00,0.00,0.00,0.00
240.04,34.37,35.88,36.00,20.00,MAN,8,100,0,30071.43,0.00,-4.29,30075.72,0.00,0.00,0.00,0.00
241.04,34.39,35.88,36.00,20.00,MAN,8,100,0,30071.43,0.00,-4.29,30075.72,0.00,0.00,0.00,0.00
242.05,34.40,35.85,36.00,20.00,MAN,8,100,0,30071.43,0.00,-4.29,30075.72,0.00,0.00,0.00,0.00
243.05,34.44,35.85,36.00,20.00,MAN,8,100,0,30071.43,0.00,-4.29,30075.72,0.00,0.00,0.00,0.00
244.05,34.46,35.81,36.00,20.00,MAN,8,100,0,30071.43,0.00,-4.29,30075.72,0.00,0.00,0.00,0.00
245.05,34.47,35.81,36.00,20.00,MAN,8,100,0,30071.43,0.00,-4.29,30075.72,0.00,0.00,0.00,0.00
246.05,34.48,35.79,36.00,20.00,MAN,8,100,0,30071.43,0.00,-4.29,30075.72,0.00,0.00,0.00,0.00
247.05,34.50,35.76,36.00,20.00,MAN,8,100,0,30071.43,0.00,-4.29,30075.72,0.00,0.00,0.00,0.00
248.06,34.52,35.76,36.00,20.00,MAN,8,100,0,30071.43,0.00,-4.29,30075.72,0.00,0.00,0.00,0.00
249.06,34.53,35.73,36.00,20.00,MAN,8,100,0,30071.43,0.00,-4.29,30075.72,0.00,0.00,0.00,0.00
250.06,34.55,35.73,36.00,20.00,MAN,8,100,0,30071.43,0.00,-4.29,30075.72,0.00,0.00,0.00,0.00
251.06,34.57,35.69,36.00,20.00,MAN,8,100,0,30071.43,0.00,-4.29,30075.72,0.00,0.00,0.00,0.00
252.06,34.57,35.66,36.00,20.00,MAN,8,100,0,30071.43,0.00,-4.29,30075.72,0.00,0.00,0.00,0.00
253.07,34.61,35.66,36.00,20.00,MAN,8,100,0,30071.43,0.00,-4.29,30075.72,0.00,0.00,0.00,0.00
254.06,34.61,35.63,36.00,20.00,MAN,8,100,0,30071.43,0.00,-4.29,30075.72,0.00,0.00,0.00,0.00
255.07,34.62,35.63,36.00,20.00,MAN,8,100,0,30071.43,0.00,-4.29,30075.72,0.00,0.00,0.00,0.00
256.07,34.64,35.59,36.00,20.00,MAN,8,100,0,30071.43,0.00,-4.29,30075.72,0.00,0.00,0.00,0.00
257.07,34.65,35.61,36.00,20.00,MAN,8,100,0,30071.43,0.00,-4.29,30075.72,0.00,0.00,0.00,0.00
258.07,34.66,35.61,36.00,20.00,MAN,8,100,0,30071.43,0.00,-4.29,30075.72,0.00,0.00,0.00,0.00
259.07,34.67,35.57,36.00,20.00,MAN,8,100,0,30071.43,0.00,-4.29,30075.72,0.00,0.00,0.00,0.00
260.08,34.67,35.57,36.00,20.00,MAN,8,100,0,30071.43,0.00,-4.29,30075.72,0.00,0.00,0.00,0.00
261.08,34.68,35.54,36.00,20.00,MAN,8,100,0,30071.43,0.00,-4.29,30075.72,0.00,0.00,0.00,0.00
262.08,34.69,35.54,36.00,20.00,MAN,8,100,0,30071.43,0.00,-4.29,30075.72,0.00,0.00,0.00,0.00
263.08,34.70,35.54,36.00,20.00,MAN,8,100,0,30071.43,0.00,-4.29,30075.72,0.00,0.00,0.00,0.00
264.08,34.71,35.54,36.00,20.00,MAN,8,100,0,30071.43,0.00,-4.29,30075.72,0.00,0.00,0.00,0.00
265.08,34.73,35.50,36.00,20.00,MAN,8,100,0,30071.43,0.00,-4.29,30075.72,0.00,0.00,0.00,0.00
266.09,34.74,35.50,36.00,20.00,MAN,8,100,0,30071.43,0.00,-4.29,30075.72,0.00,0.00,0.00,0.00
267.09,34.75,35.50,36.00,20.00,MAN,8,100,0,30071.43,0.00,-4.29,30075.72,0.00,0.00,0.00,0.00
268.09,34.77,35.47,36.00,20.00,MAN,8,100,0,30071.43,0.00,-4.29,30075.72,0.00,0.00,0.00,0.00
269.09,34.79,35.47,36.00,20.00,MAN,8,100,0,30071.43,0.00,-4.29,30075.72,0.00,0.00,0.00,0.00
270.09,34.80,35.44,36.00,20.00,MAN,8,100,0,30071.43,0.00,-4.29,30075.72,0.00,0.00,0.00,0.00
271.09,34.81,35.44,36.00,20.00,MAN,8,100,0,30071.43,0.00,-4.29,30075.72,0.00,0.00,0.00,0.00
272.09,34.82,35.40,36.00,20.00,MAN,8,100,0,30071.43,0.00,-4.29,30075.72,0.00,0.00,0.00,0.00
273.09,34.82,35.40,36.00,20.00,MAN,8,100,0,30071.43,0.00,-4.29,30075.72,0.00,0.00,0.00,0.00
274.10,34.84,35.42,36.00,20.00,MAN,8,100,0,30071.43,0.00,-4.29,30075.72,0.00,0.00,0.00,0.00
275.10,34.86,35.39,36.00,20.00,MAN,8,100,0,30071.43,0.00,-4.29,30075.72,0.00,0.00,0.00,0.00
276.10,34.88,35.39,36.00,20.00,MAN,8,100,0,30071.43,0.00,-4.29,30075.72,0.00,0.00,0.00,0.00
277.10,34.89,35.35,36.00,20.00,MAN,8,100,0,30071.43,0.00,-4.29,30075.72,0.00,0.00,0.00,0.00
278.10,34.89,35.35,36.00,20.00,MAN,8,100,0,30071.43,0.00,-4.29,30075.72,0.00,0.00,0.00,0.00
279.11,34.90,35.35,36.00,20.00,MAN,8,100,0,30071.43,0.00,-4.29,30075.72,0.00,0.00,0.00,0.00
280.11,34.91,35.32,36.00,20.00,MAN,8,100,0,30071.43,0.00,-4.29,30075.72,0.00,0.00,0.00,0.00
281.11,34.94,35.32,36.00,20.00,MAN,8,100,0,30071.43,0.00,-4.29,30075.72,0.00,0.00,0.00,0.00
282.11,34.95,35.32,36.00,20.00,MAN,8,100,0,30071.43,0.00,-4.29,30075.72,0.00,0.00,0.00,0.00
283.11,34.95,35.28,36.00,20.00,MAN,8,100,0,30071.43,0.00,-4.29,30075.72,0.00,0.00,0.00,0.00
284.11,34.96,35.28,36.00,20.00,MAN,8,100,0,30071.43,0.00,-4.29,30075.72,0.00,0.00,0.00,0.00
285.12,34.97,35.28,36.00,20.00,MAN,8,100,0,30071.43,0.00,-4.29,30075.72,0.00,0.00,0.00,0.00
286.11,34.99,35.22,36.00,20.00,MAN,8,100,0,30071.43,0.00,-4.29,30075.72,0.00,0.00,0.00,0.00
287.12,34.99,35.22,36.00,20.00,MAN,8,100,0,30071.43,0.00,-4.29,30075.72,0.00,0.00,0.00,0.00
288.12,35.00,35.24,36.00,20.00,MAN,8,100,0,30071.43,0.00,-4.29,30075.72,0.00,0.00,0.00,0.00
289.12,35.01,35.21,36.00,20.00,MAN,8,100,0,30071.43,0.00,-4.29,30075.72,0.00,0.00,0.00,0.00
290.12,35.03,35.21,36.00,20.00,MAN,8,100,0,30071.43,0.00,-4.29,30075.72,0.00,0.00,0.00,0.00
291.12,35.04,35.17,36.00,20.00,MAN,8,100,0,30071.43,0.00,-4.29,30075.72,0.00,0.00,0.00,0.00
292.13,35.04,35.17,36.00,20.00,MAN,8,100,0,30071.43,0.00,-4.29,30075.72,0.00,0.00,0.00,0.00
293.13,35.05,35.17,36.00,20.00,MAN,8,100,0,30071.43,0.00,-4.29,30075.72,0.00,0.00,0.00,0.00
294.13,35.06,35.14,36.00,20.00,MAN,8,100,0,30071.43,0.00,-4.29,30075.72,0.00,0.00,0.00,0.00
295.13,35.07,35.14,36.00,20.00,MAN,8,100,0,30071.43,0.00,-4.29,30075.72,0.00,0.00,0.00,0.00
296.13,35.08,35.14,36.00,20.00,MAN,8,100,0,30071.43,0.00,-4.29,30075.72,0.00,0.00,0.00,0.00
297.14,35.09,35.14,36.00,20.00,MAN,8,100,0,30071.43,0.00,-4.29,30075.72,0.00,0.00,0.00,0.00
298.14,35.09,35.14,36.00,20.00,MAN,8,100,0,30071.43,0.00,-4.29,30075.72,0.00,0.00,0.00,0.00
299.14,35.11,35.10,36.00,20.00,MAN,8,100,0,30071.43,0.00,-4.29,30075.72,0.00,0.00,0.00,0.00
300.14,35.11,35.10,36.00,20.00,MAN,8,100,0,30071.43,0.00,-4.29,30075.72,0.00,0.00,0.00,0.00
301.14,35.12,35.10,36.00,20.00,MAN,8,100,0,30071.43,0.00,-4.29,30075.72,0.00,0.00,0.00,0.00
302.14,35.13,35.07,36.00,20.00,MAN,8,100,0,30071.43,0.00,-4.29,30075.72,0.00,0.00,0.00,0.00
303.15,35.15,35.07,36.00,20.00,MAN,8,100,0,30071.43,0.00,-4.29,30075.72,0.00,0.00,0.00,0.00
304.14,35.16,35.08,36.00,20.00,MAN,8,100,0,30071.43,0.00,-4.29,30075.72,0.00,0.00,0.00,0.00
305.15,35.16,35.05,36.00,20.00,MAN,8,100,0,30071.43,0.00,-4.29,30075.72,0.00,0.00,0.00,0.00
306.15,35.18,35.05,36.00,20.00,MAN,8,100,0,30071.43,0.00,-4.29,30075.72,0.00,0.00,0.00,0.00
307.15,35.19,35.05,36.00,20.00,MAN,8,100,0,30071.43,0.00,-4.29,30075.72,0.00,0.00,0.00,0.00
308.15,35.20,35.05,36.00,20.00,MAN,8,100,0,30071.43,0.00,-4.29,30075.72,0.00,0.00,0.00,0.00
309.15,35.22,35.02,36.00,20.00,MAN,8,100,0,30071.43,0.00,-4.29,30075.72,0.00,0.00,0.00,0.00
310.15,35.23,35.02,36.00,20.00,MAN,8,100,0,30071.43,0.00,-4.29,30075.72,0.00,0.00,0.00,0.00
311.16,35.24,34.99,36.00,20.00,MAN,8,100,0,30071.43,0.00,-4.29,30075.72,0.00,0.00,0.00,0.00
312.16,35.25,34.99,36.00,20.00,MAN,8,100,0,30071.43,0.00,-4.29,30075.72,0.00,0.00,0.00,0.00
313.16,35.26,34.99,36.00,20.00,MAN,8,100,0,30071.43,0.00,-4.29,30075.72,0.00,0.00,0.00,0.00
314.16,35.28,34.94,36.00,20.00,MAN,8,100,0,30071.43,0.00,-4.29,30075.72,0.00,0.00,0.00,0.00
315.16,35.29,34.94,36.00,20.00,MAN,8,100,0,30071.43,0.00,-4.29,30075.72,0.00,0.00,0.00,0.00
316.17,35.30,34.94,36.00,20.00,MAN,8,100,0,30071.43,0.00,-4.29,30075.72,0.00,0.00,0.00,0.00
317.17,35.31,34.90,36.00,20.00,MAN,8,100,0,30071.43,0.00,-4.29,30075.72,0.00,0.00,0.00,0.00
318.17,35.33,34.90,36.00,20.00,MAN,8,100,0,30071.43,0.00,-4.29,30075.72,0.00,0.00,0.00,0.00
319.17,35.34,34.86,36.00,20.00,MAN,8,100,0,30071.43,0.00,-4.29,30075.72,0.00,0.00,0.00,0.00
320.17,35.35,34.88,36.00,20.00,MAN,8,100,0,30071.43,0.00,-4.29,30075.72,0.00,0.00,0.00,0.00
321.17,35.36,34.88,36.00,20.00,MAN,8,100,0,30071.43,0.00,-4.29,30075.72,0.00,0.00,0.00,0.00
322.17,35.37,34.84,36.00,20.00,MAN,8,100,0,30071.43,0.00,-4.29,30075.72,0.00,0.00,0.00,0.00
323.17,35.37,34.84,36.00,20.00,MAN,8,100,0,30071.43,0.00,-4.29,30075.72,0.00,0.00,0.00,0.00
324.18,35.38,34.84,36.00,20.00,MAN,8,100,0,30071.43,0.00,-4.29,30075.72,0.00,0.00,0.00,0.00
325.18,35.39,34.84,36.00,20.00,MAN,8,100,0,30071.43,0.00,-4.29,30075.72,0.00,0.00,0.00,0.00
326.18,35.40,34.79,36.00,20.00,MAN,8,100,0,30071.43,0.00,-4.29,30075.72,0.00,0.00,0.00,0.00
327.18,35.42,34.79,36.00,20.00,MAN,8,100,0,30071.43,0.00,-4.29,30075.72,0.00,0.00,0.00,0.00
328.18,35.42,34.76,36.00,20.00,MAN,8,100,0,30071.43,0.00,-4.29,30075.72,0.00,0.00,0.00,0.00
329.19,35.43,34.76,36.00,20.00,MAN,8,100,0,30071.43,0.00,-4.29,30075.72,0.00,0.00,0.00,0.00
330.19,35.44,34.76,36.00,20.00,MAN,8,100,0,30071.43,0.00,-4.29,30075.72,0.00,0.00,0.00,0.00
331.19,35.45,34.76,36.00,20.00,MAN,8,100,0,30071.43,0.00,-4.29,30075.72,0.00,0.00,0.00,0.00
332.19,35.45,34.76,36.00,20.00,MAN,8,100,0,30071.43,0.00,-4.29,30075.72,0.00,0.00,0.00,0.00
333.19,35.47,34.76,36.00,20.00,MAN,8,100,0,30071.43,0.00,-4.29,30075.72,0.00,0.00,0.00,0.00
334.19,35.48,34.72,36.00,20.00,MAN,8,100,0,30071.43,0.00,-4.29,30075.72,0.00,0.00,0.00,0.00
335.19,35.49,34.72,36.00,20.00,MAN,8,100,0,30071.43,0.00,-4.29,30075.72,0.00,0.00,0.00,0.00
336.19,35.50,34.72,36.00,20.00,MAN,8,100,0,30071.43,0.00,-4.29,30075.72,0.00,0.00,0.00,0.00
337.20,35.50,34.72,36.00,20.00,MAN,8,100,0,30071.43,0.00,-4.29,30075.72,0.00,0.00,0.00,0.00
338.20,35.51,34.73,36.00,20.00,MAN,8,100,0,30071.43,0.00,-4.29,30075.72,0.00,0.00,0.00,0.00
339.20,35.53,34.70,36.00,20.00,MAN,8,100,0,30071.43,0.00,-4.29,30075.72,0.00,0.00,0.00,0.00
340.20,35.54,34.70,36.00,20.00,MAN,8,100,0,30071.43,0.00,-4.29,30075.72,0.00,0.00,0.00,0.00
341.20,35.55,34.70,36.00,20.00,MAN,8,100,0,30071.43,0.00,-4.29,30075.72,0.00,0.00,0.00,0.00
342.21,35.55,34.65,36.00,20.00,MAN,8,100,0,30071.43,0.00,-4.29,30075.72,0.00,0.00,0.00,0.00
343.21,35.56,34.65,36.00,20.00,MAN,8,100,0,30071.43,0.00,-4.29,30075.72,0.00,0.00,0.00,0.00
344.21,35.57,34.65,36.00,20.00,MAN,8,100,0,30071.43,0.00,-4.29,30075.72,0.00,0.00,0.00,0.00
345.21,35.57,34.65,36.00,20.00,MAN,8,100,0,30071.43,0.00,-4.29,30075.72,0.00,0.00,0.00,0.00
346.21,35.58,34.61,36.00,20.00,MAN,8,100,0,30071.43,0.00,-4.29,30075.72,0.00,0.00,0.00,0.00
347.21,35.58,34.61,36.00,20.00,MAN,8,100,0,30071.43,0.00,-4.29,30075.72,0.00,0.00,0.00,0.00
348.21,35.59,34.61,36.00,20.00,MAN,8,100,0,30071.43,0.00,-4.29,30075.72,0.00,0.00,0.00,0.00
349.22,35.60,34.61,36.00,20.00,MAN,8,100,0,30071.43,0.00,-4.29,30075.72,0.00,0.00,0.00,0.00
350.22,35.62,34.61,36.00,20.00,MAN,8,100,0,30071.43,0.00,-4.29,30075.72,0.00,0.00,0.00,0.00
351.22,35.63,34.57,36.00,20.00,MAN,8,100,0,30071.43,0.00,-4.29,30075.72,0.00,0.00,0.00,0.00
352.22,35.63,34.57,36.00,20.00,MAN,8,100,0,30071.43,0.00,-4.29,30075.72,0.00,0.00,0.00,0.00
353.22,35.65,34.57,36.00,20.00,MAN,8,100,0,30071.43,0.00,-4.29,30075.72,0.00,0.00,0.00,0.00
354.22,35.65,34.57,36.00,20.00,MAN,8,100,0,30071.43,0.00,-4.29,30075.72,0.00,0.00,0.00,0.00
355.23,35.67,34.53,36.00,20.00,MAN,8,100,0,30071.43,0.00,-4.29,30075.72,0.00,0.00,0.00,0.00
356.23,35.68,34.55,36.00,20.00,MAN,8,100,0,30071.43,0.00,-4.29,30075.72,0.00,0.00,0.00,0.00
357.23,35.70,34.55,36.00,20.00,MAN,8,100,0,30071.43,0.00,-4.29,30075.72,0.00,0.00,0.00,0.00
358.23,35.71,34.51,36.00,20.00,MAN,8,100,0,30071.43,0.00,-4.29,30075.72,0.00,0.00,0.00,0.00
359.23,35.71,34.51,36.00,20.00,MAN,8,100,0,30071.43,0.00,-4.29,30075.72,0.00,0.00,0.00,0.00
360.23,35.72,34.51,36.00,20.00,MAN,8,100,0,30071.43,0.00,-4.29,30075.72,0.00,0.00,0.00,0.00
361.24,35.73,34.51,36.00,20.00,MAN,8,100,0,30071.43,0.00,-4.29,30075.72,0.00,0.00,0.00,0.00
362.24,35.74,34.47,36.00,20.00,MAN,8,100,0,30071.43,0.00,-4.29,30075.72,0.00,0.00,0.00,0.00
363.24,35.74,34.47,36.00,20.00,MAN,8,100,0,30071.43,0.00,-4.29,30075.72,0.00,0.00,0.00,0.00
364.24,35.75,34.47,36.00,20.00,MAN,8,100,0,30071.43,0.00,-4.29,30075.72,0.00,0.00,0.00,0.00
365.24,35.78,34.39,36.00,20.00,MAN,8,100,0,30071.43,0.00,-4.29,30075.72,0.00,0.00,0.00,0.00
366.24,35.78,34.39,36.00,20.00,MAN,8,100,0,30071.43,0.00,-4.29,30075.72,0.00,0.00,0.00,0.00
367.25,35.79,34.39,36.00,20.00,MAN,8,100,0,30071.43,0.00,-4.29,30075.72,0.00,0.00,0.00,0.00
368.25,35.80,34.39,36.00,20.00,MAN,8,100,0,30071.43,0.00,-4.29,30075.72,0.00,0.00,0.00,0.00
369.25,35.80,34.39,36.00,20.00,MAN,8,100,0,30071.43,0.00,-4.29,30075.72,0.00,0.00,0.00,0.00
370.25,35.81,34.34,36.00,20.00,MAN,8,100,0,30071.43,0.00,-4.29,30075.72,0.00,0.00,0.00,0.00
371.25,35.83,34.34,36.00,20.00,MAN,8,100,0,30071.43,0.00,-4.29,30075.72,0.00,0.00,0.00,0.00
372.25,35.83,34.34,36.00,20.00,MAN,8,100,0,30071.43,0.00,-4.29,30075.72,0.00,0.00,0.00,0.00
373.25,35.85,34.32,36.00,20.00,MAN,8,100,0,30071.43,0.00,-4.29,30075.72,0.00,0.00,0.00,0.00
374.26,35.85,34.32,36.00,20.00,MAN,8,100,0,30071.43,0.00,-4.29,30075.72,0.00,0.00,0.00,0.00
375.26,35.86,34.32,36.00,20.00,MAN,8,100,0,30071.43,0.00,-4.29,30075.72,0.00,0.00,0.00,0.00
376.26,35.87,34.32,36.00,20.00,MAN,8,100,0,30071.43,0.00,-4.29,30075.72,0.00,0.00,0.00,0.00
377.26,35.88,34.32,36.00,20.00,MAN,8,100,0,30071.43,0.00,-4.29,30075.72,0.00,0.00,0.00,0.00
378.26,35.90,34.28,36.00,20.00,MAN,8,100,0,30071.43,0.00,-4.29,30075.72,0.00,0.00,0.00,0.00
379.27,35.90,34.28,36.00,20.00,MAN,8,100,0,30071.43,0.00,-4.29,30075.72,0.00,0.00,0.00,0.00
380.27,35.93,34.28,36.00,20.00,MAN,8,100,0,30071.43,0.00,-4.29,30075.72,0.00,0.00,0.00,0.00
381.27,35.92,34.25,36.00,20.00,MAN,8,100,0,30071.43,0.00,-4.29,30075.72,0.00,0.00,0.00,0.00
382.27,35.93,34.25,36.00,20.00,MAN,8,100,0,30071.43,0.00,-4.29,30075.72,0.00,0.00,0.00,0.00
383.27,35.94,34.25,36.00,20.00,MAN,8,100,0,30071.43,0.00,-4.29,30075.72,0.00,0.00,0.00,0.00
384.27,35.94,34.25,36.00,20.00,MAN,8,100,0,30071.43,0.00,-4.29,30075.72,0.00,0.00,0.00,0.00
385.27,35.95,34.25,36.00,20.00,MAN,8,100,0,30071.43,0.00,-4.29,30075.72,0.00,0.00,0.00,0.00
386.27,35.96,34.25,36.00,20.00,MAN,8,100,0,30071.43,0.00,-4.29,30075.72,0.00,0.00,0.00,0.00
387.28,35.97,34.25,36.00,20.00,MAN,8,100,0,30071.43,0.00,-4.29,30075.72,0.00,0.00,0.00,0.00
388.28,35.99,34.20,36.00,20.00,MAN,8,100,0,30071.43,0.00,-4.29,30075.72,0.00,0.00,0.00,0.00
389.28,35.99,34.20,36.00,20.00,MAN,8,100,0,30071.43,0.00,-4.29,30075.72,0.00,0.00,0.00,0.00
390.28,36.02,34.20,36.00,20.00,MAN,8,100,0,30071.43,0.00,-4.29,30075.72,0.00,0.00,0.00,0.00
391.28,36.02,34.20,36.00,20.00,MAN,8,100,0,30071.43,0.00,-4.29,30075.72,0.00,0.00,0.00,0.00
392.28,36.02,34.16,36.00,20.00,MAN,8,100,0,30071.43,0.00,-4.29,30075.72,0.00,0.00,0.00,0.00
393.29,36.02,34.16,36.00,20.00,MAN,8,100,0,30071.43,0.00,-4.29,30075.72,0.00,0.00,0.00,0.00
394.29,36.02,34.16,36.00,20.00,MAN,8,100,0,30071.43,0.00,-4.29,30075.72,0.00,0.00,0.00,0.00
395.29,36.02,34.16,36.00,20.00,MAN,8,100,0,30071.43,0.00,-4.29,30075.72,0.00,0.00,0.00,0.00
396.29,36.02,34.16,36.00,20.00,MAN,8,100,0,30071.43,0.00,-4.29,30075.72,0.00,0.00,0.00,0.00
397.29,36.02,34.14,36.00,20.00,MAN,8,100,0,30071.43,0.00,-4.29,30075.72,0.00,0.00,0.00,0.00
398.29,36.03,34.14,36.00,20.00,MAN,8,100,0,30071.43,0.00,-4.29,30075.72,0.00,0.00,0.00,0.00
399.29,36.03,34.14,36.00,20.00,MAN,8,100,0,30071.43,0.00,-4.29,30075.72,0.00,0.00,0.00,0.00
400.30,36.04,34.14,36.00,20.00,MAN,8,100,0,30071.43,0.00,-4.29,30075.72,0.00,0.00,0.00,0.00
401.30,36.06,34.14,36.00,20.00,MAN,8,100,0,30071.43,0.00,-4.29,30075.72,0.00,0.00,0.00,0.00
402.30,36.06,34.10,36.00,20.00,MAN,8,100,0,30071.43,0.00,-4.29,30075.72,0.00,0.00,0.00,0.00
403.30,36.08,34.10,36.00,20.00,MAN,8,100,0,30071.43,0.00,-4.29,30075.72,0.00,0.00,0.00,0.00
404.30,36.10,34.10,36.00,20.00,MAN,8,100,0,30071.43,0.00,-4.29,30075.72,0.00,0.00,0.00,0.00
405.30,36.11,34.10,36.00,20.00,MAN,8,100,0,30071.43,0.00,-4.29,30075.72,0.00,0.00,0.00,0.00
406.31,36.11,34.05,36.00,20.00,MAN,8,100,0,30071.43,0.00,-4.29,30075.72,0.00,0.00,0.00,0.00
407.31,36.12,34.05,36.00,20.00,MAN,8,100,0,30071.43,0.00,-4.29,30075.72,0.00,0.00,0.00,0.00
408.31,36.13,34.05,36.00,20.00,MAN,8,100,0,30071.43,0.00,-4.29,30075.72,0.00,0.00,0.00,0.00
409.31,36.14,34.05,36.00,20.00,MAN,8,100,0,30071.43,0.00,-4.29,30075.72,0.00,0.00,0.00,0.00
410.31,36.14,34.05,36.00,20.00,MAN,8,100,0,30071.43,0.00,-4.29,30075.72,0.00,0.00,0.00,0.00
411.32,36.16,34.02,36.00,20.00,MAN,8,100,0,30071.43,0.00,-4.29,30075.72,0.00,0.00,0.00,0.00
412.32,36.17,34.02,36.00,20.00,MAN,8,100,0,30071.43,0.00,-4.29,30075.72,0.00,0.00,0.00,0.00
413.32,36.18,34.02,36.00,20.00,MAN,8,100,0,30071.43,0.00,-4.29,30075.72,0.00,0.00,0.00,0.00
414.32,36.18,34.02,36.00,20.00,MAN,8,100,0,30071.43,0.00,-4.29,30075.72,0.00,0.00,0.00,0.00
415.32,36.21,33.98,36.00,20.00,MAN,8,100,0,30071.43,0.00,-4.29,30075.72,0.00,0.00,0.00,0.00
416.32,36.21,33.98,36.00,20.00,MAN,8,100,0,30071.43,0.00,-4.29,30075.72,0.00,0.00,0.00,0.00
417.32,36.22,33.99,36.00,20.00,MAN,8,100,0,30071.43,0.00,-4.29,30075.72,0.00,0.00,0.00,0.00
418.33,36.23,33.99,36.00,20.00,MAN,8,100,0,30071.43,0.00,-4.29,30075.72,0.00,0.00,0.00,0.00
419.33,36.23,33.99,36.00,20.00,MAN,8,100,0,30071.43,0.00,-4.29,30075.72,0.00,0.00,0.00,0.00
420.33,36.24,33.99,36.00,20.00,MAN,8,100,0,30071.43,0.00,-4.29,30075.72,0.00,0.00,0.00,0.00
421.33,36.24,33.96,36.00,20.00,MAN,8,100,0,30071.43,0.00,-4.29,30075.72,0.00,0.00,0.00,0.00
422.33,36.25,33.96,36.00,20.00,MAN,8,100,0,30071.43,0.00,-4.29,30075.72,0.00,0.00,0.00,0.00
423.33,36.25,33.96,36.00,20.00,MAN,8,100,0,30071.43,0.00,-4.29,30075.72,0.00,0.00,0.00,0.00
424.34,36.26,33.96,36.00,20.00,MAN,8,100,0,30071.43,0.00,-4.29,30075.72,0.00,0.00,0.00,0.00
425.34,36.27,33.96,36.00,20.00,MAN,8,100,0,30071.43,0.00,-4.29,30075.72,0.00,0.00,0.00,0.00
426.34,36.27,33.96,36.00,20.00,MAN,8,100,0,30071.43,0.00,-4.29,30075.72,0.00,0.00,0.00,0.00
427.34,36.28,33.96,36.00,20.00,MAN,8,100,0,30071.43,0.00,-4.29,30075.72,0.00,0.00,0.00,0.00
428.34,36.28,33.92,36.00,20.00,MAN,8,100,0,30071.43,0.00,-4.29,30075.72,0.00,0.00,0.00,0.00
429.35,36.29,33.92,36.00,20.00,MAN,8,100,0,30071.43,0.00,-4.29,30075.72,0.00,0.00,0.00,0.00
430.35,36.29,33.92,36.00,20.00,MAN,8,100,0,30071.43,0.00,-4.29,30075.72,0.00,0.00,0.00,0.00
431.34,36.30,33.92,36.00,20.00,MAN,8,100,0,30071.43,0.00,-4.29,30075.72,0.00,0.00,0.00,0.00
432.35,36.31,33.92,36.00,20.00,MAN,8,100,0,30071.43,0.00,-4.29,30075.72,0.00,0.00,0.00,0.00
433.35,36.31,33.92,36.00,20.00,MAN,8,100,0,30071.43,0.00,-4.29,30075.72,0.00,0.00,0.00,0.00
434.35,36.32,33.92,36.00,20.00,MAN,8,100,0,30071.43,0.00,-4.29,30075.72,0.00,0.00,0.00,0.00
435.35,36.32,33.88,36.00,20.00,MAN,8,100,0,30071.43,0.00,-4.29,30075.72,0.00,0.00,0.00,0.00
436.35,36.32,33.88,36.00,20.00,MAN,8,100,0,30071.43,0.00,-4.29,30075.72,0.00,0.00,0.00,0.00
437.36,36.33,33.88,36.00,20.00,MAN,8,100,0,30071.43,0.00,-4.29,30075.72,0.00,0.00,0.00,0.00
438.36,36.34,33.88,36.00,20.00,MAN,8,100,0,30071.43,0.00,-4.29,30075.72,0.00,0.00,0.00,0.00
439.36,36.36,33.88,36.00,20.00,MAN,8,100,0,30071.43,0.00,-4.29,30075.72,0.00,0.00,0.00,0.00
440.36,36.37,33.89,36.00,20.00,MAN,8,100,0,30071.43,0.00,-4.29,30075.72,0.00,0.00,0.00,0.00
441.36,36.38,33.89,36.00,20.00,MAN,8,100,0,30071.43,0.00,-4.29,30075.72,0.00,0.00,0.00,0.00
442.36,36.39,33.86,36.00,20.00,MAN,8,100,0,30071.43,0.00,-4.29,30075.72,0.00,0.00,0.00,0.00
443.37,36.39,33.86,36.00,20.00,MAN,8,100,0,30071.43,0.00,-4.29,30075.72,0.00,0.00,0.00,0.00
444.37,36.40,33.86,36.00,20.00,MAN,8,100,0,30071.43,0.00,-4.29,30075.72,0.00,0.00,0.00,0.00
445.37,36.41,33.86,36.00,20.00,MAN,8,100,0,30071.43,0.00,-4.29,30075.72,0.00,0.00,0.00,0.00
446.37,36.42,33.81,36.00,20.00,MAN,8,100,0,30071.43,0.00,-4.29,30075.72,0.00,0.00,0.00,0.00
447.37,36.42,33.81,36.00,20.00,MAN,8,100,0,30071.43,0.00,-4.29,30075.72,0.00,0.00,0.00,0.00
448.38,36.42,33.81,36.00,20.00,MAN,8,100,0,30071.43,0.00,-4.29,30075.72,0.00,0.00,0.00,0.00
449.37,36.44,33.81,36.00,20.00,MAN,8,100,0,30071.43,0.00,-4.29,30075.72,0.00,0.00,0.00,0.00
450.38,36.45,33.81,36.00,20.00,MAN,8,100,0,30071.43,0.00,-4.29,30075.72,0.00,0.00,0.00,0.00
451.38,36.46,33.81,36.00,20.00,MAN,8,100,0,30071.43,0.00,-4.29,30075.72,0.00,0.00,0.00,0.00
452.38,36.48,33.77,36.00,20.00,MAN,8,100,0,30071.43,0.00,-4.29,30075.72,0.00,0.00,0.00,0.00
453.38,36.48,33.77,36.00,20.00,MAN,8,100,0,30071.43,0.00,-4.29,30075.72,0.00,0.00,0.00,0.00
454.38,36.49,33.77,36.00,20.00,MAN,8,100,0,30071.43,0.00,-4.29,30075.72,0.00,0.00,0.00,0.00
455.38,36.49,33.73,36.00,20.00,MAN,8,100,0,30071.43,0.00,-4.29,30075.72,0.00,0.00,0.00,0.00
456.39,36.51,33.73,36.00,20.00,MAN,8,100,0,30071.43,0.00,-4.29,30075.72,0.00,0.00,0.00,0.00
457.39,36.52,33.73,36.00,20.00,MAN,8,100,0,30071.43,0.00,-4.29,30075.72,0.00,0.00,0.00,0.00
458.39,36.53,33.73,36.00,20.00,MAN,8,100,0,30071.43,0.00,-4.29,30075.72,0.00,0.00,0.00,0.00
459.39,36.53,33.73,36.00,20.00,MAN,8,100,0,30071.43,0.00,-4.29,30075.72,0.00,0.00,0.00,0.00
460.39,36.54,33.73,36.00,20.00,MAN,8,100,0,30071.43,0.00,-4.29,30075.72,0.00,0.00,0.00,0.00
461.40,36.55,33.71,36.00,20.00,MAN,8,100,0,30071.43,0.00,-4.29,30075.72,0.00,0.00,0.00,0.00
462.40,36.56,33.71,36.00,20.00,MAN,8,100,0,30071.43,0.00,-4.29,30075.72,0.00,0.00,0.00,0.00
463.40,36.57,33.71,36.00,20.00,MAN,8,100,0,30071.43,0.00,-4.29,30075.72,0.00,0.00,0.00,0.00
464.40,36.57,33.71,36.00,20.00,MAN,8,100,0,30071.43,0.00,-4.29,30075.72,0.00,0.00,0.00,0.00
465.40,36.57,33.67,36.00,20.00,MAN,8,100,0,30071.43,0.00,-4.29,30075.72,0.00,0.00,0.00,0.00
466.40,36.58,33.67,36.00,20.00,MAN,8,100,0,30071.43,0.00,-4.29,30075.72,0.00,0.00,0.00,0.00
467.40,36.59,33.67,36.00,20.00,MAN,8,100,0,30071.43,0.00,-4.29,30075.72,0.00,0.00,0.00,0.00
468.40,36.59,33.67,36.00,20.00,MAN,8,100,0,30071.43,0.00,-4.29,30075.72,0.00,0.00,0.00,0.00
469.41,36.60,33.67,36.00,20.00,MAN,8,100,0,30071.43,0.00,-4.29,30075.72,0.00,0.00,0.00,0.00
470.41,36.61,33.67,36.00,20.00,MAN,8,100,0,30071.43,0.00,-4.29,30075.72,0.00,0.00,0.00,0.00
471.41,36.62,33.67,36.00,20.00,MAN,8,100,0,30071.43,0.00,-4.29,30075.72,0.00,0.00,0.00,0.00
472.41,36.63,33.63,36.00,20.00,MAN,8,100,0,30071.43,0.00,-4.29,30075.72,0.00,0.00,0.00,0.00
473.41,36.66,33.63,36.00,20.00,MAN,8,100,0,30071.43,0.00,-4.29,30075.72,0.00,0.00,0.00,0.00
474.42,36.67,33.59,36.00,20.00,MAN,8,100,0,30071.43,0.00,-4.29,30075.72,0.00,0.00,0.00,0.00
475.42,36.67,33.59,36.00,20.00,MAN,8,100,0,30071.43,0.00,-4.29,30075.72,0.00,0.00,0.00,0.00
476.42,36.67,33.59,36.00,20.00,MAN,8,100,0,30071.43,0.00,-4.29,30075.72,0.00,0.00,0.00,0.00
477.42,36.69,33.59,36.00,20.00,MAN,8,100,0,30071.43,0.00,-4.29,30075.72,0.00,0.00,0.00,0.00
478.42,36.71,33.52,36.00,20.00,MAN,8,100,0,30071.43,0.00,-4.29,30075.72,0.00,0.00,0.00,0.00
479.42,36.72,33.52,36.00,20.00,MAN,8,100,0,30071.43,0.00,-4.29,30075.72,0.00,0.00,0.00,0.00
480.42,36.72,33.52,36.00,20.00,MAN,8,100,0,30071.43,0.00,-4.29,30075.72,0.00,0.00,0.00,0.00
481.42,36.72,33.52,36.00,20.00,MAN,8,100,0,30071.43,0.00,-4.29,30075.72,0.00,0.00,0.00,0.00
482.43,36.73,33.52,36.00,20.00,MAN,8,100,0,30071.43,0.00,-4.29,30075.72,0.00,0.00,0.00,0.00
483.43,36.75,33.52,36.00,20.00,MAN,8,100,0,30071.43,0.00,-4.29,30075.72,0.00,0.00,0.00,0.00
484.43,36.75,33.52,36.00,20.00,MAN,8,100,0,30071.43,0.00,-4.29,30075.72,0.00,0.00,0.00,0.00
485.43,36.75,33.52,36.00,20.00,MAN,8,100,0,30071.43,0.00,-4.29,30075.72,0.00,0.00,0.00,0.00
486.43,36.76,33.48,36.00,20.00,MAN,8,100,0,30071.43,0.00,-4.29,30075.72,0.00,0.00,0.00,0.00
487.43,36.76,33.48,36.00,20.00,MAN,8,100,0,30071.43,0.00,-4.29,30075.72,0.00,0.00,0.00,0.00
488.44,36.77,33.48,36.00,20.00,MAN,8,100,0,30071.43,0.00,-4.29,30075.72,0.00,0.00,0.00,0.00
489.44,36.78,33.48,36.00,20.00,MAN,8,100,0,30071.43,0.00,-4.29,30075.72,0.00,0.00,0.00,0.00
490.44,36.80,33.48,36.00,20.00,MAN,8,100,0,30071.43,0.00,-4.29,30075.72,0.00,0.00,0.00,0.00
491.44,36.80,33.48,36.00,20.00,MAN,8,100,0,30071.43,0.00,-4.29,30075.72,0.00,0.00,0.00,0.00
492.44,36.81,33.44,36.00,20.00,MAN,8,100,0,30071.43,0.00,-4.29,30075.72,0.00,0.00,0.00,0.00
493.45,36.82,33.44,36.00,20.00,MAN,8,100,0,30071.43,0.00,-4.29,30075.72,0.00,0.00,0.00,0.00
494.45,36.83,33.44,36.00,20.00,MAN,8,100,0,30071.43,0.00,-4.29,30075.72,0.00,0.00,0.00,0.00
495.45,36.84,33.44,36.00,20.00,MAN,8,100,0,30071.43,0.00,-4.29,30075.72,0.00,0.00,0.00,0.00
496.45,36.84,33.44,36.00,20.00,MAN,8,100,0,30071.43,0.00,-4.29,30075.72,0.00,0.00,0.00,0.00
497.45,36.85,33.40,36.00,20.00,MAN,8,100,0,30071.43,0.00,-4.29,30075.72,0.00,0.00,0.00,0.00
498.46,36.86,33.40,36.00,20.00,MAN,8,100,0,30071.43,0.00,-4.29,30075.72,0.00,0.00,0.00,0.00
499.45,36.87,33.40,36.00,20.00,MAN,8,100,0,30071.43,0.00,-4.29,30075.72,0.00,0.00,0.00,0.00
500.46,36.87,33.40,36.00,20.00,MAN,8,100,0,30071.43,0.00,-4.29,30075.72,0.00,0.00,0.00,0.00
501.46,36.88,33.40,36.00,20.00,MAN,8,100,0,30071.43,0.00,-4.29,30075.72,0.00,0.00,0.00,0.00
502.46,36.89,33.38,36.00,20.00,MAN,8,100,0,30071.43,0.00,-4.29,30075.72,0.00,0.00,0.00,0.00
503.46,36.89,33.38,36.00,20.00,MAN,8,100,0,30071.43,0.00,-4.29,30075.72,0.00,0.00,0.00,0.00
504.46,36.91,33.38,36.00,20.00,MAN,8,100,0,30071.43,0.00,-4.29,30075.72,0.00,0.00,0.00,0.00
505.46,36.91,33.38,36.00,20.00,MAN,8,100,0,30071.43,0.00,-4.29,30075.72,0.00,0.00,0.00,0.00
506.47,36.92,33.38,36.00,20.00,MAN,8,100,0,30071.43,0.00,-4.29,30075.72,0.00,0.00,0.00,0.00
507.47,36.93,33.38,36.00,20.00,MAN,8,100,0,30071.43,0.00,-4.29,30075.72,0.00,0.00,0.00,0.00
508.47,36.93,33.38,36.00,20.00,MAN,8,100,0,30071.43,0.00,-4.29,30075.72,0.00,0.00,0.00,0.00
509.47,36.93,33.38,36.00,20.00,MAN,8,100,0,30071.43,0.00,-4.29,30075.72,0.00,0.00,0.00,0.00
510.47,36.95,33.34,36.00,20.00,MAN,8,100,0,30071.43,0.00,-4.29,30075.72,0.00,0.00,0.00,0.00
511.47,36.95,33.34,36.00,20.00,MAN,8,100,0,30071.43,0.00,-4.29,30075.72,0.00,0.00,0.00,0.00
512.48,36.96,33.34,36.00,20.00,MAN,8,100,0,30071.43,0.00,-4.29,30075.72,0.00,0.00,0.00,0.00
513.48,36.96,33.34,36.00,20.00,MAN,8,100,0,30071.43,0.00,-4.29,30075.72,0.00,0.00,0.00,0.00
514.48,36.96,33.34,36.00,20.00,MAN,8,100,0,30071.43,0.00,-4.29,30075.72,0.00,0.00,0.00,0.00
515.48,36.97,33.34,36.00,20.00,MAN,8,100,0,30071.43,0.00,-4.29,30075.72,0.00,0.00,0.00,0.00
516.48,36.98,33.34,36.00,20.00,MAN,8,100,0,30071.43,0.00,-4.29,30075.72,0.00,0.00,0.00,0.00
517.48,36.98,33.34,36.00,20.00,MAN,8,100,0,30071.43,0.00,-4.29,30075.72,0.00,0.00,0.00,0.00
518.50,36.99,33.34,36.00,20.00,MAN,8,100,0,30071.43,0.00,-4.29,30075.72,0.00,0.00,0.00,0.00
519.49,36.99,33.34,36.00,20.00,MAN,8,100,0,30071.43,0.00,-4.29,30075.72,0.00,0.00,0.00,0.00
520.49,37.00,33.30,36.00,20.00,MAN,8,100,0,30071.43,0.00,-4.29,30075.72,0.00,0.00,0.00,0.00
521.49,37.02,33.30,36.00,20.00,MAN,8,100,0,30071.43,0.00,-4.29,30075.72,0.00,0.00,0.00,0.00
522.49,37.02,33.30,36.00,20.00,MAN,8,100,0,30071.43,0.00,-4.29,30075.72,0.00,0.00,0.00,0.00
523.49,37.03,33.30,36.00,20.00,MAN,8,100,0,30071.43,0.00,-4.29,30075.72,0.00,0.00,0.00,0.00
524.49,37.02,33.30,36.00,20.00,MAN,8,100,0,30071.43,0.00,-4.29,30075.72,0.00,0.00,0.00,0.00
525.50,37.03,33.30,36.00,20.00,MAN,8,100,0,30071.43,0.00,-4.29,30075.72,0.00,0.00,0.00,0.00
526.50,37.03,33.30,36.00,20.00,MAN,8,100,0,30071.43,0.00,-4.29,30075.72,0.00,0.00,0.00,0.00
527.50,37.04,33.30,36.00,20.00,MAN,8,100,0,30071.43,0.00,-4.29,30075.72,0.00,0.00,0.00,0.00
528.50,37.05,33.31,36.00,20.00,MAN,8,100,0,30071.43,0.00,-4.29,30075.72,0.00,0.00,0.00,0.00
529.50,37.05,33.28,36.00,20.00,MAN,8,100,0,30071.43,0.00,-4.29,30075.72,0.00,0.00,0.00,0.00
530.50,37.06,33.28,36.00,20.00,MAN,8,100,0,30071.43,0.00,-4.29,30075.72,0.00,0.00,0.00,0.00
531.50,37.06,33.28,36.00,20.00,MAN,8,100,0,30071.43,0.00,-4.29,30075.72,0.00,0.00,0.00,0.00
532.51,37.07,33.28,36.00,20.00,MAN,8,100,0,30071.43,0.00,-4.29,30075.72,0.00,0.00,0.00,0.00
533.51,37.08,33.28,36.00,20.00,MAN,8,100,0,30071.43,0.00,-4.29,30075.72,0.00,0.00,0.00,0.00
534.51,37.11,33.28,36.00,20.00,MAN,8,100,0,30071.43,0.00,-4.29,30075.72,0.00,0.00,0.00,0.00
535.51,37.11,33.23,36.00,20.00,MAN,8,100,0,30071.43,0.00,-4.29,30075.72,0.00,0.00,0.00,0.00
536.51,37.12,33.23,36.00,20.00,MAN,8,100,0,30071.43,0.00,-4.29,30075.72,0.00,0.00,0.00,0.00
537.52,37.13,33.23,36.00,20.00,MAN,8,100,0,30071.43,0.00,-4.29,30075.72,0.00,0.00,0.00,0.00
538.52,37.13,33.23,36.00,20.00,MAN,8,100,0,30071.43,0.00,-4.29,30075.72,0.00,0.00,0.00,0.00
539.52,37.13,33.23,36.00,20.00,MAN,8,100,0,30071.43,0.00,-4.29,30075.72,0.00,0.00,0.00,0.00
540.52,37.14,33.23,36.00,20.00,MAN,8,100,0,30071.43,0.00,-4.29,30075.72,0.00,0.00,0.00,0.00
541.52,37.14,33.19,36.00,20.00,MAN,8,100,0,30071.43,0.00,-4.29,30075.72,0.00,0.00,0.00,0.00
542.52,37.15,33.19,36.00,20.00,MAN,8,100,0,30071.43,0.00,-4.29,30075.72,0.00,0.00,0.00,0.00
543.53,37.16,33.19,36.00,20.00,MAN,8,100,0,30071.43,0.00,-4.29,30075.72,0.00,0.00,0.00,0.00
544.53,37.17,33.19,36.00,20.00,MAN,8,100,0,30071.43,0.00,-4.29,30075.72,0.00,0.00,0.00,0.00
545.53,37.17,33.19,36.00,20.00,MAN,8,100,0,30071.43,0.00,-4.29,30075.72,0.00,0.00,0.00,0.00
546.53,37.17,33.19,36.00,20.00,MAN,8,100,0,30071.43,0.00,-4.29,30075.72,0.00,0.00,0.00,0.00
547.53,37.18,33.19,36.00,20.00,MAN,8,100,0,30071.43,0.00,-4.29,30075.72,0.00,0.00,0.00,0.00
548.53,37.18,33.19,36.00,20.00,MAN,8,100,0,30071.43,0.00,-4.29,30075.72,0.00,0.00,0.00,0.00
549.53,37.19,33.19,36.00,20.00,MAN,8,100,0,30071.43,0.00,-4.29,30075.72,0.00,0.00,0.00,0.00
550.53,37.19,33.19,36.00,20.00,MAN,8,100,0,30071.43,0.00,-4.29,30075.72,0.00,0.00,0.00,0.00
551.54,37.19,33.19,36.00,20.00,MAN,8,100,0,30071.43,0.00,-4.29,30075.72,0.00,0.00,0.00,0.00
552.54,37.20,33.19,36.00,20.00,MAN,8,100,0,30071.43,0.00,-4.29,30075.72,0.00,0.00,0.00,0.00
553.54,37.20,33.19,36.00,20.00,MAN,8,100,0,30071.43,0.00,-4.29,30075.72,0.00,0.00,0.00,0.00
554.54,37.21,33.19,36.00,20.00,MAN,8,100,0,30071.43,0.00,-4.29,30075.72,0.00,0.00,0.00,0.00
555.54,37.23,33.17,36.00,20.00,MAN,8,100,0,30071.43,0.00,-4.29,30075.72,0.00,0.00,0.00,0.00
556.55,37.25,33.17,36.00,20.00,MAN,8,100,0,30071.43,0.00,-4.29,30075.72,0.00,0.00,0.00,0.00
557.55,37.25,33.17,36.00,20.00,MAN,8,100,0,30071.43,0.00,-4.29,30075.72,0.00,0.00,0.00,0.00
558.55,37.25,33.17,36.00,20.00,MAN,8,100,0,30071.43,0.00,-4.29,30075.72,0.00,0.00,0.00,0.00
559.55,37.25,33.17,36.00,20.00,MAN,8,100,0,30071.43,0.00,-4.29,30075.72,0.00,0.00,0.00,0.00
560.55,37.26,33.13,36.00,20.00,MAN,8,100,0,30071.43,0.00,-4.29,30075.72,0.00,0.00,0.00,0.00
561.55,37.27,33.13,36.00,20.00,MAN,8,100,0,30071.43,0.00,-4.29,30075.72,0.00,0.00,0.00,0.00
562.56,37.28,33.13,36.00,20.00,MAN,8,100,0,30071.43,0.00,-4.29,30075.72,0.00,0.00,0.00,0.00
563.56,37.29,33.13,36.00,20.00,MAN,8,100,0,30071.43,0.00,-4.29,30075.72,0.00,0.00,0.00,0.00
564.56,37.29,33.13,36.00,20.00,MAN,8,100,0,30071.43,0.00,-4.29,30075.72,0.00,0.00,0.00,0.00
565.56,37.30,33.13,36.00,20.00,MAN,8,100,0,30071.43,0.00,-4.29,30075.72,0.00,0.00,0.00,0.00
566.56,37.30,33.13,36.00,20.00,MAN,8,100,0,30071.43,0.00,-4.29,30075.72,0.00,0.00,0.00,0.00
567.56,37.31,33.09,36.00,20.00,MAN,8,100,0,30071.43,0.00,-4.29,30075.72,0.00,0.00,0.00,0.00
568.56,37.31,33.13,36.00,20.00,MAN,8,100,0,30071.43,0.00,-4.29,30075.72,0.00,0.00,0.00,0.00
569.57,37.32,33.09,36.00,20.00,MAN,8,100,0,30071.43,0.00,-4.29,30075.72,0.00,0.00,0.00,0.00
570.57,37.33,33.09,36.00,20.00,MAN,8,100,0,30071.43,0.00,-4.29,30075.72,0.00,0.00,0.00,0.00
571.57,37.34,33.09,36.00,20.00,MAN,8,100,0,30071.43,0.00,-4.29,30075.72,0.00,0.00,0.00,0.00
572.57,37.35,33.09,36.00,20.00,MAN,8,100,0,30071.43,0.00,-4.29,30075.72,0.00,0.00,0.00,0.00
573.57,37.36,33.05,36.00,20.00,MAN,8,100,0,30071.43,0.00,-4.29,30075.72,0.00,0.00,0.00,0.00
574.57,37.37,33.05,36.00,20.00,MAN,8,100,0,30071.43,0.00,-4.29,30075.72,0.00,0.00,0.00,0.00
575.58,37.38,33.06,36.00,20.00,MAN,8,100,0,30071.43,0.00,-4.29,30075.72,0.00,0.00,0.00,0.00
576.58,37.40,33.06,36.00,20.00,MAN,8,100,0,30071.43,0.00,-4.29,30075.72,0.00,0.00,0.00,0.00
577.58,37.40,33.06,36.00,20.00,MAN,8,100,0,30071.43,0.00,-4.29,30075.72,0.00,0.00,0.00,0.00
578.58,37.41,33.02,36.00,20.00,MAN,8,100,0,30071.43,0.00,-4.29,30075.72,0.00,0.00,0.00,0.00
579.58,37.41,33.02,36.00,20.00,MAN,8,100,0,30071.43,0.00,-4.29,30075.72,0.00,0.00,0.00,0.00
580.59,37.41,33.02,36.00,20.00,MAN,8,100,0,30071.43,0.00,-4.29,30075.72,0.00,0.00,0.00,0.00
581.58,37.42,33.02,36.00,20.00,MAN,8,100,0,30071.43,0.00,-4.29,30075.72,0.00,0.00,0.00,0.00
582.59,37.43,33.02,36.00,20.00,MAN,8,100,0,30071.43,0.00,-4.29,30075.72,0.00,0.00,0.00,0.00
583.59,37.43,33.02,36.00,20.00,MAN,8,100,0,30071.43,0.00,-4.29,30075.72,0.00,0.00,0.00,0.00
584.59,37.44,33.02,36.00,20.00,MAN,8,100,0,30071.43,0.00,-4.29,30075.72,0.00,0.00,0.00,0.00
585.59,37.45,33.02,36.00,20.00,MAN,8,100,0,30071.43,0.00,-4.29,30075.72,0.00,0.00,0.00,0.00
586.59,37.45,33.02,36.00,20.00,MAN,8,100,0,30071.43,0.00,-4.29,30075.72,0.00,0.00,0.00,0.00
587.59,37.45,32.99,36.00,20.00,MAN,8,100,0,30071.43,0.00,-4.29,30075.72,0.00,0.00,0.00,0.00
588.60,37.46,32.99,36.00,20.00,MAN,8,100,0,30071.43,0.00,-4.29,30075.72,0.00,0.00,0.00,0.00
589.60,37.46,32.99,36.00,20.00,MAN,8,100,0,30071.43,0.00,-4.29,30075.72,0.00,0.00,0.00,0.00
590.60,37.47,32.99,36.00,20.00,MAN,8,100,0,30071.43,0.00,-4.29,30075.72,0.00,0.00,0.00,0.00
591.60,37.47,32.99,36.00,20.00,MAN,8,100,0,30071.43,0.00,-4.29,30075.72,0.00,0.00,0.00,0.00
592.60,37.47,32.99,36.00,20.00,MAN,8,100,0,30071.43,0.00,-4.29,30075.72,0.00,0.00,0.00,0.00
593.61,37.47,33.02,36.00,20.00,MAN,8,100,0,30071.43,0.00,-4.29,30075.72,0.00,0.00,0.00,0.00
594.61,37.47,32.99,36.00,20.00,MAN,8,100,0,30071.43,0.00,-4.29,30075.72,0.00,0.00,0.00,0.00
595.61,37.47,32.99,36.00,20.00,MAN,8,100,0,30071.43,0.00,-4.29,30075.72,0.00,0.00,0.00,0.00
596.61,37.47,32.99,36.00,20.00,MAN,8,100,0,30071.43,0.00,-4.29,30075.72,0.00,0.00,0.00,0.00
597.61,37.48,32.99,36.00,20.00,MAN,8,100,0,30071.43,0.00,-4.29,30075.72,0.00,0.00,0.00,0.00
598.61,37.49,32.99,36.00,20.00,MAN,8,100,0,30071.43,0.00,-4.29,30075.72,0.00,0.00,0.00,0.00
599.61,37.49,32.99,36.00,20.00,MAN,8,100,0,30071.43,0.00,-4.29,30075.72,0.00,0.00,0.00,0.00
600.61,37.49,32.99,36.00,20.00,MAN,8,100,0,30071.43,0.00,-4.29,30075.72,0.00,0.00,0.00,0.00
601.62,37.50,32.99,36.00,20.00,MAN,8,100,0,30071.43,0.00,-4.29,30075.72,0.00,0.00,0.00,0.00
602.62,37.50,32.99,36.00,20.00,MAN,8,100,0,30071.43,0.00,-4.29,30075.72,0.00,0.00,0.00,0.00
603.62,37.51,32.99,36.00,20.00,MAN,8,100,0,30071.43,0.00,-4.29,30075.72,0.00,0.00,0.00,0.00
604.62,37.51,32.99,36.00,20.00,MAN,8,100,0,30071.43,0.00,-4.29,30075.72,0.00,0.00,0.00,0.00
605.62,37.54,32.99,36.00,20.00,MAN,8,100,0,30071.43,0.00,-4.29,30075.72,0.00,0.00,0.00,0.00
606.62,37.55,32.99,36.00,20.00,MAN,8,100,0,30071.43,0.00,-4.29,30075.72,0.00,0.00,0.00,0.00
607.63,37.55,32.94,36.00,20.00,MAN,8,100,0,30071.43,0.00,-4.29,30075.72,0.00,0.00,0.00,0.00
608.63,37.56,32.94,36.00,20.00,MAN,8,100,0,30071.43,0.00,-4.29,30075.72,0.00,0.00,0.00,0.00
609.63,37.56,32.94,36.00,20.00,MAN,8,100,0,30071.43,0.00,-4.29,30075.72,0.00,0.00,0.00,0.00
610.63,37.56,32.94,36.00,20.00,MAN,8,100,0,30071.43,0.00,-4.29,30075.72,0.00,0.00,0.00,0.00
611.63,37.58,32.96,36.00,20.00,MAN,8,100,0,30071.43,0.00,-4.29,30075.72,0.00,0.00,0.00,0.00
612.64,37.58,32.96,36.00,20.00,MAN,8,100,0,30071.43,0.00,-4.29,30075.72,0.00,0.00,0.00,0.00
613.63,37.59,32.96,36.00,20.00,MAN,8,100,0,30071.43,0.00,-4.29,30075.72,0.00,0.00,0.00,0.00
614.64,37.59,32.96,36.00,20.00,MAN,8,100,0,30071.43,0.00,-4.29,30075.72,0.00,0.00,0.00,0.00
615.64,37.60,32.92,36.00,20.00,MAN,8,100,0,30071.43,0.00,-4.29,30075.72,0.00,0.00,0.00,0.00
616.64,37.60,32.92,36.00,20.00,MAN,8,100,0,30071.43,0.00,-4.29,30075.72,0.00,0.00,0.00,0.00
617.64,37.61,32.92,36.00,20.00,MAN,8,100,0,30071.43,0.00,-4.29,30075.72,0.00,0.00,0.00,0.00
618.64,37.62,32.92,36.00,20.00,MAN,8,100,0,30071.43,0.00,-4.29,30075.72,0.00,0.00,0.00,0.00
619.65,37.62,32.92,36.00,20.00,MAN,8,100,0,30071.43,0.00,-4.29,30075.72,0.00,0.00,0.00,0.00
620.65,37.63,32.92,36.00,20.00,MAN,8,100,0,30071.43,0.00,-4.29,30075.72,0.00,0.00,0.00,0.00
621.65,37.65,32.92,36.00,20.00,MAN,8,100,0,30071.43,0.00,-4.29,30075.72,0.00,0.00,0.00,0.00
622.65,37.64,32.88,36.00,20.00,MAN,8,100,0,30071.43,0.00,-4.29,30075.72,0.00,0.00,0.00,0.00
623.65,37.65,32.88,36.00,20.00,MAN,8,100,0,30071.43,0.00,-4.29,30075.72,0.00,0.00,0.00,0.00
624.65,37.65,32.88,36.00,20.00,MAN,8,100,0,30071.43,0.00,-4.29,30075.72,0.00,0.00,0.00,0.00
625.66,37.66,32.88,36.00,20.00,MAN,8,100,0,30071.43,0.00,-4.29,30075.72,0.00,0.00,0.00,0.00
626.66,37.66,32.88,36.00,20.00,MAN,8,100,0,30071.43,0.00,-4.29,30075.72,0.00,0.00,0.00,0.00
627.66,37.67,32.88,36.00,20.00,MAN,8,100,0,30071.43,0.00,-4.29,30075.72,0.00,0.00,0.00,0.00
628.66,37.70,32.88,36.00,20.00,MAN,8,100,0,30071.43,0.00,-4.29,30075.72,0.00,0.00,0.00,0.00
629.66,37.70,32.88,36.00,20.00,MAN,8,100,0,30071.43,0.00,-4.29,30075.72,0.00,0.00,0.00,0.00
630.66,37.71,32.84,36.00,20.00,MAN,8,100,0,30071.43,0.00,-4.29,30075.72,0.00,0.00,0.00,0.00
631.66,37.71,32.84,36.00,20.00,MAN,8,100,0,30071.43,0.00,-4.29,30075.72,0.00,0.00,0.00,0.00
632.67,37.72,32.84,36.00,20.00,MAN,8,100,0,30071.43,0.00,-4.29,30075.72,0.00,0.00,0.00,0.00
633.67,37.72,32.84,36.00,20.00,MAN,8,100,0,30071.43,0.00,-4.29,30075.72,0.00,0.00,0.00,0.00
634.67,37.73,32.84,36.00,20.00,MAN,8,100,0,30071.43,0.00,-4.29,30075.72,0.00,0.00,0.00,0.00
635.67,37.73,32.86,36.00,20.00,MAN,8,100,0,30071.43,0.00,-4.29,30075.72,0.00,0.00,0.00,0.00
636.67,37.73,32.84,36.00,20.00,MAN,8,100,0,30071.43,0.00,-4.29,30075.72,0.00,0.00,0.00,0.00
637.68,37.74,32.84,36.00,20.00,MAN,8,100,0,30071.43,0.00,-4.29,30075.72,0.00,0.00,0.00,0.00
638.68,37.75,32.86,36.00,20.00,MAN,8,100,0,30071.43,0.00,-4.29,30075.72,0.00,0.00,0.00,0.00
639.68,37.75,32.86,36.00,20.00,MAN,8,100,0,30071.43,0.00,-4.29,30075.72,0.00,0.00,0.00,0.00
640.68,37.75,32.86,36.00,20.00,MAN,8,100,0,30071.43,0.00,-4.29,30075.72,0.00,0.00,0.00,0.00
641.68,37.77,32.86,36.00,20.00,MAN,8,100,0,30071.43,0.00,-4.29,30075.72,0.00,0.00,0.00,0.00
642.68,37.77,32.82,36.00,20.00,MAN,8,100,0,30071.43,0.00,-4.29,30075.72,0.00,0.00,0.00,0.00
643.68,37.77,32.82,36.00,20.00,MAN,8,100,0,30071.43,0.00,-4.29,30075.72,0.00,0.00,0.00,0.00
644.68,37.77,32.86,36.00,20.00,MAN,8,100,0,30071.43,0.00,-4.29,30075.72,0.00,0.00,0.00,0.00
645.68,37.78,32.82,36.00,20.00,MAN,8,100,0,30071.43,0.00,-4.29,30075.72,0.00,0.00,0.00,0.00
646.69,37.79,32.82,36.00,20.00,MAN,8,100,0,30071.43,0.00,-4.29,30075.72,0.00,0.00,0.00,0.00
647.69,37.80,32.82,36.00,20.00,MAN,8,100,0,30071.43,0.00,-4.29,30075.72,0.00,0.00,0.00,0.00
648.69,37.80,32.82,36.00,20.00,MAN,8,100,0,30071.43,0.00,-4.29,30075.72,0.00,0.00,0.00,0.00
649.69,37.80,32.82,36.00,20.00,MAN,8,100,0,30071.43,0.00,-4.29,30075.72,0.00,0.00,0.00,0.00
650.69,37.80,32.82,36.00,20.00,MAN,8,100,0,30071.43,0.00,-4.29,30075.72,0.00,0.00,0.00,0.00
651.70,37.80,32.82,36.00,20.00,MAN,8,100,0,30071.43,0.00,-4.29,30075.72,0.00,0.00,0.00,0.00
652.70,37.81,32.82,36.00,20.00,MAN,8,100,0,30071.43,0.00,-4.29,30075.72,0.00,0.00,0.00,0.00
653.70,37.82,32.82,36.00,20.00,MAN,8,100,0,30071.43,0.00,-4.29,30075.72,0.00,0.00,0.00,0.00
654.70,37.82,32.82,36.00,20.00,MAN,8,100,0,30071.43,0.00,-4.29,30075.72,0.00,0.00,0.00,0.00
655.70,37.84,32.82,36.00,20.00,MAN,8,100,0,30071.43,0.00,-4.29,30075.72,0.00,0.00,0.00,0.00
656.71,37.85,32.82,36.00,20.00,MAN,8,100,0,30071.43,0.00,-4.29,30075.72,0.00,0.00,0.00,0.00
657.71,37.85,32.73,36.00,20.00,MAN,8,100,0,30071.43,0.00,-4.29,30075.72,0.00,0.00,0.00,0.00
658.71,37.85,32.73,36.00,20.00,MAN,8,100,0,30071.43,0.00,-4.29,30075.72,0.00,0.00,0.00,0.00
659.71,37.86,32.73,36.00,20.00,MAN,8,100,0,30071.43,0.00,-4.29,30075.72,0.00,0.00,0.00,0.00
660.71,37.86,32.73,36.00,20.00,MAN,8,100,0,30071.43,0.00,-4.29,30075.72,0.00,0.00,0.00,0.00
661.71,37.86,32.73,36.00,20.00,MAN,8,100,0,30071.43,0.00,-4.29,30075.72,0.00,0.00,0.00,0.00
662.71,37.87,32.73,36.00,20.00,MAN,8,100,0,30071.43,0.00,-4.29,30075.72,0.00,0.00,0.00,0.00
663.71,37.87,32.73,36.00,20.00,MAN,8,100,0,30071.43,0.00,-4.29,30075.72,0.00,0.00,0.00,0.00
664.72,37.86,32.73,36.00,20.00,MAN,8,100,0,30071.43,0.00,-4.29,30075.72,0.00,0.00,0.00,0.00
665.72,37.86,32.73,36.00,20.00,MAN,8,100,0,30071.43,0.00,-4.29,30075.72,0.00,0.00,0.00,0.00
666.72,37.87,32.73,36.00,20.00,MAN,8,100,0,30071.43,0.00,-4.29,30075.72,0.00,0.00,0.00,0.00
667.72,37.88,32.73,36.00,20.00,MAN,8,100,0,30071.43,0.00,-4.29,30075.72,0.00,0.00,0.00,0.00
668.72,37.89,32.73,36.00,20.00,MAN,8,100,0,30071.43,0.00,-4.29,30075.72,0.00,0.00,0.00,0.00
669.73,37.90,32.73,36.00,20.00,MAN,8,100,0,30071.43,0.00,-4.29,30075.72,0.00,0.00,0.00,0.00
670.73,37.90,32.73,36.00,20.00,MAN,8,100,0,30071.43,0.00,-4.29,30075.72,0.00,0.00,0.00,0.00
671.73,37.90,32.73,36.00,20.00,MAN,8,100,0,30071.43,0.00,-4.29,30075.72,0.00,0.00,0.00,0.00
672.73,37.91,32.73,36.00,20.00,MAN,8,100,0,30071.43,0.00,-4.29,30075.72,0.00,0.00,0.00,0.00
673.73,37.92,32.75,36.00,20.00,MAN,8,100,0,30071.43,0.00,-4.29,30075.72,0.00,0.00,0.00,0.00
674.73,37.92,32.75,36.00,20.00,MAN,8,100,0,30071.43,0.00,-4.29,30075.72,0.00,0.00,0.00,0.00
675.74,37.93,32.71,36.00,20.00,MAN,8,100,0,30071.43,0.00,-4.29,30075.72,0.00,0.00,0.00,0.00
676.74,37.94,32.71,36.00,20.00,MAN,8,100,0,30071.43,0.00,-4.29,30075.72,0.00,0.00,0.00,0.00
677.74,37.94,32.71,36.00,20.00,MAN,8,100,0,30071.43,0.00,-4.29,30075.72,0.00,0.00,0.00,0.00
678.74,37.95,32.71,36.00,20.00,MAN,8,100,0,30071.43,0.00,-4.29,30075.72,0.00,0.00,0.00,0.00
679.74,37.96,32.71,36.00,20.00,MAN,8,100,0,30071.43,0.00,-4.29,30075.72,0.00,0.00,0.00,0.00
680.74,37.96,32.71,36.00,20.00,MAN,8,100,0,30071.43,0.00,-4.29,30075.72,0.00,0.00,0.00,0.00
681.74,37.97,32.71,36.00,20.00,MAN,8,100,0,30071.43,0.00,-4.29,30075.72,0.00,0.00,0.00,0.00
682.74,37.97,32.71,36.00,20.00,MAN,8,100,0,30071.43,0.00,-4.29,30075.72,0.00,0.00,0.00,0.00
683.75,37.99,32.67,36.00,20.00,MAN,8,100,0,30071.43,0.00,-4.29,30075.72,0.00,0.00,0.00,0.00
684.75,38.00,32.67,36.00,20.00,MAN,8,100,0,30071.43,0.00,-4.29,30075.72,0.00,0.00,0.00,0.00
685.75,38.00,32.67,36.00,20.00,MAN,8,100,0,30071.43,0.00,-4.29,30075.72,0.00,0.00,0.00,0.00
686.75,38.01,32.67,36.00,20.00,MAN,8,100,0,30071.43,0.00,-4.29,30075.72,0.00,0.00,0.00,0.00
687.75,38.01,32.67,36.00,20.00,MAN,8,100,0,30071.43,0.00,-4.29,30075.72,0.00,0.00,0.00,0.00
688.76,38.03,32.67,36.00,20.00,MAN,8,100,0,30071.43,0.00,-4.29,30075.72,0.00,0.00,0.00,0.00
689.76,38.04,32.67,36.00,20.00,MAN,8,100,0,30071.43,0.00,-4.29,30075.72,0.00,0.00,0.00,0.00
690.76,38.05,32.63,36.00,20.00,MAN,8,100,0,30071.43,0.00,-4.29,30075.72,0.00,0.00,0.00,0.00
691.76,38.05,32.63,36.00,20.00,MAN,8,100,0,30071.43,0.00,-4.29,30075.72,0.00,0.00,0.00,0.00
692.76,38.06,32.63,36.00,20.00,MAN,8,100,0,30071.43,0.00,-4.29,30075.72,0.00,0.00,0.00,0.00
693.76,38.06,32.63,36.00,20.00,MAN,8,100,0,30071.43,0.00,-4.29,30075.72,0.00,0.00,0.00,0.00
694.80,38.06,32.63,36.00,20.00,MAN,8,100,0,30071.43,0.00,-4.29,30075.72,0.00,0.00,0.00,0.00
695.76,38.07,32.63,36.00,20.00,MAN,8,100,0,30071.43,0.00,-4.29,30075.72,0.00,0.00,0.00,0.00
696.78,38.08,32.64,36.00,20.00,MAN,8,100,0,30071.43,0.00,-4.29,30075.72,0.00,0.00,0.00,0.00
697.77,38.08,32.64,36.00,20.00,MAN,8,100,0,30071.43,0.00,-4.29,30075.72,0.00,0.00,0.00,0.00
698.77,38.09,32.64,36.00,20.00,MAN,8,100,0,30071.43,0.00,-4.29,30075.72,0.00,0.00,0.00,0.00
699.77,38.09,32.60,36.00,20.00,MAN,8,100,0,30071.43,0.00,-4.29,30075.72,0.00,0.00,0.00,0.00
700.77,38.09,32.60,36.00,20.00,MAN,8,100,0,30071.43,0.00,-4.29,30075.72,0.00,0.00,0.00,0.00
701.78,38.09,32.60,36.00,20.00,MAN,8,100,0,30071.43,0.00,-4.29,30075.72,0.00,0.00,0.00,0.00
702.78,38.10,32.60,36.00,20.00,MAN,8,100,0,30071.43,0.00,-4.29,30075.72,0.00,0.00,0.00,0.00
703.78,38.11,32.60,36.00,20.00,MAN,8,100,0,30071.43,0.00,-4.29,30075.72,0.00,0.00,0.00,0.00
704.78,38.11,32.60,36.00,20.00,MAN,8,100,0,30071.43,0.00,-4.29,30075.72,0.00,0.00,0.00,0.00
705.78,38.11,32.60,36.00,20.00,MAN,8,100,0,30071.43,0.00,-4.29,30075.72,0.00,0.00,0.00,0.00
706.78,38.11,32.60,36.00,20.00,MAN,8,100,0,30071.43,0.00,-4.29,30075.72,0.00,0.00,0.00,0.00
707.79,38.12,32.60,36.00,20.00,MAN,8,100,0,30071.43,0.00,-4.29,30075.72,0.00,0.00,0.00,0.00
708.79,38.14,32.60,36.00,20.00,MAN,8,100,0,30071.43,0.00,-4.29,30075.72,0.00,0.00,0.00,0.00
709.79,38.14,32.60,36.00,20.00,MAN,8,100,0,30071.43,0.00,-4.29,30075.72,0.00,0.00,0.00,0.00
710.79,38.14,32.57,36.00,20.00,MAN,8,100,0,30071.43,0.00,-4.29,30075.72,0.00,0.00,0.00,0.00
711.79,38.15,32.57,36.00,20.00,MAN,8,100,0,30071.43,0.00,-4.29,30075.72,0.00,0.00,0.00,0.00
712.80,38.15,32.57,36.00,20.00,MAN,8,100,0,30071.43,0.00,-4.29,30075.72,0.00,0.00,0.00,0.00
713.79,38.15,32.57,36.00,20.00,MAN,8,100,0,30071.43,0.00,-4.29,30075.72,0.00,0.00,0.00,0.00
714.80,38.16,32.57,36.00,20.00,MAN,8,100,0,30071.43,0.00,-4.29,30075.72,0.00,0.00,0.00,0.00
715.80,38.16,32.57,36.00,20.00,MAN,8,100,0,30071.43,0.00,-4.29,30075.72,0.00,0.00,0.00,0.00
716.80,38.17,32.57,36.00,20.00,MAN,8,100,0,30071.43,0.00,-4.29,30075.72,0.00,0.00,0.00,0.00
717.80,38.17,32.57,36.00,20.00,MAN,8,100,0,30071.43,0.00,-4.29,30075.72,0.00,0.00,0.00,0.00
718.80,38.17,32.57,36.00,20.00,MAN,8,100,0,30071.43,0.00,-4.29,30075.72,0.00,0.00,0.00,0.00
719.80,38.18,32.57,36.00,20.00,MAN,8,100,0,30071.43,0.00,-4.29,30075.72,0.00,0.00,0.00,0.00
720.81,38.17,32.57,36.00,20.00,MAN,8,100,0,30071.43,0.00,-4.29,30075.72,0.00,0.00,0.00,0.00
721.81,38.20,32.57,36.00,20.00,MAN,8,100,0,30071.43,0.00,-4.29,30075.72,0.00,0.00,0.00,0.00
722.81,38.19,32.57,36.00,20.00,MAN,8,100,0,30071.43,0.00,-4.29,30075.72,0.00,0.00,0.00,0.00
723.81,38.19,32.57,36.00,20.00,MAN,8,100,0,30071.43,0.00,-4.29,30075.72,0.00,0.00,0.00,0.00
724.81,38.20,32.57,36.00,20.00,MAN,8,100,0,30071.43,0.00,-4.29,30075.72,0.00,0.00,0.00,0.00
725.81,38.20,32.57,36.00,20.00,MAN,8,100,0,30071.43,0.00,-4.29,30075.72,0.00,0.00,0.00,0.00
726.82,38.21,32.57,36.00,20.00,MAN,8,100,0,30071.43,0.00,-4.29,30075.72,0.00,0.00,0.00,0.00
727.81,38.22,32.57,36.00,20.00,MAN,10,100,0,30071.43,0.00,-4.29,30075.72,0.00,0.00,0.00,0.00
728.82,38.21,32.57,36.00,20.00,MAN,10,100,0,30071.43,0.00,-4.29,30075.72,0.00,0.00,0.00,0.00
729.82,38.22,32.52,36.00,20.00,MAN,10,100,0,30071.43,0.00,-4.29,30075.72,0.00,0.00,0.00,0.00
730.82,38.23,32.57,36.00,20.00,MAN,10,100,0,30071.43,0.00,-4.29,30075.72,0.00,0.00,0.00,0.00
731.82,38.24,32.52,36.00,20.00,MAN,10,100,0,30071.43,0.00,-4.29,30075.72,0.00,0.00,0.00,0.00
732.82,38.24,32.52,36.00,20.00,MAN,10,100,0,30071.43,0.00,-4.29,30075.72,0.00,0.00,0.00,0.00
733.83,38.24,32.52,36.00,20.00,MAN,10,100,0,30071.43,0.00,-4.29,30075.72,0.00,0.00,0.00,0.00
734.83,38.24,32.54,36.00,20.00,MAN,10,100,0,30071.43,0.00,-4.29,30075.72,0.00,0.00,0.00,0.00
735.83,38.24,32.52,36.00,20.00,MAN,10,100,0,30071.43,0.00,-4.29,30075.72,0.00,0.00,0.00,0.00
736.83,38.25,32.52,36.00,20.00,MAN,10,100,0,30071.43,0.00,-4.29,30075.72,0.00,0.00,0.00,0.00
737.83,38.25,32.54,36.00,20.00,MAN,10,100,0,30071.43,0.00,-4.29,30075.72,0.00,0.00,0.00,0.00
738.84,38.28,32.54,36.00,20.00,MAN,10,100,0,30071.43,0.00,-4.29,30075.72,0.00,0.00,0.00,0.00
739.84,38.29,32.54,36.00,20.00,MAN,10,100,0,30071.43,0.00,-4.29,30075.72,0.00,0.00,0.00,0.00
740.84,38.30,32.54,36.00,20.00,MAN,10,100,0,30071.43,0.00,-4.29,30075.72,0.00,0.00,0.00,0.00
741.84,38.30,32.54,36.00,20.00,MAN,10,100,0,30071.43,0.00,-4.29,30075.72,0.00,0.00,0.00,0.00
742.84,38.30,32.50,36.00,20.00,MAN,10,100,0,30071.43,0.00,-4.29,30075.72,0.00,0.00,0.00,0.00
743.84,38.31,32.54,36.00,20.00,MAN,10,100,0,30071.43,0.00,-4.29,30075.72,0.00,0.00,0.00,0.00
744.84,38.31,32.54,36.00,20.00,MAN,10,100,0,30071.43,0.00,-4.29,30075.72,0.00,0.00,0.00,0.00
745.84,38.31,32.50,36.00,20.00,MAN,10,100,0,30071.43,0.00,-4.29,30075.72,0.00,0.00,0.00,0.00
746.85,38.32,32.50,36.00,20.00,MAN,10,100,0,30071.43,0.00,-4.29,30075.72,0.00,0.00,0.00,0.00
747.85,38.32,32.50,36.00,20.00,MAN,10,100,0,30071.43,0.00,-4.29,30075.72,0.00,0.00,0.00,0.00
748.85,38.32,32.50,36.00,20.00,MAN,10,100,0,30071.43,0.00,-4.29,30075.72,0.00,0.00,0.00,0.00
749.85,38.33,32.50,36.00,20.00,MAN,10,100,0,30071.43,0.00,-4.29,30075.72,0.00,0.00,0.00,0.00
750.85,38.33,32.50,36.00,20.00,MAN,10,100,0,30071.43,0.00,-4.29,30075.72,0.00,0.00,0.00,0.00
751.86,38.34,32.50,36.00,20.00,MAN,10,100,0,30071.43,0.00,-4.29,30075.72,0.00,0.00,0.00,0.00
752.86,38.34,32.50,36.00,20.00,MAN,10,100,0,30071.43,0.00,-4.29,30075.72,0.00,0.00,0.00,0.00
753.86,38.36,32.50,36.00,20.00,MAN,10,100,0,30071.43,0.00,-4.29,30075.72,0.00,0.00,0.00,0.00
754.86,38.36,32.50,36.00,20.00,MAN,10,100,0,30071.43,0.00,-4.29,30075.72,0.00,0.00,0.00,0.00
755.86,38.36,32.50,36.00,20.00,MAN,10,100,0,30071.43,0.00,-4.29,30075.72,0.00,0.00,0.00,0.00
756.86,38.37,32.50,36.00,20.00,MAN,10,100,0,30071.43,0.00,-4.29,30075.72,0.00,0.00,0.00,0.00
757.87,38.37,32.50,36.00,20.00,MAN,10,100,0,30071.43,0.00,-4.29,30075.72,0.00,0.00,0.00,0.00
758.87,38.38,32.50,36.00,20.00,MAN,10,100,0,30071.43,0.00,-4.29,30075.72,0.00,0.00,0.00,0.00
759.87,38.38,32.46,36.00,20.00,MAN,10,100,0,30071.43,0.00,-4.29,30075.72,0.00,0.00,0.00,0.00
760.87,38.39,32.46,36.00,20.00,MAN,10,100,0,30071.43,0.00,-4.29,30075.72,0.00,0.00,0.00,0.00
761.87,38.39,32.46,36.00,20.00,MAN,10,100,0,30071.43,0.00,-4.29,30075.72,0.00,0.00,0.00,0.00
762.87,38.40,32.46,36.00,20.00,MAN,10,100,0,30071.43,0.00,-4.29,30075.72,0.00,0.00,0.00,0.00
763.87,38.40,32.48,36.00,20.00,MAN,10,100,0,30071.43,0.00,-4.29,30075.72,0.00,0.00,0.00,0.00
764.87,38.40,32.48,36.00,20.00,MAN,10,100,0,30071.43,0.00,-4.29,30075.72,0.00,0.00,0.00,0.00
765.88,38.41,32.46,36.00,20.00,MAN,10,100,0,30071.43,0.00,-4.29,30075.72,0.00,0.00,0.00,0.00
766.88,38.41,32.48,36.00,20.00,MAN,10,100,0,30071.43,0.00,-4.29,30075.72,0.00,0.00,0.00,0.00
767.88,38.41,32.48,36.00,20.00,MAN,10,100,0,30071.43,0.00,-4.29,30075.72,0.00,0.00,0.00,0.00
768.88,38.43,32.48,36.00,20.00,MAN,10,100,0,30071.43,0.00,-4.29,30075.72,0.00,0.00,0.00,0.00
769.88,38.44,32.48,36.00,20.00,MAN,10,100,0,30071.43,0.00,-4.29,30075.72,0.00,0.00,0.00,0.00
770.89,38.44,32.48,36.00,20.00,MAN,10,100,0,30071.43,0.00,-4.29,30075.72,0.00,0.00,0.00,0.00
771.89,38.44,32.48,36.00,20.00,MAN,10,100,0,30071.43,0.00,-4.29,30075.72,0.00,0.00,0.00,0.00
772.89,38.44,32.48,36.00,20.00,MAN,10,100,0,30071.43,0.00,-4.29,30075.72,0.00,0.00,0.00,0.00
773.89,38.45,32.48,36.00,20.00,MAN,10,100,0,30071.43,0.00,-4.29,30075.72,0.00,0.00,0.00,0.00
774.89,38.45,32.48,36.00,20.00,MAN,10,100,0,30071.43,0.00,-4.29,30075.72,0.00,0.00,0.00,0.00
775.89,38.45,32.48,36.00,20.00,MAN,10,100,0,30071.43,0.00,-4.29,30075.72,0.00,0.00,0.00,0.00
776.90,38.46,32.48,36.00,20.00,MAN,10,100,0,30071.43,0.00,-4.29,30075.72,0.00,0.00,0.00,0.00
777.90,38.46,32.48,36.00,20.00,MAN,10,100,0,30071.43,0.00,-4.29,30075.72,0.00,0.00,0.00,0.00
778.90,38.47,32.48,36.00,20.00,MAN,10,100,0,30071.43,0.00,-4.29,30075.72,0.00,0.00,0.00,0.00
779.90,38.48,32.48,36.00,20.00,MAN,10,100,0,30071.43,0.00,-4.29,30075.72,0.00,0.00,0.00,0.00
780.90,38.49,32.44,36.00,20.00,MAN,10,100,0,30071.43,0.00,-4.29,30075.72,0.00,0.00,0.00,0.00
781.90,38.50,32.44,36.00,20.00,MAN,10,100,0,30071.43,0.00,-4.29,30075.72,0.00,0.00,0.00,0.00
782.90,38.50,32.44,36.00,20.00,MAN,10,100,0,30071.43,0.00,-4.29,30075.72,0.00,0.00,0.00,0.00
783.91,38.51,32.44,36.00,20.00,MAN,10,100,0,30071.43,0.00,-4.29,30075.72,0.00,0.00,0.00,0.00
784.91,38.51,32.44,36.00,20.00,MAN,10,100,0,30071.43,0.00,-4.29,30075.72,0.00,0.00,0.00,0.00
785.91,38.51,32.44,36.00,20.00,MAN,10,100,0,30071.43,0.00,-4.29,30075.72,0.00,0.00,0.00,0.00
786.91,38.52,32.44,36.00,20.00,MAN,10,100,0,30071.43,0.00,-4.29,30075.72,0.00,0.00,0.00,0.00
787.91,38.53,32.44,36.00,20.00,MAN,10,100,0,30071.43,0.00,-4.29,30075.72,0.00,0.00,0.00,0.00
788.91,38.54,32.39,36.00,20.00,MAN,10,100,0,30071.43,0.00,-4.29,30075.72,0.00,0.00,0.00,0.00
789.92,38.54,32.39,36.00,20.00,MAN,10,100,0,30071.43,0.00,-4.29,30075.72,0.00,0.00,0.00,0.00
790.92,38.54,32.39,36.00,20.00,MAN,10,100,0,30071.43,0.00,-4.29,30075.72,0.00,0.00,0.00,0.00
791.92,38.55,32.39,36.00,20.00,MAN,10,100,0,30071.43,0.00,-4.29,30075.72,0.00,0.00,0.00,0.00
792.92,38.55,32.39,36.00,20.00,MAN,10,100,0,30071.43,0.00,-4.29,30075.72,0.00,0.00,0.00,0.00
793.92,38.58,32.39,36.00,20.00,MAN,10,100,0,30071.43,0.00,-4.29,30075.72,0.00,0.00,0.00,0.00
794.93,38.58,32.39,36.00,20.00,MAN,10,100,0,30071.43,0.00,-4.29,30075.72,0.00,0.00,0.00,0.00
795.92,38.59,32.39,36.00,20.00,MAN,10,100,0,30071.43,0.00,-4.29,30075.72,0.00,0.00,0.00,0.00
796.93,38.59,32.35,36.00,20.00,MAN,10,100,0,30071.43,0.00,-4.29,30075.72,0.00,0.00,0.00,0.00
797.93,38.60,32.39,36.00,20.00,MAN,10,100,0,30071.43,0.00,-4.29,30075.72,0.00,0.00,0.00,0.00
798.93,38.61,32.37,36.00,20.00,MAN,10,100,0,30071.43,0.00,-4.29,30075.72,0.00,0.00,0.00,0.00
799.93,38.61,32.37,36.00,20.00,MAN,10,100,0,30071.43,0.00,-4.29,30075.72,0.00,0.00,0.00,0.00
800.93,38.62,32.37,36.00,20.00,MAN,10,100,0,30071.43,0.00,-4.29,30075.72,0.00,0.00,0.00,0.00
801.93,38.62,32.37,36.00,20.00,MAN,10,100,0,30071.43,0.00,-4.29,30075.72,0.00,0.00,0.00,0.00
802.94,38.63,32.37,36.00,20.00,MAN,10,100,0,30071.43,0.00,-4.29,30075.72,0.00,0.00,0.00,0.00
803.94,38.64,32.37,36.00,20.00,MAN,10,100,0,30071.43,0.00,-4.29,30075.72,0.00,0.00,0.00,0.00
804.94,38.64,32.37,36.00,20.00,MAN,10,100,0,30071.43,0.00,-4.29,30075.72,0.00,0.00,0.00,0.00
805.94,38.65,32.37,36.00,20.00,MAN,10,100,0,30071.43,0.00,-4.29,30075.72,0.00,0.00,0.00,0.00
806.94,38.65,32.37,36.00,20.00,MAN,10,100,0,30071.43,0.00,-4.29,30075.72,0.00,0.00,0.00,0.00
807.95,38.66,32.37,36.00,20.00,MAN,10,100,0,30071.43,0.00,-4.29,30075.72,0.00,0.00,0.00,0.00
808.95,38.67,32.37,36.00,20.00,MAN,10,100,0,30071.43,0.00,-4.29,30075.72,0.00,0.00,0.00,0.00
809.95,38.67,32.33,36.00,20.00,MAN,10,100,0,30071.43,0.00,-4.29,30075.72,0.00,0.00,0.00,0.00
810.95,38.68,32.33,36.00,20.00,MAN,10,100,0,30071.43,0.00,-4.29,30075.72,0.00,0.00,0.00,0.00
811.95,38.68,32.33,36.00,20.00,MAN,10,100,0,30071.43,0.00,-4.29,30075.72,0.00,0.00,0.00,0.00
812.95,38.68,32.33,36.00,20.00,MAN,10,100,0,30071.43,0.00,-4.29,30075.72,0.00,0.00,0.00,0.00
813.95,38.69,32.33,36.00,20.00,MAN,10,100,0,30071.43,0.00,-4.29,30075.72,0.00,0.00,0.00,0.00
814.95,38.69,32.33,36.00,20.00,MAN,10,100,0,30071.43,0.00,-4.29,30075.72,0.00,0.00,0.00,0.00
815.96,38.69,32.33,36.00,20.00,MAN,10,100,0,30071.43,0.00,-4.29,30075.72,0.00,0.00,0.00,0.00
816.96,38.70,32.33,36.00,20.00,MAN,10,100,0,30071.43,0.00,-4.29,30075.72,0.00,0.00,0.00,0.00
817.96,38.73,32.33,36.00,20.00,MAN,10,100,0,30071.43,0.00,-4.29,30075.72,0.00,0.00,0.00,0.00
818.96,38.74,32.35,36.00,20.00,MAN,10,100,0,30071.43,0.00,-4.29,30075.72,0.00,0.00,0.00,0.00
819.96,38.76,32.30,36.00,20.00,MAN,10,100,0,30071.43,0.00,-4.29,30075.72,0.00,0.00,0.00,0.00
820.97,38.76,32.30,36.00,20.00,MAN,10,100,0,30071.43,0.00,-4.29,30075.72,0.00,0.00,0.00,0.00
821.97,38.76,32.30,36.00,20.00,MAN,10,100,0,30071.43,0.00,-4.29,30075.72,0.00,0.00,0.00,0.00
822.97,38.77,32.30,36.00,20.00,MAN,10,100,0,30071.43,0.00,-4.29,30075.72,0.00,0.00,0.00,0.00
823.97,38.77,32.30,36.00,20.00,MAN,10,100,0,30071.43,0.00,-4.29,30075.72,0.00,0.00,0.00,0.00
824.97,38.77,32.30,36.00,20.00,MAN,10,100,0,30071.43,0.00,-4.29,30075.72,0.00,0.00,0.00,0.00
825.97,38.77,32.30,36.00,20.00,MAN,10,100,0,30071.43,0.00,-4.29,30075.72,0.00,0.00,0.00,0.00
826.98,38.77,32.30,36.00,20.00,MAN,10,100,0,30071.43,0.00,-4.29,30075.72,0.00,0.00,0.00,0.00
827.97,38.77,32.30,36.00,20.00,MAN,10,100,0,30071.43,0.00,-4.29,30075.72,0.00,0.00,0.00,0.00
828.98,38.77,32.30,36.00,20.00,MAN,10,100,0,30071.43,0.00,-4.29,30075.72,0.00,0.00,0.00,0.00
829.98,38.77,32.30,36.00,20.00,MAN,10,100,0,30071.43,0.00,-4.29,30075.72,0.00,0.00,0.00,0.00
830.98,38.77,32.30,36.00,20.00,MAN,10,100,0,30071.43,0.00,-4.29,30075.72,0.00,0.00,0.00,0.00
831.98,38.79,32.26,36.00,20.00,MAN,10,100,0,30071.43,0.00,-4.29,30075.72,0.00,0.00,0.00,0.00
832.98,38.79,32.26,36.00,20.00,MAN,10,100,0,30071.43,0.00,-4.29,30075.72,0.00,0.00,0.00,0.00
833.99,38.79,32.26,36.00,20.00,MAN,10,100,0,30071.43,0.00,-4.29,30075.72,0.00,0.00,0.00,0.00
834.99,38.80,32.26,36.00,20.00,MAN,10,100,0,30071.43,0.00,-4.29,30075.72,0.00,0.00,0.00,0.00
835.99,38.80,32.26,36.00,20.00,MAN,10,100,0,30071.43,0.00,-4.29,30075.72,0.00,0.00,0.00,0.00
836.99,38.81,32.26,36.00,20.00,MAN,10,100,0,30071.43,0.00,-4.29,30075.72,0.00,0.00,0.00,0.00
837.99,38.82,32.26,36.00,20.00,MAN,10,100,0,30071.43,0.00,-4.29,30075.72,0.00,0.00,0.00,0.00
838.99,38.82,32.26,36.00,20.00,MAN,10,100,0,30071.43,0.00,-4.29,30075.72,0.00,0.00,0.00,0.00
840.00,38.82,32.26,36.00,20.00,MAN,10,100,0,30071.43,0.00,-4.29,30075.72,0.00,0.00,0.00,0.00
841.00,38.82,32.26,36.00,20.00,MAN,10,100,0,30071.43,0.00,-4.29,30075.72,0.00,0.00,0.00,0.00
842.00,38.83,32.26,36.00,20.00,MAN,10,100,0,30071.43,0.00,-4.29,30075.72,0.00,0.00,0.00,0.00
843.00,38.83,32.26,36.00,20.00,MAN,10,100,0,30071.43,0.00,-4.29,30075.72,0.00,0.00,0.00,0.00
844.00,38.85,32.26,36.00,20.00,MAN,10,100,0,30071.43,0.00,-4.29,30075.72,0.00,0.00,0.00,0.00
845.00,38.85,32.26,36.00,20.00,MAN,10,100,0,30071.43,0.00,-4.29,30075.72,0.00,0.00,0.00,0.00
846.00,38.85,32.26,36.00,20.00,MAN,10,100,0,30071.43,0.00,-4.29,30075.72,0.00,0.00,0.00,0.00
847.01,38.85,32.26,36.00,20.00,MAN,10,100,0,30071.43,0.00,-4.29,30075.72,0.00,0.00,0.00,0.00
848.01,38.86,32.26,36.00,20.00,MAN,10,100,0,30071.43,0.00,-4.29,30075.72,0.00,0.00,0.00,0.00
849.01,38.88,32.26,36.00,20.00,MAN,10,100,0,30071.43,0.00,-4.29,30075.72,0.00,0.00,0.00,0.00
850.01,38.88,32.22,36.00,20.00,MAN,10,100,0,30071.43,0.00,-4.29,30075.72,0.00,0.00,0.00,0.00
851.01,38.89,32.22,36.00,20.00,MAN,10,100,0,30071.43,0.00,-4.29,30075.72,0.00,0.00,0.00,0.00
852.01,38.90,32.22,36.00,20.00,MAN,10,100,0,30071.43,0.00,-4.29,30075.72,0.00,0.00,0.00,0.00
853.02,38.91,32.22,36.00,20.00,MAN,10,100,0,30071.43,0.00,-4.29,30075.72,0.00,0.00,0.00,0.00
854.02,38.91,32.22,36.00,20.00,MAN,10,100,0,30071.43,0.00,-4.29,30075.72,0.00,0.00,0.00,0.00
855.02,38.91,32.22,36.00,20.00,MAN,10,100,0,30071.43,0.00,-4.29,30075.72,0.00,0.00,0.00,0.00
856.02,38.92,32.22,36.00,20.00,MAN,10,100,0,30071.43,0.00,-4.29,30075.72,0.00,0.00,0.00,0.00
857.02,38.92,32.22,36.00,20.00,MAN,10,100,0,30071.43,0.00,-4.29,30075.72,0.00,0.00,0.00,0.00
858.03,38.92,32.22,36.00,20.00,MAN,10,100,0,30071.43,0.00,-4.29,30075.72,0.00,0.00,0.00,0.00
859.03,38.92,32.22,36.00,20.00,MAN,10,100,0,30071.43,0.00,-4.29,30075.72,0.00,0.00,0.00,0.00
860.03,38.92,32.22,36.00,20.00,MAN,10,100,0,30071.43,0.00,-4.29,30075.72,0.00,0.00,0.00,0.00
861.03,38.93,32.22,36.00,20.00,MAN,10,100,0,30071.43,0.00,-4.29,30075.72,0.00,0.00,0.00,0.00
862.03,38.93,32.24,36.00,20.00,MAN,10,100,0,30071.43,0.00,-4.29,30075.72,0.00,0.00,0.00,0.00
863.03,38.93,32.24,36.00,20.00,MAN,10,100,0,30071.43,0.00,-4.29,30075.72,0.00,0.00,0.00,0.00
864.03,38.95,32.24,36.00,20.00,MAN,10,100,0,30071.43,0.00,-4.29,30075.72,0.00,0.00,0.00,0.00
865.03,38.97,32.24,36.00,20.00,MAN,10,100,0,30071.43,0.00,-4.29,30075.72,0.00,0.00,0.00,0.00
866.04,38.97,32.20,36.00,20.00,MAN,10,100,0,30071.43,0.00,-4.29,30075.72,0.00,0.00,0.00,0.00
867.04,38.96,32.20,36.00,20.00,MAN,10,100,0,30071.43,0.00,-4.29,30075.72,0.00,0.00,0.00,0.00
868.04,38.96,32.20,36.00,20.00,MAN,10,100,0,30071.43,0.00,-4.29,30075.72,0.00,0.00,0.00,0.00
869.04,38.97,32.20,36.00,20.00,MAN,10,100,0,30071.43,0.00,-4.29,30075.72,0.00,0.00,0.00,0.00
870.04,38.98,32.20,36.00,20.00,MAN,10,100,0,30071.43,0.00,-4.29,30075.72,0.00,0.00,0.00,0.00
871.05,38.98,32.20,36.00,20.00,MAN,10,100,0,30071.43,0.00,-4.29,30075.72,0.00,0.00,0.00,0.00
872.05,38.99,32.20,36.00,20.00,MAN,10,100,0,30071.43,0.00,-4.29,30075.72,0.00,0.00,0.00,0.00
873.05,38.99,32.20,36.00,20.00,MAN,10,100,0,30071.43,0.00,-4.29,30075.72,0.00,0.00,0.00,0.00
874.05,38.99,32.20,36.00,20.00,MAN,10,100,0,30071.43,0.00,-4.29,30075.72,0.00,0.00,0.00,0.00
875.05,39.02,32.20,36.00,20.00,MAN,10,100,0,30071.43,0.00,-4.29,30075.72,0.00,0.00,0.00,0.00
876.05,39.03,32.20,36.00,20.00,MAN,10,100,0,30071.43,0.00,-4.29,30075.72,0.00,0.00,0.00,0.00
877.06,39.03,32.16,36.00,20.00,MAN,10,100,0,30071.43,0.00,-4.29,30075.72,0.00,0.00,0.00,0.00
878.06,39.04,32.16,36.00,20.00,MAN,10,100,0,30071.43,0.00,-4.29,30075.72,0.00,0.00,0.00,0.00
879.06,39.04,32.16,36.00,20.00,MAN,10,100,0,30071.43,0.00,-4.29,30075.72,0.00,0.00,0.00,0.00
880.06,39.05,32.16,36.00,20.00,MAN,10,100,0,30071.43,0.00,-4.29,30075.72,0.00,0.00,0.00,0.00
881.06,39.05,32.16,36.00,20.00,MAN,10,100,0,30071.43,0.00,-4.29,30075.72,0.00,0.00,0.00,0.00
882.06,39.05,32.16,36.00,20.00,MAN,10,100,0,30071.43,0.00,-4.29,30075.72,0.00,0.00,0.00,0.00
883.06,39.05,32.16,36.00,20.00,MAN,10,100,0,30071.43,0.00,-4.29,30075.72,0.00,0.00,0.00,0.00
884.06,39.06,32.16,36.00,20.00,MAN,10,100,0,30071.43,0.00,-4.29,30075.72,0.00,0.00,0.00,0.00
885.07,39.06,32.16,36.00,20.00,MAN,10,100,0,30071.43,0.00,-4.29,30075.72,0.00,0.00,0.00,0.00
886.07,39.06,32.16,36.00,20.00,MAN,10,100,0,30071.43,0.00,-4.29,30075.72,0.00,0.00,0.00,0.00
887.07,39.06,32.16,36.00,20.00,MAN,10,100,0,30071.43,0.00,-4.29,30075.72,0.00,0.00,0.00,0.00
888.07,39.06,32.16,36.00,20.00,MAN,10,100,0,30071.43,0.00,-4.29,30075.72,0.00,0.00,0.00,0.00
889.07,39.07,32.16,36.00,20.00,MAN,10,100,0,30071.43,0.00,-4.29,30075.72,0.00,0.00,0.00,0.00
890.08,39.07,32.16,36.00,20.00,MAN,10,100,0,30071.43,0.00,-4.29,30075.72,0.00,0.00,0.00,0.00
891.08,39.07,32.16,36.00,20.00,MAN,10,100,0,30071.43,0.00,-4.29,30075.72,0.00,0.00,0.00,0.00
892.08,39.08,32.16,36.00,20.00,MAN,10,100,0,30071.43,0.00,-4.29,30075.72,0.00,0.00,0.00,0.00
893.08,39.08,32.16,36.00,20.00,MAN,10,100,0,30071.43,0.00,-4.29,30075.72,0.00,0.00,0.00,0.00
894.08,39.09,32.16,36.00,20.00,MAN,10,100,0,30071.43,0.00,-4.29,30075.72,0.00,0.00,0.00,0.00
895.08,39.10,32.16,36.00,20.00,MAN,10,100,0,30071.43,0.00,-4.29,30075.72,0.00,0.00,0.00,0.00
896.08,39.10,32.18,36.00,20.00,MAN,10,100,0,30071.43,0.00,-4.29,30075.72,0.00,0.00,0.00,0.00
897.09,39.10,32.18,36.00,20.00,MAN,10,100,0,30071.43,0.00,-4.29,30075.72,0.00,0.00,0.00,0.00
898.09,39.10,32.18,36.00,20.00,MAN,10,100,0,30071.43,0.00,-4.29,30075.72,0.00,0.00,0.00,0.00
899.09,39.11,32.18,36.00,20.00,MAN,10,100,0,30071.43,0.00,-4.29,30075.72,0.00,0.00,0.00,0.00
900.09,39.12,32.18,36.00,20.00,MAN,10,100,0,30071.43,0.00,-4.29,30075.72,0.00,0.00,0.00,0.00
901.09,39.13,32.18,36.00,20.00,MAN,10,100,0,30071.43,0.00,-4.29,30075.72,0.00,0.00,0.00,0.00
902.09,39.13,32.13,36.00,20.00,MAN,10,100,0,30071.43,0.00,-4.29,30075.72,0.00,0.00,0.00,0.00
903.10,39.15,32.13,36.00,20.00,MAN,10,100,0,30071.43,0.00,-4.29,30075.72,0.00,0.00,0.00,0.00
904.10,39.15,32.13,36.00,20.00,MAN,10,100,0,30071.43,0.00,-4.29,30075.72,0.00,0.00,0.00,0.00
905.10,39.15,32.13,36.00,20.00,MAN,10,100,0,30071.43,0.00,-4.29,30075.72,0.00,0.00,0.00,0.00
906.10,39.15,32.13,36.00,20.00,MAN,10,100,0,30071.43,0.00,-4.29,30075.72,0.00,0.00,0.00,0.00
907.10,39.15,32.13,36.00,20.00,MAN,10,100,0,30071.43,0.00,-4.29,30075.72,0.00,0.00,0.00,0.00
908.10,39.15,32.13,36.00,20.00,MAN,10,100,0,30071.43,0.00,-4.29,30075.72,0.00,0.00,0.00,0.00
909.11,39.17,32.13,36.00,20.00,MAN,10,100,0,30071.43,0.00,-4.29,30075.72,0.00,0.00,0.00,0.00
910.11,39.17,32.13,36.00,20.00,MAN,10,100,0,30071.43,0.00,-4.29,30075.72,0.00,0.00,0.00,0.00
911.11,39.18,32.13,36.00,20.00,MAN,10,100,0,30071.43,0.00,-4.29,30075.72,0.00,0.00,0.00,0.00
912.11,39.18,32.13,36.00,20.00,MAN,10,100,0,30071.43,0.00,-4.29,30075.72,0.00,0.00,0.00,0.00
913.11,39.19,32.13,36.00,20.00,MAN,10,100,0,30071.43,0.00,-4.29,30075.72,0.00,0.00,0.00,0.00
914.11,39.20,32.13,36.00,20.00,MAN,10,100,0,30071.43,0.00,-4.29,30075.72,0.00,0.00,0.00,0.00
915.11,39.20,32.13,36.00,20.00,MAN,10,100,0,30071.43,0.00,-4.29,30075.72,0.00,0.00,0.00,0.00
916.12,39.20,32.13,36.00,20.00,MAN,10,100,0,30071.43,0.00,-4.29,30075.72,0.00,0.00,0.00,0.00
917.12,39.21,32.13,36.00,20.00,MAN,10,100,0,30071.43,0.00,-4.29,30075.72,0.00,0.00,0.00,0.00
918.12,39.22,32.13,36.00,20.00,MAN,10,100,0,30071.43,0.00,-4.29,30075.72,0.00,0.00,0.00,0.00
919.12,39.23,32.13,36.00,20.00,MAN,10,100,0,30071.43,0.00,-4.29,30075.72,0.00,0.00,0.00,0.00
920.12,39.23,32.09,36.00,20.00,MAN,10,100,0,30071.43,0.00,-4.29,30075.72,0.00,0.00,0.00,0.00
921.12,39.23,32.09,36.00,20.00,MAN,10,100,0,30071.43,0.00,-4.29,30075.72,0.00,0.00,0.00,0.00
922.13,39.24,32.09,36.00,20.00,MAN,10,100,0,30071.43,0.00,-4.29,30075.72,0.00,0.00,0.00,0.00
923.13,39.24,32.09,36.00,20.00,MAN,10,100,0,30071.43,0.00,-4.29,30075.72,0.00,0.00,0.00,0.00
924.13,39.25,32.09,36.00,20.00,MAN,10,100,0,30071.43,0.00,-4.29,30075.72,0.00,0.00,0.00,0.00
925.13,39.26,32.09,36.00,20.00,MAN,10,100,0,30071.43,0.00,-4.29,30075.72,0.00,0.00,0.00,0.00
926.13,39.27,32.09,36.00,20.00,MAN,10,100,0,30071.43,0.00,-4.29,30075.72,0.00,0.00,0.00,0.00
927.13,39.27,32.11,36.00,20.00,MAN,10,100,0,30071.43,0.00,-4.29,30075.72,0.00,0.00,0.00,0.00
928.14,39.28,32.07,36.00,20.00,MAN,10,100,0,30071.43,0.00,-4.29,30075.72,0.00,0.00,0.00,0.00
929.14,39.28,32.07,36.00,20.00,MAN,10,100,0,30071.43,0.00,-4.29,30075.72,0.00,0.00,0.00,0.00
930.14,39.29,32.07,36.00,20.00,MAN,10,100,0,30071.43,0.00,-4.29,30075.72,0.00,0.00,0.00,0.00
931.14,39.29,32.07,36.00,20.00,MAN,10,100,0,30071.43,0.00,-4.29,30075.72,0.00,0.00,0.00,0.00
932.14,39.30,32.07,36.00,20.00,MAN,10,100,0,30071.43,0.00,-4.29,30075.72,0.00,0.00,0.00,0.00
933.14,39.30,32.07,36.00,20.00,MAN,10,100,0,30071.43,0.00,-4.29,30075.72,0.00,0.00,0.00,0.00
934.14,39.32,32.07,36.00,20.00,MAN,10,100,0,30071.43,0.00,-4.29,30075.72,0.00,0.00,0.00,0.00
935.15,39.32,32.07,36.00,20.00,MAN,10,100,0,30071.43,0.00,-4.29,30075.72,0.00,0.00,0.00,0.00
936.15,39.32,32.07,36.00,20.00,MAN,10,100,0,30071.43,0.00,-4.29,30075.72,0.00,0.00,0.00,0.00
937.15,39.33,32.07,36.00,20.00,MAN,10,100,0,30071.43,0.00,-4.29,30075.72,0.00,0.00,0.00,0.00
938.15,39.34,32.07,36.00,20.00,MAN,10,100,0,30071.43,0.00,-4.29,30075.72,0.00,0.00,0.00,0.00
939.15,39.34,32.07,36.00,20.00,MAN,10,100,0,30071.43,0.00,-4.29,30075.72,0.00,0.00,0.00,0.00
940.16,39.34,32.07,36.00,20.00,MAN,10,100,0,30071.43,0.00,-4.29,30075.72,0.00,0.00,0.00,0.00
941.16,39.35,32.03,36.00,20.00,MAN,10,100,0,30071.43,0.00,-4.29,30075.72,0.00,0.00,0.00,0.00
942.16,39.35,32.03,36.00,20.00,MAN,10,100,0,30071.43,0.00,-4.29,30075.72,0.00,0.00,0.00,0.00
943.16,39.36,32.03,36.00,20.00,MAN,10,100,0,30071.43,0.00,-4.29,30075.72,0.00,0.00,0.00,0.00
944.16,39.37,32.03,36.00,20.00,MAN,10,100,0,30071.43,0.00,-4.29,30075.72,0.00,0.00,0.00,0.00
945.16,39.37,32.03,36.00,20.00,MAN,10,100,0,30071.43,0.00,-4.29,30075.72,0.00,0.00,0.00,0.00
946.16,39.38,32.03,36.00,20.00,MAN,10,100,0,30071.43,0.00,-4.29,30075.72,0.00,0.00,0.00,0.00
947.16,39.39,32.03,36.00,20.00,MAN,10,100,0,30071.43,0.00,-4.29,30075.72,0.00,0.00,0.00,0.00
948.17,39.39,32.03,36.00,20.00,MAN,10,100,0,30071.43,0.00,-4.29,30075.72,0.00,0.00,0.00,0.00
949.17,39.39,32.03,36.00,20.00,MAN,10,100,0,30071.43,0.00,-4.29,30075.72,0.00,0.00,0.00,0.00
950.17,39.40,32.03,36.00,20.00,MAN,10,100,0,30071.43,0.00,-4.29,30075.72,0.00,0.00,0.00,0.00
951.17,39.41,32.03,36.00,20.00,MAN,10,100,0,30071.43,0.00,-4.29,30075.72,0.00,0.00,0.00,0.00
952.17,39.40,32.03,36.00,20.00,MAN,10,100,0,30071.43,0.00,-4.29,30075.72,0.00,0.00,0.00,0.00
953.18,39.41,32.03,36.00,20.00,MAN,10,100,0,30071.43,0.00,-4.29,30075.72,0.00,0.00,0.00,0.00
954.18,39.41,32.03,36.00,20.00,MAN,10,100,0,30071.43,0.00,-4.29,30075.72,0.00,0.00,0.00,0.00
955.18,39.41,32.03,36.00,20.00,MAN,10,100,0,30071.43,0.00,-4.29,30075.72,0.00,0.00,0.00,0.00
956.18,39.41,32.03,36.00,20.00,MAN,10,100,0,30071.43,0.00,-4.29,30075.72,0.00,0.00,0.00,0.00
957.18,39.42,32.03,36.00,20.00,MAN,10,100,0,30071.43,0.00,-4.29,30075.72,0.00,0.00,0.00,0.00
958.19,39.42,32.03,36.00,20.00,MAN,10,100,0,30071.43,0.00,-4.29,30075.72,0.00,0.00,0.00,0.00
959.18,39.43,32.03,36.00,20.00,MAN,10,100,0,30071.43,0.00,-4.29,30075.72,0.00,0.00,0.00,0.00
960.18,39.43,32.03,36.00,20.00,MAN,10,100,0,30071.43,0.00,-4.29,30075.72,0.00,0.00,0.00,0.00
961.19,39.43,32.03,36.00,20.00,MAN,10,100,0,30071.43,0.00,-4.29,30075.72,0.00,0.00,0.00,0.00
962.19,39.44,32.05,36.00,20.00,MAN,10,100,0,30071.43,0.00,-4.29,30075.72,0.00,0.00,0.00,0.00
963.19,39.44,32.05,36.00,20.00,MAN,10,100,0,30071.43,0.00,-4.29,30075.72,0.00,0.00,0.00,0.00
964.19,39.44,32.05,36.00,20.00,MAN,10,100,0,30071.43,0.00,-4.29,30075.72,0.00,0.00,0.00,0.00
965.19,39.45,32.05,36.00,20.00,MAN,10,100,0,30071.43,0.00,-4.29,30075.72,0.00,0.00,0.00,0.00
966.20,39.45,32.05,36.00,20.00,MAN,10,100,0,30071.43,0.00,-4.29,30075.72,0.00,0.00,0.00,0.00
967.20,39.45,32.05,36.00,20.00,MAN,10,100,0,30071.43,0.00,-4.29,30075.72,0.00,0.00,0.00,0.00
968.20,39.45,32.05,36.00,20.00,MAN,10,100,0,30071.43,0.00,-4.29,30075.72,0.00,0.00,0.00,0.00
969.20,39.45,32.05,36.00,20.00,MAN,10,100,0,30071.43,0.00,-4.29,30075.72,0.00,0.00,0.00,0.00
970.20,39.47,32.05,36.00,20.00,MAN,10,100,0,30071.43,0.00,-4.29,30075.72,0.00,0.00,0.00,0.00
971.20,39.47,32.05,36.00,20.00,MAN,10,100,0,30071.43,0.00,-4.29,30075.72,0.00,0.00,0.00,0.00
972.21,39.47,32.05,36.00,20.00,MAN,10,100,0,30071.43,0.00,-4.29,30075.72,0.00,0.00,0.00,0.00
973.21,39.48,32.05,36.00,20.00,MAN,10,100,0,30071.43,0.00,-4.29,30075.72,0.00,0.00,0.00,0.00
974.21,39.48,32.05,36.00,20.00,MAN,10,100,0,30071.43,0.00,-4.29,30075.72,0.00,0.00,0.00,0.00
975.21,39.49,32.05,36.00,20.00,MAN,10,100,0,30071.43,0.00,-4.29,30075.72,0.00,0.00,0.00,0.00
976.21,39.49,32.05,36.00,20.00,MAN,10,100,0,30071.43,0.00,-4.29,30075.72,0.00,0.00,0.00,0.00
977.22,39.49,32.05,36.00,20.00,MAN,10,100,0,30071.43,0.00,-4.29,30075.72,0.00,0.00,0.00,0.00
978.21,39.50,32.05,36.00,20.00,MAN,10,100,0,30071.43,0.00,-4.29,30075.72,0.00,0.00,0.00,0.00
979.22,39.49,32.05,36.00,20.00,MAN,10,100,0,30071.43,0.00,-4.29,30075.72,0.00,0.00,0.00,0.00
980.22,39.50,32.05,36.00,20.00,MAN,10,100,0,30071.43,0.00,-4.29,30075.72,0.00,0.00,0.00,0.00
981.22,39.50,32.05,36.00,20.00,MAN,10,100,0,30071.43,0.00,-4.29,30075.72,0.00,0.00,0.00,0.00
982.22,39.51,32.05,36.00,20.00,MAN,10,100,0,30071.43,0.00,-4.29,30075.72,0.00,0.00,0.00,0.00
983.22,39.52,32.05,36.00,20.00,MAN,10,100,0,30071.43,0.00,-4.29,30075.72,0.00,0.00,0.00,0.00
984.22,39.53,32.05,36.00,20.00,MAN,10,100,0,30071.43,0.00,-4.29,30075.72,0.00,0.00,0.00,0.00
985.23,39.52,32.00,36.00,20.00,MAN,10,100,0,30071.43,0.00,-4.29,30075.72,0.00,0.00,0.00,0.00
986.23,39.53,32.05,36.00,20.00,MAN,10,100,0,30071.43,0.00,-4.29,30075.72,0.00,0.00,0.00,0.00
987.23,39.53,32.05,36.00,20.00,MAN,10,100,0,30071.43,0.00,-4.29,30075.72,0.00,0.00,0.00,0.00
988.23,39.53,32.05,36.00,20.00,MAN,10,100,0,30071.43,0.00,-4.29,30075.72,0.00,0.00,0.00,0.00
989.23,39.54,32.05,36.00,20.00,MAN,10,100,0,30071.43,0.00,-4.29,30075.72,0.00,0.00,0.00,0.00
990.24,39.53,32.00,36.00,20.00,MAN,10,100,0,30071.43,0.00,-4.29,30075.72,0.00,0.00,0.00,0.00
991.24,39.53,32.05,36.00,20.00,MAN,10,100,0,30071.43,0.00,-4.29,30075.72,0.00,0.00,0.00,0.00
992.24,39.53,32.05,36.00,20.00,MAN,10,100,0,30071.43,0.00,-4.29,30075.72,0.00,0.00,0.00,0.00
993.24,39.54,32.05,36.00,20.00,MAN,10,100,0,30071.43,0.00,-4.29,30075.72,0.00,0.00,0.00,0.00
994.24,39.54,32.05,36.00,20.00,MAN,10,100,0,30071.43,0.00,-4.29,30075.72,0.00,0.00,0.00,0.00
995.24,39.54,32.05,36.00,20.00,MAN,10,100,0,30071.43,0.00,-4.29,30075.72,0.00,0.00,0.00,0.00
996.24,39.55,32.05,36.00,20.00,MAN,10,100,0,30071.43,0.00,-4.29,30075.72,0.00,0.00,0.00,0.00
997.24,39.55,32.05,36.00,20.00,MAN,10,100,0,30071.43,0.00,-4.29,30075.72,0.00,0.00,0.00,0.00
998.25,39.55,32.05,36.00,20.00,MAN,10,100,0,30071.43,0.00,-4.29,30075.72,0.00,0.00,0.00,0.00
999.25,39.55,32.05,36.00,20.00,MAN,10,100,0,30071.43,0.00,-4.29,30075.72,0.00,0.00,0.00,0.00
1000.25,39.55,32.05,36.00,20.00,MAN,10,100,0,30071.43,0.00,-4.29,30075.72,0.00,0.00,0.00,0.00
1001.25,39.56,32.05,36.00,20.00,MAN,10,100,0,30071.43,0.00,-4.29,30075.72,0.00,0.00,0.00,0.00
1002.25,39.56,32.05,36.00,20.00,MAN,10,100,0,30071.43,0.00,-4.29,30075.72,0.00,0.00,0.00,0.00
1003.25,39.57,32.05,36.00,20.00,MAN,10,100,0,30071.43,0.00,-4.29,30075.72,0.00,0.00,0.00,0.00
1004.26,39.57,32.05,36.00,20.00,MAN,10,100,0,30071.43,0.00,-4.29,30075.72,0.00,0.00,0.00,0.00
1005.26,39.57,32.05,36.00,20.00,MAN,10,100,0,30071.43,0.00,-4.29,30075.72,0.00,0.00,0.00,0.00
1006.26,39.58,32.05,36.00,20.00,MAN,10,100,0,30071.43,0.00,-4.29,30075.72,0.00,0.00,0.00,0.00
1007.26,39.59,32.05,36.00,20.00,MAN,10,100,0,30071.43,0.00,-4.29,30075.72,0.00,0.00,0.00,0.00
1008.26,39.61,32.05,36.00,20.00,MAN,10,100,0,30071.43,0.00,-4.29,30075.72,0.00,0.00,0.00,0.00
1009.26,39.61,32.05,36.00,20.00,MAN,10,100,0,30071.43,0.00,-4.29,30075.72,0.00,0.00,0.00,0.00
1010.26,39.59,32.05,36.00,20.00,MAN,10,100,0,30071.43,0.00,-4.29,30075.72,0.00,0.00,0.00,0.00
1011.27,39.61,32.06,36.00,20.00,MAN,10,100,0,30071.43,0.00,-4.29,30075.72,0.00,0.00,0.00,0.00
1012.27,39.62,32.06,36.00,20.00,MAN,10,100,0,30071.43,0.00,-4.29,30075.72,0.00,0.00,0.00,0.00
1013.27,39.62,32.06,36.00,20.00,MAN,10,100,0,30071.43,0.00,-4.29,30075.72,0.00,0.00,0.00,0.00
1014.27,39.63,32.02,36.00,20.00,MAN,10,100,0,30071.43,0.00,-4.29,30075.72,0.00,0.00,0.00,0.00
1015.27,39.64,32.02,36.00,20.00,MAN,10,100,0,30071.43,0.00,-4.29,30075.72,0.00,0.00,0.00,0.00
1016.27,39.64,32.02,36.00,20.00,MAN,10,100,0,30071.43,0.00,-4.29,30075.72,0.00,0.00,0.00,0.00
1017.28,39.64,32.02,36.00,20.00,MAN,10,100,0,30071.43,0.00,-4.29,30075.72,0.00,0.00,0.00,0.00
1018.28,39.64,32.02,36.00,20.00,MAN,10,100,0,30071.43,0.00,-4.29,30075.72,0.00,0.00,0.00,0.00
1019.28,39.65,32.02,36.00,20.00,MAN,10,100,0,30071.43,0.00,-4.29,30075.72,0.00,0.00,0.00,0.00
1020.28,39.67,32.02,36.00,20.00,MAN,10,100,0,30071.43,0.00,-4.29,30075.72,0.00,0.00,0.00,0.00
1021.28,39.67,32.02,36.00,20.00,MAN,10,100,0,30071.43,0.00,-4.29,30075.72,0.00,0.00,0.00,0.00
1022.29,39.68,32.02,36.00,20.00,MAN,10,100,0,30071.43,0.00,-4.29,30075.72,0.00,0.00,0.00,0.00
1023.29,39.67,32.02,36.00,20.00,MAN,10,100,0,30071.43,0.00,-4.29,30075.72,0.00,0.00,0.00,0.00
1024.29,39.68,32.02,36.00,20.00,MAN,10,100,0,30071.43,0.00,-4.29,30075.72,0.00,0.00,0.00,0.00
1025.29,39.69,32.02,36.00,20.00,MAN,10,100,0,30071.43,0.00,-4.29,30075.72,0.00,0.00,0.00,0.00
1026.29,39.69,32.02,36.00,20.00,MAN,10,100,0,30071.43,0.00,-4.29,30075.72,0.00,0.00,0.00,0.00
1027.29,39.69,32.02,36.00,20.00,MAN,10,100,0,30071.43,0.00,-4.29,30075.72,0.00,0.00,0.00,0.00
1028.29,39.69,32.02,36.00,20.00,MAN,10,100,0,30071.43,0.00,-4.29,30075.72,0.00,0.00,0.00,0.00
1029.30,39.69,32.02,36.00,20.00,MAN,10,100,0,30071.43,0.00,-4.29,30075.72,0.00,0.00,0.00,0.00
1030.30,39.69,32.02,36.00,20.00,MAN,10,100,0,30071.43,0.00,-4.29,30075.72,0.00,0.00,0.00,0.00
1031.30,39.69,32.02,36.00,20.00,MAN,10,100,0,30071.43,0.00,-4.29,30075.72,0.00,0.00,0.00,0.00
1032.30,39.71,32.02,36.00,20.00,MAN,10,100,0,30071.43,0.00,-4.29,30075.72,0.00,0.00,0.00,0.00
1033.30,39.71,31.94,36.00,20.00,MAN,10,100,0,30071.43,0.00,-4.29,30075.72,0.00,0.00,0.00,0.00
1034.30,39.71,31.94,36.00,20.00,MAN,10,100,0,30071.43,0.00,-4.29,30075.72,0.00,0.00,0.00,0.00
1035.31,39.71,31.94,36.00,20.00,MAN,10,100,0,30071.43,0.00,-4.29,30075.72,0.00,0.00,0.00,0.00
1036.31,39.72,31.94,36.00,20.00,MAN,10,100,0,30071.43,0.00,-4.29,30075.72,0.00,0.00,0.00,0.00
1037.31,39.72,31.94,36.00,20.00,MAN,10,100,0,30071.43,0.00,-4.29,30075.72,0.00,0.00,0.00,0.00
1038.31,39.73,31.94,36.00,20.00,MAN,10,100,0,30071.43,0.00,-4.29,30075.72,0.00,0.00,0.00,0.00
1039.31,39.74,31.94,36.00,20.00,MAN,10,100,0,30071.43,0.00,-4.29,30075.72,0.00,0.00,0.00,0.00
1040.31,39.74,31.94,36.00,20.00,MAN,10,100,0,30071.43,0.00,-4.29,30075.72,0.00,0.00,0.00,0.00
1041.32,39.73,31.94,36.00,20.00,MAN,10,100,0,30071.43,0.00,-4.29,30075.72,0.00,0.00,0.00,0.00
1042.31,39.74,31.94,36.00,20.00,MAN,10,100,0,30071.43,0.00,-4.29,30075.72,0.00,0.00,0.00,0.00
1043.32,39.74,31.94,36.00,20.00,MAN,10,100,0,30071.43,0.00,-4.29,30075.72,0.00,0.00,0.00,0.00
1044.32,39.76,31.94,36.00,20.00,MAN,10,100,0,30071.43,0.00,-4.29,30075.72,0.00,0.00,0.00,0.00
1045.32,39.76,31.94,36.00,20.00,MAN,10,100,0,30071.43,0.00,-4.29,30075.72,0.00,0.00,0.00,0.00
1046.32,39.76,31.94,36.00,20.00,MAN,10,100,0,30071.43,0.00,-4.29,30075.72,0.00,0.00,0.00,0.00
1047.32,39.77,31.94,36.00,20.00,MAN,10,100,0,30071.43,0.00,-4.29,30075.72,0.00,0.00,0.00,0.00
1048.33,39.77,31.94,36.00,20.00,MAN,10,100,0,30071.43,0.00,-4.29,30075.72,0.00,0.00,0.00,0.00
1049.33,39.78,31.94,36.00,20.00,MAN,10,100,0,30071.43,0.00,-4.29,30075.72,0.00,0.00,0.00,0.00
1050.33,39.79,31.94,36.00,20.00,MAN,10,100,0,30071.43,0.00,-4.29,30075.72,0.00,0.00,0.00,0.00
1051.33,39.79,31.94,36.00,20.00,MAN,10,100,0,30071.43,0.00,-4.29,30075.72,0.00,0.00,0.00,0.00
1052.33,39.80,31.96,36.00,20.00,MAN,10,100,0,30071.43,0.00,-4.29,30075.72,0.00,0.00,0.00,0.00
1053.33,39.80,31.96,36.00,20.00,MAN,10,100,0,30071.43,0.00,-4.29,30075.72,0.00,0.00,0.00,0.00
1054.34,39.81,31.96,36.00,20.00,MAN,10,100,0,30071.43,0.00,-4.29,30075.72,0.00,0.00,0.00,0.00
1055.34,39.81,31.96,36.00,20.00,MAN,10,100,0,30071.43,0.00,-4.29,30075.72,0.00,0.00,0.00,0.00
1056.34,39.81,31.92,36.00,20.00,MAN,10,100,0,30071.43,0.00,-4.29,30075.72,0.00,0.00,0.00,0.00
1057.34,39.81,31.96,36.00,20.00,MAN,10,100,0,30071.43,0.00,-4.29,30075.72,0.00,0.00,0.00,0.00
1058.34,39.82,31.92,36.00,20.00,MAN,10,100,0,30071.43,0.00,-4.29,30075.72,0.00,0.00,0.00,0.00
1059.34,39.83,31.92,36.00,20.00,MAN,10,100,0,30071.43,0.00,-4.29,30075.72,0.00,0.00,0.00,0.00
1060.34,39.84,31.92,36.00,20.00,MAN,10,100,0,30071.43,0.00,-4.29,30075.72,0.00,0.00,0.00,0.00
1061.35,39.84,31.92,36.00,20.00,MAN,10,100,0,30071.43,0.00,-4.29,30075.72,0.00,0.00,0.00,0.00
1062.35,39.83,31.92,36.00,20.00,MAN,10,100,0,30071.43,0.00,-4.29,30075.72,0.00,0.00,0.00,0.00
1063.35,39.83,31.92,36.00,20.00,MAN,10,100,0,30071.43,0.00,-4.29,30075.72,0.00,0.00,0.00,0.00
1064.35,39.83,31.92,36.00,20.00,MAN,10,100,0,30071.43,0.00,-4.29,30075.72,0.00,0.00,0.00,0.00
1065.35,39.84,31.92,36.00,20.00,MAN,10,100,0,30071.43,0.00,-4.29,30075.72,0.00,0.00,0.00,0.00
1066.35,39.85,31.92,36.00,20.00,MAN,10,100,0,30071.43,0.00,-4.29,30075.72,0.00,0.00,0.00,0.00
1067.36,39.86,31.92,36.00,20.00,MAN,10,100,0,30071.43,0.00,-4.29,30075.72,0.00,0.00,0.00,0.00
1068.36,39.86,31.92,36.00,20.00,MAN,10,100,0,30071.43,0.00,-4.29,30075.72,0.00,0.00,0.00,0.00
1069.36,39.86,31.92,36.00,20.00,MAN,10,100,0,30071.43,0.00,-4.29,30075.72,0.00,0.00,0.00,0.00
1070.36,39.87,31.92,36.00,20.00,MAN,10,100,0,30071.43,0.00,-4.29,30075.72,0.00,0.00,0.00,0.00
1071.36,39.88,31.92,36.00,20.00,MAN,10,100,0,30071.43,0.00,-4.29,30075.72,0.00,0.00,0.00,0.00
1072.37,39.88,31.92,36.00,20.00,MAN,10,100,0,30071.43,0.00,-4.29,30075.72,0.00,0.00,0.00,0.00
1073.37,39.89,31.92,36.00,20.00,MAN,10,100,0,30071.43,0.00,-4.29,30075.72,0.00,0.00,0.00,0.00
1074.37,39.89,31.92,36.00,20.00,MAN,10,100,0,30071.43,0.00,-4.29,30075.72,0.00,0.00,0.00,0.00
1075.37,39.89,31.88,36.00,20.00,MAN,10,100,0,30071.43,0.00,-4.29,30075.72,0.00,0.00,0.00,0.00
1076.37,39.91,31.92,36.00,20.00,MAN,10,100,0,30071.43,0.00,-4.29,30075.72,0.00,0.00,0.00,0.00
1077.37,39.91,31.88,36.00,20.00,MAN,10,100,0,30071.43,0.00,-4.29,30075.72,0.00,0.00,0.00,0.00
1078.37,39.92,31.88,36.00,20.00,MAN,10,100,0,30071.43,0.00,-4.29,30075.72,0.00,0.00,0.00,0.00
1079.37,39.93,31.88,36.00,20.00,MAN,10,100,0,30071.43,0.00,-4.29,30075.72,0.00,0.00,0.00,0.00
1080.38,39.92,31.88,36.00,20.00,MAN,10,100,0,30071.43,0.00,-4.29,30075.72,0.00,0.00,0.00,0.00
1081.38,39.93,31.88,36.00,20.00,MAN,10,100,0,30071.43,0.00,-4.29,30075.72,0.00,0.00,0.00,0.00
1082.38,39.93,31.88,36.00,20.00,MAN,10,100,0,30071.43,0.00,-4.29,30075.72,0.00,0.00,0.00,0.00
1083.38,39.94,31.88,36.00,20.00,MAN,10,100,0,30071.43,0.00,-4.29,30075.72,0.00,0.00,0.00,0.00
1084.38,39.94,31.88,36.00,20.00,MAN,10,100,0,30071.43,0.00,-4.29,30075.72,0.00,0.00,0.00,0.00
1085.39,39.94,31.88,36.00,20.00,MAN,10,100,0,30071.43,0.00,-4.29,30075.72,0.00,0.00,0.00,0.00
1086.39,39.95,31.88,36.00,20.00,MAN,10,100,0,30071.43,0.00,-4.29,30075.72,0.00,0.00,0.00,0.00
1087.39,39.95,31.88,36.00,20.00,MAN,10,100,0,30071.43,0.00,-4.29,30075.72,0.00,0.00,0.00,0.00
1088.39,39.95,31.88,36.00,20.00,MAN,10,100,0,30071.43,0.00,-4.29,30075.72,0.00,0.00,0.00,0.00
1089.39,39.95,31.88,36.00,20.00,MAN,10,100,0,30071.43,0.00,-4.29,30075.72,0.00,0.00,0.00,0.00
1090.39,39.97,31.90,36.00,20.00,MAN,10,100,0,30071.43,0.00,-4.29,30075.72,0.00,0.00,0.00,0.00
1091.39,39.97,31.90,36.00,20.00,MAN,10,100,0,30071.43,0.00,-4.29,30075.72,0.00,0.00,0.00,0.00
1092.39,39.97,31.90,36.00,20.00,MAN,10,100,0,30071.43,0.00,-4.29,30075.72,0.00,0.00,0.00,0.00
1093.40,39.97,31.90,36.00,20.00,MAN,10,100,0,30071.43,0.00,-4.29,30075.72,0.00,0.00,0.00,0.00
1094.40,39.97,31.90,36.00,20.00,MAN,10,100,0,30071.43,0.00,-4.29,30075.72,0.00,0.00,0.00,0.00
1095.40,39.97,31.90,36.00,20.00,MAN,10,100,0,30071.43,0.00,-4.29,30075.72,0.00,0.00,0.00,0.00
1096.40,39.98,31.90,36.00,20.00,MAN,10,100,0,30071.43,0.00,-4.29,30075.72,0.00,0.00,0.00,0.00
1097.40,39.99,31.90,36.00,20.00,MAN,10,100,0,30071.43,0.00,-4.29,30075.72,0.00,0.00,0.00,0.00
1098.41,40.00,31.90,36.00,20.00,MAN,10,100,0,30071.43,0.00,-4.29,30075.72,0.00,0.00,0.00,0.00
1099.41,39.99,31.90,36.00,20.00,MAN,10,100,0,30071.43,0.00,-4.29,30075.72,0.00,0.00,0.00,0.00
1100.41,40.00,31.90,36.00,20.00,MAN,10,100,0,30071.43,0.00,-4.29,30075.72,0.00,0.00,0.00,0.00
1101.41,40.00,31.90,36.00,20.00,MAN,10,100,0,30071.43,0.00,-4.29,30075.72,0.00,0.00,0.00,0.00
1102.41,40.01,31.90,36.00,20.00,MAN,10,100,0,30071.43,0.00,-4.29,30075.72,0.00,0.00,0.00,0.00
1103.41,40.02,31.90,36.00,20.00,MAN,10,100,0,30071.43,0.00,-4.29,30075.72,0.00,0.00,0.00,0.00
1104.42,40.02,31.85,36.00,20.00,MAN,10,100,0,30071.43,0.00,-4.29,30075.72,0.00,0.00,0.00,0.00
1105.41,40.02,31.85,36.00,20.00,MAN,10,100,0,30071.43,0.00,-4.29,30075.72,0.00,0.00,0.00,0.00
1106.42,40.03,31.85,36.00,20.00,MAN,10,100,0,30071.43,0.00,-4.29,30075.72,0.00,0.00,0.00,0.00
1107.42,40.03,31.85,36.00,20.00,MAN,10,100,0,30071.43,0.00,-4.29,30075.72,0.00,0.00,0.00,0.00
1108.42,40.03,31.85,36.00,20.00,MAN,10,100,0,30071.43,0.00,-4.29,30075.72,0.00,0.00,0.00,0.00
1109.42,40.03,31.85,36.00,20.00,MAN,10,100,0,30071.43,0.00,-4.29,30075.72,0.00,0.00,0.00,0.00
1110.42,40.04,31.85,36.00,20.00,MAN,10,100,0,30071.43,0.00,-4.29,30075.72,0.00,0.00,0.00,0.00
1111.43,40.06,31.85,36.00,20.00,MAN,10,100,0,30071.43,0.00,-4.29,30075.72,0.00,0.00,0.00,0.00
1112.43,40.06,31.85,36.00,20.00,MAN,10,100,0,30071.43,0.00,-4.29,30075.72,0.00,0.00,0.00,0.00
1113.43,40.07,31.85,36.00,20.00,MAN,10,100,0,30071.43,0.00,-4.29,30075.72,0.00,0.00,0.00,0.00
1114.43,40.08,31.85,36.00,20.00,MAN,10,100,0,30071.43,0.00,-4.29,30075.72,0.00,0.00,0.00,0.00
1115.43,40.08,31.85,36.00,20.00,MAN,10,100,0,30071.43,0.00,-4.29,30075.72,0.00,0.00,0.00,0.00
1116.43,40.08,31.85,36.00,20.00,MAN,10,100,0,30071.43,0.00,-4.29,30075.72,0.00,0.00,0.00,0.00
1117.44,40.09,31.85,36.00,20.00,MAN,10,100,0,30071.43,0.00,-4.29,30075.72,0.00,0.00,0.00,0.00
1118.44,40.10,31.85,36.00,20.00,MAN,10,100,0,30071.43,0.00,-4.29,30075.72,0.00,0.00,0.00,0.00
1119.44,40.10,31.85,36.00,20.00,MAN,10,100,0,30071.43,0.00,-4.29,30075.72,0.00,0.00,0.00,0.00
1120.44,40.11,31.85,36.00,20.00,MAN,10,100,0,30071.43,0.00,-4.29,30075.72,0.00,0.00,0.00,0.00
1121.44,40.12,31.81,36.00,20.00,MAN,10,100,0,30071.43,0.00,-4.29,30075.72,0.00,0.00,0.00,0.00
1122.44,40.13,31.81,36.00,20.00,MAN,10,100,0,30071.43,0.00,-4.29,30075.72,0.00,0.00,0.00,0.00
1123.44,40.13,31.81,36.00,20.00,MAN,10,100,0,30071.43,0.00,-4.29,30075.72,0.00,0.00,0.00,0.00
1124.45,40.13,31.81,36.00,20.00,MAN,10,100,0,30071.43,0.00,-4.29,30075.72,0.00,0.00,0.00,0.00
1125.45,40.13,31.83,36.00,20.00,MAN,10,100,0,30071.43,0.00,-4.29,30075.72,0.00,0.00,0.00,0.00
1126.45,40.13,31.83,36.00,20.00,MAN,10,100,0,30071.43,0.00,-4.29,30075.72,0.00,0.00,0.00,0.00
1127.45,40.13,31.83,36.00,20.00,MAN,10,100,0,30071.43,0.00,-4.29,30075.72,0.00,0.00,0.00,0.00
1128.45,40.14,31.83,36.00,20.00,MAN,10,100,0,30071.43,0.00,-4.29,30075.72,0.00,0.00,0.00,0.00
1129.45,40.14,31.83,36.00,20.00,MAN,10,100,0,30071.43,0.00,-4.29,30075.72,0.00,0.00,0.00,0.00
1130.46,40.14,31.83,36.00,20.00,MAN,10,100,0,30071.43,0.00,-4.29,30075.72,0.00,0.00,0.00,0.00
1131.46,40.15,31.83,36.00,20.00,MAN,10,100,0,30071.43,0.00,-4.29,30075.72,0.00,0.00,0.00,0.00
1132.46,40.16,31.83,36.00,20.00,MAN,10,100,0,30071.43,0.00,-4.29,30075.72,0.00,0.00,0.00,0.00
1133.46,40.16,31.83,36.00,20.00,MAN,10,100,0,30071.43,0.00,-4.29,30075.72,0.00,0.00,0.00,0.00
1134.46,40.16,31.83,36.00,20.00,MAN,10,100,0,30071.43,0.00,-4.29,30075.72,0.00,0.00,0.00,0.00
1135.46,40.17,31.83,36.00,20.00,MAN,10,100,0,30071.43,0.00,-4.29,30075.72,0.00,0.00,0.00,0.00
1136.47,40.18,31.83,36.00,20.00,MAN,10,100,0,30071.43,0.00,-4.29,30075.72,0.00,0.00,0.00,0.00
1137.47,40.18,31.79,36.00,20.00,MAN,10,100,0,30071.43,0.00,-4.29,30075.72,0.00,0.00,0.00,0.00
1138.47,40.19,31.79,36.00,20.00,MAN,10,100,0,30071.43,0.00,-4.29,30075.72,0.00,0.00,0.00,0.00
1139.47,40.19,31.79,36.00,20.00,MAN,10,100,0,30071.43,0.00,-4.29,30075.72,0.00,0.00,0.00,0.00
1140.47,40.19,31.79,36.00,20.00,MAN,10,100,0,30071.43,0.00,-4.29,30075.72,0.00,0.00,0.00,0.00
1141.47,40.21,31.79,36.00,20.00,MAN,10,100,0,30071.43,0.00,-4.29,30075.72,0.00,0.00,0.00,0.00
1142.47,40.21,31.79,36.00,20.00,MAN,10,100,0,30071.43,0.00,-4.29,30075.72,0.00,0.00,0.00,0.00
1143.48,40.22,31.79,36.00,20.00,MAN,10,100,0,30071.43,0.00,-4.29,30075.72,0.00,0.00,0.00,0.00
1144.48,40.23,31.79,36.00,20.00,MAN,10,100,0,30071.43,0.00,-4.29,30075.72,0.00,0.00,0.00,0.00
1145.48,40.24,31.79,36.00,20.00,MAN,10,100,0,30071.43,0.00,-4.29,30075.72,0.00,0.00,0.00,0.00
1146.48,40.23,31.79,36.00,20.00,MAN,10,100,0,30071.43,0.00,-4.29,30075.72,0.00,0.00,0.00,0.00
1147.48,40.23,31.79,36.00,20.00,MAN,10,100,0,30071.43,0.00,-4.29,30075.72,0.00,0.00,0.00,0.00
1148.49,40.24,31.79,36.00,20.00,MAN,10,100,0,30071.43,0.00,-4.29,30075.72,0.00,0.00,0.00,0.00
1149.49,40.25,31.79,36.00,20.00,MAN,10,100,0,30071.43,0.00,-4.29,30075.72,0.00,0.00,0.00,0.00
1150.49,40.25,31.79,36.00,20.00,MAN,10,100,0,30071.43,0.00,-4.29,30075.72,0.00,0.00,0.00,0.00
1151.49,40.26,31.79,36.00,20.00,MAN,10,100,0,30071.43,0.00,-4.29,30075.72,0.00,0.00,0.00,0.00
1152.49,40.28,31.79,36.00,20.00,MAN,10,100,0,30071.43,0.00,-4.29,30075.72,0.00,0.00,0.00,0.00
1153.49,40.28,31.74,36.00,20.00,MAN,10,100,0,30071.43,0.00,-4.29,30075.72,0.00,0.00,0.00,0.00
1154.50,40.29,31.74,36.00,20.00,MAN,10,100,0,30071.43,0.00,-4.29,30075.72,0.00,0.00,0.00,0.00
1155.49,40.30,31.77,36.00,20.00,MAN,10,100,0,30071.43,0.00,-4.29,30075.72,0.00,0.00,0.00,0.00
1156.50,40.31,31.72,36.00,20.00,MAN,10,100,0,30071.43,0.00,-4.29,30075.72,0.00,0.00,0.00,0.00
1157.50,40.32,31.72,36.00,20.00,MAN,10,100,0,30071.43,0.00,-4.29,30075.72,0.00,0.00,0.00,0.00
1158.50,40.32,31.72,36.00,20.00,MAN,10,100,0,30071.43,0.00,-4.29,30075.72,0.00,0.00,0.00,0.00
1159.50,40.32,31.72,36.00,20.00,MAN,10,100,0,30071.43,0.00,-4.29,30075.72,0.00,0.00,0.00,0.00
1160.50,40.33,31.72,36.00,20.00,MAN,10,100,0,30071.43,0.00,-4.29,30075.72,0.00,0.00,0.00,0.00
1161.50,40.33,31.72,36.00,20.00,MAN,10,100,0,30071.43,0.00,-4.29,30075.72,0.00,0.00,0.00,0.00
1162.51,40.33,31.72,36.00,20.00,MAN,10,100,0,30071.43,0.00,-4.29,30075.72,0.00,0.00,0.00,0.00
1163.51,40.33,31.72,36.00,20.00,MAN,10,100,0,30071.43,0.00,-4.29,30075.72,0.00,0.00,0.00,0.00
1164.51,40.35,31.72,36.00,20.00,MAN,10,100,0,30071.43,0.00,-4.29,30075.72,0.00,0.00,0.00,0.00
1165.51,40.36,31.72,36.00,20.00,MAN,10,100,0,30071.43,0.00,-4.29,30075.72,0.00,0.00,0.00,0.00
1166.51,40.36,31.72,36.00,20.00,MAN,10,100,0,30071.43,0.00,-4.29,30075.72,0.00,0.00,0.00,0.00
1167.52,40.37,31.72,36.00,20.00,MAN,10,100,0,30071.43,0.00,-4.29,30075.72,0.00,0.00,0.00,0.00
1168.52,40.37,31.72,36.00,20.00,MAN,10,100,0,30071.43,0.00,-4.29,30075.72,0.00,0.00,0.00,0.00
1169.52,40.37,31.72,36.00,20.00,MAN,10,100,0,30071.43,0.00,-4.29,30075.72,0.00,0.00,0.00,0.00
1170.52,40.38,31.72,36.00,20.00,MAN,10,100,0,30071.43,0.00,-4.29,30075.72,0.00,0.00,0.00,0.00
1171.52,40.37,31.72,36.00,20.00,MAN,10,100,0,30071.43,0.00,-4.29,30075.72,0.00,0.00,0.00,0.00
1172.52,40.38,31.72,36.00,20.00,MAN,10,100,0,30071.43,0.00,-4.29,30075.72,0.00,0.00,0.00,0.00
1173.53,40.38,31.72,36.00,20.00,MAN,10,100,0,30071.43,0.00,-4.29,30075.72,0.00,0.00,0.00,0.00
1174.52,40.39,31.72,36.00,20.00,MAN,10,100,0,30071.43,0.00,-4.29,30075.72,0.00,0.00,0.00,0.00
1175.53,40.39,31.72,36.00,20.00,MAN,10,100,0,30071.43,0.00,-4.29,30075.72,0.00,0.00,0.00,0.00
1176.53,40.39,31.72,36.00,20.00,MAN,10,100,0,30071.43,0.00,-4.29,30075.72,0.00,0.00,0.00,0.00
1177.53,40.40,31.72,36.00,20.00,MAN,10,100,0,30071.43,0.00,-4.29,30075.72,0.00,0.00,0.00,0.00
1178.53,40.41,31.72,36.00,20.00,MAN,10,100,0,30071.43,0.00,-4.29,30075.72,0.00,0.00,0.00,0.00
1179.53,40.42,31.72,36.00,20.00,MAN,10,100,0,30071.43,0.00,-4.29,30075.72,0.00,0.00,0.00,0.00
1180.54,40.42,31.68,36.00,20.00,MAN,10,100,0,30071.43,0.00,-4.29,30075.72,0.00,0.00,0.00,0.00
1181.54,40.42,31.68,36.00,20.00,MAN,10,100,0,30071.43,0.00,-4.29,30075.72,0.00,0.00,0.00,0.00
1182.54,40.43,31.68,36.00,20.00,MAN,10,100,0,30071.43,0.00,-4.29,30075.72,0.00,0.00,0.00,0.00
1183.54,40.43,31.68,36.00,20.00,MAN,10,100,0,30071.43,0.00,-4.29,30075.72,0.00,0.00,0.00,0.00
1184.54,40.43,31.68,36.00,20.00,MAN,10,100,0,30071.43,0.00,-4.29,30075.72,0.00,0.00,0.00,0.00
1185.54,40.43,31.68,36.00,20.00,MAN,10,100,0,30071.43,0.00,-4.29,30075.72,0.00,0.00,0.00,0.00
1186.55,40.44,31.68,36.00,20.00,MAN,10,100,0,30071.43,0.00,-4.29,30075.72,0.00,0.00,0.00,0.00
1187.55,40.45,31.68,36.00,20.00,MAN,10,100,0,30071.43,0.00,-4.29,30075.72,0.00,0.00,0.00,0.00
1188.55,40.45,31.68,36.00,20.00,MAN,10,100,0,30071.43,0.00,-4.29,30075.72,0.00,0.00,0.00,0.00
1189.55,40.45,31.68,36.00,20.00,MAN,10,100,0,30071.43,0.00,-4.29,30075.72,0.00,0.00,0.00,0.00
1190.55,40.45,31.68,36.00,20.00,MAN,10,100,0,30071.43,0.00,-4.29,30075.72,0.00,0.00,0.00,0.00
1191.55,40.46,31.68,36.00,20.00,MAN,10,100,0,30071.43,0.00,-4.29,30075.72,0.00,0.00,0.00,0.00
1192.55,40.46,31.68,36.00,20.00,MAN,10,100,0,30071.43,0.00,-4.29,30075.72,0.00,0.00,0.00,0.00
1193.56,40.46,31.68,36.00,20.00,MAN,10,100,0,30071.43,0.00,-4.29,30075.72,0.00,0.00,0.00,0.00
1194.56,40.46,31.68,36.00,20.00,MAN,10,100,0,30071.43,0.00,-4.29,30075.72,0.00,0.00,0.00,0.00
1195.56,40.46,31.68,36.00,20.00,MAN,10,100,0,30071.43,0.00,-4.29,30075.72,0.00,0.00,0.00,0.00
1196.56,40.47,31.70,36.00,20.00,MAN,10,100,0,30071.43,0.00,-4.29,30075.72,0.00,0.00,0.00,0.00
1197.56,40.48,31.70,36.00,20.00,MAN,10,100,0,30071.43,0.00,-4.29,30075.72,0.00,0.00,0.00,0.00
1198.57,40.48,31.70,36.00,20.00,MAN,10,100,0,30071.43,0.00,-4.29,30075.72,0.00,0.00,0.00,0.00
1199.57,40.48,31.70,36.00,20.00,MAN,10,100,0,30071.43,0.00,-4.29,30075.72,0.00,0.00,0.00,0.00
1200.57,40.50,31.70,36.00,20.00,MAN,10,100,0,30071.43,0.00,-4.29,30075.72,0.00,0.00,0.00,0.00
1201.57,40.50,31.70,36.00,20.00,MAN,10,100,0,30071.43,0.00,-4.29,30075.72,0.00,0.00,0.00,0.00
1202.57,40.50,31.70,36.00,20.00,MAN,10,100,0,30071.43,0.00,-4.29,30075.72,0.00,0.00,0.00,0.00
1203.57,40.51,31.70,36.00,20.00,MAN,10,100,0,30071.43,0.00,-4.29,30075.72,0.00,0.00,0.00,0.00
1204.58,40.51,31.70,36.00,20.00,MAN,10,100,0,30071.43,0.00,-4.29,30075.72,0.00,0.00,0.00,0.00
1205.57,40.52,31.70,36.00,20.00,MAN,10,100,0,30071.43,0.00,-4.29,30075.72,0.00,0.00,0.00,0.00
1206.58,40.52,31.70,36.00,20.00,MAN,10,100,0,30071.43,0.00,-4.29,30075.72,0.00,0.00,0.00,0.00
1207.58,40.53,31.70,36.00,20.00,MAN,10,100,0,30071.43,0.00,-4.29,30075.72,0.00,0.00,0.00,0.00
1208.58,40.53,31.70,36.00,20.00,MAN,10,100,0,30071.43,0.00,-4.29,30075.72,0.00,0.00,0.00,0.00
1209.58,40.53,31.70,36.00,20.00,MAN,10,100,0,30071.43,0.00,-4.29,30075.72,0.00,0.00,0.00,0.00
1210.58,40.53,31.70,36.00,20.00,MAN,10,100,0,30071.43,0.00,-4.29,30075.72,0.00,0.00,0.00,0.00
1211.58,40.54,31.70,36.00,20.00,MAN,10,100,0,30071.43,0.00,-4.29,30075.72,0.00,0.00,0.00,0.00
1212.59,40.55,31.66,36.00,20.00,MAN,10,100,0,30071.43,0.00,-4.29,30075.72,0.00,0.00,0.00,0.00
1213.59,40.55,31.66,36.00,20.00,MAN,10,100,0,30071.43,0.00,-4.29,30075.72,0.00,0.00,0.00,0.00
1214.59,40.55,31.66,36.00,20.00,MAN,10,100,0,30071.43,0.00,-4.29,30075.72,0.00,0.00,0.00,0.00
1215.59,40.56,31.66,36.00,20.00,MAN,10,100,0,30071.43,0.00,-4.29,30075.72,0.00,0.00,0.00,0.00
1216.59,40.56,31.66,36.00,20.00,MAN,10,100,0,30071.43,0.00,-4.29,30075.72,0.00,0.00,0.00,0.00
1217.60,40.57,31.66,36.00,20.00,MAN,10,100,0,30071.43,0.00,-4.29,30075.72,0.00,0.00,0.00,0.00
1218.60,40.57,31.66,36.00,20.00,MAN,10,100,0,30071.43,0.00,-4.29,30075.72,0.00,0.00,0.00,0.00
1219.60,40.57,31.66,36.00,20.00,MAN,10,100,0,30071.43,0.00,-4.29,30075.72,0.00,0.00,0.00,0.00
1220.60,40.58,31.66,36.00,20.00,MAN,10,100,0,30071.43,0.00,-4.29,30075.72,0.00,0.00,0.00,0.00
1221.60,40.58,31.66,36.00,20.00,MAN,10,100,0,30071.43,0.00,-4.29,30075.72,0.00,0.00,0.00,0.00
1222.60,40.59,31.66,36.00,20.00,MAN,10,100,0,30071.43,0.00,-4.29,30075.72,0.00,0.00,0.00,0.00
1223.61,40.59,31.66,36.00,20.00,MAN,10,100,0,30071.43,0.00,-4.29,30075.72,0.00,0.00,0.00,0.00
1224.60,40.59,31.66,36.00,20.00,MAN,10,100,0,30071.43,0.00,-4.29,30075.72,0.00,0.00,0.00,0.00
1225.61,40.59,31.66,36.00,20.00,MAN,10,100,0,30071.43,0.00,-4.29,30075.72,0.00,0.00,0.00,0.00
1226.61,40.60,31.66,36.00,20.00,MAN,10,100,0,30071.43,0.00,-4.29,30075.72,0.00,0.00,0.00,0.00
1227.61,40.60,31.66,36.00,20.00,MAN,10,100,0,30071.43,0.00,-4.29,30075.72,0.00,0.00,0.00,0.00
1228.61,40.61,31.66,36.00,20.00,MAN,10,100,0,30071.43,0.00,-4.29,30075.72,0.00,0.00,0.00,0.00
1229.61,40.61,31.66,36.00,20.00,MAN,10,100,0,30071.43,0.00,-4.29,30075.72,0.00,0.00,0.00,0.00
1230.62,40.61,31.66,36.00,20.00,MAN,10,100,0,30071.43,0.00,-4.29,30075.72,0.00,0.00,0.00,0.00
1231.62,40.61,31.66,36.00,20.00,MAN,10,100,0,30071.43,0.00,-4.29,30075.72,0.00,0.00,0.00,0.00
1232.62,40.62,31.66,36.00,20.00,MAN,10,100,0,30071.43,0.00,-4.29,30075.72,0.00,0.00,0.00,0.00
1233.62,40.62,31.66,36.00,20.00,MAN,10,100,0,30071.43,0.00,-4.29,30075.72,0.00,0.00,0.00,0.00
1234.62,40.63,31.66,36.00,20.00,MAN,10,100,0,30071.43,0.00,-4.29,30075.72,0.00,0.00,0.00,0.00
1235.62,40.63,31.66,36.00,20.00,MAN,10,100,0,30071.43,0.00,-4.29,30075.72,0.00,0.00,0.00,0.00
1236.62,40.63,31.66,36.00,20.00,MAN,10,100,0,30071.43,0.00,-4.29,30075.72,0.00,0.00,0.00,0.00
1237.63,40.65,31.67,36.00,20.00,MAN,10,100,0,30071.43,0.00,-4.29,30075.72,0.00,0.00,0.00,0.00
1238.63,40.66,31.67,36.00,20.00,MAN,10,100,0,30071.43,0.00,-4.29,30075.72,0.00,0.00,0.00,0.00
1239.63,40.67,31.67,36.00,20.00,MAN,10,100,0,30071.43,0.00,-4.29,30075.72,0.00,0.00,0.00,0.00
1240.63,40.67,31.67,36.00,20.00,MAN,10,100,0,30071.43,0.00,-4.29,30075.72,0.00,0.00,0.00,0.00
1241.63,40.67,31.64,36.00,20.00,MAN,10,100,0,30071.43,0.00,-4.29,30075.72,0.00,0.00,0.00,0.00
1242.63,40.68,31.64,36.00,20.00,MAN,10,100,0,30071.43,0.00,-4.29,30075.72,0.00,0.00,0.00,0.00
1243.64,40.67,31.64,36.00,20.00,MAN,10,100,0,30071.43,0.00,-4.29,30075.72,0.00,0.00,0.00,0.00
1244.64,40.68,31.67,36.00,20.00,MAN,10,100,0,30071.43,0.00,-4.29,30075.72,0.00,0.00,0.00,0.00
1245.64,40.68,31.67,36.00,20.00,MAN,10,100,0,30071.43,0.00,-4.29,30075.72,0.00,0.00,0.00,0.00
1246.64,40.69,31.64,36.00,20.00,MAN,10,100,0,30071.43,0.00,-4.29,30075.72,0.00,0.00,0.00,0.00
1247.64,40.68,31.64,36.00,20.00,MAN,10,100,0,30071.43,0.00,-4.29,30075.72,0.00,0.00,0.00,0.00
1248.64,40.69,31.67,36.00,20.00,MAN,10,100,0,30071.43,0.00,-4.29,30075.72,0.00,0.00,0.00,0.00
1249.65,40.69,31.64,36.00,20.00,MAN,10,100,0,30071.43,0.00,-4.29,30075.72,0.00,0.00,0.00,0.00
1250.65,40.69,31.67,36.00,20.00,MAN,10,100,0,30071.43,0.00,-4.29,30075.72,0.00,0.00,0.00,0.00
1251.65,40.70,31.67,36.00,20.00,MAN,10,100,0,30071.43,0.00,-4.29,30075.72,0.00,0.00,0.00,0.00
1252.65,40.70,31.67,36.00,20.00,MAN,10,100,0,30071.43,0.00,-4.29,30075.72,0.00,0.00,0.00,0.00
1253.65,40.70,31.67,36.00,20.00,MAN,10,100,0,30071.43,0.00,-4.29,30075.72,0.00,0.00,0.00,0.00
1254.65,40.70,31.67,36.00,20.00,MAN,10,100,0,30071.43,0.00,-4.29,30075.72,0.00,0.00,0.00,0.00
1255.65,40.70,31.67,36.00,20.00,MAN,10,100,0,30071.43,0.00,-4.29,30075.72,0.00,0.00,0.00,0.00
1256.65,40.70,31.67,36.00,20.00,MAN,10,100,0,30071.43,0.00,-4.29,30075.72,0.00,0.00,0.00,0.00
1257.66,40.71,31.67,36.00,20.00,MAN,10,100,0,30071.43,0.00,-4.29,30075.72,0.00,0.00,0.00,0.00
1258.66,40.71,31.67,36.00,20.00,MAN,10,100,0,30071.43,0.00,-4.29,30075.72,0.00,0.00,0.00,0.00
1259.66,40.71,31.67,36.00,20.00,MAN,10,100,0,30071.43,0.00,-4.29,30075.72,0.00,0.00,0.00,0.00
1260.66,40.72,31.67,36.00,20.00,MAN,10,100,0,30071.43,0.00,-4.29,30075.72,0.00,0.00,0.00,0.00
1261.66,40.73,31.67,36.00,20.00,MAN,10,100,0,30071.43,0.00,-4.29,30075.72,0.00,0.00,0.00,0.00
1262.67,40.72,31.67,36.00,20.00,MAN,10,100,0,30071.43,0.00,-4.29,30075.72,0.00,0.00,0.00,0.00
1263.67,40.73,31.67,36.00,20.00,MAN,10,100,0,30071.43,0.00,-4.29,30075.72,0.00,0.00,0.00,0.00
1264.67,40.73,31.67,36.00,20.00,MAN,10,100,0,30071.43,0.00,-4.29,30075.72,0.00,0.00,0.00,0.00
1265.67,40.74,31.67,36.00,20.00,MAN,10,100,0,30071.43,0.00,-4.29,30075.72,0.00,0.00,0.00,0.00
1266.67,40.74,31.67,36.00,20.00,MAN,10,100,0,30071.43,0.00,-4.29,30075.72,0.00,0.00,0.00,0.00
1267.68,40.74,31.67,36.00,20.00,MAN,10,100,0,30071.43,0.00,-4.29,30075.72,0.00,0.00,0.00,0.00
1268.68,40.74,31.67,36.00,20.00,MAN,10,100,0,30071.43,0.00,-4.29,30075.72,0.00,0.00,0.00,0.00
1269.68,40.74,31.67,36.00,20.00,MAN,10,100,0,30071.43,0.00,-4.29,30075.72,0.00,0.00,0.00,0.00
1270.68,40.74,31.67,36.00,20.00,MAN,10,100,0,30071.43,0.00,-4.29,30075.72,0.00,0.00,0.00,0.00
1271.68,40.74,31.67,36.00,20.00,MAN,10,100,0,30071.43,0.00,-4.29,30075.72,0.00,0.00,0.00,0.00
1272.68,40.74,31.67,36.00,20.00,MAN,10,100,0,30071.43,0.00,-4.29,30075.72,0.00,0.00,0.00,0.00
1273.68,40.74,31.67,36.00,20.00,MAN,10,100,0,30071.43,0.00,-4.29,30075.72,0.00,0.00,0.00,0.00
1274.68,40.75,31.67,36.00,20.00,MAN,10,100,0,30071.43,0.00,-4.29,30075.72,0.00,0.00,0.00,0.00
1275.69,40.76,31.67,36.00,20.00,MAN,10,100,0,30071.43,0.00,-4.29,30075.72,0.00,0.00,0.00,0.00
1276.69,40.77,31.67,36.00,20.00,MAN,10,100,0,30071.43,0.00,-4.29,30075.72,0.00,0.00,0.00,0.00
1277.69,40.77,31.67,36.00,20.00,MAN,10,100,0,30071.43,0.00,-4.29,30075.72,0.00,0.00,0.00,0.00
1278.69,40.77,31.67,36.00,20.00,MAN,10,100,0,30071.43,0.00,-4.29,30075.72,0.00,0.00,0.00,0.00
1279.69,40.77,31.67,36.00,20.00,MAN,10,100,0,30071.43,0.00,-4.29,30075.72,0.00,0.00,0.00,0.00
1280.69,40.78,31.67,36.00,20.00,MAN,10,100,0,30071.43,0.00,-4.29,30075.72,0.00,0.00,0.00,0.00
1281.70,40.78,31.67,36.00,20.00,MAN,10,100,0,30071.43,0.00,-4.29,30075.72,0.00,0.00,0.00,0.00
1282.70,40.78,31.67,36.00,20.00,MAN,10,100,0,30071.43,0.00,-4.29,30075.72,0.00,0.00,0.00,0.00
1283.70,40.78,31.67,36.00,20.00,MAN,10,100,0,30071.43,0.00,-4.29,30075.72,0.00,0.00,0.00,0.00
1284.70,40.80,31.67,36.00,20.00,MAN,10,100,0,30071.43,0.00,-4.29,30075.72,0.00,0.00,0.00,0.00
1285.70,40.80,31.67,36.00,20.00,MAN,10,100,0,30071.43,0.00,-4.29,30075.72,0.00,0.00,0.00,0.00
1286.70,40.80,31.67,36.00,20.00,MAN,10,100,0,30071.43,0.00,-4.29,30075.72,0.00,0.00,0.00,0.00
1287.71,40.80,31.67,36.00,20.00,MAN,10,100,0,30071.43,0.00,-4.29,30075.72,0.00,0.00,0.00,0.00
1288.71,40.80,31.67,36.00,20.00,MAN,10,100,0,30071.43,0.00,-4.29,30075.72,0.00,0.00,0.00,0.00
1289.71,40.80,31.67,36.00,20.00,MAN,10,100,0,30071.43,0.00,-4.29,30075.72,0.00,0.00,0.00,0.00
1290.71,40.81,31.67,36.00,20.00,MAN,10,100,0,30071.43,0.00,-4.29,30075.72,0.00,0.00,0.00,0.00
1291.71,40.82,31.67,36.00,20.00,MAN,10,100,0,30071.43,0.00,-4.29,30075.72,0.00,0.00,0.00,0.00
1292.71,40.82,31.69,36.00,20.00,MAN,10,100,0,30071.43,0.00,-4.29,30075.72,0.00,0.00,0.00,0.00
1293.71,40.82,31.69,36.00,20.00,MAN,10,100,0,30071.43,0.00,-4.29,30075.72,0.00,0.00,0.00,0.00
1294.72,40.83,31.69,36.00,20.00,MAN,10,100,0,30071.43,0.00,-4.29,30075.72,0.00,0.00,0.00,0.00
1295.72,40.83,31.69,36.00,20.00,MAN,10,100,0,30071.43,0.00,-4.29,30075.72,0.00,0.00,0.00,0.00
1296.72,40.83,31.69,36.00,20.00,MAN,10,100,0,30071.43,0.00,-4.29,30075.72,0.00,0.00,0.00,0.00
1297.72,40.83,31.69,36.00,20.00,MAN,10,100,0,30071.43,0.00,-4.29,30075.72,0.00,0.00,0.00,0.00
1298.72,40.84,31.69,36.00,20.00,MAN,10,100,0,30071.43,0.00,-4.29,30075.72,0.00,0.00,0.00,0.00
1299.73,40.84,31.69,36.00,20.00,MAN,10,100,0,30071.43,0.00,-4.29,30075.72,0.00,0.00,0.00,0.00
1300.73,40.84,31.69,36.00,20.00,MAN,10,100,0,30071.43,0.00,-4.29,30075.72,0.00,0.00,0.00,0.00
1301.73,40.85,31.69,36.00,20.00,MAN,10,100,0,30071.43,0.00,-4.29,30075.72,0.00,0.00,0.00,0.00
1302.73,40.85,31.69,36.00,20.00,MAN,10,100,0,30071.43,0.00,-4.29,30075.72,0.00,0.00,0.00,0.00
1303.73,40.85,31.69,36.00,20.00,MAN,10,100,0,30071.43,0.00,-4.29,30075.72,0.00,0.00,0.00,0.00
1304.73,40.86,31.69,36.00,20.00,MAN,10,100,0,30071.43,0.00,-4.29,30075.72,0.00,0.00,0.00,0.00
1305.74,40.86,31.69,36.00,20.00,MAN,10,100,0,30071.43,0.00,-4.29,30075.72,0.00,0.00,0.00,0.00
1306.74,40.86,31.65,36.00,20.00,MAN,10,100,0,30071.43,0.00,-4.29,30075.72,0.00,0.00,0.00,0.00
1307.74,40.88,31.69,36.00,20.00,MAN,10,100,0,30071.43,0.00,-4.29,30075.72,0.00,0.00,0.00,0.00
1308.74,40.88,31.65,36.00,20.00,MAN,10,100,0,30071.43,0.00,-4.29,30075.72,0.00,0.00,0.00,0.00
1309.74,40.88,31.65,36.00,20.00,MAN,10,100,0,30071.43,0.00,-4.29,30075.72,0.00,0.00,0.00,0.00
1310.74,40.88,31.65,36.00,20.00,MAN,10,100,0,30071.43,0.00,-4.29,30075.72,0.00,0.00,0.00,0.00
1311.74,40.89,31.65,36.00,20.00,MAN,10,100,0,30071.43,0.00,-4.29,30075.72,0.00,0.00,0.00,0.00
1312.75,40.88,31.65,36.00,20.00,MAN,10,100,0,30071.43,0.00,-4.29,30075.72,0.00,0.00,0.00,0.00
1313.75,40.90,31.65,36.00,20.00,MAN,10,100,0,30071.43,0.00,-4.29,30075.72,0.00,0.00,0.00,0.00
1314.75,40.90,31.65,36.00,20.00,MAN,10,100,0,30071.43,0.00,-4.29,30075.72,0.00,0.00,0.00,0.00
1315.75,40.90,31.65,36.00,20.00,MAN,10,100,0,30071.43,0.00,-4.29,30075.72,0.00,0.00,0.00,0.00
1316.75,40.91,31.65,36.00,20.00,MAN,10,100,0,30071.43,0.00,-4.29,30075.72,0.00,0.00,0.00,0.00
1317.75,40.91,31.65,36.00,20.00,MAN,10,100,0,30071.43,0.00,-4.29,30075.72,0.00,0.00,0.00,0.00
1318.76,40.91,31.65,36.00,20.00,MAN,10,100,0,30071.43,0.00,-4.29,30075.72,0.00,0.00,0.00,0.00
1319.76,40.92,31.65,36.00,20.00,MAN,10,100,0,30071.43,0.00,-4.29,30075.72,0.00,0.00,0.00,0.00
1320.76,40.92,31.65,36.00,20.00,MAN,10,100,0,30071.43,0.00,-4.29,30075.72,0.00,0.00,0.00,0.00
1321.76,40.92,31.65,36.00,20.00,MAN,10,100,0,30071.43,0.00,-4.29,30075.72,0.00,0.00,0.00,0.00
1322.76,40.95,31.65,36.00,20.00,MAN,10,100,0,30071.43,0.00,-4.29,30075.72,0.00,0.00,0.00,0.00
1323.76,40.95,31.65,36.00,20.00,MAN,10,100,0,30071.43,0.00,-4.29,30075.72,0.00,0.00,0.00,0.00
1324.76,40.95,31.65,36.00,20.00,MAN,10,100,0,30071.43,0.00,-4.29,30075.72,0.00,0.00,0.00,0.00
1325.77,40.96,31.65,36.00,20.00,MAN,10,100,0,30071.43,0.00,-4.29,30075.72,0.00,0.00,0.00,0.00
1326.77,40.96,31.65,36.00,20.00,MAN,10,100,0,30071.43,0.00,-4.29,30075.72,0.00,0.00,0.00,0.00
1327.77,40.97,31.65,36.00,20.00,MAN,10,100,0,30071.43,0.00,-4.29,30075.72,0.00,0.00,0.00,0.00
1328.77,40.97,31.61,36.00,20.00,MAN,10,100,0,30071.43,0.00,-4.29,30075.72,0.00,0.00,0.00,0.00
1329.77,40.97,31.65,36.00,20.00,MAN,10,100,0,30071.43,0.00,-4.29,30075.72,0.00,0.00,0.00,0.00
1330.77,40.97,31.65,36.00,20.00,MAN,10,100,0,30071.43,0.00,-4.29,30075.72,0.00,0.00,0.00,0.00
1331.78,40.98,31.65,36.00,20.00,MAN,10,100,0,30071.43,0.00,-4.29,30075.72,0.00,0.00,0.00,0.00
1332.78,40.98,31.61,36.00,20.00,MAN,10,100,0,30071.43,0.00,-4.29,30075.72,0.00,0.00,0.00,0.00
1333.78,40.99,31.63,36.00,20.00,MAN,10,100,0,30071.43,0.00,-4.29,30075.72,0.00,0.00,0.00,0.00
1334.78,41.00,31.63,36.00,20.00,MAN,10,100,0,30071.43,0.00,-4.29,30075.72,0.00,0.00,0.00,0.00
1335.78,41.00,31.63,36.00,20.00,MAN,10,100,0,30071.43,0.00,-4.29,30075.72,0.00,0.00,0.00,0.00
1336.78,41.01,31.63,36.00,20.00,MAN,10,100,0,30071.43,0.00,-4.29,30075.72,0.00,0.00,0.00,0.00
1337.78,41.01,31.63,36.00,20.00,MAN,10,100,0,30071.43,0.00,-4.29,30075.72,0.00,0.00,0.00,0.00
1338.79,41.02,31.63,36.00,20.00,MAN,10,100,0,30071.43,0.00,-4.29,30075.72,0.00,0.00,0.00,0.00
1339.79,41.02,31.63,36.00,20.00,MAN,10,100,0,30071.43,0.00,-4.29,30075.72,0.00,0.00,0.00,0.00
1340.79,41.03,31.63,36.00,20.00,MAN,10,100,0,30071.43,0.00,-4.29,30075.72,0.00,0.00,0.00,0.00
1341.79,41.03,31.63,36.00,20.00,MAN,10,100,0,30071.43,0.00,-4.29,30075.72,0.00,0.00,0.00,0.00
1342.79,41.03,31.63,36.00,20.00,MAN,10,100,0,30071.43,0.00,-4.29,30075.72,0.00,0.00,0.00,0.00
1343.79,41.03,31.63,36.00,20.00,MAN,10,100,0,30071.43,0.00,-4.29,30075.72,0.00,0.00,0.00,0.00
1344.80,41.04,31.63,36.00,20.00,MAN,10,100,0,30071.43,0.00,-4.29,30075.72,0.00,0.00,0.00,0.00
1345.80,41.05,31.59,36.00,20.00,MAN,10,100,0,30071.43,0.00,-4.29,30075.72,0.00,0.00,0.00,0.00
1346.80,41.07,31.59,36.00,20.00,MAN,10,100,0,30071.43,0.00,-4.29,30075.72,0.00,0.00,0.00,0.00
1347.80,41.07,31.59,36.00,20.00,MAN,10,100,0,30071.43,0.00,-4.29,30075.72,0.00,0.00,0.00,0.00
1348.80,41.07,31.59,36.00,20.00,MAN,10,100,0,30071.43,0.00,-4.29,30075.72,0.00,0.00,0.00,0.00
1349.81,41.09,31.59,36.00,20.00,MAN,10,100,0,30071.43,0.00,-4.29,30075.72,0.00,0.00,0.00,0.00
1350.81,41.09,31.59,36.00,20.00,MAN,10,100,0,30071.43,0.00,-4.29,30075.72,0.00,0.00,0.00,0.00
1351.81,41.10,31.59,36.00,20.00,MAN,10,100,0,30071.43,0.00,-4.29,30075.72,0.00,0.00,0.00,0.00
1352.81,41.10,31.59,36.00,20.00,MAN,10,100,0,30071.43,0.00,-4.29,30075.72,0.00,0.00,0.00,0.00
1353.81,41.11,31.59,36.00,20.00,MAN,10,100,0,30071.43,0.00,-4.29,30075.72,0.00,0.00,0.00,0.00
1354.81,41.12,31.54,36.00,20.00,MAN,10,100,0,30071.43,0.00,-4.29,30075.72,0.00,0.00,0.00,0.00
1355.81,41.12,31.54,36.00,20.00,MAN,10,100,0,30071.43,0.00,-4.29,30075.72,0.00,0.00,0.00,0.00
1356.81,41.12,31.54,36.00,20.00,MAN,10,100,0,30071.43,0.00,-4.29,30075.72,0.00,0.00,0.00,0.00
1357.82,41.13,31.54,36.00,20.00,MAN,10,100,0,30071.43,0.00,-4.29,30075.72,0.00,0.00,0.00,0.00
1358.82,41.15,31.54,36.00,20.00,MAN,10,100,0,30071.43,0.00,-4.29,30075.72,0.00,0.00,0.00,0.00
1359.82,41.15,31.54,36.00,20.00,MAN,10,100,0,30071.43,0.00,-4.29,30075.72,0.00,0.00,0.00,0.00
1360.82,41.15,31.54,36.00,20.00,MAN,10,100,0,30071.43,0.00,-4.29,30075.72,0.00,0.00,0.00,0.00
1361.82,41.16,31.54,36.00,20.00,MAN,10,100,0,30071.43,0.00,-4.29,30075.72,0.00,0.00,0.00,0.00
1362.83,41.16,31.56,36.00,20.00,MAN,10,100,0,30071.43,0.00,-4.29,30075.72,0.00,0.00,0.00,0.00
1363.83,41.16,31.56,36.00,20.00,MAN,10,100,0,30071.43,0.00,-4.29,30075.72,0.00,0.00,0.00,0.00
1364.83,41.17,31.56,36.00,20.00,MAN,10,100,0,30071.43,0.00,-4.29,30075.72,0.00,0.00,0.00,0.00
1365.83,41.17,31.56,36.00,20.00,MAN,10,100,0,30071.43,0.00,-4.29,30075.72,0.00,0.00,0.00,0.00
1366.83,41.18,31.56,36.00,20.00,MAN,10,100,0,30071.43,0.00,-4.29,30075.72,0.00,0.00,0.00,0.00
1367.83,41.18,31.52,36.00,20.00,MAN,10,100,0,30071.43,0.00,-4.29,30075.72,0.00,0.00,0.00,0.00
1368.84,41.18,31.56,36.00,20.00,MAN,10,100,0,30071.43,0.00,-4.29,30075.72,0.00,0.00,0.00,0.00
1369.84,41.19,31.52,36.00,20.00,MAN,10,100,0,30071.43,0.00,-4.29,30075.72,0.00,0.00,0.00,0.00
1370.84,41.20,31.52,36.00,20.00,MAN,10,100,0,30071.43,0.00,-4.29,30075.72,0.00,0.00,0.00,0.00
1371.84,41.20,31.52,36.00,20.00,MAN,10,100,0,30071.43,0.00,-4.29,30075.72,0.00,0.00,0.00,0.00
1372.84,41.20,31.52,36.00,20.00,MAN,10,100,0,30071.43,0.00,-4.29,30075.72,0.00,0.00,0.00,0.00
1373.84,41.21,31.52,36.00,20.00,MAN,10,100,0,30071.43,0.00,-4.29,30075.72,0.00,0.00,0.00,0.00
1374.84,41.22,31.52,36.00,20.00,MAN,10,100,0,30071.43,0.00,-4.29,30075.72,0.00,0.00,0.00,0.00
1375.84,41.24,31.52,36.00,20.00,MAN,10,100,0,30071.43,0.00,-4.29,30075.72,0.00,0.00,0.00,0.00
1376.85,41.24,31.52,36.00,20.00,MAN,10,100,0,30071.43,0.00,-4.29,30075.72,0.00,0.00,0.00,0.00
1377.85,41.24,31.52,36.00,20.00,MAN,10,100,0,30071.43,0.00,-4.29,30075.72,0.00,0.00,0.00,0.00
1378.85,41.25,31.52,36.00,20.00,MAN,10,100,0,30071.43,0.00,-4.29,30075.72,0.00,0.00,0.00,0.00
1379.85,41.25,31.52,36.00,20.00,MAN,10,100,0,30071.43,0.00,-4.29,30075.72,0.00,0.00,0.00,0.00
1380.85,41.25,31.52,36.00,20.00,MAN,10,100,0,30071.43,0.00,-4.29,30075.72,0.00,0.00,0.00,0.00
1381.86,41.25,31.52,36.00,20.00,MAN,10,100,0,30071.43,0.00,-4.29,30075.72,0.00,0.00,0.00,0.00
1382.86,41.25,31.52,36.00,20.00,MAN,10,100,0,30071.43,0.00,-4.29,30075.72,0.00,0.00,0.00,0.00
1383.86,41.25,31.52,36.00,20.00,MAN,10,100,0,30071.43,0.00,-4.29,30075.72,0.00,0.00,0.00,0.00
1384.86,41.26,31.52,36.00,20.00,MAN,10,100,0,30071.43,0.00,-4.29,30075.72,0.00,0.00,0.00,0.00
1385.86,41.26,31.52,36.00,20.00,MAN,10,100,0,30071.43,0.00,-4.29,30075.72,0.00,0.00,0.00,0.00
1386.86,41.25,31.52,36.00,20.00,MAN,10,100,0,30071.43,0.00,-4.29,30075.72,0.00,0.00,0.00,0.00
1387.86,41.25,31.52,36.00,20.00,MAN,10,100,0,30071.43,0.00,-4.29,30075.72,0.00,0.00,0.00,0.00
1388.87,41.26,31.52,36.00,20.00,MAN,10,100,0,30071.43,0.00,-4.29,30075.72,0.00,0.00,0.00,0.00
1389.87,41.26,31.52,36.00,20.00,MAN,10,100,0,30071.43,0.00,-4.29,30075.72,0.00,0.00,0.00,0.00
1390.87,41.26,31.52,36.00,20.00,MAN,10,100,0,30071.43,0.00,-4.29,30075.72,0.00,0.00,0.00,0.00
1391.87,41.26,31.52,36.00,20.00,MAN,10,100,0,30071.43,0.00,-4.29,30075.72,0.00,0.00,0.00,0.00
1392.87,41.26,31.52,36.00,20.00,MAN,10,100,0,30071.43,0.00,-4.29,30075.72,0.00,0.00,0.00,0.00
1393.87,41.26,31.52,36.00,20.00,MAN,10,100,0,30071.43,0.00,-4.29,30075.72,0.00,0.00,0.00,0.00
1394.88,41.27,31.56,36.00,20.00,MAN,10,100,0,30071.43,0.00,-4.29,30075.72,0.00,0.00,0.00,0.00
1395.88,41.28,31.52,36.00,20.00,MAN,10,100,0,30071.43,0.00,-4.29,30075.72,0.00,0.00,0.00,0.00
1396.88,41.29,31.52,36.00,20.00,MAN,10,100,0,30071.43,0.00,-4.29,30075.72,0.00,0.00,0.00,0.00
1397.88,41.29,31.52,36.00,20.00,MAN,10,100,0,30071.43,0.00,-4.29,30075.72,0.00,0.00,0.00,0.00
1398.88,41.29,31.52,36.00,20.00,MAN,10,100,0,30071.43,0.00,-4.29,30075.72,0.00,0.00,0.00,0.00
1399.88,41.28,31.52,36.00,20.00,MAN,10,100,0,30071.43,0.00,-4.29,30075.72,0.00,0.00,0.00,0.00
1400.89,41.29,31.52,36.00,20.00,MAN,10,100,0,30071.43,0.00,-4.29,30075.72,0.00,0.00,0.00,0.00
1401.89,41.29,31.52,36.00,20.00,MAN,10,100,0,30071.43,0.00,-4.29,30075.72,0.00,0.00,0.00,0.00
1402.89,41.29,31.52,36.00,20.00,MAN,10,100,0,30071.43,0.00,-4.29,30075.72,0.00,0.00,0.00,0.00
1403.89,41.29,31.52,36.00,20.00,MAN,10,100,0,30071.43,0.00,-4.29,30075.72,0.00,0.00,0.00,0.00
1404.89,41.29,31.52,36.00,20.00,MAN,10,100,0,30071.43,0.00,-4.29,30075.72,0.00,0.00,0.00,0.00
1405.89,41.30,31.52,36.00,20.00,MAN,10,100,0,30071.43,0.00,-4.29,30075.72,0.00,0.00,0.00,0.00
1406.90,41.31,31.54,36.00,20.00,MAN,10,100,0,30071.43,0.00,-4.29,30075.72,0.00,0.00,0.00,0.00
1407.90,41.31,31.52,36.00,20.00,MAN,10,100,0,30071.43,0.00,-4.29,30075.72,0.00,0.00,0.00,0.00
1408.90,41.30,31.54,36.00,20.00,MAN,10,100,0,30071.43,0.00,-4.29,30075.72,0.00,0.00,0.00,0.00
1409.90,41.30,31.52,36.00,20.00,MAN,10,100,0,30071.43,0.00,-4.29,30075.72,0.00,0.00,0.00,0.00
1410.90,41.31,31.54,36.00,20.00,MAN,10,100,0,30071.43,0.00,-4.29,30075.72,0.00,0.00,0.00,0.00
1411.90,41.31,31.54,36.00,20.00,MAN,10,100,0,30071.43,0.00,-4.29,30075.72,0.00,0.00,0.00,0.00
1412.90,41.32,31.54,36.00,20.00,MAN,10,100,0,30071.43,0.00,-4.29,30075.72,0.00,0.00,0.00,0.00
1413.91,41.32,31.54,36.00,20.00,MAN,10,100,0,30071.43,0.00,-4.29,30075.72,0.00,0.00,0.00,0.00
1414.91,41.33,31.54,36.00,20.00,MAN,10,100,0,30071.43,0.00,-4.29,30075.72,0.00,0.00,0.00,0.00
1415.91,41.33,31.54,36.00,20.00,MAN,10,100,0,30071.43,0.00,-4.29,30075.72,0.00,0.00,0.00,0.00
1416.91,41.34,31.54,36.00,20.00,MAN,10,100,0,30071.43,0.00,-4.29,30075.72,0.00,0.00,0.00,0.00
1417.91,41.34,31.54,36.00,20.00,MAN,10,100,0,30071.43,0.00,-4.29,30075.72,0.00,0.00,0.00,0.00
1418.91,41.35,31.54,36.00,20.00,MAN,10,100,0,30071.43,0.00,-4.29,30075.72,0.00,0.00,0.00,0.00
1419.92,41.35,31.54,36.00,20.00,MAN,10,100,0,30071.43,0.00,-4.29,30075.72,0.00,0.00,0.00,0.00
1420.92,41.37,31.54,36.00,20.00,MAN,10,100,0,30071.43,0.00,-4.29,30075.72,0.00,0.00,0.00,0.00
1421.92,41.37,31.54,36.00,20.00,MAN,10,100,0,30071.43,0.00,-4.29,30075.72,0.00,0.00,0.00,0.00
1422.92,41.37,31.54,36.00,20.00,MAN,10,100,0,30071.43,0.00,-4.29,30075.72,0.00,0.00,0.00,0.00
1423.92,41.37,31.54,36.00,20.00,MAN,10,100,0,30071.43,0.00,-4.29,30075.72,0.00,0.00,0.00,0.00
1424.92,41.37,31.54,36.00,20.00,MAN,10,100,0,30071.43,0.00,-4.29,30075.72,0.00,0.00,0.00,0.00
1425.93,41.39,31.54,36.00,20.00,MAN,10,100,0,30071.43,0.00,-4.29,30075.72,0.00,0.00,0.00,0.00
1426.93,41.40,31.54,36.00,20.00,MAN,10,100,0,30071.43,0.00,-4.29,30075.72,0.00,0.00,0.00,0.00
1427.93,41.40,31.54,36.00,20.00,MAN,10,100,0,30071.43,0.00,-4.29,30075.72,0.00,0.00,0.00,0.00
1428.93,41.40,31.54,36.00,20.00,MAN,10,100,0,30071.43,0.00,-4.29,30075.72,0.00,0.00,0.00,0.00
1429.93,41.40,31.54,36.00,20.00,MAN,10,100,0,30071.43,0.00,-4.29,30075.72,0.00,0.00,0.00,0.00
1430.93,41.42,31.54,36.00,20.00,MAN,10,100,0,30071.43,0.00,-4.29,30075.72,0.00,0.00,0.00,0.00
1431.94,41.42,31.50,36.00,20.00,MAN,10,100,0,30071.43,0.00,-4.29,30075.72,0.00,0.00,0.00,0.00
1432.94,41.43,31.50,36.00,20.00,MAN,10,100,0,30071.43,0.00,-4.29,30075.72,0.00,0.00,0.00,0.00
1433.94,41.44,31.50,36.00,20.00,MAN,10,100,0,30071.43,0.00,-4.29,30075.72,0.00,0.00,0.00,0.00
1434.94,41.43,31.50,36.00,20.00,MAN,10,100,0,30071.43,0.00,-4.29,30075.72,0.00,0.00,0.00,0.00
1435.94,41.44,31.50,36.00,20.00,MAN,10,100,0,30071.43,0.00,-4.29,30075.72,0.00,0.00,0.00,0.00
1436.94,41.45,31.50,36.00,20.00,MAN,10,100,0,30071.43,0.00,-4.29,30075.72,0.00,0.00,0.00,0.00
1437.94,41.45,31.50,36.00,20.00,MAN,10,100,0,30071.43,0.00,-4.29,30075.72,0.00,0.00,0.00,0.00
1438.95,41.48,31.50,36.00,20.00,MAN,10,100,0,30071.43,0.00,-4.29,30075.72,0.00,0.00,0.00,0.00
1439.95,41.48,31.50,36.00,20.00,MAN,10,100,0,30071.43,0.00,-4.29,30075.72,0.00,0.00,0.00,0.00
1440.95,41.47,31.50,36.00,20.00,MAN,10,100,0,30071.43,0.00,-4.29,30075.72,0.00,0.00,0.00,0.00
1441.95,41.48,31.50,36.00,20.00,MAN,10,100,0,30071.43,0.00,-4.29,30075.72,0.00,0.00,0.00,0.00
1442.95,41.50,31.50,36.00,20.00,MAN,10,100,0,30071.43,0.00,-4.29,30075.72,0.00,0.00,0.00,0.00
1443.95,41.50,31.50,36.00,20.00,MAN,10,100,0,30071.43,0.00,-4.29,30075.72,0.00,0.00,0.00,0.00
1444.96,41.50,31.50,36.00,20.00,MAN,10,100,0,30071.43,0.00,-4.29,30075.72,0.00,0.00,0.00,0.00
1445.96,41.50,31.50,36.00,20.00,MAN,10,100,0,30071.43,0.00,-4.29,30075.72,0.00,0.00,0.00,0.00
1446.96,41.50,31.50,36.00,20.00,MAN,10,100,0,30071.43,0.00,-4.29,30075.72,0.00,0.00,0.00,0.00
1447.96,41.50,31.50,36.00,20.00,MAN,10,100,0,30071.43,0.00,-4.29,30075.72,0.00,0.00,0.00,0.00
1448.96,41.50,31.50,36.00,20.00,MAN,10,100,0,30071.43,0.00,-4.29,30075.72,0.00,0.00,0.00,0.00
1449.96,41.50,31.50,36.00,20.00,MAN,10,100,0,30071.43,0.00,-4.29,30075.72,0.00,0.00,0.00,0.00
1450.97,41.50,31.50,36.00,20.00,MAN,10,100,0,30071.43,0.00,-4.29,30075.72,0.00,0.00,0.00,0.00
1451.97,41.50,31.50,36.00,20.00,MAN,10,100,0,30071.43,0.00,-4.29,30075.72,0.00,0.00,0.00,0.00
1452.97,41.50,31.50,36.00,20.00,MAN,10,100,0,30071.43,0.00,-4.29,30075.72,0.00,0.00,0.00,0.00
1453.97,41.50,31.50,36.00,20.00,MAN,10,100,0,30071.43,0.00,-4.29,30075.72,0.00,0.00,0.00,0.00
1454.97,41.50,31.50,36.00,20.00,MAN,10,100,0,30071.43,0.00,-4.29,30075.72,0.00,0.00,0.00,0.00
1455.97,41.51,31.51,36.00,20.00,MAN,10,100,0,30071.43,0.00,-4.29,30075.72,0.00,0.00,0.00,0.00
1456.97,41.51,31.47,36.00,20.00,MAN,10,100,0,30071.43,0.00,-4.29,30075.72,0.00,0.00,0.00,0.00
1457.98,41.51,31.47,36.00,20.00,MAN,10,100,0,30071.43,0.00,-4.29,30075.72,0.00,0.00,0.00,0.00
1458.98,41.51,31.47,36.00,20.00,MAN,10,100,0,30071.43,0.00,-4.29,30075.72,0.00,0.00,0.00,0.00
1459.98,41.51,31.47,36.00,20.00,MAN,10,100,0,30071.43,0.00,-4.29,30075.72,0.00,0.00,0.00,0.00
1460.98,41.51,31.47,36.00,20.00,MAN,10,100,0,30071.43,0.00,-4.29,30075.72,0.00,0.00,0.00,0.00
1461.98,41.51,31.47,36.00,20.00,MAN,10,100,0,30071.43,0.00,-4.29,30075.72,0.00,0.00,0.00,0.00
1462.98,41.51,31.47,36.00,20.00,MAN,10,100,0,30071.43,0.00,-4.29,30075.72,0.00,0.00,0.00,0.00
1463.99,41.51,31.47,36.00,20.00,MAN,10,100,0,30071.43,0.00,-4.29,30075.72,0.00,0.00,0.00,0.00
1464.99,41.51,31.47,36.00,20.00,MAN,10,100,0,30071.43,0.00,-4.29,30075.72,0.00,0.00,0.00,0.00
1465.99,41.51,31.47,36.00,20.00,MAN,10,100,0,30071.43,0.00,-4.29,30075.72,0.00,0.00,0.00,0.00
1466.99,41.51,31.47,36.00,20.00,MAN,10,100,0,30071.43,0.00,-4.29,30075.72,0.00,0.00,0.00,0.00
1467.99,41.51,31.47,36.00,20.00,MAN,10,100,0,30071.43,0.00,-4.29,30075.72,0.00,0.00,0.00,0.00
1468.99,41.51,31.47,36.00,20.00,MAN,10,100,0,30071.43,0.00,-4.29,30075.72,0.00,0.00,0.00,0.00
1470.00,41.51,31.47,36.00,20.00,MAN,10,100,0,30071.43,0.00,-4.29,30075.72,0.00,0.00,0.00,0.00
1471.00,41.51,31.47,36.00,20.00,MAN,10,100,0,30071.43,0.00,-4.29,30075.72,0.00,0.00,0.00,0.00
1472.00,41.51,31.47,36.00,20.00,MAN,10,100,0,30071.43,0.00,-4.29,30075.72,0.00,0.00,0.00,0.00
1473.00,41.52,31.47,36.00,20.00,MAN,10,100,0,30071.43,0.00,-4.29,30075.72,0.00,0.00,0.00,0.00
1474.00,41.52,31.47,36.00,20.00,MAN,10,100,0,30071.43,0.00,-4.29,30075.72,0.00,0.00,0.00,0.00
1475.00,41.51,31.47,36.00,20.00,MAN,10,100,0,30071.43,0.00,-4.29,30075.72,0.00,0.00,0.00,0.00
1476.00,41.51,31.47,36.00,20.00,MAN,10,100,0,30071.43,0.00,-4.29,30075.72,0.00,0.00,0.00,0.00
1477.01,41.52,31.47,36.00,20.00,MAN,10,100,0,30071.43,0.00,-4.29,30075.72,0.00,0.00,0.00,0.00
1478.01,41.55,31.47,36.00,20.00,MAN,10,100,0,30071.43,0.00,-4.29,30075.72,0.00,0.00,0.00,0.00
1479.01,41.55,31.47,36.00,20.00,MAN,10,100,0,30071.43,0.00,-4.29,30075.72,0.00,0.00,0.00,0.00
1480.01,41.55,31.47,36.00,20.00,MAN,10,100,0,30071.43,0.00,-4.29,30075.72,0.00,0.00,0.00,0.00
1481.01,41.55,31.47,36.00,20.00,MAN,10,100,0,30071.43,0.00,-4.29,30075.72,0.00,0.00,0.00,0.00
1482.02,41.55,31.47,36.00,20.00,MAN,10,100,0,30071.43,0.00,-4.29,30075.72,0.00,0.00,0.00,0.00
1483.02,41.56,31.47,36.00,20.00,MAN,10,100,0,30071.43,0.00,-4.29,30075.72,0.00,0.00,0.00,0.00
1484.02,41.56,31.47,36.00,20.00,MAN,10,100,0,30071.43,0.00,-4.29,30075.72,0.00,0.00,0.00,0.00
1485.02,41.58,31.47,36.00,20.00,MAN,10,100,0,30071.43,0.00,-4.29,30075.72,0.00,0.00,0.00,0.00
1486.02,41.59,31.47,36.00,20.00,MAN,10,100,0,30071.43,0.00,-4.29,30075.72,0.00,0.00,0.00,0.00
1487.03,41.59,31.47,36.00,20.00,MAN,10,100,0,30071.43,0.00,-4.29,30075.72,0.00,0.00,0.00,0.00
1488.02,41.59,31.47,36.00,20.00,MAN,10,100,0,30071.43,0.00,-4.29,30075.72,0.00,0.00,0.00,0.00
1489.02,41.60,31.43,36.00,20.00,MAN,10,100,0,30071.43,0.00,-4.29,30075.72,0.00,0.00,0.00,0.00
1490.03,41.60,31.43,36.00,20.00,MAN,10,100,0,30071.43,0.00,-4.29,30075.72,0.00,0.00,0.00,0.00
1491.03,41.59,31.43,36.00,20.00,MAN,10,100,0,30071.43,0.00,-4.29,30075.72,0.00,0.00,0.00,0.00
1492.03,41.60,31.47,36.00,20.00,MAN,10,100,0,30071.43,0.00,-4.29,30075.72,0.00,0.00,0.00,0.00
1493.03,41.59,31.47,36.00,20.00,MAN,10,100,0,30071.43,0.00,-4.29,30075.72,0.00,0.00,0.00,0.00
1494.03,41.60,31.47,36.00,20.00,MAN,10,100,0,30071.43,0.00,-4.29,30075.72,0.00,0.00,0.00,0.00
1495.03,41.60,31.47,36.00,20.00,MAN,10,100,0,30071.43,0.00,-4.29,30075.72,0.00,0.00,0.00,0.00
1496.04,41.60,31.47,36.00,20.00,MAN,10,100,0,30071.43,0.00,-4.29,30075.72,0.00,0.00,0.00,0.00
1497.04,41.59,31.47,36.00,20.00,MAN,10,100,0,30071.43,0.00,-4.29,30075.72,0.00,0.00,0.00,0.00
1498.04,41.60,31.47,36.00,20.00,MAN,10,100,0,30071.43,0.00,-4.29,30075.72,0.00,0.00,0.00,0.00
1499.04,41.59,31.47,36.00,20.00,MAN,10,100,0,30071.43,0.00,-4.29,30075.72,0.00,0.00,0.00,0.00
1500.04,41.60,31.51,36.00,20.00,MAN,10,100,0,30071.43,0.00,-4.29,30075.72,0.00,0.00,0.00,0.00
1501.04,41.59,31.51,36.00,20.00,MAN,10,100,0,30071.43,0.00,-4.29,30075.72,0.00,0.00,0.00,0.00
1502.04,41.60,31.51,36.00,20.00,MAN,10,100,0,30071.43,0.00,-4.29,30075.72,0.00,0.00,0.00,0.00
1503.05,41.60,31.51,36.00,20.00,MAN,10,100,0,30071.43,0.00,-4.29,30075.72,0.00,0.00,0.00,0.00
1504.05,41.60,31.51,36.00,20.00,MAN,10,100,0,30071.43,0.00,-4.29,30075.72,0.00,0.00,0.00,0.00
1505.05,41.61,31.51,36.00,20.00,MAN,10,100,0,30071.43,0.00,-4.29,30075.72,0.00,0.00,0.00,0.00
1506.05,41.62,31.51,36.00,20.00,MAN,10,100,0,30071.43,0.00,-4.29,30075.72,0.00,0.00,0.00,0.00
1507.05,41.62,31.51,36.00,20.00,MAN,10,100,0,30071.43,0.00,-4.29,30075.72,0.00,0.00,0.00,0.00
1508.06,41.61,31.51,36.00,20.00,MAN,10,100,0,30071.43,0.00,-4.29,30075.72,0.00,0.00,0.00,0.00
1509.06,41.62,31.51,36.00,20.00,MAN,10,100,0,30071.43,0.00,-4.29,30075.72,0.00,0.00,0.00,0.00
1510.06,41.61,31.51,36.00,20.00,MAN,10,100,0,30071.43,0.00,-4.29,30075.72,0.00,0.00,0.00,0.00
1511.06,41.62,31.51,36.00,20.00,MAN,10,100,0,30071.43,0.00,-4.29,30075.72,0.00,0.00,0.00,0.00
1512.06,41.62,31.51,36.00,20.00,MAN,10,100,0,30071.43,0.00,-4.29,30075.72,0.00,0.00,0.00,0.00
1513.06,41.62,31.51,36.00,20.00,MAN,10,100,0,30071.43,0.00,-4.29,30075.72,0.00,0.00,0.00,0.00
1514.07,41.63,31.51,36.00,20.00,MAN,10,100,0,30071.43,0.00,-4.29,30075.72,0.00,0.00,0.00,0.00
1515.06,41.63,31.51,36.00,20.00,MAN,10,100,0,30071.43,0.00,-4.29,30075.72,0.00,0.00,0.00,0.00
1516.07,41.63,31.51,36.00,20.00,MAN,10,100,0,30071.43,0.00,-4.29,30075.72,0.00,0.00,0.00,0.00
1517.07,41.63,31.51,36.00,20.00,MAN,10,100,0,30071.43,0.00,-4.29,30075.72,0.00,0.00,0.00,0.00
1518.07,41.64,31.51,36.00,20.00,MAN,10,100,0,30071.43,0.00,-4.29,30075.72,0.00,0.00,0.00,0.00
1519.08,41.63,31.51,36.00,20.00,MAN,10,100,0,30071.43,0.00,-4.29,30075.72,0.00,0.00,0.00,0.00
1520.07,41.63,31.51,36.00,20.00,MAN,10,100,0,30071.43,0.00,-4.29,30075.72,0.00,0.00,0.00,0.00
1521.08,41.63,31.51,36.00,20.00,MAN,10,100,0,30071.43,0.00,-4.29,30075.72,0.00,0.00,0.00,0.00
1522.08,41.63,31.51,36.00,20.00,MAN,10,100,0,30071.43,0.00,-4.29,30075.72,0.00,0.00,0.00,0.00
1523.08,41.64,31.51,36.00,20.00,MAN,10,100,0,30071.43,0.00,-4.29,30075.72,0.00,0.00,0.00,0.00
1524.08,41.64,31.51,36.00,20.00,MAN,10,100,0,30071.43,0.00,-4.29,30075.72,0.00,0.00,0.00,0.00
1525.08,41.64,31.55,36.00,20.00,MAN,10,100,0,30071.43,0.00,-4.29,30075.72,0.00,0.00,0.00,0.00
1526.08,41.64,31.55,36.00,20.00,MAN,10,100,0,30071.43,0.00,-4.29,30075.72,0.00,0.00,0.00,0.00
1527.09,41.64,31.55,36.00,20.00,MAN,10,100,0,30071.43,0.00,-4.29,30075.72,0.00,0.00,0.00,0.00
1528.09,41.63,31.55,36.00,20.00,MAN,10,100,0,30071.43,0.00,-4.29,30075.72,0.00,0.00,0.00,0.00
1529.09,41.64,31.55,36.00,20.00,MAN,10,100,0,30071.43,0.00,-4.29,30075.72,0.00,0.00,0.00,0.00
1530.09,41.65,31.55,36.00,20.00,MAN,10,100,0,30071.43,0.00,-4.29,30075.72,0.00,0.00,0.00,0.00
1531.09,41.65,31.55,36.00,20.00,MAN,10,100,0,30071.43,0.00,-4.29,30075.72,0.00,0.00,0.00,0.00
1532.09,41.65,31.55,36.00,20.00,MAN,10,100,0,30071.43,0.00,-4.29,30075.72,0.00,0.00,0.00,0.00
1533.10,41.65,31.55,36.00,20.00,MAN,10,100,0,30071.43,0.00,-4.29,30075.72,0.00,0.00,0.00,0.00
1534.10,41.65,31.55,36.00,20.00,MAN,10,100,0,30071.43,0.00,-4.29,30075.72,0.00,0.00,0.00,0.00
1535.10,41.65,31.55,36.00,20.00,MAN,10,100,0,30071.43,0.00,-4.29,30075.72,0.00,0.00,0.00,0.00
1536.10,41.65,31.55,36.00,20.00,MAN,10,100,0,30071.43,0.00,-4.29,30075.72,0.00,0.00,0.00,0.00
1537.10,41.65,31.55,36.00,20.00,MAN,10,100,0,30071.43,0.00,-4.29,30075.72,0.00,0.00,0.00,0.00
1538.10,41.65,31.55,36.00,20.00,MAN,10,100,0,30071.43,0.00,-4.29,30075.72,0.00,0.00,0.00,0.00
1539.10,41.66,31.55,36.00,20.00,MAN,10,100,0,30071.43,0.00,-4.29,30075.72,0.00,0.00,0.00,0.00
1540.11,41.67,31.55,36.00,20.00,MAN,10,100,0,30071.43,0.00,-4.29,30075.72,0.00,0.00,0.00,0.00
1541.11,41.67,31.55,36.00,20.00,MAN,10,100,0,30071.43,0.00,-4.29,30075.72,0.00,0.00,0.00,0.00
1542.11,41.67,31.57,36.00,20.00,MAN,10,100,0,30071.43,0.00,-4.29,30075.72,0.00,0.00,0.00,0.00
1543.11,41.67,31.55,36.00,20.00,MAN,10,100,0,30071.43,0.00,-4.29,30075.72,0.00,0.00,0.00,0.00
1544.11,41.67,31.55,36.00,20.00,MAN,10,100,0,30071.43,0.00,-4.29,30075.72,0.00,0.00,0.00,0.00
1545.11,41.67,31.55,36.00,20.00,MAN,10,100,0,30071.43,0.00,-4.29,30075.72,0.00,0.00,0.00,0.00
1546.12,41.67,31.55,36.00,20.00,MAN,10,100,0,30071.43,0.00,-4.29,30075.72,0.00,0.00,0.00,0.00
1547.12,41.67,31.59,36.00,20.00,MAN,10,100,0,30071.43,0.00,-4.29,30075.72,0.00,0.00,0.00,0.00
1548.12,41.67,31.59,36.00,20.00,MAN,10,100,0,30071.43,0.00,-4.29,30075.72,0.00,0.00,0.00,0.00
1549.12,41.67,31.59,36.00,20.00,MAN,10,100,0,30071.43,0.00,-4.29,30075.72,0.00,0.00,0.00,0.00
1550.12,41.67,31.59,36.00,20.00,MAN,10,100,0,30071.43,0.00,-4.29,30075.72,0.00,0.00,0.00,0.00
1551.13,41.67,31.59,36.00,20.00,MAN,10,100,0,30071.43,0.00,-4.29,30075.72,0.00,0.00,0.00,0.00
1552.13,41.69,31.59,36.00,20.00,MAN,10,100,0,30071.43,0.00,-4.29,30075.72,0.00,0.00,0.00,0.00
1553.13,41.69,31.59,36.00,20.00,MAN,10,100,0,30071.43,0.00,-4.29,30075.72,0.00,0.00,0.00,0.00
1554.13,41.69,31.59,36.00,20.00,MAN,10,100,0,30071.43,0.00,-4.29,30075.72,0.00,0.00,0.00,0.00
1555.13,41.69,31.59,36.00,20.00,MAN,10,100,0,30071.43,0.00,-4.29,30075.72,0.00,0.00,0.00,0.00
1556.13,41.69,31.61,36.00,20.00,MAN,10,100,0,30071.43,0.00,-4.29,30075.72,0.00,0.00,0.00,0.00
1557.13,41.69,31.59,36.00,20.00,MAN,10,100,0,30071.43,0.00,-4.29,30075.72,0.00,0.00,0.00,0.00
1558.14,41.69,31.59,36.00,20.00,MAN,10,100,0,30071.43,0.00,-4.29,30075.72,0.00,0.00,0.00,0.00
1559.14,41.69,31.59,36.00,20.00,MAN,10,100,0,30071.43,0.00,-4.29,30075.72,0.00,0.00,0.00,0.00
1560.14,41.67,31.59,36.00,20.00,MAN,10,100,0,30071.43,0.00,-4.29,30075.72,0.00,0.00,0.00,0.00
1561.14,41.69,31.59,36.00,20.00,MAN,10,100,0,30071.43,0.00,-4.29,30075.72,0.00,0.00,0.00,0.00
1562.14,41.69,31.59,36.00,20.00,MAN,10,100,0,30071.43,0.00,-4.29,30075.72,0.00,0.00,0.00,0.00
1563.14,41.69,31.61,36.00,20.00,MAN,10,100,0,30071.43,0.00,-4.29,30075.72,0.00,0.00,0.00,0.00
1564.15,41.70,31.65,36.00,20.00,MAN,10,100,0,30071.43,0.00,-4.29,30075.72,0.00,0.00,0.00,0.00
1565.15,41.71,31.61,36.00,20.00,MAN,10,100,0,30071.43,0.00,-4.29,30075.72,0.00,0.00,0.00,0.00
1566.15,41.72,31.61,36.00,20.00,MAN,10,100,0,30071.43,0.00,-4.29,30075.72,0.00,0.00,0.00,0.00
1567.15,41.72,31.61,36.00,20.00,MAN,10,100,0,30071.43,0.00,-4.29,30075.72,0.00,0.00,0.00,0.00
1568.15,41.72,31.61,36.00,20.00,MAN,10,100,0,30071.43,0.00,-4.29,30075.72,0.00,0.00,0.00,0.00
1569.15,41.73,31.61,36.00,20.00,MAN,10,100,0,30071.43,0.00,-4.29,30075.72,0.00,0.00,0.00,0.00
1570.15,41.73,31.61,36.00,20.00,MAN,10,100,0,30071.43,0.00,-4.29,30075.72,0.00,0.00,0.00,0.00
1571.15,41.73,31.61,36.00,20.00,MAN,10,100,0,30071.43,0.00,-4.29,30075.72,0.00,0.00,0.00,0.00
1572.16,41.74,31.61,36.00,20.00,MAN,10,100,0,30071.43,0.00,-4.29,30075.72,0.00,0.00,0.00,0.00
1573.16,41.74,31.61,36.00,20.00,MAN,10,100,0,30071.43,0.00,-4.29,30075.72,0.00,0.00,0.00,0.00
1574.16,41.74,31.61,36.00,20.00,MAN,10,100,0,30071.43,0.00,-4.29,30075.72,0.00,0.00,0.00,0.00
1575.16,41.74,31.61,36.00,20.00,MAN,10,100,0,30071.43,0.00,-4.29,30075.72,0.00,0.00,0.00,0.00
1576.16,41.74,31.61,36.00,20.00,MAN,10,100,0,30071.43,0.00,-4.29,30075.72,0.00,0.00,0.00,0.00
1577.17,41.74,31.61,36.00,20.00,MAN,10,100,0,30071.43,0.00,-4.29,30075.72,0.00,0.00,0.00,0.00
1578.17,41.75,31.61,36.00,20.00,MAN,10,100,0,30071.43,0.00,-4.29,30075.72,0.00,0.00,0.00,0.00
1579.17,41.76,31.61,36.00,20.00,MAN,10,100,0,30071.43,0.00,-4.29,30075.72,0.00,0.00,0.00,0.00
1580.17,41.77,31.61,36.00,20.00,MAN,10,100,0,30071.43,0.00,-4.29,30075.72,0.00,0.00,0.00,0.00
1581.17,41.77,31.61,36.00,20.00,MAN,10,100,0,30071.43,0.00,-4.29,30075.72,0.00,0.00,0.00,0.00
1582.17,41.76,31.61,36.00,20.00,MAN,10,100,0,30071.43,0.00,-4.29,30075.72,0.00,0.00,0.00,0.00
1583.18,41.76,31.61,36.00,20.00,MAN,10,100,0,30071.43,0.00,-4.29,30075.72,0.00,0.00,0.00,0.00
1584.17,41.76,31.61,36.00,20.00,MAN,10,100,0,30071.43,0.00,-4.29,30075.72,0.00,0.00,0.00,0.00
1585.18,41.77,31.61,36.00,20.00,MAN,10,100,0,30071.43,0.00,-4.29,30075.72,0.00,0.00,0.00,0.00
1586.18,41.77,31.61,36.00,20.00,MAN,10,100,0,30071.43,0.00,-4.29,30075.72,0.00,0.00,0.00,0.00
1587.18,41.76,31.61,36.00,20.00,MAN,10,100,0,30071.43,0.00,-4.29,30075.72,0.00,0.00,0.00,0.00
1588.18,41.77,31.61,36.00,20.00,MAN,10,100,0,30071.43,0.00,-4.29,30075.72,0.00,0.00,0.00,0.00
1589.18,41.77,31.61,36.00,20.00,MAN,10,100,0,30071.43,0.00,-4.29,30075.72,0.00,0.00,0.00,0.00
1590.19,41.77,31.65,36.00,20.00,MAN,10,100,0,30071.43,0.00,-4.29,30075.72,0.00,0.00,0.00,0.00
1591.19,41.77,31.65,36.00,20.00,MAN,10,100,0,30071.43,0.00,-4.29,30075.72,0.00,0.00,0.00,0.00
1592.19,41.77,31.65,36.00,20.00,MAN,10,100,0,30071.43,0.00,-4.29,30075.72,0.00,0.00,0.00,0.00
1593.19,41.77,31.65,36.00,20.00,MAN,10,100,0,30071.43,0.00,-4.29,30075.72,0.00,0.00,0.00,0.00
1594.19,41.78,31.65,36.00,20.00,MAN,10,100,0,30071.43,0.00,-4.29,30075.72,0.00,0.00,0.00,0.00
1595.19,41.77,31.65,36.00,20.00,MAN,10,100,0,30071.43,0.00,-4.29,30075.72,0.00,0.00,0.00,0.00
1596.20,41.78,31.65,36.00,20.00,MAN,10,100,0,30071.43,0.00,-4.29,30075.72,0.00,0.00,0.00,0.00
1597.20,41.78,31.65,36.00,20.00,MAN,10,100,0,30071.43,0.00,-4.29,30075.72,0.00,0.00,0.00,0.00
1598.20,41.78,31.65,36.00,20.00,MAN,10,100,0,30071.43,0.00,-4.29,30075.72,0.00,0.00,0.00,0.00
1599.20,41.80,31.65,36.00,20.00,MAN,10,100,0,30071.43,0.00,-4.29,30075.72,0.00,0.00,0.00,0.00
1600.20,41.80,31.65,36.00,20.00,MAN,10,100,0,30071.43,0.00,-4.29,30075.72,0.00,0.00,0.00,0.00
1601.21,41.80,31.65,36.00,20.00,MAN,10,100,0,30071.43,0.00,-4.29,30075.72,0.00,0.00,0.00,0.00
1602.20,41.80,31.65,36.00,20.00,MAN,10,100,0,30071.43,0.00,-4.29,30075.72,0.00,0.00,0.00,0.00
1603.21,41.81,31.65,36.00,20.00,MAN,10,100,0,30071.43,0.00,-4.29,30075.72,0.00,0.00,0.00,0.00
1604.21,41.83,31.61,36.00,20.00,MAN,10,100,0,30071.43,0.00,-4.29,30075.72,0.00,0.00,0.00,0.00
1605.21,41.83,31.61,36.00,20.00,MAN,10,100,0,30071.43,0.00,-4.29,30075.72,0.00,0.00,0.00,0.00
1606.21,41.83,31.63,36.00,20.00,MAN,10,100,0,30071.43,0.00,-4.29,30075.72,0.00,0.00,0.00,0.00
1607.21,41.84,31.61,36.00,20.00,MAN,10,100,0,30071.43,0.00,-4.29,30075.72,0.00,0.00,0.00,0.00
1608.21,41.84,31.63,36.00,20.00,MAN,10,100,0,30071.43,0.00,-4.29,30075.72,0.00,0.00,0.00,0.00
1609.22,41.85,31.63,36.00,20.00,MAN,10,100,0,30071.43,0.00,-4.29,30075.72,0.00,0.00,0.00,0.00
1610.22,41.85,31.63,36.00,20.00,MAN,10,100,0,30071.43,0.00,-4.29,30075.72,0.00,0.00,0.00,0.00
1611.22,41.85,31.63,36.00,20.00,MAN,10,100,0,30071.43,0.00,-4.29,30075.72,0.00,0.00,0.00,0.00
1612.22,41.86,31.63,36.00,20.00,MAN,10,100,0,30071.43,0.00,-4.29,30075.72,0.00,0.00,0.00,0.00
1613.22,41.86,31.63,36.00,20.00,MAN,10,100,0,30071.43,0.00,-4.29,30075.72,0.00,0.00,0.00,0.00
1614.23,41.86,31.63,36.00,20.00,MAN,10,100,0,30071.43,0.00,-4.29,30075.72,0.00,0.00,0.00,0.00
1615.23,41.86,31.63,36.00,20.00,MAN,10,100,0,30071.43,0.00,-4.29,30075.72,0.00,0.00,0.00,0.00
1616.23,41.87,31.63,36.00,20.00,MAN,10,100,0,30071.43,0.00,-4.29,30075.72,0.00,0.00,0.00,0.00
1617.23,41.88,31.63,36.00,20.00,MAN,10,100,0,30071.43,0.00,-4.29,30075.72,0.00,0.00,0.00,0.00
1618.23,41.89,31.63,36.00,20.00,MAN,10,100,0,30071.43,0.00,-4.29,30075.72,0.00,0.00,0.00,0.00
1619.23,41.90,31.63,36.00,20.00,MAN,10,100,0,30071.43,0.00,-4.29,30075.72,0.00,0.00,0.00,0.00
1620.23,41.91,31.58,36.00,20.00,MAN,10,100,0,30071.43,0.00,-4.29,30075.72,0.00,0.00,0.00,0.00
1621.23,41.91,31.58,36.00,20.00,MAN,10,100,0,30071.43,0.00,-4.29,30075.72,0.00,0.00,0.00,0.00
1622.24,41.91,31.58,36.00,20.00,MAN,10,100,0,30071.43,0.00,-4.29,30075.72,0.00,0.00,0.00,0.00
1623.24,41.91,31.58,36.00,20.00,MAN,10,100,0,30071.43,0.00,-4.29,30075.72,0.00,0.00,0.00,0.00
1624.24,41.92,31.58,36.00,20.00,MAN,10,100,0,30071.43,0.00,-4.29,30075.72,0.00,0.00,0.00,0.00
1625.24,41.91,31.58,36.00,20.00,MAN,10,100,0,30071.43,0.00,-4.29,30075.72,0.00,0.00,0.00,0.00
1626.24,41.92,31.58,36.00,20.00,MAN,10,100,0,30071.43,0.00,-4.29,30075.72,0.00,0.00,0.00,0.00
1627.25,41.92,31.58,36.00,20.00,MAN,10,100,0,30071.43,0.00,-4.29,30075.72,0.00,0.00,0.00,0.00
1628.25,41.93,31.58,36.00,20.00,MAN,10,100,0,30071.43,0.00,-4.29,30075.72,0.00,0.00,0.00,0.00
1629.25,41.93,31.58,36.00,20.00,MAN,10,100,0,30071.43,0.00,-4.29,30075.72,0.00,0.00,0.00,0.00
1630.25,41.94,31.58,36.00,20.00,MAN,10,100,0,30071.43,0.00,-4.29,30075.72,0.00,0.00,0.00,0.00
1631.25,41.94,31.58,36.00,20.00,MAN,10,100,0,30071.43,0.00,-4.29,30075.72,0.00,0.00,0.00,0.00
1632.25,41.94,31.58,36.00,20.00,MAN,10,100,0,30071.43,0.00,-4.29,30075.72,0.00,0.00,0.00,0.00
1633.26,41.95,31.58,36.00,20.00,MAN,10,100,0,30071.43,0.00,-4.29,30075.72,0.00,0.00,0.00,0.00
1634.25,41.94,31.58,36.00,20.00,MAN,10,100,0,30071.43,0.00,-4.29,30075.72,0.00,0.00,0.00,0.00
1635.26,41.95,31.58,36.00,20.00,MAN,10,100,0,30071.43,0.00,-4.29,30075.72,0.00,0.00,0.00,0.00
1636.26,41.96,31.58,36.00,20.00,MAN,10,100,0,30071.43,0.00,-4.29,30075.72,0.00,0.00,0.00,0.00
1637.26,41.96,31.58,36.00,20.00,MAN,10,100,0,30071.43,0.00,-4.29,30075.72,0.00,0.00,0.00,0.00
1638.26,41.96,31.58,36.00,20.00,MAN,10,100,0,30071.43,0.00,-4.29,30075.72,0.00,0.00,0.00,0.00
1639.26,41.98,31.58,36.00,20.00,MAN,10,100,0,30071.43,0.00,-4.29,30075.72,0.00,0.00,0.00,0.00
1640.27,41.98,31.58,36.00,20.00,MAN,10,100,0,30071.43,0.00,-4.29,30075.72,0.00,0.00,0.00,0.00
1641.27,41.98,31.58,36.00,20.00,MAN,10,100,0,30071.43,0.00,-4.29,30075.72,0.00,0.00,0.00,0.00
1642.27,41.99,31.58,36.00,20.00,MAN,10,100,0,30071.43,0.00,-4.29,30075.72,0.00,0.00,0.00,0.00
1643.27,41.99,31.58,36.00,20.00,MAN,10,100,0,30071.43,0.00,-4.29,30075.72,0.00,0.00,0.00,0.00
1644.27,41.99,31.58,36.00,20.00,MAN,10,100,0,30071.43,0.00,-4.29,30075.72,0.00,0.00,0.00,0.00
1645.27,41.99,31.58,36.00,20.00,MAN,10,100,0,30071.43,0.00,-4.29,30075.72,0.00,0.00,0.00,0.00
1646.28,42.00,31.58,36.00,20.00,MAN,10,100,0,30071.43,0.00,-4.29,30075.72,0.00,0.00,0.00,0.00
1647.28,42.00,31.58,36.00,20.00,MAN,10,100,0,30071.43,0.00,-4.29,30075.72,0.00,0.00,0.00,0.00
1648.28,42.01,31.58,36.00,20.00,MAN,10,100,0,30071.43,0.00,-4.29,30075.72,0.00,0.00,0.00,0.00
1649.28,42.02,31.56,36.00,20.00,MAN,10,100,0,30071.43,0.00,-4.29,30075.72,0.00,0.00,0.00,0.00
1650.28,42.02,31.56,36.00,20.00,MAN,10,100,0,30071.43,0.00,-4.29,30075.72,0.00,0.00,0.00,0.00
1651.28,42.02,31.54,36.00,20.00,MAN,10,100,0,30071.43,0.00,-4.29,30075.72,0.00,0.00,0.00,0.00
1652.28,42.02,31.56,36.00,20.00,MAN,10,100,0,30071.43,0.00,-4.29,30075.72,0.00,0.00,0.00,0.00
1653.29,42.02,31.54,36.00,20.00,MAN,10,100,0,30071.43,0.00,-4.29,30075.72,0.00,0.00,0.00,0.00
1654.29,42.02,31.58,36.00,20.00,MAN,10,100,0,30071.43,0.00,-4.29,30075.72,0.00,0.00,0.00,0.00
1655.29,42.02,31.61,36.00,20.00,MAN,10,100,0,30071.43,0.00,-4.29,30075.72,0.00,0.00,0.00,0.00
1656.29,42.03,31.56,36.00,20.00,MAN,10,100,0,30071.43,0.00,-4.29,30075.72,0.00,0.00,0.00,0.00
1657.29,42.04,31.56,36.00,20.00,MAN,10,100,0,30071.43,0.00,-4.29,30075.72,0.00,0.00,0.00,0.00
1658.29,42.04,31.61,36.00,20.00,MAN,10,100,0,30071.43,0.00,-4.29,30075.72,0.00,0.00,0.00,0.00
1659.30,42.04,31.56,36.00,20.00,MAN,10,100,0,30071.43,0.00,-4.29,30075.72,0.00,0.00,0.00,0.00
1660.30,42.04,31.56,36.00,20.00,MAN,10,100,0,30071.43,0.00,-4.29,30075.72,0.00,0.00,0.00,0.00
1661.30,42.05,31.61,36.00,20.00,MAN,10,100,0,30071.43,0.00,-4.29,30075.72,0.00,0.00,0.00,0.00
1662.30,42.05,31.61,36.00,20.00,MAN,10,100,0,30071.43,0.00,-4.29,30075.72,0.00,0.00,0.00,0.00
1663.30,42.05,31.56,36.00,20.00,MAN,10,100,0,30071.43,0.00,-4.29,30075.72,0.00,0.00,0.00,0.00
1664.30,42.05,31.56,36.00,20.00,MAN,10,100,0,30071.43,0.00,-4.29,30075.72,0.00,0.00,0.00,0.00
1665.31,42.06,31.56,36.00,20.00,MAN,10,100,0,30071.43,0.00,-4.29,30075.72,0.00,0.00,0.00,0.00
1666.31,42.07,31.56,36.00,20.00,MAN,10,100,0,30071.43,0.00,-4.29,30075.72,0.00,0.00,0.00,0.00
1667.31,42.08,31.56,36.00,20.00,MAN,10,100,0,30071.43,0.00,-4.29,30075.72,0.00,0.00,0.00,0.00
1668.31,42.09,31.56,36.00,20.00,MAN,10,100,0,30071.43,0.00,-4.29,30075.72,0.00,0.00,0.00,0.00
1669.31,42.09,31.56,36.00,20.00,MAN,10,100,0,30071.43,0.00,-4.29,30075.72,0.00,0.00,0.00,0.00
1670.31,42.09,31.56,36.00,20.00,MAN,10,100,0,30071.43,0.00,-4.29,30075.72,0.00,0.00,0.00,0.00
1671.31,42.09,31.56,36.00,20.00,MAN,10,100,0,30071.43,0.00,-4.29,30075.72,0.00,0.00,0.00,0.00
1672.32,42.09,31.56,36.00,20.00,MAN,10,100,0,30071.43,0.00,-4.29,30075.72,0.00,0.00,0.00,0.00
1673.32,42.10,31.56,36.00,20.00,MAN,10,100,0,30071.43,0.00,-4.29,30075.72,0.00,0.00,0.00,0.00
1674.32,42.10,31.56,36.00,20.00,MAN,10,100,0,30071.43,0.00,-4.29,30075.72,0.00,0.00,0.00,0.00
1675.32,42.10,31.56,36.00,20.00,MAN,10,100,0,30071.43,0.00,-4.29,30075.72,0.00,0.00,0.00,0.00
1676.32,42.11,31.56,36.00,20.00,MAN,10,100,0,30071.43,0.00,-4.29,30075.72,0.00,0.00,0.00,0.00
1677.33,42.10,31.56,36.00,20.00,MAN,10,100,0,30071.43,0.00,-4.29,30075.72,0.00,0.00,0.00,0.00
1678.33,42.10,31.56,36.00,20.00,MAN,10,100,0,30071.43,0.00,-4.29,30075.72,0.00,0.00,0.00,0.00
1679.33,42.10,31.56,36.00,20.00,MAN,10,100,0,30071.43,0.00,-4.29,30075.72,0.00,0.00,0.00,0.00
1680.33,42.10,31.56,36.00,20.00,MAN,10,100,0,30071.43,0.00,-4.29,30075.72,0.00,0.00,0.00,0.00
1681.33,42.11,31.56,36.00,20.00,MAN,10,100,0,30071.43,0.00,-4.29,30075.72,0.00,0.00,0.00,0.00
1682.33,42.13,31.56,36.00,20.00,MAN,10,100,0,30071.43,0.00,-4.29,30075.72,0.00,0.00,0.00,0.00
1683.34,42.13,31.56,36.00,20.00,MAN,10,100,0,30071.43,0.00,-4.29,30075.72,0.00,0.00,0.00,0.00
1684.34,42.13,31.56,36.00,20.00,MAN,10,100,0,30071.43,0.00,-4.29,30075.72,0.00,0.00,0.00,0.00
1685.34,42.13,31.56,36.00,20.00,MAN,10,100,0,30071.43,0.00,-4.29,30075.72,0.00,0.00,0.00,0.00
1686.34,42.13,31.56,36.00,20.00,MAN,10,100,0,30071.43,0.00,-4.29,30075.72,0.00,0.00,0.00,0.00
1687.34,42.14,31.56,36.00,20.00,MAN,10,100,0,30071.43,0.00,-4.29,30075.72,0.00,0.00,0.00,0.00
1688.34,42.14,31.56,36.00,20.00,MAN,10,100,0,30071.43,0.00,-4.29,30075.72,0.00,0.00,0.00,0.00
1689.34,42.15,31.56,36.00,20.00,MAN,10,100,0,30071.43,0.00,-4.29,30075.72,0.00,0.00,0.00,0.00
1690.34,42.15,31.56,36.00,20.00,MAN,10,100,0,30071.43,0.00,-4.29,30075.72,0.00,0.00,0.00,0.00
1691.35,42.15,31.56,36.00,20.00,MAN,10,100,0,30071.43,0.00,-4.29,30075.72,0.00,0.00,0.00,0.00
1692.35,42.15,31.56,36.00,20.00,MAN,10,100,0,30071.43,0.00,-4.29,30075.72,0.00,0.00,0.00,0.00
1693.35,42.15,31.56,36.00,20.00,MAN,10,100,0,30071.43,0.00,-4.29,30075.72,0.00,0.00,0.00,0.00
1694.35,42.16,31.56,36.00,20.00,MAN,10,100,0,30071.43,0.00,-4.29,30075.72,0.00,0.00,0.00,0.00
1695.35,42.16,31.56,36.00,20.00,MAN,10,100,0,30071.43,0.00,-4.29,30075.72,0.00,0.00,0.00,0.00
1696.36,42.16,31.56,36.00,20.00,MAN,10,100,0,30071.43,0.00,-4.29,30075.72,0.00,0.00,0.00,0.00
1697.36,42.17,31.56,36.00,20.00,MAN,10,100,0,30071.43,0.00,-4.29,30075.72,0.00,0.00,0.00,0.00
1698.36,42.18,31.56,36.00,20.00,MAN,10,100,0,30071.43,0.00,-4.29,30075.72,0.00,0.00,0.00,0.00
1699.36,42.17,31.56,36.00,20.00,MAN,10,100,0,30071.43,0.00,-4.29,30075.72,0.00,0.00,0.00,0.00
1700.36,42.18,31.56,36.00,20.00,MAN,10,100,0,30071.43,0.00,-4.29,30075.72,0.00,0.00,0.00,0.00
1701.36,42.18,31.56,36.00,20.00,MAN,10,100,0,30071.43,0.00,-4.29,30075.72,0.00,0.00,0.00,0.00
1702.36,42.17,31.56,36.00,20.00,MAN,10,100,0,30071.43,0.00,-4.29,30075.72,0.00,0.00,0.00,0.00
1703.36,42.18,31.56,36.00,20.00,MAN,10,100,0,30071.43,0.00,-4.29,30075.72,0.00,0.00,0.00,0.00
1704.37,42.18,31.57,36.00,20.00,MAN,10,100,0,30071.43,0.00,-4.29,30075.72,0.00,0.00,0.00,0.00
1705.37,42.19,31.57,36.00,20.00,MAN,10,100,0,30071.43,0.00,-4.29,30075.72,0.00,0.00,0.00,0.00
1706.37,42.20,31.57,36.00,20.00,MAN,10,100,0,30071.43,0.00,-4.29,30075.72,0.00,0.00,0.00,0.00
1707.37,42.19,31.57,36.00,20.00,MAN,10,100,0,30071.43,0.00,-4.29,30075.72,0.00,0.00,0.00,0.00
1708.37,42.20,31.57,36.00,20.00,MAN,10,100,0,30071.43,0.00,-4.29,30075.72,0.00,0.00,0.00,0.00
1709.38,42.20,31.57,36.00,20.00,MAN,10,100,0,30071.43,0.00,-4.29,30075.72,0.00,0.00,0.00,0.00
1710.38,42.20,31.57,36.00,20.00,MAN,10,100,0,30071.43,0.00,-4.29,30075.72,0.00,0.00,0.00,0.00
1711.38,42.21,31.57,36.00,20.00,MAN,10,100,0,30071.43,0.00,-4.29,30075.72,0.00,0.00,0.00,0.00
1712.38,42.21,31.57,36.00,20.00,MAN,10,100,0,30071.43,0.00,-4.29,30075.72,0.00,0.00,0.00,0.00
1713.38,42.21,31.57,36.00,20.00,MAN,10,100,0,30071.43,0.00,-4.29,30075.72,0.00,0.00,0.00,0.00
1714.39,42.22,31.57,36.00,20.00,MAN,10,100,0,30071.43,0.00,-4.29,30075.72,0.00,0.00,0.00,0.00
1715.39,42.22,31.57,36.00,20.00,MAN,10,100,0,30071.43,0.00,-4.29,30075.72,0.00,0.00,0.00,0.00
1716.39,42.22,31.57,36.00,20.00,MAN,10,100,0,30071.43,0.00,-4.29,30075.72,0.00,0.00,0.00,0.00
1717.39,42.23,31.57,36.00,20.00,MAN,10,100,0,30071.43,0.00,-4.29,30075.72,0.00,0.00,0.00,0.00
1718.39,42.24,31.54,36.00,20.00,MAN,10,100,0,30071.43,0.00,-4.29,30075.72,0.00,0.00,0.00,0.00
1719.39,42.25,31.54,36.00,20.00,MAN,10,100,0,30071.43,0.00,-4.29,30075.72,0.00,0.00,0.00,0.00
1720.39,42.25,31.54,36.00,20.00,MAN,10,100,0,30071.43,0.00,-4.29,30075.72,0.00,0.00,0.00,0.00
1721.39,42.26,31.54,36.00,20.00,MAN,10,100,0,30071.43,0.00,-4.29,30075.72,0.00,0.00,0.00,0.00
1722.40,42.26,31.54,36.00,20.00,MAN,10,100,0,30071.43,0.00,-4.29,30075.72,0.00,0.00,0.00,0.00
1723.40,42.26,31.54,36.00,20.00,MAN,10,100,0,30071.43,0.00,-4.29,30075.72,0.00,0.00,0.00,0.00
1724.40,42.26,31.54,36.00,20.00,MAN,10,100,0,30071.43,0.00,-4.29,30075.72,0.00,0.00,0.00,0.00
1725.40,42.28,31.54,36.00,20.00,MAN,10,100,0,30071.43,0.00,-4.29,30075.72,0.00,0.00,0.00,0.00
1726.40,42.30,31.54,36.00,20.00,MAN,10,100,0,30071.43,0.00,-4.29,30075.72,0.00,0.00,0.00,0.00
1727.41,42.30,31.54,36.00,20.00,MAN,10,100,0,30071.43,0.00,-4.29,30075.72,0.00,0.00,0.00,0.00
1728.41,42.30,31.54,36.00,20.00,MAN,10,100,0,30071.43,0.00,-4.29,30075.72,0.00,0.00,0.00,0.00
1729.41,42.30,31.49,36.00,20.00,MAN,10,100,0,30071.43,0.00,-4.29,30075.72,0.00,0.00,0.00,0.00
1730.41,42.31,31.49,36.00,20.00,MAN,10,100,0,30071.43,0.00,-4.29,30075.72,0.00,0.00,0.00,0.00
1731.41,42.31,31.49,36.00,20.00,MAN,10,100,0,30071.43,0.00,-4.29,30075.72,0.00,0.00,0.00,0.00
1732.41,42.31,31.49,36.00,20.00,MAN,10,100,0,30071.43,0.00,-4.29,30075.72,0.00,0.00,0.00,0.00
1733.41,42.31,31.49,36.00,20.00,MAN,10,100,0,30071.43,0.00,-4.29,30075.72,0.00,0.00,0.00,0.00
1734.41,42.32,31.49,36.00,20.00,MAN,10,100,0,30071.43,0.00,-4.29,30075.72,0.00,0.00,0.00,0.00
1735.42,42.32,31.49,36.00,20.00,MAN,10,100,0,30071.43,0.00,-4.29,30075.72,0.00,0.00,0.00,0.00
1736.42,42.32,31.49,36.00,20.00,MAN,10,100,0,30071.43,0.00,-4.29,30075.72,0.00,0.00,0.00,0.00
1737.42,42.32,31.49,36.00,20.00,MAN,10,100,0,30071.43,0.00,-4.29,30075.72,0.00,0.00,0.00,0.00
1738.42,42.34,31.49,36.00,20.00,MAN,10,100,0,30071.43,0.00,-4.29,30075.72,0.00,0.00,0.00,0.00
1739.42,42.34,31.49,36.00,20.00,MAN,10,100,0,30071.43,0.00,-4.29,30075.72,0.00,0.00,0.00,0.00
1740.42,42.34,31.49,36.00,20.00,MAN,10,100,0,30071.43,0.00,-4.29,30075.72,0.00,0.00,0.00,0.00
1741.43,42.34,31.49,36.00,20.00,MAN,10,100,0,30071.43,0.00,-4.29,30075.72,0.00,0.00,0.00,0.00
1742.43,42.34,31.49,36.00,20.00,MAN,10,100,0,30071.43,0.00,-4.29,30075.72,0.00,0.00,0.00,0.00
1743.43,42.35,31.49,36.00,20.00,MAN,10,100,0,30071.43,0.00,-4.29,30075.72,0.00,0.00,0.00,0.00
1744.43,42.35,31.49,36.00,20.00,MAN,10,100,0,30071.43,0.00,-4.29,30075.72,0.00,0.00,0.00,0.00
1745.43,42.36,31.49,36.00,20.00,MAN,10,100,0,30071.43,0.00,-4.29,30075.72,0.00,0.00,0.00,0.00
1746.44,42.36,31.49,36.00,20.00,MAN,10,100,0,30071.43,0.00,-4.29,30075.72,0.00,0.00,0.00,0.00
1747.44,42.36,31.51,36.00,20.00,MAN,10,100,0,30071.43,0.00,-4.29,30075.72,0.00,0.00,0.00,0.00
1748.44,42.36,31.51,36.00,20.00,MAN,10,100,0,30071.43,0.00,-4.29,30075.72,0.00,0.00,0.00,0.00
1749.44,42.36,31.51,36.00,20.00,MAN,10,100,0,30071.43,0.00,-4.29,30075.72,0.00,0.00,0.00,0.00
1750.44,42.36,31.51,36.00,20.00,MAN,10,100,0,30071.43,0.00,-4.29,30075.72,0.00,0.00,0.00,0.00
1751.44,42.36,31.51,36.00,20.00,MAN,10,100,0,30071.43,0.00,-4.29,30075.72,0.00,0.00,0.00,0.00
1752.44,42.36,31.51,36.00,20.00,MAN,10,100,0,30071.43,0.00,-4.29,30075.72,0.00,0.00,0.00,0.00
1753.44,42.37,31.51,36.00,20.00,MAN,10,100,0,30071.43,0.00,-4.29,30075.72,0.00,0.00,0.00,0.00
1754.45,42.37,31.51,36.00,20.00,MAN,10,100,0,30071.43,0.00,-4.29,30075.72,0.00,0.00,0.00,0.00
1755.45,42.38,31.51,36.00,20.00,MAN,10,100,0,30071.43,0.00,-4.29,30075.72,0.00,0.00,0.00,0.00
1756.45,42.37,31.51,36.00,20.00,MAN,10,100,0,30071.43,0.00,-4.29,30075.72,0.00,0.00,0.00,0.00
1757.45,42.37,31.51,36.00,20.00,MAN,10,100,0,30071.43,0.00,-4.29,30075.72,0.00,0.00,0.00,0.00
1758.45,42.37,31.55,36.00,20.00,MAN,10,100,0,30071.43,0.00,-4.29,30075.72,0.00,0.00,0.00,0.00
1759.46,42.37,31.55,36.00,20.00,MAN,10,100,0,30071.43,0.00,-4.29,30075.72,0.00,0.00,0.00,0.00
1760.46,42.37,31.55,36.00,20.00,MAN,10,100,0,30071.43,0.00,-4.29,30075.72,0.00,0.00,0.00,0.00
1761.46,42.37,31.55,36.00,20.00,MAN,10,100,0,30071.43,0.00,-4.29,30075.72,0.00,0.00,0.00,0.00
1762.46,42.38,31.55,36.00,20.00,MAN,10,100,0,30071.43,0.00,-4.29,30075.72,0.00,0.00,0.00,0.00
1763.46,42.38,31.55,36.00,20.00,MAN,10,100,0,30071.43,0.00,-4.29,30075.72,0.00,0.00,0.00,0.00
1764.46,42.38,31.55,36.00,20.00,MAN,10,100,0,30071.43,0.00,-4.29,30075.72,0.00,0.00,0.00,0.00
1765.46,42.38,31.55,36.00,20.00,MAN,10,100,0,30071.43,0.00,-4.29,30075.72,0.00,0.00,0.00,0.00
1766.46,42.39,31.55,36.00,20.00,MAN,10,100,0,30071.43,0.00,-4.29,30075.72,0.00,0.00,0.00,0.00
1767.47,42.39,31.55,36.00,20.00,MAN,10,100,0,30071.43,0.00,-4.29,30075.72,0.00,0.00,0.00,0.00
1768.47,42.40,31.55,36.00,20.00,MAN,10,100,0,30071.43,0.00,-4.29,30075.72,0.00,0.00,0.00,0.00
1769.47,42.40,31.55,36.00,20.00,MAN,10,100,0,30071.43,0.00,-4.29,30075.72,0.00,0.00,0.00,0.00
1770.47,42.40,31.55,36.00,20.00,MAN,10,100,0,30071.43,0.00,-4.29,30075.72,0.00,0.00,0.00,0.00
1771.47,42.43,31.55,36.00,20.00,MAN,10,100,0,30071.43,0.00,-4.29,30075.72,0.00,0.00,0.00,0.00
1772.48,42.43,31.55,36.00,20.00,MAN,10,100,0,30071.43,0.00,-4.29,30075.72,0.00,0.00,0.00,0.00
1773.48,42.43,31.51,36.00,20.00,MAN,10,100,0,30071.43,0.00,-4.29,30075.72,0.00,0.00,0.00,0.00
1774.48,42.43,31.51,36.00,20.00,MAN,10,100,0,30071.43,0.00,-4.29,30075.72,0.00,0.00,0.00,0.00
1775.48,42.43,31.51,36.00,20.00,MAN,10,100,0,30071.43,0.00,-4.29,30075.72,0.00,0.00,0.00,0.00
1776.48,42.44,31.51,36.00,20.00,MAN,10,100,0,30071.43,0.00,-4.29,30075.72,0.00,0.00,0.00,0.00
1777.48,42.45,31.51,36.00,20.00,MAN,10,100,0,30071.43,0.00,-4.29,30075.72,0.00,0.00,0.00,0.00
1778.49,42.45,31.51,36.00,20.00,MAN,10,100,0,30071.43,0.00,-4.29,30075.72,0.00,0.00,0.00,0.00
1779.49,42.46,31.51,36.00,20.00,MAN,10,100,0,30071.43,0.00,-4.29,30075.72,0.00,0.00,0.00,0.00
1780.49,42.46,31.51,36.00,20.00,MAN,10,100,0,30071.43,0.00,-4.29,30075.72,0.00,0.00,0.00,0.00
1781.49,42.47,31.51,36.00,20.00,MAN,10,100,0,30071.43,0.00,-4.29,30075.72,0.00,0.00,0.00,0.00
1782.49,42.47,31.51,36.00,20.00,MAN,10,100,0,30071.43,0.00,-4.29,30075.72,0.00,0.00,0.00,0.00
1783.49,42.47,31.51,36.00,20.00,MAN,10,100,0,30071.43,0.00,-4.29,30075.72,0.00,0.00,0.00,0.00
1784.49,42.47,31.51,36.00,20.00,MAN,10,100,0,30071.43,0.00,-4.29,30075.72,0.00,0.00,0.00,0.00
1785.49,42.47,31.51,36.00,20.00,MAN,10,100,0,30071.43,0.00,-4.29,30075.72,0.00,0.00,0.00,0.00
1786.50,42.48,31.51,36.00,20.00,MAN,10,100,0,30071.43,0.00,-4.29,30075.72,0.00,0.00,0.00,0.00
1787.50,42.48,31.51,36.00,20.00,MAN,10,100,0,30071.43,0.00,-4.29,30075.72,0.00,0.00,0.00,0.00
1788.50,42.48,31.51,36.00,20.00,MAN,10,100,0,30071.43,0.00,-4.29,30075.72,0.00,0.00,0.00,0.00
1789.50,42.48,31.51,36.00,20.00,MAN,10,100,0,30071.43,0.00,-4.29,30075.72,0.00,0.00,0.00,0.00
1790.50,42.48,31.51,36.00,20.00,MAN,10,100,0,30071.43,0.00,-4.29,30075.72,0.00,0.00,0.00,0.00
1791.51,42.49,31.51,36.00,20.00,MAN,10,100,0,30071.43,0.00,-4.29,30075.72,0.00,0.00,0.00,0.00
1792.51,42.49,31.51,36.00,20.00,MAN,10,100,0,30071.43,0.00,-4.29,30075.72,0.00,0.00,0.00,0.00
1793.51,42.49,31.51,36.00,20.00,MAN,10,100,0,30071.43,0.00,-4.29,30075.72,0.00,0.00,0.00,0.00
1794.51,42.49,31.51,36.00,20.00,MAN,10,100,0,30071.43,0.00,-4.29,30075.72,0.00,0.00,0.00,0.00
1795.51,42.50,31.51,36.00,20.00,MAN,10,100,0,30071.43,0.00,-4.29,30075.72,0.00,0.00,0.00,0.00
1796.52,42.50,31.51,36.00,20.00,MAN,10,100,0,30071.43,0.00,-4.29,30075.72,0.00,0.00,0.00,0.00
1797.52,42.50,31.51,36.00,20.00,MAN,10,100,0,30071.43,0.00,-4.29,30075.72,0.00,0.00,0.00,0.00
1798.52,42.50,31.51,36.00,20.00,MAN,10,100,0,30071.43,0.00,-4.29,30075.72,0.00,0.00,0.00,0.00
1799.52,42.51,31.51,36.00,20.00,MAN,10,100,0,30071.43,0.00,-4.29,30075.72,0.00,0.00,0.00,0.00
1800.52,42.51,31.51,36.00,20.00,MAN,10,100,0,30071.43,0.00,-4.29,30075.72,0.00,0.00,0.00,0.00
1801.52,42.51,31.51,36.00,20.00,MAN,10,100,0,30071.43,0.00,-4.29,30075.72,0.00,0.00,0.00,0.00
1802.52,42.51,31.51,36.00,20.00,MAN,10,100,0,30071.43,0.00,-4.29,30075.72,0.00,0.00,0.00,0.00
1803.52,42.51,31.51,36.00,20.00,MAN,10,100,0,30071.43,0.00,-4.29,30075.72,0.00,0.00,0.00,0.00
1804.53,42.51,31.51,36.00,20.00,MAN,10,100,0,30071.43,0.00,-4.29,30075.72,0.00,0.00,0.00,0.00
1805.53,42.51,31.51,36.00,20.00,MAN,10,100,0,30071.43,0.00,-4.29,30075.72,0.00,0.00,0.00,0.00
1806.53,42.51,31.53,36.00,20.00,MAN,10,100,0,30071.43,0.00,-4.29,30075.72,0.00,0.00,0.00,0.00
1807.53,42.52,31.53,36.00,20.00,MAN,10,100,0,30071.43,0.00,-4.29,30075.72,0.00,0.00,0.00,0.00
1808.53,42.52,31.53,36.00,20.00,MAN,10,100,0,30071.43,0.00,-4.29,30075.72,0.00,0.00,0.00,0.00
1809.54,42.53,31.53,36.00,20.00,MAN,10,100,0,30071.43,0.00,-4.29,30075.72,0.00,0.00,0.00,0.00
1810.54,42.54,31.53,36.00,20.00,MAN,10,100,0,30071.43,0.00,-4.29,30075.72,0.00,0.00,0.00,0.00
1811.54,42.54,31.53,36.00,20.00,MAN,10,100,0,30071.43,0.00,-4.29,30075.72,0.00,0.00,0.00,0.00
1812.54,42.54,31.53,36.00,20.00,MAN,10,100,0,30071.43,0.00,-4.29,30075.72,0.00,0.00,0.00,0.00
1813.54,42.55,31.53,36.00,20.00,MAN,10,100,0,30071.43,0.00,-4.29,30075.72,0.00,0.00,0.00,0.00
1814.54,42.55,31.53,36.00,20.00,MAN,10,100,0,30071.43,0.00,-4.29,30075.72,0.00,0.00,0.00,0.00
1815.55,42.55,31.53,36.00,20.00,MAN,10,100,0,30071.43,0.00,-4.29,30075.72,0.00,0.00,0.00,0.00
1816.54,42.55,31.53,36.00,20.00,MAN,10,100,0,30071.43,0.00,-4.29,30075.72,0.00,0.00,0.00,0.00
1817.55,42.57,31.53,36.00,20.00,MAN,10,100,0,30071.43,0.00,-4.29,30075.72,0.00,0.00,0.00,0.00
1818.55,42.57,31.53,36.00,20.00,MAN,10,100,0,30071.43,0.00,-4.29,30075.72,0.00,0.00,0.00,0.00
1819.55,42.57,31.53,36.00,20.00,MAN,10,100,0,30071.43,0.00,-4.29,30075.72,0.00,0.00,0.00,0.00
1820.55,42.57,31.53,36.00,20.00,MAN,10,100,0,30071.43,0.00,-4.29,30075.72,0.00,0.00,0.00,0.00
1821.55,42.58,31.53,36.00,20.00,MAN,10,100,0,30071.43,0.00,-4.29,30075.72,0.00,0.00,0.00,0.00
1822.55,42.58,31.53,36.00,20.00,MAN,10,100,0,30071.43,0.00,-4.29,30075.72,0.00,0.00,0.00,0.00
1823.56,42.59,31.53,36.00,20.00,MAN,10,100,0,30071.43,0.00,-4.29,30075.72,0.00,0.00,0.00,0.00
1824.56,42.60,31.53,36.00,20.00,MAN,10,100,0,30071.43,0.00,-4.29,30075.72,0.00,0.00,0.00,0.00
1825.56,42.60,31.53,36.00,20.00,MAN,10,100,0,30071.43,0.00,-4.29,30075.72,0.00,0.00,0.00,0.00
1826.56,42.60,31.49,36.00,20.00,MAN,10,100,0,30071.43,0.00,-4.29,30075.72,0.00,0.00,0.00,0.00
1827.56,42.60,31.49,36.00,20.00,MAN,10,100,0,30071.43,0.00,-4.29,30075.72,0.00,0.00,0.00,0.00
1828.57,42.60,31.49,36.00,20.00,MAN,10,100,0,30071.43,0.00,-4.29,30075.72,0.00,0.00,0.00,0.00
1829.57,42.60,31.49,36.00,20.00,MAN,10,100,0,30071.43,0.00,-4.29,30075.72,0.00,0.00,0.00,0.00
1830.57,42.60,31.53,36.00,20.00,MAN,10,100,0,30071.43,0.00,-4.29,30075.72,0.00,0.00,0.00,0.00
1831.57,42.60,31.53,36.00,20.00,MAN,10,100,0,30071.43,0.00,-4.29,30075.72,0.00,0.00,0.00,0.00
1832.57,42.60,31.53,36.00,20.00,MAN,10,100,0,30071.43,0.00,-4.29,30075.72,0.00,0.00,0.00,0.00
1833.57,42.60,31.53,36.00,20.00,MAN,10,100,0,30071.43,0.00,-4.29,30075.72,0.00,0.00,0.00,0.00
1834.57,42.60,31.53,36.00,20.00,MAN,10,100,0,30071.43,0.00,-4.29,30075.72,0.00,0.00,0.00,0.00
1835.58,42.60,31.53,36.00,20.00,MAN,10,100,0,30071.43,0.00,-4.29,30075.72,0.00,0.00,0.00,0.00
1836.58,42.60,31.53,36.00,20.00,MAN,10,100,0,30071.43,0.00,-4.29,30075.72,0.00,0.00,0.00,0.00
1837.58,42.60,31.53,36.00,20.00,MAN,10,100,0,30071.43,0.00,-4.29,30075.72,0.00,0.00,0.00,0.00
1838.58,42.60,31.53,36.00,20.00,MAN,10,100,0,30071.43,0.00,-4.29,30075.72,0.00,0.00,0.00,0.00
1839.58,42.61,31.53,36.00,20.00,MAN,10,100,0,30071.43,0.00,-4.29,30075.72,0.00,0.00,0.00,0.00
1840.58,42.61,31.53,36.00,20.00,MAN,10,100,0,30071.43,0.00,-4.29,30075.72,0.00,0.00,0.00,0.00
1841.59,42.62,31.53,36.00,20.00,MAN,10,100,0,30071.43,0.00,-4.29,30075.72,0.00,0.00,0.00,0.00
1842.59,42.62,31.53,36.00,20.00,MAN,10,100,0,30071.43,0.00,-4.29,30075.72,0.00,0.00,0.00,0.00
1843.59,42.62,31.53,36.00,20.00,MAN,10,100,0,30071.43,0.00,-4.29,30075.72,0.00,0.00,0.00,0.00
1844.59,42.62,31.53,36.00,20.00,MAN,10,100,0,30071.43,0.00,-4.29,30075.72,0.00,0.00,0.00,0.00
1845.59,42.62,31.53,36.00,20.00,MAN,10,100,0,30071.43,0.00,-4.29,30075.72,0.00,0.00,0.00,0.00
1846.59,42.62,31.53,36.00,20.00,MAN,10,100,0,30071.43,0.00,-4.29,30075.72,0.00,0.00,0.00,0.00
1847.60,42.63,31.53,36.00,20.00,MAN,10,100,0,30071.43,0.00,-4.29,30075.72,0.00,0.00,0.00,0.00
1848.60,42.64,31.53,36.00,20.00,MAN,10,100,0,30071.43,0.00,-4.29,30075.72,0.00,0.00,0.00,0.00
1849.60,42.63,31.53,36.00,20.00,MAN,10,100,0,30071.43,0.00,-4.29,30075.72,0.00,0.00,0.00,0.00
1850.60,42.64,31.53,36.00,20.00,MAN,10,100,0,30071.43,0.00,-4.29,30075.72,0.00,0.00,0.00,0.00
1851.60,42.63,31.53,36.00,20.00,MAN,10,100,0,30071.43,0.00,-4.29,30075.72,0.00,0.00,0.00,0.00
1852.60,42.63,31.53,36.00,20.00,MAN,10,100,0,30071.43,0.00,-4.29,30075.72,0.00,0.00,0.00,0.00
1853.60,42.63,31.53,36.00,20.00,MAN,10,100,0,30071.43,0.00,-4.29,30075.72,0.00,0.00,0.00,0.00
1854.61,42.64,31.53,36.00,20.00,MAN,10,100,0,30071.43,0.00,-4.29,30075.72,0.00,0.00,0.00,0.00
1855.61,42.64,31.53,36.00,20.00,MAN,10,100,0,30071.43,0.00,-4.29,30075.72,0.00,0.00,0.00,0.00
1856.61,42.64,31.53,36.00,20.00,MAN,10,100,0,30071.43,0.00,-4.29,30075.72,0.00,0.00,0.00,0.00
1857.61,42.64,31.53,36.00,20.00,MAN,10,100,0,30071.43,0.00,-4.29,30075.72,0.00,0.00,0.00,0.00
1858.61,42.64,31.57,36.00,20.00,MAN,10,100,0,30071.43,0.00,-4.29,30075.72,0.00,0.00,0.00,0.00
1859.61,42.64,31.57,36.00,20.00,MAN,10,100,0,30071.43,0.00,-4.29,30075.72,0.00,0.00,0.00,0.00
1860.62,42.65,31.57,36.00,20.00,MAN,10,100,0,30071.43,0.00,-4.29,30075.72,0.00,0.00,0.00,0.00
1861.61,42.65,31.57,36.00,20.00,MAN,10,100,0,30071.43,0.00,-4.29,30075.72,0.00,0.00,0.00,0.00
1862.62,42.66,31.57,36.00,20.00,MAN,10,100,0,30071.43,0.00,-4.29,30075.72,0.00,0.00,0.00,0.00
1863.62,42.66,31.53,36.00,20.00,MAN,10,100,0,30071.43,0.00,-4.29,30075.72,0.00,0.00,0.00,0.00
1864.62,42.66,31.57,36.00,20.00,MAN,10,100,0,30071.43,0.00,-4.29,30075.72,0.00,0.00,0.00,0.00
1865.62,42.65,31.57,36.00,20.00,MAN,10,100,0,30071.43,0.00,-4.29,30075.72,0.00,0.00,0.00,0.00
1866.62,42.66,31.57,36.00,20.00,MAN,10,100,0,30071.43,0.00,-4.29,30075.72,0.00,0.00,0.00,0.00
1867.63,42.66,31.57,36.00,20.00,MAN,10,100,0,30071.43,0.00,-4.29,30075.72,0.00,0.00,0.00,0.00
1868.63,42.66,31.57,36.00,20.00,MAN,10,100,0,30071.43,0.00,-4.29,30075.72,0.00,0.00,0.00,0.00
1869.63,42.66,31.57,36.00,20.00,MAN,10,100,0,30071.43,0.00,-4.29,30075.72,0.00,0.00,0.00,0.00
1870.63,42.67,31.57,36.00,20.00,MAN,10,100,0,30071.43,0.00,-4.29,30075.72,0.00,0.00,0.00,0.00
1871.63,42.66,31.57,36.00,20.00,MAN,10,100,0,30071.43,0.00,-4.29,30075.72,0.00,0.00,0.00,0.00
1872.63,42.67,31.57,36.00,20.00,MAN,10,100,0,30071.43,0.00,-4.29,30075.72,0.00,0.00,0.00,0.00
1873.64,42.67,31.57,36.00,20.00,MAN,10,100,0,30071.43,0.00,-4.29,30075.72,0.00,0.00,0.00,0.00
1874.64,42.67,31.57,36.00,20.00,MAN,10,100,0,30071.43,0.00,-4.29,30075.72,0.00,0.00,0.00,0.00
1875.64,42.67,31.57,36.00,20.00,MAN,10,100,0,30071.43,0.00,-4.29,30075.72,0.00,0.00,0.00,0.00
1876.64,42.67,31.57,36.00,20.00,MAN,10,100,0,30071.43,0.00,-4.29,30075.72,0.00,0.00,0.00,0.00
1877.64,42.67,31.57,36.00,20.00,MAN,10,100,0,30071.43,0.00,-4.29,30075.72,0.00,0.00,0.00,0.00
1878.65,42.68,31.57,36.00,20.00,MAN,10,100,0,30071.43,0.00,-4.29,30075.72,0.00,0.00,0.00,0.00
1879.65,42.68,31.57,36.00,20.00,MAN,10,100,0,30071.43,0.00,-4.29,30075.72,0.00,0.00,0.00,0.00
1880.65,42.68,31.57,36.00,20.00,MAN,10,100,0,30071.43,0.00,-4.29,30075.72,0.00,0.00,0.00,0.00
1881.65,42.68,31.57,36.00,20.00,MAN,10,100,0,30071.43,0.00,-4.29,30075.72,0.00,0.00,0.00,0.00
1882.65,42.69,31.57,36.00,20.00,MAN,10,100,0,30071.43,0.00,-4.29,30075.72,0.00,0.00,0.00,0.00
1883.65,42.69,31.57,36.00,20.00,MAN,10,100,0,30071.43,0.00,-4.29,30075.72,0.00,0.00,0.00,0.00
1884.65,42.69,31.57,36.00,20.00,MAN,10,100,0,30071.43,0.00,-4.29,30075.72,0.00,0.00,0.00,0.00
1885.65,42.70,31.58,36.00,20.00,MAN,10,100,0,30071.43,0.00,-4.29,30075.72,0.00,0.00,0.00,0.00
1886.66,42.72,31.58,36.00,20.00,MAN,10,100,0,30071.43,0.00,-4.29,30075.72,0.00,0.00,0.00,0.00
1887.66,42.72,31.58,36.00,20.00,MAN,10,100,0,30071.43,0.00,-4.29,30075.72,0.00,0.00,0.00,0.00
1888.66,42.70,31.58,36.00,20.00,MAN,10,100,0,30071.43,0.00,-4.29,30075.72,0.00,0.00,0.00,0.00
1889.66,42.72,31.58,36.00,20.00,MAN,10,100,0,30071.43,0.00,-4.29,30075.72,0.00,0.00,0.00,0.00
1890.66,42.72,31.58,36.00,20.00,MAN,10,100,0,30071.43,0.00,-4.29,30075.72,0.00,0.00,0.00,0.00
1891.67,42.72,31.58,36.00,20.00,MAN,10,100,0,30071.43,0.00,-4.29,30075.72,0.00,0.00,0.00,0.00
1892.67,42.72,31.58,36.00,20.00,MAN,10,100,0,30071.43,0.00,-4.29,30075.72,0.00,0.00,0.00,0.00
1893.67,42.73,31.58,36.00,20.00,MAN,10,100,0,30071.43,0.00,-4.29,30075.72,0.00,0.00,0.00,0.00
1894.67,42.73,31.58,36.00,20.00,MAN,10,100,0,30071.43,0.00,-4.29,30075.72,0.00,0.00,0.00,0.00
1895.67,42.73,31.58,36.00,20.00,MAN,10,100,0,30071.43,0.00,-4.29,30075.72,0.00,0.00,0.00,0.00
1896.67,42.73,31.58,36.00,20.00,MAN,10,100,0,30071.43,0.00,-4.29,30075.72,0.00,0.00,0.00,0.00
1897.68,42.73,31.58,36.00,20.00,MAN,10,100,0,30071.43,0.00,-4.29,30075.72,0.00,0.00,0.00,0.00
1898.67,42.73,31.58,36.00,20.00,MAN,10,100,0,30071.43,0.00,-4.29,30075.72,0.00,0.00,0.00,0.00
1899.68,42.73,31.58,36.00,20.00,MAN,10,100,0,30071.43,0.00,-4.29,30075.72,0.00,0.00,0.00,0.00
1900.68,42.73,31.58,36.00,20.00,MAN,10,100,0,30071.43,0.00,-4.29,30075.72,0.00,0.00,0.00,0.00
1901.68,42.74,31.58,36.00,20.00,MAN,10,100,0,30071.43,0.00,-4.29,30075.72,0.00,0.00,0.00,0.00
1902.68,42.73,31.58,36.00,20.00,MAN,10,100,0,30071.43,0.00,-4.29,30075.72,0.00,0.00,0.00,0.00
1903.68,42.73,31.58,36.00,20.00,MAN,10,100,0,30071.43,0.00,-4.29,30075.72,0.00,0.00,0.00,0.00
1904.69,42.74,31.58,36.00,20.00,MAN,10,100,0,30071.43,0.00,-4.29,30075.72,0.00,0.00,0.00,0.00
1905.69,42.74,31.58,36.00,20.00,MAN,10,100,0,30071.43,0.00,-4.29,30075.72,0.00,0.00,0.00,0.00
1906.69,42.74,31.58,36.00,20.00,MAN,10,100,0,30071.43,0.00,-4.29,30075.72,0.00,0.00,0.00,0.00
1907.69,42.73,31.62,36.00,20.00,MAN,10,100,0,30071.43,0.00,-4.29,30075.72,0.00,0.00,0.00,0.00
1908.69,42.74,31.62,36.00,20.00,MAN,10,100,0,30071.43,0.00,-4.29,30075.72,0.00,0.00,0.00,0.00
1909.69,42.74,31.62,36.00,20.00,MAN,10,100,0,30071.43,0.00,-4.29,30075.72,0.00,0.00,0.00,0.00
1910.69,42.75,31.62,36.00,20.00,MAN,10,100,0,30071.43,0.00,-4.29,30075.72,0.00,0.00,0.00,0.00
1911.69,42.76,31.62,36.00,20.00,MAN,10,100,0,30071.43,0.00,-4.29,30075.72,0.00,0.00,0.00,0.00
1912.70,42.76,31.58,36.00,20.00,MAN,10,100,0,30071.43,0.00,-4.29,30075.72,0.00,0.00,0.00,0.00
1913.70,42.77,31.58,36.00,20.00,MAN,10,100,0,30071.43,0.00,-4.29,30075.72,0.00,0.00,0.00,0.00
1914.70,42.76,31.58,36.00,20.00,MAN,10,100,0,30071.43,0.00,-4.29,30075.72,0.00,0.00,0.00,0.00
1915.70,42.76,31.58,36.00,20.00,MAN,10,100,0,30071.43,0.00,-4.29,30075.72,0.00,0.00,0.00,0.00
1916.70,42.77,31.58,36.00,20.00,MAN,10,100,0,30071.43,0.00,-4.29,30075.72,0.00,0.00,0.00,0.00
1917.71,42.77,31.58,36.00,20.00,MAN,10,100,0,30071.43,0.00,-4.29,30075.72,0.00,0.00,0.00,0.00
1918.71,42.77,31.58,36.00,20.00,MAN,10,100,0,30071.43,0.00,-4.29,30075.72,0.00,0.00,0.00,0.00
1919.71,42.77,31.58,36.00,20.00,MAN,10,100,0,30071.43,0.00,-4.29,30075.72,0.00,0.00,0.00,0.00
1920.71,42.78,31.62,36.00,20.00,MAN,10,100,0,30071.43,0.00,-4.29,30075.72,0.00,0.00,0.00,0.00
1921.71,42.78,31.58,36.00,20.00,MAN,10,100,0,30071.43,0.00,-4.29,30075.72,0.00,0.00,0.00,0.00
1922.71,42.78,31.58,36.00,20.00,MAN,10,100,0,30071.43,0.00,-4.29,30075.72,0.00,0.00,0.00,0.00
1923.72,42.78,31.62,36.00,20.00,MAN,10,100,0,30071.43,0.00,-4.29,30075.72,0.00,0.00,0.00,0.00
1924.72,42.79,31.58,36.00,20.00,MAN,10,100,0,30071.43,0.00,-4.29,30075.72,0.00,0.00,0.00,0.00
1925.72,42.79,31.62,36.00,20.00,MAN,10,100,0,30071.43,0.00,-4.29,30075.72,0.00,0.00,0.00,0.00
1926.72,42.80,31.58,36.00,20.00,MAN,10,100,0,30071.43,0.00,-4.29,30075.72,0.00,0.00,0.00,0.00
1927.72,42.80,31.58,36.00,20.00,MAN,10,100,0,30071.43,0.00,-4.29,30075.72,0.00,0.00,0.00,0.00
1928.73,42.80,31.58,36.00,20.00,MAN,10,100,0,30071.43,0.00,-4.29,30075.72,0.00,0.00,0.00,0.00
1929.73,42.81,31.58,36.00,20.00,MAN,10,100,0,30071.43,0.00,-4.29,30075.72,0.00,0.00,0.00,0.00
1930.73,42.81,31.58,36.00,20.00,MAN,10,100,0,30071.43,0.00,-4.29,30075.72,0.00,0.00,0.00,0.00
1931.73,42.82,31.58,36.00,20.00,MAN,10,100,0,30071.43,0.00,-4.29,30075.72,0.00,0.00,0.00,0.00
1932.73,42.83,31.58,36.00,20.00,MAN,10,100,0,30071.43,0.00,-4.29,30075.72,0.00,0.00,0.00,0.00
1933.73,42.83,31.58,36.00,20.00,MAN,10,100,0,30071.43,0.00,-4.29,30075.72,0.00,0.00,0.00,0.00
1934.73,42.83,31.58,36.00,20.00,MAN,10,100,0,30071.43,0.00,-4.29,30075.72,0.00,0.00,0.00,0.00
1935.74,42.84,31.58,36.00,20.00,MAN,10,100,0,30071.43,0.00,-4.29,30075.72,0.00,0.00,0.00,0.00
1936.74,42.84,31.58,36.00,20.00,MAN,10,100,0,30071.43,0.00,-4.29,30075.72,0.00,0.00,0.00,0.00
1937.74,42.84,31.58,36.00,20.00,MAN,10,100,0,30071.43,0.00,-4.29,30075.72,0.00,0.00,0.00,0.00
1938.74,42.87,31.58,36.00,20.00,MAN,10,100,0,30071.43,0.00,-4.29,30075.72,0.00,0.00,0.00,0.00
1939.74,42.87,31.54,36.00,20.00,MAN,10,100,0,30071.43,0.00,-4.29,30075.72,0.00,0.00,0.00,0.00
1940.74,42.87,31.54,36.00,20.00,MAN,10,100,0,30071.43,0.00,-4.29,30075.72,0.00,0.00,0.00,0.00
1941.75,42.87,31.54,36.00,20.00,MAN,10,100,0,30071.43,0.00,-4.29,30075.72,0.00,0.00,0.00,0.00
1942.75,42.87,31.54,36.00,20.00,MAN,10,100,0,30071.43,0.00,-4.29,30075.72,0.00,0.00,0.00,0.00
1943.75,42.88,31.56,36.00,20.00,MAN,10,100,0,30071.43,0.00,-4.29,30075.72,0.00,0.00,0.00,0.00
1944.75,42.87,31.56,36.00,20.00,MAN,10,100,0,30071.43,0.00,-4.29,30075.72,0.00,0.00,0.00,0.00
1945.75,42.87,31.54,36.00,20.00,MAN,10,100,0,30071.43,0.00,-4.29,30075.72,0.00,0.00,0.00,0.00
1946.75,42.87,31.56,36.00,20.00,MAN,10,100,0,30071.43,0.00,-4.29,30075.72,0.00,0.00,0.00,0.00
1947.76,42.88,31.56,36.00,20.00,MAN,10,100,0,30071.43,0.00,-4.29,30075.72,0.00,0.00,0.00,0.00
1948.75,42.89,31.56,36.00,20.00,MAN,10,100,0,30071.43,0.00,-4.29,30075.72,0.00,0.00,0.00,0.00
1949.76,42.89,31.56,36.00,20.00,MAN,10,100,0,30071.43,0.00,-4.29,30075.72,0.00,0.00,0.00,0.00
1950.76,42.89,31.56,36.00,20.00,MAN,10,100,0,30071.43,0.00,-4.29,30075.72,0.00,0.00,0.00,0.00
1951.76,42.90,31.56,36.00,20.00,MAN,10,100,0,30071.43,0.00,-4.29,30075.72,0.00,0.00,0.00,0.00
1952.76,42.91,31.56,36.00,20.00,MAN,10,100,0,30071.43,0.00,-4.29,30075.72,0.00,0.00,0.00,0.00
1953.76,42.91,31.56,36.00,20.00,MAN,10,100,0,30071.43,0.00,-4.29,30075.72,0.00,0.00,0.00,0.00
1954.77,42.92,31.51,36.00,20.00,MAN,10,100,0,30071.43,0.00,-4.29,30075.72,0.00,0.00,0.00,0.00
1955.77,42.92,31.51,36.00,20.00,MAN,10,100,0,30071.43,0.00,-4.29,30075.72,0.00,0.00,0.00,0.00
1956.77,42.92,31.51,36.00,20.00,MAN,10,100,0,30071.43,0.00,-4.29,30075.72,0.00,0.00,0.00,0.00
1957.77,42.92,31.51,36.00,20.00,MAN,10,100,0,30071.43,0.00,-4.29,30075.72,0.00,0.00,0.00,0.00
1958.77,42.92,31.56,36.00,20.00,MAN,10,100,0,30071.43,0.00,-4.29,30075.72,0.00,0.00,0.00,0.00
1959.77,42.93,31.51,36.00,20.00,MAN,10,100,0,30071.43,0.00,-4.29,30075.72,0.00,0.00,0.00,0.00
1960.78,42.93,31.51,36.00,20.00,MAN,10,100,0,30071.43,0.00,-4.29,30075.72,0.00,0.00,0.00,0.00
1961.77,42.93,31.51,36.00,20.00,MAN,10,100,0,30071.43,0.00,-4.29,30075.72,0.00,0.00,0.00,0.00
1962.78,42.93,31.51,36.00,20.00,MAN,10,100,0,30071.43,0.00,-4.29,30075.72,0.00,0.00,0.00,0.00
1963.78,42.94,31.51,36.00,20.00,MAN,10,100,0,30071.43,0.00,-4.29,30075.72,0.00,0.00,0.00,0.00
1964.78,42.95,31.51,36.00,20.00,MAN,10,100,0,30071.43,0.00,-4.29,30075.72,0.00,0.00,0.00,0.00
1965.78,42.94,31.51,36.00,20.00,MAN,10,100,0,30071.43,0.00,-4.29,30075.72,0.00,0.00,0.00,0.00
1966.78,42.95,31.51,36.00,20.00,MAN,10,100,0,30071.43,0.00,-4.29,30075.72,0.00,0.00,0.00,0.00
1967.79,42.95,31.56,36.00,20.00,MAN,10,100,0,30071.43,0.00,-4.29,30075.72,0.00,0.00,0.00,0.00
1968.79,42.95,31.56,36.00,20.00,MAN,10,100,0,30071.43,0.00,-4.29,30075.72,0.00,0.00,0.00,0.00
1969.79,42.96,31.51,36.00,20.00,MAN,10,100,0,30071.43,0.00,-4.29,30075.72,0.00,0.00,0.00,0.00
1970.79,42.96,31.51,36.00,20.00,MAN,10,100,0,30071.43,0.00,-4.29,30075.72,0.00,0.00,0.00,0.00
1971.79,42.96,31.51,36.00,20.00,MAN,10,100,0,30071.43,0.00,-4.29,30075.72,0.00,0.00,0.00,0.00
1972.79,42.97,31.51,36.00,20.00,MAN,10,100,0,30071.43,0.00,-4.29,30075.72,0.00,0.00,0.00,0.00
1973.80,42.97,31.51,36.00,20.00,MAN,10,100,0,30071.43,0.00,-4.29,30075.72,0.00,0.00,0.00,0.00
1974.80,42.98,31.51,36.00,20.00,MAN,10,100,0,30071.43,0.00,-4.29,30075.72,0.00,0.00,0.00,0.00
1975.80,42.98,31.51,36.00,20.00,MAN,10,100,0,30071.43,0.00,-4.29,30075.72,0.00,0.00,0.00,0.00
1976.80,42.99,31.51,36.00,20.00,MAN,10,100,0,30071.43,0.00,-4.29,30075.72,0.00,0.00,0.00,0.00
1977.80,42.99,31.51,36.00,20.00,MAN,10,100,0,30071.43,0.00,-4.29,30075.72,0.00,0.00,0.00,0.00
1978.80,42.99,31.51,36.00,20.00,MAN,10,100,0,30071.43,0.00,-4.29,30075.72,0.00,0.00,0.00,0.00
1979.81,42.98,31.51,36.00,20.00,MAN,10,100,0,30071.43,0.00,-4.29,30075.72,0.00,0.00,0.00,0.00
1980.80,42.98,31.51,36.00,20.00,MAN,10,100,0,30071.43,0.00,-4.29,30075.72,0.00,0.00,0.00,0.00
1981.81,42.99,31.51,36.00,20.00,MAN,10,100,0,30071.43,0.00,-4.29,30075.72,0.00,0.00,0.00,0.00
1982.81,42.99,31.51,36.00,20.00,MAN,10,100,0,30071.43,0.00,-4.29,30075.72,0.00,0.00,0.00,0.00
1983.81,42.99,31.51,36.00,20.00,MAN,10,100,0,30071.43,0.00,-4.29,30075.72,0.00,0.00,0.00,0.00
1984.81,42.99,31.51,36.00,20.00,MAN,10,100,0,30071.43,0.00,-4.29,30075.72,0.00,0.00,0.00,0.00
1985.81,43.00,31.51,36.00,20.00,MAN,10,100,0,30071.43,0.00,-4.29,30075.72,0.00,0.00,0.00,0.00
1986.82,43.00,31.51,36.00,20.00,MAN,10,100,0,30071.43,0.00,-4.29,30075.72,0.00,0.00,0.00,0.00
1987.82,43.00,31.51,36.00,20.00,MAN,10,100,0,30071.43,0.00,-4.29,30075.72,0.00,0.00,0.00,0.00
1988.82,43.00,31.51,36.00,20.00,MAN,10,100,0,30071.43,0.00,-4.29,30075.72,0.00,0.00,0.00,0.00
1989.82,43.02,31.51,36.00,20.00,MAN,10,100,0,30071.43,0.00,-4.29,30075.72,0.00,0.00,0.00,0.00
1990.82,43.02,31.51,36.00,20.00,MAN,10,100,0,30071.43,0.00,-4.29,30075.72,0.00,0.00,0.00,0.00
1991.82,43.02,31.51,36.00,20.00,MAN,10,100,0,30071.43,0.00,-4.29,30075.72,0.00,0.00,0.00,0.00
1992.83,43.02,31.51,36.00,20.00,MAN,10,100,0,30071.43,0.00,-4.29,30075.72,0.00,0.00,0.00,0.00
1993.83,43.03,31.51,36.00,20.00,MAN,10,100,0,30071.43,0.00,-4.29,30075.72,0.00,0.00,0.00,0.00
1994.83,43.03,31.51,36.00,20.00,MAN,10,100,0,30071.43,0.00,-4.29,30075.72,0.00,0.00,0.00,0.00
1995.83,43.04,31.53,36.00,20.00,MAN,10,100,0,30071.43,0.00,-4.29,30075.72,0.00,0.00,0.00,0.00
1996.83,43.03,31.51,36.00,20.00,MAN,10,100,0,30071.43,0.00,-4.29,30075.72,0.00,0.00,0.00,0.00
1997.83,43.03,31.53,36.00,20.00,MAN,10,100,0,30071.43,0.00,-4.29,30075.72,0.00,0.00,0.00,0.00
1998.83,43.03,31.53,36.00,20.00,MAN,10,100,0,30071.43,0.00,-4.29,30075.72,0.00,0.00,0.00,0.00
1999.84,43.03,31.51,36.00,20.00,MAN,10,100,0,30071.43,0.00,-4.29,30075.72,0.00,0.00,0.00,0.00
2000.84,43.03,31.51,36.00,20.00,MAN,10,100,0,30071.43,0.00,-4.29,30075.72,0.00,0.00,0.00,0.00
2001.84,43.02,31.56,36.00,20.00,MAN,10,100,0,30071.43,0.00,-4.29,30075.72,0.00,0.00,0.00,0.00
2002.84,43.03,31.56,36.00,20.00,MAN,10,100,0,30071.43,0.00,-4.29,30075.72,0.00,0.00,0.00,0.00
2003.84,43.03,31.56,36.00,20.00,MAN,10,100,0,30071.43,0.00,-4.29,30075.72,0.00,0.00,0.00,0.00
2004.85,43.03,31.56,36.00,20.00,MAN,10,100,0,30071.43,0.00,-4.29,30075.72,0.00,0.00,0.00,0.00
2005.85,43.03,31.56,36.00,20.00,MAN,10,100,0,30071.43,0.00,-4.29,30075.72,0.00,0.00,0.00,0.00
2006.85,43.03,31.57,36.00,20.00,MAN,10,100,0,30071.43,0.00,-4.29,30075.72,0.00,0.00,0.00,0.00
2007.85,43.03,31.57,36.00,20.00,MAN,10,100,0,30071.43,0.00,-4.29,30075.72,0.00,0.00,0.00,0.00
2008.85,43.04,31.57,36.00,20.00,MAN,10,100,0,30071.43,0.00,-4.29,30075.72,0.00,0.00,0.00,0.00
2009.85,43.03,31.56,36.00,20.00,MAN,10,100,0,30071.43,0.00,-4.29,30075.72,0.00,0.00,0.00,0.00
2010.86,43.03,31.56,36.00,20.00,MAN,10,100,0,30071.43,0.00,-4.29,30075.72,0.00,0.00,0.00,0.00
2011.85,43.02,31.60,36.00,20.00,MAN,10,100,0,30071.43,0.00,-4.29,30075.72,0.00,0.00,0.00,0.00
2012.86,43.02,31.60,36.00,20.00,MAN,10,100,0,30071.43,0.00,-4.29,30075.72,0.00,0.00,0.00,0.00
2013.86,43.03,31.60,36.00,20.00,MAN,10,100,0,30071.43,0.00,-4.29,30075.72,0.00,0.00,0.00,0.00
2014.86,43.02,31.60,36.00,20.00,MAN,10,100,0,30071.43,0.00,-4.29,30075.72,0.00,0.00,0.00,0.00
2015.86,43.03,31.60,36.00,20.00,MAN,10,100,0,30071.43,0.00,-4.29,30075.72,0.00,0.00,0.00,0.00
2016.86,43.03,31.61,36.00,20.00,MAN,10,100,0,30071.43,0.00,-4.29,30075.72,0.00,0.00,0.00,0.00
2017.86,43.03,31.60,36.00,20.00,MAN,10,100,0,30071.43,0.00,-4.29,30075.72,0.00,0.00,0.00,0.00
2018.87,43.03,31.60,36.00,20.00,MAN,10,100,0,30071.43,0.00,-4.29,30075.72,0.00,0.00,0.00,0.00
2019.87,43.03,31.60,36.00,20.00,MAN,10,100,0,30071.43,0.00,-4.29,30075.72,0.00,0.00,0.00,0.00
2020.87,43.03,31.61,36.00,20.00,MAN,10,100,0,30071.43,0.00,-4.29,30075.72,0.00,0.00,0.00,0.00
2021.87,43.04,31.61,36.00,20.00,MAN,10,100,0,30071.43,0.00,-4.29,30075.72,0.00,0.00,0.00,0.00
2022.87,43.04,31.61,36.00,20.00,MAN,10,100,0,30071.43,0.00,-4.29,30075.72,0.00,0.00,0.00,0.00
2023.88,43.04,31.61,36.00,20.00,MAN,10,100,0,30071.43,0.00,-4.29,30075.72,0.00,0.00,0.00,0.00
2024.88,43.04,31.61,36.00,20.00,MAN,10,100,0,30071.43,0.00,-4.29,30075.72,0.00,0.00,0.00,0.00
2025.88,43.04,31.61,36.00,20.00,MAN,10,100,0,30071.43,0.00,-4.29,30075.72,0.00,0.00,0.00,0.00
2026.88,43.04,31.61,36.00,20.00,MAN,10,100,0,30071.43,0.00,-4.29,30075.72,0.00,0.00,0.00,0.00
2027.88,43.04,31.61,36.00,20.00,MAN,10,100,0,30071.43,0.00,-4.29,30075.72,0.00,0.00,0.00,0.00
2028.88,43.04,31.61,36.00,20.00,MAN,10,100,0,30071.43,0.00,-4.29,30075.72,0.00,0.00,0.00,0.00
2029.88,43.04,31.61,36.00,20.00,MAN,10,100,0,30071.43,0.00,-4.29,30075.72,0.00,0.00,0.00,0.00
2030.88,43.05,31.61,36.00,20.00,MAN,10,100,0,30071.43,0.00,-4.29,30075.72,0.00,0.00,0.00,0.00
2031.89,43.05,31.61,36.00,20.00,MAN,10,100,0,30071.43,0.00,-4.29,30075.72,0.00,0.00,0.00,0.00
2032.89,43.06,31.61,36.00,20.00,MAN,10,100,0,30071.43,0.00,-4.29,30075.72,0.00,0.00,0.00,0.00
2033.89,43.05,31.61,36.00,20.00,MAN,10,100,0,30071.43,0.00,-4.29,30075.72,0.00,0.00,0.00,0.00
2034.89,43.05,31.61,36.00,20.00,MAN,10,100,0,30071.43,0.00,-4.29,30075.72,0.00,0.00,0.00,0.00
2035.89,43.06,31.61,36.00,20.00,MAN,10,100,0,30071.43,0.00,-4.29,30075.72,0.00,0.00,0.00,0.00
2036.90,43.06,31.61,36.00,20.00,MAN,10,100,0,30071.43,0.00,-4.29,30075.72,0.00,0.00,0.00,0.00
2037.90,43.05,31.61,36.00,20.00,MAN,10,100,0,30071.43,0.00,-4.29,30075.72,0.00,0.00,0.00,0.00
2038.90,43.06,31.61,36.00,20.00,MAN,10,100,0,30071.43,0.00,-4.29,30075.72,0.00,0.00,0.00,0.00
2039.90,43.06,31.65,36.00,20.00,MAN,10,100,0,30071.43,0.00,-4.29,30075.72,0.00,0.00,0.00,0.00
2040.90,43.06,31.61,36.00,20.00,MAN,10,100,0,30071.43,0.00,-4.29,30075.72,0.00,0.00,0.00,0.00
2041.90,43.06,31.65,36.00,20.00,MAN,10,100,0,30071.43,0.00,-4.29,30075.72,0.00,0.00,0.00,0.00
2042.91,43.06,31.65,36.00,20.00,MAN,10,100,0,30071.43,0.00,-4.29,30075.72,0.00,0.00,0.00,0.00
2043.91,43.06,31.65,36.00,20.00,MAN,10,100,0,30071.43,0.00,-4.29,30075.72,0.00,0.00,0.00,0.00
2044.91,43.06,31.65,36.00,20.00,MAN,10,100,0,30071.43,0.00,-4.29,30075.72,0.00,0.00,0.00,0.00
2045.91,43.06,31.65,36.00,20.00,MAN,10,100,0,30071.43,0.00,-4.29,30075.72,0.00,0.00,0.00,0.00
2046.91,43.06,31.65,36.00,20.00,MAN,10,100,0,30071.43,0.00,-4.29,30075.72,0.00,0.00,0.00,0.00
