Time_Seconds,Temperature,Humidity,Setpoint_Temperature,Setpoint_Humidity,Ctrl,Error_Code,T_PWM,RH_PWM,T_PID_p,T_PID_i,T_PID_d,T_PID_out,RH_PID_p,RH_PID_i,RH_PID_d,RH_PID_out
0.00,27.36,43.06,36.00,20.00,AUTO,10,100,0,864.30,0.00,0.00,907.52,0.00,0.00,0.00,0.00
0.84,27.35,43.03,36.00,20.00,AUTO,18,100,0,865.38,0.00,0.00,908.65,0.00,0.00,0.00,0.00
1.84,27.35,43.03,36.00,20.00,AUTO,18,100,0,865.38,0.00,0.00,908.65,0.00,0.00,0.00,0.00
2.85,27.36,43.03,36.00,20.00,AUTO,18,100,0,864.30,0.00,0.00,907.52,0.00,0.00,0.00,0.00
3.85,27.38,43.00,36.00,20.00,AUTO,18,100,0,862.16,0.00,0.00,905.27,0.00,0.00,0.00,0.00
4.85,27.39,43.00,36.00,20.00,AUTO,18,100,0,861.09,0.00,0.00,904.14,0.00,0.00,0.00,0.00
5.85,27.39,43.00,36.00,20.00,AUTO,18,100,0,861.09,0.00,0.00,904.14,0.00,0.00,0.00,0.00
6.85,27.40,42.93,36.00,20.00,AUTO,18,100,0,860.01,0.00,0.00,903.02,0.00,0.00,0.00,0.00
7.86,27.41,42.93,36.00,20.00,AUTO,18,100,0,858.94,0.00,0.00,901.89,0.00,0.00,0.00,0.00
8.85,27.43,42.90,36.00,20.00,AUTO,18,100,0,856.80,0.00,0.00,899.64,0.00,0.00,0.00,0.00
9.86,27.44,42.90,36.00,20.00,AUTO,18,100,0,855.72,0.00,0.00,898.51,0.00,0.00,0.00,0.00
10.86,27.46,42.87,36.00,20.00,AUTO,18,100,0,853.58,0.00,0.00,896.26,0.00,0.00,0.00,0.00
11.86,27.47,42.85,36.00,20.00,AUTO,18,100,0,852.51,0.00,0.00,895.13,0.00,0.00,0.00,0.00
12.87,27.49,42.85,36.00,20.00,AUTO,18,100,0,851.43,0.00,0.00,894.01,0.00,0.00,0.00,0.00
13.86,27.50,42.82,36.00,20.00,AUTO,18,100,0,850.36,0.00,0.00,892.88,0.00,0.00,0.00,0.00
14.87,27.51,42.82,36.00,20.00,AUTO,18,100,0,849.29,0.00,0.00,891.75,0.00,0.00,0.00,0.00
15.87,27.53,42.79,36.00,20.00,AUTO,18,100,0,847.14,0.00,0.00,889.50,0.00,0.00,0.00,0.00
16.87,27.55,42.75,36.00,20.00,AUTO,18,100,0,845.00,0.00,0.00,887.25,0.00,0.00,0.00,0.00
17.87,27.57,42.72,36.00,20.00,AUTO,18,100,0,842.85,0.00,0.00,885.00,0.00,0.00,0.00,0.00
18.87,27.59,42.72,36.00,20.00,AUTO,18,100,0,840.71,0.00,0.00,882.75,0.00,0.00,0.00,0.00
19.87,27.61,42.65,36.00,20.00,AUTO,18,100,0,838.56,0.00,0.00,880.49,0.00,0.00,0.00,0.00
20.88,27.63,42.65,36.00,20.00,AUTO,18,100,0,837.49,0.00,0.00,879.37,0.00,0.00,0.00,0.00
21.88,27.65,42.64,36.00,20.00,AUTO,18,100,0,835.35,0.00,0.00,877.11,0.00,0.00,0.00,0.00
22.88,27.67,42.61,36.00,20.00,AUTO,18,100,0,833.20,0.00,0.00,874.86,0.00,0.00,0.00,0.00
23.88,27.68,42.58,36.00,20.00,AUTO,18,100,0,832.13,0.00,0.00,873.74,0.00,0.00,0.00,0.00
24.88,27.70,42.54,36.00,20.00,AUTO,18,100,0,829.98,0.00,0.00,871.48,0.00,0.00,0.00,0.00
25.88,27.72,42.51,36.00,20.00,AUTO,18,100,0,827.84,0.00,0.00,869.23,0.00,0.00,0.00,0.00
26.89,27.75,42.48,36.00,20.00,AUTO,18,100,0,824.62,0.00,0.00,865.85,0.00,0.00,0.00,0.00
27.89,27.79,42.44,36.00,20.00,AUTO,18,100,0,821.40,0.00,0.00,862.47,0.00,0.00,0.00,0.00
28.89,27.82,42.43,36.00,20.00,AUTO,18,100,0,818.19,0.00,0.00,859.10,0.00,0.00,0.00,0.00
29.89,27.84,42.36,36.00,20.00,AUTO,18,100,0,816.04,0.00,0.00,856.84,0.00,0.00,0.00,0.00
30.89,27.85,42.32,36.00,20.00,AUTO,18,100,0,814.97,0.00,0.00,855.72,0.00,0.00,0.00,0.00
31.89,27.88,42.29,36.00,20.00,AUTO,18,100,0,811.75,0.00,0.00,852.34,0.00,0.00,0.00,0.00
32.89,27.90,42.19,36.00,20.00,AUTO,18,100,0,809.61,0.00,0.00,850.09,0.00,0.00,0.00,0.00
33.90,27.94,42.16,36.00,20.00,AUTO,18,100,0,806.39,0.00,0.00,846.71,0.00,0.00,0.00,0.00
34.90,27.97,42.13,36.00,20.00,AUTO,18,100,0,803.17,0.00,0.00,843.33,0.00,0.00,0.00,0.00
35.90,27.99,42.08,36.00,20.00,AUTO,18,100,0,801.03,0.00,0.00,841.08,0.00,0.00,0.00,0.00
36.90,28.02,42.05,36.00,20.00,AUTO,18,100,0,797.81,0.00,0.00,837.70,0.00,0.00,0.00,0.00
37.90,28.05,41.98,36.00,20.00,AUTO,18,100,0,794.59,0.00,0.00,834.32,0.00,0.00,0.00,0.00
38.90,28.08,41.95,36.00,20.00,AUTO,18,100,0,792.45,0.00,0.00,832.07,0.00,0.00,0.00,0.00
39.91,28.11,41.88,36.00,20.00,AUTO,18,100,0,789.23,0.00,0.00,828.69,0.00,0.00,0.00,0.00
40.91,28.14,41.87,36.00,20.00,AUTO,18,100,0,786.01,0.00,0.00,825.31,0.00,0.00,0.00,0.00
41.91,28.18,41.84,36.00,20.00,AUTO,18,100,0,781.72,0.00,0.00,820.81,0.00,0.00,0.00,0.00
42.91,28.20,41.77,36.00,20.00,AUTO,18,100,0,779.58,0.00,0.00,818.55,0.00,0.00,0.00,0.00
43.91,28.24,41.74,36.00,20.00,AUTO,18,100,0,776.36,0.00,0.00,815.18,0.00,0.00,0.00,0.00
44.91,28.27,41.67,36.00,20.00,AUTO,18,100,0,773.14,0.00,0.00,811.80,0.00,0.00,0.00,0.00
45.91,28.31,41.60,36.00,20.00,AUTO,18,100,0,768.85,0.00,0.00,807.29,0.00,0.00,0.00,0.00
46.92,28.34,41.59,36.00,20.00,AUTO,18,100,0,765.63,0.00,0.00,803.92,0.00,0.00,0.00,0.00
47.92,28.38,41.49,36.00,20.00,AUTO,18,100,0,762.42,0.00,0.00,800.54,0.00,0.00,0.00,0.00
48.92,28.42,41.42,36.00,20.00,AUTO,18,100,0,758.13,0.00,0.00,796.03,0.00,0.00,0.00,0.00
49.92,28.45,41.36,36.00,20.00,AUTO,18,100,0,754.91,0.00,0.00,792.65,0.00,0.00,0.00,0.00
50.92,28.47,41.33,36.00,20.00,AUTO,18,100,0,752.76,0.00,0.00,790.40,0.00,0.00,0.00,0.00
51.92,28.52,41.28,36.00,20.00,AUTO,18,100,0,748.47,0.00,0.00,785.90,0.00,0.00,0.00,0.00
52.93,28.54,41.21,36.00,20.00,AUTO,18,100,0,746.33,0.00,0.00,783.65,0.00,0.00,0.00,0.00
53.93,28.57,41.18,36.00,20.00,AUTO,18,100,0,743.11,0.00,0.00,780.27,0.00,0.00,0.00,0.00
54.93,28.60,41.11,36.00,20.00,AUTO,18,100,0,739.89,0.00,0.00,776.89,0.00,0.00,0.00,0.00
55.93,28.64,41.04,36.00,20.00,AUTO,18,100,0,735.60,0.00,0.00,772.38,0.00,0.00,0.00,0.00
56.93,28.69,41.03,36.00,20.00,AUTO,18,100,0,731.31,0.00,0.00,767.88,0.00,0.00,0.00,0.00
57.93,28.73,40.97,36.00,20.00,AUTO,18,100,0,727.02,0.00,0.00,763.37,0.00,0.00,0.00,0.00
58.94,28.74,40.93,36.00,20.00,AUTO,18,100,0,725.95,0.00,0.00,762.25,0.00,0.00,0.00,0.00
59.94,28.77,40.87,36.00,20.00,AUTO,18,100,0,722.73,0.00,0.00,758.87,0.00,0.00,0.00,0.00
60.94,28.80,40.76,36.00,20.00,AUTO,18,100,0,719.52,0.00,0.00,755.49,0.00,0.00,0.00,0.00
61.94,28.85,40.75,36.00,20.00,AUTO,18,100,0,715.23,0.00,0.00,750.99,0.00,0.00,0.00,0.00
62.94,28.86,40.68,36.00,20.00,AUTO,18,100,0,714.15,0.00,0.00,749.86,0.00,0.00,0.00,0.00
63.94,28.91,40.65,36.00,20.00,AUTO,18,100,0,708.79,0.00,0.00,744.23,0.00,0.00,0.00,0.00
64.94,28.93,40.59,36.00,20.00,AUTO,18,100,0,706.65,0.00,0.00,741.98,0.00,0.00,0.00,0.00
65.95,28.99,40.52,36.00,20.00,AUTO,18,100,0,701.28,0.00,0.00,736.35,0.00,0.00,0.00,0.00
66.95,29.03,40.47,36.00,20.00,AUTO,18,100,0,696.99,0.00,0.00,731.84,0.00,0.00,0.00,0.00
67.95,29.05,40.40,36.00,20.00,AUTO,18,100,0,694.85,0.00,0.00,729.59,0.00,0.00,0.00,0.00
68.95,29.09,40.36,36.00,20.00,AUTO,18,100,0,690.56,0.00,0.00,725.09,0.00,0.00,0.00,0.00
69.95,29.14,40.30,36.00,20.00,AUTO,18,100,0,686.27,0.00,0.00,720.58,0.00,0.00,0.00,0.00
70.95,29.17,40.26,36.00,20.00,AUTO,18,100,0,683.05,0.00,0.00,717.20,0.00,0.00,0.00,0.00
71.96,29.19,40.19,36.00,20.00,AUTO,18,100,0,680.91,0.00,0.00,714.95,0.00,0.00,0.00,0.00
72.96,29.22,40.15,36.00,20.00,AUTO,18,100,0,677.69,0.00,0.00,711.57,0.00,0.00,0.00,0.00
73.96,29.26,40.05,36.00,20.00,AUTO,18,100,0,674.47,0.00,0.00,708.19,0.00,0.00,0.00,0.00
74.96,29.31,40.02,36.00,20.00,AUTO,18,100,0,669.11,0.00,0.00,702.56,0.00,0.00,0.00,0.00
75.96,29.35,39.95,36.00,20.00,AUTO,18,100,0,664.82,0.00,0.00,698.06,0.00,0.00,0.00,0.00
76.96,29.39,39.91,36.00,20.00,AUTO,18,100,0,660.53,0.00,0.00,693.55,0.00,0.00,0.00,0.00
77.97,29.42,39.84,36.00,20.00,AUTO,18,100,0,658.38,0.00,0.00,691.30,0.00,0.00,0.00,0.00
78.97,29.46,39.78,36.00,20.00,AUTO,18,100,0,654.09,0.00,0.00,686.80,0.00,0.00,0.00,0.00
79.97,29.49,39.71,36.00,20.00,AUTO,18,100,0,650.88,0.00,0.00,683.42,0.00,0.00,0.00,0.00
80.97,29.51,39.67,36.00,20.00,AUTO,18,100,0,648.73,0.00,0.00,681.17,0.00,0.00,0.00,0.00
81.97,29.56,39.62,36.00,20.00,AUTO,18,100,0,644.44,0.00,0.00,676.66,0.00,0.00,0.00,0.00
82.97,29.59,39.59,36.00,20.00,AUTO,18,100,0,641.22,0.00,0.00,673.28,0.00,0.00,0.00,0.00
83.97,29.62,39.52,36.00,20.00,AUTO,18,100,0,638.01,0.00,0.00,669.91,0.00,0.00,0.00,0.00
84.98,29.66,39.49,36.00,20.00,AUTO,18,100,0,633.72,0.00,0.00,665.40,0.00,0.00,0.00,0.00
85.98,29.71,39.44,36.00,20.00,AUTO,18,100,0,629.43,0.00,0.00,660.90,0.00,0.00,0.00,0.00
86.98,29.74,39.34,36.00,20.00,AUTO,18,100,0,626.21,0.00,0.00,657.52,0.00,0.00,0.00,0.00
87.98,29.77,39.27,36.00,20.00,AUTO,18,100,0,622.99,0.00,0.00,654.14,0.00,0.00,0.00,0.00
88.98,29.81,39.24,36.00,20.00,AUTO,18,100,0,618.70,0.00,0.00,649.63,0.00,0.00,0.00,0.00
89.98,29.85,39.17,36.00,20.00,AUTO,18,100,0,615.48,0.00,0.00,646.26,0.00,0.00,0.00,0.00
90.99,29.89,39.13,36.00,20.00,AUTO,18,100,0,611.19,0.00,0.00,641.75,0.00,0.00,0.00,0.00
91.99,29.92,39.10,36.00,20.00,AUTO,18,100,0,607.97,0.00,0.00,638.37,0.00,0.00,0.00,0.00
92.99,29.95,39.03,36.00,20.00,AUTO,18,100,0,604.76,0.00,0.00,635.00,0.00,0.00,0.00,0.00
93.99,30.00,38.96,36.00,20.00,AUTO,18,100,0,600.47,0.00,0.00,630.49,0.00,0.00,0.00,0.00
94.99,30.02,38.93,36.00,20.00,AUTO,18,100,0,598.32,0.00,0.00,628.24,0.00,0.00,0.00,0.00
96.00,30.05,38.88,36.00,20.00,AUTO,18,100,0,595.10,0.00,0.00,624.86,0.00,0.00,0.00,0.00
96.99,30.07,38.85,36.00,20.00,AUTO,18,100,0,592.96,0.00,0.00,622.61,0.00,0.00,0.00,0.00
98.00,30.11,38.78,36.00,20.00,AUTO,18,100,0,588.67,0.00,0.00,618.10,0.00,0.00,0.00,0.00
99.00,30.13,38.75,36.00,20.00,AUTO,18,100,0,586.52,0.00,0.00,615.85,0.00,0.00,0.00,0.00
100.00,30.17,38.72,36.00,20.00,AUTO,18,100,0,583.31,0.00,0.00,612.47,0.00,0.00,0.00,0.00
101.00,30.20,38.70,36.00,20.00,AUTO,18,100,0,580.09,0.00,0.00,609.09,0.00,0.00,0.00,0.00
102.00,30.23,38.59,36.00,20.00,AUTO,18,100,0,576.87,0.00,0.00,605.72,0.00,0.00,0.00,0.00
103.00,30.28,38.53,36.00,20.00,AUTO,18,100,0,571.51,0.00,0.00,600.09,0.00,0.00,0.00,0.00
104.01,30.32,38.49,36.00,20.00,AUTO,18,100,0,568.29,0.00,0.00,596.71,0.00,0.00,0.00,0.00
105.01,30.35,38.43,36.00,20.00,AUTO,18,100,0,565.07,0.00,0.00,593.33,0.00,0.00,0.00,0.00
106.01,30.38,38.41,36.00,20.00,AUTO,18,100,0,561.86,0.00,0.00,589.95,0.00,0.00,0.00,0.00
107.01,30.41,38.35,36.00,20.00,AUTO,18,100,0,558.64,0.00,0.00,586.57,0.00,0.00,0.00,0.00
108.01,30.46,38.31,36.00,20.00,AUTO,18,100,0,554.35,0.00,0.00,582.07,0.00,0.00,0.00,0.00
109.01,30.49,38.25,36.00,20.00,AUTO,18,100,0,551.13,0.00,0.00,578.69,0.00,0.00,0.00,0.00
110.02,30.55,38.21,36.00,20.00,AUTO,18,100,0,544.70,0.00,0.00,571.93,0.00,0.00,0.00,0.00
111.02,30.55,38.18,36.00,20.00,AUTO,18,100,0,544.70,0.00,0.00,571.93,0.00,0.00,0.00,0.00
112.02,30.56,38.13,36.00,20.00,AUTO,18,100,0,543.62,0.00,0.00,570.81,0.00,0.00,0.00,0.00
113.02,30.56,38.10,36.00,20.00,AUTO,18,100,0,543.62,0.00,0.00,570.81,0.00,0.00,0.00,0.00
114.02,30.60,38.07,36.00,20.00,AUTO,18,100,0,540.41,0.00,0.00,567.43,0.00,0.00,0.00,0.00
115.02,30.65,38.00,36.00,20.00,AUTO,18,100,0,535.04,0.00,0.00,561.80,0.00,0.00,0.00,0.00
116.02,30.68,37.96,36.00,20.00,AUTO,18,100,0,531.83,0.00,0.00,558.42,0.00,0.00,0.00,0.00
117.03,30.72,37.86,36.00,20.00,AUTO,18,100,0,527.54,0.00,0.00,553.91,0.00,0.00,0.00,0.00
118.03,30.76,37.85,36.00,20.00,AUTO,18,100,0,524.32,0.00,0.00,550.54,0.00,0.00,0.00,0.00
119.03,30.79,37.78,36.00,20.00,AUTO,18,100,0,521.10,0.00,0.00,547.16,0.00,0.00,0.00,0.00
120.03,30.81,37.75,36.00,20.00,AUTO,18,100,0,518.96,0.00,0.00,544.90,0.00,0.00,0.00,0.00
121.03,30.85,37.72,36.00,20.00,AUTO,18,100,0,514.67,0.00,0.00,540.40,0.00,0.00,0.00,0.00
122.04,30.89,37.66,36.00,20.00,AUTO,18,100,0,511.45,0.00,0.00,537.02,0.00,0.00,0.00,0.00
123.04,30.92,37.63,36.00,20.00,AUTO,18,100,0,508.23,0.00,0.00,533.64,0.00,0.00,0.00,0.00
124.04,30.95,37.59,36.00,20.00,AUTO,18,100,0,505.01,0.00,0.00,530.26,0.00,0.00,0.00,0.00
125.04,30.98,37.53,36.00,20.00,AUTO,18,100,0,501.80,0.00,0.00,526.89,0.00,0.00,0.00,0.00
126.04,31.01,37.50,36.00,20.00,AUTO,18,100,0,498.58,0.00,0.00,523.51,0.00,0.00,0.00,0.00
127.04,31.05,37.46,36.00,20.00,AUTO,18,100,0,495.36,0.00,0.00,520.13,0.00,0.00,0.00,0.00
128.05,31.08,37.40,36.00,20.00,AUTO,18,100,0,492.14,0.00,0.00,516.75,0.00,0.00,0.00,0.00
129.04,31.09,37.38,36.00,20.00,AUTO,18,100,0,491.07,0.00,0.00,515.62,0.00,0.00,0.00,0.00
130.05,31.12,37.35,36.00,20.00,AUTO,18,100,0,487.85,0.00,0.00,512.25,0.00,0.00,0.00,0.00
131.05,31.16,37.31,36.00,20.00,AUTO,18,100,0,483.56,0.00,0.00,507.74,0.00,0.00,0.00,0.00
132.05,31.20,37.25,36.00,20.00,AUTO,18,100,0,480.35,0.00,0.00,504.36,0.00,0.00,0.00,0.00
133.05,31.24,37.24,36.00,20.00,AUTO,18,100,0,476.06,0.00,0.00,499.86,0.00,0.00,0.00,0.00
134.05,31.26,37.17,36.00,20.00,AUTO,18,100,0,473.91,0.00,0.00,497.61,0.00,0.00,0.00,0.00
135.05,31.28,37.10,36.00,20.00,AUTO,18,100,0,471.77,0.00,0.00,495.35,0.00,0.00,0.00,0.00
136.06,31.31,37.06,36.00,20.00,AUTO,18,100,0,468.55,0.00,0.00,491.98,0.00,0.00,0.00,0.00
137.06,31.35,37.03,36.00,20.00,AUTO,18,100,0,465.33,0.00,0.00,488.60,0.00,0.00,0.00,0.00
138.06,31.38,37.00,36.00,20.00,AUTO,18,100,0,462.11,0.00,0.00,485.22,0.00,0.00,0.00,0.00
139.06,31.42,36.96,36.00,20.00,AUTO,18,100,0,457.82,0.00,0.00,480.71,0.00,0.00,0.00,0.00
140.06,31.45,36.92,36.00,20.00,AUTO,18,100,0,454.61,0.00,0.00,477.34,0.00,0.00,0.00,0.00
141.07,31.49,36.88,36.00,20.00,AUTO,18,100,0,451.39,0.00,0.00,473.96,0.00,0.00,0.00,0.00
142.06,31.52,36.85,36.00,20.00,AUTO,18,100,0,448.17,0.00,0.00,470.58,0.00,0.00,0.00,0.00
143.07,31.54,36.82,36.00,20.00,AUTO,18,100,0,446.03,0.00,0.00,468.33,0.00,0.00,0.00,0.00
144.07,31.57,36.76,36.00,20.00,AUTO,18,100,0,442.81,0.00,0.00,464.95,0.00,0.00,0.00,0.00
145.07,31.60,36.73,36.00,20.00,AUTO,18,100,0,439.59,0.00,0.00,461.57,0.00,0.00,0.00,0.00
146.07,31.64,36.69,36.00,20.00,AUTO,18,100,0,436.37,0.00,0.00,458.19,0.00,0.00,0.00,0.00
147.07,31.67,36.66,36.00,20.00,AUTO,18,100,0,433.16,0.00,0.00,454.81,0.00,0.00,0.00,0.00
148.07,31.69,36.63,36.00,20.00,AUTO,18,100,0,431.01,0.00,0.00,452.56,0.00,0.00,0.00,0.00
149.08,31.72,36.56,36.00,20.00,AUTO,18,100,0,427.79,0.00,0.00,449.18,0.00,0.00,0.00,0.00
150.08,31.75,36.55,36.00,20.00,AUTO,18,100,0,424.58,0.00,0.00,445.80,0.00,0.00,0.00,0.00
151.08,31.79,36.52,36.00,20.00,AUTO,18,100,0,421.36,0.00,0.00,442.43,0.00,0.00,0.00,0.00
152.08,31.82,36.45,36.00,20.00,AUTO,18,100,0,418.14,0.00,0.00,439.05,0.00,0.00,0.00,0.00
153.08,31.85,36.41,36.00,20.00,AUTO,18,100,0,414.92,0.00,0.00,435.67,0.00,0.00,0.00,0.00
154.09,31.88,36.34,36.00,20.00,AUTO,18,100,0,411.71,0.00,0.00,432.29,0.00,0.00,0.00,0.00
155.09,31.92,36.31,36.00,20.00,AUTO,18,100,0,408.49,0.00,0.00,428.91,0.00,0.00,0.00,0.00
156.09,31.94,36.30,36.00,20.00,AUTO,18,100,0,406.34,0.00,0.00,426.66,0.00,0.00,0.00,0.00
157.09,31.96,36.26,36.00,20.00,AUTO,18,100,0,404.20,0.00,0.00,424.41,0.00,0.00,0.00,0.00
158.09,31.99,36.23,36.00,20.00,AUTO,18,100,0,400.98,0.00,0.00,421.03,0.00,0.00,0.00,0.00
159.09,32.02,36.16,36.00,20.00,AUTO,18,100,0,397.76,0.00,0.00,417.65,0.00,0.00,0.00,0.00
160.09,32.05,36.13,36.00,20.00,AUTO,18,100,0,394.55,0.00,0.00,414.27,0.00,0.00,0.00,0.00
161.09,32.08,36.09,36.00,20.00,AUTO,18,100,0,392.40,0.00,0.00,412.02,0.00,0.00,0.00,0.00
162.10,32.11,36.08,36.00,20.00,AUTO,18,100,0,389.18,0.00,0.00,408.64,0.00,0.00,0.00,0.00
163.10,32.13,36.05,36.00,20.00,AUTO,18,100,0,387.04,0.00,0.00,406.39,0.00,0.00,0.00,0.00
164.10,32.18,36.01,36.00,20.00,AUTO,18,100,0,381.67,0.00,0.00,400.76,0.00,0.00,0.00,0.00
165.10,32.20,35.98,36.00,20.00,AUTO,18,100,0,379.53,0.00,0.00,398.51,0.00,0.00,0.00,0.00
166.10,32.24,35.91,36.00,20.00,AUTO,18,100,0,376.31,0.00,0.00,395.13,0.00,0.00,0.00,0.00
167.10,32.27,35.88,36.00,20.00,AUTO,18,100,0,373.09,0.00,0.00,391.75,0.00,0.00,0.00,0.00
168.11,32.29,35.85,36.00,20.00,AUTO,18,100,0,370.95,0.00,0.00,389.50,0.00,0.00,0.00,0.00
169.11,32.32,35.82,36.00,20.00,AUTO,18,100,0,367.73,0.00,0.00,386.12,0.00,0.00,0.00,0.00
170.11,32.35,35.79,36.00,20.00,AUTO,18,100,0,364.51,0.00,0.00,382.74,0.00,0.00,0.00,0.00
171.11,32.38,35.73,36.00,20.00,AUTO,18,100,0,362.37,0.00,0.00,380.49,0.00,0.00,0.00,0.00
172.11,32.39,35.69,36.00,20.00,AUTO,18,100,0,361.30,0.00,0.00,379.36,0.00,0.00,0.00,0.00
173.12,32.44,35.67,36.00,20.00,AUTO,18,100,0,355.93,0.00,0.00,373.73,0.00,0.00,0.00,0.00
174.11,32.46,35.64,36.00,20.00,AUTO,18,100,0,353.79,0.00,0.00,371.48,0.00,0.00,0.00,0.00
175.12,32.49,35.61,36.00,20.00,AUTO,18,100,0,350.57,0.00,0.00,368.10,0.00,0.00,0.00,0.00
176.12,32.52,35.57,36.00,20.00,AUTO,18,100,0,348.43,0.00,0.00,365.85,0.00,0.00,0.00,0.00
177.12,32.54,35.50,36.00,20.00,AUTO,18,100,0,346.28,0.00,0.00,363.60,0.00,0.00,0.00,0.00
178.12,32.56,35.50,36.00,20.00,AUTO,18,100,0,344.14,0.00,0.00,361.34,0.00,0.00,0.00,0.00
179.12,32.60,35.49,36.00,20.00,AUTO,18,100,0,339.85,0.00,0.00,356.84,0.00,0.00,0.00,0.00
180.13,32.62,35.46,36.00,20.00,AUTO,18,100,0,337.70,0.00,0.00,354.59,0.00,0.00,0.00,0.00
181.13,32.64,35.39,36.00,20.00,AUTO,18,100,0,335.56,0.00,0.00,352.34,0.00,0.00,0.00,0.00
182.13,32.67,35.39,36.00,20.00,AUTO,18,100,0,333.41,0.00,0.00,350.08,0.00,0.00,0.00,0.00
183.13,32.69,35.35,36.00,20.00,AUTO,18,100,0,331.27,0.00,0.00,347.83,0.00,0.00,0.00,0.00
184.13,32.72,35.32,36.00,20.00,AUTO,18,100,0,328.05,0.00,0.00,344.45,0.00,0.00,0.00,0.00
185.13,32.74,35.28,36.00,20.00,AUTO,18,100,0,325.90,0.00,0.00,342.20,0.00,0.00,0.00,0.00
186.14,32.76,35.25,36.00,20.00,AUTO,18,100,0,323.76,0.00,0.00,339.95,0.00,0.00,0.00,0.00
187.14,32.81,35.24,36.00,20.00,AUTO,18,100,0,319.47,0.00,0.00,335.44,0.00,0.00,0.00,0.00
188.14,32.83,35.21,36.00,20.00,AUTO,18,100,0,317.32,0.00,0.00,333.19,0.00,0.00,0.00,0.00
189.14,32.85,35.21,36.00,20.00,AUTO,18,100,0,315.18,0.00,0.00,330.94,0.00,0.00,0.00,0.00
190.14,32.87,35.17,36.00,20.00,AUTO,18,100,0,313.03,0.00,0.00,328.69,0.00,0.00,0.00,0.00
191.14,32.89,35.14,36.00,20.00,AUTO,18,100,0,310.89,0.00,0.00,326.43,0.00,0.00,0.00,0.00
192.14,32.91,35.10,36.00,20.00,AUTO,18,100,0,308.74,0.00,0.00,324.18,0.00,0.00,0.00,0.00
193.14,32.94,35.08,36.00,20.00,AUTO,18,100,0,305.53,0.00,0.00,320.80,0.00,0.00,0.00,0.00
194.15,32.97,35.02,36.00,20.00,AUTO,18,100,0,303.38,0.00,0.00,318.55,0.00,0.00,0.00,0.00
195.15,32.99,34.99,36.00,20.00,AUTO,18,100,0,301.24,0.00,0.00,316.30,0.00,0.00,0.00,0.00
196.15,33.02,34.95,36.00,20.00,AUTO,18,100,0,298.02,0.00,0.00,312.92,0.00,0.00,0.00,0.00
197.15,33.04,34.92,36.00,20.00,AUTO,18,100,0,295.87,0.00,0.00,310.67,0.00,0.00,0.00,0.00
198.15,33.06,34.92,36.00,20.00,AUTO,18,100,0,293.73,0.00,0.00,308.42,0.00,0.00,0.00,0.00
199.15,33.08,34.89,36.00,20.00,AUTO,18,100,0,291.58,0.00,0.00,306.16,0.00,0.00,0.00,0.00
200.16,33.12,34.87,36.00,20.00,AUTO,18,100,0,288.37,0.00,0.00,302.79,0.00,0.00,0.00,0.00
201.16,33.16,34.83,36.00,20.00,AUTO,18,100,0,284.08,0.00,0.00,298.28,0.00,0.00,0.00,0.00
202.16,33.18,34.80,36.00,20.00,AUTO,18,100,0,281.93,0.00,0.00,296.03,0.00,0.00,0.00,0.00
203.16,33.21,34.76,36.00,20.00,AUTO,18,100,0,278.71,0.00,0.00,292.65,0.00,0.00,0.00,0.00
204.16,33.23,34.73,36.00,20.00,AUTO,18,100,0,276.57,0.00,0.00,290.40,0.00,0.00,0.00,0.00
205.17,33.28,34.70,36.00,20.00,AUTO,18,100,0,272.28,0.00,0.00,285.89,0.00,0.00,0.00,0.00
206.17,33.30,34.66,36.00,20.00,AUTO,18,100,0,270.13,0.00,0.00,283.64,0.00,0.00,0.00,0.00
207.17,33.30,34.62,36.00,20.00,AUTO,18,100,0,270.13,0.00,0.00,283.64,0.00,0.00,0.00,0.00
208.17,33.33,34.62,36.00,20.00,AUTO,18,100,0,266.92,0.00,0.00,280.26,0.00,0.00,0.00,0.00
209.17,33.36,34.54,36.00,20.00,AUTO,18,100,0,263.70,0.00,0.00,276.88,0.00,0.00,0.00,0.00
210.17,33.40,34.54,36.00,20.00,AUTO,18,100,0,260.48,0.00,0.00,273.51,0.00,0.00,0.00,0.00
211.17,33.41,34.50,36.00,20.00,AUTO,18,100,0,259.41,0.00,0.00,272.38,0.00,0.00,0.00,0.00
212.18,33.43,34.46,36.00,20.00,AUTO,18,100,0,257.26,0.00,0.00,270.13,0.00,0.00,0.00,0.00
213.18,33.45,34.46,36.00,20.00,AUTO,18,100,0,255.12,0.00,0.00,267.88,0.00,0.00,0.00,0.00
214.18,33.48,34.44,36.00,20.00,AUTO,18,100,0,251.90,0.00,0.00,264.50,0.00,0.00,0.00,0.00
215.18,33.50,34.40,36.00,20.00,AUTO,18,100,0,249.76,0.00,0.00,262.24,0.00,0.00,0.00,0.00
216.18,33.51,34.36,36.00,20.00,AUTO,18,100,0,248.68,0.00,0.00,261.12,0.00,0.00,0.00,0.00
217.18,33.55,34.32,36.00,20.00,AUTO,18,100,0,245.47,0.00,0.00,257.74,0.00,0.00,0.00,0.00
218.19,33.57,34.32,36.00,20.00,AUTO,18,100,0,243.32,0.00,0.00,255.49,0.00,0.00,0.00,0.00
219.19,33.58,34.28,36.00,20.00,AUTO,18,100,0,242.25,0.00,0.00,254.36,0.00,0.00,0.00,0.00
220.19,33.60,34.24,36.00,20.00,AUTO,18,100,0,240.10,0.00,0.00,252.11,0.00,0.00,0.00,0.00
221.19,33.63,34.24,36.00,20.00,AUTO,18,100,0,236.89,0.00,0.00,248.73,0.00,0.00,0.00,0.00
222.19,33.64,34.18,36.00,20.00,AUTO,18,100,0,235.81,0.00,0.00,247.60,0.00,0.00,0.00,0.00
223.19,33.65,34.13,36.00,20.00,AUTO,18,100,0,234.74,0.00,0.00,246.48,0.00,0.00,0.00,0.00
224.19,33.67,34.13,36.00,20.00,AUTO,18,100,0,232.60,0.00,0.00,244.23,0.00,0.00,0.00,0.00
225.19,33.68,34.09,36.00,20.00,AUTO,18,100,0,231.52,0.00,0.00,243.10,0.00,0.00,0.00,0.00
226.20,33.72,34.05,36.00,20.00,AUTO,18,100,0,228.31,0.00,0.00,239.72,0.00,0.00,0.00,0.00
227.20,33.73,34.05,36.00,20.00,AUTO,18,100,0,227.23,0.00,0.00,238.60,0.00,0.00,0.00,0.00
228.21,33.75,34.02,36.00,20.00,AUTO,18,100,0,225.09,0.00,0.00,236.34,0.00,0.00,0.00,0.00
229.20,33.77,34.02,36.00,20.00,AUTO,18,100,0,222.94,0.00,0.00,234.09,0.00,0.00,0.00,0.00
230.20,33.79,33.97,36.00,20.00,AUTO,18,100,0,220.80,0.00,0.00,231.84,0.00,0.00,0.00,0.00
231.22,33.82,33.96,36.00,20.00,AUTO,18,100,0,217.58,0.00,0.00,228.46,0.00,0.00,0.00,0.00
232.21,33.83,33.91,36.00,20.00,AUTO,18,100,0,216.51,0.00,0.00,227.33,0.00,0.00,0.00,0.00
233.21,33.86,33.91,36.00,20.00,AUTO,18,100,0,214.36,0.00,0.00,225.08,0.00,0.00,0.00,0.00
234.21,33.86,33.87,36.00,20.00,AUTO,18,100,0,214.36,0.00,0.00,225.08,0.00,0.00,0.00,0.00
235.21,33.89,33.87,36.00,20.00,AUTO,18,100,0,211.15,0.00,0.00,221.70,0.00,0.00,0.00,0.00
236.21,33.90,33.83,36.00,20.00,AUTO,18,100,0,210.07,0.00,0.00,220.58,0.00,0.00,0.00,0.00
237.22,33.92,33.79,36.00,20.00,AUTO,18,100,0,207.93,0.00,0.00,218.32,0.00,0.00,0.00,0.00
238.22,33.93,33.79,36.00,20.00,AUTO,18,100,0,206.86,0.00,0.00,217.20,0.00,0.00,0.00,0.00
239.22,33.95,33.75,36.00,20.00,AUTO,18,100,0,204.71,0.00,0.00,214.95,0.00,0.00,0.00,0.00
240.22,33.97,33.76,36.00,20.00,AUTO,18,100,0,202.57,0.00,0.00,212.69,0.00,0.00,0.00,0.00
241.22,34.00,33.73,36.00,20.00,AUTO,18,100,0,200.42,0.00,0.00,210.44,0.00,0.00,0.00,0.00
242.22,34.02,33.73,36.00,20.00,AUTO,18,100,0,198.28,0.00,0.00,208.19,0.00,0.00,0.00,0.00
243.22,34.04,33.69,36.00,20.00,AUTO,16,100,0,196.13,0.00,0.00,205.94,0.00,0.00,0.00,0.00
244.23,34.05,33.65,36.00,20.00,AUTO,16,100,0,195.06,0.00,0.00,204.81,0.00,0.00,0.00,0.00
245.23,34.07,33.65,36.00,20.00,AUTO,16,100,0,192.91,0.00,0.00,202.56,0.00,0.00,0.00,0.00
246.24,34.10,33.60,36.00,20.00,AUTO,16,100,0,189.70,0.00,0.00,199.18,0.00,0.00,0.00,0.00
247.23,34.14,33.59,36.00,20.00,AUTO,16,100,0,186.48,0.00,0.00,195.80,0.00,0.00,0.00,0.00
248.23,34.16,33.59,36.00,20.00,AUTO,16,100,0,184.33,0.00,0.00,193.55,0.00,0.00,0.00,0.00
249.23,34.18,33.54,36.00,20.00,AUTO,16,100,0,182.19,0.00,0.00,191.30,0.00,0.00,0.00,0.00
250.24,34.21,33.51,36.00,20.00,AUTO,16,100,0,178.97,0.00,0.00,187.92,0.00,0.00,0.00,0.00
251.24,34.21,33.51,36.00,20.00,AUTO,16,100,0,178.97,0.00,0.00,187.92,0.00,0.00,0.00,0.00
252.24,34.24,33.47,36.00,20.00,AUTO,16,100,0,175.75,0.00,0.00,184.54,0.00,0.00,0.00,0.00
253.24,34.25,33.42,36.00,20.00,AUTO,16,100,0,174.68,0.00,0.00,183.42,0.00,0.00,0.00,0.00
254.24,34.27,33.42,36.00,20.00,AUTO,16,100,0,172.54,0.00,0.00,181.16,0.00,0.00,0.00,0.00
255.24,34.29,33.38,36.00,20.00,AUTO,16,100,0,171.46,0.00,0.00,180.04,0.00,0.00,0.00,0.00
256.25,34.31,33.34,36.00,20.00,AUTO,16,100,0,169.32,0.00,0.00,177.78,0.00,0.00,0.00,0.00
257.24,34.32,33.36,36.00,20.00,AUTO,16,100,0,168.25,0.00,0.00,176.66,0.00,0.00,0.00,0.00
258.25,34.35,33.28,36.00,20.00,AUTO,16,100,0,165.03,0.00,0.00,173.28,0.00,0.00,0.00,0.00
259.25,34.36,33.28,36.00,20.00,AUTO,16,100,0,163.96,0.00,0.00,172.15,0.00,0.00,0.00,0.00
260.25,34.38,33.28,36.00,20.00,AUTO,16,100,0,161.81,0.00,0.00,169.90,0.00,0.00,0.00,0.00
261.25,34.39,33.28,36.00,20.00,AUTO,16,100,0,160.74,0.00,0.00,168.78,0.00,0.00,0.00,0.00
262.25,34.41,33.24,36.00,20.00,AUTO,16,100,0,158.59,0.00,0.00,166.52,0.00,0.00,0.00,0.00
263.26,34.42,33.24,36.00,20.00,AUTO,16,100,0,157.52,0.00,0.00,165.40,0.00,0.00,0.00,0.00
264.26,34.45,33.20,36.00,20.00,AUTO,16,100,0,155.38,0.00,0.00,163.14,0.00,0.00,0.00,0.00
265.27,34.46,33.16,36.00,20.00,AUTO,16,100,0,154.30,0.00,0.00,162.02,0.00,0.00,0.00,0.00
266.26,34.48,33.16,36.00,20.00,AUTO,16,100,0,152.16,0.00,0.00,159.77,0.00,0.00,0.00,0.00
267.26,34.50,33.14,36.00,20.00,AUTO,16,100,0,150.01,0.00,0.00,157.51,0.00,0.00,0.00,0.00
268.26,34.52,33.14,36.00,20.00,AUTO,16,100,0,147.87,0.00,0.00,155.26,0.00,0.00,0.00,0.00
269.27,34.53,33.09,36.00,20.00,AUTO,16,100,0,146.80,0.00,0.00,154.14,0.00,0.00,0.00,0.00
270.27,34.55,33.09,36.00,20.00,AUTO,16,100,0,144.65,0.00,0.00,151.88,0.00,0.00,0.00,0.00
271.27,34.56,33.05,36.00,20.00,AUTO,16,100,0,143.58,0.00,0.00,150.76,0.00,0.00,0.00,0.00
272.27,34.57,33.05,36.00,20.00,AUTO,16,100,0,142.51,0.00,0.00,149.63,0.00,0.00,0.00,0.00
273.27,34.60,33.02,36.00,20.00,AUTO,16,100,0,140.36,0.00,0.00,147.38,0.00,0.00,0.00,0.00
274.27,34.61,33.02,36.00,20.00,AUTO,16,100,0,139.29,0.00,0.00,146.25,0.00,0.00,0.00,0.00
275.27,34.63,32.98,36.00,20.00,AUTO,16,100,0,137.14,0.00,0.00,144.00,0.00,0.00,0.00,0.00
276.28,34.66,32.99,36.00,20.00,AUTO,16,100,0,133.93,0.00,0.00,140.62,0.00,0.00,0.00,0.00
277.28,34.67,32.95,36.00,20.00,AUTO,16,100,0,132.85,0.00,0.00,139.50,0.00,0.00,0.00,0.00
278.28,34.67,32.95,36.00,20.00,AUTO,16,100,0,132.85,0.00,0.00,139.50,0.00,0.00,0.00,0.00
279.28,34.68,32.95,36.00,20.00,AUTO,16,100,0,131.78,0.00,0.00,138.37,0.00,0.00,0.00,0.00
280.28,34.69,32.91,36.00,20.00,AUTO,16,100,0,130.71,0.00,0.00,137.24,0.00,0.00,0.00,0.00
281.28,34.71,32.91,36.00,20.00,AUTO,16,100,0,128.56,0.00,0.00,134.99,0.00,0.00,0.00,0.00
282.29,34.73,32.87,36.00,20.00,AUTO,16,100,0,127.49,0.00,0.00,133.86,0.00,0.00,0.00,0.00
283.29,34.75,32.87,36.00,20.00,AUTO,16,100,0,125.35,0.00,0.00,131.61,0.00,0.00,0.00,0.00
284.29,34.77,32.87,36.00,20.00,AUTO,16,100,0,123.20,0.00,0.00,129.36,0.00,0.00,0.00,0.00
285.29,34.79,32.83,36.00,20.00,AUTO,16,100,0,121.06,0.00,0.00,127.11,0.00,0.00,0.00,0.00
286.29,34.80,32.79,36.00,20.00,AUTO,16,100,0,119.98,0.00,0.00,125.98,0.00,0.00,0.00,0.00
287.29,34.82,32.79,36.00,20.00,AUTO,16,100,0,117.84,0.00,0.00,123.73,0.00,0.00,0.00,0.00
288.29,34.84,32.81,36.00,20.00,AUTO,16,100,0,115.69,0.00,0.00,121.48,0.00,0.00,0.00,0.00
289.30,34.85,32.76,36.00,20.00,AUTO,16,100,0,114.62,0.00,0.00,120.35,0.00,0.00,0.00,0.00
290.30,34.88,32.73,36.00,20.00,AUTO,16,100,0,112.48,0.00,0.00,118.10,0.00,0.00,0.00,0.00
291.30,34.90,32.73,36.00,20.00,AUTO,16,100,0,110.33,0.00,0.00,115.85,0.00,0.00,0.00,0.00
292.30,34.92,32.69,36.00,20.00,AUTO,16,100,0,108.19,0.00,0.00,113.59,0.00,0.00,0.00,0.00
293.30,34.94,32.69,36.00,20.00,AUTO,16,100,0,106.04,0.00,0.00,111.34,0.00,0.00,0.00,0.00
294.30,34.95,32.64,36.00,20.00,AUTO,16,100,0,104.97,0.00,0.00,110.22,0.00,0.00,0.00,0.00
295.31,34.96,32.64,36.00,20.00,AUTO,16,100,0,103.90,0.00,0.00,109.09,0.00,0.00,0.00,0.00
296.31,34.99,32.62,36.00,20.00,AUTO,16,100,0,100.68,0.00,0.00,105.71,0.00,0.00,0.00,0.00
297.31,35.01,32.62,36.00,20.00,AUTO,16,100,0,98.53,0.00,0.00,103.46,0.00,0.00,0.00,0.00
298.34,35.03,32.58,36.00,20.00,AUTO,16,100,0,97.46,0.00,0.00,102.33,0.00,0.00,0.00,0.00
299.31,35.05,32.54,36.00,20.00,AUTO,16,100,0,95.32,0.00,0.00,100.08,0.00,0.00,0.00,0.00
300.31,35.06,32.54,36.00,20.00,AUTO,16,98,0,94.24,4.71,0.00,98.95,0.00,0.00,0.00,0.00
301.32,35.07,32.46,36.00,20.00,AUTO,16,100,0,93.17,4.71,0.00,102.54,0.00,0.00,0.00,0.00
302.31,35.09,32.46,36.00,20.00,AUTO,16,100,0,91.03,4.71,0.00,100.29,0.00,0.00,0.00,0.00
303.32,35.11,32.42,36.00,20.00,AUTO,16,98,0,88.88,9.16,0.00,98.04,0.00,0.00,0.00,0.00
304.32,35.12,32.42,36.00,20.00,AUTO,16,100,0,87.81,9.16,0.00,101.35,0.00,0.00,0.00,0.00
305.32,35.13,32.38,36.00,20.00,AUTO,16,100,0,86.73,9.16,0.00,100.23,0.00,0.00,0.00,0.00
306.32,35.14,32.38,36.00,20.00,AUTO,16,99,0,85.66,13.44,0.00,99.10,0.00,0.00,0.00,0.00
307.32,35.15,32.38,36.00,20.00,AUTO,16,100,0,84.59,13.44,0.00,102.26,0.00,0.00,0.00,0.00
308.33,35.16,32.35,36.00,20.00,AUTO,16,100,0,83.52,13.44,0.00,101.13,0.00,0.00,0.00,0.00
309.33,35.18,32.35,36.00,20.00,AUTO,16,100,0,82.44,13.44,0.00,100.01,0.00,0.00,0.00,0.00
310.33,35.19,32.35,36.00,20.00,AUTO,16,98,0,81.37,17.51,0.00,98.88,0.00,0.00,0.00,0.00
311.33,35.20,32.31,36.00,20.00,AUTO,16,100,0,80.30,17.51,0.00,101.82,0.00,0.00,0.00,0.00
312.33,35.22,32.31,36.00,20.00,AUTO,16,99,0,78.15,21.42,0.00,99.57,0.00,0.00,0.00,0.00
313.33,35.24,32.31,36.00,20.00,AUTO,16,100,0,76.01,21.42,0.00,101.23,0.00,0.00,0.00,0.00
314.34,35.25,32.31,36.00,20.00,AUTO,16,100,0,74.94,21.42,0.00,100.10,0.00,0.00,0.00,0.00
315.34,35.27,32.28,36.00,20.00,AUTO,16,97,0,72.79,25.06,0.00,97.85,0.00,0.00,0.00,0.00
316.34,35.30,32.28,36.00,20.00,AUTO,16,98,0,69.57,28.53,0.00,98.11,0.00,0.00,0.00,0.00
317.34,35.31,32.24,36.00,20.00,AUTO,16,100,0,68.50,28.53,0.00,100.46,0.00,0.00,0.00,0.00
318.34,35.34,32.21,36.00,20.00,AUTO,16,98,0,66.36,31.85,0.00,98.21,0.00,0.00,0.00,0.00
319.34,35.36,32.21,36.00,20.00,AUTO,16,99,0,64.21,35.06,0.00,99.28,0.00,0.00,0.00,0.00
320.34,35.36,32.17,36.00,20.00,AUTO,16,100,0,64.21,35.06,0.00,102.49,0.00,0.00,0.00,0.00
321.35,35.38,32.17,36.00,20.00,AUTO,16,100,0,62.07,35.06,0.00,100.23,0.00,0.00,0.00,0.00
322.35,35.41,32.17,36.00,20.00,AUTO,16,96,0,58.85,38.01,0.00,96.86,0.00,0.00,0.00,0.00
323.35,35.42,32.13,36.00,20.00,AUTO,16,98,0,57.78,40.89,0.00,98.67,0.00,0.00,0.00,0.00
324.35,35.43,32.13,36.00,20.00,AUTO,16,100,0,56.70,40.89,0.00,100.43,0.00,0.00,0.00,0.00
325.35,35.45,32.09,36.00,20.00,AUTO,16,98,0,54.56,43.62,0.00,98.18,0.00,0.00,0.00,0.00
326.35,35.48,32.09,36.00,20.00,AUTO,16,98,0,52.41,46.24,0.00,98.66,0.00,0.00,0.00,0.00
327.36,35.50,32.05,36.00,20.00,AUTO,16,99,0,50.27,48.76,0.00,99.03,0.00,0.00,0.00,0.00
328.36,35.51,32.01,36.00,20.00,AUTO,16,100,0,49.20,48.76,0.00,100.41,0.00,0.00,0.00,0.00
329.36,35.53,32.02,36.00,20.00,AUTO,16,98,0,47.05,51.11,0.00,98.16,0.00,0.00,0.00,0.00
330.36,35.54,32.02,36.00,20.00,AUTO,16,99,0,45.98,53.41,0.00,99.39,0.00,0.00,0.00,0.00
331.36,35.56,31.99,36.00,20.00,AUTO,16,99,0,43.83,55.60,0.00,99.43,0.00,0.00,0.00,0.00
332.36,35.57,31.99,36.00,20.00,AUTO,16,100,0,42.76,55.60,0.00,100.50,0.00,0.00,0.00,0.00
333.37,35.58,31.95,36.00,20.00,AUTO,16,99,0,41.69,57.68,0.00,99.37,0.00,0.00,0.00,0.00
334.37,35.59,31.95,36.00,20.00,AUTO,16,100,0,40.62,57.68,0.00,100.33,0.00,0.00,0.00,0.00
335.37,35.60,31.95,36.00,20.00,AUTO,16,99,0,39.54,59.66,0.00,99.21,0.00,0.00,0.00,0.00
336.37,35.62,31.95,36.00,20.00,AUTO,16,100,0,38.47,59.66,0.00,100.06,0.00,0.00,0.00,0.00
337.37,35.64,31.90,36.00,20.00,AUTO,16,97,0,36.33,61.48,0.00,97.80,0.00,0.00,0.00,0.00
338.37,35.65,31.90,36.00,20.00,AUTO,16,98,0,35.25,63.24,0.00,98.50,0.00,0.00,0.00,0.00
339.37,35.66,31.86,36.00,20.00,AUTO,16,99,0,34.18,64.95,0.00,99.13,0.00,0.00,0.00,0.00
340.38,35.69,31.88,36.00,20.00,AUTO,16,97,0,30.96,66.50,0.00,97.46,0.00,0.00,0.00,0.00
341.38,35.69,31.88,36.00,20.00,AUTO,16,99,0,30.96,68.05,0.00,99.01,0.00,0.00,0.00,0.00
342.38,35.71,31.84,36.00,20.00,AUTO,16,98,0,28.82,69.49,0.00,98.31,0.00,0.00,0.00,0.00
343.38,35.72,31.84,36.00,20.00,AUTO,16,98,0,27.75,70.87,0.00,98.62,0.00,0.00,0.00,0.00
344.38,35.73,31.80,36.00,20.00,AUTO,16,98,0,26.67,72.21,0.00,98.88,0.00,0.00,0.00,0.00
345.38,35.74,31.80,36.00,20.00,AUTO,16,99,0,25.60,73.49,0.00,99.09,0.00,0.00,0.00,0.00
346.39,35.75,31.80,36.00,20.00,AUTO,16,99,0,24.53,74.71,0.00,99.24,0.00,0.00,0.00,0.00
347.39,35.77,31.80,36.00,20.00,AUTO,16,99,0,23.46,75.89,0.00,99.34,0.00,0.00,0.00,0.00
348.39,35.78,31.76,36.00,20.00,AUTO,16,99,0,22.38,77.01,0.00,99.39,0.00,0.00,0.00,0.00
349.39,35.79,31.76,36.00,20.00,AUTO,16,99,0,21.31,78.07,0.00,99.38,0.00,0.00,0.00,0.00
350.40,35.79,31.76,36.00,20.00,AUTO,16,100,0,21.31,78.07,0.00,100.45,0.00,0.00,0.00,0.00
351.40,35.80,31.76,36.00,20.00,AUTO,16,99,0,20.24,79.08,0.00,99.32,0.00,0.00,0.00,0.00
352.40,35.81,31.76,36.00,20.00,AUTO,16,99,0,19.17,80.04,0.00,99.21,0.00,0.00,0.00,0.00
353.40,35.84,31.72,36.00,20.00,AUTO,16,96,0,15.95,80.84,0.00,96.79,0.00,0.00,0.00,0.00
354.40,35.85,31.73,36.00,20.00,AUTO,16,96,0,14.88,81.58,0.00,96.46,0.00,0.00,0.00,0.00
355.40,35.86,31.73,36.00,20.00,AUTO,16,96,0,13.80,82.27,0.00,96.08,0.00,0.00,0.00,0.00
356.40,35.87,31.70,36.00,20.00,AUTO,16,95,0,12.73,82.91,0.00,95.64,0.00,0.00,0.00,0.00
357.40,35.89,31.70,36.00,20.00,AUTO,16,94,0,10.59,83.44,0.00,94.03,0.00,0.00,0.00,0.00
358.40,35.90,31.70,36.00,20.00,AUTO,16,93,0,9.51,83.92,0.00,93.43,0.00,0.00,0.00,0.00
359.41,35.93,31.66,36.00,20.00,AUTO,16,91,0,7.37,84.28,0.00,91.65,0.00,0.00,0.00,0.00
360.41,35.94,31.66,36.00,20.00,AUTO,16,90,0,6.30,84.60,0.00,90.90,0.00,0.00,0.00,0.00
361.41,35.96,31.57,36.00,20.00,AUTO,16,88,0,4.15,84.81,0.00,88.96,0.00,0.00,0.00,0.00
362.41,35.98,31.57,36.00,20.00,AUTO,16,86,0,2.01,84.91,0.00,86.91,0.00,0.00,0.00,0.00
363.41,36.02,31.57,36.00,20.00,AUTO,16,82,0,-2.28,84.79,0.00,82.51,0.00,0.00,0.00,0.00
364.41,36.02,31.54,36.00,20.00,AUTO,16,82,0,-2.28,84.68,0.00,82.40,0.00,0.00,0.00,0.00
365.42,36.02,31.54,36.00,20.00,AUTO,16,82,0,-2.28,84.56,0.00,82.28,0.00,0.00,0.00,0.00
366.42,36.02,31.54,36.00,20.00,AUTO,16,82,0,-2.28,84.45,0.00,82.17,0.00,0.00,0.00,0.00
367.42,36.02,31.50,36.00,20.00,AUTO,16,82,0,-2.28,84.34,0.00,82.05,0.00,0.00,0.00,0.00
368.42,36.02,31.51,36.00,20.00,AUTO,16,81,0,-2.28,84.22,0.00,81.94,0.00,0.00,0.00,0.00
369.42,36.02,31.51,36.00,20.00,AUTO,16,81,0,-2.28,84.11,0.00,81.82,0.00,0.00,0.00,0.00
370.42,36.03,31.51,36.00,20.00,AUTO,16,80,0,-3.36,83.94,0.00,80.58,0.00,0.00,0.00,0.00
371.42,36.03,31.47,36.00,20.00,AUTO,16,80,0,-3.36,83.77,0.00,80.42,0.00,0.00,0.00,0.00
372.43,36.10,31.47,36.00,20.00,AUTO,16,73,0,-9.79,83.28,0.00,73.49,0.00,0.00,0.00,0.00
373.43,36.08,31.47,36.00,20.00,AUTO,16,75,0,-7.65,82.90,0.00,75.26,0.00,0.00,0.00,0.00
374.43,36.09,31.47,36.00,20.00,AUTO,16,73,0,-8.72,82.46,0.00,73.75,0.00,0.00,0.00,0.00
375.43,36.09,31.47,36.00,20.00,AUTO,16,73,0,-8.72,82.03,0.00,73.31,0.00,0.00,0.00,0.00
376.43,36.08,31.47,36.00,20.00,AUTO,16,74,0,-7.65,81.65,0.00,74.00,0.00,0.00,0.00,0.00
377.43,36.09,31.47,36.00,20.00,AUTO,16,72,0,-8.72,81.21,0.00,72.49,0.00,0.00,0.00,0.00
378.44,36.11,31.47,36.00,20.00,AUTO,16,69,0,-10.86,80.67,0.00,69.80,0.00,0.00,0.00,0.00
379.44,36.13,31.47,36.00,20.00,AUTO,16,67,0,-13.01,80.02,0.00,67.01,0.00,0.00,0.00,0.00
380.44,36.14,31.43,36.00,20.00,AUTO,16,65,0,-14.08,79.31,0.00,65.23,0.00,0.00,0.00,0.00
381.44,36.12,31.43,36.00,20.00,AUTO,16,66,0,-11.94,78.72,0.00,66.78,0.00,0.00,0.00,0.00
382.44,36.12,31.43,36.00,20.00,AUTO,16,66,0,-11.94,78.12,0.00,66.18,0.00,0.00,0.00,0.00
383.45,36.12,31.47,36.00,20.00,AUTO,16,65,0,-11.94,77.52,0.00,65.59,0.00,0.00,0.00,0.00
384.45,36.12,31.47,36.00,20.00,AUTO,16,64,0,-11.94,76.93,0.00,64.99,0.00,0.00,0.00,0.00
385.45,36.12,31.47,36.00,20.00,AUTO,16,64,0,-11.94,76.33,0.00,64.39,0.00,0.00,0.00,0.00
386.45,36.14,31.47,36.00,20.00,AUTO,16,61,0,-14.08,75.62,0.00,61.54,0.00,0.00,0.00,0.00
387.45,36.14,31.47,36.00,20.00,AUTO,16,60,0,-14.08,74.92,0.00,60.84,0.00,0.00,0.00,0.00
388.45,36.14,31.47,36.00,20.00,AUTO,16,60,0,-14.08,74.22,0.00,60.14,0.00,0.00,0.00,0.00
389.45,36.12,31.47,36.00,20.00,AUTO,16,61,0,-11.94,73.62,0.00,61.68,0.00,0.00,0.00,0.00
390.45,36.12,31.47,36.00,20.00,AUTO,16,61,0,-11.94,73.02,0.00,61.09,0.00,0.00,0.00,0.00
391.46,36.11,31.47,36.00,20.00,AUTO,16,61,0,-10.86,72.48,0.00,61.62,0.00,0.00,0.00,0.00
392.46,36.11,31.51,36.00,20.00,AUTO,16,61,0,-10.86,71.94,0.00,61.07,0.00,0.00,0.00,0.00
393.46,36.11,31.51,36.00,20.00,AUTO,16,60,0,-10.86,71.39,0.00,60.53,0.00,0.00,0.00,0.00
394.46,36.13,31.51,36.00,20.00,AUTO,16,57,0,-13.01,70.74,0.00,57.74,0.00,0.00,0.00,0.00
395.46,36.12,31.51,36.00,20.00,AUTO,16,58,0,-11.94,70.15,0.00,58.21,0.00,0.00,0.00,0.00
396.46,36.13,31.51,36.00,20.00,AUTO,16,56,0,-13.01,69.50,0.00,56.49,0.00,0.00,0.00,0.00
397.47,36.10,31.51,36.00,20.00,AUTO,16,59,0,-9.79,69.01,0.00,59.22,0.00,0.00,0.00,0.00
398.46,36.10,31.51,36.00,20.00,AUTO,16,58,0,-9.79,68.52,0.00,58.73,0.00,0.00,0.00,0.00
399.47,36.10,31.55,36.00,20.00,AUTO,16,58,0,-9.79,68.03,0.00,58.24,0.00,0.00,0.00,0.00
400.47,36.09,31.55,36.00,20.00,AUTO,16,58,0,-8.72,67.59,0.00,58.87,0.00,0.00,0.00,0.00
401.47,36.08,31.55,36.00,20.00,AUTO,16,59,0,-7.65,67.21,0.00,59.56,0.00,0.00,0.00,0.00
402.47,36.10,31.55,36.00,20.00,AUTO,16,56,0,-9.79,66.72,0.00,56.93,0.00,0.00,0.00,0.00
403.47,36.10,31.55,36.00,20.00,AUTO,16,56,0,-9.79,66.23,0.00,56.44,0.00,0.00,0.00,0.00
404.48,36.10,31.59,36.00,20.00,AUTO,16,55,0,-9.79,65.74,0.00,55.95,0.00,0.00,0.00,0.00
405.48,36.08,31.59,36.00,20.00,AUTO,16,57,0,-7.65,65.36,0.00,57.71,0.00,0.00,0.00,0.00
406.48,36.08,31.59,36.00,20.00,AUTO,16,57,0,-7.65,64.98,0.00,57.33,0.00,0.00,0.00,0.00
407.48,36.07,31.59,36.00,20.00,AUTO,16,58,0,-6.57,64.65,0.00,58.07,0.00,0.00,0.00,0.00
408.48,36.03,31.59,36.00,20.00,AUTO,16,61,0,-3.36,64.48,0.00,61.12,0.00,0.00,0.00,0.00
409.48,36.02,31.67,36.00,20.00,AUTO,16,62,0,-2.28,64.37,0.00,62.08,0.00,0.00,0.00,0.00
410.49,36.06,31.67,36.00,20.00,AUTO,16,58,0,-5.50,64.09,0.00,58.59,0.00,0.00,0.00,0.00
411.49,36.06,31.67,36.00,20.00,AUTO,16,58,0,-5.50,63.82,0.00,58.31,0.00,0.00,0.00,0.00
412.49,36.06,31.67,36.00,20.00,AUTO,16,58,0,-5.50,63.54,0.00,58.04,0.00,0.00,0.00,0.00
413.49,36.03,31.71,36.00,20.00,AUTO,16,60,0,-3.36,63.37,0.00,60.02,0.00,0.00,0.00,0.00
414.49,36.02,31.71,36.00,20.00,AUTO,16,60,0,-2.28,63.26,0.00,60.98,0.00,0.00,0.00,0.00
415.50,36.02,31.70,36.00,20.00,AUTO,16,60,0,-2.28,63.14,0.00,60.86,0.00,0.00,0.00,0.00
416.50,36.02,31.70,36.00,20.00,AUTO,16,60,0,-2.28,63.03,0.00,60.75,0.00,0.00,0.00,0.00
417.50,36.02,31.70,36.00,20.00,AUTO,16,60,0,-2.28,62.92,0.00,60.63,0.00,0.00,0.00,0.00
418.50,36.02,31.73,36.00,20.00,AUTO,16,60,0,-2.28,62.80,0.00,60.52,0.00,0.00,0.00,0.00
419.50,36.02,31.73,36.00,20.00,AUTO,16,60,0,-2.28,62.69,0.00,60.40,0.00,0.00,0.00,0.00
420.50,36.02,31.73,36.00,20.00,AUTO,16,60,0,-2.28,62.57,0.00,60.29,0.00,0.00,0.00,0.00
421.50,36.02,31.73,36.00,20.00,AUTO,16,60,0,-2.28,62.46,0.00,60.18,0.00,0.00,0.00,0.00
422.50,36.02,31.78,36.00,20.00,AUTO,16,60,0,-2.28,62.35,0.00,60.06,0.00,0.00,0.00,0.00
423.51,36.02,31.78,36.00,20.00,AUTO,16,59,0,-2.28,62.23,0.00,59.95,0.00,0.00,0.00,0.00
424.51,36.02,31.78,36.00,20.00,AUTO,16,59,0,-2.28,62.12,0.00,59.83,0.00,0.00,0.00,0.00
425.51,36.02,31.78,36.00,20.00,AUTO,16,59,0,-2.28,62.00,0.00,59.72,0.00,0.00,0.00,0.00
426.51,36.02,31.78,36.00,20.00,AUTO,16,59,0,-2.28,61.89,0.00,59.61,0.00,0.00,0.00,0.00
427.51,36.02,31.78,36.00,20.00,AUTO,16,59,0,-2.28,61.77,0.00,59.49,0.00,0.00,0.00,0.00
428.52,36.02,31.82,36.00,20.00,AUTO,16,59,0,-2.28,61.66,0.00,59.38,0.00,0.00,0.00,0.00
429.52,35.99,31.82,36.00,20.00,AUTO,16,62,0,0.93,61.71,0.00,62.64,0.00,0.00,0.00,0.00
430.52,35.98,31.82,36.00,20.00,AUTO,16,63,0,2.01,61.81,0.00,63.81,0.00,0.00,0.00,0.00
431.52,35.97,31.82,36.00,20.00,AUTO,16,65,0,3.08,61.96,0.00,65.04,0.00,0.00,0.00,0.00
432.55,35.95,31.86,36.00,20.00,AUTO,16,67,0,5.22,62.22,0.00,67.45,0.00,0.00,0.00,0.00
433.52,35.94,31.90,36.00,20.00,AUTO,16,68,0,6.30,62.54,0.00,68.83,0.00,0.00,0.00,0.00
434.52,35.95,31.90,36.00,20.00,AUTO,16,68,0,5.22,62.80,0.00,68.02,0.00,0.00,0.00,0.00
435.52,35.97,31.90,36.00,20.00,AUTO,16,66,0,3.08,62.95,0.00,66.03,0.00,0.00,0.00,0.00
436.53,35.98,31.90,36.00,20.00,AUTO,16,65,0,2.01,63.05,0.00,65.06,0.00,0.00,0.00,0.00
437.53,35.96,31.90,36.00,20.00,AUTO,16,67,0,4.15,63.26,0.00,67.41,0.00,0.00,0.00,0.00
438.53,35.94,31.90,36.00,20.00,AUTO,16,69,0,6.30,63.58,0.00,69.87,0.00,0.00,0.00,0.00
439.54,35.93,31.94,36.00,20.00,AUTO,16,71,0,7.37,63.94,0.00,71.31,0.00,0.00,0.00,0.00
440.53,35.93,31.94,36.00,20.00,AUTO,16,71,0,7.37,64.31,0.00,71.68,0.00,0.00,0.00,0.00
441.53,35.92,31.94,36.00,20.00,AUTO,16,73,0,8.44,64.73,0.00,73.18,0.00,0.00,0.00,0.00
442.54,35.92,31.94,36.00,20.00,AUTO,16,73,0,8.44,65.16,0.00,73.60,0.00,0.00,0.00,0.00
443.54,35.94,31.94,36.00,20.00,AUTO,16,71,0,6.30,65.47,0.00,71.77,0.00,0.00,0.00,0.00
444.54,35.94,31.98,36.00,20.00,AUTO,16,72,0,6.30,65.79,0.00,72.08,0.00,0.00,0.00,0.00
445.54,35.92,31.98,36.00,20.00,AUTO,16,74,0,8.44,66.21,0.00,74.65,0.00,0.00,0.00,0.00
446.54,35.92,31.98,36.00,20.00,AUTO,16,75,0,8.44,66.63,0.00,75.07,0.00,0.00,0.00,0.00
447.55,35.92,31.98,36.00,20.00,AUTO,16,75,0,8.44,67.05,0.00,75.49,0.00,0.00,0.00,0.00
448.55,35.92,31.98,36.00,20.00,AUTO,16,75,0,8.44,67.47,0.00,75.92,0.00,0.00,0.00,0.00
449.55,35.92,31.98,36.00,20.00,AUTO,16,76,0,8.44,67.90,0.00,76.34,0.00,0.00,0.00,0.00
450.55,35.92,31.98,36.00,20.00,AUTO,16,76,0,8.44,68.32,0.00,76.76,0.00,0.00,0.00,0.00
451.55,35.94,31.98,36.00,20.00,AUTO,16,74,0,6.30,68.63,0.00,74.93,0.00,0.00,0.00,0.00
452.55,35.94,32.02,36.00,20.00,AUTO,16,75,0,6.30,68.95,0.00,75.24,0.00,0.00,0.00,0.00
453.55,35.90,32.02,36.00,20.00,AUTO,16,78,0,9.51,69.42,0.00,78.94,0.00,0.00,0.00,0.00
454.55,35.90,32.02,36.00,20.00,AUTO,16,79,0,9.51,69.90,0.00,79.41,0.00,0.00,0.00,0.00
455.56,35.92,32.02,36.00,20.00,AUTO,16,78,0,8.44,70.32,0.00,78.76,0.00,0.00,0.00,0.00
456.56,35.93,32.02,36.00,20.00,AUTO,16,78,0,7.37,70.69,0.00,78.06,0.00,0.00,0.00,0.00
457.56,35.92,32.02,36.00,20.00,AUTO,16,79,0,8.44,71.11,0.00,79.55,0.00,0.00,0.00,0.00
458.56,35.92,32.02,36.00,20.00,AUTO,16,79,0,8.44,71.53,0.00,79.98,0.00,0.00,0.00,0.00
459.56,35.92,32.02,36.00,20.00,AUTO,16,80,0,8.44,71.96,0.00,80.40,0.00,0.00,0.00,0.00
460.56,35.94,32.02,36.00,20.00,AUTO,16,78,0,6.30,72.27,0.00,78.57,0.00,0.00,0.00,0.00
461.57,35.93,32.02,36.00,20.00,AUTO,16,80,0,7.37,72.64,0.00,80.01,0.00,0.00,0.00,0.00
462.57,35.93,32.02,36.00,20.00,AUTO,16,80,0,7.37,73.01,0.00,80.38,0.00,0.00,0.00,0.00
463.57,35.93,32.02,36.00,20.00,AUTO,16,80,0,7.37,73.38,0.00,80.75,0.00,0.00,0.00,0.00
464.57,35.92,32.06,36.00,20.00,AUTO,16,82,0,8.44,73.80,0.00,82.24,0.00,0.00,0.00,0.00
465.57,35.92,32.06,36.00,20.00,AUTO,16,82,0,8.44,74.22,0.00,82.66,0.00,0.00,0.00,0.00
466.57,35.92,32.06,36.00,20.00,AUTO,16,83,0,8.44,74.64,0.00,83.08,0.00,0.00,0.00,0.00
467.57,35.93,32.06,36.00,20.00,AUTO,16,82,0,7.37,75.01,0.00,82.38,0.00,0.00,0.00,0.00
468.58,35.96,32.06,36.00,20.00,AUTO,16,79,0,4.15,75.22,0.00,79.37,0.00,0.00,0.00,0.00
469.58,35.94,32.06,36.00,20.00,AUTO,16,81,0,6.30,75.53,0.00,81.83,0.00,0.00,0.00,0.00
470.58,35.94,32.06,36.00,20.00,AUTO,16,82,0,6.30,75.85,0.00,82.15,0.00,0.00,0.00,0.00
471.58,35.94,32.06,36.00,20.00,AUTO,16,82,0,6.30,76.16,0.00,82.46,0.00,0.00,0.00,0.00
472.58,35.94,32.06,36.00,20.00,AUTO,16,82,0,6.30,76.48,0.00,82.77,0.00,0.00,0.00,0.00
473.58,35.95,32.06,36.00,20.00,AUTO,16,81,0,5.22,76.74,0.00,81.96,0.00,0.00,0.00,0.00
474.59,35.95,32.06,36.00,20.00,AUTO,16,82,0,5.22,77.00,0.00,82.23,0.00,0.00,0.00,0.00
475.59,35.95,32.06,36.00,20.00,AUTO,16,82,0,5.22,77.26,0.00,82.49,0.00,0.00,0.00,0.00
476.59,35.98,32.06,36.00,20.00,AUTO,16,79,0,2.01,77.36,0.00,79.37,0.00,0.00,0.00,0.00
477.59,35.97,32.06,36.00,20.00,AUTO,16,80,0,3.08,77.52,0.00,80.60,0.00,0.00,0.00,0.00
478.59,35.97,32.06,36.00,20.00,AUTO,16,80,0,3.08,77.67,0.00,80.75,0.00,0.00,0.00,0.00
479.60,35.98,32.06,36.00,20.00,AUTO,16,79,0,2.01,77.77,0.00,79.78,0.00,0.00,0.00,0.00
480.60,35.98,32.06,36.00,20.00,AUTO,16,79,0,2.01,77.87,0.00,79.88,0.00,0.00,0.00,0.00
481.60,35.99,32.06,36.00,20.00,AUTO,16,78,0,0.93,77.92,0.00,78.85,0.00,0.00,0.00,0.00
482.60,36.00,32.06,36.00,20.00,AUTO,16,77,0,-0.14,77.91,0.00,77.77,0.00,0.00,0.00,0.00
483.60,36.02,32.06,36.00,20.00,AUTO,16,75,0,-2.28,77.80,0.00,75.51,0.00,0.00,0.00,0.00
484.60,36.02,32.06,36.00,20.00,AUTO,16,75,0,-2.28,77.68,0.00,75.40,0.00,0.00,0.00,0.00
485.60,36.02,32.06,36.00,20.00,AUTO,16,75,0,-2.28,77.57,0.00,75.28,0.00,0.00,0.00,0.00
486.60,36.02,32.06,36.00,20.00,AUTO,16,75,0,-2.28,77.45,0.00,75.17,0.00,0.00,0.00,0.00
487.61,36.02,32.02,36.00,20.00,AUTO,16,75,0,-2.28,77.34,0.00,75.06,0.00,0.00,0.00,0.00
488.61,36.02,32.02,36.00,20.00,AUTO,16,74,0,-2.28,77.23,0.00,74.94,0.00,0.00,0.00,0.00
489.61,36.02,32.06,36.00,20.00,AUTO,16,74,0,-2.28,77.11,0.00,74.83,0.00,0.00,0.00,0.00
490.61,36.02,32.06,36.00,20.00,AUTO,16,74,0,-2.28,77.00,0.00,74.71,0.00,0.00,0.00,0.00
491.61,36.02,32.02,36.00,20.00,AUTO,16,74,0,-2.28,76.88,0.00,74.60,0.00,0.00,0.00,0.00
492.62,36.02,32.02,36.00,20.00,AUTO,16,74,0,-2.28,76.77,0.00,74.49,0.00,0.00,0.00,0.00
493.62,36.02,32.02,36.00,20.00,AUTO,16,74,0,-2.28,76.65,0.00,74.37,0.00,0.00,0.00,0.00
494.62,36.02,32.02,36.00,20.00,AUTO,16,74,0,-2.28,76.54,0.00,74.26,0.00,0.00,0.00,0.00
495.62,36.02,32.02,36.00,20.00,AUTO,16,74,0,-2.28,76.43,0.00,74.14,0.00,0.00,0.00,0.00
496.62,36.02,32.06,36.00,20.00,AUTO,16,74,0,-2.28,76.31,0.00,74.03,0.00,0.00,0.00,0.00
497.62,36.02,32.06,36.00,20.00,AUTO,16,73,0,-2.28,76.20,0.00,73.91,0.00,0.00,0.00,0.00
498.63,36.02,32.06,36.00,20.00,AUTO,16,73,0,-2.28,76.08,0.00,73.80,0.00,0.00,0.00,0.00
499.62,36.03,32.08,36.00,20.00,AUTO,16,72,0,-3.36,75.92,0.00,72.56,0.00,0.00,0.00,0.00
500.63,36.03,32.08,36.00,20.00,AUTO,16,72,0,-3.36,75.75,0.00,72.39,0.00,0.00,0.00,0.00
501.63,36.02,32.06,36.00,20.00,AUTO,16,73,0,-2.28,75.63,0.00,73.35,0.00,0.00,0.00,0.00
502.63,36.02,32.06,36.00,20.00,AUTO,16,73,0,-2.28,75.52,0.00,73.24,0.00,0.00,0.00,0.00
503.63,36.02,32.06,36.00,20.00,AUTO,16,73,0,-2.28,75.41,0.00,73.12,0.00,0.00,0.00,0.00
504.63,36.02,32.06,36.00,20.00,AUTO,16,73,0,-2.28,75.29,0.00,73.01,0.00,0.00,0.00,0.00
505.63,36.02,32.06,36.00,20.00,AUTO,16,72,0,-2.28,75.18,0.00,72.89,0.00,0.00,0.00,0.00
506.64,36.02,32.10,36.00,20.00,AUTO,16,72,0,-2.28,75.06,0.00,72.78,0.00,0.00,0.00,0.00
507.64,36.03,32.12,36.00,20.00,AUTO,16,71,0,-3.36,74.90,0.00,71.54,0.00,0.00,0.00,0.00
508.64,36.03,32.08,36.00,20.00,AUTO,16,71,0,-3.36,74.73,0.00,71.37,0.00,0.00,0.00,0.00
509.64,36.02,32.06,36.00,20.00,AUTO,16,72,0,-2.28,74.61,0.00,72.33,0.00,0.00,0.00,0.00
510.64,36.03,32.06,36.00,20.00,AUTO,16,71,0,-3.36,74.45,0.00,71.09,0.00,0.00,0.00,0.00
511.65,36.03,32.08,36.00,20.00,AUTO,16,70,0,-3.36,74.28,0.00,70.92,0.00,0.00,0.00,0.00
512.65,36.03,32.08,36.00,20.00,AUTO,16,70,0,-3.36,74.11,0.00,70.75,0.00,0.00,0.00,0.00
513.65,36.03,32.08,36.00,20.00,AUTO,16,70,0,-3.36,73.94,0.00,70.59,0.00,0.00,0.00,0.00
514.65,36.03,32.08,36.00,20.00,AUTO,16,70,0,-3.36,73.77,0.00,70.42,0.00,0.00,0.00,0.00
515.65,36.04,32.08,36.00,20.00,AUTO,16,69,0,-4.43,73.55,0.00,69.13,0.00,0.00,0.00,0.00
516.65,36.06,32.08,36.00,20.00,AUTO,16,67,0,-5.50,73.28,0.00,67.78,0.00,0.00,0.00,0.00
517.65,36.03,32.08,36.00,20.00,AUTO,16,69,0,-3.36,73.11,0.00,69.76,0.00,0.00,0.00,0.00
518.66,36.03,32.08,36.00,20.00,AUTO,16,69,0,-3.36,72.94,0.00,69.59,0.00,0.00,0.00,0.00
519.66,36.03,32.12,36.00,20.00,AUTO,16,69,0,-3.36,72.78,0.00,69.42,0.00,0.00,0.00,0.00
520.66,36.03,32.12,36.00,20.00,AUTO,16,69,0,-3.36,72.61,0.00,69.25,0.00,0.00,0.00,0.00
521.66,36.03,32.12,36.00,20.00,AUTO,16,69,0,-3.36,72.44,0.00,69.08,0.00,0.00,0.00,0.00
522.66,36.04,32.12,36.00,20.00,AUTO,16,67,0,-4.43,72.22,0.00,67.79,0.00,0.00,0.00,0.00
523.66,36.08,32.12,36.00,20.00,AUTO,16,64,0,-7.65,71.84,0.00,64.19,0.00,0.00,0.00,0.00
524.68,36.08,32.12,36.00,20.00,AUTO,16,63,0,-7.65,71.45,0.00,63.81,0.00,0.00,0.00,0.00
525.67,36.04,32.12,36.00,20.00,AUTO,16,66,0,-4.43,71.23,0.00,66.80,0.00,0.00,0.00,0.00
526.67,36.04,32.12,36.00,20.00,AUTO,16,66,0,-4.43,71.01,0.00,66.58,0.00,0.00,0.00,0.00
527.67,36.06,32.12,36.00,20.00,AUTO,16,65,0,-5.50,70.74,0.00,65.23,0.00,0.00,0.00,0.00
528.67,36.03,32.12,36.00,20.00,AUTO,16,67,0,-3.36,70.57,0.00,67.21,0.00,0.00,0.00,0.00
529.67,36.04,32.12,36.00,20.00,AUTO,16,65,0,-4.43,70.35,0.00,65.92,0.00,0.00,0.00,0.00
530.68,36.06,32.12,36.00,20.00,AUTO,16,64,0,-5.50,70.07,0.00,64.57,0.00,0.00,0.00,0.00
531.67,36.08,32.12,36.00,20.00,AUTO,16,62,0,-7.65,69.69,0.00,62.04,0.00,0.00,0.00,0.00
532.68,36.08,32.12,36.00,20.00,AUTO,16,61,0,-7.65,69.31,0.00,61.66,0.00,0.00,0.00,0.00
533.68,36.06,32.12,36.00,20.00,AUTO,16,63,0,-5.50,69.03,0.00,63.53,0.00,0.00,0.00,0.00
534.68,36.04,32.12,36.00,20.00,AUTO,16,64,0,-4.43,68.81,0.00,64.38,0.00,0.00,0.00,0.00
535.69,36.04,32.16,36.00,20.00,AUTO,16,64,0,-4.43,68.59,0.00,64.16,0.00,0.00,0.00,0.00
536.68,36.03,32.16,36.00,20.00,AUTO,16,65,0,-3.36,68.42,0.00,65.07,0.00,0.00,0.00,0.00
537.68,36.04,32.16,36.00,20.00,AUTO,16,63,0,-4.43,68.20,0.00,63.77,0.00,0.00,0.00,0.00
538.69,36.08,32.16,36.00,20.00,AUTO,16,60,0,-7.65,67.82,0.00,60.17,0.00,0.00,0.00,0.00
539.69,36.08,32.16,36.00,20.00,AUTO,16,59,0,-7.65,67.44,0.00,59.79,0.00,0.00,0.00,0.00
540.69,36.08,32.16,36.00,20.00,AUTO,16,59,0,-7.65,67.05,0.00,59.41,0.00,0.00,0.00,0.00
541.73,36.04,32.16,36.00,20.00,AUTO,16,62,0,-4.43,66.83,0.00,62.40,0.00,0.00,0.00,0.00
542.69,36.04,32.16,36.00,20.00,AUTO,16,62,0,-4.43,66.61,0.00,62.18,0.00,0.00,0.00,0.00
543.70,36.03,32.20,36.00,20.00,AUTO,16,63,0,-3.36,66.44,0.00,63.09,0.00,0.00,0.00,0.00
544.69,36.03,32.20,36.00,20.00,AUTO,16,62,0,-3.36,66.27,0.00,62.92,0.00,0.00,0.00,0.00
545.70,36.03,32.20,36.00,20.00,AUTO,16,62,0,-3.36,66.11,0.00,62.75,0.00,0.00,0.00,0.00
546.70,36.06,32.20,36.00,20.00,AUTO,16,60,0,-5.50,65.83,0.00,60.33,0.00,0.00,0.00,0.00
547.70,36.06,32.20,36.00,20.00,AUTO,16,60,0,-5.50,65.56,0.00,60.06,0.00,0.00,0.00,0.00
548.70,36.06,32.20,36.00,20.00,AUTO,16,59,0,-5.50,65.28,0.00,59.78,0.00,0.00,0.00,0.00
549.70,36.03,32.20,36.00,20.00,AUTO,16,61,0,-3.36,65.11,0.00,61.76,0.00,0.00,0.00,0.00
550.71,36.03,32.20,36.00,20.00,AUTO,16,61,0,-3.36,64.95,0.00,61.59,0.00,0.00,0.00,0.00
551.71,36.03,32.20,36.00,20.00,AUTO,16,61,0,-3.36,64.78,0.00,61.42,0.00,0.00,0.00,0.00
552.71,36.03,32.24,36.00,20.00,AUTO,16,61,0,-3.36,64.61,0.00,61.26,0.00,0.00,0.00,0.00
553.71,36.03,32.24,36.00,20.00,AUTO,16,61,0,-3.36,64.44,0.00,61.09,0.00,0.00,0.00,0.00
554.71,36.06,32.24,36.00,20.00,AUTO,16,58,0,-5.50,64.17,0.00,58.67,0.00,0.00,0.00,0.00
555.71,36.06,32.24,36.00,20.00,AUTO,16,58,0,-5.50,63.89,0.00,58.39,0.00,0.00,0.00,0.00
556.72,36.06,32.24,36.00,20.00,AUTO,16,58,0,-5.50,63.62,0.00,58.12,0.00,0.00,0.00,0.00
557.72,36.03,32.24,36.00,20.00,AUTO,16,60,0,-3.36,63.45,0.00,60.09,0.00,0.00,0.00,0.00
558.72,36.03,32.24,36.00,20.00,AUTO,16,59,0,-3.36,63.28,0.00,59.93,0.00,0.00,0.00,0.00
559.72,36.03,32.24,36.00,20.00,AUTO,16,59,0,-3.36,63.11,0.00,59.76,0.00,0.00,0.00,0.00
560.72,36.03,32.24,36.00,20.00,AUTO,16,59,0,-3.36,62.95,0.00,59.59,0.00,0.00,0.00,0.00
561.72,36.03,32.28,36.00,20.00,AUTO,16,59,0,-3.36,62.78,0.00,59.42,0.00,0.00,0.00,0.00
562.72,36.07,32.28,36.00,20.00,AUTO,16,55,0,-6.57,62.45,0.00,55.88,0.00,0.00,0.00,0.00
563.72,36.07,32.28,36.00,20.00,AUTO,16,55,0,-6.57,62.12,0.00,55.55,0.00,0.00,0.00,0.00
564.73,36.08,32.28,36.00,20.00,AUTO,16,54,0,-7.65,61.74,0.00,54.09,0.00,0.00,0.00,0.00
565.73,36.03,32.28,36.00,20.00,AUTO,16,58,0,-3.36,61.57,0.00,58.22,0.00,0.00,0.00,0.00
566.73,36.04,32.28,36.00,20.00,AUTO,16,56,0,-4.43,61.35,0.00,56.92,0.00,0.00,0.00,0.00
567.73,36.04,32.28,36.00,20.00,AUTO,16,56,0,-4.43,61.13,0.00,56.70,0.00,0.00,0.00,0.00
568.73,36.06,32.28,36.00,20.00,AUTO,16,55,0,-5.50,60.85,0.00,55.35,0.00,0.00,0.00,0.00
569.74,36.06,32.28,36.00,20.00,AUTO,16,55,0,-5.50,60.58,0.00,55.08,0.00,0.00,0.00,0.00
570.74,36.09,32.28,36.00,20.00,AUTO,16,51,0,-8.72,60.14,0.00,51.42,0.00,0.00,0.00,0.00
571.74,36.08,32.28,36.00,20.00,AUTO,16,52,0,-7.65,59.76,0.00,52.12,0.00,0.00,0.00,0.00
572.74,36.08,32.28,36.00,20.00,AUTO,16,51,0,-7.65,59.38,0.00,51.73,0.00,0.00,0.00,0.00
573.74,36.04,32.28,36.00,20.00,AUTO,16,54,0,-4.43,59.16,0.00,54.73,0.00,0.00,0.00,0.00
574.74,36.03,32.32,36.00,20.00,AUTO,16,55,0,-3.36,58.99,0.00,55.63,0.00,0.00,0.00,0.00
575.75,36.03,32.32,36.00,20.00,AUTO,16,55,0,-3.36,58.82,0.00,55.47,0.00,0.00,0.00,0.00
576.75,36.02,32.31,36.00,20.00,AUTO,16,56,0,-2.28,58.71,0.00,56.42,0.00,0.00,0.00,0.00
577.75,36.02,32.35,36.00,20.00,AUTO,16,56,0,-2.28,58.59,0.00,56.31,0.00,0.00,0.00,0.00
578.75,36.03,32.36,36.00,20.00,AUTO,16,55,0,-3.36,58.43,0.00,55.07,0.00,0.00,0.00,0.00
579.75,36.03,32.36,36.00,20.00,AUTO,16,54,0,-3.36,58.26,0.00,54.90,0.00,0.00,0.00,0.00
580.75,36.03,32.36,36.00,20.00,AUTO,16,54,0,-3.36,58.09,0.00,54.73,0.00,0.00,0.00,0.00
581.75,36.02,32.35,36.00,20.00,AUTO,16,55,0,-2.28,57.98,0.00,55.69,0.00,0.00,0.00,0.00
582.76,36.02,32.35,36.00,20.00,AUTO,16,55,0,-2.28,57.86,0.00,55.58,0.00,0.00,0.00,0.00
583.76,36.02,32.38,36.00,20.00,AUTO,16,55,0,-2.28,57.75,0.00,55.46,0.00,0.00,0.00,0.00
584.76,36.02,32.38,36.00,20.00,AUTO,16,55,0,-2.28,57.63,0.00,55.35,0.00,0.00,0.00,0.00
585.76,36.02,32.42,36.00,20.00,AUTO,16,55,0,-2.28,57.52,0.00,55.24,0.00,0.00,0.00,0.00
586.76,36.02,32.42,36.00,20.00,AUTO,16,55,0,-2.28,57.40,0.00,55.12,0.00,0.00,0.00,0.00
587.76,36.02,32.42,36.00,20.00,AUTO,16,55,0,-2.28,57.29,0.00,55.01,0.00,0.00,0.00,0.00
588.77,36.02,32.47,36.00,20.00,AUTO,16,54,0,-2.28,57.18,0.00,54.89,0.00,0.00,0.00,0.00
589.77,36.02,32.47,36.00,20.00,AUTO,16,54,0,-2.28,57.06,0.00,54.78,0.00,0.00,0.00,0.00
590.77,36.02,32.47,36.00,20.00,AUTO,16,54,0,-2.28,56.95,0.00,54.66,0.00,0.00,0.00,0.00
591.77,36.02,32.47,36.00,20.00,AUTO,16,54,0,-2.28,56.83,0.00,54.55,0.00,0.00,0.00,0.00
592.77,35.98,32.47,36.00,20.00,AUTO,16,58,0,2.01,56.93,0.00,58.94,0.00,0.00,0.00,0.00
593.77,35.98,32.47,36.00,20.00,AUTO,16,59,0,2.01,57.03,0.00,59.04,0.00,0.00,0.00,0.00
594.78,36.02,32.51,36.00,20.00,AUTO,16,54,0,-2.28,56.92,0.00,54.64,0.00,0.00,0.00,0.00
595.78,36.02,32.51,36.00,20.00,AUTO,16,54,0,-2.28,56.81,0.00,54.52,0.00,0.00,0.00,0.00
596.78,36.02,32.51,36.00,20.00,AUTO,16,54,0,-2.28,56.69,0.00,54.41,0.00,0.00,0.00,0.00
597.78,35.97,32.51,36.00,20.00,AUTO,16,59,0,3.08,56.85,0.00,59.93,0.00,0.00,0.00,0.00
598.78,35.97,32.51,36.00,20.00,AUTO,16,60,0,3.08,57.00,0.00,60.08,0.00,0.00,0.00,0.00
599.78,35.96,32.51,36.00,20.00,AUTO,16,61,0,4.15,57.21,0.00,61.36,0.00,0.00,0.00,0.00
600.78,35.96,32.54,36.00,20.00,AUTO,16,61,0,4.15,57.42,0.00,61.57,0.00,0.00,0.00,0.00
601.79,35.96,32.54,36.00,20.00,AUTO,16,61,0,4.15,57.62,0.00,61.77,0.00,0.00,0.00,0.00
602.79,35.98,32.54,36.00,20.00,AUTO,16,59,0,2.01,57.72,0.00,59.73,0.00,0.00,0.00,0.00
603.79,35.98,32.54,36.00,20.00,AUTO,16,59,0,2.01,57.82,0.00,59.83,0.00,0.00,0.00,0.00
604.79,35.98,32.54,36.00,20.00,AUTO,16,59,0,2.01,57.92,0.00,59.93,0.00,0.00,0.00,0.00
605.79,35.95,32.54,36.00,20.00,AUTO,16,63,0,5.22,58.18,0.00,63.41,0.00,0.00,0.00,0.00
606.79,35.95,32.54,36.00,20.00,AUTO,16,63,0,5.22,58.45,0.00,63.67,0.00,0.00,0.00,0.00
607.80,35.94,32.63,36.00,20.00,AUTO,16,65,0,6.30,58.76,0.00,65.06,0.00,0.00,0.00,0.00
608.79,35.94,32.63,36.00,20.00,AUTO,16,65,0,6.30,59.08,0.00,65.37,0.00,0.00,0.00,0.00
609.80,35.93,32.63,36.00,20.00,AUTO,16,66,0,7.37,59.44,0.00,66.81,0.00,0.00,0.00,0.00
610.80,35.94,32.63,36.00,20.00,AUTO,16,66,0,6.30,59.76,0.00,66.06,0.00,0.00,0.00,0.00
611.80,35.96,32.63,36.00,20.00,AUTO,16,64,0,4.15,59.97,0.00,64.12,0.00,0.00,0.00,0.00
612.81,35.96,32.67,36.00,20.00,AUTO,16,64,0,4.15,60.17,0.00,64.33,0.00,0.00,0.00,0.00
613.80,35.94,32.67,36.00,20.00,AUTO,16,66,0,6.30,60.49,0.00,66.79,0.00,0.00,0.00,0.00
614.81,35.92,32.67,36.00,20.00,AUTO,16,69,0,8.44,60.91,0.00,69.35,0.00,0.00,0.00,0.00
615.81,35.92,32.70,36.00,20.00,AUTO,16,69,0,8.44,61.33,0.00,69.78,0.00,0.00,0.00,0.00
616.81,35.92,32.70,36.00,20.00,AUTO,16,70,0,8.44,61.76,0.00,70.20,0.00,0.00,0.00,0.00
617.81,35.90,32.70,36.00,20.00,AUTO,16,71,0,9.51,62.23,0.00,71.75,0.00,0.00,0.00,0.00
618.81,35.90,32.70,36.00,20.00,AUTO,16,72,0,9.51,62.71,0.00,72.22,0.00,0.00,0.00,0.00
619.81,35.93,32.70,36.00,20.00,AUTO,16,70,0,7.37,63.08,0.00,70.44,0.00,0.00,0.00,0.00
620.82,35.93,32.70,36.00,20.00,AUTO,16,70,0,7.37,63.44,0.00,70.81,0.00,0.00,0.00,0.00
621.82,35.90,32.70,36.00,20.00,AUTO,16,73,0,9.51,63.92,0.00,73.43,0.00,0.00,0.00,0.00
622.82,35.89,32.70,36.00,20.00,AUTO,16,75,0,10.59,64.45,0.00,75.04,0.00,0.00,0.00,0.00
623.82,35.89,32.75,36.00,20.00,AUTO,16,75,0,10.59,64.98,0.00,75.57,0.00,0.00,0.00,0.00
624.82,35.89,32.75,36.00,20.00,AUTO,16,76,0,10.59,65.51,0.00,76.09,0.00,0.00,0.00,0.00
625.83,35.88,32.75,36.00,20.00,AUTO,16,77,0,11.66,66.09,0.00,77.75,0.00,0.00,0.00,0.00
626.83,35.88,32.75,36.00,20.00,AUTO,16,78,0,11.66,66.67,0.00,78.33,0.00,0.00,0.00,0.00
627.83,35.89,32.75,36.00,20.00,AUTO,16,77,0,10.59,67.20,0.00,77.79,0.00,0.00,0.00,0.00
628.83,35.90,32.75,36.00,20.00,AUTO,16,77,0,9.51,67.68,0.00,77.19,0.00,0.00,0.00,0.00
629.83,35.89,32.79,36.00,20.00,AUTO,16,78,0,10.59,68.21,0.00,78.80,0.00,0.00,0.00,0.00
630.83,35.89,32.79,36.00,20.00,AUTO,16,79,0,10.59,68.74,0.00,79.32,0.00,0.00,0.00,0.00
631.83,35.88,32.79,36.00,20.00,AUTO,16,80,0,11.66,69.32,0.00,80.98,0.00,0.00,0.00,0.00
632.83,35.88,32.79,36.00,20.00,AUTO,16,81,0,11.66,69.90,0.00,81.56,0.00,0.00,0.00,0.00
633.84,35.87,32.79,36.00,20.00,AUTO,16,83,0,12.73,70.54,0.00,83.27,0.00,0.00,0.00,0.00
634.84,35.88,32.83,36.00,20.00,AUTO,16,82,0,11.66,71.12,0.00,82.78,0.00,0.00,0.00,0.00
635.84,35.87,32.83,36.00,20.00,AUTO,16,84,0,12.73,71.76,0.00,84.49,0.00,0.00,0.00,0.00
636.84,35.90,32.83,36.00,20.00,AUTO,16,81,0,9.51,72.24,0.00,81.75,0.00,0.00,0.00,0.00
637.84,35.88,32.83,36.00,20.00,AUTO,16,84,0,11.66,72.82,0.00,84.48,0.00,0.00,0.00,0.00
638.84,35.88,32.83,36.00,20.00,AUTO,16,85,0,11.66,73.40,0.00,85.06,0.00,0.00,0.00,0.00
639.85,35.88,32.83,36.00,20.00,AUTO,16,85,0,11.66,73.98,0.00,85.64,0.00,0.00,0.00,0.00
640.84,35.90,32.83,36.00,20.00,AUTO,16,83,0,9.51,74.46,0.00,83.97,0.00,0.00,0.00,0.00
641.85,35.90,32.83,36.00,20.00,AUTO,16,84,0,9.51,74.94,0.00,84.45,0.00,0.00,0.00,0.00
642.85,35.90,32.83,36.00,20.00,AUTO,16,84,0,9.51,75.41,0.00,84.93,0.00,0.00,0.00,0.00
643.85,35.92,32.83,36.00,20.00,AUTO,16,84,0,8.44,75.83,0.00,84.28,0.00,0.00,0.00,0.00
644.86,35.95,32.83,36.00,20.00,AUTO,16,81,0,5.22,76.09,0.00,81.32,0.00,0.00,0.00,0.00
645.85,35.93,32.79,36.00,20.00,AUTO,16,83,0,7.37,76.46,0.00,83.83,0.00,0.00,0.00,0.00
646.86,35.94,32.79,36.00,20.00,AUTO,16,83,0,6.30,76.78,0.00,83.07,0.00,0.00,0.00,0.00
647.86,35.94,32.79,36.00,20.00,AUTO,16,83,0,6.30,77.09,0.00,83.39,0.00,0.00,0.00,0.00
648.86,35.94,32.79,36.00,20.00,AUTO,16,83,0,6.30,77.41,0.00,83.70,0.00,0.00,0.00,0.00
649.86,35.95,32.79,36.00,20.00,AUTO,16,82,0,5.22,77.67,0.00,82.89,0.00,0.00,0.00,0.00
650.86,35.96,32.79,36.00,20.00,AUTO,16,82,0,4.15,77.88,0.00,82.03,0.00,0.00,0.00,0.00
651.86,35.98,32.79,36.00,20.00,AUTO,16,79,0,2.01,77.98,0.00,79.98,0.00,0.00,0.00,0.00
652.87,36.02,32.79,36.00,20.00,AUTO,16,75,0,-2.28,77.86,0.00,75.58,0.00,0.00,0.00,0.00
653.87,36.00,32.75,36.00,20.00,AUTO,16,77,0,-0.14,77.86,0.00,77.72,0.00,0.00,0.00,0.00
654.87,36.02,32.75,36.00,20.00,AUTO,16,75,0,-2.28,77.74,0.00,75.46,0.00,0.00,0.00,0.00
655.87,36.02,32.75,36.00,20.00,AUTO,16,75,0,-2.28,77.63,0.00,75.34,0.00,0.00,0.00,0.00
656.87,36.02,32.75,36.00,20.00,AUTO,16,75,0,-2.28,77.51,0.00,75.23,0.00,0.00,0.00,0.00
657.88,36.02,32.75,36.00,20.00,AUTO,16,75,0,-2.28,77.40,0.00,75.12,0.00,0.00,0.00,0.00
658.87,36.02,32.75,36.00,20.00,AUTO,16,75,0,-2.28,77.28,0.00,75.00,0.00,0.00,0.00,0.00
659.88,36.02,32.75,36.00,20.00,AUTO,16,74,0,-2.28,77.17,0.00,74.89,0.00,0.00,0.00,0.00
660.88,36.02,32.75,36.00,20.00,AUTO,16,74,0,-2.28,77.06,0.00,74.77,0.00,0.00,0.00,0.00
661.88,36.02,32.75,36.00,20.00,AUTO,16,74,0,-2.28,76.94,0.00,74.66,0.00,0.00,0.00,0.00
662.88,36.02,32.70,36.00,20.00,AUTO,16,74,0,-2.28,76.83,0.00,74.54,0.00,0.00,0.00,0.00
663.88,36.02,32.70,36.00,20.00,AUTO,16,74,0,-2.28,76.71,0.00,74.43,0.00,0.00,0.00,0.00
664.88,36.02,32.70,36.00,20.00,AUTO,16,74,0,-2.28,76.60,0.00,74.32,0.00,0.00,0.00,0.00
665.89,36.03,32.73,36.00,20.00,AUTO,16,73,0,-3.36,76.43,0.00,73.08,0.00,0.00,0.00,0.00
666.89,36.03,32.73,36.00,20.00,AUTO,16,72,0,-3.36,76.26,0.00,72.91,0.00,0.00,0.00,0.00
667.89,36.08,32.73,36.00,20.00,AUTO,16,68,0,-7.65,75.88,0.00,68.24,0.00,0.00,0.00,0.00
668.89,36.08,32.73,36.00,20.00,AUTO,16,67,0,-7.65,75.50,0.00,67.85,0.00,0.00,0.00,0.00
669.89,36.06,32.73,36.00,20.00,AUTO,16,69,0,-5.50,75.22,0.00,69.72,0.00,0.00,0.00,0.00
670.89,36.08,32.68,36.00,20.00,AUTO,16,67,0,-7.65,74.84,0.00,67.20,0.00,0.00,0.00,0.00
671.90,36.07,32.68,36.00,20.00,AUTO,16,67,0,-6.57,74.51,0.00,67.94,0.00,0.00,0.00,0.00
672.89,36.08,32.68,36.00,20.00,AUTO,16,66,0,-7.65,74.13,0.00,66.49,0.00,0.00,0.00,0.00
673.90,36.10,32.68,36.00,20.00,AUTO,16,63,0,-9.79,73.64,0.00,63.85,0.00,0.00,0.00,0.00
674.90,36.13,32.68,36.00,20.00,AUTO,16,59,0,-13.01,72.99,0.00,59.98,0.00,0.00,0.00,0.00
675.90,36.13,32.68,36.00,20.00,AUTO,16,59,0,-13.01,72.34,0.00,59.33,0.00,0.00,0.00,0.00
676.91,36.14,32.68,36.00,20.00,AUTO,16,57,0,-14.08,71.64,0.00,57.56,0.00,0.00,0.00,0.00
677.90,36.12,32.68,36.00,20.00,AUTO,16,59,0,-11.94,71.04,0.00,59.10,0.00,0.00,0.00,0.00
678.91,36.12,32.68,36.00,20.00,AUTO,16,58,0,-11.94,70.44,0.00,58.51,0.00,0.00,0.00,0.00
679.91,36.12,32.68,36.00,20.00,AUTO,16,57,0,-11.94,69.85,0.00,57.91,0.00,0.00,0.00,0.00
680.91,36.12,32.68,36.00,20.00,AUTO,16,57,0,-11.94,69.25,0.00,57.31,0.00,0.00,0.00,0.00
681.91,36.12,32.68,36.00,20.00,AUTO,16,56,0,-11.94,68.65,0.00,56.72,0.00,0.00,0.00,0.00
682.91,36.14,32.68,36.00,20.00,AUTO,16,53,0,-14.08,67.95,0.00,53.87,0.00,0.00,0.00,0.00
683.92,36.15,32.68,36.00,20.00,AUTO,16,52,0,-15.15,67.19,0.00,52.04,0.00,0.00,0.00,0.00
684.92,36.16,32.68,36.00,20.00,AUTO,16,50,0,-16.23,66.38,0.00,50.15,0.00,0.00,0.00,0.00
685.92,36.15,32.68,36.00,20.00,AUTO,16,50,0,-15.15,65.62,0.00,50.47,0.00,0.00,0.00,0.00
686.92,36.15,32.64,36.00,20.00,AUTO,16,49,0,-15.15,64.86,0.00,49.71,0.00,0.00,0.00,0.00
687.92,36.15,32.64,36.00,20.00,AUTO,16,48,0,-15.15,64.11,0.00,48.95,0.00,0.00,0.00,0.00
688.92,36.14,32.68,36.00,20.00,AUTO,16,49,0,-14.08,63.40,0.00,49.32,0.00,0.00,0.00,0.00
689.93,36.16,32.68,36.00,20.00,AUTO,16,46,0,-16.23,62.59,0.00,46.37,0.00,0.00,0.00,0.00
690.93,36.17,32.68,36.00,20.00,AUTO,16,44,0,-17.30,61.73,0.00,44.43,0.00,0.00,0.00,0.00
691.93,36.17,32.68,36.00,20.00,AUTO,16,43,0,-17.30,60.86,0.00,43.56,0.00,0.00,0.00,0.00
692.93,36.18,32.64,36.00,20.00,AUTO,16,41,0,-18.37,59.94,0.00,41.57,0.00,0.00,0.00,0.00
693.93,36.16,32.64,36.00,20.00,AUTO,16,42,0,-16.23,59.13,0.00,42.91,0.00,0.00,0.00,0.00
694.93,36.16,32.64,36.00,20.00,AUTO,16,42,0,-16.23,58.32,0.00,42.10,0.00,0.00,0.00,0.00
695.93,36.15,32.68,36.00,20.00,AUTO,16,42,0,-15.15,57.56,0.00,42.41,0.00,0.00,0.00,0.00
696.93,36.15,32.68,36.00,20.00,AUTO,16,41,0,-15.15,56.81,0.00,41.65,0.00,0.00,0.00,0.00
697.94,36.17,32.68,36.00,20.00,AUTO,16,38,0,-17.30,55.94,0.00,38.64,0.00,0.00,0.00,0.00
698.94,36.16,32.68,36.00,20.00,AUTO,16,38,0,-16.23,55.13,0.00,38.90,0.00,0.00,0.00,0.00
699.94,36.17,32.73,36.00,20.00,AUTO,16,36,0,-17.30,54.26,0.00,36.97,0.00,0.00,0.00,0.00
700.94,36.16,32.73,36.00,20.00,AUTO,16,37,0,-16.23,53.45,0.00,37.23,0.00,0.00,0.00,0.00
701.94,36.14,32.73,36.00,20.00,AUTO,16,38,0,-14.08,52.75,0.00,38.67,0.00,0.00,0.00,0.00
702.95,36.14,32.73,36.00,20.00,AUTO,16,37,0,-14.08,52.05,0.00,37.96,0.00,0.00,0.00,0.00
703.95,36.13,32.73,36.00,20.00,AUTO,16,38,0,-13.01,51.39,0.00,38.39,0.00,0.00,0.00,0.00
704.95,36.14,32.73,36.00,20.00,AUTO,16,36,0,-14.08,50.69,0.00,36.61,0.00,0.00,0.00,0.00
705.95,36.14,32.76,36.00,20.00,AUTO,16,35,0,-14.08,49.99,0.00,35.91,0.00,0.00,0.00,0.00
706.95,36.13,32.76,36.00,20.00,AUTO,16,36,0,-13.01,49.34,0.00,36.33,0.00,0.00,0.00,0.00
707.95,36.12,32.76,36.00,20.00,AUTO,16,36,0,-11.94,48.74,0.00,36.80,0.00,0.00,0.00,0.00
708.96,36.12,32.76,36.00,20.00,AUTO,16,36,0,-11.94,48.14,0.00,36.21,0.00,0.00,0.00,0.00
709.95,36.09,32.80,36.00,20.00,AUTO,16,38,0,-8.72,47.71,0.00,38.99,0.00,0.00,0.00,0.00
710.96,36.08,32.80,36.00,20.00,AUTO,16,39,0,-7.65,47.32,0.00,39.68,0.00,0.00,0.00,0.00
711.96,36.08,32.85,36.00,20.00,AUTO,16,39,0,-7.65,46.94,0.00,39.30,0.00,0.00,0.00,0.00
712.96,36.08,32.85,36.00,20.00,AUTO,16,38,0,-7.65,46.56,0.00,38.91,0.00,0.00,0.00,0.00
713.96,36.08,32.85,36.00,20.00,AUTO,16,38,0,-7.65,46.18,0.00,38.53,0.00,0.00,0.00,0.00
714.96,36.06,32.85,36.00,20.00,AUTO,16,40,0,-5.50,45.90,0.00,40.40,0.00,0.00,0.00,0.00
715.97,36.06,32.89,36.00,20.00,AUTO,16,40,0,-5.50,45.63,0.00,40.13,0.00,0.00,0.00,0.00
716.97,36.03,32.89,36.00,20.00,AUTO,16,42,0,-3.36,45.46,0.00,42.10,0.00,0.00,0.00,0.00
717.97,36.03,32.87,36.00,20.00,AUTO,16,41,0,-3.36,45.29,0.00,41.94,0.00,0.00,0.00,0.00
718.97,36.02,32.87,36.00,20.00,AUTO,16,42,0,-2.28,45.18,0.00,42.89,0.00,0.00,0.00,0.00
719.97,36.02,32.87,36.00,20.00,AUTO,16,42,0,-2.28,45.06,0.00,42.78,0.00,0.00,0.00,0.00
720.97,36.02,32.87,36.00,20.00,AUTO,16,42,0,-2.28,44.95,0.00,42.67,0.00,0.00,0.00,0.00
721.98,36.02,32.87,36.00,20.00,AUTO,16,42,0,-2.28,44.84,0.00,42.55,0.00,0.00,0.00,0.00
722.97,36.02,32.83,36.00,20.00,AUTO,16,42,0,-2.28,44.72,0.00,42.44,0.00,0.00,0.00,0.00
723.98,36.02,32.83,36.00,20.00,AUTO,16,42,0,-2.28,44.61,0.00,42.32,0.00,0.00,0.00,0.00
724.98,36.02,32.83,36.00,20.00,AUTO,16,42,0,-2.28,44.49,0.00,42.21,0.00,0.00,0.00,0.00
725.98,35.97,32.83,36.00,20.00,AUTO,16,47,0,3.08,44.65,0.00,47.73,0.00,0.00,0.00,0.00
726.98,35.96,32.83,36.00,20.00,AUTO,16,49,0,4.15,44.85,0.00,49.01,0.00,0.00,0.00,0.00
727.98,35.94,32.87,36.00,20.00,AUTO,16,51,0,6.30,45.17,0.00,51.47,0.00,0.00,0.00,0.00
728.98,35.93,32.87,36.00,20.00,AUTO,16,52,0,7.37,45.54,0.00,52.91,0.00,0.00,0.00,0.00
729.99,35.93,32.87,36.00,20.00,AUTO,16,53,0,7.37,45.91,0.00,53.28,0.00,0.00,0.00,0.00
730.99,35.90,32.79,36.00,20.00,AUTO,16,55,0,9.51,46.38,0.00,55.90,0.00,0.00,0.00,0.00
731.99,35.89,32.79,36.00,20.00,AUTO,16,57,0,10.59,46.91,0.00,57.50,0.00,0.00,0.00,0.00
732.99,35.88,32.83,36.00,20.00,AUTO,16,59,0,11.66,47.49,0.00,59.15,0.00,0.00,0.00,0.00
733.99,35.85,32.83,36.00,20.00,AUTO,16,63,0,14.88,48.24,0.00,63.12,0.00,0.00,0.00,0.00
735.00,35.84,32.81,36.00,20.00,AUTO,16,64,0,15.95,49.04,0.00,64.98,0.00,0.00,0.00,0.00
736.00,35.82,32.73,36.00,20.00,AUTO,16,68,0,18.09,49.94,0.00,68.03,0.00,0.00,0.00,0.00
737.00,35.80,32.65,36.00,20.00,AUTO,16,71,0,20.24,50.95,0.00,71.19,0.00,0.00,0.00,0.00
738.00,35.77,32.65,36.00,20.00,AUTO,16,75,0,23.46,52.13,0.00,75.58,0.00,0.00,0.00,0.00
739.00,35.75,32.69,36.00,20.00,AUTO,16,77,0,24.53,53.35,0.00,77.88,0.00,0.00,0.00,0.00
740.00,35.75,32.69,36.00,20.00,AUTO,16,79,0,24.53,54.58,0.00,79.11,0.00,0.00,0.00,0.00
741.00,35.74,32.77,36.00,20.00,AUTO,16,81,0,25.60,55.86,0.00,81.46,0.00,0.00,0.00,0.00
742.01,35.71,32.77,36.00,20.00,AUTO,16,86,0,28.82,57.30,0.00,86.12,0.00,0.00,0.00,0.00
743.01,35.69,32.81,36.00,20.00,AUTO,16,89,0,30.96,58.85,0.00,89.81,0.00,0.00,0.00,0.00
744.01,35.68,32.85,36.00,20.00,AUTO,16,92,0,32.04,60.45,0.00,92.49,0.00,0.00,0.00,0.00
745.01,35.67,32.87,36.00,20.00,AUTO,16,95,0,33.11,62.10,0.00,95.21,0.00,0.00,0.00,0.00
746.01,35.66,32.87,36.00,20.00,AUTO,16,97,0,34.18,63.81,0.00,98.00,0.00,0.00,0.00,0.00
747.01,35.65,32.87,36.00,20.00,AUTO,16,100,0,35.25,63.81,0.00,100.83,0.00,0.00,0.00,0.00
748.02,35.64,32.92,36.00,20.00,AUTO,16,100,0,36.33,63.81,0.00,101.96,0.00,0.00,0.00,0.00
749.02,35.63,32.92,36.00,20.00,AUTO,16,100,0,37.40,63.81,0.00,103.08,0.00,0.00,0.00,0.00
750.02,35.62,32.96,36.00,20.00,AUTO,16,100,0,38.47,63.81,0.00,104.21,0.00,0.00,0.00,0.00
751.02,35.62,32.96,36.00,20.00,AUTO,16,100,0,38.47,63.81,0.00,104.21,0.00,0.00,0.00,0.00
752.02,35.59,32.99,36.00,20.00,AUTO,16,100,0,40.62,63.81,0.00,106.46,0.00,0.00,0.00,0.00
753.02,35.59,32.99,36.00,20.00,AUTO,16,100,0,40.62,63.81,0.00,106.46,0.00,0.00,0.00,0.00
754.03,35.58,32.99,36.00,20.00,AUTO,16,100,0,41.69,63.81,0.00,107.59,0.00,0.00,0.00,0.00
755.02,35.58,32.99,36.00,20.00,AUTO,16,100,0,41.69,63.81,0.00,107.59,0.00,0.00,0.00,0.00
756.03,35.57,32.99,36.00,20.00,AUTO,16,100,0,42.76,63.81,0.00,108.71,0.00,0.00,0.00,0.00
757.03,35.57,32.99,36.00,20.00,AUTO,16,100,0,42.76,63.81,0.00,108.71,0.00,0.00,0.00,0.00
758.03,35.56,32.99,36.00,20.00,AUTO,16,100,0,43.83,63.81,0.00,109.84,0.00,0.00,0.00,0.00
759.03,35.56,32.96,36.00,20.00,AUTO,16,100,0,43.83,63.81,0.00,109.84,0.00,0.00,0.00,0.00
760.03,35.56,32.96,36.00,20.00,AUTO,16,100,0,43.83,63.81,0.00,109.84,0.00,0.00,0.00,0.00
761.04,35.56,32.96,36.00,20.00,AUTO,16,100,0,43.83,63.81,0.00,109.84,0.00,0.00,0.00,0.00
762.04,35.55,32.96,36.00,20.00,AUTO,16,100,0,44.91,63.81,0.00,110.97,0.00,0.00,0.00,0.00
763.04,35.55,32.92,36.00,20.00,AUTO,16,100,0,44.91,63.81,0.00,110.97,0.00,0.00,0.00,0.00
764.04,35.55,32.92,36.00,20.00,AUTO,16,100,0,44.91,63.81,0.00,110.97,0.00,0.00,0.00,0.00
765.04,35.55,32.92,36.00,20.00,AUTO,16,100,0,44.91,63.81,0.00,110.97,0.00,0.00,0.00,0.00
766.04,35.54,32.87,36.00,20.00,AUTO,16,100,0,45.98,63.81,0.00,112.09,0.00,0.00,0.00,0.00
767.05,35.55,32.92,36.00,20.00,AUTO,16,100,0,44.91,63.81,0.00,110.97,0.00,0.00,0.00,0.00
768.05,35.55,32.92,36.00,20.00,AUTO,16,100,0,44.91,63.81,0.00,110.97,0.00,0.00,0.00,0.00
769.05,35.54,32.92,36.00,20.00,AUTO,16,100,0,45.98,63.81,0.00,112.09,0.00,0.00,0.00,0.00
770.05,35.55,32.92,36.00,20.00,AUTO,16,100,0,44.91,63.81,0.00,110.97,0.00,0.00,0.00,0.00
771.05,35.54,32.92,36.00,20.00,AUTO,16,100,0,45.98,63.81,0.00,112.09,0.00,0.00,0.00,0.00
772.05,35.55,32.92,36.00,20.00,AUTO,16,100,0,44.91,63.81,0.00,110.97,0.00,0.00,0.00,0.00
773.06,35.56,32.92,36.00,20.00,AUTO,16,100,0,43.83,63.81,0.00,109.84,0.00,0.00,0.00,0.00
774.05,35.56,32.92,36.00,20.00,AUTO,16,100,0,43.83,63.81,0.00,109.84,0.00,0.00,0.00,0.00
775.06,35.56,32.92,36.00,20.00,AUTO,16,100,0,43.83,63.81,0.00,109.84,0.00,0.00,0.00,0.00
776.06,35.57,32.87,36.00,20.00,AUTO,16,100,0,42.76,63.81,0.00,108.71,0.00,0.00,0.00,0.00
777.06,35.57,32.87,36.00,20.00,AUTO,16,100,0,42.76,63.81,0.00,108.71,0.00,0.00,0.00,0.00
778.06,35.58,32.87,36.00,20.00,AUTO,16,100,0,41.69,63.81,0.00,107.59,0.00,0.00,0.00,0.00
779.06,35.59,32.83,36.00,20.00,AUTO,16,100,0,40.62,63.81,0.00,106.46,0.00,0.00,0.00,0.00
780.07,35.59,32.83,36.00,20.00,AUTO,16,100,0,40.62,63.81,0.00,106.46,0.00,0.00,0.00,0.00
781.07,35.60,32.83,36.00,20.00,AUTO,16,100,0,39.54,63.81,0.00,105.34,0.00,0.00,0.00,0.00
782.07,35.60,32.80,36.00,20.00,AUTO,16,100,0,39.54,63.81,0.00,105.34,0.00,0.00,0.00,0.00
783.07,35.60,32.80,36.00,20.00,AUTO,16,100,0,39.54,63.81,0.00,105.34,0.00,0.00,0.00,0.00
784.07,35.63,32.76,36.00,20.00,AUTO,16,100,0,37.40,63.81,0.00,103.08,0.00,0.00,0.00,0.00
785.07,35.63,32.71,36.00,20.00,AUTO,16,100,0,37.40,63.81,0.00,103.08,0.00,0.00,0.00,0.00
786.08,35.64,32.71,36.00,20.00,AUTO,16,100,0,36.33,63.81,0.00,101.96,0.00,0.00,0.00,0.00
787.07,35.64,32.71,36.00,20.00,AUTO,16,100,0,36.33,63.81,0.00,101.96,0.00,0.00,0.00,0.00
788.08,35.66,32.67,36.00,20.00,AUTO,16,99,0,34.18,65.52,0.00,99.70,0.00,0.00,0.00,0.00
789.08,35.66,32.64,36.00,20.00,AUTO,16,100,0,34.18,65.52,0.00,101.41,0.00,0.00,0.00,0.00
790.08,35.67,32.64,36.00,20.00,AUTO,16,100,0,33.11,65.52,0.00,100.29,0.00,0.00,0.00,0.00
791.09,35.68,32.64,36.00,20.00,AUTO,16,99,0,32.04,67.12,0.00,99.16,0.00,0.00,0.00,0.00
792.08,35.69,32.65,36.00,20.00,AUTO,16,99,0,30.96,68.67,0.00,99.64,0.00,0.00,0.00,0.00
793.09,35.70,32.69,36.00,20.00,AUTO,16,100,0,29.89,68.67,0.00,100.06,0.00,0.00,0.00,0.00
794.09,35.72,32.73,36.00,20.00,AUTO,16,97,0,27.75,70.06,0.00,97.81,0.00,0.00,0.00,0.00
795.09,35.73,32.73,36.00,20.00,AUTO,16,98,0,26.67,71.39,0.00,98.07,0.00,0.00,0.00,0.00
796.09,35.73,32.73,36.00,20.00,AUTO,16,99,0,26.67,72.73,0.00,99.40,0.00,0.00,0.00,0.00
797.09,35.73,32.77,36.00,20.00,AUTO,16,100,0,26.67,72.73,0.00,100.74,0.00,0.00,0.00,0.00
798.09,35.74,32.77,36.00,20.00,AUTO,16,99,0,25.60,74.01,0.00,99.61,0.00,0.00,0.00,0.00
799.10,35.75,32.81,36.00,20.00,AUTO,16,99,0,24.53,75.23,0.00,99.76,0.00,0.00,0.00,0.00
800.10,35.77,32.85,36.00,20.00,AUTO,16,99,0,23.46,76.41,0.00,99.86,0.00,0.00,0.00,0.00
801.10,35.78,32.93,36.00,20.00,AUTO,16,99,0,22.38,77.53,0.00,99.91,0.00,0.00,0.00,0.00
802.10,35.79,33.02,36.00,20.00,AUTO,16,99,0,21.31,78.59,0.00,99.90,0.00,0.00,0.00,0.00
803.10,35.79,33.05,36.00,20.00,AUTO,16,100,0,21.31,78.59,0.00,100.97,0.00,0.00,0.00,0.00
804.10,35.80,33.09,36.00,20.00,AUTO,16,99,0,20.24,79.60,0.00,99.84,0.00,0.00,0.00,0.00
805.10,35.81,33.14,36.00,20.00,AUTO,16,99,0,19.17,80.56,0.00,99.73,0.00,0.00,0.00,0.00
806.11,35.82,33.09,36.00,20.00,AUTO,16,99,0,18.09,81.47,0.00,99.56,0.00,0.00,0.00,0.00
807.11,35.83,33.09,36.00,20.00,AUTO,16,99,0,17.02,82.32,0.00,99.34,0.00,0.00,0.00,0.00
808.11,35.83,33.05,36.00,20.00,AUTO,16,100,0,17.02,82.32,0.00,100.19,0.00,0.00,0.00,0.00
809.11,35.84,33.03,36.00,20.00,AUTO,16,99,0,15.95,83.12,0.00,99.06,0.00,0.00,0.00,0.00
810.11,35.85,32.99,36.00,20.00,AUTO,16,98,0,14.88,83.86,0.00,98.74,0.00,0.00,0.00,0.00
811.11,35.86,32.95,36.00,20.00,AUTO,16,98,0,13.80,84.55,0.00,98.35,0.00,0.00,0.00,0.00
812.12,35.87,32.91,36.00,20.00,AUTO,16,97,0,12.73,85.19,0.00,97.92,0.00,0.00,0.00,0.00
813.12,35.88,32.91,36.00,20.00,AUTO,16,97,0,11.66,85.77,0.00,97.43,0.00,0.00,0.00,0.00
814.12,35.89,32.87,36.00,20.00,AUTO,16,96,0,10.59,86.30,0.00,96.89,0.00,0.00,0.00,0.00
815.12,35.89,32.87,36.00,20.00,AUTO,16,97,0,10.59,86.83,0.00,97.42,0.00,0.00,0.00,0.00
816.12,35.92,32.83,36.00,20.00,AUTO,16,95,0,8.44,87.25,0.00,95.69,0.00,0.00,0.00,0.00
817.12,35.93,32.83,36.00,20.00,AUTO,16,94,0,7.37,87.62,0.00,94.99,0.00,0.00,0.00,0.00
818.13,35.94,32.79,36.00,20.00,AUTO,16,94,0,6.30,87.93,0.00,94.23,0.00,0.00,0.00,0.00
819.13,35.94,32.75,36.00,20.00,AUTO,16,94,0,6.30,88.25,0.00,94.54,0.00,0.00,0.00,0.00
820.13,35.95,32.70,36.00,20.00,AUTO,16,93,0,5.22,88.51,0.00,93.73,0.00,0.00,0.00,0.00
821.13,35.96,32.67,36.00,20.00,AUTO,16,92,0,4.15,88.72,0.00,92.87,0.00,0.00,0.00,0.00
822.13,35.96,32.63,36.00,20.00,AUTO,16,93,0,4.15,88.92,0.00,93.08,0.00,0.00,0.00,0.00
823.14,35.98,32.63,36.00,20.00,AUTO,16,91,0,2.01,89.02,0.00,91.03,0.00,0.00,0.00,0.00
824.13,35.98,32.63,36.00,20.00,AUTO,16,91,0,2.01,89.13,0.00,91.13,0.00,0.00,0.00,0.00
825.14,36.02,32.63,36.00,20.00,AUTO,16,86,0,-2.28,89.01,0.00,86.73,0.00,0.00,0.00,0.00
826.14,36.02,32.63,36.00,20.00,AUTO,16,86,0,-2.28,88.90,0.00,86.61,0.00,0.00,0.00,0.00
827.14,36.02,32.54,36.00,20.00,AUTO,16,86,0,-2.28,88.78,0.00,86.50,0.00,0.00,0.00,0.00
828.14,36.02,32.54,36.00,20.00,AUTO,16,86,0,-2.28,88.67,0.00,86.39,0.00,0.00,0.00,0.00
829.14,36.02,32.51,36.00,20.00,AUTO,16,86,0,-2.28,88.55,0.00,86.27,0.00,0.00,0.00,0.00
830.14,36.02,32.51,36.00,20.00,AUTO,16,86,0,-2.28,88.44,0.00,86.16,0.00,0.00,0.00,0.00
831.15,36.02,32.47,36.00,20.00,AUTO,16,86,0,-2.28,88.33,0.00,86.04,0.00,0.00,0.00,0.00
832.15,36.02,32.47,36.00,20.00,AUTO,16,85,0,-2.28,88.21,0.00,85.93,0.00,0.00,0.00,0.00
833.15,36.02,32.42,36.00,20.00,AUTO,16,85,0,-2.28,88.10,0.00,85.81,0.00,0.00,0.00,0.00
834.15,36.02,32.42,36.00,20.00,AUTO,16,85,0,-2.28,87.98,0.00,85.70,0.00,0.00,0.00,0.00
835.15,36.02,32.42,36.00,20.00,AUTO,16,85,0,-2.28,87.87,0.00,85.59,0.00,0.00,0.00,0.00
836.15,36.03,32.40,36.00,20.00,AUTO,16,84,0,-3.36,87.70,0.00,84.35,0.00,0.00,0.00,0.00
837.15,36.06,32.40,36.00,20.00,AUTO,16,81,0,-5.50,87.43,0.00,81.93,0.00,0.00,0.00,0.00
838.16,36.03,32.36,36.00,20.00,AUTO,16,83,0,-3.36,87.26,0.00,83.90,0.00,0.00,0.00,0.00
839.16,36.03,32.36,36.00,20.00,AUTO,16,83,0,-3.36,87.09,0.00,83.74,0.00,0.00,0.00,0.00
840.16,36.03,32.32,36.00,20.00,AUTO,16,83,0,-3.36,86.92,0.00,83.57,0.00,0.00,0.00,0.00
841.16,36.04,32.32,36.00,20.00,AUTO,16,82,0,-4.43,86.70,0.00,82.27,0.00,0.00,0.00,0.00
842.16,36.07,32.28,36.00,20.00,AUTO,16,79,0,-6.57,86.37,0.00,79.80,0.00,0.00,0.00,0.00
843.16,36.07,32.24,36.00,20.00,AUTO,16,79,0,-6.57,86.04,0.00,79.47,0.00,0.00,0.00,0.00
844.17,36.06,32.20,36.00,20.00,AUTO,16,80,0,-5.50,85.77,0.00,80.27,0.00,0.00,0.00,0.00
845.17,36.10,32.16,36.00,20.00,AUTO,16,75,0,-9.79,85.28,0.00,75.49,0.00,0.00,0.00,0.00
846.17,36.08,32.16,36.00,20.00,AUTO,16,77,0,-7.65,84.90,0.00,77.25,0.00,0.00,0.00,0.00
847.17,36.07,32.12,36.00,20.00,AUTO,16,77,0,-6.57,84.57,0.00,78.00,0.00,0.00,0.00,0.00
848.17,36.07,32.12,36.00,20.00,AUTO,16,77,0,-6.57,84.24,0.00,77.67,0.00,0.00,0.00,0.00
849.17,36.08,32.12,36.00,20.00,AUTO,16,76,0,-7.65,83.86,0.00,76.21,0.00,0.00,0.00,0.00
850.18,36.06,32.12,36.00,20.00,AUTO,16,78,0,-5.50,83.58,0.00,78.08,0.00,0.00,0.00,0.00
851.18,36.07,32.12,36.00,20.00,AUTO,16,76,0,-6.57,83.25,0.00,76.68,0.00,0.00,0.00,0.00
852.18,36.10,32.12,36.00,20.00,AUTO,16,72,0,-9.79,82.76,0.00,72.97,0.00,0.00,0.00,0.00
853.18,36.09,32.08,36.00,20.00,AUTO,16,73,0,-8.72,82.33,0.00,73.61,0.00,0.00,0.00,0.00
854.18,36.06,32.04,36.00,20.00,AUTO,16,76,0,-5.50,82.05,0.00,76.55,0.00,0.00,0.00,0.00
855.19,36.06,32.04,36.00,20.00,AUTO,16,76,0,-5.50,81.78,0.00,76.28,0.00,0.00,0.00,0.00
856.18,36.03,32.04,36.00,20.00,AUTO,16,78,0,-3.36,81.61,0.00,78.26,0.00,0.00,0.00,0.00
857.19,36.03,32.04,36.00,20.00,AUTO,16,78,0,-3.36,81.44,0.00,78.09,0.00,0.00,0.00,0.00
858.19,36.03,32.04,36.00,20.00,AUTO,16,77,0,-3.36,81.28,0.00,77.92,0.00,0.00,0.00,0.00
859.19,36.03,31.99,36.00,20.00,AUTO,16,77,0,-3.36,81.11,0.00,77.75,0.00,0.00,0.00,0.00
860.19,36.04,32.04,36.00,20.00,AUTO,16,76,0,-4.43,80.89,0.00,76.46,0.00,0.00,0.00,0.00
861.19,36.06,32.04,36.00,20.00,AUTO,16,75,0,-5.50,80.61,0.00,75.11,0.00,0.00,0.00,0.00
862.19,36.03,32.04,36.00,20.00,AUTO,16,77,0,-3.36,80.44,0.00,77.09,0.00,0.00,0.00,0.00
863.20,36.03,32.04,36.00,20.00,AUTO,16,76,0,-3.36,80.28,0.00,76.92,0.00,0.00,0.00,0.00
864.20,36.03,32.04,36.00,20.00,AUTO,16,76,0,-3.36,80.11,0.00,76.75,0.00,0.00,0.00,0.00
865.20,36.02,32.02,36.00,20.00,AUTO,16,77,0,-2.28,79.99,0.00,77.71,0.00,0.00,0.00,0.00
866.20,36.02,31.98,36.00,20.00,AUTO,16,77,0,-2.28,79.88,0.00,77.60,0.00,0.00,0.00,0.00
867.20,36.02,31.98,36.00,20.00,AUTO,16,77,0,-2.28,79.77,0.00,77.48,0.00,0.00,0.00,0.00
868.21,36.02,31.94,36.00,20.00,AUTO,16,77,0,-2.28,79.65,0.00,77.37,0.00,0.00,0.00,0.00
869.21,36.02,31.94,36.00,20.00,AUTO,16,77,0,-2.28,79.54,0.00,77.25,0.00,0.00,0.00,0.00
870.21,36.02,31.94,36.00,20.00,AUTO,16,77,0,-2.28,79.42,0.00,77.14,0.00,0.00,0.00,0.00
871.21,36.02,31.98,36.00,20.00,AUTO,16,77,0,-2.28,79.31,0.00,77.03,0.00,0.00,0.00,0.00
872.21,36.02,31.98,36.00,20.00,AUTO,16,76,0,-2.28,79.19,0.00,76.91,0.00,0.00,0.00,0.00
873.21,36.02,31.98,36.00,20.00,AUTO,16,76,0,-2.28,79.08,0.00,76.80,0.00,0.00,0.00,0.00
874.21,36.02,31.94,36.00,20.00,AUTO,16,76,0,-2.28,78.97,0.00,76.68,0.00,0.00,0.00,0.00
875.21,36.02,31.94,36.00,20.00,AUTO,16,76,0,-2.28,78.85,0.00,76.57,0.00,0.00,0.00,0.00
876.22,36.02,31.94,36.00,20.00,AUTO,16,76,0,-2.28,78.74,0.00,76.45,0.00,0.00,0.00,0.00
877.22,36.02,31.94,36.00,20.00,AUTO,16,76,0,-2.28,78.62,0.00,76.34,0.00,0.00,0.00,0.00
878.22,36.02,31.94,36.00,20.00,AUTO,16,76,0,-2.28,78.51,0.00,76.23,0.00,0.00,0.00,0.00
879.22,36.02,31.98,36.00,20.00,AUTO,16,76,0,-2.28,78.40,0.00,76.11,0.00,0.00,0.00,0.00
880.22,36.02,31.98,36.00,20.00,AUTO,16,75,0,-2.28,78.28,0.00,76.00,0.00,0.00,0.00,0.00
881.22,36.02,31.98,36.00,20.00,AUTO,16,75,0,-2.28,78.17,0.00,75.88,0.00,0.00,0.00,0.00
882.23,36.00,31.98,36.00,20.00,AUTO,16,78,0,-0.14,78.16,0.00,78.02,0.00,0.00,0.00,0.00
883.23,35.99,31.98,36.00,20.00,AUTO,16,79,0,0.93,78.21,0.00,79.14,0.00,0.00,0.00,0.00
884.23,35.99,31.94,36.00,20.00,AUTO,16,79,0,0.93,78.25,0.00,79.19,0.00,0.00,0.00,0.00
885.23,36.00,31.90,36.00,20.00,AUTO,16,78,0,-0.14,78.25,0.00,78.11,0.00,0.00,0.00,0.00
886.23,35.97,31.90,36.00,20.00,AUTO,16,81,0,3.08,78.40,0.00,81.48,0.00,0.00,0.00,0.00
887.23,35.96,31.94,36.00,20.00,AUTO,16,82,0,4.15,78.61,0.00,82.76,0.00,0.00,0.00,0.00
888.23,35.95,31.98,36.00,20.00,AUTO,16,84,0,5.22,78.87,0.00,84.09,0.00,0.00,0.00,0.00
889.24,35.96,31.98,36.00,20.00,AUTO,16,83,0,4.15,79.08,0.00,83.23,0.00,0.00,0.00,0.00
890.24,35.96,31.94,36.00,20.00,AUTO,16,83,0,4.15,79.28,0.00,83.44,0.00,0.00,0.00,0.00
891.24,35.95,31.94,36.00,20.00,AUTO,16,84,0,5.22,79.55,0.00,84.77,0.00,0.00,0.00,0.00
892.25,35.95,31.94,36.00,20.00,AUTO,16,85,0,5.22,79.81,0.00,85.03,0.00,0.00,0.00,0.00
893.24,35.96,31.94,36.00,20.00,AUTO,16,84,0,4.15,80.01,0.00,84.17,0.00,0.00,0.00,0.00
894.24,35.94,31.94,36.00,20.00,AUTO,16,86,0,6.30,80.33,0.00,86.63,0.00,0.00,0.00,0.00
895.25,35.94,31.98,36.00,20.00,AUTO,16,86,0,6.30,80.64,0.00,86.94,0.00,0.00,0.00,0.00
896.25,35.93,31.94,36.00,20.00,AUTO,16,88,0,7.37,81.01,0.00,88.38,0.00,0.00,0.00,0.00
897.25,35.93,31.94,36.00,20.00,AUTO,16,88,0,7.37,81.38,0.00,88.75,0.00,0.00,0.00,0.00
898.25,35.93,31.94,36.00,20.00,AUTO,16,89,0,7.37,81.75,0.00,89.12,0.00,0.00,0.00,0.00
899.25,35.93,31.94,36.00,20.00,AUTO,16,89,0,7.37,82.12,0.00,89.49,0.00,0.00,0.00,0.00
900.26,35.92,31.94,36.00,20.00,AUTO,16,90,0,8.44,82.54,0.00,90.98,0.00,0.00,0.00,0.00
901.26,35.93,31.90,36.00,20.00,AUTO,16,90,0,7.37,82.91,0.00,90.28,0.00,0.00,0.00,0.00
902.28,35.90,31.90,36.00,20.00,AUTO,16,92,0,9.51,83.38,0.00,92.90,0.00,0.00,0.00,0.00
903.26,35.90,31.90,36.00,20.00,AUTO,16,93,0,9.51,83.86,0.00,93.37,0.00,0.00,0.00,0.00
904.26,35.90,31.90,36.00,20.00,AUTO,16,93,0,9.51,84.34,0.00,93.85,0.00,0.00,0.00,0.00
905.26,35.90,31.86,36.00,20.00,AUTO,16,94,0,9.51,84.81,0.00,94.33,0.00,0.00,0.00,0.00
906.26,35.92,31.90,36.00,20.00,AUTO,16,93,0,8.44,85.23,0.00,93.68,0.00,0.00,0.00,0.00
907.26,35.90,31.90,36.00,20.00,AUTO,16,95,0,9.51,85.71,0.00,95.22,0.00,0.00,0.00,0.00
908.27,35.90,31.90,36.00,20.00,AUTO,16,95,0,9.51,86.19,0.00,95.70,0.00,0.00,0.00,0.00
909.27,35.92,31.90,36.00,20.00,AUTO,16,95,0,8.44,86.61,0.00,95.05,0.00,0.00,0.00,0.00
910.27,35.93,31.90,36.00,20.00,AUTO,16,94,0,7.37,86.98,0.00,94.35,0.00,0.00,0.00,0.00
911.27,35.93,31.94,36.00,20.00,AUTO,16,94,0,7.37,87.34,0.00,94.71,0.00,0.00,0.00,0.00
912.27,35.94,31.90,36.00,20.00,AUTO,16,93,0,6.30,87.66,0.00,93.96,0.00,0.00,0.00,0.00
913.29,35.95,31.90,36.00,20.00,AUTO,16,93,0,5.22,87.92,0.00,93.14,0.00,0.00,0.00,0.00
914.28,35.96,31.90,36.00,20.00,AUTO,16,92,0,4.15,88.13,0.00,92.28,0.00,0.00,0.00,0.00
915.28,35.96,31.86,36.00,20.00,AUTO,16,92,0,4.15,88.34,0.00,92.49,0.00,0.00,0.00,0.00
916.28,35.96,31.86,36.00,20.00,AUTO,16,92,0,4.15,88.54,0.00,92.70,0.00,0.00,0.00,0.00
917.28,35.96,31.90,36.00,20.00,AUTO,16,92,0,4.15,88.75,0.00,92.90,0.00,0.00,0.00,0.00
918.29,35.97,31.86,36.00,20.00,AUTO,16,91,0,3.08,88.90,0.00,91.98,0.00,0.00,0.00,0.00
919.28,35.98,31.86,36.00,20.00,AUTO,16,91,0,2.01,89.00,0.00,91.01,0.00,0.00,0.00,0.00
920.29,35.99,31.82,36.00,20.00,AUTO,16,89,0,0.93,89.05,0.00,89.99,0.00,0.00,0.00,0.00
921.29,36.02,31.82,36.00,20.00,AUTO,16,86,0,-2.28,88.94,0.00,86.65,0.00,0.00,0.00,0.00
922.29,36.02,31.78,36.00,20.00,AUTO,16,86,0,-2.28,88.82,0.00,86.54,0.00,0.00,0.00,0.00
923.29,36.02,31.78,36.00,20.00,AUTO,16,86,0,-2.28,88.71,0.00,86.43,0.00,0.00,0.00,0.00
924.29,36.02,31.78,36.00,20.00,AUTO,16,86,0,-2.28,88.60,0.00,86.31,0.00,0.00,0.00,0.00
925.29,36.02,31.78,36.00,20.00,AUTO,16,86,0,-2.28,88.48,0.00,86.20,0.00,0.00,0.00,0.00
926.30,36.02,31.78,36.00,20.00,AUTO,16,86,0,-2.28,88.37,0.00,86.08,0.00,0.00,0.00,0.00
927.30,36.02,31.78,36.00,20.00,AUTO,16,85,0,-2.28,88.25,0.00,85.97,0.00,0.00,0.00,0.00
928.30,36.02,31.73,36.00,20.00,AUTO,16,85,0,-2.28,88.14,0.00,85.85,0.00,0.00,0.00,0.00
929.30,36.02,31.73,36.00,20.00,AUTO,16,85,0,-2.28,88.02,0.00,85.74,0.00,0.00,0.00,0.00
930.30,36.02,31.70,36.00,20.00,AUTO,16,85,0,-2.28,87.91,0.00,85.63,0.00,0.00,0.00,0.00
931.30,36.02,31.70,36.00,20.00,AUTO,16,85,0,-2.28,87.80,0.00,85.51,0.00,0.00,0.00,0.00
932.31,36.02,31.70,36.00,20.00,AUTO,16,85,0,-2.28,87.68,0.00,85.40,0.00,0.00,0.00,0.00
933.30,36.02,31.66,36.00,20.00,AUTO,16,85,0,-2.28,87.57,0.00,85.28,0.00,0.00,0.00,0.00
934.31,36.02,31.57,36.00,20.00,AUTO,16,85,0,-2.28,87.45,0.00,85.17,0.00,0.00,0.00,0.00
935.31,36.02,31.57,36.00,20.00,AUTO,16,85,0,-2.28,87.34,0.00,85.06,0.00,0.00,0.00,0.00
936.31,36.02,31.57,36.00,20.00,AUTO,16,84,0,-2.28,87.22,0.00,84.94,0.00,0.00,0.00,0.00
937.31,36.02,31.66,36.00,20.00,AUTO,16,84,0,-2.28,87.11,0.00,84.83,0.00,0.00,0.00,0.00
938.31,36.02,31.66,36.00,20.00,AUTO,16,84,0,-2.28,87.00,0.00,84.71,0.00,0.00,0.00,0.00
939.31,36.02,31.57,36.00,20.00,AUTO,16,84,0,-2.28,86.88,0.00,84.60,0.00,0.00,0.00,0.00
940.32,36.02,31.57,36.00,20.00,AUTO,16,84,0,-2.28,86.77,0.00,84.48,0.00,0.00,0.00,0.00
941.32,36.03,31.57,36.00,20.00,AUTO,16,83,0,-3.36,86.60,0.00,83.25,0.00,0.00,0.00,0.00
942.32,36.02,31.54,36.00,20.00,AUTO,16,84,0,-2.28,86.49,0.00,84.20,0.00,0.00,0.00,0.00
943.32,36.02,31.54,36.00,20.00,AUTO,16,84,0,-2.28,86.37,0.00,84.09,0.00,0.00,0.00,0.00
944.32,36.02,31.54,36.00,20.00,AUTO,16,83,0,-2.28,86.26,0.00,83.97,0.00,0.00,0.00,0.00
945.33,36.02,31.54,36.00,20.00,AUTO,16,83,0,-2.28,86.14,0.00,83.86,0.00,0.00,0.00,0.00
946.33,36.02,31.55,36.00,20.00,AUTO,16,83,0,-2.28,86.03,0.00,83.75,0.00,0.00,0.00,0.00
947.33,36.02,31.54,36.00,20.00,AUTO,16,83,0,-2.28,85.92,0.00,83.63,0.00,0.00,0.00,0.00
948.33,36.03,31.51,36.00,20.00,AUTO,16,82,0,-3.36,85.75,0.00,82.39,0.00,0.00,0.00,0.00
949.33,36.04,31.51,36.00,20.00,AUTO,16,81,0,-4.43,85.53,0.00,81.10,0.00,0.00,0.00,0.00
950.33,36.03,31.51,36.00,20.00,AUTO,16,82,0,-3.36,85.36,0.00,82.00,0.00,0.00,0.00,0.00
951.34,36.03,31.51,36.00,20.00,AUTO,16,81,0,-3.36,85.19,0.00,81.84,0.00,0.00,0.00,0.00
952.34,36.03,31.51,36.00,20.00,AUTO,16,81,0,-3.36,85.02,0.00,81.67,0.00,0.00,0.00,0.00
953.35,36.03,31.51,36.00,20.00,AUTO,16,81,0,-3.36,84.86,0.00,81.50,0.00,0.00,0.00,0.00
954.34,36.03,31.55,36.00,20.00,AUTO,16,81,0,-3.36,84.69,0.00,81.33,0.00,0.00,0.00,0.00
955.35,36.03,31.51,36.00,20.00,AUTO,16,81,0,-3.36,84.52,0.00,81.16,0.00,0.00,0.00,0.00
956.34,36.03,31.45,36.00,20.00,AUTO,16,80,0,-3.36,84.35,0.00,81.00,0.00,0.00,0.00,0.00
957.34,36.03,31.43,36.00,20.00,AUTO,16,80,0,-3.36,84.18,0.00,80.83,0.00,0.00,0.00,0.00
958.35,36.02,31.41,36.00,20.00,AUTO,16,81,0,-2.28,84.07,0.00,81.79,0.00,0.00,0.00,0.00
959.35,36.02,31.41,36.00,20.00,AUTO,16,81,0,-2.28,83.96,0.00,81.67,0.00,0.00,0.00,0.00
960.35,36.02,31.41,36.00,20.00,AUTO,16,81,0,-2.28,83.84,0.00,81.56,0.00,0.00,0.00,0.00
961.35,36.02,31.38,36.00,20.00,AUTO,16,81,0,-2.28,83.73,0.00,81.44,0.00,0.00,0.00,0.00
962.35,36.02,31.38,36.00,20.00,AUTO,16,81,0,-2.28,83.61,0.00,81.33,0.00,0.00,0.00,0.00
963.35,36.02,31.38,36.00,20.00,AUTO,16,81,0,-2.28,83.50,0.00,81.22,0.00,0.00,0.00,0.00
964.36,36.02,31.41,36.00,20.00,AUTO,16,81,0,-2.28,83.38,0.00,81.10,0.00,0.00,0.00,0.00
965.36,36.02,31.41,36.00,20.00,AUTO,16,80,0,-2.28,83.27,0.00,80.99,0.00,0.00,0.00,0.00
966.36,36.02,31.41,36.00,20.00,AUTO,16,80,0,-2.28,83.16,0.00,80.87,0.00,0.00,0.00,0.00
967.36,36.02,31.41,36.00,20.00,AUTO,16,80,0,-2.28,83.04,0.00,80.76,0.00,0.00,0.00,0.00
968.36,36.02,31.45,36.00,20.00,AUTO,16,80,0,-2.28,82.93,0.00,80.64,0.00,0.00,0.00,0.00
969.36,36.02,31.45,36.00,20.00,AUTO,16,80,0,-2.28,82.81,0.00,80.53,0.00,0.00,0.00,0.00
970.36,36.02,31.45,36.00,20.00,AUTO,16,80,0,-2.28,82.70,0.00,80.42,0.00,0.00,0.00,0.00
971.37,36.02,31.45,36.00,20.00,AUTO,16,80,0,-2.28,82.59,0.00,80.30,0.00,0.00,0.00,0.00
972.38,36.02,31.45,36.00,20.00,AUTO,16,80,0,-2.28,82.47,0.00,80.19,0.00,0.00,0.00,0.00
973.37,36.02,31.45,36.00,20.00,AUTO,16,80,0,-2.28,82.36,0.00,80.07,0.00,0.00,0.00,0.00
974.37,36.02,31.45,36.00,20.00,AUTO,16,79,0,-2.28,82.24,0.00,79.96,0.00,0.00,0.00,0.00
975.37,36.02,31.45,36.00,20.00,AUTO,16,79,0,-2.28,82.13,0.00,79.85,0.00,0.00,0.00,0.00
976.37,36.02,31.45,36.00,20.00,AUTO,16,79,0,-2.28,82.01,0.00,79.73,0.00,0.00,0.00,0.00
977.38,36.02,31.45,36.00,20.00,AUTO,16,79,0,-2.28,81.90,0.00,79.62,0.00,0.00,0.00,0.00
978.38,36.02,31.45,36.00,20.00,AUTO,16,79,0,-2.28,81.79,0.00,79.50,0.00,0.00,0.00,0.00
979.40,36.02,31.41,36.00,20.00,AUTO,16,79,0,-2.28,81.67,0.00,79.39,0.00,0.00,0.00,0.00
980.38,36.02,31.41,36.00,20.00,AUTO,16,79,0,-2.28,81.56,0.00,79.27,0.00,0.00,0.00,0.00
981.38,36.02,31.41,36.00,20.00,AUTO,16,79,0,-2.28,81.44,0.00,79.16,0.00,0.00,0.00,0.00
982.38,36.02,31.41,36.00,20.00,AUTO,16,79,0,-2.28,81.33,0.00,79.05,0.00,0.00,0.00,0.00
983.39,36.02,31.45,36.00,20.00,AUTO,16,78,0,-2.28,81.22,0.00,78.93,0.00,0.00,0.00,0.00
984.38,36.02,31.41,36.00,20.00,AUTO,16,78,0,-2.28,81.10,0.00,78.82,0.00,0.00,0.00,0.00
985.42,36.02,31.38,36.00,20.00,AUTO,16,78,0,-2.28,80.99,0.00,78.70,0.00,0.00,0.00,0.00
986.39,36.02,31.38,36.00,20.00,AUTO,16,78,0,-2.28,80.87,0.00,78.59,0.00,0.00,0.00,0.00
987.39,36.02,31.33,36.00,20.00,AUTO,16,78,0,-2.28,80.76,0.00,78.48,0.00,0.00,0.00,0.00
988.39,36.02,31.33,36.00,20.00,AUTO,16,78,0,-2.28,80.64,0.00,78.36,0.00,0.00,0.00,0.00
989.39,36.02,31.38,36.00,20.00,AUTO,16,78,0,-2.28,80.53,0.00,78.25,0.00,0.00,0.00,0.00
990.40,36.02,31.38,36.00,20.00,AUTO,16,78,0,-2.28,80.42,0.00,78.13,0.00,0.00,0.00,0.00
991.40,36.02,31.38,36.00,20.00,AUTO,16,78,0,-2.28,80.30,0.00,78.02,0.00,0.00,0.00,0.00
992.40,36.02,31.38,36.00,20.00,AUTO,16,77,0,-2.28,80.19,0.00,77.90,0.00,0.00,0.00,0.00
993.43,36.02,31.33,36.00,20.00,AUTO,16,77,0,-2.28,80.07,0.00,77.79,0.00,0.00,0.00,0.00
994.40,36.02,31.33,36.00,20.00,AUTO,16,77,0,-2.28,79.96,0.00,77.68,0.00,0.00,0.00,0.00
995.40,36.02,31.33,36.00,20.00,AUTO,16,77,0,-2.28,79.85,0.00,77.56,0.00,0.00,0.00,0.00
996.41,36.02,31.33,36.00,20.00,AUTO,16,77,0,-2.28,79.73,0.00,77.45,0.00,0.00,0.00,0.00
997.41,36.02,31.38,36.00,20.00,AUTO,16,77,0,-2.28,79.62,0.00,77.33,0.00,0.00,0.00,0.00
998.42,36.02,31.38,36.00,20.00,AUTO,16,77,0,-2.28,79.50,0.00,77.22,0.00,0.00,0.00,0.00
999.41,36.00,31.38,36.00,20.00,AUTO,16,79,0,-0.14,79.50,0.00,79.36,0.00,0.00,0.00,0.00
1000.41,35.99,31.33,36.00,20.00,AUTO,16,80,0,0.93,79.54,0.00,80.48,0.00,0.00,0.00,0.00
1001.41,35.98,31.33,36.00,20.00,AUTO,16,81,0,2.01,79.64,0.00,81.65,0.00,0.00,0.00,0.00
1002.41,35.98,31.33,36.00,20.00,AUTO,16,81,0,2.01,79.74,0.00,81.75,0.00,0.00,0.00,0.00
1003.42,35.96,31.38,36.00,20.00,AUTO,16,84,0,4.15,79.95,0.00,84.10,0.00,0.00,0.00,0.00
1004.42,35.96,31.38,36.00,20.00,AUTO,16,84,0,4.15,80.16,0.00,84.31,0.00,0.00,0.00,0.00
1005.42,35.99,31.41,36.00,20.00,AUTO,16,81,0,0.93,80.21,0.00,81.14,0.00,0.00,0.00,0.00
1006.42,35.96,31.41,36.00,20.00,AUTO,16,84,0,4.15,80.41,0.00,84.56,0.00,0.00,0.00,0.00
1007.42,35.96,31.41,36.00,20.00,AUTO,16,84,0,4.15,80.62,0.00,84.77,0.00,0.00,0.00,0.00
1008.42,35.95,31.41,36.00,20.00,AUTO,16,86,0,5.22,80.88,0.00,86.11,0.00,0.00,0.00,0.00
1009.43,35.95,31.41,36.00,20.00,AUTO,16,86,0,5.22,81.14,0.00,86.37,0.00,0.00,0.00,0.00
1010.43,35.95,31.41,36.00,20.00,AUTO,16,86,0,5.22,81.40,0.00,86.63,0.00,0.00,0.00,0.00
1011.43,35.95,31.41,36.00,20.00,AUTO,16,86,0,5.22,81.67,0.00,86.89,0.00,0.00,0.00,0.00
1012.43,35.94,31.38,36.00,20.00,AUTO,16,88,0,6.30,81.98,0.00,88.28,0.00,0.00,0.00,0.00
1013.43,35.96,31.38,36.00,20.00,AUTO,16,86,0,4.15,82.19,0.00,86.34,0.00,0.00,0.00,0.00
1014.43,35.94,31.41,36.00,20.00,AUTO,16,88,0,6.30,82.50,0.00,88.80,0.00,0.00,0.00,0.00
1015.43,35.94,31.41,36.00,20.00,AUTO,16,89,0,6.30,82.82,0.00,89.11,0.00,0.00,0.00,0.00
1016.43,35.94,31.41,36.00,20.00,AUTO,16,89,0,6.30,83.13,0.00,89.43,0.00,0.00,0.00,0.00
1017.44,35.95,31.45,36.00,20.00,AUTO,16,88,0,5.22,83.39,0.00,88.62,0.00,0.00,0.00,0.00
1018.44,35.95,31.41,36.00,20.00,AUTO,16,88,0,5.22,83.65,0.00,88.88,0.00,0.00,0.00,0.00
1019.44,35.95,31.41,36.00,20.00,AUTO,16,89,0,5.22,83.92,0.00,89.14,0.00,0.00,0.00,0.00
1020.44,35.95,31.45,36.00,20.00,AUTO,16,89,0,5.22,84.18,0.00,89.40,0.00,0.00,0.00,0.00
1021.44,35.96,31.41,36.00,20.00,AUTO,16,88,0,4.15,84.38,0.00,88.54,0.00,0.00,0.00,0.00
1022.45,35.95,31.41,36.00,20.00,AUTO,16,89,0,5.22,84.65,0.00,89.87,0.00,0.00,0.00,0.00
1023.45,35.96,31.41,36.00,20.00,AUTO,16,89,0,4.15,84.85,0.00,89.01,0.00,0.00,0.00,0.00
1024.45,35.98,31.41,36.00,20.00,AUTO,16,86,0,2.01,84.95,0.00,86.96,0.00,0.00,0.00,0.00
1025.45,35.97,31.41,36.00,20.00,AUTO,16,88,0,3.08,85.11,0.00,88.19,0.00,0.00,0.00,0.00
1026.45,35.97,31.41,36.00,20.00,AUTO,16,88,0,3.08,85.26,0.00,88.34,0.00,0.00,0.00,0.00
1027.45,35.97,31.41,36.00,20.00,AUTO,16,88,0,3.08,85.42,0.00,88.50,0.00,0.00,0.00,0.00
1028.46,35.98,31.38,36.00,20.00,AUTO,16,87,0,2.01,85.52,0.00,87.52,0.00,0.00,0.00,0.00
1029.46,36.02,31.38,36.00,20.00,AUTO,16,83,0,-2.28,85.40,0.00,83.12,0.00,0.00,0.00,0.00
1030.46,36.00,31.38,36.00,20.00,AUTO,16,85,0,-0.14,85.40,0.00,85.26,0.00,0.00,0.00,0.00
1031.46,36.00,31.38,36.00,20.00,AUTO,16,85,0,-0.14,85.39,0.00,85.25,0.00,0.00,0.00,0.00
1032.46,36.02,31.33,36.00,20.00,AUTO,16,82,0,-2.28,85.27,0.00,82.99,0.00,0.00,0.00,0.00
1033.47,36.02,31.33,36.00,20.00,AUTO,16,82,0,-2.28,85.16,0.00,82.88,0.00,0.00,0.00,0.00
1034.48,36.02,31.33,36.00,20.00,AUTO,16,82,0,-2.28,85.05,0.00,82.76,0.00,0.00,0.00,0.00
1035.47,36.02,31.33,36.00,20.00,AUTO,16,82,0,-2.28,84.93,0.00,82.65,0.00,0.00,0.00,0.00
1036.47,36.02,31.33,36.00,20.00,AUTO,16,82,0,-2.28,84.82,0.00,82.53,0.00,0.00,0.00,0.00
1037.47,36.02,31.33,36.00,20.00,AUTO,16,82,0,-2.28,84.70,0.00,82.42,0.00,0.00,0.00,0.00
1038.47,36.02,31.29,36.00,20.00,AUTO,16,82,0,-2.28,84.59,0.00,82.31,0.00,0.00,0.00,0.00
1039.47,36.02,31.29,36.00,20.00,AUTO,16,82,0,-2.28,84.47,0.00,82.19,0.00,0.00,0.00,0.00
1040.47,36.02,31.29,36.00,20.00,AUTO,16,82,0,-2.28,84.36,0.00,82.08,0.00,0.00,0.00,0.00
1041.48,36.02,31.29,36.00,20.00,AUTO,16,81,0,-2.28,84.25,0.00,81.96,0.00,0.00,0.00,0.00
1042.48,36.02,31.25,36.00,20.00,AUTO,16,81,0,-2.28,84.13,0.00,81.85,0.00,0.00,0.00,0.00
1043.48,36.02,31.22,36.00,20.00,AUTO,16,81,0,-2.28,84.02,0.00,81.73,0.00,0.00,0.00,0.00
1044.48,36.02,31.22,36.00,20.00,AUTO,16,81,0,-2.28,83.90,0.00,81.62,0.00,0.00,0.00,0.00
1045.48,36.02,31.22,36.00,20.00,AUTO,16,81,0,-2.28,83.79,0.00,81.51,0.00,0.00,0.00,0.00
1046.48,36.02,31.22,36.00,20.00,AUTO,16,81,0,-2.28,83.68,0.00,81.39,0.00,0.00,0.00,0.00
1047.49,36.02,31.25,36.00,20.00,AUTO,16,81,0,-2.28,83.56,0.00,81.28,0.00,0.00,0.00,0.00
1048.49,36.02,31.25,36.00,20.00,AUTO,16,81,0,-2.28,83.45,0.00,81.16,0.00,0.00,0.00,0.00
1049.49,36.02,31.29,36.00,20.00,AUTO,16,81,0,-2.28,83.33,0.00,81.05,0.00,0.00,0.00,0.00
1050.49,36.02,31.29,36.00,20.00,AUTO,16,80,0,-2.28,83.22,0.00,80.94,0.00,0.00,0.00,0.00
1051.49,36.02,31.29,36.00,20.00,AUTO,16,80,0,-2.28,83.10,0.00,80.82,0.00,0.00,0.00,0.00
1052.49,36.02,31.29,36.00,20.00,AUTO,16,80,0,-2.28,82.99,0.00,80.71,0.00,0.00,0.00,0.00
1053.49,36.02,31.29,36.00,20.00,AUTO,16,80,0,-2.28,82.88,0.00,80.59,0.00,0.00,0.00,0.00
1054.50,36.02,31.29,36.00,20.00,AUTO,16,80,0,-2.28,82.76,0.00,80.48,0.00,0.00,0.00,0.00
1055.50,36.02,31.25,36.00,20.00,AUTO,16,80,0,-2.28,82.65,0.00,80.36,0.00,0.00,0.00,0.00
1056.50,36.02,31.25,36.00,20.00,AUTO,16,80,0,-2.28,82.53,0.00,80.25,0.00,0.00,0.00,0.00
1057.50,36.02,31.22,36.00,20.00,AUTO,16,80,0,-2.28,82.42,0.00,80.14,0.00,0.00,0.00,0.00
1058.50,36.02,31.22,36.00,20.00,AUTO,16,80,0,-2.28,82.31,0.00,80.02,0.00,0.00,0.00,0.00
1059.50,36.02,31.22,36.00,20.00,AUTO,16,79,0,-2.28,82.19,0.00,79.91,0.00,0.00,0.00,0.00
1060.51,36.02,31.17,36.00,20.00,AUTO,16,79,0,-2.28,82.08,0.00,79.79,0.00,0.00,0.00,0.00
1061.51,36.02,31.17,36.00,20.00,AUTO,16,79,0,-2.28,81.96,0.00,79.68,0.00,0.00,0.00,0.00
1062.51,36.02,31.22,36.00,20.00,AUTO,16,79,0,-2.28,81.85,0.00,79.57,0.00,0.00,0.00,0.00
1063.51,36.02,31.17,36.00,20.00,AUTO,16,79,0,-2.28,81.73,0.00,79.45,0.00,0.00,0.00,0.00
1064.51,36.02,31.17,36.00,20.00,AUTO,16,79,0,-2.28,81.62,0.00,79.34,0.00,0.00,0.00,0.00
1065.51,36.02,31.17,36.00,20.00,AUTO,16,79,0,-2.28,81.51,0.00,79.22,0.00,0.00,0.00,0.00
1066.51,36.02,31.17,36.00,20.00,AUTO,16,79,0,-2.28,81.39,0.00,79.11,0.00,0.00,0.00,0.00
1067.52,36.02,31.17,36.00,20.00,AUTO,16,78,0,-2.28,81.28,0.00,78.99,0.00,0.00,0.00,0.00
1068.52,36.02,31.17,36.00,20.00,AUTO,16,78,0,-2.28,81.16,0.00,78.88,0.00,0.00,0.00,0.00
1069.52,36.02,31.17,36.00,20.00,AUTO,16,78,0,-2.28,81.05,0.00,78.77,0.00,0.00,0.00,0.00
1070.52,36.02,31.17,36.00,20.00,AUTO,16,78,0,-2.28,80.94,0.00,78.65,0.00,0.00,0.00,0.00
1071.52,36.02,31.17,36.00,20.00,AUTO,16,78,0,-2.28,80.82,0.00,78.54,0.00,0.00,0.00,0.00
1072.52,36.02,31.17,36.00,20.00,AUTO,16,78,0,-2.28,80.71,0.00,78.42,0.00,0.00,0.00,0.00
1073.53,36.02,31.17,36.00,20.00,AUTO,16,78,0,-2.28,80.59,0.00,78.31,0.00,0.00,0.00,0.00
1074.53,36.02,31.17,36.00,20.00,AUTO,16,78,0,-2.28,80.48,0.00,78.20,0.00,0.00,0.00,0.00
1075.53,36.02,31.17,36.00,20.00,AUTO,16,78,0,-2.28,80.36,0.00,78.08,0.00,0.00,0.00,0.00
1076.53,36.02,31.13,36.00,20.00,AUTO,16,77,0,-2.28,80.25,0.00,77.97,0.00,0.00,0.00,0.00
1077.53,36.02,31.13,36.00,20.00,AUTO,16,77,0,-2.28,80.14,0.00,77.85,0.00,0.00,0.00,0.00
1078.54,36.02,31.17,36.00,20.00,AUTO,16,77,0,-2.28,80.02,0.00,77.74,0.00,0.00,0.00,0.00
1079.54,36.02,31.17,36.00,20.00,AUTO,16,77,0,-2.28,79.91,0.00,77.62,0.00,0.00,0.00,0.00
1080.54,36.02,31.22,36.00,20.00,AUTO,16,77,0,-2.28,79.79,0.00,77.51,0.00,0.00,0.00,0.00
1081.54,36.02,31.22,36.00,20.00,AUTO,16,77,0,-2.28,79.68,0.00,77.40,0.00,0.00,0.00,0.00
1082.54,36.02,31.22,36.00,20.00,AUTO,16,77,0,-2.28,79.57,0.00,77.28,0.00,0.00,0.00,0.00
1083.54,36.02,31.17,36.00,20.00,AUTO,16,77,0,-2.28,79.45,0.00,77.17,0.00,0.00,0.00,0.00
1084.54,36.02,31.17,36.00,20.00,AUTO,16,77,0,-2.28,79.34,0.00,77.05,0.00,0.00,0.00,0.00
1085.54,36.02,31.13,36.00,20.00,AUTO,16,76,0,-2.28,79.22,0.00,76.94,0.00,0.00,0.00,0.00
1086.55,35.99,31.13,36.00,20.00,AUTO,16,80,0,0.93,79.27,0.00,80.20,0.00,0.00,0.00,0.00
1087.55,36.00,31.13,36.00,20.00,AUTO,16,79,0,-0.14,79.26,0.00,79.12,0.00,0.00,0.00,0.00
1088.55,35.99,31.13,36.00,20.00,AUTO,16,80,0,0.93,79.31,0.00,80.24,0.00,0.00,0.00,0.00
1089.55,35.98,31.17,36.00,20.00,AUTO,16,81,0,2.01,79.41,0.00,81.42,0.00,0.00,0.00,0.00
1090.55,35.97,31.17,36.00,20.00,AUTO,16,82,0,3.08,79.56,0.00,82.64,0.00,0.00,0.00,0.00
1091.55,35.97,31.13,36.00,20.00,AUTO,16,82,0,3.08,79.72,0.00,82.80,0.00,0.00,0.00,0.00
1092.56,35.96,31.17,36.00,20.00,AUTO,16,84,0,4.15,79.93,0.00,84.08,0.00,0.00,0.00,0.00
1093.56,35.98,31.17,36.00,20.00,AUTO,16,82,0,2.01,80.03,0.00,82.03,0.00,0.00,0.00,0.00
1094.56,35.95,31.17,36.00,20.00,AUTO,16,85,0,5.22,80.29,0.00,85.51,0.00,0.00,0.00,0.00
1095.56,35.96,31.17,36.00,20.00,AUTO,16,84,0,4.15,80.49,0.00,84.65,0.00,0.00,0.00,0.00
1096.56,35.96,31.17,36.00,20.00,AUTO,16,84,0,4.15,80.70,0.00,84.85,0.00,0.00,0.00,0.00
1097.56,35.96,31.17,36.00,20.00,AUTO,16,85,0,4.15,80.91,0.00,85.06,0.00,0.00,0.00,0.00
1098.56,35.95,31.17,36.00,20.00,AUTO,16,86,0,5.22,81.17,0.00,86.40,0.00,0.00,0.00,0.00
1099.57,35.95,31.17,36.00,20.00,AUTO,16,86,0,5.22,81.43,0.00,86.66,0.00,0.00,0.00,0.00
1100.57,35.95,31.17,36.00,20.00,AUTO,16,86,0,5.22,81.69,0.00,86.92,0.00,0.00,0.00,0.00
1101.57,35.97,31.17,36.00,20.00,AUTO,16,84,0,3.08,81.85,0.00,84.93,0.00,0.00,0.00,0.00
1102.57,35.95,31.17,36.00,20.00,AUTO,16,87,0,5.22,82.11,0.00,87.33,0.00,0.00,0.00,0.00
1103.57,35.95,31.17,36.00,20.00,AUTO,16,87,0,5.22,82.37,0.00,87.59,0.00,0.00,0.00,0.00
1104.57,35.94,31.22,36.00,20.00,AUTO,16,88,0,6.30,82.68,0.00,88.98,0.00,0.00,0.00,0.00
1105.58,35.94,31.22,36.00,20.00,AUTO,16,89,0,6.30,83.00,0.00,89.30,0.00,0.00,0.00,0.00
1106.58,35.95,31.22,36.00,20.00,AUTO,16,88,0,5.22,83.26,0.00,88.49,0.00,0.00,0.00,0.00
1107.58,35.95,31.17,36.00,20.00,AUTO,16,88,0,5.22,83.52,0.00,88.75,0.00,0.00,0.00,0.00
1108.58,35.94,31.17,36.00,20.00,AUTO,16,90,0,6.30,83.84,0.00,90.13,0.00,0.00,0.00,0.00
1109.58,35.96,31.17,36.00,20.00,AUTO,16,88,0,4.15,84.04,0.00,88.20,0.00,0.00,0.00,0.00
1110.59,35.95,31.17,36.00,20.00,AUTO,16,89,0,5.22,84.31,0.00,89.53,0.00,0.00,0.00,0.00
1111.59,35.94,31.17,36.00,20.00,AUTO,16,90,0,6.30,84.62,0.00,90.92,0.00,0.00,0.00,0.00
1112.59,35.94,31.22,36.00,20.00,AUTO,16,91,0,6.30,84.94,0.00,91.23,0.00,0.00,0.00,0.00
1113.59,35.95,31.17,36.00,20.00,AUTO,16,90,0,5.22,85.20,0.00,90.42,0.00,0.00,0.00,0.00
1114.59,35.95,31.17,36.00,20.00,AUTO,16,90,0,5.22,85.46,0.00,90.68,0.00,0.00,0.00,0.00
1115.59,35.94,31.17,36.00,20.00,AUTO,16,92,0,6.30,85.77,0.00,92.07,0.00,0.00,0.00,0.00
1116.59,35.94,31.17,36.00,20.00,AUTO,16,92,0,6.30,86.09,0.00,92.38,0.00,0.00,0.00,0.00
1117.59,35.96,31.17,36.00,20.00,AUTO,16,90,0,4.15,86.29,0.00,90.45,0.00,0.00,0.00,0.00
1118.60,35.97,31.17,36.00,20.00,AUTO,16,89,0,3.08,86.45,0.00,89.53,0.00,0.00,0.00,0.00
1119.60,35.98,31.17,36.00,20.00,AUTO,16,88,0,2.01,86.55,0.00,88.56,0.00,0.00,0.00,0.00
1120.60,36.02,31.17,36.00,20.00,AUTO,16,84,0,-2.28,86.43,0.00,84.15,0.00,0.00,0.00,0.00
1121.60,36.02,31.17,36.00,20.00,AUTO,16,84,0,-2.28,86.32,0.00,84.04,0.00,0.00,0.00,0.00
1122.60,36.02,31.22,36.00,20.00,AUTO,16,83,0,-2.28,86.21,0.00,83.92,0.00,0.00,0.00,0.00
1123.61,36.02,31.22,36.00,20.00,AUTO,16,83,0,-2.28,86.09,0.00,83.81,0.00,0.00,0.00,0.00
1124.61,36.02,31.22,36.00,20.00,AUTO,16,83,0,-2.28,85.98,0.00,83.69,0.00,0.00,0.00,0.00
1125.61,36.02,31.17,36.00,20.00,AUTO,16,83,0,-2.28,85.86,0.00,83.58,0.00,0.00,0.00,0.00
1126.61,36.02,31.17,36.00,20.00,AUTO,16,83,0,-2.28,85.75,0.00,83.47,0.00,0.00,0.00,0.00
1127.61,36.02,31.17,36.00,20.00,AUTO,16,83,0,-2.28,85.64,0.00,83.35,0.00,0.00,0.00,0.00
1128.61,36.03,31.19,36.00,20.00,AUTO,16,82,0,-3.36,85.47,0.00,82.11,0.00,0.00,0.00,0.00
1129.62,36.04,31.19,36.00,20.00,AUTO,16,80,0,-4.43,85.25,0.00,80.82,0.00,0.00,0.00,0.00
1130.62,36.06,31.19,36.00,20.00,AUTO,16,79,0,-5.50,84.97,0.00,79.47,0.00,0.00,0.00,0.00
1131.62,36.07,31.15,36.00,20.00,AUTO,16,78,0,-6.57,84.64,0.00,78.07,0.00,0.00,0.00,0.00
1132.62,36.08,31.15,36.00,20.00,AUTO,16,76,0,-7.65,84.26,0.00,76.62,0.00,0.00,0.00,0.00
1133.62,36.12,31.15,36.00,20.00,AUTO,16,71,0,-11.94,83.66,0.00,71.73,0.00,0.00,0.00,0.00
1134.62,36.12,31.15,36.00,20.00,AUTO,16,71,0,-11.94,83.07,0.00,71.13,0.00,0.00,0.00,0.00
1135.62,36.12,31.15,36.00,20.00,AUTO,16,70,0,-11.94,82.47,0.00,70.53,0.00,0.00,0.00,0.00
1136.63,36.13,31.11,36.00,20.00,AUTO,16,68,0,-13.01,81.82,0.00,68.81,0.00,0.00,0.00,0.00
1137.63,36.14,31.11,36.00,20.00,AUTO,16,67,0,-14.08,81.12,0.00,67.04,0.00,0.00,0.00,0.00
1138.63,36.16,31.11,36.00,20.00,AUTO,16,64,0,-16.23,80.30,0.00,64.08,0.00,0.00,0.00,0.00
1139.63,36.19,31.11,36.00,20.00,AUTO,16,59,0,-19.44,79.33,0.00,59.89,0.00,0.00,0.00,0.00
1140.63,36.21,31.12,36.00,20.00,AUTO,16,57,0,-20.52,78.31,0.00,57.79,0.00,0.00,0.00,0.00
1141.63,36.22,31.09,36.00,20.00,AUTO,16,55,0,-21.59,77.23,0.00,55.64,0.00,0.00,0.00,0.00
1142.64,36.22,31.06,36.00,20.00,AUTO,16,54,0,-21.59,76.15,0.00,54.56,0.00,0.00,0.00,0.00
1143.64,36.22,31.06,36.00,20.00,AUTO,16,53,0,-21.59,75.07,0.00,53.48,0.00,0.00,0.00,0.00
1144.64,36.22,31.09,36.00,20.00,AUTO,16,52,0,-21.59,73.99,0.00,52.40,0.00,0.00,0.00,0.00
1145.64,36.23,31.09,36.00,20.00,AUTO,16,50,0,-22.66,72.86,0.00,50.20,0.00,0.00,0.00,0.00
1146.64,36.24,31.09,36.00,20.00,AUTO,16,47,0,-23.73,71.67,0.00,47.94,0.00,0.00,0.00,0.00
1147.64,36.24,31.09,36.00,20.00,AUTO,16,46,0,-23.73,70.48,0.00,46.75,0.00,0.00,0.00,0.00
1148.65,36.26,31.09,36.00,20.00,AUTO,16,43,0,-25.88,69.19,0.00,43.31,0.00,0.00,0.00,0.00
1149.64,36.26,31.09,36.00,20.00,AUTO,16,42,0,-25.88,67.89,0.00,42.02,0.00,0.00,0.00,0.00
1150.65,36.25,31.09,36.00,20.00,AUTO,16,41,0,-24.81,66.65,0.00,41.85,0.00,0.00,0.00,0.00
1151.65,36.25,31.09,36.00,20.00,AUTO,16,40,0,-24.81,65.41,0.00,40.61,0.00,0.00,0.00,0.00
1152.65,36.25,31.09,36.00,20.00,AUTO,16,39,0,-24.81,64.17,0.00,39.37,0.00,0.00,0.00,0.00
1153.65,36.27,31.09,36.00,20.00,AUTO,16,35,0,-26.95,62.83,0.00,35.88,0.00,0.00,0.00,0.00
1154.65,36.29,31.09,36.00,20.00,AUTO,16,32,0,-29.10,61.37,0.00,32.28,0.00,0.00,0.00,0.00
1155.66,36.29,31.09,36.00,20.00,AUTO,16,30,0,-29.10,59.92,0.00,30.82,0.00,0.00,0.00,0.00
1156.66,36.29,31.09,36.00,20.00,AUTO,16,29,0,-29.10,58.46,0.00,29.37,0.00,0.00,0.00,0.00
1157.66,36.29,31.09,36.00,20.00,AUTO,16,27,0,-29.10,57.01,0.00,27.91,0.00,0.00,0.00,0.00
1158.66,36.28,31.09,36.00,20.00,AUTO,16,27,0,-28.02,55.61,0.00,27.58,0.00,0.00,0.00,0.00
1159.66,36.28,31.09,36.00,20.00,AUTO,16,26,0,-28.02,54.20,0.00,26.18,0.00,0.00,0.00,0.00
1160.66,36.30,31.09,36.00,20.00,AUTO,16,22,0,-30.17,52.70,0.00,22.53,0.00,0.00,0.00,0.00
1161.67,36.30,31.09,36.00,20.00,AUTO,16,21,0,-30.17,51.19,0.00,21.02,0.00,0.00,0.00,0.00
1162.67,36.30,31.09,36.00,20.00,AUTO,16,19,0,-30.17,49.68,0.00,19.51,0.00,0.00,0.00,0.00
1163.67,36.31,31.09,36.00,20.00,AUTO,16,16,0,-31.24,48.12,0.00,16.88,0.00,0.00,0.00,0.00
1164.67,36.32,31.09,36.00,20.00,AUTO,16,14,0,-32.31,46.50,0.00,14.19,0.00,0.00,0.00,0.00
1165.67,36.30,31.09,36.00,20.00,AUTO,16,14,0,-30.17,44.99,0.00,14.83,0.00,0.00,0.00,0.00
1166.67,36.29,31.09,36.00,20.00,AUTO,16,14,0,-29.10,43.54,0.00,14.44,0.00,0.00,0.00,0.00
1167.67,36.31,31.09,36.00,20.00,AUTO,16,10,0,-31.24,41.98,0.00,10.74,0.00,0.00,0.00,0.00
1168.68,36.30,31.09,36.00,20.00,AUTO,16,10,0,-30.17,40.47,0.00,10.30,0.00,0.00,0.00,0.00
1169.68,36.30,31.12,36.00,20.00,AUTO,16,8,0,-30.17,38.96,0.00,8.79,0.00,0.00,0.00,0.00
1170.68,36.29,31.16,36.00,20.00,AUTO,16,8,0,-29.10,37.50,0.00,8.41,0.00,0.00,0.00,0.00
1171.68,36.29,31.16,36.00,20.00,AUTO,16,6,0,-29.10,36.05,0.00,6.95,0.00,0.00,0.00,0.00
1172.68,36.29,31.21,36.00,20.00,AUTO,16,5,0,-29.10,34.60,0.00,5.50,0.00,0.00,0.00,0.00
1173.68,36.28,31.21,36.00,20.00,AUTO,16,5,0,-28.02,33.19,0.00,5.17,0.00,0.00,0.00,0.00
1174.69,36.28,31.16,36.00,20.00,AUTO,16,3,0,-28.02,31.79,0.00,3.77,0.00,0.00,0.00,0.00
1175.69,36.27,31.21,36.00,20.00,AUTO,16,3,0,-26.95,30.45,0.00,3.49,0.00,0.00,0.00,0.00
1176.69,36.27,31.21,36.00,20.00,AUTO,16,2,0,-26.95,29.10,0.00,2.15,0.00,0.00,0.00,0.00
1177.69,36.26,31.21,36.00,20.00,AUTO,16,1,0,-25.88,27.80,0.00,1.93,0.00,0.00,0.00,0.00
1178.69,36.26,31.25,36.00,20.00,AUTO,16,0,0,-25.88,26.51,0.00,0.63,0.00,0.00,0.00,0.00
1179.69,36.25,31.25,36.00,20.00,AUTO,16,0,0,-24.81,25.27,0.00,0.46,0.00,0.00,0.00,0.00
1180.70,36.24,31.25,36.00,20.00,AUTO,16,0,0,-23.73,24.08,0.00,0.35,0.00,0.00,0.00,0.00
1181.70,36.24,31.28,36.00,20.00,AUTO,16,0,0,-23.73,24.08,0.00,-0.84,0.00,0.00,0.00,0.00
1182.70,36.23,31.28,36.00,20.00,AUTO,16,0,0,-22.66,22.95,0.00,0.29,0.00,0.00,0.00,0.00
1183.70,36.22,31.32,36.00,20.00,AUTO,16,0,0,-21.59,21.87,0.00,0.28,0.00,0.00,0.00,0.00
1184.70,36.21,31.32,36.00,20.00,AUTO,16,0,0,-20.52,20.84,0.00,0.33,0.00,0.00,0.00,0.00
1185.70,36.19,31.31,36.00,20.00,AUTO,16,0,0,-19.44,19.87,0.00,0.43,0.00,0.00,0.00,0.00
1186.70,36.19,31.31,36.00,20.00,AUTO,16,0,0,-19.44,19.87,0.00,-0.54,0.00,0.00,0.00,0.00
1187.71,36.17,31.35,36.00,20.00,AUTO,16,1,0,-17.30,19.01,0.00,1.71,0.00,0.00,0.00,0.00
1188.71,36.17,31.39,36.00,20.00,AUTO,16,0,0,-17.30,18.14,0.00,0.84,0.00,0.00,0.00,0.00
1189.71,36.16,31.43,36.00,20.00,AUTO,16,1,0,-16.23,17.33,0.00,1.11,0.00,0.00,0.00,0.00
1190.71,36.15,31.43,36.00,20.00,AUTO,16,1,0,-15.15,16.57,0.00,1.42,0.00,0.00,0.00,0.00
1191.71,36.14,31.43,36.00,20.00,AUTO,16,1,0,-14.08,15.87,0.00,1.79,0.00,0.00,0.00,0.00
1192.71,36.12,31.47,36.00,20.00,AUTO,16,3,0,-11.94,15.27,0.00,3.34,0.00,0.00,0.00,0.00
1193.72,36.12,31.47,36.00,20.00,AUTO,16,2,0,-11.94,14.68,0.00,2.74,0.00,0.00,0.00,0.00
1194.71,36.11,31.47,36.00,20.00,AUTO,16,3,0,-10.86,14.13,0.00,3.27,0.00,0.00,0.00,0.00
1195.72,36.09,31.51,36.00,20.00,AUTO,16,4,0,-8.72,13.70,0.00,4.98,0.00,0.00,0.00,0.00
1196.72,36.08,31.55,36.00,20.00,AUTO,16,5,0,-7.65,13.31,0.00,5.67,0.00,0.00,0.00,0.00
1197.72,36.06,31.59,36.00,20.00,AUTO,16,7,0,-5.50,13.04,0.00,7.54,0.00,0.00,0.00,0.00
1198.73,36.02,31.66,36.00,20.00,AUTO,16,10,0,-2.28,12.93,0.00,10.64,0.00,0.00,0.00,0.00
1199.72,36.03,31.71,36.00,20.00,AUTO,16,9,0,-3.36,12.76,0.00,9.40,0.00,0.00,0.00,0.00
1200.73,36.02,31.70,36.00,20.00,AUTO,16,10,0,-2.28,12.64,0.00,10.36,0.00,0.00,0.00,0.00
1201.73,36.02,31.73,36.00,20.00,AUTO,16,10,0,-2.28,12.53,0.00,10.25,0.00,0.00,0.00,0.00
1202.73,36.02,31.73,36.00,20.00,AUTO,16,10,0,-2.28,12.42,0.00,10.13,0.00,0.00,0.00,0.00
1203.73,36.02,31.73,36.00,20.00,AUTO,16,10,0,-2.28,12.30,0.00,10.02,0.00,0.00,0.00,0.00
1204.73,36.02,31.78,36.00,20.00,AUTO,16,9,0,-2.28,12.19,0.00,9.90,0.00,0.00,0.00,0.00
1205.73,35.98,31.78,36.00,20.00,AUTO,16,14,0,2.01,12.29,0.00,14.29,0.00,0.00,0.00,0.00
1206.74,35.94,31.78,36.00,20.00,AUTO,16,18,0,6.30,12.60,0.00,18.90,0.00,0.00,0.00,0.00
1207.74,35.93,31.78,36.00,20.00,AUTO,16,20,0,7.37,12.97,0.00,20.34,0.00,0.00,0.00,0.00
1208.74,35.93,31.78,36.00,20.00,AUTO,16,20,0,7.37,13.34,0.00,20.71,0.00,0.00,0.00,0.00
1209.74,35.90,31.82,36.00,20.00,AUTO,16,23,0,9.51,13.81,0.00,23.33,0.00,0.00,0.00,0.00
1210.74,35.89,31.86,36.00,20.00,AUTO,16,24,0,10.59,14.34,0.00,24.93,0.00,0.00,0.00,0.00
1211.75,35.87,31.86,36.00,20.00,AUTO,16,27,0,12.73,14.98,0.00,27.71,0.00,0.00,0.00,0.00
1212.74,35.85,31.90,36.00,20.00,AUTO,16,30,0,14.88,15.72,0.00,30.60,0.00,0.00,0.00,0.00
1213.75,35.84,31.88,36.00,20.00,AUTO,16,32,0,15.95,16.52,0.00,32.47,0.00,0.00,0.00,0.00
1214.75,35.81,31.93,36.00,20.00,AUTO,16,36,0,19.17,17.48,0.00,36.65,0.00,0.00,0.00,0.00
1215.75,35.80,31.93,36.00,20.00,AUTO,16,38,0,20.24,18.49,0.00,38.73,0.00,0.00,0.00,0.00
1216.75,35.78,31.96,36.00,20.00,AUTO,16,41,0,22.38,19.61,0.00,42.00,0.00,0.00,0.00,0.00
1217.75,35.75,31.96,36.00,20.00,AUTO,16,45,0,24.53,20.84,0.00,45.37,0.00,0.00,0.00,0.00
1218.75,35.77,32.00,36.00,20.00,AUTO,16,45,0,23.46,22.01,0.00,45.47,0.00,0.00,0.00,0.00
1219.76,35.75,32.00,36.00,20.00,AUTO,16,47,0,24.53,23.24,0.00,47.77,0.00,0.00,0.00,0.00
1220.76,35.74,32.04,36.00,20.00,AUTO,16,50,0,25.60,24.52,0.00,50.12,0.00,0.00,0.00,0.00
1221.76,35.74,32.04,36.00,20.00,AUTO,16,51,0,25.60,25.80,0.00,51.40,0.00,0.00,0.00,0.00
1222.76,35.71,32.04,36.00,20.00,AUTO,16,56,0,28.82,27.24,0.00,56.06,0.00,0.00,0.00,0.00
1223.76,35.70,32.04,36.00,20.00,AUTO,16,58,0,29.89,28.73,0.00,58.63,0.00,0.00,0.00,0.00
1224.76,35.69,32.09,36.00,20.00,AUTO,16,61,0,30.96,30.28,0.00,61.25,0.00,0.00,0.00,0.00
1225.77,35.68,32.06,36.00,20.00,AUTO,16,63,0,32.04,31.88,0.00,63.92,0.00,0.00,0.00,0.00
1226.77,35.67,32.11,36.00,20.00,AUTO,16,66,0,33.11,33.54,0.00,66.65,0.00,0.00,0.00,0.00
1227.77,35.67,32.11,36.00,20.00,AUTO,16,68,0,33.11,35.19,0.00,68.30,0.00,0.00,0.00,0.00
1228.77,35.68,32.11,36.00,20.00,AUTO,16,68,0,32.04,36.80,0.00,68.83,0.00,0.00,0.00,0.00
1229.77,35.68,32.15,36.00,20.00,AUTO,16,70,0,32.04,38.40,0.00,70.44,0.00,0.00,0.00,0.00
1230.77,35.65,32.15,36.00,20.00,AUTO,16,75,0,35.25,40.16,0.00,75.42,0.00,0.00,0.00,0.00
1231.77,35.65,32.15,36.00,20.00,AUTO,16,77,0,35.25,41.92,0.00,77.18,0.00,0.00,0.00,0.00
1232.78,35.64,32.15,36.00,20.00,AUTO,16,80,0,36.33,43.74,0.00,80.07,0.00,0.00,0.00,0.00
1233.78,35.63,32.19,36.00,20.00,AUTO,16,83,0,37.40,45.61,0.00,83.01,0.00,0.00,0.00,0.00
1234.78,35.63,32.23,36.00,20.00,AUTO,16,84,0,37.40,47.48,0.00,84.88,0.00,0.00,0.00,0.00
1235.78,35.63,32.23,36.00,20.00,AUTO,16,86,0,37.40,49.35,0.00,86.75,0.00,0.00,0.00,0.00
1236.78,35.63,32.23,36.00,20.00,AUTO,16,88,0,37.40,51.22,0.00,88.62,0.00,0.00,0.00,0.00
1237.78,35.64,32.23,36.00,20.00,AUTO,16,89,0,36.33,53.04,0.00,89.36,0.00,0.00,0.00,0.00
1238.79,35.63,32.23,36.00,20.00,AUTO,16,92,0,37.40,54.91,0.00,92.31,0.00,0.00,0.00,0.00
1239.79,35.63,32.23,36.00,20.00,AUTO,16,94,0,37.40,56.78,0.00,94.18,0.00,0.00,0.00,0.00
1240.79,35.63,32.23,36.00,20.00,AUTO,16,96,0,37.40,58.65,0.00,96.05,0.00,0.00,0.00,0.00
1241.79,35.63,32.23,36.00,20.00,AUTO,16,97,0,37.40,60.52,0.00,97.92,0.00,0.00,0.00,0.00
1242.79,35.63,32.27,36.00,20.00,AUTO,16,99,0,37.40,62.39,0.00,99.79,0.00,0.00,0.00,0.00
1243.79,35.64,32.27,36.00,20.00,AUTO,16,100,0,36.33,62.39,0.00,100.53,0.00,0.00,0.00,0.00
1244.80,35.64,32.27,36.00,20.00,AUTO,16,100,0,36.33,62.39,0.00,100.53,0.00,0.00,0.00,0.00
1245.80,35.64,32.27,36.00,20.00,AUTO,16,100,0,36.33,62.39,0.00,100.53,0.00,0.00,0.00,0.00
1246.80,35.65,32.27,36.00,20.00,AUTO,16,99,0,35.25,64.15,0.00,99.40,0.00,0.00,0.00,0.00
1247.80,35.66,32.27,36.00,20.00,AUTO,16,100,0,34.18,64.15,0.00,100.04,0.00,0.00,0.00,0.00
1248.80,35.67,32.27,36.00,20.00,AUTO,16,98,0,33.11,65.80,0.00,98.91,0.00,0.00,0.00,0.00
1249.80,35.68,32.23,36.00,20.00,AUTO,16,99,0,32.04,67.41,0.00,99.44,0.00,0.00,0.00,0.00
1250.80,35.69,32.25,36.00,20.00,AUTO,16,99,0,30.96,68.95,0.00,99.92,0.00,0.00,0.00,0.00
1251.81,35.70,32.25,36.00,20.00,AUTO,16,100,0,29.89,68.95,0.00,100.34,0.00,0.00,0.00,0.00
1252.81,35.71,32.25,36.00,20.00,AUTO,16,99,0,28.82,70.40,0.00,99.21,0.00,0.00,0.00,0.00
1253.81,35.72,32.21,36.00,20.00,AUTO,16,99,0,27.75,71.78,0.00,99.53,0.00,0.00,0.00,0.00
1254.81,35.73,32.21,36.00,20.00,AUTO,16,99,0,26.67,73.12,0.00,99.79,0.00,0.00,0.00,0.00
1255.81,35.75,32.21,36.00,20.00,AUTO,16,98,0,24.53,74.34,0.00,98.87,0.00,0.00,0.00,0.00
1256.81,35.77,32.21,36.00,20.00,AUTO,16,98,0,23.46,75.52,0.00,98.97,0.00,0.00,0.00,0.00
1257.82,35.78,32.16,36.00,20.00,AUTO,16,99,0,22.38,76.64,0.00,99.02,0.00,0.00,0.00,0.00
1258.82,35.80,32.16,36.00,20.00,AUTO,16,97,0,20.24,77.65,0.00,97.89,0.00,0.00,0.00,0.00
1259.82,35.81,32.16,36.00,20.00,AUTO,16,97,0,19.17,78.61,0.00,97.77,0.00,0.00,0.00,0.00
1260.82,35.82,32.12,36.00,20.00,AUTO,16,97,0,18.09,79.51,0.00,97.60,0.00,0.00,0.00,0.00
1261.82,35.83,32.12,36.00,20.00,AUTO,16,97,0,17.02,80.36,0.00,97.38,0.00,0.00,0.00,0.00
1262.82,35.84,32.12,36.00,20.00,AUTO,16,97,0,15.95,81.16,0.00,97.11,0.00,0.00,0.00,0.00
1263.82,35.86,32.10,36.00,20.00,AUTO,16,95,0,13.80,81.85,0.00,95.65,0.00,0.00,0.00,0.00
1264.83,35.87,32.10,36.00,20.00,AUTO,16,95,0,12.73,82.49,0.00,95.22,0.00,0.00,0.00,0.00
1265.83,35.89,32.10,36.00,20.00,AUTO,16,93,0,10.59,83.01,0.00,93.60,0.00,0.00,0.00,0.00
1266.83,35.90,32.06,36.00,20.00,AUTO,16,93,0,9.51,83.49,0.00,93.01,0.00,0.00,0.00,0.00
1267.83,35.94,32.06,36.00,20.00,AUTO,16,90,0,6.30,83.81,0.00,90.10,0.00,0.00,0.00,0.00
1268.83,35.94,32.06,36.00,20.00,AUTO,16,90,0,6.30,84.12,0.00,90.42,0.00,0.00,0.00,0.00
1269.84,36.00,32.02,36.00,20.00,AUTO,16,83,0,-0.14,84.11,0.00,83.98,0.00,0.00,0.00,0.00
1270.84,36.02,32.02,36.00,20.00,AUTO,16,81,0,-2.28,84.00,0.00,81.72,0.00,0.00,0.00,0.00
1271.84,36.02,31.98,36.00,20.00,AUTO,16,81,0,-2.28,83.89,0.00,81.60,0.00,0.00,0.00,0.00
1272.84,36.02,31.98,36.00,20.00,AUTO,16,81,0,-2.28,83.77,0.00,81.49,0.00,0.00,0.00,0.00
1273.84,36.02,31.94,36.00,20.00,AUTO,16,81,0,-2.28,83.66,0.00,81.37,0.00,0.00,0.00,0.00
1274.84,36.03,31.96,36.00,20.00,AUTO,16,80,0,-3.36,83.49,0.00,80.13,0.00,0.00,0.00,0.00
1275.85,36.04,31.96,36.00,20.00,AUTO,16,78,0,-4.43,83.27,0.00,78.84,0.00,0.00,0.00,0.00
1276.84,36.08,31.92,36.00,20.00,AUTO,16,75,0,-7.65,82.89,0.00,75.24,0.00,0.00,0.00,0.00
1277.85,36.11,31.92,36.00,20.00,AUTO,16,71,0,-10.86,82.34,0.00,71.48,0.00,0.00,0.00,0.00
1278.85,36.10,31.87,36.00,20.00,AUTO,16,72,0,-9.79,81.85,0.00,72.06,0.00,0.00,0.00,0.00
1279.85,36.12,31.87,36.00,20.00,AUTO,16,69,0,-11.94,81.26,0.00,69.32,0.00,0.00,0.00,0.00
1280.85,36.13,31.87,36.00,20.00,AUTO,16,67,0,-13.01,80.61,0.00,67.60,0.00,0.00,0.00,0.00
1281.85,36.16,31.83,36.00,20.00,AUTO,16,63,0,-16.23,79.79,0.00,63.57,0.00,0.00,0.00,0.00
1282.85,36.18,31.83,36.00,20.00,AUTO,16,60,0,-18.37,78.88,0.00,60.50,0.00,0.00,0.00,0.00
1283.86,36.22,31.81,36.00,20.00,AUTO,16,56,0,-21.59,77.80,0.00,56.21,0.00,0.00,0.00,0.00
1284.86,36.23,31.81,36.00,20.00,AUTO,16,54,0,-22.66,76.66,0.00,54.00,0.00,0.00,0.00,0.00
1285.86,36.24,31.77,36.00,20.00,AUTO,16,51,0,-23.73,75.48,0.00,51.74,0.00,0.00,0.00,0.00
1286.86,36.24,31.77,36.00,20.00,AUTO,16,50,0,-23.73,74.29,0.00,50.56,0.00,0.00,0.00,0.00
1287.86,36.25,31.77,36.00,20.00,AUTO,16,48,0,-24.81,73.05,0.00,48.24,0.00,0.00,0.00,0.00
1288.87,36.25,31.73,36.00,20.00,AUTO,16,47,0,-24.81,71.81,0.00,47.00,0.00,0.00,0.00,0.00
1289.87,36.26,31.77,36.00,20.00,AUTO,16,44,0,-25.88,70.52,0.00,44.64,0.00,0.00,0.00,0.00
1290.87,36.29,31.73,36.00,20.00,AUTO,16,39,0,-29.10,69.06,0.00,39.96,0.00,0.00,0.00,0.00
1291.87,36.30,31.73,36.00,20.00,AUTO,16,37,0,-30.17,67.55,0.00,37.38,0.00,0.00,0.00,0.00
1292.87,36.31,31.73,36.00,20.00,AUTO,16,34,0,-31.24,65.99,0.00,34.75,0.00,0.00,0.00,0.00
1293.87,36.32,31.73,36.00,20.00,AUTO,16,32,0,-32.31,64.37,0.00,32.06,0.00,0.00,0.00,0.00
1294.87,36.31,31.69,36.00,20.00,AUTO,16,31,0,-31.24,62.81,0.00,31.57,0.00,0.00,0.00,0.00
1295.87,36.32,31.69,36.00,20.00,AUTO,16,28,0,-32.31,61.20,0.00,28.88,0.00,0.00,0.00,0.00
1296.88,36.31,31.69,36.00,20.00,AUTO,16,28,0,-31.24,59.63,0.00,28.39,0.00,0.00,0.00,0.00
1297.88,36.34,31.73,36.00,20.00,AUTO,16,23,0,-34.46,57.91,0.00,23.45,0.00,0.00,0.00,0.00
1298.88,36.34,31.73,36.00,20.00,AUTO,16,21,0,-34.46,56.19,0.00,21.73,0.00,0.00,0.00,0.00
1299.88,36.33,31.73,36.00,20.00,AUTO,16,21,0,-33.39,54.52,0.00,21.13,0.00,0.00,0.00,0.00
1300.88,36.34,31.73,36.00,20.00,AUTO,16,18,0,-34.46,52.80,0.00,18.34,0.00,0.00,0.00,0.00
1301.89,36.33,31.73,36.00,20.00,AUTO,16,17,0,-33.39,51.13,0.00,17.74,0.00,0.00,0.00,0.00
1302.89,36.32,31.73,36.00,20.00,AUTO,16,17,0,-32.31,49.51,0.00,17.20,0.00,0.00,0.00,0.00
1303.89,36.32,31.73,36.00,20.00,AUTO,16,15,0,-32.31,47.90,0.00,15.58,0.00,0.00,0.00,0.00
1304.89,36.34,31.73,36.00,20.00,AUTO,16,11,0,-34.46,46.17,0.00,11.71,0.00,0.00,0.00,0.00
1305.89,36.34,31.73,36.00,20.00,AUTO,16,9,0,-34.46,44.45,0.00,9.99,0.00,0.00,0.00,0.00
1306.89,36.33,31.73,36.00,20.00,AUTO,16,9,0,-33.39,42.78,0.00,9.39,0.00,0.00,0.00,0.00
1307.89,36.33,31.77,36.00,20.00,AUTO,16,7,0,-33.39,41.11,0.00,7.73,0.00,0.00,0.00,0.00
1308.89,36.33,31.73,36.00,20.00,AUTO,16,6,0,-33.39,39.44,0.00,6.06,0.00,0.00,0.00,0.00
1309.90,36.33,31.73,36.00,20.00,AUTO,16,4,0,-33.39,37.77,0.00,4.39,0.00,0.00,0.00,0.00
1310.90,36.33,31.73,36.00,20.00,AUTO,16,2,0,-33.39,36.10,0.00,2.72,0.00,0.00,0.00,0.00
1311.90,36.32,31.77,36.00,20.00,AUTO,16,2,0,-32.31,34.49,0.00,2.17,0.00,0.00,0.00,0.00
1312.90,36.32,31.77,36.00,20.00,AUTO,16,0,0,-32.31,32.87,0.00,0.56,0.00,0.00,0.00,0.00
1313.90,36.32,31.77,36.00,20.00,AUTO,16,0,0,-32.31,32.87,0.00,-1.06,0.00,0.00,0.00,0.00
1314.90,36.31,31.77,36.00,20.00,AUTO,16,0,0,-31.24,31.31,0.00,0.07,0.00,0.00,0.00,0.00
1315.91,36.31,31.77,36.00,20.00,AUTO,16,0,0,-31.24,31.31,0.00,-1.49,0.00,0.00,0.00,0.00
1316.91,36.31,31.77,36.00,20.00,AUTO,16,0,0,-31.24,31.31,0.00,-1.49,0.00,0.00,0.00,0.00
1317.91,36.30,31.81,36.00,20.00,AUTO,16,0,0,-30.17,31.31,0.00,-0.37,0.00,0.00,0.00,0.00
1318.91,36.30,31.81,36.00,20.00,AUTO,16,0,0,-30.17,31.31,0.00,-0.37,0.00,0.00,0.00,0.00
1319.91,36.29,31.85,36.00,20.00,AUTO,16,0,0,-29.10,29.86,0.00,0.76,0.00,0.00,0.00,0.00
1320.92,36.29,31.85,36.00,20.00,AUTO,16,0,0,-29.10,29.86,0.00,-0.70,0.00,0.00,0.00,0.00
1321.92,36.28,31.85,36.00,20.00,AUTO,16,0,0,-28.02,28.45,0.00,0.43,0.00,0.00,0.00,0.00
1322.92,36.27,31.90,36.00,20.00,AUTO,16,0,0,-26.95,27.11,0.00,0.16,0.00,0.00,0.00,0.00
1323.92,36.27,31.90,36.00,20.00,AUTO,16,0,0,-26.95,27.11,0.00,-1.19,0.00,0.00,0.00,0.00
1324.92,36.26,31.90,36.00,20.00,AUTO,16,0,0,-25.88,27.11,0.00,-0.07,0.00,0.00,0.00,0.00
1325.92,36.25,31.90,36.00,20.00,AUTO,16,1,0,-24.81,25.87,0.00,1.06,0.00,0.00,0.00,0.00
1326.92,36.24,31.90,36.00,20.00,AUTO,16,0,0,-23.73,24.68,0.00,0.95,0.00,0.00,0.00,0.00
1327.92,36.23,31.93,36.00,20.00,AUTO,16,0,0,-22.66,23.55,0.00,0.89,0.00,0.00,0.00,0.00
1328.93,36.22,31.97,36.00,20.00,AUTO,16,0,0,-21.59,22.47,0.00,0.88,0.00,0.00,0.00,0.00
1329.93,36.21,31.97,36.00,20.00,AUTO,16,0,0,-20.52,21.44,0.00,0.93,0.00,0.00,0.00,0.00
1330.93,36.21,31.99,36.00,20.00,AUTO,16,0,0,-20.52,21.44,0.00,-0.10,0.00,0.00,0.00,0.00
1331.93,36.18,32.04,36.00,20.00,AUTO,16,2,0,-18.37,20.52,0.00,2.15,0.00,0.00,0.00,0.00
1332.93,36.18,32.08,36.00,20.00,AUTO,16,1,0,-18.37,19.60,0.00,1.23,0.00,0.00,0.00,0.00
1333.94,36.17,32.08,36.00,20.00,AUTO,16,1,0,-17.30,18.74,0.00,1.44,0.00,0.00,0.00,0.00
1334.94,36.16,32.12,36.00,20.00,AUTO,16,1,0,-16.23,17.93,0.00,1.70,0.00,0.00,0.00,0.00
1335.94,36.15,32.12,36.00,20.00,AUTO,16,2,0,-15.15,17.17,0.00,2.02,0.00,0.00,0.00,0.00
1336.94,36.14,32.12,36.00,20.00,AUTO,16,2,0,-14.08,16.47,0.00,2.39,0.00,0.00,0.00,0.00
1337.94,36.13,32.16,36.00,20.00,AUTO,16,2,0,-13.01,15.82,0.00,2.81,0.00,0.00,0.00,0.00
1338.94,36.12,32.16,36.00,20.00,AUTO,16,3,0,-11.94,15.22,0.00,3.28,0.00,0.00,0.00,0.00
1339.94,36.11,32.16,36.00,20.00,AUTO,16,3,0,-10.86,14.68,0.00,3.81,0.00,0.00,0.00,0.00
1340.95,36.09,32.20,36.00,20.00,AUTO,16,5,0,-8.72,14.24,0.00,5.52,0.00,0.00,0.00,0.00
1341.95,36.08,32.20,36.00,20.00,AUTO,16,6,0,-7.65,13.86,0.00,6.21,0.00,0.00,0.00,0.00
1342.95,36.06,32.24,36.00,20.00,AUTO,16,8,0,-5.50,13.58,0.00,8.08,0.00,0.00,0.00,0.00
1343.95,36.04,32.28,36.00,20.00,AUTO,16,8,0,-4.43,13.36,0.00,8.93,0.00,0.00,0.00,0.00
1344.95,36.03,32.28,36.00,20.00,AUTO,16,9,0,-3.36,13.19,0.00,9.84,0.00,0.00,0.00,0.00
1345.95,36.02,32.31,36.00,20.00,AUTO,16,10,0,-2.28,13.08,0.00,10.80,0.00,0.00,0.00,0.00
1346.96,36.02,32.35,36.00,20.00,AUTO,16,10,0,-2.28,12.97,0.00,10.68,0.00,0.00,0.00,0.00
1347.96,36.02,32.35,36.00,20.00,AUTO,16,10,0,-2.28,12.85,0.00,10.57,0.00,0.00,0.00,0.00
1348.96,36.02,32.38,36.00,20.00,AUTO,16,10,0,-2.28,12.74,0.00,10.45,0.00,0.00,0.00,0.00
1349.96,36.02,32.42,36.00,20.00,AUTO,16,10,0,-2.28,12.62,0.00,10.34,0.00,0.00,0.00,0.00
1350.96,35.97,32.42,36.00,20.00,AUTO,16,15,0,3.08,12.78,0.00,15.86,0.00,0.00,0.00,0.00
1351.96,35.97,32.47,36.00,20.00,AUTO,16,16,0,3.08,12.93,0.00,16.01,0.00,0.00,0.00,0.00
1352.97,35.96,32.47,36.00,20.00,AUTO,16,17,0,4.15,13.14,0.00,17.29,0.00,0.00,0.00,0.00
1353.97,35.94,32.51,36.00,20.00,AUTO,16,19,0,6.30,13.45,0.00,19.75,0.00,0.00,0.00,0.00
1354.97,35.92,32.51,36.00,20.00,AUTO,16,22,0,8.44,13.88,0.00,22.32,0.00,0.00,0.00,0.00
1355.97,35.92,32.51,36.00,20.00,AUTO,16,22,0,8.44,14.30,0.00,22.74,0.00,0.00,0.00,0.00
1356.97,35.89,32.54,36.00,20.00,AUTO,16,25,0,10.59,14.83,0.00,25.41,0.00,0.00,0.00,0.00
1357.97,35.88,32.54,36.00,20.00,AUTO,16,27,0,11.66,15.41,0.00,27.07,0.00,0.00,0.00,0.00
1358.97,35.84,32.63,36.00,20.00,AUTO,16,32,0,15.95,16.21,0.00,32.16,0.00,0.00,0.00,0.00
1359.97,35.83,32.53,36.00,20.00,AUTO,16,34,0,17.02,17.06,0.00,34.08,0.00,0.00,0.00,0.00
1360.98,35.81,32.53,36.00,20.00,AUTO,16,37,0,19.17,18.02,0.00,37.18,0.00,0.00,0.00,0.00
1361.98,35.81,32.61,36.00,20.00,AUTO,16,38,0,19.17,18.97,0.00,38.14,0.00,0.00,0.00,0.00
1362.98,35.79,32.61,36.00,20.00,AUTO,16,41,0,21.31,20.04,0.00,41.35,0.00,0.00,0.00,0.00
1363.98,35.79,32.65,36.00,20.00,AUTO,16,42,0,21.31,21.11,0.00,42.42,0.00,0.00,0.00,0.00
1364.98,35.77,32.65,36.00,20.00,AUTO,16,45,0,23.46,22.28,0.00,45.74,0.00,0.00,0.00,0.00
1365.99,35.75,32.69,36.00,20.00,AUTO,16,48,0,24.53,23.51,0.00,48.03,0.00,0.00,0.00,0.00
1366.99,35.72,32.69,36.00,20.00,AUTO,16,52,0,27.75,24.89,0.00,52.64,0.00,0.00,0.00,0.00
1367.99,35.71,32.73,36.00,20.00,AUTO,16,55,0,28.82,26.33,0.00,55.15,0.00,0.00,0.00,0.00
1368.99,35.70,32.73,36.00,20.00,AUTO,16,57,0,29.89,27.83,0.00,57.72,0.00,0.00,0.00,0.00
1369.99,35.69,32.77,36.00,20.00,AUTO,16,60,0,30.96,29.38,0.00,60.34,0.00,0.00,0.00,0.00
1370.99,35.68,32.76,36.00,20.00,AUTO,16,63,0,32.04,30.98,0.00,63.02,0.00,0.00,0.00,0.00
1372.00,35.69,32.81,36.00,20.00,AUTO,16,63,0,30.96,32.53,0.00,63.49,0.00,0.00,0.00,0.00
1373.00,35.68,32.80,36.00,20.00,AUTO,16,66,0,32.04,34.13,0.00,66.17,0.00,0.00,0.00,0.00
1374.00,35.67,32.80,36.00,20.00,AUTO,16,68,0,33.11,35.78,0.00,68.89,0.00,0.00,0.00,0.00
1375.00,35.65,32.80,36.00,20.00,AUTO,16,72,0,35.25,37.55,0.00,72.80,0.00,0.00,0.00,0.00
1376.00,35.64,32.83,36.00,20.00,AUTO,16,75,0,36.33,39.36,0.00,75.69,0.00,0.00,0.00,0.00
1377.01,35.63,32.83,36.00,20.00,AUTO,16,78,0,37.40,41.23,0.00,78.63,0.00,0.00,0.00,0.00
1378.00,35.62,32.87,36.00,20.00,AUTO,16,81,0,38.47,43.16,0.00,81.63,0.00,0.00,0.00,0.00
1379.01,35.62,32.87,36.00,20.00,AUTO,16,83,0,38.47,45.08,0.00,83.55,0.00,0.00,0.00,0.00
1380.01,35.60,32.87,36.00,20.00,AUTO,16,86,0,39.54,47.06,0.00,86.60,0.00,0.00,0.00,0.00
1381.02,35.60,32.87,36.00,20.00,AUTO,16,88,0,39.54,49.03,0.00,88.58,0.00,0.00,0.00,0.00
1382.03,35.62,32.92,36.00,20.00,AUTO,16,89,0,38.47,50.96,0.00,89.43,0.00,0.00,0.00,0.00
1383.02,35.60,32.92,36.00,20.00,AUTO,16,92,0,39.54,52.94,0.00,92.48,0.00,0.00,0.00,0.00
1384.01,35.59,32.92,36.00,20.00,AUTO,16,95,0,40.62,54.97,0.00,95.58,0.00,0.00,0.00,0.00
1385.02,35.59,32.92,36.00,20.00,AUTO,16,97,0,40.62,57.00,0.00,97.61,0.00,0.00,0.00,0.00
1386.02,35.60,32.96,36.00,20.00,AUTO,16,98,0,39.54,58.97,0.00,98.52,0.00,0.00,0.00,0.00
1387.02,35.60,32.96,36.00,20.00,AUTO,16,100,0,39.54,58.97,0.00,100.50,0.00,0.00,0.00,0.00
1388.02,35.60,32.96,36.00,20.00,AUTO,16,100,0,39.54,58.97,0.00,100.50,0.00,0.00,0.00,0.00
1389.02,35.60,32.96,36.00,20.00,AUTO,16,100,0,39.54,58.97,0.00,100.50,0.00,0.00,0.00,0.00
1390.02,35.60,32.96,36.00,20.00,AUTO,16,100,0,39.54,58.97,0.00,100.50,0.00,0.00,0.00,0.00
1391.02,35.60,32.96,36.00,20.00,AUTO,16,100,0,39.54,58.97,0.00,100.50,0.00,0.00,0.00,0.00
1392.03,35.62,32.96,36.00,20.00,AUTO,16,99,0,38.47,60.90,0.00,99.37,0.00,0.00,0.00,0.00
1393.03,35.63,32.96,36.00,20.00,AUTO,16,100,0,37.40,60.90,0.00,100.17,0.00,0.00,0.00,0.00
1394.03,35.64,32.96,36.00,20.00,AUTO,16,99,0,36.33,62.71,0.00,99.04,0.00,0.00,0.00,0.00
1395.03,35.64,32.96,36.00,20.00,AUTO,16,100,0,36.33,62.71,0.00,100.86,0.00,0.00,0.00,0.00
1396.03,35.64,32.96,36.00,20.00,AUTO,16,100,0,36.33,62.71,0.00,100.86,0.00,0.00,0.00,0.00
1397.03,35.65,32.96,36.00,20.00,AUTO,16,99,0,35.25,64.48,0.00,99.73,0.00,0.00,0.00,0.00
1398.04,35.66,32.96,36.00,20.00,AUTO,16,100,0,34.18,64.48,0.00,100.37,0.00,0.00,0.00,0.00
1399.04,35.67,32.92,36.00,20.00,AUTO,16,99,0,33.11,66.13,0.00,99.24,0.00,0.00,0.00,0.00
1400.04,35.68,32.92,36.00,20.00,AUTO,16,99,0,32.04,67.73,0.00,99.77,0.00,0.00,0.00,0.00
1401.04,35.69,32.93,36.00,20.00,AUTO,16,100,0,30.96,67.73,0.00,100.25,0.00,0.00,0.00,0.00
1402.04,35.69,32.93,36.00,20.00,AUTO,16,100,0,30.96,67.73,0.00,100.25,0.00,0.00,0.00,0.00
1403.04,35.71,32.93,36.00,20.00,AUTO,16,97,0,28.82,69.18,0.00,97.99,0.00,0.00,0.00,0.00
1404.05,35.72,32.89,36.00,20.00,AUTO,16,98,0,27.75,70.56,0.00,98.31,0.00,0.00,0.00,0.00
1405.05,35.73,32.89,36.00,20.00,AUTO,16,98,0,26.67,71.90,0.00,98.57,0.00,0.00,0.00,0.00
1406.05,35.74,32.89,36.00,20.00,AUTO,16,98,0,25.60,73.18,0.00,98.78,0.00,0.00,0.00,0.00
1407.05,35.75,32.85,36.00,20.00,AUTO,16,98,0,24.53,74.40,0.00,98.93,0.00,0.00,0.00,0.00
1408.05,35.78,32.85,36.00,20.00,AUTO,16,97,0,22.38,75.52,0.00,97.91,0.00,0.00,0.00,0.00
1409.05,35.80,32.85,36.00,20.00,AUTO,16,96,0,20.24,76.53,0.00,96.77,0.00,0.00,0.00,0.00
1410.05,35.81,32.81,36.00,20.00,AUTO,16,96,0,19.17,77.49,0.00,96.66,0.00,0.00,0.00,0.00
1411.06,35.82,32.81,36.00,20.00,AUTO,16,96,0,18.09,78.40,0.00,96.49,0.00,0.00,0.00,0.00
1412.06,35.84,32.79,36.00,20.00,AUTO,16,95,0,15.95,79.19,0.00,95.14,0.00,0.00,0.00,0.00
1413.06,35.86,32.79,36.00,20.00,AUTO,16,93,0,13.80,79.89,0.00,93.69,0.00,0.00,0.00,0.00
1414.06,35.89,32.75,36.00,20.00,AUTO,16,91,0,10.59,80.41,0.00,91.00,0.00,0.00,0.00,0.00
1415.06,35.92,32.75,36.00,20.00,AUTO,16,89,0,8.44,80.84,0.00,89.28,0.00,0.00,0.00,0.00
1416.06,35.93,32.70,36.00,20.00,AUTO,16,88,0,7.37,81.21,0.00,88.57,0.00,0.00,0.00,0.00
1417.07,35.96,32.70,36.00,20.00,AUTO,16,85,0,4.15,81.41,0.00,85.56,0.00,0.00,0.00,0.00
1418.07,35.99,32.67,36.00,20.00,AUTO,16,82,0,0.93,81.46,0.00,82.39,0.00,0.00,0.00,0.00
1419.07,36.02,32.67,36.00,20.00,AUTO,16,79,0,-2.28,81.35,0.00,79.06,0.00,0.00,0.00,0.00
1420.07,36.02,32.63,36.00,20.00,AUTO,16,78,0,-2.28,81.23,0.00,78.95,0.00,0.00,0.00,0.00
1421.07,36.02,32.57,36.00,20.00,AUTO,16,78,0,-2.28,81.12,0.00,78.83,0.00,0.00,0.00,0.00
1422.07,36.06,32.57,36.00,20.00,AUTO,16,75,0,-5.50,80.84,0.00,75.34,0.00,0.00,0.00,0.00
1423.08,36.03,32.52,36.00,20.00,AUTO,16,77,0,-3.36,80.67,0.00,77.32,0.00,0.00,0.00,0.00
1424.08,36.07,32.52,36.00,20.00,AUTO,16,73,0,-6.57,80.35,0.00,73.77,0.00,0.00,0.00,0.00
1425.08,36.09,32.48,36.00,20.00,AUTO,16,71,0,-8.72,79.91,0.00,71.19,0.00,0.00,0.00,0.00
1426.08,36.11,32.48,36.00,20.00,AUTO,16,68,0,-10.86,79.37,0.00,68.50,0.00,0.00,0.00,0.00
1427.08,36.13,32.48,36.00,20.00,AUTO,16,65,0,-13.01,78.72,0.00,65.71,0.00,0.00,0.00,0.00
1428.08,36.15,32.44,36.00,20.00,AUTO,16,62,0,-15.15,77.96,0.00,62.80,0.00,0.00,0.00,0.00
1429.08,36.17,32.44,36.00,20.00,AUTO,16,59,0,-17.30,77.09,0.00,59.80,0.00,0.00,0.00,0.00
1430.09,36.18,32.40,36.00,20.00,AUTO,16,57,0,-18.37,76.17,0.00,57.80,0.00,0.00,0.00,0.00
1431.09,36.17,32.40,36.00,20.00,AUTO,16,58,0,-17.30,75.31,0.00,58.01,0.00,0.00,0.00,0.00
1432.09,36.17,32.40,36.00,20.00,AUTO,16,57,0,-17.30,74.45,0.00,57.15,0.00,0.00,0.00,0.00
1433.09,36.18,32.40,36.00,20.00,AUTO,16,55,0,-18.37,73.53,0.00,55.16,0.00,0.00,0.00,0.00
1434.09,36.21,32.42,36.00,20.00,AUTO,16,51,0,-20.52,72.50,0.00,51.98,0.00,0.00,0.00,0.00
1435.09,36.25,32.38,36.00,20.00,AUTO,16,46,0,-24.81,71.26,0.00,46.45,0.00,0.00,0.00,0.00
1436.10,36.26,32.38,36.00,20.00,AUTO,16,44,0,-25.88,69.97,0.00,44.09,0.00,0.00,0.00,0.00
1437.10,36.26,32.38,36.00,20.00,AUTO,16,42,0,-25.88,68.67,0.00,42.79,0.00,0.00,0.00,0.00
