Time_Seconds,Temperature,Humidity,Setpoint_Temperature,Setpoint_Humidity,Ctrl,Error_Code,T_PWM,RH_PWM,T_PID_p,T_PID_i,T_PID_d,T_PID_out,RH_PID_p,RH_PID_i,RH_PID_d,RH_PID_out,T_output,RH_output,T_min_thld,T_max_thld,RH_min_thld,RH_max_thld
0.00,32.84,32.35,36.00,20.00,AUTO,0,0,NaN,0.00,0.00,0.00,0.00,NaN,NaN,NaN,NaN,NaN,NaN,NaN,NaN,NaN,NaN
0.84,32.83,32.35,36.00,20.00,AUTO,0,100,NaN,189.60,0.00,0.00,189.60,NaN,NaN,NaN,NaN,NaN,NaN,NaN,NaN,NaN,NaN
1.84,32.84,32.31,36.00,20.00,AUTO,0,100,NaN,189.60,0.00,0.00,189.60,NaN,NaN,NaN,NaN,NaN,NaN,NaN,NaN,NaN,NaN
2.84,32.86,32.31,36.00,20.00,AUTO,0,100,NaN,189.60,0.00,0.00,189.60,NaN,NaN,NaN,NaN,NaN,NaN,NaN,NaN,NaN,NaN
3.84,32.87,32.31,36.00,20.00,AUTO,0,100,NaN,189.60,0.00,0.00,189.60,NaN,NaN,NaN,NaN,NaN,NaN,NaN,NaN,NaN,NaN
4.84,32.90,32.27,36.00,20.00,AUTO,0,100,NaN,189.60,0.00,0.00,189.60,NaN,NaN,NaN,NaN,NaN,NaN,NaN,NaN,NaN,NaN
5.84,32.91,32.29,36.00,20.00,AUTO,0,100,NaN,189.60,0.00,0.00,189.60,NaN,NaN,NaN,NaN,NaN,NaN,NaN,NaN,NaN,NaN
6.84,32.93,32.25,36.00,20.00,AUTO,0,100,NaN,189.60,0.00,0.00,189.60,NaN,NaN,NaN,NaN,NaN,NaN,NaN,NaN,NaN,NaN
7.85,32.94,32.21,36.00,20.00,AUTO,0,100,NaN,189.60,0.00,0.00,189.60,NaN,NaN,NaN,NaN,NaN,NaN,NaN,NaN,NaN,NaN
8.85,32.97,32.21,36.00,20.00,AUTO,0,100,NaN,189.60,0.00,0.00,189.60,NaN,NaN,NaN,NaN,NaN,NaN,NaN,NaN,NaN,NaN
9.85,32.99,32.17,36.00,20.00,AUTO,0,100,NaN,189.60,0.00,0.00,189.60,NaN,NaN,NaN,NaN,NaN,NaN,NaN,NaN,NaN,NaN
10.85,33.01,32.17,36.00,20.00,AUTO,0,100,NaN,189.60,0.00,0.00,189.60,NaN,NaN,NaN,NaN,NaN,NaN,NaN,NaN,NaN,NaN
11.85,33.04,32.13,36.00,20.00,AUTO,0,100,NaN,189.60,0.00,0.00,189.60,NaN,NaN,NaN,NaN,NaN,NaN,NaN,NaN,NaN,NaN
12.85,33.04,32.09,36.00,20.00,AUTO,0,100,NaN,189.60,0.00,0.00,189.60,NaN,NaN,NaN,NaN,NaN,NaN,NaN,NaN,NaN,NaN
13.86,33.05,32.05,36.00,20.00,AUTO,0,100,NaN,189.60,0.00,0.00,189.60,NaN,NaN,NaN,NaN,NaN,NaN,NaN,NaN,NaN,NaN
14.86,33.08,32.02,36.00,20.00,AUTO,0,100,NaN,189.60,0.00,0.00,189.60,NaN,NaN,NaN,NaN,NaN,NaN,NaN,NaN,NaN,NaN
15.86,33.12,32.02,36.00,20.00,AUTO,0,100,NaN,176.10,0.00,-20.91,155.19,NaN,NaN,NaN,NaN,NaN,NaN,NaN,NaN,NaN,NaN
16.86,33.15,32.02,36.00,20.00,AUTO,0,100,NaN,176.10,0.00,-20.91,155.19,NaN,NaN,NaN,NaN,NaN,NaN,NaN,NaN,NaN,NaN
17.86,33.17,31.99,36.00,20.00,AUTO,0,100,NaN,176.10,0.00,-20.91,155.19,NaN,NaN,NaN,NaN,NaN,NaN,NaN,NaN,NaN,NaN
18.86,33.19,31.94,36.00,20.00,AUTO,0,100,NaN,176.10,0.00,-20.91,155.19,NaN,NaN,NaN,NaN,NaN,NaN,NaN,NaN,NaN,NaN
19.86,33.22,31.90,36.00,20.00,AUTO,0,100,NaN,176.10,0.00,-20.91,155.19,NaN,NaN,NaN,NaN,NaN,NaN,NaN,NaN,NaN,NaN
20.86,33.25,31.86,36.00,20.00,AUTO,0,100,NaN,176.10,0.00,-20.91,155.19,NaN,NaN,NaN,NaN,NaN,NaN,NaN,NaN,NaN,NaN
21.87,33.28,31.84,36.00,20.00,AUTO,0,100,NaN,176.10,0.00,-20.91,155.19,NaN,NaN,NaN,NaN,NaN,NaN,NaN,NaN,NaN,NaN
22.87,33.29,31.80,36.00,20.00,AUTO,0,100,NaN,176.10,0.00,-20.91,155.19,NaN,NaN,NaN,NaN,NaN,NaN,NaN,NaN,NaN,NaN
23.87,33.30,31.76,36.00,20.00,AUTO,0,100,NaN,176.10,0.00,-20.91,155.19,NaN,NaN,NaN,NaN,NaN,NaN,NaN,NaN,NaN,NaN
24.87,33.33,31.72,36.00,20.00,AUTO,0,100,NaN,176.10,0.00,-20.91,155.19,NaN,NaN,NaN,NaN,NaN,NaN,NaN,NaN,NaN,NaN
25.87,33.36,31.68,36.00,20.00,AUTO,0,100,NaN,176.10,0.00,-20.91,155.19,NaN,NaN,NaN,NaN,NaN,NaN,NaN,NaN,NaN,NaN
26.88,33.41,31.68,36.00,20.00,AUTO,0,100,NaN,176.10,0.00,-20.91,155.19,NaN,NaN,NaN,NaN,NaN,NaN,NaN,NaN,NaN,NaN
27.88,33.43,31.66,36.00,20.00,AUTO,0,100,NaN,176.10,0.00,-20.91,155.19,NaN,NaN,NaN,NaN,NaN,NaN,NaN,NaN,NaN,NaN
28.88,33.46,31.61,36.00,20.00,AUTO,0,100,NaN,176.10,0.00,-20.91,155.19,NaN,NaN,NaN,NaN,NaN,NaN,NaN,NaN,NaN,NaN
29.88,33.49,31.57,36.00,20.00,AUTO,0,100,NaN,176.10,0.00,-20.91,155.19,NaN,NaN,NaN,NaN,NaN,NaN,NaN,NaN,NaN,NaN
30.88,33.50,31.54,36.00,20.00,AUTO,0,100,NaN,151.50,0.00,-38.02,113.48,NaN,NaN,NaN,NaN,NaN,NaN,NaN,NaN,NaN,NaN
31.88,33.51,31.50,36.00,20.00,AUTO,0,100,NaN,151.50,0.00,-38.02,113.48,NaN,NaN,NaN,NaN,NaN,NaN,NaN,NaN,NaN,NaN
32.88,33.55,31.50,36.00,20.00,AUTO,0,100,NaN,151.50,0.00,-38.02,113.48,NaN,NaN,NaN,NaN,NaN,NaN,NaN,NaN,NaN,NaN
33.88,33.58,31.45,36.00,20.00,AUTO,0,100,NaN,151.50,0.00,-38.02,113.48,NaN,NaN,NaN,NaN,NaN,NaN,NaN,NaN,NaN,NaN
34.89,33.61,31.43,36.00,20.00,AUTO,0,100,NaN,151.50,0.00,-38.02,113.48,NaN,NaN,NaN,NaN,NaN,NaN,NaN,NaN,NaN,NaN
35.89,33.63,31.39,36.00,20.00,AUTO,0,100,NaN,151.50,0.00,-38.02,113.48,NaN,NaN,NaN,NaN,NaN,NaN,NaN,NaN,NaN,NaN
36.89,33.65,31.31,36.00,20.00,AUTO,0,100,NaN,151.50,0.00,-38.02,113.48,NaN,NaN,NaN,NaN,NaN,NaN,NaN,NaN,NaN,NaN
37.89,33.66,31.31,36.00,20.00,AUTO,0,100,NaN,151.50,0.00,-38.02,113.48,NaN,NaN,NaN,NaN,NaN,NaN,NaN,NaN,NaN,NaN
38.89,33.68,31.27,36.00,20.00,AUTO,0,100,NaN,151.50,0.00,-38.02,113.48,NaN,NaN,NaN,NaN,NaN,NaN,NaN,NaN,NaN,NaN
39.90,33.72,31.23,36.00,20.00,AUTO,0,100,NaN,151.50,0.00,-38.02,113.48,NaN,NaN,NaN,NaN,NaN,NaN,NaN,NaN,NaN,NaN
40.90,33.74,31.23,36.00,20.00,AUTO,0,100,NaN,151.50,0.00,-38.02,113.48,NaN,NaN,NaN,NaN,NaN,NaN,NaN,NaN,NaN,NaN
41.90,33.77,31.21,36.00,20.00,AUTO,0,100,NaN,151.50,0.00,-38.02,113.48,NaN,NaN,NaN,NaN,NaN,NaN,NaN,NaN,NaN,NaN
42.90,33.80,31.17,36.00,20.00,AUTO,0,100,NaN,151.50,0.00,-38.02,113.48,NaN,NaN,NaN,NaN,NaN,NaN,NaN,NaN,NaN,NaN
43.90,33.82,31.12,36.00,20.00,AUTO,0,100,NaN,151.50,0.00,-38.02,113.48,NaN,NaN,NaN,NaN,NaN,NaN,NaN,NaN,NaN,NaN
44.90,33.85,31.09,36.00,20.00,AUTO,0,100,NaN,151.50,0.00,-38.02,113.48,NaN,NaN,NaN,NaN,NaN,NaN,NaN,NaN,NaN,NaN
45.91,33.88,31.05,36.00,20.00,AUTO,0,93,NaN,129.90,0.00,-36.72,93.18,NaN,NaN,NaN,NaN,NaN,NaN,NaN,NaN,NaN,NaN
46.91,33.92,31.00,36.00,20.00,AUTO,0,93,NaN,129.90,0.00,-36.72,93.18,NaN,NaN,NaN,NaN,NaN,NaN,NaN,NaN,NaN,NaN
47.91,33.95,30.98,36.00,20.00,AUTO,0,93,NaN,129.90,0.00,-36.72,93.18,NaN,NaN,NaN,NaN,NaN,NaN,NaN,NaN,NaN,NaN
48.91,33.95,30.94,36.00,20.00,AUTO,0,93,NaN,129.90,0.00,-36.72,93.18,NaN,NaN,NaN,NaN,NaN,NaN,NaN,NaN,NaN,NaN
49.91,33.97,30.87,36.00,20.00,AUTO,0,93,NaN,129.90,0.00,-36.72,93.18,NaN,NaN,NaN,NaN,NaN,NaN,NaN,NaN,NaN,NaN
50.91,34.02,30.87,36.00,20.00,AUTO,0,93,NaN,129.90,0.00,-36.72,93.18,NaN,NaN,NaN,NaN,NaN,NaN,NaN,NaN,NaN,NaN
51.91,34.03,30.82,36.00,20.00,AUTO,0,93,NaN,129.90,0.00,-36.72,93.18,NaN,NaN,NaN,NaN,NaN,NaN,NaN,NaN,NaN,NaN
52.91,34.07,30.82,36.00,20.00,AUTO,0,93,NaN,129.90,0.00,-36.72,93.18,NaN,NaN,NaN,NaN,NaN,NaN,NaN,NaN,NaN,NaN
53.92,34.10,30.83,36.00,20.00,AUTO,0,93,NaN,129.90,0.00,-36.72,93.18,NaN,NaN,NaN,NaN,NaN,NaN,NaN,NaN,NaN,NaN
54.92,34.12,30.80,36.00,20.00,AUTO,0,93,NaN,129.90,0.00,-36.72,93.18,NaN,NaN,NaN,NaN,NaN,NaN,NaN,NaN,NaN,NaN
55.92,34.17,30.76,36.00,20.00,AUTO,0,93,NaN,129.90,0.00,-36.72,93.18,NaN,NaN,NaN,NaN,NaN,NaN,NaN,NaN,NaN,NaN
56.92,34.19,30.67,36.00,20.00,AUTO,0,93,NaN,129.90,0.00,-36.72,93.18,NaN,NaN,NaN,NaN,NaN,NaN,NaN,NaN,NaN,NaN
57.92,34.21,30.67,36.00,20.00,AUTO,0,93,NaN,129.90,0.00,-36.72,93.18,NaN,NaN,NaN,NaN,NaN,NaN,NaN,NaN,NaN,NaN
58.93,34.23,30.60,36.00,20.00,AUTO,0,93,NaN,129.90,0.00,-36.72,93.18,NaN,NaN,NaN,NaN,NaN,NaN,NaN,NaN,NaN,NaN
59.93,34.27,30.60,36.00,20.00,AUTO,0,93,NaN,129.90,0.00,-36.72,93.18,NaN,NaN,NaN,NaN,NaN,NaN,NaN,NaN,NaN,NaN
60.93,34.30,30.57,36.00,20.00,AUTO,0,75,NaN,105.00,11.57,-41.37,75.20,NaN,NaN,NaN,NaN,NaN,NaN,NaN,NaN,NaN,NaN
61.93,34.33,30.53,36.00,20.00,AUTO,0,75,NaN,105.00,11.57,-41.37,75.20,NaN,NaN,NaN,NaN,NaN,NaN,NaN,NaN,NaN,NaN
62.93,34.35,30.45,36.00,20.00,AUTO,0,75,NaN,105.00,11.57,-41.37,75.20,NaN,NaN,NaN,NaN,NaN,NaN,NaN,NaN,NaN,NaN
63.93,34.37,30.45,36.00,20.00,AUTO,0,75,NaN,105.00,11.57,-41.37,75.20,NaN,NaN,NaN,NaN,NaN,NaN,NaN,NaN,NaN,NaN
64.93,34.40,30.45,36.00,20.00,AUTO,0,75,NaN,105.00,11.57,-41.37,75.20,NaN,NaN,NaN,NaN,NaN,NaN,NaN,NaN,NaN,NaN
65.93,34.42,30.41,36.00,20.00,AUTO,0,75,NaN,105.00,11.57,-41.37,75.20,NaN,NaN,NaN,NaN,NaN,NaN,NaN,NaN,NaN,NaN
66.94,34.45,30.38,36.00,20.00,AUTO,0,75,NaN,105.00,11.57,-41.37,75.20,NaN,NaN,NaN,NaN,NaN,NaN,NaN,NaN,NaN,NaN
67.94,34.47,30.35,36.00,20.00,AUTO,0,75,NaN,105.00,11.57,-41.37,75.20,NaN,NaN,NaN,NaN,NaN,NaN,NaN,NaN,NaN,NaN
68.94,34.51,30.31,36.00,20.00,AUTO,0,75,NaN,105.00,11.57,-41.37,75.20,NaN,NaN,NaN,NaN,NaN,NaN,NaN,NaN,NaN,NaN
69.94,34.54,30.27,36.00,20.00,AUTO,0,75,NaN,105.00,11.57,-41.37,75.20,NaN,NaN,NaN,NaN,NaN,NaN,NaN,NaN,NaN,NaN
70.94,34.57,30.22,36.00,20.00,AUTO,0,75,NaN,105.00,11.57,-41.37,75.20,NaN,NaN,NaN,NaN,NaN,NaN,NaN,NaN,NaN,NaN
71.95,34.59,30.19,36.00,20.00,AUTO,0,75,NaN,105.00,11.57,-41.37,75.20,NaN,NaN,NaN,NaN,NaN,NaN,NaN,NaN,NaN,NaN
72.95,34.63,30.15,36.00,20.00,AUTO,0,75,NaN,105.00,11.57,-41.37,75.20,NaN,NaN,NaN,NaN,NaN,NaN,NaN,NaN,NaN,NaN
73.95,34.64,30.13,36.00,20.00,AUTO,0,75,NaN,105.00,11.57,-41.37,75.20,NaN,NaN,NaN,NaN,NaN,NaN,NaN,NaN,NaN,NaN
74.95,34.66,30.08,36.00,20.00,AUTO,0,75,NaN,105.00,11.57,-41.37,75.20,NaN,NaN,NaN,NaN,NaN,NaN,NaN,NaN,NaN,NaN
75.95,34.67,30.04,36.00,20.00,AUTO,0,62,NaN,81.00,20.68,-40.06,61.62,NaN,NaN,NaN,NaN,NaN,NaN,NaN,NaN,NaN,NaN
76.95,34.69,30.04,36.00,20.00,AUTO,0,62,NaN,81.00,20.68,-40.06,61.62,NaN,NaN,NaN,NaN,NaN,NaN,NaN,NaN,NaN,NaN
77.96,34.71,30.04,36.00,20.00,AUTO,0,62,NaN,81.00,20.68,-40.06,61.62,NaN,NaN,NaN,NaN,NaN,NaN,NaN,NaN,NaN,NaN
78.96,34.75,30.00,36.00,20.00,AUTO,0,62,NaN,81.00,20.68,-40.06,61.62,NaN,NaN,NaN,NaN,NaN,NaN,NaN,NaN,NaN,NaN
79.96,34.76,29.96,36.00,20.00,AUTO,0,62,NaN,81.00,20.68,-40.06,61.62,NaN,NaN,NaN,NaN,NaN,NaN,NaN,NaN,NaN,NaN
80.96,34.78,29.97,36.00,20.00,AUTO,0,62,NaN,81.00,20.68,-40.06,61.62,NaN,NaN,NaN,NaN,NaN,NaN,NaN,NaN,NaN,NaN
81.96,34.81,29.93,36.00,20.00,AUTO,0,62,NaN,81.00,20.68,-40.06,61.62,NaN,NaN,NaN,NaN,NaN,NaN,NaN,NaN,NaN,NaN
82.96,34.84,29.90,36.00,20.00,AUTO,0,62,NaN,81.00,20.68,-40.06,61.62,NaN,NaN,NaN,NaN,NaN,NaN,NaN,NaN,NaN,NaN
83.96,34.86,29.85,36.00,20.00,AUTO,0,62,NaN,81.00,20.68,-40.06,61.62,NaN,NaN,NaN,NaN,NaN,NaN,NaN,NaN,NaN,NaN
84.96,34.86,29.85,36.00,20.00,AUTO,0,62,NaN,81.00,20.68,-40.06,61.62,NaN,NaN,NaN,NaN,NaN,NaN,NaN,NaN,NaN,NaN
85.97,34.90,29.81,36.00,20.00,AUTO,0,62,NaN,81.00,20.68,-40.06,61.62,NaN,NaN,NaN,NaN,NaN,NaN,NaN,NaN,NaN,NaN
86.97,34.93,29.77,36.00,20.00,AUTO,0,62,NaN,81.00,20.68,-40.06,61.62,NaN,NaN,NaN,NaN,NaN,NaN,NaN,NaN,NaN,NaN
87.97,34.95,29.74,36.00,20.00,AUTO,0,62,NaN,81.00,20.68,-40.06,61.62,NaN,NaN,NaN,NaN,NaN,NaN,NaN,NaN,NaN,NaN
88.97,34.97,29.69,36.00,20.00,AUTO,0,62,NaN,81.00,20.68,-40.06,61.62,NaN,NaN,NaN,NaN,NaN,NaN,NaN,NaN,NaN,NaN
89.97,34.97,29.71,36.00,20.00,AUTO,0,62,NaN,81.00,20.68,-40.06,61.62,NaN,NaN,NaN,NaN,NaN,NaN,NaN,NaN,NaN,NaN
90.98,34.98,29.67,36.00,20.00,AUTO,0,57,NaN,61.80,27.70,-32.73,56.77,NaN,NaN,NaN,NaN,NaN,NaN,NaN,NaN,NaN,NaN
91.98,34.99,29.63,36.00,20.00,AUTO,0,57,NaN,61.80,27.70,-32.73,56.77,NaN,NaN,NaN,NaN,NaN,NaN,NaN,NaN,NaN,NaN
92.98,35.00,29.63,36.00,20.00,AUTO,0,57,NaN,61.80,27.70,-32.73,56.77,NaN,NaN,NaN,NaN,NaN,NaN,NaN,NaN,NaN,NaN
93.98,35.01,29.63,36.00,20.00,AUTO,0,57,NaN,61.80,27.70,-32.73,56.77,NaN,NaN,NaN,NaN,NaN,NaN,NaN,NaN,NaN,NaN
94.98,35.04,29.63,36.00,20.00,AUTO,0,57,NaN,61.80,27.70,-32.73,56.77,NaN,NaN,NaN,NaN,NaN,NaN,NaN,NaN,NaN,NaN
95.98,35.05,29.63,36.00,20.00,AUTO,0,57,NaN,61.80,27.70,-32.73,56.77,NaN,NaN,NaN,NaN,NaN,NaN,NaN,NaN,NaN,NaN
96.99,35.07,29.59,36.00,20.00,AUTO,0,57,NaN,61.80,27.70,-32.73,56.77,NaN,NaN,NaN,NaN,NaN,NaN,NaN,NaN,NaN,NaN
97.99,35.09,29.59,36.00,20.00,AUTO,0,57,NaN,61.80,27.70,-32.73,56.77,NaN,NaN,NaN,NaN,NaN,NaN,NaN,NaN,NaN,NaN
98.99,35.10,29.59,36.00,20.00,AUTO,0,57,NaN,61.80,27.70,-32.73,56.77,NaN,NaN,NaN,NaN,NaN,NaN,NaN,NaN,NaN,NaN
99.99,35.12,29.57,36.00,20.00,AUTO,0,57,NaN,61.80,27.70,-32.73,56.77,NaN,NaN,NaN,NaN,NaN,NaN,NaN,NaN,NaN,NaN
100.99,35.14,29.52,36.00,20.00,AUTO,0,57,NaN,61.80,27.70,-32.73,56.77,NaN,NaN,NaN,NaN,NaN,NaN,NaN,NaN,NaN,NaN
101.99,35.16,29.52,36.00,20.00,AUTO,0,57,NaN,61.80,27.70,-32.73,56.77,NaN,NaN,NaN,NaN,NaN,NaN,NaN,NaN,NaN,NaN
102.99,35.20,29.48,36.00,20.00,AUTO,0,57,NaN,61.80,27.70,-32.73,56.77,NaN,NaN,NaN,NaN,NaN,NaN,NaN,NaN,NaN,NaN
104.00,35.21,29.45,36.00,20.00,AUTO,0,57,NaN,61.80,27.70,-32.73,56.77,NaN,NaN,NaN,NaN,NaN,NaN,NaN,NaN,NaN,NaN
105.00,35.23,29.45,36.00,20.00,AUTO,0,57,NaN,61.80,27.70,-32.73,56.77,NaN,NaN,NaN,NaN,NaN,NaN,NaN,NaN,NaN,NaN
106.00,35.22,29.40,36.00,20.00,AUTO,0,55,NaN,46.80,33.14,-24.57,55.37,NaN,NaN,NaN,NaN,NaN,NaN,NaN,NaN,NaN,NaN
107.00,35.23,29.36,36.00,20.00,AUTO,0,55,NaN,46.80,33.14,-24.57,55.37,NaN,NaN,NaN,NaN,NaN,NaN,NaN,NaN,NaN,NaN
108.00,35.25,29.36,36.00,20.00,AUTO,0,55,NaN,46.80,33.14,-24.57,55.37,NaN,NaN,NaN,NaN,NaN,NaN,NaN,NaN,NaN,NaN
109.00,35.26,29.36,36.00,20.00,AUTO,0,55,NaN,46.80,33.14,-24.57,55.37,NaN,NaN,NaN,NaN,NaN,NaN,NaN,NaN,NaN,NaN
110.01,35.27,29.36,36.00,20.00,AUTO,0,55,NaN,46.80,33.14,-24.57,55.37,NaN,NaN,NaN,NaN,NaN,NaN,NaN,NaN,NaN,NaN
111.01,35.29,29.32,36.00,20.00,AUTO,0,55,NaN,46.80,33.14,-24.57,55.37,NaN,NaN,NaN,NaN,NaN,NaN,NaN,NaN,NaN,NaN
112.01,35.31,29.32,36.00,20.00,AUTO,0,55,NaN,46.80,33.14,-24.57,55.37,NaN,NaN,NaN,NaN,NaN,NaN,NaN,NaN,NaN,NaN
113.01,35.33,29.30,36.00,20.00,AUTO,0,55,NaN,46.80,33.14,-24.57,55.37,NaN,NaN,NaN,NaN,NaN,NaN,NaN,NaN,NaN,NaN
114.01,35.33,29.30,36.00,20.00,AUTO,0,55,NaN,46.80,33.14,-24.57,55.37,NaN,NaN,NaN,NaN,NaN,NaN,NaN,NaN,NaN,NaN
115.01,35.34,29.30,36.00,20.00,AUTO,0,55,NaN,46.80,33.14,-24.57,55.37,NaN,NaN,NaN,NaN,NaN,NaN,NaN,NaN,NaN,NaN
116.02,35.36,29.26,36.00,20.00,AUTO,0,55,NaN,46.80,33.14,-24.57,55.37,NaN,NaN,NaN,NaN,NaN,NaN,NaN,NaN,NaN,NaN
117.02,35.38,29.26,36.00,20.00,AUTO,0,55,NaN,46.80,33.14,-24.57,55.37,NaN,NaN,NaN,NaN,NaN,NaN,NaN,NaN,NaN,NaN
118.02,35.40,29.26,36.00,20.00,AUTO,0,55,NaN,46.80,33.14,-24.57,55.37,NaN,NaN,NaN,NaN,NaN,NaN,NaN,NaN,NaN,NaN
119.02,35.40,29.26,36.00,20.00,AUTO,0,55,NaN,46.80,33.14,-24.57,55.37,NaN,NaN,NaN,NaN,NaN,NaN,NaN,NaN,NaN,NaN
120.02,35.41,29.22,36.00,20.00,AUTO,0,55,NaN,46.80,33.14,-24.57,55.37,NaN,NaN,NaN,NaN,NaN,NaN,NaN,NaN,NaN,NaN
121.02,35.40,29.22,36.00,20.00,AUTO,0,52,NaN,35.70,37.23,-20.53,52.40,NaN,NaN,NaN,NaN,NaN,NaN,NaN,NaN,NaN,NaN
122.02,35.42,29.22,36.00,20.00,AUTO,0,52,NaN,35.70,37.23,-20.53,52.40,NaN,NaN,NaN,NaN,NaN,NaN,NaN,NaN,NaN,NaN
123.03,35.42,29.18,36.00,20.00,AUTO,0,52,NaN,35.70,37.23,-20.53,52.40,NaN,NaN,NaN,NaN,NaN,NaN,NaN,NaN,NaN,NaN
124.03,35.43,29.18,36.00,20.00,AUTO,0,52,NaN,35.70,37.23,-20.53,52.40,NaN,NaN,NaN,NaN,NaN,NaN,NaN,NaN,NaN,NaN
125.03,35.44,29.18,36.00,20.00,AUTO,0,52,NaN,35.70,37.23,-20.53,52.40,NaN,NaN,NaN,NaN,NaN,NaN,NaN,NaN,NaN,NaN
126.03,35.45,29.19,36.00,20.00,AUTO,0,52,NaN,35.70,37.23,-20.53,52.40,NaN,NaN,NaN,NaN,NaN,NaN,NaN,NaN,NaN,NaN
127.03,35.47,29.16,36.00,20.00,AUTO,0,52,NaN,35.70,37.23,-20.53,52.40,NaN,NaN,NaN,NaN,NaN,NaN,NaN,NaN,NaN,NaN
128.03,35.48,29.16,36.00,20.00,AUTO,0,52,NaN,35.70,37.23,-20.53,52.40,NaN,NaN,NaN,NaN,NaN,NaN,NaN,NaN,NaN,NaN
129.04,35.49,29.16,36.00,20.00,AUTO,0,52,NaN,35.70,37.23,-20.53,52.40,NaN,NaN,NaN,NaN,NaN,NaN,NaN,NaN,NaN,NaN
130.03,35.50,29.11,36.00,20.00,AUTO,0,52,NaN,35.70,37.23,-20.53,52.40,NaN,NaN,NaN,NaN,NaN,NaN,NaN,NaN,NaN,NaN
131.04,35.51,29.11,36.00,20.00,AUTO,0,52,NaN,35.70,37.23,-20.53,52.40,NaN,NaN,NaN,NaN,NaN,NaN,NaN,NaN,NaN,NaN
132.04,35.53,29.11,36.00,20.00,AUTO,0,52,NaN,35.70,37.23,-20.53,52.40,NaN,NaN,NaN,NaN,NaN,NaN,NaN,NaN,NaN,NaN
133.04,35.53,29.11,36.00,20.00,AUTO,0,52,NaN,35.70,37.23,-20.53,52.40,NaN,NaN,NaN,NaN,NaN,NaN,NaN,NaN,NaN,NaN
134.04,35.54,29.11,36.00,20.00,AUTO,0,52,NaN,35.70,37.23,-20.53,52.40,NaN,NaN,NaN,NaN,NaN,NaN,NaN,NaN,NaN,NaN
135.04,35.54,29.07,36.00,20.00,AUTO,0,52,NaN,35.70,37.23,-20.53,52.40,NaN,NaN,NaN,NaN,NaN,NaN,NaN,NaN,NaN,NaN
136.05,35.54,29.07,36.00,20.00,AUTO,0,54,NaN,27.60,40.37,-14.32,53.65,NaN,NaN,NaN,NaN,NaN,NaN,NaN,NaN,NaN,NaN
137.05,35.55,29.07,36.00,20.00,AUTO,0,54,NaN,27.60,40.37,-14.32,53.65,NaN,NaN,NaN,NaN,NaN,NaN,NaN,NaN,NaN,NaN
138.05,35.55,29.03,36.00,20.00,AUTO,0,54,NaN,27.60,40.37,-14.32,53.65,NaN,NaN,NaN,NaN,NaN,NaN,NaN,NaN,NaN,NaN
139.05,35.56,29.03,36.00,20.00,AUTO,0,54,NaN,27.60,40.37,-14.32,53.65,NaN,NaN,NaN,NaN,NaN,NaN,NaN,NaN,NaN,NaN
140.05,35.56,29.03,36.00,20.00,AUTO,0,54,NaN,27.60,40.37,-14.32,53.65,NaN,NaN,NaN,NaN,NaN,NaN,NaN,NaN,NaN,NaN
141.05,35.57,29.03,36.00,20.00,AUTO,0,54,NaN,27.60,40.37,-14.32,53.65,NaN,NaN,NaN,NaN,NaN,NaN,NaN,NaN,NaN,NaN
142.06,35.59,29.03,36.00,20.00,AUTO,0,54,NaN,27.60,40.37,-14.32,53.65,NaN,NaN,NaN,NaN,NaN,NaN,NaN,NaN,NaN,NaN
143.06,35.59,28.99,36.00,20.00,AUTO,0,54,NaN,27.60,40.37,-14.32,53.65,NaN,NaN,NaN,NaN,NaN,NaN,NaN,NaN,NaN,NaN
144.06,35.62,28.99,36.00,20.00,AUTO,0,54,NaN,27.60,40.37,-14.32,53.65,NaN,NaN,NaN,NaN,NaN,NaN,NaN,NaN,NaN,NaN
145.06,35.63,28.99,36.00,20.00,AUTO,0,54,NaN,27.60,40.37,-14.32,53.65,NaN,NaN,NaN,NaN,NaN,NaN,NaN,NaN,NaN,NaN
146.06,35.64,28.95,36.00,20.00,AUTO,0,54,NaN,27.60,40.37,-14.32,53.65,NaN,NaN,NaN,NaN,NaN,NaN,NaN,NaN,NaN,NaN
147.06,35.65,28.95,36.00,20.00,AUTO,0,54,NaN,27.60,40.37,-14.32,53.65,NaN,NaN,NaN,NaN,NaN,NaN,NaN,NaN,NaN,NaN
148.07,35.65,28.97,36.00,20.00,AUTO,0,54,NaN,27.60,40.37,-14.32,53.65,NaN,NaN,NaN,NaN,NaN,NaN,NaN,NaN,NaN,NaN
149.07,35.66,28.97,36.00,20.00,AUTO,0,54,NaN,27.60,40.37,-14.32,53.65,NaN,NaN,NaN,NaN,NaN,NaN,NaN,NaN,NaN,NaN
150.07,35.67,28.97,36.00,20.00,AUTO,0,54,NaN,27.60,40.37,-14.32,53.65,NaN,NaN,NaN,NaN,NaN,NaN,NaN,NaN,NaN,NaN
151.07,35.67,28.93,36.00,20.00,AUTO,0,50,NaN,20.10,42.76,-12.61,50.25,NaN,NaN,NaN,NaN,NaN,NaN,NaN,NaN,NaN,NaN
152.07,35.67,28.93,36.00,20.00,AUTO,0,50,NaN,20.10,42.76,-12.61,50.25,NaN,NaN,NaN,NaN,NaN,NaN,NaN,NaN,NaN,NaN
153.07,35.68,28.93,36.00,20.00,AUTO,0,50,NaN,20.10,42.76,-12.61,50.25,NaN,NaN,NaN,NaN,NaN,NaN,NaN,NaN,NaN,NaN
154.07,35.68,28.93,36.00,20.00,AUTO,0,50,NaN,20.10,42.76,-12.61,50.25,NaN,NaN,NaN,NaN,NaN,NaN,NaN,NaN,NaN,NaN
155.08,35.68,28.93,36.00,20.00,AUTO,0,50,NaN,20.10,42.76,-12.61,50.25,NaN,NaN,NaN,NaN,NaN,NaN,NaN,NaN,NaN,NaN
156.08,35.69,28.93,36.00,20.00,AUTO,0,50,NaN,20.10,42.76,-12.61,50.25,NaN,NaN,NaN,NaN,NaN,NaN,NaN,NaN,NaN,NaN
157.08,35.69,28.88,36.00,20.00,AUTO,0,50,NaN,20.10,42.76,-12.61,50.25,NaN,NaN,NaN,NaN,NaN,NaN,NaN,NaN,NaN,NaN
158.08,35.69,28.88,36.00,20.00,AUTO,0,50,NaN,20.10,42.76,-12.61,50.25,NaN,NaN,NaN,NaN,NaN,NaN,NaN,NaN,NaN,NaN
159.08,35.71,28.88,36.00,20.00,AUTO,0,50,NaN,20.10,42.76,-12.61,50.25,NaN,NaN,NaN,NaN,NaN,NaN,NaN,NaN,NaN,NaN
160.08,35.72,28.88,36.00,20.00,AUTO,0,50,NaN,20.10,42.76,-12.61,50.25,NaN,NaN,NaN,NaN,NaN,NaN,NaN,NaN,NaN,NaN
161.09,35.73,28.88,36.00,20.00,AUTO,0,50,NaN,20.10,42.76,-12.61,50.25,NaN,NaN,NaN,NaN,NaN,NaN,NaN,NaN,NaN,NaN
162.08,35.74,28.88,36.00,20.00,AUTO,0,50,NaN,20.10,42.76,-12.61,50.25,NaN,NaN,NaN,NaN,NaN,NaN,NaN,NaN,NaN,NaN
163.09,35.74,28.84,36.00,20.00,AUTO,0,50,NaN,20.10,42.76,-12.61,50.25,NaN,NaN,NaN,NaN,NaN,NaN,NaN,NaN,NaN,NaN
164.09,35.74,28.84,36.00,20.00,AUTO,0,50,NaN,20.10,42.76,-12.61,50.25,NaN,NaN,NaN,NaN,NaN,NaN,NaN,NaN,NaN,NaN
165.09,35.75,28.84,36.00,20.00,AUTO,0,50,NaN,20.10,42.76,-12.61,50.25,NaN,NaN,NaN,NaN,NaN,NaN,NaN,NaN,NaN,NaN
166.09,35.74,28.84,36.00,20.00,AUTO,0,51,NaN,15.30,44.52,-8.45,51.38,NaN,NaN,NaN,NaN,NaN,NaN,NaN,NaN,NaN,NaN
167.09,35.74,28.84,36.00,20.00,AUTO,0,51,NaN,15.30,44.52,-8.45,51.38,NaN,NaN,NaN,NaN,NaN,NaN,NaN,NaN,NaN,NaN
168.10,35.75,28.84,36.00,20.00,AUTO,0,51,NaN,15.30,44.52,-8.45,51.38,NaN,NaN,NaN,NaN,NaN,NaN,NaN,NaN,NaN,NaN
169.10,35.75,28.84,36.00,20.00,AUTO,0,51,NaN,15.30,44.52,-8.45,51.38,NaN,NaN,NaN,NaN,NaN,NaN,NaN,NaN,NaN,NaN
170.10,35.75,28.84,36.00,20.00,AUTO,0,51,NaN,15.30,44.52,-8.45,51.38,NaN,NaN,NaN,NaN,NaN,NaN,NaN,NaN,NaN,NaN
171.10,35.77,28.84,36.00,20.00,AUTO,0,51,NaN,15.30,44.52,-8.45,51.38,NaN,NaN,NaN,NaN,NaN,NaN,NaN,NaN,NaN,NaN
172.10,35.77,28.84,36.00,20.00,AUTO,0,51,NaN,15.30,44.52,-8.45,51.38,NaN,NaN,NaN,NaN,NaN,NaN,NaN,NaN,NaN,NaN
173.10,35.77,28.84,36.00,20.00,AUTO,0,51,NaN,15.30,44.52,-8.45,51.38,NaN,NaN,NaN,NaN,NaN,NaN,NaN,NaN,NaN,NaN
174.11,35.78,28.84,36.00,20.00,AUTO,0,51,NaN,15.30,44.52,-8.45,51.38,NaN,NaN,NaN,NaN,NaN,NaN,NaN,NaN,NaN,NaN
175.11,35.78,28.84,36.00,20.00,AUTO,0,51,NaN,15.30,44.52,-8.45,51.38,NaN,NaN,NaN,NaN,NaN,NaN,NaN,NaN,NaN,NaN
176.11,35.78,28.84,36.00,20.00,AUTO,0,51,NaN,15.30,44.52,-8.45,51.38,NaN,NaN,NaN,NaN,NaN,NaN,NaN,NaN,NaN,NaN
177.11,35.79,28.84,36.00,20.00,AUTO,0,51,NaN,15.30,44.52,-8.45,51.38,NaN,NaN,NaN,NaN,NaN,NaN,NaN,NaN,NaN,NaN
178.11,35.79,28.84,36.00,20.00,AUTO,0,51,NaN,15.30,44.52,-8.45,51.38,NaN,NaN,NaN,NaN,NaN,NaN,NaN,NaN,NaN,NaN
179.11,35.79,28.84,36.00,20.00,AUTO,0,51,NaN,15.30,44.52,-8.45,51.38,NaN,NaN,NaN,NaN,NaN,NaN,NaN,NaN,NaN,NaN
180.11,35.79,28.84,36.00,20.00,AUTO,0,51,NaN,15.30,44.52,-8.45,51.38,NaN,NaN,NaN,NaN,NaN,NaN,NaN,NaN,NaN,NaN
181.12,35.79,28.84,36.00,20.00,AUTO,0,53,NaN,12.60,45.91,-5.12,53.39,NaN,NaN,NaN,NaN,NaN,NaN,NaN,NaN,NaN,NaN
182.12,35.79,28.84,36.00,20.00,AUTO,0,53,NaN,12.60,45.91,-5.12,53.39,NaN,NaN,NaN,NaN,NaN,NaN,NaN,NaN,NaN,NaN
183.12,35.79,28.84,36.00,20.00,AUTO,0,53,NaN,12.60,45.91,-5.12,53.39,NaN,NaN,NaN,NaN,NaN,NaN,NaN,NaN,NaN,NaN
184.12,35.79,28.84,36.00,20.00,AUTO,0,53,NaN,12.60,45.91,-5.12,53.39,NaN,NaN,NaN,NaN,NaN,NaN,NaN,NaN,NaN,NaN
185.12,35.79,28.84,36.00,20.00,AUTO,0,53,NaN,12.60,45.91,-5.12,53.39,NaN,NaN,NaN,NaN,NaN,NaN,NaN,NaN,NaN,NaN
186.12,35.79,28.84,36.00,20.00,AUTO,0,53,NaN,12.60,45.91,-5.12,53.39,NaN,NaN,NaN,NaN,NaN,NaN,NaN,NaN,NaN,NaN
187.13,35.79,28.84,36.00,20.00,AUTO,0,53,NaN,12.60,45.91,-5.12,53.39,NaN,NaN,NaN,NaN,NaN,NaN,NaN,NaN,NaN,NaN
188.13,35.79,28.84,36.00,20.00,AUTO,0,53,NaN,12.60,45.91,-5.12,53.39,NaN,NaN,NaN,NaN,NaN,NaN,NaN,NaN,NaN,NaN
189.13,35.81,28.86,36.00,20.00,AUTO,0,53,NaN,12.60,45.91,-5.12,53.39,NaN,NaN,NaN,NaN,NaN,NaN,NaN,NaN,NaN,NaN
190.13,35.81,28.86,36.00,20.00,AUTO,0,53,NaN,12.60,45.91,-5.12,53.39,NaN,NaN,NaN,NaN,NaN,NaN,NaN,NaN,NaN,NaN
191.13,35.82,28.86,36.00,20.00,AUTO,0,53,NaN,12.60,45.91,-5.12,53.39,NaN,NaN,NaN,NaN,NaN,NaN,NaN,NaN,NaN,NaN
192.13,35.82,28.86,36.00,20.00,AUTO,0,53,NaN,12.60,45.91,-5.12,53.39,NaN,NaN,NaN,NaN,NaN,NaN,NaN,NaN,NaN,NaN
193.14,35.82,28.86,36.00,20.00,AUTO,0,53,NaN,12.60,45.91,-5.12,53.39,NaN,NaN,NaN,NaN,NaN,NaN,NaN,NaN,NaN,NaN
194.14,35.82,28.86,36.00,20.00,AUTO,0,53,NaN,12.60,45.91,-5.12,53.39,NaN,NaN,NaN,NaN,NaN,NaN,NaN,NaN,NaN,NaN
195.14,35.82,28.86,36.00,20.00,AUTO,0,53,NaN,12.60,45.91,-5.12,53.39,NaN,NaN,NaN,NaN,NaN,NaN,NaN,NaN,NaN,NaN
196.14,35.81,28.86,36.00,20.00,AUTO,0,55,NaN,10.80,47.09,-3.11,54.78,NaN,NaN,NaN,NaN,NaN,NaN,NaN,NaN,NaN,NaN
197.14,35.81,28.86,36.00,20.00,AUTO,0,55,NaN,10.80,47.09,-3.11,54.78,NaN,NaN,NaN,NaN,NaN,NaN,NaN,NaN,NaN,NaN
198.14,35.81,28.86,36.00,20.00,AUTO,0,55,NaN,10.80,47.09,-3.11,54.78,NaN,NaN,NaN,NaN,NaN,NaN,NaN,NaN,NaN,NaN
199.14,35.81,28.86,36.00,20.00,AUTO,0,55,NaN,10.80,47.09,-3.11,54.78,NaN,NaN,NaN,NaN,NaN,NaN,NaN,NaN,NaN,NaN
200.15,35.81,28.86,36.00,20.00,AUTO,0,55,NaN,10.80,47.09,-3.11,54.78,NaN,NaN,NaN,NaN,NaN,NaN,NaN,NaN,NaN,NaN
201.15,35.82,28.86,36.00,20.00,AUTO,0,55,NaN,10.80,47.09,-3.11,54.78,NaN,NaN,NaN,NaN,NaN,NaN,NaN,NaN,NaN,NaN
202.15,35.82,28.86,36.00,20.00,AUTO,0,55,NaN,10.80,47.09,-3.11,54.78,NaN,NaN,NaN,NaN,NaN,NaN,NaN,NaN,NaN,NaN
203.15,35.83,28.86,36.00,20.00,AUTO,0,55,NaN,10.80,47.09,-3.11,54.78,NaN,NaN,NaN,NaN,NaN,NaN,NaN,NaN,NaN,NaN
204.15,35.83,28.86,36.00,20.00,AUTO,0,55,NaN,10.80,47.09,-3.11,54.78,NaN,NaN,NaN,NaN,NaN,NaN,NaN,NaN,NaN,NaN
205.16,35.84,28.86,36.00,20.00,AUTO,0,55,NaN,10.80,47.09,-3.11,54.78,NaN,NaN,NaN,NaN,NaN,NaN,NaN,NaN,NaN,NaN
206.16,35.85,28.86,36.00,20.00,AUTO,0,55,NaN,10.80,47.09,-3.11,54.78,NaN,NaN,NaN,NaN,NaN,NaN,NaN,NaN,NaN,NaN
207.16,35.86,28.86,36.00,20.00,AUTO,0,55,NaN,10.80,47.09,-3.11,54.78,NaN,NaN,NaN,NaN,NaN,NaN,NaN,NaN,NaN,NaN
208.16,35.86,28.86,36.00,20.00,AUTO,0,55,NaN,10.80,47.09,-3.11,54.78,NaN,NaN,NaN,NaN,NaN,NaN,NaN,NaN,NaN,NaN
209.16,35.86,28.86,36.00,20.00,AUTO,0,55,NaN,10.80,47.09,-3.11,54.78,NaN,NaN,NaN,NaN,NaN,NaN,NaN,NaN,NaN,NaN
210.16,35.87,28.82,36.00,20.00,AUTO,0,55,NaN,10.80,47.09,-3.11,54.78,NaN,NaN,NaN,NaN,NaN,NaN,NaN,NaN,NaN,NaN
211.17,35.86,28.82,36.00,20.00,AUTO,0,52,NaN,8.10,48.10,-4.09,52.10,NaN,NaN,NaN,NaN,NaN,NaN,NaN,NaN,NaN,NaN
212.17,35.86,28.82,36.00,20.00,AUTO,0,52,NaN,8.10,48.10,-4.09,52.10,NaN,NaN,NaN,NaN,NaN,NaN,NaN,NaN,NaN,NaN
213.17,35.87,28.82,36.00,20.00,AUTO,0,52,NaN,8.10,48.10,-4.09,52.10,NaN,NaN,NaN,NaN,NaN,NaN,NaN,NaN,NaN,NaN
214.17,35.87,28.82,36.00,20.00,AUTO,0,52,NaN,8.10,48.10,-4.09,52.10,NaN,NaN,NaN,NaN,NaN,NaN,NaN,NaN,NaN,NaN
215.17,35.87,28.82,36.00,20.00,AUTO,0,52,NaN,8.10,48.10,-4.09,52.10,NaN,NaN,NaN,NaN,NaN,NaN,NaN,NaN,NaN,NaN
216.17,35.87,28.82,36.00,20.00,AUTO,0,52,NaN,8.10,48.10,-4.09,52.10,NaN,NaN,NaN,NaN,NaN,NaN,NaN,NaN,NaN,NaN
217.17,35.87,28.82,36.00,20.00,AUTO,0,52,NaN,8.10,48.10,-4.09,52.10,NaN,NaN,NaN,NaN,NaN,NaN,NaN,NaN,NaN,NaN
218.17,35.87,28.82,36.00,20.00,AUTO,0,52,NaN,8.10,48.10,-4.09,52.10,NaN,NaN,NaN,NaN,NaN,NaN,NaN,NaN,NaN,NaN
219.18,35.89,28.82,36.00,20.00,AUTO,0,52,NaN,8.10,48.10,-4.09,52.10,NaN,NaN,NaN,NaN,NaN,NaN,NaN,NaN,NaN,NaN
220.18,35.89,28.82,36.00,20.00,AUTO,0,52,NaN,8.10,48.10,-4.09,52.10,NaN,NaN,NaN,NaN,NaN,NaN,NaN,NaN,NaN,NaN
221.18,35.89,28.82,36.00,20.00,AUTO,0,52,NaN,8.10,48.10,-4.09,52.10,NaN,NaN,NaN,NaN,NaN,NaN,NaN,NaN,NaN,NaN
222.18,35.90,28.82,36.00,20.00,AUTO,0,52,NaN,8.10,48.10,-4.09,52.10,NaN,NaN,NaN,NaN,NaN,NaN,NaN,NaN,NaN,NaN
223.18,35.90,28.82,36.00,20.00,AUTO,0,52,NaN,8.10,48.10,-4.09,52.10,NaN,NaN,NaN,NaN,NaN,NaN,NaN,NaN,NaN,NaN
224.18,35.90,28.82,36.00,20.00,AUTO,0,52,NaN,8.10,48.10,-4.09,52.10,NaN,NaN,NaN,NaN,NaN,NaN,NaN,NaN,NaN,NaN
225.19,35.90,28.82,36.00,20.00,AUTO,0,52,NaN,8.10,48.10,-4.09,52.10,NaN,NaN,NaN,NaN,NaN,NaN,NaN,NaN,NaN,NaN
226.19,35.89,28.82,36.00,20.00,AUTO,0,51,NaN,6.00,48.81,-3.89,50.92,NaN,NaN,NaN,NaN,NaN,NaN,NaN,NaN,NaN,NaN
227.19,35.89,28.82,36.00,20.00,AUTO,0,51,NaN,6.00,48.81,-3.89,50.92,NaN,NaN,NaN,NaN,NaN,NaN,NaN,NaN,NaN,NaN
228.19,35.89,28.82,36.00,20.00,AUTO,0,51,NaN,6.00,48.81,-3.89,50.92,NaN,NaN,NaN,NaN,NaN,NaN,NaN,NaN,NaN,NaN
229.19,35.89,28.82,36.00,20.00,AUTO,0,51,NaN,6.00,48.81,-3.89,50.92,NaN,NaN,NaN,NaN,NaN,NaN,NaN,NaN,NaN,NaN
230.19,35.89,28.82,36.00,20.00,AUTO,0,51,NaN,6.00,48.81,-3.89,50.92,NaN,NaN,NaN,NaN,NaN,NaN,NaN,NaN,NaN,NaN
231.19,35.89,28.82,36.00,20.00,AUTO,0,51,NaN,6.00,48.81,-3.89,50.92,NaN,NaN,NaN,NaN,NaN,NaN,NaN,NaN,NaN,NaN
232.20,35.90,28.82,36.00,20.00,AUTO,0,51,NaN,6.00,48.81,-3.89,50.92,NaN,NaN,NaN,NaN,NaN,NaN,NaN,NaN,NaN,NaN
233.20,35.90,28.82,36.00,20.00,AUTO,0,51,NaN,6.00,48.81,-3.89,50.92,NaN,NaN,NaN,NaN,NaN,NaN,NaN,NaN,NaN,NaN
234.20,35.92,28.82,36.00,20.00,AUTO,0,51,NaN,6.00,48.81,-3.89,50.92,NaN,NaN,NaN,NaN,NaN,NaN,NaN,NaN,NaN,NaN
235.20,35.92,28.82,36.00,20.00,AUTO,0,51,NaN,6.00,48.81,-3.89,50.92,NaN,NaN,NaN,NaN,NaN,NaN,NaN,NaN,NaN,NaN
236.20,35.92,28.82,36.00,20.00,AUTO,0,51,NaN,6.00,48.81,-3.89,50.92,NaN,NaN,NaN,NaN,NaN,NaN,NaN,NaN,NaN,NaN
237.21,35.92,28.82,36.00,20.00,AUTO,0,51,NaN,6.00,48.81,-3.89,50.92,NaN,NaN,NaN,NaN,NaN,NaN,NaN,NaN,NaN,NaN
238.21,35.92,28.82,36.00,20.00,AUTO,0,51,NaN,6.00,48.81,-3.89,50.92,NaN,NaN,NaN,NaN,NaN,NaN,NaN,NaN,NaN,NaN
239.21,35.93,28.82,36.00,20.00,AUTO,0,51,NaN,6.00,48.81,-3.89,50.92,NaN,NaN,NaN,NaN,NaN,NaN,NaN,NaN,NaN,NaN
240.21,35.93,28.82,36.00,20.00,AUTO,0,51,NaN,6.00,48.81,-3.89,50.92,NaN,NaN,NaN,NaN,NaN,NaN,NaN,NaN,NaN,NaN
241.21,35.92,28.82,36.00,20.00,AUTO,0,51,NaN,4.20,49.37,-2.94,50.63,NaN,NaN,NaN,NaN,NaN,NaN,NaN,NaN,NaN,NaN
242.21,35.93,28.78,36.00,20.00,AUTO,0,51,NaN,4.20,49.37,-2.94,50.63,NaN,NaN,NaN,NaN,NaN,NaN,NaN,NaN,NaN,NaN
243.21,35.93,28.82,36.00,20.00,AUTO,0,51,NaN,4.20,49.37,-2.94,50.63,NaN,NaN,NaN,NaN,NaN,NaN,NaN,NaN,NaN,NaN
244.22,35.93,28.78,36.00,20.00,AUTO,0,51,NaN,4.20,49.37,-2.94,50.63,NaN,NaN,NaN,NaN,NaN,NaN,NaN,NaN,NaN,NaN
245.22,35.93,28.82,36.00,20.00,AUTO,0,51,NaN,4.20,49.37,-2.94,50.63,NaN,NaN,NaN,NaN,NaN,NaN,NaN,NaN,NaN,NaN
246.22,35.92,28.82,36.00,20.00,AUTO,0,51,NaN,4.20,49.37,-2.94,50.63,NaN,NaN,NaN,NaN,NaN,NaN,NaN,NaN,NaN,NaN
247.22,35.94,28.82,36.00,20.00,AUTO,0,51,NaN,4.20,49.37,-2.94,50.63,NaN,NaN,NaN,NaN,NaN,NaN,NaN,NaN,NaN,NaN
248.22,35.94,28.78,36.00,20.00,AUTO,0,51,NaN,4.20,49.37,-2.94,50.63,NaN,NaN,NaN,NaN,NaN,NaN,NaN,NaN,NaN,NaN
249.22,35.94,28.82,36.00,20.00,AUTO,0,51,NaN,4.20,49.37,-2.94,50.63,NaN,NaN,NaN,NaN,NaN,NaN,NaN,NaN,NaN,NaN
250.22,35.95,28.82,36.00,20.00,AUTO,0,51,NaN,4.20,49.37,-2.94,50.63,NaN,NaN,NaN,NaN,NaN,NaN,NaN,NaN,NaN,NaN
251.23,35.95,28.78,36.00,20.00,AUTO,0,51,NaN,4.20,49.37,-2.94,50.63,NaN,NaN,NaN,NaN,NaN,NaN,NaN,NaN,NaN,NaN
252.23,35.96,28.82,36.00,20.00,AUTO,0,51,NaN,4.20,49.37,-2.94,50.63,NaN,NaN,NaN,NaN,NaN,NaN,NaN,NaN,NaN,NaN
253.23,35.95,28.78,36.00,20.00,AUTO,0,51,NaN,4.20,49.37,-2.94,50.63,NaN,NaN,NaN,NaN,NaN,NaN,NaN,NaN,NaN,NaN
254.23,35.95,28.78,36.00,20.00,AUTO,0,51,NaN,4.20,49.37,-2.94,50.63,NaN,NaN,NaN,NaN,NaN,NaN,NaN,NaN,NaN,NaN
255.23,35.95,28.82,36.00,20.00,AUTO,0,51,NaN,4.20,49.37,-2.94,50.63,NaN,NaN,NaN,NaN,NaN,NaN,NaN,NaN,NaN,NaN
256.24,35.94,28.82,36.00,20.00,AUTO,0,50,NaN,3.00,49.74,-2.87,49.86,NaN,NaN,NaN,NaN,NaN,NaN,NaN,NaN,NaN,NaN
257.24,35.93,28.82,36.00,20.00,AUTO,0,50,NaN,3.00,49.74,-2.87,49.86,NaN,NaN,NaN,NaN,NaN,NaN,NaN,NaN,NaN,NaN
258.24,35.93,28.82,36.00,20.00,AUTO,0,50,NaN,3.00,49.74,-2.87,49.86,NaN,NaN,NaN,NaN,NaN,NaN,NaN,NaN,NaN,NaN
259.24,35.93,28.82,36.00,20.00,AUTO,0,50,NaN,3.00,49.74,-2.87,49.86,NaN,NaN,NaN,NaN,NaN,NaN,NaN,NaN,NaN,NaN
260.24,35.94,28.82,36.00,20.00,AUTO,0,50,NaN,3.00,49.74,-2.87,49.86,NaN,NaN,NaN,NaN,NaN,NaN,NaN,NaN,NaN,NaN
261.24,35.94,28.82,36.00,20.00,AUTO,0,50,NaN,3.00,49.74,-2.87,49.86,NaN,NaN,NaN,NaN,NaN,NaN,NaN,NaN,NaN,NaN
262.24,35.94,28.82,36.00,20.00,AUTO,0,50,NaN,3.00,49.74,-2.87,49.86,NaN,NaN,NaN,NaN,NaN,NaN,NaN,NaN,NaN,NaN
263.24,35.94,28.82,36.00,20.00,AUTO,0,50,NaN,3.00,49.74,-2.87,49.86,NaN,NaN,NaN,NaN,NaN,NaN,NaN,NaN,NaN,NaN
264.25,35.95,28.82,36.00,20.00,AUTO,0,50,NaN,3.00,49.74,-2.87,49.86,NaN,NaN,NaN,NaN,NaN,NaN,NaN,NaN,NaN,NaN
265.25,35.95,28.82,36.00,20.00,AUTO,0,50,NaN,3.00,49.74,-2.87,49.86,NaN,NaN,NaN,NaN,NaN,NaN,NaN,NaN,NaN,NaN
266.25,35.94,28.82,36.00,20.00,AUTO,0,50,NaN,3.00,49.74,-2.87,49.86,NaN,NaN,NaN,NaN,NaN,NaN,NaN,NaN,NaN,NaN
267.25,35.94,28.86,36.00,20.00,AUTO,0,50,NaN,3.00,49.74,-2.87,49.86,NaN,NaN,NaN,NaN,NaN,NaN,NaN,NaN,NaN,NaN
268.25,35.94,28.86,36.00,20.00,AUTO,0,50,NaN,3.00,49.74,-2.87,49.86,NaN,NaN,NaN,NaN,NaN,NaN,NaN,NaN,NaN,NaN
269.26,35.95,28.86,36.00,20.00,AUTO,0,50,NaN,3.00,49.74,-2.87,49.86,NaN,NaN,NaN,NaN,NaN,NaN,NaN,NaN,NaN,NaN
270.26,35.95,28.86,36.00,20.00,AUTO,0,50,NaN,3.00,49.74,-2.87,49.86,NaN,NaN,NaN,NaN,NaN,NaN,NaN,NaN,NaN,NaN
271.26,35.94,28.86,36.00,20.00,AUTO,0,53,NaN,3.00,50.09,0.28,53.38,NaN,NaN,NaN,NaN,NaN,NaN,NaN,NaN,NaN,NaN
272.26,35.94,28.86,36.00,20.00,AUTO,0,53,NaN,3.00,50.09,0.28,53.38,NaN,NaN,NaN,NaN,NaN,NaN,NaN,NaN,NaN,NaN
273.26,35.94,28.86,36.00,20.00,AUTO,0,53,NaN,3.00,50.09,0.28,53.38,NaN,NaN,NaN,NaN,NaN,NaN,NaN,NaN,NaN,NaN
274.26,35.94,28.86,36.00,20.00,AUTO,0,53,NaN,3.00,50.09,0.28,53.38,NaN,NaN,NaN,NaN,NaN,NaN,NaN,NaN,NaN,NaN
275.27,35.94,28.86,36.00,20.00,AUTO,0,53,NaN,3.00,50.09,0.28,53.38,NaN,NaN,NaN,NaN,NaN,NaN,NaN,NaN,NaN,NaN
276.26,35.94,28.86,36.00,20.00,AUTO,0,53,NaN,3.00,50.09,0.28,53.38,NaN,NaN,NaN,NaN,NaN,NaN,NaN,NaN,NaN,NaN
277.27,35.94,28.86,36.00,20.00,AUTO,0,53,NaN,3.00,50.09,0.28,53.38,NaN,NaN,NaN,NaN,NaN,NaN,NaN,NaN,NaN,NaN
278.27,35.94,28.86,36.00,20.00,AUTO,0,53,NaN,3.00,50.09,0.28,53.38,NaN,NaN,NaN,NaN,NaN,NaN,NaN,NaN,NaN,NaN
279.27,35.96,28.86,36.00,20.00,AUTO,0,53,NaN,3.00,50.09,0.28,53.38,NaN,NaN,NaN,NaN,NaN,NaN,NaN,NaN,NaN,NaN
280.27,35.96,28.86,36.00,20.00,AUTO,0,53,NaN,3.00,50.09,0.28,53.38,NaN,NaN,NaN,NaN,NaN,NaN,NaN,NaN,NaN,NaN
281.27,35.96,28.86,36.00,20.00,AUTO,0,53,NaN,3.00,50.09,0.28,53.38,NaN,NaN,NaN,NaN,NaN,NaN,NaN,NaN,NaN,NaN
282.28,35.96,28.86,36.00,20.00,AUTO,0,53,NaN,3.00,50.09,0.28,53.38,NaN,NaN,NaN,NaN,NaN,NaN,NaN,NaN,NaN,NaN
283.28,35.96,28.86,36.00,20.00,AUTO,0,53,NaN,3.00,50.09,0.28,53.38,NaN,NaN,NaN,NaN,NaN,NaN,NaN,NaN,NaN,NaN
284.28,35.96,28.86,36.00,20.00,AUTO,0,53,NaN,3.00,50.09,0.28,53.38,NaN,NaN,NaN,NaN,NaN,NaN,NaN,NaN,NaN,NaN
285.28,35.97,28.86,36.00,20.00,AUTO,0,53,NaN,3.00,50.09,0.28,53.38,NaN,NaN,NaN,NaN,NaN,NaN,NaN,NaN,NaN,NaN
286.28,35.96,28.86,36.00,20.00,AUTO,0,50,NaN,2.10,50.39,-1.99,50.50,NaN,NaN,NaN,NaN,NaN,NaN,NaN,NaN,NaN,NaN
287.28,35.96,28.86,36.00,20.00,AUTO,0,50,NaN,2.10,50.39,-1.99,50.50,NaN,NaN,NaN,NaN,NaN,NaN,NaN,NaN,NaN,NaN
288.29,35.96,28.86,36.00,20.00,AUTO,0,50,NaN,2.10,50.39,-1.99,50.50,NaN,NaN,NaN,NaN,NaN,NaN,NaN,NaN,NaN,NaN
289.29,35.96,28.86,36.00,20.00,AUTO,0,50,NaN,2.10,50.39,-1.99,50.50,NaN,NaN,NaN,NaN,NaN,NaN,NaN,NaN,NaN,NaN
290.29,35.96,28.86,36.00,20.00,AUTO,0,50,NaN,2.10,50.39,-1.99,50.50,NaN,NaN,NaN,NaN,NaN,NaN,NaN,NaN,NaN,NaN
291.29,35.96,28.86,36.00,20.00,AUTO,0,50,NaN,2.10,50.39,-1.99,50.50,NaN,NaN,NaN,NaN,NaN,NaN,NaN,NaN,NaN,NaN
292.29,35.96,28.86,36.00,20.00,AUTO,0,50,NaN,2.10,50.39,-1.99,50.50,NaN,NaN,NaN,NaN,NaN,NaN,NaN,NaN,NaN,NaN
293.29,35.96,28.86,36.00,20.00,AUTO,0,50,NaN,2.10,50.39,-1.99,50.50,NaN,NaN,NaN,NaN,NaN,NaN,NaN,NaN,NaN,NaN
294.29,35.97,28.86,36.00,20.00,AUTO,0,50,NaN,2.10,50.39,-1.99,50.50,NaN,NaN,NaN,NaN,NaN,NaN,NaN,NaN,NaN,NaN
295.29,35.97,28.86,36.00,20.00,AUTO,0,50,NaN,2.10,50.39,-1.99,50.50,NaN,NaN,NaN,NaN,NaN,NaN,NaN,NaN,NaN,NaN
296.30,35.97,28.86,36.00,20.00,AUTO,0,50,NaN,2.10,50.39,-1.99,50.50,NaN,NaN,NaN,NaN,NaN,NaN,NaN,NaN,NaN,NaN
297.30,35.97,28.86,36.00,20.00,AUTO,0,50,NaN,2.10,50.39,-1.99,50.50,NaN,NaN,NaN,NaN,NaN,NaN,NaN,NaN,NaN,NaN
298.30,35.97,28.86,36.00,20.00,AUTO,0,50,NaN,2.10,50.39,-1.99,50.50,NaN,NaN,NaN,NaN,NaN,NaN,NaN,NaN,NaN,NaN
299.30,35.97,28.86,36.00,20.00,AUTO,0,50,NaN,2.10,50.39,-1.99,50.50,NaN,NaN,NaN,NaN,NaN,NaN,NaN,NaN,NaN,NaN
300.30,35.98,28.86,36.00,20.00,AUTO,0,50,NaN,2.10,50.39,-1.99,50.50,NaN,NaN,NaN,NaN,NaN,NaN,NaN,NaN,NaN,NaN
301.31,35.96,28.86,36.00,20.00,AUTO,0,51,NaN,1.50,50.60,-1.12,50.98,NaN,NaN,NaN,NaN,NaN,NaN,NaN,NaN,NaN,NaN
302.31,35.97,28.86,36.00,20.00,AUTO,0,51,NaN,1.50,50.60,-1.12,50.98,NaN,NaN,NaN,NaN,NaN,NaN,NaN,NaN,NaN,NaN
303.31,35.97,28.86,36.00,20.00,AUTO,0,51,NaN,1.50,50.60,-1.12,50.98,NaN,NaN,NaN,NaN,NaN,NaN,NaN,NaN,NaN,NaN
304.31,35.97,28.86,36.00,20.00,AUTO,0,51,NaN,1.50,50.60,-1.12,50.98,NaN,NaN,NaN,NaN,NaN,NaN,NaN,NaN,NaN,NaN
305.31,35.97,28.86,36.00,20.00,AUTO,0,51,NaN,1.50,50.60,-1.12,50.98,NaN,NaN,NaN,NaN,NaN,NaN,NaN,NaN,NaN,NaN
306.31,35.97,28.86,36.00,20.00,AUTO,0,51,NaN,1.50,50.60,-1.12,50.98,NaN,NaN,NaN,NaN,NaN,NaN,NaN,NaN,NaN,NaN
307.31,35.96,28.86,36.00,20.00,AUTO,0,51,NaN,1.50,50.60,-1.12,50.98,NaN,NaN,NaN,NaN,NaN,NaN,NaN,NaN,NaN,NaN
308.32,35.96,28.86,36.00,20.00,AUTO,0,51,NaN,1.50,50.60,-1.12,50.98,NaN,NaN,NaN,NaN,NaN,NaN,NaN,NaN,NaN,NaN
309.32,35.97,28.86,36.00,20.00,AUTO,0,51,NaN,1.50,50.60,-1.12,50.98,NaN,NaN,NaN,NaN,NaN,NaN,NaN,NaN,NaN,NaN
310.32,35.97,28.86,36.00,20.00,AUTO,0,51,NaN,1.50,50.60,-1.12,50.98,NaN,NaN,NaN,NaN,NaN,NaN,NaN,NaN,NaN,NaN
311.32,35.98,28.86,36.00,20.00,AUTO,0,51,NaN,1.50,50.60,-1.12,50.98,NaN,NaN,NaN,NaN,NaN,NaN,NaN,NaN,NaN,NaN
312.32,35.98,28.86,36.00,20.00,AUTO,0,51,NaN,1.50,50.60,-1.12,50.98,NaN,NaN,NaN,NaN,NaN,NaN,NaN,NaN,NaN,NaN
313.32,35.98,28.86,36.00,20.00,AUTO,0,51,NaN,1.50,50.60,-1.12,50.98,NaN,NaN,NaN,NaN,NaN,NaN,NaN,NaN,NaN,NaN
314.33,35.98,28.86,36.00,20.00,AUTO,0,51,NaN,1.50,50.60,-1.12,50.98,NaN,NaN,NaN,NaN,NaN,NaN,NaN,NaN,NaN,NaN
315.33,35.98,28.86,36.00,20.00,AUTO,0,51,NaN,1.50,50.60,-1.12,50.98,NaN,NaN,NaN,NaN,NaN,NaN,NaN,NaN,NaN,NaN
316.33,35.97,28.86,36.00,20.00,AUTO,0,51,NaN,1.20,50.77,-0.73,51.24,NaN,NaN,NaN,NaN,NaN,NaN,NaN,NaN,NaN,NaN
317.33,35.97,28.86,36.00,20.00,AUTO,0,51,NaN,1.20,50.77,-0.73,51.24,NaN,NaN,NaN,NaN,NaN,NaN,NaN,NaN,NaN,NaN
318.33,35.97,28.86,36.00,20.00,AUTO,0,51,NaN,1.20,50.77,-0.73,51.24,NaN,NaN,NaN,NaN,NaN,NaN,NaN,NaN,NaN,NaN
319.33,35.97,28.86,36.00,20.00,AUTO,0,51,NaN,1.20,50.77,-0.73,51.24,NaN,NaN,NaN,NaN,NaN,NaN,NaN,NaN,NaN,NaN
320.34,35.96,28.86,36.00,20.00,AUTO,0,51,NaN,1.20,50.77,-0.73,51.24,NaN,NaN,NaN,NaN,NaN,NaN,NaN,NaN,NaN,NaN
321.34,35.97,28.86,36.00,20.00,AUTO,0,51,NaN,1.20,50.77,-0.73,51.24,NaN,NaN,NaN,NaN,NaN,NaN,NaN,NaN,NaN,NaN
322.34,35.97,28.86,36.00,20.00,AUTO,0,51,NaN,1.20,50.77,-0.73,51.24,NaN,NaN,NaN,NaN,NaN,NaN,NaN,NaN,NaN,NaN
323.34,35.98,28.86,36.00,20.00,AUTO,0,51,NaN,1.20,50.77,-0.73,51.24,NaN,NaN,NaN,NaN,NaN,NaN,NaN,NaN,NaN,NaN
324.34,35.98,28.86,36.00,20.00,AUTO,0,51,NaN,1.20,50.77,-0.73,51.24,NaN,NaN,NaN,NaN,NaN,NaN,NaN,NaN,NaN,NaN
325.34,35.99,28.86,36.00,20.00,AUTO,0,51,NaN,1.20,50.77,-0.73,51.24,NaN,NaN,NaN,NaN,NaN,NaN,NaN,NaN,NaN,NaN
326.34,36.00,28.86,36.00,20.00,AUTO,0,51,NaN,1.20,50.77,-0.73,51.24,NaN,NaN,NaN,NaN,NaN,NaN,NaN,NaN,NaN,NaN
327.34,35.99,28.86,36.00,20.00,AUTO,0,51,NaN,1.20,50.77,-0.73,51.24,NaN,NaN,NaN,NaN,NaN,NaN,NaN,NaN,NaN,NaN
328.35,36.00,28.86,36.00,20.00,AUTO,0,51,NaN,1.20,50.77,-0.73,51.24,NaN,NaN,NaN,NaN,NaN,NaN,NaN,NaN,NaN,NaN
329.35,36.00,28.86,36.00,20.00,AUTO,0,51,NaN,1.20,50.77,-0.73,51.24,NaN,NaN,NaN,NaN,NaN,NaN,NaN,NaN,NaN,NaN
330.35,36.00,28.88,36.00,20.00,AUTO,0,51,NaN,1.20,50.77,-0.73,51.24,NaN,NaN,NaN,NaN,NaN,NaN,NaN,NaN,NaN,NaN
331.35,36.00,28.86,36.00,20.00,AUTO,0,49,NaN,0.00,50.88,-1.89,48.99,NaN,NaN,NaN,NaN,NaN,NaN,NaN,NaN,NaN,NaN
332.35,36.00,28.86,36.00,20.00,AUTO,0,49,NaN,0.00,50.88,-1.89,48.99,NaN,NaN,NaN,NaN,NaN,NaN,NaN,NaN,NaN,NaN
333.36,36.00,28.86,36.00,20.00,AUTO,0,49,NaN,0.00,50.88,-1.89,48.99,NaN,NaN,NaN,NaN,NaN,NaN,NaN,NaN,NaN,NaN
334.36,36.00,28.86,36.00,20.00,AUTO,0,49,NaN,0.00,50.88,-1.89,48.99,NaN,NaN,NaN,NaN,NaN,NaN,NaN,NaN,NaN,NaN
335.36,36.00,28.86,36.00,20.00,AUTO,0,49,NaN,0.00,50.88,-1.89,48.99,NaN,NaN,NaN,NaN,NaN,NaN,NaN,NaN,NaN,NaN
336.36,36.01,28.88,36.00,20.00,AUTO,0,49,NaN,0.00,50.88,-1.89,48.99,NaN,NaN,NaN,NaN,NaN,NaN,NaN,NaN,NaN,NaN
337.36,36.00,28.88,36.00,20.00,AUTO,0,49,NaN,0.00,50.88,-1.89,48.99,NaN,NaN,NaN,NaN,NaN,NaN,NaN,NaN,NaN,NaN
338.36,36.01,28.88,36.00,20.00,AUTO,0,49,NaN,0.00,50.88,-1.89,48.99,NaN,NaN,NaN,NaN,NaN,NaN,NaN,NaN,NaN,NaN
339.36,36.01,28.88,36.00,20.00,AUTO,0,49,NaN,0.00,50.88,-1.89,48.99,NaN,NaN,NaN,NaN,NaN,NaN,NaN,NaN,NaN,NaN
340.37,36.01,28.88,36.00,20.00,AUTO,0,49,NaN,0.00,50.88,-1.89,48.99,NaN,NaN,NaN,NaN,NaN,NaN,NaN,NaN,NaN,NaN
341.37,36.01,28.88,36.00,20.00,AUTO,0,49,NaN,0.00,50.88,-1.89,48.99,NaN,NaN,NaN,NaN,NaN,NaN,NaN,NaN,NaN,NaN
342.37,36.01,28.88,36.00,20.00,AUTO,0,49,NaN,0.00,50.88,-1.89,48.99,NaN,NaN,NaN,NaN,NaN,NaN,NaN,NaN,NaN,NaN
343.37,36.01,28.88,36.00,20.00,AUTO,0,49,NaN,0.00,50.88,-1.89,48.99,NaN,NaN,NaN,NaN,NaN,NaN,NaN,NaN,NaN,NaN
344.38,36.01,28.88,36.00,20.00,AUTO,0,49,NaN,0.00,50.88,-1.89,48.99,NaN,NaN,NaN,NaN,NaN,NaN,NaN,NaN,NaN,NaN
345.37,36.01,28.88,36.00,20.00,AUTO,0,49,NaN,0.00,50.88,-1.89,48.99,NaN,NaN,NaN,NaN,NaN,NaN,NaN,NaN,NaN,NaN
346.38,36.00,28.88,36.00,20.00,AUTO,0,49,NaN,-0.60,50.85,-1.29,48.96,NaN,NaN,NaN,NaN,NaN,NaN,NaN,NaN,NaN,NaN
347.38,36.01,28.92,36.00,20.00,AUTO,0,49,NaN,-0.60,50.85,-1.29,48.96,NaN,NaN,NaN,NaN,NaN,NaN,NaN,NaN,NaN,NaN
348.38,36.01,28.88,36.00,20.00,AUTO,0,49,NaN,-0.60,50.85,-1.29,48.96,NaN,NaN,NaN,NaN,NaN,NaN,NaN,NaN,NaN,NaN
349.38,36.01,28.88,36.00,20.00,AUTO,0,49,NaN,-0.60,50.85,-1.29,48.96,NaN,NaN,NaN,NaN,NaN,NaN,NaN,NaN,NaN,NaN
350.38,36.01,28.88,36.00,20.00,AUTO,0,49,NaN,-0.60,50.85,-1.29,48.96,NaN,NaN,NaN,NaN,NaN,NaN,NaN,NaN,NaN,NaN
351.38,36.00,28.88,36.00,20.00,AUTO,0,49,NaN,-0.60,50.85,-1.29,48.96,NaN,NaN,NaN,NaN,NaN,NaN,NaN,NaN,NaN,NaN
352.39,36.01,28.92,36.00,20.00,AUTO,0,49,NaN,-0.60,50.85,-1.29,48.96,NaN,NaN,NaN,NaN,NaN,NaN,NaN,NaN,NaN,NaN
353.39,36.01,28.92,36.00,20.00,AUTO,0,49,NaN,-0.60,50.85,-1.29,48.96,NaN,NaN,NaN,NaN,NaN,NaN,NaN,NaN,NaN,NaN
354.39,36.01,28.92,36.00,20.00,AUTO,0,49,NaN,-0.60,50.85,-1.29,48.96,NaN,NaN,NaN,NaN,NaN,NaN,NaN,NaN,NaN,NaN
355.39,36.01,28.92,36.00,20.00,AUTO,0,49,NaN,-0.60,50.85,-1.29,48.96,NaN,NaN,NaN,NaN,NaN,NaN,NaN,NaN,NaN,NaN
356.39,36.01,28.92,36.00,20.00,AUTO,0,49,NaN,-0.60,50.85,-1.29,48.96,NaN,NaN,NaN,NaN,NaN,NaN,NaN,NaN,NaN,NaN
357.40,36.01,28.92,36.00,20.00,AUTO,0,49,NaN,-0.60,50.85,-1.29,48.96,NaN,NaN,NaN,NaN,NaN,NaN,NaN,NaN,NaN,NaN
358.39,36.01,28.92,36.00,20.00,AUTO,0,49,NaN,-0.60,50.85,-1.29,48.96,NaN,NaN,NaN,NaN,NaN,NaN,NaN,NaN,NaN,NaN
359.40,36.01,28.92,36.00,20.00,AUTO,0,49,NaN,-0.60,50.85,-1.29,48.96,NaN,NaN,NaN,NaN,NaN,NaN,NaN,NaN,NaN,NaN
360.40,36.01,28.92,36.00,20.00,AUTO,0,49,NaN,-0.60,50.85,-1.29,48.96,NaN,NaN,NaN,NaN,NaN,NaN,NaN,NaN,NaN,NaN
361.40,36.00,28.92,36.00,20.00,AUTO,0,50,NaN,-0.60,50.80,-0.09,50.11,NaN,NaN,NaN,NaN,NaN,NaN,NaN,NaN,NaN,NaN
362.40,36.00,28.90,36.00,20.00,AUTO,0,50,NaN,-0.60,50.80,-0.09,50.11,NaN,NaN,NaN,NaN,NaN,NaN,NaN,NaN,NaN,NaN
363.40,36.00,28.92,36.00,20.00,AUTO,0,50,NaN,-0.60,50.80,-0.09,50.11,NaN,NaN,NaN,NaN,NaN,NaN,NaN,NaN,NaN,NaN
364.40,36.00,28.92,36.00,20.00,AUTO,0,50,NaN,-0.60,50.80,-0.09,50.11,NaN,NaN,NaN,NaN,NaN,NaN,NaN,NaN,NaN,NaN
365.41,36.00,28.90,36.00,20.00,AUTO,0,50,NaN,-0.60,50.80,-0.09,50.11,NaN,NaN,NaN,NaN,NaN,NaN,NaN,NaN,NaN,NaN
366.41,36.00,28.90,36.00,20.00,AUTO,0,50,NaN,-0.60,50.80,-0.09,50.11,NaN,NaN,NaN,NaN,NaN,NaN,NaN,NaN,NaN,NaN
367.41,36.00,28.92,36.00,20.00,AUTO,0,50,NaN,-0.60,50.80,-0.09,50.11,NaN,NaN,NaN,NaN,NaN,NaN,NaN,NaN,NaN,NaN
368.41,36.00,28.92,36.00,20.00,AUTO,0,50,NaN,-0.60,50.80,-0.09,50.11,NaN,NaN,NaN,NaN,NaN,NaN,NaN,NaN,NaN,NaN
369.41,36.01,28.92,36.00,20.00,AUTO,0,50,NaN,-0.60,50.80,-0.09,50.11,NaN,NaN,NaN,NaN,NaN,NaN,NaN,NaN,NaN,NaN
370.41,36.01,28.92,36.00,20.00,AUTO,0,50,NaN,-0.60,50.80,-0.09,50.11,NaN,NaN,NaN,NaN,NaN,NaN,NaN,NaN,NaN,NaN
371.42,36.01,28.92,36.00,20.00,AUTO,0,50,NaN,-0.60,50.80,-0.09,50.11,NaN,NaN,NaN,NaN,NaN,NaN,NaN,NaN,NaN,NaN
372.42,36.01,28.92,36.00,20.00,AUTO,0,50,NaN,-0.60,50.80,-0.09,50.11,NaN,NaN,NaN,NaN,NaN,NaN,NaN,NaN,NaN,NaN
373.42,36.01,28.92,36.00,20.00,AUTO,0,50,NaN,-0.60,50.80,-0.09,50.11,NaN,NaN,NaN,NaN,NaN,NaN,NaN,NaN,NaN,NaN
374.42,36.01,28.92,36.00,20.00,AUTO,0,50,NaN,-0.60,50.80,-0.09,50.11,NaN,NaN,NaN,NaN,NaN,NaN,NaN,NaN,NaN,NaN
375.42,36.01,28.92,36.00,20.00,AUTO,0,50,NaN,-0.60,50.80,-0.09,50.11,NaN,NaN,NaN,NaN,NaN,NaN,NaN,NaN,NaN,NaN
376.43,36.01,28.92,36.00,20.00,AUTO,0,50,NaN,-0.60,50.77,-0.18,49.99,NaN,NaN,NaN,NaN,NaN,NaN,NaN,NaN,NaN,NaN
377.42,36.01,28.92,36.00,20.00,AUTO,0,50,NaN,-0.60,50.77,-0.18,49.99,NaN,NaN,NaN,NaN,NaN,NaN,NaN,NaN,NaN,NaN
378.43,36.01,28.92,36.00,20.00,AUTO,0,50,NaN,-0.60,50.77,-0.18,49.99,NaN,NaN,NaN,NaN,NaN,NaN,NaN,NaN,NaN,NaN
379.43,36.01,28.92,36.00,20.00,AUTO,0,50,NaN,-0.60,50.77,-0.18,49.99,NaN,NaN,NaN,NaN,NaN,NaN,NaN,NaN,NaN,NaN
380.43,36.01,28.92,36.00,20.00,AUTO,0,50,NaN,-0.60,50.77,-0.18,49.99,NaN,NaN,NaN,NaN,NaN,NaN,NaN,NaN,NaN,NaN
381.43,36.01,28.96,36.00,20.00,AUTO,0,50,NaN,-0.60,50.77,-0.18,49.99,NaN,NaN,NaN,NaN,NaN,NaN,NaN,NaN,NaN,NaN
382.43,36.01,28.96,36.00,20.00,AUTO,0,50,NaN,-0.60,50.77,-0.18,49.99,NaN,NaN,NaN,NaN,NaN,NaN,NaN,NaN,NaN,NaN
383.43,36.01,28.96,36.00,20.00,AUTO,0,50,NaN,-0.60,50.77,-0.18,49.99,NaN,NaN,NaN,NaN,NaN,NaN,NaN,NaN,NaN,NaN
384.44,36.01,28.96,36.00,20.00,AUTO,0,50,NaN,-0.60,50.77,-0.18,49.99,NaN,NaN,NaN,NaN,NaN,NaN,NaN,NaN,NaN,NaN
385.44,36.01,28.96,36.00,20.00,AUTO,0,50,NaN,-0.60,50.77,-0.18,49.99,NaN,NaN,NaN,NaN,NaN,NaN,NaN,NaN,NaN,NaN
386.44,36.01,28.96,36.00,20.00,AUTO,0,50,NaN,-0.60,50.77,-0.18,49.99,NaN,NaN,NaN,NaN,NaN,NaN,NaN,NaN,NaN,NaN
387.44,36.01,28.96,36.00,20.00,AUTO,0,50,NaN,-0.60,50.77,-0.18,49.99,NaN,NaN,NaN,NaN,NaN,NaN,NaN,NaN,NaN,NaN
388.44,36.01,28.96,36.00,20.00,AUTO,0,50,NaN,-0.60,50.77,-0.18,49.99,NaN,NaN,NaN,NaN,NaN,NaN,NaN,NaN,NaN,NaN
389.45,36.01,28.96,36.00,20.00,AUTO,0,50,NaN,-0.60,50.77,-0.18,49.99,NaN,NaN,NaN,NaN,NaN,NaN,NaN,NaN,NaN,NaN
390.44,36.01,28.96,36.00,20.00,AUTO,0,50,NaN,-0.60,50.77,-0.18,49.99,NaN,NaN,NaN,NaN,NaN,NaN,NaN,NaN,NaN,NaN
391.45,36.01,29.00,36.00,20.00,AUTO,0,50,NaN,-0.60,50.71,0.00,50.11,NaN,NaN,NaN,NaN,NaN,NaN,NaN,NaN,NaN,NaN
392.45,36.01,28.96,36.00,20.00,AUTO,0,50,NaN,-0.60,50.71,0.00,50.11,NaN,NaN,NaN,NaN,NaN,NaN,NaN,NaN,NaN,NaN
393.45,36.01,28.96,36.00,20.00,AUTO,0,50,NaN,-0.60,50.71,0.00,50.11,NaN,NaN,NaN,NaN,NaN,NaN,NaN,NaN,NaN,NaN
394.45,36.01,28.96,36.00,20.00,AUTO,0,50,NaN,-0.60,50.71,0.00,50.11,NaN,NaN,NaN,NaN,NaN,NaN,NaN,NaN,NaN,NaN
395.45,36.01,28.96,36.00,20.00,AUTO,0,50,NaN,-0.60,50.71,0.00,50.11,NaN,NaN,NaN,NaN,NaN,NaN,NaN,NaN,NaN,NaN
396.45,36.01,28.96,36.00,20.00,AUTO,0,50,NaN,-0.60,50.71,0.00,50.11,NaN,NaN,NaN,NaN,NaN,NaN,NaN,NaN,NaN,NaN
397.46,36.01,29.00,36.00,20.00,AUTO,0,50,NaN,-0.60,50.71,0.00,50.11,NaN,NaN,NaN,NaN,NaN,NaN,NaN,NaN,NaN,NaN
398.46,36.01,29.00,36.00,20.00,AUTO,0,50,NaN,-0.60,50.71,0.00,50.11,NaN,NaN,NaN,NaN,NaN,NaN,NaN,NaN,NaN,NaN
399.46,36.01,29.00,36.00,20.00,AUTO,0,50,NaN,-0.60,50.71,0.00,50.11,NaN,NaN,NaN,NaN,NaN,NaN,NaN,NaN,NaN,NaN
400.46,36.01,29.00,36.00,20.00,AUTO,0,50,NaN,-0.60,50.71,0.00,50.11,NaN,NaN,NaN,NaN,NaN,NaN,NaN,NaN,NaN,NaN
401.46,36.01,29.00,36.00,20.00,AUTO,0,50,NaN,-0.60,50.71,0.00,50.11,NaN,NaN,NaN,NaN,NaN,NaN,NaN,NaN,NaN,NaN
402.46,36.01,29.00,36.00,20.00,AUTO,0,50,NaN,-0.60,50.71,0.00,50.11,NaN,NaN,NaN,NaN,NaN,NaN,NaN,NaN,NaN,NaN
403.47,36.01,29.00,36.00,20.00,AUTO,0,50,NaN,-0.60,50.71,0.00,50.11,NaN,NaN,NaN,NaN,NaN,NaN,NaN,NaN,NaN,NaN
404.47,36.01,29.00,36.00,20.00,AUTO,0,50,NaN,-0.60,50.71,0.00,50.11,NaN,NaN,NaN,NaN,NaN,NaN,NaN,NaN,NaN,NaN
405.47,36.01,29.00,36.00,20.00,AUTO,0,50,NaN,-0.60,50.71,0.00,50.11,NaN,NaN,NaN,NaN,NaN,NaN,NaN,NaN,NaN,NaN
406.47,36.01,29.00,36.00,20.00,AUTO,0,50,NaN,-0.60,50.65,0.00,50.05,NaN,NaN,NaN,NaN,NaN,NaN,NaN,NaN,NaN,NaN
407.47,36.01,29.00,36.00,20.00,AUTO,0,50,NaN,-0.60,50.65,0.00,50.05,NaN,NaN,NaN,NaN,NaN,NaN,NaN,NaN,NaN,NaN
408.47,36.01,29.00,36.00,20.00,AUTO,0,50,NaN,-0.60,50.65,0.00,50.05,NaN,NaN,NaN,NaN,NaN,NaN,NaN,NaN,NaN,NaN
409.47,36.01,29.00,36.00,20.00,AUTO,0,50,NaN,-0.60,50.65,0.00,50.05,NaN,NaN,NaN,NaN,NaN,NaN,NaN,NaN,NaN,NaN
410.48,36.01,29.00,36.00,20.00,AUTO,0,50,NaN,-0.60,50.65,0.00,50.05,NaN,NaN,NaN,NaN,NaN,NaN,NaN,NaN,NaN,NaN
411.48,36.01,29.00,36.00,20.00,AUTO,0,50,NaN,-0.60,50.65,0.00,50.05,NaN,NaN,NaN,NaN,NaN,NaN,NaN,NaN,NaN,NaN
412.48,36.00,29.00,36.00,20.00,AUTO,0,50,NaN,-0.60,50.65,0.00,50.05,NaN,NaN,NaN,NaN,NaN,NaN,NaN,NaN,NaN,NaN
413.48,36.00,29.00,36.00,20.00,AUTO,0,50,NaN,-0.60,50.65,0.00,50.05,NaN,NaN,NaN,NaN,NaN,NaN,NaN,NaN,NaN,NaN
414.48,36.01,29.00,36.00,20.00,AUTO,0,50,NaN,-0.60,50.65,0.00,50.05,NaN,NaN,NaN,NaN,NaN,NaN,NaN,NaN,NaN,NaN
415.49,36.01,29.04,36.00,20.00,AUTO,0,50,NaN,-0.60,50.65,0.00,50.05,NaN,NaN,NaN,NaN,NaN,NaN,NaN,NaN,NaN,NaN
416.49,36.01,29.04,36.00,20.00,AUTO,0,50,NaN,-0.60,50.65,0.00,50.05,NaN,NaN,NaN,NaN,NaN,NaN,NaN,NaN,NaN,NaN
417.49,36.01,29.04,36.00,20.00,AUTO,0,50,NaN,-0.60,50.65,0.00,50.05,NaN,NaN,NaN,NaN,NaN,NaN,NaN,NaN,NaN,NaN
418.49,36.01,29.04,36.00,20.00,AUTO,0,50,NaN,-0.60,50.65,0.00,50.05,NaN,NaN,NaN,NaN,NaN,NaN,NaN,NaN,NaN,NaN
419.49,36.01,29.04,36.00,20.00,AUTO,0,50,NaN,-0.60,50.65,0.00,50.05,NaN,NaN,NaN,NaN,NaN,NaN,NaN,NaN,NaN,NaN
420.49,36.01,29.04,36.00,20.00,AUTO,0,50,NaN,-0.60,50.65,0.00,50.05,NaN,NaN,NaN,NaN,NaN,NaN,NaN,NaN,NaN,NaN
421.50,36.00,29.04,36.00,20.00,AUTO,0,50,NaN,-0.60,50.60,0.09,50.09,NaN,NaN,NaN,NaN,NaN,NaN,NaN,NaN,NaN,NaN
422.50,36.01,29.04,36.00,20.00,AUTO,0,50,NaN,-0.60,50.60,0.09,50.09,NaN,NaN,NaN,NaN,NaN,NaN,NaN,NaN,NaN,NaN
423.50,36.00,29.04,36.00,20.00,AUTO,0,50,NaN,-0.60,50.60,0.09,50.09,NaN,NaN,NaN,NaN,NaN,NaN,NaN,NaN,NaN,NaN
424.50,36.00,29.03,36.00,20.00,AUTO,0,50,NaN,-0.60,50.60,0.09,50.09,NaN,NaN,NaN,NaN,NaN,NaN,NaN,NaN,NaN,NaN
425.50,36.00,29.04,36.00,20.00,AUTO,0,50,NaN,-0.60,50.60,0.09,50.09,NaN,NaN,NaN,NaN,NaN,NaN,NaN,NaN,NaN,NaN
426.50,36.00,29.03,36.00,20.00,AUTO,0,50,NaN,-0.60,50.60,0.09,50.09,NaN,NaN,NaN,NaN,NaN,NaN,NaN,NaN,NaN,NaN
427.50,36.00,29.08,36.00,20.00,AUTO,0,50,NaN,-0.60,50.60,0.09,50.09,NaN,NaN,NaN,NaN,NaN,NaN,NaN,NaN,NaN,NaN
428.50,35.99,29.03,36.00,20.00,AUTO,0,50,NaN,-0.60,50.60,0.09,50.09,NaN,NaN,NaN,NaN,NaN,NaN,NaN,NaN,NaN,NaN
429.51,36.01,29.08,36.00,20.00,AUTO,0,50,NaN,-0.60,50.60,0.09,50.09,NaN,NaN,NaN,NaN,NaN,NaN,NaN,NaN,NaN,NaN
430.51,36.01,29.08,36.00,20.00,AUTO,0,50,NaN,-0.60,50.60,0.09,50.09,NaN,NaN,NaN,NaN,NaN,NaN,NaN,NaN,NaN,NaN
431.51,36.01,29.08,36.00,20.00,AUTO,0,50,NaN,-0.60,50.60,0.09,50.09,NaN,NaN,NaN,NaN,NaN,NaN,NaN,NaN,NaN,NaN
432.51,36.00,29.08,36.00,20.00,AUTO,0,50,NaN,-0.60,50.60,0.09,50.09,NaN,NaN,NaN,NaN,NaN,NaN,NaN,NaN,NaN,NaN
433.51,36.00,29.08,36.00,20.00,AUTO,0,50,NaN,-0.60,50.60,0.09,50.09,NaN,NaN,NaN,NaN,NaN,NaN,NaN,NaN,NaN,NaN
434.51,36.00,29.08,36.00,20.00,AUTO,0,50,NaN,-0.60,50.60,0.09,50.09,NaN,NaN,NaN,NaN,NaN,NaN,NaN,NaN,NaN,NaN
435.52,36.01,29.06,36.00,20.00,AUTO,0,50,NaN,-0.60,50.60,0.09,50.09,NaN,NaN,NaN,NaN,NaN,NaN,NaN,NaN,NaN,NaN
436.52,35.99,29.06,36.00,20.00,AUTO,0,51,NaN,-0.30,50.58,0.46,50.74,NaN,NaN,NaN,NaN,NaN,NaN,NaN,NaN,NaN,NaN
437.52,35.99,29.06,36.00,20.00,AUTO,0,51,NaN,-0.30,50.58,0.46,50.74,NaN,NaN,NaN,NaN,NaN,NaN,NaN,NaN,NaN,NaN
438.52,35.99,29.06,36.00,20.00,AUTO,0,51,NaN,-0.30,50.58,0.46,50.74,NaN,NaN,NaN,NaN,NaN,NaN,NaN,NaN,NaN,NaN
439.52,35.98,29.06,36.00,20.00,AUTO,0,51,NaN,-0.30,50.58,0.46,50.74,NaN,NaN,NaN,NaN,NaN,NaN,NaN,NaN,NaN,NaN
440.53,35.98,29.06,36.00,20.00,AUTO,0,51,NaN,-0.30,50.58,0.46,50.74,NaN,NaN,NaN,NaN,NaN,NaN,NaN,NaN,NaN,NaN
441.52,35.98,29.06,36.00,20.00,AUTO,0,51,NaN,-0.30,50.58,0.46,50.74,NaN,NaN,NaN,NaN,NaN,NaN,NaN,NaN,NaN,NaN
442.53,35.98,29.10,36.00,20.00,AUTO,0,51,NaN,-0.30,50.58,0.46,50.74,NaN,NaN,NaN,NaN,NaN,NaN,NaN,NaN,NaN,NaN
443.53,35.98,29.10,36.00,20.00,AUTO,0,51,NaN,-0.30,50.58,0.46,50.74,NaN,NaN,NaN,NaN,NaN,NaN,NaN,NaN,NaN,NaN
444.53,35.99,29.10,36.00,20.00,AUTO,0,51,NaN,-0.30,50.58,0.46,50.74,NaN,NaN,NaN,NaN,NaN,NaN,NaN,NaN,NaN,NaN
445.53,36.00,29.13,36.00,20.00,AUTO,0,51,NaN,-0.30,50.58,0.46,50.74,NaN,NaN,NaN,NaN,NaN,NaN,NaN,NaN,NaN,NaN
446.53,36.00,29.10,36.00,20.00,AUTO,0,51,NaN,-0.30,50.58,0.46,50.74,NaN,NaN,NaN,NaN,NaN,NaN,NaN,NaN,NaN,NaN
447.54,36.00,29.10,36.00,20.00,AUTO,0,51,NaN,-0.30,50.58,0.46,50.74,NaN,NaN,NaN,NaN,NaN,NaN,NaN,NaN,NaN,NaN
448.54,36.00,29.10,36.00,20.00,AUTO,0,51,NaN,-0.30,50.58,0.46,50.74,NaN,NaN,NaN,NaN,NaN,NaN,NaN,NaN,NaN,NaN
449.54,36.00,29.10,36.00,20.00,AUTO,0,51,NaN,-0.30,50.58,0.46,50.74,NaN,NaN,NaN,NaN,NaN,NaN,NaN,NaN,NaN,NaN
450.54,36.00,29.10,36.00,20.00,AUTO,0,51,NaN,-0.30,50.58,0.46,50.74,NaN,NaN,NaN,NaN,NaN,NaN,NaN,NaN,NaN,NaN
451.54,35.98,29.10,36.00,20.00,AUTO,0,51,NaN,0.00,50.64,0.29,50.93,NaN,NaN,NaN,NaN,NaN,NaN,NaN,NaN,NaN,NaN
452.54,35.99,29.10,36.00,20.00,AUTO,0,51,NaN,0.00,50.64,0.29,50.93,NaN,NaN,NaN,NaN,NaN,NaN,NaN,NaN,NaN,NaN
453.54,36.00,29.10,36.00,20.00,AUTO,0,51,NaN,0.00,50.64,0.29,50.93,NaN,NaN,NaN,NaN,NaN,NaN,NaN,NaN,NaN,NaN
454.55,35.99,29.10,36.00,20.00,AUTO,0,51,NaN,0.00,50.64,0.29,50.93,NaN,NaN,NaN,NaN,NaN,NaN,NaN,NaN,NaN,NaN
455.55,35.99,29.10,36.00,20.00,AUTO,0,51,NaN,0.00,50.64,0.29,50.93,NaN,NaN,NaN,NaN,NaN,NaN,NaN,NaN,NaN,NaN
456.55,35.99,29.10,36.00,20.00,AUTO,0,51,NaN,0.00,50.64,0.29,50.93,NaN,NaN,NaN,NaN,NaN,NaN,NaN,NaN,NaN,NaN
457.55,35.98,29.10,36.00,20.00,AUTO,0,51,NaN,0.00,50.64,0.29,50.93,NaN,NaN,NaN,NaN,NaN,NaN,NaN,NaN,NaN,NaN
458.55,35.98,29.06,36.00,20.00,AUTO,0,51,NaN,0.00,50.64,0.29,50.93,NaN,NaN,NaN,NaN,NaN,NaN,NaN,NaN,NaN,NaN
459.55,35.99,29.06,36.00,20.00,AUTO,0,51,NaN,0.00,50.64,0.29,50.93,NaN,NaN,NaN,NaN,NaN,NaN,NaN,NaN,NaN,NaN
460.55,35.98,29.03,36.00,20.00,AUTO,0,51,NaN,0.00,50.64,0.29,50.93,NaN,NaN,NaN,NaN,NaN,NaN,NaN,NaN,NaN,NaN
461.56,35.98,29.03,36.00,20.00,AUTO,0,51,NaN,0.00,50.64,0.29,50.93,NaN,NaN,NaN,NaN,NaN,NaN,NaN,NaN,NaN,NaN
462.56,35.97,28.98,36.00,20.00,AUTO,0,51,NaN,0.00,50.64,0.29,50.93,NaN,NaN,NaN,NaN,NaN,NaN,NaN,NaN,NaN,NaN
463.56,35.96,28.94,36.00,20.00,AUTO,0,51,NaN,0.00,50.64,0.29,50.93,NaN,NaN,NaN,NaN,NaN,NaN,NaN,NaN,NaN,NaN
464.56,35.94,28.90,36.00,20.00,AUTO,0,51,NaN,0.00,50.64,0.29,50.93,NaN,NaN,NaN,NaN,NaN,NaN,NaN,NaN,NaN,NaN
465.56,35.92,28.86,36.00,20.00,AUTO,0,51,NaN,0.00,50.64,0.29,50.93,NaN,NaN,NaN,NaN,NaN,NaN,NaN,NaN,NaN,NaN
466.57,35.89,28.86,36.00,20.00,AUTO,0,59,NaN,4.20,50.78,4.38,59.36,NaN,NaN,NaN,NaN,NaN,NaN,NaN,NaN,NaN,NaN
467.57,35.88,28.86,36.00,20.00,AUTO,0,59,NaN,4.20,50.78,4.38,59.36,NaN,NaN,NaN,NaN,NaN,NaN,NaN,NaN,NaN,NaN
468.57,35.86,28.86,36.00,20.00,AUTO,0,59,NaN,4.20,50.78,4.38,59.36,NaN,NaN,NaN,NaN,NaN,NaN,NaN,NaN,NaN,NaN
469.57,35.85,28.86,36.00,20.00,AUTO,0,59,NaN,4.20,50.78,4.38,59.36,NaN,NaN,NaN,NaN,NaN,NaN,NaN,NaN,NaN,NaN
470.57,35.82,28.86,36.00,20.00,AUTO,0,59,NaN,4.20,50.78,4.38,59.36,NaN,NaN,NaN,NaN,NaN,NaN,NaN,NaN,NaN,NaN
471.57,35.80,28.84,36.00,20.00,AUTO,0,59,NaN,4.20,50.78,4.38,59.36,NaN,NaN,NaN,NaN,NaN,NaN,NaN,NaN,NaN,NaN
472.57,35.77,28.84,36.00,20.00,AUTO,0,59,NaN,4.20,50.78,4.38,59.36,NaN,NaN,NaN,NaN,NaN,NaN,NaN,NaN,NaN,NaN
473.57,35.72,28.81,36.00,20.00,AUTO,0,59,NaN,4.20,50.78,4.38,59.36,NaN,NaN,NaN,NaN,NaN,NaN,NaN,NaN,NaN,NaN
474.58,35.69,28.77,36.00,20.00,AUTO,0,59,NaN,4.20,50.78,4.38,59.36,NaN,NaN,NaN,NaN,NaN,NaN,NaN,NaN,NaN,NaN
475.58,35.67,28.77,36.00,20.00,AUTO,0,59,NaN,4.20,50.78,4.38,59.36,NaN,NaN,NaN,NaN,NaN,NaN,NaN,NaN,NaN,NaN
476.58,35.65,28.75,36.00,20.00,AUTO,0,59,NaN,4.20,50.78,4.38,59.36,NaN,NaN,NaN,NaN,NaN,NaN,NaN,NaN,NaN,NaN
477.58,35.62,28.79,36.00,20.00,AUTO,0,59,NaN,4.20,50.78,4.38,59.36,NaN,NaN,NaN,NaN,NaN,NaN,NaN,NaN,NaN,NaN
478.58,35.59,28.83,36.00,20.00,AUTO,0,59,NaN,4.20,50.78,4.38,59.36,NaN,NaN,NaN,NaN,NaN,NaN,NaN,NaN,NaN,NaN
479.59,35.59,28.83,36.00,20.00,AUTO,0,59,NaN,4.20,50.78,4.38,59.36,NaN,NaN,NaN,NaN,NaN,NaN,NaN,NaN,NaN,NaN
480.59,35.57,28.87,36.00,20.00,AUTO,0,59,NaN,4.20,50.78,4.38,59.36,NaN,NaN,NaN,NaN,NaN,NaN,NaN,NaN,NaN,NaN
481.59,35.54,28.87,36.00,20.00,AUTO,0,100,NaN,25.20,50.78,35.19,111.17,NaN,NaN,NaN,NaN,NaN,NaN,NaN,NaN,NaN,NaN
482.59,35.52,28.95,36.00,20.00,AUTO,0,100,NaN,25.20,50.78,35.19,111.17,NaN,NaN,NaN,NaN,NaN,NaN,NaN,NaN,NaN,NaN
483.59,35.51,28.95,36.00,20.00,AUTO,0,100,NaN,25.20,50.78,35.19,111.17,NaN,NaN,NaN,NaN,NaN,NaN,NaN,NaN,NaN,NaN
484.59,35.49,28.99,36.00,20.00,AUTO,0,100,NaN,25.20,50.78,35.19,111.17,NaN,NaN,NaN,NaN,NaN,NaN,NaN,NaN,NaN,NaN
485.60,35.48,29.03,36.00,20.00,AUTO,0,100,NaN,25.20,50.78,35.19,111.17,NaN,NaN,NaN,NaN,NaN,NaN,NaN,NaN,NaN,NaN
486.60,35.47,29.03,36.00,20.00,AUTO,0,100,NaN,25.20,50.78,35.19,111.17,NaN,NaN,NaN,NaN,NaN,NaN,NaN,NaN,NaN,NaN
487.60,35.44,29.06,36.00,20.00,AUTO,0,100,NaN,25.20,50.78,35.19,111.17,NaN,NaN,NaN,NaN,NaN,NaN,NaN,NaN,NaN,NaN
488.60,35.43,29.10,36.00,20.00,AUTO,0,100,NaN,25.20,50.78,35.19,111.17,NaN,NaN,NaN,NaN,NaN,NaN,NaN,NaN,NaN,NaN
489.60,35.43,29.10,36.00,20.00,AUTO,0,100,NaN,25.20,50.78,35.19,111.17,NaN,NaN,NaN,NaN,NaN,NaN,NaN,NaN,NaN,NaN
490.60,35.42,29.10,36.00,20.00,AUTO,0,100,NaN,25.20,50.78,35.19,111.17,NaN,NaN,NaN,NaN,NaN,NaN,NaN,NaN,NaN,NaN
491.60,35.42,29.13,36.00,20.00,AUTO,0,100,NaN,25.20,50.78,35.19,111.17,NaN,NaN,NaN,NaN,NaN,NaN,NaN,NaN,NaN,NaN
492.61,35.41,29.18,36.00,20.00,AUTO,0,100,NaN,25.20,50.78,35.19,111.17,NaN,NaN,NaN,NaN,NaN,NaN,NaN,NaN,NaN,NaN
493.61,35.40,29.18,36.00,20.00,AUTO,0,100,NaN,25.20,50.78,35.19,111.17,NaN,NaN,NaN,NaN,NaN,NaN,NaN,NaN,NaN,NaN
494.61,35.40,29.18,36.00,20.00,AUTO,0,100,NaN,25.20,50.78,35.19,111.17,NaN,NaN,NaN,NaN,NaN,NaN,NaN,NaN,NaN,NaN
495.61,35.39,29.22,36.00,20.00,AUTO,0,100,NaN,25.20,50.78,35.19,111.17,NaN,NaN,NaN,NaN,NaN,NaN,NaN,NaN,NaN,NaN
496.61,35.39,29.22,36.00,20.00,AUTO,0,100,NaN,36.30,50.78,20.06,107.14,NaN,NaN,NaN,NaN,NaN,NaN,NaN,NaN,NaN,NaN
497.61,35.39,29.22,36.00,20.00,AUTO,0,100,NaN,36.30,50.78,20.06,107.14,NaN,NaN,NaN,NaN,NaN,NaN,NaN,NaN,NaN,NaN
498.62,35.38,29.22,36.00,20.00,AUTO,0,100,NaN,36.30,50.78,20.06,107.14,NaN,NaN,NaN,NaN,NaN,NaN,NaN,NaN,NaN,NaN
499.62,35.38,29.26,36.00,20.00,AUTO,0,100,NaN,36.30,50.78,20.06,107.14,NaN,NaN,NaN,NaN,NaN,NaN,NaN,NaN,NaN,NaN
500.62,35.39,29.26,36.00,20.00,AUTO,0,100,NaN,36.30,50.78,20.06,107.14,NaN,NaN,NaN,NaN,NaN,NaN,NaN,NaN,NaN,NaN
501.62,35.39,29.26,36.00,20.00,AUTO,0,100,NaN,36.30,50.78,20.06,107.14,NaN,NaN,NaN,NaN,NaN,NaN,NaN,NaN,NaN,NaN
502.62,35.39,29.26,36.00,20.00,AUTO,0,100,NaN,36.30,50.78,20.06,107.14,NaN,NaN,NaN,NaN,NaN,NaN,NaN,NaN,NaN,NaN
503.62,35.39,29.26,36.00,20.00,AUTO,0,100,NaN,36.30,50.78,20.06,107.14,NaN,NaN,NaN,NaN,NaN,NaN,NaN,NaN,NaN,NaN
504.63,35.40,29.26,36.00,20.00,AUTO,0,100,NaN,36.30,50.78,20.06,107.14,NaN,NaN,NaN,NaN,NaN,NaN,NaN,NaN,NaN,NaN
505.62,35.40,29.26,36.00,20.00,AUTO,0,100,NaN,36.30,50.78,20.06,107.14,NaN,NaN,NaN,NaN,NaN,NaN,NaN,NaN,NaN,NaN
506.63,35.40,29.26,36.00,20.00,AUTO,0,100,NaN,36.30,50.78,20.06,107.14,NaN,NaN,NaN,NaN,NaN,NaN,NaN,NaN,NaN,NaN
507.63,35.41,29.26,36.00,20.00,AUTO,0,100,NaN,36.30,50.78,20.06,107.14,NaN,NaN,NaN,NaN,NaN,NaN,NaN,NaN,NaN,NaN
508.63,35.42,29.26,36.00,20.00,AUTO,0,100,NaN,36.30,50.78,20.06,107.14,NaN,NaN,NaN,NaN,NaN,NaN,NaN,NaN,NaN,NaN
509.63,35.42,29.26,36.00,20.00,AUTO,0,100,NaN,36.30,50.78,20.06,107.14,NaN,NaN,NaN,NaN,NaN,NaN,NaN,NaN,NaN,NaN
510.63,35.44,29.22,36.00,20.00,AUTO,0,100,NaN,36.30,50.78,20.06,107.14,NaN,NaN,NaN,NaN,NaN,NaN,NaN,NaN,NaN,NaN
511.64,35.47,29.23,36.00,20.00,AUTO,0,87,NaN,34.20,54.38,-1.50,87.09,NaN,NaN,NaN,NaN,NaN,NaN,NaN,NaN,NaN,NaN
512.64,35.48,29.19,36.00,20.00,AUTO,0,87,NaN,34.20,54.38,-1.50,87.09,NaN,NaN,NaN,NaN,NaN,NaN,NaN,NaN,NaN,NaN
513.64,35.47,29.19,36.00,20.00,AUTO,0,87,NaN,34.20,54.38,-1.50,87.09,NaN,NaN,NaN,NaN,NaN,NaN,NaN,NaN,NaN,NaN
514.64,35.48,29.19,36.00,20.00,AUTO,0,87,NaN,34.20,54.38,-1.50,87.09,NaN,NaN,NaN,NaN,NaN,NaN,NaN,NaN,NaN,NaN
515.64,35.49,29.19,36.00,20.00,AUTO,0,87,NaN,34.20,54.38,-1.50,87.09,NaN,NaN,NaN,NaN,NaN,NaN,NaN,NaN,NaN,NaN
516.64,35.50,29.19,36.00,20.00,AUTO,0,87,NaN,34.20,54.38,-1.50,87.09,NaN,NaN,NaN,NaN,NaN,NaN,NaN,NaN,NaN,NaN
517.65,35.51,29.19,36.00,20.00,AUTO,0,87,NaN,34.20,54.38,-1.50,87.09,NaN,NaN,NaN,NaN,NaN,NaN,NaN,NaN,NaN,NaN
518.65,35.52,29.16,36.00,20.00,AUTO,0,87,NaN,34.20,54.38,-1.50,87.09,NaN,NaN,NaN,NaN,NaN,NaN,NaN,NaN,NaN,NaN
519.65,35.54,29.16,36.00,20.00,AUTO,0,87,NaN,34.20,54.38,-1.50,87.09,NaN,NaN,NaN,NaN,NaN,NaN,NaN,NaN,NaN,NaN
520.65,35.55,29.11,36.00,20.00,AUTO,0,87,NaN,34.20,54.38,-1.50,87.09,NaN,NaN,NaN,NaN,NaN,NaN,NaN,NaN,NaN,NaN
521.65,35.56,29.11,36.00,20.00,AUTO,0,87,NaN,34.20,54.38,-1.50,87.09,NaN,NaN,NaN,NaN,NaN,NaN,NaN,NaN,NaN,NaN
522.65,35.58,29.11,36.00,20.00,AUTO,0,87,NaN,34.20,54.38,-1.50,87.09,NaN,NaN,NaN,NaN,NaN,NaN,NaN,NaN,NaN,NaN
523.65,35.59,29.11,36.00,20.00,AUTO,0,87,NaN,34.20,54.38,-1.50,87.09,NaN,NaN,NaN,NaN,NaN,NaN,NaN,NaN,NaN,NaN
524.66,35.59,29.07,36.00,20.00,AUTO,0,87,NaN,34.20,54.38,-1.50,87.09,NaN,NaN,NaN,NaN,NaN,NaN,NaN,NaN,NaN,NaN
525.66,35.63,29.07,36.00,20.00,AUTO,0,87,NaN,34.20,54.38,-1.50,87.09,NaN,NaN,NaN,NaN,NaN,NaN,NaN,NaN,NaN,NaN
526.66,35.63,29.03,36.00,20.00,AUTO,0,64,NaN,23.40,57.20,-16.77,63.83,NaN,NaN,NaN,NaN,NaN,NaN,NaN,NaN,NaN,NaN
527.66,35.64,29.03,36.00,20.00,AUTO,0,64,NaN,23.40,57.20,-16.77,63.83,NaN,NaN,NaN,NaN,NaN,NaN,NaN,NaN,NaN,NaN
528.66,35.65,29.03,36.00,20.00,AUTO,0,64,NaN,23.40,57.20,-16.77,63.83,NaN,NaN,NaN,NaN,NaN,NaN,NaN,NaN,NaN,NaN
529.66,35.66,29.00,36.00,20.00,AUTO,0,64,NaN,23.40,57.20,-16.77,63.83,NaN,NaN,NaN,NaN,NaN,NaN,NaN,NaN,NaN,NaN
530.67,35.67,29.00,36.00,20.00,AUTO,0,64,NaN,23.40,57.20,-16.77,63.83,NaN,NaN,NaN,NaN,NaN,NaN,NaN,NaN,NaN,NaN
531.67,35.68,28.97,36.00,20.00,AUTO,0,64,NaN,23.40,57.20,-16.77,63.83,NaN,NaN,NaN,NaN,NaN,NaN,NaN,NaN,NaN,NaN
532.67,35.70,28.97,36.00,20.00,AUTO,0,64,NaN,23.40,57.20,-16.77,63.83,NaN,NaN,NaN,NaN,NaN,NaN,NaN,NaN,NaN,NaN
533.67,35.71,28.97,36.00,20.00,AUTO,0,64,NaN,23.40,57.20,-16.77,63.83,NaN,NaN,NaN,NaN,NaN,NaN,NaN,NaN,NaN,NaN
534.67,35.72,28.97,36.00,20.00,AUTO,0,64,NaN,23.40,57.20,-16.77,63.83,NaN,NaN,NaN,NaN,NaN,NaN,NaN,NaN,NaN,NaN
535.67,35.74,28.93,36.00,20.00,AUTO,0,64,NaN,23.40,57.20,-16.77,63.83,NaN,NaN,NaN,NaN,NaN,NaN,NaN,NaN,NaN,NaN
536.67,35.77,28.93,36.00,20.00,AUTO,0,64,NaN,23.40,57.20,-16.77,63.83,NaN,NaN,NaN,NaN,NaN,NaN,NaN,NaN,NaN,NaN
537.68,35.78,28.88,36.00,20.00,AUTO,0,64,NaN,23.40,57.20,-16.77,63.83,NaN,NaN,NaN,NaN,NaN,NaN,NaN,NaN,NaN,NaN
538.68,35.78,28.88,36.00,20.00,AUTO,0,64,NaN,23.40,57.20,-16.77,63.83,NaN,NaN,NaN,NaN,NaN,NaN,NaN,NaN,NaN,NaN
539.68,35.80,28.88,36.00,20.00,AUTO,0,64,NaN,23.40,57.20,-16.77,63.83,NaN,NaN,NaN,NaN,NaN,NaN,NaN,NaN,NaN,NaN
540.68,35.81,28.84,36.00,20.00,AUTO,0,64,NaN,23.40,57.20,-16.77,63.83,NaN,NaN,NaN,NaN,NaN,NaN,NaN,NaN,NaN,NaN
541.68,35.80,28.86,36.00,20.00,AUTO,0,51,NaN,11.70,58.90,-19.54,51.06,NaN,NaN,NaN,NaN,NaN,NaN,NaN,NaN,NaN,NaN
542.68,35.81,28.84,36.00,20.00,AUTO,0,51,NaN,11.70,58.90,-19.54,51.06,NaN,NaN,NaN,NaN,NaN,NaN,NaN,NaN,NaN,NaN
543.69,35.81,28.86,36.00,20.00,AUTO,0,51,NaN,11.70,58.90,-19.54,51.06,NaN,NaN,NaN,NaN,NaN,NaN,NaN,NaN,NaN,NaN
544.69,35.82,28.86,36.00,20.00,AUTO,0,51,NaN,11.70,58.90,-19.54,51.06,NaN,NaN,NaN,NaN,NaN,NaN,NaN,NaN,NaN,NaN
545.69,35.83,28.86,36.00,20.00,AUTO,0,51,NaN,11.70,58.90,-19.54,51.06,NaN,NaN,NaN,NaN,NaN,NaN,NaN,NaN,NaN,NaN
546.69,35.84,28.86,36.00,20.00,AUTO,0,51,NaN,11.70,58.90,-19.54,51.06,NaN,NaN,NaN,NaN,NaN,NaN,NaN,NaN,NaN,NaN
547.69,35.85,28.86,36.00,20.00,AUTO,0,51,NaN,11.70,58.90,-19.54,51.06,NaN,NaN,NaN,NaN,NaN,NaN,NaN,NaN,NaN,NaN
548.70,35.86,28.86,36.00,20.00,AUTO,0,51,NaN,11.70,58.90,-19.54,51.06,NaN,NaN,NaN,NaN,NaN,NaN,NaN,NaN,NaN,NaN
549.70,35.88,28.82,36.00,20.00,AUTO,0,51,NaN,11.70,58.90,-19.54,51.06,NaN,NaN,NaN,NaN,NaN,NaN,NaN,NaN,NaN,NaN
550.70,35.89,28.82,36.00,20.00,AUTO,0,51,NaN,11.70,58.90,-19.54,51.06,NaN,NaN,NaN,NaN,NaN,NaN,NaN,NaN,NaN,NaN
551.70,35.89,28.82,36.00,20.00,AUTO,0,51,NaN,11.70,58.90,-19.54,51.06,NaN,NaN,NaN,NaN,NaN,NaN,NaN,NaN,NaN,NaN
552.70,35.90,28.78,36.00,20.00,AUTO,0,51,NaN,11.70,58.90,-19.54,51.06,NaN,NaN,NaN,NaN,NaN,NaN,NaN,NaN,NaN,NaN
553.70,35.90,28.78,36.00,20.00,AUTO,0,51,NaN,11.70,58.90,-19.54,51.06,NaN,NaN,NaN,NaN,NaN,NaN,NaN,NaN,NaN,NaN
554.71,35.92,28.78,36.00,20.00,AUTO,0,51,NaN,11.70,58.90,-19.54,51.06,NaN,NaN,NaN,NaN,NaN,NaN,NaN,NaN,NaN,NaN
555.70,35.92,28.78,36.00,20.00,AUTO,0,51,NaN,11.70,58.90,-19.54,51.06,NaN,NaN,NaN,NaN,NaN,NaN,NaN,NaN,NaN,NaN
556.71,35.92,28.78,36.00,20.00,AUTO,0,52,NaN,4.80,59.74,-12.25,52.29,NaN,NaN,NaN,NaN,NaN,NaN,NaN,NaN,NaN,NaN
557.71,35.92,28.78,36.00,20.00,AUTO,0,52,NaN,4.80,59.74,-12.25,52.29,NaN,NaN,NaN,NaN,NaN,NaN,NaN,NaN,NaN,NaN
558.71,35.93,28.78,36.00,20.00,AUTO,0,52,NaN,4.80,59.74,-12.25,52.29,NaN,NaN,NaN,NaN,NaN,NaN,NaN,NaN,NaN,NaN
559.71,35.94,28.74,36.00,20.00,AUTO,0,52,NaN,4.80,59.74,-12.25,52.29,NaN,NaN,NaN,NaN,NaN,NaN,NaN,NaN,NaN,NaN
560.71,35.94,28.74,36.00,20.00,AUTO,0,52,NaN,4.80,59.74,-12.25,52.29,NaN,NaN,NaN,NaN,NaN,NaN,NaN,NaN,NaN,NaN
561.71,35.94,28.74,36.00,20.00,AUTO,0,52,NaN,4.80,59.74,-12.25,52.29,NaN,NaN,NaN,NaN,NaN,NaN,NaN,NaN,NaN,NaN
562.72,35.94,28.74,36.00,20.00,AUTO,0,52,NaN,4.80,59.74,-12.25,52.29,NaN,NaN,NaN,NaN,NaN,NaN,NaN,NaN,NaN,NaN
563.72,35.95,28.74,36.00,20.00,AUTO,0,52,NaN,4.80,59.74,-12.25,52.29,NaN,NaN,NaN,NaN,NaN,NaN,NaN,NaN,NaN,NaN
564.72,35.97,28.74,36.00,20.00,AUTO,0,52,NaN,4.80,59.74,-12.25,52.29,NaN,NaN,NaN,NaN,NaN,NaN,NaN,NaN,NaN,NaN
565.72,35.98,28.70,36.00,20.00,AUTO,0,52,NaN,4.80,59.74,-12.25,52.29,NaN,NaN,NaN,NaN,NaN,NaN,NaN,NaN,NaN,NaN
566.72,35.99,28.70,36.00,20.00,AUTO,0,52,NaN,4.80,59.74,-12.25,52.29,NaN,NaN,NaN,NaN,NaN,NaN,NaN,NaN,NaN,NaN
567.73,36.00,28.70,36.00,20.00,AUTO,0,52,NaN,4.80,59.74,-12.25,52.29,NaN,NaN,NaN,NaN,NaN,NaN,NaN,NaN,NaN,NaN
568.72,36.00,28.70,36.00,20.00,AUTO,0,52,NaN,4.80,59.74,-12.25,52.29,NaN,NaN,NaN,NaN,NaN,NaN,NaN,NaN,NaN,NaN
569.73,36.01,28.71,36.00,20.00,AUTO,0,52,NaN,4.80,59.74,-12.25,52.29,NaN,NaN,NaN,NaN,NaN,NaN,NaN,NaN,NaN,NaN
570.73,36.01,28.68,36.00,20.00,AUTO,0,52,NaN,4.80,59.74,-12.25,52.29,NaN,NaN,NaN,NaN,NaN,NaN,NaN,NaN,NaN,NaN
571.73,36.01,28.68,36.00,20.00,AUTO,0,50,NaN,-0.60,59.96,-9.53,49.83,NaN,NaN,NaN,NaN,NaN,NaN,NaN,NaN,NaN,NaN
572.73,36.01,28.68,36.00,20.00,AUTO,0,50,NaN,-0.60,59.96,-9.53,49.83,NaN,NaN,NaN,NaN,NaN,NaN,NaN,NaN,NaN,NaN
573.73,36.01,28.68,36.00,20.00,AUTO,0,50,NaN,-0.60,59.96,-9.53,49.83,NaN,NaN,NaN,NaN,NaN,NaN,NaN,NaN,NaN,NaN
574.73,36.01,28.68,36.00,20.00,AUTO,0,50,NaN,-0.60,59.96,-9.53,49.83,NaN,NaN,NaN,NaN,NaN,NaN,NaN,NaN,NaN,NaN
575.74,36.01,28.68,36.00,20.00,AUTO,0,50,NaN,-0.60,59.96,-9.53,49.83,NaN,NaN,NaN,NaN,NaN,NaN,NaN,NaN,NaN,NaN
576.74,36.01,28.64,36.00,20.00,AUTO,0,50,NaN,-0.60,59.96,-9.53,49.83,NaN,NaN,NaN,NaN,NaN,NaN,NaN,NaN,NaN,NaN
577.74,36.01,28.68,36.00,20.00,AUTO,0,50,NaN,-0.60,59.96,-9.53,49.83,NaN,NaN,NaN,NaN,NaN,NaN,NaN,NaN,NaN,NaN
578.74,36.02,28.64,36.00,20.00,AUTO,0,50,NaN,-0.60,59.96,-9.53,49.83,NaN,NaN,NaN,NaN,NaN,NaN,NaN,NaN,NaN,NaN
579.74,36.03,28.68,36.00,20.00,AUTO,0,50,NaN,-0.60,59.96,-9.53,49.83,NaN,NaN,NaN,NaN,NaN,NaN,NaN,NaN,NaN,NaN
580.75,36.04,28.64,36.00,20.00,AUTO,0,50,NaN,-0.60,59.96,-9.53,49.83,NaN,NaN,NaN,NaN,NaN,NaN,NaN,NaN,NaN,NaN
581.75,36.04,28.64,36.00,20.00,AUTO,0,50,NaN,-0.60,59.96,-9.53,49.83,NaN,NaN,NaN,NaN,NaN,NaN,NaN,NaN,NaN,NaN
582.75,36.04,28.64,36.00,20.00,AUTO,0,50,NaN,-0.60,59.96,-9.53,49.83,NaN,NaN,NaN,NaN,NaN,NaN,NaN,NaN,NaN,NaN
583.75,36.06,28.64,36.00,20.00,AUTO,0,50,NaN,-0.60,59.96,-9.53,49.83,NaN,NaN,NaN,NaN,NaN,NaN,NaN,NaN,NaN,NaN
584.75,36.07,28.64,36.00,20.00,AUTO,0,50,NaN,-0.60,59.96,-9.53,49.83,NaN,NaN,NaN,NaN,NaN,NaN,NaN,NaN,NaN,NaN
585.75,36.07,28.64,36.00,20.00,AUTO,0,50,NaN,-0.60,59.96,-9.53,49.83,NaN,NaN,NaN,NaN,NaN,NaN,NaN,NaN,NaN,NaN
586.75,36.06,28.64,36.00,20.00,AUTO,0,50,NaN,-4.20,59.78,-5.40,50.18,NaN,NaN,NaN,NaN,NaN,NaN,NaN,NaN,NaN,NaN
587.75,36.07,28.64,36.00,20.00,AUTO,0,50,NaN,-4.20,59.78,-5.40,50.18,NaN,NaN,NaN,NaN,NaN,NaN,NaN,NaN,NaN,NaN
588.76,36.07,28.64,36.00,20.00,AUTO,0,50,NaN,-4.20,59.78,-5.40,50.18,NaN,NaN,NaN,NaN,NaN,NaN,NaN,NaN,NaN,NaN
589.76,36.08,28.64,36.00,20.00,AUTO,0,50,NaN,-4.20,59.78,-5.40,50.18,NaN,NaN,NaN,NaN,NaN,NaN,NaN,NaN,NaN,NaN
590.76,36.08,28.64,36.00,20.00,AUTO,0,50,NaN,-4.20,59.78,-5.40,50.18,NaN,NaN,NaN,NaN,NaN,NaN,NaN,NaN,NaN,NaN
591.76,36.08,28.64,36.00,20.00,AUTO,0,50,NaN,-4.20,59.78,-5.40,50.18,NaN,NaN,NaN,NaN,NaN,NaN,NaN,NaN,NaN,NaN
592.76,36.08,28.64,36.00,20.00,AUTO,0,50,NaN,-4.20,59.78,-5.40,50.18,NaN,NaN,NaN,NaN,NaN,NaN,NaN,NaN,NaN,NaN
593.76,36.08,28.64,36.00,20.00,AUTO,0,50,NaN,-4.20,59.78,-5.40,50.18,NaN,NaN,NaN,NaN,NaN,NaN,NaN,NaN,NaN,NaN
594.77,36.10,28.64,36.00,20.00,AUTO,0,50,NaN,-4.20,59.78,-5.40,50.18,NaN,NaN,NaN,NaN,NaN,NaN,NaN,NaN,NaN,NaN
595.77,36.11,28.64,36.00,20.00,AUTO,0,50,NaN,-4.20,59.78,-5.40,50.18,NaN,NaN,NaN,NaN,NaN,NaN,NaN,NaN,NaN,NaN
596.77,36.11,28.64,36.00,20.00,AUTO,0,50,NaN,-4.20,59.78,-5.40,50.18,NaN,NaN,NaN,NaN,NaN,NaN,NaN,NaN,NaN,NaN
597.77,36.12,28.59,36.00,20.00,AUTO,0,50,NaN,-4.20,59.78,-5.40,50.18,NaN,NaN,NaN,NaN,NaN,NaN,NaN,NaN,NaN,NaN
598.77,36.12,28.59,36.00,20.00,AUTO,0,50,NaN,-4.20,59.78,-5.40,50.18,NaN,NaN,NaN,NaN,NaN,NaN,NaN,NaN,NaN,NaN
599.78,36.12,28.59,36.00,20.00,AUTO,0,50,NaN,-4.20,59.78,-5.40,50.18,NaN,NaN,NaN,NaN,NaN,NaN,NaN,NaN,NaN,NaN
600.77,36.12,28.59,36.00,20.00,AUTO,0,50,NaN,-4.20,59.78,-5.40,50.18,NaN,NaN,NaN,NaN,NaN,NaN,NaN,NaN,NaN,NaN
601.78,36.11,28.59,36.00,20.00,AUTO,0,46,NaN,-7.20,59.22,-6.29,45.73,NaN,NaN,NaN,NaN,NaN,NaN,NaN,NaN,NaN,NaN
602.78,36.12,28.59,36.00,20.00,AUTO,0,46,NaN,-7.20,59.22,-6.29,45.73,NaN,NaN,NaN,NaN,NaN,NaN,NaN,NaN,NaN,NaN
603.78,36.12,28.59,36.00,20.00,AUTO,0,46,NaN,-7.20,59.22,-6.29,45.73,NaN,NaN,NaN,NaN,NaN,NaN,NaN,NaN,NaN,NaN
604.78,36.13,28.59,36.00,20.00,AUTO,0,46,NaN,-7.20,59.22,-6.29,45.73,NaN,NaN,NaN,NaN,NaN,NaN,NaN,NaN,NaN,NaN
605.78,36.13,28.59,36.00,20.00,AUTO,0,46,NaN,-7.20,59.22,-6.29,45.73,NaN,NaN,NaN,NaN,NaN,NaN,NaN,NaN,NaN,NaN
606.78,36.13,28.59,36.00,20.00,AUTO,0,46,NaN,-7.20,59.22,-6.29,45.73,NaN,NaN,NaN,NaN,NaN,NaN,NaN,NaN,NaN,NaN
607.79,36.14,28.61,36.00,20.00,AUTO,0,46,NaN,-7.20,59.22,-6.29,45.73,NaN,NaN,NaN,NaN,NaN,NaN,NaN,NaN,NaN,NaN
608.79,36.14,28.61,36.00,20.00,AUTO,0,46,NaN,-7.20,59.22,-6.29,45.73,NaN,NaN,NaN,NaN,NaN,NaN,NaN,NaN,NaN,NaN
609.79,36.15,28.57,36.00,20.00,AUTO,0,46,NaN,-7.20,59.22,-6.29,45.73,NaN,NaN,NaN,NaN,NaN,NaN,NaN,NaN,NaN,NaN
610.79,36.15,28.61,36.00,20.00,AUTO,0,46,NaN,-7.20,59.22,-6.29,45.73,NaN,NaN,NaN,NaN,NaN,NaN,NaN,NaN,NaN,NaN
611.79,36.15,28.61,36.00,20.00,AUTO,0,46,NaN,-7.20,59.22,-6.29,45.73,NaN,NaN,NaN,NaN,NaN,NaN,NaN,NaN,NaN,NaN
612.80,36.15,28.61,36.00,20.00,AUTO,0,46,NaN,-7.20,59.22,-6.29,45.73,NaN,NaN,NaN,NaN,NaN,NaN,NaN,NaN,NaN,NaN
613.80,36.15,28.57,36.00,20.00,AUTO,0,46,NaN,-7.20,59.22,-6.29,45.73,NaN,NaN,NaN,NaN,NaN,NaN,NaN,NaN,NaN,NaN
614.80,36.16,28.61,36.00,20.00,AUTO,0,46,NaN,-7.20,59.22,-6.29,45.73,NaN,NaN,NaN,NaN,NaN,NaN,NaN,NaN,NaN,NaN
615.80,36.16,28.61,36.00,20.00,AUTO,0,46,NaN,-7.20,59.22,-6.29,45.73,NaN,NaN,NaN,NaN,NaN,NaN,NaN,NaN,NaN,NaN
616.80,36.15,28.57,36.00,20.00,AUTO,0,45,NaN,-9.60,58.39,-3.95,44.84,NaN,NaN,NaN,NaN,NaN,NaN,NaN,NaN,NaN,NaN
617.80,36.15,28.57,36.00,20.00,AUTO,0,45,NaN,-9.60,58.39,-3.95,44.84,NaN,NaN,NaN,NaN,NaN,NaN,NaN,NaN,NaN,NaN
618.80,36.15,28.57,36.00,20.00,AUTO,0,45,NaN,-9.60,58.39,-3.95,44.84,NaN,NaN,NaN,NaN,NaN,NaN,NaN,NaN,NaN,NaN
619.81,36.15,28.61,36.00,20.00,AUTO,0,45,NaN,-9.60,58.39,-3.95,44.84,NaN,NaN,NaN,NaN,NaN,NaN,NaN,NaN,NaN,NaN
620.81,36.15,28.61,36.00,20.00,AUTO,0,45,NaN,-9.60,58.39,-3.95,44.84,NaN,NaN,NaN,NaN,NaN,NaN,NaN,NaN,NaN,NaN
621.81,36.16,28.61,36.00,20.00,AUTO,0,45,NaN,-9.60,58.39,-3.95,44.84,NaN,NaN,NaN,NaN,NaN,NaN,NaN,NaN,NaN,NaN
622.81,36.15,28.61,36.00,20.00,AUTO,0,45,NaN,-9.60,58.39,-3.95,44.84,NaN,NaN,NaN,NaN,NaN,NaN,NaN,NaN,NaN,NaN
623.81,36.16,28.61,36.00,20.00,AUTO,0,45,NaN,-9.60,58.39,-3.95,44.84,NaN,NaN,NaN,NaN,NaN,NaN,NaN,NaN,NaN,NaN
624.81,36.17,28.61,36.00,20.00,AUTO,0,45,NaN,-9.60,58.39,-3.95,44.84,NaN,NaN,NaN,NaN,NaN,NaN,NaN,NaN,NaN,NaN
625.82,36.17,28.61,36.00,20.00,AUTO,0,45,NaN,-9.60,58.39,-3.95,44.84,NaN,NaN,NaN,NaN,NaN,NaN,NaN,NaN,NaN,NaN
626.82,36.17,28.57,36.00,20.00,AUTO,0,45,NaN,-9.60,58.39,-3.95,44.84,NaN,NaN,NaN,NaN,NaN,NaN,NaN,NaN,NaN,NaN
627.82,36.18,28.61,36.00,20.00,AUTO,0,45,NaN,-9.60,58.39,-3.95,44.84,NaN,NaN,NaN,NaN,NaN,NaN,NaN,NaN,NaN,NaN
628.82,36.18,28.61,36.00,20.00,AUTO,0,45,NaN,-9.60,58.39,-3.95,44.84,NaN,NaN,NaN,NaN,NaN,NaN,NaN,NaN,NaN,NaN
629.82,36.18,28.61,36.00,20.00,AUTO,0,45,NaN,-9.60,58.39,-3.95,44.84,NaN,NaN,NaN,NaN,NaN,NaN,NaN,NaN,NaN,NaN
630.82,36.18,28.57,36.00,20.00,AUTO,0,45,NaN,-9.60,58.39,-3.95,44.84,NaN,NaN,NaN,NaN,NaN,NaN,NaN,NaN,NaN,NaN
631.83,36.17,28.61,36.00,20.00,AUTO,0,44,NaN,-10.80,57.41,-2.57,44.04,NaN,NaN,NaN,NaN,NaN,NaN,NaN,NaN,NaN,NaN
632.83,36.18,28.61,36.00,20.00,AUTO,0,44,NaN,-10.80,57.41,-2.57,44.04,NaN,NaN,NaN,NaN,NaN,NaN,NaN,NaN,NaN,NaN
633.83,36.17,28.61,36.00,20.00,AUTO,0,44,NaN,-10.80,57.41,-2.57,44.04,NaN,NaN,NaN,NaN,NaN,NaN,NaN,NaN,NaN,NaN
634.83,36.18,28.61,36.00,20.00,AUTO,0,44,NaN,-10.80,57.41,-2.57,44.04,NaN,NaN,NaN,NaN,NaN,NaN,NaN,NaN,NaN,NaN
635.83,36.17,28.61,36.00,20.00,AUTO,0,44,NaN,-10.80,57.41,-2.57,44.04,NaN,NaN,NaN,NaN,NaN,NaN,NaN,NaN,NaN,NaN
636.83,36.18,28.61,36.00,20.00,AUTO,0,44,NaN,-10.80,57.41,-2.57,44.04,NaN,NaN,NaN,NaN,NaN,NaN,NaN,NaN,NaN,NaN
637.83,36.17,28.61,36.00,20.00,AUTO,0,44,NaN,-10.80,57.41,-2.57,44.04,NaN,NaN,NaN,NaN,NaN,NaN,NaN,NaN,NaN,NaN
638.83,36.18,28.61,36.00,20.00,AUTO,0,44,NaN,-10.80,57.41,-2.57,44.04,NaN,NaN,NaN,NaN,NaN,NaN,NaN,NaN,NaN,NaN
639.84,36.18,28.61,36.00,20.00,AUTO,0,44,NaN,-10.80,57.41,-2.57,44.04,NaN,NaN,NaN,NaN,NaN,NaN,NaN,NaN,NaN,NaN
640.84,36.18,28.61,36.00,20.00,AUTO,0,44,NaN,-10.80,57.41,-2.57,44.04,NaN,NaN,NaN,NaN,NaN,NaN,NaN,NaN,NaN,NaN
641.84,36.18,28.65,36.00,20.00,AUTO,0,44,NaN,-10.80,57.41,-2.57,44.04,NaN,NaN,NaN,NaN,NaN,NaN,NaN,NaN,NaN,NaN
642.84,36.18,28.65,36.00,20.00,AUTO,0,44,NaN,-10.80,57.41,-2.57,44.04,NaN,NaN,NaN,NaN,NaN,NaN,NaN,NaN,NaN,NaN
643.84,36.17,28.65,36.00,20.00,AUTO,0,44,NaN,-10.80,57.41,-2.57,44.04,NaN,NaN,NaN,NaN,NaN,NaN,NaN,NaN,NaN,NaN
644.85,36.17,28.65,36.00,20.00,AUTO,0,44,NaN,-10.80,57.41,-2.57,44.04,NaN,NaN,NaN,NaN,NaN,NaN,NaN,NaN,NaN,NaN
645.85,36.17,28.65,36.00,20.00,AUTO,0,44,NaN,-10.80,57.41,-2.57,44.04,NaN,NaN,NaN,NaN,NaN,NaN,NaN,NaN,NaN,NaN
646.85,36.16,28.65,36.00,20.00,AUTO,0,46,NaN,-10.20,56.36,0.23,46.38,NaN,NaN,NaN,NaN,NaN,NaN,NaN,NaN,NaN,NaN
647.85,36.16,28.65,36.00,20.00,AUTO,0,46,NaN,-10.20,56.36,0.23,46.38,NaN,NaN,NaN,NaN,NaN,NaN,NaN,NaN,NaN,NaN
648.85,36.16,28.65,36.00,20.00,AUTO,0,46,NaN,-10.20,56.36,0.23,46.38,NaN,NaN,NaN,NaN,NaN,NaN,NaN,NaN,NaN,NaN
649.85,36.16,28.65,36.00,20.00,AUTO,0,46,NaN,-10.20,56.36,0.23,46.38,NaN,NaN,NaN,NaN,NaN,NaN,NaN,NaN,NaN,NaN
650.86,36.15,28.65,36.00,20.00,AUTO,0,46,NaN,-10.20,56.36,0.23,46.38,NaN,NaN,NaN,NaN,NaN,NaN,NaN,NaN,NaN,NaN
651.85,36.16,28.65,36.00,20.00,AUTO,0,46,NaN,-10.20,56.36,0.23,46.38,NaN,NaN,NaN,NaN,NaN,NaN,NaN,NaN,NaN,NaN
652.86,36.15,28.65,36.00,20.00,AUTO,0,46,NaN,-10.20,56.36,0.23,46.38,NaN,NaN,NaN,NaN,NaN,NaN,NaN,NaN,NaN,NaN
653.86,36.16,28.65,36.00,20.00,AUTO,0,46,NaN,-10.20,56.36,0.23,46.38,NaN,NaN,NaN,NaN,NaN,NaN,NaN,NaN,NaN,NaN
654.86,36.17,28.65,36.00,20.00,AUTO,0,46,NaN,-10.20,56.36,0.23,46.38,NaN,NaN,NaN,NaN,NaN,NaN,NaN,NaN,NaN,NaN
655.86,36.16,28.65,36.00,20.00,AUTO,0,46,NaN,-10.20,56.36,0.23,46.38,NaN,NaN,NaN,NaN,NaN,NaN,NaN,NaN,NaN,NaN
656.86,36.16,28.65,36.00,20.00,AUTO,0,46,NaN,-10.20,56.36,0.23,46.38,NaN,NaN,NaN,NaN,NaN,NaN,NaN,NaN,NaN,NaN
657.87,36.17,28.65,36.00,20.00,AUTO,0,46,NaN,-10.20,56.36,0.23,46.38,NaN,NaN,NaN,NaN,NaN,NaN,NaN,NaN,NaN,NaN
658.87,36.17,28.65,36.00,20.00,AUTO,0,46,NaN,-10.20,56.36,0.23,46.38,NaN,NaN,NaN,NaN,NaN,NaN,NaN,NaN,NaN,NaN
659.87,36.17,28.65,36.00,20.00,AUTO,0,46,NaN,-10.20,56.36,0.23,46.38,NaN,NaN,NaN,NaN,NaN,NaN,NaN,NaN,NaN,NaN
660.87,36.16,28.65,36.00,20.00,AUTO,0,46,NaN,-10.20,56.36,0.23,46.38,NaN,NaN,NaN,NaN,NaN,NaN,NaN,NaN,NaN,NaN
661.87,36.15,28.65,36.00,20.00,AUTO,0,46,NaN,-9.90,55.39,0.69,46.18,NaN,NaN,NaN,NaN,NaN,NaN,NaN,NaN,NaN,NaN
662.87,36.15,28.65,36.00,20.00,AUTO,0,46,NaN,-9.90,55.39,0.69,46.18,NaN,NaN,NaN,NaN,NaN,NaN,NaN,NaN,NaN,NaN
663.88,36.15,28.69,36.00,20.00,AUTO,0,46,NaN,-9.90,55.39,0.69,46.18,NaN,NaN,NaN,NaN,NaN,NaN,NaN,NaN,NaN,NaN
664.88,36.15,28.69,36.00,20.00,AUTO,0,46,NaN,-9.90,55.39,0.69,46.18,NaN,NaN,NaN,NaN,NaN,NaN,NaN,NaN,NaN,NaN
665.88,36.15,28.69,36.00,20.00,AUTO,0,46,NaN,-9.90,55.39,0.69,46.18,NaN,NaN,NaN,NaN,NaN,NaN,NaN,NaN,NaN,NaN
666.88,36.15,28.69,36.00,20.00,AUTO,0,46,NaN,-9.90,55.39,0.69,46.18,NaN,NaN,NaN,NaN,NaN,NaN,NaN,NaN,NaN,NaN
667.88,36.15,28.69,36.00,20.00,AUTO,0,46,NaN,-9.90,55.39,0.69,46.18,NaN,NaN,NaN,NaN,NaN,NaN,NaN,NaN,NaN,NaN
668.88,36.16,28.69,36.00,20.00,AUTO,0,46,NaN,-9.90,55.39,0.69,46.18,NaN,NaN,NaN,NaN,NaN,NaN,NaN,NaN,NaN,NaN
669.88,36.17,28.69,36.00,20.00,AUTO,0,46,NaN,-9.90,55.39,0.69,46.18,NaN,NaN,NaN,NaN,NaN,NaN,NaN,NaN,NaN,NaN
670.88,36.16,28.69,36.00,20.00,AUTO,0,46,NaN,-9.90,55.39,0.69,46.18,NaN,NaN,NaN,NaN,NaN,NaN,NaN,NaN,NaN,NaN
671.89,36.17,28.69,36.00,20.00,AUTO,0,46,NaN,-9.90,55.39,0.69,46.18,NaN,NaN,NaN,NaN,NaN,NaN,NaN,NaN,NaN,NaN
672.89,36.17,28.69,36.00,20.00,AUTO,0,46,NaN,-9.90,55.39,0.69,46.18,NaN,NaN,NaN,NaN,NaN,NaN,NaN,NaN,NaN,NaN
673.89,36.17,28.69,36.00,20.00,AUTO,0,46,NaN,-9.90,55.39,0.69,46.18,NaN,NaN,NaN,NaN,NaN,NaN,NaN,NaN,NaN,NaN
674.89,36.17,28.69,36.00,20.00,AUTO,0,46,NaN,-9.90,55.39,0.69,46.18,NaN,NaN,NaN,NaN,NaN,NaN,NaN,NaN,NaN,NaN
675.89,36.17,28.69,36.00,20.00,AUTO,0,46,NaN,-9.90,55.39,0.69,46.18,NaN,NaN,NaN,NaN,NaN,NaN,NaN,NaN,NaN,NaN
676.90,36.16,28.69,36.00,20.00,AUTO,0,44,NaN,-10.20,54.43,-0.65,43.58,NaN,NaN,NaN,NaN,NaN,NaN,NaN,NaN,NaN,NaN
677.90,36.16,28.69,36.00,20.00,AUTO,0,44,NaN,-10.20,54.43,-0.65,43.58,NaN,NaN,NaN,NaN,NaN,NaN,NaN,NaN,NaN,NaN
678.90,36.16,28.69,36.00,20.00,AUTO,0,44,NaN,-10.20,54.43,-0.65,43.58,NaN,NaN,NaN,NaN,NaN,NaN,NaN,NaN,NaN,NaN
679.90,36.16,28.69,36.00,20.00,AUTO,0,44,NaN,-10.20,54.43,-0.65,43.58,NaN,NaN,NaN,NaN,NaN,NaN,NaN,NaN,NaN,NaN
680.90,36.16,28.69,36.00,20.00,AUTO,0,44,NaN,-10.20,54.43,-0.65,43.58,NaN,NaN,NaN,NaN,NaN,NaN,NaN,NaN,NaN,NaN
681.90,36.15,28.69,36.00,20.00,AUTO,0,44,NaN,-10.20,54.43,-0.65,43.58,NaN,NaN,NaN,NaN,NaN,NaN,NaN,NaN,NaN,NaN
682.91,36.15,28.74,36.00,20.00,AUTO,0,44,NaN,-10.20,54.43,-0.65,43.58,NaN,NaN,NaN,NaN,NaN,NaN,NaN,NaN,NaN,NaN
683.91,36.16,28.74,36.00,20.00,AUTO,0,44,NaN,-10.20,54.43,-0.65,43.58,NaN,NaN,NaN,NaN,NaN,NaN,NaN,NaN,NaN,NaN
684.91,36.16,28.74,36.00,20.00,AUTO,0,44,NaN,-10.20,54.43,-0.65,43.58,NaN,NaN,NaN,NaN,NaN,NaN,NaN,NaN,NaN,NaN
685.91,36.16,28.74,36.00,20.00,AUTO,0,44,NaN,-10.20,54.43,-0.65,43.58,NaN,NaN,NaN,NaN,NaN,NaN,NaN,NaN,NaN,NaN
686.91,36.15,28.74,36.00,20.00,AUTO,0,44,NaN,-10.20,54.43,-0.65,43.58,NaN,NaN,NaN,NaN,NaN,NaN,NaN,NaN,NaN,NaN
687.91,36.15,28.74,36.00,20.00,AUTO,0,44,NaN,-10.20,54.43,-0.65,43.58,NaN,NaN,NaN,NaN,NaN,NaN,NaN,NaN,NaN,NaN
688.91,36.14,28.74,36.00,20.00,AUTO,0,44,NaN,-10.20,54.43,-0.65,43.58,NaN,NaN,NaN,NaN,NaN,NaN,NaN,NaN,NaN,NaN
689.92,36.14,28.74,36.00,20.00,AUTO,0,44,NaN,-10.20,54.43,-0.65,43.58,NaN,NaN,NaN,NaN,NaN,NaN,NaN,NaN,NaN,NaN
690.92,36.14,28.77,36.00,20.00,AUTO,0,44,NaN,-10.20,54.43,-0.65,43.58,NaN,NaN,NaN,NaN,NaN,NaN,NaN,NaN,NaN,NaN
691.92,36.14,28.77,36.00,20.00,AUTO,0,47,NaN,-8.40,53.51,2.31,47.42,NaN,NaN,NaN,NaN,NaN,NaN,NaN,NaN,NaN,NaN
692.92,36.14,28.77,36.00,20.00,AUTO,0,47,NaN,-8.40,53.51,2.31,47.42,NaN,NaN,NaN,NaN,NaN,NaN,NaN,NaN,NaN,NaN
693.92,36.13,28.76,36.00,20.00,AUTO,0,47,NaN,-8.40,53.51,2.31,47.42,NaN,NaN,NaN,NaN,NaN,NaN,NaN,NaN,NaN,NaN
694.92,36.13,28.77,36.00,20.00,AUTO,0,47,NaN,-8.40,53.51,2.31,47.42,NaN,NaN,NaN,NaN,NaN,NaN,NaN,NaN,NaN,NaN
695.93,36.13,28.76,36.00,20.00,AUTO,0,47,NaN,-8.40,53.51,2.31,47.42,NaN,NaN,NaN,NaN,NaN,NaN,NaN,NaN,NaN,NaN
696.93,36.13,28.77,36.00,20.00,AUTO,0,47,NaN,-8.40,53.51,2.31,47.42,NaN,NaN,NaN,NaN,NaN,NaN,NaN,NaN,NaN,NaN
697.93,36.13,28.80,36.00,20.00,AUTO,0,47,NaN,-8.40,53.51,2.31,47.42,NaN,NaN,NaN,NaN,NaN,NaN,NaN,NaN,NaN,NaN
698.93,36.13,28.80,36.00,20.00,AUTO,0,47,NaN,-8.40,53.51,2.31,47.42,NaN,NaN,NaN,NaN,NaN,NaN,NaN,NaN,NaN,NaN
699.93,36.14,28.81,36.00,20.00,AUTO,0,47,NaN,-8.40,53.51,2.31,47.42,NaN,NaN,NaN,NaN,NaN,NaN,NaN,NaN,NaN,NaN
700.93,36.14,28.81,36.00,20.00,AUTO,0,47,NaN,-8.40,53.51,2.31,47.42,NaN,NaN,NaN,NaN,NaN,NaN,NaN,NaN,NaN,NaN
701.93,36.14,28.81,36.00,20.00,AUTO,0,47,NaN,-8.40,53.51,2.31,47.42,NaN,NaN,NaN,NaN,NaN,NaN,NaN,NaN,NaN,NaN
702.93,36.15,28.81,36.00,20.00,AUTO,0,47,NaN,-8.40,53.51,2.31,47.42,NaN,NaN,NaN,NaN,NaN,NaN,NaN,NaN,NaN,NaN
703.94,36.15,28.81,36.00,20.00,AUTO,0,47,NaN,-8.40,53.51,2.31,47.42,NaN,NaN,NaN,NaN,NaN,NaN,NaN,NaN,NaN,NaN
704.94,36.15,28.81,36.00,20.00,AUTO,0,47,NaN,-8.40,53.51,2.31,47.42,NaN,NaN,NaN,NaN,NaN,NaN,NaN,NaN,NaN,NaN
705.94,36.15,28.81,36.00,20.00,AUTO,0,47,NaN,-8.40,53.51,2.31,47.42,NaN,NaN,NaN,NaN,NaN,NaN,NaN,NaN,NaN,NaN
706.94,36.14,28.80,36.00,20.00,AUTO,0,43,NaN,-9.00,52.68,-0.31,43.37,NaN,NaN,NaN,NaN,NaN,NaN,NaN,NaN,NaN,NaN
707.94,36.14,28.81,36.00,20.00,AUTO,0,43,NaN,-9.00,52.68,-0.31,43.37,NaN,NaN,NaN,NaN,NaN,NaN,NaN,NaN,NaN,NaN
708.95,36.13,28.80,36.00,20.00,AUTO,0,43,NaN,-9.00,52.68,-0.31,43.37,NaN,NaN,NaN,NaN,NaN,NaN,NaN,NaN,NaN,NaN
709.95,36.13,28.80,36.00,20.00,AUTO,0,43,NaN,-9.00,52.68,-0.31,43.37,NaN,NaN,NaN,NaN,NaN,NaN,NaN,NaN,NaN,NaN
710.95,36.13,28.80,36.00,20.00,AUTO,0,43,NaN,-9.00,52.68,-0.31,43.37,NaN,NaN,NaN,NaN,NaN,NaN,NaN,NaN,NaN,NaN
711.95,36.12,28.80,36.00,20.00,AUTO,0,43,NaN,-9.00,52.68,-0.31,43.37,NaN,NaN,NaN,NaN,NaN,NaN,NaN,NaN,NaN,NaN
712.95,36.12,28.80,36.00,20.00,AUTO,0,43,NaN,-9.00,52.68,-0.31,43.37,NaN,NaN,NaN,NaN,NaN,NaN,NaN,NaN,NaN,NaN
713.95,36.14,28.81,36.00,20.00,AUTO,0,43,NaN,-9.00,52.68,-0.31,43.37,NaN,NaN,NaN,NaN,NaN,NaN,NaN,NaN,NaN,NaN
714.96,36.14,28.81,36.00,20.00,AUTO,0,43,NaN,-9.00,52.68,-0.31,43.37,NaN,NaN,NaN,NaN,NaN,NaN,NaN,NaN,NaN,NaN
715.96,36.14,28.81,36.00,20.00,AUTO,0,43,NaN,-9.00,52.68,-0.31,43.37,NaN,NaN,NaN,NaN,NaN,NaN,NaN,NaN,NaN,NaN
716.96,36.14,28.81,36.00,20.00,AUTO,0,43,NaN,-9.00,52.68,-0.31,43.37,NaN,NaN,NaN,NaN,NaN,NaN,NaN,NaN,NaN,NaN
717.96,36.14,28.81,36.00,20.00,AUTO,0,43,NaN,-9.00,52.68,-0.31,43.37,NaN,NaN,NaN,NaN,NaN,NaN,NaN,NaN,NaN,NaN
718.96,36.14,28.81,36.00,20.00,AUTO,0,43,NaN,-9.00,52.68,-0.31,43.37,NaN,NaN,NaN,NaN,NaN,NaN,NaN,NaN,NaN,NaN
719.96,36.14,28.81,36.00,20.00,AUTO,0,43,NaN,-9.00,52.68,-0.31,43.37,NaN,NaN,NaN,NaN,NaN,NaN,NaN,NaN,NaN,NaN
720.96,36.14,28.81,36.00,20.00,AUTO,0,43,NaN,-9.00,52.68,-0.31,43.37,NaN,NaN,NaN,NaN,NaN,NaN,NaN,NaN,NaN,NaN
721.97,36.14,28.84,36.00,20.00,AUTO,0,44,NaN,-8.40,51.87,0.62,44.09,NaN,NaN,NaN,NaN,NaN,NaN,NaN,NaN,NaN,NaN
722.97,36.13,28.84,36.00,20.00,AUTO,0,44,NaN,-8.40,51.87,0.62,44.09,NaN,NaN,NaN,NaN,NaN,NaN,NaN,NaN,NaN,NaN
723.97,36.13,28.84,36.00,20.00,AUTO,0,44,NaN,-8.40,51.87,0.62,44.09,NaN,NaN,NaN,NaN,NaN,NaN,NaN,NaN,NaN,NaN
724.97,36.13,28.84,36.00,20.00,AUTO,0,44,NaN,-8.40,51.87,0.62,44.09,NaN,NaN,NaN,NaN,NaN,NaN,NaN,NaN,NaN,NaN
725.97,36.12,28.84,36.00,20.00,AUTO,0,44,NaN,-8.40,51.87,0.62,44.09,NaN,NaN,NaN,NaN,NaN,NaN,NaN,NaN,NaN,NaN
726.97,36.13,28.84,36.00,20.00,AUTO,0,44,NaN,-8.40,51.87,0.62,44.09,NaN,NaN,NaN,NaN,NaN,NaN,NaN,NaN,NaN,NaN
727.98,36.12,28.84,36.00,20.00,AUTO,0,44,NaN,-8.40,51.87,0.62,44.09,NaN,NaN,NaN,NaN,NaN,NaN,NaN,NaN,NaN,NaN
728.98,36.13,28.84,36.00,20.00,AUTO,0,44,NaN,-8.40,51.87,0.62,44.09,NaN,NaN,NaN,NaN,NaN,NaN,NaN,NaN,NaN,NaN
729.98,36.13,28.84,36.00,20.00,AUTO,0,44,NaN,-8.40,51.87,0.62,44.09,NaN,NaN,NaN,NaN,NaN,NaN,NaN,NaN,NaN,NaN
730.98,36.13,28.90,36.00,20.00,AUTO,0,44,NaN,-8.40,51.87,0.62,44.09,NaN,NaN,NaN,NaN,NaN,NaN,NaN,NaN,NaN,NaN
731.98,36.14,28.90,36.00,20.00,AUTO,0,44,NaN,-8.40,51.87,0.62,44.09,NaN,NaN,NaN,NaN,NaN,NaN,NaN,NaN,NaN,NaN
732.98,36.14,28.90,36.00,20.00,AUTO,0,44,NaN,-8.40,51.87,0.62,44.09,NaN,NaN,NaN,NaN,NaN,NaN,NaN,NaN,NaN,NaN
733.98,36.14,28.90,36.00,20.00,AUTO,0,44,NaN,-8.40,51.87,0.62,44.09,NaN,NaN,NaN,NaN,NaN,NaN,NaN,NaN,NaN,NaN
734.99,36.14,28.90,36.00,20.00,AUTO,0,44,NaN,-8.40,51.87,0.62,44.09,NaN,NaN,NaN,NaN,NaN,NaN,NaN,NaN,NaN,NaN
735.99,36.14,28.90,36.00,20.00,AUTO,0,44,NaN,-8.40,51.87,0.62,44.09,NaN,NaN,NaN,NaN,NaN,NaN,NaN,NaN,NaN,NaN
736.99,36.13,28.88,36.00,20.00,AUTO,0,43,NaN,-8.40,51.07,0.12,42.80,NaN,NaN,NaN,NaN,NaN,NaN,NaN,NaN,NaN,NaN
737.99,36.12,28.88,36.00,20.00,AUTO,0,43,NaN,-8.40,51.07,0.12,42.80,NaN,NaN,NaN,NaN,NaN,NaN,NaN,NaN,NaN,NaN
738.99,36.12,28.88,36.00,20.00,AUTO,0,43,NaN,-8.40,51.07,0.12,42.80,NaN,NaN,NaN,NaN,NaN,NaN,NaN,NaN,NaN,NaN
739.99,36.13,28.88,36.00,20.00,AUTO,0,43,NaN,-8.40,51.07,0.12,42.80,NaN,NaN,NaN,NaN,NaN,NaN,NaN,NaN,NaN,NaN
741.00,36.12,28.88,36.00,20.00,AUTO,0,43,NaN,-8.40,51.07,0.12,42.80,NaN,NaN,NaN,NaN,NaN,NaN,NaN,NaN,NaN,NaN
742.00,36.12,28.88,36.00,20.00,AUTO,0,43,NaN,-8.40,51.07,0.12,42.80,NaN,NaN,NaN,NaN,NaN,NaN,NaN,NaN,NaN,NaN
743.00,36.12,28.88,36.00,20.00,AUTO,0,43,NaN,-8.40,51.07,0.12,42.80,NaN,NaN,NaN,NaN,NaN,NaN,NaN,NaN,NaN,NaN
744.00,36.13,28.88,36.00,20.00,AUTO,0,43,NaN,-8.40,51.07,0.12,42.80,NaN,NaN,NaN,NaN,NaN,NaN,NaN,NaN,NaN,NaN
745.00,36.13,28.88,36.00,20.00,AUTO,0,43,NaN,-8.40,51.07,0.12,42.80,NaN,NaN,NaN,NaN,NaN,NaN,NaN,NaN,NaN,NaN
746.00,36.13,28.88,36.00,20.00,AUTO,0,43,NaN,-8.40,51.07,0.12,42.80,NaN,NaN,NaN,NaN,NaN,NaN,NaN,NaN,NaN,NaN
747.00,36.12,28.88,36.00,20.00,AUTO,0,43,NaN,-8.40,51.07,0.12,42.80,NaN,NaN,NaN,NaN,NaN,NaN,NaN,NaN,NaN,NaN
748.01,36.12,28.88,36.00,20.00,AUTO,0,43,NaN,-8.40,51.07,0.12,42.80,NaN,NaN,NaN,NaN,NaN,NaN,NaN,NaN,NaN,NaN
749.01,36.12,28.88,36.00,20.00,AUTO,0,43,NaN,-8.40,51.07,0.12,42.80,NaN,NaN,NaN,NaN,NaN,NaN,NaN,NaN,NaN,NaN
750.01,36.13,28.88,36.00,20.00,AUTO,0,43,NaN,-8.40,51.07,0.12,42.80,NaN,NaN,NaN,NaN,NaN,NaN,NaN,NaN,NaN,NaN
751.01,36.12,28.88,36.00,20.00,AUTO,0,43,NaN,-8.40,51.07,0.12,42.80,NaN,NaN,NaN,NaN,NaN,NaN,NaN,NaN,NaN,NaN
752.01,36.11,28.88,36.00,20.00,AUTO,0,44,NaN,-7.50,50.33,1.40,44.23,NaN,NaN,NaN,NaN,NaN,NaN,NaN,NaN,NaN,NaN
753.01,36.11,28.88,36.00,20.00,AUTO,0,44,NaN,-7.50,50.33,1.40,44.23,NaN,NaN,NaN,NaN,NaN,NaN,NaN,NaN,NaN,NaN
754.02,36.10,28.88,36.00,20.00,AUTO,0,44,NaN,-7.50,50.33,1.40,44.23,NaN,NaN,NaN,NaN,NaN,NaN,NaN,NaN,NaN,NaN
755.02,36.10,28.88,36.00,20.00,AUTO,0,44,NaN,-7.50,50.33,1.40,44.23,NaN,NaN,NaN,NaN,NaN,NaN,NaN,NaN,NaN,NaN
756.02,36.10,28.92,36.00,20.00,AUTO,0,44,NaN,-7.50,50.33,1.40,44.23,NaN,NaN,NaN,NaN,NaN,NaN,NaN,NaN,NaN,NaN
757.02,36.09,28.92,36.00,20.00,AUTO,0,44,NaN,-7.50,50.33,1.40,44.23,NaN,NaN,NaN,NaN,NaN,NaN,NaN,NaN,NaN,NaN
758.02,36.10,28.92,36.00,20.00,AUTO,0,44,NaN,-7.50,50.33,1.40,44.23,NaN,NaN,NaN,NaN,NaN,NaN,NaN,NaN,NaN,NaN
759.02,36.11,28.92,36.00,20.00,AUTO,0,44,NaN,-7.50,50.33,1.40,44.23,NaN,NaN,NaN,NaN,NaN,NaN,NaN,NaN,NaN,NaN
760.03,36.12,28.92,36.00,20.00,AUTO,0,44,NaN,-7.50,50.33,1.40,44.23,NaN,NaN,NaN,NaN,NaN,NaN,NaN,NaN,NaN,NaN
761.03,36.11,28.92,36.00,20.00,AUTO,0,44,NaN,-7.50,50.33,1.40,44.23,NaN,NaN,NaN,NaN,NaN,NaN,NaN,NaN,NaN,NaN
762.03,36.11,28.92,36.00,20.00,AUTO,0,44,NaN,-7.50,50.33,1.40,44.23,NaN,NaN,NaN,NaN,NaN,NaN,NaN,NaN,NaN,NaN
763.03,36.11,28.92,36.00,20.00,AUTO,0,44,NaN,-7.50,50.33,1.40,44.23,NaN,NaN,NaN,NaN,NaN,NaN,NaN,NaN,NaN,NaN
764.03,36.10,28.92,36.00,20.00,AUTO,0,44,NaN,-7.50,50.33,1.40,44.23,NaN,NaN,NaN,NaN,NaN,NaN,NaN,NaN,NaN,NaN
765.04,36.10,28.92,36.00,20.00,AUTO,0,44,NaN,-7.50,50.33,1.40,44.23,NaN,NaN,NaN,NaN,NaN,NaN,NaN,NaN,NaN,NaN
766.03,36.10,28.92,36.00,20.00,AUTO,0,44,NaN,-7.50,50.33,1.40,44.23,NaN,NaN,NaN,NaN,NaN,NaN,NaN,NaN,NaN,NaN
767.04,36.09,28.92,36.00,20.00,AUTO,0,45,NaN,-6.00,49.70,1.44,45.14,NaN,NaN,NaN,NaN,NaN,NaN,NaN,NaN,NaN,NaN
768.04,36.09,28.92,36.00,20.00,AUTO,0,45,NaN,-6.00,49.70,1.44,45.14,NaN,NaN,NaN,NaN,NaN,NaN,NaN,NaN,NaN,NaN
769.04,36.08,28.92,36.00,20.00,AUTO,0,45,NaN,-6.00,49.70,1.44,45.14,NaN,NaN,NaN,NaN,NaN,NaN,NaN,NaN,NaN,NaN
770.04,36.08,28.92,36.00,20.00,AUTO,0,45,NaN,-6.00,49.70,1.44,45.14,NaN,NaN,NaN,NaN,NaN,NaN,NaN,NaN,NaN,NaN
771.04,36.08,28.96,36.00,20.00,AUTO,0,45,NaN,-6.00,49.70,1.44,45.14,NaN,NaN,NaN,NaN,NaN,NaN,NaN,NaN,NaN,NaN
772.04,36.08,28.96,36.00,20.00,AUTO,0,45,NaN,-6.00,49.70,1.44,45.14,NaN,NaN,NaN,NaN,NaN,NaN,NaN,NaN,NaN,NaN
773.05,36.08,28.96,36.00,20.00,AUTO,0,45,NaN,-6.00,49.70,1.44,45.14,NaN,NaN,NaN,NaN,NaN,NaN,NaN,NaN,NaN,NaN
774.05,36.09,28.96,36.00,20.00,AUTO,0,45,NaN,-6.00,49.70,1.44,45.14,NaN,NaN,NaN,NaN,NaN,NaN,NaN,NaN,NaN,NaN
775.05,36.08,28.96,36.00,20.00,AUTO,0,45,NaN,-6.00,49.70,1.44,45.14,NaN,NaN,NaN,NaN,NaN,NaN,NaN,NaN,NaN,NaN
776.05,36.08,28.96,36.00,20.00,AUTO,0,45,NaN,-6.00,49.70,1.44,45.14,NaN,NaN,NaN,NaN,NaN,NaN,NaN,NaN,NaN,NaN
777.05,36.08,29.00,36.00,20.00,AUTO,0,45,NaN,-6.00,49.70,1.44,45.14,NaN,NaN,NaN,NaN,NaN,NaN,NaN,NaN,NaN,NaN
778.05,36.08,29.00,36.00,20.00,AUTO,0,45,NaN,-6.00,49.70,1.44,45.14,NaN,NaN,NaN,NaN,NaN,NaN,NaN,NaN,NaN,NaN
779.06,36.08,29.00,36.00,20.00,AUTO,0,45,NaN,-6.00,49.70,1.44,45.14,NaN,NaN,NaN,NaN,NaN,NaN,NaN,NaN,NaN,NaN
780.06,36.08,29.00,36.00,20.00,AUTO,0,45,NaN,-6.00,49.70,1.44,45.14,NaN,NaN,NaN,NaN,NaN,NaN,NaN,NaN,NaN,NaN
781.06,36.07,29.00,36.00,20.00,AUTO,0,45,NaN,-6.00,49.70,1.44,45.14,NaN,NaN,NaN,NaN,NaN,NaN,NaN,NaN,NaN,NaN
782.06,36.06,29.00,36.00,20.00,AUTO,0,47,NaN,-4.50,49.21,2.44,47.15,NaN,NaN,NaN,NaN,NaN,NaN,NaN,NaN,NaN,NaN
783.06,36.06,29.00,36.00,20.00,AUTO,0,47,NaN,-4.50,49.21,2.44,47.15,NaN,NaN,NaN,NaN,NaN,NaN,NaN,NaN,NaN,NaN
784.06,36.06,29.00,36.00,20.00,AUTO,0,47,NaN,-4.50,49.21,2.44,47.15,NaN,NaN,NaN,NaN,NaN,NaN,NaN,NaN,NaN,NaN
785.06,36.06,29.00,36.00,20.00,AUTO,0,47,NaN,-4.50,49.21,2.44,47.15,NaN,NaN,NaN,NaN,NaN,NaN,NaN,NaN,NaN,NaN
786.07,36.06,29.00,36.00,20.00,AUTO,0,47,NaN,-4.50,49.21,2.44,47.15,NaN,NaN,NaN,NaN,NaN,NaN,NaN,NaN,NaN,NaN
787.07,36.06,29.00,36.00,20.00,AUTO,0,47,NaN,-4.50,49.21,2.44,47.15,NaN,NaN,NaN,NaN,NaN,NaN,NaN,NaN,NaN,NaN
788.07,36.06,29.04,36.00,20.00,AUTO,0,47,NaN,-4.50,49.21,2.44,47.15,NaN,NaN,NaN,NaN,NaN,NaN,NaN,NaN,NaN,NaN
789.07,36.04,29.04,36.00,20.00,AUTO,0,47,NaN,-4.50,49.21,2.44,47.15,NaN,NaN,NaN,NaN,NaN,NaN,NaN,NaN,NaN,NaN
790.07,36.07,29.04,36.00,20.00,AUTO,0,47,NaN,-4.50,49.21,2.44,47.15,NaN,NaN,NaN,NaN,NaN,NaN,NaN,NaN,NaN,NaN
791.07,36.08,29.04,36.00,20.00,AUTO,0,47,NaN,-4.50,49.21,2.44,47.15,NaN,NaN,NaN,NaN,NaN,NaN,NaN,NaN,NaN,NaN
792.08,36.07,29.04,36.00,20.00,AUTO,0,47,NaN,-4.50,49.21,2.44,47.15,NaN,NaN,NaN,NaN,NaN,NaN,NaN,NaN,NaN,NaN
793.08,36.07,29.04,36.00,20.00,AUTO,0,47,NaN,-4.50,49.21,2.44,47.15,NaN,NaN,NaN,NaN,NaN,NaN,NaN,NaN,NaN,NaN
794.08,36.06,29.04,36.00,20.00,AUTO,0,47,NaN,-4.50,49.21,2.44,47.15,NaN,NaN,NaN,NaN,NaN,NaN,NaN,NaN,NaN,NaN
795.08,36.06,29.04,36.00,20.00,AUTO,0,47,NaN,-4.50,49.21,2.44,47.15,NaN,NaN,NaN,NaN,NaN,NaN,NaN,NaN,NaN,NaN
796.08,36.06,29.04,36.00,20.00,AUTO,0,47,NaN,-4.50,49.21,2.44,47.15,NaN,NaN,NaN,NaN,NaN,NaN,NaN,NaN,NaN,NaN
797.08,36.06,29.04,36.00,20.00,AUTO,0,46,NaN,-3.60,48.84,1.13,46.37,NaN,NaN,NaN,NaN,NaN,NaN,NaN,NaN,NaN,NaN
798.08,36.06,29.04,36.00,20.00,AUTO,0,46,NaN,-3.60,48.84,1.13,46.37,NaN,NaN,NaN,NaN,NaN,NaN,NaN,NaN,NaN,NaN
799.09,36.06,29.04,36.00,20.00,AUTO,0,46,NaN,-3.60,48.84,1.13,46.37,NaN,NaN,NaN,NaN,NaN,NaN,NaN,NaN,NaN,NaN
800.09,36.06,29.04,36.00,20.00,AUTO,0,46,NaN,-3.60,48.84,1.13,46.37,NaN,NaN,NaN,NaN,NaN,NaN,NaN,NaN,NaN,NaN
801.09,36.04,29.04,36.00,20.00,AUTO,0,46,NaN,-3.60,48.84,1.13,46.37,NaN,NaN,NaN,NaN,NaN,NaN,NaN,NaN,NaN,NaN
802.09,36.04,29.08,36.00,20.00,AUTO,0,46,NaN,-3.60,48.84,1.13,46.37,NaN,NaN,NaN,NaN,NaN,NaN,NaN,NaN,NaN,NaN
803.09,36.04,29.08,36.00,20.00,AUTO,0,46,NaN,-3.60,48.84,1.13,46.37,NaN,NaN,NaN,NaN,NaN,NaN,NaN,NaN,NaN,NaN
804.09,36.06,29.08,36.00,20.00,AUTO,0,46,NaN,-3.60,48.84,1.13,46.37,NaN,NaN,NaN,NaN,NaN,NaN,NaN,NaN,NaN,NaN
805.10,36.06,29.08,36.00,20.00,AUTO,0,46,NaN,-3.60,48.84,1.13,46.37,NaN,NaN,NaN,NaN,NaN,NaN,NaN,NaN,NaN,NaN
806.10,36.06,29.08,36.00,20.00,AUTO,0,46,NaN,-3.60,48.84,1.13,46.37,NaN,NaN,NaN,NaN,NaN,NaN,NaN,NaN,NaN,NaN
807.10,36.06,29.08,36.00,20.00,AUTO,0,46,NaN,-3.60,48.84,1.13,46.37,NaN,NaN,NaN,NaN,NaN,NaN,NaN,NaN,NaN,NaN
808.10,36.06,29.08,36.00,20.00,AUTO,0,46,NaN,-3.60,48.84,1.13,46.37,NaN,NaN,NaN,NaN,NaN,NaN,NaN,NaN,NaN,NaN
809.10,36.06,29.08,36.00,20.00,AUTO,0,46,NaN,-3.60,48.84,1.13,46.37,NaN,NaN,NaN,NaN,NaN,NaN,NaN,NaN,NaN,NaN
810.10,36.07,29.08,36.00,20.00,AUTO,0,46,NaN,-3.60,48.84,1.13,46.37,NaN,NaN,NaN,NaN,NaN,NaN,NaN,NaN,NaN,NaN
811.10,36.07,29.08,36.00,20.00,AUTO,0,46,NaN,-3.60,48.84,1.13,46.37,NaN,NaN,NaN,NaN,NaN,NaN,NaN,NaN,NaN,NaN
812.11,36.04,29.08,36.00,20.00,AUTO,0,44,NaN,-4.20,48.50,0.07,44.36,NaN,NaN,NaN,NaN,NaN,NaN,NaN,NaN,NaN,NaN
813.11,36.06,29.08,36.00,20.00,AUTO,0,44,NaN,-4.20,48.50,0.07,44.36,NaN,NaN,NaN,NaN,NaN,NaN,NaN,NaN,NaN,NaN
814.11,36.04,29.08,36.00,20.00,AUTO,0,44,NaN,-4.20,48.50,0.07,44.36,NaN,NaN,NaN,NaN,NaN,NaN,NaN,NaN,NaN,NaN
815.11,36.04,29.08,36.00,20.00,AUTO,0,44,NaN,-4.20,48.50,0.07,44.36,NaN,NaN,NaN,NaN,NaN,NaN,NaN,NaN,NaN,NaN
816.11,36.04,29.08,36.00,20.00,AUTO,0,44,NaN,-4.20,48.50,0.07,44.36,NaN,NaN,NaN,NaN,NaN,NaN,NaN,NaN,NaN,NaN
817.11,36.04,29.08,36.00,20.00,AUTO,0,44,NaN,-4.20,48.50,0.07,44.36,NaN,NaN,NaN,NaN,NaN,NaN,NaN,NaN,NaN,NaN
818.12,36.03,29.08,36.00,20.00,AUTO,0,44,NaN,-4.20,48.50,0.07,44.36,NaN,NaN,NaN,NaN,NaN,NaN,NaN,NaN,NaN,NaN
819.12,36.06,29.08,36.00,20.00,AUTO,0,44,NaN,-4.20,48.50,0.07,44.36,NaN,NaN,NaN,NaN,NaN,NaN,NaN,NaN,NaN,NaN
820.12,36.06,29.08,36.00,20.00,AUTO,0,44,NaN,-4.20,48.50,0.07,44.36,NaN,NaN,NaN,NaN,NaN,NaN,NaN,NaN,NaN,NaN
821.12,36.04,29.13,36.00,20.00,AUTO,0,44,NaN,-4.20,48.50,0.07,44.36,NaN,NaN,NaN,NaN,NaN,NaN,NaN,NaN,NaN,NaN
822.12,36.04,29.13,36.00,20.00,AUTO,0,44,NaN,-4.20,48.50,0.07,44.36,NaN,NaN,NaN,NaN,NaN,NaN,NaN,NaN,NaN,NaN
823.13,36.04,29.13,36.00,20.00,AUTO,0,44,NaN,-4.20,48.50,0.07,44.36,NaN,NaN,NaN,NaN,NaN,NaN,NaN,NaN,NaN,NaN
824.14,36.06,29.13,36.00,20.00,AUTO,0,44,NaN,-4.20,48.50,0.07,44.36,NaN,NaN,NaN,NaN,NaN,NaN,NaN,NaN,NaN,NaN
825.13,36.06,29.13,36.00,20.00,AUTO,0,44,NaN,-4.20,48.50,0.07,44.36,NaN,NaN,NaN,NaN,NaN,NaN,NaN,NaN,NaN,NaN
826.13,36.06,29.13,36.00,20.00,AUTO,0,44,NaN,-4.20,48.50,0.07,44.36,NaN,NaN,NaN,NaN,NaN,NaN,NaN,NaN,NaN,NaN
827.13,36.04,29.13,36.00,20.00,AUTO,0,45,NaN,-3.60,48.21,0.73,45.35,NaN,NaN,NaN,NaN,NaN,NaN,NaN,NaN,NaN,NaN
828.13,36.03,29.13,36.00,20.00,AUTO,0,45,NaN,-3.60,48.21,0.73,45.35,NaN,NaN,NaN,NaN,NaN,NaN,NaN,NaN,NaN,NaN
829.13,36.03,29.13,36.00,20.00,AUTO,0,45,NaN,-3.60,48.21,0.73,45.35,NaN,NaN,NaN,NaN,NaN,NaN,NaN,NaN,NaN,NaN
830.14,36.03,29.13,36.00,20.00,AUTO,0,45,NaN,-3.60,48.21,0.73,45.35,NaN,NaN,NaN,NaN,NaN,NaN,NaN,NaN,NaN,NaN
831.14,36.03,29.16,36.00,20.00,AUTO,0,45,NaN,-3.60,48.21,0.73,45.35,NaN,NaN,NaN,NaN,NaN,NaN,NaN,NaN,NaN,NaN
832.14,36.02,29.16,36.00,20.00,AUTO,0,45,NaN,-3.60,48.21,0.73,45.35,NaN,NaN,NaN,NaN,NaN,NaN,NaN,NaN,NaN,NaN
833.14,36.03,29.16,36.00,20.00,AUTO,0,45,NaN,-3.60,48.21,0.73,45.35,NaN,NaN,NaN,NaN,NaN,NaN,NaN,NaN,NaN,NaN
834.14,36.04,29.16,36.00,20.00,AUTO,0,45,NaN,-3.60,48.21,0.73,45.35,NaN,NaN,NaN,NaN,NaN,NaN,NaN,NaN,NaN,NaN
835.14,36.04,29.16,36.00,20.00,AUTO,0,45,NaN,-3.60,48.21,0.73,45.35,NaN,NaN,NaN,NaN,NaN,NaN,NaN,NaN,NaN,NaN
836.14,36.04,29.16,36.00,20.00,AUTO,0,45,NaN,-3.60,48.21,0.73,45.35,NaN,NaN,NaN,NaN,NaN,NaN,NaN,NaN,NaN,NaN
837.15,36.03,29.16,36.00,20.00,AUTO,0,45,NaN,-3.60,48.21,0.73,45.35,NaN,NaN,NaN,NaN,NaN,NaN,NaN,NaN,NaN,NaN
838.15,36.04,29.16,36.00,20.00,AUTO,0,45,NaN,-3.60,48.21,0.73,45.35,NaN,NaN,NaN,NaN,NaN,NaN,NaN,NaN,NaN,NaN
839.15,36.04,29.16,36.00,20.00,AUTO,0,45,NaN,-3.60,48.21,0.73,45.35,NaN,NaN,NaN,NaN,NaN,NaN,NaN,NaN,NaN,NaN
840.15,36.03,29.16,36.00,20.00,AUTO,0,45,NaN,-3.60,48.21,0.73,45.35,NaN,NaN,NaN,NaN,NaN,NaN,NaN,NaN,NaN,NaN
841.15,36.03,29.16,36.00,20.00,AUTO,0,45,NaN,-3.60,48.21,0.73,45.35,NaN,NaN,NaN,NaN,NaN,NaN,NaN,NaN,NaN,NaN
842.16,36.03,29.16,36.00,20.00,AUTO,0,48,NaN,-1.80,48.01,1.29,47.50,NaN,NaN,NaN,NaN,NaN,NaN,NaN,NaN,NaN,NaN
843.16,36.03,29.16,36.00,20.00,AUTO,0,48,NaN,-1.80,48.01,1.29,47.50,NaN,NaN,NaN,NaN,NaN,NaN,NaN,NaN,NaN,NaN
844.16,36.03,29.16,36.00,20.00,AUTO,0,48,NaN,-1.80,48.01,1.29,47.50,NaN,NaN,NaN,NaN,NaN,NaN,NaN,NaN,NaN,NaN
845.16,36.02,29.16,36.00,20.00,AUTO,0,48,NaN,-1.80,48.01,1.29,47.50,NaN,NaN,NaN,NaN,NaN,NaN,NaN,NaN,NaN,NaN
846.16,36.02,29.16,36.00,20.00,AUTO,0,48,NaN,-1.80,48.01,1.29,47.50,NaN,NaN,NaN,NaN,NaN,NaN,NaN,NaN,NaN,NaN
847.16,36.01,29.16,36.00,20.00,AUTO,0,48,NaN,-1.80,48.01,1.29,47.50,NaN,NaN,NaN,NaN,NaN,NaN,NaN,NaN,NaN,NaN
848.16,36.02,29.16,36.00,20.00,AUTO,0,48,NaN,-1.80,48.01,1.29,47.50,NaN,NaN,NaN,NaN,NaN,NaN,NaN,NaN,NaN,NaN
849.16,36.02,29.16,36.00,20.00,AUTO,0,48,NaN,-1.80,48.01,1.29,47.50,NaN,NaN,NaN,NaN,NaN,NaN,NaN,NaN,NaN,NaN
850.17,36.03,29.16,36.00,20.00,AUTO,0,48,NaN,-1.80,48.01,1.29,47.50,NaN,NaN,NaN,NaN,NaN,NaN,NaN,NaN,NaN,NaN
851.17,36.02,29.16,36.00,20.00,AUTO,0,48,NaN,-1.80,48.01,1.29,47.50,NaN,NaN,NaN,NaN,NaN,NaN,NaN,NaN,NaN,NaN
852.17,36.02,29.20,36.00,20.00,AUTO,0,48,NaN,-1.80,48.01,1.29,47.50,NaN,NaN,NaN,NaN,NaN,NaN,NaN,NaN,NaN,NaN
853.17,36.02,29.20,36.00,20.00,AUTO,0,48,NaN,-1.80,48.01,1.29,47.50,NaN,NaN,NaN,NaN,NaN,NaN,NaN,NaN,NaN,NaN
854.17,36.02,29.20,36.00,20.00,AUTO,0,48,NaN,-1.80,48.01,1.29,47.50,NaN,NaN,NaN,NaN,NaN,NaN,NaN,NaN,NaN,NaN
855.18,36.02,29.20,36.00,20.00,AUTO,0,48,NaN,-1.80,48.01,1.29,47.50,NaN,NaN,NaN,NaN,NaN,NaN,NaN,NaN,NaN,NaN
856.18,36.02,29.20,36.00,20.00,AUTO,0,48,NaN,-1.80,48.01,1.29,47.50,NaN,NaN,NaN,NaN,NaN,NaN,NaN,NaN,NaN,NaN
857.18,36.01,29.24,36.00,20.00,AUTO,0,48,NaN,-1.20,47.88,1.38,48.06,NaN,NaN,NaN,NaN,NaN,NaN,NaN,NaN,NaN,NaN
858.18,36.01,29.24,36.00,20.00,AUTO,0,48,NaN,-1.20,47.88,1.38,48.06,NaN,NaN,NaN,NaN,NaN,NaN,NaN,NaN,NaN,NaN
859.18,36.01,29.24,36.00,20.00,AUTO,0,48,NaN,-1.20,47.88,1.38,48.06,NaN,NaN,NaN,NaN,NaN,NaN,NaN,NaN,NaN,NaN
860.18,36.01,29.24,36.00,20.00,AUTO,0,48,NaN,-1.20,47.88,1.38,48.06,NaN,NaN,NaN,NaN,NaN,NaN,NaN,NaN,NaN,NaN
861.18,36.00,29.24,36.00,20.00,AUTO,0,48,NaN,-1.20,47.88,1.38,48.06,NaN,NaN,NaN,NaN,NaN,NaN,NaN,NaN,NaN,NaN
862.18,36.00,29.24,36.00,20.00,AUTO,0,48,NaN,-1.20,47.88,1.38,48.06,NaN,NaN,NaN,NaN,NaN,NaN,NaN,NaN,NaN,NaN
863.19,36.00,29.24,36.00,20.00,AUTO,0,48,NaN,-1.20,47.88,1.38,48.06,NaN,NaN,NaN,NaN,NaN,NaN,NaN,NaN,NaN,NaN
864.19,36.01,29.24,36.00,20.00,AUTO,0,48,NaN,-1.20,47.88,1.38,48.06,NaN,NaN,NaN,NaN,NaN,NaN,NaN,NaN,NaN,NaN
865.19,36.01,29.24,36.00,20.00,AUTO,0,48,NaN,-1.20,47.88,1.38,48.06,NaN,NaN,NaN,NaN,NaN,NaN,NaN,NaN,NaN,NaN
866.19,36.01,29.24,36.00,20.00,AUTO,0,48,NaN,-1.20,47.88,1.38,48.06,NaN,NaN,NaN,NaN,NaN,NaN,NaN,NaN,NaN,NaN
867.19,36.01,29.24,36.00,20.00,AUTO,0,48,NaN,-1.20,47.88,1.38,48.06,NaN,NaN,NaN,NaN,NaN,NaN,NaN,NaN,NaN,NaN
868.19,36.01,29.24,36.00,20.00,AUTO,0,48,NaN,-1.20,47.88,1.38,48.06,NaN,NaN,NaN,NaN,NaN,NaN,NaN,NaN,NaN,NaN
869.20,36.01,29.24,36.00,20.00,AUTO,0,48,NaN,-1.20,47.88,1.38,48.06,NaN,NaN,NaN,NaN,NaN,NaN,NaN,NaN,NaN,NaN
870.20,36.01,29.24,36.00,20.00,AUTO,0,48,NaN,-1.20,47.88,1.38,48.06,NaN,NaN,NaN,NaN,NaN,NaN,NaN,NaN,NaN,NaN
871.20,36.01,29.24,36.00,20.00,AUTO,0,48,NaN,-1.20,47.88,1.38,48.06,NaN,NaN,NaN,NaN,NaN,NaN,NaN,NaN,NaN,NaN
872.20,36.00,29.29,36.00,20.00,AUTO,0,48,NaN,-0.60,47.83,0.88,48.11,NaN,NaN,NaN,NaN,NaN,NaN,NaN,NaN,NaN,NaN
873.20,36.00,29.27,36.00,20.00,AUTO,0,48,NaN,-0.60,47.83,0.88,48.11,NaN,NaN,NaN,NaN,NaN,NaN,NaN,NaN,NaN,NaN
874.21,36.00,29.27,36.00,20.00,AUTO,0,48,NaN,-0.60,47.83,0.88,48.11,NaN,NaN,NaN,NaN,NaN,NaN,NaN,NaN,NaN,NaN
875.21,36.00,29.27,36.00,20.00,AUTO,0,48,NaN,-0.60,47.83,0.88,48.11,NaN,NaN,NaN,NaN,NaN,NaN,NaN,NaN,NaN,NaN
876.21,36.00,29.27,36.00,20.00,AUTO,0,48,NaN,-0.60,47.83,0.88,48.11,NaN,NaN,NaN,NaN,NaN,NaN,NaN,NaN,NaN,NaN
877.21,36.00,29.27,36.00,20.00,AUTO,0,48,NaN,-0.60,47.83,0.88,48.11,NaN,NaN,NaN,NaN,NaN,NaN,NaN,NaN,NaN,NaN
878.21,36.00,29.27,36.00,20.00,AUTO,0,48,NaN,-0.60,47.83,0.88,48.11,NaN,NaN,NaN,NaN,NaN,NaN,NaN,NaN,NaN,NaN
879.21,36.00,29.27,36.00,20.00,AUTO,0,48,NaN,-0.60,47.83,0.88,48.11,NaN,NaN,NaN,NaN,NaN,NaN,NaN,NaN,NaN,NaN
880.21,36.00,29.27,36.00,20.00,AUTO,0,48,NaN,-0.60,47.83,0.88,48.11,NaN,NaN,NaN,NaN,NaN,NaN,NaN,NaN,NaN,NaN
881.21,36.00,29.29,36.00,20.00,AUTO,0,48,NaN,-0.60,47.83,0.88,48.11,NaN,NaN,NaN,NaN,NaN,NaN,NaN,NaN,NaN,NaN
882.22,36.00,29.29,36.00,20.00,AUTO,0,48,NaN,-0.60,47.83,0.88,48.11,NaN,NaN,NaN,NaN,NaN,NaN,NaN,NaN,NaN,NaN
883.22,36.00,29.32,36.00,20.00,AUTO,0,48,NaN,-0.60,47.83,0.88,48.11,NaN,NaN,NaN,NaN,NaN,NaN,NaN,NaN,NaN,NaN
884.22,36.00,29.31,36.00,20.00,AUTO,0,48,NaN,-0.60,47.83,0.88,48.11,NaN,NaN,NaN,NaN,NaN,NaN,NaN,NaN,NaN,NaN
885.22,36.00,29.31,36.00,20.00,AUTO,0,48,NaN,-0.60,47.83,0.88,48.11,NaN,NaN,NaN,NaN,NaN,NaN,NaN,NaN,NaN,NaN
886.22,35.99,29.31,36.00,20.00,AUTO,0,48,NaN,-0.60,47.83,0.88,48.11,NaN,NaN,NaN,NaN,NaN,NaN,NaN,NaN,NaN,NaN
887.23,35.98,29.31,36.00,20.00,AUTO,0,49,NaN,0.30,47.84,1.06,49.20,NaN,NaN,NaN,NaN,NaN,NaN,NaN,NaN,NaN,NaN
888.23,35.98,29.31,36.00,20.00,AUTO,0,49,NaN,0.30,47.84,1.06,49.20,NaN,NaN,NaN,NaN,NaN,NaN,NaN,NaN,NaN,NaN
889.23,35.98,29.31,36.00,20.00,AUTO,0,49,NaN,0.30,47.84,1.06,49.20,NaN,NaN,NaN,NaN,NaN,NaN,NaN,NaN,NaN,NaN
890.23,35.98,29.31,36.00,20.00,AUTO,0,49,NaN,0.30,47.84,1.06,49.20,NaN,NaN,NaN,NaN,NaN,NaN,NaN,NaN,NaN,NaN
891.23,35.97,29.31,36.00,20.00,AUTO,0,49,NaN,0.30,47.84,1.06,49.20,NaN,NaN,NaN,NaN,NaN,NaN,NaN,NaN,NaN,NaN
892.23,35.97,29.31,36.00,20.00,AUTO,0,49,NaN,0.30,47.84,1.06,49.20,NaN,NaN,NaN,NaN,NaN,NaN,NaN,NaN,NaN,NaN
893.24,35.97,29.31,36.00,20.00,AUTO,0,49,NaN,0.30,47.84,1.06,49.20,NaN,NaN,NaN,NaN,NaN,NaN,NaN,NaN,NaN,NaN
894.23,35.96,29.31,36.00,20.00,AUTO,0,49,NaN,0.30,47.84,1.06,49.20,NaN,NaN,NaN,NaN,NaN,NaN,NaN,NaN,NaN,NaN
895.24,35.98,29.31,36.00,20.00,AUTO,0,49,NaN,0.30,47.84,1.06,49.20,NaN,NaN,NaN,NaN,NaN,NaN,NaN,NaN,NaN,NaN
896.24,35.98,29.31,36.00,20.00,AUTO,0,49,NaN,0.30,47.84,1.06,49.20,NaN,NaN,NaN,NaN,NaN,NaN,NaN,NaN,NaN,NaN
897.24,35.98,29.31,36.00,20.00,AUTO,0,49,NaN,0.30,47.84,1.06,49.20,NaN,NaN,NaN,NaN,NaN,NaN,NaN,NaN,NaN,NaN
898.24,35.98,29.31,36.00,20.00,AUTO,0,49,NaN,0.30,47.84,1.06,49.20,NaN,NaN,NaN,NaN,NaN,NaN,NaN,NaN,NaN,NaN
899.24,35.98,29.31,36.00,20.00,AUTO,0,49,NaN,0.30,47.84,1.06,49.20,NaN,NaN,NaN,NaN,NaN,NaN,NaN,NaN,NaN,NaN
900.24,35.98,29.31,36.00,20.00,AUTO,0,49,NaN,0.30,47.84,1.06,49.20,NaN,NaN,NaN,NaN,NaN,NaN,NaN,NaN,NaN,NaN
901.25,35.97,29.31,36.00,20.00,AUTO,0,49,NaN,0.30,47.84,1.06,49.20,NaN,NaN,NaN,NaN,NaN,NaN,NaN,NaN,NaN,NaN
902.25,35.96,29.31,36.00,20.00,AUTO,0,51,NaN,1.50,47.98,1.93,51.41,NaN,NaN,NaN,NaN,NaN,NaN,NaN,NaN,NaN,NaN
903.25,35.96,29.31,36.00,20.00,AUTO,0,51,NaN,1.50,47.98,1.93,51.41,NaN,NaN,NaN,NaN,NaN,NaN,NaN,NaN,NaN,NaN
904.25,35.96,29.35,36.00,20.00,AUTO,0,51,NaN,1.50,47.98,1.93,51.41,NaN,NaN,NaN,NaN,NaN,NaN,NaN,NaN,NaN,NaN
905.25,35.96,29.35,36.00,20.00,AUTO,0,51,NaN,1.50,47.98,1.93,51.41,NaN,NaN,NaN,NaN,NaN,NaN,NaN,NaN,NaN,NaN
906.26,35.96,29.35,36.00,20.00,AUTO,0,51,NaN,1.50,47.98,1.93,51.41,NaN,NaN,NaN,NaN,NaN,NaN,NaN,NaN,NaN,NaN
907.26,35.95,29.35,36.00,20.00,AUTO,0,51,NaN,1.50,47.98,1.93,51.41,NaN,NaN,NaN,NaN,NaN,NaN,NaN,NaN,NaN,NaN
908.26,35.96,29.35,36.00,20.00,AUTO,0,51,NaN,1.50,47.98,1.93,51.41,NaN,NaN,NaN,NaN,NaN,NaN,NaN,NaN,NaN,NaN
909.26,35.96,29.35,36.00,20.00,AUTO,0,51,NaN,1.50,47.98,1.93,51.41,NaN,NaN,NaN,NaN,NaN,NaN,NaN,NaN,NaN,NaN
910.26,35.97,29.35,36.00,20.00,AUTO,0,51,NaN,1.50,47.98,1.93,51.41,NaN,NaN,NaN,NaN,NaN,NaN,NaN,NaN,NaN,NaN
911.26,35.97,29.35,36.00,20.00,AUTO,0,51,NaN,1.50,47.98,1.93,51.41,NaN,NaN,NaN,NaN,NaN,NaN,NaN,NaN,NaN,NaN
912.26,35.97,29.35,36.00,20.00,AUTO,0,51,NaN,1.50,47.98,1.93,51.41,NaN,NaN,NaN,NaN,NaN,NaN,NaN,NaN,NaN,NaN
913.26,35.97,29.35,36.00,20.00,AUTO,0,51,NaN,1.50,47.98,1.93,51.41,NaN,NaN,NaN,NaN,NaN,NaN,NaN,NaN,NaN,NaN
914.27,35.97,29.35,36.00,20.00,AUTO,0,51,NaN,1.50,47.98,1.93,51.41,NaN,NaN,NaN,NaN,NaN,NaN,NaN,NaN,NaN,NaN
915.27,35.97,29.35,36.00,20.00,AUTO,0,51,NaN,1.50,47.98,1.93,51.41,NaN,NaN,NaN,NaN,NaN,NaN,NaN,NaN,NaN,NaN
916.27,35.97,29.35,36.00,20.00,AUTO,0,51,NaN,1.50,47.98,1.93,51.41,NaN,NaN,NaN,NaN,NaN,NaN,NaN,NaN,NaN,NaN
917.27,35.96,29.35,36.00,20.00,AUTO,0,51,NaN,1.80,48.20,0.55,50.55,NaN,NaN,NaN,NaN,NaN,NaN,NaN,NaN,NaN,NaN
918.27,35.96,29.35,36.00,20.00,AUTO,0,51,NaN,1.80,48.20,0.55,50.55,NaN,NaN,NaN,NaN,NaN,NaN,NaN,NaN,NaN,NaN
919.28,35.96,29.35,36.00,20.00,AUTO,0,51,NaN,1.80,48.20,0.55,50.55,NaN,NaN,NaN,NaN,NaN,NaN,NaN,NaN,NaN,NaN
920.28,35.96,29.35,36.00,20.00,AUTO,0,51,NaN,1.80,48.20,0.55,50.55,NaN,NaN,NaN,NaN,NaN,NaN,NaN,NaN,NaN,NaN
921.28,35.96,29.35,36.00,20.00,AUTO,0,51,NaN,1.80,48.20,0.55,50.55,NaN,NaN,NaN,NaN,NaN,NaN,NaN,NaN,NaN,NaN
922.28,35.96,29.35,36.00,20.00,AUTO,0,51,NaN,1.80,48.20,0.55,50.55,NaN,NaN,NaN,NaN,NaN,NaN,NaN,NaN,NaN,NaN
923.28,35.96,29.35,36.00,20.00,AUTO,0,51,NaN,1.80,48.20,0.55,50.55,NaN,NaN,NaN,NaN,NaN,NaN,NaN,NaN,NaN,NaN
924.28,35.95,29.35,36.00,20.00,AUTO,0,51,NaN,1.80,48.20,0.55,50.55,NaN,NaN,NaN,NaN,NaN,NaN,NaN,NaN,NaN,NaN
925.29,35.97,29.39,36.00,20.00,AUTO,0,51,NaN,1.80,48.20,0.55,50.55,NaN,NaN,NaN,NaN,NaN,NaN,NaN,NaN,NaN,NaN
926.28,35.97,29.35,36.00,20.00,AUTO,0,51,NaN,1.80,48.20,0.55,50.55,NaN,NaN,NaN,NaN,NaN,NaN,NaN,NaN,NaN,NaN
927.29,35.97,29.35,36.00,20.00,AUTO,0,51,NaN,1.80,48.20,0.55,50.55,NaN,NaN,NaN,NaN,NaN,NaN,NaN,NaN,NaN,NaN
928.29,35.97,29.35,36.00,20.00,AUTO,0,51,NaN,1.80,48.20,0.55,50.55,NaN,NaN,NaN,NaN,NaN,NaN,NaN,NaN,NaN,NaN
929.29,35.98,29.39,36.00,20.00,AUTO,0,51,NaN,1.80,48.20,0.55,50.55,NaN,NaN,NaN,NaN,NaN,NaN,NaN,NaN,NaN,NaN
930.29,35.98,29.35,36.00,20.00,AUTO,0,51,NaN,1.80,48.20,0.55,50.55,NaN,NaN,NaN,NaN,NaN,NaN,NaN,NaN,NaN,NaN
931.29,35.98,29.39,36.00,20.00,AUTO,0,51,NaN,1.80,48.20,0.55,50.55,NaN,NaN,NaN,NaN,NaN,NaN,NaN,NaN,NaN,NaN
932.30,35.98,29.35,36.00,20.00,AUTO,0,49,NaN,1.20,48.40,-0.70,48.90,NaN,NaN,NaN,NaN,NaN,NaN,NaN,NaN,NaN,NaN
933.30,35.98,29.35,36.00,20.00,AUTO,0,49,NaN,1.20,48.40,-0.70,48.90,NaN,NaN,NaN,NaN,NaN,NaN,NaN,NaN,NaN,NaN
934.30,35.98,29.35,36.00,20.00,AUTO,0,49,NaN,1.20,48.40,-0.70,48.90,NaN,NaN,NaN,NaN,NaN,NaN,NaN,NaN,NaN,NaN
935.30,35.98,29.35,36.00,20.00,AUTO,0,49,NaN,1.20,48.40,-0.70,48.90,NaN,NaN,NaN,NaN,NaN,NaN,NaN,NaN,NaN,NaN
936.30,35.99,29.35,36.00,20.00,AUTO,0,49,NaN,1.20,48.40,-0.70,48.90,NaN,NaN,NaN,NaN,NaN,NaN,NaN,NaN,NaN,NaN
937.30,35.98,29.35,36.00,20.00,AUTO,0,49,NaN,1.20,48.40,-0.70,48.90,NaN,NaN,NaN,NaN,NaN,NaN,NaN,NaN,NaN,NaN
938.31,35.99,29.35,36.00,20.00,AUTO,0,49,NaN,1.20,48.40,-0.70,48.90,NaN,NaN,NaN,NaN,NaN,NaN,NaN,NaN,NaN,NaN
939.31,35.99,29.35,36.00,20.00,AUTO,0,49,NaN,1.20,48.40,-0.70,48.90,NaN,NaN,NaN,NaN,NaN,NaN,NaN,NaN,NaN,NaN
940.31,36.00,29.35,36.00,20.00,AUTO,0,49,NaN,1.20,48.40,-0.70,48.90,NaN,NaN,NaN,NaN,NaN,NaN,NaN,NaN,NaN,NaN
941.31,36.01,29.36,36.00,20.00,AUTO,0,49,NaN,1.20,48.40,-0.70,48.90,NaN,NaN,NaN,NaN,NaN,NaN,NaN,NaN,NaN,NaN
942.31,36.01,29.36,36.00,20.00,AUTO,0,49,NaN,1.20,48.40,-0.70,48.90,NaN,NaN,NaN,NaN,NaN,NaN,NaN,NaN,NaN,NaN
943.31,36.01,29.36,36.00,20.00,AUTO,0,49,NaN,1.20,48.40,-0.70,48.90,NaN,NaN,NaN,NaN,NaN,NaN,NaN,NaN,NaN,NaN
944.31,36.01,29.36,36.00,20.00,AUTO,0,49,NaN,1.20,48.40,-0.70,48.90,NaN,NaN,NaN,NaN,NaN,NaN,NaN,NaN,NaN,NaN
945.31,36.01,29.36,36.00,20.00,AUTO,0,49,NaN,1.20,48.40,-0.70,48.90,NaN,NaN,NaN,NaN,NaN,NaN,NaN,NaN,NaN,NaN
946.32,36.01,29.36,36.00,20.00,AUTO,0,49,NaN,1.20,48.40,-0.70,48.90,NaN,NaN,NaN,NaN,NaN,NaN,NaN,NaN,NaN,NaN
947.32,36.00,29.35,36.00,20.00,AUTO,0,44,NaN,-0.60,48.43,-3.48,44.34,NaN,NaN,NaN,NaN,NaN,NaN,NaN,NaN,NaN,NaN
948.32,36.00,29.36,36.00,20.00,AUTO,0,44,NaN,-0.60,48.43,-3.48,44.34,NaN,NaN,NaN,NaN,NaN,NaN,NaN,NaN,NaN,NaN
949.32,36.00,29.35,36.00,20.00,AUTO,0,44,NaN,-0.60,48.43,-3.48,44.34,NaN,NaN,NaN,NaN,NaN,NaN,NaN,NaN,NaN,NaN
950.32,36.00,29.36,36.00,20.00,AUTO,0,44,NaN,-0.60,48.43,-3.48,44.34,NaN,NaN,NaN,NaN,NaN,NaN,NaN,NaN,NaN,NaN
951.33,36.00,29.36,36.00,20.00,AUTO,0,44,NaN,-0.60,48.43,-3.48,44.34,NaN,NaN,NaN,NaN,NaN,NaN,NaN,NaN,NaN,NaN
952.33,36.00,29.35,36.00,20.00,AUTO,0,44,NaN,-0.60,48.43,-3.48,44.34,NaN,NaN,NaN,NaN,NaN,NaN,NaN,NaN,NaN,NaN
953.33,36.00,29.36,36.00,20.00,AUTO,0,44,NaN,-0.60,48.43,-3.48,44.34,NaN,NaN,NaN,NaN,NaN,NaN,NaN,NaN,NaN,NaN
954.33,36.01,29.36,36.00,20.00,AUTO,0,44,NaN,-0.60,48.43,-3.48,44.34,NaN,NaN,NaN,NaN,NaN,NaN,NaN,NaN,NaN,NaN
955.33,36.01,29.36,36.00,20.00,AUTO,0,44,NaN,-0.60,48.43,-3.48,44.34,NaN,NaN,NaN,NaN,NaN,NaN,NaN,NaN,NaN,NaN
956.33,36.01,29.36,36.00,20.00,AUTO,0,44,NaN,-0.60,48.43,-3.48,44.34,NaN,NaN,NaN,NaN,NaN,NaN,NaN,NaN,NaN,NaN
957.33,36.01,29.36,36.00,20.00,AUTO,0,44,NaN,-0.60,48.43,-3.48,44.34,NaN,NaN,NaN,NaN,NaN,NaN,NaN,NaN,NaN,NaN
958.34,36.01,29.36,36.00,20.00,AUTO,0,44,NaN,-0.60,48.43,-3.48,44.34,NaN,NaN,NaN,NaN,NaN,NaN,NaN,NaN,NaN,NaN
959.34,36.01,29.36,36.00,20.00,AUTO,0,44,NaN,-0.60,48.43,-3.48,44.34,NaN,NaN,NaN,NaN,NaN,NaN,NaN,NaN,NaN,NaN
960.34,36.01,29.36,36.00,20.00,AUTO,0,44,NaN,-0.60,48.43,-3.48,44.34,NaN,NaN,NaN,NaN,NaN,NaN,NaN,NaN,NaN,NaN
961.34,36.01,29.36,36.00,20.00,AUTO,0,44,NaN,-0.60,48.43,-3.48,44.34,NaN,NaN,NaN,NaN,NaN,NaN,NaN,NaN,NaN,NaN
962.35,36.01,29.36,36.00,20.00,AUTO,0,48,NaN,-0.60,48.40,-0.24,47.56,NaN,NaN,NaN,NaN,NaN,NaN,NaN,NaN,NaN,NaN
963.34,36.01,29.36,36.00,20.00,AUTO,0,48,NaN,-0.60,48.40,-0.24,47.56,NaN,NaN,NaN,NaN,NaN,NaN,NaN,NaN,NaN,NaN
964.35,36.00,29.36,36.00,20.00,AUTO,0,48,NaN,-0.60,48.40,-0.24,47.56,NaN,NaN,NaN,NaN,NaN,NaN,NaN,NaN,NaN,NaN
965.35,36.01,29.36,36.00,20.00,AUTO,0,48,NaN,-0.60,48.40,-0.24,47.56,NaN,NaN,NaN,NaN,NaN,NaN,NaN,NaN,NaN,NaN
966.35,36.01,29.36,36.00,20.00,AUTO,0,48,NaN,-0.60,48.40,-0.24,47.56,NaN,NaN,NaN,NaN,NaN,NaN,NaN,NaN,NaN,NaN
967.35,36.01,29.36,36.00,20.00,AUTO,0,48,NaN,-0.60,48.40,-0.24,47.56,NaN,NaN,NaN,NaN,NaN,NaN,NaN,NaN,NaN,NaN
968.35,36.01,29.36,36.00,20.00,AUTO,0,48,NaN,-0.60,48.40,-0.24,47.56,NaN,NaN,NaN,NaN,NaN,NaN,NaN,NaN,NaN,NaN
969.36,36.01,29.36,36.00,20.00,AUTO,0,48,NaN,-0.60,48.40,-0.24,47.56,NaN,NaN,NaN,NaN,NaN,NaN,NaN,NaN,NaN,NaN
970.36,36.01,29.36,36.00,20.00,AUTO,0,48,NaN,-0.60,48.40,-0.24,47.56,NaN,NaN,NaN,NaN,NaN,NaN,NaN,NaN,NaN,NaN
971.36,36.01,29.36,36.00,20.00,AUTO,0,48,NaN,-0.60,48.40,-0.24,47.56,NaN,NaN,NaN,NaN,NaN,NaN,NaN,NaN,NaN,NaN
972.36,36.01,29.41,36.00,20.00,AUTO,0,48,NaN,-0.60,48.40,-0.24,47.56,NaN,NaN,NaN,NaN,NaN,NaN,NaN,NaN,NaN,NaN
973.36,36.01,29.41,36.00,20.00,AUTO,0,48,NaN,-0.60,48.40,-0.24,47.56,NaN,NaN,NaN,NaN,NaN,NaN,NaN,NaN,NaN,NaN
974.36,36.01,29.41,36.00,20.00,AUTO,0,48,NaN,-0.60,48.40,-0.24,47.56,NaN,NaN,NaN,NaN,NaN,NaN,NaN,NaN,NaN,NaN
975.36,36.01,29.41,36.00,20.00,AUTO,0,48,NaN,-0.60,48.40,-0.24,47.56,NaN,NaN,NaN,NaN,NaN,NaN,NaN,NaN,NaN,NaN
976.36,36.01,29.36,36.00,20.00,AUTO,0,48,NaN,-0.60,48.40,-0.24,47.56,NaN,NaN,NaN,NaN,NaN,NaN,NaN,NaN,NaN,NaN
977.37,36.01,29.41,36.00,20.00,AUTO,0,48,NaN,-0.60,48.34,-0.06,47.68,NaN,NaN,NaN,NaN,NaN,NaN,NaN,NaN,NaN,NaN
978.37,36.01,29.41,36.00,20.00,AUTO,0,48,NaN,-0.60,48.34,-0.06,47.68,NaN,NaN,NaN,NaN,NaN,NaN,NaN,NaN,NaN,NaN
979.37,36.01,29.41,36.00,20.00,AUTO,0,48,NaN,-0.60,48.34,-0.06,47.68,NaN,NaN,NaN,NaN,NaN,NaN,NaN,NaN,NaN,NaN
980.37,36.01,29.41,36.00,20.00,AUTO,0,48,NaN,-0.60,48.34,-0.06,47.68,NaN,NaN,NaN,NaN,NaN,NaN,NaN,NaN,NaN,NaN
981.37,36.01,29.41,36.00,20.00,AUTO,0,48,NaN,-0.60,48.34,-0.06,47.68,NaN,NaN,NaN,NaN,NaN,NaN,NaN,NaN,NaN,NaN
982.37,36.01,29.41,36.00,20.00,AUTO,0,48,NaN,-0.60,48.34,-0.06,47.68,NaN,NaN,NaN,NaN,NaN,NaN,NaN,NaN,NaN,NaN
983.38,36.00,29.41,36.00,20.00,AUTO,0,48,NaN,-0.60,48.34,-0.06,47.68,NaN,NaN,NaN,NaN,NaN,NaN,NaN,NaN,NaN,NaN
984.38,36.01,29.41,36.00,20.00,AUTO,0,48,NaN,-0.60,48.34,-0.06,47.68,NaN,NaN,NaN,NaN,NaN,NaN,NaN,NaN,NaN,NaN
985.38,36.01,29.41,36.00,20.00,AUTO,0,48,NaN,-0.60,48.34,-0.06,47.68,NaN,NaN,NaN,NaN,NaN,NaN,NaN,NaN,NaN,NaN
986.38,36.01,29.41,36.00,20.00,AUTO,0,48,NaN,-0.60,48.34,-0.06,47.68,NaN,NaN,NaN,NaN,NaN,NaN,NaN,NaN,NaN,NaN
987.38,36.01,29.41,36.00,20.00,AUTO,0,48,NaN,-0.60,48.34,-0.06,47.68,NaN,NaN,NaN,NaN,NaN,NaN,NaN,NaN,NaN,NaN
988.39,36.01,29.41,36.00,20.00,AUTO,0,48,NaN,-0.60,48.34,-0.06,47.68,NaN,NaN,NaN,NaN,NaN,NaN,NaN,NaN,NaN,NaN
989.38,36.01,29.41,36.00,20.00,AUTO,0,48,NaN,-0.60,48.34,-0.06,47.68,NaN,NaN,NaN,NaN,NaN,NaN,NaN,NaN,NaN,NaN
990.39,36.01,29.45,36.00,20.00,AUTO,0,48,NaN,-0.60,48.34,-0.06,47.68,NaN,NaN,NaN,NaN,NaN,NaN,NaN,NaN,NaN,NaN
991.39,36.01,29.45,36.00,20.00,AUTO,0,48,NaN,-0.60,48.34,-0.06,47.68,NaN,NaN,NaN,NaN,NaN,NaN,NaN,NaN,NaN,NaN
992.39,36.01,29.45,36.00,20.00,AUTO,0,48,NaN,-0.60,48.28,0.03,47.72,NaN,NaN,NaN,NaN,NaN,NaN,NaN,NaN,NaN,NaN
993.39,36.01,29.45,36.00,20.00,AUTO,0,48,NaN,-0.60,48.28,0.03,47.72,NaN,NaN,NaN,NaN,NaN,NaN,NaN,NaN,NaN,NaN
994.39,36.01,29.45,36.00,20.00,AUTO,0,48,NaN,-0.60,48.28,0.03,47.72,NaN,NaN,NaN,NaN,NaN,NaN,NaN,NaN,NaN,NaN
995.39,36.01,29.45,36.00,20.00,AUTO,0,48,NaN,-0.60,48.28,0.03,47.72,NaN,NaN,NaN,NaN,NaN,NaN,NaN,NaN,NaN,NaN
996.40,36.01,29.45,36.00,20.00,AUTO,0,48,NaN,-0.60,48.28,0.03,47.72,NaN,NaN,NaN,NaN,NaN,NaN,NaN,NaN,NaN,NaN
997.40,36.01,29.45,36.00,20.00,AUTO,0,48,NaN,-0.60,48.28,0.03,47.72,NaN,NaN,NaN,NaN,NaN,NaN,NaN,NaN,NaN,NaN
998.40,36.01,29.45,36.00,20.00,AUTO,0,48,NaN,-0.60,48.28,0.03,47.72,NaN,NaN,NaN,NaN,NaN,NaN,NaN,NaN,NaN,NaN
999.40,36.01,29.45,36.00,20.00,AUTO,0,48,NaN,-0.60,48.28,0.03,47.72,NaN,NaN,NaN,NaN,NaN,NaN,NaN,NaN,NaN,NaN
1000.40,36.01,29.45,36.00,20.00,AUTO,0,48,NaN,-0.60,48.28,0.03,47.72,NaN,NaN,NaN,NaN,NaN,NaN,NaN,NaN,NaN,NaN
1001.41,36.01,29.45,36.00,20.00,AUTO,0,48,NaN,-0.60,48.28,0.03,47.72,NaN,NaN,NaN,NaN,NaN,NaN,NaN,NaN,NaN,NaN
1002.41,36.01,29.45,36.00,20.00,AUTO,0,48,NaN,-0.60,48.28,0.03,47.72,NaN,NaN,NaN,NaN,NaN,NaN,NaN,NaN,NaN,NaN
1003.41,36.01,29.45,36.00,20.00,AUTO,0,48,NaN,-0.60,48.28,0.03,47.72,NaN,NaN,NaN,NaN,NaN,NaN,NaN,NaN,NaN,NaN
1004.41,36.01,29.45,36.00,20.00,AUTO,0,48,NaN,-0.60,48.28,0.03,47.72,NaN,NaN,NaN,NaN,NaN,NaN,NaN,NaN,NaN,NaN
