Timestamp,Temperature,Humidity,Setpoint_Temperature,Setpoint_Humidity,Heater,Humidifier
2026-08-05 13:20:00,36.35,42.78,36.00,20.00,0,0
2026-08-05 13:20:01,36.34,42.82,36.00,20.00,0,0
2026-08-05 13:20:02,36.33,42.82,36.00,20.00,0,0
2026-08-05 13:20:03,36.32,42.85,36.00,20.00,0,0
2026-08-05 13:20:04,36.32,42.88,36.00,20.00,0,0
2026-08-05 13:20:05,36.31,42.88,36.00,20.00,0,0
2026-08-05 13:20:06,36.30,42.88,36.00,20.00,0,0
2026-08-05 13:20:07,36.29,42.92,36.00,20.00,0,0
2026-08-05 13:20:08,36.26,42.92,36.00,20.00,0,0
2026-08-05 13:20:09,36.25,42.92,36.00,20.00,0,0
2026-08-05 13:20:10,36.24,42.95,36.00,20.00,0,0
2026-08-05 13:20:11,36.23,42.99,36.00,20.00,0,0
2026-08-05 13:20:12,36.22,42.99,36.00,20.00,0,0
2026-08-05 13:20:13,36.21,43.02,36.00,20.00,0,0
2026-08-05 13:20:14,36.20,43.04,36.00,20.00,0,0
2026-08-05 13:20:15,36.19,43.04,36.00,20.00,0,0
2026-08-05 13:20:16,36.18,43.07,36.00,20.00,0,0
2026-08-05 13:20:17,36.16,43.11,36.00,20.00,0,0
2026-08-05 13:20:18,36.15,43.11,36.00,20.00,0,0
2026-08-05 13:20:19,36.14,43.14,36.00,20.00,0,0
2026-08-05 13:20:20,36.11,43.17,36.00,20.00,0,0
2026-08-05 13:20:21,36.10,43.20,36.00,20.00,0,0
2026-08-05 13:20:22,36.08,43.24,36.00,20.00,0,0
2026-08-05 13:20:23,36.07,43.24,36.00,20.00,0,0
2026-08-05 13:20:24,36.05,43.27,36.00,20.00,0,0
2026-08-05 13:20:25,36.03,43.34,36.00,20.00,0,0
2026-08-05 13:20:26,36.03,43.38,36.00,20.00,0,0
2026-08-05 13:20:27,36.02,43.39,36.00,20.00,0,0
2026-08-05 13:20:28,36.02,43.39,36.00,20.00,0,0
2026-08-05 13:20:29,36.02,43.43,36.00,20.00,0,0
2026-08-05 13:20:30,36.02,43.46,36.00,20.00,0,0
2026-08-05 13:20:31,36.00,43.46,36.00,20.00,0,0
2026-08-05 13:20:32,35.96,43.49,36.00,20.00,0,0
2026-08-05 13:20:33,35.94,43.53,36.00,20.00,0,0
2026-08-05 13:20:34,35.93,43.56,36.00,20.00,0,0
2026-08-05 13:20:35,35.91,43.56,36.00,20.00,0,0
2026-08-05 13:20:36,35.90,43.59,36.00,20.00,0,0
2026-08-05 13:20:37,35.88,43.63,36.00,20.00,0,0
2026-08-05 13:20:38,35.87,43.66,36.00,20.00,0,0
2026-08-05 13:20:39,35.85,43.66,36.00,20.00,0,0
2026-08-05 13:20:40,35.84,43.70,36.00,20.00,0,0
2026-08-05 13:20:41,35.82,43.71,36.00,20.00,0,0
2026-08-05 13:20:42,35.80,43.75,36.00,20.00,0,0
2026-08-05 13:20:43,35.79,43.75,36.00,20.00,0,0
2026-08-05 13:20:44,35.77,43.78,31.40,20.00,0,0
2026-08-05 13:20:45,35.76,43.81,25.00,20.00,0,0
2026-08-05 13:20:46,35.74,43.85,25.00,20.00,0,0
2026-08-05 13:20:47,35.73,43.88,25.00,20.00,0,0
2026-08-05 13:20:48,35.71,43.91,25.00,20.00,0,0
2026-08-05 13:20:49,35.69,43.91,25.00,20.00,0,0
2026-08-05 13:20:50,35.67,43.93,25.00,20.00,0,0
2026-08-05 13:20:51,35.66,43.96,25.00,20.00,0,0
2026-08-05 13:20:52,35.64,44.00,25.00,20.00,0,0
2026-08-05 13:20:53,35.62,44.06,25.00,20.00,0,0
2026-08-05 13:20:54,35.61,44.10,25.00,20.00,0,0
2026-08-05 13:20:55,35.60,44.13,25.00,20.00,0,0
2026-08-05 13:20:56,35.58,44.17,25.00,20.00,0,0
2026-08-05 13:20:57,35.57,44.20,25.00,20.00,0,0
2026-08-05 13:20:58,35.56,44.20,25.00,20.00,0,0
2026-08-05 13:20:59,35.54,44.23,25.00,20.00,0,0
2026-08-05 13:21:00,35.51,44.27,25.00,20.00,0,0
2026-08-05 13:21:01,35.50,44.30,25.00,20.00,0,0
2026-08-05 13:21:02,35.48,44.31,25.00,20.00,0,0
2026-08-05 13:21:03,35.47,44.31,25.00,20.00,0,0
2026-08-05 13:21:04,35.46,44.35,25.00,20.00,0,0
2026-08-05 13:21:05,35.44,44.38,25.00,20.00,0,0
2026-08-05 13:21:06,35.43,44.42,25.00,20.00,0,0
2026-08-05 13:21:07,35.41,44.42,25.00,20.00,0,0
2026-08-05 13:21:08,35.40,44.45,25.00,20.00,0,0
2026-08-05 13:21:09,35.37,44.49,25.00,20.00,0,0
2026-08-05 13:21:10,35.36,44.52,25.00,20.00,0,0
2026-08-05 13:21:11,35.35,44.52,25.00,20.00,0,0
2026-08-05 13:21:12,35.33,44.56,25.00,20.00,0,0
2026-08-05 13:21:13,35.32,44.56,25.00,20.00,0,0
2026-08-05 13:21:14,35.30,44.60,25.00,20.00,0,0
2026-08-05 13:21:15,35.29,44.63,25.00,20.00,0,0
2026-08-05 13:21:16,35.28,44.63,25.00,20.00,0,0
2026-08-05 13:21:17,35.26,44.70,25.00,20.00,0,0
2026-08-05 13:21:18,35.25,44.70,25.00,20.00,0,0
2026-08-05 13:21:19,35.23,44.74,25.00,20.00,0,0
2026-08-05 13:21:20,35.21,44.81,25.00,20.00,0,0
2026-08-05 13:21:21,35.20,44.84,25.00,20.00,0,0
2026-08-05 13:21:22,35.19,44.87,25.00,20.00,0,0
2026-08-05 13:21:23,35.17,44.87,25.00,20.00,0,0
2026-08-05 13:21:24,35.15,44.91,25.00,20.00,0,0
2026-08-05 13:21:25,35.14,44.92,25.00,20.00,0,0
2026-08-05 13:21:26,35.13,44.95,25.00,20.00,0,0
2026-08-05 13:21:27,35.12,44.99,25.00,20.00,0,0
2026-08-05 13:21:28,35.10,44.99,25.00,20.00,0,0
2026-08-05 13:21:29,35.08,45.02,25.00,20.00,0,0
2026-08-05 13:21:30,35.07,45.06,25.00,20.00,0,0
2026-08-05 13:21:31,35.05,45.09,25.00,20.00,0,0
2026-08-05 13:21:32,35.04,45.12,25.00,20.00,0,0
2026-08-05 13:21:33,35.02,45.12,25.00,20.00,0,0
2026-08-05 13:21:34,35.01,45.16,25.00,20.00,0,0
2026-08-05 13:21:35,35.01,45.19,25.00,20.00,0,0
2026-08-05 13:21:36,35.00,45.20,25.00,20.00,0,0
2026-08-05 13:21:37,34.99,45.23,25.00,20.00,0,0
2026-08-05 13:21:38,34.97,45.27,25.00,20.00,0,0
2026-08-05 13:21:39,34.96,45.27,25.00,20.00,0,0
2026-08-05 13:21:40,34.95,45.30,25.00,20.00,0,0
2026-08-05 13:21:41,34.93,45.34,25.00,20.00,0,0
2026-08-05 13:21:42,34.92,45.34,25.00,20.00,0,0
2026-08-05 13:21:43,34.90,45.37,25.00,20.00,0,0
2026-08-05 13:21:44,34.89,45.41,25.00,20.00,0,0
2026-08-05 13:21:45,34.87,45.44,25.00,20.00,0,0
2026-08-05 13:21:46,34.86,45.44,25.00,20.00,0,0
2026-08-05 13:21:47,34.84,45.48,25.00,20.00,0,0
2026-08-05 13:21:48,34.84,45.51,25.00,20.00,0,0
2026-08-05 13:21:49,34.82,45.55,25.00,20.00,0,0
2026-08-05 13:21:50,34.81,45.58,25.00,20.00,0,0
2026-08-05 13:21:51,34.78,45.58,25.00,20.00,0,0
2026-08-05 13:21:52,34.78,45.62,25.00,20.00,0,0
2026-08-05 13:21:53,34.76,45.65,25.00,20.00,0,0
2026-08-05 13:21:54,34.75,45.65,25.00,20.00,0,0
2026-08-05 13:21:55,34.74,45.69,25.00,20.00,0,0
2026-08-05 13:21:56,34.73,45.72,25.00,20.00,0,0
2026-08-05 13:21:57,34.72,45.76,25.00,20.00,0,0
2026-08-05 13:21:58,34.71,45.76,25.00,20.00,0,0
2026-08-05 13:21:59,34.69,45.79,25.00,20.00,0,0
2026-08-05 13:22:00,34.67,45.83,25.00,20.00,0,0
2026-08-05 13:22:01,34.67,45.86,25.00,20.00,0,0
2026-08-05 13:22:02,34.66,45.86,25.00,20.00,0,0
2026-08-05 13:22:03,34.66,45.89,25.00,20.00,0,0
2026-08-05 13:22:04,34.63,45.91,25.00,20.00,0,0
2026-08-05 13:22:05,34.62,45.91,25.00,20.00,0,0
2026-08-05 13:22:06,34.61,45.94,25.00,20.00,0,0
2026-08-05 13:22:07,34.59,45.97,25.00,20.00,0,0
2026-08-05 13:22:08,34.58,45.97,25.00,20.00,0,0
2026-08-05 13:22:09,34.57,46.00,25.00,20.00,0,0
2026-08-05 13:22:10,34.56,46.04,25.00,20.00,0,0
2026-08-05 13:22:11,34.55,46.04,25.00,20.00,0,0
2026-08-05 13:22:12,34.54,46.07,25.00,20.00,0,0
2026-08-05 13:22:13,34.53,46.10,25.00,20.00,0,0
2026-08-05 13:22:14,34.52,46.10,25.00,20.00,0,0
2026-08-05 13:22:15,34.51,46.14,25.00,20.00,0,0
2026-08-05 13:22:16,34.48,46.17,25.00,20.00,0,0
2026-08-05 13:22:17,34.47,46.19,25.00,20.00,0,0
2026-08-05 13:22:18,34.46,46.19,25.00,20.00,0,0
2026-08-05 13:22:19,34.45,46.22,25.00,20.00,0,0
2026-08-05 13:22:20,34.44,46.26,25.00,20.00,0,0
2026-08-05 13:22:21,34.43,46.26,25.00,20.00,0,0
2026-08-05 13:22:22,34.42,46.33,25.00,20.00,0,0
2026-08-05 13:22:23,34.41,46.33,25.00,20.00,0,0
2026-08-05 13:22:24,34.40,46.36,25.00,20.00,0,0
2026-08-05 13:22:25,34.39,46.39,25.00,20.00,0,0
2026-08-05 13:22:26,34.38,46.39,25.00,20.00,0,0
2026-08-05 13:22:27,34.37,46.42,25.00,20.00,0,0
2026-08-05 13:22:28,34.36,46.46,25.00,20.00,0,0
2026-08-05 13:22:29,34.34,46.46,25.00,20.00,0,0
2026-08-05 13:22:30,34.33,46.49,25.00,20.00,0,0
2026-08-05 13:22:31,34.32,46.53,25.00,20.00,0,0
2026-08-05 13:22:32,34.31,46.51,25.00,20.00,0,0
2026-08-05 13:22:33,34.30,46.54,25.00,20.00,0,0
2026-08-05 13:22:34,34.29,46.58,25.00,20.00,0,0
2026-08-05 13:22:35,34.28,46.58,25.00,20.00,0,0
2026-08-05 13:22:37,34.27,46.61,25.00,20.00,0,0
2026-08-05 13:22:38,34.26,46.61,25.00,20.00,0,0
2026-08-05 13:22:39,34.25,46.64,25.00,20.00,0,0
2026-08-05 13:22:40,34.24,46.64,25.00,20.00,0,0
2026-08-05 13:22:41,34.23,46.68,25.00,20.00,0,0
2026-08-05 13:22:42,34.22,46.71,25.00,20.00,0,0
2026-08-05 13:22:43,34.21,46.71,25.00,20.00,0,0
2026-08-05 13:22:44,34.21,46.74,25.00,20.00,0,0
2026-08-05 13:22:45,34.19,46.74,25.00,20.00,0,0
2026-08-05 13:22:46,34.18,46.78,25.00,20.00,0,0
2026-08-05 13:22:47,34.17,46.81,25.00,20.00,0,0
2026-08-05 13:22:48,34.16,46.81,25.00,20.00,0,0
2026-08-05 13:22:49,34.15,46.84,25.00,20.00,0,0
2026-08-05 13:22:50,34.13,46.84,25.00,20.00,0,0
2026-08-05 13:22:51,34.12,46.85,25.00,20.00,0,0
2026-08-05 13:22:52,34.11,46.89,25.00,20.00,0,0
2026-08-05 13:22:53,34.11,46.89,25.00,20.00,0,0
2026-08-05 13:22:54,34.10,46.92,25.00,20.00,0,0
2026-08-05 13:22:55,34.09,46.92,25.00,20.00,0,0
2026-08-05 13:22:56,34.08,46.96,25.00,20.00,0,0
2026-08-05 13:22:57,34.07,46.96,25.00,20.00,0,0
2026-08-05 13:22:58,34.06,47.03,25.00,20.00,0,0
2026-08-05 13:22:59,34.06,47.06,25.00,20.00,0,0
2026-08-05 13:23:00,34.04,47.06,25.00,20.00,0,0
2026-08-05 13:23:01,34.03,47.06,25.00,20.00,0,0
2026-08-05 13:23:02,34.02,47.10,25.00,20.00,0,0
2026-08-05 13:23:03,34.01,47.13,25.00,20.00,0,0
2026-08-05 13:23:04,34.00,47.13,25.00,20.00,0,0
2026-08-05 13:23:05,33.99,47.16,25.00,20.00,0,0
2026-08-05 13:23:06,33.98,47.16,25.00,20.00,0,0
2026-08-05 13:23:07,33.97,47.16,25.00,20.00,0,0
2026-08-05 13:23:08,33.97,47.16,25.00,20.00,0,0
2026-08-05 13:23:09,33.96,47.17,25.00,20.00,0,0
2026-08-05 13:23:10,33.95,47.20,25.00,20.00,0,0
2026-08-05 13:23:11,33.94,47.20,25.00,20.00,0,0
2026-08-05 13:23:12,33.93,47.24,25.00,20.00,0,0
2026-08-05 13:23:13,33.93,47.24,25.00,20.00,0,0
2026-08-05 13:23:14,33.92,47.27,25.00,20.00,0,0
2026-08-05 13:23:15,33.90,47.27,25.00,20.00,0,0
2026-08-05 13:23:16,33.89,47.31,25.00,20.00,0,0
2026-08-05 13:23:17,33.89,47.31,25.00,20.00,0,0
2026-08-05 13:23:18,33.88,47.34,25.00,20.00,0,0
2026-08-05 13:23:19,33.87,47.37,25.00,20.00,0,0
2026-08-05 13:23:20,33.86,47.37,25.00,20.00,0,0
2026-08-05 13:23:21,33.86,47.37,25.00,20.00,0,0
2026-08-05 13:23:22,33.85,47.41,25.00,20.00,0,0
2026-08-05 13:23:23,33.84,47.41,25.00,20.00,0,0
2026-08-05 13:23:24,33.83,47.44,25.00,20.00,0,0
2026-08-05 13:23:25,33.83,47.48,25.00,20.00,0,0
2026-08-05 13:23:26,33.83,47.48,25.00,20.00,0,0
2026-08-05 13:23:27,33.82,47.48,25.00,20.00,0,0
2026-08-05 13:23:28,33.82,47.51,25.00,20.00,0,0
2026-08-05 13:23:29,33.80,47.51,25.00,20.00,0,0
2026-08-05 13:23:30,33.80,47.55,25.00,20.00,0,0
2026-08-05 13:23:31,33.79,47.52,25.00,20.00,0,0
2026-08-05 13:23:32,33.78,47.55,25.00,20.00,0,0
2026-08-05 13:23:33,33.78,47.55,25.00,20.00,0,0
2026-08-05 13:23:34,33.77,47.59,25.00,20.00,0,0
2026-08-05 13:23:35,33.75,47.59,25.00,20.00,0,0
2026-08-05 13:23:36,33.74,47.62,25.00,20.00,0,0
2026-08-05 13:23:37,33.74,47.62,25.00,20.00,0,0
2026-08-05 13:23:38,33.73,47.62,25.00,20.00,0,0
2026-08-05 13:23:39,33.72,47.65,25.00,20.00,0,0
2026-08-05 13:23:40,33.72,47.65,25.00,20.00,0,0
2026-08-05 13:23:41,33.71,47.69,25.00,20.00,0,0
2026-08-05 13:23:42,33.70,47.69,25.00,20.00,0,0
2026-08-05 13:23:43,33.70,47.69,25.00,20.00,0,0
2026-08-05 13:23:44,33.69,47.72,25.00,20.00,0,0
2026-08-05 13:23:45,33.68,47.72,25.00,20.00,0,0
2026-08-05 13:23:46,33.67,47.79,25.00,20.00,0,0
2026-08-05 13:23:47,33.67,47.79,25.00,20.00,0,0
2026-08-05 13:23:48,33.67,47.83,25.00,20.00,0,0
2026-08-05 13:23:49,33.66,47.83,25.00,20.00,0,0
2026-08-05 13:23:50,33.65,47.86,25.00,20.00,0,0
2026-08-05 13:23:51,33.65,47.86,25.00,20.00,0,0
2026-08-05 13:23:52,33.64,47.86,25.00,20.00,0,0
2026-08-05 13:23:53,33.64,47.90,25.00,20.00,0,0
2026-08-05 13:23:54,33.64,47.90,25.00,20.00,0,0
2026-08-05 13:23:55,33.63,47.90,25.00,20.00,0,0
2026-08-05 13:23:56,33.63,47.90,25.00,20.00,0,0
2026-08-05 13:23:57,33.62,47.90,25.00,20.00,0,0
2026-08-05 13:23:58,33.60,47.94,25.00,20.00,0,0
2026-08-05 13:23:59,33.60,47.94,25.00,20.00,0,0
2026-08-05 13:24:00,33.59,47.97,25.00,20.00,0,0
2026-08-05 13:24:01,33.59,47.97,25.00,20.00,0,0
2026-08-05 13:24:02,33.58,47.97,25.00,20.00,0,0
2026-08-05 13:24:03,33.58,48.00,25.00,20.00,0,0
2026-08-05 13:24:04,33.57,48.00,25.00,20.00,0,0
2026-08-05 13:24:05,33.57,48.04,25.00,20.00,0,0
2026-08-05 13:24:06,33.56,48.04,25.00,20.00,0,0
2026-08-05 13:24:07,33.55,48.04,25.00,20.00,0,0
2026-08-05 13:24:08,33.54,48.07,25.00,20.00,0,0
2026-08-05 13:24:09,33.54,48.07,25.00,20.00,0,0
2026-08-05 13:24:10,33.54,48.07,25.00,20.00,0,0
2026-08-05 13:24:11,33.53,48.11,25.00,20.00,0,0
2026-08-05 13:24:12,33.53,48.11,25.00,20.00,0,0
2026-08-05 13:24:13,33.52,48.11,25.00,20.00,0,0
2026-08-05 13:24:14,33.52,48.14,25.00,20.00,0,0
2026-08-05 13:24:15,33.51,48.14,25.00,20.00,0,0
2026-08-05 13:24:16,33.50,48.18,25.00,20.00,0,0
2026-08-05 13:24:17,33.50,48.18,25.00,20.00,0,0
2026-08-05 13:24:18,33.49,48.18,25.00,20.00,0,0
2026-08-05 13:24:19,33.49,48.21,25.00,20.00,0,0
2026-08-05 13:24:20,33.48,48.21,25.00,20.00,0,0
2026-08-05 13:24:21,33.48,48.25,25.00,20.00,0,0
2026-08-05 13:24:22,33.47,48.22,25.00,20.00,0,0
2026-08-05 13:24:23,33.47,48.25,25.00,20.00,0,0
2026-08-05 13:24:24,33.45,48.22,25.00,20.00,0,0
2026-08-05 13:24:25,33.45,48.26,25.00,20.00,0,0
2026-08-05 13:24:26,33.44,48.26,25.00,20.00,0,0
2026-08-05 13:24:27,33.44,48.29,25.00,20.00,0,0
2026-08-05 13:24:28,33.43,48.29,25.00,20.00,0,0
2026-08-05 13:24:29,33.42,48.29,25.00,20.00,0,0
2026-08-05 13:24:30,33.42,48.29,25.00,20.00,0,0
2026-08-05 13:24:31,33.42,48.32,25.00,20.00,0,0
2026-08-05 13:24:32,33.41,48.32,25.00,20.00,0,0
2026-08-05 13:24:33,33.41,48.35,25.00,20.00,0,0
2026-08-05 13:24:34,33.40,48.35,25.00,20.00,0,0
2026-08-05 13:24:35,33.40,48.35,25.00,20.00,0,0
2026-08-05 13:24:36,33.39,48.38,25.00,20.00,0,0
2026-08-05 13:24:37,33.39,48.38,25.00,20.00,0,0
2026-08-05 13:24:38,33.38,48.38,25.00,20.00,0,0
2026-08-05 13:24:39,33.38,48.42,25.00,20.00,0,0
2026-08-05 13:24:40,33.37,48.42,25.00,20.00,0,0
2026-08-05 13:24:41,33.37,48.42,25.00,20.00,0,0
2026-08-05 13:24:42,33.36,48.45,25.00,20.00,0,0
2026-08-05 13:24:43,33.36,48.45,25.00,20.00,0,0
2026-08-05 13:24:44,33.35,48.45,25.00,20.00,0,0
2026-08-05 13:24:45,33.35,48.52,25.00,20.00,0,0
2026-08-05 13:24:46,33.34,48.52,25.00,20.00,0,0
2026-08-05 13:24:47,33.33,48.52,25.00,20.00,0,0
2026-08-05 13:24:48,33.33,48.52,25.00,20.00,0,0
2026-08-05 13:24:49,33.33,48.56,25.00,20.00,0,0
2026-08-05 13:24:50,33.32,48.56,25.00,20.00,0,0
2026-08-05 13:24:51,33.32,48.56,25.00,20.00,0,0
2026-08-05 13:24:52,33.30,48.59,25.00,20.00,0,0
2026-08-05 13:24:53,33.29,48.59,25.00,20.00,0,0
2026-08-05 13:24:54,33.29,48.59,25.00,20.00,0,0
2026-08-05 13:24:55,33.29,48.63,25.00,20.00,0,0
2026-08-05 13:24:56,33.29,48.63,25.00,20.00,0,0
2026-08-05 13:24:57,33.29,48.63,25.00,20.00,0,0
2026-08-05 13:24:58,33.29,48.66,25.00,20.00,0,0
2026-08-05 13:24:59,33.29,48.66,25.00,20.00,0,0
2026-08-05 13:25:00,33.29,48.66,25.00,20.00,0,0
2026-08-05 13:25:01,33.29,48.66,25.00,20.00,0,0
2026-08-05 13:25:02,33.29,48.69,25.00,20.00,0,0
2026-08-05 13:25:03,33.28,48.69,25.00,20.00,0,0
2026-08-05 13:25:04,33.28,48.69,25.00,20.00,0,0
2026-08-05 13:25:05,33.26,48.71,25.00,20.00,0,0
2026-08-05 13:25:06,33.25,48.71,25.00,20.00,0,0
2026-08-05 13:25:07,33.25,48.71,25.00,20.00,0,0
2026-08-05 13:25:08,33.24,48.71,25.00,20.00,0,0
2026-08-05 13:25:09,33.24,48.74,25.00,20.00,0,0
2026-08-05 13:25:10,33.24,48.74,25.00,20.00,0,0
2026-08-05 13:25:11,33.23,48.74,25.00,20.00,0,0
2026-08-05 13:25:12,33.23,48.77,25.00,20.00,0,0
2026-08-05 13:25:13,33.22,48.77,25.00,20.00,0,0
2026-08-05 13:25:14,33.22,48.77,25.00,20.00,0,0
2026-08-05 13:25:15,33.22,48.77,25.00,20.00,0,0
2026-08-05 13:25:16,33.21,48.80,25.00,20.00,0,0
2026-08-05 13:25:17,33.21,48.80,25.00,20.00,0,0
2026-08-05 13:25:18,33.20,48.80,25.00,20.00,0,0
2026-08-05 13:25:19,33.20,48.84,25.00,20.00,0,0
2026-08-05 13:25:20,33.20,48.84,25.00,20.00,0,0
2026-08-05 13:25:21,33.19,48.84,25.00,20.00,0,0
2026-08-05 13:25:22,33.19,48.84,25.00,20.00,0,0
2026-08-05 13:25:23,33.18,48.87,25.00,20.00,0,0
2026-08-05 13:25:24,33.18,48.87,25.00,20.00,0,0
2026-08-05 13:25:25,33.18,48.87,25.00,20.00,0,0
2026-08-05 13:25:26,33.16,48.87,25.00,20.00,0,0
2026-08-05 13:25:27,33.16,48.90,25.00,20.00,0,0
2026-08-05 13:25:28,33.16,48.90,25.00,20.00,0,0
2026-08-05 13:25:29,33.15,48.90,25.00,20.00,0,0
2026-08-05 13:25:30,33.15,48.90,25.00,20.00,0,0
2026-08-05 13:25:31,33.14,48.94,25.00,20.00,0,0
2026-08-05 13:25:32,33.14,48.94,25.00,20.00,0,0
2026-08-05 13:25:33,33.14,48.94,25.00,20.00,0,0
2026-08-05 13:25:34,33.13,48.97,25.00,20.00,0,0
2026-08-05 13:25:35,33.13,48.97,25.00,20.00,0,0
2026-08-05 13:25:36,33.13,48.97,25.00,20.00,0,0
2026-08-05 13:25:37,33.12,48.97,25.00,20.00,0,0
2026-08-05 13:25:38,33.12,48.95,25.00,20.00,0,0
2026-08-05 13:25:39,33.12,48.99,25.00,20.00,0,0
2026-08-05 13:25:40,33.12,49.01,25.00,20.00,0,0
2026-08-05 13:25:41,33.11,48.99,25.00,20.00,0,0
2026-08-05 13:25:42,33.10,49.02,25.00,20.00,0,0
2026-08-05 13:25:43,33.10,49.02,25.00,20.00,0,0
2026-08-05 13:25:44,33.10,49.02,25.00,20.00,0,0
2026-08-05 13:25:45,33.09,49.02,25.00,20.00,0,0
2026-08-05 13:25:46,33.10,49.02,25.00,20.00,0,0
2026-08-05 13:25:47,33.09,49.05,25.00,20.00,0,0
2026-08-05 13:25:48,33.08,49.05,25.00,20.00,0,0
2026-08-05 13:25:49,33.08,49.05,25.00,20.00,0,0
2026-08-05 13:25:50,33.08,49.05,25.00,20.00,0,0
2026-08-05 13:25:51,33.07,49.09,25.00,20.00,0,0
2026-08-05 13:25:52,33.07,49.09,25.00,20.00,0,0
2026-08-05 13:25:53,33.07,49.09,25.00,20.00,0,0
2026-08-05 13:25:54,33.06,49.09,25.00,20.00,0,0
2026-08-05 13:25:55,33.06,49.09,25.00,20.00,0,0
2026-08-05 13:25:56,33.06,49.12,25.00,20.00,0,0
2026-08-05 13:25:57,33.05,49.12,25.00,20.00,0,0
2026-08-05 13:25:58,33.05,49.12,25.00,20.00,0,0
2026-08-05 13:25:59,33.05,49.12,25.00,20.00,0,0
2026-08-05 13:26:00,33.04,49.16,25.00,20.00,0,0
2026-08-05 13:26:01,33.04,49.16,25.00,20.00,0,0
2026-08-05 13:26:02,33.04,49.16,25.00,20.00,0,0
2026-08-05 13:26:03,33.04,49.16,25.00,20.00,0,0
2026-08-05 13:26:04,33.04,49.19,25.00,20.00,0,0
2026-08-05 13:26:05,33.03,49.19,25.00,20.00,0,0
2026-08-05 13:26:06,33.01,49.19,25.00,20.00,0,0
2026-08-05 13:26:07,33.01,49.19,25.00,20.00,0,0
2026-08-05 13:26:08,33.01,49.19,25.00,20.00,0,0
2026-08-05 13:26:09,33.01,49.25,25.00,20.00,0,0
2026-08-05 13:26:10,33.00,49.25,25.00,20.00,0,0
2026-08-05 13:26:11,33.00,49.25,25.00,20.00,0,0
2026-08-05 13:26:12,33.00,49.25,25.00,20.00,0,0
2026-08-05 13:26:13,33.00,49.29,25.00,20.00,0,0
2026-08-05 13:26:14,32.99,49.29,25.00,20.00,0,0
2026-08-05 13:26:15,32.99,49.29,25.00,20.00,0,0
2026-08-05 13:26:16,32.99,49.29,25.00,20.00,0,0
2026-08-05 13:26:17,32.98,49.32,25.00,20.00,0,0
2026-08-05 13:26:18,32.98,49.32,25.00,20.00,0,0
2026-08-05 13:26:19,32.98,49.32,25.00,20.00,0,0
2026-08-05 13:26:20,32.98,49.32,25.00,20.00,0,0
2026-08-05 13:26:21,32.97,49.32,25.00,20.00,0,0
2026-08-05 13:26:22,32.97,49.32,25.00,20.00,0,0
2026-08-05 13:26:23,32.97,49.32,25.00,20.00,0,0
2026-08-05 13:26:24,32.96,49.35,25.00,20.00,0,0
2026-08-05 13:26:25,32.96,49.35,25.00,20.00,0,0
2026-08-05 13:26:26,32.96,49.35,25.00,20.00,0,0
2026-08-05 13:26:27,32.95,49.35,25.00,20.00,0,0
2026-08-05 13:26:28,32.95,49.35,25.00,20.00,0,0
2026-08-05 13:26:29,32.95,49.39,25.00,20.00,0,0
2026-08-05 13:26:30,32.95,49.39,25.00,20.00,0,0
2026-08-05 13:26:31,32.94,49.39,25.00,20.00,0,0
2026-08-05 13:26:32,32.94,49.39,25.00,20.00,0,0
2026-08-05 13:26:33,32.94,49.37,25.00,20.00,0,0
2026-08-05 13:26:34,32.94,49.40,25.00,20.00,0,0
2026-08-05 13:26:35,32.93,49.40,25.00,20.00,0,0
2026-08-05 13:26:36,32.93,49.40,25.00,20.00,0,0
2026-08-05 13:26:37,32.93,49.40,25.00,20.00,0,0
2026-08-05 13:26:38,32.92,49.40,25.00,20.00,0,0
2026-08-05 13:26:39,32.92,49.40,25.00,20.00,0,0
2026-08-05 13:26:40,32.92,49.43,25.00,20.00,0,0
2026-08-05 13:26:41,32.92,49.43,25.00,20.00,0,0
2026-08-05 13:26:42,32.91,49.43,25.00,20.00,0,0
2026-08-05 13:26:43,32.91,49.43,25.00,20.00,0,0
2026-08-05 13:26:44,32.91,49.43,25.00,20.00,0,0
2026-08-05 13:26:45,32.90,49.47,25.00,20.00,0,0
2026-08-05 13:26:46,32.90,49.47,25.00,20.00,0,0
2026-08-05 13:26:47,32.90,49.47,25.00,20.00,0,0
2026-08-05 13:26:48,32.90,49.47,25.00,20.00,0,0
2026-08-05 13:26:49,32.90,49.47,25.00,20.00,0,0
2026-08-05 13:26:50,32.89,49.47,25.00,20.00,0,0
2026-08-05 13:26:51,32.89,49.50,25.00,20.00,0,0
2026-08-05 13:26:52,32.89,49.50,25.00,20.00,0,0
2026-08-05 13:26:53,32.88,49.50,25.00,20.00,0,0
2026-08-05 13:26:54,32.88,49.50,25.00,20.00,0,0
2026-08-05 13:26:55,32.88,49.50,25.00,20.00,0,0
2026-08-05 13:26:56,32.88,49.50,25.00,20.00,0,0
2026-08-05 13:26:57,32.88,49.54,25.00,20.00,0,0
2026-08-05 13:26:58,32.86,49.54,25.00,20.00,0,0
2026-08-05 13:26:59,32.86,49.54,25.00,20.00,0,0
2026-08-05 13:27:00,32.86,49.54,25.00,20.00,0,0
2026-08-05 13:27:01,32.86,49.54,25.00,20.00,0,0
2026-08-05 13:27:02,32.85,49.57,25.00,20.00,0,0
2026-08-05 13:27:03,32.85,49.57,25.00,20.00,0,0
2026-08-05 13:27:04,32.84,49.57,25.00,20.00,0,0
2026-08-05 13:27:05,32.84,49.57,25.00,20.00,0,0
2026-08-05 13:27:06,32.84,49.57,25.00,20.00,0,0
2026-08-05 13:27:07,32.84,49.61,25.00,20.00,0,0
2026-08-05 13:27:08,32.84,49.61,25.00,20.00,0,0
2026-08-05 13:27:09,32.83,49.61,25.00,20.00,0,0
2026-08-05 13:27:10,32.84,49.61,25.00,20.00,0,0
2026-08-05 13:27:11,32.83,49.61,25.00,20.00,0,0
2026-08-05 13:27:12,32.83,49.61,25.00,20.00,0,0
2026-08-05 13:27:13,32.83,49.61,25.00,20.00,0,0
2026-08-05 13:27:14,32.82,49.64,25.00,20.00,0,0
2026-08-05 13:27:15,32.82,49.64,25.00,20.00,0,0
2026-08-05 13:27:16,32.82,49.64,25.00,20.00,0,0
2026-08-05 13:27:17,32.82,49.64,25.00,20.00,0,0
2026-08-05 13:27:18,32.81,49.64,25.00,20.00,0,0
2026-08-05 13:27:19,32.81,49.64,25.00,20.00,0,0
2026-08-05 13:27:20,32.81,49.64,25.00,20.00,0,0
2026-08-05 13:27:21,32.80,49.64,25.00,20.00,0,0
2026-08-05 13:27:22,32.81,49.67,25.00,20.00,0,0
2026-08-05 13:27:23,32.81,49.67,25.00,20.00,0,0
2026-08-05 13:27:24,32.80,49.67,25.00,20.00,0,0
2026-08-05 13:27:25,32.80,49.67,25.00,20.00,0,0
2026-08-05 13:27:26,32.80,49.67,25.00,20.00,0,0
2026-08-05 13:27:27,32.80,49.67,25.00,20.00,0,0
2026-08-05 13:27:28,32.79,49.70,25.00,20.00,0,0
2026-08-05 13:27:29,32.79,49.70,25.00,20.00,0,0
2026-08-05 13:27:30,32.79,49.70,25.00,20.00,0,0
2026-08-05 13:27:31,32.79,49.70,25.00,20.00,0,0
2026-08-05 13:27:32,32.79,49.70,25.00,20.00,0,0
2026-08-05 13:27:33,32.78,49.70,25.00,20.00,0,0
2026-08-05 13:27:34,32.78,49.70,25.00,20.00,0,0
2026-08-05 13:27:35,32.78,49.74,25.00,20.00,0,0
2026-08-05 13:27:36,32.78,49.74,25.00,20.00,0,0
2026-08-05 13:27:37,32.77,49.74,25.00,20.00,0,0
2026-08-05 13:27:38,32.77,49.74,25.00,20.00,0,0
2026-08-05 13:27:39,32.77,49.74,25.00,20.00,0,0
2026-08-05 13:27:40,32.76,49.71,25.00,20.00,0,0
2026-08-05 13:27:41,32.76,49.75,25.00,20.00,0,0
2026-08-05 13:27:42,32.76,49.75,25.00,20.00,0,0
2026-08-05 13:27:43,32.76,49.75,25.00,20.00,0,0
2026-08-05 13:27:44,32.76,49.75,25.00,20.00,0,0
2026-08-05 13:27:45,32.75,49.75,25.00,20.00,0,0
2026-08-05 13:27:46,32.75,49.75,25.00,20.00,0,0
2026-08-05 13:27:47,32.75,49.75,25.00,20.00,0,0
2026-08-05 13:27:48,32.75,49.75,25.00,20.00,0,0
2026-08-05 13:27:49,32.75,49.78,25.00,20.00,0,0
2026-08-05 13:27:50,32.74,49.78,25.00,20.00,0,0
2026-08-05 13:27:51,32.74,49.78,25.00,20.00,0,0
2026-08-05 13:27:52,32.74,49.78,25.00,20.00,0,0
2026-08-05 13:27:53,32.74,49.78,25.00,20.00,0,0
2026-08-05 13:27:54,32.74,49.78,25.00,20.00,0,0
2026-08-05 13:27:55,32.74,49.82,25.00,20.00,0,0
2026-08-05 13:27:56,32.73,49.78,25.00,20.00,0,0
2026-08-05 13:27:57,32.73,49.82,25.00,20.00,0,0
2026-08-05 13:27:58,32.73,49.82,25.00,20.00,0,0
2026-08-05 13:27:59,32.73,49.82,25.00,20.00,0,0
2026-08-05 13:28:00,32.71,49.82,25.00,20.00,0,0
2026-08-05 13:28:01,32.71,49.82,25.00,20.00,0,0
2026-08-05 13:28:02,32.71,49.82,25.00,20.00,0,0
2026-08-05 13:28:03,32.71,49.85,25.00,20.00,0,0
2026-08-05 13:28:04,32.71,49.82,25.00,20.00,0,0
2026-08-05 13:28:05,32.70,49.85,25.00,20.00,0,0
2026-08-05 13:28:06,32.70,49.85,25.00,20.00,0,0
2026-08-05 13:28:07,32.70,49.85,25.00,20.00,0,0
2026-08-05 13:28:08,32.70,49.85,25.00,20.00,0,0
2026-08-05 13:28:09,32.70,49.85,25.00,20.00,0,0
2026-08-05 13:28:10,32.70,49.85,25.00,20.00,0,0
2026-08-05 13:28:11,32.69,49.89,25.00,20.00,0,0
2026-08-05 13:28:12,32.69,49.89,25.00,20.00,0,0
2026-08-05 13:28:13,32.69,49.89,25.00,20.00,0,0
2026-08-05 13:28:14,32.69,49.89,25.00,20.00,0,0
2026-08-05 13:28:15,32.69,49.89,25.00,20.00,0,0
2026-08-05 13:28:16,32.69,49.89,25.00,20.00,0,0
2026-08-05 13:28:17,32.68,49.89,25.00,20.00,0,0
2026-08-05 13:28:18,32.68,49.89,25.00,20.00,0,0
2026-08-05 13:28:19,32.68,49.89,25.00,20.00,0,0
2026-08-05 13:28:20,32.67,49.92,25.00,20.00,0,0
2026-08-05 13:28:21,32.68,49.92,25.00,20.00,0,0
2026-08-05 13:28:22,32.67,49.92,25.00,20.00,0,0
2026-08-05 13:28:23,32.67,49.92,25.00,20.00,0,0
2026-08-05 13:28:24,32.67,49.92,25.00,20.00,0,0
2026-08-05 13:28:25,32.67,49.92,25.00,20.00,0,0
2026-08-05 13:28:26,32.67,49.92,25.00,20.00,0,0
2026-08-05 13:28:27,32.66,49.99,25.00,20.00,0,0
2026-08-05 13:28:28,32.66,49.99,25.00,20.00,0,0
2026-08-05 13:28:29,32.66,49.99,25.00,20.00,0,0
2026-08-05 13:28:30,32.66,49.99,25.00,20.00,0,0
2026-08-05 13:28:31,32.66,49.99,25.00,20.00,0,0
2026-08-05 13:28:32,32.66,49.99,25.00,20.00,0,0
2026-08-05 13:28:33,32.65,49.99,25.00,20.00,0,0
2026-08-05 13:28:34,32.65,49.99,25.00,20.00,0,0
2026-08-05 13:28:35,32.65,49.99,25.00,20.00,0,0
2026-08-05 13:28:36,32.65,49.99,25.00,20.00,0,0
2026-08-05 13:28:37,32.64,50.02,25.00,20.00,0,0
2026-08-05 13:28:38,32.64,50.02,25.00,20.00,0,0
2026-08-05 13:28:39,32.64,50.02,25.00,20.00,0,0
2026-08-05 13:28:40,32.64,50.02,25.00,20.00,0,0
2026-08-05 13:28:41,32.63,50.02,25.00,20.00,0,0
2026-08-05 13:28:42,32.63,50.02,25.00,20.00,0,0
2026-08-05 13:28:43,32.63,50.02,25.00,20.00,0,0
2026-08-05 13:28:44,32.63,50.02,25.00,20.00,0,0
2026-08-05 13:28:45,32.63,50.02,25.00,20.00,0,0
2026-08-05 13:28:46,32.63,50.02,25.00,20.00,0,0
2026-08-05 13:28:47,32.63,50.06,25.00,20.00,0,0
2026-08-05 13:28:48,32.62,50.06,25.00,20.00,0,0
2026-08-05 13:28:49,32.63,50.06,25.00,20.00,0,0
2026-08-05 13:28:50,32.62,50.06,25.00,20.00,0,0
2026-08-05 13:28:51,32.62,50.06,25.00,20.00,0,0
2026-08-05 13:28:52,32.62,50.06,25.00,20.00,0,0
2026-08-05 13:28:53,32.62,50.06,25.00,20.00,0,0
2026-08-05 13:28:54,32.61,50.06,25.00,20.00,0,0
2026-08-05 13:28:55,32.61,50.09,25.00,20.00,0,0
2026-08-05 13:28:56,32.61,50.09,25.00,20.00,0,0
2026-08-05 13:28:57,32.61,50.09,25.00,20.00,0,0
2026-08-05 13:28:58,32.60,50.09,25.00,20.00,0,0
2026-08-05 13:28:59,32.61,50.09,25.00,20.00,0,0
2026-08-05 13:29:00,32.60,50.09,25.00,20.00,0,0
2026-08-05 13:29:01,32.60,50.09,25.00,20.00,0,0
2026-08-05 13:29:02,32.60,50.09,25.00,20.00,0,0
2026-08-05 13:29:03,32.59,50.09,25.00,20.00,0,0
2026-08-05 13:29:04,32.60,50.12,25.00,20.00,0,0
2026-08-05 13:29:05,32.59,50.09,25.00,20.00,0,0
2026-08-05 13:29:06,32.59,50.09,25.00,20.00,0,0
2026-08-05 13:29:07,32.60,50.09,25.00,20.00,0,0
2026-08-05 13:29:08,32.59,50.09,25.00,20.00,0,0
2026-08-05 13:29:09,32.59,50.09,25.00,20.00,0,0
2026-08-05 13:29:10,32.59,50.09,25.00,20.00,0,0
2026-08-05 13:29:11,32.58,50.09,25.00,20.00,0,0
2026-08-05 13:29:12,32.59,50.09,25.00,20.00,0,0
2026-08-05 13:29:13,32.58,50.09,25.00,20.00,0,0
2026-08-05 13:29:14,32.58,50.13,25.00,20.00,0,0
2026-08-05 13:29:15,32.58,50.13,25.00,20.00,0,0
2026-08-05 13:29:16,32.58,50.13,25.00,20.00,0,0
2026-08-05 13:29:17,32.58,50.13,25.00,20.00,0,0
2026-08-05 13:29:18,32.56,50.13,25.00,20.00,0,0
2026-08-05 13:29:19,32.56,50.13,25.00,20.00,0,0
2026-08-05 13:29:20,32.56,50.13,25.00,20.00,0,0
2026-08-05 13:29:21,32.56,50.13,25.00,20.00,0,0
2026-08-05 13:29:22,32.55,50.13,25.00,20.00,0,0
2026-08-05 13:29:23,32.56,50.13,25.00,20.00,0,0
2026-08-05 13:29:24,32.55,50.16,25.00,20.00,0,0
2026-08-05 13:29:25,32.55,50.16,25.00,20.00,0,0
2026-08-05 13:29:26,32.55,50.16,25.00,20.00,0,0
2026-08-05 13:29:27,32.55,50.16,25.00,20.00,0,0
2026-08-05 13:29:28,32.55,50.16,25.00,20.00,0,0
2026-08-05 13:29:29,32.55,50.16,25.00,20.00,0,0
2026-08-05 13:29:30,32.55,50.16,25.00,20.00,0,0
2026-08-05 13:29:31,32.54,50.16,25.00,20.00,0,0
2026-08-05 13:29:32,32.54,50.16,25.00,20.00,0,0
2026-08-05 13:29:33,32.55,50.16,25.00,20.00,0,0
2026-08-05 13:29:34,32.54,50.19,25.00,20.00,0,0
2026-08-05 13:29:35,32.54,50.19,25.00,20.00,0,0
2026-08-05 13:29:36,32.54,50.19,25.00,20.00,0,0
2026-08-05 13:29:37,32.53,50.19,25.00,20.00,0,0
2026-08-05 13:29:38,32.53,50.19,25.00,20.00,0,0
2026-08-05 13:29:39,32.53,50.19,25.00,20.00,0,0
2026-08-05 13:29:40,32.53,50.19,25.00,20.00,0,0
2026-08-05 13:29:41,32.53,50.19,25.00,20.00,0,0
2026-08-05 13:29:42,32.53,50.19,25.00,20.00,0,0
2026-08-05 13:29:43,32.53,50.19,25.00,20.00,0,0
2026-08-05 13:29:44,32.52,50.19,25.00,20.00,0,0
2026-08-05 13:29:45,32.52,50.23,25.00,20.00,0,0
2026-08-05 13:29:46,32.52,50.23,25.00,20.00,0,0
2026-08-05 13:29:47,32.52,50.23,25.00,20.00,0,0
2026-08-05 13:29:48,32.52,50.23,25.00,20.00,0,0
2026-08-05 13:29:49,32.52,50.23,25.00,20.00,0,0
2026-08-05 13:29:50,32.52,50.23,25.00,20.00,0,0
2026-08-05 13:29:51,32.51,50.23,25.00,20.00,0,0
2026-08-05 13:29:52,32.51,50.23,25.00,20.00,0,0
2026-08-05 13:29:53,32.51,50.23,25.00,20.00,0,0
2026-08-05 13:29:54,32.51,50.23,25.00,20.00,0,0
2026-08-05 13:29:55,32.51,50.23,25.00,20.00,0,0
2026-08-05 13:29:56,32.51,50.23,25.00,20.00,0,0
2026-08-05 13:29:57,32.50,50.26,25.00,20.00,0,0
2026-08-05 13:29:58,32.50,50.26,25.00,20.00,0,0
2026-08-05 13:29:59,32.50,50.26,25.00,20.00,0,0
2026-08-05 13:30:00,32.50,50.26,25.00,20.00,0,0
2026-08-05 13:30:01,32.50,50.26,25.00,20.00,0,0
2026-08-05 13:30:02,32.50,50.26,25.00,20.00,0,0
2026-08-05 13:30:03,32.50,50.26,25.00,20.00,0,0
2026-08-05 13:30:04,32.49,50.26,25.00,20.00,0,0
2026-08-05 13:30:05,32.49,50.26,25.00,20.00,0,0
2026-08-05 13:30:06,32.49,50.26,25.00,20.00,0,0
2026-08-05 13:30:07,32.49,50.26,25.00,20.00,0,0
2026-08-05 13:30:08,32.49,50.30,25.00,20.00,0,0
2026-08-05 13:30:09,32.48,50.30,25.00,20.00,0,0
2026-08-05 13:30:10,32.48,50.30,25.00,20.00,0,0
2026-08-05 13:30:11,32.49,50.30,25.00,20.00,0,0
2026-08-05 13:30:12,32.48,50.30,25.00,20.00,0,0
2026-08-05 13:30:13,32.48,50.30,25.00,20.00,0,0
2026-08-05 13:30:14,32.48,50.30,25.00,20.00,0,0
2026-08-05 13:30:15,32.48,50.30,25.00,20.00,0,0
2026-08-05 13:30:16,32.48,50.30,25.00,20.00,0,0
2026-08-05 13:30:17,32.48,50.30,25.00,20.00,0,0
2026-08-05 13:30:18,32.47,50.30,25.00,20.00,0,0
2026-08-05 13:30:19,32.47,50.30,25.00,20.00,0,0
2026-08-05 13:30:20,32.47,50.30,25.00,20.00,0,0
2026-08-05 13:30:21,32.47,50.33,25.00,20.00,0,0
2026-08-05 13:30:22,32.47,50.33,25.00,20.00,0,0
2026-08-05 13:30:23,32.47,50.33,25.00,20.00,0,0
2026-08-05 13:30:24,32.46,50.33,25.00,20.00,0,0
2026-08-05 13:30:25,32.47,50.33,25.00,20.00,0,0
2026-08-05 13:30:26,32.47,50.33,25.00,20.00,0,0
2026-08-05 13:30:27,32.46,50.33,25.00,20.00,0,0
2026-08-05 13:30:28,32.46,50.33,25.00,20.00,0,0
2026-08-05 13:30:29,32.46,50.33,25.00,20.00,0,0
2026-08-05 13:30:30,32.46,50.33,25.00,20.00,0,0
2026-08-05 13:30:31,32.46,50.33,25.00,20.00,0,0
2026-08-05 13:30:32,32.45,50.33,25.00,20.00,0,0
2026-08-05 13:30:33,32.45,50.37,25.00,20.00,0,0
2026-08-05 13:30:34,32.46,50.37,25.00,20.00,0,0
2026-08-05 13:30:35,32.45,50.37,25.00,20.00,0,0
2026-08-05 13:30:36,32.45,50.37,25.00,20.00,0,0
2026-08-05 13:30:37,32.45,50.37,25.00,20.00,0,0
2026-08-05 13:30:38,32.45,50.37,25.00,20.00,0,0
2026-08-05 13:30:39,32.44,50.37,25.00,20.00,0,0
2026-08-05 13:30:40,32.44,50.37,25.00,20.00,0,0
2026-08-05 13:30:41,32.44,50.37,25.00,20.00,0,0
2026-08-05 13:30:42,32.44,50.37,25.00,20.00,0,0
2026-08-05 13:30:43,32.44,50.34,25.00,20.00,0,0
2026-08-05 13:30:44,32.44,50.37,25.00,20.00,0,0
2026-08-05 13:30:45,32.42,50.34,25.00,20.00,0,0
2026-08-05 13:30:46,32.44,50.34,25.00,20.00,0,0
2026-08-05 13:30:47,32.42,50.40,25.00,20.00,0,0
2026-08-05 13:30:48,32.42,50.38,25.00,20.00,0,0
2026-08-05 13:30:49,32.42,50.38,25.00,20.00,0,0
2026-08-05 13:30:50,32.42,50.38,25.00,20.00,0,0
2026-08-05 13:30:51,32.42,50.38,25.00,20.00,0,0
2026-08-05 13:30:52,32.42,50.38,25.00,20.00,0,0
2026-08-05 13:30:53,32.42,50.38,25.00,20.00,0,0
2026-08-05 13:30:54,32.41,50.38,25.00,20.00,0,0
2026-08-05 13:30:55,32.41,50.38,25.00,20.00,0,0
2026-08-05 13:30:56,32.41,50.38,25.00,20.00,0,0
2026-08-05 13:30:57,32.41,50.38,25.00,20.00,0,0
2026-08-05 13:30:58,32.41,50.38,25.00,20.00,0,0
2026-08-05 13:30:59,32.41,50.38,25.00,20.00,0,0
2026-08-05 13:31:00,32.41,50.41,25.00,20.00,0,0
2026-08-05 13:31:01,32.40,50.38,25.00,20.00,0,0
2026-08-05 13:31:02,32.41,50.41,25.00,20.00,0,0
2026-08-05 13:31:03,32.40,50.41,25.00,20.00,0,0
2026-08-05 13:31:04,32.40,50.41,25.00,20.00,0,0
2026-08-05 13:31:05,32.40,50.41,25.00,20.00,0,0
2026-08-05 13:31:06,32.39,50.41,25.00,20.00,0,0
2026-08-05 13:31:07,32.40,50.41,25.00,20.00,0,0
2026-08-05 13:31:08,32.39,50.41,25.00,20.00,0,0
2026-08-05 13:31:09,32.39,50.41,25.00,20.00,0,0
2026-08-05 13:31:10,32.39,50.41,25.00,20.00,0,0
2026-08-05 13:31:11,32.39,50.41,25.00,20.00,0,0
2026-08-05 13:31:12,32.39,50.41,25.00,20.00,0,0
2026-08-05 13:31:13,32.38,50.41,25.00,20.00,0,0
2026-08-05 13:31:14,32.38,50.41,25.00,20.00,0,0
2026-08-05 13:31:15,32.38,50.44,25.00,20.00,0,0
2026-08-05 13:31:16,32.38,50.44,25.00,20.00,0,0
2026-08-05 13:31:17,32.38,50.44,25.00,20.00,0,0
2026-08-05 13:31:18,32.38,50.44,25.00,20.00,0,0
2026-08-05 13:31:19,32.38,50.44,25.00,20.00,0,0
2026-08-05 13:31:20,32.38,50.44,25.00,20.00,0,0
2026-08-05 13:31:21,32.37,50.44,25.00,20.00,0,0
2026-08-05 13:31:22,32.38,50.44,25.00,20.00,0,0
2026-08-05 13:31:23,32.37,50.44,25.00,20.00,0,0
2026-08-05 13:31:24,32.37,50.44,25.00,20.00,0,0
2026-08-05 13:31:25,32.37,50.44,25.00,20.00,0,0
2026-08-05 13:31:26,32.37,50.44,25.00,20.00,0,0
2026-08-05 13:31:27,32.37,50.44,25.00,20.00,0,0
2026-08-05 13:31:28,32.37,50.44,25.00,20.00,0,0
2026-08-05 13:31:29,32.37,50.48,25.00,20.00,0,0
2026-08-05 13:31:30,32.37,50.48,25.00,20.00,0,0
2026-08-05 13:31:31,32.37,50.48,25.00,20.00,0,0
2026-08-05 13:31:32,32.37,50.48,25.00,20.00,0,0
2026-08-05 13:31:33,32.37,50.48,25.00,20.00,0,0
2026-08-05 13:31:34,32.37,50.48,25.00,20.00,0,0
2026-08-05 13:31:35,32.37,50.48,25.00,20.00,0,0
2026-08-05 13:31:36,32.37,50.48,25.00,20.00,0,0
2026-08-05 13:31:37,32.37,50.48,25.00,20.00,0,0
2026-08-05 13:31:38,32.37,50.48,25.00,20.00,0,0
2026-08-05 13:31:39,32.37,50.48,25.00,20.00,0,0
2026-08-05 13:31:40,32.37,50.48,25.00,20.00,0,0
2026-08-05 13:31:41,32.37,50.48,25.00,20.00,0,0
2026-08-05 13:31:42,32.37,50.48,25.00,20.00,0,0
2026-08-05 13:31:43,32.37,50.48,25.00,20.00,0,0
2026-08-05 13:31:44,32.36,50.48,25.00,20.00,0,0
2026-08-05 13:31:45,32.36,50.48,25.00,20.00,0,0
2026-08-05 13:31:46,32.36,50.51,25.00,20.00,0,0
2026-08-05 13:31:47,32.37,50.51,25.00,20.00,0,0
2026-08-05 13:31:48,32.36,50.51,25.00,20.00,0,0
2026-08-05 13:31:49,32.36,50.51,25.00,20.00,0,0
2026-08-05 13:31:50,32.36,50.51,25.00,20.00,0,0
2026-08-05 13:31:51,32.36,50.51,25.00,20.00,0,0
2026-08-05 13:31:52,32.36,50.51,25.00,20.00,0,0
2026-08-05 13:31:53,32.35,50.51,25.00,20.00,0,0
2026-08-05 13:31:54,32.35,50.51,25.00,20.00,0,0
2026-08-05 13:31:55,32.35,50.51,25.00,20.00,0,0
2026-08-05 13:31:56,32.35,50.51,25.00,20.00,0,0
2026-08-05 13:31:57,32.35,50.51,25.00,20.00,0,0
2026-08-05 13:31:58,32.35,50.51,25.00,20.00,0,0
2026-08-05 13:31:59,32.35,50.51,25.00,20.00,0,0
2026-08-05 13:32:00,32.34,50.51,25.00,20.00,0,0
2026-08-05 13:32:01,32.34,50.54,25.00,20.00,0,0
2026-08-05 13:32:02,32.34,50.54,25.00,20.00,0,0
2026-08-05 13:32:03,32.34,50.54,25.00,20.00,0,0
2026-08-05 13:32:04,32.34,50.54,25.00,20.00,0,0
2026-08-05 13:32:05,32.34,50.54,25.00,20.00,0,0
2026-08-05 13:32:06,32.33,50.54,25.00,20.00,0,0
2026-08-05 13:32:07,32.34,50.54,25.00,20.00,0,0
2026-08-05 13:32:08,32.33,50.54,25.00,20.00,0,0
2026-08-05 13:32:09,32.33,50.54,25.00,20.00,0,0
2026-08-05 13:32:10,32.33,50.54,25.00,20.00,0,0
2026-08-05 13:32:11,32.33,50.54,25.00,20.00,0,0
2026-08-05 13:32:12,32.33,50.54,25.00,20.00,0,0
2026-08-05 13:32:13,32.33,50.54,25.00,20.00,0,0
2026-08-05 13:32:14,32.32,50.54,25.00,20.00,0,0
2026-08-05 13:32:15,32.32,50.54,25.00,20.00,0,0
2026-08-05 13:32:16,32.32,50.54,25.00,20.00,0,0
2026-08-05 13:32:17,32.32,50.54,25.00,20.00,0,0
2026-08-05 13:32:18,32.32,50.54,25.00,20.00,0,0
2026-08-05 13:32:19,32.32,50.54,25.00,20.00,0,0
2026-08-05 13:32:20,32.32,50.54,25.00,20.00,0,0
2026-08-05 13:32:21,32.32,50.57,25.00,20.00,0,0
2026-08-05 13:32:22,32.32,50.57,25.00,20.00,0,0
2026-08-05 13:32:23,32.32,50.57,25.00,20.00,0,0
2026-08-05 13:32:24,32.32,50.57,25.00,20.00,0,0
2026-08-05 13:32:25,32.31,50.57,25.00,20.00,0,0
2026-08-05 13:32:26,32.31,50.57,25.00,20.00,0,0
2026-08-05 13:32:27,32.31,50.57,25.00,20.00,0,0
2026-08-05 13:32:28,32.31,50.57,25.00,20.00,0,0
2026-08-05 13:32:29,32.31,50.57,25.00,20.00,0,0
2026-08-05 13:32:30,32.31,50.57,25.00,20.00,0,0
2026-08-05 13:32:31,32.31,50.57,25.00,20.00,0,0
2026-08-05 13:32:32,32.30,50.57,25.00,20.00,0,0
2026-08-05 13:32:33,32.30,50.57,25.00,20.00,0,0
2026-08-05 13:32:34,32.30,50.57,25.00,20.00,0,0
2026-08-05 13:32:35,32.30,50.57,25.00,20.00,0,0
2026-08-05 13:32:36,32.30,50.57,25.00,20.00,0,0
2026-08-05 13:32:37,32.30,50.57,25.00,20.00,0,0
2026-08-05 13:32:38,32.30,50.57,25.00,20.00,0,0
2026-08-05 13:32:40,32.30,50.61,25.00,20.00,0,0
2026-08-05 13:32:41,32.29,50.61,25.00,20.00,0,0
2026-08-05 13:32:42,32.29,50.61,25.00,20.00,0,0
2026-08-05 13:32:43,32.29,50.61,25.00,20.00,0,0
2026-08-05 13:32:44,32.29,50.61,25.00,20.00,0,0
2026-08-05 13:32:45,32.29,50.61,25.00,20.00,0,0
2026-08-05 13:32:46,32.29,50.61,25.00,20.00,0,0
2026-08-05 13:32:47,32.29,50.61,25.00,20.00,0,0
2026-08-05 13:32:48,32.29,50.61,25.00,20.00,0,0
2026-08-05 13:32:49,32.27,50.61,25.00,20.00,0,0
2026-08-05 13:32:50,32.29,50.61,25.00,20.00,0,0
2026-08-05 13:32:51,32.29,50.61,25.00,20.00,0,0
2026-08-05 13:32:52,32.27,50.61,25.00,20.00,0,0
2026-08-05 13:32:53,32.27,50.61,25.00,20.00,0,0
2026-08-05 13:32:54,32.27,50.61,25.00,20.00,0,0
2026-08-05 13:32:55,32.27,50.61,25.00,20.00,0,0
2026-08-05 13:32:56,32.27,50.61,25.00,20.00,0,0
2026-08-05 13:32:57,32.27,50.61,25.00,20.00,0,0
2026-08-05 13:32:58,32.27,50.61,25.00,20.00,0,0
2026-08-05 13:32:59,32.27,50.64,25.00,20.00,0,0
2026-08-05 13:33:00,32.27,50.64,25.00,20.00,0,0
2026-08-05 13:33:01,32.26,50.64,25.00,20.00,0,0
2026-08-05 13:33:02,32.26,50.64,25.00,20.00,0,0
2026-08-05 13:33:03,32.26,50.64,25.00,20.00,0,0
2026-08-05 13:33:04,32.26,50.64,25.00,20.00,0,0
2026-08-05 13:33:05,32.26,50.64,25.00,20.00,0,0
2026-08-05 13:33:06,32.26,50.64,25.00,20.00,0,0
2026-08-05 13:33:07,32.26,50.62,25.00,20.00,0,0
2026-08-05 13:33:08,32.26,50.64,25.00,20.00,0,0
2026-08-05 13:33:09,32.26,50.64,25.00,20.00,0,0
2026-08-05 13:33:10,32.25,50.64,25.00,20.00,0,0
2026-08-05 13:33:11,32.26,50.64,25.00,20.00,0,0
2026-08-05 13:33:12,32.25,50.64,25.00,20.00,0,0
2026-08-05 13:33:13,32.25,50.64,25.00,20.00,0,0
2026-08-05 13:33:14,32.26,50.62,25.00,20.00,0,0
2026-08-05 13:33:15,32.25,50.62,25.00,20.00,0,0
2026-08-05 13:33:16,32.25,50.62,25.00,20.00,0,0
2026-08-05 13:33:17,32.25,50.62,25.00,20.00,0,0
2026-08-05 13:33:18,32.25,50.64,25.00,20.00,0,0
2026-08-05 13:33:19,32.25,50.64,25.00,20.00,0,0
2026-08-05 13:33:20,32.25,50.64,25.00,20.00,0,0
2026-08-05 13:33:21,32.25,50.65,25.00,20.00,0,0
2026-08-05 13:33:22,32.25,50.65,25.00,20.00,0,0
2026-08-05 13:33:23,32.24,50.65,25.00,20.00,0,0
2026-08-05 13:33:24,32.25,50.65,25.00,20.00,0,0
2026-08-05 13:33:25,32.24,50.65,25.00,20.00,0,0
2026-08-05 13:33:26,32.24,50.65,25.00,20.00,0,0
2026-08-05 13:33:27,32.24,50.65,25.00,20.00,0,0
2026-08-05 13:33:28,32.24,50.65,25.00,20.00,0,0
2026-08-05 13:33:29,32.24,50.65,25.00,20.00,0,0
2026-08-05 13:33:30,32.24,50.65,25.00,20.00,0,0
2026-08-05 13:33:31,32.24,50.65,25.00,20.00,0,0
2026-08-05 13:33:32,32.24,50.65,25.00,20.00,0,0
2026-08-05 13:33:33,32.24,50.65,25.00,20.00,0,0
2026-08-05 13:33:34,32.23,50.65,25.00,20.00,0,0
2026-08-05 13:33:35,32.24,50.65,25.00,20.00,0,0
2026-08-05 13:33:36,32.23,50.65,25.00,20.00,0,0
2026-08-05 13:33:37,32.23,50.65,25.00,20.00,0,0
2026-08-05 13:33:38,32.23,50.65,25.00,20.00,0,0
2026-08-05 13:33:39,32.23,50.65,25.00,20.00,0,0
2026-08-05 13:33:40,32.23,50.65,25.00,20.00,0,0
2026-08-05 13:33:41,32.23,50.65,25.00,20.00,0,0
2026-08-05 13:33:42,32.23,50.65,25.00,20.00,0,0
2026-08-05 13:33:43,32.23,50.72,25.00,20.00,0,0
2026-08-05 13:33:44,32.23,50.72,25.00,20.00,0,0
2026-08-05 13:33:45,32.22,50.72,25.00,20.00,0,0
2026-08-05 13:33:46,32.22,50.72,25.00,20.00,0,0
2026-08-05 13:33:47,32.22,50.72,25.00,20.00,0,0
2026-08-05 13:33:48,32.22,50.72,25.00,20.00,0,0
2026-08-05 13:33:49,32.21,50.72,25.00,20.00,0,0
2026-08-05 13:33:50,32.22,50.72,25.00,20.00,0,0
2026-08-05 13:33:51,32.22,50.72,25.00,20.00,0,0
2026-08-05 13:33:52,32.22,50.72,25.00,20.00,0,0
2026-08-05 13:33:53,32.21,50.72,25.00,20.00,0,0
2026-08-05 13:33:54,32.21,50.72,25.00,20.00,0,0
2026-08-05 13:33:55,32.21,50.72,25.00,20.00,0,0
2026-08-05 13:33:56,32.21,50.72,25.00,20.00,0,0
2026-08-05 13:33:57,32.21,50.72,25.00,20.00,0,0
2026-08-05 13:33:58,32.21,50.72,25.00,20.00,0,0
2026-08-05 13:33:59,32.21,50.72,25.00,20.00,0,0
2026-08-05 13:34:00,32.20,50.72,25.00,20.00,0,0
2026-08-05 13:34:01,32.21,50.72,25.00,20.00,0,0
2026-08-05 13:34:02,32.21,50.72,25.00,20.00,0,0
2026-08-05 13:34:03,32.20,50.72,25.00,20.00,0,0
2026-08-05 13:34:04,32.20,50.76,25.00,20.00,0,0
2026-08-05 13:34:05,32.20,50.76,25.00,20.00,0,0
2026-08-05 13:34:06,32.20,50.76,25.00,20.00,0,0
2026-08-05 13:34:07,32.20,50.76,25.00,20.00,0,0
2026-08-05 13:34:08,32.20,50.76,25.00,20.00,0,0
2026-08-05 13:34:09,32.20,50.76,25.00,20.00,0,0
2026-08-05 13:34:10,32.20,50.76,25.00,20.00,0,0
2026-08-05 13:34:11,32.20,50.76,25.00,20.00,0,0
2026-08-05 13:34:12,32.20,50.76,25.00,20.00,0,0
2026-08-05 13:34:13,32.20,50.76,25.00,20.00,0,0
2026-08-05 13:34:14,32.19,50.76,25.00,20.00,0,0
2026-08-05 13:34:15,32.19,50.76,25.00,20.00,0,0
2026-08-05 13:34:16,32.19,50.76,25.00,20.00,0,0
2026-08-05 13:34:17,32.19,50.76,25.00,20.00,0,0
2026-08-05 13:34:18,32.19,50.76,25.00,20.00,0,0
2026-08-05 13:34:19,32.19,50.76,25.00,20.00,0,0
2026-08-05 13:34:20,32.19,50.76,25.00,20.00,0,0
2026-08-05 13:34:21,32.19,50.76,25.00,20.00,0,0
2026-08-05 13:34:22,32.19,50.76,25.00,20.00,0,0
2026-08-05 13:34:23,32.19,50.76,25.00,20.00,0,0
2026-08-05 13:34:24,32.19,50.76,25.00,20.00,0,0
2026-08-05 13:34:25,32.18,50.76,25.00,20.00,0,0
2026-08-05 13:34:26,32.18,50.76,25.00,20.00,0,0
2026-08-05 13:34:27,32.18,50.76,25.00,20.00,0,0
2026-08-05 13:34:28,32.18,50.76,25.00,20.00,0,0
2026-08-05 13:34:29,32.18,50.79,25.00,20.00,0,0
2026-08-05 13:34:30,32.18,50.79,25.00,20.00,0,0
2026-08-05 13:34:31,32.18,50.79,25.00,20.00,0,0
2026-08-05 13:34:32,32.18,50.79,25.00,20.00,0,0
2026-08-05 13:34:33,32.17,50.79,25.00,20.00,0,0
2026-08-05 13:34:34,32.18,50.79,25.00,20.00,0,0
2026-08-05 13:34:35,32.17,50.79,25.00,20.00,0,0
2026-08-05 13:34:36,32.17,50.79,25.00,20.00,0,0
2026-08-05 13:34:37,32.17,50.79,25.00,20.00,0,0
2026-08-05 13:34:38,32.17,50.79,25.00,20.00,0,0
2026-08-05 13:34:39,32.17,50.79,25.00,20.00,0,0
2026-08-05 13:34:40,32.17,50.79,25.00,20.00,0,0
2026-08-05 13:34:41,32.17,50.79,25.00,20.00,0,0
2026-08-05 13:34:42,32.17,50.79,25.00,20.00,0,0
2026-08-05 13:34:43,32.17,50.79,25.00,20.00,0,0
2026-08-05 13:34:44,32.16,50.79,25.00,20.00,0,0
2026-08-05 13:34:45,32.17,50.79,25.00,20.00,0,0
2026-08-05 13:34:46,32.17,50.79,25.00,20.00,0,0
2026-08-05 13:34:47,32.16,50.79,25.00,20.00,0,0
2026-08-05 13:34:48,32.16,50.79,25.00,20.00,0,0
2026-08-05 13:34:49,32.16,50.79,25.00,20.00,0,0
2026-08-05 13:34:50,32.16,50.79,25.00,20.00,0,0
2026-08-05 13:34:51,32.16,50.79,25.00,20.00,0,0
2026-08-05 13:34:52,32.16,50.82,25.00,20.00,0,0
2026-08-05 13:34:53,32.16,50.79,25.00,20.00,0,0
2026-08-05 13:34:54,32.16,50.79,25.00,20.00,0,0
2026-08-05 13:34:55,32.16,50.82,25.00,20.00,0,0
2026-08-05 13:34:56,32.15,50.82,25.00,20.00,0,0
2026-08-05 13:34:57,32.16,50.82,25.00,20.00,0,0
2026-08-05 13:34:58,32.15,50.82,25.00,20.00,0,0
2026-08-05 13:34:59,32.15,50.82,25.00,20.00,0,0
2026-08-05 13:35:00,32.15,50.82,25.00,20.00,0,0
2026-08-05 13:35:01,32.15,50.82,25.00,20.00,0,0
2026-08-05 13:35:02,32.15,50.82,25.00,20.00,0,0
2026-08-05 13:35:03,32.15,50.82,25.00,20.00,0,0
2026-08-05 13:35:04,32.15,50.82,25.00,20.00,0,0
2026-08-05 13:35:05,32.15,50.82,25.00,20.00,0,0
2026-08-05 13:35:06,32.15,50.82,25.00,20.00,0,0
2026-08-05 13:35:07,32.15,50.82,25.00,20.00,0,0
2026-08-05 13:35:08,32.14,50.82,25.00,20.00,0,0
2026-08-05 13:35:09,32.14,50.82,25.00,20.00,0,0
2026-08-05 13:35:10,32.14,50.82,25.00,20.00,0,0
2026-08-05 13:35:11,32.14,50.82,25.00,20.00,0,0
2026-08-05 13:35:12,32.14,50.82,25.00,20.00,0,0
2026-08-05 13:35:13,32.14,50.82,25.00,20.00,0,0
2026-08-05 13:35:14,32.14,50.82,25.00,20.00,0,0
2026-08-05 13:35:15,32.14,50.82,25.00,20.00,0,0
2026-08-05 13:35:16,32.14,50.82,25.00,20.00,0,0
2026-08-05 13:35:17,32.12,50.82,25.00,20.00,0,0
2026-08-05 13:35:18,32.12,50.82,25.00,20.00,0,0
2026-08-05 13:35:19,32.12,50.82,25.00,20.00,0,0
2026-08-05 13:35:20,32.14,50.82,25.00,20.00,0,0
2026-08-05 13:35:21,32.12,50.82,25.00,20.00,0,0
2026-08-05 13:35:22,32.12,50.86,25.00,20.00,0,0
2026-08-05 13:35:23,32.12,50.82,25.00,20.00,0,0
2026-08-05 13:35:24,32.12,50.82,25.00,20.00,0,0
2026-08-05 13:35:25,32.12,50.86,25.00,20.00,0,0
2026-08-05 13:35:26,32.12,50.86,25.00,20.00,0,0
2026-08-05 13:35:27,32.12,50.86,25.00,20.00,0,0
2026-08-05 13:35:28,32.12,50.86,25.00,20.00,0,0
2026-08-05 13:35:29,32.12,50.86,25.00,20.00,0,0
2026-08-05 13:35:30,32.11,50.86,25.00,20.00,0,0
2026-08-05 13:35:31,32.12,50.86,25.00,20.00,0,0
2026-08-05 13:35:32,32.12,50.86,25.00,20.00,0,0
2026-08-05 13:35:33,32.11,50.86,25.00,20.00,0,0
2026-08-05 13:35:34,32.11,50.86,25.00,20.00,0,0
2026-08-05 13:35:35,32.11,50.86,25.00,20.00,0,0
2026-08-05 13:35:36,32.11,50.86,25.00,20.00,0,0
2026-08-05 13:35:37,32.11,50.86,25.00,20.00,0,0
2026-08-05 13:35:38,32.11,50.86,25.00,20.00,0,0
2026-08-05 13:35:39,32.11,50.86,25.00,20.00,0,0
2026-08-05 13:35:40,32.11,50.86,25.00,20.00,0,0
2026-08-05 13:35:41,32.11,50.86,25.00,20.00,0,0
2026-08-05 13:35:42,32.11,50.86,25.00,20.00,0,0
2026-08-05 13:35:43,32.10,50.86,25.00,20.00,0,0
2026-08-05 13:35:44,32.11,50.86,25.00,20.00,0,0
2026-08-05 13:35:45,32.11,50.86,25.00,20.00,0,0
2026-08-05 13:35:46,32.11,50.86,25.00,20.00,0,0
2026-08-05 13:35:47,32.10,50.89,25.00,20.00,0,0
2026-08-05 13:35:48,32.10,50.89,25.00,20.00,0,0
2026-08-05 13:35:49,32.11,50.89,25.00,20.00,0,0
2026-08-05 13:35:50,32.10,50.86,25.00,20.00,0,0
2026-08-05 13:35:51,32.10,50.89,25.00,20.00,0,0
2026-08-05 13:35:52,32.10,50.89,25.00,20.00,0,0
2026-08-05 13:35:53,32.10,50.89,25.00,20.00,0,0
2026-08-05 13:35:54,32.10,50.89,25.00,20.00,0,0
2026-08-05 13:35:55,32.10,50.89,25.00,20.00,0,0
2026-08-05 13:35:56,32.10,50.89,25.00,20.00,0,0
2026-08-05 13:35:57,32.10,50.89,25.00,20.00,0,0
2026-08-05 13:35:58,32.10,50.89,25.00,20.00,0,0
2026-08-05 13:35:59,32.09,50.89,25.00,20.00,0,0
2026-08-05 13:36:00,32.10,50.89,25.00,20.00,0,0
2026-08-05 13:36:01,32.09,50.89,25.00,20.00,0,0
2026-08-05 13:36:02,32.09,50.89,25.00,20.00,0,0
2026-08-05 13:36:03,32.09,50.89,25.00,20.00,0,0
2026-08-05 13:36:04,32.09,50.89,25.00,20.00,0,0
2026-08-05 13:36:05,32.09,50.89,25.00,20.00,0,0
2026-08-05 13:36:06,32.09,50.86,25.00,20.00,0,0
2026-08-05 13:36:07,32.09,50.89,25.00,20.00,0,0
2026-08-05 13:36:08,32.09,50.89,25.00,20.00,0,0
2026-08-05 13:36:09,32.09,50.89,25.00,20.00,0,0
2026-08-05 13:36:10,32.09,50.89,25.00,20.00,0,0
2026-08-05 13:36:11,32.09,50.89,25.00,20.00,0,0
2026-08-05 13:36:12,32.08,50.86,25.00,20.00,0,0
2026-08-05 13:36:13,32.09,50.86,25.00,20.00,0,0
2026-08-05 13:36:14,32.08,50.86,25.00,20.00,0,0
2026-08-05 13:36:15,32.08,50.89,25.00,20.00,0,0
2026-08-05 13:36:16,32.09,50.86,25.00,20.00,0,0
2026-08-05 13:36:17,32.08,50.89,25.00,20.00,0,0
2026-08-05 13:36:18,32.08,50.89,25.00,20.00,0,0
2026-08-05 13:36:19,32.08,50.86,25.00,20.00,0,0
2026-08-05 13:36:20,32.08,50.86,25.00,20.00,0,0
2026-08-05 13:36:21,32.08,50.86,25.00,20.00,0,0
2026-08-05 13:36:22,32.08,50.86,25.00,20.00,0,0
2026-08-05 13:36:23,32.07,50.86,25.00,20.00,0,0
2026-08-05 13:36:24,32.08,50.90,25.00,20.00,0,0
2026-08-05 13:36:25,32.07,50.86,25.00,20.00,0,0
2026-08-05 13:36:26,32.08,50.86,25.00,20.00,0,0
2026-08-05 13:36:27,32.07,50.90,25.00,20.00,0,0
2026-08-05 13:36:28,32.07,50.90,25.00,20.00,0,0
2026-08-05 13:36:29,32.07,50.90,25.00,20.00,0,0
2026-08-05 13:36:30,32.07,50.90,25.00,20.00,0,0
2026-08-05 13:36:31,32.07,50.90,25.00,20.00,0,0
2026-08-05 13:36:32,32.07,50.90,25.00,20.00,0,0
2026-08-05 13:36:33,32.07,50.90,25.00,20.00,0,0
2026-08-05 13:36:34,32.06,50.90,25.00,20.00,0,0
2026-08-05 13:36:35,32.07,50.90,25.00,20.00,0,0
2026-08-05 13:36:36,32.07,50.90,25.00,20.00,0,0
2026-08-05 13:36:37,32.07,50.90,25.00,20.00,0,0
2026-08-05 13:36:38,32.06,50.90,25.00,20.00,0,0
2026-08-05 13:36:39,32.06,50.90,25.00,20.00,0,0
2026-08-05 13:36:40,32.06,50.90,25.00,20.00,0,0
2026-08-05 13:36:41,32.06,50.90,25.00,20.00,0,0
2026-08-05 13:36:42,32.06,50.90,25.00,20.00,0,0
2026-08-05 13:36:43,32.06,50.90,25.00,20.00,0,0
2026-08-05 13:36:44,32.05,50.90,25.00,20.00,0,0
2026-08-05 13:36:45,32.05,50.90,25.00,20.00,0,0
2026-08-05 13:36:46,32.06,50.90,25.00,20.00,0,0
2026-08-05 13:36:47,32.06,50.90,25.00,20.00,0,0
2026-08-05 13:36:48,32.06,50.90,25.00,20.00,0,0
2026-08-05 13:36:49,32.06,50.90,25.00,20.00,0,0
2026-08-05 13:36:50,32.05,50.90,25.00,20.00,0,0
2026-08-05 13:36:51,32.05,50.90,25.00,20.00,0,0
2026-08-05 13:36:52,32.05,50.90,25.00,20.00,0,0
2026-08-05 13:36:53,32.05,50.90,25.00,20.00,0,0
2026-08-05 13:36:54,32.05,50.90,25.00,20.00,0,0
2026-08-05 13:36:55,32.05,50.90,25.00,20.00,0,0
2026-08-05 13:36:56,32.05,50.90,25.00,20.00,0,0
2026-08-05 13:36:57,32.05,50.90,25.00,20.00,0,0
2026-08-05 13:36:58,32.05,50.90,25.00,20.00,0,0
2026-08-05 13:36:59,32.05,50.93,25.00,20.00,0,0
2026-08-05 13:37:00,32.05,50.93,25.00,20.00,0,0
2026-08-05 13:37:01,32.04,50.93,25.00,20.00,0,0
2026-08-05 13:37:02,32.04,50.93,25.00,20.00,0,0
2026-08-05 13:37:03,32.04,50.93,25.00,20.00,0,0
2026-08-05 13:37:04,32.04,50.93,25.00,20.00,0,0
2026-08-05 13:37:05,32.04,50.93,25.00,20.00,0,0
2026-08-05 13:37:06,32.04,50.93,25.00,20.00,0,0
2026-08-05 13:37:07,32.04,50.93,25.00,20.00,0,0
2026-08-05 13:37:08,32.04,50.93,25.00,20.00,0,0
2026-08-05 13:37:09,32.04,50.93,25.00,20.00,0,0
2026-08-05 13:37:10,32.04,50.93,25.00,20.00,0,0
2026-08-05 13:37:11,32.04,50.93,25.00,20.00,0,0
2026-08-05 13:37:12,32.04,50.93,25.00,20.00,0,0
2026-08-05 13:37:13,32.04,50.93,25.00,20.00,0,0
2026-08-05 13:37:14,32.04,50.93,25.00,20.00,0,0
2026-08-05 13:37:15,32.03,50.93,25.00,20.00,0,0
2026-08-05 13:37:16,32.04,50.93,25.00,20.00,0,0
2026-08-05 13:37:17,32.03,50.93,25.00,20.00,0,0
2026-08-05 13:37:18,32.03,50.93,25.00,20.00,0,0
2026-08-05 13:37:19,32.03,50.93,25.00,20.00,0,0
2026-08-05 13:37:20,32.03,50.93,25.00,20.00,0,0
2026-08-05 13:37:21,32.03,50.93,25.00,20.00,0,0
2026-08-05 13:37:22,32.03,50.93,25.00,20.00,0,0
2026-08-05 13:37:23,32.03,50.93,25.00,20.00,0,0
2026-08-05 13:37:24,32.03,50.93,25.00,20.00,0,0
2026-08-05 13:37:25,32.03,50.93,25.00,20.00,0,0
2026-08-05 13:37:26,32.03,50.93,25.00,20.00,0,0
2026-08-05 13:37:27,32.03,50.93,25.00,20.00,0,0
2026-08-05 13:37:28,32.02,50.93,25.00,20.00,0,0
2026-08-05 13:37:29,32.02,50.93,25.00,20.00,0,0
2026-08-05 13:37:30,32.02,50.93,25.00,20.00,0,0
2026-08-05 13:37:31,32.02,50.93,25.00,20.00,0,0
2026-08-05 13:37:32,32.02,50.96,25.00,20.00,0,0
2026-08-05 13:37:33,32.02,50.93,25.00,20.00,0,0
2026-08-05 13:37:34,32.02,50.96,25.00,20.00,0,0
2026-08-05 13:37:35,32.02,50.93,25.00,20.00,0,0
2026-08-05 13:37:36,32.02,50.93,25.00,20.00,0,0
2026-08-05 13:37:37,32.02,50.96,25.00,20.00,0,0
2026-08-05 13:37:38,32.02,50.96,25.00,20.00,0,0
2026-08-05 13:37:39,32.02,50.96,25.00,20.00,0,0
2026-08-05 13:37:40,32.02,50.96,25.00,20.00,0,0
2026-08-05 13:37:41,32.02,50.96,25.00,20.00,0,0
2026-08-05 13:37:42,32.01,50.96,25.00,20.00,0,0
2026-08-05 13:37:43,32.02,50.96,25.00,20.00,0,0
2026-08-05 13:37:44,32.02,50.96,25.00,20.00,0,0
2026-08-05 13:37:45,32.01,50.96,25.00,20.00,0,0
2026-08-05 13:37:46,32.01,50.96,25.00,20.00,0,0
2026-08-05 13:37:47,32.01,50.96,25.00,20.00,0,0
2026-08-05 13:37:48,32.01,50.96,25.00,20.00,0,0
2026-08-05 13:37:49,32.01,50.96,25.00,20.00,0,0
2026-08-05 13:37:50,32.01,50.96,25.00,20.00,0,0
2026-08-05 13:37:51,32.01,50.96,25.00,20.00,0,0
2026-08-05 13:37:52,32.01,50.96,25.00,20.00,0,0
2026-08-05 13:37:53,32.01,50.96,25.00,20.00,0,0
2026-08-05 13:37:54,32.01,50.96,25.00,20.00,0,0
2026-08-05 13:37:55,32.01,50.96,25.00,20.00,0,0
2026-08-05 13:37:56,32.01,50.96,25.00,20.00,0,0
2026-08-05 13:37:57,32.01,50.96,25.00,20.00,0,0
2026-08-05 13:37:58,32.01,50.96,25.00,20.00,0,0
2026-08-05 13:37:59,32.00,50.96,25.00,20.00,0,0
2026-08-05 13:38:00,32.00,50.96,25.00,20.00,0,0
2026-08-05 13:38:01,32.00,50.96,25.00,20.00,0,0
2026-08-05 13:38:02,32.00,50.96,25.00,20.00,0,0
2026-08-05 13:38:03,32.00,50.96,25.00,20.00,0,0
2026-08-05 13:38:04,32.00,50.96,25.00,20.00,0,0
2026-08-05 13:38:05,32.00,50.96,25.00,20.00,0,0
2026-08-05 13:38:06,31.99,50.96,25.00,20.00,0,0
2026-08-05 13:38:07,32.00,50.96,25.00,20.00,0,0
2026-08-05 13:38:08,32.00,50.96,25.00,20.00,0,0
2026-08-05 13:38:09,32.00,50.96,25.00,20.00,0,0
2026-08-05 13:38:10,31.99,50.96,25.00,20.00,0,0
2026-08-05 13:38:11,31.99,50.96,25.00,20.00,0,0
2026-08-05 13:38:12,31.99,50.96,25.00,20.00,0,0
2026-08-05 13:38:13,32.00,50.96,25.00,20.00,0,0
2026-08-05 13:38:14,31.99,51.00,25.00,20.00,0,0
2026-08-05 13:38:15,31.99,51.00,25.00,20.00,0,0
2026-08-05 13:38:16,31.99,51.00,25.00,20.00,0,0
2026-08-05 13:38:17,31.99,50.96,25.00,20.00,0,0
2026-08-05 13:38:18,31.99,51.00,25.00,20.00,0,0
2026-08-05 13:38:19,31.99,51.00,25.00,20.00,0,0
2026-08-05 13:38:20,31.99,51.00,25.00,20.00,0,0
2026-08-05 13:38:21,31.99,51.00,25.00,20.00,0,0
2026-08-05 13:38:22,31.99,51.00,25.00,20.00,0,0
2026-08-05 13:38:23,31.99,51.00,25.00,20.00,0,0
2026-08-05 13:38:24,31.99,51.00,25.00,20.00,0,0
2026-08-05 13:38:25,31.97,51.00,25.00,20.00,0,0
2026-08-05 13:38:26,31.97,51.00,25.00,20.00,0,0
2026-08-05 13:38:27,31.97,51.00,25.00,20.00,0,0
2026-08-05 13:38:28,31.97,51.00,25.00,20.00,0,0
2026-08-05 13:38:29,31.97,51.00,25.00,20.00,0,0
2026-08-05 13:38:30,31.97,51.00,25.00,20.00,0,0
2026-08-05 13:38:31,31.97,51.00,25.00,20.00,0,0
2026-08-05 13:38:32,31.97,51.00,25.00,20.00,0,0
2026-08-05 13:38:33,31.97,51.00,25.00,20.00,0,0
2026-08-05 13:38:34,31.97,51.00,25.00,20.00,0,0
2026-08-05 13:38:35,31.97,51.00,25.00,20.00,0,0
2026-08-05 13:38:36,31.96,51.00,25.00,20.00,0,0
2026-08-05 13:38:37,31.96,51.00,25.00,20.00,0,0
2026-08-05 13:38:38,31.96,51.00,25.00,20.00,0,0
2026-08-05 13:38:39,31.97,51.00,25.00,20.00,0,0
2026-08-05 13:38:40,31.96,51.00,25.00,20.00,0,0
2026-08-05 13:38:41,31.96,51.00,25.00,20.00,0,0
2026-08-05 13:38:42,31.96,51.00,25.00,20.00,0,0
2026-08-05 13:38:43,31.96,51.00,25.00,20.00,0,0
2026-08-05 13:38:44,31.96,51.00,25.00,20.00,0,0
2026-08-05 13:38:45,31.96,51.00,25.00,20.00,0,0
2026-08-05 13:38:46,31.96,51.00,25.00,20.00,0,0
2026-08-05 13:38:47,31.96,51.00,25.00,20.00,0,0
2026-08-05 13:38:48,31.96,51.00,25.00,20.00,0,0
2026-08-05 13:38:49,31.96,51.00,25.00,20.00,0,0
2026-08-05 13:38:50,31.96,51.00,25.00,20.00,0,0
2026-08-05 13:38:51,31.95,51.00,25.00,20.00,0,0
2026-08-05 13:38:52,31.96,51.00,25.00,20.00,0,0
2026-08-05 13:38:53,31.95,51.00,25.00,20.00,0,0
2026-08-05 13:38:54,31.95,51.00,25.00,20.00,0,0
2026-08-05 13:38:55,31.95,51.00,25.00,20.00,0,0
2026-08-05 13:38:56,31.95,51.00,25.00,20.00,0,0
2026-08-05 13:38:57,31.95,51.00,25.00,20.00,0,0
2026-08-05 13:38:58,31.95,51.00,25.00,20.00,0,0
2026-08-05 13:38:59,31.95,51.00,25.00,20.00,0,0
2026-08-05 13:39:00,31.95,51.00,25.00,20.00,0,0
2026-08-05 13:39:01,31.95,51.03,25.00,20.00,0,0
2026-08-05 13:39:02,31.94,51.03,25.00,20.00,0,0
2026-08-05 13:39:03,31.94,51.03,25.00,20.00,0,0
2026-08-05 13:39:04,31.94,51.03,25.00,20.00,0,0
2026-08-05 13:39:05,31.94,51.03,25.00,20.00,0,0
2026-08-05 13:39:06,31.94,51.03,25.00,20.00,0,0
2026-08-05 13:39:07,31.94,51.03,25.00,20.00,0,0
2026-08-05 13:39:08,31.94,51.03,25.00,20.00,0,0
2026-08-05 13:39:09,31.94,51.03,25.00,20.00,0,0
2026-08-05 13:39:10,31.94,51.03,25.00,20.00,0,0
2026-08-05 13:39:11,31.94,51.03,25.00,20.00,0,0
2026-08-05 13:39:12,31.94,51.03,25.00,20.00,0,0
2026-08-05 13:39:13,31.94,51.03,25.00,20.00,0,0
2026-08-05 13:39:14,31.94,51.03,25.00,20.00,0,0
2026-08-05 13:39:15,31.93,51.03,25.00,20.00,0,0
2026-08-05 13:39:16,31.93,51.03,25.00,20.00,0,0
2026-08-05 13:39:17,31.93,51.03,25.00,20.00,0,0
2026-08-05 13:39:18,31.93,51.03,25.00,20.00,0,0
2026-08-05 13:39:19,31.94,51.03,25.00,20.00,0,0
2026-08-05 13:39:20,31.93,51.03,25.00,20.00,0,0
2026-08-05 13:39:21,31.93,51.03,25.00,20.00,0,0
2026-08-05 13:39:22,31.93,51.03,25.00,20.00,0,0
2026-08-05 13:39:23,31.93,51.03,25.00,20.00,0,0
2026-08-05 13:39:24,31.93,51.03,25.00,20.00,0,0
2026-08-05 13:39:25,31.93,51.03,25.00,20.00,0,0
2026-08-05 13:39:26,31.93,51.03,25.00,20.00,0,0
2026-08-05 13:39:27,31.93,51.03,25.00,20.00,0,0
2026-08-05 13:39:28,31.93,51.03,25.00,20.00,0,0
2026-08-05 13:39:29,31.93,51.03,25.00,20.00,0,0
2026-08-05 13:39:30,31.93,51.03,25.00,20.00,0,0
2026-08-05 13:39:31,31.93,51.03,25.00,20.00,0,0
2026-08-05 13:39:32,31.93,51.03,25.00,20.00,0,0
2026-08-05 13:39:33,31.93,51.03,25.00,20.00,0,0
2026-08-05 13:39:34,31.93,51.03,25.00,20.00,0,0
2026-08-05 13:39:35,31.93,51.03,25.00,20.00,0,0
2026-08-05 13:39:36,31.93,51.03,25.00,20.00,0,0
2026-08-05 13:39:37,31.93,51.03,25.00,20.00,0,0
2026-08-05 13:39:38,31.93,51.03,25.00,20.00,0,0
2026-08-05 13:39:39,31.93,51.03,25.00,20.00,0,0
2026-08-05 13:39:40,31.93,51.03,25.00,20.00,0,0
2026-08-05 13:39:41,31.93,51.03,25.00,20.00,0,0
2026-08-05 13:39:42,31.93,51.03,25.00,20.00,0,0
2026-08-05 13:39:43,31.93,51.03,25.00,20.00,0,0
2026-08-05 13:39:44,31.93,51.03,25.00,20.00,0,0
2026-08-05 13:39:45,31.93,51.03,25.00,20.00,0,0
2026-08-05 13:39:46,31.93,51.03,25.00,20.00,0,0
2026-08-05 13:39:47,31.93,51.03,25.00,20.00,0,0
2026-08-05 13:39:48,31.93,51.03,25.00,20.00,0,0
2026-08-05 13:39:49,31.93,51.03,25.00,20.00,0,0
2026-08-05 13:39:50,31.93,51.03,25.00,20.00,0,0
2026-08-05 13:39:51,31.93,51.03,25.00,20.00,0,0
2026-08-05 13:39:52,31.93,51.03,25.00,20.00,0,0
2026-08-05 13:39:53,31.93,51.03,25.00,20.00,0,0
2026-08-05 13:39:54,31.93,51.03,25.00,20.00,0,0
2026-08-05 13:39:55,31.93,51.03,25.00,20.00,0,0
2026-08-05 13:39:56,31.92,51.03,25.00,20.00,0,0
2026-08-05 13:39:57,31.93,51.07,25.00,20.00,0,0
2026-08-05 13:39:58,31.93,51.07,25.00,20.00,0,0
2026-08-05 13:39:59,31.93,51.07,25.00,20.00,0,0
2026-08-05 13:40:00,31.93,51.07,25.00,20.00,0,0
2026-08-05 13:40:01,31.93,51.07,25.00,20.00,0,0
2026-08-05 13:40:02,31.93,51.07,25.00,20.00,0,0
2026-08-05 13:40:03,31.93,51.07,25.00,20.00,0,0
2026-08-05 13:40:04,31.92,51.07,25.00,20.00,0,0
2026-08-05 13:40:05,31.93,51.07,25.00,20.00,0,0
2026-08-05 13:40:06,31.93,51.07,25.00,20.00,0,0
2026-08-05 13:40:07,31.92,51.07,25.00,20.00,0,0
2026-08-05 13:40:08,31.93,51.07,25.00,20.00,0,0
2026-08-05 13:40:09,31.92,51.07,25.00,20.00,0,0
2026-08-05 13:40:10,31.92,51.07,25.00,20.00,0,0
2026-08-05 13:40:11,31.92,51.07,25.00,20.00,0,0
2026-08-05 13:40:12,31.92,51.07,25.00,20.00,0,0
2026-08-05 13:40:13,31.92,51.07,25.00,20.00,0,0
2026-08-05 13:40:14,31.92,51.07,25.00,20.00,0,0
2026-08-05 13:40:15,31.92,51.07,25.00,20.00,0,0
2026-08-05 13:40:16,31.92,51.04,25.00,20.00,0,0
2026-08-05 13:40:17,31.92,51.04,25.00,20.00,0,0
2026-08-05 13:40:18,31.92,51.07,25.00,20.00,0,0
2026-08-05 13:40:19,31.92,51.07,25.00,20.00,0,0
2026-08-05 13:40:20,31.92,51.04,25.00,20.00,0,0
2026-08-05 13:40:21,31.91,51.07,25.00,20.00,0,0
2026-08-05 13:40:22,31.92,51.07,25.00,20.00,0,0
2026-08-05 13:40:23,31.91,51.07,25.00,20.00,0,0
2026-08-05 13:40:24,31.91,51.04,25.00,20.00,0,0
2026-08-05 13:40:25,31.91,51.07,25.00,20.00,0,0
2026-08-05 13:40:26,31.91,51.04,25.00,20.00,0,0
2026-08-05 13:40:27,31.91,51.07,25.00,20.00,0,0
2026-08-05 13:40:28,31.91,51.04,25.00,20.00,0,0
2026-08-05 13:40:29,31.91,51.04,25.00,20.00,0,0
2026-08-05 13:40:30,31.91,51.04,25.00,20.00,0,0
2026-08-05 13:40:31,31.91,51.04,25.00,20.00,0,0
2026-08-05 13:40:32,31.91,51.04,25.00,20.00,0,0
2026-08-05 13:40:33,31.90,51.04,25.00,20.00,0,0
2026-08-05 13:40:34,31.90,51.04,25.00,20.00,0,0
2026-08-05 13:40:35,31.91,51.04,25.00,20.00,0,0
2026-08-05 13:40:36,31.90,51.04,25.00,20.00,0,0
2026-08-05 13:40:37,31.90,51.04,25.00,20.00,0,0
2026-08-05 13:40:38,31.90,51.04,25.00,20.00,0,0
2026-08-05 13:40:39,31.90,51.04,25.00,20.00,0,0
2026-08-05 13:40:40,31.90,51.04,25.00,20.00,0,0
2026-08-05 13:40:41,31.90,51.04,25.00,20.00,0,0
2026-08-05 13:40:42,31.90,51.04,25.00,20.00,0,0
2026-08-05 13:40:43,31.90,51.04,25.00,20.00,0,0
2026-08-05 13:40:44,31.89,51.04,25.00,20.00,0,0
2026-08-05 13:40:45,31.89,51.04,25.00,20.00,0,0
2026-08-05 13:40:46,31.89,51.04,25.00,20.00,0,0
2026-08-05 13:40:47,31.89,51.04,25.00,20.00,0,0
2026-08-05 13:40:48,31.89,51.04,25.00,20.00,0,0
2026-08-05 13:40:49,31.89,51.04,25.00,20.00,0,0
2026-08-05 13:40:50,31.89,51.04,25.00,20.00,0,0
2026-08-05 13:40:51,31.89,51.04,25.00,20.00,0,0
2026-08-05 13:40:52,31.89,51.04,25.00,20.00,0,0
2026-08-05 13:40:53,31.89,51.04,25.00,20.00,0,0
2026-08-05 13:40:54,31.89,51.04,25.00,20.00,0,0
2026-08-05 13:40:55,31.89,51.04,25.00,20.00,0,0
2026-08-05 13:40:56,31.88,51.04,25.00,20.00,0,0
2026-08-05 13:40:57,31.89,51.08,25.00,20.00,0,0
2026-08-05 13:40:58,31.89,51.08,25.00,20.00,0,0
2026-08-05 13:40:59,31.88,51.04,25.00,20.00,0,0
2026-08-05 13:41:00,31.88,51.04,25.00,20.00,0,0
2026-08-05 13:41:01,31.88,51.04,25.00,20.00,0,0
2026-08-05 13:41:02,31.88,51.04,25.00,20.00,0,0
2026-08-05 13:41:03,31.88,51.08,25.00,20.00,0,0
2026-08-05 13:41:04,31.88,51.04,25.00,20.00,0,0
2026-08-05 13:41:05,31.88,51.08,25.00,20.00,0,0
2026-08-05 13:41:06,31.88,51.08,25.00,20.00,0,0
2026-08-05 13:41:07,31.88,51.08,25.00,20.00,0,0
2026-08-05 13:41:08,31.88,51.08,25.00,20.00,0,0
2026-08-05 13:41:09,31.88,51.08,25.00,20.00,0,0
2026-08-05 13:41:10,31.88,51.08,25.00,20.00,0,0
2026-08-05 13:41:11,31.88,51.08,25.00,20.00,0,0
2026-08-05 13:41:12,31.87,51.08,25.00,20.00,0,0
2026-08-05 13:41:13,31.87,51.08,25.00,20.00,0,0
2026-08-05 13:41:14,31.87,51.08,25.00,20.00,0,0
2026-08-05 13:41:15,31.87,51.08,25.00,20.00,0,0
2026-08-05 13:41:16,31.88,51.08,25.00,20.00,0,0
2026-08-05 13:41:17,31.87,51.08,25.00,20.00,0,0
2026-08-05 13:41:18,31.87,51.08,25.00,20.00,0,0
2026-08-05 13:41:19,31.87,51.08,25.00,20.00,0,0
2026-08-05 13:41:20,31.87,51.08,25.00,20.00,0,0
2026-08-05 13:41:21,31.87,51.08,25.00,20.00,0,0
2026-08-05 13:41:22,31.87,51.08,25.00,20.00,0,0
2026-08-05 13:41:23,31.87,51.08,25.00,20.00,0,0
2026-08-05 13:41:24,31.87,51.08,25.00,20.00,0,0
2026-08-05 13:41:25,31.87,51.08,25.00,20.00,0,0
2026-08-05 13:41:26,31.87,51.08,25.00,20.00,0,0
2026-08-05 13:41:27,31.87,51.08,25.00,20.00,0,0
2026-08-05 13:41:28,31.87,51.08,25.00,20.00,0,0
2026-08-05 13:41:29,31.86,51.08,25.00,20.00,0,0
2026-08-05 13:41:30,31.86,51.08,25.00,20.00,0,0
2026-08-05 13:41:31,31.86,51.08,25.00,20.00,0,0
2026-08-05 13:41:32,31.86,51.08,25.00,20.00,0,0
2026-08-05 13:41:33,31.86,51.08,25.00,20.00,0,0
2026-08-05 13:41:34,31.86,51.08,25.00,20.00,0,0
2026-08-05 13:41:35,31.86,51.08,25.00,20.00,0,0
2026-08-05 13:41:36,31.86,51.08,25.00,20.00,0,0
2026-08-05 13:41:37,31.86,51.08,25.00,20.00,0,0
2026-08-05 13:41:38,31.86,51.08,25.00,20.00,0,0
2026-08-05 13:41:39,31.86,51.08,25.00,20.00,0,0
2026-08-05 13:41:40,31.86,51.08,25.00,20.00,0,0
2026-08-05 13:41:41,31.85,51.08,25.00,20.00,0,0
2026-08-05 13:41:42,31.86,51.08,25.00,20.00,0,0
2026-08-05 13:41:43,31.86,51.08,25.00,20.00,0,0
2026-08-05 13:41:44,31.85,51.08,25.00,20.00,0,0
2026-08-05 13:41:45,31.85,51.08,25.00,20.00,0,0
2026-08-05 13:41:46,31.85,51.08,25.00,20.00,0,0
2026-08-05 13:41:47,31.85,51.08,25.00,20.00,0,0
2026-08-05 13:41:48,31.85,51.08,25.00,20.00,0,0
2026-08-05 13:41:49,31.85,51.08,25.00,20.00,0,0
2026-08-05 13:41:50,31.85,51.08,25.00,20.00,0,0
2026-08-05 13:41:51,31.85,51.08,25.00,20.00,0,0
2026-08-05 13:41:52,31.85,51.08,25.00,20.00,0,0
2026-08-05 13:41:53,31.85,51.08,25.00,20.00,0,0
2026-08-05 13:41:54,31.85,51.08,25.00,20.00,0,0
2026-08-05 13:41:55,31.85,51.08,25.00,20.00,0,0
2026-08-05 13:41:56,31.85,51.08,25.00,20.00,0,0
2026-08-05 13:41:57,31.85,51.08,25.00,20.00,0,0
2026-08-05 13:41:58,31.85,51.08,25.00,20.00,0,0
2026-08-05 13:41:59,31.84,51.08,25.00,20.00,0,0
2026-08-05 13:42:00,31.85,51.08,25.00,20.00,0,0
2026-08-05 13:42:01,31.85,51.08,25.00,20.00,0,0
2026-08-05 13:42:02,31.84,51.08,25.00,20.00,0,0
2026-08-05 13:42:03,31.84,51.08,25.00,20.00,0,0
2026-08-05 13:42:04,31.84,51.08,25.00,20.00,0,0
2026-08-05 13:42:05,31.84,51.11,25.00,20.00,0,0
2026-08-05 13:42:06,31.84,51.08,25.00,20.00,0,0
2026-08-05 13:42:07,31.84,51.08,25.00,20.00,0,0
2026-08-05 13:42:08,31.84,51.08,25.00,20.00,0,0
2026-08-05 13:42:09,31.84,51.11,25.00,20.00,0,0
2026-08-05 13:42:10,31.84,51.11,25.00,20.00,0,0
2026-08-05 13:42:11,31.84,51.11,25.00,20.00,0,0
2026-08-05 13:42:12,31.84,51.11,25.00,20.00,0,0
2026-08-05 13:42:13,31.84,51.11,25.00,20.00,0,0
2026-08-05 13:42:14,31.84,51.11,25.00,20.00,0,0
2026-08-05 13:42:15,31.84,51.11,25.00,20.00,0,0
2026-08-05 13:42:16,31.84,51.11,25.00,20.00,0,0
2026-08-05 13:42:17,31.84,51.11,25.00,20.00,0,0
2026-08-05 13:42:18,31.84,51.11,25.00,20.00,0,0
2026-08-05 13:42:19,31.82,51.11,25.00,20.00,0,0
2026-08-05 13:42:20,31.84,51.11,25.00,20.00,0,0
2026-08-05 13:42:21,31.82,51.11,25.00,20.00,0,0
2026-08-05 13:42:22,31.84,51.11,25.00,20.00,0,0
2026-08-05 13:42:23,31.82,51.11,25.00,20.00,0,0
2026-08-05 13:42:24,31.82,51.11,25.00,20.00,0,0
2026-08-05 13:42:25,31.82,51.11,25.00,20.00,0,0
2026-08-05 13:42:26,31.82,51.11,25.00,20.00,0,0
2026-08-05 13:42:27,31.82,51.11,25.00,20.00,0,0
2026-08-05 13:42:28,31.82,51.11,25.00,20.00,0,0
2026-08-05 13:42:29,31.82,51.11,25.00,20.00,0,0
2026-08-05 13:42:30,31.82,51.11,25.00,20.00,0,0
2026-08-05 13:42:31,31.82,51.11,25.00,20.00,0,0
2026-08-05 13:42:32,31.82,51.11,25.00,20.00,0,0
2026-08-05 13:42:33,31.82,51.11,25.00,20.00,0,0
2026-08-05 13:42:34,31.82,51.11,25.00,20.00,0,0
2026-08-05 13:42:35,31.81,51.11,25.00,20.00,0,0
2026-08-05 13:42:36,31.81,51.11,25.00,20.00,0,0
2026-08-05 13:42:37,31.81,51.11,25.00,20.00,0,0
2026-08-05 13:42:38,31.81,51.11,25.00,20.00,0,0
2026-08-05 13:42:39,31.81,51.11,25.00,20.00,0,0
2026-08-05 13:42:40,31.81,51.11,25.00,20.00,0,0
2026-08-05 13:42:41,31.81,51.11,25.00,20.00,0,0
2026-08-05 13:42:42,31.81,51.11,25.00,20.00,0,0
2026-08-05 13:42:43,31.81,51.11,25.00,20.00,0,0
2026-08-05 13:42:44,31.81,51.11,25.00,20.00,0,0
2026-08-05 13:42:45,31.81,51.11,25.00,20.00,0,0
2026-08-05 13:42:46,31.81,51.11,25.00,20.00,0,0
2026-08-05 13:42:47,31.81,51.11,25.00,20.00,0,0
2026-08-05 13:42:48,31.81,51.11,25.00,20.00,0,0
2026-08-05 13:42:49,31.81,51.11,25.00,20.00,0,0
2026-08-05 13:42:50,31.81,51.11,25.00,20.00,0,0
2026-08-05 13:42:51,31.80,51.11,25.00,20.00,0,0
2026-08-05 13:42:52,31.80,51.11,25.00,20.00,0,0
2026-08-05 13:42:53,31.80,51.11,25.00,20.00,0,0
2026-08-05 13:42:54,31.80,51.11,25.00,20.00,0,0
2026-08-05 13:42:55,31.80,51.11,25.00,20.00,0,0
2026-08-05 13:42:57,31.80,51.11,25.00,20.00,0,0
2026-08-05 13:42:58,31.80,51.11,25.00,20.00,0,0
2026-08-05 13:42:59,31.80,51.11,25.00,20.00,0,0
2026-08-05 13:43:00,31.80,51.11,25.00,20.00,0,0
2026-08-05 13:43:01,31.80,51.11,25.00,20.00,0,0
2026-08-05 13:43:02,31.80,51.11,25.00,20.00,0,0
2026-08-05 13:43:03,31.80,51.11,25.00,20.00,0,0
2026-08-05 13:43:04,31.80,51.11,25.00,20.00,0,0
2026-08-05 13:43:05,31.80,51.11,25.00,20.00,0,0
2026-08-05 13:43:06,31.79,51.11,25.00,20.00,0,0
2026-08-05 13:43:07,31.80,51.11,25.00,20.00,0,0
2026-08-05 13:43:08,31.80,51.11,25.00,20.00,0,0
2026-08-05 13:43:09,31.79,51.11,25.00,20.00,0,0
2026-08-05 13:43:10,31.80,51.11,25.00,20.00,0,0
2026-08-05 13:43:11,31.79,51.11,25.00,20.00,0,0
2026-08-05 13:43:12,31.79,51.11,25.00,20.00,0,0
2026-08-05 13:43:13,31.80,51.11,25.00,20.00,0,0
2026-08-05 13:43:14,31.79,51.11,25.00,20.00,0,0
2026-08-05 13:43:15,31.79,51.14,25.00,20.00,0,0
2026-08-05 13:43:16,31.79,51.11,25.00,20.00,0,0
2026-08-05 13:43:17,31.79,51.11,25.00,20.00,0,0
2026-08-05 13:43:18,31.79,51.11,25.00,20.00,0,0
2026-08-05 13:43:19,31.79,51.11,25.00,20.00,0,0
2026-08-05 13:43:20,31.79,51.14,25.00,20.00,0,0
2026-08-05 13:43:21,31.78,51.11,25.00,20.00,0,0
2026-08-05 13:43:22,31.78,51.11,25.00,20.00,0,0
2026-08-05 13:43:23,31.79,51.14,25.00,20.00,0,0
2026-08-05 13:43:24,31.79,51.14,25.00,20.00,0,0
2026-08-05 13:43:25,31.78,51.14,25.00,20.00,0,0
2026-08-05 13:43:26,31.78,51.14,25.00,20.00,0,0
2026-08-05 13:43:27,31.78,51.14,25.00,20.00,0,0
2026-08-05 13:43:28,31.78,51.14,25.00,20.00,0,0
2026-08-05 13:43:29,31.78,51.14,25.00,20.00,0,0
2026-08-05 13:43:30,31.78,51.14,25.00,20.00,0,0
2026-08-05 13:43:31,31.78,51.14,25.00,20.00,0,0
2026-08-05 13:43:32,31.78,51.14,25.00,20.00,0,0
2026-08-05 13:43:33,31.79,51.14,25.00,20.00,0,0
2026-08-05 13:43:34,31.78,51.14,25.00,20.00,0,0
2026-08-05 13:43:35,31.78,51.14,25.00,20.00,0,0
2026-08-05 13:43:36,31.78,51.14,25.00,20.00,0,0
2026-08-05 13:43:37,31.78,51.14,25.00,20.00,0,0
2026-08-05 13:43:38,31.78,51.14,25.00,20.00,0,0
2026-08-05 13:43:39,31.78,51.14,25.00,20.00,0,0
2026-08-05 13:43:40,31.78,51.14,25.00,20.00,0,0
2026-08-05 13:43:41,31.77,51.14,25.00,20.00,0,0
2026-08-05 13:43:42,31.78,51.14,25.00,20.00,0,0
2026-08-05 13:43:43,31.77,51.14,25.00,20.00,0,0
2026-08-05 13:43:44,31.78,51.14,25.00,20.00,0,0
2026-08-05 13:43:45,31.77,51.14,25.00,20.00,0,0
2026-08-05 13:43:46,31.78,51.14,25.00,20.00,0,0
2026-08-05 13:43:47,31.77,51.14,25.00,20.00,0,0
2026-08-05 13:43:48,31.77,51.14,25.00,20.00,0,0
2026-08-05 13:43:49,31.77,51.14,25.00,20.00,0,0
2026-08-05 13:43:50,31.77,51.14,25.00,20.00,0,0
2026-08-05 13:43:51,31.77,51.14,25.00,20.00,0,0
2026-08-05 13:43:52,31.77,51.14,25.00,20.00,0,0
2026-08-05 13:43:53,31.76,51.14,25.00,20.00,0,0
2026-08-05 13:43:54,31.77,51.12,25.00,20.00,0,0
2026-08-05 13:43:55,31.76,51.14,25.00,20.00,0,0
2026-08-05 13:43:56,31.76,51.14,25.00,20.00,0,0
2026-08-05 13:43:57,31.76,51.14,25.00,20.00,0,0
2026-08-05 13:43:58,31.76,51.14,25.00,20.00,0,0
2026-08-05 13:43:59,31.76,51.12,25.00,20.00,0,0
2026-08-05 13:44:00,31.77,51.14,25.00,20.00,0,0
2026-08-05 13:44:01,31.76,51.12,25.00,20.00,0,0
2026-08-05 13:44:02,31.76,51.14,25.00,20.00,0,0
2026-08-05 13:44:03,31.76,51.12,25.00,20.00,0,0
2026-08-05 13:44:04,31.76,51.14,25.00,20.00,0,0
2026-08-05 13:44:05,31.76,51.14,25.00,20.00,0,0
2026-08-05 13:44:06,31.76,51.12,25.00,20.00,0,0
2026-08-05 13:44:07,31.76,51.14,25.00,20.00,0,0
2026-08-05 13:44:08,31.76,51.12,25.00,20.00,0,0
2026-08-05 13:44:09,31.76,51.12,25.00,20.00,0,0
2026-08-05 13:44:10,31.76,51.12,25.00,20.00,0,0
2026-08-05 13:44:11,31.76,51.12,25.00,20.00,0,0
2026-08-05 13:44:12,31.76,51.12,25.00,20.00,0,0
2026-08-05 13:44:13,31.76,51.12,25.00,20.00,0,0
2026-08-05 13:44:14,31.75,51.12,25.00,20.00,0,0
2026-08-05 13:44:15,31.75,51.12,25.00,20.00,0,0
2026-08-05 13:44:16,31.75,51.12,25.00,20.00,0,0
2026-08-05 13:44:17,31.75,51.12,25.00,20.00,0,0
2026-08-05 13:44:18,31.75,51.12,25.00,20.00,0,0
2026-08-05 13:44:19,31.75,51.12,25.00,20.00,0,0
2026-08-05 13:44:20,31.75,51.12,25.00,20.00,0,0
2026-08-05 13:44:21,31.75,51.12,25.00,20.00,0,0
2026-08-05 13:44:22,31.75,51.15,25.00,20.00,0,0
2026-08-05 13:44:23,31.75,51.15,25.00,20.00,0,0
2026-08-05 13:44:24,31.75,51.15,25.00,20.00,0,0
2026-08-05 13:44:25,31.75,51.15,25.00,20.00,0,0
2026-08-05 13:44:26,31.75,51.15,25.00,20.00,0,0
2026-08-05 13:44:27,31.75,51.15,25.00,20.00,0,0
2026-08-05 13:44:28,31.75,51.15,25.00,20.00,0,0
2026-08-05 13:44:29,31.75,51.15,25.00,20.00,0,0
2026-08-05 13:44:30,31.75,51.15,25.00,20.00,0,0
2026-08-05 13:44:31,31.75,51.15,25.00,20.00,0,0
2026-08-05 13:44:32,31.74,51.15,25.00,20.00,0,0
2026-08-05 13:44:33,31.74,51.15,25.00,20.00,0,0
2026-08-05 13:44:34,31.74,51.15,25.00,20.00,0,0
2026-08-05 13:44:35,31.74,51.15,25.00,20.00,0,0
2026-08-05 13:44:36,31.74,51.15,25.00,20.00,0,0
2026-08-05 13:44:37,31.75,51.15,25.00,20.00,0,0
2026-08-05 13:44:38,31.74,51.15,25.00,20.00,0,0
2026-08-05 13:44:39,31.74,51.15,25.00,20.00,0,0
2026-08-05 13:44:40,31.74,51.15,25.00,20.00,0,0
2026-08-05 13:44:41,31.74,51.15,25.00,20.00,0,0
2026-08-05 13:44:42,31.74,51.15,25.00,20.00,0,0
2026-08-05 13:44:43,31.74,51.15,25.00,20.00,0,0
2026-08-05 13:44:44,31.74,51.15,25.00,20.00,0,0
2026-08-05 13:44:45,31.74,51.15,25.00,20.00,0,0
2026-08-05 13:44:46,31.74,51.15,25.00,20.00,0,0
2026-08-05 13:44:47,31.74,51.15,25.00,20.00,0,0
2026-08-05 13:44:48,31.74,51.15,25.00,20.00,0,0
2026-08-05 13:44:49,31.73,51.15,25.00,20.00,0,0
2026-08-05 13:44:50,31.73,51.15,25.00,20.00,0,0
2026-08-05 13:44:51,31.73,51.15,25.00,20.00,0,0
2026-08-05 13:44:52,31.74,51.15,25.00,20.00,0,0
2026-08-05 13:44:53,31.73,51.15,25.00,20.00,0,0
2026-08-05 13:44:54,31.73,51.15,25.00,20.00,0,0
2026-08-05 13:44:55,31.73,51.15,25.00,20.00,0,0
2026-08-05 13:44:56,31.73,51.15,25.00,20.00,0,0
2026-08-05 13:44:57,31.73,51.15,25.00,20.00,0,0
2026-08-05 13:44:58,31.73,51.15,25.00,20.00,0,0
2026-08-05 13:44:59,31.73,51.15,25.00,20.00,0,0
2026-08-05 13:45:00,31.73,51.15,25.00,20.00,0,0
2026-08-05 13:45:01,31.73,51.15,25.00,20.00,0,0
2026-08-05 13:45:02,31.73,51.15,25.00,20.00,0,0
2026-08-05 13:45:03,31.72,51.15,25.00,20.00,0,0
2026-08-05 13:45:04,31.72,51.15,25.00,20.00,0,0
2026-08-05 13:45:05,31.73,51.15,25.00,20.00,0,0
2026-08-05 13:45:06,31.73,51.15,25.00,20.00,0,0
2026-08-05 13:45:07,31.72,51.18,25.00,20.00,0,0
2026-08-05 13:45:08,31.72,51.18,25.00,20.00,0,0
2026-08-05 13:45:09,31.72,51.18,25.00,20.00,0,0
2026-08-05 13:45:10,31.72,51.15,25.00,20.00,0,0
2026-08-05 13:45:11,31.72,51.15,25.00,20.00,0,0
2026-08-05 13:45:12,31.72,51.18,25.00,20.00,0,0
2026-08-05 13:45:13,31.72,51.18,25.00,20.00,0,0
2026-08-05 13:45:14,31.72,51.18,25.00,20.00,0,0
2026-08-05 13:45:15,31.72,51.18,25.00,20.00,0,0
2026-08-05 13:45:16,31.72,51.18,25.00,20.00,0,0
2026-08-05 13:45:17,31.72,51.18,25.00,20.00,0,0
2026-08-05 13:45:18,31.72,51.18,25.00,20.00,0,0
2026-08-05 13:45:19,31.72,51.18,25.00,20.00,0,0
2026-08-05 13:45:20,31.72,51.18,25.00,20.00,0,0
2026-08-05 13:45:21,31.72,51.18,25.00,20.00,0,0
2026-08-05 13:45:22,31.72,51.18,25.00,20.00,0,0
2026-08-05 13:45:23,31.71,51.18,25.00,20.00,0,0
2026-08-05 13:45:24,31.72,51.18,25.00,20.00,0,0
2026-08-05 13:45:25,31.72,51.18,25.00,20.00,0,0
2026-08-05 13:45:26,31.72,51.18,25.00,20.00,0,0
2026-08-05 13:45:27,31.72,51.18,25.00,20.00,0,0
2026-08-05 13:45:28,31.71,51.18,25.00,20.00,0,0
2026-08-05 13:45:29,31.71,51.18,25.00,20.00,0,0
2026-08-05 13:45:30,31.71,51.18,25.00,20.00,0,0
2026-08-05 13:45:31,31.71,51.18,25.00,20.00,0,0
2026-08-05 13:45:32,31.71,51.18,25.00,20.00,0,0
2026-08-05 13:45:33,31.71,51.18,25.00,20.00,0,0
2026-08-05 13:45:34,31.71,51.18,25.00,20.00,0,0
2026-08-05 13:45:35,31.71,51.18,25.00,20.00,0,0
2026-08-05 13:45:36,31.71,51.18,25.00,20.00,0,0
2026-08-05 13:45:37,31.71,51.18,25.00,20.00,0,0
2026-08-05 13:45:38,31.71,51.18,25.00,20.00,0,0
2026-08-05 13:45:39,31.71,51.18,25.00,20.00,0,0
2026-08-05 13:45:40,31.71,51.18,25.00,20.00,0,0
2026-08-05 13:45:41,31.71,51.18,25.00,20.00,0,0
2026-08-05 13:45:42,31.71,51.18,25.00,20.00,0,0
2026-08-05 13:45:43,31.71,51.18,25.00,20.00,0,0
2026-08-05 13:45:44,31.70,51.18,25.00,20.00,0,0
2026-08-05 13:45:45,31.70,51.18,25.00,20.00,0,0
2026-08-05 13:45:46,31.71,51.18,25.00,20.00,0,0
2026-08-05 13:45:47,31.70,51.18,25.00,20.00,0,0
2026-08-05 13:45:48,31.71,51.18,25.00,20.00,0,0
2026-08-05 13:45:49,31.70,51.18,25.00,20.00,0,0
2026-08-05 13:45:50,31.70,51.18,25.00,20.00,0,0
2026-08-05 13:45:51,31.70,51.18,25.00,20.00,0,0
2026-08-05 13:45:52,31.71,51.18,25.00,20.00,0,0
2026-08-05 13:45:53,31.70,51.18,25.00,20.00,0,0
2026-08-05 13:45:54,31.70,51.18,25.00,20.00,0,0
2026-08-05 13:45:55,31.70,51.18,25.00,20.00,0,0
2026-08-05 13:45:56,31.70,51.18,25.00,20.00,0,0
2026-08-05 13:45:57,31.70,51.18,25.00,20.00,0,0
2026-08-05 13:45:58,31.70,51.18,25.00,20.00,0,0
2026-08-05 13:45:59,31.70,51.18,25.00,20.00,0,0
2026-08-05 13:46:00,31.70,51.18,25.00,20.00,0,0
2026-08-05 13:46:01,31.70,51.22,25.00,20.00,0,0
2026-08-05 13:46:02,31.68,51.18,25.00,20.00,0,0
2026-08-05 13:46:03,31.70,51.18,25.00,20.00,0,0
2026-08-05 13:46:04,31.70,51.18,25.00,20.00,0,0
2026-08-05 13:46:05,31.70,51.18,25.00,20.00,0,0
2026-08-05 13:46:06,31.70,51.22,25.00,20.00,0,0
2026-08-05 13:46:07,31.68,51.18,25.00,20.00,0,0
2026-08-05 13:46:08,31.68,51.22,25.00,20.00,0,0
2026-08-05 13:46:09,31.68,51.22,25.00,20.00,0,0
2026-08-05 13:46:10,31.68,51.22,25.00,20.00,0,0
2026-08-05 13:46:11,31.68,51.22,25.00,20.00,0,0
2026-08-05 13:46:12,31.68,51.22,25.00,20.00,0,0
2026-08-05 13:46:13,31.68,51.22,25.00,20.00,0,0
2026-08-05 13:46:14,31.68,51.22,25.00,20.00,0,0
2026-08-05 13:46:15,31.68,51.22,25.00,20.00,0,0
2026-08-05 13:46:16,31.68,51.22,25.00,20.00,0,0
2026-08-05 13:46:17,31.68,51.22,25.00,20.00,0,0
2026-08-05 13:46:18,31.68,51.22,25.00,20.00,0,0
2026-08-05 13:46:19,31.68,51.22,25.00,20.00,0,0
2026-08-05 13:46:20,31.68,51.22,25.00,20.00,0,0
2026-08-05 13:46:21,31.68,51.22,25.00,20.00,0,0
2026-08-05 13:46:22,31.68,51.22,25.00,20.00,0,0
2026-08-05 13:46:23,31.68,51.22,25.00,20.00,0,0
2026-08-05 13:46:24,31.67,51.22,25.00,20.00,0,0
2026-08-05 13:46:25,31.68,51.22,25.00,20.00,0,0
2026-08-05 13:46:26,31.68,51.22,25.00,20.00,0,0
2026-08-05 13:46:27,31.67,51.22,25.00,20.00,0,0
2026-08-05 13:46:28,31.67,51.22,25.00,20.00,0,0
2026-08-05 13:46:29,31.67,51.22,25.00,20.00,0,0
2026-08-05 13:46:30,31.68,51.22,25.00,20.00,0,0
2026-08-05 13:46:31,31.67,51.22,25.00,20.00,0,0
2026-08-05 13:46:32,31.67,51.22,25.00,20.00,0,0
2026-08-05 13:46:33,31.67,51.22,25.00,20.00,0,0
2026-08-05 13:46:34,31.67,51.22,25.00,20.00,0,0
2026-08-05 13:46:35,31.67,51.22,25.00,20.00,0,0
2026-08-05 13:46:36,31.67,51.22,25.00,20.00,0,0
2026-08-05 13:46:37,31.67,51.22,25.00,20.00,0,0
2026-08-05 13:46:38,31.67,51.22,25.00,20.00,0,0
2026-08-05 13:46:39,31.67,51.22,25.00,20.00,0,0
2026-08-05 13:46:40,31.67,51.22,25.00,20.00,0,0
2026-08-05 13:46:41,31.67,51.22,25.00,20.00,0,0
2026-08-05 13:46:42,31.67,51.22,25.00,20.00,0,0
2026-08-05 13:46:43,31.67,51.22,25.00,20.00,0,0
2026-08-05 13:46:44,31.66,51.22,25.00,20.00,0,0
2026-08-05 13:46:45,31.67,51.22,25.00,20.00,0,0
2026-08-05 13:46:46,31.67,51.22,25.00,20.00,0,0
2026-08-05 13:46:47,31.67,51.22,25.00,20.00,0,0
2026-08-05 13:46:48,31.67,51.22,25.00,20.00,0,0
2026-08-05 13:46:49,31.66,51.22,25.00,20.00,0,0
2026-08-05 13:46:50,31.66,51.22,25.00,20.00,0,0
2026-08-05 13:46:51,31.66,51.22,25.00,20.00,0,0
2026-08-05 13:46:52,31.67,51.22,25.00,20.00,0,0
2026-08-05 13:46:53,31.67,51.22,25.00,20.00,0,0
2026-08-05 13:46:54,31.66,51.22,25.00,20.00,0,0
2026-08-05 13:46:55,31.66,51.22,25.00,20.00,0,0
2026-08-05 13:46:56,31.66,51.25,25.00,20.00,0,0
2026-08-05 13:46:57,31.66,51.22,25.00,20.00,0,0
2026-08-05 13:46:58,31.66,51.22,25.00,20.00,0,0
2026-08-05 13:46:59,31.66,51.22,25.00,20.00,0,0
2026-08-05 13:47:00,31.66,51.25,25.00,20.00,0,0
2026-08-05 13:47:01,31.66,51.22,25.00,20.00,0,0
2026-08-05 13:47:02,31.66,51.22,25.00,20.00,0,0
2026-08-05 13:47:03,31.66,51.25,25.00,20.00,0,0
2026-08-05 13:47:04,31.66,51.25,25.00,20.00,0,0
2026-08-05 13:47:05,31.66,51.25,25.00,20.00,0,0
2026-08-05 13:47:06,31.65,51.25,25.00,20.00,0,0
2026-08-05 13:47:07,31.65,51.25,25.00,20.00,0,0
2026-08-05 13:47:08,31.66,51.25,25.00,20.00,0,0
2026-08-05 13:47:09,31.65,51.25,25.00,20.00,0,0
2026-08-05 13:47:10,31.65,51.25,25.00,20.00,0,0
2026-08-05 13:47:11,31.65,51.25,25.00,20.00,0,0
2026-08-05 13:47:12,31.65,51.25,25.00,20.00,0,0
2026-08-05 13:47:13,31.65,51.25,25.00,20.00,0,0
2026-08-05 13:47:14,31.66,51.25,25.00,20.00,0,0
2026-08-05 13:47:15,31.65,51.25,25.00,20.00,0,0
2026-08-05 13:47:16,31.65,51.25,25.00,20.00,0,0
2026-08-05 13:47:17,31.65,51.25,25.00,20.00,0,0
2026-08-05 13:47:18,31.65,51.25,25.00,20.00,0,0
2026-08-05 13:47:19,31.65,51.25,25.00,20.00,0,0
2026-08-05 13:47:20,31.65,51.25,25.00,20.00,0,0
2026-08-05 13:47:21,31.65,51.25,25.00,20.00,0,0
2026-08-05 13:47:22,31.65,51.25,25.00,20.00,0,0
2026-08-05 13:47:23,31.65,51.25,25.00,20.00,0,0
2026-08-05 13:47:24,31.65,51.25,25.00,20.00,0,0
2026-08-05 13:47:25,31.65,51.25,25.00,20.00,0,0
2026-08-05 13:47:26,31.65,51.25,25.00,20.00,0,0
2026-08-05 13:47:27,31.65,51.25,25.00,20.00,0,0
2026-08-05 13:47:28,31.65,51.25,25.00,20.00,0,0
2026-08-05 13:47:29,31.65,51.25,25.00,20.00,0,0
2026-08-05 13:47:30,31.65,51.25,25.00,20.00,0,0
2026-08-05 13:47:31,31.65,51.25,25.00,20.00,0,0
2026-08-05 13:47:32,31.65,51.25,25.00,20.00,0,0
2026-08-05 13:47:33,31.65,51.25,25.00,20.00,0,0
2026-08-05 13:47:34,31.65,51.25,25.00,20.00,0,0
2026-08-05 13:47:35,31.65,51.25,25.00,20.00,0,0
2026-08-05 13:47:36,31.65,51.25,25.00,20.00,0,0
2026-08-05 13:47:37,31.64,51.25,25.00,20.00,0,0
2026-08-05 13:47:38,31.65,51.25,25.00,20.00,0,0
2026-08-05 13:47:39,31.64,51.25,25.00,20.00,0,0
2026-08-05 13:47:40,31.64,51.25,25.00,20.00,0,0
2026-08-05 13:47:41,31.65,51.25,25.00,20.00,0,0
2026-08-05 13:47:42,31.64,51.25,25.00,20.00,0,0
2026-08-05 13:47:43,31.65,51.25,25.00,20.00,0,0
2026-08-05 13:47:44,31.64,51.25,25.00,20.00,0,0
2026-08-05 13:47:45,31.64,51.25,25.00,20.00,0,0
2026-08-05 13:47:46,31.64,51.25,25.00,20.00,0,0
2026-08-05 13:47:47,31.64,51.25,25.00,20.00,0,0
2026-08-05 13:47:48,31.64,51.25,25.00,20.00,0,0
2026-08-05 13:47:49,31.64,51.25,25.00,20.00,0,0
2026-08-05 13:47:50,31.64,51.25,25.00,20.00,0,0
2026-08-05 13:47:51,31.64,51.25,25.00,20.00,0,0
2026-08-05 13:47:52,31.64,51.25,25.00,20.00,0,0
2026-08-05 13:47:53,31.64,51.25,25.00,20.00,0,0
2026-08-05 13:47:54,31.64,51.25,25.00,20.00,0,0
2026-08-05 13:47:55,31.64,51.25,25.00,20.00,0,0
2026-08-05 13:47:56,31.64,51.25,25.00,20.00,0,0
2026-08-05 13:47:57,31.64,51.25,25.00,20.00,0,0
2026-08-05 13:47:58,31.64,51.25,25.00,20.00,0,0
2026-08-05 13:47:59,31.64,51.25,25.00,20.00,0,0
2026-08-05 13:48:00,31.64,51.25,25.00,20.00,0,0
2026-08-05 13:48:01,31.64,51.25,25.00,20.00,0,0
2026-08-05 13:48:02,31.63,51.25,25.00,20.00,0,0
2026-08-05 13:48:03,31.64,51.25,25.00,20.00,0,0
2026-08-05 13:48:04,31.64,51.25,25.00,20.00,0,0
2026-08-05 13:48:05,31.64,51.25,25.00,20.00,0,0
2026-08-05 13:48:06,31.64,51.28,25.00,20.00,0,0
2026-08-05 13:48:07,31.63,51.28,25.00,20.00,0,0
2026-08-05 13:48:08,31.64,51.28,25.00,20.00,0,0
2026-08-05 13:48:09,31.63,51.28,25.00,20.00,0,0
2026-08-05 13:48:10,31.63,51.25,25.00,20.00,0,0
2026-08-05 13:48:11,31.64,51.25,25.00,20.00,0,0
2026-08-05 13:48:12,31.63,51.28,25.00,20.00,0,0
2026-08-05 13:48:13,31.63,51.28,25.00,20.00,0,0
2026-08-05 13:48:14,31.63,51.25,25.00,20.00,0,0
2026-08-05 13:48:15,31.63,51.28,25.00,20.00,0,0
2026-08-05 13:48:16,31.63,51.28,25.00,20.00,0,0
2026-08-05 13:48:17,31.63,51.25,25.00,20.00,0,0
2026-08-05 13:48:18,31.63,51.28,25.00,20.00,0,0
2026-08-05 13:48:19,31.63,51.28,25.00,20.00,0,0
2026-08-05 13:48:20,31.63,51.28,25.00,20.00,0,0
2026-08-05 13:48:21,31.63,51.28,25.00,20.00,0,0
2026-08-05 13:48:22,31.63,51.28,25.00,20.00,0,0
2026-08-05 13:48:23,31.63,51.28,25.00,20.00,0,0
2026-08-05 13:48:24,31.62,51.28,25.00,20.00,0,0
2026-08-05 13:48:25,31.62,51.28,25.00,20.00,0,0
2026-08-05 13:48:26,31.63,51.28,25.00,20.00,0,0
2026-08-05 13:48:27,31.63,51.28,25.00,20.00,0,0
2026-08-05 13:48:28,31.62,51.28,25.00,20.00,0,0
2026-08-05 13:48:29,31.62,51.28,25.00,20.00,0,0
2026-08-05 13:48:30,31.62,51.28,25.00,20.00,0,0
2026-08-05 13:48:31,31.62,51.28,25.00,20.00,0,0
2026-08-05 13:48:32,31.62,51.28,25.00,20.00,0,0
2026-08-05 13:48:33,31.62,51.28,25.00,20.00,0,0
2026-08-05 13:48:34,31.62,51.28,25.00,20.00,0,0
2026-08-05 13:48:35,31.62,51.28,25.00,20.00,0,0
2026-08-05 13:48:36,31.62,51.28,25.00,20.00,0,0
2026-08-05 13:48:37,31.62,51.28,25.00,20.00,0,0
2026-08-05 13:48:38,31.62,51.28,25.00,20.00,0,0
2026-08-05 13:48:39,31.62,51.28,25.00,20.00,0,0
2026-08-05 13:48:40,31.62,51.28,25.00,20.00,0,0
2026-08-05 13:48:41,31.62,51.28,25.00,20.00,0,0
2026-08-05 13:48:42,31.62,51.28,25.00,20.00,0,0
2026-08-05 13:48:43,31.62,51.28,25.00,20.00,0,0
2026-08-05 13:48:44,31.62,51.28,25.00,20.00,0,0
2026-08-05 13:48:45,31.62,51.28,25.00,20.00,0,0
2026-08-05 13:48:46,31.62,51.28,25.00,20.00,0,0
2026-08-05 13:48:47,31.61,51.28,25.00,20.00,0,0
2026-08-05 13:48:48,31.61,51.28,25.00,20.00,0,0
2026-08-05 13:48:49,31.61,51.28,25.00,20.00,0,0
2026-08-05 13:48:50,31.61,51.28,25.00,20.00,0,0
2026-08-05 13:48:51,31.62,51.28,25.00,20.00,0,0
2026-08-05 13:48:52,31.61,51.28,25.00,20.00,0,0
2026-08-05 13:48:53,31.61,51.28,25.00,20.00,0,0
2026-08-05 13:48:54,31.61,51.28,25.00,20.00,0,0
2026-08-05 13:48:55,31.61,51.32,25.00,20.00,0,0
2026-08-05 13:48:56,31.61,51.28,25.00,20.00,0,0
2026-08-05 13:48:57,31.61,51.28,25.00,20.00,0,0
2026-08-05 13:48:58,31.61,51.28,25.00,20.00,0,0
2026-08-05 13:48:59,31.61,51.28,25.00,20.00,0,0
2026-08-05 13:49:00,31.61,51.28,25.00,20.00,0,0
2026-08-05 13:49:01,31.61,51.28,25.00,20.00,0,0
2026-08-05 13:49:02,31.61,51.32,25.00,20.00,0,0
2026-08-05 13:49:03,31.61,51.32,25.00,20.00,0,0
2026-08-05 13:49:04,31.61,51.32,25.00,20.00,0,0
2026-08-05 13:49:05,31.61,51.32,25.00,20.00,0,0
2026-08-05 13:49:06,31.61,51.32,25.00,20.00,0,0
2026-08-05 13:49:07,31.61,51.32,25.00,20.00,0,0
2026-08-05 13:49:08,31.61,51.32,25.00,20.00,0,0
2026-08-05 13:49:09,31.61,51.32,25.00,20.00,0,0
2026-08-05 13:49:10,31.61,51.32,25.00,20.00,0,0
2026-08-05 13:49:11,31.61,51.32,25.00,20.00,0,0
2026-08-05 13:49:12,31.61,51.32,25.00,20.00,0,0
2026-08-05 13:49:13,31.61,51.32,25.00,20.00,0,0
2026-08-05 13:49:14,31.60,51.32,25.00,20.00,0,0
2026-08-05 13:49:15,31.60,51.32,25.00,20.00,0,0
2026-08-05 13:49:16,31.60,51.32,25.00,20.00,0,0
2026-08-05 13:49:17,31.61,51.32,25.00,20.00,0,0
2026-08-05 13:49:18,31.60,51.32,25.00,20.00,0,0
2026-08-05 13:49:19,31.60,51.32,25.00,20.00,0,0
2026-08-05 13:49:20,31.60,51.32,25.00,20.00,0,0
2026-08-05 13:49:21,31.60,51.32,25.00,20.00,0,0
2026-08-05 13:49:22,31.60,51.32,25.00,20.00,0,0
2026-08-05 13:49:23,31.60,51.32,25.00,20.00,0,0
2026-08-05 13:49:24,31.60,51.32,25.00,20.00,0,0
2026-08-05 13:49:25,31.60,51.32,25.00,20.00,0,0
2026-08-05 13:49:26,31.60,51.32,25.00,20.00,0,0
2026-08-05 13:49:27,31.60,51.32,25.00,20.00,0,0
2026-08-05 13:49:28,31.60,51.32,25.00,20.00,0,0
2026-08-05 13:49:29,31.60,51.32,25.00,20.00,0,0
2026-08-05 13:49:30,31.60,51.32,25.00,20.00,0,0
2026-08-05 13:49:31,31.59,51.32,25.00,20.00,0,0
2026-08-05 13:49:32,31.59,51.32,25.00,20.00,0,0
2026-08-05 13:49:33,31.59,51.32,25.00,20.00,0,0
2026-08-05 13:49:34,31.60,51.32,25.00,20.00,0,0
2026-08-05 13:49:35,31.60,51.32,25.00,20.00,0,0
2026-08-05 13:49:36,31.60,51.32,25.00,20.00,0,0
2026-08-05 13:49:37,31.60,51.32,25.00,20.00,0,0
2026-08-05 13:49:38,31.59,51.32,25.00,20.00,0,0
2026-08-05 13:49:39,31.60,51.32,25.00,20.00,0,0
2026-08-05 13:49:40,31.60,51.32,25.00,20.00,0,0
2026-08-05 13:49:41,31.60,51.32,25.00,20.00,0,0
2026-08-05 13:49:42,31.59,51.32,25.00,20.00,0,0
2026-08-05 13:49:43,31.59,51.32,25.00,20.00,0,0
2026-08-05 13:49:44,31.59,51.32,25.00,20.00,0,0
2026-08-05 13:49:45,31.59,51.32,25.00,20.00,0,0
2026-08-05 13:49:46,31.59,51.32,25.00,20.00,0,0
2026-08-05 13:49:47,31.59,51.32,25.00,20.00,0,0
2026-08-05 13:49:48,31.59,51.32,25.00,20.00,0,0
2026-08-05 13:49:49,31.59,51.32,25.00,20.00,0,0
2026-08-05 13:49:50,31.59,51.32,25.00,20.00,0,0
2026-08-05 13:49:51,31.59,51.32,25.00,20.00,0,0
2026-08-05 13:49:52,31.59,51.32,25.00,20.00,0,0
2026-08-05 13:49:53,31.59,51.32,25.00,20.00,0,0
2026-08-05 13:49:54,31.59,51.32,25.00,20.00,0,0
2026-08-05 13:49:55,31.59,51.32,25.00,20.00,0,0
2026-08-05 13:49:56,31.59,51.32,25.00,20.00,0,0
2026-08-05 13:49:57,31.59,51.32,25.00,20.00,0,0
2026-08-05 13:49:58,31.58,51.32,25.00,20.00,0,0
2026-08-05 13:49:59,31.59,51.32,25.00,20.00,0,0
2026-08-05 13:50:00,31.59,51.32,25.00,20.00,0,0
2026-08-05 13:50:01,31.59,51.32,25.00,20.00,0,0
2026-08-05 13:50:02,31.59,51.32,25.00,20.00,0,0
2026-08-05 13:50:03,31.58,51.29,25.00,20.00,0,0
2026-08-05 13:50:04,31.59,51.29,25.00,20.00,0,0
2026-08-05 13:50:05,31.59,51.32,25.00,20.00,0,0
2026-08-05 13:50:06,31.58,51.32,25.00,20.00,0,0
2026-08-05 13:50:07,31.59,51.32,25.00,20.00,0,0
2026-08-05 13:50:08,31.58,51.32,25.00,20.00,0,0
2026-08-05 13:50:09,31.58,51.29,25.00,20.00,0,0
2026-08-05 13:50:10,31.58,51.32,25.00,20.00,0,0
2026-08-05 13:50:11,31.58,51.29,25.00,20.00,0,0
2026-08-05 13:50:12,31.58,51.29,25.00,20.00,0,0
2026-08-05 13:50:13,31.58,51.32,25.00,20.00,0,0
2026-08-05 13:50:14,31.58,51.32,25.00,20.00,0,0
2026-08-05 13:50:15,31.58,51.29,25.00,20.00,0,0
2026-08-05 13:50:16,31.58,51.29,25.00,20.00,0,0
2026-08-05 13:50:17,31.58,51.32,25.00,20.00,0,0
2026-08-05 13:50:18,31.58,51.32,25.00,20.00,0,0
2026-08-05 13:50:19,31.58,51.32,25.00,20.00,0,0
2026-08-05 13:50:20,31.58,51.29,25.00,20.00,0,0
2026-08-05 13:50:21,31.58,51.32,25.00,20.00,0,0
2026-08-05 13:50:22,31.58,51.29,25.00,20.00,0,0
2026-08-05 13:50:23,31.58,51.32,25.00,20.00,0,0
2026-08-05 13:50:24,31.58,51.29,25.00,20.00,0,0
2026-08-05 13:50:25,31.57,51.32,25.00,20.00,0,0
2026-08-05 13:50:26,31.58,51.29,25.00,20.00,0,0
2026-08-05 13:50:27,31.57,51.32,25.00,20.00,0,0
2026-08-05 13:50:28,31.58,51.29,25.00,20.00,0,0
2026-08-05 13:50:29,31.58,51.29,25.00,20.00,0,0
2026-08-05 13:50:30,31.58,51.29,25.00,20.00,0,0
2026-08-05 13:50:31,31.57,51.29,25.00,20.00,0,0
2026-08-05 13:50:32,31.58,51.29,25.00,20.00,0,0
2026-08-05 13:50:33,31.57,51.29,25.00,20.00,0,0
2026-08-05 13:50:34,31.57,51.29,25.00,20.00,0,0
2026-08-05 13:50:35,31.57,51.29,25.00,20.00,0,0
2026-08-05 13:50:36,31.57,51.29,25.00,20.00,0,0
2026-08-05 13:50:37,31.57,51.32,25.00,20.00,0,0
2026-08-05 13:50:38,31.58,51.29,25.00,20.00,0,0
2026-08-05 13:50:39,31.57,51.29,25.00,20.00,0,0
2026-08-05 13:50:40,31.57,51.29,25.00,20.00,0,0
2026-08-05 13:50:41,31.57,51.29,25.00,20.00,0,0
2026-08-05 13:50:42,31.57,51.29,25.00,20.00,0,0
2026-08-05 13:50:43,31.57,51.29,25.00,20.00,0,0
2026-08-05 13:50:44,31.57,51.29,25.00,20.00,0,0
2026-08-05 13:50:45,31.57,51.29,25.00,20.00,0,0
2026-08-05 13:50:46,31.57,51.29,25.00,20.00,0,0
2026-08-05 13:50:47,31.57,51.29,25.00,20.00,0,0
2026-08-05 13:50:48,31.57,51.29,25.00,20.00,0,0
2026-08-05 13:50:49,31.57,51.29,25.00,20.00,0,0
2026-08-05 13:50:50,31.56,51.29,25.00,20.00,0,0
2026-08-05 13:50:51,31.57,51.29,25.00,20.00,0,0
2026-08-05 13:50:52,31.56,51.29,25.00,20.00,0,0
2026-08-05 13:50:53,31.56,51.29,25.00,20.00,0,0
2026-08-05 13:50:54,31.57,51.29,25.00,20.00,0,0
2026-08-05 13:50:55,31.57,51.29,25.00,20.00,0,0
2026-08-05 13:50:56,31.56,51.29,25.00,20.00,0,0
2026-08-05 13:50:57,31.56,51.29,25.00,20.00,0,0
2026-08-05 13:50:58,31.57,51.29,25.00,20.00,0,0
2026-08-05 13:50:59,31.57,51.29,25.00,20.00,0,0
2026-08-05 13:51:00,31.56,51.29,25.00,20.00,0,0
2026-08-05 13:51:01,31.56,51.29,25.00,20.00,0,0
2026-08-05 13:51:02,31.56,51.29,25.00,20.00,0,0
2026-08-05 13:51:03,31.56,51.29,25.00,20.00,0,0
2026-08-05 13:51:04,31.56,51.29,25.00,20.00,0,0
2026-08-05 13:51:05,31.56,51.29,25.00,20.00,0,0
2026-08-05 13:51:06,31.56,51.29,25.00,20.00,0,0
2026-08-05 13:51:07,31.56,51.29,25.00,20.00,0,0
2026-08-05 13:51:08,31.56,51.29,25.00,20.00,0,0
2026-08-05 13:51:09,31.56,51.29,25.00,20.00,0,0
2026-08-05 13:51:10,31.56,51.29,25.00,20.00,0,0
2026-08-05 13:51:11,31.56,51.29,25.00,20.00,0,0
2026-08-05 13:51:12,31.56,51.29,25.00,20.00,0,0
2026-08-05 13:51:13,31.56,51.29,25.00,20.00,0,0
2026-08-05 13:51:14,31.55,51.29,25.00,20.00,0,0
2026-08-05 13:51:15,31.55,51.29,25.00,20.00,0,0
2026-08-05 13:51:16,31.56,51.29,25.00,20.00,0,0
2026-08-05 13:51:17,31.55,51.29,25.00,20.00,0,0
2026-08-05 13:51:18,31.56,51.29,25.00,20.00,0,0
2026-08-05 13:51:19,31.55,51.29,25.00,20.00,0,0
2026-08-05 13:51:20,31.55,51.29,25.00,20.00,0,0
2026-08-05 13:51:21,31.56,51.29,25.00,20.00,0,0
2026-08-05 13:51:22,31.55,51.29,25.00,20.00,0,0
2026-08-05 13:51:23,31.55,51.29,25.00,20.00,0,0
2026-08-05 13:51:24,31.56,51.29,25.00,20.00,0,0
2026-08-05 13:51:25,31.55,51.29,25.00,20.00,0,0
2026-08-05 13:51:26,31.56,51.29,25.00,20.00,0,0
2026-08-05 13:51:27,31.55,51.29,25.00,20.00,0,0
2026-08-05 13:51:28,31.55,51.29,25.00,20.00,0,0
2026-08-05 13:51:29,31.55,51.29,25.00,20.00,0,0
2026-08-05 13:51:30,31.55,51.29,25.00,20.00,0,0
2026-08-05 13:51:31,31.55,51.29,25.00,20.00,0,0
2026-08-05 13:51:32,31.55,51.29,25.00,20.00,0,0
2026-08-05 13:51:33,31.55,51.29,25.00,20.00,0,0
2026-08-05 13:51:34,31.55,51.29,25.00,20.00,0,0
2026-08-05 13:51:35,31.55,51.29,25.00,20.00,0,0
2026-08-05 13:51:36,31.55,51.29,25.00,20.00,0,0
2026-08-05 13:51:37,31.55,51.29,25.00,20.00,0,0
2026-08-05 13:51:38,31.55,51.29,25.00,20.00,0,0
2026-08-05 13:51:39,31.55,51.29,25.00,20.00,0,0
2026-08-05 13:51:40,31.55,51.29,25.00,20.00,0,0
2026-08-05 13:51:41,31.53,51.29,25.00,20.00,0,0
2026-08-05 13:51:42,31.55,51.29,25.00,20.00,0,0
2026-08-05 13:51:43,31.55,51.29,25.00,20.00,0,0
2026-08-05 13:51:44,31.55,51.29,25.00,20.00,0,0
2026-08-05 13:51:45,31.55,51.29,25.00,20.00,0,0
2026-08-05 13:51:46,31.55,51.29,25.00,20.00,0,0
2026-08-05 13:51:47,31.55,51.29,25.00,20.00,0,0
2026-08-05 13:51:48,31.55,51.29,25.00,20.00,0,0
2026-08-05 13:51:49,31.55,51.29,25.00,20.00,0,0
2026-08-05 13:51:50,31.55,51.29,25.00,20.00,0,0
2026-08-05 13:51:51,31.53,51.29,25.00,20.00,0,0
2026-08-05 13:51:52,31.53,51.29,25.00,20.00,0,0
2026-08-05 13:51:53,31.55,51.29,25.00,20.00,0,0
2026-08-05 13:51:54,31.55,51.29,25.00,20.00,0,0
2026-08-05 13:51:55,31.53,51.29,25.00,20.00,0,0
2026-08-05 13:51:56,31.55,51.29,25.00,20.00,0,0
2026-08-05 13:51:57,31.53,51.29,25.00,20.00,0,0
2026-08-05 13:51:58,31.53,51.29,25.00,20.00,0,0
2026-08-05 13:51:59,31.53,51.29,25.00,20.00,0,0
2026-08-05 13:52:00,31.53,51.29,25.00,20.00,0,0
2026-08-05 13:52:01,31.53,51.29,25.00,20.00,0,0
2026-08-05 13:52:02,31.53,51.29,25.00,20.00,0,0
2026-08-05 13:52:03,31.53,51.29,25.00,20.00,0,0
2026-08-05 13:52:04,31.53,51.29,25.00,20.00,0,0
2026-08-05 13:52:05,31.53,51.29,25.00,20.00,0,0
2026-08-05 13:52:06,31.53,51.29,25.00,20.00,0,0
2026-08-05 13:52:07,31.53,51.29,25.00,20.00,0,0
2026-08-05 13:52:08,31.53,51.29,25.00,20.00,0,0
2026-08-05 13:52:09,31.52,51.29,25.00,20.00,0,0
2026-08-05 13:52:10,31.53,51.29,25.00,20.00,0,0
2026-08-05 13:52:11,31.53,51.29,25.00,20.00,0,0
2026-08-05 13:52:12,31.53,51.29,25.00,20.00,0,0
2026-08-05 13:52:13,31.52,51.29,25.00,20.00,0,0
2026-08-05 13:52:14,31.52,51.29,25.00,20.00,0,0
2026-08-05 13:52:15,31.52,51.29,25.00,20.00,0,0
2026-08-05 13:52:16,31.53,51.29,25.00,20.00,0,0
2026-08-05 13:52:17,31.53,51.29,25.00,20.00,0,0
2026-08-05 13:52:18,31.52,51.36,25.00,20.00,0,0
2026-08-05 13:52:19,31.52,51.29,25.00,20.00,0,0
2026-08-05 13:52:20,31.52,51.29,25.00,20.00,0,0
2026-08-05 13:52:21,31.52,51.29,25.00,20.00,0,0
2026-08-05 13:52:22,31.52,51.36,25.00,20.00,0,0
2026-08-05 13:52:23,31.52,51.29,25.00,20.00,0,0
2026-08-05 13:52:24,31.52,51.29,25.00,20.00,0,0
2026-08-05 13:52:25,31.52,51.29,25.00,20.00,0,0
2026-08-05 13:52:26,31.52,51.29,25.00,20.00,0,0
2026-08-05 13:52:27,31.52,51.29,25.00,20.00,0,0
2026-08-05 13:52:28,31.52,51.36,25.00,20.00,0,0
2026-08-05 13:52:29,31.52,51.29,25.00,20.00,0,0
2026-08-05 13:52:30,31.52,51.36,25.00,20.00,0,0
2026-08-05 13:52:31,31.52,51.29,25.00,20.00,0,0
2026-08-05 13:52:32,31.52,51.36,25.00,20.00,0,0
2026-08-05 13:52:33,31.52,51.29,25.00,20.00,0,0
2026-08-05 13:52:34,31.52,51.36,25.00,20.00,0,0
2026-08-05 13:52:35,31.52,51.29,25.00,20.00,0,0
2026-08-05 13:52:36,31.52,51.29,25.00,20.00,0,0
2026-08-05 13:52:37,31.52,51.36,25.00,20.00,0,0
2026-08-05 13:52:38,31.52,51.36,25.00,20.00,0,0
2026-08-05 13:52:39,31.52,51.36,25.00,20.00,0,0
2026-08-05 13:52:40,31.51,51.36,25.00,20.00,0,0
2026-08-05 13:52:41,31.51,51.36,25.00,20.00,0,0
2026-08-05 13:52:42,31.52,51.36,25.00,20.00,0,0
2026-08-05 13:52:43,31.52,51.36,25.00,20.00,0,0
2026-08-05 13:52:44,31.52,51.36,25.00,20.00,0,0
2026-08-05 13:52:45,31.51,51.36,25.00,20.00,0,0
2026-08-05 13:52:46,31.51,51.36,25.00,20.00,0,0
2026-08-05 13:52:47,31.51,51.36,25.00,20.00,0,0
2026-08-05 13:52:48,31.51,51.36,25.00,20.00,0,0
2026-08-05 13:52:49,31.51,51.36,25.00,20.00,0,0
2026-08-05 13:52:50,31.51,51.36,25.00,20.00,0,0
2026-08-05 13:52:51,31.51,51.36,25.00,20.00,0,0
2026-08-05 13:52:52,31.51,51.36,25.00,20.00,0,0
2026-08-05 13:52:53,31.51,51.36,25.00,20.00,0,0
2026-08-05 13:52:54,31.51,51.36,25.00,20.00,0,0
2026-08-05 13:52:55,31.51,51.36,25.00,20.00,0,0
2026-08-05 13:52:56,31.51,51.36,25.00,20.00,0,0
2026-08-05 13:52:57,31.51,51.36,25.00,20.00,0,0
2026-08-05 13:52:58,31.51,51.36,25.00,20.00,0,0
2026-08-05 13:52:59,31.51,51.36,25.00,20.00,0,0
2026-08-05 13:53:00,31.51,51.36,25.00,20.00,0,0
2026-08-05 13:53:01,31.51,51.36,25.00,20.00,0,0
2026-08-05 13:53:02,31.51,51.36,25.00,20.00,0,0
2026-08-05 13:53:03,31.51,51.36,25.00,20.00,0,0
2026-08-05 13:53:04,31.51,51.36,25.00,20.00,0,0
2026-08-05 13:53:05,31.51,51.36,25.00,20.00,0,0
2026-08-05 13:53:06,31.51,51.36,25.00,20.00,0,0
2026-08-05 13:53:07,31.51,51.36,25.00,20.00,0,0
2026-08-05 13:53:08,31.51,51.36,25.00,20.00,0,0
2026-08-05 13:53:09,31.50,51.36,25.00,20.00,0,0
2026-08-05 13:53:10,31.50,51.36,25.00,20.00,0,0
2026-08-05 13:53:11,31.50,51.36,25.00,20.00,0,0
2026-08-05 13:53:12,31.50,51.36,25.00,20.00,0,0
2026-08-05 13:53:13,31.50,51.36,25.00,20.00,0,0
2026-08-05 13:53:14,31.50,51.36,25.00,20.00,0,0
2026-08-05 13:53:15,31.50,51.36,25.00,20.00,0,0
2026-08-05 13:53:16,31.51,51.36,25.00,20.00,0,0
2026-08-05 13:53:17,31.50,51.36,25.00,20.00,0,0
2026-08-05 13:53:18,31.50,51.36,25.00,20.00,0,0
2026-08-05 13:53:19,31.50,51.36,25.00,20.00,0,0
2026-08-05 13:53:20,31.50,51.36,25.00,20.00,0,0
2026-08-05 13:53:21,31.50,51.36,25.00,20.00,0,0
2026-08-05 13:53:22,31.50,51.36,25.00,20.00,0,0
2026-08-05 13:53:23,31.50,51.36,25.00,20.00,0,0
2026-08-05 13:53:24,31.50,51.36,25.00,20.00,0,0
2026-08-05 13:53:25,31.50,51.36,25.00,20.00,0,0
2026-08-05 13:53:26,31.50,51.36,25.00,20.00,0,0
2026-08-05 13:53:27,31.50,51.36,25.00,20.00,0,0
2026-08-05 13:53:28,31.50,51.36,25.00,20.00,0,0
2026-08-05 13:53:30,31.49,51.36,25.00,20.00,0,0
2026-08-05 13:53:31,31.50,51.36,25.00,20.00,0,0
2026-08-05 13:53:32,31.50,51.36,25.00,20.00,0,0
2026-08-05 13:53:33,31.50,51.36,25.00,20.00,0,0
2026-08-05 13:53:34,31.50,51.36,25.00,20.00,0,0
2026-08-05 13:53:35,31.50,51.36,25.00,20.00,0,0
2026-08-05 13:53:36,31.50,51.36,25.00,20.00,0,0
2026-08-05 13:53:37,31.49,51.36,25.00,20.00,0,0
2026-08-05 13:53:38,31.49,51.36,25.00,20.00,0,0
2026-08-05 13:53:39,31.49,51.36,25.00,20.00,0,0
2026-08-05 13:53:40,31.49,51.36,25.00,20.00,0,0
2026-08-05 13:53:41,31.49,51.36,25.00,20.00,0,0
2026-08-05 13:53:42,31.49,51.36,25.00,20.00,0,0
2026-08-05 13:53:43,31.48,51.36,25.00,20.00,0,0
2026-08-05 13:53:44,31.49,51.36,25.00,20.00,0,0
2026-08-05 13:53:45,31.49,51.36,25.00,20.00,0,0
2026-08-05 13:53:46,31.49,51.36,25.00,20.00,0,0
2026-08-05 13:53:47,31.49,51.36,25.00,20.00,0,0
2026-08-05 13:53:48,31.49,51.36,25.00,20.00,0,0
2026-08-05 13:53:49,31.49,51.36,25.00,20.00,0,0
2026-08-05 13:53:50,31.49,51.36,25.00,20.00,0,0
2026-08-05 13:53:51,31.49,51.36,25.00,20.00,0,0
2026-08-05 13:53:52,31.49,51.36,25.00,20.00,0,0
2026-08-05 13:53:53,31.49,51.36,25.00,20.00,0,0
2026-08-05 13:53:54,31.48,51.36,25.00,20.00,0,0
2026-08-05 13:53:55,31.48,51.36,25.00,20.00,0,0
2026-08-05 13:53:56,31.49,51.36,25.00,20.00,0,0
2026-08-05 13:53:57,31.49,51.36,25.00,20.00,0,0
2026-08-05 13:53:58,31.48,51.36,25.00,20.00,0,0
2026-08-05 13:53:59,31.49,51.36,25.00,20.00,0,0
2026-08-05 13:54:00,31.49,51.36,25.00,20.00,0,0
2026-08-05 13:54:01,31.48,51.36,25.00,20.00,0,0
2026-08-05 13:54:02,31.48,51.36,25.00,20.00,0,0
2026-08-05 13:54:03,31.48,51.36,25.00,20.00,0,0
2026-08-05 13:54:04,31.48,51.36,25.00,20.00,0,0
2026-08-05 13:54:05,31.48,51.36,25.00,20.00,0,0
2026-08-05 13:54:06,31.48,51.36,25.00,20.00,0,0
2026-08-05 13:54:07,31.48,51.36,25.00,20.00,0,0
2026-08-05 13:54:08,31.48,51.36,25.00,20.00,0,0
2026-08-05 13:54:09,31.48,51.36,25.00,20.00,0,0
2026-08-05 13:54:10,31.48,51.36,25.00,20.00,0,0
2026-08-05 13:54:11,31.48,51.36,25.00,20.00,0,0
2026-08-05 13:54:12,31.48,51.36,25.00,20.00,0,0
2026-08-05 13:54:13,31.48,51.36,25.00,20.00,0,0
2026-08-05 13:54:14,31.48,51.36,25.00,20.00,0,0
2026-08-05 13:54:15,31.48,51.36,25.00,20.00,0,0
2026-08-05 13:54:16,31.48,51.36,25.00,20.00,0,0
2026-08-05 13:54:17,31.48,51.36,25.00,20.00,0,0
2026-08-05 13:54:18,31.48,51.36,25.00,20.00,0,0
2026-08-05 13:54:19,31.48,51.36,25.00,20.00,0,0
2026-08-05 13:54:20,31.48,51.36,25.00,20.00,0,0
2026-08-05 13:54:21,31.47,51.36,25.00,20.00,0,0
2026-08-05 13:54:22,31.48,51.36,25.00,20.00,0,0
2026-08-05 13:54:23,31.47,51.36,25.00,20.00,0,0
2026-08-05 13:54:24,31.47,51.36,25.00,20.00,0,0
2026-08-05 13:54:25,31.47,51.36,25.00,20.00,0,0
2026-08-05 13:54:26,31.47,51.36,25.00,20.00,0,0
2026-08-05 13:54:27,31.47,51.36,25.00,20.00,0,0
2026-08-05 13:54:28,31.47,51.36,25.00,20.00,0,0
2026-08-05 13:54:29,31.47,51.36,25.00,20.00,0,0
2026-08-05 13:54:30,31.47,51.36,25.00,20.00,0,0
2026-08-05 13:54:31,31.47,51.36,25.00,20.00,0,0
2026-08-05 13:54:32,31.47,51.36,25.00,20.00,0,0
2026-08-05 13:54:33,31.47,51.36,25.00,20.00,0,0
2026-08-05 13:54:34,31.47,51.36,25.00,20.00,0,0
2026-08-05 13:54:35,31.47,51.36,25.00,20.00,0,0
2026-08-05 13:54:36,31.47,51.36,25.00,20.00,0,0
2026-08-05 13:54:37,31.47,51.36,25.00,20.00,0,0
2026-08-05 13:54:38,31.47,51.36,25.00,20.00,0,0
2026-08-05 13:54:39,31.47,51.36,25.00,20.00,0,0
2026-08-05 13:54:40,31.47,51.36,25.00,20.00,0,0
2026-08-05 13:54:41,31.47,51.36,25.00,20.00,0,0
2026-08-05 13:54:42,31.47,51.36,25.00,20.00,0,0
2026-08-05 13:54:43,31.47,51.36,25.00,20.00,0,0
2026-08-05 13:54:44,31.46,51.36,25.00,20.00,0,0
2026-08-05 13:54:45,31.47,51.36,25.00,20.00,0,0
2026-08-05 13:54:46,31.47,51.36,25.00,20.00,0,0
2026-08-05 13:54:47,31.47,51.36,25.00,20.00,0,0
2026-08-05 13:54:48,31.47,51.36,25.00,20.00,0,0
2026-08-05 13:54:49,31.47,51.36,25.00,20.00,0,0
2026-08-05 13:54:50,31.47,51.36,25.00,20.00,0,0
2026-08-05 13:54:51,31.47,51.36,25.00,20.00,0,0
2026-08-05 13:54:52,31.46,51.36,25.00,20.00,0,0
2026-08-05 13:54:53,31.47,51.36,25.00,20.00,0,0
2026-08-05 13:54:54,31.46,51.36,25.00,20.00,0,0
2026-08-05 13:54:55,31.46,51.36,25.00,20.00,0,0
2026-08-05 13:54:56,31.47,51.36,25.00,20.00,0,0
2026-08-05 13:54:57,31.46,51.36,25.00,20.00,0,0
2026-08-05 13:54:58,31.46,51.36,25.00,20.00,0,0
2026-08-05 13:54:59,31.46,51.36,25.00,20.00,0,0
2026-08-05 13:55:00,31.47,51.36,25.00,20.00,0,0
2026-08-05 13:55:01,31.47,51.36,25.00,20.00,0,0
2026-08-05 13:55:02,31.47,51.36,25.00,20.00,0,0
2026-08-05 13:55:03,31.46,51.36,25.00,20.00,0,0
2026-08-05 13:55:04,31.46,51.36,25.00,20.00,0,0
2026-08-05 13:55:05,31.46,51.36,25.00,20.00,0,0
2026-08-05 13:55:06,31.46,51.36,25.00,20.00,0,0
2026-08-05 13:55:07,31.46,51.36,25.00,20.00,0,0
2026-08-05 13:55:08,31.46,51.36,25.00,20.00,0,0
2026-08-05 13:55:09,31.46,51.36,25.00,20.00,0,0
2026-08-05 13:55:10,31.46,51.36,25.00,20.00,0,0
2026-08-05 13:55:11,31.46,51.36,25.00,20.00,0,0
2026-08-05 13:55:12,31.46,51.36,25.00,20.00,0,0
2026-08-05 13:55:13,31.46,51.36,25.00,20.00,0,0
2026-08-05 13:55:14,31.45,51.36,25.00,20.00,0,0
2026-08-05 13:55:15,31.46,51.36,25.00,20.00,0,0
2026-08-05 13:55:16,31.45,51.36,25.00,20.00,0,0
2026-08-05 13:55:17,31.45,51.36,25.00,20.00,0,0
2026-08-05 13:55:18,31.46,51.36,25.00,20.00,0,0
2026-08-05 13:55:19,31.45,51.36,25.00,20.00,0,0
2026-08-05 13:55:20,31.45,51.36,25.00,20.00,0,0
2026-08-05 13:55:21,31.46,51.36,25.00,20.00,0,0
2026-08-05 13:55:22,31.46,51.36,25.00,20.00,0,0
2026-08-05 13:55:23,31.45,51.36,25.00,20.00,0,0
2026-08-05 13:55:24,31.45,51.36,25.00,20.00,0,0
2026-08-05 13:55:25,31.46,51.36,25.00,20.00,0,0
2026-08-05 13:55:26,31.46,51.36,25.00,20.00,0,0
2026-08-05 13:55:27,31.45,51.36,25.00,20.00,0,0
2026-08-05 13:55:28,31.45,51.36,25.00,20.00,0,0
2026-08-05 13:55:29,31.45,51.36,25.00,20.00,0,0
2026-08-05 13:55:30,31.45,51.36,25.00,20.00,0,0
2026-08-05 13:55:31,31.45,51.36,25.00,20.00,0,0
2026-08-05 13:55:32,31.45,51.36,25.00,20.00,0,0
2026-08-05 13:55:33,31.45,51.36,25.00,20.00,0,0
2026-08-05 13:55:34,31.45,51.36,25.00,20.00,0,0
2026-08-05 13:55:35,31.45,51.36,25.00,20.00,0,0
2026-08-05 13:55:36,31.45,51.36,25.00,20.00,0,0
2026-08-05 13:55:37,31.45,51.36,25.00,20.00,0,0
2026-08-05 13:55:38,31.45,51.36,25.00,20.00,0,0
2026-08-05 13:55:39,31.45,51.36,25.00,20.00,0,0
2026-08-05 13:55:40,31.44,51.36,25.00,20.00,0,0
2026-08-05 13:55:41,31.44,51.36,25.00,20.00,0,0
2026-08-05 13:55:42,31.45,51.36,25.00,20.00,0,0
2026-08-05 13:55:43,31.45,51.36,25.00,20.00,0,0
2026-08-05 13:55:44,31.44,51.36,25.00,20.00,0,0
2026-08-05 13:55:45,31.44,51.36,25.00,20.00,0,0
2026-08-05 13:55:46,31.44,51.36,25.00,20.00,0,0
2026-08-05 13:55:47,31.44,51.36,25.00,20.00,0,0
2026-08-05 13:55:48,31.44,51.36,25.00,20.00,0,0
2026-08-05 13:55:49,31.44,51.36,25.00,20.00,0,0
2026-08-05 13:55:50,31.44,51.36,25.00,20.00,0,0
2026-08-05 13:55:51,31.44,51.36,25.00,20.00,0,0
2026-08-05 13:55:52,31.44,51.36,25.00,20.00,0,0
2026-08-05 13:55:53,31.44,51.36,25.00,20.00,0,0
2026-08-05 13:55:54,31.44,51.36,25.00,20.00,0,0
2026-08-05 13:55:55,31.44,51.36,25.00,20.00,0,0
2026-08-05 13:55:56,31.44,51.36,25.00,20.00,0,0
2026-08-05 13:55:57,31.44,51.36,25.00,20.00,0,0
2026-08-05 13:55:58,31.44,51.36,25.00,20.00,0,0
2026-08-05 13:55:59,31.44,51.36,25.00,20.00,0,0
2026-08-05 13:56:00,31.44,51.36,25.00,20.00,0,0
2026-08-05 13:56:01,31.44,51.36,25.00,20.00,0,0
2026-08-05 13:56:02,31.44,51.36,25.00,20.00,0,0
2026-08-05 13:56:03,31.44,51.36,25.00,20.00,0,0
2026-08-05 13:56:04,31.44,51.36,25.00,20.00,0,0
2026-08-05 13:56:05,31.43,51.36,25.00,20.00,0,0
2026-08-05 13:56:06,31.43,51.36,25.00,20.00,0,0
2026-08-05 13:56:07,31.44,51.36,25.00,20.00,0,0
2026-08-05 13:56:08,31.43,51.36,25.00,20.00,0,0
2026-08-05 13:56:09,31.44,51.36,25.00,20.00,0,0
2026-08-05 13:56:10,31.44,51.36,25.00,20.00,0,0
2026-08-05 13:56:11,31.43,51.36,25.00,20.00,0,0
2026-08-05 13:56:12,31.43,51.36,25.00,20.00,0,0
2026-08-05 13:56:13,31.44,51.36,25.00,20.00,0,0
2026-08-05 13:56:14,31.43,51.36,25.00,20.00,0,0
2026-08-05 13:56:15,31.43,51.36,25.00,20.00,0,0
2026-08-05 13:56:16,31.43,51.36,25.00,20.00,0,0
2026-08-05 13:56:17,31.44,51.36,25.00,20.00,0,0
2026-08-05 13:56:18,31.44,51.36,25.00,20.00,0,0
2026-08-05 13:56:19,31.44,51.36,25.00,20.00,0,0
2026-08-05 13:56:20,31.44,51.36,25.00,20.00,0,0
2026-08-05 13:56:21,31.43,51.36,25.00,20.00,0,0
2026-08-05 13:56:22,31.43,51.36,25.00,20.00,0,0
2026-08-05 13:56:23,31.43,51.36,25.00,20.00,0,0
2026-08-05 13:56:24,31.43,51.36,25.00,20.00,0,0
2026-08-05 13:56:25,31.43,51.40,25.00,20.00,0,0
2026-08-05 13:56:26,31.43,51.36,25.00,20.00,0,0
2026-08-05 13:56:27,31.43,51.36,25.00,20.00,0,0
2026-08-05 13:56:28,31.43,51.40,25.00,20.00,0,0
2026-08-05 13:56:29,31.43,51.40,25.00,20.00,0,0
2026-08-05 13:56:30,31.43,51.40,25.00,20.00,0,0
2026-08-05 13:56:31,31.42,51.36,25.00,20.00,0,0
2026-08-05 13:56:32,31.43,51.36,25.00,20.00,0,0
2026-08-05 13:56:33,31.43,51.36,25.00,20.00,0,0
2026-08-05 13:56:34,31.43,51.36,25.00,20.00,0,0
2026-08-05 13:56:35,31.42,51.36,25.00,20.00,0,0
2026-08-05 13:56:36,31.43,51.36,25.00,20.00,0,0
2026-08-05 13:56:37,31.42,51.40,25.00,20.00,0,0
2026-08-05 13:56:38,31.42,51.36,25.00,20.00,0,0
2026-08-05 13:56:39,31.43,51.40,25.00,20.00,0,0
2026-08-05 13:56:40,31.42,51.40,25.00,20.00,0,0
2026-08-05 13:56:41,31.42,51.37,25.00,20.00,0,0
2026-08-05 13:56:42,31.42,51.36,25.00,20.00,0,0
2026-08-05 13:56:43,31.42,51.36,25.00,20.00,0,0
2026-08-05 13:56:44,31.42,51.40,25.00,20.00,0,0
2026-08-05 13:56:45,31.42,51.40,25.00,20.00,0,0
2026-08-05 13:56:46,31.42,51.40,25.00,20.00,0,0
2026-08-05 13:56:47,31.42,51.36,25.00,20.00,0,0
2026-08-05 13:56:48,31.42,51.40,25.00,20.00,0,0
2026-08-05 13:56:49,31.42,51.40,25.00,20.00,0,0
2026-08-05 13:56:50,31.42,51.40,25.00,20.00,0,0
2026-08-05 13:56:51,31.42,51.40,25.00,20.00,0,0
2026-08-05 13:56:52,31.42,51.40,25.00,20.00,0,0
2026-08-05 13:56:53,31.42,51.37,25.00,20.00,0,0
2026-08-05 13:56:54,31.42,51.40,25.00,20.00,0,0
2026-08-05 13:56:55,31.42,51.40,25.00,20.00,0,0
2026-08-05 13:56:56,31.42,51.37,25.00,20.00,0,0
2026-08-05 13:56:57,31.42,51.40,25.00,20.00,0,0
2026-08-05 13:56:58,31.42,51.40,25.00,20.00,0,0
2026-08-05 13:56:59,31.42,51.40,25.00,20.00,0,0
2026-08-05 13:57:00,31.42,51.37,25.00,20.00,0,0
2026-08-05 13:57:01,31.42,51.40,25.00,20.00,0,0
2026-08-05 13:57:02,31.42,51.40,25.00,20.00,0,0
2026-08-05 13:57:03,31.42,51.37,25.00,20.00,0,0
2026-08-05 13:57:04,31.41,51.37,25.00,20.00,0,0
2026-08-05 13:57:05,31.42,51.37,25.00,20.00,0,0
2026-08-05 13:57:06,31.41,51.37,25.00,20.00,0,0
2026-08-05 13:57:07,31.41,51.37,25.00,20.00,0,0
2026-08-05 13:57:08,31.41,51.37,25.00,20.00,0,0
2026-08-05 13:57:09,31.41,51.37,25.00,20.00,0,0
2026-08-05 13:57:10,31.41,51.37,25.00,20.00,0,0
2026-08-05 13:57:11,31.41,51.37,25.00,20.00,0,0
2026-08-05 13:57:12,31.41,51.37,25.00,20.00,0,0
2026-08-05 13:57:13,31.41,51.37,25.00,20.00,0,0
2026-08-05 13:57:14,31.41,51.37,25.00,20.00,0,0
2026-08-05 13:57:15,31.41,51.37,25.00,20.00,0,0
2026-08-05 13:57:16,31.41,51.37,25.00,20.00,0,0
2026-08-05 13:57:17,31.41,51.37,25.00,20.00,0,0
2026-08-05 13:57:18,31.41,51.37,25.00,20.00,0,0
2026-08-05 13:57:19,31.41,51.37,25.00,20.00,0,0
2026-08-05 13:57:20,31.41,51.37,25.00,20.00,0,0
2026-08-05 13:57:21,31.41,51.37,25.00,20.00,0,0
2026-08-05 13:57:22,31.41,51.37,25.00,20.00,0,0
2026-08-05 13:57:23,31.40,51.37,25.00,20.00,0,0
2026-08-05 13:57:24,31.40,51.37,25.00,20.00,0,0
2026-08-05 13:57:25,31.41,51.37,25.00,20.00,0,0
2026-08-05 13:57:26,31.40,51.37,25.00,20.00,0,0
2026-08-05 13:57:27,31.40,51.37,25.00,20.00,0,0
2026-08-05 13:57:28,31.40,51.37,25.00,20.00,0,0
2026-08-05 13:57:29,31.40,51.37,25.00,20.00,0,0
2026-08-05 13:57:30,31.40,51.37,25.00,20.00,0,0
2026-08-05 13:57:31,31.40,51.37,25.00,20.00,0,0
2026-08-05 13:57:32,31.40,51.37,25.00,20.00,0,0
2026-08-05 13:57:33,31.40,51.37,25.00,20.00,0,0
2026-08-05 13:57:34,31.40,51.37,25.00,20.00,0,0
2026-08-05 13:57:35,31.40,51.37,25.00,20.00,0,0
2026-08-05 13:57:36,31.40,51.41,25.00,20.00,0,0
2026-08-05 13:57:37,31.40,51.37,25.00,20.00,0,0
2026-08-05 13:57:38,31.40,51.37,25.00,20.00,0,0
2026-08-05 13:57:39,31.40,51.37,25.00,20.00,0,0
2026-08-05 13:57:40,31.40,51.37,25.00,20.00,0,0
2026-08-05 13:57:41,31.40,51.37,25.00,20.00,0,0
2026-08-05 13:57:42,31.40,51.37,25.00,20.00,0,0
2026-08-05 13:57:43,31.40,51.37,25.00,20.00,0,0
2026-08-05 13:57:44,31.40,51.37,25.00,20.00,0,0
2026-08-05 13:57:45,31.40,51.37,25.00,20.00,0,0
2026-08-05 13:57:46,31.40,51.37,25.00,20.00,0,0
2026-08-05 13:57:47,31.40,51.37,25.00,20.00,0,0
2026-08-05 13:57:48,31.40,51.37,25.00,20.00,0,0
2026-08-05 13:57:49,31.40,51.41,25.00,20.00,0,0
2026-08-05 13:57:50,31.40,51.41,25.00,20.00,0,0
2026-08-05 13:57:51,31.37,51.37,25.00,20.00,0,0
2026-08-05 13:57:52,31.40,51.41,25.00,20.00,0,0
2026-08-05 13:57:53,31.40,51.41,25.00,20.00,0,0
2026-08-05 13:57:54,31.40,51.41,25.00,20.00,0,0
2026-08-05 13:57:55,31.37,51.41,25.00,20.00,0,0
2026-08-05 13:57:56,31.40,51.37,25.00,20.00,0,0
2026-08-05 13:57:57,31.40,51.41,25.00,20.00,0,0
2026-08-05 13:57:58,31.37,51.37,25.00,20.00,0,0
2026-08-05 13:57:59,31.40,51.41,25.00,20.00,0,0
2026-08-05 13:58:00,31.37,51.41,25.00,20.00,0,0
2026-08-05 13:58:01,31.40,51.37,25.00,20.00,0,0
2026-08-05 13:58:02,31.40,51.37,25.00,20.00,0,0
2026-08-05 13:58:03,31.37,51.41,25.00,20.00,0,0
2026-08-05 13:58:04,31.40,51.41,25.00,20.00,0,0
2026-08-05 13:58:05,31.37,51.37,25.00,20.00,0,0
2026-08-05 13:58:06,31.37,51.41,25.00,20.00,0,0
2026-08-05 13:58:07,31.40,51.37,25.00,20.00,0,0
2026-08-05 13:58:08,31.37,51.37,25.00,20.00,0,0
2026-08-05 13:58:09,31.37,51.37,25.00,20.00,0,0
2026-08-05 13:58:10,31.37,51.41,25.00,20.00,0,0
2026-08-05 13:58:11,31.37,51.41,25.00,20.00,0,0
2026-08-05 13:58:12,31.37,51.37,25.00,20.00,0,0
2026-08-05 13:58:13,31.37,51.41,25.00,20.00,0,0
2026-08-05 13:58:14,31.37,51.37,25.00,20.00,0,0
2026-08-05 13:58:15,31.37,51.37,25.00,20.00,0,0
2026-08-05 13:58:16,31.37,51.41,25.00,20.00,0,0
2026-08-05 13:58:17,31.37,51.41,25.00,20.00,0,0
2026-08-05 13:58:18,31.37,51.37,25.00,20.00,0,0
2026-08-05 13:58:19,31.37,51.41,25.00,20.00,0,0
2026-08-05 13:58:20,31.37,51.37,25.00,20.00,0,0
2026-08-05 13:58:21,31.37,51.41,25.00,20.00,0,0
2026-08-05 13:58:22,31.37,51.37,25.00,20.00,0,0
2026-08-05 13:58:23,31.36,51.41,25.00,20.00,0,0
2026-08-05 13:58:24,31.36,51.37,25.00,20.00,0,0
2026-08-05 13:58:25,31.37,51.41,25.00,20.00,0,0
2026-08-05 13:58:26,31.36,51.41,25.00,20.00,0,0
2026-08-05 13:58:27,31.37,51.37,25.00,20.00,0,0
2026-08-05 13:58:28,31.37,51.41,25.00,20.00,0,0
2026-08-05 13:58:29,31.36,51.37,25.00,20.00,0,0
2026-08-05 13:58:30,31.36,51.37,25.00,20.00,0,0
2026-08-05 13:58:31,31.36,51.37,25.00,20.00,0,0
2026-08-05 13:58:32,31.36,51.41,25.00,20.00,0,0
2026-08-05 13:58:33,31.37,51.37,25.00,20.00,0,0
2026-08-05 13:58:34,31.36,51.37,25.00,20.00,0,0
2026-08-05 13:58:35,31.36,51.41,25.00,20.00,0,0
2026-08-05 13:58:36,31.36,51.41,25.00,20.00,0,0
2026-08-05 13:58:37,31.36,51.41,25.00,20.00,0,0
2026-08-05 13:58:38,31.36,51.37,25.00,20.00,0,0
2026-08-05 13:58:39,31.36,51.37,25.00,20.00,0,0
2026-08-05 13:58:40,31.36,51.41,25.00,20.00,0,0
2026-08-05 13:58:41,31.36,51.41,25.00,20.00,0,0
2026-08-05 13:58:42,31.36,51.41,25.00,20.00,0,0
2026-08-05 13:58:43,31.36,51.41,25.00,20.00,0,0
2026-08-05 13:58:44,31.36,51.41,25.00,20.00,0,0
2026-08-05 13:58:45,31.36,51.41,25.00,20.00,0,0
2026-08-05 13:58:46,31.36,51.41,25.00,20.00,0,0
2026-08-05 13:58:47,31.36,51.41,25.00,20.00,0,0
2026-08-05 13:58:48,31.35,51.41,25.00,20.00,0,0
2026-08-05 13:58:49,31.36,51.41,25.00,20.00,0,0
2026-08-05 13:58:50,31.36,51.41,25.00,20.00,0,0
2026-08-05 13:58:51,31.36,51.41,25.00,20.00,0,0
2026-08-05 13:58:52,31.36,51.41,25.00,20.00,0,0
2026-08-05 13:58:53,31.35,51.41,25.00,20.00,0,0
2026-08-05 13:58:54,31.35,51.41,25.00,20.00,0,0
2026-08-05 13:58:55,31.35,51.41,25.00,20.00,0,0
2026-08-05 13:58:56,31.35,51.41,25.00,20.00,0,0
2026-08-05 13:58:57,31.35,51.41,25.00,20.00,0,0
2026-08-05 13:58:58,31.35,51.41,25.00,20.00,0,0
2026-08-05 13:58:59,31.36,51.41,25.00,20.00,0,0
2026-08-05 13:59:00,31.35,51.41,25.00,20.00,0,0
2026-08-05 13:59:01,31.35,51.41,25.00,20.00,0,0
2026-08-05 13:59:02,31.35,51.41,25.00,20.00,0,0
2026-08-05 13:59:03,31.35,51.41,25.00,20.00,0,0
2026-08-05 13:59:04,31.35,51.41,25.00,20.00,0,0
2026-08-05 13:59:05,31.35,51.41,25.00,20.00,0,0
2026-08-05 13:59:06,31.35,51.41,25.00,20.00,0,0
2026-08-05 13:59:07,31.35,51.41,25.00,20.00,0,0
2026-08-05 13:59:08,31.35,51.41,25.00,20.00,0,0
2026-08-05 13:59:09,31.35,51.41,25.00,20.00,0,0
2026-08-05 13:59:10,31.35,51.41,25.00,20.00,0,0
2026-08-05 13:59:11,31.35,51.41,25.00,20.00,0,0
2026-08-05 13:59:12,31.34,51.41,25.00,20.00,0,0
2026-08-05 13:59:13,31.34,51.41,25.00,20.00,0,0
2026-08-05 13:59:14,31.34,51.41,25.00,20.00,0,0
2026-08-05 13:59:15,31.35,51.41,25.00,20.00,0,0
2026-08-05 13:59:16,31.35,51.41,25.00,20.00,0,0
2026-08-05 13:59:17,31.35,51.41,25.00,20.00,0,0
2026-08-05 13:59:18,31.34,51.41,25.00,20.00,0,0
2026-08-05 13:59:19,31.34,51.41,25.00,20.00,0,0
2026-08-05 13:59:20,31.34,51.41,25.00,20.00,0,0
2026-08-05 13:59:21,31.34,51.41,25.00,20.00,0,0
2026-08-05 13:59:22,31.34,51.41,25.00,20.00,0,0
2026-08-05 13:59:23,31.34,51.41,25.00,20.00,0,0
2026-08-05 13:59:24,31.34,51.41,25.00,20.00,0,0
2026-08-05 13:59:25,31.34,51.41,25.00,20.00,0,0
2026-08-05 13:59:26,31.34,51.41,25.00,20.00,0,0
2026-08-05 13:59:27,31.34,51.41,25.00,20.00,0,0
2026-08-05 13:59:28,31.34,51.41,25.00,20.00,0,0
2026-08-05 13:59:29,31.34,51.41,25.00,20.00,0,0
2026-08-05 13:59:30,31.34,51.41,25.00,20.00,0,0
2026-08-05 13:59:31,31.34,51.41,25.00,20.00,0,0
2026-08-05 13:59:32,31.34,51.41,25.00,20.00,0,0
2026-08-05 13:59:33,31.34,51.41,25.00,20.00,0,0
2026-08-05 13:59:34,31.34,51.41,25.00,20.00,0,0
2026-08-05 13:59:35,31.34,51.41,25.00,20.00,0,0
2026-08-05 13:59:36,31.34,51.41,25.00,20.00,0,0
2026-08-05 13:59:37,31.34,51.41,25.00,20.00,0,0
2026-08-05 13:59:38,31.34,51.41,25.00,20.00,0,0
2026-08-05 13:59:39,31.33,51.41,25.00,20.00,0,0
2026-08-05 13:59:40,31.33,51.41,25.00,20.00,0,0
2026-08-05 13:59:41,31.34,51.41,25.00,20.00,0,0
2026-08-05 13:59:42,31.34,51.41,25.00,20.00,0,0
2026-08-05 13:59:43,31.33,51.41,25.00,20.00,0,0
2026-08-05 13:59:44,31.33,51.41,25.00,20.00,0,0
2026-08-05 13:59:45,31.33,51.41,25.00,20.00,0,0
2026-08-05 13:59:46,31.33,51.41,25.00,20.00,0,0
2026-08-05 13:59:47,31.33,51.41,25.00,20.00,0,0
2026-08-05 13:59:48,31.33,51.41,25.00,20.00,0,0
2026-08-05 13:59:49,31.33,51.41,25.00,20.00,0,0
2026-08-05 13:59:50,31.33,51.41,25.00,20.00,0,0
2026-08-05 13:59:51,31.33,51.41,25.00,20.00,0,0
2026-08-05 13:59:52,31.33,51.41,25.00,20.00,0,0
2026-08-05 13:59:53,31.33,51.41,25.00,20.00,0,0
2026-08-05 13:59:54,31.33,51.41,25.00,20.00,0,0
2026-08-05 13:59:55,31.33,51.41,25.00,20.00,0,0
2026-08-05 13:59:56,31.33,51.41,25.00,20.00,0,0
2026-08-05 13:59:57,31.33,51.41,25.00,20.00,0,0
2026-08-05 13:59:58,31.33,51.41,25.00,20.00,0,0
2026-08-05 13:59:59,31.33,51.41,25.00,20.00,0,0
2026-08-05 14:00:00,31.32,51.41,25.00,20.00,0,0
2026-08-05 14:00:01,31.33,51.41,25.00,20.00,0,0
2026-08-05 14:00:02,31.33,51.41,25.00,20.00,0,0
2026-08-05 14:00:03,31.33,51.41,25.00,20.00,0,0
2026-08-05 14:00:04,31.33,51.41,25.00,20.00,0,0
2026-08-05 14:00:05,31.32,51.41,25.00,20.00,0,0
2026-08-05 14:00:06,31.33,51.41,25.00,20.00,0,0
2026-08-05 14:00:07,31.33,51.41,25.00,20.00,0,0
2026-08-05 14:00:08,31.32,51.41,25.00,20.00,0,0
2026-08-05 14:00:09,31.33,51.41,25.00,20.00,0,0
2026-08-05 14:00:10,31.33,51.41,25.00,20.00,0,0
2026-08-05 14:00:11,31.32,51.41,25.00,20.00,0,0
2026-08-05 14:00:12,31.32,51.41,25.00,20.00,0,0
2026-08-05 14:00:13,31.32,51.41,25.00,20.00,0,0
2026-08-05 14:00:14,31.32,51.41,25.00,20.00,0,0
2026-08-05 14:00:15,31.32,51.41,25.00,20.00,0,0
2026-08-05 14:00:16,31.32,51.41,25.00,20.00,0,0
2026-08-05 14:00:17,31.32,51.41,25.00,20.00,0,0
2026-08-05 14:00:18,31.32,51.41,25.00,20.00,0,0
2026-08-05 14:00:19,31.32,51.41,25.00,20.00,0,0
2026-08-05 14:00:20,31.32,51.41,25.00,20.00,0,0
2026-08-05 14:00:21,31.32,51.41,25.00,20.00,0,0
2026-08-05 14:00:22,31.33,51.41,25.00,20.00,0,0
2026-08-05 14:00:23,31.32,51.41,25.00,20.00,0,0
2026-08-05 14:00:24,31.32,51.41,25.00,20.00,0,0
2026-08-05 14:00:25,31.32,51.41,25.00,20.00,0,0
2026-08-05 14:00:26,31.32,51.41,25.00,20.00,0,0
2026-08-05 14:00:27,31.32,51.41,25.00,20.00,0,0
2026-08-05 14:00:28,31.32,51.41,25.00,20.00,0,0
2026-08-05 14:00:29,31.32,51.41,25.00,20.00,0,0
2026-08-05 14:00:30,31.32,51.41,25.00,20.00,0,0
2026-08-05 14:00:31,31.32,51.41,25.00,20.00,0,0
2026-08-05 14:00:32,31.32,51.41,25.00,20.00,0,0
2026-08-05 14:00:33,31.32,51.41,25.00,20.00,0,0
2026-08-05 14:00:34,31.32,51.41,25.00,20.00,0,0
2026-08-05 14:00:35,31.32,51.41,25.00,20.00,0,0
2026-08-05 14:00:36,31.31,51.41,25.00,20.00,0,0
2026-08-05 14:00:37,31.32,51.41,25.00,20.00,0,0
2026-08-05 14:00:38,31.32,51.41,25.00,20.00,0,0
2026-08-05 14:00:39,31.31,51.41,25.00,20.00,0,0
2026-08-05 14:00:40,31.31,51.41,25.00,20.00,0,0
2026-08-05 14:00:41,31.32,51.41,25.00,20.00,0,0
2026-08-05 14:00:42,31.31,51.41,25.00,20.00,0,0
2026-08-05 14:00:43,31.31,51.41,25.00,20.00,0,0
2026-08-05 14:00:44,31.31,51.41,25.00,20.00,0,0
2026-08-05 14:00:45,31.31,51.41,25.00,20.00,0,0
2026-08-05 14:00:46,31.31,51.41,25.00,20.00,0,0
2026-08-05 14:00:47,31.31,51.41,25.00,20.00,0,0
2026-08-05 14:00:48,31.31,51.41,25.00,20.00,0,0
2026-08-05 14:00:49,31.31,51.41,25.00,20.00,0,0
2026-08-05 14:00:50,31.31,51.41,25.00,20.00,0,0
2026-08-05 14:00:51,31.31,51.41,25.00,20.00,0,0
2026-08-05 14:00:52,31.31,51.41,25.00,20.00,0,0
2026-08-05 14:00:53,31.31,51.41,25.00,20.00,0,0
2026-08-05 14:00:54,31.31,51.41,25.00,20.00,0,0
2026-08-05 14:00:55,31.31,51.41,25.00,20.00,0,0
2026-08-05 14:00:56,31.31,51.41,25.00,20.00,0,0
2026-08-05 14:00:57,31.30,51.41,25.00,20.00,0,0
2026-08-05 14:00:58,31.31,51.41,25.00,20.00,0,0
2026-08-05 14:00:59,31.31,51.41,25.00,20.00,0,0
2026-08-05 14:01:00,31.30,51.41,25.00,20.00,0,0
2026-08-05 14:01:01,31.30,51.41,25.00,20.00,0,0
2026-08-05 14:01:02,31.31,51.41,25.00,20.00,0,0
2026-08-05 14:01:03,31.31,51.41,25.00,20.00,0,0
2026-08-05 14:01:04,31.31,51.41,25.00,20.00,0,0
2026-08-05 14:01:05,31.30,51.41,25.00,20.00,0,0
2026-08-05 14:01:06,31.31,51.41,25.00,20.00,0,0
2026-08-05 14:01:07,31.31,51.41,25.00,20.00,0,0
2026-08-05 14:01:08,31.30,51.41,25.00,20.00,0,0
2026-08-05 14:01:09,31.30,51.41,25.00,20.00,0,0
2026-08-05 14:01:10,31.30,51.41,25.00,20.00,0,0
2026-08-05 14:01:11,31.30,51.41,25.00,20.00,0,0
2026-08-05 14:01:12,31.30,51.41,25.00,20.00,0,0
2026-08-05 14:01:13,31.30,51.41,25.00,20.00,0,0
2026-08-05 14:01:14,31.30,51.41,25.00,20.00,0,0
2026-08-05 14:01:15,31.30,51.44,25.00,20.00,0,0
2026-08-05 14:01:16,31.30,51.41,25.00,20.00,0,0
2026-08-05 14:01:17,31.30,51.44,25.00,20.00,0,0
2026-08-05 14:01:18,31.30,51.44,25.00,20.00,0,0
2026-08-05 14:01:19,31.30,51.44,25.00,20.00,0,0
2026-08-05 14:01:20,31.30,51.44,25.00,20.00,0,0
2026-08-05 14:01:21,31.30,51.44,25.00,20.00,0,0
2026-08-05 14:01:22,31.30,51.41,25.00,20.00,0,0
2026-08-05 14:01:23,31.30,51.44,25.00,20.00,0,0
2026-08-05 14:01:24,31.30,51.44,25.00,20.00,0,0
2026-08-05 14:01:25,31.30,51.44,25.00,20.00,0,0
2026-08-05 14:01:26,31.30,51.44,25.00,20.00,0,0
2026-08-05 14:01:27,31.30,51.44,25.00,20.00,0,0
2026-08-05 14:01:28,31.30,51.44,25.00,20.00,0,0
2026-08-05 14:01:29,31.30,51.44,25.00,20.00,0,0
2026-08-05 14:01:30,31.29,51.44,25.00,20.00,0,0
2026-08-05 14:01:31,31.30,51.44,25.00,20.00,0,0
2026-08-05 14:01:32,31.30,51.44,25.00,20.00,0,0
2026-08-05 14:01:33,31.29,51.44,25.00,20.00,0,0
2026-08-05 14:01:34,31.29,51.44,25.00,20.00,0,0
2026-08-05 14:01:35,31.30,51.44,25.00,20.00,0,0
2026-08-05 14:01:36,31.29,51.44,25.00,20.00,0,0
2026-08-05 14:01:37,31.29,51.44,25.00,20.00,0,0
2026-08-05 14:01:38,31.29,51.44,25.00,20.00,0,0
2026-08-05 14:01:39,31.29,51.44,25.00,20.00,0,0
2026-08-05 14:01:40,31.29,51.44,25.00,20.00,0,0
2026-08-05 14:01:41,31.29,51.44,25.00,20.00,0,0
2026-08-05 14:01:42,31.29,51.44,25.00,20.00,0,0
2026-08-05 14:01:43,31.29,51.44,25.00,20.00,0,0
2026-08-05 14:01:44,31.29,51.44,25.00,20.00,0,0
2026-08-05 14:01:45,31.29,51.44,25.00,20.00,0,0
2026-08-05 14:01:46,31.29,51.44,25.00,20.00,0,0
2026-08-05 14:01:47,31.29,51.44,25.00,20.00,0,0
2026-08-05 14:01:48,31.29,51.44,25.00,20.00,0,0
2026-08-05 14:01:49,31.29,51.44,25.00,20.00,0,0
2026-08-05 14:01:50,31.29,51.44,25.00,20.00,0,0
2026-08-05 14:01:51,31.28,51.44,25.00,20.00,0,0
2026-08-05 14:01:52,31.28,51.44,25.00,20.00,0,0
2026-08-05 14:01:53,31.29,51.44,25.00,20.00,0,0
2026-08-05 14:01:54,31.29,51.44,25.00,20.00,0,0
2026-08-05 14:01:55,31.29,51.44,25.00,20.00,0,0
2026-08-05 14:01:56,31.28,51.44,25.00,20.00,0,0
2026-08-05 14:01:57,31.28,51.44,25.00,20.00,0,0
2026-08-05 14:01:58,31.28,51.44,25.00,20.00,0,0
2026-08-05 14:01:59,31.28,51.44,25.00,20.00,0,0
2026-08-05 14:02:00,31.28,51.44,25.00,20.00,0,0
2026-08-05 14:02:01,31.28,51.44,25.00,20.00,0,0
2026-08-05 14:02:02,31.28,51.44,25.00,20.00,0,0
2026-08-05 14:02:03,31.28,51.44,25.00,20.00,0,0
2026-08-05 14:02:04,31.28,51.44,25.00,20.00,0,0
2026-08-05 14:02:05,31.28,51.44,25.00,20.00,0,0
2026-08-05 14:02:06,31.28,51.44,25.00,20.00,0,0
2026-08-05 14:02:07,31.28,51.44,25.00,20.00,0,0
2026-08-05 14:02:08,31.28,51.44,25.00,20.00,0,0
2026-08-05 14:02:09,31.28,51.44,25.00,20.00,0,0
2026-08-05 14:02:10,31.28,51.44,25.00,20.00,0,0
2026-08-05 14:02:11,31.28,51.44,25.00,20.00,0,0
2026-08-05 14:02:12,31.28,51.44,25.00,20.00,0,0
2026-08-05 14:02:13,31.28,51.44,25.00,20.00,0,0
2026-08-05 14:02:14,31.28,51.44,25.00,20.00,0,0
2026-08-05 14:02:15,31.28,51.44,25.00,20.00,0,0
2026-08-05 14:02:16,31.28,51.44,25.00,20.00,0,0
2026-08-05 14:02:17,31.28,51.44,25.00,20.00,0,0
2026-08-05 14:02:18,31.27,51.44,25.00,20.00,0,0
2026-08-05 14:02:19,31.28,51.44,25.00,20.00,0,0
2026-08-05 14:02:20,31.28,51.44,25.00,20.00,0,0
2026-08-05 14:02:21,31.28,51.44,25.00,20.00,0,0
2026-08-05 14:02:22,31.28,51.44,25.00,20.00,0,0
2026-08-05 14:02:23,31.27,51.44,25.00,20.00,0,0
2026-08-05 14:02:24,31.28,51.44,25.00,20.00,0,0
2026-08-05 14:02:25,31.27,51.44,25.00,20.00,0,0
2026-08-05 14:02:26,31.27,51.44,25.00,20.00,0,0
2026-08-05 14:02:27,31.27,51.44,25.00,20.00,0,0
2026-08-05 14:02:28,31.27,51.44,25.00,20.00,0,0
2026-08-05 14:02:29,31.27,51.44,25.00,20.00,0,0
2026-08-05 14:02:30,31.27,51.44,25.00,20.00,0,0
2026-08-05 14:02:31,31.27,51.44,25.00,20.00,0,0
2026-08-05 14:02:32,31.27,51.44,25.00,20.00,0,0
2026-08-05 14:02:33,31.27,51.44,25.00,20.00,0,0
2026-08-05 14:02:34,31.27,51.44,25.00,20.00,0,0
2026-08-05 14:02:35,31.27,51.44,25.00,20.00,0,0
2026-08-05 14:02:36,31.27,51.44,25.00,20.00,0,0
2026-08-05 14:02:37,31.27,51.44,25.00,20.00,0,0
2026-08-05 14:02:38,31.27,51.44,25.00,20.00,0,0
2026-08-05 14:02:39,31.27,51.44,25.00,20.00,0,0
2026-08-05 14:02:40,31.27,51.44,25.00,20.00,0,0
2026-08-05 14:02:41,31.27,51.44,25.00,20.00,0,0
2026-08-05 14:02:42,31.26,51.44,25.00,20.00,0,0
2026-08-05 14:02:43,31.27,51.44,25.00,20.00,0,0
2026-08-05 14:02:44,31.26,51.44,25.00,20.00,0,0
2026-08-05 14:02:45,31.27,51.44,25.00,20.00,0,0
2026-08-05 14:02:46,31.27,51.44,25.00,20.00,0,0
2026-08-05 14:02:47,31.27,51.44,25.00,20.00,0,0
2026-08-05 14:02:48,31.26,51.44,25.00,20.00,0,0
2026-08-05 14:02:49,31.26,51.44,25.00,20.00,0,0
2026-08-05 14:02:50,31.26,51.44,25.00,20.00,0,0
2026-08-05 14:02:51,31.26,51.44,25.00,20.00,0,0
2026-08-05 14:02:52,31.26,51.44,25.00,20.00,0,0
2026-08-05 14:02:53,31.26,51.44,25.00,20.00,0,0
2026-08-05 14:02:54,31.26,51.44,25.00,20.00,0,0
2026-08-05 14:02:55,31.26,51.44,25.00,20.00,0,0
2026-08-05 14:02:56,31.26,51.44,25.00,20.00,0,0
2026-08-05 14:02:57,31.26,51.44,25.00,20.00,0,0
2026-08-05 14:02:58,31.26,51.44,25.00,20.00,0,0
2026-08-05 14:02:59,31.26,51.44,25.00,20.00,0,0
2026-08-05 14:03:00,31.26,51.44,25.00,20.00,0,0
2026-08-05 14:03:01,31.26,51.44,25.00,20.00,0,0
2026-08-05 14:03:02,31.26,51.44,25.00,20.00,0,0
2026-08-05 14:03:03,31.26,51.44,25.00,20.00,0,0
2026-08-05 14:03:04,31.26,51.44,25.00,20.00,0,0
2026-08-05 14:03:05,31.26,51.44,25.00,20.00,0,0
2026-08-05 14:03:06,31.26,51.44,25.00,20.00,0,0
2026-08-05 14:03:07,31.25,51.44,25.00,20.00,0,0
2026-08-05 14:03:08,31.26,51.44,25.00,20.00,0,0
2026-08-05 14:03:09,31.26,51.44,25.00,20.00,0,0
2026-08-05 14:03:10,31.25,51.44,25.00,20.00,0,0
2026-08-05 14:03:11,31.26,51.44,25.00,20.00,0,0
2026-08-05 14:03:12,31.26,51.44,25.00,20.00,0,0
2026-08-05 14:03:13,31.26,51.44,25.00,20.00,0,0
2026-08-05 14:03:14,31.25,51.44,25.00,20.00,0,0
2026-08-05 14:03:15,31.25,51.44,25.00,20.00,0,0
2026-08-05 14:03:16,31.25,51.44,25.00,20.00,0,0
2026-08-05 14:03:17,31.25,51.44,25.00,20.00,0,0
2026-08-05 14:03:18,31.25,51.44,25.00,20.00,0,0
2026-08-05 14:03:19,31.25,51.44,25.00,20.00,0,0
2026-08-05 14:03:20,31.25,51.44,25.00,20.00,0,0
2026-08-05 14:03:21,31.25,51.44,25.00,20.00,0,0
2026-08-05 14:03:22,31.25,51.44,25.00,20.00,0,0
2026-08-05 14:03:23,31.25,51.44,25.00,20.00,0,0
2026-08-05 14:03:24,31.25,51.44,25.00,20.00,0,0
2026-08-05 14:03:25,31.25,51.44,25.00,20.00,0,0
2026-08-05 14:03:26,31.25,51.44,25.00,20.00,0,0
2026-08-05 14:03:27,31.25,51.44,25.00,20.00,0,0
2026-08-05 14:03:28,31.25,51.44,25.00,20.00,0,0
2026-08-05 14:03:29,31.25,51.47,25.00,20.00,0,0
2026-08-05 14:03:30,31.25,51.47,25.00,20.00,0,0
2026-08-05 14:03:31,31.25,51.47,25.00,20.00,0,0
2026-08-05 14:03:32,31.25,51.44,25.00,20.00,0,0
2026-08-05 14:03:33,31.25,51.47,25.00,20.00,0,0
2026-08-05 14:03:34,31.25,51.47,25.00,20.00,0,0
2026-08-05 14:03:35,31.25,51.47,25.00,20.00,0,0
2026-08-05 14:03:36,31.23,51.44,25.00,20.00,0,0
2026-08-05 14:03:37,31.25,51.47,25.00,20.00,0,0
2026-08-05 14:03:38,31.23,51.47,25.00,20.00,0,0
2026-08-05 14:03:39,31.23,51.47,25.00,20.00,0,0
2026-08-05 14:03:40,31.25,51.44,25.00,20.00,0,0
2026-08-05 14:03:41,31.23,51.44,25.00,20.00,0,0
2026-08-05 14:03:42,31.25,51.44,25.00,20.00,0,0
2026-08-05 14:03:43,31.23,51.44,25.00,20.00,0,0
2026-08-05 14:03:44,31.23,51.47,25.00,20.00,0,0
2026-08-05 14:03:45,31.23,51.44,25.00,20.00,0,0
2026-08-05 14:03:46,31.23,51.44,25.00,20.00,0,0
2026-08-05 14:03:47,31.23,51.44,25.00,20.00,0,0
2026-08-05 14:03:48,31.23,51.47,25.00,20.00,0,0
2026-08-05 14:03:49,31.25,51.44,25.00,20.00,0,0
2026-08-05 14:03:51,31.23,51.44,25.00,20.00,0,0
2026-08-05 14:03:52,31.23,51.47,25.00,20.00,0,0
2026-08-05 14:03:53,31.23,51.44,25.00,20.00,0,0
2026-08-05 14:03:54,31.23,51.47,25.00,20.00,0,0
2026-08-05 14:03:55,31.23,51.47,25.00,20.00,0,0
2026-08-05 14:03:56,31.23,51.44,25.00,20.00,0,0
2026-08-05 14:03:57,31.23,51.47,25.00,20.00,0,0
2026-08-05 14:03:58,31.23,51.44,25.00,20.00,0,0
2026-08-05 14:03:59,31.23,51.44,25.00,20.00,0,0
2026-08-05 14:04:00,31.23,51.47,25.00,20.00,0,0
2026-08-05 14:04:01,31.23,51.44,25.00,20.00,0,0
2026-08-05 14:04:02,31.23,51.47,25.00,20.00,0,0
2026-08-05 14:04:03,31.23,51.44,25.00,20.00,0,0
2026-08-05 14:04:04,31.23,51.44,25.00,20.00,0,0
2026-08-05 14:04:05,31.23,51.44,25.00,20.00,0,0
2026-08-05 14:04:06,31.23,51.47,25.00,20.00,0,0
2026-08-05 14:04:07,31.23,51.44,25.00,20.00,0,0
2026-08-05 14:04:08,31.23,51.47,25.00,20.00,0,0
2026-08-05 14:04:09,31.23,51.44,25.00,20.00,0,0
2026-08-05 14:04:10,31.22,51.47,25.00,20.00,0,0
2026-08-05 14:04:11,31.23,51.47,25.00,20.00,0,0
2026-08-05 14:04:12,31.22,51.44,25.00,20.00,0,0
2026-08-05 14:04:13,31.22,51.47,25.00,20.00,0,0
2026-08-05 14:04:14,31.22,51.47,25.00,20.00,0,0
2026-08-05 14:04:15,31.22,51.44,25.00,20.00,0,0
2026-08-05 14:04:16,31.22,51.47,25.00,20.00,0,0
2026-08-05 14:04:17,31.23,51.44,25.00,20.00,0,0
2026-08-05 14:04:18,31.22,51.44,25.00,20.00,0,0
2026-08-05 14:04:19,31.22,51.47,25.00,20.00,0,0
2026-08-05 14:04:20,31.22,51.47,25.00,20.00,0,0
2026-08-05 14:04:21,31.22,51.47,25.00,20.00,0,0
2026-08-05 14:04:22,31.22,51.47,25.00,20.00,0,0
2026-08-05 14:04:23,31.22,51.47,25.00,20.00,0,0
2026-08-05 14:04:24,31.22,51.47,25.00,20.00,0,0
2026-08-05 14:04:25,31.22,51.44,25.00,20.00,0,0
2026-08-05 14:04:26,31.22,51.47,25.00,20.00,0,0
2026-08-05 14:04:27,31.22,51.44,25.00,20.00,0,0
2026-08-05 14:04:28,31.22,51.47,25.00,20.00,0,0
2026-08-05 14:04:29,31.22,51.44,25.00,20.00,0,0
2026-08-05 14:04:30,31.22,51.44,25.00,20.00,0,0
2026-08-05 14:04:31,31.22,51.44,25.00,20.00,0,0
2026-08-05 14:04:32,31.22,51.47,25.00,20.00,0,0
2026-08-05 14:04:33,31.22,51.47,25.00,20.00,0,0
2026-08-05 14:04:34,31.22,51.47,25.00,20.00,0,0
2026-08-05 14:04:35,31.22,51.44,25.00,20.00,0,0
2026-08-05 14:04:36,31.21,51.47,25.00,20.00,0,0
2026-08-05 14:04:37,31.22,51.47,25.00,20.00,0,0
2026-08-05 14:04:38,31.22,51.44,25.00,20.00,0,0
2026-08-05 14:04:39,31.21,51.44,25.00,20.00,0,0
2026-08-05 14:04:40,31.21,51.44,25.00,20.00,0,0
2026-08-05 14:04:41,31.21,51.44,25.00,20.00,0,0
2026-08-05 14:04:42,31.21,51.44,25.00,20.00,0,0
2026-08-05 14:04:43,31.21,51.44,25.00,20.00,0,0
2026-08-05 14:04:44,31.21,51.44,25.00,20.00,0,0
2026-08-05 14:04:45,31.21,51.44,25.00,20.00,0,0
2026-08-05 14:04:46,31.21,51.44,25.00,20.00,0,0
2026-08-05 14:04:47,31.21,51.44,25.00,20.00,0,0
2026-08-05 14:04:48,31.21,51.44,25.00,20.00,0,0
2026-08-05 14:04:49,31.21,51.44,25.00,20.00,0,0
2026-08-05 14:04:50,31.21,51.44,25.00,20.00,0,0
2026-08-05 14:04:51,31.21,51.44,25.00,20.00,0,0
2026-08-05 14:04:52,31.21,51.44,25.00,20.00,0,0
2026-08-05 14:04:53,31.21,51.44,25.00,20.00,0,0
2026-08-05 14:04:54,31.21,51.44,25.00,20.00,0,0
2026-08-05 14:04:55,31.21,51.44,25.00,20.00,0,0
2026-08-05 14:04:56,31.21,51.44,25.00,20.00,0,0
2026-08-05 14:04:57,31.21,51.44,25.00,20.00,0,0
2026-08-05 14:04:58,31.21,51.44,25.00,20.00,0,0
2026-08-05 14:04:59,31.21,51.44,25.00,20.00,0,0
2026-08-05 14:05:00,31.21,51.44,25.00,20.00,0,0
2026-08-05 14:05:01,31.20,51.44,25.00,20.00,0,0
2026-08-05 14:05:02,31.20,51.44,25.00,20.00,0,0
2026-08-05 14:05:03,31.21,51.44,25.00,20.00,0,0
2026-08-05 14:05:04,31.20,51.44,25.00,20.00,0,0
2026-08-05 14:05:05,31.20,51.44,25.00,20.00,0,0
2026-08-05 14:05:06,31.20,51.44,25.00,20.00,0,0
2026-08-05 14:05:07,31.20,51.44,25.00,20.00,0,0
2026-08-05 14:05:08,31.20,51.44,25.00,20.00,0,0
2026-08-05 14:05:09,31.20,51.44,25.00,20.00,0,0
2026-08-05 14:05:10,31.20,51.44,25.00,20.00,0,0
2026-08-05 14:05:11,31.20,51.44,25.00,20.00,0,0
2026-08-05 14:05:12,31.20,51.44,25.00,20.00,0,0
2026-08-05 14:05:13,31.20,51.44,25.00,20.00,0,0
2026-08-05 14:05:14,31.20,51.44,25.00,20.00,0,0
2026-08-05 14:05:15,31.20,51.44,25.00,20.00,0,0
2026-08-05 14:05:16,31.20,51.44,25.00,20.00,0,0
2026-08-05 14:05:17,31.20,51.44,25.00,20.00,0,0
2026-08-05 14:05:18,31.20,51.44,25.00,20.00,0,0
2026-08-05 14:05:19,31.20,51.44,25.00,20.00,0,0
2026-08-05 14:05:20,31.20,51.44,25.00,20.00,0,0
2026-08-05 14:05:21,31.20,51.44,25.00,20.00,0,0
2026-08-05 14:05:22,31.20,51.44,25.00,20.00,0,0
2026-08-05 14:05:23,31.20,51.44,25.00,20.00,0,0
2026-08-05 14:05:24,31.20,51.44,25.00,20.00,0,0
2026-08-05 14:05:25,31.19,51.44,25.00,20.00,0,0
2026-08-05 14:05:26,31.20,51.44,25.00,20.00,0,0
2026-08-05 14:05:27,31.20,51.44,25.00,20.00,0,0
2026-08-05 14:05:28,31.19,51.44,25.00,20.00,0,0
2026-08-05 14:05:29,31.19,51.44,25.00,20.00,0,0
2026-08-05 14:05:30,31.19,51.44,25.00,20.00,0,0
2026-08-05 14:05:31,31.19,51.44,25.00,20.00,0,0
2026-08-05 14:05:32,31.19,51.44,25.00,20.00,0,0
2026-08-05 14:05:33,31.19,51.44,25.00,20.00,0,0
2026-08-05 14:05:34,31.19,51.44,25.00,20.00,0,0
2026-08-05 14:05:35,31.19,51.44,25.00,20.00,0,0
2026-08-05 14:05:36,31.19,51.44,25.00,20.00,0,0
2026-08-05 14:05:37,31.19,51.44,25.00,20.00,0,0
2026-08-05 14:05:38,31.19,51.44,25.00,20.00,0,0
2026-08-05 14:05:39,31.19,51.44,25.00,20.00,0,0
2026-08-05 14:05:40,31.19,51.44,25.00,20.00,0,0
2026-08-05 14:05:41,31.19,51.44,25.00,20.00,0,0
2026-08-05 14:05:42,31.19,51.44,25.00,20.00,0,0
2026-08-05 14:05:43,31.19,51.44,25.00,20.00,0,0
2026-08-05 14:05:44,31.19,51.44,25.00,20.00,0,0
2026-08-05 14:05:45,31.19,51.44,25.00,20.00,0,0
2026-08-05 14:05:46,31.19,51.44,25.00,20.00,0,0
2026-08-05 14:05:47,31.18,51.44,25.00,20.00,0,0
2026-08-05 14:05:48,31.19,51.44,25.00,20.00,0,0
2026-08-05 14:05:49,31.19,51.44,25.00,20.00,0,0
2026-08-05 14:05:50,31.19,51.44,25.00,20.00,0,0
2026-08-05 14:05:51,31.19,51.44,25.00,20.00,0,0
2026-08-05 14:05:52,31.19,51.44,25.00,20.00,0,0
2026-08-05 14:05:53,31.19,51.44,25.00,20.00,0,0
2026-08-05 14:05:54,31.18,51.44,25.00,20.00,0,0
2026-08-05 14:05:55,31.19,51.44,25.00,20.00,0,0
2026-08-05 14:05:56,31.18,51.44,25.00,20.00,0,0
2026-08-05 14:05:57,31.18,51.44,25.00,20.00,0,0
2026-08-05 14:05:58,31.18,51.44,25.00,20.00,0,0
2026-08-05 14:05:59,31.19,51.44,25.00,20.00,0,0
2026-08-05 14:06:00,31.18,51.44,25.00,20.00,0,0
2026-08-05 14:06:01,31.19,51.44,25.00,20.00,0,0
2026-08-05 14:06:02,31.18,51.44,25.00,20.00,0,0
2026-08-05 14:06:03,31.18,51.44,25.00,20.00,0,0
2026-08-05 14:06:04,31.18,51.44,25.00,20.00,0,0
2026-08-05 14:06:05,31.18,51.44,25.00,20.00,0,0
2026-08-05 14:06:06,31.18,51.44,25.00,20.00,0,0
2026-08-05 14:06:07,31.18,51.44,25.00,20.00,0,0
2026-08-05 14:06:08,31.18,51.44,25.00,20.00,0,0
2026-08-05 14:06:09,31.18,51.44,25.00,20.00,0,0
2026-08-05 14:06:10,31.18,51.44,25.00,20.00,0,0
2026-08-05 14:06:11,31.18,51.44,25.00,20.00,0,0
2026-08-05 14:06:12,31.18,51.44,25.00,20.00,0,0
2026-08-05 14:06:13,31.18,51.44,25.00,20.00,0,0
2026-08-05 14:06:14,31.18,51.44,25.00,20.00,0,0
2026-08-05 14:06:15,31.18,51.44,25.00,20.00,0,0
2026-08-05 14:06:16,31.18,51.44,25.00,20.00,0,0
2026-08-05 14:06:17,31.18,51.44,25.00,20.00,0,0
2026-08-05 14:06:18,31.18,51.44,25.00,20.00,0,0
2026-08-05 14:06:19,31.17,51.44,25.00,20.00,0,0
2026-08-05 14:06:20,31.18,51.44,25.00,20.00,0,0
2026-08-05 14:06:21,31.18,51.44,25.00,20.00,0,0
2026-08-05 14:06:22,31.18,51.44,25.00,20.00,0,0
2026-08-05 14:06:23,31.17,51.44,25.00,20.00,0,0
2026-08-05 14:06:24,31.18,51.44,25.00,20.00,0,0
2026-08-05 14:06:25,31.17,51.44,25.00,20.00,0,0
2026-08-05 14:06:26,31.17,51.44,25.00,20.00,0,0
2026-08-05 14:06:27,31.17,51.44,25.00,20.00,0,0
2026-08-05 14:06:28,31.17,51.44,25.00,20.00,0,0
2026-08-05 14:06:29,31.17,51.44,25.00,20.00,0,0
2026-08-05 14:06:30,31.17,51.44,25.00,20.00,0,0
2026-08-05 14:06:31,31.17,51.44,25.00,20.00,0,0
2026-08-05 14:06:32,31.17,51.44,25.00,20.00,0,0
2026-08-05 14:06:33,31.17,51.44,25.00,20.00,0,0
2026-08-05 14:06:34,31.17,51.44,25.00,20.00,0,0
2026-08-05 14:06:35,31.17,51.44,25.00,20.00,0,0
2026-08-05 14:06:36,31.17,51.44,25.00,20.00,0,0
2026-08-05 14:06:37,31.17,51.44,25.00,20.00,0,0
2026-08-05 14:06:38,31.17,51.44,25.00,20.00,0,0
2026-08-05 14:06:39,31.17,51.44,25.00,20.00,0,0
2026-08-05 14:06:40,31.17,51.44,25.00,20.00,0,0
2026-08-05 14:06:41,31.16,51.44,25.00,20.00,0,0
2026-08-05 14:06:42,31.17,51.44,25.00,20.00,0,0
2026-08-05 14:06:43,31.17,51.44,25.00,20.00,0,0
2026-08-05 14:06:44,31.16,51.44,25.00,20.00,0,0
2026-08-05 14:06:45,31.17,51.44,25.00,20.00,0,0
2026-08-05 14:06:46,31.17,51.44,25.00,20.00,0,0
2026-08-05 14:06:47,31.16,51.44,25.00,20.00,0,0
2026-08-05 14:06:48,31.16,51.44,25.00,20.00,0,0
2026-08-05 14:06:49,31.16,51.44,25.00,20.00,0,0
2026-08-05 14:06:50,31.16,51.44,25.00,20.00,0,0
2026-08-05 14:06:51,31.16,51.44,25.00,20.00,0,0
2026-08-05 14:06:52,31.17,51.44,25.00,20.00,0,0
2026-08-05 14:06:53,31.16,51.44,25.00,20.00,0,0
2026-08-05 14:06:54,31.16,51.44,25.00,20.00,0,0
2026-08-05 14:06:55,31.16,51.44,25.00,20.00,0,0
2026-08-05 14:06:56,31.16,51.44,25.00,20.00,0,0
2026-08-05 14:06:57,31.16,51.44,25.00,20.00,0,0
2026-08-05 14:06:58,31.16,51.44,25.00,20.00,0,0
2026-08-05 14:06:59,31.16,51.44,25.00,20.00,0,0
2026-08-05 14:07:00,31.16,51.44,25.00,20.00,0,0
2026-08-05 14:07:01,31.16,51.44,25.00,20.00,0,0
2026-08-05 14:07:02,31.16,51.44,25.00,20.00,0,0
2026-08-05 14:07:03,31.16,51.44,25.00,20.00,0,0
2026-08-05 14:07:04,31.16,51.44,25.00,20.00,0,0
2026-08-05 14:07:05,31.16,51.44,25.00,20.00,0,0
2026-08-05 14:07:06,31.16,51.44,25.00,20.00,0,0
2026-08-05 14:07:07,31.16,51.44,25.00,20.00,0,0
2026-08-05 14:07:08,31.16,51.44,25.00,20.00,0,0
2026-08-05 14:07:09,31.16,51.44,25.00,20.00,0,0
2026-08-05 14:07:10,31.16,51.44,25.00,20.00,0,0
2026-08-05 14:07:11,31.15,51.44,25.00,20.00,0,0
2026-08-05 14:07:12,31.15,51.44,25.00,20.00,0,0
2026-08-05 14:07:13,31.15,51.44,25.00,20.00,0,0
2026-08-05 14:07:14,31.15,51.44,25.00,20.00,0,0
2026-08-05 14:07:15,31.16,51.44,25.00,20.00,0,0
2026-08-05 14:07:16,31.16,51.44,25.00,20.00,0,0
2026-08-05 14:07:17,31.16,51.44,25.00,20.00,0,0
2026-08-05 14:07:18,31.15,51.44,25.00,20.00,0,0
2026-08-05 14:07:19,31.15,51.44,25.00,20.00,0,0
2026-08-05 14:07:20,31.16,51.44,25.00,20.00,0,0
2026-08-05 14:07:21,31.15,51.44,25.00,20.00,0,0
2026-08-05 14:07:22,31.15,51.44,25.00,20.00,0,0
2026-08-05 14:07:23,31.15,51.44,25.00,20.00,0,0
2026-08-05 14:07:24,31.15,51.44,25.00,20.00,0,0
2026-08-05 14:07:25,31.15,51.44,25.00,20.00,0,0
2026-08-05 14:07:26,31.15,51.44,25.00,20.00,0,0
2026-08-05 14:07:27,31.15,51.44,25.00,20.00,0,0
2026-08-05 14:07:28,31.15,51.44,25.00,20.00,0,0
2026-08-05 14:07:29,31.15,51.44,25.00,20.00,0,0
2026-08-05 14:07:30,31.15,51.44,25.00,20.00,0,0
2026-08-05 14:07:31,31.15,51.44,25.00,20.00,0,0
2026-08-05 14:07:32,31.15,51.44,25.00,20.00,0,0
2026-08-05 14:07:33,31.15,51.44,25.00,20.00,0,0
2026-08-05 14:07:34,31.15,51.44,25.00,20.00,0,0
2026-08-05 14:07:35,31.15,51.44,25.00,20.00,0,0
2026-08-05 14:07:36,31.15,51.44,25.00,20.00,0,0
2026-08-05 14:07:37,31.15,51.44,25.00,20.00,0,0
2026-08-05 14:07:38,31.15,51.44,25.00,20.00,0,0
2026-08-05 14:07:39,31.15,51.44,25.00,20.00,0,0
2026-08-05 14:07:40,31.15,51.44,25.00,20.00,0,0
2026-08-05 14:07:41,31.15,51.44,25.00,20.00,0,0
2026-08-05 14:07:42,31.15,51.44,25.00,20.00,0,0
2026-08-05 14:07:43,31.14,51.44,25.00,20.00,0,0
2026-08-05 14:07:44,31.14,51.44,25.00,20.00,0,0
2026-08-05 14:07:45,31.14,51.44,25.00,20.00,0,0
2026-08-05 14:07:46,31.14,51.44,25.00,20.00,0,0
2026-08-05 14:07:47,31.14,51.44,25.00,20.00,0,0
2026-08-05 14:07:48,31.14,51.44,25.00,20.00,0,0
2026-08-05 14:07:49,31.14,51.44,25.00,20.00,0,0
2026-08-05 14:07:50,31.14,51.44,25.00,20.00,0,0
2026-08-05 14:07:51,31.14,51.44,25.00,20.00,0,0
2026-08-05 14:07:52,31.14,51.44,25.00,20.00,0,0
2026-08-05 14:07:53,31.14,51.44,25.00,20.00,0,0
2026-08-05 14:07:54,31.14,51.44,25.00,20.00,0,0
2026-08-05 14:07:55,31.14,51.44,25.00,20.00,0,0
2026-08-05 14:07:56,31.14,51.44,25.00,20.00,0,0
2026-08-05 14:07:57,31.14,51.44,25.00,20.00,0,0
2026-08-05 14:07:58,31.14,51.44,25.00,20.00,0,0
2026-08-05 14:07:59,31.14,51.44,25.00,20.00,0,0
2026-08-05 14:08:00,31.14,51.44,25.00,20.00,0,0
2026-08-05 14:08:01,31.13,51.44,25.00,20.00,0,0
2026-08-05 14:08:02,31.14,51.44,25.00,20.00,0,0
2026-08-05 14:08:03,31.14,51.44,25.00,20.00,0,0
2026-08-05 14:08:04,31.14,51.44,25.00,20.00,0,0
2026-08-05 14:08:05,31.13,51.44,25.00,20.00,0,0
2026-08-05 14:08:06,31.14,51.44,25.00,20.00,0,0
2026-08-05 14:08:07,31.14,51.44,25.00,20.00,0,0
2026-08-05 14:08:08,31.13,51.44,25.00,20.00,0,0
2026-08-05 14:08:09,31.13,51.44,25.00,20.00,0,0
2026-08-05 14:08:10,31.14,51.44,25.00,20.00,0,0
2026-08-05 14:08:11,31.13,51.44,25.00,20.00,0,0
2026-08-05 14:08:12,31.13,51.44,25.00,20.00,0,0
2026-08-05 14:08:13,31.13,51.44,25.00,20.00,0,0
2026-08-05 14:08:14,31.13,51.44,25.00,20.00,0,0
2026-08-05 14:08:15,31.13,51.44,25.00,20.00,0,0
2026-08-05 14:08:16,31.14,51.44,25.00,20.00,0,0
2026-08-05 14:08:17,31.14,51.44,25.00,20.00,0,0
2026-08-05 14:08:18,31.13,51.44,25.00,20.00,0,0
2026-08-05 14:08:19,31.13,51.44,25.00,20.00,0,0
2026-08-05 14:08:20,31.13,51.44,25.00,20.00,0,0
2026-08-05 14:08:21,31.13,51.44,25.00,20.00,0,0
2026-08-05 14:08:22,31.13,51.44,25.00,20.00,0,0
2026-08-05 14:08:23,31.13,51.44,25.00,20.00,0,0
2026-08-05 14:08:24,31.13,51.44,25.00,20.00,0,0
2026-08-05 14:08:25,31.13,51.44,25.00,20.00,0,0
2026-08-05 14:08:26,31.13,51.44,25.00,20.00,0,0
2026-08-05 14:08:27,31.13,51.44,25.00,20.00,0,0
2026-08-05 14:08:28,31.13,51.47,25.00,20.00,0,0
2026-08-05 14:08:29,31.13,51.44,25.00,20.00,0,0
2026-08-05 14:08:30,31.13,51.44,25.00,20.00,0,0
2026-08-05 14:08:31,31.13,51.44,25.00,20.00,0,0
2026-08-05 14:08:32,31.13,51.44,25.00,20.00,0,0
2026-08-05 14:08:33,31.13,51.44,25.00,20.00,0,0
2026-08-05 14:08:34,31.13,51.44,25.00,20.00,0,0
2026-08-05 14:08:35,31.13,51.44,25.00,20.00,0,0
2026-08-05 14:08:36,31.13,51.44,25.00,20.00,0,0
2026-08-05 14:08:37,31.12,51.44,25.00,20.00,0,0
2026-08-05 14:08:38,31.12,51.44,25.00,20.00,0,0
2026-08-05 14:08:39,31.13,51.47,25.00,20.00,0,0
2026-08-05 14:08:40,31.13,51.44,25.00,20.00,0,0
2026-08-05 14:08:41,31.12,51.44,25.00,20.00,0,0
2026-08-05 14:08:42,31.13,51.44,25.00,20.00,0,0
2026-08-05 14:08:43,31.12,51.44,25.00,20.00,0,0
2026-08-05 14:08:44,31.12,51.44,25.00,20.00,0,0
2026-08-05 14:08:45,31.12,51.44,25.00,20.00,0,0
2026-08-05 14:08:46,31.12,51.44,25.00,20.00,0,0
2026-08-05 14:08:47,31.13,51.44,25.00,20.00,0,0
2026-08-05 14:08:48,31.13,51.44,25.00,20.00,0,0
2026-08-05 14:08:49,31.13,51.44,25.00,20.00,0,0
2026-08-05 14:08:50,31.12,51.44,25.00,20.00,0,0
2026-08-05 14:08:51,31.12,51.44,25.00,20.00,0,0
2026-08-05 14:08:52,31.12,51.44,25.00,20.00,0,0
2026-08-05 14:08:53,31.12,51.44,25.00,20.00,0,0
2026-08-05 14:08:54,31.13,51.44,25.00,20.00,0,0
2026-08-05 14:08:55,31.12,51.44,25.00,20.00,0,0
2026-08-05 14:08:56,31.12,51.44,25.00,20.00,0,0
2026-08-05 14:08:57,31.12,51.44,25.00,20.00,0,0
2026-08-05 14:08:58,31.12,51.44,25.00,20.00,0,0
2026-08-05 14:08:59,31.12,51.44,25.00,20.00,0,0
2026-08-05 14:09:00,31.12,51.44,25.00,20.00,0,0
2026-08-05 14:09:01,31.12,51.47,25.00,20.00,0,0
2026-08-05 14:09:02,31.12,51.44,25.00,20.00,0,0
2026-08-05 14:09:03,31.12,51.44,25.00,20.00,0,0
2026-08-05 14:09:04,31.11,51.47,25.00,20.00,0,0
2026-08-05 14:09:05,31.12,51.44,25.00,20.00,0,0
2026-08-05 14:09:06,31.12,51.44,25.00,20.00,0,0
2026-08-05 14:09:07,31.12,51.44,25.00,20.00,0,0
2026-08-05 14:09:08,31.12,51.44,25.00,20.00,0,0
2026-08-05 14:09:09,31.11,51.44,25.00,20.00,0,0
2026-08-05 14:09:10,31.11,51.44,25.00,20.00,0,0
2026-08-05 14:09:11,31.11,51.44,25.00,20.00,0,0
2026-08-05 14:09:12,31.11,51.44,25.00,20.00,0,0
2026-08-05 14:09:13,31.11,51.44,25.00,20.00,0,0
2026-08-05 14:09:14,31.11,51.44,25.00,20.00,0,0
2026-08-05 14:09:15,31.12,51.44,25.00,20.00,0,0
2026-08-05 14:09:16,31.11,51.44,25.00,20.00,0,0
2026-08-05 14:09:17,31.11,51.44,25.00,20.00,0,0
2026-08-05 14:09:18,31.11,51.44,25.00,20.00,0,0
2026-08-05 14:09:19,31.11,51.44,25.00,20.00,0,0
2026-08-05 14:09:20,31.11,51.44,25.00,20.00,0,0
2026-08-05 14:09:21,31.11,51.44,25.00,20.00,0,0
2026-08-05 14:09:22,31.11,51.44,25.00,20.00,0,0
2026-08-05 14:09:23,31.11,51.44,25.00,20.00,0,0
2026-08-05 14:09:24,31.11,51.44,25.00,20.00,0,0
2026-08-05 14:09:25,31.11,51.44,25.00,20.00,0,0
2026-08-05 14:09:26,31.11,51.44,25.00,20.00,0,0
2026-08-05 14:09:27,31.11,51.44,25.00,20.00,0,0
2026-08-05 14:09:28,31.11,51.44,25.00,20.00,0,0
2026-08-05 14:09:29,31.11,51.44,25.00,20.00,0,0
2026-08-05 14:09:30,31.11,51.44,25.00,20.00,0,0
2026-08-05 14:09:31,31.11,51.44,25.00,20.00,0,0
2026-08-05 14:09:32,31.11,51.44,25.00,20.00,0,0
2026-08-05 14:09:33,31.10,51.47,25.00,20.00,0,0
2026-08-05 14:09:34,31.11,51.44,25.00,20.00,0,0
2026-08-05 14:09:35,31.11,51.44,25.00,20.00,0,0
2026-08-05 14:09:36,31.11,51.44,25.00,20.00,0,0
2026-08-05 14:09:37,31.11,51.44,25.00,20.00,0,0
2026-08-05 14:09:38,31.11,51.44,25.00,20.00,0,0
2026-08-05 14:09:39,31.10,51.44,25.00,20.00,0,0
2026-08-05 14:09:40,31.11,51.44,25.00,20.00,0,0
2026-08-05 14:09:41,31.11,51.44,25.00,20.00,0,0
2026-08-05 14:09:42,31.11,51.44,25.00,20.00,0,0
2026-08-05 14:09:43,31.10,51.44,25.00,20.00,0,0
2026-08-05 14:09:44,31.10,51.44,25.00,20.00,0,0
2026-08-05 14:09:45,31.10,51.44,25.00,20.00,0,0
2026-08-05 14:09:46,31.10,51.44,25.00,20.00,0,0
2026-08-05 14:09:47,31.10,51.47,25.00,20.00,0,0
2026-08-05 14:09:48,31.10,51.44,25.00,20.00,0,0
2026-08-05 14:09:49,31.10,51.44,25.00,20.00,0,0
2026-08-05 14:09:50,31.10,51.47,25.00,20.00,0,0
2026-08-05 14:09:51,31.10,51.44,25.00,20.00,0,0
2026-08-05 14:09:52,31.10,51.44,25.00,20.00,0,0
2026-08-05 14:09:53,31.10,51.44,25.00,20.00,0,0
2026-08-05 14:09:54,31.10,51.44,25.00,20.00,0,0
2026-08-05 14:09:55,31.10,51.44,25.00,20.00,0,0
2026-08-05 14:09:56,31.10,51.47,25.00,20.00,0,0
2026-08-05 14:09:57,31.10,51.44,25.00,20.00,0,0
2026-08-05 14:09:58,31.10,51.44,25.00,20.00,0,0
2026-08-05 14:09:59,31.10,51.44,25.00,20.00,0,0
2026-08-05 14:10:00,31.10,51.44,25.00,20.00,0,0
2026-08-05 14:10:01,31.10,51.47,25.00,20.00,0,0
2026-08-05 14:10:02,31.10,51.44,25.00,20.00,0,0
2026-08-05 14:10:03,31.10,51.44,25.00,20.00,0,0
2026-08-05 14:10:04,31.08,51.44,25.00,20.00,0,0
2026-08-05 14:10:05,31.10,51.44,25.00,20.00,0,0
2026-08-05 14:10:06,31.10,51.44,25.00,20.00,0,0
2026-08-05 14:10:07,31.10,51.44,25.00,20.00,0,0
2026-08-05 14:10:08,31.08,51.44,25.00,20.00,0,0
2026-08-05 14:10:09,31.10,51.47,25.00,20.00,0,0
2026-08-05 14:10:10,31.10,51.47,25.00,20.00,0,0
2026-08-05 14:10:11,31.10,51.47,25.00,20.00,0,0
2026-08-05 14:10:12,31.08,51.44,25.00,20.00,0,0
2026-08-05 14:10:13,31.10,51.44,25.00,20.00,0,0
2026-08-05 14:10:14,31.08,51.44,25.00,20.00,0,0
2026-08-05 14:10:15,31.08,51.44,25.00,20.00,0,0
2026-08-05 14:10:16,31.08,51.44,25.00,20.00,0,0
2026-08-05 14:10:17,31.08,51.44,25.00,20.00,0,0
2026-08-05 14:10:18,31.08,51.44,25.00,20.00,0,0
2026-08-05 14:10:19,31.08,51.44,25.00,20.00,0,0
2026-08-05 14:10:20,31.08,51.47,25.00,20.00,0,0
2026-08-05 14:10:21,31.08,51.44,25.00,20.00,0,0
2026-08-05 14:10:22,31.08,51.44,25.00,20.00,0,0
2026-08-05 14:10:23,31.08,51.44,25.00,20.00,0,0
2026-08-05 14:10:24,31.08,51.44,25.00,20.00,0,0
2026-08-05 14:10:25,31.08,51.44,25.00,20.00,0,0
2026-08-05 14:10:26,31.08,51.44,25.00,20.00,0,0
2026-08-05 14:10:27,31.08,51.44,25.00,20.00,0,0
2026-08-05 14:10:28,31.08,51.44,25.00,20.00,0,0
2026-08-05 14:10:29,31.08,51.44,25.00,20.00,0,0
2026-08-05 14:10:30,31.08,51.44,25.00,20.00,0,0
2026-08-05 14:10:31,31.08,51.47,25.00,20.00,0,0
2026-08-05 14:10:32,31.08,51.47,25.00,20.00,0,0
2026-08-05 14:10:33,31.08,51.47,25.00,20.00,0,0
2026-08-05 14:10:34,31.08,51.44,25.00,20.00,0,0
2026-08-05 14:10:35,31.08,51.44,25.00,20.00,0,0
2026-08-05 14:10:36,31.08,51.47,25.00,20.00,0,0
2026-08-05 14:10:37,31.08,51.44,25.00,20.00,0,0
2026-08-05 14:10:38,31.08,51.47,25.00,20.00,0,0
2026-08-05 14:10:39,31.08,51.47,25.00,20.00,0,0
2026-08-05 14:10:40,31.08,51.44,25.00,20.00,0,0
2026-08-05 14:10:41,31.08,51.44,25.00,20.00,0,0
2026-08-05 14:10:42,31.08,51.44,25.00,20.00,0,0
2026-08-05 14:10:43,31.08,51.44,25.00,20.00,0,0
2026-08-05 14:10:44,31.07,51.44,25.00,20.00,0,0
2026-08-05 14:10:45,31.07,51.44,25.00,20.00,0,0
2026-08-05 14:10:46,31.07,51.44,25.00,20.00,0,0
2026-08-05 14:10:47,31.08,51.47,25.00,20.00,0,0
2026-08-05 14:10:48,31.07,51.47,25.00,20.00,0,0
2026-08-05 14:10:49,31.07,51.47,25.00,20.00,0,0
2026-08-05 14:10:50,31.07,51.44,25.00,20.00,0,0
2026-08-05 14:10:51,31.07,51.44,25.00,20.00,0,0
2026-08-05 14:10:52,31.07,51.44,25.00,20.00,0,0
2026-08-05 14:10:53,31.07,51.44,25.00,20.00,0,0
2026-08-05 14:10:54,31.07,51.44,25.00,20.00,0,0
2026-08-05 14:10:55,31.07,51.47,25.00,20.00,0,0
2026-08-05 14:10:56,31.07,51.47,25.00,20.00,0,0
2026-08-05 14:10:57,31.07,51.44,25.00,20.00,0,0
2026-08-05 14:10:58,31.07,51.47,25.00,20.00,0,0
2026-08-05 14:10:59,31.07,51.44,25.00,20.00,0,0
2026-08-05 14:11:00,31.07,51.44,25.00,20.00,0,0
2026-08-05 14:11:01,31.07,51.44,25.00,20.00,0,0
2026-08-05 14:11:02,31.07,51.47,25.00,20.00,0,0
2026-08-05 14:11:03,31.07,51.47,25.00,20.00,0,0
2026-08-05 14:11:04,31.07,51.47,25.00,20.00,0,0
2026-08-05 14:11:05,31.07,51.47,25.00,20.00,0,0
2026-08-05 14:11:06,31.07,51.44,25.00,20.00,0,0
2026-08-05 14:11:07,31.07,51.44,25.00,20.00,0,0
2026-08-05 14:11:08,31.06,51.47,25.00,20.00,0,0
2026-08-05 14:11:09,31.06,51.41,25.00,20.00,0,0
2026-08-05 14:11:10,31.06,51.44,25.00,20.00,0,0
2026-08-05 14:11:11,31.06,51.44,25.00,20.00,0,0
2026-08-05 14:11:12,31.06,51.44,25.00,20.00,0,0
2026-08-05 14:11:13,31.06,51.44,25.00,20.00,0,0
2026-08-05 14:11:14,31.06,51.44,25.00,20.00,0,0
2026-08-05 14:11:15,31.06,51.41,25.00,20.00,0,0
2026-08-05 14:11:16,31.06,51.44,25.00,20.00,0,0
2026-08-05 14:11:17,31.06,51.44,25.00,20.00,0,0
2026-08-05 14:11:18,31.06,51.41,25.00,20.00,0,0
2026-08-05 14:11:19,31.06,51.44,25.00,20.00,0,0
2026-08-05 14:11:20,31.06,51.44,25.00,20.00,0,0
2026-08-05 14:11:21,31.06,51.44,25.00,20.00,0,0
2026-08-05 14:11:22,31.06,51.41,25.00,20.00,0,0
2026-08-05 14:11:23,31.06,51.45,25.00,20.00,0,0
2026-08-05 14:11:24,31.06,51.41,25.00,20.00,0,0
2026-08-05 14:11:25,31.06,51.47,25.00,20.00,0,0
2026-08-05 14:11:26,31.06,51.41,25.00,20.00,0,0
2026-08-05 14:11:27,31.06,51.41,25.00,20.00,0,0
2026-08-05 14:11:28,31.06,51.41,25.00,20.00,0,0
2026-08-05 14:11:29,31.06,51.44,25.00,20.00,0,0
2026-08-05 14:11:30,31.06,51.44,25.00,20.00,0,0
2026-08-05 14:11:31,31.06,51.41,25.00,20.00,0,0
2026-08-05 14:11:32,31.06,51.44,25.00,20.00,0,0
2026-08-05 14:11:33,31.06,51.41,25.00,20.00,0,0
2026-08-05 14:11:34,31.06,51.41,25.00,20.00,0,0
2026-08-05 14:11:35,31.06,51.45,25.00,20.00,0,0
2026-08-05 14:11:36,31.06,51.44,25.00,20.00,0,0
2026-08-05 14:11:37,31.06,51.41,25.00,20.00,0,0
2026-08-05 14:11:38,31.06,51.41,25.00,20.00,0,0
2026-08-05 14:11:39,31.06,51.44,25.00,20.00,0,0
2026-08-05 14:11:40,31.06,51.41,25.00,20.00,0,0
2026-08-05 14:11:41,31.06,51.41,25.00,20.00,0,0
2026-08-05 14:11:42,31.05,51.41,25.00,20.00,0,0
2026-08-05 14:11:43,31.05,51.41,25.00,20.00,0,0
2026-08-05 14:11:44,31.06,51.41,25.00,20.00,0,0
2026-08-05 14:11:45,31.06,51.41,25.00,20.00,0,0
2026-08-05 14:11:46,31.06,51.41,25.00,20.00,0,0
2026-08-05 14:11:47,31.05,51.41,25.00,20.00,0,0
2026-08-05 14:11:48,31.05,51.41,25.00,20.00,0,0
2026-08-05 14:11:49,31.05,51.41,25.00,20.00,0,0
2026-08-05 14:11:50,31.06,51.41,25.00,20.00,0,0
2026-08-05 14:11:51,31.05,51.41,25.00,20.00,0,0
2026-08-05 14:11:52,31.05,51.41,25.00,20.00,0,0
2026-08-05 14:11:53,31.06,51.41,25.00,20.00,0,0
2026-08-05 14:11:54,31.05,51.41,25.00,20.00,0,0
2026-08-05 14:11:55,31.05,51.41,25.00,20.00,0,0
2026-08-05 14:11:56,31.05,51.41,25.00,20.00,0,0
2026-08-05 14:11:57,31.05,51.41,25.00,20.00,0,0
2026-08-05 14:11:58,31.05,51.41,25.00,20.00,0,0
2026-08-05 14:11:59,31.05,51.41,25.00,20.00,0,0
2026-08-05 14:12:00,31.05,51.41,25.00,20.00,0,0
2026-08-05 14:12:01,31.05,51.41,25.00,20.00,0,0
2026-08-05 14:12:02,31.05,51.41,25.00,20.00,0,0
2026-08-05 14:12:03,31.05,51.41,25.00,20.00,0,0
2026-08-05 14:12:04,31.05,51.41,25.00,20.00,0,0
2026-08-05 14:12:05,31.05,51.41,25.00,20.00,0,0
2026-08-05 14:12:06,31.05,51.41,25.00,20.00,0,0
2026-08-05 14:12:07,31.05,51.41,25.00,20.00,0,0
2026-08-05 14:12:08,31.05,51.41,25.00,20.00,0,0
2026-08-05 14:12:09,31.05,51.41,25.00,20.00,0,0
2026-08-05 14:12:10,31.05,51.41,25.00,20.00,0,0
2026-08-05 14:12:11,31.05,51.41,25.00,20.00,0,0
2026-08-05 14:12:12,31.05,51.41,25.00,20.00,0,0
2026-08-05 14:12:13,31.05,51.41,25.00,20.00,0,0
2026-08-05 14:12:14,31.05,51.41,25.00,20.00,0,0
2026-08-05 14:12:15,31.04,51.41,25.00,20.00,0,0
2026-08-05 14:12:16,31.04,51.41,25.00,20.00,0,0
2026-08-05 14:12:17,31.05,51.41,25.00,20.00,0,0
2026-08-05 14:12:18,31.05,51.41,25.00,20.00,0,0
2026-08-05 14:12:19,31.04,51.41,25.00,20.00,0,0
2026-08-05 14:12:20,31.04,51.41,25.00,20.00,0,0
2026-08-05 14:12:21,31.04,51.41,25.00,20.00,0,0
2026-08-05 14:12:22,31.04,51.41,25.00,20.00,0,0
2026-08-05 14:12:23,31.04,51.41,25.00,20.00,0,0
2026-08-05 14:12:24,31.04,51.41,25.00,20.00,0,0
2026-08-05 14:12:25,31.04,51.41,25.00,20.00,0,0
2026-08-05 14:12:26,31.04,51.41,25.00,20.00,0,0
2026-08-05 14:12:27,31.04,51.41,25.00,20.00,0,0
2026-08-05 14:12:28,31.04,51.41,25.00,20.00,0,0
2026-08-05 14:12:29,31.04,51.41,25.00,20.00,0,0
2026-08-05 14:12:30,31.04,51.41,25.00,20.00,0,0
2026-08-05 14:12:31,31.04,51.41,25.00,20.00,0,0
2026-08-05 14:12:32,31.04,51.41,25.00,20.00,0,0
2026-08-05 14:12:33,31.04,51.41,25.00,20.00,0,0
2026-08-05 14:12:34,31.04,51.41,25.00,20.00,0,0
2026-08-05 14:12:35,31.04,51.41,25.00,20.00,0,0
2026-08-05 14:12:36,31.04,51.41,25.00,20.00,0,0
2026-08-05 14:12:37,31.04,51.41,25.00,20.00,0,0
2026-08-05 14:12:38,31.04,51.41,25.00,20.00,0,0
2026-08-05 14:12:39,31.04,51.41,25.00,20.00,0,0
2026-08-05 14:12:40,31.04,51.41,25.00,20.00,0,0
2026-08-05 14:12:41,31.04,51.41,25.00,20.00,0,0
2026-08-05 14:12:42,31.04,51.41,25.00,20.00,0,0
2026-08-05 14:12:43,31.03,51.41,25.00,20.00,0,0
2026-08-05 14:12:44,31.04,51.41,25.00,20.00,0,0
2026-08-05 14:12:45,31.04,51.41,25.00,20.00,0,0
2026-08-05 14:12:46,31.04,51.41,25.00,20.00,0,0
2026-08-05 14:12:47,31.04,51.41,25.00,20.00,0,0
2026-08-05 14:12:48,31.03,51.41,25.00,20.00,0,0
2026-08-05 14:12:49,31.04,51.41,25.00,20.00,0,0
2026-08-05 14:12:50,31.03,51.41,25.00,20.00,0,0
2026-08-05 14:12:51,31.04,51.41,25.00,20.00,0,0
2026-08-05 14:12:52,31.03,51.41,25.00,20.00,0,0
2026-08-05 14:12:53,31.04,51.41,25.00,20.00,0,0
2026-08-05 14:12:54,31.03,51.41,25.00,20.00,0,0
2026-08-05 14:12:55,31.03,51.41,25.00,20.00,0,0
2026-08-05 14:12:56,31.04,51.41,25.00,20.00,0,0
2026-08-05 14:12:57,31.03,51.41,25.00,20.00,0,0
2026-08-05 14:12:58,31.03,51.41,25.00,20.00,0,0
2026-08-05 14:12:59,31.03,51.41,25.00,20.00,0,0
2026-08-05 14:13:00,31.03,51.41,25.00,20.00,0,0
2026-08-05 14:13:01,31.03,51.41,25.00,20.00,0,0
2026-08-05 14:13:02,31.03,51.41,25.00,20.00,0,0
2026-08-05 14:13:03,31.03,51.41,25.00,20.00,0,0
2026-08-05 14:13:04,31.03,51.41,25.00,20.00,0,0
2026-08-05 14:13:05,31.03,51.41,25.00,20.00,0,0
2026-08-05 14:13:06,31.03,51.41,25.00,20.00,0,0
2026-08-05 14:13:07,31.03,51.41,25.00,20.00,0,0
2026-08-05 14:13:08,31.03,51.41,25.00,20.00,0,0
2026-08-05 14:13:09,31.03,51.41,25.00,20.00,0,0
2026-08-05 14:13:10,31.03,51.41,25.00,20.00,0,0
2026-08-05 14:13:11,31.03,51.41,25.00,20.00,0,0
2026-08-05 14:13:12,31.03,51.41,25.00,20.00,0,0
2026-08-05 14:13:13,31.03,51.41,25.00,20.00,0,0
2026-08-05 14:13:14,31.03,51.41,25.00,20.00,0,0
2026-08-05 14:13:15,31.03,51.41,25.00,20.00,0,0
2026-08-05 14:13:16,31.03,51.41,25.00,20.00,0,0
2026-08-05 14:13:17,31.03,51.41,25.00,20.00,0,0
2026-08-05 14:13:18,31.03,51.41,25.00,20.00,0,0
2026-08-05 14:13:19,31.03,51.41,25.00,20.00,0,0
2026-08-05 14:13:20,31.02,51.41,25.00,20.00,0,0
2026-08-05 14:13:21,31.03,51.41,25.00,20.00,0,0
2026-08-05 14:13:22,31.03,51.41,25.00,20.00,0,0
2026-08-05 14:13:23,31.03,51.41,25.00,20.00,0,0
2026-08-05 14:13:24,31.03,51.41,25.00,20.00,0,0
2026-08-05 14:13:25,31.03,51.41,25.00,20.00,0,0
2026-08-05 14:13:26,31.03,51.41,25.00,20.00,0,0
2026-08-05 14:13:27,31.02,51.41,25.00,20.00,0,0
2026-08-05 14:13:28,31.02,51.41,25.00,20.00,0,0
2026-08-05 14:13:29,31.02,51.41,25.00,20.00,0,0
2026-08-05 14:13:30,31.02,51.41,25.00,20.00,0,0
2026-08-05 14:13:31,31.02,51.41,25.00,20.00,0,0
2026-08-05 14:13:32,31.02,51.41,25.00,20.00,0,0
2026-08-05 14:13:33,31.02,51.41,25.00,20.00,0,0
2026-08-05 14:13:34,31.02,51.41,25.00,20.00,0,0
2026-08-05 14:13:35,31.02,51.41,25.00,20.00,0,0
2026-08-05 14:13:36,31.02,51.41,25.00,20.00,0,0
2026-08-05 14:13:37,31.02,51.41,25.00,20.00,0,0
2026-08-05 14:13:38,31.02,51.41,25.00,20.00,0,0
2026-08-05 14:13:39,31.02,51.41,25.00,20.00,0,0
2026-08-05 14:13:40,31.02,51.41,25.00,20.00,0,0
2026-08-05 14:13:41,31.02,51.41,25.00,20.00,0,0
2026-08-05 14:13:42,31.02,51.41,25.00,20.00,0,0
2026-08-05 14:13:43,31.02,51.41,25.00,20.00,0,0
2026-08-05 14:13:44,31.02,51.41,25.00,20.00,0,0
2026-08-05 14:13:45,31.02,51.41,25.00,20.00,0,0
2026-08-05 14:13:46,31.02,51.41,25.00,20.00,0,0
2026-08-05 14:13:47,31.02,51.41,25.00,20.00,0,0
2026-08-05 14:13:48,31.02,51.41,25.00,20.00,0,0
2026-08-05 14:13:49,31.02,51.41,25.00,20.00,0,0
2026-08-05 14:13:50,31.02,51.41,25.00,20.00,0,0
2026-08-05 14:13:51,31.02,51.41,25.00,20.00,0,0
2026-08-05 14:13:52,31.02,51.41,25.00,20.00,0,0
2026-08-05 14:13:53,31.02,51.41,25.00,20.00,0,0
2026-08-05 14:13:54,31.02,51.41,25.00,20.00,0,0
2026-08-05 14:13:55,31.02,51.41,25.00,20.00,0,0
2026-08-05 14:13:56,31.02,51.41,25.00,20.00,0,0
2026-08-05 14:13:57,31.02,51.41,25.00,20.00,0,0
2026-08-05 14:13:58,31.02,51.41,25.00,20.00,0,0
2026-08-05 14:13:59,31.02,51.41,25.00,20.00,0,0
2026-08-05 14:14:00,31.01,51.41,25.00,20.00,0,0
2026-08-05 14:14:01,31.01,51.41,25.00,20.00,0,0
2026-08-05 14:14:02,31.02,51.41,25.00,20.00,0,0
2026-08-05 14:14:03,31.02,51.41,25.00,20.00,0,0
2026-08-05 14:14:04,31.02,51.41,25.00,20.00,0,0
2026-08-05 14:14:05,31.02,51.41,25.00,20.00,0,0
2026-08-05 14:14:06,31.01,51.41,25.00,20.00,0,0
2026-08-05 14:14:07,31.01,51.41,25.00,20.00,0,0
2026-08-05 14:14:08,31.01,51.41,25.00,20.00,0,0
2026-08-05 14:14:09,31.01,51.41,25.00,20.00,0,0
2026-08-05 14:14:10,31.01,51.41,25.00,20.00,0,0
2026-08-05 14:14:12,31.01,51.41,25.00,20.00,0,0
2026-08-05 14:14:13,31.01,51.41,25.00,20.00,0,0
2026-08-05 14:14:14,31.01,51.41,25.00,20.00,0,0
2026-08-05 14:14:15,31.01,51.41,25.00,20.00,0,0
2026-08-05 14:14:16,31.01,51.41,25.00,20.00,0,0
2026-08-05 14:14:17,31.01,51.41,25.00,20.00,0,0
2026-08-05 14:14:18,31.01,51.41,25.00,20.00,0,0
2026-08-05 14:14:19,31.01,51.41,25.00,20.00,0,0
2026-08-05 14:14:20,31.01,51.41,25.00,20.00,0,0
2026-08-05 14:14:21,31.01,51.41,25.00,20.00,0,0
2026-08-05 14:14:22,31.01,51.41,25.00,20.00,0,0
2026-08-05 14:14:23,31.01,51.41,25.00,20.00,0,0
2026-08-05 14:14:24,31.01,51.41,25.00,20.00,0,0
2026-08-05 14:14:25,31.01,51.41,25.00,20.00,0,0
2026-08-05 14:14:26,31.00,51.41,25.00,20.00,0,0
2026-08-05 14:14:27,31.01,51.41,25.00,20.00,0,0
2026-08-05 14:14:28,31.00,51.41,25.00,20.00,0,0
2026-08-05 14:14:29,31.01,51.41,25.00,20.00,0,0
2026-08-05 14:14:30,31.01,51.41,25.00,20.00,0,0
2026-08-05 14:14:31,31.00,51.41,25.00,20.00,0,0
2026-08-05 14:14:32,31.01,51.41,25.00,20.00,0,0
2026-08-05 14:14:33,31.01,51.41,25.00,20.00,0,0
2026-08-05 14:14:34,31.01,51.41,25.00,20.00,0,0
2026-08-05 14:14:35,31.00,51.41,25.00,20.00,0,0
2026-08-05 14:14:36,31.00,51.41,25.00,20.00,0,0
2026-08-05 14:14:37,31.00,51.41,25.00,20.00,0,0
2026-08-05 14:14:38,31.00,51.41,25.00,20.00,0,0
2026-08-05 14:14:39,31.00,51.41,25.00,20.00,0,0
2026-08-05 14:14:40,31.00,51.41,25.00,20.00,0,0
2026-08-05 14:14:41,31.00,51.41,25.00,20.00,0,0
2026-08-05 14:14:42,31.00,51.41,25.00,20.00,0,0
2026-08-05 14:14:43,31.00,51.41,25.00,20.00,0,0
2026-08-05 14:14:44,31.00,51.41,25.00,20.00,0,0
2026-08-05 14:14:45,31.00,51.41,25.00,20.00,0,0
2026-08-05 14:14:46,31.00,51.41,25.00,20.00,0,0
2026-08-05 14:14:47,31.00,51.41,25.00,20.00,0,0
2026-08-05 14:14:48,31.00,51.41,25.00,20.00,0,0
2026-08-05 14:14:49,31.00,51.41,25.00,20.00,0,0
2026-08-05 14:14:50,31.00,51.41,25.00,20.00,0,0
2026-08-05 14:14:51,31.00,51.41,25.00,20.00,0,0
2026-08-05 14:14:52,31.00,51.41,25.00,20.00,0,0
2026-08-05 14:14:53,31.00,51.41,25.00,20.00,0,0
2026-08-05 14:14:54,31.00,51.41,25.00,20.00,0,0
2026-08-05 14:14:55,31.00,51.41,25.00,20.00,0,0
2026-08-05 14:14:56,31.00,51.41,25.00,20.00,0,0
2026-08-05 14:14:57,31.00,51.41,25.00,20.00,0,0
2026-08-05 14:14:58,31.00,51.41,25.00,20.00,0,0
2026-08-05 14:14:59,31.00,51.41,25.00,20.00,0,0
2026-08-05 14:15:00,31.00,51.41,25.00,20.00,0,0
2026-08-05 14:15:01,31.00,51.41,25.00,20.00,0,0
2026-08-05 14:15:02,31.00,51.41,25.00,20.00,0,0
2026-08-05 14:15:03,31.00,51.41,25.00,20.00,0,0
2026-08-05 14:15:04,31.00,51.41,25.00,20.00,0,0
2026-08-05 14:15:05,31.00,51.41,25.00,20.00,0,0
2026-08-05 14:15:06,31.00,51.41,25.00,20.00,0,0
2026-08-05 14:15:07,31.00,51.41,25.00,20.00,0,0
2026-08-05 14:15:08,31.00,51.41,25.00,20.00,0,0
2026-08-05 14:15:09,31.00,51.41,25.00,20.00,0,0
2026-08-05 14:15:10,31.00,51.41,25.00,20.00,0,0
2026-08-05 14:15:11,31.00,51.41,25.00,20.00,0,0
2026-08-05 14:15:12,31.00,51.41,25.00,20.00,0,0
2026-08-05 14:15:13,31.00,51.41,25.00,20.00,0,0
2026-08-05 14:15:14,30.99,51.41,25.00,20.00,0,0
2026-08-05 14:15:15,30.99,51.41,25.00,20.00,0,0
2026-08-05 14:15:16,31.00,51.41,25.00,20.00,0,0
2026-08-05 14:15:17,30.99,51.41,25.00,20.00,0,0
2026-08-05 14:15:18,31.00,51.41,25.00,20.00,0,0
2026-08-05 14:15:19,30.99,51.41,25.00,20.00,0,0
2026-08-05 14:15:20,31.00,51.41,25.00,20.00,0,0
2026-08-05 14:15:21,31.00,51.41,25.00,20.00,0,0
2026-08-05 14:15:22,30.99,51.41,25.00,20.00,0,0
2026-08-05 14:15:23,31.00,51.41,25.00,20.00,0,0
2026-08-05 14:15:24,30.99,51.41,25.00,20.00,0,0
2026-08-05 14:15:25,31.00,51.41,25.00,20.00,0,0
2026-08-05 14:15:26,31.00,51.41,25.00,20.00,0,0
2026-08-05 14:15:27,30.99,51.41,25.00,20.00,0,0
2026-08-05 14:15:28,30.99,51.41,25.00,20.00,0,0
2026-08-05 14:15:29,30.99,51.41,25.00,20.00,0,0
2026-08-05 14:15:30,30.99,51.41,25.00,20.00,0,0
2026-08-05 14:15:31,30.99,51.41,25.00,20.00,0,0
2026-08-05 14:15:32,30.99,51.41,25.00,20.00,0,0
2026-08-05 14:15:33,30.99,51.41,25.00,20.00,0,0
2026-08-05 14:15:34,31.00,51.41,25.00,20.00,0,0
2026-08-05 14:15:35,31.00,51.41,25.00,20.00,0,0
2026-08-05 14:15:36,30.99,51.41,25.00,20.00,0,0
2026-08-05 14:15:37,30.99,51.41,25.00,20.00,0,0
2026-08-05 14:15:38,30.99,51.41,25.00,20.00,0,0
2026-08-05 14:15:39,30.99,51.41,25.00,20.00,0,0
2026-08-05 14:15:40,30.99,51.41,25.00,20.00,0,0
2026-08-05 14:15:41,30.99,51.41,25.00,20.00,0,0
2026-08-05 14:15:42,30.99,51.41,25.00,20.00,0,0
2026-08-05 14:15:43,30.99,51.41,25.00,20.00,0,0
2026-08-05 14:15:44,30.99,51.41,25.00,20.00,0,0
2026-08-05 14:15:45,30.99,51.41,25.00,20.00,0,0
2026-08-05 14:15:46,30.99,51.41,25.00,20.00,0,0
2026-08-05 14:15:47,30.99,51.41,25.00,20.00,0,0
2026-08-05 14:15:48,30.99,51.41,25.00,20.00,0,0
2026-08-05 14:15:49,30.99,51.41,25.00,20.00,0,0
2026-08-05 14:15:50,30.99,51.41,25.00,20.00,0,0
2026-08-05 14:15:51,30.99,51.41,25.00,20.00,0,0
2026-08-05 14:15:52,30.99,51.41,25.00,20.00,0,0
2026-08-05 14:15:53,30.99,51.41,25.00,20.00,0,0
2026-08-05 14:15:54,30.99,51.41,25.00,20.00,0,0
2026-08-05 14:15:55,30.99,51.41,25.00,20.00,0,0
2026-08-05 14:15:56,30.99,51.41,25.00,20.00,0,0
2026-08-05 14:15:57,30.98,51.41,25.00,20.00,0,0
2026-08-05 14:15:58,30.98,51.41,25.00,20.00,0,0
2026-08-05 14:15:59,30.98,51.41,25.00,20.00,0,0
2026-08-05 14:16:00,30.98,51.41,25.00,20.00,0,0
2026-08-05 14:16:01,30.98,51.41,25.00,20.00,0,0
2026-08-05 14:16:02,30.98,51.41,25.00,20.00,0,0
2026-08-05 14:16:03,30.98,51.41,25.00,20.00,0,0
2026-08-05 14:16:04,30.98,51.41,25.00,20.00,0,0
2026-08-05 14:16:05,30.98,51.41,25.00,20.00,0,0
2026-08-05 14:16:06,30.98,51.41,25.00,20.00,0,0
2026-08-05 14:16:07,30.98,51.41,25.00,20.00,0,0
2026-08-05 14:16:08,30.98,51.41,25.00,20.00,0,0
2026-08-05 14:16:09,30.98,51.41,25.00,20.00,0,0
2026-08-05 14:16:10,30.98,51.41,25.00,20.00,0,0
2026-08-05 14:16:11,30.98,51.41,25.00,20.00,0,0
2026-08-05 14:16:12,30.98,51.41,25.00,20.00,0,0
2026-08-05 14:16:13,30.98,51.41,25.00,20.00,0,0
2026-08-05 14:16:14,30.98,51.41,25.00,20.00,0,0
2026-08-05 14:16:15,30.98,51.41,25.00,20.00,0,0
2026-08-05 14:16:16,30.98,51.41,25.00,20.00,0,0
2026-08-05 14:16:17,30.98,51.41,25.00,20.00,0,0
2026-08-05 14:16:18,30.98,51.41,25.00,20.00,0,0
2026-08-05 14:16:19,30.98,51.41,25.00,20.00,0,0
2026-08-05 14:16:20,30.98,51.41,25.00,20.00,0,0
2026-08-05 14:16:21,30.98,51.41,25.00,20.00,0,0
2026-08-05 14:16:22,30.98,51.41,25.00,20.00,0,0
2026-08-05 14:16:23,30.98,51.41,25.00,20.00,0,0
2026-08-05 14:16:24,30.98,51.41,25.00,20.00,0,0
2026-08-05 14:16:25,30.98,51.41,25.00,20.00,0,0
2026-08-05 14:16:26,30.98,51.41,25.00,20.00,0,0
2026-08-05 14:16:27,30.98,51.41,25.00,20.00,0,0
2026-08-05 14:16:28,30.98,51.41,25.00,20.00,0,0
2026-08-05 14:16:29,30.98,51.41,25.00,20.00,0,0
2026-08-05 14:16:30,30.97,51.41,25.00,20.00,0,0
2026-08-05 14:16:31,30.98,51.41,25.00,20.00,0,0
2026-08-05 14:16:32,30.98,51.41,25.00,20.00,0,0
2026-08-05 14:16:33,30.97,51.41,25.00,20.00,0,0
2026-08-05 14:16:34,30.98,51.41,25.00,20.00,0,0
2026-08-05 14:16:35,30.97,51.41,25.00,20.00,0,0
2026-08-05 14:16:36,30.98,51.41,25.00,20.00,0,0
2026-08-05 14:16:37,30.98,51.41,25.00,20.00,0,0
2026-08-05 14:16:38,30.97,51.41,25.00,20.00,0,0
2026-08-05 14:16:39,30.98,51.41,25.00,20.00,0,0
2026-08-05 14:16:40,30.98,51.41,25.00,20.00,0,0
2026-08-05 14:16:41,30.97,51.41,25.00,20.00,0,0
2026-08-05 14:16:42,30.97,51.41,25.00,20.00,0,0
2026-08-05 14:16:43,30.97,51.41,25.00,20.00,0,0
2026-08-05 14:16:44,30.97,51.41,25.00,20.00,0,0
2026-08-05 14:16:45,30.97,51.41,25.00,20.00,0,0
2026-08-05 14:16:46,30.97,51.41,25.00,20.00,0,0
2026-08-05 14:16:47,30.97,51.41,25.00,20.00,0,0
2026-08-05 14:16:48,30.97,51.41,25.00,20.00,0,0
2026-08-05 14:16:49,30.97,51.41,25.00,20.00,0,0
2026-08-05 14:16:50,30.97,51.41,25.00,20.00,0,0
2026-08-05 14:16:51,30.97,51.41,25.00,20.00,0,0
2026-08-05 14:16:52,30.97,51.41,25.00,20.00,0,0
2026-08-05 14:16:53,30.97,51.41,25.00,20.00,0,0
2026-08-05 14:16:54,30.97,51.41,25.00,20.00,0,0
2026-08-05 14:16:55,30.97,51.41,25.00,20.00,0,0
2026-08-05 14:16:56,30.97,51.41,25.00,20.00,0,0
2026-08-05 14:16:57,30.97,51.41,25.00,20.00,0,0
2026-08-05 14:16:58,30.97,51.41,25.00,20.00,0,0
2026-08-05 14:16:59,30.97,51.41,25.00,20.00,0,0
2026-08-05 14:17:00,30.97,51.41,25.00,20.00,0,0
2026-08-05 14:17:01,30.97,51.41,25.00,20.00,0,0
2026-08-05 14:17:02,30.97,51.41,25.00,20.00,0,0
2026-08-05 14:17:03,30.97,51.41,25.00,20.00,0,0
2026-08-05 14:17:04,30.96,51.41,25.00,20.00,0,0
2026-08-05 14:17:05,30.96,51.41,25.00,20.00,0,0
2026-08-05 14:17:06,30.96,51.41,25.00,20.00,0,0
2026-08-05 14:17:07,30.97,51.41,25.00,20.00,0,0
2026-08-05 14:17:08,30.96,51.41,25.00,20.00,0,0
2026-08-05 14:17:09,30.97,51.41,25.00,20.00,0,0
2026-08-05 14:17:10,30.96,51.41,25.00,20.00,0,0
2026-08-05 14:17:11,30.97,51.41,25.00,20.00,0,0
2026-08-05 14:17:12,30.96,51.41,25.00,20.00,0,0
2026-08-05 14:17:13,30.96,51.41,25.00,20.00,0,0
2026-08-05 14:17:14,30.96,51.41,25.00,20.00,0,0
2026-08-05 14:17:15,30.96,51.41,25.00,20.00,0,0
2026-08-05 14:17:16,30.96,51.41,25.00,20.00,0,0
2026-08-05 14:17:17,30.96,51.41,25.00,20.00,0,0
2026-08-05 14:17:18,30.97,51.41,25.00,20.00,0,0
2026-08-05 14:17:19,30.96,51.41,25.00,20.00,0,0
2026-08-05 14:17:20,30.96,51.41,25.00,20.00,0,0
2026-08-05 14:17:21,30.96,51.41,25.00,20.00,0,0
2026-08-05 14:17:22,30.96,51.41,25.00,20.00,0,0
2026-08-05 14:17:23,30.96,51.41,25.00,20.00,0,0
2026-08-05 14:17:24,30.96,51.41,25.00,20.00,0,0
2026-08-05 14:17:25,30.96,51.41,25.00,20.00,0,0
2026-08-05 14:17:26,30.96,51.41,25.00,20.00,0,0
2026-08-05 14:17:27,30.96,51.41,25.00,20.00,0,0
2026-08-05 14:17:28,30.96,51.41,25.00,20.00,0,0
2026-08-05 14:17:29,30.96,51.41,25.00,20.00,0,0
2026-08-05 14:17:30,30.96,51.41,25.00,20.00,0,0
2026-08-05 14:17:31,30.96,51.41,25.00,20.00,0,0
2026-08-05 14:17:32,30.96,51.41,25.00,20.00,0,0
2026-08-05 14:17:33,30.96,51.41,25.00,20.00,0,0
2026-08-05 14:17:34,30.96,51.41,25.00,20.00,0,0
2026-08-05 14:17:35,30.96,51.41,25.00,20.00,0,0
2026-08-05 14:17:36,30.96,51.41,25.00,20.00,0,0
2026-08-05 14:17:37,30.94,51.41,25.00,20.00,0,0
2026-08-05 14:17:38,30.96,51.41,25.00,20.00,0,0
2026-08-05 14:17:39,30.96,51.41,25.00,20.00,0,0
2026-08-05 14:17:40,30.96,51.41,25.00,20.00,0,0
2026-08-05 14:17:41,30.96,51.41,25.00,20.00,0,0
2026-08-05 14:17:42,30.96,51.41,25.00,20.00,0,0
2026-08-05 14:17:43,30.96,51.41,25.00,20.00,0,0
2026-08-05 14:17:44,30.96,51.41,25.00,20.00,0,0
2026-08-05 14:17:45,30.94,51.41,25.00,20.00,0,0
2026-08-05 14:17:46,30.96,51.41,25.00,20.00,0,0
2026-08-05 14:17:47,30.94,51.41,25.00,20.00,0,0
2026-08-05 14:17:48,30.94,51.41,25.00,20.00,0,0
2026-08-05 14:17:49,30.94,51.41,25.00,20.00,0,0
2026-08-05 14:17:50,30.96,51.41,25.00,20.00,0,0
2026-08-05 14:17:51,30.94,51.41,25.00,20.00,0,0
2026-08-05 14:17:52,30.94,51.41,25.00,20.00,0,0
2026-08-05 14:17:53,30.94,51.41,25.00,20.00,0,0
2026-08-05 14:17:54,30.94,51.41,25.00,20.00,0,0
2026-08-05 14:17:55,30.94,51.41,25.00,20.00,0,0
2026-08-05 14:17:56,30.94,51.41,25.00,20.00,0,0
2026-08-05 14:17:57,30.94,51.41,25.00,20.00,0,0
2026-08-05 14:17:58,30.94,51.41,25.00,20.00,0,0
2026-08-05 14:17:59,30.94,51.41,25.00,20.00,0,0
2026-08-05 14:18:00,30.94,51.41,25.00,20.00,0,0
2026-08-05 14:18:01,30.94,51.41,25.00,20.00,0,0
2026-08-05 14:18:02,30.94,51.41,25.00,20.00,0,0
2026-08-05 14:18:03,30.94,51.41,25.00,20.00,0,0
2026-08-05 14:18:04,30.94,51.41,25.00,20.00,0,0
2026-08-05 14:18:05,30.94,51.41,25.00,20.00,0,0
2026-08-05 14:18:06,30.94,51.41,25.00,20.00,0,0
2026-08-05 14:18:07,30.94,51.41,25.00,20.00,0,0
2026-08-05 14:18:08,30.94,51.41,25.00,20.00,0,0
2026-08-05 14:18:09,30.94,51.41,25.00,20.00,0,0
2026-08-05 14:18:10,30.94,51.41,25.00,20.00,0,0
2026-08-05 14:18:11,30.93,51.41,25.00,20.00,0,0
2026-08-05 14:18:12,30.94,51.41,25.00,20.00,0,0
2026-08-05 14:18:13,30.94,51.41,25.00,20.00,0,0
2026-08-05 14:18:14,30.94,51.41,25.00,20.00,0,0
2026-08-05 14:18:15,30.94,51.41,25.00,20.00,0,0
2026-08-05 14:18:16,30.94,51.41,25.00,20.00,0,0
2026-08-05 14:18:17,30.94,51.41,25.00,20.00,0,0
2026-08-05 14:18:18,30.94,51.41,25.00,20.00,0,0
2026-08-05 14:18:19,30.93,51.41,25.00,20.00,0,0
2026-08-05 14:18:20,30.94,51.41,25.00,20.00,0,0
2026-08-05 14:18:21,30.93,51.41,25.00,20.00,0,0
2026-08-05 14:18:22,30.93,51.41,25.00,20.00,0,0
2026-08-05 14:18:23,30.94,51.41,25.00,20.00,0,0
2026-08-05 14:18:24,30.93,51.41,25.00,20.00,0,0
2026-08-05 14:18:25,30.94,51.41,25.00,20.00,0,0
2026-08-05 14:18:26,30.93,51.38,25.00,20.00,0,0
2026-08-05 14:18:27,30.93,51.41,25.00,20.00,0,0
2026-08-05 14:18:28,30.93,51.38,25.00,20.00,0,0
2026-08-05 14:18:29,30.93,51.41,25.00,20.00,0,0
2026-08-05 14:18:30,30.94,51.41,25.00,20.00,0,0
2026-08-05 14:18:31,30.93,51.41,25.00,20.00,0,0
2026-08-05 14:18:32,30.93,51.38,25.00,20.00,0,0
2026-08-05 14:18:33,30.93,51.38,25.00,20.00,0,0
2026-08-05 14:18:34,30.93,51.41,25.00,20.00,0,0
2026-08-05 14:18:35,30.94,51.41,25.00,20.00,0,0
2026-08-05 14:18:36,30.93,51.38,25.00,20.00,0,0
2026-08-05 14:18:37,30.93,51.38,25.00,20.00,0,0
2026-08-05 14:18:38,30.93,51.38,25.00,20.00,0,0
2026-08-05 14:18:39,30.93,51.38,25.00,20.00,0,0
2026-08-05 14:18:40,30.93,51.41,25.00,20.00,0,0
2026-08-05 14:18:41,30.93,51.41,25.00,20.00,0,0
2026-08-05 14:18:42,30.93,51.38,25.00,20.00,0,0
2026-08-05 14:18:43,30.93,51.41,25.00,20.00,0,0
2026-08-05 14:18:44,30.93,51.38,25.00,20.00,0,0
2026-08-05 14:18:45,30.93,51.38,25.00,20.00,0,0
2026-08-05 14:18:46,30.93,51.38,25.00,20.00,0,0
2026-08-05 14:18:47,30.93,51.41,25.00,20.00,0,0
2026-08-05 14:18:48,30.93,51.38,25.00,20.00,0,0
2026-08-05 14:18:49,30.93,51.38,25.00,20.00,0,0
2026-08-05 14:18:50,30.93,51.38,25.00,20.00,0,0
2026-08-05 14:18:51,30.93,51.38,25.00,20.00,0,0
2026-08-05 14:18:52,30.93,51.38,25.00,20.00,0,0
2026-08-05 14:18:53,30.93,51.38,25.00,20.00,0,0
2026-08-05 14:18:54,30.93,51.41,25.00,20.00,0,0
2026-08-05 14:18:55,30.93,51.41,25.00,20.00,0,0
2026-08-05 14:18:56,30.93,51.41,25.00,20.00,0,0
2026-08-05 14:18:57,30.93,51.38,25.00,20.00,0,0
2026-08-05 14:18:58,30.93,51.38,25.00,20.00,0,0
2026-08-05 14:18:59,30.93,51.38,25.00,20.00,0,0
2026-08-05 14:19:00,30.93,51.38,25.00,20.00,0,0
2026-08-05 14:19:01,30.93,51.38,25.00,20.00,0,0
2026-08-05 14:19:02,30.93,51.38,25.00,20.00,0,0
2026-08-05 14:19:03,30.92,51.38,25.00,20.00,0,0
2026-08-05 14:19:04,30.92,51.38,25.00,20.00,0,0
2026-08-05 14:19:05,30.93,51.38,25.00,20.00,0,0
2026-08-05 14:19:06,30.93,51.38,25.00,20.00,0,0
2026-08-05 14:19:07,30.92,51.38,25.00,20.00,0,0
2026-08-05 14:19:08,30.92,51.38,25.00,20.00,0,0
2026-08-05 14:19:09,30.93,51.38,25.00,20.00,0,0
2026-08-05 14:19:10,30.93,51.38,25.00,20.00,0,0
2026-08-05 14:19:11,30.92,51.38,25.00,20.00,0,0
2026-08-05 14:19:12,30.92,51.38,25.00,20.00,0,0
2026-08-05 14:19:13,30.92,51.38,25.00,20.00,0,0
2026-08-05 14:19:14,30.93,51.38,25.00,20.00,0,0
2026-08-05 14:19:15,30.93,51.38,25.00,20.00,0,0
2026-08-05 14:19:16,30.92,51.38,25.00,20.00,0,0
2026-08-05 14:19:17,30.93,51.38,25.00,20.00,0,0
2026-08-05 14:19:18,30.93,51.38,25.00,20.00,0,0
2026-08-05 14:19:19,30.92,51.38,25.00,20.00,0,0
2026-08-05 14:19:20,30.93,51.38,25.00,20.00,0,0
2026-08-05 14:19:21,30.92,51.38,25.00,20.00,0,0
2026-08-05 14:19:22,30.92,51.38,25.00,20.00,0,0
2026-08-05 14:19:23,30.92,51.38,25.00,20.00,0,0
2026-08-05 14:19:24,30.92,51.38,25.00,20.00,0,0
2026-08-05 14:19:25,30.92,51.38,25.00,20.00,0,0
2026-08-05 14:19:26,30.92,51.38,25.00,20.00,0,0
2026-08-05 14:19:27,30.92,51.38,25.00,20.00,0,0
2026-08-05 14:19:28,30.92,51.38,25.00,20.00,0,0
2026-08-05 14:19:29,30.92,51.38,25.00,20.00,0,0
2026-08-05 14:19:30,30.92,51.38,25.00,20.00,0,0
2026-08-05 14:19:31,30.92,51.38,25.00,20.00,0,0
2026-08-05 14:19:32,30.92,51.38,25.00,20.00,0,0
2026-08-05 14:19:33,30.92,51.38,25.00,20.00,0,0
2026-08-05 14:19:34,30.92,51.38,25.00,20.00,0,0
2026-08-05 14:19:35,30.92,51.38,25.00,20.00,0,0
2026-08-05 14:19:36,30.92,51.38,25.00,20.00,0,0
2026-08-05 14:19:37,30.92,51.38,25.00,20.00,0,0
2026-08-05 14:19:38,30.92,51.38,25.00,20.00,0,0
2026-08-05 14:19:39,30.92,51.38,25.00,20.00,0,0
2026-08-05 14:19:40,30.92,51.38,25.00,20.00,0,0
2026-08-05 14:19:41,30.92,51.38,25.00,20.00,0,0
2026-08-05 14:19:42,30.92,51.38,25.00,20.00,0,0
2026-08-05 14:19:43,30.92,51.38,25.00,20.00,0,0
2026-08-05 14:19:44,30.92,51.38,25.00,20.00,0,0
2026-08-05 14:19:45,30.92,51.38,25.00,20.00,0,0
2026-08-05 14:19:46,30.92,51.38,25.00,20.00,0,0
2026-08-05 14:19:47,30.92,51.38,25.00,20.00,0,0
2026-08-05 14:19:48,30.92,51.38,25.00,20.00,0,0
2026-08-05 14:19:49,30.92,51.38,25.00,20.00,0,0
2026-08-05 14:19:50,30.91,51.38,25.00,20.00,0,0
2026-08-05 14:19:51,30.92,51.38,25.00,20.00,0,0
2026-08-05 14:19:52,30.91,51.38,25.00,20.00,0,0
2026-08-05 14:19:53,30.91,51.38,25.00,20.00,0,0
2026-08-05 14:19:54,30.91,51.38,25.00,20.00,0,0
2026-08-05 14:19:55,30.92,51.38,25.00,20.00,0,0
2026-08-05 14:19:56,30.91,51.38,25.00,20.00,0,0
2026-08-05 14:19:57,30.91,51.38,25.00,20.00,0,0
2026-08-05 14:19:58,30.91,51.38,25.00,20.00,0,0
2026-08-05 14:19:59,30.91,51.38,25.00,20.00,0,0
2026-08-05 14:20:00,30.91,51.38,25.00,20.00,0,0
2026-08-05 14:20:01,30.91,51.38,25.00,20.00,0,0
2026-08-05 14:20:02,30.91,51.38,25.00,20.00,0,0
2026-08-05 14:20:03,30.91,51.38,25.00,20.00,0,0
2026-08-05 14:20:04,30.91,51.38,25.00,20.00,0,0
2026-08-05 14:20:05,30.91,51.38,25.00,20.00,0,0
2026-08-05 14:20:06,30.91,51.38,25.00,20.00,0,0
2026-08-05 14:20:07,30.91,51.38,25.00,20.00,0,0
2026-08-05 14:20:08,30.91,51.38,25.00,20.00,0,0
2026-08-05 14:20:09,30.91,51.38,25.00,20.00,0,0
2026-08-05 14:20:10,30.91,51.38,25.00,20.00,0,0
2026-08-05 14:20:11,30.91,51.38,25.00,20.00,0,0
2026-08-05 14:20:12,30.91,51.38,25.00,20.00,0,0
2026-08-05 14:20:13,30.91,51.38,25.00,20.00,0,0
2026-08-05 14:20:14,30.91,51.38,25.00,20.00,0,0
2026-08-05 14:20:15,30.91,51.38,25.00,20.00,0,0
2026-08-05 14:20:16,30.91,51.38,25.00,20.00,0,0
2026-08-05 14:20:17,30.90,51.38,25.00,20.00,0,0
2026-08-05 14:20:18,30.91,51.38,25.00,20.00,0,0
2026-08-05 14:20:19,30.91,51.38,25.00,20.00,0,0
2026-08-05 14:20:20,30.91,51.38,25.00,20.00,0,0
2026-08-05 14:20:21,30.91,51.38,25.00,20.00,0,0
2026-08-05 14:20:22,30.91,51.38,25.00,20.00,0,0
2026-08-05 14:20:23,30.91,51.38,25.00,20.00,0,0
2026-08-05 14:20:24,30.91,51.38,25.00,20.00,0,0
2026-08-05 14:20:25,30.91,51.38,25.00,20.00,0,0
2026-08-05 14:20:26,30.90,51.38,25.00,20.00,0,0
2026-08-05 14:20:27,30.90,51.38,25.00,20.00,0,0
2026-08-05 14:20:28,30.90,51.38,25.00,20.00,0,0
2026-08-05 14:20:29,30.90,51.38,25.00,20.00,0,0
2026-08-05 14:20:30,30.91,51.38,25.00,20.00,0,0
2026-08-05 14:20:31,30.91,51.38,25.00,20.00,0,0
2026-08-05 14:20:32,30.91,51.38,25.00,20.00,0,0
2026-08-05 14:20:33,30.90,51.38,25.00,20.00,0,0
2026-08-05 14:20:34,30.90,51.38,25.00,20.00,0,0
2026-08-05 14:20:35,30.91,51.38,25.00,20.00,0,0
2026-08-05 14:20:36,30.90,51.38,25.00,20.00,0,0
2026-08-05 14:20:37,30.90,51.38,25.00,20.00,0,0
2026-08-05 14:20:38,30.91,51.38,25.00,20.00,0,0
2026-08-05 14:20:39,30.91,51.38,25.00,20.00,0,0
2026-08-05 14:20:40,30.90,51.38,25.00,20.00,0,0
2026-08-05 14:20:41,30.91,51.38,25.00,20.00,0,0
2026-08-05 14:20:42,30.91,51.38,25.00,20.00,0,0
2026-08-05 14:20:43,30.90,51.38,25.00,20.00,0,0
2026-08-05 14:20:44,30.90,51.38,25.00,20.00,0,0
2026-08-05 14:20:45,30.90,51.38,25.00,20.00,0,0
2026-08-05 14:20:46,30.91,51.38,25.00,20.00,0,0
2026-08-05 14:20:47,30.90,51.38,25.00,20.00,0,0
2026-08-05 14:20:48,30.90,51.38,25.00,20.00,0,0
2026-08-05 14:20:49,30.90,51.38,25.00,20.00,0,0
2026-08-05 14:20:50,30.90,51.38,25.00,20.00,0,0
2026-08-05 14:20:51,30.90,51.38,25.00,20.00,0,0
2026-08-05 14:20:52,30.90,51.38,25.00,20.00,0,0
2026-08-05 14:20:53,30.90,51.38,25.00,20.00,0,0
2026-08-05 14:20:54,30.90,51.38,25.00,20.00,0,0
2026-08-05 14:20:55,30.90,51.38,25.00,20.00,0,0
2026-08-05 14:20:56,30.90,51.38,25.00,20.00,0,0
2026-08-05 14:20:57,30.90,51.38,25.00,20.00,0,0
2026-08-05 14:20:58,30.90,51.38,25.00,20.00,0,0
2026-08-05 14:20:59,30.90,51.38,25.00,20.00,0,0
2026-08-05 14:21:00,30.90,51.38,25.00,20.00,0,0
2026-08-05 14:21:01,30.90,51.38,25.00,20.00,0,0
2026-08-05 14:21:02,30.90,51.38,25.00,20.00,0,0
2026-08-05 14:21:03,30.89,51.38,25.00,20.00,0,0
2026-08-05 14:21:04,30.89,51.38,25.00,20.00,0,0
2026-08-05 14:21:05,30.90,51.38,25.00,20.00,0,0
2026-08-05 14:21:06,30.89,51.38,25.00,20.00,0,0
2026-08-05 14:21:07,30.89,51.38,25.00,20.00,0,0
2026-08-05 14:21:08,30.90,51.38,25.00,20.00,0,0
2026-08-05 14:21:09,30.89,51.38,25.00,20.00,0,0
2026-08-05 14:21:10,30.90,51.38,25.00,20.00,0,0
2026-08-05 14:21:11,30.89,51.38,25.00,20.00,0,0
2026-08-05 14:21:12,30.89,51.38,25.00,20.00,0,0
2026-08-05 14:21:13,30.89,51.38,25.00,20.00,0,0
2026-08-05 14:21:14,30.89,51.38,25.00,20.00,0,0
2026-08-05 14:21:15,30.89,51.38,25.00,20.00,0,0
2026-08-05 14:21:16,30.89,51.38,25.00,20.00,0,0
2026-08-05 14:21:17,30.89,51.38,25.00,20.00,0,0
2026-08-05 14:21:18,30.89,51.38,25.00,20.00,0,0
2026-08-05 14:21:19,30.89,51.38,25.00,20.00,0,0
2026-08-05 14:21:20,30.89,51.38,25.00,20.00,0,0
2026-08-05 14:21:21,30.89,51.38,25.00,20.00,0,0
2026-08-05 14:21:22,30.89,51.38,25.00,20.00,0,0
2026-08-05 14:21:23,30.89,51.38,25.00,20.00,0,0
2026-08-05 14:21:24,30.89,51.38,25.00,20.00,0,0
2026-08-05 14:21:25,30.89,51.38,25.00,20.00,0,0
2026-08-05 14:21:26,30.89,51.38,25.00,20.00,0,0
2026-08-05 14:21:27,30.89,51.38,25.00,20.00,0,0
2026-08-05 14:21:28,30.89,51.38,25.00,20.00,0,0
2026-08-05 14:21:29,30.89,51.38,25.00,20.00,0,0
2026-08-05 14:21:30,30.89,51.38,25.00,20.00,0,0
2026-08-05 14:21:31,30.89,51.38,25.00,20.00,0,0
2026-08-05 14:21:32,30.89,51.38,25.00,20.00,0,0
2026-08-05 14:21:33,30.89,51.38,25.00,20.00,0,0
2026-08-05 14:21:34,30.88,51.38,25.00,20.00,0,0
2026-08-05 14:21:35,30.89,51.38,25.00,20.00,0,0
2026-08-05 14:21:36,30.89,51.38,25.00,20.00,0,0
2026-08-05 14:21:37,30.89,51.38,25.00,20.00,0,0
2026-08-05 14:21:38,30.89,51.38,25.00,20.00,0,0
2026-08-05 14:21:39,30.89,51.38,25.00,20.00,0,0
2026-08-05 14:21:40,30.89,51.38,25.00,20.00,0,0
2026-08-05 14:21:41,30.89,51.38,25.00,20.00,0,0
2026-08-05 14:21:42,30.88,51.38,25.00,20.00,0,0
2026-08-05 14:21:43,30.88,51.38,25.00,20.00,0,0
2026-08-05 14:21:44,30.89,51.38,25.00,20.00,0,0
2026-08-05 14:21:45,30.89,51.38,25.00,20.00,0,0
2026-08-05 14:21:46,30.89,51.38,25.00,20.00,0,0
2026-08-05 14:21:47,30.89,51.38,25.00,20.00,0,0
2026-08-05 14:21:48,30.89,51.38,25.00,20.00,0,0
2026-08-05 14:21:49,30.88,51.36,25.00,20.00,0,0
2026-08-05 14:21:50,30.88,51.38,25.00,20.00,0,0
2026-08-05 14:21:51,30.89,51.38,25.00,20.00,0,0
2026-08-05 14:21:52,30.88,51.38,25.00,20.00,0,0
2026-08-05 14:21:53,30.88,51.38,25.00,20.00,0,0
2026-08-05 14:21:54,30.88,51.38,25.00,20.00,0,0
2026-08-05 14:21:55,30.88,51.38,25.00,20.00,0,0
2026-08-05 14:21:56,30.88,51.38,25.00,20.00,0,0
2026-08-05 14:21:57,30.88,51.38,25.00,20.00,0,0
2026-08-05 14:21:58,30.88,51.38,25.00,20.00,0,0
2026-08-05 14:21:59,30.88,51.38,25.00,20.00,0,0
2026-08-05 14:22:00,30.88,51.38,25.00,20.00,0,0
2026-08-05 14:22:01,30.88,51.38,25.00,20.00,0,0
2026-08-05 14:22:02,30.88,51.38,25.00,20.00,0,0
2026-08-05 14:22:03,30.88,51.36,25.00,20.00,0,0
2026-08-05 14:22:04,30.88,51.38,25.00,20.00,0,0
2026-08-05 14:22:05,30.88,51.36,25.00,20.00,0,0
2026-08-05 14:22:06,30.88,51.38,25.00,20.00,0,0
2026-08-05 14:22:07,30.88,51.38,25.00,20.00,0,0
2026-08-05 14:22:08,30.88,51.36,25.00,20.00,0,0
2026-08-05 14:22:09,30.88,51.38,25.00,20.00,0,0
2026-08-05 14:22:10,30.88,51.38,25.00,20.00,0,0
2026-08-05 14:22:11,30.88,51.38,25.00,20.00,0,0
2026-08-05 14:22:12,30.88,51.38,25.00,20.00,0,0
2026-08-05 14:22:13,30.88,51.36,25.00,20.00,0,0
2026-08-05 14:22:14,30.88,51.38,25.00,20.00,0,0
2026-08-05 14:22:15,30.88,51.36,25.00,20.00,0,0
2026-08-05 14:22:16,30.88,51.36,25.00,20.00,0,0
2026-08-05 14:22:17,30.88,51.36,25.00,20.00,0,0
2026-08-05 14:22:18,30.88,51.36,25.00,20.00,0,0
2026-08-05 14:22:19,30.88,51.36,25.00,20.00,0,0
2026-08-05 14:22:20,30.88,51.36,25.00,20.00,0,0
2026-08-05 14:22:21,30.88,51.36,25.00,20.00,0,0
2026-08-05 14:22:22,30.88,51.38,25.00,20.00,0,0
2026-08-05 14:22:23,30.87,51.38,25.00,20.00,0,0
2026-08-05 14:22:24,30.87,51.38,25.00,20.00,0,0
2026-08-05 14:22:25,30.87,51.38,25.00,20.00,0,0
2026-08-05 14:22:26,30.88,51.36,25.00,20.00,0,0
2026-08-05 14:22:27,30.87,51.38,25.00,20.00,0,0
2026-08-05 14:22:28,30.88,51.36,25.00,20.00,0,0
2026-08-05 14:22:29,30.88,51.38,25.00,20.00,0,0
2026-08-05 14:22:30,30.88,51.36,25.00,20.00,0,0
2026-08-05 14:22:31,30.88,51.36,25.00,20.00,0,0
2026-08-05 14:22:32,30.87,51.36,25.00,20.00,0,0
2026-08-05 14:22:33,30.87,51.36,25.00,20.00,0,0
2026-08-05 14:22:34,30.87,51.38,25.00,20.00,0,0
2026-08-05 14:22:35,30.87,51.36,25.00,20.00,0,0
2026-08-05 14:22:36,30.88,51.36,25.00,20.00,0,0
2026-08-05 14:22:37,30.87,51.38,25.00,20.00,0,0
2026-08-05 14:22:38,30.87,51.36,25.00,20.00,0,0
2026-08-05 14:22:39,30.88,51.32,25.00,20.00,0,0
2026-08-05 14:22:40,30.87,51.36,25.00,20.00,0,0
2026-08-05 14:22:41,30.88,51.32,25.00,20.00,0,0
2026-08-05 14:22:42,30.87,51.36,25.00,20.00,0,0
2026-08-05 14:22:43,30.87,51.35,25.00,20.00,0,0
2026-08-05 14:22:44,30.87,51.38,25.00,20.00,0,0
2026-08-05 14:22:45,30.87,51.32,25.00,20.00,0,0
2026-08-05 14:22:46,30.87,51.32,25.00,20.00,0,0
2026-08-05 14:22:47,30.87,51.36,25.00,20.00,0,0
2026-08-05 14:22:48,30.87,51.32,25.00,20.00,0,0
2026-08-05 14:22:49,30.87,51.36,25.00,20.00,0,0
2026-08-05 14:22:50,30.87,51.36,25.00,20.00,0,0
2026-08-05 14:22:51,30.87,51.36,25.00,20.00,0,0
2026-08-05 14:22:52,30.87,51.32,25.00,20.00,0,0
2026-08-05 14:22:53,30.87,51.38,25.00,20.00,0,0
2026-08-05 14:22:54,30.87,51.36,25.00,20.00,0,0
2026-08-05 14:22:55,30.87,51.32,25.00,20.00,0,0
2026-08-05 14:22:56,30.87,51.32,25.00,20.00,0,0
2026-08-05 14:22:57,30.87,51.32,25.00,20.00,0,0
2026-08-05 14:22:58,30.87,51.36,25.00,20.00,0,0
2026-08-05 14:22:59,30.87,51.36,25.00,20.00,0,0
2026-08-05 14:23:00,30.87,51.35,25.00,20.00,0,0
2026-08-05 14:23:01,30.87,51.36,25.00,20.00,0,0
2026-08-05 14:23:02,30.87,51.35,25.00,20.00,0,0
2026-08-05 14:23:03,30.87,51.32,25.00,20.00,0,0
2026-08-05 14:23:04,30.87,51.32,25.00,20.00,0,0
2026-08-05 14:23:05,30.87,51.32,25.00,20.00,0,0
2026-08-05 14:23:06,30.87,51.32,25.00,20.00,0,0
2026-08-05 14:23:07,30.87,51.36,25.00,20.00,0,0
2026-08-05 14:23:08,30.87,51.32,25.00,20.00,0,0
2026-08-05 14:23:09,30.87,51.32,25.00,20.00,0,0
2026-08-05 14:23:10,30.86,51.36,25.00,20.00,0,0
2026-08-05 14:23:11,30.87,51.32,25.00,20.00,0,0
2026-08-05 14:23:12,30.87,51.32,25.00,20.00,0,0
2026-08-05 14:23:13,30.86,51.32,25.00,20.00,0,0
2026-08-05 14:23:14,30.87,51.32,25.00,20.00,0,0
2026-08-05 14:23:15,30.86,51.32,25.00,20.00,0,0
2026-08-05 14:23:16,30.87,51.32,25.00,20.00,0,0
2026-08-05 14:23:17,30.86,51.32,25.00,20.00,0,0
2026-08-05 14:23:18,30.86,51.32,25.00,20.00,0,0
2026-08-05 14:23:19,30.87,51.32,25.00,20.00,0,0
2026-08-05 14:23:20,30.86,51.36,25.00,20.00,0,0
2026-08-05 14:23:21,30.87,51.32,25.00,20.00,0,0
2026-08-05 14:23:22,30.86,51.32,25.00,20.00,0,0
2026-08-05 14:23:23,30.86,51.32,25.00,20.00,0,0
2026-08-05 14:23:24,30.86,51.32,25.00,20.00,0,0
2026-08-05 14:23:25,30.86,51.32,25.00,20.00,0,0
2026-08-05 14:23:26,30.86,51.32,25.00,20.00,0,0
2026-08-05 14:23:27,30.86,51.32,25.00,20.00,0,0
2026-08-05 14:23:28,30.86,51.36,25.00,20.00,0,0
2026-08-05 14:23:29,30.86,51.32,25.00,20.00,0,0
2026-08-05 14:23:30,30.86,51.32,25.00,20.00,0,0
2026-08-05 14:23:31,30.86,51.32,25.00,20.00,0,0
2026-08-05 14:23:32,30.86,51.36,25.00,20.00,0,0
2026-08-05 14:23:33,30.86,51.32,25.00,20.00,0,0
2026-08-05 14:23:34,30.86,51.36,25.00,20.00,0,0
2026-08-05 14:23:35,30.86,51.32,25.00,20.00,0,0
2026-08-05 14:23:36,30.86,51.32,25.00,20.00,0,0
2026-08-05 14:23:37,30.86,51.32,25.00,20.00,0,0
2026-08-05 14:23:38,30.86,51.36,25.00,20.00,0,0
2026-08-05 14:23:39,30.86,51.32,25.00,20.00,0,0
2026-08-05 14:23:40,30.86,51.32,25.00,20.00,0,0
2026-08-05 14:23:41,30.86,51.32,25.00,20.00,0,0
2026-08-05 14:23:42,30.85,51.32,25.00,20.00,0,0
2026-08-05 14:23:43,30.85,51.32,25.00,20.00,0,0
2026-08-05 14:23:44,30.86,51.32,25.00,20.00,0,0
2026-08-05 14:23:45,30.85,51.32,25.00,20.00,0,0
2026-08-05 14:23:46,30.85,51.32,25.00,20.00,0,0
2026-08-05 14:23:47,30.85,51.32,25.00,20.00,0,0
2026-08-05 14:23:48,30.85,51.32,25.00,20.00,0,0
2026-08-05 14:23:49,30.86,51.32,25.00,20.00,0,0
2026-08-05 14:23:50,30.86,51.32,25.00,20.00,0,0
2026-08-05 14:23:51,30.85,51.32,25.00,20.00,0,0
2026-08-05 14:23:52,30.86,51.32,25.00,20.00,0,0
2026-08-05 14:23:53,30.86,51.32,25.00,20.00,0,0
2026-08-05 14:23:54,30.85,51.32,25.00,20.00,0,0
2026-08-05 14:23:55,30.85,51.32,25.00,20.00,0,0
2026-08-05 14:23:56,30.86,51.32,25.00,20.00,0,0
2026-08-05 14:23:57,30.86,51.32,25.00,20.00,0,0
2026-08-05 14:23:58,30.85,51.32,25.00,20.00,0,0
2026-08-05 14:23:59,30.85,51.32,25.00,20.00,0,0
2026-08-05 14:24:00,30.85,51.32,25.00,20.00,0,0
2026-08-05 14:24:01,30.85,51.32,25.00,20.00,0,0
2026-08-05 14:24:02,30.86,51.32,25.00,20.00,0,0
2026-08-05 14:24:03,30.85,51.32,25.00,20.00,0,0
2026-08-05 14:24:04,30.86,51.32,25.00,20.00,0,0
2026-08-05 14:24:05,30.85,51.32,25.00,20.00,0,0
2026-08-05 14:24:06,30.85,51.32,25.00,20.00,0,0
2026-08-05 14:24:07,30.85,51.32,25.00,20.00,0,0
2026-08-05 14:24:08,30.85,51.32,25.00,20.00,0,0
2026-08-05 14:24:09,30.85,51.32,25.00,20.00,0,0
2026-08-05 14:24:10,30.85,51.32,25.00,20.00,0,0
2026-08-05 14:24:11,30.85,51.32,25.00,20.00,0,0
2026-08-05 14:24:12,30.85,51.32,25.00,20.00,0,0
2026-08-05 14:24:13,30.85,51.32,25.00,20.00,0,0
2026-08-05 14:24:14,30.85,51.32,25.00,20.00,0,0
2026-08-05 14:24:15,30.85,51.32,25.00,20.00,0,0
2026-08-05 14:24:16,30.85,51.32,25.00,20.00,0,0
2026-08-05 14:24:17,30.85,51.32,25.00,20.00,0,0
2026-08-05 14:24:18,30.85,51.32,25.00,20.00,0,0
2026-08-05 14:24:19,30.85,51.32,25.00,20.00,0,0
2026-08-05 14:24:20,30.85,51.32,25.00,20.00,0,0
2026-08-05 14:24:21,30.85,51.32,25.00,20.00,0,0
2026-08-05 14:24:22,30.85,51.32,25.00,20.00,0,0
2026-08-05 14:24:23,30.85,51.32,25.00,20.00,0,0
2026-08-05 14:24:25,30.84,51.32,25.00,20.00,0,0
2026-08-05 14:24:26,30.85,51.32,25.00,20.00,0,0
2026-08-05 14:24:27,30.85,51.32,25.00,20.00,0,0
2026-08-05 14:24:28,30.85,51.32,25.00,20.00,0,0
2026-08-05 14:24:29,30.85,51.32,25.00,20.00,0,0
2026-08-05 14:24:30,30.85,51.32,25.00,20.00,0,0
2026-08-05 14:24:31,30.84,51.32,25.00,20.00,0,0
2026-08-05 14:24:32,30.84,51.32,25.00,20.00,0,0
2026-08-05 14:24:33,30.84,51.32,25.00,20.00,0,0
2026-08-05 14:24:34,30.84,51.32,25.00,20.00,0,0
2026-08-05 14:24:35,30.84,51.32,25.00,20.00,0,0
2026-08-05 14:24:36,30.84,51.32,25.00,20.00,0,0
2026-08-05 14:24:37,30.84,51.32,25.00,20.00,0,0
2026-08-05 14:24:38,30.84,51.32,25.00,20.00,0,0
2026-08-05 14:24:39,30.84,51.32,25.00,20.00,0,0
2026-08-05 14:24:40,30.84,51.32,25.00,20.00,0,0
2026-08-05 14:24:41,30.84,51.32,25.00,20.00,0,0
2026-08-05 14:24:42,30.84,51.32,25.00,20.00,0,0
2026-08-05 14:24:43,30.85,51.32,25.00,20.00,0,0
2026-08-05 14:24:44,30.84,51.32,25.00,20.00,0,0
2026-08-05 14:24:45,30.84,51.32,25.00,20.00,0,0
2026-08-05 14:24:46,30.84,51.32,25.00,20.00,0,0
2026-08-05 14:24:47,30.84,51.32,25.00,20.00,0,0
2026-08-05 14:24:48,30.84,51.32,25.00,20.00,0,0
2026-08-05 14:24:49,30.84,51.32,25.00,20.00,0,0
2026-08-05 14:24:50,30.84,51.32,25.00,20.00,0,0
2026-08-05 14:24:51,30.84,51.32,25.00,20.00,0,0
2026-08-05 14:24:52,30.84,51.32,25.00,20.00,0,0
2026-08-05 14:24:53,30.84,51.32,25.00,20.00,0,0
2026-08-05 14:24:54,30.84,51.32,25.00,20.00,0,0
2026-08-05 14:24:55,30.84,51.32,25.00,20.00,0,0
2026-08-05 14:24:56,30.84,51.32,25.00,20.00,0,0
2026-08-05 14:24:57,30.84,51.32,25.00,20.00,0,0
2026-08-05 14:24:58,30.84,51.32,25.00,20.00,0,0
2026-08-05 14:24:59,30.84,51.32,25.00,20.00,0,0
2026-08-05 14:25:00,30.84,51.32,25.00,20.00,0,0
2026-08-05 14:25:01,30.84,51.32,25.00,20.00,0,0
2026-08-05 14:25:02,30.84,51.32,25.00,20.00,0,0
2026-08-05 14:25:03,30.84,51.32,25.00,20.00,0,0
2026-08-05 14:25:04,30.83,51.32,25.00,20.00,0,0
2026-08-05 14:25:05,30.84,51.32,25.00,20.00,0,0
2026-08-05 14:25:06,30.84,51.32,25.00,20.00,0,0
2026-08-05 14:25:07,30.84,51.32,25.00,20.00,0,0
2026-08-05 14:25:08,30.83,51.32,25.00,20.00,0,0
2026-08-05 14:25:09,30.83,51.32,25.00,20.00,0,0
2026-08-05 14:25:10,30.83,51.32,25.00,20.00,0,0
2026-08-05 14:25:11,30.83,51.32,25.00,20.00,0,0
2026-08-05 14:25:12,30.83,51.32,25.00,20.00,0,0
2026-08-05 14:25:13,30.84,51.32,25.00,20.00,0,0
2026-08-05 14:25:14,30.84,51.32,25.00,20.00,0,0
2026-08-05 14:25:15,30.83,51.32,25.00,20.00,0,0
2026-08-05 14:25:16,30.83,51.32,25.00,20.00,0,0
2026-08-05 14:25:17,30.83,51.32,25.00,20.00,0,0
2026-08-05 14:25:18,30.84,51.32,25.00,20.00,0,0
2026-08-05 14:25:19,30.83,51.32,25.00,20.00,0,0
2026-08-05 14:25:20,30.83,51.32,25.00,20.00,0,0
2026-08-05 14:25:21,30.83,51.32,25.00,20.00,0,0
2026-08-05 14:25:22,30.83,51.32,25.00,20.00,0,0
2026-08-05 14:25:23,30.83,51.32,25.00,20.00,0,0
2026-08-05 14:25:24,30.83,51.32,25.00,20.00,0,0
2026-08-05 14:25:25,30.83,51.32,25.00,20.00,0,0
2026-08-05 14:25:26,30.83,51.32,25.00,20.00,0,0
2026-08-05 14:25:27,30.83,51.32,25.00,20.00,0,0
2026-08-05 14:25:28,30.83,51.32,25.00,20.00,0,0
2026-08-05 14:25:29,30.83,51.32,25.00,20.00,0,0
2026-08-05 14:25:30,30.83,51.32,25.00,20.00,0,0
2026-08-05 14:25:31,30.83,51.32,25.00,20.00,0,0
2026-08-05 14:25:32,30.83,51.32,25.00,20.00,0,0
2026-08-05 14:25:33,30.83,51.32,25.00,20.00,0,0
2026-08-05 14:25:34,30.83,51.32,25.00,20.00,0,0
2026-08-05 14:25:35,30.83,51.32,25.00,20.00,0,0
2026-08-05 14:25:36,30.83,51.32,25.00,20.00,0,0
2026-08-05 14:25:37,30.82,51.32,25.00,20.00,0,0
2026-08-05 14:25:38,30.83,51.32,25.00,20.00,0,0
2026-08-05 14:25:39,30.83,51.32,25.00,20.00,0,0
2026-08-05 14:25:40,30.83,51.32,25.00,20.00,0,0
2026-08-05 14:25:41,30.83,51.32,25.00,20.00,0,0
2026-08-05 14:25:42,30.83,51.32,25.00,20.00,0,0
2026-08-05 14:25:43,30.83,51.32,25.00,20.00,0,0
2026-08-05 14:25:44,30.83,51.32,25.00,20.00,0,0
2026-08-05 14:25:45,30.83,51.32,25.00,20.00,0,0
2026-08-05 14:25:46,30.83,51.32,25.00,20.00,0,0
2026-08-05 14:25:47,30.83,51.32,25.00,20.00,0,0
2026-08-05 14:25:48,30.83,51.32,25.00,20.00,0,0
2026-08-05 14:25:49,30.83,51.32,25.00,20.00,0,0
2026-08-05 14:25:50,30.83,51.32,25.00,20.00,0,0
2026-08-05 14:25:51,30.83,51.32,25.00,20.00,0,0
2026-08-05 14:25:52,30.82,51.32,25.00,20.00,0,0
2026-08-05 14:25:53,30.83,51.32,25.00,20.00,0,0
2026-08-05 14:25:54,30.83,51.32,25.00,20.00,0,0
2026-08-05 14:25:55,30.83,51.32,25.00,20.00,0,0
2026-08-05 14:25:56,30.83,51.32,25.00,20.00,0,0
2026-08-05 14:25:57,30.82,51.32,25.00,20.00,0,0
2026-08-05 14:25:58,30.82,51.32,25.00,20.00,0,0
2026-08-05 14:25:59,30.82,51.32,25.00,20.00,0,0
2026-08-05 14:26:00,30.82,51.32,25.00,20.00,0,0
2026-08-05 14:26:01,30.82,51.32,25.00,20.00,0,0
2026-08-05 14:26:02,30.82,51.32,25.00,20.00,0,0
2026-08-05 14:26:03,30.82,51.32,25.00,20.00,0,0
2026-08-05 14:26:04,30.82,51.32,25.00,20.00,0,0
2026-08-05 14:26:05,30.82,51.32,25.00,20.00,0,0
2026-08-05 14:26:06,30.82,51.32,25.00,20.00,0,0
2026-08-05 14:26:07,30.82,51.32,25.00,20.00,0,0
2026-08-05 14:26:08,30.82,51.32,25.00,20.00,0,0
2026-08-05 14:26:09,30.82,51.32,25.00,20.00,0,0
2026-08-05 14:26:10,30.82,51.32,25.00,20.00,0,0
2026-08-05 14:26:11,30.82,51.32,25.00,20.00,0,0
2026-08-05 14:26:12,30.82,51.32,25.00,20.00,0,0
2026-08-05 14:26:13,30.82,51.32,25.00,20.00,0,0
2026-08-05 14:26:14,30.82,51.32,25.00,20.00,0,0
2026-08-05 14:26:15,30.82,51.32,25.00,20.00,0,0
2026-08-05 14:26:16,30.82,51.32,25.00,20.00,0,0
2026-08-05 14:26:17,30.82,51.32,25.00,20.00,0,0
2026-08-05 14:26:18,30.82,51.32,25.00,20.00,0,0
2026-08-05 14:26:19,30.82,51.32,25.00,20.00,0,0
2026-08-05 14:26:20,30.82,51.32,25.00,20.00,0,0
2026-08-05 14:26:21,30.82,51.32,25.00,20.00,0,0
2026-08-05 14:26:22,30.81,51.32,25.00,20.00,0,0
2026-08-05 14:26:23,30.81,51.32,25.00,20.00,0,0
2026-08-05 14:26:24,30.81,51.32,25.00,20.00,0,0
2026-08-05 14:26:25,30.82,51.32,25.00,20.00,0,0
2026-08-05 14:26:26,30.82,51.32,25.00,20.00,0,0
2026-08-05 14:26:27,30.82,51.32,25.00,20.00,0,0
2026-08-05 14:26:28,30.81,51.32,25.00,20.00,0,0
2026-08-05 14:26:29,30.82,51.32,25.00,20.00,0,0
2026-08-05 14:26:30,30.82,51.32,25.00,20.00,0,0
2026-08-05 14:26:31,30.81,51.32,25.00,20.00,0,0
2026-08-05 14:26:32,30.81,51.32,25.00,20.00,0,0
2026-08-05 14:26:33,30.81,51.32,25.00,20.00,0,0
2026-08-05 14:26:34,30.81,51.32,25.00,20.00,0,0
2026-08-05 14:26:35,30.81,51.32,25.00,20.00,0,0
2026-08-05 14:26:36,30.81,51.32,25.00,20.00,0,0
2026-08-05 14:26:37,30.81,51.32,25.00,20.00,0,0
2026-08-05 14:26:38,30.81,51.32,25.00,20.00,0,0
2026-08-05 14:26:39,30.81,51.32,25.00,20.00,0,0
2026-08-05 14:26:40,30.81,51.32,25.00,20.00,0,0
2026-08-05 14:26:41,30.81,51.32,25.00,20.00,0,0
2026-08-05 14:26:42,30.81,51.32,25.00,20.00,0,0
2026-08-05 14:26:43,30.81,51.32,25.00,20.00,0,0
2026-08-05 14:26:44,30.81,51.32,25.00,20.00,0,0
2026-08-05 14:26:45,30.81,51.32,25.00,20.00,0,0
2026-08-05 14:26:46,30.81,51.32,25.00,20.00,0,0
2026-08-05 14:26:47,30.81,51.32,25.00,20.00,0,0
2026-08-05 14:26:48,30.81,51.32,25.00,20.00,0,0
2026-08-05 14:26:49,30.81,51.32,25.00,20.00,0,0
2026-08-05 14:26:50,30.81,51.32,25.00,20.00,0,0
2026-08-05 14:26:51,30.81,51.32,25.00,20.00,0,0
2026-08-05 14:26:52,30.81,51.32,25.00,20.00,0,0
2026-08-05 14:26:53,30.81,51.32,25.00,20.00,0,0
2026-08-05 14:26:54,30.81,51.32,25.00,20.00,0,0
2026-08-05 14:26:55,30.81,51.32,25.00,20.00,0,0
2026-08-05 14:26:56,30.81,51.32,25.00,20.00,0,0
2026-08-05 14:26:57,30.81,51.32,25.00,20.00,0,0
2026-08-05 14:26:58,30.81,51.32,25.00,20.00,0,0
2026-08-05 14:26:59,30.81,51.32,25.00,20.00,0,0
2026-08-05 14:27:00,30.81,51.32,25.00,20.00,0,0
2026-08-05 14:27:01,30.79,51.32,25.00,20.00,0,0
2026-08-05 14:27:02,30.81,51.32,25.00,20.00,0,0
2026-08-05 14:27:03,30.81,51.32,25.00,20.00,0,0
2026-08-05 14:27:04,30.81,51.32,25.00,20.00,0,0
2026-08-05 14:27:05,30.81,51.32,25.00,20.00,0,0
2026-08-05 14:27:06,30.79,51.32,25.00,20.00,0,0
2026-08-05 14:27:07,30.81,51.32,25.00,20.00,0,0
2026-08-05 14:27:08,30.81,51.32,25.00,20.00,0,0
2026-08-05 14:27:09,30.79,51.32,25.00,20.00,0,0
2026-08-05 14:27:10,30.79,51.32,25.00,20.00,0,0
2026-08-05 14:27:11,30.79,51.32,25.00,20.00,0,0
2026-08-05 14:27:12,30.81,51.32,25.00,20.00,0,0
2026-08-05 14:27:13,30.79,51.32,25.00,20.00,0,0
2026-08-05 14:27:14,30.79,51.32,25.00,20.00,0,0
2026-08-05 14:27:15,30.79,51.32,25.00,20.00,0,0
2026-08-05 14:27:16,30.81,51.32,25.00,20.00,0,0
2026-08-05 14:27:17,30.79,51.32,25.00,20.00,0,0
2026-08-05 14:27:18,30.81,51.32,25.00,20.00,0,0
2026-08-05 14:27:19,30.81,51.32,25.00,20.00,0,0
2026-08-05 14:27:20,30.81,51.32,25.00,20.00,0,0
2026-08-05 14:27:21,30.79,51.32,25.00,20.00,0,0
2026-08-05 14:27:22,30.79,51.32,25.00,20.00,0,0
2026-08-05 14:27:23,30.79,51.32,25.00,20.00,0,0
2026-08-05 14:27:24,30.81,51.32,25.00,20.00,0,0
2026-08-05 14:27:25,30.79,51.32,25.00,20.00,0,0
2026-08-05 14:27:26,30.79,51.32,25.00,20.00,0,0
2026-08-05 14:27:27,30.81,51.32,25.00,20.00,0,0
2026-08-05 14:27:28,30.79,51.32,25.00,20.00,0,0
2026-08-05 14:27:29,30.79,51.32,25.00,20.00,0,0
2026-08-05 14:27:30,30.79,51.32,25.00,20.00,0,0
2026-08-05 14:27:31,30.79,51.32,25.00,20.00,0,0
2026-08-05 14:27:32,30.79,51.32,25.00,20.00,0,0
2026-08-05 14:27:33,30.79,51.32,25.00,20.00,0,0
2026-08-05 14:27:34,30.79,51.32,25.00,20.00,0,0
2026-08-05 14:27:35,30.79,51.32,25.00,20.00,0,0
2026-08-05 14:27:36,30.79,51.32,25.00,20.00,0,0
2026-08-05 14:27:37,30.79,51.32,25.00,20.00,0,0
2026-08-05 14:27:38,30.79,51.32,25.00,20.00,0,0
2026-08-05 14:27:39,30.79,51.32,25.00,20.00,0,0
2026-08-05 14:27:40,30.79,51.32,25.00,20.00,0,0
2026-08-05 14:27:41,30.79,51.32,25.00,20.00,0,0
2026-08-05 14:27:42,30.79,51.32,25.00,20.00,0,0
2026-08-05 14:27:43,30.79,51.32,25.00,20.00,0,0
2026-08-05 14:27:44,30.79,51.32,25.00,20.00,0,0
2026-08-05 14:27:45,30.79,51.32,25.00,20.00,0,0
2026-08-05 14:27:46,30.79,51.32,25.00,20.00,0,0
2026-08-05 14:27:47,30.79,51.32,25.00,20.00,0,0
2026-08-05 14:27:48,30.78,51.32,25.00,20.00,0,0
2026-08-05 14:27:49,30.78,51.32,25.00,20.00,0,0
2026-08-05 14:27:50,30.79,51.32,25.00,20.00,0,0
2026-08-05 14:27:51,30.79,51.32,25.00,20.00,0,0
2026-08-05 14:27:52,30.78,51.32,25.00,20.00,0,0
2026-08-05 14:27:53,30.78,51.32,25.00,20.00,0,0
2026-08-05 14:27:54,30.78,51.32,25.00,20.00,0,0
2026-08-05 14:27:55,30.79,51.32,25.00,20.00,0,0
2026-08-05 14:27:56,30.78,51.32,25.00,20.00,0,0
2026-08-05 14:27:57,30.79,51.32,25.00,20.00,0,0
2026-08-05 14:27:58,30.78,51.32,25.00,20.00,0,0
2026-08-05 14:27:59,30.78,51.32,25.00,20.00,0,0
2026-08-05 14:28:00,30.78,51.32,25.00,20.00,0,0
2026-08-05 14:28:01,30.79,51.32,25.00,20.00,0,0
2026-08-05 14:28:02,30.78,51.32,25.00,20.00,0,0
2026-08-05 14:28:03,30.78,51.32,25.00,20.00,0,0
2026-08-05 14:28:04,30.78,51.32,25.00,20.00,0,0
2026-08-05 14:28:05,30.78,51.32,25.00,20.00,0,0
2026-08-05 14:28:06,30.78,51.32,25.00,20.00,0,0
2026-08-05 14:28:07,30.78,51.32,25.00,20.00,0,0
2026-08-05 14:28:08,30.78,51.32,25.00,20.00,0,0
2026-08-05 14:28:09,30.78,51.32,25.00,20.00,0,0
2026-08-05 14:28:10,30.78,51.32,25.00,20.00,0,0
2026-08-05 14:28:11,30.78,51.32,25.00,20.00,0,0
2026-08-05 14:28:12,30.78,51.32,25.00,20.00,0,0
2026-08-05 14:28:13,30.78,51.32,25.00,20.00,0,0
2026-08-05 14:28:14,30.78,51.32,25.00,20.00,0,0
2026-08-05 14:28:15,30.78,51.32,25.00,20.00,0,0
2026-08-05 14:28:16,30.78,51.32,25.00,20.00,0,0
2026-08-05 14:28:17,30.78,51.32,25.00,20.00,0,0
2026-08-05 14:28:18,30.78,51.32,25.00,20.00,0,0
2026-08-05 14:28:19,30.78,51.32,25.00,20.00,0,0
2026-08-05 14:28:20,30.78,51.32,25.00,20.00,0,0
2026-08-05 14:28:21,30.78,51.32,25.00,20.00,0,0
2026-08-05 14:28:22,30.78,51.32,25.00,20.00,0,0
2026-08-05 14:28:23,30.78,51.32,25.00,20.00,0,0
2026-08-05 14:28:24,30.78,51.32,25.00,20.00,0,0
2026-08-05 14:28:25,30.78,51.32,25.00,20.00,0,0
2026-08-05 14:28:26,30.78,51.32,25.00,20.00,0,0
2026-08-05 14:28:27,30.78,51.32,25.00,20.00,0,0
2026-08-05 14:28:28,30.78,51.32,25.00,20.00,0,0
2026-08-05 14:28:29,30.78,51.32,25.00,20.00,0,0
2026-08-05 14:28:30,30.78,51.32,25.00,20.00,0,0
2026-08-05 14:28:31,30.78,51.32,25.00,20.00,0,0
2026-08-05 14:28:32,30.78,51.32,25.00,20.00,0,0
2026-08-05 14:28:33,30.77,51.32,25.00,20.00,0,0
2026-08-05 14:28:34,30.78,51.32,25.00,20.00,0,0
2026-08-05 14:28:35,30.78,51.32,25.00,20.00,0,0
2026-08-05 14:28:36,30.77,51.32,25.00,20.00,0,0
2026-08-05 14:28:37,30.77,51.32,25.00,20.00,0,0
2026-08-05 14:28:38,30.78,51.32,25.00,20.00,0,0
2026-08-05 14:28:39,30.78,51.32,25.00,20.00,0,0
2026-08-05 14:28:40,30.77,51.32,25.00,20.00,0,0
2026-08-05 14:28:41,30.77,51.32,25.00,20.00,0,0
2026-08-05 14:28:42,30.77,51.32,25.00,20.00,0,0
2026-08-05 14:28:43,30.77,51.32,25.00,20.00,0,0
2026-08-05 14:28:44,30.78,51.32,25.00,20.00,0,0
2026-08-05 14:28:45,30.77,51.32,25.00,20.00,0,0
2026-08-05 14:28:46,30.77,51.32,25.00,20.00,0,0
2026-08-05 14:28:47,30.77,51.32,25.00,20.00,0,0
2026-08-05 14:28:48,30.77,51.32,25.00,20.00,0,0
2026-08-05 14:28:49,30.78,51.32,25.00,20.00,0,0
2026-08-05 14:28:50,30.78,51.32,25.00,20.00,0,0
2026-08-05 14:28:51,30.77,51.32,25.00,20.00,0,0
2026-08-05 14:28:52,30.77,51.32,25.00,20.00,0,0
2026-08-05 14:28:53,30.77,51.32,25.00,20.00,0,0
2026-08-05 14:28:54,30.78,51.32,25.00,20.00,0,0
2026-08-05 14:28:55,30.77,51.32,25.00,20.00,0,0
2026-08-05 14:28:56,30.77,51.32,25.00,20.00,0,0
2026-08-05 14:28:57,30.78,51.32,25.00,20.00,0,0
2026-08-05 14:28:58,30.77,51.32,25.00,20.00,0,0
2026-08-05 14:28:59,30.77,51.32,25.00,20.00,0,0
2026-08-05 14:29:00,30.77,51.32,25.00,20.00,0,0
2026-08-05 14:29:01,30.77,51.32,25.00,20.00,0,0
2026-08-05 14:29:02,30.77,51.32,25.00,20.00,0,0
2026-08-05 14:29:03,30.77,51.32,25.00,20.00,0,0
2026-08-05 14:29:04,30.77,51.32,25.00,20.00,0,0
2026-08-05 14:29:05,30.77,51.32,25.00,20.00,0,0
2026-08-05 14:29:06,30.77,51.32,25.00,20.00,0,0
2026-08-05 14:29:07,30.77,51.32,25.00,20.00,0,0
2026-08-05 14:29:08,30.77,51.32,25.00,20.00,0,0
2026-08-05 14:29:09,30.77,51.32,25.00,20.00,0,0
2026-08-05 14:29:10,30.77,51.32,25.00,20.00,0,0
2026-08-05 14:29:11,30.77,51.32,25.00,20.00,0,0
2026-08-05 14:29:12,30.77,51.32,25.00,20.00,0,0
2026-08-05 14:29:13,30.77,51.32,25.00,20.00,0,0
2026-08-05 14:29:14,30.77,51.32,25.00,20.00,0,0
2026-08-05 14:29:15,30.77,51.32,25.00,20.00,0,0
2026-08-05 14:29:16,30.77,51.32,25.00,20.00,0,0
2026-08-05 14:29:17,30.77,51.32,25.00,20.00,0,0
2026-08-05 14:29:18,30.77,51.32,25.00,20.00,0,0
2026-08-05 14:29:19,30.77,51.32,25.00,20.00,0,0
2026-08-05 14:29:20,30.76,51.32,25.00,20.00,0,0
2026-08-05 14:29:21,30.77,51.32,25.00,20.00,0,0
2026-08-05 14:29:22,30.77,51.32,25.00,20.00,0,0
2026-08-05 14:29:23,30.77,51.32,25.00,20.00,0,0
2026-08-05 14:29:24,30.76,51.32,25.00,20.00,0,0
2026-08-05 14:29:25,30.77,51.32,25.00,20.00,0,0
2026-08-05 14:29:26,30.76,51.32,25.00,20.00,0,0
2026-08-05 14:29:27,30.77,51.32,25.00,20.00,0,0
2026-08-05 14:29:28,30.76,51.32,25.00,20.00,0,0
2026-08-05 14:29:29,30.76,51.32,25.00,20.00,0,0
2026-08-05 14:29:30,30.76,51.32,25.00,20.00,0,0
2026-08-05 14:29:31,30.76,51.32,25.00,20.00,0,0
2026-08-05 14:29:32,30.76,51.32,25.00,20.00,0,0
2026-08-05 14:29:33,30.76,51.32,25.00,20.00,0,0
2026-08-05 14:29:34,30.76,51.32,25.00,20.00,0,0
2026-08-05 14:29:35,30.77,51.32,25.00,20.00,0,0
2026-08-05 14:29:36,30.76,51.32,25.00,20.00,0,0
2026-08-05 14:29:37,30.77,51.32,25.00,20.00,0,0
2026-08-05 14:29:38,30.76,51.32,25.00,20.00,0,0
2026-08-05 14:29:39,30.76,51.32,25.00,20.00,0,0
2026-08-05 14:29:40,30.76,51.32,25.00,20.00,0,0
2026-08-05 14:29:41,30.76,51.32,25.00,20.00,0,0
2026-08-05 14:29:42,30.76,51.32,25.00,20.00,0,0
2026-08-05 14:29:43,30.76,51.32,25.00,20.00,0,0
2026-08-05 14:29:44,30.76,51.32,25.00,20.00,0,0
2026-08-05 14:29:45,30.76,51.32,25.00,20.00,0,0
2026-08-05 14:29:46,30.76,51.32,25.00,20.00,0,0
2026-08-05 14:29:47,30.76,51.32,25.00,20.00,0,0
2026-08-05 14:29:48,30.76,51.32,25.00,20.00,0,0
2026-08-05 14:29:49,30.76,51.32,25.00,20.00,0,0
2026-08-05 14:29:50,30.76,51.32,25.00,20.00,0,0
2026-08-05 14:29:51,30.76,51.32,25.00,20.00,0,0
2026-08-05 14:29:52,30.76,51.32,25.00,20.00,0,0
2026-08-05 14:29:53,30.76,51.32,25.00,20.00,0,0
2026-08-05 14:29:54,30.76,51.32,25.00,20.00,0,0
2026-08-05 14:29:55,30.76,51.32,25.00,20.00,0,0
2026-08-05 14:29:56,30.76,51.32,25.00,20.00,0,0
2026-08-05 14:29:57,30.76,51.32,25.00,20.00,0,0
2026-08-05 14:29:58,30.76,51.32,25.00,20.00,0,0
2026-08-05 14:29:59,30.76,51.32,25.00,20.00,0,0
2026-08-05 14:30:00,30.76,51.32,25.00,20.00,0,0
2026-08-05 14:30:01,30.76,51.32,25.00,20.00,0,0
2026-08-05 14:30:02,30.76,51.32,25.00,20.00,0,0
2026-08-05 14:30:03,30.76,51.32,25.00,20.00,0,0
2026-08-05 14:30:04,30.76,51.32,25.00,20.00,0,0
2026-08-05 14:30:05,30.75,51.32,25.00,20.00,0,0
2026-08-05 14:30:06,30.75,51.32,25.00,20.00,0,0
2026-08-05 14:30:07,30.76,51.32,25.00,20.00,0,0
2026-08-05 14:30:08,30.75,51.32,25.00,20.00,0,0
2026-08-05 14:30:09,30.76,51.32,25.00,20.00,0,0
2026-08-05 14:30:10,30.76,51.32,25.00,20.00,0,0
2026-08-05 14:30:11,30.75,51.32,25.00,20.00,0,0
2026-08-05 14:30:12,30.76,51.32,25.00,20.00,0,0
2026-08-05 14:30:13,30.76,51.32,25.00,20.00,0,0
2026-08-05 14:30:14,30.76,51.32,25.00,20.00,0,0
2026-08-05 14:30:15,30.76,51.32,25.00,20.00,0,0
2026-08-05 14:30:16,30.76,51.32,25.00,20.00,0,0
2026-08-05 14:30:17,30.75,51.32,25.00,20.00,0,0
2026-08-05 14:30:18,30.76,51.32,25.00,20.00,0,0
2026-08-05 14:30:19,30.75,51.32,25.00,20.00,0,0
2026-08-05 14:30:20,30.76,51.32,25.00,20.00,0,0
2026-08-05 14:30:21,30.75,51.32,25.00,20.00,0,0
2026-08-05 14:30:22,30.75,51.32,25.00,20.00,0,0
2026-08-05 14:30:23,30.75,51.32,25.00,20.00,0,0
2026-08-05 14:30:24,30.75,51.32,25.00,20.00,0,0
2026-08-05 14:30:25,30.75,51.32,25.00,20.00,0,0
2026-08-05 14:30:26,30.76,51.32,25.00,20.00,0,0
2026-08-05 14:30:27,30.75,51.29,25.00,20.00,0,0
2026-08-05 14:30:28,30.75,51.29,25.00,20.00,0,0
2026-08-05 14:30:29,30.75,51.32,25.00,20.00,0,0
2026-08-05 14:30:30,30.75,51.29,25.00,20.00,0,0
2026-08-05 14:30:31,30.75,51.29,25.00,20.00,0,0
2026-08-05 14:30:32,30.75,51.29,25.00,20.00,0,0
2026-08-05 14:30:33,30.75,51.29,25.00,20.00,0,0
2026-08-05 14:30:34,30.75,51.29,25.00,20.00,0,0
2026-08-05 14:30:35,30.75,51.32,25.00,20.00,0,0
2026-08-05 14:30:36,30.75,51.32,25.00,20.00,0,0
2026-08-05 14:30:37,30.75,51.29,25.00,20.00,0,0
2026-08-05 14:30:38,30.75,51.29,25.00,20.00,0,0
2026-08-05 14:30:39,30.75,51.32,25.00,20.00,0,0
2026-08-05 14:30:40,30.75,51.29,25.00,20.00,0,0
2026-08-05 14:30:41,30.75,51.29,25.00,20.00,0,0
2026-08-05 14:30:42,30.75,51.32,25.00,20.00,0,0
2026-08-05 14:30:43,30.75,51.29,25.00,20.00,0,0
2026-08-05 14:30:44,30.75,51.29,25.00,20.00,0,0
2026-08-05 14:30:45,30.75,51.29,25.00,20.00,0,0
2026-08-05 14:30:46,30.75,51.29,25.00,20.00,0,0
2026-08-05 14:30:47,30.75,51.29,25.00,20.00,0,0
2026-08-05 14:30:48,30.75,51.29,25.00,20.00,0,0
2026-08-05 14:30:49,30.75,51.29,25.00,20.00,0,0
2026-08-05 14:30:50,30.75,51.29,25.00,20.00,0,0
2026-08-05 14:30:51,30.75,51.32,25.00,20.00,0,0
2026-08-05 14:30:52,30.75,51.29,25.00,20.00,0,0
2026-08-05 14:30:53,30.75,51.29,25.00,20.00,0,0
2026-08-05 14:30:54,30.74,51.29,25.00,20.00,0,0
2026-08-05 14:30:55,30.74,51.29,25.00,20.00,0,0
2026-08-05 14:30:56,30.75,51.29,25.00,20.00,0,0
2026-08-05 14:30:57,30.75,51.29,25.00,20.00,0,0
2026-08-05 14:30:58,30.75,51.29,25.00,20.00,0,0
2026-08-05 14:30:59,30.74,51.29,25.00,20.00,0,0
2026-08-05 14:31:00,30.74,51.29,25.00,20.00,0,0
2026-08-05 14:31:01,30.74,51.27,25.00,20.00,0,0
2026-08-05 14:31:02,30.75,51.29,25.00,20.00,0,0
2026-08-05 14:31:03,30.75,51.27,25.00,20.00,0,0
2026-08-05 14:31:04,30.74,51.29,25.00,20.00,0,0
2026-08-05 14:31:05,30.74,51.29,25.00,20.00,0,0
2026-08-05 14:31:06,30.74,51.27,25.00,20.00,0,0
2026-08-05 14:31:07,30.74,51.29,25.00,20.00,0,0
2026-08-05 14:31:08,30.75,51.29,25.00,20.00,0,0
2026-08-05 14:31:09,30.74,51.29,25.00,20.00,0,0
2026-08-05 14:31:10,30.74,51.29,25.00,20.00,0,0
2026-08-05 14:31:11,30.74,51.29,25.00,20.00,0,0
2026-08-05 14:31:12,30.74,51.29,25.00,20.00,0,0
2026-08-05 14:31:13,30.74,51.29,25.00,20.00,0,0
2026-08-05 14:31:14,30.74,51.29,25.00,20.00,0,0
2026-08-05 14:31:15,30.74,51.29,25.00,20.00,0,0
2026-08-05 14:31:16,30.74,51.29,25.00,20.00,0,0
2026-08-05 14:31:17,30.74,51.29,25.00,20.00,0,0
2026-08-05 14:31:18,30.74,51.29,25.00,20.00,0,0
2026-08-05 14:31:19,30.74,51.27,25.00,20.00,0,0
2026-08-05 14:31:20,30.74,51.29,25.00,20.00,0,0
2026-08-05 14:31:21,30.74,51.29,25.00,20.00,0,0
2026-08-05 14:31:22,30.74,51.29,25.00,20.00,0,0
2026-08-05 14:31:23,30.74,51.29,25.00,20.00,0,0
2026-08-05 14:31:24,30.74,51.29,25.00,20.00,0,0
2026-08-05 14:31:25,30.74,51.29,25.00,20.00,0,0
2026-08-05 14:31:26,30.74,51.29,25.00,20.00,0,0
2026-08-05 14:31:27,30.74,51.27,25.00,20.00,0,0
2026-08-05 14:31:28,30.74,51.27,25.00,20.00,0,0
2026-08-05 14:31:29,30.74,51.29,25.00,20.00,0,0
2026-08-05 14:31:30,30.74,51.29,25.00,20.00,0,0
2026-08-05 14:31:31,30.74,51.29,25.00,20.00,0,0
2026-08-05 14:31:32,30.74,51.29,25.00,20.00,0,0
2026-08-05 14:31:33,30.74,51.27,25.00,20.00,0,0
2026-08-05 14:31:34,30.74,51.29,25.00,20.00,0,0
2026-08-05 14:31:35,30.74,51.29,25.00,20.00,0,0
2026-08-05 14:31:36,30.74,51.29,25.00,20.00,0,0
2026-08-05 14:31:37,30.74,51.27,25.00,20.00,0,0
2026-08-05 14:31:38,30.74,51.29,25.00,20.00,0,0
2026-08-05 14:31:39,30.74,51.29,25.00,20.00,0,0
2026-08-05 14:31:40,30.73,51.29,25.00,20.00,0,0
2026-08-05 14:31:41,30.74,51.27,25.00,20.00,0,0
2026-08-05 14:31:42,30.74,51.29,25.00,20.00,0,0
2026-08-05 14:31:43,30.74,51.29,25.00,20.00,0,0
2026-08-05 14:31:44,30.74,51.27,25.00,20.00,0,0
2026-08-05 14:31:45,30.74,51.29,25.00,20.00,0,0
2026-08-05 14:31:46,30.74,51.29,25.00,20.00,0,0
2026-08-05 14:31:47,30.73,51.27,25.00,20.00,0,0
2026-08-05 14:31:48,30.73,51.29,25.00,20.00,0,0
2026-08-05 14:31:49,30.73,51.29,25.00,20.00,0,0
2026-08-05 14:31:50,30.73,51.29,25.00,20.00,0,0
2026-08-05 14:31:51,30.74,51.27,25.00,20.00,0,0
2026-08-05 14:31:52,30.74,51.29,25.00,20.00,0,0
2026-08-05 14:31:53,30.74,51.27,25.00,20.00,0,0
2026-08-05 14:31:54,30.74,51.27,25.00,20.00,0,0
2026-08-05 14:31:55,30.73,51.29,25.00,20.00,0,0
2026-08-05 14:31:56,30.73,51.27,25.00,20.00,0,0
2026-08-05 14:31:57,30.74,51.27,25.00,20.00,0,0
2026-08-05 14:31:58,30.74,51.29,25.00,20.00,0,0
2026-08-05 14:31:59,30.74,51.27,25.00,20.00,0,0
2026-08-05 14:32:00,30.73,51.27,25.00,20.00,0,0
2026-08-05 14:32:01,30.73,51.25,25.00,20.00,0,0
2026-08-05 14:32:02,30.73,51.29,25.00,20.00,0,0
2026-08-05 14:32:03,30.74,51.23,25.00,20.00,0,0
2026-08-05 14:32:04,30.73,51.25,25.00,20.00,0,0
2026-08-05 14:32:05,30.73,51.25,25.00,20.00,0,0
2026-08-05 14:32:06,30.74,51.23,25.00,20.00,0,0
2026-08-05 14:32:07,30.73,51.29,25.00,20.00,0,0
2026-08-05 14:32:08,30.74,51.23,25.00,20.00,0,0
2026-08-05 14:32:09,30.73,51.25,25.00,20.00,0,0
2026-08-05 14:32:10,30.73,51.23,25.00,20.00,0,0
2026-08-05 14:32:11,30.74,51.29,25.00,20.00,0,0
2026-08-05 14:32:12,30.73,51.23,25.00,20.00,0,0
2026-08-05 14:32:13,30.74,51.25,25.00,20.00,0,0
2026-08-05 14:32:14,30.73,51.23,25.00,20.00,0,0
2026-08-05 14:32:15,30.74,51.23,25.00,20.00,0,0
2026-08-05 14:32:16,30.73,51.23,25.00,20.00,0,0
2026-08-05 14:32:17,30.73,51.25,25.00,20.00,0,0
2026-08-05 14:32:18,30.73,51.23,25.00,20.00,0,0
2026-08-05 14:32:19,30.74,51.23,25.00,20.00,0,0
2026-08-05 14:32:20,30.73,51.25,25.00,20.00,0,0
2026-08-05 14:32:21,30.74,51.23,25.00,20.00,0,0
2026-08-05 14:32:22,30.73,51.23,25.00,20.00,0,0
2026-08-05 14:32:23,30.73,51.23,25.00,20.00,0,0
2026-08-05 14:32:24,30.73,51.25,25.00,20.00,0,0
2026-08-05 14:32:25,30.73,51.23,25.00,20.00,0,0
2026-08-05 14:32:26,30.73,51.23,25.00,20.00,0,0
2026-08-05 14:32:27,30.73,51.23,25.00,20.00,0,0
2026-08-05 14:32:28,30.73,51.23,25.00,20.00,0,0
2026-08-05 14:32:29,30.73,51.23,25.00,20.00,0,0
2026-08-05 14:32:30,30.73,51.23,25.00,20.00,0,0
2026-08-05 14:32:31,30.73,51.23,25.00,20.00,0,0
2026-08-05 14:32:32,30.73,51.23,25.00,20.00,0,0
2026-08-05 14:32:33,30.73,51.23,25.00,20.00,0,0
2026-08-05 14:32:34,30.73,51.23,25.00,20.00,0,0
2026-08-05 14:32:35,30.73,51.23,25.00,20.00,0,0
2026-08-05 14:32:36,30.73,51.23,25.00,20.00,0,0
2026-08-05 14:32:37,30.73,51.23,25.00,20.00,0,0
2026-08-05 14:32:38,30.72,51.23,25.00,20.00,0,0
2026-08-05 14:32:39,30.72,51.23,25.00,20.00,0,0
2026-08-05 14:32:40,30.73,51.23,25.00,20.00,0,0
2026-08-05 14:32:41,30.73,51.23,25.00,20.00,0,0
2026-08-05 14:32:42,30.73,51.23,25.00,20.00,0,0
2026-08-05 14:32:43,30.73,51.23,25.00,20.00,0,0
2026-08-05 14:32:44,30.72,51.23,25.00,20.00,0,0
2026-08-05 14:32:45,30.72,51.23,25.00,20.00,0,0
2026-08-05 14:32:46,30.73,51.23,25.00,20.00,0,0
2026-08-05 14:32:47,30.72,51.23,25.00,20.00,0,0
2026-08-05 14:32:48,30.72,51.23,25.00,20.00,0,0
2026-08-05 14:32:49,30.72,51.23,25.00,20.00,0,0
2026-08-05 14:32:50,30.72,51.23,25.00,20.00,0,0
2026-08-05 14:32:51,30.72,51.23,25.00,20.00,0,0
2026-08-05 14:32:52,30.72,51.23,25.00,20.00,0,0
2026-08-05 14:32:53,30.72,51.23,25.00,20.00,0,0
2026-08-05 14:32:54,30.72,51.23,25.00,20.00,0,0
2026-08-05 14:32:55,30.72,51.23,25.00,20.00,0,0
2026-08-05 14:32:56,30.72,51.23,25.00,20.00,0,0
2026-08-05 14:32:57,30.72,51.23,25.00,20.00,0,0
2026-08-05 14:32:58,30.72,51.23,25.00,20.00,0,0
2026-08-05 14:32:59,30.72,51.23,25.00,20.00,0,0
2026-08-05 14:33:00,30.72,51.23,25.00,20.00,0,0
2026-08-05 14:33:01,30.72,51.23,25.00,20.00,0,0
2026-08-05 14:33:02,30.72,51.23,25.00,20.00,0,0
2026-08-05 14:33:03,30.72,51.23,25.00,20.00,0,0
2026-08-05 14:33:04,30.72,51.23,25.00,20.00,0,0
2026-08-05 14:33:05,30.72,51.23,25.00,20.00,0,0
2026-08-05 14:33:06,30.72,51.23,25.00,20.00,0,0
2026-08-05 14:33:07,30.72,51.23,25.00,20.00,0,0
2026-08-05 14:33:08,30.71,51.23,25.00,20.00,0,0
2026-08-05 14:33:09,30.72,51.23,25.00,20.00,0,0
2026-08-05 14:33:10,30.72,51.23,25.00,20.00,0,0
2026-08-05 14:33:11,30.72,51.23,25.00,20.00,0,0
2026-08-05 14:33:12,30.72,51.23,25.00,20.00,0,0
2026-08-05 14:33:13,30.72,51.23,25.00,20.00,0,0
2026-08-05 14:33:14,30.72,51.23,25.00,20.00,0,0
2026-08-05 14:33:15,30.72,51.23,25.00,20.00,0,0
2026-08-05 14:33:16,30.72,51.23,25.00,20.00,0,0
2026-08-05 14:33:17,30.72,51.23,25.00,20.00,0,0
2026-08-05 14:33:18,30.72,51.23,25.00,20.00,0,0
2026-08-05 14:33:19,30.72,51.23,25.00,20.00,0,0
2026-08-05 14:33:20,30.72,51.23,25.00,20.00,0,0
2026-08-05 14:33:21,30.71,51.23,25.00,20.00,0,0
2026-08-05 14:33:22,30.72,51.23,25.00,20.00,0,0
2026-08-05 14:33:23,30.72,51.23,25.00,20.00,0,0
2026-08-05 14:33:24,30.71,51.23,25.00,20.00,0,0
2026-08-05 14:33:25,30.71,51.23,25.00,20.00,0,0
2026-08-05 14:33:26,30.71,51.23,25.00,20.00,0,0
2026-08-05 14:33:27,30.71,51.23,25.00,20.00,0,0
2026-08-05 14:33:28,30.71,51.23,25.00,20.00,0,0
2026-08-05 14:33:29,30.71,51.23,25.00,20.00,0,0
2026-08-05 14:33:30,30.71,51.23,25.00,20.00,0,0
2026-08-05 14:33:31,30.71,51.23,25.00,20.00,0,0
2026-08-05 14:33:32,30.71,51.23,25.00,20.00,0,0
2026-08-05 14:33:33,30.71,51.23,25.00,20.00,0,0
2026-08-05 14:33:34,30.71,51.23,25.00,20.00,0,0
2026-08-05 14:33:35,30.71,51.23,25.00,20.00,0,0
2026-08-05 14:33:36,30.71,51.23,25.00,20.00,0,0
2026-08-05 14:33:37,30.71,51.23,25.00,20.00,0,0
2026-08-05 14:33:38,30.71,51.23,25.00,20.00,0,0
2026-08-05 14:33:39,30.71,51.23,25.00,20.00,0,0
2026-08-05 14:33:40,30.71,51.23,25.00,20.00,0,0
2026-08-05 14:33:41,30.71,51.23,25.00,20.00,0,0
2026-08-05 14:33:42,30.71,51.23,25.00,20.00,0,0
2026-08-05 14:33:43,30.71,51.23,25.00,20.00,0,0
2026-08-05 14:33:44,30.71,51.23,25.00,20.00,0,0
2026-08-05 14:33:45,30.71,51.23,25.00,20.00,0,0
2026-08-05 14:33:46,30.71,51.23,25.00,20.00,0,0
2026-08-05 14:33:47,30.71,51.23,25.00,20.00,0,0
2026-08-05 14:33:48,30.71,51.23,25.00,20.00,0,0
2026-08-05 14:33:49,30.71,51.23,25.00,20.00,0,0
2026-08-05 14:33:50,30.71,51.23,25.00,20.00,0,0
2026-08-05 14:33:51,30.71,51.23,25.00,20.00,0,0
2026-08-05 14:33:52,30.71,51.23,25.00,20.00,0,0
2026-08-05 14:33:53,30.71,51.23,25.00,20.00,0,0
2026-08-05 14:33:54,30.71,51.23,25.00,20.00,0,0
2026-08-05 14:33:55,30.71,51.23,25.00,20.00,0,0
2026-08-05 14:33:56,30.71,51.23,25.00,20.00,0,0
2026-08-05 14:33:57,30.71,51.23,25.00,20.00,0,0
2026-08-05 14:33:58,30.71,51.23,25.00,20.00,0,0
2026-08-05 14:33:59,30.71,51.23,25.00,20.00,0,0
2026-08-05 14:34:00,30.71,51.23,25.00,20.00,0,0
2026-08-05 14:34:01,30.71,51.23,25.00,20.00,0,0
2026-08-05 14:34:02,30.70,51.23,25.00,20.00,0,0
2026-08-05 14:34:03,30.71,51.23,25.00,20.00,0,0
2026-08-05 14:34:04,30.71,51.23,25.00,20.00,0,0
2026-08-05 14:34:05,30.71,51.23,25.00,20.00,0,0
2026-08-05 14:34:06,30.71,51.23,25.00,20.00,0,0
2026-08-05 14:34:07,30.71,51.23,25.00,20.00,0,0
2026-08-05 14:34:08,30.70,51.23,25.00,20.00,0,0
2026-08-05 14:34:09,30.71,51.23,25.00,20.00,0,0
2026-08-05 14:34:10,30.70,51.23,25.00,20.00,0,0
2026-08-05 14:34:11,30.71,51.23,25.00,20.00,0,0
2026-08-05 14:34:12,30.71,51.23,25.00,20.00,0,0
2026-08-05 14:34:13,30.71,51.23,25.00,20.00,0,0
2026-08-05 14:34:14,30.70,51.23,25.00,20.00,0,0
2026-08-05 14:34:15,30.70,51.23,25.00,20.00,0,0
2026-08-05 14:34:16,30.70,51.23,25.00,20.00,0,0
2026-08-05 14:34:17,30.70,51.23,25.00,20.00,0,0
2026-08-05 14:34:18,30.70,51.23,25.00,20.00,0,0
2026-08-05 14:34:19,30.70,51.23,25.00,20.00,0,0
2026-08-05 14:34:20,30.70,51.23,25.00,20.00,0,0
2026-08-05 14:34:21,30.70,51.23,25.00,20.00,0,0
2026-08-05 14:34:22,30.70,51.23,25.00,20.00,0,0
2026-08-05 14:34:23,30.70,51.23,25.00,20.00,0,0
2026-08-05 14:34:24,30.70,51.23,25.00,20.00,0,0
2026-08-05 14:34:25,30.70,51.23,25.00,20.00,0,0
2026-08-05 14:34:26,30.70,51.23,25.00,20.00,0,0
2026-08-05 14:34:27,30.70,51.23,25.00,20.00,0,0
2026-08-05 14:34:28,30.70,51.23,25.00,20.00,0,0
2026-08-05 14:34:29,30.70,51.23,25.00,20.00,0,0
2026-08-05 14:34:30,30.70,51.23,25.00,20.00,0,0
2026-08-05 14:34:31,30.70,51.23,25.00,20.00,0,0
2026-08-05 14:34:32,30.70,51.23,25.00,20.00,0,0
2026-08-05 14:34:33,30.70,51.23,25.00,20.00,0,0
2026-08-05 14:34:34,30.70,51.23,25.00,20.00,0,0
2026-08-05 14:34:35,30.70,51.23,25.00,20.00,0,0
2026-08-05 14:34:36,30.70,51.23,25.00,20.00,0,0
2026-08-05 14:34:37,30.70,51.23,25.00,20.00,0,0
2026-08-05 14:34:38,30.70,51.23,25.00,20.00,0,0
2026-08-05 14:34:39,30.70,51.23,25.00,20.00,0,0
2026-08-05 14:34:40,30.70,51.23,25.00,20.00,0,0
2026-08-05 14:34:41,30.70,51.23,25.00,20.00,0,0
2026-08-05 14:34:43,30.70,51.23,25.00,20.00,0,0
2026-08-05 14:34:43,30.70,51.23,25.00,20.00,0,0
2026-08-05 14:34:45,30.70,51.23,25.00,20.00,0,0
2026-08-05 14:34:46,30.70,51.23,25.00,20.00,0,0
2026-08-05 14:34:47,30.70,51.23,25.00,20.00,0,0
2026-08-05 14:34:48,30.70,51.23,25.00,20.00,0,0
2026-08-05 14:34:49,30.70,51.23,25.00,20.00,0,0
2026-08-05 14:34:50,30.70,51.23,25.00,20.00,0,0
2026-08-05 14:34:51,30.70,51.23,25.00,20.00,0,0
2026-08-05 14:34:52,30.70,51.23,25.00,20.00,0,0
2026-08-05 14:34:53,30.70,51.23,25.00,20.00,0,0
2026-08-05 14:34:54,30.70,51.23,25.00,20.00,0,0
2026-08-05 14:34:55,30.70,51.23,25.00,20.00,0,0
2026-08-05 14:34:56,30.70,51.23,25.00,20.00,0,0
2026-08-05 14:34:57,30.70,51.23,25.00,20.00,0,0
2026-08-05 14:34:58,30.70,51.23,25.00,20.00,0,0
2026-08-05 14:34:59,30.70,51.23,25.00,20.00,0,0
2026-08-05 14:35:00,30.70,51.23,25.00,20.00,0,0
2026-08-05 14:35:01,30.70,51.23,25.00,20.00,0,0
2026-08-05 14:35:02,30.70,51.23,25.00,20.00,0,0
2026-08-05 14:35:03,30.70,51.23,25.00,20.00,0,0
2026-08-05 14:35:04,30.70,51.23,25.00,20.00,0,0
2026-08-05 14:35:05,30.70,51.23,25.00,20.00,0,0
2026-08-05 14:35:06,30.70,51.23,25.00,20.00,0,0
2026-08-05 14:35:07,30.70,51.23,25.00,20.00,0,0
2026-08-05 14:35:08,30.70,51.23,25.00,20.00,0,0
2026-08-05 14:35:09,30.69,51.23,25.00,20.00,0,0
2026-08-05 14:35:10,30.70,51.23,25.00,20.00,0,0
2026-08-05 14:35:11,30.70,51.23,25.00,20.00,0,0
2026-08-05 14:35:12,30.70,51.23,25.00,20.00,0,0
2026-08-05 14:35:13,30.70,51.23,25.00,20.00,0,0
2026-08-05 14:35:14,30.70,51.23,25.00,20.00,0,0
2026-08-05 14:35:15,30.70,51.23,25.00,20.00,0,0
2026-08-05 14:35:16,30.70,51.23,25.00,20.00,0,0
2026-08-05 14:35:17,30.70,51.23,25.00,20.00,0,0
2026-08-05 14:35:18,30.70,51.23,25.00,20.00,0,0
2026-08-05 14:35:19,30.69,51.23,25.00,20.00,0,0
2026-08-05 14:35:20,30.69,51.23,25.00,20.00,0,0
2026-08-05 14:35:21,30.69,51.23,25.00,20.00,0,0
2026-08-05 14:35:22,30.70,51.23,25.00,20.00,0,0
2026-08-05 14:35:23,30.69,51.23,25.00,20.00,0,0
2026-08-05 14:35:24,30.69,51.23,25.00,20.00,0,0
2026-08-05 14:35:25,30.69,51.23,25.00,20.00,0,0
2026-08-05 14:35:26,30.70,51.23,25.00,20.00,0,0
2026-08-05 14:35:27,30.69,51.23,25.00,20.00,0,0
2026-08-05 14:35:28,30.69,51.23,25.00,20.00,0,0
2026-08-05 14:35:29,30.69,51.23,25.00,20.00,0,0
2026-08-05 14:35:30,30.69,51.23,25.00,20.00,0,0
2026-08-05 14:35:31,30.69,51.23,25.00,20.00,0,0
2026-08-05 14:35:32,30.69,51.23,25.00,20.00,0,0
2026-08-05 14:35:33,30.69,51.23,25.00,20.00,0,0
2026-08-05 14:35:34,30.69,51.23,25.00,20.00,0,0
2026-08-05 14:35:35,30.69,51.23,25.00,20.00,0,0
2026-08-05 14:35:36,30.69,51.23,25.00,20.00,0,0
2026-08-05 14:35:37,30.69,51.23,25.00,20.00,0,0
2026-08-05 14:35:38,30.69,51.23,25.00,20.00,0,0
2026-08-05 14:35:39,30.70,51.23,25.00,20.00,0,0
2026-08-05 14:35:40,30.69,51.23,25.00,20.00,0,0
2026-08-05 14:35:41,30.69,51.23,25.00,20.00,0,0
2026-08-05 14:35:42,30.69,51.23,25.00,20.00,0,0
2026-08-05 14:35:43,30.70,51.23,25.00,20.00,0,0
2026-08-05 14:35:44,30.69,51.23,25.00,20.00,0,0
2026-08-05 14:35:45,30.69,51.23,25.00,20.00,0,0
2026-08-05 14:35:46,30.68,51.23,25.00,20.00,0,0
2026-08-05 14:35:47,30.69,51.23,25.00,20.00,0,0
2026-08-05 14:35:48,30.69,51.23,25.00,20.00,0,0
2026-08-05 14:35:49,30.68,51.23,25.00,20.00,0,0
2026-08-05 14:35:50,30.69,51.23,25.00,20.00,0,0
2026-08-05 14:35:51,30.69,51.23,25.00,20.00,0,0
2026-08-05 14:35:52,30.69,51.23,25.00,20.00,0,0
2026-08-05 14:35:53,30.69,51.23,25.00,20.00,0,0
2026-08-05 14:35:54,30.69,51.23,25.00,20.00,0,0
2026-08-05 14:35:55,30.69,51.23,25.00,20.00,0,0
2026-08-05 14:35:56,30.69,51.23,25.00,20.00,0,0
2026-08-05 14:35:57,30.69,51.23,25.00,20.00,0,0
2026-08-05 14:35:58,30.69,51.23,25.00,20.00,0,0
2026-08-05 14:35:59,30.68,51.23,25.00,20.00,0,0
2026-08-05 14:36:00,30.68,51.23,25.00,20.00,0,0
2026-08-05 14:36:01,30.69,51.23,25.00,20.00,0,0
2026-08-05 14:36:02,30.68,51.23,25.00,20.00,0,0
2026-08-05 14:36:03,30.69,51.23,25.00,20.00,0,0
2026-08-05 14:36:04,30.69,51.23,25.00,20.00,0,0
2026-08-05 14:36:05,30.69,51.23,25.00,20.00,0,0
2026-08-05 14:36:06,30.69,51.23,25.00,20.00,0,0
2026-08-05 14:36:07,30.68,51.23,25.00,20.00,0,0
2026-08-05 14:36:08,30.69,51.23,25.00,20.00,0,0
2026-08-05 14:36:09,30.69,51.23,25.00,20.00,0,0
2026-08-05 14:36:10,30.69,51.23,25.00,20.00,0,0
2026-08-05 14:36:11,30.68,51.23,25.00,20.00,0,0
2026-08-05 14:36:12,30.68,51.23,25.00,20.00,0,0
2026-08-05 14:36:13,30.68,51.23,25.00,20.00,0,0
2026-08-05 14:36:14,30.69,51.23,25.00,20.00,0,0
2026-08-05 14:36:15,30.68,51.23,25.00,20.00,0,0
2026-08-05 14:36:16,30.68,51.23,25.00,20.00,0,0
2026-08-05 14:36:17,30.68,51.23,25.00,20.00,0,0
2026-08-05 14:36:18,30.68,51.23,25.00,20.00,0,0
2026-08-05 14:36:19,30.68,51.23,25.00,20.00,0,0
2026-08-05 14:36:20,30.68,51.23,25.00,20.00,0,0
2026-08-05 14:36:21,30.68,51.23,25.00,20.00,0,0
2026-08-05 14:36:22,30.68,51.23,25.00,20.00,0,0
2026-08-05 14:36:23,30.68,51.23,25.00,20.00,0,0
2026-08-05 14:36:24,30.68,51.23,25.00,20.00,0,0
2026-08-05 14:36:25,30.68,51.23,25.00,20.00,0,0
2026-08-05 14:36:26,30.68,51.23,25.00,20.00,0,0
2026-08-05 14:36:27,30.68,51.23,25.00,20.00,0,0
2026-08-05 14:36:28,30.68,51.23,25.00,20.00,0,0
2026-08-05 14:36:29,30.68,51.23,25.00,20.00,0,0
2026-08-05 14:36:30,30.68,51.23,25.00,20.00,0,0
2026-08-05 14:36:31,30.68,51.23,25.00,20.00,0,0
2026-08-05 14:36:32,30.68,51.23,25.00,20.00,0,0
2026-08-05 14:36:33,30.68,51.23,25.00,20.00,0,0
2026-08-05 14:36:34,30.68,51.23,25.00,20.00,0,0
2026-08-05 14:36:35,30.68,51.23,25.00,20.00,0,0
2026-08-05 14:36:36,30.68,51.23,25.00,20.00,0,0
2026-08-05 14:36:37,30.68,51.23,25.00,20.00,0,0
2026-08-05 14:36:38,30.68,51.23,25.00,20.00,0,0
2026-08-05 14:36:39,30.68,51.23,25.00,20.00,0,0
2026-08-05 14:36:40,30.68,51.23,25.00,20.00,0,0
2026-08-05 14:36:41,30.68,51.23,25.00,20.00,0,0
2026-08-05 14:36:42,30.68,51.23,25.00,20.00,0,0
2026-08-05 14:36:43,30.68,51.23,25.00,20.00,0,0
2026-08-05 14:36:44,30.68,51.23,25.00,20.00,0,0
2026-08-05 14:36:45,30.68,51.23,25.00,20.00,0,0
2026-08-05 14:36:46,30.68,51.23,25.00,20.00,0,0
2026-08-05 14:36:47,30.68,51.23,25.00,20.00,0,0
2026-08-05 14:36:48,30.68,51.23,25.00,20.00,0,0
2026-08-05 14:36:49,30.67,51.23,25.00,20.00,0,0
2026-08-05 14:36:50,30.68,51.23,25.00,20.00,0,0
2026-08-05 14:36:51,30.68,51.23,25.00,20.00,0,0
2026-08-05 14:36:52,30.68,51.23,25.00,20.00,0,0
2026-08-05 14:36:53,30.68,51.23,25.00,20.00,0,0
2026-08-05 14:36:54,30.68,51.23,25.00,20.00,0,0
2026-08-05 14:36:55,30.68,51.23,25.00,20.00,0,0
2026-08-05 14:36:56,30.68,51.23,25.00,20.00,0,0
2026-08-05 14:36:57,30.68,51.23,25.00,20.00,0,0
2026-08-05 14:36:58,30.68,51.23,25.00,20.00,0,0
2026-08-05 14:36:59,30.68,51.23,25.00,20.00,0,0
2026-08-05 14:37:00,30.68,51.23,25.00,20.00,0,0
2026-08-05 14:37:01,30.67,51.23,25.00,20.00,0,0
2026-08-05 14:37:02,30.68,51.23,25.00,20.00,0,0
2026-08-05 14:37:03,30.68,51.23,25.00,20.00,0,0
2026-08-05 14:37:04,30.68,51.23,25.00,20.00,0,0
2026-08-05 14:37:05,30.67,51.23,25.00,20.00,0,0
2026-08-05 14:37:06,30.68,51.23,25.00,20.00,0,0
2026-08-05 14:37:07,30.68,51.23,25.00,20.00,0,0
2026-08-05 14:37:08,30.68,51.23,25.00,20.00,0,0
2026-08-05 14:37:09,30.68,51.23,25.00,20.00,0,0
2026-08-05 14:37:10,30.68,51.23,25.00,20.00,0,0
2026-08-05 14:37:11,30.67,51.23,25.00,20.00,0,0
2026-08-05 14:37:12,30.68,51.23,25.00,20.00,0,0
2026-08-05 14:37:13,30.67,51.23,25.00,20.00,0,0
2026-08-05 14:37:14,30.67,51.23,25.00,20.00,0,0
2026-08-05 14:37:15,30.68,51.23,25.00,20.00,0,0
2026-08-05 14:37:16,30.67,51.23,25.00,20.00,0,0
2026-08-05 14:37:17,30.67,51.23,25.00,20.00,0,0
2026-08-05 14:37:18,30.67,51.23,25.00,20.00,0,0
2026-08-05 14:37:19,30.67,51.23,25.00,20.00,0,0
2026-08-05 14:37:20,30.67,51.23,25.00,20.00,0,0
2026-08-05 14:37:21,30.68,51.23,25.00,20.00,0,0
2026-08-05 14:37:22,30.67,51.23,25.00,20.00,0,0
2026-08-05 14:37:23,30.68,51.23,25.00,20.00,0,0
2026-08-05 14:37:24,30.67,51.23,25.00,20.00,0,0
2026-08-05 14:37:25,30.68,51.23,25.00,20.00,0,0
2026-08-05 14:37:26,30.67,51.23,25.00,20.00,0,0
2026-08-05 14:37:27,30.68,51.23,25.00,20.00,0,0
2026-08-05 14:37:28,30.67,51.23,25.00,20.00,0,0
2026-08-05 14:37:29,30.68,51.23,25.00,20.00,0,0
2026-08-05 14:37:30,30.67,51.23,25.00,20.00,0,0
