Timestamp,Temperature,Humidity,Setpoint_Temperature,Setpoint_Humidity,Heater,Humidifier
2026-08-05 16:52:13,36.02,43.11,25.00,20.00,0,0
2026-08-05 16:52:14,35.99,43.11,25.00,20.00,0,0
2026-08-05 16:52:15,35.97,43.15,25.00,20.00,0,0
2026-08-05 16:52:16,35.95,43.15,25.00,20.00,0,0
2026-08-05 16:52:17,35.94,43.18,25.00,20.00,0,0
2026-08-05 16:52:18,35.93,43.18,25.00,20.00,0,0
2026-08-05 16:52:19,35.92,43.22,25.00,20.00,0,0
2026-08-05 16:52:20,35.91,43.25,25.00,20.00,0,0
2026-08-05 16:52:21,35.90,43.25,25.00,20.00,0,0
2026-08-05 16:52:22,35.89,43.32,25.00,20.00,0,0
2026-08-05 16:52:23,35.88,43.32,25.00,20.00,0,0
2026-08-05 16:52:24,35.87,43.36,25.00,20.00,0,0
2026-08-05 16:52:25,35.86,43.36,25.00,20.00,0,0
2026-08-05 16:52:26,35.85,43.39,25.00,20.00,0,0
2026-08-05 16:52:27,35.84,43.36,25.00,20.00,0,0
2026-08-05 16:52:28,35.82,43.40,25.00,20.00,0,0
2026-08-05 16:52:29,35.81,43.43,25.00,20.00,0,0
2026-08-05 16:52:30,35.80,43.43,25.00,20.00,0,0
2026-08-05 16:52:31,35.79,43.47,25.00,20.00,0,0
2026-08-05 16:52:32,35.78,43.47,25.00,20.00,0,0
2026-08-05 16:52:33,35.77,43.50,25.00,20.00,0,0
2026-08-05 16:52:34,35.76,43.54,25.00,20.00,0,0
2026-08-05 16:52:35,35.75,43.54,25.00,20.00,0,0
2026-08-05 16:52:36,35.74,43.57,25.00,20.00,0,0
2026-08-05 16:52:37,35.73,43.57,25.00,20.00,0,0
2026-08-05 16:52:38,35.72,43.61,25.00,20.00,0,0
2026-08-05 16:52:39,35.71,43.64,25.00,20.00,0,0
2026-08-05 16:52:40,35.70,43.64,25.00,20.00,0,0
2026-08-05 16:52:41,35.69,43.68,25.00,20.00,0,0
2026-08-05 16:52:42,35.67,43.68,25.00,20.00,0,0
2026-08-05 16:52:43,35.66,43.69,25.00,20.00,0,0
2026-08-05 16:52:44,35.66,43.69,25.00,20.00,0,0
2026-08-05 16:52:45,35.65,43.72,25.00,20.00,0,0
2026-08-05 16:52:46,35.64,43.75,25.00,20.00,0,0
2026-08-05 16:52:47,35.63,43.75,25.00,20.00,0,0
2026-08-05 16:52:48,35.62,43.79,25.00,20.00,0,0
2026-08-05 16:52:49,35.61,43.79,25.00,20.00,0,0
2026-08-05 16:52:50,35.60,43.82,25.00,20.00,0,0
2026-08-05 16:52:51,35.59,43.82,25.00,20.00,0,0
2026-08-05 16:52:52,35.58,43.86,25.00,20.00,0,0
2026-08-05 16:52:53,35.57,43.89,25.00,20.00,0,0
2026-08-05 16:52:54,35.56,43.89,25.00,20.00,0,0
2026-08-05 16:52:55,35.55,43.89,25.00,20.00,0,0
2026-08-05 16:52:56,35.55,43.93,25.00,20.00,0,0
2026-08-05 16:52:57,35.52,43.96,25.00,20.00,0,0
2026-08-05 16:52:58,35.51,43.96,25.00,20.00,0,0
2026-08-05 16:52:59,35.51,43.98,25.00,20.00,0,0
2026-08-05 16:53:00,35.50,43.98,25.00,20.00,0,0
2026-08-05 16:53:01,35.49,44.04,25.00,20.00,0,0
2026-08-05 16:53:02,35.48,44.04,25.00,20.00,0,0
2026-08-05 16:53:03,35.47,44.07,25.00,20.00,0,0
2026-08-05 16:53:04,35.46,44.07,25.00,20.00,0,0
2026-08-05 16:53:05,35.45,44.10,25.00,20.00,0,0
2026-08-05 16:53:06,35.44,44.10,25.00,20.00,0,0
2026-08-05 16:53:07,35.43,44.14,25.00,20.00,0,0
2026-08-05 16:53:08,35.42,44.17,25.00,20.00,0,0
2026-08-05 16:53:09,35.42,44.17,25.00,20.00,0,0
2026-08-05 16:53:10,35.41,44.17,25.00,20.00,0,0
2026-08-05 16:53:11,35.40,44.21,25.00,20.00,0,0
2026-08-05 16:53:12,35.39,44.21,25.00,20.00,0,0
2026-08-05 16:53:13,35.37,44.24,25.00,20.00,0,0
2026-08-05 16:53:14,35.36,44.24,25.00,20.00,0,0
2026-08-05 16:53:15,35.35,44.28,25.00,20.00,0,0
2026-08-05 16:53:16,35.34,44.28,25.00,20.00,0,0
2026-08-05 16:53:17,35.34,44.31,25.00,20.00,0,0
2026-08-05 16:53:18,35.32,44.31,25.00,20.00,0,0
2026-08-05 16:53:19,35.32,44.33,25.00,20.00,0,0
2026-08-05 16:53:20,35.31,44.33,25.00,20.00,0,0
2026-08-05 16:53:21,35.30,44.36,25.00,20.00,0,0
2026-08-05 16:53:22,35.29,44.36,25.00,20.00,0,0
2026-08-05 16:53:23,35.29,44.39,25.00,20.00,0,0
2026-08-05 16:53:24,35.27,44.39,25.00,20.00,0,0
2026-08-05 16:53:25,35.27,44.43,25.00,20.00,0,0
2026-08-05 16:53:26,35.26,44.43,25.00,20.00,0,0
2026-08-05 16:53:27,35.25,44.46,25.00,20.00,0,0
2026-08-05 16:53:28,35.23,44.49,25.00,20.00,0,0
2026-08-05 16:53:29,35.23,44.49,25.00,20.00,0,0
2026-08-05 16:53:30,35.22,44.49,25.00,20.00,0,0
2026-08-05 16:53:31,35.21,44.53,25.00,20.00,0,0
2026-08-05 16:53:32,35.20,44.53,25.00,20.00,0,0
2026-08-05 16:53:33,35.19,44.56,25.00,20.00,0,0
2026-08-05 16:53:34,35.19,44.60,25.00,20.00,0,0
2026-08-05 16:53:35,35.17,44.60,25.00,20.00,0,0
2026-08-05 16:53:36,35.16,44.60,25.00,20.00,0,0
2026-08-05 16:53:37,35.16,44.61,25.00,20.00,0,0
2026-08-05 16:53:38,35.15,44.65,25.00,20.00,0,0
2026-08-05 16:53:39,35.14,44.65,25.00,20.00,0,0
2026-08-05 16:53:40,35.14,44.65,25.00,20.00,0,0
2026-08-05 16:53:41,35.13,44.68,25.00,20.00,0,0
2026-08-05 16:53:42,35.12,44.68,25.00,20.00,0,0
2026-08-05 16:53:43,35.11,44.72,25.00,20.00,0,0
2026-08-05 16:53:44,35.10,44.78,25.00,20.00,0,0
2026-08-05 16:53:45,35.10,44.78,25.00,20.00,0,0
2026-08-05 16:53:46,35.08,44.78,25.00,20.00,0,0
2026-08-05 16:53:47,35.07,44.81,25.00,20.00,0,0
2026-08-05 16:53:48,35.06,44.85,25.00,20.00,0,0
2026-08-05 16:53:49,35.06,44.85,25.00,20.00,0,0
2026-08-05 16:53:50,35.05,44.85,25.00,20.00,0,0
2026-08-05 16:53:51,35.04,44.88,25.00,20.00,0,0
2026-08-05 16:53:52,35.03,44.88,25.00,20.00,0,0
2026-08-05 16:53:53,35.02,44.92,25.00,20.00,0,0
2026-08-05 16:53:54,35.02,44.92,25.00,20.00,0,0
2026-08-05 16:53:55,35.01,44.95,25.00,20.00,0,0
2026-08-05 16:53:56,35.01,44.95,25.00,20.00,0,0
2026-08-05 16:53:57,35.01,44.99,25.00,20.00,0,0
2026-08-05 16:53:58,35.00,44.97,25.00,20.00,0,0
2026-08-05 16:53:59,34.99,45.00,25.00,20.00,0,0
2026-08-05 16:54:00,34.99,45.00,25.00,20.00,0,0
2026-08-05 16:54:01,34.98,45.04,25.00,20.00,0,0
2026-08-05 16:54:02,34.97,45.04,25.00,20.00,0,0
2026-08-05 16:54:03,34.96,45.04,25.00,20.00,0,0
2026-08-05 16:54:04,34.95,45.07,25.00,20.00,0,0
2026-08-05 16:54:05,34.95,45.07,25.00,20.00,0,0
2026-08-05 16:54:06,34.93,45.10,25.00,20.00,0,0
2026-08-05 16:54:07,34.93,45.10,25.00,20.00,0,0
2026-08-05 16:54:08,34.92,45.10,25.00,20.00,0,0
2026-08-05 16:54:09,34.91,45.13,25.00,20.00,0,0
2026-08-05 16:54:10,34.91,45.13,25.00,20.00,0,0
2026-08-05 16:54:11,34.90,45.17,25.00,20.00,0,0
2026-08-05 16:54:12,34.89,45.17,25.00,20.00,0,0
2026-08-05 16:54:13,34.89,45.20,25.00,20.00,0,0
2026-08-05 16:54:14,34.88,45.20,25.00,20.00,0,0
2026-08-05 16:54:15,34.87,45.20,25.00,20.00,0,0
2026-08-05 16:54:16,34.86,45.23,25.00,20.00,0,0
2026-08-05 16:54:17,34.86,45.23,25.00,20.00,0,0
2026-08-05 16:54:18,34.85,45.27,25.00,20.00,0,0
2026-08-05 16:54:19,34.84,45.27,25.00,20.00,0,0
2026-08-05 16:54:20,34.84,45.30,25.00,20.00,0,0
2026-08-05 16:54:21,34.83,45.28,25.00,20.00,0,0
2026-08-05 16:54:22,34.82,45.28,25.00,20.00,0,0
2026-08-05 16:54:23,34.82,45.31,25.00,20.00,0,0
2026-08-05 16:54:24,34.81,45.31,25.00,20.00,0,0
2026-08-05 16:54:25,34.80,45.35,25.00,20.00,0,0
2026-08-05 16:54:26,34.80,45.35,25.00,20.00,0,0
2026-08-05 16:54:27,34.78,45.38,25.00,20.00,0,0
2026-08-05 16:54:28,34.78,45.38,25.00,20.00,0,0
2026-08-05 16:54:29,34.77,45.38,25.00,20.00,0,0
2026-08-05 16:54:30,34.76,45.42,25.00,20.00,0,0
2026-08-05 16:54:31,34.76,45.42,25.00,20.00,0,0
2026-08-05 16:54:32,34.75,45.45,25.00,20.00,0,0
2026-08-05 16:54:33,34.74,45.45,25.00,20.00,0,0
2026-08-05 16:54:34,34.74,45.45,25.00,20.00,0,0
2026-08-05 16:54:35,34.73,45.49,25.00,20.00,0,0
2026-08-05 16:54:36,34.73,45.49,25.00,20.00,0,0
2026-08-05 16:54:37,34.72,45.55,25.00,20.00,0,0
2026-08-05 16:54:38,34.72,45.55,25.00,20.00,0,0
2026-08-05 16:54:39,34.71,45.58,25.00,20.00,0,0
2026-08-05 16:54:40,34.70,45.58,25.00,20.00,0,0
2026-08-05 16:54:41,34.69,45.58,25.00,20.00,0,0
2026-08-05 16:54:42,34.69,45.62,25.00,20.00,0,0
2026-08-05 16:54:43,34.69,45.62,25.00,20.00,0,0
2026-08-05 16:54:44,34.67,45.62,25.00,20.00,0,0
2026-08-05 16:54:45,34.67,45.65,25.00,20.00,0,0
2026-08-05 16:54:46,34.67,45.65,25.00,20.00,0,0
2026-08-05 16:54:47,34.67,45.65,25.00,20.00,0,0
2026-08-05 16:54:48,34.66,45.69,25.00,20.00,0,0
2026-08-05 16:54:49,34.66,45.69,25.00,20.00,0,0
2026-08-05 16:54:50,34.66,45.72,25.00,20.00,0,0
2026-08-05 16:54:51,34.65,45.70,25.00,20.00,0,0
2026-08-05 16:54:52,34.63,45.70,25.00,20.00,0,0
2026-08-05 16:54:53,34.62,45.74,25.00,20.00,0,0
2026-08-05 16:54:54,34.62,45.74,25.00,20.00,0,0
2026-08-05 16:54:55,34.61,45.74,25.00,20.00,0,0
2026-08-05 16:54:56,34.61,45.77,25.00,20.00,0,0
2026-08-05 16:54:57,34.60,45.77,25.00,20.00,0,0
2026-08-05 16:54:58,34.60,45.77,25.00,20.00,0,0
2026-08-05 16:54:59,34.59,45.81,25.00,20.00,0,0
2026-08-05 16:55:00,34.58,45.81,25.00,20.00,0,0
2026-08-05 16:55:01,34.58,45.84,25.00,20.00,0,0
2026-08-05 16:55:02,34.57,45.84,25.00,20.00,0,0
2026-08-05 16:55:03,34.57,45.84,25.00,20.00,0,0
2026-08-05 16:55:04,34.56,45.84,25.00,20.00,0,0
2026-08-05 16:55:05,34.56,45.87,25.00,20.00,0,0
2026-08-05 16:55:06,34.55,45.87,25.00,20.00,0,0
2026-08-05 16:55:07,34.55,45.87,25.00,20.00,0,0
2026-08-05 16:55:08,34.54,45.91,25.00,20.00,0,0
2026-08-05 16:55:09,34.54,45.91,25.00,20.00,0,0
2026-08-05 16:55:10,34.53,45.91,25.00,20.00,0,0
2026-08-05 16:55:11,34.53,45.94,25.00,20.00,0,0
2026-08-05 16:55:12,34.52,45.94,25.00,20.00,0,0
2026-08-05 16:55:13,34.52,45.94,25.00,20.00,0,0
2026-08-05 16:55:14,34.51,45.97,25.00,20.00,0,0
2026-08-05 16:55:15,34.51,45.97,25.00,20.00,0,0
2026-08-05 16:55:16,34.49,45.97,25.00,20.00,0,0
2026-08-05 16:55:17,34.49,46.00,25.00,20.00,0,0
2026-08-05 16:55:18,34.48,45.98,25.00,20.00,0,0
2026-08-05 16:55:19,34.47,45.98,25.00,20.00,0,0
2026-08-05 16:55:20,34.47,46.02,25.00,20.00,0,0
2026-08-05 16:55:21,34.47,46.02,25.00,20.00,0,0
2026-08-05 16:55:22,34.46,46.02,25.00,20.00,0,0
2026-08-05 16:55:23,34.46,46.05,25.00,20.00,0,0
2026-08-05 16:55:24,34.45,46.05,25.00,20.00,0,0
2026-08-05 16:55:25,34.45,46.05,25.00,20.00,0,0
2026-08-05 16:55:26,34.44,46.08,25.00,20.00,0,0
2026-08-05 16:55:27,34.44,46.08,25.00,20.00,0,0
2026-08-05 16:55:28,34.43,46.08,25.00,20.00,0,0
2026-08-05 16:55:29,34.43,46.12,25.00,20.00,0,0
2026-08-05 16:55:30,34.42,46.12,25.00,20.00,0,0
2026-08-05 16:55:31,34.42,46.12,25.00,20.00,0,0
2026-08-05 16:55:32,34.41,46.12,25.00,20.00,0,0
2026-08-05 16:55:33,34.41,46.15,25.00,20.00,0,0
2026-08-05 16:55:34,34.40,46.15,25.00,20.00,0,0
2026-08-05 16:55:35,34.40,46.15,25.00,20.00,0,0
2026-08-05 16:55:36,34.39,46.19,25.00,20.00,0,0
2026-08-05 16:55:37,34.39,46.19,25.00,20.00,0,0
2026-08-05 16:55:38,34.39,46.19,25.00,20.00,0,0
2026-08-05 16:55:39,34.38,46.19,25.00,20.00,0,0
2026-08-05 16:55:40,34.38,46.22,25.00,20.00,0,0
2026-08-05 16:55:41,34.37,46.22,25.00,20.00,0,0
2026-08-05 16:55:42,34.37,46.22,25.00,20.00,0,0
2026-08-05 16:55:43,34.36,46.26,25.00,20.00,0,0
2026-08-05 16:55:44,34.36,46.26,25.00,20.00,0,0
2026-08-05 16:55:45,34.34,46.26,25.00,20.00,0,0
2026-08-05 16:55:46,34.34,46.33,25.00,20.00,0,0
2026-08-05 16:55:47,34.34,46.33,25.00,20.00,0,0
2026-08-05 16:55:48,34.33,46.33,25.00,20.00,0,0
2026-08-05 16:55:49,34.33,46.33,25.00,20.00,0,0
2026-08-05 16:55:50,34.32,46.36,25.00,20.00,0,0
2026-08-05 16:55:51,34.32,46.36,25.00,20.00,0,0
2026-08-05 16:55:52,34.32,46.36,25.00,20.00,0,0
2026-08-05 16:55:53,34.31,46.36,25.00,20.00,0,0
2026-08-05 16:55:54,34.31,46.37,25.00,20.00,0,0
2026-08-05 16:55:55,34.30,46.37,25.00,20.00,0,0
2026-08-05 16:55:56,34.30,46.37,25.00,20.00,0,0
2026-08-05 16:55:57,34.29,46.37,25.00,20.00,0,0
2026-08-05 16:55:58,34.29,46.40,25.00,20.00,0,0
2026-08-05 16:55:59,34.28,46.40,25.00,20.00,0,0
2026-08-05 16:56:00,34.28,46.40,25.00,20.00,0,0
2026-08-05 16:56:01,34.27,46.44,25.00,20.00,0,0
2026-08-05 16:56:02,34.27,46.44,25.00,20.00,0,0
2026-08-05 16:56:03,34.27,46.44,25.00,20.00,0,0
2026-08-05 16:56:04,34.27,46.44,25.00,20.00,0,0
2026-08-05 16:56:05,34.26,46.47,25.00,20.00,0,0
2026-08-05 16:56:06,34.25,46.47,25.00,20.00,0,0
2026-08-05 16:56:07,34.25,46.47,25.00,20.00,0,0
2026-08-05 16:56:08,34.25,46.47,25.00,20.00,0,0
2026-08-05 16:56:09,34.24,46.51,25.00,20.00,0,0
2026-08-05 16:56:10,34.24,46.51,25.00,20.00,0,0
2026-08-05 16:56:11,34.23,46.51,25.00,20.00,0,0
2026-08-05 16:56:12,34.23,46.51,25.00,20.00,0,0
2026-08-05 16:56:13,34.23,46.54,25.00,20.00,0,0
2026-08-05 16:56:14,34.22,46.54,25.00,20.00,0,0
2026-08-05 16:56:15,34.22,46.54,25.00,20.00,0,0
2026-08-05 16:56:16,34.21,46.54,25.00,20.00,0,0
2026-08-05 16:56:17,34.21,46.58,25.00,20.00,0,0
2026-08-05 16:56:18,34.21,46.58,25.00,20.00,0,0
2026-08-05 16:56:19,34.21,46.58,25.00,20.00,0,0
2026-08-05 16:56:20,34.19,46.58,25.00,20.00,0,0
2026-08-05 16:56:21,34.21,46.61,25.00,20.00,0,0
2026-08-05 16:56:22,34.19,46.61,25.00,20.00,0,0
2026-08-05 16:56:23,34.18,46.61,25.00,20.00,0,0
2026-08-05 16:56:24,34.18,46.64,25.00,20.00,0,0
2026-08-05 16:56:25,34.17,46.64,25.00,20.00,0,0
2026-08-05 16:56:26,34.17,46.64,25.00,20.00,0,0
2026-08-05 16:56:27,34.17,46.64,25.00,20.00,0,0
2026-08-05 16:56:28,34.16,46.64,25.00,20.00,0,0
2026-08-05 16:56:29,34.16,46.68,25.00,20.00,0,0
2026-08-05 16:56:30,34.15,46.68,25.00,20.00,0,0
2026-08-05 16:56:31,34.15,46.68,25.00,20.00,0,0
2026-08-05 16:56:32,34.15,46.68,25.00,20.00,0,0
2026-08-05 16:56:33,34.13,46.71,25.00,20.00,0,0
2026-08-05 16:56:34,34.13,46.68,25.00,20.00,0,0
2026-08-05 16:56:35,34.13,46.68,25.00,20.00,0,0
2026-08-05 16:56:36,34.12,46.68,25.00,20.00,0,0
2026-08-05 16:56:37,34.12,46.68,25.00,20.00,0,0
2026-08-05 16:56:38,34.12,46.72,25.00,20.00,0,0
2026-08-05 16:56:39,34.11,46.72,25.00,20.00,0,0
2026-08-05 16:56:40,34.11,46.72,25.00,20.00,0,0
2026-08-05 16:56:41,34.10,46.75,25.00,20.00,0,0
2026-08-05 16:56:42,34.10,46.75,25.00,20.00,0,0
2026-08-05 16:56:43,34.10,46.75,25.00,20.00,0,0
2026-08-05 16:56:44,34.10,46.75,25.00,20.00,0,0
2026-08-05 16:56:45,34.09,46.75,25.00,20.00,0,0
2026-08-05 16:56:46,34.09,46.79,25.00,20.00,0,0
2026-08-05 16:56:47,34.08,46.79,25.00,20.00,0,0
2026-08-05 16:56:48,34.09,46.79,25.00,20.00,0,0
2026-08-05 16:56:49,34.08,46.79,25.00,20.00,0,0
2026-08-05 16:56:50,34.07,46.82,25.00,20.00,0,0
2026-08-05 16:56:51,34.07,46.82,25.00,20.00,0,0
2026-08-05 16:56:52,34.07,46.82,25.00,20.00,0,0
2026-08-05 16:56:53,34.06,46.82,25.00,20.00,0,0
2026-08-05 16:56:54,34.06,46.82,25.00,20.00,0,0
2026-08-05 16:56:55,34.06,46.85,25.00,20.00,0,0
2026-08-05 16:56:56,34.04,46.85,25.00,20.00,0,0
2026-08-05 16:56:57,34.04,46.85,25.00,20.00,0,0
2026-08-05 16:56:58,34.03,46.85,25.00,20.00,0,0
2026-08-05 16:56:59,34.03,46.85,25.00,20.00,0,0
2026-08-05 16:57:00,34.03,46.89,25.00,20.00,0,0
2026-08-05 16:57:01,34.02,46.89,25.00,20.00,0,0
2026-08-05 16:57:02,34.02,46.89,25.00,20.00,0,0
2026-08-05 16:57:03,34.02,46.89,25.00,20.00,0,0
2026-08-05 16:57:04,34.02,46.92,25.00,20.00,0,0
2026-08-05 16:57:05,34.01,46.92,25.00,20.00,0,0
2026-08-05 16:57:06,34.01,46.92,25.00,20.00,0,0
2026-08-05 16:57:07,34.01,46.92,25.00,20.00,0,0
2026-08-05 16:57:08,34.01,46.96,25.00,20.00,0,0
2026-08-05 16:57:09,34.00,46.96,25.00,20.00,0,0
2026-08-05 16:57:10,34.00,46.96,25.00,20.00,0,0
2026-08-05 16:57:11,34.00,46.96,25.00,20.00,0,0
2026-08-05 16:57:12,33.99,46.96,25.00,20.00,0,0
2026-08-05 16:57:13,33.99,47.03,25.00,20.00,0,0
2026-08-05 16:57:14,33.98,47.03,25.00,20.00,0,0
2026-08-05 16:57:15,33.98,47.03,25.00,20.00,0,0
2026-08-05 16:57:16,33.98,47.03,25.00,20.00,0,0
2026-08-05 16:57:17,33.97,47.03,25.00,20.00,0,0
2026-08-05 16:57:18,33.97,47.06,25.00,20.00,0,0
2026-08-05 16:57:19,33.97,47.06,25.00,20.00,0,0
2026-08-05 16:57:20,33.97,47.06,25.00,20.00,0,0
2026-08-05 16:57:21,33.96,47.06,25.00,20.00,0,0
2026-08-05 16:57:22,33.96,47.06,25.00,20.00,0,0
2026-08-05 16:57:23,33.95,47.10,25.00,20.00,0,0
2026-08-05 16:57:24,33.95,47.07,25.00,20.00,0,0
2026-08-05 16:57:25,33.95,47.07,25.00,20.00,0,0
2026-08-05 16:57:26,33.95,47.07,25.00,20.00,0,0
2026-08-05 16:57:27,33.94,47.07,25.00,20.00,0,0
2026-08-05 16:57:28,33.94,47.10,25.00,20.00,0,0
2026-08-05 16:57:29,33.94,47.10,25.00,20.00,0,0
2026-08-05 16:57:30,33.93,47.10,25.00,20.00,0,0
2026-08-05 16:57:31,33.93,47.10,25.00,20.00,0,0
2026-08-05 16:57:32,33.93,47.10,25.00,20.00,0,0
2026-08-05 16:57:33,33.92,47.10,25.00,20.00,0,0
2026-08-05 16:57:34,33.92,47.13,25.00,20.00,0,0
2026-08-05 16:57:35,33.92,47.13,25.00,20.00,0,0
2026-08-05 16:57:36,33.92,47.13,25.00,20.00,0,0
2026-08-05 16:57:37,33.90,47.13,25.00,20.00,0,0
2026-08-05 16:57:38,33.90,47.13,25.00,20.00,0,0
2026-08-05 16:57:39,33.90,47.13,25.00,20.00,0,0
2026-08-05 16:57:40,33.89,47.13,25.00,20.00,0,0
2026-08-05 16:57:41,33.89,47.13,25.00,20.00,0,0
2026-08-05 16:57:42,33.89,47.13,25.00,20.00,0,0
2026-08-05 16:57:43,33.89,47.17,25.00,20.00,0,0
2026-08-05 16:57:44,33.88,47.17,25.00,20.00,0,0
2026-08-05 16:57:45,33.88,47.20,25.00,20.00,0,0
2026-08-05 16:57:46,33.88,47.20,25.00,20.00,0,0
2026-08-05 16:57:47,33.87,47.20,25.00,20.00,0,0
2026-08-05 16:57:48,33.87,47.20,25.00,20.00,0,0
2026-08-05 16:57:49,33.87,47.20,25.00,20.00,0,0
2026-08-05 16:57:50,33.87,47.24,25.00,20.00,0,0
2026-08-05 16:57:51,33.86,47.24,25.00,20.00,0,0
2026-08-05 16:57:52,33.86,47.24,25.00,20.00,0,0
2026-08-05 16:57:53,33.85,47.24,25.00,20.00,0,0
2026-08-05 16:57:54,33.86,47.24,25.00,20.00,0,0
2026-08-05 16:57:55,33.85,47.27,25.00,20.00,0,0
2026-08-05 16:57:56,33.85,47.27,25.00,20.00,0,0
2026-08-05 16:57:57,33.84,47.27,25.00,20.00,0,0
2026-08-05 16:57:58,33.84,47.27,25.00,20.00,0,0
2026-08-05 16:57:59,33.84,47.27,25.00,20.00,0,0
2026-08-05 16:58:00,33.84,47.31,25.00,20.00,0,0
2026-08-05 16:58:01,33.83,47.31,25.00,20.00,0,0
2026-08-05 16:58:02,33.83,47.31,25.00,20.00,0,0
2026-08-05 16:58:03,33.83,47.31,25.00,20.00,0,0
2026-08-05 16:58:04,33.83,47.31,25.00,20.00,0,0
2026-08-05 16:58:05,33.82,47.31,25.00,20.00,0,0
2026-08-05 16:58:06,33.82,47.34,25.00,20.00,0,0
2026-08-05 16:58:07,33.82,47.34,25.00,20.00,0,0
2026-08-05 16:58:08,33.82,47.34,25.00,20.00,0,0
2026-08-05 16:58:09,33.81,47.34,25.00,20.00,0,0
2026-08-05 16:58:10,33.81,47.34,25.00,20.00,0,0
2026-08-05 16:58:11,33.81,47.34,25.00,20.00,0,0
2026-08-05 16:58:12,33.80,47.37,25.00,20.00,0,0
2026-08-05 16:58:13,33.80,47.37,25.00,20.00,0,0
2026-08-05 16:58:14,33.80,47.37,25.00,20.00,0,0
2026-08-05 16:58:15,33.80,47.37,25.00,20.00,0,0
2026-08-05 16:58:16,33.79,47.35,25.00,20.00,0,0
2026-08-05 16:58:17,33.79,47.39,25.00,20.00,0,0
2026-08-05 16:58:18,33.79,47.39,25.00,20.00,0,0
2026-08-05 16:58:19,33.79,47.39,25.00,20.00,0,0
2026-08-05 16:58:20,33.78,47.39,25.00,20.00,0,0
2026-08-05 16:58:21,33.78,47.39,25.00,20.00,0,0
2026-08-05 16:58:22,33.78,47.39,25.00,20.00,0,0
2026-08-05 16:58:23,33.78,47.42,25.00,20.00,0,0
2026-08-05 16:58:24,33.77,47.42,25.00,20.00,0,0
2026-08-05 16:58:25,33.77,47.42,25.00,20.00,0,0
2026-08-05 16:58:26,33.77,47.42,25.00,20.00,0,0
2026-08-05 16:58:27,33.77,47.42,25.00,20.00,0,0
2026-08-05 16:58:28,33.75,47.42,25.00,20.00,0,0
2026-08-05 16:58:29,33.75,47.45,25.00,20.00,0,0
2026-08-05 16:58:30,33.75,47.45,25.00,20.00,0,0
2026-08-05 16:58:31,33.75,47.45,25.00,20.00,0,0
2026-08-05 16:58:32,33.74,47.45,25.00,20.00,0,0
2026-08-05 16:58:33,33.74,47.45,25.00,20.00,0,0
2026-08-05 16:58:34,33.74,47.45,25.00,20.00,0,0
2026-08-05 16:58:35,33.74,47.48,25.00,20.00,0,0
2026-08-05 16:58:36,33.73,47.48,25.00,20.00,0,0
2026-08-05 16:58:37,33.73,47.48,25.00,20.00,0,0
2026-08-05 16:58:38,33.73,47.48,25.00,20.00,0,0
2026-08-05 16:58:39,33.73,47.48,25.00,20.00,0,0
2026-08-05 16:58:40,33.72,47.48,25.00,20.00,0,0
2026-08-05 16:58:41,33.72,47.52,25.00,20.00,0,0
2026-08-05 16:58:42,33.72,47.52,25.00,20.00,0,0
2026-08-05 16:58:43,33.72,47.52,25.00,20.00,0,0
2026-08-05 16:58:44,33.71,47.52,25.00,20.00,0,0
2026-08-05 16:58:45,33.71,47.52,25.00,20.00,0,0
2026-08-05 16:58:46,33.70,47.52,25.00,20.00,0,0
2026-08-05 16:58:47,33.70,47.55,25.00,20.00,0,0
2026-08-05 16:58:48,33.70,47.55,25.00,20.00,0,0
2026-08-05 16:58:49,33.71,47.55,25.00,20.00,0,0
2026-08-05 16:58:50,33.70,47.55,25.00,20.00,0,0
2026-08-05 16:58:51,33.69,47.55,25.00,20.00,0,0
2026-08-05 16:58:52,33.69,47.55,25.00,20.00,0,0
2026-08-05 16:58:53,33.69,47.55,25.00,20.00,0,0
2026-08-05 16:58:54,33.69,47.59,25.00,20.00,0,0
2026-08-05 16:58:55,33.69,47.59,25.00,20.00,0,0
2026-08-05 16:58:56,33.68,47.59,25.00,20.00,0,0
2026-08-05 16:58:57,33.68,47.59,25.00,20.00,0,0
2026-08-05 16:58:58,33.68,47.59,25.00,20.00,0,0
2026-08-05 16:58:59,33.68,47.59,25.00,20.00,0,0
2026-08-05 16:59:00,33.67,47.62,25.00,20.00,0,0
2026-08-05 16:59:01,33.67,47.62,25.00,20.00,0,0
2026-08-05 16:59:02,33.67,47.62,25.00,20.00,0,0
2026-08-05 16:59:03,33.67,47.62,25.00,20.00,0,0
2026-08-05 16:59:04,33.67,47.62,25.00,20.00,0,0
2026-08-05 16:59:05,33.66,47.62,25.00,20.00,0,0
2026-08-05 16:59:06,33.66,47.65,25.00,20.00,0,0
2026-08-05 16:59:07,33.66,47.65,25.00,20.00,0,0
2026-08-05 16:59:08,33.66,47.65,25.00,20.00,0,0
2026-08-05 16:59:09,33.65,47.65,25.00,20.00,0,0
2026-08-05 16:59:10,33.65,47.65,25.00,20.00,0,0
2026-08-05 16:59:11,33.65,47.65,25.00,20.00,0,0
2026-08-05 16:59:12,33.65,47.65,25.00,20.00,0,0
2026-08-05 16:59:13,33.65,47.69,25.00,20.00,0,0
2026-08-05 16:59:14,33.64,47.69,25.00,20.00,0,0
2026-08-05 16:59:15,33.64,47.69,25.00,20.00,0,0
2026-08-05 16:59:16,33.64,47.69,25.00,20.00,0,0
2026-08-05 16:59:17,33.64,47.69,25.00,20.00,0,0
2026-08-05 16:59:18,33.64,47.69,25.00,20.00,0,0
2026-08-05 16:59:19,33.64,47.69,25.00,20.00,0,0
2026-08-05 16:59:20,33.64,47.69,25.00,20.00,0,0
2026-08-05 16:59:21,33.64,47.72,25.00,20.00,0,0
2026-08-05 16:59:22,33.64,47.72,25.00,20.00,0,0
2026-08-05 16:59:23,33.63,47.72,25.00,20.00,0,0
2026-08-05 16:59:24,33.63,47.70,25.00,20.00,0,0
2026-08-05 16:59:25,33.63,47.70,25.00,20.00,0,0
2026-08-05 16:59:26,33.63,47.77,25.00,20.00,0,0
2026-08-05 16:59:27,33.62,47.77,25.00,20.00,0,0
2026-08-05 16:59:28,33.62,47.77,25.00,20.00,0,0
2026-08-05 16:59:29,33.62,47.77,25.00,20.00,0,0
2026-08-05 16:59:30,33.60,47.77,25.00,20.00,0,0
2026-08-05 16:59:31,33.60,47.77,25.00,20.00,0,0
2026-08-05 16:59:32,33.60,47.81,25.00,20.00,0,0
2026-08-05 16:59:33,33.60,47.77,25.00,20.00,0,0
2026-08-05 16:59:34,33.60,47.81,25.00,20.00,0,0
2026-08-05 16:59:35,33.60,47.81,25.00,20.00,0,0
2026-08-05 16:59:36,33.59,47.81,25.00,20.00,0,0
2026-08-05 16:59:37,33.59,47.81,25.00,20.00,0,0
2026-08-05 16:59:38,33.59,47.81,25.00,20.00,0,0
2026-08-05 16:59:39,33.59,47.81,25.00,20.00,0,0
2026-08-05 16:59:40,33.58,47.81,25.00,20.00,0,0
2026-08-05 16:59:41,33.58,47.81,25.00,20.00,0,0
2026-08-05 16:59:42,33.58,47.84,25.00,20.00,0,0
2026-08-05 16:59:43,33.58,47.84,25.00,20.00,0,0
2026-08-05 16:59:44,33.58,47.84,25.00,20.00,0,0
2026-08-05 16:59:45,33.58,47.84,25.00,20.00,0,0
2026-08-05 16:59:46,33.57,47.84,25.00,20.00,0,0
2026-08-05 16:59:47,33.57,47.84,25.00,20.00,0,0
2026-08-05 16:59:48,33.56,47.84,25.00,20.00,0,0
2026-08-05 16:59:49,33.57,47.84,25.00,20.00,0,0
2026-08-05 16:59:50,33.56,47.87,25.00,20.00,0,0
2026-08-05 16:59:51,33.56,47.87,25.00,20.00,0,0
2026-08-05 16:59:52,33.56,47.87,25.00,20.00,0,0
2026-08-05 16:59:53,33.56,47.87,25.00,20.00,0,0
2026-08-05 16:59:54,33.56,47.87,25.00,20.00,0,0
2026-08-05 16:59:55,33.55,47.87,25.00,20.00,0,0
2026-08-05 16:59:56,33.55,47.90,25.00,20.00,0,0
2026-08-05 16:59:57,33.55,47.90,25.00,20.00,0,0
2026-08-05 16:59:58,33.55,47.90,25.00,20.00,0,0
2026-08-05 16:59:59,33.55,47.90,25.00,20.00,0,0
2026-08-05 17:00:00,33.54,47.90,25.00,20.00,0,0
2026-08-05 17:00:01,33.54,47.90,25.00,20.00,0,0
2026-08-05 17:00:02,33.54,47.90,25.00,20.00,0,0
2026-08-05 17:00:03,33.53,47.94,25.00,20.00,0,0
2026-08-05 17:00:04,33.53,47.94,25.00,20.00,0,0
2026-08-05 17:00:05,33.53,47.94,25.00,20.00,0,0
2026-08-05 17:00:06,33.53,47.94,25.00,20.00,0,0
2026-08-05 17:00:07,33.53,47.94,25.00,20.00,0,0
2026-08-05 17:00:08,33.52,47.94,25.00,20.00,0,0
2026-08-05 17:00:09,33.52,47.94,25.00,20.00,0,0
2026-08-05 17:00:10,33.52,47.94,25.00,20.00,0,0
2026-08-05 17:00:11,33.52,47.97,25.00,20.00,0,0
2026-08-05 17:00:12,33.52,47.97,25.00,20.00,0,0
2026-08-05 17:00:13,33.52,47.97,25.00,20.00,0,0
2026-08-05 17:00:14,33.51,47.97,25.00,20.00,0,0
2026-08-05 17:00:15,33.51,47.97,25.00,20.00,0,0
2026-08-05 17:00:16,33.51,47.97,25.00,20.00,0,0
2026-08-05 17:00:17,33.51,47.97,25.00,20.00,0,0
2026-08-05 17:00:18,33.50,48.00,25.00,20.00,0,0
2026-08-05 17:00:19,33.50,48.00,25.00,20.00,0,0
2026-08-05 17:00:20,33.50,48.00,25.00,20.00,0,0
2026-08-05 17:00:21,33.50,48.00,25.00,20.00,0,0
2026-08-05 17:00:22,33.49,48.00,25.00,20.00,0,0
2026-08-05 17:00:23,33.49,48.00,25.00,20.00,0,0
2026-08-05 17:00:24,33.49,48.00,25.00,20.00,0,0
2026-08-05 17:00:25,33.49,48.00,25.00,20.00,0,0
2026-08-05 17:00:26,33.49,48.00,25.00,20.00,0,0
2026-08-05 17:00:27,33.49,48.04,25.00,20.00,0,0
2026-08-05 17:00:28,33.49,48.04,25.00,20.00,0,0
2026-08-05 17:00:29,33.48,48.04,25.00,20.00,0,0
2026-08-05 17:00:30,33.48,48.04,25.00,20.00,0,0
2026-08-05 17:00:31,33.48,48.04,25.00,20.00,0,0
2026-08-05 17:00:32,33.48,48.04,25.00,20.00,0,0
2026-08-05 17:00:33,33.47,48.04,25.00,20.00,0,0
2026-08-05 17:00:34,33.47,48.04,25.00,20.00,0,0
2026-08-05 17:00:35,33.47,48.04,25.00,20.00,0,0
2026-08-05 17:00:36,33.47,48.04,25.00,20.00,0,0
2026-08-05 17:00:37,33.47,48.05,25.00,20.00,0,0
2026-08-05 17:00:38,33.45,48.05,25.00,20.00,0,0
2026-08-05 17:00:39,33.45,48.05,25.00,20.00,0,0
2026-08-05 17:00:40,33.45,48.05,25.00,20.00,0,0
2026-08-05 17:00:41,33.45,48.05,25.00,20.00,0,0
2026-08-05 17:00:42,33.44,48.05,25.00,20.00,0,0
2026-08-05 17:00:43,33.45,48.05,25.00,20.00,0,0
2026-08-05 17:00:44,33.44,48.09,25.00,20.00,0,0
2026-08-05 17:00:45,33.44,48.09,25.00,20.00,0,0
2026-08-05 17:00:46,33.44,48.09,25.00,20.00,0,0
2026-08-05 17:00:47,33.44,48.09,25.00,20.00,0,0
2026-08-05 17:00:48,33.44,48.09,25.00,20.00,0,0
2026-08-05 17:00:49,33.43,48.09,25.00,20.00,0,0
2026-08-05 17:00:50,33.43,48.09,25.00,20.00,0,0
2026-08-05 17:00:51,33.43,48.12,25.00,20.00,0,0
2026-08-05 17:00:52,33.42,48.12,25.00,20.00,0,0
2026-08-05 17:00:53,33.42,48.12,25.00,20.00,0,0
2026-08-05 17:00:54,33.42,48.12,25.00,20.00,0,0
2026-08-05 17:00:55,33.42,48.12,25.00,20.00,0,0
2026-08-05 17:00:56,33.42,48.12,25.00,20.00,0,0
2026-08-05 17:00:57,33.41,48.12,25.00,20.00,0,0
2026-08-05 17:00:58,33.41,48.15,25.00,20.00,0,0
2026-08-05 17:00:59,33.41,48.15,25.00,20.00,0,0
2026-08-05 17:01:00,33.41,48.15,25.00,20.00,0,0
2026-08-05 17:01:01,33.41,48.15,25.00,20.00,0,0
2026-08-05 17:01:02,33.41,48.15,25.00,20.00,0,0
2026-08-05 17:01:03,33.40,48.15,25.00,20.00,0,0
2026-08-05 17:01:04,33.40,48.15,25.00,20.00,0,0
2026-08-05 17:01:05,33.40,48.15,25.00,20.00,0,0
2026-08-05 17:01:06,33.39,48.15,25.00,20.00,0,0
2026-08-05 17:01:07,33.38,48.19,25.00,20.00,0,0
2026-08-05 17:01:09,33.39,48.19,25.00,20.00,0,0
2026-08-05 17:01:10,33.39,48.19,25.00,20.00,0,0
2026-08-05 17:01:11,33.38,48.19,25.00,20.00,0,0
2026-08-05 17:01:12,33.38,48.19,25.00,20.00,0,0
2026-08-05 17:01:13,33.38,48.19,25.00,20.00,0,0
2026-08-05 17:01:14,33.37,48.19,25.00,20.00,0,0
2026-08-05 17:01:15,33.37,48.22,25.00,20.00,0,0
2026-08-05 17:01:16,33.38,48.22,25.00,20.00,0,0
2026-08-05 17:01:17,33.37,48.22,25.00,20.00,0,0
2026-08-05 17:01:18,33.37,48.22,25.00,20.00,0,0
2026-08-05 17:01:19,33.37,48.22,25.00,20.00,0,0
2026-08-05 17:01:20,33.37,48.22,25.00,20.00,0,0
2026-08-05 17:01:21,33.37,48.22,25.00,20.00,0,0
2026-08-05 17:01:22,33.36,48.22,25.00,20.00,0,0
2026-08-05 17:01:23,33.36,48.22,25.00,20.00,0,0
2026-08-05 17:01:24,33.36,48.22,25.00,20.00,0,0
2026-08-05 17:01:25,33.36,48.22,25.00,20.00,0,0
2026-08-05 17:01:26,33.36,48.26,25.00,20.00,0,0
2026-08-05 17:01:27,33.35,48.26,25.00,20.00,0,0
2026-08-05 17:01:28,33.35,48.26,25.00,20.00,0,0
2026-08-05 17:01:29,33.35,48.26,25.00,20.00,0,0
2026-08-05 17:01:30,33.35,48.26,25.00,20.00,0,0
2026-08-05 17:01:31,33.35,48.26,25.00,20.00,0,0
2026-08-05 17:01:32,33.34,48.26,25.00,20.00,0,0
2026-08-05 17:01:33,33.34,48.26,25.00,20.00,0,0
2026-08-05 17:01:34,33.34,48.29,25.00,20.00,0,0
2026-08-05 17:01:35,33.34,48.29,25.00,20.00,0,0
2026-08-05 17:01:36,33.33,48.29,25.00,20.00,0,0
2026-08-05 17:01:37,33.34,48.29,25.00,20.00,0,0
2026-08-05 17:01:38,33.34,48.29,25.00,20.00,0,0
2026-08-05 17:01:39,33.33,48.29,25.00,20.00,0,0
2026-08-05 17:01:40,33.33,48.29,25.00,20.00,0,0
2026-08-05 17:01:41,33.33,48.29,25.00,20.00,0,0
2026-08-05 17:01:42,33.33,48.29,25.00,20.00,0,0
2026-08-05 17:01:43,33.33,48.32,25.00,20.00,0,0
2026-08-05 17:01:44,33.33,48.29,25.00,20.00,0,0
2026-08-05 17:01:45,33.32,48.32,25.00,20.00,0,0
2026-08-05 17:01:46,33.32,48.32,25.00,20.00,0,0
2026-08-05 17:01:47,33.32,48.32,25.00,20.00,0,0
2026-08-05 17:01:48,33.30,48.32,25.00,20.00,0,0
2026-08-05 17:01:49,33.30,48.32,25.00,20.00,0,0
2026-08-05 17:01:50,33.29,48.32,25.00,20.00,0,0
2026-08-05 17:01:51,33.30,48.32,25.00,20.00,0,0
2026-08-05 17:01:52,33.29,48.32,25.00,20.00,0,0
2026-08-05 17:01:53,33.29,48.32,25.00,20.00,0,0
2026-08-05 17:01:54,33.29,48.32,25.00,20.00,0,0
2026-08-05 17:01:55,33.29,48.35,25.00,20.00,0,0
2026-08-05 17:01:56,33.29,48.35,25.00,20.00,0,0
2026-08-05 17:01:57,33.29,48.35,25.00,20.00,0,0
2026-08-05 17:01:58,33.29,48.35,25.00,20.00,0,0
2026-08-05 17:01:59,33.29,48.35,25.00,20.00,0,0
2026-08-05 17:02:00,33.29,48.35,25.00,20.00,0,0
2026-08-05 17:02:01,33.29,48.35,25.00,20.00,0,0
2026-08-05 17:02:02,33.29,48.35,25.00,20.00,0,0
2026-08-05 17:02:03,33.29,48.38,25.00,20.00,0,0
2026-08-05 17:02:04,33.29,48.38,25.00,20.00,0,0
2026-08-05 17:02:05,33.29,48.38,25.00,20.00,0,0
2026-08-05 17:02:06,33.29,48.38,25.00,20.00,0,0
2026-08-05 17:02:07,33.29,48.38,25.00,20.00,0,0
2026-08-05 17:02:08,33.29,48.38,25.00,20.00,0,0
2026-08-05 17:02:09,33.29,48.38,25.00,20.00,0,0
2026-08-05 17:02:10,33.29,48.38,25.00,20.00,0,0
2026-08-05 17:02:11,33.29,48.42,25.00,20.00,0,0
2026-08-05 17:02:12,33.29,48.42,25.00,20.00,0,0
2026-08-05 17:02:13,33.28,48.42,25.00,20.00,0,0
2026-08-05 17:02:14,33.29,48.42,25.00,20.00,0,0
2026-08-05 17:02:15,33.29,48.42,25.00,20.00,0,0
2026-08-05 17:02:16,33.28,48.42,25.00,20.00,0,0
2026-08-05 17:02:17,33.28,48.42,25.00,20.00,0,0
2026-08-05 17:02:18,33.28,48.42,25.00,20.00,0,0
2026-08-05 17:02:19,33.28,48.42,25.00,20.00,0,0
2026-08-05 17:02:20,33.27,48.42,25.00,20.00,0,0
2026-08-05 17:02:21,33.27,48.45,25.00,20.00,0,0
2026-08-05 17:02:22,33.26,48.43,25.00,20.00,0,0
2026-08-05 17:02:23,33.26,48.43,25.00,20.00,0,0
2026-08-05 17:02:24,33.26,48.43,25.00,20.00,0,0
2026-08-05 17:02:25,33.25,48.43,25.00,20.00,0,0
2026-08-05 17:02:26,33.25,48.43,25.00,20.00,0,0
2026-08-05 17:02:27,33.25,48.43,25.00,20.00,0,0
2026-08-05 17:02:28,33.25,48.43,25.00,20.00,0,0
2026-08-05 17:02:29,33.25,48.43,25.00,20.00,0,0
2026-08-05 17:02:30,33.24,48.43,25.00,20.00,0,0
2026-08-05 17:02:31,33.24,48.50,25.00,20.00,0,0
2026-08-05 17:02:32,33.24,48.50,25.00,20.00,0,0
2026-08-05 17:02:33,33.24,48.50,25.00,20.00,0,0
2026-08-05 17:02:34,33.24,48.50,25.00,20.00,0,0
2026-08-05 17:02:35,33.24,48.50,25.00,20.00,0,0
2026-08-05 17:02:36,33.23,48.50,25.00,20.00,0,0
2026-08-05 17:02:37,33.23,48.50,25.00,20.00,0,0
2026-08-05 17:02:38,33.23,48.50,25.00,20.00,0,0
2026-08-05 17:02:39,33.23,48.50,25.00,20.00,0,0
2026-08-05 17:02:40,33.22,48.50,25.00,20.00,0,0
2026-08-05 17:02:41,33.22,48.50,25.00,20.00,0,0
2026-08-05 17:02:42,33.22,48.50,25.00,20.00,0,0
2026-08-05 17:02:43,33.22,48.53,25.00,20.00,0,0
2026-08-05 17:02:44,33.22,48.53,25.00,20.00,0,0
2026-08-05 17:02:45,33.21,48.53,25.00,20.00,0,0
2026-08-05 17:02:46,33.22,48.53,25.00,20.00,0,0
2026-08-05 17:02:47,33.21,48.53,25.00,20.00,0,0
2026-08-05 17:02:48,33.21,48.53,25.00,20.00,0,0
2026-08-05 17:02:49,33.21,48.53,25.00,20.00,0,0
2026-08-05 17:02:50,33.21,48.57,25.00,20.00,0,0
2026-08-05 17:02:51,33.21,48.57,25.00,20.00,0,0
2026-08-05 17:02:52,33.21,48.57,25.00,20.00,0,0
2026-08-05 17:02:53,33.20,48.57,25.00,20.00,0,0
2026-08-05 17:02:54,33.20,48.57,25.00,20.00,0,0
2026-08-05 17:02:55,33.20,48.57,25.00,20.00,0,0
2026-08-05 17:02:56,33.20,48.57,25.00,20.00,0,0
2026-08-05 17:02:57,33.20,48.57,25.00,20.00,0,0
2026-08-05 17:02:58,33.20,48.57,25.00,20.00,0,0
2026-08-05 17:02:59,33.19,48.57,25.00,20.00,0,0
2026-08-05 17:03:00,33.19,48.57,25.00,20.00,0,0
2026-08-05 17:03:01,33.19,48.57,25.00,20.00,0,0
2026-08-05 17:03:02,33.19,48.57,25.00,20.00,0,0
2026-08-05 17:03:03,33.19,48.60,25.00,20.00,0,0
2026-08-05 17:03:04,33.18,48.60,25.00,20.00,0,0
2026-08-05 17:03:05,33.18,48.60,25.00,20.00,0,0
2026-08-05 17:03:06,33.18,48.60,25.00,20.00,0,0
2026-08-05 17:03:07,33.18,48.60,25.00,20.00,0,0
2026-08-05 17:03:08,33.18,48.60,25.00,20.00,0,0
2026-08-05 17:03:09,33.18,48.60,25.00,20.00,0,0
2026-08-05 17:03:10,33.18,48.60,25.00,20.00,0,0
2026-08-05 17:03:11,33.16,48.60,25.00,20.00,0,0
2026-08-05 17:03:12,33.16,48.60,25.00,20.00,0,0
2026-08-05 17:03:13,33.16,48.60,25.00,20.00,0,0
2026-08-05 17:03:14,33.16,48.64,25.00,20.00,0,0
2026-08-05 17:03:15,33.16,48.60,25.00,20.00,0,0
2026-08-05 17:03:16,33.16,48.64,25.00,20.00,0,0
2026-08-05 17:03:17,33.15,48.64,25.00,20.00,0,0
2026-08-05 17:03:18,33.15,48.64,25.00,20.00,0,0
2026-08-05 17:03:19,33.15,48.64,25.00,20.00,0,0
2026-08-05 17:03:20,33.15,48.64,25.00,20.00,0,0
2026-08-05 17:03:21,33.15,48.64,25.00,20.00,0,0
2026-08-05 17:03:22,33.15,48.64,25.00,20.00,0,0
2026-08-05 17:03:23,33.14,48.64,25.00,20.00,0,0
2026-08-05 17:03:24,33.15,48.67,25.00,20.00,0,0
2026-08-05 17:03:25,33.14,48.67,25.00,20.00,0,0
2026-08-05 17:03:26,33.14,48.67,25.00,20.00,0,0
2026-08-05 17:03:27,33.14,48.67,25.00,20.00,0,0
2026-08-05 17:03:28,33.14,48.67,25.00,20.00,0,0
2026-08-05 17:03:29,33.13,48.67,25.00,20.00,0,0
2026-08-05 17:03:30,33.13,48.67,25.00,20.00,0,0
2026-08-05 17:03:31,33.13,48.67,25.00,20.00,0,0
2026-08-05 17:03:32,33.13,48.67,25.00,20.00,0,0
2026-08-05 17:03:33,33.13,48.67,25.00,20.00,0,0
2026-08-05 17:03:34,33.13,48.67,25.00,20.00,0,0
2026-08-05 17:03:35,33.13,48.71,25.00,20.00,0,0
2026-08-05 17:03:36,33.13,48.71,25.00,20.00,0,0
2026-08-05 17:03:37,33.13,48.71,25.00,20.00,0,0
2026-08-05 17:03:38,33.12,48.71,25.00,20.00,0,0
2026-08-05 17:03:39,33.12,48.67,25.00,20.00,0,0
2026-08-05 17:03:40,33.12,48.71,25.00,20.00,0,0
2026-08-05 17:03:41,33.12,48.71,25.00,20.00,0,0
2026-08-05 17:03:42,33.12,48.71,25.00,20.00,0,0
2026-08-05 17:03:43,33.11,48.71,25.00,20.00,0,0
2026-08-05 17:03:44,33.11,48.71,25.00,20.00,0,0
2026-08-05 17:03:45,33.11,48.67,25.00,20.00,0,0
2026-08-05 17:03:46,33.11,48.71,25.00,20.00,0,0
2026-08-05 17:03:47,33.10,48.71,25.00,20.00,0,0
2026-08-05 17:03:48,33.11,48.71,25.00,20.00,0,0
2026-08-05 17:03:49,33.11,48.71,25.00,20.00,0,0
2026-08-05 17:03:50,33.10,48.71,25.00,20.00,0,0
2026-08-05 17:03:51,33.10,48.71,25.00,20.00,0,0
2026-08-05 17:03:52,33.10,48.71,25.00,20.00,0,0
2026-08-05 17:03:53,33.10,48.71,25.00,20.00,0,0
2026-08-05 17:03:54,33.10,48.71,25.00,20.00,0,0
2026-08-05 17:03:55,33.09,48.74,25.00,20.00,0,0
2026-08-05 17:03:56,33.09,48.74,25.00,20.00,0,0
2026-08-05 17:03:57,33.09,48.74,25.00,20.00,0,0
2026-08-05 17:03:58,33.09,48.74,25.00,20.00,0,0
2026-08-05 17:03:59,33.09,48.74,25.00,20.00,0,0
2026-08-05 17:04:00,33.08,48.74,25.00,20.00,0,0
2026-08-05 17:04:01,33.08,48.74,25.00,20.00,0,0
2026-08-05 17:04:02,33.08,48.74,25.00,20.00,0,0
2026-08-05 17:04:03,33.08,48.74,25.00,20.00,0,0
2026-08-05 17:04:04,33.08,48.74,25.00,20.00,0,0
2026-08-05 17:04:05,33.08,48.74,25.00,20.00,0,0
2026-08-05 17:04:06,33.08,48.74,25.00,20.00,0,0
2026-08-05 17:04:07,33.08,48.74,25.00,20.00,0,0
2026-08-05 17:04:08,33.08,48.78,25.00,20.00,0,0
2026-08-05 17:04:09,33.08,48.78,25.00,20.00,0,0
2026-08-05 17:04:10,33.07,48.78,25.00,20.00,0,0
2026-08-05 17:04:11,33.07,48.78,25.00,20.00,0,0
2026-08-05 17:04:12,33.07,48.78,25.00,20.00,0,0
2026-08-05 17:04:13,33.07,48.78,25.00,20.00,0,0
2026-08-05 17:04:14,33.07,48.78,25.00,20.00,0,0
2026-08-05 17:04:15,33.06,48.78,25.00,20.00,0,0
2026-08-05 17:04:16,33.06,48.78,25.00,20.00,0,0
2026-08-05 17:04:17,33.06,48.78,25.00,20.00,0,0
2026-08-05 17:04:18,33.06,48.78,25.00,20.00,0,0
2026-08-05 17:04:19,33.06,48.78,25.00,20.00,0,0
2026-08-05 17:04:20,33.06,48.78,25.00,20.00,0,0
2026-08-05 17:04:21,33.06,48.81,25.00,20.00,0,0
2026-08-05 17:04:22,33.05,48.81,25.00,20.00,0,0
2026-08-05 17:04:23,33.05,48.81,25.00,20.00,0,0
2026-08-05 17:04:24,33.05,48.81,25.00,20.00,0,0
2026-08-05 17:04:25,33.05,48.81,25.00,20.00,0,0
2026-08-05 17:04:26,33.05,48.81,25.00,20.00,0,0
2026-08-05 17:04:27,33.05,48.81,25.00,20.00,0,0
2026-08-05 17:04:28,33.05,48.81,25.00,20.00,0,0
2026-08-05 17:04:29,33.04,48.81,25.00,20.00,0,0
2026-08-05 17:04:30,33.04,48.81,25.00,20.00,0,0
2026-08-05 17:04:31,33.04,48.81,25.00,20.00,0,0
2026-08-05 17:04:32,33.04,48.81,25.00,20.00,0,0
2026-08-05 17:04:33,33.04,48.81,25.00,20.00,0,0
2026-08-05 17:04:34,33.04,48.81,25.00,20.00,0,0
2026-08-05 17:04:35,33.03,48.85,25.00,20.00,0,0
2026-08-05 17:04:36,33.04,48.85,25.00,20.00,0,0
2026-08-05 17:04:37,33.03,48.85,25.00,20.00,0,0
2026-08-05 17:04:38,33.04,48.85,25.00,20.00,0,0
2026-08-05 17:04:39,33.03,48.85,25.00,20.00,0,0
2026-08-05 17:04:40,33.03,48.85,25.00,20.00,0,0
2026-08-05 17:04:41,33.03,48.85,25.00,20.00,0,0
2026-08-05 17:04:42,33.03,48.85,25.00,20.00,0,0
2026-08-05 17:04:43,33.03,48.85,25.00,20.00,0,0
2026-08-05 17:04:44,33.03,48.85,25.00,20.00,0,0
2026-08-05 17:04:45,33.01,48.85,25.00,20.00,0,0
2026-08-05 17:04:46,33.01,48.85,25.00,20.00,0,0
2026-08-05 17:04:47,33.01,48.88,25.00,20.00,0,0
2026-08-05 17:04:48,33.01,48.88,25.00,20.00,0,0
2026-08-05 17:04:49,33.01,48.88,25.00,20.00,0,0
2026-08-05 17:04:50,33.01,48.88,25.00,20.00,0,0
2026-08-05 17:04:51,33.01,48.88,25.00,20.00,0,0
2026-08-05 17:04:52,33.00,48.88,25.00,20.00,0,0
2026-08-05 17:04:53,33.00,48.88,25.00,20.00,0,0
2026-08-05 17:04:54,33.00,48.88,25.00,20.00,0,0
2026-08-05 17:04:55,33.00,48.88,25.00,20.00,0,0
2026-08-05 17:04:56,32.99,48.88,25.00,20.00,0,0
2026-08-05 17:04:57,32.99,48.88,25.00,20.00,0,0
2026-08-05 17:04:58,32.99,48.88,25.00,20.00,0,0
2026-08-05 17:04:59,32.99,48.92,25.00,20.00,0,0
2026-08-05 17:05:00,32.99,48.88,25.00,20.00,0,0
2026-08-05 17:05:01,32.99,48.92,25.00,20.00,0,0
2026-08-05 17:05:02,32.99,48.92,25.00,20.00,0,0
2026-08-05 17:05:03,32.99,48.92,25.00,20.00,0,0
2026-08-05 17:05:04,32.99,48.92,25.00,20.00,0,0
2026-08-05 17:05:05,32.99,48.92,25.00,20.00,0,0
2026-08-05 17:05:06,32.98,48.92,25.00,20.00,0,0
2026-08-05 17:05:07,32.98,48.92,25.00,20.00,0,0
2026-08-05 17:05:08,32.98,48.92,25.00,20.00,0,0
2026-08-05 17:05:09,32.98,48.92,25.00,20.00,0,0
2026-08-05 17:05:10,32.98,48.92,25.00,20.00,0,0
2026-08-05 17:05:11,32.98,48.92,25.00,20.00,0,0
2026-08-05 17:05:12,32.98,48.95,25.00,20.00,0,0
2026-08-05 17:05:13,32.98,48.95,25.00,20.00,0,0
2026-08-05 17:05:14,32.97,48.95,25.00,20.00,0,0
2026-08-05 17:05:15,32.97,48.95,25.00,20.00,0,0
2026-08-05 17:05:16,32.97,48.95,25.00,20.00,0,0
2026-08-05 17:05:17,32.97,48.95,25.00,20.00,0,0
2026-08-05 17:05:18,32.97,48.95,25.00,20.00,0,0
2026-08-05 17:05:19,32.97,48.95,25.00,20.00,0,0
2026-08-05 17:05:20,32.97,48.95,25.00,20.00,0,0
2026-08-05 17:05:21,32.96,48.95,25.00,20.00,0,0
2026-08-05 17:05:22,32.96,48.95,25.00,20.00,0,0
2026-08-05 17:05:23,32.96,48.95,25.00,20.00,0,0
2026-08-05 17:05:24,32.96,48.99,25.00,20.00,0,0
2026-08-05 17:05:25,32.95,48.99,25.00,20.00,0,0
2026-08-05 17:05:26,32.96,48.99,25.00,20.00,0,0
2026-08-05 17:05:27,32.95,48.99,25.00,20.00,0,0
2026-08-05 17:05:28,32.95,48.99,25.00,20.00,0,0
2026-08-05 17:05:29,32.95,48.99,25.00,20.00,0,0
2026-08-05 17:05:30,32.95,48.99,25.00,20.00,0,0
2026-08-05 17:05:31,32.95,48.99,25.00,20.00,0,0
2026-08-05 17:05:32,32.95,48.99,25.00,20.00,0,0
2026-08-05 17:05:33,32.95,48.99,25.00,20.00,0,0
2026-08-05 17:05:34,32.95,48.99,25.00,20.00,0,0
2026-08-05 17:05:35,32.95,48.96,25.00,20.00,0,0
2026-08-05 17:05:36,32.94,48.99,25.00,20.00,0,0
2026-08-05 17:05:37,32.94,48.99,25.00,20.00,0,0
2026-08-05 17:05:38,32.94,48.96,25.00,20.00,0,0
2026-08-05 17:05:39,32.94,49.02,25.00,20.00,0,0
2026-08-05 17:05:40,32.94,49.02,25.00,20.00,0,0
2026-08-05 17:05:41,32.93,49.00,25.00,20.00,0,0
2026-08-05 17:05:42,32.94,49.00,25.00,20.00,0,0
2026-08-05 17:05:43,32.93,49.00,25.00,20.00,0,0
2026-08-05 17:05:44,32.93,49.00,25.00,20.00,0,0
2026-08-05 17:05:45,32.93,49.00,25.00,20.00,0,0
2026-08-05 17:05:46,32.93,49.00,25.00,20.00,0,0
2026-08-05 17:05:47,32.93,49.00,25.00,20.00,0,0
2026-08-05 17:05:48,32.93,49.00,25.00,20.00,0,0
2026-08-05 17:05:49,32.93,49.00,25.00,20.00,0,0
2026-08-05 17:05:50,32.92,49.00,25.00,20.00,0,0
2026-08-05 17:05:51,32.92,49.00,25.00,20.00,0,0
2026-08-05 17:05:52,32.92,49.00,25.00,20.00,0,0
2026-08-05 17:05:53,32.92,49.03,25.00,20.00,0,0
2026-08-05 17:05:54,32.92,49.03,25.00,20.00,0,0
2026-08-05 17:05:55,32.91,49.03,25.00,20.00,0,0
2026-08-05 17:05:56,32.91,49.03,25.00,20.00,0,0
2026-08-05 17:05:57,32.91,49.03,25.00,20.00,0,0
2026-08-05 17:05:58,32.91,49.03,25.00,20.00,0,0
2026-08-05 17:05:59,32.91,49.03,25.00,20.00,0,0
2026-08-05 17:06:00,32.91,49.03,25.00,20.00,0,0
2026-08-05 17:06:01,32.91,49.03,25.00,20.00,0,0
2026-08-05 17:06:02,32.91,49.03,25.00,20.00,0,0
2026-08-05 17:06:03,32.90,49.03,25.00,20.00,0,0
2026-08-05 17:06:04,32.90,49.03,25.00,20.00,0,0
2026-08-05 17:06:05,32.90,49.03,25.00,20.00,0,0
2026-08-05 17:06:06,32.90,49.03,25.00,20.00,0,0
2026-08-05 17:06:07,32.90,49.06,25.00,20.00,0,0
2026-08-05 17:06:08,32.90,49.06,25.00,20.00,0,0
2026-08-05 17:06:09,32.90,49.06,25.00,20.00,0,0
2026-08-05 17:06:10,32.90,49.06,25.00,20.00,0,0
2026-08-05 17:06:11,32.90,49.06,25.00,20.00,0,0
2026-08-05 17:06:12,32.90,49.06,25.00,20.00,0,0
2026-08-05 17:06:13,32.89,49.06,25.00,20.00,0,0
2026-08-05 17:06:14,32.90,49.06,25.00,20.00,0,0
2026-08-05 17:06:15,32.89,49.06,25.00,20.00,0,0
2026-08-05 17:06:16,32.89,49.06,25.00,20.00,0,0
2026-08-05 17:06:17,32.89,49.06,25.00,20.00,0,0
2026-08-05 17:06:18,32.89,49.06,25.00,20.00,0,0
2026-08-05 17:06:19,32.89,49.06,25.00,20.00,0,0
2026-08-05 17:06:20,32.88,49.09,25.00,20.00,0,0
2026-08-05 17:06:21,32.88,49.09,25.00,20.00,0,0
2026-08-05 17:06:22,32.88,49.09,25.00,20.00,0,0
2026-08-05 17:06:23,32.88,49.09,25.00,20.00,0,0
2026-08-05 17:06:24,32.88,49.09,25.00,20.00,0,0
2026-08-05 17:06:25,32.88,49.09,25.00,20.00,0,0
2026-08-05 17:06:26,32.88,49.09,25.00,20.00,0,0
2026-08-05 17:06:27,32.86,49.09,25.00,20.00,0,0
2026-08-05 17:06:28,32.86,49.09,25.00,20.00,0,0
2026-08-05 17:06:29,32.86,49.09,25.00,20.00,0,0
2026-08-05 17:06:30,32.86,49.09,25.00,20.00,0,0
2026-08-05 17:06:31,32.86,49.09,25.00,20.00,0,0
2026-08-05 17:06:32,32.86,49.09,25.00,20.00,0,0
2026-08-05 17:06:33,32.86,49.09,25.00,20.00,0,0
2026-08-05 17:06:34,32.86,49.09,25.00,20.00,0,0
2026-08-05 17:06:35,32.85,49.13,25.00,20.00,0,0
2026-08-05 17:06:36,32.85,49.13,25.00,20.00,0,0
2026-08-05 17:06:37,32.85,49.13,25.00,20.00,0,0
2026-08-05 17:06:38,32.85,49.13,25.00,20.00,0,0
2026-08-05 17:06:39,32.85,49.13,25.00,20.00,0,0
2026-08-05 17:06:40,32.85,49.13,25.00,20.00,0,0
2026-08-05 17:06:41,32.85,49.13,25.00,20.00,0,0
2026-08-05 17:06:42,32.85,49.13,25.00,20.00,0,0
2026-08-05 17:06:43,32.84,49.13,25.00,20.00,0,0
2026-08-05 17:06:44,32.84,49.13,25.00,20.00,0,0
2026-08-05 17:06:45,32.84,49.13,25.00,20.00,0,0
2026-08-05 17:06:46,32.84,49.13,25.00,20.00,0,0
2026-08-05 17:06:47,32.84,49.13,25.00,20.00,0,0
2026-08-05 17:06:48,32.84,49.13,25.00,20.00,0,0
2026-08-05 17:06:49,32.83,49.16,25.00,20.00,0,0
2026-08-05 17:06:50,32.84,49.16,25.00,20.00,0,0
2026-08-05 17:06:51,32.83,49.16,25.00,20.00,0,0
2026-08-05 17:06:52,32.83,49.16,25.00,20.00,0,0
2026-08-05 17:06:53,32.83,49.16,25.00,20.00,0,0
2026-08-05 17:06:54,32.83,49.16,25.00,20.00,0,0
2026-08-05 17:06:55,32.83,49.16,25.00,20.00,0,0
2026-08-05 17:06:56,32.83,49.16,25.00,20.00,0,0
2026-08-05 17:06:57,32.83,49.16,25.00,20.00,0,0
2026-08-05 17:06:58,32.83,49.16,25.00,20.00,0,0
2026-08-05 17:06:59,32.82,49.16,25.00,20.00,0,0
2026-08-05 17:07:00,32.82,49.16,25.00,20.00,0,0
2026-08-05 17:07:01,32.82,49.16,25.00,20.00,0,0
2026-08-05 17:07:02,32.82,49.16,25.00,20.00,0,0
2026-08-05 17:07:03,32.82,49.16,25.00,20.00,0,0
2026-08-05 17:07:04,32.82,49.16,25.00,20.00,0,0
2026-08-05 17:07:05,32.82,49.23,25.00,20.00,0,0
2026-08-05 17:07:06,32.81,49.23,25.00,20.00,0,0
2026-08-05 17:07:07,32.82,49.23,25.00,20.00,0,0
2026-08-05 17:07:08,32.81,49.23,25.00,20.00,0,0
2026-08-05 17:07:09,32.81,49.23,25.00,20.00,0,0
2026-08-05 17:07:10,32.81,49.23,25.00,20.00,0,0
2026-08-05 17:07:11,32.81,49.23,25.00,20.00,0,0
2026-08-05 17:07:12,32.81,49.23,25.00,20.00,0,0
2026-08-05 17:07:13,32.81,49.23,25.00,20.00,0,0
2026-08-05 17:07:14,32.81,49.23,25.00,20.00,0,0
2026-08-05 17:07:15,32.80,49.23,25.00,20.00,0,0
2026-08-05 17:07:16,32.80,49.23,25.00,20.00,0,0
2026-08-05 17:07:17,32.80,49.23,25.00,20.00,0,0
2026-08-05 17:07:18,32.80,49.23,25.00,20.00,0,0
2026-08-05 17:07:19,32.80,49.26,25.00,20.00,0,0
2026-08-05 17:07:20,32.80,49.23,25.00,20.00,0,0
2026-08-05 17:07:21,32.80,49.26,25.00,20.00,0,0
2026-08-05 17:07:22,32.79,49.26,25.00,20.00,0,0
2026-08-05 17:07:23,32.79,49.26,25.00,20.00,0,0
2026-08-05 17:07:24,32.79,49.26,25.00,20.00,0,0
2026-08-05 17:07:25,32.79,49.26,25.00,20.00,0,0
2026-08-05 17:07:26,32.79,49.26,25.00,20.00,0,0
2026-08-05 17:07:27,32.79,49.26,25.00,20.00,0,0
2026-08-05 17:07:28,32.79,49.26,25.00,20.00,0,0
2026-08-05 17:07:29,32.79,49.26,25.00,20.00,0,0
2026-08-05 17:07:30,32.78,49.26,25.00,20.00,0,0
2026-08-05 17:07:31,32.78,49.24,25.00,20.00,0,0
2026-08-05 17:07:32,32.78,49.26,25.00,20.00,0,0
2026-08-05 17:07:33,32.78,49.26,25.00,20.00,0,0
2026-08-05 17:07:34,32.78,49.26,25.00,20.00,0,0
2026-08-05 17:07:35,32.78,49.26,25.00,20.00,0,0
2026-08-05 17:07:36,32.78,49.30,25.00,20.00,0,0
2026-08-05 17:07:37,32.78,49.30,25.00,20.00,0,0
2026-08-05 17:07:38,32.77,49.30,25.00,20.00,0,0
2026-08-05 17:07:39,32.77,49.30,25.00,20.00,0,0
2026-08-05 17:07:40,32.77,49.27,25.00,20.00,0,0
2026-08-05 17:07:41,32.77,49.27,25.00,20.00,0,0
2026-08-05 17:07:42,32.77,49.30,25.00,20.00,0,0
2026-08-05 17:07:43,32.77,49.27,25.00,20.00,0,0
2026-08-05 17:07:44,32.77,49.27,25.00,20.00,0,0
2026-08-05 17:07:45,32.77,49.27,25.00,20.00,0,0
2026-08-05 17:07:46,32.77,49.27,25.00,20.00,0,0
2026-08-05 17:07:47,32.77,49.27,25.00,20.00,0,0
2026-08-05 17:07:48,32.76,49.27,25.00,20.00,0,0
2026-08-05 17:07:49,32.76,49.27,25.00,20.00,0,0
2026-08-05 17:07:50,32.76,49.27,25.00,20.00,0,0
2026-08-05 17:07:51,32.76,49.27,25.00,20.00,0,0
2026-08-05 17:07:52,32.76,49.27,25.00,20.00,0,0
2026-08-05 17:07:53,32.76,49.27,25.00,20.00,0,0
2026-08-05 17:07:54,32.76,49.27,25.00,20.00,0,0
2026-08-05 17:07:55,32.75,49.27,25.00,20.00,0,0
2026-08-05 17:07:56,32.75,49.31,25.00,20.00,0,0
2026-08-05 17:07:57,32.75,49.31,25.00,20.00,0,0
2026-08-05 17:07:58,32.75,49.31,25.00,20.00,0,0
2026-08-05 17:07:59,32.75,49.31,25.00,20.00,0,0
2026-08-05 17:08:00,32.75,49.31,25.00,20.00,0,0
2026-08-05 17:08:01,32.75,49.31,25.00,20.00,0,0
2026-08-05 17:08:02,32.74,49.31,25.00,20.00,0,0
2026-08-05 17:08:03,32.75,49.31,25.00,20.00,0,0
2026-08-05 17:08:04,32.74,49.31,25.00,20.00,0,0
2026-08-05 17:08:05,32.74,49.31,25.00,20.00,0,0
2026-08-05 17:08:06,32.74,49.31,25.00,20.00,0,0
2026-08-05 17:08:07,32.74,49.31,25.00,20.00,0,0
2026-08-05 17:08:08,32.74,49.31,25.00,20.00,0,0
2026-08-05 17:08:09,32.74,49.31,25.00,20.00,0,0
2026-08-05 17:08:10,32.74,49.31,25.00,20.00,0,0
2026-08-05 17:08:11,32.74,49.31,25.00,20.00,0,0
2026-08-05 17:08:12,32.74,49.31,25.00,20.00,0,0
2026-08-05 17:08:13,32.74,49.31,25.00,20.00,0,0
2026-08-05 17:08:14,32.74,49.31,25.00,20.00,0,0
2026-08-05 17:08:15,32.73,49.34,25.00,20.00,0,0
2026-08-05 17:08:16,32.73,49.34,25.00,20.00,0,0
2026-08-05 17:08:17,32.73,49.34,25.00,20.00,0,0
2026-08-05 17:08:18,32.73,49.34,25.00,20.00,0,0
2026-08-05 17:08:19,32.73,49.34,25.00,20.00,0,0
2026-08-05 17:08:20,32.73,49.34,25.00,20.00,0,0
2026-08-05 17:08:21,32.73,49.34,25.00,20.00,0,0
2026-08-05 17:08:22,32.73,49.34,25.00,20.00,0,0
2026-08-05 17:08:23,32.71,49.34,25.00,20.00,0,0
2026-08-05 17:08:24,32.73,49.34,25.00,20.00,0,0
2026-08-05 17:08:25,32.71,49.34,25.00,20.00,0,0
2026-08-05 17:08:26,32.71,49.34,25.00,20.00,0,0
2026-08-05 17:08:27,32.71,49.34,25.00,20.00,0,0
2026-08-05 17:08:28,32.71,49.34,25.00,20.00,0,0
2026-08-05 17:08:29,32.71,49.34,25.00,20.00,0,0
2026-08-05 17:08:30,32.71,49.34,25.00,20.00,0,0
2026-08-05 17:08:31,32.70,49.38,25.00,20.00,0,0
2026-08-05 17:08:32,32.70,49.38,25.00,20.00,0,0
2026-08-05 17:08:33,32.70,49.38,25.00,20.00,0,0
2026-08-05 17:08:34,32.70,49.38,25.00,20.00,0,0
2026-08-05 17:08:35,32.70,49.38,25.00,20.00,0,0
2026-08-05 17:08:36,32.70,49.38,25.00,20.00,0,0
2026-08-05 17:08:37,32.70,49.38,25.00,20.00,0,0
2026-08-05 17:08:38,32.70,49.38,25.00,20.00,0,0
2026-08-05 17:08:39,32.70,49.38,25.00,20.00,0,0
2026-08-05 17:08:40,32.70,49.38,25.00,20.00,0,0
2026-08-05 17:08:41,32.69,49.38,25.00,20.00,0,0
2026-08-05 17:08:42,32.69,49.38,25.00,20.00,0,0
2026-08-05 17:08:43,32.69,49.38,25.00,20.00,0,0
2026-08-05 17:08:44,32.69,49.38,25.00,20.00,0,0
2026-08-05 17:08:45,32.69,49.38,25.00,20.00,0,0
2026-08-05 17:08:46,32.69,49.38,25.00,20.00,0,0
2026-08-05 17:08:47,32.69,49.38,25.00,20.00,0,0
2026-08-05 17:08:48,32.69,49.41,25.00,20.00,0,0
2026-08-05 17:08:49,32.69,49.41,25.00,20.00,0,0
2026-08-05 17:08:50,32.68,49.41,25.00,20.00,0,0
2026-08-05 17:08:51,32.68,49.41,25.00,20.00,0,0
2026-08-05 17:08:52,32.68,49.41,25.00,20.00,0,0
2026-08-05 17:08:53,32.68,49.41,25.00,20.00,0,0
2026-08-05 17:08:54,32.68,49.41,25.00,20.00,0,0
2026-08-05 17:08:55,32.68,49.41,25.00,20.00,0,0
2026-08-05 17:08:56,32.67,49.41,25.00,20.00,0,0
2026-08-05 17:08:57,32.68,49.41,25.00,20.00,0,0
2026-08-05 17:08:58,32.68,49.41,25.00,20.00,0,0
2026-08-05 17:08:59,32.67,49.41,25.00,20.00,0,0
2026-08-05 17:09:00,32.67,49.41,25.00,20.00,0,0
2026-08-05 17:09:01,32.67,49.41,25.00,20.00,0,0
2026-08-05 17:09:02,32.67,49.41,25.00,20.00,0,0
2026-08-05 17:09:03,32.67,49.41,25.00,20.00,0,0
2026-08-05 17:09:04,32.67,49.41,25.00,20.00,0,0
2026-08-05 17:09:05,32.67,49.45,25.00,20.00,0,0
2026-08-05 17:09:06,32.67,49.45,25.00,20.00,0,0
2026-08-05 17:09:07,32.67,49.45,25.00,20.00,0,0
2026-08-05 17:09:08,32.66,49.45,25.00,20.00,0,0
2026-08-05 17:09:09,32.66,49.45,25.00,20.00,0,0
2026-08-05 17:09:10,32.66,49.45,25.00,20.00,0,0
2026-08-05 17:09:11,32.66,49.45,25.00,20.00,0,0
2026-08-05 17:09:12,32.66,49.45,25.00,20.00,0,0
2026-08-05 17:09:13,32.65,49.45,25.00,20.00,0,0
2026-08-05 17:09:14,32.66,49.45,25.00,20.00,0,0
2026-08-05 17:09:15,32.65,49.45,25.00,20.00,0,0
2026-08-05 17:09:16,32.65,49.45,25.00,20.00,0,0
2026-08-05 17:09:17,32.65,49.45,25.00,20.00,0,0
2026-08-05 17:09:18,32.65,49.45,25.00,20.00,0,0
2026-08-05 17:09:19,32.65,49.45,25.00,20.00,0,0
2026-08-05 17:09:20,32.65,49.45,25.00,20.00,0,0
2026-08-05 17:09:21,32.65,49.45,25.00,20.00,0,0
2026-08-05 17:09:22,32.65,49.45,25.00,20.00,0,0
2026-08-05 17:09:23,32.65,49.48,25.00,20.00,0,0
2026-08-05 17:09:24,32.65,49.48,25.00,20.00,0,0
2026-08-05 17:09:25,32.65,49.48,25.00,20.00,0,0
2026-08-05 17:09:26,32.64,49.48,25.00,20.00,0,0
2026-08-05 17:09:27,32.64,49.48,25.00,20.00,0,0
2026-08-05 17:09:28,32.64,49.48,25.00,20.00,0,0
2026-08-05 17:09:29,32.64,49.48,25.00,20.00,0,0
2026-08-05 17:09:30,32.63,49.48,25.00,20.00,0,0
2026-08-05 17:09:31,32.64,49.48,25.00,20.00,0,0
2026-08-05 17:09:32,32.63,49.48,25.00,20.00,0,0
2026-08-05 17:09:33,32.63,49.48,25.00,20.00,0,0
2026-08-05 17:09:34,32.63,49.48,25.00,20.00,0,0
2026-08-05 17:09:35,32.63,49.48,25.00,20.00,0,0
2026-08-05 17:09:36,32.63,49.48,25.00,20.00,0,0
2026-08-05 17:09:37,32.63,49.48,25.00,20.00,0,0
2026-08-05 17:09:38,32.63,49.51,25.00,20.00,0,0
2026-08-05 17:09:39,32.63,49.48,25.00,20.00,0,0
2026-08-05 17:09:40,32.63,49.51,25.00,20.00,0,0
2026-08-05 17:09:41,32.63,49.51,25.00,20.00,0,0
2026-08-05 17:09:42,32.63,49.51,25.00,20.00,0,0
2026-08-05 17:09:43,32.63,49.51,25.00,20.00,0,0
2026-08-05 17:09:44,32.63,49.51,25.00,20.00,0,0
2026-08-05 17:09:45,32.62,49.51,25.00,20.00,0,0
2026-08-05 17:09:46,32.62,49.51,25.00,20.00,0,0
2026-08-05 17:09:47,32.62,49.51,25.00,20.00,0,0
2026-08-05 17:09:48,32.62,49.51,25.00,20.00,0,0
2026-08-05 17:09:49,32.61,49.51,25.00,20.00,0,0
2026-08-05 17:09:50,32.62,49.51,25.00,20.00,0,0
2026-08-05 17:09:51,32.62,49.51,25.00,20.00,0,0
2026-08-05 17:09:52,32.61,49.51,25.00,20.00,0,0
2026-08-05 17:09:53,32.61,49.51,25.00,20.00,0,0
2026-08-05 17:09:54,32.61,49.51,25.00,20.00,0,0
2026-08-05 17:09:55,32.61,49.54,25.00,20.00,0,0
2026-08-05 17:09:56,32.61,49.54,25.00,20.00,0,0
2026-08-05 17:09:57,32.61,49.54,25.00,20.00,0,0
2026-08-05 17:09:58,32.61,49.54,25.00,20.00,0,0
2026-08-05 17:09:59,32.61,49.54,25.00,20.00,0,0
2026-08-05 17:10:00,32.61,49.54,25.00,20.00,0,0
2026-08-05 17:10:01,32.61,49.54,25.00,20.00,0,0
2026-08-05 17:10:02,32.61,49.54,25.00,20.00,0,0
2026-08-05 17:10:03,32.60,49.54,25.00,20.00,0,0
2026-08-05 17:10:04,32.60,49.54,25.00,20.00,0,0
2026-08-05 17:10:05,32.60,49.54,25.00,20.00,0,0
2026-08-05 17:10:06,32.60,49.54,25.00,20.00,0,0
2026-08-05 17:10:07,32.60,49.54,25.00,20.00,0,0
2026-08-05 17:10:08,32.60,49.52,25.00,20.00,0,0
2026-08-05 17:10:09,32.60,49.54,25.00,20.00,0,0
2026-08-05 17:10:10,32.60,49.52,25.00,20.00,0,0
2026-08-05 17:10:11,32.59,49.55,25.00,20.00,0,0
2026-08-05 17:10:12,32.60,49.55,25.00,20.00,0,0
2026-08-05 17:10:13,32.59,49.55,25.00,20.00,0,0
2026-08-05 17:10:14,32.59,49.55,25.00,20.00,0,0
2026-08-05 17:10:15,32.59,49.55,25.00,20.00,0,0
2026-08-05 17:10:16,32.59,49.55,25.00,20.00,0,0
2026-08-05 17:10:17,32.59,49.55,25.00,20.00,0,0
2026-08-05 17:10:18,32.59,49.55,25.00,20.00,0,0
2026-08-05 17:10:19,32.59,49.55,25.00,20.00,0,0
2026-08-05 17:10:20,32.59,49.55,25.00,20.00,0,0
2026-08-05 17:10:21,32.59,49.55,25.00,20.00,0,0
2026-08-05 17:10:22,32.58,49.55,25.00,20.00,0,0
2026-08-05 17:10:23,32.58,49.55,25.00,20.00,0,0
2026-08-05 17:10:24,32.58,49.55,25.00,20.00,0,0
2026-08-05 17:10:25,32.58,49.55,25.00,20.00,0,0
2026-08-05 17:10:26,32.58,49.55,25.00,20.00,0,0
2026-08-05 17:10:27,32.58,49.55,25.00,20.00,0,0
2026-08-05 17:10:28,32.58,49.55,25.00,20.00,0,0
2026-08-05 17:10:29,32.58,49.55,25.00,20.00,0,0
2026-08-05 17:10:30,32.56,49.55,25.00,20.00,0,0
2026-08-05 17:10:31,32.56,49.59,25.00,20.00,0,0
2026-08-05 17:10:32,32.56,49.59,25.00,20.00,0,0
2026-08-05 17:10:33,32.56,49.59,25.00,20.00,0,0
2026-08-05 17:10:34,32.56,49.59,25.00,20.00,0,0
2026-08-05 17:10:35,32.56,49.59,25.00,20.00,0,0
2026-08-05 17:10:36,32.56,49.59,25.00,20.00,0,0
2026-08-05 17:10:37,32.56,49.59,25.00,20.00,0,0
2026-08-05 17:10:38,32.56,49.59,25.00,20.00,0,0
2026-08-05 17:10:39,32.56,49.59,25.00,20.00,0,0
2026-08-05 17:10:40,32.55,49.59,25.00,20.00,0,0
2026-08-05 17:10:41,32.55,49.59,25.00,20.00,0,0
2026-08-05 17:10:42,32.55,49.59,25.00,20.00,0,0
2026-08-05 17:10:43,32.55,49.59,25.00,20.00,0,0
2026-08-05 17:10:44,32.55,49.59,25.00,20.00,0,0
2026-08-05 17:10:45,32.55,49.59,25.00,20.00,0,0
2026-08-05 17:10:46,32.54,49.59,25.00,20.00,0,0
2026-08-05 17:10:47,32.55,49.59,25.00,20.00,0,0
2026-08-05 17:10:48,32.54,49.59,25.00,20.00,0,0
2026-08-05 17:10:49,32.54,49.59,25.00,20.00,0,0
2026-08-05 17:10:50,32.55,49.59,25.00,20.00,0,0
2026-08-05 17:10:51,32.54,49.62,25.00,20.00,0,0
2026-08-05 17:10:52,32.54,49.59,25.00,20.00,0,0
2026-08-05 17:10:53,32.54,49.62,25.00,20.00,0,0
2026-08-05 17:10:54,32.54,49.62,25.00,20.00,0,0
2026-08-05 17:10:55,32.54,49.62,25.00,20.00,0,0
2026-08-05 17:10:56,32.54,49.62,25.00,20.00,0,0
2026-08-05 17:10:57,32.54,49.62,25.00,20.00,0,0
2026-08-05 17:10:58,32.54,49.62,25.00,20.00,0,0
2026-08-05 17:10:59,32.53,49.62,25.00,20.00,0,0
2026-08-05 17:11:00,32.54,49.62,25.00,20.00,0,0
2026-08-05 17:11:01,32.53,49.62,25.00,20.00,0,0
2026-08-05 17:11:02,32.53,49.62,25.00,20.00,0,0
2026-08-05 17:11:03,32.53,49.62,25.00,20.00,0,0
2026-08-05 17:11:04,32.53,49.62,25.00,20.00,0,0
2026-08-05 17:11:05,32.53,49.62,25.00,20.00,0,0
2026-08-05 17:11:06,32.53,49.62,25.00,20.00,0,0
2026-08-05 17:11:07,32.53,49.62,25.00,20.00,0,0
2026-08-05 17:11:08,32.52,49.62,25.00,20.00,0,0
2026-08-05 17:11:09,32.52,49.62,25.00,20.00,0,0
2026-08-05 17:11:10,32.52,49.62,25.00,20.00,0,0
2026-08-05 17:11:11,32.53,49.62,25.00,20.00,0,0
2026-08-05 17:11:12,32.52,49.65,25.00,20.00,0,0
2026-08-05 17:11:13,32.52,49.65,25.00,20.00,0,0
2026-08-05 17:11:14,32.52,49.65,25.00,20.00,0,0
2026-08-05 17:11:15,32.52,49.65,25.00,20.00,0,0
2026-08-05 17:11:16,32.52,49.65,25.00,20.00,0,0
2026-08-05 17:11:17,32.52,49.65,25.00,20.00,0,0
2026-08-05 17:11:18,32.52,49.65,25.00,20.00,0,0
2026-08-05 17:11:19,32.51,49.65,25.00,20.00,0,0
2026-08-05 17:11:20,32.51,49.65,25.00,20.00,0,0
2026-08-05 17:11:21,32.51,49.65,25.00,20.00,0,0
2026-08-05 17:11:22,32.51,49.65,25.00,20.00,0,0
2026-08-05 17:11:23,32.51,49.65,25.00,20.00,0,0
2026-08-05 17:11:24,32.51,49.65,25.00,20.00,0,0
2026-08-05 17:11:25,32.51,49.65,25.00,20.00,0,0
2026-08-05 17:11:26,32.50,49.65,25.00,20.00,0,0
2026-08-05 17:11:27,32.51,49.65,25.00,20.00,0,0
2026-08-05 17:11:28,32.50,49.65,25.00,20.00,0,0
2026-08-05 17:11:29,32.50,49.65,25.00,20.00,0,0
2026-08-05 17:11:30,32.51,49.69,25.00,20.00,0,0
2026-08-05 17:11:31,32.50,49.65,25.00,20.00,0,0
2026-08-05 17:11:32,32.50,49.69,25.00,20.00,0,0
2026-08-05 17:11:33,32.50,49.69,25.00,20.00,0,0
2026-08-05 17:11:34,32.50,49.69,25.00,20.00,0,0
2026-08-05 17:11:35,32.50,49.69,25.00,20.00,0,0
2026-08-05 17:11:37,32.50,49.69,25.00,20.00,0,0
2026-08-05 17:11:38,32.50,49.69,25.00,20.00,0,0
2026-08-05 17:11:39,32.49,49.69,25.00,20.00,0,0
2026-08-05 17:11:40,32.49,49.69,25.00,20.00,0,0
2026-08-05 17:11:41,32.49,49.69,25.00,20.00,0,0
2026-08-05 17:11:42,32.49,49.69,25.00,20.00,0,0
2026-08-05 17:11:43,32.49,49.69,25.00,20.00,0,0
2026-08-05 17:11:44,32.49,49.69,25.00,20.00,0,0
2026-08-05 17:11:45,32.49,49.69,25.00,20.00,0,0
2026-08-05 17:11:46,32.48,49.69,25.00,20.00,0,0
2026-08-05 17:11:47,32.49,49.69,25.00,20.00,0,0
2026-08-05 17:11:48,32.49,49.69,25.00,20.00,0,0
2026-08-05 17:11:49,32.48,49.69,25.00,20.00,0,0
2026-08-05 17:11:50,32.48,49.69,25.00,20.00,0,0
2026-08-05 17:11:51,32.48,49.72,25.00,20.00,0,0
2026-08-05 17:11:52,32.48,49.72,25.00,20.00,0,0
2026-08-05 17:11:53,32.48,49.72,25.00,20.00,0,0
2026-08-05 17:11:54,32.48,49.72,25.00,20.00,0,0
2026-08-05 17:11:55,32.48,49.72,25.00,20.00,0,0
2026-08-05 17:11:56,32.48,49.72,25.00,20.00,0,0
2026-08-05 17:11:57,32.47,49.72,25.00,20.00,0,0
2026-08-05 17:11:58,32.47,49.72,25.00,20.00,0,0
2026-08-05 17:11:59,32.47,49.72,25.00,20.00,0,0
2026-08-05 17:12:00,32.47,49.72,25.00,20.00,0,0
2026-08-05 17:12:01,32.47,49.72,25.00,20.00,0,0
2026-08-05 17:12:02,32.47,49.72,25.00,20.00,0,0
2026-08-05 17:12:03,32.47,49.72,25.00,20.00,0,0
2026-08-05 17:12:04,32.47,49.72,25.00,20.00,0,0
2026-08-05 17:12:05,32.47,49.72,25.00,20.00,0,0
2026-08-05 17:12:06,32.46,49.72,25.00,20.00,0,0
2026-08-05 17:12:07,32.46,49.72,25.00,20.00,0,0
2026-08-05 17:12:08,32.47,49.72,25.00,20.00,0,0
2026-08-05 17:12:09,32.46,49.72,25.00,20.00,0,0
2026-08-05 17:12:10,32.46,49.72,25.00,20.00,0,0
2026-08-05 17:12:11,32.46,49.76,25.00,20.00,0,0
2026-08-05 17:12:12,32.46,49.76,25.00,20.00,0,0
2026-08-05 17:12:13,32.46,49.76,25.00,20.00,0,0
2026-08-05 17:12:14,32.46,49.76,25.00,20.00,0,0
2026-08-05 17:12:15,32.46,49.76,25.00,20.00,0,0
2026-08-05 17:12:16,32.45,49.76,25.00,20.00,0,0
2026-08-05 17:12:17,32.46,49.76,25.00,20.00,0,0
2026-08-05 17:12:18,32.46,49.76,25.00,20.00,0,0
2026-08-05 17:12:19,32.45,49.76,25.00,20.00,0,0
2026-08-05 17:12:20,32.45,49.76,25.00,20.00,0,0
2026-08-05 17:12:21,32.45,49.76,25.00,20.00,0,0
2026-08-05 17:12:22,32.45,49.76,25.00,20.00,0,0
2026-08-05 17:12:23,32.45,49.76,25.00,20.00,0,0
2026-08-05 17:12:24,32.45,49.76,25.00,20.00,0,0
2026-08-05 17:12:25,32.44,49.76,25.00,20.00,0,0
2026-08-05 17:12:26,32.44,49.76,25.00,20.00,0,0
2026-08-05 17:12:27,32.44,49.76,25.00,20.00,0,0
2026-08-05 17:12:28,32.44,49.73,25.00,20.00,0,0
2026-08-05 17:12:29,32.44,49.77,25.00,20.00,0,0
2026-08-05 17:12:30,32.44,49.79,25.00,20.00,0,0
2026-08-05 17:12:31,32.44,49.73,25.00,20.00,0,0
2026-08-05 17:12:32,32.42,49.76,25.00,20.00,0,0
2026-08-05 17:12:33,32.44,49.73,25.00,20.00,0,0
2026-08-05 17:12:34,32.44,49.77,25.00,20.00,0,0
2026-08-05 17:12:35,32.44,49.79,25.00,20.00,0,0
2026-08-05 17:12:36,32.44,49.76,25.00,20.00,0,0
2026-08-05 17:12:37,32.42,49.79,25.00,20.00,0,0
2026-08-05 17:12:38,32.42,49.77,25.00,20.00,0,0
2026-08-05 17:12:39,32.42,49.77,25.00,20.00,0,0
2026-08-05 17:12:40,32.42,49.77,25.00,20.00,0,0
2026-08-05 17:12:41,32.42,49.77,25.00,20.00,0,0
2026-08-05 17:12:42,32.42,49.77,25.00,20.00,0,0
2026-08-05 17:12:43,32.42,49.77,25.00,20.00,0,0
2026-08-05 17:12:44,32.41,49.77,25.00,20.00,0,0
2026-08-05 17:12:45,32.42,49.77,25.00,20.00,0,0
2026-08-05 17:12:46,32.41,49.77,25.00,20.00,0,0
2026-08-05 17:12:47,32.41,49.77,25.00,20.00,0,0
2026-08-05 17:12:48,32.41,49.77,25.00,20.00,0,0
2026-08-05 17:12:49,32.41,49.77,25.00,20.00,0,0
2026-08-05 17:12:50,32.41,49.77,25.00,20.00,0,0
2026-08-05 17:12:51,32.41,49.80,25.00,20.00,0,0
2026-08-05 17:12:52,32.41,49.80,25.00,20.00,0,0
2026-08-05 17:12:53,32.40,49.80,25.00,20.00,0,0
2026-08-05 17:12:54,32.40,49.80,25.00,20.00,0,0
2026-08-05 17:12:55,32.40,49.80,25.00,20.00,0,0
2026-08-05 17:12:56,32.40,49.80,25.00,20.00,0,0
2026-08-05 17:12:57,32.40,49.80,25.00,20.00,0,0
2026-08-05 17:12:58,32.40,49.80,25.00,20.00,0,0
2026-08-05 17:12:59,32.39,49.80,25.00,20.00,0,0
2026-08-05 17:13:00,32.40,49.80,25.00,20.00,0,0
2026-08-05 17:13:01,32.39,49.80,25.00,20.00,0,0
2026-08-05 17:13:02,32.39,49.80,25.00,20.00,0,0
2026-08-05 17:13:03,32.39,49.80,25.00,20.00,0,0
2026-08-05 17:13:04,32.39,49.80,25.00,20.00,0,0
2026-08-05 17:13:05,32.39,49.80,25.00,20.00,0,0
2026-08-05 17:13:06,32.39,49.80,25.00,20.00,0,0
2026-08-05 17:13:07,32.39,49.80,25.00,20.00,0,0
2026-08-05 17:13:08,32.39,49.80,25.00,20.00,0,0
2026-08-05 17:13:09,32.38,49.80,25.00,20.00,0,0
2026-08-05 17:13:10,32.38,49.80,25.00,20.00,0,0
2026-08-05 17:13:11,32.38,49.80,25.00,20.00,0,0
2026-08-05 17:13:12,32.39,49.80,25.00,20.00,0,0
2026-08-05 17:13:13,32.38,49.83,25.00,20.00,0,0
2026-08-05 17:13:14,32.38,49.80,25.00,20.00,0,0
2026-08-05 17:13:15,32.38,49.80,25.00,20.00,0,0
2026-08-05 17:13:16,32.37,49.83,25.00,20.00,0,0
2026-08-05 17:13:17,32.38,49.83,25.00,20.00,0,0
2026-08-05 17:13:18,32.37,49.83,25.00,20.00,0,0
2026-08-05 17:13:19,32.37,49.83,25.00,20.00,0,0
2026-08-05 17:13:20,32.37,49.83,25.00,20.00,0,0
2026-08-05 17:13:21,32.37,49.83,25.00,20.00,0,0
2026-08-05 17:13:22,32.37,49.83,25.00,20.00,0,0
2026-08-05 17:13:23,32.37,49.83,25.00,20.00,0,0
2026-08-05 17:13:24,32.37,49.83,25.00,20.00,0,0
2026-08-05 17:13:25,32.37,49.83,25.00,20.00,0,0
2026-08-05 17:13:26,32.37,49.83,25.00,20.00,0,0
2026-08-05 17:13:27,32.37,49.83,25.00,20.00,0,0
2026-08-05 17:13:28,32.37,49.83,25.00,20.00,0,0
2026-08-05 17:13:29,32.37,49.83,25.00,20.00,0,0
2026-08-05 17:13:30,32.37,49.83,25.00,20.00,0,0
2026-08-05 17:13:31,32.37,49.83,25.00,20.00,0,0
2026-08-05 17:13:32,32.37,49.83,25.00,20.00,0,0
2026-08-05 17:13:33,32.37,49.83,25.00,20.00,0,0
2026-08-05 17:13:34,32.37,49.87,25.00,20.00,0,0
2026-08-05 17:13:35,32.37,49.87,25.00,20.00,0,0
2026-08-05 17:13:36,32.37,49.87,25.00,20.00,0,0
2026-08-05 17:13:37,32.37,49.87,25.00,20.00,0,0
2026-08-05 17:13:38,32.37,49.87,25.00,20.00,0,0
2026-08-05 17:13:39,32.37,49.87,25.00,20.00,0,0
2026-08-05 17:13:40,32.37,49.87,25.00,20.00,0,0
2026-08-05 17:13:41,32.37,49.87,25.00,20.00,0,0
2026-08-05 17:13:42,32.37,49.87,25.00,20.00,0,0
2026-08-05 17:13:43,32.37,49.87,25.00,20.00,0,0
2026-08-05 17:13:44,32.37,49.87,25.00,20.00,0,0
2026-08-05 17:13:45,32.37,49.87,25.00,20.00,0,0
2026-08-05 17:13:46,32.37,49.87,25.00,20.00,0,0
2026-08-05 17:13:47,32.36,49.87,25.00,20.00,0,0
2026-08-05 17:13:48,32.37,49.87,25.00,20.00,0,0
2026-08-05 17:13:49,32.37,49.87,25.00,20.00,0,0
2026-08-05 17:13:50,32.37,49.93,25.00,20.00,0,0
2026-08-05 17:13:51,32.36,49.93,25.00,20.00,0,0
2026-08-05 17:13:52,32.36,49.93,25.00,20.00,0,0
2026-08-05 17:13:53,32.36,49.93,25.00,20.00,0,0
2026-08-05 17:13:54,32.36,49.93,25.00,20.00,0,0
2026-08-05 17:13:55,32.35,49.93,25.00,20.00,0,0
2026-08-05 17:13:56,32.36,49.93,25.00,20.00,0,0
2026-08-05 17:13:57,32.35,49.93,25.00,20.00,0,0
2026-08-05 17:13:58,32.35,49.93,25.00,20.00,0,0
2026-08-05 17:13:59,32.35,49.93,25.00,20.00,0,0
2026-08-05 17:14:00,32.35,49.93,25.00,20.00,0,0
2026-08-05 17:14:01,32.35,49.93,25.00,20.00,0,0
2026-08-05 17:14:02,32.35,49.93,25.00,20.00,0,0
2026-08-05 17:14:03,32.35,49.93,25.00,20.00,0,0
2026-08-05 17:14:04,32.35,49.93,25.00,20.00,0,0
2026-08-05 17:14:05,32.34,49.93,25.00,20.00,0,0
2026-08-05 17:14:06,32.34,49.93,25.00,20.00,0,0
2026-08-05 17:14:07,32.34,49.93,25.00,20.00,0,0
2026-08-05 17:14:08,32.34,49.93,25.00,20.00,0,0
2026-08-05 17:14:09,32.34,49.93,25.00,20.00,0,0
2026-08-05 17:14:10,32.34,49.93,25.00,20.00,0,0
2026-08-05 17:14:11,32.33,49.93,25.00,20.00,0,0
2026-08-05 17:14:12,32.34,49.93,25.00,20.00,0,0
2026-08-05 17:14:13,32.33,49.93,25.00,20.00,0,0
2026-08-05 17:14:14,32.33,49.93,25.00,20.00,0,0
2026-08-05 17:14:15,32.33,49.93,25.00,20.00,0,0
2026-08-05 17:14:16,32.33,49.93,25.00,20.00,0,0
2026-08-05 17:14:17,32.33,49.93,25.00,20.00,0,0
2026-08-05 17:14:18,32.33,49.97,25.00,20.00,0,0
2026-08-05 17:14:19,32.33,49.97,25.00,20.00,0,0
2026-08-05 17:14:20,32.33,49.97,25.00,20.00,0,0
2026-08-05 17:14:21,32.32,49.97,25.00,20.00,0,0
2026-08-05 17:14:22,32.33,49.97,25.00,20.00,0,0
2026-08-05 17:14:23,32.32,49.97,25.00,20.00,0,0
2026-08-05 17:14:24,32.33,49.97,25.00,20.00,0,0
2026-08-05 17:14:25,32.32,49.97,25.00,20.00,0,0
2026-08-05 17:14:26,32.32,49.97,25.00,20.00,0,0
2026-08-05 17:14:27,32.32,49.97,25.00,20.00,0,0
2026-08-05 17:14:28,32.32,49.97,25.00,20.00,0,0
2026-08-05 17:14:29,32.32,49.97,25.00,20.00,0,0
2026-08-05 17:14:30,32.32,49.97,25.00,20.00,0,0
2026-08-05 17:14:31,32.32,49.97,25.00,20.00,0,0
2026-08-05 17:14:32,32.32,49.97,25.00,20.00,0,0
2026-08-05 17:14:33,32.32,49.97,25.00,20.00,0,0
2026-08-05 17:14:34,32.31,49.97,25.00,20.00,0,0
2026-08-05 17:14:35,32.31,49.97,25.00,20.00,0,0
2026-08-05 17:14:36,32.31,49.97,25.00,20.00,0,0
2026-08-05 17:14:37,32.31,49.97,25.00,20.00,0,0
2026-08-05 17:14:38,32.31,49.97,25.00,20.00,0,0
2026-08-05 17:14:39,32.31,49.97,25.00,20.00,0,0
2026-08-05 17:14:40,32.31,49.97,25.00,20.00,0,0
2026-08-05 17:14:41,32.31,49.97,25.00,20.00,0,0
2026-08-05 17:14:42,32.31,49.97,25.00,20.00,0,0
2026-08-05 17:14:43,32.31,49.97,25.00,20.00,0,0
2026-08-05 17:14:44,32.31,49.97,25.00,20.00,0,0
2026-08-05 17:14:45,32.30,49.97,25.00,20.00,0,0
2026-08-05 17:14:46,32.30,49.97,25.00,20.00,0,0
2026-08-05 17:14:47,32.30,49.97,25.00,20.00,0,0
2026-08-05 17:14:48,32.31,49.97,25.00,20.00,0,0
2026-08-05 17:14:49,32.30,50.00,25.00,20.00,0,0
2026-08-05 17:14:50,32.30,50.00,25.00,20.00,0,0
2026-08-05 17:14:51,32.30,50.00,25.00,20.00,0,0
2026-08-05 17:14:52,32.30,50.00,25.00,20.00,0,0
2026-08-05 17:14:53,32.30,50.00,25.00,20.00,0,0
2026-08-05 17:14:54,32.30,50.00,25.00,20.00,0,0
2026-08-05 17:14:55,32.30,50.00,25.00,20.00,0,0
2026-08-05 17:14:56,32.29,50.00,25.00,20.00,0,0
2026-08-05 17:14:57,32.29,50.00,25.00,20.00,0,0
2026-08-05 17:14:58,32.29,50.00,25.00,20.00,0,0
2026-08-05 17:14:59,32.29,50.00,25.00,20.00,0,0
2026-08-05 17:15:00,32.29,50.00,25.00,20.00,0,0
2026-08-05 17:15:01,32.29,50.00,25.00,20.00,0,0
2026-08-05 17:15:02,32.29,50.00,25.00,20.00,0,0
2026-08-05 17:15:03,32.27,50.00,25.00,20.00,0,0
2026-08-05 17:15:04,32.27,50.00,25.00,20.00,0,0
2026-08-05 17:15:05,32.27,50.00,25.00,20.00,0,0
2026-08-05 17:15:06,32.27,50.00,25.00,20.00,0,0
2026-08-05 17:15:07,32.27,50.00,25.00,20.00,0,0
2026-08-05 17:15:08,32.27,50.00,25.00,20.00,0,0
2026-08-05 17:15:09,32.27,50.00,25.00,20.00,0,0
2026-08-05 17:15:10,32.27,50.00,25.00,20.00,0,0
2026-08-05 17:15:11,32.27,50.03,25.00,20.00,0,0
2026-08-05 17:15:12,32.27,50.03,25.00,20.00,0,0
2026-08-05 17:15:13,32.27,50.03,25.00,20.00,0,0
2026-08-05 17:15:14,32.26,50.03,25.00,20.00,0,0
2026-08-05 17:15:15,32.26,50.03,25.00,20.00,0,0
2026-08-05 17:15:16,32.26,50.03,25.00,20.00,0,0
2026-08-05 17:15:17,32.26,50.03,25.00,20.00,0,0
2026-08-05 17:15:18,32.26,50.03,25.00,20.00,0,0
2026-08-05 17:15:19,32.26,50.03,25.00,20.00,0,0
2026-08-05 17:15:20,32.26,50.03,25.00,20.00,0,0
2026-08-05 17:15:21,32.26,50.03,25.00,20.00,0,0
2026-08-05 17:15:22,32.26,50.03,25.00,20.00,0,0
2026-08-05 17:15:23,32.26,50.03,25.00,20.00,0,0
2026-08-05 17:15:24,32.26,50.03,25.00,20.00,0,0
2026-08-05 17:15:25,32.26,50.03,25.00,20.00,0,0
2026-08-05 17:15:26,32.25,50.03,25.00,20.00,0,0
2026-08-05 17:15:27,32.25,50.01,25.00,20.00,0,0
2026-08-05 17:15:28,32.25,50.03,25.00,20.00,0,0
2026-08-05 17:15:29,32.25,50.03,25.00,20.00,0,0
2026-08-05 17:15:30,32.25,50.01,25.00,20.00,0,0
2026-08-05 17:15:31,32.25,50.01,25.00,20.00,0,0
2026-08-05 17:15:32,32.25,50.03,25.00,20.00,0,0
2026-08-05 17:15:33,32.25,50.01,25.00,20.00,0,0
2026-08-05 17:15:34,32.25,50.01,25.00,20.00,0,0
2026-08-05 17:15:35,32.25,50.01,25.00,20.00,0,0
2026-08-05 17:15:36,32.25,50.01,25.00,20.00,0,0
2026-08-05 17:15:37,32.24,50.04,25.00,20.00,0,0
2026-08-05 17:15:38,32.24,50.03,25.00,20.00,0,0
2026-08-05 17:15:39,32.24,50.04,25.00,20.00,0,0
2026-08-05 17:15:40,32.24,50.04,25.00,20.00,0,0
2026-08-05 17:15:41,32.24,50.04,25.00,20.00,0,0
2026-08-05 17:15:42,32.24,50.04,25.00,20.00,0,0
2026-08-05 17:15:43,32.24,50.04,25.00,20.00,0,0
2026-08-05 17:15:44,32.24,50.04,25.00,20.00,0,0
2026-08-05 17:15:45,32.24,50.04,25.00,20.00,0,0
2026-08-05 17:15:46,32.23,50.04,25.00,20.00,0,0
2026-08-05 17:15:47,32.23,50.04,25.00,20.00,0,0
2026-08-05 17:15:48,32.24,50.04,25.00,20.00,0,0
2026-08-05 17:15:49,32.24,50.04,25.00,20.00,0,0
2026-08-05 17:15:50,32.23,50.04,25.00,20.00,0,0
2026-08-05 17:15:51,32.23,50.04,25.00,20.00,0,0
2026-08-05 17:15:52,32.23,50.04,25.00,20.00,0,0
2026-08-05 17:15:53,32.23,50.04,25.00,20.00,0,0
2026-08-05 17:15:54,32.23,50.04,25.00,20.00,0,0
2026-08-05 17:15:55,32.23,50.04,25.00,20.00,0,0
2026-08-05 17:15:56,32.22,50.04,25.00,20.00,0,0
2026-08-05 17:15:57,32.23,50.04,25.00,20.00,0,0
2026-08-05 17:15:58,32.23,50.04,25.00,20.00,0,0
2026-08-05 17:15:59,32.23,50.08,25.00,20.00,0,0
2026-08-05 17:16:00,32.22,50.04,25.00,20.00,0,0
2026-08-05 17:16:01,32.23,50.08,25.00,20.00,0,0
2026-08-05 17:16:02,32.22,50.04,25.00,20.00,0,0
2026-08-05 17:16:03,32.23,50.04,25.00,20.00,0,0
2026-08-05 17:16:04,32.22,50.08,25.00,20.00,0,0
2026-08-05 17:16:05,32.22,50.08,25.00,20.00,0,0
2026-08-05 17:16:06,32.22,50.04,25.00,20.00,0,0
2026-08-05 17:16:07,32.22,50.08,25.00,20.00,0,0
2026-08-05 17:16:08,32.21,50.08,25.00,20.00,0,0
2026-08-05 17:16:09,32.22,50.08,25.00,20.00,0,0
2026-08-05 17:16:10,32.22,50.08,25.00,20.00,0,0
2026-08-05 17:16:11,32.21,50.08,25.00,20.00,0,0
2026-08-05 17:16:12,32.21,50.08,25.00,20.00,0,0
2026-08-05 17:16:13,32.21,50.08,25.00,20.00,0,0
2026-08-05 17:16:14,32.21,50.08,25.00,20.00,0,0
2026-08-05 17:16:15,32.21,50.08,25.00,20.00,0,0
2026-08-05 17:16:16,32.21,50.08,25.00,20.00,0,0
2026-08-05 17:16:17,32.21,50.08,25.00,20.00,0,0
2026-08-05 17:16:18,32.21,50.08,25.00,20.00,0,0
2026-08-05 17:16:19,32.20,50.08,25.00,20.00,0,0
2026-08-05 17:16:20,32.21,50.08,25.00,20.00,0,0
2026-08-05 17:16:21,32.20,50.08,25.00,20.00,0,0
2026-08-05 17:16:22,32.20,50.08,25.00,20.00,0,0
2026-08-05 17:16:23,32.20,50.08,25.00,20.00,0,0
2026-08-05 17:16:24,32.20,50.11,25.00,20.00,0,0
2026-08-05 17:16:25,32.20,50.08,25.00,20.00,0,0
2026-08-05 17:16:26,32.20,50.11,25.00,20.00,0,0
2026-08-05 17:16:27,32.20,50.08,25.00,20.00,0,0
2026-08-05 17:16:28,32.19,50.11,25.00,20.00,0,0
2026-08-05 17:16:29,32.20,50.08,25.00,20.00,0,0
2026-08-05 17:16:30,32.20,50.11,25.00,20.00,0,0
2026-08-05 17:16:31,32.20,50.11,25.00,20.00,0,0
2026-08-05 17:16:32,32.19,50.11,25.00,20.00,0,0
2026-08-05 17:16:33,32.19,50.11,25.00,20.00,0,0
2026-08-05 17:16:34,32.20,50.11,25.00,20.00,0,0
2026-08-05 17:16:35,32.19,50.11,25.00,20.00,0,0
2026-08-05 17:16:36,32.19,50.11,25.00,20.00,0,0
2026-08-05 17:16:37,32.19,50.11,25.00,20.00,0,0
2026-08-05 17:16:38,32.19,50.11,25.00,20.00,0,0
2026-08-05 17:16:39,32.19,50.11,25.00,20.00,0,0
2026-08-05 17:16:40,32.19,50.11,25.00,20.00,0,0
2026-08-05 17:16:41,32.18,50.11,25.00,20.00,0,0
2026-08-05 17:16:42,32.18,50.11,25.00,20.00,0,0
2026-08-05 17:16:43,32.18,50.11,25.00,20.00,0,0
2026-08-05 17:16:44,32.18,50.11,25.00,20.00,0,0
2026-08-05 17:16:45,32.18,50.11,25.00,20.00,0,0
2026-08-05 17:16:46,32.18,50.11,25.00,20.00,0,0
2026-08-05 17:16:47,32.18,50.11,25.00,20.00,0,0
2026-08-05 17:16:48,32.18,50.11,25.00,20.00,0,0
2026-08-05 17:16:49,32.18,50.11,25.00,20.00,0,0
2026-08-05 17:16:50,32.18,50.11,25.00,20.00,0,0
2026-08-05 17:16:51,32.17,50.11,25.00,20.00,0,0
2026-08-05 17:16:52,32.18,50.11,25.00,20.00,0,0
2026-08-05 17:16:53,32.17,50.11,25.00,20.00,0,0
2026-08-05 17:16:54,32.17,50.15,25.00,20.00,0,0
2026-08-05 17:16:55,32.17,50.15,25.00,20.00,0,0
2026-08-05 17:16:56,32.17,50.15,25.00,20.00,0,0
2026-08-05 17:16:57,32.17,50.15,25.00,20.00,0,0
2026-08-05 17:16:58,32.17,50.15,25.00,20.00,0,0
2026-08-05 17:16:59,32.17,50.15,25.00,20.00,0,0
2026-08-05 17:17:00,32.17,50.15,25.00,20.00,0,0
2026-08-05 17:17:01,32.17,50.15,25.00,20.00,0,0
2026-08-05 17:17:02,32.16,50.15,25.00,20.00,0,0
2026-08-05 17:17:03,32.16,50.15,25.00,20.00,0,0
2026-08-05 17:17:04,32.16,50.15,25.00,20.00,0,0
2026-08-05 17:17:05,32.16,50.15,25.00,20.00,0,0
2026-08-05 17:17:06,32.16,50.15,25.00,20.00,0,0
2026-08-05 17:17:07,32.16,50.15,25.00,20.00,0,0
2026-08-05 17:17:08,32.16,50.15,25.00,20.00,0,0
2026-08-05 17:17:09,32.16,50.15,25.00,20.00,0,0
2026-08-05 17:17:10,32.15,50.15,25.00,20.00,0,0
2026-08-05 17:17:11,32.16,50.15,25.00,20.00,0,0
2026-08-05 17:17:12,32.16,50.15,25.00,20.00,0,0
2026-08-05 17:17:13,32.15,50.15,25.00,20.00,0,0
2026-08-05 17:17:14,32.15,50.15,25.00,20.00,0,0
2026-08-05 17:17:15,32.15,50.15,25.00,20.00,0,0
2026-08-05 17:17:16,32.15,50.15,25.00,20.00,0,0
2026-08-05 17:17:17,32.15,50.15,25.00,20.00,0,0
2026-08-05 17:17:18,32.15,50.15,25.00,20.00,0,0
2026-08-05 17:17:19,32.15,50.18,25.00,20.00,0,0
2026-08-05 17:17:20,32.15,50.18,25.00,20.00,0,0
2026-08-05 17:17:21,32.15,50.18,25.00,20.00,0,0
2026-08-05 17:17:22,32.15,50.18,25.00,20.00,0,0
2026-08-05 17:17:23,32.15,50.18,25.00,20.00,0,0
2026-08-05 17:17:24,32.14,50.18,25.00,20.00,0,0
2026-08-05 17:17:25,32.14,50.18,25.00,20.00,0,0
2026-08-05 17:17:26,32.14,50.18,25.00,20.00,0,0
2026-08-05 17:17:27,32.14,50.18,25.00,20.00,0,0
2026-08-05 17:17:28,32.14,50.18,25.00,20.00,0,0
2026-08-05 17:17:29,32.12,50.18,25.00,20.00,0,0
2026-08-05 17:17:30,32.14,50.18,25.00,20.00,0,0
2026-08-05 17:17:31,32.14,50.18,25.00,20.00,0,0
2026-08-05 17:17:32,32.12,50.18,25.00,20.00,0,0
2026-08-05 17:17:33,32.14,50.18,25.00,20.00,0,0
2026-08-05 17:17:34,32.12,50.18,25.00,20.00,0,0
2026-08-05 17:17:35,32.14,50.18,25.00,20.00,0,0
2026-08-05 17:17:36,32.12,50.18,25.00,20.00,0,0
2026-08-05 17:17:37,32.12,50.18,25.00,20.00,0,0
2026-08-05 17:17:38,32.12,50.18,25.00,20.00,0,0
2026-08-05 17:17:39,32.11,50.18,25.00,20.00,0,0
2026-08-05 17:17:40,32.11,50.18,25.00,20.00,0,0
2026-08-05 17:17:41,32.11,50.18,25.00,20.00,0,0
2026-08-05 17:17:42,32.11,50.18,25.00,20.00,0,0
2026-08-05 17:17:43,32.11,50.18,25.00,20.00,0,0
2026-08-05 17:17:44,32.11,50.18,25.00,20.00,0,0
2026-08-05 17:17:45,32.11,50.18,25.00,20.00,0,0
2026-08-05 17:17:46,32.11,50.22,25.00,20.00,0,0
2026-08-05 17:17:47,32.11,50.18,25.00,20.00,0,0
2026-08-05 17:17:48,32.11,50.22,25.00,20.00,0,0
2026-08-05 17:17:49,32.11,50.22,25.00,20.00,0,0
2026-08-05 17:17:50,32.11,50.22,25.00,20.00,0,0
2026-08-05 17:17:51,32.11,50.22,25.00,20.00,0,0
2026-08-05 17:17:52,32.11,50.22,25.00,20.00,0,0
2026-08-05 17:17:53,32.11,50.22,25.00,20.00,0,0
2026-08-05 17:17:54,32.11,50.22,25.00,20.00,0,0
2026-08-05 17:17:55,32.11,50.22,25.00,20.00,0,0
2026-08-05 17:17:56,32.11,50.22,25.00,20.00,0,0
2026-08-05 17:17:57,32.10,50.22,25.00,20.00,0,0
2026-08-05 17:17:58,32.10,50.22,25.00,20.00,0,0
2026-08-05 17:17:59,32.10,50.22,25.00,20.00,0,0
2026-08-05 17:18:00,32.10,50.22,25.00,20.00,0,0
2026-08-05 17:18:01,32.10,50.22,25.00,20.00,0,0
2026-08-05 17:18:02,32.10,50.22,25.00,20.00,0,0
2026-08-05 17:18:03,32.10,50.22,25.00,20.00,0,0
2026-08-05 17:18:04,32.10,50.22,25.00,20.00,0,0
2026-08-05 17:18:05,32.10,50.22,25.00,20.00,0,0
2026-08-05 17:18:06,32.10,50.22,25.00,20.00,0,0
2026-08-05 17:18:07,32.09,50.22,25.00,20.00,0,0
2026-08-05 17:18:08,32.10,50.22,25.00,20.00,0,0
2026-08-05 17:18:09,32.10,50.19,25.00,20.00,0,0
2026-08-05 17:18:10,32.09,50.19,25.00,20.00,0,0
2026-08-05 17:18:11,32.10,50.25,25.00,20.00,0,0
2026-08-05 17:18:12,32.09,50.25,25.00,20.00,0,0
2026-08-05 17:18:13,32.09,50.25,25.00,20.00,0,0
2026-08-05 17:18:14,32.09,50.25,25.00,20.00,0,0
2026-08-05 17:18:15,32.08,50.25,25.00,20.00,0,0
2026-08-05 17:18:16,32.09,50.22,25.00,20.00,0,0
2026-08-05 17:18:17,32.09,50.22,25.00,20.00,0,0
2026-08-05 17:18:18,32.09,50.22,25.00,20.00,0,0
2026-08-05 17:18:19,32.08,50.22,25.00,20.00,0,0
2026-08-05 17:18:20,32.08,50.22,25.00,20.00,0,0
2026-08-05 17:18:21,32.08,50.22,25.00,20.00,0,0
2026-08-05 17:18:22,32.09,50.22,25.00,20.00,0,0
2026-08-05 17:18:23,32.08,50.22,25.00,20.00,0,0
2026-08-05 17:18:24,32.08,50.22,25.00,20.00,0,0
2026-08-05 17:18:25,32.08,50.22,25.00,20.00,0,0
2026-08-05 17:18:26,32.08,50.25,25.00,20.00,0,0
2026-08-05 17:18:27,32.08,50.22,25.00,20.00,0,0
2026-08-05 17:18:28,32.08,50.22,25.00,20.00,0,0
2026-08-05 17:18:29,32.08,50.22,25.00,20.00,0,0
2026-08-05 17:18:30,32.08,50.22,25.00,20.00,0,0
2026-08-05 17:18:31,32.08,50.22,25.00,20.00,0,0
2026-08-05 17:18:32,32.07,50.22,25.00,20.00,0,0
2026-08-05 17:18:33,32.07,50.22,25.00,20.00,0,0
2026-08-05 17:18:34,32.07,50.22,25.00,20.00,0,0
2026-08-05 17:18:35,32.07,50.22,25.00,20.00,0,0
2026-08-05 17:18:36,32.07,50.22,25.00,20.00,0,0
2026-08-05 17:18:37,32.07,50.22,25.00,20.00,0,0
2026-08-05 17:18:38,32.07,50.22,25.00,20.00,0,0
2026-08-05 17:18:39,32.07,50.22,25.00,20.00,0,0
2026-08-05 17:18:40,32.07,50.22,25.00,20.00,0,0
2026-08-05 17:18:41,32.06,50.22,25.00,20.00,0,0
2026-08-05 17:18:42,32.06,50.22,25.00,20.00,0,0
2026-08-05 17:19:04,32.05,50.25,25.00,20.00,0,0
2026-08-05 17:19:05,32.05,50.25,25.00,20.00,0,0
2026-08-05 17:19:06,32.05,50.25,25.00,20.00,0,0
2026-08-05 17:19:07,32.04,50.25,25.00,20.00,0,0
2026-08-05 17:19:08,32.04,50.25,25.00,20.00,0,0
2026-08-05 17:19:09,32.04,50.25,25.00,20.00,0,0
2026-08-05 17:19:10,32.04,50.25,25.00,20.00,0,0
2026-08-05 17:19:11,32.04,50.25,25.00,20.00,0,0
2026-08-05 17:19:12,32.04,50.25,25.00,20.00,0,0
2026-08-05 17:19:13,32.04,50.25,25.00,20.00,0,0
2026-08-05 17:19:14,32.04,50.25,25.00,20.00,0,0
2026-08-05 17:19:15,32.04,50.25,25.00,20.00,0,0
2026-08-05 17:19:16,32.04,50.25,25.00,20.00,0,0
2026-08-05 17:19:17,32.03,50.25,25.00,20.00,0,0
2026-08-05 17:19:18,32.03,50.25,25.00,20.00,0,0
2026-08-05 17:19:19,32.03,50.25,25.00,20.00,0,0
2026-08-05 17:19:20,32.03,50.25,25.00,20.00,0,0
2026-08-05 17:19:21,32.03,50.25,25.00,20.00,0,0
2026-08-05 17:19:22,32.03,50.25,25.00,20.00,0,0
2026-08-05 17:19:23,32.03,50.29,25.00,20.00,0,0
2026-08-05 17:19:24,32.03,50.29,25.00,20.00,0,0
2026-08-05 17:19:25,32.03,50.29,25.00,20.00,0,0
2026-08-05 17:19:26,32.03,50.29,25.00,20.00,0,0
2026-08-05 17:19:27,32.02,50.29,25.00,20.00,0,0
2026-08-05 17:19:28,32.03,50.29,25.00,20.00,0,0
2026-08-05 17:19:29,32.03,50.29,25.00,20.00,0,0
2026-08-05 17:19:30,32.03,50.29,25.00,20.00,0,0
2026-08-05 17:19:31,32.02,50.29,25.00,20.00,0,0
2026-08-05 17:19:32,32.02,50.29,25.00,20.00,0,0
2026-08-05 17:19:33,32.02,50.29,25.00,20.00,0,0
2026-08-05 17:19:34,32.02,50.29,25.00,20.00,0,0
2026-08-05 17:19:35,32.02,50.29,25.00,20.00,0,0
2026-08-05 17:19:36,32.02,50.29,25.00,20.00,0,0
2026-08-05 17:19:37,32.02,50.29,25.00,20.00,0,0
2026-08-05 17:19:38,32.01,50.29,25.00,20.00,0,0
2026-08-05 17:19:39,32.01,50.29,25.00,20.00,0,0
2026-08-05 17:19:40,32.01,50.29,25.00,20.00,0,0
2026-08-05 17:19:41,32.01,50.29,25.00,20.00,0,0
2026-08-05 17:19:42,32.01,50.29,25.00,20.00,0,0
2026-08-05 17:19:43,32.01,50.29,25.00,20.00,0,0
2026-08-05 17:19:44,32.01,50.29,25.00,20.00,0,0
2026-08-05 17:19:45,32.01,50.29,25.00,20.00,0,0
2026-08-05 17:19:46,32.01,50.29,25.00,20.00,0,0
2026-08-05 17:19:47,32.01,50.29,25.00,20.00,0,0
2026-08-05 17:19:48,32.01,50.29,25.00,20.00,0,0
2026-08-05 17:19:49,32.01,50.29,25.00,20.00,0,0
2026-08-05 17:19:50,32.01,50.29,25.00,20.00,0,0
2026-08-05 17:19:51,32.01,50.29,25.00,20.00,0,0
2026-08-05 17:19:52,32.00,50.29,25.00,20.00,0,0
2026-08-05 17:19:53,32.01,50.29,25.00,20.00,0,0
2026-08-05 17:19:54,32.00,50.32,25.00,20.00,0,0
2026-08-05 17:19:55,32.00,50.32,25.00,20.00,0,0
2026-08-05 17:19:56,32.00,50.32,25.00,20.00,0,0
2026-08-05 17:19:57,32.00,50.32,25.00,20.00,0,0
2026-08-05 17:19:58,32.00,50.32,25.00,20.00,0,0
2026-08-05 17:19:59,32.00,50.29,25.00,20.00,0,0
2026-08-05 17:20:00,32.00,50.32,25.00,20.00,0,0
2026-08-05 17:20:01,32.00,50.32,25.00,20.00,0,0
2026-08-05 17:20:02,32.00,50.32,25.00,20.00,0,0
2026-08-05 17:20:03,31.99,50.32,25.00,20.00,0,0
2026-08-05 17:20:04,32.00,50.32,25.00,20.00,0,0
2026-08-05 17:20:05,32.00,50.32,25.00,20.00,0,0
2026-08-05 17:20:06,31.99,50.32,25.00,20.00,0,0
2026-08-05 17:20:07,31.99,50.32,25.00,20.00,0,0
2026-08-05 17:20:08,32.00,50.32,25.00,20.00,0,0
2026-08-05 17:20:09,31.99,50.32,25.00,20.00,0,0
2026-08-05 17:20:10,31.99,50.32,25.00,20.00,0,0
2026-08-05 17:20:11,31.99,50.32,25.00,20.00,0,0
2026-08-05 17:20:12,31.99,50.32,25.00,20.00,0,0
2026-08-05 17:20:13,31.99,50.32,25.00,20.00,0,0
2026-08-05 17:20:14,31.99,50.32,25.00,20.00,0,0
2026-08-05 17:20:15,31.99,50.32,25.00,20.00,0,0
2026-08-05 17:20:16,31.99,50.32,25.00,20.00,0,0
2026-08-05 17:20:17,31.97,50.32,25.00,20.00,0,0
2026-08-05 17:20:18,31.99,50.32,25.00,20.00,0,0
2026-08-05 17:20:19,31.97,50.32,25.00,20.00,0,0
2026-08-05 17:20:20,31.97,50.32,25.00,20.00,0,0
2026-08-05 17:20:21,31.99,50.32,25.00,20.00,0,0
2026-08-05 17:20:22,31.97,50.32,25.00,20.00,0,0
2026-08-05 17:20:23,31.97,50.32,25.00,20.00,0,0
2026-08-05 17:20:24,31.97,50.32,25.00,20.00,0,0
2026-08-05 17:20:25,31.97,50.32,25.00,20.00,0,0
2026-08-05 17:20:26,31.97,50.32,25.00,20.00,0,0
2026-08-05 17:20:27,31.97,50.32,25.00,20.00,0,0
2026-08-05 17:20:28,31.97,50.32,25.00,20.00,0,0
2026-08-05 17:20:29,31.97,50.35,25.00,20.00,0,0
2026-08-05 17:20:30,31.96,50.35,25.00,20.00,0,0
2026-08-05 17:20:31,31.97,50.35,25.00,20.00,0,0
2026-08-05 17:20:32,31.97,50.35,25.00,20.00,0,0
2026-08-05 17:20:33,31.96,50.35,25.00,20.00,0,0
2026-08-05 17:20:34,31.96,50.35,25.00,20.00,0,0
2026-08-05 17:20:35,31.96,50.35,25.00,20.00,0,0
2026-08-05 17:20:36,31.96,50.35,25.00,20.00,0,0
2026-08-05 17:20:37,31.96,50.35,25.00,20.00,0,0
2026-08-05 17:20:38,31.96,50.35,25.00,20.00,0,0
2026-08-05 17:20:39,31.96,50.35,25.00,20.00,0,0
2026-08-05 17:20:40,31.96,50.35,25.00,20.00,0,0
2026-08-05 17:20:41,31.96,50.35,25.00,20.00,0,0
2026-08-05 17:20:42,31.95,50.35,25.00,20.00,0,0
2026-08-05 17:20:43,31.95,50.35,25.00,20.00,0,0
2026-08-05 17:20:44,31.95,50.35,25.00,20.00,0,0
2026-08-05 17:20:45,31.95,50.35,25.00,20.00,0,0
2026-08-05 17:20:46,31.95,50.35,25.00,20.00,0,0
2026-08-05 17:20:47,31.95,50.35,25.00,20.00,0,0
2026-08-05 17:20:48,31.95,50.35,25.00,20.00,0,0
2026-08-05 17:20:49,31.95,50.35,25.00,20.00,0,0
2026-08-05 17:20:50,31.95,50.35,25.00,20.00,0,0
2026-08-05 17:20:51,31.95,50.35,25.00,20.00,0,0
2026-08-05 17:20:52,31.95,50.35,25.00,20.00,0,0
2026-08-05 17:20:53,31.95,50.35,25.00,20.00,0,0
2026-08-05 17:20:54,31.95,50.35,25.00,20.00,0,0
2026-08-05 17:20:55,31.94,50.35,25.00,20.00,0,0
2026-08-05 17:20:56,31.94,50.35,25.00,20.00,0,0
2026-08-05 17:20:57,31.94,50.35,25.00,20.00,0,0
2026-08-05 17:20:58,31.94,50.35,25.00,20.00,0,0
2026-08-05 17:20:59,31.94,50.35,25.00,20.00,0,0
2026-08-05 17:21:00,31.94,50.35,25.00,20.00,0,0
2026-08-05 17:21:01,31.94,50.35,25.00,20.00,0,0
2026-08-05 17:21:02,31.94,50.35,25.00,20.00,0,0
2026-08-05 17:21:03,31.94,50.35,25.00,20.00,0,0
2026-08-05 17:21:04,31.94,50.35,25.00,20.00,0,0
2026-08-05 17:21:05,31.94,50.35,25.00,20.00,0,0
2026-08-05 17:21:06,31.93,50.35,25.00,20.00,0,0
2026-08-05 17:21:07,31.93,50.35,25.00,20.00,0,0
2026-08-05 17:21:08,31.94,50.35,25.00,20.00,0,0
2026-08-05 17:21:09,31.93,50.35,25.00,20.00,0,0
2026-08-05 17:21:10,31.93,50.35,25.00,20.00,0,0
2026-08-05 17:21:11,31.93,50.35,25.00,20.00,0,0
2026-08-05 17:21:12,31.93,50.35,25.00,20.00,0,0
2026-08-05 17:21:13,31.93,50.35,25.00,20.00,0,0
2026-08-05 17:21:14,31.93,50.35,25.00,20.00,0,0
2026-08-05 17:21:15,31.93,50.35,25.00,20.00,0,0
2026-08-05 17:21:16,31.93,50.39,25.00,20.00,0,0
2026-08-05 17:21:17,31.93,50.39,25.00,20.00,0,0
2026-08-05 17:21:18,31.93,50.35,25.00,20.00,0,0
2026-08-05 17:21:19,31.93,50.39,25.00,20.00,0,0
2026-08-05 17:21:20,31.93,50.35,25.00,20.00,0,0
2026-08-05 17:21:21,31.93,50.35,25.00,20.00,0,0
2026-08-05 17:21:22,31.93,50.39,25.00,20.00,0,0
2026-08-05 17:21:23,31.93,50.39,25.00,20.00,0,0
2026-08-05 17:21:24,31.93,50.39,25.00,20.00,0,0
2026-08-05 17:21:25,31.93,50.39,25.00,20.00,0,0
2026-08-05 17:21:26,31.93,50.39,25.00,20.00,0,0
2026-08-05 17:21:27,31.93,50.39,25.00,20.00,0,0
2026-08-05 17:21:28,31.93,50.39,25.00,20.00,0,0
2026-08-05 17:21:29,31.93,50.39,25.00,20.00,0,0
2026-08-05 17:21:30,31.93,50.39,25.00,20.00,0,0
2026-08-05 17:21:31,31.93,50.39,25.00,20.00,0,0
2026-08-05 17:21:32,31.93,50.39,25.00,20.00,0,0
2026-08-05 17:21:33,31.93,50.39,25.00,20.00,0,0
2026-08-05 17:21:34,31.93,50.39,25.00,20.00,0,0
2026-08-05 17:21:35,31.93,50.39,25.00,20.00,0,0
2026-08-05 17:21:36,31.93,50.39,25.00,20.00,0,0
2026-08-05 17:21:37,31.93,50.39,25.00,20.00,0,0
2026-08-05 17:21:38,31.93,50.39,25.00,20.00,0,0
2026-08-05 17:21:39,31.93,50.39,25.00,20.00,0,0
2026-08-05 17:21:40,31.93,50.39,25.00,20.00,0,0
2026-08-05 17:21:41,31.93,50.39,25.00,20.00,0,0
2026-08-05 17:21:42,31.92,50.39,25.00,20.00,0,0
2026-08-05 17:21:43,31.92,50.39,25.00,20.00,0,0
2026-08-05 17:21:44,31.92,50.39,25.00,20.00,0,0
2026-08-05 17:21:45,31.93,50.39,25.00,20.00,0,0
2026-08-05 17:21:46,31.92,50.39,25.00,20.00,0,0
2026-08-05 17:21:47,31.92,50.39,25.00,20.00,0,0
2026-08-05 17:21:48,31.92,50.39,25.00,20.00,0,0
2026-08-05 17:21:49,31.92,50.39,25.00,20.00,0,0
2026-08-05 17:21:50,31.91,50.39,25.00,20.00,0,0
2026-08-05 17:21:51,31.92,50.39,25.00,20.00,0,0
2026-08-05 17:21:52,31.92,50.39,25.00,20.00,0,0
2026-08-05 17:21:53,31.92,50.39,25.00,20.00,0,0
2026-08-05 17:21:54,31.92,50.39,25.00,20.00,0,0
2026-08-05 17:21:55,31.92,50.39,25.00,20.00,0,0
2026-08-05 17:21:56,31.92,50.39,25.00,20.00,0,0
2026-08-05 17:21:57,31.91,50.39,25.00,20.00,0,0
2026-08-05 17:21:58,31.91,50.37,25.00,20.00,0,0
2026-08-05 17:21:59,31.91,50.37,25.00,20.00,0,0
2026-08-05 17:22:00,31.91,50.37,25.00,20.00,0,0
2026-08-05 17:22:01,31.91,50.39,25.00,20.00,0,0
2026-08-05 17:22:02,31.91,50.39,25.00,20.00,0,0
2026-08-05 17:22:03,31.90,50.37,25.00,20.00,0,0
2026-08-05 17:22:04,31.91,50.37,25.00,20.00,0,0
2026-08-05 17:22:05,31.91,50.39,25.00,20.00,0,0
2026-08-05 17:22:06,31.90,50.37,25.00,20.00,0,0
2026-08-05 17:22:07,31.91,50.37,25.00,20.00,0,0
2026-08-05 17:22:08,31.90,50.37,25.00,20.00,0,0
2026-08-05 17:22:09,31.90,50.37,25.00,20.00,0,0
2026-08-05 17:22:10,31.90,50.37,25.00,20.00,0,0
2026-08-05 17:22:12,31.89,50.37,25.00,20.00,0,0
2026-08-05 17:22:13,31.90,50.37,25.00,20.00,0,0
2026-08-05 17:22:14,31.90,50.37,25.00,20.00,0,0
2026-08-05 17:22:15,31.90,50.37,25.00,20.00,0,0
2026-08-05 17:22:16,31.90,50.37,25.00,20.00,0,0
2026-08-05 17:22:17,31.90,50.37,25.00,20.00,0,0
2026-08-05 17:22:18,31.89,50.37,25.00,20.00,0,0
2026-08-05 17:22:19,31.89,50.37,25.00,20.00,0,0
2026-08-05 17:22:20,31.89,50.37,25.00,20.00,0,0
2026-08-05 17:22:21,31.89,50.40,25.00,20.00,0,0
2026-08-05 17:22:22,31.89,50.40,25.00,20.00,0,0
2026-08-05 17:22:23,31.89,50.40,25.00,20.00,0,0
2026-08-05 17:22:24,31.89,50.40,25.00,20.00,0,0
2026-08-05 17:22:25,31.89,50.40,25.00,20.00,0,0
2026-08-05 17:22:26,31.89,50.40,25.00,20.00,0,0
2026-08-05 17:22:27,31.89,50.40,25.00,20.00,0,0
2026-08-05 17:22:28,31.89,50.40,25.00,20.00,0,0
2026-08-05 17:22:29,31.89,50.40,25.00,20.00,0,0
2026-08-05 17:22:30,31.88,50.40,25.00,20.00,0,0
2026-08-05 17:22:31,31.89,50.40,25.00,20.00,0,0
2026-08-05 17:22:32,31.88,50.40,25.00,20.00,0,0
2026-08-05 17:22:33,31.89,50.40,25.00,20.00,0,0
2026-08-05 17:22:34,31.88,50.40,25.00,20.00,0,0
2026-08-05 17:22:35,31.88,50.40,25.00,20.00,0,0
2026-08-05 17:22:36,31.88,50.40,25.00,20.00,0,0
2026-08-05 17:22:37,31.88,50.40,25.00,20.00,0,0
2026-08-05 17:22:38,31.88,50.40,25.00,20.00,0,0
2026-08-05 17:22:39,31.88,50.40,25.00,20.00,0,0
2026-08-05 17:22:40,31.88,50.40,25.00,20.00,0,0
2026-08-05 17:22:41,31.88,50.40,25.00,20.00,0,0
2026-08-05 17:22:42,31.88,50.40,25.00,20.00,0,0
2026-08-05 17:22:43,31.88,50.40,25.00,20.00,0,0
2026-08-05 17:22:44,31.87,50.40,25.00,20.00,0,0
2026-08-05 17:22:45,31.88,50.40,25.00,20.00,0,0
2026-08-05 17:22:46,31.88,50.40,25.00,20.00,0,0
2026-08-05 17:22:47,31.87,50.40,25.00,20.00,0,0
2026-08-05 17:22:48,31.88,50.40,25.00,20.00,0,0
2026-08-05 17:22:49,31.87,50.40,25.00,20.00,0,0
2026-08-05 17:22:50,31.87,50.40,25.00,20.00,0,0
2026-08-05 17:22:51,31.87,50.40,25.00,20.00,0,0
2026-08-05 17:22:52,31.87,50.40,25.00,20.00,0,0
2026-08-05 17:22:53,31.87,50.40,25.00,20.00,0,0
2026-08-05 17:22:54,31.87,50.40,25.00,20.00,0,0
2026-08-05 17:22:55,31.87,50.40,25.00,20.00,0,0
2026-08-05 17:22:56,31.87,50.40,25.00,20.00,0,0
2026-08-05 17:22:57,31.87,50.40,25.00,20.00,0,0
2026-08-05 17:22:58,31.87,50.40,25.00,20.00,0,0
2026-08-05 17:22:59,31.87,50.40,25.00,20.00,0,0
2026-08-05 17:23:00,31.87,50.40,25.00,20.00,0,0
2026-08-05 17:23:01,31.86,50.40,25.00,20.00,0,0
2026-08-05 17:23:02,31.86,50.40,25.00,20.00,0,0
2026-08-05 17:23:03,31.86,50.40,25.00,20.00,0,0
2026-08-05 17:23:04,31.87,50.40,25.00,20.00,0,0
2026-08-05 17:23:05,31.86,50.40,25.00,20.00,0,0
2026-08-05 17:23:06,31.86,50.40,25.00,20.00,0,0
2026-08-05 17:23:07,31.86,50.40,25.00,20.00,0,0
2026-08-05 17:23:08,31.86,50.40,25.00,20.00,0,0
2026-08-05 17:23:09,31.86,50.40,25.00,20.00,0,0
2026-08-05 17:23:10,31.86,50.40,25.00,20.00,0,0
2026-08-05 17:23:11,31.86,50.40,25.00,20.00,0,0
2026-08-05 17:23:12,31.86,50.40,25.00,20.00,0,0
2026-08-05 17:23:13,31.86,50.40,25.00,20.00,0,0
2026-08-05 17:23:14,31.85,50.40,25.00,20.00,0,0
2026-08-05 17:23:15,31.85,50.40,25.00,20.00,0,0
2026-08-05 17:23:16,31.85,50.40,25.00,20.00,0,0
2026-08-05 17:23:17,31.85,50.40,25.00,20.00,0,0
2026-08-05 17:23:18,31.85,50.40,25.00,20.00,0,0
2026-08-05 17:23:19,31.85,50.40,25.00,20.00,0,0
2026-08-05 17:23:20,31.85,50.40,25.00,20.00,0,0
2026-08-05 17:23:21,31.85,50.40,25.00,20.00,0,0
2026-08-05 17:23:22,31.85,50.40,25.00,20.00,0,0
2026-08-05 17:23:23,31.85,50.40,25.00,20.00,0,0
2026-08-05 17:23:24,31.85,50.40,25.00,20.00,0,0
2026-08-05 17:23:25,31.85,50.40,25.00,20.00,0,0
2026-08-05 17:23:26,31.85,50.40,25.00,20.00,0,0
2026-08-05 17:23:27,31.85,50.40,25.00,20.00,0,0
2026-08-05 17:23:28,31.85,50.40,25.00,20.00,0,0
2026-08-05 17:23:29,31.85,50.40,25.00,20.00,0,0
2026-08-05 17:23:30,31.84,50.40,25.00,20.00,0,0
2026-08-05 17:23:31,31.84,50.40,25.00,20.00,0,0
2026-08-05 17:23:32,31.84,50.40,25.00,20.00,0,0
2026-08-05 17:23:33,31.84,50.40,25.00,20.00,0,0
2026-08-05 17:23:34,31.84,50.40,25.00,20.00,0,0
2026-08-05 17:23:35,31.84,50.40,25.00,20.00,0,0
2026-08-05 17:23:36,31.84,50.40,25.00,20.00,0,0
2026-08-05 17:23:37,31.84,50.40,25.00,20.00,0,0
2026-08-05 17:23:38,31.84,50.40,25.00,20.00,0,0
2026-08-05 17:23:39,31.84,50.44,25.00,20.00,0,0
2026-08-05 17:23:40,31.84,50.40,25.00,20.00,0,0
2026-08-05 17:23:41,31.82,50.44,25.00,20.00,0,0
2026-08-05 17:23:42,31.84,50.44,25.00,20.00,0,0
2026-08-05 17:23:43,31.84,50.44,25.00,20.00,0,0
2026-08-05 17:23:44,31.82,50.44,25.00,20.00,0,0
2026-08-05 17:23:45,31.82,50.44,25.00,20.00,0,0
2026-08-05 17:23:46,31.82,50.44,25.00,20.00,0,0
2026-08-05 17:23:47,31.82,50.44,25.00,20.00,0,0
2026-08-05 17:23:48,31.82,50.44,25.00,20.00,0,0
2026-08-05 17:23:49,31.82,50.44,25.00,20.00,0,0
2026-08-05 17:23:50,31.82,50.44,25.00,20.00,0,0
2026-08-05 17:23:51,31.82,50.44,25.00,20.00,0,0
2026-08-05 17:23:52,31.82,50.44,25.00,20.00,0,0
2026-08-05 17:23:53,31.82,50.44,25.00,20.00,0,0
2026-08-05 17:23:54,31.82,50.44,25.00,20.00,0,0
2026-08-05 17:23:55,31.81,50.44,25.00,20.00,0,0
2026-08-05 17:23:56,31.81,50.44,25.00,20.00,0,0
2026-08-05 17:23:57,31.81,50.44,25.00,20.00,0,0
2026-08-05 17:23:58,31.81,50.44,25.00,20.00,0,0
2026-08-05 17:23:59,31.81,50.44,25.00,20.00,0,0
2026-08-05 17:24:00,31.81,50.44,25.00,20.00,0,0
2026-08-05 17:24:01,31.81,50.44,25.00,20.00,0,0
2026-08-05 17:24:02,31.81,50.44,25.00,20.00,0,0
2026-08-05 17:24:03,31.81,50.44,25.00,20.00,0,0
2026-08-05 17:24:04,31.81,50.44,25.00,20.00,0,0
2026-08-05 17:24:05,31.81,50.44,25.00,20.00,0,0
2026-08-05 17:24:06,31.81,50.44,25.00,20.00,0,0
2026-08-05 17:24:07,31.80,50.44,25.00,20.00,0,0
2026-08-05 17:24:08,31.80,50.44,25.00,20.00,0,0
2026-08-05 17:24:09,31.80,50.44,25.00,20.00,0,0
2026-08-05 17:24:10,31.80,50.44,25.00,20.00,0,0
2026-08-05 17:24:11,31.80,50.44,25.00,20.00,0,0
2026-08-05 17:24:12,31.80,50.44,25.00,20.00,0,0
2026-08-05 17:24:13,31.80,50.44,25.00,20.00,0,0
2026-08-05 17:24:14,31.80,50.44,25.00,20.00,0,0
2026-08-05 17:24:15,31.80,50.44,25.00,20.00,0,0
2026-08-05 17:24:16,31.80,50.44,25.00,20.00,0,0
2026-08-05 17:24:17,31.80,50.44,25.00,20.00,0,0
2026-08-05 17:24:18,31.80,50.44,25.00,20.00,0,0
2026-08-05 17:24:19,31.80,50.44,25.00,20.00,0,0
2026-08-05 17:24:20,31.80,50.44,25.00,20.00,0,0
2026-08-05 17:24:21,31.80,50.44,25.00,20.00,0,0
2026-08-05 17:24:22,31.80,50.44,25.00,20.00,0,0
2026-08-05 17:24:23,31.80,50.47,25.00,20.00,0,0
2026-08-05 17:24:24,31.79,50.44,25.00,20.00,0,0
2026-08-05 17:24:25,31.79,50.44,25.00,20.00,0,0
2026-08-05 17:24:26,31.80,50.47,25.00,20.00,0,0
2026-08-05 17:24:27,31.80,50.47,25.00,20.00,0,0
2026-08-05 17:24:28,31.79,50.47,25.00,20.00,0,0
2026-08-05 17:24:29,31.79,50.44,25.00,20.00,0,0
2026-08-05 17:24:30,31.79,50.47,25.00,20.00,0,0
2026-08-05 17:24:31,31.79,50.47,25.00,20.00,0,0
2026-08-05 17:24:32,31.79,50.47,25.00,20.00,0,0
2026-08-05 17:24:33,31.79,50.47,25.00,20.00,0,0
2026-08-05 17:24:34,31.78,50.47,25.00,20.00,0,0
2026-08-05 17:24:35,31.79,50.47,25.00,20.00,0,0
2026-08-05 17:24:36,31.79,50.47,25.00,20.00,0,0
2026-08-05 17:24:37,31.78,50.47,25.00,20.00,0,0
2026-08-05 17:24:38,31.78,50.47,25.00,20.00,0,0
2026-08-05 17:24:39,31.79,50.47,25.00,20.00,0,0
2026-08-05 17:24:40,31.78,50.47,25.00,20.00,0,0
2026-08-05 17:24:41,31.78,50.47,25.00,20.00,0,0
2026-08-05 17:24:42,31.78,50.47,25.00,20.00,0,0
2026-08-05 17:24:43,31.78,50.47,25.00,20.00,0,0
2026-08-05 17:24:44,31.78,50.47,25.00,20.00,0,0
2026-08-05 17:24:45,31.78,50.47,25.00,20.00,0,0
2026-08-05 17:24:46,31.78,50.47,25.00,20.00,0,0
2026-08-05 17:24:47,31.78,50.47,25.00,20.00,0,0
2026-08-05 17:24:48,31.78,50.47,25.00,20.00,0,0
2026-08-05 17:24:49,31.78,50.47,25.00,20.00,0,0
2026-08-05 17:24:50,31.78,50.47,25.00,20.00,0,0
2026-08-05 17:24:51,31.78,50.47,25.00,20.00,0,0
2026-08-05 17:24:52,31.78,50.47,25.00,20.00,0,0
2026-08-05 17:24:53,31.77,50.47,25.00,20.00,0,0
2026-08-05 17:24:54,31.77,50.47,25.00,20.00,0,0
2026-08-05 17:24:55,31.77,50.47,25.00,20.00,0,0
2026-08-05 17:24:56,31.77,50.47,25.00,20.00,0,0
2026-08-05 17:24:57,31.77,50.47,25.00,20.00,0,0
2026-08-05 17:24:58,31.77,50.47,25.00,20.00,0,0
2026-08-05 17:24:59,31.77,50.47,25.00,20.00,0,0
2026-08-05 17:25:00,31.77,50.47,25.00,20.00,0,0
2026-08-05 17:25:01,31.77,50.47,25.00,20.00,0,0
2026-08-05 17:25:02,31.77,50.47,25.00,20.00,0,0
2026-08-05 17:25:03,31.77,50.47,25.00,20.00,0,0
2026-08-05 17:25:04,31.77,50.47,25.00,20.00,0,0
2026-08-05 17:25:05,31.77,50.47,25.00,20.00,0,0
2026-08-05 17:25:06,31.77,50.44,25.00,20.00,0,0
2026-08-05 17:25:07,31.76,50.47,25.00,20.00,0,0
2026-08-05 17:25:08,31.77,50.47,25.00,20.00,0,0
2026-08-05 17:25:09,31.76,50.44,25.00,20.00,0,0
2026-08-05 17:25:10,31.77,50.47,25.00,20.00,0,0
2026-08-05 17:25:11,31.76,50.47,25.00,20.00,0,0
2026-08-05 17:25:12,31.76,50.47,25.00,20.00,0,0
2026-08-05 17:25:13,31.76,50.44,25.00,20.00,0,0
2026-08-05 17:25:14,31.76,50.47,25.00,20.00,0,0
2026-08-05 17:25:15,31.76,50.47,25.00,20.00,0,0
2026-08-05 17:25:16,31.76,50.47,25.00,20.00,0,0
2026-08-05 17:25:17,31.76,50.47,25.00,20.00,0,0
2026-08-05 17:25:18,31.76,50.47,25.00,20.00,0,0
2026-08-05 17:25:19,31.76,50.47,25.00,20.00,0,0
2026-08-05 17:25:20,31.76,50.44,25.00,20.00,0,0
2026-08-05 17:25:21,31.76,50.44,25.00,20.00,0,0
2026-08-05 17:25:22,31.76,50.44,25.00,20.00,0,0
2026-08-05 17:25:23,31.75,50.44,25.00,20.00,0,0
2026-08-05 17:25:24,31.75,50.44,25.00,20.00,0,0
2026-08-05 17:25:25,31.75,50.44,25.00,20.00,0,0
2026-08-05 17:25:26,31.75,50.44,25.00,20.00,0,0
2026-08-05 17:25:27,31.75,50.48,25.00,20.00,0,0
2026-08-05 17:25:28,31.75,50.48,25.00,20.00,0,0
2026-08-05 17:25:29,31.75,50.48,25.00,20.00,0,0
2026-08-05 17:25:30,31.75,50.48,25.00,20.00,0,0
2026-08-05 17:25:31,31.75,50.48,25.00,20.00,0,0
2026-08-05 17:25:32,31.75,50.48,25.00,20.00,0,0
2026-08-05 17:25:33,31.75,50.48,25.00,20.00,0,0
2026-08-05 17:25:34,31.75,50.48,25.00,20.00,0,0
2026-08-05 17:25:35,31.74,50.48,25.00,20.00,0,0
2026-08-05 17:25:36,31.74,50.48,25.00,20.00,0,0
2026-08-05 17:25:37,31.74,50.48,25.00,20.00,0,0
2026-08-05 17:25:38,31.74,50.48,25.00,20.00,0,0
2026-08-05 17:25:39,31.74,50.48,25.00,20.00,0,0
2026-08-05 17:25:40,31.74,50.48,25.00,20.00,0,0
2026-08-05 17:25:41,31.74,50.48,25.00,20.00,0,0
2026-08-05 17:25:42,31.74,50.48,25.00,20.00,0,0
2026-08-05 17:25:43,31.74,50.48,25.00,20.00,0,0
2026-08-05 17:25:44,31.74,50.48,25.00,20.00,0,0
2026-08-05 17:25:45,31.74,50.48,25.00,20.00,0,0
2026-08-05 17:25:46,31.74,50.48,25.00,20.00,0,0
2026-08-05 17:25:47,31.74,50.48,25.00,20.00,0,0
2026-08-05 17:25:48,31.74,50.48,25.00,20.00,0,0
2026-08-05 17:25:49,31.74,50.48,25.00,20.00,0,0
2026-08-05 17:25:50,31.73,50.48,25.00,20.00,0,0
2026-08-05 17:25:51,31.74,50.48,25.00,20.00,0,0
2026-08-05 17:25:52,31.74,50.48,25.00,20.00,0,0
2026-08-05 17:25:53,31.74,50.48,25.00,20.00,0,0
2026-08-05 17:25:54,31.73,50.48,25.00,20.00,0,0
2026-08-05 17:25:55,31.73,50.48,25.00,20.00,0,0
2026-08-05 17:25:56,31.73,50.51,25.00,20.00,0,0
2026-08-05 17:25:57,31.73,50.48,25.00,20.00,0,0
2026-08-05 17:25:58,31.73,50.48,25.00,20.00,0,0
2026-08-05 17:25:59,31.73,50.51,25.00,20.00,0,0
2026-08-05 17:26:00,31.73,50.51,25.00,20.00,0,0
2026-08-05 17:26:01,31.73,50.51,25.00,20.00,0,0
2026-08-05 17:26:02,31.73,50.51,25.00,20.00,0,0
2026-08-05 17:26:03,31.73,50.51,25.00,20.00,0,0
2026-08-05 17:26:04,31.73,50.51,25.00,20.00,0,0
2026-08-05 17:26:05,31.73,50.51,25.00,20.00,0,0
2026-08-05 17:26:06,31.72,50.51,25.00,20.00,0,0
2026-08-05 17:26:07,31.72,50.51,25.00,20.00,0,0
2026-08-05 17:26:08,31.72,50.51,25.00,20.00,0,0
2026-08-05 17:26:09,31.73,50.51,25.00,20.00,0,0
2026-08-05 17:26:10,31.73,50.51,25.00,20.00,0,0
2026-08-05 17:26:11,31.73,50.51,25.00,20.00,0,0
2026-08-05 17:26:12,31.72,50.51,25.00,20.00,0,0
2026-08-05 17:26:13,31.72,50.51,25.00,20.00,0,0
2026-08-05 17:26:14,31.72,50.51,25.00,20.00,0,0
2026-08-05 17:26:15,31.72,50.51,25.00,20.00,0,0
2026-08-05 17:26:16,31.72,50.51,25.00,20.00,0,0
2026-08-05 17:26:17,31.72,50.51,25.00,20.00,0,0
2026-08-05 17:26:18,31.72,50.51,25.00,20.00,0,0
2026-08-05 17:26:19,31.72,50.51,25.00,20.00,0,0
2026-08-05 17:26:20,31.71,50.51,25.00,20.00,0,0
2026-08-05 17:26:21,31.72,50.51,25.00,20.00,0,0
2026-08-05 17:26:22,31.71,50.51,25.00,20.00,0,0
2026-08-05 17:26:23,31.71,50.51,25.00,20.00,0,0
2026-08-05 17:26:24,31.71,50.51,25.00,20.00,0,0
2026-08-05 17:26:25,31.72,50.51,25.00,20.00,0,0
2026-08-05 17:26:26,31.71,50.51,25.00,20.00,0,0
2026-08-05 17:26:27,31.71,50.51,25.00,20.00,0,0
2026-08-05 17:26:28,31.70,50.51,25.00,20.00,0,0
2026-08-05 17:26:29,31.71,50.51,25.00,20.00,0,0
2026-08-05 17:26:30,31.71,50.51,25.00,20.00,0,0
2026-08-05 17:26:31,31.71,50.51,25.00,20.00,0,0
2026-08-05 17:26:32,31.71,50.51,25.00,20.00,0,0
2026-08-05 17:26:33,31.71,50.51,25.00,20.00,0,0
2026-08-05 17:26:34,31.71,50.51,25.00,20.00,0,0
2026-08-05 17:26:35,31.71,50.51,25.00,20.00,0,0
2026-08-05 17:26:36,31.71,50.51,25.00,20.00,0,0
2026-08-05 17:26:37,31.70,50.51,25.00,20.00,0,0
2026-08-05 17:26:38,31.70,50.51,25.00,20.00,0,0
2026-08-05 17:26:39,31.70,50.51,25.00,20.00,0,0
2026-08-05 17:26:40,31.70,50.51,25.00,20.00,0,0
2026-08-05 17:26:41,31.70,50.51,25.00,20.00,0,0
2026-08-05 17:26:42,31.70,50.51,25.00,20.00,0,0
2026-08-05 17:26:43,31.70,50.51,25.00,20.00,0,0
2026-08-05 17:26:44,31.70,50.51,25.00,20.00,0,0
2026-08-05 17:26:45,31.70,50.51,25.00,20.00,0,0
2026-08-05 17:26:46,31.70,50.51,25.00,20.00,0,0
2026-08-05 17:26:47,31.70,50.51,25.00,20.00,0,0
2026-08-05 17:26:48,31.70,50.51,25.00,20.00,0,0
2026-08-05 17:26:49,31.70,50.51,25.00,20.00,0,0
2026-08-05 17:26:50,31.70,50.51,25.00,20.00,0,0
2026-08-05 17:26:51,31.68,50.51,25.00,20.00,0,0
2026-08-05 17:26:52,31.70,50.51,25.00,20.00,0,0
2026-08-05 17:26:53,31.68,50.51,25.00,20.00,0,0
2026-08-05 17:26:54,31.68,50.51,25.00,20.00,0,0
2026-08-05 17:26:55,31.68,50.54,25.00,20.00,0,0
2026-08-05 17:26:56,31.68,50.54,25.00,20.00,0,0
2026-08-05 17:26:57,31.68,50.54,25.00,20.00,0,0
2026-08-05 17:26:58,31.68,50.54,25.00,20.00,0,0
2026-08-05 17:26:59,31.67,50.54,25.00,20.00,0,0
2026-08-05 17:27:00,31.68,50.54,25.00,20.00,0,0
2026-08-05 17:27:01,31.68,50.54,25.00,20.00,0,0
2026-08-05 17:27:02,31.68,50.54,25.00,20.00,0,0
2026-08-05 17:27:03,31.68,50.54,25.00,20.00,0,0
2026-08-05 17:27:04,31.67,50.54,25.00,20.00,0,0
2026-08-05 17:27:05,31.68,50.54,25.00,20.00,0,0
2026-08-05 17:27:06,31.68,50.54,25.00,20.00,0,0
2026-08-05 17:27:07,31.67,50.54,25.00,20.00,0,0
2026-08-05 17:27:08,31.67,50.54,25.00,20.00,0,0
2026-08-05 17:27:09,31.67,50.54,25.00,20.00,0,0
2026-08-05 17:27:10,31.67,50.54,25.00,20.00,0,0
2026-08-05 17:27:11,31.67,50.54,25.00,20.00,0,0
2026-08-05 17:27:12,31.67,50.54,25.00,20.00,0,0
2026-08-05 17:27:13,31.67,50.54,25.00,20.00,0,0
2026-08-05 17:27:14,31.67,50.54,25.00,20.00,0,0
2026-08-05 17:27:15,31.67,50.54,25.00,20.00,0,0
2026-08-05 17:27:16,31.67,50.54,25.00,20.00,0,0
2026-08-05 17:27:17,31.66,50.54,25.00,20.00,0,0
2026-08-05 17:27:18,31.66,50.54,25.00,20.00,0,0
2026-08-05 17:27:19,31.67,50.54,25.00,20.00,0,0
2026-08-05 17:27:20,31.66,50.54,25.00,20.00,0,0
2026-08-05 17:27:21,31.66,50.54,25.00,20.00,0,0
2026-08-05 17:27:22,31.66,50.54,25.00,20.00,0,0
2026-08-05 17:27:23,31.66,50.54,25.00,20.00,0,0
2026-08-05 17:27:24,31.66,50.54,25.00,20.00,0,0
2026-08-05 17:27:25,31.66,50.54,25.00,20.00,0,0
2026-08-05 17:27:26,31.66,50.54,25.00,20.00,0,0
2026-08-05 17:27:27,31.66,50.54,25.00,20.00,0,0
2026-08-05 17:27:28,31.66,50.54,25.00,20.00,0,0
2026-08-05 17:27:29,31.65,50.54,25.00,20.00,0,0
2026-08-05 17:27:30,31.65,50.54,25.00,20.00,0,0
2026-08-05 17:27:31,31.65,50.54,25.00,20.00,0,0
2026-08-05 17:27:32,31.65,50.54,25.00,20.00,0,0
2026-08-05 17:27:33,31.65,50.54,25.00,20.00,0,0
2026-08-05 17:27:34,31.65,50.54,25.00,20.00,0,0
2026-08-05 17:27:35,31.65,50.54,25.00,20.00,0,0
2026-08-05 17:27:36,31.65,50.54,25.00,20.00,0,0
2026-08-05 17:27:37,31.65,50.54,25.00,20.00,0,0
2026-08-05 17:27:38,31.65,50.54,25.00,20.00,0,0
2026-08-05 17:27:39,31.65,50.54,25.00,20.00,0,0
2026-08-05 17:27:40,31.65,50.54,25.00,20.00,0,0
2026-08-05 17:27:41,31.65,50.54,25.00,20.00,0,0
2026-08-05 17:27:42,31.65,50.57,25.00,20.00,0,0
2026-08-05 17:27:43,31.65,50.54,25.00,20.00,0,0
2026-08-05 17:27:44,31.65,50.54,25.00,20.00,0,0
2026-08-05 17:27:45,31.65,50.57,25.00,20.00,0,0
2026-08-05 17:27:46,31.65,50.57,25.00,20.00,0,0
2026-08-05 17:27:47,31.65,50.54,25.00,20.00,0,0
2026-08-05 17:27:48,31.65,50.57,25.00,20.00,0,0
2026-08-05 17:27:49,31.65,50.57,25.00,20.00,0,0
2026-08-05 17:27:50,31.65,50.57,25.00,20.00,0,0
2026-08-05 17:27:51,31.65,50.57,25.00,20.00,0,0
2026-08-05 17:27:52,31.65,50.57,25.00,20.00,0,0
2026-08-05 17:27:53,31.64,50.57,25.00,20.00,0,0
2026-08-05 17:27:54,31.64,50.57,25.00,20.00,0,0
2026-08-05 17:27:55,31.64,50.57,25.00,20.00,0,0
2026-08-05 17:27:56,31.65,50.57,25.00,20.00,0,0
2026-08-05 17:27:57,31.64,50.57,25.00,20.00,0,0
2026-08-05 17:27:58,31.64,50.57,25.00,20.00,0,0
2026-08-05 17:27:59,31.64,50.57,25.00,20.00,0,0
2026-08-05 17:28:00,31.64,50.57,25.00,20.00,0,0
2026-08-05 17:28:01,31.64,50.57,25.00,20.00,0,0
2026-08-05 17:28:02,31.64,50.57,25.00,20.00,0,0
2026-08-05 17:28:03,31.64,50.57,25.00,20.00,0,0
2026-08-05 17:28:04,31.64,50.57,25.00,20.00,0,0
2026-08-05 17:28:05,31.64,50.57,25.00,20.00,0,0
2026-08-05 17:28:06,31.64,50.57,25.00,20.00,0,0
2026-08-05 17:28:07,31.64,50.57,25.00,20.00,0,0
2026-08-05 17:28:08,31.64,50.57,25.00,20.00,0,0
2026-08-05 17:28:09,31.64,50.57,25.00,20.00,0,0
2026-08-05 17:28:10,31.63,50.57,25.00,20.00,0,0
2026-08-05 17:28:11,31.63,50.57,25.00,20.00,0,0
2026-08-05 17:28:12,31.64,50.57,25.00,20.00,0,0
2026-08-05 17:28:13,31.64,50.57,25.00,20.00,0,0
2026-08-05 17:28:14,31.63,50.57,25.00,20.00,0,0
2026-08-05 17:28:15,31.63,50.57,25.00,20.00,0,0
2026-08-05 17:28:16,31.63,50.57,25.00,20.00,0,0
2026-08-05 17:28:17,31.63,50.57,25.00,20.00,0,0
2026-08-05 17:28:18,31.63,50.57,25.00,20.00,0,0
2026-08-05 17:28:19,31.63,50.57,25.00,20.00,0,0
2026-08-05 17:28:20,31.63,50.57,25.00,20.00,0,0
2026-08-05 17:28:21,31.63,50.57,25.00,20.00,0,0
2026-08-05 17:28:22,31.63,50.57,25.00,20.00,0,0
2026-08-05 17:28:23,31.63,50.57,25.00,20.00,0,0
2026-08-05 17:28:24,31.62,50.57,25.00,20.00,0,0
2026-08-05 17:28:25,31.63,50.57,25.00,20.00,0,0
2026-08-05 17:28:26,31.62,50.57,25.00,20.00,0,0
2026-08-05 17:28:27,31.63,50.57,25.00,20.00,0,0
2026-08-05 17:28:28,31.62,50.57,25.00,20.00,0,0
2026-08-05 17:28:29,31.62,50.57,25.00,20.00,0,0
2026-08-05 17:28:30,31.62,50.57,25.00,20.00,0,0
2026-08-05 17:28:31,31.62,50.57,25.00,20.00,0,0
2026-08-05 17:28:32,31.62,50.57,25.00,20.00,0,0
2026-08-05 17:28:33,31.62,50.57,25.00,20.00,0,0
2026-08-05 17:28:34,31.62,50.57,25.00,20.00,0,0
2026-08-05 17:28:35,31.62,50.57,25.00,20.00,0,0
2026-08-05 17:28:36,31.62,50.57,25.00,20.00,0,0
2026-08-05 17:28:37,31.61,50.57,25.00,20.00,0,0
2026-08-05 17:28:38,31.62,50.57,25.00,20.00,0,0
2026-08-05 17:28:39,31.61,50.57,25.00,20.00,0,0
2026-08-05 17:28:40,31.61,50.57,25.00,20.00,0,0
2026-08-05 17:28:41,31.61,50.57,25.00,20.00,0,0
2026-08-05 17:28:42,31.61,50.57,25.00,20.00,0,0
2026-08-05 17:28:43,31.61,50.57,25.00,20.00,0,0
2026-08-05 17:28:44,31.61,50.57,25.00,20.00,0,0
2026-08-05 17:28:45,31.61,50.57,25.00,20.00,0,0
2026-08-05 17:28:46,31.61,50.57,25.00,20.00,0,0
2026-08-05 17:28:47,31.61,50.57,25.00,20.00,0,0
2026-08-05 17:28:48,31.61,50.57,25.00,20.00,0,0
2026-08-05 17:28:49,31.61,50.57,25.00,20.00,0,0
2026-08-05 17:28:50,31.61,50.57,25.00,20.00,0,0
2026-08-05 17:28:51,31.61,50.64,25.00,20.00,0,0
2026-08-05 17:28:52,31.61,50.57,25.00,20.00,0,0
2026-08-05 17:28:53,31.61,50.64,25.00,20.00,0,0
2026-08-05 17:28:54,31.61,50.64,25.00,20.00,0,0
2026-08-05 17:28:55,31.61,50.64,25.00,20.00,0,0
2026-08-05 17:28:56,31.61,50.64,25.00,20.00,0,0
2026-08-05 17:28:57,31.61,50.64,25.00,20.00,0,0
2026-08-05 17:28:58,31.61,50.64,25.00,20.00,0,0
2026-08-05 17:28:59,31.60,50.64,25.00,20.00,0,0
2026-08-05 17:29:00,31.60,50.64,25.00,20.00,0,0
2026-08-05 17:29:01,31.60,50.64,25.00,20.00,0,0
2026-08-05 17:29:02,31.60,50.64,25.00,20.00,0,0
2026-08-05 17:29:03,31.60,50.64,25.00,20.00,0,0
2026-08-05 17:29:04,31.60,50.64,25.00,20.00,0,0
2026-08-05 17:29:05,31.60,50.64,25.00,20.00,0,0
2026-08-05 17:29:06,31.60,50.64,25.00,20.00,0,0
2026-08-05 17:29:07,31.60,50.64,25.00,20.00,0,0
2026-08-05 17:29:08,31.60,50.64,25.00,20.00,0,0
2026-08-05 17:29:09,31.60,50.64,25.00,20.00,0,0
2026-08-05 17:29:10,31.59,50.64,25.00,20.00,0,0
2026-08-05 17:29:11,31.59,50.64,25.00,20.00,0,0
2026-08-05 17:29:12,31.60,50.64,25.00,20.00,0,0
2026-08-05 17:29:13,31.59,50.64,25.00,20.00,0,0
2026-08-05 17:29:14,31.59,50.64,25.00,20.00,0,0
2026-08-05 17:29:15,31.59,50.64,25.00,20.00,0,0
2026-08-05 17:29:16,31.59,50.64,25.00,20.00,0,0
2026-08-05 17:29:17,31.59,50.64,25.00,20.00,0,0
2026-08-05 17:29:18,31.59,50.64,25.00,20.00,0,0
2026-08-05 17:29:19,31.59,50.64,25.00,20.00,0,0
2026-08-05 17:29:20,31.59,50.64,25.00,20.00,0,0
2026-08-05 17:29:21,31.59,50.64,25.00,20.00,0,0
2026-08-05 17:29:22,31.59,50.64,25.00,20.00,0,0
2026-08-05 17:29:23,31.59,50.64,25.00,20.00,0,0
2026-08-05 17:29:24,31.59,50.64,25.00,20.00,0,0
2026-08-05 17:29:25,31.59,50.64,25.00,20.00,0,0
2026-08-05 17:29:26,31.59,50.64,25.00,20.00,0,0
2026-08-05 17:29:27,31.59,50.64,25.00,20.00,0,0
2026-08-05 17:29:28,31.59,50.64,25.00,20.00,0,0
2026-08-05 17:29:29,31.58,50.64,25.00,20.00,0,0
2026-08-05 17:29:30,31.58,50.64,25.00,20.00,0,0
2026-08-05 17:29:31,31.59,50.64,25.00,20.00,0,0
2026-08-05 17:29:32,31.59,50.64,25.00,20.00,0,0
2026-08-05 17:29:33,31.59,50.64,25.00,20.00,0,0
2026-08-05 17:29:34,31.58,50.64,25.00,20.00,0,0
2026-08-05 17:29:35,31.58,50.64,25.00,20.00,0,0
2026-08-05 17:29:36,31.58,50.64,25.00,20.00,0,0
2026-08-05 17:29:37,31.58,50.64,25.00,20.00,0,0
2026-08-05 17:29:38,31.58,50.64,25.00,20.00,0,0
2026-08-05 17:29:39,31.58,50.64,25.00,20.00,0,0
2026-08-05 17:29:40,31.58,50.62,25.00,20.00,0,0
2026-08-05 17:29:41,31.58,50.64,25.00,20.00,0,0
2026-08-05 17:29:42,31.58,50.64,25.00,20.00,0,0
2026-08-05 17:29:43,31.57,50.64,25.00,20.00,0,0
2026-08-05 17:29:44,31.58,50.62,25.00,20.00,0,0
2026-08-05 17:29:45,31.58,50.64,25.00,20.00,0,0
2026-08-05 17:29:46,31.58,50.62,25.00,20.00,0,0
2026-08-05 17:29:47,31.58,50.62,25.00,20.00,0,0
2026-08-05 17:29:48,31.57,50.62,25.00,20.00,0,0
2026-08-05 17:29:49,31.58,50.64,25.00,20.00,0,0
2026-08-05 17:29:50,31.58,50.62,25.00,20.00,0,0
2026-08-05 17:29:51,31.57,50.62,25.00,20.00,0,0
2026-08-05 17:29:52,31.57,50.62,25.00,20.00,0,0
2026-08-05 17:29:53,31.57,50.62,25.00,20.00,0,0
2026-08-05 17:29:54,31.57,50.62,25.00,20.00,0,0
2026-08-05 17:29:55,31.57,50.65,25.00,20.00,0,0
2026-08-05 17:29:56,31.57,50.65,25.00,20.00,0,0
2026-08-05 17:29:57,31.57,50.62,25.00,20.00,0,0
2026-08-05 17:29:58,31.57,50.62,25.00,20.00,0,0
2026-08-05 17:29:59,31.57,50.65,25.00,20.00,0,0
2026-08-05 17:30:00,31.56,50.65,25.00,20.00,0,0
2026-08-05 17:30:01,31.57,50.65,25.00,20.00,0,0
2026-08-05 17:30:02,31.57,50.65,25.00,20.00,0,0
2026-08-05 17:30:03,31.57,50.65,25.00,20.00,0,0
2026-08-05 17:30:04,31.56,50.65,25.00,20.00,0,0
2026-08-05 17:30:05,31.56,50.65,25.00,20.00,0,0
2026-08-05 17:30:06,31.57,50.65,25.00,20.00,0,0
2026-08-05 17:30:07,31.56,50.65,25.00,20.00,0,0
2026-08-05 17:30:08,31.56,50.65,25.00,20.00,0,0
2026-08-05 17:30:09,31.56,50.65,25.00,20.00,0,0
2026-08-05 17:30:10,31.56,50.65,25.00,20.00,0,0
2026-08-05 17:30:11,31.56,50.65,25.00,20.00,0,0
2026-08-05 17:30:12,31.56,50.65,25.00,20.00,0,0
2026-08-05 17:30:13,31.56,50.65,25.00,20.00,0,0
2026-08-05 17:30:14,31.56,50.65,25.00,20.00,0,0
2026-08-05 17:30:15,31.56,50.65,25.00,20.00,0,0
2026-08-05 17:30:16,31.56,50.65,25.00,20.00,0,0
2026-08-05 17:30:17,31.56,50.65,25.00,20.00,0,0
2026-08-05 17:30:18,31.56,50.65,25.00,20.00,0,0
2026-08-05 17:30:19,31.56,50.65,25.00,20.00,0,0
2026-08-05 17:30:20,31.55,50.65,25.00,20.00,0,0
2026-08-05 17:30:21,31.55,50.65,25.00,20.00,0,0
2026-08-05 17:30:22,31.55,50.65,25.00,20.00,0,0
2026-08-05 17:30:23,31.55,50.65,25.00,20.00,0,0
2026-08-05 17:30:24,31.55,50.65,25.00,20.00,0,0
2026-08-05 17:30:25,31.55,50.65,25.00,20.00,0,0
2026-08-05 17:30:26,31.55,50.65,25.00,20.00,0,0
2026-08-05 17:30:27,31.55,50.65,25.00,20.00,0,0
2026-08-05 17:30:28,31.55,50.65,25.00,20.00,0,0
2026-08-05 17:30:29,31.55,50.65,25.00,20.00,0,0
2026-08-05 17:30:30,31.55,50.65,25.00,20.00,0,0
2026-08-05 17:30:31,31.55,50.65,25.00,20.00,0,0
2026-08-05 17:30:32,31.55,50.65,25.00,20.00,0,0
2026-08-05 17:30:33,31.55,50.65,25.00,20.00,0,0
2026-08-05 17:30:34,31.55,50.65,25.00,20.00,0,0
2026-08-05 17:30:35,31.55,50.65,25.00,20.00,0,0
2026-08-05 17:30:36,31.55,50.65,25.00,20.00,0,0
2026-08-05 17:30:37,31.53,50.65,25.00,20.00,0,0
2026-08-05 17:30:38,31.53,50.65,25.00,20.00,0,0
2026-08-05 17:30:39,31.53,50.65,25.00,20.00,0,0
2026-08-05 17:30:40,31.53,50.65,25.00,20.00,0,0
2026-08-05 17:30:41,31.53,50.65,25.00,20.00,0,0
2026-08-05 17:30:42,31.53,50.65,25.00,20.00,0,0
2026-08-05 17:30:43,31.53,50.65,25.00,20.00,0,0
2026-08-05 17:30:44,31.53,50.65,25.00,20.00,0,0
2026-08-05 17:30:45,31.53,50.65,25.00,20.00,0,0
2026-08-05 17:30:46,31.53,50.65,25.00,20.00,0,0
2026-08-05 17:30:47,31.53,50.65,25.00,20.00,0,0
2026-08-05 17:30:48,31.53,50.65,25.00,20.00,0,0
2026-08-05 17:30:49,31.53,50.65,25.00,20.00,0,0
2026-08-05 17:30:50,31.53,50.65,25.00,20.00,0,0
2026-08-05 17:30:51,31.53,50.65,25.00,20.00,0,0
2026-08-05 17:30:52,31.52,50.65,25.00,20.00,0,0
2026-08-05 17:30:53,31.53,50.65,25.00,20.00,0,0
2026-08-05 17:30:54,31.52,50.65,25.00,20.00,0,0
2026-08-05 17:30:55,31.52,50.65,25.00,20.00,0,0
2026-08-05 17:30:56,31.52,50.65,25.00,20.00,0,0
2026-08-05 17:30:57,31.52,50.65,25.00,20.00,0,0
2026-08-05 17:30:58,31.52,50.65,25.00,20.00,0,0
2026-08-05 17:30:59,31.52,50.65,25.00,20.00,0,0
2026-08-05 17:31:00,31.52,50.65,25.00,20.00,0,0
2026-08-05 17:31:01,31.52,50.65,25.00,20.00,0,0
2026-08-05 17:31:02,31.52,50.69,25.00,20.00,0,0
2026-08-05 17:31:03,31.52,50.69,25.00,20.00,0,0
2026-08-05 17:31:04,31.52,50.69,25.00,20.00,0,0
2026-08-05 17:31:05,31.52,50.69,25.00,20.00,0,0
2026-08-05 17:31:06,31.52,50.69,25.00,20.00,0,0
2026-08-05 17:31:07,31.52,50.69,25.00,20.00,0,0
2026-08-05 17:31:08,31.52,50.69,25.00,20.00,0,0
2026-08-05 17:31:09,31.52,50.69,25.00,20.00,0,0
2026-08-05 17:31:10,31.52,50.69,25.00,20.00,0,0
2026-08-05 17:31:11,31.51,50.69,25.00,20.00,0,0
2026-08-05 17:31:12,31.52,50.69,25.00,20.00,0,0
2026-08-05 17:31:13,31.52,50.69,25.00,20.00,0,0
2026-08-05 17:31:14,31.51,50.69,25.00,20.00,0,0
2026-08-05 17:31:15,31.52,50.69,25.00,20.00,0,0
2026-08-05 17:31:16,31.52,50.69,25.00,20.00,0,0
2026-08-05 17:31:17,31.52,50.69,25.00,20.00,0,0
2026-08-05 17:31:18,31.51,50.69,25.00,20.00,0,0
2026-08-05 17:31:19,31.51,50.69,25.00,20.00,0,0
2026-08-05 17:31:20,31.51,50.69,25.00,20.00,0,0
2026-08-05 17:31:21,31.51,50.69,25.00,20.00,0,0
2026-08-05 17:31:22,31.51,50.69,25.00,20.00,0,0
2026-08-05 17:31:23,31.51,50.69,25.00,20.00,0,0
2026-08-05 17:31:24,31.51,50.69,25.00,20.00,0,0
2026-08-05 17:31:25,31.51,50.69,25.00,20.00,0,0
2026-08-05 17:31:26,31.50,50.69,25.00,20.00,0,0
2026-08-05 17:31:27,31.51,50.69,25.00,20.00,0,0
2026-08-05 17:31:28,31.50,50.69,25.00,20.00,0,0
2026-08-05 17:31:29,31.50,50.69,25.00,20.00,0,0
2026-08-05 17:31:30,31.50,50.69,25.00,20.00,0,0
2026-08-05 17:31:31,31.50,50.69,25.00,20.00,0,0
2026-08-05 17:31:32,31.51,50.69,25.00,20.00,0,0
2026-08-05 17:31:33,31.50,50.69,25.00,20.00,0,0
2026-08-05 17:31:34,31.50,50.69,25.00,20.00,0,0
2026-08-05 17:31:35,31.50,50.69,25.00,20.00,0,0
2026-08-05 17:31:36,31.50,50.69,25.00,20.00,0,0
2026-08-05 17:31:37,31.50,50.69,25.00,20.00,0,0
2026-08-05 17:31:38,31.50,50.69,25.00,20.00,0,0
2026-08-05 17:31:39,31.50,50.69,25.00,20.00,0,0
2026-08-05 17:31:40,31.50,50.69,25.00,20.00,0,0
2026-08-05 17:31:41,31.50,50.69,25.00,20.00,0,0
2026-08-05 17:31:42,31.50,50.69,25.00,20.00,0,0
2026-08-05 17:31:43,31.50,50.69,25.00,20.00,0,0
2026-08-05 17:31:44,31.49,50.69,25.00,20.00,0,0
2026-08-05 17:31:45,31.50,50.69,25.00,20.00,0,0
2026-08-05 17:31:46,31.50,50.69,25.00,20.00,0,0
2026-08-05 17:31:47,31.49,50.69,25.00,20.00,0,0
2026-08-05 17:31:48,31.50,50.69,25.00,20.00,0,0
2026-08-05 17:31:49,31.49,50.69,25.00,20.00,0,0
2026-08-05 17:31:50,31.49,50.69,25.00,20.00,0,0
2026-08-05 17:31:51,31.49,50.69,25.00,20.00,0,0
2026-08-05 17:31:52,31.49,50.69,25.00,20.00,0,0
2026-08-05 17:31:53,31.49,50.69,25.00,20.00,0,0
2026-08-05 17:31:54,31.49,50.69,25.00,20.00,0,0
2026-08-05 17:31:55,31.49,50.69,25.00,20.00,0,0
2026-08-05 17:31:56,31.49,50.69,25.00,20.00,0,0
2026-08-05 17:31:57,31.49,50.69,25.00,20.00,0,0
2026-08-05 17:31:58,31.49,50.69,25.00,20.00,0,0
2026-08-05 17:31:59,31.49,50.69,25.00,20.00,0,0
2026-08-05 17:32:00,31.49,50.69,25.00,20.00,0,0
2026-08-05 17:32:01,31.48,50.69,25.00,20.00,0,0
2026-08-05 17:32:02,31.48,50.69,25.00,20.00,0,0
2026-08-05 17:32:03,31.49,50.69,25.00,20.00,0,0
2026-08-05 17:32:04,31.49,50.69,25.00,20.00,0,0
2026-08-05 17:32:05,31.48,50.69,25.00,20.00,0,0
2026-08-05 17:32:06,31.49,50.69,25.00,20.00,0,0
2026-08-05 17:32:07,31.49,50.69,25.00,20.00,0,0
2026-08-05 17:32:08,31.48,50.69,25.00,20.00,0,0
2026-08-05 17:32:09,31.48,50.69,25.00,20.00,0,0
2026-08-05 17:32:10,31.48,50.69,25.00,20.00,0,0
2026-08-05 17:32:11,31.48,50.72,25.00,20.00,0,0
2026-08-05 17:32:12,31.48,50.69,25.00,20.00,0,0
2026-08-05 17:32:13,31.48,50.69,25.00,20.00,0,0
2026-08-05 17:32:14,31.48,50.72,25.00,20.00,0,0
2026-08-05 17:32:15,31.48,50.72,25.00,20.00,0,0
2026-08-05 17:32:16,31.48,50.72,25.00,20.00,0,0
2026-08-05 17:32:17,31.48,50.72,25.00,20.00,0,0
2026-08-05 17:32:18,31.48,50.72,25.00,20.00,0,0
2026-08-05 17:32:19,31.48,50.72,25.00,20.00,0,0
2026-08-05 17:32:20,31.48,50.72,25.00,20.00,0,0
2026-08-05 17:32:21,31.48,50.72,25.00,20.00,0,0
2026-08-05 17:32:22,31.48,50.72,25.00,20.00,0,0
2026-08-05 17:32:23,31.47,50.72,25.00,20.00,0,0
2026-08-05 17:32:24,31.48,50.72,25.00,20.00,0,0
2026-08-05 17:32:25,31.47,50.72,25.00,20.00,0,0
2026-08-05 17:32:26,31.47,50.72,25.00,20.00,0,0
2026-08-05 17:32:27,31.47,50.72,25.00,20.00,0,0
2026-08-05 17:32:28,31.48,50.72,25.00,20.00,0,0
2026-08-05 17:32:29,31.47,50.72,25.00,20.00,0,0
2026-08-05 17:32:30,31.47,50.72,25.00,20.00,0,0
2026-08-05 17:32:31,31.47,50.76,25.00,20.00,0,0
2026-08-05 17:32:32,31.47,50.72,25.00,20.00,0,0
2026-08-05 17:32:33,31.47,50.72,25.00,20.00,0,0
2026-08-05 17:32:34,31.47,50.72,25.00,20.00,0,0
2026-08-05 17:32:35,31.47,50.72,25.00,20.00,0,0
2026-08-05 17:32:36,31.47,50.72,25.00,20.00,0,0
2026-08-05 17:32:37,31.47,50.72,25.00,20.00,0,0
2026-08-05 17:32:39,31.47,50.72,25.00,20.00,0,0
2026-08-05 17:32:40,31.46,50.72,25.00,20.00,0,0
2026-08-05 17:32:41,31.46,50.72,25.00,20.00,0,0
2026-08-05 17:32:42,31.47,50.72,25.00,20.00,0,0
2026-08-05 17:32:43,31.47,50.72,25.00,20.00,0,0
2026-08-05 17:32:44,31.46,50.72,25.00,20.00,0,0
2026-08-05 17:32:45,31.46,50.72,25.00,20.00,0,0
2026-08-05 17:32:46,31.47,50.72,25.00,20.00,0,0
2026-08-05 17:32:47,31.47,50.72,25.00,20.00,0,0
2026-08-05 17:32:48,31.46,50.72,25.00,20.00,0,0
2026-08-05 17:32:49,31.46,50.72,25.00,20.00,0,0
2026-08-05 17:32:50,31.46,50.72,25.00,20.00,0,0
2026-08-05 17:32:51,31.46,50.72,25.00,20.00,0,0
2026-08-05 17:32:52,31.46,50.72,25.00,20.00,0,0
2026-08-05 17:32:53,31.46,50.72,25.00,20.00,0,0
2026-08-05 17:32:54,31.46,50.72,25.00,20.00,0,0
2026-08-05 17:32:55,31.46,50.72,25.00,20.00,0,0
2026-08-05 17:32:56,31.46,50.72,25.00,20.00,0,0
2026-08-05 17:32:57,31.46,50.72,25.00,20.00,0,0
2026-08-05 17:32:58,31.46,50.72,25.00,20.00,0,0
2026-08-05 17:32:59,31.46,50.72,25.00,20.00,0,0
2026-08-05 17:33:00,31.45,50.72,25.00,20.00,0,0
2026-08-05 17:33:01,31.46,50.72,25.00,20.00,0,0
2026-08-05 17:33:02,31.46,50.72,25.00,20.00,0,0
2026-08-05 17:33:03,31.45,50.72,25.00,20.00,0,0
2026-08-05 17:33:04,31.45,50.72,25.00,20.00,0,0
2026-08-05 17:33:05,31.45,50.72,25.00,20.00,0,0
2026-08-05 17:33:06,31.45,50.72,25.00,20.00,0,0
2026-08-05 17:33:07,31.45,50.76,25.00,20.00,0,0
2026-08-05 17:33:08,31.45,50.76,25.00,20.00,0,0
2026-08-05 17:33:09,31.45,50.76,25.00,20.00,0,0
2026-08-05 17:33:10,31.45,50.76,25.00,20.00,0,0
2026-08-05 17:33:11,31.44,50.76,25.00,20.00,0,0
2026-08-05 17:33:12,31.45,50.76,25.00,20.00,0,0
2026-08-05 17:33:13,31.45,50.76,25.00,20.00,0,0
2026-08-05 17:33:14,31.45,50.76,25.00,20.00,0,0
2026-08-05 17:33:15,31.45,50.76,25.00,20.00,0,0
2026-08-05 17:33:16,31.45,50.76,25.00,20.00,0,0
2026-08-05 17:33:17,31.45,50.76,25.00,20.00,0,0
2026-08-05 17:33:18,31.45,50.76,25.00,20.00,0,0
2026-08-05 17:33:19,31.44,50.76,25.00,20.00,0,0
2026-08-05 17:33:20,31.44,50.76,25.00,20.00,0,0
2026-08-05 17:33:21,31.44,50.76,25.00,20.00,0,0
2026-08-05 17:33:22,31.44,50.76,25.00,20.00,0,0
2026-08-05 17:33:23,31.44,50.76,25.00,20.00,0,0
2026-08-05 17:33:24,31.44,50.76,25.00,20.00,0,0
2026-08-05 17:33:25,31.44,50.76,25.00,20.00,0,0
2026-08-05 17:33:26,31.44,50.76,25.00,20.00,0,0
2026-08-05 17:33:27,31.44,50.76,25.00,20.00,0,0
2026-08-05 17:33:28,31.44,50.72,25.00,20.00,0,0
2026-08-05 17:33:29,31.44,50.76,25.00,20.00,0,0
2026-08-05 17:33:30,31.44,50.76,25.00,20.00,0,0
2026-08-05 17:33:31,31.44,50.76,25.00,20.00,0,0
2026-08-05 17:33:32,31.44,50.76,25.00,20.00,0,0
2026-08-05 17:33:33,31.44,50.76,25.00,20.00,0,0
2026-08-05 17:33:34,31.44,50.76,25.00,20.00,0,0
2026-08-05 17:33:35,31.44,50.76,25.00,20.00,0,0
2026-08-05 17:33:36,31.44,50.76,25.00,20.00,0,0
2026-08-05 17:33:37,31.44,50.76,25.00,20.00,0,0
2026-08-05 17:33:38,31.44,50.76,25.00,20.00,0,0
2026-08-05 17:33:39,31.44,50.76,25.00,20.00,0,0
2026-08-05 17:33:40,31.43,50.76,25.00,20.00,0,0
2026-08-05 17:33:41,31.43,50.76,25.00,20.00,0,0
2026-08-05 17:33:42,31.43,50.76,25.00,20.00,0,0
2026-08-05 17:33:43,31.43,50.76,25.00,20.00,0,0
2026-08-05 17:33:44,31.43,50.76,25.00,20.00,0,0
2026-08-05 17:33:45,31.43,50.76,25.00,20.00,0,0
2026-08-05 17:33:46,31.43,50.76,25.00,20.00,0,0
2026-08-05 17:33:47,31.43,50.76,25.00,20.00,0,0
2026-08-05 17:33:48,31.43,50.76,25.00,20.00,0,0
2026-08-05 17:33:49,31.43,50.76,25.00,20.00,0,0
2026-08-05 17:33:50,31.43,50.76,25.00,20.00,0,0
2026-08-05 17:33:51,31.43,50.76,25.00,20.00,0,0
2026-08-05 17:33:52,31.43,50.76,25.00,20.00,0,0
2026-08-05 17:33:53,31.43,50.76,25.00,20.00,0,0
2026-08-05 17:33:54,31.43,50.76,25.00,20.00,0,0
2026-08-05 17:33:55,31.42,50.72,25.00,20.00,0,0
2026-08-05 17:33:56,31.43,50.76,25.00,20.00,0,0
2026-08-05 17:33:57,31.42,50.72,25.00,20.00,0,0
2026-08-05 17:33:58,31.43,50.72,25.00,20.00,0,0
2026-08-05 17:33:59,31.43,50.72,25.00,20.00,0,0
2026-08-05 17:34:00,31.42,50.76,25.00,20.00,0,0
2026-08-05 17:34:01,31.42,50.72,25.00,20.00,0,0
2026-08-05 17:34:02,31.43,50.72,25.00,20.00,0,0
2026-08-05 17:34:03,31.42,50.72,25.00,20.00,0,0
2026-08-05 17:34:04,31.43,50.72,25.00,20.00,0,0
2026-08-05 17:34:05,31.42,50.76,25.00,20.00,0,0
2026-08-05 17:34:06,31.42,50.72,25.00,20.00,0,0
2026-08-05 17:34:07,31.42,50.72,25.00,20.00,0,0
2026-08-05 17:34:08,31.42,50.72,25.00,20.00,0,0
2026-08-05 17:34:09,31.42,50.76,25.00,20.00,0,0
2026-08-05 17:34:10,31.42,50.73,25.00,20.00,0,0
2026-08-05 17:34:11,31.42,50.73,25.00,20.00,0,0
2026-08-05 17:34:12,31.42,50.73,25.00,20.00,0,0
2026-08-05 17:34:13,31.42,50.76,25.00,20.00,0,0
2026-08-05 17:34:14,31.42,50.76,25.00,20.00,0,0
2026-08-05 17:34:15,31.42,50.76,25.00,20.00,0,0
2026-08-05 17:34:16,31.42,50.73,25.00,20.00,0,0
2026-08-05 17:34:17,31.42,50.76,25.00,20.00,0,0
2026-08-05 17:34:18,31.42,50.73,25.00,20.00,0,0
2026-08-05 17:34:19,31.41,50.76,25.00,20.00,0,0
2026-08-05 17:34:20,31.42,50.76,25.00,20.00,0,0
2026-08-05 17:34:21,31.41,50.73,25.00,20.00,0,0
2026-08-05 17:34:22,31.41,50.73,25.00,20.00,0,0
2026-08-05 17:34:23,31.41,50.73,25.00,20.00,0,0
2026-08-05 17:35:59,31.34,50.77,25.00,20.00,0,0
2026-08-05 17:36:00,31.35,50.77,25.00,20.00,0,0
2026-08-05 17:36:01,31.35,50.77,25.00,20.00,0,0
2026-08-05 17:36:02,31.34,50.77,25.00,20.00,0,0
2026-08-05 17:36:03,31.34,50.77,25.00,20.00,0,0
2026-08-05 17:36:04,31.34,50.73,25.00,20.00,0,0
2026-08-05 17:36:05,31.34,50.77,25.00,20.00,0,0
2026-08-05 17:36:06,31.34,50.77,25.00,20.00,0,0
2026-08-05 17:36:07,31.34,50.77,25.00,20.00,0,0
2026-08-05 17:36:08,31.34,50.73,25.00,20.00,0,0
