Timestamp,Temperature,Humidity,Setpoint_Temperature,Setpoint_Humidity,Heater,Humidifier
2026-08-05 15:00:20,40.00,37.21,25.00,20.00,0,0
2026-08-05 15:00:21,39.98,37.21,25.00,20.00,0,0
2026-08-05 15:00:22,39.96,37.25,25.00,20.00,0,0
2026-08-05 15:00:23,39.94,37.25,25.00,20.00,0,0
2026-08-05 15:00:24,39.94,37.29,25.00,20.00,0,0
2026-08-05 15:00:25,39.92,37.29,25.00,20.00,0,0
2026-08-05 15:00:26,39.91,37.32,25.00,20.00,0,0
2026-08-05 15:00:27,39.89,37.40,25.00,20.00,0,0
2026-08-05 15:00:28,39.87,37.43,25.00,20.00,0,0
2026-08-05 15:00:29,39.86,37.43,25.00,20.00,0,0
2026-08-05 15:00:30,39.84,37.47,25.00,20.00,0,0
2026-08-05 15:00:31,39.81,37.47,25.00,20.00,0,0
2026-08-05 15:00:32,39.80,37.50,25.00,20.00,0,0
2026-08-05 15:00:33,39.79,37.48,25.00,20.00,0,0
2026-08-05 15:00:34,39.77,37.51,25.00,20.00,0,0
2026-08-05 15:00:35,39.75,37.51,25.00,20.00,0,0
2026-08-05 15:00:36,39.73,37.55,25.00,20.00,0,0
2026-08-05 15:00:37,39.71,37.55,25.00,20.00,0,0
2026-08-05 15:00:38,39.69,37.58,25.00,20.00,0,0
2026-08-05 15:00:39,39.69,37.58,25.00,20.00,0,0
2026-08-05 15:00:40,39.66,37.62,25.00,20.00,0,0
2026-08-05 15:00:41,39.63,37.66,25.00,20.00,0,0
2026-08-05 15:00:42,39.61,37.69,25.00,20.00,0,0
2026-08-05 15:00:43,39.59,37.70,25.00,20.00,0,0
2026-08-05 15:00:44,39.57,37.73,25.00,20.00,0,0
2026-08-05 15:00:45,39.55,37.77,25.00,20.00,0,0
2026-08-05 15:00:46,39.52,37.80,25.00,20.00,0,0
2026-08-05 15:00:47,39.49,37.84,25.00,20.00,0,0
2026-08-05 15:00:48,39.48,37.87,25.00,20.00,0,0
2026-08-05 15:00:49,39.46,37.91,25.00,20.00,0,0
2026-08-05 15:00:50,39.44,37.93,25.00,20.00,0,0
2026-08-05 15:00:51,39.41,37.96,25.00,20.00,0,0
2026-08-05 15:00:52,39.39,37.99,25.00,20.00,0,0
2026-08-05 15:00:53,39.37,38.03,25.00,20.00,0,0
2026-08-05 15:00:54,39.34,38.06,25.00,20.00,0,0
2026-08-05 15:00:55,39.32,38.13,25.00,20.00,0,0
2026-08-05 15:00:56,39.31,38.20,25.00,20.00,0,0
2026-08-05 15:00:57,39.28,38.20,25.00,20.00,0,0
2026-08-05 15:00:58,39.26,38.21,25.00,20.00,0,0
2026-08-05 15:00:59,39.24,38.25,25.00,20.00,0,0
2026-08-05 15:01:00,39.21,38.28,25.00,20.00,0,0
2026-08-05 15:01:01,39.19,38.32,25.00,20.00,0,0
2026-08-05 15:01:02,39.16,38.35,25.00,20.00,0,0
2026-08-05 15:01:03,39.14,38.39,25.00,20.00,0,0
2026-08-05 15:01:04,39.12,38.46,25.00,20.00,0,0
2026-08-05 15:01:05,39.10,38.49,25.00,20.00,0,0
2026-08-05 15:01:06,39.07,38.50,25.00,20.00,0,0
2026-08-05 15:01:07,39.05,38.54,25.00,20.00,0,0
2026-08-05 15:01:08,39.03,38.57,25.00,20.00,0,0
2026-08-05 15:01:09,39.00,38.61,25.00,20.00,0,0
2026-08-05 15:01:10,38.98,38.64,25.00,20.00,0,0
2026-08-05 15:01:11,38.96,38.68,25.00,20.00,0,0
2026-08-05 15:01:12,38.94,38.72,25.00,20.00,0,0
2026-08-05 15:01:13,38.91,38.73,25.00,20.00,0,0
2026-08-05 15:01:14,38.89,38.76,25.00,20.00,0,0
2026-08-05 15:01:15,38.87,38.79,25.00,20.00,0,0
2026-08-05 15:01:16,38.84,38.83,25.00,20.00,0,0
2026-08-05 15:01:17,38.82,38.90,25.00,20.00,0,0
2026-08-05 15:01:18,38.78,38.93,25.00,20.00,0,0
2026-08-05 15:01:19,38.76,38.97,25.00,20.00,0,0
2026-08-05 15:01:20,38.76,39.00,25.00,20.00,0,0
2026-08-05 15:01:21,38.75,39.07,25.00,20.00,0,0
2026-08-05 15:01:22,38.72,39.08,25.00,20.00,0,0
2026-08-05 15:01:23,38.69,39.12,25.00,20.00,0,0
2026-08-05 15:01:24,38.67,39.15,25.00,20.00,0,0
2026-08-05 15:01:25,38.63,39.19,25.00,20.00,0,0
2026-08-05 15:01:26,38.61,39.23,25.00,20.00,0,0
2026-08-05 15:01:27,38.59,39.26,25.00,20.00,0,0
2026-08-05 15:01:28,38.57,39.28,25.00,20.00,0,0
2026-08-05 15:01:29,38.55,39.31,25.00,20.00,0,0
2026-08-05 15:01:30,38.53,39.34,25.00,20.00,0,0
2026-08-05 15:01:31,38.51,39.37,25.00,20.00,0,0
2026-08-05 15:01:32,38.47,39.41,25.00,20.00,0,0
2026-08-05 15:01:33,38.45,39.44,25.00,20.00,0,0
2026-08-05 15:01:34,38.43,39.48,25.00,20.00,0,0
2026-08-05 15:01:35,38.41,39.51,25.00,20.00,0,0
2026-08-05 15:01:36,38.39,39.53,25.00,20.00,0,0
2026-08-05 15:01:37,38.37,39.60,25.00,20.00,0,0
2026-08-05 15:01:38,38.35,39.66,25.00,20.00,0,0
2026-08-05 15:01:39,38.32,39.70,25.00,20.00,0,0
2026-08-05 15:01:40,38.29,39.70,25.00,20.00,0,0
2026-08-05 15:01:41,38.27,39.74,25.00,20.00,0,0
2026-08-05 15:01:42,38.25,39.77,25.00,20.00,0,0
2026-08-05 15:01:43,38.23,39.79,25.00,20.00,0,0
2026-08-05 15:01:44,38.21,39.82,25.00,20.00,0,0
2026-08-05 15:01:45,38.20,39.86,25.00,20.00,0,0
2026-08-05 15:01:46,38.16,39.89,25.00,20.00,0,0
2026-08-05 15:01:47,38.14,39.92,25.00,20.00,0,0
2026-08-05 15:01:48,38.13,39.99,25.00,20.00,0,0
2026-08-05 15:01:49,38.11,40.03,25.00,20.00,0,0
2026-08-05 15:01:50,38.09,40.06,25.00,20.00,0,0
2026-08-05 15:01:51,38.08,40.08,25.00,20.00,0,0
2026-08-05 15:01:52,38.06,40.11,25.00,20.00,0,0
2026-08-05 15:01:53,38.02,40.15,25.00,20.00,0,0
2026-08-05 15:01:54,38.01,40.18,25.00,20.00,0,0
2026-08-05 15:01:55,37.99,40.21,25.00,20.00,0,0
2026-08-05 15:01:56,37.97,40.25,25.00,20.00,0,0
2026-08-05 15:01:57,37.95,40.28,25.00,20.00,0,0
2026-08-05 15:01:58,37.93,40.32,25.00,20.00,0,0
2026-08-05 15:01:59,37.91,40.37,25.00,20.00,0,0
2026-08-05 15:02:00,37.88,40.40,25.00,20.00,0,0
2026-08-05 15:02:01,37.85,40.44,25.00,20.00,0,0
2026-08-05 15:02:02,37.85,40.44,25.00,20.00,0,0
2026-08-05 15:02:03,37.83,40.47,25.00,20.00,0,0
2026-08-05 15:02:04,37.81,40.50,25.00,20.00,0,0
2026-08-05 15:02:05,37.78,40.53,25.00,20.00,0,0
2026-08-05 15:02:06,37.76,40.57,25.00,20.00,0,0
2026-08-05 15:02:07,37.74,40.60,25.00,20.00,0,0
2026-08-05 15:02:08,37.72,40.66,25.00,20.00,0,0
2026-08-05 15:02:09,37.70,40.66,25.00,20.00,0,0
2026-08-05 15:02:10,37.68,40.73,25.00,20.00,0,0
2026-08-05 15:02:11,37.67,40.76,25.00,20.00,0,0
2026-08-05 15:02:12,37.65,40.79,25.00,20.00,0,0
2026-08-05 15:02:13,37.63,40.79,25.00,20.00,0,0
2026-08-05 15:02:14,37.61,40.82,25.00,20.00,0,0
2026-08-05 15:02:15,37.58,40.86,25.00,20.00,0,0
2026-08-05 15:02:16,37.57,40.88,25.00,20.00,0,0
2026-08-05 15:02:17,37.54,40.91,25.00,20.00,0,0
2026-08-05 15:02:18,37.53,40.95,25.00,20.00,0,0
2026-08-05 15:02:19,37.51,40.98,25.00,20.00,0,0
2026-08-05 15:02:20,37.49,41.01,25.00,20.00,0,0
2026-08-05 15:02:21,37.47,41.05,25.00,20.00,0,0
2026-08-05 15:02:22,37.45,41.08,25.00,20.00,0,0
2026-08-05 15:02:23,37.43,41.15,25.00,20.00,0,0
2026-08-05 15:02:24,37.41,41.18,25.00,20.00,0,0
2026-08-05 15:02:25,37.40,41.22,25.00,20.00,0,0
2026-08-05 15:02:26,37.39,41.22,25.00,20.00,0,0
2026-08-05 15:02:27,37.37,41.23,25.00,20.00,0,0
2026-08-05 15:02:28,37.35,41.27,25.00,20.00,0,0
2026-08-05 15:02:29,37.33,41.30,25.00,20.00,0,0
2026-08-05 15:02:30,37.30,41.34,25.00,20.00,0,0
2026-08-05 15:02:31,37.29,41.37,25.00,20.00,0,0
2026-08-05 15:02:32,37.27,41.40,25.00,20.00,0,0
2026-08-05 15:02:33,37.25,41.43,25.00,20.00,0,0
2026-08-05 15:02:34,37.24,41.47,25.00,20.00,0,0
2026-08-05 15:02:35,37.22,41.49,25.00,20.00,0,0
2026-08-05 15:02:36,37.21,41.52,25.00,20.00,0,0
2026-08-05 15:02:37,37.19,41.56,25.00,20.00,0,0
2026-08-05 15:02:38,37.17,41.59,25.00,20.00,0,0
2026-08-05 15:02:39,37.15,41.63,25.00,20.00,0,0
2026-08-05 15:02:40,37.13,41.66,25.00,20.00,0,0
2026-08-05 15:02:41,37.12,41.69,25.00,20.00,0,0
2026-08-05 15:02:42,37.10,41.69,25.00,20.00,0,0
2026-08-05 15:02:43,37.08,41.72,25.00,20.00,0,0
2026-08-05 15:02:44,37.07,41.76,25.00,20.00,0,0
2026-08-05 15:02:45,37.05,41.79,25.00,20.00,0,0
2026-08-05 15:02:46,37.04,41.84,25.00,20.00,0,0
2026-08-05 15:02:47,37.02,41.84,25.00,20.00,0,0
2026-08-05 15:02:48,36.99,41.88,25.00,20.00,0,0
2026-08-05 15:02:49,36.98,41.91,25.00,20.00,0,0
2026-08-05 15:02:50,36.97,41.95,25.00,20.00,0,0
2026-08-05 15:02:51,36.95,41.98,25.00,20.00,0,0
2026-08-05 15:02:52,36.94,42.01,25.00,20.00,0,0
2026-08-05 15:02:53,36.92,42.04,25.00,20.00,0,0
2026-08-05 15:02:54,36.91,42.08,25.00,20.00,0,0
2026-08-05 15:02:55,36.88,42.08,25.00,20.00,0,0
2026-08-05 15:02:56,36.87,42.10,25.00,20.00,0,0
2026-08-05 15:02:57,36.84,42.13,25.00,20.00,0,0
2026-08-05 15:02:58,36.82,42.17,25.00,20.00,0,0
2026-08-05 15:02:59,36.81,42.20,25.00,20.00,0,0
2026-08-05 15:03:00,36.80,42.20,25.00,20.00,0,0
2026-08-05 15:03:01,36.79,42.24,25.00,20.00,0,0
2026-08-05 15:03:02,36.78,42.27,25.00,20.00,0,0
2026-08-05 15:03:03,36.76,42.30,25.00,20.00,0,0
2026-08-05 15:03:04,36.74,42.33,25.00,20.00,0,0
2026-08-05 15:03:05,36.73,42.37,25.00,20.00,0,0
2026-08-05 15:03:06,36.71,42.40,25.00,20.00,0,0
2026-08-05 15:03:07,36.71,42.40,25.00,20.00,0,0
2026-08-05 15:03:08,36.68,42.42,25.00,20.00,0,0
2026-08-05 15:03:09,36.67,42.45,25.00,20.00,0,0
2026-08-05 15:03:10,36.66,42.49,25.00,20.00,0,0
2026-08-05 15:03:11,36.65,42.52,25.00,20.00,0,0
2026-08-05 15:03:12,36.63,42.52,25.00,20.00,0,0
2026-08-05 15:03:13,36.62,42.56,25.00,20.00,0,0
2026-08-05 15:03:14,36.61,42.62,25.00,20.00,0,0
2026-08-05 15:03:15,36.60,42.66,25.00,20.00,0,0
2026-08-05 15:03:16,36.58,42.66,25.00,20.00,0,0
2026-08-05 15:03:17,36.56,42.69,25.00,20.00,0,0
2026-08-05 15:03:18,36.54,42.72,25.00,20.00,0,0
2026-08-05 15:03:19,36.53,42.74,25.00,20.00,0,0
2026-08-05 15:03:20,36.52,42.77,25.00,20.00,0,0
2026-08-05 15:03:21,36.51,42.77,25.00,20.00,0,0
2026-08-05 15:03:22,36.49,42.80,25.00,20.00,0,0
2026-08-05 15:03:23,36.48,42.84,25.00,20.00,0,0
2026-08-05 15:03:24,36.47,42.87,25.00,20.00,0,0
2026-08-05 15:03:25,36.46,42.91,25.00,20.00,0,0
2026-08-05 15:03:26,36.44,42.91,25.00,20.00,0,0
2026-08-05 15:03:27,36.43,42.94,25.00,20.00,0,0
2026-08-05 15:03:28,36.41,42.94,25.00,20.00,0,0
2026-08-05 15:03:29,36.39,42.98,25.00,20.00,0,0
2026-08-05 15:03:30,36.38,43.01,25.00,20.00,0,0
2026-08-05 15:03:31,36.37,43.01,25.00,20.00,0,0
2026-08-05 15:03:32,36.36,43.04,25.00,20.00,0,0
2026-08-05 15:03:33,36.34,43.06,25.00,20.00,0,0
2026-08-05 15:03:34,36.33,43.09,25.00,20.00,0,0
2026-08-05 15:03:35,36.32,43.13,25.00,20.00,0,0
2026-08-05 15:03:36,36.31,43.13,25.00,20.00,0,0
2026-08-05 15:03:37,36.30,43.16,25.00,20.00,0,0
2026-08-05 15:03:38,36.28,43.20,25.00,20.00,0,0
2026-08-05 15:03:39,36.26,43.20,25.00,20.00,0,0
2026-08-05 15:03:40,36.25,43.23,25.00,20.00,0,0
2026-08-05 15:03:41,36.24,43.27,25.00,20.00,0,0
2026-08-05 15:03:42,36.22,43.30,25.00,20.00,0,0
2026-08-05 15:03:43,36.21,43.30,25.00,20.00,0,0
2026-08-05 15:03:44,36.20,43.34,25.00,20.00,0,0
2026-08-05 15:03:45,36.19,43.34,25.00,20.00,0,0
2026-08-05 15:03:46,36.18,43.38,25.00,20.00,0,0
2026-08-05 15:03:47,36.17,43.41,25.00,20.00,0,0
2026-08-05 15:03:48,36.16,43.45,25.00,20.00,0,0
2026-08-05 15:03:49,36.15,43.48,25.00,20.00,0,0
2026-08-05 15:03:50,36.13,43.48,25.00,20.00,0,0
2026-08-05 15:03:51,36.11,43.52,25.00,20.00,0,0
2026-08-05 15:03:52,36.10,43.52,25.00,20.00,0,0
2026-08-05 15:03:53,36.09,43.55,25.00,20.00,0,0
2026-08-05 15:03:54,36.08,43.55,25.00,20.00,0,0
2026-08-05 15:03:55,36.06,43.59,25.00,20.00,0,0
2026-08-05 15:03:56,36.04,43.62,25.00,20.00,0,0
2026-08-05 15:03:57,36.03,43.62,25.00,20.00,0,0
2026-08-05 15:03:58,36.03,43.65,25.00,20.00,0,0
2026-08-05 15:03:59,36.02,43.66,25.00,20.00,0,0
2026-08-05 15:04:00,36.02,43.66,25.00,20.00,0,0
2026-08-05 15:04:01,36.02,43.70,25.00,20.00,0,0
2026-08-05 15:04:02,36.02,43.73,25.00,20.00,0,0
2026-08-05 15:04:03,36.02,43.73,25.00,20.00,0,0
2026-08-05 15:04:04,36.02,43.77,25.00,20.00,0,0
2026-08-05 15:04:05,36.00,43.80,25.00,20.00,0,0
2026-08-05 15:04:06,35.96,43.80,25.00,20.00,0,0
2026-08-05 15:04:07,35.95,43.83,25.00,20.00,0,0
2026-08-05 15:04:08,35.94,43.87,25.00,20.00,0,0
2026-08-05 15:04:09,35.93,43.87,25.00,20.00,0,0
2026-08-05 15:04:10,35.92,43.90,25.00,20.00,0,0
2026-08-05 15:04:11,35.91,43.90,25.00,20.00,0,0
2026-08-05 15:04:12,35.89,43.94,25.00,20.00,0,0
2026-08-05 15:04:13,35.89,43.94,25.00,20.00,0,0
2026-08-05 15:04:14,35.87,43.97,25.00,20.00,0,0
2026-08-05 15:04:15,35.87,44.01,25.00,20.00,0,0
2026-08-05 15:04:16,35.86,44.01,25.00,20.00,0,0
2026-08-05 15:04:17,35.85,44.04,25.00,20.00,0,0
2026-08-05 15:04:18,35.84,44.01,25.00,20.00,0,0
2026-08-05 15:04:19,35.82,44.08,25.00,20.00,0,0
2026-08-05 15:04:20,35.81,44.08,25.00,20.00,0,0
2026-08-05 15:04:21,35.80,44.12,25.00,20.00,0,0
2026-08-05 15:04:22,35.79,44.15,25.00,20.00,0,0
2026-08-05 15:04:23,35.78,44.15,25.00,20.00,0,0
2026-08-05 15:04:24,35.77,44.19,25.00,20.00,0,0
2026-08-05 15:04:25,35.76,44.22,25.00,20.00,0,0
2026-08-05 15:04:26,35.75,44.22,25.00,20.00,0,0
2026-08-05 15:04:27,35.74,44.26,25.00,20.00,0,0
2026-08-05 15:04:28,35.73,44.26,25.00,20.00,0,0
2026-08-05 15:04:29,35.72,44.29,25.00,20.00,0,0
2026-08-05 15:04:30,35.71,44.29,25.00,20.00,0,0
2026-08-05 15:04:31,35.70,44.33,25.00,20.00,0,0
2026-08-05 15:04:32,35.69,44.33,25.00,20.00,0,0
2026-08-05 15:04:33,35.69,44.36,25.00,20.00,0,0
2026-08-05 15:04:34,35.66,44.33,25.00,20.00,0,0
2026-08-05 15:04:35,35.66,44.37,25.00,20.00,0,0
2026-08-05 15:04:36,35.65,44.37,25.00,20.00,0,0
2026-08-05 15:04:37,35.64,44.40,25.00,20.00,0,0
2026-08-05 15:04:38,35.63,44.40,25.00,20.00,0,0
2026-08-05 15:04:39,35.63,44.44,25.00,20.00,0,0
2026-08-05 15:04:40,35.61,44.47,25.00,20.00,0,0
2026-08-05 15:04:41,35.61,44.47,25.00,20.00,0,0
2026-08-05 15:04:42,35.60,44.51,25.00,20.00,0,0
2026-08-05 15:04:43,35.59,44.54,25.00,20.00,0,0
2026-08-05 15:04:44,35.58,44.54,25.00,20.00,0,0
2026-08-05 15:04:45,35.57,44.58,25.00,20.00,0,0
2026-08-05 15:04:46,35.56,44.58,25.00,20.00,0,0
2026-08-05 15:04:47,35.56,44.61,25.00,20.00,0,0
2026-08-05 15:04:48,35.55,44.61,25.00,20.00,0,0
2026-08-05 15:04:49,35.54,44.65,25.00,20.00,0,0
2026-08-05 15:04:50,35.52,44.65,25.00,20.00,0,0
2026-08-05 15:04:51,35.52,44.68,25.00,20.00,0,0
2026-08-05 15:04:52,35.51,44.68,25.00,20.00,0,0
2026-08-05 15:04:53,35.50,44.68,25.00,20.00,0,0
2026-08-05 15:04:54,35.49,44.68,25.00,20.00,0,0
2026-08-05 15:04:55,35.48,44.72,25.00,20.00,0,0
2026-08-05 15:04:56,35.48,44.72,25.00,20.00,0,0
2026-08-05 15:04:57,35.47,44.75,25.00,20.00,0,0
2026-08-05 15:04:58,35.47,44.75,25.00,20.00,0,0
2026-08-05 15:04:59,35.45,44.82,25.00,20.00,0,0
2026-08-05 15:05:00,35.45,44.82,25.00,20.00,0,0
2026-08-05 15:05:01,35.44,44.86,25.00,20.00,0,0
2026-08-05 15:05:02,35.43,44.86,25.00,20.00,0,0
2026-08-05 15:05:03,35.42,44.89,25.00,20.00,0,0
2026-08-05 15:05:04,35.42,44.89,25.00,20.00,0,0
2026-08-05 15:05:05,35.41,44.93,25.00,20.00,0,0
2026-08-05 15:05:06,35.40,44.93,25.00,20.00,0,0
2026-08-05 15:05:07,35.39,44.96,25.00,20.00,0,0
2026-08-05 15:05:08,35.37,44.96,25.00,20.00,0,0
2026-08-05 15:05:09,35.37,44.96,25.00,20.00,0,0
2026-08-05 15:05:10,35.36,45.00,25.00,20.00,0,0
2026-08-05 15:05:11,35.35,45.03,25.00,20.00,0,0
2026-08-05 15:05:12,35.34,45.03,25.00,20.00,0,0
2026-08-05 15:05:13,35.34,45.07,25.00,20.00,0,0
2026-08-05 15:05:14,35.33,45.07,25.00,20.00,0,0
2026-08-05 15:05:15,35.33,45.07,25.00,20.00,0,0
2026-08-05 15:05:16,35.32,45.07,25.00,20.00,0,0
2026-08-05 15:05:17,35.31,45.07,25.00,20.00,0,0
2026-08-05 15:05:18,35.30,45.11,25.00,20.00,0,0
2026-08-05 15:05:19,35.30,45.14,25.00,20.00,0,0
2026-08-05 15:05:20,35.29,45.14,25.00,20.00,0,0
2026-08-05 15:05:21,35.28,45.14,25.00,20.00,0,0
2026-08-05 15:05:22,35.28,45.18,25.00,20.00,0,0
2026-08-05 15:05:23,35.27,45.18,25.00,20.00,0,0
2026-08-05 15:05:24,35.26,45.21,25.00,20.00,0,0
2026-08-05 15:05:25,35.26,45.21,25.00,20.00,0,0
2026-08-05 15:05:26,35.25,45.21,25.00,20.00,0,0
2026-08-05 15:05:27,35.23,45.25,25.00,20.00,0,0
2026-08-05 15:05:28,35.23,45.25,25.00,20.00,0,0
2026-08-05 15:05:29,35.22,45.28,25.00,20.00,0,0
2026-08-05 15:05:30,35.22,45.28,25.00,20.00,0,0
2026-08-05 15:05:31,35.21,45.32,25.00,20.00,0,0
2026-08-05 15:05:32,35.20,45.32,25.00,20.00,0,0
2026-08-05 15:05:33,35.20,45.35,25.00,20.00,0,0
2026-08-05 15:05:34,35.19,45.35,25.00,20.00,0,0
2026-08-05 15:05:35,35.18,45.35,25.00,20.00,0,0
2026-08-05 15:05:36,35.17,45.38,25.00,20.00,0,0
2026-08-05 15:05:37,35.17,45.38,25.00,20.00,0,0
2026-08-05 15:05:38,35.16,45.42,25.00,20.00,0,0
2026-08-05 15:05:39,35.15,45.39,25.00,20.00,0,0
2026-08-05 15:05:40,35.15,45.43,25.00,20.00,0,0
2026-08-05 15:05:41,35.14,45.43,25.00,20.00,0,0
2026-08-05 15:05:42,35.13,45.43,25.00,20.00,0,0
2026-08-05 15:05:43,35.13,45.46,25.00,20.00,0,0
2026-08-05 15:05:44,35.13,45.46,25.00,20.00,0,0
2026-08-05 15:05:45,35.12,45.50,25.00,20.00,0,0
2026-08-05 15:05:46,35.11,45.50,25.00,20.00,0,0
2026-08-05 15:05:47,35.11,45.53,25.00,20.00,0,0
2026-08-05 15:05:48,35.10,45.53,25.00,20.00,0,0
2026-08-05 15:05:49,35.10,45.60,25.00,20.00,0,0
2026-08-05 15:05:50,35.08,45.60,25.00,20.00,0,0
2026-08-05 15:05:51,35.07,45.60,25.00,20.00,0,0
2026-08-05 15:05:52,35.07,45.63,25.00,20.00,0,0
2026-08-05 15:05:53,35.06,45.63,25.00,20.00,0,0
2026-08-05 15:05:54,35.05,45.63,25.00,20.00,0,0
2026-08-05 15:05:55,35.05,45.67,25.00,20.00,0,0
2026-08-05 15:05:56,35.04,45.67,25.00,20.00,0,0
2026-08-05 15:05:57,35.03,45.70,25.00,20.00,0,0
2026-08-05 15:05:58,35.03,45.70,25.00,20.00,0,0
2026-08-05 15:05:59,35.03,45.70,25.00,20.00,0,0
2026-08-05 15:06:00,35.02,45.74,25.00,20.00,0,0
2026-08-05 15:06:01,35.02,45.74,25.00,20.00,0,0
2026-08-05 15:06:02,35.01,45.77,25.00,20.00,0,0
2026-08-05 15:06:03,35.01,45.77,25.00,20.00,0,0
2026-08-05 15:06:04,35.01,45.77,25.00,20.00,0,0
2026-08-05 15:06:05,35.00,45.81,25.00,20.00,0,0
2026-08-05 15:06:06,35.00,45.78,25.00,20.00,0,0
2026-08-05 15:06:07,34.99,45.78,25.00,20.00,0,0
2026-08-05 15:06:08,34.99,45.81,25.00,20.00,0,0
2026-08-05 15:06:09,34.98,45.81,25.00,20.00,0,0
2026-08-05 15:06:10,34.98,45.81,25.00,20.00,0,0
2026-08-05 15:06:11,34.97,45.85,25.00,20.00,0,0
2026-08-05 15:06:12,34.96,45.85,25.00,20.00,0,0
2026-08-05 15:06:13,34.96,45.88,25.00,20.00,0,0
2026-08-05 15:06:14,34.95,45.88,25.00,20.00,0,0
2026-08-05 15:06:15,34.95,45.88,25.00,20.00,0,0
2026-08-05 15:06:16,34.93,45.92,25.00,20.00,0,0
2026-08-05 15:06:17,34.93,45.92,25.00,20.00,0,0
2026-08-05 15:06:18,34.93,45.95,25.00,20.00,0,0
2026-08-05 15:06:19,34.92,45.95,25.00,20.00,0,0
2026-08-05 15:06:20,34.91,45.95,25.00,20.00,0,0
2026-08-05 15:06:21,34.91,45.99,25.00,20.00,0,0
2026-08-05 15:06:22,34.90,45.99,25.00,20.00,0,0
2026-08-05 15:06:23,34.89,45.99,25.00,20.00,0,0
2026-08-05 15:06:24,34.89,46.02,25.00,20.00,0,0
2026-08-05 15:06:25,34.88,46.02,25.00,20.00,0,0
2026-08-05 15:06:26,34.88,46.02,25.00,20.00,0,0
2026-08-05 15:06:27,34.87,46.06,25.00,20.00,0,0
2026-08-05 15:06:28,34.87,46.06,25.00,20.00,0,0
2026-08-05 15:06:29,34.86,46.06,25.00,20.00,0,0
2026-08-05 15:06:30,34.86,46.09,25.00,20.00,0,0
2026-08-05 15:06:31,34.85,46.09,25.00,20.00,0,0
2026-08-05 15:06:32,34.85,46.09,25.00,20.00,0,0
2026-08-05 15:06:33,34.85,46.13,25.00,20.00,0,0
2026-08-05 15:06:34,34.84,46.13,25.00,20.00,0,0
2026-08-05 15:06:35,34.83,46.13,25.00,20.00,0,0
2026-08-05 15:06:36,34.83,46.13,25.00,20.00,0,0
2026-08-05 15:06:37,34.83,46.13,25.00,20.00,0,0
2026-08-05 15:06:38,34.82,46.13,25.00,20.00,0,0
2026-08-05 15:06:39,34.81,46.16,25.00,20.00,0,0
2026-08-05 15:06:40,34.81,46.16,25.00,20.00,0,0
2026-08-05 15:06:41,34.81,46.16,25.00,20.00,0,0
2026-08-05 15:06:42,34.80,46.20,25.00,20.00,0,0
2026-08-05 15:06:43,34.80,46.20,25.00,20.00,0,0
2026-08-05 15:06:44,34.78,46.20,25.00,20.00,0,0
2026-08-05 15:06:45,34.77,46.23,25.00,20.00,0,0
2026-08-05 15:06:46,34.78,46.23,25.00,20.00,0,0
2026-08-05 15:06:47,34.77,46.23,25.00,20.00,0,0
2026-08-05 15:06:48,34.76,46.27,25.00,20.00,0,0
2026-08-05 15:06:49,34.76,46.27,25.00,20.00,0,0
2026-08-05 15:06:50,34.75,46.27,25.00,20.00,0,0
2026-08-05 15:06:51,34.75,46.30,25.00,20.00,0,0
2026-08-05 15:06:52,34.74,46.30,25.00,20.00,0,0
2026-08-05 15:06:53,34.74,46.30,25.00,20.00,0,0
2026-08-05 15:06:54,34.74,46.37,25.00,20.00,0,0
2026-08-05 15:06:55,34.73,46.37,25.00,20.00,0,0
2026-08-05 15:06:56,34.73,46.37,25.00,20.00,0,0
2026-08-05 15:06:57,34.72,46.37,25.00,20.00,0,0
2026-08-05 15:06:58,34.71,46.40,25.00,20.00,0,0
2026-08-05 15:06:59,34.71,46.40,25.00,20.00,0,0
2026-08-05 15:07:00,34.70,46.40,25.00,20.00,0,0
2026-08-05 15:07:01,34.70,46.44,25.00,20.00,0,0
2026-08-05 15:07:02,34.70,46.44,25.00,20.00,0,0
2026-08-05 15:07:03,34.69,46.44,25.00,20.00,0,0
2026-08-05 15:07:04,34.69,46.47,25.00,20.00,0,0
2026-08-05 15:07:05,34.68,46.47,25.00,20.00,0,0
2026-08-05 15:07:06,34.68,46.47,25.00,20.00,0,0
2026-08-05 15:07:07,34.67,46.47,25.00,20.00,0,0
2026-08-05 15:07:08,34.67,46.51,25.00,20.00,0,0
2026-08-05 15:07:09,34.67,46.51,25.00,20.00,0,0
2026-08-05 15:07:10,34.66,46.51,25.00,20.00,0,0
2026-08-05 15:07:11,34.67,46.54,25.00,20.00,0,0
2026-08-05 15:07:12,34.66,46.54,25.00,20.00,0,0
2026-08-05 15:07:13,34.66,46.54,25.00,20.00,0,0
2026-08-05 15:07:14,34.65,46.54,25.00,20.00,0,0
2026-08-05 15:07:15,34.66,46.58,25.00,20.00,0,0
2026-08-05 15:07:16,34.63,46.55,25.00,20.00,0,0
2026-08-05 15:07:17,34.63,46.55,25.00,20.00,0,0
2026-08-05 15:07:18,34.62,46.58,25.00,20.00,0,0
2026-08-05 15:07:19,34.62,46.58,25.00,20.00,0,0
2026-08-05 15:07:20,34.61,46.58,25.00,20.00,0,0
2026-08-05 15:07:21,34.61,46.58,25.00,20.00,0,0
2026-08-05 15:07:22,34.60,46.62,25.00,20.00,0,0
2026-08-05 15:07:23,34.60,46.62,25.00,20.00,0,0
2026-08-05 15:07:24,34.60,46.62,25.00,20.00,0,0
2026-08-05 15:07:25,34.59,46.62,25.00,20.00,0,0
2026-08-05 15:07:26,34.59,46.65,25.00,20.00,0,0
2026-08-05 15:07:27,34.58,46.65,25.00,20.00,0,0
2026-08-05 15:07:28,34.58,46.65,25.00,20.00,0,0
2026-08-05 15:07:29,34.58,46.68,25.00,20.00,0,0
2026-08-05 15:07:30,34.57,46.68,25.00,20.00,0,0
2026-08-05 15:07:31,34.57,46.68,25.00,20.00,0,0
2026-08-05 15:07:32,34.57,46.68,25.00,20.00,0,0
2026-08-05 15:07:33,34.56,46.72,25.00,20.00,0,0
2026-08-05 15:07:34,34.56,46.72,25.00,20.00,0,0
2026-08-05 15:07:35,34.55,46.72,25.00,20.00,0,0
2026-08-05 15:07:36,34.55,46.75,25.00,20.00,0,0
2026-08-05 15:07:37,34.54,46.75,25.00,20.00,0,0
2026-08-05 15:07:38,34.54,46.75,25.00,20.00,0,0
2026-08-05 15:07:39,34.53,46.75,25.00,20.00,0,0
2026-08-05 15:07:40,34.53,46.79,25.00,20.00,0,0
2026-08-05 15:07:41,34.53,46.79,25.00,20.00,0,0
2026-08-05 15:07:42,34.52,46.79,25.00,20.00,0,0
2026-08-05 15:07:43,34.52,46.79,25.00,20.00,0,0
2026-08-05 15:07:44,34.52,46.82,25.00,20.00,0,0
2026-08-05 15:07:45,34.51,46.82,25.00,20.00,0,0
2026-08-05 15:07:46,34.51,46.82,25.00,20.00,0,0
2026-08-05 15:07:47,34.51,46.82,25.00,20.00,0,0
2026-08-05 15:07:48,34.49,46.82,25.00,20.00,0,0
2026-08-05 15:07:49,34.49,46.86,25.00,20.00,0,0
2026-08-05 15:07:50,34.48,46.84,25.00,20.00,0,0
2026-08-05 15:07:51,34.48,46.84,25.00,20.00,0,0
2026-08-05 15:07:52,34.47,46.87,25.00,20.00,0,0
2026-08-05 15:07:53,34.47,46.87,25.00,20.00,0,0
2026-08-05 15:07:54,34.47,46.87,25.00,20.00,0,0
2026-08-05 15:07:55,34.46,46.87,25.00,20.00,0,0
2026-08-05 15:07:56,34.46,46.87,25.00,20.00,0,0
2026-08-05 15:07:57,34.46,46.90,25.00,20.00,0,0
2026-08-05 15:07:58,34.45,46.90,25.00,20.00,0,0
2026-08-05 15:07:59,34.45,46.90,25.00,20.00,0,0
2026-08-05 15:08:00,34.45,46.94,25.00,20.00,0,0
2026-08-05 15:08:01,34.44,46.94,25.00,20.00,0,0
2026-08-05 15:08:02,34.44,46.94,25.00,20.00,0,0
2026-08-05 15:08:03,34.44,46.94,25.00,20.00,0,0
2026-08-05 15:08:04,34.43,46.97,25.00,20.00,0,0
2026-08-05 15:08:05,34.43,46.97,25.00,20.00,0,0
2026-08-05 15:08:06,34.42,46.97,25.00,20.00,0,0
2026-08-05 15:08:07,34.42,46.97,25.00,20.00,0,0
2026-08-05 15:08:08,34.42,47.00,25.00,20.00,0,0
2026-08-05 15:08:09,34.42,47.00,25.00,20.00,0,0
2026-08-05 15:08:10,34.41,47.00,25.00,20.00,0,0
2026-08-05 15:08:11,34.41,47.00,25.00,20.00,0,0
2026-08-05 15:08:12,34.40,47.07,25.00,20.00,0,0
2026-08-05 15:08:13,34.40,47.07,25.00,20.00,0,0
2026-08-05 15:08:14,34.40,47.07,25.00,20.00,0,0
2026-08-05 15:08:15,34.40,47.07,25.00,20.00,0,0
2026-08-05 15:08:16,34.39,47.07,25.00,20.00,0,0
2026-08-05 15:08:17,34.38,47.10,25.00,20.00,0,0
2026-08-05 15:08:18,34.38,47.10,25.00,20.00,0,0
2026-08-05 15:08:19,34.38,47.10,25.00,20.00,0,0
2026-08-05 15:08:20,34.37,47.10,25.00,20.00,0,0
2026-08-05 15:08:21,34.37,47.10,25.00,20.00,0,0
2026-08-05 15:08:22,34.37,47.14,25.00,20.00,0,0
2026-08-05 15:08:23,34.36,47.14,25.00,20.00,0,0
2026-08-05 15:08:24,34.36,47.14,25.00,20.00,0,0
2026-08-05 15:08:25,34.36,47.17,25.00,20.00,0,0
2026-08-05 15:08:26,34.34,47.17,25.00,20.00,0,0
2026-08-05 15:08:27,34.34,47.17,25.00,20.00,0,0
2026-08-05 15:08:28,34.34,47.17,25.00,20.00,0,0
2026-08-05 15:08:29,34.33,47.17,25.00,20.00,0,0
2026-08-05 15:08:30,34.33,47.21,25.00,20.00,0,0
2026-08-05 15:08:31,34.33,47.21,25.00,20.00,0,0
2026-08-05 15:08:32,34.32,47.21,25.00,20.00,0,0
2026-08-05 15:08:33,34.32,47.21,25.00,20.00,0,0
2026-08-05 15:08:34,34.32,47.21,25.00,20.00,0,0
2026-08-05 15:08:35,34.32,47.19,25.00,20.00,0,0
2026-08-05 15:08:36,34.31,47.19,25.00,20.00,0,0
2026-08-05 15:08:37,34.31,47.21,25.00,20.00,0,0
2026-08-05 15:08:38,34.30,47.19,25.00,20.00,0,0
2026-08-05 15:08:39,34.30,47.22,25.00,20.00,0,0
2026-08-05 15:08:40,34.30,47.22,25.00,20.00,0,0
2026-08-05 15:08:41,34.29,47.26,25.00,20.00,0,0
2026-08-05 15:08:42,34.29,47.26,25.00,20.00,0,0
2026-08-05 15:08:43,34.28,47.26,25.00,20.00,0,0
2026-08-05 15:08:44,34.28,47.26,25.00,20.00,0,0
2026-08-05 15:08:45,34.28,47.29,25.00,20.00,0,0
2026-08-05 15:08:46,34.27,47.29,25.00,20.00,0,0
2026-08-05 15:08:47,34.27,47.29,25.00,20.00,0,0
2026-08-05 15:08:48,34.27,47.29,25.00,20.00,0,0
2026-08-05 15:08:49,34.27,47.29,25.00,20.00,0,0
2026-08-05 15:08:50,34.26,47.32,25.00,20.00,0,0
2026-08-05 15:08:51,34.26,47.32,25.00,20.00,0,0
2026-08-05 15:08:52,34.26,47.32,25.00,20.00,0,0
2026-08-05 15:08:53,34.25,47.32,25.00,20.00,0,0
2026-08-05 15:08:54,34.25,47.35,25.00,20.00,0,0
2026-08-05 15:08:55,34.25,47.35,25.00,20.00,0,0
2026-08-05 15:08:56,34.24,47.35,25.00,20.00,0,0
2026-08-05 15:08:57,34.24,47.35,25.00,20.00,0,0
2026-08-05 15:08:58,34.23,47.35,25.00,20.00,0,0
2026-08-05 15:08:59,34.23,47.39,25.00,20.00,0,0
2026-08-05 15:09:00,34.23,47.39,25.00,20.00,0,0
2026-08-05 15:09:01,34.23,47.39,25.00,20.00,0,0
2026-08-05 15:09:02,34.22,47.39,25.00,20.00,0,0
2026-08-05 15:09:03,34.22,47.39,25.00,20.00,0,0
2026-08-05 15:09:04,34.21,47.42,25.00,20.00,0,0
2026-08-05 15:09:05,34.21,47.42,25.00,20.00,0,0
2026-08-05 15:09:07,34.21,47.42,25.00,20.00,0,0
2026-08-05 15:09:08,34.21,47.42,25.00,20.00,0,0
2026-08-05 15:09:09,34.21,47.42,25.00,20.00,0,0
2026-08-05 15:09:10,34.21,47.45,25.00,20.00,0,0
2026-08-05 15:09:11,34.21,47.45,25.00,20.00,0,0
2026-08-05 15:09:12,34.19,47.45,25.00,20.00,0,0
2026-08-05 15:09:13,34.19,47.45,25.00,20.00,0,0
2026-08-05 15:09:14,34.19,47.45,25.00,20.00,0,0
2026-08-05 15:09:15,34.18,47.49,25.00,20.00,0,0
2026-08-05 15:09:16,34.17,47.49,25.00,20.00,0,0
2026-08-05 15:09:17,34.17,47.49,25.00,20.00,0,0
2026-08-05 15:09:18,34.17,47.49,25.00,20.00,0,0
2026-08-05 15:09:19,34.17,47.49,25.00,20.00,0,0
2026-08-05 15:09:20,34.17,47.52,25.00,20.00,0,0
2026-08-05 15:09:21,34.16,47.52,25.00,20.00,0,0
2026-08-05 15:09:22,34.16,47.52,25.00,20.00,0,0
2026-08-05 15:09:23,34.15,47.52,25.00,20.00,0,0
2026-08-05 15:09:24,34.15,47.52,25.00,20.00,0,0
2026-08-05 15:09:25,34.15,47.56,25.00,20.00,0,0
2026-08-05 15:09:26,34.15,47.56,25.00,20.00,0,0
2026-08-05 15:09:27,34.13,47.56,25.00,20.00,0,0
2026-08-05 15:09:28,34.13,47.56,25.00,20.00,0,0
2026-08-05 15:09:29,34.13,47.54,25.00,20.00,0,0
2026-08-05 15:09:30,34.12,47.57,25.00,20.00,0,0
2026-08-05 15:09:31,34.12,47.57,25.00,20.00,0,0
2026-08-05 15:09:32,34.12,47.57,25.00,20.00,0,0
2026-08-05 15:09:33,34.12,47.57,25.00,20.00,0,0
2026-08-05 15:09:34,34.11,47.57,25.00,20.00,0,0
2026-08-05 15:09:35,34.11,47.57,25.00,20.00,0,0
2026-08-05 15:09:36,34.10,47.61,25.00,20.00,0,0
2026-08-05 15:09:37,34.10,47.61,25.00,20.00,0,0
2026-08-05 15:09:38,34.10,47.61,25.00,20.00,0,0
2026-08-05 15:09:39,34.09,47.61,25.00,20.00,0,0
2026-08-05 15:09:40,34.09,47.61,25.00,20.00,0,0
2026-08-05 15:09:41,34.09,47.64,25.00,20.00,0,0
2026-08-05 15:09:42,34.09,47.64,25.00,20.00,0,0
2026-08-05 15:09:43,34.09,47.64,25.00,20.00,0,0
2026-08-05 15:09:44,34.08,47.64,25.00,20.00,0,0
2026-08-05 15:09:45,34.08,47.64,25.00,20.00,0,0
2026-08-05 15:09:46,34.08,47.64,25.00,20.00,0,0
2026-08-05 15:09:47,34.07,47.67,25.00,20.00,0,0
2026-08-05 15:09:48,34.07,47.67,25.00,20.00,0,0
2026-08-05 15:09:49,34.07,47.67,25.00,20.00,0,0
2026-08-05 15:09:50,34.07,47.67,25.00,20.00,0,0
2026-08-05 15:09:51,34.06,47.67,25.00,20.00,0,0
2026-08-05 15:09:52,34.06,47.67,25.00,20.00,0,0
2026-08-05 15:09:53,34.06,47.71,25.00,20.00,0,0
2026-08-05 15:09:54,34.06,47.71,25.00,20.00,0,0
2026-08-05 15:09:55,34.04,47.71,25.00,20.00,0,0
2026-08-05 15:09:56,34.04,47.71,25.00,20.00,0,0
2026-08-05 15:09:57,34.03,47.74,25.00,20.00,0,0
2026-08-05 15:09:58,34.03,47.74,25.00,20.00,0,0
2026-08-05 15:09:59,34.03,47.74,25.00,20.00,0,0
2026-08-05 15:10:00,34.02,47.74,25.00,20.00,0,0
2026-08-05 15:10:01,34.02,47.74,25.00,20.00,0,0
2026-08-05 15:10:02,34.02,47.74,25.00,20.00,0,0
2026-08-05 15:10:03,34.02,47.77,25.00,20.00,0,0
2026-08-05 15:10:04,34.01,47.77,25.00,20.00,0,0
2026-08-05 15:10:05,34.01,47.77,25.00,20.00,0,0
2026-08-05 15:10:06,34.01,47.77,25.00,20.00,0,0
2026-08-05 15:10:07,34.00,47.77,25.00,20.00,0,0
2026-08-05 15:10:08,34.00,47.77,25.00,20.00,0,0
2026-08-05 15:10:09,34.00,47.84,25.00,20.00,0,0
2026-08-05 15:10:10,34.00,47.84,25.00,20.00,0,0
2026-08-05 15:10:11,33.99,47.84,25.00,20.00,0,0
2026-08-05 15:10:12,33.99,47.84,25.00,20.00,0,0
2026-08-05 15:10:13,33.99,47.84,25.00,20.00,0,0
2026-08-05 15:10:14,33.99,47.84,25.00,20.00,0,0
2026-08-05 15:10:15,33.99,47.87,25.00,20.00,0,0
2026-08-05 15:10:16,33.99,47.87,25.00,20.00,0,0
2026-08-05 15:10:17,33.98,47.87,25.00,20.00,0,0
2026-08-05 15:10:18,33.98,47.87,25.00,20.00,0,0
2026-08-05 15:10:19,33.97,47.87,25.00,20.00,0,0
2026-08-05 15:10:20,33.97,47.87,25.00,20.00,0,0
2026-08-05 15:10:21,33.97,47.91,25.00,20.00,0,0
2026-08-05 15:10:22,33.97,47.91,25.00,20.00,0,0
2026-08-05 15:10:23,33.97,47.91,25.00,20.00,0,0
2026-08-05 15:10:24,33.96,47.91,25.00,20.00,0,0
2026-08-05 15:10:25,33.96,47.91,25.00,20.00,0,0
2026-08-05 15:10:26,33.95,47.92,25.00,20.00,0,0
2026-08-05 15:10:27,33.95,47.92,25.00,20.00,0,0
2026-08-05 15:10:28,33.95,47.92,25.00,20.00,0,0
2026-08-05 15:10:29,33.95,47.92,25.00,20.00,0,0
2026-08-05 15:10:30,33.94,47.92,25.00,20.00,0,0
2026-08-05 15:10:31,33.94,47.92,25.00,20.00,0,0
2026-08-05 15:10:32,33.94,47.92,25.00,20.00,0,0
2026-08-05 15:10:33,33.94,47.95,25.00,20.00,0,0
2026-08-05 15:10:34,33.94,47.95,25.00,20.00,0,0
2026-08-05 15:10:35,33.93,47.95,25.00,20.00,0,0
2026-08-05 15:10:36,33.93,47.95,25.00,20.00,0,0
2026-08-05 15:10:37,33.93,47.95,25.00,20.00,0,0
2026-08-05 15:10:38,33.92,47.99,25.00,20.00,0,0
2026-08-05 15:10:39,33.92,47.99,25.00,20.00,0,0
2026-08-05 15:10:40,33.92,47.99,25.00,20.00,0,0
2026-08-05 15:10:41,33.92,47.99,25.00,20.00,0,0
2026-08-05 15:10:42,33.90,47.99,25.00,20.00,0,0
2026-08-05 15:10:43,33.90,47.99,25.00,20.00,0,0
2026-08-05 15:10:44,33.90,48.02,25.00,20.00,0,0
2026-08-05 15:10:45,33.90,48.02,25.00,20.00,0,0
2026-08-05 15:10:46,33.89,48.02,25.00,20.00,0,0
2026-08-05 15:10:47,33.89,48.02,25.00,20.00,0,0
2026-08-05 15:10:48,33.89,48.02,25.00,20.00,0,0
2026-08-05 15:10:49,33.88,48.02,25.00,20.00,0,0
2026-08-05 15:10:50,33.88,48.02,25.00,20.00,0,0
2026-08-05 15:10:51,33.88,48.02,25.00,20.00,0,0
2026-08-05 15:10:52,33.88,48.06,25.00,20.00,0,0
2026-08-05 15:10:53,33.88,48.06,25.00,20.00,0,0
2026-08-05 15:10:54,33.87,48.06,25.00,20.00,0,0
2026-08-05 15:10:55,33.87,48.06,25.00,20.00,0,0
2026-08-05 15:10:56,33.87,48.06,25.00,20.00,0,0
2026-08-05 15:10:57,33.87,48.06,25.00,20.00,0,0
2026-08-05 15:10:58,33.86,48.06,25.00,20.00,0,0
2026-08-05 15:10:59,33.86,48.09,25.00,20.00,0,0
2026-08-05 15:11:00,33.86,48.09,25.00,20.00,0,0
2026-08-05 15:11:01,33.86,48.09,25.00,20.00,0,0
2026-08-05 15:11:02,33.86,48.09,25.00,20.00,0,0
2026-08-05 15:11:03,33.85,48.09,25.00,20.00,0,0
2026-08-05 15:11:04,33.85,48.13,25.00,20.00,0,0
2026-08-05 15:11:05,33.85,48.13,25.00,20.00,0,0
2026-08-05 15:11:06,33.84,48.13,25.00,20.00,0,0
2026-08-05 15:11:07,33.84,48.13,25.00,20.00,0,0
2026-08-05 15:11:08,33.84,48.13,25.00,20.00,0,0
2026-08-05 15:11:09,33.84,48.13,25.00,20.00,0,0
2026-08-05 15:11:10,33.83,48.16,25.00,20.00,0,0
2026-08-05 15:11:11,33.83,48.16,25.00,20.00,0,0
2026-08-05 15:11:12,33.83,48.16,25.00,20.00,0,0
2026-08-05 15:11:13,33.83,48.16,25.00,20.00,0,0
2026-08-05 15:11:14,33.83,48.16,25.00,20.00,0,0
2026-08-05 15:11:15,33.83,48.16,25.00,20.00,0,0
2026-08-05 15:11:16,33.82,48.16,25.00,20.00,0,0
2026-08-05 15:11:17,33.82,48.19,25.00,20.00,0,0
2026-08-05 15:11:18,33.82,48.19,25.00,20.00,0,0
2026-08-05 15:11:19,33.81,48.19,25.00,20.00,0,0
2026-08-05 15:11:20,33.81,48.19,25.00,20.00,0,0
2026-08-05 15:11:21,33.81,48.19,25.00,20.00,0,0
2026-08-05 15:11:22,33.81,48.19,25.00,20.00,0,0
2026-08-05 15:11:23,33.81,48.19,25.00,20.00,0,0
2026-08-05 15:11:24,33.80,48.19,25.00,20.00,0,0
2026-08-05 15:11:25,33.80,48.22,25.00,20.00,0,0
2026-08-05 15:11:26,33.80,48.22,25.00,20.00,0,0
2026-08-05 15:11:27,33.80,48.22,25.00,20.00,0,0
2026-08-05 15:11:28,33.79,48.22,25.00,20.00,0,0
2026-08-05 15:11:29,33.79,48.22,25.00,20.00,0,0
2026-08-05 15:11:30,33.79,48.22,25.00,20.00,0,0
2026-08-05 15:11:31,33.79,48.26,25.00,20.00,0,0
2026-08-05 15:11:32,33.78,48.23,25.00,20.00,0,0
2026-08-05 15:11:33,33.78,48.23,25.00,20.00,0,0
2026-08-05 15:11:34,33.78,48.23,25.00,20.00,0,0
2026-08-05 15:11:35,33.78,48.23,25.00,20.00,0,0
2026-08-05 15:11:36,33.78,48.23,25.00,20.00,0,0
2026-08-05 15:11:37,33.77,48.27,25.00,20.00,0,0
2026-08-05 15:11:38,33.77,48.27,25.00,20.00,0,0
2026-08-05 15:11:39,33.77,48.27,25.00,20.00,0,0
2026-08-05 15:11:40,33.75,48.27,25.00,20.00,0,0
2026-08-05 15:11:41,33.75,48.27,25.00,20.00,0,0
2026-08-05 15:11:42,33.75,48.27,25.00,20.00,0,0
2026-08-05 15:11:43,33.75,48.27,25.00,20.00,0,0
2026-08-05 15:11:44,33.75,48.27,25.00,20.00,0,0
2026-08-05 15:11:45,33.74,48.30,25.00,20.00,0,0
2026-08-05 15:11:46,33.74,48.30,25.00,20.00,0,0
2026-08-05 15:11:47,33.74,48.30,25.00,20.00,0,0
2026-08-05 15:11:48,33.74,48.30,25.00,20.00,0,0
2026-08-05 15:11:49,33.73,48.30,25.00,20.00,0,0
2026-08-05 15:11:50,33.73,48.30,25.00,20.00,0,0
2026-08-05 15:11:51,33.73,48.30,25.00,20.00,0,0
2026-08-05 15:11:52,33.73,48.34,25.00,20.00,0,0
2026-08-05 15:11:53,33.72,48.34,25.00,20.00,0,0
2026-08-05 15:11:54,33.72,48.34,25.00,20.00,0,0
2026-08-05 15:11:55,33.72,48.34,25.00,20.00,0,0
2026-08-05 15:11:56,33.72,48.34,25.00,20.00,0,0
2026-08-05 15:11:57,33.72,48.34,25.00,20.00,0,0
2026-08-05 15:11:58,33.71,48.34,25.00,20.00,0,0
2026-08-05 15:11:59,33.71,48.34,25.00,20.00,0,0
2026-08-05 15:12:00,33.71,48.37,25.00,20.00,0,0
2026-08-05 15:12:01,33.71,48.37,25.00,20.00,0,0
2026-08-05 15:12:02,33.70,48.37,25.00,20.00,0,0
2026-08-05 15:12:03,33.70,48.37,25.00,20.00,0,0
2026-08-05 15:12:04,33.70,48.37,25.00,20.00,0,0
2026-08-05 15:12:05,33.70,48.37,25.00,20.00,0,0
2026-08-05 15:12:06,33.70,48.37,25.00,20.00,0,0
2026-08-05 15:12:07,33.70,48.41,25.00,20.00,0,0
2026-08-05 15:12:08,33.69,48.41,25.00,20.00,0,0
2026-08-05 15:12:09,33.69,48.41,25.00,20.00,0,0
2026-08-05 15:12:10,33.69,48.41,25.00,20.00,0,0
2026-08-05 15:12:11,33.68,48.41,25.00,20.00,0,0
2026-08-05 15:12:12,33.68,48.41,25.00,20.00,0,0
2026-08-05 15:12:13,33.68,48.41,25.00,20.00,0,0
2026-08-05 15:12:14,33.68,48.41,25.00,20.00,0,0
2026-08-05 15:12:15,33.67,48.44,25.00,20.00,0,0
2026-08-05 15:12:16,33.67,48.44,25.00,20.00,0,0
2026-08-05 15:12:17,33.67,48.44,25.00,20.00,0,0
2026-08-05 15:12:18,33.67,48.44,25.00,20.00,0,0
2026-08-05 15:12:19,33.67,48.44,25.00,20.00,0,0
2026-08-05 15:12:20,33.67,48.44,25.00,20.00,0,0
2026-08-05 15:12:21,33.67,48.47,25.00,20.00,0,0
2026-08-05 15:12:22,33.67,48.47,25.00,20.00,0,0
2026-08-05 15:12:23,33.67,48.47,25.00,20.00,0,0
2026-08-05 15:12:24,33.66,48.47,25.00,20.00,0,0
2026-08-05 15:12:25,33.66,48.47,25.00,20.00,0,0
2026-08-05 15:12:26,33.66,48.47,25.00,20.00,0,0
2026-08-05 15:12:27,33.65,48.47,25.00,20.00,0,0
2026-08-05 15:12:28,33.65,48.47,25.00,20.00,0,0
2026-08-05 15:12:29,33.65,48.47,25.00,20.00,0,0
2026-08-05 15:12:30,33.65,48.51,25.00,20.00,0,0
2026-08-05 15:12:31,33.64,48.51,25.00,20.00,0,0
2026-08-05 15:12:32,33.64,48.51,25.00,20.00,0,0
2026-08-05 15:12:33,33.64,48.51,25.00,20.00,0,0
2026-08-05 15:12:34,33.64,48.51,25.00,20.00,0,0
2026-08-05 15:12:35,33.64,48.51,25.00,20.00,0,0
2026-08-05 15:12:36,33.64,48.51,25.00,20.00,0,0
2026-08-05 15:12:37,33.64,48.51,25.00,20.00,0,0
2026-08-05 15:12:38,33.64,48.58,25.00,20.00,0,0
2026-08-05 15:12:39,33.63,48.58,25.00,20.00,0,0
2026-08-05 15:12:40,33.63,48.58,25.00,20.00,0,0
2026-08-05 15:12:41,33.63,48.58,25.00,20.00,0,0
2026-08-05 15:12:42,33.63,48.55,25.00,20.00,0,0
2026-08-05 15:12:43,33.63,48.58,25.00,20.00,0,0
2026-08-05 15:12:44,33.63,48.55,25.00,20.00,0,0
2026-08-05 15:12:45,33.62,48.58,25.00,20.00,0,0
2026-08-05 15:12:46,33.62,48.58,25.00,20.00,0,0
2026-08-05 15:12:47,33.62,48.58,25.00,20.00,0,0
2026-08-05 15:12:48,33.62,48.58,25.00,20.00,0,0
2026-08-05 15:12:49,33.60,48.58,25.00,20.00,0,0
2026-08-05 15:12:50,33.62,48.58,25.00,20.00,0,0
2026-08-05 15:12:51,33.60,48.58,25.00,20.00,0,0
2026-08-05 15:12:52,33.60,48.61,25.00,20.00,0,0
2026-08-05 15:12:53,33.60,48.61,25.00,20.00,0,0
2026-08-05 15:12:54,33.59,48.61,25.00,20.00,0,0
2026-08-05 15:12:55,33.60,48.61,25.00,20.00,0,0
2026-08-05 15:12:56,33.59,48.61,25.00,20.00,0,0
2026-08-05 15:12:57,33.59,48.61,25.00,20.00,0,0
2026-08-05 15:12:58,33.59,48.61,25.00,20.00,0,0
2026-08-05 15:12:59,33.59,48.61,25.00,20.00,0,0
2026-08-05 15:13:00,33.59,48.61,25.00,20.00,0,0
2026-08-05 15:13:01,33.58,48.61,25.00,20.00,0,0
2026-08-05 15:13:02,33.58,48.61,25.00,20.00,0,0
2026-08-05 15:13:03,33.58,48.65,25.00,20.00,0,0
2026-08-05 15:13:04,33.58,48.65,25.00,20.00,0,0
2026-08-05 15:13:05,33.58,48.65,25.00,20.00,0,0
2026-08-05 15:13:06,33.57,48.65,25.00,20.00,0,0
2026-08-05 15:13:07,33.57,48.65,25.00,20.00,0,0
2026-08-05 15:13:08,33.57,48.65,25.00,20.00,0,0
2026-08-05 15:13:09,33.57,48.65,25.00,20.00,0,0
2026-08-05 15:13:10,33.56,48.68,25.00,20.00,0,0
2026-08-05 15:13:11,33.56,48.68,25.00,20.00,0,0
2026-08-05 15:13:12,33.56,48.68,25.00,20.00,0,0
2026-08-05 15:13:13,33.56,48.68,25.00,20.00,0,0
2026-08-05 15:13:14,33.55,48.68,25.00,20.00,0,0
2026-08-05 15:13:15,33.55,48.68,25.00,20.00,0,0
2026-08-05 15:13:16,33.55,48.68,25.00,20.00,0,0
2026-08-05 15:13:17,33.55,48.68,25.00,20.00,0,0
2026-08-05 15:13:18,33.55,48.68,25.00,20.00,0,0
2026-08-05 15:13:19,33.54,48.72,25.00,20.00,0,0
2026-08-05 15:13:20,33.54,48.72,25.00,20.00,0,0
2026-08-05 15:13:21,33.54,48.72,25.00,20.00,0,0
2026-08-05 15:13:22,33.54,48.72,25.00,20.00,0,0
2026-08-05 15:13:23,33.54,48.72,25.00,20.00,0,0
2026-08-05 15:13:24,33.54,48.72,25.00,20.00,0,0
2026-08-05 15:13:25,33.54,48.72,25.00,20.00,0,0
2026-08-05 15:13:26,33.53,48.75,25.00,20.00,0,0
2026-08-05 15:13:27,33.53,48.75,25.00,20.00,0,0
2026-08-05 15:13:28,33.53,48.75,25.00,20.00,0,0
2026-08-05 15:13:29,33.53,48.75,25.00,20.00,0,0
2026-08-05 15:13:30,33.52,48.75,25.00,20.00,0,0
2026-08-05 15:13:31,33.52,48.75,25.00,20.00,0,0
2026-08-05 15:13:32,33.52,48.75,25.00,20.00,0,0
2026-08-05 15:13:33,33.52,48.75,25.00,20.00,0,0
2026-08-05 15:13:34,33.51,48.75,25.00,20.00,0,0
2026-08-05 15:13:35,33.51,48.79,25.00,20.00,0,0
2026-08-05 15:13:36,33.51,48.79,25.00,20.00,0,0
2026-08-05 15:13:37,33.51,48.79,25.00,20.00,0,0
2026-08-05 15:13:38,33.51,48.79,25.00,20.00,0,0
2026-08-05 15:13:39,33.51,48.79,25.00,20.00,0,0
2026-08-05 15:13:40,33.50,48.79,25.00,20.00,0,0
2026-08-05 15:13:41,33.50,48.79,25.00,20.00,0,0
2026-08-05 15:13:42,33.50,48.79,25.00,20.00,0,0
2026-08-05 15:13:43,33.50,48.82,25.00,20.00,0,0
2026-08-05 15:13:44,33.50,48.82,25.00,20.00,0,0
2026-08-05 15:13:45,33.49,48.82,25.00,20.00,0,0
2026-08-05 15:13:46,33.50,48.82,25.00,20.00,0,0
2026-08-05 15:13:47,33.49,48.82,25.00,20.00,0,0
2026-08-05 15:13:48,33.49,48.82,25.00,20.00,0,0
2026-08-05 15:13:49,33.48,48.82,25.00,20.00,0,0
2026-08-05 15:13:50,33.49,48.82,25.00,20.00,0,0
2026-08-05 15:13:51,33.49,48.82,25.00,20.00,0,0
2026-08-05 15:13:52,33.48,48.82,25.00,20.00,0,0
2026-08-05 15:13:53,33.48,48.82,25.00,20.00,0,0
2026-08-05 15:13:54,33.48,48.86,25.00,20.00,0,0
2026-08-05 15:13:55,33.47,48.86,25.00,20.00,0,0
2026-08-05 15:13:56,33.48,48.86,25.00,20.00,0,0
2026-08-05 15:13:57,33.47,48.86,25.00,20.00,0,0
2026-08-05 15:13:58,33.47,48.86,25.00,20.00,0,0
2026-08-05 15:13:59,33.47,48.83,25.00,20.00,0,0
2026-08-05 15:14:00,33.47,48.86,25.00,20.00,0,0
2026-08-05 15:14:01,33.47,48.86,25.00,20.00,0,0
2026-08-05 15:14:02,33.45,48.83,25.00,20.00,0,0
2026-08-05 15:14:03,33.45,48.83,25.00,20.00,0,0
2026-08-05 15:14:04,33.45,48.87,25.00,20.00,0,0
2026-08-05 15:14:05,33.45,48.87,25.00,20.00,0,0
2026-08-05 15:14:06,33.44,48.87,25.00,20.00,0,0
2026-08-05 15:14:07,33.44,48.87,25.00,20.00,0,0
2026-08-05 15:14:08,33.44,48.87,25.00,20.00,0,0
2026-08-05 15:14:09,33.44,48.87,25.00,20.00,0,0
2026-08-05 15:14:10,33.44,48.87,25.00,20.00,0,0
2026-08-05 15:14:11,33.44,48.87,25.00,20.00,0,0
2026-08-05 15:14:12,33.44,48.90,25.00,20.00,0,0
2026-08-05 15:14:13,33.44,48.90,25.00,20.00,0,0
2026-08-05 15:14:14,33.43,48.90,25.00,20.00,0,0
2026-08-05 15:14:15,33.43,48.90,25.00,20.00,0,0
2026-08-05 15:14:16,33.43,48.90,25.00,20.00,0,0
2026-08-05 15:14:17,33.43,48.90,25.00,20.00,0,0
2026-08-05 15:14:18,33.42,48.90,25.00,20.00,0,0
2026-08-05 15:14:19,33.42,48.90,25.00,20.00,0,0
2026-08-05 15:14:20,33.42,48.93,25.00,20.00,0,0
2026-08-05 15:14:21,33.42,48.93,25.00,20.00,0,0
2026-08-05 15:14:22,33.42,48.93,25.00,20.00,0,0
2026-08-05 15:14:23,33.41,48.93,25.00,20.00,0,0
2026-08-05 15:14:24,33.41,48.93,25.00,20.00,0,0
2026-08-05 15:14:25,33.41,48.93,25.00,20.00,0,0
2026-08-05 15:14:26,33.41,48.93,25.00,20.00,0,0
2026-08-05 15:14:27,33.41,48.93,25.00,20.00,0,0
2026-08-05 15:14:28,33.40,48.93,25.00,20.00,0,0
2026-08-05 15:14:29,33.40,48.96,25.00,20.00,0,0
2026-08-05 15:14:30,33.40,48.96,25.00,20.00,0,0
2026-08-05 15:14:31,33.40,48.96,25.00,20.00,0,0
2026-08-05 15:14:32,33.40,48.96,25.00,20.00,0,0
2026-08-05 15:14:33,33.40,48.96,25.00,20.00,0,0
2026-08-05 15:14:34,33.40,48.96,25.00,20.00,0,0
2026-08-05 15:14:35,33.40,48.96,25.00,20.00,0,0
2026-08-05 15:14:36,33.39,48.96,25.00,20.00,0,0
2026-08-05 15:14:37,33.39,48.96,25.00,20.00,0,0
2026-08-05 15:14:38,33.39,48.96,25.00,20.00,0,0
2026-08-05 15:14:39,33.39,48.96,25.00,20.00,0,0
2026-08-05 15:14:40,33.39,49.00,25.00,20.00,0,0
2026-08-05 15:14:41,33.38,49.00,25.00,20.00,0,0
2026-08-05 15:14:42,33.38,49.00,25.00,20.00,0,0
2026-08-05 15:14:43,33.39,49.00,25.00,20.00,0,0
2026-08-05 15:14:44,33.38,49.00,25.00,20.00,0,0
2026-08-05 15:14:45,33.38,49.00,25.00,20.00,0,0
2026-08-05 15:14:46,33.37,49.00,25.00,20.00,0,0
2026-08-05 15:14:47,33.37,49.00,25.00,20.00,0,0
2026-08-05 15:14:48,33.37,49.00,25.00,20.00,0,0
2026-08-05 15:14:49,33.37,49.03,25.00,20.00,0,0
2026-08-05 15:14:50,33.37,49.03,25.00,20.00,0,0
2026-08-05 15:14:51,33.37,49.03,25.00,20.00,0,0
2026-08-05 15:14:52,33.37,49.03,25.00,20.00,0,0
2026-08-05 15:14:53,33.36,49.03,25.00,20.00,0,0
2026-08-05 15:14:54,33.36,49.03,25.00,20.00,0,0
2026-08-05 15:14:55,33.36,49.03,25.00,20.00,0,0
2026-08-05 15:14:56,33.36,49.06,25.00,20.00,0,0
2026-08-05 15:14:57,33.35,49.06,25.00,20.00,0,0
2026-08-05 15:14:58,33.36,49.06,25.00,20.00,0,0
2026-08-05 15:14:59,33.35,49.06,25.00,20.00,0,0
2026-08-05 15:15:00,33.35,49.06,25.00,20.00,0,0
2026-08-05 15:15:01,33.35,49.06,25.00,20.00,0,0
2026-08-05 15:15:02,33.34,49.06,25.00,20.00,0,0
2026-08-05 15:15:03,33.34,49.06,25.00,20.00,0,0
2026-08-05 15:15:04,33.34,49.06,25.00,20.00,0,0
2026-08-05 15:15:05,33.34,49.06,25.00,20.00,0,0
2026-08-05 15:15:06,33.34,49.06,25.00,20.00,0,0
2026-08-05 15:15:07,33.34,49.06,25.00,20.00,0,0
2026-08-05 15:15:08,33.33,49.06,25.00,20.00,0,0
2026-08-05 15:15:09,33.33,49.10,25.00,20.00,0,0
2026-08-05 15:15:10,33.33,49.10,25.00,20.00,0,0
2026-08-05 15:15:11,33.33,49.10,25.00,20.00,0,0
2026-08-05 15:15:12,33.33,49.10,25.00,20.00,0,0
2026-08-05 15:15:13,33.32,49.10,25.00,20.00,0,0
2026-08-05 15:15:14,33.32,49.10,25.00,20.00,0,0
2026-08-05 15:15:15,33.32,49.10,25.00,20.00,0,0
2026-08-05 15:15:16,33.32,49.10,25.00,20.00,0,0
2026-08-05 15:15:17,33.32,49.10,25.00,20.00,0,0
2026-08-05 15:15:18,33.32,49.10,25.00,20.00,0,0
2026-08-05 15:15:19,33.30,49.13,25.00,20.00,0,0
2026-08-05 15:15:20,33.30,49.13,25.00,20.00,0,0
2026-08-05 15:15:21,33.30,49.13,25.00,20.00,0,0
2026-08-05 15:15:22,33.29,49.13,25.00,20.00,0,0
2026-08-05 15:15:23,33.29,49.13,25.00,20.00,0,0
2026-08-05 15:15:24,33.29,49.13,25.00,20.00,0,0
2026-08-05 15:15:25,33.29,49.13,25.00,20.00,0,0
2026-08-05 15:15:26,33.29,49.13,25.00,20.00,0,0
2026-08-05 15:15:27,33.29,49.13,25.00,20.00,0,0
2026-08-05 15:15:28,33.29,49.17,25.00,20.00,0,0
2026-08-05 15:15:29,33.29,49.17,25.00,20.00,0,0
2026-08-05 15:15:30,33.29,49.17,25.00,20.00,0,0
2026-08-05 15:15:31,33.29,49.17,25.00,20.00,0,0
2026-08-05 15:15:32,33.29,49.17,25.00,20.00,0,0
2026-08-05 15:15:33,33.29,49.17,25.00,20.00,0,0
2026-08-05 15:15:34,33.29,49.17,25.00,20.00,0,0
2026-08-05 15:15:35,33.29,49.17,25.00,20.00,0,0
2026-08-05 15:15:36,33.29,49.17,25.00,20.00,0,0
2026-08-05 15:15:37,33.29,49.17,25.00,20.00,0,0
2026-08-05 15:15:38,33.29,49.17,25.00,20.00,0,0
2026-08-05 15:15:39,33.29,49.20,25.00,20.00,0,0
2026-08-05 15:15:40,33.29,49.20,25.00,20.00,0,0
2026-08-05 15:15:41,33.29,49.20,25.00,20.00,0,0
2026-08-05 15:15:42,33.29,49.20,25.00,20.00,0,0
2026-08-05 15:15:43,33.29,49.20,25.00,20.00,0,0
2026-08-05 15:15:44,33.28,49.20,25.00,20.00,0,0
2026-08-05 15:15:45,33.29,49.20,25.00,20.00,0,0
2026-08-05 15:15:46,33.29,49.20,25.00,20.00,0,0
2026-08-05 15:15:47,33.28,49.20,25.00,20.00,0,0
2026-08-05 15:15:48,33.28,49.20,25.00,20.00,0,0
2026-08-05 15:15:49,33.28,49.20,25.00,20.00,0,0
2026-08-05 15:15:50,33.28,49.24,25.00,20.00,0,0
2026-08-05 15:15:51,33.27,49.24,25.00,20.00,0,0
2026-08-05 15:15:52,33.28,49.24,25.00,20.00,0,0
2026-08-05 15:15:53,33.26,49.24,25.00,20.00,0,0
2026-08-05 15:15:54,33.27,49.24,25.00,20.00,0,0
2026-08-05 15:15:55,33.26,49.21,25.00,20.00,0,0
2026-08-05 15:15:56,33.26,49.24,25.00,20.00,0,0
2026-08-05 15:15:57,33.26,49.21,25.00,20.00,0,0
2026-08-05 15:15:58,33.25,49.21,25.00,20.00,0,0
2026-08-05 15:15:59,33.25,49.21,25.00,20.00,0,0
2026-08-05 15:16:00,33.25,49.28,25.00,20.00,0,0
2026-08-05 15:16:01,33.25,49.28,25.00,20.00,0,0
2026-08-05 15:16:02,33.24,49.28,25.00,20.00,0,0
2026-08-05 15:16:03,33.25,49.28,25.00,20.00,0,0
2026-08-05 15:16:04,33.24,49.28,25.00,20.00,0,0
2026-08-05 15:16:05,33.24,49.28,25.00,20.00,0,0
2026-08-05 15:16:06,33.24,49.28,25.00,20.00,0,0
2026-08-05 15:16:07,33.23,49.28,25.00,20.00,0,0
2026-08-05 15:16:08,33.23,49.28,25.00,20.00,0,0
2026-08-05 15:16:09,33.23,49.28,25.00,20.00,0,0
2026-08-05 15:16:10,33.23,49.32,25.00,20.00,0,0
2026-08-05 15:16:11,33.23,49.32,25.00,20.00,0,0
2026-08-05 15:16:12,33.23,49.32,25.00,20.00,0,0
2026-08-05 15:16:13,33.22,49.32,25.00,20.00,0,0
2026-08-05 15:16:14,33.22,49.32,25.00,20.00,0,0
2026-08-05 15:16:15,33.22,49.32,25.00,20.00,0,0
2026-08-05 15:16:16,33.22,49.32,25.00,20.00,0,0
2026-08-05 15:16:17,33.22,49.32,25.00,20.00,0,0
2026-08-05 15:16:18,33.21,49.32,25.00,20.00,0,0
2026-08-05 15:16:19,33.21,49.35,25.00,20.00,0,0
2026-08-05 15:16:20,33.21,49.35,25.00,20.00,0,0
2026-08-05 15:16:21,33.21,49.35,25.00,20.00,0,0
2026-08-05 15:16:22,33.21,49.35,25.00,20.00,0,0
2026-08-05 15:16:23,33.21,49.35,25.00,20.00,0,0
2026-08-05 15:16:24,33.20,49.35,25.00,20.00,0,0
2026-08-05 15:16:25,33.21,49.35,25.00,20.00,0,0
2026-08-05 15:16:26,33.20,49.35,25.00,20.00,0,0
2026-08-05 15:16:27,33.20,49.35,25.00,20.00,0,0
2026-08-05 15:16:28,33.20,49.35,25.00,20.00,0,0
2026-08-05 15:16:29,33.20,49.35,25.00,20.00,0,0
2026-08-05 15:16:30,33.20,49.35,25.00,20.00,0,0
2026-08-05 15:16:31,33.19,49.35,25.00,20.00,0,0
2026-08-05 15:16:32,33.19,49.35,25.00,20.00,0,0
2026-08-05 15:16:33,33.19,49.35,25.00,20.00,0,0
2026-08-05 15:16:34,33.19,49.38,25.00,20.00,0,0
2026-08-05 15:16:35,33.19,49.38,25.00,20.00,0,0
2026-08-05 15:16:36,33.19,49.38,25.00,20.00,0,0
2026-08-05 15:16:37,33.18,49.38,25.00,20.00,0,0
2026-08-05 15:16:38,33.18,49.38,25.00,20.00,0,0
2026-08-05 15:16:39,33.18,49.38,25.00,20.00,0,0
2026-08-05 15:16:40,33.16,49.38,25.00,20.00,0,0
2026-08-05 15:16:41,33.18,49.38,25.00,20.00,0,0
2026-08-05 15:16:42,33.16,49.38,25.00,20.00,0,0
2026-08-05 15:16:43,33.16,49.38,25.00,20.00,0,0
2026-08-05 15:16:44,33.16,49.38,25.00,20.00,0,0
2026-08-05 15:16:45,33.16,49.38,25.00,20.00,0,0
2026-08-05 15:16:46,33.16,49.38,25.00,20.00,0,0
2026-08-05 15:16:47,33.16,49.41,25.00,20.00,0,0
2026-08-05 15:16:48,33.16,49.41,25.00,20.00,0,0
2026-08-05 15:16:49,33.15,49.41,25.00,20.00,0,0
2026-08-05 15:16:50,33.15,49.41,25.00,20.00,0,0
2026-08-05 15:16:51,33.15,49.41,25.00,20.00,0,0
2026-08-05 15:16:52,33.15,49.41,25.00,20.00,0,0
2026-08-05 15:16:53,33.15,49.41,25.00,20.00,0,0
2026-08-05 15:16:54,33.15,49.41,25.00,20.00,0,0
2026-08-05 15:16:55,33.14,49.41,25.00,20.00,0,0
2026-08-05 15:16:56,33.14,49.41,25.00,20.00,0,0
2026-08-05 15:16:57,33.14,49.41,25.00,20.00,0,0
2026-08-05 15:16:58,33.14,49.45,25.00,20.00,0,0
2026-08-05 15:16:59,33.14,49.45,25.00,20.00,0,0
2026-08-05 15:17:00,33.14,49.45,25.00,20.00,0,0
2026-08-05 15:17:01,33.13,49.45,25.00,20.00,0,0
2026-08-05 15:17:02,33.13,49.45,25.00,20.00,0,0
2026-08-05 15:17:03,33.13,49.45,25.00,20.00,0,0
2026-08-05 15:17:04,33.13,49.45,25.00,20.00,0,0
2026-08-05 15:17:05,33.13,49.45,25.00,20.00,0,0
2026-08-05 15:17:06,33.13,49.45,25.00,20.00,0,0
2026-08-05 15:17:07,33.13,49.45,25.00,20.00,0,0
2026-08-05 15:17:08,33.12,49.45,25.00,20.00,0,0
2026-08-05 15:17:09,33.13,49.45,25.00,20.00,0,0
2026-08-05 15:17:10,33.12,49.48,25.00,20.00,0,0
2026-08-05 15:17:11,33.12,49.48,25.00,20.00,0,0
2026-08-05 15:17:12,33.12,49.48,25.00,20.00,0,0
2026-08-05 15:17:13,33.12,49.48,25.00,20.00,0,0
2026-08-05 15:17:14,33.12,49.48,25.00,20.00,0,0
2026-08-05 15:17:15,33.12,49.48,25.00,20.00,0,0
2026-08-05 15:17:16,33.11,49.46,25.00,20.00,0,0
2026-08-05 15:17:17,33.11,49.46,25.00,20.00,0,0
2026-08-05 15:17:18,33.11,49.46,25.00,20.00,0,0
2026-08-05 15:17:19,33.11,49.46,25.00,20.00,0,0
2026-08-05 15:17:20,33.11,49.46,25.00,20.00,0,0
2026-08-05 15:17:21,33.10,49.49,25.00,20.00,0,0
2026-08-05 15:17:22,33.10,49.49,25.00,20.00,0,0
2026-08-05 15:17:23,33.10,49.49,25.00,20.00,0,0
2026-08-05 15:17:24,33.10,49.49,25.00,20.00,0,0
2026-08-05 15:17:25,33.10,49.49,25.00,20.00,0,0
2026-08-05 15:17:26,33.10,49.49,25.00,20.00,0,0
2026-08-05 15:17:27,33.09,49.49,25.00,20.00,0,0
2026-08-05 15:17:28,33.09,49.49,25.00,20.00,0,0
2026-08-05 15:17:29,33.09,49.49,25.00,20.00,0,0
2026-08-05 15:17:30,33.09,49.49,25.00,20.00,0,0
2026-08-05 15:17:31,33.09,49.49,25.00,20.00,0,0
2026-08-05 15:17:32,33.08,49.49,25.00,20.00,0,0
2026-08-05 15:17:33,33.08,49.49,25.00,20.00,0,0
2026-08-05 15:17:34,33.08,49.49,25.00,20.00,0,0
2026-08-05 15:17:35,33.08,49.49,25.00,20.00,0,0
2026-08-05 15:17:36,33.08,49.53,25.00,20.00,0,0
2026-08-05 15:17:37,33.08,49.53,25.00,20.00,0,0
2026-08-05 15:17:38,33.08,49.53,25.00,20.00,0,0
2026-08-05 15:17:39,33.08,49.53,25.00,20.00,0,0
2026-08-05 15:17:40,33.07,49.53,25.00,20.00,0,0
2026-08-05 15:17:41,33.07,49.53,25.00,20.00,0,0
2026-08-05 15:17:42,33.07,49.53,25.00,20.00,0,0
2026-08-05 15:17:43,33.07,49.53,25.00,20.00,0,0
2026-08-05 15:17:44,33.07,49.53,25.00,20.00,0,0
2026-08-05 15:17:45,33.07,49.53,25.00,20.00,0,0
2026-08-05 15:17:46,33.07,49.56,25.00,20.00,0,0
2026-08-05 15:17:47,33.06,49.56,25.00,20.00,0,0
2026-08-05 15:17:48,33.06,49.56,25.00,20.00,0,0
2026-08-05 15:17:49,33.06,49.56,25.00,20.00,0,0
2026-08-05 15:17:50,33.06,49.56,25.00,20.00,0,0
2026-08-05 15:17:51,33.06,49.56,25.00,20.00,0,0
2026-08-05 15:17:52,33.06,49.56,25.00,20.00,0,0
2026-08-05 15:17:53,33.06,49.56,25.00,20.00,0,0
2026-08-05 15:17:54,33.05,49.56,25.00,20.00,0,0
2026-08-05 15:17:55,33.05,49.56,25.00,20.00,0,0
2026-08-05 15:17:56,33.05,49.56,25.00,20.00,0,0
2026-08-05 15:17:57,33.05,49.56,25.00,20.00,0,0
2026-08-05 15:17:58,33.05,49.59,25.00,20.00,0,0
2026-08-05 15:17:59,33.05,49.59,25.00,20.00,0,0
2026-08-05 15:18:00,33.05,49.59,25.00,20.00,0,0
2026-08-05 15:18:01,33.05,49.59,25.00,20.00,0,0
2026-08-05 15:18:02,33.04,49.59,25.00,20.00,0,0
2026-08-05 15:18:03,33.04,49.59,25.00,20.00,0,0
2026-08-05 15:18:04,33.04,49.59,25.00,20.00,0,0
2026-08-05 15:18:05,33.04,49.59,25.00,20.00,0,0
2026-08-05 15:18:06,33.04,49.59,25.00,20.00,0,0
2026-08-05 15:18:07,33.04,49.59,25.00,20.00,0,0
2026-08-05 15:18:08,33.03,49.59,25.00,20.00,0,0
2026-08-05 15:18:09,33.03,49.59,25.00,20.00,0,0
2026-08-05 15:18:10,33.03,49.63,25.00,20.00,0,0
2026-08-05 15:18:11,33.03,49.63,25.00,20.00,0,0
2026-08-05 15:18:12,33.03,49.63,25.00,20.00,0,0
2026-08-05 15:18:13,33.03,49.63,25.00,20.00,0,0
2026-08-05 15:18:14,33.01,49.63,25.00,20.00,0,0
2026-08-05 15:18:15,33.01,49.63,25.00,20.00,0,0
2026-08-05 15:18:16,33.01,49.63,25.00,20.00,0,0
2026-08-05 15:18:17,33.01,49.63,25.00,20.00,0,0
2026-08-05 15:18:18,33.01,49.63,25.00,20.00,0,0
2026-08-05 15:18:19,33.01,49.63,25.00,20.00,0,0
2026-08-05 15:18:20,33.00,49.63,25.00,20.00,0,0
2026-08-05 15:18:21,33.01,49.63,25.00,20.00,0,0
2026-08-05 15:18:22,33.00,49.63,25.00,20.00,0,0
2026-08-05 15:18:23,33.00,49.63,25.00,20.00,0,0
2026-08-05 15:18:24,33.00,49.66,25.00,20.00,0,0
2026-08-05 15:18:25,33.00,49.66,25.00,20.00,0,0
2026-08-05 15:18:26,33.00,49.66,25.00,20.00,0,0
2026-08-05 15:18:27,32.99,49.66,25.00,20.00,0,0
2026-08-05 15:18:28,32.99,49.66,25.00,20.00,0,0
2026-08-05 15:18:29,32.99,49.66,25.00,20.00,0,0
2026-08-05 15:18:30,32.99,49.66,25.00,20.00,0,0
2026-08-05 15:18:31,32.99,49.66,25.00,20.00,0,0
2026-08-05 15:18:32,32.99,49.66,25.00,20.00,0,0
2026-08-05 15:18:33,32.99,49.66,25.00,20.00,0,0
2026-08-05 15:18:34,32.99,49.66,25.00,20.00,0,0
2026-08-05 15:18:35,32.98,49.66,25.00,20.00,0,0
2026-08-05 15:18:36,32.98,49.66,25.00,20.00,0,0
2026-08-05 15:18:37,32.98,49.66,25.00,20.00,0,0
2026-08-05 15:18:38,32.98,49.70,25.00,20.00,0,0
2026-08-05 15:18:39,32.98,49.70,25.00,20.00,0,0
2026-08-05 15:18:40,32.98,49.70,25.00,20.00,0,0
2026-08-05 15:18:41,32.98,49.70,25.00,20.00,0,0
2026-08-05 15:18:42,32.98,49.70,25.00,20.00,0,0
2026-08-05 15:18:43,32.97,49.70,25.00,20.00,0,0
2026-08-05 15:18:44,32.97,49.70,25.00,20.00,0,0
2026-08-05 15:18:45,32.97,49.70,25.00,20.00,0,0
2026-08-05 15:18:46,32.97,49.70,25.00,20.00,0,0
2026-08-05 15:18:47,32.97,49.70,25.00,20.00,0,0
2026-08-05 15:18:48,32.97,49.70,25.00,20.00,0,0
2026-08-05 15:18:49,32.97,49.70,25.00,20.00,0,0
2026-08-05 15:18:50,32.97,49.70,25.00,20.00,0,0
2026-08-05 15:18:51,32.97,49.70,25.00,20.00,0,0
2026-08-05 15:18:52,32.97,49.70,25.00,20.00,0,0
2026-08-05 15:18:53,32.96,49.70,25.00,20.00,0,0
2026-08-05 15:18:54,32.96,49.73,25.00,20.00,0,0
2026-08-05 15:18:55,32.96,49.73,25.00,20.00,0,0
2026-08-05 15:18:56,32.96,49.73,25.00,20.00,0,0
2026-08-05 15:18:57,32.95,49.73,25.00,20.00,0,0
2026-08-05 15:18:58,32.95,49.73,25.00,20.00,0,0
2026-08-05 15:18:59,32.95,49.73,25.00,20.00,0,0
2026-08-05 15:19:00,32.95,49.73,25.00,20.00,0,0
2026-08-05 15:19:01,32.95,49.73,25.00,20.00,0,0
2026-08-05 15:19:02,32.95,49.73,25.00,20.00,0,0
2026-08-05 15:19:03,32.95,49.73,25.00,20.00,0,0
2026-08-05 15:19:04,32.95,49.73,25.00,20.00,0,0
2026-08-05 15:19:05,32.94,49.73,25.00,20.00,0,0
2026-08-05 15:19:06,32.94,49.77,25.00,20.00,0,0
2026-08-05 15:19:07,32.94,49.77,25.00,20.00,0,0
2026-08-05 15:19:08,32.94,49.77,25.00,20.00,0,0
2026-08-05 15:19:09,32.94,49.77,25.00,20.00,0,0
2026-08-05 15:19:10,32.94,49.74,25.00,20.00,0,0
2026-08-05 15:19:11,32.94,49.74,25.00,20.00,0,0
2026-08-05 15:19:12,32.94,49.74,25.00,20.00,0,0
2026-08-05 15:19:13,32.94,49.74,25.00,20.00,0,0
2026-08-05 15:19:14,32.93,49.74,25.00,20.00,0,0
2026-08-05 15:19:15,32.93,49.74,25.00,20.00,0,0
2026-08-05 15:19:16,32.93,49.74,25.00,20.00,0,0
2026-08-05 15:19:17,32.93,49.74,25.00,20.00,0,0
2026-08-05 15:19:18,32.93,49.74,25.00,20.00,0,0
2026-08-05 15:19:19,32.93,49.77,25.00,20.00,0,0
2026-08-05 15:19:20,32.92,49.74,25.00,20.00,0,0
2026-08-05 15:19:21,32.93,49.77,25.00,20.00,0,0
2026-08-05 15:19:23,32.92,49.77,25.00,20.00,0,0
2026-08-05 15:19:24,32.92,49.77,25.00,20.00,0,0
2026-08-05 15:19:25,32.92,49.77,25.00,20.00,0,0
2026-08-05 15:19:26,32.92,49.77,25.00,20.00,0,0
2026-08-05 15:19:27,32.91,49.77,25.00,20.00,0,0
2026-08-05 15:19:28,32.91,49.77,25.00,20.00,0,0
2026-08-05 15:19:29,32.92,49.77,25.00,20.00,0,0
2026-08-05 15:19:30,32.91,49.77,25.00,20.00,0,0
2026-08-05 15:19:31,32.91,49.77,25.00,20.00,0,0
2026-08-05 15:19:32,32.91,49.77,25.00,20.00,0,0
2026-08-05 15:19:33,32.91,49.77,25.00,20.00,0,0
2026-08-05 15:19:34,32.91,49.80,25.00,20.00,0,0
2026-08-05 15:19:35,32.91,49.80,25.00,20.00,0,0
2026-08-05 15:19:36,32.91,49.80,25.00,20.00,0,0
2026-08-05 15:19:37,32.91,49.80,25.00,20.00,0,0
2026-08-05 15:19:38,32.91,49.80,25.00,20.00,0,0
2026-08-05 15:19:39,32.90,49.80,25.00,20.00,0,0
2026-08-05 15:19:40,32.90,49.80,25.00,20.00,0,0
2026-08-05 15:19:41,32.90,49.80,25.00,20.00,0,0
2026-08-05 15:19:42,32.90,49.80,25.00,20.00,0,0
2026-08-05 15:19:43,32.90,49.80,25.00,20.00,0,0
2026-08-05 15:19:44,32.90,49.80,25.00,20.00,0,0
2026-08-05 15:19:45,32.89,49.80,25.00,20.00,0,0
2026-08-05 15:19:46,32.89,49.80,25.00,20.00,0,0
2026-08-05 15:19:47,32.89,49.80,25.00,20.00,0,0
2026-08-05 15:19:48,32.89,49.80,25.00,20.00,0,0
2026-08-05 15:19:49,32.89,49.80,25.00,20.00,0,0
2026-08-05 15:19:50,32.89,49.84,25.00,20.00,0,0
2026-08-05 15:19:51,32.89,49.80,25.00,20.00,0,0
2026-08-05 15:19:52,32.89,49.84,25.00,20.00,0,0
2026-08-05 15:19:53,32.88,49.84,25.00,20.00,0,0
2026-08-05 15:19:54,32.88,49.84,25.00,20.00,0,0
2026-08-05 15:19:55,32.88,49.84,25.00,20.00,0,0
2026-08-05 15:19:56,32.88,49.84,25.00,20.00,0,0
2026-08-05 15:19:57,32.88,49.84,25.00,20.00,0,0
2026-08-05 15:19:58,32.88,49.84,25.00,20.00,0,0
2026-08-05 15:19:59,32.86,49.84,25.00,20.00,0,0
2026-08-05 15:20:00,32.86,49.84,25.00,20.00,0,0
2026-08-05 15:20:01,32.86,49.84,25.00,20.00,0,0
2026-08-05 15:20:02,32.86,49.84,25.00,20.00,0,0
2026-08-05 15:20:03,32.86,49.84,25.00,20.00,0,0
2026-08-05 15:20:04,32.86,49.84,25.00,20.00,0,0
2026-08-05 15:20:05,32.86,49.87,25.00,20.00,0,0
2026-08-05 15:20:06,32.86,49.87,25.00,20.00,0,0
2026-08-05 15:20:07,32.85,49.87,25.00,20.00,0,0
2026-08-05 15:20:08,32.85,49.87,25.00,20.00,0,0
2026-08-05 15:20:09,32.85,49.87,25.00,20.00,0,0
2026-08-05 15:20:10,32.85,49.87,25.00,20.00,0,0
2026-08-05 15:20:11,32.85,49.87,25.00,20.00,0,0
2026-08-05 15:20:12,32.84,49.87,25.00,20.00,0,0
2026-08-05 15:20:13,32.85,49.87,25.00,20.00,0,0
2026-08-05 15:20:14,32.84,49.87,25.00,20.00,0,0
2026-08-05 15:20:15,32.84,49.87,25.00,20.00,0,0
2026-08-05 15:20:16,32.84,49.87,25.00,20.00,0,0
2026-08-05 15:20:17,32.84,49.87,25.00,20.00,0,0
2026-08-05 15:20:18,32.84,49.87,25.00,20.00,0,0
2026-08-05 15:20:19,32.84,49.91,25.00,20.00,0,0
2026-08-05 15:20:20,32.83,49.91,25.00,20.00,0,0
2026-08-05 15:20:21,32.83,49.91,25.00,20.00,0,0
2026-08-05 15:20:22,32.83,49.91,25.00,20.00,0,0
2026-08-05 15:20:23,32.83,49.91,25.00,20.00,0,0
2026-08-05 15:20:24,32.83,49.91,25.00,20.00,0,0
2026-08-05 15:20:25,32.83,49.91,25.00,20.00,0,0
2026-08-05 15:20:26,32.82,49.91,25.00,20.00,0,0
2026-08-05 15:20:27,32.82,49.91,25.00,20.00,0,0
2026-08-05 15:20:28,32.82,49.91,25.00,20.00,0,0
2026-08-05 15:20:29,32.82,49.91,25.00,20.00,0,0
2026-08-05 15:20:30,32.82,49.91,25.00,20.00,0,0
2026-08-05 15:20:31,32.82,49.91,25.00,20.00,0,0
2026-08-05 15:20:32,32.82,49.91,25.00,20.00,0,0
2026-08-05 15:20:33,32.82,49.91,25.00,20.00,0,0
2026-08-05 15:20:34,32.82,49.91,25.00,20.00,0,0
2026-08-05 15:20:35,32.82,49.91,25.00,20.00,0,0
2026-08-05 15:20:36,32.81,49.91,25.00,20.00,0,0
2026-08-05 15:20:37,32.82,49.91,25.00,20.00,0,0
2026-08-05 15:20:38,32.81,49.91,25.00,20.00,0,0
2026-08-05 15:20:39,32.81,49.91,25.00,20.00,0,0
2026-08-05 15:20:40,32.81,49.94,25.00,20.00,0,0
2026-08-05 15:20:41,32.81,49.94,25.00,20.00,0,0
2026-08-05 15:20:42,32.81,49.94,25.00,20.00,0,0
2026-08-05 15:20:43,32.81,49.94,25.00,20.00,0,0
2026-08-05 15:20:44,32.80,49.94,25.00,20.00,0,0
2026-08-05 15:20:45,32.80,49.94,25.00,20.00,0,0
2026-08-05 15:20:46,32.80,49.94,25.00,20.00,0,0
2026-08-05 15:20:47,32.80,49.94,25.00,20.00,0,0
2026-08-05 15:20:48,32.80,49.94,25.00,20.00,0,0
2026-08-05 15:20:49,32.80,49.94,25.00,20.00,0,0
2026-08-05 15:20:50,32.80,49.94,25.00,20.00,0,0
2026-08-05 15:20:51,32.80,49.94,25.00,20.00,0,0
2026-08-05 15:20:52,32.79,49.94,25.00,20.00,0,0
2026-08-05 15:20:53,32.79,49.94,25.00,20.00,0,0
2026-08-05 15:20:54,32.79,50.01,25.00,20.00,0,0
2026-08-05 15:20:55,32.79,50.01,25.00,20.00,0,0
2026-08-05 15:20:56,32.79,50.01,25.00,20.00,0,0
2026-08-05 15:20:57,32.79,50.01,25.00,20.00,0,0
2026-08-05 15:20:58,32.79,50.01,25.00,20.00,0,0
2026-08-05 15:20:59,32.79,50.01,25.00,20.00,0,0
2026-08-05 15:21:00,32.79,50.01,25.00,20.00,0,0
2026-08-05 15:21:01,32.78,50.01,25.00,20.00,0,0
2026-08-05 15:21:02,32.78,50.01,25.00,20.00,0,0
2026-08-05 15:21:03,32.78,50.01,25.00,20.00,0,0
2026-08-05 15:21:04,32.78,49.99,25.00,20.00,0,0
2026-08-05 15:21:05,32.78,50.01,25.00,20.00,0,0
2026-08-05 15:21:06,32.78,50.01,25.00,20.00,0,0
2026-08-05 15:21:07,32.78,49.99,25.00,20.00,0,0
2026-08-05 15:21:08,32.78,50.01,25.00,20.00,0,0
2026-08-05 15:21:09,32.77,49.99,25.00,20.00,0,0
2026-08-05 15:21:10,32.77,50.01,25.00,20.00,0,0
2026-08-05 15:21:11,32.77,49.99,25.00,20.00,0,0
2026-08-05 15:21:12,32.77,49.99,25.00,20.00,0,0
2026-08-05 15:21:13,32.77,49.99,25.00,20.00,0,0
2026-08-05 15:21:14,32.77,50.02,25.00,20.00,0,0
2026-08-05 15:21:15,32.76,50.02,25.00,20.00,0,0
2026-08-05 15:21:16,32.76,50.02,25.00,20.00,0,0
2026-08-05 15:21:17,32.76,50.02,25.00,20.00,0,0
2026-08-05 15:21:18,32.76,50.02,25.00,20.00,0,0
2026-08-05 15:21:19,32.76,50.02,25.00,20.00,0,0
2026-08-05 15:21:20,32.76,50.02,25.00,20.00,0,0
2026-08-05 15:21:21,32.76,50.02,25.00,20.00,0,0
2026-08-05 15:21:22,32.76,50.02,25.00,20.00,0,0
2026-08-05 15:21:23,32.75,50.02,25.00,20.00,0,0
2026-08-05 15:21:24,32.76,50.02,25.00,20.00,0,0
2026-08-05 15:21:25,32.76,50.02,25.00,20.00,0,0
2026-08-05 15:21:26,32.75,50.02,25.00,20.00,0,0
2026-08-05 15:21:27,32.75,50.02,25.00,20.00,0,0
2026-08-05 15:21:28,32.75,50.02,25.00,20.00,0,0
2026-08-05 15:21:29,32.75,50.06,25.00,20.00,0,0
2026-08-05 15:21:30,32.74,50.02,25.00,20.00,0,0
2026-08-05 15:21:31,32.75,50.06,25.00,20.00,0,0
2026-08-05 15:21:32,32.74,50.06,25.00,20.00,0,0
2026-08-05 15:21:33,32.74,50.06,25.00,20.00,0,0
2026-08-05 15:21:34,32.75,50.06,25.00,20.00,0,0
2026-08-05 15:21:35,32.74,50.06,25.00,20.00,0,0
2026-08-05 15:21:36,32.74,50.06,25.00,20.00,0,0
2026-08-05 15:21:37,32.74,50.06,25.00,20.00,0,0
2026-08-05 15:21:38,32.74,50.06,25.00,20.00,0,0
2026-08-05 15:21:39,32.74,50.06,25.00,20.00,0,0
2026-08-05 15:21:40,32.74,50.06,25.00,20.00,0,0
2026-08-05 15:21:41,32.74,50.06,25.00,20.00,0,0
2026-08-05 15:21:42,32.74,50.06,25.00,20.00,0,0
2026-08-05 15:21:43,32.74,50.06,25.00,20.00,0,0
2026-08-05 15:21:44,32.74,50.06,25.00,20.00,0,0
2026-08-05 15:21:45,32.73,50.09,25.00,20.00,0,0
2026-08-05 15:21:46,32.73,50.09,25.00,20.00,0,0
2026-08-05 15:21:47,32.73,50.09,25.00,20.00,0,0
2026-08-05 15:21:48,32.73,50.09,25.00,20.00,0,0
2026-08-05 15:21:49,32.71,50.09,25.00,20.00,0,0
2026-08-05 15:21:50,32.71,50.09,25.00,20.00,0,0
2026-08-05 15:21:51,32.71,50.09,25.00,20.00,0,0
2026-08-05 15:21:52,32.71,50.09,25.00,20.00,0,0
2026-08-05 15:21:53,32.71,50.09,25.00,20.00,0,0
2026-08-05 15:21:54,32.71,50.09,25.00,20.00,0,0
2026-08-05 15:21:55,32.71,50.09,25.00,20.00,0,0
2026-08-05 15:21:56,32.71,50.09,25.00,20.00,0,0
2026-08-05 15:21:57,32.71,50.09,25.00,20.00,0,0
2026-08-05 15:21:58,32.70,50.09,25.00,20.00,0,0
2026-08-05 15:21:59,32.70,50.09,25.00,20.00,0,0
2026-08-05 15:22:00,32.70,50.09,25.00,20.00,0,0
2026-08-05 15:22:01,32.70,50.09,25.00,20.00,0,0
2026-08-05 15:22:02,32.70,50.09,25.00,20.00,0,0
2026-08-05 15:22:03,32.70,50.09,25.00,20.00,0,0
2026-08-05 15:22:04,32.70,50.09,25.00,20.00,0,0
2026-08-05 15:22:05,32.70,50.09,25.00,20.00,0,0
2026-08-05 15:22:06,32.70,50.12,25.00,20.00,0,0
2026-08-05 15:22:07,32.69,50.12,25.00,20.00,0,0
2026-08-05 15:22:08,32.69,50.12,25.00,20.00,0,0
2026-08-05 15:22:09,32.69,50.12,25.00,20.00,0,0
2026-08-05 15:22:10,32.69,50.12,25.00,20.00,0,0
2026-08-05 15:22:11,32.69,50.12,25.00,20.00,0,0
2026-08-05 15:22:12,32.69,50.12,25.00,20.00,0,0
2026-08-05 15:22:13,32.69,50.12,25.00,20.00,0,0
2026-08-05 15:22:14,32.69,50.12,25.00,20.00,0,0
2026-08-05 15:22:15,32.68,50.12,25.00,20.00,0,0
2026-08-05 15:22:16,32.68,50.12,25.00,20.00,0,0
2026-08-05 15:22:17,32.68,50.12,25.00,20.00,0,0
2026-08-05 15:22:18,32.68,50.12,25.00,20.00,0,0
2026-08-05 15:22:19,32.68,50.12,25.00,20.00,0,0
2026-08-05 15:22:20,32.68,50.15,25.00,20.00,0,0
2026-08-05 15:22:21,32.68,50.15,25.00,20.00,0,0
2026-08-05 15:22:22,32.68,50.15,25.00,20.00,0,0
2026-08-05 15:22:23,32.67,50.15,25.00,20.00,0,0
2026-08-05 15:22:24,32.68,50.15,25.00,20.00,0,0
2026-08-05 15:22:25,32.67,50.15,25.00,20.00,0,0
2026-08-05 15:22:26,32.67,50.15,25.00,20.00,0,0
2026-08-05 15:22:27,32.67,50.15,25.00,20.00,0,0
2026-08-05 15:22:28,32.67,50.15,25.00,20.00,0,0
2026-08-05 15:22:29,32.67,50.15,25.00,20.00,0,0
2026-08-05 15:22:30,32.67,50.15,25.00,20.00,0,0
2026-08-05 15:22:31,32.67,50.15,25.00,20.00,0,0
2026-08-05 15:22:32,32.66,50.15,25.00,20.00,0,0
2026-08-05 15:22:33,32.67,50.15,25.00,20.00,0,0
2026-08-05 15:22:34,32.66,50.15,25.00,20.00,0,0
2026-08-05 15:22:35,32.66,50.15,25.00,20.00,0,0
2026-08-05 15:22:36,32.66,50.15,25.00,20.00,0,0
2026-08-05 15:22:37,32.66,50.15,25.00,20.00,0,0
2026-08-05 15:22:38,32.66,50.15,25.00,20.00,0,0
2026-08-05 15:22:39,32.66,50.15,25.00,20.00,0,0
2026-08-05 15:22:40,32.66,50.15,25.00,20.00,0,0
2026-08-05 15:22:41,32.65,50.15,25.00,20.00,0,0
2026-08-05 15:22:42,32.65,50.19,25.00,20.00,0,0
2026-08-05 15:22:43,32.65,50.19,25.00,20.00,0,0
2026-08-05 15:22:44,32.65,50.19,25.00,20.00,0,0
2026-08-05 15:22:45,32.65,50.19,25.00,20.00,0,0
2026-08-05 15:22:46,32.65,50.19,25.00,20.00,0,0
2026-08-05 15:22:47,32.65,50.19,25.00,20.00,0,0
2026-08-05 15:22:48,32.65,50.19,25.00,20.00,0,0
2026-08-05 15:22:49,32.65,50.19,25.00,20.00,0,0
2026-08-05 15:22:50,32.64,50.19,25.00,20.00,0,0
2026-08-05 15:22:51,32.64,50.19,25.00,20.00,0,0
2026-08-05 15:22:52,32.64,50.19,25.00,20.00,0,0
2026-08-05 15:22:53,32.64,50.19,25.00,20.00,0,0
2026-08-05 15:22:54,32.64,50.19,25.00,20.00,0,0
2026-08-05 15:22:55,32.64,50.19,25.00,20.00,0,0
2026-08-05 15:22:56,32.64,50.22,25.00,20.00,0,0
2026-08-05 15:22:57,32.64,50.22,25.00,20.00,0,0
2026-08-05 15:22:58,32.64,50.22,25.00,20.00,0,0
2026-08-05 15:22:59,32.63,50.22,25.00,20.00,0,0
2026-08-05 15:23:00,32.63,50.22,25.00,20.00,0,0
2026-08-05 15:23:01,32.63,50.22,25.00,20.00,0,0
2026-08-05 15:23:02,32.63,50.22,25.00,20.00,0,0
2026-08-05 15:23:03,32.63,50.22,25.00,20.00,0,0
2026-08-05 15:23:04,32.63,50.22,25.00,20.00,0,0
2026-08-05 15:23:05,32.63,50.22,25.00,20.00,0,0
2026-08-05 15:23:06,32.63,50.22,25.00,20.00,0,0
2026-08-05 15:23:07,32.63,50.22,25.00,20.00,0,0
2026-08-05 15:23:08,32.63,50.22,25.00,20.00,0,0
2026-08-05 15:23:09,32.62,50.22,25.00,20.00,0,0
2026-08-05 15:23:10,32.62,50.22,25.00,20.00,0,0
2026-08-05 15:23:11,32.62,50.22,25.00,20.00,0,0
2026-08-05 15:23:12,32.62,50.22,25.00,20.00,0,0
2026-08-05 15:23:13,32.62,50.22,25.00,20.00,0,0
2026-08-05 15:23:14,32.62,50.22,25.00,20.00,0,0
2026-08-05 15:23:15,32.62,50.22,25.00,20.00,0,0
2026-08-05 15:23:16,32.62,50.22,25.00,20.00,0,0
2026-08-05 15:23:17,32.61,50.22,25.00,20.00,0,0
2026-08-05 15:23:18,32.61,50.22,25.00,20.00,0,0
2026-08-05 15:23:19,32.61,50.22,25.00,20.00,0,0
2026-08-05 15:23:20,32.61,50.25,25.00,20.00,0,0
2026-08-05 15:23:21,32.61,50.25,25.00,20.00,0,0
2026-08-05 15:23:22,32.61,50.25,25.00,20.00,0,0
2026-08-05 15:23:23,32.60,50.25,25.00,20.00,0,0
2026-08-05 15:23:24,32.60,50.25,25.00,20.00,0,0
2026-08-05 15:23:25,32.61,50.25,25.00,20.00,0,0
2026-08-05 15:23:26,32.60,50.25,25.00,20.00,0,0
2026-08-05 15:23:27,32.60,50.25,25.00,20.00,0,0
2026-08-05 15:23:28,32.60,50.25,25.00,20.00,0,0
2026-08-05 15:23:29,32.60,50.23,25.00,20.00,0,0
2026-08-05 15:23:30,32.60,50.25,25.00,20.00,0,0
2026-08-05 15:23:31,32.60,50.23,25.00,20.00,0,0
2026-08-05 15:23:32,32.60,50.25,25.00,20.00,0,0
2026-08-05 15:23:33,32.60,50.23,25.00,20.00,0,0
2026-08-05 15:23:34,32.60,50.25,25.00,20.00,0,0
2026-08-05 15:23:35,32.59,50.25,25.00,20.00,0,0
2026-08-05 15:23:36,32.59,50.25,25.00,20.00,0,0
2026-08-05 15:23:37,32.60,50.23,25.00,20.00,0,0
2026-08-05 15:23:38,32.59,50.23,25.00,20.00,0,0
2026-08-05 15:23:39,32.59,50.23,25.00,20.00,0,0
2026-08-05 15:23:40,32.59,50.23,25.00,20.00,0,0
2026-08-05 15:23:41,32.59,50.23,25.00,20.00,0,0
2026-08-05 15:23:42,32.59,50.23,25.00,20.00,0,0
2026-08-05 15:23:43,32.59,50.26,25.00,20.00,0,0
2026-08-05 15:23:44,32.59,50.23,25.00,20.00,0,0
2026-08-05 15:23:45,32.59,50.26,25.00,20.00,0,0
2026-08-05 15:23:46,32.58,50.26,25.00,20.00,0,0
2026-08-05 15:23:47,32.58,50.26,25.00,20.00,0,0
2026-08-05 15:23:48,32.58,50.26,25.00,20.00,0,0
2026-08-05 15:23:49,32.58,50.26,25.00,20.00,0,0
2026-08-05 15:23:50,32.58,50.26,25.00,20.00,0,0
2026-08-05 15:23:51,32.58,50.26,25.00,20.00,0,0
2026-08-05 15:23:52,32.56,50.26,25.00,20.00,0,0
2026-08-05 15:23:53,32.56,50.26,25.00,20.00,0,0
2026-08-05 15:23:54,32.56,50.26,25.00,20.00,0,0
2026-08-05 15:23:55,32.58,50.26,25.00,20.00,0,0
2026-08-05 15:23:56,32.56,50.26,25.00,20.00,0,0
2026-08-05 15:23:57,32.56,50.30,25.00,20.00,0,0
2026-08-05 15:23:58,32.56,50.26,25.00,20.00,0,0
2026-08-05 15:23:59,32.56,50.30,25.00,20.00,0,0
2026-08-05 15:24:00,32.56,50.30,25.00,20.00,0,0
2026-08-05 15:24:01,32.56,50.30,25.00,20.00,0,0
2026-08-05 15:24:02,32.56,50.30,25.00,20.00,0,0
2026-08-05 15:24:03,32.55,50.30,25.00,20.00,0,0
2026-08-05 15:24:04,32.55,50.30,25.00,20.00,0,0
2026-08-05 15:24:05,32.55,50.30,25.00,20.00,0,0
2026-08-05 15:24:06,32.55,50.30,25.00,20.00,0,0
2026-08-05 15:24:07,32.55,50.30,25.00,20.00,0,0
2026-08-05 15:24:08,32.55,50.30,25.00,20.00,0,0
2026-08-05 15:24:09,32.55,50.30,25.00,20.00,0,0
2026-08-05 15:24:10,32.55,50.30,25.00,20.00,0,0
2026-08-05 15:24:11,32.54,50.30,25.00,20.00,0,0
2026-08-05 15:24:12,32.54,50.30,25.00,20.00,0,0
2026-08-05 15:24:13,32.54,50.30,25.00,20.00,0,0
2026-08-05 15:24:14,32.54,50.30,25.00,20.00,0,0
2026-08-05 15:24:15,32.54,50.30,25.00,20.00,0,0
2026-08-05 15:24:16,32.54,50.30,25.00,20.00,0,0
2026-08-05 15:24:17,32.54,50.30,25.00,20.00,0,0
2026-08-05 15:24:18,32.54,50.30,25.00,20.00,0,0
2026-08-05 15:24:19,32.54,50.30,25.00,20.00,0,0
2026-08-05 15:24:20,32.53,50.30,25.00,20.00,0,0
2026-08-05 15:24:21,32.53,50.33,25.00,20.00,0,0
2026-08-05 15:24:22,32.53,50.33,25.00,20.00,0,0
2026-08-05 15:24:23,32.53,50.33,25.00,20.00,0,0
2026-08-05 15:24:24,32.53,50.33,25.00,20.00,0,0
2026-08-05 15:24:25,32.53,50.33,25.00,20.00,0,0
2026-08-05 15:24:26,32.53,50.33,25.00,20.00,0,0
2026-08-05 15:24:27,32.53,50.33,25.00,20.00,0,0
2026-08-05 15:24:28,32.53,50.33,25.00,20.00,0,0
2026-08-05 15:24:29,32.52,50.33,25.00,20.00,0,0
2026-08-05 15:24:30,32.53,50.33,25.00,20.00,0,0
2026-08-05 15:24:31,32.52,50.33,25.00,20.00,0,0
2026-08-05 15:24:32,32.52,50.33,25.00,20.00,0,0
2026-08-05 15:24:33,32.52,50.33,25.00,20.00,0,0
2026-08-05 15:24:34,32.52,50.33,25.00,20.00,0,0
2026-08-05 15:24:35,32.52,50.33,25.00,20.00,0,0
2026-08-05 15:24:36,32.52,50.33,25.00,20.00,0,0
2026-08-05 15:24:37,32.52,50.37,25.00,20.00,0,0
2026-08-05 15:24:38,32.52,50.37,25.00,20.00,0,0
2026-08-05 15:24:39,32.51,50.37,25.00,20.00,0,0
2026-08-05 15:24:40,32.52,50.37,25.00,20.00,0,0
2026-08-05 15:24:41,32.51,50.37,25.00,20.00,0,0
2026-08-05 15:24:42,32.51,50.37,25.00,20.00,0,0
2026-08-05 15:24:43,32.51,50.37,25.00,20.00,0,0
2026-08-05 15:24:44,32.51,50.37,25.00,20.00,0,0
2026-08-05 15:24:45,32.51,50.37,25.00,20.00,0,0
2026-08-05 15:24:46,32.51,50.37,25.00,20.00,0,0
2026-08-05 15:24:47,32.50,50.37,25.00,20.00,0,0
2026-08-05 15:24:48,32.51,50.37,25.00,20.00,0,0
2026-08-05 15:24:49,32.50,50.37,25.00,20.00,0,0
2026-08-05 15:24:50,32.50,50.37,25.00,20.00,0,0
2026-08-05 15:24:51,32.50,50.37,25.00,20.00,0,0
2026-08-05 15:24:52,32.50,50.37,25.00,20.00,0,0
2026-08-05 15:24:53,32.50,50.37,25.00,20.00,0,0
2026-08-05 15:24:54,32.50,50.37,25.00,20.00,0,0
2026-08-05 15:24:55,32.50,50.37,25.00,20.00,0,0
2026-08-05 15:24:56,32.50,50.37,25.00,20.00,0,0
2026-08-05 15:24:57,32.50,50.37,25.00,20.00,0,0
2026-08-05 15:24:58,32.49,50.37,25.00,20.00,0,0
2026-08-05 15:24:59,32.49,50.37,25.00,20.00,0,0
2026-08-05 15:25:00,32.49,50.37,25.00,20.00,0,0
2026-08-05 15:25:01,32.49,50.37,25.00,20.00,0,0
2026-08-05 15:25:02,32.49,50.37,25.00,20.00,0,0
2026-08-05 15:25:03,32.49,50.37,25.00,20.00,0,0
2026-08-05 15:25:04,32.49,50.40,25.00,20.00,0,0
2026-08-05 15:25:05,32.49,50.40,25.00,20.00,0,0
2026-08-05 15:25:06,32.49,50.40,25.00,20.00,0,0
2026-08-05 15:25:07,32.49,50.40,25.00,20.00,0,0
2026-08-05 15:25:08,32.49,50.40,25.00,20.00,0,0
2026-08-05 15:25:09,32.48,50.40,25.00,20.00,0,0
2026-08-05 15:25:10,32.48,50.40,25.00,20.00,0,0
2026-08-05 15:25:11,32.48,50.40,25.00,20.00,0,0
2026-08-05 15:25:12,32.48,50.40,25.00,20.00,0,0
2026-08-05 15:25:13,32.48,50.40,25.00,20.00,0,0
2026-08-05 15:25:14,32.48,50.40,25.00,20.00,0,0
2026-08-05 15:25:15,32.47,50.40,25.00,20.00,0,0
2026-08-05 15:25:16,32.47,50.40,25.00,20.00,0,0
2026-08-05 15:25:17,32.47,50.40,25.00,20.00,0,0
2026-08-05 15:25:18,32.47,50.40,25.00,20.00,0,0
2026-08-05 15:25:19,32.47,50.40,25.00,20.00,0,0
2026-08-05 15:25:20,32.47,50.40,25.00,20.00,0,0
2026-08-05 15:25:21,32.47,50.40,25.00,20.00,0,0
2026-08-05 15:25:22,32.47,50.43,25.00,20.00,0,0
2026-08-05 15:25:23,32.47,50.43,25.00,20.00,0,0
2026-08-05 15:25:24,32.47,50.43,25.00,20.00,0,0
2026-08-05 15:25:25,32.46,50.43,25.00,20.00,0,0
2026-08-05 15:25:26,32.47,50.43,25.00,20.00,0,0
2026-08-05 15:25:27,32.47,50.43,25.00,20.00,0,0
2026-08-05 15:25:28,32.46,50.43,25.00,20.00,0,0
2026-08-05 15:25:29,32.46,50.43,25.00,20.00,0,0
2026-08-05 15:25:30,32.46,50.43,25.00,20.00,0,0
2026-08-05 15:25:31,32.46,50.43,25.00,20.00,0,0
2026-08-05 15:25:32,32.46,50.43,25.00,20.00,0,0
2026-08-05 15:25:33,32.46,50.43,25.00,20.00,0,0
2026-08-05 15:25:34,32.46,50.43,25.00,20.00,0,0
2026-08-05 15:25:35,32.45,50.43,25.00,20.00,0,0
2026-08-05 15:25:36,32.46,50.43,25.00,20.00,0,0
2026-08-05 15:25:37,32.45,50.43,25.00,20.00,0,0
2026-08-05 15:25:38,32.45,50.43,25.00,20.00,0,0
2026-08-05 15:25:39,32.45,50.43,25.00,20.00,0,0
2026-08-05 15:25:40,32.45,50.43,25.00,20.00,0,0
2026-08-05 15:25:41,32.45,50.43,25.00,20.00,0,0
2026-08-05 15:25:42,32.45,50.43,25.00,20.00,0,0
2026-08-05 15:25:43,32.45,50.43,25.00,20.00,0,0
2026-08-05 15:25:44,32.44,50.43,25.00,20.00,0,0
2026-08-05 15:25:45,32.44,50.43,25.00,20.00,0,0
2026-08-05 15:25:46,32.44,50.47,25.00,20.00,0,0
2026-08-05 15:25:47,32.44,50.47,25.00,20.00,0,0
2026-08-05 15:25:48,32.44,50.47,25.00,20.00,0,0
2026-08-05 15:25:49,32.44,50.44,25.00,20.00,0,0
2026-08-05 15:25:50,32.44,50.47,25.00,20.00,0,0
2026-08-05 15:25:51,32.44,50.47,25.00,20.00,0,0
2026-08-05 15:25:52,32.44,50.44,25.00,20.00,0,0
2026-08-05 15:25:53,32.44,50.44,25.00,20.00,0,0
2026-08-05 15:25:54,32.44,50.47,25.00,20.00,0,0
2026-08-05 15:25:55,32.42,50.44,25.00,20.00,0,0
2026-08-05 15:25:56,32.42,50.44,25.00,20.00,0,0
2026-08-05 15:25:57,32.42,50.44,25.00,20.00,0,0
2026-08-05 15:25:58,32.42,50.44,25.00,20.00,0,0
2026-08-05 15:25:59,32.41,50.44,25.00,20.00,0,0
2026-08-05 15:26:00,32.42,50.44,25.00,20.00,0,0
2026-08-05 15:26:01,32.41,50.44,25.00,20.00,0,0
2026-08-05 15:26:02,32.41,50.44,25.00,20.00,0,0
2026-08-05 15:26:03,32.41,50.44,25.00,20.00,0,0
2026-08-05 15:26:04,32.41,50.44,25.00,20.00,0,0
2026-08-05 15:26:05,32.41,50.44,25.00,20.00,0,0
2026-08-05 15:26:06,32.41,50.44,25.00,20.00,0,0
2026-08-05 15:26:07,32.41,50.44,25.00,20.00,0,0
2026-08-05 15:26:08,32.41,50.48,25.00,20.00,0,0
2026-08-05 15:26:09,32.41,50.44,25.00,20.00,0,0
2026-08-05 15:26:10,32.41,50.48,25.00,20.00,0,0
2026-08-05 15:26:11,32.41,50.48,25.00,20.00,0,0
2026-08-05 15:26:12,32.41,50.48,25.00,20.00,0,0
2026-08-05 15:26:13,32.40,50.48,25.00,20.00,0,0
2026-08-05 15:26:14,32.40,50.48,25.00,20.00,0,0
2026-08-05 15:26:15,32.40,50.48,25.00,20.00,0,0
2026-08-05 15:26:16,32.40,50.48,25.00,20.00,0,0
2026-08-05 15:26:17,32.40,50.48,25.00,20.00,0,0
2026-08-05 15:26:18,32.40,50.48,25.00,20.00,0,0
2026-08-05 15:26:19,32.39,50.48,25.00,20.00,0,0
2026-08-05 15:26:20,32.39,50.48,25.00,20.00,0,0
2026-08-05 15:26:21,32.39,50.48,25.00,20.00,0,0
2026-08-05 15:26:22,32.39,50.48,25.00,20.00,0,0
2026-08-05 15:26:23,32.39,50.48,25.00,20.00,0,0
2026-08-05 15:26:24,32.39,50.48,25.00,20.00,0,0
2026-08-05 15:26:25,32.38,50.48,25.00,20.00,0,0
2026-08-05 15:26:26,32.38,50.48,25.00,20.00,0,0
2026-08-05 15:26:27,32.38,50.48,25.00,20.00,0,0
2026-08-05 15:26:28,32.38,50.48,25.00,20.00,0,0
2026-08-05 15:26:29,32.38,50.48,25.00,20.00,0,0
2026-08-05 15:26:30,32.37,50.48,25.00,20.00,0,0
2026-08-05 15:26:31,32.38,50.51,25.00,20.00,0,0
2026-08-05 15:26:32,32.37,50.48,25.00,20.00,0,0
2026-08-05 15:26:33,32.37,50.51,25.00,20.00,0,0
2026-08-05 15:26:34,32.37,50.51,25.00,20.00,0,0
2026-08-05 15:26:35,32.37,50.51,25.00,20.00,0,0
2026-08-05 15:26:36,32.37,50.51,25.00,20.00,0,0
2026-08-05 15:26:37,32.37,50.51,25.00,20.00,0,0
2026-08-05 15:26:38,32.37,50.51,25.00,20.00,0,0
2026-08-05 15:26:39,32.37,50.51,25.00,20.00,0,0
2026-08-05 15:26:40,32.37,50.51,25.00,20.00,0,0
2026-08-05 15:26:41,32.37,50.51,25.00,20.00,0,0
2026-08-05 15:26:42,32.37,50.51,25.00,20.00,0,0
2026-08-05 15:26:43,32.37,50.51,25.00,20.00,0,0
2026-08-05 15:26:44,32.37,50.51,25.00,20.00,0,0
2026-08-05 15:26:45,32.37,50.51,25.00,20.00,0,0
2026-08-05 15:26:46,32.37,50.51,25.00,20.00,0,0
2026-08-05 15:26:47,32.37,50.51,25.00,20.00,0,0
2026-08-05 15:26:48,32.37,50.51,25.00,20.00,0,0
2026-08-05 15:26:49,32.37,50.51,25.00,20.00,0,0
2026-08-05 15:26:50,32.37,50.51,25.00,20.00,0,0
2026-08-05 15:26:51,32.37,50.51,25.00,20.00,0,0
2026-08-05 15:26:52,32.37,50.51,25.00,20.00,0,0
2026-08-05 15:26:53,32.37,50.51,25.00,20.00,0,0
2026-08-05 15:26:54,32.37,50.54,25.00,20.00,0,0
2026-08-05 15:26:55,32.37,50.54,25.00,20.00,0,0
2026-08-05 15:26:56,32.37,50.54,25.00,20.00,0,0
2026-08-05 15:26:57,32.37,50.54,25.00,20.00,0,0
2026-08-05 15:26:58,32.37,50.54,25.00,20.00,0,0
2026-08-05 15:26:59,32.37,50.54,25.00,20.00,0,0
2026-08-05 15:27:00,32.37,50.54,25.00,20.00,0,0
2026-08-05 15:27:01,32.37,50.54,25.00,20.00,0,0
2026-08-05 15:27:02,32.37,50.54,25.00,20.00,0,0
2026-08-05 15:27:03,32.37,50.54,25.00,20.00,0,0
2026-08-05 15:27:04,32.36,50.54,25.00,20.00,0,0
2026-08-05 15:27:05,32.37,50.54,25.00,20.00,0,0
2026-08-05 15:27:06,32.37,50.54,25.00,20.00,0,0
2026-08-05 15:27:07,32.37,50.54,25.00,20.00,0,0
2026-08-05 15:27:08,32.36,50.54,25.00,20.00,0,0
2026-08-05 15:27:09,32.36,50.54,25.00,20.00,0,0
2026-08-05 15:27:10,32.35,50.54,25.00,20.00,0,0
2026-08-05 15:27:11,32.36,50.57,25.00,20.00,0,0
2026-08-05 15:27:12,32.35,50.57,25.00,20.00,0,0
2026-08-05 15:27:13,32.35,50.57,25.00,20.00,0,0
2026-08-05 15:27:14,32.35,50.57,25.00,20.00,0,0
2026-08-05 15:27:15,32.35,50.57,25.00,20.00,0,0
2026-08-05 15:27:16,32.35,50.57,25.00,20.00,0,0
2026-08-05 15:27:17,32.35,50.57,25.00,20.00,0,0
2026-08-05 15:27:18,32.35,50.57,25.00,20.00,0,0
2026-08-05 15:27:19,32.34,50.57,25.00,20.00,0,0
2026-08-05 15:27:20,32.35,50.57,25.00,20.00,0,0
2026-08-05 15:27:21,32.34,50.57,25.00,20.00,0,0
2026-08-05 15:27:22,32.34,50.57,25.00,20.00,0,0
2026-08-05 15:27:23,32.34,50.57,25.00,20.00,0,0
2026-08-05 15:27:24,32.34,50.57,25.00,20.00,0,0
2026-08-05 15:27:25,32.34,50.57,25.00,20.00,0,0
2026-08-05 15:27:26,32.34,50.57,25.00,20.00,0,0
2026-08-05 15:27:27,32.34,50.57,25.00,20.00,0,0
2026-08-05 15:27:28,32.34,50.61,25.00,20.00,0,0
2026-08-05 15:27:29,32.34,50.61,25.00,20.00,0,0
2026-08-05 15:27:30,32.33,50.61,25.00,20.00,0,0
2026-08-05 15:27:31,32.34,50.61,25.00,20.00,0,0
2026-08-05 15:27:32,32.33,50.61,25.00,20.00,0,0
2026-08-05 15:27:33,32.33,50.61,25.00,20.00,0,0
2026-08-05 15:27:34,32.33,50.61,25.00,20.00,0,0
2026-08-05 15:27:35,32.33,50.61,25.00,20.00,0,0
2026-08-05 15:27:36,32.33,50.61,25.00,20.00,0,0
2026-08-05 15:27:37,32.33,50.61,25.00,20.00,0,0
2026-08-05 15:27:38,32.33,50.61,25.00,20.00,0,0
2026-08-05 15:27:39,32.33,50.61,25.00,20.00,0,0
2026-08-05 15:27:40,32.32,50.61,25.00,20.00,0,0
2026-08-05 15:27:41,32.32,50.61,25.00,20.00,0,0
2026-08-05 15:27:42,32.32,50.61,25.00,20.00,0,0
2026-08-05 15:27:43,32.32,50.61,25.00,20.00,0,0
2026-08-05 15:27:44,32.32,50.61,25.00,20.00,0,0
2026-08-05 15:27:45,32.32,50.61,25.00,20.00,0,0
2026-08-05 15:27:46,32.32,50.64,25.00,20.00,0,0
2026-08-05 15:27:47,32.31,50.64,25.00,20.00,0,0
2026-08-05 15:27:48,32.31,50.64,25.00,20.00,0,0
2026-08-05 15:27:49,32.31,50.64,25.00,20.00,0,0
2026-08-05 15:27:50,32.31,50.64,25.00,20.00,0,0
2026-08-05 15:27:51,32.31,50.64,25.00,20.00,0,0
2026-08-05 15:27:52,32.31,50.64,25.00,20.00,0,0
2026-08-05 15:27:53,32.31,50.64,25.00,20.00,0,0
2026-08-05 15:27:54,32.31,50.64,25.00,20.00,0,0
2026-08-05 15:27:55,32.31,50.64,25.00,20.00,0,0
2026-08-05 15:27:56,32.31,50.64,25.00,20.00,0,0
2026-08-05 15:27:57,32.31,50.64,25.00,20.00,0,0
2026-08-05 15:27:58,32.31,50.64,25.00,20.00,0,0
2026-08-05 15:27:59,32.30,50.64,25.00,20.00,0,0
2026-08-05 15:28:00,32.31,50.68,25.00,20.00,0,0
2026-08-05 15:28:01,32.30,50.64,25.00,20.00,0,0
2026-08-05 15:28:02,32.30,50.68,25.00,20.00,0,0
2026-08-05 15:28:03,32.30,50.68,25.00,20.00,0,0
2026-08-05 15:28:04,32.30,50.68,25.00,20.00,0,0
2026-08-05 15:28:05,32.30,50.68,25.00,20.00,0,0
2026-08-05 15:28:06,32.30,50.68,25.00,20.00,0,0
2026-08-05 15:28:07,32.30,50.68,25.00,20.00,0,0
2026-08-05 15:28:08,32.29,50.68,25.00,20.00,0,0
2026-08-05 15:28:09,32.29,50.68,25.00,20.00,0,0
2026-08-05 15:28:10,32.29,50.68,25.00,20.00,0,0
2026-08-05 15:28:11,32.29,50.68,25.00,20.00,0,0
2026-08-05 15:28:12,32.29,50.68,25.00,20.00,0,0
2026-08-05 15:28:13,32.29,50.68,25.00,20.00,0,0
2026-08-05 15:28:14,32.29,50.68,25.00,20.00,0,0
2026-08-05 15:28:15,32.29,50.68,25.00,20.00,0,0
2026-08-05 15:28:16,32.29,50.68,25.00,20.00,0,0
2026-08-05 15:28:17,32.29,50.68,25.00,20.00,0,0
2026-08-05 15:28:18,32.27,50.68,25.00,20.00,0,0
2026-08-05 15:28:19,32.29,50.68,25.00,20.00,0,0
2026-08-05 15:28:20,32.29,50.68,25.00,20.00,0,0
2026-08-05 15:28:21,32.27,50.68,25.00,20.00,0,0
2026-08-05 15:28:22,32.27,50.68,25.00,20.00,0,0
2026-08-05 15:28:23,32.27,50.68,25.00,20.00,0,0
2026-08-05 15:28:24,32.27,50.75,25.00,20.00,0,0
2026-08-05 15:28:25,32.27,50.75,25.00,20.00,0,0
2026-08-05 15:28:26,32.27,50.75,25.00,20.00,0,0
2026-08-05 15:28:27,32.26,50.75,25.00,20.00,0,0
2026-08-05 15:28:28,32.27,50.75,25.00,20.00,0,0
2026-08-05 15:28:29,32.27,50.75,25.00,20.00,0,0
2026-08-05 15:28:30,32.26,50.75,25.00,20.00,0,0
2026-08-05 15:28:31,32.26,50.75,25.00,20.00,0,0
2026-08-05 15:28:32,32.26,50.75,25.00,20.00,0,0
2026-08-05 15:28:33,32.26,50.75,25.00,20.00,0,0
2026-08-05 15:28:34,32.26,50.75,25.00,20.00,0,0
2026-08-05 15:28:35,32.26,50.75,25.00,20.00,0,0
2026-08-05 15:28:36,32.26,50.75,25.00,20.00,0,0
2026-08-05 15:28:37,32.26,50.75,25.00,20.00,0,0
2026-08-05 15:28:38,32.26,50.75,25.00,20.00,0,0
2026-08-05 15:28:39,32.26,50.75,25.00,20.00,0,0
2026-08-05 15:28:40,32.25,50.75,25.00,20.00,0,0
2026-08-05 15:28:41,32.25,50.75,25.00,20.00,0,0
2026-08-05 15:28:42,32.25,50.75,25.00,20.00,0,0
2026-08-05 15:28:43,32.25,50.75,25.00,20.00,0,0
2026-08-05 15:28:44,32.25,50.75,25.00,20.00,0,0
2026-08-05 15:28:45,32.25,50.76,25.00,20.00,0,0
2026-08-05 15:28:46,32.25,50.76,25.00,20.00,0,0
2026-08-05 15:28:47,32.25,50.76,25.00,20.00,0,0
2026-08-05 15:28:48,32.25,50.78,25.00,20.00,0,0
2026-08-05 15:28:49,32.24,50.76,25.00,20.00,0,0
2026-08-05 15:28:50,32.24,50.76,25.00,20.00,0,0
2026-08-05 15:28:51,32.24,50.78,25.00,20.00,0,0
2026-08-05 15:28:52,32.24,50.76,25.00,20.00,0,0
2026-08-05 15:28:53,32.24,50.76,25.00,20.00,0,0
2026-08-05 15:28:54,32.24,50.76,25.00,20.00,0,0
2026-08-05 15:28:55,32.24,50.76,25.00,20.00,0,0
2026-08-05 15:28:56,32.24,50.76,25.00,20.00,0,0
2026-08-05 15:28:57,32.24,50.76,25.00,20.00,0,0
2026-08-05 15:28:58,32.24,50.76,25.00,20.00,0,0
2026-08-05 15:28:59,32.24,50.76,25.00,20.00,0,0
2026-08-05 15:29:00,32.23,50.76,25.00,20.00,0,0
2026-08-05 15:29:01,32.24,50.76,25.00,20.00,0,0
2026-08-05 15:29:02,32.24,50.76,25.00,20.00,0,0
2026-08-05 15:29:03,32.23,50.76,25.00,20.00,0,0
2026-08-05 15:29:04,32.23,50.76,25.00,20.00,0,0
2026-08-05 15:29:05,32.23,50.76,25.00,20.00,0,0
2026-08-05 15:29:06,32.24,50.76,25.00,20.00,0,0
2026-08-05 15:29:07,32.23,50.76,25.00,20.00,0,0
2026-08-05 15:29:08,32.23,50.76,25.00,20.00,0,0
2026-08-05 15:29:09,32.23,50.76,25.00,20.00,0,0
2026-08-05 15:29:10,32.23,50.76,25.00,20.00,0,0
2026-08-05 15:29:11,32.23,50.76,25.00,20.00,0,0
2026-08-05 15:29:12,32.23,50.76,25.00,20.00,0,0
2026-08-05 15:29:13,32.22,50.76,25.00,20.00,0,0
2026-08-05 15:29:14,32.22,50.76,25.00,20.00,0,0
2026-08-05 15:29:15,32.22,50.76,25.00,20.00,0,0
2026-08-05 15:29:16,32.22,50.76,25.00,20.00,0,0
2026-08-05 15:29:17,32.22,50.76,25.00,20.00,0,0
2026-08-05 15:29:18,32.22,50.79,25.00,20.00,0,0
2026-08-05 15:29:19,32.22,50.79,25.00,20.00,0,0
2026-08-05 15:29:20,32.22,50.79,25.00,20.00,0,0
2026-08-05 15:29:21,32.22,50.79,25.00,20.00,0,0
2026-08-05 15:29:22,32.22,50.79,25.00,20.00,0,0
2026-08-05 15:29:23,32.21,50.79,25.00,20.00,0,0
2026-08-05 15:29:24,32.21,50.79,25.00,20.00,0,0
2026-08-05 15:29:25,32.21,50.79,25.00,20.00,0,0
2026-08-05 15:29:26,32.21,50.79,25.00,20.00,0,0
2026-08-05 15:29:27,32.21,50.79,25.00,20.00,0,0
2026-08-05 15:29:28,32.21,50.79,25.00,20.00,0,0
2026-08-05 15:29:29,32.21,50.79,25.00,20.00,0,0
2026-08-05 15:29:30,32.21,50.79,25.00,20.00,0,0
2026-08-05 15:29:31,32.21,50.79,25.00,20.00,0,0
2026-08-05 15:29:32,32.20,50.79,25.00,20.00,0,0
2026-08-05 15:29:33,32.20,50.79,25.00,20.00,0,0
2026-08-05 15:29:34,32.20,50.79,25.00,20.00,0,0
2026-08-05 15:29:35,32.20,50.79,25.00,20.00,0,0
2026-08-05 15:29:36,32.20,50.79,25.00,20.00,0,0
2026-08-05 15:29:37,32.20,50.79,25.00,20.00,0,0
2026-08-05 15:29:38,32.20,50.79,25.00,20.00,0,0
2026-08-05 15:29:39,32.20,50.79,25.00,20.00,0,0
2026-08-05 15:29:40,32.19,50.79,25.00,20.00,0,0
2026-08-05 15:29:41,32.20,50.79,25.00,20.00,0,0
2026-08-05 15:29:42,32.20,50.79,25.00,20.00,0,0
2026-08-05 15:29:43,32.20,50.79,25.00,20.00,0,0
2026-08-05 15:29:44,32.19,50.79,25.00,20.00,0,0
2026-08-05 15:29:45,32.20,50.79,25.00,20.00,0,0
2026-08-05 15:29:46,32.19,50.79,25.00,20.00,0,0
2026-08-05 15:29:47,32.19,50.79,25.00,20.00,0,0
2026-08-05 15:29:48,32.19,50.79,25.00,20.00,0,0
2026-08-05 15:29:49,32.19,50.79,25.00,20.00,0,0
2026-08-05 15:29:50,32.19,50.79,25.00,20.00,0,0
2026-08-05 15:29:51,32.19,50.79,25.00,20.00,0,0
2026-08-05 15:29:52,32.19,50.79,25.00,20.00,0,0
2026-08-05 15:29:53,32.19,50.79,25.00,20.00,0,0
2026-08-05 15:29:54,32.18,50.79,25.00,20.00,0,0
2026-08-05 15:29:55,32.19,50.79,25.00,20.00,0,0
2026-08-05 15:29:56,32.19,50.82,25.00,20.00,0,0
2026-08-05 15:29:57,32.19,50.79,25.00,20.00,0,0
2026-08-05 15:29:58,32.18,50.82,25.00,20.00,0,0
2026-08-05 15:29:59,32.18,50.82,25.00,20.00,0,0
2026-08-05 15:30:00,32.18,50.82,25.00,20.00,0,0
2026-08-05 15:30:02,32.18,50.82,25.00,20.00,0,0
2026-08-05 15:30:03,32.18,50.82,25.00,20.00,0,0
2026-08-05 15:30:04,32.18,50.82,25.00,20.00,0,0
2026-08-05 15:30:05,32.18,50.82,25.00,20.00,0,0
2026-08-05 15:30:06,32.18,50.82,25.00,20.00,0,0
2026-08-05 15:30:07,32.17,50.82,25.00,20.00,0,0
2026-08-05 15:30:08,32.18,50.82,25.00,20.00,0,0
2026-08-05 15:30:09,32.17,50.82,25.00,20.00,0,0
2026-08-05 15:30:10,32.17,50.82,25.00,20.00,0,0
2026-08-05 15:30:11,32.17,50.82,25.00,20.00,0,0
2026-08-05 15:30:12,32.17,50.82,25.00,20.00,0,0
2026-08-05 15:30:13,32.17,50.82,25.00,20.00,0,0
2026-08-05 15:30:14,32.17,50.82,25.00,20.00,0,0
2026-08-05 15:30:15,32.17,50.86,25.00,20.00,0,0
2026-08-05 15:30:16,32.17,50.86,25.00,20.00,0,0
2026-08-05 15:30:17,32.17,50.82,25.00,20.00,0,0
2026-08-05 15:30:18,32.17,50.82,25.00,20.00,0,0
2026-08-05 15:30:19,32.16,50.86,25.00,20.00,0,0
2026-08-05 15:30:20,32.17,50.86,25.00,20.00,0,0
2026-08-05 15:30:21,32.17,50.86,25.00,20.00,0,0
2026-08-05 15:30:22,32.16,50.86,25.00,20.00,0,0
2026-08-05 15:30:23,32.16,50.82,25.00,20.00,0,0
2026-08-05 15:30:24,32.16,50.86,25.00,20.00,0,0
2026-08-05 15:30:25,32.16,50.82,25.00,20.00,0,0
2026-08-05 15:30:26,32.16,50.86,25.00,20.00,0,0
2026-08-05 15:30:27,32.16,50.86,25.00,20.00,0,0
2026-08-05 15:30:28,32.16,50.86,25.00,20.00,0,0
2026-08-05 15:30:29,32.15,50.86,25.00,20.00,0,0
2026-08-05 15:30:30,32.16,50.86,25.00,20.00,0,0
2026-08-05 15:30:31,32.15,50.86,25.00,20.00,0,0
2026-08-05 15:30:32,32.15,50.86,25.00,20.00,0,0
2026-08-05 15:30:33,32.16,50.86,25.00,20.00,0,0
2026-08-05 15:30:34,32.15,50.86,25.00,20.00,0,0
2026-08-05 15:30:35,32.15,50.86,25.00,20.00,0,0
2026-08-05 15:30:36,32.15,50.86,25.00,20.00,0,0
2026-08-05 15:30:37,32.15,50.86,25.00,20.00,0,0
2026-08-05 15:30:38,32.15,50.86,25.00,20.00,0,0
2026-08-05 15:30:39,32.15,50.86,25.00,20.00,0,0
2026-08-05 15:30:40,32.14,50.86,25.00,20.00,0,0
2026-08-05 15:30:41,32.14,50.86,25.00,20.00,0,0
2026-08-05 15:30:42,32.14,50.86,25.00,20.00,0,0
2026-08-05 15:30:43,32.14,50.86,25.00,20.00,0,0
2026-08-05 15:30:44,32.15,50.86,25.00,20.00,0,0
2026-08-05 15:30:45,32.14,50.86,25.00,20.00,0,0
2026-08-05 15:30:46,32.14,50.89,25.00,20.00,0,0
2026-08-05 15:30:47,32.14,50.86,25.00,20.00,0,0
2026-08-05 15:30:48,32.14,50.86,25.00,20.00,0,0
2026-08-05 15:30:49,32.14,50.89,25.00,20.00,0,0
2026-08-05 15:30:50,32.14,50.86,25.00,20.00,0,0
2026-08-05 15:30:51,32.12,50.86,25.00,20.00,0,0
2026-08-05 15:30:52,32.12,50.86,25.00,20.00,0,0
2026-08-05 15:30:53,32.12,50.89,25.00,20.00,0,0
2026-08-05 15:30:54,32.12,50.86,25.00,20.00,0,0
2026-08-05 15:30:55,32.12,50.89,25.00,20.00,0,0
2026-08-05 15:30:56,32.12,50.89,25.00,20.00,0,0
2026-08-05 15:30:57,32.12,50.86,25.00,20.00,0,0
2026-08-05 15:30:58,32.12,50.89,25.00,20.00,0,0
2026-08-05 15:30:59,32.12,50.86,25.00,20.00,0,0
2026-08-05 15:31:00,32.12,50.86,25.00,20.00,0,0
2026-08-05 15:31:01,32.11,50.89,25.00,20.00,0,0
2026-08-05 15:31:02,32.11,50.86,25.00,20.00,0,0
2026-08-05 15:31:03,32.11,50.89,25.00,20.00,0,0
2026-08-05 15:31:04,32.11,50.89,25.00,20.00,0,0
2026-08-05 15:31:05,32.11,50.89,25.00,20.00,0,0
2026-08-05 15:31:06,32.11,50.89,25.00,20.00,0,0
2026-08-05 15:31:07,32.11,50.89,25.00,20.00,0,0
2026-08-05 15:31:08,32.11,50.89,25.00,20.00,0,0
2026-08-05 15:31:09,32.11,50.89,25.00,20.00,0,0
2026-08-05 15:31:10,32.11,50.89,25.00,20.00,0,0
2026-08-05 15:31:11,32.11,50.89,25.00,20.00,0,0
2026-08-05 15:31:12,32.11,50.89,25.00,20.00,0,0
2026-08-05 15:31:13,32.11,50.89,25.00,20.00,0,0
2026-08-05 15:31:14,32.11,50.89,25.00,20.00,0,0
2026-08-05 15:31:15,32.10,50.89,25.00,20.00,0,0
2026-08-05 15:31:16,32.11,50.89,25.00,20.00,0,0
2026-08-05 15:31:17,32.10,50.89,25.00,20.00,0,0
2026-08-05 15:31:18,32.10,50.93,25.00,20.00,0,0
2026-08-05 15:31:19,32.11,50.93,25.00,20.00,0,0
2026-08-05 15:31:20,32.10,50.93,25.00,20.00,0,0
2026-08-05 15:31:21,32.10,50.93,25.00,20.00,0,0
2026-08-05 15:31:22,32.10,50.93,25.00,20.00,0,0
2026-08-05 15:31:23,32.10,50.93,25.00,20.00,0,0
2026-08-05 15:31:24,32.10,50.93,25.00,20.00,0,0
2026-08-05 15:31:25,32.10,50.93,25.00,20.00,0,0
2026-08-05 15:31:26,32.10,50.93,25.00,20.00,0,0
2026-08-05 15:31:27,32.10,50.93,25.00,20.00,0,0
2026-08-05 15:31:28,32.09,50.93,25.00,20.00,0,0
2026-08-05 15:31:29,32.10,50.93,25.00,20.00,0,0
2026-08-05 15:31:30,32.10,50.93,25.00,20.00,0,0
2026-08-05 15:31:31,32.09,50.93,25.00,20.00,0,0
2026-08-05 15:31:32,32.09,50.93,25.00,20.00,0,0
2026-08-05 15:31:33,32.09,50.93,25.00,20.00,0,0
2026-08-05 15:31:34,32.09,50.93,25.00,20.00,0,0
2026-08-05 15:31:35,32.09,50.90,25.00,20.00,0,0
2026-08-05 15:31:36,32.09,50.90,25.00,20.00,0,0
2026-08-05 15:31:37,32.09,50.90,25.00,20.00,0,0
2026-08-05 15:31:38,32.08,50.90,25.00,20.00,0,0
2026-08-05 15:31:39,32.09,50.90,25.00,20.00,0,0
2026-08-05 15:31:40,32.09,50.93,25.00,20.00,0,0
2026-08-05 15:31:41,32.08,50.90,25.00,20.00,0,0
2026-08-05 15:31:42,32.08,50.90,25.00,20.00,0,0
2026-08-05 15:31:43,32.08,50.90,25.00,20.00,0,0
2026-08-05 15:31:44,32.08,50.90,25.00,20.00,0,0
2026-08-05 15:31:45,32.08,50.90,25.00,20.00,0,0
2026-08-05 15:31:46,32.08,50.90,25.00,20.00,0,0
2026-08-05 15:31:47,32.08,50.90,25.00,20.00,0,0
2026-08-05 15:31:48,32.07,50.90,25.00,20.00,0,0
2026-08-05 15:31:49,32.08,50.90,25.00,20.00,0,0
2026-08-05 15:31:50,32.07,50.90,25.00,20.00,0,0
2026-08-05 15:31:51,32.08,50.90,25.00,20.00,0,0
2026-08-05 15:31:52,32.07,50.90,25.00,20.00,0,0
2026-08-05 15:31:53,32.07,50.90,25.00,20.00,0,0
2026-08-05 15:31:54,32.08,50.90,25.00,20.00,0,0
2026-08-05 15:31:55,32.07,50.93,25.00,20.00,0,0
2026-08-05 15:31:56,32.07,50.90,25.00,20.00,0,0
2026-08-05 15:31:57,32.07,50.93,25.00,20.00,0,0
2026-08-05 15:31:58,32.07,50.93,25.00,20.00,0,0
2026-08-05 15:31:59,32.07,50.93,25.00,20.00,0,0
2026-08-05 15:32:00,32.07,50.93,25.00,20.00,0,0
2026-08-05 15:32:01,32.07,50.93,25.00,20.00,0,0
2026-08-05 15:32:02,32.07,50.93,25.00,20.00,0,0
2026-08-05 15:32:03,32.07,50.93,25.00,20.00,0,0
2026-08-05 15:32:04,32.06,50.93,25.00,20.00,0,0
2026-08-05 15:32:05,32.06,50.93,25.00,20.00,0,0
2026-08-05 15:32:06,32.06,50.93,25.00,20.00,0,0
2026-08-05 15:32:07,32.06,50.93,25.00,20.00,0,0
2026-08-05 15:32:08,32.06,50.93,25.00,20.00,0,0
2026-08-05 15:32:09,32.06,50.93,25.00,20.00,0,0
2026-08-05 15:32:10,32.06,50.93,25.00,20.00,0,0
2026-08-05 15:32:11,32.06,50.93,25.00,20.00,0,0
2026-08-05 15:32:12,32.06,50.93,25.00,20.00,0,0
2026-08-05 15:32:13,32.05,50.93,25.00,20.00,0,0
2026-08-05 15:32:14,32.06,50.93,25.00,20.00,0,0
2026-08-05 15:32:15,32.05,50.93,25.00,20.00,0,0
2026-08-05 15:32:16,32.06,50.93,25.00,20.00,0,0
2026-08-05 15:32:17,32.05,50.93,25.00,20.00,0,0
2026-08-05 15:32:18,32.05,50.93,25.00,20.00,0,0
2026-08-05 15:32:19,32.05,50.93,25.00,20.00,0,0
2026-08-05 15:32:20,32.05,50.93,25.00,20.00,0,0
2026-08-05 15:32:21,32.05,50.93,25.00,20.00,0,0
2026-08-05 15:32:22,32.05,50.93,25.00,20.00,0,0
2026-08-05 15:32:23,32.05,50.93,25.00,20.00,0,0
2026-08-05 15:32:24,32.04,50.93,25.00,20.00,0,0
2026-08-05 15:32:25,32.04,50.93,25.00,20.00,0,0
2026-08-05 15:32:26,32.05,50.93,25.00,20.00,0,0
2026-08-05 15:32:27,32.04,50.96,25.00,20.00,0,0
2026-08-05 15:32:28,32.04,50.96,25.00,20.00,0,0
2026-08-05 15:32:29,32.04,50.96,25.00,20.00,0,0
2026-08-05 15:32:30,32.04,50.96,25.00,20.00,0,0
2026-08-05 15:32:31,32.04,50.96,25.00,20.00,0,0
2026-08-05 15:32:32,32.04,50.96,25.00,20.00,0,0
2026-08-05 15:32:33,32.04,50.96,25.00,20.00,0,0
2026-08-05 15:32:34,32.04,50.96,25.00,20.00,0,0
2026-08-05 15:32:35,32.04,50.96,25.00,20.00,0,0
2026-08-05 15:32:36,32.04,50.96,25.00,20.00,0,0
2026-08-05 15:32:37,32.04,50.96,25.00,20.00,0,0
2026-08-05 15:32:38,32.04,50.96,25.00,20.00,0,0
2026-08-05 15:32:39,32.03,50.96,25.00,20.00,0,0
2026-08-05 15:32:40,32.03,50.96,25.00,20.00,0,0
2026-08-05 15:32:41,32.03,50.96,25.00,20.00,0,0
2026-08-05 15:32:42,32.03,50.96,25.00,20.00,0,0
2026-08-05 15:32:43,32.03,50.96,25.00,20.00,0,0
2026-08-05 15:32:44,32.03,50.96,25.00,20.00,0,0
2026-08-05 15:32:45,32.03,50.96,25.00,20.00,0,0
2026-08-05 15:32:46,32.03,50.96,25.00,20.00,0,0
2026-08-05 15:32:47,32.03,50.96,25.00,20.00,0,0
2026-08-05 15:32:48,32.03,50.96,25.00,20.00,0,0
2026-08-05 15:32:49,32.03,50.96,25.00,20.00,0,0
2026-08-05 15:32:50,32.03,50.96,25.00,20.00,0,0
2026-08-05 15:32:51,32.02,50.96,25.00,20.00,0,0
2026-08-05 15:32:52,32.02,50.96,25.00,20.00,0,0
2026-08-05 15:32:53,32.02,50.96,25.00,20.00,0,0
2026-08-05 15:32:54,32.02,50.96,25.00,20.00,0,0
2026-08-05 15:32:55,32.02,50.96,25.00,20.00,0,0
2026-08-05 15:32:56,32.02,50.96,25.00,20.00,0,0
2026-08-05 15:32:57,32.02,50.96,25.00,20.00,0,0
2026-08-05 15:32:58,32.02,50.96,25.00,20.00,0,0
2026-08-05 15:32:59,32.02,50.96,25.00,20.00,0,0
2026-08-05 15:33:00,32.02,50.96,25.00,20.00,0,0
2026-08-05 15:33:01,32.02,50.96,25.00,20.00,0,0
2026-08-05 15:33:02,32.02,50.96,25.00,20.00,0,0
2026-08-05 15:33:03,32.01,50.96,25.00,20.00,0,0
2026-08-05 15:33:04,32.01,50.96,25.00,20.00,0,0
2026-08-05 15:33:05,32.01,50.96,25.00,20.00,0,0
2026-08-05 15:33:06,32.01,50.96,25.00,20.00,0,0
2026-08-05 15:33:07,32.01,50.96,25.00,20.00,0,0
2026-08-05 15:33:08,32.01,50.96,25.00,20.00,0,0
2026-08-05 15:33:09,32.01,50.96,25.00,20.00,0,0
2026-08-05 15:33:10,32.01,50.96,25.00,20.00,0,0
2026-08-05 15:33:11,32.01,51.00,25.00,20.00,0,0
2026-08-05 15:33:12,32.00,51.00,25.00,20.00,0,0
2026-08-05 15:33:13,32.01,51.00,25.00,20.00,0,0
2026-08-05 15:33:14,32.00,51.00,25.00,20.00,0,0
2026-08-05 15:33:15,32.00,51.00,25.00,20.00,0,0
2026-08-05 15:33:16,32.00,51.00,25.00,20.00,0,0
2026-08-05 15:33:17,32.00,51.00,25.00,20.00,0,0
2026-08-05 15:33:18,32.00,51.00,25.00,20.00,0,0
2026-08-05 15:33:19,32.00,51.00,25.00,20.00,0,0
2026-08-05 15:33:20,32.00,51.00,25.00,20.00,0,0
2026-08-05 15:33:21,32.00,51.00,25.00,20.00,0,0
2026-08-05 15:33:22,32.00,51.00,25.00,20.00,0,0
2026-08-05 15:33:23,31.99,51.00,25.00,20.00,0,0
2026-08-05 15:33:24,32.00,51.00,25.00,20.00,0,0
2026-08-05 15:33:25,31.99,51.00,25.00,20.00,0,0
2026-08-05 15:33:26,32.00,51.00,25.00,20.00,0,0
2026-08-05 15:33:27,32.00,51.00,25.00,20.00,0,0
2026-08-05 15:33:28,32.00,51.00,25.00,20.00,0,0
2026-08-05 15:33:29,31.99,51.00,25.00,20.00,0,0
2026-08-05 15:33:30,31.99,51.00,25.00,20.00,0,0
2026-08-05 15:33:31,31.99,51.00,25.00,20.00,0,0
2026-08-05 15:33:32,31.99,51.03,25.00,20.00,0,0
2026-08-05 15:33:33,31.99,51.03,25.00,20.00,0,0
2026-08-05 15:33:34,31.99,51.00,25.00,20.00,0,0
2026-08-05 15:33:35,31.99,51.03,25.00,20.00,0,0
2026-08-05 15:33:36,31.99,51.00,25.00,20.00,0,0
2026-08-05 15:33:37,31.97,51.03,25.00,20.00,0,0
2026-08-05 15:33:38,31.99,51.03,25.00,20.00,0,0
2026-08-05 15:33:39,31.97,51.00,25.00,20.00,0,0
2026-08-05 15:33:40,31.99,51.00,25.00,20.00,0,0
2026-08-05 15:33:41,31.97,51.00,25.00,20.00,0,0
2026-08-05 15:33:42,31.97,51.00,25.00,20.00,0,0
2026-08-05 15:33:43,31.97,51.00,25.00,20.00,0,0
2026-08-05 15:33:44,31.97,51.00,25.00,20.00,0,0
2026-08-05 15:33:45,31.97,51.00,25.00,20.00,0,0
2026-08-05 15:33:46,31.97,51.00,25.00,20.00,0,0
2026-08-05 15:33:47,31.97,51.00,25.00,20.00,0,0
2026-08-05 15:33:48,31.96,51.00,25.00,20.00,0,0
2026-08-05 15:33:49,31.96,51.00,25.00,20.00,0,0
2026-08-05 15:33:50,31.97,51.00,25.00,20.00,0,0
2026-08-05 15:33:51,31.97,51.03,25.00,20.00,0,0
2026-08-05 15:33:52,31.96,51.03,25.00,20.00,0,0
2026-08-05 15:33:53,31.96,51.03,25.00,20.00,0,0
2026-08-05 15:33:54,31.96,51.03,25.00,20.00,0,0
2026-08-05 15:33:55,31.96,51.03,25.00,20.00,0,0
2026-08-05 15:33:56,31.96,51.03,25.00,20.00,0,0
2026-08-05 15:33:57,31.96,51.03,25.00,20.00,0,0
2026-08-05 15:33:58,31.96,51.03,25.00,20.00,0,0
2026-08-05 15:33:59,31.96,51.03,25.00,20.00,0,0
2026-08-05 15:34:00,31.96,51.03,25.00,20.00,0,0
2026-08-05 15:34:01,31.96,51.03,25.00,20.00,0,0
2026-08-05 15:34:02,31.96,51.03,25.00,20.00,0,0
2026-08-05 15:34:03,31.96,51.03,25.00,20.00,0,0
2026-08-05 15:34:04,31.96,51.03,25.00,20.00,0,0
2026-08-05 15:34:05,31.95,51.03,25.00,20.00,0,0
2026-08-05 15:34:06,31.95,51.03,25.00,20.00,0,0
2026-08-05 15:34:07,31.95,51.03,25.00,20.00,0,0
2026-08-05 15:34:08,31.95,51.03,25.00,20.00,0,0
2026-08-05 15:34:09,31.95,51.03,25.00,20.00,0,0
2026-08-05 15:34:10,31.95,51.03,25.00,20.00,0,0
2026-08-05 15:34:11,31.95,51.03,25.00,20.00,0,0
2026-08-05 15:34:12,31.95,51.03,25.00,20.00,0,0
2026-08-05 15:34:13,31.95,51.03,25.00,20.00,0,0
2026-08-05 15:34:14,31.95,51.03,25.00,20.00,0,0
2026-08-05 15:34:15,31.94,51.03,25.00,20.00,0,0
2026-08-05 15:34:16,31.94,51.03,25.00,20.00,0,0
2026-08-05 15:34:17,31.94,51.03,25.00,20.00,0,0
2026-08-05 15:34:18,31.94,51.03,25.00,20.00,0,0
2026-08-05 15:34:19,31.94,51.03,25.00,20.00,0,0
2026-08-05 15:34:20,31.94,51.03,25.00,20.00,0,0
2026-08-05 15:34:21,31.94,51.03,25.00,20.00,0,0
2026-08-05 15:34:22,31.94,51.03,25.00,20.00,0,0
2026-08-05 15:34:23,31.94,51.03,25.00,20.00,0,0
2026-08-05 15:34:24,31.94,51.07,25.00,20.00,0,0
2026-08-05 15:34:25,31.94,51.07,25.00,20.00,0,0
2026-08-05 15:34:26,31.93,51.07,25.00,20.00,0,0
2026-08-05 15:34:27,31.93,51.07,25.00,20.00,0,0
2026-08-05 15:34:28,31.93,51.07,25.00,20.00,0,0
2026-08-05 15:34:29,31.93,51.07,25.00,20.00,0,0
2026-08-05 15:34:30,31.93,51.07,25.00,20.00,0,0
2026-08-05 15:34:31,31.93,51.07,25.00,20.00,0,0
2026-08-05 15:34:32,31.93,51.07,25.00,20.00,0,0
2026-08-05 15:34:33,31.93,51.07,25.00,20.00,0,0
2026-08-05 15:34:34,31.93,51.07,25.00,20.00,0,0
2026-08-05 15:34:35,31.93,51.07,25.00,20.00,0,0
2026-08-05 15:34:36,31.93,51.07,25.00,20.00,0,0
2026-08-05 15:34:37,31.93,51.07,25.00,20.00,0,0
2026-08-05 15:34:38,31.93,51.07,25.00,20.00,0,0
2026-08-05 15:34:39,31.93,51.07,25.00,20.00,0,0
2026-08-05 15:34:40,31.93,51.07,25.00,20.00,0,0
2026-08-05 15:34:41,31.93,51.07,25.00,20.00,0,0
2026-08-05 15:34:42,31.93,51.07,25.00,20.00,0,0
2026-08-05 15:34:43,31.93,51.07,25.00,20.00,0,0
2026-08-05 15:34:44,31.93,51.07,25.00,20.00,0,0
2026-08-05 15:34:45,31.93,51.07,25.00,20.00,0,0
2026-08-05 15:34:46,31.93,51.07,25.00,20.00,0,0
2026-08-05 15:34:47,31.93,51.07,25.00,20.00,0,0
2026-08-05 15:34:48,31.93,51.07,25.00,20.00,0,0
2026-08-05 15:34:49,31.93,51.07,25.00,20.00,0,0
2026-08-05 15:34:50,31.93,51.07,25.00,20.00,0,0
2026-08-05 15:34:51,31.93,51.07,25.00,20.00,0,0
2026-08-05 15:34:52,31.93,51.07,25.00,20.00,0,0
2026-08-05 15:34:53,31.93,51.07,25.00,20.00,0,0
2026-08-05 15:34:54,31.93,51.07,25.00,20.00,0,0
2026-08-05 15:34:55,31.93,51.07,25.00,20.00,0,0
2026-08-05 15:34:56,31.93,51.07,25.00,20.00,0,0
2026-08-05 15:34:57,31.93,51.07,25.00,20.00,0,0
2026-08-05 15:34:58,31.93,51.07,25.00,20.00,0,0
2026-08-05 15:34:59,31.93,51.07,25.00,20.00,0,0
2026-08-05 15:35:00,31.93,51.07,25.00,20.00,0,0
2026-08-05 15:35:01,31.93,51.07,25.00,20.00,0,0
2026-08-05 15:35:02,31.92,51.07,25.00,20.00,0,0
2026-08-05 15:35:03,31.92,51.07,25.00,20.00,0,0
2026-08-05 15:35:04,31.92,51.07,25.00,20.00,0,0
2026-08-05 15:35:05,31.93,51.07,25.00,20.00,0,0
2026-08-05 15:35:06,31.92,51.10,25.00,20.00,0,0
2026-08-05 15:35:07,31.92,51.10,25.00,20.00,0,0
2026-08-05 15:35:08,31.92,51.10,25.00,20.00,0,0
2026-08-05 15:35:09,31.92,51.07,25.00,20.00,0,0
2026-08-05 15:35:10,31.92,51.10,25.00,20.00,0,0
2026-08-05 15:35:11,31.92,51.10,25.00,20.00,0,0
2026-08-05 15:35:12,31.92,51.10,25.00,20.00,0,0
2026-08-05 15:35:13,31.92,51.10,25.00,20.00,0,0
2026-08-05 15:35:14,31.92,51.10,25.00,20.00,0,0
2026-08-05 15:35:15,31.92,51.10,25.00,20.00,0,0
2026-08-05 15:35:16,31.92,51.10,25.00,20.00,0,0
2026-08-05 15:35:17,31.91,51.10,25.00,20.00,0,0
2026-08-05 15:35:18,31.92,51.08,25.00,20.00,0,0
2026-08-05 15:35:19,31.92,51.10,25.00,20.00,0,0
2026-08-05 15:35:20,31.91,51.10,25.00,20.00,0,0
2026-08-05 15:35:21,31.91,51.10,25.00,20.00,0,0
2026-08-05 15:35:22,31.91,51.10,25.00,20.00,0,0
2026-08-05 15:35:23,31.91,51.10,25.00,20.00,0,0
2026-08-05 15:35:24,31.91,51.10,25.00,20.00,0,0
2026-08-05 15:35:25,31.91,51.08,25.00,20.00,0,0
2026-08-05 15:35:26,31.91,51.08,25.00,20.00,0,0
2026-08-05 15:35:27,31.90,51.08,25.00,20.00,0,0
2026-08-05 15:35:28,31.91,51.08,25.00,20.00,0,0
2026-08-05 15:35:29,31.91,51.10,25.00,20.00,0,0
2026-08-05 15:35:30,31.90,51.08,25.00,20.00,0,0
2026-08-05 15:35:31,31.90,51.08,25.00,20.00,0,0
2026-08-05 15:35:32,31.90,51.08,25.00,20.00,0,0
2026-08-05 15:35:33,31.90,51.08,25.00,20.00,0,0
2026-08-05 15:35:34,31.90,51.08,25.00,20.00,0,0
2026-08-05 15:35:35,31.90,51.08,25.00,20.00,0,0
2026-08-05 15:35:36,31.90,51.08,25.00,20.00,0,0
2026-08-05 15:35:37,31.90,51.08,25.00,20.00,0,0
2026-08-05 15:35:38,31.89,51.08,25.00,20.00,0,0
2026-08-05 15:35:39,31.89,51.08,25.00,20.00,0,0
2026-08-05 15:35:40,31.89,51.08,25.00,20.00,0,0
2026-08-05 15:35:41,31.89,51.08,25.00,20.00,0,0
2026-08-05 15:35:42,31.89,51.08,25.00,20.00,0,0
2026-08-05 15:35:43,31.89,51.08,25.00,20.00,0,0
2026-08-05 15:35:44,31.89,51.08,25.00,20.00,0,0
2026-08-05 15:35:45,31.89,51.08,25.00,20.00,0,0
2026-08-05 15:35:46,31.89,51.08,25.00,20.00,0,0
2026-08-05 15:35:47,31.89,51.08,25.00,20.00,0,0
2026-08-05 15:35:48,31.89,51.08,25.00,20.00,0,0
2026-08-05 15:35:49,31.89,51.08,25.00,20.00,0,0
2026-08-05 15:35:50,31.89,51.08,25.00,20.00,0,0
2026-08-05 15:35:51,31.89,51.08,25.00,20.00,0,0
2026-08-05 15:35:52,31.88,51.08,25.00,20.00,0,0
2026-08-05 15:35:53,31.89,51.08,25.00,20.00,0,0
2026-08-05 15:35:54,31.89,51.08,25.00,20.00,0,0
2026-08-05 15:35:55,31.89,51.08,25.00,20.00,0,0
2026-08-05 15:35:56,31.88,51.08,25.00,20.00,0,0
2026-08-05 15:35:57,31.88,51.11,25.00,20.00,0,0
2026-08-05 15:35:58,31.88,51.11,25.00,20.00,0,0
2026-08-05 15:35:59,31.88,51.11,25.00,20.00,0,0
2026-08-05 15:36:00,31.88,51.11,25.00,20.00,0,0
2026-08-05 15:36:01,31.88,51.11,25.00,20.00,0,0
2026-08-05 15:36:02,31.88,51.11,25.00,20.00,0,0
2026-08-05 15:36:03,31.88,51.11,25.00,20.00,0,0
2026-08-05 15:36:04,31.87,51.11,25.00,20.00,0,0
2026-08-05 15:36:05,31.88,51.11,25.00,20.00,0,0
2026-08-05 15:36:06,31.88,51.11,25.00,20.00,0,0
2026-08-05 15:36:07,31.87,51.11,25.00,20.00,0,0
2026-08-05 15:36:08,31.87,51.11,25.00,20.00,0,0
2026-08-05 15:36:09,31.88,51.11,25.00,20.00,0,0
2026-08-05 15:36:10,31.87,51.11,25.00,20.00,0,0
2026-08-05 15:36:11,31.88,51.11,25.00,20.00,0,0
2026-08-05 15:36:12,31.87,51.11,25.00,20.00,0,0
2026-08-05 15:36:13,31.87,51.11,25.00,20.00,0,0
2026-08-05 15:36:14,31.87,51.11,25.00,20.00,0,0
2026-08-05 15:36:15,31.87,51.11,25.00,20.00,0,0
2026-08-05 15:36:16,31.87,51.11,25.00,20.00,0,0
2026-08-05 15:36:17,31.87,51.11,25.00,20.00,0,0
2026-08-05 15:36:18,31.86,51.11,25.00,20.00,0,0
2026-08-05 15:36:19,31.87,51.11,25.00,20.00,0,0
2026-08-05 15:36:20,31.87,51.11,25.00,20.00,0,0
2026-08-05 15:36:21,31.86,51.11,25.00,20.00,0,0
2026-08-05 15:36:22,31.86,51.11,25.00,20.00,0,0
2026-08-05 15:36:23,31.86,51.11,25.00,20.00,0,0
2026-08-05 15:36:24,31.86,51.11,25.00,20.00,0,0
2026-08-05 15:36:25,31.86,51.11,25.00,20.00,0,0
2026-08-05 15:36:26,31.86,51.11,25.00,20.00,0,0
2026-08-05 15:36:27,31.86,51.11,25.00,20.00,0,0
2026-08-05 15:36:28,31.85,51.11,25.00,20.00,0,0
2026-08-05 15:36:29,31.85,51.11,25.00,20.00,0,0
2026-08-05 15:36:30,31.85,51.11,25.00,20.00,0,0
2026-08-05 15:36:31,31.85,51.11,25.00,20.00,0,0
2026-08-05 15:36:32,31.85,51.11,25.00,20.00,0,0
2026-08-05 15:36:33,31.85,51.11,25.00,20.00,0,0
2026-08-05 15:36:34,31.85,51.11,25.00,20.00,0,0
2026-08-05 15:36:35,31.85,51.11,25.00,20.00,0,0
2026-08-05 15:36:36,31.85,51.11,25.00,20.00,0,0
2026-08-05 15:36:37,31.84,51.14,25.00,20.00,0,0
2026-08-05 15:36:38,31.85,51.14,25.00,20.00,0,0
2026-08-05 15:36:39,31.85,51.14,25.00,20.00,0,0
2026-08-05 15:36:40,31.85,51.14,25.00,20.00,0,0
2026-08-05 15:36:41,31.85,51.14,25.00,20.00,0,0
2026-08-05 15:36:42,31.84,51.14,25.00,20.00,0,0
2026-08-05 15:36:43,31.85,51.14,25.00,20.00,0,0
2026-08-05 15:36:44,31.85,51.14,25.00,20.00,0,0
2026-08-05 15:36:45,31.84,51.14,25.00,20.00,0,0
2026-08-05 15:36:46,31.85,51.14,25.00,20.00,0,0
2026-08-05 15:36:47,31.84,51.14,25.00,20.00,0,0
2026-08-05 15:36:48,31.84,51.14,25.00,20.00,0,0
2026-08-05 15:36:49,31.84,51.14,25.00,20.00,0,0
2026-08-05 15:36:50,31.84,51.14,25.00,20.00,0,0
2026-08-05 15:36:51,31.84,51.14,25.00,20.00,0,0
2026-08-05 15:36:52,31.84,51.14,25.00,20.00,0,0
2026-08-05 15:36:53,31.84,51.14,25.00,20.00,0,0
2026-08-05 15:36:54,31.84,51.14,25.00,20.00,0,0
2026-08-05 15:36:55,31.82,51.14,25.00,20.00,0,0
2026-08-05 15:36:56,31.82,51.14,25.00,20.00,0,0
2026-08-05 15:36:57,31.84,51.14,25.00,20.00,0,0
2026-08-05 15:36:58,31.82,51.14,25.00,20.00,0,0
2026-08-05 15:36:59,31.82,51.14,25.00,20.00,0,0
2026-08-05 15:37:00,31.82,51.14,25.00,20.00,0,0
2026-08-05 15:37:01,31.82,51.14,25.00,20.00,0,0
2026-08-05 15:37:02,31.82,51.14,25.00,20.00,0,0
2026-08-05 15:37:03,31.82,51.14,25.00,20.00,0,0
2026-08-05 15:37:04,31.82,51.14,25.00,20.00,0,0
2026-08-05 15:37:05,31.82,51.14,25.00,20.00,0,0
2026-08-05 15:37:06,31.82,51.14,25.00,20.00,0,0
2026-08-05 15:37:07,31.82,51.14,25.00,20.00,0,0
2026-08-05 15:37:08,31.82,51.14,25.00,20.00,0,0
2026-08-05 15:37:09,31.82,51.14,25.00,20.00,0,0
2026-08-05 15:37:10,31.81,51.14,25.00,20.00,0,0
2026-08-05 15:37:11,31.81,51.14,25.00,20.00,0,0
2026-08-05 15:37:12,31.81,51.14,25.00,20.00,0,0
2026-08-05 15:37:13,31.81,51.14,25.00,20.00,0,0
2026-08-05 15:37:14,31.81,51.14,25.00,20.00,0,0
2026-08-05 15:37:15,31.81,51.14,25.00,20.00,0,0
2026-08-05 15:37:16,31.81,51.14,25.00,20.00,0,0
2026-08-05 15:37:17,31.81,51.14,25.00,20.00,0,0
2026-08-05 15:37:18,31.81,51.14,25.00,20.00,0,0
2026-08-05 15:37:19,31.81,51.14,25.00,20.00,0,0
2026-08-05 15:37:20,31.81,51.14,25.00,20.00,0,0
2026-08-05 15:37:21,31.81,51.14,25.00,20.00,0,0
2026-08-05 15:37:22,31.81,51.14,25.00,20.00,0,0
2026-08-05 15:37:23,31.81,51.14,25.00,20.00,0,0
2026-08-05 15:37:24,31.80,51.14,25.00,20.00,0,0
2026-08-05 15:37:25,31.80,51.14,25.00,20.00,0,0
2026-08-05 15:37:26,31.81,51.14,25.00,20.00,0,0
2026-08-05 15:37:27,31.81,51.14,25.00,20.00,0,0
2026-08-05 15:37:28,31.80,51.18,25.00,20.00,0,0
2026-08-05 15:37:29,31.80,51.18,25.00,20.00,0,0
2026-08-05 15:37:30,31.80,51.18,25.00,20.00,0,0
2026-08-05 15:37:31,31.80,51.14,25.00,20.00,0,0
2026-08-05 15:37:32,31.80,51.18,25.00,20.00,0,0
2026-08-05 15:37:33,31.80,51.18,25.00,20.00,0,0
2026-08-05 15:37:34,31.80,51.18,25.00,20.00,0,0
2026-08-05 15:37:35,31.80,51.18,25.00,20.00,0,0
2026-08-05 15:37:36,31.80,51.18,25.00,20.00,0,0
2026-08-05 15:37:37,31.80,51.18,25.00,20.00,0,0
2026-08-05 15:37:38,31.79,51.18,25.00,20.00,0,0
2026-08-05 15:37:39,31.79,51.18,25.00,20.00,0,0
2026-08-05 15:37:40,31.80,51.18,25.00,20.00,0,0
2026-08-05 15:37:41,31.79,51.18,25.00,20.00,0,0
2026-08-05 15:37:42,31.79,51.18,25.00,20.00,0,0
2026-08-05 15:37:43,31.80,51.18,25.00,20.00,0,0
2026-08-05 15:37:44,31.79,51.18,25.00,20.00,0,0
2026-08-05 15:37:45,31.79,51.18,25.00,20.00,0,0
2026-08-05 15:37:46,31.79,51.18,25.00,20.00,0,0
2026-08-05 15:37:47,31.79,51.18,25.00,20.00,0,0
2026-08-05 15:37:48,31.79,51.18,25.00,20.00,0,0
2026-08-05 15:37:49,31.79,51.18,25.00,20.00,0,0
2026-08-05 15:37:50,31.79,51.18,25.00,20.00,0,0
2026-08-05 15:37:51,31.79,51.18,25.00,20.00,0,0
2026-08-05 15:37:52,31.79,51.18,25.00,20.00,0,0
2026-08-05 15:37:53,31.78,51.18,25.00,20.00,0,0
2026-08-05 15:37:54,31.78,51.18,25.00,20.00,0,0
2026-08-05 15:37:55,31.78,51.18,25.00,20.00,0,0
2026-08-05 15:37:56,31.78,51.18,25.00,20.00,0,0
2026-08-05 15:37:57,31.78,51.18,25.00,20.00,0,0
2026-08-05 15:37:58,31.78,51.18,25.00,20.00,0,0
2026-08-05 15:37:59,31.78,51.18,25.00,20.00,0,0
2026-08-05 15:38:00,31.78,51.18,25.00,20.00,0,0
2026-08-05 15:38:01,31.78,51.18,25.00,20.00,0,0
2026-08-05 15:38:02,31.78,51.18,25.00,20.00,0,0
2026-08-05 15:38:03,31.78,51.18,25.00,20.00,0,0
2026-08-05 15:38:04,31.78,51.18,25.00,20.00,0,0
2026-08-05 15:38:05,31.78,51.18,25.00,20.00,0,0
2026-08-05 15:38:06,31.78,51.18,25.00,20.00,0,0
2026-08-05 15:38:07,31.78,51.18,25.00,20.00,0,0
2026-08-05 15:38:08,31.78,51.18,25.00,20.00,0,0
2026-08-05 15:38:09,31.77,51.18,25.00,20.00,0,0
2026-08-05 15:38:10,31.78,51.18,25.00,20.00,0,0
2026-08-05 15:38:11,31.77,51.18,25.00,20.00,0,0
2026-08-05 15:38:12,31.78,51.18,25.00,20.00,0,0
2026-08-05 15:38:13,31.77,51.18,25.00,20.00,0,0
2026-08-05 15:38:14,31.77,51.18,25.00,20.00,0,0
2026-08-05 15:38:15,31.77,51.18,25.00,20.00,0,0
2026-08-05 15:38:16,31.77,51.18,25.00,20.00,0,0
2026-08-05 15:38:17,31.77,51.18,25.00,20.00,0,0
2026-08-05 15:38:18,31.77,51.18,25.00,20.00,0,0
2026-08-05 15:38:19,31.77,51.18,25.00,20.00,0,0
2026-08-05 15:38:20,31.77,51.18,25.00,20.00,0,0
2026-08-05 15:38:21,31.77,51.18,25.00,20.00,0,0
2026-08-05 15:38:22,31.77,51.18,25.00,20.00,0,0
2026-08-05 15:38:23,31.77,51.18,25.00,20.00,0,0
2026-08-05 15:38:24,31.77,51.18,25.00,20.00,0,0
2026-08-05 15:38:25,31.77,51.18,25.00,20.00,0,0
2026-08-05 15:38:26,31.77,51.18,25.00,20.00,0,0
2026-08-05 15:38:27,31.77,51.18,25.00,20.00,0,0
2026-08-05 15:38:28,31.76,51.18,25.00,20.00,0,0
2026-08-05 15:38:29,31.76,51.18,25.00,20.00,0,0
2026-08-05 15:38:30,31.77,51.15,25.00,20.00,0,0
2026-08-05 15:38:31,31.76,51.18,25.00,20.00,0,0
2026-08-05 15:38:32,31.76,51.18,25.00,20.00,0,0
2026-08-05 15:38:33,31.76,51.18,25.00,20.00,0,0
2026-08-05 15:38:34,31.76,51.15,25.00,20.00,0,0
2026-08-05 15:38:35,31.76,51.15,25.00,20.00,0,0
2026-08-05 15:38:36,31.76,51.18,25.00,20.00,0,0
2026-08-05 15:38:37,31.76,51.15,25.00,20.00,0,0
2026-08-05 15:38:38,31.76,51.18,25.00,20.00,0,0
2026-08-05 15:38:39,31.76,51.15,25.00,20.00,0,0
2026-08-05 15:38:40,31.76,51.15,25.00,20.00,0,0
2026-08-05 15:38:41,31.76,51.18,25.00,20.00,0,0
2026-08-05 15:38:42,31.76,51.18,25.00,20.00,0,0
2026-08-05 15:38:43,31.75,51.18,25.00,20.00,0,0
2026-08-05 15:38:44,31.76,51.18,25.00,20.00,0,0
2026-08-05 15:38:45,31.75,51.18,25.00,20.00,0,0
2026-08-05 15:38:46,31.75,51.18,25.00,20.00,0,0
2026-08-05 15:38:47,31.75,51.18,25.00,20.00,0,0
2026-08-05 15:38:48,31.75,51.18,25.00,20.00,0,0
2026-08-05 15:38:49,31.75,51.18,25.00,20.00,0,0
2026-08-05 15:38:50,31.75,51.18,25.00,20.00,0,0
2026-08-05 15:38:51,31.75,51.18,25.00,20.00,0,0
2026-08-05 15:38:52,31.75,51.18,25.00,20.00,0,0
2026-08-05 15:38:53,31.75,51.18,25.00,20.00,0,0
2026-08-05 15:38:54,31.74,51.18,25.00,20.00,0,0
2026-08-05 15:38:55,31.74,51.18,25.00,20.00,0,0
2026-08-05 15:38:56,31.75,51.18,25.00,20.00,0,0
2026-08-05 15:38:57,31.75,51.18,25.00,20.00,0,0
2026-08-05 15:38:58,31.74,51.18,25.00,20.00,0,0
2026-08-05 15:38:59,31.74,51.18,25.00,20.00,0,0
2026-08-05 15:39:00,31.74,51.18,25.00,20.00,0,0
2026-08-05 15:39:01,31.74,51.18,25.00,20.00,0,0
2026-08-05 15:39:02,31.74,51.18,25.00,20.00,0,0
2026-08-05 15:39:03,31.74,51.18,25.00,20.00,0,0
2026-08-05 15:39:04,31.74,51.18,25.00,20.00,0,0
2026-08-05 15:39:05,31.74,51.18,25.00,20.00,0,0
2026-08-05 15:39:06,31.74,51.18,25.00,20.00,0,0
2026-08-05 15:39:07,31.74,51.18,25.00,20.00,0,0
2026-08-05 15:39:08,31.74,51.18,25.00,20.00,0,0
2026-08-05 15:39:09,31.73,51.18,25.00,20.00,0,0
2026-08-05 15:39:10,31.74,51.18,25.00,20.00,0,0
2026-08-05 15:39:11,31.73,51.18,25.00,20.00,0,0
2026-08-05 15:39:12,31.73,51.18,25.00,20.00,0,0
2026-08-05 15:39:13,31.73,51.18,25.00,20.00,0,0
2026-08-05 15:39:14,31.73,51.18,25.00,20.00,0,0
2026-08-05 15:39:15,31.73,51.18,25.00,20.00,0,0
2026-08-05 15:39:16,31.73,51.18,25.00,20.00,0,0
2026-08-05 15:39:17,31.73,51.18,25.00,20.00,0,0
2026-08-05 15:39:18,31.73,51.18,25.00,20.00,0,0
2026-08-05 15:39:19,31.73,51.18,25.00,20.00,0,0
2026-08-05 15:39:20,31.73,51.18,25.00,20.00,0,0
2026-08-05 15:39:21,31.73,51.18,25.00,20.00,0,0
2026-08-05 15:39:22,31.73,51.18,25.00,20.00,0,0
2026-08-05 15:39:23,31.72,51.18,25.00,20.00,0,0
2026-08-05 15:39:24,31.72,51.18,25.00,20.00,0,0
2026-08-05 15:39:25,31.72,51.18,25.00,20.00,0,0
2026-08-05 15:39:26,31.73,51.18,25.00,20.00,0,0
2026-08-05 15:39:27,31.72,51.18,25.00,20.00,0,0
2026-08-05 15:39:28,31.72,51.18,25.00,20.00,0,0
2026-08-05 15:39:29,31.72,51.18,25.00,20.00,0,0
2026-08-05 15:39:30,31.72,51.18,25.00,20.00,0,0
2026-08-05 15:39:31,31.72,51.18,25.00,20.00,0,0
2026-08-05 15:39:32,31.72,51.18,25.00,20.00,0,0
2026-08-05 15:39:33,31.72,51.18,25.00,20.00,0,0
2026-08-05 15:39:34,31.72,51.22,25.00,20.00,0,0
2026-08-05 15:39:35,31.72,51.22,25.00,20.00,0,0
2026-08-05 15:39:36,31.72,51.22,25.00,20.00,0,0
2026-08-05 15:39:37,31.72,51.22,25.00,20.00,0,0
2026-08-05 15:39:38,31.71,51.22,25.00,20.00,0,0
2026-08-05 15:39:39,31.72,51.22,25.00,20.00,0,0
2026-08-05 15:39:40,31.72,51.22,25.00,20.00,0,0
2026-08-05 15:39:41,31.72,51.22,25.00,20.00,0,0
2026-08-05 15:39:42,31.72,51.22,25.00,20.00,0,0
2026-08-05 15:39:43,31.72,51.22,25.00,20.00,0,0
2026-08-05 15:39:44,31.71,51.22,25.00,20.00,0,0
2026-08-05 15:39:45,31.71,51.22,25.00,20.00,0,0
2026-08-05 15:39:46,31.71,51.22,25.00,20.00,0,0
2026-08-05 15:39:47,31.71,51.22,25.00,20.00,0,0
2026-08-05 15:39:48,31.71,51.22,25.00,20.00,0,0
2026-08-05 15:39:49,31.71,51.22,25.00,20.00,0,0
2026-08-05 15:39:50,31.71,51.22,25.00,20.00,0,0
2026-08-05 15:39:51,31.71,51.22,25.00,20.00,0,0
2026-08-05 15:39:52,31.71,51.22,25.00,20.00,0,0
2026-08-05 15:39:53,31.71,51.22,25.00,20.00,0,0
2026-08-05 15:39:54,31.71,51.22,25.00,20.00,0,0
2026-08-05 15:39:55,31.71,51.22,25.00,20.00,0,0
2026-08-05 15:39:56,31.71,51.22,25.00,20.00,0,0
2026-08-05 15:39:57,31.71,51.22,25.00,20.00,0,0
2026-08-05 15:39:58,31.71,51.22,25.00,20.00,0,0
2026-08-05 15:39:59,31.71,51.22,25.00,20.00,0,0
2026-08-05 15:40:00,31.71,51.22,25.00,20.00,0,0
2026-08-05 15:40:01,31.71,51.22,25.00,20.00,0,0
2026-08-05 15:40:02,31.70,51.22,25.00,20.00,0,0
2026-08-05 15:40:03,31.71,51.22,25.00,20.00,0,0
2026-08-05 15:40:04,31.71,51.22,25.00,20.00,0,0
2026-08-05 15:40:05,31.70,51.22,25.00,20.00,0,0
2026-08-05 15:40:06,31.70,51.22,25.00,20.00,0,0
2026-08-05 15:40:07,31.70,51.22,25.00,20.00,0,0
2026-08-05 15:40:08,31.70,51.22,25.00,20.00,0,0
2026-08-05 15:40:09,31.70,51.22,25.00,20.00,0,0
2026-08-05 15:40:10,31.70,51.22,25.00,20.00,0,0
2026-08-05 15:40:11,31.70,51.22,25.00,20.00,0,0
2026-08-05 15:40:12,31.70,51.22,25.00,20.00,0,0
2026-08-05 15:40:13,31.70,51.22,25.00,20.00,0,0
2026-08-05 15:40:14,31.70,51.22,25.00,20.00,0,0
2026-08-05 15:40:15,31.70,51.22,25.00,20.00,0,0
2026-08-05 15:40:16,31.70,51.22,25.00,20.00,0,0
2026-08-05 15:40:17,31.68,51.22,25.00,20.00,0,0
2026-08-05 15:40:18,31.70,51.22,25.00,20.00,0,0
2026-08-05 15:40:19,31.68,51.22,25.00,20.00,0,0
2026-08-05 15:40:20,31.68,51.22,25.00,20.00,0,0
2026-08-05 15:40:22,31.68,51.22,25.00,20.00,0,0
2026-08-05 15:40:23,31.68,51.22,25.00,20.00,0,0
2026-08-05 15:40:24,31.68,51.22,25.00,20.00,0,0
2026-08-05 15:40:25,31.68,51.22,25.00,20.00,0,0
2026-08-05 15:40:26,31.68,51.22,25.00,20.00,0,0
2026-08-05 15:40:27,31.68,51.22,25.00,20.00,0,0
2026-08-05 15:40:28,31.68,51.22,25.00,20.00,0,0
2026-08-05 15:40:29,31.67,51.22,25.00,20.00,0,0
2026-08-05 15:40:30,31.68,51.22,25.00,20.00,0,0
2026-08-05 15:40:31,31.68,51.22,25.00,20.00,0,0
2026-08-05 15:40:32,31.68,51.22,25.00,20.00,0,0
2026-08-05 15:40:33,31.67,51.22,25.00,20.00,0,0
2026-08-05 15:40:34,31.68,51.22,25.00,20.00,0,0
2026-08-05 15:40:35,31.67,51.22,25.00,20.00,0,0
2026-08-05 15:40:36,31.67,51.22,25.00,20.00,0,0
2026-08-05 15:40:37,31.67,51.22,25.00,20.00,0,0
2026-08-05 15:40:38,31.67,51.22,25.00,20.00,0,0
2026-08-05 15:40:39,31.67,51.22,25.00,20.00,0,0
2026-08-05 15:40:40,31.67,51.22,25.00,20.00,0,0
2026-08-05 15:40:41,31.67,51.22,25.00,20.00,0,0
2026-08-05 15:40:42,31.67,51.22,25.00,20.00,0,0
2026-08-05 15:40:43,31.67,51.22,25.00,20.00,0,0
2026-08-05 15:40:44,31.67,51.22,25.00,20.00,0,0
2026-08-05 15:40:45,31.67,51.22,25.00,20.00,0,0
2026-08-05 15:40:46,31.67,51.22,25.00,20.00,0,0
2026-08-05 15:40:47,31.66,51.22,25.00,20.00,0,0
2026-08-05 15:40:48,31.66,51.22,25.00,20.00,0,0
2026-08-05 15:40:49,31.67,51.22,25.00,20.00,0,0
2026-08-05 15:40:50,31.66,51.22,25.00,20.00,0,0
2026-08-05 15:40:51,31.66,51.22,25.00,20.00,0,0
2026-08-05 15:40:52,31.66,51.22,25.00,20.00,0,0
2026-08-05 15:40:53,31.66,51.22,25.00,20.00,0,0
2026-08-05 15:40:54,31.66,51.22,25.00,20.00,0,0
2026-08-05 15:40:55,31.66,51.22,25.00,20.00,0,0
2026-08-05 15:40:56,31.66,51.22,25.00,20.00,0,0
2026-08-05 15:40:57,31.66,51.22,25.00,20.00,0,0
2026-08-05 15:40:58,31.66,51.22,25.00,20.00,0,0
2026-08-05 15:40:59,31.66,51.22,25.00,20.00,0,0
2026-08-05 15:41:00,31.65,51.22,25.00,20.00,0,0
2026-08-05 15:41:01,31.65,51.22,25.00,20.00,0,0
2026-08-05 15:41:02,31.65,51.22,25.00,20.00,0,0
2026-08-05 15:41:03,31.65,51.25,25.00,20.00,0,0
2026-08-05 15:41:04,31.65,51.22,25.00,20.00,0,0
2026-08-05 15:41:05,31.65,51.22,25.00,20.00,0,0
2026-08-05 15:41:06,31.65,51.22,25.00,20.00,0,0
2026-08-05 15:41:07,31.65,51.25,25.00,20.00,0,0
2026-08-05 15:41:08,31.65,51.22,25.00,20.00,0,0
2026-08-05 15:41:09,31.65,51.22,25.00,20.00,0,0
2026-08-05 15:41:10,31.65,51.25,25.00,20.00,0,0
2026-08-05 15:41:11,31.65,51.25,25.00,20.00,0,0
2026-08-05 15:41:12,31.65,51.25,25.00,20.00,0,0
2026-08-05 15:41:13,31.65,51.25,25.00,20.00,0,0
2026-08-05 15:41:14,31.65,51.22,25.00,20.00,0,0
2026-08-05 15:41:15,31.65,51.25,25.00,20.00,0,0
2026-08-05 15:41:16,31.65,51.25,25.00,20.00,0,0
2026-08-05 15:41:17,31.65,51.25,25.00,20.00,0,0
2026-08-05 15:41:18,31.65,51.25,25.00,20.00,0,0
2026-08-05 15:41:19,31.65,51.22,25.00,20.00,0,0
2026-08-05 15:41:20,31.64,51.22,25.00,20.00,0,0
2026-08-05 15:41:21,31.65,51.22,25.00,20.00,0,0
2026-08-05 15:41:22,31.65,51.22,25.00,20.00,0,0
2026-08-05 15:41:23,31.65,51.25,25.00,20.00,0,0
2026-08-05 15:41:24,31.65,51.22,25.00,20.00,0,0
2026-08-05 15:41:25,31.65,51.22,25.00,20.00,0,0
2026-08-05 15:41:26,31.65,51.22,25.00,20.00,0,0
2026-08-05 15:41:27,31.65,51.22,25.00,20.00,0,0
2026-08-05 15:41:28,31.64,51.22,25.00,20.00,0,0
2026-08-05 15:41:29,31.64,51.22,25.00,20.00,0,0
2026-08-05 15:41:30,31.64,51.22,25.00,20.00,0,0
2026-08-05 15:41:31,31.64,51.22,25.00,20.00,0,0
2026-08-05 15:41:32,31.64,51.22,25.00,20.00,0,0
2026-08-05 15:41:33,31.64,51.22,25.00,20.00,0,0
2026-08-05 15:41:34,31.64,51.22,25.00,20.00,0,0
2026-08-05 15:41:35,31.64,51.22,25.00,20.00,0,0
2026-08-05 15:41:36,31.64,51.25,25.00,20.00,0,0
2026-08-05 15:41:37,31.64,51.25,25.00,20.00,0,0
2026-08-05 15:41:38,31.64,51.25,25.00,20.00,0,0
2026-08-05 15:41:39,31.64,51.25,25.00,20.00,0,0
2026-08-05 15:41:40,31.63,51.25,25.00,20.00,0,0
2026-08-05 15:41:41,31.64,51.25,25.00,20.00,0,0
2026-08-05 15:41:42,31.64,51.25,25.00,20.00,0,0
2026-08-05 15:41:43,31.64,51.25,25.00,20.00,0,0
2026-08-05 15:41:44,31.63,51.25,25.00,20.00,0,0
2026-08-05 15:41:45,31.64,51.25,25.00,20.00,0,0
2026-08-05 15:41:46,31.63,51.25,25.00,20.00,0,0
2026-08-05 15:41:47,31.63,51.25,25.00,20.00,0,0
2026-08-05 15:41:48,31.63,51.25,25.00,20.00,0,0
2026-08-05 15:41:49,31.63,51.25,25.00,20.00,0,0
2026-08-05 15:41:50,31.63,51.25,25.00,20.00,0,0
2026-08-05 15:41:51,31.63,51.25,25.00,20.00,0,0
2026-08-05 15:41:52,31.63,51.25,25.00,20.00,0,0
2026-08-05 15:41:53,31.63,51.25,25.00,20.00,0,0
2026-08-05 15:41:54,31.63,51.25,25.00,20.00,0,0
2026-08-05 15:41:55,31.63,51.25,25.00,20.00,0,0
2026-08-05 15:41:56,31.63,51.25,25.00,20.00,0,0
2026-08-05 15:41:57,31.63,51.25,25.00,20.00,0,0
2026-08-05 15:41:58,31.63,51.25,25.00,20.00,0,0
2026-08-05 15:41:59,31.63,51.25,25.00,20.00,0,0
2026-08-05 15:42:00,31.62,51.25,25.00,20.00,0,0
2026-08-05 15:42:01,31.62,51.25,25.00,20.00,0,0
2026-08-05 15:42:02,31.62,51.25,25.00,20.00,0,0
2026-08-05 15:42:03,31.62,51.25,25.00,20.00,0,0
2026-08-05 15:42:04,31.62,51.25,25.00,20.00,0,0
2026-08-05 15:42:05,31.62,51.25,25.00,20.00,0,0
2026-08-05 15:42:06,31.62,51.25,25.00,20.00,0,0
2026-08-05 15:42:07,31.62,51.25,25.00,20.00,0,0
2026-08-05 15:42:08,31.62,51.25,25.00,20.00,0,0
2026-08-05 15:42:09,31.62,51.25,25.00,20.00,0,0
2026-08-05 15:42:10,31.62,51.25,25.00,20.00,0,0
2026-08-05 15:42:11,31.62,51.25,25.00,20.00,0,0
2026-08-05 15:42:12,31.62,51.25,25.00,20.00,0,0
2026-08-05 15:42:13,31.61,51.25,25.00,20.00,0,0
2026-08-05 15:42:14,31.62,51.25,25.00,20.00,0,0
2026-08-05 15:42:15,31.62,51.25,25.00,20.00,0,0
2026-08-05 15:42:16,31.61,51.25,25.00,20.00,0,0
2026-08-05 15:42:17,31.61,51.25,25.00,20.00,0,0
2026-08-05 15:42:18,31.61,51.25,25.00,20.00,0,0
2026-08-05 15:42:19,31.61,51.25,25.00,20.00,0,0
2026-08-05 15:42:20,31.61,51.25,25.00,20.00,0,0
2026-08-05 15:42:21,31.61,51.25,25.00,20.00,0,0
2026-08-05 15:42:22,31.61,51.25,25.00,20.00,0,0
2026-08-05 15:42:23,31.61,51.25,25.00,20.00,0,0
2026-08-05 15:42:24,31.61,51.25,25.00,20.00,0,0
2026-08-05 15:42:25,31.61,51.25,25.00,20.00,0,0
2026-08-05 15:42:26,31.61,51.25,25.00,20.00,0,0
2026-08-05 15:42:27,31.61,51.25,25.00,20.00,0,0
2026-08-05 15:42:28,31.61,51.25,25.00,20.00,0,0
2026-08-05 15:42:29,31.61,51.25,25.00,20.00,0,0
2026-08-05 15:42:30,31.61,51.25,25.00,20.00,0,0
2026-08-05 15:42:31,31.61,51.25,25.00,20.00,0,0
2026-08-05 15:42:32,31.60,51.25,25.00,20.00,0,0
2026-08-05 15:42:33,31.61,51.25,25.00,20.00,0,0
2026-08-05 15:42:34,31.60,51.25,25.00,20.00,0,0
2026-08-05 15:42:35,31.60,51.25,25.00,20.00,0,0
2026-08-05 15:42:36,31.60,51.25,25.00,20.00,0,0
2026-08-05 15:42:37,31.60,51.25,25.00,20.00,0,0
2026-08-05 15:42:38,31.60,51.25,25.00,20.00,0,0
2026-08-05 15:42:39,31.60,51.25,25.00,20.00,0,0
2026-08-05 15:42:40,31.60,51.25,25.00,20.00,0,0
2026-08-05 15:42:41,31.60,51.25,25.00,20.00,0,0
2026-08-05 15:42:42,31.60,51.25,25.00,20.00,0,0
2026-08-05 15:42:43,31.60,51.25,25.00,20.00,0,0
2026-08-05 15:42:44,31.60,51.25,25.00,20.00,0,0
2026-08-05 15:42:45,31.60,51.25,25.00,20.00,0,0
2026-08-05 15:42:46,31.59,51.25,25.00,20.00,0,0
2026-08-05 15:42:47,31.60,51.25,25.00,20.00,0,0
2026-08-05 15:42:48,31.60,51.25,25.00,20.00,0,0
2026-08-05 15:42:49,31.60,51.25,25.00,20.00,0,0
2026-08-05 15:42:50,31.60,51.25,25.00,20.00,0,0
2026-08-05 15:42:51,31.60,51.25,25.00,20.00,0,0
2026-08-05 15:42:52,31.59,51.25,25.00,20.00,0,0
2026-08-05 15:42:53,31.59,51.25,25.00,20.00,0,0
2026-08-05 15:42:54,31.60,51.25,25.00,20.00,0,0
2026-08-05 15:42:55,31.59,51.25,25.00,20.00,0,0
2026-08-05 15:42:56,31.59,51.25,25.00,20.00,0,0
2026-08-05 15:42:57,31.59,51.25,25.00,20.00,0,0
2026-08-05 15:42:58,31.59,51.25,25.00,20.00,0,0
2026-08-05 15:42:59,31.59,51.25,25.00,20.00,0,0
2026-08-05 15:43:00,31.59,51.25,25.00,20.00,0,0
2026-08-05 15:43:01,31.59,51.25,25.00,20.00,0,0
2026-08-05 15:43:02,31.59,51.25,25.00,20.00,0,0
2026-08-05 15:43:03,31.59,51.25,25.00,20.00,0,0
2026-08-05 15:43:04,31.59,51.28,25.00,20.00,0,0
2026-08-05 15:43:05,31.59,51.28,25.00,20.00,0,0
2026-08-05 15:43:06,31.58,51.25,25.00,20.00,0,0
2026-08-05 15:43:07,31.59,51.25,25.00,20.00,0,0
2026-08-05 15:43:08,31.59,51.28,25.00,20.00,0,0
2026-08-05 15:43:09,31.59,51.28,25.00,20.00,0,0
2026-08-05 15:43:10,31.59,51.25,25.00,20.00,0,0
2026-08-05 15:43:11,31.59,51.25,25.00,20.00,0,0
2026-08-05 15:43:12,31.59,51.25,25.00,20.00,0,0
2026-08-05 15:43:13,31.59,51.28,25.00,20.00,0,0
2026-08-05 15:43:14,31.59,51.28,25.00,20.00,0,0
2026-08-05 15:43:15,31.58,51.22,25.00,20.00,0,0
2026-08-05 15:43:16,31.58,51.25,25.00,20.00,0,0
2026-08-05 15:43:17,31.59,51.25,25.00,20.00,0,0
2026-08-05 15:43:18,31.58,51.25,25.00,20.00,0,0
2026-08-05 15:43:19,31.58,51.25,25.00,20.00,0,0
2026-08-05 15:43:20,31.58,51.25,25.00,20.00,0,0
2026-08-05 15:43:21,31.58,51.25,25.00,20.00,0,0
2026-08-05 15:43:22,31.58,51.22,25.00,20.00,0,0
2026-08-05 15:43:23,31.58,51.22,25.00,20.00,0,0
2026-08-05 15:43:24,31.58,51.22,25.00,20.00,0,0
2026-08-05 15:43:25,31.58,51.25,25.00,20.00,0,0
2026-08-05 15:43:26,31.58,51.25,25.00,20.00,0,0
2026-08-05 15:43:27,31.58,51.22,25.00,20.00,0,0
2026-08-05 15:43:28,31.58,51.22,25.00,20.00,0,0
2026-08-05 15:43:29,31.58,51.22,25.00,20.00,0,0
2026-08-05 15:43:30,31.58,51.22,25.00,20.00,0,0
2026-08-05 15:43:31,31.58,51.22,25.00,20.00,0,0
2026-08-05 15:43:32,31.57,51.22,25.00,20.00,0,0
2026-08-05 15:43:33,31.58,51.22,25.00,20.00,0,0
2026-08-05 15:43:34,31.58,51.22,25.00,20.00,0,0
2026-08-05 15:43:35,31.57,51.22,25.00,20.00,0,0
2026-08-05 15:43:36,31.57,51.22,25.00,20.00,0,0
2026-08-05 15:43:37,31.57,51.22,25.00,20.00,0,0
2026-08-05 15:43:38,31.57,51.22,25.00,20.00,0,0
2026-08-05 15:43:39,31.57,51.22,25.00,20.00,0,0
2026-08-05 15:43:40,31.57,51.22,25.00,20.00,0,0
2026-08-05 15:43:41,31.57,51.22,25.00,20.00,0,0
2026-08-05 15:43:42,31.57,51.22,25.00,20.00,0,0
2026-08-05 15:43:43,31.57,51.22,25.00,20.00,0,0
2026-08-05 15:43:44,31.57,51.22,25.00,20.00,0,0
2026-08-05 15:43:45,31.57,51.26,25.00,20.00,0,0
2026-08-05 15:43:46,31.57,51.26,25.00,20.00,0,0
2026-08-05 15:43:47,31.57,51.26,25.00,20.00,0,0
2026-08-05 15:43:48,31.56,51.26,25.00,20.00,0,0
2026-08-05 15:43:49,31.57,51.26,25.00,20.00,0,0
2026-08-05 15:43:50,31.57,51.26,25.00,20.00,0,0
2026-08-05 15:43:51,31.57,51.26,25.00,20.00,0,0
2026-08-05 15:43:52,31.57,51.26,25.00,20.00,0,0
2026-08-05 15:43:53,31.56,51.26,25.00,20.00,0,0
2026-08-05 15:43:54,31.56,51.26,25.00,20.00,0,0
2026-08-05 15:43:55,31.56,51.26,25.00,20.00,0,0
2026-08-05 15:43:56,31.56,51.26,25.00,20.00,0,0
2026-08-05 15:43:57,31.56,51.26,25.00,20.00,0,0
2026-08-05 15:43:58,31.56,51.26,25.00,20.00,0,0
2026-08-05 15:43:59,31.56,51.26,25.00,20.00,0,0
2026-08-05 15:44:00,31.56,51.26,25.00,20.00,0,0
2026-08-05 15:44:01,31.56,51.26,25.00,20.00,0,0
2026-08-05 15:44:02,31.56,51.26,25.00,20.00,0,0
2026-08-05 15:44:03,31.56,51.26,25.00,20.00,0,0
2026-08-05 15:44:04,31.56,51.26,25.00,20.00,0,0
2026-08-05 15:44:05,31.56,51.26,25.00,20.00,0,0
2026-08-05 15:44:06,31.56,51.26,25.00,20.00,0,0
2026-08-05 15:44:07,31.56,51.26,25.00,20.00,0,0
2026-08-05 15:44:08,31.56,51.26,25.00,20.00,0,0
2026-08-05 15:44:09,31.56,51.26,25.00,20.00,0,0
2026-08-05 15:44:10,31.55,51.26,25.00,20.00,0,0
2026-08-05 15:44:11,31.55,51.26,25.00,20.00,0,0
2026-08-05 15:44:12,31.55,51.26,25.00,20.00,0,0
2026-08-05 15:44:13,31.55,51.26,25.00,20.00,0,0
2026-08-05 15:44:14,31.55,51.26,25.00,20.00,0,0
2026-08-05 15:44:15,31.56,51.26,25.00,20.00,0,0
2026-08-05 15:44:16,31.55,51.26,25.00,20.00,0,0
2026-08-05 15:44:17,31.55,51.26,25.00,20.00,0,0
2026-08-05 15:44:18,31.55,51.26,25.00,20.00,0,0
2026-08-05 15:44:19,31.55,51.26,25.00,20.00,0,0
2026-08-05 15:44:20,31.55,51.26,25.00,20.00,0,0
2026-08-05 15:44:21,31.55,51.26,25.00,20.00,0,0
2026-08-05 15:44:22,31.55,51.26,25.00,20.00,0,0
2026-08-05 15:44:23,31.55,51.26,25.00,20.00,0,0
2026-08-05 15:44:24,31.55,51.26,25.00,20.00,0,0
2026-08-05 15:44:25,31.55,51.26,25.00,20.00,0,0
2026-08-05 15:44:26,31.55,51.26,25.00,20.00,0,0
2026-08-05 15:44:27,31.53,51.26,25.00,20.00,0,0
2026-08-05 15:44:28,31.55,51.26,25.00,20.00,0,0
2026-08-05 15:44:29,31.55,51.26,25.00,20.00,0,0
2026-08-05 15:44:30,31.55,51.26,25.00,20.00,0,0
2026-08-05 15:44:31,31.55,51.26,25.00,20.00,0,0
2026-08-05 15:44:32,31.55,51.26,25.00,20.00,0,0
2026-08-05 15:44:33,31.53,51.26,25.00,20.00,0,0
2026-08-05 15:44:34,31.53,51.26,25.00,20.00,0,0
2026-08-05 15:44:35,31.53,51.26,25.00,20.00,0,0
2026-08-05 15:44:36,31.55,51.26,25.00,20.00,0,0
2026-08-05 15:44:37,31.53,51.26,25.00,20.00,0,0
2026-08-05 15:44:38,31.53,51.26,25.00,20.00,0,0
2026-08-05 15:44:39,31.53,51.26,25.00,20.00,0,0
2026-08-05 15:44:40,31.53,51.26,25.00,20.00,0,0
2026-08-05 15:44:41,31.53,51.26,25.00,20.00,0,0
2026-08-05 15:44:42,31.53,51.26,25.00,20.00,0,0
2026-08-05 15:44:43,31.53,51.26,25.00,20.00,0,0
2026-08-05 15:44:44,31.53,51.26,25.00,20.00,0,0
2026-08-05 15:44:45,31.53,51.26,25.00,20.00,0,0
2026-08-05 15:44:46,31.53,51.29,25.00,20.00,0,0
2026-08-05 15:44:47,31.52,51.26,25.00,20.00,0,0
2026-08-05 15:44:48,31.53,51.26,25.00,20.00,0,0
2026-08-05 15:44:49,31.53,51.29,25.00,20.00,0,0
2026-08-05 15:44:50,31.52,51.29,25.00,20.00,0,0
2026-08-05 15:44:51,31.53,51.26,25.00,20.00,0,0
2026-08-05 15:44:52,31.53,51.26,25.00,20.00,0,0
2026-08-05 15:44:53,31.53,51.26,25.00,20.00,0,0
2026-08-05 15:44:54,31.52,51.29,25.00,20.00,0,0
2026-08-05 15:44:55,31.53,51.26,25.00,20.00,0,0
2026-08-05 15:44:56,31.52,51.26,25.00,20.00,0,0
2026-08-05 15:44:57,31.52,51.29,25.00,20.00,0,0
2026-08-05 15:44:58,31.52,51.26,25.00,20.00,0,0
2026-08-05 15:44:59,31.52,51.26,25.00,20.00,0,0
2026-08-05 15:45:00,31.52,51.26,25.00,20.00,0,0
2026-08-05 15:45:01,31.52,51.26,25.00,20.00,0,0
2026-08-05 15:45:02,31.52,51.26,25.00,20.00,0,0
2026-08-05 15:45:03,31.52,51.26,25.00,20.00,0,0
2026-08-05 15:45:04,31.52,51.26,25.00,20.00,0,0
2026-08-05 15:45:05,31.52,51.26,25.00,20.00,0,0
2026-08-05 15:45:06,31.52,51.26,25.00,20.00,0,0
2026-08-05 15:45:07,31.52,51.26,25.00,20.00,0,0
2026-08-05 15:45:08,31.52,51.26,25.00,20.00,0,0
2026-08-05 15:45:09,31.52,51.26,25.00,20.00,0,0
2026-08-05 15:45:10,31.52,51.26,25.00,20.00,0,0
2026-08-05 15:45:11,31.52,51.26,25.00,20.00,0,0
2026-08-05 15:45:12,31.51,51.26,25.00,20.00,0,0
2026-08-05 15:45:13,31.51,51.26,25.00,20.00,0,0
2026-08-05 15:45:14,31.52,51.26,25.00,20.00,0,0
2026-08-05 15:45:15,31.51,51.26,25.00,20.00,0,0
2026-08-05 15:45:16,31.52,51.26,25.00,20.00,0,0
2026-08-05 15:45:17,31.52,51.26,25.00,20.00,0,0
2026-08-05 15:45:18,31.52,51.26,25.00,20.00,0,0
2026-08-05 15:45:19,31.51,51.26,25.00,20.00,0,0
2026-08-05 15:45:20,31.51,51.26,25.00,20.00,0,0
2026-08-05 15:45:21,31.51,51.26,25.00,20.00,0,0
2026-08-05 15:45:22,31.51,51.26,25.00,20.00,0,0
2026-08-05 15:45:23,31.51,51.26,25.00,20.00,0,0
2026-08-05 15:45:24,31.51,51.26,25.00,20.00,0,0
2026-08-05 15:45:25,31.51,51.26,25.00,20.00,0,0
2026-08-05 15:45:26,31.51,51.26,25.00,20.00,0,0
2026-08-05 15:45:27,31.51,51.26,25.00,20.00,0,0
2026-08-05 15:45:28,31.51,51.26,25.00,20.00,0,0
2026-08-05 15:45:29,31.51,51.26,25.00,20.00,0,0
2026-08-05 15:45:30,31.51,51.26,25.00,20.00,0,0
2026-08-05 15:45:31,31.51,51.26,25.00,20.00,0,0
2026-08-05 15:45:32,31.51,51.26,25.00,20.00,0,0
2026-08-05 15:45:33,31.50,51.26,25.00,20.00,0,0
2026-08-05 15:45:34,31.51,51.26,25.00,20.00,0,0
2026-08-05 15:45:35,31.50,51.26,25.00,20.00,0,0
2026-08-05 15:45:36,31.50,51.26,25.00,20.00,0,0
2026-08-05 15:45:37,31.50,51.26,25.00,20.00,0,0
2026-08-05 15:45:38,31.51,51.29,25.00,20.00,0,0
2026-08-05 15:45:39,31.50,51.26,25.00,20.00,0,0
2026-08-05 15:45:40,31.50,51.26,25.00,20.00,0,0
2026-08-05 15:45:41,31.50,51.29,25.00,20.00,0,0
2026-08-05 15:45:42,31.50,51.29,25.00,20.00,0,0
2026-08-05 15:45:43,31.50,51.29,25.00,20.00,0,0
2026-08-05 15:45:44,31.50,51.29,25.00,20.00,0,0
2026-08-05 15:45:45,31.50,51.29,25.00,20.00,0,0
2026-08-05 15:45:46,31.50,51.29,25.00,20.00,0,0
2026-08-05 15:45:47,31.50,51.29,25.00,20.00,0,0
2026-08-05 15:45:48,31.50,51.29,25.00,20.00,0,0
2026-08-05 15:45:49,31.50,51.29,25.00,20.00,0,0
2026-08-05 15:45:50,31.50,51.29,25.00,20.00,0,0
2026-08-05 15:45:51,31.50,51.29,25.00,20.00,0,0
2026-08-05 15:45:52,31.50,51.29,25.00,20.00,0,0
2026-08-05 15:45:53,31.50,51.29,25.00,20.00,0,0
2026-08-05 15:45:54,31.50,51.29,25.00,20.00,0,0
2026-08-05 15:45:55,31.49,51.29,25.00,20.00,0,0
2026-08-05 15:45:56,31.50,51.29,25.00,20.00,0,0
2026-08-05 15:45:57,31.50,51.29,25.00,20.00,0,0
2026-08-05 15:45:58,31.50,51.29,25.00,20.00,0,0
2026-08-05 15:45:59,31.50,51.29,25.00,20.00,0,0
2026-08-05 15:46:00,31.49,51.29,25.00,20.00,0,0
2026-08-05 15:46:01,31.49,51.29,25.00,20.00,0,0
2026-08-05 15:46:02,31.49,51.26,25.00,20.00,0,0
2026-08-05 15:46:03,31.49,51.29,25.00,20.00,0,0
2026-08-05 15:46:04,31.49,51.29,25.00,20.00,0,0
2026-08-05 15:46:05,31.49,51.29,25.00,20.00,0,0
2026-08-05 15:46:06,31.49,51.26,25.00,20.00,0,0
2026-08-05 15:46:07,31.49,51.26,25.00,20.00,0,0
2026-08-05 15:46:08,31.49,51.26,25.00,20.00,0,0
2026-08-05 15:46:09,31.49,51.26,25.00,20.00,0,0
2026-08-05 15:46:10,31.49,51.29,25.00,20.00,0,0
2026-08-05 15:46:11,31.49,51.29,25.00,20.00,0,0
2026-08-05 15:46:12,31.49,51.26,25.00,20.00,0,0
2026-08-05 15:46:13,31.49,51.26,25.00,20.00,0,0
2026-08-05 15:46:14,31.49,51.26,25.00,20.00,0,0
2026-08-05 15:46:15,31.49,51.26,25.00,20.00,0,0
2026-08-05 15:46:16,31.49,51.26,25.00,20.00,0,0
2026-08-05 15:46:17,31.49,51.26,25.00,20.00,0,0
2026-08-05 15:46:18,31.49,51.26,25.00,20.00,0,0
2026-08-05 15:46:19,31.49,51.26,25.00,20.00,0,0
2026-08-05 15:46:20,31.49,51.26,25.00,20.00,0,0
2026-08-05 15:46:21,31.49,51.26,25.00,20.00,0,0
2026-08-05 15:46:22,31.48,51.26,25.00,20.00,0,0
2026-08-05 15:46:23,31.48,51.26,25.00,20.00,0,0
2026-08-05 15:46:24,31.48,51.26,25.00,20.00,0,0
2026-08-05 15:46:25,31.48,51.26,25.00,20.00,0,0
2026-08-05 15:46:26,31.48,51.26,25.00,20.00,0,0
2026-08-05 15:46:27,31.48,51.26,25.00,20.00,0,0
2026-08-05 15:46:28,31.48,51.26,25.00,20.00,0,0
2026-08-05 15:46:29,31.48,51.26,25.00,20.00,0,0
2026-08-05 15:46:30,31.48,51.26,25.00,20.00,0,0
2026-08-05 15:46:31,31.48,51.26,25.00,20.00,0,0
2026-08-05 15:46:32,31.48,51.26,25.00,20.00,0,0
2026-08-05 15:46:33,31.48,51.26,25.00,20.00,0,0
2026-08-05 15:46:34,31.48,51.26,25.00,20.00,0,0
2026-08-05 15:46:35,31.48,51.26,25.00,20.00,0,0
2026-08-05 15:46:36,31.48,51.26,25.00,20.00,0,0
2026-08-05 15:46:37,31.48,51.26,25.00,20.00,0,0
2026-08-05 15:46:38,31.48,51.26,25.00,20.00,0,0
2026-08-05 15:46:39,31.48,51.29,25.00,20.00,0,0
2026-08-05 15:46:40,31.47,51.29,25.00,20.00,0,0
2026-08-05 15:46:41,31.48,51.26,25.00,20.00,0,0
2026-08-05 15:46:42,31.48,51.26,25.00,20.00,0,0
2026-08-05 15:46:43,31.47,51.29,25.00,20.00,0,0
2026-08-05 15:46:44,31.47,51.29,25.00,20.00,0,0
2026-08-05 15:46:45,31.48,51.29,25.00,20.00,0,0
2026-08-05 15:46:46,31.48,51.29,25.00,20.00,0,0
2026-08-05 15:46:47,31.47,51.29,25.00,20.00,0,0
2026-08-05 15:46:48,31.47,51.29,25.00,20.00,0,0
2026-08-05 15:46:49,31.47,51.29,25.00,20.00,0,0
2026-08-05 15:46:50,31.47,51.29,25.00,20.00,0,0
2026-08-05 15:46:51,31.47,51.29,25.00,20.00,0,0
2026-08-05 15:46:52,31.47,51.29,25.00,20.00,0,0
2026-08-05 15:46:53,31.47,51.29,25.00,20.00,0,0
2026-08-05 15:46:54,31.47,51.29,25.00,20.00,0,0
2026-08-05 15:46:55,31.47,51.29,25.00,20.00,0,0
2026-08-05 15:46:56,31.47,51.29,25.00,20.00,0,0
2026-08-05 15:46:57,31.47,51.29,25.00,20.00,0,0
2026-08-05 15:46:58,31.47,51.29,25.00,20.00,0,0
2026-08-05 15:46:59,31.47,51.29,25.00,20.00,0,0
2026-08-05 15:47:00,31.47,51.29,25.00,20.00,0,0
2026-08-05 15:47:01,31.47,51.29,25.00,20.00,0,0
2026-08-05 15:47:02,31.47,51.29,25.00,20.00,0,0
2026-08-05 15:47:03,31.47,51.29,25.00,20.00,0,0
2026-08-05 15:47:04,31.47,51.29,25.00,20.00,0,0
2026-08-05 15:47:05,31.47,51.29,25.00,20.00,0,0
2026-08-05 15:47:06,31.47,51.29,25.00,20.00,0,0
2026-08-05 15:47:07,31.47,51.29,25.00,20.00,0,0
2026-08-05 15:47:08,31.47,51.29,25.00,20.00,0,0
2026-08-05 15:47:09,31.47,51.29,25.00,20.00,0,0
2026-08-05 15:47:10,31.46,51.29,25.00,20.00,0,0
2026-08-05 15:47:11,31.47,51.29,25.00,20.00,0,0
2026-08-05 15:47:12,31.47,51.29,25.00,20.00,0,0
2026-08-05 15:47:13,31.46,51.29,25.00,20.00,0,0
2026-08-05 15:47:14,31.46,51.29,25.00,20.00,0,0
2026-08-05 15:47:15,31.46,51.29,25.00,20.00,0,0
2026-08-05 15:47:16,31.47,51.29,25.00,20.00,0,0
2026-08-05 15:47:17,31.46,51.29,25.00,20.00,0,0
2026-08-05 15:47:18,31.46,51.29,25.00,20.00,0,0
2026-08-05 15:47:19,31.46,51.29,25.00,20.00,0,0
2026-08-05 15:47:20,31.46,51.29,25.00,20.00,0,0
2026-08-05 15:47:21,31.46,51.26,25.00,20.00,0,0
2026-08-05 15:47:22,31.46,51.29,25.00,20.00,0,0
2026-08-05 15:47:23,31.46,51.26,25.00,20.00,0,0
2026-08-05 15:47:24,31.46,51.29,25.00,20.00,0,0
2026-08-05 15:47:25,31.46,51.26,25.00,20.00,0,0
2026-08-05 15:47:26,31.46,51.26,25.00,20.00,0,0
2026-08-05 15:47:27,31.46,51.26,25.00,20.00,0,0
2026-08-05 15:47:28,31.46,51.26,25.00,20.00,0,0
2026-08-05 15:47:29,31.46,51.26,25.00,20.00,0,0
2026-08-05 15:47:30,31.46,51.26,25.00,20.00,0,0
2026-08-05 15:47:31,31.46,51.29,25.00,20.00,0,0
2026-08-05 15:47:32,31.45,51.26,25.00,20.00,0,0
2026-08-05 15:47:33,31.46,51.29,25.00,20.00,0,0
2026-08-05 15:47:34,31.45,51.29,25.00,20.00,0,0
2026-08-05 15:47:35,31.46,51.26,25.00,20.00,0,0
2026-08-05 15:47:36,31.46,51.26,25.00,20.00,0,0
2026-08-05 15:47:37,31.45,51.26,25.00,20.00,0,0
2026-08-05 15:47:38,31.46,51.26,25.00,20.00,0,0
2026-08-05 15:47:39,31.45,51.26,25.00,20.00,0,0
2026-08-05 15:47:40,31.46,51.26,25.00,20.00,0,0
2026-08-05 15:47:41,31.45,51.26,25.00,20.00,0,0
2026-08-05 15:47:42,31.45,51.26,25.00,20.00,0,0
2026-08-05 15:47:43,31.45,51.26,25.00,20.00,0,0
2026-08-05 15:47:44,31.45,51.26,25.00,20.00,0,0
2026-08-05 15:47:45,31.46,51.26,25.00,20.00,0,0
2026-08-05 15:47:46,31.45,51.26,25.00,20.00,0,0
2026-08-05 15:47:47,31.46,51.26,25.00,20.00,0,0
2026-08-05 15:47:48,31.45,51.26,25.00,20.00,0,0
2026-08-05 15:47:49,31.45,51.26,25.00,20.00,0,0
2026-08-05 15:47:50,31.45,51.26,25.00,20.00,0,0
2026-08-05 15:47:51,31.45,51.26,25.00,20.00,0,0
2026-08-05 15:47:52,31.45,51.26,25.00,20.00,0,0
2026-08-05 15:47:53,31.45,51.26,25.00,20.00,0,0
2026-08-05 15:47:54,31.45,51.26,25.00,20.00,0,0
2026-08-05 15:47:55,31.45,51.26,25.00,20.00,0,0
2026-08-05 15:47:56,31.45,51.26,25.00,20.00,0,0
2026-08-05 15:47:57,31.45,51.26,25.00,20.00,0,0
2026-08-05 15:47:58,31.44,51.26,25.00,20.00,0,0
2026-08-05 15:47:59,31.44,51.26,25.00,20.00,0,0
2026-08-05 15:48:00,31.44,51.26,25.00,20.00,0,0
2026-08-05 15:48:01,31.44,51.26,25.00,20.00,0,0
2026-08-05 15:48:02,31.44,51.26,25.00,20.00,0,0
2026-08-05 15:48:03,31.44,51.26,25.00,20.00,0,0
2026-08-05 15:48:04,31.44,51.26,25.00,20.00,0,0
2026-08-05 15:48:05,31.44,51.26,25.00,20.00,0,0
2026-08-05 15:48:06,31.44,51.26,25.00,20.00,0,0
2026-08-05 15:48:07,31.44,51.26,25.00,20.00,0,0
2026-08-05 15:48:08,31.44,51.26,25.00,20.00,0,0
2026-08-05 15:48:09,31.44,51.26,25.00,20.00,0,0
2026-08-05 15:48:10,31.44,51.26,25.00,20.00,0,0
2026-08-05 15:48:11,31.44,51.26,25.00,20.00,0,0
2026-08-05 15:48:12,31.44,51.26,25.00,20.00,0,0
2026-08-05 15:48:13,31.44,51.26,25.00,20.00,0,0
2026-08-05 15:48:14,31.44,51.26,25.00,20.00,0,0
2026-08-05 15:48:15,31.43,51.26,25.00,20.00,0,0
2026-08-05 15:48:16,31.43,51.26,25.00,20.00,0,0
2026-08-05 15:48:17,31.44,51.26,25.00,20.00,0,0
2026-08-05 15:48:18,31.44,51.26,25.00,20.00,0,0
2026-08-05 15:48:19,31.43,51.26,25.00,20.00,0,0
2026-08-05 15:48:20,31.43,51.26,25.00,20.00,0,0
2026-08-05 15:48:21,31.44,51.29,25.00,20.00,0,0
2026-08-05 15:48:22,31.43,51.29,25.00,20.00,0,0
2026-08-05 15:48:23,31.44,51.29,25.00,20.00,0,0
2026-08-05 15:48:24,31.43,51.26,25.00,20.00,0,0
2026-08-05 15:48:25,31.44,51.29,25.00,20.00,0,0
2026-08-05 15:48:26,31.43,51.26,25.00,20.00,0,0
2026-08-05 15:48:27,31.44,51.26,25.00,20.00,0,0
2026-08-05 15:48:28,31.43,51.26,25.00,20.00,0,0
2026-08-05 15:48:29,31.43,51.26,25.00,20.00,0,0
2026-08-05 15:48:30,31.43,51.26,25.00,20.00,0,0
2026-08-05 15:48:31,31.43,51.26,25.00,20.00,0,0
2026-08-05 15:48:32,31.43,51.26,25.00,20.00,0,0
2026-08-05 15:48:33,31.43,51.26,25.00,20.00,0,0
2026-08-05 15:48:34,31.43,51.26,25.00,20.00,0,0
2026-08-05 15:48:35,31.43,51.26,25.00,20.00,0,0
2026-08-05 15:48:36,31.43,51.26,25.00,20.00,0,0
2026-08-05 15:48:37,31.43,51.26,25.00,20.00,0,0
2026-08-05 15:48:38,31.43,51.26,25.00,20.00,0,0
2026-08-05 15:48:39,31.43,51.26,25.00,20.00,0,0
2026-08-05 15:48:40,31.43,51.26,25.00,20.00,0,0
2026-08-05 15:48:41,31.43,51.26,25.00,20.00,0,0
2026-08-05 15:48:42,31.43,51.26,25.00,20.00,0,0
2026-08-05 15:48:43,31.43,51.26,25.00,20.00,0,0
2026-08-05 15:48:44,31.43,51.26,25.00,20.00,0,0
2026-08-05 15:48:45,31.42,51.26,25.00,20.00,0,0
2026-08-05 15:48:46,31.43,51.26,25.00,20.00,0,0
2026-08-05 15:48:47,31.42,51.26,25.00,20.00,0,0
2026-08-05 15:48:48,31.42,51.26,25.00,20.00,0,0
2026-08-05 15:48:49,31.42,51.26,25.00,20.00,0,0
2026-08-05 15:48:50,31.42,51.26,25.00,20.00,0,0
2026-08-05 15:48:51,31.42,51.26,25.00,20.00,0,0
2026-08-05 15:48:52,31.42,51.26,25.00,20.00,0,0
2026-08-05 15:48:53,31.42,51.26,25.00,20.00,0,0
2026-08-05 15:48:54,31.42,51.26,25.00,20.00,0,0
2026-08-05 15:48:55,31.42,51.23,25.00,20.00,0,0
2026-08-05 15:48:56,31.42,51.26,25.00,20.00,0,0
2026-08-05 15:48:57,31.42,51.26,25.00,20.00,0,0
2026-08-05 15:48:58,31.42,51.26,25.00,20.00,0,0
2026-08-05 15:48:59,31.42,51.26,25.00,20.00,0,0
2026-08-05 15:49:00,31.42,51.26,25.00,20.00,0,0
2026-08-05 15:49:01,31.42,51.26,25.00,20.00,0,0
2026-08-05 15:49:02,31.42,51.26,25.00,20.00,0,0
2026-08-05 15:49:03,31.42,51.23,25.00,20.00,0,0
2026-08-05 15:49:04,31.42,51.26,25.00,20.00,0,0
2026-08-05 15:49:05,31.42,51.23,25.00,20.00,0,0
2026-08-05 15:49:06,31.42,51.23,25.00,20.00,0,0
2026-08-05 15:49:07,31.42,51.23,25.00,20.00,0,0
2026-08-05 15:49:08,31.42,51.23,25.00,20.00,0,0
2026-08-05 15:49:09,31.41,51.23,25.00,20.00,0,0
2026-08-05 15:49:10,31.41,51.26,25.00,20.00,0,0
2026-08-05 15:49:11,31.41,51.23,25.00,20.00,0,0
2026-08-05 15:49:12,31.41,51.23,25.00,20.00,0,0
2026-08-05 15:49:13,31.42,51.26,25.00,20.00,0,0
2026-08-05 15:49:14,31.41,51.23,25.00,20.00,0,0
2026-08-05 15:49:15,31.41,51.23,25.00,20.00,0,0
2026-08-05 15:49:16,31.42,51.23,25.00,20.00,0,0
2026-08-05 15:49:17,31.41,51.23,25.00,20.00,0,0
2026-08-05 15:49:18,31.41,51.23,25.00,20.00,0,0
2026-08-05 15:49:19,31.41,51.23,25.00,20.00,0,0
2026-08-05 15:49:20,31.41,51.23,25.00,20.00,0,0
2026-08-05 15:49:21,31.41,51.23,25.00,20.00,0,0
2026-08-05 15:49:22,31.41,51.23,25.00,20.00,0,0
2026-08-05 15:49:23,31.41,51.23,25.00,20.00,0,0
2026-08-05 15:49:24,31.41,51.23,25.00,20.00,0,0
2026-08-05 15:49:25,31.41,51.23,25.00,20.00,0,0
2026-08-05 15:49:26,31.41,51.23,25.00,20.00,0,0
2026-08-05 15:49:27,31.41,51.23,25.00,20.00,0,0
2026-08-05 15:49:28,31.41,51.23,25.00,20.00,0,0
2026-08-05 15:49:29,31.41,51.23,25.00,20.00,0,0
2026-08-05 15:49:30,31.41,51.23,25.00,20.00,0,0
2026-08-05 15:49:31,31.40,51.23,25.00,20.00,0,0
2026-08-05 15:49:32,31.40,51.23,25.00,20.00,0,0
2026-08-05 15:49:33,31.40,51.23,25.00,20.00,0,0
2026-08-05 15:49:34,31.41,51.23,25.00,20.00,0,0
2026-08-05 15:49:35,31.41,51.23,25.00,20.00,0,0
2026-08-05 15:49:36,31.41,51.23,25.00,20.00,0,0
2026-08-05 15:49:37,31.40,51.23,25.00,20.00,0,0
2026-08-05 15:49:38,31.40,51.23,25.00,20.00,0,0
2026-08-05 15:49:39,31.40,51.23,25.00,20.00,0,0
2026-08-05 15:49:40,31.40,51.23,25.00,20.00,0,0
2026-08-05 15:49:41,31.40,51.23,25.00,20.00,0,0
2026-08-05 15:49:42,31.41,51.23,25.00,20.00,0,0
2026-08-05 15:49:43,31.40,51.23,25.00,20.00,0,0
2026-08-05 15:49:44,31.40,51.23,25.00,20.00,0,0
2026-08-05 15:49:45,31.40,51.23,25.00,20.00,0,0
2026-08-05 15:49:46,31.40,51.23,25.00,20.00,0,0
2026-08-05 15:49:47,31.40,51.23,25.00,20.00,0,0
2026-08-05 15:49:48,31.40,51.23,25.00,20.00,0,0
2026-08-05 15:49:49,31.40,51.23,25.00,20.00,0,0
2026-08-05 15:49:50,31.40,51.23,25.00,20.00,0,0
2026-08-05 15:49:51,31.40,51.23,25.00,20.00,0,0
2026-08-05 15:49:52,31.40,51.23,25.00,20.00,0,0
2026-08-05 15:49:53,31.40,51.23,25.00,20.00,0,0
2026-08-05 15:49:54,31.40,51.23,25.00,20.00,0,0
2026-08-05 15:49:55,31.40,51.23,25.00,20.00,0,0
2026-08-05 15:49:56,31.40,51.23,25.00,20.00,0,0
2026-08-05 15:49:57,31.40,51.23,25.00,20.00,0,0
2026-08-05 15:49:58,31.40,51.23,25.00,20.00,0,0
2026-08-05 15:49:59,31.40,51.23,25.00,20.00,0,0
2026-08-05 15:50:00,31.37,51.23,25.00,20.00,0,0
2026-08-05 15:50:01,31.40,51.23,25.00,20.00,0,0
2026-08-05 15:50:02,31.40,51.23,25.00,20.00,0,0
2026-08-05 15:50:03,31.37,51.23,25.00,20.00,0,0
2026-08-05 15:50:04,31.40,51.23,25.00,20.00,0,0
2026-08-05 15:50:05,31.40,51.23,25.00,20.00,0,0
2026-08-05 15:50:06,31.37,51.23,25.00,20.00,0,0
2026-08-05 15:50:07,31.37,51.23,25.00,20.00,0,0
2026-08-05 15:50:08,31.40,51.23,25.00,20.00,0,0
2026-08-05 15:50:09,31.37,51.23,25.00,20.00,0,0
2026-08-05 15:50:10,31.37,51.23,25.00,20.00,0,0
2026-08-05 15:50:11,31.40,51.20,25.00,20.00,0,0
2026-08-05 15:50:12,31.37,51.20,25.00,20.00,0,0
2026-08-05 15:50:13,31.37,51.20,25.00,20.00,0,0
2026-08-05 15:50:14,31.37,51.20,25.00,20.00,0,0
2026-08-05 15:50:15,31.37,51.20,25.00,20.00,0,0
2026-08-05 15:50:16,31.37,51.23,25.00,20.00,0,0
2026-08-05 15:50:17,31.37,51.23,25.00,20.00,0,0
2026-08-05 15:50:18,31.37,51.20,25.00,20.00,0,0
2026-08-05 15:50:19,31.37,51.20,25.00,20.00,0,0
2026-08-05 15:50:20,31.37,51.23,25.00,20.00,0,0
2026-08-05 15:50:21,31.37,51.20,25.00,20.00,0,0
2026-08-05 15:50:22,31.37,51.23,25.00,20.00,0,0
2026-08-05 15:50:23,31.37,51.20,25.00,20.00,0,0
2026-08-05 15:50:24,31.37,51.20,25.00,20.00,0,0
2026-08-05 15:50:25,31.36,51.23,25.00,20.00,0,0
2026-08-05 15:50:26,31.37,51.20,25.00,20.00,0,0
2026-08-05 15:50:27,31.36,51.20,25.00,20.00,0,0
2026-08-05 15:50:28,31.36,51.23,25.00,20.00,0,0
2026-08-05 15:50:29,31.36,51.20,25.00,20.00,0,0
2026-08-05 15:50:30,31.37,51.20,25.00,20.00,0,0
2026-08-05 15:50:31,31.36,51.20,25.00,20.00,0,0
2026-08-05 15:50:32,31.37,51.20,25.00,20.00,0,0
2026-08-05 15:50:33,31.36,51.20,25.00,20.00,0,0
2026-08-05 15:50:34,31.36,51.20,25.00,20.00,0,0
2026-08-05 15:50:35,31.36,51.20,25.00,20.00,0,0
2026-08-05 15:50:36,31.37,51.20,25.00,20.00,0,0
2026-08-05 15:50:37,31.36,51.20,25.00,20.00,0,0
2026-08-05 15:50:38,31.37,51.20,25.00,20.00,0,0
2026-08-05 15:50:39,31.36,51.20,25.00,20.00,0,0
2026-08-05 15:50:40,31.36,51.20,25.00,20.00,0,0
2026-08-05 15:50:41,31.36,51.20,25.00,20.00,0,0
2026-08-05 15:50:43,31.36,51.20,25.00,20.00,0,0
2026-08-05 15:50:44,31.36,51.23,25.00,20.00,0,0
2026-08-05 15:50:45,31.36,51.23,25.00,20.00,0,0
2026-08-05 15:50:46,31.36,51.23,25.00,20.00,0,0
2026-08-05 15:50:47,31.36,51.23,25.00,20.00,0,0
2026-08-05 15:50:48,31.36,51.23,25.00,20.00,0,0
2026-08-05 15:50:49,31.36,51.23,25.00,20.00,0,0
2026-08-05 15:50:50,31.36,51.23,25.00,20.00,0,0
2026-08-05 15:50:51,31.36,51.23,25.00,20.00,0,0
2026-08-05 15:50:52,31.36,51.23,25.00,20.00,0,0
2026-08-05 15:50:53,31.36,51.23,25.00,20.00,0,0
2026-08-05 15:50:54,31.36,51.23,25.00,20.00,0,0
2026-08-05 15:50:55,31.36,51.23,25.00,20.00,0,0
2026-08-05 15:50:56,31.36,51.23,25.00,20.00,0,0
2026-08-05 15:50:57,31.36,51.23,25.00,20.00,0,0
2026-08-05 15:50:58,31.36,51.23,25.00,20.00,0,0
2026-08-05 15:50:59,31.36,51.23,25.00,20.00,0,0
2026-08-05 15:51:00,31.35,51.23,25.00,20.00,0,0
2026-08-05 15:51:01,31.35,51.23,25.00,20.00,0,0
2026-08-05 15:51:02,31.35,51.23,25.00,20.00,0,0
2026-08-05 15:51:03,31.36,51.23,25.00,20.00,0,0
2026-08-05 15:51:04,31.35,51.23,25.00,20.00,0,0
2026-08-05 15:51:05,31.35,51.23,25.00,20.00,0,0
2026-08-05 15:51:06,31.35,51.23,25.00,20.00,0,0
2026-08-05 15:51:07,31.35,51.23,25.00,20.00,0,0
2026-08-05 15:51:08,31.35,51.23,25.00,20.00,0,0
2026-08-05 15:51:09,31.35,51.23,25.00,20.00,0,0
2026-08-05 15:51:10,31.35,51.23,25.00,20.00,0,0
2026-08-05 15:51:11,31.35,51.23,25.00,20.00,0,0
2026-08-05 15:51:12,31.35,51.23,25.00,20.00,0,0
2026-08-05 15:51:13,31.35,51.23,25.00,20.00,0,0
2026-08-05 15:51:14,31.35,51.23,25.00,20.00,0,0
2026-08-05 15:51:15,31.35,51.23,25.00,20.00,0,0
2026-08-05 15:51:16,31.35,51.23,25.00,20.00,0,0
2026-08-05 15:51:17,31.34,51.23,25.00,20.00,0,0
2026-08-05 15:51:18,31.35,51.23,25.00,20.00,0,0
2026-08-05 15:51:19,31.35,51.23,25.00,20.00,0,0
2026-08-05 15:51:20,31.35,51.23,25.00,20.00,0,0
2026-08-05 15:51:21,31.35,51.23,25.00,20.00,0,0
2026-08-05 15:51:22,31.35,51.23,25.00,20.00,0,0
2026-08-05 15:51:23,31.34,51.23,25.00,20.00,0,0
2026-08-05 15:51:24,31.34,51.23,25.00,20.00,0,0
2026-08-05 15:51:25,31.34,51.23,25.00,20.00,0,0
2026-08-05 15:51:26,31.34,51.23,25.00,20.00,0,0
2026-08-05 15:51:27,31.34,51.20,25.00,20.00,0,0
2026-08-05 15:51:28,31.34,51.20,25.00,20.00,0,0
2026-08-05 15:51:29,31.34,51.23,25.00,20.00,0,0
2026-08-05 15:51:30,31.34,51.20,25.00,20.00,0,0
2026-08-05 15:51:31,31.34,51.20,25.00,20.00,0,0
2026-08-05 15:51:32,31.34,51.20,25.00,20.00,0,0
2026-08-05 15:51:33,31.34,51.20,25.00,20.00,0,0
2026-08-05 15:51:34,31.34,51.20,25.00,20.00,0,0
2026-08-05 15:51:35,31.34,51.20,25.00,20.00,0,0
2026-08-05 15:51:36,31.34,51.20,25.00,20.00,0,0
2026-08-05 15:51:37,31.34,51.20,25.00,20.00,0,0
2026-08-05 15:51:38,31.34,51.20,25.00,20.00,0,0
2026-08-05 15:51:39,31.34,51.20,25.00,20.00,0,0
2026-08-05 15:51:40,31.34,51.20,25.00,20.00,0,0
2026-08-05 15:51:41,31.34,51.20,25.00,20.00,0,0
2026-08-05 15:51:42,31.34,51.20,25.00,20.00,0,0
2026-08-05 15:51:43,31.34,51.20,25.00,20.00,0,0
2026-08-05 15:51:44,31.33,51.20,25.00,20.00,0,0
2026-08-05 15:51:45,31.33,51.20,25.00,20.00,0,0
2026-08-05 15:51:46,31.34,51.20,25.00,20.00,0,0
2026-08-05 15:51:47,31.33,51.20,25.00,20.00,0,0
2026-08-05 15:51:48,31.33,51.20,25.00,20.00,0,0
2026-08-05 15:51:49,31.33,51.20,25.00,20.00,0,0
2026-08-05 15:51:50,31.33,51.20,25.00,20.00,0,0
2026-08-05 15:51:51,31.33,51.20,25.00,20.00,0,0
2026-08-05 15:51:52,31.33,51.20,25.00,20.00,0,0
2026-08-05 15:51:53,31.33,51.20,25.00,20.00,0,0
2026-08-05 15:51:54,31.33,51.20,25.00,20.00,0,0
2026-08-05 15:51:55,31.33,51.20,25.00,20.00,0,0
2026-08-05 15:51:56,31.33,51.20,25.00,20.00,0,0
2026-08-05 15:51:57,31.33,51.20,25.00,20.00,0,0
2026-08-05 15:51:58,31.33,51.20,25.00,20.00,0,0
2026-08-05 15:51:59,31.33,51.20,25.00,20.00,0,0
2026-08-05 15:52:00,31.33,51.20,25.00,20.00,0,0
2026-08-05 15:52:01,31.33,51.20,25.00,20.00,0,0
2026-08-05 15:52:02,31.33,51.23,25.00,20.00,0,0
2026-08-05 15:52:03,31.32,51.20,25.00,20.00,0,0
2026-08-05 15:52:04,31.33,51.23,25.00,20.00,0,0
2026-08-05 15:52:05,31.33,51.20,25.00,20.00,0,0
2026-08-05 15:52:06,31.33,51.20,25.00,20.00,0,0
2026-08-05 15:52:07,31.32,51.20,25.00,20.00,0,0
2026-08-05 15:52:08,31.32,51.20,25.00,20.00,0,0
2026-08-05 15:52:09,31.33,51.20,25.00,20.00,0,0
2026-08-05 15:52:10,31.32,51.20,25.00,20.00,0,0
2026-08-05 15:52:11,31.32,51.20,25.00,20.00,0,0
2026-08-05 15:52:12,31.32,51.20,25.00,20.00,0,0
2026-08-05 15:52:13,31.32,51.20,25.00,20.00,0,0
2026-08-05 15:52:14,31.32,51.20,25.00,20.00,0,0
2026-08-05 15:52:15,31.32,51.20,25.00,20.00,0,0
2026-08-05 15:52:16,31.32,51.23,25.00,20.00,0,0
2026-08-05 15:52:17,31.32,51.23,25.00,20.00,0,0
2026-08-05 15:52:18,31.32,51.20,25.00,20.00,0,0
2026-08-05 15:52:19,31.32,51.23,25.00,20.00,0,0
2026-08-05 15:52:20,31.32,51.23,25.00,20.00,0,0
2026-08-05 15:52:21,31.32,51.23,25.00,20.00,0,0
2026-08-05 15:52:22,31.32,51.23,25.00,20.00,0,0
2026-08-05 15:52:23,31.32,51.23,25.00,20.00,0,0
2026-08-05 15:52:24,31.32,51.23,25.00,20.00,0,0
2026-08-05 15:52:25,31.32,51.23,25.00,20.00,0,0
2026-08-05 15:52:26,31.32,51.23,25.00,20.00,0,0
2026-08-05 15:52:27,31.32,51.20,25.00,20.00,0,0
2026-08-05 15:52:28,31.31,51.20,25.00,20.00,0,0
2026-08-05 15:52:29,31.32,51.20,25.00,20.00,0,0
2026-08-05 15:52:30,31.32,51.20,25.00,20.00,0,0
2026-08-05 15:52:31,31.31,51.20,25.00,20.00,0,0
2026-08-05 15:52:32,31.31,51.20,25.00,20.00,0,0
2026-08-05 15:52:33,31.31,51.20,25.00,20.00,0,0
2026-08-05 15:52:34,31.31,51.23,25.00,20.00,0,0
2026-08-05 15:52:35,31.32,51.20,25.00,20.00,0,0
2026-08-05 15:52:36,31.31,51.23,25.00,20.00,0,0
2026-08-05 15:52:37,31.31,51.23,25.00,20.00,0,0
2026-08-05 15:52:38,31.31,51.23,25.00,20.00,0,0
2026-08-05 15:52:39,31.31,51.23,25.00,20.00,0,0
2026-08-05 15:52:40,31.31,51.23,25.00,20.00,0,0
2026-08-05 15:52:41,31.31,51.23,25.00,20.00,0,0
2026-08-05 15:52:42,31.31,51.23,25.00,20.00,0,0
2026-08-05 15:52:43,31.31,51.23,25.00,20.00,0,0
2026-08-05 15:52:44,31.31,51.23,25.00,20.00,0,0
2026-08-05 15:52:45,31.31,51.23,25.00,20.00,0,0
2026-08-05 15:52:46,31.31,51.23,25.00,20.00,0,0
2026-08-05 15:52:47,31.31,51.23,25.00,20.00,0,0
2026-08-05 15:52:48,31.31,51.23,25.00,20.00,0,0
2026-08-05 15:52:49,31.31,51.20,25.00,20.00,0,0
2026-08-05 15:52:50,31.31,51.23,25.00,20.00,0,0
2026-08-05 15:52:51,31.30,51.20,25.00,20.00,0,0
2026-08-05 15:52:52,31.31,51.20,25.00,20.00,0,0
2026-08-05 15:52:53,31.31,51.20,25.00,20.00,0,0
2026-08-05 15:52:54,31.30,51.20,25.00,20.00,0,0
2026-08-05 15:52:55,31.30,51.20,25.00,20.00,0,0
2026-08-05 15:52:56,31.30,51.20,25.00,20.00,0,0
2026-08-05 15:52:57,31.30,51.20,25.00,20.00,0,0
2026-08-05 15:52:58,31.30,51.20,25.00,20.00,0,0
2026-08-05 15:52:59,31.30,51.20,25.00,20.00,0,0
2026-08-05 15:53:00,31.30,51.20,25.00,20.00,0,0
2026-08-05 15:53:01,31.30,51.20,25.00,20.00,0,0
2026-08-05 15:53:02,31.30,51.20,25.00,20.00,0,0
2026-08-05 15:53:03,31.30,51.20,25.00,20.00,0,0
2026-08-05 15:53:04,31.30,51.20,25.00,20.00,0,0
2026-08-05 15:53:05,31.30,51.20,25.00,20.00,0,0
2026-08-05 15:53:06,31.30,51.20,25.00,20.00,0,0
2026-08-05 15:53:07,31.30,51.20,25.00,20.00,0,0
2026-08-05 15:53:08,31.30,51.20,25.00,20.00,0,0
2026-08-05 15:53:09,31.30,51.20,25.00,20.00,0,0
2026-08-05 15:53:10,31.30,51.20,25.00,20.00,0,0
2026-08-05 15:53:11,31.30,51.20,25.00,20.00,0,0
2026-08-05 15:53:12,31.30,51.20,25.00,20.00,0,0
2026-08-05 15:53:13,31.30,51.23,25.00,20.00,0,0
2026-08-05 15:53:14,31.29,51.20,25.00,20.00,0,0
2026-08-05 15:53:15,31.29,51.20,25.00,20.00,0,0
2026-08-05 15:53:16,31.30,51.20,25.00,20.00,0,0
2026-08-05 15:53:17,31.30,51.20,25.00,20.00,0,0
2026-08-05 15:53:18,31.30,51.20,25.00,20.00,0,0
2026-08-05 15:53:19,31.30,51.20,25.00,20.00,0,0
2026-08-05 15:53:20,31.29,51.20,25.00,20.00,0,0
2026-08-05 15:53:21,31.29,51.20,25.00,20.00,0,0
2026-08-05 15:53:22,31.29,51.20,25.00,20.00,0,0
2026-08-05 15:53:23,31.29,51.20,25.00,20.00,0,0
2026-08-05 15:53:24,31.30,51.20,25.00,20.00,0,0
2026-08-05 15:53:25,31.29,51.20,25.00,20.00,0,0
2026-08-05 15:53:26,31.29,51.20,25.00,20.00,0,0
2026-08-05 15:53:27,31.29,51.20,25.00,20.00,0,0
2026-08-05 15:53:28,31.29,51.20,25.00,20.00,0,0
2026-08-05 15:53:29,31.29,51.20,25.00,20.00,0,0
2026-08-05 15:53:30,31.29,51.20,25.00,20.00,0,0
2026-08-05 15:53:31,31.29,51.20,25.00,20.00,0,0
2026-08-05 15:53:32,31.29,51.20,25.00,20.00,0,0
2026-08-05 15:53:33,31.29,51.20,25.00,20.00,0,0
2026-08-05 15:53:34,31.29,51.20,25.00,20.00,0,0
2026-08-05 15:53:35,31.29,51.20,25.00,20.00,0,0
2026-08-05 15:53:36,31.29,51.20,25.00,20.00,0,0
2026-08-05 15:53:37,31.29,51.23,25.00,20.00,0,0
2026-08-05 15:53:38,31.29,51.23,25.00,20.00,0,0
2026-08-05 15:53:39,31.29,51.20,25.00,20.00,0,0
2026-08-05 15:53:40,31.28,51.23,25.00,20.00,0,0
2026-08-05 15:53:41,31.28,51.23,25.00,20.00,0,0
2026-08-05 15:53:42,31.29,51.23,25.00,20.00,0,0
2026-08-05 15:53:43,31.28,51.23,25.00,20.00,0,0
2026-08-05 15:53:44,31.28,51.20,25.00,20.00,0,0
2026-08-05 15:53:45,31.28,51.23,25.00,20.00,0,0
2026-08-05 15:53:46,31.28,51.23,25.00,20.00,0,0
2026-08-05 15:53:47,31.28,51.20,25.00,20.00,0,0
2026-08-05 15:53:48,31.28,51.20,25.00,20.00,0,0
2026-08-05 15:53:49,31.28,51.23,25.00,20.00,0,0
2026-08-05 15:53:50,31.28,51.23,25.00,20.00,0,0
2026-08-05 15:53:51,31.28,51.20,25.00,20.00,0,0
2026-08-05 15:53:52,31.28,51.20,25.00,20.00,0,0
2026-08-05 15:53:53,31.28,51.20,25.00,20.00,0,0
2026-08-05 15:53:54,31.28,51.23,25.00,20.00,0,0
2026-08-05 15:53:55,31.28,51.20,25.00,20.00,0,0
2026-08-05 15:53:56,31.28,51.20,25.00,20.00,0,0
2026-08-05 15:53:57,31.28,51.23,25.00,20.00,0,0
2026-08-05 15:53:58,31.28,51.23,25.00,20.00,0,0
2026-08-05 15:53:59,31.28,51.20,25.00,20.00,0,0
2026-08-05 15:54:00,31.28,51.23,25.00,20.00,0,0
2026-08-05 15:54:01,31.28,51.23,25.00,20.00,0,0
2026-08-05 15:54:02,31.28,51.23,25.00,20.00,0,0
2026-08-05 15:54:03,31.28,51.23,25.00,20.00,0,0
2026-08-05 15:54:04,31.28,51.23,25.00,20.00,0,0
2026-08-05 15:54:05,31.28,51.23,25.00,20.00,0,0
2026-08-05 15:54:06,31.28,51.23,25.00,20.00,0,0
2026-08-05 15:54:07,31.28,51.23,25.00,20.00,0,0
2026-08-05 15:54:08,31.27,51.23,25.00,20.00,0,0
2026-08-05 15:54:09,31.28,51.23,25.00,20.00,0,0
2026-08-05 15:54:10,31.28,51.23,25.00,20.00,0,0
2026-08-05 15:54:11,31.27,51.23,25.00,20.00,0,0
2026-08-05 15:54:12,31.27,51.23,25.00,20.00,0,0
2026-08-05 15:54:13,31.27,51.23,25.00,20.00,0,0
2026-08-05 15:54:14,31.27,51.23,25.00,20.00,0,0
2026-08-05 15:54:15,31.27,51.23,25.00,20.00,0,0
2026-08-05 15:54:16,31.27,51.23,25.00,20.00,0,0
2026-08-05 15:54:17,31.27,51.23,25.00,20.00,0,0
2026-08-05 15:54:18,31.27,51.23,25.00,20.00,0,0
2026-08-05 15:54:19,31.28,51.23,25.00,20.00,0,0
2026-08-05 15:54:20,31.27,51.23,25.00,20.00,0,0
2026-08-05 15:54:21,31.27,51.23,25.00,20.00,0,0
2026-08-05 15:54:22,31.27,51.23,25.00,20.00,0,0
2026-08-05 15:54:23,31.27,51.23,25.00,20.00,0,0
2026-08-05 15:54:24,31.27,51.20,25.00,20.00,0,0
2026-08-05 15:54:25,31.27,51.20,25.00,20.00,0,0
2026-08-05 15:54:26,31.27,51.20,25.00,20.00,0,0
2026-08-05 15:54:27,31.27,51.20,25.00,20.00,0,0
2026-08-05 15:54:28,31.27,51.20,25.00,20.00,0,0
2026-08-05 15:54:29,31.26,51.20,25.00,20.00,0,0
2026-08-05 15:54:30,31.27,51.20,25.00,20.00,0,0
2026-08-05 15:54:31,31.27,51.20,25.00,20.00,0,0
2026-08-05 15:54:32,31.26,51.20,25.00,20.00,0,0
2026-08-05 15:54:33,31.26,51.20,25.00,20.00,0,0
2026-08-05 15:54:34,31.26,51.20,25.00,20.00,0,0
2026-08-05 15:54:35,31.26,51.20,25.00,20.00,0,0
2026-08-05 15:54:36,31.26,51.20,25.00,20.00,0,0
2026-08-05 15:54:37,31.26,51.23,25.00,20.00,0,0
2026-08-05 15:54:38,31.26,51.23,25.00,20.00,0,0
2026-08-05 15:54:39,31.26,51.23,25.00,20.00,0,0
2026-08-05 15:54:40,31.26,51.23,25.00,20.00,0,0
2026-08-05 15:54:41,31.26,51.23,25.00,20.00,0,0
2026-08-05 15:54:42,31.26,51.23,25.00,20.00,0,0
2026-08-05 15:54:43,31.26,51.23,25.00,20.00,0,0
2026-08-05 15:54:44,31.26,51.23,25.00,20.00,0,0
2026-08-05 15:54:45,31.26,51.23,25.00,20.00,0,0
2026-08-05 15:54:46,31.26,51.23,25.00,20.00,0,0
2026-08-05 15:54:47,31.26,51.23,25.00,20.00,0,0
2026-08-05 15:54:48,31.26,51.23,25.00,20.00,0,0
2026-08-05 15:54:49,31.26,51.23,25.00,20.00,0,0
2026-08-05 15:54:50,31.26,51.23,25.00,20.00,0,0
2026-08-05 15:54:51,31.26,51.23,25.00,20.00,0,0
2026-08-05 15:54:52,31.26,51.23,25.00,20.00,0,0
2026-08-05 15:54:53,31.26,51.23,25.00,20.00,0,0
2026-08-05 15:54:54,31.25,51.23,25.00,20.00,0,0
2026-08-05 15:54:55,31.26,51.23,25.00,20.00,0,0
2026-08-05 15:54:56,31.25,51.23,25.00,20.00,0,0
2026-08-05 15:54:57,31.25,51.23,25.00,20.00,0,0
2026-08-05 15:54:58,31.26,51.23,25.00,20.00,0,0
2026-08-05 15:54:59,31.25,51.23,25.00,20.00,0,0
2026-08-05 15:55:00,31.25,51.23,25.00,20.00,0,0
2026-08-05 15:55:01,31.25,51.23,25.00,20.00,0,0
2026-08-05 15:55:02,31.25,51.23,25.00,20.00,0,0
2026-08-05 15:55:03,31.25,51.23,25.00,20.00,0,0
2026-08-05 15:55:04,31.25,51.23,25.00,20.00,0,0
2026-08-05 15:55:05,31.25,51.23,25.00,20.00,0,0
2026-08-05 15:55:06,31.25,51.23,25.00,20.00,0,0
2026-08-05 15:55:07,31.25,51.23,25.00,20.00,0,0
2026-08-05 15:55:08,31.25,51.23,25.00,20.00,0,0
2026-08-05 15:55:09,31.25,51.23,25.00,20.00,0,0
2026-08-05 15:55:10,31.25,51.23,25.00,20.00,0,0
2026-08-05 15:55:11,31.25,51.23,25.00,20.00,0,0
2026-08-05 15:55:12,31.25,51.23,25.00,20.00,0,0
2026-08-05 15:55:13,31.25,51.23,25.00,20.00,0,0
2026-08-05 15:55:14,31.25,51.23,25.00,20.00,0,0
2026-08-05 15:55:15,31.25,51.23,25.00,20.00,0,0
2026-08-05 15:55:16,31.23,51.23,25.00,20.00,0,0
2026-08-05 15:55:17,31.23,51.23,25.00,20.00,0,0
2026-08-05 15:55:18,31.25,51.23,25.00,20.00,0,0
2026-08-05 15:55:19,31.25,51.23,25.00,20.00,0,0
2026-08-05 15:55:20,31.23,51.20,25.00,20.00,0,0
2026-08-05 15:55:21,31.23,51.23,25.00,20.00,0,0
2026-08-05 15:55:22,31.23,51.23,25.00,20.00,0,0
2026-08-05 15:55:23,31.23,51.23,25.00,20.00,0,0
2026-08-05 15:55:24,31.23,51.23,25.00,20.00,0,0
2026-08-05 15:55:25,31.23,51.20,25.00,20.00,0,0
2026-08-05 15:55:26,31.23,51.20,25.00,20.00,0,0
2026-08-05 15:55:27,31.23,51.20,25.00,20.00,0,0
2026-08-05 15:55:28,31.23,51.23,25.00,20.00,0,0
2026-08-05 15:55:29,31.23,51.23,25.00,20.00,0,0
2026-08-05 15:55:30,31.23,51.23,25.00,20.00,0,0
2026-08-05 15:55:31,31.23,51.23,25.00,20.00,0,0
2026-08-05 15:55:32,31.23,51.23,25.00,20.00,0,0
2026-08-05 15:55:33,31.23,51.23,25.00,20.00,0,0
2026-08-05 15:55:34,31.23,51.20,25.00,20.00,0,0
2026-08-05 15:55:35,31.23,51.23,25.00,20.00,0,0
2026-08-05 15:55:36,31.23,51.23,25.00,20.00,0,0
2026-08-05 15:55:37,31.23,51.23,25.00,20.00,0,0
2026-08-05 15:55:38,31.23,51.23,25.00,20.00,0,0
2026-08-05 15:55:39,31.23,51.23,25.00,20.00,0,0
2026-08-05 15:55:40,31.23,51.23,25.00,20.00,0,0
2026-08-05 15:55:41,31.23,51.23,25.00,20.00,0,0
2026-08-05 15:55:42,31.22,51.23,25.00,20.00,0,0
2026-08-05 15:55:43,31.22,51.20,25.00,20.00,0,0
2026-08-05 15:55:44,31.22,51.23,25.00,20.00,0,0
2026-08-05 15:55:45,31.22,51.20,25.00,20.00,0,0
2026-08-05 15:55:46,31.22,51.20,25.00,20.00,0,0
2026-08-05 15:55:47,31.23,51.18,25.00,20.00,0,0
2026-08-05 15:55:48,31.22,51.20,25.00,20.00,0,0
2026-08-05 15:55:49,31.22,51.20,25.00,20.00,0,0
2026-08-05 15:55:50,31.22,51.20,25.00,20.00,0,0
2026-08-05 15:55:51,31.22,51.20,25.00,20.00,0,0
2026-08-05 15:55:52,31.22,51.20,25.00,20.00,0,0
2026-08-05 15:55:53,31.22,51.20,25.00,20.00,0,0
2026-08-05 15:55:54,31.22,51.20,25.00,20.00,0,0
2026-08-05 15:55:55,31.22,51.20,25.00,20.00,0,0
2026-08-05 15:55:56,31.22,51.20,25.00,20.00,0,0
2026-08-05 15:55:57,31.22,51.18,25.00,20.00,0,0
2026-08-05 15:55:58,31.22,51.18,25.00,20.00,0,0
2026-08-05 15:55:59,31.22,51.18,25.00,20.00,0,0
2026-08-05 15:56:00,31.22,51.20,25.00,20.00,0,0
2026-08-05 15:56:01,31.22,51.20,25.00,20.00,0,0
2026-08-05 15:56:02,31.22,51.20,25.00,20.00,0,0
2026-08-05 15:56:03,31.21,51.21,25.00,20.00,0,0
2026-08-05 15:56:04,31.22,51.23,25.00,20.00,0,0
2026-08-05 15:56:05,31.22,51.21,25.00,20.00,0,0
2026-08-05 15:56:06,31.22,51.23,25.00,20.00,0,0
2026-08-05 15:56:07,31.22,51.23,25.00,20.00,0,0
2026-08-05 15:56:08,31.22,51.23,25.00,20.00,0,0
2026-08-05 15:56:09,31.22,51.21,25.00,20.00,0,0
2026-08-05 15:56:10,31.21,51.20,25.00,20.00,0,0
2026-08-05 15:56:11,31.21,51.23,25.00,20.00,0,0
2026-08-05 15:56:12,31.21,51.21,25.00,20.00,0,0
2026-08-05 15:56:13,31.22,51.21,25.00,20.00,0,0
2026-08-05 15:56:14,31.21,51.21,25.00,20.00,0,0
2026-08-05 15:56:15,31.21,51.21,25.00,20.00,0,0
2026-08-05 15:56:16,31.21,51.21,25.00,20.00,0,0
2026-08-05 15:56:17,31.21,51.21,25.00,20.00,0,0
2026-08-05 15:56:18,31.21,51.21,25.00,20.00,0,0
2026-08-05 15:56:19,31.21,51.21,25.00,20.00,0,0
2026-08-05 15:56:20,31.21,51.18,25.00,20.00,0,0
2026-08-05 15:56:21,31.21,51.21,25.00,20.00,0,0
2026-08-05 15:56:22,31.21,51.21,25.00,20.00,0,0
2026-08-05 15:56:23,31.21,51.21,25.00,20.00,0,0
2026-08-05 15:56:24,31.21,51.21,25.00,20.00,0,0
2026-08-05 15:56:25,31.21,51.21,25.00,20.00,0,0
2026-08-05 15:56:26,31.21,51.21,25.00,20.00,0,0
2026-08-05 15:56:27,31.21,51.21,25.00,20.00,0,0
2026-08-05 15:56:28,31.20,51.21,25.00,20.00,0,0
2026-08-05 15:56:29,31.21,51.21,25.00,20.00,0,0
2026-08-05 15:56:30,31.21,51.21,25.00,20.00,0,0
2026-08-05 15:56:31,31.21,51.21,25.00,20.00,0,0
2026-08-05 15:56:32,31.21,51.21,25.00,20.00,0,0
2026-08-05 15:56:33,31.21,51.21,25.00,20.00,0,0
2026-08-05 15:56:34,31.21,51.21,25.00,20.00,0,0
2026-08-05 15:56:35,31.20,51.21,25.00,20.00,0,0
2026-08-05 15:56:36,31.20,51.18,25.00,20.00,0,0
2026-08-05 15:56:37,31.21,51.21,25.00,20.00,0,0
2026-08-05 15:56:38,31.20,51.21,25.00,20.00,0,0
2026-08-05 15:56:39,31.20,51.21,25.00,20.00,0,0
2026-08-05 15:56:40,31.20,51.21,25.00,20.00,0,0
2026-08-05 15:56:41,31.20,51.21,25.00,20.00,0,0
2026-08-05 15:56:42,31.20,51.21,25.00,20.00,0,0
2026-08-05 15:56:43,31.20,51.21,25.00,20.00,0,0
2026-08-05 15:56:44,31.20,51.21,25.00,20.00,0,0
2026-08-05 15:56:45,31.20,51.21,25.00,20.00,0,0
2026-08-05 15:56:46,31.20,51.21,25.00,20.00,0,0
2026-08-05 15:56:47,31.20,51.21,25.00,20.00,0,0
2026-08-05 15:56:48,31.20,51.21,25.00,20.00,0,0
2026-08-05 15:56:49,31.20,51.21,25.00,20.00,0,0
2026-08-05 15:56:50,31.20,51.21,25.00,20.00,0,0
2026-08-05 15:56:51,31.20,51.21,25.00,20.00,0,0
2026-08-05 15:56:52,31.20,51.21,25.00,20.00,0,0
2026-08-05 15:56:53,31.20,51.21,25.00,20.00,0,0
2026-08-05 15:56:54,31.20,51.21,25.00,20.00,0,0
2026-08-05 15:56:55,31.19,51.21,25.00,20.00,0,0
2026-08-05 15:56:56,31.19,51.21,25.00,20.00,0,0
2026-08-05 15:56:57,31.19,51.21,25.00,20.00,0,0
2026-08-05 15:56:58,31.19,51.21,25.00,20.00,0,0
2026-08-05 15:56:59,31.19,51.21,25.00,20.00,0,0
2026-08-05 15:57:00,31.20,51.21,25.00,20.00,0,0
2026-08-05 15:57:01,31.20,51.21,25.00,20.00,0,0
2026-08-05 15:57:02,31.19,51.21,25.00,20.00,0,0
2026-08-05 15:57:03,31.19,51.21,25.00,20.00,0,0
2026-08-05 15:57:04,31.20,51.21,25.00,20.00,0,0
2026-08-05 15:57:05,31.19,51.21,25.00,20.00,0,0
2026-08-05 15:57:06,31.19,51.21,25.00,20.00,0,0
2026-08-05 15:57:07,31.19,51.21,25.00,20.00,0,0
2026-08-05 15:57:08,31.19,51.21,25.00,20.00,0,0
2026-08-05 15:57:09,31.19,51.21,25.00,20.00,0,0
2026-08-05 15:57:10,31.19,51.21,25.00,20.00,0,0
2026-08-05 15:57:11,31.19,51.21,25.00,20.00,0,0
2026-08-05 15:57:12,31.19,51.21,25.00,20.00,0,0
2026-08-05 15:57:13,31.19,51.21,25.00,20.00,0,0
2026-08-05 15:57:14,31.18,51.21,25.00,20.00,0,0
2026-08-05 15:57:15,31.19,51.21,25.00,20.00,0,0
2026-08-05 15:57:16,31.19,51.21,25.00,20.00,0,0
2026-08-05 15:57:17,31.18,51.21,25.00,20.00,0,0
2026-08-05 15:57:18,31.18,51.21,25.00,20.00,0,0
2026-08-05 15:57:19,31.18,51.21,25.00,20.00,0,0
2026-08-05 15:57:20,31.18,51.21,25.00,20.00,0,0
2026-08-05 15:57:21,31.19,51.21,25.00,20.00,0,0
2026-08-05 15:57:22,31.18,51.18,25.00,20.00,0,0
2026-08-05 15:57:23,31.19,51.18,25.00,20.00,0,0
2026-08-05 15:57:24,31.18,51.21,25.00,20.00,0,0
2026-08-05 15:57:25,31.18,51.21,25.00,20.00,0,0
2026-08-05 15:57:26,31.18,51.21,25.00,20.00,0,0
2026-08-05 15:57:27,31.18,51.21,25.00,20.00,0,0
2026-08-05 15:57:28,31.18,51.21,25.00,20.00,0,0
2026-08-05 15:57:29,31.18,51.21,25.00,20.00,0,0
2026-08-05 15:57:30,31.18,51.21,25.00,20.00,0,0
2026-08-05 15:57:31,31.18,51.21,25.00,20.00,0,0
2026-08-05 15:57:32,31.18,51.21,25.00,20.00,0,0
2026-08-05 15:57:33,31.18,51.21,25.00,20.00,0,0
2026-08-05 15:57:34,31.18,51.21,25.00,20.00,0,0
2026-08-05 15:57:35,31.18,51.21,25.00,20.00,0,0
2026-08-05 15:57:36,31.18,51.21,25.00,20.00,0,0
2026-08-05 15:57:37,31.18,51.21,25.00,20.00,0,0
2026-08-05 15:57:38,31.17,51.21,25.00,20.00,0,0
2026-08-05 15:57:39,31.18,51.21,25.00,20.00,0,0
2026-08-05 15:57:40,31.17,51.21,25.00,20.00,0,0
2026-08-05 15:57:41,31.17,51.21,25.00,20.00,0,0
2026-08-05 15:57:42,31.17,51.21,25.00,20.00,0,0
2026-08-05 15:57:43,31.17,51.21,25.00,20.00,0,0
2026-08-05 15:57:44,31.17,51.21,25.00,20.00,0,0
2026-08-05 15:57:45,31.17,51.21,25.00,20.00,0,0
2026-08-05 15:57:46,31.18,51.21,25.00,20.00,0,0
2026-08-05 15:57:47,31.17,51.21,25.00,20.00,0,0
2026-08-05 15:57:48,31.18,51.21,25.00,20.00,0,0
2026-08-05 15:57:49,31.17,51.21,25.00,20.00,0,0
2026-08-05 15:57:50,31.18,51.21,25.00,20.00,0,0
2026-08-05 15:57:51,31.17,51.21,25.00,20.00,0,0
2026-08-05 15:57:52,31.17,51.21,25.00,20.00,0,0
2026-08-05 15:57:53,31.18,51.21,25.00,20.00,0,0
2026-08-05 15:57:54,31.17,51.21,25.00,20.00,0,0
2026-08-05 15:57:55,31.17,51.21,25.00,20.00,0,0
2026-08-05 15:57:56,31.17,51.21,25.00,20.00,0,0
2026-08-05 15:57:57,31.17,51.21,25.00,20.00,0,0
2026-08-05 15:57:58,31.17,51.21,25.00,20.00,0,0
2026-08-05 15:57:59,31.17,51.21,25.00,20.00,0,0
2026-08-05 15:58:00,31.17,51.21,25.00,20.00,0,0
2026-08-05 15:58:01,31.17,51.21,25.00,20.00,0,0
2026-08-05 15:58:02,31.16,51.21,25.00,20.00,0,0
2026-08-05 15:58:03,31.17,51.21,25.00,20.00,0,0
2026-08-05 15:58:04,31.17,51.21,25.00,20.00,0,0
2026-08-05 15:58:05,31.17,51.21,25.00,20.00,0,0
2026-08-05 15:58:06,31.17,51.21,25.00,20.00,0,0
2026-08-05 15:58:07,31.16,51.21,25.00,20.00,0,0
2026-08-05 15:58:08,31.17,51.21,25.00,20.00,0,0
2026-08-05 15:58:09,31.17,51.21,25.00,20.00,0,0
2026-08-05 15:58:10,31.17,51.21,25.00,20.00,0,0
2026-08-05 15:58:11,31.17,51.21,25.00,20.00,0,0
2026-08-05 15:58:12,31.16,51.21,25.00,20.00,0,0
2026-08-05 15:58:13,31.16,51.21,25.00,20.00,0,0
2026-08-05 15:58:14,31.16,51.21,25.00,20.00,0,0
2026-08-05 15:58:15,31.16,51.21,25.00,20.00,0,0
2026-08-05 15:58:16,31.16,51.21,25.00,20.00,0,0
2026-08-05 15:58:17,31.16,51.21,25.00,20.00,0,0
2026-08-05 15:58:18,31.16,51.21,25.00,20.00,0,0
2026-08-05 15:58:19,31.16,51.21,25.00,20.00,0,0
2026-08-05 15:58:20,31.16,51.21,25.00,20.00,0,0
2026-08-05 15:58:21,31.16,51.21,25.00,20.00,0,0
2026-08-05 15:58:22,31.16,51.21,25.00,20.00,0,0
2026-08-05 15:58:23,31.16,51.18,25.00,20.00,0,0
2026-08-05 15:58:24,31.16,51.18,25.00,20.00,0,0
2026-08-05 15:58:25,31.16,51.18,25.00,20.00,0,0
2026-08-05 15:58:26,31.16,51.18,25.00,20.00,0,0
2026-08-05 15:58:27,31.16,51.18,25.00,20.00,0,0
2026-08-05 15:58:28,31.16,51.21,25.00,20.00,0,0
2026-08-05 15:58:29,31.16,51.18,25.00,20.00,0,0
2026-08-05 15:58:30,31.16,51.18,25.00,20.00,0,0
2026-08-05 15:58:31,31.16,51.18,25.00,20.00,0,0
2026-08-05 15:58:32,31.15,51.18,25.00,20.00,0,0
2026-08-05 15:58:33,31.15,51.21,25.00,20.00,0,0
2026-08-05 15:58:34,31.16,51.18,25.00,20.00,0,0
2026-08-05 15:58:35,31.16,51.18,25.00,20.00,0,0
2026-08-05 15:58:36,31.16,51.21,25.00,20.00,0,0
2026-08-05 15:58:37,31.15,51.21,25.00,20.00,0,0
2026-08-05 15:58:38,31.15,51.18,25.00,20.00,0,0
2026-08-05 15:58:39,31.15,51.18,25.00,20.00,0,0
2026-08-05 15:58:40,31.15,51.21,25.00,20.00,0,0
2026-08-05 15:58:41,31.15,51.18,25.00,20.00,0,0
2026-08-05 15:58:42,31.15,51.21,25.00,20.00,0,0
2026-08-05 15:58:43,31.15,51.18,25.00,20.00,0,0
2026-08-05 15:58:44,31.15,51.18,25.00,20.00,0,0
2026-08-05 15:58:45,31.15,51.21,25.00,20.00,0,0
2026-08-05 15:58:46,31.15,51.18,25.00,20.00,0,0
2026-08-05 15:58:47,31.15,51.18,25.00,20.00,0,0
2026-08-05 15:58:48,31.15,51.18,25.00,20.00,0,0
2026-08-05 15:58:49,31.15,51.18,25.00,20.00,0,0
2026-08-05 15:58:50,31.15,51.18,25.00,20.00,0,0
2026-08-05 15:58:51,31.15,51.18,25.00,20.00,0,0
2026-08-05 15:58:52,31.15,51.18,25.00,20.00,0,0
2026-08-05 15:58:53,31.15,51.18,25.00,20.00,0,0
2026-08-05 15:58:54,31.15,51.18,25.00,20.00,0,0
2026-08-05 15:58:55,31.15,51.21,25.00,20.00,0,0
2026-08-05 15:58:56,31.15,51.21,25.00,20.00,0,0
2026-08-05 15:58:57,31.15,51.21,25.00,20.00,0,0
2026-08-05 15:58:58,31.15,51.21,25.00,20.00,0,0
2026-08-05 15:58:59,31.15,51.21,25.00,20.00,0,0
2026-08-05 15:59:00,31.15,51.21,25.00,20.00,0,0
2026-08-05 15:59:01,31.15,51.21,25.00,20.00,0,0
2026-08-05 15:59:02,31.15,51.21,25.00,20.00,0,0
2026-08-05 15:59:03,31.14,51.21,25.00,20.00,0,0
2026-08-05 15:59:04,31.14,51.21,25.00,20.00,0,0
2026-08-05 15:59:05,31.14,51.21,25.00,20.00,0,0
2026-08-05 15:59:06,31.15,51.21,25.00,20.00,0,0
2026-08-05 15:59:07,31.14,51.21,25.00,20.00,0,0
2026-08-05 15:59:08,31.14,51.21,25.00,20.00,0,0
2026-08-05 15:59:09,31.14,51.21,25.00,20.00,0,0
2026-08-05 15:59:10,31.14,51.21,25.00,20.00,0,0
2026-08-05 15:59:11,31.14,51.21,25.00,20.00,0,0
2026-08-05 15:59:12,31.14,51.21,25.00,20.00,0,0
2026-08-05 15:59:13,31.14,51.21,25.00,20.00,0,0
2026-08-05 15:59:14,31.14,51.21,25.00,20.00,0,0
2026-08-05 15:59:15,31.14,51.21,25.00,20.00,0,0
2026-08-05 15:59:16,31.14,51.21,25.00,20.00,0,0
2026-08-05 15:59:17,31.14,51.21,25.00,20.00,0,0
2026-08-05 15:59:18,31.14,51.21,25.00,20.00,0,0
2026-08-05 15:59:19,31.14,51.18,25.00,20.00,0,0
2026-08-05 15:59:20,31.14,51.18,25.00,20.00,0,0
2026-08-05 15:59:21,31.14,51.18,25.00,20.00,0,0
2026-08-05 15:59:22,31.14,51.18,25.00,20.00,0,0
2026-08-05 15:59:23,31.13,51.18,25.00,20.00,0,0
2026-08-05 15:59:24,31.14,51.18,25.00,20.00,0,0
2026-08-05 15:59:25,31.14,51.18,25.00,20.00,0,0
2026-08-05 15:59:26,31.14,51.18,25.00,20.00,0,0
2026-08-05 15:59:27,31.14,51.18,25.00,20.00,0,0
2026-08-05 15:59:28,31.14,51.18,25.00,20.00,0,0
2026-08-05 15:59:29,31.14,51.18,25.00,20.00,0,0
2026-08-05 15:59:30,31.13,51.18,25.00,20.00,0,0
2026-08-05 15:59:31,31.14,51.18,25.00,20.00,0,0
2026-08-05 15:59:32,31.14,51.18,25.00,20.00,0,0
2026-08-05 15:59:33,31.13,51.18,25.00,20.00,0,0
2026-08-05 15:59:34,31.14,51.18,25.00,20.00,0,0
2026-08-05 15:59:35,31.13,51.18,25.00,20.00,0,0
2026-08-05 15:59:36,31.14,51.18,25.00,20.00,0,0
2026-08-05 15:59:37,31.14,51.18,25.00,20.00,0,0
2026-08-05 15:59:38,31.13,51.18,25.00,20.00,0,0
2026-08-05 15:59:39,31.13,51.18,25.00,20.00,0,0
2026-08-05 15:59:40,31.13,51.18,25.00,20.00,0,0
2026-08-05 15:59:41,31.13,51.18,25.00,20.00,0,0
2026-08-05 15:59:42,31.13,51.18,25.00,20.00,0,0
2026-08-05 15:59:43,31.13,51.18,25.00,20.00,0,0
2026-08-05 15:59:44,31.13,51.18,25.00,20.00,0,0
2026-08-05 15:59:45,31.13,51.21,25.00,20.00,0,0
2026-08-05 15:59:46,31.13,51.18,25.00,20.00,0,0
2026-08-05 15:59:47,31.13,51.18,25.00,20.00,0,0
2026-08-05 15:59:48,31.13,51.21,25.00,20.00,0,0
2026-08-05 15:59:49,31.13,51.18,25.00,20.00,0,0
2026-08-05 15:59:50,31.13,51.18,25.00,20.00,0,0
2026-08-05 15:59:51,31.13,51.18,25.00,20.00,0,0
2026-08-05 15:59:52,31.13,51.18,25.00,20.00,0,0
2026-08-05 15:59:53,31.13,51.18,25.00,20.00,0,0
2026-08-05 15:59:54,31.13,51.21,25.00,20.00,0,0
2026-08-05 15:59:55,31.13,51.18,25.00,20.00,0,0
2026-08-05 15:59:56,31.13,51.18,25.00,20.00,0,0
2026-08-05 15:59:57,31.13,51.18,25.00,20.00,0,0
2026-08-05 15:59:58,31.12,51.18,25.00,20.00,0,0
2026-08-05 15:59:59,31.13,51.18,25.00,20.00,0,0
2026-08-05 16:00:00,31.12,51.18,25.00,20.00,0,0
2026-08-05 16:00:01,31.12,51.18,25.00,20.00,0,0
2026-08-05 16:00:02,31.12,51.18,25.00,20.00,0,0
2026-08-05 16:00:03,31.12,51.18,25.00,20.00,0,0
2026-08-05 16:00:04,31.12,51.18,25.00,20.00,0,0
2026-08-05 16:00:05,31.12,51.18,25.00,20.00,0,0
2026-08-05 16:00:06,31.12,51.18,25.00,20.00,0,0
2026-08-05 16:00:07,31.12,51.18,25.00,20.00,0,0
2026-08-05 16:00:08,31.12,51.18,25.00,20.00,0,0
2026-08-05 16:00:09,31.12,51.18,25.00,20.00,0,0
2026-08-05 16:00:10,31.12,51.18,25.00,20.00,0,0
2026-08-05 16:00:11,31.12,51.18,25.00,20.00,0,0
2026-08-05 16:00:12,31.12,51.18,25.00,20.00,0,0
2026-08-05 16:00:13,31.12,51.18,25.00,20.00,0,0
2026-08-05 16:00:14,31.12,51.18,25.00,20.00,0,0
2026-08-05 16:00:15,31.12,51.18,25.00,20.00,0,0
2026-08-05 16:00:16,31.12,51.18,25.00,20.00,0,0
2026-08-05 16:00:17,31.12,51.18,25.00,20.00,0,0
2026-08-05 16:00:18,31.12,51.18,25.00,20.00,0,0
2026-08-05 16:00:19,31.12,51.18,25.00,20.00,0,0
2026-08-05 16:00:20,31.12,51.18,25.00,20.00,0,0
2026-08-05 16:00:21,31.12,51.18,25.00,20.00,0,0
2026-08-05 16:00:22,31.12,51.18,25.00,20.00,0,0
2026-08-05 16:00:23,31.12,51.18,25.00,20.00,0,0
2026-08-05 16:00:24,31.12,51.18,25.00,20.00,0,0
2026-08-05 16:00:25,31.12,51.18,25.00,20.00,0,0
2026-08-05 16:00:26,31.12,51.18,25.00,20.00,0,0
2026-08-05 16:00:27,31.11,51.18,25.00,20.00,0,0
2026-08-05 16:00:28,31.11,51.18,25.00,20.00,0,0
2026-08-05 16:00:29,31.11,51.18,25.00,20.00,0,0
2026-08-05 16:00:30,31.11,51.18,25.00,20.00,0,0
2026-08-05 16:00:31,31.11,51.18,25.00,20.00,0,0
2026-08-05 16:00:32,31.11,51.18,25.00,20.00,0,0
2026-08-05 16:00:33,31.11,51.18,25.00,20.00,0,0
2026-08-05 16:00:34,31.11,51.18,25.00,20.00,0,0
2026-08-05 16:00:35,31.11,51.18,25.00,20.00,0,0
2026-08-05 16:00:36,31.11,51.18,25.00,20.00,0,0
2026-08-05 16:00:37,31.11,51.18,25.00,20.00,0,0
2026-08-05 16:00:38,31.11,51.18,25.00,20.00,0,0
2026-08-05 16:00:40,31.11,51.18,25.00,20.00,0,0
2026-08-05 16:00:41,31.11,51.18,25.00,20.00,0,0
2026-08-05 16:00:42,31.11,51.18,25.00,20.00,0,0
2026-08-05 16:00:43,31.11,51.18,25.00,20.00,0,0
2026-08-05 16:00:44,31.11,51.18,25.00,20.00,0,0
2026-08-05 16:00:45,31.11,51.18,25.00,20.00,0,0
2026-08-05 16:00:46,31.11,51.18,25.00,20.00,0,0
2026-08-05 16:00:47,31.11,51.18,25.00,20.00,0,0
2026-08-05 16:00:48,31.11,51.18,25.00,20.00,0,0
2026-08-05 16:00:49,31.10,51.18,25.00,20.00,0,0
2026-08-05 16:00:50,31.11,51.18,25.00,20.00,0,0
2026-08-05 16:00:51,31.11,51.18,25.00,20.00,0,0
2026-08-05 16:00:52,31.11,51.18,25.00,20.00,0,0
2026-08-05 16:00:53,31.10,51.18,25.00,20.00,0,0
2026-08-05 16:00:54,31.10,51.18,25.00,20.00,0,0
2026-08-05 16:00:55,31.10,51.21,25.00,20.00,0,0
2026-08-05 16:00:56,31.11,51.18,25.00,20.00,0,0
2026-08-05 16:00:57,31.11,51.21,25.00,20.00,0,0
2026-08-05 16:00:58,31.10,51.18,25.00,20.00,0,0
2026-08-05 16:00:59,31.10,51.18,25.00,20.00,0,0
2026-08-05 16:01:00,31.10,51.18,25.00,20.00,0,0
2026-08-05 16:01:01,31.10,51.18,25.00,20.00,0,0
2026-08-05 16:01:02,31.10,51.18,25.00,20.00,0,0
2026-08-05 16:01:03,31.10,51.18,25.00,20.00,0,0
2026-08-05 16:01:04,31.10,51.18,25.00,20.00,0,0
2026-08-05 16:01:05,31.10,51.18,25.00,20.00,0,0
2026-08-05 16:01:06,31.10,51.18,25.00,20.00,0,0
2026-08-05 16:01:07,31.10,51.18,25.00,20.00,0,0
2026-08-05 16:01:08,31.10,51.18,25.00,20.00,0,0
2026-08-05 16:01:09,31.10,51.18,25.00,20.00,0,0
2026-08-05 16:01:10,31.10,51.18,25.00,20.00,0,0
2026-08-05 16:01:11,31.10,51.18,25.00,20.00,0,0
2026-08-05 16:01:12,31.10,51.18,25.00,20.00,0,0
2026-08-05 16:01:13,31.10,51.18,25.00,20.00,0,0
2026-08-05 16:01:14,31.10,51.18,25.00,20.00,0,0
2026-08-05 16:01:15,31.10,51.18,25.00,20.00,0,0
2026-08-05 16:01:16,31.10,51.18,25.00,20.00,0,0
2026-08-05 16:01:17,31.10,51.18,25.00,20.00,0,0
2026-08-05 16:01:18,31.08,51.18,25.00,20.00,0,0
2026-08-05 16:01:19,31.08,51.18,25.00,20.00,0,0
2026-08-05 16:01:20,31.08,51.18,25.00,20.00,0,0
2026-08-05 16:01:21,31.08,51.18,25.00,20.00,0,0
2026-08-05 16:01:22,31.10,51.18,25.00,20.00,0,0
2026-08-05 16:01:23,31.08,51.18,25.00,20.00,0,0
2026-08-05 16:01:24,31.08,51.18,25.00,20.00,0,0
2026-08-05 16:01:25,31.08,51.18,25.00,20.00,0,0
2026-08-05 16:01:26,31.08,51.18,25.00,20.00,0,0
2026-08-05 16:01:27,31.08,51.18,25.00,20.00,0,0
2026-08-05 16:01:28,31.08,51.18,25.00,20.00,0,0
2026-08-05 16:01:29,31.08,51.18,25.00,20.00,0,0
2026-08-05 16:01:30,31.08,51.18,25.00,20.00,0,0
2026-08-05 16:01:31,31.08,51.18,25.00,20.00,0,0
2026-08-05 16:01:32,31.08,51.18,25.00,20.00,0,0
2026-08-05 16:01:33,31.08,51.18,25.00,20.00,0,0
2026-08-05 16:01:34,31.08,51.18,25.00,20.00,0,0
2026-08-05 16:01:35,31.08,51.18,25.00,20.00,0,0
2026-08-05 16:01:36,31.08,51.18,25.00,20.00,0,0
2026-08-05 16:01:37,31.08,51.18,25.00,20.00,0,0
2026-08-05 16:01:38,31.08,51.18,25.00,20.00,0,0
2026-08-05 16:01:39,31.08,51.18,25.00,20.00,0,0
2026-08-05 16:01:40,31.08,51.18,25.00,20.00,0,0
2026-08-05 16:01:41,31.08,51.18,25.00,20.00,0,0
2026-08-05 16:01:42,31.08,51.18,25.00,20.00,0,0
2026-08-05 16:01:43,31.08,51.18,25.00,20.00,0,0
2026-08-05 16:01:44,31.08,51.18,25.00,20.00,0,0
2026-08-05 16:01:45,31.08,51.18,25.00,20.00,0,0
2026-08-05 16:01:46,31.08,51.18,25.00,20.00,0,0
2026-08-05 16:01:47,31.08,51.18,25.00,20.00,0,0
2026-08-05 16:01:48,31.07,51.18,25.00,20.00,0,0
2026-08-05 16:01:49,31.08,51.18,25.00,20.00,0,0
2026-08-05 16:01:50,31.07,51.18,25.00,20.00,0,0
2026-08-05 16:01:51,31.07,51.18,25.00,20.00,0,0
2026-08-05 16:01:52,31.08,51.18,25.00,20.00,0,0
2026-08-05 16:01:53,31.08,51.18,25.00,20.00,0,0
2026-08-05 16:01:54,31.07,51.18,25.00,20.00,0,0
2026-08-05 16:01:55,31.08,51.18,25.00,20.00,0,0
2026-08-05 16:01:56,31.08,51.18,25.00,20.00,0,0
2026-08-05 16:01:57,31.07,51.18,25.00,20.00,0,0
2026-08-05 16:01:58,31.07,51.18,25.00,20.00,0,0
2026-08-05 16:01:59,31.07,51.18,25.00,20.00,0,0
2026-08-05 16:02:00,31.07,51.18,25.00,20.00,0,0
2026-08-05 16:02:01,31.07,51.18,25.00,20.00,0,0
2026-08-05 16:02:02,31.07,51.18,25.00,20.00,0,0
2026-08-05 16:02:03,31.07,51.18,25.00,20.00,0,0
2026-08-05 16:02:04,31.07,51.18,25.00,20.00,0,0
2026-08-05 16:02:05,31.07,51.18,25.00,20.00,0,0
2026-08-05 16:02:06,31.07,51.18,25.00,20.00,0,0
2026-08-05 16:02:07,31.07,51.18,25.00,20.00,0,0
2026-08-05 16:02:08,31.07,51.18,25.00,20.00,0,0
2026-08-05 16:02:09,31.07,51.18,25.00,20.00,0,0
2026-08-05 16:02:10,31.07,51.18,25.00,20.00,0,0
2026-08-05 16:02:11,31.07,51.18,25.00,20.00,0,0
2026-08-05 16:02:12,31.07,51.18,25.00,20.00,0,0
2026-08-05 16:02:13,31.07,51.18,25.00,20.00,0,0
2026-08-05 16:02:14,31.07,51.18,25.00,20.00,0,0
2026-08-05 16:02:15,31.07,51.18,25.00,20.00,0,0
2026-08-05 16:02:16,31.07,51.18,25.00,20.00,0,0
2026-08-05 16:02:17,31.07,51.18,25.00,20.00,0,0
2026-08-05 16:02:18,31.07,51.18,25.00,20.00,0,0
2026-08-05 16:02:19,31.07,51.18,25.00,20.00,0,0
2026-08-05 16:02:20,31.07,51.18,25.00,20.00,0,0
2026-08-05 16:02:21,31.06,51.15,25.00,20.00,0,0
2026-08-05 16:02:22,31.07,51.18,25.00,20.00,0,0
2026-08-05 16:02:23,31.07,51.15,25.00,20.00,0,0
2026-08-05 16:02:24,31.06,51.18,25.00,20.00,0,0
2026-08-05 16:02:25,31.06,51.18,25.00,20.00,0,0
2026-08-05 16:02:26,31.06,51.18,25.00,20.00,0,0
2026-08-05 16:02:27,31.06,51.18,25.00,20.00,0,0
2026-08-05 16:02:28,31.06,51.18,25.00,20.00,0,0
2026-08-05 16:02:29,31.06,51.18,25.00,20.00,0,0
2026-08-05 16:02:30,31.06,51.18,25.00,20.00,0,0
2026-08-05 16:02:31,31.06,51.15,25.00,20.00,0,0
2026-08-05 16:02:32,31.06,51.18,25.00,20.00,0,0
2026-08-05 16:02:33,31.06,51.15,25.00,20.00,0,0
2026-08-05 16:02:34,31.07,51.18,25.00,20.00,0,0
2026-08-05 16:02:35,31.06,51.18,25.00,20.00,0,0
2026-08-05 16:02:36,31.06,51.15,25.00,20.00,0,0
2026-08-05 16:02:37,31.06,51.18,25.00,20.00,0,0
2026-08-05 16:02:38,31.06,51.18,25.00,20.00,0,0
2026-08-05 16:02:39,31.06,51.18,25.00,20.00,0,0
2026-08-05 16:02:40,31.06,51.15,25.00,20.00,0,0
2026-08-05 16:02:41,31.06,51.18,25.00,20.00,0,0
2026-08-05 16:02:42,31.06,51.18,25.00,20.00,0,0
2026-08-05 16:02:43,31.06,51.18,25.00,20.00,0,0
2026-08-05 16:02:44,31.06,51.15,25.00,20.00,0,0
2026-08-05 16:02:45,31.06,51.15,25.00,20.00,0,0
2026-08-05 16:02:46,31.06,51.15,25.00,20.00,0,0
2026-08-05 16:02:47,31.06,51.15,25.00,20.00,0,0
2026-08-05 16:02:48,31.06,51.18,25.00,20.00,0,0
2026-08-05 16:02:49,31.06,51.15,25.00,20.00,0,0
2026-08-05 16:02:50,31.06,51.15,25.00,20.00,0,0
2026-08-05 16:02:51,31.06,51.15,25.00,20.00,0,0
2026-08-05 16:02:52,31.06,51.15,25.00,20.00,0,0
2026-08-05 16:02:53,31.05,51.15,25.00,20.00,0,0
2026-08-05 16:02:54,31.06,51.15,25.00,20.00,0,0
2026-08-05 16:02:55,31.05,51.15,25.00,20.00,0,0
2026-08-05 16:02:56,31.06,51.15,25.00,20.00,0,0
2026-08-05 16:02:57,31.05,51.15,25.00,20.00,0,0
2026-08-05 16:02:58,31.06,51.15,25.00,20.00,0,0
2026-08-05 16:02:59,31.05,51.15,25.00,20.00,0,0
2026-08-05 16:03:00,31.05,51.15,25.00,20.00,0,0
2026-08-05 16:03:01,31.05,51.15,25.00,20.00,0,0
2026-08-05 16:03:02,31.05,51.15,25.00,20.00,0,0
2026-08-05 16:03:03,31.05,51.15,25.00,20.00,0,0
2026-08-05 16:03:04,31.05,51.15,25.00,20.00,0,0
2026-08-05 16:03:05,31.05,51.15,25.00,20.00,0,0
2026-08-05 16:03:06,31.05,51.15,25.00,20.00,0,0
2026-08-05 16:03:07,31.05,51.15,25.00,20.00,0,0
2026-08-05 16:03:08,31.05,51.15,25.00,20.00,0,0
2026-08-05 16:03:09,31.05,51.15,25.00,20.00,0,0
2026-08-05 16:03:10,31.05,51.15,25.00,20.00,0,0
2026-08-05 16:03:11,31.05,51.15,25.00,20.00,0,0
2026-08-05 16:03:12,31.05,51.15,25.00,20.00,0,0
2026-08-05 16:03:13,31.05,51.15,25.00,20.00,0,0
2026-08-05 16:03:14,31.05,51.15,25.00,20.00,0,0
2026-08-05 16:03:15,31.05,51.15,25.00,20.00,0,0
2026-08-05 16:03:16,31.05,51.15,25.00,20.00,0,0
2026-08-05 16:03:17,31.05,51.15,25.00,20.00,0,0
2026-08-05 16:03:18,31.05,51.15,25.00,20.00,0,0
2026-08-05 16:03:19,31.05,51.15,25.00,20.00,0,0
2026-08-05 16:03:20,31.04,51.15,25.00,20.00,0,0
2026-08-05 16:03:21,31.04,51.15,25.00,20.00,0,0
2026-08-05 16:03:22,31.04,51.15,25.00,20.00,0,0
2026-08-05 16:03:23,31.05,51.15,25.00,20.00,0,0
2026-08-05 16:03:24,31.04,51.15,25.00,20.00,0,0
2026-08-05 16:03:25,31.05,51.15,25.00,20.00,0,0
2026-08-05 16:03:26,31.05,51.15,25.00,20.00,0,0
2026-08-05 16:03:27,31.05,51.15,25.00,20.00,0,0
2026-08-05 16:03:28,31.05,51.15,25.00,20.00,0,0
2026-08-05 16:03:29,31.04,51.15,25.00,20.00,0,0
2026-08-05 16:03:30,31.04,51.15,25.00,20.00,0,0
2026-08-05 16:03:31,31.04,51.15,25.00,20.00,0,0
2026-08-05 16:03:32,31.04,51.15,25.00,20.00,0,0
2026-08-05 16:03:33,31.04,51.15,25.00,20.00,0,0
2026-08-05 16:03:34,31.04,51.12,25.00,20.00,0,0
2026-08-05 16:03:35,31.04,51.12,25.00,20.00,0,0
2026-08-05 16:03:36,31.04,51.12,25.00,20.00,0,0
2026-08-05 16:03:37,31.04,51.12,25.00,20.00,0,0
2026-08-05 16:03:38,31.04,51.12,25.00,20.00,0,0
2026-08-05 16:03:39,31.04,51.12,25.00,20.00,0,0
2026-08-05 16:03:40,31.04,51.12,25.00,20.00,0,0
2026-08-05 16:03:41,31.04,51.12,25.00,20.00,0,0
2026-08-05 16:03:42,31.04,51.12,25.00,20.00,0,0
2026-08-05 16:03:43,31.04,51.12,25.00,20.00,0,0
2026-08-05 16:03:44,31.04,51.12,25.00,20.00,0,0
2026-08-05 16:03:45,31.04,51.12,25.00,20.00,0,0
2026-08-05 16:03:46,31.04,51.12,25.00,20.00,0,0
2026-08-05 16:03:47,31.04,51.12,25.00,20.00,0,0
2026-08-05 16:03:48,31.04,51.12,25.00,20.00,0,0
2026-08-05 16:03:49,31.04,51.12,25.00,20.00,0,0
2026-08-05 16:03:50,31.04,51.12,25.00,20.00,0,0
2026-08-05 16:03:51,31.04,51.12,25.00,20.00,0,0
2026-08-05 16:03:52,31.04,51.12,25.00,20.00,0,0
2026-08-05 16:03:53,31.04,51.12,25.00,20.00,0,0
2026-08-05 16:03:54,31.04,51.12,25.00,20.00,0,0
2026-08-05 16:03:55,31.04,51.12,25.00,20.00,0,0
2026-08-05 16:03:56,31.04,51.12,25.00,20.00,0,0
2026-08-05 16:03:57,31.04,51.15,25.00,20.00,0,0
2026-08-05 16:03:58,31.04,51.15,25.00,20.00,0,0
2026-08-05 16:03:59,31.04,51.15,25.00,20.00,0,0
2026-08-05 16:04:00,31.03,51.15,25.00,20.00,0,0
2026-08-05 16:04:01,31.04,51.15,25.00,20.00,0,0
2026-08-05 16:04:02,31.04,51.15,25.00,20.00,0,0
2026-08-05 16:04:03,31.04,51.15,25.00,20.00,0,0
2026-08-05 16:04:04,31.03,51.15,25.00,20.00,0,0
2026-08-05 16:04:05,31.03,51.15,25.00,20.00,0,0
2026-08-05 16:04:06,31.04,51.12,25.00,20.00,0,0
2026-08-05 16:04:07,31.03,51.12,25.00,20.00,0,0
2026-08-05 16:04:08,31.03,51.12,25.00,20.00,0,0
2026-08-05 16:04:09,31.03,51.12,25.00,20.00,0,0
2026-08-05 16:04:10,31.03,51.12,25.00,20.00,0,0
2026-08-05 16:04:11,31.04,51.12,25.00,20.00,0,0
2026-08-05 16:04:12,31.03,51.12,25.00,20.00,0,0
2026-08-05 16:04:13,31.03,51.12,25.00,20.00,0,0
2026-08-05 16:04:14,31.03,51.12,25.00,20.00,0,0
2026-08-05 16:04:15,31.03,51.12,25.00,20.00,0,0
2026-08-05 16:04:16,31.03,51.12,25.00,20.00,0,0
2026-08-05 16:04:17,31.03,51.12,25.00,20.00,0,0
2026-08-05 16:04:18,31.03,51.12,25.00,20.00,0,0
2026-08-05 16:04:19,31.03,51.12,25.00,20.00,0,0
2026-08-05 16:04:20,31.03,51.12,25.00,20.00,0,0
2026-08-05 16:04:21,31.03,51.12,25.00,20.00,0,0
2026-08-05 16:04:22,31.03,51.12,25.00,20.00,0,0
2026-08-05 16:04:23,31.03,51.12,25.00,20.00,0,0
2026-08-05 16:04:24,31.03,51.12,25.00,20.00,0,0
2026-08-05 16:04:25,31.03,51.12,25.00,20.00,0,0
2026-08-05 16:04:26,31.03,51.12,25.00,20.00,0,0
2026-08-05 16:04:27,31.03,51.12,25.00,20.00,0,0
2026-08-05 16:04:28,31.03,51.12,25.00,20.00,0,0
2026-08-05 16:04:29,31.03,51.12,25.00,20.00,0,0
2026-08-05 16:04:30,31.03,51.12,25.00,20.00,0,0
2026-08-05 16:04:31,31.03,51.12,25.00,20.00,0,0
2026-08-05 16:04:32,31.03,51.12,25.00,20.00,0,0
2026-08-05 16:04:33,31.03,51.12,25.00,20.00,0,0
2026-08-05 16:04:34,31.03,51.12,25.00,20.00,0,0
2026-08-05 16:04:35,31.02,51.12,25.00,20.00,0,0
2026-08-05 16:04:36,31.03,51.12,25.00,20.00,0,0
2026-08-05 16:04:37,31.03,51.12,25.00,20.00,0,0
2026-08-05 16:04:38,31.03,51.12,25.00,20.00,0,0
2026-08-05 16:04:39,31.03,51.12,25.00,20.00,0,0
2026-08-05 16:04:40,31.03,51.12,25.00,20.00,0,0
2026-08-05 16:04:41,31.02,51.12,25.00,20.00,0,0
2026-08-05 16:04:42,31.03,51.12,25.00,20.00,0,0
2026-08-05 16:04:43,31.03,51.12,25.00,20.00,0,0
2026-08-05 16:04:44,31.03,51.12,25.00,20.00,0,0
2026-08-05 16:04:45,31.02,51.12,25.00,20.00,0,0
2026-08-05 16:04:46,31.03,51.12,25.00,20.00,0,0
2026-08-05 16:04:47,31.02,51.12,25.00,20.00,0,0
2026-08-05 16:04:48,31.03,51.12,25.00,20.00,0,0
2026-08-05 16:04:49,31.02,51.12,25.00,20.00,0,0
2026-08-05 16:04:50,31.02,51.12,25.00,20.00,0,0
2026-08-05 16:04:51,31.02,51.12,25.00,20.00,0,0
2026-08-05 16:04:52,31.02,51.12,25.00,20.00,0,0
2026-08-05 16:04:53,31.02,51.12,25.00,20.00,0,0
2026-08-05 16:04:54,31.02,51.12,25.00,20.00,0,0
2026-08-05 16:04:55,31.02,51.12,25.00,20.00,0,0
2026-08-05 16:04:56,31.02,51.12,25.00,20.00,0,0
2026-08-05 16:04:57,31.02,51.12,25.00,20.00,0,0
2026-08-05 16:04:58,31.02,51.12,25.00,20.00,0,0
2026-08-05 16:04:59,31.02,51.12,25.00,20.00,0,0
2026-08-05 16:05:00,31.02,51.12,25.00,20.00,0,0
2026-08-05 16:05:01,31.02,51.12,25.00,20.00,0,0
2026-08-05 16:05:02,31.02,51.12,25.00,20.00,0,0
2026-08-05 16:05:03,31.02,51.12,25.00,20.00,0,0
2026-08-05 16:05:04,31.02,51.12,25.00,20.00,0,0
2026-08-05 16:05:05,31.02,51.12,25.00,20.00,0,0
2026-08-05 16:05:06,31.02,51.12,25.00,20.00,0,0
2026-08-05 16:05:07,31.02,51.08,25.00,20.00,0,0
2026-08-05 16:05:08,31.02,51.12,25.00,20.00,0,0
2026-08-05 16:05:09,31.02,51.12,25.00,20.00,0,0
2026-08-05 16:05:10,31.02,51.08,25.00,20.00,0,0
2026-08-05 16:05:11,31.02,51.12,25.00,20.00,0,0
2026-08-05 16:05:12,31.02,51.08,25.00,20.00,0,0
2026-08-05 16:05:13,31.02,51.12,25.00,20.00,0,0
2026-08-05 16:05:14,31.02,51.08,25.00,20.00,0,0
2026-08-05 16:05:15,31.02,51.08,25.00,20.00,0,0
2026-08-05 16:05:16,31.02,51.08,25.00,20.00,0,0
2026-08-05 16:05:17,31.02,51.08,25.00,20.00,0,0
2026-08-05 16:05:18,31.02,51.08,25.00,20.00,0,0
2026-08-05 16:05:19,31.02,51.08,25.00,20.00,0,0
2026-08-05 16:05:20,31.01,51.08,25.00,20.00,0,0
2026-08-05 16:05:21,31.02,51.08,25.00,20.00,0,0
2026-08-05 16:05:22,31.01,51.08,25.00,20.00,0,0
2026-08-05 16:05:23,31.02,51.08,25.00,20.00,0,0
2026-08-05 16:05:24,31.01,51.08,25.00,20.00,0,0
2026-08-05 16:05:25,31.01,51.08,25.00,20.00,0,0
2026-08-05 16:05:26,31.01,51.08,25.00,20.00,0,0
2026-08-05 16:05:27,31.02,51.08,25.00,20.00,0,0
2026-08-05 16:05:28,31.01,51.08,25.00,20.00,0,0
2026-08-05 16:05:29,31.02,51.08,25.00,20.00,0,0
2026-08-05 16:05:30,31.02,51.08,25.00,20.00,0,0
2026-08-05 16:05:31,31.01,51.08,25.00,20.00,0,0
2026-08-05 16:05:32,31.01,51.08,25.00,20.00,0,0
2026-08-05 16:05:33,31.01,51.08,25.00,20.00,0,0
2026-08-05 16:05:34,31.01,51.08,25.00,20.00,0,0
2026-08-05 16:05:35,31.01,51.08,25.00,20.00,0,0
2026-08-05 16:05:36,31.01,51.08,25.00,20.00,0,0
2026-08-05 16:05:37,31.01,51.12,25.00,20.00,0,0
2026-08-05 16:05:38,31.01,51.08,25.00,20.00,0,0
2026-08-05 16:05:39,31.01,51.08,25.00,20.00,0,0
2026-08-05 16:05:40,31.01,51.08,25.00,20.00,0,0
2026-08-05 16:05:41,31.01,51.08,25.00,20.00,0,0
2026-08-05 16:05:42,31.01,51.08,25.00,20.00,0,0
2026-08-05 16:05:43,31.01,51.08,25.00,20.00,0,0
2026-08-05 16:05:44,31.01,51.12,25.00,20.00,0,0
2026-08-05 16:05:45,31.01,51.12,25.00,20.00,0,0
2026-08-05 16:05:46,31.01,51.08,25.00,20.00,0,0
2026-08-05 16:05:47,31.01,51.08,25.00,20.00,0,0
2026-08-05 16:05:48,31.01,51.08,25.00,20.00,0,0
2026-08-05 16:05:49,31.01,51.08,25.00,20.00,0,0
2026-08-05 16:05:50,31.01,51.08,25.00,20.00,0,0
2026-08-05 16:05:51,31.01,51.08,25.00,20.00,0,0
2026-08-05 16:05:52,31.01,51.08,25.00,20.00,0,0
2026-08-05 16:05:53,31.01,51.08,25.00,20.00,0,0
2026-08-05 16:05:54,31.01,51.08,25.00,20.00,0,0
2026-08-05 16:05:55,31.01,51.08,25.00,20.00,0,0
2026-08-05 16:05:56,31.01,51.08,25.00,20.00,0,0
2026-08-05 16:05:57,31.01,51.08,25.00,20.00,0,0
2026-08-05 16:05:58,31.00,51.08,25.00,20.00,0,0
2026-08-05 16:05:59,31.00,51.08,25.00,20.00,0,0
2026-08-05 16:06:00,31.01,51.08,25.00,20.00,0,0
2026-08-05 16:06:01,31.01,51.08,25.00,20.00,0,0
2026-08-05 16:06:02,31.01,51.08,25.00,20.00,0,0
2026-08-05 16:06:03,31.01,51.08,25.00,20.00,0,0
2026-08-05 16:06:04,31.01,51.08,25.00,20.00,0,0
2026-08-05 16:06:05,31.00,51.08,25.00,20.00,0,0
2026-08-05 16:06:06,31.00,51.08,25.00,20.00,0,0
2026-08-05 16:06:07,31.01,51.08,25.00,20.00,0,0
2026-08-05 16:06:08,31.01,51.08,25.00,20.00,0,0
2026-08-05 16:06:09,31.00,51.08,25.00,20.00,0,0
2026-08-05 16:06:10,31.00,51.08,25.00,20.00,0,0
2026-08-05 16:06:11,31.00,51.08,25.00,20.00,0,0
2026-08-05 16:06:12,31.01,51.08,25.00,20.00,0,0
2026-08-05 16:06:13,31.00,51.08,25.00,20.00,0,0
2026-08-05 16:06:14,31.00,51.08,25.00,20.00,0,0
2026-08-05 16:06:15,31.00,51.08,25.00,20.00,0,0
2026-08-05 16:06:16,31.00,51.08,25.00,20.00,0,0
2026-08-05 16:06:17,31.00,51.08,25.00,20.00,0,0
2026-08-05 16:06:18,31.00,51.08,25.00,20.00,0,0
2026-08-05 16:06:19,31.00,51.08,25.00,20.00,0,0
2026-08-05 16:06:20,31.00,51.08,25.00,20.00,0,0
2026-08-05 16:06:21,31.00,51.08,25.00,20.00,0,0
2026-08-05 16:06:22,31.00,51.08,25.00,20.00,0,0
2026-08-05 16:06:23,31.00,51.08,25.00,20.00,0,0
2026-08-05 16:06:24,31.00,51.08,25.00,20.00,0,0
2026-08-05 16:06:25,31.00,51.08,25.00,20.00,0,0
2026-08-05 16:06:26,31.00,51.08,25.00,20.00,0,0
2026-08-05 16:06:27,31.00,51.08,25.00,20.00,0,0
2026-08-05 16:06:28,31.00,51.08,25.00,20.00,0,0
2026-08-05 16:06:29,31.00,51.08,25.00,20.00,0,0
2026-08-05 16:06:30,31.00,51.08,25.00,20.00,0,0
2026-08-05 16:06:31,31.00,51.08,25.00,20.00,0,0
2026-08-05 16:06:32,31.00,51.08,25.00,20.00,0,0
2026-08-05 16:06:33,31.00,51.08,25.00,20.00,0,0
2026-08-05 16:06:34,31.00,51.08,25.00,20.00,0,0
2026-08-05 16:06:35,31.00,51.08,25.00,20.00,0,0
2026-08-05 16:06:36,31.00,51.08,25.00,20.00,0,0
2026-08-05 16:06:37,31.00,51.08,25.00,20.00,0,0
2026-08-05 16:06:38,31.00,51.08,25.00,20.00,0,0
2026-08-05 16:06:39,31.00,51.08,25.00,20.00,0,0
2026-08-05 16:06:40,31.00,51.05,25.00,20.00,0,0
2026-08-05 16:06:41,31.00,51.05,25.00,20.00,0,0
2026-08-05 16:06:42,31.00,51.08,25.00,20.00,0,0
2026-08-05 16:06:43,31.00,51.05,25.00,20.00,0,0
2026-08-05 16:06:44,31.00,51.05,25.00,20.00,0,0
2026-08-05 16:06:45,31.00,51.08,25.00,20.00,0,0
2026-08-05 16:06:46,31.00,51.05,25.00,20.00,0,0
2026-08-05 16:06:47,31.00,51.05,25.00,20.00,0,0
2026-08-05 16:06:48,31.00,51.05,25.00,20.00,0,0
2026-08-05 16:06:49,31.00,51.05,25.00,20.00,0,0
2026-08-05 16:06:50,31.00,51.05,25.00,20.00,0,0
2026-08-05 16:06:51,31.00,51.05,25.00,20.00,0,0
2026-08-05 16:06:52,31.00,51.05,25.00,20.00,0,0
2026-08-05 16:06:53,31.00,51.05,25.00,20.00,0,0
2026-08-05 16:06:54,31.00,51.05,25.00,20.00,0,0
2026-08-05 16:06:55,31.00,51.05,25.00,20.00,0,0
2026-08-05 16:06:56,31.00,51.05,25.00,20.00,0,0
2026-08-05 16:06:57,31.00,51.05,25.00,20.00,0,0
2026-08-05 16:06:58,31.00,51.05,25.00,20.00,0,0
2026-08-05 16:06:59,31.00,51.05,25.00,20.00,0,0
2026-08-05 16:07:00,31.00,51.05,25.00,20.00,0,0
2026-08-05 16:07:01,31.00,51.05,25.00,20.00,0,0
2026-08-05 16:07:02,31.00,51.05,25.00,20.00,0,0
2026-08-05 16:07:03,31.00,51.05,25.00,20.00,0,0
2026-08-05 16:07:04,31.00,51.05,25.00,20.00,0,0
2026-08-05 16:07:05,30.99,51.05,25.00,20.00,0,0
2026-08-05 16:07:06,30.99,51.05,25.00,20.00,0,0
2026-08-05 16:07:07,30.99,51.05,25.00,20.00,0,0
2026-08-05 16:07:08,30.99,51.05,25.00,20.00,0,0
2026-08-05 16:07:09,31.00,51.05,25.00,20.00,0,0
2026-08-05 16:07:10,30.99,51.05,25.00,20.00,0,0
2026-08-05 16:07:11,30.99,51.05,25.00,20.00,0,0
2026-08-05 16:07:12,30.99,51.05,25.00,20.00,0,0
2026-08-05 16:07:13,30.99,51.05,25.00,20.00,0,0
2026-08-05 16:07:14,30.99,51.05,25.00,20.00,0,0
2026-08-05 16:07:15,30.99,51.05,25.00,20.00,0,0
2026-08-05 16:07:16,30.99,51.05,25.00,20.00,0,0
2026-08-05 16:07:17,30.99,51.05,25.00,20.00,0,0
2026-08-05 16:07:18,31.00,51.05,25.00,20.00,0,0
2026-08-05 16:07:19,30.99,51.05,25.00,20.00,0,0
2026-08-05 16:07:20,30.99,51.05,25.00,20.00,0,0
2026-08-05 16:07:21,30.99,51.05,25.00,20.00,0,0
2026-08-05 16:07:22,30.99,51.05,25.00,20.00,0,0
2026-08-05 16:07:23,30.99,51.05,25.00,20.00,0,0
2026-08-05 16:07:24,30.99,51.05,25.00,20.00,0,0
2026-08-05 16:07:25,31.00,51.05,25.00,20.00,0,0
2026-08-05 16:07:26,30.99,51.05,25.00,20.00,0,0
2026-08-05 16:07:27,30.99,51.05,25.00,20.00,0,0
2026-08-05 16:07:28,30.99,51.05,25.00,20.00,0,0
2026-08-05 16:07:29,30.99,51.05,25.00,20.00,0,0
2026-08-05 16:07:30,30.99,51.05,25.00,20.00,0,0
